﻿<xml><article id="27705746" name="REL 466 2022 SERAR 1" idOficio="7355325" pubName="DO1" artType="Despacho" pubDate="25/08/2022" artClass="00023:00030:00045:00006:00000:00000:00000:00000:00000:00000:00024:00001" artCategory="Ministério de Minas e Energia/Agência Nacional de Mineração/Superintendência de Arrecadação e Fiscalização de Receitas/Serviço Regional de Arrecadação 1 (MG)" artSize="12" artNotes="" numberPage="260" pdfPage="http://pesquisa.in.gov.br/imprensa/jsp/visualiza/index.jsp?data=25/08/2022&amp;jornal=515&amp;pagina=260" editionNumber="162" highlightType="" highlightPriority="" highlight="" highlightimage="" highlightimagename="" idMateria="14836266">
  <body>
    <Identifica><![CDATA[ DESPACHO  ]]></Identifica>
    <Data><![CDATA[]]></Data>
    <Ementa />
    <Titulo />
    <SubTitulo />
    <Texto><![CDATA[<p class="identifica">DESPACHO</p><p>Relação nº 466/2022</p><p>Ficam NOTIFICADOS para pagar ou parcelar débito(MULTAS)/prazo 10(dez) dias (6.62)</p><p>Age Mineração Importação e Exportação Ltda me - 831713/14 - Not.330/2022 - R$ 631,42</p><p>Cristal Mineração e Transporte de Mercês Ltda - 830350/13 - Not.318/2022 - R$ 4.443,76</p><p>Edinalvo Holz - 830593/14 - Not.327/2022 - R$ 1.772,79, 830625/14 - Not.328/2022 - R$ 4.133,30</p><p>Francisley Batista de Andrade - 830956/16 - Not.323/2022 - R$ 4.635,84</p><p>Geraldo Gomes Mourão me - 830611/14 - Not.325/2022 - R$ 4.635,84</p><p>Granita Mineracao de Granito Ltda - 832451/86 - Not.335/2022 - R$ 4.246,19, 832451/86 - Not.336/2022 - R$ 4.246,19, 832451/86 - Not.337/2022 - R$ 4.393,73</p><p>Ilis Mineração Ltda - 832324/12 - Not.333/2022 - R$ 4.170,27</p><p>jb Areia Ltda - 830973/18 - Not.316/2022 - R$ 4.009,83</p><p>Libra Mineracao Ltda - 830640/13 - Not.326/2022 - R$ 4.607,98</p><p>Marcelo Francisco de Souza - 831099/15 - Not.331/2022 - R$ 520,03</p><p>Marcos Soares Rezende - 832430/14 - Not.309/2022 - R$ 4.342,68, 832430/14 - Not.312/2022 - R$ 8.712,07</p><p>Mineracao Morro Redondo Ltda - 830809/91 - Not.329/2022 - R$ 9.063,75</p><p>New Stones Mineração Ltda me - 831777/16 - Not.334/2022 - R$ 2.319,78</p><p>Pageomin - Projetos de Geologia e Mineracao Eireli - 831753/01 - Not.321/2022 - R$ 9.052,71</p><p>Stone Mineração Ltda - 896039/95 - Not.324/2022 - R$ 4.646,86</p><p>Sul Mineira Comercio e Extração Mineral Ltda - 831392/14 - Not.332/2022 - R$ 4.302,40</p><p>Transporte Fluvial Moura Ltda Epp - 830239/14 - Not.315/2022 - R$ 4.641,53</p><p class="assina">HUDSON CARLOS LOPES DA COSTA</p><p class="cargo">Chefe de Serviço</p>]]></Texto>
  </body>
  <Midias />
</article></xml>