﻿<xml><article id="27710102" name="2022-08-24/7356024/ANMWS_1483731" idOficio="7356024" pubName="DO1" artType="Retificação" pubDate="25/08/2022" artClass="00023:00030:00050:00000:00000:00000:00000:00000:00000:00000:00024:00015" artCategory="Ministério de Minas e Energia/Agência Nacional de Mineração/Superintendência de Outorga de Títulos Minerários" artSize="12" artNotes="" numberPage="261" pdfPage="http://pesquisa.in.gov.br/imprensa/jsp/visualiza/index.jsp?data=25/08/2022&amp;jornal=515&amp;pagina=261" editionNumber="162" highlightType="" highlightPriority="" highlight="" highlightimage="" highlightimagename="" idMateria="14837314">
  <body>
    <Identifica><![CDATA[ DESPACHO  ]]></Identifica>
    <Data><![CDATA[]]></Data>
    <Ementa />
    <Titulo />
    <SubTitulo />
    <Texto><![CDATA[<p class="identifica">DESPACHO</p><p>Relação nº 142/2022</p><p>Fase de Concessão de Lavra</p><p>Despacho de retificação da Portaria de Lavra(1985)</p><p>870.246/1988-MINERAÇÃO SÃO VICENTE LTDA-PORTARIA N° 129 Publicado DOU de 24/05/2006, Seção 01, página 69- Onde lê: "...no Município de Itapebi, Estado da Bahia..."; leia-se: "...no Município de Itagimirim, Estado da Bahia...</p><p class="assina">MOACYR CARVALHO DE ANDRADE NETO</p><p class="cargo">Superintendente</p>]]></Texto>
  </body>
  <Midias />
</article></xml>