﻿<xml><article id="27701468" name="ADE6MONTESCLAROS68" idOficio="7354532" pubName="DO1" artType="Ato Declaratório" pubDate="25/08/2022" artClass="00015:00045:00432:00098:00010:00000:00000:00000:00000:00000:00007:00001" artCategory="Ministério da Economia/Secretaria Especial da Receita Federal do Brasil/Subsecretaria-Geral da Receita Federal do Brasil/Superintendência Regional da 6ª Região Fiscal/Delegacia da Receita Federal do Brasil em Montes Claros" artSize="12" artNotes="" numberPage="210" pdfPage="http://pesquisa.in.gov.br/imprensa/jsp/visualiza/index.jsp?data=25/08/2022&amp;jornal=515&amp;pagina=210" editionNumber="162" highlightType="" highlightPriority="" highlight="" highlightimage="" highlightimagename="" idMateria="14835017">
  <body>
    <Identifica><![CDATA[ ATO DECLARATÓRIO EXECUTIVO DRF/MCR/MG Nº 68, DE 23 DE AGOSTO DE 2022]]></Identifica>
    <Data><![CDATA[]]></Data>
    <Ementa><![CDATA[ Declara, a pessoa jurídica que menciona, Habilitada para operar no Regime Especial de Incentivos para o Desenvolvimento da Infraestrutura - REIDI, de que trata a Instrução Normativa RFB nº 1911 de 11/10/2019.]]></Ementa>
    <Titulo />
    <SubTitulo />
    <Texto><![CDATA[<p class="identifica">ATO DECLARATÓRIO EXECUTIVO DRF/MCR/MG Nº 68, DE 23 DE AGOSTO DE 2022</p><p class="ementa">Declara, a pessoa jurídica que menciona, Habilitada para operar no Regime Especial de Incentivos para o Desenvolvimento da Infraestrutura - REIDI, de que trata a Instrução Normativa RFB nº 1911 de 11/10/2019.</p><p>A AUDITORA FISCAL DA RECEITA FEDERAL DO BRASIL LOTADA NA DELEGACIA DA RECEITA FEDERAL DO BRASIL EM MONTES CLAROS-MG no uso de suas atribuições que lhe são conferidas pelo artigo art. 1º e Anexo I da Portaria SRRF06 n°334 de 28/07/2020 e no art. 303 do Regimento Interno da Secretaria Especial da Receita Federal do Brasil aprovado pela Portaria ME nº 284 de 27/07/ 2020 publicada no DOU- 30/07/ 2020, e Portaria RFB n°114 de 27/01/2022 nos art, 2° e 4° e tendo em vista o disposto nos arts.586°/587° da IN RFB nº1.911/2019-DOU de 15/10/2019 e, considerando o que consta do processo no processo n° 13031.148625/2022-50, DECLARA:</p><p>Art. 1°. HABILITADA a pessoa jurídica JAIBA C ENERGIAS RENOVAVEIS S A, inscrita no CNPJ n° 37.995.372/0001-05 para operar no Regime Especial de Incentivos para o Desenvolvimento da Infraestrutura (REIDI), instituído pela Lei nº 11.488/ 2007 e regulamentado pelo Decreto nº 6.144/ 2007, consoante o disposto no art. 587, da Instrução Normativa RFB nº 1.911/2019 .</p><p>A Habilitação aqui concedida fica vinculada ao projeto aprovado pela Portaria nº670 da SPE/MME, de 27/05/2021-DOU de 28/05/2021 e seus anexos de geração de energia elétrica da Central Geradora Fotovoltaica Jaíba C - CEG: UFV.RS.MG.043150-8.01, Resolução Autorizativa ANEEL nº 8.584, de 18 /02/ 2020, de titularidade da Interessada.</p><p /><p></p><table><tr /><tr><td rowspan="1" colspan="1"><p>NOME DA PESSOA JURIDICA</p></td><td rowspan="1" colspan="1"><p>JAIBA C ENERGIAS RENOVAVEIS S A</p></td></tr><tr><td rowspan="1" colspan="1"><p>N° DE INSCRIÇÃO NO CNPJ</p></td><td rowspan="1" colspan="1"><p>37.995.372/0001-05</p></td></tr><tr><td rowspan="1" colspan="1"><p>NOME DO PROJETO</p></td><td rowspan="1" colspan="1"><p>UFV Jaíba C</p></td></tr><tr><td rowspan="1" colspan="1"><p>N° DA PORTARIA DE APROVAÇÃO DO PROJETO</p></td><td rowspan="1" colspan="1"><p>PortariA nº 670 da SPE/MME, de 7/05/2021-DOU de 28/05/2021</p></td></tr><tr><td rowspan="1" colspan="1"><p>SETOR DE INFRAESTRUTURA FAVORECIDO</p></td><td rowspan="1" colspan="1"><p>ENERGIA</p></td></tr><tr><td rowspan="1" colspan="1"><p>PRAZO DA OBRA PORTARIA MME</p></td><td rowspan="1" colspan="1"><p>De 07/01/2023 a 31/12/2023</p></td></tr></table><p>Art. 2°. A suspensão do PIS/PASEP e da COFINS pode ser usufruída no período de 5 (cinco) anos, contados da data da publicação deste Ato, ressalvado o disposto no art. 3°. A presente habilitação poderá ser cancelada "ex officio" pela Autoridade Fiscal em caso de inobservância, por parte da beneficiária, de quaisquer dos requisitos que condicionaram a concessão do regime (Decreto nº 6.144, de 2007, art. 10, inciso II).</p><p>Art. 3°. Concluída a execução do projeto, deverá ser solicitado, no prazo de trinta dias, o cancelamento da respectiva habilitação.</p><p>Art. 4°. A ausência da solicitação de que trata o art. 3° sujeita a pessoa jurídica à multa, nos termos da legislação aplicável.</p><p>Art. 5º Este Ato Declaratório Executivo entra em vigor na data de sua publicação no Diário Oficial da União.</p><p class="assina">ANA CRISTINA ANASTASIA MACHADO</p>]]></Texto>
  </body>
  <Midias />
</article></xml>