﻿<xml><article id="27705749" name="REL 480 2022 SERAR 1" idOficio="7355325" pubName="DO1" artType="Despacho" pubDate="25/08/2022" artClass="00023:00030:00045:00006:00000:00000:00000:00000:00000:00000:00024:00002" artCategory="Ministério de Minas e Energia/Agência Nacional de Mineração/Superintendência de Arrecadação e Fiscalização de Receitas/Serviço Regional de Arrecadação 1 (MG)" artSize="12" artNotes="" numberPage="260" pdfPage="http://pesquisa.in.gov.br/imprensa/jsp/visualiza/index.jsp?data=25/08/2022&amp;jornal=515&amp;pagina=260" editionNumber="162" highlightType="" highlightPriority="" highlight="" highlightimage="" highlightimagename="" idMateria="14836272">
  <body>
    <Identifica><![CDATA[ DESPACHO  ]]></Identifica>
    <Data><![CDATA[]]></Data>
    <Ementa />
    <Titulo />
    <SubTitulo />
    <Texto><![CDATA[<p></p><p class="identifica">DESPACHO</p><p>Relação nº 480/2022</p><p>Ficam NOTIFICADOS para pagar ou parcelar débito(MULTAS)/prazo 10(dez) dias (6.62)</p><p>Agnaldo Pereira Neves - 830034/18 - Not.345/2022 - R$ 4.635,84, 830035/18 - Not.347/2022 - R$ 4.635,84</p><p>Areal Biela Vista Ltda - 830895/18 - Not.352/2022 - R$ 4.623,04</p><p>Clarice do Prado - 831858/18 - Not.353/2022 - R$ 4.526,35</p><p>Jadir Rozeno da Silva me - 830412/18 - Not.349/2022 - R$ 4.656,45</p><p>Japh Comércio e Extração de Saibro Ltda - 830140/18 - Not.348/2022 - R$ 4.500,40</p><p>mj Granitos Eireli - 830680/17 - Not.343/2022 - R$ 4.656,45</p><p>Moises Sales de Freitas - 830011/17 - Not.341/2022 - R$ 4.623,04</p><p>Vale S.A. - 931344/05 - Not.350/2022 - R$ 4.499,10</p><p class="assina">HUDSON CARLOS LOPES DA COSTA</p><p class="cargo">Chefe de Serviço</p>]]></Texto>
  </body>
  <Midias />
</article></xml>