﻿<xml><article id="27710063" name="2022-08-24/7356019/ANMWS_1483730" idOficio="7356019" pubName="DO1" artType="Despacho" pubDate="25/08/2022" artClass="00023:00030:00050:00000:00000:00000:00000:00000:00000:00000:00024:00010" artCategory="Ministério de Minas e Energia/Agência Nacional de Mineração/Superintendência de Outorga de Títulos Minerários" artSize="12" artNotes="" numberPage="260" pdfPage="http://pesquisa.in.gov.br/imprensa/jsp/visualiza/index.jsp?data=25/08/2022&amp;jornal=515&amp;pagina=260" editionNumber="162" highlightType="" highlightPriority="" highlight="" highlightimage="" highlightimagename="" idMateria="14837309">
  <body>
    <Identifica><![CDATA[ DESPACHO  ]]></Identifica>
    <Data><![CDATA[]]></Data>
    <Ementa />
    <Titulo />
    <SubTitulo />
    <Texto><![CDATA[<p class="identifica">DESPACHO</p><p>Relação nº 43/2022</p><p>Fase de Requerimento de Pesquisa</p><p>O SUPERINTENDENTE DE OUTORGA DE TÍTULOS MINERÁRIOS DA AGÊNCIA NACIONAL DE MINERAÇÃO, no uso das atribuições regimentais dispostas no art. 93 da Resolução nº 102, de 13 de abril de 2022, e com fundamento no art. 15, do Decreto-lei n° 227, de 28 de fevereiro de 1967, (Código de Mineração), e no art. 2°, inciso XVII da Lei 13.575/2017, outorga os seguintes Alvarás de Pesquisa, prazo 2 anos, vigência a partir dessa publicação:(322)</p><p>6644/2022-820.001/2022-SJS MINERAÇÃO LTDA. EPP-</p><p>6649/2022-820.184/2022-EXTRACAO DE AREIA CARREIRA LTDA-</p><p>6645/2022-820.008/2022-EXTRAÇÃO DE AREIA E TRANSPORTES ARESTAL LTDA-</p><p>6647/2022-820.179/2022-JOSIAS PEDROSA DE CAMPOS-</p><p>6646/2022-820.075/2022-O T G MINERADORA LTDA-</p><p>6648/2022-820.182/2022-NJ CAETANO EMPREENDIMENTOS IMOBILIARIOS LTDA-</p><p>O SUPERINTENDENTE DE OUTORGA DE TÍTULOS MINERÁRIOS DA AGÊNCIA NACIONAL DE MINERAÇÃO, no uso das atribuições regimentais dispostas no art. 93 da Resolução nº 102, de 13 de abril de 2022, e com fundamento no art. 15, do Decreto-lei n° 227, de 28 de fevereiro de 1967, (Código de Mineração), e no art. 2°, inciso XVII da Lei 13.575/2017, outorga os seguintes Alvarás de Pesquisa, prazo 3 anos, vigência a partir dessa publicação:(323)</p><p>6650/2022-820.164/2022-LUIS FERNANDO NICOLOSI BRAVIN-</p><p>6658/2022-820.180/2022-FERNANDO KAFEJIAN-</p><p>6651/2022-820.165/2022-J.C.B.M. AREIA EIRELI-</p><p>6652/2022-820.167/2022-EXTRATORA DE MINERIOS SÃO JOAO NOVO LTDA-</p><p>6654/2022-820.171/2022-SERGIO HENRIQUE MUSCHIONI-</p><p>6655/2022-820.172/2022-EMPRESA DE AGUAS MINERAIS PASSA TRES LTDA-</p><p>6653/2022-820.169/2022-FERNANDO KAFEJIAN-</p><p>6656/2022-820.175/2022-FERNANDO KAFEJIAN-</p><p>6657/2022-820.176/2022-PAULO MAURICIO PRESTES-</p><p>6660/2022-820.194/2022-CONSTRUTORA TRIUNFO SA-</p><p>6661/2022-820.195/2022-WALDIR BEIRA JÚNIOR-</p><p>6659/2022-820.192/2022-EXTRATORA DE MINERIOS SÃO JOAO NOVO LTDA-</p><p class="assina">MOACYR CARVALHO DE ANDRADE NETO</p><p></p>]]></Texto>
  </body>
  <Midias />
</article></xml>