﻿<xml><article id="27704444" name="Ana ato 25.08.2022" idOficio="7355092" pubName="DO1" artType="Ato" pubDate="25/08/2022" artClass="00020:00032:00005:00003:00001:00000:00000:00000:00000:00000:00006:00003" artCategory="Ministério da Justiça e Segurança Pública/Secretaria Nacional de Justiça/Departamento de Migrações/Coordenação-Geral de Política Migratória/Coordenação de Processos Migratórios" artSize="12" artNotes="" numberPage="252" pdfPage="http://pesquisa.in.gov.br/imprensa/jsp/visualiza/index.jsp?data=25/08/2022&amp;jornal=515&amp;pagina=252" editionNumber="162" highlightType="" highlightPriority="" highlight="" highlightimage="" highlightimagename="" idMateria="14835799">
  <body>
    <Identifica><![CDATA[ Despachos ]]></Identifica>
    <Data><![CDATA[]]></Data>
    <Ementa />
    <Titulo />
    <SubTitulo />
    <Texto><![CDATA[<p></p><p class="identifica">Despachos</p><p>DESPACHO Nº 168/2022/CPMIG/CGPMIG/DEMIG/SENAJUS</p><p>Assunto: INDEFERIMENTO DE PEDIDO DE REVOGAÇÃO DE EXPULSÃO</p><p>Interessado: ALEJANDRO DIEGO CERBONI</p><p>Processo nº MJ-08000.006377/2002-54</p><p>A Coordenadora de Processos Migratórios, no uso das atribuições que lhe foram conferidas pela Portaria SENAJUS nº 432, de 17 de junho de 2019, publicada no Diário Oficial da União do dia 21 subsequente, mantém, pelos seus próprios fundamentos, a decisão administrativa ora impugnada e, portanto, INDEFERE o pedido de reconsideração, por falta de amparo legal.</p><p>DESPACHO Nº 169/2022/CPMIG/CGPMIG/DEMIG/SENAJUS</p><p>Assunto: INDEFERIMENTO DE PEDIDO DE REVOGAÇÃO DE EXPULSÃO</p><p>Interessado: BRIGHT OGBONNAYA UGWU</p><p>Processo nº 08505.032351/2017-67</p><p>A Coordenadora de Processos Migratórios, no uso das atribuições que lhe foram conferidas pela Portaria SENAJUS nº 432, de 17 de junho de 2019, publicada no Diário Oficial da União, de 21 de junho de 2019, mantém, pelos seus próprios fundamentos, a decisão administrativa ora impugnada e, portanto, INDEFERE o pedido de reconsideração, tendo em vista que não restou comprovado o amparo previsto no art. 193, inciso II, alínea "a", do Decreto 9.199/17.</p><p>DESPACHO Nº 170/2022/CPMIG/CGPMIG/DEMIG/SENAJUS</p><p>Assunto: INDEFERIMENTO DE PEDIDO DE REVOGAÇÃO DE EXPULSÃO</p><p>Interessado: MICAH BENSON EZEMBA</p><p>Processo nº MJ-08000.011868/2010-27</p><p>A Coordenadora de Processos Migratórios, no uso das atribuições que lhe foram conferidas pela Portaria SENAJUS nº 432, de 17 de junho de 2019, publicada no Diário Oficial da União do dia 21 subsequente, mantém, pelos seus próprios fundamentos, a decisão administrativa ora impugnada e, portanto, INDEFERE o pedido de reconsideração, por falta de amparo legal.</p><p>DESPACHO Nº 171/2022/CPMIG/CGPMIG/DEMIG/SENAJUS</p><p>Assunto: INDEFERIMENTO DE PEDIDO DE REVOGAÇÃO DE EXPULSÃO</p><p>Interessado: PRINCE MURPHY UBAH</p><p>Processo nº MJ-08704.011813/2014-13</p><p>A Coordenadora de Processos Migratórios, no uso das atribuições que lhe foram conferidas pela Portaria SENAJUS nº 432, de 17 de junho de 2019, publicada no Diário Oficial da União do dia 21 subsequente, mantém, pelos seus próprios fundamentos, a decisão administrativa ora impugnada e, portanto, INDEFERE o pedido de reconsideração, por falta de amparo legal.</p><p class="assina">ANA CLARA FORMIGA FERREIRA DO CARMO</p><p></p>]]></Texto>
  </body>
  <Midias />
</article></xml>