﻿<xml><article id="27701420" name="ADE9JOINVILLE12" idOficio="7354532" pubName="DO1" artType="Ato Declaratório" pubDate="25/08/2022" artClass="00015:00045:00432:00101:00010:00000:00000:00000:00000:00000:00007:00000" artCategory="Ministério da Economia/Secretaria Especial da Receita Federal do Brasil/Subsecretaria-Geral da Receita Federal do Brasil/Superintendência Regional da 9ª Região Fiscal/Delegacia da Receita Federal do Brasil em Joinville" artSize="12" artNotes="" numberPage="213" pdfPage="http://pesquisa.in.gov.br/imprensa/jsp/visualiza/index.jsp?data=25/08/2022&amp;jornal=515&amp;pagina=213" editionNumber="162" highlightType="" highlightPriority="" highlight="" highlightimage="" highlightimagename="" idMateria="14835025">
  <body>
    <Identifica><![CDATA[ ATO DECLARATÓRIO EXECUTIVO DRF/JOI Nº 12, DE 22 DE AGOSTO DE 2022]]></Identifica>
    <Data><![CDATA[]]></Data>
    <Ementa><![CDATA[ Autoriza o fornecimento de selos de controle de bebidas para importação.]]></Ementa>
    <Titulo />
    <SubTitulo />
    <Texto><![CDATA[<p class="identifica">ATO DECLARATÓRIO EXECUTIVO DRF/JOI Nº 12, DE 22 DE AGOSTO DE 2022</p><p class="ementa">Autoriza o fornecimento de selos de controle de bebidas para importação.</p><p>O DELEGADO DA RECEITA FEDERAL DO BRASIL EM JOINVILLE/SC, no uso da atribuição que lhe são conferidas pelo artigo 190, pelo inciso II do § 1º do artigo 299, combinados com o inciso III do artigo 360 e artigo 364 inciso VI, todos do Anexo I do Regimento Interno da Secretaria Especial da Receita Federal do Brasil do Ministério da Economia, aprovado pela Portaria ME nº 284, de 27 de julho de 2020, publicada no Diário Oficial da União em 27 de julho de 2020, e tendo em vista o estabelecido nos artigos 1º a 3º e 49 a 51 da Instrução Normativa RFB nº 1432, de 26 de dezembro de 2013, e ainda, considerando o pedido formulado nos autos do processo 10920-729.508/2022-89, UK 08/22 SC, pela Empresa ASCENSUS TRADING &amp; LOGISTICA LTDA., CNPJ nº 07.635.245/0001-34, portadora do Registo Especial de Importador Especial de Importador de Bebidas Alcoólicas de nº 09202/029, formulado nos autos do processo nº 10920.721615/2013-78, situada na Rua Dona Francisca, nº 6.750, Zona Industrial Norte, em Joinville/SC, CEP 89219-530, declara:</p><p>Art. 1º Autorizado o fornecimento de 9.538.317 (nove milhões, quinhentos e trinta e oito mil, trezentos e dezessete) selos de controle, Código 9829-14 Tipo UISQUE, Cor AMARELA, para produto estrangeiro a ser selado no exterior, nas especificações e quantidades abaixo identificadas, a saber:</p><p /><p></p><table><tr /><tr><td rowspan="1" colspan="1"><p>Unidade</p></td><td rowspan="1" colspan="1"><p>Caixa</p></td><td rowspan="1" colspan="1"><p>Marca Comercial</p></td><td rowspan="1" colspan="1"><p>Característica do Produto</p></td></tr><tr><td rowspan="1" colspan="1"><p>84.528</p></td><td rowspan="1" colspan="1"><p>7.044</p></td><td rowspan="1" colspan="1"><p>Johnie Walker Red Label</p></td><td rowspan="1" colspan="1"><p>Uisque escocês, em caixas de 12 garrafas de 1.000 ml, 40 GL, idade até 8 anos.</p></td></tr><tr><td rowspan="1" colspan="1"><p>437.784</p></td><td rowspan="1" colspan="1"><p>36.482</p></td><td rowspan="1" colspan="1"><p>Johnnie Walker Black Label</p></td><td rowspan="1" colspan="1"><p>Uisque escocês, em caixas de 12 garrafas de 1.000 ml, 40 GL, idade acima de 12 anos.</p></td></tr><tr><td rowspan="1" colspan="1"><p>3.624.689</p></td><td rowspan="1" colspan="1"><p>302.057</p></td><td rowspan="1" colspan="1"><p>White Horse</p></td><td rowspan="1" colspan="1"><p>Uisque escocês, em caixas de 12 garrafas de 1.000 ml, 40 GL, idade até 8 anos.</p></td></tr><tr><td rowspan="1" colspan="1"><p>1.358.179</p></td><td rowspan="1" colspan="1"><p>113.182</p></td><td rowspan="1" colspan="1"><p>Grand Old Parr</p></td><td rowspan="1" colspan="1"><p>Uisque escocês, em caixas de 12 garrafas de 1.000 ml, 40 GL, idade até 8 anos.</p></td></tr><tr><td rowspan="1" colspan="1"><p>1.749.470</p></td><td rowspan="1" colspan="1"><p>145.789</p></td><td rowspan="1" colspan="1"><p>Black &amp; White</p></td><td rowspan="1" colspan="1"><p>Uisque escocês, em caixas de 12 garrafas de 1.000 ml, 40 GL, idade acima de 12 anos.</p></td></tr><tr><td rowspan="1" colspan="1"><p>222.588</p></td><td rowspan="1" colspan="1"><p>18.549</p></td><td rowspan="1" colspan="1"><p>Buchanan's</p></td><td rowspan="1" colspan="1"><p>Uisque escocês, em caixas de 12 garrafas de 1.000 ml, 40 GL, idade até 12 anos.</p></td></tr><tr><td rowspan="1" colspan="1"><p>196.694</p></td><td rowspan="1" colspan="1"><p>32.782</p></td><td rowspan="1" colspan="1"><p>Johnnie Walker Gold Reserve</p></td><td rowspan="1" colspan="1"><p>Uisque escocês, em caixas de 6 garrafas de 750 ml, 40 GL, idade acima de 12 anos.</p></td></tr><tr><td rowspan="1" colspan="1"><p>104.208</p></td><td rowspan="1" colspan="1"><p>8.684</p></td><td rowspan="1" colspan="1"><p>Johnnie Walker Double Black Label</p></td><td rowspan="1" colspan="1"><p>Uisque escocês, em caixas de 12 garrafas de 1.000 ml, 40 GL, idade acima de 12 anos.</p></td></tr><tr><td rowspan="1" colspan="1"><p>7.236</p></td><td rowspan="1" colspan="1"><p>1.206</p></td><td rowspan="1" colspan="1"><p>Johnnie Walker Red Label</p></td><td rowspan="1" colspan="1"><p>Uisque escocês, em caixas de 6 garrafas de 1.750 ml, 40 GL, idade até 8 anos.</p></td></tr><tr><td rowspan="1" colspan="1"><p>7.236</p></td><td rowspan="1" colspan="1"><p>1.206</p></td><td rowspan="1" colspan="1"><p>Johnnie Walker Blue Label</p></td><td rowspan="1" colspan="1"><p>Uisque escocês, em caixas de 6 garrafas de 750 ml, 40 GL, idade acima de 12 anos</p></td></tr><tr><td rowspan="1" colspan="1"><p>7.660</p></td><td rowspan="1" colspan="1"><p>1.277</p></td><td rowspan="1" colspan="1"><p>Johnnie Walker Green Label</p></td><td rowspan="1" colspan="1"><p>Uisque escocês, em caixas de 6 garrafas de 750 ml, 40 GL, idade até 18 anos.</p></td></tr><tr><td rowspan="1" colspan="1"><p>14.472</p></td><td rowspan="1" colspan="1"><p>1.206</p></td><td rowspan="1" colspan="1"><p>Logan</p></td><td rowspan="1" colspan="1"><p>Uisque escocês, em caixas de 12 garrafas de 700 ml, 40 GL, idade até 8 anos.</p></td></tr><tr><td rowspan="1" colspan="1"><p>14.472</p></td><td rowspan="1" colspan="1"><p>1.206</p></td><td rowspan="1" colspan="1"><p>J&amp;B Rare</p></td><td rowspan="1" colspan="1"><p>Uisque escocês, em caixas de 12 garrafas de 1.000 ml, 40 GL, idade até 8 anos.</p></td></tr><tr><td rowspan="1" colspan="1"><p>121.212</p></td><td rowspan="1" colspan="1"><p>10.101</p></td><td rowspan="1" colspan="1"><p>Bell's</p></td><td rowspan="1" colspan="1"><p>Uisque escocês, em caixas de 12 garrafas de 700 ml, 40 GL, idade até 8 anos.</p></td></tr><tr><td rowspan="1" colspan="1"><p>14.472</p></td><td rowspan="1" colspan="1"><p>1.206</p></td><td rowspan="1" colspan="1"><p>Black &amp; White</p></td><td rowspan="1" colspan="1"><p>Uisque escocês, em caixas de 12 garrafas de 700 ml, 40 GL, idade acima de 12 anos.</p></td></tr><tr><td rowspan="1" colspan="1"><p>14.472</p></td><td rowspan="1" colspan="1"><p>1.206</p></td><td rowspan="1" colspan="1"><p>Johnnie Walker Red Label</p></td><td rowspan="1" colspan="1"><p>Uisque escocês, em caixas de 12 garrafas de 750 ml, 40 GL, idade até 8 anos.</p></td></tr><tr><td rowspan="1" colspan="1"><p>139.051</p></td><td rowspan="1" colspan="1"><p>11.588</p></td><td rowspan="1" colspan="1"><p>Johnnie Walker Black Label</p></td><td rowspan="1" colspan="1"><p>Uisque escocês, em caixas de 12 garrafas de 750 ml, 40 GL, idade até 12 anos.</p></td></tr><tr><td rowspan="1" colspan="1"><p>243.420</p></td><td rowspan="1" colspan="1"><p>20.285</p></td><td rowspan="1" colspan="1"><p>Grand Old Parr</p></td><td rowspan="1" colspan="1"><p>Uisque escocês, em caixas de 12 garrafas de 750 ml, 40 GL, idade até 12 anos.</p></td></tr><tr><td rowspan="1" colspan="1"><p>14.472</p></td><td rowspan="1" colspan="1"><p>1.206</p></td><td rowspan="1" colspan="1"><p>Johnnie Walker Red Label</p></td><td rowspan="1" colspan="1"><p>Uisque escocês, em caixas de 12 garrafas de 500 ml, 40 GL, idade até 8 anos.</p></td></tr><tr><td rowspan="1" colspan="1"><p>92.038</p></td><td rowspan="1" colspan="1"><p>7.670</p></td><td rowspan="1" colspan="1"><p>White Horse</p></td><td rowspan="1" colspan="1"><p>Uisque escocês, em caixas de 12 garrafas de 500 ml, 40 GL, idade até 8 anos.</p></td></tr><tr><td rowspan="1" colspan="1"><p>14.472</p></td><td rowspan="1" colspan="1"><p>1.206</p></td><td rowspan="1" colspan="1"><p>Cardhu</p></td><td rowspan="1" colspan="1"><p>Uisque escocês, single malt em caixas de 12 garrafas de 1.000 ml, 40 GL, idade entre 8 e 12 anos.</p></td></tr><tr><td rowspan="1" colspan="1"><p>70.286</p></td><td rowspan="1" colspan="1"><p>5.857</p></td><td rowspan="1" colspan="1"><p>The Singleton of Duffown</p></td><td rowspan="1" colspan="1"><p>Uisque escocês, em caixas de 12 garrafas de 700 ml, 40 GL, idade até 12 anos.</p></td></tr><tr><td rowspan="1" colspan="1"><p>7.236</p></td><td rowspan="1" colspan="1"><p>1.206</p></td><td rowspan="1" colspan="1"><p>Talisker</p></td><td rowspan="1" colspan="1"><p>Uisque escocês, em caixas de 6 garrafas de 750 ml, 45.8 GL, idade até 10 anos.</p></td></tr><tr><td rowspan="1" colspan="1"><p>7.236</p></td><td rowspan="1" colspan="1"><p>1.206</p></td><td rowspan="1" colspan="1"><p>Glenkinchie</p></td><td rowspan="1" colspan="1"><p>Uisque escocês, em caixas de 6 garrafas de 750 ml, 43 GL, idade até 12 anos.</p></td></tr><tr><td rowspan="1" colspan="1"><p>14.472</p></td><td rowspan="1" colspan="1"><p>1.206</p></td><td rowspan="1" colspan="1"><p>Johnie Walker Swing</p></td><td rowspan="1" colspan="1"><p>Uisque escocês, em caixas de 12 garrafas de 750 ml, 40 GL, idade acima de 12 anos.</p></td></tr><tr><td rowspan="1" colspan="1"><p>7.236</p></td><td rowspan="1" colspan="1"><p>1.206</p></td><td rowspan="1" colspan="1"><p>Dimple Golden Selection</p></td><td rowspan="1" colspan="1"><p>Uisque escocês, em caixas de 6 garrafas de 1.000 ml, 40 GL, idade acima de 12 anos.</p></td></tr><tr><td rowspan="1" colspan="1"><p>7.236</p></td><td rowspan="1" colspan="1"><p>1.206</p></td><td rowspan="1" colspan="1"><p>Johnnie Walker 18 Years</p></td><td rowspan="1" colspan="1"><p>Uisque escocês, em caixas de 6 garrafas de 750 ml, 40 GL, idade acima de 12 anos.</p></td></tr><tr><td rowspan="1" colspan="1"><p>3.618</p></td><td rowspan="1" colspan="1"><p>1.206</p></td><td rowspan="1" colspan="1"><p>Johnnie Walker Blue Label</p></td><td rowspan="1" colspan="1"><p>Uisque escocês, em caixas de 3 garrafas de 750 ml, 40 GL, idade acima de 12 anos.</p></td></tr><tr><td rowspan="1" colspan="1"><p>7.236</p></td><td rowspan="1" colspan="1"><p>1.206</p></td><td rowspan="1" colspan="1"><p>Buchanan's</p></td><td rowspan="1" colspan="1"><p>Uisque escocês, em caixas de 6 garrafas de 1.000 ml, 40 GL, idade 18 anos.</p></td></tr><tr><td rowspan="1" colspan="1"><p>14.472</p></td><td rowspan="1" colspan="1"><p>1.206</p></td><td rowspan="1" colspan="1"><p>Grand Old Parr</p></td><td rowspan="1" colspan="1"><p>Uisque escocês, em caixas de 12 garrafas de 750 ml, 40 GL, idade até 18 anos.</p></td></tr><tr><td rowspan="1" colspan="1"><p>14.472</p></td><td rowspan="1" colspan="1"><p>1.206</p></td><td rowspan="1" colspan="1"><p>Johnnie Walker Red Label</p></td><td rowspan="1" colspan="1"><p>Uisque escocês, em caixas de 12 garrafas de 700 ml, 40 GL, idade até 8 anos.</p></td></tr><tr><td rowspan="1" colspan="1"><p>277.284</p></td><td rowspan="1" colspan="1"><p>23.107</p></td><td rowspan="1" colspan="1"><p>White Horse</p></td><td rowspan="1" colspan="1"><p>Uisque escocês, em caixas de 12 garrafas de 700 ml, 40 GL, idade até 8 anos.</p></td></tr><tr><td rowspan="1" colspan="1"><p>7.236</p></td><td rowspan="1" colspan="1"><p>1.206</p></td><td rowspan="1" colspan="1"><p>Buchanan's</p></td><td rowspan="1" colspan="1"><p>Uisque escocês, em caixas de 6 garrafas de 1.000 ml, 40 GL, idade 18 anos.</p></td></tr><tr><td rowspan="1" colspan="1"><p>14.472</p></td><td rowspan="1" colspan="1"><p>1.206</p></td><td rowspan="1" colspan="1"><p>Johnnie Walker Black Label</p></td><td rowspan="1" colspan="1"><p>Uisque escocês, em caixas com 12 garrafas de 1.000ml, 40 GL, idade acima de 12 anos.</p></td></tr><tr><td rowspan="1" colspan="1"><p>603.000</p></td><td rowspan="1" colspan="1"><p>50.250</p></td><td rowspan="1" colspan="1"><p>Johnnie Wlalker Red Label</p></td><td rowspan="1" colspan="1"><p>Uisque escocês, em caixas com 12 garrafas de 700 ml, 40 GL, idade até 8 anos.</p></td></tr></table><p>Art. 2º Este Ato Declaratório Executivo entra em vigor na data de sua publicação no DOU.</p><p class="assina">LUIZ ANTÔNIO MIRANDA</p>]]></Texto>
  </body>
  <Midias />
</article></xml>