﻿<xml><article id="27711431" name="Resolucao n 787" idOficio="7356047" pubName="DO1" artType="Resolução" pubDate="25/08/2022" artClass="00047:00004:00005:00002:00000:00000:00000:00000:00000:00000:00064:00000" artCategory="Poder Judiciário/Superior Tribunal de Justiça/Conselho da Justiça Federal/Presidência" artSize="12" artNotes="" numberPage="294" pdfPage="http://pesquisa.in.gov.br/imprensa/jsp/visualiza/index.jsp?data=25/08/2022&amp;jornal=515&amp;pagina=294" editionNumber="162" highlightType="" highlightPriority="" highlight="" highlightimage="" highlightimagename="" idMateria="14837398">
  <body>
    <Identifica><![CDATA[ RESOLUÇÃO Nº 787 - CJF, DE 24 DE AGOSTO DE 2022]]></Identifica>
    <Data><![CDATA[]]></Data>
    <Ementa><![CDATA[ Altera a Resolução CJF n. 742, de 14 de dezembro de 2021. ]]></Ementa>
    <Titulo />
    <SubTitulo />
    <Texto><![CDATA[<p class="identifica">RESOLUÇÃO Nº 787 - CJF, DE 24 DE AGOSTO DE 2022</p><p class="ementa">Altera a Resolução CJF n. 742, de 14 de dezembro de 2021.</p><p>O PRESIDENTE DO CONSELHO DA JUSTIÇA FEDERAL, no uso das suas atribuições legais, e</p><p>CONSIDERANDO o disposto no art. 10 da Resolução CJF n. 742, de 14 de dezembro de 2021, no qual consta que o Tribunal Regional Federal da 6ª Região poderá, até dois anos após sua instalação, propor ao Conselho da Justiça Federal a modificação daquela Resolução;</p><p>CONSIDERANDO a necessidade de atender às exigências do Conselho Nacional de Justiça em relação à estrutura organizacional dos Tribunais;</p><p>CONSIDERANDO a necessidade de promover ajustes imediatos para viabilizar a efetiva implantação do Tribunal Regional Federal da 6ª Região e a otimização do uso dos recursos disponíveis;</p><p>CONSIDERANDO o que consta no Processo SEI/CJF n. 0003222-08.2021.4.90.8000, ad referendum, resolve:</p><p>Art. 1º Alterar os §§ 5º e 7º do art. 1º da Resolução CJF n. 742, de 14 de dezembro de 2021, para que passem a vigorar com a seguinte redação:</p><p>Art. 1º [...]</p><p>"§ 5º As unidades de Tecnologia da Informação, de Gestão de Pessoas, de Administração e Serviços, de Orçamento, Finanças e Contratações, todas subordinadas à Diretoria-Geral do Tribunal Regional Federal da 6ª Região, serão únicas e exercerão suas atribuições de forma compartilhada para atender o Tribunal e a Seção Judiciária de Minas Gerais." (NR)</p><p>[...]</p><p>"§ 7º O Presidente do Tribunal ou Diretor do Foro, no âmbito de suas atribuições, poderão, por ato próprio, organizar as unidades administrativas constantes dos anexos desta Resolução, criando subdivisões, desde que respeitados os organogramas aprovados pelo Conselho da Justiça Federal, o quantitativo de funções comissionadas e cargos em comissão relativos à titularidade das unidades administrativas constantes do organograma e o total de funções comissionadas e cargos em comissão distribuído ao 1º ou ao 2º graus." (NR)</p><p>[...]</p><p>Art. 2º Alterar os Anexos II e III da Resolução CJF n. 742/2021, para que passem a vigorar conforme Anexos I e II desta Resolução.</p><p>Art. 3º O novo organograma do Tribunal Regional Federal da 6ª Região (2º grau), previsto na Resolução CJF n. 742/2021, será publicado no portal do Conselho da Justiça Federal.</p><p>Art. 4º Eventuais transformações de funções comissionadas e de cargos em comissão do quadro de pessoal da 6ª Região, sem aumento de despesa, nos termos do parágrafo único do art. 24 da Lei n. 11.416, de 15 de dezembro de 2006, devem observar os limites financeiros decorrentes dos quantitativos de cargos previstos no Anexo I da Resolução CJF n. 742/2021.</p><p>Art. 5º Esta Resolução entra em vigor na data de sua publicação.</p><p class="assina">Min. HUMBERTO MARTINS</p><p></p><p>ANEXO I</p><p>(Resolução CJF n. 787/2022)</p><p>Organização - Tribunal Regional Federal da 6ª Região</p><p>I - PLENÁRIO</p><p>II - PRESIDÊNCIA</p><p>1. Gabinete da Presidência</p><p>2. Assessoria de Cerimonial</p><p>3. Assessoria de Comunicação</p><p>4. Assessoria Jurídica da Presidência</p><p>5. Assessoria de Jurisprudência</p><p>6. Assessoria Especial de Recursos para Tribunais Superiores</p><p>7. Assessoria de Gestão de Precedentes</p><p>8. Secretaria de Auditoria Interna</p><p>a. Núcleo de Auditoria de Gestão Administrativa, Contábil e Patrimonial</p><p>b. Núcleo de Auditoria de Gestão de Pessoas</p><p>9. Secretaria-Geral</p><p>I. Assessoria de Apoio Administrativo da Secretaria-Geral</p><p>II. Assessoria Especial de Padronização de Sistemas Judiciais</p><p>III. Assessoria de Assuntos da Magistratura</p><p>IV. Assessoria de Gestão Estratégica e Ciências de Dados</p><p>1. Núcleo de Planejamento Estratégico</p><p>2. Núcleo de Modernização da Gestão</p><p>3. Núcleo de Ciência de Dados</p><p>V. Secretaria Judiciária do 2º Grau</p><p>a. Subsecretaria de Apoio às Sessões de Julgamento</p><p>b. Subsecretaria de Precatórios e RPVs</p><p>c. Subsecretaria de Apoio Judicial</p><p>VI. Secretaria Processual Unificada</p><p>10. Diretoria-Geral</p><p>1. Núcleo de Segurança da Informação</p><p>I. Assessoria Especial da Diretoria-Geral</p><p>II. Assessoria Jurídica da Diretoria-Geral</p><p>III. Secretaria de Gestão de Pessoas (estrutura compartilhada)</p><p>1. Núcleo de Legislação de Pessoal</p><p>a. Subsecretaria de Cadastro e Pagamento de Pessoal</p><p>b. Subsecretaria de Assistência à Saúde</p><p>c. Subsecretaria de Desenvolvimento e Aperfeiçoamento de Servidores</p><p>IV. Secretaria de Administração e Serviços (estrutura compartilhada)</p><p>a. Subsecretaria de Manutenção, Engenharia e Serviços Gerais</p><p>b. Subsecretaria de Gestão Documental</p><p>c. Subsecretaria de Segurança, Inteligência e Transportes</p><p>V. Secretaria de Tecnologia da Informação (estrutura compartilhada)</p><p>1. Núcleo de Defesa Cibernética e Tratamento de Incidentes em Segurança da Informação</p><p>a. Subsecretaria de Desenvolvimento de Soluções</p><p>b. Subsecretaria de Governança e Relacionamento</p><p>c. Subsecretaria de Infraestrutura</p><p>VI. Secretaria de Orçamento, Finanças e Contratações (estrutura compartilhada)</p><p>a. Subsecretaria de Planejamento Orçamentário</p><p>b. Subsecretaria de Contabilidade e Execução Financeira</p><p>c. Subsecretaria de Licitações e Contratos</p><p>III - SEÇÕES ESPECIALIZADAS</p><p>IV - TURMAS</p><p>V - DESEMBARGADOR FEDERAL</p><p>1. Gabinete de Desembargador Federal</p><p>VI - CONSELHO DE ADMINISTRAÇÃO E COMISSÕES PERMANENTES</p><p>VII - VICE-PRESIDÊNCIA</p><p>VIII - CORREGEDORIA REGIONAL</p><p>1. Gabinete da Corregedoria</p><p>IX - COORDENADORIA DOS JUIZADOS ESPECIAIS</p><p>X - COORDENADORIA DE CONCILIAÇÃO</p><p>XI - ESCOLA DE MAGISTRATURA E REVISTA</p><p>XII - OUVIDORIA</p><p>1. Núcleo de Apoio à Ouvidoria</p><p>ANEXO II</p><p>(Resolução CJF n. 787/2022)</p><p>Demonstrativo de cargos em comissão e funções comissionadas relativos à</p><p>titularidade das unidades administrativas constantes do organograma do Tribunal Regional Federal da 6ª Região</p><p /><p></p><table><tr /><tr><td rowspan="1" colspan="1"><p>PRESIDÊNCIA</p></td></tr></table><p /><p></p><table><tr /><tr><td rowspan="1" colspan="2"><p>Gabinete da Presidência</p></td></tr><tr><td rowspan="1" colspan="1"><p>NÍVEL</p></td><td rowspan="1" colspan="1"><p>QUANTIDADE</p></td></tr><tr><td rowspan="1" colspan="1"><p>CJ-3</p></td><td rowspan="1" colspan="1"><p>1</p></td></tr><tr><td rowspan="1" colspan="1"><p>Total de Cargos</p></td><td rowspan="1" colspan="1"><p>1</p></td></tr></table><p /><p></p><table><tr /><tr><td rowspan="1" colspan="2"><p>Assessoria de Cerimonial</p></td></tr><tr><td rowspan="1" colspan="1"><p>NÍVEL</p></td><td rowspan="1" colspan="1"><p>QUANTIDADE</p></td></tr><tr><td rowspan="1" colspan="1"><p>CJ-1</p></td><td rowspan="1" colspan="1"><p>1</p></td></tr><tr><td rowspan="1" colspan="1"><p>Total de Cargos</p></td><td rowspan="1" colspan="1"><p>1</p></td></tr></table><p /><p></p><table><tr /><tr><td rowspan="1" colspan="2"><p>Assessoria de Comunicação</p></td></tr><tr><td rowspan="1" colspan="1"><p>NÍVEL</p></td><td rowspan="1" colspan="1"><p>QUANTIDADE</p></td></tr><tr><td rowspan="1" colspan="1"><p>CJ-1</p></td><td rowspan="1" colspan="1"><p>1</p></td></tr><tr><td rowspan="1" colspan="1"><p>Total de Cargos</p></td><td rowspan="1" colspan="1"><p>1</p></td></tr></table><p /><p></p><table><tr /><tr><td rowspan="1" colspan="2"><p>Assessoria Jurídica da Presidência</p></td></tr><tr><td rowspan="1" colspan="1"><p>NÍVEL</p></td><td rowspan="1" colspan="1"><p>QUANTIDADE</p></td></tr><tr><td rowspan="1" colspan="1"><p>CJ-1</p></td><td rowspan="1" colspan="1"><p>1</p></td></tr><tr><td rowspan="1" colspan="1"><p>Total de Cargos</p></td><td rowspan="1" colspan="1"><p>1</p></td></tr></table><p /><p></p><table><tr /><tr><td rowspan="1" colspan="2"><p>Assessoria de Jurisprudência</p></td></tr><tr><td rowspan="1" colspan="1"><p>NÍVEL</p></td><td rowspan="1" colspan="1"><p>QUANTIDADE</p></td></tr><tr><td rowspan="1" colspan="1"><p>CJ-1</p></td><td rowspan="1" colspan="1"><p>1</p></td></tr><tr><td rowspan="1" colspan="1"><p>Total de Cargos</p></td><td rowspan="1" colspan="1"><p>1</p></td></tr></table><p /><p></p><table><tr /><tr><td rowspan="1" colspan="2"><p>Assessoria Especial de Recursos</p><p>para Tribunais Superiores</p></td></tr><tr><td rowspan="1" colspan="1"><p>NÍVEL</p></td><td rowspan="1" colspan="1"><p>QUANTIDADE</p></td></tr><tr><td rowspan="1" colspan="1"><p>CJ-2</p></td><td rowspan="1" colspan="1"><p>1</p></td></tr><tr><td rowspan="1" colspan="1"><p>Total de Cargos</p></td><td rowspan="1" colspan="1"><p>1</p></td></tr></table><p /><p></p><table><tr /><tr><td rowspan="1" colspan="2"><p>Assessoria de Gestão de Precedentes</p></td></tr><tr><td rowspan="1" colspan="1"><p>NÍVEL</p></td><td rowspan="1" colspan="1"><p>QUANTIDADE</p></td></tr><tr><td rowspan="1" colspan="1"><p>CJ-1</p></td><td rowspan="1" colspan="1"><p>1</p></td></tr><tr><td rowspan="1" colspan="1"><p>Total de Cargos</p></td><td rowspan="1" colspan="1"><p>1</p></td></tr></table><p /><p></p><table><tr /><tr><td rowspan="1" colspan="2"><p>Secretaria de Auditoria Interna</p></td></tr><tr><td rowspan="1" colspan="1"><p>NÍVEL</p></td><td rowspan="1" colspan="1"><p>QUANTIDADE</p></td></tr><tr><td rowspan="1" colspan="1"><p>CJ-3</p></td><td rowspan="1" colspan="1"><p>1</p></td></tr><tr><td rowspan="1" colspan="2"><p>Núcleo de Auditoria de Gestão Administrativa, Contábil e Patrimonial</p></td></tr><tr><td rowspan="1" colspan="1"><p>NÍVEL</p></td><td rowspan="1" colspan="1"><p>QUANTIDADE</p></td></tr><tr><td rowspan="1" colspan="1"><p>FC-6</p></td><td rowspan="1" colspan="1"><p>1</p></td></tr><tr><td rowspan="1" colspan="2"><p>Núcleo de Auditoria de Gestão de Pessoas</p></td></tr><tr><td rowspan="1" colspan="1"><p>NÍVEL</p></td><td rowspan="1" colspan="1"><p>QUANTIDADE</p></td></tr><tr><td rowspan="1" colspan="1"><p>FC-6</p></td><td rowspan="1" colspan="1"><p>1</p></td></tr><tr><td rowspan="1" colspan="1"><p>Total de Cargos e Funções</p></td><td rowspan="1" colspan="1"><p>3</p></td></tr></table><p /><p></p><table><tr /><tr><td rowspan="1" colspan="2"><p>Assessoria de Apoio Administrativo da</p><p>Secretaria-Geral</p></td></tr><tr><td rowspan="1" colspan="1"><p>NÍVEL</p></td><td rowspan="1" colspan="1"><p>QUANTIDADE</p></td></tr><tr><td rowspan="1" colspan="1"><p>CJ-1</p></td><td rowspan="1" colspan="1"><p>1</p></td></tr><tr><td rowspan="1" colspan="1"><p>Total de Cargos</p></td><td rowspan="1" colspan="1"><p>1</p></td></tr></table><p /><p></p><table><tr /><tr><td rowspan="1" colspan="2"><p>Assessoria Especial de Padronização</p><p>de Sistemas Judiciais</p></td></tr><tr><td rowspan="1" colspan="1"><p>NÍVEL</p></td><td rowspan="1" colspan="1"><p>QUANTIDADE</p></td></tr><tr><td rowspan="1" colspan="1"><p>CJ-2</p></td><td rowspan="1" colspan="1"><p>1</p></td></tr><tr><td rowspan="1" colspan="1"><p>Total de Cargos</p></td><td rowspan="1" colspan="1"><p>1</p></td></tr></table><p /><p></p><table><tr /><tr><td rowspan="1" colspan="2"><p>Assessoria de Assuntos da Magistratura</p></td></tr><tr><td rowspan="1" colspan="1"><p>NÍVEL</p></td><td rowspan="1" colspan="1"><p>QUANTIDADE</p></td></tr><tr><td rowspan="1" colspan="1"><p>CJ-1</p></td><td rowspan="1" colspan="1"><p>1</p></td></tr><tr><td rowspan="1" colspan="1"><p>Total de Cargos</p></td><td rowspan="1" colspan="1"><p>1</p></td></tr></table><p /><p></p><table><tr /><tr><td rowspan="1" colspan="2"><p>Assessoria de Gestão Estratégica e Ciência de Dados</p></td></tr><tr><td rowspan="1" colspan="1"><p>NÍVEL</p></td><td rowspan="1" colspan="1"><p>QUANTIDADE</p></td></tr><tr><td rowspan="1" colspan="1"><p>CJ-1</p></td><td rowspan="1" colspan="1"><p>1</p></td></tr><tr><td rowspan="1" colspan="2"><p>Núcleo de Planejamento Estratégico</p></td></tr><tr><td rowspan="1" colspan="1"><p>NÍVEL</p></td><td rowspan="1" colspan="1"><p>QUANTIDADE</p></td></tr><tr><td rowspan="1" colspan="1"><p>FC-6</p></td><td rowspan="1" colspan="1"><p>1</p></td></tr><tr><td rowspan="1" colspan="2"><p>Núcleo de Modernização da Gestão</p></td></tr><tr><td rowspan="1" colspan="1"><p>NÍVEL</p></td><td rowspan="1" colspan="1"><p>QUANTIDADE</p></td></tr><tr><td rowspan="1" colspan="1"><p>FC-6</p></td><td rowspan="1" colspan="1"><p>1</p></td></tr><tr><td rowspan="1" colspan="2"><p>Núcleo de Ciências de Dados</p></td></tr><tr><td rowspan="1" colspan="1"><p>NÍVEL</p></td><td rowspan="1" colspan="1"><p>QUANTIDADE</p></td></tr><tr><td rowspan="1" colspan="1"><p>FC-6</p></td><td rowspan="1" colspan="1"><p>1</p></td></tr><tr><td rowspan="1" colspan="1"><p>Total de Cargos e Funções</p></td><td rowspan="1" colspan="1"><p>4</p></td></tr></table><p /><p></p><table><tr /><tr><td rowspan="1" colspan="2"><p>Secretaria Judiciária do 2º Grau</p></td></tr><tr><td rowspan="1" colspan="1"><p>NÍVEL</p></td><td rowspan="1" colspan="1"><p>QUANTIDADE</p></td></tr><tr><td rowspan="1" colspan="1"><p>CJ-3</p></td><td rowspan="1" colspan="1"><p>1</p></td></tr><tr><td rowspan="1" colspan="2"><p>Subsecretaria de Apoio às Sessões de Julgamento</p></td></tr><tr><td rowspan="1" colspan="1"><p>NÍVEL</p></td><td rowspan="1" colspan="1"><p>QUANTIDADE</p></td></tr><tr><td rowspan="1" colspan="1"><p>CJ-2</p></td><td rowspan="1" colspan="1"><p>1</p></td></tr><tr><td rowspan="1" colspan="2"><p>Subsecretaria de Precatórios e RPVs</p></td></tr><tr><td rowspan="1" colspan="1"><p>NÍVEL</p></td><td rowspan="1" colspan="1"><p>QUANTIDADE</p></td></tr><tr><td rowspan="1" colspan="1"><p>CJ-2</p></td><td rowspan="1" colspan="1"><p>1</p></td></tr><tr><td rowspan="1" colspan="2"><p>Subsecretaria de Apoio Judicial</p></td></tr><tr><td rowspan="1" colspan="1"><p>NÍVEL</p></td><td rowspan="1" colspan="1"><p>QUANTIDADE</p></td></tr><tr><td rowspan="1" colspan="1"><p>CJ-2</p></td><td rowspan="1" colspan="1"><p>1</p></td></tr><tr><td rowspan="1" colspan="1"><p>Total de Cargos</p></td><td rowspan="1" colspan="1"><p>4</p></td></tr></table><p /><p></p><table><tr /><tr><td rowspan="1" colspan="2"><p>Secretaria Processual Unificada</p></td></tr><tr><td rowspan="1" colspan="1"><p>NÍVEL</p></td><td rowspan="1" colspan="1"><p>QUANTIDADE</p></td></tr><tr><td rowspan="1" colspan="1"><p>CJ-3</p></td><td rowspan="1" colspan="1"><p>1</p></td></tr><tr><td rowspan="1" colspan="1"><p>Total de Cargos</p></td><td rowspan="1" colspan="1"><p>1</p></td></tr></table><p /><p></p><table><tr /><tr><td rowspan="1" colspan="2"><p>Diretoria-Geral</p></td></tr><tr><td rowspan="1" colspan="1"><p>NÍVEL</p></td><td rowspan="1" colspan="1"><p>QUANTIDADE</p></td></tr><tr><td rowspan="1" colspan="1"><p>CJ-4</p></td><td rowspan="1" colspan="1"><p>1</p></td></tr><tr><td rowspan="1" colspan="2"><p>Núcleo de Segurança da Informação</p></td></tr><tr><td rowspan="1" colspan="1"><p>NÍVEL</p></td><td rowspan="1" colspan="1"><p>QUANTIDADE</p></td></tr><tr><td rowspan="1" colspan="1"><p>FC-6</p></td><td rowspan="1" colspan="1"><p>1</p></td></tr><tr><td rowspan="1" colspan="2"><p>Assessoria Especial da Diretoria-Geral</p></td></tr><tr><td rowspan="1" colspan="1"><p>NÍVEL</p></td><td rowspan="1" colspan="1"><p>QUANTIDADE</p></td></tr><tr><td rowspan="1" colspan="1"><p>CJ-2</p></td><td rowspan="1" colspan="1"><p>1</p></td></tr><tr><td rowspan="1" colspan="2"><p>Assessoria Jurídica da Diretoria-Geral</p></td></tr><tr><td rowspan="1" colspan="1"><p>NÍVEL</p></td><td rowspan="1" colspan="1"><p>QUANTIDADE</p></td></tr><tr><td rowspan="1" colspan="1"><p>CJ-1</p></td><td rowspan="1" colspan="1"><p>1</p></td></tr><tr><td rowspan="1" colspan="1"><p>Total de Cargos e Funções</p></td><td rowspan="1" colspan="1"><p>4</p></td></tr></table><p /><p></p><table><tr /><tr><td rowspan="1" colspan="2"><p>Secretaria de Gestão de Pessoas</p><p>(estrutura compartilhada)</p></td></tr><tr><td rowspan="1" colspan="1"><p>NÍVEL</p></td><td rowspan="1" colspan="1"><p>QUANTIDADE</p></td></tr><tr><td rowspan="1" colspan="1"><p>CJ-3</p></td><td rowspan="1" colspan="1"><p>1</p></td></tr><tr><td rowspan="1" colspan="2"><p>Núcleo de Legislação de Pessoal</p></td></tr><tr><td rowspan="1" colspan="1"><p>NÍVEL</p></td><td rowspan="1" colspan="1"><p>QUANTIDADE</p></td></tr><tr><td rowspan="1" colspan="1"><p>FC-6</p></td><td rowspan="1" colspan="1"><p>1</p></td></tr><tr><td rowspan="1" colspan="2"><p>Subsecretaria de Cadastro e Pagamento de Pessoal</p></td></tr><tr><td rowspan="1" colspan="1"><p>NÍVEL</p></td><td rowspan="1" colspan="1"><p>QUANTIDADE</p></td></tr><tr><td rowspan="1" colspan="1"><p>CJ-2</p></td><td rowspan="1" colspan="1"><p>1</p></td></tr><tr><td rowspan="1" colspan="2"><p>Subsecretaria de Assistência à Saúde</p></td></tr><tr><td rowspan="1" colspan="1"><p>NÍVEL</p></td><td rowspan="1" colspan="1"><p>QUANTIDADE</p></td></tr><tr><td rowspan="1" colspan="1"><p>CJ-2</p></td><td rowspan="1" colspan="1"><p>1</p></td></tr><tr><td rowspan="1" colspan="2"><p>Subsecretaria de Desenvolvimento e Aperfeiçoamento de Servidores</p></td></tr><tr><td rowspan="1" colspan="1"><p>NÍVEL</p></td><td rowspan="1" colspan="1"><p>QUANTIDADE</p></td></tr><tr><td rowspan="1" colspan="1"><p>CJ-2</p></td><td rowspan="1" colspan="1"><p>1</p></td></tr><tr><td rowspan="1" colspan="1"><p>Total de Cargos e Funções</p></td><td rowspan="1" colspan="1"><p>5</p></td></tr></table><p /><p></p><table><tr /><tr><td rowspan="1" colspan="2"><p>Secretaria de Administração e Serviços</p><p>(estrutura compartilhada)</p></td></tr><tr><td rowspan="1" colspan="1"><p>NÍVEL</p></td><td rowspan="1" colspan="1"><p>QUANTIDADE</p></td></tr><tr><td rowspan="1" colspan="1"><p>CJ-3</p></td><td rowspan="1" colspan="1"><p>1</p></td></tr><tr><td rowspan="1" colspan="2"><p>Subsecretaria de Manutenção, Engenharia e Serviços Gerais</p></td></tr><tr><td rowspan="1" colspan="1"><p>NÍVEL</p></td><td rowspan="1" colspan="1"><p>QUANTIDADE</p></td></tr><tr><td rowspan="1" colspan="1"><p>CJ-2</p></td><td rowspan="1" colspan="1"><p>1</p></td></tr><tr><td rowspan="1" colspan="2"><p>Subsecretaria de Gestão Documental</p></td></tr><tr><td rowspan="1" colspan="1"><p>NÍVEL</p></td><td rowspan="1" colspan="1"><p>QUANTIDADE</p></td></tr><tr><td rowspan="1" colspan="1"><p>CJ-2</p></td><td rowspan="1" colspan="1"><p>1</p></td></tr><tr><td rowspan="1" colspan="2"><p>Subsecretaria de Segurança, Inteligência e Transportes</p></td></tr><tr><td rowspan="1" colspan="1"><p>NÍVEL</p></td><td rowspan="1" colspan="1"><p>QUANTIDADE</p></td></tr><tr><td rowspan="1" colspan="1"><p>CJ-2</p></td><td rowspan="1" colspan="1"><p>1</p></td></tr><tr><td rowspan="1" colspan="1"><p>Total de Cargos</p></td><td rowspan="1" colspan="1"><p>4</p></td></tr></table><p /><p></p><table><tr /><tr><td rowspan="1" colspan="2"><p>Secretaria de Tecnologia da Informação</p><p>(estrutura compartilhada)</p></td></tr><tr><td rowspan="1" colspan="1"><p>NÍVEL</p></td><td rowspan="1" colspan="1"><p>QUANTIDADE</p></td></tr><tr><td rowspan="1" colspan="1"><p>CJ-3</p></td><td rowspan="1" colspan="1"><p>1</p></td></tr><tr><td rowspan="1" colspan="2"><p>Núcleo de Defesa Cibernética e Tratamento de Incidentes em Segurança da Informação</p></td></tr><tr><td rowspan="1" colspan="1"><p>NÍVEL</p></td><td rowspan="1" colspan="1"><p>QUANTIDADE</p></td></tr><tr><td rowspan="1" colspan="1"><p>FC-6</p></td><td rowspan="1" colspan="1"><p>1</p></td></tr><tr><td rowspan="1" colspan="2"><p>Subsecretaria de Desenvolvimento de Soluções</p></td></tr><tr><td rowspan="1" colspan="1"><p>NÍVEL</p></td><td rowspan="1" colspan="1"><p>QUANTIDADE</p></td></tr><tr><td rowspan="1" colspan="1"><p>CJ-2</p></td><td rowspan="1" colspan="1"><p>1</p></td></tr><tr><td rowspan="1" colspan="2"><p>Subsecretaria de Governança e Relacionamento</p></td></tr><tr><td rowspan="1" colspan="1"><p>NÍVEL</p></td><td rowspan="1" colspan="1"><p>QUANTIDADE</p></td></tr><tr><td rowspan="1" colspan="1"><p>CJ-2</p></td><td rowspan="1" colspan="1"><p>1</p></td></tr><tr><td rowspan="1" colspan="2"><p>Subsecretaria de Infraestrutura</p></td></tr><tr><td rowspan="1" colspan="1"><p>NÍVEL</p></td><td rowspan="1" colspan="1"><p>QUANTIDADE</p></td></tr><tr><td rowspan="1" colspan="1"><p>CJ-2</p></td><td rowspan="1" colspan="1"><p>1</p></td></tr><tr><td rowspan="1" colspan="1"><p>Total de Cargos e Funções</p></td><td rowspan="1" colspan="1"><p>5</p></td></tr></table><p /><p></p><table><tr /><tr><td rowspan="1" colspan="2"><p>Secretaria de Orçamento, Finanças e Contratações</p><p>(estrutura compartilhada)</p></td></tr><tr><td rowspan="1" colspan="1"><p>NÍVEL</p></td><td rowspan="1" colspan="1"><p>QUANTIDADE</p></td></tr><tr><td rowspan="1" colspan="1"><p>CJ-3</p></td><td rowspan="1" colspan="1"><p>1</p></td></tr><tr><td rowspan="1" colspan="2"><p>Subsecretaria de Planejamento Orçamentário</p></td></tr><tr><td rowspan="1" colspan="1"><p>NÍVEL</p></td><td rowspan="1" colspan="1"><p>QUANTIDADE</p></td></tr><tr><td rowspan="1" colspan="1"><p>CJ-2</p></td><td rowspan="1" colspan="1"><p>1</p></td></tr><tr><td rowspan="1" colspan="2"><p>Subsecretaria de Contabilidade e Execução Financeira</p></td></tr><tr><td rowspan="1" colspan="1"><p>NÍVEL</p></td><td rowspan="1" colspan="1"><p>QUANTIDADE</p></td></tr><tr><td rowspan="1" colspan="1"><p>CJ-2</p></td><td rowspan="1" colspan="1"><p>1</p></td></tr><tr><td rowspan="1" colspan="2"><p>Subsecretaria de Licitações e Contratos</p></td></tr><tr><td rowspan="1" colspan="1"><p>NÍVEL</p></td><td rowspan="1" colspan="1"><p>QUANTIDADE</p></td></tr><tr><td rowspan="1" colspan="1"><p>CJ-2</p></td><td rowspan="1" colspan="1"><p>1</p></td></tr><tr><td rowspan="1" colspan="1"><p>Total de Cargos</p></td><td rowspan="1" colspan="1"><p>4</p></td></tr></table><p /><p></p><table><tr /><tr><td rowspan="1" colspan="1"><p>DESEMBARGADOR FEDERAL</p></td></tr></table><p /><p></p><table><tr /><tr><td rowspan="1" colspan="2"><p>Gabinete de Desembargador Federal</p></td></tr><tr><td rowspan="1" colspan="1"><p>NÍVEL</p></td><td rowspan="1" colspan="1"><p>QUANTIDADE</p></td></tr><tr><td rowspan="1" colspan="1"><p>CJ-3</p></td><td rowspan="1" colspan="1"><p>16</p></td></tr><tr><td rowspan="1" colspan="1"><p>Total de Cargos</p></td><td rowspan="1" colspan="1"><p>16</p></td></tr></table><p /><p></p><table><tr /><tr><td rowspan="1" colspan="1"><p>CORREGEDORIA REGIONAL</p></td></tr></table><p /><p></p><table><tr /><tr><td rowspan="1" colspan="2"><p>Gabinete da Corregedoria</p></td></tr><tr><td rowspan="1" colspan="1"><p>NÍVEL</p></td><td rowspan="1" colspan="1"><p>QUANTIDADE</p></td></tr><tr><td rowspan="1" colspan="1"><p>CJ-3</p></td><td rowspan="1" colspan="1"><p>1</p></td></tr><tr><td rowspan="1" colspan="1"><p>Total de Cargos</p></td><td rowspan="1" colspan="1"><p>1</p></td></tr></table><p /><p></p><table><tr /><tr><td rowspan="1" colspan="1"><p>OUVIDORIA</p></td></tr></table><p /><p></p><table><tr /><tr><td rowspan="1" colspan="2"><p>Núcleo de Apoio à Ouvidoria</p></td></tr><tr><td rowspan="1" colspan="1"><p>NÍVEL</p></td><td rowspan="1" colspan="1"><p>QUANTIDADE</p></td></tr><tr><td rowspan="1" colspan="1"><p>FC-6</p></td><td rowspan="1" colspan="1"><p>1</p></td></tr><tr><td rowspan="1" colspan="1"><p>Total de Funções</p></td><td rowspan="1" colspan="1"><p>1</p></td></tr></table>]]></Texto>
  </body>
  <Midias />
</article></xml>