﻿<xml><article id="27701222" name="AC075_22 - Divulga a mAdia mAvel" idOficio="7354496" pubName="DO1" artType="Ato Normativo" pubDate="25/08/2022" artClass="00015:00046:00025:00000:00000:00000:00000:00000:00000:00000:00009:00003" artCategory="Ministério da Economia/Secretaria Especial do Tesouro e Orçamento/Conselho Nacional de Política Fazendária" artSize="12" artNotes="" numberPage="214" pdfPage="http://pesquisa.in.gov.br/imprensa/jsp/visualiza/index.jsp?data=25/08/2022&amp;jornal=515&amp;pagina=214" editionNumber="162" highlightType="" highlightPriority="" highlight="" highlightimage="" highlightimagename="" idMateria="14834950">
  <body>
    <Identifica><![CDATA[ ATO COTEPE/ICMS Nº 75, DE 24 DE AGOSTO DE 2022]]></Identifica>
    <Data><![CDATA[]]></Data>
    <Ementa><![CDATA[ Divulga a base de cálculo do ICMS para as operações com Gasolina Automotiva Comum - GAC, Gasolina Automotiva Premium - GAP, Gás Liquefeito de Petróleo GLP/P13 e GLP.]]></Ementa>
    <Titulo />
    <SubTitulo />
    <Texto><![CDATA[<p class="identifica">ATO COTEPE/ICMS Nº 75, DE 24 DE AGOSTO DE 2022</p><p class="ementa">Divulga a base de cálculo do ICMS para as operações com Gasolina Automotiva Comum - GAC, Gasolina Automotiva Premium - GAP, Gás Liquefeito de Petróleo GLP/P13 e GLP.</p><p>O Diretor da Secretaria-Executiva do Conselho Nacional de Política Fazendária - CONFAZ, no uso de suas atribuições que lhe confere o inciso XIII do art. 12 e o art. 35 do Regimento da Comissão Técnica Permanente do ICMS - COTEPE/ICMS, de 12 de dezembro de 1997, por este ato, tendo em vista o disposto na Lei Complementar nº 192, 11 de março de 2022, bem como na cláusula segunda do Convênio ICMS nº 82, 30 de junho de 2022,</p><p>CONSIDERANDO a decisão judicial prolatada em caráter cautelar no âmbito da Ação Direta de Inconstitucionalidade nº 7164 pelo Min. André Mendonça, e</p><p>CONSIDERANDO os valores da média móvel dos preços médios praticados ao consumidor final nos 60 (sessenta) meses anteriores a sua fixação, recebidos das administrações tributárias das unidades federadas, registrados no processo 12004.100620/2022-19, torna público:</p><p>Art. 1º Fica divulgada, na forma do Anexo Único deste ato, a base de cálculo do Imposto sobre Operações Relativas à Circulação de Mercadorias e sobre Prestações de Serviços de Transporte Interestadual e Intermunicipal e de Comunicação - ICMS, a ser adotada pelas unidades federadas a partir de 1º de setembro de 2022, nas operações com Gasolina Automotiva Comum - GAC, Gasolina Automotiva Premium - GAP, Gás Liquefeito de Petróleo - GLP/P13 e GLP, conforme determina a cláusula segunda do Convênio ICMS nº 82, 30 de junho de 2022.</p><p>Art. 2º Este ato entra em vigor na data da sua publicação no Diário Oficial da União.</p><p class="assina">CARLOS HENRIQUE DE AZEVEDO OLIVEIRA</p><p>ANEXO ÚNICO</p><p /><p></p><table><tr /><tr><td rowspan="1" colspan="1"><p>ITEM</p></td><td rowspan="1" colspan="1"><p>UF</p></td><td rowspan="1" colspan="1"><p>GAC (R$/ litro)</p></td><td rowspan="1" colspan="1"><p>GAP (R$/ litro)</p></td><td rowspan="1" colspan="1"><p>GLP (P13) (R$/kg)</p></td><td rowspan="1" colspan="1"><p>GLP (R$/kg)</p></td></tr><tr><td rowspan="1" colspan="1"><p>1</p></td><td rowspan="1" colspan="1"><p>AC</p></td><td rowspan="1" colspan="1"><p>*5,4213</p></td><td rowspan="1" colspan="1"><p>*5,4213</p></td><td rowspan="1" colspan="1"><p>*6,9896</p></td><td rowspan="1" colspan="1"><p>*6,9896</p></td></tr><tr><td rowspan="1" colspan="1"><p>2</p></td><td rowspan="1" colspan="1"><p>AL</p></td><td rowspan="1" colspan="1"><p>*5,0130</p></td><td rowspan="1" colspan="1"><p>*5,0130</p></td><td rowspan="1" colspan="1"><p>-</p></td><td rowspan="1" colspan="1"><p>*5,6910</p></td></tr><tr><td rowspan="1" colspan="1"><p>3</p></td><td rowspan="1" colspan="1"><p>AM</p></td><td rowspan="1" colspan="1"><p>*4,8646</p></td><td rowspan="1" colspan="1"><p>*4,8646</p></td><td rowspan="1" colspan="1"><p>-</p></td><td rowspan="1" colspan="1"><p>*6,3083</p></td></tr><tr><td rowspan="1" colspan="1"><p>4</p></td><td rowspan="1" colspan="1"><p>AP</p></td><td rowspan="1" colspan="1"><p>*4,3517</p></td><td rowspan="1" colspan="1"><p>*4,3517</p></td><td rowspan="1" colspan="1"><p>*6,8278</p></td><td rowspan="1" colspan="1"><p>*6,8278</p></td></tr><tr><td rowspan="1" colspan="1"><p>5</p></td><td rowspan="1" colspan="1"><p>BA</p></td><td rowspan="1" colspan="1"><p>*5,0338</p></td><td rowspan="1" colspan="1"><p>*5,0338</p></td><td rowspan="1" colspan="1"><p>*5,4841</p></td><td rowspan="1" colspan="1"><p>*5,4841</p></td></tr><tr><td rowspan="1" colspan="1"><p>6</p></td><td rowspan="1" colspan="1"><p>CE</p></td><td rowspan="1" colspan="1"><p>*5,0146</p></td><td rowspan="1" colspan="1"><p>*5,0146</p></td><td rowspan="1" colspan="1"><p>5,8500</p></td><td rowspan="1" colspan="1"><p>5,8500</p></td></tr><tr><td rowspan="1" colspan="1"><p>7</p></td><td rowspan="1" colspan="1"><p>DF</p></td><td rowspan="1" colspan="1"><p>*4,9430</p></td><td rowspan="1" colspan="1"><p>*4,9430</p></td><td rowspan="1" colspan="1"><p>*5,9960</p></td><td rowspan="1" colspan="1"><p>*5,9960</p></td></tr><tr><td rowspan="1" colspan="1"><p>8</p></td><td rowspan="1" colspan="1"><p>ES</p></td><td rowspan="1" colspan="1"><p>*4,9210</p></td><td rowspan="1" colspan="1"><p>*4,9210</p></td><td rowspan="1" colspan="1"><p>5,5149</p></td><td rowspan="1" colspan="1"><p>5,5149</p></td></tr><tr><td rowspan="1" colspan="1"><p>9</p></td><td rowspan="1" colspan="1"><p>GO</p></td><td rowspan="1" colspan="1"><p>*5,0937</p></td><td rowspan="1" colspan="1"><p>*5,0937</p></td><td rowspan="1" colspan="1"><p>*6,2689</p></td><td rowspan="1" colspan="1"><p>*6,2689</p></td></tr><tr><td rowspan="1" colspan="1"><p>10</p></td><td rowspan="1" colspan="1"><p>MA</p></td><td rowspan="1" colspan="1"><p>*4,7702</p></td><td rowspan="1" colspan="1"><p>*4,7702</p></td><td rowspan="1" colspan="1"><p>*6,0588</p></td><td rowspan="1" colspan="1"><p>*6,0588</p></td></tr><tr><td rowspan="1" colspan="1"><p>11</p></td><td rowspan="1" colspan="1"><p>MG</p></td><td rowspan="1" colspan="1"><p>*5,1185</p></td><td rowspan="1" colspan="1"><p>*5,1185</p></td><td rowspan="1" colspan="1"><p>*6,0833</p></td><td rowspan="1" colspan="1"><p>*6,0833</p></td></tr><tr><td rowspan="1" colspan="1"><p>12</p></td><td rowspan="1" colspan="1"><p>MS</p></td><td rowspan="1" colspan="1"><p>*4,7951</p></td><td rowspan="1" colspan="1"><p>*4,7951</p></td><td rowspan="1" colspan="1"><p>5,6770</p></td><td rowspan="1" colspan="1"><p>5,6770</p></td></tr><tr><td rowspan="1" colspan="1"><p>13</p></td><td rowspan="1" colspan="1"><p>MT</p></td><td rowspan="1" colspan="1"><p>*4,9381</p></td><td rowspan="1" colspan="1"><p>*4,9381</p></td><td rowspan="1" colspan="1"><p>*7,8991</p></td><td rowspan="1" colspan="1"><p>*7,8991</p></td></tr><tr><td rowspan="1" colspan="1"><p>14</p></td><td rowspan="1" colspan="1"><p>PA</p></td><td rowspan="1" colspan="1"><p>*5,0096</p></td><td rowspan="1" colspan="1"><p>*5,0096</p></td><td rowspan="1" colspan="1"><p>*6,4750</p></td><td rowspan="1" colspan="1"><p>*6,4750</p></td></tr><tr><td rowspan="1" colspan="1"><p>15</p></td><td rowspan="1" colspan="1"><p>PB</p></td><td rowspan="1" colspan="1"><p>*4,7089</p></td><td rowspan="1" colspan="1"><p>*4,7089</p></td><td rowspan="1" colspan="1"><p>-</p></td><td rowspan="1" colspan="1"><p>*5,8828</p></td></tr><tr><td rowspan="1" colspan="1"><p>16</p></td><td rowspan="1" colspan="1"><p>PE</p></td><td rowspan="1" colspan="1"><p>*4,8577</p></td><td rowspan="1" colspan="1"><p>*4,8577</p></td><td rowspan="1" colspan="1"><p>*5,5504</p></td><td rowspan="1" colspan="1"><p>*5,5504</p></td></tr><tr><td rowspan="1" colspan="1"><p>17</p></td><td rowspan="1" colspan="1"><p>PI</p></td><td rowspan="1" colspan="1"><p>*5,0770</p></td><td rowspan="1" colspan="1"><p>*5,0770</p></td><td rowspan="1" colspan="1"><p>*6,1228</p></td><td rowspan="1" colspan="1"><p>*6,1228</p></td></tr><tr><td rowspan="1" colspan="1"><p>18</p></td><td rowspan="1" colspan="1"><p>PR</p></td><td rowspan="1" colspan="1"><p>*4,7161</p></td><td rowspan="1" colspan="1"><p>*4,7161</p></td><td rowspan="1" colspan="1"><p>-</p></td><td rowspan="1" colspan="1"><p>-</p></td></tr><tr><td rowspan="1" colspan="1"><p>19</p></td><td rowspan="1" colspan="1"><p>RJ</p></td><td rowspan="1" colspan="1"><p>*5,3647</p></td><td rowspan="1" colspan="1"><p>*5,7936</p></td><td rowspan="1" colspan="1"><p>-</p></td><td rowspan="1" colspan="1"><p>*5,4495</p></td></tr><tr><td rowspan="1" colspan="1"><p>20</p></td><td rowspan="1" colspan="1"><p>RN</p></td><td rowspan="1" colspan="1"><p>*5,0706</p></td><td rowspan="1" colspan="1"><p>*5,0706</p></td><td rowspan="1" colspan="1"><p>*6,0270</p></td><td rowspan="1" colspan="1"><p>*6,0270</p></td></tr><tr><td rowspan="1" colspan="1"><p>21</p></td><td rowspan="1" colspan="1"><p>RO</p></td><td rowspan="1" colspan="1"><p>*4,9940</p></td><td rowspan="1" colspan="1"><p>*4,9940</p></td><td rowspan="1" colspan="1"><p>-</p></td><td rowspan="1" colspan="1"><p>*6,9160</p></td></tr><tr><td rowspan="1" colspan="1"><p>22</p></td><td rowspan="1" colspan="1"><p>RR</p></td><td rowspan="1" colspan="1"><p>*4,6790</p></td><td rowspan="1" colspan="1"><p>*4,6830</p></td><td rowspan="1" colspan="1"><p>*7,0320</p></td><td rowspan="1" colspan="1"><p>*7,0320</p></td></tr><tr><td rowspan="1" colspan="1"><p>23</p></td><td rowspan="1" colspan="1"><p>RS</p></td><td rowspan="1" colspan="1"><p>*5,0016</p></td><td rowspan="1" colspan="1"><p>*7,0474</p></td><td rowspan="1" colspan="1"><p>*5,9503</p></td><td rowspan="1" colspan="1"><p>*5,9503</p></td></tr><tr><td rowspan="1" colspan="1"><p>24</p></td><td rowspan="1" colspan="1"><p>SC</p></td><td rowspan="1" colspan="1"><p>*4,6783</p></td><td rowspan="1" colspan="1"><p>*6,3241</p></td><td rowspan="1" colspan="1"><p>*6,2230</p></td><td rowspan="1" colspan="1"><p>*6,2230</p></td></tr><tr><td rowspan="1" colspan="1"><p>25</p></td><td rowspan="1" colspan="1"><p>SE</p></td><td rowspan="1" colspan="1"><p>4,8279</p></td><td rowspan="1" colspan="1"><p>4,8279</p></td><td rowspan="1" colspan="1"><p>5,9029</p></td><td rowspan="1" colspan="1"><p>5,9029</p></td></tr><tr><td rowspan="1" colspan="1"><p>26</p></td><td rowspan="1" colspan="1"><p>SP</p></td><td rowspan="1" colspan="1"><p>*4,6304</p></td><td rowspan="1" colspan="1"><p>*4,6304</p></td><td rowspan="1" colspan="1"><p>*5,8785</p></td><td rowspan="1" colspan="1"><p>*5,8785</p></td></tr><tr><td rowspan="1" colspan="1"><p>27</p></td><td rowspan="1" colspan="1"><p>TO</p></td><td rowspan="1" colspan="1"><p>*5,1143</p></td><td rowspan="1" colspan="1"><p>*5,1143</p></td><td rowspan="1" colspan="1"><p>*6,7557</p></td><td rowspan="1" colspan="1"><p>*6,7557</p></td></tr></table><p>* valores alterados.</p><p></p>]]></Texto>
  </body>
  <Midias />
</article></xml>