﻿<xml><article id="27706319" name="Circular SECEX 041_2022" idOficio="7355408" pubName="DO1" artType="Circular" pubDate="25/08/2022" artClass="00015:00040:00008:00000:00000:00000:00000:00000:00000:00000:00016:00000" artCategory="Ministério da Economia/Secretaria Especial de Comércio Exterior e Assuntos Internacionais/Secretaria de Comércio Exterior" artSize="12" artNotes="" numberPage="208" pdfPage="http://pesquisa.in.gov.br/imprensa/jsp/visualiza/index.jsp?data=25/08/2022&amp;jornal=515&amp;pagina=208" editionNumber="162" highlightType="" highlightPriority="" highlight="" highlightimage="" highlightimagename="" idMateria="14836427">
  <body>
    <Identifica><![CDATA[ CIRCULAR Nº  41,  DE  24  DE  AGOSTO  DE  2022]]></Identifica>
    <Data><![CDATA[]]></Data>
    <Ementa />
    <Titulo />
    <SubTitulo />
    <Texto><![CDATA[<p class="identifica">CIRCULAR Nº 41, DE 24 DE AGOSTO DE 2022</p><p>O SECRETÁRIO DE COMÉRCIO EXTERIOR, DA SECRETARIA ESPECIAL DE COMÉRCIO EXTERIOR E ASSUNTOS INTERNACIONAIS DO MINISTÉRIO DA ECONOMIA, nos termos da Lei nº 9.784, de 1999, e tendo em vista o que consta dos Processos SEI/ME 19972.101776/2019-03 (público) e 19972.101777/2019-40 (confidencial), da Nota Técnica nº 38205/2022/ME, de 22 de agosto de 2022, e do Despacho Decisório Nº 2456/2022/ME, de 22 de agosto de 2022, documentos elaborados pela Subsecretaria de Defesa Comercial e Interesse Público - SDCOM desta Secretaria, decide:</p><p>1. Indeferir o recurso administrativo interposto pela Rhodia Brasil S.A., objeto do processo SEI/ME 19972.101776/2019-03, em face do Despacho Decisório nº 2097/2022/ME, publicado no Sistema Eletrônico de Informações (SEI) do Ministério da Economia em 5 de julho de 2022, que decidiu pelo indeferimento do pleito de reaplicação das medidas antidumping prorrogadas e, imediatamente suspensas, por razões de interesse público, relativas às importações brasileiras de fenol, classificadas no subitem 2907.11.00 da Nomenclatura Comum do Mercosul (NCM), originárias dos Estados Unidos da América e da União Europeia.</p><p class="assina">LUCAS FERRAZ</p>]]></Texto>
  </body>
  <Midias />
</article></xml>