﻿<xml><article id="27708803" name="Ato12013a12042" idOficio="7355862" pubName="DO1" artType="Ato" pubDate="25/08/2022" artClass="00012:00014:00016:00057:00000:00000:00000:00000:00000:00000:00006:00008" artCategory="Ministério das Comunicações/Agência Nacional de Telecomunicações/Superintendência de Outorga e Recursos à Prestação/Gerência de Outorga e Licenciamento de Estações" artSize="12" artNotes="" numberPage="27" pdfPage="http://pesquisa.in.gov.br/imprensa/jsp/visualiza/index.jsp?data=25/08/2022&amp;jornal=515&amp;pagina=27" editionNumber="162" highlightType="" highlightPriority="" highlight="" highlightimage="" highlightimagename="" idMateria="14837036">
  <body>
    <Identifica><![CDATA[ ATOS DE 23 DE AGOSTO DE 2022]]></Identifica>
    <Data><![CDATA[]]></Data>
    <Ementa />
    <Titulo />
    <SubTitulo />
    <Texto><![CDATA[<p class="identifica">ATOS DE 23 DE AGOSTO DE 2022</p><p>Nº 12.013 - Processo nº 53500.306532/2022-05.</p><p>Expede autorização à POLO TELECOM COMERCIO E SERVICOS LTDA, CNPJ/MF nº 01.676.099/0001-09, para explorar Serviços de Telecomunicações de Interesse Coletivo e de Interesse Restrito, por prazo indeterminado, em todo o território nacional.</p><p>Nº 12.042 - Processo nº 53500.002093/2021-75.</p><p>Declara extinta, por renúncia, a partir de 18/08/2022, a autorização outorgada a LEMVIG SERVICOS DE TELEVISAO POR ASSINATURA S.A., CNPJ/MF nº 36.741.993/0001-08, por intermédio do Ato nº 803, de 05/02/2021, publicado no DOU de 18/02/2021, para explorar Serviços de Telecomunicações de Interesse Coletivo e de Interesse Restrito, por prazo indeterminado, em todo o território nacional.</p><p class="assina">Renato Sales Bizerra Aguiar</p><p class="cargo">Gerente</p>]]></Texto>
  </body>
  <Midias />
</article></xml>