﻿<xml><article id="27700549" name="gabarito DOU psicologia" idOficio="7354366" pubName="DO1" artType="Portaria" pubDate="25/08/2022" artClass="00047:00024:00000:00000:00000:00000:00000:00000:00000:00000:00054:00000" artCategory="Poder Judiciário/Tribunal Regional Eleitoral de Minas Gerais" artSize="24" artNotes="" numberPage="295" pdfPage="http://pesquisa.in.gov.br/imprensa/jsp/visualiza/index.jsp?data=25/08/2022&amp;jornal=515&amp;pagina=295" editionNumber="162" highlightType="" highlightPriority="" highlight="" highlightimage="" highlightimagename="" idMateria="14834781">
  <body>
    <Identifica><![CDATA[ PORTARIA PRE Nº 265, DE 22 DE AGOSTO DE 2022]]></Identifica>
    <Data><![CDATA[]]></Data>
    <Ementa><![CDATA[ Altera o Anexo I da Portaria nº 178, de 21 de setembro de 2020, da Presidência, para consubstanciar a transformação de cargos do Quadro de Pessoal deste Tribunal.]]></Ementa>
    <Titulo />
    <SubTitulo />
    <Texto><![CDATA[<p></p><p class="identifica">PORTARIA PRE Nº 265, DE 22 DE AGOSTO DE 2022</p><p class="ementa">Altera o Anexo I da Portaria nº 178, de 21 de setembro de 2020, da Presidência, para consubstanciar a transformação de cargos do Quadro de Pessoal deste Tribunal.</p><p>O PRESIDENTE DO TRIBUNAL REGIONAL ELEITORAL DE MINAS GERAIS, no uso de suas atribuições legais e regimentais, e tendo em vista o disposto no artigo 7º da Resolução TSE nº 22.581, de 30 de agosto de 2007, resolve:</p><p>Art. 1º Fica alterado o Anexo I da Portaria nº 178, de 21 de setembro de 2020, da Presidência, publicada no DOU nº 183 - Seção 01, fl. 95, e no DJE nº 178, fls.10/12, de 23 de setembro de 2020, para consubstanciar a transformação de 1 (um) cargo de Analista Judiciário, Área Judiciária em 1 (um) cargo de Analista Judiciário, Área Apoio Especializado - Especialidade Psicologia, conforme o Anexo constante desta Portaria.</p><p>Art. 2º Esta Portaria entra em vigor na data de sua publicação.</p><p></p><p class="assina">MAURÍCIO SOARES</p><p></p><p>ANEXO</p><p>(a que se refere o art. 1º da Portaria nº 265, de 19 de agosto de 2022)</p><p>"ANEXO I</p><p>(a que se refere o art. 1º da Portaria nº 178, de 21 de setembro de 2020)</p><p>Reestruturação das Carreiras Judiciárias</p><p /><p></p><table><tr /><tr><td rowspan="1" colspan="5"><p>Cargos de Nível Superior</p></td></tr><tr><td rowspan="1" colspan="4"><p>Situação Atual</p></td><td rowspan="1" colspan="1" /></tr><tr><td rowspan="1" colspan="1"><p>Cargo/Especialidade</p></td><td rowspan="1" colspan="1"><p>Classe e Padrão Iniciais</p></td><td rowspan="1" colspan="1"><p>Classe e Padrão Finais</p></td><td rowspan="1" colspan="1"><p>Quantidade</p></td><td rowspan="1" colspan="1"><p>Área de Atividade</p></td></tr><tr><td rowspan="1" colspan="1"><p>Analista Judiciário (TRE-NS)</p></td><td rowspan="1" colspan="1"><p>A,1</p></td><td rowspan="1" colspan="1"><p>C,13</p></td><td rowspan="1" colspan="1"><p>500</p></td><td rowspan="1" colspan="1"><p>Judiciária</p></td></tr><tr><td rowspan="1" colspan="1"><p>Analista Judiciário (TRE-NS)</p></td><td rowspan="1" colspan="1"><p>A,1</p></td><td rowspan="1" colspan="1"><p>C,13</p></td><td rowspan="1" colspan="1"><p>133</p></td><td rowspan="1" colspan="1" /></tr><tr><td rowspan="1" colspan="1"><p>Analista Judiciário (TRE-NS) Especialidade Contabilidade</p></td><td rowspan="1" colspan="1"><p>A,1</p></td><td rowspan="1" colspan="1"><p>C,13</p></td><td rowspan="1" colspan="1"><p>19</p></td><td rowspan="1" colspan="1"><p>Administrativa</p></td></tr><tr><td rowspan="1" colspan="1"><p>Analista Judiciário (TRE-NS) Especialidade Taquigrafia</p></td><td rowspan="1" colspan="1"><p>A,1</p></td><td rowspan="1" colspan="1"><p>C,13</p></td><td rowspan="1" colspan="1"><p>05</p></td><td rowspan="1" colspan="1" /></tr><tr><td rowspan="1" colspan="1"><p>Analista Judiciário (TRE-NS) Especialidade Biblioteconomia</p></td><td rowspan="1" colspan="1"><p>A,1</p></td><td rowspan="1" colspan="1"><p>C,13</p></td><td rowspan="1" colspan="1"><p>02</p></td><td rowspan="1" colspan="1" /></tr><tr><td rowspan="1" colspan="1"><p>Analista Judiciário (TRE-NS) Especialidade Medicina</p></td><td rowspan="1" colspan="1"><p>A,1</p></td><td rowspan="1" colspan="1"><p>C,13</p></td><td rowspan="1" colspan="1"><p>06</p></td><td rowspan="1" colspan="1" /></tr><tr><td rowspan="1" colspan="1"><p>Analista Judiciário (TRE-NS) Especialidade Odontologia</p></td><td rowspan="1" colspan="1"><p>A,1</p></td><td rowspan="1" colspan="1"><p>C,13</p></td><td rowspan="1" colspan="1"><p>04</p></td><td rowspan="1" colspan="1" /></tr><tr><td rowspan="1" colspan="1"><p>Analista Judiciário (TRE-NS) Especialidade Análise de Sistemas</p></td><td rowspan="1" colspan="1"><p>A,1</p></td><td rowspan="1" colspan="1"><p>C,13</p></td><td rowspan="1" colspan="1"><p>24</p></td><td rowspan="1" colspan="1"><p>Apoio Especializado</p></td></tr><tr><td rowspan="1" colspan="1"><p>Analista Judiciário (TRE-NS) Especialidade Psicologia</p></td><td rowspan="1" colspan="1"><p>A,1</p></td><td rowspan="1" colspan="1"><p>C,13</p></td><td rowspan="1" colspan="1"><p>02</p></td><td rowspan="1" colspan="1" /></tr><tr><td rowspan="1" colspan="1"><p>Analista Judiciário (TRE-NS) Especialidade Assistência Social</p></td><td rowspan="1" colspan="1"><p>A,1</p></td><td rowspan="1" colspan="1"><p>C,13</p></td><td rowspan="1" colspan="1"><p>01</p></td><td rowspan="1" colspan="1" /></tr><tr><td rowspan="1" colspan="1"><p>Analista Judiciário (TRE-NS) Especialidade Engenharia</p></td><td rowspan="1" colspan="1"><p>A,1</p></td><td rowspan="1" colspan="1"><p>C,13</p></td><td rowspan="1" colspan="1"><p>02</p></td><td rowspan="1" colspan="1" /></tr><tr><td rowspan="1" colspan="1"><p>Analista Judiciário (TRE-NS) Especialidade Arquitetura</p></td><td rowspan="1" colspan="1"><p>A,1</p></td><td rowspan="1" colspan="1"><p>C,13</p></td><td rowspan="1" colspan="1"><p>01</p></td><td rowspan="1" colspan="1" /></tr><tr><td rowspan="1" colspan="1"><p>Analista Judiciário (TRE-NS) Especialidade Estatística</p></td><td rowspan="1" colspan="1"><p>A,1</p></td><td rowspan="1" colspan="1"><p>C,13</p></td><td rowspan="1" colspan="1"><p>02</p></td><td rowspan="1" colspan="1" /></tr><tr><td rowspan="1" colspan="3"><p>Total de Cargos da Carreira:</p></td><td rowspan="1" colspan="1"><p>701</p></td><td rowspan="1" colspan="1" /></tr></table><p>Reestruturação das Carreiras Judiciárias</p><p /><p></p><table><tr /><tr><td rowspan="1" colspan="4"><p></p><p>Cargos de Nível Intermediário</p></td><td rowspan="1" colspan="1" /><td rowspan="1" colspan="1" /></tr><tr><td rowspan="1" colspan="4"><p>Situação Atual</p></td><td rowspan="1" colspan="2" /></tr><tr><td rowspan="1" colspan="1"><p>Cargo/Especialidade</p></td><td rowspan="1" colspan="1"><p>Classe e Padrão Iniciais</p></td><td rowspan="1" colspan="1"><p>Classe e Padrão Finais</p></td><td rowspan="1" colspan="1"><p>Quantidade</p></td><td rowspan="1" colspan="2"><p>Área De Atividade</p></td></tr><tr><td rowspan="1" colspan="1"><p>Técnico Judiciário (TRE-NI)</p></td><td rowspan="1" colspan="1"><p>A,1</p></td><td rowspan="1" colspan="1"><p>C,13</p></td><td rowspan="1" colspan="1"><p>959</p></td><td rowspan="1" colspan="2" /></tr><tr><td rowspan="1" colspan="1"><p>Técnico Judiciário (TRE-NI) Especialidade Contabilidade</p></td><td rowspan="1" colspan="1"><p>A,1</p></td><td rowspan="1" colspan="1"><p>C,13</p></td><td rowspan="1" colspan="1"><p>16</p></td><td rowspan="1" colspan="2" /></tr><tr><td rowspan="1" colspan="1"><p>Técnico Judiciário (TRE-NI) Especialidade Mecânica</p></td><td rowspan="1" colspan="1"><p>A,1</p></td><td rowspan="1" colspan="1"><p>C,13</p></td><td rowspan="1" colspan="1"><p>01</p></td><td rowspan="1" colspan="2" /></tr><tr><td rowspan="1" colspan="1"><p>Técnico Judiciário (TRE-NI) Especialidade Eletricidade e Telecomunicações</p></td><td rowspan="1" colspan="1"><p>A,1</p></td><td rowspan="1" colspan="1"><p>C,13</p></td><td rowspan="1" colspan="1"><p>03</p></td><td rowspan="1" colspan="2"><p>Administrativa</p></td></tr><tr><td rowspan="1" colspan="1"><p>Técnico Judiciário (TRE-NI) Especialidade Artes Gráficas</p></td><td rowspan="1" colspan="1"><p>A,1</p></td><td rowspan="1" colspan="1"><p>C,13</p></td><td rowspan="1" colspan="1"><p>05</p></td><td rowspan="1" colspan="2" /></tr><tr><td rowspan="1" colspan="1"><p>Técnico Judiciário (TRE-NI) Especialidade Segurança</p></td><td rowspan="1" colspan="1"><p>A,1</p></td><td rowspan="1" colspan="1"><p>C,13</p></td><td rowspan="1" colspan="1"><p>13</p></td><td rowspan="1" colspan="2" /></tr><tr><td rowspan="1" colspan="1"><p>Técnico Judiciário (TRE-NI) Especialidade Telefonia</p></td><td rowspan="1" colspan="1"><p>A,1</p></td><td rowspan="1" colspan="1"><p>C,13</p></td><td rowspan="1" colspan="1"><p>03</p></td><td rowspan="1" colspan="2" /></tr><tr><td rowspan="1" colspan="1"><p>Técnico Judiciário (TRE-NI) Especialidade Operação de Computadores</p></td><td rowspan="1" colspan="1"><p>A,1</p></td><td rowspan="1" colspan="1"><p>C,13</p></td><td rowspan="1" colspan="1"><p>15</p></td><td rowspan="1" colspan="2" /></tr><tr><td rowspan="1" colspan="1"><p>Técnico Judiciário (TRE-NI) Especialidade Assistência à Microinformática</p></td><td rowspan="1" colspan="1"><p>A,1</p></td><td rowspan="1" colspan="1"><p>C,13</p></td><td rowspan="1" colspan="1"><p>16</p></td><td rowspan="1" colspan="2"><p>Apoio Especializado</p></td></tr><tr><td rowspan="1" colspan="1"><p>Técnico Judiciário (TRE-NI) Especialidade Programação de Sistemas</p></td><td rowspan="1" colspan="1"><p>A,1</p></td><td rowspan="1" colspan="1"><p>C,13</p></td><td rowspan="1" colspan="1"><p>26</p></td><td rowspan="1" colspan="2" /></tr><tr><td rowspan="1" colspan="1"><p>Técnico Judiciário (TRE-NI) Especialidade Enfermagem</p></td><td rowspan="1" colspan="1"><p>A,1</p></td><td rowspan="1" colspan="1"><p>C,13</p></td><td rowspan="1" colspan="1"><p>02</p></td><td rowspan="1" colspan="2" /></tr><tr><td rowspan="1" colspan="1"><p>Técnico Judiciário (TRE-NI) Especialidade Edificações</p></td><td rowspan="1" colspan="1"><p>A,1</p></td><td rowspan="1" colspan="1"><p>C,13</p></td><td rowspan="1" colspan="1"><p>06</p></td><td rowspan="1" colspan="2" /></tr><tr><td rowspan="1" colspan="3"><p>Total de Cargos da Carreira:</p></td><td rowspan="1" colspan="1"><p>1065</p></td><td rowspan="1" colspan="2" /></tr><tr><td rowspan="1" colspan="3"><p>Total de Cargos:</p></td><td rowspan="1" colspan="1"><p>1766</p></td><td rowspan="1" colspan="2" /></tr></table>]]></Texto>
  </body>
  <Midias />
</article></xml>