﻿<xml><article id="27707184" name="PA2022-8778" idOficio="7355575" pubName="DO1" artType="Portaria" pubDate="25/08/2022" artClass="00019:00034:00031:00000:00000:00000:00000:00000:00000:00000:00054:00002" artCategory="Ministério da Infraestrutura/Agência Nacional de Aviação Civil/Superintendência de Aeronavegabilidade" artSize="12" artNotes="" numberPage="237" pdfPage="http://pesquisa.in.gov.br/imprensa/jsp/visualiza/index.jsp?data=25/08/2022&amp;jornal=515&amp;pagina=237" editionNumber="162" highlightType="" highlightPriority="" highlight="" highlightimage="" highlightimagename="" idMateria="14836635">
  <body>
    <Identifica><![CDATA[ PORTARIA Nº 8.778, DE 8 DE AGOSTO DE 2022]]></Identifica>
    <Data><![CDATA[]]></Data>
    <Ementa />
    <Titulo />
    <SubTitulo />
    <Texto><![CDATA[<p class="identifica">PORTARIA Nº 8.778, DE 8 DE AGOSTO DE 2022</p><p>O SUPERINTENDENTE DE AERONAVEGABILIDADE, no uso da atribuição que lhe confere o art. 35, inciso III, do Regimento Interno aprovado pela Resolução nº 381, de 14 de junho de 2016, tendo em vista o disposto nos arts. 14 e 18-A da Resolução nº 30, de 30 de maio de 2008, e considerando o que consta do processo nº 00058.033911/2021-91, resolve:</p><p>Art. 1º Aprovar a Instrução Suplementar IS nº 21-010, Revisão E, em versão bilíngue nos idiomas português e inglês, que passa a ser intitulada "Procedimentos para a aprovação de produtos aeronáuticos civis estrangeiros e importação de quaisquer produtos aeronáuticos civis.", em inglês "Procedures for approval of foreign civil aeronautical products and import of any civil aeronautical product".</p><p>Parágrafo único. A Instrução de que trata este artigo encontra-se disponível no Boletim de Pessoal e Serviço - BPS (endereço eletrônico https://www.anac.gov.br/assuntos/legislacao/legislacao-1/boletim-de-pessoal/) e na página "Legislação" (endereço eletrônico https://www.anac.gov.br/assuntos/legislacao) desta Agência, na rede mundial de computadores.</p><p>Art. 2º Em caso de divergência entre as versões em português e inglês da IS, a versão em português deve prevalecer.</p><p>Art. 3º Fica revogada a Portaria nº 7.613/SAR, de 23 de março de 2022, publicada no Diário Oficial da União de 25 de março de 2022, Seção 1, página 167, que aprovou a IS nº 21-010D.</p><p>Art. 4º Esta Portaria entra em vigor em 1º de setembro de 2022.</p><p class="assina">ROBERTO JOSÉ SILVEIRA HONORATO</p>]]></Texto>
  </body>
  <Midias />
</article></xml>