﻿<xml><article id="27694291" name="Extrato autorizaAAo unificado 17" idOficio="7353150" pubName="DO1" artType="Ato" pubDate="25/08/2022" artClass="00012:00014:00006:00002:00009:00000:00000:00000:00000:00000:00006:00000" artCategory="Ministério das Comunicações/Agência Nacional de Telecomunicações/Superintendência de Radiofrequência e Fiscalização/Gerência-Geral de Fiscalização/Escritório Regional no Estado da Bahia" artSize="12" artNotes="" numberPage="22" pdfPage="http://pesquisa.in.gov.br/imprensa/jsp/visualiza/index.jsp?data=25/08/2022&amp;jornal=515&amp;pagina=22" editionNumber="162" highlightType="" highlightPriority="" highlight="" highlightimage="" highlightimagename="" idMateria="14833352">
  <body>
    <Identifica><![CDATA[ ATOS DE 17 DE AGOSTO DE 2022]]></Identifica>
    <Data><![CDATA[]]></Data>
    <Ementa />
    <Titulo />
    <SubTitulo />
    <Texto><![CDATA[<p class="identifica">ATOS DE 17 DE AGOSTO DE 2022</p><p>Nº 11.793 - Extinguir, por cassação, a outorga do serviço de Interesse Restrito, de forma a extinguir a autorização para exploração do serviço Limitado Privado (Fistel 50408256680), titulada pela entidade CANDEIAS ENERGIA S.A., CNPJ nº 09.497.818/0002-17, tendo em vista a perda de condição indispensável à manutenção da autorização, com fulcro nos arts. 133, I e 139 da Lei n.º 9.472, de 16 de julho de 1997.</p><p>Nº 11.806 - Extinguir, por cassação, a outorga do serviço de Interesse Restrito, de forma a extinguir a autorização para exploração do serviço Limitado Privado (Fistel 50404910777), titulada pela entidade HOME CENTER NORDESTE COMERCIO DE MATERIAIS PARA CONSTRUÇÃO S.A., CNPJ nº 08.197.731/0004-23, tendo em vista a perda de condição indispensável à manutenção da autorização, com fulcro nos arts. 133, I e 139 da Lei n.º 9.472, de 16 de julho de 1997.</p><p class="identifica">ATOS DE 22 DE AGOSTO DE 2022</p><p>Nº 11.986 - Extinguir, por cassação, a outorga do serviço de Interesse Restrito, de forma a extinguir a autorização para exploração do serviço Limitado Privado (Fistel 50000497304), titulada pela entidade LOJAS INSINUANTE LTDA., CNPJ nº 16.182.834/0029-04, tendo em vista a perda de condição indispensável à manutenção da autorização, com fulcro nos arts. 133, I e 139 da Lei n.º 9.472, de 16 de julho de 1997.</p><p>Nº 11.971 - Expedir autorização à GABRIEL DOS SANTOS DA SILVA, CPF nº ***.676.305-**, para explorar Serviços de Telecomunicações de Interesse Restrito, por prazo indeterminado, sem caráter de exclusividade, e tendo como área de prestação de serviço todo o território nacional.</p><p>Nº 11.991 - Extinguir, por cassação, a outorga do serviço de Interesse Restrito, de forma a extinguir a autorização para exploração do serviço Limitado Privado (Fistel 50010127755), titulada pela entidade MATENSE GAS LTDA, CNPJ nº 02.902.848/0001-31, tendo em vista a perda de condição indispensável à manutenção da autorização, com fulcro nos arts. 133, I e 139 da Lei n.º 9.472, de 16 de julho de 1997.</p><p>Nº 11.992 - Expedir autorização à LUIZ CARLOS ALVES LIMA, CPF nº ***.319.455-**, para explorar Serviços de Telecomunicações de Interesse Restrito, por prazo indeterminado, sem caráter de exclusividade, e tendo como área de prestação de serviço todo o território nacional.</p><p class="assina">FÁBIO ALEXANDRE OLIVEIRA LAGO</p><p class="cargo">Gerente</p>]]></Texto>
  </body>
  <Midias />
</article></xml>