﻿<xml><article id="27709109" name="Int_REA_11.192_2022_SCG_Retif" idOficio="7355889" pubName="DO1" artType="Retificação" pubDate="25/08/2022" artClass="00023:00029:00020:00000:00000:00000:00000:00000:00000:00000:00066:00001" artCategory="Ministério de Minas e Energia/Agência Nacional de Energia Elétrica/Diretoria Colegiada da ANEEL" artSize="12" artNotes="" numberPage="258" pdfPage="http://pesquisa.in.gov.br/imprensa/jsp/visualiza/index.jsp?data=25/08/2022&amp;jornal=515&amp;pagina=258" editionNumber="162" highlightType="" highlightPriority="" highlight="" highlightimage="" highlightimagename="" idMateria="14837094">
  <body>
    <Identifica><![CDATA[ RETIFICAÇÃO]]></Identifica>
    <Data><![CDATA[]]></Data>
    <Ementa />
    <Titulo />
    <SubTitulo />
    <Texto><![CDATA[<p class="identifica">RETIFICAÇÃO</p><p>Na íntegra e no resumo da Resolução Autorizativa nº 11.192, de 15 de fevereiro de 2022, constante do Processo nº 48500.002958/2021-63 , publicado no D.O. de 21.02.2022, Seção: 1, Volume: 160, Número: 36, Página: 55, onde se lê: 50.000 kW de Potência Instalada."; leia-se: "31.125 kW de Potência Instalada". Na íntegra dessa Resolução Autorizativa, onde se lê: "16 (dezesseis) unidades geradoras"; leia-se: "10 (dez) unidades geradoras, e onde se lê: "49.550 kW de Potência Líquida", leia-se: ""30.968,85 kW de Potência Líquida".A íntegra desta Retificação consta dos autos e estará disponível https://biblioteca.aneel.gov.br ,</p>]]></Texto>
  </body>
  <Midias />
</article></xml>