﻿<xml><article id="27708809" name="Ato11646a11665" idOficio="7355862" pubName="DO1" artType="Ato" pubDate="25/08/2022" artClass="00012:00014:00016:00057:00000:00000:00000:00000:00000:00000:00006:00002" artCategory="Ministério das Comunicações/Agência Nacional de Telecomunicações/Superintendência de Outorga e Recursos à Prestação/Gerência de Outorga e Licenciamento de Estações" artSize="12" artNotes="" numberPage="26" pdfPage="http://pesquisa.in.gov.br/imprensa/jsp/visualiza/index.jsp?data=25/08/2022&amp;jornal=515&amp;pagina=26" editionNumber="162" highlightType="" highlightPriority="" highlight="" highlightimage="" highlightimagename="" idMateria="14837030">
  <body>
    <Identifica><![CDATA[ ATOS DE 15 DE AGOSTO DE 2022]]></Identifica>
    <Data><![CDATA[]]></Data>
    <Ementa />
    <Titulo />
    <SubTitulo />
    <Texto><![CDATA[<p class="identifica">ATOS DE 15 DE AGOSTO DE 2022</p><p>Nº 11.646 - Processo nº 53500.294632/2022-73.</p><p>Outorga Autorização de Uso de Radiofrequência à RADIO ATLANTIDA FM DE CAXIAS DO SUL LTDA, CNPJ 90.985.672/0001-96, executante do Serviço de Radiodifusão Sonora em Frequência Modulada, na localidade de Caxias do Sul/RS.</p><p>Nº 11.647 - Processo nº 53500.298461/2022-51.</p><p>Outorga Autorização de Uso de Radiofrequência à TELEVISAO CHAPECO S/A, CNPJ 76.851.492/0001-90, executante do Serviço de Retransmissão de Radiodifusão de Sons e Imagens, na localidade de Anita Garibaldi/SC.</p><p>Nº 11.648 - Processo nº 53500.298465/2022-30.</p><p>Outorga Autorização de Uso de Radiofrequência à TELEVISAO CHAPECO S/A, CNPJ 76.851.492/0001-90, executante do Serviço de Retransmissão de Radiodifusão de Sons e Imagens, na localidade de Campo Erê/SC.</p><p>Nº 11.649 - Processo nº 53500.298468/2022-73.</p><p>Outorga Autorização de Uso de Radiofrequência à TELEVISAO CHAPECO S/A, CNPJ 76.851.492/0001-90, executante do Serviço de Retransmissão de Radiodifusão de Sons e Imagens, na localidade de Capinzal/SC.</p><p>Nº 11.650 - Processo nº 53500.298472/2022-31.</p><p>Outorga Autorização de Uso de Radiofrequência à TELEVISAO CHAPECO S/A, CNPJ 76.851.492/0001-90, executante do Serviço de Retransmissão de Radiodifusão de Sons e Imagens, na localidade de Concórdia/SC.</p><p>Nº 11.651 - Processo nº 53500.298475/2022-75.</p><p>Outorga Autorização de Uso de Radiofrequência à TELEVISAO CHAPECO S/A, CNPJ 76.851.492/0001-90, executante do Serviço de Retransmissão de Radiodifusão de Sons e Imagens, na localidade de Itapiranga/SC.</p><p>Nº 11.652 - Processo nº 53500.298491/2022-68.</p><p>Outorga Autorização de Uso de Radiofrequência à TELEVISAO CHAPECO S/A, CNPJ 76.851.492/0001-90, executante do Serviço de Retransmissão de Radiodifusão de Sons e Imagens, na localidade de Piratuba/SC.</p><p>Nº 11.653 - Processo nº 53500.298509/2022-21.</p><p>Outorga Autorização de Uso de Radiofrequência à TELEVISAO CHAPECO S/A, CNPJ 76.851.492/0001-90, executante do Serviço de Retransmissão de Radiodifusão de Sons e Imagens, na localidade de Tangará/SC.</p><p>Nº 11.654 - Processo nº 53500.298524/2022-70.</p><p>Outorga Autorização de Uso de Radiofrequência à TV COLIGADAS DE SANTA CATARINA S A, CNPJ 82.645.029/0001-95, executante do Serviço de Retransmissão de Radiodifusão de Sons e Imagens, na localidade de Ibirama/SC.</p><p>Nº 11.655 - Processo nº 53500.298532/2022-16.</p><p>Outorga Autorização de Uso de Radiofrequência à TV COLIGADAS DE SANTA CATARINA S A, CNPJ 82.645.029/0001-95, executante do Serviço de Retransmissão de Radiodifusão de Sons e Imagens, na localidade de Imbuia/SC.</p><p>Nº 11.656 - Processo nº 53500.298595/2022-72.</p><p>Outorga Autorização de Uso de Radiofrequência à TV COLIGADAS DE SANTA CATARINA S A, CNPJ 82.645.029/0001-95, executante do Serviço de Retransmissão de Radiodifusão de Sons e Imagens, na localidade de Ituporanga/SC.</p><p>Nº 11.657 - Processo nº 53500.298601/2022-91.</p><p>Outorga Autorização de Uso de Radiofrequência à TV COLIGADAS DE SANTA CATARINA S A, CNPJ 82.645.029/0001-95, executante do Serviço de Retransmissão de Radiodifusão de Sons e Imagens, na localidade de Mirim Doce/SC.</p><p>Nº 11.658 - Processo nº 53500.298609/2022-58.</p><p>Outorga Autorização de Uso de Radiofrequência à TV COLIGADAS DE SANTA CATARINA S A, CNPJ 82.645.029/0001-95, executante do Serviço de Retransmissão de Radiodifusão de Sons e Imagens, na localidade de Otacílio Costa/SC.</p><p>Nº 11.659 - Processo nº 53500.298612/2022-71.</p><p>Outorga Autorização de Uso de Radiofrequência à TV COLIGADAS DE SANTA CATARINA S A, CNPJ 82.645.029/0001-95, executante do Serviço de Retransmissão de Radiodifusão de Sons e Imagens, na localidade de Taió/SC.</p><p>Nº 11.660 - Processo nº 53500.298665/2022-92.</p><p>Outorga Autorização de Uso de Radiofrequência à TELEVISAO JOACABA LTDA, CNPJ 79.845.830/0001-70, executante do Serviço de Retransmissão de Radiodifusão de Sons e Imagens, na localidade de Lages/SC.</p><p>Nº 11.661 - Processo nº 53500.298672/2022-94.</p><p>Outorga Autorização de Uso de Radiofrequência à TELEVISAO JOACABA LTDA, CNPJ 79.845.830/0001-70, executante do Serviço de Retransmissão de Radiodifusão de Sons e Imagens, na localidade de Lebon Régis/SC.</p><p>Nº 11.662 - Processo nº 53500.298839/2022-17.</p><p>Outorga Autorização de Uso de Radiofrequência à TELEVISAO JOACABA LTDA, CNPJ 79.845.830/0001-70, executante do Serviço de Retransmissão de Radiodifusão de Sons e Imagens, na localidade de Ouro/SC.</p><p>Nº 11.663 - Processo nº 53500.298841/2022-96.</p><p>Outorga Autorização de Uso de Radiofrequência à TELEVISAO JOACABA LTDA, CNPJ 79.845.830/0001-70, executante do Serviço de Retransmissão de Radiodifusão de Sons e Imagens, na localidade de Vargem/SC.</p><p>Nº 11.664 - Processo nº 53500.302814/2022-25.</p><p>Outorga Autorização de Uso de Radiofrequência à TVSBT CANAL 5 DE PORTO ALEGRE S/A, CNPJ 54.313.556/0001-67, executante do Serviço de Retransmissão de Radiodifusão de Sons e Imagens - Digital, na localidade de Camaquã/RS.</p><p>Nº 11.665 - Processo nº 53500.304290/2022-15.</p><p>Outorga Autorização de Uso de Radiofrequência à V L RADIODIFUSAO LTDA, CNPJ 01.767.840/0001-47, executante do Serviço de Radiodifusão Sonora em Frequência Modulada, na localidade de Itaituba/PA.</p><p class="assina">Renato Sales Bizerra Aguiar</p><p class="cargo">Gerente</p>]]></Texto>
  </body>
  <Midias />
</article></xml>