﻿<xml><article id="27717613" name="2408_DEC_11183_S1-OK" idOficio="7356076" pubName="DO1" artType="Decreto numerado" pubDate="25/08/2022" artClass="00005:00000:00000:00000:00000:00000:00000:00000:00000:00000:00021:00000" artCategory="Atos do Poder Executivo" artSize="12" artNotes="" numberPage="6" pdfPage="http://pesquisa.in.gov.br/imprensa/jsp/visualiza/index.jsp?data=25/08/2022&amp;jornal=515&amp;pagina=6" editionNumber="162" highlightType="" highlightPriority="" highlight="" highlightimage="" highlightimagename="" idMateria="14837429">
  <body>
    <Identifica><![CDATA[ DECRETO Nº 11.183, DE 24 DE AGOSTO DE 2022]]></Identifica>
    <Data><![CDATA[]]></Data>
    <Ementa><![CDATA[ Altera o Decreto nº 6.592, de 2 de outubro 2008, que regulamenta o disposto na Lei nº 11.631, de 27 de dezembro de 2007, que dispõe sobre a Mobilização Nacional e cria o Sistema Nacional de Mobilização - SINAMOB.]]></Ementa>
    <Titulo />
    <SubTitulo />
    <Texto><![CDATA[<p class="identifica">DECRETO Nº 11.183, DE 24 DE AGOSTO DE 2022</p><p class="ementa">Altera o Decreto nº 6.592, de 2 de outubro 2008, que regulamenta o disposto na Lei nº 11.631, de 27 de dezembro de 2007, que dispõe sobre a Mobilização Nacional e cria o Sistema Nacional de Mobilização - SINAMOB.</p><p><strong>O</strong><strong>PRESIDENTE DA REPÚBLICA</strong>, no uso das atribuições que lhe confere o art. 84,<strong>caput</strong>, incisos IV e VI, alínea "a", da Constituição, e tendo em vista o disposto na Lei nº 11.631, de 27 de dezembro de 2007,</p><p><strong>D E C R E T A :</strong></p><p>Art. 1º O Decreto nº 6.592, de 2 de outubro de 2008, passa a vigorar com as seguintes alterações:</p><p>"Art. 9º Os Órgãos de Direção Setorial serão organizados por meio dos seguintes subsistemas:</p><p>.....................................................................................................................................</p><p>II - o Subsistema Setorial de Mobilização Política Interna, sob a direção da Casa Civil da Presidência da República;</p><p>III - o Subsistema Setorial de Mobilização Política Externa, sob a direção do Ministério das Relações Exteriores;</p><p>IV - o Subsistema Setorial de Mobilização Social, sob a direção do Ministério da Cidadania, integrado pelos seguintes órgãos:</p><p>a) Ministério da Educação;</p><p>b) Ministério do Meio Ambiente;</p><p>c) Ministério da Mulher, da Família e dos Direitos Humanos;</p><p>d) Ministério da Saúde;</p><p>e) Ministério do Trabalho e Previdência; e</p><p>f) Ministério do Turismo;</p><p>V - o Subsistema Setorial de Mobilização Científico-Tecnológica, sob a direção do Ministério da Ciência, Tecnologia e Inovações;</p><p>VI - o Subsistema Setorial de Mobilização Econômica, sob a direção do Ministério da Economia, integrado pelos seguintes órgãos:</p><p>a) Ministério da Agricultura, Pecuária e Abastecimento;</p><p>b) Ministério da Infraestrutura; e</p><p>c) Ministério de Minas e Energia;</p><p>VII - o Subsistema Setorial de Mobilização de Proteção e Defesa Civil, sob a direção do Ministério do Desenvolvimento Regional;</p><p>VIII - o Subsistema Setorial de Mobilização Psicológica, sob a direção da Secretaria Especial de Comunicação Social do Ministério das Comunicações;</p><p>IX - o Subsistema Setorial de Mobilização de Segurança, sob a direção do Ministério da Justiça e Segurança Pública; e</p><p>X - o Subsistema Setorial de Mobilização de Inteligência, sob a direção do Gabinete de Segurança Institucional da Presidência da República." (NR)</p><p>"Art. 10. ...........................................................................................................</p><p>...................................................................................................................................</p><p>III - Subsistema Setorial de Mobilização de Política Externa: incentivar a cooperação internacional, a fim de obter apoio, recursos e meios fora dos limites territoriais do País, e tratar de temas relacionados à Política Externa, em benefício da Mobilização Nacional;</p><p>....................................................................................................................................</p><p>V - Subsistema Setorial de Mobilização Científico-Tecnológica: compatibilizar o desenvolvimento da pesquisa e da infraestrutura científica e tecnológica para atender às necessidades de Mobilização Nacional;</p><p>VI - Subsistema Setorial de Mobilização Econômica: adequar a estrutura econômica do País às necessidades de Mobilização Nacional;</p><p>VII - Subsistema Setorial de Mobilização Psicológica: motivar, informar e preparar a sociedade para o enfrentamento de agressão estrangeira, e agir para a obtenção da opinião pública, nacional e internacional, favorável aos interesses nacionais;</p><p>VIII - Subsistema Setorial de Mobilização de Proteção e Defesa Civil: desenvolver ações para o enfrentamento de situações emergenciais identificadas pela Mobilização Nacional;</p><p>.........................................................................................................................." (NR)</p><p>"Art. 13. ..........................................................................................................</p><p>...................................................................................................................................</p><p>II - o Ministro de Estado ou o ocupante de Cargo Comissionado Executivo de nível 18 ou equivalente dos seguintes órgãos:</p><p>a) Casa Civil da Presidência da República;</p><p>b) Gabinete de Segurança Institucional da Presidência da República;</p><p>c) Ministério da Cidadania;</p><p>d) Ministério da Ciência, Tecnologia e Inovações;</p><p>e) Ministério das Comunicações, por meio da Secretaria Especial de Comunicação Social;</p><p>f) Ministério do Desenvolvimento Regional;</p><p>g) Ministério da Economia;</p><p>h) Ministério da Justiça e Segurança Pública; e</p><p>i) Ministério das Relações Exteriores.</p><p>§ 1º Em suas ausências e seus impedimentos, o Presidente do Comitê do SINAMOB será substituído pelo Chefe do Estado-Maior Conjunto das Forças Armadas do Ministério da Defesa.</p><p>§ 2º Cada membro do Comitê do SINAMOB terá um suplente, que o substituirá em suas ausências e seus impedimentos.</p><p>§ 3º O Presidente do Comitê do SINAMOB poderá convidar representantes de outros órgãos e entidades, públicas e privadas, para participar de suas reuniões, ou para integrar Câmaras Técnicas ou Grupos de Trabalho, sem direito a voto." (NR)</p><p>"Art. 21. A Secretaria Executiva será exercida pelo Órgão Central de que trata o inciso I do<strong>caput</strong>do art. 6º.</p><p>§ 1º A Secretaria Executiva será composta de, no mínimo, um representante de cada Órgão de Direção Setorial de que trata o inciso II do<strong>caput</strong>do art. 6º.</p><p>§ 2º A função de Secretário-Executivo será exercida por oficial general da área de Mobilização Nacional do Estado-Maior Conjunto das Forças Armadas do Ministério da Defesa, indicado pelo Chefe do Estado-Maior Conjunto das Forças Armadas e designado em ato do Presidente do Comitê do SINAMOB." (NR)</p><p>Art. 2º Ficam revogados os seguintes dispositivos:</p><p>I - do<strong>caput</strong>do art. 9º do Decreto nº 6.592, de 2008:</p><p>a) as alíneas "a" a "j" do inciso III; e</p><p>b) as alíneas "a" a "f" do inciso V; e</p><p>II - o parágrafo único do art. 21.</p><p>Art. 3º Este Decreto entra em vigor na data de sua publicação.</p><p>Brasília, 24 de agosto de 2022; 201º da Independência e 134º da República.</p><p class="assinaPr">JAIR MESSIAS BOLSONARO</p><p class="assina">Paulo Sérgio Nogueira de Oliveira</p>]]></Texto>
  </body>
  <Midias />
</article></xml>