﻿<xml><article id="27700023" name="Minuta Portaria PGT-SVS (1)" idOficio="7353566" pubName="DO1" artType="Portaria" pubDate="25/08/2022" artClass="00026:00031:00000:00000:00000:00000:00000:00000:00000:00000:00054:00000" artCategory="Ministério da Saúde/Secretaria de Vigilância em Saúde" artSize="24" artNotes="" numberPage="265" pdfPage="http://pesquisa.in.gov.br/imprensa/jsp/visualiza/index.jsp?data=25/08/2022&amp;jornal=515&amp;pagina=265" editionNumber="162" highlightType="" highlightPriority="" highlight="" highlightimage="" highlightimagename="" idMateria="14833800">
  <body>
    <Identifica><![CDATA[ PORTARIA SVS Nº 30, DE 22 DE AGOSTO DE 2022]]></Identifica>
    <Data><![CDATA[]]></Data>
    <Ementa><![CDATA[ Estabelece os procedimentos gerais de instituição do Programa de Gestão do Trabalho (PGT) no âmbito da Secretaria de Vigilância em Saúde do Ministério da Saúde.]]></Ementa>
    <Titulo />
    <SubTitulo />
    <Texto><![CDATA[<p class="identifica">PORTARIA SVS Nº 30, DE 22 DE AGOSTO DE 2022</p><p class="ementa">Estabelece os procedimentos gerais de instituição do Programa de Gestão do Trabalho (PGT) no âmbito da Secretaria de Vigilância em Saúde do Ministério da Saúde.</p><p>O Secretário de Vigilância em Saúde do Ministério da Saúde, no uso da competência que lhe foi atribuída pela Portaria GM/MS n° 323, de 22 de junho de 2020, e tendo em vista o disposto na Instrução Normativa nº 65, de 30 de julho de 2020, no Decreto n° 11.072, de 17 de maio de 2022 e considerando as atribuições do art. 5º da Portaria GM/MS nº 40, de 11 de janeiro de 2022 e de suas atualizações, resolve:</p><p>CAPÍTULO I</p><p>DAS DISPOSIÇÕES GERAIS</p><p>Art. 1º Esta Portaria estabelece os procedimentos gerais de instituição do Programa de Gestão do Trabalho (PGT) no âmbito da Secretaria de Vigilância em Saúde do Ministério da Saúde (SVS/MS)</p><p>§ 1º Além do disposto nesta Portaria, deverão ser observados:</p><p>I - o Decreto nº 11.072, de 17 de maio de 2022;</p><p>II - a Instrução Normativa SGP/ME nº 65, de 30 de julho de 2020;</p><p>III - a Portaria GM/MS nº 40, de 11 de janeiro de 2022 (alterada pela Portaria GM/MS nº 1.358, de 3 junho de 2022), e</p><p>IV - demais normas aplicáveis.</p><p>§ 2º O disposto nesta Portaria se aplica a todos os servidores públicos, ocupantes de cargos em comissão e função comissionada, empregados públicos e contratados temporários, em exercício nas unidades administrativas da Secretaria de Vigilância em Saúde do Ministério da Saúde (SVS/MS), conforme art. 3º da Portaria GM/MS nº 40, de 2022 (alterada pela Portaria GM/MS nº 1.358, de 3 junho de 2022).</p><p>Art. 2º Para fins do disposto nesta Portaria, considera-se:</p><p>I - programa de gestão do trabalho: ferramenta de gestão autorizada em ato normativo de Ministro de Estado e respaldada por esta norma de procedimentos gerais que disciplina o exercício de atividades em que os resultados possam ser efetivamente mensurados e cuja execução possa ser realizada pelos participantes;</p><p>II - teletrabalho: modalidade de trabalho em que o cumprimento da jornada regular pelo participante pode ser realizado fora das dependências físicas do órgão, em regime de execução parcial ou integral, com a utilização de recursos tecnológicos, para a execução de atividades que sejam passíveis de controle e que possuam metas, prazos e entregas previamente definidos e, ainda, que não configurem trabalho externo, dispensado o controle de frequência;</p><p>III - atividade: conjunto de ações específicas a serem realizadas, de forma individual e supervisionada pelo chefe imediato, visando a entregas no âmbito de projetos e processos de trabalho institucionais;</p><p>IV - plano de trabalho: documento digital, elaborado pela chefia imediata ou por servidor, neste caso, de acordo com orientação e ciência da chefia imediata, com o planejamento das atividades a serem executadas pelo participante em um período definido, respeitando a equivalência da carga horária;</p><p>V - gabinete da SVS, departamentos e coordenações-gerais: setores não inferiores aos dos Cargos Comissionados Executivos (CCE) e Funções Comissionadas Executivas (FCE), de nível 13 a 15;</p><p>VI - coordenações, divisões e serviços: setores equivalentes aos dos Cargos Comissionados Executivos (CCE) e Funções Comissionadas Executivas (FCE), de nível 5 a 12;</p><p>VII - chefia imediata: autoridade imediatamente superior ao servidor participante do Programa de Gestão do Trabalho (PGT), e</p><p>VIII - relatório de acompanhamento: documento que avalia o desempenho e o alcance de metas pelos servidores participantes e pelo Ministério da Saúde, durante o Programa de Gestão do Trabalho (PGT).</p><p>Parágrafo único. Para fins do disposto nos incisos V e VI, as atribuições previstas nesta Portaria caberão, onde houver, ao setor de menor nível hierárquico.</p><p>Art. 3º Os resultados e benefícios esperados para a Secretaria de Vigilância em Saúde do Ministério da Saúde (SVS/MS) são:</p><p>I - promover a produtividade e a qualidade das entregas;</p><p>II - reduzir despesas de custeio;</p><p>III - atrair e manter novos talentos;</p><p>IV - promover a motivação e o comprometimento dos participantes com os objetivos da instituição;</p><p>V - estimular o desenvolvimento do trabalho criativo, da inovação e da cultura de governo digital;</p><p>VI - melhorar a qualidade de vida dos participantes;</p><p>VII - gerar e implementar mecanismos de avaliação e alocação de recursos, e</p><p>VIII - promover a cultura orientada a resultados, com foco no incremento da eficiência e da efetividade na prestação de serviço.</p><p>Art. 4º A execução de atividades em teletrabalho não poderá:</p><p>I - prejudicar o atendimento ao público interno e externo, e</p><p>II - abranger atividades cuja natureza exija a presença física do participante na unidade ou que sejam desenvolvidas por meio de trabalho externo.</p><p>CAPÍTULO II</p><p>DAS REGRAS GERAIS DO PGT NO ÂMBITO DA SVS/MS</p><p>Art. 5º Poderão ser adotados os seguintes regimes de execução no Programa de Gestão do Trabalho (PGT):</p><p>I - execução integral: quando a forma de teletrabalho a que está submetido o participante compreende a totalidade de sua jornada de trabalho, dispensado o ponto de frequência, e</p><p>II - execução parcial: quando a forma de teletrabalho a que está submetido o participante restringe-se a um cronograma específico, dispensado o controle de frequência exclusivamente nos dias em que a atividade laboral seja executada remotamente.</p><p>§ 1º Poderão participar do regime de execução integral, no máximo, 20% (vinte por cento) do total da força de trabalho da SVS, desconsiderado o regime de execução parcial, proporcionalmente ao quantitativo de servidores de cada coordenação.</p><p>§ 2º Não há limitação para a participação simultânea no regime de execução parcial, devendo a coordenação ou divisão estabelecer os parâmetros pertinentes ao cronograma do teletrabalho.</p><p>Art. 6º O PGT no âmbito da SVS/MS, além do disposto na Instrução Normativa SGP/ME nº 65, de 2020, na Portaria GM/MS nº 40, de 2022 e no Decreto n° 11.072, de 17 de maio de 2022, observará as seguintes regras:</p><p>I - o percentual de produtividade adicional deverá ser iniciado em, no mínimo, 5% (cinco por cento), limitado a 15% (quinze por cento) por atividade; e</p><p>II - o teletrabalho com o agente público residindo no exterior deve observar o disposto no art. 13 do Decreto nº 11.072, de 2022.</p><p>CAPÍTULO III</p><p>DA EXECUÇÃO DO PGT</p><p>Art. 7º A execução do Programa de Gestão do Trabalho (PGT/SVS/MS) contemplará as seguintes etapas:</p><p>I - definição do Programa de Gestão do Trabalho (PGT) no gabinete da SVS e em cada departamento, coordenação-geral, coordenação, divisão ou serviço, no âmbito de suas competências;</p><p>II - disponibilidade de prazo para habilitação dos servidores;</p><p>III - seleção dos candidatos pelo chefe imediato;</p><p>IV - aceite do Programa de Gestão do Trabalho (PGT/SVS/MS) pelo participante;</p><p>V - elaboração de plano de trabalho para cada participante, e</p><p>VI - avaliação pela chefia imediata das entregas realizadas.</p><p>Parágrafo único. As atividades inerentes à execução do Programa de Gestão do Trabalho (PGT/SVS/MS) ocorrerão por meio do Sistema Informatizado do Programa de Gestão (SISGP).</p><p>Art. 8º O Programa de Gestão do Trabalho (PGT/SVS/MS) será definido para cada coordenação, divisão ou serviço, com o quantitativo de vagas, o regime de execução e as atividades que deverão ser executadas dentro do prazo de até 1 (um) ano.</p><p>§ 1º O quantitativo de vagas e o regime de execução serão estabelecidos em observância ao disposto nos arts. 4º e 5º desta Portaria.</p><p>§ 2º As atividades a serem realizadas no Programa de Gestão do Trabalho (PGT/SVS/MS) serão registradas no Sistema Informatizado do Programa de Gestão (SISGP), em conformidade com a tabela constante no Anexo I.</p><p>§ 3º Qualquer alteração na Tabela de Atividades deve ter anuência do gabinete da SVS e dos departamentos, coordenações-gerais, coordenação, divisão e serviço, no âmbito de suas competências;</p><p>Art. 9º Após a definição do Programa de Gestão do Trabalho (PGT/SVS/MS) no gabinete da SVS, na coordenação, divisão e serviço nos termos do art. 8º desta Portaria, serão divulgados o prazo e as regras para participação dos servidores da unidade.</p><p>§ 1º Para participar do Programa de Gestão do Trabalho (PGT/SVS/MS), o candidato deverá se inscrever por meio do Sistema Informatizado do Programa de Gestão (SISGP).</p><p>§ 2º A adesão ao Programa de Gestão do Trabalho (PGT/SVS/MS) é facultativa, não gera direito adquirido à permanência e não implica em alteração de lotação e exercício.</p><p>Art. 10. Findo o prazo de inscrições, a chefia imediata selecionará, por meio do Sistema Informatizado do Programa de Gestão (SISGP), os candidatos que participarão do Programa de Gestão do Trabalho (PGT/SVS/MS).</p><p>§ 1º A seleção de que trata o caput considerará:</p><p>I - o preenchimento dos requisitos do Programa de Gestão do Trabalho (PGT/SVS/MS);</p><p>II - o perfil mais adequado à execução das atividades, e</p><p>III - as habilidades pessoais, o conhecimento técnico e a experiência do candidato.</p><p>§ 2º No regime de execução integral, caso o total de candidatos inscritos exceda o quantitativo de vagas e houver igualdade de habilidades e características entre os habilitados, o chefe imediato observará os critérios de priorização constantes no § 2º do art. 12 da Instrução Normativa SGP/ME nº 65, de 2020.</p><p>Art. 11. Os candidatos selecionados para participação no Programa de Gestão do Trabalho (PGT/SVS/MS) deverão assinar termo de ciência e responsabilidade, conforme o Anexo II, por meio do qual prestarão anuência, entre outras, às seguintes responsabilidades:</p><p>I - observar, estritamente, as normas constantes na Instrução Normativa SGP/ME nº 65, de 2020, na Portaria GM/MS nº 40, de 2022, no Decreto n° 11.072, de 17 de maio de 2022, nesta Portaria e nas demais normas aplicáveis;</p><p>II - custear as estruturas físicas e tecnológicas necessárias, mediante a utilização de equipamentos e mobiliários adequados, assumindo todos os custos referentes a conexão a internet, energia elétrica e telefonia, entre outras despesas decorrentes do exercício de suas atribuições;</p><p>III - desenvolver suas atribuições em conformidade com o plano de trabalho a ser acordado com a chefia imediata;</p><p>IV - atender às convocações para comparecimento presencial, sempre que sua presença física for necessária e houver interesse da administração pública, mediante convocação com antecedência mínima de 72 (setenta e duas) horas, excepcionalmente podendo ser reduzido, quando houver interesse fundamentado da Administração ou pendência que não possa ser solucionada por meios telemáticos ou informatizados ou considerando situações de emergência em saúde pública.</p><p>V - manter os dados cadastrais e de contato permanentemente atualizados e ativos;</p><p>VI - permanecer em disponibilidade constante para contato, por telefonia fixa ou móvel ou por outros meios, pelo período a ser acordado com a chefia imediata;</p><p>VII - priorizar o atendimento ao serviço durante o horário de funcionamento da unidade administrativa;</p><p>VIII - comunicar à chefia imediata a ocorrência de afastamentos, licenças ou outros impedimentos para eventual adequação das metas e prazos ou possível redistribuição do trabalho, e</p><p>IX - zelar pelas informações acessadas remotamente, observando as normas internas e externas de segurança da informação e a salvaguarda de informações de natureza sigilosa.</p><p>§ 1º A convocação de que trata o inciso IV será devidamente justificada pela chefia imediata e, em caso de descumprimento pelo participante, será registrada falta, salvo na hipótese do art. 4º da Portaria GM/MS nº 40, de 2022.</p><p>§ 2º As comunicações entre a chefia imediata e o servidor de que trata o inciso VI observarão o horário previamente acordado no plano de trabalho, respeitada a jornada diária de trabalho.</p><p>§ 3º Os participantes do Programa de Gestão do Trabalho (PGT/SVS/MS) ficarão dispensados do controle de frequência, à exceção dos períodos de atividade presencial.</p><p>Art. 12. Após a assinatura do termo de ciência e responsabilidade, a chefia imediata, ou o servidor, neste caso, de acordo com orientação e ciência da chefia imediata, elaborará um plano de trabalho para cada participante, que conterá, entre outros:</p><p>I - as atividades a serem desenvolvidas, com as respectivas metas a serem alcançadas, expressas em horas equivalentes;</p><p>II - a duração do plano de trabalho poderá ter o prazo de até 1 (um) ano, podendo ser prorrogado.</p><p>III - o regime de execução, indicando o cronograma em que a jornada será cumprida em regime presencial, na hipótese de regime de execução parcial.</p><p>§ 1º A chefia imediata poderá redefinir as atividades e metas do participante por necessidade do serviço, na hipótese de surgimento de demanda prioritária cujas atividades não tenham sido previamente acordadas.</p><p>§ 2º A duração máxima do plano de trabalho será compatível com o quantitativo de horas da jornada semanal do servidor, totalizando 40h, 30h ou 20h, conforme o caso, com suas datas de início e fim fixadas em dias úteis.</p><p>§ 3º Para fins do disposto no § 2º, devem ser deduzidos das horas do plano de trabalho as férias, as licenças e os afastamentos previstos em lei, além de feriados, pontos facultativos, entre outros.</p><p>§ 4º Ao plano de trabalho será anexado o termo de ciência e responsabilidade de que trata o Anexo II.</p><p>Art. 13. A chefia imediata realizará a aferição das entregas realizadas ao final das atividades, mediante análise fundamentada, quanto ao atingimento ou não das metas estipuladas.</p><p>§ 1º A aferição que trata o caput deve ser registrada em valor que varie de 0 (zero) a 10 (dez), em que 0 (zero) é a menor nota e 10 (dez) a maior nota, somente sendo consideradas aceitas as entregas cuja nota atribuída pela chefia imediata seja igual ou superior a 5 (cinco).</p><p>§ 2º A avaliação deve ser realizada periodicamente e ser baseada nos pontos de controle periódicos e nas entregas parciais.</p><p>§ 3º A avaliação total é obrigatória ao final do cronograma do plano de trabalho do participante.</p><p>§ 4º Na hipótese de não entrega ou de avaliação de qualidade "insatisfatória", isto é, abaixo de 5 (cinco), deverá ocorrer ação ou indicação de cursos ou afins, visando à melhoria da qualidade dos trabalhos executados.</p><p>Art. 14. O desligamento do participante do Programa de Gestão do Trabalho (PGT/SVS/MS), nas hipóteses previstas no art. 19 da Instrução Normativa SGP/ME nº 65, de 2020, será de responsabilidade do gabinete da SVS, dos departamentos e coordenações-gerais, que o farão mediante solicitação fundamentada das coordenações e divisões ou serviço.</p><p>Parágrafo único. O desligamento deve ser precedido de notificação ao participante, conforme definido no art. 21 da Instrução Normativa SGP/ME nº 65, de 2020.</p><p>CAPÍTULO IV</p><p>DAS ATRIBUIÇÕES NO ÂMBITO DO PGT</p><p>Art. 15. Além do previsto nesta Portaria, na Instrução Normativa SGP/ME nº 65 e no Decreto n° 11.072, de 17 de maio de 2022, de 2020, constituem atribuições e responsabilidades:</p><p>I - da chefia imediata:</p><p>a) acompanhar e avaliar a qualidade dos trabalhos executados e a adaptação dos participantes;</p><p>b) manter contato permanente com os participantes para repassar instruções e manifestar considerações sobre sua atuação;</p><p>c) acompanhar e avaliar as atividades e as metas previamente pactuadas no plano de trabalho dos participantes; e</p><p>d) dar ciência ao dirigente máximo da unidade administrativa sobre a evolução do Programa de Gestão do Trabalho (PGT/SVS/MS), as dificuldades encontradas e quaisquer outras situações ocorridas.</p><p>II - das coordenações, divisões e serviços:</p><p>a) divulgar as regras para participação dos servidores no Programa de Gestão do Trabalho (PGT/SVS/MS) da unidade;</p><p>b) divulgar nominalmente no Sistema Eletrônico de Informações (SEI) os participantes do PGT/SVS/MS, mantendo a relação atualizada;</p><p>c) analisar, acompanhar e controlar os resultados do Programa de Gestão do Trabalho (PGT/SVS/MS) em sua unidade, considerando as metas fixadas;</p><p>d) colaborar com a Coordenação-Geral de Gestão de Pessoas (COGEP/SAA/SE/MS) e o Departamento de Monitoramento e Avaliação do SUS (DEMAS/SE/MS) no acompanhamento de resultados institucionais para melhor execução do Programa de Gestão do Trabalho (PGT/SVS/MS), e</p><p>e) elaborar anualmente os relatórios gerenciais e de acompanhamento de que trata o art. 17 da Instrução Normativa SGP/ME nº 65, de 2020, a serem submetidos ao Comitê Gestor do Programa de Gestão do Trabalho do Ministério da Saúde (CG-PGT/MS).</p><p>III - do gabinete da SVS e dos departamentos e coordenações-gerais:</p><p>a) preencher o relatório gerencial na forma do Anexo III desta Portaria, para divulgação dos resultados alcançados pelo Programa de Gestão do Trabalho (PGT/SVS/MS) em sítio eletrônico do órgão do Ministério da Saúde; e</p><p>b) supervisionar a aplicação e a disseminação das regras desta Portaria.</p><p>Art. 16. Compete ao Departamento de Informática do Sistema Único de Saúde (DATASUS/SE/MS) viabilizar o acesso ao sistema informatizado dos participantes em regime de teletrabalho.</p><p>CAPÍTULO V</p><p>DAS DISPOSIÇÕES FINAIS E TRANSITÓRIAS</p><p>Art. 17. Decorridos 6 (seis) meses da publicação desta Portaria, as unidades organizacionais elaborarão relatório sobre a execução do Programa de Gestão do Trabalho (PGT/SVS/MS), conforme art. 15 da Instrução Normativa SGP/ME nº 65, de 2020, e o enviarão para manifestação técnica do Comitê Gestor do Programa de Gestão do Trabalho do Ministério da Saúde (CG-PGT/MS), para posterior publicação.</p><p>Art. 18. Serão divulgadas no sítio eletrônico do Ministério da Saúde:</p><p>I - as informações especificadas no § 1º do art. 28 da Instrução Normativa SGP/ME nº 65, de 2020, e</p><p>II - a tabela de atividades de que trata o Anexo I.</p><p>Parágrafo único. O plano de trabalho e o termo de ciência e responsabilidade também serão registrados em processo específico no SEI e divulgados no âmbito das coordenações e divisões, para fins de controle e transparência.</p><p>Art. 19. O Comitê Gestor do Programa de Gestão do Trabalho do Ministério da Saúde (CG-PGT/MS) coordenará a elaboração do relatório gerencial, constante no Anexo III, a ser encaminhado ao órgão central do Sistema de Pessoal Civil da Administração Federal (SIPEC) até o dia 30 de novembro de cada ano, contendo a análise dos benefícios e resultados advindos da implementação do Programa de Gestão do Trabalho (PGT/MS).</p><p>Art. 20. Esta Portaria entra em vigor na data de sua publicação.</p><p class="assina">ARNALDO CORREIA DE MEDEIROS</p><p>ANEXO I - TABELA DE ATIVIDADES</p><p /><p></p><table><tr /><tr><td rowspan="1" colspan="1"><p>Atividade</p></td><td rowspan="1" colspan="1"><p>Faixa de complexidade da atividade</p></td><td rowspan="1" colspan="1"><p>Tempo de execução da atividade em regime presencial (Horas)</p></td><td rowspan="1" colspan="1"><p>Tempo de execução da atividade em regime de teletrabalho (horas)</p></td><td rowspan="1" colspan="1"><p>Ganho de produtividade (%)</p></td><td rowspan="1" colspan="1"><p>Entregas esperadas</p></td></tr><tr><td rowspan="1" colspan="1"><p>[Descrição das atividades que possam ser mensuradas]</p></td><td rowspan="1" colspan="1"><p>[conforme critérios estabelecidos na tabela de complexidade]</p></td><td rowspan="1" colspan="1"><p>[Em horas, com base na tabela de complexidade]</p></td><td rowspan="1" colspan="1"><p>[Em horas, com base na tabela de complexidade]</p></td><td rowspan="1" colspan="1"><p>[entre 5% e 15%]</p></td><td rowspan="1" colspan="1"><p>[É vedada a inclusão de atividades cujos resultados não possam ser mensurados]</p></td></tr></table><p /><p></p><table><tr /><tr><td rowspan="1" colspan="2"><p>PARÂMETROS DE HORAS</p></td><td rowspan="1" colspan="1" /></tr><tr><td rowspan="1" colspan="1"><p>Faixa de complexidade</p></td><td rowspan="1" colspan="1"><p>Descrição</p></td><td rowspan="1" colspan="1"><p>Horas (até)</p></td></tr><tr><td rowspan="1" colspan="1"><p>A</p></td><td rowspan="1" colspan="1"><p>Altíssima complexidade</p></td><td rowspan="1" colspan="1"><p>40</p></td></tr><tr><td rowspan="1" colspan="1"><p>B</p></td><td rowspan="1" colspan="1"><p>Alta complexidade</p></td><td rowspan="1" colspan="1"><p>24</p></td></tr><tr><td rowspan="1" colspan="1"><p>C</p></td><td rowspan="1" colspan="1"><p>Média alta complexidade</p></td><td rowspan="1" colspan="1"><p>16</p></td></tr><tr><td rowspan="1" colspan="1"><p>D</p></td><td rowspan="1" colspan="1"><p>Média complexidade</p></td><td rowspan="1" colspan="1"><p>8</p></td></tr><tr><td rowspan="1" colspan="1"><p>E</p></td><td rowspan="1" colspan="1"><p>Baixa complexidade</p></td><td rowspan="1" colspan="1"><p>4</p></td></tr><tr><td rowspan="1" colspan="1"><p>F</p></td><td rowspan="1" colspan="1"><p>Baixíssima complexidade</p></td><td rowspan="1" colspan="1"><p>2</p></td></tr></table><p>Nota: os parâmetros adotados para definição das faixas de complexidade foram efetivados dimensionando o tempo médio de cada atividade, de modo que uma atividade possa ser executada em vários níveis de complexidade, considerando o tempo de execução da atividade, e não o esforço cognitivo.</p><p>ANEXO II - TERMO DE CIÊNCIA E RESPONSABILIDADE</p><p /><p></p><table><tr /><tr><td rowspan="1" colspan="3"><p>1 - Identificação do participante</p></td></tr><tr><td rowspan="1" colspan="3"><p>Nome:</p></td></tr><tr><td rowspan="1" colspan="3"><p>Matrícula SIAPE:</p></td></tr><tr><td rowspan="1" colspan="3"><p>E-mail</p></td></tr><tr><td rowspan="1" colspan="1"><p>Telefones para contato</p></td><td rowspan="1" colspan="1"><p>Celular</p></td><td rowspan="1" colspan="1"><p>Fixo</p></td></tr><tr><td rowspan="1" colspan="1"><p>Unidade de exercício</p></td><td rowspan="1" colspan="2" /></tr><tr><td rowspan="1" colspan="3"><p>1.1 - Identificação da chefia imediata</p></td></tr><tr><td rowspan="1" colspan="1"><p>Nome:</p></td><td rowspan="1" colspan="2" /></tr><tr><td rowspan="1" colspan="1"><p>Telefone para contato:</p></td><td rowspan="1" colspan="2" /></tr><tr><td rowspan="1" colspan="1"><p>E-mail:</p></td><td rowspan="1" colspan="2" /></tr><tr><td rowspan="1" colspan="3"><p>2 - Regime de execução</p></td></tr><tr><td rowspan="1" colspan="3"><p>Assinale uma das alternativas:</p><p>( ) Regime de execução integral.</p><p>( ) Regime de execução parcial. Nesse caso, informe cronograma em que cumprirá a jornada presencial:</p></td></tr><tr><td rowspan="1" colspan="3"><p>Jornada de trabalho presencial</p><p>[Se semanal]</p><p>Dia: Segunda-feira | Terça -feira | Quarta-feira | Quinta-feira | Sexta-feira</p><p>Carga horária</p></td></tr><tr><td rowspan="1" colspan="3"><p>[Se mensal]</p><p>Dia(s)</p><p>Carga horária</p><p>[Outra jornada de trabalho - (Descrever)]</p><p>Carga horária</p></td></tr><tr><td rowspan="1" colspan="3"><p>O participante do Programa de Gestão do Trabalho (PGT) acima qualificado declara que está ciente das seguintes responsabilidades, entre outras:</p><p>I - observar, estritamente, as normas constantes na Instrução Normativa SGP/ME nº 65, de 30 de julho de 2020, na Portaria GM/MS nº 40, de 11 de janeiro de 2022, e nas demais normas aplicáveis;</p><p>II - custear as estruturas físicas e tecnológicas necessárias, mediante a utilização de equipamentos e mobiliários adequados, assumindo todos os custos referentes a conexão a internet, energia elétrica e telefonia, entre outras despesas decorrentes do exercício de suas atribuições;</p><p>III - desenvolver suas atribuições em conformidade com o plano de trabalho a ser acordado com a chefia imediata;</p></td></tr><tr><td rowspan="1" colspan="3"><p>IV - atender às convocações para comparecimento presencial, sempre que sua presença física for necessária e houver interesse da administração pública, mediante convocação com antecedência mínima de 72 (setenta e duas) horas, e, em caso de descumprimento, será registrado falta, salvo na hipótese do art. 4º da Portaria GM/MS nº 40, de 2022;</p><p>V - manter os dados cadastrais e de contato permanentemente atualizados e ativos;</p><p>VI - permanecer em disponibilidade constante para contato, por telefonia fixa ou móvel ou por outros meios, pelo período a ser acordado com a chefia imediata;</p><p>VI - priorizar o atendimento ao serviço durante o horário de funcionamento da unidade administrativa;</p></td></tr><tr><td rowspan="1" colspan="3"><p>VII - comunicar à chefia imediata a ocorrência de afastamentos, licenças ou outros impedimentos para eventual adequação das metas e prazos ou possível redistribuição do trabalho; e</p><p>IX - zelar pelas informações acessadas remotamente, observando as normas internas e externas de segurança da informação e a salvaguarda de informações de natureza sigilosa.</p><p>X - de que sua participação no Programa não constitui direito adquirido, podendo ser desligado nas condições estabelecidas no Capítulo III da Instrução Normativa SGP/ME nº 65, de 2020, e na Portaria GM/MS nº 40, de 2022;</p><p>XI - da vedação de pagamento das vantagens a que se referem os arts. 29 a 36 da Instrução Normativa SGP/ME nº 65, de 2020;</p></td></tr><tr><td rowspan="1" colspan="3"><p>XII - da vedação de utilização de terceiros para a execução dos trabalhos acordados como parte das metas; e</p><p>XIII - do dever de observar as disposições constantes na Lei nº 13.709, de 14 de agosto de 2018, "Lei Geral de Proteção de Dados Pessoais" (LGPD), no que couber, e as orientações da Portaria SEDGG/ME nº 15.543, de 2 de julho de 2020, que divulga o Manual de Conduta do Agente Público Civil do Poder Executivo Federal.</p></td></tr><tr><td rowspan="1" colspan="3"><p>Local e data</p><p>__________________________ __________________________</p><p>Assinatura do participante Assinatura da chefia Imediata</p></td></tr></table><p>ANEXO III - RELATÓRIO GERENCIAL DE MONITORAMENTO DO PROGRAMA DE GESTÃO DO TRABALHO (PGT)</p><p /><p></p><table><tr /><tr><td rowspan="1" colspan="6"><p>I - ASPECTOS QUANTITATIVOS</p><p>a) Total de participantes e percentual em relação ao quadro de pessoal:</p></td></tr><tr><td rowspan="1" colspan="1"><p>Quadro de pessoal</p></td><td rowspan="1" colspan="4"><p>Total de participantes do programa de gestão</p></td><td rowspan="1" colspan="1"><p>Percentual em relação ao programa de gestão</p></td></tr><tr><td rowspan="1" colspan="6" /></tr><tr><td rowspan="1" colspan="6"><p>b) Variação de gastos, quando houver, em valores absolutos e percentuais:</p></td></tr><tr><td rowspan="1" colspan="1"><p>Especificação dos gastos</p></td><td rowspan="1" colspan="1"><p>Gastos em período</p><p>equivalente anterior</p><p>(R$)</p></td><td rowspan="1" colspan="2"><p>Gastos no período de programa de gestão</p><p>(R$)</p></td><td rowspan="1" colspan="1"><p>Variação absoluta</p></td><td rowspan="1" colspan="1"><p>Variação percentual</p></td></tr><tr><td rowspan="1" colspan="6" /></tr><tr><td rowspan="1" colspan="6"><p>c) Variação de produtividade, quando houver, em valores absolutos e percentuais:</p></td></tr><tr><td rowspan="1" colspan="1"><p>Produtividade em período equivalente anterior</p></td><td rowspan="1" colspan="2"><p>Produtividade no período de programa de gestão</p></td><td rowspan="1" colspan="2"><p>Variação absoluta</p></td><td rowspan="1" colspan="1"><p>Variação percentual</p></td></tr><tr><td rowspan="1" colspan="6" /></tr><tr><td rowspan="1" colspan="6"><p>d) Variação de agentes públicos, por unidade, após adesão ao programa de gestão:</p></td></tr><tr><td rowspan="1" colspan="1"><p>Agentes públicos em período equivalente anterior</p></td><td rowspan="1" colspan="2"><p>Agentes públicos no período de programa de gestão</p></td><td rowspan="1" colspan="2"><p>Variação absoluta</p></td><td rowspan="1" colspan="1"><p>Variação percentual</p></td></tr><tr><td rowspan="1" colspan="6" /></tr><tr><td rowspan="1" colspan="6"><p>e) Variação no absenteísmo, em valores absolutos e percentuais:</p></td></tr><tr><td rowspan="1" colspan="1"><p>Absenteísmo em período equivalente anterior</p></td><td rowspan="1" colspan="2"><p>Absenteísmo no período de programa de gestão</p></td><td rowspan="1" colspan="2"><p>Variação absoluta</p></td><td rowspan="1" colspan="1"><p>Variação percentual</p></td></tr><tr><td rowspan="1" colspan="6" /></tr><tr><td rowspan="1" colspan="6"><p>f) Variação na rotatividade da força de trabalho, em valores absolutos e percentuais:</p></td></tr><tr><td rowspan="1" colspan="1"><p>Rotatividade da força de trabalho em período equivalente anterior</p></td><td rowspan="1" colspan="2"><p>Rotatividade da força de trabalho em período de programa de gestão</p></td><td rowspan="1" colspan="2"><p>Variação absoluta</p></td><td rowspan="1" colspan="1"><p>Variação percentual</p></td></tr><tr><td rowspan="1" colspan="6" /></tr><tr><td rowspan="1" colspan="6"><p>II - ASPECTOS QUALITATIVOS</p></td></tr><tr><td rowspan="1" colspan="6"><p>1. Melhoria na qualidade dos produtos entregues</p></td></tr><tr><td rowspan="1" colspan="6"><p>2. Dificuldades enfrentadas</p></td></tr><tr><td rowspan="1" colspan="6"><p>3. Boas práticas implementadas</p></td></tr><tr><td rowspan="1" colspan="6"><p>4. Sugestões de aperfeiçoamento desta Portaria, quando houver</p></td></tr></table><p>Assim, encaminho o presente relatório gerencial ao órgão central do Sistema de Pessoal Civil da Administração Federal (SIPEC), em atendimento ao parágrafo único do art. 17 da Instrução Normativa SGP/ME nº 65, de 30 de julho de 2020.</p><p>Local e data: (o relatório deverá ser encaminhado anualmente, até 30 de novembro) Nome e assinatura do responsável:</p>]]></Texto>
  </body>
  <Midias />
</article></xml>