﻿<xml><article id="27705162" name="ATO ATA DA QUINTA SESSAO" idOficio="7355203" pubName="DO1" artType="Ata" pubDate="25/08/2022" artClass="00007:00051:00000:00000:00000:00000:00000:00000:00000:00000:00005:00008" artCategory="Ministério da Agricultura, Pecuária e Abastecimento/Secretaria de Política Agrícola" artSize="12" artNotes="" numberPage="20" pdfPage="http://pesquisa.in.gov.br/imprensa/jsp/visualiza/index.jsp?data=25/08/2022&amp;jornal=515&amp;pagina=20" editionNumber="162" highlightType="" highlightPriority="" highlight="" highlightimage="" highlightimagename="" idMateria="14836122">
  <body>
    <Identifica><![CDATA[ ATA DA 5ª SESSÃO DO COLEGIADO REALIZADA EM 19 DE JULHO DE 2022]]></Identifica>
    <Data><![CDATA[]]></Data>
    <Ementa />
    <Titulo />
    <SubTitulo />
    <Texto><![CDATA[<p class="identifica">ATA DA 5ª SESSÃO DO COLEGIADO REALIZADA EM 19 DE JULHO DE 2022</p><p>Ao décimo nono dia do mês de julho do ano de dois mil e vinte dois, o Colegiado da Comissão Especial de Recursos do Programa de Garantia da Atividade Agropecuária (CER/PROAGRO) julgou remotamente os recursos constantes da pauta. Os julgamentos dos recursos ocorreram sob a Presidência do representante do Ministério da Agricultura, Pecuária e Abastecimento (MAPA), Guilherme Soria Bastos Filho. Participaram os representantes legais das instituições que compõem o Colegiado, como segue: Felipe de Faria Atta, do Banco Central do Brasil (BCB); Sérgio Rosa Ferrão, da Secretaria de Política Econômica do Ministério da Economia(SPE/ME); Iran Pereira Veiga Júnior, do Ministério da Economia (ME); e Gerlania Ribeiro de Moraes, da Secretaria de Política Agrícola do Ministério da Agricultura, Pecuária e Abastecimento (SPA/MAPA), que emitiram suas manifestações e propostas de voto no período compreendido entre os dias 19 e 29 de julho de 2022. Os julgamentos ocorreram de acordo com o Decreto n° 10.124, de 21 de novembro de 2019. O membro do colegiado, após receber a planilha com proposta de voto elaborada pela Coordenação de Controle e Análise de Processos, manifestou-se a favor ou contra, com justificativa, e o voto final do colegiado foi definido por maioria. Registra-se manifestação do SICOOB, na condição de defesa prévia. Foram submetidos a julgamento 192 (cento e noventa e dois) recursos administrativos dirigidos à CER, autuados em processos, discriminados na Planilha de votação e pauta de julgamento, datado de 19 de julho de 2022, de mutuários de diversas Instituições Financeiras: 65 (sessenta e cinco) do Banco do Brasil; 55 (cinquenta e cinco) do Banrisul; 4 (quatro) da Cresol Sicoper; 5 (cinco) da Cresol Central; 11 (onze) da Cresol Baser; 32 (trinta e dois) do SICREDI; 20 (vinte) do SICOOB, sendo que 123 (cento e vinte e três) tiveram seus recursos acolhidos, 57 (cinquenta e sete) negados, e 12 (doze) pedidos de vista do ME e SPE. Os processos julgados são: 2 (dois) da safra 2017/2017; 2 (dois) da safra 2017/2018; 2 (dois) da safra 2018/2018; 5 (cinco) da safra 2018/2019, 1 (um) da safra 2019/2019; 103 (cento e três) da safra 2019/2020; 15 (quinze) da safra 2020/2020; e 62 (sessenta e dois) da safra 2020/2021. Destes, 27 (vinte e sete) são PROAGRO "TRADICIONAL", e 165 (cento e sessenta e cinco), PROAGRO "MAIS". Nada mais havendo a tratar, os julgamentos dos recursos transcorreram, utilizando o Sistema de Julgamento de Recursos da CER, entre os dias 19 e 29 de julho de 2022, do que para constar, eu, Gerlania Ribeiro de Moraes na condição de secretária da reunião, lavrei a presente Ata, que foi encaminhada por meio eletrônico, juntamente com os votos compilados de todos os membros, aos participantes do julgamento, e, após aprovação, vai assinada por mim e pelo Senhor Presidente.</p><p class="assina">GERLÂNIA RIBEIRO DE MORAES</p><p class="cargo">Membro</p><p class="assina">GUILHERME SORIA BASTOS FILHO</p><p class="cargo">Presidente Comissão Especial de Recursos</p>]]></Texto>
  </body>
  <Midias />
</article></xml>