﻿<xml><article id="27705399" name="ADE6JUIZDEFORA104" idOficio="7355265" pubName="DO1" artType="Ato Declaratório" pubDate="25/08/2022" artClass="00015:00045:00432:00098:00009:00000:00000:00000:00000:00000:00007:00001" artCategory="Ministério da Economia/Secretaria Especial da Receita Federal do Brasil/Subsecretaria-Geral da Receita Federal do Brasil/Superintendência Regional da 6ª Região Fiscal/Delegacia da Receita Federal do Brasil em Juiz de Fora" artSize="12" artNotes="" numberPage="210" pdfPage="http://pesquisa.in.gov.br/imprensa/jsp/visualiza/index.jsp?data=25/08/2022&amp;jornal=515&amp;pagina=210" editionNumber="162" highlightType="" highlightPriority="" highlight="" highlightimage="" highlightimagename="" idMateria="14836188">
  <body>
    <Identifica><![CDATA[ ATO DECLARATÓRIO EXECUTIVO Nº 104, DE 24 DE AGOSTO DE 2022]]></Identifica>
    <Data><![CDATA[]]></Data>
    <Ementa><![CDATA[ Inscreve empresa no Registro Especial para produtor de bebidas alcoólicas na forma prevista na IN RFB/1.432/2013.]]></Ementa>
    <Titulo />
    <SubTitulo />
    <Texto><![CDATA[<p class="identifica">ATO DECLARATÓRIO EXECUTIVO Nº 104, DE 24 DE AGOSTO DE 2022</p><p class="ementa">Inscreve empresa no Registro Especial para produtor de bebidas alcoólicas na forma prevista na IN RFB/1.432/2013.</p><p>O DELEGADO DA DELEGACIA DA RECEITA FEDERAL DO BRASIL EM JUIZ DE FORA-MG, no uso das atribuições que lhe conferem o inciso III do art. 360 e o inciso III do §1º do Art. 299 do Regimento Interno da Secretária da Receita Federal do Brasil, aprovado pela Portaria ME nº 284, de 27 de julho de 2020, e tendo em vista o disposto no artigo 3º da Instrução Normativa RFB nº 1.432, de 26 de dezembro de 2013 e, ainda, o que consta no dossiê digital de atendimento nº 13031.917302/2021-36, declara:</p><p>Art.1º.- Inscrita no Registro Especial sob o nº 06104/239 a empresa CACHAÇA MOÇA DE FAMÍLIA EIRELI, CNPJ 28.179.918/0001-69, Situada na Estrada Ervália/Careço, s/nº, km 05, Fazenda São João, Zona Rural, Município de Ervália, MG, não alcançando este registro qualquer outro estabelecimento da mesma empresa, que exerce a atividade de produtor de bebidas alcoólicas das marcas comerciais "MOÇA DE FAMÍLIA PRATA, MOÇA DE FAMÍLIA CARVALHO".</p><p>Art. 2º O estabelecimento acima deverá cumprir as obrigações citadas na IN/RFB nº 1.432/2013, sob pena de suspensão ou cancelamento da inscrição.</p><p>Art. 3º Este Ato Declaratório somente terá validade após a sua publicação no Diário Oficial da União.</p><p class="assina">MARCOS ADRIANO AMORIM</p>]]></Texto>
  </body>
  <Midias />
</article></xml>