﻿<xml><article id="27705198" name="Res_Desp_2.331_2022_SFG" idOficio="7355225" pubName="DO1" artType="Despacho" pubDate="25/08/2022" artClass="00023:00029:00033:00000:00000:00000:00000:00000:00000:00000:00024:00001" artCategory="Ministério de Minas e Energia/Agência Nacional de Energia Elétrica/Superintendência de Fiscalização dos Serviços de Geração" artSize="12" artNotes="" numberPage="258" pdfPage="http://pesquisa.in.gov.br/imprensa/jsp/visualiza/index.jsp?data=25/08/2022&amp;jornal=515&amp;pagina=258" editionNumber="162" highlightType="" highlightPriority="" highlight="" highlightimage="" highlightimagename="" idMateria="14836144">
  <body>
    <Identifica><![CDATA[ DESPACHO  Nº 2.331, DE 24 DE AGOSTO DE 2022]]></Identifica>
    <Data><![CDATA[]]></Data>
    <Ementa />
    <Titulo />
    <SubTitulo />
    <Texto><![CDATA[<p class="identifica">DESPACHO Nº 2.331, DE 24 DE AGOSTO DE 2022</p><p>Processo nº: 48500.005054/2019-75. Interessado: Oliveira Energia Geração e Serviços Ltda. Decisão: aplicar multa de R$ 3.229.909,96 (três milhões, duzentos e vinte e nove mil, novecentos e nove reais e noventa e seis centavos), devido ao atraso na implantação da UTE Monte Cristo Sucuba. A íntegra deste Despacho consta dos autos e estará disponível em biblioteca.aneel.gov.br.</p><p class="assina">GENTIL NOGUEIRA DE SÁ JÚNIOR</p><p class="cargo">Superintendente</p>]]></Texto>
  </body>
  <Midias />
</article></xml>