﻿<xml><article id="27699138" name="DESP. DO DIRETOR - substituto 22" idOficio="7354056" pubName="DO1" artType="Despacho" pubDate="25/08/2022" artClass="00020:00032:00006:00000:00000:00000:00000:00000:00000:00000:00024:00000" artCategory="Ministério da Justiça e Segurança Pública/Secretaria Nacional de Justiça/Departamento de Promoção de Políticas de Justiça" artSize="12" artNotes="" numberPage="254" pdfPage="http://pesquisa.in.gov.br/imprensa/jsp/visualiza/index.jsp?data=25/08/2022&amp;jornal=515&amp;pagina=254" editionNumber="162" highlightType="" highlightPriority="" highlight="" highlightimage="" highlightimagename="" idMateria="14834437">
  <body>
    <Identifica><![CDATA[ DESPACHO Nº 1.603, DE 22 AGOSTO DE 2022]]></Identifica>
    <Data><![CDATA[]]></Data>
    <Ementa />
    <Titulo />
    <SubTitulo />
    <Texto><![CDATA[<p></p><p class="identifica">DESPACHO Nº 1.603, DE 22 AGOSTO DE 2022</p><p>A DIRETORA DO DEPARTAMENTO DE PROMOÇÃO DE POLÍTICAS DE JUSTIÇA - SUBSTITUTA, no uso das atribuições conferidas pelo art. 16, inciso VIII, do Anexo I, do Decreto nº 9.662, de 1º de janeiro de 2019, e considerando o disposto na Lei nº 9.790, de 23 de março de 1999, no Decreto nº 3.100, de 30 de junho de 1999 e na Portaria MJ nº 362, de 1° de março de 2016 e Portaria nº 537, de 4 de julho de 2017; resolve:</p><p>Tornar público o INDEFERIMENTO do pedido de qualificação como Organização da Sociedade Civil de Interesse Público (OSCIP), da entidade social ASSOCIAÇÃO CENTRO DE RECUPERAÇÃO CATIVAR, com sede em Luis Eduardo Magalhães/BA, inscrita no CNPJ sob o nº 26.064.909/0001-05, em razão do não-cumprimento dos requisitos exigidos pela Lei nº 9.790, de 23 de março de 1999, consoante exame promovido no âmbito do Despacho nº 1400/2022/OSCIP-OE/GAB-CGJUS/DPJUS/SENAJUS. Por oportuno, atenta-se que a entidade terá o prazo de 60 (sessenta) dias, contados a partir da publicação deste ato, para apresentar a documentação faltante, nos termos do art. 4º, § 1º, inciso III, da Portaria MJ nº 362, de 2016. Processo SEI/MJ nº 08026.000542/2022-10.</p><p class="assina">NADIA DE CASTRO AMARAL FRANCO WALLER</p><p></p>]]></Texto>
  </body>
  <Midias />
</article></xml>