﻿<xml><article id="27703597" name="Despacho 23-08-2022__WS77D7" idOficio="7354926" pubName="DO1" artType="Despacho" pubDate="25/08/2022" artClass="00020:00032:00006:00000:00000:00000:00000:00000:00000:00000:00024:00000" artCategory="Ministério da Justiça e Segurança Pública/Secretaria Nacional de Justiça/Departamento de Promoção de Políticas de Justiça" artSize="12" artNotes="" numberPage="254" pdfPage="http://pesquisa.in.gov.br/imprensa/jsp/visualiza/index.jsp?data=25/08/2022&amp;jornal=515&amp;pagina=254" editionNumber="162" highlightType="" highlightPriority="" highlight="" highlightimage="" highlightimagename="" idMateria="14835538">
  <body>
    <Identifica><![CDATA[ DESPACHO Nº 1.608, DE 23 DE AGOSTO DE 2022]]></Identifica>
    <Data><![CDATA[]]></Data>
    <Ementa />
    <Titulo />
    <SubTitulo />
    <Texto><![CDATA[<p class="identifica">DESPACHO Nº 1.608, DE 23 DE AGOSTO DE 2022</p><p /><p></p><table><tr><td rowspan="1" colspan="1"><p>DESPACHO Nº 1608/2022/DPJUS/SENAJUS</p></td></tr><tr><td rowspan="1" colspan="1"><p>Processo MJ nº: 08017.001409/2022-90</p></td></tr><tr><td rowspan="1" colspan="1"><p>Programa: "DRAGON BALL SUPER - SUPER HERO"</p></td></tr></table><p>Trata-se de requerimento formulado por SET SERVIÇOS EMPRESARIAIS LTDA, a solicitar que seja promovida a revisão da classificação indicativa atribuída à obra "DRAGON BALL SUPER - SUPER HERO" com fulcro no art. 60 da Portaria MJSP n°502 de 23 de novembro de 2021. In verbis:</p><p>Art. 60. No prazo de dez dias, contados da publicação no Diário Oficial da União, cabe pedido de reconsideração da decisão do Coordenador de Política de Classificação Indicativa, que atribuiu a faixa etária não recomendada à obra apreciada.</p><p>§ 1º O pedido de reconsideração deve ser fundamentado e instruído com a respectiva obra, quando for o caso.</p><p>§ 2º O Coordenador de Política de Classificação Indicativa decidirá em cinco dias o pedido de reconsideração, em consonância com o § 1º do art. 56 da Lei nº 9.784, de 29 de janeiro de 1999.</p><p>Art. 61. Mantendo-se a decisão inicial de indeferimento, o processo seguirá para a autoridade imediatamente superior, em via recursal, para decisão.</p><p>(...)</p><p>Art. 62. A classificação indicativa da obra poderá ser revista, de ofício, a qualquer tempo, ou mediante solicitação fundamentada, de pessoa natural ou jurídica, nos termos desta Portaria.</p><p>§ 1º A revisão mediante solicitação fundamentada somente ensejará a reanálise caso sejam apresentados elementos novos ou inconsistências da análise anterior, sempre relacionados aos critérios estabelecidos por esta Portaria e pelo Guia Prático de Classificação Indicativa pertinente ao setor.</p><p>§ 2º A solicitação de revisão prevista neste artigo não será alternativa para perda dos prazos de reconsideração e recurso previstos nos artigos 60 e 61.</p><p>Conforme destacado pela interessada: "Senhor Coordenador: DRAGON BALL: SUPER, SUPER HERO é um desenho animado japonês destinado ao público infantojuvenil. Com esse perfil e considerando que há algumas situações de violência consideramos solicitar a classificação 10 anos no Brasil, o que fizemos sob nº 08017.001409/2022-90. Mas a decisão pela classificação 12 anos, determinada pela portaria 1165 de ontem, nos leva a solicitar a Vossa Senhoria a reconsideração daquela decisão. A questão da violência existe realmente, mas é a violência consistente e esperada nos "anime" japoneses e nos parece ser uma violência muito fantasiosa até por ser apresentada em forma de desenho. E com a sempre presente lição de que o bem prevalece. Esperançosos de que uma segunda análise possa atender a expectativa do público de DRAGON BALL concedendo a indicação 10 anos, nos firmamos Atenciosamente, p.p. COLUMBIA TRISTAR FILMES DO BRASIL LTDA".</p><p>Nesse contexto, após submeter o pedido de revisão à área técnica responsável exarou-se a Nota Técnica nº 36/2022/CPCIND/DPJUS/SENAJUS/MJ (19161598), na qual restaram pormenorizadas as razões de ordem técnica que fundamentaram a manutenção da classificação indicativa atribuída à obra para "não recomendado para menores de 12 (doze) anos".</p><p>Dessa forma, acolho integralmente o teor de Nota Técnica nº 36/2022/CPCIND/DPJUS/SENAJUS/MJ, para manter a classificação inicial atribuída à obra em razão dos conteúdos de violência e de drogas lícitas.</p><p class="assina">NÁDIA DE CASTRO AMARAL FRANCO WALLER</p><p class="cargo">Diretora Substituta</p>]]></Texto>
  </body>
  <Midias />
</article></xml>