﻿<xml><article id="27707196" name="PA2022-8012" idOficio="7355575" pubName="DO1" artType="Portaria" pubDate="25/08/2022" artClass="00019:00034:00033:00009:00000:00000:00000:00000:00000:00000:00054:00003" artCategory="Ministério da Infraestrutura/Agência Nacional de Aviação Civil/Superintendência de Infraestrutura Aeroportuária/Gerência de Certificação e Segurança Operacional" artSize="12" artNotes="" numberPage="238" pdfPage="http://pesquisa.in.gov.br/imprensa/jsp/visualiza/index.jsp?data=25/08/2022&amp;jornal=515&amp;pagina=238" editionNumber="162" highlightType="" highlightPriority="" highlight="" highlightimage="" highlightimagename="" idMateria="14836632">
  <body>
    <Identifica><![CDATA[ PORTARIA Nº 8.912, DE 22 DE AGOSTO DE 2022]]></Identifica>
    <Data><![CDATA[]]></Data>
    <Ementa />
    <Titulo />
    <SubTitulo />
    <Texto><![CDATA[<p class="identifica">PORTARIA Nº 8.912, DE 22 DE AGOSTO DE 2022</p><p>O GERENTE DE CERTIFICAÇÃO E SEGURANÇA OPERACIONAL, no uso da atribuição que lhe confere o art. 4º, inciso III da Portaria nº 6.880, de 30 de dezembro de 2021, tendo em vista o disposto na Lei nº 7.565, de 19 de dezembro de 1986, e na Resolução nº 158, de 13 de julho de 2010, e Portaria nº 3.352/SIA, de 30 de outubro de 2018, e considerando o que consta do processo nº 00065.015812/2022-19, resolve:</p><p>Art. 1º Excluir o Aeródromo Privado abaixo do cadastro de aeródromos da ANAC, fechando-o ao tráfego aéreo:</p><p>I - denominação: HSBC;</p><p>II - código identificador de aeródromo - CIAD: PR0123;</p><p>III - município (UF): Curitiba (PR);</p><p>IV - ponto de referência do aeródromo (coordenadas geográficas): 25° 30' 11'' S / 049° 16' 50'' W.</p><p>Art. 2º Fica revogada a Portaria nº 1220/SIA de 21 de maio de 2015, publicada no Diário Oficial da União de 22 de maio de 2015, Seção nº 1 Página nº 6.</p><p>Art. 3º Esta Portaria entra em vigor na data de sua publicação.</p><p class="assina">FÁBIO LOPES MAGALHÃES</p>]]></Texto>
  </body>
  <Midias />
</article></xml>