﻿<xml><article id="27701840" name="DeliberaAAo DG 119-2022_2" idOficio="7354549" pubName="DO1" artType="Deliberação" pubDate="25/08/2022" artClass="00019:00035:00000:00000:00000:00000:00000:00000:00000:00000:00022:00000" artCategory="Ministério da Infraestrutura/Agência Nacional de Transportes Aquaviários" artSize="24" artNotes="" numberPage="240" pdfPage="http://pesquisa.in.gov.br/imprensa/jsp/visualiza/index.jsp?data=25/08/2022&amp;jornal=515&amp;pagina=240" editionNumber="162" highlightType="" highlightPriority="" highlight="" highlightimage="" highlightimagename="" idMateria="14835014">
  <body>
    <Identifica />
    <Data><![CDATA[]]></Data>
    <Ementa />
    <Titulo />
    <SubTitulo />
    <Texto><![CDATA[<p /><p></p><table><tr /><tr><td rowspan="1" colspan="1"><p>99</p></td><td rowspan="1" colspan="1" /><td rowspan="1" colspan="1" /><td rowspan="1" colspan="1" /><td rowspan="1" colspan="1"><p>2.6.1</p></td><td rowspan="1" colspan="1"><p>No primeiro período de 10 dias ou fração, por dia.</p></td><td rowspan="1" colspan="1"><p>2,09</p></td></tr><tr><td rowspan="1" colspan="1"><p>100</p></td><td rowspan="1" colspan="1" /><td rowspan="1" colspan="1" /><td rowspan="1" colspan="1" /><td rowspan="1" colspan="1"><p>2.6.2</p></td><td rowspan="1" colspan="1"><p>No segundo e períodos subsequentes de 10 dias ou fração, por dia.</p></td><td rowspan="1" colspan="1"><p>2,72</p></td></tr><tr><td rowspan="1" colspan="1"><p>101</p></td><td rowspan="1" colspan="1" /><td rowspan="1" colspan="1" /><td rowspan="1" colspan="1" /><td rowspan="1" colspan="1"><p>2.7</p></td><td rowspan="1" colspan="1"><p>Por contêiner refrigerado, com mercadoria nacional ou nacionalizada, por unidade:</p></td><td rowspan="1" colspan="1"><p>---</p></td></tr><tr><td rowspan="1" colspan="1"><p>102</p></td><td rowspan="1" colspan="1" /><td rowspan="1" colspan="1" /><td rowspan="1" colspan="1" /><td rowspan="1" colspan="1"><p>2.7.1</p></td><td rowspan="1" colspan="1"><p>No primeiro período de 10 dias ou fração, por dia.</p></td><td rowspan="1" colspan="1"><p>23,95</p></td></tr><tr><td rowspan="1" colspan="1"><p>103</p></td><td rowspan="1" colspan="1" /><td rowspan="1" colspan="1" /><td rowspan="1" colspan="1" /><td rowspan="1" colspan="1"><p>2.7.2</p></td><td rowspan="1" colspan="1"><p>No segundo e períodos subsequentes de 10 dias ou fração, por dia.</p></td><td rowspan="1" colspan="1"><p>28,37</p></td></tr><tr><td rowspan="1" colspan="1"><p>104</p></td><td rowspan="1" colspan="1" /><td rowspan="1" colspan="1" /><td rowspan="1" colspan="1" /><td rowspan="1" colspan="1"><p>3</p></td><td rowspan="1" colspan="1"><p>Veículos, por veículo e por dia.</p></td><td rowspan="1" colspan="1"><p>---</p></td></tr><tr><td rowspan="1" colspan="1"><p>105</p></td><td rowspan="1" colspan="1" /><td rowspan="1" colspan="1" /><td rowspan="1" colspan="1" /><td rowspan="1" colspan="1"><p>3.1</p></td><td rowspan="1" colspan="1"><p>No primeiro período de 10 dias ou fração, por dia.</p></td><td rowspan="1" colspan="1"><p>22,93</p></td></tr><tr><td rowspan="1" colspan="1"><p>106</p></td><td rowspan="1" colspan="1" /><td rowspan="1" colspan="1" /><td rowspan="1" colspan="1" /><td rowspan="1" colspan="1"><p>3.2</p></td><td rowspan="1" colspan="1"><p>No segundo e períodos subsequentes de 10 dias ou fração, por dia.</p></td><td rowspan="1" colspan="1"><p>45,86</p></td></tr><tr><td rowspan="1" colspan="1"><p>107</p></td><td rowspan="1" colspan="1" /><td rowspan="1" colspan="1" /><td rowspan="1" colspan="1" /><td rowspan="1" colspan="1"><p>4</p></td><td rowspan="1" colspan="1"><p>Carga de Projeto, por carga e por dia.</p></td><td rowspan="1" colspan="1"><p>---</p></td></tr><tr><td rowspan="1" colspan="1"><p>108</p></td><td rowspan="1" colspan="1" /><td rowspan="1" colspan="1" /><td rowspan="1" colspan="1" /><td rowspan="1" colspan="1"><p>4.1</p></td><td rowspan="1" colspan="1"><p>No primeiro período de 10 dias ou fração, por dia.</p></td><td rowspan="1" colspan="1"><p>2,09</p></td></tr><tr><td rowspan="1" colspan="1"><p>109</p></td><td rowspan="1" colspan="1" /><td rowspan="1" colspan="1" /><td rowspan="1" colspan="1" /><td rowspan="1" colspan="1"><p>4.2</p></td><td rowspan="1" colspan="1"><p>No segundo e períodos subsequentes de 10 dias ou fração, por dia.</p></td><td rowspan="1" colspan="1"><p>2,72</p></td></tr><tr><td rowspan="1" colspan="1"><p>110</p></td><td rowspan="1" colspan="1"><p>6</p></td><td rowspan="1" colspan="1"><p>Tabela VI</p></td><td rowspan="1" colspan="1"><p>Utilização de Equipamentos</p></td><td rowspan="1" colspan="1"><p>1</p></td><td rowspan="1" colspan="1"><p>Pela utilização de guindaste elétrico de pórtico, por hora ou fração:</p></td><td rowspan="1" colspan="1"><p>---</p></td></tr><tr><td rowspan="1" colspan="1"><p>111</p></td><td rowspan="1" colspan="1" /><td rowspan="1" colspan="1" /><td rowspan="1" colspan="1" /><td rowspan="1" colspan="1"><p>1.1</p></td><td rowspan="1" colspan="1"><p>Com capacidade até 5 toneladas.</p></td><td rowspan="1" colspan="1"><p>99,67</p></td></tr><tr><td rowspan="1" colspan="1"><p>112</p></td><td rowspan="1" colspan="1" /><td rowspan="1" colspan="1" /><td rowspan="1" colspan="1" /><td rowspan="1" colspan="1"><p>1.2</p></td><td rowspan="1" colspan="1"><p>Com capacidade superior a 5 toneladas.</p></td><td rowspan="1" colspan="1"><p>138,99</p></td></tr><tr><td rowspan="1" colspan="1"><p>113</p></td><td rowspan="1" colspan="1" /><td rowspan="1" colspan="1" /><td rowspan="1" colspan="1" /><td rowspan="1" colspan="1"><p>2</p></td><td rowspan="1" colspan="1"><p>Pela utilização de guindaste elétrico de pórtico e equipamentos específicos, por tonelada movimentada.</p></td><td rowspan="1" colspan="1"><p>3,68</p></td></tr><tr><td rowspan="1" colspan="1"><p>114</p></td></tr><tr><td rowspan="1" colspan="1"><p>115</p></td><td rowspan="1" colspan="1" /><td rowspan="1" colspan="1" /><td rowspan="1" colspan="1" /><td rowspan="1" colspan="1"><p>3</p></td><td rowspan="1" colspan="1"><p>Pela utilização de empilhadeira, por hora ou fração:</p></td><td rowspan="1" colspan="1"><p>---</p></td></tr><tr><td rowspan="1" colspan="1"><p>116</p></td><td rowspan="1" colspan="1" /><td rowspan="1" colspan="1" /><td rowspan="1" colspan="1" /><td rowspan="1" colspan="1"><p>3.1</p></td><td rowspan="1" colspan="1"><p>Com capacidade até 3 toneladas.</p></td><td rowspan="1" colspan="1"><p>150,38</p></td></tr><tr><td rowspan="1" colspan="1"><p>117</p></td><td rowspan="1" colspan="1" /><td rowspan="1" colspan="1" /><td rowspan="1" colspan="1" /><td rowspan="1" colspan="1"><p>3.2</p></td><td rowspan="1" colspan="1"><p>Com capacidade superior a 3 toneladas.</p></td><td rowspan="1" colspan="1"><p>150,38</p></td></tr><tr><td rowspan="1" colspan="1"><p>118</p></td><td rowspan="1" colspan="1" /><td rowspan="1" colspan="1" /><td rowspan="1" colspan="1" /><td rowspan="1" colspan="1"><p>4</p></td><td rowspan="1" colspan="1"><p>Pela utilização de autoguindaste, por hora ou fração.</p></td><td rowspan="1" colspan="1"><p>138,99</p></td></tr><tr><td rowspan="1" colspan="1"><p>119</p></td><td rowspan="1" colspan="1" /><td rowspan="1" colspan="1" /><td rowspan="1" colspan="1" /><td rowspan="1" colspan="1"><p>5</p></td><td rowspan="1" colspan="1"><p>Pela utilização de pá carregadeira, por hora ou fração.</p></td><td rowspan="1" colspan="1"><p>225,58</p></td></tr><tr><td rowspan="1" colspan="1"><p>120</p></td><td rowspan="1" colspan="1" /><td rowspan="1" colspan="1" /><td rowspan="1" colspan="1" /><td rowspan="1" colspan="1"><p>7</p></td><td rowspan="1" colspan="1"><p>Pela utilização de caminhão basculante, por hora ou fração.</p></td><td rowspan="1" colspan="1"><p>275,7</p></td></tr><tr><td rowspan="1" colspan="1"><p>121</p></td><td rowspan="1" colspan="1" /><td rowspan="1" colspan="1" /><td rowspan="1" colspan="1" /><td rowspan="1" colspan="1"><p>10</p></td><td rowspan="1" colspan="1"><p>Pela utilização de trator, por hora ou fração.</p></td><td rowspan="1" colspan="1"><p>225,58</p></td></tr><tr><td rowspan="1" colspan="1"><p>122</p></td><td rowspan="1" colspan="1"><p>7</p></td><td rowspan="1" colspan="1"><p>Tabela VII</p></td><td rowspan="1" colspan="1"><p>Diversos Padronizados</p></td><td rowspan="1" colspan="1"><p>1</p></td><td rowspan="1" colspan="1"><p>Pela entrega de água potável, através de tubulação, à embarcação ou consumidor instalado na área do porto, por m³ por mês ou fração.</p></td><td rowspan="1" colspan="1"><p>1,03</p></td></tr><tr><td rowspan="1" colspan="1"><p>123</p></td></tr><tr><td rowspan="1" colspan="1"><p>124</p></td><td rowspan="1" colspan="1" /><td rowspan="1" colspan="1" /><td rowspan="1" colspan="1" /><td rowspan="1" colspan="1"><p>2</p></td><td rowspan="1" colspan="1"><p>Pela entrega de energia elétrica:</p></td><td rowspan="1" colspan="1"><p>---</p></td></tr><tr><td rowspan="1" colspan="1"><p>125</p></td><td rowspan="1" colspan="1" /><td rowspan="1" colspan="1" /><td rowspan="1" colspan="1" /><td rowspan="1" colspan="1"><p>2.1</p></td><td rowspan="1" colspan="1"><p>à embarcação ou consumidor instalado na área do porto, por kWh por mês ou fração;</p></td><td rowspan="1" colspan="1"><p>1,03</p></td></tr><tr><td rowspan="1" colspan="1"><p>126</p></td><td rowspan="1" colspan="1" /><td rowspan="1" colspan="1" /><td rowspan="1" colspan="1" /><td rowspan="1" colspan="1"><p>2.2</p></td><td rowspan="1" colspan="1"><p>para contêiner refrigerado ou para unidade refrigeradora tipo clip-on, por dia ou fração.</p></td><td rowspan="1" colspan="1"><p>1,03</p></td></tr><tr><td rowspan="1" colspan="1"><p>127</p></td><td rowspan="1" colspan="1" /><td rowspan="1" colspan="1" /><td rowspan="1" colspan="1" /><td rowspan="1" colspan="1"><p>3</p></td><td rowspan="1" colspan="1"><p>Pelo carregamento ou descarga de mercadoria em veículo de terceiros, por tonelada de carga.</p></td><td rowspan="1" colspan="1"><p>---</p></td></tr><tr><td rowspan="1" colspan="1"><p>128</p></td><td rowspan="1" colspan="1" /><td rowspan="1" colspan="1" /><td rowspan="1" colspan="1" /><td rowspan="1" colspan="1"><p>4</p></td><td rowspan="1" colspan="1"><p>Pela pesagem de mercadoria carregada em veículo de terceiros, por veículo de transporte.</p></td><td rowspan="1" colspan="1"><p>22,93</p></td></tr><tr><td rowspan="1" colspan="1"><p>129</p></td><td rowspan="1" colspan="1" /><td rowspan="1" colspan="1" /><td rowspan="1" colspan="1" /><td rowspan="1" colspan="1"><p>5</p></td><td rowspan="1" colspan="1"><p>Pela pesagem de tara de veículos de terceiros, por veículo de transporte.</p></td><td rowspan="1" colspan="1"><p>22,93</p></td></tr><tr><td rowspan="1" colspan="1"><p>130</p></td><td rowspan="1" colspan="1" /><td rowspan="1" colspan="1" /><td rowspan="1" colspan="1" /><td rowspan="1" colspan="1"><p>10</p></td><td rowspan="1" colspan="1"><p>Pela utilização de área em armazéns com fins diversos à armazenagem, por m², por dia.</p></td><td rowspan="1" colspan="1"><p>1,82</p></td></tr><tr><td rowspan="1" colspan="1"><p>131</p></td><td rowspan="1" colspan="1" /><td rowspan="1" colspan="1" /><td rowspan="1" colspan="1" /><td rowspan="1" colspan="1"><p>11</p></td><td rowspan="1" colspan="1"><p>Pela utilização de área em pátios, por m², por dia</p></td><td rowspan="1" colspan="1"><p>---</p></td></tr><tr><td rowspan="1" colspan="1"><p>132</p></td><td rowspan="1" colspan="1" /><td rowspan="1" colspan="1" /><td rowspan="1" colspan="1" /><td rowspan="1" colspan="1"><p>11.1</p></td><td rowspan="1" colspan="1"><p>Estocagem (alocação/estacionamento) de caminhões/veículos fora de uso operacional</p></td><td rowspan="1" colspan="1"><p>1,82</p></td></tr><tr><td rowspan="1" colspan="1"><p>133</p></td><td rowspan="1" colspan="1" /><td rowspan="1" colspan="1" /><td rowspan="1" colspan="1" /><td rowspan="1" colspan="1"><p>14</p></td><td rowspan="1" colspan="1"><p>Pela utilização de área coberta em caráter temporário e precário para o atendimento ou apoio à operação portuária, por m², por dia.</p></td><td rowspan="1" colspan="1"><p>1,82</p></td></tr><tr><td rowspan="1" colspan="1"><p>134</p></td></tr><tr><td rowspan="1" colspan="1"><p>135</p></td><td rowspan="1" colspan="1" /><td rowspan="1" colspan="1" /><td rowspan="1" colspan="1" /><td rowspan="1" colspan="1"><p>15</p></td><td rowspan="1" colspan="1"><p>Pela utilização de área descoberta em caráter temporário e precário para o atendimento ou apoio à operação portuária, por m², por dia.</p></td><td rowspan="1" colspan="1"><p>1,82</p></td></tr><tr><td rowspan="1" colspan="1"><p>136</p></td></tr><tr><td rowspan="1" colspan="1"><p>137</p></td><td rowspan="1" colspan="1"><p>8</p></td><td rowspan="1" colspan="1"><p>Tabela VIII</p></td><td rowspan="1" colspan="1"><p>Uso Temporário e Arrendamento Realizado com Base em Estudos Simplificados</p></td><td rowspan="1" colspan="1"><p>1</p></td><td rowspan="1" colspan="1"><p>Pelo uso temporário de área para movimentação ou armazenagem de cargas não consolidadas, por m², por mês ou fração.</p></td><td rowspan="1" colspan="1"><p>3,76</p></td></tr><tr><td rowspan="1" colspan="1"><p>138</p></td></tr><tr><td rowspan="1" colspan="1"><p>139</p></td><td rowspan="1" colspan="1" /><td rowspan="1" colspan="1" /><td rowspan="1" colspan="1" /><td rowspan="1" colspan="1"><p>3</p></td><td rowspan="1" colspan="1"><p>Pelo uso de área para movimentação ou armazenagem de cargas, por m², por mês ou fração.</p></td><td rowspan="1" colspan="1"><p>---</p></td></tr><tr><td rowspan="1" colspan="1"><p>140</p></td><td rowspan="1" colspan="1" /><td rowspan="1" colspan="1" /><td rowspan="1" colspan="1" /><td rowspan="1" colspan="1"><p>3.1</p></td><td rowspan="1" colspan="1"><p>Áreas primárias (com acesso à berço)</p></td><td rowspan="1" colspan="1"><p>---</p></td></tr><tr><td rowspan="1" colspan="1"><p>141</p></td><td rowspan="1" colspan="1" /><td rowspan="1" colspan="1" /><td rowspan="1" colspan="1" /><td rowspan="1" colspan="1"><p>3.1.1</p></td><td rowspan="1" colspan="1"><p>Sítio padrão</p></td><td rowspan="1" colspan="1"><p>---</p></td></tr><tr><td rowspan="1" colspan="1"><p>142</p></td><td rowspan="1" colspan="1" /><td rowspan="1" colspan="1" /><td rowspan="1" colspan="1" /><td rowspan="1" colspan="1"><p>3.1.1.1</p></td><td rowspan="1" colspan="1"><p>Granel Sólido</p></td><td rowspan="1" colspan="1"><p>13,97</p></td></tr><tr><td rowspan="1" colspan="1"><p>143</p></td><td rowspan="1" colspan="1" /><td rowspan="1" colspan="1" /><td rowspan="1" colspan="1" /><td rowspan="1" colspan="1"><p>3.1.1.2</p></td><td rowspan="1" colspan="1"><p>Granel Líquido</p></td><td rowspan="1" colspan="1"><p>4,35</p></td></tr><tr><td rowspan="1" colspan="1"><p>144</p></td><td rowspan="1" colspan="1" /><td rowspan="1" colspan="1" /><td rowspan="1" colspan="1" /><td rowspan="1" colspan="1"><p>3.1.1.3</p></td><td rowspan="1" colspan="1"><p>Carga Geral</p></td><td rowspan="1" colspan="1"><p>11,26</p></td></tr><tr><td rowspan="1" colspan="1"><p>146</p></td><td rowspan="1" colspan="1" /><td rowspan="1" colspan="1" /><td rowspan="1" colspan="1" /><td rowspan="1" colspan="1"><p>3.1.3</p></td><td rowspan="1" colspan="1"><p>Sítio padrão negativo</p></td><td rowspan="1" colspan="1"><p>---</p></td></tr><tr><td rowspan="1" colspan="1"><p>147</p></td><td rowspan="1" colspan="1" /><td rowspan="1" colspan="1" /><td rowspan="1" colspan="1" /><td rowspan="1" colspan="1"><p>3.1.3.1</p></td><td rowspan="1" colspan="1"><p>Granel Sólido</p></td><td rowspan="1" colspan="1"><p>3,45</p></td></tr><tr><td rowspan="1" colspan="1"><p>148</p></td><td rowspan="1" colspan="1" /><td rowspan="1" colspan="1" /><td rowspan="1" colspan="1" /><td rowspan="1" colspan="1"><p>3.1.3.2</p></td><td rowspan="1" colspan="1"><p>Granel Líquido</p></td><td rowspan="1" colspan="1"><p>2,04</p></td></tr><tr><td rowspan="1" colspan="1"><p>149</p></td><td rowspan="1" colspan="1" /><td rowspan="1" colspan="1" /><td rowspan="1" colspan="1" /><td rowspan="1" colspan="1"><p>3.1.3.3</p></td><td rowspan="1" colspan="1"><p>Carga Geral</p></td><td rowspan="1" colspan="1"><p>5,53</p></td></tr><tr><td rowspan="1" colspan="1"><p>150</p></td><td rowspan="1" colspan="1" /><td rowspan="1" colspan="1" /><td rowspan="1" colspan="1" /><td rowspan="1" colspan="1"><p>3.2</p></td><td rowspan="1" colspan="1"><p>Retroáreas (sem acesso à berço)</p></td><td rowspan="1" colspan="1"><p>---</p></td></tr><tr><td rowspan="1" colspan="1"><p>151</p></td><td rowspan="1" colspan="1" /><td rowspan="1" colspan="1" /><td rowspan="1" colspan="1" /><td rowspan="1" colspan="1"><p>3.2.1</p></td><td rowspan="1" colspan="1"><p>Sítio padrão</p></td><td rowspan="1" colspan="1"><p>---</p></td></tr><tr><td rowspan="1" colspan="1"><p>152</p></td><td rowspan="1" colspan="1" /><td rowspan="1" colspan="1" /><td rowspan="1" colspan="1" /><td rowspan="1" colspan="1"><p>3.2.1.1</p></td><td rowspan="1" colspan="1"><p>Granel Sólido</p></td><td rowspan="1" colspan="1"><p>2,3</p></td></tr><tr><td rowspan="1" colspan="1"><p>153</p></td><td rowspan="1" colspan="1" /><td rowspan="1" colspan="1" /><td rowspan="1" colspan="1" /><td rowspan="1" colspan="1"><p>3.2.1.2</p></td><td rowspan="1" colspan="1"><p>Granel Líquido</p></td><td rowspan="1" colspan="1"><p>4,35</p></td></tr><tr><td rowspan="1" colspan="1"><p>154</p></td><td rowspan="1" colspan="1" /><td rowspan="1" colspan="1" /><td rowspan="1" colspan="1" /><td rowspan="1" colspan="1"><p>3.2.1.3</p></td><td rowspan="1" colspan="1"><p>Carga Geral</p></td><td rowspan="1" colspan="1"><p>13,81</p></td></tr><tr><td rowspan="1" colspan="1"><p>156</p></td><td rowspan="1" colspan="1" /><td rowspan="1" colspan="1" /><td rowspan="1" colspan="1" /><td rowspan="1" colspan="1"><p>3.2.3</p></td><td rowspan="1" colspan="1"><p>Sítio padrão negativo</p></td><td rowspan="1" colspan="1"><p>---</p></td></tr><tr><td rowspan="1" colspan="1"><p>157</p></td><td rowspan="1" colspan="1" /><td rowspan="1" colspan="1" /><td rowspan="1" colspan="1" /><td rowspan="1" colspan="1"><p>3.2.3.1</p></td><td rowspan="1" colspan="1"><p>Granel Sólido</p></td><td rowspan="1" colspan="1"><p>1,53</p></td></tr><tr><td rowspan="1" colspan="1"><p>158</p></td><td rowspan="1" colspan="1" /><td rowspan="1" colspan="1" /><td rowspan="1" colspan="1" /><td rowspan="1" colspan="1"><p>3.2.3.2</p></td><td rowspan="1" colspan="1"><p>Granel Líquido</p></td><td rowspan="1" colspan="1"><p>2,04</p></td></tr><tr><td rowspan="1" colspan="1"><p>159</p></td><td rowspan="1" colspan="1" /><td rowspan="1" colspan="1" /><td rowspan="1" colspan="1" /><td rowspan="1" colspan="1"><p>3.2.3.3</p></td><td rowspan="1" colspan="1"><p>Carga Geral</p></td><td rowspan="1" colspan="1"><p>3,76</p></td></tr><tr><td rowspan="1" colspan="1"><p>160</p></td><td rowspan="1" colspan="1"><p>9</p></td><td rowspan="1" colspan="1"><p>Tabela IX</p></td><td rowspan="1" colspan="1"><p>Complementares</p></td><td rowspan="1" colspan="1"><p>1</p></td><td rowspan="1" colspan="1"><p>Fornecimento de fotocópias, por unidade</p></td><td rowspan="1" colspan="1"><p>0,76</p></td></tr><tr><td rowspan="1" colspan="1"><p>161</p></td><td rowspan="1" colspan="1" /><td rowspan="1" colspan="1" /><td rowspan="1" colspan="1" /><td rowspan="1" colspan="1"><p>2</p></td><td rowspan="1" colspan="1"><p>Transbordo de carga geral, embarcada fora do porto, por tonelada</p></td><td rowspan="1" colspan="1"><p>7,64</p></td></tr><tr><td rowspan="1" colspan="1"><p>162</p></td><td rowspan="1" colspan="1" /><td rowspan="1" colspan="1" /><td rowspan="1" colspan="1" /><td rowspan="1" colspan="1"><p>3</p></td><td rowspan="1" colspan="1"><p>Embarque ou desembarque de equipamentos e máquinas pesadas, por unidade</p></td><td rowspan="1" colspan="1"><p>305,78</p></td></tr><tr><td rowspan="1" colspan="1"><p>163</p></td><td rowspan="1" colspan="1" /><td rowspan="1" colspan="1" /><td rowspan="1" colspan="1" /><td rowspan="1" colspan="1"><p>4</p></td><td rowspan="1" colspan="1"><p>Outros serviços não especificados (art. 8º, §4º e §5º da Resolução nº 61-ANTAQ, 2021)</p></td><td rowspan="1" colspan="1"><p>Convencional</p></td></tr></table><p>ANEXO II</p><p>NORMAS DE APLICAÇÃO ADICIONAIS AO ANEXO III DA RESOLUÇÃO ANTAQ Nº 61, DE 2021</p><p /><p></p><table><tr /><tr><td rowspan="1" colspan="1"><p>Tabela</p></td><td rowspan="1" colspan="1"><p>Franquias ou Isenções Adicionais</p></td><td rowspan="1" colspan="1"><p>Regras de Aplicação</p></td></tr><tr><td rowspan="1" colspan="1"><p>Tabela I - Infraestrutura de Acesso Aquaviário</p></td><td rowspan="1" colspan="1"><p>1. Combustível, água e gêneros alimentícios destinados, exclusivamente, ao consumo de bordo.</p></td><td rowspan="1" colspan="1"><p>4. Valor mínimo R$ 22,52</p></td></tr><tr><td rowspan="1" colspan="1" /><td rowspan="1" colspan="1"><p>2. Navios de guerra, quando não em operação comercial.</p></td></tr><tr><td rowspan="1" colspan="1"><p>Tabela II - Instalações de Acostagem</p></td><td rowspan="1" colspan="1"><p>2. São franqueados do pagamento das taxas desta tabela as embarcações auxiliares, quando atracadas as embarcações em operação no cais.</p></td><td rowspan="1" colspan="1"><p>9. Valor mínimo R$ 145,93.</p></td></tr><tr><td rowspan="1" colspan="1"><p>Tabela III - Infraestrutura Operacional ou Terrestre</p></td><td rowspan="1" colspan="1"><p>Conforme a Resolução nº 61-ANTAQ, de 2021</p></td><td rowspan="1" colspan="1"><p>6. Na movimentação de mercadorias consideradas insalubres, nocivas ou perigosas, em virtude de sua natureza e embalagem ou ambiente em que forem movimentadas, as tarifas desta tabela serão acrescidas em até 50%.</p></td></tr><tr><td rowspan="1" colspan="1" /><td rowspan="1" colspan="1" /><td rowspan="1" colspan="1"><p>8. Valor mínimo R$ 18,76.</p></td></tr><tr><td rowspan="1" colspan="1"><p>Tabela IV - Movimentação de Cargas</p></td><td rowspan="1" colspan="1"><p>Conforme a Resolução nº 61-ANTAQ, de 2021</p></td><td rowspan="1" colspan="1"><p>7. As tarifas desta tabela, quando incidentes sobre mercadoria insalubre, nociva ou perigosa, que determine pagamento de adicional de risco ao pessoal envolvido na sua operação, serão acrescidas de 50%;</p></td></tr><tr><td rowspan="1" colspan="1" /><td rowspan="1" colspan="1" /><td rowspan="1" colspan="1"><p>8. As tarifas desta tabela serão majoradas em até 100% quando aplicadas nos serviços prestados em feriados ou horários noturnos;</p></td></tr><tr><td rowspan="1" colspan="1" /><td rowspan="1" colspan="1" /><td rowspan="1" colspan="1"><p>11. Valor mínimo R$ 20,84.</p></td></tr><tr><td rowspan="1" colspan="1"><p>Tabela V - Utilização de Infraestrutura de Armazenagem</p></td><td rowspan="1" colspan="1"><p>Conforme a Resolução nº 61-ANTAQ, de 2021</p></td><td rowspan="1" colspan="1"><p>13. As tarifas desta tabela quando incidentes sobre mercadoria insalubre, nociva ou perigosa, que determine pagamento de adicional de risco ao pessoal envolvido na sua operação, serão acrescidas de 50%;</p></td></tr><tr><td rowspan="1" colspan="1" /><td rowspan="1" colspan="1" /><td rowspan="1" colspan="1"><p>14. As tarifas desta tabela remuneram as atividades prestadas nos dias úteis, no horário comercial. Quando prestadas no Sábado, serão acrescidas em até 50%. Quando prestadas em feriados ou em horário extraordinário, serão acrescidas de até 100%;</p></td></tr><tr><td rowspan="1" colspan="1"><p>Tabela VI - Utilização de Equipamentos</p></td><td rowspan="1" colspan="1"><p>Conforme a Resolução nº 61-ANTAQ, de 2021</p></td><td rowspan="1" colspan="1"><p>5. Na paralisação dos equipamentos requisitados, por motivo de chuva ou de força maior, será cobrada do requisitante, a título de custo de disponibilidade, 0% das tarifas que constam desta tabela.</p></td></tr><tr><td rowspan="1" colspan="1" /><td rowspan="1" colspan="1" /><td rowspan="1" colspan="1"><p>6. Estabelecer desconto durante o prazo de 12 (doze) meses no uso dos equipamentos abaixo relacionados, ficando o combustível por conta do solicitante durante o tempo em que estiver com o equipamento;</p></td></tr><tr><td rowspan="1" colspan="1" /><td rowspan="1" colspan="1" /><td rowspan="1" colspan="1"><p>I - Empilhadeira na seguinte proporção:</p></td></tr><tr><td rowspan="1" colspan="1" /><td rowspan="1" colspan="1" /><td rowspan="1" colspan="1"><p>a) - Utilização entre 1 a 4 horas, desconto de 30% (trinta por cento) - R$ 105,27;</p></td></tr><tr><td rowspan="1" colspan="1" /><td rowspan="1" colspan="1" /><td rowspan="1" colspan="1"><p>b) - Utilização entre 4 a 24 horas, desconto de 40% (quarenta por cento) - R$ 90,23;</p></td></tr><tr><td rowspan="1" colspan="1" /><td rowspan="1" colspan="1" /><td rowspan="1" colspan="1"><p>c) - Utilização acima de 24 horas, desconto de 50% (cinquenta por cento) - R$ 75,19;</p></td></tr><tr><td rowspan="1" colspan="1" /><td rowspan="1" colspan="1" /><td rowspan="1" colspan="1"><p>II - Caminhão Basculante, desconto de 60% (sessenta por cento) - R$ 110,28.</p></td></tr><tr><td rowspan="1" colspan="1"><p>Tabela VII - Diversos Padronizados</p></td><td rowspan="1" colspan="1"><p>Conforme a Resolução nº 61-ANTAQ, de 2021</p></td><td rowspan="1" colspan="1"><p>Conforme a Resolução nº 61-ANTAQ, de 2021</p></td></tr></table><p class="assina">EDUARDO NERY MACHADO FILHO</p><p></p>]]></Texto>
  </body>
  <Midias />
</article></xml>