﻿<xml><article id="27701444" name="ADE2MANAUS85" idOficio="7354532" pubName="DO1" artType="Ato Declaratório" pubDate="25/08/2022" artClass="00015:00045:00432:00094:00009:00000:00000:00000:00000:00000:00007:00002" artCategory="Ministério da Economia/Secretaria Especial da Receita Federal do Brasil/Subsecretaria-Geral da Receita Federal do Brasil/Superintendência Regional da 2ª Região Fiscal/Delegacia da Receita Federal do Brasil em Manaus" artSize="12" artNotes="" numberPage="208" pdfPage="http://pesquisa.in.gov.br/imprensa/jsp/visualiza/index.jsp?data=25/08/2022&amp;jornal=515&amp;pagina=208" editionNumber="162" highlightType="" highlightPriority="" highlight="" highlightimage="" highlightimagename="" idMateria="14835020">
  <body>
    <Identifica><![CDATA[ ATO DECLARATÓRIO EXECUTIVO VR 02RF DEVAT/EBEN Nº 85, DE 23 DE AGOSTO DE 2022]]></Identifica>
    <Data><![CDATA[]]></Data>
    <Ementa><![CDATA[ Reconhece o direito à redução do Imposto de Renda das Pessoas Jurídicas (IRPJ) e adicionais não restituíveis incidentes sobre o lucro da exploração, relativo ao projeto de Modernização do empreendimento na área da atuação da SUDAM, da pessoa jurídica que menciona.]]></Ementa>
    <Titulo />
    <SubTitulo />
    <Texto><![CDATA[<p class="identifica">ATO DECLARATÓRIO EXECUTIVO VR 02RF DEVAT/EBEN Nº 85, DE 23 DE AGOSTO DE 2022</p><p class="ementa">Reconhece o direito à redução do Imposto de Renda das Pessoas Jurídicas (IRPJ) e adicionais não restituíveis incidentes sobre o lucro da exploração, relativo ao projeto de Modernização do empreendimento na área da atuação da SUDAM, da pessoa jurídica que menciona.</p><p>O DELEGADO DA RECEITA FEDERAL DO BRASIL EM MANAUS (AM), no uso das atribuições que lhe confere o Regimento Interno da Secretaria Especial da Receita Federal do Brasil, aprovado pela Portaria ME nº 284, de 27 de julho 2020, e tendo em vista o disposto no art. 1º, §§1º e 2º da Medida Provisória nº 2.199-14, de 24 de agosto de 2001, art. 3º do Decreto nº 4.212, de 26 de abril de 2002, e art. 60 da IN SRF nº 267, de 23 de dezembro de 2002, e considerando o contido no Laudo Constitutivo nº 087/2021 expedido pela SUDAM e no Processo nº 13083.161009/2021-06, resolve:</p><p>Art. 1º Fica reconhecido o direito da pessoa jurídica FLORAPLAC MDF LTDA, CNPJ Nº 09.256.139/0001-75, à redução de 75% (setenta e cinco por cento) do imposto sobre a renda das pessoas jurídicas e adicionais não-restituíveis, incidentes sobre o lucro da exploração, relativo à modernização do empreendimento na área de atuação da SUDAM de produção de "chapa de mdf" pelo prazo de 10 (dez) anos, com início no ano-calendário de 2021, e término no ano-calendário de 2030.</p><p>Art. 2º O valor do imposto que deixar de ser pago em virtude da redução de que trata o artigo anterior, não poderá ser distribuído aos sócios ou acionistas e constituirá a reserva de incentivos fiscais da pessoa jurídica, que somente poderá ser utilizada para absorção de prejuízos ou aumento do capital social.</p><p>Art. 3º Este Ato Declaratório Executivo entra em vigor na data de sua publicação no Diário Oficial da União.</p><p class="assina">EDUARDO BADARÓ FERNANDES</p>]]></Texto>
  </body>
  <Midias />
</article></xml>