﻿<xml><article id="27705345" name="DeliberaAAo DG 118-2022_1" idOficio="7354709" pubName="DO1" artType="Deliberação" pubDate="25/08/2022" artClass="00019:00035:00000:00000:00000:00000:00000:00000:00000:00000:00022:00000" artCategory="Ministério da Infraestrutura/Agência Nacional de Transportes Aquaviários" artSize="24" artNotes="" numberPage="241" pdfPage="http://pesquisa.in.gov.br/imprensa/jsp/visualiza/index.jsp?data=25/08/2022&amp;jornal=515&amp;pagina=241" editionNumber="162" highlightType="" highlightPriority="" highlight="" highlightimage="" highlightimagename="" idMateria="14835213">
  <body>
    <Identifica><![CDATA[ DELIBERAÇÃO Nº 118, DE 24 DE AGOSTO DE 2022]]></Identifica>
    <Data><![CDATA[]]></Data>
    <Ementa />
    <Titulo />
    <SubTitulo />
    <Texto><![CDATA[<p class="identifica">DELIBERAÇÃO Nº 118, DE 24 DE AGOSTO DE 2022</p><p>O DIRETOR-GERAL DA AGÊNCIA NACIONAL DE TRANSPORTES AQUAVIÁRIOS, no uso da competência que lhe é conferida pelo inciso IV do art. 20 do Regimento Interno e pelo art. 4º da Resolução ANTAQ nº 61, de 2021, considerando o que consta do Processo nº 50300.018497/2021-49 e o teor do Acórdão nº 418-2022, proferido na Reunião Ordinária de Diretoria nº 525, realizada entre 25 e 27/07/2022, resolve:</p><p>Art. 1º Homologar o resultado do pedido de padronização tarifária conjunto ao pleito de revisão tarifária referente ao período de 07/05/2015 a 31/05/2021, nos termos do art. 34, § 2º da Resolução-ANTAQ nº 61, de 2021, incidentes sobre as modalidades tarifárias do Porto de Santarém, autorizando uma Receita Tarifária Anual (RAT) projetada de R$ 34.139.581,86 (trinta e quatro milhões e cento e trinta e nove mil e quinhentos e oitenta e um reais e oitenta e seis centavos) para o período de referência subsequente à revisão, equivalendo a um requerimento de um Índice de Reajuste Médio (IRT) de 2,12% e um Efeito Médio Tarifário (EMT) de 1,72%.</p><p>Art. 2º As novas tarifas, seus limites máximos e a estrutura tarifária para o período subsequente à presente revisão constam nos Anexos desta Deliberação, e entrarão em vigor em no máximo até 30 (trinta) dias úteis, contados da publicação desta Deliberação, alterando-se as normas gerais de aplicação existentes.</p><p>Art. 3º Determinar que a Companhia Docas do Pará, conforme requisitos e prazos presentes no art. 14 da Resolução-ANTAQ nº 61, de 2021:</p><p>I - revise, atualize e consolide os demais atos administrativos internos que estabeleçam valores e cobranças tarifárias no porto organizado, publicando a lista remodelada e compatibilizada desses atos remanescentes no documento que dará vigência e publicidade à nova estrutura tarifária completa; e</p><p>II - encaminhe à Superintendência de Regulação da ANTAQ, para ciência e acompanhamento, cópia do documento citado no inciso anterior.</p><p>Art. 4º Esta Deliberação entra em vigor na data de sua publicação no Diário Oficial da União.</p><p>ANEXO I</p><p>TARIFAS REVISADAS</p><p /><p></p><table><tr /><tr><td rowspan="1" colspan="1"><p>NUMERO</p></td><td rowspan="1" colspan="1"><p>GRUPO</p></td><td rowspan="1" colspan="1"><p>TABELA</p></td><td rowspan="1" colspan="1"><p>NOME DA TABELA</p></td><td rowspan="1" colspan="1"><p>ITEM</p></td><td rowspan="1" colspan="1"><p>FORMA DE INCIDÊNCIA</p></td><td rowspan="1" colspan="1"><p>NOVA TARIFA (R$), com impostos</p></td></tr><tr><td rowspan="1" colspan="1"><p>1</p></td><td rowspan="1" colspan="1"><p>1</p></td><td rowspan="1" colspan="1"><p>Tabela I</p></td><td rowspan="1" colspan="1"><p>Infraestrutura de Acesso Aquaviário</p></td><td rowspan="1" colspan="1"><p>1</p></td><td rowspan="1" colspan="1"><p>Tarifa fixa por acesso aquaviário (entrada e saída) de uma embarcação.</p></td><td rowspan="1" colspan="1"><p>300</p></td></tr><tr><td rowspan="1" colspan="1"><p>2</p></td><td rowspan="1" colspan="1" /><td rowspan="1" colspan="1" /><td rowspan="1" colspan="1" /><td rowspan="1" colspan="1"><p>2</p></td><td rowspan="1" colspan="1"><p>Tarifa variável, pela tonelagem de porto bruto da embarcação (TPB / DWT):</p></td><td rowspan="1" colspan="1"><p>-</p></td></tr><tr><td rowspan="1" colspan="1"><p>3</p></td><td rowspan="1" colspan="1" /><td rowspan="1" colspan="1" /><td rowspan="1" colspan="1" /><td rowspan="1" colspan="1"><p>2.1</p></td><td rowspan="1" colspan="1"><p>Para operações de longo curso:</p></td><td rowspan="1" colspan="1"><p>-</p></td></tr><tr><td rowspan="1" colspan="1"><p>4</p></td><td rowspan="1" colspan="1" /><td rowspan="1" colspan="1" /><td rowspan="1" colspan="1" /><td rowspan="1" colspan="1"><p>2.1.1</p></td><td rowspan="1" colspan="1"><p>De carga geral ou de projeto, solta.</p></td><td rowspan="1" colspan="1"><p>0,14</p></td></tr><tr><td rowspan="1" colspan="1"><p>5</p></td><td rowspan="1" colspan="1" /><td rowspan="1" colspan="1" /><td rowspan="1" colspan="1" /><td rowspan="1" colspan="1"><p>2.1.2</p></td><td rowspan="1" colspan="1"><p>De carga geral, conteinerizada.</p></td><td rowspan="1" colspan="1"><p>0,13</p></td></tr><tr><td rowspan="1" colspan="1"><p>6</p></td><td rowspan="1" colspan="1" /><td rowspan="1" colspan="1" /><td rowspan="1" colspan="1" /><td rowspan="1" colspan="1"><p>2.1.3</p></td><td rowspan="1" colspan="1"><p>De granéis sólidos.</p></td><td rowspan="1" colspan="1"><p>2,85</p></td></tr><tr><td rowspan="1" colspan="1"><p>7</p></td><td rowspan="1" colspan="1" /><td rowspan="1" colspan="1" /><td rowspan="1" colspan="1" /><td rowspan="1" colspan="1"><p>2.1.4</p></td><td rowspan="1" colspan="1"><p>De granéis líquidos.</p></td><td rowspan="1" colspan="1"><p>1,83</p></td></tr><tr><td rowspan="1" colspan="1"><p>8</p></td><td rowspan="1" colspan="1" /><td rowspan="1" colspan="1" /><td rowspan="1" colspan="1" /><td rowspan="1" colspan="1"><p>2.1.6</p></td><td rowspan="1" colspan="1"><p>De embarcações do tipo roll-on roll-off.</p></td><td rowspan="1" colspan="1"><p>0,15</p></td></tr><tr><td rowspan="1" colspan="1"><p>9</p></td><td rowspan="1" colspan="1" /><td rowspan="1" colspan="1" /><td rowspan="1" colspan="1" /><td rowspan="1" colspan="1"><p>2.1.7</p></td><td rowspan="1" colspan="1"><p>De embarcações de turismo ou de transporte de passageiros.</p></td><td rowspan="1" colspan="1"><p>0,4</p></td></tr><tr><td rowspan="1" colspan="1"><p>10</p></td><td rowspan="1" colspan="1" /><td rowspan="1" colspan="1" /><td rowspan="1" colspan="1" /><td rowspan="1" colspan="1"><p>2.1.9</p></td><td rowspan="1" colspan="1"><p>Com outros fins ou que não movimentam carga, inclusive fundeio para abastecimento.</p></td><td rowspan="1" colspan="1"><p>0,4</p></td></tr><tr><td rowspan="1" colspan="1"><p>11</p></td><td rowspan="1" colspan="1" /><td rowspan="1" colspan="1" /><td rowspan="1" colspan="1" /><td rowspan="1" colspan="1"><p>2.2</p></td><td rowspan="1" colspan="1"><p>Para operação de cabotagem :</p></td><td rowspan="1" colspan="1"><p>-</p></td></tr><tr><td rowspan="1" colspan="1"><p>12</p></td><td rowspan="1" colspan="1" /><td rowspan="1" colspan="1" /><td rowspan="1" colspan="1" /><td rowspan="1" colspan="1"><p>2.2.1</p></td><td rowspan="1" colspan="1"><p>De carga geral ou de projeto, solta.</p></td><td rowspan="1" colspan="1"><p>0,96</p></td></tr><tr><td rowspan="1" colspan="1"><p>13</p></td><td rowspan="1" colspan="1" /><td rowspan="1" colspan="1" /><td rowspan="1" colspan="1" /><td rowspan="1" colspan="1"><p>2.2.2</p></td><td rowspan="1" colspan="1"><p>De carga geral, conteinerizada.</p></td><td rowspan="1" colspan="1"><p>0,18</p></td></tr><tr><td rowspan="1" colspan="1"><p>14</p></td><td rowspan="1" colspan="1" /><td rowspan="1" colspan="1" /><td rowspan="1" colspan="1" /><td rowspan="1" colspan="1"><p>2.2.3</p></td><td rowspan="1" colspan="1"><p>De granéis sólidos.</p></td><td rowspan="1" colspan="1"><p>2,99</p></td></tr><tr><td rowspan="1" colspan="1"><p>15</p></td><td rowspan="1" colspan="1" /><td rowspan="1" colspan="1" /><td rowspan="1" colspan="1" /><td rowspan="1" colspan="1"><p>2.2.4</p></td><td rowspan="1" colspan="1"><p>De granéis líquidos.</p></td><td rowspan="1" colspan="1"><p>0,18</p></td></tr><tr><td rowspan="1" colspan="1"><p>16</p></td><td rowspan="1" colspan="1" /><td rowspan="1" colspan="1" /><td rowspan="1" colspan="1" /><td rowspan="1" colspan="1"><p>2.2.6</p></td><td rowspan="1" colspan="1"><p>De embarcações do tipo roll-on roll-off.</p></td><td rowspan="1" colspan="1"><p>0,96</p></td></tr><tr><td rowspan="1" colspan="1"><p>17</p></td><td rowspan="1" colspan="1" /><td rowspan="1" colspan="1" /><td rowspan="1" colspan="1" /><td rowspan="1" colspan="1"><p>2.2.7</p></td><td rowspan="1" colspan="1"><p>De embarcações de turismo ou de transporte de passageiros.</p></td><td rowspan="1" colspan="1"><p>0,4</p></td></tr><tr><td rowspan="1" colspan="1"><p>18</p></td><td rowspan="1" colspan="1" /><td rowspan="1" colspan="1" /><td rowspan="1" colspan="1" /><td rowspan="1" colspan="1"><p>2.2.9</p></td><td rowspan="1" colspan="1"><p>Com outros fins ou que não movimentam carga ou passageiro, inclusive fundeio para abastecimento.</p></td><td rowspan="1" colspan="1"><p>0,4</p></td></tr><tr><td rowspan="1" colspan="1"><p>19</p></td><td rowspan="1" colspan="1" /><td rowspan="1" colspan="1" /><td rowspan="1" colspan="1" /><td rowspan="1" colspan="1"><p>3</p></td><td rowspan="1" colspan="1"><p>Tarifa fixa para fundeio de embarcações de longo curso, de cabotagem, de navegação interior, de apoio marítimo, por período de 24 horas.</p></td><td rowspan="1" colspan="1"><p>-</p></td></tr><tr><td rowspan="1" colspan="1"><p>20</p></td><td rowspan="1" colspan="1" /><td rowspan="1" colspan="1" /><td rowspan="1" colspan="1" /><td rowspan="1" colspan="1"><p>3.1</p></td><td rowspan="1" colspan="1"><p>Em operação</p></td><td rowspan="1" colspan="1"><p>3.690,75</p></td></tr><tr><td rowspan="1" colspan="1"><p>21</p></td><td rowspan="1" colspan="1" /><td rowspan="1" colspan="1" /><td rowspan="1" colspan="1" /><td rowspan="1" colspan="1"><p>3.2</p></td><td rowspan="1" colspan="1"><p>Sem operação</p></td><td rowspan="1" colspan="1"><p>2.636,55</p></td></tr><tr><td rowspan="1" colspan="1"><p>22</p></td><td rowspan="1" colspan="1"><p>2</p></td><td rowspan="1" colspan="1"><p>Tabela II</p></td><td rowspan="1" colspan="1"><p>Instalações de Acostagem</p></td><td rowspan="1" colspan="1"><p>1</p></td><td rowspan="1" colspan="1"><p>Para todos os berços</p></td><td rowspan="1" colspan="1"><p>-</p></td></tr><tr><td rowspan="1" colspan="1"><p>23</p></td><td rowspan="1" colspan="1" /><td rowspan="1" colspan="1" /><td rowspan="1" colspan="1" /><td rowspan="1" colspan="1"><p>1.1</p></td><td rowspan="1" colspan="1"><p>Por metro linear de instalação ocupada por embarcação, por hora ou fração, até o limite de 48 horas:</p></td><td rowspan="1" colspan="1"><p>-</p></td></tr><tr><td rowspan="1" colspan="1"><p>24</p></td><td rowspan="1" colspan="1" /><td rowspan="1" colspan="1" /><td rowspan="1" colspan="1" /><td rowspan="1" colspan="1"><p>1.1.1</p></td><td rowspan="1" colspan="1"><p>Para operações de longo curso no berço.</p></td><td rowspan="1" colspan="1"><p>0,49</p></td></tr><tr><td rowspan="1" colspan="1"><p>25</p></td><td rowspan="1" colspan="1" /><td rowspan="1" colspan="1" /><td rowspan="1" colspan="1" /><td rowspan="1" colspan="1"><p>1.1.2</p></td><td rowspan="1" colspan="1"><p>Para operação de cabotagem ou navegação interior.</p></td><td rowspan="1" colspan="1"><p>0,49</p></td></tr><tr><td rowspan="1" colspan="1"><p>26</p></td><td rowspan="1" colspan="1" /><td rowspan="1" colspan="1" /><td rowspan="1" colspan="1" /><td rowspan="1" colspan="1"><p>1.2</p></td><td rowspan="1" colspan="1"><p>Por metro linear de instalação ocupada por embarcação, por hora ou fração, após 48 horas:</p></td><td rowspan="1" colspan="1"><p>-</p></td></tr><tr><td rowspan="1" colspan="1"><p>27</p></td><td rowspan="1" colspan="1" /><td rowspan="1" colspan="1" /><td rowspan="1" colspan="1" /><td rowspan="1" colspan="1"><p>1.2.1</p></td><td rowspan="1" colspan="1"><p>Para operações de longo curso no berço.</p></td><td rowspan="1" colspan="1"><p>0,48</p></td></tr><tr><td rowspan="1" colspan="1"><p>28</p></td><td rowspan="1" colspan="1" /><td rowspan="1" colspan="1" /><td rowspan="1" colspan="1" /><td rowspan="1" colspan="1"><p>1.2.2</p></td><td rowspan="1" colspan="1"><p>Para operação de cabotagem ou navegação interior.</p></td><td rowspan="1" colspan="1"><p>0,48</p></td></tr><tr><td rowspan="1" colspan="1"><p>29</p></td><td rowspan="1" colspan="1"><p>3</p></td><td rowspan="1" colspan="1"><p>Tabela III</p></td><td rowspan="1" colspan="1"><p>Infraestrutura Operacional ou Terrestre</p></td><td rowspan="1" colspan="1"><p>1</p></td><td rowspan="1" colspan="1"><p>Por tonelada de mercadoria movimentada a partir da embarcação até as instalações de armazenagem ou limite do porto, ou no sentido inverso.</p></td><td rowspan="1" colspan="1"><p>-</p></td></tr><tr><td rowspan="1" colspan="1"><p>30</p></td><td rowspan="1" colspan="1" /><td rowspan="1" colspan="1" /><td rowspan="1" colspan="1" /><td rowspan="1" colspan="1"><p>1.1</p></td><td rowspan="1" colspan="1"><p>Carga geral</p></td><td rowspan="1" colspan="1"><p>4,1</p></td></tr><tr><td rowspan="1" colspan="1"><p>31</p></td><td rowspan="1" colspan="1" /><td rowspan="1" colspan="1" /><td rowspan="1" colspan="1" /><td rowspan="1" colspan="1"><p>1.2</p></td><td rowspan="1" colspan="1"><p>Granel Sólido</p></td><td rowspan="1" colspan="1"><p>5,01</p></td></tr><tr><td rowspan="1" colspan="1"><p>32</p></td><td rowspan="1" colspan="1" /><td rowspan="1" colspan="1" /><td rowspan="1" colspan="1" /><td rowspan="1" colspan="1"><p>1.3</p></td><td rowspan="1" colspan="1"><p>Granel Liquido</p></td><td rowspan="1" colspan="1"><p>6,78</p></td></tr><tr><td rowspan="1" colspan="1"><p>33</p></td><td rowspan="1" colspan="1" /><td rowspan="1" colspan="1" /><td rowspan="1" colspan="1" /><td rowspan="1" colspan="1"><p>2</p></td><td rowspan="1" colspan="1"><p>Por contêiner movimentado a partir da embarcação até as instalações de armazenagem ou limite do porto, ou no sentido inverso.</p></td><td rowspan="1" colspan="1"><p>-</p></td></tr><tr><td rowspan="1" colspan="1"><p>34</p></td><td rowspan="1" colspan="1" /><td rowspan="1" colspan="1" /><td rowspan="1" colspan="1" /><td rowspan="1" colspan="1"><p>2.1</p></td><td rowspan="1" colspan="1"><p>Contêiner cheio</p></td><td rowspan="1" colspan="1"><p>61,55</p></td></tr><tr><td rowspan="1" colspan="1"><p>35</p></td><td rowspan="1" colspan="1" /><td rowspan="1" colspan="1" /><td rowspan="1" colspan="1" /><td rowspan="1" colspan="1"><p>2.2</p></td><td rowspan="1" colspan="1"><p>Contêiner vazio</p></td><td rowspan="1" colspan="1"><p>30,72</p></td></tr><tr><td rowspan="1" colspan="1"><p>36</p></td><td rowspan="1" colspan="1" /><td rowspan="1" colspan="1" /><td rowspan="1" colspan="1" /><td rowspan="1" colspan="1"><p>3</p></td><td rowspan="1" colspan="1"><p>Por veículo movimentado pelo sistema roll-on roll-off.</p></td><td rowspan="1" colspan="1"><p>-</p></td></tr><tr><td rowspan="1" colspan="1"><p>37</p></td><td rowspan="1" colspan="1" /><td rowspan="1" colspan="1" /><td rowspan="1" colspan="1" /><td rowspan="1" colspan="1"><p>3.1</p></td><td rowspan="1" colspan="1"><p>Carretas, reboques ou caminhões</p></td><td rowspan="1" colspan="1"><p>32</p></td></tr><tr><td rowspan="1" colspan="1"><p>38</p></td><td rowspan="1" colspan="1" /><td rowspan="1" colspan="1" /><td rowspan="1" colspan="1" /><td rowspan="1" colspan="1"><p>3.2</p></td><td rowspan="1" colspan="1"><p>Cavalo mecânico</p></td><td rowspan="1" colspan="1"><p>8,01</p></td></tr><tr><td rowspan="1" colspan="1"><p>39</p></td><td rowspan="1" colspan="1" /><td rowspan="1" colspan="1" /><td rowspan="1" colspan="1" /><td rowspan="1" colspan="1"><p>3.3</p></td><td rowspan="1" colspan="1"><p>Automóveis e outros até 2 toneladas</p></td><td rowspan="1" colspan="1"><p>3,19</p></td></tr><tr><td rowspan="1" colspan="1"><p>40</p></td><td rowspan="1" colspan="1" /><td rowspan="1" colspan="1" /><td rowspan="1" colspan="1" /><td rowspan="1" colspan="1"><p>5</p></td><td rowspan="1" colspan="1"><p>Por tonelada de combustível ou inflamáveis movimentada a partir de instalações portuárias em veículo-tanque, para abastecimento de embarcações.</p></td><td rowspan="1" colspan="1"><p>1,85</p></td></tr><tr><td rowspan="1" colspan="1"><p>41</p></td><td rowspan="1" colspan="1" /><td rowspan="1" colspan="1" /><td rowspan="1" colspan="1" /><td rowspan="1" colspan="1"><p>6</p></td><td rowspan="1" colspan="1"><p>Por tonelada ou fração de fornecimento de insumos de bordo.</p></td><td rowspan="1" colspan="1"><p>4,1</p></td></tr><tr><td rowspan="1" colspan="1"><p>42</p></td><td rowspan="1" colspan="1" /><td rowspan="1" colspan="1" /><td rowspan="1" colspan="1" /><td rowspan="1" colspan="1"><p>11</p></td><td rowspan="1" colspan="1"><p>Por cabeça de animal vivo embarcado ou desembarcado.</p></td><td rowspan="1" colspan="1"><p>-</p></td></tr><tr><td rowspan="1" colspan="1"><p>43</p></td><td rowspan="1" colspan="1" /><td rowspan="1" colspan="1" /><td rowspan="1" colspan="1" /><td rowspan="1" colspan="1"><p>11.1</p></td><td rowspan="1" colspan="1"><p>Animais até 1.000kgs</p></td><td rowspan="1" colspan="1"><p>5,3</p></td></tr><tr><td rowspan="1" colspan="1"><p>44</p></td><td rowspan="1" colspan="1" /><td rowspan="1" colspan="1" /><td rowspan="1" colspan="1" /><td rowspan="1" colspan="1"><p>11.2</p></td><td rowspan="1" colspan="1"><p>Animais acima de 1.000kgs</p></td><td rowspan="1" colspan="1"><p>10,54</p></td></tr><tr><td rowspan="1" colspan="1"><p>45</p></td><td rowspan="1" colspan="1"><p>4</p></td><td rowspan="1" colspan="1"><p>Tabela IV</p></td><td rowspan="1" colspan="1"><p>Movimentação de Cargas</p></td><td rowspan="1" colspan="1"><p>1</p></td><td rowspan="1" colspan="1"><p>Por tonelada de mercadoria movimentada a partir da embarcação até as instalações de armazenagem ou limite do porto, ou no sentido inverso.</p></td><td rowspan="1" colspan="1"><p>Convencional</p></td></tr><tr><td rowspan="1" colspan="1"><p>46</p></td><td rowspan="1" colspan="1" /><td rowspan="1" colspan="1" /><td rowspan="1" colspan="1" /><td rowspan="1" colspan="1"><p>2</p></td><td rowspan="1" colspan="1"><p>Por contêiner movimentado a partir da embarcação até as instalações de armazenagem ou limite do porto, ou no sentido inverso.</p></td><td rowspan="1" colspan="1"><p>Convencional</p></td></tr><tr><td rowspan="1" colspan="1"><p>47</p></td><td rowspan="1" colspan="1" /><td rowspan="1" colspan="1" /><td rowspan="1" colspan="1" /><td rowspan="1" colspan="1"><p>3</p></td><td rowspan="1" colspan="1"><p>Por veículo movimentado pelo sistema roll-on roll-off.</p></td><td rowspan="1" colspan="1"><p>Convencional</p></td></tr><tr><td rowspan="1" colspan="1"><p>48</p></td><td rowspan="1" colspan="1"><p>5</p></td><td rowspan="1" colspan="1"><p>Tabela V</p></td><td rowspan="1" colspan="1"><p>Utilização de Infraestrutura de Armazenagem</p></td><td rowspan="1" colspan="1"><p>1</p></td><td rowspan="1" colspan="1"><p>Áreas cobertas:</p></td><td rowspan="1" colspan="1"><p>-</p></td></tr><tr><td rowspan="1" colspan="1"><p>49</p></td><td rowspan="1" colspan="1" /><td rowspan="1" colspan="1" /><td rowspan="1" colspan="1" /><td rowspan="1" colspan="1"><p>1.1</p></td><td rowspan="1" colspan="1"><p>Mercadorias diversas de importação do estrangeiro, ainda sujeitas ao desembaraço aduaneiro, recebidas em armazéns ou pátios:</p></td><td rowspan="1" colspan="1"><p>-</p></td></tr><tr><td rowspan="1" colspan="1"><p>50</p></td><td rowspan="1" colspan="1" /><td rowspan="1" colspan="1" /><td rowspan="1" colspan="1" /><td rowspan="1" colspan="1"><p>1.1.1</p></td><td rowspan="1" colspan="1"><p>Durante o 1º de 15 dias ou fração em % (Ad valorem)</p></td><td rowspan="1" colspan="1"><p>0,50%</p></td></tr><tr><td rowspan="1" colspan="1"><p>51</p></td><td rowspan="1" colspan="1" /><td rowspan="1" colspan="1" /><td rowspan="1" colspan="1" /><td rowspan="1" colspan="1"><p>1.1.2</p></td><td rowspan="1" colspan="1"><p>A partir do 16º, por dia ou fração, em % (Ad Valorem), até a data do desembaraço</p></td><td rowspan="1" colspan="1"><p>0,10%</p></td></tr><tr><td rowspan="1" colspan="1"><p>52</p></td><td rowspan="1" colspan="1" /><td rowspan="1" colspan="1" /><td rowspan="1" colspan="1" /><td rowspan="1" colspan="1"><p>1.2</p></td><td rowspan="1" colspan="1"><p>Mercadorias diversas, nacionais ou nacionalizadas, recebidas em armazéns ou pátios, por tonelada:</p></td><td rowspan="1" colspan="1"><p>-</p></td></tr><tr><td rowspan="1" colspan="1"><p>53</p></td><td rowspan="1" colspan="1" /><td rowspan="1" colspan="1" /><td rowspan="1" colspan="1" /><td rowspan="1" colspan="1"><p>1.2.1</p></td><td rowspan="1" colspan="1"><p>No primeiro período de 10 dias ou fração, por dia.</p></td><td rowspan="1" colspan="1"><p>0,17</p></td></tr><tr><td rowspan="1" colspan="1"><p>54</p></td><td rowspan="1" colspan="1" /><td rowspan="1" colspan="1" /><td rowspan="1" colspan="1" /><td rowspan="1" colspan="1"><p>1.2.2</p></td><td rowspan="1" colspan="1"><p>No segundo e períodos subsequentes de 10 dias ou fração, por dia.</p></td><td rowspan="1" colspan="1"><p>0,56</p></td></tr><tr><td rowspan="1" colspan="1"><p>55</p></td><td rowspan="1" colspan="1" /><td rowspan="1" colspan="1" /><td rowspan="1" colspan="1" /><td rowspan="1" colspan="1"><p>1.3</p></td><td rowspan="1" colspan="1"><p>Contêiner com mercadorias nacionais ou nacionalizadas, por unidade:</p></td><td rowspan="1" colspan="1"><p>-</p></td></tr><tr><td rowspan="1" colspan="1"><p>56</p></td><td rowspan="1" colspan="1" /><td rowspan="1" colspan="1" /><td rowspan="1" colspan="1" /><td rowspan="1" colspan="1"><p>1.3.1</p></td><td rowspan="1" colspan="1"><p>No primeiro período de 10 dias ou fração, por dia.</p></td><td rowspan="1" colspan="1"><p>32</p></td></tr><tr><td rowspan="1" colspan="1"><p>57</p></td><td rowspan="1" colspan="1" /><td rowspan="1" colspan="1" /><td rowspan="1" colspan="1" /><td rowspan="1" colspan="1"><p>1.3.2</p></td><td rowspan="1" colspan="1"><p>No segundo e períodos subsequentes de 10 dias ou fração, por dia.</p></td><td rowspan="1" colspan="1"><p>41,92</p></td></tr><tr><td rowspan="1" colspan="1"><p>58</p></td><td rowspan="1" colspan="1" /><td rowspan="1" colspan="1" /><td rowspan="1" colspan="1" /><td rowspan="1" colspan="1"><p>1.4</p></td><td rowspan="1" colspan="1"><p>Contêiner vazio, por unidade:</p></td><td rowspan="1" colspan="1"><p>-</p></td></tr><tr><td rowspan="1" colspan="1"><p>59</p></td><td rowspan="1" colspan="1" /><td rowspan="1" colspan="1" /><td rowspan="1" colspan="1" /><td rowspan="1" colspan="1"><p>1.4.1</p></td><td rowspan="1" colspan="1"><p>No primeiro período de 10 dias ou fração, por dia.</p></td><td rowspan="1" colspan="1"><p>12</p></td></tr><tr><td rowspan="1" colspan="1"><p>60</p></td><td rowspan="1" colspan="1" /><td rowspan="1" colspan="1" /><td rowspan="1" colspan="1" /><td rowspan="1" colspan="1"><p>1.4.2</p></td><td rowspan="1" colspan="1"><p>No segundo e períodos subsequentes de 10 dias ou fração, por dia.</p></td><td rowspan="1" colspan="1"><p>36,02</p></td></tr><tr><td rowspan="1" colspan="1"><p>61</p></td><td rowspan="1" colspan="1" /><td rowspan="1" colspan="1" /><td rowspan="1" colspan="1" /><td rowspan="1" colspan="1"><p>1.5</p></td><td rowspan="1" colspan="1"><p>Mercadorias a granel sólido, por tonelada:</p></td><td rowspan="1" colspan="1"><p>-</p></td></tr><tr><td rowspan="1" colspan="1"><p>62</p></td><td rowspan="1" colspan="1" /><td rowspan="1" colspan="1" /><td rowspan="1" colspan="1" /><td rowspan="1" colspan="1"><p>1.5.1</p></td><td rowspan="1" colspan="1"><p>No primeiro período de 10 dias ou fração, por dia.</p></td><td rowspan="1" colspan="1"><p>0,17</p></td></tr><tr><td rowspan="1" colspan="1"><p>63</p></td><td rowspan="1" colspan="1" /><td rowspan="1" colspan="1" /><td rowspan="1" colspan="1" /><td rowspan="1" colspan="1"><p>1.5.2</p></td><td rowspan="1" colspan="1"><p>No segundo e períodos subsequentes de 10 dias ou fração, por dia.</p></td><td rowspan="1" colspan="1"><p>0,56</p></td></tr><tr><td rowspan="1" colspan="1"><p>64</p></td><td rowspan="1" colspan="1" /><td rowspan="1" colspan="1" /><td rowspan="1" colspan="1" /><td rowspan="1" colspan="1"><p>1.6</p></td><td rowspan="1" colspan="1"><p>Mercadorias a granel líquido, por tonelada:</p></td><td rowspan="1" colspan="1"><p>-</p></td></tr><tr><td rowspan="1" colspan="1"><p>65</p></td><td rowspan="1" colspan="1" /><td rowspan="1" colspan="1" /><td rowspan="1" colspan="1" /><td rowspan="1" colspan="1"><p>1.6.1</p></td><td rowspan="1" colspan="1"><p>No primeiro período de 10 dias ou fração, por dia.</p></td><td rowspan="1" colspan="1"><p>0,17</p></td></tr><tr><td rowspan="1" colspan="1"><p>66</p></td><td rowspan="1" colspan="1" /><td rowspan="1" colspan="1" /><td rowspan="1" colspan="1" /><td rowspan="1" colspan="1"><p>1.6.2</p></td><td rowspan="1" colspan="1"><p>No segundo e períodos subsequentes de 10 dias ou fração, por dia.</p></td><td rowspan="1" colspan="1"><p>0,56</p></td></tr><tr><td rowspan="1" colspan="1"><p>67</p></td><td rowspan="1" colspan="1" /><td rowspan="1" colspan="1" /><td rowspan="1" colspan="1" /><td rowspan="1" colspan="1"><p>1.7</p></td><td rowspan="1" colspan="1"><p>Por contêiner refrigerado, com mercadoria nacional ou nacionalizada, por unidade:</p></td><td rowspan="1" colspan="1"><p>-</p></td></tr><tr><td rowspan="1" colspan="1"><p>68</p></td><td rowspan="1" colspan="1" /><td rowspan="1" colspan="1" /><td rowspan="1" colspan="1" /><td rowspan="1" colspan="1"><p>1.7.1</p></td><td rowspan="1" colspan="1"><p>No primeiro período de 10 dias ou fração, por dia.</p></td><td rowspan="1" colspan="1"><p>32</p></td></tr><tr><td rowspan="1" colspan="1"><p>69</p></td><td rowspan="1" colspan="1" /><td rowspan="1" colspan="1" /><td rowspan="1" colspan="1" /><td rowspan="1" colspan="1"><p>1.7.2</p></td><td rowspan="1" colspan="1"><p>No segundo e períodos subsequentes de 10 dias ou fração, por dia.</p></td><td rowspan="1" colspan="1"><p>41,92</p></td></tr><tr><td rowspan="1" colspan="1"><p>70</p></td><td rowspan="1" colspan="1" /><td rowspan="1" colspan="1" /><td rowspan="1" colspan="1" /><td rowspan="1" colspan="1"><p>1.8</p></td><td rowspan="1" colspan="1"><p>Por veículo movimentado pelo sistema roll-on roll-off.</p></td><td rowspan="1" colspan="1"><p>-</p></td></tr><tr><td rowspan="1" colspan="1"><p>71</p></td><td rowspan="1" colspan="1" /><td rowspan="1" colspan="1" /><td rowspan="1" colspan="1" /><td rowspan="1" colspan="1"><p>1.8.1</p></td><td rowspan="1" colspan="1"><p>No primeiro período de 10 dias ou fração, por dia.</p></td><td rowspan="1" colspan="1"><p>72,02</p></td></tr><tr><td rowspan="1" colspan="1"><p>72</p></td><td rowspan="1" colspan="1" /><td rowspan="1" colspan="1" /><td rowspan="1" colspan="1" /><td rowspan="1" colspan="1"><p>1.8.2</p></td><td rowspan="1" colspan="1"><p>No segundo e períodos subsequentes de 10 dias ou fração, por dia.</p></td><td rowspan="1" colspan="1"><p>120,03</p></td></tr><tr><td rowspan="1" colspan="1"><p>73</p></td><td rowspan="1" colspan="1" /><td rowspan="1" colspan="1" /><td rowspan="1" colspan="1" /><td rowspan="1" colspan="1"><p>2</p></td><td rowspan="1" colspan="1"><p>Áreas descobertas:</p></td><td rowspan="1" colspan="1"><p>-</p></td></tr><tr><td rowspan="1" colspan="1"><p>74</p></td><td rowspan="1" colspan="1" /><td rowspan="1" colspan="1" /><td rowspan="1" colspan="1" /><td rowspan="1" colspan="1"><p>2.1</p></td><td rowspan="1" colspan="1"><p>Mercadorias diversas de importação do estrangeiro, ainda sujeitas ao desembaraço aduaneiro, recebidas em armazéns ou pátios:</p></td><td rowspan="1" colspan="1"><p>-</p></td></tr><tr><td rowspan="1" colspan="1"><p>75</p></td><td rowspan="1" colspan="1" /><td rowspan="1" colspan="1" /><td rowspan="1" colspan="1" /><td rowspan="1" colspan="1"><p>2.1.1</p></td><td rowspan="1" colspan="1"><p>Durante o 1º de 15 dias ou fração em % (Ad valorem)</p></td><td rowspan="1" colspan="1"><p>0,50%</p></td></tr><tr><td rowspan="1" colspan="1"><p>76</p></td><td rowspan="1" colspan="1" /><td rowspan="1" colspan="1" /><td rowspan="1" colspan="1" /><td rowspan="1" colspan="1"><p>2.1.2</p></td><td rowspan="1" colspan="1"><p>A partir do 16º, por dia ou fração, em % (Ad Valorem), até a data do desembaraço</p></td><td rowspan="1" colspan="1"><p>0,10%</p></td></tr><tr><td rowspan="1" colspan="1"><p>77</p></td><td rowspan="1" colspan="1" /><td rowspan="1" colspan="1" /><td rowspan="1" colspan="1" /><td rowspan="1" colspan="1"><p>2.2</p></td><td rowspan="1" colspan="1"><p>Mercadorias diversas, nacionais ou nacionalizadas, recebidas em armazéns ou pátios, por tonelada:</p></td><td rowspan="1" colspan="1"><p>-</p></td></tr><tr><td rowspan="1" colspan="1"><p>78</p></td><td rowspan="1" colspan="1" /><td rowspan="1" colspan="1" /><td rowspan="1" colspan="1" /><td rowspan="1" colspan="1"><p>2.2.1</p></td><td rowspan="1" colspan="1"><p>No primeiro período de 10 dias ou fração, por dia.</p></td><td rowspan="1" colspan="1"><p>0,17</p></td></tr><tr><td rowspan="1" colspan="1"><p>79</p></td><td rowspan="1" colspan="1" /><td rowspan="1" colspan="1" /><td rowspan="1" colspan="1" /><td rowspan="1" colspan="1"><p>2.2.2</p></td><td rowspan="1" colspan="1"><p>No segundo e períodos subsequentes de 10 dias ou fração, por dia.</p></td><td rowspan="1" colspan="1"><p>0,56</p></td></tr><tr><td rowspan="1" colspan="1"><p>80</p></td><td rowspan="1" colspan="1" /><td rowspan="1" colspan="1" /><td rowspan="1" colspan="1" /><td rowspan="1" colspan="1"><p>2.3</p></td><td rowspan="1" colspan="1"><p>Contêiner com mercadorias nacionais ou nacionalizadas, por unidade:</p></td><td rowspan="1" colspan="1"><p>-</p></td></tr><tr><td rowspan="1" colspan="1"><p>81</p></td><td rowspan="1" colspan="1" /><td rowspan="1" colspan="1" /><td rowspan="1" colspan="1" /><td rowspan="1" colspan="1"><p>2.3.1</p></td><td rowspan="1" colspan="1"><p>No primeiro período de 10 dias ou fração, por dia.</p></td><td rowspan="1" colspan="1"><p>32</p></td></tr><tr><td rowspan="1" colspan="1"><p>82</p></td><td rowspan="1" colspan="1" /><td rowspan="1" colspan="1" /><td rowspan="1" colspan="1" /><td rowspan="1" colspan="1"><p>2.3.2</p></td><td rowspan="1" colspan="1"><p>No segundo e períodos subsequentes de 10 dias ou fração, por dia.</p></td><td rowspan="1" colspan="1"><p>41,92</p></td></tr><tr><td rowspan="1" colspan="1"><p>83</p></td><td rowspan="1" colspan="1" /><td rowspan="1" colspan="1" /><td rowspan="1" colspan="1" /><td rowspan="1" colspan="1"><p>2.4</p></td><td rowspan="1" colspan="1"><p>Contêiner vazio, por unidade:</p></td><td rowspan="1" colspan="1"><p>-</p></td></tr><tr><td rowspan="1" colspan="1"><p>84</p></td><td rowspan="1" colspan="1" /><td rowspan="1" colspan="1" /><td rowspan="1" colspan="1" /><td rowspan="1" colspan="1"><p>2.4.1</p></td><td rowspan="1" colspan="1"><p>No primeiro período de 10 dias ou fração, por dia.</p></td><td rowspan="1" colspan="1"><p>12</p></td></tr><tr><td rowspan="1" colspan="1"><p>85</p></td><td rowspan="1" colspan="1" /><td rowspan="1" colspan="1" /><td rowspan="1" colspan="1" /><td rowspan="1" colspan="1"><p>2.4.2</p></td><td rowspan="1" colspan="1"><p>No segundo e períodos subsequentes de 10 dias ou fração, por dia.</p></td><td rowspan="1" colspan="1"><p>36,02</p></td></tr><tr><td rowspan="1" colspan="1"><p>86</p></td><td rowspan="1" colspan="1" /><td rowspan="1" colspan="1" /><td rowspan="1" colspan="1" /><td rowspan="1" colspan="1"><p>2.5</p></td><td rowspan="1" colspan="1"><p>Mercadorias a granel sólido, por tonelada:</p></td><td rowspan="1" colspan="1"><p>-</p></td></tr><tr><td rowspan="1" colspan="1"><p>87</p></td><td rowspan="1" colspan="1" /><td rowspan="1" colspan="1" /><td rowspan="1" colspan="1" /><td rowspan="1" colspan="1"><p>2.5.1</p></td><td rowspan="1" colspan="1"><p>No primeiro período de 10 dias ou fração, por dia.</p></td><td rowspan="1" colspan="1"><p>0,17</p></td></tr><tr><td rowspan="1" colspan="1"><p>88</p></td><td rowspan="1" colspan="1" /><td rowspan="1" colspan="1" /><td rowspan="1" colspan="1" /><td rowspan="1" colspan="1"><p>2.5.2</p></td><td rowspan="1" colspan="1"><p>No segundo e períodos subsequentes de 10 dias ou fração, por dia.</p></td><td rowspan="1" colspan="1"><p>0,56</p></td></tr><tr><td rowspan="1" colspan="1"><p>89</p></td><td rowspan="1" colspan="1" /><td rowspan="1" colspan="1" /><td rowspan="1" colspan="1" /><td rowspan="1" colspan="1"><p>2.6</p></td><td rowspan="1" colspan="1"><p>Mercadorias a granel líquido, por tonelada:</p></td><td rowspan="1" colspan="1"><p>-</p></td></tr><tr><td rowspan="1" colspan="1"><p>90</p></td><td rowspan="1" colspan="1" /><td rowspan="1" colspan="1" /><td rowspan="1" colspan="1" /><td rowspan="1" colspan="1"><p>2.6.1</p></td><td rowspan="1" colspan="1"><p>No primeiro período de 10 dias ou fração, por dia.</p></td><td rowspan="1" colspan="1"><p>0,17</p></td></tr><tr><td rowspan="1" colspan="1"><p>91</p></td><td rowspan="1" colspan="1" /><td rowspan="1" colspan="1" /><td rowspan="1" colspan="1" /><td rowspan="1" colspan="1"><p>2.6.2</p></td><td rowspan="1" colspan="1"><p>No segundo e períodos subsequentes de 10 dias ou fração, por dia.</p></td><td rowspan="1" colspan="1"><p>0,56</p></td></tr><tr><td rowspan="1" colspan="1"><p>92</p></td><td rowspan="1" colspan="1" /><td rowspan="1" colspan="1" /><td rowspan="1" colspan="1" /><td rowspan="1" colspan="1"><p>2.7</p></td><td rowspan="1" colspan="1"><p>Por contêiner refrigerado, com mercadoria nacional ou nacionalizada, por unidade:</p></td><td rowspan="1" colspan="1"><p>-</p></td></tr><tr><td rowspan="1" colspan="1"><p>93</p></td><td rowspan="1" colspan="1" /><td rowspan="1" colspan="1" /><td rowspan="1" colspan="1" /><td rowspan="1" colspan="1"><p>2.7.1</p></td><td rowspan="1" colspan="1"><p>No primeiro período de 10 dias ou fração, por dia.</p></td><td rowspan="1" colspan="1"><p>32</p></td></tr><tr><td rowspan="1" colspan="1"><p>94</p></td><td rowspan="1" colspan="1" /><td rowspan="1" colspan="1" /><td rowspan="1" colspan="1" /><td rowspan="1" colspan="1"><p>2.7.2</p></td><td rowspan="1" colspan="1"><p>No segundo e períodos subsequentes de 10 dias ou fração, por dia.</p></td><td rowspan="1" colspan="1"><p>41,92</p></td></tr><tr><td rowspan="1" colspan="1"><p>95</p></td><td rowspan="1" colspan="1" /><td rowspan="1" colspan="1" /><td rowspan="1" colspan="1" /><td rowspan="1" colspan="1"><p>3</p></td><td rowspan="1" colspan="1"><p>Veículos, por veículo e por dia.</p></td><td rowspan="1" colspan="1"><p>-</p></td></tr><tr><td rowspan="1" colspan="1"><p>96</p></td><td rowspan="1" colspan="1" /><td rowspan="1" colspan="1" /><td rowspan="1" colspan="1" /><td rowspan="1" colspan="1"><p>3.1</p></td><td rowspan="1" colspan="1"><p>No primeiro período de 10 dias ou fração, por dia.</p></td><td rowspan="1" colspan="1"><p>72,02</p></td></tr><tr><td rowspan="1" colspan="1"><p>97</p></td><td rowspan="1" colspan="1" /><td rowspan="1" colspan="1" /><td rowspan="1" colspan="1" /><td rowspan="1" colspan="1"><p>3.2</p></td><td rowspan="1" colspan="1"><p>No segundo e períodos subsequentes de 10 dias ou fração, por dia.</p></td><td rowspan="1" colspan="1"><p>120,03</p></td></tr><tr><td rowspan="1" colspan="1"><p>98</p></td><td rowspan="1" colspan="1" /><td rowspan="1" colspan="1" /><td rowspan="1" colspan="1" /><td rowspan="1" colspan="1"><p>4</p></td><td rowspan="1" colspan="1"><p>Carga de Projeto, por carga e por dia.</p></td><td rowspan="1" colspan="1"><p>-</p></td></tr><tr><td rowspan="1" colspan="1"><p>99</p></td><td rowspan="1" colspan="1" /><td rowspan="1" colspan="1" /><td rowspan="1" colspan="1" /><td rowspan="1" colspan="1"><p>4.1</p></td><td rowspan="1" colspan="1"><p>No primeiro período de 10 dias ou fração, por dia.</p></td><td rowspan="1" colspan="1"><p>Convencional</p></td></tr><tr><td rowspan="1" colspan="1"><p>100</p></td><td rowspan="1" colspan="1" /><td rowspan="1" colspan="1" /><td rowspan="1" colspan="1" /><td rowspan="1" colspan="1"><p>4.2</p></td><td rowspan="1" colspan="1"><p>No segundo e períodos subsequentes de 10 dias ou fração, por dia.</p></td><td rowspan="1" colspan="1"><p>Convencional</p></td></tr><tr><td rowspan="1" colspan="1"><p>101</p></td><td rowspan="1" colspan="1"><p>7</p></td><td rowspan="1" colspan="1"><p>Tabela VII</p></td><td rowspan="1" colspan="1"><p>Diversos Padronizados</p></td><td rowspan="1" colspan="1"><p>1</p></td><td rowspan="1" colspan="1"><p>Pela entrega de água potável, através de tubulação, à embarcação ou consumidor instalado na área do porto, por m³ por mês ou fração.</p></td><td rowspan="1" colspan="1"><p>12,94</p></td></tr><tr><td rowspan="1" colspan="1"><p>102</p></td><td rowspan="1" colspan="1" /><td rowspan="1" colspan="1" /><td rowspan="1" colspan="1" /><td rowspan="1" colspan="1"><p>2</p></td><td rowspan="1" colspan="1"><p>Pela entrega de energia elétrica:</p></td><td rowspan="1" colspan="1"><p>-</p></td></tr><tr><td rowspan="1" colspan="1"><p>103</p></td><td rowspan="1" colspan="1" /><td rowspan="1" colspan="1" /><td rowspan="1" colspan="1" /><td rowspan="1" colspan="1"><p>2.1</p></td><td rowspan="1" colspan="1"><p>à embarcação ou consumidor instalado na área do porto, por kWh por mês ou fração;</p></td><td rowspan="1" colspan="1"><p>0,98</p></td></tr><tr><td rowspan="1" colspan="1"><p>104</p></td><td rowspan="1" colspan="1" /><td rowspan="1" colspan="1" /><td rowspan="1" colspan="1" /><td rowspan="1" colspan="1"><p>2.2</p></td><td rowspan="1" colspan="1"><p>para contêiner refrigerado ou para unidade refrigeradora tipo clip-on, por dia ou fração.</p></td><td rowspan="1" colspan="1"><p>52,79</p></td></tr><tr><td rowspan="1" colspan="1"><p>105</p></td><td rowspan="1" colspan="1" /><td rowspan="1" colspan="1" /><td rowspan="1" colspan="1" /><td rowspan="1" colspan="1"><p>6</p></td><td rowspan="1" colspan="1"><p>Pela pesagem de mercadorias carregadas em vagões ou outros veículos, por tonelada ou fração.</p></td><td rowspan="1" colspan="1"><p>0,64</p></td></tr><tr><td rowspan="1" colspan="1"><p>106</p></td><td rowspan="1" colspan="1" /><td rowspan="1" colspan="1" /><td rowspan="1" colspan="1" /><td rowspan="1" colspan="1"><p>10</p></td><td rowspan="1" colspan="1"><p>Pela utilização de área em armazéns com fins diversos à armazenagem, por m², por dia.</p></td><td rowspan="1" colspan="1"><p>4,2</p></td></tr><tr><td rowspan="1" colspan="1"><p>107</p></td><td rowspan="1" colspan="1" /><td rowspan="1" colspan="1" /><td rowspan="1" colspan="1" /><td rowspan="1" colspan="1"><p>11</p></td><td rowspan="1" colspan="1"><p>Pela utilização de área em pátios, por m², por dia</p></td><td rowspan="1" colspan="1"><p>1,89</p></td></tr><tr><td rowspan="1" colspan="1"><p>108</p></td><td rowspan="1" colspan="1" /><td rowspan="1" colspan="1" /><td rowspan="1" colspan="1" /><td rowspan="1" colspan="1"><p>12</p></td><td rowspan="1" colspan="1"><p>Pelo fornecimento de certidões ou certificados, por unidade.</p></td><td rowspan="1" colspan="1"><p>-</p></td></tr><tr><td rowspan="1" colspan="1"><p>109</p></td><td rowspan="1" colspan="1" /><td rowspan="1" colspan="1" /><td rowspan="1" colspan="1" /><td rowspan="1" colspan="1"><p>12.1</p></td><td rowspan="1" colspan="1"><p>Certificado de Operador Portuário</p></td><td rowspan="1" colspan="1"><p>752,47</p></td></tr><tr><td rowspan="1" colspan="1"><p>110</p></td><td rowspan="1" colspan="1" /><td rowspan="1" colspan="1" /><td rowspan="1" colspan="1" /><td rowspan="1" colspan="1"><p>14</p></td><td rowspan="1" colspan="1"><p>Pela utilização de área coberta em caráter temporário e precário para o atendimento ou apoio à operação portuária, por m², por dia.</p></td><td rowspan="1" colspan="1"><p>3,15</p></td></tr><tr><td rowspan="1" colspan="1"><p>111</p></td><td rowspan="1" colspan="1" /><td rowspan="1" colspan="1" /><td rowspan="1" colspan="1" /><td rowspan="1" colspan="1"><p>15</p></td><td rowspan="1" colspan="1"><p>Pela utilização de área descoberta em caráter temporário e precário para o atendimento ou apoio à operação portuária, por m², por dia.</p></td><td rowspan="1" colspan="1"><p>-</p></td></tr><tr><td rowspan="1" colspan="1"><p>112</p></td><td rowspan="1" colspan="1" /><td rowspan="1" colspan="1" /><td rowspan="1" colspan="1" /><td rowspan="1" colspan="1"><p>15.1</p></td><td rowspan="1" colspan="1"><p>Em terra</p></td><td rowspan="1" colspan="1"><p>2,1</p></td></tr><tr><td rowspan="1" colspan="1"><p>113</p></td><td rowspan="1" colspan="1" /><td rowspan="1" colspan="1" /><td rowspan="1" colspan="1" /><td rowspan="1" colspan="1"><p>15.2</p></td><td rowspan="1" colspan="1"><p>Em espelho d'água</p></td><td rowspan="1" colspan="1"><p>0,32</p></td></tr><tr><td rowspan="1" colspan="1"><p>114</p></td><td rowspan="1" colspan="1"><p>8</p></td><td rowspan="1" colspan="1"><p>Tabela VIII</p></td><td rowspan="1" colspan="1"><p>Uso Temporário e Arrendamento Realizado com Base em Estudos Simplificados</p></td><td rowspan="1" colspan="1"><p>1</p></td><td rowspan="1" colspan="1"><p>Pelo uso temporário de área para movimentação ou armazenagem de cargas não consolidadas, por m², por mês ou fração.</p></td><td rowspan="1" colspan="1"><p>-</p></td></tr><tr><td rowspan="1" colspan="1"><p>115</p></td><td rowspan="1" colspan="1" /><td rowspan="1" colspan="1" /><td rowspan="1" colspan="1" /><td rowspan="1" colspan="1"><p>1.1</p></td><td rowspan="1" colspan="1"><p>Em área primária</p></td><td rowspan="1" colspan="1"><p>1,83</p></td></tr><tr><td rowspan="1" colspan="1"><p>116</p></td><td rowspan="1" colspan="1" /><td rowspan="1" colspan="1" /><td rowspan="1" colspan="1" /><td rowspan="1" colspan="1"><p>1.2</p></td><td rowspan="1" colspan="1"><p>Em retroárea</p></td><td rowspan="1" colspan="1"><p>1,59</p></td></tr><tr><td rowspan="1" colspan="1"><p>117</p></td><td rowspan="1" colspan="1" /><td rowspan="1" colspan="1" /><td rowspan="1" colspan="1" /><td rowspan="1" colspan="1"><p>1.3</p></td><td rowspan="1" colspan="1"><p>Em área de espelho d'água</p></td><td rowspan="1" colspan="1"><p>0,92</p></td></tr></table><p>ANEXO II</p><p>NORMAS DE APLICAÇÃO ADICIONAIS AO ANEXO III DA RESOLUÇÃO ANTAQ Nº 61, DE 2021</p>]]></Texto>
  </body>
  <Midias />
</article></xml>