﻿<xml><article id="27710024" name="ADE4REC35" idOficio="7355986" pubName="DO1" artType="Ato Declaratório" pubDate="25/08/2022" artClass="00015:00045:00432:00096:00012:00000:00000:00000:00000:00000:00007:00000" artCategory="Ministério da Economia/Secretaria Especial da Receita Federal do Brasil/Subsecretaria-Geral da Receita Federal do Brasil/Superintendência Regional da 4ª Região Fiscal/Delegacia da Receita Federal do Brasil em Recife" artSize="12" artNotes="" numberPage="209" pdfPage="http://pesquisa.in.gov.br/imprensa/jsp/visualiza/index.jsp?data=25/08/2022&amp;jornal=515&amp;pagina=209" editionNumber="162" highlightType="" highlightPriority="" highlight="" highlightimage="" highlightimagename="" idMateria="14837292">
  <body>
    <Identifica><![CDATA[ ATO DECLARATÓRIO EXECUTIVO Nº 35, DE 24 DE AGOSTO DE 2022]]></Identifica>
    <Data><![CDATA[]]></Data>
    <Ementa><![CDATA[ Concede o Registro Especial para estabelecimento que realiza operações com papel imune na atividade de Gráfica.]]></Ementa>
    <Titulo />
    <SubTitulo />
    <Texto><![CDATA[<p class="identifica">ATO DECLARATÓRIO EXECUTIVO Nº 35, DE 24 DE AGOSTO DE 2022</p><p class="ementa">Concede o Registro Especial para estabelecimento que realiza operações com papel imune na atividade de Gráfica.</p><p>O AUDITOR-FISCAL DA RECEITA FEDERAL DO BRASIL, em exercício na DELEGACIA DA RECEITA FEDERAL DO BRASIL NO RECIFE/PE, no exercício das atribuições conferidas pelo inciso I, alínea "b", do caput do art. 6º da Lei nº 10.593, de 2002, tendo em vista o disposto na Lei nº 11.945, de 4 de junho de 2009 e na Instrução Normativa RFB nº 1.817, de 20 de julho de 2018 e alterações, e considerando o que consta do processo 19614.722585/2021-65, declara:</p><p>Art. 1º A inscrição no Registro Especial de Controle de Papel Imune (Regpi), de que tratam os artigos 1º e 2º da Lei nº 11.945, de 2009, na atividade de Gráfica, sob o número GP-04101/00235, pelo prazo de 3 (três) anos, contados a partir da data de publicação deste ADE no Diário Oficial da União (DOU), ao seguinte estabelecimento:</p><p>I - Registro Especial nº GP-04101/00235;</p><p>II - Beneficiário: EDICLEITON BARROS DE SANTANA;</p><p>III - CNPJ: 30.121.589/0001-00;</p><p>IV - Domicílio Fiscal: Rua Sete, 54, Bairro: Nobre, Paulista PE;</p><p>V - Processo Administrativo: 19614.722585/2021-65</p><p>Art. 2º O contribuinte está obrigado ao cumprimento da legislação tributária, em vigor e alterações posteriores, envolvendo operações com o papel destinado à impressão de livros, jornais e periódicos, em especial das exigências estabelecidas na IN RFB nº 1.817, de 20 de julho de 2018.</p><p>Art. 3º. Este ADE entra em vigor na data de sua publicação no DOU.</p><p class="assina">EDGAR RODRIGUES ATAÍDE FILHO</p>]]></Texto>
  </body>
  <Midias />
</article></xml>