﻿<xml><article id="27709577" name="1. Despacho de homologaAAo do Pa" idOficio="7355945" pubName="DO1" artType="Despacho" pubDate="25/08/2022" artClass="00018:00001:00000:00000:00000:00000:00000:00000:00000:00000:00024:00007" artCategory="Ministério da Educação/Gabinete do Ministro" artSize="12" artNotes="" numberPage="218" pdfPage="http://pesquisa.in.gov.br/imprensa/jsp/visualiza/index.jsp?data=25/08/2022&amp;jornal=515&amp;pagina=218" editionNumber="162" highlightType="" highlightPriority="" highlight="" highlightimage="" highlightimagename="" idMateria="14837194">
  <body>
    <Identifica><![CDATA[ DESPACHO DE 24 DE AGOSTO DE 2022]]></Identifica>
    <Data><![CDATA[]]></Data>
    <Ementa />
    <Titulo />
    <SubTitulo />
    <Texto><![CDATA[<p class="identifica">DESPACHO DE 24 DE AGOSTO DE 2022</p><p>Nos termos do art. 2º da Lei nº 9.131, de 24 de novembro de 1995, homologo o Parecer CNE/CES nº 503/2019, da Câmara de Educação Superior, do Conselho Nacional de Educação, que conheceu do recurso interposto para, no mérito, dar-lhe provimento, reformando a decisão expressa na Portaria nº 1.252, de 7 de dezembro de 2017, da Secretaria de Regulação e Supervisão da Educação Superior - SERES, para autorizar o curso de Engenharia Mecânica, bacharelado, a ser oferecido pela Faculdade Uninassau Fortaleza Savanah, com sede no município de Fortaleza, no estado do Ceará, mantida pela Sociedade Universitária Mileto Ltda. - EPP, com sede no município de Natal, no estado do Rio Grande do Norte, com 240 (duzentas e quarenta) vagas totais anuais, conforme consta do Processo nº 23001.001069/2017-01.</p><p class="assina">VICTOR GODOY VEIGA</p><p class="cargo">Ministro</p>]]></Texto>
  </body>
  <Midias />
</article></xml>