﻿<xml><article id="27699534" name="despacho 98 decisAo de nAo conti" idOficio="7354179" pubName="DO1" artType="Despacho" pubDate="25/08/2022" artClass="00026:00001:00000:00000:00000:00000:00000:00000:00000:00000:00017:00010" artCategory="Ministério da Saúde/Gabinete do Ministro" artSize="12" artNotes="" numberPage="264" pdfPage="http://pesquisa.in.gov.br/imprensa/jsp/visualiza/index.jsp?data=25/08/2022&amp;jornal=515&amp;pagina=264" editionNumber="162" highlightType="" highlightPriority="" highlight="" highlightimage="" highlightimagename="" idMateria="14834502">
  <body>
    <Identifica><![CDATA[ DESPACHO Nº 98, DE 23 DE AGOSTO DE 2022]]></Identifica>
    <Data><![CDATA[]]></Data>
    <Ementa />
    <Titulo />
    <SubTitulo />
    <Texto><![CDATA[<p class="identifica">DESPACHO Nº 98, DE 23 DE AGOSTO DE 2022</p><p>Processo nº 25000.412523/2017-82</p><p>Interessada: INSTITUTO DE TECNOLOGIA DO PARANÁ - TECPAR</p><p>Assunto: Recurso administrativo interposto, em face da decisão de não continuidade da PDP de Trastuzumabe, conforme previsto no art. 5º da Portaria GM/MS nº 184/2021.</p><p>Decisão: À vista do que consta dos autos, adoto como razões de decidir os fundamentos de mérito e de fato apresentados pela Coordenação-Geral do Complexo Industrial da Saúde - CGCIS/SCTIE/MS, por meio do Relatório s/nº (id SEI/MS 0026265952), bem como as razões de direito expostas pela Consultoria Jurídica junto ao Ministério da Saúde, nos termos do PARECER n. 00338/2022/CONJUR-MS/CGU/AGU, do DESPACHO N. 01820/2022/CONJUR-MS/CGU/AGU e do DESPACHO n. 01833/2022/CONJUR-MS/CGU/AGU, e INDEFIRO o recurso administrativo interposto por Instituto de Tecnologia do Paraná - TECPAR.</p><p class="assina">MARCELO ANTÔNIO CARTAXO QUEIROGA LOPES</p><p class="cargo">Ministro</p>]]></Texto>
  </body>
  <Midias />
</article></xml>