﻿<xml><article id="27709754" name="Despacho 17944.100176.2019-21 - " idOficio="7355970" pubName="DO1" artType="Despacho" pubDate="25/08/2022" artClass="00015:00001:00000:00000:00000:00000:00000:00000:00000:00000:00024:00000" artCategory="Ministério da Economia/Gabinete do Ministro" artSize="12" artNotes="" numberPage="32" pdfPage="http://pesquisa.in.gov.br/imprensa/jsp/visualiza/index.jsp?data=25/08/2022&amp;jornal=515&amp;pagina=32" editionNumber="162" highlightType="" highlightPriority="" highlight="" highlightimage="" highlightimagename="" idMateria="14837269">
  <body>
    <Identifica><![CDATA[ DESPACHO DE 24 DE AGOSTO DE 2022]]></Identifica>
    <Data><![CDATA[]]></Data>
    <Ementa />
    <Titulo />
    <SubTitulo />
    <Texto><![CDATA[<p class="identifica">DESPACHO DE 24 DE AGOSTO DE 2022</p><p>Processo nº 17944.100176/2019-21</p><p>Interessados: Município de Timbó - SC.</p><p>Assunto: Segundo Termo Aditivo ao Contrato de Financiamento nº 0501411-88, de 13/05/2019, referente à operação de crédito interna, com garantia da União, celebrada entre o Município de Timbó - SC e a Caixa Econômica Federal, no valor de R$ no valor de R$ 15.000.000,00 (quinze milhões de reais), com recursos destinados a obras de pavimentação asfáltica e complementares da Rua Pomerode do sistema viário do Município de Timbó.</p><p>Tendo em vista as manifestações da Secretaria do Tesouro Nacional e da Procuradoria-Geral da Fazenda Nacional, assim como o disposto na Lei nº 10.552, de 13 de novembro de 2002, ratifico a concessão da garantia da União referente ao contrato acima mencionado.</p><p class="assina">PAULO GUEDES</p><p class="cargo">Ministro</p>]]></Texto>
  </body>
  <Midias />
</article></xml>