﻿<xml><article id="27710003" name="PUBL. 56" idOficio="7355908" pubName="DO1" artType="Despacho" pubDate="25/08/2022" artClass="00020:00032:00005:00002:00000:00000:00000:00000:00000:00000:00024:00000" artCategory="Ministério da Justiça e Segurança Pública/Secretaria Nacional de Justiça/Departamento de Migrações/Coordenação-Geral de Imigração Laboral" artSize="12" artNotes="" numberPage="246" pdfPage="http://pesquisa.in.gov.br/imprensa/jsp/visualiza/index.jsp?data=25/08/2022&amp;jornal=515&amp;pagina=246" editionNumber="162" highlightType="" highlightPriority="" highlight="" highlightimage="" highlightimagename="" idMateria="14837199">
  <body>
    <Identifica><![CDATA[ DESPACHOS DE  24 DE AGOSTO DE 2022]]></Identifica>
    <Data><![CDATA[]]></Data>
    <Ementa />
    <Titulo />
    <SubTitulo />
    <Texto><![CDATA[<p class="identifica">DESPACHOS DE 24 DE AGOSTO DE 2022</p><p>O Coordenador-Geral de Imigração Laboral, no uso de suas atribuições, deferiu os seguintes pedidos de autorização de residência, constantes dos ofícios ao MRE nº 391/2022 de 19/08/2022, 392/2022 de 19/08/2022, 396/2022 de 22/08/2022, 397/2022 de 22/08/2022, 401/2022 de 23/08/2022 e 402/2022 de 23/08/2022, respectivamente:</p><p /><p></p><table><tr /><tr><td rowspan="1" colspan="1"><p>Residência Prévia - RESOLUÇÃO NORMATIVA 02/2017</p></td></tr></table><p>Processo: 08228.009273/2022-81 Requerente: ASSOCIACAO CHINESA DE EDUCACAO Prazo: 02 Anos Imigrante: LIU ZHEN Data Nascimento: 23/03/1980 Passaporte: E22780741 País: CHINA Mãe: LIPING Pai: LIU GUANGLIN.</p><p>Processo: 08228.009346/2022-34 Requerente: GLOBAL JET ECOMMERCE LTDA Prazo: 02 Anos Imigrante: Shiwen Lei Data Nascimento: 09/12/1999 Passaporte: EF2283747 País: CHINA Mãe: Youzhen Xie Pai: Weiquan Lei.</p><p>Processo: 08228.009556/2022-22 Requerente: CMOC BRASIL MINERACAO, INDUSTRIA E PARTICIPACOES LTDA. Prazo: 2 Anos Imigrante: BAOQIANG SHI Data Nascimento: 16/10/1980 Passaporte: EJ2122331 País: CHINA Mãe: Shuping Wang Pai: Changyi Shi.</p><p>Processo: 08228.010237/2022-61 Requerente: KUEHNE+NAGEL SERVICOS LOGISTICOS LTDA. Prazo: 2 Anos Imigrante: Mariela Noriega Salazar Data Nascimento: 08/07/1989 Passaporte: G31352615 País: MÉXICO Mãe: Francisca Hortencia Salazar Montiel Pai: Santos Martin Noriega Urrea.</p><p>Processo: 08228.010231/2022-92 Requerente: ESCOLA BRITANICA DE BRASILIA LTDA Prazo: 2 Anos Imigrante: Elizabeth May Boulding Data Nascimento: 03/06/1995 Passaporte: 124059377 País: GRÃ-BRETANHA Mãe: Anna Elizabeth Boulding Pai: David Ridgway.</p><p>Processo: 08228.010239/2022-59 Requerente: CIROMEX COMERCIAL LTDA Prazo: 2 Anos Imigrante: Xiabing Lin Data Nascimento: 15/09/1996 Passaporte: ED1663019 País: CHINA Mãe: Huiqing Lin Pai: Yixiong Lin.</p><p>Processo: 08228.010296/2022-38 Requerente: EXXONMOBIL EXPLORACAO BRASIL LTDA Prazo: 2 Anos Imigrante: CARSON FREDRICK PEPPER Data Nascimento: 14/08/1995 Passaporte: 565961943 País: ESTADOS UNIDOS Mãe: Kathryn Lee Pyatt Pai: Charles Frederick Pepper.</p><p>Processo: 08228.010331/2022-19 Requerente: TRANSOCEAN BRASIL LTDA Prazo: 2 Anos Imigrante: Bradley Aaron Burdett Data Nascimento: 07/06/1986 Passaporte: 506103487 País: ESTADOS UNIDOS Mãe: Susan Hardy Burdett Pai: Jon Turnidge Burdett.</p><p>Processo: 08228.010343/2022-43 Requerente: CMOC BRASIL MINERACAO, INDUSTRIA E PARTICIPACOES LTDA. Prazo: 2 Anos Imigrante: XIAOBAO SONG Data Nascimento: 25/02/1991 Passaporte: EJ5299869 País: CHINA Mãe: YAHUA WU Pai: QUAN SONG.</p><p>Processo: 08228.010338/2022-31 Requerente: R.K. INDIANA E SHURUWAT LTDA Prazo: 02 Anos Imigrante: Suraj Singh Data Nascimento: 14/09/2000 Passaporte: U6915532 País: ÍNDIA Mãe: Anita Devi Pai: Kundan Singh.</p><p>Processo: 08228.010340/2022-18 Requerente: R.K. INDIANA E SHURUWAT LTDA Prazo: 02 Anos Imigrante: Dheeraj Kamal Mehra Data Nascimento: 04/12/1997 Passaporte: V6760803 País: ÍNDIA Mãe: Guddi Mehra Pai: Kamalsingh Mehra.</p><p>Processo: 08228.010533/2022-61 Requerente: P &amp; C COMERCIO DE ELETRONICOS E ACESSORIOS EIRELI Prazo: 2 Anos Imigrante: SHENGWANG YANG Data Nascimento: 04/01/1991 Passaporte: E86990275 País: CHINA Mãe: Shuhua Yang Pai: Nengping Yang.</p><p>Processo: 08228.010534/2022-13 Requerente: Y&amp;YT ACESSORIOS LTDA Prazo: 2 Anos Imigrante: YONG YANG Data Nascimento: 28/10/1982 Passaporte: EF3605381 País: CHINA Mãe: Aijiao Lin Pai: Shunzhao Yang.</p><p>Processo: 08228.010563/2022-77 Requerente: VALLOUREC SOLUCOES TUBULARES DO BRASIL S.A. Prazo: 2 Anos Imigrante: XAVIER KARIM MAURICE BOUCHFAA Data Nascimento: 13/10/1985 Passaporte: 13BC52995 País: FRANÇA Mãe: Marie Claire Verier Pai: El Houcine Bouchfaa.</p><p>Processo: 08228.010807/2022-11 Requerente: HENKEL LTDA Prazo: 02 Anos Imigrante: Maria Gabriela Carrero Contreras Data Nascimento: 07/05/1993 Passaporte: 115537954 País: VENEZUELA Mãe: Jaira Zulay Contreras de Carrero Pai: Jose Gerardo Carrero.</p><p>Processo: 08228.010664/2022-48 Requerente: AISIN AUTOMOTIVE LTDA. Prazo: 02 Anos Imigrante: TAKUYA TAKEO Data Nascimento: 27/01/1978 Passaporte: TT 1.955.818 País: JAPÃO Mãe: SAWAKO TAKEO Pai: MOTOKAZU TAKEO.</p><p /><p></p><table><tr /><tr><td rowspan="1" colspan="1"><p>Residência Prévia - RESOLUÇÃO NORMATIVA 03/2017 (Art. 2º)</p></td></tr></table><p>Processo: 08228.008494/2022-31 Requerente: OMNI TAXI AEREO S/A Prazo: 01 Ano Imigrante: ROLANDO MAGI Data Nascimento: 23/09/1965 Passaporte: YA5537557 País: ITÁLIA.</p><p>Processo: 08228.008949/2022-19 Requerente: EMBRAER S.A. Prazo: 01 Ano Imigrante: Per Filip William Rydbjörk Data Nascimento: 19/05/1997 Passaporte: AA1085644 País: SUÉCIA.</p><p>Processo: 08228.008954/2022-21 Requerente: NOVELIS DO BRASIL LTDA. Prazo: 01 Ano Imigrante: GONZALO SANCHEZ TABERNERO Data Nascimento: 08/06/1991 Passaporte: PAJ516006 País: ESPANHA.</p><p>Processo: 08228.008956/2022-11 Requerente: NOVELIS DO BRASIL LTDA. Prazo: 01 Ano Imigrante: SERGIO TANCO GUICHOU Data Nascimento: 19/01/1969 Passaporte: AAJ623679 País: ESPANHA.</p><p>Processo: 08228.008991/2022-31 Requerente: LM WIND POWER DO BRASIL S.A. Prazo: 180 Dias Imigrante: Birgit Oestergaard Pedersen Data Nascimento: 01/10/1965 Passaporte: 208945962 País: DINAMARCA.</p><p>Processo: 08228.008993/2022-29 Requerente: GE POWER &amp; WATER EQUIPAMENTOS E SERVICOS DE ENERGIA E TRATAMENTO DE AGUA LTDA. Prazo: 180 Dias Imigrante: Guy Douglas Swiger Data Nascimento: 15/07/1977 Passaporte: 591333996 País: ESTADOS UNIDOS.</p><p>Processo: 08228.008996/2022-62 Requerente: SBM DO BRASIL LTDA Prazo: 1 Ano Imigrante: Lorenzo Bruni Data Nascimento: 04/11/1964 Passaporte: M00124469 País: REPÚBL. DA ÁFRICA DO SUL.</p><p>Processo: 08228.010444/2022-14 Requerente: FIELDCORE SERVICE SOLUTIONS INTERNATIONAL SERVICOS DE ENERGIA LTDA. Prazo: 1 Ano Imigrante: BELINDA BEATRIZ JUAREZ MARTINEZ Data Nascimento: 08/01/1990 Passaporte: G36933805 País: MÉXICO.</p><p>Processo: 08228.009284/2022-61 Requerente: PIRELLI PNEUS LTDA. Prazo: 180 Dias Imigrante: Marco Pasquarelli Data Nascimento: 22/07/1994 Passaporte: YB9631331 País: ITÁLIA.</p><p>Processo: 08228.009527/2022-61 Requerente: KREBSBACH IMPORTACAO E COMERCIO LTDA Prazo: 1 Ano Imigrante: ANDREA FRANCESCHINI Data Nascimento: 17/06/1985 Passaporte: YB0102217 País: ITÁLIA.</p><p>Processo: 08228.009513/2022-47 Requerente: PIRELLI PNEUS LTDA. Prazo: 180 Dias Imigrante: FLORENTIN RADULESCU Data Nascimento: 22/05/1988 Passaporte: 061312252 País: ROMÊNIA.</p><p>Processo: 08228.009699/2022-34 Requerente: COMPAL ELETRONICA DA AMAZONIA LTDA Prazo: 01 Ano Imigrante: FAGEN MA Data Nascimento: 15/10/1984 Passaporte: E16013714 País: CHINA.</p><p>Processo: 08228.009770/2022-89 Requerente: VERALLIA BRASIL S.A. Prazo: 1 Ano Imigrante: JOÃO PEDRO FERREIRA RODRIGUES Data Nascimento: 23/01/1985 Passaporte: CC378149 País: PORTUGAL.</p><p>Processo: 08228.009786/2022-91 Requerente: NESTLE BRASIL LTDA. Prazo: 1 Ano Imigrante: CHRISTOPHER BRZOSKA Data Nascimento: 17/07/1986 Passaporte: C786GG0NJ País: ALEMANHA.</p><p>Processo: 08228.009871/2022-51 Requerente: MHI POWER AMERICA LATINA EIRELI Prazo: 1 Ano Imigrante: ROBERT RUSSEL DROOK JR Data Nascimento: 06/09/1974 Passaporte: 539505317 País: ESTADOS UNIDOS.</p><p>Processo: 08228.009926/2022-21 Requerente: PTC DO BRASIL TECNOLOGIA EM PETROLEO LTDA Prazo: 01 Ano Imigrante: Aleksander Soerland Data Nascimento: 26/03/1990 Passaporte: 32297732 País: NORUEGA.</p><p>Processo: 08228.009927/2022-76 Requerente: PTC DO BRASIL TECNOLOGIA EM PETROLEO LTDA Prazo: 1 Ano Imigrante: Odd Henning Halvorsen Data Nascimento: 01/11/1985 Passaporte: 31301330 País: NORUEGA.</p><p>Processo: 08228.009956/2022-38 Requerente: WSO2 BRASIL TECNOLOGIA E SOFTWARE EIRELI Prazo: 1 Ano Imigrante: Gangodawilage Shehan Dinuka Perera Data Nascimento: 13/10/1994 Passaporte: N6862169 País: SRI LANKA.</p><p>Processo: 08228.010023/2022-93 Requerente: GREAT WALL MOTOR BRASIL LTDA Prazo: 1 Ano Imigrante: ZHIQIANG ZHAI Data Nascimento: 16/08/1983 Passaporte: EF3540640 País: CHINA Imigrante: JINHAI GUO Data Nascimento: 16/12/1983 Passaporte: E08040190 País: CHINA Imigrante: XIANGPO ZHANG Data Nascimento: 24/12/1985 Passaporte: EJ1788640 País: CHINA Imigrante: FEIFEI DING Data Nascimento: 02/08/1988 Passaporte: EJ4086376 País: CHINA Imigrante: HAIBO YAO Data Nascimento: 03/09/1987 Passaporte: EJ1789030 País: CHINA Imigrante: CHUNLEI YANG Data Nascimento: 19/01/1985 Passaporte: EJ4085858 País: CHINA.</p><p>Processo: 08228.010028/2022-16 Requerente: THERMOTITE DO BRASIL LTDA Prazo: 19/06/2023 Imigrante: ALEJANDRO DE JESUS TREJO VELA Data Nascimento: 25/10/1986 Passaporte: N03230167 País: MÉXICO.</p><p>Processo: 08228.010030/2022-95 Requerente: THERMOTITE DO BRASIL LTDA Prazo: 19/06/2023 Imigrante: EDGAR DE JESUS RAMOS MIRANDA Data Nascimento: 08/12/1990 Passaporte: G31919129 País: MÉXICO.</p><p>Processo: 08228.010248/2022-41 Requerente: GUARA-NORTE OPERACOES MARITIMAS LTDA Prazo: 1 Ano Imigrante: Loic Kavin Gourrierec Data Nascimento: 10/09/1996 Passaporte: 21ED20111 País: FRANÇA.</p><p>Processo: 08228.010258/2022-85 Requerente: HONDA AUTOMOVEIS DO BRASIL LTDA Prazo: 1 Ano Imigrante: KENGO UNO Data Nascimento: 16/07/1990 Passaporte: TR1783192 País: JAPÃO.</p><p>Processo: 08228.010361/2022-25 Requerente: SHPX LOGISTICA LTDA. Prazo: 1 Ano Imigrante: LU XIAOXIANG Data Nascimento: 15/05/1990 Passaporte: E32296164 País: CHINA.</p><p>Processo: 08228.010357/2022-67 Requerente: SHPX LOGISTICA LTDA. Prazo: 1 Ano Imigrante: HAO QINGXIANG Data Nascimento: 30/01/1999 Passaporte: EG9996594 País: CHINA.</p><p>Processo: 08228.010358/2022-11 Requerente: SHPX LOGISTICA LTDA. Prazo: 1 Ano Imigrante: XIONG SONG Data Nascimento: 24/11/1999 Passaporte: EJ3495100 País: CHINA.</p><p>Processo: 08228.010359/2022-56 Requerente: SHPX LOGISTICA LTDA. Prazo: 1 Ano Imigrante: YAN XINHAO Data Nascimento: 15/07/1994 Passaporte: EJ5683389 País: CHINA.</p><p>Processo: 08228.010364/2022-69 Requerente: SHPX LOGISTICA LTDA. Prazo: 1 Ano Imigrante: LI YANG Data Nascimento: 27/01/1989 Passaporte: EF3364617 País: CHINA.</p><p>Processo: 08228.010365/2022-11 Requerente: SHPX LOGISTICA LTDA. Prazo: 1 Ano Imigrante: HUANG XINYONG Data Nascimento: 14/01/1996 Passaporte: EJ4027465 País: CHINA.</p><p>Processo: 08228.010295/2022-93 Requerente: VERALLIA BRASIL S.A. Prazo: 1 Ano Imigrante: MICHAEL SCHULZ Data Nascimento: 25/11/1963 Passaporte: C258C1YRK País: ALEMANHA.</p><p>Processo: 08228.010300/2022-68 Requerente: SIDEL DO BRASIL LTDA. Prazo: 1 Ano Imigrante: Andrea Cocconi Data Nascimento: 16/07/1983 Passaporte: YB1444166 País: ITÁLIA.</p><p>Processo: 08228.010327/2022-51 Requerente: PIRELLI PNEUS LTDA. Prazo: 180 Dias Imigrante: ERASMO ANGIULLI Data Nascimento: 26/01/1967 Passaporte: YB0185374 País: ITÁLIA.</p><p>Processo: 08228.010377/2022-38 Requerente: GERDAU ACOMINAS S/A Prazo: 180 Dias Imigrante: PETRA MARIA KRAHWINKLER Data Nascimento: 04/02/1982 Passaporte: U6123335 País: ÁUSTRIA.</p><p>Processo: 08228.010386/2022-29 Requerente: GERDAU ACOMINAS S/A Prazo: 180 Dias Imigrante: MICHAL PIOTR MADEJ Data Nascimento: 18/02/1986 Passaporte: EF8024128 País: POLÔNIA.</p><p>Processo: 08228.010390/2022-97 Requerente: GERDAU ACOMINAS S/A Prazo: 180 Dias Imigrante: HARALD FRITSCHEK Data Nascimento: 26/04/1976 Passaporte: U3332565 País: ÁUSTRIA.</p><p>Processo: 08228.010345/2022-32 Requerente: CFT DO BRASIL IMPORTACAO E COMERCIO DE MAQUINAS LTDA Prazo: 1 Ano Imigrante: STANISLAV FARION Data Nascimento: 27/04/1997 Passaporte: EX440966 País: UCRÂNIA.</p><p>Processo: 08228.010393/2022-21 Requerente: GERDAU ACOMINAS S/A Prazo: 180 Dias Imigrante: ALEXEY SALMIN Data Nascimento: 13/09/1971 Passaporte: 733144055 País: RÚSSIA.</p><p>Processo: 08228.010402/2022-83 Requerente: SOCIEDADE MICHELIN DE PARTICIPACOES INDUST E COMERCIO LTDA Prazo: 1 Ano Imigrante: LUCAS LOTIGIE Data Nascimento: 13/04/1997 Passaporte: 18AP03503 País: FRANÇA.</p><p>Processo: 08228.010378/2022-82 Requerente: GUARA-NORTE OPERACOES MARITIMAS LTDA Prazo: 1 Ano Imigrante: Ben Hunter Kennett Data Nascimento: 24/03/1978 Passaporte: 561468389 País: ESTADOS UNIDOS.</p><p>Processo: 08228.010380/2022-51 Requerente: SAIPEM DO BRASIL SERVICOS DE PETROLEO LTDA. Prazo: 12 Meses Imigrante: Simone Della Pietra Data Nascimento: 13/05/1993 Passaporte: YB3627890 País: ITÁLIA.</p><p>Processo: 08228.010383/2022-95 Requerente: SBM OFFSHORE DO BRASIL LTDA. Prazo: 1 Ano Imigrante: Michiel Koppen Data Nascimento: 19/10/1980 Passaporte: NTCF71C72 País: HOLANDA.</p><p>Processo: 08228.010385/2022-84 Requerente: SAIPEM DO BRASIL SERVICOS DE PETROLEO LTDA. Prazo: 12 Meses Imigrante: Nicolas Lucien Visoianu Data Nascimento: 06/09/1980 Passaporte: 20CK18723 País: FRANÇA.</p><p>Processo: 08228.010391/2022-31 Requerente: SAIPEM DO BRASIL SERVICOS DE PETROLEO LTDA. Prazo: 12 Meses Imigrante: Carola Corazza Data Nascimento: 23/03/1978 Passaporte: YA6948106 País: ITÁLIA.</p><p>Processo: 08228.010408/2022-51 Requerente: MERCOSUL LINE NAVEGACAO E LOGISTICA LTDA Prazo: 1 Ano Imigrante: STEFAN SAVU Data Nascimento: 08/08/1966 Passaporte: 057635172 País: ROMÊNIA.</p><p>Processo: 08228.010502/2022-18 Requerente: FUGRO BRASIL - SERVICOS SUBMARINOS E LEVANTAMENTOS LTDA. Prazo: 1 Ano Imigrante: JASON ASHLEY LINTON Data Nascimento: 22/05/1976 Passaporte: 530482602 País: ESTADOS UNIDOS.</p><p>Processo: 08228.010500/2022-11 Requerente: FUGRO BRASIL - SERVICOS SUBMARINOS E LEVANTAMENTOS LTDA. Prazo: 01 Ano Imigrante: ERIC CONRAD COOPER Data Nascimento: 25/10/1983 Passaporte: 575896337 País: ESTADOS UNIDOS.</p><p>Processo: 08228.010450/2022-71 Requerente: ALCOA ALUMINIO S/A Prazo: 1 Ano Imigrante: MARCIN JAN KLAJNY Data Nascimento: 06/04/1978 Passaporte: FA9607238 País: POLÔNIA.</p><p>Processo: 08228.010453/2022-13 Requerente: ALCOA ALUMINIO S/A Prazo: 1 Ano Imigrante: MARCIN WLODZIMIERZ WOJTKOWIAK Data Nascimento: 31/03/1994 Passaporte: EG7228384 País: POLÔNIA.</p><p>Processo: 08228.010495/2022-46 Requerente: TRIDENT ENERGY DO BRASIL LTDA Prazo: 1 Ano Imigrante: EDUARDO ARTURO LUNA CASTILLO Data Nascimento: 08/01/1994 Passaporte: AP782968 País: COLÔMBIA.</p><p>Processo: 08228.010458/2022-38 Requerente: AB ENERGY DO BRASIL LTDA. Prazo: 1 Ano Imigrante: Gerardo Torres Ramirez Data Nascimento: 15/02/1992 Passaporte: G37811754 País: MÉXICO.</p><p>Processo: 08228.010459/2022-82 Requerente: SBM OFFSHORE DO BRASIL LTDA. Prazo: 1 Ano Imigrante: Julien Jean Baptiste Monteillet Data Nascimento: 14/04/1977 Passaporte: 20CK90386 País: FRANÇA.</p><p>Processo: 08228.010514/2022-34 Requerente: AB ENERGY DO BRASIL LTDA. Prazo: 1 Ano Imigrante: Norberto Valencia Herrera Data Nascimento: 13/05/1989 Passaporte: G32915503 País: MÉXICO.</p><p>Processo: 08228.010461/2022-51 Requerente: GUARA-NORTE OPERACOES MARITIMAS LTDA Prazo: 1 Ano Imigrante: Hervine Jurzak Data Nascimento: 25/03/1986 Passaporte: 15CP14650 País: FRANÇA.</p><p>Processo: 08228.010463/2022-41 Requerente: FIELDCORE SERVICE SOLUTIONS INTERNATIONAL SERVICOS DE ENERGIA LTDA. Prazo: 1 Ano Imigrante: EDWARD JESUS GOMEZ ROMERO Data Nascimento: 08/03/1989 Passaporte: 118314079 País: PERU.</p><p>Processo: 08228.010467/2022-29 Requerente: PERENCO PETROLEO E GAS DO BRASIL LTDA Prazo: 1 Ano Imigrante: SIMON ARNAUD PIERRE LESCURE Data Nascimento: 18/03/1990 Passaporte: 18FV01167 País: FRANÇA.</p><p>Processo: 08228.010470/2022-42 Requerente: BETA LULA CENTRAL OPERACOES MARITIMAS LTDA Prazo: 1 Ano Imigrante: Serge Barazna Data Nascimento: 10/03/1971 Passaporte: 17AF53761 País: FRANÇA.</p><p>Processo: 08228.010478/2022-17 Requerente: AMBEV S.A. Prazo: 1 Ano Imigrante: HUANG, JUNJUN Data Nascimento: 13/12/1990 Passaporte: E22016931 País: CHINA.</p><p>Processo: 08228.010494/2022-18 Requerente: NOV WELLBORE TECHNOLOGIES DO BRASIL EQUIPAMENTOS E SERVICOS LTDA. Prazo: 1 Ano Imigrante: Andres Carlos Rodriguez Data Nascimento: 31/01/1979 Passaporte: 594567423 País: ESTADOS UNIDOS.</p><p>Processo: 08228.010474/2022-21 Requerente: GUARA-NORTE OPERACOES MARITIMAS LTDA Prazo: 1 Ano Imigrante: Zoltan F Hazos Data Nascimento: 09/11/1973 Passaporte: 531094312 País: ESTADOS UNIDOS.</p><p>Processo: 08228.010479/2022-53 Requerente: BERNECK S.A. PAINEIS E SERRADOS Prazo: 1 Ano Imigrante: MARTIN SEBASTIAN STRELL Data Nascimento: 28/12/1984 Passaporte: CFPKXFLKY País: ALEMANHA.</p><p>Processo: 08228.010475/2022-75 Requerente: PERENCO PETROLEO E GAS DO BRASIL LTDA Prazo: 1 Ano Imigrante: JEAN CHRISTOPHE PIERRE Data Nascimento: 28/11/1978 Passaporte: 21AC47013 País: FRANÇA.</p><p>Processo: 08228.010477/2022-64 Requerente: SBM CAPIXABA OPERACOES MARITIMAS LTDA Prazo: 1 Ano Imigrante: Frederik Jacob Winter Data Nascimento: 28/10/1970 Passaporte: NN9HPKCK7 País: HOLANDA.</p><p>Processo: 08228.010481/2022-22 Requerente: SAIPEM DO BRASIL SERVICOS DE PETROLEO LTDA. Prazo: 12 Meses Imigrante: MICHELE MAZZUCCO Data Nascimento: 15/10/1987 Passaporte: YB9573607 País: ITÁLIA.</p><p>Processo: 08228.010488/2022-44 Requerente: SAIPEM DO BRASIL SERVICOS DE PETROLEO LTDA. Prazo: 12 Meses Imigrante: Giovanni Patane Data Nascimento: 02/06/1973 Passaporte: YB6435521 País: ITÁLIA.</p><p>Processo: 08228.010486/2022-55 Requerente: AMBEV S.A. Prazo: 1 Ano Imigrante: PENG, LONGCHENG Data Nascimento: 01/11/1988 Passaporte: EJ4417310 País: CHINA.</p><p>Processo: 08228.010507/2022-32 Requerente: PERENCO PETROLEO E GAS DO BRASIL LTDA Prazo: 1 Ano Imigrante: CHRISTOPHE GEORGES JULES GRANDIDIER Data Nascimento: 07/03/1968 Passaporte: 21FV01700 País: FRANÇA.</p><p>Processo: 08228.010661/2022-12 Requerente: TUPI NORDESTE OPERACOES MARITIMAS LTDA. Prazo: 1 Ano Imigrante: Anthony Noon Data Nascimento: 10/04/1959 Passaporte: 511369633 País: GRÃ-BRETANHA.</p><p>Processo: 08228.010665/2022-92 Requerente: IBM BRASIL-INDUSTRIA MAQUINAS E SERVICOS LIMITADA Prazo: 1 Ano Imigrante: Christopher William Carlson Data Nascimento: 13/07/1975 Passaporte: 549842066 País: ESTADOS UNIDOS.</p><p>Processo: 08228.010678/2022-61 Requerente: SBM DO BRASIL LTDA Prazo: 1 Ano Imigrante: Laurent Gilles Vial Data Nascimento: 09/02/1976 Passaporte: 14DD43114 País: FRANÇA.</p><p>Processo: 08228.010684/2022-19 Requerente: NATIONAL OILWELL VARCO DO BRASIL LTDA Prazo: 1 Ano Imigrante: Jan Terje Haakedal Data Nascimento: 12/11/1975 Passaporte: CCC280414 País: NORUEGA.</p><p>Processo: 08228.010720/2022-44 Requerente: THYSSENKRUPP UHDE BRASIL LTDA. Prazo: 1 Ano Imigrante: BASTIAN SCHIMPF Data Nascimento: 30/12/1975 Passaporte: C7GGHFFX1 País: ALEMANHA.</p><p>Processo: 08228.010688/2022-13 Requerente: NATIONAL OILWELL VARCO DO BRASIL LTDA Prazo: 1 Ano Imigrante: Stein Arild Eikland Brendstuen Data Nascimento: 17/07/1990 Passaporte: CCC473246 País: NORUEGA.</p><p>Processo: 08228.010694/2022-54 Requerente: BENTHIC DO BRASIL LTDA Prazo: 1 Ano Imigrante: CODY DANIEL HUTCHISON Data Nascimento: 26/10/1987 Passaporte: 597900048 País: ESTADOS UNIDOS.</p><p>Processo: 08228.010696/2022-43 Requerente: BENTHIC DO BRASIL LTDA Prazo: 1 Ano Imigrante: CRAIG HOWARD SMITH Data Nascimento: 05/02/1971 Passaporte: HK698066 País: CANADÁ.</p><p>Processo: 08228.010702/2022-62 Requerente: BENTHIC DO BRASIL LTDA Prazo: 1 Ano Imigrante: GRANT HENRY VASKEY Data Nascimento: 16/07/1983 Passaporte: 677469158 País: ESTADOS UNIDOS.</p><p /><p></p><table><tr /><tr><td rowspan="1" colspan="1"><p>Residência Prévia - RESOLUÇÃO NORMATIVA 03/2017 (Art. 4º, Caput)</p></td></tr></table><p>Processo: 08228.010915/2022-94 Requerente: JOULE REPRESENTACOES E ENGENHARIA LTDA Prazo: 180 Dias Imigrante: ANDREW HUGH CLIVE ROBERTS BURDEN Data Nascimento: 26/10/1986 Passaporte: 534989166 País: REINO UNIDO.</p><p>Processo: 08228.011080/2022-91 Requerente: CARGOTEC BRAZIL SERVICOS E COMERCIO DE EQUIPAMENTOS PARA MOVIMENTACAO DE CARGAS LTDA Prazo: 180 Dias Imigrante: Joel Batula Villanueva Data Nascimento: 22/01/1982 Passaporte: P3091722B País: FILIPINAS.</p><p>Processo: 08228.011791/2022-64 Requerente: CARGOTEC BRAZIL SERVICOS E COMERCIO DE EQUIPAMENTOS PARA MOVIMENTACAO DE CARGAS LTDA Prazo: 180 Dias Imigrante: Zhihao Deng Data Nascimento: 10/02/1972 Passaporte: EC8007466 País: CHINA.</p><p>Processo: 08228.011797/2022-31 Requerente: CARGOTEC BRAZIL SERVICOS E COMERCIO DE EQUIPAMENTOS PARA MOVIMENTACAO DE CARGAS LTDA Prazo: 180 Dias Imigrante: Guiming Liu Data Nascimento: 15/03/1984 Passaporte: E83796085 País: CHINA.</p><p>Processo: 08228.011800/2022-17 Requerente: CARGOTEC BRAZIL SERVICOS E COMERCIO DE EQUIPAMENTOS PARA MOVIMENTACAO DE CARGAS LTDA Prazo: 180 Dias Imigrante: Jian Yang Data Nascimento: 21/09/1982 Passaporte: E27872767 País: CHINA.</p><p>Processo: 08228.011807/2022-39 Requerente: CARGOTEC BRAZIL SERVICOS E COMERCIO DE EQUIPAMENTOS PARA MOVIMENTACAO DE CARGAS LTDA Prazo: 180 Dias Imigrante: Jiaquan Li Data Nascimento: 15/09/1987 Passaporte: E43381720 País: CHINA.</p><p>Processo: 08228.012805/2022-67 Requerente: APERAM INOX AMERICA DO SUL S.A. Prazo: 180 Dias Imigrante: SHASHANK DUTT MISHRA Data Nascimento: 15/02/1987 Passaporte: V8017823 País: ÍNDIA.</p><p>Processo: 08228.012486/2022-91 Requerente: SHELL BRASIL PETROLEO LTDA Prazo: 180 Dias Imigrante: PAUL HENRY GAWNE Data Nascimento: 04/05/1979 Passaporte: 551596705 País: REINO UNIDO.</p><p>Processo: 08228.012508/2022-11 Requerente: SHELL BRASIL PETROLEO LTDA Prazo: 180 Dias Imigrante: MD SHAKHAWET HOSSAIN Data Nascimento: 07/01/1964 Passaporte: K1228100N País: CINGAPURA.</p><p>Processo: 08228.012569/2022-89 Requerente: SEADRILL SERVICOS DE PETROLEO LTDA Prazo: 180 Dias Imigrante: JONATHAN KEITH NUTSFORD Data Nascimento: 28/04/1966 Passaporte: 127228827 País: GRÃ-BRETANHA.</p><p>Processo: 08228.012572/2022-19 Requerente: SEADRILL SERVICOS DE PETROLEO LTDA Prazo: 180 Dias Imigrante: CRAIG SCOTT MULLIGAN Data Nascimento: 25/06/1975 Passaporte: 124916566 País: GRÃ-BRETANHA.</p><p>Processo: 08228.012610/2022-17 Requerente: KINROSS BRASIL MINERACAO S/A Prazo: 180 Dias Imigrante: Carlos Alexander Antony Zambrano Bacian Data Nascimento: 02/02/1992 Passaporte: 117187580 País: PERU.</p><p>Processo: 08228.012655/2022-91 Requerente: COBRA BRASIL SERVICOS, COMUNICACOES E ENERGIA S.A. Prazo: 180 Dias Imigrante: NATARAJAN CHINNASAMY Data Nascimento: 01/06/1981 Passaporte: Z3869816 País: ÍNDIA.</p><p>Processo: 08228.012693/2022-44 Requerente: VENTURA PETROLEO S.A. Prazo: 180 Dias Imigrante: Robert Antoniak Data Nascimento: 02/09/1971 Passaporte: 120348865 País: REINO UNIDO.</p><p>Processo: 08228.012703/2022-41 Requerente: VENTURA PETROLEO S.A. Prazo: 180 Dias Imigrante: Lukas Petrus De Waal Data Nascimento: 04/05/1965 Passaporte: 534934149 País: REINO UNIDO.</p><p>Processo: 08228.012716/2022-11 Requerente: KINROSS BRASIL MINERACAO S/A Prazo: 180 Dias Imigrante: Alan George Trollip Data Nascimento: 25/10/1990 Passaporte: A06083870 País: REPÚBL. DA ÁFRICA DO SUL.</p><p>Processo: 08228.012809/2022-45 Requerente: PAUL WURTH DO BRASIL TECNOLOGIA E SOLUCOES INDUSTRIAIS LTDA. Prazo: 180 Dias Imigrante: XAVIER CLAUDE PHILIPPE ROOS Data Nascimento: 26/07/1987 Passaporte: 22LC24104 País: FRANÇA.</p><p /><p></p><table><tr /><tr><td rowspan="1" colspan="1"><p>Residência Prévia - RESOLUÇÃO NORMATIVA 04/2017</p></td></tr></table><p>Processo: 08228.010972/2022-73 Requerente: VAC-ALL BRASIL SERVICOS INDUSTRIAIS LTDA Prazo: 1 Ano Imigrante: ROBERTO HILSCHENZ Data Nascimento: 17/06/1973 Passaporte: C3NKL0ZRK País: ALEMANHA.</p><p>Processo: 08228.010093/2022-41 Requerente: RSM BRASIL CONSULTORES ASSOCIADOS SOCIEDADE SIMPLES LIMITADA Prazo: 01 Ano Imigrante: JAMES ARTHUR MOXLEY III Data Nascimento: 11/02/1967 Passaporte: 502125263 País: ESTADOS UNIDOS.</p><p>Processo: 08228.010154/2022-71 Requerente: RSM BRASIL CONSULTORES ASSOCIADOS SOCIEDADE SIMPLES LIMITADA Prazo: 01 Ano Imigrante: RYAN PATRICK BURR Data Nascimento: 25/07/1995 Passaporte: 670552448 País: ESTADOS UNIDOS.</p><p>Processo: 08228.010158/2022-59 Requerente: MAMMOET BRASIL GUINDASTES LTDA. Prazo: 12 Meses Imigrante: LUIS ANTONIO SANMARTIN PUERTA Data Nascimento: 03/07/1980 Passaporte: AR882093 País: COLÔMBIA.</p><p>Processo: 08228.010291/2022-13 Requerente: SAAB AERONAUTICA MONTAGENS S.A. Prazo: 1 Ano Imigrante: NINA JOHANNA JORMGARD Data Nascimento: 11/08/1980 Passaporte: AA1209045 País: SUÉCIA.</p><p>Processo: 08228.010522/2022-81 Requerente: EMBRAER S.A. Prazo: 01 Ano Imigrante: LINE GABRIELLA SCHARL Data Nascimento: 18/08/1993 Passaporte: 97483889 País: SUÉCIA.</p><p>Processo: 08228.010558/2022-64 Requerente: SWIFT TECHNICAL SERVICOS TECNICOS ESPECIALIZADOS LTDA. Prazo: 1 Ano Imigrante: JOSEPH RUSSELL EVANS Data Nascimento: 11/05/1979 Passaporte: 488992495 País: ESTADOS UNIDOS.</p><p>Processo: 08228.010628/2022-84 Requerente: MILVENTOS DO BRASIL ENERGIA RENOVAVEL LTDA Prazo: 01 Ano Imigrante: GABRIEL MANUEL SANTIAGO Data Nascimento: 21/01/1977 Passaporte: G34531325 País: MÉXICO.</p><p>Processo: 08228.010982/2022-17 Requerente: VAC-ALL BRASIL SERVICOS INDUSTRIAIS LTDA Prazo: 1 Ano Imigrante: LARS HABERMANN Data Nascimento: 15/06/1983 Passaporte: C3NK7RXW6 País: ALEMANHA.</p><p /><p></p><table><tr /><tr><td rowspan="1" colspan="1"><p>Residência Prévia - RESOLUÇÃO NORMATIVA 06/2017</p></td></tr></table><p>Processo: 08228.008730/2022-11 Requerente: OPERACOES MARITIMAS EM MAR PROFUNDO BRASILEIRO LTDA Prazo: 2 Anos Imigrante: Vlad-Alexandru Matei Data Nascimento: 06/07/1980 Passaporte: 057584992 País: ROMÊNIA.</p><p>Processo: 08228.008942/2022-13 Requerente: KARPOWERSHIP BRASIL ENERGIA LTDA. Prazo: 14/12/2022 Imigrante: Ibrahim Elmaci Data Nascimento: 27/11/1983 Passaporte: U26409847 País: TURQUIA Imigrante: Hasan Gok Data Nascimento: 17/12/1978 Passaporte: U14947419 País: TURQUIA Imigrante: Okay Akan Data Nascimento: 25/12/1977 Passaporte: U26497294 País: TURQUIA Imigrante: Fatih Demirata Data Nascimento: 03/01/1991 Passaporte: U21390110 País: TURQUIA Imigrante: Ugur Kumus Data Nascimento: 19/09/1990 Passaporte: U25749093 País: TURQUIA Imigrante: Ahmet Demirtas Data Nascimento: 20/06/1992 Passaporte: U21129768 País: TURQUIA Imigrante: Cengiz Katirci Data Nascimento: 25/09/1991 Passaporte: U06756587 País: TURQUIA Imigrante: Emrullah Kaya Data Nascimento: 01/01/1992 Passaporte: U13995351 País: TURQUIA Imigrante: Atilla Civelek Data Nascimento: 09/08/1985 Passaporte: U26187872 País: TURQUIA Imigrante: Ender Karpuzlular Data Nascimento: 04/11/1982 Passaporte: U25658605 País: TURQUIA Imigrante: Mustafa Imir Data Nascimento: 10/03/1985 Passaporte: U26193057 País: TURQUIA Imigrante: Cihat Ulker Data Nascimento: 15/09/1989 Passaporte: U11106014 País: TURQUIA Imigrante: Kenan Bolat Data Nascimento: 28/04/1982 Passaporte: U24316166 País: TURQUIA Imigrante: Ozgur Gundogdu Data Nascimento: 03/03/1971 Passaporte: S00337429 País: TURQUIA.</p><p>Processo: 08228.009704/2022-17 Requerente: HELIX DO BRASIL SERVICOS DE PETROLEO LTDA Prazo: 12/12/2022 Imigrante: Alan Andrew McKay Data Nascimento: 18/10/1974 Passaporte: 513892406 País: GRÃ-BRETANHA.</p><p>Processo: 08228.010074/2022-15 Requerente: MODEC SERVICOS DE PETROLEO DO BRASIL LTDA Prazo: 02 Anos Imigrante: YANN JEAN-MARC OLIVIER LEPINE Data Nascimento: 22/02/1980 Passaporte: 16FV13272 País: FRANÇA.</p><p>Processo: 08228.010047/2022-42 Requerente: SHEARWATER GEOSERVICES DO BRASIL LTDA Prazo: 31/05/2024 Imigrante: Dmytro Domanin Data Nascimento: 16/03/1987 Passaporte: FG889948 País: UCRÂNIA.</p><p>Processo: 08228.010050/2022-66 Requerente: SUBSEA7 DO BRASIL SERVICOS LTDA Prazo: 2 Anos Imigrante: Mark James Sutherland Data Nascimento: 31/05/1976 Passaporte: 576484260 País: GRÃ-BRETANHA.</p><p>Processo: 08228.010054/2022-44 Requerente: SUBSEA7 DO BRASIL SERVICOS LTDA Prazo: 2 Anos Imigrante: Wilfredo Yap Data Nascimento: 04/03/1967 Passaporte: P6697443B País: FILIPINAS.</p><p>Processo: 08228.010051/2022-19 Requerente: HELIX DO BRASIL SERVICOS DE PETROLEO LTDA Prazo: 11/02/2023 Imigrante: Tracy Marlin Manning Data Nascimento: 14/03/1973 Passaporte: 561943792 País: ESTADOS UNIDOS.</p><p>Processo: 08228.010055/2022-99 Requerente: SUBSEA7 DO BRASIL SERVICOS LTDA Prazo: 2 Anos Imigrante: Jaroslaw Grzegorz Kurzak Data Nascimento: 14/11/1976 Passaporte: FA5061038 País: POLÔNIA.</p><p>Processo: 08228.010061/2022-46 Requerente: SUBSEA7 DO BRASIL SERVICOS LTDA Prazo: 2 Anos Imigrante: Adam Mariusz Grzeskowiak Data Nascimento: 10/11/1978 Passaporte: ER9794464 País: POLÔNIA.</p><p>Processo: 08228.010060/2022-18 Requerente: SUBSEA7 DO BRASIL SERVICOS LTDA Prazo: 2 Anos Imigrante: Angel Joyce Pasion Data Nascimento: 28/08/1992 Passaporte: P6156499B País: FILIPINAS.</p><p>Processo: 08228.010068/2022-68 Requerente: SUBSEA7 DO BRASIL SERVICOS LTDA Prazo: 2 Anos Imigrante: Francis James Walsh Data Nascimento: 01/04/1980 Passaporte: 551783425 País: GRÃ-BRETANHA.</p><p>Processo: 08228.010326/2022-14 Requerente: PETRO RIO JAGUAR PETROLEO LTDA Prazo: 02 Anos Imigrante: JEFFREY KING ADAM Data Nascimento: 21/03/1968 Passaporte: 120018976 País: GRÃ-BRETANHA.</p><p>Processo: 08228.010261/2022-15 Requerente: SEADRILL SERVICOS DE PETROLEO LTDA Prazo: 2 Anos Imigrante: Willem Wouters Data Nascimento: 12/03/1973 Passaporte: BRLK56JP8 País: HOLANDA.</p><p>Processo: 08228.010213/2022-19 Requerente: TECHNIP BRASIL - ENGENHARIA, INSTALACOES E APOIO MARITIMO LTDA. Prazo: 01/09/2023 Imigrante: GEOFFREY STUART HUSSEY Data Nascimento: 22/05/1967 Passaporte: 551547626 País: GRÃ-BRETANHA.</p><p>Processo: 08228.010218/2022-33 Requerente: TECHNIP BRASIL - ENGENHARIA, INSTALACOES E APOIO MARITIMO LTDA. Prazo: 01/09/2023 Imigrante: MICHAEL SMITH Data Nascimento: 18/09/1984 Passaporte: HM219854 País: CANADÁ.</p><p>Processo: 08228.010219/2022-88 Requerente: TECHNIP BRASIL - ENGENHARIA, INSTALACOES E APOIO MARITIMO LTDA. Prazo: 01/09/2023 Imigrante: MICHAL BARTLOMIEJ BERNAT Data Nascimento: 08/03/1977 Passaporte: ET1436609 País: POLÔNIA.</p><p>Processo: 08228.010221/2022-57 Requerente: TECHNIP BRASIL - ENGENHARIA, INSTALACOES E APOIO MARITIMO LTDA. Prazo: 01/09/2023 Imigrante: ORJAN KARL FREDRIK APPELQVIST Data Nascimento: 30/04/1972 Passaporte: 93964162 País: SUÉCIA.</p><p>Processo: 08228.010226/2022-81 Requerente: TUPI NORDESTE OPERACOES MARITIMAS LTDA. Prazo: 2 Anos Imigrante: Haresh Kumar Vishrambhai Barot Data Nascimento: 04/12/1982 Passaporte: Z5146974 País: ÍNDIA.</p><p>Processo: 08228.010223/2022-46 Requerente: TECHNIP BRASIL - ENGENHARIA, INSTALACOES E APOIO MARITIMO LTDA. Prazo: 05/06/2024 Imigrante: JACOBUS LODEWYK BASSON Data Nascimento: 04/06/1986 Passaporte: M00209874 País: REPÚBL. DA ÁFRICA DO SUL.</p><p>Processo: 08228.010272/2022-89 Requerente: PXGEO DO BRASIL LTDA. Prazo: 06/06/2024 Imigrante: CHRISTOPHER CARDONA Data Nascimento: 01/05/1984 Passaporte: 504732401 País: GRÃ-BRETANHA.</p><p>Processo: 08228.010232/2022-37 Requerente: SBM DO BRASIL LTDA Prazo: 2 Anos Imigrante: Nikolai Belov Data Nascimento: 29/04/1978 Passaporte: 754397828 País: RÚSSIA.</p><p>Processo: 08228.010249/2022-94 Requerente: JAN DE NUL DO BRASIL DRAGAGEM LTDA. Prazo: 17/10/2022 Imigrante: Stijn Hubertuss J. Peeters Data Nascimento: 21/05/1997 Passaporte: GA0898540 País: BÉLGICA.</p><p>Processo: 08228.010252/2022-16 Requerente: COMPANHIA DE NAVEGACAO NORSUL Prazo: 06/02/2023 Imigrante: Sitakanta Dash Data Nascimento: 04/06/1982 Passaporte: Z5845873 País: ÍNDIA.</p><p>Processo: 08228.010255/2022-41 Requerente: OPERACOES MARITIMAS EM MAR PROFUNDO BRASILEIRO LTDA Prazo: 2 Anos Imigrante: Rajkumar Natarajan Data Nascimento: 23/05/1985 Passaporte: S2913435 País: ÍNDIA.</p><p>Processo: 08228.010275/2022-12 Requerente: BW LNG SERVICOS DO BRASIL LTDA. Prazo: 2 Anos Imigrante: Enrico Cruz Guatno Data Nascimento: 22/05/1973 Passaporte: P2831322B País: FILIPINAS.</p><p>Processo: 08228.010254/2022-13 Requerente: COMPANHIA DE NAVEGACAO NORSUL Prazo: 06/02/2023 Imigrante: Milankumar Dilipbhai Tandel Data Nascimento: 15/03/1995 Passaporte: W0343716 País: ÍNDIA.</p><p>Processo: 08228.010262/2022-43 Requerente: COMPANHIA DE NAVEGACAO NORSUL Prazo: 06/02/2023 Imigrante: Varunraj Anandan Data Nascimento: 14/03/1991 Passaporte: V5569321 País: ÍNDIA.</p><p>Processo: 08228.010266/2022-21 Requerente: COMPANHIA DE NAVEGACAO NORSUL Prazo: 06/02/2023 Imigrante: Dombagahapathirage Udaya Priyanga Peiris Data Nascimento: 20/03/1972 Passaporte: N7826533 País: SRI LANKA.</p><p>Processo: 08228.010271/2022-34 Requerente: COMPANHIA DE NAVEGACAO NORSUL Prazo: 06/02/2023 Imigrante: Mohit Pal Data Nascimento: 13/09/2000 Passaporte: T5098549 País: ÍNDIA.</p><p>Processo: 08228.010277/2022-11 Requerente: COMPANHIA DE NAVEGACAO NORSUL Prazo: 06/02/2023 Imigrante: Ankitkumar Vestabhai Tandel Data Nascimento: 02/11/1990 Passaporte: U8903282 País: ÍNDIA.</p><p>Processo: 08228.010285/2022-58 Requerente: JAN DE NUL DO BRASIL DRAGAGEM LTDA. Prazo: 13/11/2022 Imigrante: Mohan Eurusappan Data Nascimento: 25/04/1981 Passaporte: Z4718545 País: ÍNDIA.</p><p>Processo: 08228.010284/2022-11 Requerente: KNOT MANAGEMENT DO BRASIL LTDA Prazo: 2 Anos Imigrante: Igor Orzechowski Data Nascimento: 01/05/1980 Passaporte: EU7598249 País: POLÔNIA.</p><p>Processo: 08228.010281/2022-71 Requerente: COMPANHIA DE NAVEGACAO NORSUL Prazo: 06/02/2023 Imigrante: SAINUDHEEN GOARIGOTHI OLUGE Data Nascimento: 08/03/1987 Passaporte: M2421610 País: ÍNDIA.</p><p>Processo: 08228.010286/2022-19 Requerente: COMPANHIA DE NAVEGACAO NORSUL Prazo: 06/02/2023 Imigrante: SEBASTIAO JOSE FERNANDES Data Nascimento: 27/03/1974 Passaporte: L7633584 País: ÍNDIA.</p><p>Processo: 08228.010288/2022-91 Requerente: COMPANHIA DE NAVEGACAO NORSUL Prazo: 06/02/2023 Imigrante: SHAJI MANJERI Data Nascimento: 30/05/1981 Passaporte: V3340273 País: ÍNDIA.</p><p>Processo: 08228.010290/2022-61 Requerente: COMPANHIA DE NAVEGACAO NORSUL Prazo: 06/02/2023 Imigrante: YOGESH DINANATH TORASKAR Data Nascimento: 25/05/1988 Passaporte: P9383639 País: ÍNDIA.</p><p>Processo: 08228.010292/2022-51 Requerente: COMPANHIA DE NAVEGACAO NORSUL Prazo: 06/02/2023 Imigrante: JAYESHKUMAR RAMABHAI SIKOTARIYA Data Nascimento: 05/03/1998 Passaporte: P5244140 País: ÍNDIA.</p><p>Processo: 08228.010294/2022-49 Requerente: COMPANHIA DE NAVEGACAO NORSUL Prazo: 06/02/2023 Imigrante: Makarenko Igor Leonidovich Data Nascimento: 24/02/1966 Passaporte: FL755538 País: UCRÂNIA.</p><p>Processo: 08228.010299/2022-71 Requerente: COMPANHIA DE NAVEGACAO NORSUL Prazo: 06/02/2023 Imigrante: RAVI PRAKASH Data Nascimento: 15/04/1993 Passaporte: L1646890 País: ÍNDIA.</p><p>Processo: 08228.010346/2022-87 Requerente: KARPOWERSHIP BRASIL ENERGIA LTDA. Prazo: 14/12/2022 Imigrante: Suleyman Haluk Karaborklu Data Nascimento: 27/04/1978 Passaporte: U14349916 País: TURQUIA Imigrante: Ufuk Unsal Data Nascimento: 01/05/1979 Passaporte: U23178869 País: TURQUIA Imigrante: Sergen Acar Data Nascimento: 27/08/1995 Passaporte: U22257682 País: TURQUIA Imigrante: Recep Arikan Data Nascimento: 15/09/1986 Passaporte: U23030207 País: TURQUIA.</p><p>Processo: 08228.010404/2022-72 Requerente: PXGEO DO BRASIL LTDA. Prazo: 06/06/2024 Imigrante: JOHN ALEXANDER STEWART DUNDAS Data Nascimento: 25/03/1959 Passaporte: 511207232 País: GRÃ-BRETANHA.</p><p>Processo: 08228.010354/2022-23 Requerente: SDC DO BRASIL - SERVICOS MARITIMOS LTDA. Prazo: 2 Anos Imigrante: Jixiang Cheng Data Nascimento: 29/09/1968 Passaporte: EA2281931 País: CHINA Imigrante: Chao Dong Data Nascimento: 06/02/1986 Passaporte: E23786854 País: CHINA Imigrante: Zhu Liu Data Nascimento: 19/05/1984 Passaporte: E32738071 País: CHINA Imigrante: Wei Han Data Nascimento: 15/04/1985 Passaporte: E25998355 País: CHINA.</p><p>Processo: 08228.010350/2022-45 Requerente: COMPANHIA DE NAVEGACAO NORSUL Prazo: 06/02/2023 Imigrante: Dinesh Kosuru Data Nascimento: 16/03/1992 Passaporte: L4028818 País: ÍNDIA.</p><p>Processo: 08228.010355/2022-78 Requerente: COMPANHIA DE NAVEGACAO NORSUL Prazo: 06/02/2023 Imigrante: Dharmesh Manji Solanki Data Nascimento: 24/06/1998 Passaporte: N3560863 País: ÍNDIA.</p><p>Processo: 08228.010370/2022-16 Requerente: COMPANHIA DE NAVEGACAO NORSUL Prazo: 06/02/2023 Imigrante: Jayesh Vijay Mandle Data Nascimento: 19/05/1995 Passaporte: R7600516 País: ÍNDIA.</p><p>Processo: 08228.010373/2022-51 Requerente: OPERACOES MARITIMAS EM MAR PROFUNDO BRASILEIRO LTDA Prazo: 2 Anos Imigrante: Nikola Pajovic Data Nascimento: 11/12/1987 Passaporte: PK7262950 País: MONTENEGRO.</p><p>Processo: 08228.010381/2022-12 Requerente: COMPANHIA DE NAVEGACAO NORSUL Prazo: 06/02/2023 Imigrante: Ajay Kashiprasad Dube Data Nascimento: 24/10/1968 Passaporte: Z4631190 País: ÍNDIA.</p><p>Processo: 08228.010384/2022-31 Requerente: SUBSEA7 DO BRASIL SERVICOS LTDA Prazo: 2 Anos Imigrante: Richard Paul Green Data Nascimento: 22/04/1988 Passaporte: 536405840 País: GRÃ-BRETANHA.</p><p>Processo: 08228.010394/2022-75 Requerente: MAERSK DRILLING DO BRASIL SERVICOS DE PETROLEO LTDA Prazo: 05/02/2023 Imigrante: Calum Gregor Ferguson Data Nascimento: 23/07/1987 Passaporte: 560797729 País: GRÃ-BRETANHA.</p><p>Processo: 08228.010400/2022-94 Requerente: KNOT MANAGEMENT DO BRASIL LTDA Prazo: 13/07/2023 Imigrante: Brian Bacosa Caabas Data Nascimento: 01/11/1981 Passaporte: P7765282B País: FILIPINAS.</p><p>Processo: 08228.010403/2022-28 Requerente: COMPANHIA DE NAVEGACAO NORSUL Prazo: 06/02/2023 Imigrante: Swapri Tyagi Data Nascimento: 16/06/1996 Passaporte: L8569171 País: ÍNDIA.</p><p>Processo: 08228.010409/2022-11 Requerente: COMPANHIA DE NAVEGACAO NORSUL Prazo: 06/02/2023 Imigrante: Vishwas Yeshwant Patwardhan Data Nascimento: 25/06/1959 Passaporte: Z6782494 País: ÍNDIA.</p><p>Processo: 08228.010443/2022-71 Requerente: TECHNIP BRASIL - ENGENHARIA, INSTALACOES E APOIO MARITIMO LTDA. Prazo: 01/09/2023 Imigrante: GARY NAPIER MURISON Data Nascimento: 30/03/1973 Passaporte: 534797729 País: GRÃ-BRETANHA.</p><p>Processo: 08228.010452/2022-61 Requerente: PGS SUPORTE LOGISTICO E SERVICOS LTDA Prazo: 12/02/2023 Imigrante: STEPHEN JAMES PARKER Data Nascimento: 03/07/1975 Passaporte: 537139873 País: GRÃ-BRETANHA.</p><p>Processo: 08228.010511/2022-17 Requerente: OSM DO BRASIL GERENCIAMENTO DE OPERACOES MARITIMAS LTDA Prazo: 27/12/2022 Imigrante: Pawel Marcin Leonarski Data Nascimento: 26/12/1991 Passaporte: EW8103983 País: POLÔNIA.</p><p>Processo: 08228.010469/2022-18 Requerente: JAN DE NUL DO BRASIL DRAGAGEM LTDA. Prazo: 17/10/2022 Imigrante: Kenny Van Lierde Data Nascimento: 16/05/1991 Passaporte: ES146307 País: BÉLGICA.</p><p>Processo: 08228.010472/2022-31 Requerente: PGS SUPORTE LOGISTICO E SERVICOS LTDA Prazo: 26/03/2023 Imigrante: RINGO CANO BOLOCON Data Nascimento: 07/05/1981 Passaporte: P8459067A País: FILIPINAS Imigrante: GODSPOWER OWHORELU Data Nascimento: 08/10/1981 Passaporte: A09690695 País: NIGÉRIA Imigrante: MANOLITO VELEZ PINTAL Data Nascimento: 07/11/1962 Passaporte: P7393339B País: FILIPINAS Imigrante: MICHAEL DAVID HOGARTH Data Nascimento: 19/02/1964 Passaporte: 121633455 País: GRÃ-BRETANHA Imigrante: ANGUS MAXWELL SMITH Data Nascimento: 21/06/1987 Passaporte: PA3779467 País: AUSTRÁLIA Imigrante: ENRICO BUNAG CUNANAN Data Nascimento: 03/01/1973 Passaporte: P8280632A País: FILIPINAS.</p><p>Processo: 08228.010509/2022-21 Requerente: AET BRASIL SERVICOS MARITIMOS LTDA Prazo: 2 Anos Imigrante: Leonides Valencia Cristobal Data Nascimento: 22/08/1978 Passaporte: P2366114B País: FILIPINAS.</p><p>Processo: 08228.010491/2022-68 Requerente: FLUMAR TRANSPORTES DE QUIMICOS E GASES LTDA Prazo: 08/10/2022 Imigrante: Querubin Jr. Cabillage Villanueva Data Nascimento: 21/10/1985 Passaporte: P8237581A País: FILIPINAS.</p><p>Processo: 08228.010492/2022-11 Requerente: SUBSEA7 DO BRASIL SERVICOS LTDA Prazo: 2 Anos Imigrante: Katlyn Marie Macintosh Data Nascimento: 24/05/1989 Passaporte: AC685308 País: CANADÁ.</p><p>Processo: 08228.010506/2022-98 Requerente: AET BRASIL SERVICOS MARITIMOS LTDA Prazo: 2 Anos Imigrante: Albert Gonzales Laspiñas Data Nascimento: 27/11/1982 Passaporte: P6160501A País: FILIPINAS.</p><p /><p></p><table><tr /><tr><td rowspan="1" colspan="1"><p>Residência Prévia - RESOLUÇÃO NORMATIVA 07/2017</p></td></tr></table><p>Processo: 08228.011278/2022-73 Requerente: COMANDO DA MARINHA Prazo: 02 Anos Imigrante: Frederic Edouard Chane Data Nascimento: 31/03/1974 Passaporte: 16AV91692 País: FRANÇA.</p><p /><p></p><table><tr /><tr><td rowspan="1" colspan="1"><p>Residência Prévia - RESOLUÇÃO NORMATIVA 11/2017 (Art. 1º, §3º)</p></td></tr></table><p>Processo: 08228.009304/2022-11 Requerente: BANCO SUMITOMO MITSUI BRASILEIRO S A Prazo: Indeterminado, condicionado a continuidade da residência à apresentação de nova designação em ata ou em contrato ao fim do atual mandato, quando for o caso, Imigrante: TETSUYA TADA Data Nascimento: 14/11/1972 Passaporte: TT 1.657.310 País: JAPÃO.</p><p /><p></p><table><tr /><tr><td rowspan="1" colspan="1"><p>Residência Prévia - RESOLUÇÃO NORMATIVA 11/2017 (Art. 2º, Inc I)</p></td></tr></table><p>Processo: 08228.000605/2022-61 Requerente: MIGO SERVICOS DE TECNOLOGIA LTDA. Prazo: Indeterminado Imigrante: EKECHI KARL EDOZIE NWOKAH Data Nascimento: 12/11/1970 Passaporte: 545819440 País: ESTADOS UNIDOS.</p><p>Processo: 08228.010293/2022-11 Requerente: SUMITOMO CORPORATION DO BRASIL S/A Prazo: Indeterminado Imigrante: TAIZO NAKAJIMA Data Nascimento: 19/07/1986 Passaporte: TR 7149878 País: JAPÃO.</p><p>Processo: 08228.009976/2022-17 Requerente: KURASHIKI DO BRASIL TEXTIL LTDA. Prazo: Indeterminado Imigrante: YASUYUKI INOUE Data Nascimento: 07/05/1964 Passaporte: TZ1203055 País: JAPÃO.</p><p>Processo: 08228.010205/2022-64 Requerente: DAIKIN AR CONDICIONADO AMAZONAS LTDA Prazo: Indeterminado Imigrante: SHINICHI AZUMA Data Nascimento: 09/01/1965 Passaporte: TS0181775 País: JAPÃO.</p><p>Processo: 08228.010229/2022-13 Requerente: EAVISION BRASIL LTDA Prazo: Indeterminado Imigrante: JUNPENG LIU Data Nascimento: 24/09/1989 Passaporte: E89431514 País: CHINA.</p><p>Processo: 08228.010253/2022-52 Requerente: ORESEARCH HOLDINGS BRASIL LTDA Prazo: Indeterminado Imigrante: TERRY GRAHAM STANLEY Data Nascimento: 14/03/1963 Passaporte: PB2009798 País: AUSTRÁLIA.</p><p /><p></p><table><tr /><tr><td rowspan="1" colspan="1"><p>Residência Prévia - RESOLUÇÃO NORMATIVA 13/2017</p></td></tr></table><p>Processo: 08228.009749/2022-83 Requerente: MRA TRADING SA Prazo: Indeterminado, condicionado a continuidade da residência à comprovação da realização do plano de investimento ou de negócios, quando for o caso, Imigrante: Elham Zarei Data Nascimento: 08/09/1988 Passaporte: W55408002 País: IRÃ.</p><p>Processo: 08228.009753/2022-41 Requerente: MRA TRADING SA Prazo: Indeterminado, condicionado a continuidade da residência à comprovação da realização do plano de investimento ou de negócios, quando for o caso, Imigrante: Hossein Zarei Data Nascimento: 13/03/1992 Passaporte: R51983784 País: IRÃ.</p><p /><p></p><table><tr /><tr><td rowspan="1" colspan="1"><p>Residência Prévia - RESOLUÇÃO NORMATIVA 16/2017</p></td></tr></table><p>Processo: 08228.012110/2022-85 Requerente: MFR ADMINISTRACAO E SERVICOS LTDA Prazo: 1 Ano Imigrante: BAPTISTA JOSÉ MIRANDA Data Nascimento: 28/04/2002 Passaporte: N2716175 País: ANGOLA.</p><p /><p></p><table><tr /><tr><td rowspan="1" colspan="1"><p>Residência Prévia - RESOLUÇÃO NORMATIVA 19/2017</p></td></tr></table><p>Processo: 08228.008816/2022-42 Requerente: IFF ESSENCIAS E FRAGRANCIAS LTDA Prazo: 1 Ano Imigrante: Luis Alberto Hou Kong Data Nascimento: 08/12/1992 Passaporte: PA0480446 País: PANAMÁ.</p><p>Processo: 08228.009663/2022-51 Requerente: CLIFFORD CHANCE SOCIEDADE DE CONSULTORES EM DIREITO ESTRANGEIRO/DIREITO INGLES, DO PAIS DE GALES E NORTE-AMERICANO Prazo: 02 Anos Imigrante: Arthur Pieter Marie Le Calvez Data Nascimento: 07/06/1996 Passaporte: 21CC81610 País: FRANÇA.</p><p>Processo: 08228.010163/2022-61 Requerente: LANXESS - INDUSTRIA DE PRODUTOS QUIMICOS E PLASTICOS LTDA. Prazo: 04 Meses Imigrante: Erik Emmerich Erner Data Nascimento: 14/01/1991 Passaporte: C6ZF5W2FM País: ALEMANHA.</p><p>Processo: 08228.010168/2022-94 Requerente: LANXESS - INDUSTRIA DE PRODUTOS QUIMICOS E PLASTICOS LTDA. Prazo: 04 Meses Imigrante: Goldia Fi Hung Data Nascimento: 06/07/1999 Passaporte: C6W92T1TW País: ALEMANHA.</p><p>Processo: 08228.010336/2022-41 Requerente: BAIN BRASIL LTDA Prazo: 2 Anos Imigrante: Rami Mohamad Panayoti Data Nascimento: 05/09/1992 Passaporte: LR1648094 País: LÍBANO.</p><p /><p></p><table><tr /><tr><td rowspan="1" colspan="1"><p>Residência Prévia - RESOLUÇÃO NORMATIVA 21/2017</p></td></tr></table><p>Processo: 08228.011143/2022-16 Requerente: MINAS TENIS CLUBE Prazo: 30/06/2024 Imigrante: Isaac Brandon Hamilton Data Nascimento: 14/05/1994 Passaporte: 572805735 País: ESTADOS UNIDOS Mãe: Karen Yvette Hamilton Pai: Gregory Jeff Hamilton.</p><p>Processo: 08228.011283/2022-86 Requerente: MINAS TENIS CLUBE Prazo: 30/06/2024 Imigrante: Novar M Gadson Data Nascimento: 17/12/1989 Passaporte: 641112997 País: ESTADOS UNIDOS Mãe: Avis Gadson Pai: -.</p><p>Processo: 08228.012532/2022-51 Requerente: ITAREMA ESPORTE CLUB Prazo: 12 Meses Imigrante: MOUNCHIGAM SERGES RAOUL Data Nascimento: 08/10/1995 Passaporte: 0981112 País: CAMARÕES Mãe: NJONOU MARIE LOUISETTE Pai: MOUNCHIGAM YAMFAM CHARLES DESIRE.</p><p>Processo: 08228.012534/2022-41 Requerente: ITAREMA ESPORTE CLUB Prazo: 12 Meses Imigrante: TIANGUEU TEKA ANTOINE Data Nascimento: 03/01/1995 Passaporte: 0968111 País: CAMARÕES Mãe: MAGNI MARIE Pai: TIANGUEU ANTOINE.</p><p /><p></p><table><tr /><tr><td rowspan="1" colspan="1"><p>Residência Prévia - RESOLUÇÃO NORMATIVA 36/2018 (Art. 2º, Alínea a)</p></td></tr></table><p>Processo: 08228.006690/2022-71 Requerente: JUAN CARLOS NETO MARTINS Prazo: 2 Anos Imigrante: JUAN CARLOS NETO MARTINS Data Nascimento: 17/01/1961 Passaporte: CB596049 País: PORTUGAL Mãe: Maria Martins de Melo Pai: Simão Neto.</p><p>Processo: 08228.010132/2022-19 Requerente: MARK ANDREW HODNETT Prazo: 2 Anos Imigrante: MARK ANDREW HODNETT Data Nascimento: 10/04/1964 Passaporte: 565787708 País: ESTADOS UNIDOS Mãe: PAULINE ANITA WILLIAMS Pai: CHARLES ELLIOTT HODNETT.</p><p>Processo: 08228.010649/2022-16 Requerente: DANIEL ROLF GYGAX Prazo: 4 Anos Imigrante: DANIEL ROLF GYGAX Data Nascimento: 15/01/1968 Passaporte: X4289484 País: SUÍÇA Mãe: Rosmarie Gygax Pai: Rolf Ernst Gygax.</p><p>O Coordenador-Geral de Imigração Laboral, no uso de suas atribuições, deferiu os seguintes pedidos de autorização de residência (imigrantes que já se encontram em território nacional), ressaltando que os respectivos registros, decorrentes de renovação ou alteração para prazo indeterminado ou situações correlatas, deverão observar as instruções de atendimento da Polícia Federal:</p><p /><p></p><table><tr /><tr><td rowspan="1" colspan="1"><p>Residência - RESOLUÇÃO NORMATIVA 02/2017</p></td></tr></table><p>Processo: 08228.007915/2022-15 Requerente: HUAWEI DO BRASIL TELECOMUNICACOES LTDA Prazo: 02 Anos Imigrante: MINGZE ZUO Data Nascimento: 25/09/1992 Passaporte: E91501270 País: CHINA Mãe: HONGYUN LI Pai: SUQING ZUO.</p><p>Processo: 08228.008885/2022-56 Requerente: MARTINHO EMBANA Prazo: 2 Anos Imigrante: MARTINHO EMBANA Data Nascimento: 30/08/1991 Passaporte: C00229300 País: GUINÉ-BISSAU Mãe: BOE MANDE Pai: PEDRO NHAME .</p><p>Processo: 08228.009593/2022-31 Requerente: VIVIANNE ODILE DA LUZ HENRIQUES Prazo: 2 Anos Imigrante: Vivianne Odile da Luz Henriques Data Nascimento: 18/03/1997 Passaporte: PA070816 País: BRASIL Mãe: Maria Teresa Lopes da Luz Henriques Pai: Humberto Lima Henriques.</p><p>Processo: 08228.009567/2022-11 Requerente: OMRON HEALTHCARE BRASIL INDUSTRIA E COMERCIO DE PRODUTOS MEDICOS LTDA. Prazo: 1 Ano Imigrante: Masaharu Aoki Data Nascimento: 13/03/1967 Passaporte: TT1854095 País: JAPÃO Mãe: Hisae Aoki Pai: Toshio Aoki.</p><p>Processo: 08228.009639/2022-11 Requerente: CARLOS RIBEIRO DA CRUZ Prazo: 2 Anos Imigrante: JESUS JOÃO M'BATNA Data Nascimento: 06/01/1991 Passaporte: C00084413 País: BRASIL Mãe: SARA SAMBU Pai: JOAO M'BATNA.</p><p>Processo: 08228.009778/2022-45 Requerente: JOSEANE DE CARVALHO ALPENDRE Prazo: 2 Anos Imigrante: MARC ROBERT ANTOINE JOSEPH MIRAMOND Data Nascimento: 01/12/1968 Passaporte: 13AI77803 País: FRANÇA Mãe: MARIA ROSA HERNANDEZ GONZALES Pai: ROBERT MARIUS MIRAMOND.</p><p>Processo: 08228.010204/2022-11 Requerente: ELECNOR DO BRASIL LTDA Prazo: 1 Ano Imigrante: ERIC CARRILLO MUÑOZ Data Nascimento: 14/06/1989 Passaporte: PAK032407 País: ESPANHA Mãe: Basilia Muñoz Parra Pai: Manuel Carrillo Gonzalez.</p><p /><p></p><table><tr /><tr><td rowspan="1" colspan="1"><p>Residência - RESOLUÇÃO NORMATIVA 03/2017 (Art. 3º)</p></td></tr></table><p>Processo: 08228.009592/2022-96 Requerente: SAE TOWERS BRASIL TORRES DE TRANSMISSAO LTDA Prazo: 01 Ano Imigrante: Lakshmana Rao Nuthati Data Nascimento: 05/05/1971 Passaporte: L2683160 País: ÍNDIA.</p><p /><p></p><table><tr /><tr><td rowspan="1" colspan="1"><p>Residência - RESOLUÇÃO NORMATIVA 06/2017</p></td></tr></table><p>Processo: 08228.008284/2022-43 Requerente: COMPANHIA DE NAVEGACAO NORSUL Prazo: 06/02/2023 Imigrante: Leonardo Jr. Bomban Aguilo Data Nascimento: 16/04/1966 Passaporte: P3064279B País: FILIPINAS.</p><p>Processo: 08228.009319/2022-61 Requerente: JAN DE NUL DO BRASIL DRAGAGEM LTDA. Prazo: 13/11/2022 Imigrante: Kuralovian Kuttiandy Data Nascimento: 12/05/1986 Passaporte: Z2882735 País: ÍNDIA.</p><p /><p></p><table><tr /><tr><td rowspan="1" colspan="1"><p>Residência - RESOLUÇÃO NORMATIVA 11/2017 (Art. 6º c/c 2º, Inc I)</p></td></tr></table><p>Processo: 08228.007267/2022-99 Requerente: KB EMPREENDIMENTOS E PARTICIPACOES LTDA. Prazo: Indeterminado Imigrante: MIKYUENG KO Data Nascimento: 14/01/1970 Passaporte: M35805582 País: CORÉIA DO SUL.</p><p>Processo: 08228.007269/2022-88 Requerente: KB EMPREENDIMENTOS E PARTICIPACOES LTDA. Prazo: Indeterminado Imigrante: MYEONGYU CHOI Data Nascimento: 16/08/1958 Passaporte: M19438961 País: CORÉIA DO SUL.</p><p>Processo: 08228.007273/2022-46 Requerente: KB EMPREENDIMENTOS E PARTICIPACOES LTDA. Prazo: Indeterminado Imigrante: ALAN SALONIA KILESTE Data Nascimento: 09/06/1975 Passaporte: EC1298513 País: FILIPINAS.</p><p>Processo: 08228.009454/2022-15 Requerente: KB EMPREENDIMENTOS E PARTICIPACOES LTDA. Prazo: Indeterminado Imigrante: DOMINADOR JR HILARIO RAMOS Data Nascimento: 23/12/1962 Passaporte: P5357734B País: FILIPINAS.</p><p>Processo: 08228.009465/2022-97 Requerente: ATLANTIC ENERGIAS RENOVAVEIS S.A. Prazo: Indeterminado, condicionado a continuidade da residência à apresentação de nova designação em ata ou em contrato ao fim do atual mandato, quando for o caso, Imigrante: SHAOYANG CHEN Data Nascimento: 17/12/1991 Passaporte: PE 2081051 País: CHINA.</p><p>Processo: 08228.009467/2022-86 Requerente: ATLANTIC ENERGIAS RENOVAVEIS S.A. Prazo: Indeterminado, condicionado a continuidade da residência à apresentação de nova designação em ata ou em contrato ao fim do atual mandato, quando for o caso, Imigrante: YONGFU ZHAO Data Nascimento: 05/03/1985 Passaporte: PE 1483911 País: CHINA.</p><p>Processo: 08228.009470/2022-16 Requerente: ATLANTIC ENERGIAS RENOVAVEIS S.A. Prazo: Indeterminado, condicionado a continuidade da residência à apresentação de nova designação em ata ou em contrato ao fim do atual mandato, quando for o caso, Imigrante: JING ZHAO Data Nascimento: 05/07/1987 Passaporte: PE 2081052 País: CHINA.</p><p>Processo: 08228.010217/2022-99 Requerente: STATE GRID BRAZIL HOLDING S.A. Indeterminado, condicionado a continuidade da residência à apresentação de nova designação em ata ou em contrato ao fim do atual mandato, quando for o caso, Imigrante: TAO SUN Data Nascimento: 07/03/1977 Passaporte: PE2187557 País: CHINA.</p><p>Processo: 08228.010342/2022-15 Requerente: SAINT-GOBAIN DO BRASIL PRODUTOS INDUSTRIAIS E PARA CONSTRUCAO LTDA Prazo: Indeterminado Imigrante: CAMILLE YVONNE MIREILLE HARRISSART Data Nascimento: 02/10/1984 Passaporte: 15AY40299 País: FRANÇA.</p><p>Processo: 08228.010374/2022-11 Requerente: CJ DO BRASIL INDUSTRIA E COMERCIO DE PRODUTOS ALIMENTICIOS LTDA. Prazo: Indeterminado Imigrante: WON IL KANG Data Nascimento: 12/11/1972 Passaporte: M075B6724 País: CORÉIA DO SUL.</p><p /><p></p><table><tr /><tr><td rowspan="1" colspan="1"><p>Residência - RESOLUÇÃO NORMATIVA 13/2017</p></td></tr></table><p>Processo: 08228.004976/2022-12 Requerente: MHM CONSTRUTORA LTDA Prazo: Indeterminado, condicionado a continuidade da residência à comprovação da realização do plano de investimento ou de negócios, quando for o caso, Imigrante: MAURITIUS HENDRIKUS MARIA HEIJNEN Data Nascimento: 05/05/1969 Passaporte: NUH6LP231 País: HOLANDA.</p><p>Processo: 08228.010245/2022-14 Requerente: NAHTKA COMPRA E VENDA DE IMOVEIS LTDA Prazo: Indeterminado, condicionado a continuidade da residência à comprovação da realização do plano de investimento ou de negócios, quando for o caso, Imigrante: ARNAUD MARC KUPERWASER Data Nascimento: 29/11/1968 Passaporte: 21AK31961 País: FRANÇA.</p><p /><p></p><table><tr /><tr><td rowspan="1" colspan="1"><p>Residência - RESOLUÇÃO NORMATIVA 14/2017</p></td></tr></table><p>Processo: 08228.009468/2022-21 Instituição: CONSELHO GERAL DAS ASSEMBLEIAS DE DEUS Prazo: 1 Ano Imigrante: EMFINGER Data Nascimento: 05/07/1992 Passaporte: 500781064 País: ESTADOS UNIDOS.</p><p>Processo: 08228.009512/2022-19 Instituição: INSTITUTO DAS RELIGIOSAS DE MARIA IMACULADA - ''RMI'' - BRASIL Prazo: 2 Anos Imigrante: BEATRIZ RODRIGUEZ FLORES Data Nascimento: 18/03/1969 Passaporte: 119198055 País: PERU.</p><p>Processo: 08228.010165/2022-51 Instituição: ASSOCIACAO BRASILEIRA D'A IGREJA DE JESUS CRISTO DOS SANTOS DOS ULTIMOS DIAS Prazo: 2 Anos Imigrante: Mandy Lee Nordfelt Data Nascimento: 11/10/1974 Passaporte: 598399407 País: ESTADOS UNIDOS.</p><p>Processo: 08228.010167/2022-41 Instituição: ASSOCIACAO BRASILEIRA D'A IGREJA DE JESUS CRISTO DOS SANTOS DOS ULTIMOS DIAS Prazo: 2 Anos Imigrante: Christopher C Nordfelt Data Nascimento: 17/05/1972 Passaporte: 598399408 País: ESTADOS UNIDOS.</p><p>Processo: 08228.010643/2022-22 Instituição: ASSOCIACAO ANTONIO E MARCOS CAVANIS Prazo: 01 Ano Imigrante: HERMANN NGWINI NKUMU Data Nascimento: 23/03/1994 Passaporte: PASSAPORTE País: REP. DEM. CONGO.</p><p>Processo: 08228.010645/2022-11 Instituição: ASSOCIACAO ANTONIO E MARCOS CAVANIS Prazo: 01 Ano Imigrante: ARISTIDE NZEZA NTANGI Data Nascimento: 26/07/1990 Passaporte: PASSAPORTE País: REP. DEM. CONGO.</p><p /><p></p><table><tr /><tr><td rowspan="1" colspan="1"><p>Residência - RESOLUÇÃO NORMATIVA 30/2018 - Alteração de Prazo (RN 02/2017)</p></td></tr></table><p>Processo: 08228.010302/2022-57 Requerente: R CALDAS QUINTINO LTDA Prazo: Indeterminado Imigrante: RYOMA HONJO Data Nascimento: 21/08/1990 Passaporte: TK 9892153 País: JAPÃO Mãe: KEIKO HONJO Pai: SHIGEAKI HONJO.</p><p /><p></p><table><tr /><tr><td rowspan="1" colspan="1"><p>Residência - RESOLUÇÃO NORMATIVA 30/2018 - Alteração de Prazo (RN 14/2017)</p></td></tr></table><p>Processo: 08228.009812/2022-81 Instituição: DIOCESE DE OURINHOS Prazo: Indeterminado Imigrante: José David Martinez Data Nascimento: 29/12/1973 Passaporte: G12093588 País: MÉXICO Mãe: Maria Juana Neptali Roldan Martinez Pai: Martinez Gutierrez.</p><p /><p></p><table><tr /><tr><td rowspan="1" colspan="1"><p>Residência - RESOLUÇÃO NORMATIVA 30/2018 - Renovação de Residência (RN 03/2017)</p></td></tr></table><p>Processo: 08228.009960/2022-12 Requerente: MHI POWER AMERICA LATINA EIRELI Prazo: 1 Ano Imigrante: JOHN DAVID WOODMAN Data Nascimento: 26/09/1962 Passaporte: 567038869 País: ESTADOS UNIDOS Mãe: Anna Mae Sorenson Pai: Donald Mardon Woodman.</p><p>Processo: 08228.009986/2022-44 Requerente: PERENCO PETROLEO E GAS DO BRASIL LTDA Prazo: 1 Ano Imigrante: STEPHANE ROLLAND Data Nascimento: 14/07/1983 Passaporte: 18FV11882 País: FRANÇA Mãe: Antoinette Santamaria Pai: Patrick Louis Marie Rolland .</p><p>Processo: 08228.009995/2022-35 Requerente: PERENCO PETROLEO E GAS DO BRASIL LTDA Prazo: 1 Ano Imigrante: PHILIPPE ISIDORE LE DANFF Data Nascimento: 12/09/1968 Passaporte: 18FV10384 País: FRANÇA Mãe: Lydia Sarra Le Danff Pai: Marcel Julien Le Danff.</p><p>Processo: 08228.010056/2022-33 Requerente: WARTSILA BRASIL LTDA. Prazo: 18/08/2023 Imigrante: PAL HAKON SCHOENNING Data Nascimento: 20/03/1976 Passaporte: 33737294 País: NORUEGA Mãe: HARALD SCHOENNING Pai: TONE JANICKE SCHOENING.</p><p>Processo: 08228.010228/2022-79 Requerente: EQUINOR BRASIL ENERGIA LTDA. Prazo: 19/08/2023 Imigrante: Bjoern Atle Oeverland Data Nascimento: 12/05/1964 Passaporte: 32204618 País: NORUEGA Mãe: Hallgerd Oeverland Pai: Dag Arve Oeverland.</p><p>Processo: 08228.010344/2022-98 Requerente: KONGSBERG MARITIME DO BRASIL LTDA Prazo: 1 Ano Imigrante: BJOERN JOHAN SKOGEN Data Nascimento: 15/01/1984 Passaporte: 33051436 País: NORUEGA Mãe: ANNE VENKE KJELLESVIK SKOGEN Pai: JAN GUNNAR SKOGEN.</p><p>Processo: 08228.010412/2022-19 Requerente: NANSEN INSTRUMENTOS DE PRECISAO LTDA. Prazo: 1 Ano Imigrante: YIN LONG Data Nascimento: 05/09/1986 Passaporte: E52767200 País: CHINA Mãe: SHAOMING LIU Pai: MENGQI LONG.</p><p /><p></p><table><tr /><tr><td rowspan="1" colspan="1"><p>Residência - RESOLUÇÃO NORMATIVA 30/2018 - Renovação de Residência (RN 06/2017)</p></td></tr></table><p>Processo: 08228.008373/2022-91 Requerente: ALTERA DO BRASIL SERVICOS MARITIMOS LTDA. Prazo: 01/01/2024 Imigrante: Orlito Evangelista Lomboy Data Nascimento: 25/12/1978 Passaporte: P3874249B País: FILIPINAS Mãe: Pacita Lomboy Pai: Eduardo Lomboy.</p><p>Processo: 08228.008377/2022-78 Requerente: ALTERA DO BRASIL SERVICOS MARITIMOS LTDA. Prazo: 27/06/2023 Imigrante: Edgar Yu Caparaz Data Nascimento: 12/05/1974 Passaporte: P7308745A País: FILIPINAS Mãe: Paz Yu Pai: Bienvenido Martinez Caparaz.</p><p>Processo: 08228.009008/2022-19 Requerente: TUPI NORDESTE OPERACOES MARITIMAS LTDA. Prazo: 09/07/2024 Imigrante: Andrei Calud Data Nascimento: 04/08/1966 Passaporte: 056728494 País: ROMÊNIA Mãe: Maria Calud Pai: Anton Calud.</p><p>Processo: 08228.010240/2022-83 Requerente: PETROLEO BRASILEIRO S A PETROBRAS Prazo: 02/11/2022 Imigrante: GRANT RICHARD MACDONALD Data Nascimento: 26/12/1975 Passaporte: 124277464 País: INGLATERRA Mãe: PATRICIA ANNE MACDONALD Pai: RONALD MACDONALD.</p><p /><p></p><table><tr /><tr><td rowspan="1" colspan="1"><p>Residência - RESOLUÇÃO NORMATIVA 30/2018 - Renovação de Residência (RN 07/2017)</p></td></tr></table><p>Processo: 08228.010789/2022-78 Requerente: COMANDO DA MARINHA Prazo: 02 Anos Imigrante: Stéphane Marie Pierre Gilles Data Nascimento: 17/06/1963 Passaporte: 21EE19557 País: FRANÇA Mãe: Marie Elise Flageul Pai: Pierre Gilles.</p><p>Processo: 08228.011260/2022-71 Requerente: COMANDO DA MARINHA Prazo: 02 Anos Imigrante: Benoit-Marie Henri Louis Goursaud Data Nascimento: 19/11/1966 Passaporte: 17EK88457 País: FRANÇA Mãe: Monique Goursaud Pai: Henri Marie Goursaud.</p><p>Processo: 08228.011269/2022-82 Requerente: COMANDO DA MARINHA Prazo: 02 Anos Imigrante: Frederic Andre Traverse Data Nascimento: 14/03/1964 Passaporte: 16AF78484 País: FRANÇA Mãe: Paule Marie Therese Henriette Fromental Pai: Jean Charles Traverse.</p><p /><p></p><table><tr /><tr><td rowspan="1" colspan="1"><p>Residência - RESOLUÇÃO NORMATIVA 30/2018 - Renovação de Residência (RN 14/2017)</p></td></tr></table><p>Processo: 08228.011015/2022-64 Instituição: SOUTH AMERICAN INDIAN MISSION INC Prazo: 2 Anos Imigrante: Kevin Ashley Layne Data Nascimento: 16/08/1976 Passaporte: 522937248 País: ESTADOS UNIDOS Mãe: Frances Roberta Moore Pai: Roy Glenn Layne.</p><p /><p></p><table><tr /><tr><td rowspan="1" colspan="1"><p>Residência - RESOLUÇÃO NORMATIVA 36/2018 (Art. 4º c/c 2º, Alínea a)</p></td></tr></table><p>Processo: 08228.010114/2022-29 Requerente: DIMITRI JOSEPH ISORE Prazo: 2 Anos Imigrante: Dimitri Joseph Isore Data Nascimento: 28/06/1968 Passaporte: 16CZ07787 País: FRANÇA Mãe: Irene Kosinetz Pai: Jean Claude Philippe Marie Isore.</p><p>Processo: 08228.010436/2022-78 Requerente: ANNELIESE PETRA DAUBLER DOHNAU Prazo: 02 Anos Imigrante: ANNELIESE PETRA DÄUBLER DOHNAU Data Nascimento: 28/02/1957 Passaporte: CGP8Y8W2M País: ALEMANHA Mãe: MARIA DOHNAU Pai: ERWIN DOHNAU.</p><p /><p></p><table><tr /><tr><td rowspan="1" colspan="1"><p>Residência - RESOLUÇÃO NORMATIVA 40/2019 (Art. 3º c/c 4º, Inciso I)</p></td></tr></table><p>Processo: 08228.009714/2022-44 Requerente: MARIE JOSEPHE GEORGETTE RENEE BERTRAND Prazo: 1 Ano Imigrante: MARIE JOSEPHE GEORGETTE RENEE BERTRAND Data Nascimento: 26/11/1954 Passaporte: 20EA96780 País: FRANÇA Mãe: Micheline Raymonde Renee Cheymol Pai: Joseph Marc Sylvain Etienne Bertrand.</p><p /><p></p><table><tr /><tr><td rowspan="1" colspan="1"><p>Residência - RESOLUÇÃO NORMATIVA 40/2019 (Art. 4º c/c 2º, Inciso II)</p></td></tr></table><p>Processo: 08228.007799/2022-26 Requerente: FRANCOIS WILLY DUVANEL Prazo: 2 Anos Imigrante: François Willy Duvanel Data Nascimento: 21/12/1962 Passaporte: passeporte País: SUÍÇA Mãe: Germaine Alice Duvanel Pai: Willy Henry Duvanel.</p><p /><p></p><table><tr /><tr><td rowspan="1" colspan="1"><p>Residência - RESOLUÇÃO 45/2021</p></td></tr></table><p>Processo: 08228.010021/2022-11 Requerente: YOUSUN JUNG Prazo: 1 Ano Imigrante: YOUSUN JUNG Data Nascimento: 22/06/1977 Passaporte: G443A8892 País: CORÉIA DO SUL.</p><p /><p></p><table><tr /><tr><td rowspan="1" colspan="1"><p>CONCOMITÂNCIA</p></td></tr></table><p>O Coordenador-Geral de Imigração Laboral, no uso de suas atribuições, autoriza o (a) Imigrante PHILIP JOSE VAN LIEFLAND LOPEZ a exercer concomitantemente o cargo de Administrador na IBEROSTATE BRASIL SERVICOS E PARTICIPACOES LTDA. Processo: 08228.010399/2022-14, anteriormente autorizado através do Processo: 47039.003500/2020-81.</p><p>O Coordenador-Geral de Imigração Laboral, no uso de suas atribuições, autoriza o (a) Imigrante MASAICHI KOBAYASHI a exercer concomitantemente o cargo de Diretor no BANCO HONDA S/A. Processo: 08228.009859/2022-45, anteriormente autorizado através do Processo: 08228.001189/2022-19.</p><p /><p></p><table><tr /><tr><td rowspan="1" colspan="1"><p>INDEFERIDO</p></td></tr></table><p>O Coordenador-Geral de Imigração Laboral, no uso de suas atribuições, indeferiu os seguintes pedidos de autorização de residência:</p><p>Processo: 08228.007307/2022-19 Requerente: HAGIE KANTEH Prazo: Indeterminado Imigrante: HAGIE KANTEH Data Nascimento: 01/02/1985 Passaporte: PC648345 País: GÂMBIA.</p><p>Processo: 08228.007877/2022-92 Requerente: Christian Mathias Stüdi Prazo: 1 Ano Imigrante: CHRISTIAN MATTHIAS STÜDI Data Nascimento: 20/03/1978 Passaporte: X1181093 País: SUÍÇA.</p><p>Processo: 08228.006443/2022-75 Requerente: MEHMET FUAT AYDAR Prazo: 1 Ano Imigrante: Mehmet Fuat Data Nascimento: 05/04/1991 Passaporte: Pasaport País: ALEMANHA.</p><p>Processo: 08228.008107/2022-67 Requerente: CHEIKH TIDIANE NDOYE Prazo: Indeterminado Imigrante: CHEIKH TIDIANE NDOYE Data Nascimento: 15/05/1979 Passaporte: A01902726 País: SENEGAL.</p><p>Processo: 08228.007452/2022-83 Requerente: YASIEL TRETO SUAREZ Prazo: Indeterminado Imigrante: YASIEL TRETO SUAREZ Data Nascimento: 29/01/1990 Passaporte: PASSAPORTE País: CUBA.</p><p>Processo: 08228.007864/2022-13 Requerente: ANA SILVA MENDONCA Prazo: Indeterminado Imigrante: ana silva mendonca Data Nascimento: 07/01/1985 Passaporte: c00008317 País: GUINÉ-BISSAU.</p><p>Processo: 08228.010407/2022-14 Requerente: ANTONIO MIGUEL SIMOES CACEIRO Prazo: 2 Anos Imigrante: António Miguel Simões Caceiro Data Nascimento: 17/01/1974 Passaporte: CB909465 País: PORTUGAL Mãe: Maria Adelaide Simões Gil Cunha Caceiro Pai: Ernesto Rodrigues Cunha Caceiro.</p><p>Processo: 08228.009552/2022-44 Requerente: ATIVA TRADING EIRELI Prazo: Indeterminado Imigrante: HENGFENG OU Data Nascimento: 08/10/1976 Passaporte: E63605371 País: CHINA Mãe: JUHUA DONG Pai: AIHUA OU.</p><p>Processo: 08228.008147/2022-17 Requerente: SAIPEM DO BRASIL SERVICOS DE PETROLEO LTDA. Prazo: 23/02/2023 Imigrante: Venkatesan Ethiraj Data Nascimento: 30/01/1979 Passaporte: Z3507869 País: ÍNDIA Mãe: Ethiraj Rose Pai: Kondaiah Ethiraj.</p><p>Processo: 08228.007912/2022-73 Requerente: JESUS NOEL SUAREZ RUBI Prazo: Indeterminado Imigrante: Jesús Noel Suárez Rubí Data Nascimento: 29/10/1988 Passaporte: K708032 País: CUBA Mãe: Judith Natalia Rubí Quintanta Pai: Noel Suárez Bouza.</p><p>Processo: 08228.008727/2022-12 Requerente: MATHIAS MARIE FRECON Prazo: Indeterminado Imigrante: Mathias Frecon Data Nascimento: 17/07/1983 Passaporte: 22AC42343 País: FRANÇA Mãe: Edith Marie Helene Descos Pai: Patrick Marie Frecon.</p><p>Processo: 08228.007730/2022-19 Requerente: FUNDACAO ANGLO BRASILEIRADE EDUCACAO E CULTURA DE SP Prazo: Indeterminado Imigrante: MELISSA DELALI NANA ABLAH KALITSI Data Nascimento: 08/02/1994 Passaporte: 131839755 País: GRÃ-BRETANHA Mãe: Jennifer Annette Catherine Ohenewa Avornyotse Pai: Geoffrey Gordon Avornyotse.</p><p>Processo: 08228.003314/2022-25 Requerente: MUHAMMAD BASHIR KHAN Prazo: Indeterminado Imigrante: MUHAMMAD BASHIR KHAN Data Nascimento: 02/10/1984 Passaporte: ZY4123182 País: PAQUISTÃO Mãe: NOOR UL HUDA Pai: ABDUR RASHEED.</p><p>Processo: 08228.009004/2022-14 Requerente: Fabian Lopez Jimenez Prazo: 2 Anos Imigrante: Fabian Lopez Jimenez Data Nascimento: 09/11/1980 Passaporte: AP614255 País: COLÔMBIA Mãe: Luz Marina Jimenez Ososrio Pai: Francisco Javier Lopez Valencia.</p><p>Processo: 08228.007752/2022-62 Requerente: EUROESTE BAHIA AGRONEGOCIOS LTDA Prazo: 1 Ano Imigrante: FILIPE LECHNER RAVARA Data Nascimento: 15/12/1996 Passaporte: CC045716 País: PORTUGAL.</p><p>Processo: 08228.007607/2022-81 Requerente: ANTONY UVARI ARPUTHAM Prazo: Indeterminado Imigrante: Antony Uvari Arputham Data Nascimento: 06/01/1971 Passaporte: Passport País: ÍNDIA.</p><p>Processo: 08228.012296/2022-72 Requerente: OSMIL TORRES LINARES Prazo: 5 Anos Imigrante: ALEJANDRO TORRES LINARES Data Nascimento: 17/08/1961 Passaporte: PASSAPORTE País: CUBA Mãe: HERMENEGILDA LINARES Pai: JOSÉ MANUEL TORRES RUMAYOR.</p><p>Processo: 08228.007512/2022-68 Requerente: CESARIO DA SILVA Prazo: Indeterminado Imigrante: Cesário da Silva Data Nascimento: 30/11/1980 Passaporte: Passaporte País: GUINÉ-BISSAU Mãe: Segunda Clode Pai: Henrique da Silva.</p><p>Processo: 08228.012294/2022-83 Requerente: SERGIO GROSSI Prazo: 1 Ano Imigrante: Sergio Grossi Data Nascimento: 13/11/1987 Passaporte: Passaporte País: ITÁLIA.</p><p>Processo: 08228.008859/2022-28 Requerente: APERAM INOX AMERICA DO SUL S.A. Prazo: 2 Anos Imigrante: DAMIEN EMMANUEL GOMES Data Nascimento: 25/05/1992 Passaporte: 18AC58499 País: FRANÇA.</p><p>Processo: 08228.005418/2022-74 Requerente: SEASON BOOKINGS - EIRELI Prazo: 1 Ano Imigrante: TOBIAS SCHIERMEIER Data Nascimento: 17/12/1987 Passaporte: C3HVTT326 País: ALEMANHA.</p><p>Processo: 08228.009116/2022-75 Requerente: SVERDI PROPAGACAO E CULTURA Prazo: Indeterminado Imigrante: ANTONY JESURAJ JOSEPH Data Nascimento: 25/12/1986 Passaporte: P00572976 País: ÍNDIA.</p><p>Processo: 08228.008176/2022-71 Requerente: VERDIAMA PROPAGACAO E CULTURA Prazo: Indeterminado Imigrante: MICHAEL THANH DO Data Nascimento: 02/09/1977 Passaporte: 488675378 País: ESTADOS UNIDOS.</p><p>Processo: 08228.008129/2022-27 Requerente: MITRA ARQUIDIOCESANA DE SAO PAULO Prazo: Indeterminado Imigrante: Jonathan Luis Sanchez Chirinos Data Nascimento: 03/01/1987 Passaporte: 145029135 País: VENEZUELA.</p><p>Processo: 08228.007656/2022-14 Requerente: PROVINCIA DIVINA SABEDORIA Prazo: 2 Anos Imigrante: FATIMA MARIA MAIA DA CUNHA Data Nascimento: 31/10/1990 Passaporte: 0031589C País: TIMOR.</p><p>Processo: 08228.005795/2022-11 Requerente: VICTORIA DA LUZ ANTONIO ARTUR MUASSICA Prazo: 2 Anos Imigrante: VICTORIA DA LUZ ANTONIO ARTUR MUASSICA Data Nascimento: 25/05/2000 Passaporte: AB0821126 País: MOÇAMBIQUE.</p><p>Processo: 08228.009984/2022-55 Requerente: AET BRASIL SERVICOS MARITIMOS LTDA Prazo: 2 Anos Imigrante: Anupam Sinha Data Nascimento: 10/01/1981 Passaporte: Z3366049 País: ÍNDIA.</p><p>Processo: 08228.008383/2022-25 Requerente: PETROLEO BRASILEIRO S A PETROBRAS Prazo: 2 Anos Imigrante: ANTONIÑO LINGAD JACOB Data Nascimento: 25/01/1976 Passaporte: P6805582B País: FILIPINAS.</p><p>Processo: 08228.007906/2022-16 Requerente: FLUMAR TRANSPORTES DE QUIMICOS E GASES LTDA Prazo: 11/04/2022 Imigrante: Diego Torres Austria Data Nascimento: 22/04/1974 Passaporte: P8585245A País: FILIPINAS.</p><p>Processo: 08228.007893/2022-85 Requerente: FLUMAR TRANSPORTES DE QUIMICOS E GASES LTDA Prazo: 11/04/2022 Imigrante: Eric Pastrana Erdao Data Nascimento: 30/11/1989 Passaporte: P6669238B País: FILIPINAS.</p><p>Processo: 08228.007329/2022-62 Requerente: NFE POWER LATAM SERVICOS MARITIMOS LTDA Prazo: 06/08/2024 Imigrante: Sonny Lineses Castro Data Nascimento: 10/04/1973 Passaporte: P6890935B País: FILIPINAS.</p><p>Processo: 08228.007209/2022-65 Requerente: NFE POWER LATAM SERVICOS MARITIMOS LTDA Prazo: 06/08/2024 Imigrante: Abelardo Pitagan Luteria Data Nascimento: 08/08/1968 Passaporte: P6145835A País: FILIPINAS.</p><p>Processo: 08228.010039/2022-12 Requerente: ASSOCIACAO BRASILEIRA D'A IGREJA DE JESUS CRISTO DOS SANTOS DOS ULTIMOS DIAS Prazo: 1 Ano Imigrante: NATHAN HOLBROOK BURGOYNE Data Nascimento: 20/05/1985 Passaporte: 556705888 País: ESTADOS UNIDOS.</p><p>Processo: 08228.010036/2022-62 Requerente: ASSOCIACAO BRASILEIRA D'A IGREJA DE JESUS CRISTO DOS SANTOS DOS ULTIMOS DIAS Prazo: 1 Ano Imigrante: JAVIER DE LA COROMOTO MARTINEZ Data Nascimento: 07/07/1962 Passaporte: 506218648 País: ESTADOS UNIDOS.</p><p>Processo: 08228.007729/2022-78 Requerente: JUARY COSTA ROCHA Prazo: Indeterminado Imigrante: Juary Costa Rocha Data Nascimento: 01/02/1994 Passaporte: PA229853 País: CABO VERDE.</p><p>Processo: 08228.007054/2022-67 Requerente: SEPCO1 CONSTRUCOES DO BRASIL LTDA Prazo: 1 Ano Imigrante: HOUGUO LYU Data Nascimento: 12/08/1967 Passaporte: EJ 3093546 País: CHINA.</p><p>Processo: 08228.007898/2022-16 Requerente: Labrelin de los Angeles Oviedo Salazar Prazo: 1 Ano Imigrante: Labrelin Oviedo Salazar Data Nascimento: 09/06/1998 Passaporte: PASSAPORTE País: COSTA RICA.</p><p>Processo: 08228.011928/2022-81 Requerente: CARGOTEC BRAZIL SERVICOS E COMERCIO DE EQUIPAMENTOS PARA MOVIMENTACAO DE CARGAS LTDA Prazo: 180 Dias Imigrante: Fenglin Guo Data Nascimento: 20/12/1986 Passaporte: EA3751347 País: CHINA.</p><p>Processo: 08228.012775/2022-99 Requerente: OXIPIRA AUTOMACAO INDUSTRIA E COMERCIO DE MAQUINAS INDUSTRIAIS LTDA Prazo: 2 Meses Imigrante: Shan Yingguo Data Nascimento: 18/06/1991 Passaporte: PASSAPORTE País: CHINA.</p><p>Processo: 08228.010242/2022-72 Requerente: ANA YENCY MORALES MENDEZ Prazo: 1 Ano Imigrante: ANA YENCY MORALES MENDEZ Data Nascimento: 18/11/1986 Passaporte: PASSAPORTE País: COSTA RICA.</p><p>Processo: 08228.009517/2022-25 Requerente: Klaudia Zamkovets Prazo: 1 Ano Imigrante: Klaudia Data Nascimento: 28/03/1997 Passaporte: 765582125 País: RÚSSIA.</p><p>Processo: 08228.007457/2022-14 Requerente: FITESA NAOTECIDOS S/A Prazo: 180 Dias Imigrante: Marek Nemec Data Nascimento: 02/05/1976 Passaporte: BG5920922 País: ESLOVÁQUIA.</p><p>Processo: 08228.006441/2022-86 Requerente: YULIA EVSEEVA Prazo: 1 Ano Imigrante: Yulia Evseeva Data Nascimento: 16/10/1987 Passaporte: 762060156 País: RÚSSIA.</p><p>Processo: 08228.008338/2022-71 Requerente: GUARARAPES PAINEIS S/A Prazo: 1 Ano Imigrante: DAVID HINZ Data Nascimento: 27/06/1986 Passaporte: C3W861VTG País: ALEMANHA.</p><p>Processo: 08228.009973/2022-75 Requerente: LMR INDUSTRIA E COMERCIO DE ROUPAS EIRELI Prazo: Indeterminado Imigrante: RAGHID WEHBE Data Nascimento: 01/01/1992 Passaporte: LR1684572 País: LÍBANO Mãe: JOUMANA WEHBE Pai: NAZIR NAZIR WEHBE.</p><p>Processo: 08228.008960/2022-89 Requerente: KASSEM MUSTAPHA HARIRI Prazo: 2 Anos Imigrante: HASSAN KASSIR Data Nascimento: 30/07/1995 Passaporte: LR1647247 País: LÍBANO Mãe: LAILA HARIRI Pai: MAHID KASSIR.</p><p>Processo: 08228.010330/2022-74 Requerente: VAN HESSEN BRAZIL INDUSTRIA E COMERCIO DE ALIMENTOS LTDA Prazo: 2 Anos Imigrante: Thomas Mories Poels Data Nascimento: 29/01/1996 Passaporte: NTD67KDC1 País: HOLANDA Mãe: Maria Petra Jacoba Pai: Henricus Maria.</p><p>Processo: 08228.007856/2022-77 Requerente: OCANTE ANTONIO IE Prazo: Indeterminado Imigrante: Ocante Antonio Ie Data Nascimento: 25/12/1991 Passaporte: Passaporte País: GUINÉ-BISSAU Mãe: NENE CA Pai: ANTONIO IE.</p><p>Processo: 08228.007818/2022-14 Requerente: ESPACO VIVO ENSINO DE DANCA LTDA Prazo: 2 Anos Imigrante: rebeca díez macho Data Nascimento: 24/01/1979 Passaporte: AAJ208522 País: ESPANHA Mãe: elena macho micieces Pai: pedro antonio díez de la fuente.</p><p>Processo: 08228.007490/2022-36 Requerente: ASSOCIACAO ESPORTIVA T-REX FUTEBOL AMERICANO Prazo: 2 Anos Imigrante: Juan Pablo Teran Islas Data Nascimento: 24/10/1987 Passaporte: G35969722 País: MÉXICO Mãe: Rosa Maria De La Concepcion Islas Perez Pai: Hector Teran Ferretis.</p><p>Processo: 08228.007472/2022-54 Requerente: BAIBI IBIWARI HORSFALL Prazo: Indeterminado Imigrante: BAIBI IBIWARI HORFALL Data Nascimento: 20/03/1994 Passaporte: PASSAPORTE País: NIGÉRIA Mãe: IBIMARI RICHARD HORSFALL Pai: RACHEL HORSFALL.</p><p>Processo: 08228.007714/2022-18 Requerente: TENGFEI COMERCIO IMPORTACAO E EXPORTACAO LTDA Prazo: 3 Anos Imigrante: Mengjia Data Nascimento: 18/07/1987 Passaporte: CC399059 País: CHINA Mãe: Yuqin Xu Pai: Jianxiu Yao.</p><p>Processo: 08228.007304/2022-69 Requerente: Fundação Orquestra Sinfônica Brasileira Prazo: Indeterminado Imigrante: Alexis Jesus Ângulo Avila Data Nascimento: 10/08/1987 Passaporte: 166051120 País: VENEZUELA Mãe: Hortencia Avila Pai: Danilo Ângulo.</p><p>Processo: 08228.005897/2022-29 Requerente: EDUARDO IGREJA DA SILVA Prazo: 2 Anos Imigrante: EDUARDO IGREJA DA SILVA Data Nascimento: 06/10/1954 Passaporte: CB249423 País: PORTUGAL Mãe: EUGÊNIA DA SILVA IGREJA Pai: FLORENTINO FERREIRA DA SILVA.</p><p>Processo: 08228.007159/2022-16 Requerente: MARIA ROSARIA CARBONE Prazo: Indeterminado Imigrante: Maria Rosaria Carbone Data Nascimento: 07/08/1994 Passaporte: YB4689070 País: ITÁLIA Mãe: Raffaella Filannino Pai: Alfredo Carbone.</p><p>Processo: 08228.005673/2022-17 Requerente: ABIBOU NDIAYE SAMB Prazo: 1 Ano Imigrante: ABIBOU NDIAYE SAMB Data Nascimento: 27/03/1973 Passaporte: A02731691 País: SENEGAL Mãe: ADJIA MBAYE Pai: ELHADJI TALLA SAMB.</p><p>Processo: 08228.003803/2022-87 Requerente: INSPECAO DE ALIMENTOS HALAL LTDA Prazo: 2 Anos Imigrante: WASSIHOU OURO MEDELI Data Nascimento: 03/03/1985 Passaporte: EB439720 País: TOGO Mãe: ZALIATOU MAMAN MOLA Pai: BODJOGOMA OURO MEDELI.</p><p>Processo: 08228.003801/2022-98 Requerente: INSPECAO DE ALIMENTOS HALAL LTDA Prazo: 2 Anos Imigrante: MOHAMED TAHOUFIK ABOUDOU Data Nascimento: 22/05/1995 Passaporte: EB457607 País: TOGO Mãe: MOUMOUNI AMINATOU ALASSANI Pai: ABDOUL MOUMOUNI ABOUDOU.</p><p>Processo: 08228.003387/2022-17 Requerente: INSPECAO DE ALIMENTOS HALAL LTDA Prazo: 2 Anos Imigrante: YACUBO INLITE ASSANE Data Nascimento: 03/09/2000 Passaporte: AB1013520 País: MOÇAMBIQUE Mãe: CATIJA RAMADANE Pai: INLITE FAQUIRE.</p><p>Processo: 08228.003386/2022-72 Requerente: INSPECAO DE ALIMENTOS HALAL LTDA Prazo: 2 Anos Imigrante: MUSSA ABUBACAR YASSINE Data Nascimento: 04/01/2001 Passaporte: 15AM73515 País: MOÇAMBIQUE Mãe: LIDIA AMIDO Pai: ABUBACAR YASSINE IDAR.</p><p>Processo: 08228.003385/2022-28 Requerente: INSPECAO DE ALIMENTOS HALAL LTDA Prazo: 2 Anos Imigrante: JUMA MOMADE ANLI Data Nascimento: 29/08/1997 Passaporte: 15AM11931 País: MOÇAMBIQUE Mãe: AMINA ABUDALA ASSANE Pai: MOMADE ANLI.</p><p>Processo: 08228.003061/2022-91 Requerente: HALLIBURTON PRODUTOS LTDA. Prazo: 2 Anos Imigrante: JOSE LUIS OLIVARES RIVERA Data Nascimento: 03/11/1984 Passaporte: G30002210 País: MÉXICO Mãe: PLACIDA RIVERA RIOS Pai: SILVIO OLIVARES HERNANDEZ.</p><p>Processo: 08228.004896/2022-67 Requerente: GRAN RAMOS MARMORES E GRANITOS LTDA Prazo: Indeterminado Imigrante: Peterly Julien Data Nascimento: 31/08/1995 Passaporte: PASSAPORTE País: HAITI Mãe: Eliza Davilma Pai: Kelly Julien.</p><p>Processo: 08228.006437/2022-18 Requerente: João Cardoso Bernardo Prazo: Indeterminado Imigrante: João Cardoso Bernardo Data Nascimento: 14/05/1992 Passaporte: Passaporte País: PORTUGAL Mãe: Maria José Moreira Cardoso Pai: João Carlos Bernardo Cordeiro.</p><p>Processo: 08228.009542/2022-17 Requerente: CLUB AME EVENTOS LTDA Prazo: 7 Dias Imigrante: Thijs Geert Smans Data Nascimento: 12/11/2000 Passaporte: NWJC80224 País: HOLANDA.</p><p>Processo: 08228.008571/2022-53 Requerente: WUHAN FIBERHOME INTERNACIONAL TECNOLOGIAS DO BRASIL IMPORTACAO E EXPORTACAO LTDA. Prazo: 2 Anos Imigrante: XINZHUO CHEN Data Nascimento: 03/08/2000 Passaporte: PE1928093 País: CHINA.</p><p class="assina">MARCOS LEÔNCIO SOUSA RIBEIRO</p><p class="identifica">RETIFICAÇÕES</p><p>No despacho do Coordenador-Geral de Imigração Laboral, o deferimento publicado no DOU Nº 159, de 22/08/2022, Seção 1, Pág. 197, Processo: 08228.006972/2022-79, onde se lê: Mãe: TATYANA BESPERSTOVA; Pai: MACHMUD BESPERSTOV, leia-se: Mãe: TETYANA BESPERSTOVA; Pai: MAKHMUD BESPERSTOV.</p><p>No despacho do Coordenador-Geral de Imigração Laboral, o deferimento publicado no DOU Nº 159, de 22/08/2022, Seção 1, Pág. 193, Processo: 08228.008639/2022-11, onde se lê: Imigrante: SHAOZHEN LI; Mãe: LIN XIABAO; Pai: LIN TIANDAI, leia-se: Imigrante: SHAOZHEN LIN; Mãe: XIABAO LIN; Pai: TIANDAI LIN.</p><p>No despacho do Coordenador-Geral de Imigração Laboral, o deferimento publicado no DOU Nº 129, de 11/07/2022, Seção 1, Pág. 57, Processo 08228.007186/2022-99, onde se lê: Imigrante: TONI, leia-se: Imigrante: TONI DUZEVIC.</p><p>No despacho do Coordenador-Geral de Imigração Laboral, o deferimento publicado no DOU Nº 159, de 22/08/2022, Seção 1, Pág. 194, Processo: 08228.009992/2022-18, onde se lê: Imigrante: IBRAHIM OMER SAMAWAL, leia-se: Imigrante: SAMAWAL IBRAHIM OMER.</p><p>No despacho do Coordenador-Geral de Imigração Laboral, o deferimento publicado no DOU Nº 138, de 22/07/2022, Seção 1, Pág. 74, Processo: 08228.005467/2022-15, onde se lê: Prazo: 20/07/2022, leia-se: Prazo: 28/08/2023.</p><p>No despacho do Coordenador-Geral de Imigração Laboral, o deferimento publicado no DOU Nº 141, de 27/07/2022, Seção 1, Pág. 56, Processo: 08228.005466/2022-62, onde se lê: Prazo: 20/07/2022, leia-se: Prazo: 28/08/2023.</p><p>No despacho do Coordenador-Geral de Imigração Laboral, o deferimento publicado no DOU Nº 143, de 29/07/2022, Seção 1, Pág. 80, Processo: 08228.003973/2022-61, onde se lê: Prazo: 11/02/2022, leia-se: Prazo: 02/11/2022.</p><p>No despacho do Coordenador-Geral de Imigração Laboral, o deferimento publicado no DOU Nº 143, de 29/07/2022, Seção 1, Pág. 80, Processo: 08228.003977/2022-41, onde se lê: Prazo: 11/02/2022, leia-se: Prazo: 02/11/2022.</p><p>No despacho do Coordenador-Geral de Imigração Laboral, o deferimento publicado no DOU Nº 151, de 10/08/2022, Seção 1, Pág. 276, Processo: 08228.009141/2022-59, onde se lê: Prazo: 23/08/2022, leia-se: Prazo: 23/08/2023.</p><p></p>]]></Texto>
  </body>
  <Midias />
</article></xml>