﻿<xml><article id="27705755" name="REL 474 2022 GER PR" idOficio="7355325" pubName="DO1" artType="Despacho" pubDate="25/08/2022" artClass="00023:00030:00035:00000:00000:00000:00000:00000:00000:00000:00024:00000" artCategory="Ministério de Minas e Energia/Agência Nacional de Mineração/Gerência Regional da ANM no Estado do Paraná" artSize="12" artNotes="" numberPage="259" pdfPage="http://pesquisa.in.gov.br/imprensa/jsp/visualiza/index.jsp?data=25/08/2022&amp;jornal=515&amp;pagina=259" editionNumber="162" highlightType="" highlightPriority="" highlight="" highlightimage="" highlightimagename="" idMateria="14836267">
  <body>
    <Identifica><![CDATA[ DESPACHO  ]]></Identifica>
    <Data><![CDATA[]]></Data>
    <Ementa />
    <Titulo />
    <SubTitulo />
    <Texto><![CDATA[<p class="identifica">DESPACHO</p><p>Relação nº 474/2022</p><p>FASE DE AUTORIZAÇÃO DE PESQUISA</p><p>declara a nulidade do Alvará de Pesquisa-(TAH)/(6.50)</p><p>Gean Lucas Bedin Geffer - 826241/20, 826223/20</p><p class="assina">Carlos Alberto Dieter</p><p class="cargo">Gerente</p>]]></Texto>
  </body>
  <Midias />
</article></xml>