﻿<xml><article id="27710018" name="ADE3RF7" idOficio="7355986" pubName="DO1" artType="Ato Declaratório" pubDate="25/08/2022" artClass="00015:00045:00432:00095:00000:00000:00000:00000:00000:00000:00007:00000" artCategory="Ministério da Economia/Secretaria Especial da Receita Federal do Brasil/Subsecretaria-Geral da Receita Federal do Brasil/Superintendência Regional da 3ª Região Fiscal" artSize="12" artNotes="" numberPage="209" pdfPage="http://pesquisa.in.gov.br/imprensa/jsp/visualiza/index.jsp?data=25/08/2022&amp;jornal=515&amp;pagina=209" editionNumber="162" highlightType="" highlightPriority="" highlight="" highlightimage="" highlightimagename="" idMateria="14837291">
  <body>
    <Identifica><![CDATA[ ATO DECLARATÓRIO EXECUTIVO SRRF03 Nº 7, DE 23 DE AGOSTO DE 2022]]></Identifica>
    <Data><![CDATA[]]></Data>
    <Ementa><![CDATA[ Declara alfandegado a Instalação Portuária de Uso Privativo Administrada por ITACEL - TERMINAL DE CELULOSE DE ITAQUI S/A, nos termos e condições vigentes.]]></Ementa>
    <Titulo />
    <SubTitulo />
    <Texto><![CDATA[<p class="identifica">ATO DECLARATÓRIO EXECUTIVO SRRF03 Nº 7, DE 23 DE AGOSTO DE 2022</p><p class="ementa">Declara alfandegado a Instalação Portuária de Uso Privativo Administrada por ITACEL - TERMINAL DE CELULOSE DE ITAQUI S/A, nos termos e condições vigentes.</p><p>O SUPERINTENDENTE DA RECEITA FEDERAL DO BRASIL NA 3ª REGIÃO FISCAL, no uso da atribuição que lhe confere o inciso VI do art. 359 do Regimento Interno da Secretaria Especial da Receita Federal do Brasil (RFB), aprovado pela Portaria ME nº 284, de 27 de julho de 2020, e tendo em vista o disposto no inciso I do art. 31 da Portaria RFB n° 143, de 11 de fevereiro de 2022, nos arts. 14 e 15 da Portaria Coana n° 76, de 13 de maio de 2022, e à vista do que consta do Processo Administrativo n° 18336.720084/2022-99, declara:</p><p>Art. 1o Fica alfandegado, em caráter precário, até 30 de abril de 2044, a Instalação Portuária de Uso Privativo denominada TERMINAL DE CELULOSE DE ITAQUI, localizada na poligonal do Porto Organizado do Itaqui, à Rua do Itaqui, Letra Baía de São Marcos, S/N - ITAQUI, São Luís - MA, coordenadas geográficas -2.578333 e -44.368461, com área total de 53.545 m², administrada pela ITACEL - TERMINAL DE CELULOSE DE ITAQUI S/A, inscrita no CNPJ sob o n° 32.239.007/0001-57, observado os termos e condições da legislação aplicável.</p><p>§ 1° O prazo de alfandegamento corresponde ao da cláusula terceira do Contrato de Arrendamento nº 03/2019 celebrado entre a União, por intermédio do Ministério da Infraestrutura, e a empresa ITACEL - TERMINAL DE CELULOSE DE ITAQUI S/A, com a interveniência da Agência Nacional de Transportes Aquaviários - ANTAQ, e da Empresa Maranhense de Administração Portuária - EMAP, publicado no Diário Oficial da União, em 30 de abril de 2019, com vigência de 25 (vinte e cinco) anos.</p><p>Art 2º O recinto alfandegado poderá movimentar e armazenar cargas gerais de peso padrão (celulose e papel em fardos e bobinas, compensados de madeira em pallets, lingotes de alumínio e placas metálicas), nas operações aduaneiras de carga, descarga, movimentação, armazenagem e despacho de exportação de mercadorias ou bens destinados ao exterior.</p><p>Art. 3° Nos termos do art. 32, da Portaria RFB n° 143, de 2022, fica o recinto dispensado da disponibilização do escritório exclusivo destinado à fiscalização da RFB, bem como fica autorizado o compartilhamento das balanças e escâner instalados no Recinto Alfandegado do Porto Organizado do Itaqui, administrado pela EMAP.</p><p>Art. 4o Para utilização no SISCOMEX, fica atribuído o código nº 3.93.38.02 ao recinto em questão, sob a jurisdição da Inspetoria da Receita Federal do Brasil do Porto de São Luís/MA (IRF/SLS), que exercerá a fiscalização aduaneira de forma ininterrupta, podendo estabelecer as rotinas operacionais necessárias ao controle aduaneiro.</p><p>Art. 5o Sem prejuízo de eventuais penalidades cabíveis, este alfandegamento poderá ser suspenso ou cancelado por aplicação de sanção administrativa, bem como poderá ser extinto a pedido do interessado.</p><p>Art. 6° Este Ato Declaratório Executivo será publicado no Diário Oficial da União e entrará em vigor na data de sua publicação.</p><p class="assina">WILMAR TEIXEIRA DE SOUZA</p>]]></Texto>
  </body>
  <Midias />
</article></xml>