﻿<xml><article id="27697334" name="Portaria de RatificaAAo sempre s" idOficio="7353685" pubName="DO1" artType="Portaria" pubDate="25/08/2022" artClass="00019:00037:00109:00000:00000:00000:00000:00000:00000:00000:00054:00000" artCategory="Ministério da Infraestrutura/Departamento Nacional de Infraestrutura de Transportes/Superintendência Regional em Santa Catarina" artSize="12" artNotes="" numberPage="244" pdfPage="http://pesquisa.in.gov.br/imprensa/jsp/visualiza/index.jsp?data=25/08/2022&amp;jornal=515&amp;pagina=244" editionNumber="162" highlightType="" highlightPriority="" highlight="" highlightimage="" highlightimagename="" idMateria="14833959">
  <body>
    <Identifica><![CDATA[ PORTARIA Nº 4.817, DE 22 DE AGOSTO DE 2022]]></Identifica>
    <Data><![CDATA[]]></Data>
    <Ementa />
    <Titulo />
    <SubTitulo />
    <Texto><![CDATA[<p class="identifica">PORTARIA Nº 4.817, DE 22 DE AGOSTO DE 2022</p><p>O SUPERINTENDENTE REGIONAL SUBSTITUTO DO DEPARTAMENTO NACIONAL DE INFRAESTRUTURA DE TRANSPORTES - DNIT NO ESTADO DE SANTA CATARINA, no uso das atribuições que lhe foram subdelegadas pelo Diretor Geral do DNIT, conforme Regimento Interno/DNIT - Art. 150, Inciso XXI, resolve:</p><p>RATIFICAR os termos do documento SEI nº 12260532 , DECLARANDO a SITUAÇÃO DE EMERGÊNCIA na rodovia BR-282/SC, em razão de ruptura do solo de encosta e colapso da estrutura de contenção (cortina atirantada), situada no km 295+800, município de Vargem/SC. Processo 50616.002450/2022-91.</p><p></p><p class="assina">ALYSSON RODRIGO DE ANDRADE</p><p></p>]]></Texto>
  </body>
  <Midias />
</article></xml>