﻿<xml><article id="27706613" name="PIN_EXTRA_9101202209" idOficio="7355486" pubName="DO1" artType="Pauta" pubDate="25/08/2022" artClass="00015:00026:02272:00001:00000:00000:00000:00000:00000:00000:00053:00000" artCategory="Ministério da Economia/Conselho Administrativo de Recursos Fiscais/Câmara Superior de Recursos Fiscais/1ª Turma" artSize="12" artNotes="" numberPage="207" pdfPage="http://pesquisa.in.gov.br/imprensa/jsp/visualiza/index.jsp?data=25/08/2022&amp;jornal=515&amp;pagina=207" editionNumber="162" highlightType="" highlightPriority="" highlight="" highlightimage="" highlightimagename="" idMateria="14836495">
  <body>
    <Identifica><![CDATA[ PAUTA DE JULGAMENTOS]]></Identifica>
    <Data><![CDATA[]]></Data>
    <Ementa />
    <Titulo />
    <SubTitulo />
    <Texto><![CDATA[<p class="identifica">PAUTA DE JULGAMENTOS</p><p>Período da Reunião 09/09 e 19/09/2022.</p><p>Pauta Extraordinária de julgamento (dias 09/09 e 19/09/2022) dos recursos das sessões não presenciais utilizando videoconferência a serem realizadas nas datas a seguir mencionadas.</p><p>OBSERVAÇÕES:</p><p>1) Solicitação de sustentação oral e pedidos de retirada de pauta devem ser enviadas em até 2 (dois) dias úteis antes do início da reunião mensal de julgamento da turma, independentemente do dia em que o processo tenha sido agendado;</p><p>2) As sessões de julgamento serão transmitidas ao vivo no canal do CARF na internet no seguinte endereço: https://www.youtube.com/channel/UCXuwg-xPYjmdGcqCk4rdvRg.</p><p>3) O julgamento do(s) processo(s) constante(s) na tabela abaixo, coluna "ITEM" e "PROCESSO", servirá como paradigma para o julgamento do(s) processo(s) constante do(s) item(ns) na coluna "ITENS REPETITIVOS" da tabela. O resultado do julgamento do processo em referência será aplicado ao(s) processo(s) repetitivo(s) de que trata a coluna "ITENS REPETITIVOS" da tabela abaixo, nos termos do § 2º do art. 47 do Anexo II à Portaria MF 343, de 9 de junho de 2015, que aprovou o Regimento Interno do CARF. É facultado às partes fazerem sustentação oral quando do julgamento do processo paradigma, nos termos do § 12 do art. 58 do Anexo II à Portaria acima citada; e</p><p /><p></p><table><tr /><tr><td rowspan="1" colspan="1"><p>Item</p></td><td rowspan="1" colspan="1"><p>Processo</p></td><td rowspan="1" colspan="1"><p>ITENS REPETITIVOS</p></td></tr><tr><td rowspan="1" colspan="1"><p>22</p></td><td rowspan="1" colspan="1"><p>13971.902898/2013-40</p></td><td rowspan="1" colspan="1"><p>23 e 24</p></td></tr><tr><td rowspan="1" colspan="1"><p>25</p></td><td rowspan="1" colspan="1"><p>13971.902897/2013-03</p></td><td rowspan="1" colspan="1"><p>26 a 29</p></td></tr><tr><td rowspan="1" colspan="1"><p>31</p></td><td rowspan="1" colspan="1"><p>13971.722085/2017-00</p></td><td rowspan="1" colspan="1"><p>32 a 33</p></td></tr></table><p>DIA 9 de Setembro de 2022, ÀS 09:00 HORAS</p><p>Tema 01: APURAÇÃO INCORRETA OU REFLEXA</p><p>Relator(a): LIVIA DE CARLI GERMANO</p><p>1 - Processo nº: 19647.000186/2006-23 - Recorrentes: DPM DISTRIBUIDORA S/A. e FAZENDA NACIONAL</p><p>2 - Processo nº: 12571.000116/2008-19 - Recorrente: FAZENDA NACIONAL e Interessado: INDUSTRIA DE LATICINIOS BANDEIRANTES LTDA</p><p>Relator(a): ALEXANDRE EVARISTO PINTO</p><p>3 - Processo nº: 13855.722545/2013-94 - Recorrente: DELVAIR HENRIQUE MARTINS e Interessado: FAZENDA NACIONAL</p><p>Relator(a): LIVIA DE CARLI GERMANO</p><p>4 - Processo nº: 15586.001240/2009-10 - Recorrente: FAZENDA NACIONAL e Interessado: BULLUS &amp; CIA LTDA</p><p>Tema 02: INCENTIVOS FISCAIS</p><p>Relator(a): ALEXANDRE EVARISTO PINTO</p><p>5 - Processo nº: 10380.011877/2003-11 - Recorrente: JUA AGROPECUARIA LTDA e Interessado: FAZENDA NACIONAL</p><p>Relator(a): LUIS HENRIQUE MAROTTI TOSELLI</p><p>6 - Processo nº: 15586.720563/2014-65 - Recorrente: EXIMBIZ COMERCIO INTERNACIONAL S.A e Interessado: FAZENDA NACIONAL</p><p>Tema 03: DEDUÇÃO DE CUSTOS E DESPESAS</p><p>Relator(a): LIVIA DE CARLI GERMANO</p><p>7 - Processo nº: 13502.001327/2007-74 - Recorrente: MONSANTO NORDESTE INDUSTRIA E COMERCIO DE PRODUTOS QUIMICOS LTDA. e Interessado: FAZENDA NACIONAL</p><p>Relator(a): ALEXANDRE EVARISTO PINTO</p><p>8 - Processo nº: 10510.724233/2013-28 - Recorrente: FAZENDA NACIONAL e Interessado: COMPANHIA DE SANEAMENTO DE SERGIPE DESO</p><p>9 - Processo nº: 10872.000392/2010-81 - Recorrente: RADHA BRASIL EDICOES E SERVICOS LTDA e Interessado: FAZENDA NACIONAL</p><p>Tema 04: DECADÊNCIA/PRESCRIÇÃO</p><p>10 - Processo nº: 10980.006416/2009-45 - Recorrente: FAZENDA NACIONAL e Interessado: COMPLEXO DE ENSINO SUPERIOR DO BRASIL LTDA.</p><p>Relator(a): LUIS HENRIQUE MAROTTI TOSELLI</p><p>11 - Processo nº: 13074.725066/2021-27 - Recorrente: COMERCIAL AUTO HOUSE SP LTDA e Interessado: FAZENDA NACIONAL</p><p>DIA 9 de Setembro de 2022, ÀS 14:00 HORAS</p><p>Tema 05: DEDUÇÕES/COMPENSAÇÕES</p><p>Relator(a): ALEXANDRE EVARISTO PINTO</p><p>12 - Processo nº: 16327.901599/2010-38 - Recorrente: BANCO SANTANDER (BRASIL) S.A. e Interessado: FAZENDA NACIONAL</p><p>Tema 06: LUCRO PRESUMIDO - ACRÉSCIMOS À BASE DE CÁLCULO</p><p>Relator(a): FERNANDO BRASIL DE OLIVEIRA PINTO</p><p>13 - Processo nº: 10945.901979/2012-71 - Recorrente: DABOL INDUSTRIA E COMERCIO DE MOVEIS LTDA e Interessado: FAZENDA NACIONAL</p><p>14 - Processo nº: 10945.901745/2012-23 - Recorrente: DABOL INDUSTRIA E COMERCIO DE MOVEIS LTDA e Interessado: FAZENDA NACIONAL</p><p>15 - Processo nº: 10945.901744/2012-89 - Recorrente: DABOL INDUSTRIA E COMERCIO DE MOVEIS LTDA e Interessado: FAZENDA NACIONAL</p><p>16 - Processo nº: 10945.901978/2012-26 - Recorrente: DABOL INDUSTRIA E COMERCIO DE MOVEIS LTDA e Interessado: FAZENDA NACIONAL</p><p>Tema 07: OMISSÃO DE RECEITAS</p><p>Relator(a): LUIS HENRIQUE MAROTTI TOSELLI</p><p>17 - Processo nº: 13808.000983/99-53 - Recorrente: EUROFARMA DISTRIBUIDORA LTDA e Interessado: FAZENDA NACIONAL</p><p>Relator(a): FERNANDO BRASIL DE OLIVEIRA PINTO</p><p>18 - Processo nº: 11516.720795/2013-13 - Recorrente: PETROFAB EQUIPAMENTOS INDUSTRIAIS LTDA e Interessado: FAZENDA NACIONAL</p><p>Relator(a): ALEXANDRE EVARISTO PINTO</p><p>19 - Processo nº: 14098.720084/2014-88 - Recorrente: REDEFLEX COMERCIO E SERVICO DE TELEFONIA LTDA e Interessado: FAZENDA NACIONAL</p><p>DIA 19 de Setembro de 2022, ÀS 09:00 HORAS</p><p>Tema 08: OPERAÇÕES SOCIETÁRIAS - SEGREGAÇÃO DE ATIVIDADES</p><p>Relator(a): ALEXANDRE EVARISTO PINTO</p><p>20 - Processo nº: 10980.724040/2010-98 - Recorrente: MONDELEZ BRASIL LTDA e Interessado: FAZENDA NACIONAL</p><p>Tema 09: PIS - BASE DE CÁLCULO</p><p>21 - Processo nº: 10680.018829/2007-95 - Recorrente: FAZENDA NACIONAL e Interessado: REPUBLICAR LTDA</p><p>Tema 10: AJUSTES AO LUCRO LÍQUIDO</p><p>Relator(a): LIVIA DE CARLI GERMANO</p><p>22 - Processo nº: 13971.902898/2013-40 - Recorrente: CIA. HERING e Interessado: FAZENDA NACIONAL</p><p>Relator(a): CARLOS HENRIQUE DE OLIVEIRA</p><p>23 - Processo nº: 13971.902627/2015-56 - Recorrente: CIA. HERING e Interessado: FAZENDA NACIONAL</p><p>24 - Processo nº: 13971.902628/2015-09 - Recorrente: CIA. HERING e Interessado: FAZENDA NACIONAL</p><p>Relator(a): LIVIA DE CARLI GERMANO</p><p>25 - Processo nº: 13971.902897/2013-03 - Recorrente: CIA. HERING e Interessado: FAZENDA NACIONAL</p><p>Relator(a): CARLOS HENRIQUE DE OLIVEIRA</p><p>26 - Processo nº: 13971.722750/2014-12 - Recorrente: CIA. HERING e Interessado: FAZENDA NACIONAL</p><p>27 - Processo nº: 13971.724185/2014-10 - Recorrente: CIA. HERING e Interessado: FAZENDA NACIONAL</p><p>28 - Processo nº: 13971.902625/2015-67 - Recorrente: CIA. HERING e Interessado: FAZENDA NACIONAL</p><p>29 - Processo nº: 13971.902626/2015-10 - Recorrente: CIA. HERING e Interessado: FAZENDA NACIONAL</p><p>Relator(a): LUIS HENRIQUE MAROTTI TOSELLI</p><p>30 - Processo nº: 10983.915251/2009-74 - Recorrente: FAZENDA NACIONAL e Interessado: COMPANHIA ENERGETICA SAO SALVADOR - CESS</p><p>Tema 11: COMPENSAÇÃO - MULTAS ISOLADAS</p><p>Relator(a): LIVIA DE CARLI GERMANO</p><p>31 - Processo nº: 13971.722085/2017-00 - Recorrente: CIA. HERING e Interessado: FAZENDA NACIONAL</p><p>Relator(a): CARLOS HENRIQUE DE OLIVEIRA</p><p>32 - Processo nº: 13971.722100/2017-10 - Recorrente: CIA. HERING e Interessado: FAZENDA NACIONAL</p><p>33 - Processo nº: 13971.722097/2017-26 - Recorrente: CIA. HERING e Interessado: FAZENDA NACIONAL</p><p>Relator(a): LUIZ TADEU MATOSINHO MACHADO</p><p>34 - Processo nº: 11080.907411/2013-24 - Recorrente: FAZENDA NACIONAL e Interessado: DELL COMPUTADORES DO BRASIL LTDA</p><p>35 - Processo nº: 10820.002870/2008-89 - Recorrente: FUGA COUROS JALES LTDA e Interessado: FAZENDA NACIONAL</p><p>36 - Processo nº: 10880.960206/2015-71 - Recorrente: FAZENDA NACIONAL e Interessado: MOSAIC FERTILIZANTES LTDA.</p><p>Relator(a): LUIS HENRIQUE MAROTTI TOSELLI</p><p>37 - Processo nº: 13981.000132/2002-57 - Recorrente: FAZENDA NACIONAL e Interessado: MADECAL ADMINISTRADORA DE BENS LTDA</p><p>38 - Processo nº: 10925.000828/2007-74 - Recorrente: FAZENDA NACIONAL e Interessado: REUNIDAS S.A - TRANSPORTES COLETIVOS EM RECUPERACAO JUDICIAL</p><p>DIA 19 de Setembro de 2022, ÀS 14:00 HORAS</p><p>Tema 12: OUTRAS RECEITAS - VENDA DE IMÓVEIS</p><p>Relator(a): ALEXANDRE EVARISTO PINTO</p><p>39 - Processo nº: 11516.724228/2013-28 - Recorrente: FERRAZ DE ANDRADE ADMINISTRADORA DE BENS LTDA e Interessado: FAZENDA NACIONAL</p><p>Tema 13: DILIGÊNCIA</p><p>Relator(a): LUIZ TADEU MATOSINHO MACHADO</p><p>40 - Processo nº: 16327.903417/2008-49 - Recorrente: BANCO MERCANTIL DE SAO PAULO S.A. e Interessado: FAZENDA NACIONAL</p><p>Tema 14: MULTA QUALIFICADA - PRÁTICA REITERADA</p><p>Relator(a): ALEXANDRE EVARISTO PINTO</p><p>41 - Processo nº: 13971.720791/2015-47 - Recorrente: FAZENDA NACIONAL e Interessado: A R ASSESSORIA TRIBUTARIA E CONSULTORIA LTDA</p><p>Tema 15: SIMPLES - OPÇÃO E EXCLUSÃO DO REGIME</p><p>42 - Processo nº: 11516.000043/2005-14 - Recorrente: MORGAN &amp; ALBERTON COMERCIO DE PECAS LTDA e Interessado: FAZENDA NACIONAL</p><p>43 - Processo nº: 10510.721409/2011-28 - Recorrente: COLEGIO PURIFICACAO LTDA e Interessado: FAZENDA NACIONAL</p><p>Relator(a): LUIS HENRIQUE MAROTTI TOSELLI</p><p>44 - Processo nº: 13502.721725/2016-00 - Recorrente: DIMENSAO GESTAO E ADMINISTRACAO DE CONDOMINIOS EIRELI e Interessado: FAZENDA NACIONAL</p><p>Relator(a): LUIZ TADEU MATOSINHO MACHADO</p><p>45 - Processo nº: 10835.000347/2011-54 - Recorrente: H. I. INDUSTRIA E COMERCIO DE GELO LTDA e Interessado: FAZENDA NACIONAL</p><p>46 - Processo nº: 13971.721749/2011-10 - Recorrente: FAZENDA NACIONAL e Interessado: KMD TERCEIRIZACAO DE CALCADOS EIRELI</p><p>47 - Processo nº: 13005.721712/2013-91 - Recorrente: FAZENDA NACIONAL e Interessado: MARCIO RITZEL &amp; CIA LTDA</p><p class="assina">Weslei José Rodrigues</p><p class="cargo">Chefe do Serviço de Preparo do Julgamento</p><p class="assina">Carlos Henrique de Oliveira</p><p class="cargo">Presidente do Conselho Administrativo de Recursos Fiscais</p>]]></Texto>
  </body>
  <Midias />
</article></xml>