﻿<xml><article id="27716823" name="Res47CD" idOficio="7356069" pubName="DO1" artType="Resolução" pubDate="25/08/2022" artClass="00007:00058:00010:00000:00000:00000:00000:00000:00000:00000:00064:00000" artCategory="Ministério da Agricultura, Pecuária e Abastecimento/Instituto Nacional de Colonização e Reforma Agrária/Conselho Diretor" artSize="12" artNotes="OK" numberPage="20" pdfPage="http://pesquisa.in.gov.br/imprensa/jsp/visualiza/index.jsp?data=25/08/2022&amp;jornal=515&amp;pagina=20" editionNumber="162" highlightType="" highlightPriority="" highlight="" highlightimage="" highlightimagename="" idMateria="14837421">
  <body>
    <Identifica><![CDATA[ RESOLUÇÃO Nº 47, DE 24 DE AGOSTO DE 2022]]></Identifica>
    <Data><![CDATA[]]></Data>
    <Ementa><![CDATA[ Autoriza a retificação da declaração anterior de interesse social afeto ao PA Tuerê, no município de Novo Repartimento, Estado do Pará, bem como determina providências subsequentes.]]></Ementa>
    <Titulo />
    <SubTitulo />
    <Texto><![CDATA[<p class="identifica">RESOLUÇÃO Nº 47, DE 24 DE AGOSTO DE 2022</p><p class="ementa">Autoriza a retificação da declaração anterior de interesse social afeto ao PA Tuerê, no município de Novo Repartimento, Estado do Pará, bem como determina providências subsequentes.</p><p>O CONSELHO DIRETOR DO INSTITUTO NACIONAL DE COLONIZAÇÃO E REFORMA AGRÁRIA - INCRA, Autarquia Federal criada pelo Decreto-Lei nº. 1.100, de 09 de julho de 1970, alterado pela Lei nº. 7.231 de 23 de outubro de 1984, por seu Presidente, no uso das atribuições que lhe são conferidas pelo art. 17 da Estrutura Regimental aprovada pelo Decreto nº 10.252, de 20 de fevereiro de 2020, publicado no Diário Oficial do dia 21 de fevereiro de 2020, combinado com o art. 108, do Regimento Interno da Autarquia, aprovado pela Portaria/INCRA/P/Nº 531, de 23 de março de 2020, publicada no Diário Oficial da União do dia 24 de março de 2020, considerando a deliberação ocorrida durante sua 712ª reunião, realizada em 22 de agosto de 2022; e</p><p>Considerando o disposto no inciso IV, do art. 19, do Anexo I do Decreto nº 10.252, de 20 de fevereiro de 2020;</p><p>Considerando o disposto no inciso VIII, do art. 108, do Regimento Interno do Incra;</p><p>Considerando, a documentação que consta nos autos do processo SEI nº 41210.003708/1987-59, referente a necessidade de retificação da declaração anterior de interesse social quanto a criação do então Projeto de Assentamento Tuerê, inerente a Portaria Incra nº 628, de 04 de agosto de 1987, com vistas à revisão de parte da área inicialmente prevista para criação de projeto de assentamento, conforme proposta apresentada pela Superintendência Regional do Incra no Sudeste do Pará, resolve:</p><p>Art. 1º Autorizar o Presidente do Incra a retificar a declaração anterior de interesse social quanto à criação do então Projeto de Assentamento - PA Tuerê, no município de Novo Repartimento, inerente a Portaria Incra nº 628, de 04 de agosto de 1987, no sentido de efetuar a subdivisão do atual PA Tuerê em: Projeto de Assentamento Tuerê, com área de 56.657,7639 (cinquenta e seis mil, seiscentos e cinquenta e sete hectares, setenta e seis ares e trinta e nove centiares); Projeto de Assentamento Tuerê II, com área de 80.324,0228 ha (oitenta mil, trezentos e vinte e quatro hectares, dois ares e vinte e oito centiares); e Projeto de Assentamento Tuerê III, com área de 3.487,3219 ha (três mil, quatrocentos e oitenta e sete hectares, trinta e dois ares e dezenove centiares), todos localizados no município de Novo Repartimento/PA, ficando mantidos os demais assentamentos criados em sobreposição ao PA Tuerê: PA Sunil, PA Carajás, PA Jordão, PA Monte das Oliveiras, PA Serra Azul II, PA Cachimbão e PA Rio Gelado.</p><p>Art. 2º Tornar sem efeito as Portarias Incra nºs 720, 721 e 722, de 12 de abril de 2022, proferidas no âmbito da Superintendência Regional do Incra no Sudeste do Pará.</p><p>Art. 3º Determinar a realização de supervisão ocupacional nos três projetos de assentamento derivados do PA Tuerê, e que se realizem as necessárias adequações no SIPRA no intuito de identificação das respectivas famílias que os integram, o apontamento da real capacidade de assentamento de cada um, e sejam adotadas as providências pertinentes junto ao Cartório de Registro de Imóveis para os ajustes necessários nas matrículas da Gleba Carajás e do PA Tuerê, com a abertura de matrículas específicas para cada projeto de assentamento derivado do PA Tuerê e para os demais projetos de assentamento preexistentes e anteriormente sobrepostos ao perímetro oficial do PA Tuerê.</p><p>Art. 4º Determinar a demarcação da área em referência no art. 1º, no sentido de revisar o quantitativo de todas as poligonais resultantes da redefinição do atual assentamento, verificando se os apontamentos estão condizentes com a atual base cartográfica.</p><p>Parágrafo único. Fica delegada ao Superintendente Regional do Incra junto à Superintendência Regional no Sudeste do Pará a competência para aprovar as retificações de poligonais decorrentes da revisão prevista, sob prévia autorização da Diretoria de Desenvolvimento e Consolidação de Projetos de Assentamento.</p><p>Art. 5º Esta Resolução entra em vigor na data de sua publicação.</p><p class="assina">GERALDO JOSÉ DA CÂMARA FERREIRA DE MELO FILHO</p><p class="cargo">Presidente do Conselho</p>]]></Texto>
  </body>
  <Midias />
</article></xml>