﻿<xml><article id="27698280" name="Portaria-3843-2022" idOficio="7353902" pubName="DO1" artType="Portaria" pubDate="25/08/2022" artClass="00047:00043:00001:00000:00000:00000:00000:00000:00000:00000:00054:00000" artCategory="Poder Judiciário/Tribunal Regional do Trabalho da 4ª Região/Presidência" artSize="12" artNotes="OK" numberPage="298" pdfPage="http://pesquisa.in.gov.br/imprensa/jsp/visualiza/index.jsp?data=25/08/2022&amp;jornal=515&amp;pagina=298" editionNumber="162" highlightType="" highlightPriority="" highlight="" highlightimage="" highlightimagename="" idMateria="14834184">
  <body>
    <Identifica><![CDATA[ PORTARIA nº 3.843, de 22 de agosto de 2022]]></Identifica>
    <Data><![CDATA[]]></Data>
    <Ementa />
    <Titulo />
    <SubTitulo />
    <Texto><![CDATA[<p class="identifica">PORTARIA nº 3.843, de 22 de agosto de 2022</p><p>O PRESIDENTE DO TRIBUNAL REGIONAL DO TRABALHO DA 4ª REGIÃO, no uso de suas atribuições, e considerando o que consta no PROAD nº 6374/2022, resolve:</p><p>Art. 1º. Extinguir a SECRETARIA DE APOIO ADMINISTRATIVO, vinculada à DIRETORIA-GERAL;</p><p>Art. 2º. Criar a SECRETARIA DE SERVIÇOS, vinculando-a à DIRETORIA-GERAL;</p><p>Art. 3º. Vincular a SECRETARIA DE SERVIÇOS 1 (um) cargo em comissão de DIRETOR DE SECRETARIA-CJ3, 1 (uma) função comissionada de ASSISTENTE-FC02 e 2 (duas) funções comissionadas de AUXILIAR ESPECIALIZADO-FC01, anteriormente vinculados a SECRETARIA DE APOIO ADMINISTRATIVO;</p><p>Art. 4º. Extinguir a SEÇÃO DE GESTÃO DE CONTRATOS E APOIO ADMINISTRATIVO, vinculada à SECRETARIA DE APOIO ADMINISTRATIVO;</p><p>Art. 5º. Criar a COORDENADORIA DE FISCALIZAÇÃO ADMINISTRATIVA DE SERVIÇOS TERCEIRIZADOS, vinculando-a à SECRETARIA DE SERVIÇOS;</p><p>Art. 6º. Transformar parte do saldo orçamentário proveniente da opção do servidor pela retribuição do cargo efetivo (Resolução CSJT nº 335/2022) em 1 (um) cargo em comissão de COORDENADOR-CJ2, vinculando-o à COORDENADORIA DE FISCALIZAÇÃO ADMINISTRATIVA DE SERVIÇOS TERCEIRIZADOS;</p><p>Art. 7º. Extinguir a função comissionada de ASSISTENTE-CHEFE DE SEÇÃO-FC05 vinculada a SEÇÃO DE GESTÃO DE CONTRATOS E APOIO ADMINISTRATIVO;</p><p>Art. 8º. Vincular à COORDENADORIA DE FISCALIZAÇÃO ADMINISTRATIVA DE SERVIÇOS TERCEIRIZADOS 1 (uma) função comissionada de AUXILIAR ESPECIALIZADO-FC01, anteriormente vinculada à SEÇÃO DE GESTÃO DE CONTRATOS E APOIO ADMINISTRATIVO;</p><p>Art. 9º. Extinguir a SEÇÃO DE LIMPEZA E CONSERVAÇÃO, vinculada a SECRETARIA DE APOIO ADMINISTRATIVO;</p><p>Art. 10. Criar a SEÇÃO DE FISCALIZAÇÃO TÉCNICA DE LIMPEZA, vinculando-a à COORDENADORIA DE FISCALIZAÇÃO ADMINISTRATIVA DE SERVIÇOS TERCEIRIZADOS;</p><p>Art. 11. Vincular à SEÇÃO DE FISCALIZAÇÃO TÉCNICA DE LIMPEZA 1 (uma) função comissionada de ASSISTENTE-FC02 e 1 (uma) função comissionada de ASSISTENTE-CHEFE DE SEÇÃO-FC04, anteriormente vinculadas à SEÇÃO DE LIMPEZA E CONSERVAÇÃO;</p><p>Art. 12. Extinguir a SEÇÃO DE ZELADORIA E PORTARIA, vinculada a SECRETARIA DE APOIO ADMINISTRATIVO;</p><p>Art. 13. Criar a SEÇÃO DE ZELADORIA DO COMPLEXO SEDE, vinculando-a à COORDENADORIA DE FISCALIZAÇÃO ADMINISTRATIVA DE SERVIÇOS;</p><p>Art. 14. Vincular à SEÇÃO DE ZELADORIA DO COMPLEXO SEDE 1 (uma) função comissionada de ASSISTENTE-FC02 e 1 (uma) função comissionada de ASSISTENTE-CHEFE DE SEÇÃO-FC04, anteriormente vinculadas à SEÇÃO DE ZELADORIA E PORTARIA;</p><p>Art. 15. Alterar a vinculação da SEÇÃO DE TELEFONIA da SECRETARIA DE APOIO ADMINISTRATIVO para a COORDENADORIA DE FISCALIZAÇÃO ADMINISTRATIVA DE SERVIÇOS TERCEIRIZADOS;</p><p>Art. 16. Extinguir a SEÇÃO DE EXPEDIÇÃO, vinculada a SECRETARIA DE APOIO ADMINISTRATIVO;</p><p>Art. 17. Criar a SEÇÃO DE CORRESPONDÊNCIAS E MALOTES, vinculando-a à COORDENADORIA DE FISCALIZAÇÃO ADMINISTRATIVA DE SERVIÇOS TERCEIRIZADOS;</p><p>Art. 18. Vincular à SEÇÃO DE CORRESPONDÊNCIAS E MALOTES 1 (uma) função comissionada de ASSISTENTE-CHEFE DE SEÇÃO-FC04, anteriormente vinculadas à SEÇÃO DE EXPEDIÇÃO;</p><p>Art. 19 Esta Portaria entrará em vigor na data de sua publicação.</p><p class="assina">FRANCISCO ROSSAL DE ARAÚJO</p>]]></Texto>
  </body>
  <Midias />
</article></xml>