﻿<xml><article id="27693168" name="007consulta pAblica CENTRO DE AP" idOficio="7352978" pubName="DO1" artType="Consulta Pública" pubDate="25/08/2022" artClass="00026:00001:00000:00000:00000:00000:00000:00000:00000:00000:00017:00001" artCategory="Ministério da Saúde/Gabinete do Ministro" artSize="12" artNotes="" numberPage="262" pdfPage="http://pesquisa.in.gov.br/imprensa/jsp/visualiza/index.jsp?data=25/08/2022&amp;jornal=515&amp;pagina=262" editionNumber="162" highlightType="" highlightPriority="" highlight="" highlightimage="" highlightimagename="" idMateria="14833161">
  <body>
    <Identifica><![CDATA[ CONSULTA PÚBLICA Nº 7, DE 23 DE AGOSTO DE 2022]]></Identifica>
    <Data><![CDATA[]]></Data>
    <Ementa />
    <Titulo />
    <SubTitulo />
    <Texto><![CDATA[<p class="identifica">CONSULTA PÚBLICA Nº 7, DE 23 DE AGOSTO DE 2022</p><p>O MINISTRO DE ESTADO DA SAÚDE torna pública, nos termos do artigo 26 da Lei nº 12.101, de 27 de novembro de 2009, do artigo 14, § 4º, do Decreto nº 8.242, de 23 de maio de 2014, e do artigo 203 da Portaria de Consolidação nº 1/GM/MS, de 28 de setembro de 2017, consulta para manifestação da sociedade civil a respeito do recurso administrativo, em trâmite nos autos do Processo nº 25000.141516/2020-96, interposto pelo CENTRO DE APOIO E RECUPERAÇÃO AOS PORTADORES DO VÍRUS DO HIV/SP, CNPJ nº 04.608.077/0001-08, contra a decisão de indeferimento do pedido de Concessão do Certificado de Entidade Beneficente de Assistência Social em Saúde (CEBAS) da ora recorrente, por não ter atendido aos requisitos constantes da Lei nº 12.101, de 27 de novembro de 2009, suas alterações e demais legislações pertinentes.</p><p>Fica estabelecido o prazo de 15 (quinze) dias, a contar da data de publicação desta Consulta Pública, para que sejam apresentadas contribuições, devidamente fundamentadas, por meio do endereço eletrônico www.saude.gov.br/cebas-saude.</p><p>O Departamento de Certificação de Entidades Beneficentes de Assistência Social em Saúde, da Secretaria de Atenção Especializada à Saúde, deste Ministério (DCEBAS/SAES/MS), avaliará as contribuições apresentadas a respeito da matéria.</p><p class="assina">MARCELO ANTÔNIO CARTAXO QUEIROGA LOPES</p>]]></Texto>
  </body>
  <Midias />
</article></xml>