﻿<xml><article id="27700221" name="DECISAO SUPAS N 815" idOficio="7354297" pubName="DO1" artType="Decisão" pubDate="25/08/2022" artClass="00019:00036:00022:00000:00000:00000:00000:00000:00000:00000:00018:00002" artCategory="Ministério da Infraestrutura/Agência Nacional de Transportes Terrestres/Superintendência de Serviços de Transporte Rodoviário de Passageiros" artSize="12" artNotes="" numberPage="244" pdfPage="http://pesquisa.in.gov.br/imprensa/jsp/visualiza/index.jsp?data=25/08/2022&amp;jornal=515&amp;pagina=244" editionNumber="162" highlightType="" highlightPriority="" highlight="" highlightimage="" highlightimagename="" idMateria="14834687">
  <body>
    <Identifica><![CDATA[ DECISÃO SUPAS Nº 815, DE 24 DE AGOSTO DE 2022]]></Identifica>
    <Data><![CDATA[]]></Data>
    <Ementa />
    <Titulo />
    <SubTitulo />
    <Texto><![CDATA[<p class="identifica">DECISÃO SUPAS Nº 815, DE 24 DE AGOSTO DE 2022</p><p>A Superintendente de Serviços de Transporte Rodoviário de Passageiros da Agência Nacional de Transportes Terrestres - ANTT, no uso de suas atribuições, em conformidade com o inciso III do art. 29 e o inciso VIII do art. 105, ambos do Anexo da Resolução nº 5.976, de 7 de abril de 2022;</p><p>CONSIDERANDO o disposto no art. 42 da Resolução nº 5.285, de 9 de fevereiro de 2017, que dispõe sobre o esquema operacional de serviço e as regras para modificação da prestação do serviço regular de transporte rodoviário coletivo interestadual e internacional de passageiros, sob o regime de autorização;</p><p>CONSIDERANDO que os mercados objeto do pleito de operação simultânea constam da Licença Operacional - LOP de nº 83; e</p><p>CONSIDERANDO o que consta no processo administrativo nº 50500.143829/2022-57, decide:</p><p>Art. 1º Deferir o pedido da NORDESTE TRANSPORTES LTDA., CNPJ nº 76.299.270/0001-07, para realizar operação simultânea das linhas interestaduais MARINGÁ (PR) - FLORIANÓPOLIS (SC), prefixo nº 09-0543-00, e JOINVILLE (SC) - PORTO ALEGRE (RS), prefixo nº 16-0205-30, no trecho de JOINVILLE (SC) para FLORIANÓPOLIS (SC).</p><p>Art. 2º Esta Decisão entra em vigor 10 (dez) dias após a data de sua publicação.</p><p class="assina">MARINA SOARES ALMEIDA</p><p></p>]]></Texto>
  </body>
  <Midias />
</article></xml>