﻿<xml><article id="27705195" name="Res_Desp_2.332 a 2.335_2022_SFG(" idOficio="7355225" pubName="DO1" artType="Despacho" pubDate="25/08/2022" artClass="00023:00029:00033:00000:00000:00000:00000:00000:00000:00000:00024:00002" artCategory="Ministério de Minas e Energia/Agência Nacional de Energia Elétrica/Superintendência de Fiscalização dos Serviços de Geração" artSize="12" artNotes="" numberPage="258" pdfPage="http://pesquisa.in.gov.br/imprensa/jsp/visualiza/index.jsp?data=25/08/2022&amp;jornal=515&amp;pagina=258" editionNumber="162" highlightType="" highlightPriority="" highlight="" highlightimage="" highlightimagename="" idMateria="14836142">
  <body>
    <Identifica><![CDATA[ DESPACHOS DE 24 DE AGOSTO DE 2022]]></Identifica>
    <Data><![CDATA[]]></Data>
    <Ementa />
    <Titulo />
    <SubTitulo />
    <Texto><![CDATA[<p class="identifica">DESPACHOS DE 24 DE AGOSTO DE 2022</p><p>Decisão: Liberar as unidades geradoras para início de operação a partir de 25 de agosto de 2022.</p><p>Nº 2.332 - Processo nº: 48500.000672/2020-62. Interessados: Oitis 8 Energia Renovável S.A. Modalidade: Operação em teste. Usina: EOL Oitis 8. Unidades Geradoras: UG4, de 5.500,00 kW. Localização: Município de Dom Inocêncio, no estado do Piauí.</p><p>Nº 2.333 - Processo nº: 48500.001905/2015-87. Interessados: Centrais Eólicas Sabiu S.A. Modalidade: Operação comercial. Usina: EOL Sabiu. Unidades Geradoras: UG1 a UG5, de 2.700,00 kW cada. Localização: Município de Caetité, no estado da Bahia.</p><p>Nº 2.334 - Processo nº: 48500.001510/2015-84. Interessados: Centrais Eólicas Umbuzeiro S.A. Modalidade: Operação comercial. Usina: EOL Umbuzeiro. Unidades Geradoras: UG1 a UG7, de 2.700,00 kW cada. Localização: Município de Igaporã, no estado da Bahia.</p><p>Nº 2.335 - Processo nº: 48500.001902/2015-43. Interessados: Centrais Eólicas Manineiro S.A. Modalidade: Operação comercial. Usina: EOL Manineiro. Unidades Geradoras: UG1 a UG4, de 2.700,00 kW cada. Localização: Município de Caetité, no estado da Bahia.</p><p>As íntegras destes Despachos constam dos autos e estarão disponíveis em biblioteca.aneel.gov.br.</p><p class="assina">GENTIL NOGUEIRA DE SÁ JÚNIOR</p><p></p>]]></Texto>
  </body>
  <Midias />
</article></xml>