﻿<xml><article id="27701228" name="DOU1-PGR-PGR-1-PT-655-UNI-PGR-00" idOficio="7354524" pubName="DO1" artType="Portaria" pubDate="25/08/2022" artClass="00043:00002:00000:00000:00000:00000:00000:00000:00000:00000:00054:00000" artCategory="Ministério Público da União/Atos do Procurador-Geral da República" artSize="12" artNotes="" numberPage="291" pdfPage="http://pesquisa.in.gov.br/imprensa/jsp/visualiza/index.jsp?data=25/08/2022&amp;jornal=515&amp;pagina=291" editionNumber="162" highlightType="" highlightPriority="" highlight="" highlightimage="" highlightimagename="" idMateria="14834961">
  <body>
    <Identifica><![CDATA[ PORTARIA PGR/MPF Nº 655, DE 23 DE AGOSTO DE 2022]]></Identifica>
    <Data><![CDATA[]]></Data>
    <Ementa><![CDATA[ Dispõe sobre a alocação de 10 (dez) ofícios especiais dos juizados especiais federais e custos legis distribuídos nos termos do art. 1º, § 3º, da Portaria PGR/MPF nº 176, de 22 de março de 2022 (na redação dada pela Portaria PGR/MPF nº 514, de 7 de julho de 2022), para atuarem junto às seções e subseções judiciárias vinculadas ao Tribunal Regional Federal da 5ª Região, e dá outras providências.]]></Ementa>
    <Titulo />
    <SubTitulo />
    <Texto><![CDATA[<p class="identifica">PORTARIA PGR/MPF Nº 655, DE 23 DE AGOSTO DE 2022</p><p class="ementa">Dispõe sobre a alocação de 10 (dez) ofícios especiais dos juizados especiais federais e custos legis distribuídos nos termos do art. 1º, § 3º, da Portaria PGR/MPF nº 176, de 22 de março de 2022 (na redação dada pela Portaria PGR/MPF nº 514, de 7 de julho de 2022), para atuarem junto às seções e subseções judiciárias vinculadas ao Tribunal Regional Federal da 5ª Região, e dá outras providências.</p><p>O PROCURADOR-GERAL DA REPÚBLICA, no uso das competências conferidas pelos arts. 49, incisos VI, XX e XXIII, 81, 82 e 276 da Lei Complementar nº 75, de 20 de maio de 1993, considerando o disposto no art. 6º do Ato Conjunto PGR/CASMPU nº 1, de 2014, e na Portaria PGR/MPF nº 176, de 22 de março de 2022, com a redação dada pela Portaria PGR/MPF nº 514, de 7 de julho de 2022, e tendo em vista a decisão do Conselho Superior do Ministério Público Federal nos autos do PGEA nº 1.00.000.009160/2021-00, bem como o que consta no expediente PGR-00243550/2022 e naqueles que lhe são referenciados, resolve:</p><p>Art. 1º Ficam acrescidos ao grupo de ofícios especiais dos juizados especiais federais e custos legis (ofícios especiais JEF/CL) para atuação junto às seções e subseções judiciárias vinculadas ao Tribunal Regional Federal da 5ª Região os seguintes ofícios, distribuídos por meio do art. 1º, § 3º, da Portaria nº 176, de 2022 (redação dada pela Portaria PGR/MPF nº 514, de 2022):</p><p>I - 3 (três) ofícios especiais JEF/CL titularizados por Procuradores Regionais da República;</p><p>II - 7 (sete) ofícios especiais JEF/CL titularizados por Procuradores da República.</p><p>Art. 2º Os ofícios especiais JEF/CL de que trata o art. 1º serão providos pelo Procurador-Geral da República por designação com vigência até 15 de maio de 2023.</p><p>Art. 3º. As atribuições materiais e territoriais dos ofícios especiais JEF/CL de que trata o art. 1º serão objeto de proposta enviada pelo Procurador-Geral da República ao Conselho Superior do Ministério Público Federal, nos termos do art. 49, inciso VI, e 57, inciso I, alínea "d", da Lei Complementar nº 75, de 1993.</p><p>Art. 4º. Aplica-se aos ofícios especiais JEF/CL de que trata o art. 1º, no que for cabível, o disposto nas Portarias PGR/MPF nº 176, de 2022, e nº 264, de 25 de abril de 2022.</p><p>Art. 5º Esta Portaria entra em vigor na data de sua publicação.</p><p class="assina">ANTÔNIO AUGUSTO BRANDÃO DE ARAS</p>]]></Texto>
  </body>
  <Midias />
</article></xml>