﻿<xml><article id="27708788" name="Ato11766a11767" idOficio="7355862" pubName="DO1" artType="Ato" pubDate="25/08/2022" artClass="00012:00014:00016:00057:00000:00000:00000:00000:00000:00000:00006:00003" artCategory="Ministério das Comunicações/Agência Nacional de Telecomunicações/Superintendência de Outorga e Recursos à Prestação/Gerência de Outorga e Licenciamento de Estações" artSize="12" artNotes="" numberPage="27" pdfPage="http://pesquisa.in.gov.br/imprensa/jsp/visualiza/index.jsp?data=25/08/2022&amp;jornal=515&amp;pagina=27" editionNumber="162" highlightType="" highlightPriority="" highlight="" highlightimage="" highlightimagename="" idMateria="14837031">
  <body>
    <Identifica><![CDATA[ ATOS DE 16 DE AGOSTO DE 2022]]></Identifica>
    <Data><![CDATA[]]></Data>
    <Ementa />
    <Titulo />
    <SubTitulo />
    <Texto><![CDATA[<p class="identifica">ATOS DE 16 DE AGOSTO DE 2022</p><p>Nº 11.766 - Processo nº 53500.294999/2022-97.</p><p>Outorga Autorização de Uso de Radiofrequência à Rede Brasileira de Radio e Televisao Ltda, CNPJ 02.342.967/0001-87, executante do Serviço de Radiodifusão Sonora em Onda Média, na localidade de Ouro Preto do Oeste/RO.</p><p>Nº 11.767 - Processo nº 53500.295274/2022-16.</p><p>Outorga Autorização de Uso de Radiofrequência à TV IMPERADOR LTDA, CNPJ 46.721.148/0001-16, executante do Serviço de Retransmissão de Radiodifusão de Sons e Imagens - Digital, na localidade de Matão/SP.</p><p class="assina">Renato Sales Bizerra Aguiar</p><p class="cargo">Gerente</p>]]></Texto>
  </body>
  <Midias />
</article></xml>