﻿<xml><article id="27693120" name="3328 PORTARIA Altera a Portaria " idOficio="7352953" pubName="DO1" artType="Portaria" pubDate="25/08/2022" artClass="00026:00001:00000:00000:00000:00000:00000:00000:00000:00000:00017:00005" artCategory="Ministério da Saúde/Gabinete do Ministro" artSize="12" artNotes="" numberPage="263" pdfPage="http://pesquisa.in.gov.br/imprensa/jsp/visualiza/index.jsp?data=25/08/2022&amp;jornal=515&amp;pagina=263" editionNumber="162" highlightType="" highlightPriority="" highlight="" highlightimage="" highlightimagename="" idMateria="14833188">
  <body>
    <Identifica><![CDATA[ PORTARIA GM/MS Nº 3.328, DE 22 DE AGOSTO DE 2022]]></Identifica>
    <Data><![CDATA[]]></Data>
    <Ementa><![CDATA[ Altera a Portaria de Consolidação GM/MS nº 4, de 28 de setembro de 2017, para dispor sobre a obrigatoriedade de notificação ao Ministério da Saúde de todos os resultados de testes diagnóstico para detecção do Monkeypox Vírus realizados por laboratórios da rede pública, rede privada, universitários e quaisquer outros, em todo o território nacional.]]></Ementa>
    <Titulo />
    <SubTitulo />
    <Texto><![CDATA[<p class="identifica">PORTARIA GM/MS Nº 3.328, DE 22 DE AGOSTO DE 2022</p><p class="ementa">Altera a Portaria de Consolidação GM/MS nº 4, de 28 de setembro de 2017, para dispor sobre a obrigatoriedade de notificação ao Ministério da Saúde de todos os resultados de testes diagnóstico para detecção do Monkeypox Vírus realizados por laboratórios da rede pública, rede privada, universitários e quaisquer outros, em todo o território nacional.</p><p>O MINISTRO DE ESTADO DA SAÚDE, no uso das atribuições que lhe conferem os incisos I e II do parágrafo único do art. 87 da Constituição, resolve:</p><p>Art. 1º O Anexo V à Portaria de Consolidação GM/MS nº 4, de 28 de setembro de 2017, passa a vigorar com as seguintes alterações:</p><p>"Art. 22. Este Capítulo dispõe sobre a obrigatoriedade de notificação ao Ministério da Saúde de todos os resultados de testes diagnóstico para detecção da covid-19 e do Monkeypox Vírus, realizados por laboratórios da rede pública, rede privada, universitários e quaisquer outros, em todo o território nacional." (NR)</p><p>Art. 2º As instituições terão o prazo máximo de 30 dias para integrar os dados referentes ao Monkeypox Virus à Rede Nacional de Dados em Saúde - RNDS, nos termos dos arts. 22 e ss. do Capítulo IV do Anexo V à Portaria de Consolidação GM/MS nº 4, de 2017.</p><p>Art. 3º Esta Portaria entra em vigor na data de sua publicação.</p><p class="assina">MARCELO ANTÔNIO CARTAXO QUEIROGA LOPES</p>]]></Texto>
  </body>
  <Midias />
</article></xml>