﻿<xml><article id="27703669" name="resolucao_2770_ 2022 COAFE" idOficio="7354933" pubName="DO1" artType="Resolução" pubDate="25/08/2022" artClass="00026:00034:00016:00006:00002:00000:00000:00000:00000:00000:00064:32770" artCategory="Ministério da Saúde/Agência Nacional de Vigilância Sanitária/4ª Diretoria/Gerência-Geral de Inspeção e Fiscalização Sanitária/Coordenação de Autorização de Funcionamento de Empresas" artSize="12" artNotes="" numberPage="271" pdfPage="http://pesquisa.in.gov.br/imprensa/jsp/visualiza/index.jsp?data=25/08/2022&amp;jornal=515&amp;pagina=271" editionNumber="162" highlightType="" highlightPriority="" highlight="" highlightimage="" highlightimagename="" idMateria="14835547">
  <body>
    <Identifica><![CDATA[ RESOLUÇÃO-RE Nº 2.770, DE 24 DE AGOSTO DE 2022]]></Identifica>
    <Data><![CDATA[]]></Data>
    <Ementa />
    <Titulo />
    <SubTitulo />
    <Texto><![CDATA[<p class="identifica">RESOLUÇÃO-RE Nº 2.770, DE 24 DE AGOSTO DE 2022</p><p>O Coordenador de Autorização de Funcionamento de Empresas, no uso das atribuições que lhe confere o art. 144, aliado ao art. 203, I, §1° do Regimento Interno aprovado pela Resolução de Diretoria Colegiada - RDC n° 585, de 10 de dezembro de 2021, resolve:</p><p>Art. 1º. Alterar Autorização Especial para Empresas de Medicamentos e de Insumos Farmacêuticos, constantes no anexo desta Resolução, de acordo com a Portaria n°. 344, de 12 de maio de 1998 e suas atualizações, observando-se as proibições e restrições estabelecidas.</p><p>Art. 2º Esta Resolução entra em vigor na data de sua publicação.</p><p class="assina">DANIEL MARCOS PEREIRA DOURADO</p><p class="anexo">ANEXO</p><p>STRALOG - SOLUCOES EM LOGISTICA LTDA - EPP / 07.455.240/0001-20</p><p>25351.593299/2019-01 / 1195443</p><p>70808 - AE - ALTERAÇÃO - AMPLIAÇÃO DE ATIVIDADE / 4331655229</p><p>MAPEMI BRASIL MATERIAIS MÉDICOS E ODONTOLÓGICOS LTDA / 84.487.131/0006-40</p><p>25351.352249/2020-09 / 1238267</p><p>70804 - AE - ALTERAÇÃO - ENDEREÇO / 4447095220</p><p>HUNTER TRANSPORTES E LOGISTICA LTDA / 15.437.790/0001-44</p><p>25351.330800/2019-11 / 1189497</p><p>70808 - AE - ALTERAÇÃO - AMPLIAÇÃO DE ATIVIDADE / 4455414223</p><p>ÉDIGE COMÉRCIO DE PRODUTOS PARA SAÚDE LTDA / 26.030.026/0001-76</p><p>25351.010529/2021-15 / 1260566</p><p>70804 - AE - ALTERAÇÃO - ENDEREÇO / 4464740227</p><p>BS MEDICAL DISTRIBUIDORA MEDICO HOSPITALAR LTDA / 32.817.577/0001-87</p><p>25351.667831/2019-25 / 1198419</p><p>70803 - AE - ALTERAÇÃO - RAZÃO SOCIAL / 4506885228</p><p>DROGAMED DISTRIBUIDORA DE MEDICAMENTOS EIRELI / 18.739.858/0001-38</p><p>25351.732362/2013-32 / 1236113</p><p>70804 - AE - ALTERAÇÃO - ENDEREÇO / 4506406222</p><p>FL Brasil Holding, Logística e Transporte Ltda / 18.233.211/0061-70</p><p>25351.953289/2021-45 / 1250297</p><p>70804 - AE - ALTERAÇÃO - ENDEREÇO / 4455649221</p><p>LANZA PHARMA LTDA - EPP / 04.534.393/0001-74</p><p>25351.554328/2015-75 / 1145931</p><p>70804 - AE - ALTERAÇÃO - ENDEREÇO / 4506361229</p><p>FAST MED DISTRIBUIDORA DE PRODUTOS HOSPITALARES LTDA / 34.895.127/0001-38</p><p>25351.306493/2020-91 / 1237811</p><p>70804 - AE - ALTERAÇÃO - ENDEREÇO / 4455300228</p><p>DALA TRANSPORTES LTDA - ME / 14.953.799/0001-45</p><p>25351.806404/2016-91 / 1150437</p><p>70804 - AE - ALTERAÇÃO - ENDEREÇO / 4447951223</p><p>LEPUGE INSUMOS FARMACEUTICOS LTDA / 57.884.835/0001-79</p><p>25000.001218/91-96 / 1202632</p><p>70804 - AE - ALTERAÇÃO - ENDEREÇO / 4419916222</p>]]></Texto>
  </body>
  <Midias />
</article></xml>