﻿<xml><article id="27706001" name="488 - Portaria de Aprovacao - Se" idOficio="7355366" pubName="DO1" artType="Portaria" pubDate="25/08/2022" artClass="00028:00012:00028:00000:00000:00000:00000:00000:00000:00000:00054:00001" artCategory="Ministério do Turismo/Secretaria Especial de Cultura/Secretaria Nacional de Fomento e Incentivo à Cultura" artSize="12" artNotes="" numberPage="284" pdfPage="http://pesquisa.in.gov.br/imprensa/jsp/visualiza/index.jsp?data=25/08/2022&amp;jornal=515&amp;pagina=284" editionNumber="162" highlightType="" highlightPriority="" highlight="" highlightimage="" highlightimagename="" idMateria="14836295">
  <body>
    <Identifica><![CDATA[ PORTARIA Nº 488, DE 24 DE AGOSTO DE 2022]]></Identifica>
    <Data><![CDATA[]]></Data>
    <Ementa />
    <Titulo />
    <SubTitulo />
    <Texto><![CDATA[<p class="identifica">PORTARIA Nº 488, DE 24 DE AGOSTO DE 2022</p><p>O SECRETÁRIO NACIONAL DE FOMENTO E INCENTIVO À CULTURA, no uso de suas atribuições legais, que lhe confere a Portaria nº 303, de 31 de março de 2022 e a Portaria SECULT/MTUR n. 41, de 4 de outubro de 2021, resolve:</p><p>Art. 1.º - Homologar os projetos culturais relacionados nos anexos desta portaria, que após terem atendido aos requisitos de admissibilidade estabelecidos pela Lei nº 8.313/91, Decreto nº 10.755/2021 e a Instrução Normativa vigente, passam a fase de obtenção de doações e patrocínios.</p><p>Art. 2.º - Esta portaria entra em vigor na data de sua publicação.</p><p class="assina">LUCAS JORDÃO CUNHA</p><p>ANEXO I</p><p>ÁREA: 1 ARTES CÊNICAS (Artigo 18 , § 1º )</p><p>220721 - ?O que é, o que é?? Cultura popular e os contos de adivinhação!?</p><p>Associação Cultural mais Cultura</p><p>CNPJ/CPF: 13.237.324/0001-90</p><p>Processo: 01400000721202293</p><p>Cidade: Pinhalzinho - SC;</p><p>Valor Aprovado: R$ 177.495,60</p><p>Prazo de Captação: 25/08/2022 à 31/12/2022</p><p>Resumo do Projeto: "O que é, o que é?" Cultura popular e os contos de adivinhação!" é uma proposta que tem a finalidade de circular um espetáculo de teatro para o público infantil apresentando um passeio pelos contos populares de adivinhação e pela cultura do nosso povo, sua rica sabedoria, seus modos de dizer e viver a vida. Assim, o projeto prevê a circulação de apresentações teatrais em municípios da região oeste catarinense, acompanhadas de contrapartidas sociais que serão realizadas com professores e estudantes da rede pública.</p><p>220734 - A Estrela de Natal</p><p>Adriana Frederico de Oliveira</p><p>CNPJ/CPF: 310.466.538-90</p><p>Processo: 01400000734202262</p><p>Cidade: Ourinhos - SP;</p><p>Valor Aprovado: R$ 714.007,11</p><p>Prazo de Captação: 25/08/2022 à 31/12/2022</p><p>Resumo do Projeto: O Espetáculo "A Estrela de Natal", visa através das artes cênicas-dança, mostrar um espetáculo de altíssimo nível, totalmente gratuito, a toda população de Ourinhos e região.</p><p>220720 - CARAVANA DE NATAL 2022</p><p>CPM PRODUCOES CULTURAIS LTDA</p><p>CNPJ/CPF: 08.048.087/0001-89</p><p>Processo: 01400000720202249</p><p>Cidade: São Sepé - RS;</p><p>Valor Aprovado: R$ 184.339,39</p><p>Prazo de Captação: 25/08/2022 à 23/12/2022</p><p>Resumo do Projeto: O projeto Caravana de Natal 2022 tem por finalidade despertar o encantamento do Natal com Desfile Cênico Natalino em uma cidade e o Trenzinho de Natal, com atores caracterizados de duendes e Papai Noel, percorrendo bairros de duas cidades gaúchas.</p><p>220756 - Carmim</p><p>José Roger Soares de Mello</p><p>CNPJ/CPF: 368.869.631-04</p><p>Processo: 01400000756202222</p><p>Cidade: Rio de Janeiro - RJ;</p><p>Valor Aprovado: R$ 754.087,98</p><p>Prazo de Captação: 25/08/2022 à 31/12/2022</p><p>Resumo do Projeto: Montagem e apresentações, com suporte de intérprete de LIBRAS e audiodescrição, do espetáculo musical Carmim, escrito e dirigido por Roger Mello, baseado na vida e obra de Lamartine Babo. A equipe criativa também oferecerá oficina para estudantes e professores.</p><p>220726 - PLANO ANUAL AGENDA CULTURAL 2023</p><p>Instituto Oswaldo Ribeiro de Mendonça</p><p>CNPJ/CPF: 07.602.959/0001-46</p><p>Processo: 01400000726202216</p><p>Cidade: Guaíra - SP;</p><p>Valor Aprovado: R$ 4.913.715,93</p><p>Prazo de Captação: 25/08/2022 à 31/12/2022</p><p>Resumo do Projeto: O Plano Anual objetiva a manutenção e continuidade das ações formativas culturais, promovidas pelo Instituto ORM(em acordo com o art. 24, do Decreto nº 10.755). A agenda da instituição prevê a oferta de CURSOS/OFICINAS permanentes e gratuitas direcionadas ao público infanto-juvenil em diversas áreas, sendo a principal delas as artes cênicas. Estão previstas oficinas nas áreas da dança, música, literatura, audiovisual e formação artística cultural, além de AÇÕES DE AMPLIAÇÃO DO ACESSO.</p><p>220747 - Por um Mundo de Virtudes 2023</p><p>Embaixadores da Prevenção - EP</p><p>CNPJ/CPF: 14.703.545/0001-79</p><p>Processo: 01400000747202231</p><p>Cidade: Campinas - SP;</p><p>Valor Aprovado: R$ 496.210,00</p><p>Prazo de Captação: 25/08/2022 à 31/12/2022</p><p>Resumo do Projeto: Desenvolvimento de novo ciclo do projeto "Por um Mundo de Virtudes" com apresentações cênicas em novas instituições para incentivar a leitura, estimular a imaginação e a criatividade, propondo a reflexão e aplicação prática do conceito das virtudes humanas no cotidiano dos participantes. Todas as atividades serão gratuitas.</p><p>220718 - Projeto teatro para todos 2022/2023</p><p>GRUPO ARGUMENTO</p><p>CNPJ/CPF: 08.596.826/0001-77</p><p>Processo: 01400000718202270</p><p>Cidade: Ipatinga - MG;</p><p>Valor Aprovado: R$ 398.704,71</p><p>Prazo de Captação: 25/08/2022 à 31/12/2022</p><p>Resumo do Projeto: Realizar 52 apresentações de espetáculos infantis de repertório do Grupo Argumento, como: Dona Baratinha, Os Mambembes, Bribrincando - uma aventura e Show da Lívia. Serão realizadas, ainda, 01 Palestra de "produção teatral" por cidade.</p><p>220655 - Trânsito do bem e o apito mágico</p><p>ANA CLAUDIA MARTINS DE FIGUEIREDO 24751781839</p><p>CNPJ/CPF: 23.426.890/0001-01</p><p>Processo: 01400000655202251</p><p>Cidade: Fortaleza - CE;</p><p>Valor Aprovado: R$ 499.963,59</p><p>Prazo de Captação: 25/08/2022 à 31/12/2022</p><p>Resumo do Projeto: O projeto realizará a criação, produção e circulação da peça teatral infantil "Trânsito do bem e o apito mágico", que por meio da cultura conscientizará crianças sobre os cuidados que devem adotar quando estão no trânsito, com apresentações teatrais inteiramente gratuitas e de classificação livre, abertas ao público em geral, em escolas da rede pública, instituições sem fins lucrativos e/ou centros culturais, beneficiando o público em geral, principalmente crianças, por meio da interação deles com a cultura e com a linguagem artística do teatro.</p><p>ÁREA: 3 MÚSICA (Artigo 18 , § 1º )</p><p>220753 - 11° Festival de Musica Erudita do ES</p><p>Tarcisio Nogueira Santório</p><p>CNPJ/CPF: 18.023.717/0001-14</p><p>Processo: 01400000753202299</p><p>Cidade: Vitória - ES;</p><p>Valor Aprovado: R$ 3.999.796,00</p><p>Prazo de Captação: 25/08/2022 à 31/12/2022</p><p>Resumo do Projeto: O Festival de Musica Erudita - Edição Temática, consiste na produção de apresentações de música de concerto e ópera. Criado desde 2013, o festival é continuo e tem como contrapartida social o projeto: Instalações. O projeto encerrará com um concerto temático (Natal de Encantos), gratuito e em praça pública.</p><p>220741 - Banda estudantil de Macatuba - Arte e Vida</p><p>GUILHERME HENRIQUE DOMINGUETE</p><p>CNPJ/CPF: 464.894.628-69</p><p>Processo: 01400000741202264</p><p>Cidade: Lençóis Paulista - SP;</p><p>Valor Aprovado: R$ 199.998,47</p><p>Prazo de Captação: 25/08/2022 à 31/12/2022</p><p>Resumo do Projeto: O projeto Banda de Macatuba, durante o período de 08 meses, implantará os costumes musicais e artísticos, através da criação de uma banda e, pela disponibilização de aulas gratuitas de música (288h) e dança rítmica (96h) para jovens em espaços culturais. Além disso, de forma a democratizar o acesso a essas artes, o projeto também realizará 03 apresentações gratuitas em cidades dos arredores.</p><p>220745 - Corredor Cultural Entre Jacubas e Mocotós</p><p>Holofote Cultural Ltda</p><p>CNPJ/CPF: 16.638.269/0001-38</p><p>Processo: 01400000745202242</p><p>Cidade: Itabirito - MG;</p><p>Valor Aprovado: R$ 484.332,75</p><p>Prazo de Captação: 25/08/2022 à 31/12/2022</p><p>Resumo do Projeto: O "Corredor Cultural - Entre Jacubas e Mocotós" ocupa as ruas do centro histórico de Ouro Preto aos domingos entre os meses de maio e setembro. As ruas serão interditadas entre 9 e 20h, para trânsito de veículos e estacionamento, para dar espaço para música ao vivo, gastronomia, artesanato e artistas de rua. Serão 13 (treze) domingos no total, tendo em cada domingo a apresentação de: um grupo de música instrumental; um grupo teatral; uma corporação musical tradicional da região; e, uma intervenção circense fazendo cortejo pelas ruas. Como contrapartida social, serão realizadas 5 (cinco) palestras em distritos de Ouro Preto.</p><p>220737 - Deutsche Chorlieder (Canções de Coral Alemãs)</p><p>Helmuth Alfonso Kirinus</p><p>CNPJ/CPF: 025.128.359-36</p><p>Processo: 01400000737202204</p><p>Cidade: Itapoá - SC;</p><p>Valor Aprovado: R$ 195.657,00</p><p>Prazo de Captação: 25/08/2022 à 31/12/2022</p><p>Resumo do Projeto: Este projeto visa realizar aulas de técnica vocal e ensaios gratuitas contemplando também apresentações musicais gratuitas nos idiomas alemão e português.</p><p>220719 - Eu abraço a Inclusão na Musicalização</p><p>CENTRO DE CONVIVENCIA INFANCIA-JUVENTUDE THOMAZ GOUVEIA NETTO</p><p>CNPJ/CPF: 05.099.062/0001-16</p><p>Processo: 01400000719202214</p><p>Cidade: São Paulo - SP;</p><p>Valor Aprovado: R$ 200.831,41</p><p>Prazo de Captação: 25/08/2022 à 31/12/2022</p><p>Resumo do Projeto: O projeto "Eu abraço a Inclusão na Musicalização" visa promover a inclusão e convívio social de crianças, adolescentes e pessoa com deficiência intelectual em situações de vulnerabilidade e risco social através de aulas de músicas e apresentações ao final de cada ciclo de estudos, inserindo o gosto pela arte, garantindo o exercício dos direitos de acesso à cultura e democratizando o bem artístico.</p><p>220686 - FESTIVAL MÚSICA NAS MONTANHAS</p><p>PIU-MOSSO PROMOCAO E GESTAO CULTURAL SOCIEDADE SIMPLES LTDA - ME</p><p>CNPJ/CPF: 08.058.613/0001-91</p><p>Processo: 01400000686202211</p><p>Cidade: Poços de Caldas - MG;</p><p>Valor Aprovado: R$ 414.760,50</p><p>Prazo de Captação: 25/08/2022 à 31/12/2022</p><p>Resumo do Projeto: O projeto compreende a realização da 24ª edição do FMM - FESTIVAL MÚSICA NAS MONTANHAS que tem como objetivo incentivar e promover a música erudita no país, através de concertos diários, gratuitos, voltados para a comunidade, contribuindo para a formação de público, assim como para que Minas Gerais se consagre como polo irradiador de música de qualidade e referência culturalpara o país.</p><p>220754 - Música Viva</p><p>Instituto Olinto Marques de Paulo</p><p>CNPJ/CPF: 09.006.749/0001-10</p><p>Processo: 01400000754202233</p><p>Cidade: São Paulo - SP;</p><p>Valor Aprovado: R$ 312.090,43</p><p>Prazo de Captação: 25/08/2022 à 31/12/2022</p><p>Resumo do Projeto: O projeto "Música Viva" tem como objetivo promover a educação musical de crianças e adolescentes de comunidades carentes, formando núcleos de ensino musical, por meio do ensino de música formação de prática de conjunto, tendo como principal instrumento a flauta doce e o violino. Além disso, contempla a realização de concertos unindo participantes de todos os núcleos e palestras de formação como contrapartida.</p><p>220724 - Natal Tiradentes</p><p>LUIZ CESAR COSTA LTDA</p><p>CNPJ/CPF: 34.474.471/0001-53</p><p>Processo: 01400000724202227</p><p>Cidade: Tiradentes - MG;</p><p>Valor Aprovado: R$ 2.117.248,00</p><p>Prazo de Captação: 25/08/2022 à 31/12/2022</p><p>Resumo do Projeto: Este projeto tem como finalidade realizar um evento sobre a cultura natalina para o grande público na cidade de Tiradentes.Serão desenvolvidas atrações artísticas interdisciplinares envolvendo artes cênicas, música instrumental,coral, artes visuais e recursos audiovisuais.Todas as ações culturais idades assegurando amplitude de acesso a informações culturais.</p><p>220752 - Nosso Povo, Sua Arte, Nossas Raízes</p><p>VANDERLEI DA SILVA VARGAS</p><p>CNPJ/CPF: 033.141.099-03</p><p>Processo: 01400000752202244</p><p>Cidade: Flor da Serra do Sul - PR;</p><p>Valor Aprovado: R$ 198.930,05</p><p>Prazo de Captação: 25/08/2022 à 31/12/2022</p><p>Resumo do Projeto: O presente projeto tem como objetivo realizar o Festival "Nosso Povo, Sua Arte, Nossas Raízes". O evento contará com apresentações musicais de grupos musicais regionais de Santa Catarina, Paraná e Rio Grande do Sul. Além de realizar oficina como contrapartida social.</p><p>220742 - SANTA CRUZ PRESENTE COM VOCÊ - 2ª EDIÇÃO</p><p>CAMARA DOS DIRIGENTES LOJISTAS DE SANTA CRUZ DO SUL</p><p>CNPJ/CPF: 95.439.709/0001-02</p><p>Processo: 01400000742202217</p><p>Cidade: Santa Cruz do Sul - RS;</p><p>Valor Aprovado: R$ 77.680,35</p><p>Prazo de Captação: 25/08/2022 à 31/12/2022</p><p>Resumo do Projeto: Realizar o projeto "Santa Cruz Presente com você- 2ª Edição" consolidando as comemorações regionais e tradicionais da comunidade de Santa Cruz do Sul/RS através de 1 (uma) apresentação de música instrumental.</p><p>220625 - SEMEADOR DAS ARTES - OFICINAS MUSICAIS - ANO I</p><p>O SEMEADOR</p><p>CNPJ/CPF: 41.409.897/0001-99</p><p>Processo: 01400000625202245</p><p>Cidade: Fortaleza - CE;</p><p>Valor Aprovado: R$ 291.020,88</p><p>Prazo de Captação: 25/08/2022 à 31/12/2022</p><p>Resumo do Projeto: Projeto de capacitação (oficinas) e apresentação musical através de atividades de violão, flauta, bateria, teclado e canto coral, para crianças e adolescentes que estejam preferencialmente, em situação de vulnerabilidade social e/ou risco social e que residam na localidade de Beberibe - Ceará e cidades circunvizinhas.</p><p>ÁREA: 5 PATRIMÔNIO CULTURAL (Artigo 18 , § 1º )</p><p>220620 - Festival Terroá</p><p>MARINA SÁ VITORIANO</p><p>CNPJ/CPF: 012.856.694-95</p><p>Processo: 01400000620202212</p><p>Cidade: João Pessoa - PB;</p><p>Valor Aprovado: R$ 416.573,68</p><p>Prazo de Captação: 25/08/2022 à 31/12/2022</p><p>Resumo do Projeto: O presente projeto pretende realizar um festival, visando envolver a comunidade em expressões culturais através da gastronomia típica da região. A presente proposta ainda oferece palestras formativas de 40 horas/aulas para alunos e professores da rede pública de ensino atinente as contrapartidas sociais.</p><p>220746 - Instituto Burle Marx - Projeto de Digitalização</p><p>Instituto Burle Marx</p><p>CNPJ/CPF: 33.379.241/0001-42</p><p>Processo: 01400000746202297</p><p>Cidade: Rio de Janeiro - RJ;</p><p>Valor Aprovado: R$ 498.197,71</p><p>Prazo de Captação: 25/08/2022 à 31/12/2022</p><p>Resumo do Projeto: O projeto trata da digitalização de projetos do acervo BMI já inventariados e catalogados até o momento. A digitalização desses projetos prioritários de paisagismo contempla plantas originais de projetos, croquis, guaches e desenhos de Roberto Burle Marx e seus colaboradores, além da digitalização de fotografias impressas do acervo do BMI. Os produtos do projeto são a preservação do acervo cultural e disponibilização para sociedade no futuro banco dados que ficará acessível à consulta online.O acesso público se dará pela plataforma digital do site, por meio de um mapa georreferenciado. ANEXAMOS A NOVA ATA E O CARTÃO DE CNPJ COM CNAEs CULTURAIS.</p><p>220761 - Museu Marítimo do Brasil - Fase 2: Projeto Executivo de Arquitetura</p><p>FUNDACAO DE ESTUDOS DO MAR</p><p>CNPJ/CPF: 33.798.026/0001-86</p><p>Processo: 01400000761202235</p><p>Cidade: Rio de Janeiro - RJ;</p><p>Valor Aprovado: R$ 7.449.698,11</p><p>Prazo de Captação: 25/08/2022 à 31/12/2022</p><p>Resumo do Projeto: O projeto dará continuidade às ações de criação e construção do Museu Marítimo do Brasil - primeiro museu marítimo público do país - promovendo a elaboração do Projeto Executivo de Arquitetura, documento que viabilizará a construção das novas edificações e a revitalização do Espaço Cultural da Marinha, localizado no Centro do Rio de Janeiro.</p><p>220759 - Oficinas de Preservação e Valorização do Patrimônio Natural e Cultural da Vila de Paranapiacaba</p><p>INSTITUTO BRASIL RESTAURO ARQUITETURA E CULTURA</p><p>CNPJ/CPF: 43.698.063/0001-76</p><p>Processo: 01400000759202266</p><p>Cidade: São Paulo - SP;</p><p>Valor Aprovado: R$ 371.768,69</p><p>Prazo de Captação: 25/08/2022 à 31/12/2022</p><p>Resumo do Projeto: Realizar oficinas profissionalizantes para a preservação e valorização da Vila de Paranapiacaba, patrimônio natural e cultural reconhecido por seu valor histórico, arquitetônico, artístico, turístico, paisagístico e ambiental, tombado pelo Iphan, Condephaat e Condephaapasa. As oficinas disporão de informações conceituais e atividades práticas que subsidiem o desenvolvimento socioeconômico regional, através da preservação e valorização do patrimônio. Realizar palestras para divulgar a importância da cultura e economia circular, gerada com as oficinas, à fim de conectar instituições integradas ao conteúdo programático com os participantes. Disponibilizar o conteúdo das oficinas e das palestras em plataforma digital.</p><p>220732 - Restauração da Igreja do Bom Jesus do Matozinhos</p><p>INSTITUTO DE ARTE COMTEMPORANEA DE OURO PRETO - IA</p><p>CNPJ/CPF: 25.383.686/0001-78</p><p>Processo: 01400000732202273</p><p>Cidade: Ouro Preto - MG;</p><p>Valor Aprovado: R$ 8.568.451,63</p><p>Prazo de Captação: 25/08/2022 à 31/12/2022</p><p>Resumo do Projeto: Restauração da Edificação da Igreja de Bom Jesus do Matozinhos, visando a preservação, conservação e restauração da edificação de acordo com as diretrizes de Conservação e Restauro para a preservação da memória coletiva mundial. O projeto também contará com pesquisa e curso online de educação patrimonial para professores.</p><p>ÁREA: 6 HUMANIDADES (Artigo 18 , § 1º )</p><p>220740 - A aVANtura de ler</p><p>VALERIA OLIVEIRA SANTOS</p><p>CNPJ/CPF: 315.478.978-21</p><p>Processo: 01400000740202210</p><p>Cidade: São Paulo - SP;</p><p>Valor Aprovado: R$ 199.999,64</p><p>Prazo de Captação: 25/08/2022 à 31/12/2022</p><p>Resumo do Projeto: Realizar 12 mostras literárias, com a realização feita através de uma biblioteca itinerante com leituras dramatizadas e contação de histórias, além de eventos de slam de poesia com apresentações de artistas locais e de referência nas cidades paulistas durante o período de 08 meses. Como contrapartida, serão realizadas oficinas de slam de poesia para alunos e professores de escolas públicas das cidades atendidas.</p><p>220730 - A Incrível Máquina de Livros 2022</p><p>INFINITO CULTURAL - EIRELI</p><p>CNPJ/CPF: 08.341.892/0001-04</p><p>Processo: 01400000730202284</p><p>Cidade: São Paulo - SP;</p><p>Valor Aprovado: R$ 499.991,25</p><p>Prazo de Captação: 25/08/2022 à 31/12/2022</p><p>Resumo do Projeto: PRODUTO: FEIRA DE LIVROS, EVENTOS LITERÁRIOS E AÇÕES EDUCACIONAIS Projeto de Incentivo à Leitura que ocorre de forma lúdica e democrática estimulando a leitura do público participante de forma gratuita. Uma van é transformada em uma Incrível Máquina de Livros que circulará por cidades brasileiras e ficará estacionada em espaço público, aberto e de fácil acesso para todos. O visitante insere um livro que já leu, aperta um botão e, em alguns segundos, recebe um novo título.</p><p>220731 - AS NOVAS AVENTURAS DOS NUTRIAMIGOS</p><p>ASSOCIACAO INSTITUTO NUTRIAMIGOS</p><p>CNPJ/CPF: 46.248.425/0001-15</p><p>Processo: 01400000731202229</p><p>Cidade: Bauru - SP;</p><p>Valor Aprovado: R$ 495.263,84</p><p>Prazo de Captação: 25/08/2022 à 31/12/2022</p><p>Resumo do Projeto: O projeto visa a produção de uma coletânea composta por 06 livros com 1 história de 32 páginas cada um, para o público infantil, com textos e ilustrações sobre a cultura alimentar do Brasil.</p><p>220728 - Brasil Surf - a primeira revista brasileira de surfe</p><p>Flavia Aparecia Lamas Portela</p><p>CNPJ/CPF: 786.754.307-44</p><p>Processo: 01400000728202213</p><p>Cidade: Rio de Janeiro - RJ;</p><p>Valor Aprovado: R$ 441.652,20</p><p>Prazo de Captação: 25/08/2022 à 31/12/2022</p><p>Resumo do Projeto: Edição de livro comemorativo, ilustrado e histórico, sobre a Brasil Surf - a primeira e principal revista brasileira de surfe no país, criada em 1975 e editada até 1979. Como contrapartida social será realizado curso de produção editorial para alunos de instituições públicas de ensino.</p><p>220743 - Meus Amigos Dinossauros</p><p>A.P GONCALVES PRODUCOES CULTURAIS</p><p>CNPJ/CPF: 41.818.290/0001-62</p><p>Processo: 01400000743202253</p><p>Cidade: São Paulo - SP;</p><p>Valor Aprovado: R$ 438.197,10</p><p>Prazo de Captação: 25/08/2022 à 31/12/2022</p><p>Resumo do Projeto: Destinado ao público infanto-juvenil, o projeto consiste na produção do kit "Meus Amigos Dinossauros" composto por um livro e atividades complementares sobre o interessante mundo dos Dinossauros. De forma lúdica, o tema abordará informações reais sobre os dinossauros e os locais em que há sítios paleontológicos e museus, e que esses seres de outras eras geológicas existiam no Brasil também. O projeto trará curiosidades e conhecimentos mais concretos sobre os dinossauros e a paleontologia.</p><p>220750 - O Avesso da Cena 2023</p><p>Ravel Produção e Gestão Cultural Ltda.</p><p>CNPJ/CPF: 11.427.874/0001-46</p><p>Processo: 01400000750202255</p><p>Cidade: Belo Horizonte - MG;</p><p>Valor Aprovado: R$ 230.624,04</p><p>Prazo de Captação: 25/08/2022 à 31/12/2022</p><p>Resumo do Projeto: Este projeto se destina à qualificação de profissionais da cultura, por meio da reedição do livro "O Avesso da Cena - Notas sobre Produção e Gestão Cultural", e da realização de palestras sobre o tema em diferentes cidades. O livro tem como objetivo lançar pontes entre os universos da cultura e da administração, estimulando a profissionalização do fazer artístico-cultural brasileiro. A iniciativa beneficiará tanto profissionais quanto pessoas interessadas em abraçar as carreiras de produtor ou gestor cultural. Como contrapartida social, está prevista no projeto oficina sobre o conteúdo do livro.</p><p>220653 - Publicação: Culinária Judaica</p><p>ERNEST BOOKS EDITORA LTDA</p><p>CNPJ/CPF: 30.734.150/0001-90</p><p>Processo: 01400000653202262</p><p>Cidade: São Paulo - SP;</p><p>Valor Aprovado: R$ 388.216,40</p><p>Prazo de Captação: 25/08/2022 à 31/12/2022</p><p>Resumo do Projeto: Este projeto prevê a realização de: a) tradução, publicação e distribuição de livro sobre a cultura e a tradição judaica transmitidas por meio das especificidades de sua gastronomia; b) realização de palestras destinadas a discentes e docentes da rede pública de ensino enquanto medida de contrapartida social.</p><p>220543 - Todo Livro Tem de Ir Onde a Criança Está</p><p>GRUPO ARTISTICO CULTURAL QUATRO CRESCENTE</p><p>CNPJ/CPF: 26.230.813/0001-61</p><p>Processo: 01400000543202209</p><p>Cidade: Belo Horizonte - MG;</p><p>Valor Aprovado: R$ 289.841,50</p><p>Prazo de Captação: 25/08/2022 à 31/12/2022</p><p>Resumo do Projeto: O Projeto "TODO LIVRO TEM QUE IR ONDE A CRIANÇA ESTÁ", tem como proposta a Reedição de 1.500 unidades da coleção de livros infantis composto de 12 volumes "CUIDANDO DO CORPO, UM JEITO DIVERTIDO DE APRENDER". E 1.500 unidades da coleção com também 12 volumes "CONVÍVIO DA CRIANÇA, UM JEITO DIVERTIDO DE APRENDER". da autora Gina Borges. Com a proposta de atender a 7 comunidades de escolas públicas com distribuição dos livros e contação de histórias, levando entretenimento, informação e cultura e arte, por meio de textos poéticos cuidadosamente elaborados.</p><p>ÁREA: 9 MUSEUS E MEMÓRIA (Artigo 18 , § 1º )</p><p>220665 - Acervo pessoal de Leonilson</p><p>Ana Lenice de Fátima Dias Fonseca da Silva</p><p>CNPJ/CPF: 010.858.198-50</p><p>Processo: 01400000665202297</p><p>Cidade: São Paulo - SP;</p><p>Valor Aprovado: R$ 218.998,56</p><p>Prazo de Captação: 25/08/2022 à 31/12/2022</p><p>Resumo do Projeto: Tendo como mote o acervo artístico e pessoal do artista Leonilson, este projeto tem uma dupla função: a de sistematizar e proteger parte de sua documentação pessoal, composta por correspondências e postais, e a de ensinar, em ação artístico-formativa, o processo de tratamento desse tipo de arquivo, cujas especificidades são menos conhecidas, até para especialistas da área. O projeto vai apresentar o que é esse tipo de acervo, a importância de sua proteção, as metodologias empregadas para sua seleção, os tipos de preservação escolhidos, sua catalogação e digitalização, sua manutenção. O projeto produzirá os seguintes produtos culturais: preservação de acervo cultural e disponibilização de parte do acervo documentado de Leonilson em sítio de internet, cartilha digital para capacitação em preservação de acervos pessoais de artistas, oficina de capacitação e treinamento para pesquisa e documentação de acervos pessoais de artistas.</p><p>ANEXO II</p><p>ÁREA: 3 MÚSICA (Artigo 26)</p><p>220758 - A vida é festa!!</p><p>NIVALDO DOS SANTOS PEREIRA JUNIOR</p><p>CNPJ/CPF: 490.257.831-04</p><p>Processo: 01400000758202211</p><p>Cidade: Campo Grande - MS;</p><p>Valor Aprovado: R$ 395.752,50</p><p>Prazo de Captação: 25/08/2022 à 31/12/2022</p><p>Resumo do Projeto: O projeto "A vida é festa!!" realizará a gravação de um CD infantil do artista proponente, incluindo vídeos, com intuito de difundir a arte nacional pós pandemia com mensagens positivas e princípios de uma vida saudável. O projeto também realizará ações formativas de contrapartida social.</p><p>220733 - Bia Chagas CD Semblante</p><p>LORRINE BEATRIZ BATISTA CHAGAS MACHADO</p><p>CNPJ/CPF: 860.414.375-06</p><p>Processo: 01400000733202218</p><p>Cidade: Salvador - BA;</p><p>Valor Aprovado: R$ 180.627,70</p><p>Prazo de Captação: 25/08/2022 à 31/12/2022</p><p>Resumo do Projeto: Este projeto prevê a realização da gravação e distribuição gratuita do primeiro CD de música popular cantada da cantora brasileira Bia Chagas.</p><p>220757 - C.T. Produções</p><p>CELSO TEIXEIRA DE OLIVEIRA</p><p>CNPJ/CPF: 748.058.433-49</p><p>Processo: 01400000757202277</p><p>Cidade: Batalha - PI;</p><p>Valor Aprovado: R$ 309.177,00</p><p>Prazo de Captação: 25/08/2022 à 31/12/2022</p><p>Resumo do Projeto: O projeto "C.T. Produções" realizará a gravação de um álbum musical do proponente, estimulando não apenas um segmento artístico, mas toda a cultura de uma região do Brasil que possui poucas oportunidades.</p><p>220749 - CD DA AMAZÔNIA - SANDRA DUAILIBE</p><p>Sandra Dualibe Forte Barbosa</p><p>CNPJ/CPF: 154.463.282-72</p><p>Processo: 01400000749202221</p><p>Cidade: Belém - PA;</p><p>Valor Aprovado: R$ 37.086,50</p><p>Prazo de Captação: 25/08/2022 à 30/11/2022</p><p>Resumo do Projeto: O projeto "Da Amazônia" consiste na gravação de um CD, com 1000 cópias, com 10 músicas de compositores nascidos em estados da Amazônia, Acre, Pará, Ámazonas e Tocantins . O álbum será disponibilizado nas plataformas digitais, spotify, deezer, iTunes, amazona.com, etc, e do canal do youtube.com/sandraduailibe; proporcionando acesso irrestrito. Haverá, também 100 kits em sacola com a frase "reciclar é bom, mas reduzir o volume de resíduos é ainda melhor. Recicle!" impressa na lateral, assim como informações de acessibilidade. Dentro,o CD,uma mini cuia, 1 patchouli,1 objeto de miriti.</p><p>220748 - Híbrida Singles BH</p><p>RAMON FIGUEIREDO SILVA</p><p>CNPJ/CPF: 063.680.146-28</p><p>Processo: 01400000748202286</p><p>Cidade: Belo Horizonte - MG;</p><p>Valor Aprovado: R$ 235.482,06</p><p>Prazo de Captação: 25/08/2022 à 31/12/2022</p><p>Resumo do Projeto: O presente projeto visa a gravação de DVD, a ser distribuído gratuitamente, propondo com esta ação contribuir para o acesso ao conteúdo musical e cultural de qualidade a todas as pessoas.</p><p>ÁREA: 6 HUMANIDADES (Artigo 26)</p><p>220739 - Revista História Catarina - Edições 100 e 101</p><p>EDITORA LEAO BAIO LTDA - ME</p><p>CNPJ/CPF: 08.332.970/0001-04</p><p>Processo: 01400000739202295</p><p>Cidade: Lages - SC;</p><p>Valor Aprovado: R$ 287.680,80</p><p>Prazo de Captação: 25/08/2022 à 31/12/2022</p><p>Resumo do Projeto: PRODUTO REVISTA: Produção das edições da Revista História Catarina (número 100 e 101). As edições terão como Matéría de Capa, respectivamente: "O Bicentenário de Fritz Muller" (EDIÇÃO 100), e "A Saga de Anita Garibaldi - Bicentenário" (EDIÇÃO 101 bilíngue - português/italiano). Estas duas edições serão entregues de forma gratuita a escolas estaduais públicas de Santa Catarina. PRODUTO LANÇAMENTO: Eventos para divulgação/lançamento das revistas. PRODUTO CONTRAPARTIDAS SOCIAIS: realização de seminários e palestras em escolas públicas estaduais.</p>]]></Texto>
  </body>
  <Midias />
</article></xml>