﻿<xml><article id="27700125" name="DOU Portarias de 23.08.2022.2" idOficio="7354292" pubName="DO1" artType="Portaria" pubDate="25/08/2022" artClass="00007:00003:00038:00000:00000:00000:00000:00000:00000:00000:00054:00003" artCategory="Ministério da Agricultura, Pecuária e Abastecimento/Secretaria Executiva/Superintendência Federal de Agricultura, Pecuária e Abastecimento do Paraná" artSize="12" artNotes="" numberPage="16" pdfPage="http://pesquisa.in.gov.br/imprensa/jsp/visualiza/index.jsp?data=25/08/2022&amp;jornal=515&amp;pagina=16" editionNumber="162" highlightType="" highlightPriority="" highlight="" highlightimage="" highlightimagename="" idMateria="14834681">
  <body>
    <Identifica><![CDATA[ PORTARIA Nº 686,  DE 23 DE AGOSTO DE 2022]]></Identifica>
    <Data><![CDATA[]]></Data>
    <Ementa />
    <Titulo />
    <SubTitulo />
    <Texto><![CDATA[<p class="identifica">PORTARIA Nº 686, DE 23 DE AGOSTO DE 2022</p><p>O SUPERINTENDENTE FEDERAL DE AGRICULTURA NO PARANÁ, no uso das atribuições previstas no Regimento Interno das Superintendências Federais de Agricultura, aprovado pela Portaria Ministerial nº 561 de 11 de abril de 2018, publicada no DOU de 13 de abril de 2018 e Portaria SE/MAPA n.°326, de 09 de março de 2018, publicada no DOU de 19 de março de 2018, e para fins de aplicação do disposto no Decreto-Lei nº 818, de 05 de setembro de 1969 e</p><p>Instrução Normativa nº 22, de 20 de junho de 2013, resolve:</p><p>CANCELAR A HABILITAÇÃO da Médica Veterinária HELOISE MAGGIONI, CRMV-PR Nº 12822, de acordo com o item VII do Art. 9º da instrução Normativa nº 22 de 20/06/2013, revogando a Portaria nº 446 de 09/02/2022 (Processo nº 21034.004759/2020-04).</p><p class="assina">CLEVERSON FREITAS</p><p></p>]]></Texto>
  </body>
  <Midias />
</article></xml>