﻿<xml><article id="27710012" name="P9RF455" idOficio="7355986" pubName="DO1" artType="Portaria" pubDate="25/08/2022" artClass="00015:00045:00432:00101:00000:00000:00000:00000:00000:00000:00054:00000" artCategory="Ministério da Economia/Secretaria Especial da Receita Federal do Brasil/Subsecretaria-Geral da Receita Federal do Brasil/Superintendência Regional da 9ª Região Fiscal" artSize="12" artNotes="" numberPage="212" pdfPage="http://pesquisa.in.gov.br/imprensa/jsp/visualiza/index.jsp?data=25/08/2022&amp;jornal=515&amp;pagina=212" editionNumber="162" highlightType="" highlightPriority="" highlight="" highlightimage="" highlightimagename="" idMateria="14837296">
  <body>
    <Identifica><![CDATA[ PORTARIA SRRF09 Nº 455, DE 24 DE AGOSTO DE 2022]]></Identifica>
    <Data><![CDATA[]]></Data>
    <Ementa><![CDATA[ Substitui o Anexo Único da Portaria SRRF09 nº 266, de 14 de dezembro de 2021, que disciplina o atendimento pelo Chat RFB na 9º Região Fiscal.]]></Ementa>
    <Titulo />
    <SubTitulo />
    <Texto><![CDATA[<p class="identifica">PORTARIA SRRF09 Nº 455, DE 24 DE AGOSTO DE 2022</p><p class="ementa">Substitui o Anexo Único da Portaria SRRF09 nº 266, de 14 de dezembro de 2021, que disciplina o atendimento pelo Chat RFB na 9º Região Fiscal.</p><p>A SUPERINTENDENTE DA RECEITA FEDERAL DO BRASIL DA 9ª REGIÃO FISCAL, no uso das atribuições que lhe conferem os arts. 243, 336, 359 e 364 do Regimento Interno da Secretaria Especial da Receita Federal do Brasil, aprovado pela Portaria ME nº 284, de 27 de julho de 2020, e tendo em vista o disposto no inciso II do caput do art. 3º da Portaria RFB nº 90, de 6 de dezembro de 2021, resolve:</p><p>Art. 1º O Anexo Único da Portaria SRRF09 nº 266, de 2021, fica substituído pelo Anexo Único deste ato normativo.</p><p>Art. 4º Esta Portaria entra em vigor na data de sua publicação no Diário Oficial da União.</p><p class="assina">CLÁUDIA REGINA LEÃO DO NASCIMENTO THOMAZ</p><p class="anexo">ANEXO ÚNICO</p><p /><p></p><table><tr /><tr><td rowspan="1" colspan="1"><p>SERVIÇO</p></td><td rowspan="1" colspan="1"><p>HORÁRIO DE ATENDIMENTO</p></td></tr><tr><td rowspan="1" colspan="1"><p>Regularizar débitos declarados em gfip</p></td><td rowspan="1" colspan="1"><p>08:00 às 18:00</p></td></tr><tr><td rowspan="1" colspan="1"><p>Regularizar débitos do simples nacional</p></td><td rowspan="1" colspan="1"><p>08:00 às 18:00</p></td></tr><tr><td rowspan="1" colspan="1"><p>regularizar cadastro de pessoa jurídica (CNPJ)</p></td><td rowspan="1" colspan="1"><p>08:00 às 18:00</p></td></tr><tr><td rowspan="1" colspan="1"><p>Protocolar processo</p></td><td rowspan="1" colspan="1"><p>07:00 às 19:00</p></td></tr><tr><td rowspan="1" colspan="1"><p>regularizar parcelamento de demais débitos</p></td><td rowspan="1" colspan="1"><p>07:30 às 18:30</p></td></tr><tr><td rowspan="1" colspan="1"><p>regularizar demais débitos tributários (DCTF e autos de infração)</p></td><td rowspan="1" colspan="1"><p>08:00 às 18:00</p></td></tr><tr><td rowspan="1" colspan="1"><p>regularizar débitos de obra (sero)</p></td><td rowspan="1" colspan="1"><p>08:00 às 18:00</p></td></tr><tr><td rowspan="1" colspan="1"><p>regularizar débito objeto de declaração de compensação (perdcomp)</p></td><td rowspan="1" colspan="1"><p>07:30 às 13:00</p></td></tr><tr><td rowspan="1" colspan="1"><p>regularizar débitos de Imposto de renda (IRPF)</p></td><td rowspan="1" colspan="1"><p>07:30 às 18:30</p></td></tr><tr><td rowspan="1" colspan="1"><p>obter cópia de declaração</p></td><td rowspan="1" colspan="1"><p>07:00 às 13:00</p></td></tr><tr><td rowspan="1" colspan="1"><p>regularizar parcelamento de débitos declarados em gfip</p></td><td rowspan="1" colspan="1"><p>07:30 às 18:30</p></td></tr><tr><td rowspan="1" colspan="1"><p>regularizar débitos declarados em dctfweb</p></td><td rowspan="1" colspan="1"><p>07:30 às 14:30</p></td></tr><tr><td rowspan="1" colspan="1"><p>regularizar cadastro previdenciário (CNPj/cei)</p></td><td rowspan="1" colspan="1"><p>08:00 às 18:00</p></td></tr><tr><td rowspan="1" colspan="1"><p>converter processo eletrônico em digital</p></td><td rowspan="1" colspan="1"><p>07:00 às 19:00</p></td></tr><tr><td rowspan="1" colspan="1"><p>emitir gps de débito confessado em gfip (dcg/ldcg)</p></td><td rowspan="1" colspan="1"><p>08:00 às 18:00</p></td></tr><tr><td rowspan="1" colspan="1"><p>regularizar débitos de imposto sobre a propriedade territorial rural (ITR)</p></td><td rowspan="1" colspan="1"><p>07:30 às 18:30</p></td></tr><tr><td rowspan="1" colspan="1"><p>discordar de compensação de OFÍCIO</p></td><td rowspan="1" colspan="1"><p>07:00 às 19:00</p></td></tr><tr><td rowspan="1" colspan="1"><p>regularizar e-social - débitos do empregador doméstico</p></td><td rowspan="1" colspan="1"><p>07:30 às 18:30</p></td></tr></table>]]></Texto>
  </body>
  <Midias />
</article></xml>