﻿<xml><article id="27708797" name="Ato11644a11645" idOficio="7355862" pubName="DO1" artType="Ato" pubDate="25/08/2022" artClass="00012:00014:00016:00057:00000:00000:00000:00000:00000:00000:00006:00001" artCategory="Ministério das Comunicações/Agência Nacional de Telecomunicações/Superintendência de Outorga e Recursos à Prestação/Gerência de Outorga e Licenciamento de Estações" artSize="12" artNotes="" numberPage="26" pdfPage="http://pesquisa.in.gov.br/imprensa/jsp/visualiza/index.jsp?data=25/08/2022&amp;jornal=515&amp;pagina=26" editionNumber="162" highlightType="" highlightPriority="" highlight="" highlightimage="" highlightimagename="" idMateria="14837029">
  <body>
    <Identifica><![CDATA[ ATOS DE 13 DE AGOSTO DE 2022]]></Identifica>
    <Data><![CDATA[]]></Data>
    <Ementa />
    <Titulo />
    <SubTitulo />
    <Texto><![CDATA[<p class="identifica">ATOS DE 13 DE AGOSTO DE 2022</p><p>Nº 11.644 - Processo nº 53500.293997/2022-81.</p><p>Outorga Autorização de Uso de Radiofrequência à GLOBO COMUNICAÇÃO E PARTICIPAÇÕES S. A. (GLOBOPAR), CNPJ 27.865.757/0023-00, executante do Serviço de Retransmissão de Radiodifusão de Sons e Imagens, na localidade de Catende/PE.</p><p>Nº 11.645 - Processo nº 53500.294874/2022-67.</p><p>Outorga Autorização de Uso de Radiofrequência à ITACAITE RADIODIFUSAO LTDA - ME, CNPJ 08.073.272/0001-23, executante do Serviço de Radiodifusão Sonora em Frequência Modulada, na localidade de Belo Jardim/PE.</p><p class="assina">Renato Sales Bizerra Aguiar</p><p class="cargo">Gerente</p>]]></Texto>
  </body>
  <Midias />
</article></xml>