﻿<xml><article id="27696815" name="Extrato 2022-08-24 - Ato 12060 (" idOficio="7353576" pubName="DO1" artType="Ato" pubDate="25/08/2022" artClass="00012:00014:00014:00154:00000:00000:00000:00000:00000:00000:00006:00002" artCategory="Ministério das Comunicações/Agência Nacional de Telecomunicações/Superintendência de Fiscalização/Gerência Regional nos Estados do Paraná e Santa Catarina" artSize="12" artNotes="" numberPage="23" pdfPage="http://pesquisa.in.gov.br/imprensa/jsp/visualiza/index.jsp?data=25/08/2022&amp;jornal=515&amp;pagina=23" editionNumber="162" highlightType="" highlightPriority="" highlight="" highlightimage="" highlightimagename="" idMateria="14833811">
  <body>
    <Identifica><![CDATA[ ATO Nº 12.060, DE 24 DE AGOSTO DE 2022]]></Identifica>
    <Data><![CDATA[]]></Data>
    <Ementa />
    <Titulo />
    <SubTitulo />
    <Texto><![CDATA[<p class="identifica">ATO Nº 12.060, DE 24 DE AGOSTO DE 2022</p><p>Processo nº 53516.010260/2022-63.</p><p>Outorga à FORCA E LUZ CORONEL VIVIDA LTDA, CNPJ nº 79.850.574/0001-09, autorização para uso de radiofrequência associada à autorização para exploração do Serviço Limitado Privado.</p><p class="assina">MARCIO ANTONIO PROTZEK</p><p class="cargo">Gerente Substituto</p>]]></Texto>
  </body>
  <Midias />
</article></xml>