﻿<xml><article id="27700498" name="RetificaAAo - deliberaAAo pas 19" idOficio="7354399" pubName="DO1" artType="Retificação" pubDate="25/08/2022" artClass="00019:00035:00028:00000:00000:00000:00000:00000:00000:00000:00066:00001" artCategory="Ministério da Infraestrutura/Agência Nacional de Transportes Aquaviários/Superintendência de Fiscalização e Coordenação das Unidades Regionais" artSize="12" artNotes="" numberPage="243" pdfPage="http://pesquisa.in.gov.br/imprensa/jsp/visualiza/index.jsp?data=25/08/2022&amp;jornal=515&amp;pagina=243" editionNumber="162" highlightType="" highlightPriority="" highlight="" highlightimage="" highlightimagename="" idMateria="14834797">
  <body>
    <Identifica><![CDATA[ RETIFICAÇÃO]]></Identifica>
    <Data><![CDATA[]]></Data>
    <Ementa />
    <Titulo />
    <SubTitulo />
    <Texto><![CDATA[<p class="identifica">RETIFICAÇÃO</p><p>Na Deliberação PAS nº 19/2022/SFC, de 22/08/2022, publicada no DOU de 24/08/2022, Seção 1, pág. 38, onde se lê: "..., julga pela subsistência do Auto de Infração 004751-1 (SEI nº 1284484), decide por CONHECER o Pedido de Reconsideração interposto pela empresa,uma vez que tempestivo, para no mérito, conceder-lhe PROVIMENTO PARCIAL, mantendo a subsistência das duas infrações autuadas, porém revendo a dosimetria aplicada...", leia-se: "...decide por CONHECER o Pedido de Reconsideração interposto pela empresa,uma vez que tempestivo, para no mérito, conceder-lhe PROVIMENTO PARCIAL, mantendo a subsistência das duas infrações autuadas, porém revendo a dosimetria aplicada...".</p>]]></Texto>
  </body>
  <Midias />
</article></xml>