﻿<xml><article id="27696098" name="2022_imp_075" idOficio="7353402" pubName="DO1" artType="Resolução" pubDate="25/08/2022" artClass="00048:00007:00000:00000:00000:00000:00000:00000:00000:00000:00064:00000" artCategory="Entidades de Fiscalização do Exercício das Profissões Liberais/Conselho Federal de Corretores de Imóveis" artSize="12" artNotes="" numberPage="298" pdfPage="http://pesquisa.in.gov.br/imprensa/jsp/visualiza/index.jsp?data=25/08/2022&amp;jornal=515&amp;pagina=298" editionNumber="162" highlightType="" highlightPriority="" highlight="" highlightimage="" highlightimagename="" idMateria="14833581">
  <body>
    <Identifica><![CDATA[ RESOLUÇÃO Nº 1.480, DE 10 DE AGOSTO DE 2022]]></Identifica>
    <Data><![CDATA[]]></Data>
    <Ementa><![CDATA[ Aprova o Processo de Prestação de Contas do Creci 19ª Região/MT, do exercício de 2021, anteriormente sobrestado. ]]></Ementa>
    <Titulo />
    <SubTitulo />
    <Texto><![CDATA[<p class="identifica">RESOLUÇÃO Nº 1.480, DE 10 DE AGOSTO DE 2022</p><p class="ementa">Aprova o Processo de Prestação de Contas do Creci 19ª Região/MT, do exercício de 2021, anteriormente sobrestado.</p><p>O CONSELHO FEDERAL DE CORRETORES DE IMÓVEIS-COFECI, no uso das atribuições que lhe são conferidas pelo Artigo 16, Inciso XII, da Lei nº 6.530, de 12 de maio de 1978, CONSIDERANDO a decisão adotada pelo Egrégio Plenário, na Sessão Ordinária realizada no dia 08 de agosto de 2022, resolve:</p><p>Art. 1º - APROVAR, julgando regular com ressalva, o Processo de Prestação de Contas do Creci 19ª Região/MT, referente ao exercício de 2021, em conformidade com os Arts. 31, II, 36 e 38, I, do Regimento do COFECI, aprovado com a Resolução-COFECI nº 1.126/09, anteriormente sobrestado pelo Egrégio Plenário na Sessão Ordinária nº 01/2022.</p><p>Art. 2º - Esta Resolução entra em vigor nesta data.</p><p></p><p class="assina">JOÃO TEODORO DA SILVA</p><p class="cargo">Presidente do Conselho</p><p class="assina">RÔMULO SOARES DE LIMA</p><p class="cargo">Diretor-Secretário</p><p>RESOLUÇÃO Nº 1.481, DE 10 DE AGOSTO DE 2022</p><p class="ementa">Aprova a 1ª e a 2ª Reformulação Orçamentária do CRECI 16ª Região/SE, do exercício de 2022.</p><p>O CONSELHO FEDERAL DE CORRETORES DE IMÓVEIS-COFECI, usando de suas atribuições legais e regimentais, CONSIDERANDO a decisão unânime adotada na Sessão Plenária Ordinária realizada no dia 08 de agosto de 2022, na cidade de Foz do Iguaçu/PR, resolve:</p><p>Art. 1º - APROVAR a 1ª e a 2ª Reformulação Orçamentária do Conselho Regional de Corretores de Imóveis-CRECI 16ª Região/SE, do exercício de 2022, na forma dos discriminativos anexos, os quais passam a fazer parte integrante da presente Resolução.</p><p>Art. 2º - Esta Resolução entra em vigor na data de sua publicação.</p><p></p><p class="assina">JOÃO TEODORO DA SILVA</p><p class="cargo">Presidente do Conselho</p><p class="assina">RÔMULO SOARES DE LIMA</p><p class="cargo">Diretor-Secretário</p><p>ANEXO</p><p /><p></p><table><tr><td rowspan="1" colspan="3"><p>CRECI 16ª Região/SE - 1ª Reformulação Orçamentária</p><p>Exercício de 2022 - R E S U M O</p></td></tr><tr><td rowspan="1" colspan="1"><p>Receitas Correntes..........................................................</p><p>Receitas de Capital..........................................................</p><p>Total................................................................................</p></td><td rowspan="1" colspan="1"><p>R$</p><p>R$</p><p>R$</p></td><td rowspan="1" colspan="1"><p>2.700.000,00</p><p>100.000,00</p><p>2.800.000,00</p></td></tr><tr><td rowspan="1" colspan="1"><p>Despesas Correntes.........................................................</p><p>Despesas de Capital........................................................</p><p>Total................................................................................</p></td><td rowspan="1" colspan="1"><p>R$</p><p>R$</p><p>R$</p></td><td rowspan="1" colspan="1"><p>2.700.000,00</p><p>100.000,00</p><p>2.800.000,00</p></td></tr><tr><td rowspan="1" colspan="3"><p>CRECI 16ª Região/SE - 2ª Reformulação Orçamentária</p><p>Exercício de 2022 - R E S U M O</p></td></tr><tr><td rowspan="1" colspan="1"><p>Receitas Correntes..........................................................</p><p>Receitas de Capital..........................................................</p><p>Total................................................................................</p></td><td rowspan="1" colspan="1"><p>R$</p><p>R$</p><p>R$</p></td><td rowspan="1" colspan="1"><p>2.700.000,00</p><p>500.000,00</p><p>3.200.000,00</p></td></tr><tr><td rowspan="1" colspan="1"><p>Despesas Correntes.........................................................</p><p>Despesas de Capital........................................................</p><p>Total................................................................................</p></td><td rowspan="1" colspan="1"><p>R$</p><p>R$</p><p>R$</p></td><td rowspan="1" colspan="1"><p>3.100.000,00</p><p>100.000,00</p><p>3.200.000,00</p></td></tr></table>]]></Texto>
  </body>
  <Midias />
</article></xml>