﻿<xml><article id="27707190" name="PA2022-8895." idOficio="7355575" pubName="DO1" artType="Portaria" pubDate="25/08/2022" artClass="00019:00034:00033:00000:00000:00000:00000:00000:00000:00000:00054:00003" artCategory="Ministério da Infraestrutura/Agência Nacional de Aviação Civil/Superintendência de Infraestrutura Aeroportuária" artSize="12" artNotes="" numberPage="238" pdfPage="http://pesquisa.in.gov.br/imprensa/jsp/visualiza/index.jsp?data=25/08/2022&amp;jornal=515&amp;pagina=238" editionNumber="162" highlightType="" highlightPriority="" highlight="" highlightimage="" highlightimagename="" idMateria="14836640">
  <body>
    <Identifica><![CDATA[ PORTARIA Nº 8.895, DE 19 DE AGOSTO DE 2022]]></Identifica>
    <Data><![CDATA[]]></Data>
    <Ementa />
    <Titulo />
    <SubTitulo />
    <Texto><![CDATA[<p class="identifica">PORTARIA Nº 8.895, DE 19 DE AGOSTO DE 2022</p><p>O SUPERINTENDENTE DE INFRAESTRUTURA AEROPORTUÁRIA, no uso da atribuição outorgadas pelo art. 33, inciso VII, do Regimento Interno, aprovado pela Resolução nº 381, de 14 de junho de 2016, conforme previsto no Regulamento Brasileiro da Aviação Civil - RBAC nº 139, e considerando o que consta do processo no 00058.013985/2022-91, resolve:</p><p>Art. 1º Conceder o Certificado Operacional Provisório de Aeroporto no 64-P/SSUM/2022 à Prefeitura Municipal de Umuarama, operadora do aeroporto Orlando de Carvalho (SSUM) - Umuarama/PR (código CIAD: PR0019).</p><p>Parágrafo único. A certificação operacional fica condicionada à manutenção, pelo operador aeroportuário, dos aspectos avaliados no âmbito do processo por meio do qual a outorga foi concedida.</p><p>Art. 2º O aeroporto certificado nos termos do art. 1º operará com as seguintes especificações operativas:</p><p>I - Geral:</p><p>a) Código de referência: 2C;</p><p>b) O aeroporto pode ser utilizado regularmente por quaisquer aeronaves compatíveis com o código de referência 2C ou inferior;</p><p>c) Tipo de operação por pista/cabeceira:</p><p>Cabeceira 04: VFR Diurno/Noturno e IFR Não-precisão Diurno/Noturno;</p><p>Cabeceira 22: VFR Diurno/Noturno e IFR Não-precisão Diurno/Noturno;</p><p>d) Categoria Contraincêndio do Aeródromo - CAT: Não há;</p><p>e) Autorizações de Operações Especiais: Operações de aeronave ATR-72 em Condições Meteorológicas Visuais (VMC).</p><p>II - Restrição a classes e tipos de aeronaves: não aplicável.</p><p>III - Restrição aos serviços aéreos: não aplicável.</p><p>IV - Restrições operacionais: não aplicável.</p><p>Art. 3º Esta Portaria entra em vigor na data da sua publicação.</p><p class="assina">GIOVANO PALMA</p>]]></Texto>
  </body>
  <Midias />
</article></xml>