﻿<xml><article id="27693174" name="despacho 99 Recurso administrati" idOficio="7352948" pubName="DO1" artType="Despacho" pubDate="25/08/2022" artClass="00026:00001:00000:00000:00000:00000:00000:00000:00000:00000:00017:00011" artCategory="Ministério da Saúde/Gabinete do Ministro" artSize="12" artNotes="" numberPage="264" pdfPage="http://pesquisa.in.gov.br/imprensa/jsp/visualiza/index.jsp?data=25/08/2022&amp;jornal=515&amp;pagina=264" editionNumber="162" highlightType="" highlightPriority="" highlight="" highlightimage="" highlightimagename="" idMateria="14833179">
  <body>
    <Identifica><![CDATA[ DESPACHO Nº 99/2022]]></Identifica>
    <Data><![CDATA[]]></Data>
    <Ementa />
    <Titulo />
    <SubTitulo />
    <Texto><![CDATA[<p class="identifica">DESPACHO Nº 99/2022</p><p>Processo nº 25000.058635/2017-83</p><p>Interessado: Fundação Baiana de Pesquisa Cientifica e Desenvolvimento Tecnológico, Fornecimento e Distribuição de Medicamentos - BAHIAFARMA.</p><p>Assunto: Recurso administrativo interposto em face da decisão do Comitê Deliberativo (CD) pela não continuidade da Parceria para o Desenvolvimento Produtivo (PDP) do produto Insulina Humana Recombinante (NPH e Regular).</p><p>Decisão: À vista do que consta dos autos, adoto como razões de decidir os fundamentos de mérito e de fato apresentados pela Coordenação-Geral do Complexo Industrial da Saúde - CGCIS/SCTIE/MS, por meio do Relatório s/nº (id SEI/MS 0026509582), bem como as razões de direito expostas pela Consultoria Jurídica junto ao Ministério da Saúde, nos termos do PARECER nº 00350/2022/CONJUR-MS/CGU/AGU, do DESPACHO nº 01843/2022/CONJUR-MS/CGU/AGU e do DESPACHO nº 01850/2022/CONJUR-MS/CGU/AGU, e INDEFIRO o recurso administrativo interposto pela Fundação Baiana de Pesquisa Cientifica e Desenvolvimento Tecnológico, Fornecimento e Distribuição de Medicamentos - BAHIAFARMA.</p><p class="assina">MARCELO ANTÔNIO CARTAXO QUEIROGA LOPES</p><p class="cargo">Ministro</p>]]></Texto>
  </body>
  <Midias />
</article></xml>