﻿<xml><article id="27708812" name="Ato12063a12065" idOficio="7355862" pubName="DO1" artType="Ato" pubDate="25/08/2022" artClass="00012:00014:00016:00057:00000:00000:00000:00000:00000:00000:00006:00009" artCategory="Ministério das Comunicações/Agência Nacional de Telecomunicações/Superintendência de Outorga e Recursos à Prestação/Gerência de Outorga e Licenciamento de Estações" artSize="12" artNotes="" numberPage="28" pdfPage="http://pesquisa.in.gov.br/imprensa/jsp/visualiza/index.jsp?data=25/08/2022&amp;jornal=515&amp;pagina=28" editionNumber="162" highlightType="" highlightPriority="" highlight="" highlightimage="" highlightimagename="" idMateria="14837057">
  <body>
    <Identifica><![CDATA[ ATOS DE 24 DE AGOSTO DE 2022]]></Identifica>
    <Data><![CDATA[]]></Data>
    <Ementa />
    <Titulo />
    <SubTitulo />
    <Texto><![CDATA[<p class="identifica">ATOS DE 24 DE AGOSTO DE 2022</p><p>Nº 12.063 - Autoriza MENDLOC COMERCIO SERVICOS E LOCACAO DE EQUIPAMENTOS LTDA, CNPJ nº 21.129.464/0001-72, a realizar operação temporária de equipamentos de radiocomunicação, na cidade de Rio de Janeiro/RJ, no período de 26/08/2022 a 26/09/2022.</p><p>Nº 12.064 - Autoriza Py2 Radiosom Instalacoes, Comercio, Importacao e Exportacao Eireli, CNPJ nº 11.061.010/0001-53, a realizar operação temporária de equipamentos de radiocomunicação, na cidade de Mogi Guaçu/SP, no período de 01/09/2022 a 11/09/2022.</p><p>Nº 12.065 - Autoriza FUNDACAO CULTURAL DE RADIODIFUSAO EDUCATIVA COSTA DOURADA, CNPJ nº 39.133.202/0001-47, a realizar operação temporária de equipamentos de radiocomunicação, na cidade de São Paulo/SP, no período de 24/08/2022 a 25/08/2022.</p><p class="assina">Renato Sales Bizerra Aguiar</p><p class="cargo">Gerente</p>]]></Texto>
  </body>
  <Midias />
</article></xml>