﻿<xml><article id="27698049" name="DECISAO COREN-GO NA 1.291 DE 04 " idOficio="7353861" pubName="DO1" artType="Decisão" pubDate="25/08/2022" artClass="00048:00236:00000:00000:00000:00000:00000:00000:00000:00000:00018:00000" artCategory="Entidades de Fiscalização do Exercício das Profissões Liberais/Conselho Regional de Enfermagem de Goiás" artSize="12" artNotes="" numberPage="299" pdfPage="http://pesquisa.in.gov.br/imprensa/jsp/visualiza/index.jsp?data=25/08/2022&amp;jornal=515&amp;pagina=299" editionNumber="162" highlightType="" highlightPriority="" highlight="" highlightimage="" highlightimagename="" idMateria="14834133">
  <body>
    <Identifica><![CDATA[ DECISÃO COREN-GO Nº 1.291, DE 4 DE AGOSTO DE 2022]]></Identifica>
    <Data><![CDATA[]]></Data>
    <Ementa><![CDATA[ Dispõe sobre a aprovação da 1ª Reformulação Orçamentária para o exercício financeiro de 2022 e dá outras providências.]]></Ementa>
    <Titulo />
    <SubTitulo />
    <Texto><![CDATA[<p class="identifica">DECISÃO COREN-GO Nº 1.291, DE 4 DE AGOSTO DE 2022</p><p class="ementa">Dispõe sobre a aprovação da 1ª Reformulação Orçamentária para o exercício financeiro de 2022 e dá outras providências.</p><p>A PRESIDENTE DO CONSELHO REGIONAL DE ENFERMAGEM DO ESTADO DE GOIÁS no uso de suas atribuições legais e regimentais e; CONSIDERANDO, a necessidade de reajustar as dotações que se apresentam insuficientes no Orçamento do exercício de 2022; CONSIDERANDO, o artigo 43 da Lei n. 4320/1964, onde pondera a utilização de recursos provenientes de superávit financeiro comprovado no Balanço do exercício anterior, tendência de excesso de arrecadação, produto de operação de crédito, bem como por anulação parcial de dotações orçamentárias. CONSIDERANDO, o que dispõe a Lei nº 4.320/64, de 17 de março de 1964, nos seus artigos nº 40 a 46; CONSIDERANDO, ainda, o constante dos demonstrativos anexos que apresentam a situação do Orçamento em razão da execução orçamentária no decorrer do exercício; CONSIDERANDO a deliberação do plenário em sua 711ª (Septingentésima Décima Primeira) Reunião Ordinária de Plenário realizada no dia 29 de julho de dois mil e vinte e dois, decide:</p><p>Art. 1º - Aprovar a 1ª Reformulação Orçamentária de 2022, elaborada e apresentada pela Diretoria do Conselho Regional de Enfermagem de Goiás ao Plenário.</p><p>Art. 2º - A reformulação tem como origem de recurso o crédito adicional correspondente ao superávit financeiro do exercício anterior.</p><p>Art. 3º - Em face da Reformulação o Regional propõe alteração que aumenta o valor global do orçamento de R$ 14.400.000,00 (quatorze milhões) para R$ 19.416.551,00 (dezenove milhões quatrocentos e dezesseis mil e quinhentos e cinquenta e um reais).</p><p>Art. 4º - Esta decisão entra em vigor após homologação do Conselho Federal de Enfermagem - Cofen.</p><p></p><p class="assina">Edna de Souza Batista</p><p class="cargo">Presidente do Conselho</p><p class="assina">Elma dos Santos Assis</p><p class="cargo">Secretária</p>]]></Texto>
  </body>
  <Midias />
</article></xml>