﻿<xml><article id="27702532" name="INTERDICAO_ 24_08_2022" idOficio="7354731" pubName="DO1" artType="Despacho" pubDate="25/08/2022" artClass="00027:00020:00004:00000:00000:00000:00000:00000:00000:00000:00024:00000" artCategory="Ministério do Trabalho e Previdência/Secretaria de Trabalho/Coordenação-Geral de Recursos" artSize="12" artNotes="" numberPage="283" pdfPage="http://pesquisa.in.gov.br/imprensa/jsp/visualiza/index.jsp?data=25/08/2022&amp;jornal=515&amp;pagina=283" editionNumber="162" highlightType="" highlightPriority="" highlight="" highlightimage="" highlightimagename="" idMateria="14835256">
  <body>
    <Identifica><![CDATA[ DESPACHO DE 24 de agosto de 2022]]></Identifica>
    <Data><![CDATA[]]></Data>
    <Ementa />
    <Titulo />
    <SubTitulo />
    <Texto><![CDATA[<p class="identifica">DESPACHO DE 24 de agosto de 2022</p><p>O Coordenador-Geral de Recursos da Secretaria do Trabalho/MTP, no uso de sua competência, prevista no art. 32, inciso I, alíneas "C" e "D", Anexo IX, da Portaria MTE nº 1153/17, com amparo no art. 50, §1º, da Lei 9.784/99, decidiu o processo de interdição nos seguintes termos:</p><p>Conheço e nego provimento ao recurso.</p><p>Mantenho a interdição, nos termos da fundamentação apresentada nos documentos SEI N° 27491860, 27337510 e 27127259.</p><p /><p></p><table><tr /><tr><td rowspan="1" colspan="1"><p>Nº</p></td><td rowspan="1" colspan="1"><p>Processo</p></td><td rowspan="1" colspan="1"><p>Termo de Interdição</p></td><td rowspan="1" colspan="1"><p>Empresa</p></td><td rowspan="1" colspan="1"><p>UF</p></td></tr><tr><td rowspan="1" colspan="1"><p>1</p></td><td rowspan="1" colspan="1"><p>13090.101321/2022-24</p></td><td rowspan="1" colspan="1"><p>4.048.323-1</p></td><td rowspan="1" colspan="1"><p>COMPANHIA DOCAS DA PARAÍBA</p></td><td rowspan="1" colspan="1"><p>PB</p></td></tr></table><p class="assina">Paulo Sillas Freitas Pinheiro</p><p></p>]]></Texto>
  </body>
  <Midias />
</article></xml>