﻿<xml><article id="27705761" name="REL 478 2022 DNGR" idOficio="7355325" pubName="DO1" artType="Despacho" pubDate="25/08/2022" artClass="00023:00030:00045:00005:00000:00000:00000:00000:00000:00000:00024:00000" artCategory="Ministério de Minas e Energia/Agência Nacional de Mineração/Superintendência de Arrecadação e Fiscalização de Receitas/Divisão Nacional de Gestão das Receitas" artSize="12" artNotes="" numberPage="260" pdfPage="http://pesquisa.in.gov.br/imprensa/jsp/visualiza/index.jsp?data=25/08/2022&amp;jornal=515&amp;pagina=260" editionNumber="162" highlightType="" highlightPriority="" highlight="" highlightimage="" highlightimagename="" idMateria="14836270">
  <body>
    <Identifica><![CDATA[ DESPACHO  ]]></Identifica>
    <Data><![CDATA[]]></Data>
    <Ementa />
    <Titulo />
    <SubTitulo />
    <Texto><![CDATA[<p class="identifica">DESPACHO</p><p>Relação nº 478/2022</p><p>FASE DE AUTORIZAÇÃO DE PESQUISA Multa aplicada-(TAH)/prazo para pagamento ou interposição de recurso: 30 dias. (6.41)</p><p>Ajax da Silva Andrade - 810636/21</p><p>Angelo Jair Ferreira da Costa - 810630/20</p><p>Jairo da Silva Netto - 810811/21</p><p>Minassul Comércio de Brita e Areia LTDA. - 810614/21</p><p>Mineração Nossa Senhora do Carmo Ltda - 810314/19</p><p>Neimår Vigãnó - 810627/21</p><p>w i Britagem Ltda Epp - 810505/20</p><p class="assina">Alexandre Ribeiro de Queiroz</p><p class="cargo">Chefe de Divisão</p>]]></Texto>
  </body>
  <Midias />
</article></xml>