﻿<xml><article id="27705587" name="RESOLUAAO NA 29" idOficio="7355284" pubName="DO1" artType="Resolução" pubDate="25/08/2022" artClass="00007:00051:00000:00000:00000:00000:00000:00000:00000:00000:00005:00007" artCategory="Ministério da Agricultura, Pecuária e Abastecimento/Secretaria de Política Agrícola" artSize="12" artNotes="" numberPage="19" pdfPage="http://pesquisa.in.gov.br/imprensa/jsp/visualiza/index.jsp?data=25/08/2022&amp;jornal=515&amp;pagina=19" editionNumber="162" highlightType="" highlightPriority="" highlight="" highlightimage="" highlightimagename="" idMateria="14836232">
  <body>
    <Identifica><![CDATA[RESOLUÇÃO Nº 29, DE 23 DE AGOSTO DE 2022]]></Identifica>
    <Data><![CDATA[]]></Data>
    <Ementa><![CDATA[Divulga resultado do julgamento de recursos da Comissão Especial de Recursos (CER) do Programa de Garantia da Atividade Agropecuária (PROAGRO).]]></Ementa>
    <Titulo />
    <SubTitulo />
    <Texto><![CDATA[<p class="identifica">RESOLUÇÃO Nº 29, DE 23 DE AGOSTO DE 2022</p><p class="ementa">Divulga resultado do julgamento de recursos da Comissão Especial de Recursos (CER) do Programa de Garantia da Atividade Agropecuária (PROAGRO).</p><p>A Comissão Especial de Recursos do Programa de Garantia da Atividade Agropecuária (CER/PROAGRO), no uso de suas competências conferidas pelo disposto no Decreto nº 10.124, de 21 de novembro de 2019, em julgamento remoto realizado em Brasília/DF, entre os dias 19 e 29 de julho de 2022, resolve:</p><p>Art 1º Dar provimento, por unanimidade na votação, ao pedido de revisão dos recursos abaixo relacionados:</p><p /><p></p><table><tr /><tr><td rowspan="1" colspan="1"><p>Item</p></td><td rowspan="1" colspan="1"><p>N° CER</p></td><td rowspan="1" colspan="1"><p>Mutuário</p></td><td rowspan="1" colspan="1"><p>Ref Bac</p></td><td rowspan="1" colspan="1"><p>Proagro</p></td></tr><tr><td rowspan="1" colspan="1"><p>1</p></td><td rowspan="1" colspan="1"><p>21066.006156/2020-61</p></td><td rowspan="1" colspan="1"><p>Andre Fernando Haas</p></td><td rowspan="1" colspan="1"><p>20190862162</p></td><td rowspan="1" colspan="1"><p>Mais</p></td></tr><tr><td rowspan="1" colspan="1"><p>2</p></td><td rowspan="1" colspan="1"><p>21066.003162/2020-67</p></td><td rowspan="1" colspan="1"><p>Jose Roberto De Souza</p></td><td rowspan="1" colspan="1"><p>20170796002</p></td><td rowspan="1" colspan="1"><p>Tradicional</p></td></tr></table><p>Art. 2º. Esta Resolução entra em vigor na data de sua publicação.</p><p class="assina">GUILHERME SORIA BASTOS FILHO</p><p class="cargo">Presidente Comissão Especial de Recursos</p>]]></Texto>
  </body>
  <Midias />
</article></xml>