﻿<xml><article id="27707145" name="24082022MS2" idOficio="7355574" pubName="DO1" artType="Ato" pubDate="25/08/2022" artClass="00012:00014:00014:00160:00010:00002:00000:00000:00000:00000:00006:00003" artCategory="Ministério das Comunicações/Agência Nacional de Telecomunicações/Superintendência de Fiscalização/Gerência Regional nos Estados de Goiás, Mato Grosso, Mato Grosso do Sul e Tocantins/Unidade Operacional no Estado de Mato Grosso do Sul/Coordenação de Processo de Outorga e Recursos à Prestação" artSize="12" artNotes="" numberPage="26" pdfPage="http://pesquisa.in.gov.br/imprensa/jsp/visualiza/index.jsp?data=25/08/2022&amp;jornal=515&amp;pagina=26" editionNumber="162" highlightType="" highlightPriority="" highlight="" highlightimage="" highlightimagename="" idMateria="14836631">
  <body>
    <Identifica><![CDATA[ ATOS DE 20 DE JUNHO DE 2022]]></Identifica>
    <Data><![CDATA[]]></Data>
    <Ementa />
    <Titulo />
    <SubTitulo />
    <Texto><![CDATA[<p class="identifica">ATOS DE 20 DE JUNHO DE 2022</p><p>Nº 8.472 - Processo nº 53548.000595/2022-04.</p><p>Declara extinta, por Cassação, a autorização outorgada à entidade, MIGUEL ROBERTO MEYRELES, CPF nº ***.220.571-**, para explorar o Serviço de Telecomunicações de Interesse Restrito, bem como o Serviço de Rádio do Cidadão.</p><p>Nº 8.474 - Processo nº 53548.000600/2022-71.</p><p>Declara extinta, por Cassação, a autorização outorgada à entidade, MAURICIO COUTINHO ANACHE, CPF nº ***.831.081-**, para explorar o Serviço de Telecomunicações de Interesse Restrito, bem como o Serviço de Rádio do Cidadão.</p><p>Nº 8.479 - Processo nº 53548.000612/2022-03.</p><p>Declara extinta, por Cassação, a autorização outorgada à entidade, MARCOS PEREIRA ALONSO, CPF nº ***.219.041-**, para explorar o Serviço de Telecomunicações de Interesse Restrito, bem como o Serviço de Rádio do Cidadão.</p><p>Nº 8.482 - Processo nº 53548.000409/2022-29.</p><p>Declara extinta, por Cassação, a autorização outorgada à entidade, MARCIO RODRIGUES PEREIRA JUNIOR, CPF nº ***.297.721-**, para explorar o Serviço de Telecomunicações de Interesse Restrito, bem como o Serviço de Rádio do Cidadão.</p><p>Nº 8.486 - Processo nº 53548.000410/2022-53.</p><p>Declara extinta, por Cassação, a autorização outorgada à entidade, MARCIO RODRIGUES PEREIRA, CPF nº ***.980.231-**, para explorar o Serviço de Telecomunicações de Interesse Restrito, bem como o Serviço de Rádio do Cidadão.</p><p>Nº 8.501 - Processo nº 53548.000620/2022-41.</p><p>Declara extinta, por Cassação, a autorização outorgada à entidade, MARCELO FERREIRA DA SILVA, CPF nº ***.103.351-**, para explorar o Serviço de Telecomunicações de Interesse Restrito, bem como o Serviço de Rádio do Cidadão.</p><p>Nº 8.503 - Processo nº 53548.000393/2022-54.</p><p>Declara extinta, por Cassação, a autorização outorgada à entidade, LUIS LOPES MARTINEZ, CPF nº ***.208.157-**, para explorar o Serviço de Telecomunicações de Interesse Restrito, bem como o Serviço de Rádio do Cidadão.</p><p>Nº 8.507 - Processo nº 53548.000642/2022-10.</p><p>Declara extinta, por Cassação, a autorização outorgada à entidade, LUIS CARLOS FLORES FALCAO, CPF nº ***.884.401-**, para explorar o Serviço de Telecomunicações de Interesse Restrito, bem como o Serviço de Rádio do Cidadão.</p><p>Nº 8.509 - Processo nº 53548.000412/2022-42.</p><p>Declara extinta, por Cassação, a autorização outorgada à entidade, LOURIVAL CAMPOS, CPF nº ***.029.047-**, para explorar o Serviço de Telecomunicações de Interesse Restrito, bem como o Serviço de Rádio do Cidadão.</p><p>Nº 8.510 - Processo nº 53548.000662/2022-82.</p><p>Declara extinta, por Cassação, a autorização outorgada à entidade, LEONARDO CORREA DE MIRANDA, CPF nº ***.733.011-**, para explorar o Serviço de Telecomunicações de Interesse Restrito, bem como o Serviço de Rádio do Cidadão.</p><p class="assina">Paulo Aurelio Pereira da Silva</p><p class="cargo">Gerente</p><p class="identifica">ATOS DE 21 DE JUNHO DE 2022</p><p>Nº 8.561 - Processo nº 53548.000534/2022-39.</p><p>Declara extinta, por Cassação, a autorização outorgada à entidade, ROGERIO JOSE DE OLIVEIRA, CPF nº ***.686.231-**, para explorar o Serviço de Telecomunicações de Interesse Restrito, bem como o Serviço de Rádio do Cidadão.</p><p>Nº 8.562 - Processo nº 53548.000404/2022-04.</p><p>Declara extinta, por Cassação, a autorização outorgada à entidade, ROBERTO CARLOS CRISTALDO, CPF nº ***.477.371-**, para explorar o Serviço de Telecomunicações de Interesse Restrito, bem como o Serviço de Rádio do Cidadão.</p><p>Nº 8.563 - Processo nº 53548.000541/2022-31.</p><p>Declara extinta, por Cassação, a autorização outorgada à entidade, RICARDO SEVILHA MENDES DE ARO, CPF nº ***.907.101-**, para explorar o Serviço de Telecomunicações de Interesse Restrito, bem como o Serviço de Rádio do Cidadão.</p><p>Nº 8.564 - Processo nº 53548.000542/2022-85.</p><p>Declara extinta, por Cassação, a autorização outorgada à entidade, RICARDO DOS SANTOS FERREIRA, CPF nº ***.591.891-**, para explorar o Serviço de Telecomunicações de Interesse Restrito, bem como o Serviço de Rádio do Cidadão.</p><p>Nº 8.565 - Processo nº 53548.000543/2022-20.</p><p>Declara extinta, por Cassação, a autorização outorgada à entidade, RICARDO DE MELO GUERNER, CPF nº ***.613.461-**, para explorar o Serviço de Telecomunicações de Interesse Restrito, bem como o Serviço de Rádio do Cidadão.</p><p>Nº 8.566 - Processo nº 53548.000555/2022-54.</p><p>Declara extinta, por Cassação, a autorização outorgada à entidade, RAIMUNDO MIGUEL DE ARAUJO, CPF nº ***.649.371-**, para explorar o Serviço de Telecomunicações de Interesse Restrito, bem como o Serviço de Rádio do Cidadão.</p><p>Nº 8.567 - Processo nº 53548.000557/2022-43.</p><p>Declara extinta, por Cassação, a autorização outorgada à entidade, RAFAEL MERLIN, CPF nº ***.514.611-**, para explorar o Serviço de Telecomunicações de Interesse Restrito, bem como o Serviço de Rádio do Cidadão.</p><p>Nº 8.568 - Processo nº 53548.000580/2022-38.</p><p>Declara extinta, por Cassação, a autorização outorgada à entidade, OSCARINO VITORINO DA CRUZ, CPF nº ***.453.761-**, para explorar o Serviço de Telecomunicações de Interesse Restrito, bem como o Serviço de Rádio do Cidadão.</p><p>Nº 8.574 - Processo nº 53548.000582/2022-27.</p><p>Declara extinta, por Cassação, a autorização outorgada à entidade, OLANDO FORASTIERI, CPF nº ***.061.189-**, para explorar o Serviço de Telecomunicações de Interesse Restrito, bem como o Serviço de Rádio do Cidadão.</p><p class="assina">Paulo Aurelio Pereira da Silva</p><p class="cargo">Gerente</p><p class="identifica">ATOS DE 22 DE JUNHO DE 2022</p><p>Nº 8.677 - Processo nº 53548.000444/2022-48.</p><p>Declara extinta, por Cassação, a autorização outorgada à entidade, WILSON GONCALVES DE SOUZA, CPF nº ***.366.101-**, para explorar o Serviço de Telecomunicações de Interesse Restrito, bem como o Serviço de Rádio do Cidadão.</p><p>Nº 8.678 - Processo nº 53548.000449/2022-71.</p><p>Declara extinta, por Cassação, a autorização outorgada à entidade, WILLIAN RAMAO AMARAL SANCHEZ, CPF nº ***.200.258-**, para explorar o Serviço de Telecomunicações de Interesse Restrito, bem como o Serviço de Rádio do Cidadão.</p><p>Nº 8.680 - Processo nº 53548.000394/2022-07.</p><p>Declara extinta, por Cassação, a autorização outorgada à entidade, WESLEI AUGUSTO JOE, CPF nº ***.139.881-**, para explorar o Serviço de Telecomunicações de Interesse Restrito, bem como o Serviço de Rádio do Cidadão.</p><p class="assina">Ana Paula Mendonça Abrão</p><p class="cargo">Gerente Substituta</p>]]></Texto>
  </body>
  <Midias />
</article></xml>