﻿<xml><article id="27700507" name="RetificaAAo - deliberaAAo pas 2 " idOficio="7354399" pubName="DO1" artType="Retificação" pubDate="25/08/2022" artClass="00019:00035:00028:00008:00000:00000:00000:00000:00000:00000:00066:00000" artCategory="Ministério da Infraestrutura/Agência Nacional de Transportes Aquaviários/Superintendência de Fiscalização e Coordenação das Unidades Regionais/Gerência Regional de Recife" artSize="12" artNotes="" numberPage="243" pdfPage="http://pesquisa.in.gov.br/imprensa/jsp/visualiza/index.jsp?data=25/08/2022&amp;jornal=515&amp;pagina=243" editionNumber="162" highlightType="" highlightPriority="" highlight="" highlightimage="" highlightimagename="" idMateria="14834735">
  <body>
    <Identifica><![CDATA[ RETIFICAÇÃO]]></Identifica>
    <Data><![CDATA[]]></Data>
    <Ementa />
    <Titulo />
    <SubTitulo />
    <Texto><![CDATA[<p class="identifica">RETIFICAÇÃO</p><p>Na Deliberação PAS nº 2/2022/GRERE-Nordeste/SFC, de 20/07/2022, publicada no DOU de 24/08/2022, Seção 1, pág. 38, onde se lê: "... com base na análise dos fatos apurados no processo nº 50300.007663/2021-81, decide pela subsistência do Auto de Infração nº 005429-1...", leia-se: "..., decide pela subsistência do Auto de Infração nº 005429-1...".</p>]]></Texto>
  </body>
  <Midias />
</article></xml>