﻿<xml><article id="27705309" name="RESOLUAAO NA 24" idOficio="7355211" pubName="DO1" artType="Resolução" pubDate="25/08/2022" artClass="00007:00051:00000:00000:00000:00000:00000:00000:00000:00000:00005:00002" artCategory="Ministério da Agricultura, Pecuária e Abastecimento/Secretaria de Política Agrícola" artSize="12" artNotes="" numberPage="18" pdfPage="http://pesquisa.in.gov.br/imprensa/jsp/visualiza/index.jsp?data=25/08/2022&amp;jornal=515&amp;pagina=18" editionNumber="162" highlightType="" highlightPriority="" highlight="" highlightimage="" highlightimagename="" idMateria="14836134">
  <body>
    <Identifica><![CDATA[RESOLUÇÃO Nº 24, DE 23 DE AGOSTO DE 2022]]></Identifica>
    <Data><![CDATA[]]></Data>
    <Ementa><![CDATA[Divulga resultado do julgamento de recursos da comissão especial de recursos (CER) DO Programa de Garantia da Atividade Agropecuária (PROAGRO).]]></Ementa>
    <Titulo />
    <SubTitulo />
    <Texto><![CDATA[<p class="identifica">RESOLUÇÃO Nº 24, DE 23 DE AGOSTO DE 2022</p><p class="ementa">Divulga resultado do julgamento de recursos da comissão especial de recursos (CER) DO Programa de Garantia da Atividade Agropecuária (PROAGRO).</p><p>A Comissão Especial de Recursos do Programa de Garantia da Atividade Agropecuária (CER/PROAGRO), no uso de suas competências conferidas pelo disposto no Decreto nº 10.124, de 21 de novembro de 2019, em julgamento remoto realizado em Brasília/DF, entre os dias 19 e 29 de julho de 2022, resolve:</p><p>Art 1º Acatar parcialmente, por maioria na votação, os recursos abaixo relacionados:</p><p /><p></p><table><tr /><tr><td rowspan="1" colspan="1"><p>Item</p></td><td rowspan="1" colspan="1"><p>N° CER</p></td><td rowspan="1" colspan="1"><p>Mutuário</p></td><td rowspan="1" colspan="1"><p>Ref Bac</p></td><td rowspan="1" colspan="1"><p>Proagro</p></td></tr><tr><td rowspan="1" colspan="1"><p>1</p></td><td rowspan="1" colspan="1"><p>21066.009572/2021-01</p></td><td rowspan="1" colspan="1"><p>Elaine Dalacort Vermohlen</p></td><td rowspan="1" colspan="1"><p>20201378882</p></td><td rowspan="1" colspan="1"><p>Mais</p></td></tr><tr><td rowspan="1" colspan="1"><p>2</p></td><td rowspan="1" colspan="1"><p>21066.009992/2021-89</p></td><td rowspan="1" colspan="1"><p>Jaquiel Pontel</p></td><td rowspan="1" colspan="1"><p>20201049499</p></td><td rowspan="1" colspan="1"><p>Mais</p></td></tr><tr><td rowspan="1" colspan="1"><p>3</p></td><td rowspan="1" colspan="1"><p>21066.009870/2021-92</p></td><td rowspan="1" colspan="1"><p>Joao Carlos Da Silva</p></td><td rowspan="1" colspan="1"><p>20190752993</p></td><td rowspan="1" colspan="1"><p>Mais</p></td></tr><tr><td rowspan="1" colspan="1"><p>4</p></td><td rowspan="1" colspan="1"><p>21066.009568/2021-34</p></td><td rowspan="1" colspan="1"><p>Joao Odilo Niederauer</p></td><td rowspan="1" colspan="1"><p>20190976856</p></td><td rowspan="1" colspan="1"><p>Mais</p></td></tr><tr><td rowspan="1" colspan="1"><p>5</p></td><td rowspan="1" colspan="1"><p>21066.009382/2021-85</p></td><td rowspan="1" colspan="1"><p>Joaquim Goncalves</p></td><td rowspan="1" colspan="1"><p>20200004501</p></td><td rowspan="1" colspan="1"><p>Tradicional</p></td></tr><tr><td rowspan="1" colspan="1"><p>6</p></td><td rowspan="1" colspan="1"><p>21066.010218/2021-11</p></td><td rowspan="1" colspan="1"><p>Luiz Jose Gilioli</p></td><td rowspan="1" colspan="1"><p>20200805353</p></td><td rowspan="1" colspan="1"><p>Mais</p></td></tr><tr><td rowspan="1" colspan="1"><p>7</p></td><td rowspan="1" colspan="1"><p>21066.009408/2021-95</p></td><td rowspan="1" colspan="1"><p>Rogelio Luiz Caxambu</p></td><td rowspan="1" colspan="1"><p>20200759254</p></td><td rowspan="1" colspan="1"><p>Mais</p></td></tr><tr><td rowspan="1" colspan="1"><p>8</p></td><td rowspan="1" colspan="1"><p>21066.009628/2021-19</p></td><td rowspan="1" colspan="1"><p>Rudinei Jesus Schneider</p></td><td rowspan="1" colspan="1"><p>20200423760</p></td><td rowspan="1" colspan="1"><p>Mais</p></td></tr></table><p>Art. 2º. Esta Resolução entra em vigor na data de sua publicação.</p><p class="assina">GUILHERME SORIA BASTOS FILHO</p><p class="cargo">Presidente Comissão Especial de Recursos</p>]]></Texto>
  </body>
  <Midias />
</article></xml>