﻿<xml><article id="27709949" name="1. Port. nA 636 a 642 - Atos de " idOficio="7355978" pubName="DO1" artType="Portaria" pubDate="25/08/2022" artClass="00018:00001:00000:00000:00000:00000:00000:00000:00000:00000:00024:00002" artCategory="Ministério da Educação/Gabinete do Ministro" artSize="12" artNotes="" numberPage="217" pdfPage="http://pesquisa.in.gov.br/imprensa/jsp/visualiza/index.jsp?data=25/08/2022&amp;jornal=515&amp;pagina=217" editionNumber="162" highlightType="" highlightPriority="" highlight="" highlightimage="" highlightimagename="" idMateria="14837308">
  <body>
    <Identifica><![CDATA[ PORTARIA Nº 636, DE 24 DE AGOSTO DE 2022]]></Identifica>
    <Data><![CDATA[]]></Data>
    <Ementa />
    <Titulo />
    <SubTitulo />
    <Texto><![CDATA[<p class="identifica">PORTARIA Nº 636, DE 24 DE AGOSTO DE 2022</p><p>O MINISTRO DE ESTADO DA EDUCAÇÃO, no uso de suas atribuições, tendo em vista o art. 2º da Lei nº 9.131, de 24 de novembro de 1995; o art. 4º da Lei nº 10.870, de 19 de maio de 2004; o Decreto nº 9.235, de 15 de dezembro de 2017; o Decreto nº 9.057, de 25 de maio de 2017; as Portarias Normativas nº 20 e 23, republicadas em 3 de setembro de 2018 e a Portaria Normativa nº 11, de 20 de junho de 2017, e o Parecer Referencial nº 00004/2019/CONJUR-MEC/CGU/AGU, resolve:</p><p>Art. 1º Homologar o Parecer nº 140/2022, da Câmara de Educação Superior do Conselho Nacional de Educação, referente ao processo e-MEC nº 201905979.</p><p>Art. 2º Credenciar a INSTITUTO DE EDUCAÇÃO SUPERIOR LATINOAMERICANO - IESLA (cód. nº 21949), para a oferta de cursos superiores na modalidade a distância, com sede na Avenida Miguel Perrela, nº 680, Castelo, no município de Belo Horizonte, no estado de Minas Gerais, mantido pelo INSTITUTO DE EDUCAÇÃO SUPERIOR LATINOAMERICANO - IESLA (cód. nº 16764), com sede no mesmo município e estado. (CNPJ 97.525.706/0001-09).</p><p>Art. 3º As atividades presenciais serão desenvolvidas na sede da instituição e em polos EaD constantes do Cadastro e-MEC, em conformidade com o art. 16, do Decreto nº 9.057, de 25 de maio de 2017 e art. 12, da Portaria Normativa MEC nº 11, de 21 de junho de 2017.</p><p>Art. 4º O credenciamento de que trata o art. 2º é válido pelo prazo de 4 (quatro) anos, conforme previsto na Portaria Normativa nº 1, de 3 de janeiro de 2017.</p><p>Art. 5º Esta Portaria entra em vigor na data de sua publicação.</p><p class="assina">VICTOR GODOY VEIGA</p><p class="identifica">PORTARIA Nº 637, DE 24 DE AGOSTO DE 2022</p><p>O MINISTRO DE ESTADO DA EDUCAÇÃO, no uso de suas atribuições, tendo em vista o art. 2º da Lei nº 9.131, de 24 de novembro de 1995; o art. 4º da Lei nº 10.870, de 19 de maio de 2004; o Decreto nº 9.235, de 15 de dezembro de 2017; o Decreto nº 9.057, de 25 de maio de 2017; as Portarias Normativas nº 20 e 23, republicadas em 3 de setembro de 2018 e a Portaria Normativa nº 11, de 20 de junho de 2017, e o Parecer Referencial nº 00004/2019/CONJUR-MEC/CGU/AGU, resolve:</p><p>Art. 1º Homologar o Parecer nº 133/2022, da Câmara de Educação Superior do Conselho Nacional de Educação, referente ao processo e-MEC nº 202013847.</p><p>Art. 2º Credenciar o CENTRO UNIVERSITÁRIO UNIVERSUS VERITAS - UNIVERITAS (cód. nº 610), para a oferta de cursos superiores na modalidade a distância, com sede na Rua Marquês de Abrantes, nº 55, Flamengo, no município de Rio de Janeiro, no estado de Rio de Janeiro, mantida pelo INSTITUTO CAMPINENSE DE ENSINO SUPERIOR LTDA (cód. nº 2447), com sede no município Campina Grande, no estado de Paraíba. (CNPJ 05.933.016/0001-70).</p><p>Art. 3º As atividades presenciais serão desenvolvidas na sede da instituição e em polos EaD constantes do Cadastro e-MEC, em conformidade com o art. 16, do Decreto nº 9.057, de 25 de maio de 2017 e art. 12, da Portaria Normativa MEC nº 11, de 21 de junho de 2017.</p><p>Art. 4º O credenciamento de que trata o art. 2º é válido pelo prazo de 4 (quatro) anos, conforme previsto na Portaria Normativa nº 1, de 3 de janeiro de 2017.</p><p>Art. 5º Esta Portaria entra em vigor na data de sua publicação.</p><p class="assina">VICTOR GODOY VEIGA</p><p class="identifica">PORTARIA Nº 638, DE 24 DE AGOSTO DE 2022</p><p>O MINISTRO DE ESTADO DA EDUCAÇÃO, no uso de suas atribuições, tendo em vista o art. 2º da Lei nº 9.131, de 24 de novembro de 1995; o art. 4º da Lei nº 10.870, de 19 de maio de 2004; o Decreto nº 9.235, de 15 de dezembro de 2017; o Decreto nº 9.057, de 25 de maio de 2017; as Portarias Normativas nº 20 e 23, republicadas em 03 de setembro de 2018 e a Portaria Normativa nº 11, de 20 de junho de 2017, e o Parecer Referencial nº 00004/2019/CONJUR-MEC/CGU/AGU, resolve:</p><p>Art. 1º Homologar o Parecer nº 169/2022, da Câmara de Educação Superior do Conselho Nacional de Educação, referente ao processo e-MEC nº 201907426.</p><p>Art. 2º Credenciar a FACULDADE NOVE DE JULHO GUARULHOS - NOVE-GUARULHOS (cód. nº 22314), para a oferta de cursos superiores na modalidade a distância, com sede na Rua Harry Simonsen, nº 21, Vila das Palmeiras, no município Guarulhos, no estado de São Paulo, mantida pela ASSOCIAÇÃO EDUCACIONAL NOVE DE JULHO (cód. nº 222), com sede no mesmo município e estado. (CNPJ 43.374.768/0001-38).</p><p>Art. 3º As atividades presenciais serão desenvolvidas na sede da instituição e em polos EaD constantes do Cadastro e-MEC, em conformidade com o art. 16, do Decreto nº 9.057, de 25 de maio de 2017 e art. 12, da Portaria Normativa MEC nº 11, de 21 de junho de 2017.</p><p>Art. 4º O credenciamento de que trata o art. 2º é válido pelo prazo de 4 (quatro) anos, conforme previsto na Portaria Normativa nº 1, de 3 de janeiro de 2017.</p><p>Art. 5º Esta Portaria entra em vigor na data de sua publicação.</p><p class="assina">VICTOR GODOY VEIGA</p><p class="identifica">PORTARIA Nº 639, DE 24 DE AGOSTO DE 2022</p><p>O MINISTRO DE ESTADO DA EDUCAÇÃO, no uso de suas atribuições, tendo em vista o art. 2º da Lei nº 9.131, de 24 de novembro de 1995; o art. 4º da Lei nº 10.870, de 19 de maio de 2004; o Decreto nº 9.235, de 15 de dezembro de 2017; o Decreto nº 9.057, de 25 de maio de 2017; as Portarias Normativas nº 20 e 23, republicadas em 3 de setembro de 2018 e a Portaria Normativa nº 11, de 20 de junho de 2017, e o Parecer Referencial nº 00004/2019/CONJUR-MEC/CGU/AGU, resolve:</p><p>Art. 1º Homologar o Parecer nº 207/2022, da Câmara de Educação Superior do Conselho Nacional de Educação, referente ao processo e-MEC nº 202022484.</p><p>Art. 2º Credenciar a FACULDADE INTEGRADA DAS CATARATAS eJOVEM - eJOVEM (cód. nº 4922), para a oferta de cursos superiores na modalidade a distância, com sede na Rua David Muffatto, nº 367, Jardim Comercial das Bandeiras, no município de Foz do Iguaçu, no estado de Paraná, mantida pela DIRETIVA ADMINISTRADORA DE PARTICIPAÇÕES LTDA (cód. nº 1033), com sede no mesmo município e estado. (CNPJ 00.120.750/0001-05).</p><p>Art. 3º As atividades presenciais serão desenvolvidas na sede da instituição e em polos EaD constantes do Cadastro e-MEC, em conformidade com o art. 16, do Decreto nº 9.057, de 25 de maio de 2017 e art. 12, da Portaria Normativa MEC nº 11, de 21 de junho de 2017.</p><p>Art. 4º O credenciamento de que trata o art. 2º é válido pelo prazo de 5 (cinco) anos, conforme previsto na Portaria Normativa nº 1, de 3 de janeiro de 2017.</p><p>Art. 5º Esta Portaria entra em vigor na data de sua publicação.</p><p class="assina">VICTOR GODOY VEIGA</p><p class="identifica">PORTARIA Nº 640, DE 24 DE AGOSTO DE 2022</p><p>O MINISTRO DE ESTADO DA EDUCAÇÃO, no uso de suas atribuições, tendo em vista o art. 2º da Lei nº 9.131, de 24 de novembro de 1995; o art. 4º da Lei nº 10.870, de 19 de maio de 2004; o Decreto nº 9.235, de 15 de dezembro de 2017; o Decreto n° 9.057, de 25 de maio de 2017; as Portarias Normativas nº 20 e 23, republicadas em 03 de setembro de 2018 e a Portaria Normativa n° 11, de 20 de junho de 2017, e o Parecer Referencial nº 00003/2019/CONJUR-MEC/CGU/AGU, resolve:</p><p>Art. 1º Fica homologado o Parecer nº 225/2022, da Câmara de Educação Superior do Conselho Nacional de Educação, referente ao processo e-MEC nº 202100333.</p><p>Art. 2º Fica recredenciada a Faculdade Sulamérica Bahia (20605), situada à Rua Glauber Rocha, nº 66, Jardim Paraiso, no município de Luís Eduardo Magalhães, no estado da Bahia, mantida pela DAM EMPREENDIMENTOS E HOLDING EIRELE (16430), com sede em Brasília, Distrito Federal (13.845.395/0001-75).</p><p>Art. 3º O recredenciamento de que trata o art. 2º é válido pelo prazo de 4 (quatro) anos, conforme previsto na Portaria Normativa nº 1, de 3 de janeiro de 2017.</p><p>Art. 4º Esta Portaria entra em vigor na data de sua publicação.</p><p class="assina">VICTOR GODOY VEIGA</p><p class="identifica">PORTARIA Nº 641, DE 24 DE AGOSTO DE 2022</p><p>O MINISTRO DE ESTADO DA EDUCAÇÃO, no uso de suas atribuições, tendo em vista o art. 2º da Lei nº 9.131, de 24 de novembro de 1995; o art. 4º da Lei nº 10.870, de 19 de maio de 2004; o Decreto nº 9.235, de 15 de dezembro de 2017; o Decreto nº 9.057, de 25 de maio de 2017; as Portarias Normativas nº 20 e 23, republicadas em 3 de setembro de 2018 e a Portaria Normativa nº 11, de 20 de junho de 2017, e o Parecer Referencial nº 00004/2019/CONJUR-MEC/CGU/AGU, resolve:</p><p>Art. 1º Homologar o Parecer nº 291/2022, da Câmara de Educação Superior do Conselho Nacional de Educação, referente ao processo e-MEC nº 201929282.</p><p>Art. 2º Credenciar o CENTRO UNIVERSITÁRIO UNIFAFIBE - FAFIBE (cód. nº 2774), para a oferta de cursos superiores na modalidade a distância, com sede na Rua Professor Orlando França de Carvalho, nº 110/325/326, Centro, no município de Bebedouro, no estado de São Paulo, mantido pela ASSOCIAÇÃO DE EDUCAÇÃO E CULTURA DO NORTE PAULISTA (cód. nº 96), com sede no mesmo município e estado. (CNPJ 57.713.281/0001-47).</p><p>Art. 3º As atividades presenciais serão desenvolvidas na sede da instituição e em polos EaD constantes do Cadastro e-MEC, em conformidade com o art. 16, do Decreto nº 9.057, de 25 de maio de 2017 e art. 12, da Portaria Normativa MEC nº 11, de 21 de junho de 2017.</p><p>Art. 4º O credenciamento de que trata o art. 2º é válido pelo prazo de 4 (quatro) anos, conforme previsto na Portaria Normativa nº 1, de 3 de janeiro de 2017.</p><p>Art. 5º Esta Portaria entra em vigor na data de sua publicação.</p><p class="assina">VICTOR GODOY VEIGA</p><p class="identifica">PORTARIA Nº 642, DE 24 DE AGOSTO DE 2022</p><p>O MINISTRO DE ESTADO DA EDUCAÇÃO, no uso de suas atribuições, tendo em vista o art. 2º da Lei nº 9.131, de 24 de novembro de 1995; o art. 4º da Lei nº 10.870, de 19 de maio de 2004; o Decreto nº 9.235, de 15 de dezembro de 2017; o Decreto nº 9.057, de 25 de maio de 2017; as Portarias Normativas nº 20 e 23, republicadas em 3 de setembro de 2018 e a Portaria Normativa nº 11, de 20 de junho de 2017, e o Parecer Referencial nº 00004/2019/CONJUR-MEC/CGU/AGU, resolve:</p><p>Art. 1º Homologar o Parecer nº 240/2022, da Câmara de Educação Superior do Conselho Nacional de Educação, referente ao processo e-MEC nº 202014410.</p><p>Art. 2º Credenciar a ESCOLA SUPERIOR DO MINISTÉRIO PÚBLICO (cód. nº 18800), para a oferta de cursos superiores na modalidade a distância, com sede na Quadra CRS 502 Bloco A, nº 55, Asa Sul, em Brasília, no Distrito Federal, mantida pela Fundação Escola Superior do Ministério Público do Distrito Federal e Territórios (cód. nº 13354), com sede em Brasília, no Distrito Federal. (CNPJ 26.989.137/0001-04).</p><p>Art. 3º As atividades presenciais serão desenvolvidas na sede da instituição e em polos EaD constantes do Cadastro e-MEC, em conformidade com o art. 16, do Decreto nº 9.057, de 25 de maio de 2017 e art. 12, da Portaria Normativa MEC nº 11, de 21 de junho de 2017.</p><p>Art. 4º O credenciamento de que trata o art. 2º é válido pelo prazo de 5 (cinco) anos, conforme previsto na Portaria Normativa nº 1, de 3 de janeiro de 2017.</p><p>Art. 5º Esta Portaria entra em vigor na data de sua publicação.</p><p class="assina">VICTOR GODOY VEIGA</p>]]></Texto>
  </body>
  <Midias />
</article></xml>