﻿<xml><article id="27707199" name="PA2022-8873." idOficio="7355575" pubName="DO1" artType="Portaria" pubDate="25/08/2022" artClass="00019:00034:00033:00000:00000:00000:00000:00000:00000:00000:00054:00002" artCategory="Ministério da Infraestrutura/Agência Nacional de Aviação Civil/Superintendência de Infraestrutura Aeroportuária" artSize="12" artNotes="" numberPage="238" pdfPage="http://pesquisa.in.gov.br/imprensa/jsp/visualiza/index.jsp?data=25/08/2022&amp;jornal=515&amp;pagina=238" editionNumber="162" highlightType="" highlightPriority="" highlight="" highlightimage="" highlightimagename="" idMateria="14836639">
  <body>
    <Identifica><![CDATA[ PORTARIA Nº 8.873, DE 17 DE AGOSTO DE 2022]]></Identifica>
    <Data><![CDATA[]]></Data>
    <Ementa />
    <Titulo />
    <SubTitulo />
    <Texto><![CDATA[<p class="identifica">PORTARIA Nº 8.873, DE 17 DE AGOSTO DE 2022</p><p>O SUPERINTENDENTE DE INFRAESTRUTURA AEROPORTUÁRIA, no uso da atribuição que lhe confere o art. 33, incisos X e XII, do Regimento Interno aprovado pela Resolução nº 381, de 14 de junho de 2016, tendo em vista o disposto na Resolução nº 158, de 13 de julho de 2010, e na Lei nº 7.565, de 19 de dezembro de 1986, e considerando o que consta do processo nº 00058.045244/2022-70, resolve:</p><p>Art. 1º Alterar e renovar a inscrição do aeródromo público abaixo, com as seguintes características:</p><p>I - denominação: Santa Izabel do Rio Negro;</p><p>II - código identificador de aeródromo - CIAD: AM0022;</p><p>III - município (UF): Santa Izabel do Rio Negro (AM); e</p><p>IV - ponto de referência do aeródromo (coordenadas geográficas): 00° 22' 43"S / 064° 59' 35"W.</p><p>Art. 2º A inscrição tem validade de 10 (dez) anos.</p><p>Art. 3º As características cadastrais do aeródromo serão publicadas no sítio da ANAC na rede mundial de computadores.</p><p>Art. 4º Fica revogada a Portaria nº 1.908/SIA, de 04 de outubro de 2011, publicada no Diário Oficial da União de 05 de outubro de 2011, Seção 1, página 04.</p><p>Art. 5º Esta Portaria entra em vigor na data de sua publicação.</p><p class="assina">GIOVANO PALMA</p>]]></Texto>
  </body>
  <Midias />
</article></xml>