﻿<xml><article id="27702610" name="Para DOU 24-08-22" idOficio="7354762" pubName="DO1" artType="Despacho" pubDate="25/08/2022" artClass="00006:00004:00007:00000:00000:00000:00000:00000:00000:00000:00024:00000" artCategory="Presidência da República/Casa Civil/Instituto Nacional de Tecnologia da Informação" artSize="12" artNotes="" numberPage="6" pdfPage="http://pesquisa.in.gov.br/imprensa/jsp/visualiza/index.jsp?data=25/08/2022&amp;jornal=515&amp;pagina=6" editionNumber="162" highlightType="" highlightPriority="" highlight="" highlightimage="" highlightimagename="" idMateria="14835286">
  <body>
    <Identifica><![CDATA[ DESPACHO]]></Identifica>
    <Data><![CDATA[]]></Data>
    <Ementa />
    <Titulo />
    <SubTitulo />
    <Texto><![CDATA[<p class="identifica">DESPACHO</p><p>DEFIRO o credenciamento da AR HUBER CERTIFICAÇÃO DIGITAL. Processo n° 00100.001313/2022-71.</p><p class="assina">CARLOS ROBERTO FORTNER</p><p class="cargo">Diretor-Presidente</p>]]></Texto>
  </body>
  <Midias />
</article></xml>