﻿<xml><article id="27710093" name="2022-08-24/7356002/ANMWS_1483733" idOficio="7356002" pubName="DO1" artType="Despacho" pubDate="25/08/2022" artClass="00023:00030:00050:00000:00000:00000:00000:00000:00000:00000:00024:00013" artCategory="Ministério de Minas e Energia/Agência Nacional de Mineração/Superintendência de Outorga de Títulos Minerários" artSize="12" artNotes="" numberPage="261" pdfPage="http://pesquisa.in.gov.br/imprensa/jsp/visualiza/index.jsp?data=25/08/2022&amp;jornal=515&amp;pagina=261" editionNumber="162" highlightType="" highlightPriority="" highlight="" highlightimage="" highlightimagename="" idMateria="14837332">
  <body>
    <Identifica><![CDATA[ DESPACHO  ]]></Identifica>
    <Data><![CDATA[]]></Data>
    <Ementa />
    <Titulo />
    <SubTitulo />
    <Texto><![CDATA[<p class="identifica">DESPACHO</p><p>Relação nº 137/2022</p><p>Fase de Requerimento de Pesquisa</p><p>O SUPERINTENDENTE DE OUTORGA DE TÍTULOS MINERÁRIOS DA AGÊNCIA NACIONAL DE MINERAÇÃO, no uso das atribuições regimentais dispostas no art. 93 da Resolução nº 102, de 13 de abril de 2022, e com fundamento no art. 15, do Decreto-lei n° 227, de 28 de fevereiro de 1967, (Código de Mineração), e no art. 2°, inciso XVII da Lei 13.575/2017, outorga os seguintes Alvarás de Pesquisa:(176)</p><p>848.148/2022 - TENORIO JOSE BANDEIRA MARANHAO - ALVARÁ Nº 6702/2022 - Destacado do Processo 848.302/2016 - ALVARÁ Nº 62/2017 - Vencimento em 14/01/2024</p><p class="assina">MOACYR CARVALHO DE ANDRADE NETO</p><p></p>]]></Texto>
  </body>
  <Midias />
</article></xml>