﻿<xml><article id="27708794" name="Ato11919a11926" idOficio="7355862" pubName="DO1" artType="Ato" pubDate="25/08/2022" artClass="00012:00014:00016:00057:00000:00000:00000:00000:00000:00000:00006:00006" artCategory="Ministério das Comunicações/Agência Nacional de Telecomunicações/Superintendência de Outorga e Recursos à Prestação/Gerência de Outorga e Licenciamento de Estações" artSize="12" artNotes="" numberPage="27" pdfPage="http://pesquisa.in.gov.br/imprensa/jsp/visualiza/index.jsp?data=25/08/2022&amp;jornal=515&amp;pagina=27" editionNumber="162" highlightType="" highlightPriority="" highlight="" highlightimage="" highlightimagename="" idMateria="14837034">
  <body>
    <Identifica><![CDATA[ ATOS DE 19 DE AGOSTO DE 2022]]></Identifica>
    <Data><![CDATA[]]></Data>
    <Ementa />
    <Titulo />
    <SubTitulo />
    <Texto><![CDATA[<p class="identifica">ATOS DE 19 DE AGOSTO DE 2022</p><p>Nº 11.919 - Processo nº 53500.299152/2022-07.</p><p>Declara extinta, por renúncia, a partir de 27/07/2022, a autorização outorgada a PROVEDOR REDESUL LTDA, CNPJ/MF nº 05.060.107/0001-49, por intermédio do Ato nº 4334, de 13/08/2020 (SEI 5864225), para explorar Serviços de Telecomunicações de Interesse Coletivo e de Interesse Restrito, por prazo indeterminado, em todo o território nacional.</p><p>Nº 11.921 - Processo nº 53500.022886/2021-19.</p><p>Declara extinta, por renúncia, a partir de 08/04/2021, a autorização de Serviços de Telecomunicações de Interesse Restrito outorgada à ASSOCIAÇÃO DOS COTISTAS DE RADIO TAXI SEREIA - ME, CNPJ nº 78.713.419/0001-88, por meio do Ato nº 4337, de 13/08/2020.</p><p>Nº 11.923 - Processo nº 53500.305198/2022-64. Expede autorização à VINCI INTERNET LTDA, CNPJ/MF nº 47.367.373/0001-69, para explorar Serviços de Telecomunicações de Interesse Coletivo e de Interesse Restrito, por prazo indeterminado, em todo o território nacional.</p><p>Nº 11.924 - Declara extinta, por renúncia, a partir de 02/08/2022, a autorização do Serviços de Telecomunicações de Interesse Coletivo e de Interesse Restrito outorgada à PONTAL CABO EIRELI - EPP, CNPJ nº 03.697.110/0001-42, por meio do Ato nº 4337, de 13/08/2020.</p><p>Nº 11.926 - Declara extinta, por renúncia, a partir de 28/07/2022, a autorização de Serviços de Telecomunicações de Interesse Coletivo e Interesse Restrito, outorgada à W A DE MOURA COMUNICAÇÃO, CNPJ nº 19.816.467/0001-32, por meio do Ato nº 4337, de 13/08/2020.</p><p class="assina">Renato Sales Bizerra Aguiar</p><p class="cargo">Gerente</p>]]></Texto>
  </body>
  <Midias />
</article></xml>