﻿<xml><article id="27703337" name="resolucao_2781_2022 COAFE" idOficio="7354853" pubName="DO1" artType="Resolução" pubDate="25/08/2022" artClass="00026:00034:00016:00006:00002:00000:00000:00000:00000:00000:00064:32781" artCategory="Ministério da Saúde/Agência Nacional de Vigilância Sanitária/4ª Diretoria/Gerência-Geral de Inspeção e Fiscalização Sanitária/Coordenação de Autorização de Funcionamento de Empresas" artSize="12" artNotes="" numberPage="283" pdfPage="http://pesquisa.in.gov.br/imprensa/jsp/visualiza/index.jsp?data=25/08/2022&amp;jornal=515&amp;pagina=283" editionNumber="162" highlightType="" highlightPriority="" highlight="" highlightimage="" highlightimagename="" idMateria="14835470">
  <body>
    <Identifica><![CDATA[ RESOLUÇÃO-RE Nº 2.781, DE 24 DE AGOSTO DE 2022]]></Identifica>
    <Data><![CDATA[]]></Data>
    <Ementa />
    <Titulo />
    <SubTitulo />
    <Texto><![CDATA[<p class="identifica">RESOLUÇÃO-RE Nº 2.781, DE 24 DE AGOSTO DE 2022</p><p>O Coordenador de Autorização de Funcionamento de Empresas, no uso das atribuições que lhe confere o art. 144, aliado ao art. 203, I, §1° do Regimento Interno aprovado pela Resolução de Diretoria Colegiada - RDC n° 585, de 10 de dezembro de 2021, resolve:</p><p>Art. 1º Tornar insubsistente a publicação de deferimento de concessão de Autorização de Funcionamento da empresa abaixo citada publicada pela Resolução - RE Nº 1.429, DE 4 DE MAIO DE 2022, no Diário Oficial da União Nº 84, de 5 de maio de 2022, Seção 1, págs. 104 e 105.</p><p>Art. 2º Esta Resolução entra em vigor na data de sua publicação.</p><p class="assina">DANIEL MARCOS PEREIRA DOURADO</p><p>ANE ANEXO</p><p>DEXTER CLEAN PRODUTOS DE LIMPEZA LTDA / 39.477.432/0001-23 25351.506068/2022-62 / 8247387 712 - AFE - CONCESSÃO - SANEANTES - INDÚSTRIA (SOMENTE MATRIZ) / 2521339229</p>]]></Texto>
  </body>
  <Midias />
</article></xml>