﻿<xml><article id="27709592" name="PORTARIA GM-MD NA 4474" idOficio="7355963" pubName="DO1" artType="Portaria" pubDate="25/08/2022" artClass="00013:00001:00000:00000:00000:00000:00000:00000:00000:00000:00054:00001" artCategory="Ministério da Defesa/Gabinete do Ministro" artSize="12" artNotes="" numberPage="28" pdfPage="http://pesquisa.in.gov.br/imprensa/jsp/visualiza/index.jsp?data=25/08/2022&amp;jornal=515&amp;pagina=28" editionNumber="162" highlightType="" highlightPriority="" highlight="" highlightimage="" highlightimagename="" idMateria="14837233">
  <body>
    <Identifica><![CDATA[ PORTARIA GM-MD  Nº 4.474, DE 22 DE AGOSTO DE 2022]]></Identifica>
    <Data><![CDATA[]]></Data>
    <Ementa><![CDATA[ Dispõe sobre a Comissão de Assistência Social das Forças Armadas (CASFA).]]></Ementa>
    <Titulo />
    <SubTitulo />
    <Texto><![CDATA[<p class="identifica">PORTARIA GM-MD Nº 4.474, DE 22 DE AGOSTO DE 2022</p><p class="ementa">Dispõe sobre a Comissão de Assistência Social das Forças Armadas (CASFA).</p><p>O MINISTRO DE ESTADO DA DEFESA, no uso da atribuição que lhe confere o art. 87, parágrafo único, inciso I, da Constituição, tendo em vista o disposto no art. 1º, inciso XIX, do Anexo I, do Decreto nº 10.998, de 15 de março de 2022, e de acordo com o que consta do Processo Administrativo nº 60522.000026/2022-12, resolve:</p><p>CAPÍTULO I</p><p>FINALIDADE</p><p>Art. 1º Esta Portaria dispõe sobre a Comissão de Assistência Social das Forças Armadas (CASFA), colegiado com a finalidade de promover e alinhar o exercício da competência do Ministério da Defesa na área de assistência social com os Comandos das Forças Singulares.</p><p>CAPÍTULO II</p><p>COMPETÊNCIAS</p><p>Art. 2º À CASFA compete:</p><p>I - assessorar o Secretário de Pessoal, Saúde, Desporto e Projetos Sociais nos assuntos referentes à assistência social para as Forças Armadas;</p><p>II - subsidiar a formulação de diretrizes específicas voltadas para o desenvolvimento das atividades de assistência social no âmbito das Forças Armadas;</p><p>III - contribuir com a coordenação de ações necessárias à implementação de diretrizes na área de assistência social no âmbito das Forças Armadas;</p><p>IV - apreciar os assuntos técnicos que lhe forem submetidos, desde que afetos à sua área de atribuições; e</p><p>V - desenvolver ações de interoperabilidade, por meio da discussão, harmonização e elaboração de diretrizes na área de assistência social no âmbito das Forças Armadas.</p><p>CAPÍTULO III</p><p>ORGANIZAÇÃO</p><p>Art. 3º A CASFA é composta pelos seguintes membros:</p><p>I - Diretor do Departamento de Saúde e Assistência Social da Secretaria de Pessoal, Saúde, Desporto e Projetos Sociais, do Ministério da Defesa;</p><p>II - Diretor de Assistência Social da Marinha;</p><p>III - Diretor de Assistência ao Pessoal do Exército; e</p><p>IV - Diretor de Administração do Pessoal da Aeronáutica.</p><p>§ 1º Cada membro da CASFA terá um suplente, profissional da área de Serviço Social, que o substituirá em suas ausências e impedimentos.</p><p>§ 2º Os suplentes da CASFA serão indicados pelos respectivos membros titulares e designados pelo Secretário de Pessoal, Saúde, Desporto e Projetos Sociais.</p><p>Art. 4º A CASFA será presidida pelo oficial-general mais antigo integrante da Comissão.</p><p>Parágrafo único. O Presidente da CASFA será substituído, em seus impedimentos ou faltas eventuais, pelo oficial-general que o seguir na precedência hierárquica.</p><p>Art. 5º A CASFA se reunirá em caráter ordinário semestralmente e, em caráter extraordinário, quando convocada pelo seu Presidente, por ato do Secretário de Pessoal, Saúde, Desporto e Projetos Sociais.</p><p>§ 1º As reuniões da CASFA ocorrerão obrigatoriamente com a participação de todos os representantes, titulares ou suplentes.</p><p>§ 2º Os membros da CASFA poderão participar da reunião por meio de videoconferência, especialmente quando membros da Comissão ou de representantes de outros setores do Ministério da Defesa estiverem localizados em entes federativos diferentes.</p><p>Art. 6º As decisões da CASFA serão tomadas por maioria simples dos presentes, sob a forma de resolução e com registro em ata.</p><p>Art. 7º A CASFA poderá convidar militares e civis de reconhecido saber e comprovada competência técnica para participar das reuniões, sem direito a voto, conforme a especificidade do assunto em discussão.</p><p>Art. 8º A Secretaria de Pessoal, Saúde, Desporto e Projetos Sociais prestará o apoio administrativo necessário ao funcionamento da CASFA, por meio do Departamento de Saúde e Assistência Social.</p><p>§ 1º O Departamento de Saúde e Assistência Social submeterá ao Secretário de Pessoal, Saúde, Desporto e Projetos Sociais a proposta de pauta da reunião e a ata decorrente.</p><p>§ 2º A Coordenação de Assistência Social do Departamento de Saúde e Assistência Social desempenhará a função de Secretaria Executiva da CASFA.</p><p>CAPÍTULO IV</p><p>DISPOSIÇÕES FINAIS</p><p>Art. 9º A participação na CASFA será considerada prestação de serviço público relevante, não remunerada.</p><p>Art. 10. Fica revogada a Portaria Normativa nº 89/GM-MD, de 8 de outubro de 2020, publicada no Diário Oficial da União nº 204, Seção 1, páginas 392 e 393, de 23 de outubro de 2020.</p><p>Art. 11. Esta Portaria entra em vigor em 1º de setembro de 2022.</p><p class="assina">PAULO SÉRGIO NOGUEIRA DE OLIVEIRA</p>]]></Texto>
  </body>
  <Midias />
</article></xml>