﻿<xml><article id="27710150" name="DESPACHO SG NA 1232 (Barreto)" idOficio="7356028" pubName="DO1" artType="Despacho" pubDate="25/08/2022" artClass="00020:00036:00018:00000:00000:00000:00000:00000:00000:00000:00024:00003" artCategory="Ministério da Justiça e Segurança Pública/Conselho Administrativo de Defesa Econômica/Superintendência-Geral" artSize="12" artNotes="" numberPage="257" pdfPage="http://pesquisa.in.gov.br/imprensa/jsp/visualiza/index.jsp?data=25/08/2022&amp;jornal=515&amp;pagina=257" editionNumber="162" highlightType="" highlightPriority="" highlight="" highlightimage="" highlightimagename="" idMateria="14837362">
  <body>
    <Identifica><![CDATA[Despacho Nº 1.232, de 24 de agosto de 2022]]></Identifica>
    <Data><![CDATA[]]></Data>
    <Ementa />
    <Titulo />
    <SubTitulo />
    <Texto><![CDATA[<p></p><p class="identifica">Despacho Nº 1.232, de 24 de agosto de 2022</p><p>DESPACHO SG Nº 1232/2022</p><p>Processo Administrativo nº 08012.008859/2009-86 (Apartado de Acesso restrito nº 08700.001752/2019-21)</p><p>Representante: José Antonio Machado Reguffe</p><p>Representados: Sindicato do Comércio Varejista de Combustíveis Automotivos e de Lubrificantes do DF - Sindicombustíveis-DF, Petrobrás Distribuidora S.A., Raízen Combustíveis Ltda., Ipiranga Produtos de Petróleo S/A, as seguintes redes de postos de combustíveis: Autoshopping, Brasal, Gasolline, Karserv, Serv Car, Auto Posto JB, Disbrave, Auto Posto Z+Z, Cascol - Combustíveis para Veículos Ltda., Posto de Combustíveis Garantia Ltda., J Pessoa Derivados de Petróleo Ltda., Jarjour Veículos e Petróleo Ltda., Auto Posto Eixinho Ltda. e outros.</p><p>Advogados: Ana de Oliveira Frazão; Alexandre Augusto Reis Bastos; Dirceu Marcelo Hoffmann; Mauro Grinberg; Beatriz Malerba Cravo; Barbara Rosenberg; Eduardo Caminati Anders; Lauro Celidonio Gomes dos Reis Neto; Bolívar Barbosa Moura Rocha; Marcos Drummond Malvar; Marines Santos; Elisio de Azevedo Freitas; Anderson Fonseca Machado; Welber Oliveira Barral; Luís Fernando Massonetto; Bruno Ladeira Junqueira; Marcelo Amandio Joca Braga; Fernando Augusto Pereira Caetano; Bruno Cesar Pesquero Ponce Jaime; Eric Furtado Ferreira Borges; Edson Maraui; Eduardo Navarro Pereira; Diego dos Santos Fernandes; Nayron Cintra Sousa; Nelson Wilians Fratoni Rodrigues; Fábio Francisco Beraldi; Felippe Augusto dos Santos Batista; Anderson Gonzalez; Aleisa Gonzalez; Caio Vinicius Mesquita Araujo; Frederico Gustavo Pereira Carrilho Donas; Alexandre Kotlinski Giulianis; Natália Ros Fernandes Lima; Lucineide de Oliveira; Mayara Corbari; Joyce Midori Honda; Ricardo Lara Gaillard; Thales de Melo e Lemos; Isabela Monteiro de Oliveira; Arthur Villamil Martins; Thiago Frederico Chaves Tajra; Gustavo Hermont Correa; Rubia de Sousa Flor; Mônica Tiemy Fujimoto, Pedro Paulo Alves Corrêa dos Passos; Hermes Nereu Cardoso Oliveira; Gabriel Nogueira Dias; Romildo Olgo Peixoto Junior; Marcos de Araujo Cavalcanti; Helio França de Almeida; Letícia Monteiro Barros; e outros.</p><p>Acolho a Nota Técnica nº 112/2022/CGAA6/SGA2/SG/CADE e, com fulcro no §1º do art. 50, da Lei nº 9.784/99, integro as suas razões à presente decisão, inclusive como sua motivação. Pelos fundamentos apontados na referida Nota Técnica, decido pela i) intimação dos Representados acerca das datas e dos horários designados para a realização da tomada dos depoimentos dos Representados, além das condições especificadas na Nota Técnica mencionada; ii) intimação dos Representados e seus representantes legais para que indiquem até 2 (dois) representantes legais para acompanhar as audiências virtuais, nos termos da referida Nota Técnica, até o dia 30 de agosto de 2022.</p><p class="assina">Alexandre Barreto de Souza</p><p class="cargo">Superintendente-Geral</p>]]></Texto>
  </body>
  <Midias />
</article></xml>