﻿<xml><article id="27708464" name="resolucao_2782_2022 COALI GGFIS" idOficio="7355821" pubName="DO1" artType="Resolução" pubDate="25/08/2022" artClass="00026:00034:00016:00006:00000:00000:00000:00000:00000:00000:00064:32782" artCategory="Ministério da Saúde/Agência Nacional de Vigilância Sanitária/4ª Diretoria/Gerência-Geral de Inspeção e Fiscalização Sanitária" artSize="12" artNotes="" numberPage="270" pdfPage="http://pesquisa.in.gov.br/imprensa/jsp/visualiza/index.jsp?data=25/08/2022&amp;jornal=515&amp;pagina=270" editionNumber="162" highlightType="" highlightPriority="" highlight="" highlightimage="" highlightimagename="" idMateria="14836932">
  <body>
    <Identifica><![CDATA[ RESOLUÇÃO-RE Nº 2.782, DE 24 DE AGOSTO DE 2022]]></Identifica>
    <Data><![CDATA[]]></Data>
    <Ementa />
    <Titulo />
    <SubTitulo />
    <Texto><![CDATA[<p class="identifica">RESOLUÇÃO-RE Nº 2.782, DE 24 DE AGOSTO DE 2022</p><p>A Gerente-Geral substituta de Inspeção e Fiscalização Sanitária, no uso das atribuições que lhe confere o art. 140, aliado ao art. 203, I, § 1º do Regimento Interno aprovado pela Resolução de Diretoria Colegiada - RDC nº 585, de 10 de dezembro de 2021; resolve:</p><p>Art. 1º Revogar o item 03 da Resolução-RE nº 1.767, de 27 de maio de 2022, publicada no DOU nº 101, de 30 de maio de 2022, Seção I, pág. 139, conforme consta no anexo.</p><p>Art. 2º Esta Resolução entra em vigor na data de sua publicação.</p><p class="assina">ALESSANDRA PAIXÃO DIAS</p><p class="anexo">ANEXO</p><p>Empresa: COOPERATIVA DOS PRODUTORES DE PALMITO DO BAIXO SUL DA BAHIA - CNPJ: 07158412000101</p><p>Produto - (Lote): PALMITO DE PUPUNHA EXTRA MACIO INTEIRO(121121B9);</p><p>Tipo de Produto: Alimento</p><p>Expediente nº: 4597697/22-0</p><p>Assunto: 70358 - Revogação de Ações de Fiscalização em Vigilância Sanitária</p><p>Ações de fiscalização revogadas: Interdição cautelar</p><p>Motivação: Tendo em vista, a realização de análises laboratoriais, físico químicas e microbiológicas, e a constatação de condições satisfatórias do lote 121121B9 do produto Palmito de Pupunha extra macio inteiro, marca Bonduelle, atestadas por meio do Laudo de Análise nº 255.AT.0/2022 e Laudo de Análise nº 255.CP.0/2021, que confirmam que o lote do produto encontra-se em SITUAÇÃO SATISFATÓRIA, sendo afastada a situação de risco sanitário pelo consumo do lote do produto mencionado. Diante do exposto, sugere-se a revogação da medida cautelar publicada pela RESOLUÇÃO-RE Nº 1.767, DE 27 DE MAIO DE 2022, referente ao lote 121121B9, do produto Palmito de Pupunha extra macio inteiro, marca Bonduelle, validade 12/11/2023.</p>]]></Texto>
  </body>
  <Midias />
</article></xml>