﻿<xml><article id="27709553" name="PRT09422" idOficio="7355962" pubName="DO1" artType="Portaria" pubDate="25/08/2022" artClass="00048:00332:00000:00000:00000:00000:00000:00000:00000:00000:00054:00000" artCategory="Entidades de Fiscalização do Exercício das Profissões Liberais/CONSELHO REGIONAL DE FISIOTERAPIA E TERAPIA OCUPACIONAL DA 4ª REGIÃO" artSize="12" artNotes="" numberPage="299" pdfPage="http://pesquisa.in.gov.br/imprensa/jsp/visualiza/index.jsp?data=25/08/2022&amp;jornal=515&amp;pagina=299" editionNumber="162" highlightType="" highlightPriority="" highlight="" highlightimage="" highlightimagename="" idMateria="14837232">
  <body>
    <Identifica><![CDATA[ PORTARIA Nº 94, DE 24 DE AGOSTO DE 2022]]></Identifica>
    <Data><![CDATA[]]></Data>
    <Ementa><![CDATA[ Dispõe sobre a inclusão dos(as) empregados(as) do CREFITO-4 MG como beneficiários do Programa de Benefícios (ou Clube de Benefícios) instituído pela Portaria nº 09, de 10 de março de 2020.]]></Ementa>
    <Titulo />
    <SubTitulo />
    <Texto><![CDATA[<p class="identifica">PORTARIA Nº 94, DE 24 DE AGOSTO DE 2022</p><p class="ementa">Dispõe sobre a inclusão dos(as) empregados(as) do CREFITO-4 MG como beneficiários do Programa de Benefícios (ou Clube de Benefícios) instituído pela Portaria nº 09, de 10 de março de 2020.</p><p>A Presidente Interina do CREFITO-4 MG do Conselho Regional de Fisioterapia e Terapia Ocupacional da 4 <sup>a</sup> Região (CREFITO-4 MG), Dra. Flávia Massa Cipriani Coelho, no uso de suas atribuições legais e regimentais, em especial aquelas que lhe confere o artigo 8 <sup>o</sup> da Lei Federal n <sup>o</sup> 6.316, de 17 de dezembro de 1975, e o artigo 25, inciso XXIII, da Resolução CREFITO-4 n <sup>o</sup> 4, de 16 de abril de 2015, que aprova o Regimento Interno da Autarquia;</p><p>CONSIDERANDO que as condições de vida dos(as) empregados(as) do CREFITO-4 MG interferem de maneira direta e significativa no desempenho de suas atribuições;</p><p>CONSIDERANDO que é de interesse do CREFITO-4 MG garantir padrões mínimos de bem-estar social e, assim, contribuir para a melhoria do desempenho profissional e da produtividade dos(as) empregados(as) da Autarquia; resolve:</p><p>Art. 1 <sup>o</sup> Incluir os(as) empregados(as) do CREFITO-4 MG como beneficiários do Programa de Benefícios (ou Clube de Benefícios) instituído pela Portaria nº 09, de 10 de março de 2020, o qual passa a denominar-se Programa de Benefícios (ou Clube de Benefícios) para Fisioterapeutas e Terapeutas Ocupacionais do Estado de Minas Gerais e para empregados do CREFITO-4 MG.</p><p>Art. 2 <sup>o</sup> Os artigos 1º, 2º, 3º, 4º e 6º da Portaria nº 09, de 10 de março de 2020 passam a vigorar com a seguinte redação:</p><p>"Art. 1 <sup>o</sup> Instituir o Programa de Benefícios (ou Clube de Benefícios) para Fisioterapeutas e Terapeutas Ocupacionais do Estado de Minas Gerais e para empregados do CREFITO-4 MG, que tem por objetivo realizar, por edital, publicado na imprensa nacional, o credenciamento de pessoas jurídicas de direito privado prestadoras de serviços e fornecedoras de bens, objetivando o interesse público na concessão de benefícios e descontos para a classe dos(as) fisioterapeutas e dos(as) terapeutas ocupacionais de Minas Gerais e para empregados do CREFITO-4 MG.</p><p>Art. 2 <sup>o</sup> O Programa de Benefícios (ou Clube de Benefícios) para Fisioterapeutas e Terapeutas Ocupacionais e para empregados do CREFITO-4 MG abrangerá os(as) profissionais regularmente inscritos(as) no CREFITO-4 MG e adimplentes com suas anuidades, mediante a apresentação da carteira válida de identificação profissional, e os(as) empregados(as) do CREFITO-4 MG, através da apresentação da carteira funcional válida expedida pela Autarquia.</p><p>Art. 3 <sup>o</sup> Para a concessão de benefícios e descontos para a classe dos(as) fisioterapeutas e terapeutas ocupacionais e para empregados do CREFITO-4 MG, as pessoas jurídicas de direito privado prestadoras de serviços e fornecedoras de bens deverão atender aos critérios objetivos estabelecidos pelo Edital de Credenciamento, bem como concordar incondicionalmente com seus termos e condições, sem ônus ao CREFITO-4 MG.</p><p>Art. 4 <sup>o</sup> Será de total responsabilidade das empresas credenciadas junto ao CREFITO-4 MG o cumprimento dos benefícios ofertados aos(às) fisioterapeutas e terapeutas ocupacionais e aos(à) empregados(as) do CREFITO-4 MG, não possuindo o CREFITO-4 qualquer responsabilidade sobre a qualidade dos produtos e serviços oferecidos.</p><p>Art. 6 <sup>o</sup> O CREFITO-4 MG não será responsável, em nenhuma hipótese, por eventual inadimplemento ocasionado pelos(as) fisioterapeutas, pelos(as) terapeutas ocupacionais e pelos(as) empregados(as) do CREFITO-4 MG ao credenciado."</p><p>Art. 3 <sup>o</sup> Esta portaria entra em vigor na data de sua publicação.</p><p class="assina">Flavia Massa Cipriani Coelho</p>]]></Texto>
  </body>
  <Midias />
</article></xml>