﻿<xml><article id="27708374" name="publicaAAo de ato - ATO NA 12027" idOficio="7355785" pubName="DO1" artType="Ato" pubDate="25/08/2022" artClass="00012:00014:00014:00159:00007:00000:00000:00000:00000:00000:00006:00000" artCategory="Ministério das Comunicações/Agência Nacional de Telecomunicações/Superintendência de Fiscalização/Gerência Regional nos Estados do Ceará, Rio Grande do Norte e Piauí/Coordenação de Processo de Outorga e Recursos à Prestação" artSize="12" artNotes="" numberPage="23" pdfPage="http://pesquisa.in.gov.br/imprensa/jsp/visualiza/index.jsp?data=25/08/2022&amp;jornal=515&amp;pagina=23" editionNumber="162" highlightType="" highlightPriority="" highlight="" highlightimage="" highlightimagename="" idMateria="14836957">
  <body>
    <Identifica><![CDATA[ ATO Nº 12.027, DE 23 DE AGOSTO DE 2022]]></Identifica>
    <Data><![CDATA[]]></Data>
    <Ementa />
    <Titulo />
    <SubTitulo />
    <Texto><![CDATA[<p class="identifica">ATO Nº 12.027, DE 23 DE AGOSTO DE 2022</p><p>Expedir autorização à MATEUS E SILVA BESSA, CPF nº ***.846.403-**, para explorar Serviços de Telecomunicações de Interesse Restrito, por prazo indeterminado, sem caráter de exclusividade, e tendo como área de prestação de serviço todo o território nacional.</p><p class="assina">Wanderson Moreira Brito</p><p class="cargo">Gerente Substituto</p>]]></Texto>
  </body>
  <Midias />
</article></xml>