﻿<xml><article id="27716800" name="PORTARIA GPR 1501_2" idOficio="7356080" pubName="DO1" artType="Portaria" pubDate="25/08/2022" artClass="00047:00039:00002:00000:00000:00000:00000:00000:00000:00000:00054:00000" artCategory="Poder Judiciário/Tribunal de Justiça do Distrito Federal e dos Territórios/Presidência" artSize="12" artNotes="" numberPage="297" pdfPage="http://pesquisa.in.gov.br/imprensa/jsp/visualiza/index.jsp?data=25/08/2022&amp;jornal=515&amp;pagina=297" editionNumber="162" highlightType="" highlightPriority="" highlight="" highlightimage="" highlightimagename="" idMateria="14837413">
  <body>
    <Identifica />
    <Data><![CDATA[]]></Data>
    <Ementa />
    <Titulo />
    <SubTitulo />
    <Texto><![CDATA[<p /><p></p><table><tr /><tr><td rowspan="1" colspan="4"><p>Grupo Juizado Especial</p></td></tr><tr><td rowspan="1" colspan="1"><p>Item</p></td><td rowspan="1" colspan="1"><p>Sequencial CJ</p></td><td rowspan="1" colspan="1"><p>Nível e descrição CJ</p></td><td rowspan="1" colspan="1"><p>Localização da CJ</p></td></tr><tr><td rowspan="1" colspan="1"><p>1</p></td><td rowspan="1" colspan="1"><p>6788</p></td><td rowspan="1" colspan="1"><p>CJ-01 de Assessor</p></td><td rowspan="1" colspan="1"><p>1º Juizado Especial Cível de Águas Claras</p></td></tr><tr><td rowspan="1" colspan="1"><p>2</p></td><td rowspan="1" colspan="1"><p>6789</p></td><td rowspan="1" colspan="1"><p>CJ-01 de Assessor</p></td><td rowspan="1" colspan="1"><p>2º Juizado Especial Cível de Águas Claras</p></td></tr><tr><td rowspan="1" colspan="1"><p>3</p></td><td rowspan="1" colspan="1"><p>6790</p></td><td rowspan="1" colspan="1"><p>CJ-01 de Assessor</p></td><td rowspan="1" colspan="1"><p>Juizado Especial Criminal e Juizado de Violência doméstica e Familiar Contra A Mulher de Águas Claras</p></td></tr><tr><td rowspan="1" colspan="1"><p>4</p></td><td rowspan="1" colspan="1"><p>6791</p></td><td rowspan="1" colspan="1"><p>CJ-01 de Assessor</p></td><td rowspan="1" colspan="1"><p>1º Juizado Especial Cível da Circunscrição Judiciária de Brasília</p></td></tr><tr><td rowspan="1" colspan="1"><p>5</p></td><td rowspan="1" colspan="1"><p>6792</p></td><td rowspan="1" colspan="1"><p>CJ-01 de Assessor</p></td><td rowspan="1" colspan="1"><p>2º Juizado Especial Cível da Circunscrição Judiciária de Brasília</p></td></tr><tr><td rowspan="1" colspan="1"><p>6</p></td><td rowspan="1" colspan="1"><p>6793</p></td><td rowspan="1" colspan="1"><p>CJ-01 de Assessor</p></td><td rowspan="1" colspan="1"><p>3º Juizado Especial Cível da Circunscrição Judiciária de Brasília</p></td></tr><tr><td rowspan="1" colspan="1"><p>7</p></td><td rowspan="1" colspan="1"><p>6794</p></td><td rowspan="1" colspan="1"><p>CJ-01 de Assessor</p></td><td rowspan="1" colspan="1"><p>4º Juizado Especial Cível da Circunscrição Judiciária de Brasília</p></td></tr><tr><td rowspan="1" colspan="1"><p>8</p></td><td rowspan="1" colspan="1"><p>6795</p></td><td rowspan="1" colspan="1"><p>CJ-01 de Assessor</p></td><td rowspan="1" colspan="1"><p>5º Juizado Especial Cível da Circunscrição Judiciária de Brasília</p></td></tr><tr><td rowspan="1" colspan="1"><p>9</p></td><td rowspan="1" colspan="1"><p>6796</p></td><td rowspan="1" colspan="1"><p>CJ-01 de Assessor</p></td><td rowspan="1" colspan="1"><p>6º Juizado Especial Cível da Circunscrição Judiciária de Brasília</p></td></tr><tr><td rowspan="1" colspan="1"><p>10</p></td><td rowspan="1" colspan="1"><p>6797</p></td><td rowspan="1" colspan="1"><p>CJ-01 de Assessor</p></td><td rowspan="1" colspan="1"><p>1º Juizado Especial Criminal da Circunscrição Judiciária de Brasília</p></td></tr><tr><td rowspan="1" colspan="1"><p>11</p></td><td rowspan="1" colspan="1"><p>6798</p></td><td rowspan="1" colspan="1"><p>CJ-01 de Assessor</p></td><td rowspan="1" colspan="1"><p>2º Juizado Especial Criminal da Circunscrição Judiciária de Brasília</p></td></tr><tr><td rowspan="1" colspan="1"><p>12</p></td><td rowspan="1" colspan="1"><p>6799</p></td><td rowspan="1" colspan="1"><p>CJ-01 de Assessor</p></td><td rowspan="1" colspan="1"><p>3º Juizado Especial Criminal da Circunscrição Judiciária de Brasília</p></td></tr><tr><td rowspan="1" colspan="1"><p>13</p></td><td rowspan="1" colspan="1"><p>6800</p></td><td rowspan="1" colspan="1"><p>CJ-01 de Assessor</p></td><td rowspan="1" colspan="1"><p>1º Juizado de Violência doméstica e Familiar Contra a Mulher da Circunscrição Judiciária de Brasília</p></td></tr><tr><td rowspan="1" colspan="1"><p>14</p></td><td rowspan="1" colspan="1"><p>6801</p></td><td rowspan="1" colspan="1"><p>CJ-01 de Assessor</p></td><td rowspan="1" colspan="1"><p>2º Juizado de Violência doméstica e Familiar Contra a Mulher da Circunscrição Judiciária de Brasília</p></td></tr><tr><td rowspan="1" colspan="1"><p>15</p></td><td rowspan="1" colspan="1"><p>6802</p></td><td rowspan="1" colspan="1"><p>CJ-01 de Assessor</p></td><td rowspan="1" colspan="1"><p>3º Juizado de Violência doméstica e Familiar Contra a Mulher da Circunscrição Judiciária de Brasília</p></td></tr><tr><td rowspan="1" colspan="1"><p>16</p></td><td rowspan="1" colspan="1"><p>6803</p></td><td rowspan="1" colspan="1"><p>CJ-01 de Assessor</p></td><td rowspan="1" colspan="1"><p>Juizado Especial Cível e Criminal e Juizado de Violência doméstica e Familiar Contra a Mulher da Circunscrição Judiciária de Brazlândia</p></td></tr><tr><td rowspan="1" colspan="1"><p>17</p></td><td rowspan="1" colspan="1"><p>6804</p></td><td rowspan="1" colspan="1"><p>CJ-01 de Assessor</p></td><td rowspan="1" colspan="1"><p>1º Juizado Especial Cível da Circunscrição Judiciária de Ceilândia</p></td></tr><tr><td rowspan="1" colspan="1"><p>18</p></td><td rowspan="1" colspan="1"><p>6805</p></td><td rowspan="1" colspan="1"><p>CJ-01 de Assessor</p></td><td rowspan="1" colspan="1"><p>2º Juizado Especial Cível da Circunscrição Judiciária de Ceilândia</p></td></tr><tr><td rowspan="1" colspan="1"><p>19</p></td><td rowspan="1" colspan="1"><p>6806</p></td><td rowspan="1" colspan="1"><p>CJ-01 de Assessor</p></td><td rowspan="1" colspan="1"><p>3º Juizado Especial Cível da Circunscrição Judiciária de Ceilândia</p></td></tr><tr><td rowspan="1" colspan="1"><p>20</p></td><td rowspan="1" colspan="1"><p>6807</p></td><td rowspan="1" colspan="1"><p>CJ-01 de Assessor</p></td><td rowspan="1" colspan="1"><p>Juizado Especial Criminal da Circunscrição Judiciária de Ceilândia</p></td></tr><tr><td rowspan="1" colspan="1"><p>21</p></td><td rowspan="1" colspan="1"><p>6808</p></td><td rowspan="1" colspan="1"><p>CJ-01 de Assessor</p></td><td rowspan="1" colspan="1"><p>1º Juizado de Violência Doméstica e Familiar Contra a Mulher da Circunscrição Judiciária de Ceilândia</p></td></tr><tr><td rowspan="1" colspan="1"><p>22</p></td><td rowspan="1" colspan="1"><p>6809</p></td><td rowspan="1" colspan="1"><p>CJ-01 de Assessor</p></td><td rowspan="1" colspan="1"><p>2º Juizado de Violência Doméstica e Familiar Contra a Mulher da Circunscrição Judiciária de Ceilândia</p></td></tr><tr><td rowspan="1" colspan="1"><p>23</p></td><td rowspan="1" colspan="1"><p>6810</p></td><td rowspan="1" colspan="1"><p>CJ-01 de Assessor</p></td><td rowspan="1" colspan="1"><p>1º Juizado Especial da Fazenda Pública do Distrito Federal</p></td></tr><tr><td rowspan="1" colspan="1"><p>24</p></td><td rowspan="1" colspan="1"><p>6811</p></td><td rowspan="1" colspan="1"><p>CJ-01 de Assessor</p></td><td rowspan="1" colspan="1"><p>2º Juizado Especial da Fazenda Pública do Distrito Federal</p></td></tr><tr><td rowspan="1" colspan="1"><p>25</p></td><td rowspan="1" colspan="1"><p>6812</p></td><td rowspan="1" colspan="1"><p>CJ-01 de Assessor</p></td><td rowspan="1" colspan="1"><p>3º Juizado Especial da Fazenda Pública do Distrito Federal</p></td></tr><tr><td rowspan="1" colspan="1"><p>26</p></td><td rowspan="1" colspan="1"><p>6813</p></td><td rowspan="1" colspan="1"><p>CJ-01 de Assessor</p></td><td rowspan="1" colspan="1"><p>4º Juizado Especial da Fazenda Pública do Distrito Federal</p></td></tr><tr><td rowspan="1" colspan="1"><p>27</p></td><td rowspan="1" colspan="1"><p>6814</p></td><td rowspan="1" colspan="1"><p>CJ-01 de Assessor</p></td><td rowspan="1" colspan="1"><p>Juizado de Violência Doméstica e Familiar Contra a Mulher da Circunscrição Judiciária do Gama</p></td></tr><tr><td rowspan="1" colspan="1"><p>28</p></td><td rowspan="1" colspan="1"><p>6815</p></td><td rowspan="1" colspan="1"><p>CJ-01 de Assessor</p></td><td rowspan="1" colspan="1"><p>1º Juizado Especial Cível e Criminal da Circunscrição Judiciária do Gama</p></td></tr><tr><td rowspan="1" colspan="1"><p>29</p></td><td rowspan="1" colspan="1"><p>6816</p></td><td rowspan="1" colspan="1"><p>CJ-01 de Assessor</p></td><td rowspan="1" colspan="1"><p>2º Juizado Especial Civel e Criminal da Circunscrição Judiciária do Gama</p></td></tr><tr><td rowspan="1" colspan="1"><p>30</p></td><td rowspan="1" colspan="1"><p>6817</p></td><td rowspan="1" colspan="1"><p>CJ-01 de Assessor</p></td><td rowspan="1" colspan="1"><p>Juizado Especial Cível da Circunscrição Judiciária do Guará</p></td></tr><tr><td rowspan="1" colspan="1"><p>31</p></td><td rowspan="1" colspan="1"><p>6818</p></td><td rowspan="1" colspan="1"><p>CJ-01 de Assessor</p></td><td rowspan="1" colspan="1"><p>Juizado Especial Criminal e Juizado de Violência Doméstica e Familiar Contra a Mulher da Circunscrição Judiciária do Guará</p></td></tr><tr><td rowspan="1" colspan="1"><p>32</p></td><td rowspan="1" colspan="1"><p>6819</p></td><td rowspan="1" colspan="1"><p>CJ-01 de Assessor</p></td><td rowspan="1" colspan="1"><p>Juizado Especial Cível e Criminal e Juizado de Violência Doméstica e Familiar Contra a Mulher da Circunscrição Judiciária do Itapoã</p></td></tr><tr><td rowspan="1" colspan="1"><p>33</p></td><td rowspan="1" colspan="1"><p>6820</p></td><td rowspan="1" colspan="1"><p>CJ-01 de Assessor</p></td><td rowspan="1" colspan="1"><p>Juizado Especial Cível e Criminal da Circunscrição Judiciária do Núcleo Bandeirante</p></td></tr><tr><td rowspan="1" colspan="1"><p>34</p></td><td rowspan="1" colspan="1"><p>6821</p></td><td rowspan="1" colspan="1"><p>CJ-01 de Assessor</p></td><td rowspan="1" colspan="1"><p>Juizado de Violência Doméstica e Familiar Contra a Mulher da Circunscrição Judiciária do Núcleo Bandeirante</p></td></tr><tr><td rowspan="1" colspan="1"><p>35</p></td><td rowspan="1" colspan="1"><p>6822</p></td><td rowspan="1" colspan="1"><p>CJ-01 de Assessor</p></td><td rowspan="1" colspan="1"><p>Juizado Especial Cível e Criminal do Paranoá</p></td></tr><tr><td rowspan="1" colspan="1"><p>36</p></td><td rowspan="1" colspan="1"><p>6823</p></td><td rowspan="1" colspan="1"><p>CJ-01 de Assessor</p></td><td rowspan="1" colspan="1"><p>Juizado de Violência Doméstica e Familiar Contra a Mulher do Paranoá</p></td></tr><tr><td rowspan="1" colspan="1"><p>37</p></td><td rowspan="1" colspan="1"><p>6824</p></td><td rowspan="1" colspan="1"><p>CJ-01 de Assessor</p></td><td rowspan="1" colspan="1"><p>Juizado Especial Cível de Planaltina</p></td></tr><tr><td rowspan="1" colspan="1"><p>38</p></td><td rowspan="1" colspan="1"><p>6825</p></td><td rowspan="1" colspan="1"><p>CJ-01 de Assessor</p></td><td rowspan="1" colspan="1"><p>Juizado de Violência Doméstica e Familiar Contra a Mulher de Planaltina</p></td></tr><tr><td rowspan="1" colspan="1"><p>39</p></td><td rowspan="1" colspan="1"><p>6826</p></td><td rowspan="1" colspan="1"><p>CJ-01 de Assessor</p></td><td rowspan="1" colspan="1"><p>1ª Vara Criminal e 1º Juizado Especial Criminal da Circunscrição Judiciária de Planaltina</p></td></tr><tr><td rowspan="1" colspan="1"><p>40</p></td><td rowspan="1" colspan="1"><p>6827</p></td><td rowspan="1" colspan="1"><p>CJ-01 de Assessor</p></td><td rowspan="1" colspan="1"><p>2ª Vara Criminal e 2º Juizado Especial Criminal da Circunscrição Judiciária de Planaltina</p></td></tr><tr><td rowspan="1" colspan="1"><p>41</p></td><td rowspan="1" colspan="1"><p>6828</p></td><td rowspan="1" colspan="1"><p>CJ-01 de Assessor</p></td><td rowspan="1" colspan="1"><p>Juizado Especial Cível e Criminal do Riacho Fundo</p></td></tr><tr><td rowspan="1" colspan="1"><p>42</p></td><td rowspan="1" colspan="1"><p>6829</p></td><td rowspan="1" colspan="1"><p>CJ-01 de Assessor</p></td><td rowspan="1" colspan="1"><p>Juizado de Violência Doméstica e Familiar Contra a Mulher do Riacho Fundo</p></td></tr><tr><td rowspan="1" colspan="1"><p>43</p></td><td rowspan="1" colspan="1"><p>6830</p></td><td rowspan="1" colspan="1"><p>CJ-01 de Assessor</p></td><td rowspan="1" colspan="1"><p>Juizado de Violência Doméstica e Familiar Contra a Mulher da Circunscrição Judiciária de Samambaia</p></td></tr><tr><td rowspan="1" colspan="1"><p>44</p></td><td rowspan="1" colspan="1"><p>6831</p></td><td rowspan="1" colspan="1"><p>CJ-01 de Assessor</p></td><td rowspan="1" colspan="1"><p>1° Juizado Especial Cível e Criminal da Circunscrição Judiciária de Samambaia</p></td></tr><tr><td rowspan="1" colspan="1"><p>45</p></td><td rowspan="1" colspan="1"><p>6832</p></td><td rowspan="1" colspan="1"><p>CJ-01 de Assessor</p></td><td rowspan="1" colspan="1"><p>2° Juizado Especial Cível e Criminal da Circunscrição Judiciária de Samambaia</p></td></tr><tr><td rowspan="1" colspan="1"><p>46</p></td><td rowspan="1" colspan="1"><p>6833</p></td><td rowspan="1" colspan="1"><p>CJ-01 de Assessor</p></td><td rowspan="1" colspan="1"><p>1º Juizado Especial Civel e Criminal da Circunscrição Judiciária de Santa Maria</p></td></tr><tr><td rowspan="1" colspan="1"><p>47</p></td><td rowspan="1" colspan="1"><p>6834</p></td><td rowspan="1" colspan="1"><p>CJ-01 de Assessor</p></td><td rowspan="1" colspan="1"><p>2º Juizado Especial Civel e Criminal da Circunscrição Judiciária de Santa Maria</p></td></tr><tr><td rowspan="1" colspan="1"><p>48</p></td><td rowspan="1" colspan="1"><p>6835</p></td><td rowspan="1" colspan="1"><p>CJ-01 de Assessor</p></td><td rowspan="1" colspan="1"><p>Juizado de Violência Doméstica e Familiar Contra a Mulher da Circunscrição Judiciária de Santa Maria</p></td></tr><tr><td rowspan="1" colspan="1"><p>49</p></td><td rowspan="1" colspan="1"><p>6836</p></td><td rowspan="1" colspan="1"><p>CJ-01 de Assessor</p></td><td rowspan="1" colspan="1"><p>Juizado Especial Cível e Criminal da Circunscrição Judiciária de São Sebastião</p></td></tr><tr><td rowspan="1" colspan="1"><p>50</p></td><td rowspan="1" colspan="1"><p>6837</p></td><td rowspan="1" colspan="1"><p>CJ-01 de Assessor</p></td><td rowspan="1" colspan="1"><p>Juizado de Violência Doméstica e Familiar Contra a Mulher da Circunscrição Judiciária de São Sebastião</p></td></tr><tr><td rowspan="1" colspan="1"><p>51</p></td><td rowspan="1" colspan="1"><p>6838</p></td><td rowspan="1" colspan="1"><p>CJ-01 de Assessor</p></td><td rowspan="1" colspan="1"><p>1º Juizado Especial Cível e Criminal da Circunscrição Judiciária de Sobradinho</p></td></tr><tr><td rowspan="1" colspan="1"><p>52</p></td><td rowspan="1" colspan="1"><p>6839</p></td><td rowspan="1" colspan="1"><p>CJ-01 de Assessor</p></td><td rowspan="1" colspan="1"><p>2º Juizado Especial Cível e Criminal da Circunscrição Judiciária de Sobradinho</p></td></tr><tr><td rowspan="1" colspan="1"><p>53</p></td><td rowspan="1" colspan="1"><p>6840</p></td><td rowspan="1" colspan="1"><p>CJ-01 de Assessor</p></td><td rowspan="1" colspan="1"><p>Juizado de Violência Doméstica e Familiar Contra a Mulher da Circunscrição Judiciária de Sobradinho</p></td></tr><tr><td rowspan="1" colspan="1"><p>54</p></td><td rowspan="1" colspan="1"><p>6841</p></td><td rowspan="1" colspan="1"><p>CJ-01 de Assessor</p></td><td rowspan="1" colspan="1"><p>1º Juizado Especial Cível da Circunscrição Judiciária de Taguatinga</p></td></tr><tr><td rowspan="1" colspan="1"><p>55</p></td><td rowspan="1" colspan="1"><p>6842</p></td><td rowspan="1" colspan="1"><p>CJ-01 de Assessor</p></td><td rowspan="1" colspan="1"><p>2º Juizado Especial Cível da Circunscrição Judiciária de Taguatinga</p></td></tr><tr><td rowspan="1" colspan="1"><p>56</p></td><td rowspan="1" colspan="1"><p>6843</p></td><td rowspan="1" colspan="1"><p>CJ-01 de Assessor</p></td><td rowspan="1" colspan="1"><p>3º Juizado Especial Cível da Circunscrição Judiciária de Taguatinga</p></td></tr><tr><td rowspan="1" colspan="1"><p>57</p></td><td rowspan="1" colspan="1"><p>6844</p></td><td rowspan="1" colspan="1"><p>CJ-01 de Assessor</p></td><td rowspan="1" colspan="1"><p>Juizado Especial Criminal da Circunscrição Judiciária de Taguatinga</p></td></tr><tr><td rowspan="1" colspan="1"><p>58</p></td><td rowspan="1" colspan="1"><p>6845</p></td><td rowspan="1" colspan="1"><p>CJ-01 de Assessor</p></td><td rowspan="1" colspan="1"><p>Juizado de Violência Doméstica e Familiar Contra a Mulher da Circunscrição Judiciária de Taguatinga</p></td></tr><tr><td rowspan="1" colspan="1"><p>59</p></td><td rowspan="1" colspan="1"><p>6846</p></td><td rowspan="1" colspan="1"><p>CJ-01 de Assessor</p></td><td rowspan="1" colspan="1"><p>Juizado Especial Cível e Criminal do Recanto das Emas</p></td></tr><tr><td rowspan="1" colspan="1"><p>60</p></td><td rowspan="1" colspan="1"><p>6847</p></td><td rowspan="1" colspan="1"><p>CJ-01 de Assessor</p></td><td rowspan="1" colspan="1"><p>Juizado de Violência Doméstica e Familiar Contra a Mulher do Recanto das Emas</p></td></tr></table><p></p><table><tr /><tr><td rowspan="1" colspan="4"><p>Grupo Gabinete de Desembargador</p></td></tr><tr><td rowspan="1" colspan="1"><p>Item</p></td><td rowspan="1" colspan="1"><p>Sequencial CJ</p></td><td rowspan="1" colspan="1"><p>Nível e descrição CJ</p></td><td rowspan="1" colspan="1"><p>Localização da CJ</p></td></tr><tr><td rowspan="1" colspan="1"><p>1</p></td><td rowspan="1" colspan="1"><p>6868</p></td><td rowspan="1" colspan="1"><p>CJ-01 de Assessor</p></td><td rowspan="1" colspan="1"><p>Gabinete do Excelentíssimo Senhor Desembargador Getúlio Vargas de Moraes Oliveira</p></td></tr><tr><td rowspan="1" colspan="1"><p>2</p></td><td rowspan="1" colspan="1"><p>6869</p></td><td rowspan="1" colspan="1"><p>CJ-01 de Assessor</p></td><td rowspan="1" colspan="1"><p>Gabinete do Excelentíssimo Senhor Desembargador Romeu Gonzaga Neiva</p></td></tr><tr><td rowspan="1" colspan="1"><p>3</p></td><td rowspan="1" colspan="1"><p>6870</p></td><td rowspan="1" colspan="1"><p>CJ-01 de Assessor</p></td><td rowspan="1" colspan="1"><p>Gabinete da Excelentíssima Senhora Desembargadora Carmelita Indiano Americano do Brasil Dias</p></td></tr><tr><td rowspan="1" colspan="1"><p>4</p></td><td rowspan="1" colspan="1"><p>6871</p></td><td rowspan="1" colspan="1"><p>CJ-01 de Assessor</p></td><td rowspan="1" colspan="1"><p>Gabinete do Excelentíssimo Senhor Desembargador José Cruz Macedo</p></td></tr><tr><td rowspan="1" colspan="1"><p>5</p></td><td rowspan="1" colspan="1"><p>6872</p></td><td rowspan="1" colspan="1"><p>CJ-01 de Assessor</p></td><td rowspan="1" colspan="1"><p>Gabinete do Excelentíssimo Senhor Desembargador Waldir Leôncio Cordeiro Lopes Júnior</p></td></tr><tr><td rowspan="1" colspan="1"><p>6</p></td><td rowspan="1" colspan="1"><p>6873</p></td><td rowspan="1" colspan="1"><p>CJ-01 de Assessor</p></td><td rowspan="1" colspan="1"><p>Gabinete do Excelentíssimo Senhor Desembargador José Jacinto Costa Carvalho</p></td></tr><tr><td rowspan="1" colspan="1"><p>7</p></td><td rowspan="1" colspan="1"><p>6874</p></td><td rowspan="1" colspan="1"><p>CJ-01 de Assessor</p></td><td rowspan="1" colspan="1"><p>Gabinete da Excelentíssima Senhora Desembargadora Ana Maria Duarte Amarante Brito</p></td></tr><tr><td rowspan="1" colspan="1"><p>8</p></td><td rowspan="1" colspan="1"><p>6875</p></td><td rowspan="1" colspan="1"><p>CJ-01 de Assessor</p></td><td rowspan="1" colspan="1"><p>Gabinete do Excelentíssimo Senhor Desembargador Jair Oliveira Soares</p></td></tr><tr><td rowspan="1" colspan="1"><p>9</p></td><td rowspan="1" colspan="1"><p>6876</p></td><td rowspan="1" colspan="1"><p>CJ-01 de Assessor</p></td><td rowspan="1" colspan="1"><p>Gabinete da Excelentíssima Senhora Desembargadora Vera Lucia Andrighi</p></td></tr><tr><td rowspan="1" colspan="1"><p>10</p></td><td rowspan="1" colspan="1"><p>6877</p></td><td rowspan="1" colspan="1"><p>CJ-01 de Assessor</p></td><td rowspan="1" colspan="1"><p>Gabinete do Excelentíssimo Senhor Desembargador Mario-Zam Belmiro Rosa</p></td></tr><tr><td rowspan="1" colspan="1"><p>11</p></td><td rowspan="1" colspan="1"><p>6878</p></td><td rowspan="1" colspan="1"><p>CJ-01 de Assessor</p></td><td rowspan="1" colspan="1"><p>Gabinete do Excelentíssimo Senhor Desembargador Angelo Canducci Passareli</p></td></tr><tr><td rowspan="1" colspan="1"><p>12</p></td><td rowspan="1" colspan="1"><p>6879</p></td><td rowspan="1" colspan="1"><p>CJ-01 de Assessor</p></td><td rowspan="1" colspan="1"><p>Gabinete do Excelentíssimo Senhor Desembargador Roberval Casemiro Belinati</p></td></tr><tr><td rowspan="1" colspan="1"><p>13</p></td><td rowspan="1" colspan="1"><p>6880</p></td><td rowspan="1" colspan="1"><p>CJ-01 de Assessor</p></td><td rowspan="1" colspan="1"><p>Gabinete do Excelentíssimo Senhor Desembargador Silvanio Barbosa dos Santos</p></td></tr><tr><td rowspan="1" colspan="1"><p>14</p></td><td rowspan="1" colspan="1"><p>6881</p></td><td rowspan="1" colspan="1"><p>CJ-01 de Assessor</p></td><td rowspan="1" colspan="1"><p>Gabinete do Excelentíssimo Senhor Desembargador Sérgio Xavier de Souza Rocha</p></td></tr><tr><td rowspan="1" colspan="1"><p>15</p></td><td rowspan="1" colspan="1"><p>6882</p></td><td rowspan="1" colspan="1"><p>CJ-01 de Assessor</p></td><td rowspan="1" colspan="1"><p>Gabinete do Excelentíssimo Senhor Desembargador Arnoldo Camanho de Assis</p></td></tr><tr><td rowspan="1" colspan="1"><p>16</p></td><td rowspan="1" colspan="1"><p>6883</p></td><td rowspan="1" colspan="1"><p>CJ-01 de Assessor</p></td><td rowspan="1" colspan="1"><p>Gabinete do Excelentíssimo Senhor Desembargador Fernando Antonio Habibe Pereira</p></td></tr><tr><td rowspan="1" colspan="1"><p>17</p></td><td rowspan="1" colspan="1"><p>6884</p></td><td rowspan="1" colspan="1"><p>CJ-01 de Assessor</p></td><td rowspan="1" colspan="1"><p>Gabinete do Excelentíssimo Senhor Desembargador João Egmont Leôncio Lopes</p></td></tr><tr><td rowspan="1" colspan="1"><p>18</p></td><td rowspan="1" colspan="1"><p>6885</p></td><td rowspan="1" colspan="1"><p>CJ-01 de Assessor</p></td><td rowspan="1" colspan="1"><p>Gabinete do Excelentíssimo Senhor Desembargador Teófilo Rodrigues Caetano Neto</p></td></tr><tr><td rowspan="1" colspan="1"><p>19</p></td><td rowspan="1" colspan="1"><p>6886</p></td><td rowspan="1" colspan="1"><p>CJ-01 de Assessor</p></td><td rowspan="1" colspan="1"><p>Gabinete da Excelentíssima Senhora Desembargadora Nilsoni de Freitas Custodio</p></td></tr><tr><td rowspan="1" colspan="1"><p>20</p></td><td rowspan="1" colspan="1"><p>6887</p></td><td rowspan="1" colspan="1"><p>CJ-01 de Assessor</p></td><td rowspan="1" colspan="1"><p>Gabinete do Excelentíssimo Senhor Desembargador Jesuíno Aparecido Rissato</p></td></tr><tr><td rowspan="1" colspan="1"><p>21</p></td><td rowspan="1" colspan="1"><p>6888</p></td><td rowspan="1" colspan="1"><p>CJ-01 de Assessor</p></td><td rowspan="1" colspan="1"><p>Gabinete da Excelentíssima Senhora Desembargadora Simone Costa Lucindo Ferreira</p></td></tr><tr><td rowspan="1" colspan="1"><p>22</p></td><td rowspan="1" colspan="1"><p>6889</p></td><td rowspan="1" colspan="1"><p>CJ-01 de Assessor</p></td><td rowspan="1" colspan="1"><p>Gabinete do Excelentíssimo Senhor Desembargador Alfeu Gonzaga Machado</p></td></tr><tr><td rowspan="1" colspan="1"><p>23</p></td><td rowspan="1" colspan="1"><p>6890</p></td><td rowspan="1" colspan="1"><p>CJ-01 de Assessor</p></td><td rowspan="1" colspan="1"><p>Gabinete do Excelentíssimo Senhor Desembargador Sebastião Coelho da Silva</p></td></tr><tr><td rowspan="1" colspan="1"><p>24</p></td><td rowspan="1" colspan="1"><p>6891</p></td><td rowspan="1" colspan="1"><p>CJ-01 de Assessor</p></td><td rowspan="1" colspan="1"><p>Gabinete do Excelentíssimo Senhor Desembargador Gilberto Pereira de Oliveira</p></td></tr><tr><td rowspan="1" colspan="1"><p>25</p></td><td rowspan="1" colspan="1"><p>6892</p></td><td rowspan="1" colspan="1"><p>CJ-01 de Assessor</p></td><td rowspan="1" colspan="1"><p>Gabinete da Excelentíssima Senhora Desembargadora Leila Cristina Garbin Arlanch</p></td></tr><tr><td rowspan="1" colspan="1"><p>26</p></td><td rowspan="1" colspan="1"><p>6893</p></td><td rowspan="1" colspan="1"><p>CJ-01 de Assessor</p></td><td rowspan="1" colspan="1"><p>Gabinete da Excelentíssima Senhora Desembargadora Maria de Fátima Rafael de Aguiar</p></td></tr><tr><td rowspan="1" colspan="1"><p>27</p></td><td rowspan="1" colspan="1"><p>6894</p></td><td rowspan="1" colspan="1"><p>CJ-01 de Assessor</p></td><td rowspan="1" colspan="1"><p>Gabinete da Excelentíssima Senhora Desembargadora Maria de Lourdes Abreu</p></td></tr><tr><td rowspan="1" colspan="1"><p>28</p></td><td rowspan="1" colspan="1"><p>6895</p></td><td rowspan="1" colspan="1"><p>CJ-01 de Assessor</p></td><td rowspan="1" colspan="1"><p>Gabinete do Excelentíssimo Senhor Desembargador Josaphá Francisco dos Santos</p></td></tr><tr><td rowspan="1" colspan="1"><p>29</p></td><td rowspan="1" colspan="1"><p>6896</p></td><td rowspan="1" colspan="1"><p>CJ-01 de Assessor</p></td><td rowspan="1" colspan="1"><p>Gabinete do Excelentíssimo Senhor Desembargador James Eduardo da Cruz de Moraes Oliveira</p></td></tr><tr><td rowspan="1" colspan="1"><p>30</p></td><td rowspan="1" colspan="1"><p>6897</p></td><td rowspan="1" colspan="1"><p>CJ-01 de Assessor</p></td><td rowspan="1" colspan="1"><p>Gabinete do Excelentíssimo Senhor Desembargador César Laboissiere Loyola</p></td></tr><tr><td rowspan="1" colspan="1"><p>31</p></td><td rowspan="1" colspan="1"><p>6898</p></td><td rowspan="1" colspan="1"><p>CJ-01 de Assessor</p></td><td rowspan="1" colspan="1"><p>Gabinete do Excelentíssimo Senhor Desembargador Sandoval Gomes de Oliveira</p></td></tr><tr><td rowspan="1" colspan="1"><p>32</p></td><td rowspan="1" colspan="1"><p>6899</p></td><td rowspan="1" colspan="1"><p>CJ-01 de Assessor</p></td><td rowspan="1" colspan="1"><p>Gabinete do Excelentíssimo Senhor Desembargador Esdras Neves Almeida</p></td></tr><tr><td rowspan="1" colspan="1"><p>33</p></td><td rowspan="1" colspan="1"><p>6900</p></td><td rowspan="1" colspan="1"><p>CJ-01 de Assessor</p></td><td rowspan="1" colspan="1"><p>Gabinete da Excelentíssima Senhora Desembargadora Gislene Pinheiro de Oliveira</p></td></tr><tr><td rowspan="1" colspan="1"><p>34</p></td><td rowspan="1" colspan="1"><p>6901</p></td><td rowspan="1" colspan="1"><p>CJ-01 de Assessor</p></td><td rowspan="1" colspan="1"><p>Gabinete da Excelentíssima Senhora Desembargadora Ana Maria Cantarino</p></td></tr><tr><td rowspan="1" colspan="1"><p>35</p></td><td rowspan="1" colspan="1"><p>6902</p></td><td rowspan="1" colspan="1"><p>CJ-01 de Assessor</p></td><td rowspan="1" colspan="1"><p>Gabinete do Excelentíssimo Senhor Desembargador Diaulas Costa Ribeiro</p></td></tr><tr><td rowspan="1" colspan="1"><p>36</p></td><td rowspan="1" colspan="1"><p>6903</p></td><td rowspan="1" colspan="1"><p>CJ-01 de Assessor</p></td><td rowspan="1" colspan="1"><p>Gabinete do Excelentíssimo Senhor Desembargador Rômulo de Araújo Mendes</p></td></tr><tr><td rowspan="1" colspan="1"><p>37</p></td><td rowspan="1" colspan="1"><p>6904</p></td><td rowspan="1" colspan="1"><p>CJ-01 de Assessor</p></td><td rowspan="1" colspan="1"><p>Gabinete do Excelentíssimo Senhor Desembargador Roberto Freitas Filho</p></td></tr><tr><td rowspan="1" colspan="1"><p>38</p></td><td rowspan="1" colspan="1"><p>6905</p></td><td rowspan="1" colspan="1"><p>CJ-01 de Assessor</p></td><td rowspan="1" colspan="1"><p>Gabinete do Excelentíssimo Senhor Desembargador Robson Vieira Teixeira de Freitas</p></td></tr><tr><td rowspan="1" colspan="1"><p>39</p></td><td rowspan="1" colspan="1"><p>6906</p></td><td rowspan="1" colspan="1"><p>CJ-01 de Assessor</p></td><td rowspan="1" colspan="1"><p>Gabinete da Excelentíssima Senhora Desembargadora Maria Ivatônia Barbosa dos Santos</p></td></tr><tr><td rowspan="1" colspan="1"><p>40</p></td><td rowspan="1" colspan="1"><p>6907</p></td><td rowspan="1" colspan="1"><p>CJ-01 de Assessor</p></td><td rowspan="1" colspan="1"><p>Gabinete do Excelentíssimo Senhor Desembargador Hector Valverde Santanna</p></td></tr><tr><td rowspan="1" colspan="1"><p>41</p></td><td rowspan="1" colspan="1"><p>6908</p></td><td rowspan="1" colspan="1"><p>CJ-01 de Assessor</p></td><td rowspan="1" colspan="1"><p>Gabinete da Excelentíssima Senhora Desembargadora Diva Lucy de Faria Pereira</p></td></tr><tr><td rowspan="1" colspan="1"><p>42</p></td><td rowspan="1" colspan="1"><p>6909</p></td><td rowspan="1" colspan="1"><p>CJ-01 de Assessor</p></td><td rowspan="1" colspan="1"><p>Gabinete do Excelentíssimo Senhor Desembargador Luís Gustavo Barbosa de Oliveira</p></td></tr><tr><td rowspan="1" colspan="1"><p>43</p></td><td rowspan="1" colspan="1"><p>6910</p></td><td rowspan="1" colspan="1"><p>CJ-01 de Assessor</p></td><td rowspan="1" colspan="1"><p>Gabinete do Excelentíssimo Senhor Desembargador Alvaro Luis de Araujo Sales Ciarlini</p></td></tr><tr><td rowspan="1" colspan="1"><p>44</p></td><td rowspan="1" colspan="1"><p>6911</p></td><td rowspan="1" colspan="1"><p>CJ-01 de Assessor</p></td><td rowspan="1" colspan="1"><p>Gabinete do Excelentíssimo Senhor Desembargador Fábio Eduardo Marques</p></td></tr><tr><td rowspan="1" colspan="1"><p>45</p></td><td rowspan="1" colspan="1"><p>6912</p></td><td rowspan="1" colspan="1"><p>CJ-01 de Assessor</p></td><td rowspan="1" colspan="1"><p>Gabinete do Excelentíssimo Senhor Desembargador Leonardo Roscoe Bessa</p></td></tr><tr><td rowspan="1" colspan="1"><p>46</p></td><td rowspan="1" colspan="1"><p>6913</p></td><td rowspan="1" colspan="1"><p>CJ-01 de Assessor</p></td><td rowspan="1" colspan="1"><p>Gabinete do Excelentíssimo Senhor Desembargador Arquibaldo Carneiro Portela</p></td></tr><tr><td rowspan="1" colspan="1"><p>47</p></td><td rowspan="1" colspan="1"><p>6914</p></td><td rowspan="1" colspan="1"><p>CJ-01 de Assessor</p></td><td rowspan="1" colspan="1"><p>Gabinete do Excelentíssimo Senhor Desembargador Carlos Pires Soares Neto</p></td></tr><tr><td rowspan="1" colspan="1"><p>48</p></td><td rowspan="1" colspan="1"><p>6915</p></td><td rowspan="1" colspan="1"><p>CJ-01 de Assessor</p></td><td rowspan="1" colspan="1"><p>Gabinete do Excelentíssimo Senhor Desembargador José Firmo Reis Soub</p></td></tr></table><p /><p></p><table><tr /><tr><td rowspan="1" colspan="4"><p>Grupo Gabinete de Juiz Substituto de 2º Grau</p></td></tr><tr><td rowspan="1" colspan="1"><p>Item</p></td><td rowspan="1" colspan="1"><p>Sequencial CJ</p></td><td rowspan="1" colspan="1"><p>Nível e descrição CJ</p></td><td rowspan="1" colspan="1"><p>Localização da CJ</p></td></tr><tr><td rowspan="1" colspan="1"><p>1</p></td><td rowspan="1" colspan="1"><p>6916</p></td><td rowspan="1" colspan="1"><p>CJ-01 de Assessor</p></td><td rowspan="1" colspan="1"><p>Gabinete do Excelentíssimo Senhor Juiz de Direito Substituto de Segundo Grau Demétrius Gomes Cavalcanti</p></td></tr><tr><td rowspan="1" colspan="1"><p>2</p></td><td rowspan="1" colspan="1"><p>6917</p></td><td rowspan="1" colspan="1"><p>CJ-01 de Assessor</p></td><td rowspan="1" colspan="1"><p>Gabinete do Excelentíssimo Senhor Juiz de Direito Substituto de Segundo Grau Robson Barbosa de Azevedo</p></td></tr><tr><td rowspan="1" colspan="1"><p>3</p></td><td rowspan="1" colspan="1"><p>6918</p></td><td rowspan="1" colspan="1"><p>CJ-01 de Assessor</p></td><td rowspan="1" colspan="1"><p>Gabinete da Excelentíssima Senhora Juíza de Direito Substituto de Segundo Grau Sandra Reves Vasques Tonussi</p></td></tr><tr><td rowspan="1" colspan="1"><p>4</p></td><td rowspan="1" colspan="1"><p>6919</p></td><td rowspan="1" colspan="1"><p>CJ-01 de Assessor</p></td><td rowspan="1" colspan="1"><p>Gabinete do Excelentíssimo Senhor Juiz de Direito Substituto de Segundo Grau José Eustáquio de Castro Teixeira</p></td></tr><tr><td rowspan="1" colspan="1"><p>5</p></td><td rowspan="1" colspan="1"><p>6920</p></td><td rowspan="1" colspan="1"><p>CJ-01 de Assessor</p></td><td rowspan="1" colspan="1"><p>Gabinete do Excelentíssimo Senhor Juiz de Direito Substituto de Segundo Grau Fabrício Fontoura Bezerra</p></td></tr><tr><td rowspan="1" colspan="1"><p>6</p></td><td rowspan="1" colspan="1"><p>6921</p></td><td rowspan="1" colspan="1"><p>CJ-01 de Assessor</p></td><td rowspan="1" colspan="1"><p>Gabinete da Excelentíssima Senhora Juíza de Direito Substituto de Segundo Grau Soníria Rocha Campos D'Assunção</p></td></tr><tr><td rowspan="1" colspan="1"><p>7</p></td><td rowspan="1" colspan="1"><p>6922</p></td><td rowspan="1" colspan="1"><p>CJ-01 de Assessor</p></td><td rowspan="1" colspan="1"><p>Gabinete da Excelentíssima Senhora Juíza de Direito Substituto de Segundo Grau Carmen Nicea Nogueira Bittencourt</p></td></tr><tr><td rowspan="1" colspan="1"><p>8</p></td><td rowspan="1" colspan="1"><p>6923</p></td><td rowspan="1" colspan="1"><p>CJ-01 de Assessor</p></td><td rowspan="1" colspan="1"><p>Gabinete da Excelentíssima Senhora Juíza de Direito Substituto de Segundo Grau Ana Maria Ferreira da Silva</p></td></tr><tr><td rowspan="1" colspan="1"><p>9</p></td><td rowspan="1" colspan="1"><p>6924</p></td><td rowspan="1" colspan="1"><p>CJ-01 de Assessor</p></td><td rowspan="1" colspan="1"><p>Gabinete do Excelentíssimo Senhor Juiz de Direito Substituto de Segundo Grau João Luis Fischer Dias</p></td></tr><tr><td rowspan="1" colspan="1"><p>10</p></td><td rowspan="1" colspan="1"><p>6925</p></td><td rowspan="1" colspan="1"><p>CJ-01 de Assessor</p></td><td rowspan="1" colspan="1"><p>Gabinete da Excelentíssima Senhora Juíza de Direito Substituto de Segundo Grau Lucimeire Maria da Silva</p></td></tr><tr><td rowspan="1" colspan="1"><p>11</p></td><td rowspan="1" colspan="1"><p>6926</p></td><td rowspan="1" colspan="1"><p>CJ-01 de Assessor</p></td><td rowspan="1" colspan="1"><p>Gabinete do Excelentíssimo Senhor Juiz de Direito Substituto de Segundo Grau Carlos Pires Soares Neto</p></td></tr></table><p /><p></p><table><tr /><tr><td rowspan="1" colspan="4"><p>Grupo Gabinete de Juiz de Turma Recursal</p></td></tr><tr><td rowspan="1" colspan="1"><p>Item</p></td><td rowspan="1" colspan="1"><p>Sequencial CJ</p></td><td rowspan="1" colspan="1"><p>Nível e descrição CJ</p></td><td rowspan="1" colspan="1"><p>Localização da CJ</p></td></tr><tr><td rowspan="1" colspan="1"><p>1</p></td><td rowspan="1" colspan="1"><p>6927</p></td><td rowspan="1" colspan="1"><p>CJ-01 de Assessor</p></td><td rowspan="1" colspan="1"><p>Gabinete do Excelentíssimo Senhor Juiz de Direito da Primeira Turma Recursal, Aiston Henrique de Sousa</p></td></tr><tr><td rowspan="1" colspan="1"><p>2</p></td><td rowspan="1" colspan="1"><p>6928</p></td><td rowspan="1" colspan="1"><p>CJ-01 de Assessor</p></td><td rowspan="1" colspan="1"><p>Gabinete do Excelentíssimo Senhor Juiz de Direito da Primeira Turma Recursal, Antônio Fernandes da Luz</p></td></tr><tr><td rowspan="1" colspan="1"><p>3</p></td><td rowspan="1" colspan="1"><p>6929</p></td><td rowspan="1" colspan="1"><p>CJ-01 de Assessor</p></td><td rowspan="1" colspan="1"><p>Gabinete do Excelentíssimo Senhor Juiz de Direito da Primeira Turma Recursal, Flávio Fernando Almeida da Fonseca</p></td></tr><tr><td rowspan="1" colspan="1"><p>4</p></td><td rowspan="1" colspan="1"><p>6930</p></td><td rowspan="1" colspan="1"><p>CJ-01 de Assessor</p></td><td rowspan="1" colspan="1"><p>Gabinete da Excelentíssima Senhora Juíza de Direito da Primeira Turma Recursal, Rita de Cássia de Cerqueira Lima Rocha</p></td></tr><tr><td rowspan="1" colspan="1"><p>5</p></td><td rowspan="1" colspan="1"><p>6931</p></td><td rowspan="1" colspan="1"><p>CJ-01 de Assessor</p></td><td rowspan="1" colspan="1"><p>Gabinete do Excelentíssimo Senhor Juiz de Direito da Segunda Turma Recursal, Arnaldo Corrêa Silva</p></td></tr><tr><td rowspan="1" colspan="1"><p>6</p></td><td rowspan="1" colspan="1"><p>6932</p></td><td rowspan="1" colspan="1"><p>CJ-01 de Assessor</p></td><td rowspan="1" colspan="1"><p>Gabinete da Excelentíssima Senhora Juíza de Direito da Segunda Turma Recursal, Marília de Ávila e Silva Sampaio</p></td></tr><tr><td rowspan="1" colspan="1"><p>7</p></td><td rowspan="1" colspan="1"><p>6933</p></td><td rowspan="1" colspan="1"><p>CJ-01 de Assessor</p></td><td rowspan="1" colspan="1"><p>Gabinete da Excelentíssima Senhora Juíza de Direito da Segunda Turma Recursal, Giselle Rocha Raposo</p></td></tr><tr><td rowspan="1" colspan="1"><p>8</p></td><td rowspan="1" colspan="1"><p>6934</p></td><td rowspan="1" colspan="1"><p>CJ-01 de Assessor</p></td><td rowspan="1" colspan="1"><p>Gabinete da Excelentíssima Senhora Juíza de Direito da Segunda Turma Recursal, Silvana da Silva Chaves</p></td></tr><tr><td rowspan="1" colspan="1"><p>9</p></td><td rowspan="1" colspan="1"><p>6935</p></td><td rowspan="1" colspan="1"><p>CJ-01 de Assessor</p></td><td rowspan="1" colspan="1"><p>Gabinete do Excelentíssimo Senhor Juiz de Direito da Terceira Turma Recursal, Asiel Henrique de Sousa</p></td></tr><tr><td rowspan="1" colspan="1"><p>10</p></td><td rowspan="1" colspan="1"><p>6936</p></td><td rowspan="1" colspan="1"><p>CJ-01 de Assessor</p></td><td rowspan="1" colspan="1"><p>Gabinete do Excelentíssimo Senhor Juiz de Direito da Terceira Turma Recursal, Fernando Antônio Tavernard Lima</p></td></tr><tr><td rowspan="1" colspan="1"><p>11</p></td><td rowspan="1" colspan="1"><p>6937</p></td><td rowspan="1" colspan="1"><p>CJ-01 de Assessor</p></td><td rowspan="1" colspan="1"><p>Gabinete do Excelentíssimo Senhor Juiz de Direito da Terceira Turma Recursal, Carlos Alberto Martins Filho</p></td></tr><tr><td rowspan="1" colspan="1"><p>12</p></td><td rowspan="1" colspan="1"><p>6938</p></td><td rowspan="1" colspan="1"><p>CJ-01 de Assessor</p></td><td rowspan="1" colspan="1"><p>Gabinete da Excelentíssima Senhora Juíza de Direito da Terceira Turma Recursal, Edi Maria Coutinho Bizzi</p></td></tr></table><p>Art. 2º Os Cargos em Comissão, Nível CJ-01, de Assessor, elencados no artigo 1º serão destinados exclusivamente a servidores efetivos integrantes do quadro de pessoal do Tribunal de Justiça do Distrito Federal e dos Territórios, bacharéis em Direito.</p><p>Art. 3º Esta Portaria entra em vigor na data de sua publicação.</p><p class="assina">Des. CRUZ MACEDO</p>]]></Texto>
  </body>
  <Midias />
</article></xml>