﻿<xml><article id="27701453" name="P8RIBEIRAOPRETO15 secao1" idOficio="7354532" pubName="DO1" artType="Portaria" pubDate="25/08/2022" artClass="00015:00045:00432:00100:00018:00000:00000:00000:00000:00000:00054:00000" artCategory="Ministério da Economia/Secretaria Especial da Receita Federal do Brasil/Subsecretaria-Geral da Receita Federal do Brasil/Superintendência Regional da 8ª Região Fiscal/Delegacia da Receita Federal do Brasil em Ribeirão Preto" artSize="12" artNotes="" numberPage="212" pdfPage="http://pesquisa.in.gov.br/imprensa/jsp/visualiza/index.jsp?data=25/08/2022&amp;jornal=515&amp;pagina=212" editionNumber="162" highlightType="" highlightPriority="" highlight="" highlightimage="" highlightimagename="" idMateria="14834971">
  <body>
    <Identifica><![CDATA[ PORTARIA DRF/RPO Nº 15, DE 23 DE AGOSTO DE 2022]]></Identifica>
    <Data><![CDATA[]]></Data>
    <Ementa />
    <Titulo />
    <SubTitulo />
    <Texto><![CDATA[<p class="identifica">PORTARIA DRF/RPO Nº 15, DE 23 DE AGOSTO DE 2022</p><p>O DELEGADO SUBSTITUTO DA RECEITA FEDERAL DO BRASIL EM RIBEIRÃO PRETO no uso das atribuições que lhe conferem os artigos 360 e 364 do Regimento Interno da Secretaria da Receita Federal do Brasil, aprovado pela Portaria do Ministério da Economia nº 284 de 27 de julho de 2020, publicada no Diário Oficial da União de 27 de julho de 2020, e tendo em vista a previsão do art. 3º da Portaria SRRF08 nº 158, de 27 de dezembro de 2021, publicada no BS/RFB de 28 de dezembro de 2021, resolve:</p><p>Art. 1º. Delegar ao Auditor-Fiscal, Chefe do GRUMAV08, a competência para aplicação da pena de perdimento de mercadorias, veículos e moedas, prevista no inciso I do art. 360 da Portaria ME nº 284, de 27 de julho de 2020, nos processos administrativos de mercadorias e veículos apreendidos encaminhados ao GRUMAV08 dentro do escopo da regionalização da Portaria SRRF08 nº 158, de 27 de dezembro de 2021.</p><p>Art. 2º. Esta Portaria entra em vigor na data de sua publicação no DOU.</p><p class="assina">CARLO ALESSANDRO MESQUITA FELIPPINI</p>]]></Texto>
  </body>
  <Midias />
</article></xml>