﻿<xml><article id="27693183" name="PORTARIA NA 1100 DE 19 DE AGOSTO" idOficio="7352996" pubName="DO1" artType="Portaria" pubDate="25/08/2022" artClass="00019:00030:00000:00000:00000:00000:00000:00000:00000:00000:00054:00000" artCategory="Ministério da Infraestrutura/Secretaria Nacional de Transportes Terrestres" artSize="12" artNotes="" numberPage="237" pdfPage="http://pesquisa.in.gov.br/imprensa/jsp/visualiza/index.jsp?data=25/08/2022&amp;jornal=515&amp;pagina=237" editionNumber="162" highlightType="" highlightPriority="" highlight="" highlightimage="" highlightimagename="" idMateria="14833147">
  <body>
    <Identifica><![CDATA[ PORTARIA Nº 1.100, DE 19 DE AGOSTO DE 2022]]></Identifica>
    <Data><![CDATA[]]></Data>
    <Ementa />
    <Titulo />
    <SubTitulo />
    <Texto><![CDATA[<p class="identifica">PORTARIA Nº 1.100, DE 19 DE AGOSTO DE 2022</p><p>O SECRETÁRIO DA SECRETARIA NACIONAL DE TRANSPORTES TERRESTRES, DO MINISTÉRIO DA INFRAESTRUTURA, no uso das atribuições que lhe confere o inciso I do artigo 7º da Portaria nº 46, de 11 de março de 2021, e;</p><p>Considerando o determinado nos incisos I e II, do § 8º, do artigo 1º-A da Lei nº 10.336, de 19 de dezembro de 2001;</p><p>Considerando o disposto na Portaria n° 228, de 11 de outubro de 2007, do Ministro da Infraestrutura;</p><p>Considerando o constante dos autos do processo nº 50000.027637/2021-54, resolve:</p><p>Art. 1º. Publicar o Programa de Trabalho proposto pelo Estado do Tocantins para o exercício de 2022 - 1ª alteração, referente à aplicação dos recursos que lhe cabem, relativos à Contribuição de Intervenção no Domínio Econômico - CIDE, instituída pela Lei nº. 10.336, de 19 de dezembro de 2001, nos termos do respectivo processo administrativo, conforme discriminado no anexo desta Portaria.</p><p>Art. 2º. Revogar o Anexo XXVII referente ao Estado do Tocantins, da Portaria nº 1.475, de 03 de dezembro de 2021, publicada no Diário Oficial da União do dia 10 de dezembro de 2021, edição nº 232, seção 1, página 77.</p><p>Art. 3º. Esta Portaria entra em vigor na data de sua publicação.</p><p class="assina">FELIPE FERNANDES QUEIROZ</p><p>ANEXO</p><p /><p></p><table><tr /><tr><td rowspan="1" colspan="1"><p>Unidade da Federação: Tocantins</p><p>Processo nº 50000.027637/2021-54</p></td></tr></table><p>1ª ALTERAÇÃO DO PROGRAMA DE TRABALHO PARA 2022</p><p>Relação de Empreendimentos</p><p>A - Programa de Conservação e Recuperação De Rodovias Pavimentadas e Não Pavimentadas</p><p /><p></p><table><tr /><tr><td rowspan="1" colspan="1"><p>Item</p></td><td rowspan="1" colspan="1"><p>Região</p></td><td rowspan="1" colspan="1"><p>Trecho</p></td><td rowspan="1" colspan="1"><p>Extensão/km</p></td><td rowspan="1" colspan="1"><p>Valor Previsto (R$)</p></td></tr><tr><td rowspan="1" colspan="1" /><td rowspan="1" colspan="1"><p>TO-050; TO-255; TO-010; TO-342; TO-335; TO-126; TO-040; TO-336. TO-255;</p></td><td rowspan="1" colspan="1"><p>Serviços de Conservação e recuperação de</p></td><td rowspan="1" colspan="1" /><td rowspan="1" colspan="1" /></tr><tr><td rowspan="1" colspan="1"><p>01</p></td><td rowspan="1" colspan="1"><p>TO-010; TO-020; TO-110; TO-201; TO-245; TO-335; TO-387; TO-020; TO-387;</p></td><td rowspan="1" colspan="1"><p>Rodovias Pavimentadas e Não pavimentadas no</p></td><td rowspan="1" colspan="1"><p>595,00</p></td><td rowspan="1" colspan="1"><p>18.001.725,00</p></td></tr><tr><td rowspan="1" colspan="1" /><td rowspan="1" colspan="1"><p>TO-237/030; TO-255 e outras</p></td><td rowspan="1" colspan="1"><p>Estado do Tocantins</p></td><td rowspan="1" colspan="1" /><td rowspan="1" colspan="1" /></tr><tr><td rowspan="1" colspan="1"><p>Total 1</p></td><td rowspan="1" colspan="1"><p></p></td><td rowspan="1" colspan="1"><p></p></td><td rowspan="1" colspan="1"><p>595,00</p></td><td rowspan="1" colspan="1"><p>18.001.725,00</p></td></tr></table><p>B - Programa de Manutenção e Conservação de Sinalização Viária</p><p /><p></p><table><tr /><tr><td rowspan="1" colspan="1"><p>Item</p></td><td rowspan="1" colspan="1"><p>Região</p></td><td rowspan="1" colspan="1"><p>Trecho</p></td><td rowspan="1" colspan="1"><p>Extensão/km</p></td><td rowspan="1" colspan="1"><p>Valor Previsto (R$)</p></td></tr><tr><td rowspan="1" colspan="1"><p>02</p></td><td rowspan="1" colspan="1"><p>TO-050; TO-255; TO-010; TO-342; TO-335; TO-126; TO-040; TO-336. TO-255; e outras</p></td><td rowspan="1" colspan="1"><p>Serviços de manutenção e conservação de sinalização horizontal, vertical e dispositivos auxiliares de segurança em diversas rodovias do Estado do Tocantins</p></td><td rowspan="1" colspan="1"><p>546,00</p></td><td rowspan="1" colspan="1"><p>10.090.080,00</p></td></tr><tr><td rowspan="1" colspan="1"><p>Total 2</p></td><td rowspan="1" colspan="1"><p></p></td><td rowspan="1" colspan="1"><p></p></td><td rowspan="1" colspan="1"><p>546,00</p></td><td rowspan="1" colspan="1"><p>10.090.080,00</p></td></tr></table><p>C - Programa de Elaboração/Readequação de Projetos Rodoviários</p><p /><p></p><table><tr /><tr><td rowspan="1" colspan="1"><p>Item</p></td><td rowspan="1" colspan="1"><p>Região</p></td><td rowspan="1" colspan="1"><p>Trecho</p></td><td rowspan="1" colspan="1"><p>Extensão/km</p></td><td rowspan="1" colspan="1"><p>Valor Previsto (R$)</p></td></tr><tr><td rowspan="1" colspan="1" /><td rowspan="1" colspan="1"><p>TO-010; TO-020; TO-110;</p></td><td rowspan="1" colspan="1"><p>Serviços de elaboração de projetos básicos e executivos de engenharia dos seguintes trechos: Campos Lindos/km 33;</p></td><td rowspan="1" colspan="1" /><td rowspan="1" colspan="1" /></tr><tr><td rowspan="1" colspan="1"><p>03</p></td><td rowspan="1" colspan="1"><p>TO-201; TO-245; TO-335;</p></td><td rowspan="1" colspan="1"><p>Conceição do Tocantins/Taipas; Centenário/Entr. TO-428; TO-201/Acesso divisa (TO/PA); Tocantínia/Lajeado; Anel</p></td><td rowspan="1" colspan="1"><p>127,00</p></td><td rowspan="1" colspan="1"><p>3.503.659,57</p></td></tr><tr><td rowspan="1" colspan="1" /><td rowspan="1" colspan="1"><p>TO-387</p></td><td rowspan="1" colspan="1"><p>viário de Colinas; Entr. TO-245/Entr. TO-030 e Lagoa do Tocantins/km 50.</p></td><td rowspan="1" colspan="1" /><td rowspan="1" colspan="1" /></tr><tr><td rowspan="1" colspan="1"><p>Total 3</p></td><td rowspan="1" colspan="1"><p></p></td><td rowspan="1" colspan="1"><p></p></td><td rowspan="1" colspan="1"><p>127,00</p></td><td rowspan="1" colspan="1"><p>3.503.659,57</p></td></tr></table><p>D - Programa de Elaboração de Estudos Ambientais</p><p /><p></p><table><tr /><tr><td rowspan="1" colspan="1"><p>Item</p></td><td rowspan="1" colspan="1"><p>Região</p></td><td rowspan="1" colspan="1"><p>Trecho</p></td><td rowspan="1" colspan="1"><p>Extensão/km</p></td><td rowspan="1" colspan="1"><p>Valor Previsto (R$)</p></td></tr><tr><td rowspan="1" colspan="1"><p>04</p></td><td rowspan="1" colspan="1"><p>TO-387 e TO-020</p></td><td rowspan="1" colspan="1"><p>Elaboração de estudos ambientais para fins de licenciamento ambiental das obras de pavimentação asfáltica dos seguintes trechos: Campos Lindos/km 33; Conceição do Tocantins/Taipas</p></td><td rowspan="1" colspan="1"><p>73,00</p></td><td rowspan="1" colspan="1"><p>843.540,75</p></td></tr><tr><td rowspan="1" colspan="1"><p>Total 4</p></td><td rowspan="1" colspan="1"><p></p></td><td rowspan="1" colspan="1"><p></p></td><td rowspan="1" colspan="1"><p>73,00</p></td><td rowspan="1" colspan="1"><p>843.540,75</p></td></tr></table><p>E - Programa de Execução de Programas Ambientais</p><p /><p></p><table><tr /><tr><td rowspan="1" colspan="1"><p>Item</p></td><td rowspan="1" colspan="1"><p>Região</p></td><td rowspan="1" colspan="1"><p>Trecho</p></td><td rowspan="1" colspan="1"><p>Extensão/km</p></td><td rowspan="1" colspan="1"><p>Valor Previsto (R$)</p></td></tr><tr><td rowspan="1" colspan="1" /><td rowspan="1" colspan="1" /><td rowspan="1" colspan="1"><p>Execução de serviços/obras previstos nos programas ambientais aprovados pelo órgão licenciador no âmbito do</p></td><td rowspan="1" colspan="1" /><td rowspan="1" colspan="1" /></tr><tr><td rowspan="1" colspan="1"><p>05</p></td><td rowspan="1" colspan="1"><p>TO-255 e TO-237/030</p></td><td rowspan="1" colspan="1"><p>licenciamento ambiental para obras de pavimentação asfáltica de rodovias estaduais :dos seguintes trechos: Lagoa</p></td><td rowspan="1" colspan="1"><p>225,29</p></td><td rowspan="1" colspan="1"><p>2.042.403,09</p></td></tr><tr><td rowspan="1" colspan="1" /><td rowspan="1" colspan="1" /><td rowspan="1" colspan="1"><p>da Confusão/Barreira da Cruz e Lagoa do Tocantins/São Félix do Tocantins</p></td><td rowspan="1" colspan="1" /><td rowspan="1" colspan="1" /></tr><tr><td rowspan="1" colspan="1"><p>Total 5</p></td><td rowspan="1" colspan="1"><p></p></td><td rowspan="1" colspan="1"><p></p></td><td rowspan="1" colspan="1"><p>73,00</p></td><td rowspan="1" colspan="1"><p>2.042.403,09</p></td></tr></table><p /><p></p><table><tr /><tr><td rowspan="1" colspan="1"><p>Total R$ 34.481.408,41</p></td></tr></table><p>Cronograma Financeiro</p><p>(Valores em R$ 1,00)</p><p /><p></p><table><tr /><tr><td rowspan="1" colspan="1"><p>Item</p></td><td rowspan="1" colspan="1"><p>Discriminação</p></td><td rowspan="1" colspan="5"><p>Trimestre</p></td></tr><tr><td rowspan="1" colspan="2"><p></p></td><td rowspan="1" colspan="1"><p>1º</p></td><td rowspan="1" colspan="1"><p>2º</p></td><td rowspan="1" colspan="1"><p>3º</p></td><td rowspan="1" colspan="1"><p>4º</p></td><td rowspan="1" colspan="1"><p>Total (R$)</p></td></tr><tr><td rowspan="1" colspan="1" /><td rowspan="1" colspan="1"><p>TO-050; TO-255; TO-010; TO-342; TO-</p></td><td rowspan="1" colspan="1" /><td rowspan="1" colspan="1" /><td rowspan="1" colspan="1" /><td rowspan="1" colspan="1" /><td rowspan="1" colspan="1" /></tr><tr><td rowspan="1" colspan="1" /><td rowspan="1" colspan="1"><p>335; TO-126; TO-040; TO-336. TO-255;</p></td><td rowspan="1" colspan="1" /><td rowspan="1" colspan="1" /><td rowspan="1" colspan="1" /><td rowspan="1" colspan="1" /><td rowspan="1" colspan="1" /></tr><tr><td rowspan="1" colspan="1"><p>01</p></td><td rowspan="1" colspan="1"><p>TO-010; TO-020; TO-110; TO-201; TO-</p></td><td rowspan="1" colspan="1"><p>781.079,37</p></td><td rowspan="1" colspan="1"><p>-</p></td><td rowspan="1" colspan="1"><p>8.610.322,00</p></td><td rowspan="1" colspan="1"><p>8.610.323,63</p></td><td rowspan="1" colspan="1"><p>18.001.725,00</p></td></tr><tr><td rowspan="1" colspan="1" /><td rowspan="1" colspan="1"><p>245; TO-335; TO-387; TO-020; TO-387;</p></td><td rowspan="1" colspan="1" /><td rowspan="1" colspan="1" /><td rowspan="1" colspan="1" /><td rowspan="1" colspan="1" /><td rowspan="1" colspan="1" /></tr><tr><td rowspan="1" colspan="1" /><td rowspan="1" colspan="1"><p>TO-237/030; TO-255 e outras</p></td><td rowspan="1" colspan="1" /><td rowspan="1" colspan="1" /><td rowspan="1" colspan="1" /><td rowspan="1" colspan="1" /><td rowspan="1" colspan="1" /></tr><tr><td rowspan="1" colspan="1" /><td rowspan="1" colspan="1" /><td rowspan="1" colspan="1" /><td rowspan="1" colspan="1" /><td rowspan="1" colspan="1" /><td rowspan="1" colspan="1" /><td rowspan="1" colspan="1" /></tr><tr><td rowspan="1" colspan="1" /><td rowspan="1" colspan="1"><p>TO-050; TO-255; TO-010; TO-342; TO-335; TO-126;</p></td><td rowspan="1" colspan="1" /><td rowspan="1" colspan="1" /><td rowspan="1" colspan="1" /><td rowspan="1" colspan="1" /><td rowspan="1" colspan="1" /></tr><tr><td rowspan="1" colspan="1"><p>02</p></td><td rowspan="1" colspan="1"><p>TO-040; TO-336. TO-255; e outras</p></td><td rowspan="1" colspan="1"><p>-</p></td><td rowspan="1" colspan="1"><p>-</p></td><td rowspan="1" colspan="1"><p>5.045.040,00</p></td><td rowspan="1" colspan="1"><p>5.045.040,00</p></td><td rowspan="1" colspan="1"><p>10.090.080,00</p></td></tr><tr><td rowspan="1" colspan="1"><p>03</p></td><td rowspan="1" colspan="1"><p>TO-010; TO-020; TO-110; TO-201; TO-245; TO-335; TO-387</p></td><td rowspan="1" colspan="1"><p>-</p></td><td rowspan="1" colspan="1"><p>-</p></td><td rowspan="1" colspan="1"><p>1.751.829,79</p></td><td rowspan="1" colspan="1"><p>1.751.829,78</p></td><td rowspan="1" colspan="1"><p>3.503.659,57</p></td></tr><tr><td rowspan="1" colspan="1"><p>04</p></td><td rowspan="1" colspan="1"><p>TO-387 e TO-020</p></td><td rowspan="1" colspan="1"><p>-</p></td><td rowspan="1" colspan="1"><p>-</p></td><td rowspan="1" colspan="1"><p>421.770,38</p></td><td rowspan="1" colspan="1"><p>421.770,37</p></td><td rowspan="1" colspan="1"><p>843.540,75</p></td></tr><tr><td rowspan="1" colspan="1"><p>05</p></td><td rowspan="1" colspan="1"><p>TO-255 e TO-237/030</p></td><td rowspan="1" colspan="1"><p>-</p></td><td rowspan="1" colspan="1"><p>-</p></td><td rowspan="1" colspan="1"><p>1.021.201,55</p></td><td rowspan="1" colspan="1"><p>1.021.201,54</p></td><td rowspan="1" colspan="1"><p>2.042.403,09</p></td></tr><tr><td rowspan="1" colspan="2"><p>Total</p></td><td rowspan="1" colspan="1"><p>781.079,37</p></td><td rowspan="1" colspan="1"><p>-</p></td><td rowspan="1" colspan="1"><p>16.850.163,72</p></td><td rowspan="1" colspan="1"><p>16.850.165,32</p></td><td rowspan="1" colspan="1"><p>34.481.408,41</p></td></tr></table>]]></Texto>
  </body>
  <Midias />
</article></xml>