﻿<xml><article id="27710138" name="DESPACHO SG NA 1227 (Diogo)" idOficio="7356027" pubName="DO1" artType="Despacho" pubDate="25/08/2022" artClass="00020:00036:00018:00000:00000:00000:00000:00000:00000:00000:00024:00002" artCategory="Ministério da Justiça e Segurança Pública/Conselho Administrativo de Defesa Econômica/Superintendência-Geral" artSize="12" artNotes="" numberPage="257" pdfPage="http://pesquisa.in.gov.br/imprensa/jsp/visualiza/index.jsp?data=25/08/2022&amp;jornal=515&amp;pagina=257" editionNumber="162" highlightType="" highlightPriority="" highlight="" highlightimage="" highlightimagename="" idMateria="14837361">
  <body>
    <Identifica><![CDATA[ Despacho Nº 1.227, de 24 de agosto de 2022]]></Identifica>
    <Data><![CDATA[]]></Data>
    <Ementa />
    <Titulo />
    <SubTitulo />
    <Texto><![CDATA[<p></p><p class="identifica">Despacho Nº 1.227, de 24 de agosto de 2022</p><p>DESPACHO SG Nº 1227/2022</p><p>Processo Administrativo nº 08700.005726/2020-13 (Apartado de Acesso aos Representados nº 08700.005727/2020-50)</p><p>Representante: Cade ex officio</p><p>Representado: Augusto Amorim Costa</p><p>Acolho a Nota Técnica nº 50/2022/CGAA7/SGA2/SG/CADE (SEI 1108333) e, com fulcro no §1º do art. 50 da Lei 9.784/99, integro suas razões à presente decisão, inclusive como sua motivação. Decido, em face dos fundamentos apontados na Nota Técnica, que seja publicado Edital de notificação do Representado Augusto Amorim Costa nos termos abaixo, no Diário Oficial da União e em jornal de circulação nacional, no prazo máximo de 15 (quinze) dias da emissão da Certidão de nº SEI 1108330. Ademais, fique o Representado cientificado da Notificação por Edital acima, bem como de que: (i) a Notificação por Edital reger-se-á pelas regras previstas no artigo 70, §2º, da Lei nº 12.529/11 e nos artigos 56, VI, §§ 2º e 3º, e 58, I, II e III, e §§ 1º, 2º e 3º, todos do Regimento Interno do Cade e, subsidiariamente, pelo disposto na legislação processual civil, diante da previsão do artigo 115 da Lei nº 12.529/11; e (ii) o prazo de Defesa será comum de 30 (trinta) dias, nos termos do artigo 70 da Lei nº 12.529/2011 e do artigo 151, parágrafo único do Regimento Interno do Cade, a partir do fim do prazo de validade do Edital, de 20 (vinte) dias, sendo que esse último prazo é contado a partir da publicação do Edital de citação do referido Representado em jornal de circulação nacional. À Coordenação-Geral Processual para providenciar: (i) a afixação do Edital no Setor de Protocolo do Cade, desta data até findo o prazo de Defesa; e (ii) a juntada, aos Autos, do exemplar da publicação do Edital.</p><p></p><p class="assina">Diogo Thomson de Andrade</p><p class="cargo">Superintendente-Geral Substituto</p>]]></Texto>
  </body>
  <Midias />
</article></xml>