﻿<xml><article id="27703537" name="Portaria-3858-2022" idOficio="7354900" pubName="DO1" artType="Portaria" pubDate="25/08/2022" artClass="00047:00043:00001:00000:00000:00000:00000:00000:00000:00000:00054:00000" artCategory="Poder Judiciário/Tribunal Regional do Trabalho da 4ª Região/Presidência" artSize="12" artNotes="OK" numberPage="298" pdfPage="http://pesquisa.in.gov.br/imprensa/jsp/visualiza/index.jsp?data=25/08/2022&amp;jornal=515&amp;pagina=298" editionNumber="162" highlightType="" highlightPriority="" highlight="" highlightimage="" highlightimagename="" idMateria="14835492">
  <body>
    <Identifica><![CDATA[ PORTARIA nº 3.858, de 23 de agosto de 2022]]></Identifica>
    <Data><![CDATA[]]></Data>
    <Ementa />
    <Titulo />
    <SubTitulo />
    <Texto><![CDATA[<p class="identifica">PORTARIA nº 3.858, de 23 de agosto de 2022</p><p>O PRESIDENTE DO TRIBUNAL REGIONAL DO TRABALHO DA 4ª REGIÃO, no uso de suas atribuições, e considerando o que consta no PROAD nº 6377/2022, resolve:</p><p>Art. 1º. Extinguir o cargo em comissão de COORDENADOR-CJ2 vinculado a COORDENADORIA DE SEGURANÇA INSTITUCIONAL;</p><p>Art. 2º. Extinguir a COORDENADORIA DE SEGURANÇA INSTITUCIONAL, vinculada à SECRETARIA DE APOIO ADMINISTRATIVO;</p><p>Art. 3º. Criar a SECRETARIA DE SEGURANÇA INSTITUCIONAL, vinculando-a à DIRETORIA-GERAL;</p><p>Art. 4º. Transformar parte do saldo orçamentário proveniente da opção do servidor pela retribuição do cargo efetivo (Resolução CSJT nº 335/2022) em 1 (um) cargo em comissão de DIRETOR DE SECRETARIA-CJ3, vinculando-o à SECRETARIA DE SEGURANÇA INSTITUCIONAL;</p><p>Art. 5º. Vincular à SECRETARIA DE SEGURANÇA INSTITUCIONAL, 1 (uma) função comissionada de ASSISTENTE-FC02, anteriormente vinculada à COORDENADORIA DE SEGURANÇA INSTITUCIONAL;</p><p>Art. 6º. Alterar a vinculação da SEÇÃO DE TECNOLOGIA DE SEGURANÇA ELETRÔNICA e da SEÇÃO DE INTELIGÊNCIA E MONITORAMENTO da COORDENADORIA DE SEGURANÇA INSTITUCIONAL para a SECRETARIA DE SEGURANÇA INSTITUCIONAL.</p><p>Art. 7º. Criar a SEÇÃO DE FISCALIZAÇÃO TÉCNICA DE SEGURANÇA, vinculando-a à SECRETARIA DE SEGURANÇA INSTITUCIONAL;</p><p>Art. 8º. Transformar 1 (uma) função comissionada de ASSISTENTE-CHEFE DE SETOR-FC04 do SETOR DE SEGURANÇA ESPECIALIZADA em ASSISTENTE-CHEFE DE SEÇÃO-FC04, vinculando-a a SEÇÃO DE FISCALIZAÇÃO TÉCNICA DE SEGURANÇA;</p><p>Art. 9º. Extinguir o SETOR DE SEGURANÇA ESPECIALIZADA, vinculado à COORDENADORIA DE SEGURANÇA INSTITUCIONAL.</p><p>Art. 10. Criar a DIVISÃO DE POLÍCIA JUDICIAL, vinculando-a à SECRETARIA DE SEGURANÇA INSTITUCIONAL;</p><p>Art. 11. Transformar parte do saldo orçamentário proveniente da opção do servidor pela retribuição do cargo efetivo (Resolução CSJT nº 335/2022) em 1 (um) cargo em comissão de CHEFE DE DIVISÃO DE SEGURANÇA-CJ1, vinculando-o à DIVISÃO DE POLÍCIA JUDICIAL;</p><p>Art. 12. Extinguir a função comissionada de ASSISTENTE-CHEFE DE SETOR-FC04, vinculada ao SETOR DE OPERAÇÕES;</p><p>Art. 13. Criar a SEÇÃO DE POLICIAMENTO OSTENSIVO, vinculando-a à DIVISÃO DE POLÍCIA JUDICIAL;</p><p>Art. 14. Transformar 1 (uma) função comissionada de ASSISTENTE-CHEFE DE SETOR-FC04 do SETOR DE SEGURANÇA DAS VARAS em ASSISTENTE-CHEFE DE SEÇÃO-FC04, vinculando-a a SEÇÃO DE POLICIAMENTO OSTENSIVO;</p><p>Art. 15. Extinguir o SETOR DE SEGURANÇA DAS VARAS, vinculado à COORDENADORIA DE SEGURANÇA INSTITUCIONAL;</p><p>Art. 16. Extinguir o SETOR DE OPERAÇÕES, vinculado à COORDENADORIA DE SEGURANÇA INSTITUCIONAL.</p><p>Art. 17. Alterar a vinculação da SEÇÃO DE TRANSPORTES da COORDENADORIA DE SEGURANÇA INSTITUCIONAL para a SECRETARIA DE SEGURANÇA INSTITUCIONAL;</p><p>Art. 18. Transformar 1 (uma) função comissionada de ASSISTENTE-CHEFE DE SEÇÃO-FC04 da SEÇÃO DE MANUTENÇÃO DE VIATURAS em 1 (uma) função comissionada de ASSISTENTE-FC02, vinculando-a a SEÇÃO DE TRANSPORTES;</p><p>Art. 19. Extinguir a SEÇÃO DE MANUTENÇÃO DE VIATURAS, vinculada a COORDENADORIA DE SEGURANÇA INSTITUCIONAL;</p><p>Art. 20. Transformar 1 (uma) função comissionada de ASSISTENTE-CHEFE DE SETOR-FC04 do SETOR DE ATENDIMENTO À MAGISTRATURA em ASSISTENTE-FC04, vinculando-a à SEÇÃO DE TRANSPORTES;</p><p>Art. 21. Extinguir o SETOR DE ATENDIMENTO À MAGISTRATURA, vinculado a SEÇÃO DE TRANSPORTES.</p><p>Art. 22. Esta Portaria entrará em vigor na data de sua publicação.</p><p class="assina">FRANCISCO ROSSAL DE ARAÚJO</p>]]></Texto>
  </body>
  <Midias />
</article></xml>