﻿<xml><article id="27703804" name="retificacao_resolucao_3965_2022 " idOficio="7354979" pubName="DO1" artType="Retificação" pubDate="25/08/2022" artClass="00026:00034:00016:00006:00002:00000:00000:00000:00000:00000:00066:93965" artCategory="Ministério da Saúde/Agência Nacional de Vigilância Sanitária/4ª Diretoria/Gerência-Geral de Inspeção e Fiscalização Sanitária/Coordenação de Autorização de Funcionamento de Empresas" artSize="12" artNotes="" numberPage="283" pdfPage="http://pesquisa.in.gov.br/imprensa/jsp/visualiza/index.jsp?data=25/08/2022&amp;jornal=515&amp;pagina=283" editionNumber="162" highlightType="" highlightPriority="" highlight="" highlightimage="" highlightimagename="" idMateria="14835593">
  <body>
    <Identifica><![CDATA[ RETIFICAÇÃO]]></Identifica>
    <Data><![CDATA[]]></Data>
    <Ementa />
    <Titulo />
    <SubTitulo />
    <Texto><![CDATA[<p class="identifica">RETIFICAÇÃO</p><p>Na Resolução - RE nº 3.965, de 20 de outubro de 2021, publicada no Diário Oficial da União n° 199, de 21 de outubro de 2021, Seção 1, Págs. 135 e 137.</p><p>Onde se lê:</p><p>VATECH BRASIL EQUIPAMENTOS DE ODONTOLOGIA &amp;MEDICINA, IMPORTACAO,</p><p>DISTRIBUICAO E CENTRO DE ASSITENCIA TECNICA LTDA / 14.429.382/0001-88</p><p>25351.630844/2012-54 / 8090048</p><p>866 - AFE - ALTERAÇÃO - PRODUTOS PARA SAÚDE - ENDEREÇO / 3747028217</p><p>Leia-se:</p><p>VATECH BRASIL EQUIPAMENTOS DE ODONTOLOGIA &amp; MEDICINA, IMPORTAÇÃO,</p><p>DISTRIBUIÇÃO E CENTRO DE ASSISTÊNCIA TÉCNICA LTDA / 14.429.382/0001-88</p><p>25351.630844/2012-54 / 8090048</p><p>866 - AFE - ALTERAÇÃO - PRODUTOS PARA SAÚDE - ENDEREÇO / 3747028217</p>]]></Texto>
  </body>
  <Midias />
</article></xml>