﻿<xml><article id="27706610" name="PIN_ORD_9101202209" idOficio="7355486" pubName="DO1" artType="Pauta" pubDate="25/08/2022" artClass="00015:00026:02272:00001:00000:00000:00000:00000:00000:00000:00053:00000" artCategory="Ministério da Economia/Conselho Administrativo de Recursos Fiscais/Câmara Superior de Recursos Fiscais/1ª Turma" artSize="12" artNotes="" numberPage="206" pdfPage="http://pesquisa.in.gov.br/imprensa/jsp/visualiza/index.jsp?data=25/08/2022&amp;jornal=515&amp;pagina=206" editionNumber="162" highlightType="" highlightPriority="" highlight="" highlightimage="" highlightimagename="" idMateria="14836494">
  <body>
    <Identifica><![CDATA[ PAUTA DE JULGAMENTOS]]></Identifica>
    <Data><![CDATA[]]></Data>
    <Ementa />
    <Titulo />
    <SubTitulo />
    <Texto><![CDATA[<p class="identifica">PAUTA DE JULGAMENTOS</p><p>Período da reunião de 13/09 a 15/09/2022.</p><p>Pauta ordinária de julgamento dos recursos das sessões presenciais a serem realizadas nas datas a seguir mencionadas no Ministério da Economia - Avenida Prestes Maia, nº 733, 3º andar, Bairro: Luz - São Paulo - SP.</p><p>OBSERVAÇÕES:</p><p>1) O prazo regimental para os pedidos de retirada de pauta é de até 5 (cinco) dias anteriores ao início da reunião, independentemente do dia da sessão em que o processo tenha sido agendado; e</p><p>2) Solicitação de sustentação oral poderá ser encaminhada por meio de formulário eletrônico, disponibilizado na Carta de Serviços no sítio do CARF na internet, em até 2 (dois) dias úteis antes do início da reunião mensal de julgamento da turma, independentemente do dia da sessão em que o processo tenha sido agendado, observadas as orientações na Carta de Serviços no sítio do CARF.</p><p>3) O julgamento do(s) processo(s) constante(s) na tabela abaixo, coluna "ITEM" e "PROCESSO", servirá como paradigma para o julgamento do(s) processo(s) constante do(s) item(ns) na coluna "ITENS REPETITIVOS" da tabela. O resultado do julgamento do processo em referência será aplicado ao(s) processo(s) repetitivo(s) de que trata a coluna "ITENS REPETITIVOS" da tabela abaixo, nos termos do § 2º do art. 47 do Anexo II à Portaria MF 343, de 9 de junho de 2015, que aprovou o Regimento Interno do CARF. É facultado às partes fazerem sustentação oral quando do julgamento do processo paradigma, nos termos do § 12 do art. 58 do Anexo II à Portaria acima citada; e</p><p /><p></p><table><tr /><tr><td rowspan="1" colspan="1"><p>Item</p></td><td rowspan="1" colspan="1"><p>Processo</p></td><td rowspan="1" colspan="1"><p>ITENS REPETITIVOS</p></td></tr><tr><td rowspan="1" colspan="1"><p>34</p></td><td rowspan="1" colspan="1"><p>10783.908140/2008-87</p></td><td rowspan="1" colspan="1"><p>35 a 36</p></td></tr><tr><td rowspan="1" colspan="1"><p>55</p></td><td rowspan="1" colspan="1"><p>19515.722448/2013-39</p></td><td rowspan="1" colspan="1"><p>56</p></td></tr><tr><td rowspan="1" colspan="1"><p>57</p></td><td rowspan="1" colspan="1"><p>16327.720801/2012-94</p></td><td rowspan="1" colspan="1"><p>58</p></td></tr></table><p>DIA 13 de Setembro de 2022, ÀS 09:00 HORAS</p><p>Tema 01: AMORTIZAÇÃO DE ÁGIO</p><p>1 - Processo nº: 16561.720130/2016-12 - Recorrente: FAZENDA NACIONAL e Interessado: SODEXO PASS DO BRASIL SERVICOS E COMERCIO S.A.</p><p>2 - Processo nº: 10903.720001/2011-15 - Recorrente: VIVO S.A. e Interessado: FAZENDA NACIONAL</p><p>Tema 02: MULTA QUALIFICADA - PLANEJAMENTO TRIBUTÁRIO</p><p>Relator(a): FERNANDO BRASIL DE OLIVEIRA PINTO</p><p>3 - Processo nº: 13656.721445/2013-97 - Recorrente: FAZENDA NACIONAL e Interessado: ALCOA ALUMINIO S/A</p><p>Relator(a): ALEXANDRE EVARISTO PINTO</p><p>4 - Processo nº: 16561.720087/2014-23 - Recorrente: MARFRIG GLOBAL FOODS S.A. e Interessado: FAZENDA NACIONAL</p><p>Relator(a): LUIZ TADEU MATOSINHO MACHADO</p><p>5 - Processo nº: 10830.726414/2018-81 - Recorrente: FAZENDA NACIONAL e Interessado: EMS S/A</p><p>Relator(a): FERNANDO BRASIL DE OLIVEIRA PINTO</p><p>6 - Processo nº: 16561.720043/2015-84 - Recorrentes: FAZENDA NACIONAL e JOHNSON &amp; JOHNSON DO BRASIL INDUSTRIA E COMERCIO DE PRODUTOS PARA SAUDE LTDA.</p><p>Relator(a): LUIS HENRIQUE MAROTTI TOSELLI</p><p>7 - Processo nº: 16561.720073/2014-18 - Recorrente: FAZENDA NACIONAL e Interessado: KIMBERLY -CLARK BRASIL INDUSTRIA E COMERCIO DE PRODUTOS DE HIGIENE LTDA</p><p>8 - Processo nº: 11080.728037/2014-83 - Recorrente: FAZENDA NACIONAL e Interessado: LPS SUL -CONSULTORIA DE IMOVEIS LTDA.</p><p>Relator(a): LUIZ TADEU MATOSINHO MACHADO</p><p>9 - Processo nº: 15586.720635/2013-93 - Recorrente: FAZENDA NACIONAL e Interessado: RECREIO VITORIA VEICULOS S.A.</p><p>10 - Processo nº: 10830.721270/2014-42 - Recorrente: WESTROCK, CELULOSE, PAPEL E EMBALAGENS LTDA e Interessado: FAZENDA NACIONAL</p><p>DIA 13 de Setembro de 2022, ÀS 14:00 HORAS</p><p>Tema 03: AMORTIZAÇÃO DE ÁGIO</p><p>Relator(a): LIVIA DE CARLI GERMANO</p><p>11 - Processo nº: 16561.720141/2016-01 - Recorrentes: FAZENDA NACIONAL e BIOSEV BIOENERGIA S.A.</p><p>12 - Processo nº: 10805.722537/2015-15 - Recorrente: VIA S.A. e Interessado: FAZENDA NACIONAL</p><p>Relator(a): LUIZ TADEU MATOSINHO MACHADO</p><p>13 - Processo nº: 10120.720212/2016-70 - Recorrentes: FAZENDA NACIONAL e RUMO MALHA NORTE S.A</p><p>Relator(a): EDELI PEREIRA BESSA</p><p>14 - Processo nº: 16643.000425/2010-73 - Recorrentes: TERRA NETWORKS BRASIL S/A e FAZENDA NACIONAL</p><p>Tema 04: LUCROS NO EXTERIOR - APLICAÇÃO DE TRATADOS</p><p>Relator(a): LIVIA DE CARLI GERMANO</p><p>15 - Processo nº: 16561.720090/2014-47 - Recorrente: MOSAIC FERTILIZANTES P&amp;K LTDA. e Interessado: FAZENDA NACIONAL</p><p>Relator(a): FERNANDO BRASIL DE OLIVEIRA PINTO</p><p>16 - Processo nº: 16682.721230/2018-51 - Recorrente: PETROBRAS TRANSPORTE S.A - TRANSPETRO e Interessado: FAZENDA NACIONAL</p><p>17 - Processo nº: 16682.722511/2015-89 - Recorrente: PETROLEO BRASILEIRO S A PETROBRAS e Interessado: FAZENDA NACIONAL</p><p>18 - Processo nº: 16682.722510/2015-34 - Recorrentes: PETROLEO BRASILEIRO S A PETROBRAS e FAZENDA NACIONAL</p><p>Tema 05: DECADÊNCIA/PRESCRIÇÃO</p><p>Relator(a): LUIS HENRIQUE MAROTTI TOSELLI</p><p>19 - Processo nº: 10380.015859/2009-96 - Recorrente: ECOFOR AMBIENTAL S/A e Interessado: FAZENDA NACIONAL</p><p>Relator(a): FERNANDO BRASIL DE OLIVEIRA PINTO</p><p>20 - Processo nº: 11610.022441/2002-71 - Recorrente: PEPSICO DO BRASIL LTDA e Interessado: FAZENDA NACIONAL</p><p>DIA 14 de Setembro de 2022, ÀS 09:00 HORAS</p><p>Tema 06: AMORTIZAÇÃO DE ÁGIO</p><p>Relator(a): EDELI PEREIRA BESSA</p><p>21 - Processo nº: 11516.721342/2016-49 - Recorrentes: GLOBAL VILLAGE TELECOM S.A. e FAZENDA NACIONAL</p><p>22 - Processo nº: 10980.720029/2017-25 - Recorrentes: GLOBAL VILLAGE TELECOM S.A. e FAZENDA NACIONAL</p><p>Relator(a): LUIS HENRIQUE MAROTTI TOSELLI</p><p>23 - Processo nº: 16561.720059/2016-78 - Recorrente: TICKET SERVICOS SA e Interessado: FAZENDA NACIONAL</p><p>24 - Processo nº: 16561.720020/2016-51 - Recorrente: TICKET SERVICOS SA e Interessado: FAZENDA NACIONAL</p><p>Relator(a): EDELI PEREIRA BESSA</p><p>25 - Processo nº: 11516.721632/2012-69 - Recorrente: A. ANGELONI &amp; CIA. LTDA e Interessado: FAZENDA NACIONAL</p><p>Tema 07: MULTA QUALIFICADA - PRÁTICA REITERADA</p><p>Relator(a): LIVIA DE CARLI GERMANO</p><p>26 - Processo nº: 10882.722154/2015-16 - Recorrentes: COMERCIAL ZENA MOVEIS - SOCIEDADE LIMITADA e FAZENDA NACIONAL</p><p>Relator(a): EDELI PEREIRA BESSA</p><p>27 - Processo nº: 13864.000441/2009-30 - Recorrente: ROYSTER S.A. GESTAO DE PATRIMONIO PESSOAL E SERVICOS e Interessado: FAZENDA NACIONAL</p><p>Relator(a): ALEXANDRE EVARISTO PINTO</p><p>28 - Processo nº: 11065.720863/2013-91 - Recorrente: FAZENDA NACIONAL e Interessado: IRIEL INDUSTRIA E COMERCIO DE SISTEMAS ELETRICOS LTDA</p><p>Tema 08: MULTA QUALIFICADA - VÍCIO NA FUNDAMENTAÇÃO</p><p>29 - Processo nº: 19515.720364/2014-41 - Recorrente: FAZENDA NACIONAL e Interessado: FAST SHOP S.A</p><p>30 - Processo nº: 13808.000346/96-15 - Recorrente: ITAIPAVA INDUSTRIAL DE PAPEIS LIMITADA e Interessado: FAZENDA NACIONAL</p><p>DIA 14 de Setembro de 2022, ÀS 14:00 HORAS</p><p>Tema 09: AMORTIZAÇÃO DE ÁGIO</p><p>Relator(a): LUIZ TADEU MATOSINHO MACHADO</p><p>31 - Processo nº: 10183.723840/2013-20 - Recorrente: RUMO MALHA NORTE S.A e Interessado: FAZENDA NACIONAL</p><p>Relator(a): LIVIA DE CARLI GERMANO</p><p>32 - Processo nº: 16561.720001/2017-13 - Recorrentes: RI HAPPY BRINQUEDOS S.A. e FAZENDA NACIONAL</p><p>33 - Processo nº: 16327.720818/2018-37 - Recorrente: BANCO SOCIETE GENERALE BRASIL S.A. e Interessado: FAZENDA NACIONAL</p><p>Tema 10: PER/DCOMP - DENÚNCIA ESPONTÂNEA</p><p>34 - Processo nº: 10783.908140/2008-87 - Recorrente: FAZENDA NACIONAL e Interessado: GRANORTE GRANITOS DO NORTE E MINERACAO LTDA</p><p>Relator(a): CARLOS HENRIQUE DE OLIVEIRA</p><p>35 - Processo nº: 10783.906178/2008-15 - Recorrente: FAZENDA NACIONAL e Interessado: GRANORTE GRANITOS DO NORTE E MINERACAO LTDA</p><p>36 - Processo nº: 10783.908141/2008-21 - Recorrente: FAZENDA NACIONAL e Interessado: GRANORTE GRANITOS DO NORTE E MINERACAO LTDA</p><p>Relator(a): LUIZ TADEU MATOSINHO MACHADO</p><p>37 - Processo nº: 16327.910475/2009-18 - Recorrente: ITAU UNIBANCO S.A. e Interessado: FAZENDA NACIONAL</p><p>38 - Processo nº: 10380.901595/2010-29 - Recorrente: FAZENDA NACIONAL e Interessado: M DIAS BRANCO S.A. INDUSTRIA E COMERCIO DE ALIMENTOS</p><p>Tema 11: PER/DCOMP</p><p>Relator(a): LUIS HENRIQUE MAROTTI TOSELLI</p><p>39 - Processo nº: 19647.003935/2006-74 - Recorrente: INSTITUTO DE ENDOCRINOLOGIA E MEDICINA NUCLEAR DO RECIFE LTDA e Interessado: FAZENDA NACIONAL</p><p>Relator(a): ALEXANDRE EVARISTO PINTO</p><p>40 - Processo nº: 10980.909332/2008-84 - Recorrente: COMPANHIA DE TECNOLOGIA DA INFORMACAO E COMUNICACAO DO PARANA - CELEPAR e Interessado: FAZENDA NACIONAL</p><p>Relator(a): FERNANDO BRASIL DE OLIVEIRA PINTO</p><p>41 - Processo nº: 10950.901734/2008-98 - Recorrente: COOPERATIVA MISTA AGROPECUARIA DO BRASIL - COOPERMIBRA e Interessado: FAZENDA NACIONAL</p><p>Relator(a): LUIZ TADEU MATOSINHO MACHADO</p><p>42 - Processo nº: 11080.908329/2013-17 - Recorrente: FAZENDA NACIONAL e Interessado: DELL COMPUTADORES DO BRASIL LTDA</p><p>43 - Processo nº: 10920.000815/2003-11 - Recorrente: FAZENDA NACIONAL e Interessado: DOHLER S.A.</p><p>Relator(a): LUIS HENRIQUE MAROTTI TOSELLI</p><p>44 - Processo nº: 10920.911271/2009-19 - Recorrente: G MAIOCHI E CIA LTDA e Interessado: FAZENDA NACIONAL</p><p>Relator(a): LUIZ TADEU MATOSINHO MACHADO</p><p>45 - Processo nº: 13312.720012/2006-86 - Recorrente: FAZENDA NACIONAL e Interessado: GRENDENE S A</p><p>Relator(a): ALEXANDRE EVARISTO PINTO</p><p>46 - Processo nº: 10880.952831/2012-04 - Recorrente: HAY DO BRASIL CONSULTORES LTDA e Interessado: FAZENDA NACIONAL</p><p>47 - Processo nº: 16682.720363/2011-34 - Recorrente: FAZENDA NACIONAL e Interessado: LOJAS AMERICANAS S.A.</p><p>Relator(a): LUIS HENRIQUE MAROTTI TOSELLI</p><p>48 - Processo nº: 13502.900160/2006-45 - Recorrente: PROQUIGEL QUIMICA S/A e Interessado: FAZENDA NACIONAL</p><p>DIA 15 de Setembro de 2022, ÀS 09:00 HORAS</p><p>Tema 12: AMORTIZAÇÃO DE ÁGIO INTERNO</p><p>Relator(a): EDELI PEREIRA BESSA</p><p>49 - Processo nº: 19515.003053/2009-57 - Recorrentes: FAZENDA NACIONAL e QUALIX SERVICOS AMBIENTAIS S.A. EM RECUPERACAO JUDICIAL</p><p>Relator(a): LUIS HENRIQUE MAROTTI TOSELLI</p><p>50 - Processo nº: 10932.720084/2014-48 - Recorrente: ELEVADORES OTIS LTDA e Interessado: FAZENDA NACIONAL</p><p>Tema 13: IMPOSTO DE RENDA RETIDO NA FONTE</p><p>51 - Processo nº: 19613.728551/2021-94 - Recorrentes: FAZENDA NACIONAL e ALBERTO YOUSSEF</p><p>Tema 14: LUCRO ARBITRADO</p><p>52 - Processo nº: 19515.721556/2014-75 - Recorrente: FAZENDA NACIONAL e Interessado: CYRELA BAHIA EMPREENDIMENTOS IMOBILIARIOS LTDA</p><p>Relator(a): GUSTAVO GUIMARAES DA FONSECA</p><p>53 - Processo nº: 10882.723740/2016-69 - Recorrente: LOG IN LOGISTICA DE PRODUTOS DE HIGIENE E LIMPEZA LTDA e Interessado: FAZENDA NACIONAL</p><p>Relator(a): LIVIA DE CARLI GERMANO</p><p>54 - Processo nº: 19515.001308/2010-81 - Recorrente: TOM MAIOR ESPETACULOS E EVENTOS LTDA e Interessado: FAZENDA NACIONAL</p><p>Tema 15: PRELIMINARES/NULIDADES</p><p>55 - Processo nº: 19515.722448/2013-39 - Recorrente: JOHNSON MATTHEY BRASIL LTDA e Interessado: FAZENDA NACIONAL</p><p>Relator(a): CARLOS HENRIQUE DE OLIVEIRA</p><p>56 - Processo nº: 19515.722449/2013-83 - Recorrente: JOHNSON MATTHEY BRASIL LTDA e Interessado: FAZENDA NACIONAL</p><p>Relator(a): LIVIA DE CARLI GERMANO</p><p>57 - Processo nº: 16327.720801/2012-94 - Recorrente: FAZENDA NACIONAL e Interessado: TERRA INVESTIMENTOS DISTRIBUIDORA DE TITULOS E VALORES MOBILIARIOS LTDA</p><p>Relator(a): CARLOS HENRIQUE DE OLIVEIRA</p><p>58 - Processo nº: 16327.720800/2012-40 - Recorrente: FAZENDA NACIONAL e Interessado: TERRA INVESTIMENTOS DISTRIBUIDORA DE TITULOS E VALORES MOBILIARIOS LTDA</p><p>DIA 15 de Setembro de 2022, ÀS 14:00 HORAS</p><p>Tema 16: MULTAS QUALIFICADAS</p><p>Relator(a): FERNANDO BRASIL DE OLIVEIRA PINTO</p><p>59 - Processo nº: 13603.720603/2011-45 - Recorrente: FAZENDA NACIONAL e Interessado: METALPOLI - COMERCIO DE METAIS E POLIETILENO LTDA.</p><p>Relator(a): LUIZ TADEU MATOSINHO MACHADO</p><p>60 - Processo nº: 13609.001434/2010-18 - Recorrente: FAZENDA NACIONAL e Interessado: SOCIEDADE CEREAIS UNAI LTDA</p><p>Relator(a): LUIS HENRIQUE MAROTTI TOSELLI</p><p>61 - Processo nº: 11516.000581/2010-76 - Recorrente: FAZENDA NACIONAL e Interessado: T-DAGO TRANSPORTES LTDA</p><p>Tema 17: MULTAS ISOLADAS</p><p>62 - Processo nº: 12571.720015/2015-97 - Recorrente: FAZENDA NACIONAL e Interessado: TRANSPORTADORA BOA VIAGEM LTDA</p><p>Tema 18: PER/DCOMP</p><p>63 - Processo nº: 10680.921047/2008-16 - Recorrente: BANCO DE DESENVOLVIMENTO DE MINAS GERAIS S.A. - BDMG e Interessado: FAZENDA NACIONAL</p><p>Relator(a): LIVIA DE CARLI GERMANO</p><p>64 - Processo nº: 16327.903054/2009-22 - Recorrente: BRAM - BRADESCO ASSET MANAGEMENT S.A. DISTRIBUIDORA DE TITULOS E VALORES MOBILIARIOS e Interessado: FAZENDA NACIONAL</p><p class="assina">Weslei José Rodrigues</p><p class="cargo">Chefe do Serviço de Preparo do Julgamento</p><p class="assina">Carlos Henrique de Oliveira</p><p class="cargo">Presidente do Conselho Administrativo de Recursos Fiscais</p>]]></Texto>
  </body>
  <Midias />
</article></xml>