﻿<xml><article id="27705740" name="REL 475 2022 SAFR" idOficio="7355325" pubName="DO1" artType="Despacho" pubDate="25/08/2022" artClass="00023:00030:00045:00000:00000:00000:00000:00000:00000:00000:00024:00000" artCategory="Ministério de Minas e Energia/Agência Nacional de Mineração/Superintendência de Arrecadação e Fiscalização de Receitas" artSize="12" artNotes="" numberPage="259" pdfPage="http://pesquisa.in.gov.br/imprensa/jsp/visualiza/index.jsp?data=25/08/2022&amp;jornal=515&amp;pagina=259" editionNumber="162" highlightType="" highlightPriority="" highlight="" highlightimage="" highlightimagename="" idMateria="14836268">
  <body>
    <Identifica><![CDATA[ DESPACHO  ]]></Identifica>
    <Data><![CDATA[]]></Data>
    <Ementa />
    <Titulo />
    <SubTitulo />
    <Texto><![CDATA[<p class="identifica">DESPACHO</p><p>Relação nº 475/2022</p><p>Ficam NOTIFICADOS para pagar, parcelar ou apresentar defesa do débito (Taxa Anual por Hectare - TAH)/prazo 10(dez) dias (1.78)</p><p>Antonio Mocelin - 826439/21 - Not.240/2022 - R$ 4.678,06, 826441/21 - Not.242/2022 - R$ 4.631,27</p><p>b. a. Souza Sanches &amp; CIA. LTDA. - 826210/20 - Not.228/2022 - R$ 23,09</p><p>Clodomir Luiz Ascari - 826363/21 - Not.234/2022 - R$ 136,26</p><p>Detaro Administradora de Bens Ltda - 826193/20 - Not.226/2022 - R$ 230,98</p><p>Eff Targget Brasil Importacao e Exportacao de Minerios e Pedras Ornamentais Ltda - 826236/20 - Not.230/2022 - R$ 1.240,24</p><p>Elielcio Pereira Bueno - 826181/20 - Not.222/2022 - R$ 8.926,12</p><p>Jair José Antunes - 826182/20 - Not.224/2022 - R$ 8.731,02</p><p>Luciano Chamano - 826292/21 - Not.232/2022 - R$ 233,41</p><p class="assina">Daniel Pollack</p><p class="cargo">Superintendente</p>]]></Texto>
  </body>
  <Midias />
</article></xml>