﻿<xml><article id="27705737" name="REL 479 2022 GER RS" idOficio="7355325" pubName="DO1" artType="Despacho" pubDate="25/08/2022" artClass="00023:00030:00039:00000:00000:00000:00000:00000:00000:00000:00024:00000" artCategory="Ministério de Minas e Energia/Agência Nacional de Mineração/Gerência Regional da ANM no Estado do Rio Grande do Sul" artSize="12" artNotes="" numberPage="259" pdfPage="http://pesquisa.in.gov.br/imprensa/jsp/visualiza/index.jsp?data=25/08/2022&amp;jornal=515&amp;pagina=259" editionNumber="162" highlightType="" highlightPriority="" highlight="" highlightimage="" highlightimagename="" idMateria="14836271">
  <body>
    <Identifica><![CDATA[ DESPACHO  ]]></Identifica>
    <Data><![CDATA[]]></Data>
    <Ementa />
    <Titulo />
    <SubTitulo />
    <Texto><![CDATA[<p class="identifica">DESPACHO</p><p>Relação nº 479/2022</p><p>FASE DE AUTORIZAÇÃO DE PESQUISA declara a nulidade do Alvará de Pesquisa-(TAH)/(6.50)</p><p>Dari Pinto da Silva - 810742/20</p><p>Deizer Gonçalves Foletto - 810611/18</p><p>Levi Cezar Pacheco Dos Santos Lima - 810838/11, 810839/11, 810840/11</p><p>Liseu Schneider - 810214/20</p><p>Luciano Echer Eireli me - 810735/20</p><p>Nilvio da Silva Rodrigues - 810268/14</p><p>Ricardo de Boer Macagnan - 810760/18</p><p>Sidinei Martiniacki - 811388/13, 811389/13, 811390/13, 810077/14, 810178/14</p><p>Vulcão Minérios e Minerais Ltda me - 810861/14, 810862/14</p><p class="assina">Jose Eduardo da Costa Duarte</p><p class="cargo">Gerente</p>]]></Texto>
  </body>
  <Midias />
</article></xml>