﻿<xml><article id="27703750" name="resolucao_2775_2022 COAFE" idOficio="7354941" pubName="DO1" artType="Resolução" pubDate="25/08/2022" artClass="00026:00034:00016:00006:00002:00000:00000:00000:00000:00000:00064:32775" artCategory="Ministério da Saúde/Agência Nacional de Vigilância Sanitária/4ª Diretoria/Gerência-Geral de Inspeção e Fiscalização Sanitária/Coordenação de Autorização de Funcionamento de Empresas" artSize="12" artNotes="" numberPage="271" pdfPage="http://pesquisa.in.gov.br/imprensa/jsp/visualiza/index.jsp?data=25/08/2022&amp;jornal=515&amp;pagina=271" editionNumber="162" highlightType="" highlightPriority="" highlight="" highlightimage="" highlightimagename="" idMateria="14835564">
  <body>
    <Identifica><![CDATA[ RESOLUÇÃO-RE Nº 2.775, DE 24 DE AGOSOT DE 2022]]></Identifica>
    <Data><![CDATA[]]></Data>
    <Ementa />
    <Titulo />
    <SubTitulo />
    <Texto><![CDATA[<p class="identifica">RESOLUÇÃO-RE Nº 2.775, DE 24 DE AGOSOT DE 2022</p><p>O Coordenador de Autorização de Funcionamento de Empresas, no uso das atribuições que lhe confere o Art. 144, aliado ao art. 203, I, §1° do Regimento Interno aprovado pela Resolução de Diretoria Colegiada - RDC n° 585, de 10 de dezembro de 2021, resolve:</p><p>Art. 1º Conceder Autorização de Funcionamento para Empresas constantes no anexo desta Resolução.</p><p>Art. 2º Esta Resolução entra em vigor na data de sua publicação.</p><p class="assina">DANIEL MARCOS PEREIRA DOURADO</p><p class="anexo">ANEXO</p><p>FELSKI COMERCIAL VENDA E DISTRIBUIÇÃO DE PRODUTOS DE PERFUMARIA LDA / 24.041.317/0001-34</p><p>25351.192640/2022-00 / 4048675</p><p>723 - AFE - CONCESSÃO - COSMÉTICOS, PERFUMES E PRODUTOS DE HIGIENE - DISTRIBUIDORA (SOMENTE MATRIZ) / 4419752220</p><p>--------------------------------------</p><p>SOARES &amp; TRINDADE LTDA / 41.641.236/0001-94</p><p>25351.306166/2022-00 / 7925889</p><p>733 - AFE - CONCESSÃO - FARMÁCIAS E DROGARIAS / 4562929223</p><p>--------------------------------------</p><p>GENERAL LAB SOLUTIONS INSTRUMENTOS E PRODUTOS CIENTIFICOS LTDA / 39.829.538/0001-49</p><p>25351.211628/2022-01 / 8254234</p><p>856 - AFE - CONCESSÃO - PRODUTOS PARA SAÚDE - DISTRIBUIDORA / 4449191226</p><p>--------------------------------------</p><p>NORD PRODUTOS EM SAUDE LTDA / 35.753.111/0001-53</p><p>25351.186040/2022-02 / 4048644</p><p>723 - AFE - CONCESSÃO - COSMÉTICOS, PERFUMES E PRODUTOS DE HIGIENE - DISTRIBUIDORA (SOMENTE MATRIZ) / 4412018229</p><p>--------------------------------------</p><p>CANEM ARTIGOS MÉDICOS HOSPITALARES / 35.174.786/0001-48</p><p>25351.211924/2022-02 / 1279086</p><p>702 - AFE - CONCESSÃO - MEDICAMENTOS E INSUMOS FARMACÊUTICOS - DISTRIBUIDORA (SOMENTE MATRIZ) / 4449523229</p><p>--------------------------------------</p><p>D. R. F. DE CARVALHO LTDA / 46.858.184/0001-26</p><p>25351.202940/2022-04 / 7925784</p><p>733 - AFE - CONCESSÃO - FARMÁCIAS E DROGARIAS / 4432289225</p><p>--------------------------------------</p><p>RONDO LOG TRANSPORTES E AGENCIAMENTO DE CARGAS LTDA / 37.075.691/0001-00</p><p>25351.303380/2022-04 / 4048861</p><p>728 - AFE - CONCESSÃO - COSMÉTICOS, PERFUMES E PRODUTOS DE HIGIENE - TRANSPORTADORA (SOMENTE MATRIZ) / 4557577229</p><p>--------------------------------------</p><p>MAIS FARMA COMERCIO LTDA / 34.797.890/0001-26</p><p>25351.298875/2022-04 / 1279150</p><p>702 - AFE - CONCESSÃO - MEDICAMENTOS E INSUMOS FARMACÊUTICOS - DISTRIBUIDORA (SOMENTE MATRIZ) / 4551610224</p><p>--------------------------------------</p><p>FARMACIAS FARMAPAULO LTDA / 00.477.061/0037-55</p><p>25351.260856/2022-05 / 7925307</p><p>733 - AFE - CONCESSÃO - FARMÁCIAS E DROGARIAS / 4502837221</p><p>--------------------------------------</p><p>FJ Distribuidora LTDA / 21.247.302/0001-39</p><p>25351.091943/2022-06 / 8253975</p><p>856 - AFE - CONCESSÃO - PRODUTOS PARA SAÚDE - DISTRIBUIDORA / 4251939221</p><p>--------------------------------------</p><p>CIMED &amp; CO. S.A. / 16.619.378/0010-07</p><p>25351.288062/2022-06 / 8253840</p><p>856 - AFE - CONCESSÃO - PRODUTOS PARA SAÚDE - DISTRIBUIDORA / 4532890225</p><p>--------------------------------------</p><p>ESSENCIALMED COMERCIO DE MEDICAMENTOS E MATERIAIS CIRURGICOS LTDA / 46.660.842/0001-70</p><p>25351.193193/2022-06 / 1278933</p><p>702 - AFE - CONCESSÃO - MEDICAMENTOS E INSUMOS FARMACÊUTICOS - DISTRIBUIDORA (SOMENTE MATRIZ) / 4419969229</p><p>--------------------------------------</p><p>Hudson Costa da silva transportadora / 25.179.076/0001-57</p><p>25351.212036/2022-07 / 8254296</p><p>862 - AFE - CONCESSÃO - PRODUTOS PARA SAÚDE - TRANSPORTADORA / 4449650221</p><p>--------------------------------------</p><p>aba med ltda / 04.369.147/0001-04</p><p>25351.298593/2022-07 / 4048843</p><p>723 - AFE - CONCESSÃO - COSMÉTICOS, PERFUMES E PRODUTOS DE HIGIENE - DISTRIBUIDORA (SOMENTE MATRIZ) / 4551350222</p><p>--------------------------------------</p><p>BIOMED COMERCIAL HOSPITALAR LTDA / 43.478.904/0001-30</p><p>25351.090202/2022-08 / 8253958</p><p>856 - AFE - CONCESSÃO - PRODUTOS PARA SAÚDE - DISTRIBUIDORA / 4247169220</p><p>--------------------------------------</p><p>FBL - Fábrica Brasileira de Produtos Ópticos LTDA / 21.894.129/0001-60</p><p>25351.090040/2022-08 / 8253867</p><p>861 - AFE - CONCESSÃO - PRODUTO PARA SAÚDE - FABRICANTE / 4246800228</p><p>--------------------------------------</p><p>ARAUJO ROCHA PRODUTOS E SERVICOS LTDA / 40.933.380/0001-31</p><p>25351.121321/2022-10 / 8253836</p><p>856 - AFE - CONCESSÃO - PRODUTOS PARA SAÚDE - DISTRIBUIDORA / 4300171220</p><p>--------------------------------------</p><p>AVANTE CARE SERVIÇOS E PRODUTOS DE SAÚDE LTDA / 04.068.926/0001-70</p><p>25351.142590/2022-10 / 8253822</p><p>856 - AFE - CONCESSÃO - PRODUTOS PARA SAÚDE - DISTRIBUIDORA / 4338341220</p><p>--------------------------------------</p><p>aba med ltda / 04.369.147/0001-04</p><p>25351.298166/2022-11 / 8254387</p><p>856 - AFE - CONCESSÃO - PRODUTOS PARA SAÚDE - DISTRIBUIDORA / 4550913223</p><p>--------------------------------------</p><p>V. A. E SILVA LTDA / 47.120.440/0001-46</p><p>25351.305812/2022-11 / 7925568</p><p>733 - AFE - CONCESSÃO - FARMÁCIAS E DROGARIAS / 4562260224</p><p>--------------------------------------</p><p>OSMAR GOTARDI GOMES JUNIOR EIRELI / 22.150.368/0001-79</p><p>25351.266043/2022-11 / 7925390</p><p>733 - AFE - CONCESSÃO - FARMÁCIAS E DROGARIAS / 4508968220</p><p>--------------------------------------</p><p>CF FARMA LTDA / 45.877.700/0001-05</p><p>25351.217226/2022-11 / 7925921</p><p>733 - AFE - CONCESSÃO - FARMÁCIAS E DROGARIAS / 4457675227</p><p>--------------------------------------</p><p>NITERÓI DISTRIBUIDORA LTDA / 37.950.777/0001-27</p><p>25351.292044/2022-11 / 4048735</p><p>723 - AFE - CONCESSÃO - COSMÉTICOS, PERFUMES E PRODUTOS DE HIGIENE - DISTRIBUIDORA (SOMENTE MATRIZ) / 4539425226</p><p>--------------------------------------</p><p>TIAGO RODRIGUES SANTANA / 44.532.853/0001-40</p><p>25351.303002/2022-12 / 7925510</p><p>733 - AFE - CONCESSÃO - FARMÁCIAS E DROGARIAS / 4557013222</p><p>--------------------------------------</p><p>sales comercio e servicos eireli / 21.961.596/0001-66</p><p>25351.292014/2022-12 / 1279254</p><p>702 - AFE - CONCESSÃO - MEDICAMENTOS E INSUMOS FARMACÊUTICOS - DISTRIBUIDORA (SOMENTE MATRIZ) / 4539394223</p><p>--------------------------------------</p><p>AMB DISTRIBUIDORA DE MEDICAMENTO E MATERIAIS HOSPITALARES LTDA / 37.885.137/0001-80</p><p>25351.291980/2022-12 / 4048783</p><p>723 - AFE - CONCESSÃO - COSMÉTICOS, PERFUMES E PRODUTOS DE HIGIENE - DISTRIBUIDORA (SOMENTE MATRIZ) / 4539354221</p><p>--------------------------------------</p><p>PRODUTOS FARMACEUTICOS BORGES LTDA / 22.020.994/0039-13</p><p>25351.254279/2022-12 / 7925216</p><p>733 - AFE - CONCESSÃO - FARMÁCIAS E DROGARIAS / 4497994221</p><p>--------------------------------------</p><p>DROGARIA LAMEIRAO DA POSSE LTDA / 40.763.289/0010-06</p><p>25351.304750/2022-12 / 7925585</p><p>733 - AFE - CONCESSÃO - FARMÁCIAS E DROGARIAS / 4559535226</p><p>--------------------------------------</p><p>DROGA JAP VILA MARIA LTDA / 46.995.290/0001-51</p><p>25351.304505/2022-13 / 7925523</p><p>733 - AFE - CONCESSÃO - FARMÁCIAS E DROGARIAS / 4558968222</p><p>--------------------------------------</p><p>DROGARIA FARMA CERTA LTDA / 43.649.827/0001-33</p><p>25351.202931/2022-13 / 7925736</p><p>733 - AFE - CONCESSÃO - FARMÁCIAS E DROGARIAS / 4432261225</p><p>--------------------------------------</p><p>FIGUEIREDO &amp; FIGUEIREDO PRODUTOS FARMACEUTICOS LTDA / 45.779.804/0001-79</p><p>25351.306035/2022-14 / 7925813</p><p>733 - AFE - CONCESSÃO - FARMÁCIAS E DROGARIAS / 4562580228</p><p>--------------------------------------</p><p>E C DOS SANTOS COM. DE MED. LTDA / 18.076.186/0001-28</p><p>25351.163647/2022-14 / 7925173</p><p>733 - AFE - CONCESSÃO - FARMÁCIAS E DROGARIAS / 4376310223</p><p>--------------------------------------</p><p>RONDO LOG TRANSPORTES E AGENCIAMENTO DE CARGAS LTDA / 37.075.691/0001-00</p><p>25351.303605/2022-14 / 8254126</p><p>862 - AFE - CONCESSÃO - PRODUTOS PARA SAÚDE - TRANSPORTADORA / 4557803229</p><p>--------------------------------------</p><p>USI PARATODOS COMERCIO VAREJISTA DE MEDICAMENTOS LTDA / 03.257.696/0010-15</p><p>25351.213260/2022-16 / 7925858</p><p>733 - AFE - CONCESSÃO - FARMÁCIAS E DROGARIAS / 4451719220</p><p>--------------------------------------</p><p>BIOFARMA COMERCIO DE MEDICAMENTOS LTDA / 45.313.609/0001-59</p><p>25351.200996/2022-16 / 7925645</p><p>733 - AFE - CONCESSÃO - FARMÁCIAS E DROGARIAS / 4427489221</p><p>--------------------------------------</p><p>O. H. PITOMBEIRA JUNIOR FARMACIA UNIPOPULAR LTDA / 47.221.616/0001-56</p><p>25351.265184/2022-16 / 7925338</p><p>733 - AFE - CONCESSÃO - FARMÁCIAS E DROGARIAS / 4507209224</p><p>--------------------------------------</p><p>O A DA SILVA LINDOLFO / 47.052.445/0001-89</p><p>25351.267867/2022-16 / 7925450</p><p>733 - AFE - CONCESSÃO - FARMÁCIAS E DROGARIAS / 4511149229</p><p>--------------------------------------</p><p>TROPICAL FARMA LTDA / 44.191.548/0002-12</p><p>25351.259677/2022-17 / 7925251</p><p>733 - AFE - CONCESSÃO - FARMÁCIAS E DROGARIAS / 4500679222</p><p>--------------------------------------</p><p>POTENZA TRANSPORTES EIRELI / 07.136.315/0001-00</p><p>25351.291797/2022-17 / 1279090</p><p>701 - AFE - CONCESSÃO - MEDICAMENTOS E INSUMOS FARMACÊUTICOS - TRANSPORTADORA (SOMENTE MATRIZ) / 4539159224</p><p>--------------------------------------</p><p>DELTA BRASIL FARMA IMPORTAÇÃO E EXPORTAÇÃO LTDA / 39.887.023/0001-03</p><p>25351.291481/2022-17 / 8254130</p><p>859 - AFE - CONCESSÃO - PRODUTOS PARA SAÚDE - IMPORTADORA / 4538739227</p><p>--------------------------------------</p><p>Alps Tecnologia Ltda / 19.584.467/0001-54</p><p>25351.299113/2022-17 / 8254447</p><p>856 - AFE - CONCESSÃO - PRODUTOS PARA SAÚDE - DISTRIBUIDORA / 4551834220</p><p>--------------------------------------</p><p>DROGARIA E PERFUMARIA JOAQUIM LEITE LTDA / 47.345.059/0001-85</p><p>25351.304782/2022-18 / 7925599</p><p>733 - AFE - CONCESSÃO - FARMÁCIAS E DROGARIAS / 4559605221</p><p>--------------------------------------</p><p>LB EXPRESS TRANSPORTES LTDA / 30.969.783/0001-87</p><p>25351.258379/2022-18 / 8253884</p><p>862 - AFE - CONCESSÃO - PRODUTOS PARA SAÚDE - TRANSPORTADORA / 4500377221</p><p>--------------------------------------</p><p>VIXIMPORT IMPORTAÇÃO E EXPORTAÇÃO LTDA / 44.184.577/0001-76</p><p>25351.263887/2022-18 / 3115651</p><p>735 - AFE - CONCESSÃO - SANEANTES DOMISSANITÁRIOS - IMPORTADORA (SOMENTE MATRIZ) / 4505601226</p><p>--------------------------------------</p><p>Farmacia Montezano LTDA / 27.830.258/0001-71</p><p>25351.217699/2022-18 / 7925966</p><p>733 - AFE - CONCESSÃO - FARMÁCIAS E DROGARIAS / 4458688224</p><p>--------------------------------------</p><p>DHL EXPRESS (BRAZIL) LTDA / 58.890.252/0014-38</p><p>25351.295600/2022-19 / 8254109</p><p>862 - AFE - CONCESSÃO - PRODUTOS PARA SAÚDE - TRANSPORTADORA / 4545930221</p><p>--------------------------------------</p><p>DROGARIA E PERFUMARIA CENTRO RIO LTDA / 43.024.782/0004-54</p><p>25351.265145/2022-19 / 7925369</p><p>733 - AFE - CONCESSÃO - FARMÁCIAS E DROGARIAS / 4507066221</p><p>--------------------------------------</p><p>PHARMA LUCK LTDA / 46.436.849/0001-03</p><p>25351.213420/2022-19 / 7925861</p><p>733 - AFE - CONCESSÃO - FARMÁCIAS E DROGARIAS / 4452217227</p><p>--------------------------------------</p><p>VIXIMPORT IMPORTAÇÃO E EXPORTAÇÃO LTDA / 44.184.577/0001-76</p><p>25351.263878/2022-19 / 4048627</p><p>722 - AFE - CONCESSÃO - COSMÉTICOS, PERFUMES E PRODUTOS DE HIGIENE - IMPORTADORA (SOMENTE MATRIZ) / 4505591221</p><p>--------------------------------------</p><p>A.F.P. PAVANI LTDA / 45.419.001/0001-03</p><p>25351.010234/2022-20 / 7926009</p><p>733 - AFE - CONCESSÃO - FARMÁCIAS E DROGARIAS / 4199413222</p><p>--------------------------------------</p><p>BIO MAGISTRAL NITEROI LTDA / 46.634.672/0001-50</p><p>25351.260265/2022-20 / 7925281</p><p>733 - AFE - CONCESSÃO - FARMÁCIAS E DROGARIAS / 4501330226</p><p>--------------------------------------</p><p>RONE CLEYTON DE SOUZA SANTOS / 46.026.913/0001-88</p><p>25351.260508/2022-20 / 7925278</p><p>733 - AFE - CONCESSÃO - FARMÁCIAS E DROGARIAS / 4501867227</p><p>--------------------------------------</p><p>AN EXPERT LTDA / 40.572.285/0001-50</p><p>25351.211277/2022-21 / 8254221</p><p>859 - AFE - CONCESSÃO - PRODUTOS PARA SAÚDE - IMPORTADORA / 4448802221</p><p>--------------------------------------</p><p>DROGARIA FARMA SAUDE MARABA LTDA / 46.548.195/0001-00</p><p>25351.219251/2022-21 / 7925983</p><p>733 - AFE - CONCESSÃO - FARMÁCIAS E DROGARIAS / 4461763221</p><p>--------------------------------------</p><p>BRASPRESS TRANSPORTES URGENTES LTDA / 48.740.351/0042-33</p><p>25351.237314/2022-21 / 8254342</p><p>862 - AFE - CONCESSÃO - PRODUTOS PARA SAÚDE - TRANSPORTADORA / 4482554227</p><p>--------------------------------------</p><p>Eliane Teixeira Neguren / 44.406.128/0001-25</p><p>25351.295364/2022-22 / 8254066</p><p>860 - AFE - CONCESSÃO - PRODUTOS PARA SAÚDE - VAREJISTA / 4545663222</p><p>--------------------------------------</p><p>A M O REDE DE DROGARIAS LTDA / 37.310.009/0005-32</p><p>25351.214976/2022-22 / 7925904</p><p>733 - AFE - CONCESSÃO - FARMÁCIAS E DROGARIAS / 4454526226</p><p>--------------------------------------</p><p>IDEALMEX SOLUÇÕES EM LOGÍSTICA LTDA / 27.446.136/0001-86</p><p>25351.291673/2022-23 / 1279069</p><p>701 - AFE - CONCESSÃO - MEDICAMENTOS E INSUMOS FARMACÊUTICOS - TRANSPORTADORA (SOMENTE MATRIZ) / 4539001221</p><p>--------------------------------------</p><p>PRISCILA PAIVA LIMA / 46.531.156/0001-08</p><p>25351.280639/2022-23 / 8254646</p><p>860 - AFE - CONCESSÃO - PRODUTOS PARA SAÚDE - VAREJISTA / 4519139228</p><p>--------------------------------------</p><p>MABA 12 MANIPULAÇÃO FARMACEUTICA LIMITADA / 44.670.045/0001-49</p><p>25351.287786/2022-24 / 7925494</p><p>733 - AFE - CONCESSÃO - FARMÁCIAS E DROGARIAS / 4532506225</p><p>--------------------------------------</p><p>Eagle Soluções Logisticas LTDA / 28.966.357/0001-48</p><p>25351.295389/2022-26 / 4048689</p><p>728 - AFE - CONCESSÃO - COSMÉTICOS, PERFUMES E PRODUTOS DE HIGIENE - TRANSPORTADORA (SOMENTE MATRIZ) / 4545044221</p><p>--------------------------------------</p><p>UBAVALE FARMACIA LTDA / 47.349.710/0001-95</p><p>25351.265714/2022-26 / 7925415</p><p>733 - AFE - CONCESSÃO - FARMÁCIAS E DROGARIAS / 4508331222</p><p>--------------------------------------</p><p>DROGARIA FCS LTDA / 46.876.573/0001-84</p><p>25351.217293/2022-27 / 7925949</p><p>733 - AFE - CONCESSÃO - FARMÁCIAS E DROGARIAS / 4457812221</p><p>--------------------------------------</p><p>ARETE COMERCIO DE PRODUTOS ODONTOLOGICOS LTDA / 43.305.174/0001-75</p><p>25351.258488/2022-27 / 8253900</p><p>856 - AFE - CONCESSÃO - PRODUTOS PARA SAÚDE - DISTRIBUIDORA / 4500444220</p><p>--------------------------------------</p><p>DROGARIA ATRATIVA DA RUA NOVA LTDA / 41.320.911/0001-83</p><p>25351.200994/2022-27 / 7925631</p><p>733 - AFE - CONCESSÃO - FARMÁCIAS E DROGARIAS / 4427483221</p><p>--------------------------------------</p><p>PRODUTOS FARMACEUTICOS BORGES LTDA / 22.020.994/0040-57</p><p>25351.254282/2022-28 / 7925220</p><p>733 - AFE - CONCESSÃO - FARMÁCIAS E DROGARIAS / 4498001229</p><p>--------------------------------------</p><p>GALENO FARMA LTDA / 29.648.114/0001-24</p><p>25351.217247/2022-28 / 7925935</p><p>733 - AFE - CONCESSÃO - FARMÁCIAS E DROGARIAS / 4457699224</p><p>--------------------------------------</p><p>aba med ltda / 04.369.147/0001-04</p><p>25351.299175/2022-29 / 3115833</p><p>740 - AFE - CONCESSÃO - SANEANTES DOMISSANITÁRIOS - DISTRIBUIDORA (SOMENTE MATRIZ) / 4551901229</p><p>--------------------------------------</p><p>DARCIN E DARCIN MEDICAMENTOS LTDA / 46.449.129/0001-82</p><p>25351.250915/2022-29 / 7925187</p><p>733 - AFE - CONCESSÃO - FARMÁCIAS E DROGARIAS / 4495128221</p><p>--------------------------------------</p><p>SURGSAFE COMERCIO DE PRODUTOS MEDICOS LTDA / 44.908.982/0001-90</p><p>25351.237498/2022-29 / 8254481</p><p>856 - AFE - CONCESSÃO - PRODUTOS PARA SAÚDE - DISTRIBUIDORA / 4482753220</p><p>--------------------------------------</p><p>MANIPULART FARMACIA DE MANIPULACAO DE BELFORD ROXO EIRELI / 10.788.481/0002-86</p><p>25351.090290/2022-30 / 7925156</p><p>733 - AFE - CONCESSÃO - FARMÁCIAS E DROGARIAS / 4247609227</p><p>--------------------------------------</p><p>ELETROMED COMERCIAL IMPORTADORA LTDA / 00.377.829/0001-08</p><p>25351.212159/2022-30 / 4048809</p><p>723 - AFE - CONCESSÃO - COSMÉTICOS, PERFUMES E PRODUTOS DE HIGIENE - DISTRIBUIDORA (SOMENTE MATRIZ) / 4449792220</p><p>--------------------------------------</p><p>L C REINALDO SILVA FARMACIA LTDA / 46.040.860/0001-50</p><p>25351.213473/2022-30 / 7925892</p><p>733 - AFE - CONCESSÃO - FARMÁCIAS E DROGARIAS / 4452331229</p><p>--------------------------------------</p><p>TSG LOG TRANSPORTE E ARMAZENAMENTO LTDA / 28.545.604/0001-32</p><p>25351.237665/2022-31 / 1279241</p><p>701 - AFE - CONCESSÃO - MEDICAMENTOS E INSUMOS FARMACÊUTICOS - TRANSPORTADORA (SOMENTE MATRIZ) / 4482936227</p><p>--------------------------------------</p><p>POTENZA TRANSPORTES EIRELI / 07.136.315/0001-00</p><p>25351.291791/2022-31 / 8254308</p><p>862 - AFE - CONCESSÃO - PRODUTOS PARA SAÚDE - TRANSPORTADORA / 4539153226</p><p>--------------------------------------</p><p>Virtus Comércio de Produtos Médicos Ltda / 33.829.829/0001-50</p><p>25351.264204/2022-31 / 3115665</p><p>740 - AFE - CONCESSÃO - SANEANTES DOMISSANITÁRIOS - DISTRIBUIDORA (SOMENTE MATRIZ) / 4505939227</p><p>--------------------------------------</p><p>SUPPLY COMERCIO E DISTRIBUICAO DE SUTURAS E MEDICAMENTOS LTDA ME / 44.143.116/0001-55</p><p>25351.211860/2022-31 / 8254282</p><p>856 - AFE - CONCESSÃO - PRODUTOS PARA SAÚDE - DISTRIBUIDORA / 4449449223</p><p>--------------------------------------</p><p>RISE MEDICAL LTDA / 45.955.087/0001-99</p><p>25351.264476/2022-31 / 8253961</p><p>856 - AFE - CONCESSÃO - PRODUTOS PARA SAÚDE - DISTRIBUIDORA / 4506230221</p><p>--------------------------------------</p><p>RIO FARMA COMERCIO DE PRODUTOS MEDICOS E HOSPITALARES LTDA / 46.153.393/0001-74</p><p>25351.284159/2022-31 / 8254663</p><p>856 - AFE - CONCESSÃO - PRODUTOS PARA SAÚDE - DISTRIBUIDORA / 4525854227</p><p>--------------------------------------</p><p>M DE F DANTAS CHAVES EIRELI / 36.451.492/0001-89</p><p>25351.090170/2022-32 / 3115648</p><p>712 - AFE - CONCESSÃO - SANEANTES - INDÚSTRIA (SOMENTE MATRIZ) / 4247112228</p><p>--------------------------------------</p><p>AMB DISTRIBUIDORA DE MEDICAMENTO E MATERIAIS HOSPITALARES LTDA / 37.885.137/0001-80</p><p>25351.291664/2022-32 / 3115760</p><p>740 - AFE - CONCESSÃO - SANEANTES DOMISSANITÁRIOS - DISTRIBUIDORA (SOMENTE MATRIZ) / 4538992224</p><p>--------------------------------------</p><p>PHARBOX DISTRIBUIDORA FARMACEUTICA DE MEDICAMENTOS LTDA / 20.820.379/0001-93</p><p>25351.237457/2022-32 / 3115895</p><p>740 - AFE - CONCESSÃO - SANEANTES DOMISSANITÁRIOS - DISTRIBUIDORA (SOMENTE MATRIZ) / 4482710229</p><p>--------------------------------------</p><p>WM IMPORTACAO E EXPORTACAO DE MATERIAL HOSPITALAR LTDA / 08.241.727/0001-72</p><p>25351.211814/2022-32 / 3115773</p><p>740 - AFE - CONCESSÃO - SANEANTES DOMISSANITÁRIOS - DISTRIBUIDORA (SOMENTE MATRIZ) / 4449398220</p><p>--------------------------------------</p><p>VS TRANSPORTES LTDA / 09.423.645/0001-01</p><p>25351.237400/2022-33 / 3115816</p><p>737 - AFE - CONCESSÃO - SANEANTES DOMISSANITÁRIOS - TRANSPORTADORA (SOMENTE MATRIZ) / 4482648221</p><p>--------------------------------------</p><p>ISABELLY RORATO THEODORO 10169418979 / 44.916.889/0001-27</p><p>25351.191537/2022-34 / 8254018</p><p>860 - AFE - CONCESSÃO - PRODUTOS PARA SAÚDE - VAREJISTA / 4418334220</p><p>--------------------------------------</p><p>SAUDE MAIS DISTRIBUIDORA HOSPITALAR LTDA / 33.206.354/0001-46</p><p>25351.258461/2022-34 / 8253898</p><p>856 - AFE - CONCESSÃO - PRODUTOS PARA SAÚDE - DISTRIBUIDORA / 4500427228</p><p>--------------------------------------</p><p>EVELEI FIGUEIREDO MANIPULACAO LTDA / 46.455.133/0001-53</p><p>25351.260288/2022-34 / 7925247</p><p>733 - AFE - CONCESSÃO - FARMÁCIAS E DROGARIAS / 4501345224</p><p>--------------------------------------</p><p>LOGMED ARMAZENAGEM E LOGISTICA LTDA / 09.303.268/0005-09</p><p>25351.237383/2022-34 / 8254360</p><p>855 - AFE - CONCESSÃO - PRODUTOS PARA SAÚDE - ARMAZENADORA / 4482631221</p><p>--------------------------------------</p><p>JOAN COMÉRCIO DE COSMÉTICOS LTDA / 08.149.337/0001-77</p><p>25351.264356/2022-34 / 4048661</p><p>723 - AFE - CONCESSÃO - COSMÉTICOS, PERFUMES E PRODUTOS DE HIGIENE - DISTRIBUIDORA (SOMENTE MATRIZ) / 4506100221</p><p>--------------------------------------</p><p>BIO SUPRI COMERCIO E REPRESENTAÇÕES EIRELI / 12.848.219/0001-24</p><p>25351.237633/2022-36 / 8254507</p><p>856 - AFE - CONCESSÃO - PRODUTOS PARA SAÚDE - DISTRIBUIDORA / 4482901229</p><p>--------------------------------------</p><p>FARMACIAS SAO JORGE LTDA / 46.697.649/0001-04</p><p>25351.202929/2022-36 / 7925719</p><p>733 - AFE - CONCESSÃO - FARMÁCIAS E DROGARIAS / 4432255221</p><p>--------------------------------------</p><p>NOVAMED MACAE LTDA / 32.284.992/0001-12</p><p>25351.237721/2022-38 / 1279271</p><p>702 - AFE - CONCESSÃO - MEDICAMENTOS E INSUMOS FARMACÊUTICOS - DISTRIBUIDORA (SOMENTE MATRIZ) / 4482996220</p><p>--------------------------------------</p><p>GRANMASK INDUSTRIA E COMERCIO LTDA / 37.112.395/0001-24</p><p>25351.212060/2022-38 / 8254311</p><p>861 - AFE - CONCESSÃO - PRODUTO PARA SAÚDE - FABRICANTE / 4449675223</p><p>--------------------------------------</p><p>BERTPHARMA LTDA ME / 45.814.299/0001-56</p><p>25351.202936/2022-38 / 7925767</p><p>733 - AFE - CONCESSÃO - FARMÁCIAS E DROGARIAS / 4432277221</p><p>--------------------------------------</p><p>PHARBOX DISTRIBUIDORA FARMACEUTICA DE MEDICAMENTOS LTDA / 20.820.379/0001-93</p><p>25351.237513/2022-39 / 1279237</p><p>702 - AFE - CONCESSÃO - MEDICAMENTOS E INSUMOS FARMACÊUTICOS - DISTRIBUIDORA (SOMENTE MATRIZ) / 4482770221</p><p>--------------------------------------</p><p>DROGARIAS SCHNEODER / 08.434.085/0001-28</p><p>25351.266880/2022-40 / 7925446</p><p>733 - AFE - CONCESSÃO - FARMÁCIAS E DROGARIAS / 4510536227</p><p>--------------------------------------</p><p>MARIANA SOARES CORNETTA 39479741830 / 40.219.089/0001-04</p><p>25351.296660/2022-41 / 8254157</p><p>860 - AFE - CONCESSÃO - PRODUTOS PARA SAÚDE - VAREJISTA / 4548543228</p><p>--------------------------------------</p><p>MAIS FARMA COMERCIO LTDA / 34.797.890/0001-26</p><p>25351.298876/2022-41 / 8254433</p><p>856 - AFE - CONCESSÃO - PRODUTOS PARA SAÚDE - DISTRIBUIDORA / 4551611221</p><p>--------------------------------------</p><p>N. A. G. COMERCIO DE MEDICAMENTOS LTDA / 46.401.662/0001-74</p><p>25351.202941/2022-41 / 7925798</p><p>733 - AFE - CONCESSÃO - FARMÁCIAS E DROGARIAS / 4432292225</p><p>--------------------------------------</p><p>DROGARIA FARMABEL LTDA / 46.524.228/0001-81</p><p>25351.259921/2022-41 / 7925264</p><p>733 - AFE - CONCESSÃO - FARMÁCIAS E DROGARIAS / 4500830222</p><p>--------------------------------------</p><p>ORIONX TRANSPORTES E LOGISTICA LTDA / 42.970.999/0001-41</p><p>25351.258149/2022-41 / 1278887</p><p>701 - AFE - CONCESSÃO - MEDICAMENTOS E INSUMOS FARMACÊUTICOS - TRANSPORTADORA (SOMENTE MATRIZ) / 4500338225</p><p>--------------------------------------</p><p>LL DISTRIBUIDORA DE MEDICAMENTOS LTDA / 45.212.523/0001-30</p><p>25351.297216/2022-42 / 8254174</p><p>856 - AFE - CONCESSÃO - PRODUTOS PARA SAÚDE - DISTRIBUIDORA / 4549745223</p><p>--------------------------------------</p><p>COMERCIO DE MEDICAMENTOS BRAIR LTDA / 88.212.113/1113-51</p><p>25351.306061/2022-42 / 7925827</p><p>733 - AFE - CONCESSÃO - FARMÁCIAS E DROGARIAS / 4562635229</p><p>--------------------------------------</p><p>protegemed dist. medicamentos e hospitalares ltda / 42.072.005/0001-70</p><p>25351.090179/2022-43 / 3115679</p><p>740 - AFE - CONCESSÃO - SANEANTES DOMISSANITÁRIOS - DISTRIBUIDORA (SOMENTE MATRIZ) / 4247129228</p><p>--------------------------------------</p><p>INTENSIMED COMERCIO DE INSTRUMENTOS E MAT. HOSPITALARES LTDA / 38.098.716/0001-46</p><p>25351.237328/2022-44 / 8254356</p><p>856 - AFE - CONCESSÃO - PRODUTOS PARA SAÚDE - DISTRIBUIDORA / 4482571229</p><p>--------------------------------------</p><p>LOGLIVE TRANSPORTE E LOGISTICA LTDA / 44.389.598/0001-28</p><p>25351.295603/2022-44 / 8254112</p><p>862 - AFE - CONCESSÃO - PRODUTOS PARA SAÚDE - TRANSPORTADORA / 4545933220</p><p>--------------------------------------</p><p>NEW PRISMA DISTRIBUIDORA E IMPORTADORA DE PRODUTOS MÉDICOS LTDA / 47.239.452/0001-94</p><p>25351.298114/2022-44 / 8254217</p><p>856 - AFE - CONCESSÃO - PRODUTOS PARA SAÚDE - DISTRIBUIDORA / 4550854227</p><p>--------------------------------------</p><p>MEDBIO DISTRIBUIDORA DE EXAMES CLINICOS LTDA / 44.659.938/0001-93</p><p>25351.237688/2022-46 / 8254511</p><p>860 - AFE - CONCESSÃO - PRODUTOS PARA SAÚDE - VAREJISTA / 4482961221</p><p>--------------------------------------</p><p>GAFOR S.A. / 61.288.940/0001-12</p><p>25351.193028/2022-46 / 3115725</p><p>737 - AFE - CONCESSÃO - SANEANTES DOMISSANITÁRIOS - TRANSPORTADORA (SOMENTE MATRIZ) / 4419863226</p><p>--------------------------------------</p><p>DROGARIAS FARMACEDO LTDA / 46.514.243/0001-49</p><p>25351.304709/2022-46 / 7925571</p><p>733 - AFE - CONCESSÃO - FARMÁCIAS E DROGARIAS / 4559402223</p><p>--------------------------------------</p><p>RIO FARMA COMERCIO DE PRODUTOS MEDICOS E HOSPITALARES LTDA / 46.153.393/0001-74</p><p>25351.284171/2022-46 / 1279393</p><p>702 - AFE - CONCESSÃO - MEDICAMENTOS E INSUMOS FARMACÊUTICOS - DISTRIBUIDORA (SOMENTE MATRIZ) / 4525886226</p><p>--------------------------------------</p><p>AMB DISTRIBUIDORA DE MEDICAMENTO E MATERIAIS HOSPITALARES LTDA / 37.885.137/0001-80</p><p>25351.291768/2022-47 / 8254251</p><p>856 - AFE - CONCESSÃO - PRODUTOS PARA SAÚDE - DISTRIBUIDORA / 4539130226</p><p>--------------------------------------</p><p>SHOPPING DA LIMPEZA START LTDA / 20.443.251/0001-58</p><p>25351.211548/2022-48 / 4048770</p><p>723 - AFE - CONCESSÃO - COSMÉTICOS, PERFUMES E PRODUTOS DE HIGIENE - DISTRIBUIDORA (SOMENTE MATRIZ) / 4449106229</p><p>--------------------------------------</p><p>KF HERMES DISTRIBUIDORA DE MEDICAMENTOS LTDA / 45.894.194/0001-54</p><p>25351.192144/2022-48 / 3115708</p><p>740 - AFE - CONCESSÃO - SANEANTES DOMISSANITÁRIOS - DISTRIBUIDORA (SOMENTE MATRIZ) / 4419512229</p><p>--------------------------------------</p><p>MARCELO DE LACERDA MORENO ME / 01.909.624/0001-99</p><p>25351.298805/2022-48 / 3115851</p><p>712 - AFE - CONCESSÃO - SANEANTES - INDÚSTRIA (SOMENTE MATRIZ) / 4551541222</p><p>--------------------------------------</p><p>L M E SILVA NEVES / 30.134.366/0001-14</p><p>25351.298562/2022-48 / 8254420</p><p>856 - AFE - CONCESSÃO - PRODUTOS PARA SAÚDE - DISTRIBUIDORA / 4551317225</p><p>--------------------------------------</p><p>NITERÓI DISTRIBUIDORA LTDA / 37.950.777/0001-27</p><p>25351.291630/2022-48 / 1279011</p><p>702 - AFE - CONCESSÃO - MEDICAMENTOS E INSUMOS FARMACÊUTICOS - DISTRIBUIDORA (SOMENTE MATRIZ) / 4538955221</p><p>--------------------------------------</p><p>SENA COMERCIO DE PRODUTOS PARA A SAUDE LTDA / 42.038.727/0001-08</p><p>25351.211763/2022-49 / 8254279</p><p>860 - AFE - CONCESSÃO - PRODUTOS PARA SAÚDE - VAREJISTA / 4449342224</p><p>--------------------------------------</p><p>BRASIL SHOPPING EIRELI / 34.577.439/0001-01</p><p>25351.192440/2022-49 / 3115711</p><p>740 - AFE - CONCESSÃO - SANEANTES DOMISSANITÁRIOS - DISTRIBUIDORA (SOMENTE MATRIZ) / 4419659220</p><p>--------------------------------------</p><p>LM COSTA DROGARIA LTDA / 46.900.425/0001-58</p><p>25351.200990/2022-49 / 7925614</p><p>733 - AFE - CONCESSÃO - FARMÁCIAS E DROGARIAS / 4427471228</p><p>--------------------------------------</p><p>CHIAMENTTI &amp; ZOHLER LTDA / 34.257.335/0001-01</p><p>25351.295681/2022-49 / 4048718</p><p>723 - AFE - CONCESSÃO - COSMÉTICOS, PERFUMES E PRODUTOS DE HIGIENE - DISTRIBUIDORA (SOMENTE MATRIZ) / 4546023227</p><p>--------------------------------------</p><p>RODRIGUES FARMACIA POPULAR LTDA / 46.901.166/0001-80</p><p>25351.202932/2022-50 / 7925740</p><p>733 - AFE - CONCESSÃO - FARMÁCIAS E DROGARIAS / 4432264220</p><p>--------------------------------------</p><p>PEDRO HENRIQUE VIEIRA RIBEIRO LTDA / 46.403.489/0001-43</p><p>25351.298433/2022-50 / 8254402</p><p>856 - AFE - CONCESSÃO - PRODUTOS PARA SAÚDE - DISTRIBUIDORA / 4551193224</p><p>--------------------------------------</p><p>MEDICNORTE LTDA / 03.743.294/0001-30</p><p>25351.237492/2022-51 / 3115907</p><p>740 - AFE - CONCESSÃO - SANEANTES DOMISSANITÁRIOS - DISTRIBUIDORA (SOMENTE MATRIZ) / 4482746223</p><p>--------------------------------------</p><p>DROGARIA ESPERANCA NOVA LTDA / 46.929.748/0001-74</p><p>25351.202139/2022-51 / 7925662</p><p>733 - AFE - CONCESSÃO - FARMÁCIAS E DROGARIAS / 4430839226</p><p>--------------------------------------</p><p>RODONAVES TRANSPORTES E ENCOMENDAS LTDA / 44.914.992/0030-72</p><p>25351.212155/2022-51 / 8254325</p><p>862 - AFE - CONCESSÃO - PRODUTOS PARA SAÚDE - TRANSPORTADORA / 4449784227</p><p>--------------------------------------</p><p>MAIS FARMA COMERCIO LTDA / 34.797.890/0001-26</p><p>25351.298874/2022-51 / 3115864</p><p>740 - AFE - CONCESSÃO - SANEANTES DOMISSANITÁRIOS - DISTRIBUIDORA (SOMENTE MATRIZ) / 4551609226</p><p>--------------------------------------</p><p>SC-MEDIC COMERCIO E REPRESENTACAO COMERCIAL LTDA / 26.928.534/0001-76</p><p>25351.192329/2022-52 / 8254035</p><p>856 - AFE - CONCESSÃO - PRODUTOS PARA SAÚDE - DISTRIBUIDORA / 4419603224</p><p>--------------------------------------</p><p>FARMACIA DO TRABALHADOR VALE EU LTDA / 46.680.665/0001-94</p><p>25351.202731/2022-52 / 7925680</p><p>733 - AFE - CONCESSÃO - FARMÁCIAS E DROGARIAS / 4431645223</p><p>--------------------------------------</p><p>LAVI DISPOSITIVOS MEDICOS DO BRASIL LTDA / 45.463.033/0001-06</p><p>25351.295721/2022-52 / 8254143</p><p>859 - AFE - CONCESSÃO - PRODUTOS PARA SAÚDE - IMPORTADORA / 4546066228</p><p>--------------------------------------</p><p>RONDO LOG TRANSPORTES E AGENCIAMENTO DE CARGAS LTDA / 37.075.691/0001-00</p><p>25351.303414/2022-52 / 1279206</p><p>701 - AFE - CONCESSÃO - MEDICAMENTOS E INSUMOS FARMACÊUTICOS - TRANSPORTADORA (SOMENTE MATRIZ) / 4557606229</p><p>--------------------------------------</p><p>DROGARIA ULTRA ITAQUERA LTDA / 46.629.109/0001-93</p><p>25351.260728/2022-53 / 7925295</p><p>733 - AFE - CONCESSÃO - FARMÁCIAS E DROGARIAS / 4502442221</p><p>--------------------------------------</p><p>V R P DE OLIVEIRA COMERCIO E REPRESENTACAO DE EQUIPAMENTO MEDICO-HOSPITALAR LTDA / 45.030.413/0001-57</p><p>25351.295432/2022-53 / 8254070</p><p>856 - AFE - CONCESSÃO - PRODUTOS PARA SAÚDE - DISTRIBUIDORA / 4545754228</p><p>--------------------------------------</p><p>COMERCIO DE MEDICAMENTOS BRAIR LTDA / 88.212.113/1152-68</p><p>25351.202153/2022-54 / 7925676</p><p>733 - AFE - CONCESSÃO - FARMÁCIAS E DROGARIAS / 4430876221</p><p>--------------------------------------</p><p>WILSON FARMA LTDA / 46.798.000/0001-80</p><p>25351.213430/2022-54 / 7925875</p><p>733 - AFE - CONCESSÃO - FARMÁCIAS E DROGARIAS / 4452229221</p><p>--------------------------------------</p><p>BRASIL FARMAON MEDICAMENTOS FARMACÊUTICOS LTDA / 40.254.918/0001-81</p><p>25351.292047/2022-54 / 8254203</p><p>856 - AFE - CONCESSÃO - PRODUTOS PARA SAÚDE - DISTRIBUIDORA / 4539429221</p><p>--------------------------------------</p><p>NEWSKIN COMERCIO E DISTRIBUICAO DE MEDICAMENTOS LTDA / 31.070.423/0001-01</p><p>25351.298095/2022-56 / 8254188</p><p>856 - AFE - CONCESSÃO - PRODUTOS PARA SAÚDE - DISTRIBUIDORA / 4550830221</p><p>--------------------------------------</p><p>PATRICIA DE SOUZA ANDRADE / 47.260.555/0001-36</p><p>25351.250941/2022-57 / 7925191</p><p>733 - AFE - CONCESSÃO - FARMÁCIAS E DROGARIAS / 4495161222</p><p>--------------------------------------</p><p>GARD LOGISTICA &amp; TRANSPORTES LTDA / 37.945.315/0001-11</p><p>25351.291974/2022-57 / 8254495</p><p>855 - AFE - CONCESSÃO - PRODUTOS PARA SAÚDE - ARMAZENADORA / 4539347225</p><p>--------------------------------------</p><p>M R DE MORAIS &amp; CIA LTDA / 45.685.808/0001-98</p><p>25351.298507/2022-58 / 8254416</p><p>856 - AFE - CONCESSÃO - PRODUTOS PARA SAÚDE - DISTRIBUIDORA / 4551261220</p><p>--------------------------------------</p><p>LUMA DISTRIBUIDORA DE MEDICAMENTOS LTDA ME / 10.303.531/0001-07</p><p>25351.237421/2022-59 / 1279129</p><p>702 - AFE - CONCESSÃO - MEDICAMENTOS E INSUMOS FARMACÊUTICOS - DISTRIBUIDORA (SOMENTE MATRIZ) / 4482672220</p><p>--------------------------------------</p><p>FRANKLIN GONÇALVES DOS ANJOS / 19.012.166/0001-56</p><p>25351.187734/2022-59 / 8254004</p><p>860 - AFE - CONCESSÃO - PRODUTOS PARA SAÚDE - VAREJISTA / 4413584228</p><p>--------------------------------------</p><p>PC E NUNES E SILVA LTDA / 03.884.130/0003-94</p><p>25351.304552/2022-59 / 7925537</p><p>733 - AFE - CONCESSÃO - FARMÁCIAS E DROGARIAS / 4559092223</p><p>--------------------------------------</p><p>JNTL CONSUMER HEALTH (BRAZIL) LTDA. / 45.694.447/0006-50</p><p>25351.280270/2022-59 / 8254572</p><p>856 - AFE - CONCESSÃO - PRODUTOS PARA SAÚDE - DISTRIBUIDORA / 4518857224</p><p>--------------------------------------</p><p>ANDRÉ ROSA ALVES / 06.196.294/0001-55</p><p>25351.090150/2022-61 / 3115634</p><p>740 - AFE - CONCESSÃO - SANEANTES DOMISSANITÁRIOS - DISTRIBUIDORA (SOMENTE MATRIZ) / 4247059220</p><p>--------------------------------------</p><p>FARMACIA SAO JERONIMO LTDA / 46.795.259/0001-77</p><p>25351.220461/2022-61 / 7925997</p><p>733 - AFE - CONCESSÃO - FARMÁCIAS E DROGARIAS / 4464408226</p><p>--------------------------------------</p><p>W.L.C SOUZA DA SILVA DROGARIAS LTDA / 45.602.252/0001-29</p><p>25351.202930/2022-61 / 7925722</p><p>733 - AFE - CONCESSÃO - FARMÁCIAS E DROGARIAS / 4432258225</p><p>--------------------------------------</p><p>NUTRICIONAIS COMERCIAL LTDA / 09.483.507/0001-18</p><p>25351.152520/2022-61 / 8253853</p><p>856 - AFE - CONCESSÃO - PRODUTOS PARA SAÚDE - DISTRIBUIDORA / 4362588221</p><p>--------------------------------------</p><p>farmacia dose extra ltda / 41.454.330/0002-15</p><p>25351.218691/2022-61 / 7925970</p><p>733 - AFE - CONCESSÃO - FARMÁCIAS E DROGARIAS / 4460736229</p><p>--------------------------------------</p><p>DROGARIA SOUSA MELO LTDA / 27.857.426/0002-01</p><p>25351.200997/2022-61 / 7925659</p><p>733 - AFE - CONCESSÃO - FARMÁCIAS E DROGARIAS / 4427492221</p><p>--------------------------------------</p><p>CIVETTA COMERCIO DE JOIAS E ACESSORIOS LTDA / 08.704.960/0003-06</p><p>25351.298142/2022-61 / 8254373</p><p>856 - AFE - CONCESSÃO - PRODUTOS PARA SAÚDE - DISTRIBUIDORA / 4550887222</p><p>--------------------------------------</p><p>DEXTER CLEAN PRODUTOS DE LIMPEZA LTDA / 39.477.432/0001-23</p><p>25351.506068/2022-62 / 3115739</p><p>712 - AFE - CONCESSÃO - SANEANTES - INDÚSTRIA (SOMENTE MATRIZ) / 2521339229</p><p>--------------------------------------</p><p>VIVALIFT BRASIL LTDA / 38.713.943/0001-34</p><p>25351.264382/2022-62 / 8253944</p><p>859 - AFE - CONCESSÃO - PRODUTOS PARA SAÚDE - IMPORTADORA / 4506133226</p><p>--------------------------------------</p><p>DANIEL AMORIM RIBEIRO 05269671611 / 43.661.280/0001-91</p><p>25351.299259/2022-62 / 1279181</p><p>702 - AFE - CONCESSÃO - MEDICAMENTOS E INSUMOS FARMACÊUTICOS - DISTRIBUIDORA (SOMENTE MATRIZ) / 4551985228</p><p>--------------------------------------</p><p>ELFA MEDICAMENTOS S.A / 09.053.134/0017-02</p><p>25351.291958/2022-64 / 8254339</p><p>856 - AFE - CONCESSÃO - PRODUTOS PARA SAÚDE - DISTRIBUIDORA / 4539331221</p><p>--------------------------------------</p><p>POTENZA TRANSPORTES EIRELI / 07.136.315/0001-00</p><p>25351.291796/2022-64 / 3115791</p><p>737 - AFE - CONCESSÃO - SANEANTES DOMISSANITÁRIOS - TRANSPORTADORA (SOMENTE MATRIZ) / 4539158228</p><p>--------------------------------------</p><p>JULIANA ESTEFANIA DA SILVA ARAUJO / 46.696.946/0001-35</p><p>25351.262480/2022-65 / 7925355</p><p>733 - AFE - CONCESSÃO - FARMÁCIAS E DROGARIAS / 4504321223</p><p>--------------------------------------</p><p>PROEXI COMERCIO, EXPORTACAO E IMPORTACAO DE PRODUTOS MEDICOS E HOSPITALARES EIRELI / 20.676.345/0001-77</p><p>25351.298167/2022-65 / 4048830</p><p>723 - AFE - CONCESSÃO - COSMÉTICOS, PERFUMES E PRODUTOS DE HIGIENE - DISTRIBUIDORA (SOMENTE MATRIZ) / 4550915226</p><p>--------------------------------------</p><p>MERCIO PAULO BARROS DE ARAÚJO ME / 07.131.405/0003-70</p><p>25351.270407/2022-67 / 7925463</p><p>733 - AFE - CONCESSÃO - FARMÁCIAS E DROGARIAS / 4511962227</p><p>--------------------------------------</p><p>LUSTER PRODUTOS AUTOMOTIVOS LTDA / 93.110.195/0001-03</p><p>25351.091884/2022-68 / 3115682</p><p>712 - AFE - CONCESSÃO - SANEANTES - INDÚSTRIA (SOMENTE MATRIZ) / 4251822226</p><p>--------------------------------------</p><p>Benenutri express comercio e serviços ltda / 44.891.225/0001-50</p><p>25351.303652/2022-68 / 8254161</p><p>856 - AFE - CONCESSÃO - PRODUTOS PARA SAÚDE - DISTRIBUIDORA / 4557841228</p><p>--------------------------------------</p><p>FARMA VERDE LTDA / 45.595.243/0001-58</p><p>25351.265923/2022-70 / 7925429</p><p>733 - AFE - CONCESSÃO - FARMÁCIAS E DROGARIAS / 4508729226</p><p>--------------------------------------</p><p>DROGARIA BOA SAUDE DO VALQUEIRE LTDA / 46.900.193/0001-38</p><p>25351.265176/2022-70 / 7925324</p><p>733 - AFE - CONCESSÃO - FARMÁCIAS E DROGARIAS / 4507181221</p><p>--------------------------------------</p><p>FARMACIA R PAIXAO / 45.685.837/0001-50</p><p>25351.305584/2022-71 / 7925541</p><p>733 - AFE - CONCESSÃO - FARMÁCIAS E DROGARIAS / 4561707224</p><p>--------------------------------------</p><p>FONTES E RODRIGUES COMERCIO DE MEDICAMENTOS LTDA / 46.268.829/0001-70</p><p>25351.202939/2022-71 / 7925771</p><p>733 - AFE - CONCESSÃO - FARMÁCIAS E DROGARIAS / 4432286221</p><p>--------------------------------------</p><p>DELTA BRASIL FARMA IMPORTAÇÃO E EXPORTAÇÃO LTDA / 39.887.023/0001-03</p><p>25351.303107/2022-71 / 3115881</p><p>735 - AFE - CONCESSÃO - SANEANTES DOMISSANITÁRIOS - IMPORTADORA (SOMENTE MATRIZ) / 4557256228</p><p>--------------------------------------</p><p>JOAO MARTINIANO DE S NETO / 38.503.948/0001-32</p><p>25351.295541/2022-71 / 1278981</p><p>702 - AFE - CONCESSÃO - MEDICAMENTOS E INSUMOS FARMACÊUTICOS - DISTRIBUIDORA (SOMENTE MATRIZ) / 4545867227</p><p>--------------------------------------</p><p>MARIA DE GORETI BRITO SILVA LTDA / 45.317.858/0001-12</p><p>25351.075273/2022-72 / 7925481</p><p>733 - AFE - CONCESSÃO - FARMÁCIAS E DROGARIAS / 4234004227</p><p>--------------------------------------</p><p>SOFTYS BRASIL LTDA. / 44.145.845/0002-21</p><p>25351.211856/2022-73 / 8254052</p><p>856 - AFE - CONCESSÃO - PRODUTOS PARA SAÚDE - DISTRIBUIDORA / 4449444221</p><p>--------------------------------------</p><p>DROGARIA VIVA BEM DO PECHINCHA LTDA / 46.894.186/0001-70</p><p>25351.265190/2022-73 / 7925341</p><p>733 - AFE - CONCESSÃO - FARMÁCIAS E DROGARIAS / 4507222221</p><p>--------------------------------------</p><p>TSG LOG TRANSPORTE E ARMAZENAMENTO LTDA / 28.545.604/0001-32</p><p>25351.237361/2022-74 / 4048812</p><p>728 - AFE - CONCESSÃO - COSMÉTICOS, PERFUMES E PRODUTOS DE HIGIENE - TRANSPORTADORA (SOMENTE MATRIZ) / 4482605221</p><p>--------------------------------------</p><p>Minas Indústria de Móveis Hospitalar Eireli / 34.237.336/0001-94</p><p>25351.192406/2022-74 / 8254049</p><p>861 - AFE - CONCESSÃO - PRODUTO PARA SAÚDE - FABRICANTE / 4419644222</p><p>--------------------------------------</p><p>SOL COMERCIO DE MEDICAMENTOS LTDA / 45.660.850/0001-54</p><p>25351.306002/2022-74 / 7925601</p><p>733 - AFE - CONCESSÃO - FARMÁCIAS E DROGARIAS / 4562486221</p><p>--------------------------------------</p><p>VIXIMPORT IMPORTAÇÃO E EXPORTAÇÃO LTDA / 44.184.577/0001-76</p><p>25351.263877/2022-74 / 8253913</p><p>859 - AFE - CONCESSÃO - PRODUTOS PARA SAÚDE - IMPORTADORA / 4505590224</p><p>--------------------------------------</p><p>ETHA HAIR SOLUTIONS LTDA / 45.697.020/0001-00</p><p>25351.258369/2022-74 / 4048613</p><p>723 - AFE - CONCESSÃO - COSMÉTICOS, PERFUMES E PRODUTOS DE HIGIENE - DISTRIBUIDORA (SOMENTE MATRIZ) / 4500356223</p><p>--------------------------------------</p><p>VCL SERVICOS, TRANSPORTES E LOGISTICA - EIRELI / 26.862.786/0001-40</p><p>25351.212088/2022-75 / 3115787</p><p>737 - AFE - CONCESSÃO - SANEANTES DOMISSANITÁRIOS - TRANSPORTADORA (SOMENTE MATRIZ) / 4449704223</p><p>--------------------------------------</p><p>DROGARIA AFPH LTDA / 46.096.375/0001-06</p><p>25351.304608/2022-75 / 7925554</p><p>733 - AFE - CONCESSÃO - FARMÁCIAS E DROGARIAS / 4559216221</p><p>--------------------------------------</p><p>J B MOREIRA PRODUTOS MEDICOS E ODONTOLOGICOS / 38.085.574/0001-82</p><p>25351.298101/2022-75 / 8254191</p><p>856 - AFE - CONCESSÃO - PRODUTOS PARA SAÚDE - DISTRIBUIDORA / 4550837225</p><p>--------------------------------------</p><p>RAIA DROGASIL S/A / 61.585.865/2977-31</p><p>25351.202907/2022-76 / 7925693</p><p>733 - AFE - CONCESSÃO - FARMÁCIAS E DROGARIAS / 4432142222</p><p>--------------------------------------</p><p>A R ROSA EIRELI / 37.173.649/0001-14</p><p>25351.192332/2022-76 / 1278920</p><p>702 - AFE - CONCESSÃO - MEDICAMENTOS E INSUMOS FARMACÊUTICOS - DISTRIBUIDORA (SOMENTE MATRIZ) / 4419605227</p><p>--------------------------------------</p><p>PROEXI COMERCIO, EXPORTACAO E IMPORTACAO DE PRODUTOS MEDICOS E HOSPITALARES EIRELI / 20.676.345/0001-77</p><p>25351.298831/2022-76 / 3115820</p><p>740 - AFE - CONCESSÃO - SANEANTES DOMISSANITÁRIOS - DISTRIBUIDORA (SOMENTE MATRIZ) / 4551566225</p><p>--------------------------------------</p><p>INVERT SUGAR INDUSTRIA E COMERCIO DE PRODUTOS SANEANTES LTDA / 23.198.810/0001-08</p><p>25351.090127/2022-77 / 3115621</p><p>712 - AFE - CONCESSÃO - SANEANTES - INDÚSTRIA (SOMENTE MATRIZ) / 4246998222</p><p>--------------------------------------</p><p>MEDICOM FARMA PRIME LTDA - EPP / 46.948.461/0001-91</p><p>25351.266268/2022-77 / 7925432</p><p>733 - AFE - CONCESSÃO - FARMÁCIAS E DROGARIAS / 4509513222</p><p>--------------------------------------</p><p>SUPER PODEROSA COMERCIO DE COSMETICOS LTDA / 33.648.842/0001-03</p><p>25351.263891/2022-78 / 4048631</p><p>723 - AFE - CONCESSÃO - COSMÉTICOS, PERFUMES E PRODUTOS DE HIGIENE - DISTRIBUIDORA (SOMENTE MATRIZ) / 4505605221</p><p>--------------------------------------</p><p>LORIFARMA COMÉRCIO E MANIPULAÇÃO DE MEDICAMENTOS LTDA / 43.787.572/0001-75</p><p>25351.036865/2022-79 / 7925139</p><p>733 - AFE - CONCESSÃO - FARMÁCIAS E DROGARIAS / 4213970228</p><p>--------------------------------------</p><p>BUENO COSMETICOS LTDA / 14.008.597/0001-25</p><p>25351.303146/2022-79 / 4048766</p><p>723 - AFE - CONCESSÃO - COSMÉTICOS, PERFUMES E PRODUTOS DE HIGIENE - DISTRIBUIDORA (SOMENTE MATRIZ) / 4557355226</p><p>--------------------------------------</p><p>Labwork Serviços e Comércio de Equipamentos para Laboratórios LTDA / 39.805.530/0001-42</p><p>25351.280693/2022-79 / 8254650</p><p>856 - AFE - CONCESSÃO - PRODUTOS PARA SAÚDE - DISTRIBUIDORA / 4519195225</p><p>--------------------------------------</p><p>A. DA SILVA ALEXANDRIA ME / 30.575.705/0001-06</p><p>25351.036863/2022-80 / 7909201</p><p>733 - AFE - CONCESSÃO - FARMÁCIAS E DROGARIAS / 4213950223</p><p>--------------------------------------</p><p>VM BIOMEDICAL LTDA / 35.997.837/0001-31</p><p>25351.091898/2022-81 / 3115696</p><p>740 - AFE - CONCESSÃO - SANEANTES DOMISSANITÁRIOS - DISTRIBUIDORA (SOMENTE MATRIZ) / 4251845226</p><p>--------------------------------------</p><p>BATAGUASSU DROGARIAS R.A LTDA / 45.024.405/0001-06</p><p>25351.302983/2022-81 / 7925506</p><p>733 - AFE - CONCESSÃO - FARMÁCIAS E DROGARIAS / 4556954221</p><p>--------------------------------------</p><p>Eagle Soluções Logisticas LTDA / 28.966.357/0001-48</p><p>25351.295405/2022-81 / 3115742</p><p>737 - AFE - CONCESSÃO - SANEANTES DOMISSANITÁRIOS - TRANSPORTADORA (SOMENTE MATRIZ) / 4545720226</p><p>--------------------------------------</p><p>FARMA FONTES COMÉRCIO DE MEDICAMENTOS LTDA / 44.255.215/0001-29</p><p>25351.200993/2022-82 / 7925628</p><p>733 - AFE - CONCESSÃO - FARMÁCIAS E DROGARIAS / 4427480227</p><p>--------------------------------------</p><p>W FANI COMERCIO DE PRODUTOS ODONTOLOGICOS DE ITAPERUNA LTDA / 30.996.583/0001-13</p><p>25351.264290/2022-82 / 8253931</p><p>860 - AFE - CONCESSÃO - PRODUTOS PARA SAÚDE - VAREJISTA / 4506031229</p><p>--------------------------------------</p><p>JNTL CONSUMER HEALTH (BRAZIL) LTDA. / 45.694.447/0001-46</p><p>25351.280236/2022-84 / 8254555</p><p>856 - AFE - CONCESSÃO - PRODUTOS PARA SAÚDE - DISTRIBUIDORA / 4518826221</p><p>--------------------------------------</p><p>NITERÓI DISTRIBUIDORA LTDA / 37.950.777/0001-27</p><p>25351.298318/2022-85 / 8254391</p><p>856 - AFE - CONCESSÃO - PRODUTOS PARA SAÚDE - DISTRIBUIDORA / 4551071226</p><p>--------------------------------------</p><p>M R DE MORAIS &amp; CIA LTDA / 45.685.808/0001-98</p><p>25351.299128/2022-85 / 3115847</p><p>740 - AFE - CONCESSÃO - SANEANTES DOMISSANITÁRIOS - DISTRIBUIDORA (SOMENTE MATRIZ) / 4551850225</p><p>--------------------------------------</p><p>IDEALMEX SOLUÇÕES EM LOGÍSTICA LTDA / 27.446.136/0001-86</p><p>25351.292034/2022-85 / 8254265</p><p>862 - AFE - CONCESSÃO - PRODUTOS PARA SAÚDE - TRANSPORTADORA / 4539415221</p><p>--------------------------------------</p><p>RAIA DROGASIL S/A / 61.585.865/3021-66</p><p>25351.251019/2022-87 / 7925202</p><p>733 - AFE - CONCESSÃO - FARMÁCIAS E DROGARIAS / 4495443223</p><p>--------------------------------------</p><p>Pietra Odonto Importacao E Distribuidora Eireli / 28.877.319/0001-19</p><p>25351.091954/2022-88 / 8253989</p><p>856 - AFE - CONCESSÃO - PRODUTOS PARA SAÚDE - DISTRIBUIDORA / 4251959221</p><p>--------------------------------------</p><p>Eagle Soluções Logisticas LTDA / 28.966.357/0001-48</p><p>25351.295363/2022-88 / 1278951</p><p>701 - AFE - CONCESSÃO - MEDICAMENTOS E INSUMOS FARMACÊUTICOS - TRANSPORTADORA (SOMENTE MATRIZ) / 4545662226</p><p>--------------------------------------</p><p>THIAGO CARVALHO DA SILVA / 47.215.153/0001-10</p><p>25351.260144/2022-88 / 7925233</p><p>733 - AFE - CONCESSÃO - FARMÁCIAS E DROGARIAS / 4501175223</p><p>--------------------------------------</p><p>DSDC - Distribuidora Santa Catarinense de Cosméticos Eireli / 40.595.700/0001-90</p><p>25351.303641/2022-88 / 4048721</p><p>723 - AFE - CONCESSÃO - COSMÉTICOS, PERFUMES E PRODUTOS DE HIGIENE - DISTRIBUIDORA (SOMENTE MATRIZ) / 4557829228</p><p>--------------------------------------</p><p>L F CHAVES FARMA / 46.266.321/0001-33</p><p>25351.262007/2022-88 / 7925311</p><p>733 - AFE - CONCESSÃO - FARMÁCIAS E DROGARIAS / 4503980221</p><p>--------------------------------------</p><p>FLORES KUNHN COMERCIO DE MEDICAMENTOS LTDA / 13.491.330/0001-79</p><p>25351.306106/2022-89 / 7925831</p><p>733 - AFE - CONCESSÃO - FARMÁCIAS E DROGARIAS / 4562764229</p><p>--------------------------------------</p><p>jhonatan fernandes de mesquita / 45.257.448/0001-23</p><p>25351.212713/2022-89 / 7925844</p><p>733 - AFE - CONCESSÃO - FARMÁCIAS E DROGARIAS / 4450460228</p><p>--------------------------------------</p><p>BANQUETA DROGARIA LTDA / 45.947.243/0001-70</p><p>25351.694287/2022-90 / 7925477</p><p>733 - AFE - CONCESSÃO - FARMÁCIAS E DROGARIAS / 3032458221</p><p>--------------------------------------</p><p>MARIANA BORGES DE MELO / 46.691.453/0001-02</p><p>25351.265408/2022-90 / 7925386</p><p>733 - AFE - CONCESSÃO - FARMÁCIAS E DROGARIAS / 4507738220</p><p>--------------------------------------</p><p>DROGARIAS PAULISTA LTDA / 21.089.378/0013-17</p><p>25351.217357/2022-90 / 7925952</p><p>733 - AFE - CONCESSÃO - FARMÁCIAS E DROGARIAS / 4457961226</p><p>--------------------------------------</p><p>S. H. P. FREITAS BORGES / 28.780.301/0003-66</p><p>25351.202928/2022-91 / 7925705</p><p>733 - AFE - CONCESSÃO - FARMÁCIAS E DROGARIAS / 4432252226</p><p>--------------------------------------</p><p>EXPRESSO SÃO MIGUEL LTDA / 00.428.307/0008-64</p><p>25351.291896/2022-91 / 8254464</p><p>862 - AFE - CONCESSÃO - PRODUTOS PARA SAÚDE - TRANSPORTADORA / 4539266225</p><p>--------------------------------------</p><p>NITERÓI DISTRIBUIDORA LTDA / 37.950.777/0001-27</p><p>25351.291543/2022-91 / 3115756</p><p>740 - AFE - CONCESSÃO - SANEANTES DOMISSANITÁRIOS - DISTRIBUIDORA (SOMENTE MATRIZ) / 4538844225</p><p>--------------------------------------</p><p>QUIMICA CENTRAL DO BRASIL LTDA / 05.272.759/0001-47</p><p>25351.280347/2022-91 / 3115972</p><p>712 - AFE - CONCESSÃO - SANEANTES - INDÚSTRIA (SOMENTE MATRIZ) / 4518911229</p><p>--------------------------------------</p><p>DMF MEDICAL MATERIAIS MEDICOS E SERVIÇOS LTDA / 10.492.279/0002-02</p><p>25351.192145/2022-92 / 8254021</p><p>856 - AFE - CONCESSÃO - PRODUTOS PARA SAÚDE - DISTRIBUIDORA / 4419513225</p><p>--------------------------------------</p><p>VIA BRASIL MAIS COMERCIO E SERVICOS LTDA / 11.287.357/0001-19</p><p>25351.303311/2022-92 / 8254478</p><p>856 - AFE - CONCESSÃO - PRODUTOS PARA SAÚDE - DISTRIBUIDORA / 4557507221</p><p>--------------------------------------</p><p>BRASPRESS TRANSPORTES URGENTES LTDA / 48.740.351/0043-14</p><p>25351.295548/2022-92 / 8254097</p><p>862 - AFE - CONCESSÃO - PRODUTOS PARA SAÚDE - TRANSPORTADORA / 4545876226</p><p>--------------------------------------</p><p>DENTAL CRUZEIRO LTDA ME / 84.585.744/0001-05</p><p>25351.299292/2022-92 / 1279194</p><p>702 - AFE - CONCESSÃO - MEDICAMENTOS E INSUMOS FARMACÊUTICOS - DISTRIBUIDORA (SOMENTE MATRIZ) / 4552022229</p><p>--------------------------------------</p><p>DIVERMED PRODUTOS HOSPITALARES LTDA / 45.720.457/0001-09</p><p>25351.291631/2022-92 / 8254248</p><p>856 - AFE - CONCESSÃO - PRODUTOS PARA SAÚDE - DISTRIBUIDORA / 4538956228</p><p>--------------------------------------</p><p>ANA KARINE DE LIMA BRITO / 47.078.024/0001-27</p><p>25351.265694/2022-93 / 7925401</p><p>733 - AFE - CONCESSÃO - FARMÁCIAS E DROGARIAS / 4508262226</p><p>--------------------------------------</p><p>DROGARIA PITUBA LTDA / 43.050.547/0001-04</p><p>25351.202935/2022-93 / 7925753</p><p>733 - AFE - CONCESSÃO - FARMÁCIAS E DROGARIAS / 4432274227</p><p>--------------------------------------</p><p>BATISTA E GAMA PRODUTOS FARMACEUTICO LTDA / 45.337.617/0001-35</p><p>25351.217029/2022-93 / 7925918</p><p>733 - AFE - CONCESSÃO - FARMÁCIAS E DROGARIAS / 4457207227</p><p>--------------------------------------</p><p>VIVALIFT BRASIL LTDA / 38.713.943/0001-34</p><p>25351.264027/2022-93 / 4048658</p><p>722 - AFE - CONCESSÃO - COSMÉTICOS, PERFUMES E PRODUTOS DE HIGIENE - IMPORTADORA (SOMENTE MATRIZ) / 4505765229</p><p>--------------------------------------</p><p>ORIONX TRANSPORTES E LOGISTICA LTDA / 42.970.999/0001-41</p><p>25351.258132/2022-93 / 8253871</p><p>862 - AFE - CONCESSÃO - PRODUTOS PARA SAÚDE - TRANSPORTADORA / 4500324224</p><p>--------------------------------------</p><p>KOUBE INDUSTRIA E COMERCIO DE PRODUTOS QUIMICOS EIRELI / 29.868.002/0003-40</p><p>25351.299084/2022-93 / 3115878</p><p>712 - AFE - CONCESSÃO - SANEANTES - INDÚSTRIA (SOMENTE MATRIZ) / 4551807222</p><p>--------------------------------------</p><p>DROGARIA ARAUJO S.A. / 17.256.512/0295-21</p><p>25351.240734/2022-94 / 7926012</p><p>733 - AFE - CONCESSÃO - FARMÁCIAS E DROGARIAS / 4484409223</p><p>--------------------------------------</p><p>PIAUILINO E PINHEIRO LTDA / 38.421.812/0001-83</p><p>25351.106471/2022-95 / 7925142</p><p>733 - AFE - CONCESSÃO - FARMÁCIAS E DROGARIAS / 0698367227</p><p>--------------------------------------</p><p>RAIA DROGASIL S/A / 61.585.865/2966-89</p><p>25351.202942/2022-95 / 7925800</p><p>733 - AFE - CONCESSÃO - FARMÁCIAS E DROGARIAS / 4432295220</p><p>--------------------------------------</p><p>SANTANA EMBALAGENS LTDA / 21.023.461/0001-50</p><p>25351.212158/2022-95 / 3115802</p><p>740 - AFE - CONCESSÃO - SANEANTES DOMISSANITÁRIOS - DISTRIBUIDORA (SOMENTE MATRIZ) / 4449790227</p><p>--------------------------------------</p><p>BELLE FIORI COSMETICI LTDA / 41.627.078/0001-18</p><p>25351.142604/2022-97 / 4048600</p><p>721 - AFE - CONCESSÃO - COSMÉTICOS, PERFUMES E PRODUTOS PARA HIGIENE - INDÚSTRIA (SOMENTE MATRIZ) / 4338368225</p><p>--------------------------------------</p><p>PHARBOX DISTRIBUIDORA FARMACEUTICA DE MEDICAMENTOS LTDA / 20.820.379/0001-93</p><p>25351.237311/2022-97 / 4048826</p><p>723 - AFE - CONCESSÃO - COSMÉTICOS, PERFUMES E PRODUTOS DE HIGIENE - DISTRIBUIDORA (SOMENTE MATRIZ) / 4482550221</p><p>--------------------------------------</p><p>GOMES COMERCIO E DISTRIBUIDORA EIRELI - EPP / 03.513.118/0001-01</p><p>25351.295435/2022-97 / 1278978</p><p>702 - AFE - CONCESSÃO - MEDICAMENTOS E INSUMOS FARMACÊUTICOS - DISTRIBUIDORA (SOMENTE MATRIZ) / 4545757227</p><p>--------------------------------------</p><p>BRASIL FARMAON MEDICAMENTOS FARMACÊUTICOS LTDA / 40.254.918/0001-81</p><p>25351.291871/2022-97 / 1279041</p><p>702 - AFE - CONCESSÃO - MEDICAMENTOS E INSUMOS FARMACÊUTICOS - DISTRIBUIDORA (SOMENTE MATRIZ) / 4539237225</p><p>--------------------------------------</p><p>DANIEL AMORIM RIBEIRO 05269671611 / 43.661.280/0001-91</p><p>25351.299260/2022-97 / 8254451</p><p>856 - AFE - CONCESSÃO - PRODUTOS PARA SAÚDE - DISTRIBUIDORA / 4551986224</p><p>--------------------------------------</p><p>W. R. P. DE BRITO / 18.226.471/0001-88</p><p>25351.325506/2019-98 / 7925160</p><p>733 - AFE - CONCESSÃO - FARMÁCIAS E DROGARIAS / 0496795190</p><p>--------------------------------------</p><p>DROGARIA VIVA BEM DO DENDE LTDA / 46.887.678/0001-39</p><p>25351.265158/2022-98 / 7925372</p><p>733 - AFE - CONCESSÃO - FARMÁCIAS E DROGARIAS / 4507119225</p><p>--------------------------------------</p><p>WM IMPORTACAO E EXPORTACAO DE MATERIAL HOSPITALAR LTDA / 08.241.727/0001-72</p><p>25351.211813/2022-98 / 4048797</p><p>723 - AFE - CONCESSÃO - COSMÉTICOS, PERFUMES E PRODUTOS DE HIGIENE - DISTRIBUIDORA (SOMENTE MATRIZ) / 4449397223</p><p>--------------------------------------</p><p>OLIVEIRA PERES PRODUTOS ODONTOLOGICOS LTDA / 44.755.886/0001-59</p><p>25351.263880/2022-98 / 8253927</p><p>856 - AFE - CONCESSÃO - PRODUTOS PARA SAÚDE - DISTRIBUIDORA / 4505594220</p><p>--------------------------------------</p><p>ELFA MEDICAMENTOS S.A / 09.053.134/0018-93</p><p>25351.295499/2022-98 / 8254083</p><p>856 - AFE - CONCESSÃO - PRODUTOS PARA SAÚDE - DISTRIBUIDORA / 4545824226</p>]]></Texto>
  </body>
  <Midias />
</article></xml>