﻿<xml><article id="27701414" name="ADE7DECEX85" idOficio="7354532" pubName="DO1" artType="Ato Declaratório" pubDate="25/08/2022" artClass="00015:00045:00432:00099:00006:00000:00000:00000:00000:00000:00007:00000" artCategory="Ministério da Economia/Secretaria Especial da Receita Federal do Brasil/Subsecretaria-Geral da Receita Federal do Brasil/Superintendência Regional da 7ª Região Fiscal/DELEGACIA DA RECEITA FEDERAL DO BRASIL DE COMÉRCIO EXTERIOR NO RIO DE JANEIRO" artSize="12" artNotes="" numberPage="211" pdfPage="http://pesquisa.in.gov.br/imprensa/jsp/visualiza/index.jsp?data=25/08/2022&amp;jornal=515&amp;pagina=211" editionNumber="162" highlightType="" highlightPriority="" highlight="" highlightimage="" highlightimagename="" idMateria="14834972">
  <body>
    <Identifica><![CDATA[ ATO DECLARATÓRIO EXECUTIVO DECEX Nº 85, DE 23 DE AGOSTO DE 2022]]></Identifica>
    <Data><![CDATA[]]></Data>
    <Ementa><![CDATA[ Declara habilitada ao regime aduaneiro especial de utilização econômica destinado a bens a serem utilizados nas atividades de exploração, desenvolvimento e produção de petróleo e de gás natural (Repetro), na modalidade Repetro-Sped, a pessoa jurídica que menciona.]]></Ementa>
    <Titulo />
    <SubTitulo />
    <Texto><![CDATA[<p class="identifica">ATO DECLARATÓRIO EXECUTIVO DECEX Nº 85, DE 23 DE AGOSTO DE 2022</p><p class="ementa">Declara habilitada ao regime aduaneiro especial de utilização econômica destinado a bens a serem utilizados nas atividades de exploração, desenvolvimento e produção de petróleo e de gás natural (Repetro), na modalidade Repetro-Sped, a pessoa jurídica que menciona.</p><p>O DELEGADO DE FISCALIZAÇÃO DE COMÉRCIO EXTERIOR DA RECEITA FEDERAL DO BRASIL NO RIO DE JANEIRO- DECEX/RJO, no uso da competência prevista no art. 6º, caput, da Instrução Normativa RFB nº 1.781, de 29 de dezembro de 2017, declara:</p><p>Art. 1º Com base no dossiê de atendimento (DDA) nº 13113.238784/2022-35, fica habilitada ao regime aduaneiro especial de utilização econômica destinado a bens a serem utilizados nas atividades de exploração, desenvolvimento e produção de petróleo e de gás natural, Repetro - instituído pelo Decreto nº 3.161/99, com base no § único do artigo 79 da Lei nº 9.430/96 e regulamentado pelos artigos 458 a 462 do Decreto nº 6.759/09 - na modalidade Repetro-Sped, nos termos dos artigos 2º, incisos III e IV, 4º, § 1º, inciso II, alínea "a", 5º e 6º, caput e §§ 5º e 6º, da IN RFB nº 1.781/2017, a pessoa jurídica contratada para prestação de serviços BAKER HUGHES DO BRASIL LTDA, CNPJ (matriz) nº 42.087.254/0001-39 e as filiais de CNPJ nº 42.087.254/0002-10, 42.087.254/0006-43, 42.087.254/0007-24, 42.087.254/0014-53, 42.087.254/0015-34, 42.087.254/0018-87, 42.087.254/0020-00, 42.087.254/0021-82 e 42.087.254/0032-35, até 31/12/2040.</p><p>Art. 2º A operadora contratante, indicadora da pessoa jurídica habilitada, é Enauta Energia S.A., CNPJ nº 11.253.257/0001-71.</p><p>Art. 3º No caso de descumprimento do regime aplica-se o disposto no art. 311 do Decreto nº 6.759/09 e a multa prevista no art. 72, inciso I, da Lei nº 10.833/03, sem prejuízo de outras penalidades cabíveis.</p><p>Art. 4º Este Ato Declaratório Executivo entra em vigor na data de sua publicação no Diário Oficial da União.</p><p class="assina">MASTROIANI CESAR MACHADO DOS SANTOS</p>]]></Texto>
  </body>
  <Midias />
</article></xml>