﻿<xml><article id="27705204" name="Res_Desp_2.309_2022_SCG" idOficio="7355225" pubName="DO1" artType="Despacho" pubDate="25/08/2022" artClass="00023:00029:00029:00000:00000:00000:00000:00000:00000:00000:00024:00000" artCategory="Ministério de Minas e Energia/Agência Nacional de Energia Elétrica/Superintendência de Concessões e Autorizações de Geração" artSize="12" artNotes="" numberPage="258" pdfPage="http://pesquisa.in.gov.br/imprensa/jsp/visualiza/index.jsp?data=25/08/2022&amp;jornal=515&amp;pagina=258" editionNumber="162" highlightType="" highlightPriority="" highlight="" highlightimage="" highlightimagename="" idMateria="14836143">
  <body>
    <Identifica><![CDATA[ DESPACHO Nº 2.309, DE 22 DE AGOSTO DE 2022]]></Identifica>
    <Data><![CDATA[]]></Data>
    <Ementa />
    <Titulo />
    <SubTitulo />
    <Texto><![CDATA[<p class="identifica">DESPACHO Nº 2.309, DE 22 DE AGOSTO DE 2022</p><p>Processo nº: 48500.006738/2022-90. Interessado: KA Energia Ltda. Decisão: conferir o Registro para elaboração do EVTE da UHE JUI-008, cadastrada sob o CEG: UHE.PH.MT.046695-6.01, com potência instalada de 73.000 kW, localizada no rio Juína, no estado de Mato Grosso A íntegra deste Despacho consta dos autos estará disponível em biblioteca.aneel.gov.br.</p><p class="assina">CARLOS EDUARDO CABRAL CARVALHO</p><p class="cargo">Superintendente</p>]]></Texto>
  </body>
  <Midias />
</article></xml>