﻿<xml><article id="27709571" name="1. Despacho de homologaAAo do Pa" idOficio="7355945" pubName="DO1" artType="Despacho" pubDate="25/08/2022" artClass="00018:00001:00000:00000:00000:00000:00000:00000:00000:00000:00024:00005" artCategory="Ministério da Educação/Gabinete do Ministro" artSize="12" artNotes="" numberPage="218" pdfPage="http://pesquisa.in.gov.br/imprensa/jsp/visualiza/index.jsp?data=25/08/2022&amp;jornal=515&amp;pagina=218" editionNumber="162" highlightType="" highlightPriority="" highlight="" highlightimage="" highlightimagename="" idMateria="14837192">
  <body>
    <Identifica><![CDATA[ DESPACHO DE 24 DE AGOSTO DE 2022]]></Identifica>
    <Data><![CDATA[]]></Data>
    <Ementa />
    <Titulo />
    <SubTitulo />
    <Texto><![CDATA[<p class="identifica">DESPACHO DE 24 DE AGOSTO DE 2022</p><p>Nos termos do art. 2º da Lei nº 9.131, de 24 de novembro de 1995, homologo o Parecer CNE/CES nº 357/2020, da Câmara de Educação Superior do Conselho Nacional de Educação, que conheceu do recurso interposto para, no mérito, dar-lhe provimento, reformando a decisão expressa na Portaria nº 1.156, de 8 de novembro de 2017, da Secretaria de Regulação e Supervisão da Educação Superior - SERES, para autorizar o funcionamento do curso superior de Engenharia Mecânica, bacharelado, a ser oferecido pela Universidade Universus Veritas Guarulhos - Univeritas UNG, com sede na Praça Tereza Cristina, nº 88, Centro, no município de Guarulhos, no estado de São Paulo, mantida pela Sociedade Paulista de Ensino e Pesquisa S/S Ltda., com sede no município de São Paulo, no estado de São Paulo, com 240 (duzentas e quarenta) vagas totais anuais, conforme consta do Processo nº 23001.000948/2017-15.</p><p class="assina">VICTOR GODOY VEIGA</p><p class="cargo">Ministro</p>]]></Texto>
  </body>
  <Midias />
</article></xml>