﻿<xml><article id="27708806" name="Ato11808a11815" idOficio="7355862" pubName="DO1" artType="Ato" pubDate="25/08/2022" artClass="00012:00014:00016:00057:00000:00000:00000:00000:00000:00000:00006:00005" artCategory="Ministério das Comunicações/Agência Nacional de Telecomunicações/Superintendência de Outorga e Recursos à Prestação/Gerência de Outorga e Licenciamento de Estações" artSize="12" artNotes="" numberPage="27" pdfPage="http://pesquisa.in.gov.br/imprensa/jsp/visualiza/index.jsp?data=25/08/2022&amp;jornal=515&amp;pagina=27" editionNumber="162" highlightType="" highlightPriority="" highlight="" highlightimage="" highlightimagename="" idMateria="14837033">
  <body>
    <Identifica><![CDATA[ ATOS DE 18 DE AGOSTO DE 2022]]></Identifica>
    <Data><![CDATA[]]></Data>
    <Ementa />
    <Titulo />
    <SubTitulo />
    <Texto><![CDATA[<p class="identifica">ATOS DE 18 DE AGOSTO DE 2022</p><p>Nº 11.808 - Processo nº 53500.296602/2022-00.</p><p>Outorga Autorização de Uso de Radiofrequência à TELEVISAO CIDADE MODELO LTDA, CNPJ 03.862.216/0001-54, executante do Serviço de Retransmissão de Radiodifusão de Sons e Imagens, na localidade de Sant'Ana do Livramento/RS.</p><p>Nº 11.809 - Processo nº 53500.296841/2022-51.</p><p>Outorga Autorização de Uso de Radiofrequência à TELEVISAO CIDADE MODELO LTDA, CNPJ 03.862.216/0001-54, executante do Serviço de Retransmissão de Radiodifusão de Sons e Imagens, na localidade de Cruz Alta/RS.</p><p>Nº 11.810 - Processo nº 53500.304231/2022-39.</p><p>Outorga Autorização de Uso de Radiofrequência à SERRA GERAL SISTEMA DE COMUNICACAO LTDA, CNPJ 04.966.161/0001-95, executante do Serviço de Radiodifusão Sonora em Frequência Modulada, na localidade de Nova Porteirinha/MG.</p><p>Nº 11.811 - Processo nº 53500.296652/2022-89.</p><p>Outorga Autorização de Uso de Radiofrequência à TERRA FM COMUNICACOES LTDA, CNPJ 03.914.263/0001-02, executante do Serviço de Radiodifusão Sonora em Frequência Modulada, na localidade de Cidade Gaúcha/PR.</p><p>Nº 11.812 - Processo nº 53500.297661/2022-97.</p><p>Outorga Autorização de Uso de Radiofrequência à Fundacao Joao Paulo Ii, CNPJ 50.016.039/0001-75, executante do Serviço de Retransmissão de Radiodifusão de Sons e Imagens - Digital, na localidade de Três Marias/MG.</p><p>Nº 11.813 - Processo nº 53500.301117/2022-57.</p><p>Outorga Autorização de Uso de Radiofrequência à Radio Esperanca Prudentopolis Ltda, CNPJ 77.782.746/0001-29, executante do Serviço de Radiodifusão Sonora em Frequência Modulada, na localidade de Prudentópolis/PR.</p><p>Nº 11.814 - Processo nº 53500.304172/2022-07.</p><p>Outorga Autorização de Uso de Radiofrequência à RADIO CULTURA DE GUAIRA LTDA, CNPJ 48.340.814/0001-00, executante do Serviço de Radiodifusão Sonora em Frequência Modulada, na localidade de Guaíra/SP.</p><p>Nº 11.815 - Processo nº 53500.305216/2022-16.</p><p>Outorga Autorização de Uso de Radiofrequência à RADIO SERRANA FM LTDA, CNPJ 02.336.944/0001-60, executante do Serviço de Radiodifusão Sonora em Frequência Modulada, na localidade de Jacobina/BA.</p><p class="assina">Renato Sales Bizerra Aguiar</p><p class="cargo">Gerente</p>]]></Texto>
  </body>
  <Midias />
</article></xml>