﻿<xml><article id="27708623" name="PORTARIA SAP-MAPA NA 1.220 DE 23" idOficio="7355814" pubName="DO1" artType="Portaria" pubDate="25/08/2022" artClass="00007:00044:00000:00000:00000:00000:00000:00000:00000:00000:00054:01220" artCategory="Ministério da Agricultura, Pecuária e Abastecimento/Secretaria de Aquicultura e Pesca" artSize="12" artNotes="" numberPage="17" pdfPage="http://pesquisa.in.gov.br/imprensa/jsp/visualiza/index.jsp?data=25/08/2022&amp;jornal=515&amp;pagina=17" editionNumber="162" highlightType="" highlightPriority="" highlight="" highlightimage="" highlightimagename="" idMateria="14837021">
  <body>
    <Identifica><![CDATA[ PORTARIA SAP/MAPA Nº 1.220, DE 23 DE AGOSTO DE 2022]]></Identifica>
    <Data><![CDATA[]]></Data>
    <Ementa><![CDATA[ Cancelar a Autorização de Pesca Especial Temporária da Embarcação de Pesca VIDA NOVA I, inscrita no Sistema Informatizado do Registro Geral da Atividade Pesqueira sob o nº SC-0022693-8.]]></Ementa>
    <Titulo />
    <SubTitulo />
    <Texto><![CDATA[<p class="identifica">PORTARIA SAP/MAPA Nº 1.220, DE 23 DE AGOSTO DE 2022</p><p class="ementa">Cancelar a Autorização de Pesca Especial Temporária da Embarcação de Pesca VIDA NOVA I, inscrita no Sistema Informatizado do Registro Geral da Atividade Pesqueira sob o nº SC-0022693-8.</p><p>A SECRETÁRIA DE AQUICULTURA E PESCA SUBSTITUTA DO MINISTÉRIO DA AGRICULTURA, PECUÁRIA E ABASTECIMENTO, no uso das atribuições que lhe confere o art. 32 do Anexo I ao Decreto nº 10.827, de 30 de setembro de 2021, Portaria nº 20, de 14 de janeiro de 2020 do Ministério da Agricultura, Pecuária e Abastecimento e considerando a Portaria nº 611, de 28 de fevereiro de 2022 da Secretaria de Aquicultura e Pesca do Ministério da Agricultura, Pecuária e Abastecimento e o que consta do Processo nº 21000.043903/2022-79, resolve:</p><p>Art. 1º Cancelar com base no art. 17 da Portaria nº 611, de 28 de fevereiro de 2022 da Secretaria de Aquicultura e Pesca do Ministério de Agricultura, Pecuária e Abastecimento, a Autorização de Pesca Especial Temporária da embarcação de pesca VIDA NOVA I, de propriedade de Arnaldo Almiro dos Santos, inscrita no Sistema Informatizado do Registro Geral da Atividade Pesqueira sob o nº SC-0022693-8 e na Autoridade Marítima sob o Título de Inscrição de Embarcação sob o nº 441-016719-7, portadora da Autorização de Pesca Especial Temporária para a captura da Tainha (Mugil liza), para a modalidade de pesca de emalhe anilhado, na temporada de pesca do ano de 2022.</p><p>Art. 2º Esta Portaria entra em vigor na data de sua publicação.</p><p class="assina">ANDREIA LINS RIBAS</p><p></p>]]></Texto>
  </body>
  <Midias />
</article></xml>