﻿<xml><article id="27693126" name="PIN 1003202209" idOficio="7353076" pubName="DO1" artType="Pauta" pubDate="25/08/2022" artClass="00015:00026:00001:00003:00000:00000:00000:00000:00000:00000:00053:00000" artCategory="Ministério da Economia/Conselho Administrativo de Recursos Fiscais/1ª Seção/3ª Turma Extraordinária" artSize="12" artNotes="" numberPage="205" pdfPage="http://pesquisa.in.gov.br/imprensa/jsp/visualiza/index.jsp?data=25/08/2022&amp;jornal=515&amp;pagina=205" editionNumber="162" highlightType="" highlightPriority="" highlight="" highlightimage="" highlightimagename="" idMateria="14833272">
  <body>
    <Identifica><![CDATA[ PAUTA DE JULGAMENTOS]]></Identifica>
    <Data><![CDATA[]]></Data>
    <Ementa />
    <Titulo />
    <SubTitulo />
    <Texto><![CDATA[<p class="identifica">PAUTA DE JULGAMENTOS</p><p>Pauta Ordinária de julgamento dos recursos das Sessões não presenciais virtuais a serem realizadas nas datas a seguir mencionadas.</p><p>OBSERVAÇÕES:</p><p>1 - Solicitação de sustentação oral está condicionada a requerimento prévio em até 5 (cinco) dias da publicação da pauta.</p><p>2 - É facultativo o envio de memoriais, através de formulário eletrônico disponibilizado no sítio do CARF, em até 5 (cinco) dias da publicação da pauta.</p><p>3 - Não serão admitidos pedidos, pelas partes, de alteração da ordem de julgamento ou de retirada de processos em pauta de sessão não presencial virtual. (Redação dada pela Portaria MF nº 329, de 2017)</p><p>DIA 13 de Setembro de 2022, ÀS 09:00 HORAS</p><p>Relator(a): GUSTAVO DE OLIVEIRA MACHADO</p><p>1 - Processo nº: 10935.901633/2012-91 - Recorrente: FIPAL DISTRIBUIDORA DE VEICULOS LTDA e Interessado: FAZENDA NACIONAL</p><p>2 - Processo nº: 10467.900523/2013-57 - Recorrente: ES ATACADO LTDA e Interessado: FAZENDA NACIONAL</p><p>3 - Processo nº: 10320.900203/2015-23 - Recorrente: COMPANHIA ENERG TICA DO MARANH O-CEMAR e Interessado: FAZENDA NACIONAL</p><p>4 - Processo nº: 10320.900205/2015-12 - Recorrente: EQUATORIAL MARANHAO DISTRIBUIDORA DE ENERGIA S.A e Interessado: FAZENDA NACIONAL</p><p>Relator(a): CARMEN FERREIRA SARAIVA</p><p>5 - Processo nº: 13558.002428/2008-06 - Recorrente: CONDOMINIO EDIFICIO LOPES CABRAL e Interessado: FAZENDA NACIONAL</p><p>6 - Processo nº: 11080.900899/2011-05 - Recorrente: DISTRIBUIDORA MERIDIONAL DE MOTORES CUMMINS S/A e Interessado: FAZENDA NACIONAL</p><p>7 - Processo nº: 15374.920679/2008-40 - Recorrente: ELETRO FORMA LTDA e Interessado: FAZENDA NACIONAL</p><p>8 - Processo nº: 10880.982835/2011-28 - Recorrente: BASF SA e Interessado: FAZENDA NACIONAL</p><p>9 - Processo nº: 10880.692583/2009-23 - Recorrente: FORT KNOX SISTEMAS DE SEGURANCA S/S LTDA e Interessado: FAZENDA NACIONAL</p><p>10 - Processo nº: 10805.901043/2011-63 - Recorrente: COMPANHIA BRASILEIRA DE CARTUCHOS e Interessado: FAZENDA NACIONAL</p><p>11 - Processo nº: 10880.923506/2014-98 - Recorrente: FORT KNOX SISTEMAS DE SEGURANCA S/S LTDA e Interessado: FAZENDA NACIONAL</p><p>12 - Processo nº: 10880.669006/2011-52 - Recorrente: FORT KNOX SISTEMAS DE SEGURANCA S/S LTDA e Interessado: FAZENDA NACIONAL</p><p>13 - Processo nº: 10880.903202/2011-61 - Recorrente: FORT KNOX SISTEMAS DE SEGURANCA S/S LTDA e Interessado: FAZENDA NACIONAL</p><p>DIA 13 de Setembro de 2022, ÀS 14:00 HORAS</p><p>Relator(a): CARMEN FERREIRA SARAIVA</p><p>14 - Processo nº: 11080.911844/2011-12 - Recorrente: TAURUS ARMAS S.A. e Interessado: FAZENDA NACIONAL</p><p>15 - Processo nº: 11080.901615/2011-90 - Recorrente: DISTRIBUIDORA MERIDIONAL DE MOTORES CUMMINS S/A e Interessado: FAZENDA NACIONAL</p><p>16 - Processo nº: 10435.900693/2013-17 - Embargante: TITULAR DE UNIDADE RFB e Interessado: GRANVILLE &amp; BAZAN LTDA e FAZENDA NACIONAL</p><p>17 - Processo nº: 15374.987244/2009-66 - Recorrente: UNIPAR CARBOCLORO S.A. e Interessado: FAZENDA NACIONAL</p><p>18 - Processo nº: 11065.916817/2009-18 - Recorrente: UNIDASUL DISTRIBUIDORA ALIMENTICIA S/A e Interessado: FAZENDA NACIONAL</p><p>19 - Processo nº: 13896.910921/2009-33 - Recorrente: S T B STUDENT TRAVEL BUREAU -VIAGENS E TURISMO LTDA e Interessado: FAZENDA NACIONAL</p><p>20 - Processo nº: 10845.900910/2013-39 - Recorrente: PERALTA INVESTIMENTOS E PARTICIPACOES EMPRESARIAIS LTDA. e Interessado: FAZENDA NACIONAL</p><p>21 - Processo nº: 13558.002427/2008-53 - Recorrente: CONDOMINIO EDIFICIO LOPES CABRAL e Interessado: FAZENDA NACIONAL</p><p>22 - Processo nº: 10805.721258/2011-01 - Recorrente: COMPANHIA BRASILEIRA DE CARTUCHOS e Interessado: FAZENDA NACIONAL</p><p>23 - Processo nº: 10880.692584/2009-78 - Recorrente: FORT KNOX SISTEMAS DE SEGURANCA S/S LTDA e Interessado: FAZENDA NACIONAL</p><p>24 - Processo nº: 11080.900898/2011-52 - Recorrente: DISTRIBUIDORA MERIDIONAL DE MOTORES CUMMINS S/A e Interessado: FAZENDA NACIONAL</p><p>DIA 14 de Setembro de 2022, ÀS 09:00 HORAS</p><p>Relator(a): MAURITANIA ELVIRA DE SOUSA MENDONCA</p><p>25 - Processo nº: 10530.002990/2008-41 - Recorrente: SUPERMERCADO ISAMAR LTDA e Interessado: FAZENDA NACIONAL</p><p>26 - Processo nº: 10530.002878/2008-19 - Recorrente: SUPERMERCADO ISAMAR LTDA e Interessado: FAZENDA NACIONAL</p><p>27 - Processo nº: 10865.721050/2013-31 - Recorrente: MEDICAL MEDICINA ASSISTENCIAL S/A. e Interessado: FAZENDA NACIONAL</p><p>28 - Processo nº: 10480.900032/2008-71 - Recorrente: RODOBENS VEICULOS COMERCIAIS RECIFE LTDA e Interessado: FAZENDA NACIONAL</p><p>29 - Processo nº: 16327.903240/2008-81 - Recorrente: BANCO INDUSCRED DE INVESTIMENTO S/A e Interessado: FAZENDA NACIONAL</p><p>30 - Processo nº: 10384.901358/2011-17 - Recorrente: ORTOCLINICA ORTOPEDIA E TRAUMATOLOGIA S/C e Interessado: FAZENDA NACIONAL</p><p>31 - Processo nº: 13807.008524/2004-47 - Recorrente: F DA SILVA ARAUJO ADEGA e Interessado: FAZENDA NACIONAL</p><p>32 - Processo nº: 13118.000212/2006-15 - Recorrente: ISMENIA GUIMARAES CELESTINO DE SOUSA e Interessado: FAZENDA NACIONAL</p><p>33 - Processo nº: 11020.901589/2014-57 - Recorrente: LOJAS COLOMBO SA COMERCIO DE UTILIDADES DOMESTICAS e Interessado: FAZENDA NACIONAL</p><p>DIA 14 de Setembro de 2022, ÀS 14:00 HORAS</p><p>Relator(a): MAURITANIA ELVIRA DE SOUSA MENDONCA</p><p>34 - Processo nº: 13411.900300/2009-47 - Recorrente: MAVEL - MAQUINAS E VEICULOS LTDA. e Interessado: FAZENDA NACIONAL</p><p>35 - Processo nº: 10930.900060/2008-42 - Recorrente: MOINHO GLOBO ALIMENTOS S/A e Interessado: FAZENDA NACIONAL</p><p>36 - Processo nº: 10830.904059/2011-11 - Recorrente: OCC - ONCOLOGIA CLINICA DE CAMPINAS SOCIEDADE EMPRESARIA LTDA e Interessado: FAZENDA NACIONAL</p><p>37 - Processo nº: 16327.907046/2008-74 - Recorrente: BANCO INDUSCRED DE INVESTIMENTO S/A e Interessado: FAZENDA NACIONAL</p><p>38 - Processo nº: 10384.901359/2011-53 - Recorrente: ORTOCLINICA ORTOPEDIA E TRAUMATOLOGIA S/C e Interessado: FAZENDA NACIONAL</p><p>39 - Processo nº: 10580.912248/2011-56 - Embargante: TITULAR DE UNIDADE RFB e Interessado: MEDGATE PATRIMONIAL LTDA e FAZENDA NACIONAL</p><p>40 - Processo nº: 10665.905731/2011-44 - Recorrente: POSTO PONTO ALTO LTDA e Interessado: FAZENDA NACIONAL</p><p>41 - Processo nº: 10680.910137/2013-49 - Recorrente: RADIO ITATIAIA LIMITADA e Interessado: FAZENDA NACIONAL</p><p>42 - Processo nº: 11610.721652/2013-42 - Recorrente: STEK VIDEO ELETRONICA LTDA e Interessado: FAZENDA NACIONAL</p><p>43 - Processo nº: 13508.000023/2003-14 - Recorrente: SUPERMERCADO ISAMAR LTDA e Interessado: FAZENDA NACIONAL</p><p>DIA 15 de Setembro de 2022, ÀS 09:00 HORAS</p><p>Relator(a): MARCIO AVITO RIBEIRO FARIA</p><p>44 - Processo nº: 10735.902271/2008-26 - Recorrente: AGRISTAR DO BRASIL LTDA e Interessado: FAZENDA NACIONAL</p><p>45 - Processo nº: 10073.721587/2016-60 - Recorrente: F S DA CUNHA LOCACAO DE EQUIPAMENTOS e Interessado: FAZENDA NACIONAL</p><p>46 - Processo nº: 10925.722671/2019-75 - Recorrente: VANDERLEI ANTONIO TIBOLLA e Interessado: FAZENDA NACIONAL</p><p>47 - Processo nº: 16592.721603/2018-01 - Recorrente: VRB PRODUCOES LTDA e Interessado: FAZENDA NACIONAL</p><p>48 - Processo nº: 10425.721268/2019-60 - Recorrente: RESTAURANTE YOI LTDA e Interessado: FAZENDA NACIONAL</p><p>49 - Processo nº: 18186.726906/2018-20 - Recorrente: SERVICENTER SERVICOS DE LOGISTICA E COMERCIO LTDA e Interessado: FAZENDA NACIONAL</p><p>50 - Processo nº: 15553.720207/2019-33 - Recorrente: SELECT SERVICE LTDA e Interessado: FAZENDA NACIONAL</p><p>51 - Processo nº: 10875.720460/2019-31 - Recorrente: RS SOLUCOES TECNICAS EM VENDAS LTDA e Interessado: FAZENDA NACIONAL</p><p>52 - Processo nº: 10880.963984/2009-73 - Recorrente: DELOITTE TOUCHE TOHMATSU CONSULTORES LTDA. e Interessado: FAZENDA NACIONAL</p><p>DIA 15 de Setembro de 2022, ÀS 14:00 HORAS</p><p>Relator(a): MARCIO AVITO RIBEIRO FARIA</p><p>53 - Processo nº: 10880.955215/2010-35 - Recorrente: CONSTRUTORA GOMES LOURENCO LTDA e Interessado: FAZENDA NACIONAL</p><p>54 - Processo nº: 10880.940998/2010-52 - Recorrente: CONSTRUTORA GOMES LOURENCO LTDA e Interessado: FAZENDA NACIONAL</p><p>55 - Processo nº: 10880.940995/2010-19 - Recorrente: CONSTRUTORA GOMES LOURENCO LTDA e Interessado: FAZENDA NACIONAL</p><p>56 - Processo nº: 10880.955211/2010-57 - Recorrente: CONSTRUTORA GOMES LOURENCO LTDA e Interessado: FAZENDA NACIONAL</p><p>57 - Processo nº: 10880.955213/2010-46 - Recorrente: CONSTRUTORA GOMES LOURENCO LTDA e Interessado: FAZENDA NACIONAL</p><p>58 - Processo nº: 10880.909309/2015-47 - Recorrente: CONSTRUTORA GOMES LOURENCO LTDA e Interessado: FAZENDA NACIONAL</p><p>59 - Processo nº: 10880.955212/2010-00 - Recorrente: CONSTRUTORA GOMES LOURENCO LTDA e Interessado: FAZENDA NACIONAL</p><p>60 - Processo nº: 10880.909308/2015-01 - Recorrente: CONSTRUTORA GOMES LOURENCO LTDA e Interessado: FAZENDA NACIONAL</p><p>61 - Processo nº: 10880.940996/2010-63 - Recorrente: CONSTRUTORA GOMES LOURENCO LTDA e Interessado: FAZENDA NACIONAL</p><p>62 - Processo nº: 10880.902967/2015-16 - Recorrente: ARTHUR LUNDGREN TECIDOS S A CASAS PERNAMBUCANAS e Interessado: FAZENDA NACIONAL</p><p class="assina">Weslei José Rodrigues</p><p class="cargo">Chefe do Serviço de Preparo do Julgamento</p><p class="assina">Carmen Ferreira Saraiva</p><p class="cargo">Presidente da 3ª Turma Extraordinária da 1ª Seção do CARF</p>]]></Texto>
  </body>
  <Midias />
</article></xml>