﻿<xml><article id="27708398" name="DOU - Bangladesh - IRBr" idOficio="7355799" pubName="DO1" artType="Ato" pubDate="25/08/2022" artClass="00025:00270:00015:00004:00001:00000:00000:00000:00000:00000:00006:00000" artCategory="Ministério das Relações Exteriores/Secretaria-Geral das Relações Exteriores/Secretaria de Assuntos Consulares, Cooperação e Cultura/Departamento de Imigração e Cooperação Jurídica/Divisão de Atos Internacionais" artSize="12" artNotes="" numberPage="262" pdfPage="http://pesquisa.in.gov.br/imprensa/jsp/visualiza/index.jsp?data=25/08/2022&amp;jornal=515&amp;pagina=262" editionNumber="162" highlightType="" highlightPriority="" highlight="" highlightimage="" highlightimagename="" idMateria="14836943">
  <body>
    <Identifica><![CDATA[   MEMORANDO DE ENTENDIMENTO ENTRE O INSTITUTO RIO BRANCO DO MINISTÉRIO DAS RELAÇÕES EXTERIORES DA REPÚBLICA FEDERATIVA DO BRASIL E A ACADEMIA ]]></Identifica>
    <Data><![CDATA[]]></Data>
    <Ementa />
    <Titulo />
    <SubTitulo />
    <Texto><![CDATA[<p class="identifica">MEMORANDO DE ENTENDIMENTO ENTRE O INSTITUTO RIO BRANCO DO MINISTÉRIO DAS RELAÇÕES EXTERIORES DA REPÚBLICA FEDERATIVA DO BRASIL E A ACADEMIA</p><p class="identifica">DO SERVIÇO EXTERIOR DO MINISTÉRIO DAS RELAÇÕES EXTERIORES DA REPÚBLICA</p><p class="identifica">POPULAR DO BANGLADESH PARA A COOPERAÇÃO MÚTUA NO TREINAMENTO DE DIPLOMATAS</p><p>O Instituto Rio Branco</p><p>do Ministério das Relações Exteriores da República Federativa do Brasil</p><p>e</p><p>a Academia do Serviço Exterior</p><p>do Ministério das Relações Exteriores da República Popular do Bangladesh</p><p>(doravante denominados "Partícipes"),</p><p><em>Reconhecendo</em>o espírito de cooperação que existe entre Brasil e Bangladesh, e</p><p><em>Desejando</em>promover colaboração mais estreita na formação de diplomatas;</p><p>ALCANÇARAM O SEGUINTE ENTENDIMENTO:</p><p></p><p>1. Os Partícipes cooperarão no intercâmbio de informações e experiências relativas a seus respectivos programas de estudo e pesquisa, cursos, seminários e outras atividades acadêmicas, educacionais e de treinamento.</p><p>2. Os Partícipes promoverão o contato e o intercâmbio de professores, diplomatas em formação, estudantes, professores, especialistas e pesquisadores.</p><p>3. Os Partícipes encorajarão o intercâmbio de informações sobre publicações nacionais e internacionais, especialmente em áreas de interesse mútuo.</p><p>4. Os Partícipes trocarão informações e opiniões relacionadas às tendências e avanços internacionais em treinamento, estudo e pesquisa em diplomacia, bem como ferramentas relacionadas ao e-learning.</p><p>5. Os Partícipes poderão explorar outras formas de cooperação no âmbito dos objetivos deste Memorando de Entendimento.</p><p>6. Os Partícipes decidirão, pelos canais diplomáticos pertinentes, as especificidades e a logística de cada projeto que empreenderem em conjunto. Visando a essa finalidade, se necessário, serão celebrados protocolos que estabeleçam termos e condições específicos.</p><p>7. Os custos financeiros das atividades no âmbito deste Memorando de Entendimento serão mutuamente determinados e acordados entre Os Partícipes.</p><p>8. Este Memorando de Entendimento terá efeitos na data de sua assinatura e terá vigência de três (3) anos. Após esse prazo, sua vigência será automaticamente estendida por períodos iguais de três (3) anos, a não ser que terminado por um dos Partícipes.</p><p>9. Qualquer um dos Partícipes pode rescindir este Memorando de Entendimento, notificando sua intenção de rescindi-lo, com antecedência de no mínimo noventa (90) dias antes do término do original ou qualquer período renovado de três (3) anos. As atividades realizadas durante a vigência deste Memorando de Entendimento continuarão a ser regidas por suas disposições até sua conclusão, a menos que os Partícipes acordem de outra forma.</p><p>10. Este Memorando de Entendimento poderá ser modificado a qualquer momento, por consentimento mútuo dos Partícipes, por via diplomática.</p><p>11. Este Memorando de Entendimento não criará quaisquer obrigações aos Partícipes e suas atividades devem ser implementadas de acordo com as leis, regulamentos e regras aplicáveis de cada Partícipe.</p><p>12. Quaisquer divergências relacionadas à interpretação deste Memorando de Entendimento serão resolvidas amigavelmente pelos Partícipes por via diplomática.</p><p>Feito em Brasília, em 18 de julho de 2022, em dois exemplares originais, nos idiomas português e inglês, sendo ambos igualmente autênticos. Em caso de divergência, o texto em inglês prevalecerá.</p><p>PELO INSTITUTO RIO BRANCO DO MINISTÉRIO DAS RELAÇÕES EXTERIORES DA REPÚBLICA FEDERATIVA DO BRASIL</p><p class="assina">GLIVÂNIA MARIA DE OLIVEIRA</p><p class="cargo">Diretora-Geral do Instituto Rio Branco</p><p>PELA ACADEMIA DO SERVIÇO EXTERIOR DO MINISTÉRIO DAS RELAÇÕES EXTERIORES DA REPÚBLICA POPULAR DO BANGLADESH</p><p class="assina">SADIA FAIZUNNESA</p><p class="cargo">Embaixadora do Bangladesh No Brasil</p>]]></Texto>
  </body>
  <Midias />
</article></xml>