﻿<xml><article id="27705998" name="489 - Portaria de Prorrogacao - " idOficio="7355366" pubName="DO1" artType="Portaria" pubDate="25/08/2022" artClass="00028:00012:00028:00000:00000:00000:00000:00000:00000:00000:00054:00002" artCategory="Ministério do Turismo/Secretaria Especial de Cultura/Secretaria Nacional de Fomento e Incentivo à Cultura" artSize="12" artNotes="" numberPage="286" pdfPage="http://pesquisa.in.gov.br/imprensa/jsp/visualiza/index.jsp?data=25/08/2022&amp;jornal=515&amp;pagina=286" editionNumber="162" highlightType="" highlightPriority="" highlight="" highlightimage="" highlightimagename="" idMateria="14836296">
  <body>
    <Identifica><![CDATA[ PORTARIA Nº 489, DE 24 DE AGOSTO DE 2022]]></Identifica>
    <Data><![CDATA[]]></Data>
    <Ementa />
    <Titulo />
    <SubTitulo />
    <Texto><![CDATA[<p class="identifica">PORTARIA Nº 489, DE 24 DE AGOSTO DE 2022</p><p>O SECRETÁRIO NACIONAL DE FOMENTO E INCENTIVO À CULTURA, no uso das atribuições legais, que lhe confere a Portaria nº 303, de 31 de março de 2022 e a Portaria SECULT/MTUR n. 41, de 4 de outubro de 2021, resolve:</p><p>Art. 1.º - Homologar a prorrogação do prazo de captação de recursos do(s) projeto(s) cultural(is), relacionado(s) no(s) anexo(s) desta Portaria, para o(s) qual(is) o(s) proponente(s) fica(m) autorizado(s) a captar recursos, mediante doações ou patrocínios, na forma prevista no § 1º do Artigo 18 e no Artigo 26 da Lei n.º 8.313, de 23 de dezembro de 1991, alterada pela Lei nº 9.874, de 23 de novembro de 1999.</p><p>Art. 2.º - Esta portaria entra em vigor na data de sua publicação.</p><p class="assina">LUCAS JORDÃO CUNHA</p><p>ANEXO</p><p>ÁREA: 1 ARTES CÊNICAS (Artigo 18 , § 1º )</p><p>210389 - Os Cadernos de Helena - O Teatro e a Pedagogia de Helena Antipoff</p><p>GRUPO TEATRO ATRAS DO PANO</p><p>CNPJ/CPF: 21.700.513/0001-85</p><p>Cidade: Nova Lima - MG;</p><p>Prazo de Captação: 01/01/2022 à 31/12/2022</p><p>ÁREA: 4 ARTES VISUAIS (Artigo 18 , § 1º )</p><p>202806 - EVOLUÇÃO</p><p>RAQUEL MARGARIDA DA SILVA PRODUCOES ARTISTICAS</p><p>CNPJ/CPF: 14.582.715/0001-04</p><p>Cidade: São Paulo - SP;</p><p>Prazo de Captação: 01/01/2022 à 31/12/2022</p><p>204519 - Rios Des.Cobertos - As Águas do Lago Guaíba</p><p>VERMELHO FILMES PRODUÇOES LTDA.</p><p>CNPJ/CPF: 06.866.682/0001-04</p><p>Cidade: São Paulo - SP;</p><p>Prazo de Captação: 01/03/2022 à 31/12/2022</p><p>ÁREA: 6 HUMANIDADES (Artigo 18 , § 1º )</p><p>203864 - Livro - Fazenda Santa Sophia</p><p>Emegê Produções Artísticas S/S Ltda</p><p>CNPJ/CPF: 07.007.705/0001-80</p><p>Cidade: São Paulo - SP;</p><p>Prazo de Captação: 30/09/2021 à 31/12/2021</p>]]></Texto>
  </body>
  <Midias />
</article></xml>