﻿<xml><article id="27708986" name="ResoluAAo CNIG MJSP n.47 - com p" idOficio="7355690" pubName="DO1" artType="Resolução" pubDate="25/08/2022" artClass="00020:00032:00008:00000:00000:00000:00000:00000:00000:00000:00064:00000" artCategory="Ministério da Justiça e Segurança Pública/Secretaria Nacional de Justiça/Gabinete" artSize="12" artNotes="" numberPage="257" pdfPage="http://pesquisa.in.gov.br/imprensa/jsp/visualiza/index.jsp?data=25/08/2022&amp;jornal=515&amp;pagina=257" editionNumber="162" highlightType="" highlightPriority="" highlight="" highlightimage="" highlightimagename="" idMateria="14836807">
  <body>
    <Identifica />
    <Data><![CDATA[]]></Data>
    <Ementa />
    <Titulo />
    <SubTitulo />
    <Texto><![CDATA[<p>ANEXO V</p><p>FORMULÁRIO DE REQUERIMENTO DE RENOVAÇÃO DO PRAZO DE RESIDÊNCIA</p><p>REQUERIMENTO, COM FUNDAMENTO LEGAL:</p><p /><p></p><table><tr /><tr><td rowspan="1" colspan="2"><p>1. Resolução do CNIg</p></td></tr><tr><td rowspan="1" colspan="1"><p>2. Tipo de atuação</p><p>( ) Atleta Profissional</p><p>( ) Demais profissionais que exerçam atividades desportivas</p><p></p></td><td rowspan="1" colspan="1"><p>3. Prazo</p><p></p></td></tr></table><p>DO SOLICITANTE:</p><p /><p></p><table><tr /><tr><td rowspan="1" colspan="5"><p>4. Requerente</p></td></tr><tr><td rowspan="1" colspan="4"><p>5. Endereço</p></td><td rowspan="1" colspan="1"><p>6. Cidade</p></td></tr><tr><td rowspan="1" colspan="1"><p>7. UF</p></td><td rowspan="1" colspan="1"><p>8. CEP</p></td><td rowspan="1" colspan="1"><p>9. Telefone</p></td><td rowspan="1" colspan="1"><p>10. Correio eletrônico</p></td><td rowspan="1" colspan="1"><p>11. CNPJ/CPF</p></td></tr></table><p>DADOS ESPECÍFICOS DA EMPRESA:</p><p /><p></p><table><tr /><tr><td rowspan="1" colspan="2"><p>12. Objeto Social (resumo):</p></td></tr><tr><td rowspan="1" colspan="1"><p>13. Data da constituição:</p></td><td rowspan="1" colspan="1"><p>14. Data da última alteração contratual:</p></td></tr><tr><td rowspan="1" colspan="2"><p>15. Pessoa(s) jurídica(s) estrangeira(s) associada(s): (Se couber)</p></td></tr><tr><td rowspan="1" colspan="2"><p>16. Relação das principais associadas, quando se tratar de Sociedade Anônima: (Se couber)</p></td></tr><tr><td rowspan="1" colspan="2"><p>17. Valor do investimento de capital estrangeiro: (Se couber)</p></td></tr><tr><td rowspan="1" colspan="2"><p>18. Data do último investimento: (Se couber)</p></td></tr><tr><td rowspan="1" colspan="2"><p>19. Data de registro no Banco Central do Brasil: (Se couber)</p></td></tr><tr><td rowspan="1" colspan="2"><p>20. Administrador (es) - Nome e cargo:</p></td></tr><tr><td rowspan="1" colspan="2"><p>21. Número atual de empregados:</p></td></tr><tr><td rowspan="1" colspan="1"><p>21.1. Quantidade de brasileiros:</p></td><td rowspan="1" colspan="1"><p>21.2 Quantidade de imigrantes:</p></td></tr></table><p>DO IMIGRANTE:</p><p /><p></p><table><tr /><tr><td rowspan="1" colspan="9"><p>22. Nome</p></td></tr><tr><td rowspan="1" colspan="6"><p>23. Filiação</p><p>Pai:</p><p>Mãe:</p></td><td rowspan="1" colspan="3"><p>24. Correio eletrônico</p></td></tr><tr><td rowspan="1" colspan="1"><p>25. Sexo</p></td><td rowspan="1" colspan="2"><p>26. Estado civil</p></td><td rowspan="1" colspan="4"><p>27. Data de nascimento</p></td><td rowspan="1" colspan="1"><p>28. Escolaridade</p></td><td rowspan="1" colspan="1"><p>29. Profissão</p></td></tr><tr><td rowspan="1" colspan="2"><p>30. Nacionalidade</p></td><td rowspan="1" colspan="7"><p>31. Nº do Documento de viagem e Validade</p></td></tr><tr><td rowspan="1" colspan="4"><p>32. Função no Brasil</p></td><td rowspan="1" colspan="5"><p>33. Local de trabalho</p></td></tr><tr><td rowspan="1" colspan="5"><p>34. Informar o valor da última remuneração recebida no exterior na moeda nacional brasileira, ou seja, em reais R$: (Se couber)</p></td><td rowspan="1" colspan="4"><p>35. Informar a remuneração que o imigrante irá perceber no País em reais R$:</p></td></tr><tr><td rowspan="1" colspan="9"><p>36. Experiência profissional: relação das empresas nas quais foi empregado, funções exercidas com a respectiva duração, local e data, por ordem cronológica, discriminando as atividades compatíveis com as que o candidato desempenhará no Brasil.</p></td></tr></table><p>DA JUSTIFICATIVA:</p><p /><p></p><table><tr /><tr><td rowspan="1" colspan="1"><p>37. Justificativa da permanência do imigrante no País:</p><p></p><p></p><p></p></td></tr></table><p>DECLARAÇÃO GERAL DE RESPONSABILIDADE:</p><p>38. (RAZÃO/DENOMINAÇÃO SOCIAL e CNPJ DA ENTIDADE REQUERENTE), representada por (NOME E CPF DA PESSOA QUE ESTÁ ASSINANDO ESSE TERMO), DECLARA, sob as penas da Lei, em relação ao(s) imigrante(s) indicado(s) neste requerimento durante a sua permanência em Território Nacional, que:</p><p>1. Caso o(s) imigrante(s) continue(m) a perceber remuneração no exterior, comprometo-me a oferecer a tributação no Brasil, conforme determina a Secretaria da Receita Federal.</p><p>2. Informa que o imigrante exercerá suas funções no(s) endereço(s) abaixo relacionado(s), comprometendo-se a informar à Coordenação-Geral de Imigração de Laboral qualquer outro endereço onde o imigrante vier a atuar:</p><p>2. 1. (ENDEREÇO COMPLETO);</p><p>2. 2. (ENDEREÇO COMPLETO);</p><p>DO REPRESENTENTE LEGAL:</p><p /><p></p><table><tr /><tr><td rowspan="1" colspan="2"><p>39. Nome</p></td></tr><tr><td rowspan="1" colspan="1"><p>40. CPF / CNPJ</p></td><td rowspan="1" colspan="1"><p>41. Correio eletrônico</p></td></tr></table><p>TERMO DE RESPONSABILIDADE:</p><p>42. Declaro, sob as penas do art. 299 do Código Penal Brasileiro, serem verdadeiras as informações transcritas neste documento, comprometendo-me, inclusive, a comprová-las, mediante a apresentação dos documentos próprios à fiscalização.</p><p>(LOCAL E DATA)</p><p>Assinatura do representante legal da pessoa jurídica responsável pela chamada do imigrante, discriminando-se o nome completo, qualificação, CPF, função e o carimbo da entidade.</p><p>ANEXO VI</p><p>FORMULÁRIO DE REQUERIMENTO DE ALTERAÇÃO DO PRAZO DE RESIDÊNCIA PARA PRAZO INDETERMINADO</p><p>REQUERIMENTO, COM FUNDAMENTO LEGAL:</p><p /><p></p><table><tr /><tr><td rowspan="1" colspan="2"><p>1. Resolução do CNIg</p></td></tr><tr><td rowspan="1" colspan="1"><p>2. Tipo de atuação</p><p>( ) Atleta Profissional</p><p>( ) Demais profissionais que exerçam atividades desportivas</p><p></p></td><td rowspan="1" colspan="1"><p>3. Prazo</p><p></p></td></tr></table><p>DO SOLICITANTE:</p><p /><p></p><table><tr /><tr><td rowspan="1" colspan="5"><p>4. Requerente</p></td></tr><tr><td rowspan="1" colspan="4"><p>5. Endereço</p></td><td rowspan="1" colspan="1"><p>6. Cidade</p></td></tr><tr><td rowspan="1" colspan="1"><p>7. UF</p></td><td rowspan="1" colspan="1"><p>8. CEP</p></td><td rowspan="1" colspan="1"><p>9. Telefone</p></td><td rowspan="1" colspan="1"><p>10. Correio eletrônico</p></td><td rowspan="1" colspan="1"><p>11. CNPJ/CPF</p></td></tr></table><p>DADOS ESPECÍFICOS DA EMPRESA:</p><p /><p></p><table><tr /><tr><td rowspan="1" colspan="2"><p>12. Objeto Social (resumo):</p></td></tr><tr><td rowspan="1" colspan="1"><p>13. Data da constituição:</p></td><td rowspan="1" colspan="1"><p>14. Data da última alteração contratual:</p></td></tr><tr><td rowspan="1" colspan="2"><p>15. Pessoa(s) jurídica(s) estrangeira(s) associada(s): (Se couber)</p></td></tr><tr><td rowspan="1" colspan="2"><p>16. Relação das principais associadas, quando se tratar de Sociedade Anônima: (Se couber)</p></td></tr><tr><td rowspan="1" colspan="2"><p>17. Valor do investimento de capital estrangeiro: (Se couber)</p></td></tr><tr><td rowspan="1" colspan="2"><p>18. Data do último investimento: (Se couber)</p></td></tr><tr><td rowspan="1" colspan="2"><p>19. Data de registro no Banco Central do Brasil: (Se couber)</p></td></tr><tr><td rowspan="1" colspan="2"><p>20. Administrador (es) - Nome e cargo:</p></td></tr><tr><td rowspan="1" colspan="2"><p>21. Número atual de empregados:</p></td></tr><tr><td rowspan="1" colspan="1"><p>21.1. Quantidade de brasileiros:</p></td><td rowspan="1" colspan="1"><p>21.2 Quantidade de imigrantes:</p></td></tr></table><p>DO IMIGRANTE:</p><p /><p></p><table><tr /><tr><td rowspan="1" colspan="9"><p>22. Nome</p></td></tr><tr><td rowspan="1" colspan="6"><p>23. Filiação</p><p>Pai:</p><p>Mãe:</p></td><td rowspan="1" colspan="3"><p>24. Correio eletrônico</p></td></tr><tr><td rowspan="1" colspan="1"><p>25. Sexo</p></td><td rowspan="1" colspan="2"><p>26. Estado civil</p></td><td rowspan="1" colspan="4"><p>27. Data de nascimento</p></td><td rowspan="1" colspan="1"><p>28. Escolaridade</p></td><td rowspan="1" colspan="1"><p>29. Profissão</p></td></tr><tr><td rowspan="1" colspan="2"><p>30. Nacionalidade</p></td><td rowspan="1" colspan="7"><p>31. Nº do Documento de viagem e Validade</p></td></tr><tr><td rowspan="1" colspan="4"><p>32. Função no Brasil</p></td><td rowspan="1" colspan="5"><p>33. Local de trabalho</p></td></tr><tr><td rowspan="1" colspan="5"><p>34. Informar o valor da última remuneração recebida no exterior na moeda nacional brasileira, ou seja, em reais R$: (Se couber)</p></td><td rowspan="1" colspan="4"><p>35. Informar a remuneração que o imigrante irá perceber no País em reais R$:</p></td></tr><tr><td rowspan="1" colspan="9"><p>36. Experiência profissional: relação das empresas nas quais foi empregado, funções exercidas com a respectiva duração, local e data, por ordem cronológica, discriminando as atividades compatíveis com as que o candidato desempenhará no Brasil.</p></td></tr></table><p>DA JUSTIFICATIVA:</p><p /><p></p><table><tr /><tr><td rowspan="1" colspan="1"><p>37. Justificativa da permanência do imigrante no País:</p><p></p><p></p><p></p></td></tr></table><p>DECLARAÇÃO GERAL DE RESPONSABILIDADE:</p><p>38. (RAZÃO/DENOMINAÇÃO SOCIAL e CNPJ DA ENTIDADE REQUERENTE), representada por (NOME E CPF DA PESSOA QUE ESTÁ ASSINANDO ESSE TERMO), DECLARA, sob as penas da Lei, em relação ao(s) imigrante(s) indicado(s) neste requerimento durante a sua permanência em Território Nacional, que:</p><p>1. Caso o(s) imigrante(s) continue(m) a perceber remuneração no exterior, comprometo-me a oferecer a tributação no Brasil, conforme determina a Secretaria da Receita Federal.</p><p>2. Informa que o imigrante exercerá suas funções no(s) endereço(s) abaixo relacionado(s), comprometendo-se a informar à Coordenação-Geral de Imigração de Laboral qualquer outro endereço onde o imigrante vier a atuar:</p><p>2. 1. (ENDEREÇO COMPLETO);</p><p>2. 2. (ENDEREÇO COMPLETO);</p><p>DO REPRESENTENTE LEGAL:</p><p /><p></p><table><tr /><tr><td rowspan="1" colspan="2"><p>39. Nome</p></td></tr><tr><td rowspan="1" colspan="1"><p>40. CPF / CNPJ</p></td><td rowspan="1" colspan="1"><p>41. Correio eletrônico</p></td></tr></table><p>TERMO DE RESPONSABILIDADE:</p><p>42. Declaro, sob as penas do art. 299 do Código Penal Brasileiro, serem verdadeiras as informações transcritas neste documento, comprometendo-me, inclusive, a comprová-las, mediante a apresentação dos documentos próprios à fiscalização.</p><p>(LOCAL E DATA)</p><p>Assinatura do representante legal da pessoa jurídica responsável pela chamada do imigrante, discriminando-se o nome completo, qualificação, CPF, função e o carimbo da entidade.</p>]]></Texto>
  </body>
  <Midias />
</article></xml>