﻿<xml><article id="27703999" name="Ato 20097 NILTON BORGES" idOficio="7355022" pubName="DO1" artType="Ato Declaratório" pubDate="25/08/2022" artClass="00015:00047:00012:00011:00000:00000:00000:00000:00000:00000:00007:00000" artCategory="Ministério da Economia/Comissão de Valores Mobiliários/Superintendência-Geral/Superintendência de Normas Contábeis e de Auditoria" artSize="12" artNotes="" numberPage="214" pdfPage="http://pesquisa.in.gov.br/imprensa/jsp/visualiza/index.jsp?data=25/08/2022&amp;jornal=515&amp;pagina=214" editionNumber="162" highlightType="" highlightPriority="" highlight="" highlightimage="" highlightimagename="" idMateria="14835678">
  <body>
    <Identifica><![CDATA[ ATO DECLARATÓRIO CVM Nº 20.097, DE 23 DE AGOSTO DE 2022]]></Identifica>
    <Data><![CDATA[]]></Data>
    <Ementa />
    <Titulo />
    <SubTitulo />
    <Texto><![CDATA[<p class="identifica">ATO DECLARATÓRIO CVM Nº 20.097, DE 23 DE AGOSTO DE 2022</p><p>O Superintendente de Normas Contábeis e de Auditoria da Comissão de Valores Mobiliários, no uso da competência que lhe foi delegada através da Deliberação CVM Nº 176, de 03 de fevereiro de 1995, e tendo em vista o disposto no artigo 38 da Resolução CVM Nº 23, de 25 de fevereiro de 2021, declara CANCELADO na Comissão de Valores Mobiliários, para os efeitos do exercício da atividade de auditoria independente no âmbito do mercado de valores mobiliários, a partir de 19/08/2022, por solicitação do próprio, o registro do Auditor Independente a seguir referido:</p><p>Auditor Independente - Pessoa Natural</p><p>NILTON ANTONIO TIELLET BORGES</p><p>CPF: 005.449.140/15</p><p class="assina">PAULO ROBERTO GONÇALVES FERREIRA</p><p></p>]]></Texto>
  </body>
  <Midias />
</article></xml>