﻿<xml><article id="27698535" name="900" idOficio="7353907" pubName="DO1" artType="Portaria" pubDate="25/08/2022" artClass="00015:00050:00032:00008:00000:00000:00000:00000:00000:00000:00054:00008" artCategory="Ministério da Economia/Superintendência de Seguros Privados/Diretoria Técnica 1/Coordenação-Geral de Regimes Especiais, Autorizações e Julgamentos" artSize="12" artNotes="" numberPage="216" pdfPage="http://pesquisa.in.gov.br/imprensa/jsp/visualiza/index.jsp?data=25/08/2022&amp;jornal=515&amp;pagina=216" editionNumber="162" highlightType="" highlightPriority="" highlight="" highlightimage="" highlightimagename="" idMateria="14834196">
  <body>
    <Identifica><![CDATA[ PORTARIA CGRAJ/SUSEP Nº 900, DE 23 de AGOSTO DE 2022]]></Identifica>
    <Data><![CDATA[]]></Data>
    <Ementa />
    <Titulo />
    <SubTitulo />
    <Texto><![CDATA[<p class="identifica">PORTARIA CGRAJ/SUSEP Nº 900, DE 23 de AGOSTO DE 2022</p><p>O COORDENADOR-GERAL DE REGIMES ESPECIAIS, AUTORIZAÇÕES E JULGAMENTOS DA SUPERINTENDÊNCIA DE SEGUROS PRIVADOS - SUSEP, no uso da competência delegada pela Superintendente da Susep, por meio da Portaria nº 7.861, de 22 de setembro de 2021, alterada pela Portaria SUSEP nº 7897, de 1º de dezembro de 2021 e da Instrução Normativa SUSEP nº 3, de 13 de dezembro de 2021, tendo em vista o disposto no artigo 2º e § 2º, do artigo 8º, da Lei Complementar nº 126, de 15 de janeiro de 2007, com base no inciso V, artigo 5º, combinado com o inciso II, artigo 4º e artigo 44, da Resolução CNSP nº 422, de 11 de novembro de 2021, e considerando o que consta do processo Susep nº 15414.612859/2022-95, resolve:</p><p>Art.1º Homologar a eleição de diretores realizada pela única sócia de ALPER RE CORRETORA DE RESSEGUROS LTDA., CNPJ nº 05.375.622/0001-18, com sede na cidade de São Paulo - SP, conforme 27ª alteração contratual realizada em 22 de março de 2022.</p><p>Art. 2º Esta portaria entra em vigor na data de sua publicação.</p><p class="assina">CARLOS AUGUSTO PINTO FILHO</p><p></p>]]></Texto>
  </body>
  <Midias />
</article></xml>