﻿<xml><article id="27708959" name="PORTARIA N 925 - 2022 - CICLO DE" idOficio="7355749" pubName="DO1" artType="Portaria" pubDate="25/08/2022" artClass="00011:00042:00014:00000:00000:00000:00000:00000:00000:00000:00054:00000" artCategory="Ministério da Ciência, Tecnologia e Inovações/Agência Espacial Brasileira/Presidência" artSize="24" artNotes="" numberPage="21" pdfPage="http://pesquisa.in.gov.br/imprensa/jsp/visualiza/index.jsp?data=25/08/2022&amp;jornal=515&amp;pagina=21" editionNumber="162" highlightType="" highlightPriority="" highlight="" highlightimage="" highlightimagename="" idMateria="14836901">
  <body>
    <Identifica><![CDATA[ PORTARIA Nº 925, DE 24 DE AGOSTO DE 2022]]></Identifica>
    <Data><![CDATA[]]></Data>
    <Ementa><![CDATA[ Resultado da avaliação de desempenho institucional da meta global da AEB relativa ao 12º ciclo de avaliação de desempenho institucional da Agência Espacial Brasileira.]]></Ementa>
    <Titulo />
    <SubTitulo />
    <Texto><![CDATA[<p class="identifica">PORTARIA Nº 925, DE 24 DE AGOSTO DE 2022</p><p class="ementa">Resultado da avaliação de desempenho institucional da meta global da AEB relativa ao 12º ciclo de avaliação de desempenho institucional da Agência Espacial Brasileira.</p><p>O PRESIDENTE DA AGÊNCIA ESPACIAL BRASILEIRA, no uso das atribuições que lhe foram conferidas pelo Decreto nº 8.868, de 04 de outubro de 2016 e de acordo com o estabelecido no Decreto nº 7.133, de 19 de março de 2010, publicado no Diário Oficial da União de 22 de março de 2010, na Orientação Normativa SRH/MP nº 7, de 31 de agosto de 2011, publicada no Diário Oficial da União de 01 de setembro de 2011 e na Portaria AEB nº 87, de 02 de junho de 2017, publicada no Boletim Interno nº 05 de maio/2017, resolve:</p><p>Art. 1º Tornar público o resultado da avaliação da meta global de desempenho institucional referente ao 12º ciclo de avaliação, da Agência Espacial Brasileira, interstício de 01 de julho de 2021 a 30 de junho de 2022, estabelecida na Portaria AEB nº 715, de 27 de setembro de 2021, publicada no Diário Oficial da União de 28 de setembro de 2021.</p><p>Art. 2º O resultado da avaliação da meta global da AEB foi de 88,8% (oitenta e oito inteiros e oito décimos por cento), conforme quadro Anexo.</p><p>Art. 3º Esta Portaria entra em vigor na data de sua publicação.</p><p class="assina">CARLOS AUGUSTO TEIXEIRA DE MOURA</p><p>ANEXO</p><p /><p></p><table><tr /><tr><td rowspan="1" colspan="10"><p>Resultado das Metas de Desempenho INSTITUCIONAL -12º Ciclo de Avaliação</p></td></tr><tr><td rowspan="1" colspan="10"><p>Período de 01/07/2021 a 30/06/2022</p></td></tr><tr><td rowspan="1" colspan="1"><p>Programa Temático</p></td><td rowspan="1" colspan="1"><p>Descrição da Meta Global</p></td><td rowspan="1" colspan="1"><p>Descrição da Meta Intermediária</p></td><td rowspan="1" colspan="4"><p>Indicador</p></td><td rowspan="1" colspan="2"><p>Resultado da Meta Intermediária (MI)</p></td><td rowspan="1" colspan="1"><p>P x MI</p></td></tr><tr><td rowspan="1" colspan="1" /><td rowspan="1" colspan="1" /><td rowspan="1" colspan="1" /><td rowspan="1" colspan="1"><p>Produto</p></td><td rowspan="1" colspan="1"><p>Qtde</p></td><td rowspan="1" colspan="1"><p>Medida</p></td><td rowspan="1" colspan="1"><p>Peso (P)</p></td><td rowspan="1" colspan="1"><p>Resultado</p></td><td rowspan="1" colspan="1"><p>%</p></td><td rowspan="1" colspan="1" /></tr><tr><td rowspan="1" colspan="1"><p>Programa Espacial Brasileiro</p></td><td rowspan="1" colspan="1"><p>Desenvolver atividades para o fortalecimento do Programa Espacial Brasileiro</p></td><td rowspan="1" colspan="1"><p>Publicação do Plano Diretor de Tecnologia da Informação e Comunicação (PDTIC) 2022-2023.</p></td><td rowspan="1" colspan="1"><p>Plano publicado</p></td><td rowspan="1" colspan="1"><p>1</p></td><td rowspan="1" colspan="1"><p>Unidade</p></td><td rowspan="1" colspan="1"><p>5,00%</p></td><td rowspan="1" colspan="1"><p>0</p></td><td rowspan="1" colspan="1"><p>0%</p></td><td rowspan="1" colspan="1"><p>0,00%</p></td></tr><tr><td rowspan="1" colspan="1" /><td rowspan="1" colspan="1" /><td rowspan="1" colspan="1"><p>Elaboração de Termo de Referência para contratar assessoria ao Planejamento Estratégico Institucional (PEI).</p></td><td rowspan="1" colspan="1"><p>Termo de Referência elaborado</p></td><td rowspan="1" colspan="1"><p>1</p></td><td rowspan="1" colspan="1"><p>Unidade</p></td><td rowspan="1" colspan="1"><p>5,00%</p></td><td rowspan="1" colspan="1"><p>1</p></td><td rowspan="1" colspan="1"><p>100%</p></td><td rowspan="1" colspan="1"><p>5,00%</p></td></tr><tr><td rowspan="1" colspan="1" /><td rowspan="1" colspan="1" /><td rowspan="1" colspan="1"><p>Atualização da Política de Segurança da Informação e Comunicações (PoSIC).</p></td><td rowspan="1" colspan="1"><p>Política publicada</p></td><td rowspan="1" colspan="1"><p>1</p></td><td rowspan="1" colspan="1"><p>Unidade</p></td><td rowspan="1" colspan="1"><p>5,00%</p></td><td rowspan="1" colspan="1"><p>0</p></td><td rowspan="1" colspan="1"><p>0%</p></td><td rowspan="1" colspan="1"><p>0,00%</p></td></tr><tr><td rowspan="1" colspan="1" /><td rowspan="1" colspan="1" /><td rowspan="1" colspan="1"><p>Recomposição da força de trabalho.</p></td><td rowspan="1" colspan="1"><p>Provimento realizado</p></td><td rowspan="1" colspan="1"><p>9</p></td><td rowspan="1" colspan="1"><p>Unidade</p></td><td rowspan="1" colspan="1"><p>5,00%</p></td><td rowspan="1" colspan="1"><p>9</p></td><td rowspan="1" colspan="1"><p>100%</p></td><td rowspan="1" colspan="1"><p>5,00%</p></td></tr><tr><td rowspan="1" colspan="1" /><td rowspan="1" colspan="1" /><td rowspan="1" colspan="1"><p>Proposição dos Regulamentos Espaciais Brasileiros (REB).</p></td><td rowspan="1" colspan="1"><p>Regulamento aprovado</p></td><td rowspan="1" colspan="1"><p>2</p></td><td rowspan="1" colspan="1"><p>Unidade</p></td><td rowspan="1" colspan="1"><p>5,00%</p></td><td rowspan="1" colspan="1"><p>2</p></td><td rowspan="1" colspan="1"><p>100%</p></td><td rowspan="1" colspan="1"><p>5,00%</p></td></tr><tr><td rowspan="1" colspan="1" /><td rowspan="1" colspan="1" /><td rowspan="1" colspan="1"><p>Incentivo à capacitação técnica e científica para formação de novas competências na área espacial.</p></td><td rowspan="1" colspan="1"><p>Capacitação realizada</p></td><td rowspan="1" colspan="1"><p>5</p></td><td rowspan="1" colspan="1"><p>Unidade</p></td><td rowspan="1" colspan="1"><p>5,00%</p></td><td rowspan="1" colspan="1"><p>5</p></td><td rowspan="1" colspan="1"><p>100%</p></td><td rowspan="1" colspan="1"><p>5,00%</p></td></tr><tr><td rowspan="1" colspan="1" /><td rowspan="1" colspan="1" /><td rowspan="1" colspan="1"><p>Realização de análises de pesquisas e de desenvolvimento de tecnologias espaciais nos Institutos de Pesquisa e Universidades.</p></td><td rowspan="1" colspan="1"><p>Análise realizada</p></td><td rowspan="1" colspan="1"><p>4</p></td><td rowspan="1" colspan="1"><p>Unidade</p></td><td rowspan="1" colspan="1"><p>5,00%</p></td><td rowspan="1" colspan="1"><p>4</p></td><td rowspan="1" colspan="1"><p>100%</p></td><td rowspan="1" colspan="1"><p>5,00%</p></td></tr><tr><td rowspan="1" colspan="1" /><td rowspan="1" colspan="1" /><td rowspan="1" colspan="1"><p>Atualização do Catálogo da Indústria Espacial Brasileira.</p></td><td rowspan="1" colspan="1"><p>Catálogo atualizado</p></td><td rowspan="1" colspan="1"><p>1</p></td><td rowspan="1" colspan="1"><p>Unidade</p></td><td rowspan="1" colspan="1"><p>5,00%</p></td><td rowspan="1" colspan="1"><p>1</p></td><td rowspan="1" colspan="1"><p>100%</p></td><td rowspan="1" colspan="1"><p>5,00%</p></td></tr><tr><td rowspan="1" colspan="1" /><td rowspan="1" colspan="1" /><td rowspan="1" colspan="1"><p>Elaboração de cartilha com as principais ações para captação de recursos por meio de emendas parlamentares.</p></td><td rowspan="1" colspan="1"><p>Cartilha elaborada</p></td><td rowspan="1" colspan="1"><p>1</p></td><td rowspan="1" colspan="1"><p>Unidade</p></td><td rowspan="1" colspan="1"><p>6,00%</p></td><td rowspan="1" colspan="1"><p>1</p></td><td rowspan="1" colspan="1"><p>100%</p></td><td rowspan="1" colspan="1"><p>6,00%</p></td></tr><tr><td rowspan="1" colspan="1" /><td rowspan="1" colspan="1" /><td rowspan="1" colspan="1"><p>Articulação institucional no âmbito das ações do Programa de Desenvolvimento Integrado para o Centro Espacial de Alcântara (PDI-CEA) e do PEB em Alcântara.</p></td><td rowspan="1" colspan="1"><p>Reunião realizada / Evento realizado</p></td><td rowspan="1" colspan="1"><p>6</p></td><td rowspan="1" colspan="1"><p>Unidade</p></td><td rowspan="1" colspan="1"><p>2,00%</p></td><td rowspan="1" colspan="1"><p>6</p></td><td rowspan="1" colspan="1"><p>100%</p></td><td rowspan="1" colspan="1"><p>2,00%</p></td></tr><tr><td rowspan="1" colspan="1" /><td rowspan="1" colspan="1" /><td rowspan="1" colspan="1"><p>Inauguração da nova sala da AEB em Alcântara.</p></td><td rowspan="1" colspan="1"><p>Sala inaugurada</p></td><td rowspan="1" colspan="1"><p>1</p></td><td rowspan="1" colspan="1"><p>Unidade</p></td><td rowspan="1" colspan="1"><p>2,00%</p></td><td rowspan="1" colspan="1"><p>1</p></td><td rowspan="1" colspan="1"><p>100%</p></td><td rowspan="1" colspan="1"><p>2,00%</p></td></tr><tr><td rowspan="1" colspan="1" /><td rowspan="1" colspan="1" /><td rowspan="1" colspan="1"><p>Divulgação das atividades da AEB para organizações parceiras, entidades de classe, representantes do setor empresarial e afins em São José dos Campos e região.</p></td><td rowspan="1" colspan="1"><p>Reunião realizada</p></td><td rowspan="1" colspan="1"><p>12</p></td><td rowspan="1" colspan="1"><p>Unidade</p></td><td rowspan="1" colspan="1"><p>2,00%</p></td><td rowspan="1" colspan="1"><p>12</p></td><td rowspan="1" colspan="1"><p>100%</p></td><td rowspan="1" colspan="1"><p>2,00%</p></td></tr><tr><td rowspan="1" colspan="1" /><td rowspan="1" colspan="1" /><td rowspan="1" colspan="1"><p>Implementação da Política de Governança, Gestão da Integridade, Riscos e Controles Internos da Gestão da AEB (POLIGRI).</p></td><td rowspan="1" colspan="1"><p>Nota técnica de análise de riscos dos processos prioritários elaborada</p></td><td rowspan="1" colspan="1"><p>3</p></td><td rowspan="1" colspan="1"><p>Unidade</p></td><td rowspan="1" colspan="1"><p>3,00%</p></td><td rowspan="1" colspan="1"><p>3</p></td><td rowspan="1" colspan="1"><p>100%</p></td><td rowspan="1" colspan="1"><p>3,00%</p></td></tr><tr><td rowspan="1" colspan="1" /><td rowspan="1" colspan="1" /><td rowspan="1" colspan="1"><p>Atendimento das pendências levantadas pela CGU em relação à Transparência Ativa</p><p>Fórmula de cálculo:</p><p>- Pendências atendidas / Total de pendências levantadas em julho de 2021</p></td><td rowspan="1" colspan="1"><p>Pendência atendida</p></td><td rowspan="1" colspan="1"><p>50</p></td><td rowspan="1" colspan="1"><p>Percentual</p></td><td rowspan="1" colspan="1"><p>3,00%</p></td><td rowspan="1" colspan="1"><p>50</p></td><td rowspan="1" colspan="1"><p>100%</p></td><td rowspan="1" colspan="1"><p>3,00%</p></td></tr><tr><td rowspan="1" colspan="1" /><td rowspan="1" colspan="1" /><td rowspan="1" colspan="1"><p>Integração de base externa ao Observatório do Setor Espacial Brasileiro (OSEB)</p></td><td rowspan="1" colspan="1"><p>Base externa integrada</p></td><td rowspan="1" colspan="1"><p>1</p></td><td rowspan="1" colspan="1"><p>Unidade</p></td><td rowspan="1" colspan="1"><p>5,00%</p></td><td rowspan="1" colspan="1"><p>1</p></td><td rowspan="1" colspan="1"><p>100%</p></td><td rowspan="1" colspan="1"><p>5,00%</p></td></tr><tr><td rowspan="1" colspan="1" /><td rowspan="1" colspan="1" /><td rowspan="1" colspan="1"><p>Proposição do Programa Nacional de Atividades Espaciais (PNAE) atualizado</p></td><td rowspan="1" colspan="1"><p>Instrumento de planejamento proposto</p></td><td rowspan="1" colspan="1"><p>1</p></td><td rowspan="1" colspan="1"><p>Unidade</p></td><td rowspan="1" colspan="1"><p>5,00%</p></td><td rowspan="1" colspan="1"><p>1</p></td><td rowspan="1" colspan="1"><p>100%</p></td><td rowspan="1" colspan="1"><p>5,00%</p></td></tr><tr><td rowspan="1" colspan="1" /><td rowspan="1" colspan="1" /><td rowspan="1" colspan="1"><p>Proposição de instrumento de cooperação técnica</p></td><td rowspan="1" colspan="1"><p>Instrumento de cooperação técnica proposto</p></td><td rowspan="1" colspan="1"><p>1</p></td><td rowspan="1" colspan="1"><p>Unidade</p></td><td rowspan="1" colspan="1"><p>5,00%</p></td><td rowspan="1" colspan="1"><p>1</p></td><td rowspan="1" colspan="1"><p>100%</p></td><td rowspan="1" colspan="1"><p>5,00%</p></td></tr><tr><td rowspan="1" colspan="1" /><td rowspan="1" colspan="1" /><td rowspan="1" colspan="1"><p>Proposição de processo de monitoramento e avaliação dos instrumentos de planejamento para o setor espacial</p></td><td rowspan="1" colspan="1"><p>Processo proposto</p></td><td rowspan="1" colspan="1"><p>1</p></td><td rowspan="1" colspan="1"><p>Unidade</p></td><td rowspan="1" colspan="1"><p>5,00%</p></td><td rowspan="1" colspan="1"><p>1</p></td><td rowspan="1" colspan="1"><p>100%</p></td><td rowspan="1" colspan="1"><p>5,00%</p></td></tr><tr><td rowspan="1" colspan="1" /><td rowspan="1" colspan="1" /><td rowspan="1" colspan="1"><p>Disponibilização de painel de acompanhamento do projeto CVT ESPACIAL AUGUSTO SEVERO</p></td><td rowspan="1" colspan="1"><p>Painel disponibilizado</p></td><td rowspan="1" colspan="1"><p>1</p></td><td rowspan="1" colspan="1"><p>Unidade</p></td><td rowspan="1" colspan="1"><p>2,00%</p></td><td rowspan="1" colspan="1"><p>1</p></td><td rowspan="1" colspan="1"><p>100%</p></td><td rowspan="1" colspan="1"><p>2,00%</p></td></tr><tr><td rowspan="1" colspan="1" /><td rowspan="1" colspan="1" /><td rowspan="1" colspan="1"><p>Contratação do serviço de lançamento para um nanossatélite.</p><p>Fórmula de cálculo:</p><p>- 0 a 50%: especificação da demanda e elaboração da minuta do edital</p></td><td rowspan="1" colspan="1"><p>Edital publicado</p></td><td rowspan="1" colspan="1"><p>100</p></td><td rowspan="1" colspan="1"><p>Percentual</p></td><td rowspan="1" colspan="1"><p>6,00%</p></td><td rowspan="1" colspan="1"><p>80</p></td><td rowspan="1" colspan="1"><p>80%</p></td><td rowspan="1" colspan="1"><p>4,8%</p></td></tr><tr><td rowspan="1" colspan="1" /><td rowspan="1" colspan="1" /><td rowspan="1" colspan="1"><p>- 50 a 80%: Verificação e aprovação da minuta do edital</p><p>- 80 a 100%: Publicação do edital</p></td><td rowspan="1" colspan="1" /><td rowspan="1" colspan="1" /><td rowspan="1" colspan="1" /><td rowspan="1" colspan="1" /><td rowspan="1" colspan="1" /><td rowspan="1" colspan="1" /><td rowspan="1" colspan="1" /></tr><tr><td rowspan="1" colspan="1" /><td rowspan="1" colspan="1" /><td rowspan="1" colspan="1"><p>Disponibilização de painéis de acompanhamento de projetos</p></td><td rowspan="1" colspan="1"><p>Painel disponibilizado</p></td><td rowspan="1" colspan="1"><p>5</p></td><td rowspan="1" colspan="1"><p>Unidade</p></td><td rowspan="1" colspan="1"><p>7,00%</p></td><td rowspan="1" colspan="1"><p>5</p></td><td rowspan="1" colspan="1"><p>100%</p></td><td rowspan="1" colspan="1"><p>7,00%</p></td></tr><tr><td rowspan="1" colspan="1" /><td rowspan="1" colspan="1" /><td rowspan="1" colspan="1"><p>Acompanhamento dos projetos executados por meio de Termo de Execução Descentralizada (TED) em acordo com o procedimento operacional padrão (POP) de TED</p></td><td rowspan="1" colspan="1"><p>Projeto acompanhado</p></td><td rowspan="1" colspan="1"><p>90</p></td><td rowspan="1" colspan="1"><p>Percentual</p></td><td rowspan="1" colspan="1"><p>7,00%</p></td><td rowspan="1" colspan="1"><p>90</p></td><td rowspan="1" colspan="1"><p>100%</p></td><td rowspan="1" colspan="1"><p>7,00%</p></td></tr><tr><td rowspan="1" colspan="1" /><td rowspan="1" colspan="1" /><td rowspan="1" colspan="1"><p>Fórmula de cálculo:</p><p>- Projetos acompanhados / Projetos executados por TED</p></td><td rowspan="1" colspan="1" /><td rowspan="1" colspan="1" /><td rowspan="1" colspan="1" /><td rowspan="1" colspan="1" /><td rowspan="1" colspan="1" /><td rowspan="1" colspan="1" /><td rowspan="1" colspan="1" /></tr><tr><td rowspan="1" colspan="9"><p>TOTAL</p></td><td rowspan="1" colspan="1"><p>88,8%</p></td></tr><tr><td rowspan="1" colspan="9" /><td rowspan="1" colspan="1" /></tr></table>]]></Texto>
  </body>
  <Midias />
</article></xml>