﻿<xml><article id="27698826" name="PORTARIA NA 114.786" idOficio="7353987" pubName="DO1" artType="Portaria" pubDate="25/08/2022" artClass="00029:00000:00000:00000:00000:00000:00000:00000:00000:00000:00054:00000" artCategory="Banco Central do Brasil" artSize="12" artNotes="OK Início do BCB" numberPage="288" pdfPage="http://pesquisa.in.gov.br/imprensa/jsp/visualiza/index.jsp?data=25/08/2022&amp;jornal=515&amp;pagina=288" editionNumber="162" highlightType="" highlightPriority="" highlight="" highlightimage="" highlightimagename="" idMateria="14834337">
  <body>
    <Identifica><![CDATA[ PORTARIA Nº 114.786, DE 24 DE AGOSTO DE 2022]]></Identifica>
    <Data><![CDATA[]]></Data>
    <Ementa><![CDATA[ Delega competência ao Corregedor-Geral do Banco Central do Brasil para instaurar e julgar o Processo Administrativo de Responsabilização (PAR) de que trata o art. 2º do Decreto nº 11.129, de 11 de julho de 2022, e dispõe sobre o pedido de reconsideração de decisões condenatórias.]]></Ementa>
    <Titulo />
    <SubTitulo />
    <Texto><![CDATA[<p></p><p class="identifica">PORTARIA Nº 114.786, DE 24 DE AGOSTO DE 2022</p><p class="ementa">Delega competência ao Corregedor-Geral do Banco Central do Brasil para instaurar e julgar o Processo Administrativo de Responsabilização (PAR) de que trata o art. 2º do Decreto nº 11.129, de 11 de julho de 2022, e dispõe sobre o pedido de reconsideração de decisões condenatórias.</p><p>O Presidente do Banco Central do Brasil, no uso de suas atribuições, tendo em vista o disposto nos arts. 11 e 12 do Decreto-Lei nº 200, de 25 de fevereiro de 1967, nos arts. 12 e 56 a 64-B da Lei nº 9.784, de 29 de janeiro de 1999, no art. 2º do Decreto nº 83.937, de 6 de setembro de 1979, nos arts. 4º, parágrafo único, e 15 do Decreto nº 11.129, de 11 de julho de 2022, e no art. 12, incisos XXIII e XXXV, do Regimento Interno, aprovado pela Portaria nº 84.287, de 27 de fevereiro de 2015, bem como os princípios de ampla defesa, contraditório e devido processo legal, resolve:</p><p>Art. 1º Fica delegada ao Corregedor-Geral do Banco Central do Brasil a competência para instauração e julgamento do Processo Administrativo de Responsabilização (PAR).</p><p>Art. 2º Em caso de impugnação da decisão que julgar o PAR na forma do art. 1º desta Portaria, o Corregedor-Geral poderá, no prazo de 30 (trinta) dias, acolher o pedido de reconsideração ou, caso não o faça, encaminhá-lo, na condição de recurso, ao Presidente do Banco Central do Brasil, para decisão final.</p><p>Art. 3º Fica revogada a Portaria BCB nº 98.573, de 28 de junho de 2018.</p><p>Art. 4º Esta Portaria entra em vigor no dia 1º de setembro de 2022.</p><p class="assina">ROBERTO DE OLIVEIRA CAMPOS NETO</p>]]></Texto>
  </body>
  <Midias />
</article></xml>