﻿<xml><article id="27703594" name="Portarias 24-08-2022" idOficio="7354926" pubName="DO1" artType="Portaria" pubDate="25/08/2022" artClass="00020:00032:00006:00003:00000:00000:00000:00000:00000:00000:00054:00000" artCategory="Ministério da Justiça e Segurança Pública/Secretaria Nacional de Justiça/Departamento de Promoção de Políticas de Justiça/Coordenação de Política de Classificação Indicativa" artSize="12" artNotes="" numberPage="255" pdfPage="http://pesquisa.in.gov.br/imprensa/jsp/visualiza/index.jsp?data=25/08/2022&amp;jornal=515&amp;pagina=255" editionNumber="162" highlightType="" highlightPriority="" highlight="" highlightimage="" highlightimagename="" idMateria="14835539">
  <body>
    <Identifica><![CDATA[ PORTARIA CPCIND/SENAJUS/MJSP Nº 1.211,  DE 24 DE AGOSTO DE 2022]]></Identifica>
    <Data><![CDATA[]]></Data>
    <Ementa />
    <Titulo />
    <SubTitulo />
    <Texto><![CDATA[<p class="identifica">PORTARIA CPCIND/SENAJUS/MJSP Nº 1.211, DE 24 DE AGOSTO DE 2022</p><p>O COORDENADOR DE POLÍTICA DE CLASSIFICAÇÃO INDICATIVA, no uso de suas atribuições, tendo em vista o disposto nos artigos 21, inciso XVI, e 220, parágrafo 3º, inciso I, da Constituição Federal; artigo 74 da Lei 8.069, de 13 de julho de 1990, e com fundamento na Portaria MJ nº 502, de 23 de novembro de 2021, resolve classificar:</p><p /><p></p><table><tr><td rowspan="1" colspan="1"><p>Série: CHICAGO P.D. DISTRITO 21 - 8ª TEMPORADA (CHICAGO P.D. - SEASON 8, Estados Unidos da América - 2021/2022)</p></td></tr><tr><td rowspan="1" colspan="1"><p>Produtor(es): Universal</p></td></tr><tr><td rowspan="1" colspan="1"><p>Diretor(es): Eriq La Salle</p></td></tr><tr><td rowspan="1" colspan="1"><p>Distribuidor(es): UNIVERSAL PICTURES DO BRASIL</p></td></tr><tr><td rowspan="1" colspan="1"><p>Classificação Pretendida: não recomendado para menores de 16 (dezesseis) anos</p></td></tr><tr><td rowspan="1" colspan="1"><p>Gênero: Ação</p></td></tr><tr><td rowspan="1" colspan="1"><p>Classificação Atribuída: não recomendado para menores de 16 (dezesseis) anos</p></td></tr><tr><td rowspan="1" colspan="1"><p>Recomenda-se sua exibição a partir das 22 (vinte e duas) horas, quando apresentado em TV aberta</p></td></tr><tr><td rowspan="1" colspan="1"><p>Contém: Drogas , Violência e Atos criminosos</p></td></tr><tr><td rowspan="1" colspan="1"><p>Processo: 08017.001268/2022-13</p></td></tr><tr><td rowspan="1" colspan="1"><p>Requerente: SET SERVIÇOS EMPRESARIAIS LTDA</p></td></tr></table><p></p><p class="assina">EDUARDO DE ARAÚJO NEPOMUCENO</p><p class="identifica">PORTARIA CPCIND/SENAJUS/MJSP Nº 1.212, DE 24 DE AGOSTO DE 2022</p><p>O COORDENADOR DE POLÍTICA DE CLASSIFICAÇÃO INDICATIVA, no uso de suas atribuições, tendo em vista o disposto nos artigos 21, inciso XVI, e 220, parágrafo 3º, inciso I, da Constituição Federal; artigo 74 da Lei 8.069, de 13 de julho de 1990, e com fundamento na Portaria MJ nº 502, de 23 de novembro de 2021, resolve classificar:</p><p /><p></p><table><tr><td rowspan="1" colspan="1"><p>Filme: O GRANDE IRMÃO - O DIA QUE DUROU 21 ANOS 2 (Brasil - 2022)</p></td></tr><tr><td rowspan="1" colspan="1"><p>Produtor(es): Pequi Filmes</p></td></tr><tr><td rowspan="1" colspan="1"><p>Diretor(es): Camilo Galli Tavares</p></td></tr><tr><td rowspan="1" colspan="1"><p>Distribuidor(es): ELO COMPANY</p></td></tr><tr><td rowspan="1" colspan="1"><p>Classificação Pretendida: não recomendado para menores de 12 (doze) anos</p></td></tr><tr><td rowspan="1" colspan="1"><p>Gênero: Documentário</p></td></tr><tr><td rowspan="1" colspan="1"><p>Classificação Atribuída: não recomendado para menores de 14 (catorze) anos</p></td></tr><tr><td rowspan="1" colspan="1"><p>Recomenda-se sua exibição a partir das 21 (vinte e uma) horas, quando apresentado em TV aberta</p></td></tr><tr><td rowspan="1" colspan="1"><p>Contém: Violência e Temas Sensíveis</p></td></tr><tr><td rowspan="1" colspan="1"><p>Processo: 08017.001486/2022-40</p></td></tr><tr><td rowspan="1" colspan="1"><p>Requerente: ELO AUDIOVISUAL SERVIÇOS LTDA.</p></td></tr></table><p></p><p class="assina">EDUARDO DE ARAÚJO NEPOMUCENO</p><p class="identifica">PORTARIA CPCIND/SENAJUS/MJSP Nº 1.213, DE 24 DE AGOSTO DE 2022</p><p>O COORDENADOR DE POLÍTICA DE CLASSIFICAÇÃO INDICATIVA, no uso de suas atribuições, tendo em vista o disposto nos artigos 21, inciso XVI, e 220, parágrafo 3º, inciso I, da Constituição Federal; artigo 74 da Lei 8.069, de 13 de julho de 1990, e com fundamento na Portaria MJ nº 502, de 23 de novembro de 2021, resolve classificar:</p><p /><p></p><table><tr><td rowspan="1" colspan="1"><p>Filme: OS OSSOS DA SAUDADE (Brasil - 2019)</p></td></tr><tr><td rowspan="1" colspan="1"><p>Produtor(es): Tempero Filmes Ltda</p></td></tr><tr><td rowspan="1" colspan="1"><p>Distribuidor(es): OLHAR DISTRIBUIÇÃO DE FILMES LTDA</p></td></tr><tr><td rowspan="1" colspan="1"><p>Classificação Pretendida: livre</p></td></tr><tr><td rowspan="1" colspan="1"><p>Gênero: Documentário</p></td></tr><tr><td rowspan="1" colspan="1"><p>Classificação Atribuída: livre</p></td></tr><tr><td rowspan="1" colspan="1"><p>Contém: Linguagem Imprópria e Temas Sensíveis</p></td></tr><tr><td rowspan="1" colspan="1"><p>Processo: 08017.001571/2022-16</p></td></tr><tr><td rowspan="1" colspan="1"><p>Requerente: OLHAR DISTRIBUIÇÃO DE FILMES LTDA.</p></td></tr></table><p></p><p class="assina">EDUARDO DE ARAÚJO NEPOMUCENO</p><p class="identifica">PORTARIA CPCIND/SENAJUS/MJSP Nº 1.214, DE 24 DE AGOSTO DE 2022</p><p>O COORDENADOR DE POLÍTICA DE CLASSIFICAÇÃO INDICATIVA, no uso de suas atribuições, tendo em vista o disposto nos artigos 21, inciso XVI, e 220, parágrafo 3º, inciso I, da Constituição Federal; artigo 74 da Lei 8.069, de 13 de julho de 1990, e com fundamento na Portaria MJ nº 502, de 23 de novembro de 2021, resolve classificar:</p><p /><p></p><table><tr><td rowspan="1" colspan="1"><p>Série: GUARDIÕES DA MANSÃO DO TERROR (DEAD END: PARANORMAL PARK, Estados Unidos da América / Reino Unido - 2022)</p></td></tr><tr><td rowspan="1" colspan="1"><p>Distribuidor(es): NETFLIX</p></td></tr><tr><td rowspan="1" colspan="1"><p>Classificação Pretendida: não recomendado para menores de 10 (dez) anos</p></td></tr><tr><td rowspan="1" colspan="1"><p>Gênero: Animação</p></td></tr><tr><td rowspan="1" colspan="1"><p>Classificação Atribuída: não recomendado para menores de 10 (dez) anos</p></td></tr><tr><td rowspan="1" colspan="1"><p>Contém: Medo e Violência Fantasiosa</p></td></tr><tr><td rowspan="1" colspan="1"><p>Processo: 08017.001639/2022-59</p></td></tr></table><p class="assina">EDUARDO DE ARAÚJO NEPOMUCENO</p>]]></Texto>
  </body>
  <Midias />
</article></xml>