﻿<xml><article id="27707214" name="DOU Bangladesh - Vistos" idOficio="7355576" pubName="DO1" artType="Ato" pubDate="25/08/2022" artClass="00025:00270:00015:00004:00001:00000:00000:00000:00000:00000:00006:00000" artCategory="Ministério das Relações Exteriores/Secretaria-Geral das Relações Exteriores/Secretaria de Assuntos Consulares, Cooperação e Cultura/Departamento de Imigração e Cooperação Jurídica/Divisão de Atos Internacionais" artSize="12" artNotes="" numberPage="261" pdfPage="http://pesquisa.in.gov.br/imprensa/jsp/visualiza/index.jsp?data=25/08/2022&amp;jornal=515&amp;pagina=261" editionNumber="162" highlightType="" highlightPriority="" highlight="" highlightimage="" highlightimagename="" idMateria="14836641">
  <body>
    <Identifica><![CDATA[  ACORDO ENTRE O GOVERNO DA REPÚBLICA FEDERATIVA DO BRASIL E O GOVERNO ]]></Identifica>
    <Data><![CDATA[]]></Data>
    <Ementa />
    <Titulo />
    <SubTitulo />
    <Texto><![CDATA[<p class="identifica">ACORDO ENTRE O GOVERNO DA REPÚBLICA FEDERATIVA DO BRASIL E O GOVERNO</p><p class="identifica">DA REPÚBLICA POPULAR DO BANGLADESH SOBRE A ISENÇÃO DA EXIGÊNCIA</p><p class="identifica">DE VISTO PARA TITULARES DE PASSAPORTES DIPLOMÁTICOS E OFICIAIS</p><p>O Governo da República Federativa do Brasil</p><p></p><p>e</p><p>o Governo da República Popular do Bangladesh</p><p>(doravante denominados conjuntamente "Partes" e, separadamente, "Parte"),</p><p>Desejando fortalecer os laços de amizade e cooperação entre os dois países;</p><p>Reconhecendo a necessidade de facilitar as viagens para o território um do outro por nacionais de ambos os países titulares de passaportes diplomáticos e oficiais,</p><p>Concordaram com o seguinte:</p><p>Artigo 1</p><p>Os nacionais de qualquer das Partes, titulares de passaporte diplomático ou oficial válido, não acreditados no território da outra Parte, poderão entrar, transitar, permanecer e sair do território da outra Parte, isentos de visto de entrada, por um período de tempo, contínuo ou intermitente, não superior a 90 (noventa) dias, a contar da data de entrada, em um período de 180 (cento e oitenta) dias.</p><p>Artigo 2</p><p>A prorrogação do prazo mencionado no artigo 1.º será concedida pelas autoridades competentes do país anfitrião, com base em pedido escrito da missão diplomática ou do posto consular da outra Parte.</p><p>Artigo 3</p><p>Cidadãos de qualquer das Partes, titulares de passaporte diplomático ou oficial válido, que sejam membros de Missões Diplomáticas, Postos Consulares, bem como seus dependentes que com eles vivam e sejam titulares de um passaporte diplomático ou oficial válido podem entrar, transitar, permanecer e sair do território do Estado da outra Parte, sem visto, durante o período de sua atribuição, desde que tenham cumprido os requisitos de credenciamento da outra Parte dentro de 30 (trinta) dias após sua chegada ao território da outra Parte.</p><p>Artigo 4</p><p>Os nacionais mencionados neste Acordo podem entrar, transitar e sair do território da outra Parte em todos os pontos de passagem de fronteira abertos ao tráfego internacional de passageiros.</p><p>Artigo 5</p><p>Cidadãos de qualquer das Partes portadores de passaporte diplomático ou oficial não estão autorizados a praticar, para lucro pessoal, qualquer atividade profissional ou comercial, nem realizar estudos no outro estado sem obter o visto exigido pelas leis aplicáveis em ambas as Partes relativas a essas atividades.</p><p>Artigo 6</p><p>Os nacionais de qualquer das Partes cumprirão as leis e regulamentos em vigor durante sua estada no território da outra Parte.</p><p>Artigo 7</p><p>Este Acordo não limita o direito de qualquer das Partes de negar a entrada, encurtar ou recusar a permanência de cidadãos da outra Parte considerados indesejáveis.</p><p>Artigo 8</p><p>Qualquer controvérsia que surja entre as Partes em relação à interpretação ou implementação deste Acordo será resolvida, por via diplomática, por negociação e consultas entre as Partes.</p><p>Artigo 9</p><p>1. As Partes trocarão, por via diplomática, exemplares de seus passaportes diplomáticos, especiais e oficiais válidos, mencionados neste Acordo, em até 30 (trinta) dias após a data de assinatura deste Acordo.</p><p>2. Em caso de introdução de novos passaportes diplomáticos e oficiais, ou modificação dos existentes, as Partes deverão transmitir entre si, por via diplomática, exemplares desses passaportes, acompanhados de informações detalhadas sobre sua aplicabilidade, em até 30 (trinta) dias antes da entrada em vigor.</p><p>Artigo 10</p><p>Por razões de segurança pública, ordem pública ou saúde pública, qualquer das Partes pode suspender a aplicação deste Acordo no todo ou em parte. A suspensão, bem como a sua revogação, deverão ser notificadas à outra Parte, com a maior brevidade possível, por via diplomática.</p><p>Artigo 11</p><p>1. Este Acordo será válido por um período indefinido de tempo e entrará em vigor 30 (trinta) dias após a data de assinatura.</p><p>2. O presente Acordo poderá ser emendado por consentimento mútuo entre as Partes, formalmente expresso por via diplomática. As emendas entrarão em vigor de acordo com o parágrafo 1º deste artigo.</p><p>3. Cada uma das Partes pode, a qualquer momento, denunciar este Acordo por via diplomática. A denúncia efetivar-se-á em 90 (noventa) dias após o recebimento da notificação.</p><p>Feito em Brasília, em 18 de julho de 2022, em dois originais, nos idiomas português e inglês, sendo ambos igualmente autênticos. Em caso de divergência de interpretação, prevalecerá o texto em inglês.</p><p>PELO GOVERNO DA REPÚBLICA FEDERATIVA DO BRASIL</p><p class="assina">CARLOS ALBERTO FRANCO FRANÇA</p><p class="cargo">Ministro de Estado das Relações Exteriores</p><p>PELO GOVERNO DA REPÚBLICA POPULAR DO BANGLADESH</p><p class="assina">MD SHAHRIAR ALAM, MP</p><p class="cargo">Honorável Vice-Ministro de Relações Exteriores</p><p></p>]]></Texto>
  </body>
  <Midias />
</article></xml>