﻿<xml><article id="27701429" name="ADE5RF4" idOficio="7354532" pubName="DO1" artType="Ato Declaratório" pubDate="25/08/2022" artClass="00015:00045:00432:00097:00000:00000:00000:00000:00000:00000:00007:00000" artCategory="Ministério da Economia/Secretaria Especial da Receita Federal do Brasil/Subsecretaria-Geral da Receita Federal do Brasil/Superintendência Regional da 5ª Região Fiscal" artSize="12" artNotes="" numberPage="209" pdfPage="http://pesquisa.in.gov.br/imprensa/jsp/visualiza/index.jsp?data=25/08/2022&amp;jornal=515&amp;pagina=209" editionNumber="162" highlightType="" highlightPriority="" highlight="" highlightimage="" highlightimagename="" idMateria="14835018">
  <body>
    <Identifica><![CDATA[ ATO DECLARATÓRIO EXECUTIVO VR/05RF/DEFIS Nº 4, DE 23 DE AGOSTO DE 2022]]></Identifica>
    <Data><![CDATA[]]></Data>
    <Ementa><![CDATA[ Renova Registro Especial de Controle de Papel Imune (REGPI)]]></Ementa>
    <Titulo />
    <SubTitulo />
    <Texto><![CDATA[<p class="identifica">ATO DECLARATÓRIO EXECUTIVO VR/05RF/DEFIS Nº 4, DE 23 DE AGOSTO DE 2022</p><p class="ementa">Renova Registro Especial de Controle de Papel Imune (REGPI)</p><p>O AUDITOR-FISCAL DA RECEITA FEDERAL DO BRASIL, no exercício da competência prevista no art. 5º, da Instrução Normativa RFB nº 1817, de 20 de julho de 2018, e considerando o que consta no processo nº 10271.051670/2022-71, declara:</p><p>Art. 1º Renovada, pelo prazo de três anos, a inscrição no REGPI, na atividade de GRÁFICA, sob nº GP-05103/00014, do estabelecimento inscrito no CNPJ sob nº 13.326.558/0001-03, da pessoa jurídica COPIADORA ELI LTDA., situado na Rua dos Escoteiros, 402 - Alto Maron - Vitória da Conquista (BA).</p><p>Art. 2º Este Ato Declaratório Executivo entra em vigor na data de sua publicação.</p><p class="assina">EDUARDO GOMES DE ALMEIDA MACIEL</p>]]></Texto>
  </body>
  <Midias />
</article></xml>