﻿<xml><article id="27709064" name="RESOLUAAO NA 23" idOficio="7355207" pubName="DO1" artType="Resolução" pubDate="25/08/2022" artClass="00007:00051:00000:00000:00000:00000:00000:00000:00000:00000:00005:00001" artCategory="Ministério da Agricultura, Pecuária e Abastecimento/Secretaria de Política Agrícola" artSize="12" artNotes="OK - TIt" numberPage="18" pdfPage="http://pesquisa.in.gov.br/imprensa/jsp/visualiza/index.jsp?data=25/08/2022&amp;jornal=515&amp;pagina=18" editionNumber="162" highlightType="" highlightPriority="" highlight="" highlightimage="" highlightimagename="" idMateria="14836127">
  <body>
    <Identifica><![CDATA[RESOLUÇÃO Nº 23, DE 23 DE AGOSTO DE 2022]]></Identifica>
    <Data><![CDATA[]]></Data>
    <Ementa><![CDATA[Divulga resultado do julgamento de recursos da Comissão Especial de Recursos (CER) do Programa de Garantia da Atividade Agropecuária (PROAGRO).]]></Ementa>
    <Titulo />
    <SubTitulo />
    <Texto><![CDATA[<p class="identifica">RESOLUÇÃO Nº 23, DE 23 DE AGOSTO DE 2022</p><p class="ementa">Divulga resultado do julgamento de recursos da Comissão Especial de Recursos (CER) do Programa de Garantia da Atividade Agropecuária (PROAGRO).</p><p>A Comissão Especial de Recursos do Programa de Garantia da Atividade Agropecuária (CER/PROAGRO), no uso de suas competências conferidas pelo disposto no Decreto nº 10.124, de 21 de novembro de 2019, em julgamento remoto realizado em Brasília/DF, entre os dias 19 e 29 de julho de 2022, resolve:</p><p>Art 1º Acatar parcialmente, por unanimidade na votação, os recursos abaixo relacionados:</p><p /><p></p><table><tr /><tr><td rowspan="1" colspan="1"><p>Item</p></td><td rowspan="1" colspan="1"><p>N° CER</p></td><td rowspan="1" colspan="1"><p>Mutuário</p></td><td rowspan="1" colspan="1"><p>Ref Bac</p></td><td rowspan="1" colspan="1"><p>Proagro</p></td></tr><tr><td rowspan="1" colspan="1"><p>1</p></td><td rowspan="1" colspan="1"><p>21066.009522/2021-15</p></td><td rowspan="1" colspan="1"><p>Adecir Luiz Brezolin</p></td><td rowspan="1" colspan="1"><p>20200972858</p></td><td rowspan="1" colspan="1"><p>Mais</p></td></tr><tr><td rowspan="1" colspan="1"><p>2</p></td><td rowspan="1" colspan="1"><p>21066.009904/2021-49</p></td><td rowspan="1" colspan="1"><p>Adilio Dalmagro</p></td><td rowspan="1" colspan="1"><p>20191049096</p></td><td rowspan="1" colspan="1"><p>Mais</p></td></tr><tr><td rowspan="1" colspan="1"><p>3</p></td><td rowspan="1" colspan="1"><p>21066.009536/2021-39</p></td><td rowspan="1" colspan="1"><p>Alcione Fernando Capelesso</p></td><td rowspan="1" colspan="1"><p>20200909371</p></td><td rowspan="1" colspan="1"><p>Mais</p></td></tr><tr><td rowspan="1" colspan="1"><p>4</p></td><td rowspan="1" colspan="1"><p>21066.009578/2021-70</p></td><td rowspan="1" colspan="1"><p>Alcione Giovani Mingotti</p></td><td rowspan="1" colspan="1"><p>20201149451</p></td><td rowspan="1" colspan="1"><p>Mais</p></td></tr><tr><td rowspan="1" colspan="1"><p>5</p></td><td rowspan="1" colspan="1"><p>21066.009906/2021-38</p></td><td rowspan="1" colspan="1"><p>Alecsandro Scheid</p></td><td rowspan="1" colspan="1"><p>20191572455</p></td><td rowspan="1" colspan="1"><p>Mais</p></td></tr><tr><td rowspan="1" colspan="1"><p>6</p></td><td rowspan="1" colspan="1"><p>21066.009338/2021-75</p></td><td rowspan="1" colspan="1"><p>Alez Paulo Morgan</p></td><td rowspan="1" colspan="1"><p>20200289378</p></td><td rowspan="1" colspan="1"><p>Mais</p></td></tr><tr><td rowspan="1" colspan="1"><p>7</p></td><td rowspan="1" colspan="1"><p>21066.009910/2021-04</p></td><td rowspan="1" colspan="1"><p>Alison Lameu</p></td><td rowspan="1" colspan="1"><p>20200961197</p></td><td rowspan="1" colspan="1"><p>Mais</p></td></tr><tr><td rowspan="1" colspan="1"><p>8</p></td><td rowspan="1" colspan="1"><p>21066.009154/2021-13</p></td><td rowspan="1" colspan="1"><p>Allan Rogerio Richter</p></td><td rowspan="1" colspan="1"><p>20201354028</p></td><td rowspan="1" colspan="1"><p>Mais</p></td></tr><tr><td rowspan="1" colspan="1"><p>9</p></td><td rowspan="1" colspan="1"><p>21066.010604/2021-11</p></td><td rowspan="1" colspan="1"><p>Andre Goliszevski</p></td><td rowspan="1" colspan="1"><p>20200814023</p></td><td rowspan="1" colspan="1"><p>Tradicional</p></td></tr><tr><td rowspan="1" colspan="1"><p>10</p></td><td rowspan="1" colspan="1"><p>21066.009650/2021-69</p></td><td rowspan="1" colspan="1"><p>Andrisa Cazarotto</p></td><td rowspan="1" colspan="1"><p>20190698568</p></td><td rowspan="1" colspan="1"><p>Mais</p></td></tr><tr><td rowspan="1" colspan="1"><p>11</p></td><td rowspan="1" colspan="1"><p>21066.009350/2021-80</p></td><td rowspan="1" colspan="1"><p>Angelo Antonio Nardi</p></td><td rowspan="1" colspan="1"><p>20191496711</p></td><td rowspan="1" colspan="1"><p>Mais</p></td></tr><tr><td rowspan="1" colspan="1"><p>12</p></td><td rowspan="1" colspan="1"><p>21066.010220/2021-90</p></td><td rowspan="1" colspan="1"><p>Anselmo Bilini</p></td><td rowspan="1" colspan="1"><p>20200729746</p></td><td rowspan="1" colspan="1"><p>Mais</p></td></tr><tr><td rowspan="1" colspan="1"><p>13</p></td><td rowspan="1" colspan="1"><p>21066.009890/2021-63</p></td><td rowspan="1" colspan="1"><p>Antonio Carlos Barros Mota</p></td><td rowspan="1" colspan="1"><p>20190615563</p></td><td rowspan="1" colspan="1"><p>Mais</p></td></tr><tr><td rowspan="1" colspan="1"><p>14</p></td><td rowspan="1" colspan="1"><p>21066.010306/2021-12</p></td><td rowspan="1" colspan="1"><p>Antonio Lenquener</p></td><td rowspan="1" colspan="1"><p>20200988094</p></td><td rowspan="1" colspan="1"><p>Mais</p></td></tr><tr><td rowspan="1" colspan="1"><p>15</p></td><td rowspan="1" colspan="1"><p>21066.010652/2021-09</p></td><td rowspan="1" colspan="1"><p>Ataídes Lopes</p></td><td rowspan="1" colspan="1"><p>20191061069</p></td><td rowspan="1" colspan="1"><p>Mais</p></td></tr><tr><td rowspan="1" colspan="1"><p>16</p></td><td rowspan="1" colspan="1"><p>21066.009674/2021-18</p></td><td rowspan="1" colspan="1"><p>Candido Luiz Canci</p></td><td rowspan="1" colspan="1"><p>20201488529</p></td><td rowspan="1" colspan="1"><p>Mais</p></td></tr><tr><td rowspan="1" colspan="1"><p>17</p></td><td rowspan="1" colspan="1"><p>21066.009526/2021-01</p></td><td rowspan="1" colspan="1"><p>Carlos Arnor Pizoni</p></td><td rowspan="1" colspan="1"><p>20201253435</p></td><td rowspan="1" colspan="1"><p>Mais</p></td></tr><tr><td rowspan="1" colspan="1"><p>18</p></td><td rowspan="1" colspan="1"><p>21066.009794/2021-15</p></td><td rowspan="1" colspan="1"><p>Carlos Eduardo Floriano</p></td><td rowspan="1" colspan="1"><p>20200376493</p></td><td rowspan="1" colspan="1"><p>Mais</p></td></tr><tr><td rowspan="1" colspan="1"><p>19</p></td><td rowspan="1" colspan="1"><p>21066.009648/2021-90</p></td><td rowspan="1" colspan="1"><p>Cecilia Elmira Goldschmidt</p></td><td rowspan="1" colspan="1"><p>20201043517</p></td><td rowspan="1" colspan="1"><p>Mais</p></td></tr><tr><td rowspan="1" colspan="1"><p>20</p></td><td rowspan="1" colspan="1"><p>21066.009654/2021-47</p></td><td rowspan="1" colspan="1"><p>Cezar André Soares</p></td><td rowspan="1" colspan="1"><p>20190782791</p></td><td rowspan="1" colspan="1"><p>Mais</p></td></tr><tr><td rowspan="1" colspan="1"><p>21</p></td><td rowspan="1" colspan="1"><p>21066.009856/2021-99</p></td><td rowspan="1" colspan="1"><p>Claudemir Aparecido Meneguette</p></td><td rowspan="1" colspan="1"><p>20200173523</p></td><td rowspan="1" colspan="1"><p>Tradicional</p></td></tr><tr><td rowspan="1" colspan="1"><p>22</p></td><td rowspan="1" colspan="1"><p>21066.009656/2021-36</p></td><td rowspan="1" colspan="1"><p>Claudia Aparecida Barbosa</p></td><td rowspan="1" colspan="1"><p>20190882408</p></td><td rowspan="1" colspan="1"><p>Mais</p></td></tr><tr><td rowspan="1" colspan="1"><p>23</p></td><td rowspan="1" colspan="1"><p>21066.009896/2021-31</p></td><td rowspan="1" colspan="1"><p>Clidiomar Mates</p></td><td rowspan="1" colspan="1"><p>20201241920</p></td><td rowspan="1" colspan="1"><p>Mais</p></td></tr><tr><td rowspan="1" colspan="1"><p>24</p></td><td rowspan="1" colspan="1"><p>21066.009144/2021-70</p></td><td rowspan="1" colspan="1"><p>Cristiano Joao Scaratti</p></td><td rowspan="1" colspan="1"><p>20200449257</p></td><td rowspan="1" colspan="1"><p>Mais</p></td></tr><tr><td rowspan="1" colspan="1"><p>25</p></td><td rowspan="1" colspan="1"><p>21066.009846/2021-53</p></td><td rowspan="1" colspan="1"><p>Cypriano Scherer Vieira</p></td><td rowspan="1" colspan="1"><p>20200774831</p></td><td rowspan="1" colspan="1"><p>Tradicional</p></td></tr><tr><td rowspan="1" colspan="1"><p>26</p></td><td rowspan="1" colspan="1"><p>21066.010076/2021-91</p></td><td rowspan="1" colspan="1"><p>Daltro Sangali De Souza</p></td><td rowspan="1" colspan="1"><p>20191034286</p></td><td rowspan="1" colspan="1"><p>Mais</p></td></tr><tr><td rowspan="1" colspan="1"><p>27</p></td><td rowspan="1" colspan="1"><p>21066.009672/2021-29</p></td><td rowspan="1" colspan="1"><p>Devaldino Demarchi</p></td><td rowspan="1" colspan="1"><p>20190705559</p></td><td rowspan="1" colspan="1"><p>Mais</p></td></tr><tr><td rowspan="1" colspan="1"><p>28</p></td><td rowspan="1" colspan="1"><p>21066.009640/2021-23</p></td><td rowspan="1" colspan="1"><p>Diego Jose Zanoto</p></td><td rowspan="1" colspan="1"><p>20200508697</p></td><td rowspan="1" colspan="1"><p>Mais</p></td></tr><tr><td rowspan="1" colspan="1"><p>29</p></td><td rowspan="1" colspan="1"><p>21066.009754/2021-73</p></td><td rowspan="1" colspan="1"><p>Djar Julian Neuhaus</p></td><td rowspan="1" colspan="1"><p>20201058108</p></td><td rowspan="1" colspan="1"><p>Mais</p></td></tr><tr><td rowspan="1" colspan="1"><p>30</p></td><td rowspan="1" colspan="1"><p>21066.010296/2021-15</p></td><td rowspan="1" colspan="1"><p>Domingo Chimello</p></td><td rowspan="1" colspan="1"><p>20200747848</p></td><td rowspan="1" colspan="1"><p>Mais</p></td></tr><tr><td rowspan="1" colspan="1"><p>31</p></td><td rowspan="1" colspan="1"><p>21066.009706/2021-85</p></td><td rowspan="1" colspan="1"><p>Domingos João Basso</p></td><td rowspan="1" colspan="1"><p>20190707614</p></td><td rowspan="1" colspan="1"><p>Mais</p></td></tr><tr><td rowspan="1" colspan="1"><p>32</p></td><td rowspan="1" colspan="1"><p>21066.009758/2021-51</p></td><td rowspan="1" colspan="1"><p>Doralice Steinheuser</p></td><td rowspan="1" colspan="1"><p>20200511247</p></td><td rowspan="1" colspan="1"><p>Mais</p></td></tr><tr><td rowspan="1" colspan="1"><p>33</p></td><td rowspan="1" colspan="1"><p>21066.009342/2021-33</p></td><td rowspan="1" colspan="1"><p>Douglas Marcelo Diekel</p></td><td rowspan="1" colspan="1"><p>20191596421</p></td><td rowspan="1" colspan="1"><p>Mais</p></td></tr><tr><td rowspan="1" colspan="1"><p>34</p></td><td rowspan="1" colspan="1"><p>21066.009534/2021-40</p></td><td rowspan="1" colspan="1"><p>Douglas Thomas</p></td><td rowspan="1" colspan="1"><p>20201517775</p></td><td rowspan="1" colspan="1"><p>Mais</p></td></tr><tr><td rowspan="1" colspan="1"><p>35</p></td><td rowspan="1" colspan="1"><p>21066.009518/2021-57</p></td><td rowspan="1" colspan="1"><p>Edemar Jose Winkelmann</p></td><td rowspan="1" colspan="1"><p>20191256153</p></td><td rowspan="1" colspan="1"><p>Mais</p></td></tr><tr><td rowspan="1" colspan="1"><p>36</p></td><td rowspan="1" colspan="1"><p>21066.009528/2021-92</p></td><td rowspan="1" colspan="1"><p>Edmundo Szymanski</p></td><td rowspan="1" colspan="1"><p>20191044556</p></td><td rowspan="1" colspan="1"><p>Mais</p></td></tr><tr><td rowspan="1" colspan="1"><p>37</p></td><td rowspan="1" colspan="1"><p>21066.004662/2020-16</p></td><td rowspan="1" colspan="1"><p>Eduardo Lipreri</p></td><td rowspan="1" colspan="1"><p>20191198324</p></td><td rowspan="1" colspan="1"><p>Mais</p></td></tr><tr><td rowspan="1" colspan="1"><p>38</p></td><td rowspan="1" colspan="1"><p>21066.009914/2021-84</p></td><td rowspan="1" colspan="1"><p>Elemar Pozenatto</p></td><td rowspan="1" colspan="1"><p>20191414048</p></td><td rowspan="1" colspan="1"><p>Mais</p></td></tr><tr><td rowspan="1" colspan="1"><p>39</p></td><td rowspan="1" colspan="1"><p>21066.010514/2021-11</p></td><td rowspan="1" colspan="1"><p>Elmar Konrad</p></td><td rowspan="1" colspan="1"><p>20190374954</p></td><td rowspan="1" colspan="1"><p>Tradicional</p></td></tr><tr><td rowspan="1" colspan="1"><p>40</p></td><td rowspan="1" colspan="1"><p>21066.009398/2021-98</p></td><td rowspan="1" colspan="1"><p>Emerson Marian</p></td><td rowspan="1" colspan="1"><p>20200159702</p></td><td rowspan="1" colspan="1"><p>Mais</p></td></tr><tr><td rowspan="1" colspan="1"><p>41</p></td><td rowspan="1" colspan="1"><p>21066.009926/2021-17</p></td><td rowspan="1" colspan="1"><p>Ermes Felippi</p></td><td rowspan="1" colspan="1"><p>20200766912</p></td><td rowspan="1" colspan="1"><p>Mais</p></td></tr><tr><td rowspan="1" colspan="1"><p>42</p></td><td rowspan="1" colspan="1"><p>21066.009832/2021-30</p></td><td rowspan="1" colspan="1"><p>Esmeralda Pereira Dos Santos</p></td><td rowspan="1" colspan="1"><p>20200311225</p></td><td rowspan="1" colspan="1"><p>Mais</p></td></tr><tr><td rowspan="1" colspan="1"><p>43</p></td><td rowspan="1" colspan="1"><p>21066.009738/2021-81</p></td><td rowspan="1" colspan="1"><p>Eugenio Veradka</p></td><td rowspan="1" colspan="1"><p>20200926837</p></td><td rowspan="1" colspan="1"><p>Mais</p></td></tr><tr><td rowspan="1" colspan="1"><p>44</p></td><td rowspan="1" colspan="1"><p>21066.009652/2021-58</p></td><td rowspan="1" colspan="1"><p>Fabiana Barili</p></td><td rowspan="1" colspan="1"><p>20200252739</p></td><td rowspan="1" colspan="1"><p>Mais</p></td></tr><tr><td rowspan="1" colspan="1"><p>45</p></td><td rowspan="1" colspan="1"><p>21066.010232/2021-14</p></td><td rowspan="1" colspan="1"><p>Flavio De Araujo</p></td><td rowspan="1" colspan="1"><p>20200288266</p></td><td rowspan="1" colspan="1"><p>Mais</p></td></tr><tr><td rowspan="1" colspan="1"><p>46</p></td><td rowspan="1" colspan="1"><p>21066.009574/2021-91</p></td><td rowspan="1" colspan="1"><p>Gabriel Leal De Sousa</p></td><td rowspan="1" colspan="1"><p>20191486283</p></td><td rowspan="1" colspan="1"><p>Mais</p></td></tr><tr><td rowspan="1" colspan="1"><p>47</p></td><td rowspan="1" colspan="1"><p>21066.010110/2021-28</p></td><td rowspan="1" colspan="1"><p>Gerson Klein</p></td><td rowspan="1" colspan="1"><p>20191223059</p></td><td rowspan="1" colspan="1"><p>Mais</p></td></tr><tr><td rowspan="1" colspan="1"><p>48</p></td><td rowspan="1" colspan="1"><p>21066.009678/2021-04</p></td><td rowspan="1" colspan="1"><p>Gilberto Julio Leiser</p></td><td rowspan="1" colspan="1"><p>20201108985</p></td><td rowspan="1" colspan="1"><p>Mais</p></td></tr><tr><td rowspan="1" colspan="1"><p>49</p></td><td rowspan="1" colspan="1"><p>21066.009492/2021-47</p></td><td rowspan="1" colspan="1"><p>Gilmar Brezolin</p></td><td rowspan="1" colspan="1"><p>20200497368</p></td><td rowspan="1" colspan="1"><p>Mais</p></td></tr><tr><td rowspan="1" colspan="1"><p>50</p></td><td rowspan="1" colspan="1"><p>21066.009594/2021-62</p></td><td rowspan="1" colspan="1"><p>Glaci Maribel Krossin Lacerda</p></td><td rowspan="1" colspan="1"><p>2019127296</p></td><td rowspan="1" colspan="1"><p>Mais</p></td></tr><tr><td rowspan="1" colspan="1"><p>51</p></td><td rowspan="1" colspan="1"><p>21066.010070/2021-14</p></td><td rowspan="1" colspan="1"><p>Ivo Dias Bernardo</p></td><td rowspan="1" colspan="1"><p>20191054895</p></td><td rowspan="1" colspan="1"><p>Mais</p></td></tr><tr><td rowspan="1" colspan="1"><p>52</p></td><td rowspan="1" colspan="1"><p>21066.009734/2021-01</p></td><td rowspan="1" colspan="1"><p>Jair Dal Castel</p></td><td rowspan="1" colspan="1"><p>20191069401</p></td><td rowspan="1" colspan="1"><p>Mais</p></td></tr><tr><td rowspan="1" colspan="1"><p>53</p></td><td rowspan="1" colspan="1"><p>21066.009348/2021-19</p></td><td rowspan="1" colspan="1"><p>Jaison Da Silva</p></td><td rowspan="1" colspan="1"><p>20191188150</p></td><td rowspan="1" colspan="1"><p>Mais</p></td></tr><tr><td rowspan="1" colspan="1"><p>54</p></td><td rowspan="1" colspan="1"><p>21066.009718/2021-18</p></td><td rowspan="1" colspan="1"><p>Joao Seleste Schmidt</p></td><td rowspan="1" colspan="1"><p>20190628516</p></td><td rowspan="1" colspan="1"><p>Mais</p></td></tr><tr><td rowspan="1" colspan="1"><p>55</p></td><td rowspan="1" colspan="1"><p>21066.009636/2021-65</p></td><td rowspan="1" colspan="1"><p>Joel De Oliveira Cardoso</p></td><td rowspan="1" colspan="1"><p>20191209920</p></td><td rowspan="1" colspan="1"><p>Mais</p></td></tr><tr><td rowspan="1" colspan="1"><p>56</p></td><td rowspan="1" colspan="1"><p>21066.009766/2021-06</p></td><td rowspan="1" colspan="1"><p>Jose Bailke</p></td><td rowspan="1" colspan="1"><p>20200751448</p></td><td rowspan="1" colspan="1"><p>Mais</p></td></tr><tr><td rowspan="1" colspan="1"><p>57</p></td><td rowspan="1" colspan="1"><p>21066.009760/2021-21</p></td><td rowspan="1" colspan="1"><p>Jose Roberto Barbosa</p></td><td rowspan="1" colspan="1"><p>20200298015</p></td><td rowspan="1" colspan="1"><p>Mais</p></td></tr><tr><td rowspan="1" colspan="1"><p>58</p></td><td rowspan="1" colspan="1"><p>21066.009924/2021-10</p></td><td rowspan="1" colspan="1"><p>Jose Tonetta</p></td><td rowspan="1" colspan="1"><p>20201181665</p></td><td rowspan="1" colspan="1"><p>Mais</p></td></tr><tr><td rowspan="1" colspan="1"><p>59</p></td><td rowspan="1" colspan="1"><p>21066.009810/2021-70</p></td><td rowspan="1" colspan="1"><p>Joslaine Klein</p></td><td rowspan="1" colspan="1"><p>20200115748</p></td><td rowspan="1" colspan="1"><p>Mais</p></td></tr><tr><td rowspan="1" colspan="1"><p>60</p></td><td rowspan="1" colspan="1"><p>21066.009390/2021-21</p></td><td rowspan="1" colspan="1"><p>João Felipe Pagnossin Fernandes</p></td><td rowspan="1" colspan="1"><p>20190832761</p></td><td rowspan="1" colspan="1"><p>Mais</p></td></tr><tr><td rowspan="1" colspan="1"><p>61</p></td><td rowspan="1" colspan="1"><p>21066.009632/2021-87</p></td><td rowspan="1" colspan="1"><p>João Sergio Bianchi</p></td><td rowspan="1" colspan="1"><p>20190882200</p></td><td rowspan="1" colspan="1"><p>Mais</p></td></tr><tr><td rowspan="1" colspan="1"><p>62</p></td><td rowspan="1" colspan="1"><p>21066.009560/2021-78</p></td><td rowspan="1" colspan="1"><p>Laerson Joel Woszezenki</p></td><td rowspan="1" colspan="1"><p>20191034136</p></td><td rowspan="1" colspan="1"><p>Mais</p></td></tr><tr><td rowspan="1" colspan="1"><p>63</p></td><td rowspan="1" colspan="1"><p>21066.009680/2021-75</p></td><td rowspan="1" colspan="1"><p>Leivo Antonio Molinari</p></td><td rowspan="1" colspan="1"><p>20171453589</p></td><td rowspan="1" colspan="1"><p>Tradicional</p></td></tr><tr><td rowspan="1" colspan="1"><p>64</p></td><td rowspan="1" colspan="1"><p>21066.009784/2021-80</p></td><td rowspan="1" colspan="1"><p>Lenir De Fátima Vieira De Vargas</p></td><td rowspan="1" colspan="1"><p>20200061828</p></td><td rowspan="1" colspan="1"><p>Mais</p></td></tr><tr><td rowspan="1" colspan="1"><p>65</p></td><td rowspan="1" colspan="1"><p>21066.009850/2021-11</p></td><td rowspan="1" colspan="1"><p>Leonir Antonio Erkmann</p></td><td rowspan="1" colspan="1"><p>20200562669</p></td><td rowspan="1" colspan="1"><p>Mais</p></td></tr><tr><td rowspan="1" colspan="1"><p>66</p></td><td rowspan="1" colspan="1"><p>21066.009354/2021-68</p></td><td rowspan="1" colspan="1"><p>Lezandro Vicente Bottega Lagunde</p></td><td rowspan="1" colspan="1"><p>20200432633</p></td><td rowspan="1" colspan="1"><p>Tradicional</p></td></tr><tr><td rowspan="1" colspan="1"><p>67</p></td><td rowspan="1" colspan="1"><p>21066.009872/2021-81</p></td><td rowspan="1" colspan="1"><p>Lorivaldo Zandona</p></td><td rowspan="1" colspan="1"><p>20200921692</p></td><td rowspan="1" colspan="1"><p>Mais</p></td></tr><tr><td rowspan="1" colspan="1"><p>68</p></td><td rowspan="1" colspan="1"><p>21066.010504/2021-86</p></td><td rowspan="1" colspan="1"><p>Lucemar Forgearine</p></td><td rowspan="1" colspan="1"><p>20191324493</p></td><td rowspan="1" colspan="1"><p>Mais</p></td></tr><tr><td rowspan="1" colspan="1"><p>69</p></td><td rowspan="1" colspan="1"><p>21066.009682/2021-64</p></td><td rowspan="1" colspan="1"><p>Lucia Elena Brunozi Mingardi</p></td><td rowspan="1" colspan="1"><p>20201174916</p></td><td rowspan="1" colspan="1"><p>Mais</p></td></tr><tr><td rowspan="1" colspan="1"><p>70</p></td><td rowspan="1" colspan="1"><p>21066.009664/2021-82</p></td><td rowspan="1" colspan="1"><p>Luciano Da Silva Santos</p></td><td rowspan="1" colspan="1"><p>20200382855</p></td><td rowspan="1" colspan="1"><p>Mais</p></td></tr><tr><td rowspan="1" colspan="1"><p>71</p></td><td rowspan="1" colspan="1"><p>21066.009878/2021-59</p></td><td rowspan="1" colspan="1"><p>Manoel De Jesus Santos</p></td><td rowspan="1" colspan="1"><p>20190483801</p></td><td rowspan="1" colspan="1"><p>Mais</p></td></tr><tr><td rowspan="1" colspan="1"><p>72</p></td><td rowspan="1" colspan="1"><p>21066.009692/2021-08</p></td><td rowspan="1" colspan="1"><p>Marcelo Riedo</p></td><td rowspan="1" colspan="1"><p>20191561505</p></td><td rowspan="1" colspan="1"><p>Tradicional</p></td></tr><tr><td rowspan="1" colspan="1"><p>73</p></td><td rowspan="1" colspan="1"><p>21066.009728/2021-45</p></td><td rowspan="1" colspan="1"><p>Marcio Andre Dick</p></td><td rowspan="1" colspan="1"><p>20201313208</p></td><td rowspan="1" colspan="1"><p>Mais</p></td></tr><tr><td rowspan="1" colspan="1"><p>74</p></td><td rowspan="1" colspan="1"><p>21066.009612/2021-14</p></td><td rowspan="1" colspan="1"><p>Marcio Andre Ochoa Amaral</p></td><td rowspan="1" colspan="1"><p>20200115581</p></td><td rowspan="1" colspan="1"><p>Tradicional</p></td></tr><tr><td rowspan="1" colspan="1"><p>75</p></td><td rowspan="1" colspan="1"><p>21066.009762/2021-10</p></td><td rowspan="1" colspan="1"><p>Marcio Renato Megier</p></td><td rowspan="1" colspan="1"><p>20200588740</p></td><td rowspan="1" colspan="1"><p>Mais</p></td></tr><tr><td rowspan="1" colspan="1"><p>76</p></td><td rowspan="1" colspan="1"><p>21066.009882/2021-17</p></td><td rowspan="1" colspan="1"><p>Marcio Wazlawick</p></td><td rowspan="1" colspan="1"><p>20200065426</p></td><td rowspan="1" colspan="1"><p>Tradicional</p></td></tr><tr><td rowspan="1" colspan="1"><p>77</p></td><td rowspan="1" colspan="1"><p>21066.009712/2021-32</p></td><td rowspan="1" colspan="1"><p>Marco Antonio Deretti</p></td><td rowspan="1" colspan="1"><p>20181183431</p></td><td rowspan="1" colspan="1"><p>Mais</p></td></tr><tr><td rowspan="1" colspan="1"><p>78</p></td><td rowspan="1" colspan="1"><p>21066.009796/2021-12</p></td><td rowspan="1" colspan="1"><p>Marcos Alberto Scaravonatto</p></td><td rowspan="1" colspan="1"><p>20200225127</p></td><td rowspan="1" colspan="1"><p>Mais</p></td></tr><tr><td rowspan="1" colspan="1"><p>79</p></td><td rowspan="1" colspan="1"><p>21066.009930/2021-77</p></td><td rowspan="1" colspan="1"><p>Maria Luiza Macieski</p></td><td rowspan="1" colspan="1"><p>20191345639</p></td><td rowspan="1" colspan="1"><p>Tradicional</p></td></tr><tr><td rowspan="1" colspan="1"><p>80</p></td><td rowspan="1" colspan="1"><p>21066.009562/2021-67</p></td><td rowspan="1" colspan="1"><p>Maria Zanete Pedrodo</p></td><td rowspan="1" colspan="1"><p>20200878276</p></td><td rowspan="1" colspan="1"><p>Mais</p></td></tr><tr><td rowspan="1" colspan="1"><p>81</p></td><td rowspan="1" colspan="1"><p>21066.002501/2019-54</p></td><td rowspan="1" colspan="1"><p>Marilene Liecheski Pizatto</p></td><td rowspan="1" colspan="1"><p>20181359447</p></td><td rowspan="1" colspan="1"><p>Mais</p></td></tr><tr><td rowspan="1" colspan="1"><p>82</p></td><td rowspan="1" colspan="1"><p>21066.009786/2021-79</p></td><td rowspan="1" colspan="1"><p>Marina Isabel Schettert Kerschner</p></td><td rowspan="1" colspan="1"><p>20190773505</p></td><td rowspan="1" colspan="1"><p>Mais</p></td></tr><tr><td rowspan="1" colspan="1"><p>83</p></td><td rowspan="1" colspan="1"><p>21066.009788/2021-68</p></td><td rowspan="1" colspan="1"><p>Mario Freese</p></td><td rowspan="1" colspan="1"><p>20190969879</p></td><td rowspan="1" colspan="1"><p>Mais</p></td></tr><tr><td rowspan="1" colspan="1"><p>84</p></td><td rowspan="1" colspan="1"><p>21066.009764/2021-17</p></td><td rowspan="1" colspan="1"><p>Mario Megier</p></td><td rowspan="1" colspan="1"><p>20200581415</p></td><td rowspan="1" colspan="1"><p>Mais</p></td></tr><tr><td rowspan="1" colspan="1"><p>85</p></td><td rowspan="1" colspan="1"><p>21066.009864/2021-35</p></td><td rowspan="1" colspan="1"><p>Mario Possato Duarte</p></td><td rowspan="1" colspan="1"><p>20201125592</p></td><td rowspan="1" colspan="1"><p>Mais</p></td></tr><tr><td rowspan="1" colspan="1"><p>86</p></td><td rowspan="1" colspan="1"><p>21066.009470/2021-87</p></td><td rowspan="1" colspan="1"><p>Milton Jose Mehler</p></td><td rowspan="1" colspan="1"><p>20200909731</p></td><td rowspan="1" colspan="1"><p>Mais</p></td></tr><tr><td rowspan="1" colspan="1"><p>87</p></td><td rowspan="1" colspan="1"><p>21066.009812/2021-69</p></td><td rowspan="1" colspan="1"><p>Narcizo Capra</p></td><td rowspan="1" colspan="1"><p>20190885800</p></td><td rowspan="1" colspan="1"><p>Tradicional</p></td></tr><tr><td rowspan="1" colspan="1"><p>88</p></td><td rowspan="1" colspan="1"><p>21066.010230/2021-25</p></td><td rowspan="1" colspan="1"><p>Neroci Lopes Da Silva</p></td><td rowspan="1" colspan="1"><p>20191444488</p></td><td rowspan="1" colspan="1"><p>Mais</p></td></tr><tr><td rowspan="1" colspan="1"><p>89</p></td><td rowspan="1" colspan="1"><p>21066.009340/2021-44</p></td><td rowspan="1" colspan="1"><p>Odair Joel Fochesato</p></td><td rowspan="1" colspan="1"><p>20191653586</p></td><td rowspan="1" colspan="1"><p>Tradicional</p></td></tr><tr><td rowspan="1" colspan="1"><p>90</p></td><td rowspan="1" colspan="1"><p>21066.009668/2021-61</p></td><td rowspan="1" colspan="1"><p>Paulo Sergio Biazotti</p></td><td rowspan="1" colspan="1"><p>20191369178</p></td><td rowspan="1" colspan="1"><p>Mais</p></td></tr><tr><td rowspan="1" colspan="1"><p>91</p></td><td rowspan="1" colspan="1"><p>21066.010224/2021-78</p></td><td rowspan="1" colspan="1"><p>Paulo Soran Dalenogare</p></td><td rowspan="1" colspan="1"><p>20200912359</p></td><td rowspan="1" colspan="1"><p>Mais</p></td></tr><tr><td rowspan="1" colspan="1"><p>92</p></td><td rowspan="1" colspan="1"><p>21066.009698/2021-77</p></td><td rowspan="1" colspan="1"><p>Pedro Fornaciari</p></td><td rowspan="1" colspan="1"><p>20191280497</p></td><td rowspan="1" colspan="1"><p>Mais</p></td></tr><tr><td rowspan="1" colspan="1"><p>93</p></td><td rowspan="1" colspan="1"><p>21066.009710/2021-43</p></td><td rowspan="1" colspan="1"><p>Pedro Sbardelotto</p></td><td rowspan="1" colspan="1"><p>20200918600</p></td><td rowspan="1" colspan="1"><p>Tradicional</p></td></tr><tr><td rowspan="1" colspan="1"><p>94</p></td><td rowspan="1" colspan="1"><p>21066.009836/2021-18</p></td><td rowspan="1" colspan="1"><p>Pedro Signor</p></td><td rowspan="1" colspan="1"><p>20190638852</p></td><td rowspan="1" colspan="1"><p>Mais</p></td></tr><tr><td rowspan="1" colspan="1"><p>95</p></td><td rowspan="1" colspan="1"><p>21066.009596/2021-51</p></td><td rowspan="1" colspan="1"><p>Rafael Camargo Dolci</p></td><td rowspan="1" colspan="1"><p>20200406820</p></td><td rowspan="1" colspan="1"><p>Mais</p></td></tr><tr><td rowspan="1" colspan="1"><p>96</p></td><td rowspan="1" colspan="1"><p>21066.009818/2021-36</p></td><td rowspan="1" colspan="1"><p>Reinaldo Jose Da Silva</p></td><td rowspan="1" colspan="1"><p>20200051024</p></td><td rowspan="1" colspan="1"><p>Mais</p></td></tr><tr><td rowspan="1" colspan="1"><p>97</p></td><td rowspan="1" colspan="1"><p>21066.003730/2020-20</p></td><td rowspan="1" colspan="1"><p>Rejane Ines De Mello Menegaz</p></td><td rowspan="1" colspan="1"><p>2018453646</p></td><td rowspan="1" colspan="1"><p>Tradicional</p></td></tr><tr><td rowspan="1" colspan="1"><p>98</p></td><td rowspan="1" colspan="1"><p>21066.011236/2021-10</p></td><td rowspan="1" colspan="1"><p>Roberto Piati</p></td><td rowspan="1" colspan="1"><p>20201261346</p></td><td rowspan="1" colspan="1"><p>Mais</p></td></tr><tr><td rowspan="1" colspan="1"><p>99</p></td><td rowspan="1" colspan="1"><p>21066.009598/2021-41</p></td><td rowspan="1" colspan="1"><p>Roberto Strada</p></td><td rowspan="1" colspan="1"><p>20191030737</p></td><td rowspan="1" colspan="1"><p>Mais</p></td></tr><tr><td rowspan="1" colspan="1"><p>100</p></td><td rowspan="1" colspan="1"><p>21066.009746/2021-27</p></td><td rowspan="1" colspan="1"><p>Rodrigo Magnabosco</p></td><td rowspan="1" colspan="1"><p>20191622243</p></td><td rowspan="1" colspan="1"><p>Mais</p></td></tr><tr><td rowspan="1" colspan="1"><p>101</p></td><td rowspan="1" colspan="1"><p>21066.009290/2021-03</p></td><td rowspan="1" colspan="1"><p>Romeu Hoffstaeter</p></td><td rowspan="1" colspan="1"><p>20200335804</p></td><td rowspan="1" colspan="1"><p>Mais</p></td></tr><tr><td rowspan="1" colspan="1"><p>102</p></td><td rowspan="1" colspan="1"><p>21066.009676/2021-15</p></td><td rowspan="1" colspan="1"><p>Ronaldo Aparecido Rodrigues</p></td><td rowspan="1" colspan="1"><p>20190711519</p></td><td rowspan="1" colspan="1"><p>Mais</p></td></tr><tr><td rowspan="1" colspan="1"><p>103</p></td><td rowspan="1" colspan="1"><p>21066.009838/2021-15</p></td><td rowspan="1" colspan="1"><p>Rosane Neu</p></td><td rowspan="1" colspan="1"><p>20191042504</p></td><td rowspan="1" colspan="1"><p>Mais</p></td></tr><tr><td rowspan="1" colspan="1"><p>104</p></td><td rowspan="1" colspan="1"><p>21066.009414/2021-42</p></td><td rowspan="1" colspan="1"><p>Sandra Ap. Borges Maran</p></td><td rowspan="1" colspan="1"><p>20200807071</p></td><td rowspan="1" colspan="1"><p>Mais</p></td></tr><tr><td rowspan="1" colspan="1"><p>105</p></td><td rowspan="1" colspan="1"><p>21066.011186/2021-71</p></td><td rowspan="1" colspan="1"><p>Silmo Jose Schafer</p></td><td rowspan="1" colspan="1"><p>20201013937</p></td><td rowspan="1" colspan="1"><p>Mais</p></td></tr><tr><td rowspan="1" colspan="1"><p>106</p></td><td rowspan="1" colspan="1"><p>21066.009604/2021-60</p></td><td rowspan="1" colspan="1"><p>Uelinton Marcelo Wolf Senger</p></td><td rowspan="1" colspan="1"><p>20191255703</p></td><td rowspan="1" colspan="1"><p>Mais</p></td></tr><tr><td rowspan="1" colspan="1"><p>107</p></td><td rowspan="1" colspan="1"><p>21066.009848/2021-42</p></td><td rowspan="1" colspan="1"><p>Valdemir Claudio Parisotto</p></td><td rowspan="1" colspan="1"><p>20190773495</p></td><td rowspan="1" colspan="1"><p>Mais</p></td></tr><tr><td rowspan="1" colspan="1"><p>108</p></td><td rowspan="1" colspan="1"><p>21066.007350/2020-64</p></td><td rowspan="1" colspan="1"><p>Valerio Baldin</p></td><td rowspan="1" colspan="1"><p>20190855811</p></td><td rowspan="1" colspan="1"><p>Mais</p></td></tr><tr><td rowspan="1" colspan="1"><p>109</p></td><td rowspan="1" colspan="1"><p>21066.009608/2021-48</p></td><td rowspan="1" colspan="1"><p>Vanderlei Augustinho Fogalli</p></td><td rowspan="1" colspan="1"><p>20200232385</p></td><td rowspan="1" colspan="1"><p>Mais</p></td></tr><tr><td rowspan="1" colspan="1"><p>110</p></td><td rowspan="1" colspan="1"><p>21066.009844/2021-64</p></td><td rowspan="1" colspan="1"><p>Vanderlei Oliveira Becker</p></td><td rowspan="1" colspan="1"><p>20190842109</p></td><td rowspan="1" colspan="1"><p>Mais</p></td></tr><tr><td rowspan="1" colspan="1"><p>111</p></td><td rowspan="1" colspan="1"><p>21066.009626/2021-20</p></td><td rowspan="1" colspan="1"><p>Vera Lucia Avrella Canssi</p></td><td rowspan="1" colspan="1"><p>20200111679</p></td><td rowspan="1" colspan="1"><p>Mais</p></td></tr><tr><td rowspan="1" colspan="1"><p>112</p></td><td rowspan="1" colspan="1"><p>21066.009584/2021-27</p></td><td rowspan="1" colspan="1"><p>Vilmar Hasse</p></td><td rowspan="1" colspan="1"><p>20191581770</p></td><td rowspan="1" colspan="1"><p>Mais</p></td></tr><tr><td rowspan="1" colspan="1"><p>113</p></td><td rowspan="1" colspan="1"><p>21066.009920/2021-31</p></td><td rowspan="1" colspan="1"><p>Waldir Cerilo Morello</p></td><td rowspan="1" colspan="1"><p>20200782693</p></td><td rowspan="1" colspan="1"><p>Mais</p></td></tr></table><p>Art. 2º. Esta Resolução entra em vigor na data de sua publicação.</p><p class="assina">GUILHERME SORIA BASTOS FILHO</p><p class="cargo">Presidente Comissão Especial de Recursos</p>]]></Texto>
  </body>
  <Midias />
</article></xml>