﻿<xml><article id="27703930" name="Port. 354 ATUALIZAR GTA Anabelle" idOficio="7355000" pubName="DO1" artType="Portaria" pubDate="25/08/2022" artClass="00007:00003:00043:00000:00000:00000:00000:00000:00000:00000:00054:00003" artCategory="Ministério da Agricultura, Pecuária e Abastecimento/Secretaria Executiva/Superintendência Federal de Agricultura, Pecuária e Abastecimento do Rio de Janeiro" artSize="12" artNotes="" numberPage="17" pdfPage="http://pesquisa.in.gov.br/imprensa/jsp/visualiza/index.jsp?data=25/08/2022&amp;jornal=515&amp;pagina=17" editionNumber="162" highlightType="" highlightPriority="" highlight="" highlightimage="" highlightimagename="" idMateria="14835623">
  <body>
    <Identifica><![CDATA[ PORTARIAS nº 354, de 23 de agosto de  2022]]></Identifica>
    <Data><![CDATA[]]></Data>
    <Ementa />
    <Titulo />
    <SubTitulo />
    <Texto><![CDATA[<p class="identifica">PORTARIAS nº 354, de 23 de agosto de 2022</p><p>A SUPERINTENDENTE FEDERAL DE AGRICULTURA NO ESTADO DO RIO DE JANEIRO, no uso das atribuições que lhe confere o Regimento Interno da Secretaria Executiva, aprovado pela Portaria Ministerial nº 561, de 11 de abril de 2018, publicado no Diário Oficial da União de 13 de abril de 2018 e</p><p>Considerando tendo em vista o disposto no Regulamento do Serviço de Defesa Sanitária Animal, aprovado pelo Decreto nº 24.548, de 03 de julho de 1934 e</p><p>Considerando o que determina a Instrução Normativa nº 22, de 20 de junho de 2013 e</p><p>Considerando o atendimento as exigências normativas e observado parecer favorável da Secretaria de Estado de Agricultura, Pecuária, Pesca e Abastecimento e</p><p>Considerando ainda o disposto no processo eletrônico nº21044.001132/2022-36, resolve:</p><p>Art. 1º - ATUALIZAR a habilitação da médica Veterinária ANABELLE CALDERONE CARNEIRO NASCIMENTO, não vinculada ao Serviço Oficial de Defesa Sanitária Animal, para a emissão de Guia de Trânsito Animal - GTA, referente à movimentação de Animais Silvestres nos Municípios de Barra Mansa, Rio Claro e Volta Redonda, no Estado do Rio de Janeiro, em conformidade com o que determina a Instrução Normativa nº 22 de 20 de junho de 2013, devendo a habilitada observar as normas e dispositivos legais em vigor.</p><p>Art. 2º - Fica revogada a Portaria nº 287, de abril de 2022, publicada na Seção 1 do DOU, de 20/04/2022.</p><p>Art. 3º - Esta Portaria entrará em vigor 7 (sete) após a sua publicação.</p><p class="assina">STELLA ALVES BRANCO ROMANOS</p><p></p>]]></Texto>
  </body>
  <Midias />
</article></xml>