﻿<xml><article id="27696818" name="Extrato 2022-08-24 - Ato 12059 (" idOficio="7353576" pubName="DO1" artType="Ato" pubDate="25/08/2022" artClass="00012:00014:00014:00154:00000:00000:00000:00000:00000:00000:00006:00001" artCategory="Ministério das Comunicações/Agência Nacional de Telecomunicações/Superintendência de Fiscalização/Gerência Regional nos Estados do Paraná e Santa Catarina" artSize="12" artNotes="" numberPage="23" pdfPage="http://pesquisa.in.gov.br/imprensa/jsp/visualiza/index.jsp?data=25/08/2022&amp;jornal=515&amp;pagina=23" editionNumber="162" highlightType="" highlightPriority="" highlight="" highlightimage="" highlightimagename="" idMateria="14833810">
  <body>
    <Identifica><![CDATA[ ATO Nº 12.059, DE 24 DE AGOSTO DE 2022]]></Identifica>
    <Data><![CDATA[]]></Data>
    <Ementa />
    <Titulo />
    <SubTitulo />
    <Texto><![CDATA[<p class="identifica">ATO Nº 12.059, DE 24 DE AGOSTO DE 2022</p><p>Processo nº 53516.010365/2022-12,</p><p>Expede à MARCOS HAUER REICHERT, CPF nº ***.231.407-**, autorização para explorar Serviços de Telecomunicações de Interesse Restrito, por prazo indeterminado, sem caráter de exclusividade, e tendo como área de prestação de serviço todo o território nacional.</p><p class="assina">MARCIO ANTONIO PROTZEK</p><p class="cargo">Gerente Substituto</p>]]></Texto>
  </body>
  <Midias />
</article></xml>