﻿<xml><article id="27698097" name="3343-Altera a Portaria GM MS nA " idOficio="7353881" pubName="DO1" artType="Portaria" pubDate="25/08/2022" artClass="00026:00001:00000:00000:00000:00000:00000:00000:00000:00000:00017:00009" artCategory="Ministério da Saúde/Gabinete do Ministro" artSize="12" artNotes="" numberPage="264" pdfPage="http://pesquisa.in.gov.br/imprensa/jsp/visualiza/index.jsp?data=25/08/2022&amp;jornal=515&amp;pagina=264" editionNumber="162" highlightType="" highlightPriority="" highlight="" highlightimage="" highlightimagename="" idMateria="14834113">
  <body>
    <Identifica><![CDATA[ PORTARIA GM/MS Nº 3.343, DE 23 DE AGOSTO DE 2022]]></Identifica>
    <Data><![CDATA[]]></Data>
    <Ementa><![CDATA[ Altera a Portaria GM/MS de 8 de março de 2021, para possibilitar a subdelegação de competência ao Departamento de Gestão Hospitalar no Estado do Rio de Janeiro]]></Ementa>
    <Titulo />
    <SubTitulo />
    <Texto><![CDATA[<p class="identifica">PORTARIA GM/MS Nº 3.343, DE 23 DE AGOSTO DE 2022</p><p class="ementa">Altera a Portaria GM/MS de 8 de março de 2021, para possibilitar a subdelegação de competência ao Departamento de Gestão Hospitalar no Estado do Rio de Janeiro</p><p>O MINISTRO DE ESTADO DA SAÚDE, no uso das atribuições que lhe conferem os incisos I e II do parágrafo único do art. 87 da Constituição, e tendo em vista o disposto no Decreto nº 10.193, de 27 de dezembro de 2019, resolve:</p><p>Art. 1º A Portaria GM/MS nº 402, de 8 de março de 2021, passa a vigorar com as seguintes alterações:</p><p>"Art.4º.........................................................................................</p><p>§ 3º A vedação de que trata o § 2º não se aplica à subdelegação ao Departamento de Gestão Hospitalar do Estado do Rio de Janeiro, em relação aos contratos com valor inferior a R$ 10.000.000,00 (dez milhões de reais) dos hospitais federais no Rio de Janeiro." (NR)</p><p>"Art.14........................................................................................</p><p>Parágrafo único. A impossibilidade de cumprimento de requisitos previstos nesta Portaria deverá ser justificada, de forma fundamentada, na manifestação técnica prevista no Capítulo III." (NR)</p><p>Art. 2º Esta Portaria entra em vigor na data de sua publicação.</p><p class="assina">MARCELO ANTÔNIO CARTAXO QUEIROGA LOPES</p>]]></Texto>
  </body>
  <Midias />
</article></xml>