﻿<xml><article id="27701657" name="1212 - especializaAAo de oficios" idOficio="7354574" pubName="DO1" artType="Portaria" pubDate="25/08/2022" artClass="00043:00012:00001:00000:00000:00000:00000:00000:00000:00000:00054:00000" artCategory="Ministério Público da União/Ministério Público do Trabalho/Procuradoria-Geral" artSize="12" artNotes="" numberPage="291" pdfPage="http://pesquisa.in.gov.br/imprensa/jsp/visualiza/index.jsp?data=25/08/2022&amp;jornal=515&amp;pagina=291" editionNumber="162" highlightType="" highlightPriority="" highlight="" highlightimage="" highlightimagename="" idMateria="14835083">
  <body>
    <Identifica><![CDATA[ Portaria nº 1.212, de 23 de agosto de 2022]]></Identifica>
    <Data><![CDATA[]]></Data>
    <Ementa><![CDATA[ Dispõe sobre as divisões temáticas especializadas dos Ofícios das Unidades da Procuradoria Regional do Trabalho da 2ª Região. ]]></Ementa>
    <Titulo />
    <SubTitulo />
    <Texto><![CDATA[<p class="identifica">Portaria nº 1.212, de 23 de agosto de 2022</p><p class="ementa">Dispõe sobre as divisões temáticas especializadas dos Ofícios das Unidades da Procuradoria Regional do Trabalho da 2ª Região.</p><p>O PROCURADOR-GERAL DO TRABALHO, no uso da atribuição prevista no inciso XXI do art. 91 da Lei Complementar nº 75, de 20 de maio de 1993, considerando o disposto na Resolução CSMPT nº 132/2016 e na Portaria PGT nº740/2016;</p><p>CONSIDERANDO a solicitação de encerramento da especialização e distribuição temática aos Membros lotados na Procuradoria do Trabalho no Município de Santos/PRT 2ª Região, voltando-se a distribuição geral de todas as áreas temáticas, encaminhada pelo OFÍCIO MPT/PRT-2/GAB nº 14/2022, de 14/02/2022;</p><p>CONSIDERANDO a decisão do Conselho Superior do Ministério Público do Trabalho em sua 215ª Sessão Extraordinária, de 02/08/2022;</p><p>CONSIDERANDO a solicitação de alteração da composição das Divisões Temáticas da Coordenadoria de Primeiro Grau da PRT 2ª Região, encaminhada pelo OFÍCIO MPT/PRT-2/GAB nº 078/2022, de 08/07/2022;</p><p>CONSIDERANDO a decisão do Conselho Superior do Ministério Público do Trabalho em sua 265ª Sessão Ordinária, de 16/08/2022;</p><p>CONSIDERANDO os demais dados e informações constantes dos PGEAs20.02.0203.0000029/2022-70 e 20.02.0200.0004164/2019-29; , resolve:</p><p>Art. 1º Os Ofícios Gerais de 1º Grau da Sede da Procuradoria Regional do Trabalho da 2ª Região integrarão as seguintes Divisões Temáticas Especializadas:</p><p>I - Divisão de Meio Ambiente do Trabalho, composta pelos seguintes ofícios:</p><p>a. 5º Ofício Geral da Sede;</p><p>b. 12º Ofício Geral da Sede;</p><p>c. 29º Ofício Geral da Sede;</p><p>d. 31º Ofício Geral da Sede;</p><p>e. 37º Ofício Geral da Sede;</p><p>f. 41º Ofício Geral da Sede;</p><p>g. 45º Ofício Geral da Sede;</p><p>h. 49º Ofício Geral da Sede;</p><p>i. 52º Ofício Geral da Sede;</p><p>j. 56º Ofício Geral da Sede;</p><p>k. 60º Ofício Geral da Sede;</p><p>l. 61º Ofício Geral da Sede;</p><p>m. 63º Ofício Geral da Sede;</p><p>n. 66º Ofício Geral da Sede;</p><p>o. 27º Ofício Geral da Sede (vinculação facultativa)</p><p>p. 67º Ofício Geral da Sede (vinculação facultativa).</p><p>II - Divisão de Erradicação do Trabalho Escravo e Tráfico de Trabalhadores e Trabalho Indígena, composta pelos seguintes ofícios:</p><p>a. 40º Ofício Geral da Sede;</p><p>b. 43º Ofício Geral da Sede;</p><p>c. 44º Ofício Geral da Sede;</p><p>III - Divisão de Fraudes Trabalhistas, composta pelos seguintes ofícios:</p><p>a. 54º Ofício Geral da Sede;</p><p>b. 55º Ofício Geral da Sede;</p><p>c. 57º Ofício Geral da Sede;</p><p>d. 62º Ofício Geral da Sede;</p><p>e. 64º Ofício Geral da Sede;</p><p>f. 65º Ofício Geral da Sede.</p><p>IV - Divisão de Trabalho na Administração Pública, composta pelos seguintes ofícios:</p><p>a. 27º Ofício Geral da Sede;</p><p>b. 38º Ofício Geral da Sede;</p><p>c. 46º Ofício Geral da Sede;</p><p>d. 67º Ofício Geral da Sede;</p><p>e. 37º Ofício Geral da Sede (vinculação facultativa).</p><p>V - Divisão de Igualdade de Oportunidades e Discriminação nas Relações de Trabalho, composta pelos seguintes ofícios:</p><p>a. 25º Ofício Geral da Sede;</p><p>b. 28º Ofício Geral da Sede;</p><p>c. 32º Ofício Geral da Sede;</p><p>d. 42º Ofício Geral da Sede;</p><p>e. 47º Ofício Geral da Sede;</p><p>f. 50º Ofício Geral da Sede;</p><p>g. 51º Ofício Geral da Sede;</p><p>h. 53º Ofício Geral da Sede;</p><p>i. 34º Ofício Geral da Sede (vinculação facultativa);</p><p>VI - Divisão de Exploração do Trabalho da Criança e do Adolescente, composta pelos seguintes ofícios:</p><p>a. 34º Ofício Geral da Sede;</p><p>b. 35º Ofício Geral da Sede;</p><p>c. 58º Ofício Geral da Sede;</p><p>VII - Divisão de Liberdade e Organização Sindical, composta pelos seguintes ofícios:</p><p>a. 19º Ofício Geral da Sede;</p><p>b. 36º Ofício Geral da Sede;</p><p>c. 39º Ofício Geral da Sede;</p><p>d. 59º Ofício Geral da Sede;</p><p>e. 35º Ofício Geral da Sede (vinculação facultativa).</p><p>VIII - Divisão de Trabalho Portuário e Aquaviário, de vinculação facultativa, composta pelos seguintes ofícios:</p><p>a. 45º Ofício Geral da Sede (vinculação facultativa);</p><p>b. 46º Ofício Geral da Sede (vinculação facultativa);</p><p>c. 66º Ofício Geral da Sede (vinculação facultativa).</p><p>Art. 2º Somente para fins das atribuições previstas no artigo 10, § 8º, da Resolução CSMPT 132/2016, os Ofícios Gerais de 2º Grau da Sede da Procuradoria Regional do Trabalho da 2ª Região integrarão as seguintes Divisões Temáticas Especializadas:</p><p>I - Divisão de Meio Ambiente do Trabalho, composta pelos seguintes ofícios:</p><p>a. 2º Ofício Geral da Sede;</p><p>b. 3º Ofício Geral da Sede;</p><p>c. 4º Ofício Geral da Sede;</p><p>d. 6º Ofício Geral da Sede;</p><p>e. 7º Ofício Geral da Sede;</p><p>f. 10º Ofício Geral da Sede;</p><p>g. 11º Ofício Geral da Sede;</p><p>h. 15º Ofício Geral da Sede;</p><p>i. 16º Ofício Geral da Sede;</p><p>j. 17º Ofício Geral da Sede;</p><p>k. 20º Ofício Geral da Sede;</p><p>l. 26º Ofício Geral da Sede;</p><p>m. 33º Ofício Geral da Sede.</p><p>II - Divisão de Combate à Exploração do Trabalho da Criança e do Adolescente, de Erradicação do Trabalho Escravo e de Promoção de Igualdade de Oportunidades, composta pelos seguintes ofícios:</p><p>a. 1º Ofício Geral da Sede;</p><p>b. 8º Ofício Geral da Sede;</p><p>c. 9º Ofício Geral da Sede;</p><p>d. 14º Ofício Geral da Sede;</p><p>e. 15º Ofício Geral da Sede;</p><p>f. 18º Ofício Geral da Sede;</p><p>g. 22º Ofício Geral da Sede;</p><p>h. 23º Ofício Geral da Sede;</p><p>i. 30º Ofício Geral da Sede;</p><p>j. 48º Ofício Geral da Sede.</p><p>III - Divisão de Combate às Fraudes nas Relações de Trabalho, do Trabalho Portuário e Aquaviário, de Combate às Irregularidades Trabalhistas na Administração Pública e de Promoção da Liberdade Sindical, composta pelos seguintes ofícios:</p><p>a. 13º Ofício Geral da Sede;</p><p>b. 23º Ofício Geral da Sede;</p><p>c. 24º Ofício Geral da Sede.</p><p>Art. 3º Somente para fins das atribuições previstas no artigo 10, § 8º, da Resolução CSMPT 132/2016, os Ofícios Gerais das Procuradorias do Trabalho nos Municípios da PRT da 2ª Região integrarão as seguintes Divisões Temáticas Especializadas:</p><p>I - Divisão de Meio Ambiente do Trabalho, composta pelos seguintes ofícios:</p><p>a. 1º Ofício Geral da Procuradoria do Trabalho no Município de São Bernardo do Campo;</p><p>b. 1º Ofício Geral da Procuradoria do Trabalho no Município de Barueri;</p><p>c. 2º Ofício Geral da Procuradoria do Trabalho no Município de Barueri;</p><p>d. 3º Ofício Geral da Procuradoria do Trabalho no Município de Barueri;</p><p>e. 4º Ofício Geral da Procuradoria do Trabalho no Município de Barueri;</p><p>f. 1º Ofício Geral da Procuradoria do Trabalho no Município de Santos;</p><p>g. 2º Ofício Geral da Procuradoria do Trabalho no Município de Santos;</p><p>h. 3º Ofício Geral da Procuradoria do Trabalho no Município de Santos.</p><p>i. 4º Ofício Geral da Procuradoria do Trabalho no Município de Santos.</p><p>j. 3º Ofício Geral da Procuradoria do Trabalho no Município de Mogi das Cruzes.</p><p>II - Divisão de Fraudes Trabalhistas, composta pelos seguintes ofícios:</p><p>a. 2º Ofício Geral da Procuradoria do Trabalho no Município de São Bernardo do Campo;</p><p>b. 1º Ofício Geral da Procuradoria do Trabalho no Município de Barueri;</p><p>c. 3º Ofício Geral da Procuradoria do Trabalho no Município de Barueri;</p><p>d. 1º Ofício Geral da Procuradoria do Trabalho no Município de Santos;</p><p>e. 2º Ofício Geral da Procuradoria do Trabalho no Município de Santos;</p><p>f. 3º Ofício Geral da Procuradoria do Trabalho no Município de Santos.</p><p>g. 4º Ofício Geral da Procuradoria do Trabalho no Município de Santos.</p><p>h. 2º Ofício Geral da Procuradoria do Trabalho no Município de Mogi das Cruzes;</p><p>i. 2º Ofício Geral da Procuradoria do Trabalho no Município de Guarulhos.</p><p>III - Divisão de Liberdade e Organização Sindical, composta pelos seguintes ofícios:</p><p>a. 2º Ofício Geral da Procuradoria do Trabalho no Município de São Bernardo do Campo;</p><p>b. 3º Ofício Geral da Procuradoria do Trabalho no Município de Barueri;</p><p>c. 4º Ofício Geral da Procuradoria do Trabalho no Município de Barueri;</p><p>d. 1º Ofício Geral da Procuradoria do Trabalho no Município de Santos;</p><p>e. 2º Ofício Geral da Procuradoria do Trabalho no Município de Santos;</p><p>f. 3º Ofício Geral da Procuradoria do Trabalho no Município de Santos.</p><p>g. 4º Ofício Geral da Procuradoria do Trabalho no Município de Santos.</p><p>h. 1º Ofício Geral da Procuradoria do Trabalho no Município de Mogi das Cruzes;</p><p>i. 3º Ofício Geral da Procuradoria do Trabalho no Município de Guarulhos;</p><p>IV - Divisão de Trabalho Análogo ao de Escravo e Tráfico de Trabalhadores e Trabalho Indígena, composta pelos seguintes ofícios:</p><p>a. 3º Ofício Geral da Procuradoria do Trabalho no Município de São Bernardo do Campo;</p><p>b. 2º Ofício Geral da Procuradoria do Trabalho no Município de Barueri;</p><p>c. 4º Ofício Geral da Procuradoria do Trabalho no Município de Barueri;</p><p>d. 1º Ofício Geral da Procuradoria do Trabalho no Município de Santos;</p><p>e. 2º Ofício Geral da Procuradoria do Trabalho no Município de Santos;</p><p>f. 3º Ofício Geral da Procuradoria do Trabalho no Município de Santos;</p><p>g. 4º Ofício Geral da Procuradoria do Trabalho no Município de Santos;</p><p>h. 2º Ofício Geral da Procuradoria do Trabalho no Município de Mogi das Cruzes;</p><p>i. 1º Ofício Geral da Procuradoria do Trabalho no Município de Guarulhos.</p><p>V - Divisão de Trabalho na Administração Pública, composta pelos seguintes ofícios:</p><p>a. 3º Ofício Geral da Procuradoria do Trabalho no Município de São Bernardo do Campo;</p><p>b. 3º Ofício Geral da Procuradoria do Trabalho no Município de Barueri;</p><p>c. 4º Ofício Geral da Procuradoria do Trabalho no Município de Barueri;</p><p>d. 1º Ofício Geral da Procuradoria do Trabalho no Município de Santos;</p><p>e. 2º Ofício Geral da Procuradoria do Trabalho no Município de Santos;</p><p>f. 3º Ofício Geral da Procuradoria do Trabalho no Município de Santos;</p><p>g. 4º Ofício Geral da Procuradoria do Trabalho no Município de Santos;</p><p>h. 3º Ofício Geral da Procuradoria do Trabalho no Município de Mogi das Cruzes;</p><p>i. 1º Ofício Geral da Procuradoria do Trabalho no Município de Guarulhos.</p><p>VI - Divisão de Oportunidades e Discriminação nas Relações de Trabalho, composta pelos seguintes ofícios:</p><p>a. 4º Ofício Geral da Procuradoria do Trabalho no Município de São Bernardo do Campo;</p><p>b. 1º Ofício Geral da Procuradoria do Trabalho no Município de Barueri;</p><p>c. 2º Ofício Geral da Procuradoria do Trabalho no Município de Barueri;</p><p>d. 1º Ofício Geral da Procuradoria do Trabalho no Município de Santos;</p><p>e. 2º Ofício Geral da Procuradoria do Trabalho no Município de Santos;</p><p>f. 3º Ofício Geral da Procuradoria do Trabalho no Município de Santos;</p><p>g. 4º Ofício Geral da Procuradoria do Trabalho no Município de Santos;</p><p>h. 1º Ofício Geral da Procuradoria do Trabalho no Município de Mogi das Cruzes;</p><p>i. 2º Ofício Geral da Procuradoria do Trabalho no Município de Guarulhos;</p><p>VII - Divisão de Exploração do Trabalho da Criança e do Adolescente, composta pelos seguintes ofícios:</p><p>a. 4º Ofício Geral da Procuradoria do Trabalho no Município de São Bernardo do Campo;</p><p>b. 1º Ofício Geral da Procuradoria do Trabalho no Município de Barueri;</p><p>c. 2º Ofício Geral da Procuradoria do Trabalho no Município de Barueri;</p><p>d. 1º Ofício Geral da Procuradoria do Trabalho no Município de Santos;</p><p>e. 2º Ofício Geral da Procuradoria do Trabalho no Município de Santos;</p><p>f. 3º Ofício Geral da Procuradoria do Trabalho no Município de Santos;</p><p>g. 4º Ofício Geral da Procuradoria do Trabalho no Município de Santos;</p><p>h. 1º Ofício Geral da Procuradoria do Trabalho no Município de Mogi das Cruzes;</p><p>i. 3º Ofício Geral da Procuradoria do Trabalho no Município de Guarulhos.</p><p>VIII - Divisão de Trabalho Portuário e Aquaviário, composta pelos seguintes ofícios:</p><p>a. 1º Ofício Geral da Procuradoria do Trabalho no Município de Santos;</p><p>b. 2º Ofício Geral da Procuradoria do Trabalho no Município de Santos;</p><p>c. 3º Ofício Geral da Procuradoria do Trabalho no Município de Santos.</p><p>d. 4º Ofício Geral da Procuradoria do Trabalho no Município de Santos;</p><p>e. 2º Ofício Geral da Procuradoria do Trabalho no Município de Mogi das Cruzes;</p><p>f. 2º Ofício Geral da Procuradoria do Trabalho no Município de Guarulhos.</p><p>Art. 4º Revogar a Portaria PGT nº 1184, de 09 de setembro de 2021, publicada no Diário Oficial da União de 13 de setembro de 2021, que trata da especialização de Ofícios da Procuradoria Regional do Trabalho da 2ª Região.</p><p>Art. 5º Esta Portaria entrará em vigor na data da sua publicação.</p><p class="assina">JOSÉ DE LIMA RAMOS PEREIRA</p>]]></Texto>
  </body>
  <Midias />
</article></xml>