﻿<xml><article id="27698529" name="896" idOficio="7353907" pubName="DO1" artType="Portaria" pubDate="25/08/2022" artClass="00015:00050:00032:00008:00000:00000:00000:00000:00000:00000:00054:00004" artCategory="Ministério da Economia/Superintendência de Seguros Privados/Diretoria Técnica 1/Coordenação-Geral de Regimes Especiais, Autorizações e Julgamentos" artSize="12" artNotes="" numberPage="215" pdfPage="http://pesquisa.in.gov.br/imprensa/jsp/visualiza/index.jsp?data=25/08/2022&amp;jornal=515&amp;pagina=215" editionNumber="162" highlightType="" highlightPriority="" highlight="" highlightimage="" highlightimagename="" idMateria="14834192">
  <body>
    <Identifica><![CDATA[ PORTARIA CGRAJ/SUSEP Nº 896, DE 22 de AGOSTO DE 2022]]></Identifica>
    <Data><![CDATA[]]></Data>
    <Ementa />
    <Titulo />
    <SubTitulo />
    <Texto><![CDATA[<p class="identifica">PORTARIA CGRAJ/SUSEP Nº 896, DE 22 de AGOSTO DE 2022</p><p>O COORDENADOR-GERAL DE REGIMES ESPECIAIS, AUTORIZAÇÕES E JULGAMENTOS DA SUPERINTENDÊNCIA DE SEGUROS PRIVADOS - SUSEP, no uso da competência subdelegada pelo Superintendente da Susep, por meio da Portaria nº 7.861, de 22 de setembro de 2021, tendo em vista o disposto na alínea 'a' do artigo 36 do Decreto-Lei nº 73, de 21 de novembro de 1966, combinado com o parágrafo 2º do artigo 3º do Decreto-Lei nº 261, de 28 de fevereiro de 1967, e o que consta do processo Susep nº 15414.609872/2022-67, resolve:</p><p>Art.1º Homologar as seguintes deliberações tomadas pelos acionistas de CNP CAPITALIZAÇÃO S.A., CNPJ nº 01.599.296/0001-71, com sede na cidade de Brasília - DF, nas assembleias gerais ordinária e extraordinária realizadas cumulativamente em 30 de março de 2022:</p><p>I - eleição de administradores e de membros do conselho fiscal; e</p><p>II - reforma e consolidação do estatuto social.</p><p>Art. 2º Esta portaria entra em vigor na data de sua publicação.</p><p class="assina">CARLOS AUGUSTO PINTO FILHO</p><p></p>]]></Texto>
  </body>
  <Midias />
</article></xml>