﻿<xml><article id="27707187" name="PA2022-8715" idOficio="7355575" pubName="DO1" artType="Portaria" pubDate="25/08/2022" artClass="00019:00034:00033:00000:00000:00000:00000:00000:00000:00000:00054:00001" artCategory="Ministério da Infraestrutura/Agência Nacional de Aviação Civil/Superintendência de Infraestrutura Aeroportuária" artSize="12" artNotes="" numberPage="237" pdfPage="http://pesquisa.in.gov.br/imprensa/jsp/visualiza/index.jsp?data=25/08/2022&amp;jornal=515&amp;pagina=237" editionNumber="162" highlightType="" highlightPriority="" highlight="" highlightimage="" highlightimagename="" idMateria="14836634">
  <body>
    <Identifica><![CDATA[ PORTARIA Nº 8.715, DE 29 DE JULHO DE 2022]]></Identifica>
    <Data><![CDATA[]]></Data>
    <Ementa />
    <Titulo />
    <SubTitulo />
    <Texto><![CDATA[<p class="identifica">PORTARIA Nº 8.715, DE 29 DE JULHO DE 2022</p><p>O SUPERINTENDENTE DE INFRAESTRUTURA AEROPORTUÁRIA, no uso das atribuições que lhe confere o art. 33, incisos VII e XVII, do Regimento Interno aprovado pela Resolução nº 381, de 14 de junho de 2016, tendo em vista o disposto na seção 139.503 do Regulamento Brasileiro da Aviação Civil - RBAC n° 139, Emenda n° 05, e no art. 15 da Instrução Normativa n° 107, de 21 de outubro de 2016,</p><p>Considerando a relevância da disponibilização do serviço público prestado e da segurança das operações aéreas e aeroportuárias;</p><p>Considerando a AISO nº 001-00-22, de 8 de março de 2022, que fundamenta o pedido de nível equivalente de segurança operacional relativo ao parágrafo 154.207(d) do RBAC 154 - Emd 07, do Aeroporto Orlando de Carvalho, localizado em Umuarama, PR, no que se refere à existência de obstáculos na faixa de pista da pista 04/22 para operação de aeronaves código 3;</p><p>Considerando o que consta do processo nº 00065.026789/2022-98, resolve:</p><p>Art. 1º Aprovar, conforme peticionado pela Prefeitura Municipal de Umuarama, para o Aeroporto Orlando de Carvalho, localizado em Umuarama, PR (CIAD: PR0019), nível equivalente de segurança operacional relativo ao parágrafo 154.207(d)(1) do RBAC 154, Emenda 07, devido à existência de obstáculos na faixa de pista para operação de aeronaves com número do código de referência 3.</p><p>Parágrafo único. O nível equivalente aprovado nos termos do caput fica condicionado às seguintes ações do operador aeroportuário:</p><p>I - Operações de aeronaves ATR-72 na pista 04/22 estão permitidas somente em condições meteorológicas visuais (VMC);</p><p>Art. 2º A aprovação nos termos do artigo 1º deverá ser acompanhada da avaliação contínua pelo operador de aeródromo quanto à eficácia das medidas adotadas de forma a garantir a manutenção do nível equivalente.</p><p>Art. 3º Esta Portaria entra em vigor na data de sua publicação.</p><p class="assina">GIOVANO PALMA</p>]]></Texto>
  </body>
  <Midias />
</article></xml>