﻿<xml><article id="27702325" name="Atos24082022" idOficio="7354719" pubName="DO1" artType="Ato" pubDate="25/08/2022" artClass="00012:00014:00014:00163:00000:00000:00000:00000:00000:00000:00006:00000" artCategory="Ministério das Comunicações/Agência Nacional de Telecomunicações/Superintendência de Fiscalização/Gerência Regional nos Estados do Pará, Maranhão e Amapá" artSize="12" artNotes="" numberPage="26" pdfPage="http://pesquisa.in.gov.br/imprensa/jsp/visualiza/index.jsp?data=25/08/2022&amp;jornal=515&amp;pagina=26" editionNumber="162" highlightType="" highlightPriority="" highlight="" highlightimage="" highlightimagename="" idMateria="14835242">
  <body>
    <Identifica><![CDATA[ ATOS DE 23 DE AGOSTO DE 2022]]></Identifica>
    <Data><![CDATA[]]></Data>
    <Ementa />
    <Titulo />
    <SubTitulo />
    <Texto><![CDATA[<p class="identifica">ATOS DE 23 DE AGOSTO DE 2022</p><p>Nº 12.023 - Processo nº 53569.001349/2022-13.</p><p>Expede autorização a Daniel Romera Praxedes, CPF nº ***.152.403.**, para explorar o Serviço de Interesse Restrito, por prazo indeterminado, sem caráter de exclusividade, em âmbito nacional e internacional e tendo como área de prestação de serviço todo o território nacional.</p><p>Nº 12.024 - Processo nº 53569.001356/2022-15.</p><p>Expede autorização à Secretaria Municipal de Seguranca Institucional, CNPJ nº 27993145000197, para explorar o Serviço de Interesse Restrito, por prazo indeterminado, sem caráter de exclusividade, em âmbito nacional e internacional e tendo como área de prestação de serviço todo o território nacional.</p><p>Nº 12.025 - Processo nº 53569.001366/2022-51.</p><p>Expede autorização à Agrasty Construcoes Ltda, CNPJ nº 63407548000170, para explorar o Serviço de Interesse Restrito, por prazo indeterminado, sem caráter de exclusividade, em âmbito nacional e internacional e tendo como área de prestação de serviço todo o território nacional.</p><p>Nº 12.026 - Processo nº 53569.001386/2022-21.</p><p>Expede autorização à Lorrany Regya Mendanha Campelo Silva, CPF nº ***.674.652.**, para explorar o Serviço de Interesse Restrito, por prazo indeterminado, sem caráter de exclusividade, em âmbito nacional e internacional e tendo como área de prestação de serviço todo o território nacional</p><p>Nº 12.029 - Processo nº 53569.001390/2022-90.</p><p>Expede autorização à Valdecir Peteck, CPF nº ***.940.749.**, para explorar o Serviço de Interesse Restrito, por prazo indeterminado, sem caráter de exclusividade, em âmbito nacional e internacional e tendo como área de prestação de serviço todo o território nacional.</p><p class="assina">CARNOT LUIZ BRAUN GUIMARAES</p><p class="cargo">Gerente</p>]]></Texto>
  </body>
  <Midias />
</article></xml>