﻿<xml><article id="27715486" name="PORTARIA MAPA NA 478 DE 24 DE AG" idOficio="7356037" pubName="DO1" artType="Portaria" pubDate="25/08/2022" artClass="00007:00001:00000:00000:00000:00000:00000:00000:00000:00000:00054:00002" artCategory="Ministério da Agricultura, Pecuária e Abastecimento/Gabinete do Ministro" artSize="12" artNotes="Ok Imagem" numberPage="14" pdfPage="http://pesquisa.in.gov.br/imprensa/jsp/visualiza/index.jsp?data=25/08/2022&amp;jornal=515&amp;pagina=14" editionNumber="162" highlightType="" highlightPriority="" highlight="" highlightimage="" highlightimagename="" idMateria="14837371">
  <body>
    <Identifica><![CDATA[ PORTARIA MAPA Nº 478, DE 24 DE AGOSTO DE 2022]]></Identifica>
    <Data><![CDATA[]]></Data>
    <Ementa><![CDATA[ Incorpora ao ordenamento jurídico brasileiro os Requisitos Fitossanitários para Zea mays (milho) segundo País de Destino e Origem, para os Estados Partes do Mercosul, aprovados pela Resolução Mercosul/GM/RES. nº 05/22.]]></Ementa>
    <Titulo />
    <SubTitulo />
    <Texto><![CDATA[<p class="identifica">PORTARIA MAPA Nº 478, DE 24 DE AGOSTO DE 2022</p><p class="ementa">Incorpora ao ordenamento jurídico brasileiro os Requisitos Fitossanitários para Zea mays (milho) segundo País de Destino e Origem, para os Estados Partes do Mercosul, aprovados pela Resolução Mercosul/GM/RES. nº 05/22.</p><p>O MINISTRO DE ESTADO DA AGRICULTURA, PECUÁRIA E ABASTECIMENTO, no uso da atribuição que lhe confere o art. 87, parágrafo único, inciso II, da Constituição, tendo em vista o disposto no Decreto nº 24.114, de 12 de abril de 1934, no Decreto Legislativo nº 188, de 15 de dezembro de 1995, no Decreto nº 1.901, de 9 de maio de 1996, e o que consta do Processo nº 21000.071579/2022-89, resolve:</p><p>Art. 1º Ficam incorporados ao ordenamento jurídico brasileiro os Requisitos Fitossanitários para Zea mays (milho) segundo País de Destino e Origem, para os Estados Partes do MERCOSUL, aprovados pela Resolução MERCOSUL/GMC/RES. N° 05/22, que constam como Anexo da presente Portaria.</p><p>Art. 2º Ficam revogadas:</p><p>I - a Portaria MAPA nº 59, de 29 de março de 2021, publicada no Diário Oficial da União nº 63, Seção 1, páginas 10 e 11, de 6 de abril de 2021; e</p><p>II - a Portaria MAPA nº 232, de 22 de julho de 2021, publicada no Diário Oficial da União nº 138, Seção 1, página 2, de 23 de julho de 2021.</p><p>Art. 3º Esta Portaria entra em vigor na data de 1º de setembro de 2022.</p><p class="assina">MARCOS MONTES</p><img name="1_MAPA_25_008" /><img name="1_MAPA_25_009" /><img name="1_MAPA_25_010" />]]></Texto>
  </body>
  <Midias>
    <Midia></Midia>
    <Midia></Midia>
    <Midia></Midia>
  </Midias>
</article></xml>