﻿<xml><article id="27697659" name="Extrato 24 08 2022" idOficio="7353752" pubName="DO1" artType="Ato" pubDate="25/08/2022" artClass="00012:00014:00006:00002:00013:00000:00000:00000:00000:00000:00006:00000" artCategory="Ministério das Comunicações/Agência Nacional de Telecomunicações/Superintendência de Radiofrequência e Fiscalização/Gerência-Geral de Fiscalização/Escritório Regional no Estado do Rio de Janeiro" artSize="12" artNotes="" numberPage="22" pdfPage="http://pesquisa.in.gov.br/imprensa/jsp/visualiza/index.jsp?data=25/08/2022&amp;jornal=515&amp;pagina=22" editionNumber="162" highlightType="" highlightPriority="" highlight="" highlightimage="" highlightimagename="" idMateria="14834008">
  <body>
    <Identifica><![CDATA[ ATO Nº 11.560, DE 11 DE AGOSTO DE 2022]]></Identifica>
    <Data><![CDATA[]]></Data>
    <Ementa />
    <Titulo />
    <SubTitulo />
    <Texto><![CDATA[<p class="identifica">ATO Nº 11.560, DE 11 DE AGOSTO DE 2022</p><p>Processo nº 53504.008312/2022-71.</p><p>Outorga autorização para uso de radiofrequência(s) à(ao) FRANCISCO EROIDES QUAGLIATO FILHO, CPF nº ***.749.708-**, associada à autorização para exploração do Serviço Limitado Privado.</p><p class="assina">Rodrigo Vieitas Sarruf de Almeida</p><p class="cargo">Gerente</p><p>ATO Nº 11.624, DE 12 DE AGOSTO DE 2022</p><p>Processo nº 53512.000383/2022-26.</p><p>Outorga autorização para uso de radiofrequência(s) à(ao) PETROLEO BRASILEIRO SA - PETROBRAS, CNPJ nº 33.000.167/0997-28, associada à autorização para exploração do Serviço Limitado Privado.</p><p class="assina">Rodrigo Vieitas Sarruf de Almeida</p><p class="cargo">Gerente</p><p class="identifica">ATO Nº 11.667, DE 15 DE AGOSTO DE 2022</p><p>Processo nº 53508.004932/2022-09.</p><p>Outorga autorização para uso de radiofrequência(s) à(ao) PETROBRAS TRANSPORTE S.A - TRANSPETRO, CNPJ nº 02.709.449/0001-59, associada à autorização para exploração do Serviço Limitado Privado.</p><p class="assina">Rodrigo Vieitas Sarruf de Almeida</p><p class="cargo">Gerente</p><p class="identifica">ATO Nº 11.668, DE 15 DE AGOSTO DE 2022</p><p>Processo nº 53504.008276/2022-45.</p><p>Outorga autorização para uso de radiofrequência(s) à(ao) Antonio Lemos Beraldo, CPF nº ***.881.208-**, associada à autorização para exploração do Serviço Limitado Privado.</p><p class="assina">Rodrigo Vieitas Sarruf de Almeida</p><p class="cargo">Gerente</p><p class="identifica">ATO Nº 11.669, DE 15 DE AGOSTO DE 2022</p><p>Processo nº 53504.007713/2022-11.</p><p>Outorga autorização para uso de radiofrequência(s) à(ao) A100 Row Servicos de Dados Brasil Ltda., CNPJ nº 12.147.176/0004-00, associada à autorização para exploração do Serviço Limitado Privado.</p><p class="assina">Rodrigo Vieitas Sarruf de Almeida</p><p class="cargo">Gerente</p><p class="identifica">ATO Nº 11.670, DE 15 DE AGOSTO DE 2022</p><p>Processo nº 53504.007761/2022-00.</p><p>Outorga autorização para uso de radiofrequência(s) à(ao) Borges Monitoramento e Rastreamento Ltda, CNPJ nº 33.589.560/0001-82, associada à autorização para exploração do Serviço Limitado Privado.</p><p class="assina">Rodrigo Vieitas Sarruf de Almeida</p><p class="cargo">Gerente</p><p class="identifica">ATO Nº 11.566, DE 11 DE AGOSTO DE 2022</p><p>Processo nº 53508.005160/2022-14.</p><p>Expede autorização à Radio Serra Mar Ltda, CNPJ nº 29.868.007/0001-01, para explorar o Serviço de Interesse Restrito, por prazo indeterminado, sem caráter de exclusividade, em âmbito nacional e internacional e tendo como área de prestação de serviço todo o território nacional.</p><p class="assina">Rodrigo Vieitas Sarruf de Almeida</p><p class="cargo">Gerente</p><p class="identifica">ATO Nº 11.577, DE 12 DE AGOSTO DE 2022</p><p>Processo nº 53508.005112/2022-26.</p><p>Expede autorização à Shearwater Geoservices do Brasil Ltda, CNPJ nº 34.285.688/0001-15, para explorar o Serviço de Interesse Restrito, por prazo indeterminado, sem caráter de exclusividade, em âmbito nacional e internacional e tendo como área de prestação de serviço todo o território nacional.</p><p class="assina">Rodrigo Vieitas Sarruf de Almeida</p><p class="cargo">Gerente</p><p class="identifica">ATO Nº 11.578, DE 12 DE AGOSTO DE 2022</p><p>Processo nº 53508.005189/2022-04.</p><p>Expede autorização à Marlon Rubens Taveira Suzano, CPF nº ***.018.977-**, para explorar o Serviço de Interesse Restrito, por prazo indeterminado, sem caráter de exclusividade, em âmbito nacional e internacional e tendo como área de prestação de serviço todo o território nacional.</p><p class="assina">Rodrigo Vieitas Sarruf de Almeida</p><p class="cargo">Gerente</p><p class="identifica">ATO Nº 11.593, DE 12 DE AGOSTO DE 2022</p><p>Processo nº 53508.005137/2022-20.</p><p>Expede autorização à Companhia Palmares Hoteis e Turismo, CNPJ nº 33.791.591/0001-11, para explorar o Serviço de Interesse Restrito, por prazo indeterminado, sem caráter de exclusividade, em âmbito nacional e internacional e tendo como área de prestação de serviço todo o território nacional.</p><p class="assina">Rodrigo Vieitas Sarruf de Almeida</p><p class="cargo">Gerente</p><p class="identifica">ATO Nº 11.597, DE 12 DE AGOSTO DE 2022</p><p>Processo nº 53508.005206/2022-03.</p><p>Expede autorização à Embrareb Solucoes Maritimas Ltda, CNPJ nº 30.864.027/0001-93, para explorar o Serviço de Interesse Restrito, por prazo indeterminado, sem caráter de exclusividade, em âmbito nacional e internacional e tendo como área de prestação de serviço todo o território nacional.</p><p class="assina">Rodrigo Vieitas Sarruf de Almeida</p><p class="cargo">Gerente</p><p class="identifica">ATO Nº 11.598, DE 12 DE AGOSTO DE 2022</p><p>Processo nº 53508.005179/2022-61.</p><p>Expede autorização à Tarcizio Jose dos Santos, CPF nº ***.407.747-**, para explorar o Serviço de Interesse Restrito, por prazo indeterminado, sem caráter de exclusividade, em âmbito nacional e internacional e tendo como área de prestação de serviço todo o território nacional.</p><p class="assina">Rodrigo Vieitas Sarruf de Almeida</p><p class="cargo">Gerente</p><p class="identifica">ATO Nº 11.672, DE 15 DE AGOSTO DE 2022</p><p>Processo nº 53504.008230/2022-26.</p><p>Expede autorização à Rodolfo de Souza, CPF nº ***.918.918-**, para explorar o Serviço de Interesse Restrito, por prazo indeterminado, sem caráter de exclusividade, em âmbito nacional e internacional e tendo como área de prestação de serviço todo o território nacional.</p><p class="assina">Rodrigo Vieitas Sarruf de Almeida</p><p class="cargo">Gerente</p><p class="identifica">ATO Nº 11.700, DE 15 DE AGOSTO DE 2022</p><p>Processo nº 53504.008061/2022-24.</p><p>Expede autorização à Pedro Simoes Filippini, CPF nº ***.135.158-**, para explorar o Serviço de Interesse Restrito, por prazo indeterminado, sem caráter de exclusividade, em âmbito nacional e internacional e tendo como área de prestação de serviço todo o território nacional.</p><p class="assina">Rodrigo Vieitas Sarruf de Almeida</p><p class="cargo">Gerente</p><p class="identifica">ATO Nº 11.702, DE 15 DE AGOSTO DE 2022</p><p>Processo nº 53504.008223/2022-24.</p><p>Expede autorização à Peixoto Amaral Participacoes Ltda, CNPJ nº 43.919.126/0001-77, para explorar o Serviço de Interesse Restrito, por prazo indeterminado, sem caráter de exclusividade, em âmbito nacional e internacional e tendo como área de prestação de serviço todo o território nacional.</p><p class="assina">Rodrigo Vieitas Sarruf de Almeida</p><p class="cargo">Gerente</p><p class="identifica">ATO Nº 11.708, DE 15 DE AGOSTO DE 2022</p><p>Processo nº 53504.008035/2022-04.</p><p>Expede autorização à Wilson Mauricio Muller, CPF nº ***.755.178-**, para explorar o Serviço de Interesse Restrito, por prazo indeterminado, sem caráter de exclusividade, em âmbito nacional e internacional e tendo como área de prestação de serviço todo o território nacional.</p><p class="assina">Rodrigo Vieitas Sarruf de Almeida</p><p class="cargo">Gerente</p><p class="identifica">ATO Nº 11.712, DE 15 DE AGOSTO DE 2022</p><p>Processo nº 53504.008055/2022-77.</p><p>Expede autorização à Horacio Schaefer, CPF nº ***.852.458-**, para explorar o Serviço de Interesse Restrito, por prazo indeterminado, sem caráter de exclusividade, em âmbito nacional e internacional e tendo como área de prestação de serviço todo o território nacional.</p><p class="assina">Rodrigo Vieitas Sarruf de Almeida</p><p class="cargo">Gerente</p>]]></Texto>
  </body>
  <Midias />
</article></xml>