﻿<xml><article id="27707193" name="PA2022-8227" idOficio="7355575" pubName="DO1" artType="Portaria" pubDate="25/08/2022" artClass="00019:00034:00031:00000:00000:00000:00000:00000:00000:00000:00054:00001" artCategory="Ministério da Infraestrutura/Agência Nacional de Aviação Civil/Superintendência de Aeronavegabilidade" artSize="12" artNotes="" numberPage="237" pdfPage="http://pesquisa.in.gov.br/imprensa/jsp/visualiza/index.jsp?data=25/08/2022&amp;jornal=515&amp;pagina=237" editionNumber="162" highlightType="" highlightPriority="" highlight="" highlightimage="" highlightimagename="" idMateria="14836633">
  <body>
    <Identifica><![CDATA[ PORTARIA Nº 8.227, DE 2 DE JUNHO DE 2022]]></Identifica>
    <Data><![CDATA[]]></Data>
    <Ementa />
    <Titulo />
    <SubTitulo />
    <Texto><![CDATA[<p class="identifica">PORTARIA Nº 8.227, DE 2 DE JUNHO DE 2022</p><p>O SUPERINTENDENTE DE AERONAVEGABILIDADE, no uso da atribuição que lhe confere o art. 35, inciso III, do Regimento Interno aprovado pela Resolução nº 381, de 14 de junho de 2016, tendo em vista o disposto nos arts. 14 e 18-A da Resolução nº 30, de 30 de maio de 2008, e considerando o que consta do processo nº 00066.020573/2018-22, resolve:</p><p>Art. 1º Aprovar a Instrução Suplementar IS nº 20-001, Revisão A (inicial), intitulada "Classificação de alterações em aeronaves e processo de aprovação simplificada de dados técnicos para grandes alterações".</p><p>Parágrafo único. A Instrução de que trata este artigo encontra-se disponível no Boletim de Pessoal e Serviço - BPS (endereço eletrônico https://www.anac.gov.br/assuntos/legislacao/legislacao-1/boletim-de-pessoal/) e na página "Legislação" (endereço eletrônico https://www.anac.gov.br/assuntos/legislacao) desta Agência, na rede mundial de computadores.</p><p>Art. 2º Esta Portaria entra em vigor em 1° de setembro de 2022.</p><p class="assina">ROBERTO JOSÉ SILVEIRA HONORATO</p>]]></Texto>
  </body>
  <Midias />
</article></xml>