﻿<xml><article id="27708800" name="Ato11768a11772" idOficio="7355862" pubName="DO1" artType="Ato" pubDate="25/08/2022" artClass="00012:00014:00016:00057:00000:00000:00000:00000:00000:00000:00006:00004" artCategory="Ministério das Comunicações/Agência Nacional de Telecomunicações/Superintendência de Outorga e Recursos à Prestação/Gerência de Outorga e Licenciamento de Estações" artSize="12" artNotes="" numberPage="27" pdfPage="http://pesquisa.in.gov.br/imprensa/jsp/visualiza/index.jsp?data=25/08/2022&amp;jornal=515&amp;pagina=27" editionNumber="162" highlightType="" highlightPriority="" highlight="" highlightimage="" highlightimagename="" idMateria="14837032">
  <body>
    <Identifica><![CDATA[ ATOS DE 17 DE AGOSTO DE 2022]]></Identifica>
    <Data><![CDATA[]]></Data>
    <Ementa />
    <Titulo />
    <SubTitulo />
    <Texto><![CDATA[<p class="identifica">ATOS DE 17 DE AGOSTO DE 2022</p><p>Nº 11.768 - Processo nº 53500.295541/2022-55.</p><p>Outorga Autorização de Uso de Radiofrequência à FUNDACAO RADIO FM EDUCADORA ITAGUARY N. S. DA CONCEICAO, CNPJ 02.858.045/0001-27, executante do Serviço de Radiodifusão Sonora em Frequência Modulada, na localidade de Muaná/PA.</p><p>Nº 11.769 - Processo nº 53500.303032/2022-11.</p><p>Outorga Autorização de Uso de Radiofrequência à FUNDACAO CULTURAL DE FRANCA - RÁDIO UNIVERSITÁRIA, CNPJ 03.883.607/0001-55, executante do Serviço de Radiodifusão Sonora em Frequência Modulada, na localidade de Franca/SP.</p><p>Nº 11.770 - Processo nº 53500.303177/2022-12.</p><p>Outorga Autorização de Uso de Radiofrequência à REDE AUTONOMISTA DE RADIO DIFUSAO LTDA, CNPJ 46.869.475/0001-10, executante do Serviço de Radiodifusão Sonora em Frequência Modulada, na localidade de Osasco/SP.</p><p>Nº 11.771 - Processo nº 53500.303179/2022-01.</p><p>Outorga Autorização de Uso de Radiofrequência à TELEVISAO SOCIEDADE LIMITADA, CNPJ 25.288.333/0001-99, executante do Serviço de Retransmissão de Radiodifusão de Sons e Imagens - Digital, na localidade de Monte Belo/MG.</p><p>Nº 11.772 - Processo nº 53500.305093/2022-13.</p><p>Outorga Autorização de Uso de Radiofrequência à REDE VALEPARAIBANA DE RADIODIFUSAO LTDA - ME, CNPJ 43.018.126/0001-04, executante do Serviço de Radiodifusão Sonora em Frequência Modulada, na localidade de Taubaté/SP.</p><p class="assina">Renato Sales Bizerra Aguiar</p><p class="cargo">Gerente</p>]]></Texto>
  </body>
  <Midias />
</article></xml>