﻿<xml><article id="27703759" name="resolucao_2779_2022 COAFE" idOficio="7354941" pubName="DO1" artType="Resolução" pubDate="25/08/2022" artClass="00026:00034:00016:00006:00002:00000:00000:00000:00000:00000:00064:32779" artCategory="Ministério da Saúde/Agência Nacional de Vigilância Sanitária/4ª Diretoria/Gerência-Geral de Inspeção e Fiscalização Sanitária/Coordenação de Autorização de Funcionamento de Empresas" artSize="12" artNotes="" numberPage="282" pdfPage="http://pesquisa.in.gov.br/imprensa/jsp/visualiza/index.jsp?data=25/08/2022&amp;jornal=515&amp;pagina=282" editionNumber="162" highlightType="" highlightPriority="" highlight="" highlightimage="" highlightimagename="" idMateria="14835568">
  <body>
    <Identifica><![CDATA[ RESOLUÇÃO-RE Nº 2.779, DE 24 DE AGOSTO DE 2022]]></Identifica>
    <Data><![CDATA[]]></Data>
    <Ementa />
    <Titulo />
    <SubTitulo />
    <Texto><![CDATA[<p class="identifica">RESOLUÇÃO-RE Nº 2.779, DE 24 DE AGOSTO DE 2022</p><p>O Coordenador de Autorização de Funcionamento de Empresas, no uso das atribuições que lhe confere o Art. 144, aliado ao art. 203, I, §1° do Regimento Interno aprovado pela Resolução da Diretoria Colegiada - RDC n° 585, de 10 de dezembro de 2021, resolve:</p><p>Art. 1º Indeferir o pedido de Alteração de Autorização de Funcionamento das Empresas constantes no anexo desta Resolução.</p><p>Art. 2º Esta Resolução entra em vigor na data de sua publicação.</p><p class="assina">DANIEL MARCOS PEREIRA DOURADO</p><p class="anexo">ANEXO</p><p>KV COMERCIO DE MEDICAMENTOS LTDA / 14.290.074/0001-14</p><p>25351.550140/2013-06 / 7024540</p><p>7427 - AFE/AE - ALTERAÇÃO - ENDEREÇO, POR ATO PÚBLICO / 4463636221</p><p>MOTIVO DO INDEFERIMENTO:</p><p>Não apresentação da cópia do ato público que originou a alteração solicitada. A empresa deve peticionar alteração de endereço conforme disposto na RDC nº 275/2019.</p><p>--------------------------------------</p><p>DROGARIA MAIS POPULAR LTDA / 34.453.557/0001-08</p><p>25351.572562/2019-10 / 7689123</p><p>7113 - AFE - ALTERAÇÃO - FARMÁCIAS E DROGARIAS - ENDEREÇO / 4558814227</p><p>MOTIVO DO INDEFERIMENTO:</p><p>Não apresentação da declaração assinada do Anexo I da RDC nº 275/2019, contrariando o art. 11 da RDC nº 275/2019.</p><p>--------------------------------------</p><p>LOWEFARMA PRODUTOS FARMACEUTICOS EIRELI / 34.437.192/0002-09</p><p>25351.090271/2022-11 / 7910396</p><p>7113 - AFE - ALTERAÇÃO - FARMÁCIAS E DROGARIAS - ENDEREÇO / 4399811229</p><p>MOTIVO DO INDEFERIMENTO:</p><p>Não apresentação da declaração assinada do Anexo I da RDC nº 275/2019, contrariando o art. 11 da RDC nº 275/2019.</p><p>--------------------------------------</p><p>M.G.B.LEAL DROGARIAS E PERFUMARIA LTDA / 42.606.086/0001-40</p><p>25351.271659/2022-11 / 7894508</p><p>7111 - AFE - ALTERAÇÃO - FARMÁCIAS E DROGARIAS - AMPLIAÇÃO DE ATIVIDADES / 4423268223</p><p>MOTIVO DO INDEFERIMENTO:</p><p>Não apresentação da declaração assinada do Anexo I da RDC nº 275/2019, contrariando o art. 11 da RDC nº 275/2019 e art. 3° da RDC n° 25/2011.</p><p>--------------------------------------</p><p>GILEAD SCIENCES FARMACEUTICA DO BRASIL LTDA / 15.670.288/0001-89</p><p>25351.430180/2014-14 / 1109297</p><p>70792 - AFE - ALTERAÇÃO - MEDICAMENTOS E/OU INSUMOS FARMACÊUTICOS - AMPLIAÇÃO DE ATIVIDADES / 4455523227</p><p>MOTIVO DO INDEFERIMENTO:</p><p>O documento apresentado, emitido pela autoridade sanitária local competente, não consta com dados solicitados, contrariando o disposto no artigo 15 e artigo 18 da RDC nº 16/2014.</p><p>--------------------------------------</p><p>Jaison de Avila - me / 17.254.455/0001-36</p><p>25351.347524/2014-16 / 7212473</p><p>7110 - AFE - ALTERAÇÃO - FARMÁCIAS E DROGARIAS - RAZÃO SOCIAL / 4560950221</p><p>MOTIVO DO INDEFERIMENTO:</p><p>Não apresentação da declaração assinada do Anexo I da RDC nº 275/2019, contrariando o art. 11 da RDC nº 275/2019.</p><p>--------------------------------------</p><p>DIRCE CAITANO RIBEIRO / 27.066.279/0001-62</p><p>25351.888644/2020-17 / 1243479</p><p>70798 - AFE - ALTERAÇÃO - MEDICAMENTOS E/OU INSUMOS FARMACÊUTICOS - ENDEREÇO MATRIZ / 4419813229</p><p>MOTIVO DO INDEFERIMENTO:</p><p>Não apresentação de documento vigente, com dados atualizados, emitido pela autoridade sanitária local competente, que ateste o cumprimento dos requisitos técnicos para as atividades e classes pleiteadas, conforme disposto no artigo 15 e artigo 18 da RDC nº 16/2014. A licença não menciona a classe de medicamentos.</p><p>--------------------------------------</p><p>COUTO FERREIRA FARMACIA COM MANIPULAÇÃO LTDA / 08.454.314/0001-76</p><p>25351.072504/2016-48 / 7455787</p><p>7111 - AFE - ALTERAÇÃO - FARMÁCIAS E DROGARIAS - AMPLIAÇÃO DE ATIVIDADES / 4427877222</p><p>MOTIVO DO INDEFERIMENTO:</p><p>Não apresentação da declaração assinada do Anexo II da RDC nº 275/2019, contrariando o Art. 11 da RDC nº275/2019 e Art. 3° da RDC n° 25/2011. Ademais, o Anexo II deve ser emitido pela Vigilância Sanitária local.</p><p>--------------------------------------</p><p>GORAS &amp; SOMMER LTDA - ME / 86.999.844/0001-03</p><p>25351.862534/2016-49 / 7435904</p><p>7110 - AFE - ALTERAÇÃO - FARMÁCIAS E DROGARIAS - RAZÃO SOCIAL / 4559875224</p><p>MOTIVO DO INDEFERIMENTO:</p><p>Não apresentação da declaração assinada do Anexo I da RDC nº 275/2019, contrariando o art. 11 da RDC nº 275/2019.</p><p>--------------------------------------</p><p>G F S OLIVEIRA DROGARIA / 28.682.766/0001-12</p><p>25351.637452/2017-49 / 7556148</p><p>7113 - AFE - ALTERAÇÃO - FARMÁCIAS E DROGARIAS - ENDEREÇO / 4561009226</p><p>MOTIVO DO INDEFERIMENTO:</p><p>Não apresentação da declaração assinada do Anexo I da RDC nº 275/2019, contrariando o art. 11 da RDC nº 275/2019.</p><p>--------------------------------------</p><p>LILIANE BARBOSA DE SOUZA FARMACIA - ME / 05.255.399/0001-75</p><p>25351.314270/2014-50 / 7197781</p><p>7111 - AFE - ALTERAÇÃO - FARMÁCIAS E DROGARIAS - AMPLIAÇÃO DE ATIVIDADES / 4399797220</p><p>MOTIVO DO INDEFERIMENTO:</p><p>Não apresentação da declaração assinada do Anexo I da RDC nº 275/2019, contrariando o art. 11 da RDC nº 275/2019.</p><p>25351.314270/2014-50 / 7197781</p><p>7113 - AFE - ALTERAÇÃO - FARMÁCIAS E DROGARIAS - ENDEREÇO / 4399818226</p><p>MOTIVO DO INDEFERIMENTO:</p><p>Não apresentação da declaração assinada do Anexo I da RDC nº 275/2019, contrariando o art. 11 da RDC nº 275/2019.</p><p>--------------------------------------</p><p>Tricholash Comércio e Distribuição Ltda / 44.565.338/0001-66</p><p>25351.210479/2022-55 /</p><p>7187 - AFE - ALTERAÇÃO - COSMÉTICOS, PERFUMES E PRODUTOS DE HIGIENE - AMPLIAÇÃO OU REDUÇÃO DE CLASSE / 4473637221</p><p>MOTIVO DO INDEFERIMENTO:</p><p>O documento apresentado, emitido pela autoridade sanitária local competente, não atesta o cumprimento dos requisitos técnicos para as atividades e classes pleiteadas, conforme disposto no artigo 15 e artigo 18 da RDC nº 16/2014.</p><p>--------------------------------------</p><p>J T S DA SILVA EIRELI ME / 22.921.267/0001-54</p><p>25351.049943/2016-57 / 7454932</p><p>7113 - AFE - ALTERAÇÃO - FARMÁCIAS E DROGARIAS - ENDEREÇO / 4572881220</p><p>MOTIVO DO INDEFERIMENTO:</p><p>Não apresentação da declaração assinada do Anexo I da RDC nº 275/2019, contrariando o art. 11 da RDC nº 275/2019.</p><p>25351.049943/2016-57 / 7454932</p><p>7110 - AFE - ALTERAÇÃO - FARMÁCIAS E DROGARIAS - RAZÃO SOCIAL / 4376571228</p><p>MOTIVO DO INDEFERIMENTO:</p><p>Não apresentação da declaração assinada do Anexo I da RDC nº 275/2019, contrariando o art. 11 da RDC nº 275/2019.</p><p>--------------------------------------</p><p>GDL LOGÍSTICA INTEGRADA S.A / 03.649.560/0001-60</p><p>25351.348444/2007-59 / 1071654</p><p>7123 - AFE - ALTERAÇÃO - MEDICAMENTOS E INSUMOS FARMACÊUTICOS - ARMAZENADORA - RAZÃO SOCIAL / 0552410225</p><p>MOTIVO DO INDEFERIMENTO:</p><p>Não cumprimento da exigência formulada sob o número de notificação 1425153/22-1, contrariando os artigos 6º e 11 da RDC nº 204/2005.</p><p>--------------------------------------</p><p>FARMACIA ALIANCA DRUGSTORE LTDA / 03.067.441/0004-41</p><p>25351.577958/2021-78 / 7858050</p><p>7113 - AFE - ALTERAÇÃO - FARMÁCIAS E DROGARIAS - ENDEREÇO / 4552218229</p><p>MOTIVO DO INDEFERIMENTO:</p><p>Não apresentação da declaração assinada do Anexo I da RDC nº 275/2019, contrariando o art. 11 da RDC nº 275/2019.</p><p>--------------------------------------</p><p>ZUMM 1001 ENTREGAS EXPRESSAS LTDA / 43.612.453/0001-81</p><p>25351.211759/2022-81 /</p><p>7170 - AFE - ALTERAÇÃO - COSMÉTICOS, PERFUMES E PRODUTOS DE HIGIENE - AMPLIAÇÃO OU REDUÇÃO DE ATIVIDADES / 4500489223</p><p>MOTIVO DO INDEFERIMENTO:</p><p>Não há previsão para a ampliação solicitada, visto que a ampliação e redução de classe de produtos somente é permitida entre cosméticos, produtos de higiene pessoal e perfumes e entre medicamentos e insumos farmacêuticos, conforme art. 22, parágrafo único da RDC 16/2014. Adicionalmente, a empresa não apresentou Relatório de Inspeção favorável à atividade de transporte de cosméticos.</p><p>--------------------------------------</p><p>CAVICCHIOLLI, SILVEIRA &amp; CIA LTDA EPP. / 52.318.326/0002-46</p><p>25351.367724/2006-85 / 0474634</p><p>7113 - AFE - ALTERAÇÃO - FARMÁCIAS E DROGARIAS - ENDEREÇO / 4558687220</p><p>MOTIVO DO INDEFERIMENTO:</p><p>Não apresentação da declaração assinada do Anexo I da RDC nº 275/2019, contrariando o art. 11 da RDC nº 275/2019.</p><p>--------------------------------------</p><p>ROMA &amp; SALES LTDA / 12.712.813/0001-93</p><p>25351.329268/2014-85 / 7204481</p><p>70798 - AFE - ALTERAÇÃO - MEDICAMENTOS E/OU INSUMOS FARMACÊUTICOS - ENDEREÇO MATRIZ / 4506642228</p><p>MOTIVO DO INDEFERIMENTO:</p><p>Não apresentação da declaração assinada do Anexo I da RDC nº 275/2019, contrariando o art. 11 da RDC nº 275/2019.</p><p>--------------------------------------</p><p>CAVICCHIOLLI, SILVEIRA &amp; CIA LTDA EPP. / 52.318.326/0002-46</p><p>25351.367724/2006-85 / 0474634</p><p>7110 - AFE - ALTERAÇÃO - FARMÁCIAS E DROGARIAS - RAZÃO SOCIAL / 4558660228</p><p>MOTIVO DO INDEFERIMENTO:</p><p>Não apresentação da declaração assinada do Anexo I da RDC nº 275/2019, contrariando o art. 11 da RDC nº 275/2019.</p><p>--------------------------------------</p><p>JOSÉ FEBRONIO DE ARAUJO / 13.354.246/0001-03</p><p>25351.182241/2002-89 / 0171454</p><p>7110 - AFE - ALTERAÇÃO - FARMÁCIAS E DROGARIAS - RAZÃO SOCIAL / 4427863222</p><p>MOTIVO DO INDEFERIMENTO:</p><p>Não apresentação da declaração assinada do Anexo I da RDC nº 275/2019, contrariando o art. 11 da RDC nº 275/2019.</p><p>--------------------------------------</p><p>DROGARIA MARDINE LTDA ME / 05.731.719/0001-16</p><p>25351.039813/2003-91 / 0372909</p><p>7111 - AFE - ALTERAÇÃO - FARMÁCIAS E DROGARIAS - AMPLIAÇÃO DE ATIVIDADES / 4399791221</p><p>MOTIVO DO INDEFERIMENTO:</p><p>Não apresentação da declaração assinada do Anexo I da RDC nº 275/2019, contrariando o art. 11 da RDC nº 275/2019.</p><p>--------------------------------------</p><p>JR MELO COMERCIO DE PRODUTOS FARMACEUTICOS LTDA / 37.029.666/0001-82</p><p>25351.738245/2021-97 / 7823678</p><p>7110 - AFE - ALTERAÇÃO - FARMÁCIAS E DROGARIAS - RAZÃO SOCIAL / 4554271226</p><p>MOTIVO DO INDEFERIMENTO:</p><p>Não apresentação da declaração assinada do Anexo I da RDC nº 275/2019, contrariando o art. 11 da RDC nº 275/2019.</p><p>--------------------------------------</p><p>JCS FARMACIA LTDA / 27.881.239/0005-06</p><p>25351.255646/2022-97 / 7894218</p><p>866 - AFE - ALTERAÇÃO - PRODUTOS PARA SAÚDE - ENDEREÇO / 4447309220</p><p>MOTIVO DO INDEFERIMENTO:</p><p>Não apresentação da declaração assinada do Anexo I da RDC nº 275/2019, contrariando o art. 11 da RDC nº 275/2019.</p>]]></Texto>
  </body>
  <Midias />
</article></xml>