﻿<xml><article id="27708998" name="Texto publicaAAo-D.O.U. 24.08.20" idOficio="7355870" pubName="DO1" artType="Despacho" pubDate="25/08/2022" artClass="00027:00020:00010:01452:00000:00000:00000:00000:00000:00000:00024:00000" artCategory="Ministério do Trabalho e Previdência/Secretaria de Trabalho/Subsecretaria de Relações do Trabalho/Coordenação-Geral de Registro Sindical" artSize="12" artNotes="" numberPage="283" pdfPage="http://pesquisa.in.gov.br/imprensa/jsp/visualiza/index.jsp?data=25/08/2022&amp;jornal=515&amp;pagina=283" editionNumber="162" highlightType="" highlightPriority="" highlight="" highlightimage="" highlightimagename="" idMateria="14837066">
  <body>
    <Identifica><![CDATA[ Despachos de 24 de agosto de 2022]]></Identifica>
    <Data><![CDATA[]]></Data>
    <Ementa />
    <Titulo />
    <SubTitulo />
    <Texto><![CDATA[<p class="identifica">Despachos de 24 de agosto de 2022</p><p>O Coordenador-Geral de Registro Sindical, no uso das suas atribuições legais, considerando a regularidade processual e com fundamento na Análise Técnica nº 1898 (27383943), resolve: PUBLICAR o pedido de registro sindical nº 19964.112646/2022-92, de interesse do SINDICATO DOS TRABALHADORES RURAIS AGRICULTORES E AGRICULTORAS FAMILIARES DE NOVA SANTA RITA-PI, CNPJ n.º 02.809.223/0001-20, para representação da categoria profissional dos trabalhadores rurais agricultores e agricultoras familiares, ativos ou aposentados, proprietários ou não, que exerçam atividade rural, individualmente ou em regime de economia familiar, em área não superior a dois módulos rurais, nos termos do Decreto Lei 1166/197, com abrangência municipal e base territorial no município de Nova Santa Rita, Estado do Piauí, nos termos dos arts. 245 e 246 da Portaria/MTP nº 671, de 8 de novembro de 2021, para fins de abertura do prazo de 30 (trinta) dias para impugnações.</p><p>O Coordenador-Geral de Registro Sindical, no uso das suas atribuições legais, considerando a regularidade processual e com fundamento na Análise Técnica nº 1904 (27403960), resolve: PUBLICAR o pedido de registro sindical nº 19964.112694/2022-81, de interesse do Sindicato dos Trabalhadores no Serviço Publico do Município de Gentio do Ouro - SINDSERV, CNPJ 06.078.895/0001-63, para representação da categoria dos Servidores públicos municipais efetivos, concursados, aposentados, dos poderes Executivo e Legislativo da Administração direta e indireta, contratados e comissionados, com abrangência municipal e base territorial no município de Gentio do Ouro, Estado da Bahia, nos termos dos arts. 245 e 246 da Portaria/MTP nº 671, de 8 de novembro de 2021, para fins de abertura do prazo de 30 (trinta) dias para impugnações.</p><p>O Coordenador-Geral de Registro Sindical, no uso das suas atribuições legais, considerando a regularidade processual e com fundamento na Análise Técnica SEI nº 1909 (SEI 27415012), resolve: PUBLICAR o pedido de alteração estatutária n.º 13620.102115/2022-04 (SA06427), de interesse do Sindicato dos Cozinheiros e Taifeiros em Transportes Marítimos e Fluviais nos Estados do Pará e Amapá, CNPJ 04.975.884/0001-50, para representação da categoria profissional dos Cozinheiros e Taifeiros, comuns aos 1º grupo (Marítimos) e 2º grupo (Fluviários), assim definidos nas Normas da Autoridade Marítima para Aquaviários (NORMAM/13), com abrangência interestadual e base territorial nos Estados do Amapá e Pará, nos termos dos arts. 245 e 246 da Portaria/MTP nº 671, de 8 de novembro de 2021, para fins de abertura do prazo de 30 (trinta) dias para impugnações.</p><p>O Coordenador-Geral de Registro Sindical, no uso das suas atribuições legais, considerando a regularidade processual e com fundamento na Análise Técnica nº 1907 (27408028), resolve: PUBLICAR o pedido de registro sindical nº 19964.112606/2022-41, de interesse do STTR - SINDICATO DOS TRABALHADORES RURAIS AGRICULTORES E AGRICULTORAS FAMILIARES DE CIDELÂNDIA - MA, CNPJ 05.818.571/0001-51, para representação da categoria profissional dos trabalhadores rurais agricultores e agricultoras familiares aqueles que, ativos ou aposentados, proprietários ou não, exerçam suas atividades no meio rural, individualmente ou em regime de economia familiar, nos termos do decreto Lei 1.166/1971, em área igual ou inferior a 02 (dois) módulos rurais, com abrangência municipal e base territorial no município de Cidelândia, Estado do Maranhão, nos termos dos arts. 245 e 246 da Portaria/MTP nº 671, de 8 de novembro de 2021, para fins de abertura do prazo de 30 (trinta) dias para impugnações.</p><p>O Coordenador-Geral de Registro Sindical, no uso das suas atribuições legais, considerando a regularidade processual e com fundamento na Análise Técnica nº 1908 (SEI 27410251), resolve: PUBLICAR o pedido de registro sindical nº 19964.112688/2022-23, de interesse do SINDICATO DAS INDÚSTRIAS DE OLARIAS E DE CERÂMICAS PARA CONSTRUÇÃO DO VALE DO RIO TIJUCAS, CNPJ n.º 13.462.586/0001-58, para representação da categoria econômica de fabricação de produtos cerâmicos não refratários. Enquadramento Sindical: conforme Comissão Nacional de Classificação de Atividade Econômica com estas definições: Classe 23.42-7/02 - Fabricação de artefatos de cerâmica e barro cozido para uso na construção, exceto azulejo e piso. Esta categoria compreende a fabricação de materiais cerâmicos para construção, tais como telhas, tijolos, lajotas, canos, manilhas, tubos, conexões; Classe 23.49-4/99 - Fabricação de produtos cerâmicos não refratários não especificados anteriormente. Esta categoria compreende a fabricação de artefatos de cerâmica ou de barro cozido para uso doméstico ou de adornos, tais como panelas, talhas, filtros, velas filtrantes e potes; a fabricação de produtos cerâmicos para uso na indústria do material elétrico, tais como isoladores, interruptores e receptáculos; a fabricação de cerâmica branca; a fabricação de louças de mesa, tais como aparelhos completos e peças avulsas de louça para serviço de mesa com aparelho de jantar, chá, café e bolo; a fabricação de cerâmica artística; a fabricação de cerâmica técnica para uso químico, elétrico, térmico e mecânico, a fabricação de cerâmicos de alta tecnologia para uso de acordo com a sua função, tais como eletroeletrônicos, magnéticos, ópticos, químicos, térmicos, mecânicos, biológicos, com abrangência Intermunicipal e base territorial nos municípios de Águas Mornas, Biguaçu, Botuverá, Brusque, Camboriú, Canelinha, Florianópolis, Guabiruba, Nova Trento, Palhoça, São João Batista, Santo Amaro da Imperatriz, São José e Tijucas, no Estado de Santa Catarina, nos termos dos arts. 245 e 246 da Portaria/MTP nº 671, de 8 de novembro de 2021, para fins de abertura do prazo de 30 (trinta) dias para impugnações.</p><p>O Coordenador-Geral de Registro Sindical, no uso das suas atribuições legais, considerando a regularidade processual e com fundamento na Análise Técnica nº 1910 (27423243), resolve: PUBLICAR o pedido de alteração estatutária nº 19964.112662/2022-85, de interesse do SINDICATO DOS TRABALHADORES RURAIS AGRICULTORES E AGRICULTORAS FAMILIARES DE RIO TINTO/PB - SRT, CNPJ n.º 08.899.254/0001-03, para representação da categoria dos trabalhadores rurais agricultores e agricultoras familiares os (as) que, proprietários ou não, exerçam suas atividades no meio rural, individualmente ou em regime de economia familiar, ativos e aposentados no Município de Rio Tinto - PB, nos termos do Decreto Lei 1.166/1971. No caso de ser proprietário, como se refere o parágrafo anterior, a sua área não poderá exceder a 02 (dois) módulos rurais de sua região e/ou Município e trabalhar em regime de economia familiar, sem empregado permanente, com abrangência Municipal e base territorial no Município de Rio Tinto, Estado da Paraíba, nos termos dos arts. 245 e 246 da Portaria/MTP nº 671, de 8 de novembro de 2021, para fins de abertura do prazo de 30 (trinta) dias para impugnações.</p><p>O Coordenador-Geral de Registro Sindical, no uso das suas atribuições legais, considerando a regularidade processual e com fundamento na Análise Técnica nº 1915 - SEI(27429616), resolve: PUBLICAR o pedido de registro sindical nº 19964.112771/2022-01, de interesse do SINDICATO DOS TRABALHADORES E TRABALHADORAS NA AGRICULTURA FAMILIAR DE SÃO JOÃO DO MANHUAÇU - SINTRAF, CNPJ n.º 01.441.381/0001-07, para representação da categoria profissional da agricultura familiar, abrange todos os trabalhadores e trabalhadoras na agricultura familiar do município de São João do Manhuaçu/MG, proprietários ou não de imóvel rural, incluindo os aposentados ativos e inativos, os assentados, arrendatários, cessionários, comodatários, extrativistas artesanais, meeiros, parceiros, posseiros, possuidores ou usufrutuário que exerçam suas atividades no meio rural individualmente ou em regime de economia familiar assim entendido o trabalho dos membros da mesma família indispensável à própria subsistência e executado em condições mutua dependência e colaboração, ainda que com a ajuda eventual de terceiros, conforme Decreto Lei nº 1.166/71, cuja área trabalhada não exceda o limite de 02 (dois) módulos rurais, com abrangência Municipal e base territorial no Município de São João do Manhuaçu, no Estado de Minas Gerais, nos termos dos arts. 245 e 246 da Portaria/MTP nº 671, de 8 de novembro de 2021, para fins de abertura do prazo de 30 (trinta) dias para impugnações.</p><p>O Coordenador-Geral de Registro Sindical, no uso das suas atribuições legais, considerando a regularidade processual e com fundamento na Análise Técnica nº 1927 (27447566), resolve: PUBLICAR o pedido de registro sindical nº 19964.110776/2022-91, de interesse do Sindicato Patronal do Comércio de Jaguariaíva - SINDICOM JAGUARIAÍVA, CNPJ 25.270.957/0001-89, para representação da categoria econômica das empresas comerciais, com abrangência municipal e base territorial no município de Jaguariaíva, Estado do Paraná, nos termos dos arts. 245 e 246 da Portaria/MTP nº 671, de 8 de novembro de 2021, para fins de abertura do prazo de 30 (trinta) dias para impugnações.</p><p>O Coordenador-Geral de Registro Sindical, no uso das suas atribuições legais, considerando a regularidade processual e com fundamento na Análise Técnica nº 1782/2022 - SEI(27094042), resolve: PUBLICAR o pedido de registro sindical nº 19964.111124/2022-73, de interesse do SINDICATO INTERMUNICIPAL DOS TÉCNICOS DE LABORATÓRIO DE ANÁLISES CLÍNICAS, TÉCNICOS DE ENFERMAGEM E DOS AUXILIARES DE ENFERMAGEM DO ESTADO DA BAHIA (SINTTAUX-BA), CNPJ n.º 28.688.515/0001-45, para representação da categoria profissional dos Técnicos de Laboratório de Análises Clínicas, Técnicos de Enfermagem e dos Auxiliares de Enfermagem, ativo e aposentado, todos empregados dos estabelecimentos de serviços de saúde de rede privada, das empresas terceirizadas na área de saúde, das entidades filantrópicas, beneficentes e religiosas, das clínicas, dos laboratórios de análises clínicas, dos consultórios médicos e dos hospitais da rede privativa, com abrangência Intermunicipal e base territorial nos Municípios de Amargosa, Antonio Cardoso, Anguera, Alagoinhas, Amélia Rodrigues, Aurelino Leal, Barra do Rocha, Barreiras, Bom Jesus da Lapa, Baixa Grande, Candeal, Capela do Alegre, Campo Alegre de Lurdes, Cachoeira, Camaçari, Camumu, Campo Formoso, Candeias, Capim Grosso, Canavieiras, Cardeal da Silva, Castro Alves, Catu, Cícero Dantas, Conceição de Feira, Conceição do Jacuípe, Conceição de Almeida, Coração de Maria, Cruz das Almas, Dias D´Ávila, Elísio Medrado, Entre Rios, Esplanada, Euclides da Cunha, Feira da Mata, Feira de Santana, Gandú, Gavião, Ibirataia, Ibotirama, Ichu, Inhambupe, Ipecaetá, Ipiau, Ipirá, Irara, Irecê, Itaberaba, Itacaré, Itaparica, Itati, Jacobina, Jaguarari, Jaguaripi, Juazeiro, Jussara, Laje, Lauro de Freitas, Lençóis, Luis Eduardo Magalhães, Madre de Deus, Mata de São João, Miguel Calmom, Muritiba, Mutuípe, Nazaré, Nova Fátima, Oliveira dos Brejinhos, Pé de Serra, Pedrão, Pintadas, Pojuca, Rafael Jambeiro, Remanso, Ribeira do Pombal, Riachão do Jacuípe, Rui Barbosa, Salvador, Salinas da Margarida, Santa Bárbara, Santa Inês, Sertanópolis, Santo Amaro, Santo Antônio de Jesus, Santo Estevão, São Félix, São Felipe, São Gonçalo dos Campos, São Sebastião do Passe, São Francisco do Conde, Senhor do Bonfim, Serra Preta, Serrinha, Simões Filho, Teodoro Sampaio, Terra Nova, Tanquinho, Ubaitaba, Ubaíra, Valença, Valente, Vera Cruz, no Estado da Bahia, nos termos dos arts. 245 e 246 da Portaria/MTP nº 671, de 8 de novembro de 2021, para fins de abertura do prazo de 30 (trinta) dias para impugnações.</p><p>O Coordenador-Geral de Registro Sindical, no uso das suas atribuições legais, considerando a irregularidade processual e com fundamento na Análise Técnica nº 1924 (27445410), resolve: INDEFERIR o pedido de alteração estatutária n.º 19964.112866/2022-16, de interesse do STRM - SINDICATO DOS TRABALHADORES RURAIS DE MARACÁS, CNPJ nº 13.903.323/0001-37, tendo em vista a irregularidade documental não passível de saneamento, nos termos do artigo 253, inciso I, da Portaria nº 671/2021.</p><p>O Coordenador-Geral de Registro Sindical, no uso das suas atribuições legais, considerando a irregularidade processual e com fundamento na Análise Técnica nº 1802/2022/ME (27159965), resolve: INDEFERIR o pedido de alteração estatutária n.º 19964.111891/2022-82, de interesse do SECHSEG - Sindicato Intermunicipal dos Empregados no Comércio Hoteleiro do Estado de Goiás, CNPJ 02.889.400/0001-25, tendo em vista a irregularidade de documentação não passível de saneamento, nos termos art. 253, inciso I da Portaria/MTP nº 671, de 8 de novembro de 2021.</p><p class="assina">JOSÉ DE RIBAMAR PEREIRA JÚNIOR</p><p class="cargo">Substituto</p>]]></Texto>
  </body>
  <Midias />
</article></xml>