﻿<xml><article id="27707579" name="985 986 987" idOficio="7355652" pubName="DO1" artType="Portaria" pubDate="25/08/2022" artClass="00020:00032:00005:00003:00001:00000:00000:00000:00000:00000:00006:00002" artCategory="Ministério da Justiça e Segurança Pública/Secretaria Nacional de Justiça/Departamento de Migrações/Coordenação-Geral de Política Migratória/Coordenação de Processos Migratórios" artSize="12" artNotes="" numberPage="251" pdfPage="http://pesquisa.in.gov.br/imprensa/jsp/visualiza/index.jsp?data=25/08/2022&amp;jornal=515&amp;pagina=251" editionNumber="162" highlightType="" highlightPriority="" highlight="" highlightimage="" highlightimagename="" idMateria="14836758">
  <body>
    <Identifica><![CDATA[ PORTARIA Nº 985, DE 24 DE AGOSTO DE 2022]]></Identifica>
    <Data><![CDATA[]]></Data>
    <Ementa />
    <Titulo />
    <SubTitulo />
    <Texto><![CDATA[<p></p><p class="identifica">PORTARIA Nº 985, DE 24 DE AGOSTO DE 2022</p><p>A COORDENADORA DE PROCESSOS MIGRATÓRIOS, no uso da competência delegada pela Portaria nº 623 de 13 de novembro de 2020, publicada no Diário Oficial da União, de 17 de novembro de 2020, resolve:</p><p>CONCEDER a nacionalidade brasileira, por naturalização, às pessoas abaixo relacionadas, nos termos do Art. 12, II, "a", da Constituição Federal, e em conformidade com o Art. 65 da Lei nº 13.445/2017, regulamentada pelo Decreto nº 9.199/2017, a fim de que possam gozar dos direitos outorgados pela Constituição e leis do Brasil:</p><p>ADNAN NAZEER RANA - G137507-0, natural do Paquistão, nascido em 06 de junho de 1991, filho de Robina Akhter e de Rana Rauf Ahmed Shahid, residente no Distrito Federal (Processo nº 235881.0007302/2020);</p><p>ANTONIO DOMINGOS MAKANGUA - G225711-A, natural da Angola, nascido em 12 de março de 1971, filho de Antonio Makangua e de Ana Diasivi, residente no Estado do Rio de Janeiro (Processo nº 235881.0074826/2021);</p><p>ARISNEL BOISROND - G101828-S, natural do Haiti, nascido em 10 de dezembro de 1988, filho de Franckel Boisrond e de Elirose Jean Baptiste, residente no Estado de São Paulo (Processo nº 235881.0093355/2021);</p><p>AUGUSTO CESAR RUEDA MEDINA - V532192-O, natural da Colômbia, nascido em 08 de julho de 1979, filho de Alfredo Rueda Triana e de Maria Emelia Medina Parra, residente no Estado do Espírito Santo (Processo nº 235881.0107988/2021);</p><p>CARLA ELIANA DAVICO - V664077-Q, natural da Argentina, nascida em 06 de maio de 1988, filho de Omar Alcides Ramon Davico e de Norma Magdalena Ponce, residente no Estado de Santa Catarina (Processo nº 235881.0018463/2020);</p><p>CYNTHIA OLUCHI BENSON - G298367-G, natural da Nigéria, nascida em 09 de fevereiro de 1987, filha de Roseline Nwakaego Iwuanyanwu e de Michael Chukwuemeka Iwuanyanwu, residente no Estado de São Paulo (Processo nº 235881.0015306/2020);</p><p>EIMAN AL ABED AL HADI - F116508-N, natural da Síria, nascida em 16 de junho de 1985, filho de Hiyam Al Hamoui e de Ahmad Al Abed Al Hadi, residente no Estado do Paraná (Processo nº 235881.0030838/2021);</p><p>HABIB SKAIKY - F086207-2, natural do Líbano, nascido em 23 de setembro de 1994, filho de Hassib Skaiky e de Hwayda Noredin, residente no Estado de São Paulo (Processo nº 235881.0028759/2021);</p><p>HERMAN DANIEL AFANADOR JIMENEZ - V988512-I, natural da Colômbia, nascido em 07 de abril de 1990, filho de Jairo Farid Afanador Romero e de Nancy Elena Jimenez Guarin, residente no Estado de São Paulo (Processo nº 235881.0090387/2021);</p><p>IBRAHIMA SALL - G248136-S, natural de Senegal, nascido em 10 de junho de 1991, filho de Rokhaya Wade e de Ndiaw Sall, residente no Estado de São Paulo (Processo nº 235881.0015339/2020);</p><p>JACKENSON VOLCY - V876588-8, natural do Haiti, nascido em 12 de outubro 1993, filho de Clergemene Oscar e de Honel Volcy, residente no Estado de Minas Gerais (Processo nº 235881.0036003/2021);</p><p>JORGE LUIS CORONADO GÓMEZ - V826628-F, natural da Colômbia, nascido em 18 de outubro de 1983, filho de Luis Simon Coronado Perez e de Nancy del Carmen Gómez Diaz, residente no Estado da Bahia (Processo nº 235881.0109850/2021);</p><p>KENAN RABIE - G172384-S, natural da Síria, nascido em 24 de junho de 2005, filho de Osama Rabie e de Rehab Alashek, residente no Estado de São Paulo (Processo nº 235881.0095395/2021);</p><p>MAMADOU LAMINE GUEYE - G428008-Z, natural do Senegal, nascido em 11 de setembro de 1968, filho de Thierno Gueye e de Coumba Seck, residente no Estado da Bahia (Processo nº 235881.0018988/2020);</p><p>MOHAMMAD KOBIR HOSSIN MUNNA - G037430-G, natural de Bangladesh, nascido em 05 de maio de 1991, filho de Shams Uddin e de Saleha Begum, residente no Estado do Paraná (Processo nº 235881.0152597/2021);</p><p>NAMORY CONDE - G470896-R, natural de Guiné, nascido 15 de agosto de 1981, filho de Kaba Conde e de Mariama Bah, residente no Estado de Goiás (Processo nº 235881.0021098/2021);</p><p>NGAGNE SYLLA - G106651-G, natural do Senegal, nascido em 01 de março de 1986, filho de Moustapha Sylla e de Diane Gaye Beye, residente no Estado do Goiás (Processo nº 235881.0010067/2020);</p><p>REINA RUIZ BARRERA - G007554-G, natural de Cuba, nascida em 21 de agosto de 1979, filha de Maria Julia Barrera Ross e de Eugenio Ruiz Despaigne, residente no Estado do Paraná (Processo nº 235881.0028519/2021);</p><p>RONY JEAN - G187131-Q, natural do Haiti, nascido em 22 de maio de 1977, filho de Moria Jean, residente no Estado do Rio Grande do Sul (Processo nº 235881.0096718/2021);</p><p>SADEK AHMED - G016016-6, natural de Bangladesh, nascido em 05 de janeiro de 1986, filho de Mothosin Ali e de Nehar Begum, residente no Estado do Paraná (Processo nº 235881.0130097/2021) e</p><p>YANILI MAGDARIAGA MENENDEZ - G312924-7, natural de Cuba, nascida em 26 de abril de 1985, filha de Juan Antonio Magdariaga Coroneaux e de Luisa Estela Menendez Rodriguez, residente no Estado do Piauí (Processo nº 235881.0130927/2021).</p><p>As pessoas referidas nesta Portaria deverão comparecer perante a Justiça Eleitoral para o devido cadastramento, nos termos do Art. 231 do Decreto nº 9.199/2017, que regulamenta a Lei nº 13.445/2017.</p><p class="assina">ANA CLARA FORMIGA FERREIRA DO CARMO</p><p></p><p class="identifica">PORTARIA Nº 986, DE 24 DE AGOSTO DE 2022</p><p>A COORDENADORA DE PROCESSOS MIGRATÓRIOS, no uso da competência delegada pela Portaria nº 623 de 13 de novembro de 2020, publicada no Diário Oficial da União, de 17 de novembro de 2020, resolve:</p><p>CONCEDER a nacionalidade brasileira, por naturalização, à pessoa abaixo relacionada, nos termos do Art. 12, II, "b", da Constituição Federal, e em conformidade com o Art. 67 da Lei nº 13.445/2017, regulamentada pelo Decreto nº 9.199/2017, a fim de que possa gozar dos direitos outorgados pela Constituição e leis do Brasil:</p><p>JAN TORE KONGEVOLD - W361587-V, natural da Noruega, nascido em 04 de abril de 1962, filho de Nancy Kongevold e de Andreas Kongevold, residente no Estado do Rio de Janeiro (Processo nº 235881.0019669/2020).</p><p>A pessoa referida nesta Portaria deverá comparecer perante a Justiça Eleitoral para o devido cadastramento, nos termos do Art. 231 do Decreto nº 9.199/2017, que regulamenta a Lei nº 13.445/2017.</p><p class="assina">ANA CLARA FORMIGA FERREIRA DO CARMO</p><p></p><p class="identifica">PORTARIA Nº 987, DE 24 DE AGOSTO DE 2022</p><p>A COORDENADORA DE PROCESSOS MIGRATÓRIOS, no uso da competência delegada pela Portaria nº 623 de 13 de novembro de 2020, publicada no Diário Oficial da União, de 17 de novembro de 2020: resolve:</p><p>CONCEDER a nacionalidade brasileira, por Naturalização Provisória, às pessoas abaixo relacionadas, nos termos do Art. 12, inciso II, alínea "a", da Constituição Federal, e em conformidade com o Art. 70 da Lei nº 13.445/2017, regulamentada pelo Decreto nº 9.199/2017, a fim de que possam gozar dos direitos outorgados pela Constituição e leis do Brasil, até 2 (dois) anos após atingir a maioridade, nos termos do Parágrafo único do referido artigo:</p><p>ADAN ABDULBRI HASAN GRIMIDA - F583842-U, natural da Líbia, nascida em 29 de março de 2021, filha de Abdulbri Hasan Mabruk Grimida e de Manahel Mayloud Almashat Meemees, residente no Estado de São Paulo (Processo nº 235881.0220638/2022);</p><p>ANEES HAMAD WANNEES ALQARADHAWI - F565286-0, natural da Líbia, nascido em 25 de novembro de 2016, filho de Hamad Wannees Ibrahim Alqaradhawi e de Narjis Nouri Asweekir Mousa, residente no Estado de São Paulo (Processo nº 235881.0219829/2022);</p><p>HASAN ABDULBRI HASAN GRIMIDA - F583827-Q, natural da Líbia, nascido em 16 de julho de 2019, filho de Abdulbri Hasan Mabruk Grimida e de Manahel Mayloud Almashat Meemees, residente no Estado de São Paulo (Processo nº 235881.0220630/2022);</p><p>MARIA MOSTAFA GALAL ABDULRAQEB MOOHIALDIN - F287141-0, natural do Iêmen, nascida em 01 de dezembro de 2015, filha de Mostafa Galal Abdulraqeb Moohialdin e de Doaa Mohammed Abdulrahman Al Sowaidi, residente no Estado de São Paulo (Processo nº 235881.0006586/2020) e</p><p>NUAH OSAMAH ABDULMALEK AL MEKHLAFI - F599107-O, natural do Iêmen, nascido em 13 de março de 2018, filho de Osamah Abdulmalek Abduljalil Al Mekhlafi e de Razan Sameer Sharaf Kassim, residente no Estado de São Paulo (Processo nº 235881.0225930/2022).</p><p class="assina">ANA CLARA FORMIGA FERREIRA DO CARMO</p><p></p>]]></Texto>
  </body>
  <Midias />
</article></xml>