﻿<xml><article id="27710090" name="2022-08-24/7356023/ANMWS_1483731" idOficio="7356023" pubName="DO1" artType="Despacho" pubDate="25/08/2022" artClass="00023:00030:00019:00000:00000:00000:00000:00000:00000:00000:00024:00102" artCategory="Ministério de Minas e Energia/Agência Nacional de Mineração/Gerência Regional da ANM no Estado de Mato Grosso" artSize="12" artNotes="" numberPage="259" pdfPage="http://pesquisa.in.gov.br/imprensa/jsp/visualiza/index.jsp?data=25/08/2022&amp;jornal=515&amp;pagina=259" editionNumber="162" highlightType="" highlightPriority="" highlight="" highlightimage="" highlightimagename="" idMateria="14837313">
  <body>
    <Identifica><![CDATA[ DESPACHO  ]]></Identifica>
    <Data><![CDATA[]]></Data>
    <Ementa />
    <Titulo />
    <SubTitulo />
    <Texto><![CDATA[<p class="identifica">DESPACHO</p><p>Relação nº 102/2022</p><p>Fase de Direito de Requerer a Lavra</p><p>Autoriza a emissão de Guia de Utilização(2237)</p><p>866.035/2009-ISON DO BRASIL MINERACAO LTDA-NOVO MUNDO/MT - Guia n° 20/2022-50.000toneladas/ano-Minério de Ouro- Vigência da Guia:03 (três) anos</p><p>Fase de Requerimento de Pesquisa</p><p>Determina cumprimento de exigência - Prazo 60 dias(131)</p><p>866.397/2022-JOSÉ CLOVIS PEZZIN DE ALMEIDA-OF. N°34435/2022-CÁREAS</p><p>Determina arquivamento definitivo do processo(155)</p><p>866.424/2021-WILLIAM MONTEIRO LIPINISKY</p><p>866.423/2021-WILLIAM MONTEIRO LIPINISKY</p><p>866.422/2021-WILLIAM MONTEIRO LIPINISKY</p><p>866.421/2021-WILLIAM MONTEIRO LIPINISKY</p><p class="assina">LEVI SALIÉS FILHO</p><p class="cargo">Gerente</p>]]></Texto>
  </body>
  <Midias />
</article></xml>