﻿<xml><article id="27716817" name="Port1755P" idOficio="7356069" pubName="DO1" artType="Portaria" pubDate="25/08/2022" artClass="00007:00058:00001:00000:00000:00000:00000:00000:00000:00000:00054:00000" artCategory="Ministério da Agricultura, Pecuária e Abastecimento/Instituto Nacional de Colonização e Reforma Agrária/Gabinete" artSize="12" artNotes="OK" numberPage="20" pdfPage="http://pesquisa.in.gov.br/imprensa/jsp/visualiza/index.jsp?data=25/08/2022&amp;jornal=515&amp;pagina=20" editionNumber="162" highlightType="" highlightPriority="" highlight="" highlightimage="" highlightimagename="" idMateria="14837420">
  <body>
    <Identifica><![CDATA[ PORTARIA Nº 1.755, DE 24 DE AGOSTO DE 2022]]></Identifica>
    <Data><![CDATA[]]></Data>
    <Ementa><![CDATA[ Retifica a declaração anterior de interesse social afeto ao PA Tuerê, município de Novo Repartimento, Estado do Pará, bem como determina providências subsequentes.]]></Ementa>
    <Titulo />
    <SubTitulo />
    <Texto><![CDATA[<p class="identifica">PORTARIA Nº 1.755, DE 24 DE AGOSTO DE 2022</p><p class="ementa">Retifica a declaração anterior de interesse social afeto ao PA Tuerê, município de Novo Repartimento, Estado do Pará, bem como determina providências subsequentes.</p><p>O PRESIDENTE DO INSTITUTO NACIONAL DE COLONIZAÇÃO E REFORMA AGRÁRIA - INCRA, no exercício das atribuições que lhe são conferidas pelo art. 19 da Estrutura Regimental desde Instituto, aprovada pelo Decreto nº 10.252, de 20 de fevereiro de 2020, publicado no DOU do dia 21 seguinte, c/c o art. 110, incisos V e VI do Regimento Interno, aprovado pela Portaria nº 531, de 23 de março de 2020, publicada no DOU do dia 24 seguinte;</p><p>Considerando os documentos que instruem os autos do processo administrativo 41210.003708/1987-59; e</p><p>Considerando a decisão exarada na Resolução do Conselho Diretor nº 47, de 24 de agosto de 2022, resolve:</p><p>Art. 1º Retificar a declaração anterior de interesse social quanto à criação do então Projeto de Assentamento - PA Tuerê, no município de Novo Repartimento, inerente a Portaria Incra nº 628, de 04 de agosto de 1987, no sentido de efetuar a subdivisão do atual PA Tuerê em: Projeto de Assentamento Tuerê, com área de 56.657,7639 (cinquenta e seis mil, seiscentos e cinquenta e sete hectares, setenta e seis ares e trinta e nove centiares); Projeto de Assentamento Tuerê II, com área de 80.324,0228 ha (oitenta mil, trezentos e vinte e quatro hectares, dois ares e vinte e oito centiares); e Projeto de Assentamento Tuerê III, com área de 3.487,3219 ha (três mil, quatrocentos e oitenta e sete hectares, trinta e dois ares e dezenove centiares), todos localizados no município de Novo Repartimento/PA.</p><p>Parágrafo único. Ficam mantidos os demais assentamentos criados em sobreposição ao PA Tuerê: PA Sunil, PA Carajás, PA Jordão, PA Monte das Oliveiras, PA Serra Azul II, PA Cachimbão e PA Rio Gelado.</p><p>Art. 2º Determinar à Superintendência Regional do Incra no Sudeste do Pará a imediata adoção das providências necessárias ao cumprimento do disposto nos arts. 3º e 4º da Resolução/CD/Incra/nº 47, de 24 de agosto de 2022.</p><p>Art. 3º Esta portaria entra em vigor na data de sua publicação.</p><p class="assina">GERALDO JOSÉ DA CÂMARA FERREIRA DE MELO FILHO</p>]]></Texto>
  </body>
  <Midias />
</article></xml>