﻿<xml><article id="27710729" name="PORTARIA 6897 DE 04.08.2022" idOficio="7356054" pubName="DO1" artType="Portaria" pubDate="25/08/2022" artClass="00015:00002:00026:00000:00000:00000:00000:00000:00000:00000:00054:00001" artCategory="Ministério da Economia/Secretaria Executiva/Secretaria de Gestão Corporativa" artSize="12" artNotes="" numberPage="32" pdfPage="http://pesquisa.in.gov.br/imprensa/jsp/visualiza/index.jsp?data=25/08/2022&amp;jornal=515&amp;pagina=32" editionNumber="162" highlightType="" highlightPriority="" highlight="" highlightimage="" highlightimagename="" idMateria="14837406">
  <body>
    <Identifica><![CDATA[ PORTARIA SGC/ME Nº 6.897, DE 4 DE AGOSTO DE 2022]]></Identifica>
    <Data><![CDATA[]]></Data>
    <Ementa><![CDATA[Institui a Política de Gestão de Pessoas, no âmbito da Secretaria de Gestão Corporativa, e o Comitê de Gestão de Pessoas da Secretaria de Gestão Corporativa da Secretaria Executiva do Ministério da Economia.]]></Ementa>
    <Titulo />
    <SubTitulo />
    <Texto><![CDATA[<p class="identifica">PORTARIA SGC/ME Nº 6.897, DE 4 DE AGOSTO DE 2022</p><p class="ementa">Institui a Política de Gestão de Pessoas, no âmbito da Secretaria de Gestão Corporativa, e o Comitê de Gestão de Pessoas da Secretaria de Gestão Corporativa da Secretaria Executiva do Ministério da Economia.</p><p>A SECRETÁRIA DE GESTÃO CORPORATIVA DA SECRETARIA EXECUTIVA DO MINISTÉRIO DA ECONOMIA, no uso das atribuições que lhe confere o art. 18, incisos I e II, do Anexo I do Decreto nº 9.745, de 8 de abril de 2019, resolve:</p><p>Art. 1º Fica instituída a Política de Gestão de Pessoas no âmbito da Secretaria de Gestão Corporativa da Secretaria Executiva do Ministério da Economia, com a finalidade de estimular o desenvolvimento de seu quadro funcional.</p><p>CAPÍTULO I</p><p>DAS DISPOSIÇÕES GERAIS</p><p>Art. 2º São pressupostos da Política de Gestão de Pessoas da Secretaria de Gestão Corporativa a observância aos padrões éticos e à corresponsabilidade de todos os servidores na aplicação dos princípios e diretrizes constantes desta Política.</p><p>Art. 3º A Diretoria de Gestão de Pessoas, em parceria com as demais unidades administrativas da Secretaria de Gestão Corporativa, proporá, de forma coordenada e alinhada, ações e processos que visem à implementação da Política objeto desta Portaria.</p><p>CAPÍTULO II</p><p>DOS CONCEITOS</p><p>Art. 4º Para fins desta Portaria, considera-se:</p><p>I - Assédio moral: conduta abusiva de natureza psicológica, que atenta contra a dignidade e a integridade da pessoa, de forma repetitiva e prolongada, expondo o indivíduo a situações degradantes e/ou constrangedoras, capazes de causar ofensa à personalidade;</p><p>II - Capacitação: processo permanente e deliberado de aprendizagem, com o propósito de contribuir para o desenvolvimento de competências organizacionais por meio do desenvolvimento de competências individuais;</p><p>III - Competência: conjunto de conhecimentos, habilidades e atitudes que, contando com o devido suporte organizacional, são colocados em prática nas situações de trabalho, produzindo resultados que agregam valor à organização e ao indivíduo;</p><p>IV - Clima organizacional: percepção global dos servidores e colaboradores a respeito do seu ambiente de trabalho, capaz de influenciar o comportamento profissional e afetar o desempenho da organização;</p><p>V - Padrões éticos: proceder dentro das normas estabelecidas pela instituição, não prejudicando o próximo e cumprindo as atividades, de forma a criar um ambiente de confiança e agindo com responsabilidade e honestidade;</p><p>VI - Diretrizes: estratégias de gestão, orientações e indicações direcionadas a ações e processos de gestão de pessoas;</p><p>VII - Gestão de desempenho: alinhamento do desenvolvimento dos servidores e colaboradores com as metas a serem alcançadas pela instituição;</p><p>VIII - Gestão de pessoas: conjunto de atividades gerenciais e institucionais desenvolvidas para a supervisão, coordenação e orientação permanente dos servidores, com foco no alcance das metas organizacionais, bem como na busca pela realização pessoal dos colaboradores envolvidos;</p><p>IX - Gestão participativa: processo de liderança estruturado na confiança entre os profissionais de diferentes níveis hierárquicos, que estimulam os servidores a participarem do processo decisório e cultivam a livre interação dos colaboradores nos objetivos da organização; e</p><p>X - Princípio: fundamento basilar que orienta a interpretação e a aplicação das normas.</p><p>CAPÍTULO III</p><p>DOS PRINCÍPIOS</p><p>Art. 5º A gestão de pessoas orientar-se-á pelos seguintes princípios:</p><p>I - gestão integrada com a missão, visão, valores e objetivos estratégicos do Ministério da Economia;</p><p>II - aprimoramento das relações de trabalho por meio de padrões éticos e de práticas transparentes e justas que valorizem as pessoas;</p><p>III - integração, acessibilidade, inclusão e não discriminação;</p><p>IV - gestão participativa, com enfoque no trabalho em equipe e na cooperação;</p><p>V - meritocracia, com foco na valorização do desempenho e desenvolvimento profissional;</p><p>VI - valorização do servidor, fomentando o seu desempenho e desenvolvimento contínuo; e</p><p>VII - promoção da saúde, bem-estar no trabalho e a manutenção de clima organizacional favorável ao desempenho superior.</p><p>CAPÍTULO IV</p><p>DAS DIRETRIZES</p><p>Art. 6º A gestão de pessoas será orientada pelas seguintes diretrizes:</p><p>I - estímulo à capacitação, ao desenvolvimento contínuo e à disseminação do conhecimento;</p><p>II - utilização efetiva da gestão de desempenho como ferramenta de melhoria dos resultados individual e institucional;</p><p>III - priorização da segurança e da saúde ocupacional dos servidores;</p><p>IV - orientação e prevenção no tocante ao assédio moral no trabalho;</p><p>V - racionalização do planejamento e da execução do orçamento de gestão de pessoas, com vistas ao atendimento das necessidades da Administração e do interesse público;</p><p>VI - gestão participativa na execução e aprimoramento das estratégias;</p><p>VII - atualização contínua do sistema de gestão e desenvolvimento de pessoas, valorizando a inovação tecnológica, a criatividade, o empreendedorismo e o pensamento crítico;</p><p>VIII - utilização racional de recursos materiais, com foco no desenvolvimento da consciência econômica, social e ambiental;</p><p>IX - orientação e transparência quanto aos direitos e deveres funcionais dos servidores;</p><p>X - estabelecimento de critérios objetivos e acessíveis quanto à participação dos servidores em ações de capacitação; e</p><p>XI - colaboração nas iniciativas dos programas de qualidade de vida no trabalho, assegurando condições para que os servidores possam exercer suas atividades de forma saudável.</p><p>CAPÍTULO V</p><p>DO COMITÊ DE GESTÃO DE PESSOAS</p><p>Art. 7º Fica instituído o Comitê de Gestão de Pessoas da Secretaria de Gestão Corporativa - CGP/SGC, com a finalidade de assegurar a implementação da Política de Gestão de Pessoas de que trata esta Portaria, bem como deliberar sobre assuntos dessa natureza.</p><p>Art. 8º O CGP/SGC será composto pelos seguintes membros:</p><p>I - Secretário de Gestão Corporativa;</p><p>II - Secretário-Adjunto de Gestão Corporativa;</p><p>III - Diretor de Gestão de Pessoas;</p><p>IV - Diretor de Administração e Logística;</p><p>V - Diretor de Gestão Estratégica;</p><p>VI - Diretor de Finanças e Contabilidade;</p><p>VII - Diretor de Tecnologia da Informação; e</p><p>VIII - Diretor de Gestão de Serviços e Unidades Descentralizadas.</p><p>§ 1º O CGP/SGC será presidido pelo Secretário de Gestão Corporativa.</p><p>§ 2º Nos casos de impedimento ou ausência do Secretário de Gestão Corporativa, o Secretário-Adjunto de Gestão Corporativa exercerá a Presidência do Comitê.</p><p>§ 3º Havendo impedimento ou ausência do Secretário de Gestão Corporativa e do seu Adjunto, o Diretor de Gestão de Pessoas exercerá a Presidência do Comitê.</p><p>§ 4º Quanto aos demais membros do Comitê, nos casos de impedimento ou ausência, serão representados por seus substitutos designados na forma do art. 38 da Lei nº 8.112, de 11 de dezembro de 1990.</p><p>§ 5º Nos casos em que os membros do CGP/SGC não puderem se reunir fisicamente, fica admitida a possibilidade de as deliberações serem feitas por meio eletrônico.</p><p>§ 6º A participação dos membros no CGP/SGC será considerada prestação de serviço público relevante, não remunerada.</p><p>Art. 9º O CGP/SGC funcionará em caráter permanente e será secretariado pela Coordenação-Geral existente no âmbito da Diretoria de Gestão de Pessoas que trata de Desenvolvimento, Provimento e Movimentação de Pessoas.</p><p>Art. 10. O CGP/SGC reunir-se-á:</p><p>I - em caráter ordinário, semestralmente, com o quórum mínimo de 2/3 (dois terços) de seus membros; e</p><p>II - em caráter extraordinário, a qualquer tempo, com o quórum mínimo de 2/3 (dois terços) de seus membros, por convocação do Presidente, do seu substituto ou do Diretor de Gestão de Pessoas, ou ainda por proposição de quaisquer de seus integrantes, desde que o Presidente esteja de acordo.</p><p>§ 1º As decisões ou recomendações do CGP/SGC serão definidas por consenso.</p><p>§ 2º Na hipótese em que não seja possível o consenso, as decisões serão tomadas por maioria simples, considerado o quantitativo de Diretores, cabendo ao seu Presidente, em caso de empate, o voto de qualidade.</p><p>Art. 11. São atribuições do CGP/SGC:</p><p>I - definir diretrizes e apoiar a formulação de políticas de gestão de pessoas em consonância com o planejamento estratégico do Ministério da Economia;</p><p>II - avaliar a efetividade das políticas relativas à gestão e ao desenvolvimento de pessoas no âmbito da Secretaria de Gestão Corporativa;</p><p>III - instituir, a seu critério, grupos de trabalho para discussão de temas em sua esfera de competência;</p><p>IV - avaliar e aprovar as propostas técnicas oriundas dos grupos de trabalho citados no inciso anterior;</p><p>V - requerer aos órgãos integrantes da estrutura organizacional da Secretaria de Gestão Corporativa quaisquer informações necessárias à execução dos trabalhos do Comitê;</p><p>VI - avaliar, junto à Diretoria de Gestão de Pessoas, os critérios para participação dos servidores em programas de pós-graduação, com ou sem afastamento, no país ou no exterior, nos casos em que não haja processo seletivo específico de ampla concorrência no âmbito do Ministério, conforme aspectos definidos no art. 15;</p><p>VII - apoiar estudos, pesquisas e difusão das melhores práticas e tendências em gestão de pessoas; e</p><p>VIII - outras atribuições que forem definidas pela presidência do colegiado.</p><p>Art. 12. São atribuições do Presidente do CGP/SGC:</p><p>I - convocar e coordenar as reuniões do colegiado;</p><p>II - conduzir as votações, bem como declarar o seu resultado; e</p><p>III - estabelecer o cronograma dos trabalhos do Comitê.</p><p>Art. 13. São atribuições dos membros do CGP/SGC:</p><p>I - comparecer às reuniões a que forem convocados;</p><p>II - esclarecer eventuais dúvidas sobre as demandas apresentadas pela sua unidade administrativa;</p><p>III - examinar e pronunciar-se sobre os assuntos constantes na pauta;</p><p>IV - executar as ações que lhes forem atribuídas pelo Comitê; e</p><p>V - propor ao Presidente do Comitê, de forma justificada, a convocação de reunião extraordinária.</p><p>Art. 14. São atribuições da Coordenação-Geral de que trata o art. 9º desta Portaria junto ao CGP/SGC:</p><p>I - prestar assistência direta ao Presidente do Comitê;</p><p>II - dar suporte gerencial e operacional aos trabalhos do colegiado;</p><p>III - avaliar previamente as solicitações encaminhadas ao CGP/SGC; e</p><p>IV - exercer outras atividades que lhe sejam atribuídas pela presidência do Comitê.</p><p>Seção I</p><p>Da Avaliação de Critérios para Participação em Programas de Pós-Graduação</p><p>Art. 15. O CGP/SGC analisará e deliberará sobre os pedidos de participação de servidores geridos pela SGC ou que nela estejam em exercício, nas seguintes ações:</p><p>I - programas de pós-graduação stricto sensu que ensejem em afastamento das atribuições do cargo, na forma do art. 18 do Decreto nº 9.991, de 28 de agosto de 2019;</p><p>II - programas de pós-graduação custeados com orçamento da Secretaria de Gestão Corporativa.</p><p>§1º Fica dispensada a análise e deliberação do comitê nas seguintes hipóteses:</p><p>I - no caso previsto no inciso I do caput, caso decorrente de processo seletivo promovido pelo órgão gestor da carreira;</p><p>II - no caso previsto no inciso I do caput, caso custeado pelo órgão gestor da carreira e aprovado por colegiado próprio;</p><p>III - no caso previsto no inciso II do caput, quando decorrente de aprovação em processo seletivo de ampla concorrência;</p><p>§ 2º A análise e deliberação de que trata o caput deste artigo levará em conta, além de outros fatores cuja pertinência seja reconhecida pela Diretoria de Gestão de Pessoas, os seguintes aspectos:</p><p>I - a compatibilidade do programa de pós-graduação e, quando for o caso, das atividades de pesquisa a serem desenvolvidas, com as atribuições do cargo efetivo, do cargo em comissão ou da função de confiança do servidor ou à área de competências da sua unidade de exercício;</p><p>II - a relevância do tema do curso de pós-graduação para a atuação profissional do servidor;</p><p>III - a razão pela qual a participação em programa de pós-graduação não pode ocorrer simultaneamente com o exercício do cargo ou mediante compensação de horário, se for o caso;</p><p>IV - a nota da avaliação de desempenho individual e o alcance das metas de desempenho individual, quando houver; e</p><p>V - avaliações oficialmente reconhecidas de qualidade dos programas de pós-graduação stricto sensu efetuadas por instituições da área de educação para fins de classificação do servidor.</p><p>CAPÍTULO VI</p><p>DISPOSIÇÕES FINAIS</p><p>Art. 16. Caberá ao CGP/SGC discutir internamente e decidir sobre os casos omissos desta Portaria, bem como promover as modificações que julgar necessárias.</p><p>Art. 17. Fica revogada a Portaria nº 268, de 6 de maio de 2019, da Secretaria de Gestão Corporativa da Secretaria Executiva do Ministério da Economia, publicada no Diário Oficial da União de 13 de maio de 2019.</p><p>Art. 18. Esta Portaria entra em vigor em 1º de setembro de 2022.</p><p class="assina">LUCÉLIA INÁCIO NETO</p>]]></Texto>
  </body>
  <Midias />
</article></xml>