﻿<xml><article id="27708791" name="Ato11952a11993" idOficio="7355862" pubName="DO1" artType="Ato" pubDate="25/08/2022" artClass="00012:00014:00016:00057:00000:00000:00000:00000:00000:00000:00006:00007" artCategory="Ministério das Comunicações/Agência Nacional de Telecomunicações/Superintendência de Outorga e Recursos à Prestação/Gerência de Outorga e Licenciamento de Estações" artSize="12" artNotes="" numberPage="27" pdfPage="http://pesquisa.in.gov.br/imprensa/jsp/visualiza/index.jsp?data=25/08/2022&amp;jornal=515&amp;pagina=27" editionNumber="162" highlightType="" highlightPriority="" highlight="" highlightimage="" highlightimagename="" idMateria="14837035">
  <body>
    <Identifica><![CDATA[ ATOS DE 22 DE AGOSTO DE 2022]]></Identifica>
    <Data><![CDATA[]]></Data>
    <Ementa />
    <Titulo />
    <SubTitulo />
    <Texto><![CDATA[<p class="identifica">ATOS DE 22 DE AGOSTO DE 2022</p><p>Nº 11.952 - Processo nº 53500.305958/2022-33.</p><p>Expede autorização à PRIORIZE NET EIRELI, CNPJ/MF nº 28.551.936/0001-20, para explorar Serviços de Telecomunicações de Interesse Coletivo e de Interesse Restrito, por prazo indeterminado, em todo o território nacional.</p><p>Nº 11.957 - Processo nº 53500.306138/2022-69.</p><p>Expede autorização à DM - SERVICOS DE TELECOMUNICACAO LTDA, CNPJ/MF nº 43.267.979/0001-71, para explorar Serviços de Telecomunicações de Interesse Coletivo e de Interesse Restrito, por prazo indeterminado, em todo o território nacional.</p><p>Nº 11.982 - Processo nº 53500.301151/2022-21.</p><p>Declara extinta, por renúncia, a partir de 02/08/2022, a autorização outorgada à SETEPE - EDUCACAO E SERVICOS DE TELECOMUNICACOES LTDA., CNPJ nº 02.324.232/0001-20, por intermédio do Ato nº 4334, de 13/08/2020 (SEI nº 5864225), para explorar Serviços de Telecomunicações de Interesse Coletivo e de Interesse Restrito, por prazo indeterminado, em todo o território nacional.</p><p>Nº 11.993 - Processo nº 53500.008297/2021-10.</p><p>Declara extinta, por renúncia, a partir de 01/08/2022, a autorização outorgada à AX TECNOLOGIA LTDA., CNPJ nº 07.893.914/0001-78, por intermédio do Ato nº 2015, de 25/03/2021 (SEI nº 6700145), para explorar Serviços de Telecomunicações de Interesse Coletivo e de Interesse Restrito, por prazo indeterminado, em todo o território nacional.</p><p class="assina">Renato Sales Bizerra Aguiar</p><p class="cargo">Gerente</p>]]></Texto>
  </body>
  <Midias />
</article></xml>