﻿<xml><article id="27710060" name="2022-08-24/7356020/ANMWS_1483731" idOficio="7356020" pubName="DO1" artType="Despacho" pubDate="25/08/2022" artClass="00023:00030:00050:00000:00000:00000:00000:00000:00000:00000:00024:00012" artCategory="Ministério de Minas e Energia/Agência Nacional de Mineração/Superintendência de Outorga de Títulos Minerários" artSize="12" artNotes="" numberPage="261" pdfPage="http://pesquisa.in.gov.br/imprensa/jsp/visualiza/index.jsp?data=25/08/2022&amp;jornal=515&amp;pagina=261" editionNumber="162" highlightType="" highlightPriority="" highlight="" highlightimage="" highlightimagename="" idMateria="14837310">
  <body>
    <Identifica><![CDATA[ DESPACHO  ]]></Identifica>
    <Data><![CDATA[]]></Data>
    <Ementa />
    <Titulo />
    <SubTitulo />
    <Texto><![CDATA[<p class="identifica">DESPACHO</p><p>Relação nº 109/2022</p><p>Fase de Requerimento de Pesquisa</p><p>O SUPERINTENDENTE DE OUTORGA DE TÍTULOS MINERÁRIOS DA AGÊNCIA NACIONAL DE MINERAÇÃO, no uso das atribuições regimentais dispostas no art. 93 da Resolução nº 102, de 13 de abril de 2022, e com fundamento no art. 15, do Decreto-lei n° 227, de 28 de fevereiro de 1967, (Código de Mineração), e no art. 2°, inciso XVII da Lei 13.575/2017, outorga os seguintes Alvarás de Pesquisa, prazo 3 anos, vigência a partir dessa publicação:(323)</p><p>6667/2022-800.293/2022-LEAO DO NORDESTE MINERADORA LTDA-</p><p>6668/2022-800.348/2022-LEAO DO NORDESTE MINERADORA LTDA-</p><p>6666/2022-800.194/2022-BRASIL FORTESCUE MINERACAO LTDA-</p><p>6665/2022-800.176/2022-AGROPAULO AGROINDUSTRIAL S.A-</p><p>6664/2022-800.816/2021-FELIPE MONTEIRO DA COSTA E SILVA-</p><p>O SUPERINTENDENTE DE OUTORGA DE TÍTULOS MINERÁRIOS DA AGÊNCIA NACIONAL DE MINERAÇÃO, no uso das atribuições regimentais dispostas no art. 93 da Resolução nº 102, de 13 de abril de 2022, e com fundamento no art. 15, do Decreto-lei n° 227, de 28 de fevereiro de 1967, (Código de Mineração), e no art. 2°, inciso XVII da Lei 13.575/2017, outorga os seguintes Alvarás de Pesquisa, prazo 2 anos, vigência a partir dessa publicação:(322)</p><p>6662/2022-800.817/2021-VICTOR BAZONI ALTOE-</p><p>6663/2022-800.279/2022-GILDIVAN CARLOS FERNANDES-</p><p class="assina">MOACYR CARVALHO DE ANDRADE NETO</p><p></p>]]></Texto>
  </body>
  <Midias />
</article></xml>