﻿<xml><article id="27704041" name="Retificacao do Numero do Ato Dec" idOficio="7355027" pubName="DO1" artType="Retificação" pubDate="25/08/2022" artClass="00015:00047:00012:00020:00003:00000:00000:00000:00000:00000:00066:00000" artCategory="Ministério da Economia/Comissão de Valores Mobiliários/Superintendência-Geral/Superintendência de Supervisão de Investidores Institucionais/Gerência de Acompanhamento de Investidores Institucionais" artSize="12" artNotes="" numberPage="214" pdfPage="http://pesquisa.in.gov.br/imprensa/jsp/visualiza/index.jsp?data=25/08/2022&amp;jornal=515&amp;pagina=214" editionNumber="162" highlightType="" highlightPriority="" highlight="" highlightimage="" highlightimagename="" idMateria="14835683">
  <body>
    <Identifica><![CDATA[RETIFICAÇÃO]]></Identifica>
    <Data><![CDATA[]]></Data>
    <Ementa />
    <Titulo />
    <SubTitulo />
    <Texto><![CDATA[<p class="identifica">RETIFICAÇÃO</p><p>No ATO DECLARATÓRIO CVM DE 22 DE AGOSTO DE 2022, publicado no DOU de 23 de agosto de 2022, Seção 1, p. 38, onde se lê: " Nº 20.96 - ... ", leia-se: " Nº 20.096 - ...".</p>]]></Texto>
  </body>
  <Midias />
</article></xml>