﻿<xml><article id="27700224" name="DECISAO SUPAS N 814" idOficio="7354297" pubName="DO1" artType="Decisão" pubDate="25/08/2022" artClass="00019:00036:00022:00000:00000:00000:00000:00000:00000:00000:00018:00001" artCategory="Ministério da Infraestrutura/Agência Nacional de Transportes Terrestres/Superintendência de Serviços de Transporte Rodoviário de Passageiros" artSize="12" artNotes="" numberPage="243" pdfPage="http://pesquisa.in.gov.br/imprensa/jsp/visualiza/index.jsp?data=25/08/2022&amp;jornal=515&amp;pagina=243" editionNumber="162" highlightType="" highlightPriority="" highlight="" highlightimage="" highlightimagename="" idMateria="14834686">
  <body>
    <Identifica><![CDATA[ DECISÃO SUPAS Nº 814, DE 23 DE AGOSTO DE 2022]]></Identifica>
    <Data><![CDATA[]]></Data>
    <Ementa />
    <Titulo />
    <SubTitulo />
    <Texto><![CDATA[<p class="identifica">DECISÃO SUPAS Nº 814, DE 23 DE AGOSTO DE 2022</p><p>A Superintendente de Serviços de Transporte Rodoviário de Passageiros da Agência Nacional de Transportes Terrestres - ANTT, no uso de suas atribuições, em conformidade com o inciso III do art. 29 e o inciso VIII do art. 105, ambos do Anexo da Resolução nº 5.976, de 7 de abril de 2022;</p><p>CONSIDERANDO o disposto no art. 42 da Resolução nº 5.285, de 9 de fevereiro de 2017, que dispõe sobre o esquema operacional de serviço e as regras para modificação da prestação do serviço regular de transporte rodoviário coletivo interestadual e internacional de passageiros, sob o regime de autorização;</p><p>CONSIDERANDO que os mercados objeto do pleito de supressão de linha constam da Licença Operacional - LOP de nº 66; e</p><p>CONSIDERANDO o que consta no processo administrativo nº 50500.154071/2022-82, decide:</p><p>Art. 1º Deferir o pedido da EXPRESSO GUANABARA LTDA., CNPJ nº 41.550.112/0001-01, para modificar a prestação do serviço com a supressão da linha SOBRAL (CE) - BRASÍLIA (DF), prefixo 03-0043-60.</p><p>Art. 2º Esta Decisão entra em vigor após 10 (dez) dias da data de sua publicação.</p><p class="assina">MARINA SOARES ALMEIDA</p><p></p>]]></Texto>
  </body>
  <Midias />
</article></xml>