﻿<xml><article id="27710096" name="2022-08-24/7356000/ANMWS_1483732" idOficio="7356000" pubName="DO1" artType="Despacho" pubDate="25/08/2022" artClass="00023:00030:00050:00000:00000:00000:00000:00000:00000:00000:00024:00016" artCategory="Ministério de Minas e Energia/Agência Nacional de Mineração/Superintendência de Outorga de Títulos Minerários" artSize="12" artNotes="" numberPage="261" pdfPage="http://pesquisa.in.gov.br/imprensa/jsp/visualiza/index.jsp?data=25/08/2022&amp;jornal=515&amp;pagina=261" editionNumber="162" highlightType="" highlightPriority="" highlight="" highlightimage="" highlightimagename="" idMateria="14837327">
  <body>
    <Identifica><![CDATA[ DESPACHO  ]]></Identifica>
    <Data><![CDATA[]]></Data>
    <Ementa />
    <Titulo />
    <SubTitulo />
    <Texto><![CDATA[<p class="identifica">DESPACHO</p><p>Relação nº 136/2022</p><p>Fase de Requerimento de Pesquisa</p><p>O SUPERINTENDENTE DE OUTORGA DE TÍTULOS MINERÁRIOS DA AGÊNCIA NACIONAL DE MINERAÇÃO, no uso das atribuições regimentais dispostas no art. 93 da Resolução nº 102, de 13 de abril de 2022, e com fundamento no art. 15, do Decreto-lei n° 227, de 28 de fevereiro de 1967, (Código de Mineração), e no art. 2°, inciso XVII da Lei 13.575/2017, outorga os seguintes Alvarás de Pesquisa, prazo 3 anos, vigência a partir dessa publicação:(323)</p><p>6701/2022-867.552/2021-JOSE LUIZ PEREIRA SILVA-</p><p>6699/2022-866.659/2021-TELMO NAMEN LOPES FILHO-</p><p>6700/2022-867.127/2021-SEVEN GOLD MINERACAO LTDA-</p><p>6697/2022-866.111/2021-ARTHUR HENRIQUE DE MELO-</p><p>6698/2022-866.112/2021-ARTHUR HENRIQUE DE MELO-</p><p>6682/2022-866.490/2017-MINERADORA TAPAJOS LTDA.-</p><p>6683/2022-866.491/2017-MINERADORA TAPAJOS LTDA.-</p><p>6684/2022-866.557/2017-MINERADORA TAPAJOS LTDA.-</p><p>6686/2022-866.031/2019-GDMBRASIL GEOLOGIA E DESENVOLVIMENTO MINERAL LTDA-</p><p>6687/2022-866.202/2019-GDMBRASIL GEOLOGIA E DESENVOLVIMENTO MINERAL LTDA-</p><p>6685/2022-866.798/2018-DAVID ROCHA GUIMARAES-</p><p>6688/2022-866.691/2019-JOÃO GUSTAVO BATISTA CORREA-</p><p>6689/2022-867.162/2019-QUARTZBLUE MINERACAO LTDA-</p><p>6692/2022-866.494/2020-QUARTZBLUE MINERACAO LTDA-</p><p>6691/2022-866.479/2020-DIEGO CHRISTOFOLETTI VITTI-</p><p>6693/2022-866.815/2020-FRANCISCO GOLBERY ALBUQUERQUE COSTA-</p><p>6694/2022-866.817/2020-FRANCISCO GOLBERY ALBUQUERQUE COSTA-</p><p>6695/2022-866.818/2020-FRANCISCO GOLBERY ALBUQUERQUE COSTA-</p><p>6696/2022-867.236/2020-ELOISA MARAN PEREIRA-</p><p>6690/2022-866.257/2020-DONIZETE BORGES DE CAMPOS-</p><p>O SUPERINTENDENTE DE OUTORGA DE TÍTULOS MINERÁRIOS DA AGÊNCIA NACIONAL DE MINERAÇÃO, no uso das atribuições regimentais dispostas no art. 93 da Resolução nº 102, de 13 de abril de 2022, e com fundamento no art. 15, do Decreto-lei n° 227, de 28 de fevereiro de 1967, (Código de Mineração), e no art. 2°, inciso XVII da Lei 13.575/2017, outorga os seguintes Alvarás de Pesquisa, prazo 2 anos, vigência a partir dessa publicação:(322)</p><p>6670/2022-867.136/2019-QUARTZBLUE MINERACAO LTDA-</p><p>6672/2022-867.138/2019-QUARTZBLUE MINERACAO LTDA-</p><p>6673/2022-867.139/2019-QUARTZBLUE MINERACAO LTDA-</p><p>6669/2022-867.135/2019-QUARTZBLUE MINERACAO LTDA-</p><p>6671/2022-867.137/2019-QUARTZBLUE MINERACAO LTDA-</p><p>6674/2022-867.141/2019-QUARTZBLUE MINERACAO LTDA-</p><p>6675/2022-867.159/2019-QUARTZBLUE MINERACAO LTDA-</p><p>6676/2022-867.160/2019-QUARTZBLUE MINERACAO LTDA-</p><p>6677/2022-867.161/2019-QUARTZBLUE MINERACAO LTDA-</p><p>6678/2022-867.163/2019-QUARTZBLUE MINERACAO LTDA-</p><p>6679/2022-866.023/2020-QUARTZBLUE MINERACAO LTDA-</p><p>6680/2022-866.024/2020-QUARTZBLUE MINERACAO LTDA-</p><p>6681/2022-866.025/2020-QUARTZBLUE MINERACAO LTDA-</p><p class="assina">MOACYR CARVALHO DE ANDRADE NETO</p><p></p>]]></Texto>
  </body>
  <Midias />
</article></xml>