﻿<xml><article id="27710036" name="ADE7NIT119" idOficio="7355986" pubName="DO1" artType="Ato Declaratório" pubDate="25/08/2022" artClass="00015:00045:00432:00099:00010:00000:00000:00000:00000:00000:00007:00002" artCategory="Ministério da Economia/Secretaria Especial da Receita Federal do Brasil/Subsecretaria-Geral da Receita Federal do Brasil/Superintendência Regional da 7ª Região Fiscal/Delegacia da Receita Federal do Brasil em Niterói" artSize="12" artNotes="" numberPage="211" pdfPage="http://pesquisa.in.gov.br/imprensa/jsp/visualiza/index.jsp?data=25/08/2022&amp;jornal=515&amp;pagina=211" editionNumber="162" highlightType="" highlightPriority="" highlight="" highlightimage="" highlightimagename="" idMateria="14837293">
  <body>
    <Identifica><![CDATA[ ATO DECLARATÓRIO EXECUTIVO DRF NIT Nº 119, DE 24 DE AGOSTO DE 2022]]></Identifica>
    <Data><![CDATA[]]></Data>
    <Ementa><![CDATA[ Reconhece o direito à redução do imposto de renda das pessoas jurídicas e adicionais não-restituíveis, incidentes sobre o lucro da exploração, relativo a empreendimento situado na área da atuação da SUDENE, de titularidade da pessoa jurídica que menciona.]]></Ementa>
    <Titulo />
    <SubTitulo />
    <Texto><![CDATA[<p class="identifica">ATO DECLARATÓRIO EXECUTIVO DRF NIT Nº 119, DE 24 DE AGOSTO DE 2022</p><p class="ementa">Reconhece o direito à redução do imposto de renda das pessoas jurídicas e adicionais não-restituíveis, incidentes sobre o lucro da exploração, relativo a empreendimento situado na área da atuação da SUDENE, de titularidade da pessoa jurídica que menciona.</p><p>O DELEGADO DA RECEITA FEDERAL DO BRASIL EM NITERÓI, no uso das atribuições que lhe confere o inciso III do art. 360 do Regimento Interno da Secretaria Especial da Receita Federal do Brasil, aprovado pela Portaria ME nº 284, de 27 de julho de 2020, publicada no D.O.U. de 27 de julho de 2020 - Edição Extra, e tendo em vista o disposto no art. 3º do Decreto nº 4.213, de 26 de abril de 2002, D.O.U. de 26 de abril de 2002, c/c o artigo 60 da Instrução Normativa SRF nº 267, de 23 de dezembro de 2002, e considerando o que consta no dossiê nº 13113.180266/2022-15, declara:</p><p>Art. 1º. Fica reconhecido o DIREITO À REDUÇÃO DO IMPOSTO SOBRE A RENDA DA PESSOA JURÍDICA E ADICIONAIS NÃO RESTITUÍVEIS (calculados com base no lucro da exploração), observados os elementos constantes do Laudo Constitutivo nº 0034/2022 expedido em 01.04.2022, pela Superintendência do Desenvolvimento do Nordeste (SUDENE) do Ministério do Desenvolvimento Regional.</p><p>Pessoa Jurídica Titular do Empreendimento: LAFARGEHOLCIM BRASIL S.A.</p><p>CNPJ Nº: 60.869.336/0001-17</p><p>Pessoa Jurídica Objeto do Incentivo (unidade produtora): LAFARGEHOLCIM BRASIL S.A.</p><p>CNPJ Nº 60.869.336/0232-49</p><p>ENDEREÇO: AV. AMINTAS JACQUES DE MORAIS, Nº 4.545</p><p>39401-261 - ELDORADO</p><p>MONTES CLAROS - MG</p><p>PRODUTOS/SERVIÇOS OBJETO DO BENEFÍCIO FISCAL: CIMENTO</p><p>DESCRIÇÃO DA ATIVIDADE: FABRICAÇÃO DE CIMENTO</p><p>ENQUADRAMENTO DO SETOR PRIORITÁRIO: INDÚSTRIA DE TRANSFORMAÇÃO - MINERAIS NÃO-METÁLICOS, DECRETO Nº 4.213/2002, ART. 2º, INCISO VI, ALÍNEA D</p><p>PRAZO DE VIGÊNCIA DO BENEFÍCIO: 10 (DEZ) ANOS</p><p>PERÍODO DE FRUIÇÃO (Ano Calendário): 01/01/2022 a 31/12/2031</p><p>Art. 2º. O valor do imposto que deixar de ser pago em virtude da redução de que trata o artigo anterior, não poderá ser distribuído aos sócios e constituirá reserva de capital da pessoa jurídica, que somente poderá ser utilizada para absorção de prejuízos ou aumento do capital social, sendo considerada como distribuição do valor do imposto:</p><p>I - a restituição de capital aos sócios, em casos de redução do capital social, até o montante do aumento com incorporação da reserva; e</p><p>II - a partilha do acervo líquido da sociedade dissolvida, até o valor do saldo da reserva de capital.</p><p>Art. 3º. A inobservância do disposto no artigo anterior, bem como a existência de débitos relativos a tributos ou contribuições federais, importará na perda do incentivo e obrigação de recolher o imposto que a pessoa jurídica tiver deixado de pagar, acrescido das penalidades cabíveis.</p><p>Art. 4º. Este Ato Declaratório Executivo entra em vigor na data de sua publicação no Diário Oficial da União.</p><p class="assina">ALEXANDRE CORREA LISBOA</p>]]></Texto>
  </body>
  <Midias />
</article></xml>