﻿<xml><article id="27705477" name="RESOLUAAO NA 27" idOficio="7355273" pubName="DO1" artType="Resolução" pubDate="25/08/2022" artClass="00007:00051:00000:00000:00000:00000:00000:00000:00000:00000:00005:00005" artCategory="Ministério da Agricultura, Pecuária e Abastecimento/Secretaria de Política Agrícola" artSize="12" artNotes="" numberPage="19" pdfPage="http://pesquisa.in.gov.br/imprensa/jsp/visualiza/index.jsp?data=25/08/2022&amp;jornal=515&amp;pagina=19" editionNumber="162" highlightType="" highlightPriority="" highlight="" highlightimage="" highlightimagename="" idMateria="14836196">
  <body>
    <Identifica><![CDATA[RESOLUÇÃO Nº 27, DE 23 DE AGOSTO DE 2022]]></Identifica>
    <Data><![CDATA[]]></Data>
    <Ementa><![CDATA[Divulga resultado do julgamento de recursos da Comissão Especial de Recursos (CER) do Programa de Garantia da Atividade Agropecuária (PROAGRO).]]></Ementa>
    <Titulo />
    <SubTitulo />
    <Texto><![CDATA[<p class="identifica">RESOLUÇÃO Nº 27, DE 23 DE AGOSTO DE 2022</p><p class="ementa">Divulga resultado do julgamento de recursos da Comissão Especial de Recursos (CER) do Programa de Garantia da Atividade Agropecuária (PROAGRO).</p><p>A Comissão Especial de Recursos do Programa de Garantia da Atividade Agropecuária (CER/PROAGRO), no uso de suas competências conferidas pelo disposto no Decreto nº 10.124, de 21 de novembro de 2019, em julgamento remoto realizado em Brasília/DF, entre os dias 19 e 29 de julho de 2022, resolve:</p><p>Art 1º Conceder pedido de vista aos recursos abaixo relacionados:</p><p /><p></p><table><tr /><tr><td rowspan="1" colspan="1"><p>Item</p></td><td rowspan="1" colspan="1"><p>N° CER</p></td><td rowspan="1" colspan="1"><p>Mutuário</p></td><td rowspan="1" colspan="1"><p>Ref Bac</p></td><td rowspan="1" colspan="1"><p>Proagro</p></td></tr><tr><td rowspan="1" colspan="1"><p>1</p></td><td rowspan="1" colspan="1"><p>21066.009686/2021-42</p></td><td rowspan="1" colspan="1"><p>Dilva Maria Dinani Menin</p></td><td rowspan="1" colspan="1"><p>20190954114</p></td><td rowspan="1" colspan="1"><p>Mais</p></td></tr><tr><td rowspan="1" colspan="1"><p>2</p></td><td rowspan="1" colspan="1"><p>21066.009688/2021-31</p></td><td rowspan="1" colspan="1"><p>Darlan Scapini Balest</p></td><td rowspan="1" colspan="1"><p>20190879616</p></td><td rowspan="1" colspan="1"><p>Mais</p></td></tr><tr><td rowspan="1" colspan="1"><p>3</p></td><td rowspan="1" colspan="1"><p>21066.009486/2021-90</p></td><td rowspan="1" colspan="1"><p>Fabiana Casagrande Viera</p></td><td rowspan="1" colspan="1"><p>20191238033</p></td><td rowspan="1" colspan="1"><p>Tradicional</p></td></tr><tr><td rowspan="1" colspan="1"><p>4</p></td><td rowspan="1" colspan="1"><p>21066.009684/2021-53</p></td><td rowspan="1" colspan="1"><p>Fernando Alissom Kuhn</p></td><td rowspan="1" colspan="1"><p>20191233067</p></td><td rowspan="1" colspan="1"><p>Mais</p></td></tr><tr><td rowspan="1" colspan="1"><p>5</p></td><td rowspan="1" colspan="1"><p>21066.009714/2021-21</p></td><td rowspan="1" colspan="1"><p>Gustavo Zache</p></td><td rowspan="1" colspan="1"><p>20190918031</p></td><td rowspan="1" colspan="1"><p>Mais</p></td></tr><tr><td rowspan="1" colspan="1"><p>6</p></td><td rowspan="1" colspan="1"><p>21066.009816/2021-47</p></td><td rowspan="1" colspan="1"><p>Hercilia Geronute De Paula</p></td><td rowspan="1" colspan="1"><p>20200298013</p></td><td rowspan="1" colspan="1"><p>Mais</p></td></tr><tr><td rowspan="1" colspan="1"><p>7</p></td><td rowspan="1" colspan="1"><p>21066.009860/2021-57</p></td><td rowspan="1" colspan="1"><p>Ieda Maria Scapini Scheibel</p></td><td rowspan="1" colspan="1"><p>20191161169</p></td><td rowspan="1" colspan="1"><p>Mais</p></td></tr><tr><td rowspan="1" colspan="1"><p>8</p></td><td rowspan="1" colspan="1"><p>21066.009800/2021-34</p></td><td rowspan="1" colspan="1"><p>Leoni Natalia Zaleski Bariviera</p></td><td rowspan="1" colspan="1"><p>20190689351</p></td><td rowspan="1" colspan="1"><p>Tradicional</p></td></tr><tr><td rowspan="1" colspan="1"><p>9</p></td><td rowspan="1" colspan="1"><p>21066.009520/2021-26</p></td><td rowspan="1" colspan="1"><p>Marli Severini Roso</p></td><td rowspan="1" colspan="1"><p>20191544521</p></td><td rowspan="1" colspan="1"><p>Mais</p></td></tr><tr><td rowspan="1" colspan="1"><p>10</p></td><td rowspan="1" colspan="1"><p>21066.009146/2021-69</p></td><td rowspan="1" colspan="1"><p>Miria Schmitt Moraes</p></td><td rowspan="1" colspan="1"><p>20200944452</p></td><td rowspan="1" colspan="1"><p>Mais</p></td></tr><tr><td rowspan="1" colspan="1"><p>11</p></td><td rowspan="1" colspan="1"><p>21066.009548/2021-63</p></td><td rowspan="1" colspan="1"><p>Norberto Della Flora</p></td><td rowspan="1" colspan="1"><p>20191010203</p></td><td rowspan="1" colspan="1"><p>Mais</p></td></tr><tr><td rowspan="1" colspan="1"><p>12</p></td><td rowspan="1" colspan="1"><p>21066.009898/2021-20</p></td><td rowspan="1" colspan="1"><p>Paulo Cesar De Godoy</p></td><td rowspan="1" colspan="1"><p>20191262999</p></td><td rowspan="1" colspan="1"><p>Mais</p></td></tr></table><p>Art. 2º. Esta Resolução entra em vigor na data de sua publicação.</p><p class="assina">GUILHERME SORIA BASTOS FILHO</p><p class="cargo">Presidente Comissão Especial de Recursos</p>]]></Texto>
  </body>
  <Midias />
</article></xml>