﻿<xml><article id="27706316" name="Portaria SECEX 208_2022" idOficio="7355408" pubName="DO1" artType="Portaria" pubDate="25/08/2022" artClass="00015:00040:00008:00000:00000:00000:00000:00000:00000:00000:00054:00000" artCategory="Ministério da Economia/Secretaria Especial de Comércio Exterior e Assuntos Internacionais/Secretaria de Comércio Exterior" artSize="12" artNotes="" numberPage="208" pdfPage="http://pesquisa.in.gov.br/imprensa/jsp/visualiza/index.jsp?data=25/08/2022&amp;jornal=515&amp;pagina=208" editionNumber="162" highlightType="" highlightPriority="" highlight="" highlightimage="" highlightimagename="" idMateria="14836428">
  <body>
    <Identifica><![CDATA[ PORTARIA SECEX Nº  208,  DE  24  DE  AGOSTO  DE  2022]]></Identifica>
    <Data><![CDATA[]]></Data>
    <Ementa><![CDATA[ Altera a Portaria SECEX nº 44, de 24 de julho de 2020, que dispõe sobre os regimes aduaneiros especiais de drawback.]]></Ementa>
    <Titulo />
    <SubTitulo />
    <Texto><![CDATA[<p class="identifica">PORTARIA SECEX Nº 208, DE 24 DE AGOSTO DE 2022</p><p class="ementa">Altera a Portaria SECEX nº 44, de 24 de julho de 2020, que dispõe sobre os regimes aduaneiros especiais de drawback.</p><p>O SECRETÁRIO DE COMÉRCIO EXTERIOR, DA SECRETARIA ESPECIAL DE COMÉRCIO EXTERIOR E ASSUNTOS INTERNACIONAIS DO MINISTÉRIO DA ECONOMIA, no uso das atribuições que lhe foram conferidas pelos incisos I, IV e XV do art. 91 do Anexo I do Decreto nº 9.745, de 8 de abril de 2019, resolve:</p><p>Art. 1º A Portaria SECEX nº 44, de 24 de julho de 2020, publicada no Diário Oficial da União de 27 de julho de 2020, passa a vigorar com as seguintes alterações:</p><p>"Art. 7º As importações cursadas ao amparo do regime de drawback suspensão não estão sujeitas ao exame de similaridade." (NR)</p><p>"Art. 32. ..................</p><p>................................</p><p>§ 1º ........................</p><p>...............................</p><p>III - nos incisos III e IV, por meio do cadastro da nota fiscal de venda com fim específico de exportação no ato concessório de drawback, sendo que a referida nota deverá conter, além dos requisitos exigidos pela legislação tributária, a indicação do Código Fiscal de Operações e Prestações (CFOP) específico para a operação de remessa com o fim específico de exportação.</p><p>...............................</p><p>§ 5º Ainda que o Ato Concessório seja encerrado de forma regular nos termos dos incisos III e IV do caput, considerar-se-á não efetivada a exportação na hipótese de falta de registro do evento de averbação na Nota Fiscal de remessa com fim específico de exportação, após o prazo de 180 (cento e oitenta) dias contados da data de emissão da Nota Fiscal." (NR)</p><p>"Art. 55. As importações cursadas ao amparo do regime de drawback isenção não estão sujeitas ao exame de similaridade." (NR)</p><p>"Art. 79. A comprovação dos regimes de que trata o Art. 76 fica condicionada à apresentação, por meio do Siscomex, da cópia da nota fiscal de venda da embarcação, ou a respectiva chave de acesso." (NR)</p><p>Art. 2º Esta Portaria entra em vigor em 1º de setembro de 2022.</p><p>Art. 3º Revogam-se os seguintes dispositivos da Portaria SECEX nº 44, de 2020:</p><p>I - o inciso IV do § 1º do art. 32;</p><p>II - os incisos I e II do caput do art. 79; e</p><p>III - o parágrafo único do art. 79.</p><p class="assina">LUCAS FERRAZ</p>]]></Texto>
  </body>
  <Midias />
</article></xml>