﻿<xml><article id="27699840" name="DOU Portarias de 19.08.2022" idOficio="7354259" pubName="DO1" artType="Portaria" pubDate="25/08/2022" artClass="00007:00003:00038:00000:00000:00000:00000:00000:00000:00000:00054:00001" artCategory="Ministério da Agricultura, Pecuária e Abastecimento/Secretaria Executiva/Superintendência Federal de Agricultura, Pecuária e Abastecimento do Paraná" artSize="12" artNotes="" numberPage="16" pdfPage="http://pesquisa.in.gov.br/imprensa/jsp/visualiza/index.jsp?data=25/08/2022&amp;jornal=515&amp;pagina=16" editionNumber="162" highlightType="" highlightPriority="" highlight="" highlightimage="" highlightimagename="" idMateria="14834602">
  <body>
    <Identifica><![CDATA[ PORTARIAS DE 19 DE AGOSTO DE 2022]]></Identifica>
    <Data><![CDATA[]]></Data>
    <Ementa />
    <Titulo />
    <SubTitulo />
    <Texto><![CDATA[<p class="identifica">PORTARIAS DE 19 DE AGOSTO DE 2022</p><p>O SUPERINTENDENTE FEDERAL DE AGRICULTURA NO PARANÁ, no uso das atribuições previstas no Regimento Interno das Superintendências Federais de Agricultura, aprovado pela Portaria Ministerial nº 561 de 11 de abril de 2018, publicada no DOU de 13 de abril de 2018 e Portaria SE/MAPA n.°326, de 09 de março de 2018, publicada no DOU de 19 de março de 2018, e para fins de aplicação do disposto no Decreto-Lei nº 818, de 05 de setembro de 1969 e</p><p>Instrução Normativa nº 22, de 20 de junho de 2013, resolve:</p><p>Nº 679 - HABILITAR o Médico Veterinário PETER DANIEL CABRAL LEMONIE, CRMV-PR Nº 21298 para fornecer GUIA DE TRÂNSITO ANIMAL para fins de trânsito de animais das espécies AVES no Estado do Paraná (Processo nº 21034.011702/2022-15).</p><p>Nº 680 - HABILITAR a Médica Veterinária AMABILI RODRIGUES, CRMV-PR Nº 19826 para fornecer GUIA DE TRÂNSITO ANIMAL para fins de trânsito de animais das espécies EQUINOS, ASININOS e MUARES no Estado do Paraná (Processo nº 21034.011703/2022-60).</p><p>Nº 681 - HABILITAR a Médica Veterinária STEPHANI TALIA NARDONI VENÂNCIO, CRMV-PR Nº 21030 para fornecer GUIA DE TRÂNSITO ANIMAL das seguintes espécies (Processo nº 21034.011711/2022-14):</p><p>1.EQUINOS, ASININOS E MUARES no Estado do Paraná;</p><p>2.BOVINOS, BUBALINOS, OVINOS E CAPRINOS exclusivamente para a saída de eventos agropecuários no Estado do Paraná, destinados aos municípios do Estado do Paraná.</p><p class="assina">CLEVERSON FREITAS</p><p></p>]]></Texto>
  </body>
  <Midias />
</article></xml>