﻿<xml><article id="27702688" name="ADE5RF6" idOficio="7354766" pubName="DO1" artType="Ato Declaratório" pubDate="25/08/2022" artClass="00015:00045:00432:00097:00000:00000:00000:00000:00000:00000:00007:00000" artCategory="Ministério da Economia/Secretaria Especial da Receita Federal do Brasil/Subsecretaria-Geral da Receita Federal do Brasil/Superintendência Regional da 5ª Região Fiscal" artSize="12" artNotes="" numberPage="209" pdfPage="http://pesquisa.in.gov.br/imprensa/jsp/visualiza/index.jsp?data=25/08/2022&amp;jornal=515&amp;pagina=209" editionNumber="162" highlightType="" highlightPriority="" highlight="" highlightimage="" highlightimagename="" idMateria="14835290">
  <body>
    <Identifica><![CDATA[ ATO DECLARATÓRIO EXECUTIVO SRRF05 Nº 6, DE 24 DE AGOSTO DE 2022]]></Identifica>
    <Data><![CDATA[]]></Data>
    <Ementa><![CDATA[ Declara o alfandegamento dos recintos da Dufry Lojas Francas Ltda. no Aeroporto Internacional de Salvador e concede o regime aduaneiro especial de loja franca.]]></Ementa>
    <Titulo />
    <SubTitulo />
    <Texto><![CDATA[<p class="identifica">ATO DECLARATÓRIO EXECUTIVO SRRF05 Nº 6, DE 24 DE AGOSTO DE 2022</p><p class="ementa">Declara o alfandegamento dos recintos da Dufry Lojas Francas Ltda. no Aeroporto Internacional de Salvador e concede o regime aduaneiro especial de loja franca.</p><p>O SUPERINTENDENTE DA RECEITA FEDERAL DO BRASIL NA 5ª REGIÃO FISCAL, no uso de suas atribuições que lhe confere os incisos V e VI do art. 359 do Regimento Interno da Secretaria Especial da Receita Federal do Brasil (RFB), aprovado pela Portaria ME nº 284, de 27 de julho de 2020, e tendo em vista o disposto no inciso I do art. 31 da Portaria RFB nº 143, de 11 de fevereiro de 2022, no art. 11 da Instrução Normativa nº 2.075, de 23 de março de 2022, nos arts. 14 e 15 da Portaria Coana nº 76, de 13 de maio de 2022, e à vista do que consta no Processo Administrativo nº 10271.058521/2022-33, declara:</p><p>Art. 1º Ficam alfandegados os estabelecimentos a seguir indicados, localizados no Aeroporto Internacional de Salvador, posição georreferenciada -12.914071, -38.328995, administrados pela DUFRY LOJAS FRANCAS LTDA, inscrita no CNPJ sob o nº 17.625.216/0001-45, observados os termos e condições da legislação aplicável:</p><p>I - Loja, com área total de 251,60 m² (loja 1.65), localizada na área de embarque internacional de passageiros, CNPJ nº 17.625.216/0054-57;</p><p>II - Loja, com área total de 573,47 m² (loja 0.01 - parte), localizado na área de desembarque internacional de passageiros, CNPJ nº 17.625.216/0055-38; e</p><p>III - Depósito, com área total de 30,85 m² (loja 0.01 - parte), localizado na área de desembarque internacional de passageiros, CNPJ nº 17.625.216/0056-19.</p><p>Art. 2º Os recintos alfandegados por meio deste Ato Declaratório Executivo(ADE) poderão movimentar e armazenar as mercadorias indicadas no art. 13 da Instrução Normativa nº 2.075, de 2022, nas operações aduaneiras de despacho de importação, exportação e em regime de trânsito aduaneiro, e na operação do regime aduaneiro especial de loja franca, até 31/03/2028.</p><p>Art. 3º Fica concedido o regime aduaneiro especial de loja franca para operação nos estabelecimentos indicados nos incisos do art. 1º.</p><p>Art. 4º Para utilização no SISCOMEX, ficam atribuídos os códigos a seguir indicados:</p><p>I - CNPJ nº 17.625.216/0054-57 - código 5936107;</p><p>II - CNPJ nº 17.625.216/0055-38 - código 5936108; e</p><p>III - CNPJ nº 17.625.216/0056-19 - código 5937703.</p><p>Art. 5º Os recintos alfandegados por meio deste ADE ficam sob a jurisdição da Inspetoria da Receita Federal do Brasil do Aeroporto Internacional de Salvador, que exercerá a fiscalização aduaneira de forma ininterrupta, podendo estabelecer as rotinas operacionais necessárias ao controle aduaneiro.</p><p>Art. 6º Nos termos do art. 32 da Portaria RFB nº 143, de 2022, os recintos alfandegados por meio deste Ato Declaratório Executivo ficam dispensados de disponibilizar:</p><p>I - instrumentos e aparelhos de inspeção não-invasiva; e</p><p>II - sistema informatizado e de gravação de imagens e comunicação por voz destinado a verificação física remota.</p><p>Art. 7º Sem prejuízo de eventuais penalidades cabíveis, o alfandegamento e a concessão do regime de que trata este ADE poderão ser suspensos ou cancelados por aplicação de sanção administrativa.</p><p>Art. 8º Este ato entra em vigor na data de sua publicação no Diário Oficial da União.</p><p class="assina">FRANCISCO LESSA RIBEIRO JUNIOR</p>]]></Texto>
  </body>
  <Midias />
</article></xml>