﻿<xml><article id="27710030" name="ADE9BLU1" idOficio="7355986" pubName="DO1" artType="Ato Declaratório" pubDate="25/08/2022" artClass="00015:00045:00432:00101:00003:00000:00000:00000:00000:00000:00007:00000" artCategory="Ministério da Economia/Secretaria Especial da Receita Federal do Brasil/Subsecretaria-Geral da Receita Federal do Brasil/Superintendência Regional da 9ª Região Fiscal/Delegacia da Receita Federal do Brasil em Blumenau" artSize="12" artNotes="" numberPage="212" pdfPage="http://pesquisa.in.gov.br/imprensa/jsp/visualiza/index.jsp?data=25/08/2022&amp;jornal=515&amp;pagina=212" editionNumber="162" highlightType="" highlightPriority="" highlight="" highlightimage="" highlightimagename="" idMateria="14837295">
  <body>
    <Identifica><![CDATA[ ATO DECLARATÓRIO EXECUTIVO DRF/BLU Nº 1, DE 24 DE AGOSTO DE 2022]]></Identifica>
    <Data><![CDATA[]]></Data>
    <Ementa><![CDATA[ Concede Registro Especial a engarrafador de bebidas alcoólicas.]]></Ementa>
    <Titulo />
    <SubTitulo />
    <Texto><![CDATA[<p class="identifica">ATO DECLARATÓRIO EXECUTIVO DRF/BLU Nº 1, DE 24 DE AGOSTO DE 2022</p><p class="ementa">Concede Registro Especial a engarrafador de bebidas alcoólicas.</p><p>O DELEGADO DA RECEITA FEDERAL DO BRASIL EM BLUMENAU, no uso das atribuições que lhe confere o artigo 360, inciso III, da Portaria ME nº 284, de 27 de julho de 2020, tendo em vista o disposto no artigo 3º da Instrução Normativa RFB nº 1.432, de 26 de dezembro de 2013 e de acordo com contido no processo nº 10906.230855/2022-37, declara:</p><p>Art. 1º - Inscrito no Registro Especial, na atividade de ENGARRAFADOR de bebidas alcoólicas, sob nº 09204/0067, o estabelecimento da empresa Luciano Maciel Pereira, inscrito no CNPJ sob nº 14.565.398/0001-18, situado na ESVC Ribeirão Sabiá 0, Ribeirão Sabiá, município de Presidente Getúlio/SC.</p><p>Art. 2º - Este Ato Declaratório Executivo entra em vigor na data de sua publicação no Diário Oficial da União.</p><p class="assina">EDUARDO BURIGO DE SOUSA</p>]]></Texto>
  </body>
  <Midias />
</article></xml>