﻿<xml><article id="27705731" name="REL 481 2022 SERAR 1" idOficio="7355325" pubName="DO1" artType="Despacho" pubDate="25/08/2022" artClass="00023:00030:00045:00006:00000:00000:00000:00000:00000:00000:00024:00003" artCategory="Ministério de Minas e Energia/Agência Nacional de Mineração/Superintendência de Arrecadação e Fiscalização de Receitas/Serviço Regional de Arrecadação 1 (MG)" artSize="12" artNotes="" numberPage="260" pdfPage="http://pesquisa.in.gov.br/imprensa/jsp/visualiza/index.jsp?data=25/08/2022&amp;jornal=515&amp;pagina=260" editionNumber="162" highlightType="" highlightPriority="" highlight="" highlightimage="" highlightimagename="" idMateria="14836273">
  <body>
    <Identifica><![CDATA[ DESPACHO  ]]></Identifica>
    <Data><![CDATA[]]></Data>
    <Ementa />
    <Titulo />
    <SubTitulo />
    <Texto><![CDATA[<p class="identifica">DESPACHO</p><p>Relação nº 481/2022</p><p>Ficam NOTIFICADOS para pagar, parcelar ou apresentar defesa do débito (Taxa Anual por Hectare - TAH)/prazo 10(dez) dias (1.78)</p><p>Agnaldo Pereira Neves - 830034/18 - Not.344/2022 - R$ 4.516,93, 830035/18 - Not.346/2022 - R$ 4.555,80</p><p>Areal Biela Vista Ltda - 830895/18 - Not.351/2022 - R$ 1.366,61</p><p>Cristal Mineração e Transporte de Mercês Ltda - 830350/13 - Not.317/2022 - R$ 99,20</p><p>Francisley Batista de Andrade - 830956/16 - Not.322/2022 - R$ 407,61</p><p>Marcos Soares Rezende - 832430/14 - Not.308/2022 - R$ 4.392,99, 832430/14 - Not.311/2022 - R$ 4.369,51</p><p>mj Granitos Eireli - 830680/17 - Not.342/2022 - R$ 2.146,91</p><p>Moises Sales de Freitas - 830011/17 - Not.340/2022 - R$ 591,86</p><p>Pageomin - Projetos de Geologia e Mineracao Eireli - 831753/01 - Not.320/2022 - R$ 12.785,04.</p><p class="assina">HUDSON CARLOS LOPES DA COSTA</p><p class="cargo">Chefe de Serviço</p>]]></Texto>
  </body>
  <Midias />
</article></xml>