﻿<xml><article id="27709826" name="1. Despacho de nAo homologaAAo d" idOficio="7355949" pubName="DO1" artType="Despacho" pubDate="25/08/2022" artClass="00018:00001:00000:00000:00000:00000:00000:00000:00000:00000:00024:00009" artCategory="Ministério da Educação/Gabinete do Ministro" artSize="12" artNotes="" numberPage="218" pdfPage="http://pesquisa.in.gov.br/imprensa/jsp/visualiza/index.jsp?data=25/08/2022&amp;jornal=515&amp;pagina=218" editionNumber="162" highlightType="" highlightPriority="" highlight="" highlightimage="" highlightimagename="" idMateria="14837250">
  <body>
    <Identifica><![CDATA[ DESPACHO DE 24 DE AGOSTO DE 2022]]></Identifica>
    <Data><![CDATA[]]></Data>
    <Ementa />
    <Titulo />
    <SubTitulo />
    <Texto><![CDATA[<p class="identifica">DESPACHO DE 24 DE AGOSTO DE 2022</p><p>Nos termos do art. 2º da Lei nº 9.131, de 24 de novembro de 1995, deixo de homologar o Parecer CNE/CES nº 711/2020, da Câmara de Educação Superior, do Conselho Nacional de Educação - CNE, que, em sede de reexame, manteve o Parecer CNE/CES nº 275/2020, que deu provimento ao recurso contra a decisão expressa na Portaria nº 578, de 19 de dezembro de 2019, da Secretaria de Regulação e Supervisão da Educação Superior - SERES, e manifestou-se favoravelmente ao funcionamento do curso superior de Gestão de Serviços Jurídicos e Notariais, tecnológico, a ser oferecido pela Faculdade de Tecnologia Coesp, com sede na Avenida Esperança, nº 1.194, bairro Manaíra, no município de João Pessoa, no estado da Paraíba, mantida pelo Coesp - Centro Odontológico de Estudos e Pesquisas Ltda. - EPP, com sede no mesmo município e estado, com 80 (oitenta) vagas totais anuais, conforme consta do Processo nº 00732.001921/2020-87 (e-MEC nº 201809510).</p><p></p><p class="assina">VICTOR GODOY VEIGA</p><p class="cargo">Ministro</p>]]></Texto>
  </body>
  <Midias />
</article></xml>