﻿<xml><article id="27699612" name="901" idOficio="7354186" pubName="DO1" artType="Portaria" pubDate="25/08/2022" artClass="00015:00050:00032:00008:00000:00000:00000:00000:00000:00000:00054:00009" artCategory="Ministério da Economia/Superintendência de Seguros Privados/Diretoria Técnica 1/Coordenação-Geral de Regimes Especiais, Autorizações e Julgamentos" artSize="12" artNotes="" numberPage="216" pdfPage="http://pesquisa.in.gov.br/imprensa/jsp/visualiza/index.jsp?data=25/08/2022&amp;jornal=515&amp;pagina=216" editionNumber="162" highlightType="" highlightPriority="" highlight="" highlightimage="" highlightimagename="" idMateria="14834512">
  <body>
    <Identifica><![CDATA[ PORTARIA CGRAJ/SUSEP Nº 901, DE 23 de AGOSTO DE 2022]]></Identifica>
    <Data><![CDATA[]]></Data>
    <Ementa />
    <Titulo />
    <SubTitulo />
    <Texto><![CDATA[<p class="identifica">PORTARIA CGRAJ/SUSEP Nº 901, DE 23 de AGOSTO DE 2022</p><p>O COORDENADOR-GERAL DE REGIMES ESPECIAIS, AUTORIZAÇÕES E JULGAMENTOS DA SUPERINTENDÊNCIA DE SEGUROS PRIVADOS - SUSEP, no uso da competência delegada pelo Superintendente da SUSEP, por meio da Portaria SUSEP nº 7.861, de 22 de setembro de 2021, tendo em vista o disposto no inciso III do art. 4º, da Lei Complementar nº 126, de 15 de janeiro de 2007, no inciso II do artigo 5º, no §2º do art. 26 e no §7º do art. 28, todos da Resolução CNSP nº 422, de 11 de novembro de 2021, e o que consta do processo Susep nº 15414.620769/2022-78, resolve:</p><p>Art.1º Homologar a atualização cadastral anual de 2022 de STARR INTERNATIONAL (EUROPE) LIMITED, sociedade constituída e existente segundo as leis do Reino Unido, cadastrada como ressegurador eventual conforme Portaria SUSEP/DIR1 nº 62, de 19 de novembro de 2021.</p><p>Art. 2º Esta portaria entra em vigor na data de sua publicação.</p><p class="assina">CARLOS AUGUSTO PINTO FILHO</p><p></p>]]></Texto>
  </body>
  <Midias />
</article></xml>