﻿<xml><article id="27705743" name="REL 476 2022 SAFR" idOficio="7355325" pubName="DO1" artType="Despacho" pubDate="25/08/2022" artClass="00023:00030:00045:00000:00000:00000:00000:00000:00000:00000:00024:00000" artCategory="Ministério de Minas e Energia/Agência Nacional de Mineração/Superintendência de Arrecadação e Fiscalização de Receitas" artSize="12" artNotes="" numberPage="259" pdfPage="http://pesquisa.in.gov.br/imprensa/jsp/visualiza/index.jsp?data=25/08/2022&amp;jornal=515&amp;pagina=259" editionNumber="162" highlightType="" highlightPriority="" highlight="" highlightimage="" highlightimagename="" idMateria="14836269">
  <body>
    <Identifica><![CDATA[ DESPACHO  ]]></Identifica>
    <Data><![CDATA[]]></Data>
    <Ementa />
    <Titulo />
    <SubTitulo />
    <Texto><![CDATA[<p class="identifica">DESPACHO</p><p>Relação nº 476/2022</p><p>Ficam NOTIFICADOS para pagar ou parcelar débito(MULTAS)/prazo 10(dez) dias (6.62)</p><p>Antonio Mocelin - 826439/21 - Not.241/2022 - R$ 4.739,73, 826441/21 - Not.243/2022 - R$ 4.739,73</p><p>b. a. Souza Sanches &amp; CIA. LTDA. - 826210/20 - Not.229/2022 - R$ 4.347,79</p><p>Clodomir Luiz Ascari - 826363/21 - Not.235/2022 - R$ 4.739,73</p><p>Detaro Administradora de Bens Ltda - 826193/20 - Not.227/2022 - R$ 4.739,73</p><p>Eff Targget Brasil Importacao e Exportacao de Minerios e Pedras Ornamentais Ltda - 826236/20 - Not.231/2022 - R$ 4.429,21</p><p>Elielcio Pereira Bueno - 826181/20 - Not.223/2022 - R$ 4.739,73</p><p>Jair José Antunes - 826182/20 - Not.225/2022 - R$ 4.739,73</p><p>Luciano Chamano - 826292/21 - Not.233/2022 - R$ 4.739,73</p><p class="assina">Daniel Pollack</p><p class="cargo">Superintendente</p>]]></Texto>
  </body>
  <Midias />
</article></xml>