﻿<xml><article id="27703699" name="Retif19SE" idOficio="7354910" pubName="DO1" artType="Retificação" pubDate="25/08/2022" artClass="00007:00058:00060:00000:00000:00000:00000:00000:00000:00000:00066:00000" artCategory="Ministério da Agricultura, Pecuária e Abastecimento/Instituto Nacional de Colonização e Reforma Agrária/Superintendência Regional em Sergipe" artSize="12" artNotes="" numberPage="20" pdfPage="http://pesquisa.in.gov.br/imprensa/jsp/visualiza/index.jsp?data=25/08/2022&amp;jornal=515&amp;pagina=20" editionNumber="162" highlightType="" highlightPriority="" highlight="" highlightimage="" highlightimagename="" idMateria="14835583">
  <body>
    <Identifica><![CDATA[ RETIFICAÇÃO]]></Identifica>
    <Data><![CDATA[]]></Data>
    <Ementa />
    <Titulo />
    <SubTitulo />
    <Texto><![CDATA[<p class="identifica">RETIFICAÇÃO</p><p>Na Portaria INCRA/SR-23/N° 19, de 09 de junho de 1999, publicada no D.O.U nº 120, Seção 1, pág. 86, de 25 de junho de 1999, B.S. nº 26 de 28 de junho de 1999, que criou o PROJETO DE ASSENTAMENTO ZUMBI DOS PALMARES, onde se lê: "...com área de 1.907,0971 ha (um mil, novecentos e sete hectares, nove ares e setenta e um centiares)...", leia-se: "com área de 1.884,9043 ha (um mil, oitocentos e oitenta e quatro hectares, noventa ares e quarenta e três centiares)"; e onde se lê: "...80 (oitenta) unidades agrícolas familiares...", leia-se: "72 (setenta e dois) unidades agrícolas familiares".</p>]]></Texto>
  </body>
  <Midias />
</article></xml>