﻿<xml><article id="27698937" name="PORTARIA SUFRAMA NA 416 DE 23 DE" idOficio="7354016" pubName="DO1" artType="Portaria" pubDate="25/08/2022" artClass="00015:00051:00000:00000:00000:00000:00000:00000:00000:00000:00054:00000" artCategory="Ministério da Economia/Superintendência da Zona Franca de Manaus" artSize="12" artNotes="" numberPage="216" pdfPage="http://pesquisa.in.gov.br/imprensa/jsp/visualiza/index.jsp?data=25/08/2022&amp;jornal=515&amp;pagina=216" editionNumber="162" highlightType="" highlightPriority="" highlight="" highlightimage="" highlightimagename="" idMateria="14834335">
  <body>
    <Identifica><![CDATA[ PORTARIA SUFRAMA Nº 416, DE 23 DE AGOSTO DE 2022]]></Identifica>
    <Data><![CDATA[]]></Data>
    <Ementa><![CDATA[ Aprova o projeto industrial de DIVERSIFICAÇÃO da empresa FT LED FABRICAÇÃO E COMÉRCIO DE LÂMPADAS LTDA.]]></Ementa>
    <Titulo />
    <SubTitulo />
    <Texto><![CDATA[<p class="identifica">PORTARIA SUFRAMA Nº 416, DE 23 DE AGOSTO DE 2022</p><p class="ementa">Aprova o projeto industrial de DIVERSIFICAÇÃO da empresa FT LED FABRICAÇÃO E COMÉRCIO DE LÂMPADAS LTDA.</p><p>O SUPERINTENDENTE DA SUPERINTENDÊNCIA DA ZONA FRANCA DE MANAUS, no uso de suas atribuições legais e considerando o que lhe autoriza a Resolução nº 205, de 25 de fevereiro de 2021, do Conselho de Administração da SUFRAMA, no Art. 11, os termos do Parecer de Engenharia nº 129/2022/COAPA/CGPRI/SPR/SUFRAMA e do Parecer de Economia nº 135/2022/COAPA/CGPRI/SPR/SUFRAMA, da Superintendência Adjunta de Projetos da SUFRAMA, e o que consta no processo SEI-SUFRAMA nº 52710.005374/2022-22, resolve:</p><p>Art. 1º APROVAR o projeto industrial de DIVERSIFICAÇÃO da empresa FT LED FABRICAÇÃO E COMÉRCIO DE LÂMPADAS LTDA., CNPJ: 23.760.695/0001-05 e Inscrição SUFRAMA: 20.0138.12-0, na Zona Franca de Manaus, na forma do Parecer de Engenharia nº 129/2022/COAPA/CGPRI/SPR/SUFRAMA e Parecer de Economia nº 135/2022/COAPA/CGPRI/SPR/SUFRAMA, para produção de LUMINÁRIA COM FONTE DE LUZ EM ESTADO SÓLIDO, código SUFRAMA 2223, recebendo os incentivos previstos nos artigos 7º e 9º do Decreto-Lei nº 288, de 28 de fevereiro de 1967, com redação dada pela Lei nº 8.387, de 30 de dezembro de 1991, e legislação posterior.</p><p>Art. 2º DEFINIR que a redução da alíquota do Imposto de Importação (II) relativo às matérias-primas, materiais secundários e de embalagem, componentes e outros insumos de origem estrangeira, utilizados na fabricação do produto a que se refere o Art. 1º desta Portaria, será de 88% (oitenta e oito por cento), conforme Parágrafo 4º do Art. 7º do Decreto-Lei nº 288/67, com redação dada pela Lei nº 8.387/91.</p><p>Art. 3º DETERMINAR sob pena de suspensão ou cancelamento dos incentivos concedidos, sem prejuízo da aplicação de outras cominações legais cabíveis:</p><p>I - o cumprimento do Processo Produtivo Básico definido pela Portaria Interministerial ME/MCTIC nº 4, de 30 de janeiro de 2020;</p><p>II - o atendimento das exigências da Política Nacional do Meio ambiente, conforme disciplina a Legislação nos âmbitos Federal, Estadual e Municipal;</p><p>III - a manutenção de cadastro atualizado na SUFRAMA, de acordo com as normas em vigor; e</p><p>IV - o cumprimento das exigências contidas na Resolução nº 205, 25 de fevereiro de 2021, bem como as demais Resoluções, Portarias e Normas Técnicas em vigor.</p><p>Art. 4º Esta Portaria entra em vigor na data de sua publicação.</p><p class="assina">ALGACIR ANTONIO POLSIN</p>]]></Texto>
  </body>
  <Midias />
</article></xml>