﻿<xml><article id="27708974" name="24.08.22 indeferimento" idOficio="7355652" pubName="DO1" artType="Despacho" pubDate="25/08/2022" artClass="00020:00032:00005:00003:00001:00000:00000:00000:00000:00000:00006:00004" artCategory="Ministério da Justiça e Segurança Pública/Secretaria Nacional de Justiça/Departamento de Migrações/Coordenação-Geral de Política Migratória/Coordenação de Processos Migratórios" artSize="12" artNotes="" numberPage="252" pdfPage="http://pesquisa.in.gov.br/imprensa/jsp/visualiza/index.jsp?data=25/08/2022&amp;jornal=515&amp;pagina=252" editionNumber="162" highlightType="" highlightPriority="" highlight="" highlightimage="" highlightimagename="" idMateria="14836757">
  <body>
    <Identifica><![CDATA[ Despachos ]]></Identifica>
    <Data><![CDATA[]]></Data>
    <Ementa />
    <Titulo />
    <SubTitulo />
    <Texto><![CDATA[<p class="identifica">Despachos</p><p>Despacho nº 7190/2022/DINAT_NATURALIZACAO/DINAT/CPMIG/CGPMIG/DEMIG/SENAJUS</p><p>Assunto: Indeferimento do pedido.</p><p>Processo Naturalizar-se nº 235881.0202325/2022.</p><p>Interessado: MAKENDY CLERMY.</p><p>A COORDENADORA DE PROCESSOS MIGRATÓRIOS, no uso da competência delegada pela Portaria nº 623 de 13 de novembro de 2020, publicada no Diário Oficial da União, de 17 de novembro de 2020, considerando que o requerente não apresentou os documentos necessários no momento da formalização do pedido, foi notificado a apresentar o original da certidão do País de origem, porém não respondeu às exigências dentro do prazo previsto e houve o encaminhamento pela Polícia Federal com sugestão pelo indeferimento sem coletar os dados biométricos do requerente, indefere o pedido tendo em vista o não cumprimento das exigências previstas no inciso IV do art. 65 da Lei nº 13.445/2017 c/c art. 227 do Decreto nº 9.199/2017 e §2º, art. 7º da Portaria nº 623 de 13 de novembro de 2020.</p><p>Despacho nº 7191/2022/DINAT_NATURALIZACAO/DINAT/CPMIG/CGPMIG/DEMIG/SENAJUS</p><p>Assunto: Indeferimento do pedido.</p><p>Processo Naturalizar-se nº 235881.0160597/2022.</p><p>Interessado: ANTON NIKOLAEVICH KAUNOV.</p><p>A COORDENADORA DE PROCESSOS MIGRATÓRIOS, no uso da competência delegada pela Portaria nº 623 de 13 de novembro de 2020, publicada no Diário Oficial da União, de 17 de novembro de 2020, indefere o pedido, tendo em vista que o requerente não possuía 4 (quatro) de residência por prazo indeterminado no período imediatamente a apresentação do pedido, portanto não atende às exigências contidas no inciso II do art. 65 da Lei nº 13.445, de 2017 c/c § 1º do art. 233 do Decreto 9.199 de 2017.</p><p>Despacho nº 7192/2022/DINAT_NATURALIZACAO/DINAT/CPMIG/CGPMIG/DEMIG/SENAJUS</p><p>Assunto: Indeferimento do pedido.</p><p>Processo Naturalizar-se nº 235881.0149121/2021.</p><p>Interessado: MARIE SHERLIE LABATH PIERRE.</p><p>A COORDENADORA DE PROCESSOS MIGRATÓRIOS, no uso da competência delegada pela Portaria nº 623 de 13 de novembro de 2020, publicada no Diário Oficial da União, de 17 de novembro de 2020, indefere o pedido, tendo em vista que a requerente apresentou como documento que comprova a capacidade de se comunicar em português, certificado de curso realizado à distância sem a informação de avaliação presencial, não cumprindo o disposto na Portaria nº 623, e apresentou certidão de boa conduta e bons costumes, que não é um documento válido para atestar a falta de antecedentes criminais no país de origem, não cumprindo, portanto, às exigências contidas nos incisos III e IV, art. 65 da Lei nº 13.445/2017.</p><p>Despacho nº 7193/2022/DINAT_NATURALIZACAO/DINAT/CPMIG/CGPMIG/DEMIG/SENAJUS</p><p>Assunto: Indeferimento do pedido.</p><p>Processo Naturalizar-se nº 235881.0143164/2021.</p><p>Interessado: YVELLE MONESTIME.</p><p>A COORDENADORA DE PROCESSOS MIGRATÓRIOS, no uso da competência delegada pela Portaria nº 623 de 13 de novembro de 2020, publicada no Diário Oficial da União, de 17 de novembro de 2020, indefere o pedido, tendo em vista que a requerente não apresentou certidão de antecedentes criminais do país de origem, alegando ser refugiada. No entanto, após consulta feita ao CONARE, verificou-se que a requerente não é refugiada, mas era solicitante de refúgio até maio de 2022, ocasião em que teve seu processo de solicitação de refúgio extinto, sem decisão de mérito, em razão de ter obtido autorização de residência no Brasil, conforme disposto o art. 6º-A, parágrafo único, da Resolução Normativa nº 18/Conare, de 30 de abril de 2014, com as alterações dadas pela Resolução Normativa nº 31/Conare, de 13 de novembro de 2019. Além disso, a requerente apresentou documento que demonstra a capacidade de se comunicar em português em desconformidade com a portaria 623/2020. O certificado de conclusão do curso realizado à distância está desacompanhado da informação de avaliação presencial. A requerente não atendeu, portanto, às exigências contidas nos incisos III e IV, art. 65 da Lei nº 13.445/2017.</p><p>Despacho nº 7194/2022/DINAT_NATURALIZACAO/DINAT/CPMIG/CGPMIG/DEMIG/SENAJUS</p><p>Assunto: Indeferimento do pedido.</p><p>Processo Naturalizar-se nº 235881.0132179/2021.</p><p>Interessado: MILEYDIS RODRIGUEZ HECHAVARRIA DANTAS.</p><p>A COORDENADORA DE PROCESSOS MIGRATÓRIOS, no uso da competência delegada pela Portaria nº 623 de 13 de novembro de 2020, publicada no Diário Oficial da União, de 17 de novembro de 2020, considerando que foi solicitado à requerente a apresentação da certidão de casamento atualizada, que não foi apresentado até a presente data, constatou-se que a requerente não se enquadra na redução de prazo, portanto não atende à exigência contida no inciso II do art. 65, c/c o inciso III do art. 66, ambos da Lei nº 13.445/2017, c/c o inciso II do art. 235 do Decreto nº 9.199/2017.</p><p>Despacho nº 7195/2022/DINAT_NATURALIZACAO/DINAT/CPMIG/CGPMIG/DEMIG/SENAJUS</p><p>Assunto: Indeferimento do pedido.</p><p>Processo: 235881.0121053/2021.</p><p>Interessado: ROBELTO PAUL.</p><p>A COORDENADORA DE PROCESSOS MIGRATÓRIOS, no uso da competência delegada pela Portaria nº 623 de 13 de novembro de 2020, publicada no Diário Oficial da União, de 17 de novembro de 2020, indefere o pedido, tendo em vista que o requerente apresentou certificado de curso à distância sem a informação de avaliação presencial, não cumprindo o disposto na Portaria nº 623, de 13 de novembro de 2020, e portanto não atende à exigência contida no inciso III, art. 65 da Lei nº 13.445/2017.</p><p>Despacho nº 7196/2022/DINAT_NATURALIZACAO/DINAT/CPMIG/CGPMIG/DEMIG/SENAJUS</p><p>Assunto: Indeferimento do pedido.</p><p>Processo Naturalizar-se nº 235881.0113406/2021.</p><p>Interessado: MODOU DIENG.</p><p>A COORDENADORA DE PROCESSOS MIGRATÓRIOS, no uso da competência delegada pela Portaria nº 623 de 13 de novembro de 2020, publicada no Diário Oficial da União, de 17 de novembro de 2020, indefere o pedido, tendo em vista que o requerente apresentou certidão de antecedentes criminais do país de origem fora do prazo de validade; apresentou certificado de curso à distância sem a informação de avaliação presencial; apresentou declaração de endereço sem a comprovação de endereço do declarante, e portanto não atende à exigência contida no incisos II, III e IV, art. 65 da Lei nº 13.445/2017.</p><p>Despacho nº 7197/2022/DINAT_NATURALIZACAO/DINAT/CPMIG/CGPMIG/DEMIG/SENAJUS</p><p>Assunto: Indeferimento do pedido.</p><p>Processo nº 235881.0092666/2021.</p><p>Interessado: ALIOU THIOUNE.</p><p>A COORDENADORA DE PROCESSOS MIGRATÓRIOS, no uso da competência delegada pela Portaria nº 623 de 13 de novembro de 2020, publicada no Diário Oficial da União, de 17 de novembro de 2020, indefere o pedido, tendo em vista que o requerente não possui 4 anos de residência por prazo indeterminado e, portanto, não atende à exigência contida no inciso II, art. 65 da Lei nº 13.445/2017. Considerando também que, o requerente apresentou uma declaração de curso como Certificado de Proficiência em Língua Portuguesa em desacordo com a Portaria n°623 de 13 de novembro de 2020 alegando que a avaliação foi realizada em 05 de outubro de 2019, anterior a vigência da Portaria mencionada. Entretanto, vale ressaltar, que a solicitação de naturalização do requerente é datada em 10 de julho de 2021, logo, a Portaria n°623/2020 já estava em vigor e, portanto, a requerente não cumpre às exigências contidas no inciso III, art. 65 da Lei n°13.445/2017.</p><p>Despacho nº 7198/2022/DINAT_NATURALIZACAO/DINAT/CPMIG/CGPMIG/DEMIG/SENAJUS</p><p>Assunto: Indeferimento do pedido.</p><p>Processo Naturalizar-se nº 235881.0089462/2021.</p><p>Interessado: GREISY CABRERA OCANA FERREIRA.</p><p>A COORDENADORA DE PROCESSOS MIGRATÓRIOS, no uso da competência delegada pela Portaria nº 623 de 13 de novembro de 2020, publicada no Diário Oficial da União, de 17 de novembro de 2020, indefere o pedido, tendo em vista que a requerente não possui 4 (quatro) anos de residência por prazo indeterminado e, portanto, não atende à exigência contida no inciso II, art. 65 da Lei nº 13.445/2017.</p><p>Despacho nº 7199/2022/DINAT_NATURALIZACAO/DINAT/CPMIG/CGPMIG/DEMIG/SENAJUS</p><p>Assunto: Indeferimento do pedido.</p><p>Processo Naturalizar-se nº 235881.0080759/2021.</p><p>Interessado: PETER ENABUREKHAN.</p><p>A COORDENADORA DE PROCESSOS MIGRATÓRIOS, no uso da competência delegada pela Portaria nº 623 de 13 de novembro de 2020, publicada no Diário Oficial da União, de 17 de novembro de 2020, indefere o pedido, tendo em vista que o requerente apresentou antecedentes criminais do país de origem, sem a Legalização da Embaixada do Brasil no respectivo país e sem tradução; e apresentou comprovante de que sabe se comunicar em língua portuguesa, sem a informação de avaliação presencial, sem conteúdo programático e sem histórico escolar, bem como deixou de apresentar certidões de antecedentes criminais, das Justiças Federal e Estadual e o comprovante de situação cadastral do CPF, evidenciando assim o descumprimento às exigências contidas nos incisos III e IV, art. 65 da Lei nº 13.445/2017.</p><p>Despacho nº 7200/2022/DINAT_NATURALIZACAO/DINAT/CPMIG/CGPMIG/DEMIG/SENAJUS</p><p>Assunto: Indeferimento do pedido.</p><p>Processo: 235881.0070778/2021.</p><p>Interessado: WANSER ILODY.</p><p>A COORDENADORA DE PROCESSOS MIGRATÓRIOS, no uso da competência delegada pela Portaria nº 623 de 13 de novembro de 2020, publicada no Diário Oficial da União, de 17 de novembro de 2020, considerando que foi solicitado a apresentação de comprovantes de residência no Brasil, e o requerente não apresentou, indefere o pedido tendo em vista o não cumprimento do inciso II do art. 65 da Lei 13.445/2017</p><p>Despacho nº 7201/2022/DINAT_NATURALIZACAO/DINAT/CPMIG/CGPMIG/DEMIG/SENAJUS</p><p>Assunto: Indeferimento do pedido.</p><p>Processo Naturalizar-se nº: 235881.0066361/2021</p><p>Interessado: AWUNI BABA</p><p>A COORDENADORA DE PROCESSOS MIGRATÓRIOS, no uso da competência delegada pela Portaria nº 623 de 13 de novembro de 2020, publicada no Diário Oficial da União, de 17 de novembro de 2020, considerando que o requerente apresentou certidão de antecedentes criminais do país de origem sem a tradução feita por tradutor público habilitado no Brasil, documento este necessário para a formalização do pedido de naturalização, ademais houve o encaminhamento pela Polícia Federal com sugestão pelo indeferimento sem coletar os dados biométricos do requerente, indefere o pedido tendo em vista o não cumprimento das exigências previstas no inciso IV do art. 65 da Lei nº 13.445/2017, c/c art. 227 do Decreto nº 9.199/2017, e §2º, art. 7º da Portaria nº 623 de 13 de novembro de 2020.</p><p>Despacho nº 7202/2022/DINAT_NATURALIZACAO/DINAT/CPMIG/CGPMIG/DEMIG/SENAJUS</p><p>Assunto: Indeferimento do pedido</p><p>Processo: 235881.0028815/2021</p><p>Interessado: MINERVA LUTFI SAAB</p><p>A COORDENADORA DE PROCESSOS MIGRATÓRIOS, no uso da competência delegada pela Portaria nº 623 de 13 de novembro de 2020, publicada no Diário Oficial da União, de 17 de novembro de 2020, indefere o pedido, tendo em vista que a requerente não possui 15 (quinze) anos de residência por prazo indeterminado, e portanto, não atende à exigência contida no art. 67 da Lei nº 13.445/2017.</p><p>Despacho nº 7203/2022/DINAT_NATURALIZACAO/DINAT/CPMIG/CGPMIG/DEMIG/SENAJUS</p><p>Assunto: Indeferimento do pedido</p><p>Processo: 235881.0025784/2021</p><p>Interessado: CHUN MEI TU</p><p>A COORDENADORA DE PROCESSOS MIGRATÓRIOS, no uso da competência delegada pela Portaria nº 623 de 13 de novembro de 2020, publicada no Diário Oficial da União, de 17 de novembro de 2020, indefere o pedido, tendo em vista que o requerente não apresentou todos os documentos necessários para comprovação de residência, e portanto não atende à exigência contida no inciso II, art. 65 da Lei nº 13.445/2017.</p><p>Despacho nº 7204/2022/DINAT_NATURALIZACAO/DINAT/CPMIG/CGPMIG/DEMIG/SENAJUS</p><p>Assunto: Indeferimento do pedido</p><p>Processo: 235881.0013089/2020</p><p>Interessado: KAREN VIVIANA DIAZ PINCHEIRA</p><p>A COORDENADORA DE PROCESSOS MIGRATÓRIOS, no uso da competência delegada pela Portaria nº 623 de 13 de novembro de 2020, publicada no Diário Oficial da União, de 17 de novembro de 2020, considerando que a requerente não apresentou documento que comprove a residência pelo período de 15 (quinze) anos, não apresentou certidão de antecedentes criminais do país de origem, legalizada e traduzida, no Brasil, por tradutor público juramentado, bem como não apresentou certidão de antecedentes criminais emitida pela Justiça Estadual e Federal, foi notificada a complementar e não respondeu às exigências dentro do prazo previsto e houve o encaminhamento pela Polícia Federal com sugestão pelo indeferimento sem coletar os dados biométricos do requerente, indefere o pedido tendo em vista o não cumprimento das exigências previstas no art. 67 da Lei nº 13.445/2017, c/c art. 227 do Decreto nº 9.199/2017, e §2º, art. 7º da Portaria nº 623 de 13 de novembro de 2020.</p><p>Despacho nº 7205/2022/DINAT_NATURALIZACAO/DINAT/CPMIG/CGPMIG/DEMIG/SENAJUS</p><p>Assunto: Indeferimento do pedido</p><p>Processo: 235881.0011260/2020</p><p>Interessado: JUAN FERNANDO CABALLERO CASTILLO</p><p>A COORDENADORA DE PROCESSOS MIGRATÓRIOS, no uso da competência delegada pela Portaria nº 623 de 13 de novembro de 2020, publicada no Diário Oficial da União, de 17 de novembro de 2020, considerando que o requerente não apresentou os documentos necessários no momento da formalização do pedido, foi notificado a complementar e não respondeu às exigências dentro do prazo previsto e houve o encaminhamento pela Polícia Federal com sugestão pelo indeferimento sem coletar os dados biométricos do requerente, indefere o pedido tendo em vista o não cumprimento das exigências previstas no art. 67 da Lei nº 13.445/2017, c/c art. 227 do Decreto nº 9.199/2017, e §2º, art. 7º da Portaria nº 623 de 13 de novembro de 2020.</p><p>Despacho nº 7206/2022/DINAT_NATURALIZACAO/DINAT/CPMIG/CGPMIG/DEMIG/SENAJUS</p><p>Assunto: Indeferimento do pedido</p><p>Processo: 235881.0050378/2021</p><p>Interessado: AHMED SARR</p><p>A COORDENADORA DE PROCESSOS MIGRATÓRIOS, no uso da competência delegada pela Portaria nº 623 de 13 de novembro de 2020, publicada no Diário Oficial da União, de 17 de novembro de 2020, considerando que foi solicitado ao requerente a apresentação de comprovante de realização de prova presencial, a qual não apresentou, não cumprindo o disposto na Portaria nº 623, de 13 de novembro de 2020, e a certidão de antecedentes criminais do país de origem se encontra fora do prazo de validade, indefere o pedido, tendo em vista o não cumprimento do inciso III do art. 65 da Lei 13.445/2017."</p><p>Despacho nº 7207/2022/DINAT_NATURALIZACAO/DINAT/CPMIG/CGPMIG/DEMIG/SENAJUS</p><p>Assunto: Indeferimento do pedido</p><p>Processo: 235881.0046612/2021</p><p>Interessado: MOHAMAD AL KHUJA</p><p>A COORDENADORA DE PROCESSOS MIGRATÓRIOS, no uso da competência delegada pela Portaria nº 623 de 13 de novembro de 2020, publicada no Diário Oficial da União, de 17 de novembro de 2020, considerando que o postulante não apresentou os documentos necessários como Certidão de antecedentes criminais do país de origem, Certidão do conare com a correta grafia do nome do requerente e do nome dos pais e comprovante de residência do ano de 2019, foi notificado a complementar e não respondeu às exigências dentro do prazo previsto e houve o encaminhamento pela Polícia Federal com sugestão pelo indeferimento sem coletar os dados biométricos do requerente, indefere o pedido tendo em vista o não cumprimento das exigências previstas no art. 65 da Lei nº 13.445/2017.</p><p>Despacho nº 7208/2022/DINAT_NATURALIZACAO/DINAT/CPMIG/CGPMIG/DEMIG/SENAJUS</p><p>Assunto: Indeferimento do pedido</p><p>Processo: 235881.0045995/2021</p><p>Interessado: JOSE RUI PINTO FERREIRA DE MEIRELES</p><p>A COORDENADORA DE PROCESSOS MIGRATÓRIOS, no uso da competência delegada pela Portaria nº 623 de 13 de novembro de 2020, publicada no Diário Oficial da União, de 17 de novembro de 2020, considerando que o requerente apresentou só o verso da RNM, não apresentou o comprovante da situação cadastral (CPF), apresentou cópia incompleta do passaporte, não apresentou documentos que comprovem a residência no país pelo período de 04 (quatro) anos ininterruptos, não apresentou as certidões de antecedentes criminais emitidas pelas Justiças Federal e Estadual (SP), bem como, apresentou o atestado de antecedentes criminais emitido pelo país de origem sem legalização/apostilamento e, embora notificado a complementar a documentação não respondeu às exigências dentro do prazo previsto, e houve o encaminhamento pela Polícia Federal com sugestão pelo indeferimento do pedido, sem conferência dos documentos originais e coleta dos dados biométricos do requerente, indefere o pedido tendo em vista o não cumprimento das exigências prevista no art. 65, inciso II e IV da Lei nº 13.445/2017.</p><p>Despacho nº 7209/2022/DINAT_NATURALIZACAO/DINAT/CPMIG/CGPMIG/DEMIG/SENAJUS</p><p>Assunto: Indeferimento do pedido</p><p>Processo: 235881.0042888/2021</p><p>Interessado: HENRIQUES BELITO PAULO</p><p>A COORDENADORA DE PROCESSOS MIGRATÓRIOS, no uso da competência delegada pela Portaria nº 623 de 13 de novembro de 2020, publicada no Diário Oficial da União, de 17 de novembro de 2020, indefere o pedido, considerando que o requerente não apresentou os documentos necessários como Certidão de Antecedentes Criminais emitida pelo país de origem, legalizada e traduzida, por tradutor público juramentado, bem como dentro do prazo de validade previsto. Diante disso, foi notificado a complementar e não respondeu às exigências dentro do prazo previsto e houve o encaminhamento pela Polícia Federal com sugestão pelo indeferimento sem coletar os dados biométricos do requerente, tendo em vista o não cumprimento das exigências previstas no art. 65 da Lei nº 13.445/2017.</p><p>Despacho nº 7210/2022/DINAT_NATURALIZACAO/DINAT/CPMIG/CGPMIG/DEMIG/SENAJUS</p><p>Assunto: Indeferimento do pedido</p><p>Processo: 235881.0042098/2021</p><p>Interessado: LUNZETISA ESTER</p><p>A COORDENADORA DE PROCESSOS MIGRATÓRIOS, no uso da competência delegada pela Portaria nº 623 de 13 de novembro de 2020, publicada no Diário Oficial da União, de 17 de novembro de 2020, considerando que a requerente foi notificada e não compareceu na Polícia Federal para conferência dos documentos originais e coleta biométrica indefere o pedido tendo em vista o não cumprimento das exigências previstas no art. 65 da Lei nº 13.445/2017, c/c art. 227 do Decreto nº 9.199/2017, e §2º, art. 7º da Portaria nº 623 de 13 de novembro de 2020.</p><p>Despacho nº 7211/2022/DINAT_NATURALIZACAO/DINAT/CPMIG/CGPMIG/DEMIG/SENAJUS</p><p>Assunto: Indeferimento do pedido</p><p>Processo: 235881.0039794/2021</p><p>Interessado: MD MASUD RANA</p><p>A COORDENADORA DE PROCESSOS MIGRATÓRIOS, no uso da competência delegada pela Portaria nº 623 de 13 de novembro de 2020, publicada no Diário Oficial da União, de 17 de novembro de 2020, indefere o pedido, considerando que o requerente não apresentou os documentos necessários como comprovante de residência referente aos 4 (quatro) anos anteriores a solicitação, Certificado de proficiência em língua portuguesa, Certidão de Antecedentes Criminais emitida pela Justiça Estadual e Federal dos locais onde residiu, Certidão de Antecedentes Criminais emitida pelo país de origem, legalizada e traduzida no Brasil, por tradutor público juramentado. Diante disso, foi notificado a complementar e não respondeu às exigências dentro do prazo previsto e houve o encaminhamento pela Polícia Federal com sugestão pelo indeferimento sem coletar os dados biométricos do requerente, tendo em vista o não cumprimento das exigências previstas no art. 65 da Lei nº 13.445/2017.</p><p>Despacho nº 7212/2022/DINAT_NATURALIZACAO/DINAT/CPMIG/CGPMIG/DEMIG/SENAJUS</p><p>Assunto: Indeferimento do pedido</p><p>Processo: 235881.0039756/2021</p><p>Interessado: JEAN ROBERT MERISIER</p><p>A COORDENADORA DE PROCESSOS MIGRATÓRIOS, no uso da competência delegada pela Portaria nº 623 de 13 de novembro de 2020, publicada no Diário Oficial da União, de 17 de novembro de 2020, indefere o pedido, considerando que o requerente não apresentou os documentos necessários como Certificado de proficiência em língua portuguesa, Certidão de Antecedentes Criminais emitida pela Justiça Estadual e Federal, Certidão de Antecedentes Criminais emitida pelo país de origem, legalizada e traduzida no Brasil, por tradutor público juramentado. Diante Disso, foi notificado a complementar e não respondeu às exigências dentro do prazo previsto e houve o encaminhamento pela Polícia Federal com sugestão pelo indeferimento sem coletar os dados biométricos do requerente, tendo em vista o não cumprimento das exigências previstas no art. 65 da Lei nº 13.445/2017.</p><p>Despacho nº 7213/2022/DINAT_NATURALIZACAO/DINAT/CPMIG/CGPMIG/DEMIG/SENAJUS</p><p>Assunto: Indeferimento do pedido</p><p>Processo: 235881.0039384/2021</p><p>Interessado: OUSMANE FALL</p><p>A COORDENADORA DE PROCESSOS MIGRATÓRIOS, no uso da competência delegada pela Portaria nº 623 de 13 de novembro de 2020, publicada no Diário Oficial da União, de 17 de novembro de 2020, indefere o pedido, considerando que o requerente não apresentou os documentos necessários como Comprovante de residência referente aos 4 (quatro) anos anteriores a solicitação, Certidão Consular atualizada para confirmação da divergência da data de nascimento entre a Carteira de Registro Nacional Migratório e a Certidão consular apresentada, Certidão de Antecedentes Criminais emitida pelo país de origem, legalizada e traduzida no Brasil, por tradutor público juramentado, bem como Certidão de objeto e pé, em virtude do processo n°: 0005233-03.2015.8.26.0050 verificado na Certidão de Antecedentes Criminais emitida pelo TJSP. Diante disso, foi notificado a complementar e não respondeu às exigências dentro do prazo previsto e houve o encaminhamento pela Polícia Federal com sugestão pelo indeferimento sem coletar os dados biométricos do requerente, indefere o pedido tendo em vista o não cumprimento das exigências previstas no art. 65 da Lei nº 13.445/2017.</p><p>Despacho nº 7214/2022/DINAT_NATURALIZACAO/DINAT/CPMIG/CGPMIG/DEMIG/SENAJUS</p><p>Assunto: Indeferimento do pedido</p><p>Processo: 235881.0039228/2021</p><p>Interessado: FRANCISCO MIGUEL DERRIÇA PINTO</p><p>A COORDENADORA DE PROCESSOS MIGRATÓRIOS, no uso da competência delegada pela Portaria nº 623 de 13 de novembro de 2020, publicada no Diário Oficial da União, de 17 de novembro de 2020, indefere o pedido, tendo em vista que o requerente não apresentou certidão de antecedentes criminais do país de origem, certidão da Justiça Estadual/Federal e encontrar-se no Exterior, sem previsão de retorno, de acordo com as informações trazidas aos autos pela autoridade policial, e portanto não atende à exigência contida nos inciso ll e IV, art. 65 da Lei nº 13.445/2017.</p><p>Despacho nº 7215/2022/DINAT_NATURALIZACAO/DINAT/CPMIG/CGPMIG/DEMIG/SENAJUS</p><p>Assunto: Indeferimento do pedido</p><p>Processo: 235881.0038628/2021</p><p>Interessada: FABIOLA SANDRINE ETOUNDI EDOMOBI</p><p>A COORDENADORA DE PROCESSOS MIGRATÓRIOS, no uso da competência delegada pela Portaria nº 623 de 13 de novembro de 2020, publicada no Diário Oficial da União, de 17 de novembro de 2020, considerando que a requerente apresentou certidão de casamento desatualizada (2017), para fins de redução de prazo de residência, não apresentou as certidões de antecedentes criminais emitidas pela Justiça Federal dos estados de SP/RN/PB e nem as certidões de antecedentes criminais emitidas pela Justiça Estadual dos estados RN e PB, bem como, apresentou o atestado de antecedentes criminais emitido pelo país de origem sem legalização e, embora notificada a complementar a documentação não respondeu às exigências dentro do prazo previsto, e houve o encaminhamento pela Polícia Federal com sugestão pelo indeferimento do pedido, sem conferência dos documentos originais e coleta dos dados biométricos da requerente, indefere o pedido tendo em vista o não cumprimento das exigências prevista no art. 65, inciso II e IV da Lei nº 13.445/2017.</p><p>Despacho nº 7216/2022/DINAT_NATURALIZACAO/DINAT/CPMIG/CGPMIG/DEMIG/SENAJUS</p><p>Assunto: Indeferimento do pedido</p><p>Processo: 235881.0038188/2021</p><p>Interessado: JEAN BERTHONY ARISTIL</p><p>A COORDENADORA DE PROCESSOS MIGRATÓRIOS, no uso da competência delegada pela Portaria nº 623 de 13 de novembro de 2020, publicada no Diário Oficial da União, de 17 de novembro de 2020, considerando que o requerente apresentou comprovante da proficiência em língua portuguesa, curso de português- EAD (IF/RS), sem histórico escolar, conteúdo programático e sem declaração de prova presencial, em desacordo com o previsto no art.5º, inciso I, "d", parágrafos 4º e 5º da citada portaria, bem como, apresentou o atestado de antecedentes criminais emitido pelo país de origem sem legalização e, embora notificado a complementar a documentação não respondeu às exigências dentro do prazo previsto, e houve o encaminhamento pela Polícia Federal com sugestão pelo indeferimento do pedido, sem conferência dos documentos originais e coleta dos dados biométricos do requerente, indefere o pedido tendo em vista o não cumprimento das exigências previstas no art. 65, incisos II e III da Lei nº 13.445/2017.</p><p>Despacho nº 7217/2022/DINAT_NATURALIZACAO/DINAT/CPMIG/CGPMIG/DEMIG/SENAJUS</p><p>Assunto: Indeferimento do pedido</p><p>Processo: 235881.0037592/2021</p><p>Interessado: ALI HASSAN ZAHR</p><p>A COORDENADORA DE PROCESSOS MIGRATÓRIOS, no uso da competência delegada pela Portaria nº 623 de 13 de novembro de 2020, publicada no Diário Oficial da União, de 17 de novembro de 2020, considerando que o requerente não apresentou comprovante de que sabe se comunicar em língua portuguesa, foi notificado a complementar e não respondeu às exigências dentro do prazo previsto e houve o encaminhamento pela Polícia Federal com sugestão pelo indeferimento sem coletar os dados biométricos do requerente, indefere o pedido tendo em vista o não cumprimento das exigências previstas no art. 65 da Lei nº 13.445/2017.</p><p>Despacho nº 7218/2022/DINAT_NATURALIZACAO/DINAT/CPMIG/CGPMIG/DEMIG/SENAJUS</p><p>Assunto: Indeferimento do pedido</p><p>Processo: 235881.0037281/2021</p><p>Interessado: DUMALES THERMIDOR</p><p>A COORDENADORA DE PROCESSOS MIGRATÓRIOS, no uso da competência delegada pela Portaria nº 623 de 13 de novembro de 2020, publicada no Diário Oficial da União, de 17 de novembro de 2020, considerando que o requerente não apresentou os documentos necessários como a certidão de antecedentes criminais do país de origem com a Legalização da Embaixada do Brasil e o certificado de curso à distância com a informação de avaliação presencial, foi notificada a complementar e não respondeu às exigências dentro do prazo previsto e houve o encaminhamento pela Polícia Federal com sugestão pelo indeferimento sem coletar os dados biométricos do requerente, indefere o pedido tendo em vista o não cumprimento das exigências previstas no art. 65 da Lei nº 13.445/2017.</p><p>Despacho nº 7219/2022/DINAT_NATURALIZACAO/DINAT/CPMIG/CGPMIG/DEMIG/SENAJUS</p><p>Assunto: Indeferimento do pedido</p><p>Processo: 235881.0035098/2021</p><p>Interessado: DAME SAMB</p><p>A COORDENADORA DE PROCESSOS MIGRATÓRIOS, no uso da competência delegada pela Portaria nº 623 de 13 de novembro de 2020, publicada no Diário Oficial da União, de 17 de novembro de 2020, indefere o pedido, considerando que o requerente não apresentou os documentos necessários como Certidão de Antecedentes Criminais emitida pela Justiça Estadual dos locais onde residiu. Diante disso, foi notificado a complementar e não respondeu às exigências dentro do prazo previsto e houve o encaminhamento pela Polícia Federal com sugestão pelo indeferimento sem coletar os dados biométricos do requerente, tendo em vista o não cumprimento das exigências previstas no art. 65 da Lei nº 13.445/2017.</p><p>Despacho nº 7220/2022/DINAT_NATURALIZACAO/DINAT/CPMIG/CGPMIG/DEMIG/SENAJUS</p><p>Assunto: Indeferimento do pedido</p><p>Processo: 235881.0027986/2021</p><p>Interessado: MAYLIN PIMIENTA MEDINA</p><p>A COORDENADORA DE PROCESSOS MIGRATÓRIOS, no uso da competência delegada pela Portaria nº 623 de 13 de novembro de 2020, publicada no Diário Oficial da União, de 17 de novembro de 2020, indefere o pedido, considerando que apesar de solicitada a apresentação de certidão de antecedentes criminais emitida pela Justiça Estadual, a requerente entregou documento de registro de processos cíveis, acarretando o não cumprimento do inciso IV do art. 65 da Lei 13.445/2017.</p><p>Despacho nº 7221/2022/DINAT_NATURALIZACAO/DINAT/CPMIG/CGPMIG/DEMIG/SENAJUS</p><p>Assunto: Indeferimento do pedido</p><p>Processo: 235881.0015216/2020</p><p>Interessado: REMILEKUN SHERIF OSHOLAKE</p><p>A COORDENADORA DE PROCESSOS MIGRATÓRIOS, no uso da competência delegada pela Portaria nº 623 de 13 de novembro de 2020, publicada no Diário Oficial da União, de 17 de novembro de 2020, indefere o pedido, considerando que o requerente não apresentou o atestado de antecedentes criminais do país de origem, foi notificado a complementar e não respondeu às exigências dentro do prazo previsto e houve o encaminhamento pela Polícia Federal com sugestão pelo indeferimento sem coletar os dados biométricos do requerente, tendo em vista o não cumprimento das exigências previstas no inciso IV, art. 65 da Lei nº 13.445/2017.</p><p>Despacho nº 7222/2022/DINAT_NATURALIZACAO/DINAT/CPMIG/CGPMIG/DEMIG/SENAJUS</p><p>Assunto: Indeferimento do pedido</p><p>Processo: 235881.0014250/2020</p><p>Interessado: CHRISNEL FLEURFILS</p><p>A COORDENADORA DE PROCESSOS MIGRATÓRIOS, no uso da competência delegada pela Portaria nº 623 de 13 de novembro de 2020, publicada no Diário Oficial da União, de 17 de novembro de 2020, indefere o pedido, tendo em vista que o requerente não apresentou todos os documentos necessários para comprovação de residência, e portanto não atende à exigência contida no inciso II, art. 65 da Lei nº 13.445/2017.</p><p>Despacho nº 7223/2022/DINAT_NATURALIZACAO/DINAT/CPMIG/CGPMIG/DEMIG/SENAJUS</p><p>Assunto: Indeferimento do pedido</p><p>Processo: 235881.0011398/2020</p><p>Interessado: JONATHAN WASATO</p><p>A COORDENADORA DE PROCESSOS MIGRATÓRIOS, no uso da competência delegada pela Portaria nº 623 de 13 de novembro de 2020, publicada no Diário Oficial da União, de 17 de novembro de 2020, indefere o pedido, considerando que o requerente não apresentou os documentos necessários no momento da formalização do pedido, foi notificado a complementar e não respondeu às exigências dentro do prazo previsto, deixando assim, de anexar todos os documentos exigidos pela Portaria nº 623, de 13 de novembro de 2020, não cumprindo, portanto, os requisitos do art. 65 da Lei 13.445/2017.</p><p>Despacho nº 7224/2022/DINAT_NATURALIZACAO/DINAT/CPMIG/CGPMIG/DEMIG/SENAJUS</p><p>Assunto: Indeferimento do pedido</p><p>Processo: 235881.0009511/2020</p><p>Interessado: GLOFSON FELIX</p><p>A COORDENADORA DE PROCESSOS MIGRATÓRIOS, no uso da competência delegada pela Portaria nº 623 de 13 de novembro de 2020, publicada no Diário Oficial da União, de 17 de novembro de 2020, indefere o pedido, tendo em vista que o requerente não apresentou certidão de antecedentes criminais do país de origem, e portanto não atende à exigência contida no art. 67 da Lei nº 13.445/2017.</p><p class="assina">ANA CLARA FORMIGA FERREIRA DO CARMO</p><p></p>]]></Texto>
  </body>
  <Midias />
</article></xml>