﻿<xml><article id="27715489" name="PORTARIA MAPA NA 477 DE 24 DE AG" idOficio="7356079" pubName="DO1" artType="Portaria" pubDate="25/08/2022" artClass="00007:00001:00000:00000:00000:00000:00000:00000:00000:00000:00054:00001" artCategory="Ministério da Agricultura, Pecuária e Abastecimento/Gabinete do Ministro" artSize="12" artNotes="Ok Imagem" numberPage="6" pdfPage="http://pesquisa.in.gov.br/imprensa/jsp/visualiza/index.jsp?data=25/08/2022&amp;jornal=515&amp;pagina=6" editionNumber="162" highlightType="" highlightPriority="" highlight="" highlightimage="" highlightimagename="" idMateria="14837412">
  <body>
    <Identifica><![CDATA[ PORTARIA MAPA Nº 477, DE  24 DE AGOSTO DE 2022]]></Identifica>
    <Data><![CDATA[]]></Data>
    <Ementa><![CDATA[ Incorporação ao ordenamento jurídico brasileiro dos Requisitos Fitossanitários para Vaccinium spp. (mirtilo) segundo País de Destino e Origem, para os Estados Partes do MERCOSUL, aprovados pela Resolução MERCOSUL/GM/RES. nº 3/22. ]]></Ementa>
    <Titulo />
    <SubTitulo />
    <Texto><![CDATA[<p class="identifica">PORTARIA MAPA Nº 477, DE 24 DE AGOSTO DE 2022</p><p class="ementa">Incorporação ao ordenamento jurídico brasileiro dos Requisitos Fitossanitários para Vaccinium spp. (mirtilo) segundo País de Destino e Origem, para os Estados Partes do MERCOSUL, aprovados pela Resolução MERCOSUL/GM/RES. nº 3/22.</p><p>O MINISTRO DE ESTADO DA AGRICULTURA, PECUÁRIA E ABASTECIMENTO, no uso da atribuição que lhe confere o art. 87, parágrafo único, inciso II, da Constituição, tendo em vista o disposto no Decreto nº 24.114, de 12 de abril de 1934, no Decreto Legislativo nº 188, de 15 de dezembro de 1995, no Decreto nº 1.901, de 9 de maio de 1996, e o que consta do Processo nº 21000.062348/2022-84, resolve:</p><p>Art. 1º Ficam incorporados ao ordenamento jurídico brasileiro os Requisitos Fitossanitários para Vaccinium spp. (mirtilo) segundo País de Destino e Origem, para os Estados Partes do MERCOSUL, aprovados pela Resolução MERCOSUL/GMC/RES. nº 3/22, que constam como Anexo da presente Portaria.</p><p>Art. 2º Fica revogada a Instrução Normativa MAPA nº 70, de 28 de dezembro de 2009, publicada no D.O.U. nº 248, Seção 1, páginas 9 e 10, de 29 de dezembro de 2009.</p><p>Art. 3º Esta Portaria entra em vigor na data de 1º de setembro de 2022.</p><p class="assina">MARCOS MONTES</p><img name="1_MAPA_25_001" /><img name="1_MAPA_25_002" /><img name="1_MAPA_25_003" /><img name="1_MAPA_25_004" /><img name="1_MAPA_25_005" /><img name="1_MAPA_25_006" /><img name="1_MAPA_25_007" />]]></Texto>
  </body>
  <Midias>
    <Midia></Midia>
    <Midia></Midia>
    <Midia></Midia>
    <Midia></Midia>
    <Midia></Midia>
    <Midia></Midia>
    <Midia></Midia>
  </Midias>
</article></xml>