﻿<xml><article id="27703663" name="resolucao_2773_2022 COAFE" idOficio="7354933" pubName="DO1" artType="Resolução" pubDate="25/08/2022" artClass="00026:00034:00016:00006:00002:00000:00000:00000:00000:00000:00064:32773" artCategory="Ministério da Saúde/Agência Nacional de Vigilância Sanitária/4ª Diretoria/Gerência-Geral de Inspeção e Fiscalização Sanitária/Coordenação de Autorização de Funcionamento de Empresas" artSize="12" artNotes="" numberPage="271" pdfPage="http://pesquisa.in.gov.br/imprensa/jsp/visualiza/index.jsp?data=25/08/2022&amp;jornal=515&amp;pagina=271" editionNumber="162" highlightType="" highlightPriority="" highlight="" highlightimage="" highlightimagename="" idMateria="14835550">
  <body>
    <Identifica><![CDATA[ RESOLUÇÃO-RE Nº 2.773, DE 24 DE AGOSTO DE 2022]]></Identifica>
    <Data><![CDATA[]]></Data>
    <Ementa />
    <Titulo />
    <SubTitulo />
    <Texto><![CDATA[<p class="identifica">RESOLUÇÃO-RE Nº 2.773, DE 24 DE AGOSTO DE 2022</p><p>O Coordenador de Autorização de Funcionamento de Empresas, no uso das atribuições que lhe confere o art. 144, aliado ao art. 203, I, §1° do Regimento Interno aprovado pela Resolução de Diretoria Colegiada - RDC n° 585, de 10 de dezembro de 2021, resolve:</p><p>Art. 1º. Indeferir o Pedido de Alteração de Autorização Especial para Empresas de Medicamentos e de Insumos Farmacêuticos, constantes no anexo desta Resolução.</p><p>Art. 2º Esta Resolução entra em vigor na data de sua publicação.</p><p class="assina">DANIEL MARCOS PEREIRA DOURADO</p><p class="anexo">ANEXO</p><p>FARMABELLE COMERCIO DE MEDICAMENTOS LTDA / 10.710.232/0001-97</p><p>25351.131996/2022-69 /</p><p>70803 - AE - ALTERAÇÃO - RAZÃO SOCIAL / 4446698222</p><p>MOTIVO DO INDEFERIMENTO:</p><p>Não apresentação da declaração assinada do Anexo I da RDC nº 275/2019, contrariando o art. 11 da RDC nº 275/2019.</p><p>VDC LOG TRANSPORTE E LOGISTICA MULTIMODAL LTDA / 19.852.860/0001-81</p><p>25351.477906/2019-88 / 1193209</p><p>70804 - AE - ALTERAÇÃO - ENDEREÇO / 4448376222</p><p>MOTIVO DO INDEFERIMENTO:</p><p>Não apresentação de documento vigente, com dados atualizados, emitido pela autoridade sanitária local competente, que ateste o cumprimento dos requisitos técnicos para as atividades e classes autorizadas, conforme disposto no artigo 15 e artigo 18 da RDC nº 16/2014.</p>]]></Texto>
  </body>
  <Midias />
</article></xml>