﻿<xml><article id="27701837" name="DeliberaAAo DG 119-2022_1" idOficio="7354549" pubName="DO1" artType="Deliberação" pubDate="25/08/2022" artClass="00019:00035:00000:00000:00000:00000:00000:00000:00000:00000:00022:00000" artCategory="Ministério da Infraestrutura/Agência Nacional de Transportes Aquaviários" artSize="24" artNotes="" numberPage="238" pdfPage="http://pesquisa.in.gov.br/imprensa/jsp/visualiza/index.jsp?data=25/08/2022&amp;jornal=515&amp;pagina=238" editionNumber="162" highlightType="" highlightPriority="" highlight="" highlightimage="" highlightimagename="" idMateria="14835014">
  <body>
    <Identifica><![CDATA[ DELIBERAÇÃO Nº 119, DE 24 DE AGOSTO DE 2022]]></Identifica>
    <Data><![CDATA[ Em 24 de agosto de 2022.]]></Data>
    <Ementa />
    <Titulo />
    <SubTitulo />
    <Texto><![CDATA[<p class="identifica">DELIBERAÇÃO Nº 119, DE 24 DE AGOSTO DE 2022</p><p class="data">Em 24 de agosto de 2022.</p><p>Nº 119/2022 O DIRETOR-GERAL DA AGÊNCIA NACIONAL DE TRANSPORTES AQUAVIÁRIOS, no uso da competência que lhe é conferida pelo inciso IV do art. 20 do Regimento Interno e pelo art. 4º da Resolução ANTAQ nº 61, de 2021, considerando o que consta do Processo nº 50300.006100/2022-57 e o teor do Acórdão nº 431-2022, proferido na Reunião Ordinária de Diretoria nº 525, realizada entre 25 e 27/07/2022, resolve:</p><p>Art. 1º Homologar o resultado do pedido de padronização tarifária sem revisão, nos termos do art. 34, § 1º da Resolução-ANTAQ nº 61, de 2021, referente as modalidades tarifárias do Porto de Porto Velho, autorizando uma Receita Tarifária Anual (RAT) projetada de R$ 6.517.224,73 para o período de referência subsequente à padronização.</p><p>Art. 2º As novas tarifas, seus limites máximos e a estrutura tarifária para o período subsequente à presente padronização constam nos Anexos desta Deliberação, e entrarão em vigor em no máximo até 20 (vinte) dias úteis, contados da publicação desta Deliberação, alterando-se as normas gerais de aplicação existentes.</p><p>Art. 3º Determinar que a Sociedade de Portos e Hidrovias do Estado de Rondônia, conforme requisitos e prazos presentes no art. 14 da Resolução-ANTAQ nº 61, de 2021:</p><p>I - revise, atualize e consolide os demais atos administrativos internos que estabeleçam valores e cobranças tarifárias no porto organizado, publicando a lista remodelada e compatibilizada desses atos remanescentes no documento que dará vigência e publicidade à nova estrutura tarifária completa; e</p><p>II - encaminhe à Superintendência de Regulação da ANTAQ, para ciência e acompanhamento, cópia do documento citado no inciso anterior.</p><p>Art. 4º Esta Deliberação entra em vigor na data de sua publicação no Diário Oficial da União.</p><p>ANEXO I - TARIFAS REVISADAS</p><p /><p></p><table><tr /><tr><td rowspan="1" colspan="1"><p>NUMERO</p></td><td rowspan="1" colspan="1"><p>GRUPO</p></td><td rowspan="1" colspan="1"><p>TABELA</p></td><td rowspan="1" colspan="1"><p>NOME DA TABELA</p></td><td rowspan="1" colspan="1"><p>ITEM</p></td><td rowspan="1" colspan="1"><p>FORMA DE INCIDÊNCIA</p></td><td rowspan="1" colspan="1"><p>NOVA TARIFA COM IMPOSTOS (R$)</p></td></tr><tr><td rowspan="1" colspan="1"><p>1</p></td><td rowspan="1" colspan="1"><p>1</p></td><td rowspan="1" colspan="1"><p>Tabela I</p></td><td rowspan="1" colspan="1"><p>Infraestrutura de Acesso Aquaviário</p></td><td rowspan="1" colspan="1"><p>2</p></td><td rowspan="1" colspan="1"><p>Tarifa variável, pela tonelagem de porto bruto da embarcação (TPB / DWT):</p></td><td rowspan="1" colspan="1"><p>---</p></td></tr><tr><td rowspan="1" colspan="1"><p>2</p></td><td rowspan="1" colspan="1" /><td rowspan="1" colspan="1" /><td rowspan="1" colspan="1" /><td rowspan="1" colspan="1"><p>2.1</p></td><td rowspan="1" colspan="1"><p>Para operações de longo curso:</p></td><td rowspan="1" colspan="1"><p>---</p></td></tr><tr><td rowspan="1" colspan="1"><p>3</p></td><td rowspan="1" colspan="1" /><td rowspan="1" colspan="1" /><td rowspan="1" colspan="1" /><td rowspan="1" colspan="1"><p>2.1.1</p></td><td rowspan="1" colspan="1"><p>De carga geral ou de projeto, solta.</p></td><td rowspan="1" colspan="1"><p>1,19</p></td></tr><tr><td rowspan="1" colspan="1"><p>4</p></td><td rowspan="1" colspan="1" /><td rowspan="1" colspan="1" /><td rowspan="1" colspan="1" /><td rowspan="1" colspan="1"><p>2.1.2</p></td><td rowspan="1" colspan="1"><p>De carga geral, conteinerizada.</p></td><td rowspan="1" colspan="1"><p>0,22</p></td></tr><tr><td rowspan="1" colspan="1"><p>5</p></td><td rowspan="1" colspan="1" /><td rowspan="1" colspan="1" /><td rowspan="1" colspan="1" /><td rowspan="1" colspan="1"><p>2.1.3</p></td><td rowspan="1" colspan="1"><p>De granéis sólidos.</p></td><td rowspan="1" colspan="1"><p>1,03</p></td></tr><tr><td rowspan="1" colspan="1"><p>6</p></td><td rowspan="1" colspan="1" /><td rowspan="1" colspan="1" /><td rowspan="1" colspan="1" /><td rowspan="1" colspan="1"><p>2.2</p></td><td rowspan="1" colspan="1"><p>Para operação de cabotagem ou navegação interior:</p></td><td rowspan="1" colspan="1"><p>---</p></td></tr><tr><td rowspan="1" colspan="1"><p>7</p></td><td rowspan="1" colspan="1" /><td rowspan="1" colspan="1" /><td rowspan="1" colspan="1" /><td rowspan="1" colspan="1"><p>2.2.1</p></td><td rowspan="1" colspan="1"><p>De carga geral ou de projeto, solta.</p></td><td rowspan="1" colspan="1"><p>1,19</p></td></tr><tr><td rowspan="1" colspan="1"><p>8</p></td><td rowspan="1" colspan="1" /><td rowspan="1" colspan="1" /><td rowspan="1" colspan="1" /><td rowspan="1" colspan="1"><p>2.2.2</p></td><td rowspan="1" colspan="1"><p>De carga geral, conteinerizada.</p></td><td rowspan="1" colspan="1"><p>0,23</p></td></tr><tr><td rowspan="1" colspan="1"><p>9</p></td><td rowspan="1" colspan="1" /><td rowspan="1" colspan="1" /><td rowspan="1" colspan="1" /><td rowspan="1" colspan="1"><p>2.2.3</p></td><td rowspan="1" colspan="1"><p>De granéis sólidos.</p></td><td rowspan="1" colspan="1"><p>1,03</p></td></tr><tr><td rowspan="1" colspan="1"><p>10</p></td><td rowspan="1" colspan="1" /><td rowspan="1" colspan="1" /><td rowspan="1" colspan="1" /><td rowspan="1" colspan="1"><p>2.2.4</p></td><td rowspan="1" colspan="1"><p>De granéis líquidos.</p></td><td rowspan="1" colspan="1"><p>1,03</p></td></tr><tr><td rowspan="1" colspan="1"><p>11</p></td><td rowspan="1" colspan="1" /><td rowspan="1" colspan="1" /><td rowspan="1" colspan="1" /><td rowspan="1" colspan="1"><p>2.2.5</p></td><td rowspan="1" colspan="1"><p>De petróleo, de seus derivados ou outros combustíveis.</p></td><td rowspan="1" colspan="1"><p>3,35</p></td></tr><tr><td rowspan="1" colspan="1"><p>12</p></td><td rowspan="1" colspan="1" /><td rowspan="1" colspan="1" /><td rowspan="1" colspan="1" /><td rowspan="1" colspan="1"><p>2.2.6</p></td><td rowspan="1" colspan="1"><p>De embarcações do tipo roll-on roll-off.</p></td><td rowspan="1" colspan="1"><p>1,19</p></td></tr><tr><td rowspan="1" colspan="1"><p>13</p></td><td rowspan="1" colspan="1"><p>2</p></td><td rowspan="1" colspan="1"><p>Tabela II</p></td><td rowspan="1" colspan="1"><p>Instalações de Acostagem</p></td><td rowspan="1" colspan="1"><p>1</p></td><td rowspan="1" colspan="1"><p>Para o berço 403, 404</p></td><td rowspan="1" colspan="1"><p>---</p></td></tr><tr><td rowspan="1" colspan="1"><p>14</p></td><td rowspan="1" colspan="1" /><td rowspan="1" colspan="1" /><td rowspan="1" colspan="1" /><td rowspan="1" colspan="1"><p>1.1</p></td><td rowspan="1" colspan="1"><p>Por metro linear de instalação ocupada por embarcação, por hora ou fração, até o limite de 48 horas:</p></td><td rowspan="1" colspan="1"><p>---</p></td></tr><tr><td rowspan="1" colspan="1"><p>15</p></td></tr><tr><td rowspan="1" colspan="1"><p>16</p></td><td rowspan="1" colspan="1" /><td rowspan="1" colspan="1" /><td rowspan="1" colspan="1" /><td rowspan="1" colspan="1"><p>1.1.1</p></td><td rowspan="1" colspan="1"><p>Para operações de longo curso no berço.</p></td><td rowspan="1" colspan="1"><p>7,06</p></td></tr><tr><td rowspan="1" colspan="1"><p>17</p></td><td rowspan="1" colspan="1" /><td rowspan="1" colspan="1" /><td rowspan="1" colspan="1" /><td rowspan="1" colspan="1"><p>1.1.2</p></td><td rowspan="1" colspan="1"><p>Para operação de cabotagem ou navegação interior.</p></td><td rowspan="1" colspan="1"><p>7,06</p></td></tr><tr><td rowspan="1" colspan="1"><p>18</p></td><td rowspan="1" colspan="1" /><td rowspan="1" colspan="1" /><td rowspan="1" colspan="1" /><td rowspan="1" colspan="1"><p>1.2</p></td><td rowspan="1" colspan="1"><p>Por metro linear de instalação ocupada por embarcação, por hora ou fração, após 48 horas:</p></td><td rowspan="1" colspan="1"><p>---</p></td></tr><tr><td rowspan="1" colspan="1"><p>19</p></td><td rowspan="1" colspan="1" /><td rowspan="1" colspan="1" /><td rowspan="1" colspan="1" /><td rowspan="1" colspan="1"><p>1.2.1</p></td><td rowspan="1" colspan="1"><p>Para operações de longo curso no berço.</p></td><td rowspan="1" colspan="1"><p>7,06</p></td></tr><tr><td rowspan="1" colspan="1"><p>20</p></td><td rowspan="1" colspan="1" /><td rowspan="1" colspan="1" /><td rowspan="1" colspan="1" /><td rowspan="1" colspan="1"><p>1.2.2</p></td><td rowspan="1" colspan="1"><p>Para operação de cabotagem ou navegação interior.</p></td><td rowspan="1" colspan="1"><p>7,06</p></td></tr><tr><td rowspan="1" colspan="1"><p>21</p></td><td rowspan="1" colspan="1" /><td rowspan="1" colspan="1" /><td rowspan="1" colspan="1" /><td rowspan="1" colspan="1"><p>2</p></td><td rowspan="1" colspan="1"><p>Para o berço 401, 402 e 405</p></td><td rowspan="1" colspan="1"><p>---</p></td></tr><tr><td rowspan="1" colspan="1"><p>22</p></td><td rowspan="1" colspan="1" /><td rowspan="1" colspan="1" /><td rowspan="1" colspan="1" /><td rowspan="1" colspan="1"><p>2.1</p></td><td rowspan="1" colspan="1"><p>Por metro linear de instalação ocupada por embarcação, por hora ou fração, até o limite de 48 horas:</p></td><td rowspan="1" colspan="1"><p>---</p></td></tr><tr><td rowspan="1" colspan="1"><p>23</p></td></tr><tr><td rowspan="1" colspan="1"><p>24</p></td><td rowspan="1" colspan="1" /><td rowspan="1" colspan="1" /><td rowspan="1" colspan="1" /><td rowspan="1" colspan="1"><p>2.1.1</p></td><td rowspan="1" colspan="1"><p>Para operações de longo curso no berço.</p></td><td rowspan="1" colspan="1"><p>0,59</p></td></tr><tr><td rowspan="1" colspan="1"><p>25</p></td><td rowspan="1" colspan="1" /><td rowspan="1" colspan="1" /><td rowspan="1" colspan="1" /><td rowspan="1" colspan="1"><p>2.1.2</p></td><td rowspan="1" colspan="1"><p>Para operação de cabotagem ou navegação interior.</p></td><td rowspan="1" colspan="1"><p>0,59</p></td></tr><tr><td rowspan="1" colspan="1"><p>26</p></td><td rowspan="1" colspan="1" /><td rowspan="1" colspan="1" /><td rowspan="1" colspan="1" /><td rowspan="1" colspan="1"><p>2.2</p></td><td rowspan="1" colspan="1"><p>Por metro linear de instalação ocupada por embarcação, por hora ou fração, após 48 horas:</p></td><td rowspan="1" colspan="1"><p>---</p></td></tr><tr><td rowspan="1" colspan="1"><p>27</p></td><td rowspan="1" colspan="1" /><td rowspan="1" colspan="1" /><td rowspan="1" colspan="1" /><td rowspan="1" colspan="1"><p>2.2.1</p></td><td rowspan="1" colspan="1"><p>Para operações de longo curso no berço.</p></td><td rowspan="1" colspan="1"><p>0,59</p></td></tr><tr><td rowspan="1" colspan="1"><p>28</p></td><td rowspan="1" colspan="1" /><td rowspan="1" colspan="1" /><td rowspan="1" colspan="1" /><td rowspan="1" colspan="1"><p>2.2.2</p></td><td rowspan="1" colspan="1"><p>Para operação de cabotagem ou navegação interior.</p></td><td rowspan="1" colspan="1"><p>0,59</p></td></tr><tr><td rowspan="1" colspan="1"><p>29</p></td><td rowspan="1" colspan="1" /><td rowspan="1" colspan="1" /><td rowspan="1" colspan="1" /><td rowspan="1" colspan="1"><p>3</p></td><td rowspan="1" colspan="1"><p>Para o berço 101, 102 e 103</p></td><td rowspan="1" colspan="1"><p>---</p></td></tr><tr><td rowspan="1" colspan="1"><p>30</p></td><td rowspan="1" colspan="1" /><td rowspan="1" colspan="1" /><td rowspan="1" colspan="1" /><td rowspan="1" colspan="1"><p>3.1</p></td><td rowspan="1" colspan="1"><p>Por metro linear de instalação ocupada por embarcação, por hora ou fração, até o limite de 48 horas:</p></td><td rowspan="1" colspan="1"><p>---</p></td></tr><tr><td rowspan="1" colspan="1"><p>31</p></td></tr><tr><td rowspan="1" colspan="1"><p>32</p></td><td rowspan="1" colspan="1" /><td rowspan="1" colspan="1" /><td rowspan="1" colspan="1" /><td rowspan="1" colspan="1"><p>3.1.1</p></td><td rowspan="1" colspan="1"><p>Para operações de longo curso no berço.</p></td><td rowspan="1" colspan="1"><p>0,48</p></td></tr><tr><td rowspan="1" colspan="1"><p>33</p></td><td rowspan="1" colspan="1" /><td rowspan="1" colspan="1" /><td rowspan="1" colspan="1" /><td rowspan="1" colspan="1"><p>3.1.2</p></td><td rowspan="1" colspan="1"><p>Para operação de cabotagem ou navegação interior.</p></td><td rowspan="1" colspan="1"><p>0,48</p></td></tr><tr><td rowspan="1" colspan="1"><p>34</p></td><td rowspan="1" colspan="1" /><td rowspan="1" colspan="1" /><td rowspan="1" colspan="1" /><td rowspan="1" colspan="1"><p>3.2</p></td><td rowspan="1" colspan="1"><p>Por metro linear de instalação ocupada por embarcação, por hora ou fração, após 48 horas:</p></td><td rowspan="1" colspan="1"><p>---</p></td></tr><tr><td rowspan="1" colspan="1"><p>35</p></td><td rowspan="1" colspan="1" /><td rowspan="1" colspan="1" /><td rowspan="1" colspan="1" /><td rowspan="1" colspan="1"><p>3.2.1</p></td><td rowspan="1" colspan="1"><p>Para operações de longo curso no berço.</p></td><td rowspan="1" colspan="1"><p>0,48</p></td></tr><tr><td rowspan="1" colspan="1"><p>36</p></td><td rowspan="1" colspan="1" /><td rowspan="1" colspan="1" /><td rowspan="1" colspan="1" /><td rowspan="1" colspan="1"><p>3.2.2</p></td><td rowspan="1" colspan="1"><p>Para operação de cabotagem ou navegação interior.</p></td><td rowspan="1" colspan="1"><p>0,48</p></td></tr><tr><td rowspan="1" colspan="1"><p>37</p></td><td rowspan="1" colspan="1" /><td rowspan="1" colspan="1" /><td rowspan="1" colspan="1" /><td rowspan="1" colspan="1"><p>4</p></td><td rowspan="1" colspan="1"><p>Para o berço 301A, 301B e 301C</p></td><td rowspan="1" colspan="1"><p>---</p></td></tr><tr><td rowspan="1" colspan="1"><p>38</p></td><td rowspan="1" colspan="1" /><td rowspan="1" colspan="1" /><td rowspan="1" colspan="1" /><td rowspan="1" colspan="1"><p>4.1</p></td><td rowspan="1" colspan="1"><p>Por metro linear de instalação ocupada por embarcação, por hora ou fração, até o limite de 48 horas:</p></td><td rowspan="1" colspan="1"><p>---</p></td></tr><tr><td rowspan="1" colspan="1"><p>39</p></td></tr><tr><td rowspan="1" colspan="1"><p>40</p></td><td rowspan="1" colspan="1" /><td rowspan="1" colspan="1" /><td rowspan="1" colspan="1" /><td rowspan="1" colspan="1"><p>4.1.1</p></td><td rowspan="1" colspan="1"><p>Para operações de longo curso no berço.</p></td><td rowspan="1" colspan="1"><p>4,82</p></td></tr><tr><td rowspan="1" colspan="1"><p>41</p></td><td rowspan="1" colspan="1" /><td rowspan="1" colspan="1" /><td rowspan="1" colspan="1" /><td rowspan="1" colspan="1"><p>4.1.2</p></td><td rowspan="1" colspan="1"><p>Para operação de cabotagem ou navegação interior.</p></td><td rowspan="1" colspan="1"><p>4,82</p></td></tr><tr><td rowspan="1" colspan="1"><p>42</p></td><td rowspan="1" colspan="1" /><td rowspan="1" colspan="1" /><td rowspan="1" colspan="1" /><td rowspan="1" colspan="1"><p>4.2</p></td><td rowspan="1" colspan="1"><p>Por metro linear de instalação ocupada por embarcação, por hora ou fração, após 48 horas:</p></td><td rowspan="1" colspan="1"><p>---</p></td></tr><tr><td rowspan="1" colspan="1"><p>43</p></td><td rowspan="1" colspan="1" /><td rowspan="1" colspan="1" /><td rowspan="1" colspan="1" /><td rowspan="1" colspan="1"><p>4.2.1</p></td><td rowspan="1" colspan="1"><p>Para operações de longo curso no berço.</p></td><td rowspan="1" colspan="1"><p>4,82</p></td></tr><tr><td rowspan="1" colspan="1"><p>44</p></td><td rowspan="1" colspan="1" /><td rowspan="1" colspan="1" /><td rowspan="1" colspan="1" /><td rowspan="1" colspan="1"><p>4.2.2</p></td><td rowspan="1" colspan="1"><p>Para operação de cabotagem ou navegação interior.</p></td><td rowspan="1" colspan="1"><p>4,82</p></td></tr><tr><td rowspan="1" colspan="1"><p>45</p></td><td rowspan="1" colspan="1"><p>3</p></td><td rowspan="1" colspan="1"><p>Tabela III</p></td><td rowspan="1" colspan="1"><p>Infraestrutura Operacional ou Terrestre</p></td><td rowspan="1" colspan="1"><p>1</p></td><td rowspan="1" colspan="1"><p>Por tonelada de mercadoria movimentada a partir da embarcação até as instalações de armazenagem ou limite do porto, ou no sentido inverso.</p></td><td rowspan="1" colspan="1"><p>1,03</p></td></tr><tr><td rowspan="1" colspan="1"><p>46</p></td></tr><tr><td rowspan="1" colspan="1"><p>47</p></td><td rowspan="1" colspan="1" /><td rowspan="1" colspan="1" /><td rowspan="1" colspan="1" /><td rowspan="1" colspan="1"><p>1.1</p></td><td rowspan="1" colspan="1"><p>Derivados do Petróleo - CAP.</p></td><td rowspan="1" colspan="1"><p>6,54</p></td></tr><tr><td rowspan="1" colspan="1"><p>48</p></td><td rowspan="1" colspan="1" /><td rowspan="1" colspan="1" /><td rowspan="1" colspan="1" /><td rowspan="1" colspan="1"><p>2</p></td><td rowspan="1" colspan="1"><p>Por contêiner movimentado a partir da embarcação até as instalações de armazenagem ou limite do porto, ou no sentido inverso.</p></td><td rowspan="1" colspan="1"><p>18,76</p></td></tr><tr><td rowspan="1" colspan="1"><p>49</p></td></tr><tr><td rowspan="1" colspan="1"><p>50</p></td><td rowspan="1" colspan="1" /><td rowspan="1" colspan="1" /><td rowspan="1" colspan="1" /><td rowspan="1" colspan="1"><p>3</p></td><td rowspan="1" colspan="1"><p>Por veículo movimentado pelo sistema roll-on roll-off.</p></td><td rowspan="1" colspan="1"><p>37,33</p></td></tr><tr><td rowspan="1" colspan="1"><p>51</p></td><td rowspan="1" colspan="1"><p>4</p></td><td rowspan="1" colspan="1"><p>Tabela IV</p></td><td rowspan="1" colspan="1"><p>Movimentação de Cargas</p></td><td rowspan="1" colspan="1"><p>1</p></td><td rowspan="1" colspan="1"><p>Por tonelada de mercadoria movimentada a partir da embarcação até as instalações de armazenagem ou limite do porto, ou no sentido inverso.</p></td><td rowspan="1" colspan="1"><p>1,45</p></td></tr><tr><td rowspan="1" colspan="1"><p>52</p></td></tr><tr><td rowspan="1" colspan="1"><p>53</p></td><td rowspan="1" colspan="1" /><td rowspan="1" colspan="1" /><td rowspan="1" colspan="1" /><td rowspan="1" colspan="1"><p>2</p></td><td rowspan="1" colspan="1"><p>Por contêiner movimentado a partir da embarcação até as instalações de armazenagem ou limite do porto, ou no sentido inverso.</p></td><td rowspan="1" colspan="1"><p>10,41</p></td></tr><tr><td rowspan="1" colspan="1"><p>54</p></td></tr><tr><td rowspan="1" colspan="1"><p>56</p></td><td rowspan="1" colspan="1"><p>5</p></td><td rowspan="1" colspan="1"><p>Tabela V</p></td><td rowspan="1" colspan="1"><p>Utilização de Infraestrutura de Armazenagem</p></td><td rowspan="1" colspan="1"><p>1</p></td><td rowspan="1" colspan="1"><p>Áreas cobertas:</p></td><td rowspan="1" colspan="1"><p>---</p></td></tr><tr><td rowspan="1" colspan="1"><p>57</p></td><td rowspan="1" colspan="1" /><td rowspan="1" colspan="1" /><td rowspan="1" colspan="1" /><td rowspan="1" colspan="1"><p>1.1</p></td><td rowspan="1" colspan="1"><p>Mercadorias diversas de importação do estrangeiro, ainda sujeitas ao desembaraço aduaneiro, recebidas em armazéns ou pátios:</p></td><td rowspan="1" colspan="1"><p>---</p></td></tr><tr><td rowspan="1" colspan="1"><p>58</p></td><td rowspan="1" colspan="1" /><td rowspan="1" colspan="1" /><td rowspan="1" colspan="1" /></tr><tr><td rowspan="1" colspan="1"><p>59</p></td><td rowspan="1" colspan="1" /><td rowspan="1" colspan="1" /><td rowspan="1" colspan="1" /><td rowspan="1" colspan="1"><p>1.1.1</p></td><td rowspan="1" colspan="1"><p>No primeiro período de 10 dias ou fração, por dia.</p></td><td rowspan="1" colspan="1"><p>2,09</p></td></tr><tr><td rowspan="1" colspan="1"><p>60</p></td><td rowspan="1" colspan="1" /><td rowspan="1" colspan="1" /><td rowspan="1" colspan="1" /><td rowspan="1" colspan="1"><p>1.1.2</p></td><td rowspan="1" colspan="1"><p>No segundo e períodos subsequentes de 10 dias ou fração, por dia.</p></td><td rowspan="1" colspan="1"><p>2,72</p></td></tr><tr><td rowspan="1" colspan="1"><p>61</p></td><td rowspan="1" colspan="1" /><td rowspan="1" colspan="1" /><td rowspan="1" colspan="1" /><td rowspan="1" colspan="1"><p>1.2</p></td><td rowspan="1" colspan="1"><p>Mercadorias diversas, nacionais ou nacionalizadas, recebidas em armazéns ou pátios, por tonelada:</p></td><td rowspan="1" colspan="1"><p>---</p></td></tr><tr><td rowspan="1" colspan="1"><p>62</p></td><td rowspan="1" colspan="1" /><td rowspan="1" colspan="1" /><td rowspan="1" colspan="1" /></tr><tr><td rowspan="1" colspan="1"><p>63</p></td><td rowspan="1" colspan="1" /><td rowspan="1" colspan="1" /><td rowspan="1" colspan="1" /><td rowspan="1" colspan="1"><p>1.2.1</p></td><td rowspan="1" colspan="1"><p>No primeiro período de 10 dias ou fração, por dia.</p></td><td rowspan="1" colspan="1"><p>2,09</p></td></tr><tr><td rowspan="1" colspan="1"><p>64</p></td><td rowspan="1" colspan="1" /><td rowspan="1" colspan="1" /><td rowspan="1" colspan="1" /><td rowspan="1" colspan="1"><p>1.2.2</p></td><td rowspan="1" colspan="1"><p>No segundo e períodos subsequentes de 10 dias ou fração, por dia.</p></td><td rowspan="1" colspan="1"><p>2,72</p></td></tr><tr><td rowspan="1" colspan="1"><p>65</p></td><td rowspan="1" colspan="1" /><td rowspan="1" colspan="1" /><td rowspan="1" colspan="1" /><td rowspan="1" colspan="1"><p>1.3</p></td><td rowspan="1" colspan="1"><p>Contêiner com mercadorias nacionais ou nacionalizadas, por unidade:</p></td><td rowspan="1" colspan="1"><p>---</p></td></tr><tr><td rowspan="1" colspan="1"><p>66</p></td><td rowspan="1" colspan="1" /><td rowspan="1" colspan="1" /><td rowspan="1" colspan="1" /><td rowspan="1" colspan="1"><p>1.3.1</p></td><td rowspan="1" colspan="1"><p>No primeiro período de 10 dias ou fração, por dia.</p></td><td rowspan="1" colspan="1"><p>23,95</p></td></tr><tr><td rowspan="1" colspan="1"><p>67</p></td><td rowspan="1" colspan="1" /><td rowspan="1" colspan="1" /><td rowspan="1" colspan="1" /><td rowspan="1" colspan="1"><p>1.3.2</p></td><td rowspan="1" colspan="1"><p>No segundo e períodos subsequentes de 10 dias ou fração, por dia.</p></td><td rowspan="1" colspan="1"><p>28,37</p></td></tr><tr><td rowspan="1" colspan="1"><p>68</p></td><td rowspan="1" colspan="1" /><td rowspan="1" colspan="1" /><td rowspan="1" colspan="1" /><td rowspan="1" colspan="1"><p>1.4</p></td><td rowspan="1" colspan="1"><p>Contêiner vazio, por unidade:</p></td><td rowspan="1" colspan="1"><p>---</p></td></tr><tr><td rowspan="1" colspan="1"><p>69</p></td><td rowspan="1" colspan="1" /><td rowspan="1" colspan="1" /><td rowspan="1" colspan="1" /><td rowspan="1" colspan="1"><p>1.4.1</p></td><td rowspan="1" colspan="1"><p>No primeiro período de 10 dias ou fração, por dia.</p></td><td rowspan="1" colspan="1"><p>11,96</p></td></tr><tr><td rowspan="1" colspan="1"><p>70</p></td><td rowspan="1" colspan="1" /><td rowspan="1" colspan="1" /><td rowspan="1" colspan="1" /><td rowspan="1" colspan="1"><p>1.4.2</p></td><td rowspan="1" colspan="1"><p>No segundo e períodos subsequentes de 10 dias ou fração, por dia.</p></td><td rowspan="1" colspan="1"><p>14,19</p></td></tr><tr><td rowspan="1" colspan="1"><p>71</p></td><td rowspan="1" colspan="1" /><td rowspan="1" colspan="1" /><td rowspan="1" colspan="1" /><td rowspan="1" colspan="1"><p>1.5</p></td><td rowspan="1" colspan="1"><p>Mercadorias a granel sólido, por tonelada:</p></td><td rowspan="1" colspan="1"><p>---</p></td></tr><tr><td rowspan="1" colspan="1"><p>72</p></td><td rowspan="1" colspan="1" /><td rowspan="1" colspan="1" /><td rowspan="1" colspan="1" /><td rowspan="1" colspan="1"><p>1.5.1</p></td><td rowspan="1" colspan="1"><p>No primeiro período de 10 dias ou fração, por dia.</p></td><td rowspan="1" colspan="1"><p>2,09</p></td></tr><tr><td rowspan="1" colspan="1"><p>73</p></td><td rowspan="1" colspan="1" /><td rowspan="1" colspan="1" /><td rowspan="1" colspan="1" /><td rowspan="1" colspan="1"><p>1.5.2</p></td><td rowspan="1" colspan="1"><p>No segundo e períodos subsequentes de 10 dias ou fração, por dia.</p></td><td rowspan="1" colspan="1"><p>2,72</p></td></tr><tr><td rowspan="1" colspan="1"><p>74</p></td><td rowspan="1" colspan="1" /><td rowspan="1" colspan="1" /><td rowspan="1" colspan="1" /><td rowspan="1" colspan="1"><p>1.6</p></td><td rowspan="1" colspan="1"><p>Mercadorias a granel líquido, por tonelada:</p></td><td rowspan="1" colspan="1"><p>---</p></td></tr><tr><td rowspan="1" colspan="1"><p>75</p></td><td rowspan="1" colspan="1" /><td rowspan="1" colspan="1" /><td rowspan="1" colspan="1" /><td rowspan="1" colspan="1"><p>1.6.1</p></td><td rowspan="1" colspan="1"><p>No primeiro período de 10 dias ou fração, por dia.</p></td><td rowspan="1" colspan="1"><p>2,09</p></td></tr><tr><td rowspan="1" colspan="1"><p>76</p></td><td rowspan="1" colspan="1" /><td rowspan="1" colspan="1" /><td rowspan="1" colspan="1" /><td rowspan="1" colspan="1"><p>1.6.2</p></td><td rowspan="1" colspan="1"><p>No segundo e períodos subsequentes de 10 dias ou fração, por dia.</p></td><td rowspan="1" colspan="1"><p>2,72</p></td></tr><tr><td rowspan="1" colspan="1"><p>77</p></td><td rowspan="1" colspan="1" /><td rowspan="1" colspan="1" /><td rowspan="1" colspan="1" /><td rowspan="1" colspan="1"><p>1.7</p></td><td rowspan="1" colspan="1"><p>Por contêiner refrigerado, com mercadoria nacional ou nacionalizada, por unidade:</p></td><td rowspan="1" colspan="1"><p>---</p></td></tr><tr><td rowspan="1" colspan="1"><p>78</p></td><td rowspan="1" colspan="1" /><td rowspan="1" colspan="1" /><td rowspan="1" colspan="1" /><td rowspan="1" colspan="1"><p>1.7.1</p></td><td rowspan="1" colspan="1"><p>No primeiro período de 10 dias ou fração, por dia.</p></td><td rowspan="1" colspan="1"><p>23,95</p></td></tr><tr><td rowspan="1" colspan="1"><p>79</p></td><td rowspan="1" colspan="1" /><td rowspan="1" colspan="1" /><td rowspan="1" colspan="1" /><td rowspan="1" colspan="1"><p>1.7.2</p></td><td rowspan="1" colspan="1"><p>No segundo e períodos subsequentes de 10 dias ou fração, por dia.</p></td><td rowspan="1" colspan="1"><p>28,37</p></td></tr><tr><td rowspan="1" colspan="1"><p>80</p></td><td rowspan="1" colspan="1" /><td rowspan="1" colspan="1" /><td rowspan="1" colspan="1" /><td rowspan="1" colspan="1"><p>2</p></td><td rowspan="1" colspan="1"><p>Áreas descobertas:</p></td><td rowspan="1" colspan="1"><p>---</p></td></tr><tr><td rowspan="1" colspan="1"><p>81</p></td><td rowspan="1" colspan="1" /><td rowspan="1" colspan="1" /><td rowspan="1" colspan="1" /><td rowspan="1" colspan="1"><p>2.1</p></td><td rowspan="1" colspan="1"><p>Mercadorias diversas de importação do estrangeiro, ainda sujeitas ao desembaraço aduaneiro, recebidas em armazéns ou pátios:</p></td><td rowspan="1" colspan="1"><p>---</p></td></tr><tr><td rowspan="1" colspan="1"><p>82</p></td><td rowspan="1" colspan="1" /><td rowspan="1" colspan="1" /><td rowspan="1" colspan="1" /></tr><tr><td rowspan="1" colspan="1"><p>83</p></td><td rowspan="1" colspan="1" /><td rowspan="1" colspan="1" /><td rowspan="1" colspan="1" /><td rowspan="1" colspan="1"><p>2.1.1</p></td><td rowspan="1" colspan="1"><p>No primeiro período de 10 dias ou fração, por dia.</p></td><td rowspan="1" colspan="1"><p>2,09</p></td></tr><tr><td rowspan="1" colspan="1"><p>84</p></td><td rowspan="1" colspan="1" /><td rowspan="1" colspan="1" /><td rowspan="1" colspan="1" /><td rowspan="1" colspan="1"><p>2.1.2</p></td><td rowspan="1" colspan="1"><p>No segundo e períodos subsequentes de 10 dias ou fração, por dia.</p></td><td rowspan="1" colspan="1"><p>2,72</p></td></tr><tr><td rowspan="1" colspan="1"><p>85</p></td><td rowspan="1" colspan="1" /><td rowspan="1" colspan="1" /><td rowspan="1" colspan="1" /><td rowspan="1" colspan="1"><p>2.2</p></td><td rowspan="1" colspan="1"><p>Mercadorias diversas, nacionais ou nacionalizadas, recebidas em armazéns ou pátios, por tonelada:</p></td><td rowspan="1" colspan="1"><p>---</p></td></tr><tr><td rowspan="1" colspan="1"><p>86</p></td><td rowspan="1" colspan="1" /><td rowspan="1" colspan="1" /><td rowspan="1" colspan="1" /></tr><tr><td rowspan="1" colspan="1"><p>87</p></td><td rowspan="1" colspan="1" /><td rowspan="1" colspan="1" /><td rowspan="1" colspan="1" /><td rowspan="1" colspan="1"><p>2.2.1</p></td><td rowspan="1" colspan="1"><p>No primeiro período de 10 dias ou fração, por dia.</p></td><td rowspan="1" colspan="1"><p>2,09</p></td></tr><tr><td rowspan="1" colspan="1"><p>88</p></td><td rowspan="1" colspan="1" /><td rowspan="1" colspan="1" /><td rowspan="1" colspan="1" /><td rowspan="1" colspan="1"><p>2.2.2</p></td><td rowspan="1" colspan="1"><p>No segundo e períodos subsequentes de 10 dias ou fração, por dia.</p></td><td rowspan="1" colspan="1"><p>2,72</p></td></tr><tr><td rowspan="1" colspan="1"><p>89</p></td><td rowspan="1" colspan="1" /><td rowspan="1" colspan="1" /><td rowspan="1" colspan="1" /><td rowspan="1" colspan="1"><p>2.3</p></td><td rowspan="1" colspan="1"><p>Contêiner com mercadorias nacionais ou nacionalizadas, por unidade:</p></td><td rowspan="1" colspan="1"><p>---</p></td></tr><tr><td rowspan="1" colspan="1"><p>90</p></td><td rowspan="1" colspan="1" /><td rowspan="1" colspan="1" /><td rowspan="1" colspan="1" /><td rowspan="1" colspan="1"><p>2.3.1</p></td><td rowspan="1" colspan="1"><p>No primeiro período de 10 dias ou fração, por dia.</p></td><td rowspan="1" colspan="1"><p>23,95</p></td></tr><tr><td rowspan="1" colspan="1"><p>91</p></td><td rowspan="1" colspan="1" /><td rowspan="1" colspan="1" /><td rowspan="1" colspan="1" /><td rowspan="1" colspan="1"><p>2.3.2</p></td><td rowspan="1" colspan="1"><p>No segundo e períodos subsequentes de 10 dias ou fração, por dia.</p></td><td rowspan="1" colspan="1"><p>28,37</p></td></tr><tr><td rowspan="1" colspan="1"><p>92</p></td><td rowspan="1" colspan="1" /><td rowspan="1" colspan="1" /><td rowspan="1" colspan="1" /><td rowspan="1" colspan="1"><p>2.4</p></td><td rowspan="1" colspan="1"><p>Contêiner vazio, por unidade:</p></td><td rowspan="1" colspan="1"><p>---</p></td></tr><tr><td rowspan="1" colspan="1"><p>93</p></td><td rowspan="1" colspan="1" /><td rowspan="1" colspan="1" /><td rowspan="1" colspan="1" /><td rowspan="1" colspan="1"><p>2.4.1</p></td><td rowspan="1" colspan="1"><p>No primeiro período de 10 dias ou fração, por dia.</p></td><td rowspan="1" colspan="1"><p>11,96</p></td></tr><tr><td rowspan="1" colspan="1"><p>94</p></td><td rowspan="1" colspan="1" /><td rowspan="1" colspan="1" /><td rowspan="1" colspan="1" /><td rowspan="1" colspan="1"><p>2.4.2</p></td><td rowspan="1" colspan="1"><p>No segundo e períodos subsequentes de 10 dias ou fração, por dia.</p></td><td rowspan="1" colspan="1"><p>14,19</p></td></tr><tr><td rowspan="1" colspan="1"><p>95</p></td><td rowspan="1" colspan="1" /><td rowspan="1" colspan="1" /><td rowspan="1" colspan="1" /><td rowspan="1" colspan="1"><p>2.5</p></td><td rowspan="1" colspan="1"><p>Mercadorias a granel sólido, por tonelada:</p></td><td rowspan="1" colspan="1"><p>---</p></td></tr><tr><td rowspan="1" colspan="1"><p>96</p></td><td rowspan="1" colspan="1" /><td rowspan="1" colspan="1" /><td rowspan="1" colspan="1" /><td rowspan="1" colspan="1"><p>2.5.1</p></td><td rowspan="1" colspan="1"><p>No primeiro período de 10 dias ou fração, por dia.</p></td><td rowspan="1" colspan="1"><p>2,09</p></td></tr><tr><td rowspan="1" colspan="1"><p>97</p></td><td rowspan="1" colspan="1" /><td rowspan="1" colspan="1" /><td rowspan="1" colspan="1" /><td rowspan="1" colspan="1"><p>2.5.2</p></td><td rowspan="1" colspan="1"><p>No segundo e períodos subsequentes de 10 dias ou fração, por dia.</p></td><td rowspan="1" colspan="1"><p>2,72</p></td></tr><tr><td rowspan="1" colspan="1"><p>98</p></td><td rowspan="1" colspan="1" /><td rowspan="1" colspan="1" /><td rowspan="1" colspan="1" /><td rowspan="1" colspan="1"><p>2.6</p></td><td rowspan="1" colspan="1"><p>Mercadorias a granel líquido, por tonelada:</p></td><td rowspan="1" colspan="1"><p>---</p></td></tr></table>]]></Texto>
  </body>
  <Midias />
</article></xml>