﻿<xml><article id="27708260" name="PORT_2639_Petropolis - RJ__9PNMN" idOficio="7355767" pubName="DO1" artType="Portaria" pubDate="25/08/2022" artClass="00014:00039:00000:00000:00000:00000:00000:00000:00000:00000:00054:00010" artCategory="Ministério do Desenvolvimento Regional/Secretaria Nacional de Proteção e Defesa Civil" artSize="12" artNotes="" numberPage="32" pdfPage="http://pesquisa.in.gov.br/imprensa/jsp/visualiza/index.jsp?data=25/08/2022&amp;jornal=515&amp;pagina=32" editionNumber="162" highlightType="" highlightPriority="" highlight="" highlightimage="" highlightimagename="" idMateria="14836895">
  <body>
    <Identifica><![CDATA[ PORTARIA Nº 2.639, DE 24 DE AGOSTO DE 2022]]></Identifica>
    <Data><![CDATA[]]></Data>
    <Ementa><![CDATA[Autoriza o empenho e a transferência de recursos ao Município de Petrópolis - RJ, para execução de ações de Defesa Civil.]]></Ementa>
    <Titulo />
    <SubTitulo />
    <Texto><![CDATA[<p class="identifica">PORTARIA Nº 2.639, DE 24 DE AGOSTO DE 2022</p><p class="ementa">Autoriza o empenho e a transferência de recursos ao Município de Petrópolis - RJ, para execução de ações de Defesa Civil.</p><p>A UNIÃO, por intermédio do MINISTÉRIO DO DESENVOLVIMENTO REGIONAL, neste ato representado pelo SECRETÁRIO NACIONAL DE PROTEÇÃO E DEFESA CIVIL, nomeado pela Portaria n. 830, de 25 de janeiro de 2019, publicada no DOU, de 25 de janeiro de 2019, Seção II, Edição Extra A, consoante delegação de competência conferida pela Portaria n. 2.708, de 28 de outubro de 2021, publicada no DOU, de 29 de outubro de 2021, Seção 1, e tendo em vista o disposto na Lei nº 12.340, de 01 de dezembro de 2010, na Lei nº 12.608, de 10 de abril de 2012 e no Decreto nº 7.257, de 04 de agosto de 2010, resolve:</p><p>Art. 1° Autorizar o empenho e o repasse de recursos ao Município de Petrópolis - RJ, no valor de R$ 4.951.738,09 (quatro milhões, novecentos e cinquenta e um mil setecentos e trinta e oito reais e nove centavos), para a execução de ações de resposta, conforme processo n. 59052.009960/2022-96.</p><p>Art. 2° Os recursos financeiros serão empenhados a título de Transferência Obrigatória, conforme legislação vigente, observando a classificação orçamentária: PT: 06.182.2218.22BO.6500; Natureza de Despesa: 3.3.40.41; Fonte: 0100; UG: 530012.</p><p>Art. 3° Considerando a natureza e o volume de ações a serem implementadas, o prazo de execução será de 180 dias, a partir da publicação desta portaria no Diário Oficial da União (DOU).</p><p>Art. 4° A utilização, pelo ente beneficiário, dos recursos transferidos está vinculada exclusivamente à execução das ações especificadas no art. 1° desta Portaria.</p><p>Art. 5° O proponente deverá apresentar prestação de contas final no prazo de 30 dias a partir do término da vigência, nos termos do art. 14 do Decreto n. 7.257, de 4 de agosto de 2010.</p><p>Art. 6° Esta Portaria entra em vigor na data de sua publicação.</p><p class="assina">ALEXANDRE LUCAS ALVES</p>]]></Texto>
  </body>
  <Midias />
</article></xml>