﻿<xml><article id="27705348" name="DeliberaAAo DG 118-2022_2" idOficio="7354709" pubName="DO1" artType="Deliberação" pubDate="25/08/2022" artClass="00019:00035:00000:00000:00000:00000:00000:00000:00000:00000:00022:00000" artCategory="Ministério da Infraestrutura/Agência Nacional de Transportes Aquaviários" artSize="24" artNotes="" numberPage="242" pdfPage="http://pesquisa.in.gov.br/imprensa/jsp/visualiza/index.jsp?data=25/08/2022&amp;jornal=515&amp;pagina=242" editionNumber="162" highlightType="" highlightPriority="" highlight="" highlightimage="" highlightimagename="" idMateria="14835213">
  <body>
    <Identifica />
    <Data><![CDATA[]]></Data>
    <Ementa />
    <Titulo />
    <SubTitulo />
    <Texto><![CDATA[<p /><p></p><table><tr /><tr><td rowspan="1" colspan="1"><p>Tabela</p></td><td rowspan="1" colspan="1"><p>Abrangência</p></td><td rowspan="1" colspan="1"><p>Franquias ou Isenções Adicionais à Res. 61/2021</p></td><td rowspan="1" colspan="1"><p>Regras de Aplicação Adicionais à Res. 61/2021</p></td></tr><tr><td rowspan="1" colspan="1"><p>Tabela I - Infraestrutura de Acesso Aquaviário</p></td><td rowspan="1" colspan="1"><p>---</p></td><td rowspan="1" colspan="1"><p>1. A operação de navios de guerra de bandeira brasileira e da Autoridade Marítima, assim como a operação de navios de guerra de bandeira estrangeira, a convite da Marinha do Brasil, salvo quando em missão comercial;</p></td><td rowspan="1" colspan="1"><p>4. As tarifas referentes aos itens 1 e 3 desta tabela não se aplicam às embarcações de porte bruto abaixo de 5.000 TPB/DWT.</p></td></tr><tr><td rowspan="1" colspan="1" /><td rowspan="1" colspan="1" /><td rowspan="1" colspan="1"><p>(...)</p></td><td rowspan="1" colspan="1"><p>5. As tarifas referentes ao item 3 são aplicáveis a toda embarcação que utilizar as áreas de fundeio:</p></td></tr><tr><td rowspan="1" colspan="1" /><td rowspan="1" colspan="1" /><td rowspan="1" colspan="1"><p>8. As embarcações de movimentação de mercadoria quando fundeadas por espera para atracação e desde que previstas no line up, estão isentas da cobrança do item 3.2 da modalidade 3 desta Tabela.</p></td><td rowspan="1" colspan="1"><p>a) Embarcações que realizarem operação de movimentação de mercadoria, desde que autorizadas pela Autoridade Portuária e nas áreas de fundeio definidas pela mesma, serão tarifadas pelo item 3.1;</p></td></tr><tr><td rowspan="1" colspan="1" /><td rowspan="1" colspan="1" /><td rowspan="1" colspan="1"><p></p></td><td rowspan="1" colspan="1"><p>b) Embarcações fundeadas para manutenção ou por conveniência de seu armador ou preposto nas áreas definidas pela Autoridade Portuária serão tarifadas pelo item 3.2.</p></td></tr><tr><td rowspan="1" colspan="1" /><td rowspan="1" colspan="1" /><td rowspan="1" colspan="1"><p></p></td><td rowspan="1" colspan="1"><p>6. As tarifas desta tabela deverão ser aplicadas aos portos de Itaituba e Altamira, administrados pela CDP, podendo ser aplicados descontos específicos para essas instalações.</p></td></tr><tr><td rowspan="1" colspan="1"><p>Tabela II - Instalações de Acostagem</p></td><td rowspan="1" colspan="1"><p>---</p></td><td rowspan="1" colspan="1"><p>1. A operação de navios de guerra de bandeira brasileira e da Autoridade Marítima, assim como a operação de navios de guerra de bandeira estrangeira, à convite da Marinha do Brasil, salvo quando em missão comercial;</p></td><td rowspan="1" colspan="1"><p>1. As tarifas desta tabela serão fixadas por metro linear de instalação ocupada por embarcação, por hora ou fração de hora, cumulativamente. Neste caso, entende-se por instalação ocupada a LOA da embarcação acrescida de 10%, considerando a projeção das amarras;</p></td></tr><tr><td rowspan="1" colspan="1" /><td rowspan="1" colspan="1" /><td rowspan="1" colspan="1" /><td rowspan="1" colspan="1"><p>(...)</p></td></tr><tr><td rowspan="1" colspan="1" /><td rowspan="1" colspan="1" /><td rowspan="1" colspan="1" /><td rowspan="1" colspan="1"><p>9. As tarifas desta tabela deverão ser aplicadas aos portos de Itaituba e Altamira, administrados pela CDP, podendo ser aplicados descontos específicos para essas instalações.</p></td></tr><tr><td rowspan="1" colspan="1"><p>Tabela III - Infraestrutura Operacional ou Terrestre</p></td><td rowspan="1" colspan="1"><p>---</p></td><td rowspan="1" colspan="1"><p>---</p></td><td rowspan="1" colspan="1"><p>2. Excluído</p></td></tr><tr><td rowspan="1" colspan="1" /><td rowspan="1" colspan="1" /><td rowspan="1" colspan="1" /><td rowspan="1" colspan="1"><p>3. Excluído</p></td></tr><tr><td rowspan="1" colspan="1" /><td rowspan="1" colspan="1" /><td rowspan="1" colspan="1" /><td rowspan="1" colspan="1"><p>5. Na movimentação de mercadorias consideradas insalubres, nocivas ou perigosas, em virtude de sua natureza e embalagem ou ambiente em que forem movimentadas, as tarifas desta tabela serão acrescidas de 0%.</p></td></tr><tr><td rowspan="1" colspan="1" /><td rowspan="1" colspan="1" /><td rowspan="1" colspan="1" /><td rowspan="1" colspan="1"><p>(...)</p></td></tr><tr><td rowspan="1" colspan="1" /><td rowspan="1" colspan="1" /><td rowspan="1" colspan="1" /><td rowspan="1" colspan="1"><p>8. As tarifas desta tabela aplicam-se por tonelada, ao peso bruto das mercadorias de natureza carga geral e granel e por unidade de container cheio ou vazio, quando transportadas em veículos, levando-se em conta a própria embalagem ou acessório para acondicionamento, não sendo considerada a tara do veículo transportador e cavalo mecânico, no caso do sistema roll-on roll-off;</p></td></tr><tr><td rowspan="1" colspan="1" /><td rowspan="1" colspan="1" /><td rowspan="1" colspan="1" /><td rowspan="1" colspan="1"><p>9. Não se aplica ao pagamento das tarifas desta tabela:</p></td></tr><tr><td rowspan="1" colspan="1" /><td rowspan="1" colspan="1" /><td rowspan="1" colspan="1" /><td rowspan="1" colspan="1"><p>a) Volumes de cabine que constituírem bagagem de passageiros e tripulantes (bagagem acompanhada);</p></td></tr><tr><td rowspan="1" colspan="1" /><td rowspan="1" colspan="1" /><td rowspan="1" colspan="1" /><td rowspan="1" colspan="1"><p>b) Volumes que contenham amostras de nenhum ou pequeno valor, conforme despacho aduaneiro ou documento de desembaraço equivalente.</p></td></tr><tr><td rowspan="1" colspan="1" /><td rowspan="1" colspan="1" /><td rowspan="1" colspan="1" /><td rowspan="1" colspan="1"><p>10. As tarifas desta tabela deverão ser aplicadas aos portos de Itaituba e Altamira, administrados pela CDP, podendo ser aplicados descontos específicos para essas instalações.</p></td></tr><tr><td rowspan="1" colspan="1"><p>Tabela IV - Movimentação de Cargas</p></td><td rowspan="1" colspan="1"><p>---.</p></td><td rowspan="1" colspan="1"><p>---</p></td><td rowspan="1" colspan="1"><p>6. Na paralisação de serviço por tempo superior a 60 minutos, será cobrada do requisitante a despesa integral do pessoal que permanecer inativo, quando a paralisação ocorrer por motivo de sua responsabilidade. No caso de a paralisação ocorrer por motivo de chuva ou de força maior, será cobrada do requisitante 0% da despesa do pessoal que permanecer inativo;</p></td></tr><tr><td rowspan="1" colspan="1" /><td rowspan="1" colspan="1" /><td rowspan="1" colspan="1" /><td rowspan="1" colspan="1"><p>7. As tarifas desta tabela, quando incidentes sobre mercadoria insalubre, nociva ou perigosa, que determine pagamento de adicional de risco ao pessoal envolvido na sua operação, serão acrescidas de 40%;</p></td></tr><tr><td rowspan="1" colspan="1" /><td rowspan="1" colspan="1" /><td rowspan="1" colspan="1" /><td rowspan="1" colspan="1"><p>8. As tarifas desta tabela serão majoradas em até 80% quando aplicadas nos serviços prestados em feriados ou horários noturnos;</p></td></tr><tr><td rowspan="1" colspan="1" /><td rowspan="1" colspan="1" /><td rowspan="1" colspan="1" /><td rowspan="1" colspan="1"><p>(...)</p></td></tr><tr><td rowspan="1" colspan="1" /><td rowspan="1" colspan="1" /><td rowspan="1" colspan="1" /><td rowspan="1" colspan="1"><p>11. As tarifas desta Tabela serão aplicadas na forma Convencional;</p></td></tr><tr><td rowspan="1" colspan="1" /><td rowspan="1" colspan="1" /><td rowspan="1" colspan="1" /><td rowspan="1" colspan="1"><p>12. As tarifas desta tabela deverão ser aplicadas aos portos de Itaituba e Altamira, administrados pela CDP, podendo ser aplicados descontos específicos para essas instalações.</p></td></tr><tr><td rowspan="1" colspan="1"><p>Tabela V - Utilização de Infraestrutura de Armazenagem</p></td><td rowspan="1" colspan="1"><p>---</p></td><td rowspan="1" colspan="1"><p>3. As mercadorias nacionais de exportação, desde que o embarque tenha lugar até o 10º dia contado da data do seu recebimento pela Administração Portuária. Neste caso, exclui-se da contagem o dia do recebimento e inclui-se o dia do embarque da mercadoria;</p></td><td rowspan="1" colspan="1"><p>11. As mercadorias de exportação serão consideradas abandonadas quando os respectivos donos deixarem de pagar as tarifas de armazenagem pelo prazo de 90 dias corridos;</p></td></tr><tr><td rowspan="1" colspan="1" /><td rowspan="1" colspan="1" /><td rowspan="1" colspan="1" /><td rowspan="1" colspan="1"><p>(...)</p></td></tr><tr><td rowspan="1" colspan="1" /><td rowspan="1" colspan="1" /><td rowspan="1" colspan="1" /><td rowspan="1" colspan="1"><p>13. As tarifas desta tabela quando incidentes sobre mercadoria insalubre, nociva ou perigosa, que determine pagamento de adicional de risco ao pessoal envolvido na sua operação, serão acrescidas de 100%;</p></td></tr><tr><td rowspan="1" colspan="1" /><td rowspan="1" colspan="1" /><td rowspan="1" colspan="1" /><td rowspan="1" colspan="1"><p>14. As tarifas desta tabela remuneram as atividades prestadas os dias úteis, no horário comercial. Quando prestadas no Sábado, serão acrescidas de 0%. Quando prestadas em feriados ou em horário extraordinário, serão acrescidas de 0%;</p></td></tr><tr><td rowspan="1" colspan="1" /><td rowspan="1" colspan="1" /><td rowspan="1" colspan="1" /><td rowspan="1" colspan="1"><p>15. A partir da emissão da fatura dos serviços, fica assegurado o prazo de 0 dias para retirada das mercadorias sem incidência de tarifas de armazenagem;</p></td></tr><tr><td rowspan="1" colspan="1" /><td rowspan="1" colspan="1" /><td rowspan="1" colspan="1" /><td rowspan="1" colspan="1"><p>(...)</p></td></tr><tr><td rowspan="1" colspan="1" /><td rowspan="1" colspan="1" /><td rowspan="1" colspan="1" /><td rowspan="1" colspan="1"><p>17. As tarifas desta tabela deverão ser aplicadas aos portos de Itaituba e Altamira, administrados pela CDP, podendo ser aplicados descontos específicos para essas instalações.</p></td></tr><tr><td rowspan="1" colspan="1"><p>Tabela VII - Diversos Padronizados</p></td><td rowspan="1" colspan="1"><p>---</p></td><td rowspan="1" colspan="1"><p>---</p></td><td rowspan="1" colspan="1"><p>2. A utilização de áreas prevista nas modalidades 10, 11, 14 e 15 desta tabela fica condicionada à existência de espaços não necessários à operação portuária, ao uso de curta duração, bem como a outros regramentos estabelecidos pela Administração Portuária;</p></td></tr><tr><td rowspan="1" colspan="1" /><td rowspan="1" colspan="1" /><td rowspan="1" colspan="1" /><td rowspan="1" colspan="1"><p>(...)</p></td></tr><tr><td rowspan="1" colspan="1" /><td rowspan="1" colspan="1" /><td rowspan="1" colspan="1" /><td rowspan="1" colspan="1"><p>4. As tarifas desta tabela, quando incidentes sobre mercadoria insalubre, nociva ou perigosa, que determine pagamento de adicional de risco ao pessoal envolvido na sua operação, serão acrescidas de 0%.</p></td></tr><tr><td rowspan="1" colspan="1" /><td rowspan="1" colspan="1" /><td rowspan="1" colspan="1" /><td rowspan="1" colspan="1"><p>5. As tarifas desta tabela deverão ser aplicadas aos portos de Itaituba e Altamira, administrados pela CDP, podendo ser aplicados descontos específicos para essas instalações.</p></td></tr><tr><td rowspan="1" colspan="1"><p>Tabela VIII - Uso Temporário e Arrendamento Realizado com Base em Estudos Simplificados</p></td><td rowspan="1" colspan="1"><p>As tarifas desta tabela remuneram a utilização de áreas e instalações portuárias operacionais sob gestão da administração portuária, contidas na poligonal do porto organizado,</p></td><td rowspan="1" colspan="1"><p>---</p></td><td rowspan="1" colspan="1"><p>---</p></td></tr><tr><td rowspan="1" colspan="1" /><td rowspan="1" colspan="1"><p>pelo interessado na movimentação e armazenagem de cargas com mercado não consolidado no porto, ou por detentor de contrato de prestação de</p></td><td rowspan="1" colspan="1" /><td rowspan="1" colspan="1"><p></p></td></tr><tr><td rowspan="1" colspan="1" /><td rowspan="1" colspan="1"><p>serviços destinados às plataformas offshore, mediante o pagamento das tarifas portuárias pertinentes e celebração de contrato de uso temporário. Remunera também os</p></td><td rowspan="1" colspan="1" /><td rowspan="1" colspan="1"><p></p></td></tr><tr><td rowspan="1" colspan="1" /><td rowspan="1" colspan="1"><p>contratos de arrendamento elaborados com base em Estudo Simplificado, conforme estabelecido pela ANTAQ.</p></td><td rowspan="1" colspan="1"><p></p></td><td rowspan="1" colspan="1"><p></p></td></tr></table><p class="assina">EDUARDO NERY MACHADO FILHO</p><p></p>]]></Texto>
  </body>
  <Midias />
</article></xml>