﻿<xml><article id="27704988" name="RETIFICAAAO__Y6TIKO" idOficio="7355153" pubName="DO1" artType="Retificação" pubDate="25/08/2022" artClass="00027:00052:00007:00000:00000:00000:00000:00000:00000:00000:00066:00000" artCategory="Ministério do Trabalho e Previdência/Superintendência Nacional de Previdência Complementar/Coordenações-Gerais" artSize="12" artNotes="" numberPage="284" pdfPage="http://pesquisa.in.gov.br/imprensa/jsp/visualiza/index.jsp?data=25/08/2022&amp;jornal=515&amp;pagina=284" editionNumber="162" highlightType="" highlightPriority="" highlight="" highlightimage="" highlightimagename="" idMateria="14835999">
  <body>
    <Identifica><![CDATA[ RETIFICAÇÃO]]></Identifica>
    <Data><![CDATA[]]></Data>
    <Ementa />
    <Titulo />
    <SubTitulo />
    <Texto><![CDATA[<p class="identifica">RETIFICAÇÃO</p><p>Na Resolução Previc nº 12, de 16 de agosto de 2022, publicada no DOU nº 158, de 19/08/2022, seção 1, pág. 85, onde se lê: "Resolução CMN nº 4.661, de 25 de maio de 2018", leia-se: "Resolução CMN nº 4.994, de 24 de março de 2022".</p>]]></Texto>
  </body>
  <Midias />
</article></xml>