﻿<xml><article id="27695912" name="DECISAO SUROD NA 238" idOficio="7353275" pubName="DO1" artType="Decisão" pubDate="25/08/2022" artClass="00019:00036:00051:00000:00000:00000:00000:00000:00000:00000:00018:00000" artCategory="Ministério da Infraestrutura/Agência Nacional de Transportes Terrestres/Superintendência de Infraestrutura Rodoviária" artSize="24" artNotes="" numberPage="244" pdfPage="http://pesquisa.in.gov.br/imprensa/jsp/visualiza/index.jsp?data=25/08/2022&amp;jornal=515&amp;pagina=244" editionNumber="162" highlightType="" highlightPriority="" highlight="" highlightimage="" highlightimagename="" idMateria="14833561">
  <body>
    <Identifica><![CDATA[ DECISÃO SUROD Nº 238, DE 17 DE AGOSTO DE 2022]]></Identifica>
    <Data><![CDATA[]]></Data>
    <Ementa><![CDATA[ Autoriza a obra de acesso na rodovia BR-116/BA, sob concessão à ViaBahia Concessionária de Rodovias S/A - VIABAHIA - Interessado: Macaubense Comércio de Derivados de Petróleo LTDA.]]></Ementa>
    <Titulo />
    <SubTitulo />
    <Texto><![CDATA[<p class="identifica">DECISÃO SUROD Nº 238, DE 17 DE AGOSTO DE 2022</p><p class="ementa">Autoriza a obra de acesso na rodovia BR-116/BA, sob concessão à ViaBahia Concessionária de Rodovias S/A - VIABAHIA - Interessado: Macaubense Comércio de Derivados de Petróleo LTDA.</p><p>O Superintendente de Infraestrutura Rodoviária, da Agência Nacional de Transportes Terrestres - ANTT, no uso de suas atribuições e em conformidade com a Resolução ANTT nº 5.818, de 03 de maio de 2018, complementada com a Resolução nº 5.963, de 10 de março de 2022 e Portaria SUINF nº 28, de 07/02/2019, fundamentado no que consta do Processo nº 50500.120468/2022-71, decide:</p><p>Art.1º Autorizar a implantação da obra de implantação de acesso, relativa a Projeto de Interesse de Terceiro - PIT, situada na faixa de domínio da Rodovia BR-116/BA, sob concessão à ViaBahia Concessionária de Rodovias S/A - VIABAHIA, entre o km 472+250 e o km 472+500, sentido sul, no município de Santo Estevão/BA, de interesse de Macaubense Comércio de Derivados de Petróleo LTDA.</p><p>Art. 2º O início da obra objeto desta Decisão está condicionado à assinatura prévia do Contrato de Permissão Especial de Uso - CPEU a ser firmado entre a Macaubense Comércio de Derivados de Petróleo LTDA e a ViaBahia Concessionária de Rodovias S/A - VIABAHIA e que trará as particularidades e obrigações entre as partes.</p><p>Art. 3º Esta Decisão não exime o interessado da obtenção dos licenciamentos e demais cumprimentos obrigacionais junto aos demais órgãos da administração pública, necessários à efetivação das obras.</p><p>Art. 4º A autorização concedida por meio desta Decisão tem caráter precário, podendo ser revogada de acordo com critérios de conveniência e necessidade da ANTT.</p><p>Parágrafo Único. A localização da obra está descrita no quadro de coordenadas anexo a esta Decisão.</p><p>Art. 5º Esta Decisão entra em vigor na data de sua publicação.</p><p class="assina">ROGER DA SILVA PÊGAS</p><p></p><p class="anexo">ANEXO</p><p /><p></p><table><tr /><tr><td rowspan="1" colspan="6"><p>QUADRO DE COORDENADAS (MEMORIAL DESCRITIVO)</p></td></tr><tr><td rowspan="1" colspan="2"><p>TÍTULO DA OBRA: Readequação de acesso</p></td><td rowspan="1" colspan="4"><p>Projeto de Interesse de Terceiro - PIT - Macaubense Comércio de Derivados de Petróleo LTDA.</p></td></tr><tr><td rowspan="1" colspan="2"><p>SISTEMA GEODÉSICO DE REFERÊNCIA:</p></td><td rowspan="1" colspan="1"><p>SIRGAS 2000</p></td><td rowspan="1" colspan="1"><p>FUSO(S): 22</p></td><td rowspan="1" colspan="1"><p>SISTEMA DE COORDENADAS:</p></td><td rowspan="1" colspan="1"><p>UTM</p></td></tr><tr><td rowspan="1" colspan="6"><p>ÁREA 01</p></td></tr><tr><td rowspan="1" colspan="3"><p>VÉRTICES</p></td><td rowspan="1" colspan="1"><p>AZIMUTE</p></td><td rowspan="1" colspan="1"><p>DISTÂNCIA (m)</p></td><td rowspan="1" colspan="1"><p>ÁREA OCUPADA NA FAIXA DE DOMÍNIO (m²)</p></td></tr><tr><td rowspan="1" colspan="1"><p>PONTOS</p></td><td rowspan="1" colspan="2"><p>COORDENADAS</p></td><td rowspan="1" colspan="1" /><td rowspan="1" colspan="1" /><td rowspan="1" colspan="1" /></tr><tr><td rowspan="1" colspan="1" /><td rowspan="1" colspan="1"><p>E</p></td><td rowspan="1" colspan="1"><p>N</p></td><td rowspan="1" colspan="1" /><td rowspan="1" colspan="1" /><td rowspan="1" colspan="1" /></tr><tr><td rowspan="1" colspan="1"><p>P1</p></td><td rowspan="1" colspan="1"><p>464.012,1935</p></td><td rowspan="1" colspan="1"><p>8.619.201,4130</p></td><td rowspan="1" colspan="1"><p>243°27'21"</p></td><td rowspan="1" colspan="1"><p>84,96</p></td><td rowspan="1" colspan="1"><p>8.562,71</p></td></tr><tr><td rowspan="1" colspan="1"><p>P2</p></td><td rowspan="1" colspan="1"><p>463.936,1234</p></td><td rowspan="1" colspan="1"><p>8.619.163,4130</p></td><td rowspan="1" colspan="1"><p>243°09'20"</p></td><td rowspan="1" colspan="1"><p>60,40</p></td><td rowspan="1" colspan="1" /></tr><tr><td rowspan="1" colspan="1"><p>P3</p></td><td rowspan="1" colspan="1"><p>463.882,6568</p></td><td rowspan="1" colspan="1"><p>8.619.136,3285</p></td><td rowspan="1" colspan="1"><p>266°01'06"</p></td><td rowspan="1" colspan="1"><p>19,47</p></td><td rowspan="1" colspan="1" /></tr><tr><td rowspan="1" colspan="1"><p>P4</p></td><td rowspan="1" colspan="1"><p>463.846,3694</p></td><td rowspan="1" colspan="1"><p>8.619.141,0560</p></td><td rowspan="1" colspan="1"><p>289°47'51"</p></td><td rowspan="1" colspan="1"><p>170,65</p></td><td rowspan="1" colspan="1" /></tr><tr><td rowspan="1" colspan="1"><p>P5</p></td><td rowspan="1" colspan="1"><p>463.677,7913</p></td><td rowspan="1" colspan="1"><p>8.619.055,6182</p></td><td rowspan="1" colspan="1"><p>243°07'24"</p></td><td rowspan="1" colspan="1"><p>507,73</p></td><td rowspan="1" colspan="1" /></tr><tr><td rowspan="1" colspan="1"><p>P6</p></td><td rowspan="1" colspan="1"><p>463.670,8722</p></td><td rowspan="1" colspan="1"><p>8.619.036,6040</p></td><td rowspan="1" colspan="1"><p>199°59'46"</p></td><td rowspan="1" colspan="1"><p>20,23</p></td><td rowspan="1" colspan="1" /></tr><tr><td rowspan="1" colspan="1"><p>P7</p></td><td rowspan="1" colspan="1"><p>463.658,6156</p></td><td rowspan="1" colspan="1"><p>8.619.022,9180</p></td><td rowspan="1" colspan="1"><p>221°58'10"</p></td><td rowspan="1" colspan="1"><p>18,30</p></td><td rowspan="1" colspan="1" /></tr><tr><td rowspan="1" colspan="1"><p>P8</p></td><td rowspan="1" colspan="1"><p>463.486,8484</p></td><td rowspan="1" colspan="1"><p>8.618.930,6862</p></td><td rowspan="1" colspan="1"><p>241°44'52"</p></td><td rowspan="1" colspan="1"><p>195,02</p></td><td rowspan="1" colspan="1" /></tr><tr><td rowspan="1" colspan="1"><p>P9</p></td><td rowspan="1" colspan="1"><p>463.413,9846</p></td><td rowspan="1" colspan="1"><p>8.618.886,4548</p></td><td rowspan="1" colspan="1"><p>238°44'25"</p></td><td rowspan="1" colspan="1"><p>85,02</p></td><td rowspan="1" colspan="1" /></tr><tr><td rowspan="1" colspan="1"><p>P10</p></td><td rowspan="1" colspan="1"><p>464.014,0473</p></td><td rowspan="1" colspan="1"><p>8.619.197,8025</p></td><td rowspan="1" colspan="1"><p>62°34'40"</p></td><td rowspan="1" colspan="1"><p>675,87</p></td><td rowspan="1" colspan="1" /></tr><tr><td rowspan="1" colspan="1"><p>P11</p></td><td rowspan="1" colspan="1"><p>464.012,1935</p></td><td rowspan="1" colspan="1"><p>8.619.201,4130</p></td><td rowspan="1" colspan="1"><p>333°27'21"</p></td><td rowspan="1" colspan="1"><p>4,06</p></td><td rowspan="1" colspan="1" /></tr></table>]]></Texto>
  </body>
  <Midias />
</article></xml>