﻿<xml><article id="27703753" name="resolucao_2776_2022 COAFE" idOficio="7354941" pubName="DO1" artType="Resolução" pubDate="25/08/2022" artClass="00026:00034:00016:00006:00002:00000:00000:00000:00000:00000:00064:32776" artCategory="Ministério da Saúde/Agência Nacional de Vigilância Sanitária/4ª Diretoria/Gerência-Geral de Inspeção e Fiscalização Sanitária/Coordenação de Autorização de Funcionamento de Empresas" artSize="12" artNotes="" numberPage="276" pdfPage="http://pesquisa.in.gov.br/imprensa/jsp/visualiza/index.jsp?data=25/08/2022&amp;jornal=515&amp;pagina=276" editionNumber="162" highlightType="" highlightPriority="" highlight="" highlightimage="" highlightimagename="" idMateria="14835565">
  <body>
    <Identifica><![CDATA[ RESOLUÇÃO-RE Nº 2.776, DE 24 DE AGOSTO DE 2022]]></Identifica>
    <Data><![CDATA[]]></Data>
    <Ementa />
    <Titulo />
    <SubTitulo />
    <Texto><![CDATA[<p class="identifica">RESOLUÇÃO-RE Nº 2.776, DE 24 DE AGOSTO DE 2022</p><p>O Coordenador de Autorização de Funcionamento de Empresas, no uso das atribuições que lhe confere o Art. 144, aliado ao art. 203, I, §1° do Regimento Interno aprovado pela Resolução de Diretoria Colegiada - RDC n° 585, de 10 de dezembro de 2021, resolve:</p><p>Art. 1º Alterar a Autorização de Funcionamento das Empresas constantes no anexo desta Resolução.</p><p>Art. 2º Esta Resolução entra em vigor na data de sua publicação.</p><p class="assina">DANIEL MARCOS PEREIRA DOURADO</p><p class="anexo">ANEXO</p><p>K R SILVA DROGARIA LTDA / 44.262.874/0001-92</p><p>25351.092263/2022-00 / 7913466</p><p>7111 - AFE - ALTERAÇÃO - FARMÁCIAS E DROGARIAS - AMPLIAÇÃO DE ATIVIDADES / 4399793227</p><p>--------------------------------------</p><p>JD DROGARIA E PERFUMARIA LTDA ME / 31.289.578/0001-33</p><p>25351.658204/2019-01 / 7692230</p><p>7113 - AFE - ALTERAÇÃO - FARMÁCIAS E DROGARIAS - ENDEREÇO / 4560962224</p><p>--------------------------------------</p><p>GAMMA CRUCIS COMERCIO ATACADISTA, IMPORTACAO E DISTRIBUICAO LTDA - ME / 23.864.965/0001-28</p><p>25351.085055/2017-01 / 8149957</p><p>866 - AFE - ALTERAÇÃO - PRODUTOS PARA SAÚDE - ENDEREÇO / 4419792221</p><p>--------------------------------------</p><p>DMTOP COMÉRCIO DE MEDICAMENTOS E COSMÉTICOS LTDA / 06.271.093/0097-17</p><p>25351.417253/2018-05 / 7599140</p><p>7111 - AFE - ALTERAÇÃO - FARMÁCIAS E DROGARIAS - AMPLIAÇÃO DE ATIVIDADES / 4333912223</p><p>--------------------------------------</p><p>HUNTER TRANSPORTES E LOGISTICA LTDA / 15.437.790/0001-44</p><p>25351.330843/2019-05 / 4010868</p><p>7170 - AFE - ALTERAÇÃO - COSMÉTICOS, PERFUMES E PRODUTOS DE HIGIENE - AMPLIAÇÃO OU REDUÇÃO DE ATIVIDADES / 4455504222</p><p>--------------------------------------</p><p>ADRIANO G BATAGLIOTTI DROGARIA LTDA / 46.009.268/0001-95</p><p>25351.140299/2022-07 / 7917241</p><p>7111 - AFE - ALTERAÇÃO - FARMÁCIAS E DROGARIAS - AMPLIAÇÃO DE ATIVIDADES / 4560092229</p><p>--------------------------------------</p><p>prime farma ltda / 39.534.407/0001-34</p><p>25351.938483/2021-09 / 7786368</p><p>7113 - AFE - ALTERAÇÃO - FARMÁCIAS E DROGARIAS - ENDEREÇO / 4399807221</p><p>--------------------------------------</p><p>Prime Healthcare Importação e Exportação Ltda / 38.311.975/0001-03</p><p>25351.267611/2022-09 / 3112750</p><p>716 - AFE - ALTERAÇÃO - SANEANTES DOMISSANITÁRIOS - AMPLIAÇÃO OU REDUÇÃO DE ATIVIDADES / 1519641222</p><p>--------------------------------------</p><p>CSL BEHRING COMERCIO DE PRODUTOS FARMACEUTICOS LTDA / 62.969.589/0016-74</p><p>25351.180888/2022-10 / 8252048</p><p>867 - AFE - ALTERAÇÃO - PRODUTOS PARA SAÚDE - AMPLIAÇÃO OU REDUÇÃO DE ATIVIDADES / 4406166220</p><p>25351.180888/2022-10 / 8252048</p><p>867 - AFE - ALTERAÇÃO - PRODUTOS PARA SAÚDE - AMPLIAÇÃO OU REDUÇÃO DE ATIVIDADES / 4406083227</p><p>--------------------------------------</p><p>QUALIMPEL INDUSTRIA QUIMICA LTDA ME / 06.043.567/0001-21</p><p>25351.132809/2012-10 / 3052545</p><p>716 - AFE - ALTERAÇÃO - SANEANTES DOMISSANITÁRIOS - AMPLIAÇÃO OU REDUÇÃO DE ATIVIDADES / 4466178224</p><p>--------------------------------------</p><p>FARMACIA DIARIAMENTE COMERCIO DE MEDICAMENTOS LTDA / 05.240.070/0011-02</p><p>25351.441269/2019-10 / 7671214</p><p>7113 - AFE - ALTERAÇÃO - FARMÁCIAS E DROGARIAS - ENDEREÇO / 4560918227</p><p>--------------------------------------</p><p>CSL BEHRING COMERCIO DE PRODUTOS FARMACEUTICOS LTDA / 62.969.589/0016-74</p><p>25351.180888/2022-10 / 8252048</p><p>867 - AFE - ALTERAÇÃO - PRODUTOS PARA SAÚDE - AMPLIAÇÃO OU REDUÇÃO DE ATIVIDADES / 4405883220</p><p>--------------------------------------</p><p>HAKA CIRURGICA LTDA / 21.187.655/0001-90</p><p>25351.070772/2015-11 / 8117866</p><p>829 - AFE - ALTERAÇÃO - PRODUTOS PARA SAÚDE - RAZÃO SOCIAL / 4455685227</p><p>--------------------------------------</p><p>DROGARIA ROSARIO SA / 00.447.821/0028-90</p><p>25351.263895/2010-12 / 0662722</p><p>7113 - AFE - ALTERAÇÃO - FARMÁCIAS E DROGARIAS - ENDEREÇO / 4559793226</p><p>--------------------------------------</p><p>DROGARIA ALTA MOGIANA LTDA ME / 05.808.953/0001-02</p><p>25351.659857/2013-12 / 7020642</p><p>7113 - AFE - ALTERAÇÃO - FARMÁCIAS E DROGARIAS - ENDEREÇO / 4399813225</p><p>--------------------------------------</p><p>MEDARTIS IMPORTACAO E EXPORTACAO LTDA / 07.021.336/0001-80</p><p>25351.359444/2005-12 / 8027181</p><p>866 - AFE - ALTERAÇÃO - PRODUTOS PARA SAÚDE - ENDEREÇO / 4506325222</p><p>--------------------------------------</p><p>PUCMED EIRELI / 22.424.549/0001-46</p><p>25351.203865/2018-12 / 7579164</p><p>7110 - AFE - ALTERAÇÃO - FARMÁCIAS E DROGARIAS - RAZÃO SOCIAL / 4561825229</p><p>--------------------------------------</p><p>RAIA DROGASIL S/A FILIAL 386 / 61.585.865/0469-09</p><p>25351.418466/2014-12 / 7236984</p><p>7113 - AFE - ALTERAÇÃO - FARMÁCIAS E DROGARIAS - ENDEREÇO / 4550724224</p><p>--------------------------------------</p><p>PUCMED EIRELI / 22.424.549/0001-46</p><p>25351.203865/2018-12 / 7579164</p><p>7113 - AFE - ALTERAÇÃO - FARMÁCIAS E DROGARIAS - ENDEREÇO / 4561828223</p><p>--------------------------------------</p><p>DV MEDIC COMERCIO DE MATERIAIS CIRURGICOS LTDA / 43.736.949/0001-67</p><p>25351.491807/2022-12 / 8247922</p><p>829 - AFE - ALTERAÇÃO - PRODUTOS PARA SAÚDE - RAZÃO SOCIAL / 4466259224</p><p>--------------------------------------</p><p>HUNTER TRANSPORTES E LOGISTICA LTDA / 15.437.790/0001-44</p><p>25351.330818/2019-13 / 1189483</p><p>70792 - AFE - ALTERAÇÃO - MEDICAMENTOS E/OU INSUMOS FARMACÊUTICOS - AMPLIAÇÃO DE ATIVIDADES / 4455452222</p><p>--------------------------------------</p><p>Dental Sul Produtos Odontológicos Eireli / 10.600.372/0001-02</p><p>25351.459596/2014-14 / 8109190</p><p>867 - AFE - ALTERAÇÃO - PRODUTOS PARA SAÚDE - AMPLIAÇÃO OU REDUÇÃO DE ATIVIDADES / 4420123222</p><p>--------------------------------------</p><p>ASSET QUIMICA LTDA / 33.114.341/0001-47</p><p>25351.957839/2020-14 / 4024849</p><p>724 - AFE - ALTERAÇÃO - COSMÉTICOS, PERFUMES E PRODUTOS DE HIGIENE - RAZÃO SOCIAL / 4447176220</p><p>--------------------------------------</p><p>G. SILVA TRANSPORTES E LOGÍSTICA LTDA / 33.489.352/0001-01</p><p>25351.016778/2021-14 / 3110148</p><p>716 - AFE - ALTERAÇÃO - SANEANTES DOMISSANITÁRIOS - AMPLIAÇÃO OU REDUÇÃO DE ATIVIDADES / 4455427228</p><p>--------------------------------------</p><p>DROGARIA VIVA MAIS LTDA / 40.044.666/0001-66</p><p>25351.166465/2021-14 / 7791106</p><p>7113 - AFE - ALTERAÇÃO - FARMÁCIAS E DROGARIAS - ENDEREÇO / 4399809227</p><p>--------------------------------------</p><p>BRS QUIMICA LTDA / 10.934.443/0001-03</p><p>25351.423166/2015-15 / 3064633</p><p>716 - AFE - ALTERAÇÃO - SANEANTES DOMISSANITÁRIOS - AMPLIAÇÃO OU REDUÇÃO DE ATIVIDADES / 2989584226</p><p>--------------------------------------</p><p>W. H. GUILHERME RAMOS EIRELI / 29.254.763/0001-40</p><p>25351.004327/2022-15 / 8240955</p><p>867 - AFE - ALTERAÇÃO - PRODUTOS PARA SAÚDE - AMPLIAÇÃO OU REDUÇÃO DE ATIVIDADES / 2476571229</p><p>--------------------------------------</p><p>ORGANIZAÇÃO FARMACÊUTICA NAKANO LTDA. / 03.123.210/0003-27</p><p>25351.181179/2002-16 / 0046731</p><p>7111 - AFE - ALTERAÇÃO - FARMÁCIAS E DROGARIAS - AMPLIAÇÃO DE ATIVIDADES / 4550733223</p><p>25351.181179/2002-16 / 0046731</p><p>7113 - AFE - ALTERAÇÃO - FARMÁCIAS E DROGARIAS - ENDEREÇO / 4550728227</p><p>--------------------------------------</p><p>CIRURGICA DIME HOSP LTDA / 57.571.085/0001-85</p><p>25351.533712/2017-16 / 1169861</p><p>7151 - AFE - ALTERAÇÃO - MEDICAMENTOS E INSUMOS FARMACÊUTICOS - DISTRIBUIDORA - RAZÃO SOCIAL / 1519538227</p><p>--------------------------------------</p><p>EXCLUSIVA COMERCIO DE MATERIAL HOSPITALAR LTDA - ME / 08.562.196/0001-10</p><p>25351.730264/2009-16 / 8060801</p><p>867 - AFE - ALTERAÇÃO - PRODUTOS PARA SAÚDE - AMPLIAÇÃO OU REDUÇÃO DE ATIVIDADES / 4455406221</p><p>--------------------------------------</p><p>ELETROMED ELETRONICA MEDICA LTDA. / 30.707.210/0001-85</p><p>25351.023569/2022-16 / 8249591</p><p>867 - AFE - ALTERAÇÃO - PRODUTOS PARA SAÚDE - AMPLIAÇÃO OU REDUÇÃO DE ATIVIDADES / 4447325225</p><p>--------------------------------------</p><p>yagnolys montes de oca morales drogaria / 35.068.517/0001-05</p><p>25351.812899/2020-17 / 7745873</p><p>7113 - AFE - ALTERAÇÃO - FARMÁCIAS E DROGARIAS - ENDEREÇO / 4553710221</p><p>--------------------------------------</p><p>LEPUGE INSUMOS FARMACEUTICOS LTDA / 57.884.835/0001-79</p><p>25351.413738/2021-17 / 8234717</p><p>866 - AFE - ALTERAÇÃO - PRODUTOS PARA SAÚDE - ENDEREÇO / 4420330228</p><p>--------------------------------------</p><p>ID3C Importadora e Distribuidora Ltda / 38.354.789/0001-51</p><p>25351.036538/2022-17 / 8249941</p><p>867 - AFE - ALTERAÇÃO - PRODUTOS PARA SAÚDE - AMPLIAÇÃO OU REDUÇÃO DE ATIVIDADES / 4419852224</p><p>--------------------------------------</p><p>ANDERSON ANDRE FERREIRA DA SILVA / 40.037.606/0001-16</p><p>25351.527108/2022-18 / 7903303</p><p>7111 - AFE - ALTERAÇÃO - FARMÁCIAS E DROGARIAS - AMPLIAÇÃO DE ATIVIDADES / 4399785226</p><p>--------------------------------------</p><p>FMART VARIEDADES LTDA / 29.766.152/0001-81</p><p>25351.935027/2020-18 / 4024593</p><p>724 - AFE - ALTERAÇÃO - COSMÉTICOS, PERFUMES E PRODUTOS DE HIGIENE - RAZÃO SOCIAL / 4466628220</p><p>25351.935027/2020-18 / 4024593</p><p>751 - AFE - ALTERAÇÃO - COSMÉTICOS, PERFUMES E PRODUTOS DE HIGIENE - ENDEREÇO MATRIZ / 4467178228</p><p>--------------------------------------</p><p>LUMI BRASIL COMERCIO IMPORTACAO E EXPORTACAO DISTRIBUIDORA LTDA / 12.203.719/0001-09</p><p>25351.456433/2020-19 / 4027251</p><p>724 - AFE - ALTERAÇÃO - COSMÉTICOS, PERFUMES E PRODUTOS DE HIGIENE - RAZÃO SOCIAL / 4455435221</p><p>--------------------------------------</p><p>LDR INDUSTRIA E COMERCIO DE PRODUTOS DE LIMPEZA LTDA / 05.739.036/0001-05</p><p>25351.695131/2019-21 / 3091087</p><p>732 - AFE - ALTERAÇÃO - SANEANTES DOMISSANITÁRIOS - RAZÃO SOCIAL / 4420045221</p><p>--------------------------------------</p><p>APOLO HOSPITALAR DISTRIBUICAO COMERCIO IMPORTACAO E EXPORTACAO LTDA / 13.917.345/0001-56</p><p>25351.460299/2015-21 / 2082182</p><p>724 - AFE - ALTERAÇÃO - COSMÉTICOS, PERFUMES E PRODUTOS DE HIGIENE - RAZÃO SOCIAL / 4447726220</p><p>--------------------------------------</p><p>ATIVATEX REAGENTES QUIMICOS EIRELI / 19.515.305/0001-64</p><p>25351.735473/2020-24 / 3096330</p><p>716 - AFE - ALTERAÇÃO - SANEANTES DOMISSANITÁRIOS - AMPLIAÇÃO OU REDUÇÃO DE ATIVIDADES / 4506826221</p><p>--------------------------------------</p><p>MARIANA PEREIRA DE MACEDO FIRMINO - ME / 24.681.325/0001-45</p><p>25351.520508/2017-27 / 7542551</p><p>7113 - AFE - ALTERAÇÃO - FARMÁCIAS E DROGARIAS - ENDEREÇO / 4422963221</p><p>--------------------------------------</p><p>Mais Saude Comercio de Produtos Hospitalares LTDA - ME / 14.261.377/0001-09</p><p>25351.113675/2012-28 / 8084208</p><p>866 - AFE - ALTERAÇÃO - PRODUTOS PARA SAÚDE - ENDEREÇO / 4506691229</p><p>--------------------------------------</p><p>cia latino americana de medicamentos / 84.683.481/0250-80</p><p>25351.242627/2012-29 / 0846635</p><p>7111 - AFE - ALTERAÇÃO - FARMÁCIAS E DROGARIAS - AMPLIAÇÃO DE ATIVIDADES / 4561052225</p><p>--------------------------------------</p><p>rdv farmácia e perfumaria ltda - me / 24.249.069/0001-11</p><p>25351.137105/2016-30 / 7461869</p><p>7111 - AFE - ALTERAÇÃO - FARMÁCIAS E DROGARIAS - AMPLIAÇÃO DE ATIVIDADES / 4399801221</p><p>--------------------------------------</p><p>Minguetto e Minguetto Drogaria Ltda / 29.711.733/0001-16</p><p>25351.241764/2018-31 / 7581579</p><p>7113 - AFE - ALTERAÇÃO - FARMÁCIAS E DROGARIAS - ENDEREÇO / 4554264223</p><p>--------------------------------------</p><p>RISE MEDICAL LTDA / 45.955.087/0001-99</p><p>25351.264476/2022-31 / 8253961</p><p>867 - AFE - ALTERAÇÃO - PRODUTOS PARA SAÚDE - AMPLIAÇÃO OU REDUÇÃO DE ATIVIDADES / 4519346223</p><p>--------------------------------------</p><p>Prime Healthcare Importação e Exportação Ltda / 38.311.975/0001-03</p><p>25351.267607/2022-32 / 4044807</p><p>7170 - AFE - ALTERAÇÃO - COSMÉTICOS, PERFUMES E PRODUTOS DE HIGIENE - AMPLIAÇÃO OU REDUÇÃO DE ATIVIDADES / 1519640226</p><p>--------------------------------------</p><p>STRALOG - SOLUCOES EM LOGISTICA LTDA - EPP / 07.455.240/0001-20</p><p>25351.593301/2019-33 / 1195430</p><p>70792 - AFE - ALTERAÇÃO - MEDICAMENTOS E/OU INSUMOS FARMACÊUTICOS - AMPLIAÇÃO DE ATIVIDADES / 4331449220</p><p>--------------------------------------</p><p>WOUO LOGISTICA E DISTRIBUICAO LTDA / 19.321.940/0001-00</p><p>25351.172456/2022-35 / 4047436</p><p>7170 - AFE - ALTERAÇÃO - COSMÉTICOS, PERFUMES E PRODUTOS DE HIGIENE - AMPLIAÇÃO OU REDUÇÃO DE ATIVIDADES / 4446719220</p><p>25351.172456/2022-35 / 4047436</p><p>7170 - AFE - ALTERAÇÃO - COSMÉTICOS, PERFUMES E PRODUTOS DE HIGIENE - AMPLIAÇÃO OU REDUÇÃO DE ATIVIDADES / 4446720228</p><p>--------------------------------------</p><p>JOELSON FIRME DE BRITO LTDA / 15.623.199/0001-81</p><p>25351.455363/2012-37 / 0860761</p><p>7110 - AFE - ALTERAÇÃO - FARMÁCIAS E DROGARIAS - RAZÃO SOCIAL / 4552186227</p><p>--------------------------------------</p><p>THIAGO T DA SILVA / 23.350.774/0007-33</p><p>25351.090844/2020-37 / 7707882</p><p>7111 - AFE - ALTERAÇÃO - FARMÁCIAS E DROGARIAS - AMPLIAÇÃO DE ATIVIDADES / 4294496221</p><p>--------------------------------------</p><p>ÉDIGE COMÉRCIO DE PRODUTOS PARA SAÚDE LTDA / 26.030.026/0001-76</p><p>25351.010236/2021-38 / 1260612</p><p>70798 - AFE - ALTERAÇÃO - MEDICAMENTOS E/OU INSUMOS FARMACÊUTICOS - ENDEREÇO MATRIZ / 4465202229</p><p>--------------------------------------</p><p>DALA TRANSPORTES LTDA - ME / 14.953.799/0001-45</p><p>25351.974230/2016-39 / 2086184</p><p>751 - AFE - ALTERAÇÃO - COSMÉTICOS, PERFUMES E PRODUTOS DE HIGIENE - ENDEREÇO MATRIZ / 4447912228</p><p>--------------------------------------</p><p>ELIANE ANDRADE FERREIRA DEMENEGHI / 05.554.974/0001-30</p><p>25351.648741/2013-40 / 7041074</p><p>7111 - AFE - ALTERAÇÃO - FARMÁCIAS E DROGARIAS - AMPLIAÇÃO DE ATIVIDADES / 4399789229</p><p>--------------------------------------</p><p>FARMACIA DIARIAMENTE COMERCIO DE MEDICAMENTOS LTDA / 05.240.070/0018-89</p><p>25351.415765/2020-43 / 7764381</p><p>7113 - AFE - ALTERAÇÃO - FARMÁCIAS E DROGARIAS - ENDEREÇO / 4560928224</p><p>--------------------------------------</p><p>LICEMPRE REGULACAO DE EMPRESAS E PRODUTOS LTDA / 24.110.684/0001-42</p><p>25351.036395/2022-43 / 8249910</p><p>829 - AFE - ALTERAÇÃO - PRODUTOS PARA SAÚDE - RAZÃO SOCIAL / 4419920220</p><p>--------------------------------------</p><p>DALA TRANSPORTES LTDA - ME / 14.953.799/0001-45</p><p>25351.974234/2016-45 / 8135641</p><p>866 - AFE - ALTERAÇÃO - PRODUTOS PARA SAÚDE - ENDEREÇO / 4448178226</p><p>--------------------------------------</p><p>DYSC BEAUTY COMÉRCIO E DISTRIBUIDORA DE COSMÉTICOS LTDA / 28.189.078/0001-15</p><p>25351.212397/2022-45 / 3115068</p><p>716 - AFE - ALTERAÇÃO - SANEANTES DOMISSANITÁRIOS - AMPLIAÇÃO OU REDUÇÃO DE ATIVIDADES / 4450049225</p><p>--------------------------------------</p><p>JAC MED DIST DE MEDIC LTDA / 26.651.036/0001-29</p><p>25351.439749/2020-46 / 4020470</p><p>724 - AFE - ALTERAÇÃO - COSMÉTICOS, PERFUMES E PRODUTOS DE HIGIENE - RAZÃO SOCIAL / 4512213228</p><p>--------------------------------------</p><p>Difremel Distribuidora Atacadista Ltda / 93.686.350/0001-34</p><p>25351.568045/2019-46 / 4014570</p><p>751 - AFE - ALTERAÇÃO - COSMÉTICOS, PERFUMES E PRODUTOS DE HIGIENE - ENDEREÇO MATRIZ / 4455485228</p><p>--------------------------------------</p><p>Absoluta Comercio de Produtos Medicos e Hospitalares LTDA / 15.131.757/0001-91</p><p>25351.424447/2012-47 / 8087361</p><p>867 - AFE - ALTERAÇÃO - PRODUTOS PARA SAÚDE - AMPLIAÇÃO OU REDUÇÃO DE ATIVIDADES / 4448133222</p><p>--------------------------------------</p><p>ESFERA MEDICAL EIRELI / 29.455.608/0002-73</p><p>25351.655871/2021-49 / 8226267</p><p>866 - AFE - ALTERAÇÃO - PRODUTOS PARA SAÚDE - ENDEREÇO / 4455448225</p><p>--------------------------------------</p><p>CBEMED COMERCIAL IMPORTADORA E EXPORTADORA LTDA / 26.680.968/0001-08</p><p>25351.295846/2017-49 / 8153597</p><p>866 - AFE - ALTERAÇÃO - PRODUTOS PARA SAÚDE - ENDEREÇO / 4447790220</p><p>--------------------------------------</p><p>ORBISPHARMA DISTRIBUIDORA E LOGISTICA LTDA / 10.585.311/0001-13</p><p>25351.723238/2010-50 / 1086718</p><p>70792 - AFE - ALTERAÇÃO - MEDICAMENTOS E/OU INSUMOS FARMACÊUTICOS - AMPLIAÇÃO DE ATIVIDADES / 4455119221</p><p>--------------------------------------</p><p>DPA DISTRIBUIDORA DE PRODUTOS ALIMENTICIOS, COSMÉTICOS E PERFUMARIA LTDA - ME / 06.174.712/0001-03</p><p>25351.093037/2016-51 / 8137582</p><p>866 - AFE - ALTERAÇÃO - PRODUTOS PARA SAÚDE - ENDEREÇO / 2413959220</p><p>--------------------------------------</p><p>TAUROVITA COMERCIO E IMPORTACAO EIRELI / 10.661.826/0001-55</p><p>25019.015770/2010-51 / 3043817</p><p>714 - AFE - ALTERAÇÃO - SANEANTES DOMISSANITÁRIOS - ENDEREÇO MATRIZ / 4447119226</p><p>--------------------------------------</p><p>MEDSAUDE DISTRIBUIDORA DE MEDICAMENTOS LTDA / 27.844.493/0001-00</p><p>25351.301608/2020-51 / 8199135</p><p>867 - AFE - ALTERAÇÃO - PRODUTOS PARA SAÚDE - AMPLIAÇÃO OU REDUÇÃO DE ATIVIDADES / 4466932221</p><p>--------------------------------------</p><p>PHARMER LTDA / 35.278.586/0001-35</p><p>25351.267068/2021-51 / 8238800</p><p>867 - AFE - ALTERAÇÃO - PRODUTOS PARA SAÚDE - AMPLIAÇÃO OU REDUÇÃO DE ATIVIDADES / 4506694228</p><p>--------------------------------------</p><p>ALVES E OTONI LTDA / 29.840.516/0001-26</p><p>25351.380796/2018-51 / 7595884</p><p>7110 - AFE - ALTERAÇÃO - FARMÁCIAS E DROGARIAS - RAZÃO SOCIAL / 4559877221</p><p>--------------------------------------</p><p>hpf sURGICAL ltda / 68.532.076/0002-82</p><p>25351.550123/2014-53 / 8110823</p><p>867 - AFE - ALTERAÇÃO - PRODUTOS PARA SAÚDE - AMPLIAÇÃO OU REDUÇÃO DE ATIVIDADES / 4512221221</p><p>--------------------------------------</p><p>SALUTIS DA AMAZONIA LTDA / 11.588.333/0001-08</p><p>25351.516689/2022-54 / 3113204</p><p>716 - AFE - ALTERAÇÃO - SANEANTES DOMISSANITÁRIOS - AMPLIAÇÃO OU REDUÇÃO DE ATIVIDADES / 4412349225</p><p>--------------------------------------</p><p>HEMING REPRESENTACAO E ASSESSORIA EM COMERCIO EXTERIOR LTDA / 45.725.886/0001-79</p><p>25351.256848/2022-56 / 8253302</p><p>867 - AFE - ALTERAÇÃO - PRODUTOS PARA SAÚDE - AMPLIAÇÃO OU REDUÇÃO DE ATIVIDADES / 4506814223</p><p>--------------------------------------</p><p>DYSC BEAUTY COMÉRCIO E DISTRIBUIDORA DE COSMÉTICOS LTDA / 28.189.078/0001-15</p><p>25351.210503/2022-56 / 8252494</p><p>867 - AFE - ALTERAÇÃO - PRODUTOS PARA SAÚDE - AMPLIAÇÃO OU REDUÇÃO DE ATIVIDADES / 4448901220</p><p>--------------------------------------</p><p>SAMED MANUTENÇÃO DE EQUIPAMENTOS MEDICO HOSPITALARES LTDA / 23.648.203/0001-94</p><p>25351.193160/2022-58 / 8252537</p><p>7170 - AFE - ALTERAÇÃO - COSMÉTICOS, PERFUMES E PRODUTOS DE HIGIENE - AMPLIAÇÃO OU REDUÇÃO DE ATIVIDADES / 4420160225</p><p>--------------------------------------</p><p>FARMACLIN COMERCIO DE MEDICAMENTOS LTDA / 45.025.529/0001-06</p><p>25351.234759/2022-59 / 7891671</p><p>7113 - AFE - ALTERAÇÃO - FARMÁCIAS E DROGARIAS - ENDEREÇO / 4552163228</p><p>25351.234759/2022-59 / 7891671</p><p>7110 - AFE - ALTERAÇÃO - FARMÁCIAS E DROGARIAS - RAZÃO SOCIAL / 4552159220</p><p>--------------------------------------</p><p>MAGNA INDUSTRIA DE MATERIAIS HOSPITALARES LTDA / 29.791.821/0001-75</p><p>25351.656774/2019-59 / 8191941</p><p>829 - AFE - ALTERAÇÃO - PRODUTOS PARA SAÚDE - RAZÃO SOCIAL / 4448182223</p><p>--------------------------------------</p><p>ELITE - DISTRIBUIDORA DE PRODUTOS PARA A SAUDE LTDA / 34.752.035/0001-07</p><p>25351.658392/2019-60 / 8192046</p><p>829 - AFE - ALTERAÇÃO - PRODUTOS PARA SAÚDE - RAZÃO SOCIAL / 4420377224</p><p>--------------------------------------</p><p>F R SAMPAIO / 32.833.190/0001-14</p><p>25351.570894/2019-60 / 7683455</p><p>7111 - AFE - ALTERAÇÃO - FARMÁCIAS E DROGARIAS - AMPLIAÇÃO DE ATIVIDADES / 4554384224</p><p>--------------------------------------</p><p>SUZANO S.A. / 16.404.287/0001-55</p><p>25351.463766/2019-61 / 4017593</p><p>7170 - AFE - ALTERAÇÃO - COSMÉTICOS, PERFUMES E PRODUTOS DE HIGIENE - AMPLIAÇÃO OU REDUÇÃO DE ATIVIDADES / 4447480221</p><p>--------------------------------------</p><p>ARTHREX DO BRASIL IMPORTACAO E COMERCIO DE EQUIPAMENTOS MÉDICOS LTDA / 18.272.616/0001-87</p><p>25351.508722/2013-61 / 8097856</p><p>867 - AFE - ALTERAÇÃO - PRODUTOS PARA SAÚDE - AMPLIAÇÃO OU REDUÇÃO DE ATIVIDADES / 4506505221</p><p>--------------------------------------</p><p>farmacia do trabalhador universal ltda me / 17.713.839/0001-70</p><p>25351.208725/2016-61 / 7466744</p><p>7113 - AFE - ALTERAÇÃO - FARMÁCIAS E DROGARIAS - ENDEREÇO / 4399820228</p><p>--------------------------------------</p><p>JAMYR VANCONCELLOS S/A / 33.438.250/0201-92</p><p>25351.593153/2013-61 / 7039267</p><p>7111 - AFE - ALTERAÇÃO - FARMÁCIAS E DROGARIAS - AMPLIAÇÃO DE ATIVIDADES / 4399799226</p><p>--------------------------------------</p><p>ENLIFE GROUP LTDA / 09.150.058/0001-96</p><p>25351.541343/2010-61 / 2055389</p><p>7170 - AFE - ALTERAÇÃO - COSMÉTICOS, PERFUMES E PRODUTOS DE HIGIENE - AMPLIAÇÃO OU REDUÇÃO DE ATIVIDADES / 4447514222</p><p>--------------------------------------</p><p>DROGARIA TOTAL POPULAR LTDA / 20.607.433/0001-17</p><p>25351.288297/2015-61 / 7388507</p><p>7113 - AFE - ALTERAÇÃO - FARMÁCIAS E DROGARIAS - ENDEREÇO / 4553176225</p><p>25351.288297/2015-61 / 7388507</p><p>7110 - AFE - ALTERAÇÃO - FARMÁCIAS E DROGARIAS - RAZÃO SOCIAL / 4553173221</p><p>--------------------------------------</p><p>D. DE S. WOBETO PRODUTOS FARMACÊUTICOS EIRELI / 12.772.574/0001-67</p><p>25351.254207/2019-61 / 7651411</p><p>7113 - AFE - ALTERAÇÃO - FARMÁCIAS E DROGARIAS - ENDEREÇO / 4554099223</p><p>--------------------------------------</p><p>VIVALIFT BRASIL LTDA / 38.713.943/0001-34</p><p>25351.264382/2022-62 / 8253944</p><p>867 - AFE - ALTERAÇÃO - PRODUTOS PARA SAÚDE - AMPLIAÇÃO OU REDUÇÃO DE ATIVIDADES / 4533095224</p><p>--------------------------------------</p><p>ORBISPHARMA DISTRIBUIDORA E LOGISTICA LTDA / 10.585.311/0001-13</p><p>25351.722883/2010-63 / 2056765</p><p>7170 - AFE - ALTERAÇÃO - COSMÉTICOS, PERFUMES E PRODUTOS DE HIGIENE - AMPLIAÇÃO OU REDUÇÃO DE ATIVIDADES / 4455310223</p><p>--------------------------------------</p><p>eraldo o de sousa - me / 19.010.876/0001-47</p><p>25351.450779/2014-65 / 7249471</p><p>7111 - AFE - ALTERAÇÃO - FARMÁCIAS E DROGARIAS - AMPLIAÇÃO DE ATIVIDADES / 4207112227</p><p>--------------------------------------</p><p>ORBISPHARMA DISTRIBUIDORA E LOGISTICA LTDA / 10.585.311/0001-13</p><p>25351.722923/2010-67 / 8070608</p><p>867 - AFE - ALTERAÇÃO - PRODUTOS PARA SAÚDE - AMPLIAÇÃO OU REDUÇÃO DE ATIVIDADES / 4455118225</p><p>--------------------------------------</p><p>FARMAUM PB LTDA / 08.966.925/0001-01</p><p>25351.551467/2014-68 / 8110810</p><p>829 - AFE - ALTERAÇÃO - PRODUTOS PARA SAÚDE - RAZÃO SOCIAL / 4506653220</p><p>--------------------------------------</p><p>DPA DISTRIBUIDORA DE PRODUTOS ALIMENTICIOS, COSMÉTICOS E PERFUMARIA LTDA - ME / 06.174.712/0001-03</p><p>25351.093030/2016-68 / 3069020</p><p>714 - AFE - ALTERAÇÃO - SANEANTES DOMISSANITÁRIOS - ENDEREÇO MATRIZ / 2413920226</p><p>--------------------------------------</p><p>SAM MEDIC INDUSTRIA DE EQUIPAMENTOS HOSPITALARES LTDA / 21.983.850/0001-27</p><p>25351.526465/2021-70 / 8235453</p><p>829 - AFE - ALTERAÇÃO - PRODUTOS PARA SAÚDE - RAZÃO SOCIAL / 4455647228</p><p>--------------------------------------</p><p>LABCOR LABORATORIOS LTDA / 19.336.924/0009-49</p><p>25351.036767/2020-70 / 8208971</p><p>867 - AFE - ALTERAÇÃO - PRODUTOS PARA SAÚDE - AMPLIAÇÃO OU REDUÇÃO DE ATIVIDADES / 4338649224</p><p>--------------------------------------</p><p>MAPEMI BRASIL MATERIAIS MÉDICOS E ODONTOLÓGICOS LTDA / 84.487.131/0006-40</p><p>25351.352251/2020-70 / 8199810</p><p>866 - AFE - ALTERAÇÃO - PRODUTOS PARA SAÚDE - ENDEREÇO / 4447402220</p><p>--------------------------------------</p><p>Emedical Host Importacao E Fabricacao De Produtos Medicos Ltda / 38.288.061/0001-79</p><p>25351.135727/2022-71 / 8250797</p><p>867 - AFE - ALTERAÇÃO - PRODUTOS PARA SAÚDE - AMPLIAÇÃO OU REDUÇÃO DE ATIVIDADES / 4325468226</p><p>--------------------------------------</p><p>BINEX PRODUTOS MEDICOS E HOSPITALARES EIRELI / 05.775.405/0001-15</p><p>25351.431218/2019-71 / 8186011</p><p>829 - AFE - ALTERAÇÃO - PRODUTOS PARA SAÚDE - RAZÃO SOCIAL / 4419767227</p><p>25351.431218/2019-71 / 8186011</p><p>867 - AFE - ALTERAÇÃO - PRODUTOS PARA SAÚDE - AMPLIAÇÃO OU REDUÇÃO DE ATIVIDADES / 4420197226</p><p>--------------------------------------</p><p>SOFTYS BRASIL LTDA. / 44.145.845/0002-21</p><p>25351.211856/2022-73 / 8254052</p><p>867 - AFE - ALTERAÇÃO - PRODUTOS PARA SAÚDE - AMPLIAÇÃO OU REDUÇÃO DE ATIVIDADES / 4455113223</p><p>--------------------------------------</p><p>DROGARIA ULTRAFAR LTDA ME / 27.286.711/0001-20</p><p>25351.042919/2020-73 / 7704517</p><p>7113 - AFE - ALTERAÇÃO - FARMÁCIAS E DROGARIAS - ENDEREÇO / 4399822224</p><p>--------------------------------------</p><p>JAC MED DIST DE MEDIC LTDA / 26.651.036/0001-29</p><p>25351.439736/2020-77 / 3094161</p><p>732 - AFE - ALTERAÇÃO - SANEANTES DOMISSANITÁRIOS - RAZÃO SOCIAL / 4512214224</p><p>--------------------------------------</p><p>Maria Do Jumbo Produtos Alimenticios LTDA / 10.693.290/0001-50</p><p>25351.125669/2022-78 / 1276855</p><p>70792 - AFE - ALTERAÇÃO - MEDICAMENTOS E/OU INSUMOS FARMACÊUTICOS - AMPLIAÇÃO DE ATIVIDADES / 4446977229</p><p>--------------------------------------</p><p>ÀGIL PRODUTOS PARA SAÚDE EIRELI ME / 24.595.557/0001-80</p><p>25351.260935/2016-78 / 8140148</p><p>867 - AFE - ALTERAÇÃO - PRODUTOS PARA SAÚDE - AMPLIAÇÃO OU REDUÇÃO DE ATIVIDADES / 4449570227</p><p>--------------------------------------</p><p>HUNTER TRANSPORTES E LOGISTICA LTDA / 15.437.790/0001-44</p><p>25351.330815/2019-80 / 8182695</p><p>867 - AFE - ALTERAÇÃO - PRODUTOS PARA SAÚDE - AMPLIAÇÃO OU REDUÇÃO DE ATIVIDADES / 4455421220</p><p>--------------------------------------</p><p>XPMP DROGARIA DESCONTÃO DE JAPERI LTDA / 08.750.862/0001-43</p><p>25351.139528/2009-81 / 0591806</p><p>7110 - AFE - ALTERAÇÃO - FARMÁCIAS E DROGARIAS - RAZÃO SOCIAL / 4399782221</p><p>--------------------------------------</p><p>VM BIOMEDICAL LTDA / 35.997.837/0001-31</p><p>25351.091898/2022-81 / 3115696</p><p>716 - AFE - ALTERAÇÃO - SANEANTES DOMISSANITÁRIOS - AMPLIAÇÃO OU REDUÇÃO DE ATIVIDADES / 4550839228</p><p>--------------------------------------</p><p>FARMAUM PB LTDA / 08.966.925/0001-01</p><p>25351.554056/2014-81 / 2076391</p><p>724 - AFE - ALTERAÇÃO - COSMÉTICOS, PERFUMES E PRODUTOS DE HIGIENE - RAZÃO SOCIAL / 4506370228</p><p>--------------------------------------</p><p>WANNA INDUSTRIA E COMERCIO DE COSMETICOS LTDA ME / 15.091.984/0001-30</p><p>25351.664263/2012-81 / 2066821</p><p>7170 - AFE - ALTERAÇÃO - COSMÉTICOS, PERFUMES E PRODUTOS DE HIGIENE - AMPLIAÇÃO OU REDUÇÃO DE ATIVIDADES / 4426747228</p><p>--------------------------------------</p><p>SOLANGE M NIGUMA DROGARIA E PERFUMARIA ME / 19.196.033/0001-87</p><p>25351.529754/2015-82 / 7413166</p><p>7111 - AFE - ALTERAÇÃO - FARMÁCIAS E DROGARIAS - AMPLIAÇÃO DE ATIVIDADES / 4399795223</p><p>--------------------------------------</p><p>MARIA MARLENE DIETRICH DA SILVEIRA / 22.140.264/0001-83</p><p>25351.525340/2015-84 / 7417856</p><p>7111 - AFE - ALTERAÇÃO - FARMÁCIAS E DROGARIAS - AMPLIAÇÃO DE ATIVIDADES / 4427881221</p><p>--------------------------------------</p><p>FARMÁCIA DIARIAMENTE COMÉRCIO DE MEDICAMENTOS LTDA / 05.240.070/0004-83</p><p>25351.650058/2018-87 / 7611311</p><p>7113 - AFE - ALTERAÇÃO - FARMÁCIAS E DROGARIAS - ENDEREÇO / 4560899227</p><p>--------------------------------------</p><p>BRAVO MEDICAL COMERCIO DE MATERIAIS CIRURGICOS LTDA / 27.411.376/0001-45</p><p>25351.593229/2020-88 / 8213753</p><p>867 - AFE - ALTERAÇÃO - PRODUTOS PARA SAÚDE - AMPLIAÇÃO OU REDUÇÃO DE ATIVIDADES / 4420290226</p><p>--------------------------------------</p><p>Mais Saude Comercio de Produtos Hospitalares LTDA - ME / 14.261.377/0001-09</p><p>25351.558104/2013-89 / 2070995</p><p>751 - AFE - ALTERAÇÃO - COSMÉTICOS, PERFUMES E PRODUTOS DE HIGIENE - ENDEREÇO MATRIZ / 4506604229</p><p>--------------------------------------</p><p>HUNTER TRANSPORTES E LOGISTICA LTDA / 15.437.790/0001-44</p><p>25351.335820/2019-89 / 3087112</p><p>716 - AFE - ALTERAÇÃO - SANEANTES DOMISSANITÁRIOS - AMPLIAÇÃO OU REDUÇÃO DE ATIVIDADES / 4455422226</p><p>--------------------------------------</p><p>Prime Healthcare Importação e Exportação Ltda / 38.311.975/0001-03</p><p>25351.267532/2022-90 / 8246316</p><p>867 - AFE - ALTERAÇÃO - PRODUTOS PARA SAÚDE - AMPLIAÇÃO OU REDUÇÃO DE ATIVIDADES / 1519639228</p><p>--------------------------------------</p><p>MVW LTDA / 11.014.241/0001-06</p><p>25351.040008/2021-92 / 8217616</p><p>829 - AFE - ALTERAÇÃO - PRODUTOS PARA SAÚDE - RAZÃO SOCIAL / 4512223223</p><p>--------------------------------------</p><p>VIVALIFT BRASIL LTDA / 38.713.943/0001-34</p><p>25351.264027/2022-93 / 4048658</p><p>7170 - AFE - ALTERAÇÃO - COSMÉTICOS, PERFUMES E PRODUTOS DE HIGIENE - AMPLIAÇÃO OU REDUÇÃO DE ATIVIDADES / 4533093221</p><p>--------------------------------------</p><p>G. SILVA TRANSPORTES E LOGÍSTICA LTDA / 33.489.352/0001-01</p><p>25351.012158/2022-97 / 4045924</p><p>7170 - AFE - ALTERAÇÃO - COSMÉTICOS, PERFUMES E PRODUTOS DE HIGIENE - AMPLIAÇÃO OU REDUÇÃO DE ATIVIDADES / 4420179228</p><p>--------------------------------------</p><p>TECSO INDUSTRIA E COMERCIO DE COSMETICOS LTDA / 26.024.381/0001-32</p><p>25351.525599/2017-97 / 2097519</p><p>724 - AFE - ALTERAÇÃO - COSMÉTICOS, PERFUMES E PRODUTOS DE HIGIENE - RAZÃO SOCIAL / 4420037229</p><p>--------------------------------------</p><p>ÉDIGE COMÉRCIO DE PRODUTOS PARA SAÚDE LTDA / 26.030.026/0001-76</p><p>25351.010475/2021-98 / 8231100</p><p>866 - AFE - ALTERAÇÃO - PRODUTOS PARA SAÚDE - ENDEREÇO / 4465028229</p><p>--------------------------------------</p><p>LEPUGE INSUMOS FARMACEUTICOS LTDA / 57.884.835/0001-79</p><p>25004.006510/93 / 1017480</p><p>70798 - AFE - ALTERAÇÃO - MEDICAMENTOS E/OU INSUMOS FARMACÊUTICOS - ENDEREÇO MATRIZ / 4420250224</p><p>--------------------------------------</p><p>Cardio Sistemas Comercial e Industrial Ltda / 51.961.258/0001-95</p><p>25004.006828/98-11 / 1036105</p><p>867 - AFE - ALTERAÇÃO - PRODUTOS PARA SAÚDE - AMPLIAÇÃO OU REDUÇÃO DE ATIVIDADES / 4506379225</p>]]></Texto>
  </body>
  <Midias />
</article></xml>