﻿<xml><article id="27709565" name="1. Despacho de homologaAAo do Pa" idOficio="7355945" pubName="DO1" artType="Despacho" pubDate="25/08/2022" artClass="00018:00001:00000:00000:00000:00000:00000:00000:00000:00000:00024:00003" artCategory="Ministério da Educação/Gabinete do Ministro" artSize="12" artNotes="" numberPage="217" pdfPage="http://pesquisa.in.gov.br/imprensa/jsp/visualiza/index.jsp?data=25/08/2022&amp;jornal=515&amp;pagina=217" editionNumber="162" highlightType="" highlightPriority="" highlight="" highlightimage="" highlightimagename="" idMateria="14837196">
  <body>
    <Identifica><![CDATA[ DESPACHO DE 24 DE AGOSTO DE 2022]]></Identifica>
    <Data><![CDATA[]]></Data>
    <Ementa />
    <Titulo />
    <SubTitulo />
    <Texto><![CDATA[<p class="identifica">DESPACHO DE 24 DE AGOSTO DE 2022</p><p>Nos termos do art. 2º da Lei nº 9.131, de 24 de novembro de 1995, homologo o Parecer CNE/CES nº 831/2019, da Câmara de Educação Superior do Conselho Nacional de Educação, que conheceu do recurso interposto para, no mérito, dar-lhe provimento, reformando a decisão expressa na Portaria nº 463, de 9 de setembro de 2016, da Secretaria de Regulação e Supervisão da Educação Superior - SERES, para autorizar o funcionamento do curso superior de Psicologia, bacharelado, a ser oferecido pela Faculdade de Tecnologia da Serra Gaúcha de Bento Gonçalves, com sede na Rua Treze de Maio, nº 1.130, bairro Imigrante, no município de Bento Gonçalves, no estado do Rio Grande do Sul, mantida pela Sociedade Educacional Santa Rita S.A., com sede no município de Caxias do Sul, no estado do Rio Grande do Sul, com 80 (oitenta) vagas totais anuais, conforme consta do Processo nº 23001.000921/2016-33.</p><p></p><p class="assina">VICTOR GODOY VEIGA</p><p class="cargo">Ministro</p>]]></Texto>
  </body>
  <Midias />
</article></xml>