﻿<xml><article id="27700501" name="RetificaAAo - deliberaAAo pas 21" idOficio="7354399" pubName="DO1" artType="Retificação" pubDate="25/08/2022" artClass="00019:00035:00028:00000:00000:00000:00000:00000:00000:00000:00066:00002" artCategory="Ministério da Infraestrutura/Agência Nacional de Transportes Aquaviários/Superintendência de Fiscalização e Coordenação das Unidades Regionais" artSize="12" artNotes="" numberPage="243" pdfPage="http://pesquisa.in.gov.br/imprensa/jsp/visualiza/index.jsp?data=25/08/2022&amp;jornal=515&amp;pagina=243" editionNumber="162" highlightType="" highlightPriority="" highlight="" highlightimage="" highlightimagename="" idMateria="14834736">
  <body>
    <Identifica><![CDATA[ RETIFICAÇÃO]]></Identifica>
    <Data><![CDATA[]]></Data>
    <Ementa />
    <Titulo />
    <SubTitulo />
    <Texto><![CDATA[<p class="identifica">RETIFICAÇÃO</p><p>Na Deliberação PAS nº 21/2022/SFC, de 22/08/2022, publicada no DOU de 24/08/2022, Seção 1, pág. 38, onde se lê: "... julga pela subsistência do Auto de Infração 004751-1 (SEI nº 1284484), decide por CONHECER o Pedido de Reconsideração interposto, uma vez que tempestivo, para no mérito, NEGAR-LHE PROVIMENTO, mantendo a íntegra da decisão exarada por meio do Despacho de Julgamento nº 11/2020/GFP/SFC (0973030), que determinou a aplicação de multa no valor de R$ 97.435,86 (noventa e sete mil, quatrocentos e trinta e cinco reais e oitenta e seis centavos), pelo cometimento da infração capitulada no art. 32, inciso XXX, da Resolução nº 3.274/2014-ANTAQ, por deixar de observar condições mínimas de eficiência na gestão das operações de pesagem...", leia-se: "...decide por CONHECER o Pedido de Reconsideração interposto, uma vez que tempestivo, para no mérito, NEGAR-LHE PROVIMENTO, mantendo a íntegra da decisão exarada por meio do Despacho de Julgamento nº 11/2020/GFP/SFC (0973030), que determinou a aplicação de multa no valor de R$ 97.435,86 (noventa e sete mil, quatrocentos e trinta e cinco reais e oitenta e seis centavos), pelo cometimento da infração capitulada no art. 32, inciso XXX, da Resolução nº 3.274/2014-ANTAQ, por deixar de observar condições mínimas de eficiência na gestão das operações de pesagem...".</p>]]></Texto>
  </body>
  <Midias />
</article></xml>