﻿<xml><article id="27700864" name="Portaria 50_22_DOU" idOficio="7354462" pubName="DO1" artType="Portaria" pubDate="25/08/2022" artClass="00028:00012:00031:00000:00000:00000:00000:00000:00000:00000:00054:00000" artCategory="Ministério do Turismo/Secretaria Especial de Cultura/Secretaria Nacional do Audiovisual" artSize="12" artNotes="" numberPage="286" pdfPage="http://pesquisa.in.gov.br/imprensa/jsp/visualiza/index.jsp?data=25/08/2022&amp;jornal=515&amp;pagina=286" editionNumber="162" highlightType="" highlightPriority="" highlight="" highlightimage="" highlightimagename="" idMateria="14834864">
  <body>
    <Identifica><![CDATA[ PORTARIA Nº 50, DE 23 DE AGOSTO DE 2022]]></Identifica>
    <Data><![CDATA[]]></Data>
    <Ementa />
    <Titulo />
    <SubTitulo />
    <Texto><![CDATA[<p class="identifica">PORTARIA Nº 50, DE 23 DE AGOSTO DE 2022</p><p>O SECRETÁRIO NACIONAL DO AUDIOVISUAL, no uso das atribuições legais, que lhe confere a Portaria nº 584, de 24 de maio de 2022 e o art. 1º da Portaria nº 1.201, de 18 de dezembro de 2009, resolve:</p><p>Art. 1.º - Homologar a complementação de valor em favor do(s) projeto(s) cultural(is) relacionado(s) nesta Portaria, para o(s) qual (is) o(s) proponente(s) fica(m) autorizado(s) a captar recursos, mediante doações ou patrocínios, na forma prevista no § 1º do artigo 18 e no artigo 26 da lei n.º 8.313, de 23 de dezembro de 1991, alterada pela Lei nº 9.874, de 23 de novembro de 1999.</p><p>211678 - Memórias de Betim (EVENTO VIRTUAL)</p><p>VITOR GONZAGA DOS SANTOS 12627379666</p><p>CNPJ/CPF: 31.363.703/0001-08</p><p>Cidade: Belo Horizonte - MG;</p><p>Valor Complementado: R$ 20.256,00</p><p>Valor total atual: R$192.237,38</p><p>Art. 2.º - Homologar a redução de valor em favor do(s) projeto(s) cultural(is) relacionado(s) nesta Portaria, para o(s) qual (is) o(s) proponente(s) fica(m) autorizado(s) a captar recursos, mediante doações ou patrocínios, na forma prevista no § 1º do artigo 18 e no artigo 26 da lei n.º 8.313, de 23 de dezembro de 1991, alterada pela Lei nº 9.874, de 23 de novembro de 1999.</p><p>210787 - Cores e contos de mares e morros: culturas populares em diálogo</p><p>AGENCIA DE INICIATIVAS CIDADAS</p><p>CNPJ/CPF: 02.291.981/0001-07</p><p>Cidade: Belo Horizonte - MG;</p><p>Valor Reduzido: R$ 412,00</p><p>Valor total atual: R$ 599.555,32</p><p>Art. 3º - Homologar os projetos audiovisuais, relacionados no anexo desta Portaria, que após terem atendido aos requisitos de admissibilidade estabelecidos pela Lei nº 8.313/1991, Decreto nº 5.761/2006 e a Instrução Normativa vigente, passam para a fase de obtenção de doações e patrocínio.</p><p>Art. 4º - Esta portaria entra em vigor na data de sua publicação.</p><p class="assina">GUSTAVO CHAVES LOPES</p><p>ANEXO I - Artigo 18 , § 1º</p><p>220701 - NOSSA MENTE</p><p>DEUSDARA FILMES LTDA - ME</p><p>CNPJ/CPF: 00.953.135/0001-71</p><p>Processo: 01400000701202212</p><p>Cidade: São Paulo - SP;</p><p>Valor Aprovado: R$ 498.422,82</p><p>Prazo de Captação: 24/08/2022 à 31/12/2022</p><p>Resumo do Projeto: Produzir e finalizar o filme documentário média-metragem NOSSA MENTE, com aproximadamente 52 minutos, sobre saúde mental no Brasil atual.</p><p>220702 - DANÇA, LONGEVIDADE E BEM-ESTAR</p><p>GAIA PRODUCAO CULTURAL - EIRELI</p><p>CNPJ/CPF: 10.709.140/0001-97</p><p>Processo: 01400000702202267</p><p>Cidade: Porto Alegre - RS;</p><p>Valor Aprovado: R$ 599.745,52</p><p>Prazo de Captação: 24/08/2022 à 31/12/2022</p><p>Resumo do Projeto: O projeto prevê a produção de filme média-metragem em linguagem documental, em formato Full HD, com duração de 40 minutos, sobre a criação e circulação de espetáculo, também considerado neste projeto. O trabalho também promoverá oficinas expressivas de dança, teatro e educação física.</p><p>220704 - Samba Que Eu Quero Ver - Mostra Cultural de Bamba 2023/1</p><p>ARCO - PRODUTORA DE CONTEUDO E COMUNICACAO LTDA</p><p>CNPJ/CPF: 09.489.613/0001-09</p><p>Processo: 01400000704202256</p><p>Cidade: Vitória - ES;</p><p>Valor Aprovado: R$ 399.989,11</p><p>Prazo de Captação: 24/08/2022 à 31/12/2022</p><p>Resumo do Projeto: O objetivo do projeto é realizar a mostra de cinema sobre a cultura do Samba, em Vitória (ES), com a exibição gratuita, em 02 dias em 02 sessões, de pelo menos 8 obras audiovisuais de até 30 minutos sobre a história e representação do samba. Integram a programação um Laboratório de produção audiovisual para 30 jovens envolvidos com carnaval, 1 workshop com 2 bate-papos e duas palestras sobre a memória do samba, e shows musicais nos dois dias de festival como produtos secundários.</p><p>220705 - CINEMA NA CIDADE</p><p>UNIVERSO PRODUÇÃO LTDA</p><p>CNPJ/CPF: 00.246.471/0001-84</p><p>Processo: 01400000705202209</p><p>Cidade: Belo Horizonte - MG;</p><p>Valor Aprovado: R$ 599.999,99</p><p>Prazo de Captação: 24/08/2022 à 31/12/2022</p><p>Resumo do Projeto: CINEMA NA CIDADE é um programa audiovisual, que acontece em circuito itinerante desde 2010, com instalação de um cinema em praças e/ou espaços alternativos para realização de 20 sessões de cinema com exibição de produções brasileiras durante 20 dias, sendo 2 dias em cada cidade. Para esta edição foi planejado o atendimento a 10 municípios do interior de Minas Gerais beneficiando cidades e públicos diversificados que normalmente não tem acesso a uma sala de cinema com oferta de uma programação gratuita.</p><p>220706 - CINE GEEK 3</p><p>MOSAIKY EVENTOS LTDA</p><p>CNPJ/CPF: 23.486.796/0001-30</p><p>Processo: 01400000706202245</p><p>Cidade: São Paulo - SP;</p><p>Valor Aprovado: R$ 398.442,11</p><p>Prazo de Captação: 24/08/2022 à 31/12/2022</p><p>Resumo do Projeto: O CINE GEEK é um circuito itinerante em sua terceira edição onde uma carreta cinema leva uma mostra com filmes e animações para cidades da região CENTRO OESTE . A primeira e segunda edições, também incentivadas pelo sistema ProNAc, foram voltadas ao Nordeste e Sudeste brasileiro e agora ampliada para a região centro oeste com foco em cidades que abriguem jovens GEEK. Além do cinema teremos a exposição visual intitulada "futuro do pretérito" com obras inéditas a serem executadas de tecnologias antigas fossilizadas com visitação livre com novas e antigas tecnologias para o universo geek para crianças e jovens conhecerão em "primeira" mão uma câmera fotográfica com filme (revelação), telefones de disco e outras tecnologias antigas em desuso onde demonstraremos sua evolução até as mais altas tecnologias existentes.</p><p>220707 - Festival Internacional de Curtas do Rio de Janeiro - Curta Cinema - 32a edição</p><p>ASSOCIAÇÃO FRANCO CULTURAL</p><p>CNPJ/CPF: 04.670.346/0001-58</p><p>Processo: 01400000707202290</p><p>Cidade: Rio de Janeiro - RJ;</p><p>Valor Aprovado: R$ 698.849,25</p><p>Prazo de Captação: 24/08/2022 à 30/12/2022</p><p>Resumo do Projeto: Realização da 32a edição do Festival Internacional de Curtas do Rio de Janeiro, ao longo de 07 dias, com a exibição de mostras competitivas de filmes nacionais e estrangeiros em curta metragem, além de panoramas do cinema independente local e mostras temáticas especiais. Em paralelo à exibição de filmes, a realização de atividades pedagógico/formativas debates, laboratórios, oficinas e networking.</p><p>220708 - Se meu carro falasse: a história de colecionadores de veículos clássicos</p><p>Miguel Fernando Perez Silvia - ME</p><p>CNPJ/CPF: 28.278.058/0001-10</p><p>Processo: 01400000708202234</p><p>Cidade: Maringá - PR;</p><p>Valor Aprovado: R$ 253.638,00</p><p>Prazo de Captação: 24/08/2022 à 31/12/2022</p><p>Resumo do Projeto: O documentário de média-metragem "Se meu carro falasse: a história de colecionadores de veículos clássicos" visa registrar as memórias de preservacionistas de carros clássicos de Maringá-PR. Com 69 minutos, sendo finalizado em 4K, o produto final será exibido de forma gratuita para a população local.</p><p>220709 - De Laguna aos Canyons</p><p>VIDA PRODUCOES LTDA - ME</p><p>CNPJ/CPF: 10.293.241/0001-20</p><p>Processo: 01400000709202289</p><p>Cidade: Florianópolis - SC;</p><p>Valor Aprovado: R$ 499.470,40</p><p>Prazo de Captação: 24/08/2022 à 31/12/2022</p><p>Resumo do Projeto: O documentário DE LAGUNA AOS CANYONS visa mostrar as lindas formações das praias, dunas e lagoas do litoral, desde a região de Laguna e Farol de Santa Marta até a encosta da Serra onde se encontra a maior concentração de Canyons da América Latina. O média-metragem em HD, terá cerca de 50 minutos de duração e classificação indicativa Livre. A distribuição será através do envio de 2 mil cópias em DVDs ou Pen Drives para escolas públicas do Estado de Santa Caratina, além de 5 exibições nas escolas com a presença da equipe do filme.</p><p>220710 - 12º Olhar de Cinema - Festival Internacional de Curitiba</p><p>Grafo Audiovisual Ltda.-ME</p><p>CNPJ/CPF: 09.437.566/0001-50</p><p>Processo: 01400000710202211</p><p>Cidade: Curitiba - PR;</p><p>Valor Aprovado: R$ 749.973,13</p><p>Prazo de Captação: 24/08/2022 à 31/12/2022</p><p>Resumo do Projeto: Realização da 12ª edição do Olhar de Cinema - Festival Internacional de Curitiba, com exibições de diversos filmes do mundo todo. São 09 dias de evento atuando não somente na exibição, através das mostras, como em toda a cadeia produtiva do mercado cinematográfico, por meio de atividades de formação, quais sejam: Seminário de Cinema de Curitiba e Oficinas. O público-alvo do evento são crianças, jovens e adultos entre 7 e 60 anos das classes B e C. Ainda, a título de contrapartida social, será oferecido o Curso de Produção Audiovisual, com 40 horas/aula de duração e emissão de certificado.</p><p>220711 - ARAÇOIABA DA SERRA</p><p>CRISTIANO SILVA DE LIMA</p><p>CNPJ/CPF: 156.635.348-30</p><p>Processo: 01400000711202258</p><p>Cidade: Sorocaba - SP;</p><p>Valor Aprovado: R$ 99.751,30</p><p>Prazo de Captação: 24/08/2022 à 31/12/2022</p><p>Resumo do Projeto: O Projeto consiste na produção de um documentário (média-metragem), de 26 minutos no formato 4k, sobre a história da formação do município de Araçoiaba da Serra, que será exibido em espaço público de forma gratuita e posteriormente disponibilizado nas plataformas digitais.</p><p>220712 - Cine Autorama - 7a edição</p><p>Marco Aurélio Ribeiro da Costa</p><p>CNPJ/CPF: 067.885.336-36</p><p>Processo: 01400000712202201</p><p>Cidade: São Paulo - SP;</p><p>Valor Aprovado: R$ 468.647,17</p><p>Prazo de Captação: 24/08/2022 à 31/12/2022</p><p>Resumo do Projeto: O Cine Autorama é um circuito itinerante e gratuito de exibição de filmes nacionais e internacionais, cujo o grande diferencial é retomar e atualizar o modelo de exibição dos charmosos DRIVE-INS das década de 40 e 50, exibições ao ar livre, onde as pessoas assistiam aos filmes no conforto dos seus carros. A 7a edição do projeto pretende dar continuidade aos bens sucedidos circuitos anteriores e realizará 14 sessões de cinema em 14 dias de eventos, podendo ser realizadas em até 7 cidades.</p><p>220713 - HABEAS PINHO - UM CONCERTO PARA VIOLÃO E POESIA</p><p>GLAUCE RODRIGUES DA CUNHA LIMA</p><p>CNPJ/CPF: 867.953.337-87</p><p>Processo: 01400000713202247</p><p>Cidade: João Pessoa - PB;</p><p>Valor Aprovado: R$ 199.963,17</p><p>Prazo de Captação: 24/08/2022 à 31/12/2022</p><p>Resumo do Projeto: Habeas pinho - Concerto para Violão e Poesia é projeto de um curta metragem ficcional, com 15 minutos de duração, captado e finalizado em 4K que aborda um prosaico acontecimento na cidade de Campina Grande, na Paraíba, na década de 60. Uma serenata indesejada, causa a prisão de um boêmio com o seu violão. O seu advogado faz uma defesa em versos para libertar o instrumento musical. Tem como contrapartida social a realização de cinco oficinas gratuitas em escolas públicas do estado da Paraíba.</p><p>220714 - CINEMA DE VERÃO 2023</p><p>Robinson Padilha Cabral - ME</p><p>CNPJ/CPF: 18.477.995/0001-41</p><p>Processo: 01400000714202291</p><p>Cidade: Caxias do Sul - RS;</p><p>Valor Aprovado: R$ 386.694,00</p><p>Prazo de Captação: 24/08/2022 à 31/12/2022</p><p>Resumo do Projeto: O produto FESTIVAL/MOSTRA - AUDIOVISUAL prevê a realização da nona edição do projeto CINEMA DE VERÃO, durante 24 dias, com exibições ao ar livre e gratuitas de clássicos do diretor e ator "Charles Chaplin", do início do século XX nas praças centrais de cada cidade proposta para receber o projeto.</p><p>220715 - Cine MIAU - 5ª edição</p><p>INSTITUTO SEARA DE CULTURA E DESENVOLVIMENTO</p><p>CNPJ/CPF: 15.714.669/0001-12</p><p>Processo: 01400000715202236</p><p>Cidade: Fortaleza - CE;</p><p>Valor Aprovado: R$ 631.743,75</p><p>Prazo de Captação: 24/08/2022 à 31/12/2022</p><p>Resumo do Projeto: Realizar uma mostra de cinema infantil com a oferta de sessões gratuitas de cinema para escolas, projetos sociais e comunidades durante 21 dias. Sua programação reúne curtas-metragens nacionais e internacionais que estão fora do circuito comercial. Parte dos filmes serão exibidos gratuitamente no Youtube. O propósito é democratizar o acesso ao audiovisual aliado a uma proposta educativa.</p><p>220716 - Boris e Rufus - Especial de Natal 2023</p><p>Belli Studio Design Ltda. ME</p><p>CNPJ/CPF: 03.274.384/0001-29</p><p>Processo: 01400000716202281</p><p>Cidade: Blumenau - SC;</p><p>Valor Aprovado: R$ 200.000,39</p><p>Prazo de Captação: 24/08/2022 à 31/12/2022</p><p>Resumo do Projeto: Produção de um curta metragem em animação infantil,com duração de 11minutos, formato de finalização HD,de classificação livre. Episódio com temática natalina o Especial de Natal 2023 será exibido ao público de forma gratuita no evento "Natal em Blumenau" na Vila Germânica em Blumenau/SC e em televisão de Canal aberto e/ou educativo.</p>]]></Texto>
  </body>
  <Midias />
</article></xml>