﻿<xml><article id="27707356" name="DeliberaAAo PAS 82 GREBL" idOficio="7355609" pubName="DO1" artType="Deliberação" pubDate="25/08/2022" artClass="00019:00035:00028:00005:00000:00000:00000:00000:00000:00000:00022:00000" artCategory="Ministério da Infraestrutura/Agência Nacional de Transportes Aquaviários/Superintendência de Fiscalização e Coordenação das Unidades Regionais/Gerência Regional de Belém" artSize="12" artNotes="" numberPage="243" pdfPage="http://pesquisa.in.gov.br/imprensa/jsp/visualiza/index.jsp?data=25/08/2022&amp;jornal=515&amp;pagina=243" editionNumber="162" highlightType="" highlightPriority="" highlight="" highlightimage="" highlightimagename="" idMateria="14836682">
  <body>
    <Identifica><![CDATA[ DELIBERAÇÃO  Nº 82, DE 31 de maio de 2022]]></Identifica>
    <Data><![CDATA[]]></Data>
    <Ementa />
    <Titulo />
    <SubTitulo />
    <Texto><![CDATA[<p class="identifica">DELIBERAÇÃO Nº 82, DE 31 de maio de 2022</p><p>Processo nº 50300.019933/2020-16. Fiscalizado: DARCY JUNIOR NAVEGAÇÃO E COMÉRCIO EIRELI - ME., CNPJ nº 12.087.233/0001-52. Objeto e Fundamento Legal:</p><p>O Gerente Regional de Belém (GREBL), no uso da competência que lhe é conferida pelo art. 59-A do Regimento Interno, decide pela aplicação da penalidade de Multa à empresa, nos valores de R$137,50 (cento e trinta e sete reais e cinquenta centavos) e R$275,00 (duzentos e setenta e cinco reais), perfazendo o total imputado ao ora fiscalizado o valor total de R$ 412,50 (quatrocentos e doze reais e cinquenta centavos) pelo cometimento das respectivas infrações descritas no art. 20, incisos XII e XIX, da Norma aprovada pela Resolução nº 912-ANTAQ.</p><p class="assina">JOÃO MARIA FERREIRA FILHO</p><p></p>]]></Texto>
  </body>
  <Midias />
</article></xml>