﻿<xml><article id="27706466" name="D.O.U 25-08-22" idOficio="7355465" pubName="DO1" artType="Ato" pubDate="25/08/2022" artClass="00012:00014:00014:00160:00000:00000:00000:00000:00000:00000:00006:00000" artCategory="Ministério das Comunicações/Agência Nacional de Telecomunicações/Superintendência de Fiscalização/Gerência Regional nos Estados de Goiás, Mato Grosso, Mato Grosso do Sul e Tocantins" artSize="12" artNotes="" numberPage="23" pdfPage="http://pesquisa.in.gov.br/imprensa/jsp/visualiza/index.jsp?data=25/08/2022&amp;jornal=515&amp;pagina=23" editionNumber="162" highlightType="" highlightPriority="" highlight="" highlightimage="" highlightimagename="" idMateria="14836451">
  <body>
    <Identifica><![CDATA[ ATO Nº 11.897, DE 19 DE AGOSTO DE 2022]]></Identifica>
    <Data><![CDATA[]]></Data>
    <Ementa />
    <Titulo />
    <SubTitulo />
    <Texto><![CDATA[<p class="identifica">ATO Nº 11.897, DE 19 DE AGOSTO DE 2022</p><p>Processo nº 53542.009817/2022-04.</p><p>Expede autorização a INVIOLAVEL JUINA MANUTENÇÃO E COMÉRCIO DE ELETROELETRONICOS LTDA, CNPJ nº 07.426.694/0001-72, para explorar Serviços de Telecomunicações de Interesse Restrito, por prazo indeterminado, sem caráter de exclusividade, e tendo como área de prestação de serviço todo o território nacional.</p><p class="assina">Paulo Aurelio Pereira da Silva</p><p class="cargo">Gerente</p><p class="identifica">ATOS DE 22 DE AGOSTO DE 2022</p><p>Nº 11.961 - Processo nº 53542.009949/2022-28.</p><p>Expede autorização a INVIOLÁVEL SÃO JOSÉ DO RIO CLARO ELETROELETRÔNICOS LTDA, CNPJ nº 17.581.953/0001-93, para explorar Serviços de Telecomunicações de Interesse Restrito, por prazo indeterminado, sem caráter de exclusividade, e tendo como área de prestação de serviço todo o território nacional.</p><p>Nº 11.962 - Processo nº 53542.009997/2022-16.</p><p>Expede autorização a GESTAD EMPREENDIMENTOS E PARTICIPAÇÕES LTDA, CNPJ nº 15.475.612/0001-08, para explorar Serviços de Telecomunicações de Interesse Restrito, por prazo indeterminado, sem caráter de exclusividade, e tendo como área de prestação de serviço todo o território nacional.</p><p>Nº 11.965 - Processo nº 53542.009937/2022-01.</p><p>Expede autorização a ARTUR FREIRE BARCELOS, CPF nº ***.507.461-**, para explorar Serviços de Telecomunicações de Interesse Restrito, por prazo indeterminado, sem caráter de exclusividade, e tendo como área de prestação de serviço todo o território nacional.</p><p>Nº 11.967 - Processo nº 53542.009993/2022-38.</p><p>Expede autorização a JONY DE JESUS PINHEIRO, CPF nº ***.308.151-**, para explorar Serviços de Telecomunicações de Interesse Restrito, por prazo indeterminado, sem caráter de exclusividade, e tendo como área de prestação de serviço todo o território nacional.</p><p>Nº 11.968 - Processo nº 53542.009991/2022-49.</p><p>Expede autorização a SOLLO CONSTRUÇÕES LTDA, CNPJ nº 07.960.913/0001-07, para explorar Serviços de Telecomunicações de Interesse Restrito, por prazo indeterminado, sem caráter de exclusividade, e tendo como área de prestação de serviço todo o território nacional.</p><p>Nº 11.970 - Processo nº 53542.010006/2022-48.</p><p>Expede autorização a ARAGUACI FAUSTINO DA SILVA, CPF nº ***.878.791-**, para explorar Serviços de Telecomunicações de Interesse Restrito, por prazo indeterminado, sem caráter de exclusividade, e tendo como área de prestação de serviço todo o território nacional.</p><p>Nº 11.972 - Processo nº 53542.009987/2022-81.</p><p>Expede autorização a RAMIRES TOSATTI JUNIOR, CPF nº ***.918.647-**, para explorar Serviços de Telecomunicações de Interesse Restrito, por prazo indeterminado, sem caráter de exclusividade, e tendo como área de prestação de serviço todo o território nacional.</p><p>Nº 11.997 - Processo nº 53542.009651/2022-18.</p><p>Outorga autorização para uso de radiofreqüência(s) a GUILHERME NOGUEIRA GUIMARÃES, CPF nº ***.292.458-**, associada à autorização para execução do Serviço Limitado Privado.</p><p>Nº 11.998 - Processo nº 53542.009704/2022-09.</p><p>Outorga autorização para uso de radiofreqüência(s) a EUCLIDES ELIAS JUNIOR, CPF nº ***.562.431-**, associada à autorização para execução do Serviço Limitado Privado.</p><p>Nº 11.999 - Processo nº 53542.009946/2022-94.</p><p>Outorga autorização para uso de radiofreqüência(s) a ANTONIO PIMENTA MARTINS, CPF nº ***.368.931-**, associada à autorização para execução do Serviço Limitado Privado.</p><p class="assina">Paulo Aurelio Pereira da Silva</p><p class="cargo">Gerente</p><p class="identifica">ATO Nº 12015, DE 23 DE AGOSTO DE 2022</p><p>Processo nº 53542.009995/2022-27.</p><p>Expede autorização a VOE3 EMPREENDIMENTOS E PARTICIPAÇÕES LTDA, CNPJ nº 47.051.555/0001-26, para explorar Serviços de Telecomunicações de Interesse Restrito, por prazo indeterminado, sem caráter de exclusividade, e tendo como área de prestação de serviço todo o território nacional.</p><p class="assina">Paulo Aurelio Pereira da Silva</p><p class="cargo">Gerente</p>]]></Texto>
  </body>
  <Midias />
</article></xml>