﻿<xml><article id="27697596" name="PORTARIA N 644" idOficio="7353708" pubName="DO1" artType="Portaria" pubDate="25/08/2022" artClass="00007:00047:00000:00000:00000:00000:00000:00000:00000:00000:00054:00002" artCategory="Ministério da Agricultura, Pecuária e Abastecimento/Secretaria de Defesa Agropecuária" artSize="12" artNotes="" numberPage="17" pdfPage="http://pesquisa.in.gov.br/imprensa/jsp/visualiza/index.jsp?data=25/08/2022&amp;jornal=515&amp;pagina=17" editionNumber="162" highlightType="" highlightPriority="" highlight="" highlightimage="" highlightimagename="" idMateria="14834017">
  <body>
    <Identifica><![CDATA[PORTARIA SDA Nº  644, DE 23 DE AGOSTO DE 2022]]></Identifica>
    <Data><![CDATA[]]></Data>
    <Ementa><![CDATA[Submete à Consulta Pública, pelo prazo de 45 (quarenta e cinco) dias, a Minuta de Portaria que aprova diretrizes e define competências para a prevenção e o controle da anemia infecciosa equina, no âmbito do Programa Nacional de Sanidade dos Equídeos. ]]></Ementa>
    <Titulo />
    <SubTitulo />
    <Texto><![CDATA[<p class="identifica">PORTARIA SDA Nº 644, DE 23 DE AGOSTO DE 2022</p><p class="ementa">Submete à Consulta Pública, pelo prazo de 45 (quarenta e cinco) dias, a Minuta de Portaria que aprova diretrizes e define competências para a prevenção e o controle da anemia infecciosa equina, no âmbito do Programa Nacional de Sanidade dos Equídeos.</p><p>O SECRETÁRIO DE DEFESA AGROPECUÁRIA - SUBSTITUTO, do Ministério da Agricultura, Pecuária e Abastecimento, no uso das atribuições que lhe foram conferidas pelo arts. 24 e 68, do Anexo I, do Decreto nº 10.827, de 30 de setembro de 2021, e tendo em vista o disposto no Decreto nº 24.548, de 3 de julho de 1934, no Decreto nº 5.741, de 30 de março de 2006, e o que consta do Processo nº 21000.040622/2022-64, resolve:</p><p>Art. 1º Submeter à Consulta Pública, pelo prazo de 45 (quarenta e cinco) dias, a Minuta de Portaria que aprova diretrizes e define competências para a prevenção e o controle da anemia infecciosa equina, no âmbito do Programa Nacional de Sanidade dos Equídeos.</p><p>§ 1º O prazo referido no caput começa a correr a partir da data da publicação oficial desta Portaria, excluído da contagem o dia do começo e incluído o do vencimento, nos termos da legislação vigente.</p><p>§ 2º A Minuta de Portaria encontra-se disponível na página eletrônica do Ministério da Agricultura, Pecuária e Abastecimento: https://www.gov.br/agricultura/pt-br/acesso-a-informacao/participacao-social/consultas-publicas .</p><p>Art. 2º As sugestões, tecnicamente fundamentadas, deverão ser encaminhadas por meio do Sistema de Monitoramento de Atos Normativos - SISMAN, da Secretaria de Defesa Agropecuária - SDA/MAPA, por meio do link: https://sistemasweb.agricultura.gov.br/pages/SISMAN.html.</p><p>Parágrafo único. Para ter acesso ao Sistema de Monitoramento de Atos Normativos - SISMAN, o usuário deverá efetuar cadastro prévio no Sistema de Solicitação de Acesso - SOLICITA, do MAPA, por meio do link: https://sistemasweb.agricultura.gov.br/solicita/ .</p><p>Art. 3º Findo o prazo estabelecido no art. 1º desta Portaria, será efetuada a consolidação, análise e resposta das contribuições.</p><p>Art. 4º Esta Portaria entra em vigor na data de sua publicação.</p><p class="assina">MÁRCIO REZENDE EVARISTO CARLOS</p>]]></Texto>
  </body>
  <Midias />
</article></xml>