﻿<xml><article id="27701477" name="ADE9JOINVILLE13" idOficio="7354532" pubName="DO1" artType="Ato Declaratório" pubDate="25/08/2022" artClass="00015:00045:00432:00101:00010:00000:00000:00000:00000:00000:00007:00000" artCategory="Ministério da Economia/Secretaria Especial da Receita Federal do Brasil/Subsecretaria-Geral da Receita Federal do Brasil/Superintendência Regional da 9ª Região Fiscal/Delegacia da Receita Federal do Brasil em Joinville" artSize="12" artNotes="" numberPage="213" pdfPage="http://pesquisa.in.gov.br/imprensa/jsp/visualiza/index.jsp?data=25/08/2022&amp;jornal=515&amp;pagina=213" editionNumber="162" highlightType="" highlightPriority="" highlight="" highlightimage="" highlightimagename="" idMateria="14835024">
  <body>
    <Identifica><![CDATA[ ATO DECLARATÓRIO EXECUTIVO DRF/JOI Nº 13, DE 22 DE AGOSTO DE 2022]]></Identifica>
    <Data><![CDATA[]]></Data>
    <Ementa><![CDATA[ Autoriza o fornecimento de selos de controle de bebidas para importação.]]></Ementa>
    <Titulo />
    <SubTitulo />
    <Texto><![CDATA[<p class="identifica">ATO DECLARATÓRIO EXECUTIVO DRF/JOI Nº 13, DE 22 DE AGOSTO DE 2022</p><p class="ementa">Autoriza o fornecimento de selos de controle de bebidas para importação.</p><p>O DELEGADO DA RECEITA FEDERAL DO BRASIL EM JOINVILLE/SC, no uso da atribuição que lhe são conferidas pelo artigo 190, pelo inciso II do § 1º do artigo 299, combinados com o inciso III do artigo 360 e artigo 364 inciso VI, todos do Anexo I do Regimento Interno da Secretaria Especial da Receita Federal do Brasil do Ministério da Economia, aprovado pela Portaria ME nº 284, de 27 de julho de 2020, publicada no Diário Oficial da União em 27 de julho de 2020, e tendo em vista o estabelecido nos artigos 1º a 3º e 49 a 51 da Instrução Normativa RFB nº 1432, de 26 de dezembro de 2013, e ainda, considerando o pedido formulado nos autos do processo 10920-729.508/2022-89, UK 09/22 SC, pela Empresa ASCENSUS TRADING &amp; LOGISTICA LTDA., CNPJ nº 07.635.245/0001-34, portadora do Registo Especial de Importador Especial de Importador de Bebidas Alcoólicas de nº 09202/029, formulado nos autos do processo nº 10920.721615/2013-78, situada na Rua Dona Francisca, nº 6.750, Zona Industrial Norte, em Joinville/SC, CEP 89219-530, declara:</p><p>Art. 1º Autorizado o fornecimento de 769.332 (setecentos e sessenta e nove mil, trezentos e trinta e dois) selos de controle, Código 9837-15 Tipo BEBIDA ALCOÓLICA, Cor VERMELHO, para produto estrangeiro a ser selado no exterior, nas especificações e quantidades abaixo identificadas, a saber:</p><p /><p></p><table><tr /><tr><td rowspan="1" colspan="1"><p>Unidade</p></td><td rowspan="1" colspan="1"><p>Caixa</p></td><td rowspan="1" colspan="1"><p>Marca Comercial</p></td><td rowspan="1" colspan="1"><p>Característica do Produto</p></td></tr><tr><td rowspan="1" colspan="1"><p>769.332</p></td><td rowspan="1" colspan="1"><p>64.111</p></td><td rowspan="1" colspan="1"><p>GIN TANQUERAY</p></td><td rowspan="1" colspan="1"><p>Gin Tanqueray Lon Dry - GA 47,30 GL</p></td></tr></table><p>Art. 2º Este Ato Declaratório Executivo entra em vigor na data de sua publicação no DOU.</p><p class="assina">LUIZ ANTÔNIO MIRANDA</p>]]></Texto>
  </body>
  <Midias />
</article></xml>