﻿<xml><article id="27704696" name="DECISAO SUPAS 817" idOficio="7355117" pubName="DO1" artType="Decisão" pubDate="25/08/2022" artClass="00019:00036:00022:00000:00000:00000:00000:00000:00000:00000:00018:00003" artCategory="Ministério da Infraestrutura/Agência Nacional de Transportes Terrestres/Superintendência de Serviços de Transporte Rodoviário de Passageiros" artSize="12" artNotes="" numberPage="244" pdfPage="http://pesquisa.in.gov.br/imprensa/jsp/visualiza/index.jsp?data=25/08/2022&amp;jornal=515&amp;pagina=244" editionNumber="162" highlightType="" highlightPriority="" highlight="" highlightimage="" highlightimagename="" idMateria="14835791">
  <body>
    <Identifica><![CDATA[ DECISÃO SUPAS Nº 817, DE 24 DE AGOSTO DE 2022]]></Identifica>
    <Data><![CDATA[]]></Data>
    <Ementa />
    <Titulo />
    <SubTitulo />
    <Texto><![CDATA[<p class="identifica">DECISÃO SUPAS Nº 817, DE 24 DE AGOSTO DE 2022</p><p>A Superintendente de Serviços de Transporte Rodoviário de Passageiros da Agência Nacional de Transportes Terrestres - ANTT, no uso de suas atribuições, em cumprimento à decisão proferida no Agravo de Instrumento n. 1004815-23.2021.4.01.0000, em trâmite perante a 5ª Turma do Tribunal Regional Federal da 1ª Região, e considerando o que consta no processo nº 00424.017550/2021-10, decide:</p><p>Art. 1º Revogar a Decisão SUPAS nº 799, de 19 de agosto de 2022.</p><p>Art. 2º Repristinar a Portaria SUPAS nº 104, de 3 de fevereiro de 2021; a Portaria SUPAS nº 116, de 4 de fevereiro de 2021; a Portaria SUPAS nº 118, de 8 de fevereiro de 2021; a Portaria SUPAS nº 123, de 8 de fevereiro de 2021; a Portaria SUPAS nº 124, de 8 de fevereiro de 2021; a Portaria SUPAS nº 128, de 9 de fevereiro de 2021; a Portaria SUPAS nº 153, de 12 de fevereiro de 2021; a Portaria SUPAS nº 158, de 23 de fevereiro de 2021; a Portaria SUPAS nº 183, de 23 de fevereiro de 2021; e a Portaria SUPAS nº 184, de 23 de fevereiro de 2021.</p><p>Art. 3º Repristinar a Decisão SUPAS nº 297, de 27 de maio de 2021.</p><p>Art. 4º Esta Decisão entra em vigor na data de sua publicação.</p><p class="assina">MARINA SOARES ALMEIDA</p>]]></Texto>
  </body>
  <Midias />
</article></xml>