﻿<xml><article id="27701387" name="ADE8SOROCABA127" idOficio="7354532" pubName="DO1" artType="Ato Declaratório" pubDate="25/08/2022" artClass="00015:00045:00432:00100:00025:00000:00000:00000:00000:00000:00007:00001" artCategory="Ministério da Economia/Secretaria Especial da Receita Federal do Brasil/Subsecretaria-Geral da Receita Federal do Brasil/Superintendência Regional da 8ª Região Fiscal/Delegacia da Receita Federal do Brasil em Sorocaba" artSize="12" artNotes="" numberPage="212" pdfPage="http://pesquisa.in.gov.br/imprensa/jsp/visualiza/index.jsp?data=25/08/2022&amp;jornal=515&amp;pagina=212" editionNumber="162" highlightType="" highlightPriority="" highlight="" highlightimage="" highlightimagename="" idMateria="14835028">
  <body>
    <Identifica><![CDATA[ ATO DECLARATÓRIO EXECUTIVO BENFIS/EBEN/DEVAT/SRRF08ª/RFB Nº 127, DE 24 DE AGOSTO DE 2022]]></Identifica>
    <Data><![CDATA[]]></Data>
    <Ementa><![CDATA[ Habilita ao Regime Especial de Incentivos para o Desenvolvimento da Infra-Estrutura (REIDI)]]></Ementa>
    <Titulo />
    <SubTitulo />
    <Texto><![CDATA[<p class="identifica">ATO DECLARATÓRIO EXECUTIVO BENFIS/EBEN/DEVAT/SRRF08ª/RFB Nº 127, DE 24 DE AGOSTO DE 2022</p><p class="ementa">Habilita ao Regime Especial de Incentivos para o Desenvolvimento da Infra-Estrutura (REIDI)</p><p>O AUDITOR-FISCAL DA RECEITA FEDERAL DO BRASIL, considerando o disposto na Lei nº 11.488, de 15 de junho de 2007, no Decreto nº 6.144, de 3 de julho de 2007, na Instrução Normativa RFB nº 758, de 25 de julho de 2007, na Portaria SRRF08 n° 452, de 10 de junho de 2020, na Portaria DRF/SOR nº 19, de 15 de junho 2020 e no processo administrativo nº 13032.258862/2022-18, declara:</p><p>Art. 1º Habilitada ao Regime Especial de Incentivos para o Desenvolvimento da Infraestrutura (REIDI) a pessoa jurídica NARDINI AGROINDUSTRIAL LTDA., inscrita no cadastro CNPJ sob o nº 48.708.267/0001-64.</p><p>Art. 2º A referida habilitação é específica ao Projeto UTE Nardini Aporé (Autorizada pela Resolução Autorizativa ANEEL nº 1.965, de 16 de junho de 2009), aprovado pela Portaria MME nº 1.289, de 28/03/2022, destinada ao setor de energia, sendo prazo estimado de execução da obra de 01/10/2021 a 01/04/2028. Matrícula CEI nº 51.201.60704/79.</p><p>Art. 3º No período de 5 (cinco) anos contados da data de publicação deste Ato Declaratório Executivo, a pessoa jurídica identificada no art. 1º poderá adquirir, locar e importar bens e adquirir e importar serviços com suspensão da Contribuição para o PIS/PASEP e da COFINS, para incorporação ou utilização em obra de infraestrutura vinculada ao projeto identificado no art. 2°.</p><p>Art. 4º Este Ato Declaratório Executivo entra em vigor na data de sua publicação no Diário Oficial da União.</p><p class="assina">CARLOS RENAN FERREIRA RIBEIRO</p>]]></Texto>
  </body>
  <Midias />
</article></xml>