﻿<xml><article id="27693108" name="PIN 1002202209" idOficio="7353076" pubName="DO1" artType="Pauta" pubDate="25/08/2022" artClass="00015:00026:00001:00002:00000:00000:00000:00000:00000:00000:00053:00000" artCategory="Ministério da Economia/Conselho Administrativo de Recursos Fiscais/1ª Seção/2ª Turma Extraordinária" artSize="12" artNotes="" numberPage="205" pdfPage="http://pesquisa.in.gov.br/imprensa/jsp/visualiza/index.jsp?data=25/08/2022&amp;jornal=515&amp;pagina=205" editionNumber="162" highlightType="" highlightPriority="" highlight="" highlightimage="" highlightimagename="" idMateria="14833271">
  <body>
    <Identifica><![CDATA[ PAUTA DE JULGAMENTOS]]></Identifica>
    <Data><![CDATA[]]></Data>
    <Ementa />
    <Titulo />
    <SubTitulo />
    <Texto><![CDATA[<p class="identifica">PAUTA DE JULGAMENTOS</p><p>Pauta Ordinária de julgamento dos recursos das Sessões não presenciais virtuais a serem realizadas nas datas a seguir mencionadas.</p><p>OBSERVAÇÕES:</p><p>1 - Solicitação de sustentação oral está condicionada a requerimento prévio em até 5 (cinco) dias da publicação da pauta.</p><p>2 - É facultativo o envio de memoriais, através de formulário eletrônico disponibilizado no sítio do CARF, em até 5 (cinco) dias da publicação da pauta.</p><p>3 - Não serão admitidos pedidos, pelas partes, de alteração da ordem de julgamento ou de retirada de processos em pauta de sessão não presencial virtual. (Redação dada pela Portaria MF nº 329, de 2017)</p><p>DIA 13 de Setembro de 2022, ÀS 09:00 HORAS</p><p>Relator(a): AILTON NEVES DA SILVA</p><p>1 - Processo nº: 10880.927767/2010-53 - Recorrente: CREDERE CONSULTORIA E FOMENTO MERCANTIL LTDA e Interessado: FAZENDA NACIONAL</p><p>2 - Processo nº: 10580.728263/2015-41 - Recorrente: MARIA DA PAZ RIBEIRO DOS SANTOS - EPP e Interessado: FAZENDA NACIONAL</p><p>3 - Processo nº: 10380.901086/2016-91 - Recorrente: MWN COMERCIAL DE ALIMENTOS LTDA e Interessado: FAZENDA NACIONAL</p><p>4 - Processo nº: 12448.900903/2011-83 - Recorrente: CRISFLAN ENGENHARIA E CONSULTORIA LTDA e Interessado: FAZENDA NACIONAL</p><p>5 - Processo nº: 12448.907117/2013-79 - Recorrente: CRISFLAN ENGENHARIA E CONSULTORIA LTDA e Interessado: FAZENDA NACIONAL</p><p>DIA 13 de Setembro de 2022, ÀS 14:00 HORAS</p><p>Relator(a): AILTON NEVES DA SILVA</p><p>6 - Processo nº: 10983.903934/2013-65 - Recorrente: PARNASSA COMERCIO DE TECIDOS E AVIAMENTOS LTDA e Interessado: FAZENDA NACIONAL</p><p>7 - Processo nº: 10983.903935/2013-18 - Recorrente: PARNASSA COMERCIO DE TECIDOS E AVIAMENTOS LTDA e Interessado: FAZENDA NACIONAL</p><p>8 - Processo nº: 10980.912151/2012-11 - Recorrente: METAPAR USINAGEM LTDA e Interessado: FAZENDA NACIONAL</p><p>9 - Processo nº: 10882.908305/2009-83 - Recorrente: ATOTECH DO BRASIL GALVANOTECNICA LTDA e Interessado: FAZENDA NACIONAL</p><p>10 - Processo nº: 10640.720963/2013-74 - Recorrente: BETH REPRESENTACOES LTDA e Interessado: FAZENDA NACIONAL</p><p>DIA 14 de Setembro de 2022, ÀS 09:00 HORAS</p><p>Relator(a): FELLIPE HONORIO RODRIGUES DA COSTA</p><p>11 - Processo nº: 11030.721763/2014-61 - Recorrente: REGOZAN COMERCIO DE CEREAIS LTDA e Interessado: FAZENDA NACIONAL</p><p>12 - Processo nº: 10580.903494/2013-89 - Recorrente: VITALMED - SERVICOS DE EMERGENCIA MEDICA LTDA e Interessado: FAZENDA NACIONAL</p><p>13 - Processo nº: 10580.903495/2013-23 - Recorrente: VITALMED - SERVICOS DE EMERGENCIA MEDICA LTDA e Interessado: FAZENDA NACIONAL</p><p>14 - Processo nº: 11080.740809/2019-60 - Recorrente: CORRETORA DE SEGUROS SICREDI LTDA e Interessado: FAZENDA NACIONAL</p><p>15 - Processo nº: 13896.902359/2012-70 - Recorrente: COSMETICA EMPREENDIMENTOS LTDA e Interessado: FAZENDA NACIONAL</p><p>DIA 14 de Setembro de 2022, ÀS 14:00 HORAS</p><p>Relator(a): FELLIPE HONORIO RODRIGUES DA COSTA</p><p>16 - Processo nº: 13982.720456/2018-62 - Recorrente: PARTIDO DOS TRABALHADORES-DIRETORIO MUNICIPAL DE NOVA ERECHIM/SC e Interessado: FAZENDA NACIONAL</p><p>17 - Processo nº: 10830.900687/2013-99 - Recorrente: ROBERT BOSCH LIMITADA e Interessado: FAZENDA NACIONAL</p><p>18 - Processo nº: 16151.000077/2006-90 - Recorrente: L.M - TRAINING CENTER LTDA e Interessado: FAZENDA NACIONAL</p><p>19 - Processo nº: 16045.000013/2011-63 - Recorrente: FLIGHT LOGISTICA LTDA e Interessado: FAZENDA NACIONAL</p><p>20 - Processo nº: 18186.726665/2019-08 - Recorrente: GIANNELLA CATALDI SOCIEDADE INDIVIDUAL DE ADVOCACIA e Interessado: FAZENDA NACIONAL</p><p>DIA 15 de Setembro de 2022, ÀS 09:00 HORAS</p><p>Relator(a): FELLIPE HONORIO RODRIGUES DA COSTA</p><p>21 - Processo nº: 10880.903205/2011-03 - Recorrente: IBOPE SOLUTION LTDA. e Interessado: FAZENDA NACIONAL</p><p>22 - Processo nº: 10880.914155/2011-81 - Recorrente: IBOPE SOLUTION LTDA. e Interessado: FAZENDA NACIONAL</p><p>Relator(a): RAFAEL ZEDRAL</p><p>23 - Processo nº: 13603.904102/2010-39 - Recorrente: TEKSID DO BRASIL LTDA e Interessado: FAZENDA NACIONAL</p><p>24 - Processo nº: 11080.914935/2010-29 - Recorrente: COMPANHIA DE SEGUROS PREVIDENCIA DO SUL e Interessado: FAZENDA NACIONAL</p><p>25 - Processo nº: 10530.905718/2011-11 - Recorrente: ABC ELETRO E MOVEIS LTDA e Interessado: FAZENDA NACIONAL</p><p>DIA 15 de Setembro de 2022, ÀS 14:00 HORAS</p><p>Relator(a): RAFAEL ZEDRAL</p><p>26 - Processo nº: 12155.720503/2015-13 - Recorrente: W.L. REPRESENTACOES LTDA e Interessado: FAZENDA NACIONAL</p><p>27 - Processo nº: 10880.923182/2012-26 - Recorrente: INVESTFOMENTO MERCANTIL LTDA e Interessado: FAZENDA NACIONAL</p><p>28 - Processo nº: 10665.900091/2012-67 - Recorrente: USINA DE PRE-MOLDADOS CAMPO BELO LTDA e Interessado: FAZENDA NACIONAL</p><p>29 - Processo nº: 10880.659930/2011-21 - Recorrente: BIOSINTETICA FARMACEUTICA LTDA e Interessado: FAZENDA NACIONAL</p><p>30 - Processo nº: 10925.901981/2014-40 - Recorrente: AMBIENTALIS ENGENHARIA LTDA e Interessado: FAZENDA NACIONAL</p><p>31 - Processo nº: 10880.979782/2018-34 - Recorrente: ATACADAO S.A. e Interessado: FAZENDA NACIONAL</p><p>32 - Processo nº: 10880.959538/2013-41 - Recorrente: ATACADAO S.A. e Interessado: FAZENDA NACIONAL</p><p class="assina">Weslei José Rodrigues</p><p class="cargo">Chefe do Serviço de Preparo do Julgamento</p><p class="assina">Ailton Neves da Silva</p><p class="cargo">Presidente da 2ª Turma Extraordinária da 1ª Seção do CARF</p>]]></Texto>
  </body>
  <Midias />
</article></xml>