﻿<xml><article id="27708989" name="Int_REH_3.066_2022_SGT_Retif(3)" idOficio="7355856" pubName="DO1" artType="Retificação" pubDate="25/08/2022" artClass="00023:00029:00020:00000:00000:00000:00000:00000:00000:00000:00066:00002" artCategory="Ministério de Minas e Energia/Agência Nacional de Energia Elétrica/Diretoria Colegiada da ANEEL" artSize="24" artNotes="" numberPage="258" pdfPage="http://pesquisa.in.gov.br/imprensa/jsp/visualiza/index.jsp?data=25/08/2022&amp;jornal=515&amp;pagina=258" editionNumber="162" highlightType="" highlightPriority="" highlight="" highlightimage="" highlightimagename="" idMateria="14837047">
  <body>
    <Identifica><![CDATA[ RETIFICAÇÃO]]></Identifica>
    <Data><![CDATA[]]></Data>
    <Ementa />
    <Titulo />
    <SubTitulo />
    <Texto><![CDATA[<p class="identifica">RETIFICAÇÃO</p><p>Na Resolução Homologatória nº 3.066, de 12 de julho de 2022, constante no Processo n° 48500.000394/2022-13, cujo resumo foi publicado no DIÁRIO OFICIAL de 14 de julho de 2022, Seção 1, página 128, v. 160, n. 132., foram alterados os Anexos I e III, mediante a alteração de nome de Ponto de Conexão. A íntegra desta Resolução e seus anexos constam dos autos e estarão disponíveis em biblioteca.aneel.gov.br</p><p>No Anexo I, onde se lê:</p><p /><p></p><table><tr /><tr><td rowspan="1" colspan="1"><p>Nº Barra</p></td><td rowspan="1" colspan="1"><p>Nome do Ponto de Conexão</p></td><td rowspan="1" colspan="1"><p>TUST-RB (R$/kW)</p></td></tr><tr><td rowspan="1" colspan="1"><p>6551</p></td><td rowspan="1" colspan="1"><p>MIRAMAR - 230</p></td><td rowspan="1" colspan="1"><p>4,649</p></td></tr></table><p>Leia-se:</p><p /><p></p><table><tr /><tr><td rowspan="1" colspan="1"><p>Nº Barra</p></td><td rowspan="1" colspan="1"><p>Nome do Ponto de Conexão</p></td><td rowspan="1" colspan="1"><p>TUST-RB (R$/kW)</p></td></tr><tr><td rowspan="1" colspan="1"><p>6551</p></td><td rowspan="1" colspan="1"><p>TAPAJOS 2 - 230</p></td><td rowspan="1" colspan="1"><p>4,649</p></td></tr></table><p>No Anexo III, onde se lê:</p><p /><p></p><table><tr /><tr><td rowspan="1" colspan="1"><p>Nº Barra</p></td><td rowspan="1" colspan="1"><p>Nome do Ponto de Conexão</p></td><td rowspan="1" colspan="1"><p>TUST-RB PONTA (RS/kW)</p></td><td rowspan="1" colspan="1"><p>TUST-RB FORA-PONTA (RS/kW)</p></td><td rowspan="1" colspan="1"><p>TUST-FR PONTA (RS/kW)</p></td><td rowspan="1" colspan="1"><p>TUST-FR FORAPONTA (RS/kW)</p></td></tr><tr><td rowspan="1" colspan="1"><p>6551</p></td><td rowspan="1" colspan="1"><p>MIRAMAR - 230</p></td><td rowspan="1" colspan="1"><p>9,615</p></td><td rowspan="1" colspan="1"><p>9,781</p></td><td rowspan="1" colspan="1"><p>-</p></td><td rowspan="1" colspan="1"><p>-</p></td></tr></table><p>Leia-se:</p><p /><p></p><table><tr /><tr><td rowspan="1" colspan="1"><p>Nº Barra</p></td><td rowspan="1" colspan="1"><p>Nome do Ponto de Conexão</p></td><td rowspan="1" colspan="1"><p>TUST-RB PONTA (RS/kW)</p></td><td rowspan="1" colspan="1"><p>TUST-RB FORA-PONTA (RS/kW)</p></td><td rowspan="1" colspan="1"><p>TUST-FR PONTA (RS/kW)</p></td><td rowspan="1" colspan="1"><p>TUST-FR FORAPONTA (RS/kW)</p></td></tr><tr><td rowspan="1" colspan="1"><p>6551</p></td><td rowspan="1" colspan="1"><p>TAPAJOS 2 - 230</p></td><td rowspan="1" colspan="1"><p>9,615</p></td><td rowspan="1" colspan="1"><p>9,781</p></td><td rowspan="1" colspan="1"><p>-</p></td><td rowspan="1" colspan="1"><p>-</p></td></tr></table>]]></Texto>
  </body>
  <Midias />
</article></xml>