﻿<xml><article id="27705426" name="RESOLUAAO NA 26" idOficio="7355268" pubName="DO1" artType="Resolução" pubDate="25/08/2022" artClass="00007:00051:00000:00000:00000:00000:00000:00000:00000:00000:00005:00004" artCategory="Ministério da Agricultura, Pecuária e Abastecimento/Secretaria de Política Agrícola" artSize="12" artNotes="" numberPage="19" pdfPage="http://pesquisa.in.gov.br/imprensa/jsp/visualiza/index.jsp?data=25/08/2022&amp;jornal=515&amp;pagina=19" editionNumber="162" highlightType="" highlightPriority="" highlight="" highlightimage="" highlightimagename="" idMateria="14836191">
  <body>
    <Identifica><![CDATA[RESOLUÇÃO Nº 26, DE 23 DE AGOSTO DE 2022]]></Identifica>
    <Data><![CDATA[]]></Data>
    <Ementa><![CDATA[Divulga resultado do julgamento de recursos da Comissão Especial de Recursos (CER) do Programa de Garantia da Atividade Agropecuária (PROAGRO).]]></Ementa>
    <Titulo />
    <SubTitulo />
    <Texto><![CDATA[<p class="identifica">RESOLUÇÃO Nº 26, DE 23 DE AGOSTO DE 2022</p><p class="ementa">Divulga resultado do julgamento de recursos da Comissão Especial de Recursos (CER) do Programa de Garantia da Atividade Agropecuária (PROAGRO).</p><p>A Comissão Especial de Recursos do Programa de Garantia da Atividade Agropecuária (CER/PROAGRO), no uso de suas competências conferidas pelo disposto no Decreto nº 10.124, de 21 de novembro de 2019, em julgamento remoto realizado em Brasília/DF, entre os dias 19 e 29 de julho de 2022, resolve:</p><p>Art 1º Negar, por maioria na votação, os recursos abaixo relacionados:</p><p /><p></p><table><tr /><tr><td rowspan="1" colspan="1"><p>Item</p></td><td rowspan="1" colspan="1"><p>N° CER</p></td><td rowspan="1" colspan="1"><p>Mutuário</p></td><td rowspan="1" colspan="1"><p>Ref Bac</p></td><td rowspan="1" colspan="1"><p>Proagro</p></td></tr><tr><td rowspan="1" colspan="1"><p>1</p></td><td rowspan="1" colspan="1"><p>21066.009918/2021-62</p></td><td rowspan="1" colspan="1"><p>Adilson Marzurkiewicz</p></td><td rowspan="1" colspan="1"><p>20200177625</p></td><td rowspan="1" colspan="1"><p>Mais</p></td></tr><tr><td rowspan="1" colspan="1"><p>2</p></td><td rowspan="1" colspan="1"><p>21066.009802/2021-23</p></td><td rowspan="1" colspan="1"><p>Dorval Ferreira</p></td><td rowspan="1" colspan="1"><p>20200297372</p></td><td rowspan="1" colspan="1"><p>Mais</p></td></tr><tr><td rowspan="1" colspan="1"><p>3</p></td><td rowspan="1" colspan="1"><p>21066.009404/2021-15</p></td><td rowspan="1" colspan="1"><p>Edemir Miotto</p></td><td rowspan="1" colspan="1"><p>20200046988</p></td><td rowspan="1" colspan="1"><p>Mais</p></td></tr><tr><td rowspan="1" colspan="1"><p>4</p></td><td rowspan="1" colspan="1"><p>21066.010606/2021-00</p></td><td rowspan="1" colspan="1"><p>Gabriel Goliszevski</p></td><td rowspan="1" colspan="1"><p>20200935862</p></td><td rowspan="1" colspan="1"><p>Tradicional</p></td></tr><tr><td rowspan="1" colspan="1"><p>5</p></td><td rowspan="1" colspan="1"><p>21066.009822/2021-02</p></td><td rowspan="1" colspan="1"><p>Ivalino Luiz Castro</p></td><td rowspan="1" colspan="1"><p>20201011575</p></td><td rowspan="1" colspan="1"><p>Mais</p></td></tr><tr><td rowspan="1" colspan="1"><p>6</p></td><td rowspan="1" colspan="1"><p>21066.009854/2021-08</p></td><td rowspan="1" colspan="1"><p>Jesuino Bianchetti</p></td><td rowspan="1" colspan="1"><p>20201319709</p></td><td rowspan="1" colspan="1"><p>Mais</p></td></tr><tr><td rowspan="1" colspan="1"><p>7</p></td><td rowspan="1" colspan="1"><p>21066.009524/2021-12</p></td><td rowspan="1" colspan="1"><p>Josefa Souza Da Silva</p></td><td rowspan="1" colspan="1"><p>20191446106</p></td><td rowspan="1" colspan="1"><p>Mais</p></td></tr><tr><td rowspan="1" colspan="1"><p>8</p></td><td rowspan="1" colspan="1"><p>21066.009886/2021-03</p></td><td rowspan="1" colspan="1"><p>Juarez Franceschini</p></td><td rowspan="1" colspan="1"><p>20191239130</p></td><td rowspan="1" colspan="1"><p>Mais</p></td></tr><tr><td rowspan="1" colspan="1"><p>9</p></td><td rowspan="1" colspan="1"><p>21066.009570/2021-11</p></td><td rowspan="1" colspan="1"><p>Liberto A Boer</p></td><td rowspan="1" colspan="1"><p>20191090324</p></td><td rowspan="1" colspan="1"><p>Mais</p></td></tr><tr><td rowspan="1" colspan="1"><p>10</p></td><td rowspan="1" colspan="1"><p>21066.009478/2021-43</p></td><td rowspan="1" colspan="1"><p>Luiz Ricardo Bernardi Brum</p></td><td rowspan="1" colspan="1"><p>20191020872</p></td><td rowspan="1" colspan="1"><p>Tradicional</p></td></tr><tr><td rowspan="1" colspan="1"><p>11</p></td><td rowspan="1" colspan="1"><p>21066.009936/2021-44</p></td><td rowspan="1" colspan="1"><p>Marcos Antonio Sartori</p></td><td rowspan="1" colspan="1"><p>20201363039</p></td><td rowspan="1" colspan="1"><p>Mais</p></td></tr><tr><td rowspan="1" colspan="1"><p>12</p></td><td rowspan="1" colspan="1"><p>21066.009792/2021-26</p></td><td rowspan="1" colspan="1"><p>Mauricio Debastiani Piaia</p></td><td rowspan="1" colspan="1"><p>20191065082</p></td><td rowspan="1" colspan="1"><p>Mais</p></td></tr><tr><td rowspan="1" colspan="1"><p>13</p></td><td rowspan="1" colspan="1"><p>21066.009902/2021-50</p></td><td rowspan="1" colspan="1"><p>Severino Albani</p></td><td rowspan="1" colspan="1"><p>20200437866</p></td><td rowspan="1" colspan="1"><p>Mais</p></td></tr><tr><td rowspan="1" colspan="1"><p>14</p></td><td rowspan="1" colspan="1"><p>21066.008856/2021-71</p></td><td rowspan="1" colspan="1"><p>Tiago Di Domenico</p></td><td rowspan="1" colspan="1"><p>20200671924</p></td><td rowspan="1" colspan="1"><p>Mais</p></td></tr></table><p>Art. 2º. Esta Resolução entra em vigor na data de sua publicação.</p><p class="assina">GUILHERME SORIA BASTOS FILHO</p><p class="cargo">Presidente Comissão Especial de Recursos</p>]]></Texto>
  </body>
  <Midias />
</article></xml>