﻿<xml><article id="27709118" name="Int_Desp_2.321_2022_SRM" idOficio="7355889" pubName="DO1" artType="Despacho" pubDate="25/08/2022" artClass="00023:00029:00048:00000:00000:00000:00000:00000:00000:00000:00024:00000" artCategory="Ministério de Minas e Energia/Agência Nacional de Energia Elétrica/Superintendência de Regulação Econômica e Estudos do Mercado" artSize="24" artNotes="" numberPage="258" pdfPage="http://pesquisa.in.gov.br/imprensa/jsp/visualiza/index.jsp?data=25/08/2022&amp;jornal=515&amp;pagina=258" editionNumber="162" highlightType="" highlightPriority="" highlight="" highlightimage="" highlightimagename="" idMateria="14837093">
  <body>
    <Identifica><![CDATA[ DESPACHO Nº 2.321, DE 23 DE AGOSTO DE 2022]]></Identifica>
    <Data><![CDATA[]]></Data>
    <Ementa />
    <Titulo />
    <SubTitulo />
    <Texto><![CDATA[<p class="identifica">DESPACHO Nº 2.321, DE 23 DE AGOSTO DE 2022</p><p>O SUPERINTENDENTE DE REGULAÇÃO ECONÔMICA E ESTUDOS DO MERCADO DA AGÊNCIA NACIONAL DE ENERGIA ELÉTRICA - ANEEL, no uso das atribuições conferidas pelo art. 1º, inciso V, da Portaria ANEEL nº 3.925, de 29 de março de 2016, considerando o disposto na Lei nº 10.848, de 15 de março de 2004, no Decreto nº 5.163, de 30 de julho de 2004, nas Resoluções Normativas nº 1.009, de 22 de março de 2022, e nº 803 de 23 de janeiro de 2018, e o que consta do Processo nº 48500.006550/2009-74, decide homologar o 11º Termo Aditivo ao Contrato de Comercialização de Energia com Agente Supridor - CCESUP (Nº 57380/OCCA), celebrado entre a Cooperativa de Eletrificação Rural da Região de Promissão - CERPRO (suprida), CNPJ nº 44.560.381/0001-39, e a Companhia Paulista de Força e Luz - CPFL Paulista (supridora), CNPJ nº 33.050.196/0001-88, conforme tabela a seguir:</p><p /><p></p><table><tr /><tr><td rowspan="1" colspan="1"><p>Mês</p></td><td rowspan="1" colspan="5"><p>11º Termo Aditivo (MWh)</p></td></tr><tr><td rowspan="1" colspan="1" /><td rowspan="1" colspan="1"><p>2023</p></td><td rowspan="1" colspan="1"><p>2024</p></td><td rowspan="1" colspan="1"><p>2025</p></td><td rowspan="1" colspan="1"><p>2026</p></td><td rowspan="1" colspan="1"><p>2027</p></td></tr><tr><td rowspan="1" colspan="1"><p>Janeiro</p></td><td rowspan="1" colspan="1"><p>1.033,333</p></td><td rowspan="1" colspan="1"><p>36</p></td><td rowspan="1" colspan="1"><p>36</p></td><td rowspan="1" colspan="1"><p>36</p></td><td rowspan="1" colspan="1"><p>36</p></td></tr><tr><td rowspan="1" colspan="1"><p>Fevereiro</p></td><td rowspan="1" colspan="1"><p>1.033,333</p></td><td rowspan="1" colspan="1" /><td rowspan="1" colspan="1" /><td rowspan="1" colspan="1" /><td rowspan="1" colspan="1" /></tr><tr><td rowspan="1" colspan="1"><p>Março</p></td><td rowspan="1" colspan="1"><p>1.033,333</p></td><td rowspan="1" colspan="1" /><td rowspan="1" colspan="1" /><td rowspan="1" colspan="1" /><td rowspan="1" colspan="1" /></tr><tr><td rowspan="1" colspan="1"><p>Abril</p></td><td rowspan="1" colspan="1"><p>1.033,333</p></td><td rowspan="1" colspan="1" /><td rowspan="1" colspan="1" /><td rowspan="1" colspan="1" /><td rowspan="1" colspan="1" /></tr><tr><td rowspan="1" colspan="1"><p>Maio</p></td><td rowspan="1" colspan="1"><p>3</p></td><td rowspan="1" colspan="1" /><td rowspan="1" colspan="1" /><td rowspan="1" colspan="1" /><td rowspan="1" colspan="1" /></tr><tr><td rowspan="1" colspan="1"><p>Junho</p></td><td rowspan="1" colspan="1"><p>3</p></td><td rowspan="1" colspan="1" /><td rowspan="1" colspan="1" /><td rowspan="1" colspan="1" /><td rowspan="1" colspan="1" /></tr><tr><td rowspan="1" colspan="1"><p>Julho</p></td><td rowspan="1" colspan="1"><p>3</p></td><td rowspan="1" colspan="1" /><td rowspan="1" colspan="1" /><td rowspan="1" colspan="1" /><td rowspan="1" colspan="1" /></tr><tr><td rowspan="1" colspan="1"><p>Agosto</p></td><td rowspan="1" colspan="1"><p>3</p></td><td rowspan="1" colspan="1" /><td rowspan="1" colspan="1" /><td rowspan="1" colspan="1" /><td rowspan="1" colspan="1" /></tr><tr><td rowspan="1" colspan="1"><p>Setembro</p></td><td rowspan="1" colspan="1"><p>3</p></td><td rowspan="1" colspan="1" /><td rowspan="1" colspan="1" /><td rowspan="1" colspan="1" /><td rowspan="1" colspan="1" /></tr><tr><td rowspan="1" colspan="1"><p>Outubro</p></td><td rowspan="1" colspan="1"><p>3</p></td><td rowspan="1" colspan="1" /><td rowspan="1" colspan="1" /><td rowspan="1" colspan="1" /><td rowspan="1" colspan="1" /></tr><tr><td rowspan="1" colspan="1"><p>Novembro</p></td><td rowspan="1" colspan="1"><p>3</p></td><td rowspan="1" colspan="1" /><td rowspan="1" colspan="1" /><td rowspan="1" colspan="1" /><td rowspan="1" colspan="1" /></tr><tr><td rowspan="1" colspan="1"><p>Dezembro</p></td><td rowspan="1" colspan="1"><p>3</p></td><td rowspan="1" colspan="1" /><td rowspan="1" colspan="1" /><td rowspan="1" colspan="1" /><td rowspan="1" colspan="1" /></tr><tr><td rowspan="1" colspan="1"><p>TOTAL</p></td><td rowspan="1" colspan="1"><p>4.157,332</p></td><td rowspan="1" colspan="1" /><td rowspan="1" colspan="1" /><td rowspan="1" colspan="1" /><td rowspan="1" colspan="1" /></tr></table><p class="assina">JÚLIO CÉSAR REZENDE FERRAZ</p>]]></Texto>
  </body>
  <Midias />
</article></xml>