﻿<xml><article id="27705492" name="ADE4PARAIBA5" idOficio="7355251" pubName="DO1" artType="Ato Declaratório" pubDate="25/08/2022" artClass="00015:00045:00432:00096:00007:00000:00000:00000:00000:00000:00007:00000" artCategory="Ministério da Economia/Secretaria Especial da Receita Federal do Brasil/Subsecretaria-Geral da Receita Federal do Brasil/Superintendência Regional da 4ª Região Fiscal/Delegacia da Receita Federal do Brasil em João Pessoa" artSize="12" artNotes="" numberPage="209" pdfPage="http://pesquisa.in.gov.br/imprensa/jsp/visualiza/index.jsp?data=25/08/2022&amp;jornal=515&amp;pagina=209" editionNumber="162" highlightType="" highlightPriority="" highlight="" highlightimage="" highlightimagename="" idMateria="14836210">
  <body>
    <Identifica><![CDATA[ ATO DECLARATÓRIO EXECUTIVO Nº 5, DE 24 DE AGOSTO DE 2022]]></Identifica>
    <Data><![CDATA[]]></Data>
    <Ementa><![CDATA[ Inclui pessoas físicas no registro de despachantes aduaneiros e de ajudantes de despachantes aduaneiros.09]]></Ementa>
    <Titulo />
    <SubTitulo />
    <Texto><![CDATA[<p class="identifica">ATO DECLARATÓRIO EXECUTIVO Nº 5, DE 24 DE AGOSTO DE 2022</p><p class="ementa">Inclui pessoas físicas no registro de despachantes aduaneiros e de ajudantes de despachantes aduaneiros.09</p><p>O DELEGADO DA RECEITA FEDERAL DO BRASIL NA PARAÍBA, no uso das atribuições previstas nos artigos 360, inciso III e 364, inciso VI, da Portaria ME nº 284, de 27 de julho de 2020 (DOU de 27/07/2020), combinado com o § 3º, do art. 810, do Decreto nº 6.759, de 05 de fevereiro de 2009 (Regulamento Aduaneiro - DOU de 06/02/2009), para decidir e expedir Ato Declaratório Executivo com vistas à inclusão de pessoas físicas no Registro de Despachante Aduaneiro e Ajudante de Despachante Aduaneiro, declara:</p><p>Art. 1º - Incluído no Registro de Ajudante Despachante Aduaneiro:</p><p /><p></p><table><tr /><tr><td rowspan="1" colspan="1"><p>NOME</p></td><td rowspan="1" colspan="1"><p>CPF</p></td><td rowspan="1" colspan="1"><p>PROCESSO</p></td></tr><tr><td rowspan="1" colspan="1"><p>RAFAEL RIBEIRO OLIVEIRA</p></td><td rowspan="1" colspan="1"><p>044.793.143-18</p></td><td rowspan="1" colspan="1"><p>13083.108612/2022-32</p></td></tr></table><p>Art. 2º - O Ajudante de Despachante Aduaneiro retromencionado deverá, também, incluir seus dados cadastrais, mediante utilização de certificado digital, no Cadastro Aduaneiro Informatizado de Intervenientes no Comércio Exterior - CAD-ADUANA, para sua efetivação junto ao Registro Informatizado de Despachante Aduaneiro e Ajudante de Despachante Aduaneiro, de acordo com o ADE-COANA nº16, de 08/06/2012, publicado no DOU de 11/06/2012, alterado pelos ADE-COANA nº27, de 17 de setembro de 2013.</p><p>Art. 3º - Este Ato Declaratório Executivo entra em vigor na data de sua publicação no Diário Oficial da União.</p><p class="assina">HAMILTON SOBRAL GUEDES</p>]]></Texto>
  </body>
  <Midias />
</article></xml>