﻿<xml><article id="27700200" name="PORTARIA RE-GAB-IFPA No 1 DE 24 " idOficio="7354187" pubName="DO1" artType="Portaria" pubDate="25/08/2022" artClass="00018:00062:00001:00000:00000:00000:00000:00000:00000:00000:00054:00000" artCategory="Ministério da Educação/Instituto Federal de Educação, Ciência e Tecnologia do Pará/Reitoria" artSize="12" artNotes="" numberPage="236" pdfPage="http://pesquisa.in.gov.br/imprensa/jsp/visualiza/index.jsp?data=25/08/2022&amp;jornal=515&amp;pagina=236" editionNumber="162" highlightType="" highlightPriority="" highlight="" highlightimage="" highlightimagename="" idMateria="14834579">
  <body>
    <Identifica />
    <Data><![CDATA[]]></Data>
    <Ementa />
    <Titulo />
    <SubTitulo />
    <Texto><![CDATA[<p /><p></p><table><tr><td rowspan="1" colspan="1"><p>Conselho Superior</p></td><td rowspan="1" colspan="1"><p>Resolução</p></td><td rowspan="1" colspan="1"><p>10</p></td><td rowspan="1" colspan="1"><p>2012</p></td></tr><tr><td rowspan="1" colspan="1"><p>Conselho Superior</p></td><td rowspan="1" colspan="1"><p>Resolução</p></td><td rowspan="1" colspan="1"><p>9</p></td><td rowspan="1" colspan="1"><p>2012</p></td></tr><tr><td rowspan="1" colspan="1"><p>Conselho Superior</p></td><td rowspan="1" colspan="1"><p>Resolução</p></td><td rowspan="1" colspan="1"><p>8</p></td><td rowspan="1" colspan="1"><p>2012</p></td></tr><tr><td rowspan="1" colspan="1"><p>Conselho Superior</p></td><td rowspan="1" colspan="1"><p>Resolução</p></td><td rowspan="1" colspan="1"><p>7</p></td><td rowspan="1" colspan="1"><p>2012</p></td></tr><tr><td rowspan="1" colspan="1"><p>Conselho Superior</p></td><td rowspan="1" colspan="1"><p>Resolução</p></td><td rowspan="1" colspan="1"><p>6</p></td><td rowspan="1" colspan="1"><p>2012</p></td></tr><tr><td rowspan="1" colspan="1"><p>Conselho Superior</p></td><td rowspan="1" colspan="1"><p>Resolução</p></td><td rowspan="1" colspan="1"><p>5</p></td><td rowspan="1" colspan="1"><p>2012</p></td></tr><tr><td rowspan="1" colspan="1"><p>Conselho Superior</p></td><td rowspan="1" colspan="1"><p>Resolução</p></td><td rowspan="1" colspan="1"><p>4</p></td><td rowspan="1" colspan="1"><p>2012</p></td></tr><tr><td rowspan="1" colspan="1"><p>Conselho Superior</p></td><td rowspan="1" colspan="1"><p>Resolução</p></td><td rowspan="1" colspan="1"><p>3</p></td><td rowspan="1" colspan="1"><p>2012</p></td></tr><tr><td rowspan="1" colspan="1"><p>Conselho Superior</p></td><td rowspan="1" colspan="1"><p>Resolução</p></td><td rowspan="1" colspan="1"><p>2</p></td><td rowspan="1" colspan="1"><p>2012</p></td></tr><tr><td rowspan="1" colspan="1"><p>Conselho Superior</p></td><td rowspan="1" colspan="1"><p>Resolução</p></td><td rowspan="1" colspan="1"><p>1</p></td><td rowspan="1" colspan="1"><p>2012</p></td></tr><tr><td rowspan="1" colspan="1"><p>Conselho Superior</p></td><td rowspan="1" colspan="1"><p>Resolução</p></td><td rowspan="1" colspan="1"><p>33</p></td><td rowspan="1" colspan="1"><p>2011</p></td></tr><tr><td rowspan="1" colspan="1"><p>Conselho Superior</p></td><td rowspan="1" colspan="1"><p>Resolução</p></td><td rowspan="1" colspan="1"><p>32</p></td><td rowspan="1" colspan="1"><p>2011</p></td></tr><tr><td rowspan="1" colspan="1"><p>Conselho Superior</p></td><td rowspan="1" colspan="1"><p>Resolução</p></td><td rowspan="1" colspan="1"><p>31</p></td><td rowspan="1" colspan="1"><p>2011</p></td></tr><tr><td rowspan="1" colspan="1"><p>Conselho Superior</p></td><td rowspan="1" colspan="1"><p>Resolução</p></td><td rowspan="1" colspan="1"><p>28</p></td><td rowspan="1" colspan="1"><p>2011</p></td></tr><tr><td rowspan="1" colspan="1"><p>Conselho Superior</p></td><td rowspan="1" colspan="1"><p>Resolução</p></td><td rowspan="1" colspan="1"><p>27</p></td><td rowspan="1" colspan="1"><p>2011</p></td></tr><tr><td rowspan="1" colspan="1"><p>Conselho Superior</p></td><td rowspan="1" colspan="1"><p>Resolução</p></td><td rowspan="1" colspan="1"><p>26</p></td><td rowspan="1" colspan="1"><p>2011</p></td></tr><tr><td rowspan="1" colspan="1"><p>Conselho Superior</p></td><td rowspan="1" colspan="1"><p>Resolução</p></td><td rowspan="1" colspan="1"><p>25</p></td><td rowspan="1" colspan="1"><p>2011</p></td></tr><tr><td rowspan="1" colspan="1"><p>Conselho Superior</p></td><td rowspan="1" colspan="1"><p>Resolução</p></td><td rowspan="1" colspan="1"><p>24</p></td><td rowspan="1" colspan="1"><p>2011</p></td></tr><tr><td rowspan="1" colspan="1"><p>Conselho Superior</p></td><td rowspan="1" colspan="1"><p>Resolução</p></td><td rowspan="1" colspan="1"><p>23</p></td><td rowspan="1" colspan="1"><p>2011</p></td></tr><tr><td rowspan="1" colspan="1"><p>Conselho Superior</p></td><td rowspan="1" colspan="1"><p>Resolução</p></td><td rowspan="1" colspan="1"><p>22</p></td><td rowspan="1" colspan="1"><p>2011</p></td></tr><tr><td rowspan="1" colspan="1"><p>Conselho Superior</p></td><td rowspan="1" colspan="1"><p>Resolução</p></td><td rowspan="1" colspan="1"><p>21</p></td><td rowspan="1" colspan="1"><p>2011</p></td></tr><tr><td rowspan="1" colspan="1"><p>Conselho Superior</p></td><td rowspan="1" colspan="1"><p>Resolução</p></td><td rowspan="1" colspan="1"><p>20</p></td><td rowspan="1" colspan="1"><p>2011</p></td></tr><tr><td rowspan="1" colspan="1"><p>Conselho Superior</p></td><td rowspan="1" colspan="1"><p>Resolução</p></td><td rowspan="1" colspan="1"><p>19</p></td><td rowspan="1" colspan="1"><p>2011</p></td></tr><tr><td rowspan="1" colspan="1"><p>Conselho Superior</p></td><td rowspan="1" colspan="1"><p>Resolução</p></td><td rowspan="1" colspan="1"><p>18</p></td><td rowspan="1" colspan="1"><p>2011</p></td></tr><tr><td rowspan="1" colspan="1"><p>Conselho Superior</p></td><td rowspan="1" colspan="1"><p>Resolução</p></td><td rowspan="1" colspan="1"><p>17</p></td><td rowspan="1" colspan="1"><p>2011</p></td></tr><tr><td rowspan="1" colspan="1"><p>Conselho Superior</p></td><td rowspan="1" colspan="1"><p>Resolução</p></td><td rowspan="1" colspan="1"><p>15</p></td><td rowspan="1" colspan="1"><p>2011</p></td></tr><tr><td rowspan="1" colspan="1"><p>Conselho Superior</p></td><td rowspan="1" colspan="1"><p>Resolução</p></td><td rowspan="1" colspan="1"><p>13</p></td><td rowspan="1" colspan="1"><p>2011</p></td></tr><tr><td rowspan="1" colspan="1"><p>Conselho Superior</p></td><td rowspan="1" colspan="1"><p>Resolução</p></td><td rowspan="1" colspan="1"><p>12</p></td><td rowspan="1" colspan="1"><p>2011</p></td></tr><tr><td rowspan="1" colspan="1"><p>Conselho Superior</p></td><td rowspan="1" colspan="1"><p>Resolução</p></td><td rowspan="1" colspan="1"><p>11</p></td><td rowspan="1" colspan="1"><p>2011</p></td></tr><tr><td rowspan="1" colspan="1"><p>Conselho Superior</p></td><td rowspan="1" colspan="1"><p>Resolução</p></td><td rowspan="1" colspan="1"><p>10</p></td><td rowspan="1" colspan="1"><p>2011</p></td></tr><tr><td rowspan="1" colspan="1"><p>Conselho Superior</p></td><td rowspan="1" colspan="1"><p>Resolução</p></td><td rowspan="1" colspan="1"><p>9</p></td><td rowspan="1" colspan="1"><p>2011</p></td></tr><tr><td rowspan="1" colspan="1"><p>Conselho Superior</p></td><td rowspan="1" colspan="1"><p>Resolução</p></td><td rowspan="1" colspan="1"><p>8</p></td><td rowspan="1" colspan="1"><p>2011</p></td></tr><tr><td rowspan="1" colspan="1"><p>Conselho Superior</p></td><td rowspan="1" colspan="1"><p>Resolução</p></td><td rowspan="1" colspan="1"><p>7</p></td><td rowspan="1" colspan="1"><p>2011</p></td></tr><tr><td rowspan="1" colspan="1"><p>Conselho Superior</p></td><td rowspan="1" colspan="1"><p>Resolução</p></td><td rowspan="1" colspan="1"><p>6</p></td><td rowspan="1" colspan="1"><p>2011</p></td></tr><tr><td rowspan="1" colspan="1"><p>Conselho Superior</p></td><td rowspan="1" colspan="1"><p>Resolução</p></td><td rowspan="1" colspan="1"><p>5</p></td><td rowspan="1" colspan="1"><p>2011</p></td></tr><tr><td rowspan="1" colspan="1"><p>Conselho Superior</p></td><td rowspan="1" colspan="1"><p>Resolução</p></td><td rowspan="1" colspan="1"><p>4</p></td><td rowspan="1" colspan="1"><p>2011</p></td></tr><tr><td rowspan="1" colspan="1"><p>Conselho Superior</p></td><td rowspan="1" colspan="1"><p>Resolução</p></td><td rowspan="1" colspan="1"><p>3</p></td><td rowspan="1" colspan="1"><p>2011</p></td></tr><tr><td rowspan="1" colspan="1"><p>Conselho Superior</p></td><td rowspan="1" colspan="1"><p>Resolução</p></td><td rowspan="1" colspan="1"><p>2</p></td><td rowspan="1" colspan="1"><p>2011</p></td></tr><tr><td rowspan="1" colspan="1"><p>Conselho Superior</p></td><td rowspan="1" colspan="1"><p>Resolução</p></td><td rowspan="1" colspan="1"><p>1</p></td><td rowspan="1" colspan="1"><p>2011</p></td></tr><tr><td rowspan="1" colspan="1"><p>Conselho Superior</p></td><td rowspan="1" colspan="1"><p>Resolução</p></td><td rowspan="1" colspan="1"><p>68</p></td><td rowspan="1" colspan="1"><p>2010</p></td></tr><tr><td rowspan="1" colspan="1"><p>Conselho Superior</p></td><td rowspan="1" colspan="1"><p>Resolução</p></td><td rowspan="1" colspan="1"><p>67</p></td><td rowspan="1" colspan="1"><p>2010</p></td></tr><tr><td rowspan="1" colspan="1"><p>Conselho Superior</p></td><td rowspan="1" colspan="1"><p>Resolução</p></td><td rowspan="1" colspan="1"><p>66</p></td><td rowspan="1" colspan="1"><p>2010</p></td></tr><tr><td rowspan="1" colspan="1"><p>Conselho Superior</p></td><td rowspan="1" colspan="1"><p>Resolução</p></td><td rowspan="1" colspan="1"><p>64</p></td><td rowspan="1" colspan="1"><p>2010</p></td></tr><tr><td rowspan="1" colspan="1"><p>Conselho Superior</p></td><td rowspan="1" colspan="1"><p>Resolução</p></td><td rowspan="1" colspan="1"><p>63</p></td><td rowspan="1" colspan="1"><p>2010</p></td></tr><tr><td rowspan="1" colspan="1"><p>Conselho Superior</p></td><td rowspan="1" colspan="1"><p>Resolução</p></td><td rowspan="1" colspan="1"><p>62</p></td><td rowspan="1" colspan="1"><p>2010</p></td></tr><tr><td rowspan="1" colspan="1"><p>Conselho Superior</p></td><td rowspan="1" colspan="1"><p>Resolução</p></td><td rowspan="1" colspan="1"><p>61</p></td><td rowspan="1" colspan="1"><p>2010</p></td></tr><tr><td rowspan="1" colspan="1"><p>Conselho Superior</p></td><td rowspan="1" colspan="1"><p>Resolução</p></td><td rowspan="1" colspan="1"><p>56</p></td><td rowspan="1" colspan="1"><p>2010</p></td></tr><tr><td rowspan="1" colspan="1"><p>Conselho Superior</p></td><td rowspan="1" colspan="1"><p>Resolução</p></td><td rowspan="1" colspan="1"><p>55</p></td><td rowspan="1" colspan="1"><p>2010</p></td></tr><tr><td rowspan="1" colspan="1"><p>Conselho Superior</p></td><td rowspan="1" colspan="1"><p>Resolução</p></td><td rowspan="1" colspan="1"><p>54</p></td><td rowspan="1" colspan="1"><p>2010</p></td></tr><tr><td rowspan="1" colspan="1"><p>Conselho Superior</p></td><td rowspan="1" colspan="1"><p>Resolução</p></td><td rowspan="1" colspan="1"><p>53</p></td><td rowspan="1" colspan="1"><p>2010</p></td></tr><tr><td rowspan="1" colspan="1"><p>Conselho Superior</p></td><td rowspan="1" colspan="1"><p>Resolução</p></td><td rowspan="1" colspan="1"><p>52</p></td><td rowspan="1" colspan="1"><p>2010</p></td></tr><tr><td rowspan="1" colspan="1"><p>Conselho Superior</p></td><td rowspan="1" colspan="1"><p>Resolução</p></td><td rowspan="1" colspan="1"><p>50</p></td><td rowspan="1" colspan="1"><p>2010</p></td></tr><tr><td rowspan="1" colspan="1"><p>Conselho Superior</p></td><td rowspan="1" colspan="1"><p>Resolução</p></td><td rowspan="1" colspan="1"><p>49</p></td><td rowspan="1" colspan="1"><p>2010</p></td></tr><tr><td rowspan="1" colspan="1"><p>Conselho Superior</p></td><td rowspan="1" colspan="1"><p>Resolução</p></td><td rowspan="1" colspan="1"><p>48</p></td><td rowspan="1" colspan="1"><p>2010</p></td></tr><tr><td rowspan="1" colspan="1"><p>Conselho Superior</p></td><td rowspan="1" colspan="1"><p>Resolução</p></td><td rowspan="1" colspan="1"><p>47</p></td><td rowspan="1" colspan="1"><p>2010</p></td></tr><tr><td rowspan="1" colspan="1"><p>Conselho Superior</p></td><td rowspan="1" colspan="1"><p>Resolução</p></td><td rowspan="1" colspan="1"><p>46</p></td><td rowspan="1" colspan="1"><p>2010</p></td></tr><tr><td rowspan="1" colspan="1"><p>Conselho Superior</p></td><td rowspan="1" colspan="1"><p>Resolução</p></td><td rowspan="1" colspan="1"><p>45</p></td><td rowspan="1" colspan="1"><p>2010</p></td></tr><tr><td rowspan="1" colspan="1"><p>Conselho Superior</p></td><td rowspan="1" colspan="1"><p>Resolução</p></td><td rowspan="1" colspan="1"><p>44</p></td><td rowspan="1" colspan="1"><p>2010</p></td></tr><tr><td rowspan="1" colspan="1"><p>Conselho Superior</p></td><td rowspan="1" colspan="1"><p>Resolução</p></td><td rowspan="1" colspan="1"><p>43</p></td><td rowspan="1" colspan="1"><p>2010</p></td></tr><tr><td rowspan="1" colspan="1"><p>Conselho Superior</p></td><td rowspan="1" colspan="1"><p>Resolução</p></td><td rowspan="1" colspan="1"><p>42</p></td><td rowspan="1" colspan="1"><p>2010</p></td></tr><tr><td rowspan="1" colspan="1"><p>Conselho Superior</p></td><td rowspan="1" colspan="1"><p>Resolução</p></td><td rowspan="1" colspan="1"><p>41</p></td><td rowspan="1" colspan="1"><p>2010</p></td></tr><tr><td rowspan="1" colspan="1"><p>Conselho Superior</p></td><td rowspan="1" colspan="1"><p>Resolução</p></td><td rowspan="1" colspan="1"><p>40</p></td><td rowspan="1" colspan="1"><p>2010</p></td></tr><tr><td rowspan="1" colspan="1"><p>Conselho Superior</p></td><td rowspan="1" colspan="1"><p>Resolução</p></td><td rowspan="1" colspan="1"><p>39</p></td><td rowspan="1" colspan="1"><p>2010</p></td></tr><tr><td rowspan="1" colspan="1"><p>Conselho Superior</p></td><td rowspan="1" colspan="1"><p>Resolução</p></td><td rowspan="1" colspan="1"><p>38</p></td><td rowspan="1" colspan="1"><p>2010</p></td></tr><tr><td rowspan="1" colspan="1"><p>Conselho Superior</p></td><td rowspan="1" colspan="1"><p>Resolução</p></td><td rowspan="1" colspan="1"><p>37</p></td><td rowspan="1" colspan="1"><p>2010</p></td></tr><tr><td rowspan="1" colspan="1"><p>Conselho Superior</p></td><td rowspan="1" colspan="1"><p>Resolução</p></td><td rowspan="1" colspan="1"><p>36</p></td><td rowspan="1" colspan="1"><p>2010</p></td></tr><tr><td rowspan="1" colspan="1"><p>Conselho Superior</p></td><td rowspan="1" colspan="1"><p>Resolução</p></td><td rowspan="1" colspan="1"><p>35</p></td><td rowspan="1" colspan="1"><p>2010</p></td></tr><tr><td rowspan="1" colspan="1"><p>Conselho Superior</p></td><td rowspan="1" colspan="1"><p>Resolução</p></td><td rowspan="1" colspan="1"><p>34</p></td><td rowspan="1" colspan="1"><p>2010</p></td></tr><tr><td rowspan="1" colspan="1"><p>Conselho Superior</p></td><td rowspan="1" colspan="1"><p>Resolução</p></td><td rowspan="1" colspan="1"><p>33</p></td><td rowspan="1" colspan="1"><p>2010</p></td></tr><tr><td rowspan="1" colspan="1"><p>Conselho Superior</p></td><td rowspan="1" colspan="1"><p>Resolução</p></td><td rowspan="1" colspan="1"><p>32</p></td><td rowspan="1" colspan="1"><p>2010</p></td></tr><tr><td rowspan="1" colspan="1"><p>Conselho Superior</p></td><td rowspan="1" colspan="1"><p>Resolução</p></td><td rowspan="1" colspan="1"><p>31</p></td><td rowspan="1" colspan="1"><p>2010</p></td></tr><tr><td rowspan="1" colspan="1"><p>Conselho Superior</p></td><td rowspan="1" colspan="1"><p>Resolução</p></td><td rowspan="1" colspan="1"><p>30</p></td><td rowspan="1" colspan="1"><p>2010</p></td></tr><tr><td rowspan="1" colspan="1"><p>Conselho Superior</p></td><td rowspan="1" colspan="1"><p>Resolução</p></td><td rowspan="1" colspan="1"><p>29</p></td><td rowspan="1" colspan="1"><p>2010</p></td></tr><tr><td rowspan="1" colspan="1"><p>Conselho Superior</p></td><td rowspan="1" colspan="1"><p>Resolução</p></td><td rowspan="1" colspan="1"><p>28</p></td><td rowspan="1" colspan="1"><p>2010</p></td></tr><tr><td rowspan="1" colspan="1"><p>Conselho Superior</p></td><td rowspan="1" colspan="1"><p>Resolução</p></td><td rowspan="1" colspan="1"><p>27</p></td><td rowspan="1" colspan="1"><p>2010</p></td></tr><tr><td rowspan="1" colspan="1"><p>Conselho Superior</p></td><td rowspan="1" colspan="1"><p>Resolução</p></td><td rowspan="1" colspan="1"><p>26</p></td><td rowspan="1" colspan="1"><p>2010</p></td></tr><tr><td rowspan="1" colspan="1"><p>Conselho Superior</p></td><td rowspan="1" colspan="1"><p>Resolução</p></td><td rowspan="1" colspan="1"><p>25</p></td><td rowspan="1" colspan="1"><p>2010</p></td></tr><tr><td rowspan="1" colspan="1"><p>Conselho Superior</p></td><td rowspan="1" colspan="1"><p>Resolução</p></td><td rowspan="1" colspan="1"><p>24</p></td><td rowspan="1" colspan="1"><p>2010</p></td></tr><tr><td rowspan="1" colspan="1"><p>Conselho Superior</p></td><td rowspan="1" colspan="1"><p>Resolução</p></td><td rowspan="1" colspan="1"><p>23</p></td><td rowspan="1" colspan="1"><p>2010</p></td></tr><tr><td rowspan="1" colspan="1"><p>Conselho Superior</p></td><td rowspan="1" colspan="1"><p>Resolução</p></td><td rowspan="1" colspan="1"><p>22</p></td><td rowspan="1" colspan="1"><p>2010</p></td></tr><tr><td rowspan="1" colspan="1"><p>Conselho Superior</p></td><td rowspan="1" colspan="1"><p>Resolução</p></td><td rowspan="1" colspan="1"><p>21</p></td><td rowspan="1" colspan="1"><p>2010</p></td></tr><tr><td rowspan="1" colspan="1"><p>Conselho Superior</p></td><td rowspan="1" colspan="1"><p>Resolução</p></td><td rowspan="1" colspan="1"><p>20</p></td><td rowspan="1" colspan="1"><p>2010</p></td></tr><tr><td rowspan="1" colspan="1"><p>Conselho Superior</p></td><td rowspan="1" colspan="1"><p>Resolução</p></td><td rowspan="1" colspan="1"><p>19</p></td><td rowspan="1" colspan="1"><p>2010</p></td></tr><tr><td rowspan="1" colspan="1"><p>Conselho Superior</p></td><td rowspan="1" colspan="1"><p>Resolução</p></td><td rowspan="1" colspan="1"><p>18</p></td><td rowspan="1" colspan="1"><p>2010</p></td></tr><tr><td rowspan="1" colspan="1"><p>Conselho Superior</p></td><td rowspan="1" colspan="1"><p>Resolução</p></td><td rowspan="1" colspan="1"><p>17</p></td><td rowspan="1" colspan="1"><p>2010</p></td></tr><tr><td rowspan="1" colspan="1"><p>Conselho Superior</p></td><td rowspan="1" colspan="1"><p>Resolução</p></td><td rowspan="1" colspan="1"><p>16</p></td><td rowspan="1" colspan="1"><p>2010</p></td></tr><tr><td rowspan="1" colspan="1"><p>Conselho Superior</p></td><td rowspan="1" colspan="1"><p>Resolução</p></td><td rowspan="1" colspan="1"><p>16</p></td><td rowspan="1" colspan="1"><p>2010</p></td></tr><tr><td rowspan="1" colspan="1"><p>Conselho Superior</p></td><td rowspan="1" colspan="1"><p>Resolução</p></td><td rowspan="1" colspan="1"><p>15</p></td><td rowspan="1" colspan="1"><p>2010</p></td></tr><tr><td rowspan="1" colspan="1"><p>Conselho Superior</p></td><td rowspan="1" colspan="1"><p>Resolução</p></td><td rowspan="1" colspan="1"><p>14</p></td><td rowspan="1" colspan="1"><p>2010</p></td></tr><tr><td rowspan="1" colspan="1"><p>Conselho Superior</p></td><td rowspan="1" colspan="1"><p>Resolução</p></td><td rowspan="1" colspan="1"><p>13</p></td><td rowspan="1" colspan="1"><p>2010</p></td></tr><tr><td rowspan="1" colspan="1"><p>Conselho Superior</p></td><td rowspan="1" colspan="1"><p>Resolução</p></td><td rowspan="1" colspan="1"><p>12</p></td><td rowspan="1" colspan="1"><p>2010</p></td></tr><tr><td rowspan="1" colspan="1"><p>Conselho Superior</p></td><td rowspan="1" colspan="1"><p>Resolução</p></td><td rowspan="1" colspan="1"><p>11</p></td><td rowspan="1" colspan="1"><p>2010</p></td></tr><tr><td rowspan="1" colspan="1"><p>Conselho Superior</p></td><td rowspan="1" colspan="1"><p>Resolução</p></td><td rowspan="1" colspan="1"><p>10</p></td><td rowspan="1" colspan="1"><p>2010</p></td></tr><tr><td rowspan="1" colspan="1"><p>Conselho Superior</p></td><td rowspan="1" colspan="1"><p>Resolução</p></td><td rowspan="1" colspan="1"><p>9</p></td><td rowspan="1" colspan="1"><p>2010</p></td></tr><tr><td rowspan="1" colspan="1"><p>Conselho Superior</p></td><td rowspan="1" colspan="1"><p>Resolução</p></td><td rowspan="1" colspan="1"><p>8</p></td><td rowspan="1" colspan="1"><p>2010</p></td></tr><tr><td rowspan="1" colspan="1"><p>Conselho Superior</p></td><td rowspan="1" colspan="1"><p>Resolução</p></td><td rowspan="1" colspan="1"><p>7</p></td><td rowspan="1" colspan="1"><p>2010</p></td></tr><tr><td rowspan="1" colspan="1"><p>Conselho Superior</p></td><td rowspan="1" colspan="1"><p>Resolução</p></td><td rowspan="1" colspan="1"><p>6</p></td><td rowspan="1" colspan="1"><p>2010</p></td></tr><tr><td rowspan="1" colspan="1"><p>Conselho Superior</p></td><td rowspan="1" colspan="1"><p>Resolução</p></td><td rowspan="1" colspan="1"><p>5</p></td><td rowspan="1" colspan="1"><p>2010</p></td></tr><tr><td rowspan="1" colspan="1"><p>Conselho Superior</p></td><td rowspan="1" colspan="1"><p>Resolução</p></td><td rowspan="1" colspan="1"><p>4</p></td><td rowspan="1" colspan="1"><p>2010</p></td></tr><tr><td rowspan="1" colspan="1"><p>Conselho Superior</p></td><td rowspan="1" colspan="1"><p>Resolução</p></td><td rowspan="1" colspan="1"><p>3</p></td><td rowspan="1" colspan="1"><p>2010</p></td></tr><tr><td rowspan="1" colspan="1"><p>Conselho Superior</p></td><td rowspan="1" colspan="1"><p>Resolução</p></td><td rowspan="1" colspan="1"><p>2</p></td><td rowspan="1" colspan="1"><p>2010</p></td></tr><tr><td rowspan="1" colspan="1"><p>Conselho Superior</p></td><td rowspan="1" colspan="1"><p>Resolução</p></td><td rowspan="1" colspan="1"><p>1</p></td><td rowspan="1" colspan="1"><p>2010</p></td></tr></table>]]></Texto>
  </body>
  <Midias />
</article></xml>