﻿<xml><article id="27701669" name="ATA DA 7A SESSAO ORDINARIA - 202" idOficio="7354603" pubName="DO1" artType="Ata" pubDate="25/08/2022" artClass="00020:00029:00030:00000:00000:00000:00000:00000:00000:00000:00005:00000" artCategory="Ministério da Justiça e Segurança Pública/Polícia Rodoviária Federal/Superintendência Regional em São Paulo" artSize="12" artNotes="" numberPage="245" pdfPage="http://pesquisa.in.gov.br/imprensa/jsp/visualiza/index.jsp?data=25/08/2022&amp;jornal=515&amp;pagina=245" editionNumber="162" highlightType="" highlightPriority="" highlight="" highlightimage="" highlightimagename="" idMateria="14835068">
  <body>
    <Identifica><![CDATA[ ATA DA 7ª SESSÃO ORDINÁRIA - ANO 2022 - JARI01 - SPRF-SP]]></Identifica>
    <Data><![CDATA[]]></Data>
    <Ementa />
    <Titulo />
    <SubTitulo />
    <Texto><![CDATA[<p class="identifica">ATA DA 7ª SESSÃO ORDINÁRIA - ANO 2022 - JARI01 - SPRF-SP</p><p>Às nove horas do dia quinze de agosto de dois mil e vinte e dois, foi realizada virtualmente a 7ª (sétima) Reunião Ordinária da Primeira Junta Administrativa de Recursos de Infrações da POLÍCIA RODOVIÁRIA FEDERAL/SPRF/SP, sob a Presidência do Sr. Carlos Magno Santos de Argolo, e contou ainda com a participação dos membros Roberto Roggiero Júnior e Nelson Rossi Padoan. O membro João Burke Passos Filho foi substituído pelo membro Roberto Roggiero Júnior, em razão de seu pedido de desvinculação, conforme Termo de Renúncia (42009477). Foram secretariados por Ligia Frias e André Luís de Almeida Bruni. Os trabalhos foram iniciados com a leitura e respectiva aprovação da Ata da última sessão ordinária. Na ordem do dia, foram apreciados 67 Processos, restando, ainda, deliberado o seguinte:</p><p /><p></p><table><tr /><tr><td rowspan="1" colspan="2"><p>1ª INSTÂNCIA</p></td><td rowspan="1" colspan="1"><p></p></td></tr><tr><td rowspan="1" colspan="2"><p>DECISÃO</p></td><td rowspan="1" colspan="1"><p>SOMA</p></td></tr><tr><td rowspan="1" colspan="1"><p>1</p></td><td rowspan="1" colspan="1"><p>DEFERIDOS:</p></td><td rowspan="1" colspan="1"><p>02</p></td></tr><tr><td rowspan="1" colspan="1"><p>2</p></td><td rowspan="1" colspan="1"><p>INDEFERIDOS</p></td><td rowspan="1" colspan="1"><p>39</p></td></tr><tr><td rowspan="1" colspan="1"><p>3</p></td><td rowspan="1" colspan="1"><p>NÃO CONHECIDOS</p></td><td rowspan="1" colspan="1"><p>26</p></td></tr><tr><td rowspan="1" colspan="1"><p>3.1</p></td><td rowspan="1" colspan="1"><p>por intempestividade</p></td><td rowspan="1" colspan="1"><p>12</p></td></tr><tr><td rowspan="1" colspan="1"><p>3.2</p></td><td rowspan="1" colspan="1"><p>por não comprovar legitimidade de parte</p></td><td rowspan="1" colspan="1"><p>12</p></td></tr><tr><td rowspan="1" colspan="1"><p>3.3</p></td><td rowspan="1" colspan="1"><p>por inépcia da inicial</p></td><td rowspan="1" colspan="1"><p></p></td></tr><tr><td rowspan="1" colspan="1"><p>3.4</p></td><td rowspan="1" colspan="1"><p>por intempestividade e por não comprovar legitimidade</p></td><td rowspan="1" colspan="1"><p>02</p></td></tr><tr><td rowspan="1" colspan="1"><p>3.5</p></td><td rowspan="1" colspan="1"><p>por falta de documentos (Resolução 299/08 CONTRAN)</p></td><td rowspan="1" colspan="1"><p></p></td></tr><tr><td rowspan="1" colspan="1"><p>4</p></td><td rowspan="1" colspan="1"><p>SUSPENSOS</p></td><td rowspan="1" colspan="1"><p></p></td></tr><tr><td rowspan="1" colspan="1"><p>5</p></td><td rowspan="1" colspan="1"><p>ANALISADOS/PRESCRITOS/NÃO AFETOS (Defesa de Autuação, transferência de Responsabilidade, erro de digitação, etc.)</p></td><td rowspan="1" colspan="1"><p></p></td></tr><tr><td rowspan="1" colspan="1"><p>6</p></td><td rowspan="1" colspan="1"><p>RECONSIDERAÇÃO DE ATO</p></td><td rowspan="1" colspan="1"><p></p></td></tr><tr><td rowspan="1" colspan="2"><p>SOMA TOTAL</p></td><td rowspan="1" colspan="1"><p>67</p></td></tr></table><p>OS JULGAMENTOS FORAM PROCESSADOS NA SEGUINTE ORDEM:</p><p>JULGAMENTOS DE 1ª INSTÂNCIA:</p><p>1 - DEFERIDOS:</p><p /><p></p><table><tr /><tr><td rowspan="1" colspan="1"><p>08667.009897/2022-29</p></td><td rowspan="1" colspan="1"><p>EBER CRUZ</p></td><td rowspan="1" colspan="1"><p>R516270168</p></td></tr><tr><td rowspan="1" colspan="1"><p>08662.014049/2020-10</p></td><td rowspan="1" colspan="1"><p>IZABELLA RODE NASCIMENTO</p></td><td rowspan="1" colspan="1"><p>R479063311</p></td></tr></table><p>2 - INDEFERIDOS:</p><p /><p></p><table><tr /><tr><td rowspan="1" colspan="1"><p>08656.058781/2021-61</p></td><td rowspan="1" colspan="1"><p>ALAN EULES DE PAULA BARBOSA</p></td><td rowspan="1" colspan="1"><p>T515900761</p></td></tr><tr><td rowspan="1" colspan="1"><p>08660.042614/2021-30</p></td><td rowspan="1" colspan="1"><p>ALDO MILECH</p></td><td rowspan="1" colspan="1"><p>R521438713</p></td></tr><tr><td rowspan="1" colspan="1"><p>08658.074336/2021-29</p></td><td rowspan="1" colspan="1"><p>ALFREDO ENRRICO MOLETI</p></td><td rowspan="1" colspan="1"><p>T533122887</p></td></tr><tr><td rowspan="1" colspan="1"><p>08650.086732/2021-79</p></td><td rowspan="1" colspan="1"><p>ANDRE LUIZ ALVES SANTOS</p></td><td rowspan="1" colspan="1"><p>T527770884</p></td></tr><tr><td rowspan="1" colspan="1"><p>08650.067605/2021-71</p></td><td rowspan="1" colspan="1"><p>ANDREZA FERREIRA VICTORIANO GALO</p></td><td rowspan="1" colspan="1"><p>T525155708</p></td></tr><tr><td rowspan="1" colspan="1"><p>08650.049576/2021-65</p></td><td rowspan="1" colspan="1"><p>CAROLINA LACERDA THOME OLIVEIRA</p></td><td rowspan="1" colspan="1"><p>T515475769</p></td></tr><tr><td rowspan="1" colspan="1"><p>08650.108301/2021-71</p></td><td rowspan="1" colspan="1"><p>CETRIC CENTRAL DE TRAT DE RESID SOL ND</p></td><td rowspan="1" colspan="1"><p>T533104564</p></td></tr><tr><td rowspan="1" colspan="1"><p>08650.108297/2021-41</p></td><td rowspan="1" colspan="1"><p>CETRIC CENTRAL DE TRAT DE RESID SOL ND</p></td><td rowspan="1" colspan="1"><p>T533104572</p></td></tr><tr><td rowspan="1" colspan="1"><p>08656.069979/2021-71</p></td><td rowspan="1" colspan="1"><p>EDMAR FABIANO DE ALMEIDA ME</p></td><td rowspan="1" colspan="1"><p>T521768276</p></td></tr><tr><td rowspan="1" colspan="1"><p>08650.044212/2021-99</p></td><td rowspan="1" colspan="1"><p>EDMILSON EUGENIO DOS SANTOS</p></td><td rowspan="1" colspan="1"><p>T516993003</p></td></tr><tr><td rowspan="1" colspan="1"><p>08660.019764/2021-40</p></td><td rowspan="1" colspan="1"><p>FERNANDO DA COSTA BRANDAO</p></td><td rowspan="1" colspan="1"><p>R517306646</p></td></tr><tr><td rowspan="1" colspan="1"><p>08658.068123/2021-68</p></td><td rowspan="1" colspan="1"><p>GIANE ZANFOLIN</p></td><td rowspan="1" colspan="1"><p>T525449965</p></td></tr><tr><td rowspan="1" colspan="1"><p>08650.073180/2021-39</p></td><td rowspan="1" colspan="1"><p>GUILHERME GIANINI GAMBINI</p></td><td rowspan="1" colspan="1"><p>T518889815</p></td></tr><tr><td rowspan="1" colspan="1"><p>08658.058822/2021-08</p></td><td rowspan="1" colspan="1"><p>HAMILCAR DA SILVA RANCOLETTA</p></td><td rowspan="1" colspan="1"><p>T500810237</p></td></tr><tr><td rowspan="1" colspan="1"><p>08666.013923/2022-23</p></td><td rowspan="1" colspan="1"><p>ILSON PFLEGER</p></td><td rowspan="1" colspan="1"><p>R447678317</p></td></tr><tr><td rowspan="1" colspan="1"><p>08666.012925/2022-03</p></td><td rowspan="1" colspan="1"><p>IVAN BARRETO DE SOUZA</p></td><td rowspan="1" colspan="1"><p>R452761987</p></td></tr><tr><td rowspan="1" colspan="1"><p>08666.013153/2022-19</p></td><td rowspan="1" colspan="1"><p>IVAN BARRETO DE SOUZA</p></td><td rowspan="1" colspan="1"><p>R453234135</p></td></tr><tr><td rowspan="1" colspan="1"><p>08666.015276/2022-94</p></td><td rowspan="1" colspan="1"><p>JEAN AUGUSTO DE ASSIS SILVA</p></td><td rowspan="1" colspan="1"><p>R445295996</p></td></tr><tr><td rowspan="1" colspan="1"><p>08656.057573/2021-45</p></td><td rowspan="1" colspan="1"><p>JOAO BATISTA DE BRITO JUNIOR</p></td><td rowspan="1" colspan="1"><p>R519974492</p></td></tr><tr><td rowspan="1" colspan="1"><p>08656.008525/2022-12</p></td><td rowspan="1" colspan="1"><p>JOMACK ALMEIDA LACERDA</p></td><td rowspan="1" colspan="1"><p>T527984396</p></td></tr><tr><td rowspan="1" colspan="1"><p>08658.059551/2021-08</p></td><td rowspan="1" colspan="1"><p>JOSE LACERDA NETO</p></td><td rowspan="1" colspan="1"><p>T511714564</p></td></tr><tr><td rowspan="1" colspan="1"><p>08650.026300/2022-90</p></td><td rowspan="1" colspan="1"><p>KARINA TEIXEIRA YOKOYAMA</p></td><td rowspan="1" colspan="1"><p>R400631024</p></td></tr><tr><td rowspan="1" colspan="1"><p>08660.020257/2021-59</p></td><td rowspan="1" colspan="1"><p>LUIS FERNANDO CARDOSO DE ANDRADE</p></td><td rowspan="1" colspan="1"><p>T501461809</p></td></tr><tr><td rowspan="1" colspan="1"><p>08658.013358/2022-01</p></td><td rowspan="1" colspan="1"><p>LUIZ CHIMINELLI</p></td><td rowspan="1" colspan="1"><p>R524221219</p></td></tr><tr><td rowspan="1" colspan="1"><p>08658.054711/2021-14</p></td><td rowspan="1" colspan="1"><p>MARCELO CHAVES AZEVEDO</p></td><td rowspan="1" colspan="1"><p>T505238586</p></td></tr><tr><td rowspan="1" colspan="1"><p>08666.013972/2022-66</p></td><td rowspan="1" colspan="1"><p>MARCIO WEISS</p></td><td rowspan="1" colspan="1"><p>R547659474</p></td></tr><tr><td rowspan="1" colspan="1"><p>08658.065272/2021-75</p></td><td rowspan="1" colspan="1"><p>NILSON MICHAEL FABIANO</p></td><td rowspan="1" colspan="1"><p>T515788309</p></td></tr><tr><td rowspan="1" colspan="1"><p>08658.069058/2021-98</p></td><td rowspan="1" colspan="1"><p>POLÍCIA MILITAR DO ESTADO DE SÃO PAULO</p></td><td rowspan="1" colspan="1"><p>T520817419</p></td></tr><tr><td rowspan="1" colspan="1"><p>08656.015515/2022-25</p></td><td rowspan="1" colspan="1"><p>REINALDO SILVA DUTRA</p></td><td rowspan="1" colspan="1"><p>T527319341</p></td></tr><tr><td rowspan="1" colspan="1"><p>08658.060770/2021-21</p></td><td rowspan="1" colspan="1"><p>ROQUE ELICKER</p></td><td rowspan="1" colspan="1"><p>T502819731</p></td></tr><tr><td rowspan="1" colspan="1"><p>08656.079152/2021-75</p></td><td rowspan="1" colspan="1"><p>SEBASTIAO JURANDIR MONTEIRO</p></td><td rowspan="1" colspan="1"><p>T526882603</p></td></tr><tr><td rowspan="1" colspan="1"><p>08650.107469/2021-69</p></td><td rowspan="1" colspan="1"><p>SL CONSULTORIA IMOBILIARIA E ADM DE BENS</p></td><td rowspan="1" colspan="1"><p>T523683863</p></td></tr><tr><td rowspan="1" colspan="1"><p>08656.084599/2021-66</p></td><td rowspan="1" colspan="1"><p>SUELI MARIA DE FREITAS MARINHO</p></td><td rowspan="1" colspan="1"><p>T517416492</p></td></tr><tr><td rowspan="1" colspan="1"><p>08650.026404/2022-02</p></td><td rowspan="1" colspan="1"><p>SUPERPESA CIA DE TRANSP ESPECIAIS E INTERMODAIS</p></td><td rowspan="1" colspan="1"><p>T210931523</p></td></tr><tr><td rowspan="1" colspan="1"><p>08658.103190/2021-36</p></td><td rowspan="1" colspan="1"><p>TAMIRYS DE SOUZA SILVA</p></td><td rowspan="1" colspan="1"><p>T516971537</p></td></tr><tr><td rowspan="1" colspan="1"><p>08660.040190/2021-79</p></td><td rowspan="1" colspan="1"><p>TIELLEN FARIAS CARDOSO</p></td><td rowspan="1" colspan="1"><p>R518747042</p></td></tr><tr><td rowspan="1" colspan="1"><p>08659.041419/2021-21</p></td><td rowspan="1" colspan="1"><p>TRANZAL TRANSPORTES ZANELLA LTDA</p></td><td rowspan="1" colspan="1"><p>T526095667</p></td></tr><tr><td rowspan="1" colspan="1"><p>08650.057132/2021-01</p></td><td rowspan="1" colspan="1"><p>VAGNER FERREIRA LEMOS</p></td><td rowspan="1" colspan="1"><p>T528177052</p></td></tr><tr><td rowspan="1" colspan="1"><p>08658.006135/2022-80</p></td><td rowspan="1" colspan="1"><p>YURI CATALDO COSTA</p></td><td rowspan="1" colspan="1"><p>T472384422</p></td></tr></table><p>3 - NÃO CONHECIDOS:</p><p>3.1 - INTEMPESTIVO:</p><p /><p></p><table><tr /><tr><td rowspan="1" colspan="1"><p>08658.001539/2022-87</p></td><td rowspan="1" colspan="1"><p>BRAUSA TRANSPORTES EIRELI</p></td><td rowspan="1" colspan="1"><p>R414851927</p></td></tr><tr><td rowspan="1" colspan="1"><p>08660.039883/2021-19</p></td><td rowspan="1" colspan="1"><p>EDENILSON BRATFISCH</p></td><td rowspan="1" colspan="1"><p>R451809831</p></td></tr><tr><td rowspan="1" colspan="1"><p>08658.003776/2022-82</p></td><td rowspan="1" colspan="1"><p>FABRICIO CARVALHO DE OLIVEIRA</p></td><td rowspan="1" colspan="1"><p>R328676957</p></td></tr><tr><td rowspan="1" colspan="1"><p>08650.008723/2022-28</p></td><td rowspan="1" colspan="1"><p>GENILSON DOS SANTOS EDUARDO</p></td><td rowspan="1" colspan="1"><p>R380410699</p></td></tr><tr><td rowspan="1" colspan="1"><p>08658.020166/2021-62</p></td><td rowspan="1" colspan="1"><p>JEFER PRODUTOS SIDERURGICOS EIRELI</p></td><td rowspan="1" colspan="1"><p>R464213215</p></td></tr><tr><td rowspan="1" colspan="1"><p>08656.011667/2022-59</p></td><td rowspan="1" colspan="1"><p>LM TRANSPORTES E PARTICIPACOES L</p></td><td rowspan="1" colspan="1"><p>T471113573</p></td></tr><tr><td rowspan="1" colspan="1"><p>08658.018494/2021-07</p></td><td rowspan="1" colspan="1"><p>OCEL DO BRASIL INDUSTRIA E COMERCIO LTDA</p></td><td rowspan="1" colspan="1"><p>R496013491</p></td></tr><tr><td rowspan="1" colspan="1"><p>08658.000339/2022-15</p></td><td rowspan="1" colspan="1"><p>PENITENCIARIA FEMININA DE SANTANA</p></td><td rowspan="1" colspan="1"><p>R478351507</p></td></tr><tr><td rowspan="1" colspan="1"><p>08650.027938/2022-48</p></td><td rowspan="1" colspan="1"><p>RICARDO MATTOS PINCHELLI</p></td><td rowspan="1" colspan="1"><p>R443671281</p></td></tr><tr><td rowspan="1" colspan="1"><p>08658.013741/2022-51</p></td><td rowspan="1" colspan="1"><p>SILVESTRE FERREIRA LIMA</p></td><td rowspan="1" colspan="1"><p>R400574845</p></td></tr><tr><td rowspan="1" colspan="1"><p>08650.026550/2022-20</p></td><td rowspan="1" colspan="1"><p>SUPERPESA CIA DE TRANSP ESPECIAIS E INTERMODAIS</p></td><td rowspan="1" colspan="1"><p>T210772468</p></td></tr><tr><td rowspan="1" colspan="1"><p>08650.027608/2022-52</p></td><td rowspan="1" colspan="1"><p>VANESSA ALVES DIAS FILHO</p></td><td rowspan="1" colspan="1"><p>R458958204</p></td></tr></table><p>3.2 - ILEGÍTIMO:</p><p /><p></p><table><tr /><tr><td rowspan="1" colspan="1"><p>08650.000977/2022-06</p></td><td rowspan="1" colspan="1"><p>CAMILLA ELIZA SOUZA SERQUIZ</p></td><td rowspan="1" colspan="1"><p>T525296417</p></td></tr><tr><td rowspan="1" colspan="1"><p>08658.020689/2022-90</p></td><td rowspan="1" colspan="1"><p>DELEGACIA SECCIONAL DE POLICIA DE ANDRADINA</p></td><td rowspan="1" colspan="1"><p>T487766687</p></td></tr><tr><td rowspan="1" colspan="1"><p>08660.010753/2022-85</p></td><td rowspan="1" colspan="1"><p>EZEQUIEL SIQUEIRA</p></td><td rowspan="1" colspan="1"><p>R542529084</p></td></tr><tr><td rowspan="1" colspan="1"><p>08660.010747/2022-28</p></td><td rowspan="1" colspan="1"><p>EZEQUIEL SIQUEIRA</p></td><td rowspan="1" colspan="1"><p>R542544431</p></td></tr><tr><td rowspan="1" colspan="1"><p>08658.008762/2022-55</p></td><td rowspan="1" colspan="1"><p>MGM DISTRIBUIDORA E COMERCIO DE PISOS EIRELI</p></td><td rowspan="1" colspan="1"><p>R525842462</p></td></tr><tr><td rowspan="1" colspan="1"><p>08656.097507/2021-16</p></td><td rowspan="1" colspan="1"><p>OSMIRO VIEIRA DE LELES</p></td><td rowspan="1" colspan="1"><p>T531401162</p></td></tr><tr><td rowspan="1" colspan="1"><p>08650.046237/2021-27</p></td><td rowspan="1" colspan="1"><p>PAULO CESAR ALVES PINTO</p></td><td rowspan="1" colspan="1"><p>T517857383</p></td></tr><tr><td rowspan="1" colspan="1"><p>08666.013183/2022-25</p></td><td rowspan="1" colspan="1"><p>TRANS HENRIQUE TRANSPORTES LTDA</p></td><td rowspan="1" colspan="1"><p>R446430129</p></td></tr><tr><td rowspan="1" colspan="1"><p>08666.013214/2022-48</p></td><td rowspan="1" colspan="1"><p>TRANS HENRIQUE TRANSPORTES LTDA</p></td><td rowspan="1" colspan="1"><p>R451511287</p></td></tr><tr><td rowspan="1" colspan="1"><p>08666.013197/2022-49</p></td><td rowspan="1" colspan="1"><p>TRANS HENRIQUE TRANSPORTES LTDA</p></td><td rowspan="1" colspan="1"><p>R451753387</p></td></tr><tr><td rowspan="1" colspan="1"><p>08666.013174/2022-34</p></td><td rowspan="1" colspan="1"><p>TRANS HENRIQUE TRANSPORTES LTDA</p></td><td rowspan="1" colspan="1"><p>R453378722</p></td></tr><tr><td rowspan="1" colspan="1"><p>08666.014059/2022-87</p></td><td rowspan="1" colspan="1"><p>TRANS HENRIQUE TRANSPORTES LTDA ME</p></td><td rowspan="1" colspan="1"><p>R457106987</p></td></tr></table><p>3.3 - ILEGÍTIMO E INTEMPESTIVO:</p><p /><p></p><table><tr /><tr><td rowspan="1" colspan="1"><p>08658.099358/2021-00</p></td><td rowspan="1" colspan="1"><p>LILIANE GABRIELLE FERREIRA DE CAMPOS</p></td><td rowspan="1" colspan="1"><p>R424694042</p></td></tr><tr><td rowspan="1" colspan="1"><p>08666.013156/2022-52</p></td><td rowspan="1" colspan="1"><p>TRANS HENRIQUE TRANSPORTES LTDA</p></td><td rowspan="1" colspan="1"><p>R453369081</p></td></tr></table><p>3.4 - INÉPCIA DA INICIAL:</p><p>3.5 - FALTA DE DOCUMENTO:</p><p>4 - PROCESSOS SUSPENSOS (enviados para realização de diligências e esclarecimentos junto ao órgão autuante):</p><p>5 - NÃO AFETOS:</p><p>6 - RECONSIDERAÇÃO:</p><p class="assina">CARLOS MAGNO SANTOS DE ARGOLO</p><p class="cargo">SPRF-SP/PRF/MJSP - Presidente/Relator Suplente</p>]]></Texto>
  </body>
  <Midias />
</article></xml>