﻿<xml><article id="27697271" name="RETIFICAAAO Despachos 1224 1225 " idOficio="7353666" pubName="DO1" artType="Retificação" pubDate="25/08/2022" artClass="00020:00036:00018:00000:00000:00000:00000:00000:00000:00000:00024:00001" artCategory="Ministério da Justiça e Segurança Pública/Conselho Administrativo de Defesa Econômica/Superintendência-Geral" artSize="12" artNotes="" numberPage="257" pdfPage="http://pesquisa.in.gov.br/imprensa/jsp/visualiza/index.jsp?data=25/08/2022&amp;jornal=515&amp;pagina=257" editionNumber="162" highlightType="" highlightPriority="" highlight="" highlightimage="" highlightimagename="" idMateria="14833948">
  <body>
    <Identifica><![CDATA[ RETIFICAÇÕES]]></Identifica>
    <Data><![CDATA[]]></Data>
    <Ementa />
    <Titulo />
    <SubTitulo />
    <Texto><![CDATA[<p></p><p class="identifica">RETIFICAÇÕES</p><p></p><p>No DESPACHO SG Nº 1124/2022, publicado no DOU nº 161, quarta-feira, dia 24 de agosto de 2022, seção 1, página 46, onde se lê: " DESPACHO SG Nº 1124/2022", leia-se: " DESPACHO SG Nº 1224/2022 "</p><p>No DESPACHO SG Nº 1125/2022, publicado no DOU nº 161, quarta-feira, dia 24 de agosto de 2022, seção 1, página 46, onde se lê: " DESPACHO SG Nº 1125/2022", leia-se: " DESPACHO SG Nº 1225/2022 ".</p><p>No DESPACHO SG Nº 1126/2022, publicado no DOU nº 161, quarta-feira, dia 24 de agosto de 2022, seção 1, página 46, onde se lê: " DESPACHO SG Nº 1126/2022", leia-se: " DESPACHO SG Nº 1226/2022 ".</p>]]></Texto>
  </body>
  <Midias />
</article></xml>