﻿<xml><article id="27716828" name="PORTARIA GM-MD NA 4489_1" idOficio="7356051" pubName="DO1" artType="Portaria" pubDate="25/08/2022" artClass="00013:00001:00000:00000:00000:00000:00000:00000:00000:00000:00054:00010" artCategory="Ministério da Defesa/Gabinete do Ministro" artSize="12" artNotes="Ok Imagem" numberPage="29" pdfPage="http://pesquisa.in.gov.br/imprensa/jsp/visualiza/index.jsp?data=25/08/2022&amp;jornal=515&amp;pagina=29" editionNumber="162" highlightType="" highlightPriority="" highlight="" highlightimage="" highlightimagename="" idMateria="14837403">
  <body>
    <Identifica><![CDATA[ PORTARIA GM-MD  Nº 4.489, DE 23 DE AGOSTO DE 2022]]></Identifica>
    <Data><![CDATA[]]></Data>
    <Ementa><![CDATA[ Dispõe sobre o distintivo do Curso A Defesa Nacional e o Poder Legislativo - CDNPL da Escola Superior de Defesa - ESD.]]></Ementa>
    <Titulo />
    <SubTitulo />
    <Texto><![CDATA[<p class="identifica">PORTARIA GM-MD Nº 4.489, DE 23 DE AGOSTO DE 2022</p><p class="ementa">Dispõe sobre o distintivo do Curso A Defesa Nacional e o Poder Legislativo - CDNPL da Escola Superior de Defesa - ESD.</p><p>O MINISTRO DE ESTADO DA DEFESA, no uso da atribuição que lhe confere o art. 87, parágrafo único, inciso I, da Constituição, e tendo em vista o disposto no art. 2º do Decreto nº 10.806, de 23 de setembro de 2021, e de acordo com o que consta do Processo Administrativo nº 60631.003312/2022-94, resolve:</p><p>Art. 1º Esta Portaria dispõe sobre do distintivo do Curso A Defesa Nacional e o Poder Legislativo - CDNPL da Escola Superior de Defesa - ESD.</p><p>Parágrafo único. O distintivo de que trata o caput tem as seguintes características:</p><p>I - sobreposto ao centro da placa confeccionada em metal dourado com a marca da Escola Superior de Defesa - ESD para demonstrar a integração das Forças Armadas com a nação brasileira, representada por um losango estilizado da Bandeira Nacional, em formato que destaca a modernidade e visão de futuro da Escola;</p><p>II - o losango será contornado por uma faixa na cor branca em esmalte e composto por formas geométricas nas cores branco, verde, azul e amarelo, em esmalte, representando, respectivamente, a Marinha do Brasil, o Exército Brasileiro, a Força Aérea Brasileira e parcela da sociedade civil;</p><p>III - sobreposto ao losango, os traços arquitetônicos do Congresso Nacional, na cor dourada, para representar o Poder Legislativo na sua mais alta expressão;</p><p>IV - nas laterais, dois ramos de café e de fumo na cor verde aplicados em esmalte;</p><p>V - na parte posterior conterá um fixador com tarraxa; e</p><p>VI - tamanho e forma idênticos aos do desenho a seguir:</p><img name="1_MD_25_004" />]]></Texto>
  </body>
  <Midias>
    <Midia></Midia>
  </Midias>
</article></xml>