﻿<xml><article id="27709544" name="DOU (24.08.2022)" idOficio="7355960" pubName="DO1" artType="Ação Direta de Inconstitucionalidade e Ação Declaratória de Constitucionalidade" pubDate="25/08/2022" artClass="00047:00001:00003:00000:00000:00000:00000:00000:00000:00000:00001:00000" artCategory="Poder Judiciário/Supremo Tribunal Federal/Plenário" artSize="12" artNotes="" numberPage="292" pdfPage="http://pesquisa.in.gov.br/imprensa/jsp/visualiza/index.jsp?data=25/08/2022&amp;jornal=515&amp;pagina=292" editionNumber="162" highlightType="" highlightPriority="" highlight="" highlightimage="" highlightimagename="" idMateria="14837230">
  <body>
    <Identifica><![CDATA[ DECISÕES]]></Identifica>
    <Data><![CDATA[]]></Data>
    <Ementa />
    <Titulo />
    <SubTitulo />
    <Texto><![CDATA[<p></p><p class="identifica">DECISÕES</p><p>Ação Direta de Inconstitucionalidade e</p><p>Ação Declaratória de Constitucionalidade</p><p>(Publicação determinada pela Lei nº 9.868, de 10.11.1999)</p><p>ACÓRDÃOS</p><p /><p></p><table><tr><td rowspan="1" colspan="3"><p>AÇÃO DIRETA DE INCONSTITUCIONALIDADE 5.049</p></td><td rowspan="1" colspan="1"><p>(1)</p></td></tr><tr><td rowspan="1" colspan="1"><p>ORIGEM</p></td><td rowspan="1" colspan="1"><p>:</p></td><td rowspan="1" colspan="2"><p>ADI - 5049 - SUPREMO TRIBUNAL FEDERAL</p></td></tr><tr><td rowspan="1" colspan="1"><p>PROCED.</p></td><td rowspan="1" colspan="1"><p>:</p></td><td rowspan="1" colspan="2"><p>DISTRITO FEDERAL</p></td></tr><tr><td rowspan="1" colspan="1"><p>RELATORA</p></td><td rowspan="1" colspan="1"><p>:</p></td><td rowspan="1" colspan="2"><p>MIN. ROSA WEBER</p></td></tr><tr><td rowspan="1" colspan="1"><p>REQTE.(S)</p></td><td rowspan="1" colspan="1"><p>:</p></td><td rowspan="1" colspan="2"><p>PARTIDO SOCIALISMO E LIBERDADE - PSOL</p></td></tr><tr><td rowspan="1" colspan="1"><p>ADV.(A/S)</p></td><td rowspan="1" colspan="1"><p>:</p></td><td rowspan="1" colspan="2"><p>CARLOS ROBERTO SIQUEIRA CASTRO (20015/DF) E OUTRO(A/S)</p></td></tr><tr><td rowspan="1" colspan="1"><p>INTDO.(A/S)</p></td><td rowspan="1" colspan="1"><p>:</p></td><td rowspan="1" colspan="2"><p>PRESIDENTE DA REPÚBLICA</p></td></tr><tr><td rowspan="1" colspan="1"><p>PROC.(A/S)(ES)</p></td><td rowspan="1" colspan="1"><p>:</p></td><td rowspan="1" colspan="2"><p>ADVOGADO-GERAL DA UNIÃO</p></td></tr><tr><td rowspan="1" colspan="1"><p>INTDO.(A/S)</p></td><td rowspan="1" colspan="1"><p>:</p></td><td rowspan="1" colspan="2"><p>CONGRESSO NACIONAL</p></td></tr><tr><td rowspan="1" colspan="1"><p>PROC.(A/S)(ES)</p></td><td rowspan="1" colspan="1"><p>:</p></td><td rowspan="1" colspan="2"><p>ADVOGADO-GERAL DA UNIÃO</p></td></tr><tr><td rowspan="1" colspan="1"><p>AM. CURIAE.</p></td><td rowspan="1" colspan="1"><p>:</p></td><td rowspan="1" colspan="2"><p>FINANCIADORA DE ESTUDOS E PROJETOS - FINEP</p></td></tr><tr><td rowspan="1" colspan="1"><p>ADV.(A/S)</p></td><td rowspan="1" colspan="1"><p>:</p></td><td rowspan="1" colspan="2"><p>LUIZ FERNANDO VILLARES E SILVA (197436/SP) E OUTRO(A/S)</p></td></tr><tr><td rowspan="1" colspan="1"><p>AM. CURIAE.</p></td><td rowspan="1" colspan="1"><p>:</p></td><td rowspan="1" colspan="2"><p>AFIN - ASSOCIAÇÃO DOS EMPREGADOS DA FINEP</p></td></tr><tr><td rowspan="1" colspan="1"><p>ADV.(A/S)</p></td><td rowspan="1" colspan="1"><p>:</p></td><td rowspan="1" colspan="2"><p>HENRIQUE CLAUDIO MAUES (0035707/RJ)</p></td></tr></table><p>Decisão: O Tribunal, por unanimidade, não conheceu da ação direta de inconstitucionalidade, nos termos do voto da Relatora. Falou, pelo requerente, o Dr. Francisco de Assis Brito Vaz. Plenário, Sessão Virtual de 1.7.2022 a 5.8.2022.</p><p>EMENTA</p><p>AÇÃO DIRETA DE INCONSTITUCIONALIDADE. ART. 8º, CAPUT E PARÁGRAFO ÚNICO, DA LEI FEDERAL Nº 10.556/2002. FIXAÇÃO DE CARGA HORÁRIA DE TRABALHO DE OITO HORAS DIÁRIAS E QUARENTA HORAS SEMANAIS AOS EMPREGADOS DA FINANCIADORA DE ESTUDOS E PROJETOS (FINEP). ALEGADA VIOLAÇÃO DOS ARTS. 5º, CAPUT e II, 7º, CAPUT e VI, e 37, CAPUT, CRFB. INVIABILIDADE. AÇÃO NÃO CONHECIDA.</p><p>1. Controvérsia sobre a qualificação da Financiadora de Estudos e Projetos (FINEP) como instituição financeira, a incidir a jornada de trabalho prevista no art. 224 da CLT para os bancários (seis horas diárias e trinta horas semanais).</p><p>2. Inviável a provocação da jurisdição constitucional de perfil concentrado para resolver controvérsia consistente na resolução de questão fático-jurídica inserta na exegese da legislação ordinária, relativa ao enquadramento da FINEP como instituição financeira.</p><p>3. "Se (...) a pré-compreensão do significado da lei impugnada pende da solução de intrincada controvérsia acerca da antecedente situação de fato e de direito sobre a qual pretende incidir, não é a ação direta de inconstitucionalidade a via adequada ao deslinde da quizília" (ADI 794, Rel. Min. Sepúlveda Pertence, Pleno, j. 09.12.1992, DJ 21.5.1993).</p><p>4. Ação direta de inconstitucionalidade não conhecida.</p><p /><p></p><table><tr><td rowspan="1" colspan="3"><p>AÇÃO DIRETA DE INCONSTITUCIONALIDADE 5.331</p></td><td rowspan="1" colspan="1"><p>(2)</p></td></tr><tr><td rowspan="1" colspan="1"><p>ORIGEM</p></td><td rowspan="1" colspan="1"><p>:</p></td><td rowspan="1" colspan="2"><p>ADI - 5331 - SUPREMO TRIBUNAL FEDERAL</p></td></tr><tr><td rowspan="1" colspan="1"><p>PROCED.</p></td><td rowspan="1" colspan="1"><p>:</p></td><td rowspan="1" colspan="2"><p>MINAS GERAIS</p></td></tr><tr><td rowspan="1" colspan="1"><p>RELATORA</p></td><td rowspan="1" colspan="1"><p>:</p></td><td rowspan="1" colspan="2"><p>MIN. ROSA WEBER</p></td></tr><tr><td rowspan="1" colspan="1"><p>REDATOR DO ACÓRDÃO</p></td><td rowspan="1" colspan="1"><p>:</p></td><td rowspan="1" colspan="2"><p>MIN. ROBERTO BARROSO</p></td></tr><tr><td rowspan="1" colspan="1"><p>REQTE.(S)</p></td><td rowspan="1" colspan="1"><p>:</p></td><td rowspan="1" colspan="2"><p>PROCURADOR-GERAL DA REPÚBLICA</p></td></tr><tr><td rowspan="1" colspan="1"><p>INTDO.(A/S)</p></td><td rowspan="1" colspan="1"><p>:</p></td><td rowspan="1" colspan="2"><p>GOVERNADOR DO ESTADO DE MINAS GERAIS</p></td></tr><tr><td rowspan="1" colspan="1"><p>PROC.(A/S)(ES)</p></td><td rowspan="1" colspan="1"><p>:</p></td><td rowspan="1" colspan="2"><p>ADVOGADO-GERAL DO ESTADO DE MINAS GERAIS</p></td></tr><tr><td rowspan="1" colspan="1"><p>INTDO.(A/S)</p></td><td rowspan="1" colspan="1"><p>:</p></td><td rowspan="1" colspan="2"><p>ASSEMBLEIA LEGISLATIVA DO ESTADO DE MINAS GERAIS</p></td></tr><tr><td rowspan="1" colspan="1"><p>ADV.(A/S)</p></td><td rowspan="1" colspan="1"><p>:</p></td><td rowspan="1" colspan="2"><p>LUIZ PAULO MAGALHAES LAMEGO (96268/MG)</p></td></tr><tr><td rowspan="1" colspan="1"><p>AM. CURIAE.</p></td><td rowspan="1" colspan="1"><p>:</p></td><td rowspan="1" colspan="2"><p>ASSOCIAÇÃO DOS MAGISTRADOS MINEIROS - AMAGIS</p></td></tr><tr><td rowspan="1" colspan="1"><p>ADV.(A/S)</p></td><td rowspan="1" colspan="1"><p>:</p></td><td rowspan="1" colspan="2"><p>JOSÉ EDUARDO VECCHI PRATES (80329/MG)</p></td></tr><tr><td rowspan="1" colspan="1"><p>AM. CURIAE.</p></td><td rowspan="1" colspan="1"><p>:</p></td><td rowspan="1" colspan="2"><p>ASSOCIAÇÃO NACIONAL DOS MEMBROS DO MINISTÉRIO PÚBLICO - CONAMP</p></td></tr><tr><td rowspan="1" colspan="1"><p>ADV.(A/S)</p></td><td rowspan="1" colspan="1"><p>:</p></td><td rowspan="1" colspan="2"><p>ARISTIDES JUNQUEIRA ALVARENGA (12500/DF)</p></td></tr><tr><td rowspan="1" colspan="1"><p>AM. CURIAE.</p></td><td rowspan="1" colspan="1"><p>:</p></td><td rowspan="1" colspan="2"><p>ASSOCIACAO DOS MAGISTRADOS BRASILEIROS</p></td></tr><tr><td rowspan="1" colspan="1"><p>ADV.(A/S)</p></td><td rowspan="1" colspan="1"><p>:</p></td><td rowspan="1" colspan="2"><p>ALBERTO PAVIE RIBEIRO (07077/DF, 53357/GO)</p></td></tr></table><p>Decisão: O Tribunal, por maioria, julgou parcialmente procedente o pedido, para declarar a inconstitucionalidade da expressão "na primeira sessão", do art. 90, § 1º, da Lei Complementar nº 59/2001 do Estado de Minas Gerais, e atribuir interpretação conforme à Constituição à expressão "órgão competente do Tribunal de Justiça", prevista no mesmo dispositivo, a fim de estabelecer que caberá ao relator autorizar o prosseguimento das investigações, com a fixação da seguinte tese de julgamento: "É inconstitucional norma estadual de acordo com a qual compete a órgão colegiado do tribunal autorizar o prosseguimento de investigações contra magistrados, por criar prerrogativa não prevista na Lei Orgânica da Magistratura Nacional e não extensível a outras autoridades com foro por prerrogativa de função", tudo nos termos do voto do Ministro Roberto Barroso, Redator para o acórdão, vencidos os Ministros Rosa Weber (Relatora), Gilmar Mendes, Alexandre de Moraes, André Mendonça e Ricardo Lewandowski. Plenário, Sessão Virtual de 27.5.2022 a 3.6.2022.</p><p>Ementa: Direito Constitucional. Ação direta de inconstitucionalidade. Lei de organização judiciária estadual. Autorização para prosseguimento de investigações contra magistrado.</p><p>1. Ação direta de inconstitucionalidade que tem por objeto o art. 90, § 1º, da Lei Complementar nº 59/2001 do Estado de Minas Gerais, que prevê a necessidade de autorização de órgão colegiado do Tribunal de Justiça para prosseguimento das investigações contra magistrado.</p><p>2. Cabe a lei complementar de iniciativa do Supremo Tribunal Federal disciplinar as matérias institucionais relativas à magistratura nacional (art. 93 da Constituição Federal).</p><p>3. O dispositivo impugnado é formalmente inconstitucional ao instituir prerrogativa não prevista na Lei Orgânica da Magistratura Nacional. Tal norma determina, nas investigações contra magistrado, a remessa do inquérito ao Tribunal ou órgão competente, mas não condiciona o prosseguimento à autorização do órgão colegiado.</p><p>4. A norma questionada é materialmente inconstitucional por violação ao princípio da isonomia, já que confere garantia mais extensa aos magistrados mineiros do que a prevista para os demais membros da magistratura e autoridades com foro por prerrogativa de função.</p><p>5. Há relevante distinção entre o presente caso e o que decidido na ADI 7083, Rel. Min. Cármen Lúcia. Em tal oportunidade, esta Corte destacou que "a mesma razão jurídica apontada para justificar a necessidade de supervisão judicial dos atos investigatórios de autoridades com prerrogativa de foro neste Supremo Tribunal Federal aplica-se às autoridades com prerrogativa de foro em outros Tribunais". No entanto, o Regimento Interno do STF não exige que o prosseguimento da investigação seja autorizado por órgão colegiado, bastando que o relator decida a respeito. Na mesma linha, dispôs o Regimento Interno do TJAP, cuja constitucionalidade fora afirmada em tal precedente.</p><p>6. Ação direta cujo pedido se julga parcialmente procedente, para declarar a inconstitucionalidade da expressão "na primeira sessão", do art. 90, § 1º, da Lei Complementar nº 59/2001 do Estado de Minas Gerais, e atribuir interpretação conforme à Constituição à expressão "órgão competente do Tribunal de Justiça", prevista no mesmo dispositivo, a fim de estabelecer que caberá ao relator autorizar o prosseguimento das investigações. Tese: "É inconstitucional norma estadual de acordo com a qual compete a órgão colegiado do tribunal autorizar o prosseguimento de investigações contra magistrados, por criar prerrogativa não prevista na Lei Orgânica da Magistratura Nacional e não extensível a outras autoridades com foro por prerrogativa de função".</p><p /><p></p><table><tr><td rowspan="1" colspan="3"><p>AÇÃO DIRETA DE INCONSTITUCIONALIDADE 6.974</p></td><td rowspan="1" colspan="1"><p>(3)</p></td></tr><tr><td rowspan="1" colspan="1"><p>ORIGEM</p></td><td rowspan="1" colspan="1"><p>:</p></td><td rowspan="1" colspan="2"><p>6974 - SUPREMO TRIBUNAL FEDERAL</p></td></tr><tr><td rowspan="1" colspan="1"><p>PROCED.</p></td><td rowspan="1" colspan="1"><p>:</p></td><td rowspan="1" colspan="2"><p>TOCANTINS</p></td></tr><tr><td rowspan="1" colspan="1"><p>RELATOR</p></td><td rowspan="1" colspan="1"><p>:</p></td><td rowspan="1" colspan="2"><p>MIN. ROBERTO BARROSO</p></td></tr><tr><td rowspan="1" colspan="1"><p>REQTE.(S)</p></td><td rowspan="1" colspan="1"><p>:</p></td><td rowspan="1" colspan="2"><p>PROCURADOR-GERAL DA REPÚBLICA</p></td></tr><tr><td rowspan="1" colspan="1"><p>INTDO.(A/S)</p></td><td rowspan="1" colspan="1"><p>:</p></td><td rowspan="1" colspan="2"><p>ASSEMBLEIA LEGISLATIVA DO ESTADO DO TOCANTINS</p></td></tr><tr><td rowspan="1" colspan="1"><p>ADV.(A/S)</p></td><td rowspan="1" colspan="1"><p>:</p></td><td rowspan="1" colspan="2"><p>PROCURADOR-GERAL DA ASSEMBLEIA LEGISLATIVA DO ESTADO DO TOCANTINS</p></td></tr><tr><td rowspan="1" colspan="1"><p>INTDO.(A/S)</p></td><td rowspan="1" colspan="1"><p>:</p></td><td rowspan="1" colspan="2"><p>GOVERNADOR DO ESTADO DO TOCANTINS</p></td></tr><tr><td rowspan="1" colspan="1"><p>PROC.(A/S)(ES)</p></td><td rowspan="1" colspan="1"><p>:</p></td><td rowspan="1" colspan="2"><p>PROCURADOR-GERAL DO ESTADO DO TOCANTINS</p></td></tr><tr><td rowspan="1" colspan="1"><p>AM. CURIAE.</p></td><td rowspan="1" colspan="1"><p>:</p></td><td rowspan="1" colspan="2"><p>ASSOCIAÇÃO NACIONAL DOS PROCURADORES DOS ESTADOS E DO DISTRITO FEDERAL-ANAPE</p></td></tr><tr><td rowspan="1" colspan="1"><p>ADV.(A/S)</p></td><td rowspan="1" colspan="1"><p>:</p></td><td rowspan="1" colspan="2"><p>VICENTE MARTINS PRATA BRAGA (19309/CE, 51599/DF, 1459a/SE)</p></td></tr><tr><td rowspan="1" colspan="1"><p>ADV.(A/S)</p></td><td rowspan="1" colspan="1"><p>:</p></td><td rowspan="1" colspan="2"><p>EUGENIO JOSE GUILHERME DE ARAGAO (04935/DF, 30746/ES, 428274/SP)</p></td></tr><tr><td rowspan="1" colspan="1"><p>ADV.(A/S)</p></td><td rowspan="1" colspan="1"><p>:</p></td><td rowspan="1" colspan="2"><p>CARLOS FREDERICO BRAGA MARTINS (45225-A/CE, 48750/DF, 1404 - A/RN)</p></td></tr><tr><td rowspan="1" colspan="1"><p>ADV.(A/S)</p></td><td rowspan="1" colspan="1"><p>:</p></td><td rowspan="1" colspan="2"><p>ANGELO LONGO FERRARO (37922/DF, 261268/SP)</p></td></tr><tr><td rowspan="1" colspan="1"><p>ADV.(A/S)</p></td><td rowspan="1" colspan="1"><p>:</p></td><td rowspan="1" colspan="2"><p>MIGUEL FILIPI PIMENTEL NOVAES (57469/DF)</p></td></tr><tr><td rowspan="1" colspan="1"><p>ADV.(A/S)</p></td><td rowspan="1" colspan="1"><p>:</p></td><td rowspan="1" colspan="2"><p>MARCELO WINCH SCHMIDT (53599/DF, 108509A/RS)</p></td></tr><tr><td rowspan="1" colspan="1"><p>ADV.(A/S)</p></td><td rowspan="1" colspan="1"><p>:</p></td><td rowspan="1" colspan="2"><p>MARIA EDUARDA PRAXEDES SILVA (48704/DF)</p></td></tr><tr><td rowspan="1" colspan="1"><p>ADV.(A/S)</p></td><td rowspan="1" colspan="1"><p>:</p></td><td rowspan="1" colspan="2"><p>MATHEUS HENRIQUE DOMINGUES LIMA (70190/DF)</p></td></tr></table><p>Decisão: O Tribunal, por unanimidade, julgou procedente o pedido formulado na ação direta para declarar a inconstitucionalidade do art. 40, V, da Lei Complementar nº 20/1999 do Estado do Tocantins e fixou a seguinte tese de julgamento: "É inconstitucional, por violação à competência legislativa privativa da União, lei estadual que concede porte de armas a Procuradores do Estado", nos termos do voto do Relator. Falou, pelo amicus curiae, o Dr. Matheus Lima. Plenário, Sessão Virtual de 1.7.2022 a 5.8.2022.</p><p>Ementa: Direito constitucional e administrativo. Ação direta de inconstitucionalidade. Porte de armas para Procuradores do Estado. Competência privativa da União para legislar sobre material bélico.</p><p>1.Ação direta contra o art. 40, V, da Lei Complementar nº 20/1999, do Estado do Tocantins, que prevê o porte de arma como prerrogativa dos membros da Procuradoria-Geral do Estado.</p><p>2.Nos termos do art. 22, XXI, da Constituição Federal, compete à União a definição dos requisitos para a concessão do porte de arma de fogo e dos possíveis titulares de tal direito, inclusive no que se refere a servidores públicos estaduais ou municipais. Precedentes.</p><p>3.Inconstitucionalidade do art. 40, V, da Lei Complementar nº 20/1999, do Estado do Tocantins, por usurpação de competência legislativa privativa da União (art. 22, XXI, da CF).</p><p>4.Pedido julgado procedente. Fixação da seguinte tese de julgamento: "É inconstitucional, por violação à competência legislativa privativa da União, lei estadual que concede porte de armas a Procuradores do Estado".</p><p /><p></p><table><tr><td rowspan="1" colspan="3"><p>AÇÃO DIRETA DE INCONSTITUCIONALIDADE 6.980</p></td><td rowspan="1" colspan="1"><p>(4)</p></td></tr><tr><td rowspan="1" colspan="1"><p>ORIGEM</p></td><td rowspan="1" colspan="1"><p>:</p></td><td rowspan="1" colspan="2"><p>6980 - SUPREMO TRIBUNAL FEDERAL</p></td></tr><tr><td rowspan="1" colspan="1"><p>PROCED.</p></td><td rowspan="1" colspan="1"><p>:</p></td><td rowspan="1" colspan="2"><p>MATO GROSSO DO SUL</p></td></tr><tr><td rowspan="1" colspan="1"><p>RELATOR</p></td><td rowspan="1" colspan="1"><p>:</p></td><td rowspan="1" colspan="2"><p>MIN. ROBERTO BARROSO</p></td></tr><tr><td rowspan="1" colspan="1"><p>REQTE.(S)</p></td><td rowspan="1" colspan="1"><p>:</p></td><td rowspan="1" colspan="2"><p>PROCURADOR-GERAL DA REPÚBLICA</p></td></tr><tr><td rowspan="1" colspan="1"><p>INTDO.(A/S)</p></td><td rowspan="1" colspan="1"><p>:</p></td><td rowspan="1" colspan="2"><p>ESTADO DE MATO GROSSO DO SUL</p></td></tr><tr><td rowspan="1" colspan="1"><p>PROC.(A/S)(ES)</p></td><td rowspan="1" colspan="1"><p>:</p></td><td rowspan="1" colspan="2"><p>PROCURADOR-GERAL DO ESTADO DE MATO GROSSO DO SUL</p></td></tr><tr><td rowspan="1" colspan="1"><p>INTDO.(A/S)</p></td><td rowspan="1" colspan="1"><p>:</p></td><td rowspan="1" colspan="2"><p>ASSEMBLEIA LEGISLATIVA DO ESTADO DO MATO GROSSO DO SUL</p></td></tr><tr><td rowspan="1" colspan="1"><p>ADV.(A/S)</p></td><td rowspan="1" colspan="1"><p>:</p></td><td rowspan="1" colspan="2"><p>SEM REPRESENTAÇÃO NOS AUTOS</p></td></tr><tr><td rowspan="1" colspan="1"><p>AM. CURIAE.</p></td><td rowspan="1" colspan="1"><p>:</p></td><td rowspan="1" colspan="2"><p>ASSOCIAÇÃO NACIONAL DOS PROCURADORES DOS ESTADOS E DO DISTRITO FEDERAL - ANAPE</p></td></tr><tr><td rowspan="1" colspan="1"><p>ADV.(A/S)</p></td><td rowspan="1" colspan="1"><p>:</p></td><td rowspan="1" colspan="2"><p>VICENTE MARTINS PRATA BRAGA (19309/CE, 51599/DF, 1459a/SE)</p></td></tr></table><p>Decisão: O Tribunal, por unanimidade, julgou procedente o pedido formulado na ação direta para declarar a inconstitucionalidade da expressão "o porte de arma", contida no art. 101, II, da Lei Complementar nº 95/2001 do Estado de Mato Grosso do Sul, e fixou a seguinte tese de julgamento: "É inconstitucional, por violação à competência legislativa privativa da União, lei estadual que concede porte de armas a Procuradores do Estado", nos termos do voto do Relator. Falou, pelo amicus curiae, o Dr. Matheus Lima. Plenário, Sessão Virtual de 1.7.2022 a 5.8.2022.</p><p>Ementa: Direito constitucional e administrativo. Ação direta de inconstitucionalidade. Porte de armas para Procuradores do Estado. Competência privativa da União para legislar sobre material bélico.</p><p>1.Ação direta de contra trecho do art. 101, II, da Lei Complementar nº 95/2001, do Estado de Mato Grosso do Sul, que prevê o porte de arma como prerrogativa dos membros da Procuradoria-Geral do Estado.</p><p>2.Nos termos do art. 22, XXI, da Constituição Federal, compete à União a definição dos requisitos para a concessão do porte de arma de fogo e dos possíveis titulares de tal direito, inclusive no que se refere a servidores públicos estaduais ou municipais. Precedentes.</p><p>3.Inconstitucionalidade da expressão "o porte de arma", contida no art. 101, II, da Lei Complementar nº 95/2001, do Estado de Mato Grosso do Sul, por usurpação de competência legislativa privativa da União (art. 22, XXI, da CF).</p><p>4.Pedido julgado procedente. Fixação da seguinte tese de julgamento: "É inconstitucional, por violação à competência legislativa privativa da União, lei estadual que autoriza porte de armas a Procuradores do Estado".</p><p /><p></p><table><tr><td rowspan="1" colspan="3"><p>AÇÃO DIRETA DE INCONSTITUCIONALIDADE 7.031</p></td><td rowspan="1" colspan="1"><p>(5)</p></td></tr><tr><td rowspan="1" colspan="1"><p>ORIGEM</p></td><td rowspan="1" colspan="1"><p>:</p></td><td rowspan="1" colspan="2"><p>7031 - SUPREMO TRIBUNAL FEDERAL</p></td></tr><tr><td rowspan="1" colspan="1"><p>PROCED.</p></td><td rowspan="1" colspan="1"><p>:</p></td><td rowspan="1" colspan="2"><p>DISTRITO FEDERAL</p></td></tr><tr><td rowspan="1" colspan="1"><p>RELATOR</p></td><td rowspan="1" colspan="1"><p>:</p></td><td rowspan="1" colspan="2"><p>MIN. ALEXANDRE DE MORAES</p></td></tr><tr><td rowspan="1" colspan="1"><p>REQTE.(S)</p></td><td rowspan="1" colspan="1"><p>:</p></td><td rowspan="1" colspan="2"><p>CONFEDERACAO NACIONAL DO COMERCIO DE BENS, SERVICOS E TURISMO - CNC</p></td></tr><tr><td rowspan="1" colspan="1"><p>ADV.(A/S)</p></td><td rowspan="1" colspan="1"><p>:</p></td><td rowspan="1" colspan="2"><p>BRUNO MURAT DO PILLAR (095245/RJ)</p></td></tr><tr><td rowspan="1" colspan="1"><p>ADV.(A/S)</p></td><td rowspan="1" colspan="1"><p>:</p></td><td rowspan="1" colspan="2"><p>ALAIN ALPIN MAC GREGOR (101780/RJ)</p></td></tr><tr><td rowspan="1" colspan="1"><p>INTDO.(A/S)</p></td><td rowspan="1" colspan="1"><p>:</p></td><td rowspan="1" colspan="2"><p>DIRETOR-GERAL DA AGÊNCIA NACIONAL DO PETRÓLEO, GÁS NATURAL E BIOCOMBUSTÍVEIS - ANP</p></td></tr><tr><td rowspan="1" colspan="1"><p>PROC.(A/S)(ES)</p></td><td rowspan="1" colspan="1"><p>:</p></td><td rowspan="1" colspan="2"><p>PROCURADOR-GERAL FEDERAL (00000/DF)</p></td></tr><tr><td rowspan="1" colspan="1"><p>INTDO.(A/S)</p></td><td rowspan="1" colspan="1"><p>:</p></td><td rowspan="1" colspan="2"><p>PRESIDENTE DA REPÚBLICA</p></td></tr><tr><td rowspan="1" colspan="1"><p>PROC.(A/S)(ES)</p></td><td rowspan="1" colspan="1"><p>:</p></td><td rowspan="1" colspan="2"><p>ADVOGADO-GERAL DA UNIÃO</p></td></tr><tr><td rowspan="1" colspan="1"><p>INTDO.(A/S)</p></td><td rowspan="1" colspan="1"><p>:</p></td><td rowspan="1" colspan="2"><p>CONGRESSO NACIONAL</p></td></tr></table><p>Decisão: O Tribunal, por unanimidade, conheceu parcialmente da ação direta de inconstitucionalidade e, na parte conhecida, julgou improcedente o pedido, nos termos do voto do Relator. Plenário, Sessão Virtual de 1.7.2022 a 5.8.2022.</p><p>Ementa: CONSTITUCIONAL. ADMINISTRATIVO. LEI 9.478/1997. AUSÊNCIA DE IMPUGNAÇÃO ESPECÍFICA. NÃO CONHECIMENTO. RESOLUÇÃO 790/2019 DA ANP. PROGRAMA DE MONITORAMENTO DA QUALIDADE DOS COMBUSTÍVEIS (PMQC). IMPLEMENTAÇÃO DA POLÍTICA NACIONAL DE PETRÓLEO, GÁS NATURAL E BIOCOMBUSTÍVEIS. NORMAS TÉCNICAS QUE SE INSEREM NO ESPAÇO DE CONFORMAÇÃO ATRIBUÍDO À ANP. PROTEÇÃO DOS INTERESSES DOS CONSUMIDORES QUANTO À QUALIDADE DOS PRODUTOS. CONHECIMENTO PARCIAL. IMPROCEDÊNCIA.</p><p>1. À falta de apresentação de razões específicas, não pode a ação ser conhecida quanto ao pedido de interpretação conforme à Constituição do art. 8º, caput e inciso I, VII, XVI e VII, da Lei 9.478/1997, pois, segundo jurisprudência desta SUPREMA CORTE, o déficit de impugnação específica inviabiliza os pedidos veiculados em Ação Direta de Inconstitucionalidade. Precedentes.</p><p>2. As Agências Reguladoras, criadas como autarquias especiais pelo Poder Legislativo (CF, art. 37, XIX), recebem da lei que as instituem uma delegação para exercer seu poder normativo de regulação, competindo ao Congresso Nacional a fixação das finalidades, dos objetivos básicos e da estrutura das Agências, bem como a fiscalização de suas atividades.</p><p>3. As Agências Reguladoras não poderão, no exercício de seu poder normativo, inovar primariamente a ordem jurídica sem expressa delegação, tampouco regulamentar matéria para a qual inexista um prévio conceito genérico em sua lei instituidora (standards), ou criar ou aplicar sanções não previstas em lei, pois, assim como todos os Poderes, Instituições e órgãos do poder público, estão submetidas ao princípio da legalidade (CF, art. 37, caput).</p><p>4. As normas técnicas veiculadas pela resolução impugnada inserem-se no espaço de conformação previsto pelo art. 8º, da Lei 9.478/1997, que atribui à ANP a implementação da política nacional de petróleo, gás natural e biocombustíveis com ênfase na proteção dos interesses dos consumidores quanto à qualidade dos produtos.</p><p>5. A atribuição dos custos do monitoramento aos agentes regulados em questão revela tratamento isonômico quanto aos demais elos da cadeia de comercialização de combustíveis, sendo incapaz de violar os princípios da legalidade, da livre iniciativa, da liberdade de contratar e da proporcionalidade e razoabilidade.</p><p>6. Ação Direta de Inconstitucionalidade parcialmente conhecida e julgada improcedente.</p><p>Secretaria Judiciária</p><p class="assina">PATRÍCIA PEREIRA DE MOURA MARTINS</p><p class="cargo">Secretária</p><p></p>]]></Texto>
  </body>
  <Midias />
</article></xml>