﻿<xml><article id="27693165" name="3335-Desabilita no Ambito da Red" idOficio="7353019" pubName="DO1" artType="Portaria" pubDate="25/08/2022" artClass="00026:00001:00000:00000:00000:00000:00000:00000:00000:00000:00017:00007" artCategory="Ministério da Saúde/Gabinete do Ministro" artSize="24" artNotes="" numberPage="264" pdfPage="http://pesquisa.in.gov.br/imprensa/jsp/visualiza/index.jsp?data=25/08/2022&amp;jornal=515&amp;pagina=264" editionNumber="162" highlightType="" highlightPriority="" highlight="" highlightimage="" highlightimagename="" idMateria="14833162">
  <body>
    <Identifica><![CDATA[ PORTARIA GM/MS Nº 3.335, DE 23 DE AGOSTO DE 2022]]></Identifica>
    <Data><![CDATA[]]></Data>
    <Ementa><![CDATA[ Desabilita, no âmbito da Rede de Cuidados à Pessoa com Deficiência, proposta de ampliação de Centro Especializado em Reabilitação no Município de Rio Branco. ]]></Ementa>
    <Titulo />
    <SubTitulo />
    <Texto><![CDATA[<p class="identifica">PORTARIA GM/MS Nº 3.335, DE 23 DE AGOSTO DE 2022</p><p class="ementa">Desabilita, no âmbito da Rede de Cuidados à Pessoa com Deficiência, proposta de ampliação de Centro Especializado em Reabilitação no Município de Rio Branco.</p><p>O MINISTRO DE ESTADO DA SAÚDE, no uso das atribuições que lhe conferem os incisos I e II do parágrafo único do art. 87 da Constituição Federal, e</p><p>Considerando o Decreto nº 7.612, de 17 de novembro de 2011, que institui o Plano Nacional dos Direitos da Pessoa com Deficiência - Plano Viver sem Limite;</p><p>Considerando o Anexo VI - Rede de Cuidados à Pessoa com Deficiência - o Capítulo I, Anexo 1 do Anexo VI - Programa Mínimo para CER - da Portaria de Consolidação GM/MS nº 3, de 28 de setembro de 2017, que consolida as normas sobre as Redes do Sistema Único de Saúde;</p><p>Considerando o Título VIII - Do Financiamento das Redes de Atenção - Capítulo IV, Seção III - Do Incentivo Financeiro de Investimento para o Componente Atenção Especializada da Rede de Cuidados à Pessoa com Deficiência - da Portaria de Consolidação GM/MS nº 6, de 28 de setembro de 2017, que consolida as normas sobre o financiamento e a transferência dos recursos federais para as ações e os serviços de saúde do Sistema Único de Saúde;</p><p>Considerando o Título IX - Do financiamento fundo a fundo para execução de obras, da Portaria de Consolidação GM/MS nº 6, de 28 de setembro de 2017, que consolida as normas sobre o financiamento e a transferência dos recursos federais para as ações e os serviços de saúde do Sistema Único de Saúde;</p><p>Considerando a Portaria GM/MS nº 2.660 de 24 de setembro de 2020, que habilita o Estado, Município ou Distrito Federal a receber recursos financeiros de capital destinados à execução de obras de construção; e</p><p>Considerando o Parecer Técnico nº 368/2022-CGSPD/DAET/SAES/MS, constante no NUP/SEI 25000.050242/2022-99, resolve:</p><p>Art. 1º Fica desabilitada, no âmbito da Rede de Cuidados à Pessoa com Deficiência, proposta de ampliação de Centro Especializado em Reabilitação no Município de Rio Branco (AC), em razão do não atendimento de condicionantes ou exigências da Rede de Cuidados à Pessoa com Deficiência:</p><p /><p></p><table><tr /><tr><td rowspan="1" colspan="1"><p>UF</p></td><td rowspan="1" colspan="1"><p>Município</p></td><td rowspan="1" colspan="1"><p>Fundo de Saúde</p></td><td rowspan="1" colspan="1"><p>Componente</p></td><td rowspan="1" colspan="1"><p>Objeto</p></td><td rowspan="1" colspan="1"><p>Gestão</p></td><td rowspan="1" colspan="1"><p>Nº Proposta FAF</p></td><td rowspan="1" colspan="1"><p>Portaria de Habilitação</p></td><td rowspan="1" colspan="1"><p>Valor da Proposta</p></td><td rowspan="1" colspan="1"><p>Valor Empenhado</p></td><td rowspan="1" colspan="1"><p>Valor Pago</p></td></tr><tr><td rowspan="1" colspan="1"><p>AC</p></td><td rowspan="1" colspan="1"><p>RIO BRANCO</p></td><td rowspan="1" colspan="1"><p>Fundo Estadual de Saúde - FUNDES</p></td><td rowspan="1" colspan="1"><p>Centro Especializado em Reabilitação (CER IV - Auditiva, Física, Intelectual e Visual)</p></td><td rowspan="1" colspan="1"><p>Ampliação</p></td><td rowspan="1" colspan="1"><p>Estadual</p></td><td rowspan="1" colspan="1"><p>07458465000120037</p></td><td rowspan="1" colspan="1"><p>Portaria GM/MS nº 2.660 de 24 de setembro de 2020</p></td><td rowspan="1" colspan="1"><p>R$ 2.998.372,00</p></td><td rowspan="1" colspan="1"><p>R$ 2.998.372,00</p></td><td rowspan="1" colspan="1"><p>R$ 00,00</p></td></tr></table><p>Art. 2º Nos termos do art. 1066, § 4º, inciso II, Título VIII, Capítulo IV, Seção I da Portaria de Consolidação GM/MS nº 6, de 28 de setembro de 2017, os entes federativos que tiveram sua proposta de construção, ampliação e/ou reforma desabilitadas, estarão sujeitos à devolução imediata dos recursos financeiros repassados para o respectivo Fundo de Saúde e não executados no âmbito do programa, ou executados parcial ou totalmente em objeto diverso do originalmente pactuado, acrescidos da correção monetária prevista em lei, observado o regular processo administrativo.</p><p>Parágrafo único. Os procedimentos administrativos para devolução de recursos financeiros serão informados por meio de fluxos e documentos a serem disponibilizados no portal do Fundo Nacional de Saúde, disponível no sítio eletrônico https://portalfns.saude.gov.br/.</p><p>Art. 3º Esta Portaria entra em vigor na data de sua publicação.</p><p class="assina">MARCELO ANTÔNIO CARTAXO QUEIROGA LOPES</p>]]></Texto>
  </body>
  <Midias />
</article></xml>