﻿<xml><article id="27704450" name="INDEFERIMENTO_23 08 2022 (1534 a" idOficio="7355106" pubName="DO1" artType="Ato" pubDate="25/08/2022" artClass="00014:00042:00000:00000:00000:00000:00000:00000:00000:00000:00006:00000" artCategory="Ministério do Desenvolvimento Regional/Agência Nacional de Águas e Saneamento Básico" artSize="12" artNotes="Subtit  SUPERINTENDÊNCIA DE REGULAÇÃO DE USOS DE RECURSOS HÍDRICOS" numberPage="32" pdfPage="http://pesquisa.in.gov.br/imprensa/jsp/visualiza/index.jsp?data=25/08/2022&amp;jornal=515&amp;pagina=32" editionNumber="162" highlightType="" highlightPriority="" highlight="" highlightimage="" highlightimagename="" idMateria="14835780">
  <body>
    <Identifica><![CDATA[ ATOS DE 23 DE AGOSTO DE 2022]]></Identifica>
    <Data><![CDATA[]]></Data>
    <Ementa />
    <Titulo />
    <SubTitulo><![CDATA[SUPERINTENDÊNCIA DE REGULAÇÃO DE USOS DE RECURSOS HÍDRICOS]]></SubTitulo>
    <Texto><![CDATA[<p></p><p class="subtitulo">SUPERINTENDÊNCIA DE REGULAÇÃO DE USOS DE RECURSOS HÍDRICOS</p><p class="identifica">ATOS DE 23 DE AGOSTO DE 2022</p><p>O SUPERINTENDENTE ADJUNTO DE REGULAÇÃO DE USOS DE RECURSOS HÍDRICOS DA AGÊNCIA NACIONAL DE ÁGUAS E SANEAMENTO BÁSICO - ANA, torna público que, no exercício da competência delegada pelo art. 3º, inciso I, da Resolução ANA nº 26, de 08/05/2020, nos termos do art. 12, V, da Lei nº 9.984, de 17/07/2000, com fundamento na Resolução ANA nº 1.938 de 30/10/2017, resolveu indeferir os pedidos de outorga de direito de uso de recursos hídricos de:</p><p>Nº 1.534 - SECRETARIA DE DESENVOLVIMENTO AGRARIO DE PERNAMBUCO, rio Ipanema, Município de Pedra/PE, Reservatório.</p><p>Nº 1.535 - SECRETARIA DE DESENVOLVIMENTO AGRARIO DE PERNAMBUCO, rio Ipanema, Município de Venturosa/PE, Reservatório.</p><p>Nº 1.536 - SECRETARIA DE DESENVOLVIMENTO AGRARIO DE PERNAMBUCO, rio Ipanema, Município de Águas Belas/PE, Reservatório.</p><p>Nº 1.537 - SECRETARIA DE DESENVOLVIMENTO AGRARIO DE PERNAMBUCO, rio Ipanema, Município de Venturosa/PE, reservatório.</p><p>Nº 1.538 - SECRETARIA DE DESENVOLVIMENTO AGRARIO DE PERNAMBUCO, rio Ipanema, Município de Pedra/PE, reservatório.</p><p>Nº 1.539 - SECRETARIA DE DESENVOLVIMENTO AGRARIO DE PERNAMBUCO, rio Ipanema, Município de Itaíba/PE, reservatório.</p><p>Nº 1.540 - SECRETARIA DE DESENVOLVIMENTO AGRARIO DE PERNAMBUCO, rio Garanhuzinho, Município de Águas Belas/PE, reservatório.</p><p>Nº 1.541 - SECRETARIA DE DESENVOLVIMENTO AGRARIO DE PERNAMBUCO, rio Ipanema, Município de Águas Belas/PE, reservatório.</p><p>Nº 1.542 - SECRETARIA DE DESENVOLVIMENTO AGRARIO DE PERNAMBUCO, rio Ipanema, Município de Buíque/PE, reservatório.</p><p>Nº 1.543 - SECRETARIA DE DESENVOLVIMENTO AGRARIO DE PERNAMBUCO, rio Ipanema, Município de Pedra/PE, reservatório.</p><p>Nº 1.544 - SECRETARIA DE DESENVOLVIMENTO AGRARIO DE PERNAMBUCO, rio Ipanema, Município de Buíque/PE, reservatório.</p><p>Nº 1.545 - SECRETARIA DE DESENVOLVIMENTO AGRARIO DE PERNAMBUCO, rio Ipanema, Município de Itaíba/PE, reservatório.</p><p>Nº 1.546 - SECRETARIA DE DESENVOLVIMENTO AGRARIO DE PERNAMBUCO, rio Ipanema, Município de Buíque/PE, reservatório.</p><p>Nº 1.547 - SECRETARIA DE DESENVOLVIMENTO AGRARIO DE PERNAMBUCO, rio Ipanema, Município de Águas Belas/PE, reservatório.</p><p>Nº 1.548 - SECRETARIA DE DESENVOLVIMENTO AGRARIO DE PERNAMBUCO, rio Ipanema, Município de Itaíba/PE, reservatório.</p><p>Nº 1.549 - SECRETARIA DE DESENVOLVIMENTO AGRARIO DE PERNAMBUCO, rio Ipanema, Município de Itaíba/PE, reservatório.</p><p>Nº 1.550 - SECRETARIA DE DESENVOLVIMENTO AGRARIO DE PERNAMBUCO, rio Ipanema, Município de Pedra/PE, reservatório.</p><p>Nº 1.551 - SECRETARIA DE DESENVOLVIMENTO AGRARIO DE PERNAMBUCO, rio Ipanema, Município de Itaíba/PE, reservatório.</p><p>Nº 1.552 - SECRETARIA DE DESENVOLVIMENTO AGRARIO DE PERNAMBUCO, rio Ipanema, Município de Itaíba/PE, reservatório.</p><p>Nº 1.553 - SECRETARIA DE DESENVOLVIMENTO AGRARIO DE PERNAMBUCO, rio Ipanema, Município de Buíque/PE, reservatório.</p><p>Nº 1.554 - F L RODRIGUES DA SILVA ENERGIAS BARAK, rio Cricaré ou Braço Sul do Rio São Mateus, Município de Nova Venécia/ES, aproveitamento hidroelétrico.</p><p>O inteiro teor dos Indeferimentos de Outorgas, bem como as demais informações pertinentes está disponível no site https://www.gov.br/ana.</p><p class="assina">ANDRÉ PANTE</p>]]></Texto>
  </body>
  <Midias />
</article></xml>