﻿<xml><article id="27708089" name="Despacho Presi 110-E - 23 -08-20" idOficio="7355729" pubName="DO1" artType="Despacho" pubDate="25/08/2022" artClass="00028:00017:00000:00000:00000:00000:00000:00000:00000:00000:00024:00000" artCategory="Ministério do Turismo/Agência Nacional do Cinema" artSize="12" artNotes="" numberPage="288" pdfPage="http://pesquisa.in.gov.br/imprensa/jsp/visualiza/index.jsp?data=25/08/2022&amp;jornal=515&amp;pagina=288" editionNumber="162" highlightType="" highlightPriority="" highlight="" highlightimage="" highlightimagename="" idMateria="14836859">
  <body>
    <Identifica><![CDATA[ DESPACHO Nº 110-E, DE 23 DE AGOSTO DE 2022]]></Identifica>
    <Data><![CDATA[]]></Data>
    <Ementa />
    <Titulo />
    <SubTitulo />
    <Texto><![CDATA[<p class="identifica">DESPACHO Nº 110-E, DE 23 DE AGOSTO DE 2022</p><p>O DIRETOR-PRESIDENTE DA AGÊNCIA NACIONAL DO CINEMA - ANCINE, no uso das atribuições previstas no art. 13, III, do Anexo I ao Decreto nº. 8.283, de 3 de julho de 2014, torna públicas as seguintes Deliberações de Diretoria Colegiada:</p><p>Art. 1º Aprovar os projetos audiovisuais para os quais as proponentes ficam autorizadas a captar recursos nos termos das legislações indicadas, e cujos prazos de captação se encerram em 31/12/2024.</p><p>22-0522 RETÁBULO</p><p>Processo: 01416.003244/2022-49</p><p>Proponente: 3M EDITORA, ARTES GRÁFICAS E PRODUTORA LTDA</p><p>Cidade/UF: Recife / PE</p><p>CNPJ: 24.929.247/0001-55</p><p>Valor total aprovado: R$ 2.196.550,00</p><p>Valor aprovado no art. 1º-A da Lei nº. 8.685/93: R$ 100.000,00</p><p>Banco: 001 - agência: 1833-3 conta corrente: 50426-2</p><p>Valor solicitado ao FSA: R$ 1.986.550,00</p><p>Aprovado pela Reunião de Diretoria Colegiada nº. 848, realizada em 05/08/2022</p><p>22-0523 RITOS</p><p>Processo: 01416.002694/2022-14</p><p>Proponente: 3M EDITORA, ARTES GRÁFICAS E PRODUTORA LTDA</p><p>Cidade/UF: Recife / PE</p><p>CNPJ: 24.929.247/0001-55</p><p>Valor total aprovado: R$ 1.722,789,00</p><p>Valor aprovado no art. 1º-A da Lei nº. 8.685/93: R$ 50.000,00</p><p>Banco: 001 - agência: 1833-3 conta corrente: 50427-0</p><p>Valor aprovado no art. 3º-A da Lei nº. 8.685/93: R$ 60.000,00</p><p>Banco: 001 - agência: 1833-3 conta corrente: 50428-9</p><p>Valor solicitado ao FSA: R$ 1.522,789,00</p><p>Aprovado pela Reunião de Diretoria Colegiada nº. 848, realizada em 05/08/2022</p><p>22-0524 O AMOR DE TRÁS PRA FRENTE</p><p>Processo: 01416.004663/2022-06</p><p>Proponente: STORIA SERVIÇOS DE ROTEIRO AUDIOVISUAL LTDA</p><p>Cidade/UF: São Paulo / SP</p><p>CNPJ: 35.710.740/0001-04</p><p>Valor total aprovado: R$ 2.399.870,00</p><p>Valor aprovado no art. 1º-A da Lei nº. 8.685/93: R$ 279.876,50</p><p>Banco: 001 - agência: 6998-1 conta corrente: 11044-2</p><p>Valor solicitado ao FSA: R$ 2.000.000,00</p><p>Aprovado pela Reunião de Diretoria Colegiada nº. 848, realizada em 05/08/2022</p><p>22-0525 BOATE AZUL</p><p>Processo: 01416.003653/2022-45</p><p>Proponente: DMITRILAND PRODUÇÕES ARTISTICAS LTDA</p><p>Cidade/UF: Maringá / PR</p><p>CNPJ: 21.848.792/0001-29</p><p>Valor total aprovado: R$ 2.924.895,00</p><p>Valor aprovado no art. 1º-A da Lei nº. 8.685/93: R$ 500.000,00</p><p>Banco: 001 - agência: 3512-2 conta corrente: 51985-5</p><p>Valor aprovado no art. 3º-A da Lei nº. 8.685/93: R$ 277.895,00</p><p>Banco: 001 - agência: 3512-2 conta corrente: 51986-3</p><p>Valor solicitado ao FSA: R$ 2.000.000,00</p><p>Aprovado pela Reunião de Diretoria Colegiada nº. 848, realizada em 05/08/2022</p><p>Art. 2º Aprovar os projetos audiovisuais para os quais as proponentes ficam autorizadas a captar recursos nos termos das legislações indicadas, e cujos prazos de captação se encerram em 31/12/2025.</p><p>22-0527 MAIS PRESENÇA DE VILLA-LOBOS</p><p>Processo: 01416.005428/2022-43</p><p>Proponente: VISON PRODUÇOES ARTÍSTICAS LTDA.</p><p>Cidade/UF: Rio de Janeiro / RJ</p><p>CNPJ: 28.629.780/0001-52</p><p>Valor total aprovado: R$ 370.000,00</p><p>Valor aprovado no art. 39, inciso X, da Medida Provisória nº. 2.228-1/01: R$ 201.500,00</p><p>Banco: 001 - agência: 1253-X conta corrente: 42523-0</p><p>Aprovado pela Reunião de Diretoria Colegiada nº. 848, realizada em 05/08/2022</p><p>22-0520 NOIS NA FIRMA</p><p>Processo: 01416.007308/2022-81</p><p>Proponente: MAGIA FILMES PRODUÇÕES LTDA</p><p>Cidade/UF: São Paulo / SP</p><p>CNPJ: 58.064.189/0001-66</p><p>Valor total aprovado: R$ 2.290.000,00</p><p>Valor aprovado no art. 3º-A da Lei nº. 8.685/93: R$ 2.175.500,00</p><p>Banco: 001 - agência: 1504-0 conta corrente: 20861-2</p><p>Aprovado pela Reunião de Diretoria Colegiada nº. 849, realizada em 12/08/2022</p><p>22-0519 BRASIL VISTO DE CIMA À NOITE</p><p>Processo: 01416.005282/2022-36</p><p>Proponente: MARIA TV COMUNICAÇÃO LTDA</p><p>Cidade/UF: Rio de Janeiro / RJ</p><p>CNPJ: 04.957.105/0001-94</p><p>Valor total aprovado: R$ 1.640.850,00</p><p>Valor aprovado no art. 3º-A da Lei nº. 8.685/93: R$ 1.558.750,00</p><p>Banco: 001 - agência: 2909-2 conta corrente: 58322-7</p><p>Aprovado pela Reunião de Diretoria Colegiada nº. 849, realizada em 12/08/2022</p><p>Art. 3º As Deliberações produzem efeito a partir da data desta publicação.</p><p class="assina">ALEX BRAGA</p><p></p>]]></Texto>
  </body>
  <Midias />
</article></xml>