﻿<xml><article id="27702370" name="##ATO ATOS DE 23 DE AGOSTO DE 20" idOficio="7354705" pubName="DO1" artType="Ato" pubDate="25/08/2022" artClass="00012:00014:00014:00156:00000:00000:00000:00000:00000:00000:00006:00000" artCategory="Ministério das Comunicações/Agência Nacional de Telecomunicações/Superintendência de Fiscalização/Gerência Regional no Estado de São Paulo" artSize="12" artNotes="" numberPage="23" pdfPage="http://pesquisa.in.gov.br/imprensa/jsp/visualiza/index.jsp?data=25/08/2022&amp;jornal=515&amp;pagina=23" editionNumber="162" highlightType="" highlightPriority="" highlight="" highlightimage="" highlightimagename="" idMateria="14835209">
  <body>
    <Identifica><![CDATA[ ATOS DE 23 DE AGOSTO DE 2022]]></Identifica>
    <Data><![CDATA[]]></Data>
    <Ementa />
    <Titulo />
    <SubTitulo />
    <Texto><![CDATA[<p class="identifica">ATOS DE 23 DE AGOSTO DE 2022</p><p>Nº 12.036 - Processo nº 53504.008687/2022-31.</p><p>Expede autorização ao JUAN CARLOS DANIEL SUAREZ, CPF nº ***.788.227-**, para explorar o Serviço de Interesse Restrito, por prazo indeterminado, sem caráter de exclusividade e tendo como área de prestação de serviço todo o território nacional.</p><p>Nº 12.033 - Processo nº 53504.008644/2022-55.</p><p>Expede autorização ao JAIME FUTEMA JUNIOR, CPF nº ***.984.658-**, para explorar o Serviço de Interesse Restrito, por prazo indeterminado, sem caráter de exclusividade e tendo como área de prestação de serviço todo o território nacional.</p><p class="assina">Marcelo Augusto Scacabarozi</p><p class="cargo">Gerente</p>]]></Texto>
  </body>
  <Midias />
</article></xml>