﻿<xml><article id="27703747" name="resolucao_2778_2022 COAFE" idOficio="7354941" pubName="DO1" artType="Resolução" pubDate="25/08/2022" artClass="00026:00034:00016:00006:00002:00000:00000:00000:00000:00000:00064:32778" artCategory="Ministério da Saúde/Agência Nacional de Vigilância Sanitária/4ª Diretoria/Gerência-Geral de Inspeção e Fiscalização Sanitária/Coordenação de Autorização de Funcionamento de Empresas" artSize="12" artNotes="" numberPage="279" pdfPage="http://pesquisa.in.gov.br/imprensa/jsp/visualiza/index.jsp?data=25/08/2022&amp;jornal=515&amp;pagina=279" editionNumber="162" highlightType="" highlightPriority="" highlight="" highlightimage="" highlightimagename="" idMateria="14835567">
  <body>
    <Identifica><![CDATA[ RESOLUÇÃO-RE Nº 2.778, DE 24 DE AGOSTO DE 2022]]></Identifica>
    <Data><![CDATA[]]></Data>
    <Ementa />
    <Titulo />
    <SubTitulo />
    <Texto><![CDATA[<p class="identifica">RESOLUÇÃO-RE Nº 2.778, DE 24 DE AGOSTO DE 2022</p><p>O Coordenador de Autorização de Funcionamento de Empresas, no uso das atribuições que lhe confere o Art. 144, aliado ao art. 203, I, §1° do Regimento Interno aprovado pela Resolução de Diretoria Colegiada - RDC n° 585, de 10 de dezembro de 2021, resolve:</p><p>Art. 1º Indeferir o pedido de Autorização de Funcionamento para as Empresas constantes no anexo desta Resolução.</p><p>Art. 2º Esta Resolução entra em vigor na data de sua publicação.</p><p class="assina">DANIEL MARCOS PEREIRA DOURADO</p><p class="anexo">ANEXO</p><p>45.830.141 DANIELA RAYANE DOS SANTOS / 45.830.141/0001-70</p><p>25351.202933/2022-02 /</p><p>733 - AFE - CONCESSÃO - FARMÁCIAS E DROGARIAS / 4432267224</p><p>MOTIVO DO INDEFERIMENTO:</p><p>Não apresentação da declaração assinada do Anexo I da RDC nº 275/2019, contrariando o art. 11 da RDC nº 275/2019.</p><p>--------------------------------------</p><p>ONIELSON PINHEIRO FARIAS / 37.628.236/0001-87</p><p>25351.302997/2022-02 /</p><p>733 - AFE - CONCESSÃO - FARMÁCIAS E DROGARIAS / 4557000221</p><p>MOTIVO DO INDEFERIMENTO:</p><p>Não apresentação da declaração assinada do Anexo I da RDC nº 275/2019, contrariando o art. 11 da RDC nº 275/2019.</p><p>--------------------------------------</p><p>DROGARIA SAO MIGUEL LTDA / 45.682.194/0001-90</p><p>25351.250910/2022-04 /</p><p>733 - AFE - CONCESSÃO - FARMÁCIAS E DROGARIAS / 4495080222</p><p>MOTIVO DO INDEFERIMENTO:</p><p>Não apresentação da declaração assinada do Anexo I da RDC nº 275/2019, contrariando o art. 11 da RDC nº 275/2019.</p><p>--------------------------------------</p><p>Pandora Personal Care Ltda / 20.222.420/0001-20</p><p>25351.090160/2022-05 /</p><p>723 - AFE - CONCESSÃO - COSMÉTICOS, PERFUMES E PRODUTOS DE HIGIENE - DISTRIBUIDORA (SOMENTE MATRIZ) / 4247084224</p><p>MOTIVO DO INDEFERIMENTO:</p><p>Não apresentação do relatório de inspeção ou documento equivalente que ateste o cumprimento dos requisitos técnicos para as atividades e classes pleiteadas, emitidos pela autoridade sanitária local competente; conforme disposto nos artigos 15 e 18 da RDC nº 16/2014.</p><p>--------------------------------------</p><p>speed brasil TRANSPORTES LTDA. / 05.592.303/0001-64</p><p>25351.280024/2022-05 /</p><p>701 - AFE - CONCESSÃO - MEDICAMENTOS E INSUMOS FARMACÊUTICOS - TRANSPORTADORA (SOMENTE MATRIZ) / 4518657225</p><p>MOTIVO DO INDEFERIMENTO:</p><p>O documento apresentado pela empresa foi emitido pela autoridade sanitária local competente há mais de 12 (doze) meses, contrariando o artigo 17, da RDC n° 16/2014.</p><p>--------------------------------------</p><p>Drogaria Espírito Santo LTDA / 45.875.878/0001-09</p><p>25351.217845/2022-05 /</p><p>733 - AFE - CONCESSÃO - FARMÁCIAS E DROGARIAS / 4458953221</p><p>MOTIVO DO INDEFERIMENTO:</p><p>Não apresentação da declaração assinada do Anexo I da RDC nº 275/2019, contrariando o art. 11 da RDC nº 275/2019.</p><p>--------------------------------------</p><p>HUDSON REPRESENTAÇÕES EIRELI / 05.982.858/0001-12</p><p>25351.298106/2022-06 /</p><p>702 - AFE - CONCESSÃO - MEDICAMENTOS E INSUMOS FARMACÊUTICOS - DISTRIBUIDORA (SOMENTE MATRIZ) / 4550843225</p><p>MOTIVO DO INDEFERIMENTO:</p><p>A empresa já possui AFE vigente para a classe de produtos solicitada, nº 1.27822-8, contrariando o disposto na RDC nº 222/2006 e Lei nº 9.782/1999.</p><p>--------------------------------------</p><p>DROGARIA POPULAR SAO ROQUE MAIS LTDA / 46.291.028/0001-26</p><p>25351.215051/2022-07 /</p><p>733 - AFE - CONCESSÃO - FARMÁCIAS E DROGARIAS / 4454686226</p><p>MOTIVO DO INDEFERIMENTO:</p><p>Não apresentação da declaração assinada do Anexo I da RDC nº 275/2019, contrariando o art. 11 da RDC nº 275/2019.</p><p>--------------------------------------</p><p>TOP RIO COMERCIO MATERIAL MEDICO HOSPITALAR LTDA / 47.271.491/0001-79</p><p>25351.295602/2022-08 /</p><p>723 - AFE - CONCESSÃO - COSMÉTICOS, PERFUMES E PRODUTOS DE HIGIENE - DISTRIBUIDORA (SOMENTE MATRIZ) / 4545932223</p><p>MOTIVO DO INDEFERIMENTO:</p><p>Não apresentação de Relatório de Inspeção que ateste o cumprimento dos requisitos técnicos para as atividades e classes pleiteadas, emitido pela autoridade sanitária local competente, conforme disposto no artigo 15 e artigo 18 da RDC nº 16/2014. O documento anexado não pertence à empresa.</p><p>--------------------------------------</p><p>PH Comercio de Produtos Médicos Hospitalares Ltda / 44.779.242/0001-09</p><p>25351.090121/2022-08 /</p><p>702 - AFE - CONCESSÃO - MEDICAMENTOS E INSUMOS FARMACÊUTICOS - DISTRIBUIDORA (SOMENTE MATRIZ) / 4246975222</p><p>MOTIVO DO INDEFERIMENTO:</p><p>Não apresentação do relatório de inspeção ou documento equivalente que ateste o cumprimento dos requisitos técnicos para as atividades e classes pleiteadas, emitidos pela autoridade sanitária local competente; conforme disposto nos artigos 15 e 18 da RDC nº 16/2014.</p><p>--------------------------------------</p><p>a castellano ltda. / 45.669.312/0001-20</p><p>25351.202612/2022-08 /</p><p>733 - AFE - CONCESSÃO - FARMÁCIAS E DROGARIAS / 4431488224</p><p>MOTIVO DO INDEFERIMENTO:</p><p>Não apresentação da declaração assinada do Anexo I da RDC nº 275/2019, contrariando o art. 11 da RDC nº 275/2019.</p><p>--------------------------------------</p><p>BRASIL MÉDICO LABORATÓRIAL LTDA - EPP / 11.516.136/0001-75</p><p>25351.237750/2022-08 /</p><p>740 - AFE - CONCESSÃO - SANEANTES DOMISSANITÁRIOS - DISTRIBUIDORA (SOMENTE MATRIZ) / 4483023225</p><p>MOTIVO DO INDEFERIMENTO:</p><p>Não apresentação de Relatório de Inspeção que ateste o cumprimento dos requisitos técnicos para as atividades e classes pleiteadas, emitido pela autoridade sanitária local competente, conforme disposto no artigo 15 e artigo 18 da RDC nº 16/2014. Conforme estabelecido pelo art. 51, da Lei 6.360/76 e pelo art. 3º do Decreto 8.077/13, a Autorização emitida pela Anvisa precede o licenciamento sanitário.</p><p>--------------------------------------</p><p>RONDO LOG TRANSPORTES E AGENCIAMENTO DE CARGAS LTDA / 37.075.691/0001-00</p><p>25351.303445/2022-11 /</p><p>737 - AFE - CONCESSÃO - SANEANTES DOMISSANITÁRIOS - TRANSPORTADORA (SOMENTE MATRIZ) / 4557637221</p><p>MOTIVO DO INDEFERIMENTO:</p><p>O documento apresentado, emitido pela autoridade sanitária local competente, não atesta o cumprimento dos requisitos técnicos para as atividades e classes pleiteadas, conforme disposto no artigo 15 e artigo 18 da RDC nº 16/2014.</p><p>--------------------------------------</p><p>D BARBOZA COMERCIAL E SERVIÇOS EM SAUDE / 23.633.903/0001-05</p><p>25351.280091/2022-11 /</p><p>859 - AFE - CONCESSÃO - PRODUTOS PARA SAÚDE - IMPORTADORA / 4518705220</p><p>MOTIVO DO INDEFERIMENTO:</p><p>O documento apresentado, emitido pela autoridade sanitária local competente, não atesta o cumprimento dos requisitos técnicos para as atividades e classes pleiteadas, conforme disposto no artigo 15 e artigo 18 da RDC nº 16/2014. O relatório não menciona a importação de produtos para saúde.</p><p>--------------------------------------</p><p>MARCIA VENITES COMÉRCIO DE MEDICAMENTOS / 45.876.386/0001-38</p><p>25351.260597/2022-12 /</p><p>733 - AFE - CONCESSÃO - FARMÁCIAS E DROGARIAS / 4502113229</p><p>MOTIVO DO INDEFERIMENTO:</p><p>Não apresentação da declaração assinada do Anexo I da RDC nº 275/2019, contrariando o art. 11 da RDC nº 275/2019.</p><p>--------------------------------------</p><p>JOSE GADELHA LIMA NETO 01546876340 / 43.348.691/0001-21</p><p>25351.289859/2022-12 /</p><p>860 - AFE - CONCESSÃO - PRODUTOS PARA SAÚDE - VAREJISTA / 4536271228</p><p>MOTIVO DO INDEFERIMENTO:</p><p>A empresa já possui a AFE vigente nº 8.25378-0, contrariando o disposto na RDC nº 222/2006 e Lei 9782/99.</p><p>--------------------------------------</p><p>DROGARIA FRENTTINI EIRELI / 12.939.588/0005-56</p><p>25351.260362/2022-12 /</p><p>733 - AFE - CONCESSÃO - FARMÁCIAS E DROGARIAS / 4501532225</p><p>MOTIVO DO INDEFERIMENTO:</p><p>Não apresentação da declaração assinada do Anexo I da RDC nº 275/2019, contrariando o art. 11 da RDC nº 275/2019.</p><p>--------------------------------------</p><p>m. tertuliano pereira me / 08.971.824/0001-10</p><p>25351.200998/2022-13 /</p><p>733 - AFE - CONCESSÃO - FARMÁCIAS E DROGARIAS / 4427495225</p><p>MOTIVO DO INDEFERIMENTO:</p><p>Não apresentação da declaração assinada do Anexo I da RDC nº 275/2019, contrariando o art. 11 da RDC nº 275/2019.</p><p>--------------------------------------</p><p>Drogaria e Perfumaria Parque Paulistano Ltda / 45.043.187/0001-49</p><p>25351.217025/2022-13 /</p><p>733 - AFE - CONCESSÃO - FARMÁCIAS E DROGARIAS / 4457193223</p><p>MOTIVO DO INDEFERIMENTO:</p><p>Não apresentação da declaração assinada do Anexo I da RDC nº 275/2019, contrariando o art. 11 da RDC nº 275/2019.</p><p>--------------------------------------</p><p>NAIBERT COMERCIO DE MEDICAMENTOS LTDA / 46.356.716/0001-27</p><p>25351.265725/2022-14 /</p><p>733 - AFE - CONCESSÃO - FARMÁCIAS E DROGARIAS / 4508346221</p><p>MOTIVO DO INDEFERIMENTO:</p><p>Não apresentação da declaração assinada do Anexo I da RDC nº 275/2019, contrariando o art. 11 da RDC nº 275/2019.</p><p>--------------------------------------</p><p>H. LIMA LOBIANCO &amp; CIA LTDA / 63.776.421/0001-29</p><p>25351.291925/2022-14 /</p><p>856 - AFE - CONCESSÃO - PRODUTOS PARA SAÚDE - DISTRIBUIDORA / 4539297228</p><p>MOTIVO DO INDEFERIMENTO:</p><p>Não apresentação do relatório de inspeção ou documento equivalente que ateste o cumprimento dos requisitos técnicos para as atividades e classes pleiteadas, emitidos pela autoridade sanitária local competente; conforme disposto nos artigos 15 e 18 da RDC nº 16/2014. Conforme o estabelecido pelo artigo 51 da Lei n° 6360/76 e pelo artigo terceiro do decreto n° 8.077/13, a autorização emitida pela Anvisa precede o licenciamento sanitário.</p><p>--------------------------------------</p><p>ELLEN RIANNY C SILVA / 45.313.397/0001-00</p><p>25351.265274/2022-15 /</p><p>733 - AFE - CONCESSÃO - FARMÁCIAS E DROGARIAS / 4507436224</p><p>MOTIVO DO INDEFERIMENTO:</p><p>Não apresentação da declaração assinada do Anexo I da RDC nº 275/2019, contrariando o art. 11 da RDC nº 275/2019.</p><p>--------------------------------------</p><p>CASE FARMA DISTRIBUIDORA EIRELI / 36.515.549/0001-66</p><p>25351.181393/2022-16 /</p><p>740 - AFE - CONCESSÃO - SANEANTES DOMISSANITÁRIOS - DISTRIBUIDORA (SOMENTE MATRIZ) / 4406615229</p><p>MOTIVO DO INDEFERIMENTO:</p><p>Não apresentação de Relatório de Inspeção que ateste o cumprimento dos requisitos técnicos para as atividades e classes pleiteadas, emitido pela autoridade sanitária local competente, conforme disposto no artigo 15 e artigo 18 da RDC nº 16/2014.</p><p>--------------------------------------</p><p>CLARIAN FARMA LTDA / 45.924.995/0001-15</p><p>25351.260179/2022-17 /</p><p>733 - AFE - CONCESSÃO - FARMÁCIAS E DROGARIAS / 4501213220</p><p>MOTIVO DO INDEFERIMENTO:</p><p>Não apresentação da declaração assinada do Anexo I da RDC nº 275/2019, contrariando o art. 11 da RDC nº 275/2019.</p><p>--------------------------------------</p><p>TOP RIO COMERCIO MATERIAL MEDICO HOSPITALAR LTDA / 47.271.491/0001-79</p><p>25351.295657/2022-18 /</p><p>702 - AFE - CONCESSÃO - MEDICAMENTOS E INSUMOS FARMACÊUTICOS - DISTRIBUIDORA (SOMENTE MATRIZ) / 4545998224</p><p>MOTIVO DO INDEFERIMENTO:</p><p>Não apresentação de Relatório de Inspeção que ateste o cumprimento dos requisitos técnicos para as atividades e classes pleiteadas, emitido pela autoridade sanitária local competente, conforme disposto no artigo 15 e artigo 18 da RDC nº 16/2014. O documento anexado não pertence à empresa.</p><p>--------------------------------------</p><p>BRAUN &amp; REICHERT OPERACOES LOGISTICAS LTDA / 10.930.744/0001-69</p><p>25351.192598/2022-19 /</p><p>737 - AFE - CONCESSÃO - SANEANTES DOMISSANITÁRIOS - TRANSPORTADORA (SOMENTE MATRIZ) / 4419728221</p><p>MOTIVO DO INDEFERIMENTO:</p><p>Não apresentação de Relatório de Inspeção que ateste o cumprimento dos requisitos técnicos para as atividades e classes pleiteadas, emitido pela autoridade sanitária local competente, conforme disposto no artigo 15 e artigo 18 da RDC nº 16/2014. Conforme estabelecido pelo art. 51, da Lei 6.360/76 e pelo art. 3º do Decreto 8.077/13, a Autorização emitida pela Anvisa precede o licenciamento sanitário.</p><p>--------------------------------------</p><p>FARMACIA SAO PAULO ROLIM LTDA EPP / 34.763.227/0018-59</p><p>25351.260348/2022-19 /</p><p>733 - AFE - CONCESSÃO - FARMÁCIAS E DROGARIAS / 4501479225</p><p>MOTIVO DO INDEFERIMENTO:</p><p>Não apresentação da declaração assinada do Anexo I da RDC nº 275/2019, contrariando o art. 11 da RDC nº 275/2019.</p><p>--------------------------------------</p><p>RIODROGAS COMERCIO DE PRODUTOS FARMACEUTICOS LTDA / 02.387.595/0010-04</p><p>25351.265288/2022-21 /</p><p>733 - AFE - CONCESSÃO - FARMÁCIAS E DROGARIAS / 4507483226</p><p>MOTIVO DO INDEFERIMENTO:</p><p>Não apresentação da declaração assinada do Anexo I da RDC nº 275/2019, contrariando o art. 11 da RDC nº 275/2019.</p><p>--------------------------------------</p><p>HIPER POPULAR PODUTOS FARMACEUTICOS LTDA / 45.443.325/0003-49</p><p>25351.273807/2022-24 /</p><p>733 - AFE - CONCESSÃO - FARMÁCIAS E DROGARIAS / 4513654228</p><p>MOTIVO DO INDEFERIMENTO:</p><p>Não apresentação da declaração assinada do Anexo I da RDC nº 275/2019, contrariando o art. 11 da RDC nº 275/2019.</p><p>--------------------------------------</p><p>N3 PRODUTOS FARMACEUTICOS LTDA / 46.656.947/0001-56</p><p>25351.202938/2022-27 /</p><p>733 - AFE - CONCESSÃO - FARMÁCIAS E DROGARIAS / 4432283226</p><p>MOTIVO DO INDEFERIMENTO:</p><p>Não apresentação da declaração assinada do Anexo I da RDC nº 275/2019, contrariando o art. 11 da RDC nº 275/2019.</p><p>--------------------------------------</p><p>RODOSAFE TRANSPORTES LTDA - ME / 80.558.539/0001-08</p><p>25351.186052/2022-29 /</p><p>862 - AFE - CONCESSÃO - PRODUTOS PARA SAÚDE - TRANSPORTADORA / 4412031225</p><p>MOTIVO DO INDEFERIMENTO:</p><p>O documento apresentado, emitido pela autoridade sanitária local competente, não atesta o cumprimento dos requisitos técnicos para as atividades e classes pleiteadas, conforme disposto no artigo 15 e artigo 18 da RDC nº 16/2014. O relatório não menciona a classe de produtos para saúde.</p><p>--------------------------------------</p><p>H. LIMA LOBIANCO &amp; CIA LTDA / 63.776.421/0001-29</p><p>25351.291960/2022-33 /</p><p>740 - AFE - CONCESSÃO - SANEANTES DOMISSANITÁRIOS - DISTRIBUIDORA (SOMENTE MATRIZ) / 4539333224</p><p>MOTIVO DO INDEFERIMENTO:</p><p>Não apresentação do relatório de inspeção ou documento equivalente que ateste o cumprimento dos requisitos técnicos para as atividades e classes pleiteadas, emitidos pela autoridade sanitária local competente; conforme disposto nos artigos 15 e 18 da RDC nº 16/2014. Conforme o estabelecido pelo artigo 51 da Lei n° 6360/76 e pelo artigo terceiro do decreto n° 8.077/13, a autorização emitida pela Anvisa precede o licenciamento sanitário.</p><p>25351.291752/2022-34 /</p><p>723 - AFE - CONCESSÃO - COSMÉTICOS, PERFUMES E PRODUTOS DE HIGIENE - DISTRIBUIDORA (SOMENTE MATRIZ) / 4539090224</p><p>MOTIVO DO INDEFERIMENTO:</p><p>Não apresentação do relatório de inspeção ou documento equivalente que ateste o cumprimento dos requisitos técnicos para as atividades e classes pleiteadas, emitidos pela autoridade sanitária local competente; conforme disposto nos artigos 15 e 18 da RDC nº 16/2014. Conforme o estabelecido pelo artigo 51 da Lei n° 6360/76 e pelo artigo terceiro do decreto n° 8.077/13, a autorização emitida pela Anvisa precede o licenciamento sanitário.</p><p>--------------------------------------</p><p>borges e diniz / 00.495.711/0002-65</p><p>25351.186702/2022-36 /</p><p>702 - AFE - CONCESSÃO - MEDICAMENTOS E INSUMOS FARMACÊUTICOS - DISTRIBUIDORA (SOMENTE MATRIZ) / 4412339220</p><p>MOTIVO DO INDEFERIMENTO:</p><p>Não apresentação de Relatório de Inspeção que ateste o cumprimento dos requisitos técnicos para as atividades e classes pleiteadas, emitido pela autoridade sanitária local competente, conforme disposto no artigo 15 e artigo 18 da RDC nº 16/2014. Adicionalmente, a empresa protocolou o pedido de AFE no CNPJ da filial, e não da matriz.</p><p>--------------------------------------</p><p>ANA FLAVIA DA SILVA SANTIAGO PROTASIO DOS REIS / 15.371.865/0003-01</p><p>25351.200992/2022-38 /</p><p>733 - AFE - CONCESSÃO - FARMÁCIAS E DROGARIAS / 4427477227</p><p>MOTIVO DO INDEFERIMENTO:</p><p>Não apresentação da declaração assinada do Anexo I da RDC nº 275/2019, contrariando o art. 11 da RDC nº 275/2019.</p><p>--------------------------------------</p><p>FARMACIA DO VALE LTDA / 46.647.684/0001-19</p><p>25351.267396/2022-38 /</p><p>733 - AFE - CONCESSÃO - FARMÁCIAS E DROGARIAS / 4511019221</p><p>MOTIVO DO INDEFERIMENTO:</p><p>Não apresentação da declaração assinada do Anexo I da RDC nº 275/2019, contrariando o art. 11 da RDC nº 275/2019.</p><p>--------------------------------------</p><p>THAIS-MEDFARMA DROGARIA EIRELI - EPP / 27.522.383/0003-86</p><p>25351.213062/2022-44 /</p><p>733 - AFE - CONCESSÃO - FARMÁCIAS E DROGARIAS / 4451167221</p><p>MOTIVO DO INDEFERIMENTO:</p><p>Não apresentação da declaração assinada do Anexo I da RDC nº 275/2019, contrariando o art. 11 da RDC nº 275/2019.</p><p>--------------------------------------</p><p>Multimedik Distribuição LTDA / 45.282.739/0001-71</p><p>25351.090122/2022-44 /</p><p>856 - AFE - CONCESSÃO - PRODUTOS PARA SAÚDE - DISTRIBUIDORA / 4246977225</p><p>MOTIVO DO INDEFERIMENTO:</p><p>Não apresentação do relatório de inspeção ou documento equivalente que ateste o cumprimento dos requisitos técnicos para as atividades e classes pleiteadas, emitidos pela autoridade sanitária local competente; conforme disposto nos artigos 15 e 18 da RDC nº 16/2014. Conforme o estabelecido pelo artigo 51 da Lei n° 6360/76 e pelo artigo terceiro do decreto n° 8.077/13, a autorização emitida pela Anvisa precede o licenciamento sanitário.</p><p>--------------------------------------</p><p>Suportemed Distribuidora Comercio e Representação Comercial LTDA / 11.957.717/0001-42</p><p>25351.292063/2022-47 /</p><p>859 - AFE - CONCESSÃO - PRODUTOS PARA SAÚDE - IMPORTADORA / 4539445227</p><p>MOTIVO DO INDEFERIMENTO:</p><p>A empresa já possui a AFE vigente nº 8.08641-1 contrariando o disposto na RDC nº 222/2006 e Lei 9782/99.</p><p>--------------------------------------</p><p>J R PINTO FARMA LTDA / 46.657.734/0001-49</p><p>25351.270390/2022-48 /</p><p>733 - AFE - CONCESSÃO - FARMÁCIAS E DROGARIAS / 4511904220</p><p>MOTIVO DO INDEFERIMENTO:</p><p>Não apresentação da declaração assinada do Anexo I da RDC nº 275/2019, contrariando o art. 11 da RDC nº 275/2019.</p><p>--------------------------------------</p><p>maxx farma asturias ltda / 42.031.631/0001-18</p><p>25351.202934/2022-49 /</p><p>733 - AFE - CONCESSÃO - FARMÁCIAS E DROGARIAS / 4432270224</p><p>MOTIVO DO INDEFERIMENTO:</p><p>Não apresentação da declaração assinada do Anexo I da RDC nº 275/2019, contrariando o art. 11 da RDC nº 275/2019.</p><p>--------------------------------------</p><p>Excelencia Farma LTDA / 33.972.952/0001-26</p><p>25351.173311/2022-51 /</p><p>733 - AFE - CONCESSÃO - FARMÁCIAS E DROGARIAS / 4393975229</p><p>MOTIVO DO INDEFERIMENTO:</p><p>Não apresentação da declaração assinada do Anexo I da RDC nº 275/2019, contrariando o art. 11 da RDC nº 275/2019.</p><p>--------------------------------------</p><p>JOSE MARIA PEREIRA SILVA LTDA / 45.435.151/0001-00</p><p>25351.298747/2022-52 /</p><p>856 - AFE - CONCESSÃO - PRODUTOS PARA SAÚDE - DISTRIBUIDORA / 4551482226</p><p>MOTIVO DO INDEFERIMENTO:</p><p>O documento apresentado, emitido pela autoridade sanitária local competente, não atesta o cumprimento dos requisitos técnicos para as atividades e classes pleiteadas, conforme disposto no artigo 15 e artigo 18 da RDC nº 16/2014.</p><p>--------------------------------------</p><p>RIO FARMA COMERCIO DE PRODUTOS MEDICOS E HOSPITALARES LTDA / 46.153.393/0001-74</p><p>25351.284162/2022-55 /</p><p>740 - AFE - CONCESSÃO - SANEANTES DOMISSANITÁRIOS - DISTRIBUIDORA (SOMENTE MATRIZ) / 4525857226</p><p>MOTIVO DO INDEFERIMENTO:</p><p>O documento apresentado, emitido pela autoridade sanitária local competente, não atesta o cumprimento dos requisitos técnicos para as atividades e classes pleiteadas, conforme disposto no artigo 15 e artigo 18 da RDC nº 16/2014. O documento não menciona a classe de saneantes.</p><p>--------------------------------------</p><p>TOP RIO COMERCIO MATERIAL MEDICO HOSPITALAR LTDA / 47.271.491/0001-79</p><p>25351.295601/2022-55 /</p><p>740 - AFE - CONCESSÃO - SANEANTES DOMISSANITÁRIOS - DISTRIBUIDORA (SOMENTE MATRIZ) / 4545931227</p><p>MOTIVO DO INDEFERIMENTO:</p><p>Não apresentação de Relatório de Inspeção que ateste o cumprimento dos requisitos técnicos para as atividades e classes pleiteadas, emitido pela autoridade sanitária local competente, conforme disposto no artigo 15 e artigo 18 da RDC nº 16/2014. O documento anexado não pertence à empresa.</p><p>--------------------------------------</p><p>FARMACIA DRGODIAS LTDA / 45.299.650/0001-18</p><p>25351.219009/2022-57 /</p><p>733 - AFE - CONCESSÃO - FARMÁCIAS E DROGARIAS / 4461316224</p><p>MOTIVO DO INDEFERIMENTO:</p><p>Não apresentação da declaração assinada do Anexo I da RDC nº 275/2019, contrariando o art. 11 da RDC nº 275/2019.</p><p>--------------------------------------</p><p>BELA INDUSTRIA COM. IMPORTAção E EXPORTAção DE PRODUTOS E EQUIPAMENTOS FARMACÊUTICOS E HOSPITALARES EIRELLI / 37.351.602/0001-01</p><p>25351.280351/2022-59 /</p><p>859 - AFE - CONCESSÃO - PRODUTOS PARA SAÚDE - IMPORTADORA / 4518915224</p><p>MOTIVO DO INDEFERIMENTO:</p><p>Não apresentação de Relatório de Inspeção que ateste o cumprimento dos requisitos técnicos para as atividades e classes pleiteadas, emitido pela autoridade sanitária local competente, conforme disposto no artigo 15 e artigo 18 da RDC nº 16/2014. Adicionalmente, a empresa já possui AFE para a classe de produtos para saúde, contrariando o disposto na RDC nº 222/06.</p><p>--------------------------------------</p><p>ERIC FIGUEIREDO DE SOUZA / 46.594.109/0001-03</p><p>25351.250957/2022-60 /</p><p>733 - AFE - CONCESSÃO - FARMÁCIAS E DROGARIAS / 4495225222</p><p>MOTIVO DO INDEFERIMENTO:</p><p>Não apresentação da declaração assinada do Anexo I da RDC nº 275/2019, contrariando o art. 11 da RDC nº 275/2019.</p><p>--------------------------------------</p><p>FARMACIA E DROGARIA DSH LTDA / 46.723.296/0001-70</p><p>25351.305762/2022-64 /</p><p>733 - AFE - CONCESSÃO - FARMÁCIAS E DROGARIAS / 4562083221</p><p>MOTIVO DO INDEFERIMENTO:</p><p>Não apresentação da declaração assinada do Anexo I da RDC nº 275/2019, contrariando o art. 11 da RDC nº 275/2019.</p><p>--------------------------------------</p><p>TOP RIO COMERCIO MATERIAL MEDICO HOSPITALAR LTDA / 47.271.491/0001-79</p><p>25351.295656/2022-65 /</p><p>856 - AFE - CONCESSÃO - PRODUTOS PARA SAÚDE - DISTRIBUIDORA / 4545997228</p><p>MOTIVO DO INDEFERIMENTO:</p><p>Não apresentação de Relatório de Inspeção que ateste o cumprimento dos requisitos técnicos para as atividades e classes pleiteadas, emitido pela autoridade sanitária local competente, conforme disposto no artigo 15 e artigo 18 da RDC nº 16/2014. O documento anexado não pertence à empresa.</p><p>--------------------------------------</p><p>FERREIRA CORTES MANIPULAÇÃO LTDA / 46.031.532/0001-97</p><p>25351.548591/2022-66 /</p><p>733 - AFE - CONCESSÃO - FARMÁCIAS E DROGARIAS / 2728352226</p><p>MOTIVO DO INDEFERIMENTO:</p><p>Não apresentação da declaração assinada do Anexo I da RDC nº 275/2019, contrariando o art. 11 da RDC nº 275/2019.</p><p>--------------------------------------</p><p>FARMACAMPI LTDA / 47.251.089/0001-22</p><p>25351.306029/2022-67 /</p><p>733 - AFE - CONCESSÃO - FARMÁCIAS E DROGARIAS / 4562561221</p><p>MOTIVO DO INDEFERIMENTO:</p><p>Não apresentação da declaração assinada do Anexo I da RDC nº 275/2019, contrariando o art. 11 da RDC nº 275/2019.</p><p>--------------------------------------</p><p>TEAMED COMERCIO E SERVICOS EIRELI / 42.006.832/0001-65</p><p>25351.230167/2022-68 /</p><p>860 - AFE - CONCESSÃO - PRODUTOS PARA SAÚDE - VAREJISTA / 4473093221</p><p>MOTIVO DO INDEFERIMENTO:</p><p>A empresa já possui AFE vigente para a classe de produtos solicitada, nº 8.25324-2, contrariando o disposto na RDC nº 222/2006 e Lei nº 9.782/1999.</p><p>--------------------------------------</p><p>LEO IMPORTADOS.COM LTDA / 44.730.230/0001-81</p><p>25351.523649/2022-69 /</p><p>722 - AFE - CONCESSÃO - COSMÉTICOS, PERFUMES E PRODUTOS DE HIGIENE - IMPORTADORA (SOMENTE MATRIZ) / 2665316226</p><p>MOTIVO DO INDEFERIMENTO:</p><p>Não apresentação de Relatório de Inspeção que ateste o cumprimento dos requisitos técnicos para as atividades e classes pleiteadas, emitido pela autoridade sanitária local competente, conforme disposto no artigo 15 e artigo 18 da RDC nº 16/2014. Conforme estabelecido pelo art. 51, da Lei 6.360/76 e pelo art. 3º do Decreto 8.077/13, a Autorização emitida pela Anvisa precede o licenciamento sanitário.</p><p>--------------------------------------</p><p>CASE FARMA DISTRIBUIDORA EIRELI / 36.515.549/0001-66</p><p>25351.181152/2022-69 /</p><p>856 - AFE - CONCESSÃO - PRODUTOS PARA SAÚDE - DISTRIBUIDORA / 4406364226</p><p>MOTIVO DO INDEFERIMENTO:</p><p>Não apresentação de Relatório de Inspeção que ateste o cumprimento dos requisitos técnicos para as atividades e classes pleiteadas, emitido pela autoridade sanitária local competente, conforme disposto no artigo 15 e artigo 18 da RDC nº 16/2014.</p><p>--------------------------------------</p><p>RODRIGO SOUSA VASCONCELOS ME / 27.134.935/0001-17</p><p>25351.200995/2022-71 /</p><p>733 - AFE - CONCESSÃO - FARMÁCIAS E DROGARIAS / 4427486226</p><p>MOTIVO DO INDEFERIMENTO:</p><p>Não apresentação da declaração assinada do Anexo I da RDC nº 275/2019, contrariando o art. 11 da RDC nº 275/2019.</p><p>--------------------------------------</p><p>DROGARIA BETEL 21 LTDA / 43.026.908/0001-87</p><p>25351.302992/2022-71 /</p><p>733 - AFE - CONCESSÃO - FARMÁCIAS E DROGARIAS / 4556992224</p><p>MOTIVO DO INDEFERIMENTO:</p><p>Não apresentação da declaração assinada do Anexo I da RDC nº 275/2019, contrariando o art. 11 da RDC nº 275/2019.</p><p>--------------------------------------</p><p>ATACADO LITORAL LTDA / 09.006.278/0001-40</p><p>25351.545711/2022-73 /</p><p>723 - AFE - CONCESSÃO - COSMÉTICOS, PERFUMES E PRODUTOS DE HIGIENE - DISTRIBUIDORA (SOMENTE MATRIZ) / 2720742228</p><p>MOTIVO DO INDEFERIMENTO:</p><p>Não cumprimento da exigência formulada sob o número de notificação 4536066/22-9, contrariando os artigos 6º e 11 da RDC nº 204/2005: não apresentação de Relatório de Inspeção que ateste o cumprimento dos requisitos técnicos para as atividades e classes pleiteadas, emitido pela autoridade sanitária local competente, conforme disposto no artigo 15 e artigo 18 da RDC nº 16/2014.</p><p>--------------------------------------</p><p>DROGARIA ALAMEDA LTDA / 01.276.256/0067-15</p><p>25351.218499/2022-74 /</p><p>733 - AFE - CONCESSÃO - FARMÁCIAS E DROGARIAS / 4460281222</p><p>MOTIVO DO INDEFERIMENTO:</p><p>Não apresentação da declaração assinada do Anexo I da RDC nº 275/2019, contrariando o art. 11 da RDC nº 275/2019.</p><p>--------------------------------------</p><p>DROGARIa PAGUE POUCO PLANALTO LTDA / 46.839.439/0001-03</p><p>25351.270010/2022-75 /</p><p>733 - AFE - CONCESSÃO - FARMÁCIAS E DROGARIAS / 4511454224</p><p>MOTIVO DO INDEFERIMENTO:</p><p>Não apresentação da declaração assinada do Anexo I da RDC nº 275/2019, contrariando o art. 11 da RDC nº 275/2019.</p><p>--------------------------------------</p><p>PHARMA ALPHA MAIS POPULAR LTDA / 46.763.160/0001-93</p><p>25351.305489/2022-78 /</p><p>733 - AFE - CONCESSÃO - FARMÁCIAS E DROGARIAS / 4561567225</p><p>MOTIVO DO INDEFERIMENTO:</p><p>Não apresentação da declaração assinada do Anexo I da RDC nº 275/2019, contrariando o art. 11 da RDC nº 275/2019.</p><p>--------------------------------------</p><p>DROGARIA BANDEIRA ROCHA LTDA / 45.916.945/0001-96</p><p>25351.215064/2022-78 /</p><p>733 - AFE - CONCESSÃO - FARMÁCIAS E DROGARIAS / 4454704228</p><p>MOTIVO DO INDEFERIMENTO:</p><p>Não apresentação da declaração assinada do Anexo I da RDC nº 275/2019, contrariando o art. 11 da RDC nº 275/2019.</p><p>--------------------------------------</p><p>DROGARIA VS LTDA / 46.469.990/0001-02</p><p>25351.305783/2022-80 /</p><p>733 - AFE - CONCESSÃO - FARMÁCIAS E DROGARIAS / 4562172221</p><p>MOTIVO DO INDEFERIMENTO:</p><p>Não apresentação da declaração assinada do Anexo I da RDC nº 275/2019, contrariando o art. 11 da RDC nº 275/2019.</p><p>--------------------------------------</p><p>COMERCIAL DE MEDICAMENTOS EDUARDO LTDA / 40.516.276/0001-41</p><p>25351.213072/2022-80 /</p><p>733 - AFE - CONCESSÃO - FARMÁCIAS E DROGARIAS / 4451243221</p><p>MOTIVO DO INDEFERIMENTO:</p><p>Não apresentação da declaração assinada do Anexo I da RDC nº 275/2019, contrariando o art. 11 da RDC nº 275/2019.</p><p>--------------------------------------</p><p>maximed com prod cirurg e hospitalares ltda - epp / 06.264.520/0001-98</p><p>25351.091915/2022-81 /</p><p>856 - AFE - CONCESSÃO - PRODUTOS PARA SAÚDE - DISTRIBUIDORA / 4251880226</p><p>MOTIVO DO INDEFERIMENTO:</p><p>Não apresentação do relatório de inspeção ou documento equivalente que ateste o cumprimento dos requisitos técnicos para as atividades e classes pleiteadas, emitidos pela autoridade sanitária local competente; conforme disposto nos artigos 15 e 18 da RDC nº 16/2014.</p><p>--------------------------------------</p><p>THAILA FARMA MEDICAMENTOS LTDA / 45.882.124/0001-86</p><p>25351.219282/2022-81 /</p><p>733 - AFE - CONCESSÃO - FARMÁCIAS E DROGARIAS / 4461842225</p><p>MOTIVO DO INDEFERIMENTO:</p><p>Não apresentação da declaração assinada do Anexo I da RDC nº 275/2019, contrariando o art. 11 da RDC nº 275/2019.</p><p>--------------------------------------</p><p>AB FARMA LTDA / 46.053.057/0001-50</p><p>25351.202091/2022-81 /</p><p>733 - AFE - CONCESSÃO - FARMÁCIAS E DROGARIAS / 4430734229</p><p>MOTIVO DO INDEFERIMENTO:</p><p>Não apresentação da declaração assinada do Anexo I da RDC nº 275/2019, contrariando o art. 11 da RDC nº 275/2019.</p><p>--------------------------------------</p><p>ZUMM 1001 ENTREGAS EXPRESSAS LTDA / 43.612.453/0001-81</p><p>25351.211759/2022-81 /</p><p>701 - AFE - CONCESSÃO - MEDICAMENTOS E INSUMOS FARMACÊUTICOS - TRANSPORTADORA (SOMENTE MATRIZ) / 4449338227</p><p>MOTIVO DO INDEFERIMENTO:</p><p>Não apresentação de Relatório de Inspeção que ateste o cumprimento dos requisitos técnicos para as atividades e classes pleiteadas, emitido pela autoridade sanitária local competente, conforme disposto no artigo 15 e artigo 18 da RDC nº 16/2014. Conforme estabelecido pelo art. 51, da Lei 6.360/76 e pelo art. 3º do Decreto 8.077/13, a Autorização emitida pela Anvisa precede o licenciamento sanitário.</p><p>--------------------------------------</p><p>ROBINSON GERALDO RODRIGUES NABHAN / 01.691.808/0003-97</p><p>25351.254725/2022-81 /</p><p>733 - AFE - CONCESSÃO - FARMÁCIAS E DROGARIAS / 4498578229</p><p>MOTIVO DO INDEFERIMENTO:</p><p>Não apresentação da declaração assinada do Anexo I da RDC nº 275/2019, contrariando o art. 11 da RDC nº 275/2019.</p><p>--------------------------------------</p><p>DROGARIA LANAFARMA LTDA / 45.408.061/0001-20</p><p>25351.202937/2022-82 /</p><p>733 - AFE - CONCESSÃO - FARMÁCIAS E DROGARIAS / 4432280221</p><p>MOTIVO DO INDEFERIMENTO:</p><p>Não apresentação da declaração assinada do Anexo I da RDC nº 275/2019, contrariando o art. 11 da RDC nº 275/2019.</p><p>--------------------------------------</p><p>RIO VERDE DISTRIBUIDORA DE MEDICAMENTOS LTDA / 45.664.354/0001-79</p><p>25351.220387/2022-83 /</p><p>733 - AFE - CONCESSÃO - FARMÁCIAS E DROGARIAS / 4464215226</p><p>MOTIVO DO INDEFERIMENTO:</p><p>Não apresentação da declaração assinada do Anexo I da RDC nº 275/2019, contrariando o art. 11 da RDC nº 275/2019.</p><p>--------------------------------------</p><p>FOUR MEDICAL COMERCIO DE PRODUTOS MEDICOS LTDA / 13.825.000/0001-72</p><p>25351.264124/2022-86 /</p><p>856 - AFE - CONCESSÃO - PRODUTOS PARA SAÚDE - DISTRIBUIDORA / 4505857221</p><p>MOTIVO DO INDEFERIMENTO:</p><p>Não apresentação do relatório de inspeção ou documento equivalente que ateste o cumprimento dos requisitos técnicos para as atividades e classes pleiteadas, emitidos pela autoridade sanitária local competente; conforme disposto no artigo 15º e artigo 18º da RDC nº 16/2014. Conforme o estabelecido pelo artigo 51 da Lei n° 6360/76 e pelo artigo terceiro do decreto n° 8.077/13, a autorização emitida pela Anvisa precede o licenciamento sanitário.</p><p>--------------------------------------</p><p>FABIMS FARMA LTDA - ME / 12.857.056/0001-46</p><p>25351.303056/2022-88 /</p><p>733 - AFE - CONCESSÃO - FARMÁCIAS E DROGARIAS / 4557180225</p><p>MOTIVO DO INDEFERIMENTO:</p><p>Não apresentação da declaração assinada do Anexo I da RDC nº 275/2019, contrariando o art. 11 da RDC nº 275/2019.</p><p>--------------------------------------</p><p>FARMALINZ LTDA / 46.893.575/0001-81</p><p>25351.262494/2022-89 /</p><p>733 - AFE - CONCESSÃO - FARMÁCIAS E DROGARIAS / 4504274228</p><p>MOTIVO DO INDEFERIMENTO:</p><p>Não apresentação da declaração assinada do Anexo I da RDC nº 275/2019, contrariando o art. 11 da RDC nº 275/2019.</p><p>--------------------------------------</p><p>KRAUSE PRODUTOS FARMACÊUTICOS LTDA / 46.479.554/0001-14</p><p>25351.273931/2022-90 /</p><p>733 - AFE - CONCESSÃO - FARMÁCIAS E DROGARIAS / 4514008221</p><p>MOTIVO DO INDEFERIMENTO:</p><p>Não apresentação da declaração assinada do Anexo I da RDC nº 275/2019, contrariando o art. 11 da RDC nº 275/2019.</p><p>--------------------------------------</p><p>LOGLIVE TRANSPORTE E LOGISTICA LTDA / 44.389.598/0001-28</p><p>25351.295587/2022-90 /</p><p>728 - AFE - CONCESSÃO - COSMÉTICOS, PERFUMES E PRODUTOS DE HIGIENE - TRANSPORTADORA (SOMENTE MATRIZ) / 4545916228</p><p>MOTIVO DO INDEFERIMENTO:</p><p>Não apresentação de Relatório de Inspeção que ateste o cumprimento dos requisitos técnicos para as atividades e classes pleiteadas, emitido pela autoridade sanitária local competente, conforme disposto no artigo 15 e artigo 18 da RDC nº 16/2014.</p><p>--------------------------------------</p><p>DISTRIBUIDORA PL MEDICAL LTDA / 45.137.283/0001-56</p><p>25351.299077/2022-91 /</p><p>856 - AFE - CONCESSÃO - PRODUTOS PARA SAÚDE - DISTRIBUIDORA / 4551800228</p><p>MOTIVO DO INDEFERIMENTO:</p><p>Não apresentação de Relatório de Inspeção que ateste o cumprimento dos requisitos técnicos para as atividades e classes pleiteadas, emitido pela autoridade sanitária local competente, conforme disposto no artigo 15 e artigo 18 da RDC nº 16/2014.</p><p>--------------------------------------</p><p>FARMACIA MELO E OLIVEIRA LTDA / 46.551.894/0001-09</p><p>25351.256551/2022-91 /</p><p>733 - AFE - CONCESSÃO - FARMÁCIAS E DROGARIAS / 4499419222</p><p>MOTIVO DO INDEFERIMENTO:</p><p>Não apresentação da declaração assinada do Anexo I da RDC nº 275/2019, contrariando o art. 11 da RDC nº 275/2019.</p><p>--------------------------------------</p><p>E S DA SILVA LTDA / 43.980.860/0001-41</p><p>25351.266063/2022-91 /</p><p>733 - AFE - CONCESSÃO - FARMÁCIAS E DROGARIAS / 4509011224</p><p>MOTIVO DO INDEFERIMENTO:</p><p>Não apresentação da declaração assinada do Anexo I da RDC nº 275/2019, contrariando o art. 11 da RDC nº 275/2019.</p><p>--------------------------------------</p><p>DROGARIA E PERFUMARIA TRATE LTDA. / 46.519.974/0001-87</p><p>25351.267388/2022-91 /</p><p>733 - AFE - CONCESSÃO - FARMÁCIAS E DROGARIAS / 4511005221</p><p>MOTIVO DO INDEFERIMENTO:</p><p>Não apresentação da declaração assinada do Anexo I da RDC nº 275/2019, contrariando o art. 11 da RDC nº 275/2019.</p><p>--------------------------------------</p><p>E.L. Transporte Rebequi LTDA ME / 03.296.477/0001-54</p><p>25351.303583/2022-92 /</p><p>728 - AFE - CONCESSÃO - COSMÉTICOS, PERFUMES E PRODUTOS DE HIGIENE - TRANSPORTADORA (SOMENTE MATRIZ) / 4557782221</p><p>MOTIVO DO INDEFERIMENTO:</p><p>Não apresentação de Relatório de Inspeção que ateste o cumprimento dos requisitos técnicos para as atividades e classes pleiteadas, emitido pela autoridade sanitária local competente, conforme disposto no artigo 15 e artigo 18 da RDC nº 16/2014. Conforme estabelecido pelo art. 51, da Lei 6.360/76 e pelo art. 3º do Decreto 8.077/13, a Autorização emitida pela Anvisa precede o licenciamento sanitário.</p><p>--------------------------------------</p><p>O C DA SILVA / 45.161.979/0001-18</p><p>25351.220836/2022-93 /</p><p>733 - AFE - CONCESSÃO - FARMÁCIAS E DROGARIAS / 4465055228</p><p>MOTIVO DO INDEFERIMENTO:</p><p>Não apresentação da declaração assinada do Anexo I da RDC nº 275/2019, contrariando o art. 11 da RDC nº 275/2019.</p><p>--------------------------------------</p><p>MEGA FARMA PRODUTOS FARMACEUTICOS LTDA / 44.971.189/0001-35</p><p>25351.200991/2022-93 /</p><p>733 - AFE - CONCESSÃO - FARMÁCIAS E DROGARIAS / 4427474222</p><p>MOTIVO DO INDEFERIMENTO:</p><p>Não apresentação da declaração assinada do Anexo I da RDC nº 275/2019, contrariando o art. 11 da RDC nº 275/2019.</p><p>--------------------------------------</p><p>E M DE LIRA / 44.862.802/0001-86</p><p>25351.214902/2022-96 /</p><p>733 - AFE - CONCESSÃO - FARMÁCIAS E DROGARIAS / 4454341227</p><p>MOTIVO DO INDEFERIMENTO:</p><p>Não apresentação da declaração assinada do Anexo I da RDC nº 275/2019, contrariando o art. 11 da RDC nº 275/2019.</p><p>--------------------------------------</p><p>LL DISTRIBUIDORA DE MEDICAMENTOS LTDA / 45.212.523/0001-30</p><p>25351.297217/2022-97 /</p><p>723 - AFE - CONCESSÃO - COSMÉTICOS, PERFUMES E PRODUTOS DE HIGIENE - DISTRIBUIDORA (SOMENTE MATRIZ) / 4549746220</p><p>MOTIVO DO INDEFERIMENTO:</p><p>Não apresentação de Relatório de Inspeção que ateste o cumprimento dos requisitos técnicos para as atividades e classes pleiteadas, emitido pela autoridade sanitária local competente, conforme disposto no artigo 15 e artigo 18 da RDC nº 16/2014.</p>]]></Texto>
  </body>
  <Midias />
</article></xml>