﻿<xml><article id="27706259" name="RES 390 GECEX" idOficio="7355402" pubName="DO1" artType="Resolução" pubDate="25/08/2022" artClass="00015:00007:00009:00000:00000:00000:00000:00000:00000:00000:00064:00000" artCategory="Ministério da Economia/Câmara de Comércio Exterior/Comitê-Executivo de Gestão" artSize="24" artNotes="" numberPage="34" pdfPage="http://pesquisa.in.gov.br/imprensa/jsp/visualiza/index.jsp?data=25/08/2022&amp;jornal=515&amp;pagina=34" editionNumber="162" highlightType="" highlightPriority="" highlight="" highlightimage="" highlightimagename="" idMateria="14836421">
  <body>
    <Identifica><![CDATA[  RESOLUÇÃO GECEX Nº 390, DE 23 DE AGOSTO DE 2022]]></Identifica>
    <Data><![CDATA[]]></Data>
    <Ementa><![CDATA[ Altera a Nomenclatura Comum do Mercosul e sua correspondente Tarifa Externa Comum, conforme estabelecido na Resolução nº 09/22 do Grupo Mercado Comum do Mercosul, e altera os Anexos I e II da Resolução Gecex nº 272, de 19 de novembro de 2021.]]></Ementa>
    <Titulo />
    <SubTitulo />
    <Texto><![CDATA[<p class="identifica">RESOLUÇÃO GECEX Nº 390, DE 23 DE AGOSTO DE 2022</p><p class="ementa">Altera a Nomenclatura Comum do Mercosul e sua correspondente Tarifa Externa Comum, conforme estabelecido na Resolução nº <sup></sup> 09/22 do Grupo Mercado Comum do Mercosul, e altera os Anexos I e II da Resolução Gecex nº 272, de 19 de novembro de 2021.</p><p>O COMITÊ-EXECUTIVO DE GESTÃO DA CÂMARA DE COMÉRCIO EXTERIOR, no uso das atribuições que lhe confere o 7º, inciso IV, do Decreto nº 10.044, de 4 de outubro de 2019, e considerando o disposto na Decisão nº 31/04 do Conselho do Mercado Comum do Mercosul, na Resolução nº 09/2022 do Grupo Mercado Comum, e na Resolução Gecex nº 272, de 19 de novembro de 2021, da Câmara de Comércio Exterior, e tendo em vista a deliberação de sua 197ª reunião ordinária, ocorrida em 17 de agosto de 2022, resolve:</p><p>Art. 1º Ficam alterados os códigos tarifários da Nomenclatura Comum do Mercosul - NCM que compõem a Tarifa Externa Comum - TEC, de que trata o Anexo I da Resolução Gecex nº 272, de 19 de novembro de 2021, conforme quadro a seguir:</p><p /><p></p><table><tr /><tr><td rowspan="1" colspan="3"><p>SITUAÇÃO ATUAL</p></td><td rowspan="1" colspan="3"><p>MODIFICAÇÃO APROVADA</p></td></tr><tr><td rowspan="1" colspan="1"><p>NCM</p></td><td rowspan="1" colspan="1"><p>DESCRIÇÃO</p></td><td rowspan="1" colspan="1"><p>TEC (%)</p></td><td rowspan="1" colspan="1"><p>NCM</p></td><td rowspan="1" colspan="1"><p>DESCRIÇÃO</p></td><td rowspan="1" colspan="1"><p>TEC (%)</p></td></tr><tr><td rowspan="1" colspan="1"><p>3907.40.90</p></td><td rowspan="1" colspan="1"><p>Outros</p></td><td rowspan="1" colspan="1"><p>14</p></td><td rowspan="1" colspan="1"><p>3907.40.20</p></td><td rowspan="1" colspan="1"><p>Em pó ou flocos, com índice de fluidez de massa inferior a 60 g/10 min ou superior a 80 g/10 min segundo Norma ASTM D 1238</p></td><td rowspan="1" colspan="1"><p>2</p></td></tr><tr><td rowspan="1" colspan="1"><p></p></td><td rowspan="1" colspan="1"><p></p></td><td rowspan="1" colspan="1"><p></p></td><td rowspan="1" colspan="1"><p>3907.40.90</p></td><td rowspan="1" colspan="1"><p>Outros</p></td><td rowspan="1" colspan="1"><p>14</p></td></tr><tr><td rowspan="1" colspan="1"><p>3909.31.00</p></td><td rowspan="1" colspan="1"><p>-- Poli(isocianato de fenil metileno) (MDI bruto, MDI polimérico)</p></td><td rowspan="1" colspan="1"><p>14</p></td><td rowspan="1" colspan="1"><p>3909.31.00</p></td><td rowspan="1" colspan="1"><p>-- Poli(isocianato de fenil metileno) (MDI bruto, MDI polimérico)</p></td><td rowspan="1" colspan="1"><p>2</p></td></tr><tr><td rowspan="1" colspan="1"><p>4703.21.00</p></td><td rowspan="1" colspan="1"><p>-- De coníferas</p></td><td rowspan="1" colspan="1"><p>4</p></td><td rowspan="1" colspan="1"><p>4703.21</p></td><td rowspan="1" colspan="1"><p>-- De coníferas</p></td><td rowspan="1" colspan="1"><p></p></td></tr><tr><td rowspan="1" colspan="1"><p></p></td><td rowspan="1" colspan="1"><p></p></td><td rowspan="1" colspan="1"><p></p></td><td rowspan="1" colspan="1"><p>4703.21.10</p></td><td rowspan="1" colspan="1"><p>Em rolos</p></td><td rowspan="1" colspan="1"><p>4</p></td></tr><tr><td rowspan="1" colspan="1"><p></p></td><td rowspan="1" colspan="1"><p></p></td><td rowspan="1" colspan="1"><p></p></td><td rowspan="1" colspan="1"><p>4703.21.90</p></td><td rowspan="1" colspan="1"><p>Outras</p></td><td rowspan="1" colspan="1"><p>4</p></td></tr><tr><td rowspan="1" colspan="1"><p>7606.12.90</p></td><td rowspan="1" colspan="1"><p>Outras</p></td><td rowspan="1" colspan="1"><p>12</p></td><td rowspan="1" colspan="1"><p>7606.12.30</p></td><td rowspan="1" colspan="1"><p>Simplesmente laminadas, constituídas de, pelo menos, duas camadas de diferentes ligas de alumínio, sendo uma o núcleo e as outras de revestimento, exceto: núcleo de liga da<em>Aluminium Association</em>AA 3003 modificada (liga de alumínio com um teor, em peso, de silício inferior ou igual a 0,60 %, de ferro inferior</p></td><td rowspan="1" colspan="1"><p>2</p></td></tr><tr><td rowspan="1" colspan="1" /><td rowspan="1" colspan="1" /><td rowspan="1" colspan="1" /><td rowspan="1" colspan="1" /><td rowspan="1" colspan="1"><p>ou igual a 0,70 %, de cobre igual ou superior a 0,05 % e inferior ou igual a 0,20 %, de manganês igual ou superior a 1,0 % e inferior ou igual a 1,5 %, de zinco inferior ou igual a 0,15 % e de outros elementos total inferior ou igual a 0,15 %) com revestimento de liga AA 4343 (liga de alumínio com um teor,</p></td><td rowspan="1" colspan="1" /></tr><tr><td rowspan="1" colspan="1" /><td rowspan="1" colspan="1" /><td rowspan="1" colspan="1" /><td rowspan="1" colspan="1" /><td rowspan="1" colspan="1"><p>em peso, de silício igual ou superior a 6,8 % e inferior ou igual a 8,2 %, de ferro inferior ou igual a 0,80 %, de cobre inferior ou igual a 0,25 %, de manganês inferior ou igual a 0,10 %, de zinco inferior ou igual a 0,20 % e de outros elementos total inferior ou igual a 0,15 %)</p></td><td rowspan="1" colspan="1" /></tr><tr><td rowspan="1" colspan="1"><p></p></td><td rowspan="1" colspan="1"><p></p></td><td rowspan="1" colspan="1"><p></p></td><td rowspan="1" colspan="1"><p>7606.12.90</p></td><td rowspan="1" colspan="1"><p>Outras</p></td><td rowspan="1" colspan="1"><p>12</p></td></tr><tr><td rowspan="1" colspan="1"><p>7607.11.90</p></td><td rowspan="1" colspan="1"><p>Outras</p></td><td rowspan="1" colspan="1"><p>12</p></td><td rowspan="1" colspan="1"><p>7607.11.20</p></td><td rowspan="1" colspan="1"><p>Constituídas de, pelo menos, duas camadas de diferentes ligas de alumínio, sendo uma o núcleo e as outras de revestimento, exceto: núcleo de liga da<em>Aluminium Association</em>AA 3003 modificada (liga de alumínio com um teor, em peso, de silício inferior ou igual a 0,60 %, de ferro inferior ou igual a 0,70 %, de</p></td><td rowspan="1" colspan="1"><p>2</p></td></tr><tr><td rowspan="1" colspan="1" /><td rowspan="1" colspan="1" /><td rowspan="1" colspan="1" /><td rowspan="1" colspan="1" /><td rowspan="1" colspan="1"><p>cobre igual ou superior a 0,05 % e inferior ou igual a 0,20 %, de manganês igual ou superior a 1,0 % e inferior ou igual a 1,5 %, de zinco inferior ou igual a 0,15 % e de outros elementos total inferior ou igual a 0,15 %) com revestimento de liga AA 4343 (liga de alumínio com um teor, em peso, de</p></td><td rowspan="1" colspan="1" /></tr><tr><td rowspan="1" colspan="1" /><td rowspan="1" colspan="1" /><td rowspan="1" colspan="1" /><td rowspan="1" colspan="1" /><td rowspan="1" colspan="1"><p>silício igual ou superior a 6,8 % e inferior ou igual a 8,2 %, de ferro inferior ou igual a 0,80 %, de cobre inferior ou igual a 0,25 %, de manganês inferior ou igual a 0,10 %, de zinco inferior ou igual a 0,20 % e de outros elementos total inferior ou igual a 0,15 %)</p></td><td rowspan="1" colspan="1" /></tr><tr><td rowspan="1" colspan="1"><p></p></td><td rowspan="1" colspan="1"><p></p></td><td rowspan="1" colspan="1"><p></p></td><td rowspan="1" colspan="1"><p>7607.11.90</p></td><td rowspan="1" colspan="1"><p>Outras</p></td><td rowspan="1" colspan="1"><p>12</p></td></tr></table><p>Art. 2º Fica excluído o código tarifário da NCM do Anexo II da Resolução Gecex nº 272, de 2021, indicado no quadro a seguir:</p><p /><p></p><table><tr /><tr><td rowspan="1" colspan="1"><p>NCM</p></td></tr><tr><td rowspan="1" colspan="1"><p>4703.21.00</p></td></tr></table><p>Art. 3º Ficam incluídos os códigos tarifários da NCM e respectivas alíquotas do Imposto de Importação no Anexo II da Resolução Gecex nº 272, de 2021, conforme quadro a seguir:</p><p /><p></p><table><tr /><tr><td rowspan="1" colspan="1"><p>NCM</p></td><td rowspan="1" colspan="1"><p>Descrição</p></td><td rowspan="1" colspan="1"><p>TEC (%)</p></td><td rowspan="1" colspan="1"><p>Anexo III CMC 08/22 (%)</p></td><td rowspan="1" colspan="1"><p>Alíquota aplicada (%)</p></td><td rowspan="1" colspan="1"><p>Fundamentação</p></td></tr><tr><td rowspan="1" colspan="1"><p>3907.40.20</p></td><td rowspan="1" colspan="1"><p>Em pó ou flocos, com índice de fluidez de massa inferior a 60 g/10 min ou superior a 80 g/10 min segundo Norma ASTM D 1238</p></td><td rowspan="1" colspan="1"><p>2</p></td><td rowspan="1" colspan="1"><p>1,8</p></td><td rowspan="1" colspan="1"><p>0</p></td><td rowspan="1" colspan="1"><p>Art. 7º</p></td></tr><tr><td rowspan="1" colspan="1"><p>3909.31.00</p></td><td rowspan="1" colspan="1"><p>-- Poli(isocianato de fenil metileno) (MDI bruto, MDI polimérico)</p></td><td rowspan="1" colspan="1"><p>2</p></td><td rowspan="1" colspan="1"><p>1,8</p></td><td rowspan="1" colspan="1"><p>0</p></td><td rowspan="1" colspan="1"><p>Art. 7º</p></td></tr><tr><td rowspan="1" colspan="1"><p>4703.21.10</p></td><td rowspan="1" colspan="1"><p>Em rolos</p></td><td rowspan="1" colspan="1"><p>4</p></td><td rowspan="1" colspan="1"><p>3,6</p></td><td rowspan="1" colspan="1"><p>3,2</p></td><td rowspan="1" colspan="1"><p>Art. 7º</p></td></tr><tr><td rowspan="1" colspan="1"><p>4703.21.90</p></td><td rowspan="1" colspan="1"><p>Outras</p></td><td rowspan="1" colspan="1"><p>4</p></td><td rowspan="1" colspan="1"><p>3,6</p></td><td rowspan="1" colspan="1"><p>3,2</p></td><td rowspan="1" colspan="1"><p>Art. 7º</p></td></tr><tr><td rowspan="1" colspan="1"><p>7606.12.30</p></td><td rowspan="1" colspan="1"><p>Simplesmente laminadas, constituídas de, pelo menos, duas camadas de diferentes ligas de alumínio, sendo uma o núcleo e as outras de revestimento, exceto: núcleo de liga da Aluminium Association AA 3003 modificada (liga de alumínio com um teor, em peso, de silício inferior ou igual a</p></td><td rowspan="1" colspan="1"><p>2</p></td><td rowspan="1" colspan="1"><p>1,8</p></td><td rowspan="1" colspan="1"><p>0</p></td><td rowspan="1" colspan="1"><p>Art. 7º</p></td></tr><tr><td rowspan="1" colspan="1" /><td rowspan="1" colspan="1"><p>0,60 %, de ferro inferior ou igual a 0,70 %, de cobre igual ou superior a 0,05 % e inferior ou igual a 0,20 %, de manganês igual ou superior a 1,0 % e inferior ou igual a 1,5 %, de zinco inferior ou igual a 0,15 % e de outros elementos total inferior ou igual a 0,15 %) com</p></td><td rowspan="1" colspan="1" /><td rowspan="1" colspan="1" /><td rowspan="1" colspan="1" /><td rowspan="1" colspan="1" /></tr><tr><td rowspan="1" colspan="1" /><td rowspan="1" colspan="1"><p>revestimento de liga AA 4343 (liga de alumínio com um teor, em peso, de silício igual ou superior a 6,8 % e inferior ou igual a 8,2 %, de ferro inferior ou igual a 0,80 %, de cobre inferior ou igual a 0,25 %, de manganês inferior ou igual a 0,10 %, de zinco inferior ou igual a 0,20 % e de outros elementos total inferior ou igual a 0,15 %)</p></td><td rowspan="1" colspan="1" /><td rowspan="1" colspan="1" /><td rowspan="1" colspan="1" /><td rowspan="1" colspan="1" /></tr><tr><td rowspan="1" colspan="1"><p>7607.11.20</p></td><td rowspan="1" colspan="1"><p>Constituídas de, pelo menos, duas camadas de diferentes ligas de alumínio, sendo uma o núcleo e as outras de revestimento, exceto: núcleo de liga da Aluminium Association AA 3003 modificada (liga de alumínio com um teor, em peso, de silício inferior ou igual a 0,60 %, de ferro</p></td><td rowspan="1" colspan="1"><p>2</p></td><td rowspan="1" colspan="1"><p>1,8</p></td><td rowspan="1" colspan="1"><p>0</p></td><td rowspan="1" colspan="1"><p>Art. 7º</p></td></tr><tr><td rowspan="1" colspan="1" /><td rowspan="1" colspan="1"><p>inferior ou igual a 0,70 %, de cobre igual ou superior a 0,05 % e inferior ou igual a 0,20 %, de manganês igual ou superior a 1,0 % e inferior ou igual a 1,5 %, de zinco inferior ou igual a 0,15 % e de outros elementos total inferior ou igual a 0,15 %) com revestimento de liga AA 4343 (liga de</p></td><td rowspan="1" colspan="1" /><td rowspan="1" colspan="1" /><td rowspan="1" colspan="1" /><td rowspan="1" colspan="1" /></tr><tr><td rowspan="1" colspan="1" /><td rowspan="1" colspan="1"><p>alumínio com um teor, em peso, de silício igual ou superior a 6,8 % e inferior ou igual a 8,2 %, de ferro inferior ou igual a 0,80 %, de cobre inferior ou igual a 0,25 %, de manganês inferior ou igual a 0,10 %, de zinco inferior ou igual a 0,20 % e de outros elementos total inferior ou igual a 0,15 %)</p></td><td rowspan="1" colspan="1" /><td rowspan="1" colspan="1" /><td rowspan="1" colspan="1" /><td rowspan="1" colspan="1" /></tr></table><p>Art. 3º Esta Resolução entra em vigor em 1º de janeiro de 2023.</p><p class="assina">MARCELO PACHECO DOS GUARANYS</p><p class="cargo">Presidente do Comitê Substituto</p><p></p>]]></Texto>
  </body>
  <Midias />
</article></xml>