﻿<xml><article id="27701690" name="Aut-585_2022" idOficio="7354590" pubName="DO1" artType="Autorização" pubDate="25/08/2022" artClass="00023:00031:00058:00048:00000:00000:00000:00000:00000:00000:00012:00000" artCategory="Ministério de Minas e Energia/Agência Nacional do Petróleo, Gás Natural e Biocombustíveis/Diretoria I/Superintendência de Distribuição e Logística" artSize="12" artNotes="" numberPage="261" pdfPage="http://pesquisa.in.gov.br/imprensa/jsp/visualiza/index.jsp?data=25/08/2022&amp;jornal=515&amp;pagina=261" editionNumber="162" highlightType="" highlightPriority="" highlight="" highlightimage="" highlightimagename="" idMateria="14835050">
  <body>
    <Identifica><![CDATA[ AUTORIZAÇÃO SDL-ANP Nº 585, DE 24 DE AGOSTO DE 2022]]></Identifica>
    <Data><![CDATA[]]></Data>
    <Ementa />
    <Titulo />
    <SubTitulo />
    <Texto><![CDATA[<p class="identifica">AUTORIZAÇÃO SDL-ANP Nº 585, DE 24 DE AGOSTO DE 2022</p><p>O SUPERINTENDENTE DE DISTRIBUIÇÃO E LOGÍSTICA DA AGÊNCIA NACIONAL DO PETRÓLEO, GÁS NATURAL E BIOCOMBUSTÍVEIS - ANP, no uso das atribuições que lhe foram conferidas pela Portaria ANP nº 265, de 10 de setembro de 2020, tendo em vista o disposto na Lei nº 9.478, de 6 de agosto de 1997, considerando as disposições da Resolução ANP nº 777, de 05/04/2019 e o que consta no processo 48610.212061/2020-18. resolve: Autorizar a sociedade SPARK LUBRIFICANTES LTDA., a exercer a atividade de Agente de Comércio Exterior no(s) CNPJ(s) listado(s) abaixo. Fica revogada a Autorização ANP n.º 229/2014.</p><p /><p></p><table><tr /><tr><td rowspan="1" colspan="1"><p>CNPJ</p></td></tr><tr><td rowspan="1" colspan="1"><p>03.099.254/0001-05</p></td></tr><tr><td rowspan="1" colspan="1"><p>03.099.254/0004-40</p></td></tr></table><p class="assina">RUBENS CERQUEIRA FREITAS</p>]]></Texto>
  </body>
  <Midias />
</article></xml>