﻿<xml><article id="27696341" name="1754 Na Portaria GM MS nA 1.754 " idOficio="7353446" pubName="DO1" artType="Retificação" pubDate="25/08/2022" artClass="00026:00001:00000:00000:00000:00000:00000:00000:00000:00000:00017:00014" artCategory="Ministério da Saúde/Gabinete do Ministro" artSize="12" artNotes="" numberPage="265" pdfPage="http://pesquisa.in.gov.br/imprensa/jsp/visualiza/index.jsp?data=25/08/2022&amp;jornal=515&amp;pagina=265" editionNumber="162" highlightType="" highlightPriority="" highlight="" highlightimage="" highlightimagename="" idMateria="14833686">
  <body>
    <Identifica><![CDATA[ RETIFICAÇÃO]]></Identifica>
    <Data><![CDATA[]]></Data>
    <Ementa />
    <Titulo />
    <SubTitulo />
    <Texto><![CDATA[<p class="identifica">RETIFICAÇÃO</p><p>Na Portaria GM/MS nº 1.754, de 14 de julho de 2020, publicada no Diário Oficial da União nº 134, seção 1, página 97;</p><p>Onde se lê:</p><p>"Art. 2º Esta Portaria entra em vigor na data de sua publicação.";</p><p>Leia-se:</p><p>"Art. 2º Ficam repristinados:</p><p>I - os arts. 16 a 28 do Anexo XVIII da Portaria de Consolidação GM/MS nº 2, de 28 de setembro de 2017;</p><p>II - os Anexos 3 e 4 do Anexo XVIII da Portaria de Consolidação GM/MS nº 2, de 2017; e</p><p>III - a Portaria GM/MS nº 95, de 14 de janeiro de 2014.</p><p>Art. 3º Esta Portaria entra em vigor na data de sua publicação".</p>]]></Texto>
  </body>
  <Midias />
</article></xml>