﻿<xml><article id="27704441" name="Portarias Ana 24.08.2022" idOficio="7355092" pubName="DO1" artType="Portaria" pubDate="25/08/2022" artClass="00020:00032:00005:00003:00001:00000:00000:00000:00000:00000:00006:00001" artCategory="Ministério da Justiça e Segurança Pública/Secretaria Nacional de Justiça/Departamento de Migrações/Coordenação-Geral de Política Migratória/Coordenação de Processos Migratórios" artSize="12" artNotes="" numberPage="251" pdfPage="http://pesquisa.in.gov.br/imprensa/jsp/visualiza/index.jsp?data=25/08/2022&amp;jornal=515&amp;pagina=251" editionNumber="162" highlightType="" highlightPriority="" highlight="" highlightimage="" highlightimagename="" idMateria="14835798">
  <body>
    <Identifica><![CDATA[ PORTARIA Nº 979, DE 23 DE AGOSTO DE 2022]]></Identifica>
    <Data><![CDATA[]]></Data>
    <Ementa />
    <Titulo />
    <SubTitulo />
    <Texto><![CDATA[<p></p><p class="identifica">PORTARIA Nº 979, DE 23 DE AGOSTO DE 2022</p><p>A COORDENADORA DE PROCESSOS MIGRATÓRIOS, no uso das atribuições que lhe foram conferidas pela Portaria SENAJUS nº 432, de 17 de junho de 2019, publicada no Diário Oficial da União do dia 21 subsequente, e tendo em vista o que consta do Processo nº 08000.006990/2008-67, do Ministério da Justiça e Segurança Pública, resolve:</p><p>REVOGAR a Portaria nº 2.776, de 18 de novembro de 2020, publicada no Diário Oficial da União do dia 27 de novembro de 2020, que determinou a expulsão do Território Nacional de JEREMIE PIWO MENOH, de nacionalidade camaronesa, filho de Enga Jean e de Nguvo Christine, nascido em Douala, na República dos Camarões, em 17 de junho de 1969, tendo em vista a comprovação de amparo pelo artigo 193, inciso II, alínea "a", do Decreto 9.199/17.</p><p class="assina">ANA CLARA FORMIGA FERREIRA DO CARMO</p><p></p><p class="identifica">PORTARIA Nº 982, DE 24 DE AGOSTO DE 2022</p><p>A COORDENADORA DE PROCESSOS MIGRATÓRIOS, no uso das atribuições que lhe foram conferidas pela Portaria SENAJUS nº 432, de 17 de junho de 2019, publicada no Diário Oficial da União do dia 21 subsequente, e tendo em vista o que consta do Processo nº 08018.000653/2012-53, do Ministério da Justiça e Segurança Pública, resolve:</p><p>REVOGAR a Portaria CPMIG nº 2.392, de 4 de setembro de 2020, publicada no Diário Oficial da União do dia 25 de novembro de 2020, que determinou a expulsão do Território Nacional de ESTER SHIWAOSHANGE NAMBINGA, de nacionalidade namibiana, filha de Haroundon Shicongo e de Raschilongh Caxile, nascida na República da Namíbia, em 2 de maio de 1977, tendo em vista a comprovação de amparo pelo artigo 193, inciso II, alíneas "a" e "b", do Decreto 9.199/17.</p><p class="assina">ANA CLARA FORMIGA FERREIRA DO CARMO</p><p></p><p class="identifica">PORTARIA Nº 983, DE 24 DE AGOSTO DE 2022</p><p>A COORDENADORA DE PROCESSOS MIGRATÓRIOS, no uso das atribuições que lhe foram conferidas pela Portaria SENAJUS nº 432, de 17 de junho de 2019, publicada no Diário Oficial da União do dia 21 subsequente, e tendo em vista o que consta do Processo nº 08704.004445/2018-81, do Ministério da Justiça e Segurança Pública, resolve:</p><p>REVOGAR a Portaria CPMIG nº 911, de 16 de abril de 2020, publicada no Diário Oficial da União do dia 4 de novembro de 2020, que determinou a expulsão do Território Nacional de ELIZABETH CORNETTE, de nacionalidade guianense, filha de Gregory Cornette e de Sui Thornhil, nascida na República Cooperativa da Guiana, em 12 de dezembro de 1989, tendo em vista a comprovação de amparo pelo artigo 193, inciso II, alínea "a", do Decreto 9.199/17.</p><p class="assina">ANA CLARA FORMIGA FERREIRA DO CARMO</p><p></p><p class="identifica">PORTARIA Nº 984, DE 24 DE AGOSTO DE 2022</p><p>A COORDENADORA DE PROCESSOS MIGRATÓRIOS, no uso das atribuições que lhe foram conferidas pela Portaria SENAJUS nº 432, de 17 de junho de 2019, publicada no Diário Oficial da União do dia 21 subsequente, e tendo em vista o que consta do Processo nº 08000.021089/1998-73, do Ministério da Justiça e Segurança Pública, resolve:</p><p>REVOGAR a Portaria CPMIG nº 1075, de 20 de abril de 2020, publicada no Diário Oficial da União do dia 9 de novembro de 2020, que determinou a expulsão do Território Nacional de AUGUSTINE OBIORA EGOH ou TODAY BOSCO KAMARA ou FODAY BOSCO KAMARA, de nacionalidade nigeriana, filho de Christopher Chike Egoh e de Esther Egoh, nascido em Onitsha, na República Federal da Nigéria, em 1º de agosto de 1966, tendo em vista a comprovação de amparo pelo artigo 193, inciso II, alínea "a", do Decreto 9.199/17.</p><p class="assina">ANA CLARA FORMIGA FERREIRA DO CARMO</p><p></p>]]></Texto>
  </body>
  <Midias />
</article></xml>