﻿<xml><article id="27709580" name="1. Despacho de homologaAAo do Pa" idOficio="7355945" pubName="DO1" artType="Despacho" pubDate="25/08/2022" artClass="00018:00001:00000:00000:00000:00000:00000:00000:00000:00000:00024:00008" artCategory="Ministério da Educação/Gabinete do Ministro" artSize="12" artNotes="" numberPage="218" pdfPage="http://pesquisa.in.gov.br/imprensa/jsp/visualiza/index.jsp?data=25/08/2022&amp;jornal=515&amp;pagina=218" editionNumber="162" highlightType="" highlightPriority="" highlight="" highlightimage="" highlightimagename="" idMateria="14837191">
  <body>
    <Identifica><![CDATA[ DESPACHO DE 24 DE AGOSTO DE 2022]]></Identifica>
    <Data><![CDATA[]]></Data>
    <Ementa />
    <Titulo />
    <SubTitulo />
    <Texto><![CDATA[<p class="identifica">DESPACHO DE 24 DE AGOSTO DE 2022</p><p>Nos termos do art. 2º da Lei nº 9.131, de 24 de novembro de 1995, homologo o Parecer CNE/CES nº 135/2019, da Câmara de Educação Superior do Conselho Nacional de Educação, produzido em sede de julgamento de recurso para, no mérito, dar-lhe provimento, reformando a decisão da Secretaria de Regulação e Supervisão da Educação Superior - SERES, expressa na Portaria nº 685, de 7 de julho de 2017, para autorizar o funcionamento do curso de Odontologia, bacharelado, da Faculdade Uninassau Aracaju, com sede no Município de Aracaju, no Estado de Sergipe, com 240 (duzentas e quarenta) vagas totais anuais, conforme consta do Processo nº 23001.000629/2017-00.</p><p class="assina">VICTOR GODOY VEIGA</p><p class="cargo">Ministro</p>]]></Texto>
  </body>
  <Midias />
</article></xml>