﻿<xml><article id="27699531" name="Despacho nA 100 Recurso administ" idOficio="7354179" pubName="DO1" artType="Despacho" pubDate="25/08/2022" artClass="00026:00001:00000:00000:00000:00000:00000:00000:00000:00000:00017:00012" artCategory="Ministério da Saúde/Gabinete do Ministro" artSize="12" artNotes="" numberPage="265" pdfPage="http://pesquisa.in.gov.br/imprensa/jsp/visualiza/index.jsp?data=25/08/2022&amp;jornal=515&amp;pagina=265" editionNumber="162" highlightType="" highlightPriority="" highlight="" highlightimage="" highlightimagename="" idMateria="14834503">
  <body>
    <Identifica><![CDATA[ DESPACHO Nº 100, DE 23 DE AGOSTO DE 2022]]></Identifica>
    <Data><![CDATA[]]></Data>
    <Ementa />
    <Titulo />
    <SubTitulo />
    <Texto><![CDATA[<p class="identifica">DESPACHO Nº 100, DE 23 DE AGOSTO DE 2022</p><p>Processo nº 25000.201896/2019-91</p><p>Interessado: Fundação de Saúde Parreiras Horta/SE - CNPJ nº 10.439.192/0001-90</p><p>Assunto: Recurso administrativo interposto contra a decisão de Cancelamento do Certificado de Entidade Beneficente de Assistência Social (CEBAS).</p><p>Decisão: À vista do que consta dos autos, adoto como razões de decidir os fundamentos de mérito e de fato apresentados na Nota Técnica nº 115/2021-CGAGIC/DCEBAS/SAES/MS, bem como as razões de direito expostas pela Consultoria Jurídica, nos termos do PARECER REFERENCIAL nº 00003/2021/CONJUR-MS/CGU/AGU, e respectivo Despacho de aprovação, e NEGO PROVIMENTO ao recurso administrativo interposto pela Entidade em epígrafe.</p><p class="assina">MARCELO ANTÔNIO CARTAXO QUEIROGA LOPES</p><p class="cargo">Ministro</p>]]></Texto>
  </body>
  <Midias />
</article></xml>