﻿<xml><article id="27706004" name="490 - Portaria de Reducao - Secr" idOficio="7355366" pubName="DO1" artType="Portaria" pubDate="25/08/2022" artClass="00028:00012:00028:00000:00000:00000:00000:00000:00000:00000:00054:00003" artCategory="Ministério do Turismo/Secretaria Especial de Cultura/Secretaria Nacional de Fomento e Incentivo à Cultura" artSize="12" artNotes="" numberPage="286" pdfPage="http://pesquisa.in.gov.br/imprensa/jsp/visualiza/index.jsp?data=25/08/2022&amp;jornal=515&amp;pagina=286" editionNumber="162" highlightType="" highlightPriority="" highlight="" highlightimage="" highlightimagename="" idMateria="14836357">
  <body>
    <Identifica><![CDATA[ PORTARIA Nº 490, DE 24 DE AGOSTO DE 2022]]></Identifica>
    <Data><![CDATA[]]></Data>
    <Ementa />
    <Titulo />
    <SubTitulo />
    <Texto><![CDATA[<p class="identifica">PORTARIA Nº 490, DE 24 DE AGOSTO DE 2022</p><p>O SECRETÁRIO NACIONAL DE FOMENTO E INCENTIVO À CULTURA, no uso das atribuições legais, que lhe confere a Portaria nº 303, de 31 de março de 2022 e a Portaria SECULT/MTUR n. 41, de 4 de outubro de 2021, resolve:</p><p>Art. 1.º - Homologar a redução de valor em favor do(s) projeto(s) cultural(is) relacionado(s) no(s) anexo(s) desta Portaria, para o(s) qual(is) o(s) proponente(s) fica(m) autorizado(s) a captar recursos, mediante doações ou patrocínios, na forma prevista no § 1º do artigo 18 e no artigo 26 da Lei n.º 8.313, de 23 de dezembro de 1991, alterada pela Lei nº 9.874, de 23 de novembro de 1999.</p><p>Art. 2.º - Esta portaria entra em vigor na data de sua publicação.</p><p class="assina">LUCAS JORDÃO CUNHA</p><p>ANEXO</p><p>ÁREA: 1 ARTES CÊNICAS (Artigo 18 , § 1º )</p><p>201398 - Cidade em Festa</p><p>Comasul Eventos Culturais Ltda. ME</p><p>CNPJ/CPF: 89.979.751/0001-05</p><p>Cidade: Porto Alegre - RS;</p><p>Valor Reduzido: R$ 13.757,00</p><p>Valor total atual: R$ 227.327,25</p><p>ÁREA: 3 MÚSICA (Artigo 18 , § 1º )</p><p>205101 - Toque de Vida</p><p>MODO MAIOR PROJETOS CULTURAIS LTDA - ME</p><p>CNPJ/CPF: 03.143.086/0001-08</p><p>Cidade: Fortaleza - CE;</p><p>Valor Reduzido: R$ 2.138,00</p><p>Valor total atual: R$ 154.095,88</p>]]></Texto>
  </body>
  <Midias />
</article></xml>