﻿<xml><article id="27699885" name="0761 RetificaAAo 25000.049260 20" idOficio="7354242" pubName="DO1" artType="Retificação" pubDate="25/08/2022" artClass="00026:00001:00000:00000:00000:00000:00000:00000:00000:00000:00017:00013" artCategory="Ministério da Saúde/Gabinete do Ministro" artSize="24" artNotes="" numberPage="265" pdfPage="http://pesquisa.in.gov.br/imprensa/jsp/visualiza/index.jsp?data=25/08/2022&amp;jornal=515&amp;pagina=265" editionNumber="162" highlightType="" highlightPriority="" highlight="" highlightimage="" highlightimagename="" idMateria="14834627">
  <body>
    <Identifica><![CDATA[ RETIFICAÇÃO]]></Identifica>
    <Data><![CDATA[]]></Data>
    <Ementa />
    <Titulo />
    <SubTitulo />
    <Texto><![CDATA[<p class="identifica">RETIFICAÇÃO</p><p>No Anexo I da Portaria GM/MS nº 761, de 6 de abril de 2022, publicada no Diário Oficial da União - DOU nº 67, de 7 de abril de 2022, seção 1 páginas 104 e 105,</p><p>Onde se lê:</p><p>ANEXO I</p><p>Mês sem cadastro no SCNES: Novembro de 2021</p><p /><p></p><table><tr /><tr><td rowspan="1" colspan="1"><p>UF</p></td><td rowspan="1" colspan="1" /><td rowspan="1" colspan="1"><p>IBGE</p></td><td rowspan="1" colspan="1"><p>Município</p></td><td rowspan="1" colspan="1"><p>Proponente</p></td><td rowspan="1" colspan="1"><p>Portaria de Habilitação GM/MS</p></td><td rowspan="1" colspan="1"><p>EMAD I</p></td><td rowspan="1" colspan="1"><p>EMAD II</p></td><td rowspan="1" colspan="1"><p>EMAP</p></td><td rowspan="1" colspan="1"><p>Valor EMAD I</p></td><td rowspan="1" colspan="1"><p>Valor EMAD II</p></td><td rowspan="1" colspan="1"><p>Valor EMAP</p></td><td rowspan="1" colspan="1"><p>Valor total suspenso</p></td></tr><tr><td rowspan="1" colspan="1"><p>BA</p></td><td rowspan="1" colspan="1" /><td rowspan="1" colspan="1"><p>291050</p></td><td rowspan="1" colspan="1"><p>ENTRE RIOS</p></td><td rowspan="1" colspan="1"><p>Municipal</p></td><td rowspan="1" colspan="1"><p>Portaria nº 1.938, 12/08/2021</p></td><td rowspan="1" colspan="1"><p>1</p></td><td rowspan="1" colspan="1"><p>0</p></td><td rowspan="1" colspan="1"><p>1</p></td><td rowspan="1" colspan="1"><p>R$ 50.000,000</p></td><td rowspan="1" colspan="1"><p>R$ 0,00</p></td><td rowspan="1" colspan="1"><p>R$ 0,00</p></td><td rowspan="1" colspan="1"><p>R$ 56.000,00</p></td></tr><tr><td rowspan="1" colspan="1"><p></p></td><td rowspan="1" colspan="1" /><td rowspan="1" colspan="1"><p></p></td><td rowspan="1" colspan="1"><p></p></td><td rowspan="1" colspan="1"><p></p></td><td rowspan="1" colspan="1"><p></p></td><td rowspan="1" colspan="1"><p></p></td><td rowspan="1" colspan="1"><p></p></td><td rowspan="1" colspan="1"><p>TOTAL</p></td><td rowspan="1" colspan="1"><p>R$ 600.000,00</p></td><td rowspan="1" colspan="1"><p>R$ 34.000,00</p></td><td rowspan="1" colspan="1"><p>R$ 12.000,00</p></td><td rowspan="1" colspan="1"><p>R$ 646.000,00</p></td></tr></table><p>Leia-se:</p><p>ANEXO I</p><p>Mês sem cadastro no SCNES: Novembro de 2021</p><p /><p></p><table><tr /><tr><td rowspan="1" colspan="1"><p>UF</p></td><td rowspan="1" colspan="1"><p>IBGE</p></td><td rowspan="1" colspan="1"><p>Município</p></td><td rowspan="1" colspan="1"><p>Proponente</p></td><td rowspan="1" colspan="1"><p>Portaria de Habilitação GM/MS</p></td><td rowspan="1" colspan="1"><p>EMAD I</p></td><td rowspan="1" colspan="1"><p>EMAD II</p></td><td rowspan="1" colspan="1"><p>EMAP</p></td><td rowspan="1" colspan="1"><p>Valor EMAD I</p></td><td rowspan="1" colspan="1"><p>Valor EMAD II</p></td><td rowspan="1" colspan="1"><p>Valor EMAP</p></td><td rowspan="1" colspan="1"><p>Valor total suspenso</p></td></tr><tr><td rowspan="1" colspan="1"><p>BA</p></td><td rowspan="1" colspan="1"><p>291050</p></td><td rowspan="1" colspan="1"><p>ENTRE RIOS</p></td><td rowspan="1" colspan="1"><p>Municipal</p></td><td rowspan="1" colspan="1"><p>Portaria nº 1.938, 12/08/2021</p></td><td rowspan="1" colspan="1"><p>1</p></td><td rowspan="1" colspan="1"><p>0</p></td><td rowspan="1" colspan="1"><p>1</p></td><td rowspan="1" colspan="1"><p>R$ 50.000,000</p></td><td rowspan="1" colspan="1"><p>R$ 0,00</p></td><td rowspan="1" colspan="1"><p>R$ 6.000,00</p></td><td rowspan="1" colspan="1"><p>R$ 56.000,00</p></td></tr><tr><td rowspan="1" colspan="1"><p></p></td><td rowspan="1" colspan="1"><p></p></td><td rowspan="1" colspan="1"><p></p></td><td rowspan="1" colspan="1"><p></p></td><td rowspan="1" colspan="1"><p></p></td><td rowspan="1" colspan="1"><p></p></td><td rowspan="1" colspan="1"><p></p></td><td rowspan="1" colspan="1"><p>TOTAL</p></td><td rowspan="1" colspan="1"><p>R$ 600.000,00</p></td><td rowspan="1" colspan="1"><p>R$ 34.000,00</p></td><td rowspan="1" colspan="1"><p>R$ 18.000,00</p></td><td rowspan="1" colspan="1"><p>R$ 652.000,00</p></td></tr></table>]]></Texto>
  </body>
  <Midias />
</article></xml>