﻿<xml><article id="27701597" name="AC074_22 - Divulga a mAdia mAvel" idOficio="7354585" pubName="DO1" artType="Ato Normativo" pubDate="25/08/2022" artClass="00015:00046:00025:00000:00000:00000:00000:00000:00000:00000:00009:00002" artCategory="Ministério da Economia/Secretaria Especial do Tesouro e Orçamento/Conselho Nacional de Política Fazendária" artSize="12" artNotes="" numberPage="214" pdfPage="http://pesquisa.in.gov.br/imprensa/jsp/visualiza/index.jsp?data=25/08/2022&amp;jornal=515&amp;pagina=214" editionNumber="162" highlightType="" highlightPriority="" highlight="" highlightimage="" highlightimagename="" idMateria="14835045">
  <body>
    <Identifica><![CDATA[ ATO COTEPE/ICMS Nº 74, DE 24 DE AGOSTO DE 2022]]></Identifica>
    <Data><![CDATA[]]></Data>
    <Ementa><![CDATA[ Divulga a base de cálculo do ICMS, para fins de substituição tributária, nas operações com Diesel S10 e Óleo Diesel.]]></Ementa>
    <Titulo />
    <SubTitulo />
    <Texto><![CDATA[<p class="identifica">ATO COTEPE/ICMS Nº 74, DE 24 DE AGOSTO DE 2022</p><p class="ementa">Divulga a base de cálculo do ICMS, para fins de substituição tributária, nas operações com Diesel S10 e Óleo Diesel.</p><p>O Diretor da Secretaria-Executiva do Conselho Nacional de Política Fazendária - CONFAZ, no uso de suas atribuições que lhe confere o inciso XIII do art. 12 e o art. 35 do Regimento da Comissão Técnica Permanente do ICMS - COTEPE/ICMS, de 12 de dezembro de 1997, por este ato, tendo em vista o disposto no art. 7º da Lei Complementar nº 192, 11 de março de 2022, bem como na cláusula segunda do Convênio ICMS nº 81, 28 de junho de 2022,</p><p>CONSIDERANDO a decisão judicial prolatada em caráter cautelar no âmbito da Ação Direta de Inconstitucionalidade nº 7164 pelo Min. André Mendonça, e</p><p>CONSIDERANDO os valores da média móvel dos preços médios praticados ao consumidor final nos 60 (sessenta) meses anteriores a sua fixação, recebidos das administrações tributárias das unidades federadas, registrados no processo 12004.100589/2022-16, torna público:</p><p>Art. 1º Fica divulgada, na forma do Anexo Único deste ato, a base de cálculo do Imposto sobre Operações Relativas à Circulação de Mercadorias e sobre Prestações de Serviços de Transporte Interestadual e Intermunicipal e de Comunicação - ICMS, a ser adotada pelas unidades federadas a partir de 1º de setembro de 2022, para fins de substituição tributária, nas operações com Diesel S10 e Óleo Diesel conforme determina o art. 7º da Lei Complementar nº 192, 11 de março de 2022, e a cláusula segunda do Convênio ICMS nº 81, 28 de junho de 2022.</p><p>Art. 2º Este ato entra em vigor na data da sua publicação no Diário Oficial da União.</p><p class="assina">CARLOS HENRIQUE DE AZEVEDO OLIVEIRA</p><p class="assina">ANEXO ÚNICO</p><p /><p></p><table><tr /><tr><td rowspan="1" colspan="1"><p>ITEM</p></td><td rowspan="1" colspan="1"><p>UF</p></td><td rowspan="1" colspan="1"><p>DIESEL S10 (R$/ litro)</p></td><td rowspan="1" colspan="1"><p>ÓLEO DIESEL (R$/ litro)</p></td></tr><tr><td rowspan="1" colspan="1"><p>1</p></td><td rowspan="1" colspan="1"><p>AC</p></td><td rowspan="1" colspan="1"><p>*4,9309</p></td><td rowspan="1" colspan="1"><p>*5,0866</p></td></tr><tr><td rowspan="1" colspan="1"><p>2</p></td><td rowspan="1" colspan="1"><p>AL</p></td><td rowspan="1" colspan="1"><p>*4,2630</p></td><td rowspan="1" colspan="1"><p>*4,1980</p></td></tr><tr><td rowspan="1" colspan="1"><p>3</p></td><td rowspan="1" colspan="1"><p>AM</p></td><td rowspan="1" colspan="1"><p>*4,1903</p></td><td rowspan="1" colspan="1"><p>*4,0814</p></td></tr><tr><td rowspan="1" colspan="1"><p>4</p></td><td rowspan="1" colspan="1"><p>AP</p></td><td rowspan="1" colspan="1"><p>*4,6670</p></td><td rowspan="1" colspan="1"><p>*4,3500</p></td></tr><tr><td rowspan="1" colspan="1"><p>5</p></td><td rowspan="1" colspan="1"><p>BA</p></td><td rowspan="1" colspan="1"><p>*4,1506</p></td><td rowspan="1" colspan="1"><p>*4,0568</p></td></tr><tr><td rowspan="1" colspan="1"><p>6</p></td><td rowspan="1" colspan="1"><p>CE</p></td><td rowspan="1" colspan="1"><p>*4,2522</p></td><td rowspan="1" colspan="1"><p>*4,2428</p></td></tr><tr><td rowspan="1" colspan="1"><p>7</p></td><td rowspan="1" colspan="1"><p>DF</p></td><td rowspan="1" colspan="1"><p>*4,2750</p></td><td rowspan="1" colspan="1"><p>*4,1550</p></td></tr><tr><td rowspan="1" colspan="1"><p>8</p></td><td rowspan="1" colspan="1"><p>ES</p></td><td rowspan="1" colspan="1"><p>*4,0439</p></td><td rowspan="1" colspan="1"><p>*3,9339</p></td></tr><tr><td rowspan="1" colspan="1"><p>9</p></td><td rowspan="1" colspan="1"><p>GO</p></td><td rowspan="1" colspan="1"><p>*4,2060</p></td><td rowspan="1" colspan="1"><p>*4,1089</p></td></tr><tr><td rowspan="1" colspan="1"><p>10</p></td><td rowspan="1" colspan="1"><p>MA</p></td><td rowspan="1" colspan="1"><p>*4,1119</p></td><td rowspan="1" colspan="1"><p>*4,0341</p></td></tr><tr><td rowspan="1" colspan="1"><p>11</p></td><td rowspan="1" colspan="1"><p>MG</p></td><td rowspan="1" colspan="1"><p>*4,1777</p></td><td rowspan="1" colspan="1"><p>*4,0839</p></td></tr><tr><td rowspan="1" colspan="1"><p>12</p></td><td rowspan="1" colspan="1"><p>MS</p></td><td rowspan="1" colspan="1"><p>*4,2255</p></td><td rowspan="1" colspan="1"><p>*4,1033</p></td></tr><tr><td rowspan="1" colspan="1"><p>13</p></td><td rowspan="1" colspan="1"><p>MT</p></td><td rowspan="1" colspan="1"><p>*4,4288</p></td><td rowspan="1" colspan="1"><p>*4,3410</p></td></tr><tr><td rowspan="1" colspan="1"><p>14</p></td><td rowspan="1" colspan="1"><p>PA</p></td><td rowspan="1" colspan="1"><p>*4,3598</p></td><td rowspan="1" colspan="1"><p>*4,3502</p></td></tr><tr><td rowspan="1" colspan="1"><p>15</p></td><td rowspan="1" colspan="1"><p>PB</p></td><td rowspan="1" colspan="1"><p>*4,0164</p></td><td rowspan="1" colspan="1"><p>*3,9343</p></td></tr><tr><td rowspan="1" colspan="1"><p>16</p></td><td rowspan="1" colspan="1"><p>PE</p></td><td rowspan="1" colspan="1"><p>*3,9978</p></td><td rowspan="1" colspan="1"><p>*4,1471</p></td></tr><tr><td rowspan="1" colspan="1"><p>17</p></td><td rowspan="1" colspan="1"><p>PI</p></td><td rowspan="1" colspan="1"><p>*4,2290</p></td><td rowspan="1" colspan="1"><p>*4,1655</p></td></tr><tr><td rowspan="1" colspan="1"><p>18</p></td><td rowspan="1" colspan="1"><p>PR</p></td><td rowspan="1" colspan="1"><p>*3,8236</p></td><td rowspan="1" colspan="1"><p>*3,9104</p></td></tr><tr><td rowspan="1" colspan="1"><p>19</p></td><td rowspan="1" colspan="1"><p>RJ</p></td><td rowspan="1" colspan="1"><p>*4,1720</p></td><td rowspan="1" colspan="1"><p>*4,0541</p></td></tr><tr><td rowspan="1" colspan="1"><p>20</p></td><td rowspan="1" colspan="1"><p>RN</p></td><td rowspan="1" colspan="1"><p>*4,3210</p></td><td rowspan="1" colspan="1"><p>*4,1425</p></td></tr><tr><td rowspan="1" colspan="1"><p>21</p></td><td rowspan="1" colspan="1"><p>RO</p></td><td rowspan="1" colspan="1"><p>*4,3490</p></td><td rowspan="1" colspan="1"><p>*4,2800</p></td></tr><tr><td rowspan="1" colspan="1"><p>22</p></td><td rowspan="1" colspan="1"><p>RR</p></td><td rowspan="1" colspan="1"><p>*4,2440</p></td><td rowspan="1" colspan="1"><p>*4,1903</p></td></tr><tr><td rowspan="1" colspan="1"><p>23</p></td><td rowspan="1" colspan="1"><p>RS</p></td><td rowspan="1" colspan="1"><p>*4,0408</p></td><td rowspan="1" colspan="1"><p>*3,9507</p></td></tr><tr><td rowspan="1" colspan="1"><p>24</p></td><td rowspan="1" colspan="1"><p>SC</p></td><td rowspan="1" colspan="1"><p>*4,0127</p></td><td rowspan="1" colspan="1"><p>*3,9322</p></td></tr><tr><td rowspan="1" colspan="1"><p>25</p></td><td rowspan="1" colspan="1"><p>SE</p></td><td rowspan="1" colspan="1"><p>4,0543</p></td><td rowspan="1" colspan="1"><p>3,9626</p></td></tr><tr><td rowspan="1" colspan="1"><p>26</p></td><td rowspan="1" colspan="1"><p>SP</p></td><td rowspan="1" colspan="1"><p>*4,0254</p></td><td rowspan="1" colspan="1"><p>*3,9044</p></td></tr><tr><td rowspan="1" colspan="1"><p>27</p></td><td rowspan="1" colspan="1"><p>TO</p></td><td rowspan="1" colspan="1"><p>*4,0622</p></td><td rowspan="1" colspan="1"><p>*4,0031</p></td></tr></table><p>* valores alterados.</p><p></p>]]></Texto>
  </body>
  <Midias />
</article></xml>