﻿<xml><article id="27710066" name="2022-08-24/7355988/ANMWS_1483733" idOficio="7355988" pubName="DO1" artType="Retificação" pubDate="25/08/2022" artClass="00023:00030:00050:00000:00000:00000:00000:00000:00000:00000:00024:00011" artCategory="Ministério de Minas e Energia/Agência Nacional de Mineração/Superintendência de Outorga de Títulos Minerários" artSize="12" artNotes="" numberPage="261" pdfPage="http://pesquisa.in.gov.br/imprensa/jsp/visualiza/index.jsp?data=25/08/2022&amp;jornal=515&amp;pagina=261" editionNumber="162" highlightType="" highlightPriority="" highlight="" highlightimage="" highlightimagename="" idMateria="14837338">
  <body>
    <Identifica><![CDATA[ DESPACHO  ]]></Identifica>
    <Data><![CDATA[]]></Data>
    <Ementa />
    <Titulo />
    <SubTitulo />
    <Texto><![CDATA[<p class="identifica">DESPACHO</p><p>Relação nº 54/2022</p><p>Fase de Concessão de Lavra</p><p>Retificação de despacho(1389)</p><p>815.159/2003-MICROMIL - MICRONIZAÇÃO E MOAGEM LTDA. - Publicado DOU de 12/07/2022, Relação n° 18/2022, Seção I, pág. Página 62.- Onde se lê: "... concedo a anuência prévia e autorizo a averbação dos atos de transferência da Portaria de Lavra nº 140/2012 - Processo nº 27211.815.159/2003-53-CNPJ: 08.813.381/0003-00 ...". Leia-se: "...autorizo a averbação dos atos de transferência da Portaria de Lavra nº 140/2012 - Processo nº 27211.815.159/2003-53-CNPJ: 08.813.381/0001-00 ...".</p><p class="assina">MOACYR CARVALHO DE ANDRADE NETO</p><p class="cargo">Superintendente</p>]]></Texto>
  </body>
  <Midias />
</article></xml>