﻿<xml><article id="27698550" name="899" idOficio="7353907" pubName="DO1" artType="Portaria" pubDate="25/08/2022" artClass="00015:00050:00032:00008:00000:00000:00000:00000:00000:00000:00054:00007" artCategory="Ministério da Economia/Superintendência de Seguros Privados/Diretoria Técnica 1/Coordenação-Geral de Regimes Especiais, Autorizações e Julgamentos" artSize="12" artNotes="" numberPage="216" pdfPage="http://pesquisa.in.gov.br/imprensa/jsp/visualiza/index.jsp?data=25/08/2022&amp;jornal=515&amp;pagina=216" editionNumber="162" highlightType="" highlightPriority="" highlight="" highlightimage="" highlightimagename="" idMateria="14834195">
  <body>
    <Identifica><![CDATA[ PORTARIA CGRAJ/SUSEP Nº 899, DE 22 de AGOSTO DE 2022]]></Identifica>
    <Data><![CDATA[]]></Data>
    <Ementa />
    <Titulo />
    <SubTitulo />
    <Texto><![CDATA[<p class="identifica">PORTARIA CGRAJ/SUSEP Nº 899, DE 22 de AGOSTO DE 2022</p><p>O COORDENADOR-GERAL DE REGIMES ESPECIAIS, AUTORIZAÇÕES E JULGAMENTOS DA SUPERINTENDÊNCIA DE SEGUROS PRIVADOS - SUSEP, no uso da competência delegada pelo Superintendente da Susep, por meio da Portaria Susep nº 7.861, de 22 de setembro de 2021, e tendo em vista o disposto no inciso III do art. 4º da Lei Complementar nº 126, de 15 de janeiro de 2007, no inciso II do art. 5º, no §2° do art. 26 e no §7° do art. 28, todos da Resolução CNSP nº 422, de 11 de novembro de 2021, e o que consta do processo Susep nº 15414.619898/2022-80, resolve:</p><p>Art.1º Homologar a atualização cadastral anual de 2022 de HELVETIA SCHWEIZERISCHE VERSICHERUNGSGESELLSCHAFT AG, sociedade constituída e existente segundo as leis da Suíça, cadastrada como resseguradora eventual, conforme Portaria SUSEP/DIRAT nº 201, de 23 de junho de 2015.</p><p>Art. 2º Esta portaria entra em vigor na data de sua publicação.</p><p class="assina">CARLOS AUGUSTO PINTO FILHO</p><p></p>]]></Texto>
  </body>
  <Midias />
</article></xml>