﻿<xml><article id="27707148" name="24082022MS1" idOficio="7355574" pubName="DO1" artType="Ato" pubDate="25/08/2022" artClass="00012:00014:00014:00160:00010:00002:00000:00000:00000:00000:00006:00001" artCategory="Ministério das Comunicações/Agência Nacional de Telecomunicações/Superintendência de Fiscalização/Gerência Regional nos Estados de Goiás, Mato Grosso, Mato Grosso do Sul e Tocantins/Unidade Operacional no Estado de Mato Grosso do Sul/Coordenação de Processo de Outorga e Recursos à Prestação" artSize="12" artNotes="" numberPage="24" pdfPage="http://pesquisa.in.gov.br/imprensa/jsp/visualiza/index.jsp?data=25/08/2022&amp;jornal=515&amp;pagina=24" editionNumber="162" highlightType="" highlightPriority="" highlight="" highlightimage="" highlightimagename="" idMateria="14836630">
  <body>
    <Identifica><![CDATA[ ATO Nº 7.778, DE 6 DE JUNHO DE 2022]]></Identifica>
    <Data><![CDATA[]]></Data>
    <Ementa />
    <Titulo />
    <SubTitulo />
    <Texto><![CDATA[<p class="identifica">ATO Nº 7.778, DE 6 DE JUNHO DE 2022</p><p>Processo nº 53548.000213/2022-34.</p><p>Declara extinta, por Cassação, a autorização outorgada à entidade, ADEMIR CARAMALAC GREFFE, CPF nº ***.483.361-**, para explorar o Serviço de Telecomunicações de Interesse Restrito, bem como o Serviço de Rádio do Cidadão.</p><p class="assina">Paulo Aurelio Pereira da Silva</p><p class="cargo">Gerente</p><p class="identifica">ATOS DE 13 DE JUNHO DE 2022</p><p>Nº 8.152 - Processo nº 53548.000211/2022-45.</p><p>Declara extinta, por Cassação, a autorização outorgada à entidade, ADEMILSON DA SILVA BORGES, CPF nº ***.609.981-**, para explorar o Serviço de Telecomunicações de Interesse Restrito, bem como o Serviço de Rádio do Cidadão.</p><p>Nº 8.155 - Processo nº 53548.000212/2022-90.</p><p>Declara extinta, por Cassação, a autorização outorgada à entidade, ADEMILSON PIMENTEL VIEIRA, CPF nº ***.717.591-**, para explorar o Serviço de Telecomunicações de Interesse Restrito, bem como o Serviço de Rádio do Cidadão.</p><p>Nº 8.168 - Processo nº 53548.000236/2022-49.</p><p>Declara extinta, por Cassação, a autorização outorgada à entidade, ADILSON DOS SANTOS OLIVEIRA, CPF nº ***.331.001-**, para explorar o Serviço de Telecomunicações de Interesse Restrito, bem como o Serviço de Rádio do Cidadão.</p><p>Nº 8.174 - Processo nº 53548000238/2022-38.</p><p>Declara extinta, por Cassação, a autorização outorgada à entidade, ADRIANO FLORENCIO NUNES, CPF nº ***.599.211-**, para explorar o Serviço de Telecomunicações de Interesse Restrito, bem como o Serviço de Rádio do Cidadão.</p><p class="assina">Ana Paula Mendonça Abrão</p><p class="cargo">Gerente Substituta</p><p class="identifica">ATOS DE 13 DE JUNHO DE 2022</p><p>Nº 8.176 - Processo nº 53548000240/2022-15.</p><p>Declara extinta, por Cassação, a autorização outorgada à entidade, AFONSO DE OLIVEIRA CARISSIMI, CPF nº ***.864.321-**, para explorar o Serviço de Telecomunicações de Interesse Restrito, bem como o Serviço de Rádio do Cidadão.</p><p>Nº 8.177 - Processo nº 53548.000244/2022-95.</p><p>Declara extinta, por Cassação, a autorização outorgada à entidade, AGNALDO BISPO DOS SANTOS, CPF nº ***.586.821-**, para explorar o Serviço de Telecomunicações de Interesse Restrito, bem como o Serviço de Rádio do Cidadão.</p><p>Nº 8.178 - Processo nº 53548.000249/2022-18.</p><p>Declara extinta, por Cassação, a autorização outorgada à entidade, ALEX FERREIRA REZENDE, CPF nº ***.583.401-**, para explorar o Serviço de Telecomunicações de Interesse Restrito, bem como o Serviço de Rádio do Cidadão.</p><p class="assina">Paulo Aurelio Pereira da Silva</p><p class="cargo">Gerente</p><p class="identifica">ATOS DE 14 DE JUNHO DE 2022</p><p>Nº 8.280 - Processo nº 53548.000336/2022-75.</p><p>Declara extinta, por Cassação, a autorização outorgada à entidade, ANDERSON SOARES, CPF nº ***.033.711-**, para explorar o Serviço de Telecomunicações de Interesse Restrito, bem como o Serviço de Rádio do Cidadão.</p><p>Nº 8.281 - Processo nº 53548.000355/2022-00.</p><p>Declara extinta, por Cassação, a autorização outorgada à entidade, ANDRE LUIZ DE SOUZA MORETTI, CPF nº ***.365.748-**, para explorar o Serviço de Telecomunicações de Interesse Restrito, bem como o Serviço de Rádio do Cidadão.</p><p>Nº 8.282 - Processo nº 53548.000357/2022-91.</p><p>Declara extinta, por Cassação, a autorização outorgada à entidade, ANDRE YOSHIO ARASHIRO AMORIM, CPF nº ***.119.351-**, para explorar o Serviço de Telecomunicações de Interesse Restrito, bem como o Serviço de Rádio do Cidadão.</p><p>Nº 8.289 - Processo nº 53548.000358/2022-35.</p><p>Declara extinta, por Cassação, a autorização outorgada à entidade, ANISIO LIMA DA SILVA FILHO, CPF nº ***.121.891-**, para explorar o Serviço de Telecomunicações de Interesse Restrito, bem como o Serviço de Rádio do Cidadão.</p><p>Nº 8.294 - Processo nº 53548.000377/2022-61.</p><p>Declara extinta, por Cassação, a autorização outorgada à entidade, ANTONIO CARLOS PALHARES, CPF nº ***.330.901-**, para explorar o Serviço de Telecomunicações de Interesse Restrito, bem como o Serviço de Rádio do Cidadão.</p><p>Nº 8.296 - Processo nº 53548.000378/2022-14.</p><p>Declara extinta, por Cassação, a autorização outorgada à entidade, ANTONIO CICALISE NETTO, CPF nº ***.359.761-**, para explorar o Serviço de Telecomunicações de Interesse Restrito, bem como o Serviço de Rádio do Cidadão.</p><p>Nº 8.318 - Processo nº 53548.000391/2022-65.</p><p>Declara extinta, por Cassação, a autorização outorgada à entidade, ANTONIO DE SOUZA, CPF nº ***.925.308-**, para explorar o Serviço de Telecomunicações de Interesse Restrito, bem como o Serviço de Rádio do Cidadão.</p><p>Nº 8.319 - Processo nº 53548.000379/2022-51.</p><p>Declara extinta, por Cassação, a autorização outorgada à entidade, ANTONIO FAGUNDES FILHO, CPF nº ***.797.361-**, para explorar o Serviço de Telecomunicações de Interesse Restrito, bem como o Serviço de Rádio do Cidadão.</p><p>Nº 8.322 - Processo nº 53548.000387/2022-05.</p><p>Declara extinta, por Cassação, a autorização outorgada à entidade, ANTONIO MARTINS DA SILVA, CPF nº ***.263.041-**, para explorar o Serviço de Telecomunicações de Interesse Restrito, bem como o Serviço de Rádio do Cidadão.</p><p>Nº 8.324 - Processo nº 53548.000778/2022-11.</p><p>Declara extinta, por Cassação, a autorização outorgada à entidade, FRANCIELO PEDROSO CACERES, CPF nº ***.830.671-**, para explorar o Serviço de Telecomunicações de Interesse Restrito, bem como o Serviço de Rádio do Cidadão.</p><p class="assina">Paulo Aurelio Pereira da Silva</p><p class="cargo">Gerente</p><p>ATOS DE 15 DE JUNHO DE 2022</p><p>Nº 8.372 - Processo nº 53548.000759/2022-95.</p><p>Declara extinta, por Cassação, a autorização outorgada à entidade, GILSON JOSE DA SILVA, CPF nº ***.341.831-**, para explorar o Serviço de Telecomunicações de Interesse Restrito, bem como o Serviço de Rádio do Cidadão.</p><p>Nº 8.378 - Processo nº 53548.000730/2022-11.</p><p>Declara extinta, por Cassação, a autorização outorgada à entidade, JOAO ALVES FERREIRA, CPF nº ***.378.691-**, para explorar o Serviço de Telecomunicações de Interesse Restrito, bem como o Serviço de Rádio do Cidadão.</p><p>Nº 8.382 - Processo nº 53548.000705/2022-20.</p><p>Declara extinta, por Cassação, a autorização outorgada à entidade, JOEL PEREIRA ROSA, CPF nº ***.747.131-**, para explorar o Serviço de Telecomunicações de Interesse Restrito, bem como o Serviço de Rádio do Cidadão.</p><p>Nº 8.383 - Processo nº 53548.000697/2022-11.</p><p>Declara extinta, por Cassação, a autorização outorgada à entidade, JOSE CARLOS DA SILVA BARRIOS, CPF nº ***.471.431-**, para explorar o Serviço de Telecomunicações de Interesse Restrito, bem como o Serviço de Rádio do Cidadão.</p><p>Nº 8.384 - Processo nº 53548.000695/2022-22.</p><p>Declara extinta, por Cassação, a autorização outorgada à entidade, JOSE DE LIMA MACHADO, CPF nº ***.328.783-**, para explorar o Serviço de Telecomunicações de Interesse Restrito, bem como o Serviço de Rádio do Cidadão.</p><p>Nº 8.385 - Processo nº 53548.000678/2022-95.</p><p>Declara extinta, por Cassação, a autorização outorgada à entidade, JOSE PEREIRA ROCHA JUNIOR, CPF nº ***.306.281-**, para explorar o Serviço de Telecomunicações de Interesse Restrito, bem como o Serviço de Rádio do Cidadão.</p><p>Nº 8.393 - Processo nº 53548.000676/2022-04.</p><p>Declara extinta, por Cassação, a autorização outorgada à entidade, JOSE WALDIR BARRETO, CPF nº ***.211.291-**, para explorar o Serviço de Telecomunicações de Interesse Restrito, bem como o Serviço de Rádio do Cidadão.</p><p>Nº 8.394 - Processo nº 53548.000413/2022-97.</p><p>Declara extinta, por Cassação, a autorização outorgada à entidade, JUAREZ PINHEIRO DO CARMO, CPF nº ***.672.609-**, para explorar o Serviço de Telecomunicações de Interesse Restrito, bem como o Serviço de Rádio do Cidadão.</p><p>Nº 8.395 - Processo nº 53548.000672/2022-18.</p><p>Declara extinta, por Cassação, a autorização outorgada à entidade, JULIANO DOS SANTOS FLORENTINO, CPF nº ***.581.211-**, para explorar o Serviço de Telecomunicações de Interesse Restrito, bem como o Serviço de Rádio do Cidadão.</p><p>Nº 8.398 - Processo nº 53548.000671/2022-73.</p><p>Declara extinta, por Cassação, a autorização outorgada à entidade, JULIO AUGUSTO DE MELO, CPF nº ***.503.311-**, para explorar o Serviço de Telecomunicações de Interesse Restrito, bem como o Serviço de Rádio do Cidadão.</p><p class="assina">Paulo Aurelio Pereira da Silva</p><p class="cargo">Gerente</p>]]></Texto>
  </body>
  <Midias />
</article></xml>