﻿<xml><article id="27709067" name="RESOLUAAO NA 25" idOficio="7355260" pubName="DO1" artType="Resolução" pubDate="25/08/2022" artClass="00007:00051:00000:00000:00000:00000:00000:00000:00000:00000:00005:00003" artCategory="Ministério da Agricultura, Pecuária e Abastecimento/Secretaria de Política Agrícola" artSize="12" artNotes="" numberPage="18" pdfPage="http://pesquisa.in.gov.br/imprensa/jsp/visualiza/index.jsp?data=25/08/2022&amp;jornal=515&amp;pagina=18" editionNumber="162" highlightType="" highlightPriority="" highlight="" highlightimage="" highlightimagename="" idMateria="14836179">
  <body>
    <Identifica><![CDATA[RESOLUÇÃO Nº 25, DE 23 DE AGOSTO DE 2022]]></Identifica>
    <Data><![CDATA[]]></Data>
    <Ementa><![CDATA[Divulga resultado do julgamento de recursos da Comissão Especial de Recursos (CER) do Programa de Garantia da Atividade Agropecuária (PROAGRO).]]></Ementa>
    <Titulo />
    <SubTitulo />
    <Texto><![CDATA[<p class="identifica">RESOLUÇÃO Nº 25, DE 23 DE AGOSTO DE 2022</p><p class="ementa">Divulga resultado do julgamento de recursos da Comissão Especial de Recursos (CER) do Programa de Garantia da Atividade Agropecuária (PROAGRO).</p><p>A Comissão Especial de Recursos do Programa de Garantia da Atividade Agropecuária (CER/PROAGRO), no uso de suas competências conferidas pelo disposto no Decreto nº 10.124, de 21 de novembro de 2019, em julgamento remoto realizado em Brasília/DF, entre os dias 19 e 29 de julho de 2022, resolve:</p><p>Art 1º Negar parcialmente, por unanimidade na votação, os recursos abaixo relacionados:</p><p /><p></p><table><tr /><tr><td rowspan="1" colspan="1"><p>Item</p></td><td rowspan="1" colspan="1"><p>N° CER</p></td><td rowspan="1" colspan="1"><p>Mutuário</p></td><td rowspan="1" colspan="1"><p>Ref Bac</p></td><td rowspan="1" colspan="1"><p>Proagro</p></td></tr><tr><td rowspan="1" colspan="1"><p>1</p></td><td rowspan="1" colspan="1"><p>21066.009180/2021-33</p></td><td rowspan="1" colspan="1"><p>Adelir Guilherme</p></td><td rowspan="1" colspan="1"><p>20200846256</p></td><td rowspan="1" colspan="1"><p>Mais</p></td></tr><tr><td rowspan="1" colspan="1"><p>2</p></td><td rowspan="1" colspan="1"><p>21066.009302/2021-91</p></td><td rowspan="1" colspan="1"><p>Ademar Breno Franke</p></td><td rowspan="1" colspan="1"><p>20190954521</p></td><td rowspan="1" colspan="1"><p>Mais</p></td></tr><tr><td rowspan="1" colspan="1"><p>3</p></td><td rowspan="1" colspan="1"><p>21066.007718/2020-94</p></td><td rowspan="1" colspan="1"><p>Adilson Andreassi</p></td><td rowspan="1" colspan="1"><p>20191527603</p></td><td rowspan="1" colspan="1"><p>Mais</p></td></tr><tr><td rowspan="1" colspan="1"><p>4</p></td><td rowspan="1" colspan="1"><p>21066.009454/2021-94</p></td><td rowspan="1" colspan="1"><p>Adolir Natalino Steimbach</p></td><td rowspan="1" colspan="1"><p>20200903880</p></td><td rowspan="1" colspan="1"><p>Mais</p></td></tr><tr><td rowspan="1" colspan="1"><p>5</p></td><td rowspan="1" colspan="1"><p>21066.009506/2021-22</p></td><td rowspan="1" colspan="1"><p>Airton Carlos Dias</p></td><td rowspan="1" colspan="1"><p>20191421127</p></td><td rowspan="1" colspan="1"><p>Mais</p></td></tr><tr><td rowspan="1" colspan="1"><p>6</p></td><td rowspan="1" colspan="1"><p>21066.009324/2021-51</p></td><td rowspan="1" colspan="1"><p>Airton Piovesan</p></td><td rowspan="1" colspan="1"><p>20201368553</p></td><td rowspan="1" colspan="1"><p>Mais</p></td></tr><tr><td rowspan="1" colspan="1"><p>7</p></td><td rowspan="1" colspan="1"><p>21066.009386/2021-63</p></td><td rowspan="1" colspan="1"><p>Alberto Ademar Menegolla</p></td><td rowspan="1" colspan="1"><p>20191559844</p></td><td rowspan="1" colspan="1"><p>Tradicional</p></td></tr><tr><td rowspan="1" colspan="1"><p>8</p></td><td rowspan="1" colspan="1"><p>21066.009262/2021-88</p></td><td rowspan="1" colspan="1"><p>Albino Schulz</p></td><td rowspan="1" colspan="1"><p>20200585898</p></td><td rowspan="1" colspan="1"><p>Mais</p></td></tr><tr><td rowspan="1" colspan="1"><p>9</p></td><td rowspan="1" colspan="1"><p>21066.009264/2021-77</p></td><td rowspan="1" colspan="1"><p>Alisson Mariano De Souza</p></td><td rowspan="1" colspan="1"><p>20200357928</p></td><td rowspan="1" colspan="1"><p>Mais</p></td></tr><tr><td rowspan="1" colspan="1"><p>10</p></td><td rowspan="1" colspan="1"><p>21066.009480/2021-12</p></td><td rowspan="1" colspan="1"><p>André De Moraes Barros Lamacchia</p></td><td rowspan="1" colspan="1"><p>20190403795</p></td><td rowspan="1" colspan="1"><p>Tradicional</p></td></tr><tr><td rowspan="1" colspan="1"><p>11</p></td><td rowspan="1" colspan="1"><p>21066.009240/2021-18</p></td><td rowspan="1" colspan="1"><p>Antonio Carlos Bedin</p></td><td rowspan="1" colspan="1"><p>20201130841</p></td><td rowspan="1" colspan="1"><p>Mais</p></td></tr><tr><td rowspan="1" colspan="1"><p>12</p></td><td rowspan="1" colspan="1"><p>21066.009188/2021-08</p></td><td rowspan="1" colspan="1"><p>Antonio De Jesus De Oliveira</p></td><td rowspan="1" colspan="1"><p>20191427254</p></td><td rowspan="1" colspan="1"><p>Mais</p></td></tr><tr><td rowspan="1" colspan="1"><p>13</p></td><td rowspan="1" colspan="1"><p>21066.009200/2021-76</p></td><td rowspan="1" colspan="1"><p>Arno Marquardt</p></td><td rowspan="1" colspan="1"><p>20191580272</p></td><td rowspan="1" colspan="1"><p>Mais</p></td></tr><tr><td rowspan="1" colspan="1"><p>14</p></td><td rowspan="1" colspan="1"><p>21066.009294/2021-83</p></td><td rowspan="1" colspan="1"><p>Carine Sehenen Da Silva</p></td><td rowspan="1" colspan="1"><p>20190704306</p></td><td rowspan="1" colspan="1"><p>Mais</p></td></tr><tr><td rowspan="1" colspan="1"><p>15</p></td><td rowspan="1" colspan="1"><p>21066.009170/2021-06</p></td><td rowspan="1" colspan="1"><p>Cassiano Ranghetti</p></td><td rowspan="1" colspan="1"><p>20190660352</p></td><td rowspan="1" colspan="1"><p>Mais</p></td></tr><tr><td rowspan="1" colspan="1"><p>16</p></td><td rowspan="1" colspan="1"><p>21066.009266/2021-66</p></td><td rowspan="1" colspan="1"><p>Cesar Francisco Pasquetti</p></td><td rowspan="1" colspan="1"><p>20200285453</p></td><td rowspan="1" colspan="1"><p>Mais</p></td></tr><tr><td rowspan="1" colspan="1"><p>17</p></td><td rowspan="1" colspan="1"><p>21066.009830/2021-41</p></td><td rowspan="1" colspan="1"><p>Christiane Bohrer Scherer</p></td><td rowspan="1" colspan="1"><p>20200775019</p></td><td rowspan="1" colspan="1"><p>Tradicional</p></td></tr><tr><td rowspan="1" colspan="1"><p>18</p></td><td rowspan="1" colspan="1"><p>21066.009456/2021-83</p></td><td rowspan="1" colspan="1"><p>Clodoaldo Martinello</p></td><td rowspan="1" colspan="1"><p>20200937922</p></td><td rowspan="1" colspan="1"><p>Mais</p></td></tr><tr><td rowspan="1" colspan="1"><p>19</p></td><td rowspan="1" colspan="1"><p>21066.009332/2021-06</p></td><td rowspan="1" colspan="1"><p>Darci Teodoro Welter</p></td><td rowspan="1" colspan="1"><p>20200217099</p></td><td rowspan="1" colspan="1"><p>Tradicional</p></td></tr><tr><td rowspan="1" colspan="1"><p>20</p></td><td rowspan="1" colspan="1"><p>21066.009358/2021-46</p></td><td rowspan="1" colspan="1"><p>Dirceu Jose Sliwinski</p></td><td rowspan="1" colspan="1"><p>20200717481</p></td><td rowspan="1" colspan="1"><p>Mais</p></td></tr><tr><td rowspan="1" colspan="1"><p>21</p></td><td rowspan="1" colspan="1"><p>21066.001070/2019-17</p></td><td rowspan="1" colspan="1"><p>Edenilson Malmann Muller</p></td><td rowspan="1" colspan="1"><p>20171287085</p></td><td rowspan="1" colspan="1"><p>Mais</p></td></tr><tr><td rowspan="1" colspan="1"><p>22</p></td><td rowspan="1" colspan="1"><p>21066.001071/2019-53</p></td><td rowspan="1" colspan="1"><p>Edenilson Malmann Muller</p></td><td rowspan="1" colspan="1"><p>20171117807</p></td><td rowspan="1" colspan="1"><p>Mais</p></td></tr><tr><td rowspan="1" colspan="1"><p>23</p></td><td rowspan="1" colspan="1"><p>21066.003654/2020-52</p></td><td rowspan="1" colspan="1"><p>Eduardo Feldkircher</p></td><td rowspan="1" colspan="1"><p>20190962161</p></td><td rowspan="1" colspan="1"><p>Mais</p></td></tr><tr><td rowspan="1" colspan="1"><p>24</p></td><td rowspan="1" colspan="1"><p>21066.009248/2021-84</p></td><td rowspan="1" colspan="1"><p>Elizeu Rudiger Schneider</p></td><td rowspan="1" colspan="1"><p>20191564452</p></td><td rowspan="1" colspan="1"><p>Mais</p></td></tr><tr><td rowspan="1" colspan="1"><p>25</p></td><td rowspan="1" colspan="1"><p>21066.009580/2021-49</p></td><td rowspan="1" colspan="1"><p>Elvio Horlei Arnoud Roggia</p></td><td rowspan="1" colspan="1"><p>20191151819</p></td><td rowspan="1" colspan="1"><p>Mais</p></td></tr><tr><td rowspan="1" colspan="1"><p>26</p></td><td rowspan="1" colspan="1"><p>21066.009450/2021-14</p></td><td rowspan="1" colspan="1"><p>Ernane Bauer</p></td><td rowspan="1" colspan="1"><p>20200743689</p></td><td rowspan="1" colspan="1"><p>Mais</p></td></tr><tr><td rowspan="1" colspan="1"><p>27</p></td><td rowspan="1" colspan="1"><p>21066.009210/2021-10</p></td><td rowspan="1" colspan="1"><p>Euzebio Jose Goliczeski</p></td><td rowspan="1" colspan="1"><p>20200751044</p></td><td rowspan="1" colspan="1"><p>Tradicional</p></td></tr><tr><td rowspan="1" colspan="1"><p>28</p></td><td rowspan="1" colspan="1"><p>21066.009166/2021-30</p></td><td rowspan="1" colspan="1"><p>Evandro Kons</p></td><td rowspan="1" colspan="1"><p>20191211566</p></td><td rowspan="1" colspan="1"><p>Mais</p></td></tr><tr><td rowspan="1" colspan="1"><p>29</p></td><td rowspan="1" colspan="1"><p>21066.009216/2021-89</p></td><td rowspan="1" colspan="1"><p>Fabio Goulart Pinto</p></td><td rowspan="1" colspan="1"><p>20200593989</p></td><td rowspan="1" colspan="1"><p>Tradicional</p></td></tr><tr><td rowspan="1" colspan="1"><p>30</p></td><td rowspan="1" colspan="1"><p>21066.009252/2021-42</p></td><td rowspan="1" colspan="1"><p>Felipe Bortoluzi Bisognin</p></td><td rowspan="1" colspan="1"><p>20200877584</p></td><td rowspan="1" colspan="1"><p>Mais</p></td></tr><tr><td rowspan="1" colspan="1"><p>31</p></td><td rowspan="1" colspan="1"><p>21066.003304/2020-96</p></td><td rowspan="1" colspan="1"><p>Fernando Zuconelli</p></td><td rowspan="1" colspan="1"><p>20171836943</p></td><td rowspan="1" colspan="1"><p>Mais</p></td></tr><tr><td rowspan="1" colspan="1"><p>32</p></td><td rowspan="1" colspan="1"><p>21066.009410/2021-64</p></td><td rowspan="1" colspan="1"><p>Francisco Bini</p></td><td rowspan="1" colspan="1"><p>20200850360</p></td><td rowspan="1" colspan="1"><p>Tradicional</p></td></tr><tr><td rowspan="1" colspan="1"><p>33</p></td><td rowspan="1" colspan="1"><p>21066.009406/2021-04</p></td><td rowspan="1" colspan="1"><p>Francisco Bini</p></td><td rowspan="1" colspan="1"><p>20200850602</p></td><td rowspan="1" colspan="1"><p>Tradicional</p></td></tr><tr><td rowspan="1" colspan="1"><p>34</p></td><td rowspan="1" colspan="1"><p>21066.009402/2021-18</p></td><td rowspan="1" colspan="1"><p>Gabriel Giacomin</p></td><td rowspan="1" colspan="1"><p>20191264756</p></td><td rowspan="1" colspan="1"><p>Tradicional</p></td></tr><tr><td rowspan="1" colspan="1"><p>35</p></td><td rowspan="1" colspan="1"><p>21066.009206/2021-43</p></td><td rowspan="1" colspan="1"><p>Geferson Gean Fischer</p></td><td rowspan="1" colspan="1"><p>20200359291</p></td><td rowspan="1" colspan="1"><p>Mais</p></td></tr><tr><td rowspan="1" colspan="1"><p>36</p></td><td rowspan="1" colspan="1"><p>21066.009162/2021-51</p></td><td rowspan="1" colspan="1"><p>Gelson Abilio Sbardelotto</p></td><td rowspan="1" colspan="1"><p>20200918601</p></td><td rowspan="1" colspan="1"><p>Tradicional</p></td></tr><tr><td rowspan="1" colspan="1"><p>37</p></td><td rowspan="1" colspan="1"><p>21066.009158/2021-93</p></td><td rowspan="1" colspan="1"><p>Giane Marisete Lange Barbosa</p></td><td rowspan="1" colspan="1"><p>20200374189</p></td><td rowspan="1" colspan="1"><p>Tradicional</p></td></tr><tr><td rowspan="1" colspan="1"><p>38</p></td><td rowspan="1" colspan="1"><p>21066.009582/2021-38</p></td><td rowspan="1" colspan="1"><p>Gilberto Rampon</p></td><td rowspan="1" colspan="1"><p>20200695502</p></td><td rowspan="1" colspan="1"><p>Mais</p></td></tr><tr><td rowspan="1" colspan="1"><p>39</p></td><td rowspan="1" colspan="1"><p>21066.009430/2021-35</p></td><td rowspan="1" colspan="1"><p>Gilmar Pagnussat</p></td><td rowspan="1" colspan="1"><p>20201292576</p></td><td rowspan="1" colspan="1"><p>Mais</p></td></tr><tr><td rowspan="1" colspan="1"><p>40</p></td><td rowspan="1" colspan="1"><p>21066.009148/2021-58</p></td><td rowspan="1" colspan="1"><p>Grasiela Ditadi Stefan</p></td><td rowspan="1" colspan="1"><p>20200898056</p></td><td rowspan="1" colspan="1"><p>Mais</p></td></tr><tr><td rowspan="1" colspan="1"><p>41</p></td><td rowspan="1" colspan="1"><p>21066.009462/2021-31</p></td><td rowspan="1" colspan="1"><p>Henrique Gadonski Filipak</p></td><td rowspan="1" colspan="1"><p>20201370495</p></td><td rowspan="1" colspan="1"><p>Mais</p></td></tr><tr><td rowspan="1" colspan="1"><p>42</p></td><td rowspan="1" colspan="1"><p>21066.009452/2021-03</p></td><td rowspan="1" colspan="1"><p>Inacio Bruxel</p></td><td rowspan="1" colspan="1"><p>20200879477</p></td><td rowspan="1" colspan="1"><p>Mais</p></td></tr><tr><td rowspan="1" colspan="1"><p>43</p></td><td rowspan="1" colspan="1"><p>21066.009282/2021-59</p></td><td rowspan="1" colspan="1"><p>Ingo Augusto Moglich</p></td><td rowspan="1" colspan="1"><p>20191470495</p></td><td rowspan="1" colspan="1"><p>Mais</p></td></tr><tr><td rowspan="1" colspan="1"><p>44</p></td><td rowspan="1" colspan="1"><p>21066.009276/2021-00</p></td><td rowspan="1" colspan="1"><p>Itamar Schlemper</p></td><td rowspan="1" colspan="1"><p>20200464685</p></td><td rowspan="1" colspan="1"><p>Mais</p></td></tr><tr><td rowspan="1" colspan="1"><p>45</p></td><td rowspan="1" colspan="1"><p>21066.009246/2021-95</p></td><td rowspan="1" colspan="1"><p>Ivo Zanchi</p></td><td rowspan="1" colspan="1"><p>20200842880</p></td><td rowspan="1" colspan="1"><p>Tradicional</p></td></tr><tr><td rowspan="1" colspan="1"><p>46</p></td><td rowspan="1" colspan="1"><p>21066.009420/2021-08</p></td><td rowspan="1" colspan="1"><p>Jaime Stival</p></td><td rowspan="1" colspan="1"><p>20190704876</p></td><td rowspan="1" colspan="1"><p>Mais</p></td></tr><tr><td rowspan="1" colspan="1"><p>47</p></td><td rowspan="1" colspan="1"><p>21066.009384/2021-74</p></td><td rowspan="1" colspan="1"><p>Jair Souza Garcia</p></td><td rowspan="1" colspan="1"><p>20200525490</p></td><td rowspan="1" colspan="1"><p>Mais</p></td></tr><tr><td rowspan="1" colspan="1"><p>48</p></td><td rowspan="1" colspan="1"><p>21066.009160/2021-62</p></td><td rowspan="1" colspan="1"><p>Jaison Valdenir Kremer</p></td><td rowspan="1" colspan="1"><p>20200381545</p></td><td rowspan="1" colspan="1"><p>Mais</p></td></tr><tr><td rowspan="1" colspan="1"><p>49</p></td><td rowspan="1" colspan="1"><p>21066.009138/2021-12</p></td><td rowspan="1" colspan="1"><p>Jaisson Braghini</p></td><td rowspan="1" colspan="1"><p>20200920628</p></td><td rowspan="1" colspan="1"><p>Mais</p></td></tr><tr><td rowspan="1" colspan="1"><p>50</p></td><td rowspan="1" colspan="1"><p>21066.009142/2021-81</p></td><td rowspan="1" colspan="1"><p>Jaisson Braghini</p></td><td rowspan="1" colspan="1"><p>202009206280</p></td><td rowspan="1" colspan="1"><p>Mais</p></td></tr><tr><td rowspan="1" colspan="1"><p>51</p></td><td rowspan="1" colspan="1"><p>21066.009326/2021-41</p></td><td rowspan="1" colspan="1"><p>Joao Aderlei Padilha Camara</p></td><td rowspan="1" colspan="1"><p>20201036027</p></td><td rowspan="1" colspan="1"><p>Tradicional</p></td></tr><tr><td rowspan="1" colspan="1"><p>52</p></td><td rowspan="1" colspan="1"><p>21066.009336/2021-86</p></td><td rowspan="1" colspan="1"><p>Joao Uler</p></td><td rowspan="1" colspan="1"><p>20200461978</p></td><td rowspan="1" colspan="1"><p>Tradicional</p></td></tr><tr><td rowspan="1" colspan="1"><p>53</p></td><td rowspan="1" colspan="1"><p>21066.009280/2021-60</p></td><td rowspan="1" colspan="1"><p>Joao Valtair Dos Santos</p></td><td rowspan="1" colspan="1"><p>20200926228</p></td><td rowspan="1" colspan="1"><p>Mais</p></td></tr><tr><td rowspan="1" colspan="1"><p>54</p></td><td rowspan="1" colspan="1"><p>21066.009190/2021-79</p></td><td rowspan="1" colspan="1"><p>Jocemar Carlos Fischer</p></td><td rowspan="1" colspan="1"><p>20191309631</p></td><td rowspan="1" colspan="1"><p>Mais</p></td></tr><tr><td rowspan="1" colspan="1"><p>55</p></td><td rowspan="1" colspan="1"><p>21066.009426/2021-77</p></td><td rowspan="1" colspan="1"><p>Jocemar Jose Pezavento</p></td><td rowspan="1" colspan="1"><p>20200107376</p></td><td rowspan="1" colspan="1"><p>Tradicional</p></td></tr><tr><td rowspan="1" colspan="1"><p>56</p></td><td rowspan="1" colspan="1"><p>21066.001739/2019-62</p></td><td rowspan="1" colspan="1"><p>Joel Damaceno Carneiro</p></td><td rowspan="1" colspan="1"><p>20170131089</p></td><td rowspan="1" colspan="1"><p>Mais</p></td></tr><tr><td rowspan="1" colspan="1"><p>57</p></td><td rowspan="1" colspan="1"><p>21066.009306/2021-70</p></td><td rowspan="1" colspan="1"><p>Joelmir Carlos Beux</p></td><td rowspan="1" colspan="1"><p>20191640701</p></td><td rowspan="1" colspan="1"><p>Mais</p></td></tr><tr><td rowspan="1" colspan="1"><p>58</p></td><td rowspan="1" colspan="1"><p>21066.009198/2021-35</p></td><td rowspan="1" colspan="1"><p>Jorge Augusto Denk</p></td><td rowspan="1" colspan="1"><p>20191522738</p></td><td rowspan="1" colspan="1"><p>Mais</p></td></tr><tr><td rowspan="1" colspan="1"><p>59</p></td><td rowspan="1" colspan="1"><p>21066.009174/2021-86</p></td><td rowspan="1" colspan="1"><p>Jose Andrade Santos</p></td><td rowspan="1" colspan="1"><p>20200356128</p></td><td rowspan="1" colspan="1"><p>Mais</p></td></tr><tr><td rowspan="1" colspan="1"><p>60</p></td><td rowspan="1" colspan="1"><p>21066.009192/2021-68</p></td><td rowspan="1" colspan="1"><p>Julio Azevedo Da Rocha</p></td><td rowspan="1" colspan="1"><p>20200308087</p></td><td rowspan="1" colspan="1"><p>Mais</p></td></tr><tr><td rowspan="1" colspan="1"><p>61</p></td><td rowspan="1" colspan="1"><p>21066.009476/2021-54</p></td><td rowspan="1" colspan="1"><p>Leocir Antonio Maschio</p></td><td rowspan="1" colspan="1"><p>20201156524</p></td><td rowspan="1" colspan="1"><p>Mais</p></td></tr><tr><td rowspan="1" colspan="1"><p>62</p></td><td rowspan="1" colspan="1"><p>21066.009224/2021-25</p></td><td rowspan="1" colspan="1"><p>Lisandro Daros</p></td><td rowspan="1" colspan="1"><p>20190718920</p></td><td rowspan="1" colspan="1"><p>Mais</p></td></tr><tr><td rowspan="1" colspan="1"><p>63</p></td><td rowspan="1" colspan="1"><p>21066.009458/2021-72</p></td><td rowspan="1" colspan="1"><p>Luan Merisio Vedovatto</p></td><td rowspan="1" colspan="1"><p>20201224866</p></td><td rowspan="1" colspan="1"><p>Mais</p></td></tr><tr><td rowspan="1" colspan="1"><p>64</p></td><td rowspan="1" colspan="1"><p>21066.009176/2021-75</p></td><td rowspan="1" colspan="1"><p>Luciana Da Conceicao De Jesus Macedo</p></td><td rowspan="1" colspan="1"><p>20171092306</p></td><td rowspan="1" colspan="1"><p>Mais</p></td></tr><tr><td rowspan="1" colspan="1"><p>65</p></td><td rowspan="1" colspan="1"><p>21066.009334/2021-97</p></td><td rowspan="1" colspan="1"><p>Marcelo Schneider</p></td><td rowspan="1" colspan="1"><p>20200446888</p></td><td rowspan="1" colspan="1"><p>Mais</p></td></tr><tr><td rowspan="1" colspan="1"><p>66</p></td><td rowspan="1" colspan="1"><p>21066.009132/2021-45</p></td><td rowspan="1" colspan="1"><p>Marciano Figueiredo</p></td><td rowspan="1" colspan="1"><p>20200852492</p></td><td rowspan="1" colspan="1"><p>Mais</p></td></tr><tr><td rowspan="1" colspan="1"><p>67</p></td><td rowspan="1" colspan="1"><p>21066.009436/2021-11</p></td><td rowspan="1" colspan="1"><p>Marino Pettenon</p></td><td rowspan="1" colspan="1"><p>20190838925</p></td><td rowspan="1" colspan="1"><p>Tradicional</p></td></tr><tr><td rowspan="1" colspan="1"><p>68</p></td><td rowspan="1" colspan="1"><p>21066.009438/2021-00</p></td><td rowspan="1" colspan="1"><p>Mario Lickman</p></td><td rowspan="1" colspan="1"><p>20191174177</p></td><td rowspan="1" colspan="1"><p>Mais</p></td></tr><tr><td rowspan="1" colspan="1"><p>69</p></td><td rowspan="1" colspan="1"><p>21066.009388/2021-52</p></td><td rowspan="1" colspan="1"><p>Marli Boyko</p></td><td rowspan="1" colspan="1"><p>20191486006</p></td><td rowspan="1" colspan="1"><p>Mais</p></td></tr><tr><td rowspan="1" colspan="1"><p>70</p></td><td rowspan="1" colspan="1"><p>21066.009378/2021-17</p></td><td rowspan="1" colspan="1"><p>Marta Piroca</p></td><td rowspan="1" colspan="1"><p>20200970833</p></td><td rowspan="1" colspan="1"><p>Mais</p></td></tr><tr><td rowspan="1" colspan="1"><p>71</p></td><td rowspan="1" colspan="1"><p>21066.009256/2021-21</p></td><td rowspan="1" colspan="1"><p>Mateus Bortoluzi Bisognin</p></td><td rowspan="1" colspan="1"><p>20200818496</p></td><td rowspan="1" colspan="1"><p>Tradicional</p></td></tr><tr><td rowspan="1" colspan="1"><p>72</p></td><td rowspan="1" colspan="1"><p>21066.009474/2021-65</p></td><td rowspan="1" colspan="1"><p>Mateus Da Silva Souza</p></td><td rowspan="1" colspan="1"><p>20200887784</p></td><td rowspan="1" colspan="1"><p>Mais</p></td></tr><tr><td rowspan="1" colspan="1"><p>73</p></td><td rowspan="1" colspan="1"><p>21066.009396/2021-07</p></td><td rowspan="1" colspan="1"><p>Mauricio Bolsanelo</p></td><td rowspan="1" colspan="1"><p>20190711024</p></td><td rowspan="1" colspan="1"><p>Mais</p></td></tr><tr><td rowspan="1" colspan="1"><p>74</p></td><td rowspan="1" colspan="1"><p>21066.009314/2021-16</p></td><td rowspan="1" colspan="1"><p>Moacir Vincenzi</p></td><td rowspan="1" colspan="1"><p>20200732022</p></td><td rowspan="1" colspan="1"><p>Mais</p></td></tr><tr><td rowspan="1" colspan="1"><p>75</p></td><td rowspan="1" colspan="1"><p>21066.009464/2021-20</p></td><td rowspan="1" colspan="1"><p>Nadir Jose Zorzzi</p></td><td rowspan="1" colspan="1"><p>20201060730</p></td><td rowspan="1" colspan="1"><p>Mais</p></td></tr><tr><td rowspan="1" colspan="1"><p>76</p></td><td rowspan="1" colspan="1"><p>21066.009126/2021-98</p></td><td rowspan="1" colspan="1"><p>Nelio Jaroczinski</p></td><td rowspan="1" colspan="1"><p>20190981895</p></td><td rowspan="1" colspan="1"><p>Mais</p></td></tr><tr><td rowspan="1" colspan="1"><p>77</p></td><td rowspan="1" colspan="1"><p>21066.009424/2021-88</p></td><td rowspan="1" colspan="1"><p>Nelson Valdeco Serafim</p></td><td rowspan="1" colspan="1"><p>20201318439</p></td><td rowspan="1" colspan="1"><p>Mais</p></td></tr><tr><td rowspan="1" colspan="1"><p>78</p></td><td rowspan="1" colspan="1"><p>21066.009156/2021-02</p></td><td rowspan="1" colspan="1"><p>Niberton Neri Onofre</p></td><td rowspan="1" colspan="1"><p>20200435753</p></td><td rowspan="1" colspan="1"><p>Tradicional</p></td></tr><tr><td rowspan="1" colspan="1"><p>79</p></td><td rowspan="1" colspan="1"><p>21066.009242/2021-15</p></td><td rowspan="1" colspan="1"><p>Nilton Zarnott Klug</p></td><td rowspan="1" colspan="1"><p>20191338792</p></td><td rowspan="1" colspan="1"><p>Mais</p></td></tr><tr><td rowspan="1" colspan="1"><p>80</p></td><td rowspan="1" colspan="1"><p>21066.009330/2021-17</p></td><td rowspan="1" colspan="1"><p>Odair Jose Esser</p></td><td rowspan="1" colspan="1"><p>20191568342</p></td><td rowspan="1" colspan="1"><p>Mais</p></td></tr><tr><td rowspan="1" colspan="1"><p>81</p></td><td rowspan="1" colspan="1"><p>21066.009368/2021-81</p></td><td rowspan="1" colspan="1"><p>Onofre Pagnoncelli</p></td><td rowspan="1" colspan="1"><p>20200154627</p></td><td rowspan="1" colspan="1"><p>Mais</p></td></tr><tr><td rowspan="1" colspan="1"><p>82</p></td><td rowspan="1" colspan="1"><p>21066.009346/2021-11</p></td><td rowspan="1" colspan="1"><p>Paulo Flyssak</p></td><td rowspan="1" colspan="1"><p>20191568315</p></td><td rowspan="1" colspan="1"><p>Mais</p></td></tr><tr><td rowspan="1" colspan="1"><p>83</p></td><td rowspan="1" colspan="1"><p>21066.009440/2021-71</p></td><td rowspan="1" colspan="1"><p>Rafael Rodrigo Da Silva Marion</p></td><td rowspan="1" colspan="1"><p>20200890265</p></td><td rowspan="1" colspan="1"><p>Mais</p></td></tr><tr><td rowspan="1" colspan="1"><p>84</p></td><td rowspan="1" colspan="1"><p>21066.009244/2021-04</p></td><td rowspan="1" colspan="1"><p>Reges Ricardo Kohn</p></td><td rowspan="1" colspan="1"><p>20191437711</p></td><td rowspan="1" colspan="1"><p>Mais</p></td></tr><tr><td rowspan="1" colspan="1"><p>85</p></td><td rowspan="1" colspan="1"><p>21066.009288/2021-26</p></td><td rowspan="1" colspan="1"><p>Renaldo Budke</p></td><td rowspan="1" colspan="1"><p>20200534851</p></td><td rowspan="1" colspan="1"><p>Mais</p></td></tr><tr><td rowspan="1" colspan="1"><p>86</p></td><td rowspan="1" colspan="1"><p>21066.009432/2021-24</p></td><td rowspan="1" colspan="1"><p>Renan Bragagnollo De Matto</p></td><td rowspan="1" colspan="1"><p>20201514957</p></td><td rowspan="1" colspan="1"><p>Mais</p></td></tr><tr><td rowspan="1" colspan="1"><p>87</p></td><td rowspan="1" colspan="1"><p>21066.009434/2021-13</p></td><td rowspan="1" colspan="1"><p>Renan Rodrigo Da Silva Marion</p></td><td rowspan="1" colspan="1"><p>20200828607</p></td><td rowspan="1" colspan="1"><p>Mais</p></td></tr><tr><td rowspan="1" colspan="1"><p>88</p></td><td rowspan="1" colspan="1"><p>21066.009228/2021-11</p></td><td rowspan="1" colspan="1"><p>Roberto Pauli</p></td><td rowspan="1" colspan="1"><p>20191379319</p></td><td rowspan="1" colspan="1"><p>Mais</p></td></tr><tr><td rowspan="1" colspan="1"><p>89</p></td><td rowspan="1" colspan="1"><p>21066.009364/2021-01</p></td><td rowspan="1" colspan="1"><p>Roni Jeri Ferreira</p></td><td rowspan="1" colspan="1"><p>20191011737</p></td><td rowspan="1" colspan="1"><p>Tradicional</p></td></tr><tr><td rowspan="1" colspan="1"><p>90</p></td><td rowspan="1" colspan="1"><p>21066.009490/2021-58</p></td><td rowspan="1" colspan="1"><p>Sandra Aparecida De Lima</p></td><td rowspan="1" colspan="1"><p>20200805028</p></td><td rowspan="1" colspan="1"><p>Tradicional</p></td></tr><tr><td rowspan="1" colspan="1"><p>91</p></td><td rowspan="1" colspan="1"><p>21066.009362/2021-12</p></td><td rowspan="1" colspan="1"><p>Sebastião Gentil Granemann</p></td><td rowspan="1" colspan="1"><p>20191328702</p></td><td rowspan="1" colspan="1"><p>Mais</p></td></tr><tr><td rowspan="1" colspan="1"><p>92</p></td><td rowspan="1" colspan="1"><p>21066.009226/2021-14</p></td><td rowspan="1" colspan="1"><p>Sergio Dirlei Deretti</p></td><td rowspan="1" colspan="1"><p>20200034491</p></td><td rowspan="1" colspan="1"><p>Mais</p></td></tr><tr><td rowspan="1" colspan="1"><p>93</p></td><td rowspan="1" colspan="1"><p>21066.009366/2021-92</p></td><td rowspan="1" colspan="1"><p>Sergio Ecker</p></td><td rowspan="1" colspan="1"><p>20191315325</p></td><td rowspan="1" colspan="1"><p>Tradicional</p></td></tr><tr><td rowspan="1" colspan="1"><p>94</p></td><td rowspan="1" colspan="1"><p>21066.009494/2021-36</p></td><td rowspan="1" colspan="1"><p>Sergio Pasuc</p></td><td rowspan="1" colspan="1"><p>20200798421</p></td><td rowspan="1" colspan="1"><p>Mais</p></td></tr><tr><td rowspan="1" colspan="1"><p>95</p></td><td rowspan="1" colspan="1"><p>21066.009550/2021-32</p></td><td rowspan="1" colspan="1"><p>Tania Mara Manhabosco</p></td><td rowspan="1" colspan="1"><p>20191016241</p></td><td rowspan="1" colspan="1"><p>Mais</p></td></tr><tr><td rowspan="1" colspan="1"><p>96</p></td><td rowspan="1" colspan="1"><p>21066.009048/2021-21</p></td><td rowspan="1" colspan="1"><p>Tania Maria Dani Perusso</p></td><td rowspan="1" colspan="1"><p>20191578165</p></td><td rowspan="1" colspan="1"><p>Mais</p></td></tr><tr><td rowspan="1" colspan="1"><p>97</p></td><td rowspan="1" colspan="1"><p>21066.009222/2021-36</p></td><td rowspan="1" colspan="1"><p>Udomar Villwock</p></td><td rowspan="1" colspan="1"><p>20191424585</p></td><td rowspan="1" colspan="1"><p>Mais</p></td></tr><tr><td rowspan="1" colspan="1"><p>98</p></td><td rowspan="1" colspan="1"><p>21066.009130/2021-56</p></td><td rowspan="1" colspan="1"><p>Vanderlei Antonio Cantelli</p></td><td rowspan="1" colspan="1"><p>20180294952</p></td><td rowspan="1" colspan="1"><p>Mais</p></td></tr><tr><td rowspan="1" colspan="1"><p>99</p></td><td rowspan="1" colspan="1"><p>21066.009514/2021-79</p></td><td rowspan="1" colspan="1"><p>Vanusa Dentchuk Oleinik Mascarello</p></td><td rowspan="1" colspan="1"><p>20201136357</p></td><td rowspan="1" colspan="1"><p>Mais</p></td></tr><tr><td rowspan="1" colspan="1"><p>100</p></td><td rowspan="1" colspan="1"><p>21066.009392/2021-11</p></td><td rowspan="1" colspan="1"><p>Vilso Pilonetto</p></td><td rowspan="1" colspan="1"><p>20191596636</p></td><td rowspan="1" colspan="1"><p>Tradicional</p></td></tr><tr><td rowspan="1" colspan="1"><p>101</p></td><td rowspan="1" colspan="1"><p>21066.009296/2021-72</p></td><td rowspan="1" colspan="1"><p>Vilson Mandebura</p></td><td rowspan="1" colspan="1"><p>20200814639</p></td><td rowspan="1" colspan="1"><p>Mais</p></td></tr><tr><td rowspan="1" colspan="1"><p>102</p></td><td rowspan="1" colspan="1"><p>21066.009238/2021-49</p></td><td rowspan="1" colspan="1"><p>Willian Goliczeski</p></td><td rowspan="1" colspan="1"><p>20200852579</p></td><td rowspan="1" colspan="1"><p>Mais</p></td></tr><tr><td rowspan="1" colspan="1"><p>103</p></td><td rowspan="1" colspan="1"><p>21066.009232/2021-71</p></td><td rowspan="1" colspan="1"><p>Willian Goliczeski</p></td><td rowspan="1" colspan="1"><p>20200935051</p></td><td rowspan="1" colspan="1"><p>Mais</p></td></tr></table><p>Art. 2º. Esta Resolução entra em vigor na data de sua publicação.</p><p class="assina">GUILHERME SORIA BASTOS FILHO</p><p class="cargo">Presidente Comissão Especial de Recursos</p>]]></Texto>
  </body>
  <Midias />
</article></xml>