﻿<xml><article id="27703795" name="resolucao_2774_2022 CPROD GGFIS" idOficio="7354968" pubName="DO1" artType="Resolução" pubDate="25/08/2022" artClass="00026:00034:00016:00006:00000:00000:00000:00000:00000:00000:00064:32774" artCategory="Ministério da Saúde/Agência Nacional de Vigilância Sanitária/4ª Diretoria/Gerência-Geral de Inspeção e Fiscalização Sanitária" artSize="12" artNotes="" numberPage="270" pdfPage="http://pesquisa.in.gov.br/imprensa/jsp/visualiza/index.jsp?data=25/08/2022&amp;jornal=515&amp;pagina=270" editionNumber="162" highlightType="" highlightPriority="" highlight="" highlightimage="" highlightimagename="" idMateria="14835608">
  <body>
    <Identifica><![CDATA[ RESOLUÇÃO-RE Nº 2.774, DE 24 DE AGOSTO DE 2022]]></Identifica>
    <Data><![CDATA[]]></Data>
    <Ementa />
    <Titulo />
    <SubTitulo />
    <Texto><![CDATA[<p class="identifica">RESOLUÇÃO-RE Nº 2.774, DE 24 DE AGOSTO DE 2022</p><p>A Gerente-Geral substituta de Inspeção e Fiscalização Sanitária, no uso das atribuições que lhe confere o art. 140, aliado ao art. 203, I, § 1º do Regimento Interno aprovado pela Resolução de Diretoria Colegiada - RDC nº 585, de 10 de dezembro de 2021, e o art. 6º, da Lei nº 9.782, de 26 de janeiro de 1999, resolve:</p><p>Art. 1º Adotar a(s) medida(s) preventiva(s) constante(s) no ANEXO.</p><p>Art. 2º Esta Resolução entra em vigor na data de sua publicação.</p><p class="assina">ALESANDRA PAIXÃO DIAS</p><p class="anexo">ANEXO</p><p>Empresa: FIRSTLAB INDUSTRIA IMPORTACAO E EXPORTACAO DE PRODUTOS PARA LABORATORIOS LTDA - CNPJ: 27.089.709/0001-61</p><p>Produto - (Lote): Família Coletores Universais Estéreis (12100105);</p><p>Tipo de Produto: Produtos para diagnóstico de uso in vitro</p><p>Expediente nº: 4369674/22-1</p><p>Assunto: 70351 - Ações de Fiscalização em Vigilância Sanitária</p><p>Ações de fiscalização: Proibição - Comercialização, Distribuição, Uso</p><p>Recolhimento</p><p>Motivação: Medida Preventiva de proibição de distribuição, comercialização e uso dos produtos afetados, de acordo com o descrito no Alerta Sanitário, bem como o recolhimento: Considerando a ação de campo n.1360 iniciada pela empresa FIRSTLAB INDUSTRIA IMPORTAÇÃO E EXPORTAÇÃO DE PRODUTOS PARA LABORATÓRIOS LTDA, considerando o estabelecido no art. 6º e 7º da Lei nº 6.360/1976, no art. 9º da Resolução da Diretoria Colegiada - RDC nº. 551/2021 e no alerta de tecnovigilância 3866/2022.</p>]]></Texto>
  </body>
  <Midias />
</article></xml>