﻿<xml><article id="27717610" name="2408_LEI_14439_S1-OK" idOficio="7356076" pubName="DO1" artType="Lei" pubDate="25/08/2022" artClass="00002:00000:00000:00000:00000:00000:00000:00000:00000:00000:00038:00003" artCategory="Atos do Poder Legislativo" artSize="12" artNotes="" numberPage="5" pdfPage="http://pesquisa.in.gov.br/imprensa/jsp/visualiza/index.jsp?data=25/08/2022&amp;jornal=515&amp;pagina=5" editionNumber="162" highlightType="" highlightPriority="" highlight="" highlightimage="" highlightimagename="" idMateria="14837432">
  <body>
    <Identifica><![CDATA[ LEI Nº 14.439, DE 24 DE AGOSTO DE 2022]]></Identifica>
    <Data><![CDATA[]]></Data>
    <Ementa><![CDATA[ Altera a Lei nº 11.438, de 29 de dezembro de 2006, para aumentar os limites para dedução dos valores destinados a projetos desportivos e paradesportivos do imposto de renda e para aumentar a relação de proponentes dos projetos, e a Lei nº 9.532, de 10 de dezembro de 1997, para permitir que as doações e patrocínios a projeto desportivo ou paradesportivo destinado a promover a inclusão social por meio do esporte, preferencialmente em comunidades em situação de vulnerabilidade social, partilhem os limites de dedução das doações a projetos culturais.]]></Ementa>
    <Titulo />
    <SubTitulo />
    <Texto><![CDATA[<p class="identifica">LEI Nº 14.439, DE 24 DE AGOSTO DE 2022</p><p class="ementa">Altera a Lei nº 11.438, de 29 de dezembro de 2006, para aumentar os limites para dedução dos valores destinados a projetos desportivos e paradesportivos do imposto de renda e para aumentar a relação de proponentes dos projetos, e a Lei nº 9.532, de 10 de dezembro de 1997, para permitir que as doações e patrocínios a projeto desportivo ou paradesportivo destinado a promover a inclusão social por meio do esporte, preferencialmente em comunidades em situação de vulnerabilidade social, partilhem os limites de dedução das doações a projetos culturais.</p><p><strong>O P R E S I D E N T E D A R E P Ú B L I C A</strong></p><p>Faço saber que o Congresso Nacional decreta e eu sanciono a seguinte Lei:</p><p>Art. 1º A Lei nº 11.438, de 29 de dezembro de 2006, passa a vigorar com as seguintes alterações:</p><p>"Art. 1º A partir do ano-calendário de 2007, até o ano-calendário de 2027, inclusive, poderão ser deduzidos do imposto de renda devido, apurado na Declaração de Ajuste Anual pelas pessoas físicas ou em cada período de apuração, trimestral ou anual, pela pessoa jurídica tributada com base no lucro real, os valores despendidos a título de patrocínio ou doação no apoio direto a projetos desportivos e paradesportivos previamente aprovados pelo Ministério da Cidadania.</p><p>§ 1º .................................................................................................................</p><p>I - relativamente à pessoa jurídica, a 2% (dois por cento) do imposto devido, observado o disposto no § 4º do art. 3º da Lei nº 9.249, de 26 de dezembro de 1995, em cada período de apuração;</p><p>II - relativamente à pessoa física, a 7% (sete por cento) do imposto devido na Declaração de Ajuste Anual, conjuntamente com as deduções a que se referem os incisos I, II e III do art. 12 da Lei nº 9.250, de 26 de dezembro de 1995.</p><p>....................................................................................................................................</p><p>§ 6º O limite previsto no inciso I do § 1º deste artigo será de 4% (quatro por cento) quando o projeto desportivo ou paradesportivo for destinado a promover a inclusão social por meio do esporte, preferencialmente em comunidades em situação de vulnerabilidade social, nos termos do § 1º do art. 2º desta Lei, conjuntamente com as deduções a que se referem o art. 26 da Lei nº 8.313, de 23 de dezembro de 1991, e o art. 1º da Lei nº 8.685, de 20 de julho de 1993.</p><p>§ 7º (VETADO)." (NR)</p><p>"Art. 3º ............................................................................................................</p><p>...................................................................................................................................</p><p>V - proponente: a pessoa jurídica de direito público, de direito privado com fins não econômicos, de natureza esportiva, bem como as instituições de ensino fundamental, médio e superior, que tenham projeto aprovado nos termos desta Lei." (NR)</p><p>"Art. 13-A. O valor máximo das deduções de que trata o art. 1º desta Lei será fixado anualmente em ato do Poder Executivo, com base em um percentual da renda tributável das pessoas físicas e do imposto sobre a renda devido por pessoas jurídicas.</p><p>........................................................................................................................" (NR)</p><p>Art. 2º O inciso II do art. 6º da Lei nº 9.532, de 10 de dezembro de 1997, passa a vigorar com a seguinte redação:</p><p>"Art. 6º ............................................................................................................</p><p>....................................................................................................................................</p><p>II - o art. 26 da Lei nº 8.313, de 23 de dezembro de 1991, o art. 1º da Lei nº 8.685, de 20 de julho de 1993, e o § 6º do art. 1º da Lei nº 11.438, de 29 de dezembro de 2006, não poderá exceder a 4% (quatro por cento) do imposto de renda devido." (NR)</p><p>Art. 3º O Poder Executivo federal, com vistas ao cumprimento do disposto no inciso II do<strong>caput</strong>do art. 5º e no art. 14 da Lei Complementar nº 101, de 4 de maio de 2000 (Lei de Responsabilidade Fiscal), estimará o montante da renúncia fiscal decorrente do disposto nesta Lei e o incluirá no demonstrativo a que se refere o § 6º do art. 165 da Constituição Federal que acompanhar o projeto de lei orçamentária anual (LOA) e fará constar das propostas orçamentárias subsequentes os valores relativos à renúncia, observado o limite estabelecido na lei orçamentária anual e no ato previsto no art. 13-A da Lei nº 11.438, de 29 de dezembro de 2006.</p><p>Parágrafo único. Os benefícios fiscais previstos nesta Lei somente serão concedidos se atendido o disposto no<strong>caput</strong>deste artigo, inclusive com a demonstração pelo Poder Executivo federal de que a renúncia foi considerada na estimativa de receita da lei orçamentária anual, na forma do art. 12 da Lei Complementar nº 101, de 4 de maio de 2000 (Lei de Responsabilidade Fiscal), e de que não afetará as metas de resultados fiscais previstas no anexo próprio da lei de diretrizes orçamentárias.</p><p>Art. 4º Esta Lei entra em vigor na data de sua publicação e produzirá efeitos a partir de 1º de janeiro do ano-calendário subsequente ao de sua publicação.</p><p>Brasília, 24 de agosto de 2022; 201º da Independência e 134º da República.</p><p class="assinaPr">JAIR MESSIAS BOLSONARO</p><p class="assina">Paulo Guedes</p><p class="assina">Ronaldo Vieira Bento</p><p class="assina">Cristiane Rodrigues Britto</p>]]></Texto>
  </body>
  <Midias />
</article></xml>