﻿<xml><article id="27700609" name="ATO Despacho NA 273" idOficio="7354386" pubName="DO1" artType="Despacho" pubDate="25/08/2022" artClass="00012:00012:00298:00000:00000:00000:00000:00000:00000:00000:00024:00000" artCategory="Ministério das Comunicações/Secretaria de Radiodifusão/Departamento de Outorga e Pós Outorga" artSize="12" artNotes="" numberPage="22" pdfPage="http://pesquisa.in.gov.br/imprensa/jsp/visualiza/index.jsp?data=25/08/2022&amp;jornal=515&amp;pagina=22" editionNumber="162" highlightType="" highlightPriority="" highlight="" highlightimage="" highlightimagename="" idMateria="14834770">
  <body>
    <Identifica><![CDATA[ Despacho Nº 273, DE 24 DE AGOSTO DE 2022]]></Identifica>
    <Data><![CDATA[]]></Data>
    <Ementa />
    <Titulo />
    <SubTitulo />
    <Texto><![CDATA[<p class="identifica">Despacho Nº 273, DE 24 DE AGOSTO DE 2022</p><p>O DIRETOR DE OUTORGA E PÓS-OUTORGA, da Secretaria de Radiodifusão do Ministério das Comunicações, no uso da atribuição, tendo em vista o disposto no artigo 10, § 2º, do Decreto nº 5.820, de 29 de junho de 2006, com a redação dada pelo Decreto nº 8.061, de 29 de julho de 2013, e no artigo 2º da Portaria MCTIC nº 2.992, de 26 de maio de 2017,e considerando o que consta no Processo nº 53115.026441/2021-43, invocando as razões constantes da Nota Técnica nº 11113/2022/SEI-MCOM, resolve homologar o desligamento do sinal e a respectiva devolução do canal analógico 23 (vinte e três) à União, a partir de 21 de setembro de 2021, outorgado a RBS TV SANTA CRUZ LTDA., inscrita no CNPJ sob o nº 90.705.690/0001-77, Fistel nº 50400303043, autorizatária do serviço de retransmissão de televisão, em caráter primário, na localidade de Roca Sales/RS. A programação concebida pela referida entidade, doravante, será transmitida, apenas, no canal digital 23 (vinte e três), consignado por intermédio da Portaria nº 941, de 08/06/2012, publicada no Diário Oficial da União em 11/07/2012.</p><p class="assina">William Ivo Koshevnikoff Zambelli</p>]]></Texto>
  </body>
  <Midias />
</article></xml>