﻿<xml><article id="27698547" name="893" idOficio="7353907" pubName="DO1" artType="Portaria" pubDate="25/08/2022" artClass="00015:00050:00032:00008:00000:00000:00000:00000:00000:00000:00054:00001" artCategory="Ministério da Economia/Superintendência de Seguros Privados/Diretoria Técnica 1/Coordenação-Geral de Regimes Especiais, Autorizações e Julgamentos" artSize="12" artNotes="" numberPage="215" pdfPage="http://pesquisa.in.gov.br/imprensa/jsp/visualiza/index.jsp?data=25/08/2022&amp;jornal=515&amp;pagina=215" editionNumber="162" highlightType="" highlightPriority="" highlight="" highlightimage="" highlightimagename="" idMateria="14834189">
  <body>
    <Identifica><![CDATA[ PORTARIA CGRAJ/SUSEP Nº 893, DE 19 de AGOSTO DE 2022]]></Identifica>
    <Data><![CDATA[]]></Data>
    <Ementa />
    <Titulo />
    <SubTitulo />
    <Texto><![CDATA[<p class="identifica">PORTARIA CGRAJ/SUSEP Nº 893, DE 19 de AGOSTO DE 2022</p><p>O COORDENADOR-GERAL DE REGIMES ESPECIAIS, AUTORIZAÇÕES E JULGAMENTOS DA SUPERINTENDÊNCIA DE SEGUROS PRIVADOS - SUSEP, no uso da competência delegada pela Superintendente da Susep, por meio da Portaria nº 7.861, de 22 de setembro de 2021, tendo em vista o disposto no §2º do art. 2º e no inciso II do art. 4º da Lei Complementar nº 126, de 15 de janeiro de 2007, no inciso V do art. 5º, no §4º do art. 30 e no art. 44 da Resolução CNSP nº 422, de 11 de novembro de 2021, e considerando o que consta do processo Susep nº 15414.617623/2022-45, resolve:</p><p>Art.1º Homologar a nomeação do Sr. FERNANDO BORGES PORELO, CPF nº ***.597.558-**, como representante de AMERICAN HOME ASSURANCE COMPANY, com sede em Nova Iorque - EUA, conforme deliberado pelos sócios de AMERICAN HOME ASSURANCE COMPANY ESCRITÓRIO DE REPRESENTAÇÃO NO BRASIL LTDA., CNPJ nº 04.527.585/0001- 53, com sede na cidade de São Paulo - SP, na reunião de sócios realizadas em 30 de junho de 2022.</p><p>Art. 2º Esta portaria entra em vigor na data de sua publicação.</p><p class="assina">CARLOS AUGUSTO PINTO FILHO</p><p></p>]]></Texto>
  </body>
  <Midias />
</article></xml>