﻿<xml><article id="27716797" name="PORTARIA GPR 1501_1" idOficio="7356080" pubName="DO1" artType="Portaria" pubDate="25/08/2022" artClass="00047:00039:00002:00000:00000:00000:00000:00000:00000:00000:00054:00000" artCategory="Poder Judiciário/Tribunal de Justiça do Distrito Federal e dos Territórios/Presidência" artSize="12" artNotes="" numberPage="296" pdfPage="http://pesquisa.in.gov.br/imprensa/jsp/visualiza/index.jsp?data=25/08/2022&amp;jornal=515&amp;pagina=296" editionNumber="162" highlightType="" highlightPriority="" highlight="" highlightimage="" highlightimagename="" idMateria="14837413">
  <body>
    <Identifica><![CDATA[ PORTARIA GPR Nº 1.501, DE 24 DE AGOSTO DE 2022]]></Identifica>
    <Data><![CDATA[]]></Data>
    <Ementa><![CDATA[ Destina os Cargos em Comissão CJ-01 decorrentes da Resolução 7 de 17 de maio de 2022 e distribuídos conforme Portaria GPR 1467 de 22 de agosto de 2022. ]]></Ementa>
    <Titulo />
    <SubTitulo />
    <Texto><![CDATA[<p class="identifica">PORTARIA GPR Nº 1.501, DE 24 DE AGOSTO DE 2022</p><p class="ementa">Destina os Cargos em Comissão CJ-01 decorrentes da Resolução 7 de 17 de maio de 2022 e distribuídos conforme Portaria GPR 1467 de 22 de agosto de 2022.</p><p>O PRESIDENTE DO TRIBUNAL DE JUSTIÇA DO DISTRITO FEDERAL E DOS TERRITÓRIOS, no uso de sua competência legal, com fundamento do parágrafo único do artigo 24 da Lei n. 11.416 de 15 de dezembro de 2006, publicada no Diário Oficial da União, Seção 1, de 19 de dezembro de 2006, e tendo em vista distribuição do quantitativo de cargos em comissão decorrentes da Resolução 7 de 17 de maio de 2022, conforme Portaria GPR 1467 de 22 de agosto de 2022, bem como em razão do contido no Processo SEI 0009870/2022, resolve:</p><p>Art. 1º Destinar os quantitativos de Cargos em Comissão, Nível CJ-01, constantes dos Grupos Cartórios Judiciais, Juizado Especial, Gabinete de Desembargador, Gabinete de Juiz Substituto de 2º Grau e Gabinete de Juiz de Turma Recursal, conforme Anexo I da Portaria GPR 1467 de 22 de agosto de 2022, nos termos dos quadros abaixo:</p><p /><p></p><table><tr /><tr><td rowspan="1" colspan="4"><p>Grupo Cartórios Judiciais</p></td></tr><tr><td rowspan="1" colspan="1"><p>Item</p></td><td rowspan="1" colspan="1"><p>Sequencial CJ</p></td><td rowspan="1" colspan="1"><p>Nível e descrição CJ</p></td><td rowspan="1" colspan="1"><p>Localização da CJ</p></td></tr><tr><td rowspan="1" colspan="1"><p>1</p></td><td rowspan="1" colspan="1"><p>6634</p></td><td rowspan="1" colspan="1"><p>CJ-01 de Assessor</p></td><td rowspan="1" colspan="1"><p>1ª Vara Cível da Circunscrição Judiciária de Águas Claras</p></td></tr><tr><td rowspan="1" colspan="1"><p>2</p></td><td rowspan="1" colspan="1"><p>6635</p></td><td rowspan="1" colspan="1"><p>CJ-01 de Assessor</p></td><td rowspan="1" colspan="1"><p>2ª Vara Cível da Circunscrição Judiciária de Águas Claras</p></td></tr><tr><td rowspan="1" colspan="1"><p>3</p></td><td rowspan="1" colspan="1"><p>6636</p></td><td rowspan="1" colspan="1"><p>CJ-01 de Assessor</p></td><td rowspan="1" colspan="1"><p>3ª Vara Cível da Circunscrição Judiciária de Águas Claras</p></td></tr><tr><td rowspan="1" colspan="1"><p>4</p></td><td rowspan="1" colspan="1"><p>6637</p></td><td rowspan="1" colspan="1"><p>CJ-01, de Assessor</p></td><td rowspan="1" colspan="1"><p>1ª Vara de Família e de Órfãos e Sucessões da Circunscrição Judiciária de Águas Claras</p></td></tr><tr><td rowspan="1" colspan="1"><p>5</p></td><td rowspan="1" colspan="1"><p>6638</p></td><td rowspan="1" colspan="1"><p>CJ-01 de Assessor</p></td><td rowspan="1" colspan="1"><p>2ª Vara de Família e de Órfãos e Sucessões da Circunscrição Judiciária de Águas Claras</p></td></tr><tr><td rowspan="1" colspan="1"><p>6</p></td><td rowspan="1" colspan="1"><p>6639</p></td><td rowspan="1" colspan="1"><p>CJ-01 de Assessor</p></td><td rowspan="1" colspan="1"><p>1ª Vara Criminal e Tribunal do Júri da Circunscrição Judiciária de Águas Claras</p></td></tr><tr><td rowspan="1" colspan="1"><p>7</p></td><td rowspan="1" colspan="1"><p>6640</p></td><td rowspan="1" colspan="1"><p>CJ-01 de Assessor</p></td><td rowspan="1" colspan="1"><p>2ª Vara Criminal da Circunscrição Judiciária de Águas Claras</p></td></tr><tr><td rowspan="1" colspan="1"><p>8</p></td><td rowspan="1" colspan="1"><p>6641</p></td><td rowspan="1" colspan="1"><p>CJ-01 de Assessor</p></td><td rowspan="1" colspan="1"><p>1ª Vara Cível da Circunscrição Judiciária de Brasília</p></td></tr><tr><td rowspan="1" colspan="1"><p>9</p></td><td rowspan="1" colspan="1"><p>6642</p></td><td rowspan="1" colspan="1"><p>CJ-01 de Assessor</p></td><td rowspan="1" colspan="1"><p>2ª Vara Cível da Circunscrição Judiciária de Brasília</p></td></tr><tr><td rowspan="1" colspan="1"><p>10</p></td><td rowspan="1" colspan="1"><p>6643</p></td><td rowspan="1" colspan="1"><p>CJ-01 de Assessor</p></td><td rowspan="1" colspan="1"><p>3ª Vara Cível da Circunscrição Judiciária de Brasília</p></td></tr><tr><td rowspan="1" colspan="1"><p>11</p></td><td rowspan="1" colspan="1"><p>6644</p></td><td rowspan="1" colspan="1"><p>CJ-01 de Assessor</p></td><td rowspan="1" colspan="1"><p>4ª Vara Cível da Circunscrição Judiciária de Brasília</p></td></tr><tr><td rowspan="1" colspan="1"><p>12</p></td><td rowspan="1" colspan="1"><p>6645</p></td><td rowspan="1" colspan="1"><p>CJ-01 de Assessor</p></td><td rowspan="1" colspan="1"><p>5ª Vara Cível da Circunscrição Judiciária de Brasília</p></td></tr><tr><td rowspan="1" colspan="1"><p>13</p></td><td rowspan="1" colspan="1"><p>6646</p></td><td rowspan="1" colspan="1"><p>CJ-01 de Assessor</p></td><td rowspan="1" colspan="1"><p>6ª Vara Cível da Circunscrição Judiciária de Brasília</p></td></tr><tr><td rowspan="1" colspan="1"><p>14</p></td><td rowspan="1" colspan="1"><p>6647</p></td><td rowspan="1" colspan="1"><p>CJ-01 de Assessor</p></td><td rowspan="1" colspan="1"><p>7ª Vara Cível da Circunscrição Judiciária de Brasília</p></td></tr><tr><td rowspan="1" colspan="1"><p>15</p></td><td rowspan="1" colspan="1"><p>6648</p></td><td rowspan="1" colspan="1"><p>CJ-01 de Assessor</p></td><td rowspan="1" colspan="1"><p>8ª Vara Cível da Circunscrição Judiciária de Brasília</p></td></tr><tr><td rowspan="1" colspan="1"><p>16</p></td><td rowspan="1" colspan="1"><p>6649</p></td><td rowspan="1" colspan="1"><p>CJ-01 de Assessor</p></td><td rowspan="1" colspan="1"><p>9ª Vara Cível da Circunscrição Judiciária de Brasília</p></td></tr><tr><td rowspan="1" colspan="1"><p>17</p></td><td rowspan="1" colspan="1"><p>6650</p></td><td rowspan="1" colspan="1"><p>CJ-01 de Assessor</p></td><td rowspan="1" colspan="1"><p>10ª Vara Cível da Circunscrição Judiciária de Brasília</p></td></tr><tr><td rowspan="1" colspan="1"><p>18</p></td><td rowspan="1" colspan="1"><p>6651</p></td><td rowspan="1" colspan="1"><p>CJ-01 de Assessor</p></td><td rowspan="1" colspan="1"><p>11ª Vara Cível da Circunscrição Judiciária de Brasília</p></td></tr><tr><td rowspan="1" colspan="1"><p>19</p></td><td rowspan="1" colspan="1"><p>6652</p></td><td rowspan="1" colspan="1"><p>CJ-01 de Assessor</p></td><td rowspan="1" colspan="1"><p>12ª Vara Cível da Circunscrição Judiciária de Brasília</p></td></tr><tr><td rowspan="1" colspan="1"><p>20</p></td><td rowspan="1" colspan="1"><p>6653</p></td><td rowspan="1" colspan="1"><p>CJ-01 de Assessor</p></td><td rowspan="1" colspan="1"><p>13ª Vara Cível da Circunscrição Judiciária de Brasília</p></td></tr><tr><td rowspan="1" colspan="1"><p>21</p></td><td rowspan="1" colspan="1"><p>6654</p></td><td rowspan="1" colspan="1"><p>CJ-01 de Assessor</p></td><td rowspan="1" colspan="1"><p>14ª Vara Cível Circunscrição Judiciária de Brasília</p></td></tr><tr><td rowspan="1" colspan="1"><p>22</p></td><td rowspan="1" colspan="1"><p>6655</p></td><td rowspan="1" colspan="1"><p>CJ-01 de Assessor</p></td><td rowspan="1" colspan="1"><p>15ª Vara Cível Circunscrição Judiciária de Brasília</p></td></tr><tr><td rowspan="1" colspan="1"><p>23</p></td><td rowspan="1" colspan="1"><p>6656</p></td><td rowspan="1" colspan="1"><p>CJ-01 de Assessor</p></td><td rowspan="1" colspan="1"><p>16ª Vara Cível Circunscrição Judiciária de Brasília</p></td></tr><tr><td rowspan="1" colspan="1"><p>24</p></td><td rowspan="1" colspan="1"><p>6657</p></td><td rowspan="1" colspan="1"><p>CJ-01 de Assessor</p></td><td rowspan="1" colspan="1"><p>17ª Vara Cível da Circunscrição Judiciária de Brasília</p></td></tr><tr><td rowspan="1" colspan="1"><p>25</p></td><td rowspan="1" colspan="1"><p>6658</p></td><td rowspan="1" colspan="1"><p>CJ-01 de Assessor</p></td><td rowspan="1" colspan="1"><p>18ª Vara Cível da Circunscrição Judiciária de Brasília</p></td></tr><tr><td rowspan="1" colspan="1"><p>26</p></td><td rowspan="1" colspan="1"><p>6659</p></td><td rowspan="1" colspan="1"><p>CJ-01 de Assessor</p></td><td rowspan="1" colspan="1"><p>19ª Vara Cível da Circunscrição Judiciária de Brasília</p></td></tr><tr><td rowspan="1" colspan="1"><p>27</p></td><td rowspan="1" colspan="1"><p>6660</p></td><td rowspan="1" colspan="1"><p>CJ-01 de Assessor</p></td><td rowspan="1" colspan="1"><p>20ª Vara Cível da Circunscrição Judiciária de Brasília</p></td></tr><tr><td rowspan="1" colspan="1"><p>28</p></td><td rowspan="1" colspan="1"><p>6661</p></td><td rowspan="1" colspan="1"><p>CJ-01 de Assessor</p></td><td rowspan="1" colspan="1"><p>21ª Vara Cível da Circunscrição Judiciária de Brasília</p></td></tr><tr><td rowspan="1" colspan="1"><p>29</p></td><td rowspan="1" colspan="1"><p>6662</p></td><td rowspan="1" colspan="1"><p>CJ-01 de Assessor</p></td><td rowspan="1" colspan="1"><p>22ª Vara Cível da Circunscrição Judiciária de Brasília</p></td></tr><tr><td rowspan="1" colspan="1"><p>30</p></td><td rowspan="1" colspan="1"><p>6663</p></td><td rowspan="1" colspan="1"><p>CJ-01 de Assessor</p></td><td rowspan="1" colspan="1"><p>23ª Vara Cível da Circunscrição Judiciária de Brasília</p></td></tr><tr><td rowspan="1" colspan="1"><p>31</p></td><td rowspan="1" colspan="1"><p>6664</p></td><td rowspan="1" colspan="1"><p>CJ-01 de Assessor</p></td><td rowspan="1" colspan="1"><p>24ª Vara Cível da Circunscrição Judiciária de Brasília</p></td></tr><tr><td rowspan="1" colspan="1"><p>32</p></td><td rowspan="1" colspan="1"><p>6665</p></td><td rowspan="1" colspan="1"><p>CJ-01 de Assessor</p></td><td rowspan="1" colspan="1"><p>25ª Vara Cível da Circunscrição Judiciária de Brasília</p></td></tr><tr><td rowspan="1" colspan="1"><p>33</p></td><td rowspan="1" colspan="1"><p>6666</p></td><td rowspan="1" colspan="1"><p>CJ-01 de Assessor</p></td><td rowspan="1" colspan="1"><p>1ª Vara de Família da Circunscrição Judiciária de Brasília</p></td></tr><tr><td rowspan="1" colspan="1"><p>34</p></td><td rowspan="1" colspan="1"><p>6667</p></td><td rowspan="1" colspan="1"><p>CJ-01 de Assessor</p></td><td rowspan="1" colspan="1"><p>2ª Vara de Família da Circunscrição Judiciária de Brasília</p></td></tr><tr><td rowspan="1" colspan="1"><p>35</p></td><td rowspan="1" colspan="1"><p>6668</p></td><td rowspan="1" colspan="1"><p>CJ-01 de Assessor</p></td><td rowspan="1" colspan="1"><p>3ª Vara de Família da Circunscrição Judiciária de Brasília</p></td></tr><tr><td rowspan="1" colspan="1"><p>36</p></td><td rowspan="1" colspan="1"><p>6669</p></td><td rowspan="1" colspan="1"><p>CJ-01 de Assessor</p></td><td rowspan="1" colspan="1"><p>4ª Vara de Família da Circunscrição Judiciária de Brasília</p></td></tr><tr><td rowspan="1" colspan="1"><p>37</p></td><td rowspan="1" colspan="1"><p>6670</p></td><td rowspan="1" colspan="1"><p>CJ-01 de Assessor</p></td><td rowspan="1" colspan="1"><p>5ª Vara de Família da Circunscrição Judiciária de Brasília</p></td></tr><tr><td rowspan="1" colspan="1"><p>38</p></td><td rowspan="1" colspan="1"><p>6671</p></td><td rowspan="1" colspan="1"><p>CJ-01 de Assessor</p></td><td rowspan="1" colspan="1"><p>6ª Vara de Família da Circunscrição Judiciária de Brasília</p></td></tr><tr><td rowspan="1" colspan="1"><p>39</p></td><td rowspan="1" colspan="1"><p>6672</p></td><td rowspan="1" colspan="1"><p>CJ-01 de Assessor</p></td><td rowspan="1" colspan="1"><p>1ª Vara de Órfãos e Sucessões da Circunscrição Judiciária de Brasília</p></td></tr><tr><td rowspan="1" colspan="1"><p>40</p></td><td rowspan="1" colspan="1"><p>6673</p></td><td rowspan="1" colspan="1"><p>CJ-01 de Assessor</p></td><td rowspan="1" colspan="1"><p>2ª Vara de Órfãos e Sucessões da Circunscrição Judiciária de Brasília</p></td></tr><tr><td rowspan="1" colspan="1"><p>41</p></td><td rowspan="1" colspan="1"><p>6674</p></td><td rowspan="1" colspan="1"><p>CJ-01 de Assessor</p></td><td rowspan="1" colspan="1"><p>3ª Vara de Órfãos e Sucessões da Circunscrição Judiciária de Brasília</p></td></tr><tr><td rowspan="1" colspan="1"><p>42</p></td><td rowspan="1" colspan="1"><p>6675</p></td><td rowspan="1" colspan="1"><p>CJ-01 de Assessor</p></td><td rowspan="1" colspan="1"><p>Tribunal do Júri da Circunscrição Judiciária de Brasília</p></td></tr><tr><td rowspan="1" colspan="1"><p>43</p></td><td rowspan="1" colspan="1"><p>6676</p></td><td rowspan="1" colspan="1"><p>CJ-01 de Assessor</p></td><td rowspan="1" colspan="1"><p>1ª Vara Criminal da Circunscrição Judiciária de Brasília</p></td></tr><tr><td rowspan="1" colspan="1"><p>44</p></td><td rowspan="1" colspan="1"><p>6677</p></td><td rowspan="1" colspan="1"><p>CJ-01 de Assessor</p></td><td rowspan="1" colspan="1"><p>2ª Vara Criminal da Circunscrição Judiciária de Brasília</p></td></tr><tr><td rowspan="1" colspan="1"><p>45</p></td><td rowspan="1" colspan="1"><p>6678</p></td><td rowspan="1" colspan="1"><p>CJ-01 de Assessor</p></td><td rowspan="1" colspan="1"><p>3ª Vara Criminal da Circunscrição Judiciária de Brasília</p></td></tr><tr><td rowspan="1" colspan="1"><p>46</p></td><td rowspan="1" colspan="1"><p>6679</p></td><td rowspan="1" colspan="1"><p>CJ-01 de Assessor</p></td><td rowspan="1" colspan="1"><p>4ª Vara Criminal da Circunscrição Judiciária de Brasília</p></td></tr><tr><td rowspan="1" colspan="1"><p>47</p></td><td rowspan="1" colspan="1"><p>6680</p></td><td rowspan="1" colspan="1"><p>CJ-01 de Assessor</p></td><td rowspan="1" colspan="1"><p>5ª Vara Criminal da Circunscrição Judiciária de Brasília</p></td></tr><tr><td rowspan="1" colspan="1"><p>48</p></td><td rowspan="1" colspan="1"><p>6681</p></td><td rowspan="1" colspan="1"><p>CJ-01 de Assessor</p></td><td rowspan="1" colspan="1"><p>6ª Vara Criminal da Circunscrição Judiciária de Brasília</p></td></tr><tr><td rowspan="1" colspan="1"><p>49</p></td><td rowspan="1" colspan="1"><p>6682</p></td><td rowspan="1" colspan="1"><p>CJ-01 de Assessor</p></td><td rowspan="1" colspan="1"><p>7ª Vara Criminal da Circunscrição Judiciária de Brasília</p></td></tr><tr><td rowspan="1" colspan="1"><p>50</p></td><td rowspan="1" colspan="1"><p>6683</p></td><td rowspan="1" colspan="1"><p>CJ-01 de Assessor</p></td><td rowspan="1" colspan="1"><p>8ª Vara Criminal da Circunscrição Judiciária de Brasília</p></td></tr><tr><td rowspan="1" colspan="1"><p>51</p></td><td rowspan="1" colspan="1"><p>6684</p></td><td rowspan="1" colspan="1"><p>CJ-01 de Assessor</p></td><td rowspan="1" colspan="1"><p>1ª Vara de Execução de Títulos Extrajudiciais e Conflitos Arbitrais da Circunscrição Judiciária de Brasília</p></td></tr><tr><td rowspan="1" colspan="1"><p>52</p></td><td rowspan="1" colspan="1"><p>6685</p></td><td rowspan="1" colspan="1"><p>CJ-01 de Assessor</p></td><td rowspan="1" colspan="1"><p>2ª Vara de Execução de Títulos Extrajudiciais e Conflitos Arbitrais da Circunscrição Judiciária de Brasília</p></td></tr><tr><td rowspan="1" colspan="1"><p>53</p></td><td rowspan="1" colspan="1"><p>6686</p></td><td rowspan="1" colspan="1"><p>CJ-01 de Assessor</p></td><td rowspan="1" colspan="1"><p>3ª Vara de Execução de Títulos Extrajudiciais e Conflitos Arbitrais de Brasília</p></td></tr><tr><td rowspan="1" colspan="1"><p>54</p></td><td rowspan="1" colspan="1"><p>6687</p></td><td rowspan="1" colspan="1"><p>CJ-01 de Assessor</p></td><td rowspan="1" colspan="1"><p>1ª Vara Cível, de Família e de Órfãos e Sucessões da Circunscrição Judiciária de Brazlândia</p></td></tr><tr><td rowspan="1" colspan="1"><p>55</p></td><td rowspan="1" colspan="1"><p>6688</p></td><td rowspan="1" colspan="1"><p>CJ-01 de Assessor</p></td><td rowspan="1" colspan="1"><p>2ª Vara Cível, de Família e de Órfãos e Sucessões da Circunscrição Judiciária de Brazlândia</p></td></tr><tr><td rowspan="1" colspan="1"><p>56</p></td><td rowspan="1" colspan="1"><p>6689</p></td><td rowspan="1" colspan="1"><p>CJ-01 de Assessor</p></td><td rowspan="1" colspan="1"><p>Vara Criminal e Tribunal do Júri da Circunscrição Judiciária de Brazlândia</p></td></tr><tr><td rowspan="1" colspan="1"><p>57</p></td><td rowspan="1" colspan="1"><p>6690</p></td><td rowspan="1" colspan="1"><p>CJ-01 de Assessor</p></td><td rowspan="1" colspan="1"><p>1ª Vara Cível da Circunscrição Judiciária de Ceilândia</p></td></tr><tr><td rowspan="1" colspan="1"><p>58</p></td><td rowspan="1" colspan="1"><p>6691</p></td><td rowspan="1" colspan="1"><p>CJ-01 de Assessor</p></td><td rowspan="1" colspan="1"><p>2ª Vara Cível da Circunscrição Judiciária de Ceilândia</p></td></tr><tr><td rowspan="1" colspan="1"><p>59</p></td><td rowspan="1" colspan="1"><p>6692</p></td><td rowspan="1" colspan="1"><p>CJ-01 de Assessor</p></td><td rowspan="1" colspan="1"><p>3ª Vara Cível da Circunscrição Judiciária de Ceilândia</p></td></tr><tr><td rowspan="1" colspan="1"><p>60</p></td><td rowspan="1" colspan="1"><p>6693</p></td><td rowspan="1" colspan="1"><p>CJ-01 de Assessor</p></td><td rowspan="1" colspan="1"><p>1ª Vara de Família e de Órfãos e Sucessões da Circunscrição Judiciária de Ceilândia</p></td></tr><tr><td rowspan="1" colspan="1"><p>61</p></td><td rowspan="1" colspan="1"><p>6694</p></td><td rowspan="1" colspan="1"><p>CJ-01 de Assessor</p></td><td rowspan="1" colspan="1"><p>2ª Vara de Família e de Órfãos e Sucessões da Circunscrição Judiciária de Ceilândia</p></td></tr><tr><td rowspan="1" colspan="1"><p>62</p></td><td rowspan="1" colspan="1"><p>6695</p></td><td rowspan="1" colspan="1"><p>CJ-01 de Assessor</p></td><td rowspan="1" colspan="1"><p>3ª Vara de Família e de Órfãos e Sucessões da Circunscrição Judiciária de Ceilândia</p></td></tr><tr><td rowspan="1" colspan="1"><p>63</p></td><td rowspan="1" colspan="1"><p>6696</p></td><td rowspan="1" colspan="1"><p>CJ-01 de Assessor</p></td><td rowspan="1" colspan="1"><p>4ª Vara de Família e de Órfãos e Sucessões da Circunscrição Judiciária de Ceilândia</p></td></tr><tr><td rowspan="1" colspan="1"><p>64</p></td><td rowspan="1" colspan="1"><p>6697</p></td><td rowspan="1" colspan="1"><p>CJ-01 de Assessor</p></td><td rowspan="1" colspan="1"><p>1ª Vara Criminal da Circunscrição Judiciária de Ceilândia</p></td></tr><tr><td rowspan="1" colspan="1"><p>65</p></td><td rowspan="1" colspan="1"><p>6698</p></td><td rowspan="1" colspan="1"><p>CJ-01 de Assessor</p></td><td rowspan="1" colspan="1"><p>2ª Vara Criminal da Circunscrição Judiciária de Ceilândia</p></td></tr><tr><td rowspan="1" colspan="1"><p>66</p></td><td rowspan="1" colspan="1"><p>6699</p></td><td rowspan="1" colspan="1"><p>CJ-01 de Assessor</p></td><td rowspan="1" colspan="1"><p>3ª Vara Criminal da Circunscrição Judiciária de Ceilândia</p></td></tr><tr><td rowspan="1" colspan="1"><p>67</p></td><td rowspan="1" colspan="1"><p>6700</p></td><td rowspan="1" colspan="1"><p>CJ-01 de Assessor</p></td><td rowspan="1" colspan="1"><p>4ª Vara Criminal da Circunscrição Judiciária de Ceilândia</p></td></tr><tr><td rowspan="1" colspan="1"><p>68</p></td><td rowspan="1" colspan="1"><p>6701</p></td><td rowspan="1" colspan="1"><p>CJ-01 de Assessor</p></td><td rowspan="1" colspan="1"><p>Tribunal do Júri da Circunscrição Judiciária de Ceilândia</p></td></tr><tr><td rowspan="1" colspan="1"><p>69</p></td><td rowspan="1" colspan="1"><p>6702</p></td><td rowspan="1" colspan="1"><p>CJ-01 de Assessor</p></td><td rowspan="1" colspan="1"><p>1ª Vara da Fazenda Pública do Distrito Federal</p></td></tr><tr><td rowspan="1" colspan="1"><p>70</p></td><td rowspan="1" colspan="1"><p>6703</p></td><td rowspan="1" colspan="1"><p>CJ-01 de Assessor</p></td><td rowspan="1" colspan="1"><p>2ª Vara da Fazenda Pública do Distrito Federal</p></td></tr><tr><td rowspan="1" colspan="1"><p>71</p></td><td rowspan="1" colspan="1"><p>6704</p></td><td rowspan="1" colspan="1"><p>CJ-01 de Assessor</p></td><td rowspan="1" colspan="1"><p>3ª Vara da Fazenda Pública do Distrito Federal</p></td></tr><tr><td rowspan="1" colspan="1"><p>72</p></td><td rowspan="1" colspan="1"><p>6705</p></td><td rowspan="1" colspan="1"><p>CJ-01 de Assessor</p></td><td rowspan="1" colspan="1"><p>4ª Vara da Fazenda Pública do Distrito Federal</p></td></tr><tr><td rowspan="1" colspan="1"><p>73</p></td><td rowspan="1" colspan="1"><p>6706</p></td><td rowspan="1" colspan="1"><p>CJ-01 de Assessor</p></td><td rowspan="1" colspan="1"><p>5ª Vara da Fazenda Pública e Saúde Pública do Distrito Federal</p></td></tr><tr><td rowspan="1" colspan="1"><p>74</p></td><td rowspan="1" colspan="1"><p>6707</p></td><td rowspan="1" colspan="1"><p>CJ-01 de Assessor</p></td><td rowspan="1" colspan="1"><p>6ª Vara da Fazenda Pública do Distrito Federal</p></td></tr><tr><td rowspan="1" colspan="1"><p>75</p></td><td rowspan="1" colspan="1"><p>6708</p></td><td rowspan="1" colspan="1"><p>CJ-01 de Assessor</p></td><td rowspan="1" colspan="1"><p>7ª Vara da Fazenda Pública do Distrito Federal</p></td></tr><tr><td rowspan="1" colspan="1"><p>76</p></td><td rowspan="1" colspan="1"><p>6709</p></td><td rowspan="1" colspan="1"><p>CJ-01 de Assessor</p></td><td rowspan="1" colspan="1"><p>8ª Vara da Fazenda Pública do Distrito Federal</p></td></tr><tr><td rowspan="1" colspan="1"><p>77</p></td><td rowspan="1" colspan="1"><p>6710</p></td><td rowspan="1" colspan="1"><p>CJ-01 de Assessor</p></td><td rowspan="1" colspan="1"><p>Vara de Execuções Penais do Distrito Federal</p></td></tr><tr><td rowspan="1" colspan="1"><p>78</p></td><td rowspan="1" colspan="1"><p>6711</p></td><td rowspan="1" colspan="1"><p>CJ-01 de Assessor</p></td><td rowspan="1" colspan="1"><p>Vara de Execuções das Penas e Medidas Alternativas do Distrito Federal</p></td></tr><tr><td rowspan="1" colspan="1"><p>79</p></td><td rowspan="1" colspan="1"><p>6712</p></td><td rowspan="1" colspan="1"><p>CJ-01 de Assessor</p></td><td rowspan="1" colspan="1"><p>Vara de Falências, Recuperações Judiciais, Insolvência Civil e Litígios Empresariais do Distrito Federal</p></td></tr><tr><td rowspan="1" colspan="1"><p>80</p></td><td rowspan="1" colspan="1"><p>6713</p></td><td rowspan="1" colspan="1"><p>CJ-01 de Assessor</p></td><td rowspan="1" colspan="1"><p>Vara de Registros Públicos do Distrito Federal</p></td></tr><tr><td rowspan="1" colspan="1"><p>81</p></td><td rowspan="1" colspan="1"><p>6714</p></td><td rowspan="1" colspan="1"><p>CJ-01 de Assessor</p></td><td rowspan="1" colspan="1"><p>Vara de Precatórias do Distrito Federal</p></td></tr><tr><td rowspan="1" colspan="1"><p>82</p></td><td rowspan="1" colspan="1"><p>6715</p></td><td rowspan="1" colspan="1"><p>CJ-01 de Assessor</p></td><td rowspan="1" colspan="1"><p>Vara de Ações Previdenciárias do Distrito Federal</p></td></tr><tr><td rowspan="1" colspan="1"><p>83</p></td><td rowspan="1" colspan="1"><p>6716</p></td><td rowspan="1" colspan="1"><p>CJ-01 de Assessor</p></td><td rowspan="1" colspan="1"><p>1ª Vara de Entorpecentes do Distrito Federal</p></td></tr><tr><td rowspan="1" colspan="1"><p>84</p></td><td rowspan="1" colspan="1"><p>6717</p></td><td rowspan="1" colspan="1"><p>CJ-01 de Assessor</p></td><td rowspan="1" colspan="1"><p>2ª Vara de Entorpecentes do Distrito Federal</p></td></tr><tr><td rowspan="1" colspan="1"><p>85</p></td><td rowspan="1" colspan="1"><p>6718</p></td><td rowspan="1" colspan="1"><p>CJ-01 de Assessor</p></td><td rowspan="1" colspan="1"><p>3ª Vara de Entorpecentes do Distrito Federal</p></td></tr><tr><td rowspan="1" colspan="1"><p>86</p></td><td rowspan="1" colspan="1"><p>6719</p></td><td rowspan="1" colspan="1"><p>CJ-01 de Assessor</p></td><td rowspan="1" colspan="1"><p>4ª Vara de Entorpecentes do Distrito Federal</p></td></tr><tr><td rowspan="1" colspan="1"><p>87</p></td><td rowspan="1" colspan="1"><p>6720</p></td><td rowspan="1" colspan="1"><p>CJ-01 de Assessor</p></td><td rowspan="1" colspan="1"><p>5ª Vara de Entorpecentes do Distrito Federal</p></td></tr><tr><td rowspan="1" colspan="1"><p>88</p></td><td rowspan="1" colspan="1"><p>6721</p></td><td rowspan="1" colspan="1"><p>CJ-01 de Assessor</p></td><td rowspan="1" colspan="1"><p>Auditoria Militar do Distrito Federal</p></td></tr><tr><td rowspan="1" colspan="1"><p>89</p></td><td rowspan="1" colspan="1"><p>6722</p></td><td rowspan="1" colspan="1"><p>CJ-01 de Assessor</p></td><td rowspan="1" colspan="1"><p>Vara de Meio Ambiente, Desenvolvimento Urbano e Fundiário do Distrito Federal</p></td></tr><tr><td rowspan="1" colspan="1"><p>90</p></td><td rowspan="1" colspan="1"><p>6723</p></td><td rowspan="1" colspan="1"><p>CJ-01 de Assessor</p></td><td rowspan="1" colspan="1"><p>1ª Vara de Execução Fiscal do Distrito Federal</p></td></tr><tr><td rowspan="1" colspan="1"><p>91</p></td><td rowspan="1" colspan="1"><p>6724</p></td><td rowspan="1" colspan="1"><p>CJ-01 de Assessor</p></td><td rowspan="1" colspan="1"><p>2ª Vara de Execução Fiscal do Distrito Federal</p></td></tr><tr><td rowspan="1" colspan="1"><p>92</p></td><td rowspan="1" colspan="1"><p>6725</p></td><td rowspan="1" colspan="1"><p>CJ-01 de Assessor</p></td><td rowspan="1" colspan="1"><p>Vara de Execuções das Penas em Regime Aberto</p></td></tr><tr><td rowspan="1" colspan="1"><p>93</p></td><td rowspan="1" colspan="1"><p>6726</p></td><td rowspan="1" colspan="1"><p>CJ-01 de Assessor</p></td><td rowspan="1" colspan="1"><p>Vara de Execução de Medidas Socioeducativas do Distrito Federal</p></td></tr><tr><td rowspan="1" colspan="1"><p>94</p></td><td rowspan="1" colspan="1"><p>6727</p></td><td rowspan="1" colspan="1"><p>CJ-01 de Assessor</p></td><td rowspan="1" colspan="1"><p>Vara da Infância e da Juventude do Distrito Federal</p></td></tr><tr><td rowspan="1" colspan="1"><p>95</p></td><td rowspan="1" colspan="1"><p>6728</p></td><td rowspan="1" colspan="1"><p>CJ-01 de Assessor</p></td><td rowspan="1" colspan="1"><p>Vara Regional de Atos Infracionais da Infância e da Juventude do Distrito Federal</p></td></tr><tr><td rowspan="1" colspan="1"><p>96</p></td><td rowspan="1" colspan="1"><p>6729</p></td><td rowspan="1" colspan="1"><p>CJ-01 de Assessor</p></td><td rowspan="1" colspan="1"><p>1ª Vara Cível da Circunscrição Judiciária do Gama</p></td></tr><tr><td rowspan="1" colspan="1"><p>97</p></td><td rowspan="1" colspan="1"><p>6730</p></td><td rowspan="1" colspan="1"><p>CJ-01 de Assessor</p></td><td rowspan="1" colspan="1"><p>2ª Vara Cível da Circunscrição Judiciária do Gama</p></td></tr><tr><td rowspan="1" colspan="1"><p>98</p></td><td rowspan="1" colspan="1"><p>6731</p></td><td rowspan="1" colspan="1"><p>CJ-01 de Assessor</p></td><td rowspan="1" colspan="1"><p>1ª Vara de Família e de Órfãos e Sucessões da Circunscrição Judiciária do Gama</p></td></tr><tr><td rowspan="1" colspan="1"><p>99</p></td><td rowspan="1" colspan="1"><p>6732</p></td><td rowspan="1" colspan="1"><p>CJ-01 de Assessor</p></td><td rowspan="1" colspan="1"><p>2ª Vara de Família e de Órfãos e Sucessões da Circunscrição Judiciária do Gama</p></td></tr><tr><td rowspan="1" colspan="1"><p>100</p></td><td rowspan="1" colspan="1"><p>6733</p></td><td rowspan="1" colspan="1"><p>CJ-01 de Assessor</p></td><td rowspan="1" colspan="1"><p>1ª Vara Criminal da Circunscrição Judiciária do Gama</p></td></tr><tr><td rowspan="1" colspan="1"><p>101</p></td><td rowspan="1" colspan="1"><p>6734</p></td><td rowspan="1" colspan="1"><p>CJ-01 de Assessor</p></td><td rowspan="1" colspan="1"><p>2ª Vara Criminal da Circunscrição Judiciária do Gama</p></td></tr><tr><td rowspan="1" colspan="1"><p>102</p></td><td rowspan="1" colspan="1"><p>6735</p></td><td rowspan="1" colspan="1"><p>CJ-01 de Assessor</p></td><td rowspan="1" colspan="1"><p>Tribunal do Júri e Vara dos delitos de Trânsito da Circunscrição Judiciária do Gama</p></td></tr><tr><td rowspan="1" colspan="1"><p>103</p></td><td rowspan="1" colspan="1"><p>6736</p></td><td rowspan="1" colspan="1"><p>CJ-01 de Assessor</p></td><td rowspan="1" colspan="1"><p>Vara de Família e de Órfãos e Sucessões da Circunscrição Judiciária do Guará</p></td></tr><tr><td rowspan="1" colspan="1"><p>104</p></td><td rowspan="1" colspan="1"><p>6737</p></td><td rowspan="1" colspan="1"><p>CJ-01 de Assessor</p></td><td rowspan="1" colspan="1"><p>Vara Cível da Circunscrição Judiciária do Guará</p></td></tr><tr><td rowspan="1" colspan="1"><p>105</p></td><td rowspan="1" colspan="1"><p>6738</p></td><td rowspan="1" colspan="1"><p>CJ-01 de Assessor</p></td><td rowspan="1" colspan="1"><p>Vara Criminal e do Tribunal do Júri da Circunscrição Judiciária do Guará</p></td></tr><tr><td rowspan="1" colspan="1"><p>106</p></td><td rowspan="1" colspan="1"><p>6739</p></td><td rowspan="1" colspan="1"><p>CJ-01 de Assessor</p></td><td rowspan="1" colspan="1"><p>Vara Cível, de Família e de Órfãos e Sucessões da Circunscrição Judiciária do Itapoã</p></td></tr><tr><td rowspan="1" colspan="1"><p>107</p></td><td rowspan="1" colspan="1"><p>6740</p></td><td rowspan="1" colspan="1"><p>CJ-01 de Assessor</p></td><td rowspan="1" colspan="1"><p>Vara Criminal da Circunscrição Judiciária do Itapoã</p></td></tr><tr><td rowspan="1" colspan="1"><p>108</p></td><td rowspan="1" colspan="1"><p>6741</p></td><td rowspan="1" colspan="1"><p>CJ-01 de Assessor</p></td><td rowspan="1" colspan="1"><p>Vara Criminal e Tribunal do Júri da Circunscrição Judiciária do Núcleo Bandeirante</p></td></tr><tr><td rowspan="1" colspan="1"><p>109</p></td><td rowspan="1" colspan="1"><p>6742</p></td><td rowspan="1" colspan="1"><p>CJ-01 de Assessor</p></td><td rowspan="1" colspan="1"><p>Vara Cível, de Família e de Órfãos e Sucessões da Circunscrição Judiciária do Núcleo Bandeirante</p></td></tr><tr><td rowspan="1" colspan="1"><p>110</p></td><td rowspan="1" colspan="1"><p>6743</p></td><td rowspan="1" colspan="1"><p>CJ-01 de Assessor</p></td><td rowspan="1" colspan="1"><p>Vara Cível da Circunscrição Judiciária do Paranoá</p></td></tr><tr><td rowspan="1" colspan="1"><p>111</p></td><td rowspan="1" colspan="1"><p>6744</p></td><td rowspan="1" colspan="1"><p>CJ-01 de Assessor</p></td><td rowspan="1" colspan="1"><p>Vara de Família e de Órfãos e Sucessões da Circunscrição Judiciária do Paranoá</p></td></tr><tr><td rowspan="1" colspan="1"><p>112</p></td><td rowspan="1" colspan="1"><p>6745</p></td><td rowspan="1" colspan="1"><p>CJ-01 de Assessor</p></td><td rowspan="1" colspan="1"><p>Tribunal do Júri da Circunscrição Judiciária do Paranoá</p></td></tr><tr><td rowspan="1" colspan="1"><p>113</p></td><td rowspan="1" colspan="1"><p>6746</p></td><td rowspan="1" colspan="1"><p>CJ-01 de Assessor</p></td><td rowspan="1" colspan="1"><p>Vara Criminal da Circunscrição Judiciária do Paranoá</p></td></tr><tr><td rowspan="1" colspan="1"><p>114</p></td><td rowspan="1" colspan="1"><p>6747</p></td><td rowspan="1" colspan="1"><p>CJ-01 de Assessor</p></td><td rowspan="1" colspan="1"><p>Vara Cível da Circunscrição Judiciária de Planaltina</p></td></tr><tr><td rowspan="1" colspan="1"><p>115</p></td><td rowspan="1" colspan="1"><p>6748</p></td><td rowspan="1" colspan="1"><p>CJ-01 de Assessor</p></td><td rowspan="1" colspan="1"><p>1ª Vara de Família e de Órfãos e Sucessões da Circunscrição Judiciária de Planaltina</p></td></tr><tr><td rowspan="1" colspan="1"><p>116</p></td><td rowspan="1" colspan="1"><p>6749</p></td><td rowspan="1" colspan="1"><p>CJ-01 de Assessor</p></td><td rowspan="1" colspan="1"><p>2ª Vara de Família e de Órfãos e Sucessões da Circunscrição Judiciária de Planaltina</p></td></tr><tr><td rowspan="1" colspan="1"><p>117</p></td><td rowspan="1" colspan="1"><p>6750</p></td><td rowspan="1" colspan="1"><p>CJ-01 de Assessor</p></td><td rowspan="1" colspan="1"><p>Tribunal do Júri da Circunscrição Judiciária de Planaltina</p></td></tr><tr><td rowspan="1" colspan="1"><p>118</p></td><td rowspan="1" colspan="1"><p>6751</p></td><td rowspan="1" colspan="1"><p>CJ-01 de Assessor</p></td><td rowspan="1" colspan="1"><p>Vara Cível da Circunscrição Judiciária do Riacho Fundo</p></td></tr><tr><td rowspan="1" colspan="1"><p>119</p></td><td rowspan="1" colspan="1"><p>6752</p></td><td rowspan="1" colspan="1"><p>CJ-01 de Assessor</p></td><td rowspan="1" colspan="1"><p>Vara de Família e de Órfãos e Sucessões da Circunscrição Judiciária do Riacho Fundo</p></td></tr><tr><td rowspan="1" colspan="1"><p>120</p></td><td rowspan="1" colspan="1"><p>6753</p></td><td rowspan="1" colspan="1"><p>CJ-01 de Assessor</p></td><td rowspan="1" colspan="1"><p>Vara Criminal e Tribunal do Júri da Circunscrição Judiciária do Riacho Fundo</p></td></tr><tr><td rowspan="1" colspan="1"><p>121</p></td><td rowspan="1" colspan="1"><p>6754</p></td><td rowspan="1" colspan="1"><p>CJ-01 de Assessor</p></td><td rowspan="1" colspan="1"><p>1ª Vara Cível da Circunscrição Judiciária de Samambaia</p></td></tr><tr><td rowspan="1" colspan="1"><p>122</p></td><td rowspan="1" colspan="1"><p>6755</p></td><td rowspan="1" colspan="1"><p>CJ-01 de Assessor</p></td><td rowspan="1" colspan="1"><p>2ª Vara Cível da Circunscrição Judiciária de Samambaia</p></td></tr><tr><td rowspan="1" colspan="1"><p>123</p></td><td rowspan="1" colspan="1"><p>6756</p></td><td rowspan="1" colspan="1"><p>CJ-01 de Assessor</p></td><td rowspan="1" colspan="1"><p>1ª Vara de Família e de Órfãos e Sucessões da Circunscrição Judiciária de Samambaia</p></td></tr><tr><td rowspan="1" colspan="1"><p>124</p></td><td rowspan="1" colspan="1"><p>6757</p></td><td rowspan="1" colspan="1"><p>CJ-01 de Assessor</p></td><td rowspan="1" colspan="1"><p>2ª Vara de Família e de Órfãos e Sucessões da Circunscrição Judiciária de Samambaia</p></td></tr><tr><td rowspan="1" colspan="1"><p>125</p></td><td rowspan="1" colspan="1"><p>6758</p></td><td rowspan="1" colspan="1"><p>CJ-01 de Assessor</p></td><td rowspan="1" colspan="1"><p>1ª Vara Criminal da Circunscrição Judiciária de Samambaia</p></td></tr><tr><td rowspan="1" colspan="1"><p>126</p></td><td rowspan="1" colspan="1"><p>6759</p></td><td rowspan="1" colspan="1"><p>CJ-01 de Assessor</p></td><td rowspan="1" colspan="1"><p>2ª Vara Criminal da Circunscrição Judiciária de Samambaia</p></td></tr><tr><td rowspan="1" colspan="1"><p>127</p></td><td rowspan="1" colspan="1"><p>6760</p></td><td rowspan="1" colspan="1"><p>CJ-01 de Assessor</p></td><td rowspan="1" colspan="1"><p>Tribunal do Júri da Circunscrição Judiciária de Samambaia</p></td></tr><tr><td rowspan="1" colspan="1"><p>128</p></td><td rowspan="1" colspan="1"><p>6761</p></td><td rowspan="1" colspan="1"><p>CJ-01 de Assessor</p></td><td rowspan="1" colspan="1"><p>1ª Vara Cível, de Família e de Órfãos e Sucessões da Circunscrição Judiciária de Santa Maria</p></td></tr><tr><td rowspan="1" colspan="1"><p>129</p></td><td rowspan="1" colspan="1"><p>6762</p></td><td rowspan="1" colspan="1"><p>CJ-01 de Assessor</p></td><td rowspan="1" colspan="1"><p>2ª Vara Cível, de Família e de Órfãos e Sucessões da Circunscrição Judiciária de Santa Maria</p></td></tr><tr><td rowspan="1" colspan="1"><p>130</p></td><td rowspan="1" colspan="1"><p>6763</p></td><td rowspan="1" colspan="1"><p>CJ-01 de Assessor</p></td><td rowspan="1" colspan="1"><p>1ª Vara Criminal e Tribunal do Júri da Circunscrição Judiciária de Santa Maria</p></td></tr><tr><td rowspan="1" colspan="1"><p>131</p></td><td rowspan="1" colspan="1"><p>6764</p></td><td rowspan="1" colspan="1"><p>CJ-01 de Assessor</p></td><td rowspan="1" colspan="1"><p>2ª Vara Criminal da Circunscrição Judiciária de Santa Maria</p></td></tr><tr><td rowspan="1" colspan="1"><p>132</p></td><td rowspan="1" colspan="1"><p>6765</p></td><td rowspan="1" colspan="1"><p>CJ-01 de Assessor</p></td><td rowspan="1" colspan="1"><p>Vara Criminal e Tribunal do Júri da Circunscrição Judiciária de São Sebastião</p></td></tr><tr><td rowspan="1" colspan="1"><p>133</p></td><td rowspan="1" colspan="1"><p>6766</p></td><td rowspan="1" colspan="1"><p>CJ-01 de Assessor</p></td><td rowspan="1" colspan="1"><p>1ª Vara Cível, de Família e de Órfãos e Sucessões da Circunscrição Judiciária de São Sebastião</p></td></tr><tr><td rowspan="1" colspan="1"><p>134</p></td><td rowspan="1" colspan="1"><p>6767</p></td><td rowspan="1" colspan="1"><p>CJ-01 de Assessor</p></td><td rowspan="1" colspan="1"><p>2ª Vara Cível, de Família e de Órfãos e Sucessões da Circunscrição Judiciária de São Sebastião</p></td></tr><tr><td rowspan="1" colspan="1"><p>135</p></td><td rowspan="1" colspan="1"><p>6768</p></td><td rowspan="1" colspan="1"><p>CJ-01 de Assessor</p></td><td rowspan="1" colspan="1"><p>1ª Vara Cível da Circunscrição Judiciária de Sobradinho</p></td></tr><tr><td rowspan="1" colspan="1"><p>136</p></td><td rowspan="1" colspan="1"><p>6769</p></td><td rowspan="1" colspan="1"><p>CJ-01 de Assessor</p></td><td rowspan="1" colspan="1"><p>2ª Vara Cível da Circunscrição Judiciária de Sobradinho</p></td></tr><tr><td rowspan="1" colspan="1"><p>137</p></td><td rowspan="1" colspan="1"><p>6770</p></td><td rowspan="1" colspan="1"><p>CJ-01 de Assessor</p></td><td rowspan="1" colspan="1"><p>Tribunal do Júri e Vara de delitos de Trânsito da Circunscrição Judiciária de Sobradinho</p></td></tr><tr><td rowspan="1" colspan="1"><p>138</p></td><td rowspan="1" colspan="1"><p>6771</p></td><td rowspan="1" colspan="1"><p>CJ-01 de Assessor</p></td><td rowspan="1" colspan="1"><p>1ª Vara de Família e de Órfãos e Sucessões da Circunscrição Judiciária de Sobradinho</p></td></tr><tr><td rowspan="1" colspan="1"><p>139</p></td><td rowspan="1" colspan="1"><p>6772</p></td><td rowspan="1" colspan="1"><p>CJ-01 de Assessor</p></td><td rowspan="1" colspan="1"><p>2ª Vara de Família e de Órfãos e Sucessões da Circunscrição Judiciária de Sobradinho</p></td></tr><tr><td rowspan="1" colspan="1"><p>140</p></td><td rowspan="1" colspan="1"><p>6773</p></td><td rowspan="1" colspan="1"><p>CJ-01 de Assessor</p></td><td rowspan="1" colspan="1"><p>Vara Criminal da Circunscrição Judiciária de Sobradinho</p></td></tr><tr><td rowspan="1" colspan="1"><p>141</p></td><td rowspan="1" colspan="1"><p>6774</p></td><td rowspan="1" colspan="1"><p>CJ-01 de Assessor</p></td><td rowspan="1" colspan="1"><p>1ª Vara Cível da Circunscrição Judiciária de Taguatinga</p></td></tr><tr><td rowspan="1" colspan="1"><p>142</p></td><td rowspan="1" colspan="1"><p>6775</p></td><td rowspan="1" colspan="1"><p>CJ-01 de Assessor</p></td><td rowspan="1" colspan="1"><p>2ª Vara Cível da Circunscrição Judiciária de Taguatinga</p></td></tr><tr><td rowspan="1" colspan="1"><p>143</p></td><td rowspan="1" colspan="1"><p>6776</p></td><td rowspan="1" colspan="1"><p>CJ-01 de Assessor</p></td><td rowspan="1" colspan="1"><p>3ª Vara Cível da Circunscrição Judiciária de Taguatinga</p></td></tr><tr><td rowspan="1" colspan="1"><p>144</p></td><td rowspan="1" colspan="1"><p>6777</p></td><td rowspan="1" colspan="1"><p>CJ-01 de Assessor</p></td><td rowspan="1" colspan="1"><p>4ª Vara Cível da Circunscrição Judiciária de Taguatinga</p></td></tr><tr><td rowspan="1" colspan="1"><p>145</p></td><td rowspan="1" colspan="1"><p>6778</p></td><td rowspan="1" colspan="1"><p>CJ-01 de Assessor</p></td><td rowspan="1" colspan="1"><p>1ª Vara de Família e de Órfãos e Sucessões da Circunscrição Judiciária de Taguatinga</p></td></tr><tr><td rowspan="1" colspan="1"><p>146</p></td><td rowspan="1" colspan="1"><p>6779</p></td><td rowspan="1" colspan="1"><p>CJ-01 de Assessor</p></td><td rowspan="1" colspan="1"><p>2ª Vara de Família e de Órfãos e Sucessões da Circunscrição Judiciária de Taguatinga</p></td></tr><tr><td rowspan="1" colspan="1"><p>147</p></td><td rowspan="1" colspan="1"><p>6780</p></td><td rowspan="1" colspan="1"><p>CJ-01 de Assessor</p></td><td rowspan="1" colspan="1"><p>3ª Vara de Família e de Órfãos e Sucessões da Circunscrição Judiciária de Taguatinga</p></td></tr><tr><td rowspan="1" colspan="1"><p>148</p></td><td rowspan="1" colspan="1"><p>6781</p></td><td rowspan="1" colspan="1"><p>CJ-01 de Assessor</p></td><td rowspan="1" colspan="1"><p>Tribunal do Júri da Circunscrição Judiciária de Taguatinga</p></td></tr><tr><td rowspan="1" colspan="1"><p>149</p></td><td rowspan="1" colspan="1"><p>6782</p></td><td rowspan="1" colspan="1"><p>CJ-01 de Assessor</p></td><td rowspan="1" colspan="1"><p>1ª Vara Criminal da Circunscrição Judiciária de Taguatinga</p></td></tr><tr><td rowspan="1" colspan="1"><p>150</p></td><td rowspan="1" colspan="1"><p>6783</p></td><td rowspan="1" colspan="1"><p>CJ-01 de Assessor</p></td><td rowspan="1" colspan="1"><p>2ª Vara Criminal da Circunscrição Judiciária de Taguatinga</p></td></tr><tr><td rowspan="1" colspan="1"><p>151</p></td><td rowspan="1" colspan="1"><p>6784</p></td><td rowspan="1" colspan="1"><p>CJ-01 de Assessor</p></td><td rowspan="1" colspan="1"><p>3ª Vara Criminal da Circunscrição Judiciária de Taguatinga</p></td></tr><tr><td rowspan="1" colspan="1"><p>152</p></td><td rowspan="1" colspan="1"><p>6785</p></td><td rowspan="1" colspan="1"><p>CJ-01 de Assessor</p></td><td rowspan="1" colspan="1"><p>Vara de Execução de Títulos extrajudiciais e Conflitos Arbitrais da Circunscrição Judiciária de Taguatinga</p></td></tr><tr><td rowspan="1" colspan="1"><p>153</p></td><td rowspan="1" colspan="1"><p>6786</p></td><td rowspan="1" colspan="1"><p>CJ-01 de Assessor</p></td><td rowspan="1" colspan="1"><p>Vara Cível, de Família e de Órfãos e Sucessões da Circunscrição Judiciária do Recanto das Emas</p></td></tr><tr><td rowspan="1" colspan="1"><p>154</p></td><td rowspan="1" colspan="1"><p>6787</p></td><td rowspan="1" colspan="1"><p>CJ-01 de Assessor</p></td><td rowspan="1" colspan="1"><p>Vara Criminal e Tribunal do Júri da Circunscrição Judiciária do Recanto das Emas</p></td></tr></table>]]></Texto>
  </body>
  <Midias />
</article></xml>