﻿<xml><article id="27701435" name="ADE8SOROCABA128" idOficio="7354532" pubName="DO1" artType="Ato Declaratório" pubDate="25/08/2022" artClass="00015:00045:00432:00100:00025:00000:00000:00000:00000:00000:00007:00002" artCategory="Ministério da Economia/Secretaria Especial da Receita Federal do Brasil/Subsecretaria-Geral da Receita Federal do Brasil/Superintendência Regional da 8ª Região Fiscal/Delegacia da Receita Federal do Brasil em Sorocaba" artSize="12" artNotes="" numberPage="212" pdfPage="http://pesquisa.in.gov.br/imprensa/jsp/visualiza/index.jsp?data=25/08/2022&amp;jornal=515&amp;pagina=212" editionNumber="162" highlightType="" highlightPriority="" highlight="" highlightimage="" highlightimagename="" idMateria="14835027">
  <body>
    <Identifica><![CDATA[ ATO DECLARATÓRIO EXECUTIVO BENFIS/EBEN/DEVAT/SRRF08ª/RFB Nº 128, DE 24 DE AGOSTO DE 2022]]></Identifica>
    <Data><![CDATA[]]></Data>
    <Ementa><![CDATA[ Habilita ao Regime Especial de Incentivos para o Desenvolvimento da Infra-Estrutura (REIDI)]]></Ementa>
    <Titulo />
    <SubTitulo />
    <Texto><![CDATA[<p class="identifica">ATO DECLARATÓRIO EXECUTIVO BENFIS/EBEN/DEVAT/SRRF08ª/RFB Nº 128, DE 24 DE AGOSTO DE 2022</p><p class="ementa">Habilita ao Regime Especial de Incentivos para o Desenvolvimento da Infra-Estrutura (REIDI)</p><p>O AUDITOR-FISCAL DA RECEITA FEDERAL DO BRASIL, considerando o disposto na Lei nº 11.488, de 15 de junho de 2007, no Decreto nº 6.144, de 3 de julho de 2007, na Instrução Normativa RFB nº 758, de 25 de julho de 2007, na Portaria SRRF08 n° 452, de 10 de junho de 2020, na Portaria DRF/SOR nº 19, de 15 de junho 2020 e no processo administrativo nº 13032.374920/2022-50, declara:</p><p>Art. 1º Habilitada ao Regime Especial de Incentivos para o Desenvolvimento da Infraestrutura (REIDI) a pessoa jurídica BIOENERGIA UNIVALEM LTDA., inscrita no cadastro CNPJ sob o nº 18.753.150/0001-31.</p><p>Art. 2º A referida habilitação é específica ao Projeto de ampliação em 35.000 kW da Capacidade Instalada da Central Geradora Termelétrica denominada UTE Univalem Bioenergia, cadastrada com o Código Único do Empreendimento de Geração - CEG: UTE.AI.SP.030264-3.01, aprovado pela Portaria MME nº 148, de 03/04/2020, destinada ao setor de energia, sendo prazo estimado de execução da obra de 31/03/2022 a 31/12/2024. Matrícula CEI nº 90.009.85185/76.</p><p>Art. 3º No período de 5 (cinco) anos contados da data de publicação deste Ato Declaratório Executivo, a pessoa jurídica identificada no art. 1º poderá adquirir, locar e importar bens e adquirir e importar serviços com suspensão da Contribuição para o PIS/PASEP e da COFINS, para incorporação ou utilização em obra de infraestrutura vinculada ao projeto identificado no art. 2°.</p><p>Art. 4º Este Ato Declaratório Executivo entra em vigor na data de sua publicação no Diário Oficial da União.</p><p class="assina">CARLOS RENAN FERREIRA RIBEIRO</p>]]></Texto>
  </body>
  <Midias />
</article></xml>