﻿<xml><article id="27703660" name="resolucao_2772_2022 COAFE" idOficio="7354933" pubName="DO1" artType="Resolução" pubDate="25/08/2022" artClass="00026:00034:00016:00006:00002:00000:00000:00000:00000:00000:00064:32772" artCategory="Ministério da Saúde/Agência Nacional de Vigilância Sanitária/4ª Diretoria/Gerência-Geral de Inspeção e Fiscalização Sanitária/Coordenação de Autorização de Funcionamento de Empresas" artSize="12" artNotes="" numberPage="271" pdfPage="http://pesquisa.in.gov.br/imprensa/jsp/visualiza/index.jsp?data=25/08/2022&amp;jornal=515&amp;pagina=271" editionNumber="162" highlightType="" highlightPriority="" highlight="" highlightimage="" highlightimagename="" idMateria="14835549">
  <body>
    <Identifica><![CDATA[ RESOLUÇÃO-RE Nº 2.772, DE 24 DE AGOSTO DE 2022]]></Identifica>
    <Data><![CDATA[]]></Data>
    <Ementa />
    <Titulo />
    <SubTitulo />
    <Texto><![CDATA[<p class="identifica">RESOLUÇÃO-RE Nº 2.772, DE 24 DE AGOSTO DE 2022</p><p>O Coordenador de Autorização de Funcionamento de Empresas, no uso das atribuições que lhe confere o art. 144, aliado ao art. 203, I, §1° do Regimento Interno aprovado pela Resolução de Diretoria Colegiada - RDC n° 585, de 10 de dezembro de 2021, resolve:</p><p>Art. 1º. Indeferir o Pedido de Autorização Especial para Empresas de Medicamentos e Insumos Farmacêuticos, constantes no anexo desta Resolução, de acordo com a Portaria n°. 344, de 12 de maio de 1998 e suas atualizações, observando-se as proibições e restrições estabelecidas.</p><p>Art. 2º Esta Resolução entra em vigor na data de sua publicação.</p><p class="assina">DANIEL MARCOS PEREIRA DOURADO</p><p class="anexo">ANEXO</p><p>JNTL CONSUMER HEALTH (BRAZIL) LTDA. / 45.694.447/0006-50</p><p>25351.280158/2022-18 /</p><p>704 - AE - CONCESSÃO - MEDICAMENTOS E INSUMOS FARMACÊUTICOS - DISTRIBUIDORA DO PRODUTO SUJEITO A CONTROLE ESPECIAL / 4518760221</p><p>MOTIVO DO INDEFERIMENTO:</p><p>O documento apresentado, emitido pela autoridade sanitária local competente, não atesta o cumprimento dos requisitos técnicos para as atividades e classes pleiteadas, conforme disposto no artigo 15 e artigo 18 da RDC nº 16/2014. O Relatório não menciona a classe de medicamentos controlados.</p><p>IMPERIO PHARMA MEDICAMENTOS LTDA. / 43.595.813/0001-84</p><p>25351.284180/2022-37 /</p><p>704 - AE - CONCESSÃO - MEDICAMENTOS E INSUMOS FARMACÊUTICOS - DISTRIBUIDORA DO PRODUTO SUJEITO A CONTROLE ESPECIAL / 4525895225</p><p>MOTIVO DO INDEFERIMENTO:</p><p>Não apresentação do Relatório de Inspeção descrevendo a capacidade da empresa para executar a atividade de relacionada a substâncias sujeitas ao controle especial, emitidos pela autoridade sanitária local competente, conforme disposto no artigo 15, § 4º e artigo 18 da RDC nº 16/2014.</p><p>MRN COMÉRCIO E SERVIÇOS DE LOCAÇÃO DE MÁQUINAS E EQUIPAMENTOS LTDA - ME / 12.934.157/0003-35</p><p>25351.265275/2022-51 /</p><p>705 - AE - CONCESSÃO - FARMÁCIA DE MANIPULAÇÃO / 4507439229</p><p>MOTIVO DO INDEFERIMENTO:</p><p>Não apresentação da declaração assinada do Anexo I da RDC nº 275/2019, contrariando o art. 11 da RDC nº 275/2019.</p><p>TOP RIO COMERCIO MATERIAL MEDICO HOSPITALAR LTDA / 47.271.491/0001-79</p><p>25351.295658/2022-54 /</p><p>704 - AE - CONCESSÃO - MEDICAMENTOS E INSUMOS FARMACÊUTICOS - DISTRIBUIDORA DO PRODUTO SUJEITO A CONTROLE ESPECIAL / 4545999221</p><p>MOTIVO DO INDEFERIMENTO:</p><p>Não apresentação de Relatório de Inspeção que ateste o cumprimento dos requisitos técnicos para as atividades e classes pleiteadas, emitido pela autoridade sanitária local competente, conforme disposto no artigo 15 e artigo 18 da RDC nº 16/2014. O documento anexado não pertence à empresa.</p><p>DANILO GUERA LEAL 04782962908 / 34.829.521/0001-78</p><p>25351.215007/2022-99 /</p><p>705 - AE - CONCESSÃO - FARMÁCIA DE MANIPULAÇÃO / 4454576222</p><p>MOTIVO DO INDEFERIMENTO:</p><p>Não apresentação da declaração assinada do Anexo I da RDC nº 275/2019, contrariando o art. 11 da RDC nº 275/2019. Adicionalmente, a AFE da empresa não contempla a dispensação de medicamentos sujeitos a controle especial.</p>]]></Texto>
  </body>
  <Midias />
</article></xml>