﻿<xml><article id="27698532" name="894" idOficio="7353907" pubName="DO1" artType="Portaria" pubDate="25/08/2022" artClass="00015:00050:00032:00008:00000:00000:00000:00000:00000:00000:00054:00002" artCategory="Ministério da Economia/Superintendência de Seguros Privados/Diretoria Técnica 1/Coordenação-Geral de Regimes Especiais, Autorizações e Julgamentos" artSize="12" artNotes="" numberPage="215" pdfPage="http://pesquisa.in.gov.br/imprensa/jsp/visualiza/index.jsp?data=25/08/2022&amp;jornal=515&amp;pagina=215" editionNumber="162" highlightType="" highlightPriority="" highlight="" highlightimage="" highlightimagename="" idMateria="14834190">
  <body>
    <Identifica><![CDATA[ PORTARIA CGRAJ/SUSEP Nº 894, DE 19 de AGOSTO DE 2022]]></Identifica>
    <Data><![CDATA[]]></Data>
    <Ementa />
    <Titulo />
    <SubTitulo />
    <Texto><![CDATA[<p class="identifica">PORTARIA CGRAJ/SUSEP Nº 894, DE 19 de AGOSTO DE 2022</p><p>O COORDENADOR-GERAL DE REGIMES ESPECIAIS, AUTORIZAÇÕES E JULGAMENTOS DA SUPERINTENDÊNCIA DE SEGUROS PRIVADOS - SUSEP, no uso da competência subdelegada pelo Superintendente da Susep, por meio da Portaria nº 7.861, de 22 de setembro de 2021, tendo em vista o disposto na alínea 'a' do artigo 36 do Decreto-Lei nº 73, de 21 de novembro de 1966, e o que consta do processo Susep nº 15414.605644/2022-18, resolve:</p><p>Art.1º Homologar as seguintes deliberações tomadas pelos acionistas de HDI SEGUROS S.A., CNPJ nº 29.980.158/0001-57, com sede na cidade de São Paulo - SP, na assembleia geral extraordinária realizada em 18 de março de 2022:</p><p>I - aumento do capital social em R$ 151.470.000,00, elevando-o para R$ 906.512.682,84, dividido em 73.876 ações ordinárias, nominativas e sem valor nominal; e</p><p>II - reforma e consolidação do estatuto social.</p><p>Art. 2º Esta portaria entra em vigor na data de sua publicação.</p><p class="assina">CARLOS AUGUSTO PINTO FILHO</p><p></p>]]></Texto>
  </body>
  <Midias />
</article></xml>