﻿<xml><article id="27706767" name="aresto_1520_2022 CPROC GGREC" idOficio="7355503" pubName="DO1" artType="Aresto" pubDate="25/08/2022" artClass="00026:00034:00001:00015:00000:00000:00000:00000:00000:00000:00079:51520" artCategory="Ministério da Saúde/Agência Nacional de Vigilância Sanitária/Gabinete do Diretor-Presidente/Gerência-Geral de Recursos" artSize="12" artNotes="" numberPage="268" pdfPage="http://pesquisa.in.gov.br/imprensa/jsp/visualiza/index.jsp?data=25/08/2022&amp;jornal=515&amp;pagina=268" editionNumber="162" highlightType="" highlightPriority="" highlight="" highlightimage="" highlightimagename="" idMateria="14836511">
  <body>
    <Identifica><![CDATA[ ARESTO Nº 1.520, DE 24 DE AGOSTO DE 2022]]></Identifica>
    <Data><![CDATA[]]></Data>
    <Ementa />
    <Titulo />
    <SubTitulo />
    <Texto><![CDATA[<p class="identifica">ARESTO Nº 1.520, DE 24 DE AGOSTO DE 2022</p><p>O Gerente-Geral de Recursos, da Agência Nacional de Vigilância Sanitária, em Sessão de Julgamento Ordinária - SJO n° 24 realizada no dia 24 de agosto de 2022, com fundamento no art. 64 da Lei n.º 9.784, de 29 de janeiro de 1999, aliado ao disposto no art. 56, inciso I, do Regimento Interno aprovado pela Resolução da Diretoria Colegiada - RDC nº 585, de 10 de dezembro de 2021, e em conformidade com o art. 22 da Resolução da Diretoria Colegiada - RDC nº 266, de 8 de fevereiro de 2019, decidiu sobre os recursos a seguir especificados, conforme anexo.</p><p class="assina">MARCELO MARIO MATOS MOREIRA</p><p class="cargo">GERENTE-GERAL</p><p class="anexo">ANEXO</p><p>Recorrente: ATIVUS FARMACÊUTICA LTDA.</p><p>CNPJ: 64.088.172/0001-41</p><p>Número do Processo: 25351.588315/2013-19</p><p>Expediente: 0412521/14-5</p><p>Área de origem: GGMED</p><p>Decisão: A Gerência-Geral de Recursos decidiu, por unanimidade, CONHECER DO RECURSO E NEGAR-LHE PROVIMENTO, acompanhando a posição do relator descrita no Voto nº 137/2022 - CRES1/GGREC/GADIP/ANVISA.</p><p>Recorrente: TEVA FARMACÊUTICA LTDA.</p><p>CNPJ: 05.333.542/0001-08</p><p>Número do Processo: 25351.210155/2011-64</p><p>Expediente: 0917977/13-1</p><p>Área de origem: GGMED</p><p>Decisão: A Gerência-Geral de Recursos decidiu, por unanimidade, CONHECER DO RECURSO E NEGAR-LHE PROVIMENTO, acompanhando a posição do relator descrita no Voto nº 138/2022 - CRES1/GGREC/GADIP/ANVISA.</p><p>Recorrente: AUROBINDO PHARMA INDÚSTRIA FARMACÊUTICA LIMITADA</p><p>CNPJ: 04.301.884/0001-75</p><p>Número do Processo: 25351.088501/2008-16</p><p>Expediente: 0858986/13-1</p><p>Área de origem: GGMED</p><p>Decisão: A Gerência-Geral de Recursos decidiu, por unanimidade, CONHECER DO RECURSO E NEGAR-LHE PROVIMENTO, acompanhando a posição do relator descrita no Voto nº 139/2022 - CRES1/GGREC/GADIP/ANVISA.</p><p>Recorrente: LABORATÓRIO FARMACÊUTICO DO ESTADO DE PERNAMBUCO GOVERNADOR MIGUEL ARRAES S.A. - LAFEPE</p><p>CNPJ: 10.877.926/0001-13</p><p>Número do Processo: 25351.504576/2013-49</p><p>Expediente: 0430067/14-0</p><p>Área de origem: GGMED</p><p>Decisão: A Gerência-Geral de Recursos decidiu, por unanimidade, CONHECER DO RECURSO E NEGAR-LHE PROVIMENTO, acompanhando a posição do relator descrita no Voto nº 136/2022 - CRES1/GGREC/GADIP/ANVISA.</p><p>Recorrente: WE FLORIPA SERVIÇOS DE TRANSPORTES LTDA.</p><p>CNPJ: 42.067.254/0001-77</p><p>Número do Processo: 25351.089220/2021-58</p><p>Expediente: 3740529/21-1</p><p>Área de origem: GGFIS</p><p>Decisão: A Gerência-Geral de Recursos decidiu, por unanimidade, CONHECER DO RECURSO E NEGAR-LHE PROVIMENTO, acompanhando a posição do relator descrita no Voto nº 1083/2022 - CRES2/GGREC/GADIP/ANVISA.</p><p>Recorrente: WE FLORIPA SERVIÇOS DE TRANSPORTES LTDA.</p><p>CNPJ: 42.067.254/0001-77</p><p>Número do Processo: 25351.089226/2021-25</p><p>Expediente: 3740531/21-5</p><p>Área de origem: GGFIS</p><p>Decisão: A Gerência-Geral de Recursos decidiu, por unanimidade, CONHECER DO RECURSO E NEGAR-LHE PROVIMENTO, acompanhando a posição do relator descrita no Voto nº 1084/2022 - CRES2/GGREC/GADIP/ANVISA.</p><p>Recorrente: WE FLORIPA SERVIÇOS DE TRANSPORTES LTDA.</p><p>CNPJ: 42.067.254/0001-77</p><p>Número do Processo: 25351.089227/2021-70</p><p>Expediente: 3740532/21-1</p><p>Área de origem: GGFIS</p><p>Decisão: A Gerência-Geral de Recursos decidiu, por unanimidade, CONHECER DO RECURSO E NEGAR-LHE PROVIMENTO, acompanhando a posição do relator descrita no Voto nº 1085/2022 - CRES2/GGREC/GADIP/ANVISA.</p><p>Recorrente: WE FLORIPA SERVIÇOS DE TRANSPORTES LTDA.</p><p>CNPJ: 42.067.254/0001-77</p><p>Número do Processo: 25351.089235/2021-16</p><p>Expediente: 3740533/21-8</p><p>Área de origem: GGFIS</p><p>Decisão: A Gerência-Geral de Recursos decidiu, por unanimidade, CONHECER DO RECURSO E NEGAR-LHE PROVIMENTO, acompanhando a posição do relator descrita no Voto nº 1086/2022 - CRES2/GGREC/GADIP/ANVISA.</p><p>Recorrente: F &amp; P TRANSPORTES EIRELI - EPP</p><p>CNPJ: 05.679.882/0001-87</p><p>Número do Processo: 25351.057017/2021-12</p><p>Expediente: 3749766/21-5</p><p>Área de origem: GGFIS</p><p>Decisão: A Gerência-Geral de Recursos decidiu, por unanimidade, CONHECER DO RECURSO E NEGAR-LHE PROVIMENTO, acompanhando a posição do relator descrita no Voto nº 1087/2022 - CRES2/GGREC/GADIP/ANVISA.</p><p>Recorrente: F &amp; P TRANSPORTES EIRELI - EPP</p><p>CNPJ: 05.679.882/0001-87</p><p>Número do Processo: 25351.057156/2021-46</p><p>Expediente: 3749770/21-2</p><p>Área de origem: GGFIS</p><p>Decisão: A Gerência-Geral de Recursos decidiu, por unanimidade, CONHECER DO RECURSO E NEGAR-LHE PROVIMENTO, acompanhando a posição do relator descrita no Voto nº 1088/2022 - CRES2/GGREC/GADIP/ANVISA.</p><p>Recorrente: FARMÁCIA SANTUÁRIO LTDA.</p><p>CNPJ: 16.989.820/0001-98</p><p>Número do Processo: 25351.371682/2015-78</p><p>Expediente: 3844611/21-1</p><p>Área de origem: GGFIS</p><p>Decisão: A Gerência-Geral de Recursos decidiu, por unanimidade, EXTINGUIR o recurso por PERDA DE OBJETO em razão do exaurimento de finalidade, acompanhando a posição do relator descrita no Voto nº 1089/2022- CRES2/GGREC/GADIP/ANVISA.</p><p>Recorrente: E P NETO TRANSPORTES EIRELI ME</p><p>CNPJ: 25.015.936/0001-17</p><p>Número do Processo: 25351.157806/2021-52</p><p>Expediente: 3924859/21-3</p><p>Área de origem: GGFIS</p><p>Decisão: A Gerência-Geral de Recursos decidiu, por unanimidade, CONHECER DO RECURSO E NEGAR-LHE PROVIMENTO, acompanhando a posição do relator descrita no Voto nº 1090/2022 - CRES2/GGREC/GADIP/ANVISA.</p><p>Recorrente: E P NETO TRANSPORTES EIRELI ME</p><p>CNPJ: 25.015.936/0001-17</p><p>Número do Processo: 25351.159421/2021-20</p><p>Expediente: 3924822/21-2</p><p>Área de origem: GGFIS</p><p>Decisão: A Gerência-Geral de Recursos decidiu, por unanimidade, CONHECER DO RECURSO E NEGAR-LHE PROVIMENTO, acompanhando a posição do relator descrita no Voto nº 1091/2022 - CRES2/GGREC/GADIP/ANVISA.</p><p>Recorrente: E P NETO TRANSPORTES EIRELI ME</p><p>CNPJ: 25.015.936/0001-17</p><p>Número do Processo: 25351.159500/2021-31</p><p>Expediente: 3925156/21-6</p><p>Área de origem: GGFIS</p><p>Decisão: A Gerência-Geral de Recursos decidiu, por unanimidade, CONHECER DO RECURSO E NEGAR-LHE PROVIMENTO, acompanhando a posição do relator descrita no Voto nº 1092/2022 - CRES2/GGREC/GADIP/ANVISA.</p><p>Recorrente: CARL ZEISS DO BRASIL LTDA.</p><p>CNPJ: 33.131.079/0007-34</p><p>Número do Processo: 25351.990092/2020-14</p><p>Expedientes: 3436201/20-1 e 3436759/20-4</p><p>Área de origem: GGPAF</p><p>Decisão: A Gerência-Geral de Recursos decidiu, por unanimidade, CONHECER DOS RECURSOS E NEGAR-LHES PROVIMENTO, acompanhando a posição do relator descrita no Voto nº 954/2022 - CRES2/GGREC/GADIP/ANVISA.</p><p>Recorrente: FACEBOOKSERVIÇOS ONLINE DO BRAIL LTDA.</p><p>CNPJ: 13.347.016/0001-17</p><p>Número do Processo: 25351.028654/2020-09</p><p>Expediente: 1815180/20-9</p><p>Área de origem: GGFIS</p><p>Decisão: A Gerência-Geral de Recursos decidiu, por unanimidade, EXTINGUIR o recurso por PERDA DE OBJETO, acompanhando a posição do relator descrita no Voto nº 1054/2022- CRES2/GGREC/GADIP/ANVISA.</p><p>Recorrente: NUVASIVE BRASIL COMERCIAL LTDA.</p><p>CNPJ: 01.213.619/0001-47</p><p>Número do Processo: 25761.688539/2017-52</p><p>Expediente: 0072272/18-3</p><p>Área de origem: GGPAF</p><p>Decisão: A Gerência-Geral de Recursos decidiu, por unanimidade, CONHECER DO RECURSO E NEGAR-LHE PROVIMENTO, acompanhando a posição do relator descrita no Voto nº 1053/2022 - CRES2/GGREC/GADIP/ANVISA.</p><p>Recorrente: SELECT COMÉRCIO IMPORTAÇÃO E EXPORTAÇÃO LTDA. ME</p><p>CNPJ: 10.353.403/0001-78</p><p>Número do Processo: 25351.229099/2022-94</p><p>Expediente: 2710449/22-4</p><p>Área de origem: GGPAF</p><p>Decisão: A Gerência-Geral de Recursos decidiu, por unanimidade, CONHECER DO RECURSO E NEGAR-LHE PROVIMENTO, acompanhando a posição do relator descrita no Voto nº 137/2022 - CRES2/GGREC/GADIP/ANVISA.</p><p>Recorrente: SELECT COMÉRCIO IMPORTAÇÃO E EXPORTAÇÃO LTDA. ME</p><p>CNPJ: 10.353.403/0001-78</p><p>Número do Processo: 25351.229141/2022-77</p><p>Expediente: 2710451/22-6</p><p>Área de origem: GGPAF</p><p>Decisão: A Gerência-Geral de Recursos decidiu, por unanimidade, CONHECER DO RECURSO E NEGAR-LHE PROVIMENTO, acompanhando a posição do relator descrita no Voto nº 138/2022 - CRES2/GGREC/GADIP/ANVISA.</p><p>Recorrente: SELECT COMÉRCIO IMPORTAÇÃO E EXPORTAÇÃO LTDA. ME</p><p>CNPJ: 10.353.403/0001-78</p><p>Número do Processo: 25351.229128/2022-18</p><p>Expediente: 2710453/22-2</p><p>Área de origem: GGPAF</p><p>Decisão: A Gerência-Geral de Recursos decidiu, por unanimidade, CONHECER DO RECURSO E NEGAR-LHE PROVIMENTO, acompanhando a posição do relator descrita no Voto nº 139/2022 - CRES2/GGREC/GADIP/ANVISA.</p><p>Recorrente: O.S.S. INDÚSTRIA E COMÉRCIO IMPORTAÇÃO E EXPORTAÇÃO LTDA.-ME</p><p>CNPJ: 05.678.757/0001-52</p><p>Número do Processo: 25351.720435/2017-71</p><p>Expediente: 1517100/21-6</p><p>Área de origem: GGFIS</p><p>Decisão: A Gerência-Geral de Recursos decidiu, por unanimidade, CONHECER DO RECURSO E NEGAR-LHE PROVIMENTO, acompanhando a posição do relator descrita no Voto nº 1093/2022 - CRES2/GGREC/GADIP/ANVISA.</p><p>Recorrente: PHARMEDIC PHARMACEUTICALS, IMPORTAÇÃO, EXPORTAÇÃO, DISTRIBUIÇÃO, COMÉRCIO E REPRESENTAÇÔES LTDA.</p><p>CNPJ: 07.453.785/0003-69</p><p>Número do Processo: 25351.610655/2020-93</p><p>Expediente: 1106396/21-9</p><p>Área de origem: GGFIS</p><p>Decisão: A Gerência-Geral de Recursos decidiu, por unanimidade, EXTINGUIR o recurso por PERDA DE OBJETO, acompanhando a posição do relator descrita no Voto nº 1095/2022 - CRES2/GGREC/GADIP/ANVISA.</p><p>Recorrente: SANBIO CIENTÍFICA COMÉRCIO E IMPORTAÇÃO DE PRODUTOS CIENTÍFICOS LTDA.</p><p>CNPJ: 11.326.087/0001-08</p><p>Número do Processo: 25351.209271/2021-11</p><p>Expediente: 1664386/21-1</p><p>Área de origem: GGMON</p><p>Decisão: A Gerência-Geral de Recursos decidiu, por unanimidade, EXTINGUIR o recurso por PERDA DE OBJETO, acompanhando a posição do relator descrita no Voto nº 1096/2022 - CRES2/GGREC/GADIP/ANVISA.</p><p>Recorrente: O.S.S. INDÚSTRIA E COMÉRCIO IMPORTAÇÃO E EXPORTAÇÃO LTDA.</p><p>CNPJ: 05.678.757/0002-33</p><p>Número do Processo: 25351.583821/2020-71</p><p>Expediente: 4178804/20-1</p><p>Área de origem: GGFIS</p><p>Decisão: A Gerência-Geral de Recursos decidiu, por unanimidade, CONHECER DO RECURSO E NEGAR-LHE PROVIMENTO, acompanhando a posição do relator descrita no Voto nº 1094/2022 - CRES2/GGREC/GADIP/ANVISA.</p><p>Recorrente: NOVA QUÍMICA FARMACÊUTICA S.A.</p><p>CNPJ: 72.593.791/0001-11</p><p>Número do Processo: 25351.425471/2020-20</p><p>Expediente: 1909026/20-9</p><p>Área de origem: GGFIS</p><p>Decisão: A Gerência-Geral de Recursos decidiu, por unanimidade, CONHECER DO RECURSO E NEGAR-LHE PROVIMENTO, acompanhando a posição do relator descrita no Voto nº 960/2022 - CRES2/GGREC/GADIP/ANVISA.</p><p>Recorrente: PROSPERA TRADING IMPORTAÇÃO E EXPORTAÇÃO LTDA.</p><p>CNPJ: 05.421.217/0001-99</p><p>Número do Processo: 25741.122110/2012-51</p><p>Expediente: 065446/17-9</p><p>Área de origem: GGPAF</p><p>Decisão: A Gerência-Geral de Recursos decidiu, por unanimidade, CONHECER DO RECURSO E NEGAR-LHE PROVIMENTO, acompanhando a posição do relator descrita no Voto nº 820/2022 - CRES2/GGREC/GADIP/ANVISA.</p><p>Recorrente: PETRÓLEO BRASILEIRO SA - UO-BC</p><p>CNPJ: 33.000.167/1007-50</p><p>Número do Processo: 25752.335592/2014-16</p><p>Expediente: 0086059/17-0</p><p>Área de origem: GGPAF</p><p>Decisão: A Gerência-Geral de Recursos decidiu, por unanimidade, CONHECER DO RECURSO E NEGAR-LHE PROVIMENTO, acompanhando a posição do relator descrita no Voto nº 956/2022 - CRES2/GGREC/GADIP/ANVISA.</p><p>Recorrente: GERMED FARMACÊUTICA LTDA.</p><p>CNPJ: 45.992.062/0001-65</p><p>Número do Processo: 25351.095983/2013-25</p><p>Expediente: 1187750/17-2</p><p>Área de origem: GGPAF</p><p>Decisão: A Gerência-Geral de Recursos decidiu, por unanimidade, CONHECER DO RECURSO E NEGAR-LHE PROVIMENTO, acompanhando a posição do relator descrita no Voto nº 957/2022 - CRES2/GGREC/GADIP/ANVISA.</p><p>Recorrente: IZE EXPORTAÇÃO E IMPORTAÇÃO LTDA.</p><p>CNPJ: 06.060.905/0001-33</p><p>Número do Processo: 25741.707645/2014-24</p><p>Expediente: 1168929/17-3</p><p>Área de origem: GGPAF</p><p>Decisão: A Gerência-Geral de Recursos decidiu, por unanimidade, CONHECER DO RECURSO E NEGAR-LHE PROVIMENTO, acompanhando a posição do relator descrita no Voto nº 958/2022 - CRES2/GGREC/GADIP/ANVISA.</p><p>Recorrente: BASF S.A.</p><p>CNPJ: 48.539.407/0089-50</p><p>Número do Processo: 25767.575553/2016-49</p><p>Expediente: 2558230/21-2</p><p>Área de origem: GGFIS</p><p>Decisão: A Gerência-Geral de Recursos decidiu, por unanimidade, NÃO CONHECER do recurso por INTEMPESTIVIDADE, acompanhando a posição do relator descrita no Voto nº 886/2022 - CRES2/GGREC/GADIP/ANVISA.</p><p>Recorrente: LABORATÓRIOS B. BRAUN S.A.</p><p>CNPJ: 31.673.254/0001-02</p><p>Número do Processo: 25351.613290/2012-08</p><p>Expediente: 1422096/17-2</p><p>Área de origem: GGPAF</p><p>Decisão: A Gerência-Geral de Recursos decidiu, por unanimidade, CONHECER DO RECURSO E NEGAR-LHE PROVIMENTO, acompanhando a posição do relator descrita no Voto nº 590/2022 - CRES2/GGREC/GADIP/ANVISA.</p><p>Recorrente: HALEX ISTAR INDÚSTRIA FARMACÊUTICA SA</p><p>CNPJ: 01.571.702/0001-98</p><p>Número do Processo: 25756.031256/2018-94</p><p>Expediente: 189100/19-6</p><p>Área de origem: GGPAF</p><p>Decisão: A Gerência-Geral de Recursos decidiu, por unanimidade, CONHECER DO RECURSO E DAR-LHE PARCIAL PROVIMENTO para minorar a penalidade de multa, acompanhando a posição do relator descrita no Voto nº 667/2022 - CRES2/GGREC/GADIP/ANVISA.</p><p>Recorrente: GREENPHARMA QUÍMICA E FARMACÊUTICA LTDA.</p><p>CNPJ: 33.408.105/0001-33</p><p>Número do Processo: 25351.665431/2012-93</p><p>Expediente: 0972870/17-8</p><p>Área de origem: GGPAF</p><p>Decisão: A Gerência-Geral de Recursos decidiu, por unanimidade, CONHECER DO RECURSO E DAR-LHE PROVIMENTO, acompanhando a posição do relator descrita no Voto nº 589/2022- CRES2/GGREC/GADIP/ANVISA.</p><p>Recorrente: BARENBOIN E CIA LTDA.</p><p>CNPJ: 33.228.701/0003-01</p><p>Número do Processo: 25351.309959/2010-77</p><p>Expediente: 1547481/17-0</p><p>Área de origem: GGPAF</p><p>Decisão: A Gerência-Geral de Recursos decidiu, por unanimidade, CONHECER DO RECURSO E DAR-LHE PROVIMENTO para declarar nulo o auto de infração, acompanhando a posição do relator descrita no Voto nº 669/2022</p><p>Recorrente: FUNDAÇÃO OSWALDO CRUZ - INSTITUTO DE TECNOLOGIA EM IMUNOBIOLÓGICOS -</p><p>CNPJ: 33.781.055/0015-30</p><p>Número do Processo: 25752.671252/2012-91</p><p>Expediente: 583390/17-6</p><p>Área de origem: GGPAF</p><p>Decisão: A Gerência-Geral de Recursos decidiu, por unanimidade, CONHECER DO RECURSO E NEGAR-LHE PROVIMENTO, acompanhando a posição do relator descrita no Voto nº 668/2022 - CRES2/GGREC/GADIP/ANVISA.</p><p>Recorrente: RAIA DROGASIL S.A.</p><p>CNPJ: 61.585.865/0001-51</p><p>Número do Processo: 25351.507925/2013-35</p><p>Expediente: 2625001/19-2</p><p>Área de origem: GGPAF</p><p>Decisão: A Gerência-Geral de Recursos decidiu, por unanimidade, NÃO CONHECER do recurso por INTEMPESTIVIDADE com REVISÃO DE OFÍCIO para declarar a incidência da prescrição da ação punitiva, acompanhando a posição do relator descrita no Voto nº 670/2022 - CRES2/GGREC/GADIP/ANVISA.</p><p>Recorrente: EXCELLENCE COMERCIAL LTDA.</p><p>CNPJ: 01.839.385/0001-48</p><p>Número do Processo: 25351.117927/2013-88</p><p>Expediente: 1184629/17-1</p><p>Área de origem: GGPAF</p><p>Decisão: A Gerência-Geral de Recursos decidiu, por unanimidade, CONHECER DO RECURSO E NEGAR-LHE PROVIMENTO, acompanhando a posição do relator descrita no Voto nº 583/2022 - CRES2/GGREC/GADIP/ANVISA.</p><p>Recorrente: BIOMÉDICA GAÚCHA ELETROMEDICINA COMERCIAL LTDA.</p><p>CNPJ: 05.883.492/0001-24</p><p>Número do Processo: 25751.525485/2013-09</p><p>Expediente: 2533141/16-8</p><p>Área de origem: GGFIS</p><p>Decisão: A Gerência-Geral de Recursos decidiu, por unanimidade, CONHECER DO RECURSO E DAR-LHE PARCIAL PROVIMENTO para minorar a penalidade de multa, acompanhando a posição do relator descrita no Voto nº 586/2022 - CRES2/GGREC/GADIP/ANVISA.</p><p>Recorrente: SUCOS E ASSADOS LTDA. ME</p><p>CNPJ: 26.179.374/0001-00</p><p>Número do Processo: 25761.592432/2011-02</p><p>Expediente: 2421492/16-2</p><p>Área de origem: GGPAF</p><p>Decisão: A Gerência-Geral de Recursos decidiu, por unanimidade, CONHECER DO RECURSO E DAR-LHE PARCIAL PROVIMENTO para minorar a penalidade de multa, acompanhando a posição do relator descrita no Voto nº 587/2022 - CRES2/GGREC/GADIP/ANVISA.</p><p>Recorrente: SUCOS E ASSADOS LTDA. ME</p><p>CNPJ: 26.179.374/0001-00</p><p>Número do Processo: 25761.116850/2011-68</p><p>Expediente: 2423226/16-2</p><p>Área de origem: GGPAF</p><p>Decisão: A Gerência-Geral de Recursos decidiu, por unanimidade, CONHECER DO RECURSO E DAR-LHE PARCIAL PROVIMENTO para minorar a penalidade de multa, acompanhando a posição do relator descrita no Voto nº 588/2022 - CRES2/GGREC/GADIP/ANVISA.</p><p>Recorrente: CIMED INDÚSTRIA S.A.</p><p>CNPJ: 02.814.497/0002-98</p><p>Número do Processo: 25351.123646/2013-50</p><p>Expediente: 1374399/17-6</p><p>Área de origem: GGPAF</p><p>Decisão: A Gerência-Geral de Recursos decidiu, por unanimidade, CONHECER DO RECURSO E NEGAR-LHE PROVIMENTO, acompanhando a posição do relator descrita no Voto nº 666/2022 - CRES2/GGREC/GADIP/ANVISA.</p><p>Recorrente: COMERCIAL DRUGSTORE LTDA.</p><p>CNPJ: 05.230.009/0004-55</p><p>Número do Processo: 25351.600472/2011-50</p><p>Expediente: 2042381/16-1</p><p>Área de origem: GGPAF</p><p>Decisão: A Gerência-Geral de Recursos decidiu, por unanimidade, CONHECER DO RECURSO E NEGAR-LHE PROVIMENTO, acompanhando a posição do relator descrita no Voto nº 584/2022 - CRES2/GGREC/GADIP/ANVISA.</p><p>Recorrente: FACEBOOKSERVIÇOS ONLINE DO BRAIL LTDA.</p><p>CNPJ: 13.347.016/0001-17</p><p>Número do Processo: 25351.362850/2020-00</p><p>Expediente: 1815173/20-6</p><p>Área de origem: GGFIS</p><p>Decisão: A Gerência-Geral de Recursos decidiu, por unanimidade, EXTINGUIR o recurso por PERDA DE OBJETO, acompanhando a posição do relator descrita no Voto nº 331/2022- CRES2/GGREC/GADIP/ANVISA.</p><p>Recorrente: FACEBOOKSERVIÇOS ONLINE DO BRAIL LTDA.</p><p>CNPJ: 13.347.016/0001-17</p><p>Número do Processo: 25351.386361/2020-35</p><p>Expediente: 1815266/20-0</p><p>Área de origem: GGFIS</p><p>Decisão: A Gerência-Geral de Recursos decidiu, por unanimidade, EXTINGUIR o recurso por PERDA DE OBJETO, acompanhando a posição do relator descrita no Voto nº 333/2022- CRES2/GGREC/GADIP/ANVISA.</p><p>Recorrente: FACEBOOKSERVIÇOS ONLINE DO BRAIL LTDA.</p><p>CNPJ: 13.347.016/0001-17</p><p>Número do Processo: 25351.263081/2020-50</p><p>Expediente: 2023263/20-2</p><p>Área de origem: GGFIS</p><p>Decisão: A Gerência-Geral de Recursos decidiu, por unanimidade, EXTINGUIR o recurso por PERDA DE OBJETO, acompanhando a posição do relator descrita no Voto nº 332/2022- CRES2/GGREC/GADIP/ANVISA.</p><p>Recorrente: EUROMARKET COMÉRCIO, IMPORTAÇÃO E EXPORTAÇÃO LTDA. EPP</p><p>CNPJ: 02.487.446/0001-18</p><p>Número do Processo: 25351.463444/2022-17</p><p>Expediente: 2312907/22-4</p><p>Área de origem: CCOSM/GHCOS</p><p>Decisão: A Gerência-Geral de Recursos decidiu, por unanimidade, NÃO CONHECER do recurso por INTEMPESTIVIDADE, acompanhando a posição do relator descrita no Voto nº 271/2022- CRES3/GGREC/GADIP/ANVISA.</p><p>Recorrente: EUROMARKET COMÉRCIO, IMPORTAÇÃO E EXPORTAÇÃO LTDA. EPP</p><p>CNPJ: 02.487.446/0001-18</p><p>Número do Processo: 25351.463458/2022-31</p><p>Expediente: 2314014/22-7</p><p>Área de origem: CCOSM/GHCOS</p><p>Decisão: A Gerência-Geral de Recursos decidiu, por unanimidade, NÃO CONHECER do recurso por INTEMPESTIVIDADE, acompanhando a posição do relator descrita no Voto nº 277/2022- CRES3/GGREC/GADIP/ANVISA.</p><p>Recorrente: IRMÃOS DE GASPARI COSMÉTICOS LTDA. - ME</p><p>CNPJ: 22.846.640/0001-50</p><p>Número do Processo: 25351.412607/2022-01</p><p>Expediente: 2132531/22-6</p><p>Área de origem: CCOSM/GHCOS</p><p>Decisão: A Gerência-Geral de Recursos decidiu, por unanimidade, CONHECER DO RECURSO E NEGAR-LHE PROVIMENTO, acompanhando a posição do relator descrita no Voto nº 278/2022 - CRES3/GGREC/GADIP/ANVISA.</p><p>Recorrente: BIOTTXX PRODUTOS PARA SAÚDE LTDA.</p><p>CNPJ: 38.194.076/0001-78</p><p>Número do Processo: 25351.097522/2022-81</p><p>Expediente: 1661058/22-1</p><p>Área de origem: GGTPS</p><p>Decisão: A Gerência-Geral de Recursos decidiu, por unanimidade, NÃO CONHECER do recurso por INOBSERVÂNCIA DAS FORMALIDADES LEGAIS, acompanhando a posição do relator descrita no Voto nº 279/2022- CRES3/GGREC/GADIP/ANVISA.</p><p>Recorrente: JOHNSON &amp; JOHNSON DO BRASIL INDÚSTRIA E COMÉRCIO DE PRODUTOS PARA SAÚDE LTDA.</p><p>CNPJ: 54.516.661/0001-01</p><p>Número do Processo: 25351.657170/2021-44</p><p>Expediente: 1483057/22-4</p><p>Área de origem: GGTPS</p><p>Decisão: A Gerência-Geral de Recursos decidiu, por unanimidade, CONHECER DO RECURSO E NEGAR-LHE PROVIMENTO, acompanhando a posição do relator descrita no Voto nº 280/2022 - CRES3/GGREC/GADIP/ANVISA.</p><p>Recorrente: DUDAMAR INDÚSTRIA E COMÉRCIO DE COSMÉTICOS IMPORTAÇÃO E EXPORTAÇÃO LTDA. - EPP</p><p>CNPJ: 24.473.214/0001-43</p><p>Número do Processo: 25351.261483/2022-81</p><p>Expediente: 1479154/22-9</p><p>Área de origem: CCOSM/GHCOS</p><p>Decisão: A Gerência-Geral de Recursos decidiu, por unanimidade, CONHECER DO RECURSO E NEGAR-LHE PROVIMENTO, acompanhando a posição do relator descrita no Voto nº 281/2022 - CRES3/GGREC/GADIP/ANVISA.</p><p>Recorrente: PAERINHO INDÚSTRIA E COMÉRCIO LTDA.</p><p>CNPJ: 04.857.318/0001-44</p><p>Número do Processo: 25351.510056/2020-71</p><p>Expediente: 1686476/22-1</p><p>Área de origem: GGTAB</p><p>Decisão: A Gerência-Geral de Recursos decidiu, por unanimidade, CONHECER DO RECURSO E NEGAR-LHE PROVIMENTO, acompanhando a posição do relator descrita no Voto nº 282/2022 - CRES3/GGREC/GADIP/ANVISA.</p><p>Recorrente: REINIGEND QUÍMICA DO BRASIL LTDA. - EPP</p><p>CNPJ: 04.341.741/0001-97</p><p>Número do Processo: 25351.171186/2021-64</p><p>Expediente: 1591418/22-4</p><p>Área de origem: CCOSM/GHCOS</p><p>Decisão: A Gerência-Geral de Recursos decidiu, por unanimidade, CONHECER DO RECURSO E NEGAR-LHE PROVIMENTO, acompanhando a posição do relator descrita no Voto nº 283/2022 - CRES3/GGREC/GADIP/ANVISA.</p><p>Recorrente: REALITY CIGARS COMÉRCIO IMPORTAÇÃO E EXPORTAÇÃO LTDA. - EPP</p><p>CNPJ: 07.756.070/0001-13</p><p>Número do Processo: 25351.319873/2015-42</p><p>Expediente: 2300398/22-2</p><p>Área de origem: GGTAB</p><p>Decisão: A Gerência-Geral de Recursos decidiu, por unanimidade, CONHECER DO RECURSO E NEGAR-LHE PROVIMENTO, acompanhando a posição do relator descrita no Voto nº 284/2022 - CRES3/GGREC/GADIP/ANVISA.</p><p>Recorrente: HTS TECNOLOGIA EM SAÚDE - COMÉRCIO, IMPORTAÇÃO E EXPORTAÇÃO LTDA.</p><p>CNPJ: 66.437.831/0004-86</p><p>Número do Processo: 25351.020977/2022-16</p><p>Expediente: 1575519/22-4</p><p>Área de origem: GGTPS</p><p>Decisão: A Gerência-Geral de Recursos decidiu, por unanimidade, CONHECER DO RECURSO E NEGAR-LHE PROVIMENTO, acompanhando a posição do relator descrita no Voto nº 285/2022 - CRES3/GGREC/GADIP/ANVISA.</p><p>Recorrente: NUNESFARMA DISTRIBUIDORA DE PRODUTOS FARMACÊUTICOS LTDA.</p><p>CNPJ: 75.014.167/0001-00</p><p>Número do Processo: 25351.044682/2022-27</p><p>Expediente: 1534610/22-7</p><p>Área de origem: GGALI</p><p>Decisão: A Gerência-Geral de Recursos decidiu, por unanimidade, CONHECER DO RECURSO E NEGAR-LHE PROVIMENTO, acompanhando a posição do relator descrita no Voto nº 286/2022 - CRES3/GGREC/GADIP/ANVISA.</p><p>Recorrente: ANGELUS INDÚSTRIA DE PRODUTOS ODONTOLÓGICOS S.A.</p><p>CNPJ: 00.257.992/0001-37</p><p>Número do Processo: 25351.588833/2016-01</p><p>Expediente: 1539699/22-6</p><p>Área de origem: GGTPS</p><p>Decisão: A Gerência-Geral de Recursos decidiu, por unanimidade, CONHECER DO RECURSO E NEGAR-LHE PROVIMENTO, acompanhando a posição do relator descrita no Voto nº 287/2022 - CRES3/GGREC/GADIP/ANVISA.</p>]]></Texto>
  </body>
  <Midias />
</article></xml>