﻿<xml><article id="27693159" name="2022-08-24/7353006/ANMWS_1483322" idOficio="7353006" pubName="DO1" artType="Despacho" pubDate="25/08/2022" artClass="00023:00030:00050:00000:00000:00000:00000:00000:00000:00000:00024:00009" artCategory="Ministério de Minas e Energia/Agência Nacional de Mineração/Superintendência de Outorga de Títulos Minerários" artSize="12" artNotes="" numberPage="260" pdfPage="http://pesquisa.in.gov.br/imprensa/jsp/visualiza/index.jsp?data=25/08/2022&amp;jornal=515&amp;pagina=260" editionNumber="162" highlightType="" highlightPriority="" highlight="" highlightimage="" highlightimagename="" idMateria="14833227">
  <body>
    <Identifica><![CDATA[  Alvará nº 6.643, de 24 de AGOSTO de 2022]]></Identifica>
    <Data><![CDATA[]]></Data>
    <Ementa />
    <Titulo />
    <SubTitulo />
    <Texto><![CDATA[<p class="identifica">Alvará nº 6.643, de 24 de AGOSTO de 2022</p><p>Fase de Autorização de Pesquisa</p><p>O SUPERINTENDENTE DE OUTORGA DE TÍTULOS MINERÁRIOS DA AGÊNCIA NACIONAL DE MINERAÇÃO, no uso da competência delegada pela Resolução n° 102/2022 e com fundamento no art. 15, do Decreto-lei n° 227, de 28 de fevereiro de 1967, (Código de Mineração), e na Lei 13.575/2017, outorga o seguinte Alvará de Pesquisa, prazo 3 ano(s), vigência a partir dessa publicação: (323)</p><p>48062.871117/2022-96-MINERACAO BOSS LTDA (Documento SEI: 4811073)</p><p class="assina">MOACYR CARVALHO DE ANDRADE NETO</p><p></p>]]></Texto>
  </body>
  <Midias />
</article></xml>