﻿<xml><article id="27707169" name="PA2022-8861" idOficio="7355575" pubName="DO1" artType="Portaria" pubDate="25/08/2022" artClass="00019:00034:00033:00009:00000:00000:00000:00000:00000:00000:00054:00002" artCategory="Ministério da Infraestrutura/Agência Nacional de Aviação Civil/Superintendência de Infraestrutura Aeroportuária/Gerência de Certificação e Segurança Operacional" artSize="12" artNotes="" numberPage="238" pdfPage="http://pesquisa.in.gov.br/imprensa/jsp/visualiza/index.jsp?data=25/08/2022&amp;jornal=515&amp;pagina=238" editionNumber="162" highlightType="" highlightPriority="" highlight="" highlightimage="" highlightimagename="" idMateria="14836638">
  <body>
    <Identifica><![CDATA[ PORTARIA Nº 8.861, DE 16 DE AGOSTO DE 2022]]></Identifica>
    <Data><![CDATA[]]></Data>
    <Ementa />
    <Titulo />
    <SubTitulo />
    <Texto><![CDATA[<p class="identifica">PORTARIA Nº 8.861, DE 16 DE AGOSTO DE 2022</p><p>O GERENTE DE CERTIFICAÇÃO E SEGURANÇA OPERACIONAL, no uso da atribuição que lhe confere o art. 4º, inciso III da Portaria nº 6.880, de 30 de dezembro de 2021, tendo em vista o disposto na Lei nº 7.565, de 19 de dezembro de 1986, e na Resolução nº 158, de 13 de julho de 2010, e Portaria nº 3.352/SIA, de 30 de outubro de 2018, e considerando o que consta do processo nº 00065.031386/2022-61, resolve:</p><p>Art. 1º Inscrever o Aeródromo privado abaixo no cadastro com as seguintes características:</p><p>I - denominação: Fazenda 3J;</p><p>II - código identificador de aeródromo - CIAD: MT0863;</p><p>III - município (UF): Nova Bandeirantes (MT);</p><p>IV - ponto de referência do aeródromo (coordenadas geográficas): 10°25'48" S / 058°17'34" W;</p><p>Art. 2º A inscrição no cadastro tem validade de 10 (dez) anos.</p><p>Art. 3º As características cadastrais do aeródromo serão publicadas no sítio da ANAC na rede mundial de computadores.</p><p>Art. 4º O interessado pelo aeródromo deve garantir que as informações prestadas a respeito das características da infraestrutura correspondam à situação do aeródromo, a fim de manter sua inscrição cadastral atualizada na ANAC.</p><p>Art. 5º Esta Portaria entra em vigor na data de sua publicação.</p><p class="assina">FÁBIO LOPES MAGALHÃES</p>]]></Texto>
  </body>
  <Midias />
</article></xml>