﻿<xml><article id="27701660" name="1293 - ESPECIALIZAAAO DE OFICIOS" idOficio="7354574" pubName="DO1" artType="Portaria" pubDate="25/08/2022" artClass="00043:00012:00001:00000:00000:00000:00000:00000:00000:00000:00054:00000" artCategory="Ministério Público da União/Ministério Público do Trabalho/Procuradoria-Geral" artSize="12" artNotes="" numberPage="292" pdfPage="http://pesquisa.in.gov.br/imprensa/jsp/visualiza/index.jsp?data=25/08/2022&amp;jornal=515&amp;pagina=292" editionNumber="162" highlightType="" highlightPriority="" highlight="" highlightimage="" highlightimagename="" idMateria="14835084">
  <body>
    <Identifica><![CDATA[ Portaria nº 1.293, de 23 de agosto de 2022]]></Identifica>
    <Data><![CDATA[]]></Data>
    <Ementa><![CDATA[ Dispõe sobre as divisões temáticas especializadas dos Ofícios das Unidades da Procuradoria Regional do Trabalho da 9ª Região.]]></Ementa>
    <Titulo />
    <SubTitulo />
    <Texto><![CDATA[<p class="identifica">Portaria nº 1.293, de 23 de agosto de 2022</p><p class="ementa">Dispõe sobre as divisões temáticas especializadas dos Ofícios das Unidades da Procuradoria Regional do Trabalho da 9ª Região.</p><p>O PROCURADOR-GERAL DO TRABALHO, no uso da atribuição prevista no inciso XXI do art. 91 da Lei Complementar nº 75, de 20 de maio de1993, considerando o disposto na Resolução CSMPT nº 132/2016 e na Portaria PGT nº 740/2016;</p><p>CONSIDERANDO o pedido de inclusão do 6ª Oficio Geral da Sede à III Divisão Temática - CONAFRET, CONAP, CONALIS e CONATPA da Procuradoria Regional do Trabalho da 9ª Região, formulado pela Procuradora-Chefe da Unidade, em 10 de junho de 2022, por meio do Ofício nº 366.2022;</p><p>CONSIDERANDO a decisão do Conselho Superior do Ministério Público do Trabalho em sua 265ª Sessão Ordinária, realizada em 16 de agosto de 2022;</p><p>CONSIDERANDO os demais dados e informações constantes do PGEA20.02.0900.0000367/2019-92; , resolve:</p><p>Art. 1º Os Ofícios Gerais de 1º grau da Sede da Procuradoria Regional do Trabalho da 9ª Região passam a compor as seguintes Divisões Temáticas Especializadas:</p><p>I - Divisão CODEMAT:</p><p>a) 18º Ofício Especializado da Sede;</p><p>b) 21º Ofício Especializado da Sede;</p><p>c) 22º Ofício Especializado da Sede;</p><p>d) 23º Ofício Especializado da Sede;</p><p>e) 26º Ofício Especializado da Sede;</p><p>f) 27º Ofício Especializado da Sede.</p><p>II - Divisão COORDIGUALDADE, COORDINFÂNCIA e CONAETE:</p><p>a) 8º Ofício Especializado da Sede;</p><p>b) 24º Ofício Especializado da Sede;</p><p>c) 25º Ofício Especializado da Sede;</p><p>d) 28º Ofício Especializado da Sede;</p><p>e) 29º Ofício Especializado da Sede.</p><p>III - Divisão CONAFRET, CONAP, CONALIS e CONATPA:</p><p>a) 5º Ofício Especializado da Sede;</p><p>b) 6º Ofício Especializado da Sede;</p><p>c) 14º Ofício Especializado da Sede;</p><p>d) 17º Ofício Especializado da Sede;</p><p>e) 20º Ofício Especializado da Sede;</p><p>f) 30º Ofício Especializado da Sede.</p><p>Art. 2º Os Ofícios Gerais de 2º grau da Sede e os Ofícios Gerais das Procuradorias do Trabalho em Municípios da Procuradoria Regional do Trabalho da 9ª Região integrarão, exclusivamente para os fins previstos no art. 10, § 8º, da Resolução</p><p>CSMPT nº 132/2016, as seguintes Divisões Temáticas Especializadas:</p><p>I - Divisão CODEMAT:</p><p>a) 3º Ofício Geral da Sede;</p><p>b) 12º Ofício Geral da Sede;</p><p>c) 13º Ofício Geral da Sede;</p><p>d) 15º Ofício Geral da Sede;</p><p>e) 1º Ofício da Procuradoria do Trabalho no Município de Campo Mourão;</p><p>f) 2º Ofício Geral da Procuradoria do Trabalho no Município de Cascavel;</p><p>g) 1º Ofício Geral da Procuradoria do Trabalho no Município de Guarapuava;</p><p>h) 1º Ofício Geral da Procuradoria do Trabalho no Município de Londrina;</p><p>i) 1º Ofício Geral da Procuradoria do Trabalho no Município de Maringá;</p><p>j) 2º Ofício Geral da Procuradoria do Trabalho no Município de Ponta Grossa;</p><p>k) 1º Ofício Geral da Procuradoria do Trabalho no Município de Umuarama;</p><p>l) 1º Ofício Geral da Procuradoria do Trabalho no Município de Foz do Iguaçu;</p><p>m) 2º Ofício Geral da Procuradoria do Trabalho no Município de Foz do Iguaçu;</p><p>n) 2º Ofício Geral da Procuradoria do Trabalho no Município de Pato Branco.</p><p>II - Divisão COORDIGUALDADE, COORDINFÂNCIA E CONAETE:</p><p>a) 9º Ofício Geral da Sede;</p><p>b) 10º Ofício Geral da Sede;</p><p>c) 11º Ofício Geral da Sede;</p><p>d) 16º Ofício Geral da Sede;</p><p>e) 19º Ofício Geral da Sede;</p><p>f) 2º Ofício Geral da Procuradoria do Trabalho no Município de Campo Mourão;</p><p>g) 2º Ofício Geral da Procuradoria do Trabalho no Município de Cascavel;</p><p>h) 1º Ofício Geral da Procuradoria do Trabalho no Município de Guarapuava;</p><p>i) 3º Ofício Geral da Procuradoria do Trabalho no Município de Londrina;</p><p>j) 4º Ofício Geral da Procuradoria do Trabalho no Município de Londrina;</p><p>k) 2º Ofício Geral da Procuradoria do Trabalho no Município Maringá;</p><p>l) 1º Ofício Geral da Procuradoria do Trabalho no Município de Ponta Grossa;</p><p>m) 2º Ofício Geral da Procuradoria do Trabalho no Município de Umuarama;</p><p>n) 1º Ofício Geral da Procuradoria do Trabalho no Município de Foz do Iguaçu;</p><p>o) 2º Ofício Geral da Procuradoria do Trabalho no Município de Foz do Iguaçu;</p><p>p) 1º Ofício Geral da Procuradoria do Trabalho no Município de Pato Branco.</p><p>III - Divisão CONAFRET, CONAP, CONALIS e CONATPA:</p><p>a) 1º Ofício Geral da Sede;</p><p>b) 2º Ofício Geral da Sede;</p><p>c) 4º Ofício Geral da Sede;</p><p>d) 7º Ofício Geral da Sede;</p><p>e) 1º Ofício Geral da Procuradoria do Trabalho no Município de Campo Mourão;</p><p>f) 2º Ofício Geral da Procuradoria do Trabalho no Município de Campo Mourão;</p><p>g) 1º Ofício Geral da Procuradoria do Trabalho no Município de Cascavel;</p><p>h) 2º Ofício Geral da Procuradoria do Trabalho no Município de Guarapuava;</p><p>i) 2º Ofício Geral da Procuradoria do Trabalho no Município de Londrina;</p><p>j) 4º Ofício Geral da Procuradoria do Trabalho no Município de Londrina;</p><p>k) 3º Ofício Geral da Procuradoria do Trabalho no Município de Maringá;</p><p>l) 1º Ofício Geral da Procuradoria do Trabalho no Município de Ponta Grossa;</p><p>m) 2º Ofício Geral da Procuradoria do Trabalho no Município de Ponta Grossa;</p><p>n) 1º Ofício Geral da Procuradoria do Trabalho no Município de Umuarama;</p><p>o) 2º Ofício Geral da Procuradoria do Trabalho no Município de Umuarama;</p><p>p) 1º Ofício Geral da Procuradoria do Trabalho no Município de Foz do Iguaçu;</p><p>q) 2º Ofício Geral da Procuradoria do Trabalho no Município de Foz do Iguaçu;</p><p>r) 1º Ofício Geral da Procuradoria do Trabalho no Município de Pato Branco.</p><p>Art. 3º Revogar a Portaria PGT nº 343, de 08 de março de 2021, publicada no Diário Oficial da União nº 46, seção 1, de 10 de março de 2021, página 71, que trata da Especialização de Ofícios da Procuradoria Regional do Trabalho da 9ª Região.</p><p>Art. 4º Esta Portaria entrará em vigor na data da sua publicação.</p><p class="assina">JOSÉ DE LIMA RAMOS PEREIRA</p>]]></Texto>
  </body>
  <Midias />
</article></xml>