﻿<xml><article id="27707142" name="Despacho de 24.08" idOficio="7355589" pubName="DO1" artType="Despacho" pubDate="25/08/2022" artClass="00018:00136:00001:00000:00000:00000:00000:00000:00000:00000:00024:00000" artCategory="Ministério da Educação/Fundação Universidade Federal da Grande Dourados/Reitoria" artSize="12" artNotes="" numberPage="237" pdfPage="http://pesquisa.in.gov.br/imprensa/jsp/visualiza/index.jsp?data=25/08/2022&amp;jornal=515&amp;pagina=237" editionNumber="162" highlightType="" highlightPriority="" highlight="" highlightimage="" highlightimagename="" idMateria="14836614">
  <body>
    <Identifica><![CDATA[ DESPACHO Nº 51, DE 24 DE AGOSTO DE 2022]]></Identifica>
    <Data><![CDATA[]]></Data>
    <Ementa />
    <Titulo />
    <SubTitulo />
    <Texto><![CDATA[<p class="identifica">DESPACHO Nº 51, DE 24 DE AGOSTO DE 2022</p><p>O REITOR DA FUNDAÇÃO UNIVERSIDADE FEDERAL DA GRANDE DOURADOS, no uso das atribuições legais conferidas pelo Decreto de 22 de junho de 2022, do Presidente da República, publicado no DOU n.º 117, de 23 de junho de 2022, seção 2, página 1, pelo art. 7º da Lei n.º 11.153, de 29 de julho de 2005 e pelo art. 25 do Estatuto da UFGD, considerando o constante do Processo n.º 23005.019117/2022-36;</p><p>CONSIDERANDO a Lei n.º 10.520, de 17 de julho de 2002, que institui, no âmbito da União, Estados, Distrito Federal e Municípios, nos termos do art. 37, inciso XXI, da Constituição Federal, modalidade de licitação denominada pregão, para aquisição de bens e serviços comuns, e dá outras providências;</p><p>CONSIDERANDO a Lei n.º 9.784, de 29 de janeiro de 1999, que regula o processo administrativo no âmbito da Administração Pública Federal;</p><p>CONSIDERANDO o atraso da empresa na execução do objeto do contrato, incorrendo em infração administrativa tipificada como retardamento da execução do objeto, notadamente pelo fornecimento dos itens da Nota de Empenho 2020NE801013 em mais de 30 (trinta) dias;</p><p>CONSIDERANDO que, nitidamente, a empresa descumpriu a obrigação contratual de fornecimento dos produtos objeto da licitação de acordo com as especificações contidas no Termo de Referência - Anexo I do Pregão Eletrônico n.º 05/2020. Destarte, não pode a Administração, em razão da indisponibilidade do interesse público, deixar de aplicar a penalidade cabível à espécie; e</p><p>CONSIDERANDO que a Contratada nada trouxe aos autos que pudesse demover a situação infracional comprovada, decide:</p><p>1. Conhecer do recurso apresentado pela empresa Comercial de Alimentos MI Sanches EIRELI (seq. 30), inscrita no CNPJ n.º 37.353.192/0001-20, conforme dispõe o § 1º do art. 56 da Lei n.º 9.784, de 1999, e no mérito negar-lhe provimento;</p><p>2. Manter as seguintes penalidades ratificadas pelo DESPACHO PRAD Nº 260 / 2022 - PRAD (seq. 32), pela Pró-Reitora de Administração da UFGD: a) advertência, na forma do item 13.2.1, do Anexo I, do Termo de Referência do Pregão Eletrônico n.º 05/2020; e b) multa no valor de R$ 3.116,72 (três mil cento e dezesseis reais e setenta e dois centavos);</p><p>3. Publicar na forma da lei; e</p><p>4. Devolver os autos à Pró-Reitoria de Administração - PRAD para intimação e ciência da Contratada a respeito desta decisão e continuidade do processo.</p><p class="assina">Jones Dari Goettert</p><p></p>]]></Texto>
  </body>
  <Midias />
</article></xml>