﻿<xml><article id="27705396" name="ADE6JUIZDEFORA105" idOficio="7355265" pubName="DO1" artType="Ato Declaratório" pubDate="25/08/2022" artClass="00015:00045:00432:00098:00009:00000:00000:00000:00000:00000:00007:00002" artCategory="Ministério da Economia/Secretaria Especial da Receita Federal do Brasil/Subsecretaria-Geral da Receita Federal do Brasil/Superintendência Regional da 6ª Região Fiscal/Delegacia da Receita Federal do Brasil em Juiz de Fora" artSize="12" artNotes="" numberPage="210" pdfPage="http://pesquisa.in.gov.br/imprensa/jsp/visualiza/index.jsp?data=25/08/2022&amp;jornal=515&amp;pagina=210" editionNumber="162" highlightType="" highlightPriority="" highlight="" highlightimage="" highlightimagename="" idMateria="14836187">
  <body>
    <Identifica><![CDATA[ ATO DECLARATÓRIO EXECUTIVO Nº 105, DE 24 DE AGOSTO DE 2022]]></Identifica>
    <Data><![CDATA[]]></Data>
    <Ementa><![CDATA[ Inscreve empresa no Registro Especial para engarrafador de bebidas alcoólicas na forma prevista na IN RFB/1.432/2013.]]></Ementa>
    <Titulo />
    <SubTitulo />
    <Texto><![CDATA[<p class="identifica">ATO DECLARATÓRIO EXECUTIVO Nº 105, DE 24 DE AGOSTO DE 2022</p><p class="ementa">Inscreve empresa no Registro Especial para engarrafador de bebidas alcoólicas na forma prevista na IN RFB/1.432/2013.</p><p>O DELEGADO DA DELEGACIA DA RECEITA FEDERAL DO BRASIL EM JUIZ DE FORA-MG, no uso das atribuições que lhe conferem o inciso III do art. 360 e o inciso III do §1º do Art. 299 do Regimento Interno da Secretária da Receita Federal do Brasil, aprovado pela Portaria ME nº 284, de 27 de julho de 2020, e tendo em vista o disposto no artigo 3º da Instrução Normativa RFB nº 1.432, de 26 de dezembro de 2013 e, ainda, o que consta no dossiê digital de atendimento nº 13031.917302/2021-36, declara:</p><p>Art. 1º.- Inscrita no Registro Especial sob o nº 06104/240, a empresa CACHAÇA MOÇA DE FAMÍLIA EIRELI, CNPJ 28.179.918/0001-69, situada na Estrada Ervália/Careço, s/nº, km 05, Fazenda São João, Zona Rural, Município de Ervália, MG, não alcançando este registro qualquer outro estabelecimento da mesma empresa, que exerce a atividade de engarrafador de bebidas alcoólicas das marcas comerciais e em recipientes abaixo discriminados:</p><p /><p></p><table><tr /><tr><td rowspan="1" colspan="1"><p>NCM</p></td><td rowspan="1" colspan="1"><p>PRODUTO</p></td><td rowspan="1" colspan="1"><p>MARCA COMERCIAL</p></td><td rowspan="1" colspan="1"><p>CAPACIDADES RECIP. (ml)</p></td><td rowspan="1" colspan="1"><p>REGISTRO NO MAPA</p></td></tr><tr><td rowspan="1" colspan="1"><p>22084000</p></td><td rowspan="1" colspan="1"><p>Cachaça</p></td><td rowspan="1" colspan="1"><p>Moça de Família Prata</p></td><td rowspan="1" colspan="1"><p>275 e 670</p></td><td rowspan="1" colspan="1"><p>MG 002138-5.000001</p></td></tr><tr><td rowspan="1" colspan="1"><p>22084000</p></td><td rowspan="1" colspan="1"><p>Cachaça</p></td><td rowspan="1" colspan="1"><p>Moça de Família Carvalho</p></td><td rowspan="1" colspan="1"><p>275 e 670</p></td><td rowspan="1" colspan="1"><p>MG 002138-5.000002</p></td></tr></table><p>Art. 2º O estabelecimento acima deverá cumprir as obrigações citadas na IN/RFB nº 1.432/2013, sob pena de suspensão ou cancelamento da inscrição.</p><p>Art. 3º Este Ato Declaratório somente terá validade após a sua publicação no Diário Oficial da União.</p><p class="assina">MARCOS ADRIANO AMORIM</p>]]></Texto>
  </body>
  <Midias />
</article></xml>