﻿<xml><article id="27693129" name="3336 Habilita estabelecimento de" idOficio="7352954" pubName="DO1" artType="Portaria" pubDate="25/08/2022" artClass="00026:00001:00000:00000:00000:00000:00000:00000:00000:00000:00017:00008" artCategory="Ministério da Saúde/Gabinete do Ministro" artSize="24" artNotes="" numberPage="264" pdfPage="http://pesquisa.in.gov.br/imprensa/jsp/visualiza/index.jsp?data=25/08/2022&amp;jornal=515&amp;pagina=264" editionNumber="162" highlightType="" highlightPriority="" highlight="" highlightimage="" highlightimagename="" idMateria="14833189">
  <body>
    <Identifica><![CDATA[ PORTARIA GM/MS Nº 3.336, DE 23 DE AGOSTO DE 2022]]></Identifica>
    <Data><![CDATA[]]></Data>
    <Ementa><![CDATA[ Habilita estabelecimento de saúde como Unidade de Atenção Especializada em Doença Renal Crônica (DRC) com Hemodiálise e com Diálise Peritoneal]]></Ementa>
    <Titulo />
    <SubTitulo />
    <Texto><![CDATA[<p class="identifica">PORTARIA GM/MS Nº 3.336, DE 23 DE AGOSTO DE 2022</p><p class="ementa">Habilita estabelecimento de saúde como Unidade de Atenção Especializada em Doença Renal Crônica (DRC) com Hemodiálise e com Diálise Peritoneal</p><p>O MINISTRO DE ESTADO DA SAÚDE, no uso das atribuições que lhe conferem os incisos I e II do parágrafo único do art. 87 da Constituição, e</p><p>Considerando a Portaria GM/MS nº 1.675, de 7 de junho de 2018, que altera a Portaria de Consolidação GM/MS nº 3, de 28 de setembro de 2017 e a Portaria de Consolidação GM/MS nº 6, de 28 de setembro de 2017, para dispor sobre os critérios para a organização, funcionamento e financiamento do cuidado da pessoa com Doença Renal Crônica - DRC no âmbito do Sistema Único de Saúde - SUS;</p><p>Considerando a Portaria GM/MS nº 828, de 17 de abril de 2020, que altera a Portaria de Consolidação GM/MS nº 6, de 28 de setembro de 2017, para dispor sobre os Grupos de Identificação Transferências federais de recursos da saúde;</p><p>Considerando a Portaria GM/MS nº 639, de 25 de março de 2022, que divulga os montantes anuais alocados aos Estados, Distrito Federal e Municípios, destinados ao cofinanciamento das ações e serviços públicos de saúde no grupo de Atenção de Média e Alta Complexidade Ambulatorial e Hospitalar (Teto MAC);</p><p>Considerando a Portaria de Consolidação GM/MS nº 3, de 28 de setembro de 2017, que consolida as normas sobre as redes do Sistema Único de Saúde;</p><p>Considerando a Resolução CIB/AC nº 33/2022, de 5 de maio de 2022, da Comissão Intergestores Bipartite do Estado do Acre; e</p><p>Considerando a documentação apresentada pelo Estado do Rio Grande do Sul na Proposta SAIPS nº 156433 e a correspondente avaliação da Coordenação-Geral de Atenção Especializada do Departamento de Atenção Especializada e Temática - CGAE/DAET/SAES/MS, constante do NUP-SEI 25000.106635/2022-64, resolve:</p><p>Art. 1º Fica habilitado, como Unidade de Atenção Especializada em DRC com Hemodiálise e com Diálise Peritoneal, o estabelecimento de saúde descrito no Anexo a esta Portaria.</p><p>Art. 2º O Fundo Nacional de Saúde adotará as medidas necessárias para a transferência dos recursos financeiros ao Fundo Estadual de Saúde do Acre, após a apuração da produção na Base de Dados dos Sistemas de Informações do SUS, mediante processo autorizativo encaminhado pela Secretaria de Atenção Especializada à Saúde.</p><p>Art. 3º O recurso orçamentário, objeto desta Portaria, correrá por conta do orçamento do Ministério da Saúde, devendo onerar o Programa de Trabalho 10.302.5018.8585 - Atenção à Saúde da População para procedimentos em Média e Alta Complexidade - Plano Orçamentário 0005 (Fundo de Ações Estratégicas e Compensação - FAEC).</p><p>Art. 4º Esta Portaria entra em vigor na data da sua publicação, com efeitos financeiros a partir da competência julho de 2022.</p><p class="assina">MARCELO ANTÔNIO CARTAXO QUEIROGA LOPES</p><p class="anexo">ANEXO</p><p /><p></p><table><tr /><tr><td rowspan="1" colspan="1"><p>UF</p></td><td rowspan="1" colspan="1"><p>IBGE</p></td><td rowspan="1" colspan="1"><p>MUNICÍPIO</p></td><td rowspan="1" colspan="1"><p>ESTABELECIMENTO</p></td><td rowspan="1" colspan="1"><p>CNES</p></td><td rowspan="1" colspan="1"><p>GESTÃO</p></td><td rowspan="1" colspan="1"><p>Nº PROPOSTA SAIPS</p></td><td rowspan="1" colspan="1"><p>CÓDIGO E DESCRIÇÃO DA HABILITAÇÃO</p></td></tr><tr><td rowspan="1" colspan="1"><p>AC</p></td><td rowspan="1" colspan="1"><p>120040</p></td><td rowspan="1" colspan="1"><p>RIO BRANCO</p></td><td rowspan="1" colspan="1"><p>CLINICA RENAL DO ACRE</p></td><td rowspan="1" colspan="1"><p>9879900</p></td><td rowspan="1" colspan="1"><p>ESTADUAL</p></td><td rowspan="1" colspan="1"><p>156433</p></td><td rowspan="1" colspan="1"><p>15.04 - ATENÇÃO ESPECIALIZADA EM DRC COM HEMODIALISE</p></td></tr><tr><td rowspan="1" colspan="1" /><td rowspan="1" colspan="1" /><td rowspan="1" colspan="1" /><td rowspan="1" colspan="1" /><td rowspan="1" colspan="1" /><td rowspan="1" colspan="1" /><td rowspan="1" colspan="1" /><td rowspan="1" colspan="1"><p>15.05 - ATENCAO ESPECIALIZADA EM DRC COM DIALISE PERITONEAL</p></td></tr></table>]]></Texto>
  </body>
  <Midias />
</article></xml>