﻿<xml><article id="27693162" name="PORT_2625_Faria_Lemos_MG_4753" idOficio="7353078" pubName="DO1" artType="Portaria" pubDate="25/08/2022" artClass="00014:00039:00000:00000:00000:00000:00000:00000:00000:00000:00054:00003" artCategory="Ministério do Desenvolvimento Regional/Secretaria Nacional de Proteção e Defesa Civil" artSize="12" artNotes="" numberPage="31" pdfPage="http://pesquisa.in.gov.br/imprensa/jsp/visualiza/index.jsp?data=25/08/2022&amp;jornal=515&amp;pagina=31" editionNumber="162" highlightType="" highlightPriority="" highlight="" highlightimage="" highlightimagename="" idMateria="14833276">
  <body>
    <Identifica><![CDATA[ PORTARIA Nº 2.625, DE 23 DE AGOSTO DE 2022]]></Identifica>
    <Data><![CDATA[]]></Data>
    <Ementa />
    <Titulo />
    <SubTitulo />
    <Texto><![CDATA[<p class="identifica">PORTARIA Nº 2.625, DE 23 DE AGOSTO DE 2022</p><p>A UNIÃO, por intermédio do MINISTÉRIO DO DESENVOLVIMENTO REGIONAL, neste ato representado pelo SECRETÁRIO NACIONAL DE PROTEÇÃO E DEFESA CIVIL, nomeado pela Portaria n. 830, de 25 de janeiro de 2019, publicada no DOU, de 25 de janeiro de 2019, Seção II, Edição Extra A, consoante delegação de competência conferida pela Portaria n. 2.708, de 28 de outubro de 2021, publicada no DOU de 29 de outubro de 2021, Seção 1, e tendo em vista o disposto na Lei nº 12.340, de 01 de dezembro de 2010, na Lei nº 12.608, de 10 de abril de 2012 e no Decreto nº 7.257, de 04 de agosto de 2010, resolve:</p><p>Art. 1° Prorrogar o prazo de execução das ações de recuperação, previsto no art. 5° da Portaria n. 1.503, de 21 de julho de 2021, constante no processo administrativo nº 59053.004753/2021-54, que autorizou a transferência de recursos ao Município de Faria Lemos - MG, para ações de Defesa Civil até 19/09/2022.</p><p>Art. 2° Ficam ratificados os demais dispositivos da Portaria acima citada, não alterados por esta.</p><p>Art. 3° Esta Portaria entra em vigor na data de sua assinatura.</p><p class="assina">ALEXANDRE LUCAS ALVES</p>]]></Texto>
  </body>
  <Midias />
</article></xml>