﻿<xml><article id="27697421" name="PORTARIA N 645" idOficio="7353721" pubName="DO1" artType="Portaria" pubDate="25/08/2022" artClass="00007:00047:00000:00000:00000:00000:00000:00000:00000:00000:00054:00003" artCategory="Ministério da Agricultura, Pecuária e Abastecimento/Secretaria de Defesa Agropecuária" artSize="12" artNotes="" numberPage="17" pdfPage="http://pesquisa.in.gov.br/imprensa/jsp/visualiza/index.jsp?data=25/08/2022&amp;jornal=515&amp;pagina=17" editionNumber="162" highlightType="" highlightPriority="" highlight="" highlightimage="" highlightimagename="" idMateria="14833985">
  <body>
    <Identifica><![CDATA[  PORTARIA SDA Nº  645, DE 23 DE AGOSTO DE 2022]]></Identifica>
    <Data><![CDATA[]]></Data>
    <Ementa><![CDATA[       Atualiza os requisitos fitossanitários para a importação de Triticum aestivum (grãos de trigo) com origem da Ucrânia. ]]></Ementa>
    <Titulo />
    <SubTitulo />
    <Texto><![CDATA[<p class="identifica">PORTARIA SDA Nº 645, DE 23 DE AGOSTO DE 2022</p><p class="ementa">Atualiza os requisitos fitossanitários para a importação de<em>Triticum aestivum</em>(grãos de trigo) com origem da Ucrânia.</p><p>O SECRETÁRIO DE DEFESA AGROPECUÁRIA - SUBSTITUTO, do Ministério da Agricultura, Pecuária e Abastecimento, no uso das atribuições que lhe conferem os arts. 24 e 68 do Anexo I do Decreto nº 10.827, de 30 de setembro de 2021, tendo em vista o disposto no Decreto nº 24.114, de 12 de abril de 1934, no Decreto nº 1.355, de 30 de dezembro de 1994, no Decreto nº 5.759, de 17 de abril de 2006, na Instrução Normativa nº 25, de 7 de abril de 2020, considerando o que consta nos autos do processo nº 21000.081606/2022-21, resolve:</p><p>Art. 1º Atualizar os requisitos fitossanitários para a importação de grãos (Categoria 3) de trigo (<em>Triticum aestivum</em>) produzidos na Ucrânia.</p><p>Art. 2º Os grãos de trigo devem estar livres de material de solo e resíduos vegetais.</p><p>Art. 3º O envio deve estar acompanhado de Certificado Fitossanitário - CF, emitido pela Organização Nacional de Proteção Fitossanitária - ONPF da Ucrânia, com as seguintes Declarações Adicionais:</p><p>I - "O envio foi tratado com fumigação (especificar produto, dose ou concentração, temperatura e tempo de exposição) para o controle dos ácaros Aleuroglyphus beklemishevi e Steneotarsonemus panshini, sob supervisão oficial.";</p><p>II - "O envio se encontra livre de Alternaria triticina, Anguina tritici, Apera spica-venti, Centaurea diffusa, Ceratobasidium cereale, Cirsium arvense, Descurainia sophia, Euphorbia helioscopia, Erwinia rhapontici, Galeopsis speciosa, Heterodera avenae, Hibiscus trionum, Lepidium draba, Lolium rigidum, Pseudomonas syringae pv. atrofaciens, Rhaponticum repens, Sisymbrium loeselii, Tilletia laevis, Solanum rostratum e Urocystis agropyri, e , de acordo com o resultado da análise oficial de laboratório Nº( ).", ou, "O local de produção de grãos de trigo foi inspecionado durante o ciclo da cultura e encontrado livre de Alternaria triticina, Anguina tritici, Apera spica-venti, Centaurea diffusa, Ceratobasidium cereale, Cirsium arvense, Descurainia sophia, Euphorbia helioscopia, Erwinia rhapontici, Galeopsis speciosa, Heterodera avenae, Hibiscus trionum, Lepidium draba, Lolium rigidum, Pseudomonas syringae pv. atrofaciens, Rhaponticum repens, Sisymbrium loeselii, Tilletia laevis, Solanum rostratum e Urocystis agropyri".</p><p>Art. 4º Os envios estão sujeitos à inspeção no ponto de ingresso (Inspeção Fitossanitária - IF), bem como à coleta de amostras para análise fitossanitária em laboratórios oficiais ou credenciados pelo Ministério da Agricultura, Pecuária e Abastecimento - MAPA.</p><p>§ 1º Os custos do envio das amostras e da análise fitossanitária serão com ônus para o interessado.</p><p>§ 2º A critério da fiscalização, o interessado poderá ficar como depositário do restante do envio até a conclusão do processo pela fiscalização.</p><p>Art. 5º No caso de interceptação de praga quarentenária ou de praga que apresente potencial quarentenário para o Brasil, o envio será destruído ou rechaçado e a Organização Nacional de Proteção Fitossanitária - ONPF da Ucrânia será notificada, podendo a Organização Nacional de Proteção Fitossanitária - ONPF do Brasil suspender as importações de grãos de trigo até a revisão da Análise de Risco de Pragas correspondente.</p><p>Art. 6º O envio não será internalizado quando descumprir as exigências estabelecidas nesta Portaria.</p><p>Art. 7º Ficam revogadas as:</p><p>I - Instrução Normativa SDA nº 44, de 29 de dezembro de 2005, publicada no D.O.U. nº 1, Seção 1, páginas 3 e 4, de 2 de janeiro de 2006,</p><p>II - Instrução Normativa SDA nº 43, de 18 de junho de 2020, publicada no D.O.U. nº 118, Seção 1, página 4, de 23 de junho de 2020.</p><p>Art. 8º Esta Portaria entra em vigor na data da sua publicação.</p><p class="assina">MÁRCIO REZENDE EVARISTO CARLOS</p><p></p>]]></Texto>
  </body>
  <Midias>
    <Midia></Midia>
  </Midias>
</article></xml>