﻿<xml><article id="27709391" name="Despacho Rel. LPMA 041033 e outr" idOficio="7355927" pubName="DO1" artType="Despacho" pubDate="25/08/2022" artClass="00011:00014:00000:00000:00000:00000:00000:00000:00000:00000:00024:00000" artCategory="Ministério da Ciência, Tecnologia e Inovações/Comissão Técnica Nacional de Biossegurança" artSize="12" artNotes="" numberPage="21" pdfPage="http://pesquisa.in.gov.br/imprensa/jsp/visualiza/index.jsp?data=25/08/2022&amp;jornal=515&amp;pagina=21" editionNumber="162" highlightType="" highlightPriority="" highlight="" highlightimage="" highlightimagename="" idMateria="14837154">
  <body>
    <Identifica><![CDATA[ DESPACHO DE  24 de agosto de 2022]]></Identifica>
    <Data><![CDATA[]]></Data>
    <Ementa />
    <Titulo />
    <SubTitulo />
    <Texto><![CDATA[<p class="identifica">DESPACHO DE 24 de agosto de 2022</p><p>O Presidente da Comissão Técnica Nacional de Biossegurança - CTNBio, no uso de suas atribuições e de acordo com o artigo 14, inciso XIX, da Lei 11.105/05 e do Art. 5º, inciso XIX do Decreto 5.591/05, torna público que na 249ª. Reunião Ordinária ocorrida em 10/03/2022, a CTNBio apreciou e emitiu parecer técnico deferindo os relatórios de liberação planejada no meio ambiente para os seguintes processos: 01250.041033/2017-87; 01250.050682/2017-79; 01250.004548/2019-68; 01250.044572/2018-59; 01200.002906/2015-60; 01245.002597/2020-79; 01250.035631/2019-89; 01245.008083/2021- 16; 01200.001723/2013-65; 01200.000545/2014-36; 01250.021415/2020-90.</p><p class="assina">PAULO AUGUSTO VIANNA BARROSO</p><p></p>]]></Texto>
  </body>
  <Midias />
</article></xml>