﻿<xml><article id="27710099" name="2022-08-24/7356022/ANMWS_1483731" idOficio="7356022" pubName="DO1" artType="Despacho" pubDate="25/08/2022" artClass="00023:00030:00019:00000:00000:00000:00000:00000:00000:00000:00024:00101" artCategory="Ministério de Minas e Energia/Agência Nacional de Mineração/Gerência Regional da ANM no Estado de Mato Grosso" artSize="12" artNotes="" numberPage="259" pdfPage="http://pesquisa.in.gov.br/imprensa/jsp/visualiza/index.jsp?data=25/08/2022&amp;jornal=515&amp;pagina=259" editionNumber="162" highlightType="" highlightPriority="" highlight="" highlightimage="" highlightimagename="" idMateria="14837312">
  <body>
    <Identifica><![CDATA[  DESPACHO  ]]></Identifica>
    <Data><![CDATA[]]></Data>
    <Ementa />
    <Titulo />
    <SubTitulo />
    <Texto><![CDATA[<p class="identifica">DESPACHO</p><p>Relação nº 101/2022</p><p>Fase de Requerimento de Lavra Garimpeira</p><p>O GERENTE REGIONAL DA AGÊNCIA NACIONAL DE MINERAÇÃO, no uso da competência delegada de que trata o Art. 1°, inciso V da Portaria Nº 1056, de 30 de junho de 2022, publicada no Diário Oficial da União de 01 de Julho de 2022, outorga as seguintes Permissões de Lavra Garimpeira, com vigência a partir dessa publicação:(513)</p><p>PLG N°204/2022 - 866.617/2017-OTHONIEL DE MATTOS QUEIROZ - Prazo 05 (cinco) anos</p><p>PLG N°203/2022 - 866.616/2017-OTHONIEL DE MATTOS QUEIROZ - Prazo 05 (Cinco) anos</p><p>PLG N°205/2022 - 866.618/2017-OTHONIEL DE MATTOS QUEIROZ - Prazo 05 (Cinco) anos</p><p class="assina">LEVI SALIÉS FILHO</p><p class="cargo">Gerente</p>]]></Texto>
  </body>
  <Midias />
</article></xml>