﻿<xml><article id="27716831" name="PORTARIA GM-MD NA 4489_2" idOficio="7356051" pubName="DO1" artType="Portaria" pubDate="25/08/2022" artClass="00013:00001:00000:00000:00000:00000:00000:00000:00000:00000:00054:00011" artCategory="Ministério da Defesa/Gabinete do Ministro" artSize="12" artNotes="" numberPage="30" pdfPage="http://pesquisa.in.gov.br/imprensa/jsp/visualiza/index.jsp?data=25/08/2022&amp;jornal=515&amp;pagina=30" editionNumber="162" highlightType="" highlightPriority="" highlight="" highlightimage="" highlightimagename="" idMateria="14837403">
  <body>
    <Identifica />
    <Data><![CDATA[]]></Data>
    <Ementa />
    <Titulo />
    <SubTitulo />
    <Texto><![CDATA[<p>Art. 2º O distintivo constituirá peça única estampada em ouro esmaltada nas partes coloridas;</p><p>Art. 3º O distintivo de que trata esta Portaria identificará os concludentes do CDNPL, a partir de 2022, inclusive.</p><p>Art. 4º O uso do distintivo pelos concludentes do CDNPL observará as seguintes prescrições:</p><p>I - para os militares, far-se-á de acordo com o regulamento de uniformes de cada Força Armada ou Força Auxiliar; e</p><p>II - para os civis, fica assegurado o uso da miniatura do distintivo, na altura da lapela.</p><p>Art. 5º Esta Portaria entra em vigor na 1º de setembro de 2022.</p><p class="assina">PAULO SÉRGIO NOGUEIRA DE OLIVEIRA</p>]]></Texto>
  </body>
  <Midias />
</article></xml>