﻿<xml><article id="27701462" name="ADE4NATAL109" idOficio="7354532" pubName="DO1" artType="Ato Declaratório" pubDate="25/08/2022" artClass="00015:00045:00432:00096:00010:00000:00000:00000:00000:00000:00007:00000" artCategory="Ministério da Economia/Secretaria Especial da Receita Federal do Brasil/Subsecretaria-Geral da Receita Federal do Brasil/Superintendência Regional da 4ª Região Fiscal/Delegacia da Receita Federal do Brasil em Natal" artSize="12" artNotes="" numberPage="209" pdfPage="http://pesquisa.in.gov.br/imprensa/jsp/visualiza/index.jsp?data=25/08/2022&amp;jornal=515&amp;pagina=209" editionNumber="162" highlightType="" highlightPriority="" highlight="" highlightimage="" highlightimagename="" idMateria="14835019">
  <body>
    <Identifica><![CDATA[ ATO DECLARATÓRIO EXECUTIVO EBEN/DEVAT/SRRF04/RFB Nº  109, DE 22 de agosto de 2022]]></Identifica>
    <Data><![CDATA[]]></Data>
    <Ementa><![CDATA[ Habilitar a Pessoa Jurídica que menciona a operar no regime de redução do IRPJ, inclusive adicionais não restituíveis, calculados com base no Lucro da Exploração.]]></Ementa>
    <Titulo />
    <SubTitulo />
    <Texto><![CDATA[<p class="identifica">ATO DECLARATÓRIO EXECUTIVO EBEN/DEVAT/SRRF04/RFB Nº 109, DE 22 de agosto de 2022</p><p class="ementa">Habilitar a Pessoa Jurídica que menciona a operar no regime de redução do IRPJ, inclusive adicionais não restituíveis, calculados com base no Lucro da Exploração.</p><p>O DELEGADO DA RECEITA FEDERAL DO BRASIL EM NATAL (RN), no uso das atribuições que lhe confere o art. 3º do Decreto nº 4.213, de 2002; no que disciplina: o art. 360, inciso III, do Regimento Interno da Secretaria da Receita Federal do Brasil, aprovado pela Portaria ME nº 284, de 27 de julho de 2020, publicada no Diário Oficial da União, de 27 de julho de 2020; a Portaria SRRF04 nº 50, de 21 de maio de 2021, considerando o disposto na Medida Provisória nº 2.199-14, de 2001, com a redação dada pelo art. 69 da Lei nº 12.715, de 2012, nos Decretos nº 4.213, de 2002 e no Decreto nº 6.539, de 2008, sem prejuízo das demais normas em vigor que regem a matéria, tendo em vista o que consta do Processo Administrativo nº 19614.724497/2022-89, formalizado em 12/01/2022, e seu Despacho Decisório nº 3.235/2022 - EBEN/SRRF/04, de 22/08/2022, declara:</p><p>Art. 1º - HABILITADA a operar como beneficiária do regime de REDUÇÃO de 75% (setenta e cinco por cento) do IRPJ, inclusive adicionais não restituíveis, calculados com base no lucro da exploração, pelo prazo de 10 (dez) anos, a pessoa jurídica SUAPE AMBIENTAL LTDA, CNPJ nº 04.190.998/0001-95, em razão da condição onerosa de INSTALAÇÃO de Empreendimento na área de atuação da SUDENE, na forma do artigo 3º do Decreto nº 4.213/2002 e conforme Laudo Constitutivo nº 0093/2021, emitido pelo Ministério do Desenvolvimento Regional, por meio da SUDENE, e de acordo com o que consta do mencionado processo administrativo nº 19614.724497/2022-89.</p><p>Art. 2º - Fica o benefício à redução, mencionado no artigo 1º, concedido exclusivamente ao estabelecimento Matriz da Pessoa Jurídica SUAPE AMBIENTAL LTDA, CNPJ nº 04.190.998/0001-95, localizado na Estrada T D R Norte, nº 3.575, Zona Industrial de Suape, Distrito Industrial de Suape, Município Cabo de Santo Agostinho, Estado de Pernambuco - CEP 54590-000, que versa sobre a condição onerosa de Instalação de empreendimento na área de atuação da Superintendência do Desenvolvimento do Nordeste - SUDENE, cuja atividade incentivada a ser contemplada é a de Tratamento e disposição de resíduos perigosos - 1 - Resíduo de Óleo, conforme Laudo Constitutivo nº 0093/2021 e anexos I e II, enquadrada, pela SUDENE, no setor prioritário de Indústria de Transformação - Químicos, na forma do art. 2º, inciso VI, alínea "a", do Decreto nº 4.213, de 26/04/2002; como consta do Anexo I do Laudo Constitutivo, com início de fruição em 01/01/2022 e término em 31/12/2031, ficando excluídas do benefício as demais atividades objetos da empresa em questão.</p><p>Art. 3º - Demais critérios e condições deverão obedecer ao estabelecido no Laudo Constitutivo nº 0093//2021, seus Anexos I e II, bem como na Instrução Normativa SRF nº 267/2002.</p><p>Art. 4º - Este Ato Declaratório entra em vigor na data de sua publicação no Diário Oficial da União.</p><p class="assina">WYLLO MARQUES FERREIRA JÚNIOR</p>]]></Texto>
  </body>
  <Midias />
</article></xml>