﻿<xml><article id="27703406" name="Atos Declaratorios CVM 20.100 a " idOficio="7354858" pubName="DO1" artType="Ato Declaratório" pubDate="25/08/2022" artClass="00015:00047:00012:00020:00003:00000:00000:00000:00000:00000:00007:00000" artCategory="Ministério da Economia/Comissão de Valores Mobiliários/Superintendência-Geral/Superintendência de Supervisão de Investidores Institucionais/Gerência de Acompanhamento de Investidores Institucionais" artSize="12" artNotes="" numberPage="214" pdfPage="http://pesquisa.in.gov.br/imprensa/jsp/visualiza/index.jsp?data=25/08/2022&amp;jornal=515&amp;pagina=214" editionNumber="162" highlightType="" highlightPriority="" highlight="" highlightimage="" highlightimagename="" idMateria="14835517">
  <body>
    <Identifica><![CDATA[ ATOS DECLARATÓRIOS CVM DE 24 DE AGOSTO DE 2022]]></Identifica>
    <Data><![CDATA[]]></Data>
    <Ementa />
    <Titulo />
    <SubTitulo />
    <Texto><![CDATA[<p class="identifica">ATOS DECLARATÓRIOS CVM DE 24 DE AGOSTO DE 2022</p><p>Nº 20.100 - O Gerente de Acompanhamento de Investidores Institucionais da Comissão de Valores Mobiliários, no uso da competência dada pela Resolução CVM nº 24, de 5 de março de 2021, autoriza DANIEL ZAMBONI CORREA, CPF nº 347.893.528-89, a prestar os serviços de Consultor de Valores Mobiliários, previstos na Resolução CVM nº 19, de 25 de fevereiro de 2021.</p><p>Nº 20.101 - O Gerente de Acompanhamento de Investidores Institucionais da Comissão de Valores Mobiliários, no uso da competência dada pela Resolução CVM nº 24, de 5 de março de 2021, autoriza a FLIP INVESTIMENTOS LTDA., CNPJ nº 33.898.234, a prestar os serviços de Consultor de Valores Mobiliários, previstos na Resolução CVM nº 19, de 25 de fevereiro de 2021.</p><p>Nº 20.102 - O Gerente de Acompanhamento de Investidores Institucionais da Comissão de Valores Mobiliários, no uso da competência dada pela Resolução CVM nº 24, de 5 de março de 2021, autoriza FERNANDO RIBEIRO STARCK CRESTANA, CPF nº 324.726.498-19, a prestar os serviços de Consultor de Valores Mobiliários, previstos na Resolução CVM nº 19, de 25 de fevereiro de 2021.</p><p class="assina">ARTUR PEREIRA DE SOUZA</p>]]></Texto>
  </body>
  <Midias />
</article></xml>