﻿<xml><article id="27710273" name="pt 2652" idOficio="7356050" pubName="DO1" artType="Portaria" pubDate="25/08/2022" artClass="00027:00002:00000:00000:00000:00000:00000:00000:00000:00000:00054:00000" artCategory="Ministério do Trabalho e Previdência/Secretaria Executiva" artSize="12" artNotes="" numberPage="283" pdfPage="http://pesquisa.in.gov.br/imprensa/jsp/visualiza/index.jsp?data=25/08/2022&amp;jornal=515&amp;pagina=283" editionNumber="162" highlightType="" highlightPriority="" highlight="" highlightimage="" highlightimagename="" idMateria="14837401">
  <body>
    <Identifica><![CDATA[ PORTARIA SE/MTP Nº 2.652, DE 24 DE AGOSTO DE 2022]]></Identifica>
    <Data><![CDATA[]]></Data>
    <Ementa />
    <Titulo />
    <SubTitulo />
    <Texto><![CDATA[<p class="identifica">PORTARIA SE/MTP Nº 2.652, DE 24 DE AGOSTO DE 2022</p><p>O SECRETÁRIO-EXECUTIVO DO MINISTÉRIO DO TRABALHO E PREVIDÊNCIA, no uso de suas atribuições e tendo em vista a Portaria MTP nº 158, de 1º de setembro de 2021, publicada no DOU de 2 de setembro de 2021, seção 1, página 152, resolve:</p><p>Art. 1º Delegar competência ao Ordenador de Despesas da Unidade Gestora UG 170595 - SEPRT-ME, para praticar os atos de gestão da unidade, inclusive no que diz respeito à designação de servidores como responsáveis pela Conformidade dos Registros de Gestão, bem como de servidores para a realização pesquisa de preços, escolha de tarifa e autorização de emissão de passagens das viagens autorizadas no âmbito da referida UG.</p><p>Art. 2º Ficam convalidados os atos praticados, a partir de 4 de fevereiro de 2022, de acordo com a Portaria SEPRT-ME nº 94, de 15 de fevereiro de 2019, publicada no Diário Oficial da União de 18 de fevereiro de 2019, seção 2, página 24.</p><p>Art. 3º Fica convalidada a Portaria SE/MTP nº 2610, de 22 de agosto de 2022, publicada no BGP de 23 de agosto de 2022 - Ano 6 - Edição 8-18.</p><p>Art. 4º Esta Portaria entra em vigor na data de sua publicação.</p><p class="assina">LUCIO RODRIGUES CAPELLETTO</p>]]></Texto>
  </body>
  <Midias />
</article></xml>