﻿<xml><article id="27704411" name="Pauta da 217 Extra" idOficio="7355074" pubName="DO1" artType="Pauta" pubDate="25/08/2022" artClass="00043:00012:00001:00002:00000:00000:00000:00000:00000:00000:00053:00000" artCategory="Ministério Público da União/Ministério Público do Trabalho/Procuradoria-Geral/Conselho Superior" artSize="12" artNotes="" numberPage="292" pdfPage="http://pesquisa.in.gov.br/imprensa/jsp/visualiza/index.jsp?data=25/08/2022&amp;jornal=515&amp;pagina=292" editionNumber="162" highlightType="" highlightPriority="" highlight="" highlightimage="" highlightimagename="" idMateria="14835770">
  <body>
    <Identifica><![CDATA[ PAUTA DA 217ª SESSÃO EXTRAORDINÁRIA A SER REALIZADA EM 29 DE AGOSTO DE 2022]]></Identifica>
    <Data><![CDATA[]]></Data>
    <Ementa />
    <Titulo />
    <SubTitulo />
    <Texto><![CDATA[<p class="identifica">PAUTA DA 217ª SESSÃO EXTRAORDINÁRIA A SER REALIZADA EM 29 DE AGOSTO DE 2022</p><p>Hora: 14 horas.</p><p>Local: Sala de sessões do Conselho Superior do Ministério Público do Trabalho - Setor de Autarquia Norte - SAUN, Quadra 05, Lote "C", Torre "A", Centro Empresarial CNC, 17º andar, Asa Norte - Brasília-DF.</p><p>Ordem do Dia.</p><p>I - Procedimento(s) de promoção.</p><p>01 - PGEA nº 20.02.0001.0007143/2022-75.</p><p>Interessado: Conselho Superior do Ministério Público do Trabalho.</p><p>Assunto: Promoção ao cargo de Procurador(a) Regional do Trabalho em vaga decorrente da aposentadoria da Procuradora Regional do Trabalho Aida Glanz - Critério merecimento.</p><p>Relatora: Conselheira Edelamare Barbosa Melo.</p><p>02 - PGEA nº 20.02.0001.0007940/2022-90.</p><p>Interessado: Conselho Superior do Ministério Público do Trabalho.</p><p>Assunto: Promoção ao cargo de Procurador(a) Regional do Trabalho em vaga decorrente da aposentadoria da Procuradora Regional do Trabalho Elizabeth Veiga Chaves - Critério antiguidade.</p><p>Relator: Conselheiro Francisco Gérson Marques de Lima.</p><p>II - Outros feitos.</p><p>03 - PGEA nº 20.02.1000.0000785/2022-04</p><p>Requerente: Procuradoria Regional do Trabalho da 10ª Região.</p><p>Assunto: Proposta para alteração da Portaria PGT nº 826.2019, para que sejam deslocados 2 (dois) Ofícios Especializados da Divisão 3 (CONAFRET, CONAP, CONALIS e CONATPA), sendo 1 (um) para a Divisão 1 (CODEMAT) e 1 (um) para a Divisão 2 (CONAETE, COORDIGUALDADE e COORDINFÂNCIA).</p><p>Relatora: Conselheira Edelamare Barbosa Melo.</p><p>04 - PGEA nº 20.02.0001.0008778/2022-65.</p><p>Proponente: Fábio Leal Cardoso - Subprocurador-Geral do Trabalho.</p><p>Assunto: Proposta de alteração da Resolução CSMPT nº 191, de 28/09/2021, que dispõe sobre promoção por antiguidade e os critérios de aferição do merecimento nas promoções dos membros e das membras do MPT.</p><p>Relatora: Conselheira Edelamare Barbosa Melo.</p><p>O(s) processo(s) constante(s) desta pauta que não for(em) julgado(s) nesta Sessão fica(m) automaticamente adiado(s) para as próximas que se seguirem, independentemente de nova inclusão em pauta.</p><p class="assina">JOSÉ DE LIMA RAMOS PEREIRA</p><p class="cargo">Presidente do Conselho</p><p class="assina">FÁBIO LEAL CARDOSO</p><p class="cargo">Conselheiro-Secretário</p>]]></Texto>
  </body>
  <Midias />
</article></xml>