﻿<xml><article id="27707576" name="24.08.22 AverbaAAo" idOficio="7355652" pubName="DO1" artType="Despacho" pubDate="25/08/2022" artClass="00020:00032:00005:00003:00001:00646:00000:00000:00000:00000:00024:00000" artCategory="Ministério da Justiça e Segurança Pública/Secretaria Nacional de Justiça/Departamento de Migrações/Coordenação-Geral de Política Migratória/Coordenação de Processos Migratórios/Divisão de Naturalização" artSize="12" artNotes="" numberPage="254" pdfPage="http://pesquisa.in.gov.br/imprensa/jsp/visualiza/index.jsp?data=25/08/2022&amp;jornal=515&amp;pagina=254" editionNumber="162" highlightType="" highlightPriority="" highlight="" highlightimage="" highlightimagename="" idMateria="14836759">
  <body>
    <Identifica><![CDATA[ DESPACHOS  ]]></Identifica>
    <Data><![CDATA[]]></Data>
    <Ementa />
    <Titulo />
    <SubTitulo />
    <Texto><![CDATA[<p></p><p class="identifica">DESPACHOS</p><p>A CHEFE DA DIVISÃO DE NATURALIZAÇÃO DO DEPARTAMENTO DE MIGRAÇÕES, DA SECRETARIA NACIONAL DE JUSTIÇA, no uso de suas atribuições legais,</p><p>Declara que a correta grafia do nome de Majid Khalil H Abu Marjoub, incluído na Portaria nº 944, de 12 de agosto de 2022, publicada no Diário Oficial da União de 15 de agosto de 2022, é MAJD KHALIL H ABU MARJOUB, e não como constou. Processo nº 235881.0020847/2021</p><p>A CHEFE DA DIVISÃO DE NATURALIZAÇÃO DO DEPARTAMENTO DE MIGRAÇÕES, DA SECRETARIA NACIONAL DE JUSTIÇA, no uso de suas atribuições legais,</p><p>Declara que a exata data de nascimento de Eleonora Charlotte Taliani, incluído na Portaria nº 384, de 25 de abril de 2022, publicada no Diário Oficial da União de 26 de abril de 2022, é 25 de setembro de 2001, e não como constou. Processo nº 08084.005016/2022-51</p><p>A CHEFE DA DIVISÃO DE NATURALIZAÇÃO DO DEPARTAMENTO DE MIGRAÇÕES, DA SECRETARIA NACIONAL DE JUSTIÇA, no uso de suas atribuições legais,</p><p>Declara que o exato nome da genitora de Lilian Julieth Manzur Ysmael, incluído na Portaria nº 565, de 27 de agosto de 1982, publicada no Diário Oficial da União de 07 de outubro de 1982, é FATIMA ISMAEL DE MANZUR, e não como constou. Processo nº 08000.021608/2022-01</p><p>A CHEFE DA DIVISÃO DE NATURALIZAÇÃO DO DEPARTAMENTO DE MIGRAÇÕES, DA SECRETARIA NACIONAL DE JUSTIÇA, no uso de suas atribuições legais,</p><p>Declara que o nome e naturalidade corretos de AHMED SHEIKHAH ASHRAF ABDULKHAEQ, incluídos na Portaria nº 978, de 19 de agosto de 2022, publicada no Diário Oficial da União de 22 de agosto de 2022, são: SHEIKHAH ASHRAF ABDULKHAEQ AHMED, natural da China, e não como constou. Processo nº 08018.045937/2022-41</p><p>A CHEFE DA DIVISÃO DE NATURALIZAÇÃO DO DEPARTAMENTO DE MIGRAÇÕES, DA SECRETARIA NACIONAL DE JUSTIÇA, no uso de suas atribuições legais,</p><p>Declara que a exata data de nascimento de MD SAIDUL ISLAM, incluído na Portaria nº 976, de 19 de agosto de 2022, publicada no Diário Oficial da União de 22 de agosto de 2022, é 15 de Março de 1988, e não como constou. Processo nº 08018.046416/2022-19</p><p class="assina">MARTHA PACHECO BRAZ</p><p></p>]]></Texto>
  </body>
  <Midias />
</article></xml>