﻿<xml><article id="27707178" name="PA2022-8852" idOficio="7355575" pubName="DO1" artType="Portaria" pubDate="25/08/2022" artClass="00019:00034:00035:00008:00000:00000:00000:00000:00000:00000:00054:00000" artCategory="Ministério da Infraestrutura/Agência Nacional de Aviação Civil/Superintendência de Padrões Operacionais/Gerência de Operações da Aviação Geral" artSize="12" artNotes="" numberPage="238" pdfPage="http://pesquisa.in.gov.br/imprensa/jsp/visualiza/index.jsp?data=25/08/2022&amp;jornal=515&amp;pagina=238" editionNumber="162" highlightType="" highlightPriority="" highlight="" highlightimage="" highlightimagename="" idMateria="14836636">
  <body>
    <Identifica><![CDATA[ PORTARIA Nº 8.852, DE 15 DE AGOSTO DE 2022]]></Identifica>
    <Data><![CDATA[]]></Data>
    <Ementa />
    <Titulo />
    <SubTitulo />
    <Texto><![CDATA[<p class="identifica">PORTARIA Nº 8.852, DE 15 DE AGOSTO DE 2022</p><p>O GERENTE DE OPERAÇÕES DA AVIAÇÃO GERAL, no uso das atribuições que lhe confere o art. 8º da Portaria nº 4.919/SPO, de 30 de abril de 2021, tendo em vista o disposto no Regulamento Brasileiro da Aviação Civil - RBAC nº 137 e na Lei nº 7.565, de 19 de dezembro de 1986, e considerando o que consta do processo nº 00058.048389/2022-22, resolve:</p><p>Art. 1º Prorrogar por tempo indeterminado as validades das autorizações para condução de operações RVSM (LOA RVSM) emitidas segundo a Instrução Suplementar nº 91-005, que possuem data de vencimento posterior a 1º de agosto de 2022.</p><p>Art. 2º Prorrogar por tempo indeterminado as validades das autorizações para condução de operaçõess de navegação baseada em desempenho - LOA PBN - emitidas segundo a Instrução Suplementar nº 91-001, que possuem data de vencimento posterior a 1º de agosto de 2022.</p><p>Art. 3º Os procedimentos de treinamento de tripulação, manutenção de aeronaves e equipamentos, bem como eventuais verificações operacionais necessárias para a realização destas operações deverão continuar sendo integralmente cumpridas pelo operador aéreo conforme requisitos da Subparte N do Regulamento Brasileiro da Aviação Civil - RBAC nº 91 e os parâmetros descritos na IS nº 91-001 e na IS nº 91-005, incluindo as disposições da seção 91.1709 do RBAC nº 91 quanto à aprovação em voo de monitoramento nos prazos descritos no item 5.4.1.1 da IS nº 91-005.</p><p>Art. 4º A ANAC poderá a qualquer tempo solicitar aos operadores aéreos evidências acerca da conformidade das operações realizadas com relação aos regulamentos e normas da ANAC, sendo que eventuais inconformidades ou violações poderão ensejar na suspensão ou revogação da autorização.</p><p>Art. 5º Caso haja interesse, operador que se enquadre nas condições acima solicitar à ANAC a emissão de LOA RVSM ou LOA PBN no novo formato que não possui validade indicada e, neste caso, não caberá cobrança de Taxa de Fiscalização da Aviação Civil - TFAC.</p><p>Art. 6º A versão em língua inglesa desta Portaria encontra-se disponível na página "Legislação" (endereço eletrônico https://www.anac.gov.br/assuntos/legislacao) desta Agência, na rede mundial de computadores.</p><p>Art. 7º Esta Portaria entra em vigor na data de sua publicação.</p><p class="assina">BRUNO DINIZ DEL BEL</p>]]></Texto>
  </body>
  <Midias />
</article></xml>