﻿<xml><article id="27699336" name="Portaria - DREI 7555" idOficio="7354132" pubName="DO1" artType="Portaria" pubDate="25/08/2022" artClass="00015:00043:00011:00002:00000:00000:00000:00000:00000:00000:00054:00000" artCategory="Ministério da Economia/Secretaria Especial de Produtividade e Competitividade/Secretaria de Inovação e Micro e Pequenas Empresas/Departamento Nacional de Registro Empresarial e Integração" artSize="12" artNotes="" numberPage="208" pdfPage="http://pesquisa.in.gov.br/imprensa/jsp/visualiza/index.jsp?data=25/08/2022&amp;jornal=515&amp;pagina=208" editionNumber="162" highlightType="" highlightPriority="" highlight="" highlightimage="" highlightimagename="" idMateria="14834486">
  <body>
    <Identifica><![CDATA[ PORTARIA Nº 7.555, DE 24 DE AGOSTO DE 2022]]></Identifica>
    <Data><![CDATA[]]></Data>
    <Ementa />
    <Titulo />
    <SubTitulo />
    <Texto><![CDATA[<p class="identifica">PORTARIA Nº 7.555, DE 24 DE AGOSTO DE 2022</p><p>O DIRETOR DO DEPARTAMENTO NACIONAL DE REGISTRO EMPRESARIAL E INTEGRAÇÃO SUBSTITUTO, no uso da competência que lhe foi subdelegada pela Portaria nº 277, de 6 de junho de 2019, do Senhor Ministro de Estado da Economia, Substituto, e tendo em vista o disposto no art. 1.139 da Lei nº 10.406, de 10 de janeiro de 2002 - Código Civil, e demais informações que constam nos autos do Processo nº 19974.101753/2022-76, resolve:</p><p>Art. 1º Aprovar, para que produza efeitos no território brasileiro, as deliberações constantes do Ata nº 108, da Assembleia Extraordinária de Acionistas, de 21 de junho de 2022, concernente às alterações no Estatuto da sociedade estrangeira QUIPUX S.A.S., autorizada a funcionar no Brasil pela Portaria nº 18, de 07 de maio de 2012, publicada no Diário Oficial da União (DOU), de 08 de maio de 2012.</p><p>Art. 2º Esta Portaria entra em vigor na data de sua publicação.</p><p class="assina">FREDERICO SILVA E CUNHA</p>]]></Texto>
  </body>
  <Midias />
</article></xml>