﻿<xml><article id="27699624" name="904" idOficio="7354186" pubName="DO1" artType="Portaria" pubDate="25/08/2022" artClass="00015:00050:00032:00008:00000:00000:00000:00000:00000:00000:00054:00012" artCategory="Ministério da Economia/Superintendência de Seguros Privados/Diretoria Técnica 1/Coordenação-Geral de Regimes Especiais, Autorizações e Julgamentos" artSize="12" artNotes="" numberPage="216" pdfPage="http://pesquisa.in.gov.br/imprensa/jsp/visualiza/index.jsp?data=25/08/2022&amp;jornal=515&amp;pagina=216" editionNumber="162" highlightType="" highlightPriority="" highlight="" highlightimage="" highlightimagename="" idMateria="14834515">
  <body>
    <Identifica><![CDATA[ PORTARIA CGRAJ/SUSEP Nº 904, DE 23 de AGOSTO DE 2022]]></Identifica>
    <Data><![CDATA[]]></Data>
    <Ementa />
    <Titulo />
    <SubTitulo />
    <Texto><![CDATA[<p class="identifica">PORTARIA CGRAJ/SUSEP Nº 904, DE 23 de AGOSTO DE 2022</p><p>O COORDENADOR-GERAL DE REGIMES ESPECIAIS, AUTORIZAÇÕES E JULGAMENTOS DA SUPERINTENDÊNCIA DE SEGUROS PRIVADOS - SUSEP, no uso da competência subdelegada pelo Superintendente da Susep, por meio da Portaria nº 7.861, de 22 de setembro de 2021, tendo em vista o disposto na alínea 'a' do artigo 36 do Decreto-Lei nº 73, de 21 de novembro de 1966, e o que consta do processo Susep nº 15414.609914/2022-60, resolve:</p><p>Art.1º Homologar as seguintes deliberações tomadas pelos acionistas de PORTO SEGURO VIDA E PREVIDÊNCIA S.A., CNPJ nº 58.768.284/0001-40, com sede na cidade de São Paulo - SP, nas assembleias gerais ordinária e extraordinária realizadas cumulativamente em 30 de março de 2022:</p><p>I - eleição de administradores; e</p><p>II - reforma e consolidação do estatuto social.</p><p>Art. 2º Esta portaria entra em vigor na data de sua publicação.</p><p class="assina">CARLOS AUGUSTO PINTO FILHO</p><p></p>]]></Texto>
  </body>
  <Midias />
</article></xml>