﻿<xml><article id="27701432" name="ADE8SOROCABA211" idOficio="7354532" pubName="DO1" artType="Ato Declaratório" pubDate="25/08/2022" artClass="00015:00045:00432:00100:00025:00000:00000:00000:00000:00000:00007:00003" artCategory="Ministério da Economia/Secretaria Especial da Receita Federal do Brasil/Subsecretaria-Geral da Receita Federal do Brasil/Superintendência Regional da 8ª Região Fiscal/Delegacia da Receita Federal do Brasil em Sorocaba" artSize="12" artNotes="" numberPage="212" pdfPage="http://pesquisa.in.gov.br/imprensa/jsp/visualiza/index.jsp?data=25/08/2022&amp;jornal=515&amp;pagina=212" editionNumber="162" highlightType="" highlightPriority="" highlight="" highlightimage="" highlightimagename="" idMateria="14835026">
  <body>
    <Identifica><![CDATA[ ATO DECLARATÓRIO EXECUTIVO Nº 211, DE 19 DE AGOSTO DE 2022]]></Identifica>
    <Data><![CDATA[]]></Data>
    <Ementa><![CDATA[ Concede o Registro Especial de Controle de Papel Imune - Regpi]]></Ementa>
    <Titulo />
    <SubTitulo />
    <Texto><![CDATA[<p class="identifica">ATO DECLARATÓRIO EXECUTIVO Nº 211, DE 19 DE AGOSTO DE 2022</p><p class="ementa">Concede o Registro Especial de Controle de Papel Imune - Regpi</p><p>O AUDITOR-FISCAL DA RECEITA FEDERAL DO BRASIL, no exercício das atribuições que lhes são conferidas pela Portaria SRRF08 nº 229, de 30 de junho de 2022 (publicada no Diário Oficial da União em 05/07/2022, seção 1, página 186), tendo em vista o disposto na Lei nº 11.945, de 4 de junho de 2009, e na Instrução Normativa RFB nº 1.817, de 20 de julho de 2018, e considerando o que consta no processo nº 13032.241117/2022-30, declara:</p><p>Art. 1º Concedido, pelo prazo de 3 (três) anos a contar da data de publicação deste ADE, o Registro Especial de Controle de Papel Imune (Regpi) sob o número de inscrição GP-08107/00178 para atividade de GRÁFICA, ao seguinte estabelecimento:</p><p>Estabelecimento: 37.167.690/0001-88</p><p>Razão Social: PRAVALER GESTÃO EDUCACIONAL E EDITORIAL LTDA.</p><p>Endereço: Rua Ângelo Pulani, 43 - Pq. Ind. Francisco Antônio Abdo</p><p>CEP 15823-000 - Elisário - SP</p><p>Art. 2º A pessoa jurídica detentora do Registro deverá observar a legislação tributária relativa às operações com papel destinado à impressão de livros, jornais e periódicos, em especial os requisitos e exigências da Lei nº 11.945, de 2009, e da Instrução Normativa RFB nº 1.817, de 2018.</p><p>Art. 3º Este Ato Declaratório Executivo entra em vigor na data de sua publicação no Diário Oficial da União.</p><p class="assina">JOSÉ ROBERTO FONSECA</p>]]></Texto>
  </body>
  <Midias />
</article></xml>