﻿<xml><article id="27703672" name="resolucao_2769_ 2022 COAFE" idOficio="7354933" pubName="DO1" artType="Resolução" pubDate="25/08/2022" artClass="00026:00034:00016:00006:00002:00000:00000:00000:00000:00000:00064:32769" artCategory="Ministério da Saúde/Agência Nacional de Vigilância Sanitária/4ª Diretoria/Gerência-Geral de Inspeção e Fiscalização Sanitária/Coordenação de Autorização de Funcionamento de Empresas" artSize="12" artNotes="" numberPage="270" pdfPage="http://pesquisa.in.gov.br/imprensa/jsp/visualiza/index.jsp?data=25/08/2022&amp;jornal=515&amp;pagina=270" editionNumber="162" highlightType="" highlightPriority="" highlight="" highlightimage="" highlightimagename="" idMateria="14835546">
  <body>
    <Identifica><![CDATA[ RESOLUÇÃO-RE Nº 2.769, DE 24 DE AGOSTO DE 2022]]></Identifica>
    <Data><![CDATA[]]></Data>
    <Ementa />
    <Titulo />
    <SubTitulo />
    <Texto><![CDATA[<p class="identifica">RESOLUÇÃO-RE Nº 2.769, DE 24 DE AGOSTO DE 2022</p><p>O Coordenador de Autorização de Funcionamento de Empresas, no uso das atribuições que lhe confere o art. 144, aliado ao art. 203, I, §1° do Regimento Interno aprovado pela Resolução de Diretoria Colegiada - RDC n° 585, de 10 de dezembro de 2021, resolve:</p><p>Art. 1º. Conceder Autorização Especial para Empresas de Medicamentos e de Insumos Farmacêuticos, constantes no anexo desta Resolução, de acordo com a Portaria n°. 344, de 12 de maio de 1998 e suas atualizações, observando-se as proibições e restrições estabelecidas.</p><p>Art. 2º Esta Resolução entra em vigor na data de sua publicação.</p><p class="assina">DANIEL MARCOS PEREIRA DOURADO</p><p class="anexo">ANEXO</p><p>ORIONX TRANSPORTES E LOGISTICA LTDA / 42.970.999/0001-41</p><p>25351.258109/2022-07 / 1278873</p><p>7176 - AE - CONCESSÃO - MEDICAMENTOS E INSUMOS FARMACÊUTICOS - TRANSPORTADORA DO PRODUTO SUJEITO A CONTROLE ESPECIAL / 4500303227</p><p>OLIVEIRA E MOTTA MANIPULACAO DE MEDICAMENTOS VETERINARIOS LTDA / 22.934.663/0001-16</p><p>25351.265570/2022-16 / 1278902</p><p>705 - AE - CONCESSÃO - FARMÁCIA DE MANIPULAÇÃO / 4508008229</p><p>PHARBOX DISTRIBUIDORA FARMACEUTICA DE MEDICAMENTOS LTDA / 20.820.379/0001-93</p><p>25351.237459/2022-21 / 1279223</p><p>704 - AE - CONCESSÃO - MEDICAMENTOS E INSUMOS FARMACÊUTICOS - DISTRIBUIDORA DO PRODUTO SUJEITO A CONTROLE ESPECIAL / 4482712221</p><p>Integrated Petroleum Expertise Company - Servicos em Petroleo LTDA / 06.940.354/0004-45</p><p>25351.280597/2022-21 / 1279380</p><p>70309 - AE - CONCESSÃO - LABORATÓRIOS OU INSTITUIÇÕES DE PESQUISA (EXCETO INDÚSTRIA E FARMÁCIA DE MANIPULAÇÃO) / 4519097223</p><p>LD CARGO - SOLUÇÕES LOGÍSTICAS LTDA / 36.321.523/0001-87</p><p>25351.299055/2022-21 / 1279163</p><p>7176 - AE - CONCESSÃO - MEDICAMENTOS E INSUMOS FARMACÊUTICOS - TRANSPORTADORA DO PRODUTO SUJEITO A CONTROLE ESPECIAL / 4551778222</p><p>TSG LOG TRANSPORTE E ARMAZENAMENTO LTDA / 28.545.604/0001-32</p><p>25351.237184/2022-26 / 1279115</p><p>7176 - AE - CONCESSÃO - MEDICAMENTOS E INSUMOS FARMACÊUTICOS - TRANSPORTADORA DO PRODUTO SUJEITO A CONTROLE ESPECIAL / 4482467227</p><p>NITERÓI DISTRIBUIDORA LTDA / 37.950.777/0001-27</p><p>25351.291865/2022-30 / 1279024</p><p>704 - AE - CONCESSÃO - MEDICAMENTOS E INSUMOS FARMACÊUTICOS - DISTRIBUIDORA DO PRODUTO SUJEITO A CONTROLE ESPECIAL / 4539231227</p><p>LL DISTRIBUIDORA DE MEDICAMENTOS LTDA / 45.212.523/0001-30</p><p>25351.297218/2022-31 / 1279007</p><p>704 - AE - CONCESSÃO - MEDICAMENTOS E INSUMOS FARMACÊUTICOS - DISTRIBUIDORA DO PRODUTO SUJEITO A CONTROLE ESPECIAL / 4549732229</p><p>ELFA MEDICAMENTOS S.A / 09.053.134/0017-02</p><p>25351.291819/2022-31 / 1279101</p><p>704 - AE - CONCESSÃO - MEDICAMENTOS E INSUMOS FARMACÊUTICOS - DISTRIBUIDORA DO PRODUTO SUJEITO A CONTROLE ESPECIAL / 4539183222</p><p>VITALMED DISTRIBUIDORA DE MEDICAMENTOS LTDA / 42.441.595/0001-60</p><p>25351.298795/2022-41 / 1279132</p><p>704 - AE - CONCESSÃO - MEDICAMENTOS E INSUMOS FARMACÊUTICOS - DISTRIBUIDORA DO PRODUTO SUJEITO A CONTROLE ESPECIAL / 4551532223</p><p>CHIAMENTTI &amp; ZOHLER LTDA / 34.257.335/0001-01</p><p>25351.295705/2022-60 / 1278995</p><p>704 - AE - CONCESSÃO - MEDICAMENTOS E INSUMOS FARMACÊUTICOS - DISTRIBUIDORA DO PRODUTO SUJEITO A CONTROLE ESPECIAL / 4546048220</p><p>ESSENCIALMED COMERCIO DE MEDICAMENTOS E MATERIAIS CIRURGICOS LTDA / 46.660.842/0001-70</p><p>25351.192158/2022-61 / 1278916</p><p>704 - AE - CONCESSÃO - MEDICAMENTOS E INSUMOS FARMACÊUTICOS - DISTRIBUIDORA DO PRODUTO SUJEITO A CONTROLE ESPECIAL / 4419525223</p><p>BRASIL FARMAON MEDICAMENTOS FARMACÊUTICOS LTDA / 40.254.918/0001-81</p><p>25351.291605/2022-64 / 1279038</p><p>704 - AE - CONCESSÃO - MEDICAMENTOS E INSUMOS FARMACÊUTICOS - DISTRIBUIDORA DO PRODUTO SUJEITO A CONTROLE ESPECIAL / 4538928224</p><p>BOTICA ARTESANAL PHARMACIA DE MANIPULAÇÃO E DROGARIA LTDA / 44.694.460/0001-32</p><p>25351.289426/2022-67 / 1278947</p><p>705 - AE - CONCESSÃO - FARMÁCIA DE MANIPULAÇÃO / 4535003225</p><p>SUPPLY COMERCIO E DISTRIBUICAO DE SUTURAS E MEDICAMENTOS LTDA ME / 44.143.116/0001-55</p><p>25351.211086/2022-69 / 1279055</p><p>704 - AE - CONCESSÃO - MEDICAMENTOS E INSUMOS FARMACÊUTICOS - DISTRIBUIDORA DO PRODUTO SUJEITO A CONTROLE ESPECIAL / 4448592227</p><p>RONDO LOG TRANSPORTES E AGENCIAMENTO DE CARGAS LTDA / 37.075.691/0001-00</p><p>25351.303444/2022-69 / 1279210</p><p>7176 - AE - CONCESSÃO - MEDICAMENTOS E INSUMOS FARMACÊUTICOS - TRANSPORTADORA DO PRODUTO SUJEITO A CONTROLE ESPECIAL / 4557636225</p><p>SELP MED COMERCIAL HOSPITALAR LTDA-ME / 03.260.845/0001-04</p><p>25351.280284/2022-72 / 1279376</p><p>704 - AE - CONCESSÃO - MEDICAMENTOS E INSUMOS FARMACÊUTICOS - DISTRIBUIDORA DO PRODUTO SUJEITO A CONTROLE ESPECIAL / 4518864221</p><p>ELFA MEDICAMENTOS S.A / 09.053.134/0018-93</p><p>25351.295301/2022-76 / 1278964</p><p>704 - AE - CONCESSÃO - MEDICAMENTOS E INSUMOS FARMACÊUTICOS - DISTRIBUIDORA DO PRODUTO SUJEITO A CONTROLE ESPECIAL / 4545595227</p><p>PROCIMED COMERCIO ATACADISTA DE PRODUTOS HOSPITALARES E ODONTOLOGICOS LTDA / 33.961.969/0001-88</p><p>25351.258464/2022-78 / 1278891</p><p>704 - AE - CONCESSÃO - MEDICAMENTOS E INSUMOS FARMACÊUTICOS - DISTRIBUIDORA DO PRODUTO SUJEITO A CONTROLE ESPECIAL / 4500430229</p><p>WF DISTRIBUIDORA DE MEDICAMENTOS E SERVICOS LTDA / 36.524.945/0001-50</p><p>25351.299103/2022-81 / 1279177</p><p>704 - AE - CONCESSÃO - MEDICAMENTOS E INSUMOS FARMACÊUTICOS - DISTRIBUIDORA DO PRODUTO SUJEITO A CONTROLE ESPECIAL / 4551826227</p><p>ARSERVE PHARMA LTDA / 43.519.181/0001-70</p><p>25351.298861/2022-82 / 1279146</p><p>704 - AE - CONCESSÃO - MEDICAMENTOS E INSUMOS FARMACÊUTICOS - DISTRIBUIDORA DO PRODUTO SUJEITO A CONTROLE ESPECIAL / 4551602221</p><p>PROSSERV - COMERCIO E SERVICOS LTDA / 04.548.553/0002-15</p><p>25351.211773/2022-84 / 1279072</p><p>704 - AE - CONCESSÃO - MEDICAMENTOS E INSUMOS FARMACÊUTICOS - DISTRIBUIDORA DO PRODUTO SUJEITO A CONTROLE ESPECIAL / 4449352220</p><p>BRASPRESS TRANSPORTES URGENTES LTDA / 48.740.351/0042-33</p><p>25351.237673/2022-88 / 1279268</p><p>7176 - AE - CONCESSÃO - MEDICAMENTOS E INSUMOS FARMACÊUTICOS - TRANSPORTADORA DO PRODUTO SUJEITO A CONTROLE ESPECIAL / 4482944220</p>]]></Texto>
  </body>
  <Midias />
</article></xml>