﻿<xml><article id="27717604" name="2408_LC_196_S1-OK" idOficio="7356076" pubName="DO1" artType="Lei Complementar" pubDate="25/08/2022" artClass="00002:00000:00000:00000:00000:00000:00000:00000:00000:00000:00038:00001" artCategory="Atos do Poder Legislativo" artSize="12" artNotes="" numberPage="1" pdfPage="http://pesquisa.in.gov.br/imprensa/jsp/visualiza/index.jsp?data=25/08/2022&amp;jornal=515&amp;pagina=1" editionNumber="162" highlightType="" highlightPriority="" highlight="" highlightimage="" highlightimagename="" idMateria="14837430">
  <body>
    <Identifica><![CDATA[ LEI COMPLEMENTAR Nº 196, DE 24 DE AGOSTO DE 2022]]></Identifica>
    <Data><![CDATA[]]></Data>
    <Ementa><![CDATA[ Altera a Lei Complementar nº 130, de 17 de abril de 2009 (Lei do Sistema Nacional de Crédito Cooperativo), para incluir as confederações de serviço constituídas por cooperativas centrais de crédito entre as instituições integrantes do Sistema Nacional de Crédito Cooperativo e entre as instituições a serem autorizadas a funcionar pelo Banco Central do Brasil; e dá outras providências.]]></Ementa>
    <Titulo />
    <SubTitulo />
    <Texto><![CDATA[<p class="identifica">LEI COMPLEMENTAR Nº 196, DE 24 DE AGOSTO DE 2022</p><p class="ementa">Altera a Lei Complementar nº 130, de 17 de abril de 2009 (Lei do Sistema Nacional de Crédito Cooperativo), para incluir as confederações de serviço constituídas por cooperativas centrais de crédito entre as instituições integrantes do Sistema Nacional de Crédito Cooperativo e entre as instituições a serem autorizadas a funcionar pelo Banco Central do Brasil; e dá outras providências.</p><p><strong>O P R E S I D E N T E D A R E P Ú B L I C A</strong></p><p>Faço saber que o Congresso Nacional decreta e eu sanciono a seguinte Lei Complementar:</p><p>Art. 1º A Lei Complementar nº 130, de 17 de abril de 2009 (Lei do Sistema Nacional de Crédito Cooperativo), passa a vigorar com as seguintes alterações:</p><p>"Art. 1º As instituições financeiras constituídas sob a forma de cooperativas de crédito e as confederações de serviço constituídas por cooperativas centrais de crédito sujeitam-se ao disposto nesta Lei Complementar, bem como, no que couber, à legislação aplicável ao Sistema Financeiro Nacional (SFN) e às sociedades cooperativas.</p><p>§ 1º As competências legais do Conselho Monetário Nacional (CMN) e do Banco Central do Brasil em relação às instituições financeiras aplicam-se às cooperativas de crédito e às confederações de serviço constituídas por cooperativas centrais de crédito.</p><p>......................................................................................................................................</p><p>§ 3º Para fins desta Lei Complementar, consideram-se:</p><p>I - cooperativas de crédito: as cooperativas singulares de crédito, as cooperativas centrais de crédito e as confederações de crédito constituídas por cooperativas centrais de crédito; e</p><p>II - confederações de serviço: as confederações constituídas exclusivamente por cooperativas centrais de crédito, para prestar serviços pertinentes, complementares ou necessários às atividades realizadas por suas filiadas ou pelas cooperativas singulares filiadas a essas cooperativas centrais, excluídos serviços e operações privativos de instituições financeiras." (NR)</p><p>"Art. 2º ..............................................................................................................</p><p>§ 1º A captação de recursos e a concessão de créditos e de garantias devem ser restritas aos associados, ressalvados:</p><p>I - a captação, por cooperativa singular de crédito, de recursos de Municípios, de seus órgãos ou entidades e das empresas por eles controladas;</p><p>II - as operações realizadas com outras instituições financeiras;</p><p>III - os recursos obtidos de pessoas jurídicas, em caráter eventual, a taxas favorecidas ou isentos de remuneração;</p><p>IV - as operações de assistência e de suporte financeiro realizadas com os fundos garantidores de que trata o inciso IV do<strong>caput</strong>do art. 12 desta Lei Complementar;</p><p>V - as operações realizadas com as cooperativas centrais de crédito ou com as confederações de crédito às quais estejam filiadas, ou com outros fundos garantidores por elas constituídos; e</p><p>VI - os repasses de instituições oficiais ou de fundos públicos.</p><p>§ 2º Ressalvado o disposto no § 1º deste artigo, é permitida a prestação de outros serviços de natureza financeira e afins a associados e a não associados, inclusive a entidades integrantes do poder público.</p><p>......................................................................................................................................</p><p>§ 9º A operação de que trata o inciso I do § 1º deste artigo somente poderá ser realizada com Município onde a cooperativa de crédito possua dependência instalada, com seus órgãos ou entidades e com empresas por eles controladas.</p><p>§ 10. É permitida às cooperativas de crédito a gestão de recursos oficiais ou de fundos públicos ou privados destinada à concessão de garantias aos associados em operações com a própria cooperativa gestora ou com terceiros." (NR)</p><p>"Art. 2º-A. A área de atuação das cooperativas singulares de crédito compreende:</p><p>I - área de ação: área constituída pelos Municípios nos quais sejam instaladas sua sede e demais dependências, na forma prevista no estatuto social; e</p><p>II - área de admissão de associados: área delimitada pelas possibilidades de reunião, controle, realização de operações e prestação de serviços, por meio presencial ou eletrônico, podendo, de acordo com esses critérios, alcançar pessoas domiciliadas em qualquer localidade do território nacional."</p><p>"Art. 2º-B. É facultada a realização de operações de crédito com o compartilhamento de recursos e de riscos por um conjunto de cooperativas de crédito integrantes de um mesmo sistema cooperativo.</p><p>Parágrafo único. O CMN disporá sobre as condições a serem observadas na contratação das operações previstas no<strong>caput</strong>deste artigo."</p><p>"Art. 4º O quadro social das cooperativas de crédito poderá ser composto de pessoas físicas, jurídicas e entes despersonalizados e será definido pela assembleia geral, com previsão no estatuto social.</p><p>§ 1º Não serão admitidos no quadro social das cooperativas singulares de crédito:</p><p>I - a União, os Estados, o Distrito Federal e os Municípios, bem como as respectivas autarquias, fundações e empresas estatais dependentes; e</p><p>II - as pessoas jurídicas e os entes despersonalizados que, em suas atividades principais, exerçam efetiva concorrência com as atividades principais da própria cooperativa de crédito.</p><p>§ 2º A vedação de que trata o inciso I do § 1º do<strong>caput</strong>deste artigo não impede que o quadro social da cooperativa singular de crédito seja integrado por conselhos de fiscalização profissional." (NR)</p><p>"Art. 5º As cooperativas de crédito e as confederações de serviço constituídas por cooperativas centrais de crédito terão conselho de administração, que será composto de associados eleitos pela assembleia geral e de diretoria executiva a ele subordinada.</p><p>§ 1º O CMN, nos termos da regulamentação, poderá admitir a contratação de conselheiro de administração independente não associado, na forma prevista no estatuto social, desde que a maioria dos conselheiros seja composta de pessoas naturais associadas.</p><p>§ 2º A diretoria executiva, na qualidade de órgão estatutário, será composta de pessoas naturais eleitas pelo conselho de administração, que poderão ser associadas ou não, desde que a maioria dos diretores seja composta de pessoas naturais associadas.</p><p>§ 3º É vedado aos ocupantes dos cargos de presidente ou vice-presidente de conselho de administração ou de diretor executivo em cooperativas de crédito ou em confederações de serviço constituídas por cooperativas centrais de crédito o exercício simultâneo desses cargos com os de:</p><p>I - presidente ou vice-presidente do conselho de administração ou de diretor executivo de cooperativa singular de crédito, cooperativa central de crédito ou confederação integrantes do mesmo sistema cooperativo; e</p><p>II - presidente ou vice-presidente do conselho de administração ou de diretor executivo nos fundos de que trata o inciso IV do<strong>caput</strong>do art. 12 desta Lei Complementar.</p><p>§ 4º O mandato dos membros do conselho de administração das cooperativas de crédito e das confederações de serviço constituídas por cooperativas centrais de crédito terá duração de até 4 (quatro) anos, vedada a constituição de membro suplente.</p><p>§ 5º O CMN, considerados os riscos, a complexidade, a classificação e o porte da cooperativa de crédito, poderá:</p><p>I - tornar facultativa a constituição do conselho de administração; e</p><p>II - permitir a acumulação de cargos na diretoria executiva em cooperativas de crédito ou em confederações de serviço constituídas por cooperativas centrais de crédito, sem observância do disposto no inciso I do § 3º deste artigo, desde que não identificado conflito de interesses.</p><p>§ 6º Nos casos em que a cooperativa de crédito não constituir conselho de administração, a diretoria executiva será eleita pela assembleia geral.</p><p>§ 7º A política de remuneração dos ocupantes de cargos na diretoria executiva deverá ser aprovada pela assembleia geral, no mínimo ao início de cada mandato." (NR)</p><p>"Art. 6º Os conselhos fiscais das cooperativas de crédito e das confederações de serviço constituídas por cooperativas centrais de crédito serão constituídos por 3 (três) membros efetivos e 1 (um) suplente, todos associados e eleitos pela assembleia geral, com mandato de até 3 (três) anos.</p><p>§ 1º É vedado aos ocupantes de cargo de conselheiro fiscal em cooperativas de créditos ou em confederações de serviço constituídas por cooperativas centrais de crédito o exercício simultâneo, no mesmo sistema cooperativo, desse cargo com outros em:</p><p>I - conselho de administração de cooperativa singular de crédito; ou</p><p>II - diretoria executiva de cooperativa singular de crédito, de cooperativa central de crédito ou de confederação constituída por cooperativas centrais de crédito.</p><p>§ 2º A constituição de conselho fiscal é facultativa para:</p><p>I - cooperativas de crédito administradas por conselho de administração e por diretoria executiva; e</p><p>II - confederações de serviço constituídas por cooperativas centrais de crédito e administradas por conselho de administração e por diretoria executiva." (NR)</p><p>"Art. 7º ............................................................................................................</p><p>§ 1º Não configura distribuição de benefício às quotas-partes o oferecimento ou a distribuição de bonificações, de prêmios ou de outras vantagens, de maneira isonômica, em campanhas promocionais de captação de novos associados ou de aumento do capital social pelo quadro de associados, desde que se vincule ao efetivo aumento do capital social da cooperativa.</p><p>§ 2º As políticas para captação de novos associados ou para aumento do capital social pelo quadro de associados, bem como a realização de campanhas e a oferta ou a distribuição de bonificações, de prêmios ou de outras vantagens com essas finalidades, devem ser definidas pelo conselho de administração ou, na sua ausência, pela diretoria executiva, observada a regulamentação do CMN." (NR)</p><p>"Art. 9º-A. No caso de incorporação de cooperativa de crédito, o crédito referente ao valor das perdas de responsabilidade de cada associado da cooperativa incorporada acumulado até a data da incorporação poderá, mediante aprovação da assembleia geral, ser cedido aos fundos garantidores de que trata o inciso IV do<strong>caput</strong>do art. 12 desta Lei Complementar, com a finalidade de realizar operação de assistência e suporte financeiro, observado o regulamento do fundo.</p><p>§ 1º A assembleia geral que aprovar a incorporação de que trata o<strong>caput</strong>deste artigo definirá o valor da parcela correspondente a cada associado no saldo das perdas incorridas e ainda não rateadas ou, se já rateadas, não pagas até a data da incorporação.</p><p>§ 2º A dívida de que trata o<strong>caput</strong>deste artigo será paga, prioritariamente, com as sobras dos exercícios seguintes a que o associado devedor faria jus na cooperativa incorporadora e com os valores relativos à remuneração anual das quotas-partes referidas no art. 7º desta Lei Complementar.</p><p>§ 3º Sem prejuízo do disposto no § 2º deste artigo, permanecerá hígido o direito de o fundo garantidor referido no<strong>caput</strong>deste artigo cobrar o valor referente à dívida de cada cooperado pelas vias ordinárias, nos termos pactuados na cessão de crédito.</p><p>§ 4º É vedado à cooperativa de crédito incorporadora coobrigar-se na operação de cessão de que trata este artigo."</p><p>"Art. 10. A restituição de quotas de capital depende, inclusive, da observância dos limites de patrimônio exigíveis na forma da regulamentação vigente, e a devolução parcial é condicionada ainda à autorização específica do conselho de administração ou, na sua ausência, da diretoria executiva.</p><p>§ 1º São impenhoráveis as quotas-partes do capital de cooperativa de crédito.</p><p>§ 2º Enquanto a restituição permanecer não exigível por inobservância dos limites referidos no<strong>caput</strong>deste artigo, as quotas de capital permanecerão registradas em contas de patrimônio líquido da cooperativa." (NR)</p><p>"Art. 12. ............................................................................................................</p><p>I - condições de constituição e de funcionamento das cooperativas de crédito e das confederações de serviço constituídas por cooperativas centrais de crédito, com vistas ao respectivo processo de concessão de autorização pelo Banco Central do Brasil;</p><p>II - condições a serem observadas na elaboração do estatuto social, na formação do quadro de associados, na realização de assembleias e reuniões deliberativas e na celebração de contratos com outras instituições;</p><p>.....................................................................................................................................</p><p>IV - fundos garantidores, inclusive a vinculação de cooperativas de crédito a tais fundos, a fixação de condições para o exercício de cargos em seus órgãos estatuários e o estabelecimento de requisitos para que os ocupantes desses cargos tenham acesso a dados e a informações protegidas por sigilo legal;</p><p>V - atividades realizadas por entidades de qualquer natureza que tenham por objeto exercer, em relação a um grupo de cooperativas de crédito ou a confederações de serviço constituídas por cooperativas centrais de crédito, supervisão, controle, auditoria, certificação de empregados e dirigentes e gestão ou execução em maior escala de suas funções operacionais;</p><p>VI - vinculação a entidades que exerçam, na forma da regulamentação, atividades de supervisão, de controle e de auditoria de cooperativas de crédito e de confederações de serviço constituídas por cooperativas centrais de crédito;</p><p>VII - condições de participação societária em outras entidades, inclusive de natureza não cooperativa, com vistas ao atendimento de propósitos complementares ou acessórios, no interesse do quadro social e da comunidade;</p><p>......................................................................................................................................</p><p>IX - composição e renovação de membros dos conselhos de administração e fiscal e requisitos para o exercício de função nesses conselhos e na diretoria executiva das cooperativas de crédito e das confederações de serviço constituídas por cooperativas centrais de crédito;</p><p>X - condições para a assembleia geral destinar sobras para recomposição de recursos dos fundos garantidores de que trata o inciso IV deste<strong>caput</strong>utilizados em operações de assistência e de suporte financeiro à cooperativa singular de crédito; e</p><p>XI - condições para que o Banco Central do Brasil possa conceder a autorização de que trata o art. 16-A desta Lei Complementar e demais aspectos necessários à execução da medida nele prevista, inclusive em relação aos critérios para a designação e para o afastamento dos ocupantes de cargos em órgãos estatutários da cooperativa filiada atingida.</p><p>......................................................................................................................................</p><p>§ 2º O Banco Central do Brasil, no exercício de sua competência de fiscalização das cooperativas de crédito e das confederações de serviço constituídas por cooperativas centrais de crédito, bem como a entidade que realizar atividades de supervisão, nos termos do inciso V do<strong>caput</strong>deste artigo, podem convocar assembleia geral extraordinária de instituição supervisionada, à qual poderão enviar representantes com direito a voz." (NR)</p><p>"Art. 13. Não constituem violação do dever de sigilo de que trata a legislação em vigor:</p><p>I - o acesso, pelas cooperativas centrais de crédito, pelas confederações constituídas por cooperativas centrais de crédito e pelas entidades referidas no inciso V do<strong>caput</strong>do art. 12 desta Lei Complementar, a dados e a informações detidos por cooperativas de crédito e por confederações de serviço constituídas por cooperativas centrais de crédito, desde que ocorra exclusivamente no desempenho de atribuições de supervisão, de auditoria e de controle e de execução de funções operacionais das cooperativas de crédito e das confederações de serviço constituídas por cooperativas centrais de crédito;</p><p>II - o compartilhamento, pelo Banco Central do Brasil, de dados e de informações sobre cooperativa de crédito ou sobre confederação de serviço constituída por cooperativas centrais de crédito com a entidade que realizar a atividade de auditoria referida no inciso V do<strong>caput</strong>do art. 12 desta Lei Complementar, inclusive informações relativas a operações realizadas pelas instituições auditadas com outras instituições autorizadas a funcionar pelo Banco Central do Brasil necessárias à realização daquela atividade;</p><p>III - o compartilhamento com o Banco Central do Brasil, pelas entidades referidas no inciso V do<strong>caput</strong>do art. 12 desta Lei Complementar, de dados e de informações que obtiverem no desempenho de suas atividades;</p><p>IV - o acesso, por parte dos fundos garantidores de que trata o inciso IV do<strong>caput</strong>do art. 12 desta Lei Complementar, a dados e a informações detidos por cooperativas de crédito, desde que ocorra exclusivamente no desempenho de atribuições de monitoramento e de assistência e suporte financeiro a cooperativa singular de crédito;</p><p>V - o compartilhamento, pelo Banco Central do Brasil, com os fundos garantidores de que trata o inciso IV do<strong>caput</strong>do art. 12 desta Lei Complementar, de dados e de informações sobre cooperativa de crédito, desde que ocorra exclusivamente para o desempenho de atribuições de monitoramento e de assistência e suporte financeiro a cooperativa singular de crédito; e</p><p>VI - o compartilhamento com o Banco Central do Brasil, pelos fundos garantidores de que trata o inciso IV do<strong>caput</strong>do art. 12 desta Lei Complementar, de dados e de informações obtidas no desempenho de suas atividades de monitoramento e de assistência e suporte financeiro.</p><p>Parágrafo único. (Revogado).</p><p>§ 1º A entidade que realizar as atividades referidas no inciso V do<strong>caput</strong>do art. 12 desta Lei Complementar:</p><p>I - deverá manter sigilo em relação às informações que obtiver no exercício de suas atribuições, bem como comunicar às autoridades competentes indícios de prática de ilícitos penais ou administrativos ou de operações que envolverem recursos provenientes de qualquer prática criminosa; e</p><p>II - não poderá negar ou dificultar o acesso aos registros, aos livros, aos documentos e aos papéis de trabalho, ou deixar de exibi-los ou fornecê-los, ao Banco Central do Brasil.</p><p>§ 2º Os compartilhamentos de dados e de informações de que tratam os incisos II, III, V e VI do<strong>caput</strong>deste artigo poderão ser realizados independentemente de autorização da cooperativa de crédito, da confederação de serviço constituída por cooperativas centrais de crédito ou das demais pessoas às quais as informações possam referir-se.</p><p>§ 3º Os fundos garantidores de que trata o inciso IV do<strong>caput</strong>do art. 12 desta Lei Complementar devem manter sigilo em relação às operações que realizarem e às informações e aos dados que obtiverem no exercício de suas atribuições." (NR)</p><p>"Art. 14-A. A cooperativa singular de crédito somente pode desfiliar-se de cooperativa central de crédito, por iniciativa própria ou da cooperativa central de crédito, quando estiver enquadrada nos limites operacionais estabelecidos pela legislação em vigor.</p><p>Parágrafo único. A desfiliação, pela cooperativa singular de crédito, por sua iniciativa, da cooperativa central de crédito a que esteja filiada, depende da concordância:</p><p>I - da maioria de seus associados, para tornar-se independente; ou</p><p>II - da maioria dos associados votantes que represente, no mínimo, 1/3 (um terço) dos associados, para filiar-se a outra cooperativa central de crédito."</p><p>"Art. 15-A. A cooperativa central de crédito somente pode desfiliar-se de confederação constituída por cooperativas centrais de crédito, por iniciativa própria ou da confederação, quando estiver enquadrada nos limites operacionais estabelecidos pela legislação em vigor.</p><p>Parágrafo único. A desfiliação, pela cooperativa central de crédito, por sua iniciativa, de confederação constituída por cooperativas centrais de crédito, depende da concordância de, no mínimo, 2/3 (dois terços) de suas associadas, em assembleia geral convocada exclusivamente para esse fim, assegurada a participação dos representantes legais da confederação, com direito a voz."</p><p>"Art. 16-A. O Banco Central do Brasil, observadas as condições estabelecidas pelo CMN, poderá autorizar a cooperativa central de crédito ou a confederação constituída por cooperativas centrais de crédito a assumir, em caráter temporário, a administração de cooperativa de crédito sujeita à sua supervisão, em situações que comprometam ou possam comprometer a continuidade da filiada ou que causem ou possam causar perdas aos seus associados.</p><p>§ 1º Concedida a autorização referida no<strong>caput</strong>deste artigo e enquanto durar a medida:</p><p>I - a cooperativa de crédito ficará impedida de desfiliar-se da cooperativa central de crédito ou da confederação constituída por cooperativas centrais de crédito e de realizar o distrato da atividade de supervisão prestada na forma do inciso V do<strong>caput</strong>do art. 12 desta Lei Complementar; e</p><p>II - a cooperativa central de crédito ou a confederação constituída por cooperativas centrais de crédito que assumir a administração poderá determinar o afastamento de quaisquer diretores e de membros dos conselhos de administração e fiscal da cooperativa de crédito filiada atingida.</p><p>§ 2º A adoção das medidas de que trata o § 1º deste artigo independe da aprovação em assembleia geral ou de previsão no estatuto social da cooperativa de crédito filiada atingida."</p><p>"Art. 17. A assembleia geral ordinária das cooperativas de crédito e das confederações de serviço constituídas por cooperativas centrais de crédito realizar-se-á anualmente, nos 4 (quatro) primeiros meses do exercício social." (NR)</p><p>"Art. 17-A. As assembleias gerais das cooperativas de crédito e das confederações de serviço constituídas por cooperativas centrais de crédito poderão ser realizadas de forma presencial, a distância ou de forma presencial e a distância simultaneamente.</p><p>§ 1º A cooperativa de crédito ou a confederação de serviço constituída por cooperativas centrais de crédito deverá possibilitar a participação e a interlocução entre os associados e a assembleia e assegurar a inviolabilidade do processo de votação.</p><p>§ 2º É admitida a representação dos associados por delegados nas assembleias gerais de cooperativas singulares de crédito, observada a regulamentação do CMN."</p><p>"Art. 17-B. As convocações para as assembleias gerais serão efetuadas com antecedência mínima de 10 (dez) dias e divulgadas, em destaque, no sítio eletrônico da cooperativa ou em repositório de acesso público irrestrito na internet.</p><p>Parágrafo único. O edital de convocação da assembleia geral deverá conter, no mínimo:</p><p>I - os assuntos que serão objeto de deliberação;</p><p>II - a forma como será realizada a assembleia geral;</p><p>III - o modo de acesso aos meios de comunicação disponibilizados para participação do associado, no caso de realização de assembleia a distância ou presencial e a distância simultaneamente; e</p><p>IV - os procedimentos para acesso ao sistema de votação, bem como o período para acolhimento dos votos."</p><p>"Art. 17-C. As cooperativas de crédito e as confederações de serviço constituídas por cooperativas centrais de crédito são obrigadas a instituir Fundo de Assistência Técnica, Educacional e Social, que será constituído de, no mínimo, 5% (cinco por cento) das sobras líquidas apuradas no exercício e destinado à prestação de assistência aos associados e a seus familiares.</p><p>Parágrafo único. Mediante expressa previsão no estatuto, o fundo de que trata o<strong>caput</strong>deste artigo poderá também ser destinado à prestação de assistência aos empregados da cooperativa de crédito ou da confederação de serviço constituída por cooperativas centrais de crédito e à comunidade situada em sua área de ação."</p><p>"Art. 17-D. Os saldos de capital, de remuneração de capital ou de sobras a pagar não procurados pelos associados demitidos, eliminados ou excluídos serão revertidos ao fundo de reserva da cooperativa de crédito após decorridos 5 (cinco) anos da demissão, da eliminação ou da exclusão."</p><p>"Art. 17-E. A contratação, pelas cooperativas de crédito, de serviços de bancos cooperativos não forma vínculo de emprego de seus empregados com os referidos bancos nem lhes altera a condição profissional."</p><p>Art. 2º As confederações de serviços constituídas por cooperativas centrais de crédito em funcionamento na data de publicação desta Lei Complementar deverão solicitar autorização de funcionamento ao Banco Central do Brasil no prazo de 180 (cento e oitenta) dias, contado a partir da entrada em vigor desta Lei Complementar.</p><p>Art. 3º Revoga-se o parágrafo único do art. 13 da Lei Complementar nº 130, de 17 de abril de 2009 (Lei do Sistema Nacional de Crédito Cooperativo).</p><p>Art. 4º Esta Lei Complementar entra em vigor na data de sua publicação.</p><p>Brasília, 24 de agosto de 2022; 201º da Independência e 134º da República.</p><p class="assinaPr">JAIR MESSIAS BOLSONARO</p><p class="assina">Paulo Guedes</p>]]></Texto>
  </body>
  <Midias />
</article></xml>