﻿<xml><article id="27703340" name="resolucao_2780_2022 COAFE" idOficio="7354853" pubName="DO1" artType="Resolução" pubDate="25/08/2022" artClass="00026:00034:00016:00006:00002:00000:00000:00000:00000:00000:00064:32780" artCategory="Ministério da Saúde/Agência Nacional de Vigilância Sanitária/4ª Diretoria/Gerência-Geral de Inspeção e Fiscalização Sanitária/Coordenação de Autorização de Funcionamento de Empresas" artSize="12" artNotes="" numberPage="283" pdfPage="http://pesquisa.in.gov.br/imprensa/jsp/visualiza/index.jsp?data=25/08/2022&amp;jornal=515&amp;pagina=283" editionNumber="162" highlightType="" highlightPriority="" highlight="" highlightimage="" highlightimagename="" idMateria="14835469">
  <body>
    <Identifica><![CDATA[ RESOLUÇÃO-RE Nº 2.780, DE 24 DE AGOSTO DE 2022]]></Identifica>
    <Data><![CDATA[]]></Data>
    <Ementa />
    <Titulo />
    <SubTitulo />
    <Texto><![CDATA[<p class="identifica">RESOLUÇÃO-RE Nº 2.780, DE 24 DE AGOSTO DE 2022</p><p>O Coordenador de Autorização de Funcionamento de Empresas, no uso das atribuições que lhe confere o Art. 144, aliado ao art. 203, I, §1° do Regimento Interno aprovado pela Resolução de Diretoria Colegiada - RDC n° 585, de 10 de dezembro de 2021, resolve:</p><p>Art. 1º Tornar insubsistente a Alteração de Autorização de Funcionamento da empresa abaixo citada publicada Resolução - RE nº 1877 de 8 de junho de 2022, no Diário Oficial da União nº 109 de 9 de junho de 2022, Seção 1 págs. 107 e 108.</p><p>Art. 2º Esta Resolução entra em vigor na data de sua publicação.</p><p class="assina">DANIEL MARCOS PEREIRA DOURADO</p><p class="anexo">ANEXO</p><p>FRANCISCO JOSE TIMBO PEREIRA - ME / 41.418.203/0001-80</p><p>25351.510783/2016-51 / 7489331</p><p>7113 - AFE - ALTERAÇÃO - FARMÁCIAS E DROGARIAS - ENDEREÇO / 4201096229</p>]]></Texto>
  </body>
  <Midias />
</article></xml>