﻿<xml><article id="27740472" name="DOU_SP_30082022" idOficio="9058499" pubName="DO2" artType="Portaria" pubDate="30/08/2022" artClass="00046:00001:00002:00008:00001:00001:00000:00000:00000:00000:00017:00000" artCategory="Poder Legislativo/Câmara dos Deputados/Diretoria-Geral/Diretoria de Recursos Humanos/Departamento de Pessoal/Coordenação de Secretariado Parlamentar" artSize="12" artNotes="" numberPage="134" pdfPage="http://pesquisa.in.gov.br/imprensa/jsp/visualiza/index.jsp?data=30/08/2022&amp;jornal=529&amp;pagina=134" editionNumber="165" highlightType="" highlightPriority="" highlight="" highlightimage="" highlightimagename="" idMateria="19841508">
  <body>
    <Identifica><![CDATA[ Portarias de 25 de agosto de 2022]]></Identifica>
    <Data><![CDATA[]]></Data>
    <Ementa />
    <Titulo />
    <SubTitulo />
    <Texto><![CDATA[<p class="identifica">Portarias de 25 de agosto de 2022</p><p>O Diretor em Exercício da Coordenação de Secretariado Parlamentar, no uso das atribuições que lhe foram delegadas pelo artigo 1º da Portaria n.º 53, de 2002, do Senhor Diretor Administrativo, resolve:</p><p>Nº 4.437 - Exonerar, de acordo com o artigo 35 da Lei n.º 8.112, de 11 de dezembro de 1990, a partir de 25 de agosto de 2022, MARIA DAS DORES BEZERRA DE OLIVEIRA, ponto n.º 226081, do cargo em comissão de Secretário Parlamentar, SP03, do Quadro de Pessoal da Câmara dos Deputados, que exerce no gabinete do(a) Deputado(a) MARA ROCHA.</p><p>Nº 4.438 - Exonerar, de acordo com o artigo 35 da Lei n.º 8.112, de 11 de dezembro de 1990, a partir de 25 de agosto de 2022, MIRELLY MARIA DA SILVA, ponto n.º 230611, do cargo em comissão de Secretário Parlamentar, SP25, do Quadro de Pessoal da Câmara dos Deputados, que exerce no gabinete do(a) Deputado(a) ARTHUR OLIVEIRA MAIA.</p><p>Nº 4.439 - Exonerar, de acordo com o artigo 35 da Lei n.º 8.112, de 11 de dezembro de 1990, a partir de 25 de agosto de 2022, ROMULO EDUARDO RODRIGUES DE SOUZA, ponto n.º 241732, do cargo em comissão de Secretário Parlamentar, SP16, do Quadro de Pessoal da Câmara dos Deputados, que exerce no gabinete do(a) Deputado(a) RUBENS BUENO.</p><p>Nº 4.440 - Exonerar, de acordo com o artigo 35 da Lei n.º 8.112, de 11 de dezembro de 1990, a partir de 25 de agosto de 2022, FILIPE SOUZA DA SILVA, ponto n.º 248252, do cargo em comissão de Secretário Parlamentar, SP22, do Quadro de Pessoal da Câmara dos Deputados, que exerce no gabinete do(a) Deputado(a) JORGE SOLLA.</p><p>Nº 4.441 - Exonerar, de acordo com o artigo 35 da Lei n.º 8.112, de 11 de dezembro de 1990, a partir de 25 de agosto de 2022, TIAGO TELES DE MORAIS, ponto n.º 265704, do cargo em comissão de Secretário Parlamentar, SP14, do Quadro de Pessoal da Câmara dos Deputados, que exerce no gabinete do(a) Deputado(a) DOMINGOS SAVIO.</p><p>Nº 4.442 - Exonerar, de acordo com o artigo 35 da Lei n.º 8.112, de 11 de dezembro de 1990, a partir de 25 de agosto de 2022, JOSÉ DEMETRIO DUTRA, ponto n.º 268438, do cargo em comissão de Secretário Parlamentar, SP03, do Quadro de Pessoal da Câmara dos Deputados, que exerce no gabinete do(a) Deputado(a) LÉO MOTTA.</p><p>Nº 4.443 - Exonerar, de acordo com o artigo 35 da Lei n.º 8.112, de 11 de dezembro de 1990, a partir de 25 de agosto de 2022, MARIA APARECIDA PEREIRA DE SÁ, ponto n.º 269054, do cargo em comissão de Secretário Parlamentar, SP03, do Quadro de Pessoal da Câmara dos Deputados, que exerce no gabinete do(a) Deputado(a) MÁRCIO JERRY.</p><p>Nº 4.444 - Exonerar, de acordo com o artigo 35 da Lei n.º 8.112, de 11 de dezembro de 1990, a partir de 25 de agosto de 2022, ROSANA ARAÚJO CHAVES MENESES PONTE, ponto n.º 270468, do cargo em comissão de Secretário Parlamentar, SP03, do Quadro de Pessoal da Câmara dos Deputados, que exerce no gabinete do(a) Deputado(a) JÚNIOR MANO.</p><p>Nº 4.445 - Exonerar, de acordo com o artigo 35 da Lei n.º 8.112, de 11 de dezembro de 1990, a partir de 25 de agosto de 2022, GEORGE LUIZ DE OLIVEIRA, ponto n.º 270724, do cargo em comissão de Secretário Parlamentar, SP16, do Quadro de Pessoal da Câmara dos Deputados, que exerce no gabinete do(a) Deputado(a) GIACOBO.</p><p>Nº 4.446 - Exonerar, de acordo com o artigo 35 da Lei n.º 8.112, de 11 de dezembro de 1990, a partir de 25 de agosto de 2022, SHEYLLA MARIA DE JESUS ALVES, ponto n.º 271855, do cargo em comissão de Secretário Parlamentar, SP19, do Quadro de Pessoal da Câmara dos Deputados, que exerce no gabinete do(a) Deputado(a) BRUNA FURLAN.</p><p>Nº 4.447 - Nomear, na forma do artigo 9º, inciso II, da Lei nº 8.112, de 11 de dezembro de 1990, ADRIANA RUFINO DOS SANTOS MARTINS para exercer, no gabinete do(a) Deputado(a) IGOR TIMO, o cargo em comissão de Secretário Parlamentar, SP04, do Quadro de Pessoal da Câmara dos Deputados.</p><p>Nº 4.448 - Nomear, na forma do artigo 9º, inciso II, da Lei nº 8.112, de 11 de dezembro de 1990, FILIPE CAVALCANTI VAZ para exercer, no gabinete do(a) Deputado(a) DIEGO GARCIA, o cargo em comissão de Secretário Parlamentar, SP05, do Quadro de Pessoal da Câmara dos Deputados.</p><p>Nº 4.449 - Nomear, na forma do artigo 9º, inciso II, da Lei nº 8.112, de 11 de dezembro de 1990, JOSIANE BRUNA AVELINA BAIA para exercer, no gabinete do(a) Deputado(a) GREYCE ELIAS, o cargo em comissão de Secretário Parlamentar, SP07, do Quadro de Pessoal da Câmara dos Deputados.</p><p>Nº 4.450 - Nomear, na forma do artigo 9º, inciso II, da Lei nº 8.112, de 11 de dezembro de 1990, MARINA ARAGÃO SILVA para exercer, no gabinete do(a) Deputado(a) JORGE SOLLA, o cargo em comissão de Secretário Parlamentar, SP22, do Quadro de Pessoal da Câmara dos Deputados.</p><p>Nº 4.451 - Nomear, na forma do artigo 9º, inciso II, da Lei nº 8.112, de 11 de dezembro de 1990, MYLLENA KATHLEEN GUIMARÃES SILVA para exercer, no gabinete do(a) Deputado(a) DIEGO GARCIA, o cargo em comissão de Secretário Parlamentar, SP11, do Quadro de Pessoal da Câmara dos Deputados.</p><p>Nº 4.452 - Nomear, na forma do artigo 9º, inciso II, da Lei nº 8.112, de 11 de dezembro de 1990, RENAN GUSTAVO CARVALHO PEREIRA para exercer, no gabinete do(a) Deputado(a) GLAUBER BRAGA, o cargo em comissão de Secretário Parlamentar, SP05, do Quadro de Pessoal da Câmara dos Deputados.</p><p>Nº 4.453 - Nomear, na forma do artigo 9º, inciso II, da Lei nº 8.112, de 11 de dezembro de 1990, TULIO RAMIRO SAMPAIO TOURINHO para exercer, no gabinete do(a) Deputado(a) MARCELO ARO, o cargo em comissão de Secretário Parlamentar, SP21, do Quadro de Pessoal da Câmara dos Deputados.</p><p class="assina">Daniel de Castro Borba</p><p class="identifica">Portarias de 26 de agosto de 2022</p><p>O Diretor em Exercício da Coordenação de Secretariado Parlamentar, no uso das atribuições que lhe foram delegadas pelo artigo 1º da Portaria n.º 53, de 2002, do Senhor Diretor Administrativo, resolve:</p><p>Nº 4.454 - Exonerar, de acordo com o artigo 35 da Lei n.º 8.112, de 11 de dezembro de 1990, a partir de 26 de agosto de 2022, VANESSA SONALY DE OLIVEIRA, ponto n.º 250733, do cargo em comissão de Secretário Parlamentar, SP17, do Quadro de Pessoal da Câmara dos Deputados, que exerce no gabinete do(a) Deputado(a) BETO ROSADO.</p><p>Nº 4.455 - Exonerar, de acordo com o artigo 35 da Lei n.º 8.112, de 11 de dezembro de 1990, a partir de 26 de agosto de 2022, ARIANA CAROLINE FREIRE PUSCH, ponto n.º 259418, do cargo em comissão de Secretário Parlamentar, SP18, do Quadro de Pessoal da Câmara dos Deputados, que exerce no gabinete do(a) Deputado(a) FELIPE FRANCISCHINI.</p><p>Nº 4.456 - Exonerar, de acordo com o artigo 35 da Lei n.º 8.112, de 11 de dezembro de 1990, a partir de 26 de agosto de 2022, SOLIMAR CHAROPEN GONÇALVES, ponto n.º 270204, do cargo em comissão de Secretário Parlamentar, SP09, do Quadro de Pessoal da Câmara dos Deputados, que exerce no gabinete do(a) Deputado(a) POMPEO DE MATTOS.</p><p>Nº 4.457 - Exonerar, de acordo com o artigo 35 da Lei n.º 8.112, de 11 de dezembro de 1990, a partir de 26 de agosto de 2022, FRANCISCO MARCOS DA SILVA FILHO, ponto n.º 271957, do cargo em comissão de Secretário Parlamentar, SP03, do Quadro de Pessoal da Câmara dos Deputados, que exerce no gabinete do(a) Deputado(a) LUCIO MOSQUINI.</p><p>Nº 4.458 - Exonerar, de acordo com o artigo 35 da Lei n.º 8.112, de 11 de dezembro de 1990, a partir de 26 de agosto de 2022, JESSICA LORRAYNE LEOCADIO, ponto n.º 272106, do cargo em comissão de Secretário Parlamentar, SP12, do Quadro de Pessoal da Câmara dos Deputados, que exerce no gabinete do(a) Deputado(a) TIAGO MITRAUD.</p><p>Nº 4.459 - Nomear, na forma do artigo 9º, inciso II, da Lei nº 8.112, de 11 de dezembro de 1990, ANE FREIRE DE ALCÂNTARA para exercer, no gabinete do(a) Deputado(a) PEDRO AUGUSTO BEZERRA, o cargo em comissão de Secretário Parlamentar, SP13, do Quadro de Pessoal da Câmara dos Deputados.</p><p>Nº 4.460 - Nomear, na forma do artigo 9º, inciso II, da Lei nº 8.112, de 11 de dezembro de 1990, FRANCIELY APARECIDA PEREIRA BURGUEZ para exercer, no gabinete do(a) Deputado(a) VANDERLEI MACRIS, o cargo em comissão de Secretário Parlamentar, SP09, do Quadro de Pessoal da Câmara dos Deputados.</p><p>Nº 4.461 - Nomear, na forma do artigo 9º, inciso II, da Lei nº 8.112, de 11 de dezembro de 1990, JONATAS GONÇALVES MALTA para exercer, no gabinete do(a) Deputado(a) FAUSTO PINATO, o cargo em comissão de Secretário Parlamentar, SP03, do Quadro de Pessoal da Câmara dos Deputados.</p><p>Nº 4.462 - Nomear, na forma do artigo 9º, inciso II, da Lei nº 8.112, de 11 de dezembro de 1990, LUIZ EDUARDO SOLDATI CARDOSO para exercer, no gabinete do(a) Deputado(a) NELSI COGUETTO MARIA, o cargo em comissão de Secretário Parlamentar, SP03, do Quadro de Pessoal da Câmara dos Deputados.</p><p>Nº 4.463 - Nomear, na forma do artigo 9º, inciso II, da Lei nº 8.112, de 11 de dezembro de 1990, MARIANA CARVALHO OLIVEIRA para exercer, no gabinete do(a) Deputado(a) LIZIANE BAYER, o cargo em comissão de Secretário Parlamentar, SP15, do Quadro de Pessoal da Câmara dos Deputados.</p><p>Nº 4.464 - Nomear, na forma do artigo 9º, inciso II, da Lei nº 8.112, de 11 de dezembro de 1990, PEDRO AUGUSTO CARDOSO DANTAS para exercer, no gabinete do(a) Deputado(a) PAULO AZI, o cargo em comissão de Secretário Parlamentar, SP20, do Quadro de Pessoal da Câmara dos Deputados.</p><p>Nº 4.465 - Nomear, na forma do artigo 9º, inciso II, da Lei nº 8.112, de 11 de dezembro de 1990, RAFAEL FIRMINO VIEIRA VALDISSERA para exercer, no gabinete do(a) Deputado(a) IGOR TIMO, o cargo em comissão de Secretário Parlamentar, SP04, do Quadro de Pessoal da Câmara dos Deputados.</p><p class="assina">Daniel de Castro Borba</p><p class="identifica">Portarias de 24 de agosto de 2022</p><p>O Diretor em Exercício da Coordenação de Secretariado Parlamentar, no uso das atribuições que lhe foram delegadas pelo artigo 1º da Portaria n.º 53, de 2002, do Senhor Diretor Administrativo, resolve:</p><p>Nº 4.428 - Exonerar, de acordo com o artigo 35 da Lei n.º 8.112, de 11 de dezembro de 1990, a partir de 24 de agosto de 2022, GEOVANE THIAGO DANTAS CANÇANÇÃO, ponto n.º 265798, do cargo em comissão de Secretário Parlamentar, SP08, do Quadro de Pessoal da Câmara dos Deputados, que exerce no gabinete do(a) Deputado(a) CORONEL CHRISÓSTOMO.</p><p>Nº 4.429 - Exonerar, de acordo com o artigo 35 da Lei n.º 8.112, de 11 de dezembro de 1990, a partir de 24 de agosto de 2022, FHILIPE FURTADO DE LIMA MONTEIRO, ponto n.º 270167, do cargo em comissão de Secretário Parlamentar, SP23, do Quadro de Pessoal da Câmara dos Deputados, que exerce no gabinete do(a) Deputado(a) TIAGO DIMAS.</p><p>Nº 4.430 - Exonerar, de acordo com o artigo 35 da Lei n.º 8.112, de 11 de dezembro de 1990, a partir de 24 de agosto de 2022, DANIEL BARBOSA DA SILVA GUIMARÃES, ponto n.º 272393, do cargo em comissão de Secretário Parlamentar, SP21, do Quadro de Pessoal da Câmara dos Deputados, que exerce no gabinete do(a) Deputado(a) MARCELO ARO.</p><p>Nº 4.432 - Nomear, na forma do artigo 9º, inciso II, da Lei nº 8.112, de 11 de dezembro de 1990, EDUARDO DA SILVA MACHADO para exercer, no gabinete do(a) Deputado(a) MARX BELTRAO, o cargo em comissão de Secretário Parlamentar, SP25, do Quadro de Pessoal da Câmara dos Deputados.</p><p>Nº 4.436 - Nomear, na forma do artigo 9º, inciso II, da Lei nº 8.112, de 11 de dezembro de 1990, RAIMUNDO NONATO SAMPAIO para exercer, no gabinete do(a) Deputado(a) PADRE JOAO, o cargo em comissão de Secretário Parlamentar, SP14, do Quadro de Pessoal da Câmara dos Deputados.</p><p class="assina">Daniel de Castro Borba</p>]]></Texto>
  </body>
  <Midias />
</article></xml>