﻿<xml><article id="27737183" name="PublicaAAo de 30 de agosto de 20" idOficio="9057838" pubName="DO2" artType="Portaria" pubDate="30/08/2022" artClass="00018:00154:00001:00000:00000:00000:00000:00000:00000:00000:00013:00003" artCategory="Ministério da Educação/Universidade Federal de Uberlândia/Pró-Reitoria de Gestão de Pessoas" artSize="12" artNotes="4318" numberPage="95" pdfPage="http://pesquisa.in.gov.br/imprensa/jsp/visualiza/index.jsp?data=30/08/2022&amp;jornal=529&amp;pagina=95" editionNumber="165" highlightType="" highlightPriority="" highlight="" highlightimage="" highlightimagename="" idMateria="19840648">
  <body>
    <Identifica><![CDATA[ PORTARIAS DE PESSOAL UFU DE 29 DE AGOSTO DE 2022]]></Identifica>
    <Data><![CDATA[]]></Data>
    <Ementa />
    <Titulo />
    <SubTitulo />
    <Texto><![CDATA[<p class="identifica">PORTARIAS DE PESSOAL UFU DE 29 DE AGOSTO DE 2022</p><p>O REITOR DA UNIVERSIDADE FEDERAL DE UBERLÂNDIA, no uso de suas atribuições legais e regimentais, resolve:</p><p>Nº 4.318 - Art. 1º Dispensar Cleide Aparecida Nunes da Silva Franco, SIAPE 3271663, da Função Gratificada de Assessora Especial Nível 3 da Escola de Educação Básica (FG-1), a partir de 30 de agosto de 2022.</p><p>Art. 2º Revoga-se a Portaria de Pessoal nº 3970/2022, publicada no Diário Oficial da União de 09 de agosto de 2022, Edição 150, Seção 2, página 40.</p><p>Nº 4.319 - Art. 1º Designar Paula Amaral Faria, SIAPE 1803828, para exercer a Função Gratificada de Assessora Especial da Escola de Educação Básica (FG-1), a partir de 30 de agosto de 2022.</p><p class="assina">VALDER STEFFEN JUNIOR</p>]]></Texto>
  </body>
  <Midias />
</article></xml>