﻿<xml><article id="27733094" name="PT 2672" idOficio="9056771" pubName="DO2" artType="Portaria" pubDate="30/08/2022" artClass="00027:00002:00000:00000:00000:00000:00000:00000:00000:00000:00017:00005" artCategory="Ministério do Trabalho e Previdência/Secretaria Executiva" artSize="12" artNotes="" numberPage="121" pdfPage="http://pesquisa.in.gov.br/imprensa/jsp/visualiza/index.jsp?data=30/08/2022&amp;jornal=529&amp;pagina=121" editionNumber="165" highlightType="" highlightPriority="" highlight="" highlightimage="" highlightimagename="" idMateria="19839310">
  <body>
    <Identifica><![CDATA[ PORTARIA SE/MTP Nº 2.672, DE 26 DE AGOSTO DE 2022]]></Identifica>
    <Data><![CDATA[]]></Data>
    <Ementa />
    <Titulo />
    <SubTitulo />
    <Texto><![CDATA[<p class="identifica">PORTARIA SE/MTP Nº 2.672, DE 26 DE AGOSTO DE 2022</p><p>O SECRETÁRIO-EXECUTIVO DO MINISTÉRIO DO TRABALHO E PREVIDÊNCIA, no uso de suas atribuições e tendo em vista o art. 9º da Portaria MTP nº 158, de 1º de setembro de 2021, publicada no DOU de 2 de setembro de 2021, seção 1, página 152, resolve:</p><p>Tornar sem efeito a designação de WALAINE PORTO SILVA, matrícula nº 1793433, para a função de Chefe de Agência Regional do Trabalho em Itabira, código FCE 1.01, da Gerência Regional do Trabalho em Ipatinga, constante na Portaria SE/MTP nº 1.339, de 28 de maio de 2022, publicada no DOU de 31/05/2022, seção 2, página 77/78. (Processo nº 13621.109543/2022-40).</p><p class="assina">LUCIO RODRIGUES CAPELLETTO</p>]]></Texto>
  </body>
  <Midias />
</article></xml>