﻿<xml><article id="27734422" name="2022-08-29/9057143/TCUWS_1983976" idOficio="9057143" pubName="DO2" artType="Portaria" pubDate="30/08/2022" artClass="00044:00011:00002:00000:00000:00000:00000:00000:00000:00000:00017:00001" artCategory="Tribunal de Contas da União/Secretaria-Geral de Administração/Secretaria de Gestão de Pessoas" artSize="12" artNotes="" numberPage="134" pdfPage="http://pesquisa.in.gov.br/imprensa/jsp/visualiza/index.jsp?data=30/08/2022&amp;jornal=529&amp;pagina=134" editionNumber="165" highlightType="" highlightPriority="" highlight="" highlightimage="" highlightimagename="" idMateria="19839769">
  <body>
    <Identifica><![CDATA[ PORTARIA-SEGEP Nº 167, DE 25 DE AGOSTO DE 2022]]></Identifica>
    <Data><![CDATA[]]></Data>
    <Ementa />
    <Titulo />
    <SubTitulo />
    <Texto><![CDATA[<p class="identifica">PORTARIA-SEGEP Nº 167, DE 25 DE AGOSTO DE 2022</p><p>A SECRETÁRIA DE GESTÃO DE PESSOAS - SUBSTITUTA, no uso da atribuição que lhe confere a Portaria-Segedam nº 17/2022, e tendo em vista as informações constantes do processo nº 016.923/2022-7, resolve:</p><p>Conceder pensãO vitalícia a partir de 9/8/2022 a MARIA JOSE DA COSTA MARINHO por motivo de falecimento do servidor aposentado EDIO COÊLHO DE LIMA, matrícula nº 1684-5, ocorrido em 9/8/2022, com fundamento no art. 23 da Emenda Constitucional 103/2019; art. 217, inciso III, c/c o art. 222, inciso VII, alínea "b", item "6", da Lei 8.112/1990; Lei 8.213/1991 e Portaria ME 424/2020.</p><p class="assina">CLÁUDIA GONÇALVES MANCEBO</p>]]></Texto>
  </body>
  <Midias />
</article></xml>