﻿<xml><article id="27742345" name="Afastamento do paAs ALTERAAAO JA" idOficio="9058816" pubName="DO2" artType="Despacho" pubDate="30/08/2022" artClass="00015:00040:00000:00000:00000:00000:00000:00000:00000:00000:00013:00004" artCategory="Ministério da Economia/Secretaria Especial de Comércio Exterior e Assuntos Internacionais" artSize="12" artNotes="" numberPage="33" pdfPage="http://pesquisa.in.gov.br/imprensa/jsp/visualiza/index.jsp?data=30/08/2022&amp;jornal=529&amp;pagina=33" editionNumber="165" highlightType="" highlightPriority="" highlight="" highlightimage="" highlightimagename="" idMateria="19841985">
  <body>
    <Identifica><![CDATA[ DESPACHO de 26 de Agosto de 2022]]></Identifica>
    <Data><![CDATA[]]></Data>
    <Ementa />
    <Titulo />
    <SubTitulo />
    <Texto><![CDATA[<p class="identifica">DESPACHO de 26 de Agosto de 2022</p><p>A SECRETÁRIA ESPECIAL SUBSTITUTA DE COMÉRCIO EXTERIOR E ASSUNTOS INTERNACIONAIS DO MINISTÉRIO DA ECONOMIA, tendo em vista o art. 2º do Decreto nº 1.387, de 7 de fevereiro de 1995, e do Decreto nº 10.193, de 27 de dezembro de 2019, e no uso da competência que lhe foi delegada pela Portaria ME nº 7.081, de 9 de agosto de 2022, autoriza a alteração de afastamento do país de JÔNATHAS DELDUQUE JÚNIOR, cuja publicação no D.O.U. deu-se em 18 de agosto de 2022, Seção 2, página nº 15 , onde se lê "...no período de 19 de setembro a 03 de outubro de 2022, inclusive trânsito..." leia-se "...no período de 19 de setembro a 02 outubro de 2022, inclusive trânsito...". (Processo SEI nº 12120.100553/2022-06).</p><p class="assina">VIVIANE VECCHI MENDES MÜLLER</p>]]></Texto>
  </body>
  <Midias />
</article></xml>