﻿<xml><article id="27742796" name="PORTARIA CREF14GOTO NA 195 2022" idOficio="9058890" pubName="DO2" artType="Portaria" pubDate="30/08/2022" artClass="00048:00213:00000:00000:00000:00000:00000:00000:00000:00000:00017:00000" artCategory="Entidades de Fiscalização do Exercício das Profissões Liberais/Conselho Regional de Educação Física da 14ª Região" artSize="12" artNotes="" numberPage="146" pdfPage="http://pesquisa.in.gov.br/imprensa/jsp/visualiza/index.jsp?data=30/08/2022&amp;jornal=529&amp;pagina=146" editionNumber="165" highlightType="" highlightPriority="" highlight="" highlightimage="" highlightimagename="" idMateria="19842101">
  <body>
    <Identifica><![CDATA[ PORTARIA CREF14/GO-TO Nº 195, de 25 de agosto de 2022]]></Identifica>
    <Data><![CDATA[]]></Data>
    <Ementa />
    <Titulo />
    <SubTitulo />
    <Texto><![CDATA[<p class="identifica">PORTARIA CREF14/GO-TO Nº 195, de 25 de agosto de 2022</p><p>O PRESIDENTE DO CONSELHO REGIONAL DE EDUCAÇÃO FÍSICA - 14ª REGIÃO - GOIÁS E TOCANTINS, no uso de suas atribuições estatutárias e CONSIDERANDO o disposto nos incisos II e X do art. 40 do Estatuto do Conselho Regional de Educação Física da 14ª Região - Goiás e Tocantins (CREF14/GO-TO); CONSIDERANDO o contido no Processo SPW Nº 2022/003071 e a deliberação da reunião da Diretoria do dia 22 de julho de 2022; resolve:</p><p>Art. 1º Exonerar, A PEDIDO, o empregado público efetivo CLEBER ALVES SILVA, CPF: 031.XXX.XXX-.24, do cargo de Assistente Administrativo, nível A, admitido em 01/09/2017, lotado na Seccional Tocantins, a partir de 15 de julho de 2022. Art. 2º Esta Portaria entra em vigor na data de sua publicação, produzindo efeito retroativo a 15 de julho de 2022. Cumpra-se e Publique-se. GABINETE DO PRESIDENTE DO CONSELHO REGIONAL DE EDUCAÇÃO FÍSICA 14ª REGIÃO, 25 de agosto de 2022;</p><p class="assina">MARCELO DE CASTRO SPADA RIBEIRO</p>]]></Texto>
  </body>
  <Midias />
</article></xml>