﻿<xml><article id="27740375" name="PORTARIA DE PESSOAL de Suely de " idOficio="9058476" pubName="DO2" artType="Portaria" pubDate="30/08/2022" artClass="00015:00002:00026:00036:00000:00000:00000:00000:00000:00000:00017:00000" artCategory="Ministério da Economia/Secretaria Executiva/Secretaria de Gestão Corporativa/Superintendência Regional de Administração no Rio de Janeiro" artSize="12" artNotes="" numberPage="32" pdfPage="http://pesquisa.in.gov.br/imprensa/jsp/visualiza/index.jsp?data=30/08/2022&amp;jornal=529&amp;pagina=32" editionNumber="165" highlightType="" highlightPriority="" highlight="" highlightimage="" highlightimagename="" idMateria="19841485">
  <body>
    <Identifica><![CDATA[ PORTARIA DE PESSOAL SRA/RJ/ME Nº 9.719, DE 24 DE  AGOSTODE 2022]]></Identifica>
    <Data><![CDATA[]]></Data>
    <Ementa />
    <Titulo />
    <SubTitulo />
    <Texto><![CDATA[<p class="identifica">PORTARIA DE PESSOAL SRA/RJ/ME Nº 9.719, DE 24 DE AGOSTODE 2022</p><p>A SUPERINTENDENTE REGIONAL DE ADMINISTRAÇÃO NO ESTADO DO RIO DE JANEIRO, no uso de suas atribuições que lhe foram conferidas pelo Art. 3º, Inciso II, da Portaria SGC-ME nº12961, de 03 de novembro de 2021, publicada no Diário Oficial da União de 22 de novembro de 2021, e tendo em vista o que consta do Processo SEI nº 10768.101982/2022-51 resolve :</p><p>Art. 1º Conceder pensão a SUELY DE ALBUQUERQUE GRAN FRAGA na qualidade de ex esposa pensionada, do ex servidor aposentado JOSÉ RIBEIRO FRAGA FILHO, ocupante do cargo de Analista Tributário da Receita Federal do Brasil, Classe Especial Padrão III, matrícula SIAPE n.º 0122056, do Quadro de Pessoal deste Ministério da Economia, falecido em 19/07/2022 , com fundamento no inciso II, do art. 3º da Portaria SGP/SEDGG/ME nº 4645, de 24 de maio de 2022, c/c o art. 217 inciso II, art. 222 inciso VII, alínea "b,",ítem 6 da Lei 8112 de 12.12.1990, alterada pela Lei 13.135 de 17.06.2015, e § 1º inciso II e caput do § 2º, ambos do Art. 24 C nº103/2019 de 13/11/20019.</p><p>Art. 2º Os efeitos desta Portaria entram em vigor em 19/07/2022 data do óbito do ex servidor..</p><p class="assina">MARIA ANGELA MOREIRA CARNAVAL</p>]]></Texto>
  </body>
  <Midias />
</article></xml>