﻿<xml><article id="27742867" name="PORTARIA NA 490 EXONERAR ROGERIO" idOficio="9058897" pubName="DO2" artType="Portaria" pubDate="30/08/2022" artClass="00028:00001:00000:00000:00000:00000:00000:00000:00000:00000:00017:00490" artCategory="Ministério do Turismo/Gabinete do Ministro" artSize="12" artNotes="" numberPage="123" pdfPage="http://pesquisa.in.gov.br/imprensa/jsp/visualiza/index.jsp?data=30/08/2022&amp;jornal=529&amp;pagina=123" editionNumber="165" highlightType="" highlightPriority="" highlight="" highlightimage="" highlightimagename="" idMateria="19842108">
  <body>
    <Identifica><![CDATA[ PORTARIA DE PESSOAL MTUR Nº 490, DE 25 DE AGOSTO DE 2022]]></Identifica>
    <Data><![CDATA[]]></Data>
    <Ementa />
    <Titulo />
    <SubTitulo />
    <Texto><![CDATA[<p class="identifica">PORTARIA DE PESSOAL MTUR Nº 490, DE 25 DE AGOSTO DE 2022</p><p>O MINISTRO DE ESTADO DO TURISMO, no uso de suas atribuições e tendo em vista o disposto no inciso II, do art. 6º, do Decreto nº 9.794, de 14 de maio de 2019 e no art. 1º do Decreto nº 10.108, de 7 de novembro de 2019 e na Portaria nº 455, de 22 de setembro de 2020, da Casa Civil, da Presidência da República resolve:</p><p>Exonerar, a pedido, ROGERIO SAMUEL DE LIMA HENRIQUES do cargo em comissão de Superintendente, código DAS 101.4, do Instituto do Patrimônio Histórico e Artístico Nacional no Estado de Pernambuco, vinculado a este Ministério, a contar de 1º de agosto de 2022.</p><p class="assina">CARLOS ALBERTO GOMES DE BRITO</p>]]></Texto>
  </body>
  <Midias />
</article></xml>