﻿<xml><article id="27742297" name="DOU2-SGMPFADJ-PGR-3-PT-635-UNI-P" idOficio="9058810" pubName="DO2" artType="Portaria" pubDate="30/08/2022" artClass="00043:00010:00006:00000:00000:00000:00000:00000:00000:00000:00017:00002" artCategory="Ministério Público da União/Ministério Público Federal/Secretaria-Geral" artSize="12" artNotes="" numberPage="129" pdfPage="http://pesquisa.in.gov.br/imprensa/jsp/visualiza/index.jsp?data=30/08/2022&amp;jornal=529&amp;pagina=129" editionNumber="165" highlightType="" highlightPriority="" highlight="" highlightimage="" highlightimagename="" idMateria="19841970">
  <body>
    <Identifica><![CDATA[ PORTARIA SG/MPF Nº 635, DE 24 DE AGOSTO DE 2022]]></Identifica>
    <Data><![CDATA[]]></Data>
    <Ementa />
    <Titulo />
    <SubTitulo />
    <Texto><![CDATA[<p class="identifica">PORTARIA SG/MPF Nº 635, DE 24 DE AGOSTO DE 2022</p><p>O SECRETÁRIO EXECUTIVO DA SECRETARIA-GERAL DO MINISTÉRIO PÚBLICO FEDERAL, no uso da competência delegada pelo artigo 3º, inciso</p><p>XII, da Portaria SG/MPF nº 499, de 15 de julho de 2022, de acordo com o contido na Informação prestada pela Secretaria de Gestão de Pessoas - PGR-00318065/2022, e tendo em vista o que consta do Procedimento de Gestão Administrativa MPF/PGR nº 1.00.000.012431/2022-87, resolve:</p><p>Art. 1º Conceder aposentadoria voluntária à servidora CARMEM DA SILVA PEREZ, matrícula n.º 22.651, Técnico do MPU/Administração, Código TC020101, Classe C, Padrão 13, da Carreira de Técnico do Ministério Público da União, com proventos integrais, calculados com base na totalidade da remuneração do cargo efetivo e reajustados na mesma proporção e na mesma data, sempre que se modificar a remuneração dos servidores em atividade, com fundamento no artigo 20, incisos I a IV, § 2º, inciso I, da Emenda Constitucional nº 103, de 12 de novembro de 2019, c/c o artigo 7º da Emenda Constitucional nº 41, de 19 de dezembro de 2003.</p><p>Art. 2º Declarar vago o referido cargo.</p><p>Art. 3º Esta portaria entra em vigor na data de sua publicação.</p><p class="assina">CLEUBER DELANO JOSE LISBOA FILHO</p>]]></Texto>
  </body>
  <Midias />
</article></xml>