﻿<xml><article id="27733546" name="PT SAES NA 484" idOficio="9056955" pubName="DO2" artType="Portaria" pubDate="30/08/2022" artClass="00026:00023:00000:00000:00000:00000:00000:00000:00000:00000:00017:00484" artCategory="Ministério da Saúde/Secretaria de Atenção Especializada à Saúde" artSize="12" artNotes="" numberPage="118" pdfPage="http://pesquisa.in.gov.br/imprensa/jsp/visualiza/index.jsp?data=30/08/2022&amp;jornal=529&amp;pagina=118" editionNumber="165" highlightType="" highlightPriority="" highlight="" highlightimage="" highlightimagename="" idMateria="19839454">
  <body>
    <Identifica><![CDATA[ PORTARIA Nº 484, DE 24 DE AGOSTO DE 2022]]></Identifica>
    <Data><![CDATA[]]></Data>
    <Ementa />
    <Titulo />
    <SubTitulo />
    <Texto><![CDATA[<p class="identifica">PORTARIA Nº 484, DE 24 DE AGOSTO DE 2022</p><p>A Secretária de Atenção Especializada à Saúde, no uso da competência subdelegada pela Portaria GM/MS nº 2.742, de 7 de julho de 2022, resolve:</p><p>Designar CRISTIANE GOMES GUIMARAES, matrícula SIAPE 1581641, para exercer a Função Comissionada Executiva de Assessor Técnico Especializado, FCE 4.03, código n° 24.0176, da Divisão de Cardiologia da Criança e Adolescente, da Coordenação Assistencial, do Instituto Nacional de Cardiologia, da Secretaria de Atenção Especializada à Saúde.</p><p class="assina">MAÍRA BATISTA BOTELHO</p>]]></Texto>
  </body>
  <Midias />
</article></xml>