﻿<xml><article id="27734878" name="PORTARIA 29 08 2022" idOficio="9057279" pubName="DO2" artType="Portaria" pubDate="30/08/2022" artClass="00018:00066:00000:00000:00000:00000:00000:00000:00000:00000:00017:00000" artCategory="Ministério da Educação/Instituto Federal de Educação, Ciência e Tecnologia do Piauí" artSize="12" artNotes="" numberPage="59" pdfPage="http://pesquisa.in.gov.br/imprensa/jsp/visualiza/index.jsp?data=30/08/2022&amp;jornal=529&amp;pagina=59" editionNumber="165" highlightType="" highlightPriority="" highlight="" highlightimage="" highlightimagename="" idMateria="19839933">
  <body>
    <Identifica><![CDATA[ PORTARIA nº 2.204/GAB/REI/IFPI, de 23 de agosto de 2022]]></Identifica>
    <Data><![CDATA[]]></Data>
    <Ementa />
    <Titulo />
    <SubTitulo />
    <Texto><![CDATA[<p class="identifica">PORTARIA nº 2.204/GAB/REI/IFPI, de 23 de agosto de 2022</p><p>O REITOR DO INSTITUTO FEDERAL DE EDUCAÇÃO, CIÊNCIA E TECNOLOGIA DO PIAUÍ, no uso de suas atribuições legais e tendo em vista o disposto no Processo nº 23178.000875/2022-07, resolve::</p><p>Designar, a partir de 23/08/2022, o servidor Leonardo Victor da Luz Rocha, Técnico de Laboratório-Área, Nível de Classificação D, Nível de Capacitação IV, CPF nº 039.434.893-10, matrícula SIAPE nº 3007374, do Quadro de Pessoal deste Instituto Federal, com lotação no Campus Paulistana, para exercer a função de Chefe de Gabinete do referido campus, Código FG-1.</p><p class="assina">PAULO BORGES DA CUNH</p><p class="identifica">PORTARIA Nº 2.205/GAB/REI/IFPI, de 23 de agosto de 2022</p><p>O REITOR DO INSTITUTO FEDERAL DE EDUCAÇÃO, CIÊNCIA E TECNOLOGIA DO PIAUÍ, no uso de suas atribuições legais e tendo em vista o disposto no Processo nº 23178.000875/2022-07, resolve::</p><p>Dispensar, o servidor João Francisco Ribeiro Neto, Assistente de Aluno, Nível de Classificação C, Nível de Capacitação IV, CPF 676.333.583-00, Matrícula SIAPE Nº 2151667 lotado no Instituto Federal de Educação, Ciência e Tecnologia do Piauí, no Campus Paulistana, da função de Chefe de Gabinete do referido campus, Código FG-1, para o qual foi designado através da Portaria Nº 190, de 17/01/2018, publicada no DOU de 22/01/2018.</p><p class="assina">PAULO BORGES DA CUNH</p><p class="identifica">PORTARIA Nº 2.227/GAB/REI/IFPI, de 24 de agosto de 2022</p><p>O REITOR DO INSTITUTO FEDERAL DE EDUCAÇÃO, CIÊNCIA E TECNOLOGIA DO PIAUÍ, no uso de suas atribuições legais e tendo em vista o disposto no Processo nº 23185.000893/2022-91, resolve::</p><p>Designar o servidor Clayton Robson Moreira da Silva, Professor do Ensino Básico, Técnico e Tecnológico, Classe DIII, Nível 1, CPF nº 044.684.233-82, matrícula SIAPE nº 3007484, do Quadro de Pessoal deste Instituto Federal, com lotação no Campus Pedro II, para exercer a função de Coordenador do Curso Bacharelado em Administração do referido campus, Código FUC-0001.</p><p class="assina">PAULO BORGES DA CUNH</p><p class="identifica">PORTARIA Nº 2.228/GAB/REI/IFPI, de 24 de agosto de 2022</p><p>O REITOR DO INSTITUTO FEDERAL DE EDUCAÇÃO, CIÊNCIA E TECNOLOGIA DO PIAUÍ, no uso de suas atribuições legais e tendo em vista o disposto no Processo nº 23185.000893/2022-91, resolve::</p><p>Designar a servidora Angélica Pereira Soares, Professor do Ensino Básico, Técnico e Tecnológico, Classe DII, Nível 2, CPF nº 014.194.061-16, matrícula SIAPE nº 1069391, do Quadro de Pessoal deste Instituto Federal, com lotação no Campus Pedro II, para exercer a função de Coordenadora do Curso Técnico em Administração do referido campus, Código FUC-0001.</p><p class="assina">PAULO BORGES DA CUNH</p><p class="identifica">PORTARIA Nº 2.230/GAB/REI/IFPI, de 24 de agosto de 2022</p><p>O REITOR DO INSTITUTO FEDERAL DE EDUCAÇÃO, CIÊNCIA E TECNOLOGIA DO PIAUÍ, no uso de suas atribuições legais e tendo em vista o disposto no Processo nº 23185.000893/2022-91, resolve::</p><p>Designar o servidor Bruno Cesar Dias de Albuquerque, Professor do Ensino Básico, Técnico e Tecnológico, Classe DIII, Nível 3, CPF nº 069.372.444-79, matrícula SIAPE nº 1123823, do Quadro de Pessoal deste Instituto Federal, com lotação no Campus Pedro II, para exercer a função de Coordenador do Curso Técnico em Meio Ambiente do referido campus, Código FUC-0001.</p><p class="assina">PAULO BORGES DA CUNH</p><p class="identifica">PORTARIA Nº 2.231/GAB/REI/IFPI, de 24 de agosto de 2022</p><p>O REITOR DO INSTITUTO FEDERAL DE EDUCAÇÃO, CIÊNCIA E TECNOLOGIA DO PIAUÍ, no uso de suas atribuições legais e tendo em vista o disposto no Processo nº 23185.000893/2022-91, resolve::</p><p>Dispensar, o servidor Marcos Gonçalves Nunes de Moares Filho, Professor do Ensino, Básico Técnico e Tecnológico, Classe DII, Nível 1, CPF 025.117.293-77, Matrícula SIAPE Nº 3007530, lotado no Instituto Federal de Educação, Ciência e Tecnologia do Piauí, no Campus Pedro II, da função de Coordenadora do Curso Bacharelado em Administração do referido campus, Código FUC-0001, para o qual foi designado através da Portaria Nº 2.394, de 13/09/2018, publicada no DOU de 17/09/2018.</p><p class="assina">PAULO BORGES DA CUNH</p><p class="identifica">PORTARIA Nº 2.232/GAB/REI/IFPI, de 24 de agosto de 2022</p><p>O REITOR DO INSTITUTO FEDERAL DE EDUCAÇÃO, CIÊNCIA E TECNOLOGIA DO PIAUÍ, no uso de suas atribuições legais e tendo em vista o disposto no Processo nº 23185.000893/2022-91, resolve::</p><p>Dispensar, a servidora Jessica Oliveira Soaraes, Professor do Ensino, Básico Técnico e Tecnológico, Classe DIII, Nível 1, CPF 004.369.533-74, Matrícula SIAPE Nº 2153759, lotada no Instituto Federal de Educação, Ciência e Tecnologia do Piauí, no Campus Pedro II, da função de Coordenadora do Curso Técnico em Administração do referido campus, Código FUC-0001, para o qual foi designado através da Portaria Nº 3.113, de 11/09/2019, publicada no DOU de 16/09/2019.</p><p class="assina">PAULO BORGES DA CUNH</p><p class="identifica">PORTARIA Nº 2.233/GAB/REI/IFPI, de 24 de agosto de 2022</p><p>O REITOR DO INSTITUTO FEDERAL DE EDUCAÇÃO, CIÊNCIA E TECNOLOGIA DO PIAUÍ, no uso de suas atribuições legais e tendo em vista o disposto no Processo nº 23185.000893/2022-91, resolve::</p><p>Dispensar, o servidor Willame Pereira de Oliveira, Professor do Ensino, Básico Técnico e Tecnológico, Classe DIII, Nível 3, CPF 006.678.533-24, Matrícula SIAPE Nº 2156100 lotado no Instituto Federal de Educação, Ciência e Tecnologia do Piauí, no Campus Pedro II, da função de Coordenador do Curso Análise e Desenvolvimento de Sistemas do referido campus, Código FUC-0001, para o qual foi designado através da Portaria Nº 1.760, de 01/10/2020, publicada no DOU de 05/10/2020.</p><p class="assina">PAULO BORGES DA CUNH</p><p class="identifica">PORTARIA Nº 2.234/GAB/REI/IFPI, de 24 de agosto de 2022</p><p>O REITOR DO INSTITUTO FEDERAL DE EDUCAÇÃO, CIÊNCIA E TECNOLOGIA DO PIAUÍ, no uso de suas atribuições legais e tendo em vista o disposto no Processo nº 23185.000893/2022-91, resolve::</p><p>Dispensar, o servidor Willame Rodrigues do Nascimento Sousa, Professor do Ensino, Básico Técnico e Tecnológico, Classe DI, Nível 2, CPF 428.817.303-53, Matrícula SIAPE Nº 1319025 lotado no Instituto Federal de Educação, Ciência e Tecnologia do Piauí, no Campus Pedro II, da função de Coordenador do Curso Licenciatura em Ciências Biológicas do referido campus, Código FUC-0001, para o qual foi designado através da Portaria Nº 2.123, de 08/08/2018, publicada no DOU de 14/08/2018.</p><p class="assina">PAULO BORGES DA CUNH</p><p class="identifica">PORTARIA Nº 2.235/GAB/REI/IFPI, de 24 de agosto de 2022</p><p>O REITOR DO INSTITUTO FEDERAL DE EDUCAÇÃO, CIÊNCIA E TECNOLOGIA DO PIAUÍ, no uso de suas atribuições legais e tendo em vista o disposto no Processo nº 23185.000893/2022-91, resolve::</p><p>Art. 1º Dispensar, a servidora Estefânia Araújo Barbosa Farias, Professor do Ensino, Básico Técnico e Tecnológico, Classe DIII, Nível 2, CPF 019.963.523-42, Matrícula SIAPE Nº 2299221 lotada no Instituto Federal de Educação, Ciência e Tecnologia do Piauí, no Campus Pedro II, da função de Coordenadora do Curso Técnico em Meio Ambiente do referido campus, Código FUC-0001, para a qual foi designada através da Portaria Nº 1.619, de 14/06/2018, publicada no DOU de 19/06/2018.</p><p>Art. 2º Designar a referida servidora para exercer a função de Coordenadora do Curso em Licenciatura em Ciências Biológicas, Código FUC-0001.</p><p class="assina">PAULO BORGES DA CUNH</p><p class="identifica">PORTARIA Nº 2.247/GAB/REI/IFPI, de 24 de agosto de 2022</p><p>O REITOR DO INSTITUTO FEDERAL DE EDUCAÇÃO, CIÊNCIA E TECNOLOGIA DO PIAUÍ, no uso de suas atribuições legais e tendo em vista o disposto no Processo nº 23176.000633/2022-25, resolve::</p><p>Dispensar, a servidora Valdívia Regina Medeiros Queiroz, Professor do Ensino, Básico Técnico e Tecnológico, Classe DII, Nível 2, CPF 446.190.143-20, Matrícula SIAPE Nº 2318832, lotada no Instituto Federal de Educação, Ciência e Tecnologia do Piauí, no Campus Piripiri, da função de Coordenadora do Curso Técnico em Administração do referido campus, Código FUC-0001, para o qual foi designado através da Portaria Nº 71, de 13/01/2022, publicada no DOU de 17/01/2022.</p><p class="assina">PAULO BORGES DA CUNHA</p><p class="identifica">PORTARIA Nº 2.246/GAB/REI/IFPI, de 24 de agosto de 2022</p><p>O REITOR DO INSTITUTO FEDERAL DE EDUCAÇÃO, CIÊNCIA E TECNOLOGIA DO PIAUÍ, no uso de suas atribuições legais e tendo em vista o disposto no Processo nº 23185.000915/2022-13, resolve::</p><p>Designar o servidor Anderson dos Reis Barros, Professor do Ensino Básico, Técnico e Tecnológico, Classe DIII, Nível 3, CPF nº 937.233.423-53, matrícula SIAPE nº 1838267, do Quadro de Pessoal deste Instituto Federal, com lotação no Campus Pedro II, para exercer a função de Coordenador do Curso de Tecnologia em Análise e Desenvolvimento de Sistemas do referido campus, Código FUC-0001.</p><p class="assina">PAULO BORGES DA CUNHA</p><p class="identifica">PORTARIA Nº 2.250/GAB/REI/IFPI, de 24 de agosto de 2022</p><p>O REITOR DO INSTITUTO FEDERAL DE EDUCAÇÃO, CIÊNCIA E TECNOLOGIA DO PIAUÍ, no uso de suas atribuições legais e tendo em vista o disposto no Processo nº 23176.000633/2022-25, resolve::</p><p>Designar a servidora Juliana Celso Melo Pinheiro de Vasconcelos, Professor do Ensino Básico, Técnico e Tecnológico, Classe DII, Nível 2, CPF nº 015.905.233-50, matrícula SIAPE nº 1133750, do Quadro de Pessoal deste Instituto Federal, com lotação no Campus Piripiri, para exercer a função de Coordenadora do Curso Técnico em Administração do referido campus, Código FUC-0001.</p><p class="assina">PAULO BORGES DA CUNHA</p>]]></Texto>
  </body>
  <Midias />
</article></xml>