﻿<xml><article id="27735809" name="21.1 - Port _43_2022-SECIRM_Miss" idOficio="9057513" pubName="DO2" artType="Portaria" pubDate="30/08/2022" artClass="00013:00012:00030:00000:00000:00000:00000:00000:00000:00000:00017:00000" artCategory="Ministério da Defesa/Comando da Marinha/Secretaria da Comissão Interministerial para os Recursos do Mar" artSize="12" artNotes="" numberPage="27" pdfPage="http://pesquisa.in.gov.br/imprensa/jsp/visualiza/index.jsp?data=30/08/2022&amp;jornal=529&amp;pagina=27" editionNumber="165" highlightType="" highlightPriority="" highlight="" highlightimage="" highlightimagename="" idMateria="19840220">
  <body>
    <Identifica><![CDATA[ PORTARIA Nº 43/SECIRM, DE 23 DE AGOSTO DE 2022]]></Identifica>
    <Data><![CDATA[]]></Data>
    <Ementa />
    <Titulo />
    <SubTitulo />
    <Texto><![CDATA[<p class="identifica">PORTARIA Nº 43/SECIRM, DE 23 DE AGOSTO DE 2022</p><p>O SECRETÁRIO DA COMISSÃO INTERMINISTERIAL PARA OS RECURSOS DO MAR, no uso das atribuições que lhe são conferidas pelo inciso VIII do § 1º do art. 5º do anexo I da Portaria nº 99/MB/MD, de 5 de abril de 2021, alterada pela Portaria 157/MB/MB, de 28 de maio de 2021, e em conformidade com o inciso 8.2.5 do Manual Técnico de Elaboração de Documentos Administrativos da MB, resolve:</p><p>Art. 1° Alterar o art. 1º da Portaria nº 40/SECIRM, de 8 de agosto de 2022, publicada no Diário Oficial da União nº 151, Seção 2, página 14, de 10 de agosto de 2022, que designou militares para realizarem missão no exterior, que passa a vigorar com a seguinte redação:</p><p>"Art.1º</p><p>Período: de 18 a 21 de agosto de 2022, incluindo o trânsito."(NR)</p><p>Art. 2° Esta Portaria entra em vigor na presente data.</p><p class="assina">Capitão de Mar e Guerra MARLON RAMOS DE ARAUJO</p>]]></Texto>
  </body>
  <Midias />
</article></xml>