﻿<xml><article id="27733118" name="PORTARIAS NA 1366 E 1367 DE 26 D" idOficio="9056775" pubName="DO2" artType="Portaria" pubDate="30/08/2022" artClass="00018:00077:00001:00000:00000:00000:00000:00000:00000:00000:00017:00000" artCategory="Ministério da Educação/Instituto Federal de Educação, Ciência e Tecnologia do Sul de Minas Gerais/Reitoria" artSize="12" artNotes="" numberPage="63" pdfPage="http://pesquisa.in.gov.br/imprensa/jsp/visualiza/index.jsp?data=30/08/2022&amp;jornal=529&amp;pagina=63" editionNumber="165" highlightType="" highlightPriority="" highlight="" highlightimage="" highlightimagename="" idMateria="19839314">
  <body>
    <Identifica><![CDATA[ PORTARIAS DE 26 DE AGOSTO DE 2022]]></Identifica>
    <Data><![CDATA[]]></Data>
    <Ementa />
    <Titulo />
    <SubTitulo />
    <Texto><![CDATA[<p class="identifica">PORTARIAS DE 26 DE AGOSTO DE 2022</p><p>O REITOR DO INSTITUTO FEDERAL DE EDUCAÇÃO, CIÊNCIA E TECNOLOGIA DO SUL DE MINAS GERAIS, nomeado pelo Decreto de 04.08.2022, publicado no DOU de 05.08.2022, seção 2, página 1, em conformidade com a Lei 11.892/08 e, tendo em vista o que consta no processo eletrônico Nº 23500.001014.2021-48, resolve:</p><p>Nº 1.366 - Dispensar, a partir de 15.08.2022, o servidor RAFAEL FELIPE COELHO NEVES, Professor do Ensino Básico, Técnico e Tecnológico, matrícula SIAPE nº 2020292, de exercer a função de COORDENADOR DE PESQUISA, PÓS-GRADUAÇÃO E INOVAÇÃO, código FG-02, deste Instituto - Campus Poços de Caldas.</p><p>Nº 1.367 - Art. 1º Designar, a partir de 22.08.2022, o servidor DOUGLAS DONIZETI DE CASTILHO BRAZ, Professor do Ensino Básico, Técnico e Tecnológico, matrícula SIAPE nº 1926760, para exercer a função de COORDENADOR DE PESQUISA, PÓS-GRADUAÇÃO E INOVAÇÃO, código FG-02, deste Instituto - Campus Poços de Caldas.</p><p>Art. 2º Convalidar os atos praticados pelo servidor DOUGLAS DONIZETI DE CASTILHO BRAZ, Professor do Ensino Básico, Técnico e Tecnológico, matrícula SIAPE nº 1926760, na função de COORDENADOR DE PESQUISA, PÓS-GRADUAÇÃO E INOVAÇÃO, código FG-02, deste Instituto - Campus Poços de Caldas, a partir de 22.08.2022.</p><p class="assina">CLEBER ÁVILA BARBOSA</p>]]></Texto>
  </body>
  <Midias />
</article></xml>