﻿<xml><article id="27734032" name="ATO PORTARIA DE PESSOAL SGP NA 9" idOficio="9057057" pubName="DO2" artType="Portaria" pubDate="30/08/2022" artClass="00015:00041:00034:00000:00000:00000:00000:00000:00000:00000:00017:00005" artCategory="Ministério da Economia/Secretaria Especial de Desburocratização, Gestão e Governo Digital/Secretaria de Gestão e Desempenho de Pessoal" artSize="12" artNotes="" numberPage="36" pdfPage="http://pesquisa.in.gov.br/imprensa/jsp/visualiza/index.jsp?data=30/08/2022&amp;jornal=529&amp;pagina=36" editionNumber="165" highlightType="" highlightPriority="" highlight="" highlightimage="" highlightimagename="" idMateria="19839617">
  <body>
    <Identifica><![CDATA[ PORTARIA DE PESSOAL SGP/SEDGG/ME Nº 9.600, DE 22 DE AGOSTO DE 2022]]></Identifica>
    <Data><![CDATA[]]></Data>
    <Ementa />
    <Titulo />
    <SubTitulo />
    <Texto><![CDATA[<p class="identifica">PORTARIA DE PESSOAL SGP/SEDGG/ME Nº 9.600, DE 22 DE AGOSTO DE 2022</p><p>O SECRETÁRIO DE GESTÃO E DESEMPENHO DE PESSOAL DA SECRETARIA ESPECIAL DE DESBUROCRATIZAÇÃO, GESTÃO E GOVERNO DIGITAL DO MINISTÉRIO DA ECONOMIA, no uso da competência delegada pela Portaria nº 195, de 4 de julho de 2018, conforme disposto nos arts. 16 e 17 da Lei nº 13.681, de 18 de junho de 2018, e considerando o que consta do processo nº 13622.101388/2022-11, resolve:</p><p>Art. 1° Alterar o exercício da empregada pública Claudia Valbia Silva de Moura, matrícula SIAPE nº 3287718, ocupante do cargo de Agente Administrativo - NA, oriunda do ex-Território Federal de Roraima, integrante do Plano de Classificação de Cargos dos ex-Territórios Federais - PCC-Ext, do quadro em extinção da União, para compor força de trabalho na Agência Regional do Trabalho em Caracaraí, da Superintendência Regional do Trabalho em Roraima da Secretaria de Trabalho do Ministério do Trabalho e Previdência, por tempo indeterminado.</p><p>Art. 2º Cabe à Superintendência Regional do Trabalho no Estado de Roraima assegurar-se que a empregada não exercerá atividades incompatíveis com as atribuições do seu cargo/emprego, de forma a não ocorrer desvio de função.</p><p>Art. 3º O ônus pela remuneração é do órgão de origem.</p><p>Art. 4º Torna-se sem efeito o disposto nesta Portaria, caso a empregada não se apresente ao órgão de destino no prazo de trinta dias.</p><p>Art. 5º A empregada deverá apresentar-se imediatamente ao órgão de origem (Ministério da Economia) ao término do exercício.</p><p>Art. 6º Esta Portaria entra em vigor na data de sua publicação.</p><p class="assina">EDUARDO BERGAMASCHI FELIZOLA</p>]]></Texto>
  </body>
  <Midias />
</article></xml>