﻿<xml><article id="27735845" name="2022.08.24 RETIFICAAAO Reitor__B" idOficio="9057520" pubName="DO2" artType="Retificação" pubDate="30/08/2022" artClass="00018:00109:00000:00000:00000:00000:00000:00000:00000:00000:00017:00005" artCategory="Ministério da Educação/Universidade Federal do Rio Grande do Norte" artSize="12" artNotes="" numberPage="78" pdfPage="http://pesquisa.in.gov.br/imprensa/jsp/visualiza/index.jsp?data=30/08/2022&amp;jornal=529&amp;pagina=78" editionNumber="165" highlightType="" highlightPriority="" highlight="" highlightimage="" highlightimagename="" idMateria="19840228">
  <body>
    <Identifica><![CDATA[ RETIFICAÇÃO]]></Identifica>
    <Data><![CDATA[]]></Data>
    <Ementa />
    <Titulo />
    <SubTitulo />
    <Texto><![CDATA[<p class="identifica">RETIFICAÇÃO</p><p>Retificar a data da Portaria n.º 1.317/22-R, publicada no D.O.U. n.º 161, de 24.08.2022, Seção 2, página 29, de modo que onde se lê: "DE 23 DE JULHO DE 2022", leia-se: "DE 23 DE AGOSTO DE 2022", conforme processo n.º 23077.108121/2022-24.</p>]]></Texto>
  </body>
  <Midias />
</article></xml>