﻿<xml><article id="27732218" name="PT633REGIONALSUL" idOficio="9056596" pubName="DO2" artType="Portaria" pubDate="30/08/2022" artClass="00027:00051:00095:00004:00000:00000:00000:00000:00000:00000:00017:00633" artCategory="Ministério do Trabalho e Previdência/Instituto Nacional do Seguro Social/Superintendência Regional Sul/Coordenação de Gestão de Pessoas" artSize="12" artNotes="" numberPage="123" pdfPage="http://pesquisa.in.gov.br/imprensa/jsp/visualiza/index.jsp?data=30/08/2022&amp;jornal=529&amp;pagina=123" editionNumber="165" highlightType="" highlightPriority="" highlight="" highlightimage="" highlightimagename="" idMateria="19839113">
  <body>
    <Identifica><![CDATA[ PORTARIA COGP - SRSUL/SRSUL/INSS Nº 633, DE 25 DE AGOSTO DE 2022]]></Identifica>
    <Data><![CDATA[]]></Data>
    <Ementa />
    <Titulo />
    <SubTitulo />
    <Texto><![CDATA[<p class="identifica">PORTARIA COGP - SRSUL/SRSUL/INSS Nº 633, DE 25 DE AGOSTO DE 2022</p><p>O COORDENADOR DE GESTÃO DE PESSOAS DA SUPERINTENDÊNCIA REGIONAL SUL, no uso das atribuições que lhe confere o Artigo 5º da PORTARIA PRES/INSS Nº 1.414, DE 24 DE FEVEREIRO DE 2022, que subdelega competências para a prática de atos administrativos no âmbito da gestão de pessoas e Art. 13 da PORTARIA DIRAT/INSS Nº 393, DE 31 DE MARÇO DE 2022, bem como o contido no Processo SEI nº 35014.264005/2022-16, resolve:</p><p>Art. 1º Declarar, a contar de 26/08/2022, a vacância do cargo efetivo de Técnico do Seguro Social, ocupado pela servidora ALINE FEIER FALÇÃO, matrícula SIAPE 2.019.400, CPF nº 072.124.XXX-00, Classe C, Padrão I, do Quadro de Pessoal Permanente deste Instituto, em virtude de posse em outro cargo público inacumulável, com fundamento no inciso VIII do art. 33 e no art. 34, caput, ambos da Lei nº 8.112, de 11 de dezembro de 1990.</p><p>Art. 2º Esta Portaria entra em vigor na data de sua publicação.</p><p class="assina">IDEON ALVES CARNEIRO JUNIOR</p>]]></Texto>
  </body>
  <Midias />
</article></xml>