﻿<xml><article id="27738968" name="PORTARIA EMCFA-MD NA 4505" idOficio="9058159" pubName="DO2" artType="Portaria" pubDate="30/08/2022" artClass="00013:00034:00000:00000:00000:00000:00000:00000:00000:00000:00017:00001" artCategory="Ministério da Defesa/Estado-Maior Conjunto das Forças Armadas" artSize="12" artNotes="" numberPage="28" pdfPage="http://pesquisa.in.gov.br/imprensa/jsp/visualiza/index.jsp?data=30/08/2022&amp;jornal=529&amp;pagina=28" editionNumber="165" highlightType="" highlightPriority="" highlight="" highlightimage="" highlightimagename="" idMateria="19841094">
  <body>
    <Identifica><![CDATA[ PORTARIA EMCFA-MD  Nº 4.505, DE 23 DE AGOSTO DE 2022]]></Identifica>
    <Data><![CDATA[]]></Data>
    <Ementa />
    <Titulo />
    <SubTitulo />
    <Texto><![CDATA[<p class="identifica">PORTARIA EMCFA-MD Nº 4.505, DE 23 DE AGOSTO DE 2022</p><p>O CHEFE DO GABINETE DO ESTADO-MAIOR CONJUNTO DAS FORÇAS ARMADAS, no uso da competência subdelegada pelo inciso III do art. 1º da Portaria EMCFA-MD nº 4.283, de 10 de agosto de 2022, considerando a Portaria Normativa nº 98/GM-MD, de 20 de dezembro de 2018, o Decreto nº 10.998, de 15 de março de 2022, e os Processos Administrativos nº 60583.001089/2022-63 e nº 60583.001872/2022-27, resolve:</p><p>Tornar sem efeito a Portaria EMCFA-MD nº 1.914, de 4 de abril de 2022, publicada no Diário Oficial da União nº 65-A, Seção 2 - Extra A, página 6, de 5 de abril 2022, referente à Capitão-Tenente (AA) SIMONE DO NASCIMENTO GALENO DOS SANTOS.</p><p class="assina">Maj Brig Ar FLÁVIO LUIZ DE OLIVEIRA PINTO</p>]]></Texto>
  </body>
  <Midias />
</article></xml>