﻿<xml><article id="27737030" name="PORTARIA N 3.241 SINC 19840542" idOficio="9057735" pubName="DO2" artType="Portaria" pubDate="30/08/2022" artClass="00026:00001:00000:00000:00000:00000:00000:00000:00000:00000:00017:00005" artCategory="Ministério da Saúde/Gabinete do Ministro" artSize="12" artNotes="" numberPage="114" pdfPage="http://pesquisa.in.gov.br/imprensa/jsp/visualiza/index.jsp?data=30/08/2022&amp;jornal=529&amp;pagina=114" editionNumber="165" highlightType="" highlightPriority="" highlight="" highlightimage="" highlightimagename="" idMateria="19840542">
  <body>
    <Identifica><![CDATA[ PORTARIA GM/MS Nº 3.241, DE 23 DE AGOSTO DE 2022]]></Identifica>
    <Data><![CDATA[]]></Data>
    <Ementa />
    <Titulo />
    <SubTitulo />
    <Texto><![CDATA[<p class="identifica">PORTARIA GM/MS Nº 3.241, DE 23 DE AGOSTO DE 2022</p><p>O MINISTRO DE ESTADO DA SAÚDE, no uso da competência que lhe foi delegada pelo art. 6º do Decreto nº 9.794, de 14 de maio de 2019, resolve:</p><p>Designar RICARDO TEODORO MARQUES, matrícula no SIAPE 1771642, para exercer a Função Comissionada Executiva de Coordenador de Projetos Especiais, FCE 1.11, código 24.0252, do Instituto Nacional de Traumatologia e Ortopedia, da Secretaria de Atenção Especializada à Saúde.</p><p class="assina">MARCELO ANTÔNIO CARTAXO QUEIROGA LOPES</p>]]></Texto>
  </body>
  <Midias />
</article></xml>