﻿<xml><article id="27739229" name="Despacho - MARCELO LUIZ SOARES P" idOficio="9058217" pubName="DO2" artType="Despacho" pubDate="30/08/2022" artClass="00015:00043:00000:00000:00000:00000:00000:00000:00000:00000:00013:00006" artCategory="Ministério da Economia/Secretaria Especial de Produtividade e Competitividade" artSize="12" artNotes="" numberPage="43" pdfPage="http://pesquisa.in.gov.br/imprensa/jsp/visualiza/index.jsp?data=30/08/2022&amp;jornal=529&amp;pagina=43" editionNumber="165" highlightType="" highlightPriority="" highlight="" highlightimage="" highlightimagename="" idMateria="19841165">
  <body>
    <Identifica><![CDATA[ DESPACHO DE 25 DE AGOSTO DE 2022]]></Identifica>
    <Data><![CDATA[]]></Data>
    <Ementa />
    <Titulo />
    <SubTitulo />
    <Texto><![CDATA[<p class="identifica">DESPACHO DE 25 DE AGOSTO DE 2022</p><p>O SECRETÁRIO ESPECIAL DE PRODUTIVIDADE E COMPETITIVIDADE, tendo em vista o Decreto nº 1.387, de 07 de fevereiro de 1995, o Decreto nº 7.689, de 02 de março de 2012 e no uso da competência que lhe foi delegada pela Portaria ME nº 7.081, de 09 de agosto de 2022, cancela o afastamento do país do servidor MARCELO LUIZ SOARES PEREIRA, Coordenador-Geral de Marcas, Desenhos Industriais e Indicações Geográficas, da Diretoria de Marcas, Desenhos Industriais e Indicações Geográficas, do Instituto Nacional da Propriedade Industrial, publicado no Diário Oficial da União, de 03 de agosto de 2022, Edição nº 146, Seção 2, Página 15 (Processo SEI nº 19951.100556/2022-06).</p><p class="assina">ALEXANDRE XAVIER YWATA DE CARVALHO</p>]]></Texto>
  </body>
  <Midias />
</article></xml>