﻿<xml><article id="27736811" name="Portaria nA 4290 - ColaboraAAo T" idOficio="9057713" pubName="DO2" artType="Portaria" pubDate="30/08/2022" artClass="00018:00154:00001:00000:00000:00000:00000:00000:00000:00000:00013:00001" artCategory="Ministério da Educação/Universidade Federal de Uberlândia/Gabinete do Reitor" artSize="12" artNotes="" numberPage="95" pdfPage="http://pesquisa.in.gov.br/imprensa/jsp/visualiza/index.jsp?data=30/08/2022&amp;jornal=529&amp;pagina=95" editionNumber="165" highlightType="" highlightPriority="" highlight="" highlightimage="" highlightimagename="" idMateria="19840516">
  <body>
    <Identifica><![CDATA[ PORTARIA de pessoal ufu Nº 4.290, DE 26 DE AGOSTO DE 2022]]></Identifica>
    <Data><![CDATA[]]></Data>
    <Ementa />
    <Titulo />
    <SubTitulo />
    <Texto><![CDATA[<p class="identifica">PORTARIA de pessoal ufu Nº 4.290, DE 26 DE AGOSTO DE 2022</p><p>O REITOR DA UNIVERSIDADE FEDERAL DE UBERLÂNDIA, no uso de suas atribuições legais e</p><p>CONSIDERANDO o disposto no inciso II, do art. 93, da Lei nº 8.112, de 11 de dezembro de 1990 e o disposto no art. 26-A, da Lei nº 11.091, de 12 de janeiro de 2005 e demais informações constantes no processo 23117.059024/2022-87;, resolve:</p><p>Art. 1º Conceder afastamento à servidora Lara Gomes do Nascimento Morais, Matrícula SIAPE nº 1065738, ocupante do cargo de Administrador, para prestar Colaboração Técnica junto a Universidade Federal do Triângulo Mineiro, pelo prazo de 02 (dois) anos, contados a partir da publicação desta portaria.</p><p>Art. 2º Esta Portaria entra em vigor na data de sua publicação.</p><p class="assina">VALDER STEFFEN JUNIOR</p>]]></Texto>
  </body>
  <Midias />
</article></xml>