﻿<xml><article id="27739458" name="FCE 201 - Dispensa Vicente Loure" idOficio="9058272" pubName="DO2" artType="Portaria" pubDate="30/08/2022" artClass="00025:00270:00020:00008:00009:00000:00000:00000:00000:00000:00017:00000" artCategory="Ministério das Relações Exteriores/Secretaria-Geral das Relações Exteriores/Secretaria de Gestão Administrativa/Departamento do Serviço Exterior/Divisão do Pessoal" artSize="12" artNotes="" numberPage="113" pdfPage="http://pesquisa.in.gov.br/imprensa/jsp/visualiza/index.jsp?data=30/08/2022&amp;jornal=529&amp;pagina=113" editionNumber="165" highlightType="" highlightPriority="" highlight="" highlightimage="" highlightimagename="" idMateria="19841242">
  <body>
    <Identifica><![CDATA[ PORTARIA Nº 952, DE 16 DE AGOSTO DE 2022]]></Identifica>
    <Data><![CDATA[]]></Data>
    <Ementa />
    <Titulo />
    <SubTitulo />
    <Texto><![CDATA[<p class="identifica">PORTARIA Nº 952, DE 16 DE AGOSTO DE 2022</p><p>O CHEFE DA DIVISÃO DO PESSOAL, de acordo com o art. 5º da Portaria nº 386, de 14 de abril de 2022, e com o Decreto nº 10.829, de 5 de outubro de 2021, resolve:</p><p>Dispensar VICENTE LOURENÇO DE OLIVEIRA, agente de vigilância, classe E, padrão III, do quadro permanente do Ministério das Relações Exteriores, Siape nº 0457509, da função de assistente técnico, código FCE 2.01, da Divisão de Recursos Logísticos.</p><p class="assina">FERNANDO PERDIGÃO</p>]]></Texto>
  </body>
  <Midias />
</article></xml>