﻿<xml><article id="27740496" name="ATO PORTARIA NA 2408" idOficio="9058507" pubName="DO2" artType="Portaria" pubDate="30/08/2022" artClass="00018:00133:00000:00000:00000:00000:00000:00000:00000:00000:00017:02408" artCategory="Ministério da Educação/Fundação Universidade Federal do Acre" artSize="12" artNotes="" numberPage="90" pdfPage="http://pesquisa.in.gov.br/imprensa/jsp/visualiza/index.jsp?data=30/08/2022&amp;jornal=529&amp;pagina=90" editionNumber="165" highlightType="" highlightPriority="" highlight="" highlightimage="" highlightimagename="" idMateria="19841516">
  <body>
    <Identifica><![CDATA[ PORTARIA Nº 2.408, DE 29 DE AGOSTO DE 2022]]></Identifica>
    <Data><![CDATA[]]></Data>
    <Ementa />
    <Titulo />
    <SubTitulo />
    <Texto><![CDATA[<p class="identifica">PORTARIA Nº 2.408, DE 29 DE AGOSTO DE 2022</p><p>A REITORA DA UNIVERSIDADE FEDERAL DO ACRE, no uso de suas atribuições conferidas pelo Decreto de 9 de agosto de 2022, publicado no Diário Oficial da União (DOU) nº 151, Seção 2, Página 1, de 10 de agosto de 2022, combinado com o Art. 80, incisos I e III, do Regimento Geral da Ufac; de acordo com o Processo Seletivo Simplificado para Professor Substituto, Edital Prograd nº 10/2022, homologado no D.O.U. nº 77, de 26 de abril de 2022; e considerando o que consta no processo 23107.020858/2022-11, resolve:</p><p>Art. 1º CONTRATAR, em caráter temporário, FÁBIO DE FARIAS SOARES, na categoria de Professor Substituto do Magistério Superior, Classe A, Denominação Assistente-A, Nível 1, área de Teoria e Metodologia da História, para prestar serviço junto ao Centro de Filosofia e Ciências Humanas (CFCH), em regime de 40 (quarenta) horas semanais, pelo período de 12 (doze) meses, a contar de 29 de agosto de 2022 a 28 de agosto de 2023, com fulcro no Art. 37, inciso IX, da Constituição Federal e em conformidade com o Art. 2.º, inciso X, da Lei nº 8.745, de 09 de dezembro de 1993, alterada pela de nº 9.849, de 26 de outubro de 1999 e pela de nº 12.425, de 11 de junho de 2011, por meio do Termo de Contrato nº 50/2022.</p><p>Art. 2º Esta portaria entra em vigor em 29 de agosto de 2022.</p><p class="assina">MARGARIDA DE AQUINO CUNHA</p>]]></Texto>
  </body>
  <Midias />
</article></xml>