﻿<xml><article id="27740044" name="Portaria 25.08.2022" idOficio="9058406" pubName="DO2" artType="Portaria" pubDate="30/08/2022" artClass="00018:00052:00001:00000:00000:00000:00000:00000:00000:00000:00017:00000" artCategory="Ministério da Educação/Instituto Federal de Educação, Ciência e Tecnologia do Espírito Santo/Reitoria" artSize="12" artNotes="" numberPage="53" pdfPage="http://pesquisa.in.gov.br/imprensa/jsp/visualiza/index.jsp?data=30/08/2022&amp;jornal=529&amp;pagina=53" editionNumber="165" highlightType="" highlightPriority="" highlight="" highlightimage="" highlightimagename="" idMateria="19841401">
  <body>
    <Identifica><![CDATA[ PORTARIA Nº 2.100, de 29 DE AGOSTO DE 2022]]></Identifica>
    <Data><![CDATA[]]></Data>
    <Ementa />
    <Titulo />
    <SubTitulo />
    <Texto><![CDATA[<p class="identifica">PORTARIA Nº 2.100, de 29 DE AGOSTO DE 2022</p><p>O REITOR DO INSTITUTO FEDERAL DE EDUCAÇÃO, CIÊNCIA E TECNOLOGIA DO ESPÍRITO SANTO, nomeado pelo Decreto MEC de 19.10.2021, publicado no DOU de 20.10.2021, seção 2, página 1, no uso de suas atribuições legais resolve:</p><p>Processo n° 23159.001948/2022-06 - Dispensar, a partir de 26/08/2022, GRAZIELA JANE BERGAMIN, matrícula SIAPE 1669626, da Função Gratificada, código FG-2, de Coordenadora da Coordenadoria de Gestão Pedagógica, da Estrutura Administrativa do Campus Nova Venécia do Ifes, para a qual foi designada pela Portaria nº 261, de 13.02.2017, publicada no DOU em 14.02.2017.</p><p class="assina">Jadir Jose Pela</p>]]></Texto>
  </body>
  <Midias />
</article></xml>