﻿<xml><article id="27733297" name="ATO PORTARIA DE PESSOAL SGP NA 9" idOficio="9056830" pubName="DO2" artType="Portaria" pubDate="30/08/2022" artClass="00015:00041:00034:00000:00000:00000:00000:00000:00000:00000:00017:00009" artCategory="Ministério da Economia/Secretaria Especial de Desburocratização, Gestão e Governo Digital/Secretaria de Gestão e Desempenho de Pessoal" artSize="12" artNotes="" numberPage="37" pdfPage="http://pesquisa.in.gov.br/imprensa/jsp/visualiza/index.jsp?data=30/08/2022&amp;jornal=529&amp;pagina=37" editionNumber="165" highlightType="" highlightPriority="" highlight="" highlightimage="" highlightimagename="" idMateria="19839388">
  <body>
    <Identifica><![CDATA[ PORTARIA DE PESSOAL SGP/SEDGG/ME Nº 9.682, DE 23 DE AGOSTO DE 2022]]></Identifica>
    <Data><![CDATA[]]></Data>
    <Ementa />
    <Titulo />
    <SubTitulo />
    <Texto><![CDATA[<p class="identifica">PORTARIA DE PESSOAL SGP/SEDGG/ME Nº 9.682, DE 23 DE AGOSTO DE 2022</p><p>O SECRETÁRIO DE GESTÃO E DESEMPENHO DE PESSOAL DA SECRETARIA ESPECIAL DE DESBUROCRATIZAÇÃO, GESTÃO E GOVERNO DIGITAL DO MINISTÉRIO DA ECONOMIA, no uso das atribuições que lhe confere a Portaria SEDGG/ME n.º 12.571, de 22 de outubro de 2021, e tendo em vista o disposto na Portaria n.º 282, de 24 de julho de 2020, e no processo n.º 14021.109115/2022-49, resolve:</p><p>Art. 1º Encerrar a alteração de exercício para composição da força de trabalho da servidora Paloma Galvão Fernandes, matrícula SIAPE n.º 1716971, ocupante do cargo efetivo de Analista Ambiental, do quadro de pessoal do Meio Ambiente e dos Recursos Naturais Renováveis - IBAMA, movimentada pela Portaria de Pessoal SGP/SEDGG/ME nº 5.511, de 04 de maio de 2021.</p><p>Art. 2º Esta Portaria entra em vigor na data de sua publicação.</p><p class="assina">EDUARDO BERGAMASCHI FELIZOLA</p>]]></Texto>
  </body>
  <Midias />
</article></xml>