﻿<xml><article id="27743413" name="Portaria 166" idOficio="9058985" pubName="DO2" artType="Portaria" pubDate="30/08/2022" artClass="00048:00252:00000:00000:00000:00000:00000:00000:00000:00000:00017:00000" artCategory="Entidades de Fiscalização do Exercício das Profissões Liberais/Conselho Regional de Enfermagem de São Paulo" artSize="12" artNotes="" numberPage="146" pdfPage="http://pesquisa.in.gov.br/imprensa/jsp/visualiza/index.jsp?data=30/08/2022&amp;jornal=529&amp;pagina=146" editionNumber="165" highlightType="" highlightPriority="" highlight="" highlightimage="" highlightimagename="" idMateria="19842229">
  <body>
    <Identifica><![CDATA[ PORTARIA Nº 166, DE 26 DE AGOSTO DE 2022]]></Identifica>
    <Data><![CDATA[]]></Data>
    <Ementa />
    <Titulo />
    <SubTitulo />
    <Texto><![CDATA[<p class="identifica">PORTARIA Nº 166, DE 26 DE AGOSTO DE 2022</p><p>O Presidente do Conselho Regional de Enfermagem de São Paulo - Coren-SP, juntamente com a Primeira Secretária da Autarquia, no uso de suas atribuições legais e regimentais,</p><p>Considerando as justificativas apresentadas no Memorando nº 001/2022 - PJUR;</p><p>Considerando a complexidade das atividades a ser exercida pelo funcionário público nomeado pela PORTARIA COREN-SP/DIR/044/2021, baixam as seguintes determinações:</p><p>Art. 1º Nomear, a partir de 01 de setembro de 2022, o Senhor Mike Martins dos Santos, matriculado sob o nº 1150, para exercer o cargo comissionado Assessor II.</p><p>Art. 2º Em função do disposto no artigo supra, a partir de 01 de setembro de 2022, fica alterado o artigo 1º da PORTARIA COREN-SP/DIR/044/2021.</p><p>Parágrafo único. À exceção do estabelecido no caput do presente artigo, permanecem inalteradas as demais disposições previstas na PORTARIA COREN-SP/DIR/044/2021.</p><p>Art. 3º Fica a Gerência de Gestão de Pessoas (GGP) incumbida de adotar todas as providências que se fizerem necessárias ao devido cumprimento do disposto no presente normativo.</p><p>Art. 4º Esta Portaria entra em vigor na data de sua assinatura.</p><p class="assina">James Francisco Pedro dos Santos</p><p class="cargo">Presidente</p><p class="assina">Eduarda Ribeiro dos Santos</p><p class="cargo">Primeira Secretária</p>]]></Texto>
  </body>
  <Midias />
</article></xml>