﻿<xml><article id="27732035" name="PT902NORDESTE" idOficio="9056573" pubName="DO2" artType="Portaria" pubDate="30/08/2022" artClass="00027:00051:00090:00000:00000:00000:00000:00000:00000:00000:00017:00902" artCategory="Ministério do Trabalho e Previdência/Instituto Nacional do Seguro Social/Superintendência Regional Nordeste" artSize="12" artNotes="" numberPage="122" pdfPage="http://pesquisa.in.gov.br/imprensa/jsp/visualiza/index.jsp?data=30/08/2022&amp;jornal=529&amp;pagina=122" editionNumber="165" highlightType="" highlightPriority="" highlight="" highlightimage="" highlightimagename="" idMateria="19839089">
  <body>
    <Identifica><![CDATA[ PORTARIA SRNE/INSS Nº 902, DE 23 DE AGOSTO DE 2022]]></Identifica>
    <Data><![CDATA[]]></Data>
    <Ementa />
    <Titulo />
    <SubTitulo />
    <Texto><![CDATA[<p class="identifica">PORTARIA SRNE/INSS Nº 902, DE 23 DE AGOSTO DE 2022</p><p>O SUPERINTENDENTE-REGIONAL NORDESTE, no uso das atribuições que lhe confere o Decreto nº 10.995, de 14 de março de 2022, e considerando a subdelegação de competência de que trata a Portaria PRES/INSS nº 1.414, de 24 de fevereiro de 2022, bem como o contido no Processo nº 35014.320372/2022-07,resolve:</p><p>Designar WOLNEI ALENCAR DE SA, matrícula nº 0.904.823, CPF nº 269.295.XXX-97, para exercer a Função Comissionada Executiva de Chefe do Serviço de Gerenciamento de Benefícios, código FCE 1.05, da Gerência-Executiva Petrolina/PE.</p><p class="assina">MARCOS DE BRITO CAMPOS JÚNIOR</p>]]></Texto>
  </body>
  <Midias />
</article></xml>