﻿<xml><article id="27742667" name="DOU2-MG-1-PT-343-UNI-PR-MG-00061" idOficio="9058875" pubName="DO2" artType="Portaria" pubDate="30/08/2022" artClass="00043:00010:00035:00000:00000:00000:00000:00000:00000:00000:00017:00343" artCategory="Ministério Público da União/Ministério Público Federal/Procuradoria da República no Estado de Minas Gerais" artSize="12" artNotes="" numberPage="130" pdfPage="http://pesquisa.in.gov.br/imprensa/jsp/visualiza/index.jsp?data=30/08/2022&amp;jornal=529&amp;pagina=130" editionNumber="165" highlightType="" highlightPriority="" highlight="" highlightimage="" highlightimagename="" idMateria="19842072">
  <body>
    <Identifica><![CDATA[ PORTARIA Nº 343, DE 25 DE AGOSTO DE 2022]]></Identifica>
    <Data><![CDATA[]]></Data>
    <Ementa />
    <Titulo />
    <SubTitulo />
    <Texto><![CDATA[<p class="identifica">PORTARIA Nº 343, DE 25 DE AGOSTO DE 2022</p><p>O PROCURADOR-CHEFE DA PROCURADORIA DA REPÚBLICA EM MINAS GERAIS, no uso de suas atribuições legais e regimentais,</p><p>CONSIDERANDO a competência prevista pela Portaria PGR/MPF nº 357, de 05 de maio de 2015, resolve:</p><p>Art. 1º Dispensar RENATA BRINATI PEIXOTO, matrícula 25473, ocupante do cargo de Técnica do MPU/Administração, da função de confiança de Assistente - Nível II, Código FC-2, do Gabinete do Dr. Francisco de Assis Floriano e Calderano, da Procuradoria da República no Município de Manhuaçu no Estado de Minas Gerais.</p><p>Art. 2º Dispensar NATALIA MARTINS CAMPOS DA SILVA, matrícula 30144, ocupante do cargo de Técnica do MPU/Administração, da função de confiança de Chefe do Setor Jurídico, Código FC-1, da Procuradoria da República no Município de Manhuaçu no Estado de Minas Gerais.</p><p>Art. 3º Designar NATALIA MARTINS CAMPOS DA SILVA, matrícula 30144, ocupante do cargo de Técnica do MPU/Administração, para exercer a função de confiança de Assistente - Nível II, Código FC-2, do Gabinete do Dr. Francisco de Assis Floriano e Calderano, da Procuradoria da República no Município de Manhuaçu no Estado de Minas Gerais.</p><p>Art. 4º Designar GILSON DOUGLAS DOS ANJOS MARQUES, matrícula 30880, ocupante do cargo de Técnico do MPU/Administração, para exercer a função de confiança de Chefe do Setor Jurídico, Código FC-1, da Procuradoria da República no Município de Manhuaçu no Estado de Minas Gerais.</p><p class="assina">PATRICK SALGADO MARTINS</p>]]></Texto>
  </body>
  <Midias />
</article></xml>