﻿<xml><article id="27737519" name="Port. PRFN6 NAs 9834 9835 9838 9" idOficio="9057870" pubName="DO2" artType="Portaria" pubDate="30/08/2022" artClass="00015:00038:00438:00000:00000:00000:00000:00000:00000:00000:00017:00000" artCategory="Ministério da Economia/Procuradoria-Geral da Fazenda Nacional/Procuradoria Regional da Fazenda Nacional na 6ª Região" artSize="12" artNotes="" numberPage="33" pdfPage="http://pesquisa.in.gov.br/imprensa/jsp/visualiza/index.jsp?data=30/08/2022&amp;jornal=529&amp;pagina=33" editionNumber="165" highlightType="" highlightPriority="" highlight="" highlightimage="" highlightimagename="" idMateria="19840690">
  <body>
    <Identifica><![CDATA[ PORTARIAS DE PESSOAL PRFN6/PGFN/ME DE 26 DE AGOSTO DE 2022]]></Identifica>
    <Data><![CDATA[]]></Data>
    <Ementa />
    <Titulo />
    <SubTitulo />
    <Texto><![CDATA[<p class="identifica">PORTARIAS DE PESSOAL PRFN6/PGFN/ME DE 26 DE AGOSTO DE 2022</p><p>O PROCURADOR REGIONAL DA FAZENDA NACIONAL NA 6ª REGIÃO, no uso da competência que lhe foi subdelegada pelo inciso III do artigo 7º da Portaria PGFN nº 25.541, de 29 de dezembro de 2020, publicada no D.O.U. de 31 de dezembro de 2020, acrescentado pelo artigo 1º da Portaria PGFN Nº 4.390, de 16 de abril de 2021, publicada no D.O.U de 20 de abril de 2021, bem como o disposto no Processo SEI nº 10695.101599/2022-02, resolve:</p><p>Nº 9.834 - Designar EVERTON CASSIANO LOPES, CPF nº XXX.529.136-XX, matrícula Siape nº 1299408, para exercer o cargo em comissão de Chefe do Serviço de Apoio, código DAS 101.1, da Divisão de Assuntos Fiscais, da Procuradoria da Dívida Ativa, da Procuradoria Regional da Fazenda Nacional na 6ª Região, no Estado de Minas Gerais.</p><p>O PROCURADOR REGIONAL DA FAZENDA NACIONAL NA 6ª REGIÃO, no uso da competência que lhe foi subdelegada pelo inciso I do artigo 7º da Portaria PGFN nº 25.541, de 29 de dezembro de 2020, publicada no D.O.U. de 31 de dezembro de 2020, c/c o artigo 1º da Portaria PGFN nº 6.480, de 6 de março de 2020, publicada no D.O.U. de 11 de março de 2020, bem como o disposto no Processo SEI nº 10695.101301/2022-56, resolve:</p><p>Nº 9.835 - Designar ANA MARIA CAMPOS BICALHO DE LANA, Procuradora da Fazenda Nacional, matrícula Siape nº 1322042, para exercer a Função Comissionada do Poder Executivo de Chefe da Divisão de Defesa de 2ª Instância, código FCPE 101.2, da Procuradoria de Defesa da Fazenda na 6ª Região, da Procuradoria Regional da Fazenda Nacional na 6ª Região, no Estado de Minas Gerais.</p><p>O PROCURADOR REGIONAL DA FAZENDA NACIONAL NA 6ª REGIÃO, no uso da competência que lhe foi subdelegada pelo inciso III do artigo 7º da Portaria PGFN nº 25.541, de 29 de dezembro de 2020, publicada no D.O.U. de 31 de dezembro de 2020, acrescentado pelo artigo 1º da Portaria PGFN Nº 4.390, de 16 de abril de 2021, publicada no D.O.U de 20 de abril de 2021, bem como o disposto no Processo SEI nº 10695.101693/2022-53, resolve:</p><p>Nº 9.838 - Nomear DEBORA BORGES DA COSTA, CPF nº XXX.308.966-XX, para exercer o cargo em comissão de Chefe do Serviço de Apoio, código DAS 101.1, da Divisão de Acompanhamento dos Grandes Devedores, da Procuradoria da Dívida Ativa, da Procuradoria Regional da Fazenda Nacional na 6ª Região, no Estado de Minas Gerais.</p><p>O PROCURADOR REGIONAL DA FAZENDA NACIONAL NA 6ª REGIÃO, no uso da competência que lhe foi subdelegada pelo inciso III do artigo 7º da Portaria PGFN nº 25.541, de 29 de dezembro de 2020, publicada no D.O.U. de 31 de dezembro de 2020, acrescentado pelo artigo 1º da Portaria PGFN Nº 4.390, de 16 de abril de 2021, publicada no D.O.U de 20 de abril de 2021, bem como o disposto no Processo SEI nº 10695.101573/2022-56, resolve:</p><p>Nº 9.839 - Designar JULIO SERGIO RAMOS, CPF nº XXX.008.736-XX para exercer a Função Comissionada do Poder Executivo de Chefe de Serviço de Representação Judicial Nacional e Contratos, código DAS-101.1, da Procuradoria Seccional da Fazenda Nacional em Sete Lagoas, no Estado de Minas Gerais.</p><p>O PROCURADOR REGIONAL DA FAZENDA NACIONAL NA 6ª REGIÃO, no uso da competência que lhe foi subdelegada pelo inciso II do artigo 7º da Portaria PGFN nº 25.541, de 29 de dezembro de 2020, publicada no DOU de 31 de dezembro de 2020, bem como o disposto no Processo SEI nº 10695.101661/2022-58, resolve:</p><p>Nº 9.864 - Dispensar LUIZA HELENA DA SILVA GUEDES, Procuradora da Fazenda Nacional, matrícula SIAPE nº 2346828, do encargo de substituta eventual do Procurador Seccional, código FCPE 101.2, da Procuradoria Seccional da Fazenda Nacional em Montes Claros, no Estado de Minas Gerais.</p><p>Nº 9.866 - Designar VICTOR EMMANUEL CARVALHO BATISTA, Procurador da Fazenda Nacional, matrícula SIAPE nº 2076591, para exercer o encargo de substituto eventual da Função Comissionada do Poder Executivo do Procurador Seccional, código FCPE 101.2, da Procuradoria Seccional da Fazenda Nacional em Montes Claros no Estado de Minas Gerais, nos afastamentos, impedimentos legais ou regulamentares do titular e na vacância da função.</p><p>O PROCURADOR REGIONAL DA FAZENDA NACIONAL NA 6ª REGIÃO, no uso da competência que lhe foi subdelegada pelo inciso III do artigo 7º da Portaria PGFN nº 25.541, de 29 de dezembro de 2020, publicada no D.O.U. de 31 de dezembro de 2020, acrescentado pelo artigo 1º da Portaria PGFN Nº 4.390, de 16 de abril de 2021, publicada no D.O.U de 20 de abril de 2021, bem como o disposto no Processo SEI nº 10695.101609/2022-00, resolve:</p><p>Nº 9.885 - Nomear CARLA ADRIANA ANTERO DE OLIVEIRA, CPF nº XXX.133.266-XX, para exercer o cargo em comissão de Chefe de Serviço de Apoio, código DAS-101.1, da Divisão de Defesa de 2ª Instância, da Procuradoria de Defesa da Fazenda na 6ª Região, da Procuradoria Regional da Fazenda Nacional na 6ª Região, no Estado de Minas Gerais.</p><p>O PROCURADOR REGIONAL DA FAZENDA NACIONAL NA 6ª REGIÃO, no uso da competência que lhe foi subdelegada pelo inciso III do artigo 7º da Portaria PGFN nº 25.541, de 29 de dezembro de 2020, publicada no D.O.U. de 31 de dezembro de 2020, acrescentado pelo artigo 1º da Portaria PGFN Nº 4.390, de 16 de abril de 2021, publicada no D.O.U de 20 de abril de 2021, bem como o disposto no Processo SEI nº 10695.101610/2022-26, resolve:</p><p>Nº 9.886 - Designar MARIANA ROMÃO VILAÇA, CPF nº XXX.745.366-XX, para exercer o cargo em comissão de Chefe de Serviço de Apoio, código DAS-101.1, da Divisão de Acompanhamento Especial, da Procuradoria de Defesa da Fazenda da 6ª Região, da Procuradoria Regional da Fazenda Nacional na 6ª Região, no Estado de Minas Gerais.</p><p class="assina">RANULFO ALEXANDRE PINGOSVIK DE MELO VALE</p>]]></Texto>
  </body>
  <Midias />
</article></xml>