﻿<xml><article id="27736757" name="16 Portaria 341 - PaulAo" idOficio="9057697" pubName="DO2" artType="Portaria" pubDate="30/08/2022" artClass="00047:00033:00003:00006:00003:00001:00000:00000:00000:00000:00017:00000" artCategory="Poder Judiciário/Tribunal Regional Eleitoral de Rondônia/Diretoria-Geral/Secretaria de Administração, Orçamento, Finanças e Contabilidade/Coordenadoria de Material de Patrimônio/Seção de Licitações e Compras" artSize="12" artNotes="" numberPage="142" pdfPage="http://pesquisa.in.gov.br/imprensa/jsp/visualiza/index.jsp?data=30/08/2022&amp;jornal=529&amp;pagina=142" editionNumber="165" highlightType="" highlightPriority="" highlight="" highlightimage="" highlightimagename="" idMateria="19840477">
  <body>
    <Identifica><![CDATA[ PORTARIA Nº 341, DE 25 DE AGOSTO DE 2022]]></Identifica>
    <Data><![CDATA[]]></Data>
    <Ementa />
    <Titulo />
    <SubTitulo />
    <Texto><![CDATA[<p class="identifica">PORTARIA Nº 341, DE 25 DE AGOSTO DE 2022</p><p>O PRESIDENTE DO TRIBUNAL REGIONAL ELEITORAL DE RONDÔNIA, no desempenho de suas atribuições descritas no , art. 14, inciso XVII, do Regimento Interno deste Tribunal, e considerando o constante dos Processos Administrativos n. 0002281-03.2019.6.22.8000 (Concessão da Aposentadoria Voluntária), n. 0000812-48.2021.6.22.8000 (Natureza de Quintos), n. 0001907-21.2018.6.22.8000 (Concessão de parcelas de Décimos/Quintos), n. 195/2001-SGP (Adicional de Tempo de Serviço - Anuênios) e n. 136/2011 - SGP (Adicional de Qualificação - Pós-Graduação); e no Acórdão TCU n. 10.980/2021 - 2ª Câmara - referente ao TC n. 022.406/2021-2 (Pedido de Reexame - Aposentadoria), resolve:</p><p>Art. 1º Revogar a Portaria TRE-RO n. 1.053, de 27/12/2019, publicada no Diário Oficial da União (DOU), Seção 2, página 53, de 7/1/2020.</p><p>Art. 2º Conceder aposentadoria voluntária, a contar de 7/1/2020, data de publicação da Portaria TRE/RO n. 1.053/2020, ao servidor PAULO CÉSAR GONÇALVES RODRIGUES, matrícula n. 260412, do cargo de Técnico Judiciário - Área Administrativa - Especialidade Segurança, nos termos do art. 3º, § 1º, da Emenda Constitucional n. 103, de 12 de novembro de 2019, c/c o art. 3º da Emenda Constitucional n. 47, de 5 de julho de 2005, e art. 40, § 1º, inciso III, alínea '"a", da Constituição Federal, e art. 186, inciso III, alínea "a" da Lei n. 8.112/90, com proventos integrais do vencimento básico do cargo de Técnico Judiciário - Área Administrativa - Especialidade Segurança, Nível Intermediário, Classe "C", Padrão 13 (art. 3º da Lei n. 11.416/2006), acrescido da Gratificação de Atividade Judiciária - GAJ incidente sobre o vencimento básico do cargo efetivo (art. 13 da Lei n. 11.416/2006), do Adicional de Qualificação - AQ, relativo a título de pós-graduação lato sensu (art. 14, § 5º da Lei n. 11.416/2006) e, ainda, de forma integral, sem prejuízo de eventual revisão por decisão administrativa ou judicial:</p><p>I - Adicional por Tempo de Serviço - ATS (anuênios) no total de 4 (quatro), incidente sobre o vencimento básico do cargo efetivo, nos termos do art. 67, caput, da Lei n. 8.112/90, antes de ser revogado pela Medida Provisória n. 2.225/2001 - que estabeleceu como termo final para apuração desta vantagem a data de 8/3/1999 - direito resguardado pelo art. 6º da Lei n. 9.624/98;</p><p>II - Vantagem Pessoal Nominalmente identificada (VPNI) Quintos/Décimos, das parcelas legalmente incorporadas equivalentes a 3/5 (três quintos) da função comissionada FC 4, concedidos pelas Portarias n. 220/1995, n. 255/1997 e n. 34/1999, decorrentes do exercício em função e cargo comissionados até 7/4/1998; e</p><p>III - Vantagem Pessoal Nominalmente Identificada (VPNI) de Quintos/Décimos, das parcelas legalmente incorporadas e equivalentes a 2/5 (dois quintos) de FC 4, decorrentes do exercício em função e cargo comissionados no período de 8/4/1998 a 4/9/2001, com incorporação e atualização contidas na Portaria n. 17/2005, de caráter não compensatório, amparada em decisão judicial (Acórdão TRE-RO n. 163/2005 no Mandado de Segurança n. 66 - Classe 2, com trânsito em julgado em 18 de novembro de 2005, e a Ação Ordinária Coletiva n. 1997.41.00.004185-0 [0004164-67.1997.4.01.4100] - 1ª Vara Federal da Seção Judiciária de Rondônia, que transitou em julgado em 4 de outubro de 2017), consoante determinado pelo RE STF n. 638.115/CE.</p><p>Art. 3º Declarar vago, nos termos do art. 33, VII, da Lei n. 8.112, de 11 de dezembro de 1990, o cargo de Técnico Judiciário, Área Administrativa - Especialidade Segurança, classe C, padrão 13, criado pela Lei n. 8.868, de 14/4/1994, do quadro de pessoal deste Tribunal.</p><p>Art. 4º Esta portaria entra em vigor na data de sua publicação.</p><p class="assina">Desembargador KIYOCHI MORI</p>]]></Texto>
  </body>
  <Midias />
</article></xml>