﻿<xml><article id="27741838" name="Of. 367 - PORTARIA 615 - DESIGNA" idOficio="9058749" pubName="DO2" artType="Portaria" pubDate="30/08/2022" artClass="00018:00145:00001:00000:00000:00000:00000:00000:00000:00000:00017:00007" artCategory="Ministério da Educação/Fundação Universidade Federal de Rondônia/Reitoria" artSize="12" artNotes="" numberPage="93" pdfPage="http://pesquisa.in.gov.br/imprensa/jsp/visualiza/index.jsp?data=30/08/2022&amp;jornal=529&amp;pagina=93" editionNumber="165" highlightType="" highlightPriority="" highlight="" highlightimage="" highlightimagename="" idMateria="19841872">
  <body>
    <Identifica><![CDATA[ PORTARIA Nº 615/GR/UNIR, DE 26 DE AGOSTO DE 2022]]></Identifica>
    <Data><![CDATA[]]></Data>
    <Ementa />
    <Titulo />
    <SubTitulo />
    <Texto><![CDATA[<p class="identifica">PORTARIA Nº 615/GR/UNIR, DE 26 DE AGOSTO DE 2022</p><p>A REITORA DA FUNDAÇÃO UNIVERSIDADE FEDERAL DE RONDÔNIA (UNIR), no uso das atribuições que lhe são conferidas mediante o artigo 7º da Lei nº 7.011, de 08 de julho de 1982; o artigo 11 do Estatuto da UNIR; o Decreto Presidencial publicado no DOU nº 221, de 19 de novembro de 2020, seção 2, p.1; e considerando o Processo nº 23118.003824/2022-33, resolve:</p><p>Art. 1º Designar a servidora docente BEATRIZ MACHADO GOMES, SIAPE nº 0396639 para a função de Coordenadora do Programa de Pós-graduação Mestrado Profissional em Rede Nacional em Gestão e Regulação de Recursos Hídricos (ProfÁgua)/Polo UNIR, eleita para exercer o mandato de 2 (dois) anos, a contar da publicação desta Portaria no Diário Oficial da União.</p><p>Art. 2º Designar a servidora docente MARTA SILVANA VOLPATO SCCOTI, SIAPE nº 1805850, para a função de Vice-Coordenadora do Programa de Pós-graduação Mestrado Profissional em Rede Nacional em Gestão e Regulação de Recursos Hídricos (ProfÁgua)/Polo UNIR, eleita para exercer o mandato de 2 (dois) anos, a contar da publicação desta Portaria no Diário Oficial da União.</p><p>Art. 3º Esta portaria entrará em vigor a partir de sua publicação.</p><p class="assina">Marcele Regina Nogueira Pereira</p>]]></Texto>
  </body>
  <Midias />
</article></xml>