﻿<xml><article id="27739993" name="DsR1024 e 1025-22 Afast" idOficio="9058397" pubName="DO2" artType="Despacho" pubDate="30/08/2022" artClass="00018:00147:00001:00000:00000:00000:00000:00000:00000:00000:00013:00003" artCategory="Ministério da Educação/Fundação Universidade Federal de São Carlos/Gabinete da Reitoria" artSize="12" artNotes="1024" numberPage="93" pdfPage="http://pesquisa.in.gov.br/imprensa/jsp/visualiza/index.jsp?data=30/08/2022&amp;jornal=529&amp;pagina=93" editionNumber="165" highlightType="" highlightPriority="" highlight="" highlightimage="" highlightimagename="" idMateria="19841391">
  <body>
    <Identifica><![CDATA[ Despachos dE 25 de agosto de 2022]]></Identifica>
    <Data><![CDATA[]]></Data>
    <Ementa />
    <Titulo />
    <SubTitulo />
    <Texto><![CDATA[<p class="identifica">Despachos dE 25 de agosto de 2022</p><p>A Reitora em exercício da Universidade Federal de São Carlos, no uso da competência que lhe foi subdelegada pela Portaria nº 204/MEC, de 06 de fevereiro de 2020, AUTORIZA o afastamento do País dos seguintes servidores:</p><p>Nº 1.024 - FRANCISCO GIL COURY, ocupante do cargo de Professor do Magistério Superior, lotado no Departamento de Engenharia de Materiais/CCET desta IFES, no período de 08/10/2022 a 14/10/2022, para participar do congresso científico no Materials Science and Technology (MS&amp;T) 2022, em Pittsburgh, Estados Unidos, com ônus FAPESP (Processo n° 23112.026296/2022-41).</p><p>Esta autorização fica condicionada à formalização de viagens em processo SEI e registro no sistema de Concessão de Diárias e Passagens (SCDP), conforme estabelece a Portaria nº 204, de 06 de fevereiro de 2020, do Ministério da Educação.</p><p>Nº 1.025 - WALTER JOSÉ BOTTA FILHO, ocupante do cargo de Professor do Magistério Superior, lotado no Departamento de Engenharia de Materiais/CCET desta IFES, no período de 09/10/2022 a 29/10/2022, para realizar missão científica na Université Grenoble Alpes, em Grenoble, França, com ônus CAPES-COFECUB (Processo n° 23112.027247/2022-25).</p><p>Esta autorização fica condicionada à formalização de viagens em processo SEI e registro no sistema de Concessão de Diárias e Passagens (SCDP), conforme estabelece a Portaria nº 204, de 06 de fevereiro de 2020, do Ministério da Educação.</p><p class="assina">Maria de Jesus Dutra dos Reis</p>]]></Texto>
  </body>
  <Midias />
</article></xml>