﻿<xml><article id="27741355" name="ALINE DE AZAMBUJA VIANA - Tornar" idOficio="9058661" pubName="DO2" artType="Portaria" pubDate="30/08/2022" artClass="00026:00040:00000:00000:00000:00000:00000:00000:00000:00000:00017:00002" artCategory="Ministério da Saúde/Fundação Oswaldo Cruz" artSize="12" artNotes="721" numberPage="121" pdfPage="http://pesquisa.in.gov.br/imprensa/jsp/visualiza/index.jsp?data=30/08/2022&amp;jornal=529&amp;pagina=121" editionNumber="165" highlightType="" highlightPriority="" highlight="" highlightimage="" highlightimagename="" idMateria="19841740">
  <body>
    <Identifica><![CDATA[ PORTARIA Nº 721, DE 25 DE AGOSTO DE 2022]]></Identifica>
    <Data><![CDATA[]]></Data>
    <Ementa />
    <Titulo />
    <SubTitulo />
    <Texto><![CDATA[<p class="identifica">PORTARIA Nº 721, DE 25 DE AGOSTO DE 2022</p><p>A Presidente da Fundação Oswaldo Cruz, no uso das atribuições que lhe são conferidas pela Portaria o nº 36, de 11 de janeiro 2021, da Casa Civil da Presidência da Republica e pelo Decreto nº 8.932, de 14 de dezembro de 2016 - Estatuto da Fiocruz, resolve:</p><p>Art. 1º Tornar sem efeito, à pedido da interessada, sua licença para tratar de interesses particulares, sem remuneração, concedida por intermédio da Portaria PR nº. 606, de 15 de julho de 2022, publicada no DOU de 19/07/2022, seção 2, página 47 e no Boletim de Serviço Eletrônico em 15/07/2022, consoante o disposto no Processo SEI nº. 25380.002352/2022-17.</p><p>Art. 2º - Esta Portaria entra em vigor na data de sua publicação.</p><p class="assina">NISIA VERONICA TRINDADE LIMA</p>]]></Texto>
  </body>
  <Midias />
</article></xml>