﻿<xml><article id="27742303" name="DOU2-SGP-PGR-1-PT-583-UNI-PGR-00" idOficio="9058810" pubName="DO2" artType="Portaria" pubDate="30/08/2022" artClass="00043:00010:00008:00000:00000:00000:00000:00000:00000:00000:00017:00583" artCategory="Ministério Público da União/Ministério Público Federal/Secretaria de Gestão de Pessoas" artSize="12" artNotes="" numberPage="129" pdfPage="http://pesquisa.in.gov.br/imprensa/jsp/visualiza/index.jsp?data=30/08/2022&amp;jornal=529&amp;pagina=129" editionNumber="165" highlightType="" highlightPriority="" highlight="" highlightimage="" highlightimagename="" idMateria="19841972">
  <body>
    <Identifica><![CDATA[ PORTARIA SGP/MPF Nº 583, DE 24 DE AGOSTO DE 2022]]></Identifica>
    <Data><![CDATA[]]></Data>
    <Ementa />
    <Titulo />
    <SubTitulo />
    <Texto><![CDATA[<p class="identifica">PORTARIA SGP/MPF Nº 583, DE 24 DE AGOSTO DE 2022</p><p>A SECRETÁRIA DE GESTÃO DE PESSOAS DO MINISTÉRIO PÚBLICO FEDERAL, no uso da competência que lhe foi atribuída pelo artigo 1º - inciso II, alínea "p", da Portaria SG/MPF nº 994, de 24 de agosto de 2020, tendo em vista o disposto no artigo 35 - inciso I da Lei nº 8.112, de 11 de dezembro de 1990, e no expediente PGR-00339277/2022, resolve:</p><p>Dispensar, a partir de 26 de agosto de 2022, THANISE MAIA ALVES, cedida ao Ministério Público Federal pelo Conselho Nacional de Justiça, matrícula nº 31269, da função de confiança de Assistente Nível III, FC-3, do Gabinete do Subprocurador-Geral da República Alexandre Camanho de Assis.</p><p class="assina">ISABELA VIDIGAL BRAGA MENESES</p>]]></Texto>
  </body>
  <Midias />
</article></xml>