﻿<xml><article id="27740697" name="4 DOU__D5XBBV" idOficio="9058544" pubName="DO2" artType="Ato" pubDate="30/08/2022" artClass="00046:00001:00002:00008:00001:00005:00000:00000:00000:00000:00001:00000" artCategory="Poder Legislativo/Câmara dos Deputados/Diretoria-Geral/Diretoria de Recursos Humanos/Departamento de Pessoal/Coordenação de Seguridade Parlamentar" artSize="12" artNotes="" numberPage="135" pdfPage="http://pesquisa.in.gov.br/imprensa/jsp/visualiza/index.jsp?data=30/08/2022&amp;jornal=529&amp;pagina=135" editionNumber="165" highlightType="" highlightPriority="" highlight="" highlightimage="" highlightimagename="" idMateria="19841571">
  <body>
    <Identifica><![CDATA[portaria DO PRESIDENTE de  25 de março de 2022]]></Identifica>
    <Data><![CDATA[]]></Data>
    <Ementa />
    <Titulo />
    <SubTitulo />
    <Texto><![CDATA[<p class="identifica">portaria DO PRESIDENTE de 25 de março de 2022</p><p>O PRESIDENTE DA CÂMARA DOS DEPUTADOS, no uso das atribuições que lhe confere o artigo 1º, inciso I, alínea "a", do Ato da Mesa n. 106, de 26 de novembro de 1998 e tendo em vista o que consta do Processo n. 716.122/2022, resolve:</p><p>Conceder pensão, a partir de 15 de julho de 2022, a SHEYLA TERESA MENESES BARBOSA, na condição de companheira do ex-Deputado aposentado ANTONIO FERREIRA DE ANDRADE, falecido em 14 de julho de 2022, na base de 50% (cinquenta por cento) dos proventos do instituidor, nos termos dos artigos 28, inciso I; 31, inciso I, alínea "e"; 38, in fine, e 42 da Lei n. 7.087, de 29 de dezembro de 1982, benefício esse assegurado pelo disposto no artigo 1º, caput e § 4º, da Lei n. 9.506, de 30 de outubro de 1997.</p><p class="assina">Arthur Lira</p>]]></Texto>
  </body>
  <Midias />
</article></xml>