﻿<xml><article id="27731936" name="Port 1772 a 1783" idOficio="9056703" pubName="DO2" artType="Portaria" pubDate="30/08/2022" artClass="00018:00117:00001:00000:00000:00000:00000:00000:00000:00000:00013:00003" artCategory="Ministério da Educação/Universidade Federal de Santa Catarina/Gabinete do Reitor" artSize="12" artNotes="" numberPage="83" pdfPage="http://pesquisa.in.gov.br/imprensa/jsp/visualiza/index.jsp?data=30/08/2022&amp;jornal=529&amp;pagina=83" editionNumber="165" highlightType="" highlightPriority="" highlight="" highlightimage="" highlightimagename="" idMateria="19839240">
  <body>
    <Identifica><![CDATA[ PORTARIAS DE 25 DE Agosto DE 2022]]></Identifica>
    <Data><![CDATA[]]></Data>
    <Ementa />
    <Titulo />
    <SubTitulo />
    <Texto><![CDATA[<p class="identifica">PORTARIAS DE 25 DE Agosto DE 2022</p><p>O REITOR DA UNIVERSIDADE FEDERAL DE SANTA CATARINA, no uso de suas atribuições, resolve:</p><p>Nº 1.772 - Art. 1º Dispensar, a partir de 05 de Setembro de 2022, LUANA FONSECA CASTANHEIRA E COSTA, ASSISTENTE EM ADMINISTRAÇÃO, SIAPE nº 1234450, do exercício da função de Chefe da Divisão de Feiras e Eventos - DFE/SVM/EdUFSC/DGG, código FG3, para a qual foi designada pela Portaria nº 610/2022/GR, DE 28 DE ABRIL DE 2022.</p><p>Art. 2º Esta portaria entra em vigor na data de sua publicação no Diário Oficial da União.(Ref. Sol. 050412/2022)</p><p>Nº 1.773 - Art. 1º Designar, a partir de 05 de Setembro de 2022, FERNANDO ARGILES WOLFF, ASSISTENTE EM ADMINISTRAÇÃO, SIAPE nº 1453702, para exercer a função de Chefe da Divisão de Feiras e Eventos - DFE/SVM/EdUFSC/DGG.</p><p>Art. 2º Atribuir ao servidor a função gratificada FG3, integrante do Quadro Distributivo de Cargos de Direção e Funções Gratificadas.(Ref. Sol. 050412/2022)</p><p>Nº 1.774 - Art. 1º Dispensar, a partir de 04 de Setembro de 2022, SONIA REGINA GARCIA NATIVIDADE, AUXILIAR EM ADMINISTRAÇÃO, SIAPE nº 1159991, do exercício da função de Chefia do Setor de Vendas e Marketing - SVM/EdUFSC/DGG, código FG2, para a qual foi designada pela Portaria nº 609/2019/GR, DE 27 DE MARÇO DE 2019 tendo em vista seu pedido de licença capacitação.</p><p>Art. 2º Esta portaria entra em vigor na data de sua publicação no Diário Oficial da União.(Ref. Sol. 050412/2022)</p><p>Nº 1.775 - Art. 1º Designar, a partir de 05 de Setembro de 2022, LUANA FONSECA CASTANHEIRA E COSTA, ASSISTENTE EM ADMINISTRAÇÃO, SIAPE nº 1234450, para exercer a função de Chefia do Setor de Vendas e Marketing - SVM/EdUFSC/DGG.</p><p>Art. 2º Atribuir à servidora a função gratificada FG2, integrante do Quadro Distributivo de Cargos de Direção e Funções Gratificadas.(Ref. Sol. 050412/2022)</p><p>Nº 1.776 - Art. 1º Dispensar, a partir de 02 de Agosto de 2022, Michelle Duarte da Silva Schlemper, ASSISTENTE EM ADMINISTRAÇÃO, SIAPE nº 1887024, do exercício da função de Chefe do Serviço de Expediente - SE/LSB/CCE, código FG4, para a qual foi designada pela Portaria nº 1003/2020/GR, DE 22 DE JULHO DE 2020, tendo em vista seu afastamento para licença capacitação.</p><p>Art. 2º Esta portaria entra em vigor na data de sua publicação no Diário Oficial da União.(Ref. Sol. 049263/2022)</p><p>Nº 1.777 - Art. 1º Designar GRAZIELA BEVILACQUA DE SOUZA, ASSISTENTE EM ADMINISTRAÇÃO, SIAPE nº 3214095, para exercer a função de Chefe do Serviço de Expediente do Gabinete da Reitoria.</p><p>Art. 2º Atribuir à servidora a função gratificada FG4, integrante do Quadro Distributivo de Cargos de Direção e Funções Gratificadas.</p><p>Art. 3º Esta Portaria entra em vigor na data de sua publicação no Diário Oficial da União.(Ref. Sol. 048094/2022)</p><p>Nº 1.779 - Art. 1º Dispensar CARLOS ALBERTO DO ESPÍRITO SANTO JÚNIOR, ASSISTENTE EM ADMINISTRAÇÃO, SIAPE nº 2345316, do exercício da função de Chefe do Serviço de Expediente do Departamento de Economia e Relações Internacionais - SE/CNM/CSE, código FG4, para a qual foi designado pela Portaria nº 307/2020/GR, DE 05 DE FEVEREIRO DE 2020.</p><p>Art. 2º Esta Portaria entra em vigor na data de sua publicação no Diário Oficial da União.(Ref. Sol. 050624/2022)</p><p>Nº 1.780 - Art. 1º Designar CARLOS ALBERTO DO ESPÍRITO SANTO JÚNIOR, ASSISTENTE EM ADMINISTRAÇÃO, SIAPE nº 2345316, para exercer a função de Chefe do Serviço de Expediente - SE/CAD/CSE.</p><p>Art. 2º Atribuir ao servidor a função gratificada FG4, integrante do Quadro Distributivo de Cargos de Direção e Funções Gratificadas.</p><p>Art. 3º Esta Portaria entra em vigor na data de sua publicação no Diário Oficial da União.(Ref. Sol. 050624/2022)</p><p>Nº 1.783 - Art. 1º Designar Luiz Artur de Oliveira, TÉCNICO EM MECÂNICA, SIAPE nº 2044639, para exercer a função de Chefe do Serviço de Mecânica - SM/NUMA/DME/PU.</p><p>Art. 2º Atribuir ao servidor a função gratificada FG4, integrante do Quadro Distributivo de Cargos de Direção e Funções Gratificadas.</p><p>Art. 3º Esta Portaria entra em vigor na data de sua publicação no Diário Oficial da União.(Ref. Sol. 050571/2022)</p><p class="assina">IRINEU MANOEL DE SOUZA</p>]]></Texto>
  </body>
  <Midias />
</article></xml>