﻿<xml><article id="27732137" name="PORT 215 EXERC PROV Secao 2" idOficio="9056569" pubName="DO2" artType="Portaria" pubDate="30/08/2022" artClass="00018:00002:00021:00000:00000:00000:00000:00000:00000:00000:00017:00004" artCategory="Ministério da Educação/Secretaria Executiva/Subsecretaria de Assuntos Administrativos" artSize="12" artNotes="" numberPage="48" pdfPage="http://pesquisa.in.gov.br/imprensa/jsp/visualiza/index.jsp?data=30/08/2022&amp;jornal=529&amp;pagina=48" editionNumber="165" highlightType="" highlightPriority="" highlight="" highlightimage="" highlightimagename="" idMateria="19839084">
  <body>
    <Identifica><![CDATA[ PORTARIA Nº 215, DE 25 DE AGOSTO DE 2022]]></Identifica>
    <Data><![CDATA[]]></Data>
    <Ementa />
    <Titulo />
    <SubTitulo />
    <Texto><![CDATA[<p class="identifica">PORTARIA Nº 215, DE 25 DE AGOSTO DE 2022</p><p>A SUBSECRETÁRIA DE ASSUNTOS ADMINISTRATIVOS DO MINISTÉRIO DA EDUCAÇÃO, de conformidade com a delegação de competência outorgada pelo art. 1º da Portaria SEGEP/MP Nº 1.166, publicada no DOU de 12 de julho de 2012, e considerando o disposto no §2º do art. 84 da Lei nº 8.112, de 11 de dezembro de 1990, resolve efetivar o seguinte exercício provisório:</p><p>Servidora: JULIANE CRISTINA LARSEN</p><p>Mat. Siape: 1851757</p><p>Cargo: Professor do Magistério Superior</p><p>Origem: Universidade Federal da Integração Latino-Americana</p><p>Para: Universidade Federal do Paraná</p><p>Processo: 23422.013715/2022-68</p><p>Art. 1º Caberá ao órgão de destino apresentar a servidora ao seu órgão de origem, ao término do exercício provisório.</p><p>Art. 2º O exercício provisório, objeto desta Portaria, cessará caso sobrevenha a desconstituição da entidade familiar cuja unidade se pretende assegurar ou na hipótese de novo deslocamento do cônjuge.</p><p>Art. 3º Esta Portaria entra em vigor na data de sua publicação.</p><p class="assina">CARLA BAKSYS PINTO</p>]]></Texto>
  </body>
  <Midias />
</article></xml>