﻿<xml><article id="27737591" name="Port. PES - 6742" idOficio="9057888" pubName="DO2" artType="Portaria" pubDate="30/08/2022" artClass="00018:00100:00011:00000:00000:00000:00000:00000:00000:00000:00017:00001" artCategory="Ministério da Educação/Universidade Federal de Minas Gerais/Departamento de Administração de Pessoal" artSize="12" artNotes="" numberPage="73" pdfPage="http://pesquisa.in.gov.br/imprensa/jsp/visualiza/index.jsp?data=30/08/2022&amp;jornal=529&amp;pagina=73" editionNumber="165" highlightType="" highlightPriority="" highlight="" highlightimage="" highlightimagename="" idMateria="19840718">
  <body>
    <Identifica><![CDATA[ PORTARIA Nº 6.742, DE 19 DE AGOSTO DE 2022]]></Identifica>
    <Data><![CDATA[]]></Data>
    <Ementa />
    <Titulo />
    <SubTitulo />
    <Texto><![CDATA[<p class="identifica">PORTARIA Nº 6.742, DE 19 DE AGOSTO DE 2022</p><p>A Diretora-Geral do Departamento de Administração de Pessoal da Universidade Federal de Minas Gerais, no uso de suas atribuições, e tendo em vista a documentação que consta no Processo n.° 23072.248533/2022-46, resolve:</p><p>Art. 1º Conceder pensão a Luzenilce dos Santos Lopes, cônjuge do ex-servidor aposentado Sebastião Alberto das Virgens, que foi ocupante do cargo de Assistente em Administração, Nível de Classificação D, Nível de Capacitação IV, Padrão de Vencimento 15, matrícula SIAPE 1040437, do quadro de pessoal desta Universidade Federal de Minas Gerais, falecido em 28/07/2022, com fundamento no inciso I do art. 3º da Portaria SGP/SEDGG/ME Nº 4645, de 24 de maio de 2022, c/c o art. 217 da Lei nº 8.112, de 11 de dezembro de 1990, e art. 23 da Emenda Constitucional nº 103, de 12 de novembro de 2019.</p><p>Art. 2º Os efeitos desta Portaria entram em vigor em 28/07/2022, data do óbito do ex-servidor.</p><p class="assina">SAIURI SOARES MUNIZ MARQUES</p>]]></Texto>
  </body>
  <Midias />
</article></xml>