﻿<xml><article id="27738533" name="3361 Efetivar a requisiAAo de TH" idOficio="9058090" pubName="DO2" artType="Portaria" pubDate="30/08/2022" artClass="00026:00001:00000:00000:00000:00000:00000:00000:00000:00000:00017:00008" artCategory="Ministério da Saúde/Gabinete do Ministro" artSize="12" artNotes="" numberPage="114" pdfPage="http://pesquisa.in.gov.br/imprensa/jsp/visualiza/index.jsp?data=30/08/2022&amp;jornal=529&amp;pagina=114" editionNumber="165" highlightType="" highlightPriority="" highlight="" highlightimage="" highlightimagename="" idMateria="19840983">
  <body>
    <Identifica><![CDATA[ PORTARIA GMMS Nº 3.361, DE 25 DE AGOSTO DE 2022]]></Identifica>
    <Data><![CDATA[]]></Data>
    <Ementa />
    <Titulo />
    <SubTitulo />
    <Texto><![CDATA[<p class="identifica">PORTARIA GMMS Nº 3.361, DE 25 DE AGOSTO DE 2022</p><p>O MINISTRO DE ESTADO DA SAÚDE, considerando o disposto no art. 93 da Lei nº 8.112, de 11 de dezembro de 1990, regulamentado pelo Decreto nº 10.835, de 14 de outubro de 2021, publicado no Diário Oficial da União de 15 seguinte, e, ainda, pelo artigo 4º da Lei nº 9.020, de 30 de março de 1995, Medida Provisória nº 888, de 18 de julho de 2019 e demais informações que constam do processo 08133.000303/2022-42, resolve:</p><p>Art. 1º Efetivar a requisição de THALYTA GÉSSICA E SILVA CAMPOS, matrícula SIAPE nº 2082958, pertencente ao Quadro de Pessoal do Ministério da Saúde, para exercício na unidade de segunda categoria da Defensoria Pública-Geral da União.</p><p>Art. 2º O ônus pela remuneração ou salário é do órgão requisitado.</p><p>Art. 3º Torna-se sem efeito o disposto nesta Portaria caso a servidora/empregada não se apresente ao órgão requisitante no prazo de trinta dias.</p><p>Art. 4º Esta Portaria entra em vigor na data de sua publicação.</p><p class="assina">MARCELO ANTÔNIO CARTAXO QUEIROGA LOPES</p>]]></Texto>
  </body>
  <Midias />
</article></xml>