﻿<xml><article id="27741075" name="2022-08-25 FSMS ERESP SIAFI" idOficio="9058626" pubName="DO2" artType="Portaria" pubDate="30/08/2022" artClass="00025:00251:00000:00000:00000:00000:00000:00000:00000:00000:00017:00000" artCategory="Ministério das Relações Exteriores/Escritório de Representação no Estado de São Paulo" artSize="12" artNotes="" numberPage="111" pdfPage="http://pesquisa.in.gov.br/imprensa/jsp/visualiza/index.jsp?data=30/08/2022&amp;jornal=529&amp;pagina=111" editionNumber="165" highlightType="" highlightPriority="" highlight="" highlightimage="" highlightimagename="" idMateria="19841679">
  <body>
    <Identifica><![CDATA[ PORTARIA DE 29 DE JULHO DE 2022]]></Identifica>
    <Data><![CDATA[]]></Data>
    <Ementa />
    <Titulo />
    <SubTitulo />
    <Texto><![CDATA[<p class="identifica">PORTARIA DE 29 DE JULHO DE 2022</p><p>O CHEFE DO ESCRITÓRIO DE REPRESENTAÇÃO DO MINISTÉRIO DAS RELAÇÕES EXTERIORES EM SÃO PAULO (ERESP), no uso de suas atribuições e de acordo com o disposto nos artigos 7o da instrução normativa nº 84 do Tribunal de Contas da União, de 22 de abril de 2020, no que se refere à composição do rol de responsáveis da unidade gestora 240031, no sistema integrado de administração financeira do governo federal, resolve:</p><p>Confirmar RAYMUNDO SANTOS ROCHA MAGNO, CPF 116.604.731-87, ministro de primeira classe do Quadro Especial do Ministério das Relações Exteriores, como ordenador de despesas, titular;</p><p>Confirmar IRENE VIDA GALA, CPF 070.923.248-90, ministra de primeira classe do quadro de pessoal do Ministério das Relações Exteriores, como ordenadora de despesas, substituta;</p><p>Dispensar FLÁVIO AUGUSTO ESTEVES, CPF 165.720.608-45, primeiro-secretário do quadro de pessoal do Ministério das Relações Exteriores, como ordenador de despesas, interino;</p><p>Dispensar TALITA BORGES VICARI, CPF 188.088.528-06, conselheira do quadro de pessoal do Ministério das Relações Exteriores, como responsável, titular, pelos atos de gestão orçamentária e financeira;</p><p>Designar MARIANA LOBATO BOTTER, CPF 306.061.068-12, primeira-secretária do quadro de pessoal do Ministério das Relações Exteriores como responsável, titular, pelos atos de gestão orçamentária e financeira;</p><p>Designar TALITA BORGES VICARI, CPF 188.088.528-06, conselheira do quadro de pessoal do Ministério das Relações Exteriores, como responsável, substituta, pelos atos de gestão orçamentária e financeira;</p><p>Dispensar DANIEL BONFIM DA SILVA, CPF 182.697.478-40, oficial de chancelaria do quadro de pessoal do Ministério das Relações Exteriores, como responsável, interino, pelos atos de gestão orçamentária e financeira;</p><p>Confirmar MARIANA FERREIRA CARDOSO THIELE, CPF 006.666.171-47, segunda-secretária do quadro de pessoal do Ministério das Relações Exteriores, como responsável, titular, pelos atos de Conformidade de Registro de Gestão.</p><p>Dispensar MARIANA FLORES DA CUNHA BIERRENBACH BENEVIDES, CPF 224.587.218-50, primeira-secretária do quadro de pessoal do Ministério das Relações Exteriores, como responsável, substituta, pelos atos de conformidade de registro de gestão;</p><p>Designar PAULO DE MELO MING AZEVEDO, CPF 317.984.418-37, segundo-secretário do quadro de pessoal do Ministério das Relações Exteriores, como responsável, substituto, pelos atos de Conformidade de Registro de Gestão.</p><p>Dispensar PAULO DE MELO MING AZEVEDO, CPF 317.984.418-37, segundo-secretário do quadro de pessoal do Ministério das Relações Exteriores, como responsável, interino, pelos atos de Conformidade de Registro de Gestão.</p><p class="assina">RAYMUNDO SANTOS ROCHA MAGNO</p>]]></Texto>
  </body>
  <Midias />
</article></xml>