﻿<xml><article id="27735830" name="PORTARIA DE PESSOAL SEGES-ME NA " idOficio="9057515" pubName="DO2" artType="Portaria" pubDate="30/08/2022" artClass="00015:00041:00033:00000:00000:00000:00000:00000:00000:00000:00017:00005" artCategory="Ministério da Economia/Secretaria Especial de Desburocratização, Gestão e Governo Digital/Secretaria de Gestão" artSize="12" artNotes="" numberPage="35" pdfPage="http://pesquisa.in.gov.br/imprensa/jsp/visualiza/index.jsp?data=30/08/2022&amp;jornal=529&amp;pagina=35" editionNumber="165" highlightType="" highlightPriority="" highlight="" highlightimage="" highlightimagename="" idMateria="19840223">
  <body>
    <Identifica><![CDATA[ PORTARIA DE PESSOAL SEGES/ME Nº 9.815, DE 25 DE AGOSTO DE 2022]]></Identifica>
    <Data><![CDATA[]]></Data>
    <Ementa />
    <Titulo />
    <SubTitulo />
    <Texto><![CDATA[<p class="identifica">PORTARIA DE PESSOAL SEGES/ME Nº 9.815, DE 25 DE AGOSTO DE 2022</p><p>A SECRETÁRIA DE GESTÃO SUBSTITUTA DA SECRETARIA ESPECIAL DE DESBUROCRATIZAÇÃO, GESTÃO E GOVERNO DIGITAL DO MINISTÉRIO DA ECONOMIA, no uso de suas atribuições, e considerando a subdelegação de competência contida na Portaria SEDGG/ME nº 17.472, de 21 de julho de 2020, publicada no Diário Oficial da União de 23 de julho de 2020, bem como o disposto no processo SEI nº 19973.107040/2022-26, resolve:</p><p>Designar LORENA ELIAS PEREIRA, matrícula SIAPE nº 2927449, para exercer o encargo de substituta eventual do cargo de Coordenador da Coordenação do Sistema de Concessão de Diárias e Passagens, da Coordenação-Geral de Sistemas de Compras Governamentais, do Departamento de Normas e Sistemas de Logística, da Secretaria de Gestão da Secretaria Especial de Desburocratização, Gestão e Governo Digital deste Ministério, nos afastamentos, impedimentos legais ou regulamentares do titular e na vacância do cargo, código FCPE 101.3, revogando a Portaria nº 13.570, de 19 de dezembro de 2018.</p><p class="assina">ELISE SUELI PEREIRA GONÇALVES</p>]]></Texto>
  </body>
  <Midias />
</article></xml>