﻿<xml><article id="27735403" name="29-08-2022 Portaria de pessoal 2" idOficio="9057397" pubName="DO2" artType="Portaria" pubDate="30/08/2022" artClass="00020:00025:00000:00000:00000:00000:00000:00000:00000:00000:00017:00000" artCategory="Ministério da Justiça e Segurança Pública/Departamento Penitenciário Nacional" artSize="24" artNotes="" numberPage="102" pdfPage="http://pesquisa.in.gov.br/imprensa/jsp/visualiza/index.jsp?data=30/08/2022&amp;jornal=529&amp;pagina=102" editionNumber="165" highlightType="" highlightPriority="" highlight="" highlightimage="" highlightimagename="" idMateria="19840095">
  <body>
    <Identifica><![CDATA[ PORTARIA DE PESSOAL Nº 226, DE 30 DE JUNHO DE 2022]]></Identifica>
    <Data><![CDATA[]]></Data>
    <Ementa />
    <Titulo />
    <SubTitulo />
    <Texto><![CDATA[<p class="identifica">PORTARIA DE PESSOAL Nº 226, DE 30 DE JUNHO DE 2022</p><p>A DIRETORA-GERAL DO DEPARTAMENTO PENITENCIÁRIO NACIONAL, no uso das competências conferidas pelos inciso XXXI Art. 7º da Portaria SE nº 1411, de 25 de novembro de 2021; com fundamento no Art. 9º, inciso I da Lei n.º 8.112, de 11 de dezembro de 1990, resolve:</p><p>Art. 1o Nomear o candidato na condição sub judice listado no Anexo I, referente ao concurso público regido pelo Edital nº 1 - DEPEN, de 4 de maio de 2020 e homologado pelo Edital nº 44 - DEPEN, de 25 de maio de 2022, para exercer o cargo efetivo de Agente Federal de Execução Penal - Terceira Classe, Padrão I, do quadro de pessoal do Ministério da Justiça e Segurança Pública.</p><p>Parágrafo único. O candidato terá o prazo de 30 (trinta) dias, contados a partir da data de publicação deste ato, para tomar posse no respectivo cargo, em conformidade com o § 1o do art. 13 da Lei no 8.112, de 1990.</p><p>Art. 2o Os exames admissionais relacionados no Anexo III devem ser apresentados, para fins de inspeção médica oficial, no local relacionado no Anexo II.</p><p>Art. 3o O ato de posse fica condicionado à apresentação dos documentos relacionados no anexo IV.</p><p>Art. 4o Esta Portaria entra em vigor na data de sua publicação.</p><p class="assina">TÂNIA MARIA MATOS FERREIRA FOGAÇA</p><p>ANEXO I</p><p /><p></p><table><tr /><tr><td rowspan="1" colspan="1"><p>CÓDIGO IDENTIFICADOR</p></td><td rowspan="1" colspan="1"><p>PROCESSO JUDICIAL</p></td><td rowspan="1" colspan="1"><p>PARECER DE FORÇA EXECUTÓRIA</p></td><td rowspan="1" colspan="1"><p>LOTAÇÃO</p></td></tr><tr><td rowspan="1" colspan="1"><p>D29C41C27F8F</p></td><td rowspan="1" colspan="1"><p>1085539-96.2021.4.01.3400 (2ª Vara Federal Cível da Seção Judiciária do Distrito Federal)</p></td><td rowspan="1" colspan="1"><p>PARECER DE FORÇA EXECUTÓRIA n. 00570/2022/CORESPAP/PRU1R/PGU/AGU</p></td><td rowspan="1" colspan="1"><p>Penitenciária Federal em Porto Velho/RO</p></td></tr></table><p>ANEXO IILOCAL DE INSPEÇÃO MÉDICA ADMISSIONAL</p><p /><p></p><table><tr /><tr><td rowspan="1" colspan="1"><p>SIASS - FUNASA - Porto Velho/RO - Sede</p><p>Endereço: Rua festejo, N° 167B - Bairro Costa e Silva Porto Velho - RO CEP 78900-970</p><p>Telefone: (69) 32166114</p><p>Email: siass.ro@funasa.gov.br</p></td></tr></table><p>ANEXO IIIEXAMES MÉDICOS EXIGIDOS POR OCASIÃO DA INSPEÇÃO MÉDICA ADMISSIONAL</p><p>a) Radiografia de Tórax - AP e Perfil;</p><p>b) Hemograma completo, com eritograma, leucograma e plaquetas;</p><p>c) VHS;</p><p>d) Glicemia de jejum;</p><p>e) Ureia;</p><p>f) Creatinina;</p><p>g) Ácido Úrico;</p><p>h) TGO;</p><p>i) TGP;</p><p>j) Bilirrubinas e frações;</p><p>k) Colesterol;</p><p>l) Triglicerídeos;</p><p>m) VDRL;</p><p>n) Machado Guerreiro;</p><p>o) Parasitológico de Fezes;</p><p>p) EAS;</p><p>q) ABO com RH;</p><p>r) Eletrocardiograma com laudo.</p><p>Os exames laboratoriais e complementares terão validade de 180 (cento e oitenta) dias, de acordo com o art. 12 da INSTRUÇÃO NORMATIVA Nº 07 , DE 04 DE MAIO DE 2020, que regulamenta os critérios para aplicação da Avaliação de Saúde nos concursos públicos para ingresso nos cargos de Agente Federal de Execução Penal, Especialista Federal em Assistência à Execução Penal e de Técnico Federal de Apoio à Execução Penal integrantes do Departamento de Penitenciário Nacional, assim como para posse nos cargos.</p><p>ANEXO IVDOCUMENTAÇÃO PARA A POSSE</p><p>1 - Carteira de identidade;</p><p>2 - Carteira Nacional de Habilitação (Para o cargo de Agente Federal de Execução Penal);</p><p>3 - Certidão de nascimento ou casamento (a depender do caso);</p><p>4 - Certidão de nascimento dos dependentes (se for o caso);</p><p>-No caso de dependente sob guarda, tutela ou adoção do candidato(a), anexar o respectivo documento comprobatório;</p><p>-No caso de candidato(a) separado(a) ou divorciado(a), anexar o respectivo comprovante de guarda legal do(s) dependente(s).</p><p>5 - Certificado de escolaridade;</p><p>-Para os candidatos ao cargo de Agente Federal de Execução Penal: certificado, devidamente registrado, de conclusão de curso de nível médio, fornecido por instituição de ensino reconhecida pelo Ministério da Educação (MEC) (É obrigatória a apresentação do certificado de conclusão do ensino médio (2° grau), pois o TCU não aceita a apresentação de declaração ou histórico escolar, porém, no momento da posse, além do certificado de conclusão de nível médio, sugerimos que apresente o diploma de nível superior, se houver);</p><p>-Para os candidatos ao cargo de Especialista Federal em Assistência à Execução Penal: diploma, devidamente registrado, de conclusão de curso de graduação de nível superior na respectiva especialidade, fornecido por instituição de ensino superior reconhecida pelo MEC;</p><p>6 - Certificado de Reservista ou Dispensa de Incorporação (para candidatos do sexo masculino);</p><p>7 - Comprovante de residência;</p><p>8 - Comprovante de Dados Bancários (Banco, Agência, nº da conta salário vinculada à conta corrente) com banco conveniado. Obs: É necessário ser CONTA SALÁRIO;</p><p>9 - Comprovante de inscrição no Cadastro de Pessoas Físicas - CPF (É obrigatória a apresentação do cartão do CPF físico ou eletrônico, pois o Tribunal de Contas da União - TCU não aceita o número do CPF registrado na carteira de identidade civil);</p><p>10 - Documento de Inscrição no PIS ou PASEP;</p><p>11 - Título de Eleitor;</p><p>12-Certidão de quitação eleitoral expedida eletronicamente (www.tse.gov.br) ou comprovante da última votação (dois turnos (se for o caso)) ou justificativa eleitoral;</p><p>13 - Carteira de Trabalho (folhas onde constem o número e a série e a folha com a data do 1º emprego (se for o caso));</p><p>14 - 2 fotos 3x4 recentes;</p><p>15 - Comprovante de tipo sanguíneo e Fator RH (providenciar outra via para entrega no exame médico);</p><p>16 - Certidão de antecedentes criminais da localidade onde reside (se atentar para a validade da certidão):</p><p>- Justiça Federal;</p><p>- Justiça Estadual ou do Distrito Federal ;</p><p>- Justiça Eleitoral;</p><p>- Justiça Militar Estadual, quando for o caso, (art. 125, § 3.º da CF) da Jurisdição onde residiu nos últimos cincos anos, expedidas, no máximo, há seis meses;</p><p>- Justiça Militar da União.</p><p>17 - Declaração de Imposto de Renda, do último exercício, com todas as folhas, incluído o recibo de entrega;</p><p>- Caso não declare o imposto de renda, será necessário preencher a Declaração de Bens (disponibilizada no link : "https://www.gov.br/depen/pt-br/acesso-a-informacao/servidores/concurso-publico-e-processos-seletivos/declaracao_de_bens.pdf");</p><p>- Caso não possua bens, será necessário preencher a Declaração Negativa de Bens (disponibilizada no link :"https://www.gov.br/depen/pt-br/acesso-a-informacao/servidores/concurso-publico-e-processos-seletivos/declaracao_de_bens___negativa.pdf").</p><p>18 - Declaração de não estar cumprindo sanção por inidoneidade, aplicada por qualquer órgão público e/ou entidade da esfera federal, estadual e/ou municipal (disponibilizada no link: ("https://www.gov.br/depen/pt-br/acesso-a-informacao/servidores/concurso-publico-e-processos-seletivos/declaracao_de_idoneidade_para_posse.pdf");</p><p>19 - Declaração Negativa de Seguro Desemprego, a ser preenchida no sistema SIGEPE;</p><p>20 - Declaração de não acumulação de cargo público, a ser preenchida no sistema SIGEPE;</p><p>21 - Declaração negativa de participação em gerência ou administração de sociedade privada, a ser preenchida no sistema SIGEPE;</p><p>22 - Atestado Médico Oficial (Lei nº 8.112/90- Art. 14- "A posse em cargo público dependerá de prévia inspeção médica oficial. Parágrafo único. Só poderá ser empossado aquele que for julgado apto física e mentalmente para o exercício do cargo.");</p><p>- Ressalte-se que o candidato deverá enviar previamente pelo sistema SIGEPE Requerimentos a documentação para posse, bem como apresentar a documentação original no momento da posse, conforme instruções apresentadas e recebidas via e-mail encaminhado pela Coordenação-Geral de Gestão de Pessoas.</p><p>- O Atestado Médico Oficial deverá ser entregue pessoalmente no momento da posse, ao Setor de Gestão de Pessoas da Unidade de lotação.</p><p>- Não será necessário a entrega de cópias no momento da posse, somente a apresentação do documento original para conferência.</p><p>- Cabe esclarecer que somente será possível a inclusão da documentação após a solicitação/liberação do SIGEPE pela Coordenação-Geral de Gestão de Pessoas, após o recebimento de e-mail pelo candidato com as instruções.</p>]]></Texto>
  </body>
  <Midias />
</article></xml>