﻿<xml><article id="27742288" name="DOU2-RN-1-PT-107-UNI-PR-RN-00034" idOficio="9058810" pubName="DO2" artType="Portaria" pubDate="30/08/2022" artClass="00043:00010:00041:00000:00000:00000:00000:00000:00000:00000:00017:00107" artCategory="Ministério Público da União/Ministério Público Federal/Procuradoria da República no Estado do Rio Grande do Norte" artSize="12" artNotes="" numberPage="130" pdfPage="http://pesquisa.in.gov.br/imprensa/jsp/visualiza/index.jsp?data=30/08/2022&amp;jornal=529&amp;pagina=130" editionNumber="165" highlightType="" highlightPriority="" highlight="" highlightimage="" highlightimagename="" idMateria="19841969">
  <body>
    <Identifica><![CDATA[ PORTARIA Nº 107, DE 25 DE AGOSTO DE 2022]]></Identifica>
    <Data><![CDATA[]]></Data>
    <Ementa />
    <Titulo />
    <SubTitulo />
    <Texto><![CDATA[<p class="identifica">PORTARIA Nº 107, DE 25 DE AGOSTO DE 2022</p><p>A PROCURADORA-CHEFE DA PROCURADORIA DA REPÚBLICA NO ESTADO DO RIO GRANDE DO NORTE, no exercício das atribuições legais que foram conferidas pela Portaria SG/MPF nº 382, de 05 de maio de 2015, resolve:</p><p>Art. 1º - Dispensar a servidora KÁTIA AVELINO DE SOUSA, ocupante do cargo de Técnico do MPU/Apoio Técnico-administrativo/Administração, Matrícula nº 14802, da Função de Confiança de Assistente Nível II, FC-2, da Procuradoria da República no Rio Grande do Norte/Ceará-Mirim, vinculada ao gabinete da Procuradora da República Clarisier Azevedo Cavalcante de Morais;</p><p>Art. 2º - Designar a servidora ÁGUIDA CARVALHO GOMES, ocupante do cargo de Analista do MPU/Apoio Jurídico/Direito, Matrícula nº 16314, para exercer a Função de Confiança de Assistente Nível II, FC-2, da Procuradoria da República no Rio Grande do Norte/Ceará-Mirim, vinculada ao gabinete da Procuradora da República Clarisier Azevedo Cavalcante de Morais.</p><p>Art. 3º - Esta Portaria entra em vigor na data de sua publicação.</p><p class="assina">CIBELE BENEVIDES GUEDES DA FONSECA</p>]]></Texto>
  </body>
  <Midias />
</article></xml>