﻿<xml><article id="27739428" name="13 - Coord. ADS - Bruno" idOficio="9058265" pubName="DO2" artType="Portaria" pubDate="30/08/2022" artClass="00018:00068:00009:00000:00000:00000:00000:00000:00000:00000:00017:00000" artCategory="Ministério da Educação/Instituto Federal de Educação, Ciência e Tecnologia do Rio Grande do Sul/Campus Osório" artSize="12" artNotes="" numberPage="60" pdfPage="http://pesquisa.in.gov.br/imprensa/jsp/visualiza/index.jsp?data=30/08/2022&amp;jornal=529&amp;pagina=60" editionNumber="165" highlightType="" highlightPriority="" highlight="" highlightimage="" highlightimagename="" idMateria="19841234">
  <body>
    <Identifica><![CDATA[ PORTARIAS DE 29 DE AGOSTO DE 2022]]></Identifica>
    <Data><![CDATA[]]></Data>
    <Ementa />
    <Titulo />
    <SubTitulo />
    <Texto><![CDATA[<p class="identifica">PORTARIAS DE 29 DE AGOSTO DE 2022</p><p>O DIRETOR-GERAL SUBSTITUTO DO CAMPUS OSÓRIO DO INSTITUTO FEDERAL DE EDUCAÇÃO, CIÊNCIA E TECNOLOGIA DO RIO GRANDE DO SUL, no uso de suas atribuições legais, conferidas pela Portaria nº 59, de 27 de fevereiro de 2020, publicada no D.O.U. de 28 de fevereiro de 2020, resolve:</p><p>Nº 190 - Dispensar o servidor BRUNO CHAGAS ALVES FERNANDES, Professor do Ensino Básico, Técnico e Tecnológico, Matrícula SIAPE nº 2993557, da função de Coordenador de Curso Superior de Tecnologia em Análise e Desenvolvimento de Sistemas, código FUC-001.</p><p>Nº 191 - Designar o servidor BRUNO CHAGAS ALVES FERNANDES, Professor do Ensino Básico, Técnico e Tecnológico, Matrícula SIAPE nº 2993557, para a função de Coordenador de Curso Superior de Tecnologia em Análise e Desenvolvimento de Sistemas, código FUC-001.</p><p class="assina">Éder José Morari</p>]]></Texto>
  </body>
  <Midias />
</article></xml>