﻿<xml><article id="27743227" name="ATO GDGSET 516_2022_DESIG_GUSTAV" idOficio="9058951" pubName="DO2" artType="Ato" pubDate="30/08/2022" artClass="00047:00005:00009:00000:00000:00000:00000:00000:00000:00000:00001:00516" artCategory="Poder Judiciário/Tribunal Superior do Trabalho/Secretaria" artSize="12" artNotes="" numberPage="138" pdfPage="http://pesquisa.in.gov.br/imprensa/jsp/visualiza/index.jsp?data=30/08/2022&amp;jornal=529&amp;pagina=138" editionNumber="165" highlightType="" highlightPriority="" highlight="" highlightimage="" highlightimagename="" idMateria="19842183">
  <body>
    <Identifica><![CDATA[ ATO Nº 516, DE 26 DE AGOSTO DE 2022]]></Identifica>
    <Data><![CDATA[]]></Data>
    <Ementa />
    <Titulo />
    <SubTitulo />
    <Texto><![CDATA[<p class="identifica">ATO Nº 516, DE 26 DE AGOSTO DE 2022</p><p>O DIRETOR-GERAL DA SECRETARIA DO TRIBUNAL SUPERIOR DO TRABALHO, no uso de suas atribuições legais e regulamentares,</p><p>considerando o constante do Processo Administrativo TST nº 6005262/2022, resolve:</p><p>Designar o servidor GUSTAVO ECKERT HOFF, código 65678, Analista Judiciário, do Quadro de Pessoal do Tribunal Regional do Trabalho da 2ª Região-SP, removido para esta Corte, para exercer a função comissionada de Assistente 3, Nível FC-3, do Gabinete do Ex.mo Sr. Ministro Alberto Bastos Balazeiro.</p><p class="assina">GUSTAVO CARIBÉ DE CARVALHO</p>]]></Texto>
  </body>
  <Midias />
</article></xml>