﻿<xml><article id="27741088" name="2022-08-25 FSMS E Lima Siafi" idOficio="9058626" pubName="DO2" artType="Portaria" pubDate="30/08/2022" artClass="00025:00173:00000:00000:00000:00000:00000:00000:00000:00000:00017:00000" artCategory="Ministério das Relações Exteriores/Embaixada do Brasil em Lima" artSize="12" artNotes="" numberPage="111" pdfPage="http://pesquisa.in.gov.br/imprensa/jsp/visualiza/index.jsp?data=30/08/2022&amp;jornal=529&amp;pagina=111" editionNumber="165" highlightType="" highlightPriority="" highlight="" highlightimage="" highlightimagename="" idMateria="19841677">
  <body>
    <Identifica><![CDATA[ PORTARIA DE 24 DE AGOSTO DE 2022]]></Identifica>
    <Data><![CDATA[]]></Data>
    <Ementa />
    <Titulo />
    <SubTitulo />
    <Texto><![CDATA[<p class="identifica">PORTARIA DE 24 DE AGOSTO DE 2022</p><p>O EMBAIXADOR DO BRASIL EM LIMA, no uso de suas atribuições, e tendo em vista o disposto nos artigos 10 e 11 da Instrução Normativa nº 84, de 22 de abril de 2020, do Tribunal de Contas da União, no que se refere à composição do Rol de Responsáveis do Posto no Sistema Integrado de Administração Financeira do Governo Federal (SIAFI), resolve:</p><p>Dispensar JOHN MONTEIRO MIDDLETON, segundo-secretário da carreira de diplomata do Ministério das Relações Exteriores, CPF 100.868.937-85, da função de gestor orçamentário e financeiro, titular;</p><p>Designar GUILHERME RAFAEL RAICOSKI, segundo-secretário da carreira de diplomata do Ministério das Relações Exteriores, CPF 053.374.589-65, para a função de gestor orçamentário e financeiro, titular;</p><p>Dispensar MARIA LUIZA DE FRANÇA COELHO DE SOUZA, primeira-secretária da carreira de diplomata do Ministério das Relações Exteriores, CPF 059.006.216-69, da função de gestora orçamentária e financeira, substituta;</p><p>Designar JOHN MONTEIRO MIDDLETON, segundo-secretário da carreira de diplomata do Ministério das Relações Exteriores, CPF 100.868.937-85, para a função de gestor orçamentário e financeiro, substituto.</p><p class="assina">SÉRGIO FRANÇA DANESE</p>]]></Texto>
  </body>
  <Midias />
</article></xml>