﻿<xml><article id="27739563" name="Port. EXO - 6878" idOficio="9058296" pubName="DO2" artType="Portaria" pubDate="30/08/2022" artClass="00018:00100:00001:00000:00000:00000:00000:00000:00000:00000:00017:00003" artCategory="Ministério da Educação/Universidade Federal de Minas Gerais/Reitoria" artSize="12" artNotes="" numberPage="72" pdfPage="http://pesquisa.in.gov.br/imprensa/jsp/visualiza/index.jsp?data=30/08/2022&amp;jornal=529&amp;pagina=72" editionNumber="165" highlightType="" highlightPriority="" highlight="" highlightimage="" highlightimagename="" idMateria="19841270">
  <body>
    <Identifica><![CDATA[ PORTARIA Nº 6.878, DE 24 DE AGOSTO DE 2022]]></Identifica>
    <Data><![CDATA[]]></Data>
    <Ementa />
    <Titulo />
    <SubTitulo />
    <Texto><![CDATA[<p class="identifica">PORTARIA Nº 6.878, DE 24 DE AGOSTO DE 2022</p><p>A Reitora da Universidade Federal de Minas Gerais, no uso de suas atribuições legais e estatutárias, e considerando o teor do Processo nº 23072.243308/2022-13, resolve:</p><p>Exonerar a pedido, a partir de 21/07/2022, de acordo com o artigo 34 da Lei nº 8.112, de 11 de dezembro de 1990, a servidora Creuza Maria da Silva, matrícula SIAPE nº 1661331, ocupante do cargo de Assistente em Administração, lotada na Escola de Arquitetura, do quadro permanente desta Universidade.</p><p class="assina">SANDRA REGINA GOULART ALMEIDA</p>]]></Texto>
  </body>
  <Midias />
</article></xml>