﻿<xml><article id="27732230" name="Materia do dia 25 de 08 de 2022" idOficio="9056558" pubName="DO2" artType="Portaria" pubDate="30/08/2022" artClass="00018:00105:00001:00000:00000:00000:00000:00000:00000:00000:00017:00001" artCategory="Ministério da Educação/Universidade Federal da Paraíba/Reitoria" artSize="12" artNotes="430" numberPage="75" pdfPage="http://pesquisa.in.gov.br/imprensa/jsp/visualiza/index.jsp?data=30/08/2022&amp;jornal=529&amp;pagina=75" editionNumber="165" highlightType="" highlightPriority="" highlight="" highlightimage="" highlightimagename="" idMateria="19839073">
  <body>
    <Identifica><![CDATA[ PORTARIA PROGEP/DLCP Nº 430, DE 25 DE AGOSTO DE 2022]]></Identifica>
    <Data><![CDATA[]]></Data>
    <Ementa />
    <Titulo />
    <SubTitulo />
    <Texto><![CDATA[<p class="identifica">PORTARIA PROGEP/DLCP Nº 430, DE 25 DE AGOSTO DE 2022</p><p>O REITOR DA UNIVERSIDADE FEDERAL DA PARAÍBA, no uso de suas atribuições, resolve:</p><p>Conceder pensão a MARCELEUZE DE ARAUJO TAVARES, na qualidade de cônjuge do ex-servidor JOSE ARNALDO TAVARES DE MELO, aposentado no cargo de Professor do Magistério Superior, matricula SIAPE 329758, do quadro de pessoal desta UFPB, falecido em 08/08/2022, com vigência partir da data do óbito e fundamento no inciso I do art. 3º da Portaria SGP/SEDGG/ME Nº 4645, de 24 de maio de 2022, c/c o art. 217 da Lei nº 8.112, de 11 de dezembro de 1990, e art. 23 da Emenda Constitucional nº 103, de 12 de novembro de 2019. (Processo nº 23074. 077011/2022-59).</p><p class="assina">VALDINEY VELOSO GOUVEIA</p>]]></Texto>
  </body>
  <Midias />
</article></xml>