﻿<xml><article id="27731404" name="PORTARIA DE PESSOAL N 85 DISP CL" idOficio="9056297" pubName="DO2" artType="Portaria" pubDate="30/08/2022" artClass="00018:00081:00000:00000:00000:00000:00000:00000:00000:00000:00017:00001" artCategory="Ministério da Educação/Instituto Nacional de Estudos e Pesquisas Educacionais Anísio Teixeira" artSize="12" artNotes="" numberPage="64" pdfPage="http://pesquisa.in.gov.br/imprensa/jsp/visualiza/index.jsp?data=30/08/2022&amp;jornal=529&amp;pagina=64" editionNumber="165" highlightType="" highlightPriority="" highlight="" highlightimage="" highlightimagename="" idMateria="19838477">
  <body>
    <Identifica><![CDATA[ PORTARIA DE PESSOAL Nº 85, DE 25 DE AGOSTO DE 2022]]></Identifica>
    <Data><![CDATA[]]></Data>
    <Ementa />
    <Titulo />
    <SubTitulo />
    <Texto><![CDATA[<p class="identifica">PORTARIA DE PESSOAL Nº 85, DE 25 DE AGOSTO DE 2022</p><p>O PRESIDENTE SUBSTITUTO DO INSTITUTO NACIONAL DE ESTUDOS E PESQUISAS EDUCACIONAIS ANÍSIO TEIXEIRA, no uso de suas atribuições estabelecidas no Art. 16 do Anexo I do Decreto nº 6.317, de 20 de dezembro de 2007, em observância ao disposto no Decreto nº 10.195, de 30 de dezembro de 2019, e no uso da competência que lhe foi subdelegada na alínea "b", inciso II do Art. 2º, da Portaria/MEC nº 205, de 06 de fevereiro de 2020, resolve:</p><p>Art.1º Dispensar, a pedido, CLAUNICE FONTOURA DA CRUZ, CPF nº ***.480.121-**, da função de Assistente, código FCPE-102.2, da Coordenação de Concepção dos Procedimentos de Aplicação e de Capacitação da Coordenação-Geral de Desenvolvimento da Aplicação da Diretoria de Gestão e Planejamento do Instituto Nacional de Estudos e Pesquisas Educacionais Anísio Teixeira, a contar de 15 de agosto de 2022.</p><p>Art. 2º Esta portaria entra em vigor na data de sua publicação.</p><p class="assina">CARLOS EDUARDO MORENO SAMPAIO</p>]]></Texto>
  </body>
  <Midias />
</article></xml>