﻿<xml><article id="27736373" name="DOU 25-08 - DESIG COORD GERAL" idOficio="9057632" pubName="DO2" artType="Portaria" pubDate="30/08/2022" artClass="00018:00041:00000:00000:00000:00000:00000:00000:00000:00000:00017:00002" artCategory="Ministério da Educação/Colégio Pedro II" artSize="12" artNotes="" numberPage="49" pdfPage="http://pesquisa.in.gov.br/imprensa/jsp/visualiza/index.jsp?data=30/08/2022&amp;jornal=529&amp;pagina=49" editionNumber="165" highlightType="" highlightPriority="" highlight="" highlightimage="" highlightimagename="" idMateria="19840385">
  <body>
    <Identifica><![CDATA[ PORTARIA nº 2.068, DE 25 DE AGOSTO DE 2022]]></Identifica>
    <Data><![CDATA[]]></Data>
    <Ementa />
    <Titulo />
    <SubTitulo />
    <Texto><![CDATA[<p class="identifica">PORTARIA nº 2.068, DE 25 DE AGOSTO DE 2022</p><p>O REITOR DO COLÉGIO PEDRO II, nomeado por Decreto Presidencial de 04 de setembro de 2018, publicado no Diário Oficial da União, Seção 2, página 1 de 05 de setembro de 2018, no uso de suas atribuições legais, resolve:</p><p>Designar RENATA REZENDE GONDIM, matrícula Siape nº 2611192, para a função de Coordenadora Geral do Departamento dos Anos Iniciais do Ensino Fundamental, código FCC, a partir da publicação em D.O.U. (Processo nº 23040.004439/2022-54)</p><p class="assina">OSCAR HALAC</p>]]></Texto>
  </body>
  <Midias />
</article></xml>