﻿<xml><article id="27740802" name="SIAFI - IRBR - 26ago2022" idOficio="9058566" pubName="DO2" artType="Portaria" pubDate="30/08/2022" artClass="00025:02656:00000:00000:00000:00000:00000:00000:00000:00000:00017:00000" artCategory="Ministério das Relações Exteriores/Instituto Rio Branco" artSize="12" artNotes="" numberPage="113" pdfPage="http://pesquisa.in.gov.br/imprensa/jsp/visualiza/index.jsp?data=30/08/2022&amp;jornal=529&amp;pagina=113" editionNumber="165" highlightType="" highlightPriority="" highlight="" highlightimage="" highlightimagename="" idMateria="19841597">
  <body>
    <Identifica><![CDATA[ PORTARIA DE 16 DE AGOSTO DE 2022]]></Identifica>
    <Data><![CDATA[]]></Data>
    <Ementa />
    <Titulo />
    <SubTitulo />
    <Texto><![CDATA[<p class="identifica">PORTARIA DE 16 DE AGOSTO DE 2022</p><p>A DIRETORA-GERAL DO INSTITUTO RIO BRANCO, no uso de suas atribuições e de acordo com o disposto na Instrução Normativa nº 84, de 22 de abril de 2020, do Tribunal de Contas da União, no que se refere à composição do rol de responsáveis da Unidade Gestora Instituto Rio Branco (UG 240016) do Sistema Integrado de Administração Financeira do Governo (SIAFI), resolve:</p><p>Confirmar MARIANA LIMA MOSCARDO DE SOUZA, conselheira, CPF n° 018.639.227-33, como Ordenadora de Despesas, titular, por delegação de competência, para assinar e praticar todos os atos próprios à gestão orçamentária e financeira desta Unidade Gestora.</p><p>Designar MARCO CESAR MOURA DANIEL, conselheiro, CPF n° 011.747.698-66, como Ordenador de Despesas, substituto, desta Unidade Gestora.</p><p>Confirmar ADRIANO CÉSAR SANTOS RIBEIRO, analista técnico administrativo, CPF nº 603.838.872-91, como Gestor Financeiro e Orçamentário, titular, desta Unidade Gestora.</p><p>Confirmar LAISE MARIA BESERRA JAY, bibliotecária, CPF n° 149.669.563-15 como Gestora Financeira e Orçamentária, substituta, desta Unidade Gestora.</p><p>Designar FERNANDO SÉRGIO RODRIGUES, agente administrativo, CPF n° 247.753.476-91 para exercer a função de responsável pela conformidade dos registros de gestão, titular, desta Unidade Gestora.</p><p>Designar ÉVERI SIRAC NOGUEIRA, técnico em assuntos educacionais, CPF n° 001.543.881-30 para exercer a função de responsável pela conformidade dos registros de gestão, substituto, desta Unidade Gestora.</p><p>Dispensar JULIANA DE MOURA GOMES, primeira-secretária, CPF n° 001.919.031-08, como Ordenadora de Despesas, substituta, desta Unidade Gestora.</p><p>Dispensar DIEGO BATISTA SILVA, agente administrativo, CPF n° 721.769.201-63, para exercer a função de responsável pela conformidade dos registros de gestão, titular, desta Unidade Gestora.</p><p>Dispensar FERNANDO SÉRGIO RODRIGUES, agente administrativo, CPF n° 247.753.476-91 para exercer a função de responsável pela conformidade dos registros de gestão, substituto, desta Unidade Gestora.</p><p class="assina">GLIVÂNIA MARIA DE OLIVEIRA</p>]]></Texto>
  </body>
  <Midias />
</article></xml>