﻿<xml><article id="27743470" name="ATO PORTARIA DE PESSOAL CGEN NA " idOficio="9058999" pubName="DO2" artType="Portaria" pubDate="30/08/2022" artClass="00015:00041:00034:00008:00003:00000:00000:00000:00000:00000:00017:00014" artCategory="Ministério da Economia/Secretaria Especial de Desburocratização, Gestão e Governo Digital/Secretaria de Gestão e Desempenho de Pessoal/Departamento de Centralização de Serviços de Inativos, Pensionistas e Órgãos Extintos/Coordenação-Geral de Benefícios" artSize="12" artNotes="" numberPage="42" pdfPage="http://pesquisa.in.gov.br/imprensa/jsp/visualiza/index.jsp?data=30/08/2022&amp;jornal=529&amp;pagina=42" editionNumber="165" highlightType="" highlightPriority="" highlight="" highlightimage="" highlightimagename="" idMateria="19842248">
  <body>
    <Identifica><![CDATA[ PORTARIA DE PESSOAL CGBEN/ME Nº 9.872, DE 26 DE AGOSTO DE 2022]]></Identifica>
    <Data><![CDATA[]]></Data>
    <Ementa />
    <Titulo />
    <SubTitulo />
    <Texto><![CDATA[<p class="identifica">PORTARIA DE PESSOAL CGBEN/ME Nº 9.872, DE 26 DE AGOSTO DE 2022</p><p>O COORDENADOR-GERAL DE BENEFÍCIOS DO DEPARTAMENTO DE CENTRALIZAÇÃO DE SERVIÇOS DE INATIVOS, PENSIONISTAS E ÓRGÃOS EXTINTOS, DA SECRETARIA DE GESTÃO E DESEMPENHO DE PESSOAL, DA SECRETARIA ESPECIAL DE DESBUROCRATIZAÇÃO, GESTÃO E GOVERNO DIGITAL, DO MINISTÉRIO DA ECONOMIA, no uso da competência atribuída pela Portaria nº 13.530, de 27 de dezembro de 2018, publicada no DOU de 28 de dezembro de 2018, e considerando o disposto no Processo nº 19975.119027/2022-08, resolve:</p><p>Art. 1° Transferir a reparação econômica, de caráter indenizatório, em prestação mensal, permanente e continuada, à SHEILA DE ANDRADE COPPIETERS, na condição de cônjuge do ex-anistiado político PIERRE FRANCOIS COPPIETERS, matrícula SIAPE nº 1834200, com fundamento no art. 13 da Lei nº 10.559, de 2002, combinado com os arts. 217, inciso I e 222, VII, alínea "b", item 6 da Lei nº 8.112 de 1990, com vigência a contar de 19 de janeiro de 2022, data do falecimento do ex-anistiado político.</p><p>Art. 2º Esta Portaria entra em vigor na data de sua publicação.</p><p class="assina">PABLO MARCOS GOMES LEITE</p>]]></Texto>
  </body>
  <Midias />
</article></xml>