﻿<xml><article id="27733606" name="Desp_MME_SPG" idOficio="9056964" pubName="DO2" artType="Despacho" pubDate="30/08/2022" artClass="00023:00001:00000:00000:00000:00000:00000:00000:00000:00000:00013:00014" artCategory="Ministério de Minas e Energia/Gabinete do Ministro" artSize="12" artNotes="" numberPage="109" pdfPage="http://pesquisa.in.gov.br/imprensa/jsp/visualiza/index.jsp?data=30/08/2022&amp;jornal=529&amp;pagina=109" editionNumber="165" highlightType="" highlightPriority="" highlight="" highlightimage="" highlightimagename="" idMateria="19839465">
  <body>
    <Identifica><![CDATA[ DESPACHO DO MINISTRO DE ESTADO de 23 de agosto de 2022]]></Identifica>
    <Data><![CDATA[]]></Data>
    <Ementa />
    <Titulo />
    <SubTitulo />
    <Texto><![CDATA[<p class="identifica">DESPACHO DO MINISTRO DE ESTADO de 23 de agosto de 2022</p><p>O MINISTRO DE ESTADO DE MINAS E ENERGIA, tendo em vista o disposto no Decreto nº 1.387, de 7 de fevereiro de 1995, e no art. 7º do Decreto nº 10.193, de 27 de dezembro de 2019, resolve autorizar os seguintes afastamentos do País:</p><p>NOME: Edie Andreeto Junior. CARGO/FUNÇÃO: Assessor Técnico. ÓRGÃO: Secretaria de Petróleo, Gás Natural e Biocombustíveis. PAÍS DE DESTINO: Estados Unidos da América. FINALIDADE: Participar de viagem técnica visando possível futura certificação dos produtores de Etanol dos Estados Unidos da América no Programa Renovabio. PERÍODO: 06/09/2022 a 17/09/2022. TIPO DE AFASTAMENTO: Com ônus limitado. ENQUADRAMENTO DA VIAGEM: art. 1º, inciso IV, do Decreto nº 1.387, de 1995.</p><p>NOME: Marlon Arraes Jardim Leal. CARGO/FUNÇÃO: Coordenador-Geral. ÓRGÃO: Secretaria de Petróleo, Gás Natural e Biocombustíveis. PAÍS DE DESTINO: Paraguai. FINALIDADE: Participar da "Semana de Bioenergia", bem como apresentar palestra no evento Biocombustíveis e Transição Energética (Mercosul). PERÍODO: 25/09/2022 a 29/09/2022. TIPO DE AFASTAMENTO: Com ônus. ENQUADRAMENTO DA VIAGEM: art. 1º, inciso IV, do Decreto nº 1.387, de 1995.</p><p class="assina">ADOLFO SACHSIDA</p>]]></Texto>
  </body>
  <Midias />
</article></xml>