﻿<xml><article id="27742646" name="DOU2-SGP-PGR-1-PT-579-UNI-PGR-00" idOficio="9058875" pubName="DO2" artType="Portaria" pubDate="30/08/2022" artClass="00043:00010:00008:00000:00000:00000:00000:00000:00000:00000:00017:00579" artCategory="Ministério Público da União/Ministério Público Federal/Secretaria de Gestão de Pessoas" artSize="12" artNotes="" numberPage="129" pdfPage="http://pesquisa.in.gov.br/imprensa/jsp/visualiza/index.jsp?data=30/08/2022&amp;jornal=529&amp;pagina=129" editionNumber="165" highlightType="" highlightPriority="" highlight="" highlightimage="" highlightimagename="" idMateria="19842067">
  <body>
    <Identifica><![CDATA[ PORTARIA SGP/MPF Nº 579, DE 24 DE AGOSTO DE 2022]]></Identifica>
    <Data><![CDATA[]]></Data>
    <Ementa />
    <Titulo />
    <SubTitulo />
    <Texto><![CDATA[<p class="identifica">PORTARIA SGP/MPF Nº 579, DE 24 DE AGOSTO DE 2022</p><p>A SECRETÁRIA DE GESTÃO DE PESSOAS DO MINISTÉRIO PÚBLICO FEDERAL, no uso da competência que lhe foi atribuída pelo artigo 1º - inciso II, alínea "n", da Portaria SG/MPF nº 994, de 24 de agosto de 2020, tendo em vista o disposto no artigo 38 da Lei nº 8.112, de 11 de dezembro de 1990, e no expediente PGR-00334962/2022, resolve:</p><p>Designar DAIANE GOMES CHAVES, ocupante do cargo de Técnico do MPU/Administração, matrícula nº 25399, para exercer o encargo de substituta eventual do Assessor-Chefe Nível II, CC-2, do Gabinete da Secretaria de Administração do Ministério Público Federal.</p><p class="assina">ISABELA VIDIGAL BRAGA MENESES</p>]]></Texto>
  </body>
  <Midias />
</article></xml>