﻿<xml><article id="27738119" name="PORTARIA SEGPNR-COPAL MD-GESEP-D" idOficio="9058020" pubName="DO2" artType="Portaria" pubDate="30/08/2022" artClass="00013:00041:00005:00000:00000:00000:00000:00000:00000:00000:00017:00000" artCategory="Ministério da Defesa/Secretaria de Orçamento e Organização Institucional/Departamento de Engenharia e Serviços Gerais" artSize="12" artNotes="" numberPage="29" pdfPage="http://pesquisa.in.gov.br/imprensa/jsp/visualiza/index.jsp?data=30/08/2022&amp;jornal=529&amp;pagina=29" editionNumber="165" highlightType="" highlightPriority="" highlight="" highlightimage="" highlightimagename="" idMateria="19840876">
  <body>
    <Identifica><![CDATA[ PORTARIA SEGPNR/COPAL MD/GESEP/DESEG/SEORI/SG-MD  Nº 4.464, DE 22 DE AGOSTO DE 2022]]></Identifica>
    <Data><![CDATA[]]></Data>
    <Ementa />
    <Titulo />
    <SubTitulo />
    <Texto><![CDATA[<p class="identifica">PORTARIA SEGPNR/COPAL MD/GESEP/DESEG/SEORI/SG-MD Nº 4.464, DE 22 DE AGOSTO DE 2022</p><p>O DIRETOR DO DEPARTAMENTO DE ENGENHARIA E SERVIÇOS GERAIS, no uso de suas atribuições previstas no inciso IV, do art. 41, do Anexo I, do Decreto nº 10.998, de 15 de março de 2022, e no § 5º no art. 21 da Normativa nº 43/GM-MD, de 29 de abril de 2020, e considerando o que consta no Processo Administrativo nº 60583.002245/2016-65, resolve:</p><p>Art. 1º Declarar extinta, a contar de 19 de agosto de 2022, a permissão de uso do Próprio Nacional Residencial, situado na SQN 313, Bloco "B", Apartamento 108 - Asa Norte, outorgada ao 1º Ten (EB) GERALDO FELICIANO JUNIOR, por ter incidido no previsto no inciso IV do art. 21 da Portaria Normativa nº 43/GM-MD, de 29 de abril de 2020.</p><p>Art. 2º As obrigações relativas ao uso do imóvel cessaram na mesma data, em virtude da desocupação.</p><p class="assina">ODILON MAZZINI JUNIOR</p>]]></Texto>
  </body>
  <Midias />
</article></xml>