﻿<xml><article id="27733678" name="PORTARIA 9852 ROBSON CARLINDO" idOficio="9056972" pubName="DO2" artType="Portaria" pubDate="30/08/2022" artClass="00015:00041:00033:00000:00000:00000:00000:00000:00000:00000:00017:00008" artCategory="Ministério da Economia/Secretaria Especial de Desburocratização, Gestão e Governo Digital/Secretaria de Gestão" artSize="12" artNotes="" numberPage="35" pdfPage="http://pesquisa.in.gov.br/imprensa/jsp/visualiza/index.jsp?data=30/08/2022&amp;jornal=529&amp;pagina=35" editionNumber="165" highlightType="" highlightPriority="" highlight="" highlightimage="" highlightimagename="" idMateria="19839493">
  <body>
    <Identifica><![CDATA[ PORTARIA DE PESSOAL SEGES/ME Nº 9.852, DE 26 DE AGOSTO DE 2022]]></Identifica>
    <Data><![CDATA[]]></Data>
    <Ementa />
    <Titulo />
    <SubTitulo />
    <Texto><![CDATA[<p class="identifica">PORTARIA DE PESSOAL SEGES/ME Nº 9.852, DE 26 DE AGOSTO DE 2022</p><p>A SECRETÁRIA DE GESTÃO SUBSTITUTA DA SECRETARIA ESPECIAL DE DESBUROCRATIZAÇÃO, GESTÃO E GOVERNO DIGITAL DO MINISTÉRIO DA ECONOMIA, no uso da competência subdelegada pelo art. 5º da Portaria SEDGG nº 17.472, de 21 de julho de 2020, e tendo em vista o disposto no § 5º do art. 1º da Lei nº 11.539, de 8 de novembro de 2007, e demais informações que constam do Processo nº 14021.108760/2022-44, resolve:</p><p>Art. 1º Efetivar o exercício do servidor ROBSON CARLINDO SANTANA PAES LOURES, Analista de Infraestrutura, matrícula SIAPE nº 1668998, na Superintendência Regional no Estado de Minas Gerais do Departamento Nacional de Infraestrutura de Transportes (DNIT), em Belo Horizonte/MG, para participação nos projetos "Duplicação da Rodovia BR-381/MG - Lote 3.1 e 7", "Implantação da Rodovia BR-367/MG" e "Implantação da Rodovia BR-135/MG - Norte de Minas", pelo período de 2 (dois) anos.</p><p>Art. 2º O servidor deverá apresentar-se imediatamente ao órgão de exercício.</p><p>Art. 3º Esta Portaria entra em vigor na data da sua publicação.</p><p class="assina">ELISE SUELI PEREIRA GONÇALVES</p>]]></Texto>
  </body>
  <Midias />
</article></xml>