﻿<xml><article id="27734023" name="(RETF POR 467" idOficio="9057054" pubName="DO2" artType="Retificação" pubDate="30/08/2022" artClass="00026:00002:00021:00000:00000:00000:00000:00000:00000:00000:00024:00000" artCategory="Ministério da Saúde/Secretaria Executiva/Subsecretaria de Assuntos Administrativos" artSize="12" artNotes="" numberPage="118" pdfPage="http://pesquisa.in.gov.br/imprensa/jsp/visualiza/index.jsp?data=30/08/2022&amp;jornal=529&amp;pagina=118" editionNumber="165" highlightType="" highlightPriority="" highlight="" highlightimage="" highlightimagename="" idMateria="19839595">
  <body>
    <Identifica><![CDATA[ RETIFICAÇÃO]]></Identifica>
    <Data><![CDATA[]]></Data>
    <Ementa />
    <Titulo />
    <SubTitulo />
    <Texto><![CDATA[<p class="identifica">RETIFICAÇÃO</p><p>Na Portaria SAA nº 467, de 19 de agosto de 2022, publicada no DOU nº 160, Seção 2, de 23 de agosto de 2022, pág. 45, onde se lê: " Art. 1º Efetivar a requisição do servidor ALFREDO MELLO LAMEU, matrícula SIAPE nº 1737107, pertencente ao Quadro de Pessoal do Ministério da Saúde, para exercício no Tribunal Regional Eleitoral do Rio de Janeiro (TRE/RJ), na 5ª Zona Eleitoral, com sede em Copacabana/RJ", leia-se: "Art. 1º Assentir a requisição, pelo período de 04/07/2022 a 19/11/2022, do servidor ALFREDO MELLO LAMEU, matrícula SIAPE nº 1737107, pertencente ao Quadro de Pessoal do Ministério da Saúde, para exercício no Tribunal Regional Eleitoral do Rio de Janeiro (TRE/RJ), na 5ª Zona Eleitoral, com sede em Copacabana/RJ, sendo devolvido impreterivelmente, no primeiro dia útil subsequente".</p>]]></Texto>
  </body>
  <Midias />
</article></xml>