﻿<xml><article id="27743386" name="313 A 255 PCI LUIS FILIPE DA SIL" idOficio="9058979" pubName="DO2" artType="Ato" pubDate="30/08/2022" artClass="00047:00041:00000:00000:00000:00000:00000:00000:00000:00000:00001:00002" artCategory="Poder Judiciário/Tribunal Regional do Trabalho da 2ª Região" artSize="12" artNotes="" numberPage="143" pdfPage="http://pesquisa.in.gov.br/imprensa/jsp/visualiza/index.jsp?data=30/08/2022&amp;jornal=529&amp;pagina=143" editionNumber="165" highlightType="" highlightPriority="" highlight="" highlightimage="" highlightimagename="" idMateria="19842223">
  <body>
    <Identifica><![CDATA[ ATO PR Nº 255 TRT-SP, de 3 de agosto de 2022]]></Identifica>
    <Data><![CDATA[]]></Data>
    <Ementa />
    <Titulo />
    <SubTitulo />
    <Texto><![CDATA[<p class="identifica">ATO PR Nº 255 TRT-SP, de 3 de agosto de 2022</p><p>O DESEMBARGADOR PRESIDENTE DO TRIBUNAL REGIONAL DO TRABALHO DA 2º REGIÃO, no uso de suas atribuições legais e regimentais, considerando o disposto no artigo 33, inciso VIII, da Lei nº 8.112/1990, e conforme Processo PROAD 35782/2022, resolve:</p><p>Art. 1º Declarar vago, a partir de 01/08/2022, 01 (um) cargo de Técnico Judiciário - Área Administrativa, Especialidade Polícia Judicial, do Quadro Permanente da Secretaria do Tribunal Regional do Trabalho da 2ª Região, em razão da posse LUIS FILIPE DA SILVA SANT'ANA, matrícula 176907, em outro cargo público.</p><p class="assina">Luiz Antonio M. Vidigal</p>]]></Texto>
  </body>
  <Midias />
</article></xml>