﻿<xml><article id="27742724" name="DOU2-GO-1-PT-147-UNI-PR-GO-00034" idOficio="9058875" pubName="DO2" artType="Portaria" pubDate="30/08/2022" artClass="00043:00010:00031:00000:00000:00000:00000:00000:00000:00000:00017:00147" artCategory="Ministério Público da União/Ministério Público Federal/Procuradoria da República no Estado de Goiás" artSize="12" artNotes="" numberPage="130" pdfPage="http://pesquisa.in.gov.br/imprensa/jsp/visualiza/index.jsp?data=30/08/2022&amp;jornal=529&amp;pagina=130" editionNumber="165" highlightType="" highlightPriority="" highlight="" highlightimage="" highlightimagename="" idMateria="19842071">
  <body>
    <Identifica><![CDATA[ PORTARIA PR/GO Nº 147, DE 23 DE AGOSTO DE 2022]]></Identifica>
    <Data><![CDATA[]]></Data>
    <Ementa />
    <Titulo />
    <SubTitulo />
    <Texto><![CDATA[<p class="identifica">PORTARIA PR/GO Nº 147, DE 23 DE AGOSTO DE 2022</p><p>A PROCURADORA-CHEFE DA PROCURADORIA DA REPÚBLICA NO ESTADO DE GOIÁS, no uso das atribuições conferidas pelo art. 56, VI, do Regimento Interno Diretivo do Ministério Público Federal, aprovado pela Portaria PGR/MPF n. 357, de 5 de maio de 2015, e no art. 33, inciso VI, do Regimento Interno Administrativo do Ministério Público Federal, aprovado pela Portaria SG/MPF n. 382, de 5 de maio de 2015, e conforme Memorando n. 19/2022/PRM-ITB, resolve:</p><p>Art. 1° Dispensar a servidora DANIELE CLEMÊNCIA LÔBO, matrícula nº 27453, ocupante do cargo de Técnico do MPU/Administração, da função de Assistente Nível II, FC-2, do Gabinete do Procurador da República Wilson Rocha Fernandes Assis, na Procuradoria da República no Município de Itumbiara.</p><p>Art. 2º Designar o servidor DANILO MARTINS VIEIRA DA COSTA, matrícula nº 27324, ocupante do cargo de Analista do MPU/Direito, para exercer a referida função.</p><p class="assina">LEA BATISTA DE OLIVEIRA MOREIRA LIMA</p>]]></Texto>
  </body>
  <Midias />
</article></xml>