﻿<xml><article id="27732191" name="1478_portaria_26_agosto_2022_Jos" idOficio="9056523" pubName="DO2" artType="Portaria" pubDate="30/08/2022" artClass="00018:00067:00001:00000:00000:00000:00000:00000:00000:00000:00017:00000" artCategory="Ministério da Educação/Instituto Federal de Educação, Ciência e Tecnologia do Rio Grande do Norte/Reitoria" artSize="12" artNotes="" numberPage="60" pdfPage="http://pesquisa.in.gov.br/imprensa/jsp/visualiza/index.jsp?data=30/08/2022&amp;jornal=529&amp;pagina=60" editionNumber="165" highlightType="" highlightPriority="" highlight="" highlightimage="" highlightimagename="" idMateria="19839036">
  <body>
    <Identifica><![CDATA[ PORTARIA Nº 1.478, DE 26 DE AGOSTO DE 2022]]></Identifica>
    <Data><![CDATA[]]></Data>
    <Ementa />
    <Titulo />
    <SubTitulo />
    <Texto><![CDATA[<p class="identifica">PORTARIA Nº 1.478, DE 26 DE AGOSTO DE 2022</p><p>O REITOR DO INSTITUTO FEDERAL DE EDUCAÇÃO, CIÊNCIA E TECNOLOGIA DO RIO GRANDE DO NORTE, no uso de suas atribuições, e CONSIDERANDO o que consta no Processo nº 23057.004745.2022-10, de 27 de julho de 2022, resolve:</p><p>I - Conceder aposentadoria voluntária, com proventos integrais, a JOÃO EUDES RODRIGUES DE LIMA, Matrícula Siape nº 277413, ocupante do Cargo de Mecânico, Código 701441, Código de Vaga 0214090, Classe C, Nível de Capacitação IV, Padrão de Vencimento 16, pertencente ao Quadro Permanente desta Instituição Federal de Ensino, com fundamento no Art. 3º, da Emenda Constitucional nº 47/2005, de 5 de julho de 2005, combinado com o Art. 3º, da Emenda Constitucional nº 103/2019, de 13 de novembro de 2019, acrescidos de 11% (onze por cento) a título de adicional por tempo de serviço, determinado pelo Art. 67, da lei 8.112/1990, observado o Art. 6º da Lei nº 9.624/98 e Ofício-Circular nº 36-SRH/MP, de 29 de junho de 2001, e o disposto no Art. 15, inciso II da Medida Provisória nº 2.225-45, de 4 de setembro de 2001; do Incentivo à Qualificação, nos termos da Lei nº 11.091/2005, regulamentada pelo Decreto nº 5.824/2006, e o disposto no Art. 12, da Lei nº 11.784/2008, no índice de 20% (vinte por cento); e mais o que a Lei vier a conceder aos servidores da ativa, nos termos do Art. 7º da Emenda Constitucional nº 41/2003.</p><p>II - Declarar vago o respectivo cargo.</p><p class="assina">JOSÉ ARNÓBIO DE ARAÚJO FILHO</p>]]></Texto>
  </body>
  <Midias />
</article></xml>