﻿<xml><article id="27735370" name="PORTARIA DIPEC-DEPES-SEPESD-SG-M" idOficio="9057391" pubName="DO2" artType="Portaria" pubDate="30/08/2022" artClass="00013:00042:00000:00000:00000:00000:00000:00000:00000:00000:00017:00000" artCategory="Ministério da Defesa/Secretaria de Pessoal, Saúde, Desporto e Projetos Sociais" artSize="12" artNotes="" numberPage="29" pdfPage="http://pesquisa.in.gov.br/imprensa/jsp/visualiza/index.jsp?data=30/08/2022&amp;jornal=529&amp;pagina=29" editionNumber="165" highlightType="" highlightPriority="" highlight="" highlightimage="" highlightimagename="" idMateria="19840089">
  <body>
    <Identifica><![CDATA[ PORTARIA DIPEC/DEPES/SEPESD/SG-MD  Nº 4.578, DE 25 DE AGOSTO DE 2022]]></Identifica>
    <Data><![CDATA[]]></Data>
    <Ementa />
    <Titulo />
    <SubTitulo />
    <Texto><![CDATA[<p class="identifica">PORTARIA DIPEC/DEPES/SEPESD/SG-MD Nº 4.578, DE 25 DE AGOSTO DE 2022</p><p>O SECRETÁRIO DE PESSOAL, SAÚDE, DESPORTO E PROJETOS SOCIAIS, no uso das atribuições que lhe foram conferidas pela Portaria nº 572/SEGEP/MP, de 24 de dezembro de 2013, combinado com o inciso V do art. 48 do Decreto nº 10.998, de 15 de março de 2022, e considerando o disposto no inciso II do art. 93 da Lei nº 8.112, de 11 de dezembro de 1990, regulamentado pelo Decreto nº 10.835, de 14 de outubro de 2021, e, ainda, na Lei nº 6.999, de 7 de junho de 1982, e demais informações que constam do Processo nº 67410.016594/2022-33, resolve:</p><p>Art. 1º Disponibilizar, no período de 25 de julho a 19 de dezembro de 2022, a requisição da servidora SUZANA FREITAS DA SILVA, Matrícula SIAPE nº 1058342, ocupante do cargo de Agente Administrativo, do Quadro de Pessoal do Comando da Aeronáutica, lotada na Diretoria de Administração do Pessoal (DIRAP), para prestar serviços no Cartório da 157ª Zona Eleitoral/Nova Iguaçu/RJ.</p><p>Art. 2º O ônus pela remuneração ou salário é do Órgão requisitado.</p><p>Art. 3º Torna-se sem efeito o disposto nesta Portaria caso a servidora não se apresente ao órgão requisitante no prazo de trinta dias.</p><p>Art. 4º Esta Portaria entra em vigor na data da sua publicação.</p><p class="assina">JEFERSON DOMINGUES DE FREITAS</p>]]></Texto>
  </body>
  <Midias />
</article></xml>