﻿<xml><article id="27739046" name="RETIFICAAAES DE PORTARIA NA 58 E" idOficio="9058177" pubName="DO2" artType="Retificação" pubDate="30/08/2022" artClass="00018:00077:00001:00000:00000:00000:00000:00000:00000:00000:00024:00000" artCategory="Ministério da Educação/Instituto Federal de Educação, Ciência e Tecnologia do Sul de Minas Gerais/Reitoria" artSize="12" artNotes="" numberPage="64" pdfPage="http://pesquisa.in.gov.br/imprensa/jsp/visualiza/index.jsp?data=30/08/2022&amp;jornal=529&amp;pagina=64" editionNumber="165" highlightType="" highlightPriority="" highlight="" highlightimage="" highlightimagename="" idMateria="19841116">
  <body>
    <Identifica><![CDATA[ RETIFICAÇões]]></Identifica>
    <Data><![CDATA[]]></Data>
    <Ementa />
    <Titulo />
    <SubTitulo />
    <Texto><![CDATA[<p class="identifica">RETIFICAÇões</p><p>Retificar a Portaria nº 1.219, de 15 de agosto de 2022, publicada no D.O.U de 17.08.2022, Seção 2, pág. 23, Nº 156, a saber: onde se lê: "...de exercer a função de COORDENADORA DO SETOR DE COMPRAS, código FG-02, deste Instituto - Campus Machado."; leia-se: "...de exercer a função de COORDENADORA DO SETOR DE COMPRAS E CONTRATOS, código FG-02, deste Instituto - Campus Machado."</p><p>Retificar a Portaria nº 1.224, de 15 de agosto de 2022, publicada no D.O.U de 17.08.2022, Seção 2, pág. 23, Nº 156, a saber: onde se lê: "...de exercer o cargo de COORDENADOR GERAL DE ENSINO, código CD-03, deste Instituto - Campus Machado."; leia-se: "...de exercer o cargo de DIRETOR DE ENSINO, código CD-03, deste Instituto - Campus Machado."</p>]]></Texto>
  </body>
  <Midias />
</article></xml>