﻿<xml><article id="27741841" name="Of. 369 - PORTARIA 617 - RETIFIC" idOficio="9058749" pubName="DO2" artType="Portaria" pubDate="30/08/2022" artClass="00018:00145:00001:00000:00000:00000:00000:00000:00000:00000:00017:00009" artCategory="Ministério da Educação/Fundação Universidade Federal de Rondônia/Reitoria" artSize="12" artNotes="" numberPage="93" pdfPage="http://pesquisa.in.gov.br/imprensa/jsp/visualiza/index.jsp?data=30/08/2022&amp;jornal=529&amp;pagina=93" editionNumber="165" highlightType="" highlightPriority="" highlight="" highlightimage="" highlightimagename="" idMateria="19841866">
  <body>
    <Identifica><![CDATA[ PORTARIA Nº 617/GR/UNIR, DE 26 DE AGOSTO DE 2022]]></Identifica>
    <Data><![CDATA[]]></Data>
    <Ementa />
    <Titulo />
    <SubTitulo />
    <Texto><![CDATA[<p class="identifica">PORTARIA Nº 617/GR/UNIR, DE 26 DE AGOSTO DE 2022</p><p>A REITORA DA FUNDAÇÃO UNIVERSIDADE FEDERAL DE RONDÔNIA (UNIR), no uso das atribuições que lhe são conferidas mediante o artigo 7º da Lei nº 7.011, de 08 de julho de 1982; o artigo 11 do Estatuto da UNIR; o Decreto Presidencial publicado no DOU nº 221, de 19 de novembro de 2020, seção 2, p.1; e considerando o Processo nº 23118.005538/2022-11, resolve:</p><p>Art. 1º Retificar a Portaria nº 572/2022/GR/UNIR, de 17/08/2022, que designou o servidor docente AGRIPINO JOSÉ FREIRE DA FONSÊCA, SIAPE nº 1080571, para a função deChefe do Departamento Acadêmico de Letras Vernáculas, Campus José Ribeiro Filho/Porto Velho, publicada no Diário Oficial da União nº 158, de 19/08/2022, seção 2, pg. 41, nos seguintes termos: onde se lê: "(...) AGRIPINO JOSÉ FREIRE DA FONSÊCAS"; leia-se: "(...) AGRIPINO JOSÉ FREIRE DA FONSÊCA".</p><p>Art. 2º Esta portaria entrará em vigor a partir de sua publicação.</p><p class="assina">Marcele Regina Nogueira Pereira</p>]]></Texto>
  </body>
  <Midias />
</article></xml>