﻿<xml><article id="27742640" name="1315.APOSTILAMENTO II LETICIA MA" idOficio="9058877" pubName="DO2" artType="Portaria" pubDate="30/08/2022" artClass="00043:00012:00001:00004:00000:00000:00000:00000:00000:00000:00017:00002" artCategory="Ministério Público da União/Ministério Público do Trabalho/Procuradoria-Geral/Diretoria-Geral" artSize="12" artNotes="" numberPage="132" pdfPage="http://pesquisa.in.gov.br/imprensa/jsp/visualiza/index.jsp?data=30/08/2022&amp;jornal=529&amp;pagina=132" editionNumber="165" highlightType="" highlightPriority="" highlight="" highlightimage="" highlightimagename="" idMateria="19842082">
  <body>
    <Identifica><![CDATA[ PORTARIA Nº 1.315, DE 25 DE AGOSTO DE 2022]]></Identifica>
    <Data><![CDATA[]]></Data>
    <Ementa />
    <Titulo />
    <SubTitulo />
    <Texto><![CDATA[<p class="identifica">PORTARIA Nº 1.315, DE 25 DE AGOSTO DE 2022</p><p>O DIRETOR-GERAL ADJUNTO DO MINISTÉRIO PÚBLICO DO TRABALHO, no uso da competência que lhe foi delegada pela Portaria DG-MPT nº 49, de 22 de janeiro de 2019, publicada no DOU em 28 de janeiro de 2019, considerando os termos do artigo 9º da Portaria PGR/MPU nº 32, de 30 de agosto de 2019, publicada no BS/MPF nº 09/2019, e o que consta no PGEA/MPT nº 20.02.1500.00001569/2022-48, resolve:</p><p>Art.1º Apostilar a Portaria MPT nº 116, de 31/01/2018, publicada no Diário Oficial da União nº 24, de 02/02/2018, que nomeou a servidora LETICIA MARIA ROSA ALVES, matrícula 6008479, para o cargo em comissão de Assessora Jurídica do 28º Ofício Geral da Procuradoria Regional do Trabalho da 15ª Região, código CC-2, atualmente exercendo o cargo em comissão de Chefe da Assessoria Jurídica do 10º Ofício Geral da Procuradoria Regional do Trabalho da 15ª Região, código CC-2, para considerar a nomeação para exercer o cargo em comissão de Chefe da Assessoria Jurídica do 23º Ofício Geral da Procuradoria Regional do Trabalho da 15ª Região, código CC-2.</p><p class="assina">ANDERSON RÉGIS CAVALCANTE FEITOSA</p>]]></Texto>
  </body>
  <Midias />
</article></xml>