﻿<xml><article id="27740580" name="DESPACHO" idOficio="9058520" pubName="DO2" artType="Despacho" pubDate="30/08/2022" artClass="00018:00111:00000:00000:00000:00000:00000:00000:00000:00000:00013:00004" artCategory="Ministério da Educação/Universidade Federal do Rio de Janeiro" artSize="12" artNotes="" numberPage="79" pdfPage="http://pesquisa.in.gov.br/imprensa/jsp/visualiza/index.jsp?data=30/08/2022&amp;jornal=529&amp;pagina=79" editionNumber="165" highlightType="" highlightPriority="" highlight="" highlightimage="" highlightimagename="" idMateria="19841534">
  <body>
    <Identifica><![CDATA[ DESPACHO de 24 de agosto de 2022]]></Identifica>
    <Data><![CDATA[]]></Data>
    <Ementa />
    <Titulo />
    <SubTitulo />
    <Texto><![CDATA[<p class="identifica">DESPACHO de 24 de agosto de 2022</p><p>A Reitora da Universidade Federal do Rio de Janeiro, no uso da competência que lhe foi subdelegada pela Portaria nº 404/MEC de 23 de abril de 2009, resolve autorizar o afastamento do país do(s) seguinte(s)servidor(es):</p><p>EDGARDO BRIGATTI , Matrícula SIAPE nº 1774712, ocupante do cargo de Professor do Magistério Superior, lotado(a) no(a) Instituto de Física, no período de 05/09/2022 a 11/08/2023, p a r a realizar colaboração científica/projeto de pesquisa, junto à Universitá degli Studi di Padova, em Pádua, Itália- com ônus limitado. (Processo 23079.231083/2022-92).</p><p>MARIA CRISTINA FRANCO FERRAZ , Matrícula SIAPE nº 1060847, ocupante do cargo de Professora do Magistério Superior, lotado(a) no(a) Escola de Comunicação, no período de 22/10/2022 a 29/10/2022, para participar do Congreso Internacional Figuraciones Interartes - Fusiones Intermediales, junto à Universidad Nacional de las Artes, em Buenos Aires, Argentina - com ônus limitado. (Processo 23079.235688/2022-52).</p><p>ROSE MARIE SANTINI DE OLIVEIRA , Matrícula SIAPE nº 1888557, ocupante do cargo de Professora do Magistério Superior, lotado(a) no(a) Escola de Comunicação, no período de 19/09/2022 a 24/09/2022, para participar da 8th Conference of the International Journal of Press/Politics, junto à Loughborough University, em Loughborough, Inglaterra - com ônus limitado. (Processo 23079.234046/2022-36).</p><p class="assina">DENISE PIRES DE CARVALHO</p>]]></Texto>
  </body>
  <Midias />
</article></xml>