﻿<xml><article id="27731981" name="P 755 P 30.08" idOficio="9056327" pubName="DO2" artType="Portaria" pubDate="30/08/2022" artClass="00018:00153:00004:00000:00000:00000:00000:00000:00000:00000:00017:00001" artCategory="Ministério da Educação/Universidade Federal do Estado do Rio de Janeiro" artSize="12" artNotes="" numberPage="94" pdfPage="http://pesquisa.in.gov.br/imprensa/jsp/visualiza/index.jsp?data=30/08/2022&amp;jornal=529&amp;pagina=94" editionNumber="165" highlightType="" highlightPriority="" highlight="" highlightimage="" highlightimagename="" idMateria="19838557">
  <body>
    <Identifica><![CDATA[ PORTARIA Nº 755, DE 23 de AGOSTO DE 2022]]></Identifica>
    <Data><![CDATA[]]></Data>
    <Ementa />
    <Titulo />
    <SubTitulo />
    <Texto><![CDATA[<p class="identifica">PORTARIA Nº 755, DE 23 de AGOSTO DE 2022</p><p>A Pró-Reitora de Gestão de Pessoas da Universidade Federal do Estado do Rio de Janeiro - UNIRIO, designada pela Portaria GR nº 223, de 19 de maio de 2022, usando da competência que lhe foi delegada pela Portaria GR nº 276, de 15 de abril de 2016, tendo em vista o disposto na legislação vigente e, de acordo com os termos do Processo nº 23102.002668/2022-62, resolve:</p><p>Art. 1° Conceder aposentadoria voluntária com proventos integrais a SANDRA MARIA DA SILVA LIMA, matrícula SIAPE nº 397474, ocupante do cargo de Auxiliar de Enfermagem, Nível de Classificação C, Nível de Capacitação IV, Padrão de Vencimento 16, do Quadro de Pessoal da Universidade Federal do Estado do Rio de Janeiro, com fundamento no artigo 3º da Emenda Constitucional nº 47, de 05 de julho de 2005, publicada no Diário Oficial da União de 06 de julho de 2005 e assegurada pelo artigo 3º da Emenda Constitucional nº 103, de 12 de novembro de 2019, publicada no Diário Oficial da União de 13 de novembro de 2019.</p><p>Art. 2º Esta Portaria entra em vigor a partir de sua publicação no Diário Oficial da União.</p><p class="assina">Luana Azevedo de Aquino</p>]]></Texto>
  </body>
  <Midias />
</article></xml>