﻿<xml><article id="27741094" name="2022-08-25 FSMS CG Boston Siafi" idOficio="9058626" pubName="DO2" artType="Portaria" pubDate="30/08/2022" artClass="00025:00035:00000:00000:00000:00000:00000:00000:00000:00000:00017:00000" artCategory="Ministério das Relações Exteriores/Consulado-Geral do Brasil em Boston" artSize="12" artNotes="" numberPage="111" pdfPage="http://pesquisa.in.gov.br/imprensa/jsp/visualiza/index.jsp?data=30/08/2022&amp;jornal=529&amp;pagina=111" editionNumber="165" highlightType="" highlightPriority="" highlight="" highlightimage="" highlightimagename="" idMateria="19841671">
  <body>
    <Identifica><![CDATA[ PORTARIA DE 19 DE AGOSTO DE 2022]]></Identifica>
    <Data><![CDATA[]]></Data>
    <Ementa />
    <Titulo />
    <SubTitulo />
    <Texto><![CDATA[<p class="identifica">PORTARIA DE 19 DE AGOSTO DE 2022</p><p>O CÔNSUL-GERAL DO BRASIL EM BOSTON, no uso de suas atribuições previstas nos termos do disposto no artigo 7º da Instrução Normativa nº 84, de 22 de abril de 2020, do Tribunal de Contas da União (TCU), no que se refere à composição do Rol de Responsáveis do Posto, Unidade Gestora 240053 no Sistema Integrado de Administração Financeira do Governo Federal (SIAFI), resolve:</p><p>Confirmar BENEDICTO FONSECA FILHO, ministro de primeira classe do quadro de pessoal do Ministério das Relações Exteriores, CPF 239.968.891-00, como Ordenador de Despesas, Titular.</p><p>Confirmar ROBERTO GABRIEL MEDEIROS, ministro de segunda classe do quadro de pessoal do Ministério das Relações Exteriores, CPF 236.723.662-34, como Ordenador de Despesas por Delegação de Competência, Titular.</p><p>Designar HUGO DE OLIVEIRA LOPES BARBOSA, primeiro-secretário do quadro de pessoal do Ministério das Relações Exteriores, CPF 998.475.151-15, como Ordenador de Despesas, Substituto.</p><p>Confirmar FLÁVIO AUGUSTO ESTEVES, primeiro-secretário do quadro de pessoal do Ministério das Relações Exteriores, CPF 165.720.608-45, como responsável pelos Atos de Gestão Orçamentária e Financeira, Titular.</p><p>Confirmar VILMA MARQUES SILVA, assistente de chancelaria do quadro de pessoal do Ministério das Relações Exteriores, CPF 434.481.947-00, como responsável pelos Atos de Gestão Orçamentária e Financeira, Substituta.</p><p>Confirmar ALICE BORNHOFEN, oficial de chancelaria do quadro de pessoal do Ministério das Relações Exteriores, CPF 997.177.007-53, como responsável pela Conformidade Diária de Gestão, Titular.</p><p>Confirmar LUCILA MARIA RODRIGUES ESTEVES, oficial de chancelaria do quadro de pessoal do Ministério das Relações Exteriores, CPF 376.773.141-04, como responsável pela Conformidade Diária de Gestão, Substituta.</p><p>Confirmar HENRIQUE DE SOUSA MONTEIRO, artífice do quadro de pessoal do Ministério das Relações Exteriores, CPF 238.617.971-00, como responsável pela Arrecadação de Receitas, Titular.</p><p>Confirmar VALÉRIA CRISTINA RIGUEIRA, oficial de chancelaria do quadro de pessoal do Ministério das Relações Exteriores, CPF 296.759.877-15, como responsável pela Arrecadação de Receitas, Substituta.</p><p>Confirmar JANETE BRAZILIANA RIBEIRO, assistente de chancelaria do quadro de pessoal do Ministério das Relações Exteriores, CPF 225.446.401-97, como Responsável pela Gestão do Patrimônio e Bens Móveis, Titular.</p><p>Confirmar LEUDE MARIA DA SILVA BEZERRA, auxiliar de enfermagem do quadro de pessoal do Ministério das Relações Exteriores, CPF 118.861.451-72, como Responsável pela Gestão do Patrimônio e Bens Móveis, Substituta.</p><p class="assina">BENEDICTO FONSECA FILHO</p>]]></Texto>
  </body>
  <Midias />
</article></xml>