﻿<xml><article id="27741535" name="E Zagreb SECOM 29 08 22__XJMOJ7" idOficio="9058691" pubName="DO2" artType="Portaria" pubDate="30/08/2022" artClass="00025:00242:00000:00000:00000:00000:00000:00000:00000:00000:00017:00000" artCategory="Ministério das Relações Exteriores/Embaixada do Brasil em Zagreb" artSize="12" artNotes="" numberPage="111" pdfPage="http://pesquisa.in.gov.br/imprensa/jsp/visualiza/index.jsp?data=30/08/2022&amp;jornal=529&amp;pagina=111" editionNumber="165" highlightType="" highlightPriority="" highlight="" highlightimage="" highlightimagename="" idMateria="19841779">
  <body>
    <Identifica><![CDATA[ PORTARIA DE 26 DE AGOSTO DE 2022]]></Identifica>
    <Data><![CDATA[]]></Data>
    <Ementa />
    <Titulo />
    <SubTitulo />
    <Texto><![CDATA[<p class="identifica">PORTARIA DE 26 DE AGOSTO DE 2022</p><p>O EMBAIXADOR DO BRASIL EM ZAGREB, no uso de suas atribuições e nos termos do art. 75 do Anexo I ao Decreto nº 11.024, de 31 de março de 2022, resolve:</p><p>Designar, até o término de sua missão no posto, CAIO FLÁVIO DE NORONHA E RAIMUNDO, conselheiro, comissionado, da carreira de diplomata do Ministério das Relações Exteriores, para exercer a função de chefe do Setor de Promoção Comercial (SECOM) nesta missão diplomática, a partir da data de publicação desta Portaria.</p><p class="assina">MAURO LUIZ IECKER VIEIRA</p>]]></Texto>
  </body>
  <Midias />
</article></xml>