﻿<xml><article id="27743218" name="ATO GP 528_2022_A CONTAR DE 29-8" idOficio="9058951" pubName="DO2" artType="Ato" pubDate="30/08/2022" artClass="00047:00005:00001:00000:00000:00000:00000:00000:00000:00000:00001:00000" artCategory="Poder Judiciário/Tribunal Superior do Trabalho/Presidência" artSize="12" artNotes="" numberPage="138" pdfPage="http://pesquisa.in.gov.br/imprensa/jsp/visualiza/index.jsp?data=30/08/2022&amp;jornal=529&amp;pagina=138" editionNumber="165" highlightType="" highlightPriority="" highlight="" highlightimage="" highlightimagename="" idMateria="19842185">
  <body>
    <Identifica><![CDATA[ ATO Nº 528, DE 26 DE AGOSTO DE 2022]]></Identifica>
    <Data><![CDATA[]]></Data>
    <Ementa />
    <Titulo />
    <SubTitulo />
    <Texto><![CDATA[<p class="identifica">ATO Nº 528, DE 26 DE AGOSTO DE 2022</p><p>O PRESIDENTE DO TRIBUNAL SUPERIOR DO TRABALHO, no uso de suas atribuições legais e regimentais, resolve:</p><p>1 - Exonerar o servidor JOSE VALMIR SANTOS FILHO, código 39847, Analista Judiciário, Área Administrativa, do cargo em comissão de Coordenador Administrativo da Escola Nacional de Formação e Aperfeiçoamento de Magistrados do Trabalho, Nível CJ-2.</p><p>2 - Nomear o servidor RODOLPHO CAITANO DA SILVA BANDEIRA, código 58584, Técnico Judiciário, Área Administrativa, para exercer o cargo em comissão de Coordenador Administrativo da Escola Nacional de Formação e Aperfeiçoamento de Magistrados do Trabalho, Nível CJ-2.</p><p>3 - Dispensar o servidor RODOLPHO CAITANO DA SILVA BANDEIRA, código 58584, Técnico Judiciário, Área Administrativa, do encargo de substituto legal e eventual do titular do cargo em comissão de Coordenador Administrativo da Escola Nacional de Formação e Aperfeiçoamento de Magistrados do Trabalho, Nível CJ-2.</p><p class="assina">Min. EMMANOEL PEREIRA</p>]]></Texto>
  </body>
  <Midias />
</article></xml>