﻿<xml><article id="27739792" name="VC - E PretAria Maria - 26ago202" idOficio="9058346" pubName="DO2" artType="Portaria" pubDate="30/08/2022" artClass="00025:00205:00000:00000:00000:00000:00000:00000:00000:00000:00017:00000" artCategory="Ministério das Relações Exteriores/Embaixada do Brasil em Pretória" artSize="12" artNotes="" numberPage="111" pdfPage="http://pesquisa.in.gov.br/imprensa/jsp/visualiza/index.jsp?data=30/08/2022&amp;jornal=529&amp;pagina=111" editionNumber="165" highlightType="" highlightPriority="" highlight="" highlightimage="" highlightimagename="" idMateria="19841334">
  <body>
    <Identifica><![CDATA[ PORTARIA DE 25 DE AGOSTO DE 2022]]></Identifica>
    <Data><![CDATA[]]></Data>
    <Ementa />
    <Titulo />
    <SubTitulo />
    <Texto><![CDATA[<p class="identifica">PORTARIA DE 25 DE AGOSTO DE 2022</p><p>O ENCARREGADO DE NEGÓCIOS, A.I., DO BRASIL EM PRETÓRIA, no uso de suas atribuições e nos termos da Portaria nº 457, de 2 de agosto de 2010, resolve:</p><p>Designar, até o término de sua missão no posto, MARIA NAZARETH SELEME ANTONELLO MEDEIROS ALBUQUERQUE, oficial de chancelaria, classe C, padrão III, Siape nº 1508249, do Ministério das Relações Exteriores, para exercer a função de vice-cônsul nesta missão diplomática, a partir da data de publicação desta Portaria.</p><p class="assina">JOÃO MARCELO QUEIROZ SOARE</p>]]></Texto>
  </body>
  <Midias />
</article></xml>