﻿<xml><article id="27735638" name="Portaria_de_Pessoal_2246588" idOficio="9057468" pubName="DO2" artType="Portaria" pubDate="30/08/2022" artClass="00018:00111:00017:00000:00000:00000:00000:00000:00000:00000:00017:00003" artCategory="Ministério da Educação/Universidade Federal do Rio de Janeiro/Pró-Reitoria de Pessoal" artSize="12" artNotes="7681" numberPage="79" pdfPage="http://pesquisa.in.gov.br/imprensa/jsp/visualiza/index.jsp?data=30/08/2022&amp;jornal=529&amp;pagina=79" editionNumber="165" highlightType="" highlightPriority="" highlight="" highlightimage="" highlightimagename="" idMateria="19840170">
  <body>
    <Identifica><![CDATA[ PORTARIA Nº 7.681, DE 22 DE AGOSTO DE 2022]]></Identifica>
    <Data><![CDATA[]]></Data>
    <Ementa />
    <Titulo />
    <SubTitulo />
    <Texto><![CDATA[<p class="identifica">PORTARIA Nº 7.681, DE 22 DE AGOSTO DE 2022</p><p>O Pró-Reitor de Pessoal da Universidade Federal do Rio de Janeiro, no uso da competência delegada pela Portaria nº 10.120, de 16 de dezembro de 2021, publicada no Diário Oficial da União nº 237 de 17 de dezembro de 2021 e considerando o disposto no Processo n° 23079.232667/2022-85, resolve:</p><p>Conceder pensão vitalícia a MARIA HELENA DE OLVEIRA BERTOLA, cônjuge do ex - servidor ZENON DE OLIVEIRA, matrícula SIAPE nº 0374517, cargo PROFESSOR 3 GRAU, Classe 6, Nível 3, com fundamento no art. 23 da Emenda Constitucional 103/2019; na Emenda Constitucional nº 41/2003, c/c o art. 2º, inciso I, da Lei nº 10.887/2004, art. 217, inciso I e art. 222, VII, alínea "b", item 6 da Lei nº 8.112/1990, conforme redação conferida pela Lei nº 13.135/2015 e pela Portaria ME Nº 424, de 29 de dezembro de 2020, observado também o art. 3º, §1º da EC 103/2019, a partir de 16/06/2022, data do óbito do Instituidor , com fundamento no art. 219, inciso I da Lei 8112/1990.</p><p class="assina">ALEXANDRE BRASIL CARVALHO DA FONSECA</p>]]></Texto>
  </body>
  <Midias />
</article></xml>