﻿<xml><article id="27740736" name="PORT1409-DPMM(2)" idOficio="9058552" pubName="DO2" artType="Portaria" pubDate="30/08/2022" artClass="00013:00012:00027:00008:00000:00000:00000:00000:00000:00000:00017:00001" artCategory="Ministério da Defesa/Comando da Marinha/Diretoria-Geral do Pessoal/Diretoria do Pessoal Militar" artSize="12" artNotes="" numberPage="26" pdfPage="http://pesquisa.in.gov.br/imprensa/jsp/visualiza/index.jsp?data=30/08/2022&amp;jornal=529&amp;pagina=26" editionNumber="165" highlightType="" highlightPriority="" highlight="" highlightimage="" highlightimagename="" idMateria="19841581">
  <body>
    <Identifica><![CDATA[ PORTARIA Nº 1.409/DPMM, DE 25 DE AGOSTO DE 2022]]></Identifica>
    <Data><![CDATA[]]></Data>
    <Ementa />
    <Titulo />
    <SubTitulo />
    <Texto><![CDATA[<p class="identifica">PORTARIA Nº 1.409/DPMM, DE 25 DE AGOSTO DE 2022</p><p>O DIRETOR DO PESSOAL MILITAR DA MARINHA, no uso da subdelegação de competência que lhe confere o contido na alínea w, do inciso V, do art. 1 <sup>o</sup> , do anexo B, da Portaria n <sup>o</sup> 35/2022, da DGPM, e de acordo com o disposto no inciso II do art. 106, inciso V do art. 108, e alínea b do § 2 <sup>o</sup> e § 1 <sup>o</sup> , do art. 110, todos da Lei n <sup>o</sup> 6.880/1980, e com o inciso 8.2.5, do Manual Técnico de Produção de Documentos da MB (MaTDoc), em cumprimento ao acórdão proferido pela 5 <sup>a</sup> Turma Especializada do Tribunal Regional Federal da 2 <sup>a</sup> Região, nos autos do Processo n <sup>o</sup> 0128242-80.2015.4.02.5101, transitado em julgado, resolve:</p><p>Art. 1 <sup>o</sup> Alterar, por força de decisão judicial, os termos da Portaria n <sup>o</sup> 1409/2020, desta Diretoria, publicada no Boletim n <sup>o</sup> 18/2020 - Tomo II, p/283, atinente ao 1°SG-Ref°-EF 87.2981.39 RONAN ALEX DE ALCANTARA, para, nos termos do presente ato, considerá-lo reformado na graduação que ocupava quando na ativa, com proventos calculados com base no soldo de Segundo-Tenente, a contar de 15 de abril de 2009.</p><p>Art. 2 <sup>o</sup> Conceder ao autor, por força de decisão judicial, a partir de 15 de abril de 2009, isenção do pagamento do imposto de renda, conforme o inciso XIV do art. 6 <sup>o</sup> da Lei n <sup>o</sup> 7.713/1988, alterada pela Lei n <sup>o</sup> 11.052/2004.</p><p>Art. 3 <sup>o</sup> Os atrasados devidos ao autor, bem como os demais direitos pecuniários decorrentes da decisão judicial serão pagos por precatório, na forma do contido no art. 100 da Constituição da República Federativa do Brasil, respeitada a prescrição quinquenal.</p><p>Art. 4 <sup>o</sup> Esta Portaria entra em vigor na presente data.</p><p class="assina">V Alte HENRIQUE RENATO BAPTISTA DE SOUZA</p>]]></Texto>
  </body>
  <Midias />
</article></xml>