﻿<xml><article id="27735148" name="PORT 1164 1166 1167 1168 1169 11" idOficio="9057321" pubName="DO2" artType="Portaria" pubDate="30/08/2022" artClass="00018:00051:00065:00000:00000:00000:00000:00000:00000:00000:00017:00000" artCategory="Ministério da Educação/Instituto Federal de Educação, Ciência e Tecnologia do Ceará/Reitoria" artSize="12" artNotes="" numberPage="52" pdfPage="http://pesquisa.in.gov.br/imprensa/jsp/visualiza/index.jsp?data=30/08/2022&amp;jornal=529&amp;pagina=52" editionNumber="165" highlightType="" highlightPriority="" highlight="" highlightimage="" highlightimagename="" idMateria="19840003">
  <body>
    <Identifica><![CDATA[PORTARIA Nº 1.164/GABR/REITORIA, DE 25 DE AGOSTO DE 2022]]></Identifica>
    <Data><![CDATA[]]></Data>
    <Ementa />
    <Titulo />
    <SubTitulo />
    <Texto><![CDATA[<p class="identifica">PORTARIA Nº 1.164/GABR/REITORIA, DE 25 DE AGOSTO DE 2022</p><p>O REITOR DO INSTITUTO FEDERAL DE EDUCAÇÃO, CIÊNCIA E TECNOLOGIA DO CEARÁ, nomeado pelo Decreto Presidencial de 1º de fevereiro de 2021, publicado no Diário Oficial da União em 02 de fevereiro de 2021, no uso de suas atribuições legais e regimentais, e tendo em vista o constante nos autos do Processo nº 23493.001636/2022-93, resolve:</p><p>Art. 1º Exonerar JOÃO ALFREDO RAMOS BEZERRA, Professor do Ensino Básico, Técnico e Tecnológico, Matrícula Siape nº 2273659, do cargo de direção, como titular do Departamento de Ensino do campus Umirim, Código CD-04, para a qual fora designado mediante a Portaria nº 338/GABR, de 08 de março de 2021 (DOU de 10/03/2021, seção 2, página 24).</p><p>Art. 2º Nomear ANA PAULA AQUINO BENIGNO, Professora do Ensino Básico, Técnico e Tecnológico, Matrícula Siape nº 1785174, pertencente ao Quadro Permanente deste Instituto, para exercer o cargo de direção, como titular do Departamento de Ensino do campus Umirim, Código CD-04.</p><p>Art. 3º Esta Portaria entra em vigor na data de sua publicação no Diário Oficial da União.</p><p class="assina">JOSÉ WALLY MENDONÇA MENEZES</p><p class="identifica">PORTARIA Nº 1.166, DE 25 DE AGOSTO DE 2022</p><p>O REITOR DO INSTITUTO FEDERAL DE EDUCAÇÃO, CIÊNCIA E TECNOLOGIA DO CEARÁ, nomeado pelo Decreto Presidencial de 1º de fevereiro de 2021, publicado no Diário Oficial da União em 02 de fevereiro de 2021, no uso de suas atribuições legais e regimentais, tendo em vista o constante nos autos do Processo nº 23293.001246/2022-70, resolve:</p><p>Art. 1º Dispensar, a pedido, a partir de 29/08/2022, o servidor RENIER FELINTO JULIÃO DA ROCHA, Professor do Ensino Básico, Técnico e Tecnológico, Matrícula Siape nº 1049374, pertencente ao quadro permanente deste Instituto, da função comissionada de curso, como titular da Coordenadoria do Curso Técnico Subsequente em Alimentos do campus, código FCC, subordinada à Diretoria de Ensino do IFCE campus Crateús, para a qual fora designado mediante a Portaria nº 65/DG, de 17 de maio de 2019(DOU em 22/05/2019, Edição: 97, Seção: 2, Pág.22).</p><p>Art. 2º Designar, a partir de 29/08/2022, LUCIANA CRISTINA NOGUEIRA DE MORAES BEZERRA, Professora do Ensino Básico, Técnico e Tecnológico, Matrícula Siape nº 2408264, pertencente ao quadro permanente deste Instituto, como titular da Coordenadoria do Curso Técnico Subsequente em Alimentos do campus Crateús, código FCC.</p><p class="assina">JOSÉ WALLY MENDONÇA MENEZES</p><p class="identifica">PORTARIA Nº 1.167, DE 25 DE AGOSTO DE 2022</p><p>O REITOR DO INSTITUTO FEDERAL DE EDUCAÇÃO, CIÊNCIA E TECNOLOGIA DO CEARÁ, nomeado pelo Decreto Presidencial de 1º de fevereiro de 2021, publicado no Diário Oficial da União em 02 de fevereiro de 2021, no uso de suas atribuições legais e regimentais, tendo em vista o constante nos autos do Processo nº 23491.002472/2022-31, resolve:</p><p>Art. 1º Dispensar o servidor JOSÉ ALVES DE MACEDO NETO, Administrador, Matrícula Siape nº 2963576, integrante do quadro permanente deste Instituto, da função gratificada, como titular da Coordenadoria de Infraestrutura/campus Tianguá, Código FG-01, para a qual fora designado pela Portaria nº 4/DG, de 31 de janeiro de 2019(DOU em 01/02/2019, Edição: 23, Seção: 2, Página: 99).</p><p>Art. 2º Designar BRUNO NOGUEIRA RIOS, Assistente em Administração, Matrícula Siape nº 2279748, integrante do Quadro Permanente deste Instituto, para exercer a função gratificada, como titular da Coordenadoria de Infraestrutura/campus Tianguá, Código FG-01.</p><p>Art. 3º Estabelecer que a presente Portaria entrará em vigor na data de sua publicação no Diário Oficial da União.</p><p class="assina">JOSÉ WALLY MENDONÇA MENEZES</p><p class="identifica">PORTARIA Nº 1.168, DE 25 DE AGOSTO DE 2022</p><p>O REITOR DO INSTITUTO FEDERAL DE EDUCAÇÃO, CIÊNCIA E TECNOLOGIA DO CEARÁ, nomeado pelo Decreto Presidencial de 1º de fevereiro de 2021, publicado no Diário Oficial da União em 02 de fevereiro de 2021, no uso de suas atribuições legais e regimentais, tendo em vista o constante nos autos do Processo nº 23491.002472/2022-31, resolve:</p><p>Art. 1º Dispensar o servidor BRUNO NOGUEIRA RIOS, Assistente em Administração, Matrícula Siape nº 2279748, integrante do Quadro Permanente deste Instituto, da função gratificada, como titular da Coordenadoria de Aquisições e Contratações do campus Tianguá, Código FG-02. para a qual fora designado pela Portaria nº 861/GABR/REITORIA, de 13 de agosto de 2020(DOU de 14/08/2020, seção 2, página 23).</p><p>Art. 2º Designar JOSÉ ALVES DE MACEDO NETO, Administrador, Matrícula Siape nº 2963576, integrante do Quadro Permanente deste Instituto, para exercer a função gratificada, como titular da Coordenadoria de Aquisições e Contratações do campus Tianguá, Código FG-02.</p><p>Art. 3º Estabelecer que a presente Portaria entrará em vigor na data de sua publicação no Diário Oficial da União.</p><p class="assina">JOSÉ WALLY MENDONÇA MENEZES</p><p class="identifica">PORTARIA Nº 1.169, DE 25 DE AGOSTO DE 2022</p><p>O REITOR DO INSTITUTO FEDERAL DE EDUCAÇÃO, CIÊNCIA E TECNOLOGIA DO CEARÁ, no uso de suas atribuições legais e estatutárias, considerando o disposto no Decreto nº 7.311, publicado no Diário Oficial da União em 23/09/2010, resolve:</p><p>Artigo único - Tornar sem efeito, por não tomar posse no prazo legal, conforme art. 13, § 6º da Lei nº 8.112/1990, a nomeação dos candidatos abaixo relacionados, ocorrida mediante a Portaria nº 842, de 30 de junho de 2022, publicada no Diário Oficial da União de 1 de julho de 2022, seção 2, página 61:</p><p /><p></p><table><tr /><tr><td rowspan="1" colspan="1"><p>CARGO</p></td><td rowspan="1" colspan="1"><p>CLASSE</p></td><td rowspan="1" colspan="1"><p>NOME</p></td><td rowspan="1" colspan="1"><p><em>CAMPUS</em></p></td><td rowspan="1" colspan="1"><p>CÓD. VAGA</p></td><td rowspan="1" colspan="1"><p>ORIGEM LEGAL</p></td></tr><tr><td rowspan="1" colspan="1"><p>ASSISTENTE EM ADMINISTRAÇÃO</p></td><td rowspan="1" colspan="1"><p>D</p></td><td rowspan="1" colspan="1"><p>Marcos Tomé dos Santos</p></td><td rowspan="1" colspan="1"><p>Acaraú</p></td><td rowspan="1" colspan="1"><p>964761</p></td><td rowspan="1" colspan="1"><p>Posse em outro cargo inacumulável de ALDO PASCOAL DE OLIVEIRA NETO (DOU 14/10/2021)</p></td></tr><tr><td rowspan="1" colspan="1"><p>ASSISTENTE EM ADMINISTRAÇÃO</p></td><td rowspan="1" colspan="1"><p>D</p></td><td rowspan="1" colspan="1"><p>Ana Barbara Cruz Silva</p></td><td rowspan="1" colspan="1"><p>Boa Viagem</p></td><td rowspan="1" colspan="1"><p>207639</p></td><td rowspan="1" colspan="1"><p>Aposentadoria de MARIA GUARACIARA</p><p>TAGUARACI GOMES DOS REIS (DOU 10/05/2021)</p></td></tr><tr><td rowspan="1" colspan="1"><p>ASSISTENTE EM ADMINISTRAÇÃO</p></td><td rowspan="1" colspan="1"><p>D</p></td><td rowspan="1" colspan="1"><p>Naiara Marques Bezerra</p></td><td rowspan="1" colspan="1"><p>-</p></td><td rowspan="1" colspan="1"><p>-</p></td><td rowspan="1" colspan="1"><p>-</p></td></tr><tr><td rowspan="1" colspan="1"><p>ASSISTENTE EM ADMINISTRAÇÃO</p></td><td rowspan="1" colspan="1"><p>D</p></td><td rowspan="1" colspan="1"><p>Walter Cleyton Vieira Gomes</p></td><td rowspan="1" colspan="1"><p>-</p></td><td rowspan="1" colspan="1"><p>-</p></td><td rowspan="1" colspan="1"><p>-</p></td></tr><tr><td rowspan="1" colspan="1"><p>MÉDICO-ÁREA</p></td><td rowspan="1" colspan="1"><p>E</p></td><td rowspan="1" colspan="1"><p>Henrique Cisne Tomaz</p></td><td rowspan="1" colspan="1"><p>Sobral</p></td><td rowspan="1" colspan="1"><p>347667</p></td><td rowspan="1" colspan="1"><p>Exoneração de SIDON OLIVEIRA CARDOSO (DOU 06/05/2020)</p></td></tr><tr><td rowspan="1" colspan="1"><p>TÉCNICO DE TECNOLOGIA DA INFORMAÇÃO</p></td><td rowspan="1" colspan="1"><p>D</p></td><td rowspan="1" colspan="1"><p>Thiago Fernandes Barroso</p></td><td rowspan="1" colspan="1"><p>Jaguaruana</p></td><td rowspan="1" colspan="1"><p>968284</p></td><td rowspan="1" colspan="1"><p>Exoneração de GLAUBER FERREIRA DE CASTRO (DOU 14/08/2019)</p></td></tr><tr><td rowspan="1" colspan="1"><p>TÉCNICO EM CONTABILIDADE</p></td><td rowspan="1" colspan="1"><p>D</p></td><td rowspan="1" colspan="1"><p>Renato Santos da Silva</p></td><td rowspan="1" colspan="1"><p>Camocim</p></td><td rowspan="1" colspan="1"><p>224505</p></td><td rowspan="1" colspan="1"><p>Aposentadoria de JAIRO DEMONTIEZ CASSIANO (DOU 14/01/2020)</p></td></tr><tr><td rowspan="1" colspan="1"><p>TÉCNICO EM ENFERMAGEM</p></td><td rowspan="1" colspan="1"><p>D</p></td><td rowspan="1" colspan="1"><p>Jessica Camila da Silva</p></td><td rowspan="1" colspan="1"><p>Tianguá</p></td><td rowspan="1" colspan="1"><p>970726</p></td><td rowspan="1" colspan="1"><p>Exoneração de MOACIRA LOPES CARVALHO (DOU 16/02/2022)</p></td></tr><tr><td rowspan="1" colspan="1"><p>TÉCNICO EM ENFERMAGEM</p></td><td rowspan="1" colspan="1"><p>D</p></td><td rowspan="1" colspan="1"><p>Francisca Marilia de Sousa Paula</p></td><td rowspan="1" colspan="1"><p>Umirim</p></td><td rowspan="1" colspan="1"><p>224949</p></td><td rowspan="1" colspan="1"><p>Aposentadoria de SHEYLA MARIA DE CASTRO E SILVA VIDAL (DOU 01/11/2017)</p></td></tr></table><p class="identifica">PORTARIA Nº 1.170, DE 25 DE AGOSTO DE 2022</p><p>O REITOR DO INSTITUTO FEDERAL DE EDUCAÇÃO, CIÊNCIA E TECNOLOGIA DO CEARÁ, nomeado pelo Decreto Presidencial, de 01 de fevereiro de 2021, publicado no Diário Oficial da União em 02 de fevereiro de 2021, no uso de suas atribuições legais e regimentais, tendo em vista o constante nos autos do Processo nº 23257.001702/2022-18, resolve:</p><p>Art. 1º Dispensar, a pedido, a partir de 01/09/2022, o servidor LEONARDO TABOSA ALBUQUERQUE, Professor do Ensino Básico, Técnico e Tecnológico, Matrícula Siape nº 1187128, integrante do quadro permanente deste Instituto, da função comissionada, como titular da Coordenadoria do Curso Técnico em Eletrotécnica do campus de Sobral, Código FCC, para a qual fora designado mediante a Portaria nº 1007/GABR/REITORIA, de 30 de setembro de 2020 (DOU de 01/10/2020, seção 2, página 28).</p><p>Art. 2º Designar, a partir de 01/09/2022, ANDERSON PAULINO PONTES, Professor do Ensino Básico, Técnico e Tecnológico, Matrícula SIAPE nº 2408899, integrante do quadro permanente deste Instituto, para exercer a função comissionada, como titular da Coordenadoria do Curso Técnico em Eletrotécnica do campus de Sobral, Código FCC.</p><p class="assina">JOSÉ WALLY MENDONÇA MENEZES</p><p class="identifica">PORTARIA Nº 1.171, DE 26 DE AGOSTO DE 2022</p><p>O REITOR DO INSTITUTO FEDERAL DE EDUCAÇÃO, CIÊNCIA E TECNOLOGIA DO CEARÁ, nomeado pelo Decreto Presidencial de 1º de fevereiro de 2021, publicado no Diário Oficial da União em 02 de fevereiro de 2021, no uso de suas atribuições legais e regimentais, e tendo em vista o constante nos autos do Processo nº 23257.001678/2022-17, resolve:</p><p>Art. 1º Dispensar FRANCILINO CARNEIRO DE ARAÚJO, Professor do Ensino Básico, Técnico e Tecnológico, Matrícula SIAPE nº 1759320, integrante do Quadro Permanente do IFCE, do exercício da Função Comissionada, como titular da Coordenadoria do Curso Tecnológico em Mecatrônica Industrial do campus Sobral, Código FCC, para a qual fora designado mediante Portaria nº 227/GABR/REITORIA, de 03 de março de 2020 (DOU de 17/03/2020).</p><p>Art. 2º Designar LEONARDO TABOSA ALBUQUERQUE, Professor do Ensino Básico, Técnico e Tecnológico, Matrícula SIAPE nº 1187128, integrante do Quadro Permanente do IFCE, para exercer a Função Comissionada, como titular da Coordenadoria do Curso Tecnológico em Mecatrônica Industrial do campus Sobral, Código FCC.</p><p>Art. 3º Esta Portaria entra em vigor na data de sua publicação no Diário Oficial da União.</p><p class="assina">JOSÉ WALLY MENDONÇA MENEZES</p>]]></Texto>
  </body>
  <Midias />
</article></xml>