﻿<xml><article id="27736985" name="Imprensa Mapa - 23.08.22 (2)" idOficio="9057769" pubName="DO2" artType="Despacho" pubDate="30/08/2022" artClass="00007:00003:00000:00000:00000:00000:00000:00000:00000:00000:00017:00017" artCategory="Ministério da Agricultura, Pecuária e Abastecimento/Secretaria Executiva" artSize="12" artNotes="" numberPage="5" pdfPage="http://pesquisa.in.gov.br/imprensa/jsp/visualiza/index.jsp?data=30/08/2022&amp;jornal=529&amp;pagina=5" editionNumber="165" highlightType="" highlightPriority="" highlight="" highlightimage="" highlightimagename="" idMateria="19840578">
  <body>
    <Identifica><![CDATA[ DESPACHOS DO SECRETÁRIO-EXECUTIVO de 23 de agosto de 2022]]></Identifica>
    <Data><![CDATA[]]></Data>
    <Ementa />
    <Titulo />
    <SubTitulo />
    <Texto><![CDATA[<p></p><p class="identifica">DESPACHOS DO SECRETÁRIO-EXECUTIVO de 23 de agosto de 2022</p><p>O SECRETÁRIO-EXECUTIVO DO MINISTÉRIO DA AGRICULTURA, PECUÁRIA E ABASTECIMENTO, no uso da atribuição que lhe foi delegada pela Portaria MAPA nº 185, de 11 de setembro de 2019, e no âmbito do Decreto n° 1.387/1995:</p><p>Autoriza CLEBER OLIVEIRA SOARES, Secretário Adjunto de Inovação, Desenvolvimento Sustentável e Irrigação, cedido pela Embrapa, à disposição deste Ministério, lotado na Secretaria de Inovação, Desenvolvimento Sustentável e Irrigação - SDI, a afastar-se do País, na forma do disposto no Art. 1°, inciso IV, com o objetivo de participar no evento Agritalk - "Brazil and Portugal in the sustainable economy", em Paris, República Francesa, no período de 06 a 10.09.2022, com ônus para OPERASDI. (Processo n° 21000.081533/2022-78)</p><p>Autoriza ALINE VOSGRAU FAGUNDES, do Quadro Permanente deste Ministério, lotada na Secretaria de Comércio e Relações Internacionais - SCRI, a afastar-se do País, na forma do disposto no Art. 1°, inciso IV, com o objetivo de participar na Feira Internacional Expoalimentaria 2022, em Lima, República do Peru, no período de 18 a 24.09.2022, com ônus para SCRI/PI:Missão. (Processo n° 21000.079880/2022-31)</p><p class="assina">MÁRCIO ELI ALMEIDA LEANDRO</p>]]></Texto>
  </body>
  <Midias />
</article></xml>