﻿<xml><article id="27742649" name="DOU2-SGMPFADJ-PGR-3-PT-644-UNI-P" idOficio="9058875" pubName="DO2" artType="Portaria" pubDate="30/08/2022" artClass="00043:00010:00006:00000:00000:00000:00000:00000:00000:00000:00017:00007" artCategory="Ministério Público da União/Ministério Público Federal/Secretaria-Geral" artSize="12" artNotes="" numberPage="129" pdfPage="http://pesquisa.in.gov.br/imprensa/jsp/visualiza/index.jsp?data=30/08/2022&amp;jornal=529&amp;pagina=129" editionNumber="165" highlightType="" highlightPriority="" highlight="" highlightimage="" highlightimagename="" idMateria="19842061">
  <body>
    <Identifica><![CDATA[ PORTARIA SG/MPF Nº 644, DE 25 DE AGOSTO DE 2022]]></Identifica>
    <Data><![CDATA[]]></Data>
    <Ementa />
    <Titulo />
    <SubTitulo />
    <Texto><![CDATA[<p class="identifica">PORTARIA SG/MPF Nº 644, DE 25 DE AGOSTO DE 2022</p><p>O SECRETÁRIO EXECUTIVO DA SECRETARIA-GERAL DO MINISTÉRIO PÚBLICO FEDERAL, no uso da competência que lhe foi atribuída pelo artigo 6º - inciso XXXII do Regimento Interno Administrativo do MPF, aprovado pela Portaria PGR/MPF nº 382, de 5 de maio de 2015, e pelo artigo 3º - inciso IV da Portaria SG/MPF nº 499, de 15 de julho de 2022, tendo em vista o disposto nos artigos 9º - inciso II e 35 - inciso I da Lei nº 8.112, de 11 de dezembro de 1990, e no Procedimento de Gestão Administrativa PGEA 1.00.000.017346/2022-13, resolve:</p><p>1. Exonerar FELIPE UCHOA CAFE SOARES, ocupante do cargo de Analista do MPU/Direito, matrícula nº 30316, do cargo em comissão de Assessor Nível II, CC-2, do Gabinete do Procurador da República Mario Lucio de Avelar na Procuradoria da República no Estado de Goiás.</p><p>2. Nomear IRVING THIAGO DUARTE DOS SANTOS, Bacharel em Direito, para exercer o cargo em comissão de Assessor Nível II, CC-2, do Gabinete do Procurador da República Mario Lucio de Avelar, na Procuradoria da República no Estado de Goiás.</p><p class="assina">CLEUBER DELANO JOSE LISBOA FILHO</p>]]></Texto>
  </body>
  <Midias />
</article></xml>