﻿<xml><article id="27739160" name="2022.08.26 PORTARIA Reitor" idOficio="9058206" pubName="DO2" artType="Portaria" pubDate="30/08/2022" artClass="00018:00109:00000:00000:00000:00000:00000:00000:00000:00000:00017:00003" artCategory="Ministério da Educação/Universidade Federal do Rio Grande do Norte" artSize="12" artNotes="1338" numberPage="78" pdfPage="http://pesquisa.in.gov.br/imprensa/jsp/visualiza/index.jsp?data=30/08/2022&amp;jornal=529&amp;pagina=78" editionNumber="165" highlightType="" highlightPriority="" highlight="" highlightimage="" highlightimagename="" idMateria="19841150">
  <body>
    <Identifica><![CDATA[ PORTARIA Nº 1.338, DE 26 DE AGOSTO DE 2022]]></Identifica>
    <Data><![CDATA[]]></Data>
    <Ementa />
    <Titulo />
    <SubTitulo />
    <Texto><![CDATA[<p class="identifica">PORTARIA Nº 1.338, DE 26 DE AGOSTO DE 2022</p><p>O REITOR DA UNIVERSIDADE FEDERAL DO RIO GRANDE DO NORTE, no uso das atribuições inerentes ao cargo e da delegação de competência que lhe concede a Portaria MEC nº 404, de 23.04.2009, resolve:</p><p>Autorizar o afastamento do país de ANDROS TAROUCO GIANUCA, matrícula n.º 3060333, Professor Adjunto do Departamento de Ecologia - CB, para realizar Estágio Pós-Doutoral na "National Institute for Agriculture, Food and Environmental Research", na cidade de Lyon, na França, no período de 01.10.2022 a 30.09.2023, inclusive trânsito, com ônus para INRA E LYON - Grenoble Auvergne Rhiones - Alpes, conforme processo n.º 23077.094582/2022-11.</p><p class="assina">JOSE DANIEL DINIZ MELO</p>]]></Texto>
  </body>
  <Midias />
</article></xml>