﻿<xml><article id="27739407" name="PORTARIA EMCFA-MD NA 4508" idOficio="9058263" pubName="DO2" artType="Portaria" pubDate="30/08/2022" artClass="00013:00034:00000:00000:00000:00000:00000:00000:00000:00000:00017:00002" artCategory="Ministério da Defesa/Estado-Maior Conjunto das Forças Armadas" artSize="12" artNotes="" numberPage="28" pdfPage="http://pesquisa.in.gov.br/imprensa/jsp/visualiza/index.jsp?data=30/08/2022&amp;jornal=529&amp;pagina=28" editionNumber="165" highlightType="" highlightPriority="" highlight="" highlightimage="" highlightimagename="" idMateria="19841231">
  <body>
    <Identifica><![CDATA[ PORTARIA EMCFA-MD  Nº 4.508, DE 24 DE AGOSTO DE 2022]]></Identifica>
    <Data><![CDATA[]]></Data>
    <Ementa />
    <Titulo />
    <SubTitulo />
    <Texto><![CDATA[<p class="identifica">PORTARIA EMCFA-MD Nº 4.508, DE 24 DE AGOSTO DE 2022</p><p>O CHEFE DO GABINETE DO ESTADO-MAIOR CONJUNTO DAS FORÇAS ARMADAS, no uso da competência subdelegada pelo inciso III do art. 1º da Portaria EMCFA-MD nº 4.283, de 10 de agosto de 2022, considerando a Portaria Normativa nº 98/GM-MD, de 20 de dezembro de 2018, o Decreto nº 10.998, de 15 de março de 2022, e o Processo Administrativo nº 60583.000714/2022-50, resolve:</p><p>Exonerar o Capitão de Mar e Guerra MAURO RODRIGUES SECO JÚNIOR do cargo de Coordenador, código Grupo 0002 (B), da Coordenação da Coordenação-Geral da Subchefia de Assuntos Internacionais da Chefia de Assuntos Estratégicos do Estado-Maior Conjunto das Forças Armadas, a contar de 18 de abril de 2022.</p><p class="assina">Maj Brig Ar FLÁVIO LUIZ DE OLIVEIRA PINTO</p>]]></Texto>
  </body>
  <Midias />
</article></xml>