﻿<xml><article id="27742652" name="DOU2-RN-1-PT-111-UNI-PR-RN-00034" idOficio="9058875" pubName="DO2" artType="Portaria" pubDate="30/08/2022" artClass="00043:00010:00041:00000:00000:00000:00000:00000:00000:00000:00017:00111" artCategory="Ministério Público da União/Ministério Público Federal/Procuradoria da República no Estado do Rio Grande do Norte" artSize="12" artNotes="" numberPage="131" pdfPage="http://pesquisa.in.gov.br/imprensa/jsp/visualiza/index.jsp?data=30/08/2022&amp;jornal=529&amp;pagina=131" editionNumber="165" highlightType="" highlightPriority="" highlight="" highlightimage="" highlightimagename="" idMateria="19842057">
  <body>
    <Identifica><![CDATA[ PORTARIA Nº 111, DE 26 DE AGOSTO DE 2022]]></Identifica>
    <Data><![CDATA[]]></Data>
    <Ementa />
    <Titulo />
    <SubTitulo />
    <Texto><![CDATA[<p class="identifica">PORTARIA Nº 111, DE 26 DE AGOSTO DE 2022</p><p>A PROCURADORA-CHEFE DA PROCURADORIA DA REPÚBLICA NO ESTADO DO RIO GRANDE DO NORTE, no exercício das atribuições legais que foram conferidas pela Portaria SG/MPF nº 382, de 05 de maio de 2015, resolve:</p><p>Art. 1º - Dispensar o servidor ERIVAN ALMEIDA DE OLIVEIRA, ocupante do cargo de Técnico do MPU/Administração, Matrícula nº 14918, da Função de Confiança do Chefe do Núcleo Cível, FC-3, da Procuradoria da República no Rio Grande do Norte/Ceará-Mirim.</p><p>Art. 2º - Dispensar a servidora JANINE MARANHÃO, ocupante do cargo de Técnica do MPU/Administração, matrícula n° 23726, da Função de Confiança do Chefe do Setor de Atendimento ao Cidadão, FC-1, da Procuradoria da República no Rio Grande do Norte/Ceará-Mirim.</p><p>Art. 3º - Designar a servidora JANINE MARANHÃO, ocupante do cargo de Técnica do MPU/Administração, matrícula n° 23726, para exercer a Função de Confiança do Chefe do Núcleo Cível, FC-3, da Procuradoria da República no Rio Grande do Norte/Ceará-Mirim.</p><p>Art. 4º - Designar o servidor MARLON DA SILVA CARNEIRO, ocupante do cargo de Técnico do MPU/Administração, matrícula n° 24425, para exercer a Função de Confiança do Chefe do Setor de Atendimento ao Cidadão, FC-1, da Procuradoria da República no Rio Grande do Norte/Ceará-Mirim.</p><p>Art. 5º - Esta Portaria entra em vigor na data de publicação.</p><p class="assina">CIBELE BENEVIDES GUEDES DA FONSECA</p>]]></Texto>
  </body>
  <Midias />
</article></xml>