﻿<xml><article id="27739753" name="PORTARIA DE PESSOAL SGP NA 9863" idOficio="9058339" pubName="DO2" artType="Portaria" pubDate="30/08/2022" artClass="00015:00041:00034:00000:00000:00000:00000:00000:00000:00000:00017:00018" artCategory="Ministério da Economia/Secretaria Especial de Desburocratização, Gestão e Governo Digital/Secretaria de Gestão e Desempenho de Pessoal" artSize="12" artNotes="" numberPage="38" pdfPage="http://pesquisa.in.gov.br/imprensa/jsp/visualiza/index.jsp?data=30/08/2022&amp;jornal=529&amp;pagina=38" editionNumber="165" highlightType="" highlightPriority="" highlight="" highlightimage="" highlightimagename="" idMateria="19841327">
  <body>
    <Identifica><![CDATA[ PORTARIA DE PESSOAL SGP/SEDGG/ME Nº 9.863, DE 26 DE AGOSTO DE 2022]]></Identifica>
    <Data><![CDATA[]]></Data>
    <Ementa />
    <Titulo />
    <SubTitulo />
    <Texto><![CDATA[<p class="identifica">PORTARIA DE PESSOAL SGP/SEDGG/ME Nº 9.863, DE 26 DE AGOSTO DE 2022</p><p>O SECRETÁRIO DE GESTÃO E DESEMPENHO DE PESSOAL, DA SECRETARIA ESPECIAL DE DESBUROCRATIZAÇÃO, GESTÃO E GOVERNO DIGITAL DO MINISTÉRIO DA ECONOMIA, no uso da competência delegada pela Portaria SEDGG/ME n.º 12.571, de 22 de outubro de 2021, tendo em vista o disposto no § 7º do art. 93 da Lei n.º 8.112, de 11 de dezembro de 1990, no art. 30 do Decreto n.º 10.835, de 14 de outubro de 2021, na Portaria n.º 282, de 24 de julho de 2020, e considerando o que consta no processo n.º 14021.105257/2022-37, resolve:</p><p>Art. 1º Autorizar a alteração de exercício do empregado público Gildo Araújo da Costa, matrícula SIAPE nº 014519541, Assistente de Operações, do quadro de pessoal da Companhia Nacional de Abastecimento - CONAB, para composição da força de trabalho da Fundação Nacional do Índio - FUNAI, por tempo indeterminado.</p><p>Art. 2º O retorno do empregado à instituição de origem poderá ocorrer a qualquer tempo por decisão do Ministério da Economia - ME, observados os requisitos constantes do artigo 16 da Portaria n.º 282, de 24 de julho de 2020.</p><p>Art. 3º Cabe à FUNAI assegurar-se que o empregado ora colocado à sua disposição, não exercerá atividades que não correspondam às suas atribuições na instituição de origem, de forma a não ocorrer desvio de função.</p><p>Art. 4º Esta Portaria entra em vigor na data de sua publicação.</p><p class="assina">EDUARDO BERGAMASCHI FELIZOLA</p>]]></Texto>
  </body>
  <Midias />
</article></xml>