﻿<xml><article id="27742802" name="ra 44 anulaAAo de aposentadoriac" idOficio="9058883" pubName="DO2" artType="Resolução" pubDate="30/08/2022" artClass="00047:00049:00000:00000:00000:00000:00000:00000:00000:00000:00023:00000" artCategory="Poder Judiciário/Tribunal Regional do Trabalho da 10ª Região" artSize="12" artNotes="" numberPage="144" pdfPage="http://pesquisa.in.gov.br/imprensa/jsp/visualiza/index.jsp?data=30/08/2022&amp;jornal=529&amp;pagina=144" editionNumber="165" highlightType="" highlightPriority="" highlight="" highlightimage="" highlightimagename="" idMateria="19842094">
  <body>
    <Identifica><![CDATA[ RESOLUÇÃO ADMINISTRATIVA Nº 44, DE 2 DE AGOSTO DE 2022]]></Identifica>
    <Data><![CDATA[]]></Data>
    <Ementa />
    <Titulo />
    <SubTitulo />
    <Texto><![CDATA[<p class="identifica">RESOLUÇÃO ADMINISTRATIVA Nº 44, DE 2 DE AGOSTO DE 2022</p><p>O egrégio Tribunal Regional do Trabalho da Décima Região, na 7ª Sessão Plenária Ordinária Administrativa, realizada no dia 2 de agosto de 2022, às 14h15, na Sala de Sessões Desembargador Herácito Pena Júnior, sob a Presidência do Desembargador ALEXANDRE NERY DE OLIVEIRA, presentes os Desembargadores RIBAMAR LIMA JÚNIOR - Vice-Presidente e Corregedor Regional, JOÃO AMÍLCAR PAVAN, RICARDO ALENCAR MACHADO, ELAINE MACHADO VASCONCELOS, ANDRÉ R. P. V. DAMASCENO, PEDRO LUÍS VICENTIN FOLTRAN, MARIA REGINA MACHADO GUIMARÃES, BRASILINO SANTOS RAMOS, JOSÉ LEONE CORDEIRO LEITE, DORIVAL BORGES DE SOUZA NETO, ELKE DORIS JUST, CILENE FERREIRA AMARO SANTOS e GRIJALBO FERNANDES COUTINHO; e a representante da d. Procuradoria Regional do Trabalho, Procuradora-Chefa GENY HELENA FERNANDES BARROSO MARQUES; ausentes os Desembargadores FLÁVIA SIMÕES FALCÃO, justificadamente, e MÁRIO MACEDO FERNANDES CARON e JOÃO LUIS ROCHA SAMPAIO, ambos em período de férias,</p><p>Decidiu, por unanimidade, apreciando o contido no Processo PA-SEI - 0009867-40.2021.5.10.8000, aprovar a matéria apresentada na forma proposta pela Administração, baixando a Resolução Administrativa n.º 44/2022 - (2250):</p><p>"Declarar nula, com fulcro na Súmula n.º 143 do Superior Tribunal Federal e nos artigos 138 a 144 do Código Civil, a Resolução Administrativa n.º 81/2021, de 30/11/2021, publicada no Diário Oficial da União, Seção 2, de 7/12/2021, que concedeu aposentadoria voluntária ao servidor MARCO AURÉLIO WILLMAN SAAR DE CARVALHO, código 103318-2, no cargo efetivo de Analista Judiciário, Classe C, Padrão 13, Área Administrativa, do Quadro de Pessoal Permanente deste Tribunal, com fundamento no artigo 2.º da Emenda Constitucional n.º 41/2003 c/c art. 3.º da Emenda Constitucional n.º 103/2019, em razão de erro substancial na declaração de vontade emanada pelo servidor, decorrente de indicação de valores equivocados para justificar o pedido de aposentadoria."</p><p class="assina">Desembargador ALEXANDRE NERY DE OLIVEIRA</p>]]></Texto>
  </body>
  <Midias />
</article></xml>