﻿<xml><article id="27732098" name="Portaria_IFG_2022_2206" idOficio="9056528" pubName="DO2" artType="Portaria" pubDate="30/08/2022" artClass="00018:00056:00001:00000:00000:00000:00000:00000:00000:00000:00017:00002" artCategory="Ministério da Educação/Instituto Federal de Educação, Ciência e Tecnologia de Goiás/Chefia de Gabinete da Reitoria" artSize="12" artNotes="" numberPage="54" pdfPage="http://pesquisa.in.gov.br/imprensa/jsp/visualiza/index.jsp?data=30/08/2022&amp;jornal=529&amp;pagina=54" editionNumber="165" highlightType="" highlightPriority="" highlight="" highlightimage="" highlightimagename="" idMateria="19839041">
  <body>
    <Identifica><![CDATA[ PORTARIA Nº 2.206 - REITORIA/IFG, DE 25 DE AGOSTO DE 2022]]></Identifica>
    <Data><![CDATA[]]></Data>
    <Ementa />
    <Titulo />
    <SubTitulo />
    <Texto><![CDATA[<p class="identifica">PORTARIA Nº 2.206 - REITORIA/IFG, DE 25 DE AGOSTO DE 2022</p><p>A Reitora do Instituto Federal de Educação, Ciência e Tecnologia de Goiás (IFG), nomeada por Decreto Presidencial de 5 de outubro de 2021, publicado no Diário Oficial da União de 6/10/2021, no uso de suas atribuições legais e regimentais, considerando o que consta no Processo nº 23378.000639/2022-26, resolve:</p><p>Art. 1º Dispensar a servidora JOSILAINE COSTA BARROS CRIZOSTIMO, ocupante do cargo de Auxiliar em Administração, SIAPE nº 1940800, SIAPECAD nº 01722528, da função de Chefe, FG - 01, do(a) Chefia de Gabinete do Câmpus Formosa, UORG-245, ficando seu exercício vinculado à UORG-245. Efeitos a partir da publicação no Diário Oficial da União.</p><p class="assina">Oneida Cristina Gomes Barcelos Irigon</p>]]></Texto>
  </body>
  <Midias />
</article></xml>