﻿<xml><article id="27733504" name="Portaria_de_Pessoal_2258993" idOficio="9056941" pubName="DO2" artType="Portaria" pubDate="30/08/2022" artClass="00018:00111:00017:00000:00000:00000:00000:00000:00000:00000:00017:00007" artCategory="Ministério da Educação/Universidade Federal do Rio de Janeiro/Pró-Reitoria de Pessoal" artSize="12" artNotes="7828" numberPage="80" pdfPage="http://pesquisa.in.gov.br/imprensa/jsp/visualiza/index.jsp?data=30/08/2022&amp;jornal=529&amp;pagina=80" editionNumber="165" highlightType="" highlightPriority="" highlight="" highlightimage="" highlightimagename="" idMateria="19839435">
  <body>
    <Identifica><![CDATA[ PORTARIA Nº 7.828, DE 25 DE AGOSTO DE 2022]]></Identifica>
    <Data><![CDATA[]]></Data>
    <Ementa />
    <Titulo />
    <SubTitulo />
    <Texto><![CDATA[<p class="identifica">PORTARIA Nº 7.828, DE 25 DE AGOSTO DE 2022</p><p>O Pró-Reitor de Pessoal, no uso da competência delegada pela Reitora da Universidade Federal do Rio de Janeiro, através da Portaria nº 10.120 de 16 de dezembro de 2021, publicada no Diário Oficial da União de 17 de dezembro de 2021, resolve:</p><p>Exonerar, a pedido, a partir de 24-abril-22, nos termos do inciso I do artigo 33, da Lei nº 8.112 de 11 de dezembro de 1990, o(a) servidor(a) HUY HOANG NGUYEN, Matrícula SIAPE nº 1898747, ocupante do cargo de Professor do Magistério Superior, do Quadro de Pessoal desta Universidade, conforme processo nº 23079.216288/2022-48.</p><p class="assina">ALEXANDRE BRASIL CARVALHO DA FONSECA</p>]]></Texto>
  </body>
  <Midias />
</article></xml>