﻿<xml><article id="27742312" name="DOU2-PRR4-1-PT-132-UNI-PRR4A-000" idOficio="9058810" pubName="DO2" artType="Portaria" pubDate="30/08/2022" artClass="00043:00010:00021:00000:00000:00000:00000:00000:00000:00000:00017:00132" artCategory="Ministério Público da União/Ministério Público Federal/Procuradoria Regional da República da 4ª Região" artSize="12" artNotes="" numberPage="130" pdfPage="http://pesquisa.in.gov.br/imprensa/jsp/visualiza/index.jsp?data=30/08/2022&amp;jornal=529&amp;pagina=130" editionNumber="165" highlightType="" highlightPriority="" highlight="" highlightimage="" highlightimagename="" idMateria="19841968">
  <body>
    <Identifica><![CDATA[ PORTARIA PRR4 Nº 132, DE 24 DE AGOSTO DE 2022]]></Identifica>
    <Data><![CDATA[]]></Data>
    <Ementa />
    <Titulo />
    <SubTitulo />
    <Texto><![CDATA[<p class="identifica">PORTARIA PRR4 Nº 132, DE 24 DE AGOSTO DE 2022</p><p>O PROCURADOR REGIONAL DA REPÚBLICA, CHEFE DA PROCURADORIA REGIONAL DA REPÚBLICA DA 4ª REGIÃO, no uso das atribuições que lhe conferem a Portaria SG/MPF nº 382, de 5 de maio de 2015, e a Portaria PGR/MPF nº 601, de 29 de setembro de 2021, resolve:</p><p>Designar o servidor CARLOS ALEXANDRE GOMES DE MEDEIROS, ocupante do cargo de Analista do MPU/Direito, matrícula nº 6.256-1, para a função de confiança de Secretário Nível II, FC-02, do gabinete do 23º Ofício Especializado Cível da Procuradoria Regional da República da 4ª Região (GABPPR28 - Ofício vago).</p><p class="assina">ANTÔNIO CARLOS WELTER</p>]]></Texto>
  </body>
  <Midias />
</article></xml>