﻿<xml><article id="27738143" name="PORTARIA DE 295 2022 AFASTAMENTO" idOficio="9058026" pubName="DO2" artType="Portaria" pubDate="30/08/2022" artClass="00018:00021:00000:00000:00000:00000:00000:00000:00000:00000:00017:00000" artCategory="Ministério da Educação/Instituto Nacional de Educação de Surdos" artSize="12" artNotes="" numberPage="49" pdfPage="http://pesquisa.in.gov.br/imprensa/jsp/visualiza/index.jsp?data=30/08/2022&amp;jornal=529&amp;pagina=49" editionNumber="165" highlightType="" highlightPriority="" highlight="" highlightimage="" highlightimagename="" idMateria="19840883">
  <body>
    <Identifica><![CDATA[ PORTARIA Nº 295, DE 25 DE AGOSTO DE 2022]]></Identifica>
    <Data><![CDATA[]]></Data>
    <Ementa />
    <Titulo />
    <SubTitulo />
    <Texto><![CDATA[<p class="identifica">PORTARIA Nº 295, DE 25 DE AGOSTO DE 2022</p><p>O Diretor-Geral do Instituto Nacional de Educação de Surdos - INES, no uso de suas atribuições legais e da competência que lhe foi delegada pela Portaria Ministerial nº 106, de 16/01/2019, publicada no Diário Oficial da União de 17/01/2019, nos termos da Portaria Ministerial nº 1.578, de 22 de dezembro de 2017, publicada no Diário Oficial da União de 26 de dezembro de 2017, e nos termos da Portaria nº 204, de 06/02/2020, publicada no Diário Oficial da União de 07/02/2022, autoriza o afastamento do país do servidor Tiago Ribeiro da Silva, Professor do Ensino Básico, Técnico e Tecnológico, de 09 a 18 de setembro de 2022, trânsito incluso, para participar das seguintes ações: lançamento de livro, participação como palestrante no III Workshop de Investigaciones-Vidas, participação de encontro de troca de metodologias e práticas investigativas com professores do Departamento de Educação da Universidade de La Serena e participação de exposição, em Santiago - Chile, com ônus limitado, processo nº 23121.000746/2022-66.</p><p class="assina">PAULO ANDRÉ MARTINS DE BULHÕES</p>]]></Texto>
  </body>
  <Midias />
</article></xml>