﻿<xml><article id="27734548" name="Portaria 101 29-08" idOficio="9057180" pubName="DO2" artType="Portaria" pubDate="30/08/2022" artClass="00007:00003:00028:00000:00000:00000:00000:00000:00000:00000:00017:00000" artCategory="Ministério da Agricultura, Pecuária e Abastecimento/Secretaria Executiva/Superintendência Federal de Agricultura, Pecuária e Abastecimento do Ceará" artSize="12" artNotes="" numberPage="5" pdfPage="http://pesquisa.in.gov.br/imprensa/jsp/visualiza/index.jsp?data=30/08/2022&amp;jornal=529&amp;pagina=5" editionNumber="165" highlightType="" highlightPriority="" highlight="" highlightimage="" highlightimagename="" idMateria="19839826">
  <body>
    <Identifica><![CDATA[ PORTARIA Nº 101, DE 25 DE AGOSTO DE 2022]]></Identifica>
    <Data><![CDATA[]]></Data>
    <Ementa />
    <Titulo />
    <SubTitulo />
    <Texto><![CDATA[<p class="identifica">PORTARIA Nº 101, DE 25 DE AGOSTO DE 2022</p><p>O SUPERINTENDENTE FEDERAL DE AGRICULTURA, PECUÁRIA E ABASTECIMENTO NO ESTADO DO CEARÁ - SUBSTITUTO, no uso das atribuições que lhe confere o art. 292, do Regimento Interno da Secretaria Executiva, aprovado pela Portaria Ministerial nº 561, de 11 de abril de 2018, publicado no DOU de 13 de abril de 2018, no uso da competência que lhe confere a Portaria SE/MAPA nº 1.278 de 26/05/2020, publicada no DOU de 27/05/2020, resolve:</p><p>Conceder, em virtude do falecimento do servidor aposentado deste Ministério da Agricultura/SFA/CE, JOSE STENIO MOURÃO MARTINS, SIAPE 04167, Cargo de Agente de Vigilância, Classe S, Padrão III, falecido em 22/10/2020.</p><p>I - Pensão à JOSE STENIO MOURÃO MARTINS JUNIOR, na condição de filho maior invalido com fundamento no art. 217, Inciso IV alínea "b", ou art.217, inciso VI, combinado com alínea "b" do inc. IV ou art.217 parágrafos 3º, combinado com alínea "b" do inc. IV da Lei 8.112/90, cota parte 1/2(HABILITAÇÃO TARDIA), a partir da data do requerimento (agosto/2022).</p><p class="assina">José de Anchieta Magalhães</p>]]></Texto>
  </body>
  <Midias />
</article></xml>