﻿<xml><article id="27733561" name="DOU - Port. nA 784-2022 - FRANCI" idOficio="9056958" pubName="DO2" artType="Portaria" pubDate="30/08/2022" artClass="00047:00029:00005:00004:00000:00000:00000:00000:00000:00000:00017:00000" artCategory="Poder Judiciário/Tribunal Regional Eleitoral do Piauí/Secretaria de Administração, Orçamento e Finanças/Coordenadoria de Material e Patrimônio" artSize="12" artNotes="" numberPage="142" pdfPage="http://pesquisa.in.gov.br/imprensa/jsp/visualiza/index.jsp?data=30/08/2022&amp;jornal=529&amp;pagina=142" editionNumber="165" highlightType="" highlightPriority="" highlight="" highlightimage="" highlightimagename="" idMateria="19839457">
  <body>
    <Identifica><![CDATA[ Portaria Presidência Nº 784/TRE/PRESI/DG/SGP/COPES/SEREF, de 24 de agosto de 2022]]></Identifica>
    <Data><![CDATA[]]></Data>
    <Ementa />
    <Titulo />
    <SubTitulo />
    <Texto><![CDATA[<p class="identifica">Portaria Presidência Nº 784/TRE/PRESI/DG/SGP/COPES/SEREF, de 24 de agosto de 2022</p><p>O PRESIDENTE DO TRIBUNAL REGIONAL ELEITORAL DO PIAUÍ, no uso de suas atribuições legais e,</p><p>Considerando o Ofício 36 do Juízo da 34ª Zona Eleitoral/PI, sediada em Castelo do Piauí/PI (documento 1612875), o Despacho 1752 da Presidência deste Regional (documento 1614775), inclusos no Processo SEI nº 0015385-63.2022.6.18.8034, resolve:</p><p>Art. 1.º Dispensar FRANCISCO DAS CHAGAS BARBOSA, Técnico Judiciário, Área Administrativa, removido do TRE-TO, da função comissionada de Chefe de Cartório (FC-6) da 34ª Zona Eleitoral, sediada em Castelo do Piauí/PI, e designar ANTÔNIO FLÁVIO CAVALCANTE COSTA, Técnico Judiciário, Área Administrativa, do Quadro de Pessoal deste Regional para o exercício da referida função.</p><p>Art. 2° Esta Portaria entra em vigor na data de sua publicação, com efeitos a partir de 1° de setembro de 2022.</p><p class="assina">Des. ERIVAN LOPES</p>]]></Texto>
  </body>
  <Midias />
</article></xml>