﻿<xml><article id="27741319" name="BICALHO" idOficio="9058652" pubName="DO2" artType="Portaria" pubDate="30/08/2022" artClass="00020:00028:00015:00004:00001:00000:00000:00000:00000:00000:00017:00000" artCategory="Ministério da Justiça e Segurança Pública/Polícia Federal/Diretoria de Gestão de Pessoal/Coordenação-Geral de Recursos Humanos/Divisão de Administração de Recursos Humanos" artSize="12" artNotes="" numberPage="103" pdfPage="http://pesquisa.in.gov.br/imprensa/jsp/visualiza/index.jsp?data=30/08/2022&amp;jornal=529&amp;pagina=103" editionNumber="165" highlightType="" highlightPriority="" highlight="" highlightimage="" highlightimagename="" idMateria="19841731">
  <body>
    <Identifica><![CDATA[ PORTARIA DGP/PF Nº 19.691, DE 24 DE AGOSTO DE 2022]]></Identifica>
    <Data><![CDATA[]]></Data>
    <Ementa />
    <Titulo />
    <SubTitulo />
    <Texto><![CDATA[<p class="identifica">PORTARIA DGP/PF Nº 19.691, DE 24 DE AGOSTO DE 2022</p><p>A DIRETORA DE GESTÃO DE PESSOAL DA POLÍCIA FEDERAL, no uso das competências que lhe foram atribuídas pelo inciso XVII do art. 43 do Regimento Interno da Polícia Federal, aprovado pela Portaria MSP nº 155, de 27/09/2018, publicado no DOU nº 200, de 17/10/2018; considerando a decisão judicial proferida no processo nº 1065743.56.2020.4.01.3400 - 4º VF/SJDF, e o que consta no processo SEI nº 08204.003039/2020-56, resolve:</p><p>Nomear JOÃO CÉSAR BICALHO COSTA ASSIS para exercer o cargo efetivo de Delegado de Polícia Federal, terceira classe da carreira policial federal, do quadro de pessoal da Polícia Federal, criada pelo Decreto-Lei nº 2.251 de 26/2/1985, reorganizada pela Lei nº 9.266/1996 e alterações posteriores, sob o código de vaga nº 717493, em virtude do concurso público instituído pelo Edital nº 01/2018 - DGP/PF, mediante conclusão do XXXVII Curso de Formação Profissional para o cargo de Delegado de Polícia Federal, de acordo com o art. 9º, inciso I, e art. 10 da Lei nº 8.112/90.</p><p class="assina">MARIANA PARANHOS CALDERON</p>]]></Texto>
  </body>
  <Midias />
</article></xml>