﻿<xml><article id="27742790" name="PT814DIAT" idOficio="9058881" pubName="DO2" artType="Portaria" pubDate="30/08/2022" artClass="00027:00051:00081:00275:00005:00000:00000:00000:00000:00000:00017:00814" artCategory="Ministério do Trabalho e Previdência/Instituto Nacional do Seguro Social/Diretoria de Gestão de Pessoas/Coordenação-Geral de Centralização do Regime Próprio de Previdência da União/Divisão de Atendimento do RPPU" artSize="12" artNotes="" numberPage="122" pdfPage="http://pesquisa.in.gov.br/imprensa/jsp/visualiza/index.jsp?data=30/08/2022&amp;jornal=529&amp;pagina=122" editionNumber="165" highlightType="" highlightPriority="" highlight="" highlightimage="" highlightimagename="" idMateria="19842091">
  <body>
    <Identifica><![CDATA[ PORTARIA DIAT-RPPU/INSS Nº 814, DE 26 DE AGOSTOO DE 2022]]></Identifica>
    <Data><![CDATA[]]></Data>
    <Ementa />
    <Titulo />
    <SubTitulo />
    <Texto><![CDATA[<p class="identifica">PORTARIA DIAT-RPPU/INSS Nº 814, DE 26 DE AGOSTOO DE 2022</p><p>A CHEFE DA DIVISÃO DE ATENDIMENTO DO REGIME PRÓPRIO DE PREVIDÊNCIA DA UNIÃO, da Coordenação- Geral de Centralização do RPPU, da Diretoria de Gestão de Pessoas do INSS, no uso das atribuições e a delegação de competência estabelecida pela PORTARIA DGP/INSS Nº 05 de 18/04/2022 publicada em BSE de 19/04/2022 e na PORTARIA PRES/INSS Nº 500 de 01/04/2022 publicada em DOU nº 64 de 04/04/2022 e no que consta no Processo SEI nº 35014.335625/2022-39 e tarefa GET 310628863, resolve:</p><p>Art. 1º Conceder Pensão à MARIA ALVES GAMA, na qualidade de Cônjuge do companheira do servidor JOSÉ AROLDO PRATES, matrícula SIAPE nº 0896269, ocupante do cargo de Agente de Vigilância, Classe S, Padrão IV, do quadro de pessoal do Instituto Nacional do Seguro Social, aposentado, falecido em 09/08/2022, com fundamento no inciso IV, do art. 3º da Portaria SGP/SEDGG/ME Nº 4645, de 24 de maio de 2022, c/c o art. 217, da Lei nº 8.112, de 11 de dezembro de 1990 e art. 23 da Emenda Constitucional nº 103, de 12 de novembro de 2019.</p><p>Art. 2º Os efeitos desta Portaria entram em vigor a partir de 09/08/2022 (data do óbito).</p><p class="assina">ANÁLIA TAMARA CÂMARA SANTOS LEMOS</p>]]></Texto>
  </body>
  <Midias />
</article></xml>