﻿<xml><article id="27742709" name="DOU2-SGMPFADJ-PGR-3-PT-640-UNI-P" idOficio="9058875" pubName="DO2" artType="Portaria" pubDate="30/08/2022" artClass="00043:00010:00006:00000:00000:00000:00000:00000:00000:00000:00017:00005" artCategory="Ministério Público da União/Ministério Público Federal/Secretaria-Geral" artSize="12" artNotes="" numberPage="129" pdfPage="http://pesquisa.in.gov.br/imprensa/jsp/visualiza/index.jsp?data=30/08/2022&amp;jornal=529&amp;pagina=129" editionNumber="165" highlightType="" highlightPriority="" highlight="" highlightimage="" highlightimagename="" idMateria="19842060">
  <body>
    <Identifica><![CDATA[ PORTARIA SG/MPF Nº 640, DE 24 DE AGOSTO DE 2022]]></Identifica>
    <Data><![CDATA[]]></Data>
    <Ementa />
    <Titulo />
    <SubTitulo />
    <Texto><![CDATA[<p class="identifica">PORTARIA SG/MPF Nº 640, DE 24 DE AGOSTO DE 2022</p><p>O SECRETÁRIO EXECUTIVO DA SECRETARIA-GERAL DO MINISTÉRIO PÚBLICO FEDERAL, no uso da competência que lhe foi atribuída pelo artigo 6º - inciso XXXII do Regimento Interno Administrativo do MPF, aprovado pela Portaria PGR/MPF nº 382, de 5 de maio de 2015, e pelo artigo 3º - inciso IV da Portaria SG/MPF nº 499, de 15 de julho de 2022, tendo em vista o disposto nos artigos 9º - inciso II e 35 - inciso I da Lei nº 8.112, de 11 de dezembro de 1990, e no expediente PGR-00305076/2022, resolve:</p><p>1. Exonerar, a partir de 25 de agosto de 2022, ZANONI BARBOSA JUNIOR, ocupante do cargo de Técnico do MPU/Administração, matrícula nº 4577, do cargo em comissão de Chefe da Divisão de Gestão Documental de Contratos, CC-2, da Secretaria de Administração do Ministério Público Federal.</p><p>2. Nomear CLAUDIA KARINE MIRANDA TARRAGÓ, ocupante do cargo de Técnico do MPU/Administração, matrícula nº 3196, para exercer o cargo em comissão de Chefe da Divisão de Gestão Documental de Contratos, CC-2, da Secretaria de Administração do Ministério Público Federal.</p><p class="assina">CLEUBER DELANO JOSE LISBOA FILHO</p>]]></Texto>
  </body>
  <Midias />
</article></xml>