﻿<xml><article id="27741316" name="Portaria publicada em 30-08-2022" idOficio="9058651" pubName="DO2" artType="Portaria" pubDate="30/08/2022" artClass="00018:00082:00000:00000:00000:00000:00000:00000:00000:00000:00017:00000" artCategory="Ministério da Educação/Universidade Federal do Agreste de Pernambuco" artSize="12" artNotes="" numberPage="64" pdfPage="http://pesquisa.in.gov.br/imprensa/jsp/visualiza/index.jsp?data=30/08/2022&amp;jornal=529&amp;pagina=64" editionNumber="165" highlightType="" highlightPriority="" highlight="" highlightimage="" highlightimagename="" idMateria="19841730">
  <body>
    <Identifica><![CDATA[ PORTARIA Nº 179, DE 29 DE AGOSTO DE 2022]]></Identifica>
    <Data><![CDATA[]]></Data>
    <Ementa />
    <Titulo />
    <SubTitulo />
    <Texto><![CDATA[<p class="identifica">PORTARIA Nº 179, DE 29 DE AGOSTO DE 2022</p><p>O REITOR PRO TEMPORE DA UNIVERSIDADE FEDERAL DO AGRESTE DE PERNAMBUCO, nomeado pela Portaria MEC nº 2.118, de 10 de dezembro de 2019, publicada no Diário Oficial da União em 10 de dezembro de 2019, no uso de suas atribuições legais e estatutárias e considerando o que consta no processo nº Processo nº 23082.014218/2022-06, resolve:</p><p>Art. 1º - Criar a Seção de Apoio Administrativo e Acadêmico da Coordenação do Programa de Pós-Graduação em Sanidade e Reprodução de Animais de Produção (PPGSRAP), da Universidade Federal do Agreste de Pernambuco (UFAPE). Art. 2º - Criar a Seção de Apoio Administrativo e Acadêmico da Coordenação do Programa de Mestrado Profissional em Letras (PROFLETRAS), da UFAPE. Art. 3º - Criar a Seção de Apoio Administrativo e Acadêmico da Coordenação do Programa de Pós-Graduação em Ciências Ambientais (PPCIAM), da Universidade Federal do Agreste de Pernambuco, da UFAPE.</p><p class="assina">AIRON APARECIDO SILVA DE MELO</p>]]></Texto>
  </body>
  <Midias />
</article></xml>