﻿<xml><article id="27740348" name="2022 - PORT 107 - DGP" idOficio="9058473" pubName="DO2" artType="Portaria" pubDate="30/08/2022" artClass="00013:00011:00029:00000:00000:00000:00000:00000:00000:00000:00017:00004" artCategory="Ministério da Defesa/Comando do Exército/Departamento-Geral do Pessoal" artSize="12" artNotes="" numberPage="24" pdfPage="http://pesquisa.in.gov.br/imprensa/jsp/visualiza/index.jsp?data=30/08/2022&amp;jornal=529&amp;pagina=24" editionNumber="165" highlightType="" highlightPriority="" highlight="" highlightimage="" highlightimagename="" idMateria="19841480">
  <body>
    <Identifica><![CDATA[ PORTARIA - DGP/ C Ex Nº 107,  DE 24 DE AGOSTO DE 2022]]></Identifica>
    <Data><![CDATA[]]></Data>
    <Ementa />
    <Titulo />
    <SubTitulo />
    <Texto><![CDATA[<p class="identifica">PORTARIA - DGP/ C Ex Nº 107, DE 24 DE AGOSTO DE 2022</p><p>O CHEFE DO DEPARTAMENTO-GERAL DO PESSOAL, no uso da delegação de competência que lhe foi conferida pelo art. 1°, inciso VI, alínea "p", da Portaria - Cmt Ex n° 1.700, de 8 de dezembro de 2017, e da atribuição prevista no art. 3º, das Instruções Gerais para o Ingresso e Promoções no Quadro Auxiliar de Oficiais (EB10-IG-02.005), aprovadas pela Portaria - Cmt Ex nº 1.496, de 11 de dezembro de 2014, combinado com o art. 60, § 1º, da Lei nº 6.880, de 9 de dezembro de 1980 (Estatuto dos Militares), e art. 19, alíneas "a" e "c" do Decreto n° 90.116, de 29 de agosto de 1984, que Regulamenta o Ingresso e a Promoção no Quadro Auxiliar de Oficiais (RIPQAO), resolve:</p><p>Promover, em ressarcimento de preterição, ao posto de 2° Ten QAO, pelo critério de merecimento, a contar de 1º de dezembro de 2022, o 2º Ten QAO (011286494-7) JEFFERSON BARBOSA SANTANA DO NASCIMENTO.</p><p class="assina">Gen Ex JOÃO CHALELLA JÚNIOR</p>]]></Texto>
  </body>
  <Midias />
</article></xml>