﻿<xml><article id="27738488" name="PORTARIA THAISA" idOficio="9058083" pubName="DO2" artType="Portaria" pubDate="30/08/2022" artClass="00018:00092:00000:00000:00000:00000:00000:00000:00000:00000:00017:00000" artCategory="Ministério da Educação/Universidade Federal Fluminense" artSize="12" artNotes="" numberPage="67" pdfPage="http://pesquisa.in.gov.br/imprensa/jsp/visualiza/index.jsp?data=30/08/2022&amp;jornal=529&amp;pagina=67" editionNumber="165" highlightType="" highlightPriority="" highlight="" highlightimage="" highlightimagename="" idMateria="19840972">
  <body>
    <Identifica><![CDATA[ PORTARIA Nº 1.385, de 25 de agosto de 2022]]></Identifica>
    <Data><![CDATA[]]></Data>
    <Ementa />
    <Titulo />
    <SubTitulo />
    <Texto><![CDATA[<p class="identifica">PORTARIA Nº 1.385, de 25 de agosto de 2022</p><p>O REITOR da UNIVERSIDADE FEDERAL FLUMINENSE, no uso de suas atribuições, tendo em vista a Lei nº 9.640 de 25 de maio de 1998 e o que consta do processo nº 23069.177580/2022-57, resolve:</p><p>Art. 1º- Designar THAISA NUNES FERREIRA, Assistente em Administração, código 701.200, Matrícula SIAPE nº 1633117, como Substituta Eventual do Coordenador da Coordenação Administrativa do Gabinete do Reitor - Código CD-4.</p><p>Art. 2º - Esta Portaria entra em vigor na data de sua publicação no Diário Oficial da União.</p><p class="assina">ANTONIO CLAUDIO LUCAS DA NOBREGA</p>]]></Texto>
  </body>
  <Midias />
</article></xml>