﻿<xml><article id="27735647" name="SEI_UFRJ - 2205321 - Portaria de" idOficio="9057468" pubName="DO2" artType="Portaria" pubDate="30/08/2022" artClass="00018:00111:00017:00000:00000:00000:00000:00000:00000:00000:00017:00002" artCategory="Ministério da Educação/Universidade Federal do Rio de Janeiro/Pró-Reitoria de Pessoal" artSize="12" artNotes="7235" numberPage="79" pdfPage="http://pesquisa.in.gov.br/imprensa/jsp/visualiza/index.jsp?data=30/08/2022&amp;jornal=529&amp;pagina=79" editionNumber="165" highlightType="" highlightPriority="" highlight="" highlightimage="" highlightimagename="" idMateria="19840169">
  <body>
    <Identifica><![CDATA[ PORTARIA Nº 7.235, DE 8 DE AGOSTO DE 2022]]></Identifica>
    <Data><![CDATA[]]></Data>
    <Ementa />
    <Titulo />
    <SubTitulo />
    <Texto><![CDATA[<p class="identifica">PORTARIA Nº 7.235, DE 8 DE AGOSTO DE 2022</p><p>O Pró-Reitor de Pessoal da Universidade Federal do Rio de Janeiro, no uso da competência delegada pela Portaria n.º 10.120, de 16 de dezembro de 2021, publicada no Diário Oficial da União n.º 237, de 17 de dezembro de 2021, e considerando o disposto no Processo n.º 23079.201894/2022-69, resolve:</p><p>Conceder aposentadoria voluntária ao servidor JOAO ISMAEL DAMASCENO PINHEIRO, matrícula SIAPE n.º 0370251, ocupante do cargo de Professor Associado, Nível 701, no regime de 40 horas semanais de trabalho, com Dedicação Exclusiva, do Quadro de Pessoal desta Universidade, com fundamento no art. 3º, incisos I, II e III, da EC 47/05, c/c o art. 3º, §1º, da EC 103/2019, proventos integrais e efeitos a partir de 20/02/2022.</p><p class="assina">Alexandre Brasil Carvalho da Fonseca</p>]]></Texto>
  </body>
  <Midias />
</article></xml>