﻿<xml><article id="27731930" name="Portaria TRE-BA NA 642_dispensa " idOficio="9056224" pubName="DO2" artType="Portaria" pubDate="30/08/2022" artClass="00047:00016:00000:00000:00000:00000:00000:00000:00000:00000:00017:00002" artCategory="Poder Judiciário/Tribunal Regional Eleitoral da Bahia" artSize="12" artNotes="" numberPage="141" pdfPage="http://pesquisa.in.gov.br/imprensa/jsp/visualiza/index.jsp?data=30/08/2022&amp;jornal=529&amp;pagina=141" editionNumber="165" highlightType="" highlightPriority="" highlight="" highlightimage="" highlightimagename="" idMateria="19837680">
  <body>
    <Identifica><![CDATA[ PORTARIA Nº 642, DE 25 DE AGOSTO DE 2022]]></Identifica>
    <Data><![CDATA[]]></Data>
    <Ementa />
    <Titulo />
    <SubTitulo />
    <Texto><![CDATA[<p class="identifica">PORTARIA Nº 642, DE 25 DE AGOSTO DE 2022</p><p>O PRESIDENTE DO TRIBUNAL REGIONAL ELEITORAL DA BAHIA, no uso das atribuições que lhe são conferidas pelo art. 8º, da Resolução Administrativa TRE/BA nº 1/2017, e tendo em vista o constante no Processo SEI nº 0015225-80.2022.6.05.8040, resolve:</p><p>Art. 1º Dispensar Sônia Rangel da Silva da função comissionada de Chefe de Cartório da 40ª Zona Eleitoral - Vitória da Conquista, a partir da data de designação da respectiva portaria.</p><p>Art. 2º Dispensar Cynara Castro Sertão da função de Assistente I da 40ª Zona Eleitoral - Vitória da Conquista, a partir da data de designação da respectiva portaria.</p><p>Art. 3º Designar Cynara Castro Sertão para exercer a função comissionada de Chefe de Cartório, FC6 da 40ª Zona Eleitoral - Vitória da Conquista, a partir da data de designação da respectiva portaria, até a diplomação dos eleitos.</p><p>Art. 4º Designar Sônia Rangel da Silva para exercer a função comissionada de Assistente I, FC1 da 40ª Zona Eleitoral - Vitória da Conquista, a partir da data de designação da respectiva portaria, até a diplomação dos eleitos.</p><p class="assina">Des. ROBERTO MAYNARD FRANK</p>]]></Texto>
  </body>
  <Midias />
</article></xml>