﻿<xml><article id="27740345" name="2022 - PORT 106 - DGP" idOficio="9058473" pubName="DO2" artType="Portaria" pubDate="30/08/2022" artClass="00013:00011:00029:00000:00000:00000:00000:00000:00000:00000:00017:00003" artCategory="Ministério da Defesa/Comando do Exército/Departamento-Geral do Pessoal" artSize="12" artNotes="" numberPage="24" pdfPage="http://pesquisa.in.gov.br/imprensa/jsp/visualiza/index.jsp?data=30/08/2022&amp;jornal=529&amp;pagina=24" editionNumber="165" highlightType="" highlightPriority="" highlight="" highlightimage="" highlightimagename="" idMateria="19841479">
  <body>
    <Identifica><![CDATA[ PORTARIA - DGP/ C Ex Nº 106, DE 24 DE AGOSTO DE 2022]]></Identifica>
    <Data><![CDATA[]]></Data>
    <Ementa />
    <Titulo />
    <SubTitulo />
    <Texto><![CDATA[<p class="identifica">PORTARIA - DGP/ C Ex Nº 106, DE 24 DE AGOSTO DE 2022</p><p>O CHEFE DO DEPARTAMENTO-GERAL DO PESSOAL, no uso das atribuições que lhe confere o artigo 22 do Regulamento de Promoções de Graduados do Exército (R-196), aprovado pelo Decreto nº 4.853, de 6 de outubro de 2003, e de acordo com o artigo 37, inciso I, do mesmo diploma legal, combinado com o artigo 60, §§ 1º e 2º, da Lei nº 6.880, de 9 de dezembro de 1980 (Estatuto dos Militares), resolve:</p><p>Promover, em ressarcimento de preterição, à graduação de segundo-sargento, pelo critério de antiguidade, a contar de 1° de dezembro de 2013, o 3º Sgt QE (076256673-5) ALDENOR NERI DA ROCHA.</p><p class="assina">Gen Ex JOÃO CHALELLA JÚNIOR</p>]]></Texto>
  </body>
  <Midias />
</article></xml>