﻿<xml><article id="27731630" name="Portaria DG n. 219 - Nomeacao Do" idOficio="9056352" pubName="DO2" artType="Portaria" pubDate="30/08/2022" artClass="00047:00002:00005:00000:00000:00000:00000:00000:00000:00000:00017:00009" artCategory="Poder Judiciário/Conselho Nacional de Justiça/Diretoria-Geral" artSize="12" artNotes="" numberPage="137" pdfPage="http://pesquisa.in.gov.br/imprensa/jsp/visualiza/index.jsp?data=30/08/2022&amp;jornal=529&amp;pagina=137" editionNumber="165" highlightType="" highlightPriority="" highlight="" highlightimage="" highlightimagename="" idMateria="19838636">
  <body>
    <Identifica><![CDATA[ PORTARIA DIRETORIA-GERAL Nº 219, DE 26 DE AGOSTO DE 2022]]></Identifica>
    <Data><![CDATA[]]></Data>
    <Ementa />
    <Titulo />
    <SubTitulo />
    <Texto><![CDATA[<p class="identifica">PORTARIA DIRETORIA-GERAL Nº 219, DE 26 DE AGOSTO DE 2022</p><p>O DIRETOR-GERAL DO CONSELHO NACIONAL DE JUSTIÇA, nos termos do inciso II do art. 9º, do inciso I do art. 35, ambos da Lei nº 8.112/1990, da alínea "d" do inciso XI do art. 3º da Portaria nº 112/2010, e considerando o contido no Processo SEI/CNJ nº 07029/2020, resolve:</p><p>Nomear, com efeitos a partir de 26 de agosto de 2022, DORIS CANEN, para ocupar o cargo em comissão de Coordenadora de Gestão de Projetos da Corregedoria Nacional de Justiça, nível CJ-1, ficando exonerada do cargo em comissão de Chefe de Gabinete da Secretaria Especial de Programas, Pesquisas e Gestão Estratégica, nível CJ-2.</p><p class="assina">Johaness Eck</p>]]></Texto>
  </body>
  <Midias />
</article></xml>