﻿<xml><article id="27743194" name="Portaria DOU--PAULO ROBERTO BART" idOficio="9058949" pubName="DO2" artType="Portaria" pubDate="30/08/2022" artClass="00025:00270:00020:00000:00000:00000:00000:00000:00000:00000:00017:00000" artCategory="Ministério das Relações Exteriores/Secretaria-Geral das Relações Exteriores/Secretaria de Gestão Administrativa" artSize="12" artNotes="" numberPage="112" pdfPage="http://pesquisa.in.gov.br/imprensa/jsp/visualiza/index.jsp?data=30/08/2022&amp;jornal=529&amp;pagina=112" editionNumber="165" highlightType="" highlightPriority="" highlight="" highlightimage="" highlightimagename="" idMateria="19842176">
  <body>
    <Identifica><![CDATA[ PORTARIA DE 25 DE AGOSTO DE 2022]]></Identifica>
    <Data><![CDATA[]]></Data>
    <Ementa />
    <Titulo />
    <SubTitulo />
    <Texto><![CDATA[<p class="identifica">PORTARIA DE 25 DE AGOSTO DE 2022</p><p>A SECRETÁRIA, SUBSTITUTA, DE GESTÃO ADMINISTRATIVA, no uso da competência que lhe foi atribuída pela Portaria de delegação de competência nº 386, de 14 de abril de 2022, publicada no Diário Oficial da União em 19 de abril de 2022, e tendo em vista o que consta do Processo nº 09047.000747/2022-10, resolve:</p><p>Art. 1º Conceder pensão a JANY SIMONE ANDREE BARTHEL-ROSA, na qualidade de cônjuge do ex-servidor PAULO ROBERTO BARTHEL-ROSA, ocupante do cargo de MINISTRO DE PRIMEIRA CLASSE, matrícula SIAPE nº 3181516, do quadro de pessoal deste Ministério das Relações Exteriores, aposentado, falecido em 18 DE MARÇO DE 2019, com fundamento nos artigos 215 e 217, inciso I, da Lei n° 8.112/90, com redação dada pela Lei n° 13.135/2015, e artigo 40, parágrafo 7º, inciso I, da Constituição Federal, com redação dada pela Emenda Constitucional nº 41/2003.</p><p>Art. 2º Os efeitos desta Portaria entram em vigor em 18 DE MARÇO DE 2019.</p><p class="assina">FÁTIMA KEIKO ISHITANI</p>]]></Texto>
  </body>
  <Midias />
</article></xml>