﻿<xml><article id="27735890" name="PORTARIA N 172 SINC 19840198" idOficio="9057492" pubName="DO2" artType="Portaria" pubDate="30/08/2022" artClass="00023:00001:00000:00000:00000:00000:00000:00000:00000:00000:00013:00006" artCategory="Ministério de Minas e Energia/Gabinete do Ministro" artSize="12" artNotes="" numberPage="108" pdfPage="http://pesquisa.in.gov.br/imprensa/jsp/visualiza/index.jsp?data=30/08/2022&amp;jornal=529&amp;pagina=108" editionNumber="165" highlightType="" highlightPriority="" highlight="" highlightimage="" highlightimagename="" idMateria="19840198">
  <body>
    <Identifica><![CDATA[ PORTARIA DE PESSOAL Nº 172, DE 25 DE AGOSTO DE 2022]]></Identifica>
    <Data><![CDATA[]]></Data>
    <Ementa />
    <Titulo />
    <SubTitulo />
    <Texto><![CDATA[<p class="identifica">PORTARIA DE PESSOAL Nº 172, DE 25 DE AGOSTO DE 2022</p><p>A CHEFE DE GABINETE DO MINISTRO DE ESTADO DE MINAS E ENERGIA, no uso da competência outorgada pela Portaria MME nº 121, de 11 de fevereiro de 2019, resolve:</p><p>Designar NILO DA SILVA TEIXEIRA, para exercer a Função Comissionada do Poder Executivo de Assessor Técnico da Coordenação-Geral de Gestão de Programas e Regulamentação, do Departamento de Gestão do Setor Elétrico, da Secretaria de Energia Elétrica, código FCPE 102.3, ficando dispensado da função que atualmente ocupa.</p>]]></Texto>
  </body>
  <Midias />
</article></xml>