﻿<xml><article id="27740490" name="SIAFI - E Ancara - 26ago2022" idOficio="9058504" pubName="DO2" artType="Portaria" pubDate="30/08/2022" artClass="00025:00106:00000:00000:00000:00000:00000:00000:00000:00000:00017:00000" artCategory="Ministério das Relações Exteriores/Embaixada do Brasil em Ancara" artSize="12" artNotes="" numberPage="111" pdfPage="http://pesquisa.in.gov.br/imprensa/jsp/visualiza/index.jsp?data=30/08/2022&amp;jornal=529&amp;pagina=111" editionNumber="165" highlightType="" highlightPriority="" highlight="" highlightimage="" highlightimagename="" idMateria="19841513">
  <body>
    <Identifica><![CDATA[ PORTARIA DE 25 DE AGOSTO DE 2022]]></Identifica>
    <Data><![CDATA[]]></Data>
    <Ementa />
    <Titulo />
    <SubTitulo />
    <Texto><![CDATA[<p class="identifica">PORTARIA DE 25 DE AGOSTO DE 2022</p><p>O EMBAIXADOR DO BRASIL EM ANCARA, no uso de suas atribuições e nos termos do artigo 74 do Anexo I ao Decreto nº 9.683, de 9 de janeiro de 2019, resolve:</p><p>Designar PAULO GUAPINDAIA JOPPERT, conselheiro do Quadro Especial da carreira de diplomata do Ministério das Relações Exteriores, SIAPE nº 460059, para exercer a chefia do setor de Promoção Comercial nesta missão diplomática, a partir da data de publicação desta Portaria.</p><p class="assina">CARLOS RICARDO MARTINS CEGLIA</p>]]></Texto>
  </body>
  <Midias />
</article></xml>