﻿<xml><article id="27740243" name="DESPACHO MARCIO" idOficio="9058447" pubName="DO2" artType="Despacho" pubDate="30/08/2022" artClass="00018:00111:00000:00000:00000:00000:00000:00000:00000:00000:00013:00003" artCategory="Ministério da Educação/Universidade Federal do Rio de Janeiro" artSize="12" artNotes="" numberPage="79" pdfPage="http://pesquisa.in.gov.br/imprensa/jsp/visualiza/index.jsp?data=30/08/2022&amp;jornal=529&amp;pagina=79" editionNumber="165" highlightType="" highlightPriority="" highlight="" highlightimage="" highlightimagename="" idMateria="19841448">
  <body>
    <Identifica><![CDATA[ DESPACHO de 18 de agosto de 2022]]></Identifica>
    <Data><![CDATA[]]></Data>
    <Ementa />
    <Titulo />
    <SubTitulo />
    <Texto><![CDATA[<p class="identifica">DESPACHO de 18 de agosto de 2022</p><p>A Reitora da Universidade Federal do Rio de Janeiro, no uso da competência que lhe foi subdelegada pela Portaria nº 404/MEC de 23 de abril de 2009, resolve autorizar o afastamento do país do(s) seguinte(s)servidor(es):</p><p>MARCIO DE SOUZA SOARES DE ALMEIDA , Matrícula SIAPE nº 6359519, ocupante do cargo de Professor do Magistério Superior, lotado(a) no(a)</p><p>COPPE, no período de 26/08/2022 a 04/09/2022, para participar do 4th International Symposium on Frontiers in Oﬀshore Geotechnics, em Austin, Estados Unidos - com ônus limitado. (Processo 23079.229289/2022-52).</p><p class="assina">DENISE PIRES DE CARVALHO</p>]]></Texto>
  </body>
  <Midias />
</article></xml>