﻿<xml><article id="27738896" name="PT GABAER 1.066 GC1 2022" idOficio="9058149" pubName="DO2" artType="Portaria" pubDate="30/08/2022" artClass="00013:00010:00001:00006:00000:00000:00000:00000:00000:00000:00017:00009" artCategory="Ministério da Defesa/Comando da Aeronáutica/Gabinete do Comandante/Assessoria de Recursos Humanos" artSize="12" artNotes="" numberPage="15" pdfPage="http://pesquisa.in.gov.br/imprensa/jsp/visualiza/index.jsp?data=30/08/2022&amp;jornal=529&amp;pagina=15" editionNumber="165" highlightType="" highlightPriority="" highlight="" highlightimage="" highlightimagename="" idMateria="19841081">
  <body>
    <Identifica><![CDATA[ PORTARIA GABAER Nº 1.066/GC1, DE 26 DE AGOSTO DE 2022]]></Identifica>
    <Data><![CDATA[]]></Data>
    <Ementa />
    <Titulo />
    <SubTitulo />
    <Texto><![CDATA[<p class="identifica">PORTARIA GABAER Nº 1.066/GC1, DE 26 DE AGOSTO DE 2022</p><p>O COMANDANTE DA AERONÁUTICA, de acordo com o art. 23, inciso VI, alínea "g", da Estrutura Regimental do Comando da Aeronáutica, aprovada pelo Decreto nº 6.834, de 30 de abril de 2009, resolve:</p><p>Dispensar, por necessidade do serviço, ex officio, a Primeiro-Tenente QOAP SJU TATIANA PAULA DA CRUZ (Nr Ord 6805779) de ser Oficial do seu Gabinete, a contar de 26 de agosto de 2022.</p><p class="assina">Ten Brig Ar CARLOS DE ALMEIDA BAPTISTA JUNIOR</p>]]></Texto>
  </body>
  <Midias />
</article></xml>