﻿<xml><article id="27739226" name="PORTARIA DE PESSOAL SEPEC NA 9.4" idOficio="9058217" pubName="DO2" artType="Portaria" pubDate="30/08/2022" artClass="00015:00043:00000:00000:00000:00000:00000:00000:00000:00000:00013:00001" artCategory="Ministério da Economia/Secretaria Especial de Produtividade e Competitividade" artSize="12" artNotes="" numberPage="43" pdfPage="http://pesquisa.in.gov.br/imprensa/jsp/visualiza/index.jsp?data=30/08/2022&amp;jornal=529&amp;pagina=43" editionNumber="165" highlightType="" highlightPriority="" highlight="" highlightimage="" highlightimagename="" idMateria="19841166">
  <body>
    <Identifica><![CDATA[ PORTARIA DE PESSOAL SEPEC/ME Nº 9.400, DE 17 DE AGOSTO DE 2022]]></Identifica>
    <Data><![CDATA[]]></Data>
    <Ementa />
    <Titulo />
    <SubTitulo />
    <Texto><![CDATA[<p class="identifica">PORTARIA DE PESSOAL SEPEC/ME Nº 9.400, DE 17 DE AGOSTO DE 2022</p><p>O SECRETÁRIO ESPECIAL DE PRODUTIVIDADE E COMPETITIVIDADE, no uso das atribuições que lhe foram conferidas pelo art. 19º da Portaria ME nº 7.081, de 09 de agosto de 2022, que delega competência ao Secretário-Executivo e, em seu âmbito de atuação, aos ocupantes de cargos de natureza especial, para designar membros de conselhos, comitês, comissões, grupos de trabalho e demais órgãos de deliberação colegiada inerente a sua área de atuação, existentes no âmbito do Ministério da Economia ou que dele façam parte, e considerando o § 3º, inciso VII, art 3º, do Decreto nº 9.912, de 10 de julho de 2019, bem como os autos do Processo nº 12600.115777/2019-14, resolve:</p><p>Art. 1º Designar os membros titulares e suplentes das classes produtoras e das classes trabalhadoras a seguir relacionados para compor o Conselho de Administração da Superintendência da Zona Franca de Manaus, com mandato de um ano:</p><p>I - das classes produtoras:</p><p>a) Titular: Muni Lourenço Silva Júnior, Presidente da Federação da Agricultura e Pecuária do Estado do Amazonas; e</p><p>b) Suplente: Hélio Dias de Souza, Presidente da Federação da Agricultura e Pecuária do Estado de Rondônia;</p><p>II - das classes trabalhadoras:</p><p>a) Titular: Luiz Carlos Motta, Presidente (licenciado) da Confederação Nacional dos Trabalhadores no Comércio; e</p><p>b) Suplente: Lourival Figueiredo Melo, Diretor Secretário Geral da Confederação Nacional dos Trabalhadores no Comércio.</p><p>Art. 2º Fica revogada a Portaria de Pessoal SEPEC/ME nº 8.551, de 02 de agosto de 2021.</p><p>Art. 3º Esta Portaria entra em vigor na data de sua publicação.</p><p class="assina">ALEXANDRE XAVIER YWATA DE CARVALHO</p>]]></Texto>
  </body>
  <Midias />
</article></xml>