﻿<xml><article id="27735710" name="PORTARIAS DE 25 DE AGOSTO DE 202" idOficio="9057490" pubName="DO2" artType="Portaria" pubDate="30/08/2022" artClass="00018:00062:00001:00000:00000:00000:00000:00000:00000:00000:00017:00000" artCategory="Ministério da Educação/Instituto Federal de Educação, Ciência e Tecnologia do Pará/Reitoria" artSize="12" artNotes="" numberPage="55" pdfPage="http://pesquisa.in.gov.br/imprensa/jsp/visualiza/index.jsp?data=30/08/2022&amp;jornal=529&amp;pagina=55" editionNumber="165" highlightType="" highlightPriority="" highlight="" highlightimage="" highlightimagename="" idMateria="19840195">
  <body>
    <Identifica><![CDATA[ PORTARIAS DE 25 DE AGOSTO DE 2022]]></Identifica>
    <Data><![CDATA[]]></Data>
    <Ementa />
    <Titulo />
    <SubTitulo />
    <Texto><![CDATA[<p class="identifica">PORTARIAS DE 25 DE AGOSTO DE 2022</p><p>O REITOR DO INSTITUTO FEDERAL DE EDUCAÇÃO, CIÊNCIA E TECNOLOGIA DO PARÁ, reconduzido através do Decreto Presidencial de 31 de julho de 2019, publicado no D.O.U. de 1 de agosto de 2019, seção 2, página 1, no uso de suas atribuições legais e considerando o disposto no processo administrativo nº 23051.010908/2022-26, resolve:</p><p>Nº 1.646 Art. 1º Dispensar, a pedido, o servidor ALEX SANTOS DE OLIVEIRA, matrícula SIAPE 2326496, ocupante do cargo de Professor EBTT, da função de Coordenador do Curso de Técnico em Manutenção e Suporte em Informática do Campus Tucuruí deste Instituto, Código FUC-01.</p><p>Art. 2º Esta portaria entra em vigor a partir de sua publicação no D.O.U.</p><p>O REITOR DO INSTITUTO FEDERAL DE EDUCAÇÃO, CIÊNCIA E TECNOLOGIA DO PARÁ, reconduzido através do Decreto Presidencial de 31 de julho de 2019, publicado no D.O.U. de 1 de agosto de 2019, seção 2, página 1, no uso de suas atribuições legais e considerando o disposto no processo administrativo nº 23051.013006/2022-28, resolve:</p><p>Nº 1.647 Art. 1º Designar o servidor ALEX SANTOS DE OLIVEIRA, matrícula SIAPE 2326496, ocupante do cargo de Professor EBTT, para exercer a função de Coordenador do Curso de Bacharelado em Ciência da Computação do Campus Tucuruí deste Instituto, Código FUC-01.</p><p>Art. 2º. Esta portaria vigorará pelo período de 30 de agosto de 2022 até 29 de agosto de 2024, de acordo com o disposto no Artigo 15, § 4º da Lei nº 8.112/90 c/c os Artigos 30 e 39 da Resolução nº 534/2021/CONSUP/IFPA, de 03/11/2021.</p><p>O REITOR DO INSTITUTO FEDERAL DE EDUCAÇÃO, CIÊNCIA E TECNOLOGIA DO PARÁ, reconduzido através do Decreto Presidencial de 31 de julho de 2019, publicado no D.O.U. de 1 de agosto de 2019, seção 2, página 1, no uso de suas atribuições legais e considerando o disposto no processo administrativo nº 23051.016118/2022-06, resolve:</p><p>Nº 1.649 Art. 1º Art. 1º Dispensar o servidor FRANCISCO DO NASCIMENTO FELIX, matrícula SIAPE 3003501, ocupante do cargo de Professor EBTT, da função de Chefe do Observatório do Mundo do Trabalho do Campus Belém deste Instituto, código FG-02.</p><p>Art. 2º Esta portaria entra em vigor a partir de sua publicação no D.O.U.</p><p>Nº 1.650 Art. 1º Designar o servidor DANIEL GOMES MAGNO, matrícula SIAPE 2388174, ocupante do cargo de Técnico de Laboratório/Segurança do Trabalho, para exercer a função de Chefe do Observatório do Mundo do Trabalho do Campus Belém deste Instituto, código FG-02.</p><p>Art. 2º Esta portaria entra em vigor a partir de sua publicação no D.O.U.</p><p>O REITOR DO INSTITUTO FEDERAL DE EDUCAÇÃO, CIÊNCIA E TECNOLOGIA DO PARÁ, reconduzido através do Decreto Presidencial de 31 de julho de 2019, publicado no D.O.U. de 1 de agosto de 2019, seção 2, página 1, no uso de suas atribuições legais e considerando o disposto no processo administrativo nº 23051.015011/2022-19, resolve:</p><p>Nº 1.652 Art. 1º Contratar, pelo período de 12 (doze) meses, LUIZ FELIPE NAZARÉ VILHENA, CPF XXX.606.432-XX, para o cargo de Professor do Ensino Básico, Técnico e Tecnológico Substituto, Área de Atuação: Sociologia Perfil 1, carga horária de 40 (quarenta) horas semanais, com lotação no Campus Belém deste Instituto, em decorrência da designação da Professora ANA PAULA PALHETA SANTANA, matrícula SIAPE 2515282 para exercer a função de Pró-reitor de Pesquisa, Pós-Graduação e Inovação,, de acordo com o disposto no art. 37, inciso IX da Constituição Federal de 1988, e nos termos da Lei 8.745/1993, art. 2º, inciso IV e §1º, inciso III.</p><p>Art. 2º Esta portaria entra em vigor a partir de sua publicação no D.O.U.</p><p>O REITOR DO INSTITUTO FEDERAL DE EDUCAÇÃO, CIÊNCIA E TECNOLOGIA DO PARÁ, reconduzido através do Decreto Presidencial de 31 de julho de 2019, publicado no D.O.U. de 1 de agosto de 2019, seção 2, página 1, no uso de suas atribuições legais e considerando o disposto no processo administrativo nº 23051.015021/2022-40, resolve:</p><p>Nº 1.653 Art. 1º Contratar, pelo período de 12 (doze) meses, DEUSARINO OLIVEIRA ALMEIDA JÚNIOR, CPF XXX.124.952-XX, para o cargo de Professor do Ensino Básico, Técnico e Tecnológico Substituto, Área de Atuação: Matemática, carga horária de 40 (quarenta) horas semanais, com lotação no Campus Belém deste Instituto, em decorrência da designação do Professor Raimundo Otoni Melo Figueiredo, Matrícula SIAPE 1215847, para exercer a função de Diretor Geral do Campus Belém, de acordo com o disposto no art. 37, inciso IX da Constituição Federal de 1988, e nos termos da Lei 8.745/1993, art. 2º, inciso IV e §1º, inciso III.</p><p>Art. 2º Esta portaria entra em vigor a partir de sua publicação no D.O.U.</p><p>O REITOR DO INSTITUTO FEDERAL DE EDUCAÇÃO, CIÊNCIA E TECNOLOGIA DO PARÁ, reconduzido através do Decreto Presidencial de 31 de julho de 2019, publicado no D.O.U. de 1 de agosto de 2019, seção 2, página 1, no uso de suas atribuições legais e considerando o disposto no processo administrativo nº 23051.015918/2022-71, resolve:</p><p>Nº 1.654 Art. 1º Dispensar, a partir de 1º de agosto de 2022, o servidor FELIPE COELHO DO CARMO, matrícula SIAPE 1414115, ocupante do cargo de Assistente em Administração, da função de Chefe do Núcleo de Contratos e Convênios do Campus Tucuruí deste Instituto, código FG-04.</p><p>Nº 1.655 Art. 1º Designar a servidora ZENILDE CRUZ MACHADO, ocupante do cargo de Assistente em Administração, matrícula SIAPE 1817772, para exercer a função de Chefe do Núcleo de Contratos e Convênios do Campus Tucuruí deste Instituto, código FG-04.</p><p>Art. 2º Esta portaria entra em vigor a partir de sua publicação no D.O.U.</p><p class="assina">CLAUDIO ALEX JORGE DA ROCHA</p>]]></Texto>
  </body>
  <Midias />
</article></xml>