﻿<xml><article id="27740679" name="AFA SEC_8537 FRANCISCO" idOficio="9058539" pubName="DO2" artType="Despacho" pubDate="30/08/2022" artClass="00015:00062:00000:00000:00000:00000:00000:00000:00000:00000:00013:00000" artCategory="Ministério da Economia/Banco do Brasil S.A." artSize="12" artNotes="" numberPage="46" pdfPage="http://pesquisa.in.gov.br/imprensa/jsp/visualiza/index.jsp?data=30/08/2022&amp;jornal=529&amp;pagina=46" editionNumber="165" highlightType="" highlightPriority="" highlight="" highlightimage="" highlightimagename="" idMateria="19841565">
  <body>
    <Identifica><![CDATA[ DESPACHO DO PRESIDENTE de 25 de agosto de 2022]]></Identifica>
    <Data><![CDATA[]]></Data>
    <Ementa />
    <Titulo />
    <SubTitulo />
    <Texto><![CDATA[<p class="identifica">DESPACHO DO PRESIDENTE de 25 de agosto de 2022</p><p>O PRESIDENTE DO BANCO DO BRASIL, no uso da competência prevista no art. 2º do Decreto nº 1.387, de 07 de fevereiro de 1995, que lhe foi delegada no art. 12 da Portaria MF nº 160, de 06 de maio de 2016, autoriza o afastamento do País de FRANCISCO AUGUSTO LASSALVIA, Diretor, no período de 05 a 09 de setembro de 2022, inclusive trânsito, com ônus, na forma do disposto no inciso IV do art. 1º do citado Decreto, a fim de participar de reuniões com clientes do Pilar Atacado (CIB) atendidos pelo Banco Patagônia e reuniões de trabalho com escopo em temas de Governança Corporativa, a realizar-se em Buenos Aires, Argentina. As despesas com passagens aéreas e hospedagens serão a cargo do Banco Patagônia.</p><p class="assina">FAUSTO DE ANDRADE RIBEIRO</p>]]></Texto>
  </body>
  <Midias />
</article></xml>