﻿<xml><article id="27739569" name="Port. FCC - 6934" idOficio="9058296" pubName="DO2" artType="Portaria" pubDate="30/08/2022" artClass="00018:00100:00017:00000:00000:00000:00000:00000:00000:00000:00017:00003" artCategory="Ministério da Educação/Universidade Federal de Minas Gerais/Pró-Reitoria de Recursos Humanos" artSize="12" artNotes="" numberPage="73" pdfPage="http://pesquisa.in.gov.br/imprensa/jsp/visualiza/index.jsp?data=30/08/2022&amp;jornal=529&amp;pagina=73" editionNumber="165" highlightType="" highlightPriority="" highlight="" highlightimage="" highlightimagename="" idMateria="19841268">
  <body>
    <Identifica><![CDATA[ PORTARIA Nº 6.934, DE 25 DE AGOSTO DE 2022]]></Identifica>
    <Data><![CDATA[]]></Data>
    <Ementa />
    <Titulo />
    <SubTitulo />
    <Texto><![CDATA[<p class="identifica">PORTARIA Nº 6.934, DE 25 DE AGOSTO DE 2022</p><p>A Pró-Reitora de Recursos Humanos da Universidade Federal de Minas Gerais, no uso da atribuição que lhe confere a Portaria de Delegação de Competências nº 3258, de 03/05/2022, da Magnífica Reitora, e considerando o teor do processo nº 23072.250435/2022-79, resolve:</p><p>Designar em caráter pró-tempore a servidora Juliana Miranda Filgueiras, matrícula SIAPE nº 2143489, ocupante do cargo efetivo de Professor do Magistério Superior, para exercer a Função Comissionada de Coordenação de Curso - FCC, do Colegiado de Graduação em História, da Faculdade de Filosofia e Ciências Humanas, a partir da data de publicação desta Portaria no Diário Oficial da União.</p><p class="assina">MARIA MÁRCIA MAGELA MACHADO</p>]]></Texto>
  </body>
  <Midias />
</article></xml>