﻿<xml><article id="27736991" name="Imprensa Mapa e EMBRAPA - 26.08." idOficio="9057769" pubName="DO2" artType="Despacho" pubDate="30/08/2022" artClass="00007:00003:00000:00000:00000:00000:00000:00000:00000:00000:00017:00019" artCategory="Ministério da Agricultura, Pecuária e Abastecimento/Secretaria Executiva" artSize="12" artNotes="" numberPage="5" pdfPage="http://pesquisa.in.gov.br/imprensa/jsp/visualiza/index.jsp?data=30/08/2022&amp;jornal=529&amp;pagina=5" editionNumber="165" highlightType="" highlightPriority="" highlight="" highlightimage="" highlightimagename="" idMateria="19840577">
  <body>
    <Identifica><![CDATA[ DESPACHOS DO SECRETÁRIO-EXECUTIVO de 26 de agosto de 2022]]></Identifica>
    <Data><![CDATA[]]></Data>
    <Ementa />
    <Titulo />
    <SubTitulo />
    <Texto><![CDATA[<p class="identifica">DESPACHOS DO SECRETÁRIO-EXECUTIVO de 26 de agosto de 2022</p><p>O SECRETÁRIO-EXECUTIVO DO MINISTÉRIO DA AGRICULTURA, PECUÁRIA E ABASTECIMENTO, no uso da atribuição que lhe foi delegada pela Portaria MAPA nº 185, de 11 de setembro de 2019, e no âmbito do Decreto n° 1.387/1995:</p><p>Autoriza o Diplomata JEAN MARCEL FERNANDES, Secretário de Comércio e Relações Internacionais, cedido para este Ministério, lotado na Secretaria de Comércio e Relações Internacionais - SCRI, a afastar-se do País, na forma do disposto no Art. 1°, inciso IV, com o objetivo de participar da World Food Istanbul 2022, em Istanbul, do evento Casa Brasil, em Londres e participar na Agritalks Lisboa 2022, em Lisboa, República da Turquia, Reino Unido da Grã - Bretanha e Irlanda do Norte e República Portuguesa, no período de 30.08 a 09.09.2022, com ônus para SCRI/PI:Missão. (Processo n° 21000.083164/2022-58)</p><p>Torna sem efeito a autorização de afastamento do país do Diplomata JEAN MARCEL FERNANDES, Secretário de Comércio e Relações Internacionais, cedido para este Ministério, lotado na Secretaria de Comércio e Relações Internacionais - SCRI, de 27 a 30.08.2022, conforme publicação no D.O.U. de 24.08.2022. (Processo nº 21000.080590/2022-30)</p><p>Autoriza CELSO LUIZ MORETTI, Pesquisador, Presidente da Embrapa, lotado na EMBRAPA Diretoria Executiva-Presidência, a afastar-se do País, na forma do disposto no Art. 1°, inciso V, com o objetivo de participar do evento Agritalks Lisboa, como "Speaker" no Painel "Inovações na produção agropecuária: soluções com impacto na mudança climática", em Lisboa e participar do evento AgriTalks - OCDE, como "Speaker" no tema "Climate Adaptation and Carbon Mitigation Technologies in Agriculture - Brazil's experience at a glance", em Paris, República Portuguesa e República Francesa, no período de 06 a 11.09.2022, com ônus limitado. (Processo n° 21148.011393/2022-04)</p><p>Autoriza CLEBER OLIVEIRA SOARES, Secretário Adjunto de Inovação, Desenvolvimento Sustentável e Irrigação, cedido pela Embrapa, à disposição deste Ministério, lotado na Secretaria de Inovação, Desenvolvimento Sustentável e Irrigação - SDI, a afastar-se do País, na forma do disposto no Art. 1°, inciso IV, com o objetivo de participar no evento "Galicia Biodays", em La Coruña, Reino da Espanha, no período de 21 a 27.09.2022, com ônus para OPERASDI. (Processo n° 21000.080313/2022-27)</p><p>Autoriza MARINA VERAS DOURADO PIRES, do Quadro Permanente deste Ministério, lotada no DIPT/CGAA/DSV da Secretaria de Defesa Agropecuária - SDA, a afastar-se do País, na forma do disposto no Art. 1°, inciso IV, com o objetivo de participar da 18ª reunião do Chemical Review Comitee (CRC-18) da Convenção de Roterdã e da 18ª Reunião do Persistent Organic Pollutants Review Committee (POPRC-18) da Convenção de Estocolmo, em Roma, República Italiana, no período de 17.09 a 02.10.2022, com ônus para GERENDSV. (Processo n° 21000.080106/2022-72)</p><p>Autoriza a Auditora Fiscal Federal Agropecuário CRISANGELA NAGATA, lotada na SRNC/CGSM/DSV da Secretaria de Defesa Agropecuária - SDA, a afastar-se do País, na forma do disposto no Art. 1°, inciso IV, com o objetivo de representar a Coordenação-Geral de Sementes e Mudas, do Departamento de Sanidade Vegetal e Insumos Agrícolas, no 8º Congresso de Sementes das Américas, em Punta del Leste, República Oriental do Uruguai, no período de 25.09 a 01.10.2022, com ônus para GERENDSV. (Processo n° 21000.082019/2022-50)</p><p class="assina">MÁRCIO ELI ALMEIDA LEANDRO</p>]]></Texto>
  </body>
  <Midias />
</article></xml>