﻿<xml><article id="27742282" name="DOU2-SGMPFADJ-PGR-3-PT-636-UNI-P" idOficio="9058810" pubName="DO2" artType="Portaria" pubDate="30/08/2022" artClass="00043:00010:00006:00000:00000:00000:00000:00000:00000:00000:00017:00003" artCategory="Ministério Público da União/Ministério Público Federal/Secretaria-Geral" artSize="12" artNotes="" numberPage="129" pdfPage="http://pesquisa.in.gov.br/imprensa/jsp/visualiza/index.jsp?data=30/08/2022&amp;jornal=529&amp;pagina=129" editionNumber="165" highlightType="" highlightPriority="" highlight="" highlightimage="" highlightimagename="" idMateria="19841971">
  <body>
    <Identifica><![CDATA[ PORTARIA SG/MPF Nº 636, DE 24 DE AGOSTO DE 2022]]></Identifica>
    <Data><![CDATA[]]></Data>
    <Ementa />
    <Titulo />
    <SubTitulo />
    <Texto><![CDATA[<p class="identifica">PORTARIA SG/MPF Nº 636, DE 24 DE AGOSTO DE 2022</p><p>O SECRETÁRIO EXECUTIVO DA SECRETARIA-GERAL DO MINISTÉRIO PÚBLICO FEDERAL, no uso da competência delegada pelo artigo 3º, inciso XII, da Portaria SG/MPF nº 499, de 15 de julho de 2022, de acordo com o contido na Informação prestada pela Secretaria de Gestão de Pessoas - PGR-00320130/2022 e tendo em vista o que consta do Procedimento de Gestão Administrativa MPF/PGR n.º 1.00.000.011187/2022-35, resolve:</p><p>Art. 1º Conceder aposentadoria voluntária, com proventos integrais, ao servidor ADENOR PEREIRA DA SILVA, matrícula n.º 2940, Técnico do MPU/Administração, Código TC020101, Classe C, Padrão 13, da Carreira de Técnico do Ministério Público da União, com fundamento no artigo 3º, incisos I, II e III, parágrafo único, da Emenda Constitucional nº 47, de 05 de julho de 2005, c/c o artigo 7º da Emenda Constitucional nº 41, de 19 de dezembro de 2003, com o cômputo de 270 (duzentos e setenta) dias de saldo de licença-prêmio.</p><p>Art. 2º Declarar vago o referido cargo.</p><p>Art. 3º Esta portaria entra em vigor na data de sua publicação.</p><p class="assina">CLEUBER DELANO JOSE LISBOA FILHO</p>]]></Texto>
  </body>
  <Midias />
</article></xml>