﻿<xml><article id="27732119" name="Portaria_IFAL_2022_3154" idOficio="9056550" pubName="DO2" artType="Portaria" pubDate="30/08/2022" artClass="00018:00044:00001:00000:00000:00000:00000:00000:00000:00000:00017:00002" artCategory="Ministério da Educação/Instituto Federal de Educação, Ciência e Tecnologia de Alagoas/Reitoria" artSize="12" artNotes="" numberPage="50" pdfPage="http://pesquisa.in.gov.br/imprensa/jsp/visualiza/index.jsp?data=30/08/2022&amp;jornal=529&amp;pagina=50" editionNumber="165" highlightType="" highlightPriority="" highlight="" highlightimage="" highlightimagename="" idMateria="19839064">
  <body>
    <Identifica><![CDATA[ PORTARIA Nº 3.154/IFAL, DE 25 DE AGOSTO DE 2022]]></Identifica>
    <Data><![CDATA[]]></Data>
    <Ementa />
    <Titulo />
    <SubTitulo />
    <Texto><![CDATA[<p class="identifica">PORTARIA Nº 3.154/IFAL, DE 25 DE AGOSTO DE 2022</p><p>A SUBSTITUTA DO REITOR DO INSTITUTO FEDERAL DE ALAGOAS, nomeado pela Portaria nº. 2.970/GR/IFAL, de 20 de setembro de 2021, publicada no DOU de 22 de setembro de 2021, Seção 2, p. 19, no uso de suas atribuições legais e o que consta no Processo nº 23041.019453/2022-42, resolve</p><p>Art.1º - Nomear, em caráter efetivo, o(a) candidato(a) YASMIN DE LIMA HOLANDA (ampla concorrência), para o cargo de Assistente de Aluno, C101, no Campus Penedo, com regime de trabalho de 40 (quarenta) horas semanais, nos termos do art. 9º, inciso I, da Lei nº 8.112/90, tendo em vista o Edital de Abertura nº 59, de 12 de maio de 2016, publicado no D.O.U. de 13 de maio de 2016, retificado no DOU de 03/06/2016, Edital de Homologação de 29/12/2016 publicado no D.O.U de 30/12/2016, retificado no DOU de 04/01/2017, e Edital de Prorrogação nº 128, publicado no DOU de 13/12/2018, código de vaga 961126 (vaga nova de Portaria nº 45/MEC, DOU 24/01/2022).</p><p>Art.2º - A posse do (a) nomeado (a) ocorrerá no prazo de 30 (trinta) dias contados da publicação desta Portaria no Diário Oficial da União, conforme §1º do art. 13 da Lei nº 8.112/90.</p><p>Art. 3º - A contagem do prazo de validade do concurso público foi suspensa durante o período de calamidade pública (20/03/2020 a 31/12/2021) devido à pandemia da COVID-19, conforme editais de suspensão publicados no DOU de 09/06/2020, Seção 3, Pág. 57, e no DOU de 29/03/2022, Seção 3, Pág. 45.</p><p class="assina">Maria Cledilma Ferreira da Silva Costa</p>]]></Texto>
  </body>
  <Midias />
</article></xml>