﻿<xml><article id="27733498" name="Portaria_de_Pessoal_2258999" idOficio="9056941" pubName="DO2" artType="Portaria" pubDate="30/08/2022" artClass="00018:00111:00017:00000:00000:00000:00000:00000:00000:00000:00017:00008" artCategory="Ministério da Educação/Universidade Federal do Rio de Janeiro/Pró-Reitoria de Pessoal" artSize="12" artNotes="7829" numberPage="80" pdfPage="http://pesquisa.in.gov.br/imprensa/jsp/visualiza/index.jsp?data=30/08/2022&amp;jornal=529&amp;pagina=80" editionNumber="165" highlightType="" highlightPriority="" highlight="" highlightimage="" highlightimagename="" idMateria="19839436">
  <body>
    <Identifica><![CDATA[ PORTARIA Nº 7.829,  DE 25 DE AGOSTO DE 2022]]></Identifica>
    <Data><![CDATA[]]></Data>
    <Ementa />
    <Titulo />
    <SubTitulo />
    <Texto><![CDATA[<p class="identifica">PORTARIA Nº 7.829, DE 25 DE AGOSTO DE 2022</p><p>O Pró-Reitor de Pessoal, no uso da competência delegada pela Reitora da Universidade Federal do Rio de Janeiro, através da Portaria nº 10.120 de 16 de dezembro de 2021, publicada no Diário Oficial da União de 17 de dezembro de 2021, resolve:</p><p>Declarar vago, em 09-agosto-22, o cargo de Assistente em Administração, ocupado pelo (a) servidor (a) ALEXANDRE DE ALMEIDA ALVES, matrícula SIAPE n° 1497524, do Quadro de Pessoal desta Universidade, decorrente de seu falecimento de acordo com artigo 33, item IX da Lei n° 8112 de 11 de dezembro de 1990, conforme processo n. ° 23079.237275/2022-11.</p><p class="assina">ALEXANDRE BRASIL CARVALHO DA FONSECA</p>]]></Texto>
  </body>
  <Midias />
</article></xml>