﻿<xml><article id="27734428" name="Portarias 26.08.2022" idOficio="9057139" pubName="DO2" artType="Portaria" pubDate="30/08/2022" artClass="00018:00115:00001:00000:00000:00000:00000:00000:00000:00000:00017:00000" artCategory="Ministério da Educação/Universidade Federal Rural do Rio de Janeiro/Reitoria" artSize="12" artNotes="" numberPage="83" pdfPage="http://pesquisa.in.gov.br/imprensa/jsp/visualiza/index.jsp?data=30/08/2022&amp;jornal=529&amp;pagina=83" editionNumber="165" highlightType="" highlightPriority="" highlight="" highlightimage="" highlightimagename="" idMateria="19839764">
  <body>
    <Identifica><![CDATA[ PORTARIA DA REITORIA Nº 5.658, DE 26 DE AGOSTO DE 2022]]></Identifica>
    <Data><![CDATA[]]></Data>
    <Ementa />
    <Titulo />
    <SubTitulo />
    <Texto><![CDATA[<p class="identifica">PORTARIA DA REITORIA Nº 5.658, DE 26 DE AGOSTO DE 2022</p><p>O REITOR DA UNIVERSIDADE FEDERAL RURAL DO RIO DE JANEIRO, no uso das atribuições que lhe confere o Art. 9º, inciso XVII, do Regimento Geral da UFRRJ</p><p>Declarar vago, a partir de 30/08/2022, o cargo de Técnico de Laboratório-Área, ocupado pelo servidor desta Universidade DEVERSON WULPI FRAGA, matrícula SIAPE nº 2153709, código de vaga nº 869544, lotado no Departamento de Engenharia Química do Instituto de Tecnologia, tendo em vista a posse em outro cargo inacumulável, conforme Portaria de Pessoal nº 657, de 11/08/2022, da Universidade Federal do Espírito Santo, publicada no Diário Oficial da União em 12/08/2022, seção II página 34, com fundamento no artº 33, VIII da Lei n 8.112/90.</p><p>Processo n° 23083.050279/2022-19,</p><p class="assina">ROBERTO DE SOUZA RODRIGUES</p>]]></Texto>
  </body>
  <Midias />
</article></xml>