﻿<xml><article id="27737018" name="Modelo 25 08 - Portarias.docx" idOficio="9057781" pubName="DO2" artType="Portaria" pubDate="30/08/2022" artClass="00018:00064:00009:00000:00000:00000:00000:00000:00000:00000:00017:00001" artCategory="Ministério da Educação/Instituto Federal de Educação, Ciência e Tecnologia do Paraná/Pró-Reitoria de Gestão de Pessoas" artSize="12" artNotes="" numberPage="58" pdfPage="http://pesquisa.in.gov.br/imprensa/jsp/visualiza/index.jsp?data=30/08/2022&amp;jornal=529&amp;pagina=58" editionNumber="165" highlightType="" highlightPriority="" highlight="" highlightimage="" highlightimagename="" idMateria="19840592">
  <body>
    <Identifica><![CDATA[ PORTARIAS DE PESSOAL PROGEPE/IFPR DE 25 DE AGOSTO DE 2022]]></Identifica>
    <Data><![CDATA[]]></Data>
    <Ementa />
    <Titulo />
    <SubTitulo />
    <Texto><![CDATA[<p class="identifica">PORTARIAS DE PESSOAL PROGEPE/IFPR DE 25 DE AGOSTO DE 2022</p><p>A Pró-Reitora Substituta de Gestão de Pessoas do Instituto Federal do Paraná, no uso da competência que lhe confere a Portaria nº 394 de 19 de abril de 2022, publicada no Diário Oficial da União em 25 de abril de 2022, seção 02, página 28, resolve:</p><p>Nº 770 Contratar PRISCILA DOMBROVSKI ZEN como Professora Substituta, conforme código do titular n° 951155, com salário correspondente à Classe DI, nível I, de Professor da Carreira do Magistério do Ensino Básico, Técnico e Tecnológico, acrescido de Retribuição pelo Mestrado em Matemática, conforme arts. 16 e 17 da Lei 12.772/12 no regime de trabalho de 40 (quarenta) horas semanais. Área: Matemática, para prestar serviço junto ao Campus Pinhais, até 31/01/2023 e a partir da data da assinatura do contrato. (Processo: 23411.015076/2022-17)</p><p>Nº 772 Contratar EVANDRO RIBEIRO como Professor Substituto, conforme código do titular n° 939074, com salário correspondente à Classe DI, nível I, de Professor da Carreira do Magistério do Ensino Básico, Técnico e Tecnológico, acrescido de Retribuição pela Especialização em Educação, conforme arts. 16 e 17 da Lei 12.772/12 no regime de trabalho de 40 (quarenta) horas semanais. Área: Letras Português/Inglês, para prestar serviço junto ao Campus Palmas, até 31/01/2023 e a partir da data da assinatura do contrato. (Processo: 23411.014927/2022-12)</p><p class="assina">Yannes Romeika de Oliveira Santos</p>]]></Texto>
  </body>
  <Midias />
</article></xml>