﻿<xml><article id="27732278" name="PT 2660 A 2662" idOficio="9056688" pubName="DO2" artType="Portaria" pubDate="30/08/2022" artClass="00027:00002:00000:00000:00000:00000:00000:00000:00000:00000:00017:00002" artCategory="Ministério do Trabalho e Previdência/Secretaria Executiva" artSize="12" artNotes="" numberPage="121" pdfPage="http://pesquisa.in.gov.br/imprensa/jsp/visualiza/index.jsp?data=30/08/2022&amp;jornal=529&amp;pagina=121" editionNumber="165" highlightType="" highlightPriority="" highlight="" highlightimage="" highlightimagename="" idMateria="19839217">
  <body>
    <Identifica><![CDATA[ PORTARIAS SE/MTP DE 25 DE AGOSTO DE 2022]]></Identifica>
    <Data><![CDATA[]]></Data>
    <Ementa />
    <Titulo />
    <SubTitulo />
    <Texto><![CDATA[<p class="identifica">PORTARIAS SE/MTP DE 25 DE AGOSTO DE 2022</p><p>O SECRETÁRIO-EXECUTIVO DO MINISTÉRIO DO TRABALHO E PREVIDÊNCIA, no uso de suas atribuições e tendo em vista o art. 9º da Portaria MTP nº 158, de 1º de setembro de 2021, publicada no DOU de 2 de setembro de 2021, seção 1, página 152, resolve</p><p>Nº 2.660 - Designar ALEXANDRA WASILEWSKI MARTINS, matrícula nº 1133037, para exercer o encargo de substituta eventual do Coordenador de Contratos, código FCE 1.10, da Coordenação-Geral de Licitações e Contratos, da Diretoria de Administração, Finanças e Contabilidade da Secretaria de Gestão Corporativa desta Secretaria-Executiva, nos afastamentos e impedimentos legais do titular, ou na vacância da função. (Processo nº 19958.101000/2022-69).</p><p>Nº 2.661 - Designar ANDRÉ DO ESPÍRITO SANTO PEREIRA, matrícula nº 1802991, para exercer o encargo de substituto eventual do Chefe da Divisão de Atas e Contratos, código FCE 1.07, da Coordenação de Contratos da Coordenação-Geral de Licitações e Contratos, da Diretoria de Administração, Finanças e Contabilidade da Secretaria de Gestão Corporativa desta Secretaria-Executiva, nos afastamentos e impedimentos legais do titular, ou na vacância da função. (Processo nº 19958.101000/2022-69).</p><p>Nº 2.662 - Designar MÁRCIA SOARES SARAIVA, matrícula nº 1806989, para exercer o encargo de substituta eventual do Chefe do Serviço de Acompanhamento de Contratos, código FCE 1.05, da Divisão de Atas e Contratos, da Coordenação de Contratos da Coordenação-Geral de Licitações e Contratos, da Diretoria de Administração, Finanças e Contabilidade da Secretaria de Gestão Corporativa desta Secretaria-Executiva, nos afastamentos e impedimentos legais do titular, ou na vacância da função. (Processo nº 19958.101000/2022-69).</p><p class="assina">LUCIO RODRIGUES CAPELLETTO</p>]]></Texto>
  </body>
  <Midias />
</article></xml>