﻿<xml><article id="27732236" name="PORT 216 ENQUADRAMENTO Secao 2" idOficio="9056602" pubName="DO2" artType="Portaria" pubDate="30/08/2022" artClass="00018:00002:00021:00000:00000:00000:00000:00000:00000:00000:00017:00005" artCategory="Ministério da Educação/Secretaria Executiva/Subsecretaria de Assuntos Administrativos" artSize="12" artNotes="" numberPage="48" pdfPage="http://pesquisa.in.gov.br/imprensa/jsp/visualiza/index.jsp?data=30/08/2022&amp;jornal=529&amp;pagina=48" editionNumber="165" highlightType="" highlightPriority="" highlight="" highlightimage="" highlightimagename="" idMateria="19839120">
  <body>
    <Identifica><![CDATA[ PORTARIA Nº 216, DE 25 DE AGOSTO DE 2022]]></Identifica>
    <Data><![CDATA[]]></Data>
    <Ementa />
    <Titulo />
    <SubTitulo />
    <Texto><![CDATA[<p class="identifica">PORTARIA Nº 216, DE 25 DE AGOSTO DE 2022</p><p>A SUBSECRETÁRIA DE ASSUNTOS ADMINISTRATIVOS, no uso das atribuições e com base no que estabelece a Lei nº 13.681, de 18 de junho de 2018; a Medida Provisória 1.122, de 8 de junho de 2022; e tendo em vista a Portaria MEC nº 1.239, de 1º de julho de 2019, publicada no Diário Oficial da União de 2 de julho de 2019, decide que:</p><p>Art. 1º Fica autorizado o enquadramento dos servidores relacionados no Anexo I desta Portaria, ocupantes do cargo de Professor do Extinto Território de Rondônia, na carreira de Magistério do Ensino Básico, Técnico e Tecnológico, estruturada pela Lei nº 12.772, de 28 de dezembro de 2012.</p><p>Art. 2º Esta Portaria entra em vigor na data de sua publicação.</p><p class="assina">CARLA BAKSYS PINTO</p><p class="anexo">ANEXO I</p><p /><p></p><table><tr /><tr><td rowspan="1" colspan="1"><p>Nº</p></td><td rowspan="1" colspan="1"><p>PROCESSO</p></td><td rowspan="1" colspan="1"><p>SERVIDOR</p></td><td rowspan="1" colspan="1"><p>ORIGEM</p></td></tr><tr><td rowspan="1" colspan="1"><p>01</p></td><td rowspan="1" colspan="1"><p>14021.116072/2020-96</p></td><td rowspan="1" colspan="1"><p>NAIR DEGANUTTI MAIA</p></td><td rowspan="1" colspan="1"><p>RO</p></td></tr><tr><td rowspan="1" colspan="1"><p>02</p></td><td rowspan="1" colspan="1"><p>14021.115245/2020-59</p></td><td rowspan="1" colspan="1"><p>MIRTES BALBI SENA</p></td><td rowspan="1" colspan="1"><p>RO</p></td></tr><tr><td rowspan="1" colspan="1"><p>03</p></td><td rowspan="1" colspan="1"><p>14021.113390/2020-03</p></td><td rowspan="1" colspan="1"><p>VAGNERES CAMELO DOS ANJOS</p></td><td rowspan="1" colspan="1"><p>RO</p></td></tr><tr><td rowspan="1" colspan="1"><p>04</p></td><td rowspan="1" colspan="1"><p>14021.113224/2020-07</p></td><td rowspan="1" colspan="1"><p>THAIS ARAUJO BUENO</p></td><td rowspan="1" colspan="1"><p>RO</p></td></tr><tr><td rowspan="1" colspan="1"><p>05</p></td><td rowspan="1" colspan="1"><p>14021.116252/2020-78</p></td><td rowspan="1" colspan="1"><p>NILMA SILVA DE BRITO</p></td><td rowspan="1" colspan="1"><p>RO</p></td></tr><tr><td rowspan="1" colspan="1"><p>06</p></td><td rowspan="1" colspan="1"><p>14021.116053/2020-60</p></td><td rowspan="1" colspan="1"><p>MIRIAN ROSA GUIZELINI DE ALMEIDA</p></td><td rowspan="1" colspan="1"><p>RO</p></td></tr><tr><td rowspan="1" colspan="1"><p>07</p></td><td rowspan="1" colspan="1"><p>14021.113825/2020-10</p></td><td rowspan="1" colspan="1"><p>TEREZINHA DA PENHA PIMENTELI ROCHA</p></td><td rowspan="1" colspan="1"><p>RO</p></td></tr><tr><td rowspan="1" colspan="1"><p>08</p></td><td rowspan="1" colspan="1"><p>14021.112813/2020-60</p></td><td rowspan="1" colspan="1"><p>TEREZINHA CÂNDIDO CABRAL</p></td><td rowspan="1" colspan="1"><p>RO</p></td></tr><tr><td rowspan="1" colspan="1"><p>09</p></td><td rowspan="1" colspan="1"><p>14021.113827/2020-09</p></td><td rowspan="1" colspan="1"><p>TELMA LUCIA LOBATO DE MORAES</p></td><td rowspan="1" colspan="1"><p>RO</p></td></tr><tr><td rowspan="1" colspan="1"><p>10</p></td><td rowspan="1" colspan="1"><p>14021.114516/2020-59</p></td><td rowspan="1" colspan="1"><p>TEREZINHA ANIZIA PAINKO</p></td><td rowspan="1" colspan="1"><p>RO</p></td></tr><tr><td rowspan="1" colspan="1"><p>11</p></td><td rowspan="1" colspan="1"><p>14021.113387/2020-81</p></td><td rowspan="1" colspan="1"><p>TEREZA FELIX DOS SANTOS</p></td><td rowspan="1" colspan="1"><p>RO</p></td></tr><tr><td rowspan="1" colspan="1"><p>12</p></td><td rowspan="1" colspan="1"><p>14021.117305/2020-78</p></td><td rowspan="1" colspan="1"><p>TASSIONYLIA FERREIRA APARECIDA</p></td><td rowspan="1" colspan="1"><p>RO</p></td></tr><tr><td rowspan="1" colspan="1"><p>13</p></td><td rowspan="1" colspan="1"><p>14021.113810/2020-43</p></td><td rowspan="1" colspan="1"><p>TÂNIA PETTERLE</p></td><td rowspan="1" colspan="1"><p>RO</p></td></tr><tr><td rowspan="1" colspan="1"><p>14</p></td><td rowspan="1" colspan="1"><p>14021.114971/2020-54</p></td><td rowspan="1" colspan="1"><p>MARTA MARTINS FERRAZ PALONI</p></td><td rowspan="1" colspan="1"><p>RO</p></td></tr><tr><td rowspan="1" colspan="1"><p>15</p></td><td rowspan="1" colspan="1"><p>14021.116677/2020-87</p></td><td rowspan="1" colspan="1"><p>EDVALDO MACIEL FERREIRA</p></td><td rowspan="1" colspan="1"><p>RO</p></td></tr><tr><td rowspan="1" colspan="1"><p>16</p></td><td rowspan="1" colspan="1"><p>14021.114254/2020-22</p></td><td rowspan="1" colspan="1"><p>EDSON FRANCISCO DE OLIVEIRA SILVEIRA</p></td><td rowspan="1" colspan="1"><p>RO</p></td></tr><tr><td rowspan="1" colspan="1"><p>17</p></td><td rowspan="1" colspan="1"><p>14021.118544/2020-45</p></td><td rowspan="1" colspan="1"><p>NORMANDO FELIX ARARIPE LEITE</p></td><td rowspan="1" colspan="1"><p>RO</p></td></tr><tr><td rowspan="1" colspan="1"><p>18</p></td><td rowspan="1" colspan="1"><p>14021.113393/2020-39</p></td><td rowspan="1" colspan="1"><p>NEUZA CAVALCANTE NUNES</p></td><td rowspan="1" colspan="1"><p>RO</p></td></tr><tr><td rowspan="1" colspan="1"><p>19</p></td><td rowspan="1" colspan="1"><p>14021.114052/2020-81</p></td><td rowspan="1" colspan="1"><p>NILTON PEREIRA CHAGAS</p></td><td rowspan="1" colspan="1"><p>RO</p></td></tr><tr><td rowspan="1" colspan="1"><p>20</p></td><td rowspan="1" colspan="1"><p>14021.115246/2020-01</p></td><td rowspan="1" colspan="1"><p>NÚBIA GOMES DA SILVA</p></td><td rowspan="1" colspan="1"><p>RO</p></td></tr></table>]]></Texto>
  </body>
  <Midias />
</article></xml>