﻿<xml><article id="27742978" name="Portaria CNMP-SG 276 - Dispensa " idOficio="9058916" pubName="DO2" artType="Portaria" pubDate="30/08/2022" artClass="00042:00002:00000:00000:00000:00000:00000:00000:00000:00000:00017:00000" artCategory="Conselho Nacional do Ministério Público/Secretaria-Geral" artSize="12" artNotes="" numberPage="127" pdfPage="http://pesquisa.in.gov.br/imprensa/jsp/visualiza/index.jsp?data=30/08/2022&amp;jornal=529&amp;pagina=127" editionNumber="165" highlightType="" highlightPriority="" highlight="" highlightimage="" highlightimagename="" idMateria="19842138">
  <body>
    <Identifica><![CDATA[ PORTARIA CNMP-SG Nº 276, DE 24 DE AGOSTO DE 2022]]></Identifica>
    <Data><![CDATA[]]></Data>
    <Ementa />
    <Titulo />
    <SubTitulo />
    <Texto><![CDATA[<p class="identifica">PORTARIA CNMP-SG Nº 276, DE 24 DE AGOSTO DE 2022</p><p>O SECRETÁRIO-GERAL DO CONSELHO NACIONAL DO MINISTÉRIO PÚBLICO, no uso das atribuições previstas no art. 1º, inciso XII, da Portaria CNMP-PRESI nº 57, de 27 de maio de 2016, e tendo em vista o disposto no art. 38 da Lei nº 8.112, de 11 de dezembro de 1990, bem como o que consta do Processo Administrativo nº 19.00.2020.0005809/2022-81, resolve:</p><p>Art. 1º Dispensar a servidora OLGA OLIVEIRA BANDEIRA DINIZ, ocupante do cargo de Analista Jurídico, matrícula nº 22.314, do encargo de substituta eventual do cargo em comissão de Coordenador de Ouvidoria, código CC-3, do Conselho Nacional do Ministério Público, previsto na Lei nº 12.412, de 31 de maio de 2011.</p><p>Art. 2º Designar a servidora SABRINA DE ALMEIDA SOUZA, ocupante do cargo de Analista de Desenvolvimento de Sistemas, matrícula nº 24.118, para o encargo de substituta eventual do cargo em comissão mencionado no art. 1º desta Portaria.</p><p>Art. 3º Esta Portaria entra em vigor na data de sua publicação.</p><p class="assina">CARLOS VINÍCIUS ALVES RIBEIRO</p>]]></Texto>
  </body>
  <Midias />
</article></xml>