﻿<xml><article id="27741850" name="Of. 362 - PORTARIA 603 - AFASTAM" idOficio="9058749" pubName="DO2" artType="Portaria" pubDate="30/08/2022" artClass="00018:00145:00001:00000:00000:00000:00000:00000:00000:00000:00017:00002" artCategory="Ministério da Educação/Fundação Universidade Federal de Rondônia/Reitoria" artSize="12" artNotes="" numberPage="92" pdfPage="http://pesquisa.in.gov.br/imprensa/jsp/visualiza/index.jsp?data=30/08/2022&amp;jornal=529&amp;pagina=92" editionNumber="165" highlightType="" highlightPriority="" highlight="" highlightimage="" highlightimagename="" idMateria="19841876">
  <body>
    <Identifica><![CDATA[ PORTARIA Nº 603/GR/UNIR, DE 25 DE AGOSTO DE 2022]]></Identifica>
    <Data><![CDATA[]]></Data>
    <Ementa />
    <Titulo />
    <SubTitulo />
    <Texto><![CDATA[<p class="identifica">PORTARIA Nº 603/GR/UNIR, DE 25 DE AGOSTO DE 2022</p><p>A REITORA DA FUNDAÇÃO UNIVERSIDADE FEDERAL DE RONDÔNIA (UNIR), no uso das atribuições que lhe são conferidas mediante o artigo 7º da Lei nº 7.011, de 08 de julho de 1982; o artigo 11 do Estatuto da UNIR; o Decreto Presidencial, de 18/11/2020, publicado no DOU nº 221, de 19 de novembro de 2020, seção 2, p.1; considerando o processo nº 23118.005138/2022-05, resolve:</p><p>Art. 1º Autorizar o afastamento do país à servidora JULIANA BEVILACQUA MAIOLI, professora do magistério superior, matrícula Siape nº 1818566, lotada no Departamento Acadêmico de Línguas Estrangeiras (DALE), Campus de Porto Velho, no período de 26/8/2022 a 18/12/2022, com ônus limitado, para realizar intercâmbio acadêmico-científico no exterior e desenvolver atividades interdisciplinares junto a um projeto de pesquisa, na Universidade Complutense de Madrid (UCM), na Espanha, com fundamento legal no artigo 95 da Lei nº 8.112/90, Vide Decreto nº 1.387, de 1995; no artigo 30, inciso II, da Lei nº 12.772/2012; no Decreto nº 9.991/2019, na Resolução nº 028/CONSEA/UNIR/2019 e na Instrução Normativa SGP-ENAP/SEDGG/ME nº 21, de 1º de fevereiro de 2021.</p><p>Art. 2º A interessada deverá apresentar à sua chefia imediata os documentos estabelecidos no artigo 28 da Resolução nº 28/CONSEA/UNIR/2019, dentro dos prazos estabelecidos na referida Resolução.</p><p>Art. 3º A interessada deverá comprovar a participação efetiva na ação que gerou seu afastamento, no prazo de até trinta dias da data de retorno às atividades, em conformidade com os incisos I e II do artigo 30 da Instrução Normativa SGP-ENAP/SEDGG/ME nº 21, de 01/02/2021.</p><p>Art. 4º A interessada poderá solicitar interrupção do afastamento antes do prazo, conforme preconiza o artigo 20 do Decreto nº 9.991/2019.</p><p>Art. 5º A interessada poderá solicitar suspensão do afastamento para tratamento da própria saúde ou de pessoa da família, com base no § 2º do artigo 20 da Resolução nº 28/CONSEA/UNIR/2019.</p><p>Art. 6º A interessada fica ciente de que o prazo para apresentação na unidade de lotação é de 05 (cinco) dias úteis a contar do término do afastamento, nos termos do artigo 50 da Resolução nº 28/CONSEA/2019, de 30/4/2019.</p><p>Art. 7º Esta Portaria entra em vigor na data de sua publicação.</p><p class="assina">Marcele Regina Nogueira Pereira</p>]]></Texto>
  </body>
  <Midias />
</article></xml>