﻿<xml><article id="27738122" name="PORTARIA SEORI-SG-MD NA 4501" idOficio="9058020" pubName="DO2" artType="Portaria" pubDate="30/08/2022" artClass="00013:00041:00000:00000:00000:00000:00000:00000:00000:00000:00017:00000" artCategory="Ministério da Defesa/Secretaria de Orçamento e Organização Institucional" artSize="12" artNotes="" numberPage="29" pdfPage="http://pesquisa.in.gov.br/imprensa/jsp/visualiza/index.jsp?data=30/08/2022&amp;jornal=529&amp;pagina=29" editionNumber="165" highlightType="" highlightPriority="" highlight="" highlightimage="" highlightimagename="" idMateria="19840877">
  <body>
    <Identifica><![CDATA[ PORTARIA SEORI/SG-MD  Nº 4.501, DE 23 DE AGOSTO DE 2022]]></Identifica>
    <Data><![CDATA[]]></Data>
    <Ementa />
    <Titulo />
    <SubTitulo />
    <Texto><![CDATA[<p class="identifica">PORTARIA SEORI/SG-MD Nº 4.501, DE 23 DE AGOSTO DE 2022</p><p>O SECRETÁRIO DE ORÇAMENTO E ORGANIZAÇÃO INSTITUCIONAL DO MINISTÉRIO DA DEFESA, no uso da competência que lhe foi subdelegada pelo inciso IV do art. 66, capítulo IV, anexo VIII da Portaria Normativa n <sup>o</sup> 12/MD, de 14 de fevereiro de 2019 e considerando o disposto no art. 8º da Portaria Normativa n <sup>o</sup> 98/GM-MD, de 20 de dezembro de 2018, e o que consta do Processo Administrativo nº 60583.000714/2022-50, resolve:</p><p>Dispensar o CMG MAURO RODRIGUES SECO JÚNIOR de ficar à disposição da administração central do Ministério da Defesa, a contar de 18 de abril de 2022.</p><p class="assina">JOSÉ ROBERTO FERNANDES JÚNIOR</p>]]></Texto>
  </body>
  <Midias />
</article></xml>