﻿<xml><article id="27740276" name="PORT. GP.DG.SGPE 1936.2022" idOficio="9058458" pubName="DO2" artType="Portaria" pubDate="30/08/2022" artClass="00047:00057:00027:00000:00000:00000:00000:00000:00000:00000:00017:00000" artCategory="Poder Judiciário/Tribunal Regional do Trabalho da 18ª Região/Presidência" artSize="12" artNotes="" numberPage="145" pdfPage="http://pesquisa.in.gov.br/imprensa/jsp/visualiza/index.jsp?data=30/08/2022&amp;jornal=529&amp;pagina=145" editionNumber="165" highlightType="" highlightPriority="" highlight="" highlightimage="" highlightimagename="" idMateria="19841460">
  <body>
    <Identifica><![CDATA[ PORTARIA TRT 18ª GP/DG/SGPE Nº 1.936, de 26 de agosto de 2022]]></Identifica>
    <Data><![CDATA[]]></Data>
    <Ementa />
    <Titulo />
    <SubTitulo />
    <Texto><![CDATA[<p class="identifica">PORTARIA TRT 18ª GP/DG/SGPE Nº 1.936, de 26 de agosto de 2022</p><p>O DESEMBARGADOR-PRESIDENTE DO TRIBUNAL REGIONAL DO TRABALHO DA 18ª REGIÃO, no uso de suas atribuições legais e regimentais, e tendo em vista o teor do Processo Administrativo nº 9446/2022, resolve:</p><p>Autorizar a cessão da servidora KATIA MARIA TAVARES DE ALBUQUERQUE MATOS, ocupante do cargo de Técnico Judiciário, Área Administrativa, ao Tribunal Superior do Trabalho, por prazo indeterminado e com ônus para a origem, a partir de 29 de agosto de 2022, com fulcro no art. 93 da Lei nº 8.112/90.</p><p class="assina">DANIEL VIANA JUNIOR</p>]]></Texto>
  </body>
  <Midias />
</article></xml>