﻿<xml><article id="27740231" name="PORTARIA AGU NA 256 REVOGAR DESP" idOficio="9058445" pubName="DO2" artType="Portaria" pubDate="30/08/2022" artClass="00006:00009:00000:00000:00000:00000:00000:00000:00000:00000:00017:00002" artCategory="Presidência da República/Advocacia-Geral da União" artSize="12" artNotes="" numberPage="1" pdfPage="http://pesquisa.in.gov.br/imprensa/jsp/visualiza/index.jsp?data=30/08/2022&amp;jornal=529&amp;pagina=1" editionNumber="165" highlightType="" highlightPriority="" highlight="" highlightimage="" highlightimagename="" idMateria="19841445">
  <body>
    <Identifica><![CDATA[ PORTARIA AGU Nº 256, DE 25 DE AGOSTO DE 2022]]></Identifica>
    <Data><![CDATA[]]></Data>
    <Ementa />
    <Titulo />
    <SubTitulo />
    <Texto><![CDATA[<p class="identifica">PORTARIA AGU Nº 256, DE 25 DE AGOSTO DE 2022</p><p><strong>O ADVOGADO-GERAL DA UNIÃO</strong>, no uso das atribuições que lhe confere o art. 4º, incisos I e XVIII da Lei Complementar nº 73, de 10 de fevereiro de 1993, e considerando o que consta no Processo Administrativo nº 00405.051617/2021-73, resolve:</p><p>Revogar o DESPACHO DO ADVOGADO-GERAL DA UNIÃO Nº 505, de 9 de dezembro de 2021, publicado no DOU nº 233, de 13 de dezembro de 2021, Seção 2, pág. 2.</p><p class="assina">BRUNO BIANCO LEAL</p>]]></Texto>
  </body>
  <Midias />
</article></xml>