﻿<xml><article id="27733600" name="Desp_MME_INB" idOficio="9056964" pubName="DO2" artType="Despacho" pubDate="30/08/2022" artClass="00023:00001:00000:00000:00000:00000:00000:00000:00000:00000:00013:00013" artCategory="Ministério de Minas e Energia/Gabinete do Ministro" artSize="12" artNotes="" numberPage="109" pdfPage="http://pesquisa.in.gov.br/imprensa/jsp/visualiza/index.jsp?data=30/08/2022&amp;jornal=529&amp;pagina=109" editionNumber="165" highlightType="" highlightPriority="" highlight="" highlightimage="" highlightimagename="" idMateria="19839463">
  <body>
    <Identifica><![CDATA[ DESPACHO DO MINISTRO DE ESTADO de 25 de agosto de 2022]]></Identifica>
    <Data><![CDATA[]]></Data>
    <Ementa />
    <Titulo />
    <SubTitulo />
    <Texto><![CDATA[<p class="identifica">DESPACHO DO MINISTRO DE ESTADO de 25 de agosto de 2022</p><p>O MINISTRO DE ESTADO DE MINAS E ENERGIA, tendo em vista o disposto no Decreto nº 1.387, de 7 de fevereiro de 1995, e no art. 7º do Decreto nº 10.193, de 27 de dezembro de 2019, resolve autorizar o seguinte afastamento do País:</p><p>NOME: Carlos Freire Moreira. CARGO/FUNÇÃO: Presidente. ÓRGÃO: Indústrias Nucleares do Brasil S.A. - INB. PAÍS DE DESTINO: Áustria. FINALIDADE: Participar da 66ª Conferência Geral promovida pela Agência Internacional de Energia Atômica - AIEA. PERÍODO: 23/09/2022 a 01/10/2022. TIPO DE AFASTAMENTO: Com ônus. ENQUADRAMENTO DA VIAGEM: art. 1º, inciso IV, do Decreto nº 1.387, de 1995.</p><p class="assina">ADOLFO SACHSIDA</p>]]></Texto>
  </body>
  <Midias />
</article></xml>