﻿<xml><article id="27738761" name="ATO PORTARIA NA 196" idOficio="9058124" pubName="DO2" artType="Portaria" pubDate="30/08/2022" artClass="00018:00012:00000:00000:00000:00000:00000:00000:00000:00000:00017:00196" artCategory="Ministério da Educação/Corregedoria" artSize="12" artNotes="" numberPage="48" pdfPage="http://pesquisa.in.gov.br/imprensa/jsp/visualiza/index.jsp?data=30/08/2022&amp;jornal=529&amp;pagina=48" editionNumber="165" highlightType="" highlightPriority="" highlight="" highlightimage="" highlightimagename="" idMateria="19841036">
  <body>
    <Identifica><![CDATA[ PORTARIA Nº 196, DE 25 DE AGOSTO DE 2022]]></Identifica>
    <Data><![CDATA[]]></Data>
    <Ementa />
    <Titulo />
    <SubTitulo />
    <Texto><![CDATA[<p class="identifica">PORTARIA Nº 196, DE 25 DE AGOSTO DE 2022</p><p>O CORREGEDOR DO MINISTÉRIO DA EDUCAÇÃO, no uso das competências delegadas por meio do art. 6º, inciso II, "b", anexo I, do Decreto nº 10.195, publicado no Diário Oficial da União de 30 de dezembro de 2019, e tendo em vista o disposto no art. 143 da Lei nº 8.112, de 11 de dezembro de 1990 e considerando o que consta do Processo Administrativo Disciplinar nº 23123.002161/2018-84, resolve:</p><p>Art. 1º Reconduzir a Comissão de Processo Administrativo Disciplinar designada pela Portaria CRG nº 192, de 26 de abril de 2022, publicada no Diário Oficial da União - DOU nº 83, Seção 2, de 4 de maio de 2022, p. 22, que teve como último ato a Portaria CRG nº 194, de 24 de junho de 2022, publicada no Diário Oficial da União - DOU nº 122, Seção 2, de 30 de junho de 2022, p. 22, referente ao Processo nº 23123.002161/2018-84, ante as razões apresentadas no OFÍCIO Nº 127/2022/COMISSÃO/CORREGEDORIA/GM/CORREGEDORIA/GM/GM-MEC, de 25 de agosto de 2022.</p><p>Art. 2 <sup>o</sup> Estabelecer o prazo de 60 (sessenta) dias para conclusão dos trabalhos da referida Comissão.</p><p>Art. 3 <sup>o</sup> Esta portaria entra em vigor na data de sua publicação.</p><p class="assina">RODRIGO ABIJAODI LOPES DE VASCONCELLOS</p>]]></Texto>
  </body>
  <Midias />
</article></xml>