﻿<xml><article id="27737657" name="1602" idOficio="9057902" pubName="DO2" artType="Portaria" pubDate="30/08/2022" artClass="00007:00003:00000:00000:00000:00000:00000:00000:00000:00000:00017:00005" artCategory="Ministério da Agricultura, Pecuária e Abastecimento/Secretaria Executiva" artSize="12" artNotes="" numberPage="4" pdfPage="http://pesquisa.in.gov.br/imprensa/jsp/visualiza/index.jsp?data=30/08/2022&amp;jornal=529&amp;pagina=4" editionNumber="165" highlightType="" highlightPriority="" highlight="" highlightimage="" highlightimagename="" idMateria="19840737">
  <body>
    <Identifica><![CDATA[ PORTARIA DE PESSOAL SE/MAPA Nº 1.602, DE 25 DE AGOSTO DE 2022]]></Identifica>
    <Data><![CDATA[]]></Data>
    <Ementa />
    <Titulo />
    <SubTitulo />
    <Texto><![CDATA[<p class="identifica">PORTARIA DE PESSOAL SE/MAPA Nº 1.602, DE 25 DE AGOSTO DE 2022</p><p>O SECRETÁRIO EXECUTIVO DO MINISTÉRIO DA AGRICULTURA, PECUÁRIA E ABASTECIMENTO, no uso da competência que lhe foi subdelegada pela Portaria nº 330, de 29 de outubro de 2021, publicada no Diário Oficial da União de 4 de novembro de 2021, e tendo em vista o disposto no Decreto nº 10.827, de 30 de setembro de 2021, alterado pelo Decreto nº 11.050, de 26 de abril de 2022, e o que consta no Processo SEI nº 21000.080531/2022-61, resolve:</p><p>Designar ISABELA KALLINE SANTOS CARNEIRO, matrícula SIAPE nº 2199218, para exercer o encargo de substituta da Coordenadora, código DAS 101.3, SHIRLEY GARCIA GUEDES, da Coordenação de Planejamento e Organização da Força de Trabalho, da Coordenação-Geral de Administração, do Departamento de Gestão Corporativa, da Secretaria de Defesa Agropecuária, nos seus afastamentos e impedimentos legais ou regulamentares.</p><p class="assina">MÁRCIO ELI ALMEIDA LEANDRO</p>]]></Texto>
  </body>
  <Midias />
</article></xml>