﻿<xml><article id="27737132" name="portaria_716-719_2022 CSCDP DP" idOficio="9057816" pubName="DO2" artType="Portaria" pubDate="30/08/2022" artClass="00026:00034:00000:00000:00000:00000:00000:00000:00000:00000:00017:00005" artCategory="Ministério da Saúde/Agência Nacional de Vigilância Sanitária" artSize="12" artNotes="" numberPage="119" pdfPage="http://pesquisa.in.gov.br/imprensa/jsp/visualiza/index.jsp?data=30/08/2022&amp;jornal=529&amp;pagina=119" editionNumber="165" highlightType="" highlightPriority="" highlight="" highlightimage="" highlightimagename="" idMateria="19840623">
  <body>
    <Identifica><![CDATA[ PORTARIAS DE 26 DE AGOSTO DE 2022]]></Identifica>
    <Data><![CDATA[]]></Data>
    <Ementa />
    <Titulo />
    <SubTitulo />
    <Texto><![CDATA[<p class="identifica">PORTARIAS DE 26 DE AGOSTO DE 2022</p><p>O Diretor-Presidente da Agência Nacional de Vigilância Sanitária, no uso de suas atribuições e tendo em vista o disposto no art. 203, III, § 3º, aliado ao inciso III, parágrafo único do art 6º e ao art. 187, I,§ 1º do Regimento Interno aprovado pela Resolução de Diretoria Colegiada - RDC nº 585, de 10 de dezembro de 2021, resolve autorizar o afastamento do país dos seguintes servidores:</p><p>Nº 716 - CAROLINA VEDANA PASQUETTI, Especialista em Regulação e Vigilância Sanitária, SIAPE nº 2110249, para participar da conferência "Abordagem Integrada de Governo no Combate ao Comércio Ilícito de Produtos Relacionados à Saúde" da Administração de Alimentos e Medicamentos dos Estados Unidos e da força-tarefa no combate ao comércio ilícito de produtos destinados à saúde da OCDE (Organização para a Cooperação e o Desenvolvimento Econômico), em Paris, França, no período de 13/9/2022 a 17/9/2022, incluído o trânsito, com ônus para ANVISA, conforme deliberação da Diretoria Colegiada por Circuito Deliberativo nº 825/2022. (Processo nº. 25351.919377/2022-07).</p><p>Nº 717 - BERNARDO LUIZ MORAES MOREIRA, Assessor, SIAPE nº 1568137, para participar da conferência "Abordagem Integrada de Governo no Combate ao Comércio Ilícito de Produtos Relacionados à Saúde" da Administração de Alimentos e Medicamentos dos Estados Unidos e da força-tarefa no combate ao comércio ilícito de produtos destinados à saúde da OCDE (Organização para a Cooperação e o Desenvolvimento Econômico), em Paris, França, no período de 13/9/2022 a 17/9/2022, incluído o trânsito, com ônus para ANVISA, conforme deliberação da Diretoria Colegiada por Circuito Deliberativo nº 825/2022. (Processo nº. 25351.919377/2022-07).</p><p>Nº 718 - EDUARDO LUIS TESTA DAS NEVES, Especialista em Regulação e Vigilância Sanitária, SIAPE nº 1493309, para realizar inspeção internacional nas empresas fabricantes de medicamentos QUIBI S.A., em Bogotá, Colômbia, e SIEGFRIED HAMELN GMBH, em Hameln, Alemanha, no período de 8/10/2022 a 22/10/2022, incluído o trânsito, com ônus para ANVISA, conforme deliberação da Diretoria Colegiada por Circuito Deliberativo nº 730/2022. (Processo nº. 25351.918238/2022-58).</p><p>Nº 719 - ALVARO LOPES STECHER, Especialista em Regulação e Vigilância Sanitária, SIAPE nº 1491174, para realizar inspeção internacional nas empresas fabricantes de medicamentos QUIBI S.A., em Bogotá, Colômbia, no período de 8/10/2022 a 16/10/2022, incluído o trânsito, com ônus para ANVISA, conforme deliberação da Diretoria Colegiada por Circuito Deliberativo nº 730/2022. (Processo nº. 25351.918238/2022-58).</p><p class="assina">ANTONIO BARRA TORRES</p>]]></Texto>
  </body>
  <Midias />
</article></xml>