﻿<xml><article id="27739010" name="PORTARIA NA 337 - Marco Aurelio " idOficio="9058164" pubName="DO2" artType="Portaria" pubDate="30/08/2022" artClass="00048:00020:00000:00000:00000:00000:00000:00000:00000:00000:00017:00337" artCategory="Entidades de Fiscalização do Exercício das Profissões Liberais/Conselho Federal de Fisioterapia e Terapia Ocupacional" artSize="12" artNotes="" numberPage="146" pdfPage="http://pesquisa.in.gov.br/imprensa/jsp/visualiza/index.jsp?data=30/08/2022&amp;jornal=529&amp;pagina=146" editionNumber="165" highlightType="" highlightPriority="" highlight="" highlightimage="" highlightimagename="" idMateria="19841103">
  <body>
    <Identifica><![CDATA[ PORTARIA Nº 337, DE 29 DE AGOSTO DE 2022]]></Identifica>
    <Data><![CDATA[]]></Data>
    <Ementa />
    <Titulo />
    <SubTitulo />
    <Texto><![CDATA[<p class="identifica">PORTARIA Nº 337, DE 29 DE AGOSTO DE 2022</p><p>O PRESIDENTE DO CONSELHO FEDERAL DE FISIOTERAPIA E TERAPIA OCUPACIONAL, no uso das atribuições que lhe são conferidas pela Lei Federal nº 6.316/1975 e pela Resolução-COFFITO nº 413/2012; resolve:</p><p>Art. 1º Nomear Marco Aurélio Crovador, para o cargo de Assessor Especial do Presidente - Nível I do Conselho Federal de Fisioterapia e Terapia Ocupacional, na forma da Portaria n° 54, de 13 de janeiro de 2017.</p><p>Art. 2º Esta Portaria entra em vigor na data de sua publicação.</p><p class="assina">Roberto Mattar Cepeda</p>]]></Texto>
  </body>
  <Midias />
</article></xml>