﻿<xml><article id="27731392" name="PORTARIA DE PESSOAL N 86 DESIG D" idOficio="9056298" pubName="DO2" artType="Portaria" pubDate="30/08/2022" artClass="00018:00081:00000:00000:00000:00000:00000:00000:00000:00000:00017:00002" artCategory="Ministério da Educação/Instituto Nacional de Estudos e Pesquisas Educacionais Anísio Teixeira" artSize="12" artNotes="" numberPage="64" pdfPage="http://pesquisa.in.gov.br/imprensa/jsp/visualiza/index.jsp?data=30/08/2022&amp;jornal=529&amp;pagina=64" editionNumber="165" highlightType="" highlightPriority="" highlight="" highlightimage="" highlightimagename="" idMateria="19838478">
  <body>
    <Identifica><![CDATA[ PORTARIA DE PESSOAL Nº 86, DE 25 DE AGOSTO DE 2022]]></Identifica>
    <Data><![CDATA[]]></Data>
    <Ementa />
    <Titulo />
    <SubTitulo />
    <Texto><![CDATA[<p class="identifica">PORTARIA DE PESSOAL Nº 86, DE 25 DE AGOSTO DE 2022</p><p>O PRESIDENTE SUBSTITUTO DO INSTITUTO NACIONAL DE ESTUDOS E PESQUISAS EDUCACIONAIS ANÍSIO TEIXEIRA, no uso de suas atribuições estabelecidas no art. 16 do Anexo I do Decreto nº 6.317, de 20 de dezembro de 2007, alterado pelo Decreto nº 10.696, de 6 de maio de 2021, e no uso da competência que lhe foi subdelegada na alínea "b" do inciso II do art. 2º, da Portaria/MEC nº 205, de 6 de fevereiro de 2020, resolve:</p><p>Art. 1º Designar DEBORA SALES DA SILVA, CPF nº ***.926.941-**, para exercer a função de Assistente, código FCPE-102.2, da Coordenação-Geral de Sistemas de Informação da Diretoria de Tecnologia e Disseminação de Informações Educacionais do Instituto Nacional de Estudos e Pesquisas Educacionais Anísio Teixeira.</p><p>Art. 2º Esta portaria entra em vigor na data de sua publicação.</p><p class="assina">CARLOS EDUARDO MORENO SAMPAIO</p>]]></Texto>
  </body>
  <Midias />
</article></xml>