﻿<xml><article id="27743353" name="ATO NA. 67-2022-VACANCIA-VALMIR " idOficio="9058970" pubName="DO2" artType="Ato" pubDate="30/08/2022" artClass="00047:00021:00001:00000:00000:00000:00000:00000:00000:00000:00001:00000" artCategory="Poder Judiciário/Tribunal Regional Eleitoral do Maranhão/Presidência" artSize="12" artNotes="" numberPage="142" pdfPage="http://pesquisa.in.gov.br/imprensa/jsp/visualiza/index.jsp?data=30/08/2022&amp;jornal=529&amp;pagina=142" editionNumber="165" highlightType="" highlightPriority="" highlight="" highlightimage="" highlightimagename="" idMateria="19842214">
  <body>
    <Identifica><![CDATA[ ATO Nº 67, DE 25 DE AGOSTO DE 2022]]></Identifica>
    <Data><![CDATA[]]></Data>
    <Ementa />
    <Titulo />
    <SubTitulo />
    <Texto><![CDATA[<p class="identifica">ATO Nº 67, DE 25 DE AGOSTO DE 2022</p><p>A PRESIDENTE DO TRIBUNAL REGIONAL ELEITORAL DO MARANHÃO, usando das atribuições que lhe são conferidas pelo art. 29, inciso LXII, do Regimento Interno deste Tribunal e tendo em vista o que consta no Processo SEI nº. 0008085-06.2022.6.27.8000, resolve:</p><p>Art. 1º Declarar vago o cargo de Técnico Judiciário, Área Administrativa, Classe C, Padrão 13, criado pela Lei nº. 10.842/2004, ocupado pelo servidor VALMIR MARTINS BARROS, Matrícula nº. 3099674, do Quadro Permanente deste Tribunal, em virtude de sua posse em outro cargo inacumulável, nos termos do art. 33, inciso VIII, da Lei n°. 8.112/90, com efeitos retroativos a 01 de agosto de 2022.</p><p>Art. 2º Este Ato entra em vigor na data de sua publicação.</p><p class="assina">Desª ANGELA MARIA MORAES SALAZAR</p>]]></Texto>
  </body>
  <Midias />
</article></xml>