﻿<xml><article id="27733999" name="RETIFICAAAO__AON6I2" idOficio="9057049" pubName="DO2" artType="Retificação" pubDate="30/08/2022" artClass="00028:00002:00000:00000:00000:00000:00000:00000:00000:00000:00024:00000" artCategory="Ministério do Turismo/Secretaria Executiva" artSize="12" artNotes="" numberPage="123" pdfPage="http://pesquisa.in.gov.br/imprensa/jsp/visualiza/index.jsp?data=30/08/2022&amp;jornal=529&amp;pagina=123" editionNumber="165" highlightType="" highlightPriority="" highlight="" highlightimage="" highlightimagename="" idMateria="19839589">
  <body>
    <Identifica><![CDATA[ RETIFICAÇÃO]]></Identifica>
    <Data><![CDATA[]]></Data>
    <Ementa />
    <Titulo />
    <SubTitulo />
    <Texto><![CDATA[<p class="identifica">RETIFICAÇÃO</p><p>Na Portaria de Pessoal SE/MTUR nº 104, de 30 de maio de 2022, publicada no Diário Oficial da União de 1º de junho de 2022, seção 2, página 89, onde se lê: "...a contar de 20 de agosto de 2022...", leia-se: "...a contar de 19 de agosto de 2022...".</p>]]></Texto>
  </body>
  <Midias />
</article></xml>