﻿<xml><article id="27742423" name="2022-08-29 FSMS OC HAlen RAse da" idOficio="9058833" pubName="DO2" artType="Portaria" pubDate="30/08/2022" artClass="00025:00001:00000:00000:00000:00000:00000:00000:00000:00000:00017:00000" artCategory="Ministério das Relações Exteriores/Gabinete do Ministro" artSize="12" artNotes="" numberPage="110" pdfPage="http://pesquisa.in.gov.br/imprensa/jsp/visualiza/index.jsp?data=30/08/2022&amp;jornal=529&amp;pagina=110" editionNumber="165" highlightType="" highlightPriority="" highlight="" highlightimage="" highlightimagename="" idMateria="19842003">
  <body>
    <Identifica><![CDATA[ PORTARIA Nº 953, DE 29 DE AGOSTO DE 2022]]></Identifica>
    <Data><![CDATA[]]></Data>
    <Ementa />
    <Titulo />
    <SubTitulo />
    <Texto><![CDATA[<p class="identifica">PORTARIA Nº 953, DE 29 DE AGOSTO DE 2022</p><p>O MINISTRO DAS RELAÇÕES EXTERIORES, no uso de suas atribuições legais, e considerando o disposto no art. 93 da Lei nº 8.112, de 11 de dezembro de 1990, regulamentado pelo Decreto nº 10.835, de 14 de outubro de 2021, bem como o disposto nos parágrafos 1º e 2º do art. 12 da Lei nº 11.906/2009, e na Lei nº 12.775, de 28 de dezembro de 2012, resolve:</p><p>Art. 1º Efetivar a requisição da servidora HÉLEN RÔSE DA SILVA VERRAES ALVES, matrícula SIAPE nº 1279804, ocupante do cargo de oficial de chancelaria, pertencente ao quadro de pessoal do Serviço Exterior Brasileiro, para exercício junto ao Instituto Brasileiro de Museus.</p><p>Art. 2º O ônus pela remuneração é do órgão requisitado</p><p>Art. 3º Torna-se sem efeito o disposto nesta Portaria caso a servidora não se apresente ao órgão requisitante no prazo de trinta dias.</p><p>Art. 4º Esta Portaria entra em vigor na data da sua publicação.</p><p class="assina">CARLOS ALBERTO FRANCO FRANÇA</p>]]></Texto>
  </body>
  <Midias />
</article></xml>