﻿<xml><article id="27740059" name="Jose Fernando P Goncalves_rtf DO" idOficio="9058411" pubName="DO2" artType="Despacho" pubDate="30/08/2022" artClass="00015:00066:00000:00000:00000:00000:00000:00000:00000:00000:00013:00002" artCategory="Ministério da Economia/Fundação Instituto Brasileiro de Geografia e Estatística" artSize="12" artNotes="" numberPage="46" pdfPage="http://pesquisa.in.gov.br/imprensa/jsp/visualiza/index.jsp?data=30/08/2022&amp;jornal=529&amp;pagina=46" editionNumber="165" highlightType="" highlightPriority="" highlight="" highlightimage="" highlightimagename="" idMateria="19841406">
  <body>
    <Identifica><![CDATA[ DESPACHO DO PRESIDENTE de 26 de agosto de 2022]]></Identifica>
    <Data><![CDATA[]]></Data>
    <Ementa />
    <Titulo />
    <SubTitulo />
    <Texto><![CDATA[<p class="identifica">DESPACHO DO PRESIDENTE de 26 de agosto de 2022</p><p>Autorizo o afastamento do país do servidor JOSE FERNANDO PEREIRA GONCALVES, Tecnologista em Informações Geográficas e Estatísticas da Fundação Instituto Brasileiro de Geografia e Estatística - IBGE, entidade vinculada ao Ministério da Economia, para participar de Programa de Doutorado Sanduíche no Departamento de Geografia e Planejamento Regional da Faculdade de Ciências Sociais e Humanas, promovido pela Universidade Nova de Lisboa, que será realizado em Lisboa, Portugal, no período de 29/09/2022 a 02/04/2023, incluindo o trânsito, com ônus limitado para o IBGE e com ônus para a CAPES. (Processo nº 0001787.00000360/2019-93).</p><p class="assina">EDUARDO LUIZ GONCALVES RIOS NETO</p><p class="cargo">Presidente</p>]]></Texto>
  </body>
  <Midias />
</article></xml>