﻿<xml><article id="27731984" name="PT813DIAT" idOficio="9056677" pubName="DO2" artType="Portaria" pubDate="30/08/2022" artClass="00027:00051:00081:00275:00005:00000:00000:00000:00000:00000:00017:00813" artCategory="Ministério do Trabalho e Previdência/Instituto Nacional do Seguro Social/Diretoria de Gestão de Pessoas/Coordenação-Geral de Centralização do Regime Próprio de Previdência da União/Divisão de Atendimento do RPPU" artSize="12" artNotes="" numberPage="122" pdfPage="http://pesquisa.in.gov.br/imprensa/jsp/visualiza/index.jsp?data=30/08/2022&amp;jornal=529&amp;pagina=122" editionNumber="165" highlightType="" highlightPriority="" highlight="" highlightimage="" highlightimagename="" idMateria="19839206">
  <body>
    <Identifica><![CDATA[ PORTARIA DIAT-RPPU/CGC-RPPU/DGP/INSS Nº 813, DE 26 DE AGOSTO DE 2022]]></Identifica>
    <Data><![CDATA[]]></Data>
    <Ementa />
    <Titulo />
    <SubTitulo />
    <Texto><![CDATA[<p class="identifica">PORTARIA DIAT-RPPU/CGC-RPPU/DGP/INSS Nº 813, DE 26 DE AGOSTO DE 2022</p><p>A CHEFE DA DIVISÃO DE ATENDIMENTO DO REGIME PRÓPRIO DE PREVIDÊNCIA DA UNIÃO, da Coordenação-Geral de Centralização do RPPU, da Diretoria de Gestão de Pessoas do INSS, no uso das atribuições e a delegação de competência estabelecidas pela PORTARIA DGP/INSS Nº 05 de 18/04/2022, publicada em BSE de 19/04/2022 e na PORTARIA PRES/INSS Nº 500 de 01/04/2022 publicada em DOU nº 64 de 04/04/2022 e no que consta no processo SEI 35014.294495/2022-77 e tarefa GET nº 1529290689 , resolve:</p><p>Art. 1º Conceder pensão a Maria das Graças Martins Pires, na qualidade de cônjuge divorciada com percepção de pensão alimentícia, do servidor Nelson Zani Pires, ocupante do cargo de Arquivista, matrícula Siape 844763, do quadro de pessoal do Instituto Nacional do Seguro Social, aposentado, falecido em 09/07/2022, com fundamento no inciso II do artigo 3º da Portaria SGP/SEDGG/ME nº 4645, de 24 de maio de 2022, c/c com o artigo 217 da Lei 8.112/ de 11 de dezembro de 1990, e artigo 23 da Emenda Constitucional n 103, de 12 de novembro de 2019.</p><p>Art.2º Os efeitos desta portaria entram em vigor na data do óbito em 09/07/2022.</p><p class="assina">ANÁLIA TÂMARA CÂMARA SANTOS LEMOS</p>]]></Texto>
  </body>
  <Midias />
</article></xml>