﻿<xml><article id="27736445" name="portarias_para_DOU (38)" idOficio="9057656" pubName="DO2" artType="Portaria" pubDate="30/08/2022" artClass="00018:00104:00000:00000:00000:00000:00000:00000:00000:00000:00010:00000" artCategory="Ministério da Educação/Universidade Federal do Pará/Pró-Reitoria de Desenvolvimento e Gestão de Pessoal" artSize="12" artNotes="3099" numberPage="74" pdfPage="http://pesquisa.in.gov.br/imprensa/jsp/visualiza/index.jsp?data=30/08/2022&amp;jornal=529&amp;pagina=74" editionNumber="165" highlightType="" highlightPriority="" highlight="" highlightimage="" highlightimagename="" idMateria="19840410">
  <body>
    <Identifica><![CDATA[ PORTARIAS de  25 DE AGOSTO DE 2022]]></Identifica>
    <Data><![CDATA[]]></Data>
    <Ementa />
    <Titulo />
    <SubTitulo />
    <Texto><![CDATA[<p class="identifica">PORTARIAS de 25 DE AGOSTO DE 2022</p><p>O REITOR DA UNIVERSIDADE FEDERAL DO PARÁ, no uso de suas atribuições legais e estatutárias, resolve:</p><p>Nº 3.099 - Autorizar o afastamento da servidora FABIANNE DE JESUS DIAS DE SOUSA, ocupante do cargo efetivo de PROFESSOR DO MAGISTÉRIO SUPERIOR, matrícula SIAPE nº 3133823, lotada no INSTITUTO DE CIÊNCIAS DA SAUDE, no período de 10 de fevereiro de 2023 a 09 de fevereiro de 2024, para realizar Pós-Doutorado no Programa de Pós-Doutoramento em Ciências da Saúde, na Faculdade de Medicina da Universidade de Coimbra - Portugal, em Tempo Integral, com ônus limitado.</p><p>Nº 3.106 - Considerar dispensado a partir de 30 de junho de 2022, da Função Gratificada correspondente ao mandato de Diretor da Faculdade de Ciências Naturais, Código FCC - Nível Único do INSTITUTO DE CIÊNCIAS EXATAS E NATURAIS (ICEN), o Professor do Magistério Superior LUIZ ACÁCIO CENTENO CORDEIRO, matrícula SIAPE-0326473, que ocupava o cargo efetivo de Professor do Magistério Superior do quadro de pessoal, em razão de sua aposentadoria voluntária por tempo de contribuição no referido cargo, concedida pela Portaria n. 2297/2022, desta Reitoria, publicada no Diário Oficial da União, Seção 2, de 30/06/2022.</p><p>Nº 3.112 - Exonerar, a pedido, a servidora CLAUDIA MARQUES SANTA ROSA MALCHER, do cargo efetivo de Professor do Magistério Superior, lotada no Instituto de Ciências da Saúde, código de vaga nº 696905, com vigência a partir de 10 de agosto de 2022, nos termos do art. 34 da Lei nº 8.112/90.</p><p>Nº 3.114 - Designar o servidor MARIO EDIR ALMEIDA PALHETA, ocupante do cargo de Assistente em Administração, do quadro de pessoal desta Universidade, para exercer a função de Secretário Executivo do INSTITUTO DE ESTUDOS COSTEIROS, FG-6, do CAMPUS UNIVERSITÁRIO DE BRAGANÇA, em regime de Tempo Integral, conforme disposto no Parágrafo 1º, do Artigo 19, da Lei nº 8.112/90, a partir da data de publicação desta portaria no Diário Oficial da União, tendo em vista a dispensa constante na Portaria nº 3103/2018.</p><p class="assina">Emmanuel Zagury Tourinho</p><p class="identifica">PORTARIAS de 26 DE AGOSTO DE 2022</p><p>O REITOR DA UNIVERSIDADE FEDERAL DO PARÁ, no uso de suas atribuições legais e estatutárias, resolve:</p><p>Nº 3.127 - Exonerar, a pedido, IGOR SCHNEIDER, Matricula 1900757, do cargo efetivo PROFESSOR DO MAGISTERIO SUPERIOR, do quadro de pessoal desta universidade, lotado no INSTITUTO DE CIENCIAS BIOLOGICAS(ICB), código de vaga n° 860059, com vigência a partir de 15 agosto de 2022, nos termos do art. 34 da Lei nº 8.112/90.</p><p>Nº 3.132 - Designar a servidora JOCENETE SANTOS CARVALHO, ocupante do cargo de Analista de Tecnologia da Informação, do quadro de pessoal desta Universidade, para exercer a função de Chefe da Divisão de Tecnologia da Informação, FG-04, da Biblioteca Central, em regime de Tempo Integral, conforme disposto no Parágrafo 1º, do Artigo 19, da Lei nº 8.112/1990, de 11.12.1990, a partir da data de publicação desta portaria no Diário Oficial da União, ficando, em consequência, dispensado da referida função o servidor RAMON DA GAMA CORDEIRO, a partir de 24 de agosto de 2022.</p><p class="assina">Emmanuel Zagury Tourinho</p><p class="identifica">PORTARIA Nº 3.145, de 29 DE AGOSTO DE 2022</p><p>O REITOR DA UNIVERSIDADE FEDERAL DO PARÁ, no uso de suas atribuições legais e estatutárias, resolve:</p><p>Autorizar o afastamento do país do servidor RICARDO THEOPHILO FOLHES, matrícula SIAPE-3045245, ocupante do cargo efetivo de PROFESSOR DO MAGISTÉRIO SUPERIOR do quadro de pessoal desta Universidade, lotado no Núcleo de Altos Estudos Amazônicos(NAEA), no período de 16 a 26 de outubro de 2022, para realizar missão de Cooperação internacional entre o grupo de pesquisa DADESA/UFPA e o Centro de Cooperação Internacional em Pesquisa Agronômica para o Desenvolvimento - CIRAD, que ocorrerá na cidade de Montpellier-França, com ônus para a UFPA.</p><p class="assina">Emmanuel Zagury Tourinho</p>]]></Texto>
  </body>
  <Midias />
</article></xml>