﻿<xml><article id="27742661" name="1304.CHARLES-22" idOficio="9058877" pubName="DO2" artType="Portaria" pubDate="30/08/2022" artClass="00043:00012:00001:00004:00000:00000:00000:00000:00000:00000:00017:00001" artCategory="Ministério Público da União/Ministério Público do Trabalho/Procuradoria-Geral/Diretoria-Geral" artSize="12" artNotes="" numberPage="132" pdfPage="http://pesquisa.in.gov.br/imprensa/jsp/visualiza/index.jsp?data=30/08/2022&amp;jornal=529&amp;pagina=132" editionNumber="165" highlightType="" highlightPriority="" highlight="" highlightimage="" highlightimagename="" idMateria="19842084">
  <body>
    <Identifica><![CDATA[ PORTARIA Nº 1.304, DE 25 DE AGOSTO DE 2022]]></Identifica>
    <Data><![CDATA[]]></Data>
    <Ementa />
    <Titulo />
    <SubTitulo />
    <Texto><![CDATA[<p class="identifica">PORTARIA Nº 1.304, DE 25 DE AGOSTO DE 2022</p><p>O DIRETOR-GERAL ADJUNTO DO MINISTÉRIO PÚBLICO DO TRABALHO, no uso da competência que lhe foi delegada pela Portaria DG-MPT nº 49, de 22 de janeiro de 2019, publicada no DOU em 28 de janeiro de 2019, considerando o que consta no PGEA/MPT nº 20.02.0001.0009705/2022-62, resolve:</p><p>Art. 1º Nomear o servidor CHARLES HENRIQUE GONÇALVES SANTOS, matrícula 6007640-2, ocupante do cargo efetivo de Analista do MPU/Suporte e Infraestrutura, para o cargo em comissão de Assessor Nível IV da Procuradoria-Geral do Trabalho, código CC-4, dispensando-o da função de confiança de Assistente Nível II do Departamento de Infraestrutura, código FC-2, da Secretaria de Tecnologia da Informação e Comunicação do Gabinete do Procurador-Geral do Trabalho da Procuradoria-Geral do Trabalho, que atualmente ocupa.</p><p class="assina">ANDERSON RÉGIS CAVALCANTE FEITOSA</p>]]></Texto>
  </body>
  <Midias />
</article></xml>