﻿<xml><article id="27735274" name="770" idOficio="9057366" pubName="DO2" artType="Portaria" pubDate="30/08/2022" artClass="00018:00099:00000:00000:00000:00000:00000:00000:00000:00000:00017:00002" artCategory="Ministério da Educação/Universidade Federal de Lavras" artSize="12" artNotes="" numberPage="72" pdfPage="http://pesquisa.in.gov.br/imprensa/jsp/visualiza/index.jsp?data=30/08/2022&amp;jornal=529&amp;pagina=72" editionNumber="165" highlightType="" highlightPriority="" highlight="" highlightimage="" highlightimagename="" idMateria="19840058">
  <body>
    <Identifica><![CDATA[ PORTARIA Nº 770, DE 25 DE AGOSTO DE 2022]]></Identifica>
    <Data><![CDATA[]]></Data>
    <Ementa />
    <Titulo />
    <SubTitulo />
    <Texto><![CDATA[<p class="identifica">PORTARIA Nº 770, DE 25 DE AGOSTO DE 2022</p><p>O REITOR DA UNIVERSIDADE FEDERAL DE LAVRAS, no uso de suas atribuições regimentais, considerando o art. 97, § 1º, do Regimento Geral da UFLA, resolve:</p><p>Art. 1º Designar o servidor Valter Carvalho de Andrade Júnior, matrícula na origem nº 1264329, Vice-Reitor, para substituir o Reitor, João Chrysostomo de Resende Júnior, código da função CD-1, nos dias 30 e 31 de agosto de 2022, por motivo de viagem a serviço.</p><p class="assina">JOÃO CHRYSOSTOMO DE RESENDE JUNIOR</p>]]></Texto>
  </body>
  <Midias />
</article></xml>