﻿<xml><article id="27742625" name="DOU2-SGP-PGR-1-PT-576-UNI-PGR-00" idOficio="9058875" pubName="DO2" artType="Portaria" pubDate="30/08/2022" artClass="00043:00010:00008:00000:00000:00000:00000:00000:00000:00000:00017:00576" artCategory="Ministério Público da União/Ministério Público Federal/Secretaria de Gestão de Pessoas" artSize="12" artNotes="" numberPage="129" pdfPage="http://pesquisa.in.gov.br/imprensa/jsp/visualiza/index.jsp?data=30/08/2022&amp;jornal=529&amp;pagina=129" editionNumber="165" highlightType="" highlightPriority="" highlight="" highlightimage="" highlightimagename="" idMateria="19842065">
  <body>
    <Identifica><![CDATA[ PORTARIA SGP/MPF Nº 576, DE 22 DE AGOSTO DE 2022]]></Identifica>
    <Data><![CDATA[]]></Data>
    <Ementa />
    <Titulo />
    <SubTitulo />
    <Texto><![CDATA[<p class="identifica">PORTARIA SGP/MPF Nº 576, DE 22 DE AGOSTO DE 2022</p><p>A SECRETÁRIA DE GESTÃO DE PESSOAS DO MINISTÉRIO PÚBLICO FEDERAL, no uso da competência que lhe foi atribuída pelo artigo 1º - inciso II, alínea "n", da Portaria SG/MPF nº 994, de 24 de agosto de 2020, e tendo em vista o disposto no artigo 38 da Lei nº 8.112, de 11 de dezembro de 1990, e no expediente PGR-00329808/2022, resolve:</p><p>1. Dispensar TAISA CRISTINA PAZO AGRELO, ocupante do cargo de Analista do MPU/Desenvolvimento de Sistemas, matrícula nº 28166, do encargo de substituta eventual da Chefe da Divisão de Sistemas de Informações Gerenciais, CC-2, da Secretaria de Tecnologia da Informação e Comunicação do Ministério Público Federal.</p><p>2. Designar GREICEANE MESQUITA DE MENEZES, ocupante do cargo de Técnico do MPU/Tecnologia da Informação e Comunicação, matrícula nº 19139, para exercer o encargo de substituta eventual da Chefe da Divisão de Sistemas de Informações Gerenciais, CC-2, da Secretaria de Tecnologia da Informação e Comunicação do Ministério Público Federal.</p><p class="assina">ISABELA VIDIGAL BRAGA MENESES</p>]]></Texto>
  </body>
  <Midias />
</article></xml>