﻿<xml><article id="27739148" name="PORTARIA DE PESSOAL 9826" idOficio="9058205" pubName="DO2" artType="Portaria" pubDate="30/08/2022" artClass="00015:00041:00034:00000:00000:00000:00000:00000:00000:00000:00017:00017" artCategory="Ministério da Economia/Secretaria Especial de Desburocratização, Gestão e Governo Digital/Secretaria de Gestão e Desempenho de Pessoal" artSize="12" artNotes="" numberPage="37" pdfPage="http://pesquisa.in.gov.br/imprensa/jsp/visualiza/index.jsp?data=30/08/2022&amp;jornal=529&amp;pagina=37" editionNumber="165" highlightType="" highlightPriority="" highlight="" highlightimage="" highlightimagename="" idMateria="19841146">
  <body>
    <Identifica><![CDATA[ PORTARIA DE PESSOAL SGP/SEDGG/ME Nº 9.826, DE 26 DE AGOSTO DE 2022]]></Identifica>
    <Data><![CDATA[]]></Data>
    <Ementa />
    <Titulo />
    <SubTitulo />
    <Texto><![CDATA[<p class="identifica">PORTARIA DE PESSOAL SGP/SEDGG/ME Nº 9.826, DE 26 DE AGOSTO DE 2022</p><p>O SECRETÁRIO DE GESTÃO E DESEMPENHO DE PESSOAL DA SECRETARIA ESPECIAL DE DESBUROCRATIZAÇÃO, GESTÃO E GOVERNO DIGITAL DO MINISTÉRIO DA ECONOMIA, no uso da competência delegada pela Portaria SEDGG/ME n.º 12.571, de 22 de outubro de 2021, tendo em vista o disposto no § 7º do art. 93 da Lei n.º 8.112, de 11 de dezembro de 1990, no art. 30 do Decreto n.º 10.835, de 14 de outubro de 2021, na Portaria n.º 282, de 24 de julho de 2020, e considerando o que consta no processo n.º 14022.115433/2022-39, resolve:</p><p>Art. 1º Autorizar a alteração de exercício dos empregados Alessandro Lopes Barroso, matrícula nº 1146740 e Maurício Corrêa Ortiz, matrícula nº 1216551, ambos PSA - Profissional de Serviços Aeroportuários, do quadro de pessoal da Empresa Brasileira de Infraestrutura Aeroportuária - INFRAERO, para composição da força de trabalho do Ministério da Justiça e Segurança Pública - MJSP, por tempo indeterminado, com custos mensais de reembolso de R$ 6.513,35 (seis mil, quinhentos e treze reais e trinta e cinco centavos), e R$ 7.095,16 (sete mil, noventa e cinco reais e dezesseis centavos) respectivamente, incluindo tributos, encargos sociais, encargos trabalhistas e demais parcelas previstas no art. 25 do Decreto n.º 10.835, de 14 de outubro de 2021, para o órgão solicitante.</p><p>Art. 2º O retorno dos empregados à instituição de origem poderá ocorrer a qualquer tempo por decisão do Ministério da Economia - ME, observados os requisitos constantes do artigo 16 da Portaria n.º 282, de 24 de julho de 2020.</p><p>Art. 3º Cabe ao MJSP, assegurar-se que os empregados ora colocados à sua disposição, não exercerão atividades que não correspondam às suas atribuições na instituição de origem, de forma a não ocorrer desvio de função.</p><p>Art. 4° Compete ao ordenador de despesas, zelar pela existência de disponibilidade orçamentária e financeira para fazer frente às despesas oriundas dos reembolsos decorrentes da alteração de exercício de que trata o art. 1º desta Portaria, nos termos do art. 22 do Decreto n.º 10.835, de 14 de outubro de 2021, e para eventual continuação da composição da força de trabalho dos empregados para o exercício subsequente.</p><p>Art. 5º Esta Portaria entra em vigor na data de sua publicação.</p><p class="assina">EDUARDO BERGAMASCHI FELIZOLA</p>]]></Texto>
  </body>
  <Midias />
</article></xml>