﻿<xml><article id="27735719" name="PORTARIA DE PESSOAL NA 1234" idOficio="9057491" pubName="DO2" artType="Portaria" pubDate="30/08/2022" artClass="00012:00014:00001:00000:00000:00000:00000:00000:00000:00000:00017:00000" artCategory="Ministério das Comunicações/Agência Nacional de Telecomunicações/Gabinete da Presidência" artSize="12" artNotes="" numberPage="8" pdfPage="http://pesquisa.in.gov.br/imprensa/jsp/visualiza/index.jsp?data=30/08/2022&amp;jornal=529&amp;pagina=8" editionNumber="165" highlightType="" highlightPriority="" highlight="" highlightimage="" highlightimagename="" idMateria="19840197">
  <body>
    <Identifica><![CDATA[ PORTARIA DE PESSOAL Nº 1.234, DE 26 DE AGOSTO DE 2022]]></Identifica>
    <Data><![CDATA[]]></Data>
    <Ementa />
    <Titulo />
    <SubTitulo />
    <Texto><![CDATA[<p class="identifica">PORTARIA DE PESSOAL Nº 1.234, DE 26 DE AGOSTO DE 2022</p><p>O PRESIDENTE DA AGÊNCIA NACIONAL DE TELECOMUNICAÇÕES, no uso das atribuições legais e regulamentares, em especial o disposto no art. 46 do Regulamento da Anatel, aprovado pelo Decreto nº 2.338, de 7 de outubro de 1997, e no inciso XI do art. 136 do Regimento Interno da Anatel, aprovado pela Resolução nº 612, de 29 de abril de 2013, e considerando o constante dos autos do processo nº 53500.305850/2022-41, resolve:</p><p>Nomear LUCIANA FERRITO MENDES WRIGG para o cargo comissionado técnico, código CCT-IV, com função de Coordenadora do Processo de Passagens e Transportes/AFIS5 na Gerência de Infraestrutura, Serviços e Segurança Institucional/AFIS, removendo-a de ofício, sem mudança de sede, devido ao exercício em teletrabalho, nos termos do inc. I do art. 36 da Lei 8.112/90, da Unidade Operacional no Estado do Espírito Santo/UO021 para a Gerência de Infraestrutura, Serviços e Segurança Institucional/AFIS.</p><p class="assina">CARLOS MANUEL BAIGORRI</p>]]></Texto>
  </body>
  <Midias />
</article></xml>