﻿<xml><article id="27734980" name="P3RF211" idOficio="9057314" pubName="DO2" artType="Portaria" pubDate="30/08/2022" artClass="00015:00045:00432:00095:00000:00000:00000:00000:00000:00000:00017:00002" artCategory="Ministério da Economia/Secretaria Especial da Receita Federal do Brasil/Subsecretaria-Geral da Receita Federal do Brasil/Superintendência Regional da 3ª Região Fiscal" artSize="12" artNotes="" numberPage="44" pdfPage="http://pesquisa.in.gov.br/imprensa/jsp/visualiza/index.jsp?data=30/08/2022&amp;jornal=529&amp;pagina=44" editionNumber="165" highlightType="" highlightPriority="" highlight="" highlightimage="" highlightimagename="" idMateria="19839970">
  <body>
    <Identifica><![CDATA[ PORTARIA DE PESSOAL SRRF03 Nº 211, DE 24 DE AGOSTO DE 2022]]></Identifica>
    <Data><![CDATA[]]></Data>
    <Ementa />
    <Titulo />
    <SubTitulo />
    <Texto><![CDATA[<p class="identifica">PORTARIA DE PESSOAL SRRF03 Nº 211, DE 24 DE AGOSTO DE 2022</p><p>O SUPERINTENDENTE DA RECEITA FEDERAL DO BRASIL DA 3ª REGIÃO FISCAL, no uso da atribuição que lhe foi subdelegada pela Portaria da Secretaria Especial da Receita Federal do Brasil nº 56, de 16 de agosto de 2021, publicada no DOU de 17 de agosto de 2021 e pela competência atribuída no art. 6º da Portaria RFB nº 11, de 24 de fevereiro de 2021, publicada no BS/RFB de 25 de fevereiro de 2021, resolve:</p><p>Dispensar, a partir de 18 de julho de 2022, o Auditor Fiscal da Receita Federal do Brasil CARLOS HENRIQUE MELO JÚNIOR, matrícula Siapecad nº 1295984, da Função Gratificada de Chefe da Equipe de Fiscalização 1 - EFI1, da Delegacia da Receita Federal do Brasil em Juazeiro do Norte - CE, código FG 1.</p><p class="assina">WILMAR TEIXEIRA DE SOUZA</p>]]></Texto>
  </body>
  <Midias />
</article></xml>