﻿<xml><article id="27740967" name="PORTARIA SGA 1257 CONCEDER GSIST" idOficio="9058601" pubName="DO2" artType="Portaria" pubDate="30/08/2022" artClass="00006:00009:00012:00000:00000:00000:00000:00000:00000:00000:00017:00008" artCategory="Presidência da República/Advocacia-Geral da União/Secretaria-Geral de Administração" artSize="12" artNotes="" numberPage="2" pdfPage="http://pesquisa.in.gov.br/imprensa/jsp/visualiza/index.jsp?data=30/08/2022&amp;jornal=529&amp;pagina=2" editionNumber="165" highlightType="" highlightPriority="" highlight="" highlightimage="" highlightimagename="" idMateria="19841639">
  <body>
    <Identifica><![CDATA[ PORTARIA SGA/AGU Nº 1.257, DE 25 DE AGOSTO DE 2022]]></Identifica>
    <Data><![CDATA[]]></Data>
    <Ementa />
    <Titulo />
    <SubTitulo />
    <Texto><![CDATA[<p class="identifica">PORTARIA SGA/AGU Nº 1.257, DE 25 DE AGOSTO DE 2022</p><p>A SECRETÁRIA-GERAL DE ADMINISTRAÇÃO DA ADVOCACIA-GERAL DA UNIÃO, no uso das atribuições que lhe foram subdelegadas pela Portaria AGU nº 347, de 23 de setembro de 2020, e considerando o que consta no Processo Administrativo nº 00676.001396/2022-83, resolve:</p><p>CONCEDER</p><p>a Gratificação Temporária dos Sistemas Estruturadores da Administração Pública Federal - GSISTE, do Sistema de Serviços Gerais - SISG - Nível Intermediário, código 410050, à servidora ARLEI LUIZA GONCALVES FERREIRA, matrícula Siape nº 7528602, Agente de Portaria, da Superintendência Regional de Administração da 1ª Região, da Secretaria-Geral de Administração.</p><p class="assina">IÊDA APARECIDA DE MOURA CAGNI</p>]]></Texto>
  </body>
  <Midias />
</article></xml>