﻿<xml><article id="27731969" name="ATO PORTARIA MTP NA 2651" idOficio="9056708" pubName="DO2" artType="Portaria" pubDate="30/08/2022" artClass="00027:00001:00000:00000:00000:00000:00000:00000:00000:00000:00017:00000" artCategory="Ministério do Trabalho e Previdência/Gabinete do Ministro" artSize="12" artNotes="" numberPage="121" pdfPage="http://pesquisa.in.gov.br/imprensa/jsp/visualiza/index.jsp?data=30/08/2022&amp;jornal=529&amp;pagina=121" editionNumber="165" highlightType="" highlightPriority="" highlight="" highlightimage="" highlightimagename="" idMateria="19839246">
  <body>
    <Identifica><![CDATA[ PORTARIA MTP Nº 2.651, DE 24 DE AGOSTO DE 2022]]></Identifica>
    <Data><![CDATA[]]></Data>
    <Ementa />
    <Titulo />
    <SubTitulo />
    <Texto><![CDATA[<p class="identifica">PORTARIA MTP Nº 2.651, DE 24 DE AGOSTO DE 2022</p><p>O MINISTRO DE ESTADO DO TRABALHO E PREVIDÊNCIA, no uso da competência que lhe foi conferida pelo Decreto nº 1.387, de 7 de fevereiro de 1995, com fundamento no artigo 95 da Lei nº 8.112, de 11 de dezembro de 1990, observadas as disposições constantes no Decreto nº 9.991, de 28 de agosto de 2019, com suas alterações e na Instrução Normativa SGP-ENAP/SEDGG/ME nº 21, de 1º de fevereiro de 2021, bem como o contido no Processo nº 19955.102138/2022-13, resolve:</p><p>Art. 1º Autorizar o afastamento do País, com ônus limitado, da servidora LUCYMARA VALENTE NUNES RAPOSO, matrícula nº 1636913, Técnico do Seguro Social, lotada na Coordenação-Geral de Governança e Gerenciamento de Riscos da Diretoria de Governança, Planejamento e Inovação do Instituto Nacional do Seguro Social - INSS, no período de 17/09/2022 a 21/09/2024, Incluso o trânsito, com vistas à participação na ação de desenvolvimento "Mestrado em Gestão de Serviços", a ser promovida pela Faculdade de Economia do Porto em Portugal.</p><p>§ 1º A servidora deverá comprovar a participação efetiva na ação que gerou seu afastamento, no prazo de até 30 (trinta) dias da data de retorno às atividades, nos termos do art. 30 da Instrução Normativa SGP-ENAP/SEDGG/ME nº 21, de 1º de fevereiro de 2021.</p><p>§ 2º A não apresentação da comprovação de que trata o § 1º sujeitará ao ressarcimento dos gastos com seu afastamento ao órgão, na forma da legislação vigente.</p><p>Art. 2º Esta Portaria entra em vigor na data de sua publicação.</p><p class="assina">JOSÉ CARLOS OLIVEIRA</p>]]></Texto>
  </body>
  <Midias />
</article></xml>