﻿<xml><article id="27742396" name="Port 1416-2022-DPMM-TTC" idOficio="9058828" pubName="DO2" artType="Portaria" pubDate="30/08/2022" artClass="00013:00012:00027:00008:00000:00000:00000:00000:00000:00000:00017:00005" artCategory="Ministério da Defesa/Comando da Marinha/Diretoria-Geral do Pessoal/Diretoria do Pessoal Militar" artSize="12" artNotes="" numberPage="26" pdfPage="http://pesquisa.in.gov.br/imprensa/jsp/visualiza/index.jsp?data=30/08/2022&amp;jornal=529&amp;pagina=26" editionNumber="165" highlightType="" highlightPriority="" highlight="" highlightimage="" highlightimagename="" idMateria="19841997">
  <body>
    <Identifica><![CDATA[ PORTARIA Nº 1.416/DPMM, DE 26 DE AGOSTO DE 2022]]></Identifica>
    <Data><![CDATA[]]></Data>
    <Ementa />
    <Titulo />
    <SubTitulo />
    <Texto><![CDATA[<p class="identifica">PORTARIA Nº 1.416/DPMM, DE 26 DE AGOSTO DE 2022</p><p>O DIRETOR DO PESSOAL MILITAR DA MARINHA, no uso de suas atribuições e tendo em vista o previsto no art. 3º, § 1º, alínea b, inciso III da Lei nº 6.880/1980 e o contido nas Normas sobre Tarefa por Tempo Certo e Designação para o Serviço Ativo (DGPM-314 - 6ª Revisão), resolve:</p><p>Art. 1 <sup>o</sup> Dispensar, a pedido, a partir de 31AGO2022, o SO-RM1-ES 06.1320.81 ASCLEPIADES SIMÕES DE JESUS JÚNIOR, da prestação de Tarefa por Tempo Certo, prevista na Portaria nº 1309/2020, desta Diretoria, de acordo com o contido da alínea a do inciso 2.7.1 da DGPM-314 (6ª <sup></sup> Revisão).</p><p class="assina">HENRIQUE RENATO BAPTISTA DE SOUZA</p>]]></Texto>
  </body>
  <Midias />
</article></xml>