﻿<xml><article id="27736430" name="724 725 726 e 727" idOficio="9057650" pubName="DO2" artType="Portaria" pubDate="30/08/2022" artClass="00018:00091:00001:00000:00000:00000:00000:00000:00000:00000:00017:00002" artCategory="Ministério da Educação/Universidade Federal do Espírito Santo/Reitoria" artSize="12" artNotes="" numberPage="66" pdfPage="http://pesquisa.in.gov.br/imprensa/jsp/visualiza/index.jsp?data=30/08/2022&amp;jornal=529&amp;pagina=66" editionNumber="165" highlightType="" highlightPriority="" highlight="" highlightimage="" highlightimagename="" idMateria="19840404">
  <body>
    <Identifica><![CDATA[ PORTARIAS DE PESSOAL DE 26 DE AGOSTO DE 2022]]></Identifica>
    <Data><![CDATA[]]></Data>
    <Ementa />
    <Titulo />
    <SubTitulo />
    <Texto><![CDATA[<p class="identifica">PORTARIAS DE PESSOAL DE 26 DE AGOSTO DE 2022</p><p>O Reitor da Universidade Federal do Espírito Santo, no uso de suas atribuições legais e estatutárias, resolve:</p><p>Nº 724 - Conceder aposentadoria por incapacidade permanente a RENAN BAPTISTA CEZAR, SIAPE 1172854, Copeiro, B-IV, Padrão de Vencimento 16, com fundamento no Art. 10, §1º, inc. II da Emenda Constitucional nº 103/19, conforme Laudo Médico nº 168.077/2022, datado de 04/08/2022.</p><p>Cessar os efeitos dos atos vinculados ao exercício do cargo.(Processo digital nº 23068.080641/2022-74)</p><p>Nº 725 - Alterar a Portaria nº 1812/2010-R, publicada no DOU em 23/09/2010, Seção 2, Pág. 19, referente à concessão de aposentadoria, da seguinte forma: onde se lê: "...Conceder aposentadoria voluntária por tempo de contribuição a SEBASTIÃO JOSE BALARINI, ocupante do cargo de professor de 3º grau, classe Adjunto, 04, com mestrado, em regime de dedicação exclusiva, do Quadro Permanente da UFES, matrícula SIAPE nº 295516, na forma do artigo 3º da Emenda Constitucional nº 47/05, com proventos integrais, acrescidos de 22% (vinte e dois por cento) de adicional por tempo de serviço, e da Retribuição por Titulação (RT) e Gratificação Específica de Magistério Superior (GEMAS) instituída pela Lei nº 11.784/2008."; leia-se: "...Conceder Aposentadoria Voluntária por Idade a SEBASTIAO JOSE BALARINI, SIAPE 295516, Professor de Magistério Superior, DE, com Mestrado, com base no artigo 40, §1º, inciso III, alínea "b" da Constituição Federal, com redação dada pela Emenda Constitucional nº 41/03, proventos proporcionais a 7733/12775, calculados com base no artigo 1º da Lei nº 10887/04.", a partir de 20/08/2020, data da primeira notificação.(Processo (Digitalizado) nº 23068.013306/2010-27)</p><p>O Reitor da Universidade Federal do Espírito Santo, no uso de suas atribuições legais e estatutárias, tendo em vista o disposto no Decreto 7.232/2010-PR, publicado no DOU 20/07/2010, resolve:</p><p>A posse ocorrerá no prazo de 30 (trinta) dias, contados da publicação deste ato no DOU.</p><p>Nº 726 - Nomear em caráter efetivo MAYKON MARTINS DE SOUZA, em virtude de habilitação em concurso público homologado pelo Edital nº 21/2022-R, publicado no DOU em 24/02/2022, de acordo com o Artigo 9º, item I da Lei 8112/90, para o cargo de Assistente em Administração, Nível de Classificação D, Nível de Capacitação I, Padrão de Vencimento 1, nas vagas destinadas às Pessoas com Deficiência, em regime de trabalho 40 (quarenta) horas semanais. Código da vaga: 0227514.(Processo digital nº 23068.084946/2022-55)</p><p>Nº 727 - Nomear em caráter efetivo LUCIANE APARECIDA BOLDA, em virtude de habilitação em concurso público homologado pelo Edital nº 19/2022-R (Retificado pelo edital 59/2022-R), publicado no DOU em 24/02/2022 (Retificação publicada em 04/03/2022), de acordo com o Artigo 9º, item I da Lei nº 8112/90, para o cargo de Assistente em Administração, Nível de Classificação D, Nível de Capacitação I, Padrão de Vencimento 1, nas vagas destinadas à Ampla Concorrência, em regime de trabalho de 40 (quarenta) horas semanais. Código da vaga: 0228611.(Processo digital nº 23068.084947/2022-08)</p><p class="assina">PAULO SERGIO DE PAULA VARGAS</p>]]></Texto>
  </body>
  <Midias />
</article></xml>