﻿<xml><article id="27735280" name="768__H14L08" idOficio="9057366" pubName="DO2" artType="Portaria" pubDate="30/08/2022" artClass="00018:00099:00000:00000:00000:00000:00000:00000:00000:00000:00017:00001" artCategory="Ministério da Educação/Universidade Federal de Lavras" artSize="12" artNotes="" numberPage="72" pdfPage="http://pesquisa.in.gov.br/imprensa/jsp/visualiza/index.jsp?data=30/08/2022&amp;jornal=529&amp;pagina=72" editionNumber="165" highlightType="" highlightPriority="" highlight="" highlightimage="" highlightimagename="" idMateria="19840059">
  <body>
    <Identifica><![CDATA[ PORTARIA Nº 768, DE 24 DE AGOSTO DE 2022]]></Identifica>
    <Data><![CDATA[]]></Data>
    <Ementa />
    <Titulo />
    <SubTitulo />
    <Texto><![CDATA[<p class="identifica">PORTARIA Nº 768, DE 24 DE AGOSTO DE 2022</p><p>O REITOR DA UNIVERSIDADE FEDERAL DE LAVRAS, no uso de suas atribuições legais e regimentais, com fundamento no disposto no Decreto n° 1.387/95 e suas alterações, no Decreto n° 91.800/85 e suas alterações, na Portaria MEC n° 404/09 e na Resolução Normativa CEPE n° 24/2022, resolve:</p><p>Art. 1º Autorizar o afastamento do país de Elaine Maria Seles Dorneles, matrícula na origem nº 2038121, Professora Adjunta, lotada no Departamento de Medicina Veterinaria, para participar do evento Brucellosis 2022 International Research Conference, em Teramo/Itália, no período de 13/09/2022 a 19/09/2022 (inclusive trânsito), com ônus limitado, conforme Processo nº 23090.028974/2022-13.</p><p>Art. 2º Esta Portaria entra em vigor na data de sua publicação no Diário Oficial da União.</p><p class="assina">JOÃO CHRYSOSTOMO DE RESENDE JUNIOR</p>]]></Texto>
  </body>
  <Midias />
</article></xml>