﻿<xml><article id="27742366" name="Portaria 154 - 2022" idOficio="9058814" pubName="DO2" artType="Portaria" pubDate="30/08/2022" artClass="00026:00002:00009:00018:00003:00000:00000:00000:00000:00000:00017:00001" artCategory="Ministério da Saúde/Secretaria Executiva/Departamento de Gestão Interfederativa e Participativa/Superintendência Estadual do Ministério da Saúde em São Paulo/Divisão de Gestão Administrativa" artSize="12" artNotes="" numberPage="116" pdfPage="http://pesquisa.in.gov.br/imprensa/jsp/visualiza/index.jsp?data=30/08/2022&amp;jornal=529&amp;pagina=116" editionNumber="165" highlightType="" highlightPriority="" highlight="" highlightimage="" highlightimagename="" idMateria="19841979">
  <body>
    <Identifica><![CDATA[ Portaria DIGAD/SP nº 154, de 25 de agosto de 2022]]></Identifica>
    <Data><![CDATA[]]></Data>
    <Ementa />
    <Titulo />
    <SubTitulo />
    <Texto><![CDATA[<p class="identifica">Portaria DIGAD/SP nº 154, de 25 de agosto de 2022</p><p>A CHEFE DA DIVISÃO DE GESTÃO ADMINISTRATIVA DA SUPERINTENDÊNCIA ESTADUAL DO MINISTÉRIO DA SAÚDE EM SÃO PAULO, no uso da competência que lhe foi atribuída pela Portaria SAA/SE/MS nº 1804 de 1/10/2013, publicada no DOU nº 192, de 03/10/2013, e tendo em vista o que consta do Processo nº 25004.001173/2022-50, resolve:</p><p>Art. 1º Conceder pensão a SÔNIA REGINA FONSECA PASTORI, na qualidade de cônjuge do ex-servidor GILBERTO PASTORI, ocupante do cargo de Médico, matricula SIAPE nº 590323, do quadro de pessoal deste Ministério, falecido aposentado em 26/05/2022, com fundamento no inciso I do art. 3º da Portaria SGP/SEDGG/ME Nº 4645, de 24 de maio de 2022, c/c o art. 217 da Lei nº 8.112, de 11 de dezembro de 1990, e art. 23 da Emenda Constitucional nº 103, de 12 de novembro de 2019.</p><p>Art. 2º Os efeitos desta Portaria entram em vigor em 26/05/2022.</p><p class="assina">SILVANA MARINHO DA SILVA</p>]]></Texto>
  </body>
  <Midias />
</article></xml>