﻿<xml><article id="27738494" name="08 26" idOficio="9058084" pubName="DO2" artType="Portaria" pubDate="30/08/2022" artClass="00018:00123:00000:00000:00000:00000:00000:00000:00000:00000:00017:00000" artCategory="Ministério da Educação/Universidade Federal dos Vales do Jequitinhonha e Mucuri" artSize="12" artNotes="" numberPage="86" pdfPage="http://pesquisa.in.gov.br/imprensa/jsp/visualiza/index.jsp?data=30/08/2022&amp;jornal=529&amp;pagina=86" editionNumber="165" highlightType="" highlightPriority="" highlight="" highlightimage="" highlightimagename="" idMateria="19840973">
  <body>
    <Identifica><![CDATA[ PORTARIAS DE 25 DE AGOSTO DE 2022]]></Identifica>
    <Data><![CDATA[]]></Data>
    <Ementa />
    <Titulo />
    <SubTitulo />
    <Texto><![CDATA[<p class="identifica">PORTARIAS DE 25 DE AGOSTO DE 2022</p><p>O REITOR DA UNIVERSIDADE FEDERAL DOS VALES DO JEQUITINHONHA E MUCURI, no uso de suas atribuições regimentais, resolve:</p><p>Nº 2.179 - Contratar PEDRO EDUARDO ANDRADE CARVALHO, como Professor do Magistério Superior substituto para a área de História do Brasil Monárquico; Política, Cidadania e Direitos Humanos; Teoria e Metodologia da História da Universidade Federal dos Vales do Jequitinhonha e Mucuri/UFVJM, no período de 31 de agosto de 2022 a 3 de fevereiro de 2023, com salário correspondente à Classe Assistente A, em regime de trabalho de 40 horas semanais.</p><p>Nº 2.180 - Conceder pensão vitalícia a Sra. CLARISA MARIA SANTOS SILVA, em razão do falecimento do seu cônjuge, o servidor ARISTIDES ALVES DA SILVA NETO, Professor do Magistério Superior, matrícula SIAPE nº 0390040, com fundamento nos artigos 215; 217, inciso I e 222, inciso VII, alínea "b", item 6 da lei n.° 8.112/90 com redação dada pela Lei n° 13.135/2015, combinado com o Art. 23, caput, da Emenda Constitucional n° 103/2019.</p><p class="assina">JANIR ALVES SOARES</p>]]></Texto>
  </body>
  <Midias />
</article></xml>