﻿<xml><article id="27736970" name="Portaria de Pessoal ASSERI.ASPAR" idOficio="9057763" pubName="DO2" artType="Portaria" pubDate="30/08/2022" artClass="00015:00006:00000:00000:00000:00000:00000:00000:00000:00000:00017:00000" artCategory="Ministério da Economia/Assessoria Especial de Relações Institucionais" artSize="12" artNotes="" numberPage="32" pdfPage="http://pesquisa.in.gov.br/imprensa/jsp/visualiza/index.jsp?data=30/08/2022&amp;jornal=529&amp;pagina=32" editionNumber="165" highlightType="" highlightPriority="" highlight="" highlightimage="" highlightimagename="" idMateria="19840571">
  <body>
    <Identifica><![CDATA[  PORTARIA DE PESSOAL ASSERI/ASPAR/ME Nº 9.883, DE 26 DE AGOSTO DE 2022]]></Identifica>
    <Data><![CDATA[]]></Data>
    <Ementa />
    <Titulo />
    <SubTitulo />
    <Texto><![CDATA[<p class="identifica">PORTARIA DE PESSOAL ASSERI/ASPAR/ME Nº 9.883, DE 26 DE AGOSTO DE 2022</p><p>O CHEFE DA ASSESSORIA ESPECIAL DE RELAÇÕES INSTITUCIONAIS DO MINISTÉRIO DA ECONOMIA, substituto, no uso da competência que lhe foi delegada pelo art. 15, da Portaria nº 7.081, de 9 de agosto de 2022, e considerando o disposto no Processo SEI nº 12100.103655/2022-11, resolve:</p><p>Designar PATRICIA CASCÃO CHAGAS, matrícula SIAPE nº 3210831, para exercer o encargo de substituta eventual de ALEX DE SOUSA ARAÚJO, Gerente de Projeto, código DAS 103.4, da Coordenação-Geral para Assuntos Parlamentares, da Assessoria Especial para Assuntos Parlamentares, da Assessoria Especial de Relações Institucionais do Ministério da Economia, em seus afastamentos e impedimentos legais ou regulamentares e na vacância do cargo.</p><p class="assina">JULIANO MOURA DE OLIVEIRA</p>]]></Texto>
  </body>
  <Midias />
</article></xml>