﻿<xml><article id="27732179" name="Portaria RTF DOU_MARIA-THERESA L" idOficio="7352800" pubName="DO2" artType="Portaria" pubDate="30/08/2022" artClass="00025:00001:00000:00000:00000:00000:00000:00000:00000:00000:00017:00000" artCategory="Ministério das Relações Exteriores/Gabinete do Ministro" artSize="12" artNotes="" numberPage="110" pdfPage="http://pesquisa.in.gov.br/imprensa/jsp/visualiza/index.jsp?data=30/08/2022&amp;jornal=529&amp;pagina=110" editionNumber="165" highlightType="" highlightPriority="" highlight="" highlightimage="" highlightimagename="" idMateria="14832835">
  <body>
    <Identifica><![CDATA[ PORTARIA Nº 940, DE 23 DE AGOSTO DE 2022]]></Identifica>
    <Data><![CDATA[]]></Data>
    <Ementa />
    <Titulo />
    <SubTitulo />
    <Texto><![CDATA[<p class="identifica">PORTARIA Nº 940, DE 23 DE AGOSTO DE 2022</p><p>O MINISTRO DAS RELAÇÕES EXTERIORES, no uso das atribuições que lhe conferem os incisos I e IV do parágrafo único do art. 87 da Constituição Federal de 1988, resolve:</p><p>Art. 1° - Conceder aposentadoria voluntária com proventos integrais a MARIA-THERESA LAZARO, matrícula SIAPE nº 0460551, matrícula SIAPECAD nº 674702, ministra de primeira classe do Quadro Especial da carreira de diplomata do Ministério das Relações Exteriores, fundamentada no artigo 3° da Emenda Constitucional n° 47, de 5 de julho de 2005, combinado com o artigo 3º da Emenda Constitucional nº 103, de 12 de novembro de 2019.</p><p>Art. 2º - Esta Portaria entra em vigor a partir de sua publicação no Diário Oficial da União.</p><p class="assina">CARLOS ALBERTO FRANCO FRANÇA</p>]]></Texto>
  </body>
  <Midias />
</article></xml>