﻿<xml><article id="27740883" name="Portaria nA 1493 - Tornar sem ef" idOficio="9058584" pubName="DO2" artType="Portaria" pubDate="30/08/2022" artClass="00018:00070:00001:00000:00000:00000:00000:00000:00000:00000:00017:00000" artCategory="Ministério da Educação/Instituto Federal de Educação, Ciência e Tecnologia de Rondônia/Reitoria" artSize="12" artNotes="" numberPage="61" pdfPage="http://pesquisa.in.gov.br/imprensa/jsp/visualiza/index.jsp?data=30/08/2022&amp;jornal=529&amp;pagina=61" editionNumber="165" highlightType="" highlightPriority="" highlight="" highlightimage="" highlightimagename="" idMateria="19841616">
  <body>
    <Identifica><![CDATA[ PORTARIA Nº 1.493, DE 24 DE AGOSTO DE 2022]]></Identifica>
    <Data><![CDATA[]]></Data>
    <Ementa />
    <Titulo />
    <SubTitulo />
    <Texto><![CDATA[<p class="identifica">PORTARIA Nº 1.493, DE 24 DE AGOSTO DE 2022</p><p>O REITOR PRO TEMPORE DO INSTITUTO FEDERAL DE EDUCAÇÃO, CIÊNCIA E TECNOLOGIA DE RONDÔNIA - IFRO, nomeado pelo Decreto Presidencial de 4 de agosto de 2022, publicado no DOU nº 148, de 5 de agosto de 2022, Seção 2, pág. 1, no uso de suas atribuições legais e regimentais conferidas pela Lei nº 11.892, de 29 de dezembro de 2008, publicada no D.O.U. de 30 de dezembro de 2009 e estabelecidas pelo art. 67 do Regimento Geral do Instituto Federal de Educação, Ciência e Tecnologia de Rondônia - IFRO, aprovado pela Resolução nº 65/CONSUP/IFRO, de 29 de dezembro de 2015, e posteriores; tendo em vista os autos do Processo SEI nº 23243.026204/2019-31, resolve:</p><p>Art. 1º A nomeação do candidato SIDNEI MAZITO DA MOTA, por meio da Portaria nº 1.261/REIT - CGAB/IFRO, de 25 de julho de 2022, publicada no DOU de 27/7/2022, Seção 2, página 25, habilitado em Concurso Público, homologado pelo Edital do Resultado Final nº 51 REIT - CEA/IFRO, de 5 de maio de 2022, publicado no DOU nº 85, de 6 de maio de 2022, Seção 3, págs. 66 a 68, para ocupar o cargo de Assistente em Administração, Classe D, Nível de Capacitação I, Padrão de Vencimento 01, em regime de trabalho de 40 (quarenta) horas semanais, com lotação no Campus Colorado do Oeste, sob o código da vaga nº 329069, está tornada SEM EFEITO em face de sua solicitação de Reclassificação datada de 23/8/2022 (SEI nº 1696900).</p><p>Art. 2º Fica o mesmo reclassificado na última classificação da ampla concorrência.</p><p>Art. 3º Esta Portaria entra em vigor na data de sua publicação.</p><p class="assina">EDSLEI RODRIGUES DE ALMEIDA</p>]]></Texto>
  </body>
  <Midias />
</article></xml>