﻿<xml><article id="27733603" name="Port_P_GM_168_Des_TARCISIO" idOficio="9056964" pubName="DO2" artType="Portaria" pubDate="30/08/2022" artClass="00023:00001:00000:00000:00000:00000:00000:00000:00000:00000:00013:00002" artCategory="Ministério de Minas e Energia/Gabinete do Ministro" artSize="12" artNotes="" numberPage="108" pdfPage="http://pesquisa.in.gov.br/imprensa/jsp/visualiza/index.jsp?data=30/08/2022&amp;jornal=529&amp;pagina=108" editionNumber="165" highlightType="" highlightPriority="" highlight="" highlightimage="" highlightimagename="" idMateria="19839466">
  <body>
    <Identifica><![CDATA[ PORTARIA DE PESSOAL Nº 168/GM/MME, DE 25 DE AGOSTO DE 2022]]></Identifica>
    <Data><![CDATA[]]></Data>
    <Ementa />
    <Titulo />
    <SubTitulo />
    <Texto><![CDATA[<p class="identifica">PORTARIA DE PESSOAL Nº 168/GM/MME, DE 25 DE AGOSTO DE 2022</p><p>A CHEFE DE GABINETE DO MINISTRO DE ESTADO DE MINAS E ENERGIA, no uso da competência outorgada pela Portaria MME nº 121, de 11 de fevereiro de 2019, resolve:</p><p>Designar TARCÍSIO TADEU DE CASTRO, para exercer a Função Comissionada do Poder Executivo de Assistente da Coordenação-Geral de Outorgas de Serviços de Transmissão e Distribuição de Energia Elétrica, do Departamento de Outorgas de Concessões, Permissões e Autorizações, da Secretaria de Planejamento e Desenvolvimento Energético, código FCPE 102.2.</p><p class="assina">ALINE DE MEDEIROS DANTAS</p>]]></Texto>
  </body>
  <Midias />
</article></xml>