﻿<xml><article id="27734986" name="P8RF552E553" idOficio="9057314" pubName="DO2" artType="Portaria" pubDate="30/08/2022" artClass="00015:00045:00432:00100:00000:00000:00000:00000:00000:00000:00017:00002" artCategory="Ministério da Economia/Secretaria Especial da Receita Federal do Brasil/Subsecretaria-Geral da Receita Federal do Brasil/Superintendência Regional da 8ª Região Fiscal" artSize="12" artNotes="" numberPage="45" pdfPage="http://pesquisa.in.gov.br/imprensa/jsp/visualiza/index.jsp?data=30/08/2022&amp;jornal=529&amp;pagina=45" editionNumber="165" highlightType="" highlightPriority="" highlight="" highlightimage="" highlightimagename="" idMateria="19839977">
  <body>
    <Identifica><![CDATA[ PORTARIAS DE PESSOAL SRRF08 DE 25 DE AGOSTO DE 2022]]></Identifica>
    <Data><![CDATA[]]></Data>
    <Ementa />
    <Titulo />
    <SubTitulo />
    <Texto><![CDATA[<p class="identifica">PORTARIAS DE PESSOAL SRRF08 DE 25 DE AGOSTO DE 2022</p><p>O SUPERINTENDENTE SUBSTITUTO DA RECEITA FEDERAL DO BRASIL DA 8ª REGIÃO FISCAL, no uso da competência que lhe foi subdelegada pela Portaria RFB nº 56, de 16 de agosto de 2021, publicada no DOU de 17 de agosto de 2021, e considerando o disposto no § 1º do art. 1º da Portaria RFB nº 1.070, de 24 de junho de 2020, e o que consta no Processo Dossiê nº 13032.660170/2022-36, resolve:</p><p>Nº 552 - Dispensar o Analista Tributário da Receita Federal do Brasil SERGIO MAKOTO TAKAHASHI, matrícula Siapecad nº 1292924, da função gratificada de Chefe da Seção de Cruzamento de Dados e Desenvolvimento de Soluções (Sadav) da Superintendência Regional da Receita Federal do Brasil da 8ª Região Fiscal (SP), Código FG-1.</p><p>Nº 553 - Designar o Analista Tributário da Receita Federal do Brasil TIBERIO DAMASO MENDONÇA, matrícula Siapecad nº 1302719, para exercer a função gratificada de Chefe da Seção de Cruzamento de Dados e Desenvolvimento de Soluções (Sadav) da Superintendência Regional da Receita Federal do Brasil da 8ª Região Fiscal (SP), Código FG-1.</p><p class="assina">MARCELO KOJI KAWABATA</p>]]></Texto>
  </body>
  <Midias />
</article></xml>