﻿<xml><article id="27732128" name="Portaria 723 de 25 de agosto de " idOficio="9056510" pubName="DO2" artType="Portaria" pubDate="30/08/2022" artClass="00018:00097:00008:00000:00000:00000:00000:00000:00000:00000:00017:00000" artCategory="Ministério da Educação/Universidade Federal de Jataí/Pró-Reitoria de Gestão de Pessoas" artSize="12" artNotes="" numberPage="71" pdfPage="http://pesquisa.in.gov.br/imprensa/jsp/visualiza/index.jsp?data=30/08/2022&amp;jornal=529&amp;pagina=71" editionNumber="165" highlightType="" highlightPriority="" highlight="" highlightimage="" highlightimagename="" idMateria="19839023">
  <body>
    <Identifica><![CDATA[ Portaria nº 723, de 25 de agosto de 2022]]></Identifica>
    <Data><![CDATA[]]></Data>
    <Ementa />
    <Titulo />
    <SubTitulo />
    <Texto><![CDATA[<p class="identifica">Portaria nº 723, de 25 de agosto de 2022</p><p>O PRÓ-REITOR PRO TEMPORE DE GESTÃO DE PESSOAS DA UNIVERSIDADE FEDERAL DE JATAÍ, usando da competência delegada pela Portaria n° 064/2022, da Reitoria, de 26/01/22, tendo em vista o que consta, resolve:</p><p>Prorrogar, de 02/11/2022 até 02/05/2023, o afastamento de BRENO ALMEIDA SOARES, Matrícula nº 1680759/SIAPE, Professor do Magistério Superior, lotado na Unidade Acadêmica de Ciências Exatas da UFJ, para concluir o Pós-Doutorado em Síntese Orgânica/Química Medicinal/Química Computacional, no nível de Pós-Doutorado, na Universidad de Chile, na cidade de Santiago - Chile (Processo nº 23854.001380/2022-78).</p><p class="assina">Hanstter Hallison Alves Rezende</p>]]></Texto>
  </body>
  <Midias />
</article></xml>