﻿<xml><article id="27739642" name="PORTARIA 2209. 2022" idOficio="9058315" pubName="DO2" artType="Portaria" pubDate="30/08/2022" artClass="00018:00058:00001:00000:00000:00000:00000:00000:00000:00000:00017:00000" artCategory="Ministério da Educação/Instituto Federal de Educação, Ciência e Tecnologia de Mato Grosso/Reitoria" artSize="12" artNotes="" numberPage="55" pdfPage="http://pesquisa.in.gov.br/imprensa/jsp/visualiza/index.jsp?data=30/08/2022&amp;jornal=529&amp;pagina=55" editionNumber="165" highlightType="" highlightPriority="" highlight="" highlightimage="" highlightimagename="" idMateria="19841291">
  <body>
    <Identifica><![CDATA[ PORTARIA Nº 2.209, DE 26 DE AGOSTO DE 2022]]></Identifica>
    <Data><![CDATA[]]></Data>
    <Ementa />
    <Titulo />
    <SubTitulo />
    <Texto><![CDATA[<p class="identifica">PORTARIA Nº 2.209, DE 26 DE AGOSTO DE 2022</p><p>O REITOR DO INSTITUTO FEDERAL DE EDUCAÇÃO, CIÊNCIA E TECNOLOGIA DE MATO GROSSO, no uso de suas atribuições legais, conferidas pelo Decreto Presidencial de 31.03.2021, publicada no D.O.U de nº 62, de 05.04.2021, seção 2, página 1; e considerando o Processo eletrônico nº 23192.001022.2022-04; resolve:</p><p>Art. 1º Dispensar o servidor, PEDRO GABRIEL GOMES BORGES DE SOUZA, matrícula SIAPE nº2084883, ocupante do cargo de Assistente de Aluno, pertencente ao Quadro Permanente de Pessoal deste IFMT - Campus Campo Novo do Parecis, da função gratificada de Coordenador de Registro Acadêmico, código FG 01.</p><p>Art. 2º Designar a servidora, LAYS DA SILVA SANTOS, matrícula SIAPE nº2884276, ocupante do cargo de Assistente em Administração, pertencente ao Quadro Permanente de Pessoal deste IFMT - Campus Campo Novo do Parecis, para exercer a função gratificada de Coordenadora de Registro Acadêmico, código FG 01.</p><p>Art. 3º Esta portaria entra em vigor na data de sua publicação no Diário Oficial da União.</p><p>Art. 4º Cientifiquem-se e cumpram-se.</p><p class="assina">Julio César dos Santos</p>]]></Texto>
  </body>
  <Midias />
</article></xml>