﻿<xml><article id="27736418" name="PORTARIA DE PESSOAL NA 9865" idOficio="9057640" pubName="DO2" artType="Portaria" pubDate="30/08/2022" artClass="00015:00041:00034:00008:00003:00000:00000:00000:00000:00000:00017:00016" artCategory="Ministério da Economia/Secretaria Especial de Desburocratização, Gestão e Governo Digital/Secretaria de Gestão e Desempenho de Pessoal/Departamento de Centralização de Serviços de Inativos, Pensionistas e Órgãos Extintos/Coordenação-Geral de Benefícios" artSize="12" artNotes="" numberPage="42" pdfPage="http://pesquisa.in.gov.br/imprensa/jsp/visualiza/index.jsp?data=30/08/2022&amp;jornal=529&amp;pagina=42" editionNumber="165" highlightType="" highlightPriority="" highlight="" highlightimage="" highlightimagename="" idMateria="19840393">
  <body>
    <Identifica><![CDATA[ PORTARIA DE PESSOAL CGBEN/DECIPEX/SGP/SEDGG/ME Nº 9.865, DE 26 DE AGOSTO DE 2022]]></Identifica>
    <Data><![CDATA[]]></Data>
    <Ementa />
    <Titulo />
    <SubTitulo />
    <Texto><![CDATA[<p class="identifica">PORTARIA DE PESSOAL CGBEN/DECIPEX/SGP/SEDGG/ME Nº 9.865, DE 26 DE AGOSTO DE 2022</p><p>O COORDENADOR-GERAL DE BENEFÍCIOS DO DEPARTAMENTO DE CENTRALIZAÇÃO DE SERVIÇOS DE INATIVOS, PENSIONISTAS E ÓRGÃOS EXTINTOS, DA SECRETARIA DE GESTÃO E DESEMPENHO DE PESSOAL, DA SECRETARIA ESPECIAL DE DESBUROCRATIZAÇÃO, GESTÃO E GOVERNO DIGITAL, DO MINISTÉRIO DA ECONOMIA, no uso da competência atribuída pela Portaria DECIP/SGP/MPDG nº 13.530, de 27 de dezembro de 2018, publicada no DOU de 28 de dezembro de 2018, e considerando o disposto no Processo nº 14022.105632/2022-39, resolve:</p><p>Art. 1º Conceder aposentadoria voluntária com proventos integrais ao servidor ALMIRO SANTOS RODRIGUES, matrícula SIAPE nº 1019457, ocupante do cargo de Motorista Oficial, Nível Intermediário, Classe "S", Padrão III, do Quadro de Pessoal do Ministério da Economia, oriundo do Ex-Território Federal do Amapá, com fundamento no art. 3º da Emenda Constitucional nº 47, de 2005, combinado com o art. 3º da Emenda Constitucional nº 103, de 2019.</p><p>Art. 2º Esta Portaria entra em vigor na data de sua publicação.</p><p class="assina">PABLO MARCOS GOMES LEITE</p>]]></Texto>
  </body>
  <Midias />
</article></xml>