﻿<xml><article id="27737129" name="portaria_708-710_2022 CSCDP DP" idOficio="9057816" pubName="DO2" artType="Portaria" pubDate="30/08/2022" artClass="00026:00034:00000:00000:00000:00000:00000:00000:00000:00000:00017:00001" artCategory="Ministério da Saúde/Agência Nacional de Vigilância Sanitária" artSize="12" artNotes="" numberPage="119" pdfPage="http://pesquisa.in.gov.br/imprensa/jsp/visualiza/index.jsp?data=30/08/2022&amp;jornal=529&amp;pagina=119" editionNumber="165" highlightType="" highlightPriority="" highlight="" highlightimage="" highlightimagename="" idMateria="19840620">
  <body>
    <Identifica><![CDATA[ PORTARIAS, DE 25 DE AGOSTO DE 2022]]></Identifica>
    <Data><![CDATA[]]></Data>
    <Ementa />
    <Titulo />
    <SubTitulo />
    <Texto><![CDATA[<p class="identifica">PORTARIAS, DE 25 DE AGOSTO DE 2022</p><p>O Diretor-Presidente da Agência Nacional de Vigilância Sanitária no uso de suas atribuições e tendo em vista o disposto no art. 203, III, § 3º, aliado ao inciso III, parágrafo único do art. 6º e ao art. 187, I, § 1º do Regimento Interno aprovado pela Resolução de Diretoria Colegiada - RDC nº 585, de 10 de dezembro de 2021, resolve autorizar o afastamento do país dos seguintes servidores:</p><p>Nº 708 - JOAO DIMAS RIBEIRO, Especialista em Regulação e Vigilância Sanitária, SIAPE Nº 1568678, para inspecionar a empresa Intas Pharmaceuticals Ltd., em Ankleshwar, Índia, no período de 22/9/22 a 2/10/22, incluído o trânsito, com ônus para ANVISA, conforme deliberação da Diretoria Colegiada por Circuito Deliberativo nº 730/2022. (Processo nº 25351.918238/2022-58).</p><p>Nº 709 - JANGLEY BAHIA COSTA, Especialista em Regulação e Vigilância Sanitária, SIAPE Nº 1568677, para inspecionar a empresa G21 S.R.L., em Modena, Itália, no período de 1º/10/22 a 7/10/22, incluído o trânsito, com ônus para ANVISA, conforme deliberação da Diretoria Colegiada por Circuito Deliberativo nº 778/2022. (Processo nº 25351.919013/2022-19).</p><p>Nº 710 - LETICIA OYAMADA SIZUKUSA, Especialista em Regulação e Vigilância Sanitária, SIAPE Nº 2110788, para inspecionar a empresa Roche Diagnostics GmbH, em Mannheim, Alemanha, no período de 24/9/22 a 2/10/22, incluído o trânsito, com ônus para ANVISA, conforme deliberação da Diretoria Colegiada por Circuito Deliberativo nº 730/2022. (Processo nº 25351.918238/2022-58).</p><p class="assina">ANTONIO BARRA TORRES</p>]]></Texto>
  </body>
  <Midias />
</article></xml>