﻿<xml><article id="27735301" name="Portaria de Pessoal SEGES nA 731" idOficio="9057373" pubName="DO2" artType="Portaria" pubDate="30/08/2022" artClass="00015:00041:00033:00000:00000:00000:00000:00000:00000:00000:00017:00001" artCategory="Ministério da Economia/Secretaria Especial de Desburocratização, Gestão e Governo Digital/Secretaria de Gestão" artSize="12" artNotes="" numberPage="35" pdfPage="http://pesquisa.in.gov.br/imprensa/jsp/visualiza/index.jsp?data=30/08/2022&amp;jornal=529&amp;pagina=35" editionNumber="165" highlightType="" highlightPriority="" highlight="" highlightimage="" highlightimagename="" idMateria="19840066">
  <body>
    <Identifica><![CDATA[ PORTARIA Nº 7.313, DE 15 DE AGOSTO DE 2022]]></Identifica>
    <Data><![CDATA[]]></Data>
    <Ementa />
    <Titulo />
    <SubTitulo />
    <Texto><![CDATA[<p class="identifica">PORTARIA Nº 7.313, DE 15 DE AGOSTO DE 2022</p><p>O SECRETÁRIO DE GESTÃO, no uso da atribuição que lhe conferem a alínea "b" do inciso IX e o inciso X do art. 127 do Anexo I do Decreto nº 9.745, de 8 de abril de 2019, e tendo em vista o disposto nos arts. 8º e 9º do Decreto nº 10.035, de 1º de outubro de 2019, resolve:</p><p>Art. 1º O art. 1º da Portaria nº 13.003, de 04 de dezembro de 2019, passa a vigorar com a seguinte redação:</p><p>"Art. 1º ..................................................................................................................</p><p>I - ............................................................................................................................</p><p>a) titular: Renato Ribeiro Fenili;</p><p>b) .............................................................................................................................</p><p>IV - ..........................................................................................................................</p><p>a) Titular: Marjorie Antunes Bortolotto;</p><p>b) suplente: Juliana Pires Gonçalves Cunha;</p><p>c) ............................................................................................................................</p><p>d) ............................................................................................................................</p><p>...................................................................................................................." (NR)</p><p>Art. 2º Esta Portaria entra em vigor na data de sua publicação.</p><p class="assina">ELISE SUELI PEREIRA GONÇALVES</p>]]></Texto>
  </body>
  <Midias />
</article></xml>