﻿<xml><article id="27732158" name="Sem tAtulo 1" idOficio="9056746" pubName="DO2" artType="Portaria" pubDate="30/08/2022" artClass="00018:00112:00017:00000:00000:00000:00000:00000:00000:00000:00017:00000" artCategory="Ministério da Educação/Universidade Federal de Rondonópolis/Pró-Reitoria de Gestão de Pessoas" artSize="12" artNotes="" numberPage="81" pdfPage="http://pesquisa.in.gov.br/imprensa/jsp/visualiza/index.jsp?data=30/08/2022&amp;jornal=529&amp;pagina=81" editionNumber="165" highlightType="" highlightPriority="" highlight="" highlightimage="" highlightimagename="" idMateria="19839283">
  <body>
    <Identifica><![CDATA[ PORTARIA PROGEP/UFR Nº 292, DE 26 DE AGOSTO DE 2022]]></Identifica>
    <Data><![CDATA[]]></Data>
    <Ementa />
    <Titulo />
    <SubTitulo />
    <Texto><![CDATA[<p class="identifica">PORTARIA PROGEP/UFR Nº 292, DE 26 DE AGOSTO DE 2022</p><p>O Pró-Reitor de Gestão de Pessoas da Universidade Federal de Rondonópolis, no uso das atribuições que lhe conferem a Portaria Reitoria/UFR nº XCVI, de 30 de setembro de 2021 e Portaria Reitoria/UFR n° 123, de 25 de março de 2022,</p><p>CONSIDERANDO o que consta no artigo 96-A da Lei 8112, de 11 de dezembro de 1990;</p><p>CONSIDERANDO o artigo 30 da Lei 12.772, de 28 de dezembro de 2012;</p><p>CONSIDERANDO a Resolução CONSEPE/UFMT nº 83, de 25 de julho de 2016;</p><p>CONSIDERANDO o Decreto nº 9.991, de 28 de agosto de 2019;</p><p>CONSIDERANDO a Instrução Normativa/ME Nº 201, de 11 de setembro de 2019;</p><p>CONSIDERANDO a Nota Técnica SEI nº 7058/2019/ME; e</p><p>CONSIDERANDO os autos do Processo nº 23853.006834/2022-15, resolve:</p><p>Art. 1º Autorizar o afastamento do servidor docente Márcio Alessandro Neman do Nascimento, SIAPE 226****, lotado no Instituto de Ciências Humanas e Sociais da Universidade Federal de Rondonópolis, para realizar Pós-Doutorado em Psicologia, na área de Constituição do Sujeito e Historicidade, na Universidade Estadual de Maringá, em Maringá, Paraná.</p><p>Art. 2º Esta portaria conta seus efeitos no período de vinte e nove de agosto de dois mil e vinte e dois a vinte e oito de agosto de dois mil e vinte e três.</p><p class="assina">Aristides José da Silva Júnior</p>]]></Texto>
  </body>
  <Midias />
</article></xml>