﻿<xml><article id="27738878" name="PORTARIA N 3.255 SINC 19841044" idOficio="9058131" pubName="DO2" artType="Portaria" pubDate="30/08/2022" artClass="00026:00001:00000:00000:00000:00000:00000:00000:00000:00000:00017:00007" artCategory="Ministério da Saúde/Gabinete do Ministro" artSize="12" artNotes="" numberPage="114" pdfPage="http://pesquisa.in.gov.br/imprensa/jsp/visualiza/index.jsp?data=30/08/2022&amp;jornal=529&amp;pagina=114" editionNumber="165" highlightType="" highlightPriority="" highlight="" highlightimage="" highlightimagename="" idMateria="19841044">
  <body>
    <Identifica><![CDATA[ PORTARIA GM/MS Nº 3.255, DE 23 DE AGOSTO DE 2022]]></Identifica>
    <Data><![CDATA[]]></Data>
    <Ementa />
    <Titulo />
    <SubTitulo />
    <Texto><![CDATA[<p class="identifica">PORTARIA GM/MS Nº 3.255, DE 23 DE AGOSTO DE 2022</p><p>O MINISTRO DE ESTADO DA SAÚDE, no uso da competência que lhe foi delegada pelo art. 6º do Decreto nº 9.794, de 14 de maio de 2019, resolve:</p><p>Designar FRANCISCO EDILSON FERREIRA DE LIMA JUNIOR, matrícula SIAPE 2684567, para exercer a Função Comissionada Executiva de Assessor Técnico Especializado, FCE-4.10, código 32.0043, da Coordenação-Geral de Vigilância de Zoonoses e Doenças de Transmissão Vetorial, do Departamento de Imunização e Doenças Transmissíveis, da Secretaria de Vigilância em Saúde.</p><p class="assina">MARCELO ANTÔNIO CARTAXO QUEIROGA LOPES</p>]]></Texto>
  </body>
  <Midias />
</article></xml>