﻿<xml><article id="27737741" name="Portaria 503-2" idOficio="9057917" pubName="DO2" artType="Portaria" pubDate="30/08/2022" artClass="00018:00138:00001:00000:00000:00000:00000:00000:00000:00000:00017:00001" artCategory="Ministério da Educação/Fundação Universidade Federal de Mato Grosso/Gabinete da Reitoria" artSize="12" artNotes="" numberPage="91" pdfPage="http://pesquisa.in.gov.br/imprensa/jsp/visualiza/index.jsp?data=30/08/2022&amp;jornal=529&amp;pagina=91" editionNumber="165" highlightType="" highlightPriority="" highlight="" highlightimage="" highlightimagename="" idMateria="19840759">
  <body>
    <Identifica><![CDATA[ PORTARIAS DE 23 DE AGOSTO DE 2022]]></Identifica>
    <Data><![CDATA[]]></Data>
    <Ementa />
    <Titulo />
    <SubTitulo />
    <Texto><![CDATA[<p class="identifica">PORTARIAS DE 23 DE AGOSTO DE 2022</p><p>O Reitor da Universidade Federal de Mato Grosso, no uso de suas atribuições legais, resolve:</p><p>Nº 503 - Exonerar a pedido, a servidora JULIANA DANIELLE COSTA OLIVEIRA ABRÃO, SIAPE n. 3927528, do cargo de Professor da Carreira do Magistério Superior, classe Auxiliar, Nível 401, do Quadro de Pessoal Efetivo desta Universidade, lotada na Faculdade de Medicina /Departamento de Ginecologia e Obstetrícia, Campus de Cuiabá. Declarar vago o respectivo cargo.</p><p>Esta Portaria conta seus efeitos a partir de 11 de julho de 2022. (Processo nº 23108.058091/2022-93).</p><p>Nº 505 - Exonerar, a pedido, o servidor MATHEUS ANTONIO OLIVEIRA SILVA, SIAPE n. 3257874, do cargo de Assistente em Administração, Nível D, Padrão 101, do Quadro de Pessoal Efetivo desta Universidade, lotado na Gerência de Projetos e Governança - STI, campus de Cuiabá. Declarar vago o respectivo cargo.</p><p>Esta Portaria conta seus efeitos a partir de 01 de setembro de 2022. (Processo nº 23108.070839/2022-26).</p><p class="assina">EVANDRO APARECIDO SOARES DA SILVA</p><p class="identifica">PORTARIA N° 506, DE 24 DE AGOSTO DE 2022</p><p>O Reitor da Universidade Federal de Mato Grosso, no uso de suas atribuições legais, resolve:</p><p>Nomear, em caráter efetivo, VIVIANE DE SOUZA DIAS, habilitada em Concurso Público para provimento de cargos efetivos da carreira de Técnico Administrativo em Educação realizado pela Universidade Federal de Goiás - UFG, com homologação do resultado do Certame publicada no Diário Oficial da União em 13 de dezembro de 2019, S. 3, p. 78-83, com vigência prorrogada pela Portaria nº 2.462, de 02 e agosto de 2022, publicada no D.O.U. em 04.08.2022, para o cargo de ENGENHEIRO DE SEGURANÇA DO TRABALHO, Classe E, Nível de Capacitação I, Padrão de Vencimento 1, em regime de trabalho de 40 horas semanais, com lotação no Campus Universitário de CUIABÁ, com autorização do Decreto n. 7.232, de 19.07.2010, publicado no DOU de 20.07.2010, e da Portaria Interministerial MPOG/MEC n. 316, de 09.10.2017, publicada no DOU de 19.10.2017, sob o código de vaga nº 981266.</p><p>Esta Portaria conta seus efeitos a partir da data de sua publicação no Diário Oficial da União. (Processo n° 23108.072068/2022-10).</p><p class="assina">EVANDRO APARECIDO SOARES DA SILVA</p>]]></Texto>
  </body>
  <Midias />
</article></xml>