﻿<xml><article id="27731906" name="Portaria 1004 1005 1006 1007 100" idOficio="9056659" pubName="DO2" artType="Portaria" pubDate="30/08/2022" artClass="00018:00114:00000:00000:00000:00000:00000:00000:00000:00000:00017:00000" artCategory="Ministério da Educação/Universidade Federal Rural de Pernambuco" artSize="12" artNotes="" numberPage="82" pdfPage="http://pesquisa.in.gov.br/imprensa/jsp/visualiza/index.jsp?data=30/08/2022&amp;jornal=529&amp;pagina=82" editionNumber="165" highlightType="" highlightPriority="" highlight="" highlightimage="" highlightimagename="" idMateria="19839188">
  <body>
    <Identifica><![CDATA[ PORTARIAS DE 25 DE AGOSTO DE 2022]]></Identifica>
    <Data><![CDATA[]]></Data>
    <Ementa />
    <Titulo />
    <SubTitulo />
    <Texto><![CDATA[<p class="identifica">PORTARIAS DE 25 DE AGOSTO DE 2022</p><p>O REITOR DA UNIVERSIDADE FEDERAL RURAL DE PERNAMBUCO, nomeado pelo Decreto de 30 de abril de 2020, publicado no Diário Oficial da União em 4 de maio de 2020, no uso de suas atribuições legais e estatutárias, resolve:</p><p>Nº 1.004 - Art. 1º CONCEDER PENSÃO POR MORTE em favor de MARIA NUNES DA SILVA, viúva e beneficiária do citado benefício deixado pelo(a) ex-servidor(a) aposentado(a) desta Universidade JOSE DAMIAO DA SILVA, Matrícula SIAPE nº 0140073, falecido(a) em 17/07/2022.</p><p>Art. 2º Tal ato encontra-se de acordo com o art. 215, caput, 217, I, da Lei nº 8.112, de 11/12/1990, com a nova redação dada pelo art. 3º da Lei 13.135, de 17/06/2015, DOU de 18/06/2015, e o art. 23 c/c o §4º do artigo 11, da Emenda Constitucional nº 103/2019.</p><p>Art. 3º A referida pensão, de natureza vitalícia, deverá ser paga a partir de 17/07/2022, com a cota familiar equivalente a 60% (sessenta por cento) do valor da aposentadoria do(a) ex-servidor(a), na forma definida no caput do art. 23º da EC nº 103/2019. (Processo UFRPE nº 23082.021523/2022-46)</p><p>Nº 1.005 - Art. 1º CONCEDER PENSÃO POR MORTE em favor de MARIA SELMA DA SILVA RAMOS, viúva e beneficiária do citado benefício deixado pelo(a) ex-servidor(a) desta Universidade MOISES BATISTA RAMOS, Matrícula SIAPE nº 0383607, falecido(a) em 17/06/2022.</p><p>Art. 2º Tal ato encontra-se de acordo com o art. 215, caput, 217, I, e 222, b-6 da da Lei nº 8.112, de 11/12/1990, com a nova redação dada pelo art. 3º da Lei 13.135, de 17/06/2015, DOU de 18/06/2015, e o art. 23 c/c o §4º do artigo 11, da Emenda Constitucional nº 103/2019.</p><p>Art. 3º A referida pensão, de natureza vitalícia, deverá ser paga a partir de 17/06/2022, com a cota familiar equivalente a 60% (sessenta por cento) do valor da aposentadoria do(a) ex-servidor(a), na forma definida no caput do art. 23º da EC nº 103/2019. (Processo UFRPE nº 23082.017678/2022-88)</p><p>Nº 1.006 - Art. 1º CONCEDER PENSÃO POR MORTE em favor de CLEIA MARIA CORDEIRO ALVES LIMA, cônjuge separado judicialmente com percepção de pensão alimentícia estabelecida judicialmente e beneficiária do citado benefício deixado pelo(a) ex-servidor(a) aposentado(a) desta Universidade MARIO ALVES LIMA JÚNIOR, Matrícula SIAPE nº 384083, falecido(a) em 13/07/2022.</p><p>Art. 2º Tal ato encontra-se de acordo com o art. 215, caput, 217, II, da Lei nº 8.112, de 11/12/1990, com a nova redação dada pelo art. 3º da Lei 13.135, de 17/06/2015, DOU de 18/06/2015, e o art. 23 c/c o §4º do artigo 11, da Emenda Constitucional nº 103/2019.</p><p>Art. 3º A referida pensão, de natureza vitalícia, deverá ser paga a partir de 13/07/2022, com a cota familiar equivalente a 60% (sessenta por cento) do valor da aposentadoria do(a) ex-servidor(a), na forma definida no caput do art. 23º da EC nº 103/2019. (Processo UFRPE nº 23082.020614/2022-64)</p><p>Nº 1.007 - Art. 1º CONCEDER PENSÃO POR MORTE em favor de MARIA ELIZABETH MARTINS CASTRO, filho(a) maior com deficiência intelectual ou mental e beneficiário(a) do citado benefício deixado pelo(a) ex-servidor(a) aposentado(a) desta Universidade MANOEL DE ALMEIDA CASTRO JÚNIOR, Matrícula SIAPE nº 384029, falecido(a) em 11/03/2021.</p><p>Art. 2º Tal ato encontra-se de acordo com os art. 215, caput, 217, IV, alínea d, e 222, III, da Lei nº 8.112, de 11/12/90, com a nova redação dada pela Lei nº 13.846 de 2019 c/c art. 201 §°I, inciso I da Constituição Federal de 1988.</p><p>Art. 3º A referida pensão, de natureza temporária, será concedida até que cessem as condições que ensejaram o referido benefício, devendo ser paga a partir de 22/06/2022, com a cota familiar equivalente a 60% (sessenta por cento) do valor da aposentadoria do(a) ex-servidor(a), consoante o disposto no inciso II do art. 219 da Lei nº 8.112, de 11/12/90, na forma definida no inciso I § 2º do Art. 23 da Emenda Constitucional nº 103/2019. (Processo UFRPE nº 23082.017033/2022-45)</p><p>Nº 1.008 - Art. 1º AUTORIZAR, em sua área de competência, o afastamento do país do(a) servidor(a) RODRIGO JOSE GONDIM NEVES, Matrícula SIAPE nº 1482094, ocupante do cargo de Professor(a) do Magistério Superior, lotado(a) no Departamento de Matemática, com ônus parcial para esta Universidade e ônus para a UFPE, no período de 12 a 25/09/2022, para realizar intercâmbio acadêmico de pesquisa (tipo I) na Università degli studi di Catania, Catania, Itália, e proferir uma palestra (tipo III) no congresso Lefschetz Properties in Algebra, Geometry and Combinatorics, Cortona, Itália, conforme Decisão nº 048/2022-CTA/DM, de 19/07/2022, bem como autorização da Administração Superior desta Universidade, constantes no processo mencionado. (Processo UFRPE nº 23082.016386/2022-28)</p><p class="assina">MARCELO BRITO CARNEIRO LEÃO</p>]]></Texto>
  </body>
  <Midias />
</article></xml>