﻿<xml><article id="27737738" name="Portaria 516-1" idOficio="9057917" pubName="DO2" artType="Portaria" pubDate="30/08/2022" artClass="00018:00138:00001:00000:00000:00000:00000:00000:00000:00000:00017:00003" artCategory="Ministério da Educação/Fundação Universidade Federal de Mato Grosso/Gabinete da Reitoria" artSize="12" artNotes="" numberPage="91" pdfPage="http://pesquisa.in.gov.br/imprensa/jsp/visualiza/index.jsp?data=30/08/2022&amp;jornal=529&amp;pagina=91" editionNumber="165" highlightType="" highlightPriority="" highlight="" highlightimage="" highlightimagename="" idMateria="19840760">
  <body>
    <Identifica><![CDATA[ PORTARIAS DE 26 DE AGOSTO DE 2022]]></Identifica>
    <Data><![CDATA[]]></Data>
    <Ementa />
    <Titulo />
    <SubTitulo />
    <Texto><![CDATA[<p class="identifica">PORTARIAS DE 26 DE AGOSTO DE 2022</p><p>O Reitor da Universidade Federal de Mato Grosso, no uso de suas atribuições legais, resolve:</p><p>Nº 516 - Conceder aposentadoria voluntária, em conformidade com o Art. 3º, da EC nº 47/2005, combinado com o Art. 3º, da EC 103/2019, ao servidor ROBERTO BOAVENTURA DA SILVA SÁ, CPF 521.XXX.XXX-XX, ocupante do cargo de Professor do Magistério Superior, com proventos integrais do seu cargo acrescido das seguintes vantagens: 09% (nove) por cento de Anuênios - Artigo 244 da Lei nº 8.112/90 e RT - Retribuição por Titulação, conforme processo nº 23108.070109/2022-25.</p><p>Esta Portaria conta seus efeitos a partir da data de sua publicação no Diário Oficial da União. (Processo nº 23108.070109/2022-25).</p><p>Nº 517 - Conceder pensão à ALZICLEIDE FLORENCIO PINHEIRO, na qualidade de cônjuge do ex-servidor SIRIO PINHEIRO DA SILVA, ocupante do cargo Professor do Magistério Superior, matricula Siape 0415864, do quadro de pessoal desta Universidade, falecido na Inatividade, com fundamento no inciso I do art. 3º da Portaria SGP/SEDGG/ME Nº 4645, de 24 de maio de 2022, c/c o art. 217 da Lei nº 8.112, de 11 de dezembro de 1990, e art. 2º da Lei nº 10.887, de 18 de junho de 2004 ou art. 23 da Emenda Constitucional nº 103, de 12 de novembro de 2019.</p><p>Esta Portaria contando-se seus efeitos financeiros a partir de 26 de julho de 2022. (Processo nº 23108.068390/2022-36)</p><p class="assina">EVANDRO APARECIDO SOARES DA SILVA</p>]]></Texto>
  </body>
  <Midias />
</article></xml>