﻿<xml><article id="27732200" name="PORT_PESSOAL_AN_171_DESIG_GSISTE" idOficio="9056554" pubName="DO2" artType="Portaria" pubDate="30/08/2022" artClass="00020:00003:00000:00000:00000:00000:00000:00000:00000:00000:00017:00002" artCategory="Ministério da Justiça e Segurança Pública/Arquivo Nacional" artSize="12" artNotes="" numberPage="101" pdfPage="http://pesquisa.in.gov.br/imprensa/jsp/visualiza/index.jsp?data=30/08/2022&amp;jornal=529&amp;pagina=101" editionNumber="165" highlightType="" highlightPriority="" highlight="" highlightimage="" highlightimagename="" idMateria="19839069">
  <body>
    <Identifica><![CDATA[ PORTARIA DE PESSOAL AN Nº 171, DE 24 DE AGOSTO DE 2022]]></Identifica>
    <Data><![CDATA[]]></Data>
    <Ementa />
    <Titulo />
    <SubTitulo />
    <Texto><![CDATA[<p class="identifica">PORTARIA DE PESSOAL AN Nº 171, DE 24 DE AGOSTO DE 2022</p><p>O DIRETOR-GERAL DO ARQUIVO NACIONAL, no uso das atribuições que lhe foram conferidas no art. 22 da Portaria nº 2.433, de 24 de outubro de 2011, do Ministro de Estado da Justiça, e no Decreto nº 4.915, de 12 de dezembro de 2003, e tendo em vista o disposto nos arts. 15 e 16 da Lei nº 11.356, de 19 de outubro de 2006, com redação dada pela Lei nº 11.907, de 02 de fevereiro de 2009, e considerando o que consta do Processo nº 08227.003384/2022-93, resolve:</p><p>Art. 1º - Conceder a Gratificação Temporária das Unidades Gestoras dos Sistemas Estruturadores da Administração Pública Federal - GSISTE, do Sistema de Gestão de Documentos de Arquivo - SIGA, de Órgão Central, de Nível Intermediário, ao servidor RENATO CARDOSO DE MATOS, matrícula SIAPE nº 1624087 ocupante do cargo efetivo de Agente Administrativo.</p><p>Art. 2º - Esta Portaria entra em vigor a partir da data de sua publicação.</p><p class="assina">RICARDO BORDA D'ÁGUA DE ALMEIDA BRAGA</p>]]></Texto>
  </body>
  <Midias />
</article></xml>