﻿<xml><article id="27738107" name="264-2022 in" idOficio="9058019" pubName="DO2" artType="Portaria" pubDate="30/08/2022" artClass="00018:00020:00000:00000:00000:00000:00000:00000:00000:00000:00017:00001" artCategory="Ministério da Educação/Instituto Benjamin Constant" artSize="12" artNotes="" numberPage="48" pdfPage="http://pesquisa.in.gov.br/imprensa/jsp/visualiza/index.jsp?data=30/08/2022&amp;jornal=529&amp;pagina=48" editionNumber="165" highlightType="" highlightPriority="" highlight="" highlightimage="" highlightimagename="" idMateria="19840870">
  <body>
    <Identifica><![CDATA[ PORTARIA IBC Nº 264, DE 25 DE AGOSTO DE 2022]]></Identifica>
    <Data><![CDATA[]]></Data>
    <Ementa />
    <Titulo />
    <SubTitulo />
    <Texto><![CDATA[<p class="identifica">PORTARIA IBC Nº 264, DE 25 DE AGOSTO DE 2022</p><p>O DIRETOR-GERAL DO INSTITUTO BENJAMIN CONSTANT, no uso das atribuições que lhe são conferidas pelo art. 25, inciso VII, do Regimento Interno aprovado pela Portaria MEC nº 325, de 17 de abril de 1998, e alterado pela Portaria MEC nº 310, de 03 de abril de 2018, e competência subdelegada pelo art. 1º da Portaria MEC nº 316, de 27/03/15, publicada no DOU nº 60, de 30/03/15, resolve:</p><p>Art. 1º Dispensar o servidor JORTAN DE AMARANTE LIMA, matrícula SIAPE nº 1847086, da função de Assistente de Departamento de Estudo e Pesquisas Médicas e de Reabilitação do Instituto Benjamin Constant, código FG-02, responsável pelas atribuições da Divisão de Pesquisa e Atendimento Médico, Odontológico e Nutricional, designado pela Portaria IBC nº 48, de 8 de março de 2022.</p><p>Art. 2º Esta portaria entra em vigor na data de sua publicação.</p><p class="assina">JOÃO RICARDO MELO FIGUEIREDO</p>]]></Texto>
  </body>
  <Midias />
</article></xml>