﻿<xml><article id="27742622" name="DOU2-PGR-PGR-1-RETIF-PT-672-UNI-" idOficio="9058875" pubName="DO2" artType="Retificação" pubDate="30/08/2022" artClass="00043:00002:00000:00000:00000:00000:00000:00000:00000:00000:00024:00000" artCategory="Ministério Público da União/Atos do Procurador-Geral da República" artSize="24" artNotes="" numberPage="128" pdfPage="http://pesquisa.in.gov.br/imprensa/jsp/visualiza/index.jsp?data=30/08/2022&amp;jornal=529&amp;pagina=128" editionNumber="165" highlightType="" highlightPriority="" highlight="" highlightimage="" highlightimagename="" idMateria="19842077">
  <body>
    <Identifica><![CDATA[ RETIFICAÇÃO]]></Identifica>
    <Data><![CDATA[]]></Data>
    <Ementa />
    <Titulo />
    <SubTitulo />
    <Texto><![CDATA[<p class="identifica">RETIFICAÇÃO</p><p>Na Portaria PGR/MPF nº 672, de 16 de agosto de 2022, publicada no D.O.U., Seção 2, pág. 49, de 17 de agosto de 2022,</p><p>Onde se lê:</p><p /><p></p><table><tr /><tr><td rowspan="1" colspan="1"><p>Membro</p></td><td rowspan="1" colspan="1"><p>Período</p></td></tr><tr><td rowspan="1" colspan="1"><p>LUDMILA BORTOLETO MONTEIRO</p></td><td rowspan="1" colspan="1"><p>04/12/2022 a 19/12/2022</p></td></tr><tr><td rowspan="1" colspan="1"><p>GABRIEL PIMENTA ALVES</p></td><td rowspan="1" colspan="1"><p>21/11/2022 a 04/12/2022</p></td></tr></table><p>Leia-se:</p><p /><p></p><table><tr /><tr><td rowspan="1" colspan="1"><p>Membro</p></td><td rowspan="1" colspan="1"><p>Período</p></td></tr><tr><td rowspan="1" colspan="1"><p>LUDMILA BORTOLETO MONTEIRO</p></td><td rowspan="1" colspan="1"><p>03/12/2022 a 19/12/2022</p></td></tr><tr><td rowspan="1" colspan="1"><p>GABRIEL PIMENTA ALVES</p></td><td rowspan="1" colspan="1"><p>21/11/2022 a 02/12/2022</p></td></tr></table>]]></Texto>
  </body>
  <Midias />
</article></xml>