﻿<xml><article id="27740433" name="DouRTFReitor24082022" idOficio="9058493" pubName="DO2" artType="Portaria" pubDate="30/08/2022" artClass="00018:00111:00000:00000:00000:00000:00000:00000:00000:00000:00013:00001" artCategory="Ministério da Educação/Universidade Federal do Rio de Janeiro" artSize="12" artNotes="7779" numberPage="79" pdfPage="http://pesquisa.in.gov.br/imprensa/jsp/visualiza/index.jsp?data=30/08/2022&amp;jornal=529&amp;pagina=79" editionNumber="165" highlightType="" highlightPriority="" highlight="" highlightimage="" highlightimagename="" idMateria="19841502">
  <body>
    <Identifica><![CDATA[ PORTARIAS dE 24 de Agosto de 2022]]></Identifica>
    <Data><![CDATA[]]></Data>
    <Ementa />
    <Titulo />
    <SubTitulo />
    <Texto><![CDATA[<p class="identifica">PORTARIAS dE 24 de Agosto de 2022</p><p>A Reitora da Universidade Federal do Rio de Janeiro, no uso de suas atribuições conferidas pelo Decreto de 31 de Maio de 2019, publicado no Diário Oficial da União de 03 de Junho de 2019, resolve:</p><p>Nº 7.779 - Dispensar, a pedido, AMAURY ALVES TAVARES JUNIOR, Matrícula Siape nº 1533338, Administrador, da Função Gratificada de Chefe da Seção de Pessoal, do(a) Escola de Educação Física e Desportos - EEFD, FG-3, processo nº 23079.236888/22-22.</p><p>Nº 7.780 - Designar TAIZA LEMOS DE ALMEIDA, Matrícula Siape nº 2130367, Assistente em Administração, para exercer a Função Gratificada de Chefe da Seção de Pessoal, do(a) Escola de Educação Física e Desportos - EEFD, FG-3, processo nº 23079.236888/22-22.</p><p class="assina">DENISE PIRES DE CARVALHO</p>]]></Texto>
  </body>
  <Midias />
</article></xml>