﻿<xml><article id="27742870" name="PORTARIA NA 492 Designar PAULA E" idOficio="9058897" pubName="DO2" artType="Portaria" pubDate="30/08/2022" artClass="00028:00001:00000:00000:00000:00000:00000:00000:00000:00000:00017:00492" artCategory="Ministério do Turismo/Gabinete do Ministro" artSize="12" artNotes="" numberPage="123" pdfPage="http://pesquisa.in.gov.br/imprensa/jsp/visualiza/index.jsp?data=30/08/2022&amp;jornal=529&amp;pagina=123" editionNumber="165" highlightType="" highlightPriority="" highlight="" highlightimage="" highlightimagename="" idMateria="19842109">
  <body>
    <Identifica><![CDATA[ PORTARIA DE PESSOAL MTUR Nº 492, DE 25 DE AGOSTO DE 2022]]></Identifica>
    <Data><![CDATA[]]></Data>
    <Ementa />
    <Titulo />
    <SubTitulo />
    <Texto><![CDATA[<p class="identifica">PORTARIA DE PESSOAL MTUR Nº 492, DE 25 DE AGOSTO DE 2022</p><p>O MINISTRO DE ESTADO DO TURISMO, no uso das atribuições e tendo em vista o disposto no art. 38, da Lei nº 8.112, de 11 de dezembro de 1990; no Decreto nº 10.359, de 20 de maio de 2020, e no inciso II, do §1º do art. 4º da Portaria MTur nº 390, de 18 de dezembro de 2019, resolve:</p><p>Art. 1º Designar PAULA ELLERY MONTEIRO PESSOA PAREDES, matrícula SIAPE nº 1157842, para exercer o encargo de substituta eventual da função de Coordenadora, código FCPE 101.3, de Contabilidade e Custos, da Coordenação-Geral de Orçamento, Finanças e Contabilidade, da Subsecretaria de Planejamento, Orçamento e Administração, da Secretaria Executiva deste Ministério, em seus afastamentos e impedimentos legais ou regulamentares.</p><p>Art. 2º Esta Portaria entra em vigor na data da sua publicação.</p><p class="assina">CARLOS ALBERTO GOMES DE BRITO</p>]]></Texto>
  </body>
  <Midias />
</article></xml>