﻿<xml><article id="27734491" name="PORT 2470 PRESI." idOficio="9057166" pubName="DO2" artType="Portaria" pubDate="30/08/2022" artClass="00022:00040:00000:00000:00000:00000:00000:00000:00000:00000:00017:00004" artCategory="Ministério do Meio Ambiente/Instituto Brasileiro do Meio Ambiente e dos Recursos Naturais Renováveis" artSize="12" artNotes="" numberPage="107" pdfPage="http://pesquisa.in.gov.br/imprensa/jsp/visualiza/index.jsp?data=30/08/2022&amp;jornal=529&amp;pagina=107" editionNumber="165" highlightType="" highlightPriority="" highlight="" highlightimage="" highlightimagename="" idMateria="19839810">
  <body>
    <Identifica><![CDATA[ PORTARIA DE PESSOAL Nº 2.470, DE 26 DE AGOSTO DE 2022]]></Identifica>
    <Data><![CDATA[]]></Data>
    <Ementa />
    <Titulo />
    <SubTitulo />
    <Texto><![CDATA[<p class="identifica">PORTARIA DE PESSOAL Nº 2.470, DE 26 DE AGOSTO DE 2022</p><p>O PRESIDENTE DO INSTITUTO BRASILEIRO DO MEIO AMBIENTE E DOS RECURSOS NATURAIS RENOVÁVEIS (Ibama), nomeado pelo Decreto de 9 de janeiro de 2019, publicado no Diário Oficial da União de 9 de janeiro de 2019, no uso das atribuições que lhe conferem o art. 15 do Decreto 11.095, de 13 de junho de 2022, que aprovou a Estrutura Regimental do Ibama, publicado no Diário Oficial da União de 14 de junho de 2022, e pelo Regimento Interno, aprovado pela Portaria nº 30 , de 05 de julho de 2022, publicada no DOU de 06 de julho de 2022, e o que consta do processo administrativo 02001.005165/2021-26, resolve:</p><p>Art. 1º Designar como integrante da Equipe de Instrução Nacional (Enins), responsável pela instrução, preparação e relatoria de processos de apuração de infrações ambientais, os servidores a seguir indicados:</p><p>ANEXO</p><p /><p></p><table><tr /><tr><td rowspan="1" colspan="3"><p>Equipe Nacional de Instrução</p></td></tr><tr><td rowspan="1" colspan="3"><p>Gabinete da Presidência</p></td></tr><tr><td rowspan="1" colspan="1"><p>Servidor</p></td><td rowspan="1" colspan="1"><p>Cargo</p></td><td rowspan="1" colspan="1"><p>Matrícula</p></td></tr><tr><td rowspan="1" colspan="1"><p>MITSUE SAITO GOMES FERREIRA</p></td><td rowspan="1" colspan="1"><p>TÉCNICO ADMINISTRATIVO</p></td><td rowspan="1" colspan="1"><p>2053473</p></td></tr><tr><td rowspan="1" colspan="3"><p>Centro Nacional do Processo Sancionador Ambiental</p></td></tr><tr><td rowspan="1" colspan="1"><p>Servidor</p></td><td rowspan="1" colspan="1"><p>Cargo</p></td><td rowspan="1" colspan="1"><p>Matrícula</p></td></tr><tr><td rowspan="1" colspan="1"><p>CICERO JUCIER COSTA LIMA</p></td><td rowspan="1" colspan="1"><p>TÉCNICO ADMINISTRATIVO</p></td><td rowspan="1" colspan="1"><p>2087697</p></td></tr><tr><td rowspan="1" colspan="3"><p>Superintendência do Ibama no Acre</p></td></tr><tr><td rowspan="1" colspan="1"><p>Servidor</p></td><td rowspan="1" colspan="1"><p>Cargo</p></td><td rowspan="1" colspan="1"><p>Matrícula</p></td></tr><tr><td rowspan="1" colspan="1"><p>MATEUS DA ROCHA BORGES</p></td><td rowspan="1" colspan="1"><p>TÉCNICO AMBIENTAL</p></td><td rowspan="1" colspan="1"><p>3300357</p></td></tr><tr><td rowspan="1" colspan="3"><p>Superintendência do Ibama no Mato Grosso</p></td></tr><tr><td rowspan="1" colspan="1"><p>Servidor</p></td><td rowspan="1" colspan="1"><p>Cargo</p></td><td rowspan="1" colspan="1"><p>Matrícula</p></td></tr><tr><td rowspan="1" colspan="1"><p>GABRIEL PEREIRA SALLES</p></td><td rowspan="1" colspan="1"><p>TÉCNICO AMBIENTAL</p></td><td rowspan="1" colspan="1"><p>3299434</p></td></tr><tr><td rowspan="1" colspan="1"><p>JESSICA ALVES</p></td><td rowspan="1" colspan="1"><p>TÉCNICO AMBIENTAL</p></td><td rowspan="1" colspan="1"><p>3300204</p></td></tr><tr><td rowspan="1" colspan="1"><p>WALTER TOMAZ DA COSTA JUNIOR</p></td><td rowspan="1" colspan="1"><p>TÉCNICO AMBIENTAL</p></td><td rowspan="1" colspan="1"><p>2200520</p></td></tr><tr><td rowspan="1" colspan="1"><p>WELLINGTON MOREIRA DE CASTRO</p></td><td rowspan="1" colspan="1"><p>TÉCNICO AMBIENTAL</p></td><td rowspan="1" colspan="1"><p>1242530</p></td></tr></table><p>Art. 2º Esta Portaria entre em vigor na data de sua publicação.</p><p class="assina">EDUARDO FORTUNATO BIM</p>]]></Texto>
  </body>
  <Midias />
</article></xml>