﻿<xml><article id="27732224" name="PORT 213 ENQUADRAMENTO Secao 2" idOficio="9056598" pubName="DO2" artType="Portaria" pubDate="30/08/2022" artClass="00018:00002:00021:00000:00000:00000:00000:00000:00000:00000:00017:00002" artCategory="Ministério da Educação/Secretaria Executiva/Subsecretaria de Assuntos Administrativos" artSize="12" artNotes="" numberPage="48" pdfPage="http://pesquisa.in.gov.br/imprensa/jsp/visualiza/index.jsp?data=30/08/2022&amp;jornal=529&amp;pagina=48" editionNumber="165" highlightType="" highlightPriority="" highlight="" highlightimage="" highlightimagename="" idMateria="19839115">
  <body>
    <Identifica><![CDATA[ PORTARIA Nº 213, DE 24 DE AGOSTO DE 2022]]></Identifica>
    <Data><![CDATA[]]></Data>
    <Ementa />
    <Titulo />
    <SubTitulo />
    <Texto><![CDATA[<p class="identifica">PORTARIA Nº 213, DE 24 DE AGOSTO DE 2022</p><p>A SUBSECRETÁRIA DE ASSUNTOS ADMINISTRATIVOS, no uso das atribuições e com base no que estabelece a Lei nº 13.681, de 18 de junho de 2018; a Medida Provisória 1.122, de 8 de junho de 2022; e tendo em vista a Portaria MEC nº 1.239, de 1º de julho de 2019, publicada no Diário Oficial da União de 2 de julho de 2019, decide que:</p><p>Art. 1º Fica autorizado o enquadramento dos servidores relacionados no Anexo I desta Portaria, ocupantes do cargo de Professor do Extinto Território de Rondônia, na carreira de Magistério do Ensino Básico, Técnico e Tecnológico, estruturada pela Lei nº 12.772, de 28 de dezembro de 2012.</p><p>Art. 2º Esta Portaria entra em vigor na data de sua publicação.</p><p class="assina">CARLA BAKSYS PINTO</p><p class="anexo">ANEXO I</p><p /><p></p><table><tr /><tr><td rowspan="1" colspan="1"><p>Nº</p></td><td rowspan="1" colspan="1"><p>PROCESSO</p></td><td rowspan="1" colspan="1"><p>SERVIDOR</p></td><td rowspan="1" colspan="1"><p>ORIGEM</p></td></tr><tr><td rowspan="1" colspan="1"><p>1</p></td><td rowspan="1" colspan="1"><p>14021.115240/2020-26</p></td><td rowspan="1" colspan="1"><p>MARIO GORO MATSUSHITA</p></td><td rowspan="1" colspan="1"><p>RO</p></td></tr><tr><td rowspan="1" colspan="1"><p>2</p></td><td rowspan="1" colspan="1"><p>14021.116993/2020-59</p></td><td rowspan="1" colspan="1"><p>MARIA JOEMI ALVES DE SOUZA WANDERLEY</p></td><td rowspan="1" colspan="1"><p>RO</p></td></tr><tr><td rowspan="1" colspan="1"><p>3</p></td><td rowspan="1" colspan="1"><p>14022.170976/2021-38</p></td><td rowspan="1" colspan="1"><p>MARINEY BARROS DE SOUZA FANTIN</p></td><td rowspan="1" colspan="1"><p>RO</p></td></tr><tr><td rowspan="1" colspan="1"><p>4</p></td><td rowspan="1" colspan="1"><p>14021.115237/2020-11</p></td><td rowspan="1" colspan="1"><p>MARILZA DIAS REZINIO CAETANO</p></td><td rowspan="1" colspan="1"><p>RO</p></td></tr><tr><td rowspan="1" colspan="1"><p>5</p></td><td rowspan="1" colspan="1"><p>14021.113000/2020-97</p></td><td rowspan="1" colspan="1"><p>MARIA LUCIA BECKER</p></td><td rowspan="1" colspan="1"><p>RO</p></td></tr><tr><td rowspan="1" colspan="1"><p>6</p></td><td rowspan="1" colspan="1"><p>14021.114289/2020-61</p></td><td rowspan="1" colspan="1"><p>MARLENE CABRAL NUNES DE LIMA</p></td><td rowspan="1" colspan="1"><p>RO</p></td></tr><tr><td rowspan="1" colspan="1"><p>7</p></td><td rowspan="1" colspan="1"><p>14022.158248/2021-58</p></td><td rowspan="1" colspan="1"><p>MARISTELA BALBINOT</p></td><td rowspan="1" colspan="1"><p>RO</p></td></tr><tr><td rowspan="1" colspan="1"><p>8</p></td><td rowspan="1" colspan="1"><p>14021.116058/2020-92</p></td><td rowspan="1" colspan="1"><p>MARIO MASSARU IMADA</p></td><td rowspan="1" colspan="1"><p>RO</p></td></tr><tr><td rowspan="1" colspan="1"><p>9</p></td><td rowspan="1" colspan="1"><p>14021.115775/2020-05</p></td><td rowspan="1" colspan="1"><p>MARLENE MARIA DOS SANTOS</p></td><td rowspan="1" colspan="1"><p>RO</p></td></tr><tr><td rowspan="1" colspan="1"><p>10</p></td><td rowspan="1" colspan="1"><p>14021.112814/2020-12</p></td><td rowspan="1" colspan="1"><p>MARIA NETONIRA MORAES DA SILVA</p></td><td rowspan="1" colspan="1"><p>RO</p></td></tr><tr><td rowspan="1" colspan="1"><p>11</p></td><td rowspan="1" colspan="1"><p>14021.114043/2020-90</p></td><td rowspan="1" colspan="1"><p>MARLY APARECIDA FERNANDES MAULAES</p></td><td rowspan="1" colspan="1"><p>RO</p></td></tr><tr><td rowspan="1" colspan="1"><p>12</p></td><td rowspan="1" colspan="1"><p>14021.116692/2020-25</p></td><td rowspan="1" colspan="1"><p>MARIA NORMA BEZERRA FREITAS</p></td><td rowspan="1" colspan="1"><p>RO</p></td></tr><tr><td rowspan="1" colspan="1"><p>13</p></td><td rowspan="1" colspan="1"><p>14021.116064/2020-40</p></td><td rowspan="1" colspan="1"><p>MARISA ROSANE BARIONI</p></td><td rowspan="1" colspan="1"><p>RO</p></td></tr><tr><td rowspan="1" colspan="1"><p>14</p></td><td rowspan="1" colspan="1"><p>14021.117008/2020-22</p></td><td rowspan="1" colspan="1"><p>MARLI RODRIGUES DE SOUZA</p></td><td rowspan="1" colspan="1"><p>RO</p></td></tr><tr><td rowspan="1" colspan="1"><p>15</p></td><td rowspan="1" colspan="1"><p>14021.114594/2020-53</p></td><td rowspan="1" colspan="1"><p>MARIA HILDA GOMES</p></td><td rowspan="1" colspan="1"><p>RO</p></td></tr><tr><td rowspan="1" colspan="1"><p>16</p></td><td rowspan="1" colspan="1"><p>14021.113408/2020-69</p></td><td rowspan="1" colspan="1"><p>MARIA HELENA CARNIEL</p></td><td rowspan="1" colspan="1"><p>RO</p></td></tr><tr><td rowspan="1" colspan="1"><p>17</p></td><td rowspan="1" colspan="1"><p>14021.118275/2020-17</p></td><td rowspan="1" colspan="1"><p>MARIA IVANILCE DE OLIVEIRA PESSOA</p></td><td rowspan="1" colspan="1"><p>RO</p></td></tr><tr><td rowspan="1" colspan="1"><p>18</p></td><td rowspan="1" colspan="1"><p>14021.115454/2020-01</p></td><td rowspan="1" colspan="1"><p>MARIA INES LEITE DE LIMA XAVIER</p></td><td rowspan="1" colspan="1"><p>RO</p></td></tr><tr><td rowspan="1" colspan="1"><p>19</p></td><td rowspan="1" colspan="1"><p>14021.117970/2020-61</p></td><td rowspan="1" colspan="1"><p>MARIA HANAKO TSUTSUMI</p></td><td rowspan="1" colspan="1"><p>RO</p></td></tr><tr><td rowspan="1" colspan="1"><p>20</p></td><td rowspan="1" colspan="1"><p>14021.113229/2020-21</p></td><td rowspan="1" colspan="1"><p>MARIA GORETTI GARCIA</p></td><td rowspan="1" colspan="1"><p>RO</p></td></tr><tr><td rowspan="1" colspan="1"><p>21</p></td><td rowspan="1" colspan="1"><p>14021.114493/2020-82</p></td><td rowspan="1" colspan="1"><p>MARIA ISILDINHA FAVARO MARTINS</p></td><td rowspan="1" colspan="1"><p>RO</p></td></tr><tr><td rowspan="1" colspan="1"><p>22</p></td><td rowspan="1" colspan="1"><p>14021.115247/2020-48</p></td><td rowspan="1" colspan="1"><p>MARIA IZABEL DA SILVA</p></td><td rowspan="1" colspan="1"><p>RO</p></td></tr></table>]]></Texto>
  </body>
  <Midias />
</article></xml>