﻿<xml><article id="27732134" name="SGAD apos SALVADOR BATISTA DE MA" idOficio="7305770" pubName="DO2" artType="Portaria" pubDate="30/08/2022" artClass="00025:00270:00020:00000:00000:00000:00000:00000:00000:00000:00017:00002" artCategory="Ministério das Relações Exteriores/Secretaria-Geral das Relações Exteriores/Secretaria de Gestão Administrativa" artSize="12" artNotes="" numberPage="113" pdfPage="http://pesquisa.in.gov.br/imprensa/jsp/visualiza/index.jsp?data=30/08/2022&amp;jornal=529&amp;pagina=113" editionNumber="165" highlightType="" highlightPriority="" highlight="" highlightimage="" highlightimagename="" idMateria="14768090">
  <body>
    <Identifica><![CDATA[ PORTARIA Nº 868, DE 8 DE JULHO DE 2022]]></Identifica>
    <Data><![CDATA[]]></Data>
    <Ementa />
    <Titulo />
    <SubTitulo />
    <Texto><![CDATA[<p class="identifica">PORTARIA Nº 868, DE 8 DE JULHO DE 2022</p><p>O SECRETÁRIO DE GESTÃO ADMINISTRATIVA, no uso das suas atribuições e de acordo com a Portaria de delegação de competência nº 386, de 14 de abril de 2022, publicada no Diário Oficial da União de 19 de abril de 2022, resolve:</p><p>Art. 1° - Conceder aposentadoria voluntária com proventos integrais a SALVADOR BATISTA DE MATOS, matrícula SIAPE nº 0457323, matrícula SIAPECAD nº 672313, ocupante do cargo de assistente de chancelaria, classe S, padrão V, do Quadro de Pessoal do Ministério das Relações Exteriores, fundamentada no artigo 3° da Emenda Constitucional n° 47, de 5 de julho de 2005, combinado com o artigo 3º da Emenda Constitucional nº 103, de 12 de novembro de 2019.</p><p>Art. 2º - Esta Portaria entra em vigor a partir de sua publicação no Diário Oficial da União.</p><p class="assina">JOSÉ AUGUSTO ANDRADE</p>]]></Texto>
  </body>
  <Midias />
</article></xml>