﻿<xml><article id="27735713" name="PORTARIAS DE 26 DE AGOSTO DE 202" idOficio="9057490" pubName="DO2" artType="Portaria" pubDate="30/08/2022" artClass="00018:00062:00001:00000:00000:00000:00000:00000:00000:00000:00017:00000" artCategory="Ministério da Educação/Instituto Federal de Educação, Ciência e Tecnologia do Pará/Reitoria" artSize="12" artNotes="" numberPage="56" pdfPage="http://pesquisa.in.gov.br/imprensa/jsp/visualiza/index.jsp?data=30/08/2022&amp;jornal=529&amp;pagina=56" editionNumber="165" highlightType="" highlightPriority="" highlight="" highlightimage="" highlightimagename="" idMateria="19840196">
  <body>
    <Identifica><![CDATA[ PORTARIAS DE 26 DE AGOSTO DE 2022]]></Identifica>
    <Data><![CDATA[]]></Data>
    <Ementa />
    <Titulo />
    <SubTitulo />
    <Texto><![CDATA[<p class="identifica">PORTARIAS DE 26 DE AGOSTO DE 2022</p><p>O REITOR DO INSTITUTO FEDERAL DE EDUCAÇÃO, CIÊNCIA E TECNOLOGIA DO PARÁ, reconduzido através do Decreto Presidencial de 31 de julho de 2019, publicado no D.O.U. de 1 de agosto de 2019, seção 2, página 1, no uso de suas atribuições legais e considerando o disposto no processo administrativo nº 23051.016077/2022-46, resolve:</p><p>Nº 1.658 Art. 1º Reconduzir o servidor KLEBSON SANTOS BRITO, matrícula SIAPE 2414294, ocupante do cargo de Professor EBTT, à função de Coordenador do Curso Técnico em Agropecuária do Campus Santarém deste Instituto, código FUC-01.</p><p>Art. 2º Esta portaria vigorará pelo período de 06 de agosto de 2022 até 05 de agosto de 2024, de acordo com o disposto nos Artigos 30 e 39 da Resolução nº 534/2021/CONSUP/IFPA, de 03/11/2021.</p><p>O REITOR DO INSTITUTO FEDERAL DE EDUCAÇÃO, CIÊNCIA E TECNOLOGIA DO PARÁ, reconduzido através do Decreto Presidencial de 31 de julho de 2019, publicado no D.O.U. de 1 de agosto de 2019, seção 2, página 1, no uso de suas atribuições legais e considerando o disposto no processo administrativo nº 23051.017771/2022-92, resolve:</p><p>Nº 1.660 Art. 1º Designar a servidora MARIA DA PAZ DEMES GONÇALVES, matrícula SIAPE 2184675, ocupante do cargo de Técnico em Enfermagem, para exercer a função de Coordenador do Núcleo de Atendimento a Pessoas com Necessidades Educacionais Especificas do Campus Cametá deste Instituto, código FG-01.</p><p>Art. 2º Esta portaria entra em vigor a partir de sua publicação no D.O.U.</p><p>O REITOR DO INSTITUTO FEDERAL DE EDUCAÇÃO, CIÊNCIA E TECNOLOGIA DO PARÁ, reconduzido através do Decreto Presidencial de 31 de julho de 2019, publicado no D.O.U. de 1 de agosto de 2019, seção 2, página 1, no uso de suas atribuições legais e considerando o disposto no processo administrativo nº 23051.017734/2022-24, resolve:</p><p>Nº 1.662 Art. 1º Designar o servidor ADRIANO AFONSO PINHEIRO DA SILVA, matrícula SIAPE 2993657, ocupante do cargo de PROFESSOR EBTT, para responder interinamente pela função de Diretor Geral do Campus Avançado Vigia deste Instituto, nos afastamentos, impedimentos legais ou regulamentares do titular, código CD-03.</p><p>Art. 2º Esta portaria entra em vigor a partir de sua publicação no D.O.U.</p><p>O REITOR DO INSTITUTO FEDERAL DE EDUCAÇÃO, CIÊNCIA E TECNOLOGIA DO PARÁ, reconduzido através do Decreto Presidencial de 31 de julho de 2019, publicado no D.O.U. de 1 de agosto de 2019, seção 2, página 1, no uso de suas atribuições legais e considerando o disposto no processo administrativo nº 23051.017940/2022-88, resolve:</p><p>Nº 1.663 Art. 1º. Dispensar, a partir de 16 de agosto de 2022, o servidor ABNER NUNES EMERICH DE PAULA, matrícula SIAPE 1007401, ocupante do cargo de Professor EBTT, da função de Coordenador do Núcleo de Atendimento a Pessoas com Necessidades Educacionais Especificas do Campus Santarém deste Instituto, código FG-01.</p><p>Nº 1.664 Art. 1º. Designar o servidor ILDO PFEIFER, matrícula SIAPE 1878692, ocupante do cargo de Assistente em Administração, para exercer a função de Coordenador do Núcleo de Atendimento a Pessoas com Necessidades Educacionais Especificas do Campus Santarém deste Instituto, código FG-01.</p><p>Art. 2º Esta portaria entra em vigor a partir de sua publicação no D.O.U.</p><p>O REITOR DO INSTITUTO FEDERAL DE EDUCAÇÃO, CIÊNCIA E TECNOLOGIA DO PARÁ, reconduzido através do Decreto Presidencial de 31 de julho de 2019, publicado no D.O.U. de 1 de agosto de 2019, seção 2, página 1, no uso de suas atribuições legais e considerando o disposto no processo administrativo nº 23051.018179/2022-37, resolve:</p><p>Nº 1.669 Art. 1º Dispensar o servidor SAMUEL VIEGAS SODRÉ, matrícula SIAPE 3069477, ocupante do cargo de Técnico em Assuntos Educacionais, da função de Chefe do Setor de Assistência Estudantil e Ações Inclusivas do Campus Breves deste Instituto, código FG-02.</p><p>Art. 2º Esta portaria entra em vigor na data de sua publicação no D.O.U.</p><p>Nº 1.670 Art. 1º Designar o servidor JUNIEL RODRIGUES DE SOUZA, matrícula SIAPE 2118780, ocupante do cargo de Técnico em Enfermagem, para exercer a função de Chefe do Setor de Assistência Estudantil e Ações Inclusivas do Campus Breves deste Instituto, código FG-02.</p><p>Art. 2º Esta portaria entra em vigor na data de sua publicação no D.O.U.</p><p class="assina">CLAUDIO ALEX JORGE DA ROCHA</p>]]></Texto>
  </body>
  <Midias />
</article></xml>