﻿<xml><article id="27737864" name="TRT30082022076" idOficio="9057964" pubName="DO2" artType="Portaria" pubDate="30/08/2022" artClass="00047:00062:00002:00000:00000:00000:00000:00000:00000:00000:00017:00000" artCategory="Poder Judiciário/Tribunal Regional do Trabalho da 22ª Região/Diretoria-Geral de Administração" artSize="12" artNotes="" numberPage="145" pdfPage="http://pesquisa.in.gov.br/imprensa/jsp/visualiza/index.jsp?data=30/08/2022&amp;jornal=529&amp;pagina=145" editionNumber="165" highlightType="" highlightPriority="" highlight="" highlightimage="" highlightimagename="" idMateria="19840795">
  <body>
    <Identifica><![CDATA[ PORTARIA GP nº 277, DE 26 DE AGOSTO DE 2022]]></Identifica>
    <Data><![CDATA[]]></Data>
    <Ementa />
    <Titulo />
    <SubTitulo />
    <Texto><![CDATA[<p class="identifica">PORTARIA GP nº 277, DE 26 DE AGOSTO DE 2022</p><p>A Desembargadora-Presidente do Tribunal Regional do Trabalho da 22ª Região, no uso de suas atribuições legais e regimentais e tendo em vista o Processo Administrativo (PROAD) nº 3527/2022, resolve:</p><p>Declarar vago o cargo da Categoria Funcional de TÉCNICO JUDICIÁRIO, ÁREA ADMINISTRATIVA, Classe C, Padrão 13, do Quadro Permanente de Pessoal da Secretaria deste Tribunal, em virtude de FALECIMENTO da servidora ADELCY SILVA ROCHA COSTA, em conformidade com o que dispõe o art. 33, IX, da Lei 8.112/1990, com efeitos a contar de 18 de agosto de 2022.</p><p class="assina">LIANA FERRAZ DE CARVALHO</p>]]></Texto>
  </body>
  <Midias />
</article></xml>