﻿<xml><article id="27743359" name="34 - ATO CSJT.SG NA 34 de 2022 (" idOficio="9058973" pubName="DO2" artType="Ato" pubDate="30/08/2022" artClass="00047:00005:00003:00000:00000:00000:00000:00000:00000:00000:00001:00000" artCategory="Poder Judiciário/Tribunal Superior do Trabalho/Conselho Superior da Justiça do Trabalho" artSize="12" artNotes="" numberPage="138" pdfPage="http://pesquisa.in.gov.br/imprensa/jsp/visualiza/index.jsp?data=30/08/2022&amp;jornal=529&amp;pagina=138" editionNumber="165" highlightType="" highlightPriority="" highlight="" highlightimage="" highlightimagename="" idMateria="19842217">
  <body>
    <Identifica><![CDATA[ ATO CSJT.SG Nº 34, de  24 de agosto de 202]]></Identifica>
    <Data><![CDATA[]]></Data>
    <Ementa />
    <Titulo />
    <SubTitulo />
    <Texto><![CDATA[<p class="identifica">ATO CSJT.SG Nº 34, de 24 de agosto de 202</p><p>A SECRETÁRIA-GERAL DO CONSELHO SUPERIOR DA JUSTIÇA DO TRABALHO, no uso das atribuições regimentais estabelecidas no art. 24, XX, "b", do Regulamento Geral do Conselho Superior da Justiça do Trabalho,</p><p>considerando o teor do Processo Administrativo SEI nº 6000933/2022-90, resolve:</p><p>Art. 1º Designar o servidor JOSÉ ANTÔNIO MORAES MUNIZ, código 35632, Analista Judiciário, Área Judiciária, para exercer a função comissionada de Assistente 5, nível FC-5, da Tabela de Funções Comissionadas da Secretaria-Geral do CSJT.</p><p>Art. 2º Este Ato entra em vigor na data de sua publicação.</p><p class="assina">CAROLINA DA SILVA FERREIRA</p>]]></Texto>
  </body>
  <Midias />
</article></xml>