﻿<xml><article id="27739960" name="PORTARIA 134 DE 25 DE AGOSTO DE " idOficio="9058388" pubName="DO2" artType="Portaria" pubDate="30/08/2022" artClass="00018:00060:00013:00000:00000:00000:00000:00000:00000:00000:00017:00000" artCategory="Ministério da Educação/Instituto Federal de Educação, Ciência e Tecnologia de Minas Gerais/Campus Sabará" artSize="12" artNotes="" numberPage="55" pdfPage="http://pesquisa.in.gov.br/imprensa/jsp/visualiza/index.jsp?data=30/08/2022&amp;jornal=529&amp;pagina=55" editionNumber="165" highlightType="" highlightPriority="" highlight="" highlightimage="" highlightimagename="" idMateria="19841380">
  <body>
    <Identifica><![CDATA[ PORTARIA nº 134, DE 25 DE AGOSTO DE 2022.]]></Identifica>
    <Data><![CDATA[]]></Data>
    <Ementa />
    <Titulo />
    <SubTitulo />
    <Texto><![CDATA[<p class="identifica">PORTARIA nº 134, DE 25 DE AGOSTO DE 2022.</p><p>O DIRETOR GERAL DO INSTITUTO FEDERAL DE EDUCAÇÃO, CIÊNCIA E TECNOLOGIA DE MINAS GERAIS - CAMPUS SABARÁ, nomeado pela portaria nº 1.176, de 20 de setembro de 2019, publicada no DOU de 23 de Setembro de 2019, Edição 184, Seção 2, página 30 e no uso das atribuições que lhe são conferidas pela Portaria IFMG nº 475 de 06 de abril de 2016, publicada no DOU de 15 de abril de 2016, seção 2, pág.17, retificada pela Portaria IFMG nº 805, de 04 de julho de 2016, publicada no DOU de 06 de julho de 2016, Seção 2, pág. 22, retificada pela Portaria IFMG nº 1078, de 27 de setembro de 2016, publicada no DOU de 04 de outubro de 2016, Seção 2, pág. 20, resolve:</p><p>Art. 1º Designar a servidora Luzia Maria dos Santos Pires, matrícula SIAPE nº 2001345, ocupante do cargo efetivo Assistente em Administração, como Responsável pelas Atividades de planejamento e relatoria das ações de infraestrutura e manutenção do Campus Sabará, visando ao apoio à Unidade Organizacional Direção de Administração e Planejamento (CSA-DAP), Função Gratificada - FG-0004.</p><p>Art. 2º. Determinar que a presente Portaria seja devidamente publicada no Boletim de Serviços do IFMG Campus Sabará e no Diário Oficial da União.</p><p>Art. 3º. Determinar que a Gestão de Pessoas adote as providências cabíveis à aplicação da presente Portaria.</p><p>Art. 4º. Esta Portaria entra em vigor na data de sua publicação.</p><p class="assina">Daniel Neves Rocha,</p>]]></Texto>
  </body>
  <Midias />
</article></xml>