﻿<xml><article id="27732173" name="Port. AFP - 6825" idOficio="9056281" pubName="DO2" artType="Portaria" pubDate="30/08/2022" artClass="00018:00100:00001:00000:00000:00000:00000:00000:00000:00000:00017:00002" artCategory="Ministério da Educação/Universidade Federal de Minas Gerais/Reitoria" artSize="12" artNotes="" numberPage="72" pdfPage="http://pesquisa.in.gov.br/imprensa/jsp/visualiza/index.jsp?data=30/08/2022&amp;jornal=529&amp;pagina=72" editionNumber="165" highlightType="" highlightPriority="" highlight="" highlightimage="" highlightimagename="" idMateria="19838398">
  <body>
    <Identifica><![CDATA[ PORTARIA Nº 6.825, DE 23 DE AGOSTO DE 2022]]></Identifica>
    <Data><![CDATA[]]></Data>
    <Ementa />
    <Titulo />
    <SubTitulo />
    <Texto><![CDATA[<p class="identifica">PORTARIA Nº 6.825, DE 23 DE AGOSTO DE 2022</p><p>A Reitora da Universidade Federal de Minas Gerais, no uso de atribuição que lhe confere a Portaria nº 204, de 06/02/2020, do Ministro de Estado da Educação, resolve:</p><p>Autorizar, em caráter excepcional, o afastamento do país, com ônus limitado do servidor Charles Aparecido de Almeida, matrícula SIAPE nº 3154874, ocupante do cargo de Professor da carreira de Magistério Superior, lotado no Instituto de Ciências Exatas, para participar da palestra Distributions and Moduli Space, na Universidade Nacional de Cordoba, em Argentina/Cordoba, no período de 26/08/2022 a 04/09/2022.</p><p class="assina">SANDRA REGINA GOULART ALMEIDA</p>]]></Texto>
  </body>
  <Midias />
</article></xml>