﻿<xml><article id="27734686" name="Port 1784" idOficio="9057215" pubName="DO2" artType="Portaria" pubDate="30/08/2022" artClass="00018:00117:00001:00000:00000:00000:00000:00000:00000:00000:00013:00002" artCategory="Ministério da Educação/Universidade Federal de Santa Catarina/Gabinete do Reitor" artSize="12" artNotes="" numberPage="83" pdfPage="http://pesquisa.in.gov.br/imprensa/jsp/visualiza/index.jsp?data=30/08/2022&amp;jornal=529&amp;pagina=83" editionNumber="165" highlightType="" highlightPriority="" highlight="" highlightimage="" highlightimagename="" idMateria="19839865">
  <body>
    <Identifica><![CDATA[ PORTARIA Nº 1.784, DE 25 DE AGOSTO DE 2022]]></Identifica>
    <Data><![CDATA[]]></Data>
    <Ementa />
    <Titulo />
    <SubTitulo />
    <Texto><![CDATA[<p class="identifica">PORTARIA Nº 1.784, DE 25 DE AGOSTO DE 2022</p><p>O REITOR DA UNIVERSIDADE FEDERAL DE SANTA CATARINA, no uso de suas atribuições, resolve:</p><p>Art. 1º Designar Emanuella Kátia da Conceição dos Santos, ASSISTENTE EM ADMINISTRAÇÃO, SIAPE nº 2136643, para exercer a função de Coordenadora de Gestão de Processos - CGP/GR/UFSC.</p><p>Art. 2º Atribuir à servidora a função gratificada FG1, integrante do Quadro Distributivo de Cargos de Direção e Funções Gratificadas.</p><p>Art. 3º Esta Portaria entra em vigor na data de sua publicação no Diário Oficial da União.(Ref. Sol. 49209/2022)</p><p class="assina">IRINEU MANOEL DE SOUZA</p>]]></Texto>
  </body>
  <Midias />
</article></xml>