﻿<xml><article id="27737531" name="1604" idOficio="9057881" pubName="DO2" artType="Portaria" pubDate="30/08/2022" artClass="00007:00003:00000:00000:00000:00000:00000:00000:00000:00000:00017:00007" artCategory="Ministério da Agricultura, Pecuária e Abastecimento/Secretaria Executiva" artSize="12" artNotes="" numberPage="4" pdfPage="http://pesquisa.in.gov.br/imprensa/jsp/visualiza/index.jsp?data=30/08/2022&amp;jornal=529&amp;pagina=4" editionNumber="165" highlightType="" highlightPriority="" highlight="" highlightimage="" highlightimagename="" idMateria="19840702">
  <body>
    <Identifica><![CDATA[ PORTARIA DE PESSOAL SE/MAPA Nº 1.604, DE 25 DE AGOSTO DE 2022]]></Identifica>
    <Data><![CDATA[]]></Data>
    <Ementa />
    <Titulo />
    <SubTitulo />
    <Texto><![CDATA[<p class="identifica">PORTARIA DE PESSOAL SE/MAPA Nº 1.604, DE 25 DE AGOSTO DE 2022</p><p>O SECRETÁRIO EXECUTIVO DO MINISTÉRIO DA AGRICULTURA, PECUÁRIA E ABASTECIMENTO, no uso da competência que lhe foi subdelegada pela Portaria nº 330, de 29 de outubro de 2021, publicada no Diário Oficial da União de 4 de novembro de 2021, e tendo em vista o disposto no Decreto nº 10.827, de 30 de setembro de 2021, alterado pelo Decreto nº 11.050, de 26 abril de 2022, bem como as disposições da Lei nº 13.346, de 10 de outubro de 2016, e o que consta no Processo SEI nº 21000.080928/2022-53, resolve:</p><p>Dispensar HELOISIA BATISTA CORREA FONTES, matrícula SIAPE nº 1051215, da Função Comissionada do Poder Executivo de Chefe de Serviço, código FCPE 101.1, do Serviço de Admissibilidade de Pessoa Física, da Coordenação de Investigação de Pessoa Física, da Coordenação-Geral de Admissibilidade Correcional de Agentes Públicos, da Corregedoria.</p><p class="assina">MÁRCIO ELI ALMEIDA LEANDRO</p>]]></Texto>
  </body>
  <Midias />
</article></xml>