﻿<xml><article id="27732167" name="PORTARIAS GABI_23AGO2022NUPMOV -" idOficio="9056728" pubName="DO2" artType="Portaria" pubDate="30/08/2022" artClass="00018:00108:00001:00000:00000:00000:00000:00000:00000:00000:00017:00000" artCategory="Ministério da Educação/Universidade Federal do Recôncavo da Bahia/Reitoria" artSize="12" artNotes="" numberPage="78" pdfPage="http://pesquisa.in.gov.br/imprensa/jsp/visualiza/index.jsp?data=30/08/2022&amp;jornal=529&amp;pagina=78" editionNumber="165" highlightType="" highlightPriority="" highlight="" highlightimage="" highlightimagename="" idMateria="19839266">
  <body>
    <Identifica><![CDATA[ PORTARIA Nº 852, DE 23 DE AGOSTO DE 2022]]></Identifica>
    <Data><![CDATA[]]></Data>
    <Ementa />
    <Titulo />
    <SubTitulo />
    <Texto><![CDATA[<p class="identifica">PORTARIA Nº 852, DE 23 DE AGOSTO DE 2022</p><p>O REITOR DA UNIVERSIDADE FEDERAL DO RECÔNCAVO DA BAHIA, no uso de suas atribuições legais e estatutárias, com fundamento no inciso I do art. 12 da Lei nº 8.745, de 09/12/1993, resolve:</p><p>Declarar extinto, a partir de 15 de agosto de 2022, por força do término do prazo acordado, o Contrato Temporário de Trabalho nº 48/2021 celebrada com ALESSANDRA RODRIGUES SANTOS DE ANDRADE, SIAPE nº 3226642, contratado para exercer a função de Professor Substituto, em regime de 40 (quarenta) horas semanais, lotada no Centro de Ciências Agrárias, Ambientais e Biológicas, desta Universidade, cujo pagamento de parcelas remanescentes, porventura existentes, serão objeto do processo nº 23007.00001246/2021-82.</p><p class="assina">FÁBIO JOSUÉ SOUZA DOS SANTOS</p>]]></Texto>
  </body>
  <Midias />
</article></xml>