﻿<xml><article id="27738977" name="Portaria 176-177-2022-PGJM" idOficio="9058160" pubName="DO2" artType="Portaria" pubDate="30/08/2022" artClass="00043:00011:00001:00001:00000:00000:00000:00000:00000:00000:00017:00002" artCategory="Ministério Público da União/Ministério Público Militar/Procuradoria-Geral de Justiça Militar" artSize="12" artNotes="" numberPage="132" pdfPage="http://pesquisa.in.gov.br/imprensa/jsp/visualiza/index.jsp?data=30/08/2022&amp;jornal=529&amp;pagina=132" editionNumber="165" highlightType="" highlightPriority="" highlight="" highlightimage="" highlightimagename="" idMateria="19841095">
  <body>
    <Identifica><![CDATA[ Portaria nº 176/PGJM, de 24 de agosto de 2022]]></Identifica>
    <Data><![CDATA[]]></Data>
    <Ementa />
    <Titulo />
    <SubTitulo />
    <Texto><![CDATA[<p class="identifica">Portaria nº 176/PGJM, de 24 de agosto de 2022</p><p>O PROCURADOR-GERAL DE JUSTIÇA MILITAR, no uso de suas atribuições legais, e tendo em vista o disposto no artigo 140 da Lei Complementar 75, de 20 de maio de 1993, e na Resolução 56/CSMPM, de 6 de maio de 2008, resolve:</p><p>Art. 1º Designar o Doutor ROBERTO COUTINHO, Subprocurador-Geral de Justiça Militar, para oficiar na Sessão de Julgamento do Egrégio Superior Tribunal Militar, a realizar-se no dia 30 de agosto de 2022, às 13h30, na modalidade presencial/videoconferência.</p><p>Art. 2º Esta Portaria entra em vigor nesta data.</p><p class="assina">ANTÔNIO PEREIRA DUARTE</p><p class="identifica">Portaria nº 177/PGJM, de 24 de agosto de 2022</p><p>O PROCURADOR-GERAL DE JUSTIÇA MILITAR, no uso de suas atribuições legais, e tendo em vista o disposto no artigo 140 da Lei Complementar 75, de 20 de maio de 1993, e na Resolução 56/CSMPM, de 6 de maio de 2008, resolve:</p><p>Art. 1º Designar o Doutor GIOVANNI RATTACASO, Subprocurador-Geral de Justiça Militar, para oficiar na Sessão de Julgamento do Egrégio Superior Tribunal Militar, a realizar-se no dia 1º de setembro de 2022, às 13h30, na modalidade presencial/videoconferência.</p><p>Art. 2º Esta Portaria entra em vigor nesta data.</p><p class="assina">ANTÔNIO PEREIRA DUARTE</p>]]></Texto>
  </body>
  <Midias />
</article></xml>