﻿<xml><article id="27742718" name="1320.APOSTILAMENTO PRT 24A SOPHI" idOficio="9058877" pubName="DO2" artType="Portaria" pubDate="30/08/2022" artClass="00043:00012:00001:00004:00000:00000:00000:00000:00000:00000:00017:00004" artCategory="Ministério Público da União/Ministério Público do Trabalho/Procuradoria-Geral/Diretoria-Geral" artSize="12" artNotes="" numberPage="132" pdfPage="http://pesquisa.in.gov.br/imprensa/jsp/visualiza/index.jsp?data=30/08/2022&amp;jornal=529&amp;pagina=132" editionNumber="165" highlightType="" highlightPriority="" highlight="" highlightimage="" highlightimagename="" idMateria="19842083">
  <body>
    <Identifica><![CDATA[ PORTARIA Nº 1.310, DE 25 DE AGOSTO DE 2022]]></Identifica>
    <Data><![CDATA[]]></Data>
    <Ementa />
    <Titulo />
    <SubTitulo />
    <Texto><![CDATA[<p class="identifica">PORTARIA Nº 1.310, DE 25 DE AGOSTO DE 2022</p><p>O DIRETOR-GERAL ADJUNTO DO MINISTÉRIO PÚBLICO DO TRABALHO, no uso das atribuições que lhe foram delegadas pela Portaria MPT-DG nº 49, de 22 de janeiro de 2019, publicada no DOU em 28 de janeiro de 2019, considerando os termos do artigo 9º da Portaria PGR/MPU nº 32, de 30 de agosto de 2019, publicada no BS/MPF nº 09/2019, e o que consta no PGEA/MPT nº 20.02.2400.0000742/2022-50, resolve:</p><p>Art.1º Apostilar a Portaria MPT nº 700, de 08/09/2015, publicada no Diário Oficial da União nº 174, de 11/09/2015, que nomeou a servidora SOPHIA RUIZ DE ALMEIDA, matrícula 6007560, para o cargo em comissão de Assessor Jurídico do 3º Oficio Geral da Procuradoria Regional do Trabalho da 24ª Região/MS, código CC-2, atualmente exercendo o cargo em comissão de Chefe da Assessoria Jurídica do 1º Ofício Geral da Procuradoria Regional do Trabalho da 24ª Região/MS, código CC-4, para considerar a nomeação para exercer o cargo em comissão de Chefe da Assessoria Jurídica do 2º Oficio Geral da Procuradoria Regional do Trabalho da 24ª Região/MS, código CC-4.</p><p>Art. 2º Apostilar a Portaria MPT nº 183, de 03/04/2013, publicada no Diário Oficial da União nº 67, de 09/04/2013, que nomeou a servidora REGINA FERREIRA REZENDE DE CERQUEIRA CALDAS, matrícula 6005994, para o cargo em comissão de Assessor Jurídico do Gabinete do Procurador do Trabalho Jonas Ratier Moreno, código CC-2, atualmente exercendo o cargo em comissão de Chefe da Assessoria Jurídica do 2º Ofício Geral da Procuradoria Regional do Trabalho da 24ª Região/MS, código CC-4, para considerar a nomeação para exercer o cargo em comissão de Chefe da Assessoria Jurídica do 1º Oficio Geral da Procuradoria Regional do Trabalho da 24ª Região/MS, código CC-4.</p><p class="assina">ANDERSON RÉGIS CAVALCANTE FEITOSA</p>]]></Texto>
  </body>
  <Midias />
</article></xml>