﻿<xml><article id="27741826" name="Of. 364 - PORTARIA 607 - AFASTAM" idOficio="9058749" pubName="DO2" artType="Portaria" pubDate="30/08/2022" artClass="00018:00145:00001:00000:00000:00000:00000:00000:00000:00000:00017:00004" artCategory="Ministério da Educação/Fundação Universidade Federal de Rondônia/Reitoria" artSize="12" artNotes="" numberPage="92" pdfPage="http://pesquisa.in.gov.br/imprensa/jsp/visualiza/index.jsp?data=30/08/2022&amp;jornal=529&amp;pagina=92" editionNumber="165" highlightType="" highlightPriority="" highlight="" highlightimage="" highlightimagename="" idMateria="19841874">
  <body>
    <Identifica><![CDATA[ PORTARIA Nº 607/GR/UNIR, DE 25 DE AGOSTO DE 2022]]></Identifica>
    <Data><![CDATA[]]></Data>
    <Ementa />
    <Titulo />
    <SubTitulo />
    <Texto><![CDATA[<p class="identifica">PORTARIA Nº 607/GR/UNIR, DE 25 DE AGOSTO DE 2022</p><p>A REITORA DA FUNDAÇÃO UNIVERSIDADE FEDERAL DE RONDÔNIA (UNIR), no uso das atribuições que lhe são conferidas mediante o artigo 7º da Lei nº 7.011, de 08 de julho de 1982; o artigo 11 do Estatuto da UNIR; o Decreto Presidencial publicado no DOU nº 221, de 19 de novembro de 2020, seção 2, p.1; e considerando o Processo nº 23118.008785/2022-61, resolve:</p><p>Art. 1º Autorizar o afastamento do País à servidora APARECIDA LUZIA ALZIRA ZUIN, ocupante do cargo efetivo de Professor do Magistério Superior, SIAPE nº 1546985, lotada no Departamento Acadêmico de Ciências Jurídicas (DACJ-PVH) do Núcleo de Ciências Sociais Aplicadas (NUCSA), no Campus José Ribeiro Filho/Porto Velho, para participar do Congresso Internacional "Derecho al futuro: formas de dominio del mundo y horizontes del derecho" que acontecerá de 6 a 9 de setembro na Cidade do México e Congresso Internacional "Tendenze della Filosofia del diritto" que acontecera nos dias 12 e 13 de setembro na cidade de Puebla - México, no período de 04 a 15 de setembro de 2022, incluindo trânsito, com ônus limitado.</p><p>Art. 2º Esta Portaria entra em vigor na data de sua publicação.</p><p class="assina">Marcele Regina Nogueira Pereira</p>]]></Texto>
  </body>
  <Midias />
</article></xml>