﻿<xml><article id="27741829" name="Of. 368 - PORTARIA 616 - DISPENS" idOficio="9058749" pubName="DO2" artType="Portaria" pubDate="30/08/2022" artClass="00018:00145:00001:00000:00000:00000:00000:00000:00000:00000:00017:00008" artCategory="Ministério da Educação/Fundação Universidade Federal de Rondônia/Reitoria" artSize="12" artNotes="" numberPage="93" pdfPage="http://pesquisa.in.gov.br/imprensa/jsp/visualiza/index.jsp?data=30/08/2022&amp;jornal=529&amp;pagina=93" editionNumber="165" highlightType="" highlightPriority="" highlight="" highlightimage="" highlightimagename="" idMateria="19841869">
  <body>
    <Identifica><![CDATA[ PORTARIA Nº 616/GR/UNIR, DE 26 DE AGOSTO DE 2022]]></Identifica>
    <Data><![CDATA[]]></Data>
    <Ementa />
    <Titulo />
    <SubTitulo />
    <Texto><![CDATA[<p class="identifica">PORTARIA Nº 616/GR/UNIR, DE 26 DE AGOSTO DE 2022</p><p>A REITORA DA FUNDAÇÃO UNIVERSIDADE FEDERAL DE RONDÔNIA (UNIR), no uso das atribuições que lhe são conferidas mediante o artigo 7º da Lei nº 7.011, de 08 de julho de 1982; o artigo 11 do Estatuto da UNIR; o Decreto Presidencial publicado no DOU nº 221, de 19 de novembro de 2020, seção 2, p.1; e considerando o Processo nº 23118.011058/2022-81, resolve:</p><p>Art. 1º Dispensar, a pedido, a servidora LOU-ANN KLEPPA, SIAPE nº 1726779 do cargo de Editor da Editora da Universidade Federal de Rondônia (EDUFRO), Função Gratificada - FG-1, a partir de 01/09/2022.</p><p>Art. 2º Designar o servidor SAMILO TAKARA, SIAPE nº 3058111, para o cargo de Editor da Editora da Universidade Federal de Rondônia (EDUFRO), Função Gratificada - FG-1, a partir de 01/09/2022.</p><p>Art. 3º Esta Portaria entra em vigor na data de sua publicação.</p><p class="assina">Marcele Regina Nogueira Pereira</p>]]></Texto>
  </body>
  <Midias />
</article></xml>