﻿<xml><article id="27741250" name="PORTARIA N 3.232 SINC 19841650" idOficio="9058608" pubName="DO2" artType="Portaria" pubDate="30/08/2022" artClass="00026:00001:00000:00000:00000:00000:00000:00000:00000:00000:00017:00004" artCategory="Ministério da Saúde/Gabinete do Ministro" artSize="12" artNotes="" numberPage="114" pdfPage="http://pesquisa.in.gov.br/imprensa/jsp/visualiza/index.jsp?data=30/08/2022&amp;jornal=529&amp;pagina=114" editionNumber="165" highlightType="" highlightPriority="" highlight="" highlightimage="" highlightimagename="" idMateria="19841650">
  <body>
    <Identifica><![CDATA[ PORTARIA GM/MS Nº 3.232, DE 24 DE AGOSTO DE 2022]]></Identifica>
    <Data><![CDATA[]]></Data>
    <Ementa />
    <Titulo />
    <SubTitulo />
    <Texto><![CDATA[<p class="identifica">PORTARIA GM/MS Nº 3.232, DE 24 DE AGOSTO DE 2022</p><p>O MINISTRO DE ESTADO DA SAÚDE, no uso da competência que lhe foi delegada pelo art. 6º do Decreto nº 9.794, de 14 de maio de 2019, e pela Portaria da Casa Civil da Presidência da República nº 455, de 22 de setembro de 2020, resolve:</p><p>Nomear ÉRICO ROSSANO MORETO DOS SANTOS para exercer o Cargo Comissionado Executivo de Coordenador-Geral de Planejamento no SUS, CCE-1.14, código 16.0477, do Departamento de Gestão Interfederativa e Participativa, da Secretaria-Executiva, ficando exonerado do que ora ocupa.</p><p class="assina">MARCELO ANTÔNIO CARTAXO QUEIROGA LOPES</p>]]></Texto>
  </body>
  <Midias />
</article></xml>