﻿<xml><article id="27735289" name="771 2022" idOficio="9057366" pubName="DO2" artType="Portaria" pubDate="30/08/2022" artClass="00018:00099:00000:00000:00000:00000:00000:00000:00000:00000:00017:00003" artCategory="Ministério da Educação/Universidade Federal de Lavras" artSize="12" artNotes="" numberPage="72" pdfPage="http://pesquisa.in.gov.br/imprensa/jsp/visualiza/index.jsp?data=30/08/2022&amp;jornal=529&amp;pagina=72" editionNumber="165" highlightType="" highlightPriority="" highlight="" highlightimage="" highlightimagename="" idMateria="19840057">
  <body>
    <Identifica><![CDATA[ PORTARIA Nº 771, DE 26 DE AGOSTO DE 2022]]></Identifica>
    <Data><![CDATA[]]></Data>
    <Ementa />
    <Titulo />
    <SubTitulo />
    <Texto><![CDATA[<p class="identifica">PORTARIA Nº 771, DE 26 DE AGOSTO DE 2022</p><p>O REITOR DA UNIVERSIDADE FEDERAL DE LAVRAS, no uso de suas atribuições legais e regimentais, com fundamento no disposto no Decreto n° 1.387/95 e suas alterações, no Decreto n° 91.800/85 e suas alterações, na Portaria MEC n° 404/09 e na Resolução Normativa CEPE n° 24/2022, resolve:</p><p>Art. 1º Autorizar o afastamento do país do servidor Junior Cesar Avanzi, matrícula na origem nº 2102863, Professor do Magistério Superior, lotado no Departamento de Ciência do Solo, para participar da Missão Conjunta da Agência Brasileira de Cooperação (ABC)/ Universidade Federal de Lavras (UFLA) ao Mali no âmbito do projeto "Preservação do Potencial Produtivo das Zonas Produtoras de Algodão no Mali - Cotton Solos", em Bandiagara 2 e Siani/Mali, no período de 09/09/2022 a 19/09/2022 (inclusive trânsito), com ônus limitado, conforme Processo nº 23090.028329/2022-92.</p><p>Art. 2º Esta Portaria entra em vigor na data de sua publicação no Diário Oficial da União.</p><p class="assina">JOÃO CHRYSOSTOMO DE RESENDE JUNIOR</p>]]></Texto>
  </body>
  <Midias />
</article></xml>