﻿<xml><article id="27741328" name="2.Port. nA 645 - AlteraAAo da Po" idOficio="9058648" pubName="DO2" artType="Portaria" pubDate="30/08/2022" artClass="00018:00001:00000:00000:00000:00000:00000:00000:00000:00000:00017:00000" artCategory="Ministério da Educação/Gabinete do Ministro" artSize="12" artNotes="" numberPage="46" pdfPage="http://pesquisa.in.gov.br/imprensa/jsp/visualiza/index.jsp?data=30/08/2022&amp;jornal=529&amp;pagina=46" editionNumber="165" highlightType="" highlightPriority="" highlight="" highlightimage="" highlightimagename="" idMateria="19841727">
  <body>
    <Identifica><![CDATA[ PORTARIA Nº 645, DE 25 DE AGOSTO DE 2022]]></Identifica>
    <Data><![CDATA[]]></Data>
    <Ementa />
    <Titulo />
    <SubTitulo />
    <Texto><![CDATA[<p class="identifica">PORTARIA Nº 645, DE 25 DE AGOSTO DE 2022</p><p>O MINISTRO DE ESTADO DA EDUCAÇÃO, no uso da atribuição que lhe confere o art. 87, parágrafo único, inciso II, da Constituição, e em observância ao disposto na Lei nº 13.005, de 25 de junho de 2014, e no Decreto nº 10.195, de 30 de dezembro de 2019, resolve:</p><p>Art. 1º A Portaria MEC nº 768, de 22 de setembro de 2020, passa a vigorar com as seguintes alterações:</p><p>"Art. 1º ...................................................................................................................</p><p>I - Secretaria-Executiva adjunta: Sylvia Cristina Toledo Gouveia, como titular, e Dilermando José da Silva, como suplente;</p><p>.......................................................................................................................</p><p>VIII - Instituto Nacional de Estudos e Pesquisas Educacionais Anísio Teixeira - Inep: Luís Felipe de Miranda Grochocki, como titular, e Gustavo Henrique Moraes, como suplente;</p><p>IX - Coordenação de Aperfeiçoamento de Pessoal de Nível Superior - Capes: Carlos Cezar Modernel Lenuzza, como titular, e Joana Paula Alves da Silva Noia de Sousa, como suplente;</p><p>......................................................................................................................." (NR)</p><p>Art. 2º Esta Portaria entra em vigor na data de sua publicação.</p><p class="assina">VICTOR GODOY VEIGA</p>]]></Texto>
  </body>
  <Midias />
</article></xml>