﻿<xml><article id="27742706" name="DOU2-SGP-PGR-1-PT-584-UNI-PGR-00" idOficio="9058875" pubName="DO2" artType="Portaria" pubDate="30/08/2022" artClass="00043:00010:00008:00000:00000:00000:00000:00000:00000:00000:00017:00584" artCategory="Ministério Público da União/Ministério Público Federal/Secretaria de Gestão de Pessoas" artSize="12" artNotes="" numberPage="129" pdfPage="http://pesquisa.in.gov.br/imprensa/jsp/visualiza/index.jsp?data=30/08/2022&amp;jornal=529&amp;pagina=129" editionNumber="165" highlightType="" highlightPriority="" highlight="" highlightimage="" highlightimagename="" idMateria="19842068">
  <body>
    <Identifica><![CDATA[ PORTARIA SGP/MPF Nº 584, DE 25 DE AGOSTO DE 2022]]></Identifica>
    <Data><![CDATA[]]></Data>
    <Ementa />
    <Titulo />
    <SubTitulo />
    <Texto><![CDATA[<p class="identifica">PORTARIA SGP/MPF Nº 584, DE 25 DE AGOSTO DE 2022</p><p>A SECRETÁRIA DE GESTÃO DE PESSOAS DO MINISTÉRIO PÚBLICO FEDERAL, no uso da competência que lhe foi atribuída pelo artigo 1º - inciso II, alínea "p", da Portaria SG/MPF nº 994, de 24 de agosto de 2020, tendo em vista o disposto nos artigos 35 - inciso I e 62 da Lei nº 8.112, de 11 de dezembro de 1990, e no expediente PGR-00325969/2022, resolve:</p><p>1. Dispensar ALINE AGUIAR FERREIRA, ocupante do cargo de Técnico do MPU/Administração, matrícula nº 29209, da função de confiança de Assistente Nível II, FC-2, do Gabinete da Secretaria de Gestão de Pessoas do Ministério Público Federal.</p><p>2. Designar ALINE AGUIAR FERREIRA, ocupante do cargo de Técnico do MPU/Administração, matrícula nº 29209, para exercer a função de confiança de Secretária Nível I, FC-1, da Subsecretaria de Sistemas Corporativos, da Secretaria de Tecnologia da Informação e Comunicação do Ministério Público Federal, em vaga decorrente da dispensa de Lucas Evangelista Rios Filho, matrícula nº 23172, ocorrida em 18 de julho de 2022, publicada no DOU de 19 de julho de 2022.</p><p class="assina">ISABELA VIDIGAL BRAGA MENESES</p>]]></Texto>
  </body>
  <Midias />
</article></xml>