﻿<xml><article id="27738083" name="RetificaAAo Portaria Coren AM nA" idOficio="9058018" pubName="DO2" artType="Retificação" pubDate="30/08/2022" artClass="00048:00231:00000:00000:00000:00000:00000:00000:00000:00000:00024:00000" artCategory="Entidades de Fiscalização do Exercício das Profissões Liberais/Conselho Regional de Enfermagem do Amazonas" artSize="12" artNotes="Matéria Sem Identificação" numberPage="146" pdfPage="http://pesquisa.in.gov.br/imprensa/jsp/visualiza/index.jsp?data=30/08/2022&amp;jornal=529&amp;pagina=146" editionNumber="165" highlightType="" highlightPriority="" highlight="" highlightimage="" highlightimagename="" idMateria="19840869">
  <body>
    <Identifica><![CDATA[ RETIFICAÇÃO]]></Identifica>
    <Data><![CDATA[]]></Data>
    <Ementa />
    <Titulo />
    <SubTitulo />
    <Texto><![CDATA[<p class="identifica">RETIFICAÇÃO</p><p>Na Portaria Coren-AM nº 630 de 03 de agosto de 2022, publicada no DOU de 24-08-2022, Seção 2, página 161, em todo o Edital onde se lê: Art. 1º REVOGAR a Portaria Coren-AM nº 126 de 01 de março de 2022, publicada no DOU em 13 de março de 2022, pag. 90, Seção 2. Leia-se: Art. 1º REVOGAR a Portaria Coren-AM nº 126 de 01 de março de 2018, publicada no DOU em 13 de março de 2022, pag. 90, Seção 2.</p>]]></Texto>
  </body>
  <Midias />
</article></xml>