﻿<xml><article id="27735842" name="2022.08.25 PORTARIAS Reitor" idOficio="9057520" pubName="DO2" artType="Portaria" pubDate="30/08/2022" artClass="00018:00109:00000:00000:00000:00000:00000:00000:00000:00000:00017:00002" artCategory="Ministério da Educação/Universidade Federal do Rio Grande do Norte" artSize="12" artNotes="1334" numberPage="78" pdfPage="http://pesquisa.in.gov.br/imprensa/jsp/visualiza/index.jsp?data=30/08/2022&amp;jornal=529&amp;pagina=78" editionNumber="165" highlightType="" highlightPriority="" highlight="" highlightimage="" highlightimagename="" idMateria="19840229">
  <body>
    <Identifica><![CDATA[ PORTARIAS DE 25 DE AGOSTO DE 2022]]></Identifica>
    <Data><![CDATA[]]></Data>
    <Ementa />
    <Titulo />
    <SubTitulo />
    <Texto><![CDATA[<p class="identifica">PORTARIAS DE 25 DE AGOSTO DE 2022</p><p>O REITOR DA UNIVERSIDADE FEDERAL DO RIO GRANDE DO NORTE, no uso das atribuições inerentes ao cargo e da delegação de competência que lhe concede a Portaria MEC nº 404, de 23.04.2009, resolve:</p><p>Nº 1.334 - Autorizar o afastamento do país de JOSIVAN GOMES DE LIMA, matrícula n.º 1451614, Professor Adjunto do Departamento de Medicina Clínica - CCS, para participar do Congresso Europeu da Associação para o estudo do Diabetes, na cidade de Estocolmo, na Suécia, no período de 19.09.2022 a 23.09.2022, inclusive trânsito, com ônus limitado, conforme processo n.º 23077.111740/2022-04.</p><p>Nº 1.335 - Autorizar o afastamento do país de CARLOS EDUARDO TRABUCO DOREA, matrícula n.º 1328152, Professor Titular do Departamento de Engenharia de Computação e Automação - CT, para participar do "61st IEEE Conference on Decision and Control", na cidade de Cancun, no México, no período de 04.12.2022 a 11.12.2022, inclusive trânsito, com ônus para a CAPES/PROAP/UFRN, conforme processo n.º 23077.111395/2022-09.</p><p class="assina">JOSE DANIEL DINIZ MELO</p>]]></Texto>
  </body>
  <Midias />
</article></xml>