﻿<xml><article id="27739344" name="Portaria pensAo - DANIEL DOS SAN" idOficio="9058247" pubName="DO2" artType="Portaria" pubDate="30/08/2022" artClass="00026:00039:00021:00001:00003:00001:00000:00000:00000:00000:00017:00000" artCategory="Ministério da Saúde/Fundação Nacional de Saúde/Superintendência Estadual no Amazonas/Divisão de Administração/Seção de Gestão de Pessoas/Setor de Administração de Pessoal" artSize="12" artNotes="" numberPage="120" pdfPage="http://pesquisa.in.gov.br/imprensa/jsp/visualiza/index.jsp?data=30/08/2022&amp;jornal=529&amp;pagina=120" editionNumber="165" highlightType="" highlightPriority="" highlight="" highlightimage="" highlightimagename="" idMateria="19841208">
  <body>
    <Identifica><![CDATA[ PORTARIA Nº 4.443, DE 24 DE AGOSTO DE 2022]]></Identifica>
    <Data><![CDATA[]]></Data>
    <Ementa />
    <Titulo />
    <SubTitulo />
    <Texto><![CDATA[<p class="identifica">PORTARIA Nº 4.443, DE 24 DE AGOSTO DE 2022</p><p>O SUPERINTENDENTE ESTADUAL DA FUNDAÇÃO NACIONAL DE SAÚDE NO ESTADO DO AMAZONAS, no uso da competência que lhe confere o Art. 13 do Estatuto aprovado pelo Decreto nº 8.867, de 3.10.2016, publicado no DOU nº 191, de 4.10.2016, com as alterações dadas pelo Decreto nº 10.476, de 27.08.2020, publicado no DOU nº 166, de 28.08.2020, nomeado mediante a Portaria nº 4.547, de 28.09.2020, publicada no DOU nº 194, de 08.10.2020, no uso de suas atribuições que lhe confere o Art. 87 do Regimento Interno da FUNASA aprovado pela Portaria nº 6.166, de 30.12.2020, publicada no DOU nº 250, de 31.12.2020 e tendo em vista o que consta no Processo nº 25120.000721/2022-06, resolve:</p><p>Art. 1º - Conceder pensão civil de natureza temporária a DANIEL DOS SANTOS SILVA, na situação de filho maior inválido do ex-servidor ativo JULIÃO CORRÊA DA SILVA, matrícula SIAPE 514815, do quadro de pessoal da Fundação Nacional de Saúde/SUEST-AM, falecido em 19.03.2017, cota-parte integral dos proventos referente ao cargo de Motorista Oficial, NI, Classe S, Padrão III, cumprindo determinação da Decisão Judicial, Tutela em Sentença - Ação nº 1013265-55.2021.4.01.3200, juntamente com o Parecer de Força Executória nº 00458/2022/EATE-PES/ER-ADM-PRF1/PGF/AGU, a partir de 25/7/2018, com fundamento nos artigos 215 e 217, inciso IV, alínea "b" da Lei 8.112/90, com alterações promovidas pela Lei 13.135/2015, c/c art. 2, incisos I e II da Lei nº 10.887/04, com efeitos financeiros a partir de 17/8/2022, data do início do cumprimento da decisão.</p><p>Art. 2º - Esta Portaria entra em vigor na data de sua publicação.</p><p class="assina">WENDERSON DE SOUZA MONTEIRO</p>]]></Texto>
  </body>
  <Midias />
</article></xml>