﻿<xml><article id="27742676" name="DOU2-PGR-PGR-1-PT-695-UNI-PGR-00" idOficio="9058875" pubName="DO2" artType="Portaria" pubDate="30/08/2022" artClass="00043:00002:00000:00000:00000:00000:00000:00000:00000:00000:00017:00695" artCategory="Ministério Público da União/Atos do Procurador-Geral da República" artSize="12" artNotes="" numberPage="127" pdfPage="http://pesquisa.in.gov.br/imprensa/jsp/visualiza/index.jsp?data=30/08/2022&amp;jornal=529&amp;pagina=127" editionNumber="165" highlightType="" highlightPriority="" highlight="" highlightimage="" highlightimagename="" idMateria="19842075">
  <body>
    <Identifica><![CDATA[ PORTARIA PGR/MPF Nº 695, DE 25 DE AGOSTO DE 2022]]></Identifica>
    <Data><![CDATA[]]></Data>
    <Ementa />
    <Titulo />
    <SubTitulo />
    <Texto><![CDATA[<p class="identifica">PORTARIA PGR/MPF Nº 695, DE 25 DE AGOSTO DE 2022</p><p>O PROCURADOR-GERAL DA REPÚBLICA, no uso de suas atribuições, com fundamento no art. 204, § 1º, da Lei Complementar nº 75, de 20 de maio de 1993, e tendo em vista o constante do Procedimento de Gestão Administrativa nº 1.00.000.016538/2022-02, resolve:</p><p>Art. 1º Autorizar o afastamento do país, com ônus, do Procurador da República e Secretário de Cooperação Internacional Adjunto do Gabinete do Procurador-Geral da República, MARCELO RIBEIRO DE OLIVEIRA, no período de 23 a 30 de setembro de 2022, inclusive trânsito, para, na qualidade de representante do Ministério Público Federal, participar da 27ª Conferência Anual e do Encontro Geral da Associação Internacional de Procuradores (IAP), a realizarem-se entre os dias 25 e 29 de setembro de 2022, em Tbilisi, Geórgia.</p><p>§ 1º Os custos com passagens aéreas, traslados internos, hospedagem e alimentação ficarão a cargo da Associação Internacional de Procuradores (IAP).</p><p>§ 2º Caberá ao Ministério Público Federal o custeio de uma diária internacional para cobertura do período de deslocamento do membro.</p><p>Art. 2º Esta portaria entra em vigor na data de sua publicação.</p><p class="assina">ANTÔNIO AUGUSTO BRANDÃO DE ARAS</p>]]></Texto>
  </body>
  <Midias />
</article></xml>