﻿<xml><article id="27735316" name="PORTARIA N 280 SINC 19840042" idOficio="9057354" pubName="DO2" artType="Portaria" pubDate="30/08/2022" artClass="00024:00002:00000:00000:00000:00000:00000:00000:00000:00000:00017:00000" artCategory="Ministério da Mulher, da Família e dos Direitos Humanos/Secretaria Executiva" artSize="12" artNotes="" numberPage="110" pdfPage="http://pesquisa.in.gov.br/imprensa/jsp/visualiza/index.jsp?data=30/08/2022&amp;jornal=529&amp;pagina=110" editionNumber="165" highlightType="" highlightPriority="" highlight="" highlightimage="" highlightimagename="" idMateria="19840042">
  <body>
    <Identifica><![CDATA[ PORTARIA Nº 280, DE 25 DE AGOSTO DE 2022]]></Identifica>
    <Data><![CDATA[]]></Data>
    <Ementa />
    <Titulo />
    <SubTitulo />
    <Texto><![CDATA[<p class="identifica">PORTARIA Nº 280, DE 25 DE AGOSTO DE 2022</p><p>A SECRETÁRIA-EXECUTIVA DO MINISTÉRIO DA MULHER, DA FAMÍLIA E DOS DIREITOS HUMANOS, no uso de suas atribuições conferidas pela Portaria nº 6, de 12 de janeiro de 2021, publicada no Diário Oficial da União de 14 de janeiro de 2021, e tendo em vista o disposto no Decreto nº 10.883, de 6 de dezembro de 2021, resolve:</p><p>Designar ALEXANDRE LUIS FERREIRA RODRIGUES, para exercer a função de Coordenador de Orçamento da Coordenação-Geral de Orçamento e Finanças da Subsecretária de Orçamento e Administração da Secretaria Executiva deste Ministério, código FCE 1.10.</p><p class="assina">TATIANA BARBOSA DE ALVARENGA</p>]]></Texto>
  </body>
  <Midias />
</article></xml>