﻿<xml><article id="27735001" name="P8RF549E550" idOficio="9057314" pubName="DO2" artType="Portaria" pubDate="30/08/2022" artClass="00015:00045:00432:00100:00000:00000:00000:00000:00000:00000:00017:00001" artCategory="Ministério da Economia/Secretaria Especial da Receita Federal do Brasil/Subsecretaria-Geral da Receita Federal do Brasil/Superintendência Regional da 8ª Região Fiscal" artSize="12" artNotes="" numberPage="45" pdfPage="http://pesquisa.in.gov.br/imprensa/jsp/visualiza/index.jsp?data=30/08/2022&amp;jornal=529&amp;pagina=45" editionNumber="165" highlightType="" highlightPriority="" highlight="" highlightimage="" highlightimagename="" idMateria="19839976">
  <body>
    <Identifica><![CDATA[ PORTARIAS DE PESSOAL SRRF08 DE 24 DE AGOSTO DE 2022]]></Identifica>
    <Data><![CDATA[]]></Data>
    <Ementa />
    <Titulo />
    <SubTitulo />
    <Texto><![CDATA[<p class="identifica">PORTARIAS DE PESSOAL SRRF08 DE 24 DE AGOSTO DE 2022</p><p>O SUPERINTENDENTE SUBSTITUTO DA RECEITA FEDERAL DO BRASIL DA 8ª REGIÃO FISCAL, no uso da competência que lhe foi subdelegada pela Portaria RFB nº 56, de 16 de agosto de 2021, publicada no DOU de 17 de agosto de 2021, e considerando o que consta no Processo Dossiê nº 13032.659164/2022-36, resolve:</p><p>Nº 549 - Dispensar, a pedido, o Auditor-Fiscal da Receita Federal do Brasil EDSON NOMURA, matrícula Siapecad nº 4013, do encargo de Substituto Eventual do Chefe da Divisão de Tributação (Disit) da Superintendência Regional da Receita Federal do Brasil da 8ª Região Fiscal (SP), Código FCPE-101.2.</p><p>Nº 550 - Designar o Auditor-Fiscal da Receita Federal do Brasil AMILSON MELO SANTOS, matrícula Siapecad nº 881675, para exercer o encargo de Substituto Eventual do Chefe da Divisão de Tributação (Disit) da Superintendência Regional da Receita Federal do Brasil da 8ª Região Fiscal (SP), Código FCPE-101.2.</p><p class="assina">MARCELO KOJI KAWABATA</p>]]></Texto>
  </body>
  <Midias />
</article></xml>