﻿<xml><article id="27739443" name="1016.AISA" idOficio="9058269" pubName="DO2" artType="Portaria" pubDate="30/08/2022" artClass="00026:00002:00000:00000:00000:00000:00000:00000:00000:00000:00017:00001" artCategory="Ministério da Saúde/Secretaria Executiva" artSize="12" artNotes="" numberPage="114" pdfPage="http://pesquisa.in.gov.br/imprensa/jsp/visualiza/index.jsp?data=30/08/2022&amp;jornal=529&amp;pagina=114" editionNumber="165" highlightType="" highlightPriority="" highlight="" highlightimage="" highlightimagename="" idMateria="19841238">
  <body>
    <Identifica><![CDATA[ PORTARIA Nº 1.016, DE 24 DE AGOSTO DE 2022]]></Identifica>
    <Data><![CDATA[]]></Data>
    <Ementa />
    <Titulo />
    <SubTitulo />
    <Texto><![CDATA[<p class="identifica">PORTARIA Nº 1.016, DE 24 DE AGOSTO DE 2022</p><p>O SECRETÁRIO-EXECUTIVO ADJUNTO DO MINISTÉRIO DA SAÚDE, no uso da competência que lhe foi subdelegada pela Portaria nº 120, publicada no Diário Oficial da União nº 14, de 21 de janeiro de 2020, na forma do disposto no Decreto nº 1.387, de 7 de fevereiro de 1995, e no Decreto nº 10.193, de 27 de dezembro de 2019, resolve:</p><p>Autorizar o afastamento do País da servidora ANA PAULA NEVES BORDALLO, Matrícula SIAPE nº 1811755, Médica do Hospital Federal da Lagoa, do Departamento de Gestão Hospitalar no Estado do Rio de Janeiro, da Secretaria-Executiva, com a finalidade de participar do 15º Congresso da Sociedade de Displasia Óssea, em Santiago - Chile, no período de 23 a 28 de agosto de 2022, inclusive trânsito, com ônus limitado (Processo nº 33408.071412/2022-14).</p><p class="assina">MARCUS VINICIUS FERNANDES DIAS</p>]]></Texto>
  </body>
  <Midias />
</article></xml>