﻿<xml><article id="27732044" name="Portaria 202 -2022 PensAo Temp. " idOficio="9056727" pubName="DO2" artType="Portaria" pubDate="30/08/2022" artClass="00026:00002:00058:00010:00000:00000:00000:00000:00000:00000:00017:00002" artCategory="Ministério da Saúde/Secretaria Executiva/Departamento de Gestão Hospitalar no Estado do Rio de Janeiro/Hospital Federal do Andaraí" artSize="12" artNotes="" numberPage="118" pdfPage="http://pesquisa.in.gov.br/imprensa/jsp/visualiza/index.jsp?data=30/08/2022&amp;jornal=529&amp;pagina=118" editionNumber="165" highlightType="" highlightPriority="" highlight="" highlightimage="" highlightimagename="" idMateria="19839265">
  <body>
    <Identifica><![CDATA[ PORTARIA Nº 202, DE 24 DE AGOSTO DE 2022]]></Identifica>
    <Data><![CDATA[]]></Data>
    <Ementa />
    <Titulo />
    <SubTitulo />
    <Texto><![CDATA[<p class="identifica">PORTARIA Nº 202, DE 24 DE AGOSTO DE 2022</p><p>O Diretor Geral do Hospital Federal do Andaraí, em conformidade com os termos da PT/MS nº 2.044 de 24.08.2020, publicada no Diário Oficial da União (DOU) nº 163 de 25.08.2020 e no uso de suas atribuições legais, na forma da PT/CGRH/SAA/SE/MS/ nº 1041, de 30.10.2009, publicada no DOU nº 209, de 03.11.2009, resolve:</p><p>Conceder Pensão Temporária à Filha RAYANNE LUCAS PORTO, com fundamento no artigo 217, inciso IV, da Lei nº 8.112/90, com redação dada pela Lei nº 13.135/2015, combinada com o artigo 40, parágrafo 7º, da Constituição Federal de 1988, com redação dada pela Emenda Constitucional nº 103/2019, regulamentada pelo artigo 2º, inciso II, da Lei nº 10.887/2004, em face do falecimento ocorrido em 04.06.2022, do servidor José Luiz da Silva Porto, matrícula 6630844, Auxiliar de Enfermagem, Classe "S", Padrão III, do Quadro de Pessoal deste Ministério, com vigência e efeitos financeiros a partir da data do óbito do ex-servidor. (Processo nº. 33367.095842/2022-55).</p><p>Esta portaria entra em vigor na data de sua publicação.</p><p class="assina">LUIZ FERNANDO D'ALINCOURT CAPTORTO</p>]]></Texto>
  </body>
  <Midias />
</article></xml>