﻿<xml><article id="27737876" name="1597" idOficio="9057966" pubName="DO2" artType="Portaria" pubDate="30/08/2022" artClass="00007:00003:00000:00000:00000:00000:00000:00000:00000:00000:00017:00002" artCategory="Ministério da Agricultura, Pecuária e Abastecimento/Secretaria Executiva" artSize="12" artNotes="" numberPage="4" pdfPage="http://pesquisa.in.gov.br/imprensa/jsp/visualiza/index.jsp?data=30/08/2022&amp;jornal=529&amp;pagina=4" editionNumber="165" highlightType="" highlightPriority="" highlight="" highlightimage="" highlightimagename="" idMateria="19840798">
  <body>
    <Identifica><![CDATA[ PORTARIA DE PESSOAL SE/MAPA Nº 1.597, DE 25 DE AGOSTO DE 2022]]></Identifica>
    <Data><![CDATA[]]></Data>
    <Ementa />
    <Titulo />
    <SubTitulo />
    <Texto><![CDATA[<p class="identifica">PORTARIA DE PESSOAL SE/MAPA Nº 1.597, DE 25 DE AGOSTO DE 2022</p><p>O SECRETÁRIO EXECUTIVO DO MINISTÉRIO DA AGRICULTURA, PECUÁRIA E ABASTECIMENTO, no uso da competência que lhe foi subdelegada pela Portaria nº 330, de 29 de outubro de 2021, publicada no Diário Oficial da União de 4 de novembro de 2021, e tendo em vista o disposto no Decreto nº 10.827, de 30 de setembro de 2021, alterado pelo Decreto nº 11.050, de 26 de abril de 2022, bem como as disposições da Lei nº 13.346, de 10 de outubro de 2016, e o que consta no Processo SEI nº 21000.081271/2022-41, resolve:</p><p>Designar EVANIA DA SILVA OLIVEIRA, matrícula SIAPE nº 1936720, para exercer o encargo de substituta da Chefe de Serviço, código FCPE 101.1, VERUSKA DA SILVA COSTA, do Serviço de Prestação de Contas, da Coordenação de Prestação de Contas, da Coordenação-Geral de Celebração de Parcerias Institucionais, da Secretaria de Agricultura Familiar e Cooperativismo, nos seus afastamentos e impedimentos legais ou regulamentares.</p><p class="assina">MÁRCIO ELI ALMEIDA LEANDRO</p>]]></Texto>
  </body>
  <Midias />
</article></xml>