﻿<xml><article id="27741973" name="NOMEACAO FELIPE 29" idOficio="9058765" pubName="DO2" artType="Portaria" pubDate="30/08/2022" artClass="00020:00028:00015:00004:00001:00000:00000:00000:00000:00000:00017:00000" artCategory="Ministério da Justiça e Segurança Pública/Polícia Federal/Diretoria de Gestão de Pessoal/Coordenação-Geral de Recursos Humanos/Divisão de Administração de Recursos Humanos" artSize="12" artNotes="" numberPage="103" pdfPage="http://pesquisa.in.gov.br/imprensa/jsp/visualiza/index.jsp?data=30/08/2022&amp;jornal=529&amp;pagina=103" editionNumber="165" highlightType="" highlightPriority="" highlight="" highlightimage="" highlightimagename="" idMateria="19841899">
  <body>
    <Identifica><![CDATA[ PORTARIA DGP/PF Nº 19.697, DE 25 DE AGOSTO DE 2022]]></Identifica>
    <Data><![CDATA[]]></Data>
    <Ementa />
    <Titulo />
    <SubTitulo />
    <Texto><![CDATA[<p class="identifica">PORTARIA DGP/PF Nº 19.697, DE 25 DE AGOSTO DE 2022</p><p>AA DIRETORA DE GESTÃO DE PESSOAL DA POLÍCIA FEDERAL, no uso das competências que lhe foram atribuídas pelo inciso XVII do art. 43 do Regimento Interno da Polícia Federal, aprovado pela Portaria MSP nº 155, de 27/09/2018, publicado no DOU nº 200, de 17/10/2018, considerando a decisão judicial proferida no processo nº 0040829-18.2015.4.01.3400 - VF/SJDF, e o que consta no processo SEI nº 00410.055918/2017-11, resolve:</p><p>Nomear FELIPE RAFAEL FERREIRA DE SOUZA para exercer o cargo efetivo de Agente de Polícia Federal, terceira classe da carreira policial federal, do quadro de pessoal da Polícia Federal, criada pelo Decreto-Lei nº 2.251 de 26/2/1985, reorganizada pela Lei nº 9.266/1996 e alterações posteriores, sob o código de vaga nº 75924, em virtude do concurso público instituído pelo Edital nº 55/2014 - DGP/PF, mediante conclusão do LV Curso de Formação Profissional de Agente de Polícia Federal, de acordo com o art. 9º, inciso I, e art. 10, ambos da Lei nº 8.112/90.</p><p class="assina">MARIANA PARANHOS CALDERON</p>]]></Texto>
  </body>
  <Midias />
</article></xml>