﻿<xml><article id="27736988" name="Imprensa Embrapa e MAPA - 24.08." idOficio="9057769" pubName="DO2" artType="Despacho" pubDate="30/08/2022" artClass="00007:00003:00000:00000:00000:00000:00000:00000:00000:00000:00017:00018" artCategory="Ministério da Agricultura, Pecuária e Abastecimento/Secretaria Executiva" artSize="12" artNotes="" numberPage="5" pdfPage="http://pesquisa.in.gov.br/imprensa/jsp/visualiza/index.jsp?data=30/08/2022&amp;jornal=529&amp;pagina=5" editionNumber="165" highlightType="" highlightPriority="" highlight="" highlightimage="" highlightimagename="" idMateria="19840580">
  <body>
    <Identifica><![CDATA[ DESPACHOS DO SECRETÁRIO-EXECUTIVO de 24 de agosto de 2022]]></Identifica>
    <Data><![CDATA[]]></Data>
    <Ementa />
    <Titulo />
    <SubTitulo />
    <Texto><![CDATA[<p class="identifica">DESPACHOS DO SECRETÁRIO-EXECUTIVO de 24 de agosto de 2022</p><p>O SECRETÁRIO-EXECUTIVO DO MINISTÉRIO DA AGRICULTURA, PECUÁRIA E ABASTECIMENTO, no uso da atribuição que lhe foi delegada pela Portaria MAPA nº 185, de 11 de setembro de 2019, e no âmbito do Decreto n° 1.387/1995:</p><p>Autoriza o Auditor Fiscal Federal Agropecuário DIEGO MENEZES DE BRITO, do Quadro Permanente deste Ministério, lotado na DIPE/CGPV/DSA da Secretaria de Defesa Agropecuária - SDA, a afastar-se do País, na forma do disposto no Art. 1°, inciso IV, com o objetivo de participar em curso no exterior - Análise de risco em segurança alimentar (Food safety risk analysis), em Buenos Aires, República da Argentina, no período de 18 a 23.09.2022, com ônus limitado. (Processo n° 21000.066582/2022-81)</p><p>Autoriza o Auditor Fiscal Federal Agropecuário ALTAIR CORREA DA SILVEIRA, do Quadro Permanente deste Ministério, lotado na Secretaria de Defesa Agropecuária - SDA, a afastar-se do País, na forma do disposto no Art. 1°, inciso IV, com o objetivo de participar de Curso do BTSF de auditoria de sistema - "Configuração e implementação de um sistema de auditoria e noções básicas para a realização de uma auditoria detalhada", em Barcelona, Reino da Espanha, no período de 08 a 15.10.2022, com ônus limitado. (Processo n° 21000.057451/2022-11)</p><p>Autoriza a Auditora Fiscal Federal Agropecuário DANIELA DE QUEIROZ BAPTISTA, do Quadro Permanente deste Ministério, lotada na DISAV/CAT/CGSA da Secretaria de Defesa Agropecuária - SDA, a afastar-se do País, na forma do disposto no Art. 1°, inciso IV, com o objetivo de representar o MAPA em exercício simulado de influenza aviária, a convite do serviço veterinário oficial da Argentina - SENASA, em Esperanza, Santa Fé, República da Argentina, no período de 27.08 a 03.09.2022, com ônus para PCEANIMAL. (Processo n° 21000.082295/2022-18)</p><p>Autoriza o Auditor Fiscal Federal Agropecuário THIAGO LUIZ MENDES ARCEBISPO, do Quadro Permanente deste Ministério, lotado na SEPSA/CGPZ/DSA da Secretaria de Defesa Agropecuária - SDA, a afastar-se do País, na forma do disposto no Art. 1°, inciso IV, com o objetivo de representar o MAPA em exercício simulado de influenza aviária, a convite do serviço veterinário oficial da Argentina - SENASA, em Esperanza, Santa Fé, República da Argentina, no período de 27.08 a 03.09.2022, com ônus para PCEANIMAL. (Processo n° 21000.082295/2022-18)</p><p>Autoriza FÁBIO ALVARES DE OLIVEIRA, Pesquisador, lotado na EMBRAPA Soja, a afastar-se do País, na forma do disposto no Art. 1°, inciso V, com o objetivo de realizar visita técnica ao Centro Mundial de Inovação (CMI) da TIMAC AGRO e Reunião de avaliação de fechamento de projeto de pesquisa &amp; desenvolvimento de fertilizantes fosfatados com a tecnologia inrizza, em Saint Malo, República Francesa, no período de 04 a 10.09.2022, com ônus limitado. (Processo n° 21148.010930/2022-91)</p><p>Autoriza HUMBERTO RIBEIRO BIZZO, Pesquisador, lotado na EMBRAPA Agroindústria de Alimentos, a afastar-se do País, na forma do disposto no Art. 1°, inciso V, com o objetivo de dar continuidade às atividades iniciadas durante o estágio Cientista Visitante (2020), prejudicadas pela epidemia de COVID, com a realização de treinamento e análises em azeites brasileiros, além de discutir propostas de novos projetos, ministrar palestra/aula e consolidar parceria institucional na Universidade de Turim (UNITO), em Turim e Savigliano, República Italiana, no período de 31.10 a 18.11.2022, com ônus limitado. (Processo n° 21148.011181/2022-19)</p><p class="assina">MÁRCIO ELI ALMEIDA LEANDRO</p>]]></Texto>
  </body>
  <Midias />
</article></xml>