﻿<xml><article id="27737349" name="DESPACHOS DO REITOR -26.08.2022 " idOficio="9057850" pubName="DO2" artType="Despacho" pubDate="30/08/2022" artClass="00018:00107:00000:00000:00000:00000:00000:00000:00000:00000:00013:00000" artCategory="Ministério da Educação/Universidade Federal de Pernambuco" artSize="12" artNotes="" numberPage="77" pdfPage="http://pesquisa.in.gov.br/imprensa/jsp/visualiza/index.jsp?data=30/08/2022&amp;jornal=529&amp;pagina=77" editionNumber="165" highlightType="" highlightPriority="" highlight="" highlightimage="" highlightimagename="" idMateria="19840661">
  <body>
    <Identifica><![CDATA[ DESPACHO DE 18 de agosto de 2022]]></Identifica>
    <Data><![CDATA[]]></Data>
    <Ementa />
    <Titulo />
    <SubTitulo />
    <Texto><![CDATA[<p class="identifica">DESPACHO DE 18 de agosto de 2022</p><p>O REITOR DA UNIVERSIDADE FEDERAL DE PERNAMBUCO, no uso da competência que lhe foi subdelegada pela Portaria nº 404-MEC, de 23 de abril de 2009, autoriza o afastamento do país do seguinte servidor:</p><p>FABIANA MORAES DA SILVA, SIAPE nº 2274660, lotado(a) no(a) Núcleo de Design e Comunicação, no período de 24/09/2022 a 01/10/2022, trânsito incluído, para apresentar trabalho, no(a) XVI Congreso de la Asociación Latinoamericana de Investigadores de la Comunicación, em Buenos Aires/Argentina, ônus Limitado. (Processo nº 23076.080766/2022-36)</p><p class="assina">ALFREDO MACEDO GOMES</p><p class="identifica">DESPACHO DE 24 de agosto de 2022</p><p>O REITOR DA UNIVERSIDADE FEDERAL DE PERNAMBUCO, no uso da competência que lhe foi subdelegada pela Portaria nº 404-MEC, de 23 de abril de 2009, autoriza o afastamento do país dos seguintes servidores:</p><p>CAIO BEZERRA SOUTO MAIOR, SIAPE nº 3017903, lotado(a) no(a) Núcleo de Tecnologia, no período de 26/08/2022 a 02/09/2022, trânsito incluído, para Apresentando Trabalho, no(a) Technological University Dublin Grangegorman, em Dublin/Irlanda, ônus Limitado. (Processo nº 23076.081362/2022-46)</p><p>TIAGO SIQUEIRA DE MIRANDA, SIAPE nº 1032097, lotado(a) no(a) Departamento de Geologia, no período de 23/09/2022 a 22/10/2022, trânsito incluído, para realizar missão científica, no(a) Universidad Nacional de Colombia, Sede Medellín, ônus Limitado. (Processo nº 23076.088664/2022-93)</p><p class="assina">ALFREDO MACEDO GOMES</p><p class="identifica">DESPACHO DE 25 de agosto de 2022</p><p>O REITOR DA UNIVERSIDADE FEDERAL DE PERNAMBUCO, no uso da competência que lhe foi subdelegada pela Portaria nº 404-MEC, de 23 de abril de 2009, autoriza o afastamento do país do seguintes servidores:</p><p>MARCOS GALINDO LIMA, SIAPE nº 7445528, lotado(a) no(a) Universidade Federal de Pernambuco, no período de 04/09/2022 a 13/09/2022, trânsito incluído, para realizar visita técnica, no(a) Associação Portuguesa de Imprensa, em Lisboa/Portugal, ônus para a UFPE. (Processo nº 23076.074350/2022-26)</p><p>ROGERIO LUIZ COVALESKI, SIAPE nº 1805696, lotado(a) no(a) Departamento de Comunicação Social, no período de 23/10/2022 a 29/10/2022, trânsito incluído, para Apresentando Trabalho, no(a) UNIVERSIDADE DO PORTO, em Porto/Portugal, ônus para a FACEPE. (Processo nº 23076.084406/2022-17)</p><p class="assina">ALFREDO MACEDO GOMES</p><p class="identifica">DESPACHO DE 26 de agosto de 2022</p><p>O REITOR DA UNIVERSIDADE FEDERAL DE PERNAMBUCO, no uso da competência que lhe foi subdelegada pela Portaria nº 404-MEC, de 23 de abril de 2009, autoriza o afastamento do país do seguinte servidor:</p><p>JULIANO BANDEIRA LIMA, SIAPE nº 1882484, lotado(a) no(a) Departamento de Engenharia Eletrônica e Sistemas, no período de 28/10/2022 a 06/11/2022, trânsito incluído, para visita técnica, no(a) CARLETON UNIVERSITY, em Ottawa/Canadá, ônus para a CAPES e UFPE. (Processo nº 23076.086146/2022-82)</p><p class="assina">ALFREDO MACEDO GOMES</p>]]></Texto>
  </body>
  <Midias />
</article></xml>