﻿<xml><article id="27741054" name="PORTARIA AGU 1258 DECLARAR A VAC" idOficio="9058621" pubName="DO2" artType="Portaria" pubDate="30/08/2022" artClass="00006:00009:00012:00000:00000:00000:00000:00000:00000:00000:00017:00009" artCategory="Presidência da República/Advocacia-Geral da União/Secretaria-Geral de Administração" artSize="12" artNotes="" numberPage="3" pdfPage="http://pesquisa.in.gov.br/imprensa/jsp/visualiza/index.jsp?data=30/08/2022&amp;jornal=529&amp;pagina=3" editionNumber="165" highlightType="" highlightPriority="" highlight="" highlightimage="" highlightimagename="" idMateria="19841665">
  <body>
    <Identifica><![CDATA[ PORTARIA SGA/AGU Nº 1.258, DE 25 DE AGOSTO DE 2022]]></Identifica>
    <Data><![CDATA[]]></Data>
    <Ementa />
    <Titulo />
    <SubTitulo />
    <Texto><![CDATA[<p class="identifica">PORTARIA SGA/AGU Nº 1.258, DE 25 DE AGOSTO DE 2022</p><p>A SECRETÁRIA-GERAL DE ADMINISTRAÇÃO DA ADVOCACIA-GERAL DA UNIÃO, no uso da atribuição que lhe confere o inciso XIII, do art. 47, da Portaria AGU nº 210, de 28 de março de 2019, tendo em vista o disposto no inciso IX, do art. 33, da Lei nº 8.112, de 11 de dezembro de 1990, e o que consta do Processo nº 00588.001434/2022-97, resolve:</p><p>DECLARAR A VACÂNCIA</p><p>do cargo efetivo de Arquivista, ocupado por LUIS PAULO ALVES, matrícula Siape nº 6101287, código da vaga nº 41493, a contar de 15 de julho de 2022, em razão de seu falecimento.</p><p class="assina">IÊDA APARECIDA DE MOURA CAGNI</p>]]></Texto>
  </body>
  <Midias />
</article></xml>