﻿<xml><article id="27742354" name="PT 256 - NomeaAAo - FLORA REGINA" idOficio="9058820" pubName="DO2" artType="Portaria" pubDate="30/08/2022" artClass="00027:00002:00006:00003:00000:00000:00000:00000:00000:00000:00017:00256" artCategory="Ministério do Trabalho e Previdência/Secretaria Executiva/Secretaria de Gestão Corporativa/Diretoria de Gestão de Pessoas" artSize="12" artNotes="" numberPage="122" pdfPage="http://pesquisa.in.gov.br/imprensa/jsp/visualiza/index.jsp?data=30/08/2022&amp;jornal=529&amp;pagina=122" editionNumber="165" highlightType="" highlightPriority="" highlight="" highlightimage="" highlightimagename="" idMateria="19841989">
  <body>
    <Identifica><![CDATA[ PORTARIA DE PESSOAL DGP/MTP Nº 256, DE 25 DE AGOSTO DE 2022]]></Identifica>
    <Data><![CDATA[]]></Data>
    <Ementa />
    <Titulo />
    <SubTitulo />
    <Texto><![CDATA[<p class="identifica">PORTARIA DE PESSOAL DGP/MTP Nº 256, DE 25 DE AGOSTO DE 2022</p><p>O DIRETOR DE GESTÃO DE PESSOAS DO MINISTÉRIO DO TRABALHO E PREVIDÊNCIA, no uso da competência prevista na alínea "b" do inciso I do art. 14 do Decreto nº 11.068, de 10 de maio de 2022, considerando a decisão judicial proferida na Ação Ordinária nº 0065535-68.2011.4.01.3800, transitada em julgado perante a 5ª Vara Federal Cível da Seção Judiciária de Minas Gerais, o Parecer de Força Executória nº 00164/2022/CORESPNE/PRU1R/PGU/AGU e, as demais informações constantes do Processo nº 00745.006424/2022-98, resolve:</p><p>Art. 1º Nomear, com fundamento no inciso I do art. 9º e art. 10 da Lei nº 8.112, de 11 de dezembro de 1990, em virtude de aprovação em concurso público, para exercer o cargo efetivo de Auditor-Fiscal do Trabalho, Classe "A", Padrão I, do Quadro de Pessoal deste Ministério a candidata abaixo identificada:</p><p /><p></p><table><tr /><tr><td rowspan="1" colspan="1"><p>UF</p></td><td rowspan="1" colspan="1"><p>Lotação e exercício</p></td><td rowspan="1" colspan="1"><p>Nome</p></td><td rowspan="1" colspan="1"><p>Código de vaga</p></td></tr><tr><td rowspan="1" colspan="1"><p>MT</p></td><td rowspan="1" colspan="1"><p>Cuiabá</p></td><td rowspan="1" colspan="1"><p>FLORA REGINA CAMARGOS CORREIA</p></td><td rowspan="1" colspan="1"><p>0202288</p></td></tr></table><p>Art. 2º A documentação para posse constante do Anexo desta Portaria, deverá ser apresentada na Sede da Superintendência Regional do Trabalho em Mato Grosso, localizada na Rua São Joaquim nº 345, Porto, Cuiabá-MT, no prazo de 30 (trinta) dias a contar da publicação desta Portaria, nos termos do §1º do art. 13 da Lei n° 8.112, de 1990.</p><p>Art. 3º Esta portaria entra em vigor na data de sua publicação.</p><p class="assina">HAROLD VANN HALLEN FONTES</p>]]></Texto>
  </body>
  <Midias />
</article></xml>