﻿<xml><article id="27737126" name="portaria_711_2022 GGPES DP" idOficio="9057816" pubName="DO2" artType="Portaria" pubDate="30/08/2022" artClass="00026:00034:00000:00000:00000:00000:00000:00000:00000:00000:00017:00002" artCategory="Ministério da Saúde/Agência Nacional de Vigilância Sanitária" artSize="12" artNotes="" numberPage="119" pdfPage="http://pesquisa.in.gov.br/imprensa/jsp/visualiza/index.jsp?data=30/08/2022&amp;jornal=529&amp;pagina=119" editionNumber="165" highlightType="" highlightPriority="" highlight="" highlightimage="" highlightimagename="" idMateria="19840621">
  <body>
    <Identifica><![CDATA[ PORTARIA Nº 711, DE 25 DE AGOSTO DE 2022]]></Identifica>
    <Data><![CDATA[]]></Data>
    <Ementa />
    <Titulo />
    <SubTitulo />
    <Texto><![CDATA[<p class="identifica">PORTARIA Nº 711, DE 25 DE AGOSTO DE 2022</p><p>O Diretor-Presidente da Agência Nacional de Vigilância Sanitária, no uso das atribuições que lhe confere o art. 172, VI e o art. 203, III, 3º do Regimento Interno aprovado nos termos da Resolução da Diretoria Colegiada - RDC nº 585, de 10 de dezembro de 2021, resolve:</p><p>Exonerar, a pedido, o servidor ARTHUR LEONARDO LOPES DA SILVA, matrícula SIAPE nº 1492213, do cargo de Gerente, código CGE-IV, da Gerência de Gestão da Qualidade e Risco Sanitário em PAF, da Gerência-Geral de Portos, Aeroportos, Fronteiras e Recintos Alfandegados.</p><p class="assina">ANTONIO BARRA TORRES</p>]]></Texto>
  </body>
  <Midias />
</article></xml>