﻿<xml><article id="27737537" name="1603" idOficio="9057881" pubName="DO2" artType="Portaria" pubDate="30/08/2022" artClass="00007:00003:00000:00000:00000:00000:00000:00000:00000:00000:00017:00006" artCategory="Ministério da Agricultura, Pecuária e Abastecimento/Secretaria Executiva" artSize="12" artNotes="" numberPage="4" pdfPage="http://pesquisa.in.gov.br/imprensa/jsp/visualiza/index.jsp?data=30/08/2022&amp;jornal=529&amp;pagina=4" editionNumber="165" highlightType="" highlightPriority="" highlight="" highlightimage="" highlightimagename="" idMateria="19840703">
  <body>
    <Identifica><![CDATA[ PORTARIA DE PESSOAL SE/MAPA Nº 1.603, DE 25 DE AGOSTO DE 2022]]></Identifica>
    <Data><![CDATA[]]></Data>
    <Ementa />
    <Titulo />
    <SubTitulo />
    <Texto><![CDATA[<p class="identifica">PORTARIA DE PESSOAL SE/MAPA Nº 1.603, DE 25 DE AGOSTO DE 2022</p><p>O SECRETÁRIO EXECUTIVO DO MINISTÉRIO DA AGRICULTURA, PECUÁRIA E ABASTECIMENTO, no uso das atribuições que lhe conferem a Portaria nº 252, de 6 de novembro de 2019, e considerando o disposto no artigo 93, da Lei 8.112, de 11 de dezembro de 1990, regulamentado pelo Decreto 10.835, de 14 de outubro de 2021, publicado no Diário Oficial do dia seguinte, a Portaria ME nº 6.066, de 11 de julho de 2022, publicada no Diário Oficial da União de 13 de julho de 2022, e demais informações que constam do Processo SEI nº 21808.000073/2022-08, resolve:</p><p>Art. 1º Ceder o empregado público PAULO GUILHERME SALVADOR WADT, matrícula SIAPE nº 1340420, ocupante do emprego de Pesquisador - A, da Tabela de Pessoal da Empresa Brasileira de Pesquisa Agropecuária - EMBRAPA, para exercer o cargo em comissão de Coordenador, código DAS 101.3, da Coordenação Regional de Pesquisa e Inovação em Rondônia, da Coordenação-Geral Descentralizada de Pesquisa e Inovação, da Comissão Executiva do Plano da Lavoura Cacaueira, da Secretaria de Inovação, Desenvolvimento Sustentável e Irrigação, deste Ministério.</p><p>Art. 2º O ônus pelo salário é do órgão cedente</p><p>Art. 3º O empregado deverá apresentar-se imediatamente ao órgão cedente ao término da cessão, observado o disposto no art. 8º do Decreto nº 10.835, de 14 de outubro de 2021.</p><p>Art. 4º Torna-se sem efeito o disposto nesta Portaria caso o empregado não se apresente ao órgão cessionário no prazo de trinta dias.</p><p>Art. 5º Esta Portaria entra em vigor na data da sua publicação.</p><p class="assina">MÁRCIO ELI ALMEIDA LEANDRO</p>]]></Texto>
  </body>
  <Midias />
</article></xml>