﻿<xml><article id="27742156" name="Portaria designaAAo FUC01 ANTONI" idOficio="9058792" pubName="DO2" artType="Portaria" pubDate="30/08/2022" artClass="00018:00067:00009:00000:00000:00000:00000:00000:00000:00000:00017:00000" artCategory="Ministério da Educação/Instituto Federal de Educação, Ciência e Tecnologia do Rio Grande do Norte/Campus João Câmara" artSize="24" artNotes="" numberPage="60" pdfPage="http://pesquisa.in.gov.br/imprensa/jsp/visualiza/index.jsp?data=30/08/2022&amp;jornal=529&amp;pagina=60" editionNumber="165" highlightType="" highlightPriority="" highlight="" highlightimage="" highlightimagename="" idMateria="19841949">
  <body>
    <Identifica><![CDATA[ PORTARIA Nº 187, DE 7 DE JULHO DE 2022]]></Identifica>
    <Data><![CDATA[]]></Data>
    <Ementa />
    <Titulo />
    <SubTitulo />
    <Texto><![CDATA[<p class="identifica">PORTARIA Nº 187, DE 7 DE JULHO DE 2022</p><p>O DIRETOR-GERAL DO CAMPUS JOÃO CÂMARA DO INSTITUTO FEDERAL DE EDUCAÇÃO, CIÊNCIA E TECNOLOGIA DO RIO GRANDE DO NORTE, no uso de suas atribuições delegadas por meio da Portaria nº 310/2022-RE/IFRN, de 03 de março de 2022, publicada no Diário Oficial da União de 04 de março de 2022, e CONSIDERANDO o que consta no Processo n. 23134.001022.2022-91 de 25 de abril de 2022, resolve:</p><p>I - Designar, com efeitos a partir desta data, o servidor abaixo relacionado, pertencente ao Quadro Permanente deste Instituto Federal, para exercer a Função Comissionada de Coordenação de Curso - FCC, integrante da Estrutura Administrativa do Campus João Câmara, conforme especificado a seguir.</p><p /><p></p><table><tr /><tr><td rowspan="1" colspan="2"><p>SERVIDOR</p></td><td rowspan="1" colspan="3"><p>CARGO DE CONFIANÇA</p></td></tr><tr><td rowspan="1" colspan="1"><p>MATRÍCULA SIAPE</p></td><td rowspan="1" colspan="1"><p>NOME</p></td><td rowspan="1" colspan="1"><p>CÓDIGO</p></td><td rowspan="1" colspan="1"><p>DENOMINAÇÃO</p></td><td rowspan="1" colspan="1"><p>CADEIA HIERÁRQUICA</p></td></tr><tr><td rowspan="1" colspan="1"><p>1924307</p></td><td rowspan="1" colspan="1"><p>Antônio Martins Batista Neto</p></td><td rowspan="1" colspan="1"><p>FUC.01</p></td><td rowspan="1" colspan="1"><p>Coordenação do Curso Técnico em Eletrotécnica</p></td><td rowspan="1" colspan="1"><p>Diretoria Acadêmica - DIAC/JC</p></td></tr></table><p>II - DETERMINAR que seja assinado o Termo de Responsabilidade da carga patrimonial do cargo de confiança acima mencionado, no prazo máximo de cinco dias úteis.</p><p>III - Esta Portaria entra em vigor na data de sua publicação.</p><p class="assina">MATHEUS AUGUSTO AVELINO TAVARES</p>]]></Texto>
  </body>
  <Midias />
</article></xml>