﻿<xml><article id="27741832" name="Of. 366 - PORTARIA 613 - DISPENS" idOficio="9058749" pubName="DO2" artType="Portaria" pubDate="30/08/2022" artClass="00018:00145:00001:00000:00000:00000:00000:00000:00000:00000:00017:00006" artCategory="Ministério da Educação/Fundação Universidade Federal de Rondônia/Reitoria" artSize="12" artNotes="" numberPage="92" pdfPage="http://pesquisa.in.gov.br/imprensa/jsp/visualiza/index.jsp?data=30/08/2022&amp;jornal=529&amp;pagina=92" editionNumber="165" highlightType="" highlightPriority="" highlight="" highlightimage="" highlightimagename="" idMateria="19841873">
  <body>
    <Identifica><![CDATA[ PORTARIA Nº 613/GR/UNIR, DE 26 DE AGOSTO DE 2022]]></Identifica>
    <Data><![CDATA[]]></Data>
    <Ementa />
    <Titulo />
    <SubTitulo />
    <Texto><![CDATA[<p class="identifica">PORTARIA Nº 613/GR/UNIR, DE 26 DE AGOSTO DE 2022</p><p>A REITORA DA FUNDAÇÃO UNIVERSIDADE FEDERAL DE RONDÔNIA (UNIR), no uso das atribuições que lhe são conferidas mediante o artigo 7º da Lei nº 7.011, de 08 de julho de 1982; o artigo 11 do Estatuto da UNIR; o Decreto Presidencial publicado no DOU nº 221, de 19 de novembro de 2020, seção 2, p.1; e considerando o Processo nº 23118.008964/2022-06, resolve:</p><p>Art. 1º Dispensar o servidor docente ÉVERTON GALHOTI COELHO, SIAPE nº 3269954, da função de Vice-Chefe pro tempore do Departamento Acadêmico de Ciências Contábeis do Campus Prof. Francisco Gonçalves Quiles - Cacoal, a contar da publicação desta Portaria no Diário Oficial da União.</p><p>Art. 2º Designar o servidor docente ÉVERTON GALHOTI COELHO, SIAPE nº 3269954, para a função de Vice-Chefe do Departamento Acadêmico de Ciências Contábeis do Campus Prof. Francisco Gonçalves Quiles - Cacoal, Função Comissionada de Coordenação de Cursos (FCC), eleito para o mandato de 2 (dois) anos, a contar da publicação desta Portaria no Diário Oficial da União.</p><p>Art. 3º Esta portaria entrará em vigor a partir de sua publicação.</p><p class="assina">Marcele Regina Nogueira Pereira</p>]]></Texto>
  </body>
  <Midias />
</article></xml>