﻿<xml><article id="27731996" name="portaria__893QG7" idOficio="9056562" pubName="DO2" artType="Portaria" pubDate="30/08/2022" artClass="00018:00119:00001:00000:00000:00000:00000:00000:00000:00000:00017:00000" artCategory="Ministério da Educação/Universidade Federal de São Paulo/Secretaria da Reitoria" artSize="12" artNotes="" numberPage="85" pdfPage="http://pesquisa.in.gov.br/imprensa/jsp/visualiza/index.jsp?data=30/08/2022&amp;jornal=529&amp;pagina=85" editionNumber="165" highlightType="" highlightPriority="" highlight="" highlightimage="" highlightimagename="" idMateria="19839077">
  <body>
    <Identifica><![CDATA[ PORTARIA Nº 3.297, DE 23 DE AGOSTO DE 2022]]></Identifica>
    <Data><![CDATA[]]></Data>
    <Ementa />
    <Titulo />
    <SubTitulo />
    <Texto><![CDATA[<p class="identifica">PORTARIA Nº 3.297, DE 23 DE AGOSTO DE 2022</p><p>A Vice-reitora no exercício da Reitoria da Universidade Federal de São Paulo, no uso de suas atribuições legais e estatutárias, resolve:</p><p>Conceder o afastamento do país ao FELIPE CAMPOS KITAMURA, Médico lotado no Hospital Universitário-HSP/Departamento de Diagnóstico por Imagem, no período de 21/09/2022 à 26/09/2022, para participar do evento "CADI 2022 - CONGRESO ARGENTINO DE DIAGNÓSTICO POR IMAGENES", que será realizado em Bueno Aires, Argentina, com ônus limitado, (Processo n°. 23089.023629/2022-14).</p><p class="assina">RAIANE PATRÍCIA SEVERINO ASSUMPÇÃO</p>]]></Texto>
  </body>
  <Midias />
</article></xml>