﻿<xml><article id="27741844" name="Of. 363 - PORTARIA 604 - APOSENT" idOficio="9058749" pubName="DO2" artType="Portaria" pubDate="30/08/2022" artClass="00018:00145:00001:00000:00000:00000:00000:00000:00000:00000:00017:00003" artCategory="Ministério da Educação/Fundação Universidade Federal de Rondônia/Reitoria" artSize="12" artNotes="" numberPage="92" pdfPage="http://pesquisa.in.gov.br/imprensa/jsp/visualiza/index.jsp?data=30/08/2022&amp;jornal=529&amp;pagina=92" editionNumber="165" highlightType="" highlightPriority="" highlight="" highlightimage="" highlightimagename="" idMateria="19841875">
  <body>
    <Identifica><![CDATA[ PORTARIA Nº 604/GR/UNIR, DE 25 DE AGOSTO DE 2022]]></Identifica>
    <Data><![CDATA[]]></Data>
    <Ementa />
    <Titulo />
    <SubTitulo />
    <Texto><![CDATA[<p class="identifica">PORTARIA Nº 604/GR/UNIR, DE 25 DE AGOSTO DE 2022</p><p>A REITORA DA FUNDAÇÃO UNIVERSIDADE FEDERAL DE RONDÔNIA (UNIR), no uso das atribuições que lhe são conferidas mediante o artigo 7º da Lei nº 7.011, de 08 de julho de 1982; o artigo 11 do Estatuto da UNIR; o Decreto Presidencial, de 18/11/2020, publicado no DOU nº 221, de 19 de novembro de 2020, seção 2, p.1; considerando o processo nº 23118.007616/2022-11, resolve:</p><p>Art. 1º. Conceder aposentadoria compulsória, a partir de 20.07.2022, ao servidor RAIMUNDO JOSEDI RAMOS VELOSO, Matrícula SIAPE nº 0396788, ocupante do Cargo de Professor do Magistério Superior, lotado no Departamento Acadêmico de Ciências da Computação - Porto Velho, código de vaga nº 0396788, com fundamento legal no Art. 10, § 1º, inciso III, da EC nº 103/2019, Art. 40, § 1º, inciso II da CF/88 e pela Lei Complementar nº 152, de 03.12.15, com proventos proporcionais ao tempo de contribuição.</p><p>Art. 2º. Agradecer os bons serviços prestados à Universidade Federal de Rondônia, quando no exercício do cargo.</p><p>Art. 3º Esta Portaria entra em vigor na data de sua publicação.</p><p class="assina">Marcele Regina Nogueira Pereira</p>]]></Texto>
  </body>
  <Midias />
</article></xml>