﻿<xml><article id="27732107" name="InCom PR Portaria 038-2022" idOficio="9056180" pubName="DO2" artType="Portaria" pubDate="30/08/2022" artClass="00011:00044:00001:00000:00000:00000:00000:00000:00000:00000:00017:00000" artCategory="Ministério da Ciência, Tecnologia e Inovações/Comissão Nacional de Energia Nuclear/Gabinete" artSize="12" artNotes="" numberPage="8" pdfPage="http://pesquisa.in.gov.br/imprensa/jsp/visualiza/index.jsp?data=30/08/2022&amp;jornal=529&amp;pagina=8" editionNumber="165" highlightType="" highlightPriority="" highlight="" highlightimage="" highlightimagename="" idMateria="19837519">
  <body>
    <Identifica><![CDATA[ PORTARIA Nº 38, de 26 de agosto de 2022]]></Identifica>
    <Data><![CDATA[]]></Data>
    <Ementa />
    <Titulo />
    <SubTitulo />
    <Texto><![CDATA[<p class="identifica">PORTARIA Nº 38, de 26 de agosto de 2022</p><p>O PRESIDENTE DA COMISSÃO NACIONAL DE ENERGIA NUCLEAR (CNEN), no uso das atribuições conferidas pelo artigo 15, incisos I e V, do Anexo I, ao Decreto nº 8.886, publicado no Diário Oficial da União de 25 de outubro de 2016,</p><p>CONSIDERANDO o disposto no art. 93 da Lei nº 8.112, de 11 de dezembro de 1990, regulamentado pelo Decreto nº 10.835, de 14 de outubro de 2021, publicado no Diário Oficial da União de 15 seguinte, e, ainda, pelo art. 122 da Lei nº 12.529, de 30 de novembro de 2011, e demais informações que constam do processo nº 01341.003326/2022-12, resolve:</p><p>Art. 1° Disponibilizar, por força de requisição, o servidor Jamil Araújo Machado, matrícula nº 2183716, pertencente ao Quadro de Pessoal da Comissão Nacional de Energia Nuclear, para exercício no Conselho Administrativo de Defesa Econômica.</p><p>Art. 2º O ônus pela remuneração é do órgão requisitado.</p><p>Art. 3º Torna-se sem efeito o disposto nesta Portaria caso o servidor não se apresente ao órgão requisitante no prazo de trinta dias.</p><p>Art. 4º Esta Portaria entra em vigor na data da sua publicação.</p><p class="assina">PAULO ROBERTO PERTUSI</p>]]></Texto>
  </body>
  <Midias />
</article></xml>