﻿<xml><article id="27735424" name="PORTARIA NA 337" idOficio="9057406" pubName="DO2" artType="Portaria" pubDate="30/08/2022" artClass="00015:00065:00000:00000:00000:00000:00000:00000:00000:00000:00017:00337" artCategory="Ministério da Economia/Fundação Escola Nacional de Administração Pública" artSize="12" artNotes="" numberPage="46" pdfPage="http://pesquisa.in.gov.br/imprensa/jsp/visualiza/index.jsp?data=30/08/2022&amp;jornal=529&amp;pagina=46" editionNumber="165" highlightType="" highlightPriority="" highlight="" highlightimage="" highlightimagename="" idMateria="19840105">
  <body>
    <Identifica><![CDATA[ PORTARIA Nº 337, DE 26 DE AGOSTO DE 2022]]></Identifica>
    <Data><![CDATA[]]></Data>
    <Ementa />
    <Titulo />
    <SubTitulo />
    <Texto><![CDATA[<p class="identifica">PORTARIA Nº 337, DE 26 DE AGOSTO DE 2022</p><p>O PRESIDENTE DA FUNDAÇÃO ESCOLA NACIONAL DE ADMINISTRAÇÃO PÚBLICA - ENAP, no uso das atribuições que lhe confere o Estatuto aprovado pelo Decreto nº 10.369, de 22 de maio de 2020, resolve:</p><p>Art. 1º Designar LUDIMILA OLIVEIRA DOS SANTOS para exercer a função de Assistente Técnico da Assessoria de Relações Institucionais desta Fundação, código FCE 2.06.</p><p>Art. 2º Esta Portaria entra em vigor na data de sua publicação.</p><p class="assina">DIOGO G. R. COSTA</p>]]></Texto>
  </body>
  <Midias />
</article></xml>