﻿<xml><article id="27739780" name="ATO PORTARIA DE PESSOAL SECEX 17" idOficio="9058344" pubName="DO2" artType="Portaria" pubDate="30/08/2022" artClass="00022:00002:00000:00000:00000:00000:00000:00000:00000:00000:00017:00002" artCategory="Ministério do Meio Ambiente/Secretaria Executiva" artSize="12" artNotes="" numberPage="106" pdfPage="http://pesquisa.in.gov.br/imprensa/jsp/visualiza/index.jsp?data=30/08/2022&amp;jornal=529&amp;pagina=106" editionNumber="165" highlightType="" highlightPriority="" highlight="" highlightimage="" highlightimagename="" idMateria="19841332">
  <body>
    <Identifica><![CDATA[ PORTARIA DE PESSOAL SECEX/MMA Nº 171, DE 24 DE AGOSTO DE 2022]]></Identifica>
    <Data><![CDATA[]]></Data>
    <Ementa />
    <Titulo />
    <SubTitulo />
    <Texto><![CDATA[<p class="identifica">PORTARIA DE PESSOAL SECEX/MMA Nº 171, DE 24 DE AGOSTO DE 2022</p><p>O SECRETÁRIO-EXECUTIVO DO MINISTÉRIO DO MEIO AMBIENTE, no uso da competência que lhe foi delegada pela Portaria MMA nº 385, de 12 de agosto de 2021, publicada em 13 de agosto de 2021, e considerando o disposto no art. 38 da Lei nº 8.112/1990 de 11 de dezembro de 1990, com a nova redação dada pela Lei nº 9.527, de 10 de dezembro de 1997, publicada no Diário Oficial da União de 11 de dezembro de 1997, resolve:</p><p>Dispensar DANILLO ALMEIDA DOS SANTOS, Matrícula SIAPE nº 1719650, do encargo de substituto eventual da Função Comissionada do Poder Executivo de Coordenador de Projeto, código FCPE 103.3, do Departamento do Sistema Nacional do Meio Ambiente, da Secretaria Executiva.</p><p class="assina">FELIPE RIBEIRO DE MELLO</p>]]></Texto>
  </body>
  <Midias />
</article></xml>