﻿<xml><article id="27737633" name="7770" idOficio="9057898" pubName="DO2" artType="Portaria" pubDate="30/08/2022" artClass="00018:00111:00017:00000:00000:00000:00000:00000:00000:00000:00017:00004" artCategory="Ministério da Educação/Universidade Federal do Rio de Janeiro/Pró-Reitoria de Pessoal" artSize="12" artNotes="" numberPage="79" pdfPage="http://pesquisa.in.gov.br/imprensa/jsp/visualiza/index.jsp?data=30/08/2022&amp;jornal=529&amp;pagina=79" editionNumber="165" highlightType="" highlightPriority="" highlight="" highlightimage="" highlightimagename="" idMateria="19840733">
  <body>
    <Identifica><![CDATA[ PORTARIA Nº 7.770, DE 24 DE AGOSTO DE 2022]]></Identifica>
    <Data><![CDATA[]]></Data>
    <Ementa />
    <Titulo />
    <SubTitulo />
    <Texto><![CDATA[<p class="identifica">PORTARIA Nº 7.770, DE 24 DE AGOSTO DE 2022</p><p>O Pró-Reitor de Pessoal, no uso da competência delegada pela Reitora da Universidade Federal do Rio de Janeiro, através da Portaria nº 10.120 de 16 de dezembro de 2021, publicada no Diário Oficial da União de 17 de dezembro de 2021, resolve:</p><p>Art. 1º Nomear, em caráter efetivo, nos termos do artigo 9º, inciso I, da Lei 8.112, de 11 de dezembro de 1990, os candidatos abaixo relacionados no regime de trabalho de 40 (quarenta) horas semanais, no cargo de Assistente em Administração - Geral, habilitado em Concurso Público homologado pela Portaria 482 de 29 de junho de 2022- DOU 122 de 30 de junho de 2022.</p><p>Código da vaga - D-001 - Assistente em Administração Geral - Rio de Janeiro</p><p /><p></p><table><tr /><tr><td rowspan="1" colspan="1"><p>Nome dos candidatos</p></td><td rowspan="1" colspan="1"><p>Processo</p></td><td rowspan="1" colspan="1"><p>Código de vaga</p></td></tr><tr><td rowspan="1" colspan="1"><p>NICOLAS MATHEUS FERREIRA PEREIRA</p></td><td rowspan="1" colspan="1"><p>23079.230196/2022-71</p></td><td rowspan="1" colspan="1"><p>278495</p></td></tr><tr><td rowspan="1" colspan="1"><p>GABRIELA DEL CARMEN SARASA URIBE</p></td><td rowspan="1" colspan="1"><p>23079.230306/2022-02</p></td><td rowspan="1" colspan="1"><p>286387</p></td></tr><tr><td rowspan="1" colspan="1"><p>ANDRÉ GUSTAVO GOMES DA SILVA</p></td><td rowspan="1" colspan="1"><p>23079.230203/2022-34</p></td><td rowspan="1" colspan="1"><p>279133</p></td></tr><tr><td rowspan="1" colspan="1"><p>THAÍS ALPOIM SOARES</p></td><td rowspan="1" colspan="1"><p>23079.230205/2022-23</p></td><td rowspan="1" colspan="1"><p>278965</p></td></tr><tr><td rowspan="1" colspan="1"><p>TIAGO MATIAS DA SILVA</p></td><td rowspan="1" colspan="1"><p>23079.230207/2022-12</p></td><td rowspan="1" colspan="1"><p>289030</p></td></tr><tr><td rowspan="1" colspan="1"><p>LEANDRO MIGUEL SILVA DA COSTA</p></td><td rowspan="1" colspan="1"><p>23079.230208/2022-67</p></td><td rowspan="1" colspan="1"><p>280440</p></td></tr><tr><td rowspan="1" colspan="1"><p>JUAN VICTOR ROCHA DE MESQUITA</p></td><td rowspan="1" colspan="1"><p>23079.230211/2022-81</p></td><td rowspan="1" colspan="1"><p>280582</p></td></tr><tr><td rowspan="1" colspan="1"><p>UANDERSON LOPES BRANDÃO</p></td><td rowspan="1" colspan="1"><p>23079.230212/2022-25</p></td><td rowspan="1" colspan="1"><p>283463</p></td></tr><tr><td rowspan="1" colspan="1"><p>BRUNA GABRIELLE FRANÇA DA SILVA BRANDÃO</p></td><td rowspan="1" colspan="1"><p>23079.230213/2022-70</p></td><td rowspan="1" colspan="1"><p>279069</p></td></tr><tr><td rowspan="1" colspan="1"><p>MARLLON DE SOUZA CUNHA</p></td><td rowspan="1" colspan="1"><p>23079.230214/2022-14</p></td><td rowspan="1" colspan="1"><p>285498</p></td></tr><tr><td rowspan="1" colspan="1"><p>GLEDYSON MAX FLORIANO DE OLIVEIRA</p></td><td rowspan="1" colspan="1"><p>23079.230215/2022-69</p></td><td rowspan="1" colspan="1"><p>284310</p></td></tr><tr><td rowspan="1" colspan="1"><p>DEBORA CRISTINA DE ALMEIDA VIANA</p></td><td rowspan="1" colspan="1"><p>23079.230309/2022-38</p></td><td rowspan="1" colspan="1"><p>280783</p></td></tr><tr><td rowspan="1" colspan="1"><p>ISABELLE LINS TARANTO BARBOSA</p></td><td rowspan="1" colspan="1"><p>23079.230220/2022-71</p></td><td rowspan="1" colspan="1"><p>290653</p></td></tr><tr><td rowspan="1" colspan="1"><p>EDUARDO FREIRE NOUGA</p></td><td rowspan="1" colspan="1"><p>23079.230221/2022-16</p></td><td rowspan="1" colspan="1"><p>290813</p></td></tr><tr><td rowspan="1" colspan="1"><p>LARISSA BARBOSA DE OLIVEIRA</p></td><td rowspan="1" colspan="1"><p>23079.230222/2022-61</p></td><td rowspan="1" colspan="1"><p>281465</p></td></tr><tr><td rowspan="1" colspan="1"><p>LEONARDO LUIS SILVEIRA FONSECA</p></td><td rowspan="1" colspan="1"><p>23079.230225/2022-02</p></td><td rowspan="1" colspan="1"><p>281435</p></td></tr><tr><td rowspan="1" colspan="1"><p>IOSICLEI WAGNER PINHEIRO</p></td><td rowspan="1" colspan="1"><p>23079.230227/2022-93</p></td><td rowspan="1" colspan="1"><p>282320</p></td></tr><tr><td rowspan="1" colspan="1"><p>LÍVIA MARIA DA COSTA SILVA</p></td><td rowspan="1" colspan="1"><p>23079.230229/2022-82</p></td><td rowspan="1" colspan="1"><p>291728</p></td></tr><tr><td rowspan="1" colspan="1"><p>DIEGO DA SILVEIRA CEH</p></td><td rowspan="1" colspan="1"><p>23079.230230/2022-15</p></td><td rowspan="1" colspan="1"><p>279945</p></td></tr><tr><td rowspan="1" colspan="1"><p>WILSON BRAGA DE MELLO JUNIOR</p></td><td rowspan="1" colspan="1"><p>23079.230232/2022-04</p></td><td rowspan="1" colspan="1"><p>280434</p></td></tr><tr><td rowspan="1" colspan="1"><p>DANIELLE DA GAMA PEÇANHA</p></td><td rowspan="1" colspan="1"><p>23079.230402/2022-42</p></td><td rowspan="1" colspan="1"><p>290415</p></td></tr><tr><td rowspan="1" colspan="1"><p>THIAGO HENRIQUE BALBOA FONTES</p></td><td rowspan="1" colspan="1"><p>23079.230234/2022-95</p></td><td rowspan="1" colspan="1"><p>283764</p></td></tr><tr><td rowspan="1" colspan="1"><p>MARCOS AURELIO DIAS OLIVEIRA</p></td><td rowspan="1" colspan="1"><p>23079.230236/2022-84</p></td><td rowspan="1" colspan="1"><p>290055</p></td></tr><tr><td rowspan="1" colspan="1"><p>FÁBIO PORTUGAL DOS SANTOS SILVA</p></td><td rowspan="1" colspan="1"><p>23079.230237/2022-29</p></td><td rowspan="1" colspan="1"><p>278700</p></td></tr><tr><td rowspan="1" colspan="1"><p>DJALMA SILVA PEREIRA</p></td><td rowspan="1" colspan="1"><p>23079.230238/2022-73</p></td><td rowspan="1" colspan="1"><p>286869</p></td></tr><tr><td rowspan="1" colspan="1"><p>PAULO VITOR DA SILVA FLORENÇO</p></td><td rowspan="1" colspan="1"><p>23079.230239/2022-18</p></td><td rowspan="1" colspan="1"><p>281210</p></td></tr><tr><td rowspan="1" colspan="1"><p>MARIA EDUARDA DOS SANTOS MIRANDA</p></td><td rowspan="1" colspan="1"><p>23079.230240/2022-42</p></td><td rowspan="1" colspan="1"><p>281221</p></td></tr><tr><td rowspan="1" colspan="1"><p>FABIANO ALVES LISBOA</p></td><td rowspan="1" colspan="1"><p>23079.230242/2022-31</p></td><td rowspan="1" colspan="1"><p>290009</p></td></tr><tr><td rowspan="1" colspan="1"><p>RODOLFO DA VEIGA LUCAS</p></td><td rowspan="1" colspan="1"><p>23079.230244/2022-21</p></td><td rowspan="1" colspan="1"><p>278516</p></td></tr><tr><td rowspan="1" colspan="1"><p>DIENIFER DE CRESCI BARBOSA</p></td><td rowspan="1" colspan="1"><p>23079.230245/2022-75</p></td><td rowspan="1" colspan="1"><p>288917</p></td></tr><tr><td rowspan="1" colspan="1"><p>MAIKON VINÍCIUS RODRIGUES DA SILVA</p></td><td rowspan="1" colspan="1"><p>23079.230246/2022-10</p></td><td rowspan="1" colspan="1"><p>279140</p></td></tr><tr><td rowspan="1" colspan="1"><p>INGRID TAVARES GUIMARÃES</p></td><td rowspan="1" colspan="1"><p>23079.230247/2022-64</p></td><td rowspan="1" colspan="1"><p>278359</p></td></tr><tr><td rowspan="1" colspan="1"><p>DANILLO CARVALHO RIBEIRO</p></td><td rowspan="1" colspan="1"><p>23079.230248/2022-17</p></td><td rowspan="1" colspan="1"><p>281369</p></td></tr><tr><td rowspan="1" colspan="1"><p>YURI PINHEIRO DA CUNHA</p></td><td rowspan="1" colspan="1"><p>23079.230250/2022-88</p></td><td rowspan="1" colspan="1"><p>290905</p></td></tr><tr><td rowspan="1" colspan="1"><p>LETÍCIA BARROS ALEXANDRINO</p></td><td rowspan="1" colspan="1"><p>23079.230251/2022-22</p></td><td rowspan="1" colspan="1"><p>291074</p></td></tr><tr><td rowspan="1" colspan="1"><p>ANDERSON DA SILVA OLIVEIRA</p></td><td rowspan="1" colspan="1"><p>23079.230252/2022-77</p></td><td rowspan="1" colspan="1"><p>288821</p></td></tr><tr><td rowspan="1" colspan="1"><p>YNGRID CRISTINA LIMA TAVARES</p></td><td rowspan="1" colspan="1"><p>23079.230253/2022-11</p></td><td rowspan="1" colspan="1"><p>279912</p></td></tr><tr><td rowspan="1" colspan="1"><p>MATHEUS CAMPELLO PAES LEME PIMENTEL BAPTISTA</p></td><td rowspan="1" colspan="1"><p>23079.230254/2022-66</p></td><td rowspan="1" colspan="1"><p>279635</p></td></tr><tr><td rowspan="1" colspan="1"><p>JULIANA DA SILVA CARDOSO GONÇALVES</p></td><td rowspan="1" colspan="1"><p>23079.230255/2022-19</p></td><td rowspan="1" colspan="1"><p>285670</p></td></tr><tr><td rowspan="1" colspan="1"><p>BÁRBARA TAVARES ARAÚJO DA SILVA</p></td><td rowspan="1" colspan="1"><p>23079.230256/2022-55</p></td><td rowspan="1" colspan="1"><p>285979</p></td></tr><tr><td rowspan="1" colspan="1"><p>ELIAS FIRMINO DA SILVA JUNIOR</p></td><td rowspan="1" colspan="1"><p>23079.230305/2022-50</p></td><td rowspan="1" colspan="1"><p>287021</p></td></tr><tr><td rowspan="1" colspan="1"><p>DOUGLAS DA ROCHA COFFONE</p></td><td rowspan="1" colspan="1"><p>23079.230258/2022-44</p></td><td rowspan="1" colspan="1"><p>280462</p></td></tr><tr><td rowspan="1" colspan="1"><p>VITOR LOPES BRANDÃO</p></td><td rowspan="1" colspan="1"><p>23079.230259/2022-99</p></td><td rowspan="1" colspan="1"><p>302683</p></td></tr><tr><td rowspan="1" colspan="1"><p>MOISÉS DE CASTRO CALDAS</p></td><td rowspan="1" colspan="1"><p>23079.230260/2022-13</p></td><td rowspan="1" colspan="1"><p>283459</p></td></tr><tr><td rowspan="1" colspan="1"><p>RENATA NASCIMENTO BARBOSA BRANDAO</p></td><td rowspan="1" colspan="1"><p>23079.230261/2022-68</p></td><td rowspan="1" colspan="1"><p>868193</p></td></tr><tr><td rowspan="1" colspan="1"><p>ULA CRISTINA DE LIMA SARMENTO VILELA</p></td><td rowspan="1" colspan="1"><p>23079.230262/2022-11</p></td><td rowspan="1" colspan="1"><p>868206</p></td></tr><tr><td rowspan="1" colspan="1"><p>DANIEL ALVES SIMÕES ROSA</p></td><td rowspan="1" colspan="1"><p>23079.230233/2022-41</p></td><td rowspan="1" colspan="1"><p>868190</p></td></tr><tr><td rowspan="1" colspan="1"><p>RENAN SPERANZA NARDIN</p></td><td rowspan="1" colspan="1"><p>23079.230264/2022-00</p></td><td rowspan="1" colspan="1"><p>901782</p></td></tr><tr><td rowspan="1" colspan="1"><p>VILMA ALVES DA SILVA</p></td><td rowspan="1" colspan="1"><p>23079.230266/2022-91</p></td><td rowspan="1" colspan="1"><p>868694</p></td></tr><tr><td rowspan="1" colspan="1"><p>FIDEL CARLOS SAAD ALVES</p></td><td rowspan="1" colspan="1"><p>23079.230267/2022-35</p></td><td rowspan="1" colspan="1"><p>867294</p></td></tr><tr><td rowspan="1" colspan="1"><p>MICHEL YURI RODRIGUES ROCHA PEREIRA</p></td><td rowspan="1" colspan="1"><p>23079.230268/2022-80</p></td><td rowspan="1" colspan="1"><p>608869</p></td></tr><tr><td rowspan="1" colspan="1"><p>KARINY DA SILVA BARBOSA</p></td><td rowspan="1" colspan="1"><p>23079.230269/2022-24</p></td><td rowspan="1" colspan="1"><p>867356</p></td></tr><tr><td rowspan="1" colspan="1"><p>RENATA MATTOS DE ALMEIDA LIMA</p></td><td rowspan="1" colspan="1"><p>23079.230271/2022-01</p></td><td rowspan="1" colspan="1"><p>868330</p></td></tr><tr><td rowspan="1" colspan="1"><p>YURI DE OLIVEIRA PITTA</p></td><td rowspan="1" colspan="1"><p>23079.230272/2022-48</p></td><td rowspan="1" colspan="1"><p>867303</p></td></tr><tr><td rowspan="1" colspan="1"><p>URIEL GOMES DE CARVALHO</p></td><td rowspan="1" colspan="1"><p>23079.230274/2022-37</p></td><td rowspan="1" colspan="1"><p>215471</p></td></tr><tr><td rowspan="1" colspan="1"><p>ANA LUIZA NASCIMENTO MAIA</p></td><td rowspan="1" colspan="1"><p>23079.230275/2022-81</p></td><td rowspan="1" colspan="1"><p>595439</p></td></tr><tr><td rowspan="1" colspan="1"><p>VICTOR LORETE DA SILVA BRANCO</p></td><td rowspan="1" colspan="1"><p>23079.230276/2022-26</p></td><td rowspan="1" colspan="1"><p>257030</p></td></tr><tr><td rowspan="1" colspan="1"><p>GABRIEL MENDANHA DE LOIOLA</p></td><td rowspan="1" colspan="1"><p>23079.230277/2022-71</p></td><td rowspan="1" colspan="1"><p>608885</p></td></tr><tr><td rowspan="1" colspan="1"><p>FABIO PEREIRA LYRA</p></td><td rowspan="1" colspan="1"><p>23079.230278/2022-15</p></td><td rowspan="1" colspan="1"><p>901785</p></td></tr><tr><td rowspan="1" colspan="1"><p>PATRICIA DA CUNHA MOURA</p></td><td rowspan="1" colspan="1"><p>23079.230279/2022-60</p></td><td rowspan="1" colspan="1"><p>867318</p></td></tr><tr><td rowspan="1" colspan="1"><p>FILIPE ANTONIO DOS SANTOS VIEGAS RIBEIRO</p></td><td rowspan="1" colspan="1"><p>23079.230280/2022-94</p></td><td rowspan="1" colspan="1"><p>868191</p></td></tr><tr><td rowspan="1" colspan="1"><p>MARIA CLARA CAMARGO VILAS BOAS</p></td><td rowspan="1" colspan="1"><p>23079.230281/2022-39</p></td><td rowspan="1" colspan="1"><p>290304</p></td></tr><tr><td rowspan="1" colspan="1"><p>VITOR MADUREIRA BRITTO</p></td><td rowspan="1" colspan="1"><p>23079.230282/2022-83</p></td><td rowspan="1" colspan="1"><p>286637</p></td></tr><tr><td rowspan="1" colspan="1"><p>JOÃO PAULO NORONHA MOREIRA</p></td><td rowspan="1" colspan="1"><p>23079.230283/2022-28</p></td><td rowspan="1" colspan="1"><p>278674</p></td></tr><tr><td rowspan="1" colspan="1"><p>ROSIANE CRISTINA PEREIRA DE CARVALHO</p></td><td rowspan="1" colspan="1"><p>23079.230284/2022-72</p></td><td rowspan="1" colspan="1"><p>290827</p></td></tr><tr><td rowspan="1" colspan="1"><p>MIGUEL DE ALBUQUERQUE PINTO</p></td><td rowspan="1" colspan="1"><p>23079.230285/2022-17</p></td><td rowspan="1" colspan="1"><p>283139</p></td></tr><tr><td rowspan="1" colspan="1"><p>BÁRBARA DAMASIO DOS REIS</p></td><td rowspan="1" colspan="1"><p>23079.230287/2022-14</p></td><td rowspan="1" colspan="1"><p>288557</p></td></tr><tr><td rowspan="1" colspan="1"><p>FELIPE REGINALDO TEIXEIRA DA SILVA E SILVA</p></td><td rowspan="1" colspan="1"><p>23079.230288/2022-51</p></td><td rowspan="1" colspan="1"><p>291881</p></td></tr><tr><td rowspan="1" colspan="1"><p>ELDER DE SOUZA NOGUEIRA</p></td><td rowspan="1" colspan="1"><p>23079.230289/2022-03</p></td><td rowspan="1" colspan="1"><p>280940</p></td></tr><tr><td rowspan="1" colspan="1"><p>LEANDRO MONTENEGRO FRANÇA SANTOS</p></td><td rowspan="1" colspan="1"><p>23079.230293/2022-63</p></td><td rowspan="1" colspan="1"><p>280007</p></td></tr><tr><td rowspan="1" colspan="1"><p>ANA PAULA BORELLI DAVID</p></td><td rowspan="1" colspan="1"><p>23079.230294/2022-16</p></td><td rowspan="1" colspan="1"><p>282082</p></td></tr><tr><td rowspan="1" colspan="1"><p>PATRÍCIA SOUZA DA SILVA</p></td><td rowspan="1" colspan="1"><p>23079.230296/2022-05</p></td><td rowspan="1" colspan="1"><p>278698</p></td></tr><tr><td rowspan="1" colspan="1"><p>MAIKE BRANA DA TRINDADE</p></td><td rowspan="1" colspan="1"><p>23079.230298/2022-96</p></td><td rowspan="1" colspan="1"><p>286255</p></td></tr><tr><td rowspan="1" colspan="1"><p>AÍDA ANDRADE REIS</p></td><td rowspan="1" colspan="1"><p>23079.230299/2022-31</p></td><td rowspan="1" colspan="1"><p>280713</p></td></tr><tr><td rowspan="1" colspan="1"><p>LEONARDO CÉSAR ALBERNAZ DA MATTA</p></td><td rowspan="1" colspan="1"><p>23079.230300/2022-27</p></td><td rowspan="1" colspan="1"><p>280883</p></td></tr><tr><td rowspan="1" colspan="1"><p>THAÍS NASCIMENTO OLIVEIRA</p></td><td rowspan="1" colspan="1"><p>23079.230301/2022-71</p></td><td rowspan="1" colspan="1"><p>286201</p></td></tr><tr><td rowspan="1" colspan="1"><p>BEATRIZ WERNECK ALBUQUERQUE FRANKLIN</p></td><td rowspan="1" colspan="1"><p>23079.230302/2022-16</p></td><td rowspan="1" colspan="1"><p>287113</p></td></tr><tr><td rowspan="1" colspan="1"><p>GUILHERME NOGUEIRA LINS DE ALBUQUERQUE</p></td><td rowspan="1" colspan="1"><p>23079.234847/2022-00</p></td><td rowspan="1" colspan="1"><p>289150</p></td></tr><tr><td rowspan="1" colspan="1"><p>FERNANDO FILIPE DE ARAUJO LIMA</p></td><td rowspan="1" colspan="1"><p>23079.234850/2022-15</p></td><td rowspan="1" colspan="1"><p>286677</p></td></tr></table><p>Código da vaga - D-002 - Assistente em Administração Geral - Macaé</p><p /><p></p><table><tr /><tr><td rowspan="1" colspan="1"><p>Nome dos candidatos</p></td><td rowspan="1" colspan="1"><p>Processo</p></td><td rowspan="1" colspan="1"><p>Código de vaga</p></td></tr><tr><td rowspan="1" colspan="1"><p>PATRICIA ALEXANDRE RICARDO</p></td><td rowspan="1" colspan="1"><p>23079.230197/2022-15</p></td><td rowspan="1" colspan="1"><p>278496</p></td></tr><tr><td rowspan="1" colspan="1"><p>PEDRO HENRIQUE PINHEIRO DE SOUZA</p></td><td rowspan="1" colspan="1"><p>23079.234272/2022-17</p></td><td rowspan="1" colspan="1"><p>279170</p></td></tr><tr><td rowspan="1" colspan="1"><p>NATHANA SANTOS REIS</p></td><td rowspan="1" colspan="1"><p>23079.234283/2022-05</p></td><td rowspan="1" colspan="1"><p>290038</p></td></tr></table><p>Código da vaga - D-003 - Assistente em Administração Geral - Duque de Caxias</p><p /><p></p><table><tr /><tr><td rowspan="1" colspan="1"><p>Nome dos candidatos</p></td><td rowspan="1" colspan="1"><p>Processo</p></td><td rowspan="1" colspan="1"><p>Código de vaga</p></td></tr><tr><td rowspan="1" colspan="1"><p>FABIO SILVA DE OLIVEIRA</p></td><td rowspan="1" colspan="1"><p>23079.230200/2022-09</p></td><td rowspan="1" colspan="1"><p>286402</p></td></tr></table><p>Art. 2º A lotação do candidato ocorrerá no ato da posse.</p><p>Art. 3º A posse do(a) nomeado(a) dar-se-á no prazo de 30 (trinta) dias contados da publicação desta no DOU.</p><p class="assina">Karla da Rocha Rodrigues Simas</p><p class="cargo">Substituta</p>]]></Texto>
  </body>
  <Midias />
</article></xml>