﻿<xml><article id="27734809" name="Portaria vacancia PEDRO CARNEIRO" idOficio="9057261" pubName="DO2" artType="Portaria" pubDate="30/08/2022" artClass="00014:00043:00000:00000:00000:00000:00000:00000:00000:00000:00017:00000" artCategory="Ministério do Desenvolvimento Regional/Departamento Nacional de Obras Contra as Secas" artSize="12" artNotes="" numberPage="31" pdfPage="http://pesquisa.in.gov.br/imprensa/jsp/visualiza/index.jsp?data=30/08/2022&amp;jornal=529&amp;pagina=31" editionNumber="165" highlightType="" highlightPriority="" highlight="" highlightimage="" highlightimagename="" idMateria="19839915">
  <body>
    <Identifica><![CDATA[ PORTARIA Nº 211/DG, DE 25 DE AGOSTO DE 2022]]></Identifica>
    <Data><![CDATA[]]></Data>
    <Ementa />
    <Titulo />
    <SubTitulo />
    <Texto><![CDATA[<p class="identifica">PORTARIA Nº 211/DG, DE 25 DE AGOSTO DE 2022</p><p>O DIRETOR-GERAL DO DEPARTAMENTO NACIONAL DE OBRAS CONTRA AS SECAS, no exercício de suas atribuições legais, previstas no Art. 68, Inciso VIII, do Anexo I, da Portaria nº 43/2017/DG/GAB, de 31 de janeiro de 2017 e no Art. 9° da Portaria n° 730 MDR, de 25/03/2020, e tendo em vista o que consta no processo n° 59400.005128/2022-13, resolve:</p><p>Declarar vago, a contar de 24 de agosto de 2022, o cargo efetivo de Administrador, código de vaga 585826, Classe C, Padrão I, ocupado pelo servidor PEDRO CARNEIRO KOLB, matrícula SIAPE nº 1789220, em virtude de posse em outro cargo inacumulável, conforme previsto no Art. 33, inciso VIII, da Lei nº 8.112/90.</p><p class="assina">FERNANDO MARCONDES DE ARAÚJO LEÃO</p>]]></Texto>
  </body>
  <Midias />
</article></xml>