﻿<xml><article id="27742577" name="PORTARIA NA 2.127 DE 26 DE AGOST" idOficio="9058873" pubName="DO2" artType="Portaria" pubDate="30/08/2022" artClass="00024:00001:00000:00000:00000:00000:00000:00000:00000:00000:00017:02127" artCategory="Ministério da Mulher, da Família e dos Direitos Humanos/Gabinete da Ministra" artSize="12" artNotes="" numberPage="110" pdfPage="http://pesquisa.in.gov.br/imprensa/jsp/visualiza/index.jsp?data=30/08/2022&amp;jornal=529&amp;pagina=110" editionNumber="165" highlightType="" highlightPriority="" highlight="" highlightimage="" highlightimagename="" idMateria="19842045">
  <body>
    <Identifica><![CDATA[ PORTARIA Nº 2.127, DE 26 DE AGOSTO DE 2022]]></Identifica>
    <Data><![CDATA[]]></Data>
    <Ementa />
    <Titulo />
    <SubTitulo />
    <Texto><![CDATA[<p class="identifica">PORTARIA Nº 2.127, DE 26 DE AGOSTO DE 2022</p><p>A MINISTRA DE ESTADO DA MULHER, DA FAMÍLIA E DOS DIREITOS HUMANOS, no uso da atribuição que lhe confere o parágrafo único do art. 87 da Constituição, e considerando o disposto no art. 3º do Decreto nº 9.893, de 27 de junho de 2019, resolve:</p><p>Art. 1º A Portaria nº 3.294, de 20 de setembro de 2021, publicada no Diário Oficial da União de 21 de setembro de 2021, passa a vigorar com as seguintes alterações:</p><p>"Art. 2º ....................................................................</p><p>.................................................................................</p><p>VI - pelo Ministério do Desenvolvimento Regional:</p><p>a) titular: Felipe Bragança Itaborahy, CPF: 012.071.071-40; e</p><p>b) suplente: Daniel Masiero, CPF: 296.418.628-63.</p><p>Art. 3º ......................................................................</p><p>.................................................................................</p><p>III - pela Confederação Nacional das Instituições Financeiras - CNF:</p><p>a) titular: Marcelo Machado da Silva, CPF: 045.490.301-43; e</p><p>........................................................................" (NR)</p><p>Art. 2º Esta Portaria entra em vigor na data de sua publicação.</p><p class="assina">CRISTIANE RODRIGUES BRITTO</p>]]></Texto>
  </body>
  <Midias />
</article></xml>