﻿<xml><article id="27737588" name="Port. PES - 6762" idOficio="9057888" pubName="DO2" artType="Portaria" pubDate="30/08/2022" artClass="00018:00100:00011:00000:00000:00000:00000:00000:00000:00000:00017:00002" artCategory="Ministério da Educação/Universidade Federal de Minas Gerais/Departamento de Administração de Pessoal" artSize="12" artNotes="" numberPage="73" pdfPage="http://pesquisa.in.gov.br/imprensa/jsp/visualiza/index.jsp?data=30/08/2022&amp;jornal=529&amp;pagina=73" editionNumber="165" highlightType="" highlightPriority="" highlight="" highlightimage="" highlightimagename="" idMateria="19840719">
  <body>
    <Identifica><![CDATA[ PORTARIA Nº 6.762, DE 22 DE AGOSTO DE 2022]]></Identifica>
    <Data><![CDATA[]]></Data>
    <Ementa />
    <Titulo />
    <SubTitulo />
    <Texto><![CDATA[<p class="identifica">PORTARIA Nº 6.762, DE 22 DE AGOSTO DE 2022</p><p>A Diretora-Geral do Departamento de Administração de Pessoal da Universidade Federal de Minas Gerais, no uso de suas atribuições, e tendo em vista a documentação que consta no Processo n.° 23072.228942/2022-26, resolve:</p><p>Art. 1º Conceder pensão a Ednéa Moysés, irmã da ex-servidora aposentada Edith Moysés, ocupante do cargo de Professor do Magistério Superior, Classe B, com denominação de Professor Assistente, Nível 02, matricula Siape 0319765, do quadro de pessoal desta Universidade Federal de Minas Gerais, falecida em 12/05/2022, com fundamento no inciso IX do art. 3º da Portaria SGP/SEDGG/ME Nº 4645, de 24 de maio de 2022, c/c o art. 217 da Lei nº 8.112, de 11 de dezembro de 1990, e ou art. 23 da Emenda Constitucional nº 103, de 12 de novembro de 2019.</p><p>Art. 2º Os efeitos desta Portaria entram em vigor em 12/05/2022, data do óbito da ex-servidora.</p><p class="assina">SAIURI SOARES MUNIZ MARQUES</p>]]></Texto>
  </body>
  <Midias />
</article></xml>