﻿<xml><article id="27741292" name="PP20220548" idOficio="9058645" pubName="DO2" artType="Portaria" pubDate="30/08/2022" artClass="00019:00034:00000:00000:00000:00000:00000:00000:00000:00000:00013:00003" artCategory="Ministério da Infraestrutura/Agência Nacional de Aviação Civil" artSize="12" artNotes="" numberPage="98" pdfPage="http://pesquisa.in.gov.br/imprensa/jsp/visualiza/index.jsp?data=30/08/2022&amp;jornal=529&amp;pagina=98" editionNumber="165" highlightType="" highlightPriority="" highlight="" highlightimage="" highlightimagename="" idMateria="19841723">
  <body>
    <Identifica><![CDATA[ PORTARIA DE PESSOAL Nº 548, DE 22 DE AGOSTO DE 2022]]></Identifica>
    <Data><![CDATA[]]></Data>
    <Ementa />
    <Titulo />
    <SubTitulo />
    <Texto><![CDATA[<p class="identifica">PORTARIA DE PESSOAL Nº 548, DE 22 DE AGOSTO DE 2022</p><p>O DIRETOR-PRESIDENTE DA AGÊNCIA NACIONAL DE AVIAÇÃO CIVIL - ANAC, no uso das atribuições que lhe conferem os arts. 16 da Lei nº 11.182, de 27 de setembro de 2005, e 35, inciso II, do Anexo I do Decreto nº 5.731, de 20 de março de 2006, tendo em vista o Regimento Interno, aprovado pela Resolução nº 381, de 14 de junho de 2016, e considerando o que consta do processo nº 00058.046116/2022-43, deliberado e aprovado na 28ª Reunião Administrativa Eletrônica da Diretoria Colegiada, realizada nos dias 15 a 19 de agosto de 2022, resolve:</p><p>Nomear PRISCILLA BRITO SILVA VIEIRA, matrícula SIAPE nº 1509403, para exercer o Cargo em Comissão de Gerente Técnico de Assessoramento, código CGE IV, da Superintendência de Regulação Econômica de Aeroportos desta Agência, em Brasília (DF), ficando exonerada do Cargo Comissionado que atualmente ocupa.</p><p class="assina">JULIANO ALCÂNTARA NOMAN</p>]]></Texto>
  </body>
  <Midias />
</article></xml>