﻿<xml><article id="27735019" name="P7NOVAIGUACU44E45" idOficio="9057314" pubName="DO2" artType="Portaria" pubDate="30/08/2022" artClass="00015:00045:00432:00099:00011:00000:00000:00000:00000:00000:00017:00000" artCategory="Ministério da Economia/Secretaria Especial da Receita Federal do Brasil/Subsecretaria-Geral da Receita Federal do Brasil/Superintendência Regional da 7ª Região Fiscal/Delegacia da Receita Federal do Brasil em Nova Iguaçu" artSize="12" artNotes="" numberPage="45" pdfPage="http://pesquisa.in.gov.br/imprensa/jsp/visualiza/index.jsp?data=30/08/2022&amp;jornal=529&amp;pagina=45" editionNumber="165" highlightType="" highlightPriority="" highlight="" highlightimage="" highlightimagename="" idMateria="19839974">
  <body>
    <Identifica><![CDATA[ PORTARIAS DE PESSOAL DRF/NIU, DE 23 DE AGOSTO DE 2022]]></Identifica>
    <Data><![CDATA[]]></Data>
    <Ementa />
    <Titulo />
    <SubTitulo />
    <Texto><![CDATA[<p class="identifica">PORTARIAS DE PESSOAL DRF/NIU, DE 23 DE AGOSTO DE 2022</p><p>O DELEGADO DA RECEITA FEDERAL DO BRASIL EM NOVA IGUAÇU, no uso da competência que lhe foi subdelegada pelo art. 4º da Portaria RFB nº 56, de 16 de agosto de 2021, publicada no D.O.U. nº 155, de 17 de agosto de 2021, e tendo em vista o que consta no dossiê nº 13113.269655/2022-99, resolve:</p><p>Nº 44 - Dispensar o Analista-Tributário da Receita Federal do Brasil JAIR ADRIANO DA SILVA, matrícula SiapeCad nº 01296611, matrícula SIAPE nº 1540834, do encargo de Substituto Eventual do Agente da Agência da Receita Federal do Brasil em Teresópolis, jurisdicionada à Delegacia da Receita Federal do Brasil em Nova Iguaçu, código DAS-101.1.</p><p>Nº 45 - Designar o Analista-Tributário da Receita Federal do Brasil MARCOS VENÍCIO FERREIRA GUIMARÃES, matrícula SiapeCad nº 00057369, matrícula SIAPE nº 1180797, para exercer o encargo de Substituto Eventual do Agente da Agência da Receita Federal do Brasil em Teresópolis, jurisdicionada à Delegacia da Receita Federal do Brasil em Nova Iguaçu, código DAS-101.1.</p><p class="assina">LUIZ CARLOS DE ARAÚJO</p>]]></Texto>
  </body>
  <Midias />
</article></xml>