﻿<xml><article id="27740739" name="PORTARIA 1067-2022" idOficio="9058553" pubName="DO2" artType="Portaria" pubDate="30/08/2022" artClass="00020:00002:00000:00000:00000:00000:00000:00000:00000:00000:00017:00004" artCategory="Ministério da Justiça e Segurança Pública/Secretaria Executiva" artSize="12" artNotes="" numberPage="101" pdfPage="http://pesquisa.in.gov.br/imprensa/jsp/visualiza/index.jsp?data=30/08/2022&amp;jornal=529&amp;pagina=101" editionNumber="165" highlightType="" highlightPriority="" highlight="" highlightimage="" highlightimagename="" idMateria="19841582">
  <body>
    <Identifica><![CDATA[ PORTARIA DE PESSOAL SE/MJSP Nº 1.067, DE 25 DE AGOSTO DE 2022]]></Identifica>
    <Data><![CDATA[]]></Data>
    <Ementa />
    <Titulo />
    <SubTitulo />
    <Texto><![CDATA[<p class="identifica">PORTARIA DE PESSOAL SE/MJSP Nº 1.067, DE 25 DE AGOSTO DE 2022</p><p>O SECRETÁRIO-EXECUTIVO DO MINISTÉRIO DA JUSTIÇA E SEGURANÇA PÚBLICA, no uso da competência que lhe foi subdelegada pela Portaria MJSP nº 443, de 24 de novembro de 2021, e tendo em vista o disposto no Decreto nº 1.387, de 7 de fevereiro de 1995, e no Decreto nº 10.193, de 27 de dezembro de 2019, resolve:</p><p>Autorizar que se afaste do País, com ônus, o Delegado de Polícia Federal AMILCAR SCHULTE MAFRA, lotado na Delegacia de Polícia Federal em Ponta Grossa da Superintendência Regional de Polícia Federal no Paraná, para participar de Mestrado na Universidade da Polícia Nacional Coreana, em Asan, Coreia do Sul, no período de 25 de agosto de 2022 a 3 de setembro de 2024, inclusive trânsito (Processo nº 08125.000484/2022-14).</p><p class="assina">ANTONIO RAMIREZ LORENZO</p>]]></Texto>
  </body>
  <Midias />
</article></xml>