﻿<xml><article id="27733112" name="Port. 594 - ATQ47 - SONIA DOS SA" idOficio="9056795" pubName="DO2" artType="Portaria" pubDate="30/08/2022" artClass="00018:00117:00012:00007:00000:00000:00000:00000:00000:00000:00017:00001" artCategory="Ministério da Educação/Universidade Federal de Santa Catarina/Pró-Reitoria de Desenvolvimento e Gestão de Pessoas/Departamento de Administração de Pessoal" artSize="12" artNotes="" numberPage="84" pdfPage="http://pesquisa.in.gov.br/imprensa/jsp/visualiza/index.jsp?data=30/08/2022&amp;jornal=529&amp;pagina=84" editionNumber="165" highlightType="" highlightPriority="" highlight="" highlightimage="" highlightimagename="" idMateria="19839346">
  <body>
    <Identifica><![CDATA[ PORTARIA Nº 594, DE 26 DE AGOSTO DE 2022]]></Identifica>
    <Data><![CDATA[]]></Data>
    <Ementa />
    <Titulo />
    <SubTitulo />
    <Texto><![CDATA[<p class="identifica">PORTARIA Nº 594, DE 26 DE AGOSTO DE 2022</p><p>A Diretora do Departamento de Administração de Pessoal da Universidade Federal de Santa Catarina, no uso de suas atribuições, resolve:</p><p>Aposentar SONIA DOS SANTOS SILVA, matrícula SIAPE 1159983, código de vaga nº 691654, ocupante do cargo de TÉCNICO EM ENFERMAGEM DO TRABALHO, nível de classificação D, nível de capacitação 4, padrão de vencimento 16, no regime de trabalho de 40 (quarenta) horas semanais, da carreira técnico-administrativa da Universidade Federal de Santa Catarina, nos termos do Art. 3º, incisos I a III e parágrafo único da Emenda Constitucional nº 47 de 05 de julho de 2005, combinado com o § 1º do Art. 3º da Emenda Constitucional nº 103, de 13 de novembro de 2019, com proventos integrais, incorporando 05% (cinco por cento) de adicional por tempo de serviço (Processo nº 23080.013127/2022-65).</p><p class="assina">DAUANA BERNDT INÁCIO</p>]]></Texto>
  </body>
  <Midias />
</article></xml>