﻿<xml><article id="27738890" name="PT GABAER 1.072 GC1 2022" idOficio="9058149" pubName="DO2" artType="Portaria" pubDate="30/08/2022" artClass="00013:00010:00001:00006:00000:00000:00000:00000:00000:00000:00017:00013" artCategory="Ministério da Defesa/Comando da Aeronáutica/Gabinete do Comandante/Assessoria de Recursos Humanos" artSize="12" artNotes="" numberPage="16" pdfPage="http://pesquisa.in.gov.br/imprensa/jsp/visualiza/index.jsp?data=30/08/2022&amp;jornal=529&amp;pagina=16" editionNumber="165" highlightType="" highlightPriority="" highlight="" highlightimage="" highlightimagename="" idMateria="19841084">
  <body>
    <Identifica><![CDATA[ PORTARIA GABAER Nº 1.072/GC1, DE 26 DE AGOSTO DE 2022]]></Identifica>
    <Data><![CDATA[]]></Data>
    <Ementa />
    <Titulo />
    <SubTitulo />
    <Texto><![CDATA[<p class="identifica">PORTARIA GABAER Nº 1.072/GC1, DE 26 DE AGOSTO DE 2022</p><p>O COMANDANTE DA AERONÁUTICA, de acordo com os arts. 2º, 3º, inciso II, e 5º do Decreto nº 10.973, de 18 de fevereiro de 2022, e o que consta do Processo nº 60430.000108/2022-88 e nº 67000.006728/2022-30, resolve</p><p>Designar para o Serviço Ativo, em caráter transitório, para atender a necessidade do serviço e aceitação voluntária, o Coronel Aviador R/1 MAURO IDO (Nr Ord 1840568), no Ministério da Defesa, a partir do dia 30 de agosto de 2022, pelo prazo de 36 meses, na forma da ICA 33-12/2008, aprovada pela Portaria n° 431/GC1, de 17 de junho de 2008, e alterada pelas Portarias n° 144/GC3, de 11 de março de 2010 e n° 524/GC3, de 23 de agosto de 2012.</p><p class="assina">Ten Brig Ar CARLOS DE ALMEIDA BAPTISTA JUNIOR</p>]]></Texto>
  </body>
  <Midias />
</article></xml>