﻿<xml><article id="27742369" name="Afastamento do paAs - 25.08.2022" idOficio="9058816" pubName="DO2" artType="Despacho" pubDate="30/08/2022" artClass="00015:00040:00000:00000:00000:00000:00000:00000:00000:00000:00013:00006" artCategory="Ministério da Economia/Secretaria Especial de Comércio Exterior e Assuntos Internacionais" artSize="12" artNotes="" numberPage="34" pdfPage="http://pesquisa.in.gov.br/imprensa/jsp/visualiza/index.jsp?data=30/08/2022&amp;jornal=529&amp;pagina=34" editionNumber="165" highlightType="" highlightPriority="" highlight="" highlightimage="" highlightimagename="" idMateria="19841983">
  <body>
    <Identifica><![CDATA[ DESPACHO de 25 de Agosto de 2022]]></Identifica>
    <Data><![CDATA[]]></Data>
    <Ementa />
    <Titulo />
    <SubTitulo />
    <Texto><![CDATA[<p class="identifica">DESPACHO de 25 de Agosto de 2022</p><p>A SECRETÁRIA ESPECIAL SUBSTITUTA DE COMÉRCIO EXTERIOR E ASSUNTOS INTERNACIONAIS DO MINISTÉRIO DA ECONOMIA, tendo em vista o art. 2º do Decreto nº 1.387, de 7 de fevereiro de 1995, e do Decreto nº 10.193, de 27 de dezembro de 2019, e no uso da competência que lhe foi delegada pela Portaria ME nº 7.081, de 9 de agosto de 2022, autoriza o afastamento do País de:</p><p>LORENA SAMPAIO BARROS, Analista de Comércio Exterior da Secretaria de Comércio Exterior, no período de 10 a 25 de setembro de 2022, inclusive trânsito, com ônus, a fim de participar da Verificação in loco, no âmbito da investigação da prática de dumping nas exportações para o Brasil de batatas congeladas, que será realizada na cidade de Wielsbeke, Bélgica. (Processo SEI n° 19972.101315/2022-28).</p><p>RAQUEL PINHEIRO FERREIRA, Analista de Comércio Exterior da Secretaria de Comércio Exterior, no período de 10 a 25 de setembro de 2022, inclusive trânsito, com ônus, a fim de participar da Verificação in loco, no âmbito da investigação da prática de dumping nas exportações para o Brasil de batatas congeladas, que será realizada na cidade de Wielsbeke, Bélgica. (Processo SEI n° 19972.101315/2022-28).</p><p>MARCO AURÉLIO DOS SANTOS ROCHA, Secretário de Assuntos Econômicos Internacionais da Secretaria de Assuntos Econômicos Internacionais, no período de 08 a 17 de outubro de 2022, inclusive trânsito, com ônus, a fim de participar das Reuniões Anuais do Grupo Banco Mundial e Fundo Monetário Internacional, que serão realizadas em Washington, EUA. (Processo SEI nº 12120.100581/2022-15).</p><p class="assina">VIVIANE VECCHI MENDES MÜLLER</p>]]></Texto>
  </body>
  <Midias />
</article></xml>