﻿<xml><article id="27732062" name="PT597DIAT_30-08" idOficio="7307162" pubName="DO2" artType="Portaria" pubDate="30/08/2022" artClass="00027:00051:00081:00275:00005:00000:00000:00000:00000:00000:00017:00597" artCategory="Ministério do Trabalho e Previdência/Instituto Nacional do Seguro Social/Diretoria de Gestão de Pessoas/Coordenação-Geral de Centralização do Regime Próprio de Previdência da União/Divisão de Atendimento do RPPU" artSize="12" artNotes="" numberPage="122" pdfPage="http://pesquisa.in.gov.br/imprensa/jsp/visualiza/index.jsp?data=30/08/2022&amp;jornal=529&amp;pagina=122" editionNumber="165" highlightType="" highlightPriority="" highlight="" highlightimage="" highlightimagename="" idMateria="14770151">
  <body>
    <Identifica><![CDATA[ PORTARIA DIAT-RPPU/INSS Nº 597, DE 29 DE JUNHO DE 2022]]></Identifica>
    <Data><![CDATA[]]></Data>
    <Ementa />
    <Titulo />
    <SubTitulo />
    <Texto><![CDATA[<p class="identifica">PORTARIA DIAT-RPPU/INSS Nº 597, DE 29 DE JUNHO DE 2022</p><p>A CHEFE DA DIVISÃO DE ATENDIMENTO DO REGIME PRÓPRIO DE PREVIDÊNCIA DA UNIÃO, da Coordenação-Geral de Centralização do RPPU, da Diretoria de Gestão de Pessoas do INSS, no uso das atribuições e a delegação de competência estabelecida pela PORTARIA DGP/INSS Nº 05 de 18/04/2022, publicada em BSE de 19/04/2022 e na PORTARIA PRES/INSS Nº 500 de 01/04/2022 publicada em DOU nº 64 de 04/04/2022 , resolve:</p><p>Conceder aposentadoria voluntária ao servidor JOSE PAULO DA SILVA, matrícula SIAPE 0258610, ocupante do cargo de Técnico do Seguro Social, Classe S, Padrão IV, do quadro de pessoal permanente do Instituto Nacional do Seguro Social, com fundamento no Artigo 20, § 2º, inciso I da Emenda Constitucional nº 103, de 2019 (Regra de Transição), com proventos integrais calculados com base na remuneração do servidor no cargo efetivo em que se der a aposentadoria e demais vantagens a que faz jus, na forma da lei. Observado o contido no processo SEI nº 35014.196565/2022-22 e Protocolo de Requerimento GET 2053626671 do MEU INSS, declarando, em consequência, o referido cargo vago.</p><p>Esta portaria entra em vigor na data de sua publicação.</p><p class="assina">ANÁLIA TÂMARA CÂMARA SANTOS LEMOS</p>]]></Texto>
  </body>
  <Midias />
</article></xml>