﻿<xml><article id="27739404" name="PORTARIA CHOC-EMCFA-MD NA 4445" idOficio="9058263" pubName="DO2" artType="Portaria" pubDate="30/08/2022" artClass="00013:00034:00007:00000:00000:00000:00000:00000:00000:00000:00017:00001" artCategory="Ministério da Defesa/Estado-Maior Conjunto das Forças Armadas/Chefia de Operações Conjuntas" artSize="12" artNotes="" numberPage="29" pdfPage="http://pesquisa.in.gov.br/imprensa/jsp/visualiza/index.jsp?data=30/08/2022&amp;jornal=529&amp;pagina=29" editionNumber="165" highlightType="" highlightPriority="" highlight="" highlightimage="" highlightimagename="" idMateria="19841230">
  <body>
    <Identifica><![CDATA[ PORTARIA CHOC/EMCFA-MD  Nº 4.445, DE 18 DE AGOSTO DE 2022]]></Identifica>
    <Data><![CDATA[]]></Data>
    <Ementa />
    <Titulo />
    <SubTitulo />
    <Texto><![CDATA[<p class="identifica">PORTARIA CHOC/EMCFA-MD Nº 4.445, DE 18 DE AGOSTO DE 2022</p><p>O CHEFE DE OPERAÇÕES CONJUNTAS, no uso da competência subdelegada pelo Ministro da Defesa, de acordo com o inciso VIII do art. 1 <sup>o</sup> da Portaria n <sup>o</sup> 1.561/GM-MD, de 25 de março de 2022, e considerando o Despacho n <sup>o</sup> 46/APOG/CEMCFA/EMCFA-MD, de 4 de abril de 2022, do Processo n <sup>o</sup> 60000.003296/2022-66, resolve:</p><p>Designar o Capitão do Exército Brasileiro THIAGO BRANDÃO WUNDERLICH, pertencente ao Centro Conjunto de Operações de Paz do Brasil (CCOPAB), para o Curso "National Investigation Officer", em colaboração com o "Integrated Training Services (ITS)" e a sede da ONU, a ser realizado em Camberra, Austrália, no período de 22 de setembro a 9 de outubro de 2022, incluindo o trânsito, com ônus total para o Ministério da Defesa.</p><p>A missão acima é considerada eventual e de natureza militar, estando enquadrada na alínea "c" do inciso I e na alínea "b" do inciso II do art. 3º, combinado com o Parágrafo único do art. 11 da Lei nº 5.809, de 10 de outubro de 1972, regulamentada pelo Decreto nº 71.733, de 18 de janeiro de 1973, e suas alterações.</p><p class="assina">Gen Ex JOSÉ EDUARDO PEREIRA</p>]]></Texto>
  </body>
  <Midias />
</article></xml>