﻿<xml><article id="27740306" name="Portaria de Pessoal nA 566 de 25" idOficio="9058467" pubName="DO2" artType="Portaria" pubDate="30/08/2022" artClass="00019:00002:00000:00000:00000:00000:00000:00000:00000:00000:00017:00013" artCategory="Ministério da Infraestrutura/Secretaria Executiva" artSize="12" artNotes="" numberPage="96" pdfPage="http://pesquisa.in.gov.br/imprensa/jsp/visualiza/index.jsp?data=30/08/2022&amp;jornal=529&amp;pagina=96" editionNumber="165" highlightType="" highlightPriority="" highlight="" highlightimage="" highlightimagename="" idMateria="19841469">
  <body>
    <Identifica><![CDATA[ Portaria de Pessoal nº 566, de 25 de agosto de 2022]]></Identifica>
    <Data><![CDATA[]]></Data>
    <Ementa />
    <Titulo />
    <SubTitulo />
    <Texto><![CDATA[<p class="identifica">Portaria de Pessoal nº 566, de 25 de agosto de 2022</p><p>O SECRETÁRIO EXECUTIVO DO MINISTÉRIO DA INFRAESTRUTURA, no uso da competência que lhe foi subdelegada nos termos do art. 13, inciso I, da Portaria nº 46, de 11 de março de 2021, publicada no DOU de 12 de março de 2021, e considerando o disposto no Decreto nº 10.788, de 6 de setembro de 2021, resolve:</p><p>Exonerar ROBERTA CARMO XIMENES, CPF nº 698.***.***-15, matrícula SIAPE nº 3256511, do cargo comissionado de Chefe de Serviço, código DAS 101.1, do Gabinete da Secretaria Executiva deste Ministério.</p><p class="assina">BRUNO EUSTÁQUIO FERREIRA CASTRO DE CARVALHO</p>]]></Texto>
  </body>
  <Midias />
</article></xml>