﻿<xml><article id="27739626" name="PORTARIA TERMO DE RENANCIA" idOficio="9058312" pubName="DO2" artType="Portaria" pubDate="30/08/2022" artClass="00007:00003:00037:00000:00000:00000:00000:00000:00000:00000:00017:00000" artCategory="Ministério da Agricultura, Pecuária e Abastecimento/Secretaria Executiva/Superintendência Federal de Agricultura, Pecuária e Abastecimento da Paraíba" artSize="12" artNotes="" numberPage="5" pdfPage="http://pesquisa.in.gov.br/imprensa/jsp/visualiza/index.jsp?data=30/08/2022&amp;jornal=529&amp;pagina=5" editionNumber="165" highlightType="" highlightPriority="" highlight="" highlightimage="" highlightimagename="" idMateria="19841288">
  <body>
    <Identifica><![CDATA[ PORTARIA Nº 69, DE 24 DE AGOSTO DE 2022]]></Identifica>
    <Data><![CDATA[]]></Data>
    <Ementa />
    <Titulo />
    <SubTitulo />
    <Texto><![CDATA[<p class="identifica">PORTARIA Nº 69, DE 24 DE AGOSTO DE 2022</p><p>O SUPERINTENDENTE FEDERAL DE AGRICULTURA, PECUÁRIA E ABASTECIMENTO NO ESTADO DA PARAÍBA no uso da atribuição que lhe foi delegada pelo artigo 292, do Regimento Interno das Superintendências Federais de Agricultura, Pecuária e Abastecimento, aprovado pela Portaria Ministerial nº 1.393, de 21 de agosto de 2018, publicada no DOU de 23 de agosto de 2018, resolve:</p><p>Acolher e homologar, com efeitos a partir de 16 de agosto de 2022, a renúncia à pensão formulada por IRACEMA BRITO GOMES, matrícula no SIAPE 6713815, beneficiária do instituidor OLÍMPIO VIEIRA GOMES, ex-servidor do quadro de pessoal deste Ministério, concedida por meio da Portaria nº 30 de 29 de março de 2022, publicada no Diário Oficial da União do dia 31 de março de 2022. (Processo: 21032.003321/2022-82).</p><p class="assina">LÚCIO AURÉLIO BRAGA MATOS</p>]]></Texto>
  </body>
  <Midias />
</article></xml>