﻿<xml><article id="27733252" name="FNDE2_PORTARIA NA 474 DE 26 DE A" idOficio="9056826" pubName="DO2" artType="Portaria" pubDate="30/08/2022" artClass="00018:00042:00000:00000:00000:00000:00000:00000:00000:00000:00017:00474" artCategory="Ministério da Educação/Fundo Nacional de Desenvolvimento da Educação" artSize="12" artNotes="" numberPage="50" pdfPage="http://pesquisa.in.gov.br/imprensa/jsp/visualiza/index.jsp?data=30/08/2022&amp;jornal=529&amp;pagina=50" editionNumber="165" highlightType="" highlightPriority="" highlight="" highlightimage="" highlightimagename="" idMateria="19839379">
  <body>
    <Identifica><![CDATA[ PORTARIA Nº 474, DE 26 DE AGOSTO DE 2022]]></Identifica>
    <Data><![CDATA[]]></Data>
    <Ementa />
    <Titulo />
    <SubTitulo />
    <Texto><![CDATA[<p class="identifica">PORTARIA Nº 474, DE 26 DE AGOSTO DE 2022</p><p>O PRESIDENTE DO FUNDO NACIONAL DE DESENVOLVIMENTO DA EDUCAÇÃO-FNDE, no uso das competências que lhe são conferidas pelo art. 15 do anexo I do Decreto nº 9.007, de 20 de março de 2017, publicado no DOU de 21 de março de 2017, e tendo em vista o disposto nos arts. 143, 148 e 152 da Lei nº 8.112, de 11 de dezembro de 1990, resolve:</p><p>Art. 1º Prorrogar os trabalhos da Comissão de Processo Administrativo Disciplinar, instituída pela portaria n° 24, de 10 de dezembro de 2019, publicada no D.O.U n° 239, seção2, p.22 de 11/12/2019, referente ao Processo nº 23002.000983/2019-88, ante as razões apresentadas no Ofício nº 21994/2022/Cpad024_2019/Coger/Gabin-FNDE, de 26 de agosto de 2022.</p><p>Art. 2º Fica estabelecido o prazo de 60 (sessenta) dias para realização dos trabalhos.</p><p>Art. 3º Esta Portaria entra em vigor na data de sua publicação.</p><p class="assina">MARCELO LOPES DA PONTE</p>]]></Texto>
  </body>
  <Midias />
</article></xml>