﻿<xml><article id="27731990" name="Portaria_IFG_2022_2232" idOficio="9056576" pubName="DO2" artType="Portaria" pubDate="30/08/2022" artClass="00018:00056:00001:00000:00000:00000:00000:00000:00000:00000:00017:00005" artCategory="Ministério da Educação/Instituto Federal de Educação, Ciência e Tecnologia de Goiás/Chefia de Gabinete da Reitoria" artSize="12" artNotes="" numberPage="54" pdfPage="http://pesquisa.in.gov.br/imprensa/jsp/visualiza/index.jsp?data=30/08/2022&amp;jornal=529&amp;pagina=54" editionNumber="165" highlightType="" highlightPriority="" highlight="" highlightimage="" highlightimagename="" idMateria="19839092">
  <body>
    <Identifica><![CDATA[ PORTARIA Nº 2.232 - REITORIA/IFG, DE 26 DE AGOSTO DE 2022]]></Identifica>
    <Data><![CDATA[]]></Data>
    <Ementa />
    <Titulo />
    <SubTitulo />
    <Texto><![CDATA[<p class="identifica">PORTARIA Nº 2.232 - REITORIA/IFG, DE 26 DE AGOSTO DE 2022</p><p>O Reitor Substituto do Instituto Federal de Educação, Ciência e Tecnologia de Goiás (IFG), nomeado pela Portaria 1696/2021 - REITORIA/IFG, de 8 de outubro de 2021, publicada no Diário Oficial da União de 13/10/2021, no uso de suas atribuições legais e regimentais considerando o que consta no Processo nº 23373.003615/2022-79, resolve:</p><p>Art. 1º Rescindir, a pedido, o contrato de trabalho da servidora PATRICIA ROCHA DE OLIVEIRA FRANCELINO, ocupante do cargo de Professor EBTT Substituto, SIAPE nº 3969157, lotado(a) no(a) Diretoria-Geral do Câmpus Goiânia, a partir de 23 de agosto de 2022.</p><p class="assina">Jose Carlos Barros Silva</p>]]></Texto>
  </body>
  <Midias />
</article></xml>