﻿<xml><article id="27740029" name="PORTARIA 1060-2022" idOficio="9058402" pubName="DO2" artType="Portaria" pubDate="30/08/2022" artClass="00020:00002:00000:00000:00000:00000:00000:00000:00000:00000:00017:00001" artCategory="Ministério da Justiça e Segurança Pública/Secretaria Executiva" artSize="12" artNotes="" numberPage="100" pdfPage="http://pesquisa.in.gov.br/imprensa/jsp/visualiza/index.jsp?data=30/08/2022&amp;jornal=529&amp;pagina=100" editionNumber="165" highlightType="" highlightPriority="" highlight="" highlightimage="" highlightimagename="" idMateria="19841397">
  <body>
    <Identifica><![CDATA[ PORTARIA DE PESSOAL SE/MJSP Nº 1.060, DE 24 DE AGOSTO DE 2022]]></Identifica>
    <Data><![CDATA[]]></Data>
    <Ementa />
    <Titulo />
    <SubTitulo />
    <Texto><![CDATA[<p class="identifica">PORTARIA DE PESSOAL SE/MJSP Nº 1.060, DE 24 DE AGOSTO DE 2022</p><p>O SECRETÁRIO-EXECUTIVO DO MINISTÉRIO DA JUSTIÇA E SEGURANÇA PÚBLICA, no uso da competência que lhe foi subdelegada pela Portaria MJSP nº 443, de 24 de novembro de 2021, e tendo em vista o disposto no Decreto nº 1.387, de 7 de fevereiro de 1995, e no Decreto nº 10.193, de 27 de dezembro de 2019, resolve:</p><p>Autorizar que se afaste do País, com ônus, o Delegado de Polícia Federal RODRIGO SOARES VALENTE, lotado na Delegacia de Controle de Armas e Produtos Químicos da Delegacia Regional Executiva da Superintendência Regional de Polícia Federal no Rio de Janeiro, com o objetivo de realizar Viagens de Estudo Internacional, no âmbito do Curso de Altos Estudos de Política e Estratégia - CAEPE 2022 da Escola Superior de Guerra - ESG, nas cidades de Madri, Espanha e de Lisboa, Portugal, no período de 17 a 24 de setembro de 2022, inclusive trânsito (Processo nº 08455.009739/2022-64).</p><p class="assina">ANTONIO RAMIREZ LORENZO</p>]]></Texto>
  </body>
  <Midias />
</article></xml>