﻿<xml><article id="27743224" name="ATO GDGSET 515_2022_A CONTAR DE " idOficio="9058951" pubName="DO2" artType="Ato" pubDate="30/08/2022" artClass="00047:00005:00009:00000:00000:00000:00000:00000:00000:00000:00001:00515" artCategory="Poder Judiciário/Tribunal Superior do Trabalho/Secretaria" artSize="12" artNotes="" numberPage="138" pdfPage="http://pesquisa.in.gov.br/imprensa/jsp/visualiza/index.jsp?data=30/08/2022&amp;jornal=529&amp;pagina=138" editionNumber="165" highlightType="" highlightPriority="" highlight="" highlightimage="" highlightimagename="" idMateria="19842182">
  <body>
    <Identifica><![CDATA[ ATO Nº 515, DE 26 DE AGOSTO DE 2022]]></Identifica>
    <Data><![CDATA[]]></Data>
    <Ementa />
    <Titulo />
    <SubTitulo />
    <Texto><![CDATA[<p class="identifica">ATO Nº 515, DE 26 DE AGOSTO DE 2022</p><p>O DIRETOR-GERAL DA SECRETARIA DO TRIBUNAL SUPERIOR DO TRABALHO, no uso de suas atribuições legais e regulamentares,</p><p>considerando o constante do memorando nº 196, de 25/8/2022, da Escola Nacional de Formação da Magistratura do Trabalho, resolve:</p><p>1 - Dispensar o servidor RODOLPHO CAITANO DA SILVA BANDEIRA, código 58584, Técnico Judiciário, Área Administrativa, da função comissionada de Assistente 6, Nível FC-6, da Coordenadoria Administrativa da Escola Nacional de Formação da Magistratura do Trabalho.</p><p>2 - Designar o servidor JOSE VALMIR SANTOS FILHO, código 39847, Analista Judiciário, Área Administrativa, para exercer a função comissionada de Assistente 6, Nível FC-6, da Coordenadoria Administrativa da Escola Nacional de Formação da Magistratura do Trabalho.</p><p class="assina">GUSTAVO CARIBÉ DE CARVALHO</p>]]></Texto>
  </body>
  <Midias />
</article></xml>