﻿<xml><article id="27737702" name="Manuel da Luz" idOficio="9057908" pubName="DO2" artType="Portaria" pubDate="30/08/2022" artClass="00013:00012:00033:00005:00000:00000:00000:00000:00000:00000:00017:00000" artCategory="Ministério da Defesa/Comando da Marinha/Secretaria-Geral/Diretoria de Abastecimento" artSize="12" artNotes="" numberPage="28" pdfPage="http://pesquisa.in.gov.br/imprensa/jsp/visualiza/index.jsp?data=30/08/2022&amp;jornal=529&amp;pagina=28" editionNumber="165" highlightType="" highlightPriority="" highlight="" highlightimage="" highlightimagename="" idMateria="19840748">
  <body>
    <Identifica><![CDATA[ PORTARIA Nº 103/DAbM, DE 26 DE AGOSTO DE 2022]]></Identifica>
    <Data><![CDATA[]]></Data>
    <Ementa />
    <Titulo />
    <SubTitulo />
    <Texto><![CDATA[<p class="identifica">PORTARIA Nº 103/DAbM, DE 26 DE AGOSTO DE 2022</p><p>O DIRETOR DE ABASTECIMENTO DA MARINHA, no uso das atribuições que lhe confere o inciso V do art. 7º da Portaria nº 28/SGM, de 1º de julho de 2021, e tendo em vista o previsto no inciso III, alínea b, § 1º, do art. 3º da Lei nº 6.880/1980 e o contido nas Normas sobre Tarefa por Tempo Certo e Designação para o Serviço Ativo (DGPM-314 - 6ª Revisão - Mod. 4), resolve:</p><p>Art. 1º Dispensar, "a pedido", a partir de 16 de setembro de 2022, o SO-RM1-PL 86.3908.81 MANOEL DA LUZ SOBRINHO FILHO, da prestação de Tarefa por Tempo Certo, previsto na Portaria nº 153, de 31 de agosto de 2021, desta Diretoria, de acordo com o contido na alínea a, do inciso 2.7.1 da DGPM-314 (6ª Revisão - Mod. 4).</p><p>Art. 2º Esta Portaria entra em vigor a partir de 16 de setembro de 2022.</p><p class="assina">Vice-Almirante (IM) WAGNER CORREA DOS SANTOS</p>]]></Texto>
  </body>
  <Midias />
</article></xml>