﻿<xml><article id="27732161" name="Portaria_IFG_2022_2233" idOficio="9056615" pubName="DO2" artType="Portaria" pubDate="30/08/2022" artClass="00018:00056:00001:00000:00000:00000:00000:00000:00000:00000:00017:00006" artCategory="Ministério da Educação/Instituto Federal de Educação, Ciência e Tecnologia de Goiás/Chefia de Gabinete da Reitoria" artSize="12" artNotes="" numberPage="54" pdfPage="http://pesquisa.in.gov.br/imprensa/jsp/visualiza/index.jsp?data=30/08/2022&amp;jornal=529&amp;pagina=54" editionNumber="165" highlightType="" highlightPriority="" highlight="" highlightimage="" highlightimagename="" idMateria="19839144">
  <body>
    <Identifica><![CDATA[ PORTARIA Nº 2.233 - REITORIA/IFG, DE 26 DE AGOSTO DE 2022]]></Identifica>
    <Data><![CDATA[]]></Data>
    <Ementa />
    <Titulo />
    <SubTitulo />
    <Texto><![CDATA[<p class="identifica">PORTARIA Nº 2.233 - REITORIA/IFG, DE 26 DE AGOSTO DE 2022</p><p>O Reitor Substituto do Instituto Federal de Educação, Ciência e Tecnologia de Goiás (IFG), nomeado pela Portaria 1696/2021 - REITORIA/IFG, de 8 de outubro de 2021, publicada no Diário Oficial da União de 13/10/2021, no uso de suas atribuições legais e regimentais considerando o que consta no Processo nº 23376.001230/2022-47, resolve:</p><p>Art. 1º Rescindir, a pedido, o contrato de trabalho do servidor HENRIQUE JOSE DE FARIA NETO, ocupante do cargo de Professor EBTT Substituto, SIAPE nº 3265276, lotado(a) no(a) Departamento de Áreas Acadêmicas do Câmpus Itumbiara, a partir de 31 de julho de 2022.</p><p class="assina">Jose Carlos Barros Silva</p>]]></Texto>
  </body>
  <Midias />
</article></xml>