﻿<xml><article id="27735013" name="P6RF376A379" idOficio="9057314" pubName="DO2" artType="Portaria" pubDate="30/08/2022" artClass="00015:00045:00432:00098:00000:00000:00000:00000:00000:00000:00017:00000" artCategory="Ministério da Economia/Secretaria Especial da Receita Federal do Brasil/Subsecretaria-Geral da Receita Federal do Brasil/Superintendência Regional da 6ª Região Fiscal" artSize="12" artNotes="" numberPage="44" pdfPage="http://pesquisa.in.gov.br/imprensa/jsp/visualiza/index.jsp?data=30/08/2022&amp;jornal=529&amp;pagina=44" editionNumber="165" highlightType="" highlightPriority="" highlight="" highlightimage="" highlightimagename="" idMateria="19839972">
  <body>
    <Identifica><![CDATA[ PORTARIAs DE PESSOAL RFB/SRRF06 DE 25 DE AGOSTO DE 2022]]></Identifica>
    <Data><![CDATA[]]></Data>
    <Ementa />
    <Titulo />
    <SubTitulo />
    <Texto><![CDATA[<p class="identifica">PORTARIAs DE PESSOAL RFB/SRRF06 DE 25 DE AGOSTO DE 2022</p><p>O SUPERINTENDENTE DA RECEITA FEDERAL DO BRASIL NA 6ª REGIÃO FISCAL, no uso da competência que lhe foi subdelegada pelo artigo 3º da Portaria RFB nº 056, de 16 de agosto de 2021, publicada no DOU de 17 de agosto de 2021, e considerando o que consta do e-Dossiê nº 13031.349471/2022-11, resolve:</p><p>Nº 376 - Dispensar o Auditor-Fiscal da Receita Federal do Brasil, FLÁVIO COELHO MACHADO, matricula SIAPECAD nº 01309843, SIAPE nº 1548426, do encargo de Substituto Eventual do Chefe da Divisão de Vigilância e Repressão ao Contrabando e Descaminho - Direp, da Superintendência Regional da Receita Federal do Brasil na 6ª Região Fiscal(MG), código FCPE 101.2.</p><p>Nº 377 - Dispensar o Auditor-Fiscal da Receita Federal do Brasil, FLÁVIO COELHO MACHADO, matricula SIAPECAD nº 01309843, SIAPE nº 1548426, da Função Gratificada de Chefe da Seção de Operações de Vigilância e Repressão ao Contrabando e Descaminho - Saope , da Superintendência Regional da Receita Federal do Brasil na 6ª Região Fiscal(MG), código FG-1.</p><p>Nº 378 - Dispensar a Auditora-Fiscal da Receita Federal do Brasil, MARIA CARMEN FANTINI DE CASTRO E CARVALHO NEPOMUCENO, matricula SIAPECAD nº 01574252, SIAPE nº 1797122, da Função Comissionada do Poder Executivo, de Chefe da Divisão de Administração Aduaneira - Diana, da Superintendência Regional da Receita Federal do Brasil na 6ª Região Fiscal(MG), código FCPE 101.2.</p><p>Nº 379 - Designar, o Auditor-Fiscal da Receita Federal do Brasil, FLÁVIO COELHO MACHADO, matricula SIAPECAD nº 01309843, SIAPE nº 1548426, para exercer a Função Comissionada do Poder Executivo de Chefe da Divisão de Administração Aduaneira - Diana, da Superintendência Regional da Receita Federal do Brasil na 6ª Região Fiscal(MG), código FCPE 101.2.</p><p class="assina">MÁRIO JOSÉ DEHON SÃO THIAGO SANTIAGO</p>]]></Texto>
  </body>
  <Midias />
</article></xml>