﻿<xml><article id="27741340" name="ATO PORTARIA DE PESSOAL CGBEN NA" idOficio="9058656" pubName="DO2" artType="Portaria" pubDate="30/08/2022" artClass="00015:00041:00034:00008:00003:00000:00000:00000:00000:00000:00017:00001" artCategory="Ministério da Economia/Secretaria Especial de Desburocratização, Gestão e Governo Digital/Secretaria de Gestão e Desempenho de Pessoal/Departamento de Centralização de Serviços de Inativos, Pensionistas e Órgãos Extintos/Coordenação-Geral de Benefícios" artSize="12" artNotes="" numberPage="41" pdfPage="http://pesquisa.in.gov.br/imprensa/jsp/visualiza/index.jsp?data=30/08/2022&amp;jornal=529&amp;pagina=41" editionNumber="165" highlightType="" highlightPriority="" highlight="" highlightimage="" highlightimagename="" idMateria="19841735">
  <body>
    <Identifica><![CDATA[ PORTARIA DE PESSOAL CGBEN/ME Nº 9.313, DE 23 DE AGOSTO DE 2022]]></Identifica>
    <Data><![CDATA[]]></Data>
    <Ementa />
    <Titulo />
    <SubTitulo />
    <Texto><![CDATA[<p class="identifica">PORTARIA DE PESSOAL CGBEN/ME Nº 9.313, DE 23 DE AGOSTO DE 2022</p><p>O COORDENADOR-GERAL SUBSTITUTO DE BENEFÍCIOS DO DEPARTAMENTO DE CENTRALIZAÇÃO DE SERVIÇOS DE INATIVOS, PENSIONISTAS E ÓRGÃOS EXTINTOS DA SECRETARIA DE GESTÃO E DESEMPENHO DE PESSOAL DA SECRETARIA ESPECIAL DE DESBUROCRATIZAÇÃO, GESTÃO E GOVERNO DIGITAL DO MINISTÉRIO DA ECONOMIA, no uso da competência atribuída pela Portaria nº 13.530, de 27 de dezembro de 2018, publicada no D.O.U. de 28 de dezembro de 2018, e considerando o disposto no Processo nº 19975.123560/2022-66, resolve:</p><p>Art. 1º Conceder pensão militar a ANA LÚCIA LOPES REBELLO e CLÁUDIA LÚCIA REBELLO BAPTISTA, na qualidade de filhas do ex-Terceiro Sargento da Polícia Militar do Antigo Distrito Federal WALDOMIRO REBELLO, matrícula SIAPE nº 1464975, na cota-parte de 1/2 para cada uma, com fundamento legal no art. 7º da Lei nº 3.765, de 1960, assegurado pelo art. 36, inciso I, § 3º da Lei nº 10.486, de 2002 e o art. 35 do Decreto nº 10.742 de 05 de julho de 2021, e vigência a partir de 22/07/2022, data de falecimento da pensionista/genitora.</p><p>Art. 2º Esta Portaria entra em vigor na data de sua publicação.</p><p class="assina">VALDINEI HENRIQUE DA COSTA</p>]]></Texto>
  </body>
  <Midias />
</article></xml>