﻿<xml><article id="27732005" name="PORTARIA NA 7865" idOficio="9056694" pubName="DO2" artType="Portaria" pubDate="30/08/2022" artClass="00018:00111:00009:00000:00000:00000:00000:00000:00000:00000:00017:07865" artCategory="Ministério da Educação/Universidade Federal do Rio de Janeiro/Museu Nacional" artSize="12" artNotes="" numberPage="79" pdfPage="http://pesquisa.in.gov.br/imprensa/jsp/visualiza/index.jsp?data=30/08/2022&amp;jornal=529&amp;pagina=79" editionNumber="165" highlightType="" highlightPriority="" highlight="" highlightimage="" highlightimagename="" idMateria="19839226">
  <body>
    <Identifica><![CDATA[ PORTARIA Nº 7.865, DE 25 DE AGOSTO DE 2022]]></Identifica>
    <Data><![CDATA[]]></Data>
    <Ementa />
    <Titulo />
    <SubTitulo />
    <Texto><![CDATA[<p class="identifica">PORTARIA Nº 7.865, DE 25 DE AGOSTO DE 2022</p><p>O Diretor do Museu Nacional da Universidade Federal do Rio de Janeiro, Prof. Alexander Wilhelm Armin Kellner, no uso da competência delegada pela Portaria nº 690 de 31 de janeiro de 2022, publicada no Diário Oficial da União de 02 de fevereiro de 2022, resolve:</p><p>Art. 1º Designar como Pregoeiro no âmbito do Fórum de Ciência e Cultura, o servidor ROBERTO FABELINO DE SOUZA, Assistente em Administração, SIAPE nº 1496884.</p><p>Art. 2° Designar como equipe de apoio, os servidores THYAGO MACHADO DA SILVA, Assistente em Administração, SIAPE nº 2319301; ROSILANE SILVA DA MOTA, Administradora, SIAPE nº 1978479 e BEATRIZ COELHO ALVES CODEIRO, Técnico em Laboratório-Área, SIAPE nº 1766073.</p><p class="assina">Alexander Wilhelm Armin Kellner</p>]]></Texto>
  </body>
  <Midias />
</article></xml>