﻿<xml><article id="27742393" name="ATO17_26082022__YSEE3X" idOficio="9058824" pubName="DO2" artType="Ato" pubDate="30/08/2022" artClass="00047:00067:00068:00009:00000:00000:00000:00000:00000:00000:00001:00000" artCategory="Poder Judiciário/Justiça Federal/1ª Região/Seção Judiciária em Minas Gerais" artSize="12" artNotes="" numberPage="146" pdfPage="http://pesquisa.in.gov.br/imprensa/jsp/visualiza/index.jsp?data=30/08/2022&amp;jornal=529&amp;pagina=146" editionNumber="165" highlightType="" highlightPriority="" highlight="" highlightimage="" highlightimagename="" idMateria="19841993">
  <body>
    <Identifica><![CDATA[ ATO PRESI Nº 17, DE 26 DE AGOSTO DE 2022]]></Identifica>
    <Data><![CDATA[]]></Data>
    <Ementa />
    <Titulo />
    <SubTitulo />
    <Texto><![CDATA[<p class="identifica">ATO PRESI Nº 17, DE 26 DE AGOSTO DE 2022</p><p>A PRESIDENTE DO TRIBUNAL REGIONAL FEDERAL DA 6ª REGIÃO, no uso de suas atribuições legais e regimentais, e tendo em vista o constante nos autos do PAe 0020178-65.2022.4.01.8008, resolve:</p><p>Nomear, nos termos do artigo 9º, II, da Lei 8.112/1990, c/c a Lei 8.647/1993, MARIA JÚLIA FERNANDES DE CARVALHO para exercer o Cargo em Comissão, Código CJ-2, de Diretor/Coordenador da 31ª Vara Gabinete JEF da Seção Judiciária do Estado de Minas Gerais, em cargo criado pela Lei 14.226 de 20/10/2021.</p><p class="assina">Desembargadora Federal MÔNICA SIFUENTES</p>]]></Texto>
  </body>
  <Midias />
</article></xml>