﻿<xml><article id="27740083" name="DOU 25.8.2022 Reitor Portaria" idOficio="9058413" pubName="DO2" artType="Portaria" pubDate="30/08/2022" artClass="00018:00041:00000:00000:00000:00000:00000:00000:00000:00000:00017:00001" artCategory="Ministério da Educação/Colégio Pedro II" artSize="12" artNotes="" numberPage="49" pdfPage="http://pesquisa.in.gov.br/imprensa/jsp/visualiza/index.jsp?data=30/08/2022&amp;jornal=529&amp;pagina=49" editionNumber="165" highlightType="" highlightPriority="" highlight="" highlightimage="" highlightimagename="" idMateria="19841408">
  <body>
    <Identifica><![CDATA[ PORTARIA Nº 2.067, DE 25 DE AGOSTO DE 2022]]></Identifica>
    <Data><![CDATA[]]></Data>
    <Ementa />
    <Titulo />
    <SubTitulo />
    <Texto><![CDATA[<p class="identifica">PORTARIA Nº 2.067, DE 25 DE AGOSTO DE 2022</p><p>O REITOR DO COLÉGIO PEDRO II, nomeado por Decreto Presidencial de 04 de setembro de 2018, publicado no Diário Oficial da União, Seção 2, página 1 de 05 de setembro de 2018, no uso de suas atribuições legais, resolve:</p><p>Aplicar a pena de DEMISSÃO ao servidor THOMAS FREITAS E SOUZA, Matrícula SIAPE nº 2263823, cargo de Professor de Ensino Básico, Técnico e Tecnológico, nos termos do art. 132, inciso IV, combinado com art. 117, inciso IX, da Lei 8.112/90, por transgressões aos art. 116, incisos III, IX e XI, art. 117, incisos V e IX e art. 148 da Lei 8112/90. Combinado com transgressões aos art. 15, 17, 18 e 53 da Lei 8.069/90 - ECA; decreto nº 1.171/94 que trata do Código de Ética dos Servidores Públicos Federais, Seção II - XIV alíneas "f" e "g", Seção III - XV, alínea "f". Transgressão ao art. 11, inciso I, da Lei 8429/92. Transgressões aos art. 3º, inciso I; art. 4º, incisos II, III, IV, XVIII, XX e art. 6º, inciso V § 1º, alíneas "a" a "g", incisos VI e XI do Código de Ética dos Servidores do Colégio Pedro II. Processo nº. 23040.007858/2018-61.</p><p>Esta portaria tem seus efeitos retroativos à data da decisão do Processo Administrativo Disciplinar, 20 de setembro de 2021.</p><p class="assina">OSCAR HALAC</p>]]></Texto>
  </body>
  <Midias />
</article></xml>