﻿<xml><article id="27735800" name="PORTARIA CHOC-EMCFA-MD NA 4475" idOficio="9057511" pubName="DO2" artType="Portaria" pubDate="30/08/2022" artClass="00013:00034:00007:00000:00000:00000:00000:00000:00000:00000:00017:00002" artCategory="Ministério da Defesa/Estado-Maior Conjunto das Forças Armadas/Chefia de Operações Conjuntas" artSize="12" artNotes="" numberPage="29" pdfPage="http://pesquisa.in.gov.br/imprensa/jsp/visualiza/index.jsp?data=30/08/2022&amp;jornal=529&amp;pagina=29" editionNumber="165" highlightType="" highlightPriority="" highlight="" highlightimage="" highlightimagename="" idMateria="19840218">
  <body>
    <Identifica><![CDATA[ PORTARIA CHOC/EMCFA-MD  Nº 4.475, DE 22 DE AGOSTO DE 2022]]></Identifica>
    <Data><![CDATA[]]></Data>
    <Ementa />
    <Titulo />
    <SubTitulo />
    <Texto><![CDATA[<p class="identifica">PORTARIA CHOC/EMCFA-MD Nº 4.475, DE 22 DE AGOSTO DE 2022</p><p>O CHEFE DE OPERAÇÕES CONJUNTAS, no uso da competência subdelegada pelo Ministro da Defesa, de acordo com o inciso VIII do art. 1º da Portaria nº 1.561/GM-MD, de 25 de março de 2022, e considerando o Despacho nº 46/APOG/CEMCFA/EMCFA-MD, de 4 de abril de 2022, do Processo nº 60080.000341/2021-05, e de acordo com o que consta no processo administrativo nº 60240.000225/2022-89, resolve:</p><p>Designar o Capitão de Mar e Guerra (FN) MARCELO MENDES MELLO, da Chefia de Operações Conjuntas, para participar da Reunião de Planejamento do Exercício Integração com o Estado-Maior Conjunto das Forças Armadas da Argentina, a ser realizada em Buenos Aires, Argentina, no período de 12 a 16 de setembro de 2022, incluindo o trânsito, com ônus total para o Ministério da Defesa.</p><p>A missão acima é considerada do tipo eventual e de natureza militar, estando enquadrada na alínea "c" do inciso I e na alínea "b" do inciso II do art. 3º, combinado com o parágrafo único do art. 11, todos da Lei nº 5.809, de 10 de outubro de 1972, regulamentada pelo Decreto nº 71.733, de 18 de janeiro de 1973, e suas alterações.</p><p class="assina">Gen Ex JOSÉ EDUARDO PEREIRA</p>]]></Texto>
  </body>
  <Midias />
</article></xml>