﻿<xml><article id="27732131" name="PORT 211 ENQUADRAMENTO Secao 2" idOficio="9056588" pubName="DO2" artType="Portaria" pubDate="30/08/2022" artClass="00018:00002:00021:00000:00000:00000:00000:00000:00000:00000:00017:00001" artCategory="Ministério da Educação/Secretaria Executiva/Subsecretaria de Assuntos Administrativos" artSize="12" artNotes="" numberPage="47" pdfPage="http://pesquisa.in.gov.br/imprensa/jsp/visualiza/index.jsp?data=30/08/2022&amp;jornal=529&amp;pagina=47" editionNumber="165" highlightType="" highlightPriority="" highlight="" highlightimage="" highlightimagename="" idMateria="19839104">
  <body>
    <Identifica><![CDATA[ PORTARIA Nº 211, DE 23 DE AGOSTO DE 2022]]></Identifica>
    <Data><![CDATA[]]></Data>
    <Ementa />
    <Titulo />
    <SubTitulo />
    <Texto><![CDATA[<p class="identifica">PORTARIA Nº 211, DE 23 DE AGOSTO DE 2022</p><p>A SUBSECRETÁRIA DE ASSUNTOS ADMINISTRATIVOS, no uso das atribuições e com base no que estabelece a Lei nº 13.681, de 18 de junho de 2018; a Medida Provisória 1.122, de 8 de junho de 2022; e tendo em vista a Portaria MEC nº 1.239, de 1º de julho de 2019, publicada no Diário Oficial da União de 2 de julho de 2019, decide que:</p><p>Art. 1º Fica autorizado o enquadramento dos servidores relacionados no Anexo I desta Portaria, ocupantes do cargo de Professor do Extinto Território de Rondônia, na carreira de Magistério do Ensino Básico, Técnico e Tecnológico, estruturada pela Lei nº 12.772, de 28 de dezembro de 2012.</p><p>Art. 2º Esta Portaria entra em vigor na data de sua publicação.</p><p class="assina">CARLA BAKSYS PINTO</p><p class="anexo">ANEXO I</p><p /><p></p><table><tr /><tr><td rowspan="1" colspan="1"><p>Nº</p></td><td rowspan="1" colspan="1"><p>PROCESSO</p></td><td rowspan="1" colspan="1"><p>SERVIDOR</p></td><td rowspan="1" colspan="1"><p>ORIGEM</p></td></tr><tr><td rowspan="1" colspan="1"><p>1</p></td><td rowspan="1" colspan="1"><p>14021.114049/2020-67</p></td><td rowspan="1" colspan="1"><p>MARIA AUXILIADORA DE QUEROZ</p></td><td rowspan="1" colspan="1"><p>RO</p></td></tr><tr><td rowspan="1" colspan="1"><p>2</p></td><td rowspan="1" colspan="1"><p>14021.114295/2020-19</p></td><td rowspan="1" colspan="1"><p>MARIA DE FATIMA DE OLIVEIRA MELLO</p></td><td rowspan="1" colspan="1"><p>RO</p></td></tr><tr><td rowspan="1" colspan="1"><p>3</p></td><td rowspan="1" colspan="1"><p>14021.119945/2020-12</p></td><td rowspan="1" colspan="1"><p>MARIA DE FATIMA BATISTA NEVES</p></td><td rowspan="1" colspan="1"><p>RO</p></td></tr><tr><td rowspan="1" colspan="1"><p>4</p></td><td rowspan="1" colspan="1"><p>14021.116254/2020-67</p></td><td rowspan="1" colspan="1"><p>WALTER PEREIRA DOS SANTOS</p></td><td rowspan="1" colspan="1"><p>RO</p></td></tr><tr><td rowspan="1" colspan="1"><p>5</p></td><td rowspan="1" colspan="1"><p>14021.114515/2020-12</p></td><td rowspan="1" colspan="1"><p>SANDRA APARECIDA ALMEIDA</p></td><td rowspan="1" colspan="1"><p>RO</p></td></tr><tr><td rowspan="1" colspan="1"><p>6</p></td><td rowspan="1" colspan="1"><p>14021.115238/2020-57</p></td><td rowspan="1" colspan="1"><p>SALETE TEREZINHA PEREIRA RIBAS BERTICELLI</p></td><td rowspan="1" colspan="1"><p>RO</p></td></tr><tr><td rowspan="1" colspan="1"><p>7</p></td><td rowspan="1" colspan="1"><p>14021.118543/2020-09</p></td><td rowspan="1" colspan="1"><p>MARIA DE FATIMA COSTA CANUTO</p></td><td rowspan="1" colspan="1"><p>RO</p></td></tr><tr><td rowspan="1" colspan="1"><p>8</p></td><td rowspan="1" colspan="1"><p>14021.115764/2020-17</p></td><td rowspan="1" colspan="1"><p>MARIA DE FATIMA SILVA MORAES</p></td><td rowspan="1" colspan="1"><p>RO</p></td></tr><tr><td rowspan="1" colspan="1"><p>9</p></td><td rowspan="1" colspan="1"><p>14021.118256/2020-91</p></td><td rowspan="1" colspan="1"><p>MARIA DE FATIMA SIQUEIRA GADELHA</p></td><td rowspan="1" colspan="1"><p>RO</p></td></tr><tr><td rowspan="1" colspan="1"><p>10</p></td><td rowspan="1" colspan="1"><p>14021.114513/2020-15</p></td><td rowspan="1" colspan="1"><p>MARIA DE LOURDES DA LUZ PEREIRA</p></td><td rowspan="1" colspan="1"><p>RO</p></td></tr><tr><td rowspan="1" colspan="1"><p>11</p></td><td rowspan="1" colspan="1"><p>14021.114983/2020-89</p></td><td rowspan="1" colspan="1"><p>MARIA DE LOURDES FERNANDES POMINI</p></td><td rowspan="1" colspan="1"><p>RO</p></td></tr><tr><td rowspan="1" colspan="1"><p>12</p></td><td rowspan="1" colspan="1"><p>14021.114514/2020-60</p></td><td rowspan="1" colspan="1"><p>RUTH ROSSMANN PIRES</p></td><td rowspan="1" colspan="1"><p>RO</p></td></tr><tr><td rowspan="1" colspan="1"><p>13</p></td><td rowspan="1" colspan="1"><p>14021.112811/2020-71</p></td><td rowspan="1" colspan="1"><p>ROSILDA BARBOSA</p></td><td rowspan="1" colspan="1"><p>RO</p></td></tr><tr><td rowspan="1" colspan="1"><p>14</p></td><td rowspan="1" colspan="1"><p>14021.114505/2020-79</p></td><td rowspan="1" colspan="1"><p>ROSENEIDE FERREIRA DO CARMO</p></td><td rowspan="1" colspan="1"><p>RO</p></td></tr><tr><td rowspan="1" colspan="1"><p>15</p></td><td rowspan="1" colspan="1"><p>14021.113797/2020-22</p></td><td rowspan="1" colspan="1"><p>MARIA DE LOURDES LOPES DA SILVA OLIVEIRA</p></td><td rowspan="1" colspan="1"><p>RO</p></td></tr><tr><td rowspan="1" colspan="1"><p>16</p></td><td rowspan="1" colspan="1"><p>14021.115443/2020-12</p></td><td rowspan="1" colspan="1"><p>MARIA DE LOURDES PINHEIRO</p></td><td rowspan="1" colspan="1"><p>RO</p></td></tr><tr><td rowspan="1" colspan="1"><p>17</p></td><td rowspan="1" colspan="1"><p>14021.113213/2020-19</p></td><td rowspan="1" colspan="1"><p>ZOEL KRUGER</p></td><td rowspan="1" colspan="1"><p>RO</p></td></tr><tr><td rowspan="1" colspan="1"><p>18</p></td><td rowspan="1" colspan="1"><p>14021.115445/2020-10</p></td><td rowspan="1" colspan="1"><p>ROSANGELA FAIOLA VERRI</p></td><td rowspan="1" colspan="1"><p>RO</p></td></tr><tr><td rowspan="1" colspan="1"><p>19</p></td><td rowspan="1" colspan="1"><p>14021.113386/2020-37</p></td><td rowspan="1" colspan="1"><p>MARIA DELMIRA DE ALMEIDA</p></td><td rowspan="1" colspan="1"><p>RO</p></td></tr></table>]]></Texto>
  </body>
  <Midias />
</article></xml>