﻿<xml><article id="27732272" name="2022-08-25- Portaria 1070-1071 -" idOficio="9056689" pubName="DO2" artType="Portaria" pubDate="30/08/2022" artClass="00018:00132:00000:00000:00000:00000:00000:00000:00000:00000:00017:00001" artCategory="Ministério da Educação/Fundação Universidade Federal do ABC" artSize="12" artNotes="" numberPage="88" pdfPage="http://pesquisa.in.gov.br/imprensa/jsp/visualiza/index.jsp?data=30/08/2022&amp;jornal=529&amp;pagina=88" editionNumber="165" highlightType="" highlightPriority="" highlight="" highlightimage="" highlightimagename="" idMateria="19839218">
  <body>
    <Identifica><![CDATA[ PORTARIAS DE 24 DE AGOSTO DE 2022]]></Identifica>
    <Data><![CDATA[]]></Data>
    <Ementa />
    <Titulo />
    <SubTitulo />
    <Texto><![CDATA[<p class="identifica">PORTARIAS DE 24 DE AGOSTO DE 2022</p><p>O REITOR DA FUNDAÇÃO UNIVERSIDADE FEDERAL DO ABC (UFABC), reconduzido por Decreto da Presidência da República, de 24 de maio de 2022, publicado no Diário Oficial da União (DOU), Seção 2, página 1, de 25 de maio de 2022, no uso de suas atribuições legais, resolve:</p><p>Nº 1.070 - Dispensar a servidora GIULLIANA MONDELLI, SIAPE 2115523, da função comissionada de Coordenadora do Curso de Engenharia Ambiental e Urbana, código FCC, a contar de 31 de agosto de 2022.</p><p>Nº 1.071 - Art. 1º Reconduzir, nos termos do Art. 8º do Decreto nº 5.480, de 30 de junho de 2005, o(a) servidor(a) SILVIO WENCESLAU ALVES DA SILVA, matrícula SIAPE nº 1550446, para exercer o cargo de Corregedor da Universidade Federal do ABC (UFABC), código FG-1.</p><p>Art. 2º O mandato do corregedor terá duração de dois anos, a contar de 29/08/2022.</p><p class="assina">DACIO ROBERTO MATHEUS</p>]]></Texto>
  </body>
  <Midias />
</article></xml>