﻿<xml><article id="27742700" name="DOU2-PGR-PGR-1-PT-123-UNI-PGR-00" idOficio="9058875" pubName="DO2" artType="Portaria" pubDate="30/08/2022" artClass="00043:00002:00000:00000:00000:00000:00000:00000:00000:00000:00017:00123" artCategory="Ministério Público da União/Atos do Procurador-Geral da República" artSize="12" artNotes="" numberPage="127" pdfPage="http://pesquisa.in.gov.br/imprensa/jsp/visualiza/index.jsp?data=30/08/2022&amp;jornal=529&amp;pagina=127" editionNumber="165" highlightType="" highlightPriority="" highlight="" highlightimage="" highlightimagename="" idMateria="19842073">
  <body>
    <Identifica><![CDATA[ PORTARIA PGR/MPU Nº 123, DE 25 DE AGOSTO DE 2022]]></Identifica>
    <Data><![CDATA[]]></Data>
    <Ementa />
    <Titulo />
    <SubTitulo />
    <Texto><![CDATA[<p class="identifica">PORTARIA PGR/MPU Nº 123, DE 25 DE AGOSTO DE 2022</p><p>O PROCURADOR-GERAL DA REPÚBLICA, no uso da atribuição prevista no inciso IX do art. 26 da Lei Complementar nº 75, de 20 de maio de 1993, considerando a deliberação do Conselho Superior do Ministério Público do Trabalho, em sua 265ª Sessão Ordinária, de 16 de agosto de 2022, e os dados e informações constantes do PGEA n° 20.02.0001.0007760/2022-03, resolve:</p><p>Art. 1º Promover, por antiguidade, na carreira do Ministério Público do Trabalho, ao cargo de Subprocuradora-Geral do Trabalho, a Procuradora Regional do Trabalho CLÁUDIA MARIA REGO PINTO RODRIGUES DA COSTA, para ter lotação na Procuradoria-Geral do Trabalho, em vaga decorrente da aposentadoria da Subprocuradora-Geral do Trabalho Júnia Soares Nader, conforme a Portaria PGT n° 948, de 28 de junho de 2022, publicada no D.O.U. de 01 de julho de 2022.</p><p>Art. 2º Esta portaria entra em vigor na data de sua publicação, com efeitos nos termos do § 1º do art. 199 da Lei Complementar n° 75, de 20 de maio de 1993.</p><p class="assina">ANTÔNIO AUGUSTO BRANDÃO DE ARAS</p>]]></Texto>
  </body>
  <Midias />
</article></xml>