﻿<xml><article id="27735641" name="SEI_UFRJ - 2262903 - Portaria de" idOficio="9057468" pubName="DO2" artType="Portaria" pubDate="30/08/2022" artClass="00018:00111:00017:00000:00000:00000:00000:00000:00000:00000:00017:00015" artCategory="Ministério da Educação/Universidade Federal do Rio de Janeiro/Pró-Reitoria de Pessoal" artSize="12" artNotes="7910" numberPage="81" pdfPage="http://pesquisa.in.gov.br/imprensa/jsp/visualiza/index.jsp?data=30/08/2022&amp;jornal=529&amp;pagina=81" editionNumber="165" highlightType="" highlightPriority="" highlight="" highlightimage="" highlightimagename="" idMateria="19840173">
  <body>
    <Identifica><![CDATA[ PORTARIA Nº 7.910,  DE 25 DE AGOSTO DE 2022]]></Identifica>
    <Data><![CDATA[]]></Data>
    <Ementa />
    <Titulo />
    <SubTitulo />
    <Texto><![CDATA[<p class="identifica">PORTARIA Nº 7.910, DE 25 DE AGOSTO DE 2022</p><p>O Pró-Reitor de Pessoal da Universidade Federal do Rio de Janeiro, no uso da competência delegada pela Portaria n.º 10.120, de 16 de dezembro de 2021, publicada no Diário Oficial da União n.º 237, de 17 de dezembro de 2021, e considerando o disposto no Processo n.º 23079.206991/2022-48, resolve:</p><p>Conceder aposentadoria voluntária à servidora MARTA DE ARAUJO PINHEIRO, matrícula SIAPE n.º 1310883, ocupante do cargo de Professor Titular, Nível 801, no regime de 40 horas semanais de trabalho, com Dedicação Exclusiva, do Quadro de Pessoal desta Universidade, com fundamento no art. 4°, § 6º, inciso I, da EC 103/2019, totalidade da remuneração no cargo, observado o disposto no § 8º, incisos I e II, do mesmo artigo.</p><p class="assina">ALEXANDRE BRASIL CARVALHO DA FONSECA</p>]]></Texto>
  </body>
  <Midias />
</article></xml>