﻿<xml><article id="27732242" name="PTS567E568NORTECENTROOESTE" idOficio="9056582" pubName="DO2" artType="Portaria" pubDate="30/08/2022" artClass="00027:00051:00091:00000:00000:00000:00000:00000:00000:00000:00017:00000" artCategory="Ministério do Trabalho e Previdência/Instituto Nacional do Seguro Social/Superintendência Regional Norte/Centro-Oeste" artSize="12" artNotes="" numberPage="122" pdfPage="http://pesquisa.in.gov.br/imprensa/jsp/visualiza/index.jsp?data=30/08/2022&amp;jornal=529&amp;pagina=122" editionNumber="165" highlightType="" highlightPriority="" highlight="" highlightimage="" highlightimagename="" idMateria="19839098">
  <body>
    <Identifica><![CDATA[ PORTARIAS SRNCO/INSS  DE 25  DE AGOSTO DE 2022]]></Identifica>
    <Data><![CDATA[]]></Data>
    <Ementa />
    <Titulo />
    <SubTitulo />
    <Texto><![CDATA[<p class="identifica">PORTARIAS SRNCO/INSS DE 25 DE AGOSTO DE 2022</p><p>O SUPERINTENDENTE REGIONAL NORTE/CENTRO-OESTE, considerando o Decreto nº 10.995, de 14 de março de 2022, a subdelegação de competência de que trata a Portaria PRES/INSS nº 1.414, de 24 de fevereiro de 2022, e o contido no processo de nº 35014.339418/2022-53, resolve:</p><p>Nº 567 - Dispensar VILMA BATISTA PINTO, matrícula nº 0.002.071, CPF nº 339.120.XXX-20, da Função Comissionada Executiva de Gerente da Agência da Previdência Social Planaltina de Goiás, código FCE 1.05, da Gerência Executiva Distrito Federal/DF.</p><p>Nº 568 - Designar VILMA BATISTA PINTO, matrícula nº 0.002.071, CPF nº 339.120.XXX-20, para exercer a Função Comissionada Executiva de Chefe de Setor de Apoio Técnico ao Atendimento, código FCE 1.02, da Gerência Executiva Distrito Federal/DF.</p><p class="assina">ROBERTO FAGNER DE FIGUEIREDO BRAGA</p>]]></Texto>
  </body>
  <Midias />
</article></xml>