﻿<xml><article id="27738068" name="DESPACHO - Processo 19952.100680" idOficio="9058015" pubName="DO2" artType="Despacho" pubDate="30/08/2022" artClass="00015:00041:00000:00000:00000:00000:00000:00000:00000:00000:00013:00006" artCategory="Ministério da Economia/Secretaria Especial de Desburocratização, Gestão e Governo Digital" artSize="12" artNotes="" numberPage="34" pdfPage="http://pesquisa.in.gov.br/imprensa/jsp/visualiza/index.jsp?data=30/08/2022&amp;jornal=529&amp;pagina=34" editionNumber="165" highlightType="" highlightPriority="" highlight="" highlightimage="" highlightimagename="" idMateria="19840865">
  <body>
    <Identifica><![CDATA[ DESPACHO]]></Identifica>
    <Data><![CDATA[]]></Data>
    <Ementa />
    <Titulo />
    <SubTitulo />
    <Texto><![CDATA[<p class="identifica">DESPACHO</p><p>Processo nº 19952.100680/2022-53</p><p>O SECRETÁRIO ESPECIAL DE DESBUROCRATIZAÇÃO, GESTÃO E GOVERNO DIGITAL, DO MINISTÉRIO DA ECONOMIA, tendo em vista o Decreto n° 1.387, de 07 de fevereiro de 1995, e o Decreto n° 10.193, de 27 de dezembro de 2019, e no uso da competência que lhe foi delegada pelo artigo 6° da Portaria n° 4.990, de 1º de junho de 2022, autoriza o afastamento do País, com ônus, dos empregados do Serviço Federal de Processamento de Dados - Serpro: FÁBIO PASQUALI - Matrícula: 2.106.565-9, Analista; FERNANDO CARLOS DA SILVA CAVALCANTI - Matrícula: 2.109.344-0, Analista; e SANDRO ROGERIO BENELLI NININ - Matrícula: 2.106.195-5, Analista, para participarem no Workshop IBM Z Architecture Review, Discovery/Designer, no período de 17 a 25 de setembro de 2022, incluindo trânsito, que será realizado no IBM Client Experience Center, Poughkeepsie - NY / USA. (Processo SEI nº 19952.100680/2022-53).</p><p class="assina">LEONARDO JOSÉ MATTOS SULTANI</p>]]></Texto>
  </body>
  <Midias />
</article></xml>