﻿<xml><article id="27733693" name="DOU_PR_20220826" idOficio="9056975" pubName="DO2" artType="Portaria" pubDate="30/08/2022" artClass="00015:00066:00000:00000:00000:00000:00000:00000:00000:00000:00013:00001" artCategory="Ministério da Economia/Fundação Instituto Brasileiro de Geografia e Estatística" artSize="12" artNotes="" numberPage="46" pdfPage="http://pesquisa.in.gov.br/imprensa/jsp/visualiza/index.jsp?data=30/08/2022&amp;jornal=529&amp;pagina=46" editionNumber="165" highlightType="" highlightPriority="" highlight="" highlightimage="" highlightimagename="" idMateria="19839496">
  <body>
    <Identifica><![CDATA[ PORTARIA Nº 402, DE 26 DE AGOSTO DE 2022]]></Identifica>
    <Data><![CDATA[]]></Data>
    <Ementa />
    <Titulo />
    <SubTitulo />
    <Texto><![CDATA[<p class="identifica">PORTARIA Nº 402, DE 26 DE AGOSTO DE 2022</p><p>O PRESIDENTE da FUNDAÇÃO INSTITUTO BRASILEIRO DE GEOGRAFIA E ESTATÍSTICA-IBGE, usando de suas atribuições legais e regulamentares, resolve:</p><p>Declarar vago o cargo efetivo Técnico em Informações Geográficas e Estatísticas, Classe A, Padrão VI, do Quadro Permanente desta Fundação, por motivo de exoneração a pedido do servidor MARCUS VINICIUS SIQUEIRA DE MENDONCA, CPF nº 142.762.377-50, matrícula nº 2337981, na forma do disposto no Art. 33, inciso I e Art. 34, da Lei nº 8.112/90, a partir de 15/08/2022.</p><p class="assina">EDUARDO LUIZ GONCALVES RIOS NETO</p>]]></Texto>
  </body>
  <Midias />
</article></xml>