﻿<xml><article id="27735668" name="RETIFICAAAO - PORTARIA NA 317-20" idOficio="9057476" pubName="DO2" artType="Retificação" pubDate="30/08/2022" artClass="00048:00020:00000:00000:00000:00000:00000:00000:00000:00000:00024:3172022" artCategory="Entidades de Fiscalização do Exercício das Profissões Liberais/Conselho Federal de Fisioterapia e Terapia Ocupacional" artSize="12" artNotes="" numberPage="146" pdfPage="http://pesquisa.in.gov.br/imprensa/jsp/visualiza/index.jsp?data=30/08/2022&amp;jornal=529&amp;pagina=146" editionNumber="165" highlightType="" highlightPriority="" highlight="" highlightimage="" highlightimagename="" idMateria="19840181">
  <body>
    <Identifica><![CDATA[ RETIFICAÇÃO ]]></Identifica>
    <Data><![CDATA[]]></Data>
    <Ementa />
    <Titulo />
    <SubTitulo />
    <Texto><![CDATA[<p class="identifica">RETIFICAÇÃO</p><p>Retifica a Portaria nº 317, de 23 de agosto de 2022, publicada em 24 de agosto de 2022 no Diário Oficial da União nº 161, Seção 2, página 64: onde se lê "sorteio público, ocorrido em 08 de agosto de 2022"; leia-se "sorteio público, ocorrido em 24 de junho de 2022".</p>]]></Texto>
  </body>
  <Midias />
</article></xml>