﻿<xml><article id="27734059" name="PORTARIA - VALEC NA 186-2022" idOficio="9057061" pubName="DO2" artType="Portaria" pubDate="30/08/2022" artClass="00019:00040:00000:00000:00000:00000:00000:00000:00000:00000:00017:00000" artCategory="Ministério da Infraestrutura/VALEC - Engenharia, Construções e Ferrovias S.A." artSize="12" artNotes="" numberPage="100" pdfPage="http://pesquisa.in.gov.br/imprensa/jsp/visualiza/index.jsp?data=30/08/2022&amp;jornal=529&amp;pagina=100" editionNumber="165" highlightType="" highlightPriority="" highlight="" highlightimage="" highlightimagename="" idMateria="19839623">
  <body>
    <Identifica><![CDATA[ PORTARIA - VALEC Nº 186/ADMIN-VALEC/PRESI-VALEC, de 26 de agosto de 2022]]></Identifica>
    <Data><![CDATA[]]></Data>
    <Ementa />
    <Titulo />
    <SubTitulo />
    <Texto><![CDATA[<p class="identifica">PORTARIA - VALEC Nº 186/ADMIN-VALEC/PRESI-VALEC, de 26 de agosto de 2022</p><p>O Diretor-Presidente da VALEC - ENGENHARIA, CONSTRUÇÕES e FERROVIAS S.A., no uso das atribuições que lhe foram conferidas pelo art. 50 do Estatuto Social vigente, considerando o Plano de Cargos Comissionados - PCC de 2012 da VALEC, aprovado por meio do Ofício nº 1265/2012/DEST-MP, de 20 de dezembro de 2012, pela Portaria nº 29, de 20 de dezembro 2012, e Resolução da Diretoria Executiva - DIREX nº 001/2013, de 17 de janeiro de 2013, resolve:</p><p>Art. 1º Nomear JOSÉ SORMANY GARCIA OLIVEIRA, matrícula 2039429, habilitado por meio do processo nº 51402.103397/2022-12, para exercer o cargo comissionado de Gerente de Desenvolvimento de Empreendimentos (correlato ao DAS 4), vinculado à Superintendência de Desenvolvimento de Empreendimentos da Diretoria de Empreendimentos desta VALEC.</p><p>Art. 2º Esta portaria entra em vigor na data de sua publicação.</p><p class="assina">ANDRÉ KUHN</p>]]></Texto>
  </body>
  <Midias />
</article></xml>