﻿<xml><article id="27738104" name="271-2022 in" idOficio="9058019" pubName="DO2" artType="Portaria" pubDate="30/08/2022" artClass="00018:00020:00000:00000:00000:00000:00000:00000:00000:00000:00017:00006" artCategory="Ministério da Educação/Instituto Benjamin Constant" artSize="12" artNotes="" numberPage="49" pdfPage="http://pesquisa.in.gov.br/imprensa/jsp/visualiza/index.jsp?data=30/08/2022&amp;jornal=529&amp;pagina=49" editionNumber="165" highlightType="" highlightPriority="" highlight="" highlightimage="" highlightimagename="" idMateria="19840875">
  <body>
    <Identifica><![CDATA[ PORTARIA IBC Nº 271, DE 29 DE AGOSTO DE 2022]]></Identifica>
    <Data><![CDATA[]]></Data>
    <Ementa />
    <Titulo />
    <SubTitulo />
    <Texto><![CDATA[<p class="identifica">PORTARIA IBC Nº 271, DE 29 DE AGOSTO DE 2022</p><p>O DIRETOR-GERAL DO INSTITUTO BENJAMIN CONSTANT, no uso das atribuições que lhe são conferidas pelo art. 25, inciso VII, do Regimento Interno aprovado pela Portaria MEC nº 325, de 17 de abril de 1998, e alterado pela Portaria MEC nº 310, de 03 de abril de 2018, e competência subdelegada pelo art. 1º da Portaria MEC nº 316, de 27/03/15, publicada no DOU nº 60, de 30/03/15, resolve:</p><p>Art. 1º Designar a servidora CAROLINE CAMARGO DO ESPÍRITO SANTO, Professora do Ensino Básico, Técnico e Tecnológico, matrícula SIAPE nº 2142571, para exercer a função de Coordenadora de Curso da Educação Profissional, vinculada ao Departamento de Educação do Instituto Benjamin Constant.</p><p>Art. 2º Atribuir à servidora a Função Comissionada de Coordenação de Curso, código FCC.</p><p>Art. 3º Esta portaria entra em vigor na data de sua publicação.</p><p class="assina">JOÃO RICARDO MELO FIGUEIREDO</p>]]></Texto>
  </body>
  <Midias />
</article></xml>