﻿<xml><article id="27742552" name="Portaria designaAAo FG02 Adriane" idOficio="9058868" pubName="DO2" artType="Portaria" pubDate="30/08/2022" artClass="00018:00067:00009:00000:00000:00000:00000:00000:00000:00000:00017:00000" artCategory="Ministério da Educação/Instituto Federal de Educação, Ciência e Tecnologia do Rio Grande do Norte/Campus João Câmara" artSize="24" artNotes="" numberPage="60" pdfPage="http://pesquisa.in.gov.br/imprensa/jsp/visualiza/index.jsp?data=30/08/2022&amp;jornal=529&amp;pagina=60" editionNumber="165" highlightType="" highlightPriority="" highlight="" highlightimage="" highlightimagename="" idMateria="19842040">
  <body>
    <Identifica><![CDATA[ PORTARIA Nº 234, DE 29 DE AGOSTO DE 2022]]></Identifica>
    <Data><![CDATA[]]></Data>
    <Ementa />
    <Titulo />
    <SubTitulo />
    <Texto><![CDATA[<p class="identifica">PORTARIA Nº 234, DE 29 DE AGOSTO DE 2022</p><p>O DIRETOR-GERAL DO CAMPUS JOÃO CÂMARA DO INSTITUTO FEDERAL DE EDUCAÇÃO, CIÊNCIA E TECNOLOGIA DO RIO GRANDE DO NORTE, no uso de suas atribuições delegadas por meio da Portaria nº 310/2022-RE/IFRN, de 03 de março de 2022, publicada no Diário Oficial da União de 04 de março de 2022, e CONSIDERANDO o que consta no Processo n. 23134.002324.2022-86 de 29 de agosto de 2022, resolve:</p><p>I - Designar, com efeitos a partir de 29 de setembro de 2022, a servidora abaixo relacionada, pertencente ao Quadro Permanente deste Instituto Federal, para exercer a Função Gratificada - FG.02, integrante da Estrutura Administrativa do Campus João Câmara, conforme especificado a seguir.</p><p /><p></p><table><tr /><tr><td rowspan="1" colspan="2"><p>SERVIDOR</p></td><td rowspan="1" colspan="3"><p>CARGO DE CONFIANÇA</p></td></tr><tr><td rowspan="1" colspan="1"><p>MATRÍCULA SIAPE</p></td><td rowspan="1" colspan="1"><p>NOME</p></td><td rowspan="1" colspan="1"><p>CÓDIGO</p></td><td rowspan="1" colspan="1"><p>DENOMINAÇÃO</p></td><td rowspan="1" colspan="1"><p>CADEIA HIERÁRQUICA</p></td></tr><tr><td rowspan="1" colspan="1"><p>2101595</p></td><td rowspan="1" colspan="1"><p>Adriane de Morais Ferreira</p></td><td rowspan="1" colspan="1"><p>FG.02</p></td><td rowspan="1" colspan="1"><p>Coordenador de Finanças e Contratos COFINC/JC</p></td><td rowspan="1" colspan="1"><p>Diretoria de Administração - DIAD/JC</p></td></tr></table><p>II - Determinar que seja assinado o Termo de Responsabilidade da carga patrimonial do cargo de confiança acima mencionado, no prazo máximo de cinco dias úteis.</p><p>III - Esta Portaria entra em vigor na data de sua publicação.</p><p class="assina">MATHEUS AUGUSTO AVELINO TAVARES</p>]]></Texto>
  </body>
  <Midias />
</article></xml>