﻿<xml><article id="27740712" name="PORTARIA NA 691 DE 24 DE AGOSTO " idOficio="9058546" pubName="DO2" artType="Portaria" pubDate="30/08/2022" artClass="00018:00054:00001:00000:00000:00000:00000:00000:00000:00000:00017:6912022" artCategory="Ministério da Educação/Instituto Federal de Educação, Ciência e Tecnologia Fluminense/Reitoria" artSize="12" artNotes="" numberPage="54" pdfPage="http://pesquisa.in.gov.br/imprensa/jsp/visualiza/index.jsp?data=30/08/2022&amp;jornal=529&amp;pagina=54" editionNumber="165" highlightType="" highlightPriority="" highlight="" highlightimage="" highlightimagename="" idMateria="19841573">
  <body>
    <Identifica><![CDATA[ PORTARIA Nº 691/REIT/IFFLU, DE 24 DE AGOSTO DE 2022]]></Identifica>
    <Data><![CDATA[]]></Data>
    <Ementa />
    <Titulo />
    <SubTitulo />
    <Texto><![CDATA[<p class="identifica">PORTARIA Nº 691/REIT/IFFLU, DE 24 DE AGOSTO DE 2022</p><p>O REITOR DO INSTITUTO FEDERAL DE EDUCAÇÃO, CIÊNCIA E TECNOLOGIA FLUMINENSE - IFFLUMINENSE, no uso das atribuições legais que lhe conferem a Lei nº 11.892, de 29 de dezembro de 2008; a Portaria MEC nº 645, de 17 de agosto de 2021 e o Decreto Presidencial de 03 de abril de 2020, publicado no DOU de 06 de abril de 2020.</p><p>CONSIDERANDO: - O Ofício nº 144/2022 - REIT/IFFLU, constante no Processo nº 23317.004819.2022-00; - O Ofício nº 145/2022 - REIT/IFFLU, constante no Processo nº 23317.004822.2022-15, resolve:</p><p>Art. 1º Dispensar o servidor VALDEIR DE SOUZA JULIO, Matrícula SIAPE 2213607, do quadro permanente deste IFFluminense, ocupante do cargo de Analista de Tecnologia da Informação, lotado na Reitoria, da função de Diretor de Administração do Campus Itaboraí, código FG-1.</p><p>Art. 2º Designar o servidor VALDEIR DE SOUZA JULIO, Matrícula SIAPE 2213607, do quadro permanente deste IFFluminense, ocupante do cargo de Analista de Tecnologia da Informação, lotado na Reitoria, para ocupar a função de Coordenador do Núcleo de Sustentabilidade e Apoio à Implantação do Campus Itaboraí, código FG-1.</p><p>Art. 3º Esta portaria entra em vigor na data de sua publicação no Diário Oficial da União.</p><p class="assina">JEFFERSON MANHÃES DE AZEVEDO</p>]]></Texto>
  </body>
  <Midias />
</article></xml>