﻿<xml><article id="27732080" name="2022-07-22 - ATO PORTARIA SEGAD" idOficio="9056545" pubName="DO2" artType="Portaria" pubDate="30/08/2022" artClass="00026:00002:00009:00030:00011:00000:00000:00000:00000:00000:00017:00000" artCategory="Ministério da Saúde/Secretaria Executiva/Departamento de Gestão Interfederativa e Participativa/Superintendência Estadual do Ministério da Saúde no Paraná/Serviço de Gestão Administrativa" artSize="12" artNotes="" numberPage="116" pdfPage="http://pesquisa.in.gov.br/imprensa/jsp/visualiza/index.jsp?data=30/08/2022&amp;jornal=529&amp;pagina=116" editionNumber="165" highlightType="" highlightPriority="" highlight="" highlightimage="" highlightimagename="" idMateria="19839058">
  <body>
    <Identifica><![CDATA[ PORTARIA SEGAD/PR Nº 125, DE 22 DE JULHO DE 2022]]></Identifica>
    <Data><![CDATA[]]></Data>
    <Ementa />
    <Titulo />
    <SubTitulo />
    <Texto><![CDATA[<p class="identifica">PORTARIA SEGAD/PR Nº 125, DE 22 DE JULHO DE 2022</p><p>A Chefe do Serviço de Gestão Administrativa da Superintendência Estadual do Ministério da Saúde no Paraná, no uso das competências conferidas pelo Decreto nº 11.126, de 08 de julho de 2022, publicado no Diário Oficial da União de 11 de julho de 2022, resolve:</p><p>Art. 1º Conceder pensão à ROSALIA RAMOS, na qualidade de companheira que comprovou união estável como entidade familiar da ex-servidora HELOISA VERA DEMARIO MENON, ocupante do cargo agente administrativo, matricula Siape 0569931, do quadro de pessoal deste Ministério da Saúde, falecida aposentada, em 22/06/2020, com fundamento no inciso IV do art. 3º da Portaria SGP/SEDGG/ME Nº 4645, de 24 de maio de 2022, c/c o art. 217 da Lei nº 8.112, de 11 de dezembro de 1990, e art. 23 da Emenda Constitucional nº 103, de 12 de novembro de 2019.</p><p>Art. 2º Os efeitos desta Portaria entram em vigor em 03/07/2021. (Processo nº 25023.000672/2021-11)</p><p class="assina">ANA CLAUDIA CORREA DE SOUZA</p>]]></Texto>
  </body>
  <Midias />
</article></xml>