﻿<xml><article id="27742673" name="DOU2-PGR-PGR-1-PT-703-UNI-PGR-00" idOficio="9058875" pubName="DO2" artType="Portaria" pubDate="30/08/2022" artClass="00043:00002:00000:00000:00000:00000:00000:00000:00000:00000:00017:00703" artCategory="Ministério Público da União/Atos do Procurador-Geral da República" artSize="12" artNotes="" numberPage="127" pdfPage="http://pesquisa.in.gov.br/imprensa/jsp/visualiza/index.jsp?data=30/08/2022&amp;jornal=529&amp;pagina=127" editionNumber="165" highlightType="" highlightPriority="" highlight="" highlightimage="" highlightimagename="" idMateria="19842076">
  <body>
    <Identifica><![CDATA[ PORTARIA PGR/MPF Nº 703, DE 25 DE AGOSTO DE 2022]]></Identifica>
    <Data><![CDATA[]]></Data>
    <Ementa />
    <Titulo />
    <SubTitulo />
    <Texto><![CDATA[<p class="identifica">PORTARIA PGR/MPF Nº 703, DE 25 DE AGOSTO DE 2022</p><p>O PROCURADOR-GERAL DA REPÚBLICA, no uso de suas atribuições, com fundamento no art. 77, parágrafo único, da Lei Complementar nº 75, de 20 de maio de 1993, considerando o previsto no art. 96, § 3º, da Lei nº 9.504, de 30 de setembro de 1997, e no art. 32 da Portaria PGR/PGE nº 1, de 9 de setembro de 2019, e tendo em vista o contido no Ofício nº 1966/2022-PRAP/GABPRE/PLDB, de 16 de agosto de 2022, da Procuradoria Regional Eleitoral no Estado do Amapá, bem como no Despacho nº 645/2022 - GAB/PGR, de 9 de maio de 2022, resolve:</p><p>Art. 1º Designar o Procurador da República MILTON TIAGO ARAUJO DE SOUZA JUNIOR para, sem prejuízo de suas atribuições, oficiar, conjuntamente e sob a coordenação do Procurador Regional Eleitoral, perante o Tribunal Regional Eleitoral do Amapá, como Procurador Regional Eleitoral Auxiliar de Propaganda, até a diplomação dos eleitos, a ocorrer em 19 de dezembro de 2022.</p><p>Art. 2º Dê-se ciência ao Grupo Executivo Nacional da Função Eleitoral.</p><p>Art. 3º Esta portaria entra em vigor na data de sua publicação.</p><p class="assina">ANTÔNIO AUGUSTO BRANDÃO DE ARAS</p>]]></Texto>
  </body>
  <Midias />
</article></xml>