﻿<xml><article id="27737996" name="portaria_4_2022 COGER" idOficio="9057997" pubName="DO2" artType="Portaria" pubDate="30/08/2022" artClass="00026:00034:00007:00000:00000:00000:00000:00000:00000:00000:00017:00000" artCategory="Ministério da Saúde/Agência Nacional de Vigilância Sanitária/Corregedoria" artSize="12" artNotes="" numberPage="120" pdfPage="http://pesquisa.in.gov.br/imprensa/jsp/visualiza/index.jsp?data=30/08/2022&amp;jornal=529&amp;pagina=120" editionNumber="165" highlightType="" highlightPriority="" highlight="" highlightimage="" highlightimagename="" idMateria="19840838">
  <body>
    <Identifica><![CDATA[ PORTARIA Nº 4, DE 25 DE AGOSTO DE 2022]]></Identifica>
    <Data><![CDATA[]]></Data>
    <Ementa />
    <Titulo />
    <SubTitulo />
    <Texto><![CDATA[<p class="identifica">PORTARIA Nº 4, DE 25 DE AGOSTO DE 2022</p><p>A CORREGEDORA DA AGÊNCIA NACIONAL DE VIGILÂNCIA SANITÁRIA, no uso de suas atribuições previstas no art. 5º do Decreto nº. 5.480, de 2005, c/c art. 178, inciso II, do Regimento Interno, aprovado pela Resolução da Diretoria Colegiada-RDC n° 585, de 10 de dezembro de 2021, publicada no DOU nº 235, de 15 de dezembro de 2021, resolve:</p><p>Art. 1º Tornar sem efeito a Portaria COGER nº 3, de 28 de julho de 2022, publicada na página 57 da Seção 2 do Diário Oficial da União DOU nº. 143, de 29 de julho de 2022.</p><p>Art. 2º Esta Portaria entra em vigor na data de sua publicação.</p><p class="assina">ALINE CAVALCANTE DOS REIS SILVA</p>]]></Texto>
  </body>
  <Midias />
</article></xml>