﻿<xml><article id="27735232" name="PORTARIA DE PESSOAL NA 9778 - Di" idOficio="9057349" pubName="DO2" artType="Portaria" pubDate="30/08/2022" artClass="00015:00041:00000:00000:00000:00000:00000:00000:00000:00000:00013:00003" artCategory="Ministério da Economia/Secretaria Especial de Desburocratização, Gestão e Governo Digital" artSize="12" artNotes="" numberPage="34" pdfPage="http://pesquisa.in.gov.br/imprensa/jsp/visualiza/index.jsp?data=30/08/2022&amp;jornal=529&amp;pagina=34" editionNumber="165" highlightType="" highlightPriority="" highlight="" highlightimage="" highlightimagename="" idMateria="19840033">
  <body>
    <Identifica><![CDATA[ PORTARIA DE PESSOAL Nº 9.778, DE 25 DE AGOSTO DE 2022]]></Identifica>
    <Data><![CDATA[]]></Data>
    <Ementa />
    <Titulo />
    <SubTitulo />
    <Texto><![CDATA[<p class="identifica">PORTARIA DE PESSOAL Nº 9.778, DE 25 DE AGOSTO DE 2022</p><p>O SECRETÁRIO ESPECIAL ADJUNTO DE DESBUROCRATIZAÇÃO, GESTÃO E GOVERNO DIGITAL DO MINISTÉRIO DA ECONOMIA, no uso de suas atribuições, e considerando a delegação de competência contida na Portaria ME nº 7.081, de 09 de agosto de 2022, publicada no Diário Oficial da União de 10 de agosto de 2022, bem como o disposto no processo SEI nº 19975.123469/2022-41, resolve:</p><p>Dispensar SAMUEL FARIAS MILANEZ, matrícula SIAPE 1164206, de Função Comissionada do Poder Executivo de Chefe de Projeto II, da Coordenação-Geral de Planejamento da Força de Trabalho, do Departamento de Provimento e Movimentação de Pessoal, da Secretaria de Gestão e Desempenho de Pessoal, da Secretaria Especial de Desburocratização, Gestão e Governo Digital, código FCPE 103.2.</p><p class="assina">CAIO CASTELLIANO DE VASCONCELOS</p>]]></Texto>
  </body>
  <Midias />
</article></xml>