﻿<xml><article id="27732275" name="portaria 56 e 58 jose iolito lop" idOficio="7350565" pubName="DO2" artType="Portaria" pubDate="30/08/2022" artClass="00014:00043:00010:00010:00000:00000:00000:00000:00000:00000:00017:00000" artCategory="Ministério do Desenvolvimento Regional/Departamento Nacional de Obras Contra as Secas/Coordenadoria Estadual em Pernambuco/Setor de Recursos Humanos" artSize="12" artNotes="" numberPage="31" pdfPage="http://pesquisa.in.gov.br/imprensa/jsp/visualiza/index.jsp?data=30/08/2022&amp;jornal=529&amp;pagina=31" editionNumber="165" highlightType="" highlightPriority="" highlight="" highlightimage="" highlightimagename="" idMateria="14829554">
  <body>
    <Identifica><![CDATA[ PORTARIAs de 15 DE AGOSTO DE 2022]]></Identifica>
    <Data><![CDATA[]]></Data>
    <Ementa />
    <Titulo />
    <SubTitulo />
    <Texto><![CDATA[<p class="identifica">PORTARIAs de 15 DE AGOSTO DE 2022</p><p>O COORDENADOR ESTADUAL DO DEPARTAMENTO NACIONAL DE OBRAS CONTRA AS SÊCAS EM PERNAMBUCO, usando da competência que lhe foi delegada através da Portaria nº 402/DG/DA/CRH , de 30 de agosto de 2013, publicada no Boletim Administrativo, Edição Extra, da mesma data, resolve:</p><p>Nº 56 - Art.1º Conceder aposentadoria voluntária o servidor José Iolito Lopes Henriques, Matrícula SIAPE 0734468, ocupante do cargo de Agente Administrativo, Código 481/004, classe S, Padrão NI III, pertencente ao Quadro da Coordenadoria Estadual do DNOCS em Pernambuco, com fundamento no art. 20, § 2º, Inciso II da Emenda Constitucional nº 103/2019, e proventos calculados pela média aritmética, nos termos do artigo 26, § 3º, inciso I do referido dispositivo legal.</p><p>Art. 2º Declarar vago o referido cargo- código 473973.</p><p>Art. 3º Esta Portaria entra em vigor na data de sua publicação. (Processo 59403.000619/2022-48).</p><p>Nº 58 - Conceder aposentadoria voluntária a servidora Marilene Querino da Silva, Matrícula SIAPE nº 0734485, ocupante do Cargo de Técnico de Colonização, código 481/333, Classe S, Padrão NI-III, pertencente ao Quadro de Pessoal desta Coordenadoria Estadual, com fundamento no Art. 3º da Emenda Constitucional nº 47/2005, combinado com § 1º do art. 3º da Emenda Constitucional nº 103/2019, declarando extinto o cargo de código nº 473988.(Processo Eletrônico SEI nº 59403.000614/2022-15).</p><p class="assina">Décio Petrônio Campos Florentino</p>]]></Texto>
  </body>
  <Midias />
</article></xml>