﻿<xml><article id="27738095" name="270-2022 in" idOficio="9058019" pubName="DO2" artType="Portaria" pubDate="30/08/2022" artClass="00018:00020:00000:00000:00000:00000:00000:00000:00000:00000:00017:00005" artCategory="Ministério da Educação/Instituto Benjamin Constant" artSize="12" artNotes="" numberPage="49" pdfPage="http://pesquisa.in.gov.br/imprensa/jsp/visualiza/index.jsp?data=30/08/2022&amp;jornal=529&amp;pagina=49" editionNumber="165" highlightType="" highlightPriority="" highlight="" highlightimage="" highlightimagename="" idMateria="19840874">
  <body>
    <Identifica><![CDATA[ PORTARIA IBC Nº 270, DE 29 DE AGOSTO DE 2022]]></Identifica>
    <Data><![CDATA[]]></Data>
    <Ementa />
    <Titulo />
    <SubTitulo />
    <Texto><![CDATA[<p class="identifica">PORTARIA IBC Nº 270, DE 29 DE AGOSTO DE 2022</p><p>O DIRETOR-GERAL DO INSTITUTO BENJAMIN CONSTANT, no uso das atribuições que lhe são conferidas pelo art. 25, inciso VII, do Regimento Interno aprovado pela Portaria MEC nº 325, de 17 de abril de 1998, e alterado pela Portaria MEC nº 310, de 03 de abril de 2018, e competência subdelegada pelo art. 1º da Portaria MEC nº 316, de 27/03/15, publicada no DOU nº 60, de 30/03/15, resolve:</p><p>Art. 1º Dispensar a servidora CAROLINE CAMARGO DO ESPÍRITO SANTO, Professora do Ensino Básico, Técnico e Tecnológico, matrícula SIAPE nº 2142571, da Função Comissionada de Coordenação de Curso Técnico em Canto, código FCC, vinculada ao Departamento de Educação do Instituto Benjamin Constant, designado pela Portaria nº 92, de 14 de março de 2019.</p><p>Art. 2º Esta portaria entra em vigor na data de sua publicação</p><p class="assina">JOÃO RICARDO MELO FIGUEIREDO</p>]]></Texto>
  </body>
  <Midias />
</article></xml>