﻿<xml><article id="27740225" name="PORTARIA AGU NA 257 - AFASTAMENT" idOficio="9058445" pubName="DO2" artType="Portaria" pubDate="30/08/2022" artClass="00006:00009:00000:00000:00000:00000:00000:00000:00000:00000:00017:00003" artCategory="Presidência da República/Advocacia-Geral da União" artSize="12" artNotes="" numberPage="1" pdfPage="http://pesquisa.in.gov.br/imprensa/jsp/visualiza/index.jsp?data=30/08/2022&amp;jornal=529&amp;pagina=1" editionNumber="165" highlightType="" highlightPriority="" highlight="" highlightimage="" highlightimagename="" idMateria="19841444">
  <body>
    <Identifica><![CDATA[ PORTARIA AGU Nº 257, DE 25 DE AGOSTO DE 2022]]></Identifica>
    <Data><![CDATA[]]></Data>
    <Ementa />
    <Titulo />
    <SubTitulo />
    <Texto><![CDATA[<p class="identifica">PORTARIA AGU Nº 257, DE 25 DE AGOSTO DE 2022</p><p><strong>O ADVOGADO-GERAL DA UNIÃO</strong>, no uso das atribuições que lhe confere o art. 4º, incisos I e XVIII, da Lei Complementar nº 73, de 10 de fevereiro de 1993, e considerando o que consta no Processo Administrativo nº 00405.051617/2021-73, resolve:</p><p><strong>AUTORIZAR</strong></p><p>o afastamento do País do Advogado da União THIAGO LINDOLPHO CHAVES, matrícula Siape nº 2027912, lotado e em exercício na Procuradoria-Geral da União, para participar da missão que se realizará no âmbito do Programa de Trabalho da<strong>United National Commission On International Trade Law</strong>(UNCITRAL), com participação no<strong>Working Group III</strong><em>:</em><strong>Investor-State Dispute Settlement Reform</strong>, no período de 3 a 18 de setembro de 2022, na cidade de Viena, Áustria, incluído o trânsito, com ônus para a Advocacia-Geral da União.</p><p class="assina">BRUNO BIANCO LEAL</p>]]></Texto>
  </body>
  <Midias />
</article></xml>