﻿<xml><article id="27738476" name="PORTARIA N 9.715 SINC 19840894" idOficio="9058032" pubName="DO2" artType="Portaria" pubDate="30/08/2022" artClass="00015:00046:00000:00000:00000:00000:00000:00000:00000:00000:00013:00001" artCategory="Ministério da Economia/Secretaria Especial do Tesouro e Orçamento" artSize="12" artNotes="" numberPage="45" pdfPage="http://pesquisa.in.gov.br/imprensa/jsp/visualiza/index.jsp?data=30/08/2022&amp;jornal=529&amp;pagina=45" editionNumber="165" highlightType="" highlightPriority="" highlight="" highlightimage="" highlightimagename="" idMateria="19840894">
  <body>
    <Identifica><![CDATA[ PORTARIA DE PESSOAL SETO/ME Nº 9.715, DE 24 DE AGOSTO DE 2022]]></Identifica>
    <Data><![CDATA[]]></Data>
    <Ementa />
    <Titulo />
    <SubTitulo />
    <Texto><![CDATA[<p class="identifica">PORTARIA DE PESSOAL SETO/ME Nº 9.715, DE 24 DE AGOSTO DE 2022</p><p>O SECRETÁRIO ESPECIAL ADJUNTO DO TESOURO E ORÇAMENTO DO MINISTÉRIO DA ECONOMIA, no uso da competência que lhe foi subdelegada pelo art. 2º da Portaria FAZENDA/ME nº 80, de 13 de fevereiro de 2019, publicada no Diário Oficial da União de 15 de fevereiro de 2019, tendo em vista os termos do art. 53 da Portaria ME nº 7.081, de 9 de agosto de 2022, publicada no Diário Oficial da União de 10 de agosto de 2022, bem como o que consta do Processo nº 17944.102989/2022-51, resolve:</p><p>Designar ALEX FABIANE TEIXEIRA, Auditor Federal de Finanças e Controle, matrícula SIAPE nº 1569502, para exercer a Função Comissionada do Poder Executivo de Coordenador-Geral de Normas de Contabilidade Aplicadas à Federação da Subsecretaria de Contabilidade Pública da Secretaria do Tesouro Nacional da Secretaria Especial do Tesouro e Orçamento, código FCPE 101.4.</p><p class="assina">JULIO ALEXANDRE MENEZES DA SILVA</p>]]></Texto>
  </body>
  <Midias />
</article></xml>