﻿<xml><article id="27733594" name="Port_P_GM_175_Desig_CRISTOVAO" idOficio="9056964" pubName="DO2" artType="Portaria" pubDate="30/08/2022" artClass="00023:00001:00000:00000:00000:00000:00000:00000:00000:00000:00013:00009" artCategory="Ministério de Minas e Energia/Gabinete do Ministro" artSize="12" artNotes="" numberPage="109" pdfPage="http://pesquisa.in.gov.br/imprensa/jsp/visualiza/index.jsp?data=30/08/2022&amp;jornal=529&amp;pagina=109" editionNumber="165" highlightType="" highlightPriority="" highlight="" highlightimage="" highlightimagename="" idMateria="19839472">
  <body>
    <Identifica><![CDATA[ PORTARIA DE PESSOAL Nº 175/GM/MME, DE 25 DE AGOSTO DE 2022]]></Identifica>
    <Data><![CDATA[]]></Data>
    <Ementa />
    <Titulo />
    <SubTitulo />
    <Texto><![CDATA[<p class="identifica">PORTARIA DE PESSOAL Nº 175/GM/MME, DE 25 DE AGOSTO DE 2022</p><p>A CHEFE DE GABINETE DO MINISTRO DE ESTADO DE MINAS E ENERGIA, no uso da competência outorgada pela Portaria MME nº 121, de 11 de fevereiro de 2019, e tendo em vista o disposto no art. 38 da Lei nº 8.112, de 11 de dezembro de 1990, resolve:</p><p>Designar CRISTOVÃO EPAMINONDAS DE LIMA, para exercer o encargo de substituto de Hiram Costa Botelho, ocupante do cargo em comissão de Coordenador da Coordenação-Geral de Tecnologia da Informação, da Subsecretaria de Planejamento, Orçamento e Administração, da Secretaria-Executiva, código DAS 101.3, nos afastamentos, impedimentos legais ou regulamentares.</p><p class="assina">ALINE DE MEDEIROS DANTAS</p>]]></Texto>
  </body>
  <Midias />
</article></xml>