﻿<xml><article id="27742631" name="DOU2-CE-1-PT-562-UNI-PR-CE-00046" idOficio="9058875" pubName="DO2" artType="Portaria" pubDate="30/08/2022" artClass="00043:00010:00029:00000:00000:00000:00000:00000:00000:00000:00017:00562" artCategory="Ministério Público da União/Ministério Público Federal/Procuradoria da República no Estado do Ceará" artSize="12" artNotes="" numberPage="130" pdfPage="http://pesquisa.in.gov.br/imprensa/jsp/visualiza/index.jsp?data=30/08/2022&amp;jornal=529&amp;pagina=130" editionNumber="165" highlightType="" highlightPriority="" highlight="" highlightimage="" highlightimagename="" idMateria="19842064">
  <body>
    <Identifica><![CDATA[ PORTARIA/GAB/CHEFIA Nº 562, DE 26 DE AGOSTO DE 2022]]></Identifica>
    <Data><![CDATA[]]></Data>
    <Ementa />
    <Titulo />
    <SubTitulo />
    <Texto><![CDATA[<p class="identifica">PORTARIA/GAB/CHEFIA Nº 562, DE 26 DE AGOSTO DE 2022</p><p>O PROCURADOR-CHEFE DA PROCURADORIA DA REPÚBLICA NO ESTADO DO CEARÁ, no uso da competência que lhe foi delegada pelo artigo 56, inciso VI, do Regimento Interno do Ministério Público Federal, aprovado pela Portaria PGR nº 357, de 05 de maio de 2015, resolve:</p><p>Dispensar FRANCISCO CARLOS NETO, matrícula 12491, ocupante do cargo de Técnico do MPU/Segurança Institucional e Transporte, da função de confiança de Coordenador de PRM - Nível I, FC-3, da Procuradoria da República no Município de Crateús.</p><p>Designar ANDRÉ LUIZ TEIXEIRA BASTOS, matrícula 22921, ocupante do cargo de Técnico do MPU/Administração, para exercer a função de confiança de Coordenador de PRM - Nível I, FC-3, da Procuradoria da República no Município de Crateús.</p><p class="assina">MARCELO MESQUITA MONTE</p>]]></Texto>
  </body>
  <Midias />
</article></xml>