﻿<xml><article id="27734605" name="PORT. 2453 PRESI CONCURSO. 1" idOficio="9057194" pubName="DO2" artType="Portaria" pubDate="30/08/2022" artClass="00022:00040:00000:00000:00000:00000:00000:00000:00000:00000:00017:00001" artCategory="Ministério do Meio Ambiente/Instituto Brasileiro do Meio Ambiente e dos Recursos Naturais Renováveis" artSize="12" artNotes="" numberPage="107" pdfPage="http://pesquisa.in.gov.br/imprensa/jsp/visualiza/index.jsp?data=30/08/2022&amp;jornal=529&amp;pagina=107" editionNumber="165" highlightType="" highlightPriority="" highlight="" highlightimage="" highlightimagename="" idMateria="19839842">
  <body>
    <Identifica><![CDATA[ PORTARIA DE PESSOAL Nº 2.453, DE 25 DE AGOSTO DE 2022]]></Identifica>
    <Data><![CDATA[]]></Data>
    <Ementa />
    <Titulo />
    <SubTitulo />
    <Texto><![CDATA[<p class="identifica">PORTARIA DE PESSOAL Nº 2.453, DE 25 DE AGOSTO DE 2022</p><p>O PRESIDENTE DO INSTITUTO BRASILEIRO DO MEIO AMBIENTE E DOS RECURSOS NATURAIS RENOVÁVEIS (Ibama), nomeado pelo Decreto não numerado, de 9 de janeiro de 2019, publicado na Seção 2, da edição extra do DOU de 9 de janeiro de 2019, no uso das atribuições que lhe conferem o art. 15, do Anexo I, do Decreto nº 11.095, de 13 de junho de 2022, que aprovou a Estrutura Regimental do Ibama, publicado no DOU de 14 de junho 2022; e,</p><p>Considerando a publicação do Edital nº 12, de 22 de agosto de 2022, na Seção 3, págs. 163 e 164 do DOU de 24 de agosto de 2022;</p><p>Considerando o constante dos autos do Processo nº 02001.011725/2020-09 e em cumprimento à decisão judicial proferida nos autos do Mandado de Segurança nº 1033236-71.2022.4.01.3400, em trâmite na 20ª Vara da Seção Judiciária do Distrito Federal, resolve:</p><p>Art. 1º. Nomear, sub judice, o candidato Jorge André Sevillis Almeida, inscrição nº 10094823, para o cargo efetivo de analista administrativo, Classe A, Padrão I, conforme disposto no Anexo I desta Portaria.</p><p>Art. 2º. A posse ocorrerá no prazo de até trinta dias contados da publicação deste ato no Diário Oficial da União.</p><p>Art. 3º. Em razão da inclusão acima, os candidatos negros ao Cargo 1: Analista Administrativo, classificados a partir da 3ª posição, passam a ter sua classificação alterada mediante a inclusão de uma unidade.</p><p>Art. 4º. Esta Portaria entra em vigor na data de sua publicação.</p><p class="assina">EDUARDO FORTUNATO BIM</p><p>ANEXO I</p><p>Cargo 1: Analista Administrativo</p><p /><p></p><table><tr /><tr><td rowspan="1" colspan="1"><p>INSCRIÇÃO</p></td><td rowspan="1" colspan="1"><p>NOME</p></td><td rowspan="1" colspan="1"><p>CLASSIFICAÇÃO</p></td><td rowspan="1" colspan="1"><p>UNIDADE DE LOTAÇÃO</p></td><td rowspan="1" colspan="1"><p>SITUAÇÃO</p></td></tr><tr><td rowspan="1" colspan="1"><p>10094823</p></td><td rowspan="1" colspan="1"><p>JORGE ANDRE SEVILLIS ALMEIDA</p></td><td rowspan="1" colspan="1"><p>3</p></td><td rowspan="1" colspan="1"><p>DF</p></td><td rowspan="1" colspan="1"><p>CANDIDATO NEGRO</p></td></tr></table>]]></Texto>
  </body>
  <Midias />
</article></xml>