﻿<xml><article id="27740445" name="PublicaAAo do dia 26 de agosto d" idOficio="9058495" pubName="DO2" artType="Portaria" pubDate="30/08/2022" artClass="00018:00120:00000:00000:00000:00000:00000:00000:00000:00000:00017:00000" artCategory="Ministério da Educação/Universidade Federal do Sul da Bahia" artSize="12" artNotes="" numberPage="85" pdfPage="http://pesquisa.in.gov.br/imprensa/jsp/visualiza/index.jsp?data=30/08/2022&amp;jornal=529&amp;pagina=85" editionNumber="165" highlightType="" highlightPriority="" highlight="" highlightimage="" highlightimagename="" idMateria="19841504">
  <body>
    <Identifica><![CDATA[ PORTARIAS de 24 DE AGOSTO DE 2022]]></Identifica>
    <Data><![CDATA[]]></Data>
    <Ementa />
    <Titulo />
    <SubTitulo />
    <Texto><![CDATA[<p class="identifica">PORTARIAS de 24 DE AGOSTO DE 2022</p><p>A REITORA da UNIVERSIDADE FEDERAL DO SUL DA BAHIA, no uso de suas atribuições legais e estatutárias, resolve:</p><p>Nº 668 - EXONERAR, a partir de 24/08/2022, o servidor ANDERSON RANGEL FREITAS DE AQUINO, matrícula SIAPE 3055611, do cargo de Chefe da Subseção de Conferência e Revisão de Documentos Oficiais, da Seção de Tramitação de Documentos, da Secretaria Executiva - Diretoria Geral, código FG-03, desta Universidade.</p><p>Nº 670 - Art 1º EXONERAR, a pedido, a servidora ROSA NEIDE OLIVEIRA DE FREITAS, matrícula SIAPE nº 0282159 do cargo de Assessor Jurídico em Assuntos de Gestão Acadêmica e Administrativa, código CD-3, da Pró-Reitoria de Planejamento e Administração da Universidade Federal do Sul da Bahia.</p><p>Art 2º - Esta Portaria entra em vigor na data de sua publicação.</p><p class="assina">Joana Angélica Guimarães da luz</p>]]></Texto>
  </body>
  <Midias />
</article></xml>