﻿<xml><article id="27742459" name="Portaria nA 4303 - Torna sem efe" idOficio="9058843" pubName="DO2" artType="Portaria" pubDate="30/08/2022" artClass="00018:00154:00026:00000:00000:00000:00000:00000:00000:00000:00017:00004" artCategory="Ministério da Educação/Universidade Federal de Uberlândia/Pró-Reitoria de Gestão de Pessoas" artSize="12" artNotes="4303" numberPage="95" pdfPage="http://pesquisa.in.gov.br/imprensa/jsp/visualiza/index.jsp?data=30/08/2022&amp;jornal=529&amp;pagina=95" editionNumber="165" highlightType="" highlightPriority="" highlight="" highlightimage="" highlightimagename="" idMateria="19842013">
  <body>
    <Identifica><![CDATA[ PORTARIA de pessoal ufu Nº 4.303, DE 26 DE AGOSTO DE 2022]]></Identifica>
    <Data><![CDATA[]]></Data>
    <Ementa />
    <Titulo />
    <SubTitulo />
    <Texto><![CDATA[<p class="identifica">PORTARIA de pessoal ufu Nº 4.303, DE 26 DE AGOSTO DE 2022</p><p>O PRÓ-REITOR DE GESTÃO DE PESSOAS DA UNIVERSIDADE FEDERAL DE UBERLÂNDIA, no uso da competência que lhe foi delegada pela Portaria R nº 95, de 05 de janeiro de 2017, publicada no Diário Oficial da União em 09 de janeiro de 2017, resolve:</p><p>Art. 1º Tornar sem efeito a nomeação de Paulo Henrique Visconde Santos, no cargo de Assistente em Administração, efetuada por meio da Portaria de Pessoal UFU nº 3.686, de 27 de julho de 2022, publicada no Diário Oficial da União de 28 de julho de 2022, seção 2, página 48, em virtude do não comparecimento para a posse no prazo estipulado no § 1º, Art. 13, da Lei 8.112/90.</p><p>Art. 2º Esta portaria entra em vigor na data de sua publicação.</p><p class="assina">MARCIO MAGNO COSTA</p>]]></Texto>
  </body>
  <Midias />
</article></xml>