﻿<xml><article id="27734872" name="PORTARIA DE PESSOAL NA 2484 DE 2" idOficio="9057276" pubName="DO2" artType="Portaria" pubDate="30/08/2022" artClass="00022:00040:00000:00000:00000:00000:00000:00000:00000:00000:00017:00006" artCategory="Ministério do Meio Ambiente/Instituto Brasileiro do Meio Ambiente e dos Recursos Naturais Renováveis" artSize="24" artNotes="" numberPage="108" pdfPage="http://pesquisa.in.gov.br/imprensa/jsp/visualiza/index.jsp?data=30/08/2022&amp;jornal=529&amp;pagina=108" editionNumber="165" highlightType="" highlightPriority="" highlight="" highlightimage="" highlightimagename="" idMateria="19839930">
  <body>
    <Identifica><![CDATA[ PORTARIA DE PESSOAL Nº 2.484, DE 26 DE AGOSTO DE 2022]]></Identifica>
    <Data><![CDATA[]]></Data>
    <Ementa />
    <Titulo />
    <SubTitulo />
    <Texto><![CDATA[<p class="identifica">PORTARIA DE PESSOAL Nº 2.484, DE 26 DE AGOSTO DE 2022</p><p>O PRESIDENTE DO INSTITUTO BRASILEIRO DO MEIO AMBIENTE E DOS RECURSOS NATURAIS RENOVÁVEIS - Ibama, no uso das atribuições que lhe conferem o art. 15 do Anexo I do Decreto nº 11.095, de 13 de junho de 2022, que aprovou a Estrutura Regimental do Ibama, publicado no Diário Oficial da União de 14 de junho de 2022, e tendo em vista o que consta do processo administrativo nº 02001.017376/2022-92 e no processo administrativo n°02001.024528/2021-22; resolve:</p><p>Art. 1º Apostilar, a contar de 1° de setembro de 2022, os atos de nomeação e designação relacionados no Anexo desta Portaria, referente as alterações na denominação dos cargos em comissão e funções de confiança, integrantes da Estrutura Regimental do Instituto Brasileiro do Meio Ambiente e dos Recursos Naturais Renováveis - IBAMA.</p><p>Art. 2º Esta Portaria entra em vigor na data de sua publicação.</p><p>ANEXO</p><p /><p></p><table><tr /><tr><td rowspan="1" colspan="12"><p>a) APOSTILA-TITULARES DE CARGOS EM COMISSÃO E FUNÇÕES CONFIANÇA DO INSTITUTO BRASILEIRO DO MEIO AMBIENTE E DOS RECURSOS NATURAIS RENOVÁVEIS - IBAMA</p></td></tr><tr><td rowspan="1" colspan="1"><p>ATO</p></td><td rowspan="1" colspan="1"><p>TITULAR</p></td><td rowspan="1" colspan="1"><p>SIAPE</p></td><td rowspan="1" colspan="1"><p>CARGO/VINCULO</p></td><td rowspan="1" colspan="4"><p>SITUAÇÃO ANTERIOR</p></td><td rowspan="1" colspan="4"><p>SITUAÇÃO ATUAL</p></td></tr><tr><td rowspan="1" colspan="1" /><td rowspan="1" colspan="1" /><td rowspan="1" colspan="1" /><td rowspan="1" colspan="1" /><td rowspan="1" colspan="1"><p>CARGO</p></td><td rowspan="1" colspan="1"><p>SIGLA</p></td><td rowspan="1" colspan="1"><p>UNIDADE</p></td><td rowspan="1" colspan="1"><p>CCE/FCE</p></td><td rowspan="1" colspan="1"><p>CARGO</p></td><td rowspan="1" colspan="1"><p>SIGLA</p></td><td rowspan="1" colspan="1"><p>UNIDADE</p></td><td rowspan="1" colspan="1"><p>CCE/FCE</p></td></tr><tr><td rowspan="1" colspan="1"><p>Portaria nº 901, de 19 de março de 2019</p></td><td rowspan="1" colspan="1"><p>RAQUEL TAITSON QUEIROZ BEVILAQUA</p></td><td rowspan="1" colspan="1"><p>1510582</p></td><td rowspan="1" colspan="1"><p>ANALISTA AMBIENTAL</p></td><td rowspan="1" colspan="1"><p>Chefe da Divisão de Assuntos Internacionais</p></td><td rowspan="1" colspan="1"><p>Dai</p></td><td rowspan="1" colspan="1"><p>Divisão de Assuntos Internacionais da Coordenação Governança e Apoio Institucional da Coordenação-Geral de Assuntos Estratégicos da Presidência</p></td><td rowspan="1" colspan="1"><p>FCE 1.07</p></td><td rowspan="1" colspan="1"><p>Chefe da Divisão de Assuntos Internacionais</p></td><td rowspan="1" colspan="1"><p>Dai</p></td><td rowspan="1" colspan="1"><p>Divisão de Assuntos Internacionais do Gabinete da Presidência</p></td><td rowspan="1" colspan="1"><p>FCE 1.07</p></td></tr><tr><td rowspan="1" colspan="1"><p>Portaria nº 3.298, de 20 de agosto de 2021</p></td><td rowspan="1" colspan="1"><p>VIVASVAN CAMPOS E PRADO</p></td><td rowspan="1" colspan="1"><p>2056970</p></td><td rowspan="1" colspan="1"><p>TECNICO ADMINISTRATIVO</p></td><td rowspan="1" colspan="1"><p>Chefe da Divisão de Assuntos Parlamentares</p></td><td rowspan="1" colspan="1"><p>Dap</p></td><td rowspan="1" colspan="1"><p>Divisão de Assuntos Parlamentares da Coordenação Governança e Apoio Institucional da Coordenação-Geral de Assuntos Estratégicos da Presidência</p></td><td rowspan="1" colspan="1"><p>FCE 1.07</p></td><td rowspan="1" colspan="1"><p>Chefe da Divisão de Assuntos Parlamentares</p></td><td rowspan="1" colspan="1"><p>Dap</p></td><td rowspan="1" colspan="1"><p>Divisão de Assuntos Parlamentares do Gabinete da Presidência</p></td><td rowspan="1" colspan="1"><p>FCE 1.07</p></td></tr></table><p /><p></p><table><tr /><tr><td rowspan="1" colspan="12"><p>b) APOSTILA-SUBSTITUTOS DE CARGOS EM COMISSÃO E FUNÇÕES CONFIANÇA DO INSTITUTO BRASILEIRO DO MEIO AMBIENTE E DOS RECURSOS NATURAIS RENOVÁVEIS - IBAMA</p></td></tr><tr><td rowspan="1" colspan="1"><p>ATO</p></td><td rowspan="1" colspan="1"><p>SUBSTITUTO</p></td><td rowspan="1" colspan="1"><p>SIAPE</p></td><td rowspan="1" colspan="1"><p>CARGO/VINCULO</p></td><td rowspan="1" colspan="4"><p>SITUAÇÃO ANTERIOR</p></td><td rowspan="1" colspan="4"><p>SITUAÇÃO ATUAL</p></td></tr><tr><td rowspan="1" colspan="1" /><td rowspan="1" colspan="1" /><td rowspan="1" colspan="1" /><td rowspan="1" colspan="1" /><td rowspan="1" colspan="1"><p>ENCARGO</p></td><td rowspan="1" colspan="1"><p>SIGLA</p></td><td rowspan="1" colspan="1"><p>UNIDADE</p></td><td rowspan="1" colspan="1"><p>CCE/FCE</p></td><td rowspan="1" colspan="1"><p>CARGO</p></td><td rowspan="1" colspan="1"><p>SIGLA</p></td><td rowspan="1" colspan="1"><p>UNIDADE</p></td><td rowspan="1" colspan="1"><p>CCE/FCE</p></td></tr><tr><td rowspan="1" colspan="1"><p>Portaria n° 2.423, de 23 de agosto de 2022</p></td><td rowspan="1" colspan="1"><p>MARCELA TARTER DA ROSA</p></td><td rowspan="1" colspan="1"><p>3303174</p></td><td rowspan="1" colspan="1"><p>ANALISTA ADMINISTRATIVO</p></td><td rowspan="1" colspan="1"><p>Chefe da Divisão de Assuntos Internacionais</p></td><td rowspan="1" colspan="1"><p>Dai</p></td><td rowspan="1" colspan="1"><p>Divisão de Assuntos Internacionais da Coordenação Governança e Apoio Institucional da Coordenação-Geral de Assuntos Estratégicos da Presidência</p></td><td rowspan="1" colspan="1"><p>FCE 1.07</p></td><td rowspan="1" colspan="1"><p>Chefe da Divisão de Assuntos Internacionais</p></td><td rowspan="1" colspan="1"><p>Dai</p></td><td rowspan="1" colspan="1"><p>Divisão de Assuntos Internacionais do Gabinete da Presidência</p></td><td rowspan="1" colspan="1"><p>FCE 1.07</p></td></tr><tr><td rowspan="1" colspan="1"><p>Portaria n° 1.888, de 18/07/2022</p></td><td rowspan="1" colspan="1"><p>PEDRO HENRIQUE BORGES SCHMIDT</p></td><td rowspan="1" colspan="1"><p>2123187</p></td><td rowspan="1" colspan="1"><p>TECNICO ADMINISTRATIVO</p></td><td rowspan="1" colspan="1"><p>Chefe da Divisão de Assuntos Parlamentares</p></td><td rowspan="1" colspan="1"><p>Dap</p></td><td rowspan="1" colspan="1"><p>Divisão de Assuntos Parlamentares da Coordenação Governança e Apoio Institucional da Coordenação-Geral de Assuntos Estratégicos da Presidência</p></td><td rowspan="1" colspan="1"><p>FCE 1.07</p></td><td rowspan="1" colspan="1"><p>Chefe da Divisão de Assuntos Parlamentares</p></td><td rowspan="1" colspan="1"><p>Dap</p></td><td rowspan="1" colspan="1"><p>Divisão de Assuntos Parlamentares do Gabinete da Presidência</p></td><td rowspan="1" colspan="1"><p>FCE 1.07</p></td></tr></table><p class="assina">EDUARDO FORTUNATO BIM</p>]]></Texto>
  </body>
  <Midias />
</article></xml>