﻿<xml><article id="27738893" name="PT GABAER 1.065 GC1 2022" idOficio="9058149" pubName="DO2" artType="Portaria" pubDate="30/08/2022" artClass="00013:00010:00001:00006:00000:00000:00000:00000:00000:00000:00017:00008" artCategory="Ministério da Defesa/Comando da Aeronáutica/Gabinete do Comandante/Assessoria de Recursos Humanos" artSize="12" artNotes="" numberPage="15" pdfPage="http://pesquisa.in.gov.br/imprensa/jsp/visualiza/index.jsp?data=30/08/2022&amp;jornal=529&amp;pagina=15" editionNumber="165" highlightType="" highlightPriority="" highlight="" highlightimage="" highlightimagename="" idMateria="19841080">
  <body>
    <Identifica><![CDATA[ PORTARIA GABAER Nº 1.065/GC1, DE 26 DE AGOSTO DE 2022]]></Identifica>
    <Data><![CDATA[]]></Data>
    <Ementa />
    <Titulo />
    <SubTitulo />
    <Texto><![CDATA[<p class="identifica">PORTARIA GABAER Nº 1.065/GC1, DE 26 DE AGOSTO DE 2022</p><p>O COMANDANTE DA AERONÁUTICA, de acordo com a delegação de competência constante no Decreto nº 8.798, de 4 de julho de 2016, e o que consta do Processo nº 67200.005430/2022-56, resolve:</p><p>Designar, por necessidade do serviço, os militares abaixo relacionados para cumprirem a missão nº 04/COMPREP/PARTE III/PLAMENS EXT 2023 - HAF RIG COURSE - Curso de Manutenção 2º Nível em Componentes de Ar e Combustível, na Empresa SAAB, na cidade de Linköping, estado de Östergötland, Suécia, de acordo com as datas abaixo relacionadas:</p><p>I - 25 de dezembro de 2022 - autorização para ausentar-se do país;</p><p>II - 9 de janeiro de 2023 - início da missão PLAMENS EXT;</p><p>III - 14 de abril de 2023 - término da missão PLAMENS EXT; e</p><p>IV - 28 de abril de 2023 - término do trânsito.</p><p>A missão é considerada transitória, sem mudança de sede, de natureza militar e período máximo de retribuição no exterior de 125 dias, na forma da Lei nº 5.809, de 10 de outubro de 1972, regulamentada pelo Decreto nº 71.733, de 18 de janeiro de 1973, observado o disposto na ICA 35-8, de 20 de dezembro de 2018, e na ICA 37-770, de 10 de janeiro de 2019.</p><p>Primeiro-Sargento BMA JOSÉ LUIZ CAMARGO DA SILVA JUNIOR (Nr Ord 4095723/BAAN);</p><p>Primeiro-Sargento BMA SHALLON DA SILVA (Nr Ord 4201230/BAAN);</p><p>Segundo-Sargento BMA FABRÍCIO FERNANDES FRANCO (Nr Ord 4358848/BAAN); e</p><p>Segundo-Sargento BMA KENNEDY CARLOS TOLENTINO TRINDADE (Nr Ord 6238041/BAAN).</p><p class="assina">Ten Brig Ar CARLOS DE ALMEIDA BAPTISTA JUNIOR</p>]]></Texto>
  </body>
  <Midias />
</article></xml>