﻿<xml><article id="27739741" name="PORTARIA NA 1116 DE 22 DE AGOSTO" idOficio="9058337" pubName="DO2" artType="Portaria" pubDate="30/08/2022" artClass="00019:00001:00000:00000:00000:00000:00000:00000:00000:00000:00017:01116" artCategory="Ministério da Infraestrutura/Gabinete do Ministro" artSize="12" artNotes="" numberPage="96" pdfPage="http://pesquisa.in.gov.br/imprensa/jsp/visualiza/index.jsp?data=30/08/2022&amp;jornal=529&amp;pagina=96" editionNumber="165" highlightType="" highlightPriority="" highlight="" highlightimage="" highlightimagename="" idMateria="19841325">
  <body>
    <Identifica><![CDATA[ PORTARIA Nº 1.116, DE 22 DE AGOSTO DE 2022]]></Identifica>
    <Data><![CDATA[]]></Data>
    <Ementa />
    <Titulo />
    <SubTitulo />
    <Texto><![CDATA[<p class="identifica">PORTARIA Nº 1.116, DE 22 DE AGOSTO DE 2022</p><p>O MINISTRO DE ESTADO DA INFRAESTRUTURA, no uso da competência que lhe confere o art. 87, parágrafo único, da Constituição Federal c/c o artigo 143, da Lei nº 8.112, de 11 de dezembro de 1990, resolve:</p><p>Art. 1º Reconduzir a Comissão de Processo Administrativo Disciplinar, designada pela Portaria nº 42, de 2 de março de 2021, publicada no Diário Oficial da União nº 41, de 3 de março de 2021, seção 2, p. 39, e tendo como último ato a Portaria nº 350, de 31 de março de 2022, publicada no Diário Oficial da União nº 68, de 8 de abril de 2022, seção 2, p. 45, referente ao Processo nº 50000.020168/2018-47, ante as razões apresentadas pela Comissão Processante.</p><p>Art. 2º Substituir os membros, PAULO CELSO GUIMARÃES DE BARROS MENGATTI, Especialista em Infraestrutura Sênior, matrícula SIAPE nº 3666639, por ESTER FRANCISCO DE MORAIS OLIVEIRA, Agente Administrativo, matrícula SIAPE nº 1817948, e DENISE RIOS EHNDO, Agente Administrativo, matrícula SIAPE nº 1083877, por MARIANE ROVARIS, Analista Técnico Administrativo, matrícula SIAPE nº 1808947.</p><p>Art. 3º Designar MARIANE ROVARIS, Analista Técnico Administrativo, matrícula SIAPE nº 1808947, para atuar como Presidente da Comissão.</p><p>Art. 4º Fica estabelecido o prazo de 60 (sessenta) dias para a conclusão dos trabalhos e apresentação do relatório conclusivo.</p><p>Art. 5º Esta Portaria entra em vigor na data de sua publicação, ficando convalidados todos os atos praticados desde a vigência da Portaria nº 350, de 31 de março de 2022.</p><p class="assina">MARCELO SAMPAIO CUNHA FILHO</p>]]></Texto>
  </body>
  <Midias />
</article></xml>