﻿<xml><article id="27740152" name="DouRTFReitor25082022" idOficio="9058432" pubName="DO2" artType="Portaria" pubDate="30/08/2022" artClass="00018:00111:00000:00000:00000:00000:00000:00000:00000:00000:00013:00002" artCategory="Ministério da Educação/Universidade Federal do Rio de Janeiro" artSize="12" artNotes="7841" numberPage="79" pdfPage="http://pesquisa.in.gov.br/imprensa/jsp/visualiza/index.jsp?data=30/08/2022&amp;jornal=529&amp;pagina=79" editionNumber="165" highlightType="" highlightPriority="" highlight="" highlightimage="" highlightimagename="" idMateria="19841430">
  <body>
    <Identifica><![CDATA[ PORTARIAs dE 25 de Agosto  de 2022]]></Identifica>
    <Data><![CDATA[]]></Data>
    <Ementa />
    <Titulo />
    <SubTitulo />
    <Texto><![CDATA[<p class="identifica">PORTARIAs dE 25 de Agosto de 2022</p><p>A Reitora da Universidade Federal do Rio de Janeiro, no uso de suas atribuições conferidas pelo Decreto de 31 de Maio de 2019, publicado no Diário Oficial da União de 03 de Junho de 2019, resolve:</p><p>Nº 7.841 - Dispensar, a pedido, LETICIA REBOLLO COUTO, Matrícula Siape nº 0366113, Professor do Magistério Superior, da Função Gratificada de Coordenador de Pós-Graduação do Curso de Letras Neolatinas, do(a) Faculdade de Letras, FUC-1, processo nº 23079.222422/22-40.</p><p>Nº 7.842 - Designar DEISE CRISTINA DE LIMA PICANCO, Matrícula Siape nº 1209897, Professor do Magistério Superior, para exercer por 2 anos , o mandato de Coordenador de Pós-Graduação do Curso de Letras Neolatinas, do(a) Faculdade de Letras, FUC-1, processo nº 23079.222422/22-40.</p><p>Nº 7.846 - Dispensar, a pedido, ANA MARIA DANIEL DE SOUZA, Matrícula Siape nº 0360428, Administrador de Edifícios, da Função Gratificada de Chefe da Administração da Sede, do(a) Centro de Filosofia e Ciências Humanas, FG-2, processo nº 23079.237032/22-74.</p><p>Nº 7.847 - Designar LUIZ CARLOS ARAUJO DA SILVA, Matrícula Siape nº 1971963, Administrador de Edifícios, para exercer a Função Gratificada de Chefe da Administração da Sede, do(a) Centro de Filosofia e Ciências Humanas, FG-2, processo nº 23079.237032/22-74.</p><p>Nº 7.848 - Dispensar, DANIELA SALES ALVIANO MORENO, Matrícula Siape nº 2570257, Professor do Magistério Superior, da Função Gratificada de Chefe do Departamento de Microbiologia Geral, do(a) Instituto de Microbiologia Paulo de Góes - IMPG, FG-1, processo nº 23079.235887/22-61.</p><p>Nº 7.849 - Designar DANIELA SALES ALVIANO MORENO, Matrícula Siape nº 2570257, Professor do Magistério Superior, para exercer por 2 anos , o mandato de Chefe do Departamento de Microbiologia Geral, do(a) Instituto de Microbiologia Paulo de Góes - IMPG, FG-1, processo nº 23079.235887/22-61.</p><p>Nº 7.852 - Dispensar, ANTONIO FERREIRA PEREIRA, Matrícula Siape nº 1211690, Professor do Magistério Superior, da Função Gratificada de Chefe do Serviço de Microbiologia Geral IM/CCS, do(a) Instituto de Microbiologia Paulo de Góes - IMPG, FG-6, processo nº 23079.235887/22-61.</p><p>Nº 7.853 - Designar ANTONIO FERREIRA PEREIRA, Matrícula Siape nº 1211690, Professor do Magistério Superior, para exercer a Função Gratificada de Chefe do Serviço de Microbiologia Geral IM/CCS, do(a) Instituto de Microbiologia Paulo de Góes - IMPG, FG-6, processo nº 23079.235887/22-61.</p><p class="assina">DENISE PIRES DE CARVALHO</p>]]></Texto>
  </body>
  <Midias />
</article></xml>