﻿<xml><article id="27733261" name="PORTARIA DGP-PF NA 19.672-ROSINE" idOficio="9056820" pubName="DO2" artType="Portaria" pubDate="30/08/2022" artClass="00020:00028:00015:00004:00001:00001:00000:00000:00000:00000:00017:00000" artCategory="Ministério da Justiça e Segurança Pública/Polícia Federal/Diretoria de Gestão de Pessoal/Coordenação-Geral de Recursos Humanos/Divisão de Administração de Recursos Humanos/Serviço de Aposentadorias e Pensões" artSize="12" artNotes="" numberPage="103" pdfPage="http://pesquisa.in.gov.br/imprensa/jsp/visualiza/index.jsp?data=30/08/2022&amp;jornal=529&amp;pagina=103" editionNumber="165" highlightType="" highlightPriority="" highlight="" highlightimage="" highlightimagename="" idMateria="19839371">
  <body>
    <Identifica><![CDATA[ PORTARIA DGP/PF Nº 19.672, DE 23 DE AGOSTO DE 2022]]></Identifica>
    <Data><![CDATA[]]></Data>
    <Ementa />
    <Titulo />
    <SubTitulo />
    <Texto><![CDATA[<p class="identifica">PORTARIA DGP/PF Nº 19.672, DE 23 DE AGOSTO DE 2022</p><p>A DIRETORA DE GESTÃO DE PESSOAL DA POLÍCIA FEDERAL, no uso das atribuições que lhe são conferidas pelos incisos XIV e XIX do art. 43 do Regimento Interno da Polícia Federal, aprovado pela Portaria MSP nº 155, de 27/09/2018, publicada no DOU nº 200, de 17/10/2018, tendo em vista a decisão proferida no Processo Judicial nº 0002334-14.2020.4.02.0000 (processo originário nº 0221721-59.2017.4.02.5101), bem como o que consta do Processo nº 08455.003401/1990-88 e do Parecer de Força Executória nº 00108/2022/GAB2R/PRU2R/PGU/AGU, resolve:</p><p>Art. 1º Restabelecer o benefício de pensão por morte de ROSINEA MARIA VERISSIMO, filha maior do ex-servidor HERODICE VERÍSSIMO, matrícula SIAPE nº 188016.</p><p>Art. 2º Os efeitos desta Portaria entram em vigor em 25/07/2022 (data da intimação da União).</p><p class="assina">MARIANA PARANHOS CALDERON</p>]]></Texto>
  </body>
  <Midias />
</article></xml>