﻿<xml><article id="27732209" name="PORTARIA N 2.670 SINC 19839282" idOficio="9056744" pubName="DO2" artType="Portaria" pubDate="30/08/2022" artClass="00027:00002:00000:00000:00000:00000:00000:00000:00000:00000:00017:00004" artCategory="Ministério do Trabalho e Previdência/Secretaria Executiva" artSize="12" artNotes="" numberPage="121" pdfPage="http://pesquisa.in.gov.br/imprensa/jsp/visualiza/index.jsp?data=30/08/2022&amp;jornal=529&amp;pagina=121" editionNumber="165" highlightType="" highlightPriority="" highlight="" highlightimage="" highlightimagename="" idMateria="19839282">
  <body>
    <Identifica><![CDATA[ PORTARIA SE/MTP Nº 2.670, DE 26 DE AGOSTO DE 2022]]></Identifica>
    <Data><![CDATA[]]></Data>
    <Ementa />
    <Titulo />
    <SubTitulo />
    <Texto><![CDATA[<p class="identifica">PORTARIA SE/MTP Nº 2.670, DE 26 DE AGOSTO DE 2022</p><p>O SECRETÁRIO-EXECUTIVO DO MINISTÉRIO DO TRABALHO E PREVIDÊNCIA, no uso de suas atribuições e tendo em vista o art. 9º da Portaria MTP nº 158, de 1º de setembro de 2021, publicada no DOU de 2 de setembro de 2021, seção 1, página 152, resolve:</p><p>Designar ANDERSON SOUZA DE ARAÚJO, matrícula nº 1779907, para exercer a função de Coordenador de Planejamento e Gestão, código FCE 1.10, da Coordenação-Geral de Governança e Gestão Estratégica, da Diretoria de Tecnologia da Informação da Secretaria de Gestão Corporativa desta Secretaria-Executiva. (Processo nº 19958.100827/2022-55).</p><p class="assina">LUCIO RODRIGUES CAPELLETTO</p>]]></Texto>
  </body>
  <Midias />
</article></xml>