﻿<xml><article id="27734953" name="Portaria 3PC2 5.001 de 25 AGO 20" idOficio="9057311" pubName="DO2" artType="Portaria" pubDate="30/08/2022" artClass="00013:00010:00012:00046:00000:00000:00000:00000:00000:00000:00017:00000" artCategory="Ministério da Defesa/Comando da Aeronáutica/Comando-Geral do Pessoal/Diretoria de Administração do Pessoal" artSize="12" artNotes="" numberPage="21" pdfPage="http://pesquisa.in.gov.br/imprensa/jsp/visualiza/index.jsp?data=30/08/2022&amp;jornal=529&amp;pagina=21" editionNumber="165" highlightType="" highlightPriority="" highlight="" highlightimage="" highlightimagename="" idMateria="19839966">
  <body>
    <Identifica><![CDATA[ PORTARIA DIRAP Nº 5.001/3PC2, DE 25 DE AGOSTO DE 2022]]></Identifica>
    <Data><![CDATA[]]></Data>
    <Ementa />
    <Titulo />
    <SubTitulo />
    <Texto><![CDATA[<p class="identifica">PORTARIA DIRAP Nº 5.001/3PC2, DE 25 DE AGOSTO DE 2022</p><p>O DIRETOR DE ADMINISTRAÇÃO DO PESSOAL, no uso da competência que lhe foi subdelegada pela Portaria nº 377/GC3, de 7 de julho de 2011, Art. 1º, inciso VI, publicada no DOU nº 130, Seção 1, de 8 de julho de 2011, e considerando o Processo nº 67107.008871/2020-14, resolve:</p><p>Art. 1° Conceder aposentadoria a MÁRCIA KALIL AIDÉ (Nr Ord 4536932), SIAPE nº 0214024, no cargo de Médico, código 480151, classe "S", padrão III, NS, de acordo com o Art. 3º da Emenda Constitucional nº 47, de 5 de julho de 2005, assegurado pelo Art. 3° da Emenda Constitucional n° 103, de 13 de novembro de 2019. Código de vaga nº 91394.</p><p>Art. 2° Esta Portaria entra em vigor na data de sua publicação.</p><p class="assina">Maj Brig Ar FERNANDO CÉSAR DA COSTA E SILVA BRAGA</p>]]></Texto>
  </body>
  <Midias />
</article></xml>