﻿<xml><article id="27737210" name="2022_143_188_DOU_3" idOficio="9057841" pubName="DO2" artType="Portaria" pubDate="30/08/2022" artClass="00043:00012:00016:00000:00000:00000:00000:00000:00000:00000:00017:00000" artCategory="Ministério Público da União/Ministério Público do Trabalho/Procuradoria Regional do Trabalho da 15ª Região" artSize="12" artNotes="" numberPage="134" pdfPage="http://pesquisa.in.gov.br/imprensa/jsp/visualiza/index.jsp?data=30/08/2022&amp;jornal=529&amp;pagina=134" editionNumber="165" highlightType="" highlightPriority="" highlight="" highlightimage="" highlightimagename="" idMateria="19840652">
  <body>
    <Identifica><![CDATA[ PORTARIA Nº 188, DE 25 DE AGOSTO DE 2022]]></Identifica>
    <Data><![CDATA[]]></Data>
    <Ementa />
    <Titulo />
    <SubTitulo />
    <Texto><![CDATA[<p class="identifica">PORTARIA Nº 188, DE 25 DE AGOSTO DE 2022</p><p>O PROCURADOR-CHEFE DA PROCURADORIA REGIONAL DO TRABALHO DA 15ª REGIÃO, no uso de suas atribuições legais que lhe foram delegadas pela Portaria PGT nº 1.728, de 2.10.2017, nos termos do art. 92, inciso II, da Lei Complementar nº 75, de 20.5.1993; e considerando o que consta no PGEA 20.02.1500.0000615/2022-04, resolve:</p><p>I - Designar a servidora GABRIELA COSTA E SILVA, matrícula nº 6007287-3, ocupante do cargo de Analista do MPU/Direito, para o encargo de substituta do cargo em comissão de Chefe da Assessoria Jurídica do 23º Ofício da Procuradoria Regional do Trabalho da 15ª Região em Campinas/SP, código CC-2.</p><p class="assina">DIMAS MOREIRA DA SILVA</p>]]></Texto>
  </body>
  <Midias />
</article></xml>