﻿<xml><article id="27737744" name="Portaria 507-1" idOficio="9057917" pubName="DO2" artType="Portaria" pubDate="30/08/2022" artClass="00018:00138:00001:00000:00000:00000:00000:00000:00000:00000:00017:00002" artCategory="Ministério da Educação/Fundação Universidade Federal de Mato Grosso/Gabinete da Reitoria" artSize="12" artNotes="" numberPage="91" pdfPage="http://pesquisa.in.gov.br/imprensa/jsp/visualiza/index.jsp?data=30/08/2022&amp;jornal=529&amp;pagina=91" editionNumber="165" highlightType="" highlightPriority="" highlight="" highlightimage="" highlightimagename="" idMateria="19840758">
  <body>
    <Identifica><![CDATA[ PORTARIA Nº 507, DE 24 DE AGOSTO DE 2022]]></Identifica>
    <Data><![CDATA[]]></Data>
    <Ementa />
    <Titulo />
    <SubTitulo />
    <Texto><![CDATA[<p class="identifica">PORTARIA Nº 507, DE 24 DE AGOSTO DE 2022</p><p>O Reitor da Universidade Federal de Mato Grosso, no uso de suas atribuições legais, resolve:</p><p>Aplicar a penalidade de CASSAÇÃO DE APOSENTADORIA, prevista no inciso IV do Art.127 da Lei 8.112/90, a Servidora Pública Federal, Márcia Auxiliadora de Campos, CPF nº 161.XXX.XXX-XX, tendo em vista a tipificação da infração funcional e a inobservância dos deveres funcionais, prevista no inciso XII do artigo 132 da Lei 8.112/90, em conformidade com o PARECER n. 00470/2022/GAB/PFFUFMT/PGF/AGU (5023227). Esta Portaria entra em vigor a partir de sua publicação. (Processo nº 23108.217881/2017-50).</p><p class="assina">EVANDRO APARECIDO SOARES DA SILVA</p><p class="identifica">PORTARIA Nº 509, DE 25 DE AGOSTO DE 2022</p><p>O Reitor da Universidade Federal de Mato Grosso, no uso de suas atribuições legais, resolve:</p><p>Tornar sem efeito a Portaria Reitoria - UFMT nº 405, de 27/07/2021, em atendimento ao Acórdão nº 4101/2022 - TCU - 2ª Câmara, de 09/08/2022, que retificou a Portaria Reitoria 340, de 18/06/2021, da Concessão da aposentadoria voluntária, do servidor ALDECI BORGES DE BARROS, matricula 416493, CPF nº 229.XXX.XXX-25 ocupante do cargo de Vigilante. (Processo nº 23108.037188/2021-81).</p><p class="assina">EVANDRO APARECIDO SOARES DA SILVA</p>]]></Texto>
  </body>
  <Midias />
</article></xml>