﻿<xml><article id="27735755" name="RESOLUAAO NA 34 DE 18 DE AGOSTO " idOficio="9057501" pubName="DO2" artType="Resolução" pubDate="30/08/2022" artClass="00024:00018:00000:00000:00000:00000:00000:00000:00000:00000:00023:00000" artCategory="Ministério da Mulher, da Família e dos Direitos Humanos/Comitê Nacional de Prevenção e Combate à Tortura" artSize="12" artNotes="" numberPage="110" pdfPage="http://pesquisa.in.gov.br/imprensa/jsp/visualiza/index.jsp?data=30/08/2022&amp;jornal=529&amp;pagina=110" editionNumber="165" highlightType="" highlightPriority="" highlight="" highlightimage="" highlightimagename="" idMateria="19840208">
  <body>
    <Identifica><![CDATA[ RESOLUÇÃO Nº 34, DE 18 DE AGOSTO DE 2022]]></Identifica>
    <Data><![CDATA[]]></Data>
    <Ementa />
    <Titulo />
    <SubTitulo />
    <Texto><![CDATA[<p class="identifica">RESOLUÇÃO Nº 34, DE 18 DE AGOSTO DE 2022</p><p>A PRESIDENTE DO COMITÊ NACIONAL DE PREVENÇÃO E COMBATE À TORTURA, no uso da atribuição que lhe confere o § 4º do art. 10 do Decreto nº 8.154, de 16 de dezembro de 2013, da Presidência da República, e considerando a deliberação do Plenário do Mecanismo Nacional de Prevenção e Combate à Tortura - MNPCT na Reunião Ordinária, em 17 de novembro de 2021, resolve:</p><p>Art. 1º Designar, a contar de 26 de novembro de 2021, pelo período de 1 (um) ano, como responsável pela Coordenação-Geral do Mecanismo Nacional de Prevenção e Combate à Tortura o servidor ROGÉRIO DUARTE GUEDES, perito do MNPCT, ocupante do cargo de Assessor do MNPCT, código CCE 2.13.</p><p>Parágrafo único. Nas ausências e impedimentos legais do responsável titular de que trata o caput, designa-se a servidora ANA VALESKA DUARTE, perita do MNPCT, ocupante do cargo de Assessora do MNPCT, código CCE 2.13.</p><p>Art. 2º Esta Resolução entra em vigor na data de sua publicação.</p><p class="assina">CRISTIANE RODRIGUES BRITTO</p>]]></Texto>
  </body>
  <Midias />
</article></xml>