﻿<xml><article id="27741325" name="2.Port. nA 643 - ReversAo de apo" idOficio="9058648" pubName="DO2" artType="Portaria" pubDate="30/08/2022" artClass="00018:00001:00000:00000:00000:00000:00000:00000:00000:00000:00017:00000" artCategory="Ministério da Educação/Gabinete do Ministro" artSize="12" artNotes="" numberPage="46" pdfPage="http://pesquisa.in.gov.br/imprensa/jsp/visualiza/index.jsp?data=30/08/2022&amp;jornal=529&amp;pagina=46" editionNumber="165" highlightType="" highlightPriority="" highlight="" highlightimage="" highlightimagename="" idMateria="19841726">
  <body>
    <Identifica><![CDATA[ PORTARIA Nº 643, DE 25 DE AGOSTO DE 2022]]></Identifica>
    <Data><![CDATA[]]></Data>
    <Ementa />
    <Titulo />
    <SubTitulo />
    <Texto><![CDATA[<p class="identifica">PORTARIA Nº 643, DE 25 DE AGOSTO DE 2022</p><p>O MINISTRO DE ESTADO DA EDUCAÇÃO, no uso da atribuição que lhe confere o art. 87, parágrafo único, inciso IV, da Constituição, considerando o disposto no art. 25, inciso I, da Lei nº 8.112, de 11 de dezembro de 1990, e no art. 2º, inciso I, do Decreto nº 3.644, de 30 de outubro de 2000, e, tendo em vista o que consta do Processo nº 23089.003381/2022-75, resolve:</p><p>Art. 1º Reverter a aposentadoria concedida à servidora AMANDA SANTOS COIMBRA, Matrícula Siape nº 1446097, ocupante do cargo de Auxiliar de Enfermagem, código de vaga nº 0673553, da Universidade Federal de São Paulo - Unifesp, em virtude do contido no Laudo Médico Pericial nº 083.815/2022, emitido por junta médica oficial, que declarou insubsistentes os motivos que a levaram à aposentadoria por invalidez, devendo a servidora exercer suas atribuições junto ao quadro de pessoal permanente daquela Universidade.</p><p>Art. 2º Esta Portaria entra em vigor na data de sua publicação.</p><p class="assina">VICTOR GODOY VEIGA</p>]]></Texto>
  </body>
  <Midias />
</article></xml>