﻿<xml><article id="27739834" name="Despacho Afastamento Anderson Fe" idOficio="9058360" pubName="DO2" artType="Portaria" pubDate="30/08/2022" artClass="00014:00002:00011:00000:00000:00000:00000:00000:00000:00000:00017:00000" artCategory="Ministério do Desenvolvimento Regional/Secretaria Executiva/Secretaria de Coordenação e Gestão" artSize="12" artNotes="" numberPage="30" pdfPage="http://pesquisa.in.gov.br/imprensa/jsp/visualiza/index.jsp?data=30/08/2022&amp;jornal=529&amp;pagina=30" editionNumber="165" highlightType="" highlightPriority="" highlight="" highlightimage="" highlightimagename="" idMateria="19841348">
  <body>
    <Identifica><![CDATA[ DESPACHO]]></Identifica>
    <Data><![CDATA[]]></Data>
    <Ementa />
    <Titulo />
    <SubTitulo />
    <Texto><![CDATA[<p class="identifica">DESPACHO</p><p>O SECRETÁRIO DE COORDENAÇÃO E GESTÃO DA SECRETARIA EXECUTIVA DO MINISTÉRIO DO DESENVOLVIMENTO REGIONAL, considerando o disposto no Decreto nº 1.387, de 7 de fevereiro de 1995; na Portaria MDR nº 3.108, de 9 de dezembro de 2021; na subdelegação de competência do art. 1º da Portaria SE/MDR nº 1.555, de 19 de maio de 2022; e no Processo Administrativo nº 59000.014270/2022-64, resolve:</p><p>AUTORIZAR o afastamento do País, no período de 30 de agosto a 1º de setembro de 2022, com ônus limitado para este Ministério, do servidor ANDERSON FELIPE DE MEDEIROS BEZERRA, matrícula SIAPE nº 1052260, Coordenador-Geral de Gestão dos Recursos Hídricos do Departamento de Recursos Hídricos e Revitalização de Bacias Hidrográficas da Secretaria Nacional de Segurança Hídrica deste Ministério do Desenvolvimento Regional, para participar da Reunião de Coordenadores Nacionais de Projetos: "Implementação do Programa de Ação Estratégica do Sistema guarani de aquíferos (SAG): Viabilizando Ações Regionais" que ocorrerá no Escritório da UNESCO (Luis Piera 1992), que será realizada nos dias 31 de agosto a 1º de setembro de 2022, em Montevidéu/Uruguai.</p><p class="assina">FABRICIO MOURA MOREIRA</p>]]></Texto>
  </body>
  <Midias />
</article></xml>