﻿<xml><article id="27740622" name="Portaria 775" idOficio="9058527" pubName="DO2" artType="Portaria" pubDate="30/08/2022" artClass="00047:00041:00001:00000:00000:00000:00000:00000:00000:00000:00017:00000" artCategory="Poder Judiciário/Tribunal Regional do Trabalho da 2ª Região/Diretoria-Geral da Administração" artSize="12" artNotes="" numberPage="143" pdfPage="http://pesquisa.in.gov.br/imprensa/jsp/visualiza/index.jsp?data=30/08/2022&amp;jornal=529&amp;pagina=143" editionNumber="165" highlightType="" highlightPriority="" highlight="" highlightimage="" highlightimagename="" idMateria="19841551">
  <body>
    <Identifica><![CDATA[ PORTARIA DG/SGP Nº 775, de 24 de agosto de 2022]]></Identifica>
    <Data><![CDATA[]]></Data>
    <Ementa />
    <Titulo />
    <SubTitulo />
    <Texto><![CDATA[<p class="identifica">PORTARIA DG/SGP Nº 775, de 24 de agosto de 2022</p><p>O DIRETOR-GERAL DA ADMINISTRAÇÃO DO TRIBUNAL REGIONAL DO TRABALHO DA 2ª REGIÃO, no uso da atribuição que lhe foi delegada por meio do Ato GP nº 22/2020, artigo 1º, inciso XVII, alínea "l", e tendo em vista o que consta do PROAD nº 35347/2019, resolve:</p><p>Art. 1º Conceder aposentadoria por invalidez, com proventos integrais, ao servidor Eduardo de Camargo, matrícula nº 69.400, no cargo de Técnico Judiciário, Área Administrativa, padrão C.NI.13, do Quadro Permanente da Secretaria deste Tribunal, com fundamento no artigo 40, § 1º, inciso I, da Constituição Federal, com redação dada pela EC nº 41/2003 , c/c o artigo 6º-A, da EC nº 41/2003, c/c o artigo 186, inciso I, § 1º, da Lei nº 8.112/90 e com o artigo 3º da EC nº 103/19, acrescidos das vantagens a que faz jus.</p><p>Art. 2º Esta Portaria entra em vigor na data de sua publicação.</p><p class="assina">RÔMULO BORGES ARAÚJO</p>]]></Texto>
  </body>
  <Midias />
</article></xml>