﻿<xml><article id="27734623" name="Despacho Pinheiro" idOficio="9057201" pubName="DO2" artType="Despacho" pubDate="30/08/2022" artClass="00018:00117:00001:00000:00000:00000:00000:00000:00000:00000:00013:00004" artCategory="Ministério da Educação/Universidade Federal de Santa Catarina/Gabinete do Reitor" artSize="12" artNotes="" numberPage="84" pdfPage="http://pesquisa.in.gov.br/imprensa/jsp/visualiza/index.jsp?data=30/08/2022&amp;jornal=529&amp;pagina=84" editionNumber="165" highlightType="" highlightPriority="" highlight="" highlightimage="" highlightimagename="" idMateria="19839849">
  <body>
    <Identifica><![CDATA[ Despacho dE 22 de agosto de 2022]]></Identifica>
    <Data><![CDATA[]]></Data>
    <Ementa />
    <Titulo />
    <SubTitulo />
    <Texto><![CDATA[<p class="identifica">Despacho dE 22 de agosto de 2022</p><p>O Reitor da Universidade Federal de Santa Catarina, no uso de suas atribuições legais e estatutárias, AUTORIZA o afastamento do país de:</p><p>LUIZ CARLOS PINHEIRO MACHADO FILHO, SIAPE 1158176, ocupante do cargo de Professor, lotado no Departamento de Zootecnia e Desenvolvimento, para participar de missão de trabalho na 32º Conferência anual da European Association for International Education - EAIE, em Barcelona, Espanha, no período de 11/09/2022 a 17/09/2022, com ônus UFSC.</p><p class="assina">IRINEU MANOEL DE SOUZA</p>]]></Texto>
  </body>
  <Midias />
</article></xml>