﻿<xml><article id="27737945" name="ATO PORTARIA NA 2376" idOficio="9057986" pubName="DO2" artType="Portaria" pubDate="30/08/2022" artClass="00018:00133:00000:00000:00000:00000:00000:00000:00000:00000:00017:02376" artCategory="Ministério da Educação/Fundação Universidade Federal do Acre" artSize="12" artNotes="" numberPage="90" pdfPage="http://pesquisa.in.gov.br/imprensa/jsp/visualiza/index.jsp?data=30/08/2022&amp;jornal=529&amp;pagina=90" editionNumber="165" highlightType="" highlightPriority="" highlight="" highlightimage="" highlightimagename="" idMateria="19840824">
  <body>
    <Identifica><![CDATA[ PORTARIA Nº 2.376, DE 26 DE AGOSTO DE 2022]]></Identifica>
    <Data><![CDATA[]]></Data>
    <Ementa />
    <Titulo />
    <SubTitulo />
    <Texto><![CDATA[<p class="identifica">PORTARIA Nº 2.376, DE 26 DE AGOSTO DE 2022</p><p>A REITORA DA UNIVERSIDADE FEDERAL DO ACRE, no uso de suas atribuições conferidas pelo Decreto de 9 de agosto de 2022, publicado no Diário Oficial da União (DOU) nº 151, Seção 2, Página 1, de 10 de agosto de 2022, combinado com o Art. 80, Incisos I e III, do Regimento Geral da Ufac; de acordo com o Edital de Concurso Público de Provas PRODGEP nº 01/2022; e considerando o que consta no processo nº 23107.022234/2022-39, resolve:</p><p>Art. 1º NOMEAR, em caráter efetivo, nos termos da Lei nº 8.112/1990, para o Quadro Permanente de Pessoal Técnico-Administrativo, do Campus da Universidade Federal do Acre em Rio Branco, o candidato conforme quadro a seguir:</p><p>Assistente em Administração - Ampla Concorrência</p><p /><p></p><table><tr /><tr><td rowspan="1" colspan="1"><p>Classificação</p></td><td rowspan="1" colspan="1"><p>Nome</p></td><td rowspan="1" colspan="1"><p>Regime</p></td></tr><tr><td rowspan="1" colspan="1"><p>16º</p></td><td rowspan="1" colspan="1"><p>William Ponte de Souza</p></td><td rowspan="1" colspan="1"><p>40h</p></td></tr></table><p>Art. 2º A posse ocorrerá no prazo de 30 (trinta) dias, contados da publicação deste ato no Diário Oficial da União, de acordo com o § 1º, do Art. 13, da Lei nº. 8.112/1990.</p><p>Art. 3º Esta portaria entra em vigor na data de publicação no Diário Oficial da União (DOU).</p><p class="assina">MARGARIDA DE AQUINO CUNHA</p>]]></Texto>
  </body>
  <Midias />
</article></xml>