﻿<xml><article id="27734362" name="ATO PORTARIA DE PESSOAL CGBEN NA" idOficio="9057129" pubName="DO2" artType="Portaria" pubDate="30/08/2022" artClass="00015:00041:00034:00008:00003:00000:00000:00000:00000:00000:00017:00003" artCategory="Ministério da Economia/Secretaria Especial de Desburocratização, Gestão e Governo Digital/Secretaria de Gestão e Desempenho de Pessoal/Departamento de Centralização de Serviços de Inativos, Pensionistas e Órgãos Extintos/Coordenação-Geral de Benefícios" artSize="12" artNotes="" numberPage="41" pdfPage="http://pesquisa.in.gov.br/imprensa/jsp/visualiza/index.jsp?data=30/08/2022&amp;jornal=529&amp;pagina=41" editionNumber="165" highlightType="" highlightPriority="" highlight="" highlightimage="" highlightimagename="" idMateria="19839749">
  <body>
    <Identifica><![CDATA[ PORTARIA DE PESSOAL CGBEN/DECIPEX/SGP/SEDGG/ME Nº 9.686, DE 23 DE AGOSTO DE 2022]]></Identifica>
    <Data><![CDATA[]]></Data>
    <Ementa />
    <Titulo />
    <SubTitulo />
    <Texto><![CDATA[<p class="identifica">PORTARIA DE PESSOAL CGBEN/DECIPEX/SGP/SEDGG/ME Nº 9.686, DE 23 DE AGOSTO DE 2022</p><p>O COORDENADOR-GERAL DE BENEFÍCIOS DO DEPARTAMENTO DE CENTRALIZAÇÃO DE SERVIÇOS DE INATIVOS, PENSIONISTAS E ÓRGÃOS EXTINTOS, DA SECRETARIA DE GESTÃO E DESEMPENHO DE PESSOAL, DA SECRETARIA ESPECIAL DE DESBUROCRATIZAÇÃO, GESTÃO E GOVERNO DIGITAL, DO MINISTÉRIO DA ECONOMIA, no uso da competência atribuída pela Portaria nº 13.530, de 27 de dezembro de 2018, publicada no DOU de 28 de dezembro de 2018, em cumprimento à decisão judicial proferida pelo Juízo da Vara Federal da SSJ de Jequié-BA, nos autos do Processo nº 0004386-48.2018.4.01.3308, e considerando o disposto no Processo Sei nº 00745.010020/2022-07, resolve:</p><p>Art. 1° Conceder pensão ao senhor ANIVALDO DA SILVA CARNEIRO, na condição de filho inválido do ex-servidor ANTONIO BISPO CARNEIRO DA SILVA, matrícula SIAPE n° 0854599, aposentado no cargo de Auxiliar Operacional de Serviços e Engenharia, oriundo do Ministério da Infraestrutura, falecido em 01 de março de 2018, com vigência a contar de 23 de agosto de 2016, data do requerimento administrativo, estipulada na Sentença/PARECER DE FORÇA EXECUTÓRIA n. 01788/2022/COREJEFNE/PRU1R/PGU/AGU, de 08 de agosto de 2022.</p><p>Art. 2º Esta Portaria entra em vigor na data de sua publicação.</p><p class="assina">PABLO MARCOS GOMES LEITE</p>]]></Texto>
  </body>
  <Midias />
</article></xml>