﻿<xml><article id="27743761" name="7900" idOficio="9059048" pubName="DO2" artType="Portaria" pubDate="30/08/2022" artClass="00018:00111:00017:00000:00000:00000:00000:00000:00000:00000:00017:00013" artCategory="Ministério da Educação/Universidade Federal do Rio de Janeiro/Pró-Reitoria de Pessoal" artSize="12" artNotes="" numberPage="81" pdfPage="http://pesquisa.in.gov.br/imprensa/jsp/visualiza/index.jsp?data=30/08/2022&amp;jornal=529&amp;pagina=81" editionNumber="165" highlightType="" highlightPriority="" highlight="" highlightimage="" highlightimagename="" idMateria="19842330">
  <body>
    <Identifica><![CDATA[ PORTARIA Nº 7.900, DE 25 DE AGOSTO DE 2022]]></Identifica>
    <Data><![CDATA[]]></Data>
    <Ementa />
    <Titulo />
    <SubTitulo />
    <Texto><![CDATA[<p class="identifica">PORTARIA Nº 7.900, DE 25 DE AGOSTO DE 2022</p><p>O Pró-Reitor de Pessoal da Universidade Federal do Rio de Janeiro, no uso da competência delegada pela Portaria n.º 10.120, de 16 de dezembro de 2021, publicada no Diário Oficial da União n.º 237, de 17 de dezembro de 2021, e considerando o disposto no Processo n.º 23079.002890/2017-32, resolve:</p><p>Conceder aposentadoria voluntária à servidora ROSELI DE SOUZA MEDEIROS, matrícula SIAPE n.º 0359699, ocupante do cargo de Administrador, Classificação: E, Capacitação: 4, Padrão: 16, no regime de 40 horas semanais de trabalho do Quadro de Pessoal desta Universidade, com fundamento no art. 6°, incisos I, II, III e IV, da EC 41/03, c/c o art. 3º, §1º, da EC 103/2019, com a vantagem do art. 62-A, da Lei 8.112/90, e proventos integrais.</p><p class="assina">Karla da Rocha Rodrigues Simas</p><p class="cargo">Substituta</p>]]></Texto>
  </body>
  <Midias />
</article></xml>