﻿<xml><article id="27735481" name="Portarias de 26 de agosto de 202" idOficio="9057423" pubName="DO2" artType="Portaria" pubDate="30/08/2022" artClass="00018:00076:00001:00000:00000:00000:00000:00000:00000:00000:00017:00000" artCategory="Ministério da Educação/Instituto Federal de Educação, Ciência e Tecnologia do Sudeste de Minas Gerais/Reitoria" artSize="12" artNotes="" numberPage="63" pdfPage="http://pesquisa.in.gov.br/imprensa/jsp/visualiza/index.jsp?data=30/08/2022&amp;jornal=529&amp;pagina=63" editionNumber="165" highlightType="" highlightPriority="" highlight="" highlightimage="" highlightimagename="" idMateria="19840121">
  <body>
    <Identifica><![CDATA[ PORTARIAS DE 26 DE AGOSTO DE 2022]]></Identifica>
    <Data><![CDATA[]]></Data>
    <Ementa />
    <Titulo />
    <SubTitulo />
    <Texto><![CDATA[<p class="identifica">PORTARIAS DE 26 DE AGOSTO DE 2022</p><p>O Substituto do Reitor do Instituto Federal de Educação, Ciência e Tecnologia do Sudeste de Minas Gerais, no uso de suas atribuições legais, conferidas pela Portaria GABREITOR/IFMGSE nº 354/2021, de 27-04-2021, publicada no Diário Oficial da União, Edição nº 78, de 28-04-2021, Seção 2, página 27, e, considerando o Requerimento de Exoneração-Vacância-Dispensa a Pedido (022.7) Nº 9/2022 - PROADM, de 25-08-2022, resolve:</p><p>Nº 823 - Art. 1º Dispensar, a pedido, o servidor BRUNO CEZAR AMORIM DE CASTRO, matrícula Siape 187****, da função de Coordenador de Execução Orçamentária do IF Sudeste MG - Reitoria, código FG-01, a partir de 25-08-2022. Art. 2º Esta Portaria entra em vigor na data de sua publicação no Diário Oficial da União.</p><p>Nº 824 - Art. 1º Dispensar, a pedido, o servidor BRUNO CEZAR AMORIM DE CASTRO, matrícula Siape 187****, do cargo de Substituto da Diretora de Orçamento e Finanças do IF Sudeste MG, código CD-03, a partir de 25-08-2022. Art. 2º Esta Portaria entra em vigor na data de sua publicação no Diário Oficial da União.</p><p class="assina">Damião de Sousa Vieira Júnior</p>]]></Texto>
  </body>
  <Midias />
</article></xml>