﻿<xml><article id="27740715" name="PORTARIA NA 696 DE 26 DE AGOSTO " idOficio="9058546" pubName="DO2" artType="Portaria" pubDate="30/08/2022" artClass="00018:00054:00001:00000:00000:00000:00000:00000:00000:00000:00017:6962022" artCategory="Ministério da Educação/Instituto Federal de Educação, Ciência e Tecnologia Fluminense/Reitoria" artSize="12" artNotes="" numberPage="54" pdfPage="http://pesquisa.in.gov.br/imprensa/jsp/visualiza/index.jsp?data=30/08/2022&amp;jornal=529&amp;pagina=54" editionNumber="165" highlightType="" highlightPriority="" highlight="" highlightimage="" highlightimagename="" idMateria="19841574">
  <body>
    <Identifica><![CDATA[ PORTARIA Nº 696/REIT/IFFLU, DE 26 DE AGOSTO DE 2022]]></Identifica>
    <Data><![CDATA[]]></Data>
    <Ementa />
    <Titulo />
    <SubTitulo />
    <Texto><![CDATA[<p class="identifica">PORTARIA Nº 696/REIT/IFFLU, DE 26 DE AGOSTO DE 2022</p><p>O REITOR DO INSTITUTO FEDERAL DE EDUCAÇÃO, CIÊNCIA E TECNOLOGIA FLUMINENSE - IFFLUMINENSE, no uso das atribuições legais que lhe conferem a Lei nº 11.892 de 29 de dezembro de 2008; a Portaria MEC nº 645, de 17 de agosto de 2021 e o Decreto Presidencial de 03 de abril de 2020, publicado no DOU de 06 de abril de 2020.</p><p>CONSIDERANDO: - O Ofício nº 22 - DECASJB/DGCASJB/REIT/IFFLU, constante do Processo nº 23317.004631.2022-53, resolve:</p><p>Art. 1º Dispensar o servidor ALEX SOUSA SALES, Matrícula SIAPE 3143549, do quadro permanente deste IFFluminense, ocupante do cargo de Administrador, lotado no Campus Avançado São João da Barra, da função de Diretor de Ensino Substituto, código CD-4.</p><p>Art. 2º Dispensar o servidor DAVID DE ANDRADE COSTA, Matrícula SIAPE 3070092, do quadro permanente deste IFFluminense, ocupante do cargo de Professor do Ensino Básico, Técnico e Tecnológico, lotado no Campus Avançado São João da Barra, da função de Diretor de Ensino Substituto, código CD-4.</p><p>Art. 3º Designar a servidora ALESSANDRA DA ROCHA, Matrícula SIAPE 2175297, do quadro permanente deste IFFluminense, ocupante do cargo de Pedagogo/Área, para exercer no Campus Avançado São João da Barra, a função de Diretora de Ensino Substituta, código CD-4, nas ausências, afastamentos e impedimentos legais do titular.</p><p>Art. 4º Designar a servidora JULIANA BARRETO DA SILVA, Matrícula SIAPE 1883914, do quadro permanente deste IFFluminense, ocupante do cargo de Professor do Ensino Básico, Técnico e Tecnológico, para exercer no Campus Avançado São João da Barra, a função de Diretora de Ensino Substituta, código CD-4, nas ausências, afastamentos e impedimentos legais do titular.</p><p>Art. 5º Esta portaria entra em vigor na data de sua publicação no Diário Oficial da União.</p><p class="assina">JEFFERSON MANHÃES DE AZEVEDO</p>]]></Texto>
  </body>
  <Midias />
</article></xml>