﻿<xml><article id="27742306" name="DOU2-SP-1-PT-525-UNI-PR-SP-00107" idOficio="9058810" pubName="DO2" artType="Portaria" pubDate="30/08/2022" artClass="00043:00010:00047:00000:00000:00000:00000:00000:00000:00000:00017:00525" artCategory="Ministério Público da União/Ministério Público Federal/Procuradoria da República no Estado de São Paulo" artSize="12" artNotes="" numberPage="131" pdfPage="http://pesquisa.in.gov.br/imprensa/jsp/visualiza/index.jsp?data=30/08/2022&amp;jornal=529&amp;pagina=131" editionNumber="165" highlightType="" highlightPriority="" highlight="" highlightimage="" highlightimagename="" idMateria="19841974">
  <body>
    <Identifica><![CDATA[ PORTARIA Nº 525, DE 24 de agosto de 2022]]></Identifica>
    <Data><![CDATA[]]></Data>
    <Ementa />
    <Titulo />
    <SubTitulo />
    <Texto><![CDATA[<p class="identifica">PORTARIA Nº 525, DE 24 de agosto de 2022</p><p>O PROCURADOR-CHEFE DA PROCURADORIA DA REPÚBLICA NO ESTADO DE SÃO PAULO, no uso de suas atribuições previstas no inciso II, artigo 50 da Lei Complementar nº 75, de 20 de maio de 1993, e no Regimento Interno Administrativo do MPF, aprovado pela Portaria n.º SG/MPF n.º 382, de 05 de maio de 2015, resolve:</p><p>1. Dispensar, a partir de 16/08/2022, a servidora ELIZABETH FONTES BATISTA, Matrícula nº 3771, ocupante do cargo de Técnico do MPU/Administração, da Função de Confiança de Assistente - Nível II do Gabinete do Procurador Roberto Farah Torres, FC-2, da Procuradoria da República no Município de Santos.</p><p>2. Designar a servidora MONIQUE DE GODOY FROES, Matrícula nº 26582, ocupante do cargo de Técnico do MPU/Administração, para a Função de Confiança de Assistente - Nível II do Gabinete do Procurador Roberto Farah, FC-2, da Procuradoria da República no Município de Santos.</p><p class="assina">MARCOS ANGELO GRIMONE</p>]]></Texto>
  </body>
  <Midias />
</article></xml>