﻿<xml><article id="27732254" name="PT 2665 E 2666" idOficio="9056733" pubName="DO2" artType="Portaria" pubDate="30/08/2022" artClass="00027:00002:00000:00000:00000:00000:00000:00000:00000:00000:00017:00003" artCategory="Ministério do Trabalho e Previdência/Secretaria Executiva" artSize="12" artNotes="" numberPage="121" pdfPage="http://pesquisa.in.gov.br/imprensa/jsp/visualiza/index.jsp?data=30/08/2022&amp;jornal=529&amp;pagina=121" editionNumber="165" highlightType="" highlightPriority="" highlight="" highlightimage="" highlightimagename="" idMateria="19839271">
  <body>
    <Identifica><![CDATA[ PORTARIAS SE/MTP DE 25 DE AGOSTO DE 2022]]></Identifica>
    <Data><![CDATA[]]></Data>
    <Ementa />
    <Titulo />
    <SubTitulo />
    <Texto><![CDATA[<p class="identifica">PORTARIAS SE/MTP DE 25 DE AGOSTO DE 2022</p><p>O SECRETÁRIO-EXECUTIVO DO MINISTÉRIO DO TRABALHO E PREVIDÊNCIA, no uso de suas atribuições e tendo em vista o art. 9º da Portaria MTP nº 158, de 1º de setembro de 2021, publicada no DOU de 2 de setembro de 2021, seção 1, página 152, resolve:</p><p>Nº 2.665 - Dispensar, a pedido, a contar de 04 julho de 2022, SHAKTI PRATES BORELA, matrícula nº 775100, da função de Chefe do Setor de Fiscalização do Trabalho, código FCE 1.02, da Seção de Fiscalização do Trabalho da Superintendência Regional do Trabalho no Distrito Federal. (Processo nº 19964.107961/2022-06).</p><p>Nº 2.666 - Dispensar, a pedido, a contar de 04 de julho de 2022, SHAKTI PRATES BORELA, matrícula nº 775100, do encargo de substituta eventual do Chefe da Seção de Fiscalização do Trabalho, código FCE 1.03, da Superintendência Regional do Trabalho no Distrito Federal. (Processo nº 19964.107961/2022-06).</p><p class="assina">LUCIO RODRIGUES CAPELLETTO</p>]]></Texto>
  </body>
  <Midias />
</article></xml>