﻿<xml><article id="27741454" name="PORTARIA SGA 1247 ANDREA CRISTIN" idOficio="9058678" pubName="DO2" artType="Portaria" pubDate="30/08/2022" artClass="00006:00009:00012:00000:00000:00000:00000:00000:00000:00000:00017:00005" artCategory="Presidência da República/Advocacia-Geral da União/Secretaria-Geral de Administração" artSize="12" artNotes="" numberPage="2" pdfPage="http://pesquisa.in.gov.br/imprensa/jsp/visualiza/index.jsp?data=30/08/2022&amp;jornal=529&amp;pagina=2" editionNumber="165" highlightType="" highlightPriority="" highlight="" highlightimage="" highlightimagename="" idMateria="19841763">
  <body>
    <Identifica><![CDATA[ PORTARIA SGA/AGU Nº 1.247, DE 24 DE AGOSTO DE 2022]]></Identifica>
    <Data><![CDATA[]]></Data>
    <Ementa />
    <Titulo />
    <SubTitulo />
    <Texto><![CDATA[<p class="identifica">PORTARIA SGA/AGU Nº 1.247, DE 24 DE AGOSTO DE 2022</p><p><strong>A SECRETÁRIA-GERAL DE ADMINISTRAÇÃO</strong><strong>DA ADVOCACIA-GERAL DA UNIÃO</strong>, no uso das atribuições que lhe foram subdelegadas pela Portaria AGU nº 347, de 23 de setembro de 2020, tendo em vista o disposto no art. 38 da Lei nº 8.112, de 11 de dezembro de 1990, e considerando o que consta no Processo Administrativo nº 00693.000582/2021-14, resolve:</p><p><strong>DISPENSAR</strong></p><p>ANDREA CRISTINA DE SOUZA, matrícula Siape nº 465635, Técnica de Nível Médio, do encargo de substituta eventual do Coordenador, código CCE 1.10 (330004), da Coordenação de Governança, da Coordenação-Geral de Governança e Gestão, da Diretoria de Tecnologia da Informação, da Secretaria-Geral de Administração.</p><p class="assina">IÊDA APARECIDA DE MOURA CAGNI</p>]]></Texto>
  </body>
  <Midias />
</article></xml>