﻿<xml><article id="27734275" name="Port 24 08 2022" idOficio="9057118" pubName="DO2" artType="Portaria" pubDate="30/08/2022" artClass="00018:00117:00001:00000:00000:00000:00000:00000:00000:00000:00013:00001" artCategory="Ministério da Educação/Universidade Federal de Santa Catarina/Gabinete do Reitor" artSize="12" artNotes="1758" numberPage="83" pdfPage="http://pesquisa.in.gov.br/imprensa/jsp/visualiza/index.jsp?data=30/08/2022&amp;jornal=529&amp;pagina=83" editionNumber="165" highlightType="" highlightPriority="" highlight="" highlightimage="" highlightimagename="" idMateria="19839721">
  <body>
    <Identifica><![CDATA[ PORTARIAS DE 24 DE AGOSTO DE 2022]]></Identifica>
    <Data><![CDATA[]]></Data>
    <Ementa />
    <Titulo />
    <SubTitulo />
    <Texto><![CDATA[<p class="identifica">PORTARIAS DE 24 DE AGOSTO DE 2022</p><p>O REITOR DA UNIVERSIDADE FEDERAL DE SANTA CATARINA, no uso de suas atribuições, resolve:</p><p>Nº 1.758 - Art. 1º Dispensar, a partir de 18 de Agosto de 2022, Thayse Kiatkoski Neves, SECRETÁRIO EXECUTIVO, SIAPE nº 2037401, do exercício da função de Coordenadora de Gestão de Processos - CGP/GR/UFSC, código FG1, para a qual foi designada pela Portaria nº 509/2019/GR, de 13 de março de 2019, tendo em vista a autorização de alteração de exercício da referida servidora, de acordo com a Portaria de Pessoal SGP/SEDGG/ME nº 8.856, de 4 de agosto de 2022.</p><p>Art. 2º Revogar, a partir de 18 de agosto de 2022, a Portaria nº 110/2017/GR, de 11 de janeiro de 2017.(Ref. Sol. 49209/2022)</p><p>Nº 1.759 - Art. 1º Dispensar Emanuella Kátia da Conceição dos Santos, ASSISTENTE EM ADMINISTRAÇÃO, SIAPE nº 2136643, do exercício da função de Coordenadora Administrativa e Financeira do Gabinete da Reitoria, código FG1, para a qual foi designada pela Portaria nº 2257/2015/GR, de 22 de dezembro de 2015, tendo em vista que a servidora assumirá outra função.</p><p>Art. 2º Esta Portaria entra em vigor na data de sua publicação no Diário Oficial da União.(Ref. Sol. 49209/2022)</p><p>Nº 1.760 - Art. 1º Designar GRAZIELE VENTURA KOERICH RODRIGUES, ASSISTENTE EM ADMINISTRAÇÃO, SIAPE nº 2708894, para exercer a função de Coordenadora Administrativa e Financeira do Gabinete da Reitoria.</p><p>Art. 2º Atribuir à servidora a função gratificada FG1, integrante do Quadro Distributivo de Cargos de Direção e Funções Gratificadas.</p><p>Art. 3º Esta Portaria entra em vigor na data de sua publicação no Diário Oficial da União.(Ref. Sol. 49209/2022)</p><p>Nº 1.761 - Dispensar, a partir de 01 de Setembro de 2022, Rodrigo Acosta Pereira, PROFESSOR MAGISTÉRIO SUPERIOR, classe D, nível 1, SIAPE nº 2722440, do exercício da função de Coordenador do Mestrado Profissional em Letras - CMPL/CCE, código FCC, para a qual foi designado pela Portaria nº 1134/2021/GR, de 22 de Julho de 2021, tendo em vista que o servidor assumirá outra função.(Ref. Sol. 23080.038986/2022-67)</p><p>Nº 1.762 - Art. 1º Designar, a partir de 01 de Setembro de 2022, Rodrigo Acosta Pereira, PROFESSOR MAGISTÉRIO SUPERIOR, classe D, nível 1, SIAPE nº 2722440, para exercer a função de Chefe do Departamento de Lingua e Literatura Vernáculas - DLLV/CCE da Universidade Federal de Santa Catarina, para mandato de 2 anos.</p><p>Art. 2º Atribuir ao servidor a função gratificada FG1, integrante do Quadro Distributivo de Cargos de Direção e Funções Gratificadas.(Ref. Sol. 23080.038986/2022-67)</p><p>Nº 1.765 - Art. 1º Designar, a partir de 01 de Setembro de 2022, ROSANGELA HAMMES RODRIGUES, PROFESSOR MAGISTÉRIO SUPERIOR, classe E, SIAPE nº 1160051, para exercer a função de Coordenadora do Mestrado Profissional em Letras - CMPL/CCE, para completar mandato a expirar-se em 20 de Agosto de 2023.</p><p>Art. 2º Atribuir à servidora a Função Comissionada de Curso, código FCC.(Ref. Sol. 47352/2022)</p><p>Nº 1.767 - Dispensar, a partir de 31 de Julho de 2022, DWAYNE LUIZA SCHMIDT, ASSISTENTE EM ADMINISTRAÇÃO, SIAPE nº 2996796, do exercício da função de Coordenador de Saúde Suplementar - CSSU/DAS/PRODEGESP, código FG1, para a qual foi designada pela Portaria nº 699/2022/GR, de 10 de Maio de 2022, tendo em vista seu pedido de licença para tratar de interesses particulares.(Ref. Sol. OF E 27/DAS/PRODEGESP/2022)</p><p class="assina">IRINEU MANOEL DE SOUZA</p>]]></Texto>
  </body>
  <Midias />
</article></xml>