﻿<xml><article id="27732050" name="2022-808 VACANCIA DE VICTOR HUGO" idOficio="9056666" pubName="DO2" artType="Portaria" pubDate="30/08/2022" artClass="00018:00122:00000:00000:00000:00000:00000:00000:00000:00000:00017:00001" artCategory="Ministério da Educação/Universidade Federal do Triângulo Mineiro" artSize="12" artNotes="808" numberPage="85" pdfPage="http://pesquisa.in.gov.br/imprensa/jsp/visualiza/index.jsp?data=30/08/2022&amp;jornal=529&amp;pagina=85" editionNumber="165" highlightType="" highlightPriority="" highlight="" highlightimage="" highlightimagename="" idMateria="19839195">
  <body>
    <Identifica><![CDATA[ PORTARIA DE PESSOAL Nº 808, DE 25 DE AGOSTO DE 2022]]></Identifica>
    <Data><![CDATA[]]></Data>
    <Ementa />
    <Titulo />
    <SubTitulo />
    <Texto><![CDATA[<p class="identifica">PORTARIA DE PESSOAL Nº 808, DE 25 DE AGOSTO DE 2022</p><p>O REITOR DA UNIVERSIDADE FEDERAL DO TRIÂNGULO MINEIRO - UFTM, nomeado pelo Presidente da República, por meio do Decreto de 17 de junho de 2019, publicado no Diário Oficial da União do dia 18 subsequente, no uso de suas atribuições regimentais, de acordo com o Processo SEI/UFTM nº 23085.011002/2022-51, resolve:</p><p>Art. 1º Declarar vago o cargo de ADMINISTRADOR, código de vaga n° 0975145, carga horária de 40 HORAS SEMANAIS, ocupado pelo servidor VICTOR HUGO GATTO, matrícula SIAPE 3302334, por motivo de posse em outro cargo inacumulável, com base no artigo 33, inciso VIII, da Lei nº. 8.112/90.</p><p>Art. 2º Esta Portaria de Pessoal entra em vigor na data de sua publicação, com efeitos a partir de 29 de agosto de 2022.</p><p class="assina">LUIZ FERNANDO RESENDE DOS SANTOS ANJO</p>]]></Texto>
  </body>
  <Midias />
</article></xml>