﻿<xml><article id="27740424" name="SIAFI - CG Sydney - 26ago2022" idOficio="9058489" pubName="DO2" artType="Portaria" pubDate="30/08/2022" artClass="00025:00081:00000:00000:00000:00000:00000:00000:00000:00000:00017:00000" artCategory="Ministério das Relações Exteriores/Consulado-Geral do Brasil em Sydney" artSize="12" artNotes="" numberPage="111" pdfPage="http://pesquisa.in.gov.br/imprensa/jsp/visualiza/index.jsp?data=30/08/2022&amp;jornal=529&amp;pagina=111" editionNumber="165" highlightType="" highlightPriority="" highlight="" highlightimage="" highlightimagename="" idMateria="19841498">
  <body>
    <Identifica><![CDATA[ PORTARIA DE 12 DE AGOSTO DE 2022]]></Identifica>
    <Data><![CDATA[]]></Data>
    <Ementa />
    <Titulo />
    <SubTitulo />
    <Texto><![CDATA[<p class="identifica">PORTARIA DE 12 DE AGOSTO DE 2022</p><p>O CÔNSUL-GERAL DO BRASIL EM SYDNEY, na qualidade de ordenador de despesas, titular, da UG240269, e no uso de suas atribuições previstas na Instrução Normativa TCU n° 84, de 22 de abril de 2020, do Tribunal de Contas da União (TCU), no que se refere à composição do Rol de responsáveis do posto como Unidade Gestora 240269, no Sistema Integrado de Administração Financeira do Governo Federal, resolve:</p><p>Dispensar SÉRGIO EUGÊNIO DE RISIOS BATH, ministro de primeira classe do quadro do pessoal do Ministério das Relações Exteriores, CPF n° 179.176.971-34, da função de ordenador de despesas, titular.</p><p>Designar MARISA DE PAIVA KENICKE SCHPATOFF, conselheira do quadro do pessoal do Ministério das Relações Exteriores, CPF n° 510.601.599-53, como ordenadora de despesas, substituta.</p><p>Designar HELENA MASSOTE DE MOURA E SOUSA, segunda-secretária do quadro do pessoal do Ministério das Relações Exteriores, CPF n° 057.649.846-70, como gestora orçamentária e financeira, titular.</p><p>Designar LEONARDO GOMES NOGUEIRA RABELO, segundo-secretário do quadro do pessoal do Ministério das Relações Exteriores, CPF n° 027.832.884-94, como gestor orçamentário e financeiro, substituto.</p><p>Designar RAFAEL PEIXOTO DE SOUZA, oficial de chancelaria do quadro do pessoal do Ministério das Relações Exteriores, CPF n° 933.733.501-82, como responsável, titular, pela conformidade dos registros de gestão.</p><p>Designar JOÃO PAULO MARQUES SCHITTINI, oficial de chancelaria do quadro do pessoal do Ministério das Relações Exteriores, CPF n° 083.806.657-75, como responsável, substituto, pela conformidade dos registros de gestão.</p><p>Designar MANOEL DE SOUSA MEDEIROS, assistente de chancelaria do quadro do pessoal do Ministério das Relações Exteriores, CPF n° 247.576.241-15, como responsável, titular, pela gestão de patrimônio e bens móveis desta UG.</p><p>Designar ROSARIA ALVES DE URANY, assistente de chancelaria do quadro do pessoal do Ministério das Relações Exteriores, CPF n° 093.270.451-49, como responsável, substituta, pela gestão de patrimônio e bens móveis desta UG.</p><p class="assina">JORGE KADRI</p>]]></Texto>
  </body>
  <Midias />
</article></xml>