﻿<xml><article id="27733786" name="PORTARIA N 4451 E 4452 FUNASA-PR" idOficio="9056993" pubName="DO2" artType="Portaria" pubDate="30/08/2022" artClass="00026:00039:00000:00000:00000:00000:00000:00000:00000:00000:00017:00000" artCategory="Ministério da Saúde/Fundação Nacional de Saúde" artSize="12" artNotes="" numberPage="120" pdfPage="http://pesquisa.in.gov.br/imprensa/jsp/visualiza/index.jsp?data=30/08/2022&amp;jornal=529&amp;pagina=120" editionNumber="165" highlightType="" highlightPriority="" highlight="" highlightimage="" highlightimagename="" idMateria="19839524">
  <body>
    <Identifica><![CDATA[ PORTARIAS DO PRESIDENTE DA FUNASA de 25 DE AGOSTO DE 2022 ]]></Identifica>
    <Data><![CDATA[]]></Data>
    <Ementa />
    <Titulo />
    <SubTitulo />
    <Texto><![CDATA[<p class="identifica">PORTARIAS DO PRESIDENTE DA FUNASA de 25 DE AGOSTO DE 2022</p><p>O PRESIDENTE DA FUNDAÇÃO NACIONAL DE SAÚDE, no exercício da competência que lhe confere o art. 14, inciso VIII, do Estatuto aprovado pelo Decreto 8.867 de 3/10/2016, publicado no D.O.U. de 4/10/2016, resolve:</p><p>Nº 4.451 - Designar FLÁVIO CAVALCANTE REIS para exercer no período de 22/8 a 20/9/2022, o encargo de substituto da Coordenação de Recuperação de Créditos e outros Assuntos Jurídicos da Procuradoria Federal Especializada da Fundação Nacional de Saúde, DAS-101.3, código 50.0037. (NUP 25100.006102/2022-55)</p><p>Nº 4.452 - Designar ILKO MACHADO DE CARVALHO para exercer no período de 24/8 a 2/9/2022, o encargo de substituto da Coordenação Jurídica de Convênios e Instrumentos Congêneres para Fomento do Saneamento Básico da Procuradoria Federal Especializada da Fundação Nacional de Saúde, DAS-101.3, código 50.0035. (NUP 25100.006102/2022-55)</p><p class="assina">MIGUEL DA SILVA MARQUES</p>]]></Texto>
  </body>
  <Midias />
</article></xml>