﻿<xml><article id="27743152" name="Notificacao1 Maj Affe" idOficio="9058943" pubName="DO2" artType="Edital de Notificação" pubDate="30/08/2022" artClass="00099:00013:00011:00007:00001:00092:00000:00000:00000:00000:00000:00007:00000" artCategory="Editais e Avisos/Ministério da Defesa" artSize="12" artNotes="" numberPage="148" pdfPage="http://pesquisa.in.gov.br/imprensa/jsp/visualiza/index.jsp?data=30/08/2022&amp;jornal=529&amp;pagina=148" editionNumber="165" highlightType="" highlightPriority="" highlight="" highlightimage="" highlightimagename="" idMateria="19842169">
  <body>
    <Identifica><![CDATA[ edital DE NOTIFICAÇÃO]]></Identifica>
    <Data><![CDATA[]]></Data>
    <Ementa />
    <Titulo />
    <SubTitulo />
    <Texto><![CDATA[<p class="identifica">edital DE NOTIFICAÇÃO</p><p>O Batalhão Central de Manutenção e Suprimento, com o objetivo de apurar os fatos narrados na Portaria nº 11 - Cmt/S2, de 1º de junho de 2022, por motivo de endereço incerto de testemunha e por ter sido infrutífera a notificação mediante os correios, contato telefônico, ato de notificação anteriormente publicado e e-mail, vem por meio desta, notificar o Sra KEILA GONÇALVES DA ROCHA DE FRANÇA, para que possa comparecer em 1 de setembro de 2022, as 09:30 h, na sala do Subcomandante desta Organização Militar, na Estrada São Pedro de Alcântara 3506, Magalhães Bastos, Rio de Janeiro, RJ, afim de prestar declarações, na qualidade de testemunha, em sindicância instaurada e conduzida por oficial legalmente instituído.</p><p class="assina">Ten Cel EMERSON RODRIGUES DA SILVA</p><p class="cargo">Comandante do Batalhão</p>]]></Texto>
  </body>
  <Midias />
</article></xml>