﻿<xml><article id="27733705" name="PORT 525 A 545__7AZ9AU" idOficio="9056984" pubName="DO2" artType="Portaria" pubDate="30/08/2022" artClass="00026:00002:00021:00000:00000:00000:00000:00000:00000:00000:00017:00000" artCategory="Ministério da Saúde/Secretaria Executiva/Subsecretaria de Assuntos Administrativos" artSize="12" artNotes="" numberPage="117" pdfPage="http://pesquisa.in.gov.br/imprensa/jsp/visualiza/index.jsp?data=30/08/2022&amp;jornal=529&amp;pagina=117" editionNumber="165" highlightType="" highlightPriority="" highlight="" highlightimage="" highlightimagename="" idMateria="19839506">
  <body>
    <Identifica><![CDATA[ PORTARIA SAA Nº 525, DE 25 DE AGOSTO DE 2022]]></Identifica>
    <Data><![CDATA[]]></Data>
    <Ementa />
    <Titulo />
    <SubTitulo />
    <Texto><![CDATA[<p class="identifica">PORTARIA SAA Nº 525, DE 25 DE AGOSTO DE 2022</p><p>O SUBSECRETÁRIO DE ASSUNTOS ADMINISTRATIVOS DO MINISTÉRIO DA SAÚDE, no uso da competência que lhe foi subdelegada pela Portaria SE nº 954, de 16 de agosto de 2022, publicada no Diário Oficial da União de 17 de agosto de 2022, resolve:</p><p>Designar GUSTAVO LAINE ARAÚJO DE OLIVEIRA, matrícula SIAPE 2244225, para exercer o encargo de substituto eventual do Coordenador-Geral de Vigilância das Doenças em Eliminação, CCE-1.13, código nº 32.0072, do Departamento de Doenças de Condições Crônicas e Infecções Sexualmente Transmissíveis, da Secretaria de Vigilância em Saúde.</p><p class="assina">ROMEU MENDES DO CARMO</p><p class="identifica">PORTARIA SAA Nº 526, DE 25 DE AGOSTO DE 2022</p><p>O SUBSECRETÁRIO DE ASSUNTOS ADMINISTRATIVOS DO MINISTÉRIO DA SAÚDE, no uso da competência que lhe foi subdelegada pela Portaria SE n° 954, de 16 de agosto de 2022, publicada no Diário Oficial da União de 17 de agosto de 2022, resolve:</p><p>Designar RICARDO GADELHA DE ABREU, matrícula SIAPE 3666096, para exercer o encargo de substituto eventual do Coordenador de Vigilância em Saúde Indígena, FCE-1.10, código nº 36.0027, da Coordenação-Geral de Gestão das Ações de Atenção à Saúde Indígena, do Departamento de Atenção Primária à Saúde Indígena, da Secretaria Especial de Saúde Indígena.</p><p class="assina">ROMEU MENDES DO CARMO</p><p class="identifica">PORTARIA SAA Nº 527, DE 25 DE AGOSTO DE 2022</p><p>O SUBSECRETÁRIO DE ASSUNTOS ADMINISTRATIVOS DO MINISTÉRIO DA SAÚDE, no uso da competência que lhe foi subdelegada pela Portaria SE nº 954, de 16 de agosto de 2022, publicada no Diário Oficial da União de 17 de agosto de 2022, resolve:</p><p>Designar JOSIÊ DE ASSIS BRASIL GONZALEZ MILFONT, matrícula SIAPE 1133070, para substituir, no período de 15/08/2022 até 24/08/2022, o Chefe de Gabinete, CCE-1.13, código nº 36.0003, da Secretaria Especial de Saúde Indígena, em virtude de férias do titular.</p><p class="assina">ROMEU MENDES DO CARMO</p><p class="identifica">PORTARIA SAA Nº 528, DE 25 DE AGOSTO DE 2022</p><p>O SUBSECRETÁRIO DE ASSUNTOS ADMINISTRATIVOS DO MINISTÉRIO DA SAÚDE, no uso da competência que lhe foi subdelegada pela Portaria SE nº 954, de 16 de agosto de 2022, publicada no Diário Oficial da União de 17 de agosto de 2022, resolve:</p><p>Designar QUÉZIA NEVES PINHEIRO, matrícula SIAPE 1531766, para exercer o encargo de substituta eventual do Chefe de Serviço de Apoio Institucional, FCE-1.05, código nº 16.0730, da Superintendência Estadual do Ministério da Saúde no Mato Grosso do Sul, do Departamento de Gestão Interfederativa e Participativa, da Secretaria-Executiva.</p><p class="assina">ROMEU MENDES DO CARMO</p><p class="identifica">PORTARIA SAA Nº 529, DE 26 DE AGOSTO DE 2022</p><p>O SUBSECRETÁRIO DE ASSUNTOS ADMINISTRATIVOS DO MINISTÉRIO DA SAÚDE, no uso da competência que lhe foi subdelegada pela Portaria/SE n° 954, de 16 de agosto de 2022, publicada no Diário Oficial da União de 17 de agosto de 2022, resolve:</p><p>Designar SONIA MARIA VIEIRA DE SOUZA, matrícula SIAPE 542722, para exercer o encargo de substituta eventual do Superintendente Estadual do Ministério da Saúde no Ceará, CCE 1.13, código n° 16.0668, da Departamento de Gestão Interfederativa e Participativa, da Secretaria-Executiva.</p><p class="assina">ROMEU MENDES DO CARMO</p><p class="identifica">PORTARIA SAA Nº 530, DE 26 DE AGOSTO DE 2022</p><p>O SUBSECRETÁRIO DE ASSUNTOS ADMINISTRATIVOS DO MINISTÉRIO DA SAÚDE, no uso da competência que lhe foi subdelegada pela Portaria/SE n° 954, de 16 de agosto de 2022, publicada no Diário Oficial da União de 17 de agosto de 2022, resolve:</p><p>Designar LÍCIA DE MACEDO FERNANDES, matrícula SIAPE 1111487, para exercer o encargo de substituta eventual da Chefe da Divisão de Enfermagem, FCE 1.07, código n° 24.0195, da Coordenação Assistencial, do Instituto Nacional de Cardiologia, da Secretaria de Atenção Especializada à Saúde.</p><p class="assina">ROMEU MENDES DO CARMO</p><p class="identifica">PORTARIA SAA Nº 531, DE 26 DE AGOSTO DE 2022</p><p>O SUBSECRETÁRIO DE ASSUNTOS ADMINISTRATIVOS DO MINISTÉRIO DA SAÚDE, no uso da competência que lhe foi subdelegada pela Portaria/SE n° 954, de 16 de agosto de 2022, publicada no Diário Oficial da União de 17 de agosto de 2022, resolve:</p><p>Designar BRUNO CABRAL DE ANDRADE, matrícula SIAPE 1745668, para exercer o encargo de substituto eventual da Chefe da Divisão de Serviços Técnicos, FCE 1.07, código n° 24.0185, da Coordenação Assistencial, do Instituto Nacional de Cardiologia, da Secretaria de Atenção Especializada à Saúde.</p><p class="assina">ROMEU MENDES DO CARMO</p><p class="identifica">PORTARIA SAA Nº 532, DE 26 DE AGOSTO DE 2022</p><p>O SUBSECRETÁRIO DE ASSUNTOS ADMINISTRATIVOS DO MINISTÉRIO DA SAÚDE, no uso da competência que lhe foi subdelegada pela Portaria/SE n° 954, de 16 de agosto de 2022, publicada no Diário Oficial da União de 17 de agosto de 2022, resolve:</p><p>Designar MIRIAN CARVALHO DE SOUZA, matrícula SIAPE 1863685, para exercer o encargo de substituta eventual da Chefe da Divisão de Avaliação de Tecnologias em Saúde, FCE 1.07, código n° 24.0302, da Coordenação de Prevenção e Vigilância, do Instituto Nacional de Câncer, da Secretaria de Atenção Especializada à Saúde.</p><p class="assina">ROMEU MENDES DO CARMO</p><p class="identifica">PORTARIA SAA Nº 533, DE 26 DE AGOSTO DE 2022</p><p>O SUBSECRETÁRIO DE ASSUNTOS ADMINISTRATIVOS DO MINISTÉRIO DA SAÚDE, no uso da competência que lhe foi subdelegada pela Portaria/SE n° 954, de 16 de agosto de 2022, publicada no Diário Oficial da União de 17 de agosto de 2022, resolve:</p><p>Designar CLOTILDE MATHEUS DE MOURA MAGALHÃES, matrícula SIAPE 1733845, para exercer o encargo de substituta eventual do Chefe do Serviço de Gestão de Pessoas, FCE 1.06, código n° 16.0519, da Divisão de Gestão Administrativa, da Superintendência Estadual do Ministério da Saúde em Minas Gerais, do Departamento de Gestão Interfederativa e Participativa, da Secretaria-Executiva.</p><p class="assina">ROMEU MENDES DO CARMO</p><p class="identifica">PORTARIA SAA Nº 534, DE 26 DE AGOSTO DE 2022</p><p>O SUBSECRETÁRIO DE ASSUNTOS ADMINISTRATIVOS DO MINISTÉRIO DA SAÚDE, no uso da competência que lhe foi subdelegada pela Portaria/SE n°954, de 16 de agosto de 2022, publicada no Diário Oficial da União de 17 de agosto de 2022, resolve:</p><p>Designar LEYDIANE FERREIRA HADAD, Matrícula SIAPE 1774757, para substituir, no período de 31/05/2022 a 03/06/2022, o Superintendente Estadual da Fundação Nacional de Saúde no Estado do Acre, DAS-101.4, código 50.0091, em virtude de ausência concomitante do titular e do substituto eventual.</p><p class="assina">ROMEU MENDES DO CARMO</p><p class="identifica">PORTARIA SAA Nº 535, DE 26 DE AGOSTO DE 2022</p><p>O SUBSECRETÁRIO DE ASSUNTOS ADMINISTRATIVOS DO MINISTÉRIO DA SAÚDE, no uso da competência que lhe foi subdelegada pela Portaria/SE n° 954, de 16 de agosto de 2022, publicada no Diário Oficial da União de 17 de agosto de 2022, resolve:</p><p>Designar ANDRE LUIZ SANTOS DE MORAES, matrícula SIAPE 1747189, para exercer o encargo de substituto eventual do Chefe do Serviço de Compras, FCE 1.05, código n° 16.0894, da Divisão de Suprimentos e Logística, da Coordenação de Administração, do Hospital Federal de Ipanema, do Departamento de Gestão Hospitalar no Estado do Rio de Janeiro, da Secretaria-Executiva.</p><p class="assina">ROMEU MENDES DO CARMO</p><p>PORTARIA SAA Nº 536, DE 26 DE AGOSTO DE 2022</p><p>O SUBSECRETÁRIO DE ASSUNTOS ADMINISTRATIVOS DO MINISTÉRIO DA SAÚDE, no uso da competência que lhe foi subdelegada pela Portaria/SE n° 954, de 16 de agosto de 2022, publicada no Diário Oficial da União de 17 de agosto de 2022, resolve:</p><p>Designar TELL VICTOR FURTADO COURA, matrícula SIAPE 2041897, para exercer o encargo de substituto eventual da Coordenadora de Gestão de Riscos, FCE 1.10, código n° 10.0011, da Coordenação-Geral de Controle Interno, da Diretoria de Integridade.</p><p class="assina">ROMEU MENDES DO CARMO</p><p class="identifica">PORTARIA SAA Nº 537, DE 26 DE AGOSTO DE 2022</p><p>O SUBSECRETÁRIO DE ASSUNTOS ADMINISTRATIVOS DO MINISTÉRIO DA SAÚDE, no uso da competência que lhe foi subdelegada pela Portaria SE nº 954, de 16 de agosto de 2022, publicada no Diário Oficial da União de 17 de agosto de 2022, resolve:</p><p>Designar PAULA CRISTINA GOMES FURTADO, matrícula SIAPE 1930523, para exercer o encargo de substituta eventual do Chefe do Serviço de Transferência de Recursos, FCE-1.06, código nº 16.0728, da Superintendência Estadual do Ministério da Saúde no Mato Grosso do Sul, do Departamento de Gestão Interfederativa e Participativa, da Secretaria-Executiva.</p><p class="assina">ROMEU MENDES DO CARMO</p><p class="identifica">PORTARIA SAA Nº 538, DE 26 DE AGOSTO DE 2022</p><p>O SUBSECRETÁRIO DE ASSUNTOS ADMINISTRATIVOS DO MINISTÉRIO DA SAÚDE, no uso da competência que lhe foi subdelegada pela Portaria SE nº 954, de 16 de agosto de 2022, publicada no Diário Oficial da União de 17 de agosto de 2022, resolve:</p><p>Designar JOÃO MARCOS MOURA COSTA, matrícula SIAPE 2127529, para exercer o encargo de substituto eventual do Coordenador de Prevenção e Instrução Prévia, FCE-1.10, código nº 10.0026, da Corregedoria-Geral, da Diretoria de Integridade.</p><p class="assina">ROMEU MENDES DO CARMO</p><p class="identifica">PORTARIA SAA Nº 539, DE 26 DE AGOSTO DE 2022</p><p>O SUBSECRETÁRIO DE ASSUNTOS ADMINISTRATIVOS DO MINISTÉRIO DA SAÚDE, no uso da competência que lhe foi subdelegada pela Portaria SE nº 954, de 16 de agosto de 2022, publicada no Diário Oficial da União de 17 de agosto de 2022, resolve:</p><p>Designar IVAN CAMELO DE PAIVA, matrícula SIAPE 0233197, para substituir, no período de 25 a 30/07/2022, a Coordenadora de Pagamento, FCE-1.10, código nº 16.0407, da Coordenação-Geral de Execução Orçamentária e Financeira, do Departamento de Logística em Saúde, da Secretaria-Executiva, em virtude de férias da titular.</p><p class="assina">ROMEU MENDES DO CARMO</p><p class="identifica">PORTARIA SAA Nº 540, DE 26 DE AGOSTO DE 2022</p><p>O SUBSECRETÁRIO DE ASSUNTOS ADMINISTRATIVOS DO MINISTÉRIO DA SAÚDE, no uso da competência que lhe foi subdelegada pela Portaria nº 328/SE/MS, de 30 de março de 2011, resolve:</p><p>Designar ELLEN LINO DE CASTRO, matrícula SIAPE 3250929, para substituir, no período de 24/08/2022 a 09/09/2022, o Coordenador-Geral de Gestão de Pessoas e Recursos Logísticos, DAS-101.4, código 50.0060, do Departamento de Administração, da Fundação Nacional de Saúde, em virtude de vacância do cargo e afastamento da substituta eventual.</p><p class="assina">ROMEU MENDES DO CARMO</p><p class="identifica">PORTARIA SAA Nº 541, DE 26 DE AGOSTO DE 2022</p><p>O SUBSECRETÁRIO DE ASSUNTOS ADMINISTRATIVOS DO MINISTÉRIO DA SAÚDE, em conformidade com a subdelegação de competência outorgada pela Portaria SE/MS n° 553, de 5 de maio de 2011, e considerando o disposto no artigo 93 da Lei n° 8.112, de 11 de dezembro de 1990, no inciso XI do artigo 7° da Lei n° 8.080, de 19 de setembro de 1990, artigo 20 da Lei n° 8.270, de 17 de dezembro de 1991, na Portaria GM/MS n° 243, de 10 de março de 2015, Lei n°11.344, de 08 de setembro de 2006, e demais informações que constam do NUP: 25030.000107/2022-45, resolve:</p><p>Artigo 1º - Ceder a servidora CIBELE RODRIGUES BONVICINO, Matrícula SIAPE 1204630, pertencente ao Quadro de Pessoal do Ministério da Saúde, para exercer suas atividades na Fundação Oswaldo Cruz, no Estado do Rio de Janeiro, em conformidade com o Convênio-SUS nº 1/2018, celebrado entre o Ministério da Saúde e a Fundação Oswaldo Cruz, vinculada ao Ministério da Saúde, representada por sua Presidência.</p><p>Artigo 2º - O ônus pela remuneração ou salário é do órgão cedente.</p><p>Artigo 3º - Cumpre ao Instituto Nacional de Câncer José Alencar Gomes da Silva - INCA/RJ e à Presidência da Fundação Oswaldo Cruz - FIOCRUZ, no Estado do Rio de Janeiro, a observância dos procedimentos de Gestão de Pessoal cedido para o Sistema Único de Saúde (SUS), aprovados pela Portaria GM/MS nº 243/2015, de 10 de março de 2015, publicada no Diário Oficial da União nº 47, Seção 1, de 11 de março de 2015.</p><p>Artigo 4º - Torna-se sem efeito o disposto nesta Portaria caso a servidora não se apresente ao órgão cessionário no prazo de trinta dias.</p><p>Artigo 5º - Esta Portaria entra em vigor na data de sua publicação.</p><p class="assina">ROMEU MENDES DO CARMO</p><p class="identifica">PORTARIA SAA Nº 542, DE 26 DE AGOSTO DE 2022</p><p>O SUBSECRETÁRIO DE ASSUNTOS ADMINISTRATIVOS DO MINISTÉRIO DA SAÚDE, no uso da competência que lhe foi subdelegada pela Portaria SE nº 954, de 16 de agosto de 2022, publicada no Diário Oficial da União de 17 de agosto de 2022, resolve:</p><p>Designar POLIANA FERREIRA BENIGNO, matrícula SIAPE 1895753, para exercer o encargo de substituta eventual do Coordenador-Geral de Arquitetura e Engenharia, CCE-1.14, código nº 16.0230, da Subsecretaria de Assuntos Administrativos, da Secretaria-Executiva.</p><p class="assina">ROMEU MENDES DO CARMO</p><p class="identifica">PORTARIA SAA Nº 543, DE 26 DE AGOSTO DE 2022</p><p>O SUBSECRETÁRIO DE ASSUNTOS ADMINISTRATIVOS DO MINISTÉRIO DA SAÚDE, no uso da competência que lhe foi subdelegada pela Portaria SE nº 954, de 16 de agosto de 2022, publicada no Diário Oficial da União de 17 de agosto de 2022, resolve:</p><p>Designar GUSTAVO LAINE ARAÚJO DE OLIVEIRA, matrícula SIAPE 2244225, para substituir, no período de 18 a 29/07/2022, a Coordenadora-Geral de Vigilância das Doenças em Eliminação, CCE-1.13, código nº 32.0072, do Departamento de Doenças de Condições Crônicas e Infecções Sexualmente Transmissíveis, da Secretaria de Vigilância em Saúde, em virtude de férias da titular.</p><p class="assina">ROMEU MENDES DO CARMO</p><p class="identifica">PORTARIA SAA Nº 544, DE 26 DE AGOSTO DE 2022</p><p>O SUBSECRETÁRIO DE ASSUNTOS ADMINISTRATIVOS DO MINISTÉRIO DA SAÚDE, no uso da competência que lhe foi subdelegada pela Portaria SE nº 954, de 16 de agosto de 2022, publicada no Diário Oficial da União de 17 de agosto de 2022, resolve:</p><p>Designar PATRÍCIA GALDINO MARTINS FERREIRA SANCHES, matrícula SIAPE 1771341, para exercer o encargo de substituta eventual do Chefe do Serviço de Gestão de Pessoas, FCE-1.06, código nº 16.0565, da Divisão de Gestão Administrativa, da Superintendência Estadual do Ministério da Saúde no Rio de Janeiro, do Departamento de Gestão Interfederativa e Participativa, da Secretaria-Executiva.</p><p class="assina">ROMEU MENDES DO CARMO</p><p class="identifica">PORTARIA SAA Nº 545, DE 26 DE AGOSTO DE 2022</p><p>O SUBSECRETÁRIO DE ASSUNTOS ADMINISTRATIVOS DO MINISTÉRIO DA SAÚDE, no uso da competência que lhe foi subdelegada pela Portaria/SE n° 954, de 16 de agosto de 2022, publicada no Diário Oficial da União de 17 de agosto de 2022, resolve:</p><p>Designar PEDRO PERES DA SILVA, matrícula SIAPE 1945096, para exercer o encargo de substituto eventual do Coordenador de Planejamento da Contratação, FCE 1.12, código n° 16.0216, da Coordenação-Geral de Produtos e Serviços Administrativos, da Subsecretaria de Assuntos Administrativos, da Secretaria-Executiva, ficando dispensada do referido encargo, a partir de 29 de agosto de 2022, GLAUCIENE ALBUQUERQUE DE MELO FELIX.</p><p class="assina">ROMEU MENDES DO CARMO</p>]]></Texto>
  </body>
  <Midias />
</article></xml>