﻿<xml><article id="27742150" name="2022-08-29 FSMS E Pequim Subdel " idOficio="9058783" pubName="DO2" artType="Portaria" pubDate="30/08/2022" artClass="00025:00200:00000:00000:00000:00000:00000:00000:00000:00000:00017:00000" artCategory="Ministério das Relações Exteriores/Embaixada do Brasil em Pequim" artSize="12" artNotes="" numberPage="111" pdfPage="http://pesquisa.in.gov.br/imprensa/jsp/visualiza/index.jsp?data=30/08/2022&amp;jornal=529&amp;pagina=111" editionNumber="165" highlightType="" highlightPriority="" highlight="" highlightimage="" highlightimagename="" idMateria="19841940">
  <body>
    <Identifica><![CDATA[ PORTARIA DE 18 DE AGOSTO DE 2022]]></Identifica>
    <Data><![CDATA[]]></Data>
    <Ementa />
    <Titulo />
    <SubTitulo />
    <Texto><![CDATA[<p class="identifica">PORTARIA DE 18 DE AGOSTO DE 2022</p><p>O MINISTRO-CONSELHEIRO JOÃO BATISTA DO NASCIMENTO MAGALHÃES, no uso de suas atribuições, tendo em vista a portaria do embaixador do Brasil na República Popular da China, de 18 de agosto de 2022, e considerando as demais normas legais e regulamentares resolve, com a anuência da autoridade delegante, subdelegar, até o término de sua missão no posto, PRIMEIRO-SECRETÁRIO BRUNO PEREIRA ALBUQUERQUE DE ABREU, a competência para, nos seus impedimentos e afastamentos regulamentares, executar todos os atos de gestão orçamentário-financeira e patrimonial relacionados com esta unidade gestora responsável, excetuados aqueles que digam respeito ao patrimônio da residência oficial do chefe do posto.</p><p class="assina">JOÃO BATISTA DO NASCIMENTO MAGALHÃES</p>]]></Texto>
  </body>
  <Midias />
</article></xml>