﻿<xml><article id="27740676" name="AFA SEC_8537 RENATO" idOficio="9058539" pubName="DO2" artType="Despacho" pubDate="30/08/2022" artClass="00015:00062:00000:00000:00000:00000:00000:00000:00000:00000:00013:00000" artCategory="Ministério da Economia/Banco do Brasil S.A." artSize="12" artNotes="" numberPage="46" pdfPage="http://pesquisa.in.gov.br/imprensa/jsp/visualiza/index.jsp?data=30/08/2022&amp;jornal=529&amp;pagina=46" editionNumber="165" highlightType="" highlightPriority="" highlight="" highlightimage="" highlightimagename="" idMateria="19841566">
  <body>
    <Identifica><![CDATA[ DESPACHO DO PRESIDENTE de 24 de agosto de 2022]]></Identifica>
    <Data><![CDATA[]]></Data>
    <Ementa />
    <Titulo />
    <SubTitulo />
    <Texto><![CDATA[<p class="identifica">DESPACHO DO PRESIDENTE de 24 de agosto de 2022</p><p>O PRESIDENTE DO BANCO DO BRASIL, no uso da competência prevista no art. 2º do Decreto nº 1.387, de 07 de fevereiro de 1995, que lhe foi delegada no art. 12 da Portaria MF nº 160, de 06 de maio de 2016, autoriza o afastamento do País de RENATO LUIZ BELLINETTI NAEGELE, Vice-Presidente do Banco do Brasil, no período de 26 a 27 de agosto de 2022, inclusive trânsito, com ônus, na forma do disposto no inciso IV do art. 1º do citado Decreto, a fim de participar de encontro com funcionários (Encontro de Gerentes) e clientes do Banco Patagônia, a realizar-se em Buenos Aires, Argentina. As despesas com hospedagens serão a cargo do Banco Patagônia.</p><p class="assina">FAUSTO DE ANDRADE RIBEIRO</p>]]></Texto>
  </body>
  <Midias />
</article></xml>