﻿<xml><article id="27731945" name="portaria nA 55 wellington Gualbe" idOficio="7348953" pubName="DO2" artType="Portaria" pubDate="30/08/2022" artClass="00014:00043:00010:00010:00000:00000:00000:00000:00000:00000:00017:00000" artCategory="Ministério do Desenvolvimento Regional/Departamento Nacional de Obras Contra as Secas/Coordenadoria Estadual em Pernambuco/Setor de Recursos Humanos" artSize="12" artNotes="" numberPage="31" pdfPage="http://pesquisa.in.gov.br/imprensa/jsp/visualiza/index.jsp?data=30/08/2022&amp;jornal=529&amp;pagina=31" editionNumber="165" highlightType="" highlightPriority="" highlight="" highlightimage="" highlightimagename="" idMateria="14827253">
  <body>
    <Identifica><![CDATA[ PORTARIA Nº 55, de 15 DE AGOSTO DE 2022]]></Identifica>
    <Data><![CDATA[]]></Data>
    <Ementa />
    <Titulo />
    <SubTitulo />
    <Texto><![CDATA[<p class="identifica">PORTARIA Nº 55, de 15 DE AGOSTO DE 2022</p><p>O COORDENADOR ESTADUAL DO DEPARTAMENTO NACIONAL DE OBRAS CONTRA AS SÊCAS EM PERNAMBUCO, usando da competência que lhe foi delegada através da Portaria nº 402/DG/DA/CRH , de 30 de agosto de 2013, publicada no Boletim Administrativo, Edição Extra, da mesma data, resolve;</p><p>Art.1º Conceder aposentadoria voluntária o servidor Wellington Gualberto do Nascimento, Matrícula SIAPE 738723, ocupante do cargo de Agente de Vigilância, Código 481/035, classe S, Padrão NI III, pertencente ao Quadro da Coordenadoria Estadual do DNOCS em Pernambuco, com fundamento no art. 20, § 2º, Inciso II da Emenda Constitucional nº 103/2019, e proventos calculados pela média aritmética, nos termos do artigo 26, § 3º, inciso I do referido dispositivo legal.</p><p>Art. 2º Declarar vago o referido cargo- código 475177.</p><p>Art. 3º Esta Portaria entra em vigor na data de sua publicação. (Processo 59403.000606/2022-79).</p><p class="assina">Décio Petrônio Campos Florentino</p>]]></Texto>
  </body>
  <Midias />
</article></xml>