﻿<xml><article id="27740002" name="DsR1020 e 1022-22 Afast" idOficio="9058397" pubName="DO2" artType="Despacho" pubDate="30/08/2022" artClass="00018:00147:00001:00000:00000:00000:00000:00000:00000:00000:00013:00002" artCategory="Ministério da Educação/Fundação Universidade Federal de São Carlos/Gabinete da Reitoria" artSize="12" artNotes="1020" numberPage="93" pdfPage="http://pesquisa.in.gov.br/imprensa/jsp/visualiza/index.jsp?data=30/08/2022&amp;jornal=529&amp;pagina=93" editionNumber="165" highlightType="" highlightPriority="" highlight="" highlightimage="" highlightimagename="" idMateria="19841390">
  <body>
    <Identifica><![CDATA[ Despachos dE 24 de agosto de 2022]]></Identifica>
    <Data><![CDATA[]]></Data>
    <Ementa />
    <Titulo />
    <SubTitulo />
    <Texto><![CDATA[<p class="identifica">Despachos dE 24 de agosto de 2022</p><p>A Reitora em exercício da Universidade Federal de São Carlos, no uso da competência que lhe foi subdelegada pela Portaria nº 204/MEC, de 06 de fevereiro de 2020, AUTORIZA o afastamento do País dos seguintes servidores:</p><p>Nº 1.020 - DOUGLAS VERRANGIA CORREA DA SILVA, ocupante do cargo de Professor do Magistério Superior, lotado no Departamento de Metodologia de Ensino/CECH desta IFES, no período de 05/09/2022 a 09/09/2022, participar como avaliador no evento científico XXIX Jornadas de Jóvenes Investigadores AUGM-USFX 2022, em Sucre, Bolívia, com ônus limitado (Processo n° 23112.027055/2022-19).</p><p>Esta autorização fica condicionada à formalização de viagens em processo SEI e registro no sistema de Concessão de Diárias e Passagens (SCDP), conforme estabelece a Portaria nº 204, de 06 de fevereiro de 2020, do Ministério da Educação.</p><p>Nº 1.022 - CLAUDEMIRO BOLFARINI, ocupante do cargo de Professor do Magistério Superior, lotado no Departamento de Engenharia de Materiais/CCET desta IFES, no período de 27/09/2022 a 07/10/2022, para missão de trabalho no Leibniz-Institut für Werkstofforientierte Technologien - IWT, em Bremen, Alemanha, com ônus CAPES (Processo n° 23112.028617/2022-41).</p><p>Esta autorização fica condicionada à formalização de viagens em processo SEI e registro no sistema de Concessão de Diárias e Passagens (SCDP), conforme estabelece a Portaria nº 204, de 06 de fevereiro de 2020, do Ministério da Educação.</p><p class="assina">Maria de Jesus Dutra dos Reis</p>]]></Texto>
  </body>
  <Midias />
</article></xml>