﻿<xml><article id="27736046" name="3226 e 3229" idOficio="9057560" pubName="DO2" artType="Portaria" pubDate="30/08/2022" artClass="00018:00091:00019:00000:00000:00000:00000:00000:00000:00000:00017:00000" artCategory="Ministério da Educação/Universidade Federal do Espírito Santo/Pró-Reitoria de Gestão de Pessoas" artSize="12" artNotes="" numberPage="67" pdfPage="http://pesquisa.in.gov.br/imprensa/jsp/visualiza/index.jsp?data=30/08/2022&amp;jornal=529&amp;pagina=67" editionNumber="165" highlightType="" highlightPriority="" highlight="" highlightimage="" highlightimagename="" idMateria="19840279">
  <body>
    <Identifica><![CDATA[ PORTARIAS DE PESSOAL DE 25 DE AGOSTO DE 2022]]></Identifica>
    <Data><![CDATA[]]></Data>
    <Ementa />
    <Titulo />
    <SubTitulo />
    <Texto><![CDATA[<p class="identifica">PORTARIAS DE PESSOAL DE 25 DE AGOSTO DE 2022</p><p>A Pró-Reitora de Gestão de Pessoas da Universidade Federal do Espírito Santo, considerando o disposto no § 1º do art. 2º da Lei nº 9.640, de 25 de maio de 1998, e no art. 23-B do Decreto nº 9.794, de 14 de maio de 2019; no uso da competência que lhe foi delegada pela Portaria nº 30, de 09 de janeiro de 2019, publicada no DOU de 14/01/2019, na Seção 2, resolve:</p><p>Nº 3.226 - Dispensar, a pedido, PAULO HENRIQUE SOUZA DA COSTA, matrícula SIAPE nº 2705911, da função de Coordenador do Curso de Matemática - Licenciatura (CCENS), FCC, da estrutura do(a) Centro de Ciências Exatas, Naturais e da Saúde, a partir de 19/08/2022.(Processo nº 23068.083679/2022-07)</p><p>Nº 3.229 - Designar SERGIO LINS DE AZEVEDO VAZ, matrícula SIAPE nº 2016191, para exercer a função de Coordenador do Programa de Pós-Graduação em Ciências Odontológicas, FCC, da estrutura do(a) Centro de Ciências da Saúde, pelo período de 25/09/2022 a 24/09/2024.(Processo nº 23068.080456/2022-80)</p><p class="assina">JOSIANA BINDA</p>]]></Texto>
  </body>
  <Midias />
</article></xml>