﻿<xml><article id="27735142" name="RTF - Presi - SIMANOVIC" idOficio="9057320" pubName="DO2" artType="Portaria" pubDate="30/08/2022" artClass="00022:00041:00000:00000:00000:00000:00000:00000:00000:00000:00017:00000" artCategory="Ministério do Meio Ambiente/Instituto Chico Mendes de Conservação da Biodiversidade" artSize="12" artNotes="" numberPage="108" pdfPage="http://pesquisa.in.gov.br/imprensa/jsp/visualiza/index.jsp?data=30/08/2022&amp;jornal=529&amp;pagina=108" editionNumber="165" highlightType="" highlightPriority="" highlight="" highlightimage="" highlightimagename="" idMateria="19840002">
  <body>
    <Identifica><![CDATA[ PORTARIA Nº 702, DE 24 DE AGOSTO DE 2022]]></Identifica>
    <Data><![CDATA[]]></Data>
    <Ementa />
    <Titulo />
    <SubTitulo />
    <Texto><![CDATA[<p class="identifica">PORTARIA Nº 702, DE 24 DE AGOSTO DE 2022</p><p>O PRESIDENTE DO INSTITUTO CHICO MENDES DE CONSERVAÇÃO DA BIODIVERSIDADE - ICMBio, no uso das competências atribuídas pelo artigo 24 do Decreto nº. 10.234, de 11 de fevereiro de 2020, designado pela Portaria nº 1.280, de 09 de novembro de 2021, da Casa Civil da Presidência da República, publicada no Diário Oficial da União de 10 de novembro de 2021, Seção 2, pág. 01, resolve:</p><p>Nomear RITI SOARES DOS SANTOS, CPF ***.136.450-**, para exercer o cargo em comissão de Chefe de Unidade de Conservação II, Código DAS-101.1, do Parque Nacional da Lagoa do Peixe, do Instituto Chico Mendes de Conservação da Biodiversidade.</p><p class="assina">MARCOS DE CASTRO SIMANOVIC</p>]]></Texto>
  </body>
  <Midias />
</article></xml>