﻿<xml><article id="27741247" name="trt234867" idOficio="9058639" pubName="DO2" artType="Ato" pubDate="30/08/2022" artClass="00047:00063:00000:00000:00000:00000:00000:00000:00000:00000:00001:00000" artCategory="Poder Judiciário/Tribunal Regional do Trabalho da 23ª Região" artSize="12" artNotes="" numberPage="145" pdfPage="http://pesquisa.in.gov.br/imprensa/jsp/visualiza/index.jsp?data=30/08/2022&amp;jornal=529&amp;pagina=145" editionNumber="165" highlightType="" highlightPriority="" highlight="" highlightimage="" highlightimagename="" idMateria="19841717">
  <body>
    <Identifica><![CDATA[ ATO TRT/DG/GP nº 51, de 26 de agosto de 2022 ]]></Identifica>
    <Data><![CDATA[]]></Data>
    <Ementa />
    <Titulo />
    <SubTitulo />
    <Texto><![CDATA[<p class="identifica">ATO TRT/DG/GP nº 51, de 26 de agosto de 2022</p><p>O EXCELENTÍSSIMO SENHOR DESEMBARGADOR PAULO ROBERTO RAMOS BARRIONUEVO, PRESIDENTE DO TRIBUNAL REGIONAL DO TRABALHO DA 23ª REGIÃO, no uso de suas atribuições contidas no Regimento Interno, Considerando o contido no PROAD - 6886/2022, resolve:</p><p>I - Exonerar o servidor RAIMUNDO ALMEIDA DE SOUZA, Técnico Judiciário, área administrativa, do Cargo em Comissão - CJ 03 - Diretor de Secretaria, na 5ª Vara do Trabalho de Cuiabá.</p><p>II - Este Ato produzirá efeitos a partir de 1º/setembro/2022.</p><p class="assina">PAULO ROBERTO RAMOS BARRIONUEVO</p><p class="identifica">ATO TRT/DG/GP nº 52, de 26 de agosto de 2022</p><p>O EXCELENTÍSSIMO SENHOR DESEMBARGADOR PAULO ROBERTO RAMOS BARRIONUEVO, PRESIDENTE DO TRIBUNAL REGIONAL DO TRABALHO DA 23ª REGIÃO, no uso de suas atribuições contidas no Regimento Interno, Considerando o contido no PROAD - 6886/2022, resolve:</p><p>Nomear o servidor JOSÉ EUGENIO BORBA, Técnico Judiciário, área administrativa, para o Cargo em Comissão - CJ 03 - Diretor de Secretaria, na 5ª Vara do Trabalho de Cuiabá, a partir de 1º de setembro de 2022.</p><p class="assina">PAULO ROBERTO RAMOS BARRIONUEVO</p>]]></Texto>
  </body>
  <Midias />
</article></xml>