﻿<xml><article id="27743695" name="ATO GP 529_2022_A CONTAR DE 29-8" idOficio="9059040" pubName="DO2" artType="Ato" pubDate="30/08/2022" artClass="00047:00005:00001:00000:00000:00000:00000:00000:00000:00000:00001:00000" artCategory="Poder Judiciário/Tribunal Superior do Trabalho/Presidência" artSize="12" artNotes="" numberPage="138" pdfPage="http://pesquisa.in.gov.br/imprensa/jsp/visualiza/index.jsp?data=30/08/2022&amp;jornal=529&amp;pagina=138" editionNumber="165" highlightType="" highlightPriority="" highlight="" highlightimage="" highlightimagename="" idMateria="19842318">
  <body>
    <Identifica><![CDATA[ ATO Nº 529, DE 26 DE AGOSTO DE 2022]]></Identifica>
    <Data><![CDATA[]]></Data>
    <Ementa />
    <Titulo />
    <SubTitulo />
    <Texto><![CDATA[<p class="identifica">ATO Nº 529, DE 26 DE AGOSTO DE 2022</p><p>O PRESIDENTE DO TRIBUNAL SUPERIOR DO TRABALHO, no uso de suas atribuições legais e regimentais, resolve:</p><p>Nomear a servidora KATIA MARIA TAVARES DE ALBUQUERQUE MATOS, Técnica Judiciária, requisitada do Tribunal Regional do Trabalho da 18ª Região-GO, para exercer o cargo em comissão de Assessora do Ex.mo Sr. Ministro Douglas Alencar Rodrigues, Nível CJ-3, de que trata a Resolução Administrativa nº 2320, de 16/5/2022.</p><p class="assina">Min. EMMANOEL PEREIRA</p>]]></Texto>
  </body>
  <Midias />
</article></xml>