﻿<xml><article id="27734776" name="PORTARIA DE PESSOAL NA 2455 DE 2" idOficio="9057248" pubName="DO2" artType="Portaria" pubDate="30/08/2022" artClass="00022:00040:00000:00000:00000:00000:00000:00000:00000:00000:00017:00003" artCategory="Ministério do Meio Ambiente/Instituto Brasileiro do Meio Ambiente e dos Recursos Naturais Renováveis" artSize="24" artNotes="" numberPage="107" pdfPage="http://pesquisa.in.gov.br/imprensa/jsp/visualiza/index.jsp?data=30/08/2022&amp;jornal=529&amp;pagina=107" editionNumber="165" highlightType="" highlightPriority="" highlight="" highlightimage="" highlightimagename="" idMateria="19839901">
  <body>
    <Identifica><![CDATA[ PORTARIA DE PESSOAL Nº 2.455, DE 25 DE AGOSTO DE 2022]]></Identifica>
    <Data><![CDATA[]]></Data>
    <Ementa />
    <Titulo />
    <SubTitulo />
    <Texto><![CDATA[<p class="identifica">PORTARIA DE PESSOAL Nº 2.455, DE 25 DE AGOSTO DE 2022</p><p>O PRESIDENTE DO INSTITUTO BRASILEIRO DO MEIO AMBIENTE E DOS RECURSOS NATURAIS RENOVÁVEIS (Ibama), nomeado pelo Decreto não numerado, de 9 de janeiro de 2019, publicado na Seção 2, da edição extra do DOU de 9 de janeiro de 2019, no uso das atribuições que lhe conferem o art. 15, do Anexo I, do Decreto nº 11.095, de 13 de junho de 2022, que aprovou a Estrutura Regimental do Ibama, publicado no DOU de 14 de junho 2022; e,</p><p>CONSIDERANDO o teor da Nota Técnica 20 (13442409) constante dos autos do processo nº 02001.014963/2022-20, resolve:</p><p>Art. 1º Nomear, de acordo com o inciso I, do artigo 9º e artigo 10 da Lei nº 8.112, de 11 de dezembro de 1990, os candidatos aprovados no concurso público para os cargos efetivos, Classe A, Padrão I, conforme disposto nos Anexos I e II desta Portaria.</p><p>Art. 2º A posse ocorrerá no prazo de até trinta dias contados da publicação deste ato no Diário Oficial da União.</p><p>Art. 3º. Esta Portaria entra em vigor na data de sua publicação.</p><p>ANEXO I</p><p>Cargo 1: Analista Administrativo</p><p /><p></p><table><tr /><tr><td rowspan="1" colspan="1"><p>INSCRIÇÃO</p></td><td rowspan="1" colspan="1"><p>NOME</p></td><td rowspan="1" colspan="1"><p>CLASSIFICAÇÃO</p></td><td rowspan="1" colspan="1"><p>UF DE LOTAÇÃO</p></td><td rowspan="1" colspan="1"><p>SITUAÇÃO</p></td></tr><tr><td rowspan="1" colspan="1"><p>10213284</p></td><td rowspan="1" colspan="1"><p>SAMUEL SILVINO RIBEIRO</p></td><td rowspan="1" colspan="1"><p>56</p></td><td rowspan="1" colspan="1"><p>DF</p></td><td rowspan="1" colspan="1"><p>AMPLA CONCORRÊNCIA</p></td></tr></table><p>ANEXO II</p><p>Cargo 5: Técnico Ambiental</p><p /><p></p><table><tr /><tr><td rowspan="1" colspan="1"><p>INSCRIÇÃO</p></td><td rowspan="1" colspan="1"><p>NOME</p></td><td rowspan="1" colspan="1"><p>CLASSIFICAÇÃO</p></td><td rowspan="1" colspan="1"><p>UF DE LOTAÇÃO</p></td><td rowspan="1" colspan="1"><p>SITUAÇÃO</p></td></tr><tr><td rowspan="1" colspan="1"><p>10084001</p></td><td rowspan="1" colspan="1"><p>LUIZA MASCARENHAS ANDERSON</p></td><td rowspan="1" colspan="1"><p>19</p></td><td rowspan="1" colspan="1"><p>RO</p></td><td rowspan="1" colspan="1"><p>AMPLA CONCORRÊNCIA</p></td></tr></table><p class="assina">EDUARDO FORTUNATO BIM</p>]]></Texto>
  </body>
  <Midias />
</article></xml>