﻿<xml><article id="27733103" name="ATO PORTARIA DE PESSOAL SGP NA 9" idOficio="9056773" pubName="DO2" artType="Portaria" pubDate="30/08/2022" artClass="00015:00041:00034:00000:00000:00000:00000:00000:00000:00000:00017:00013" artCategory="Ministério da Economia/Secretaria Especial de Desburocratização, Gestão e Governo Digital/Secretaria de Gestão e Desempenho de Pessoal" artSize="12" artNotes="" numberPage="37" pdfPage="http://pesquisa.in.gov.br/imprensa/jsp/visualiza/index.jsp?data=30/08/2022&amp;jornal=529&amp;pagina=37" editionNumber="165" highlightType="" highlightPriority="" highlight="" highlightimage="" highlightimagename="" idMateria="19839312">
  <body>
    <Identifica><![CDATA[ PORTARIA DE PESSOAL SGP/SEDGG/ME Nº 9.734, DE 24 DE AGOSTO DE 2022]]></Identifica>
    <Data><![CDATA[]]></Data>
    <Ementa />
    <Titulo />
    <SubTitulo />
    <Texto><![CDATA[<p class="identifica">PORTARIA DE PESSOAL SGP/SEDGG/ME Nº 9.734, DE 24 DE AGOSTO DE 2022</p><p>O SECRETÁRIO DE GESTÃO E DESEMPENHO DE PESSOAL, DA SECRETARIA ESPECIAL DE DESBUROCRATIZAÇÃO, GESTÃO E GOVERNO DIGITAL, DO MINISTÉRIO DA ECONOMIA, no uso de suas atribuições, e considerando a subdelegação de competência contida no art. 4º, inciso V, da Portaria SE/ME nº 11.441, de 21 de setembro de 2021, publicada no Diário Oficial da União de 27 de outubro de 2021, bem como o disposto no processo SEI nº 19952.100687/2022-75, resolve:</p><p>Conceder a Gratificação Temporária das Unidades Gestoras dos Sistemas Estruturadores da Administração Pública Federal - GSISTE, do Sistema de Pessoal Civil da Administração Federal - SIPEC, nível intermediário do órgão central, ao servidor SAMUEL CAFE GUEDES, matrícula nº 1990725, ocupante do cargo efetivo de Assistente-Técnico Administrativo, em exercício na Secretaria Especial de Desburocratização, Gestão e Governo Digital, deste Ministério.</p><p class="assina">EDUARDO BERGAMASCHI FELIZOLA</p>]]></Texto>
  </body>
  <Midias />
</article></xml>