﻿<xml><article id="27743272" name="Portaria PensAo__13M6VQ" idOficio="9058960" pubName="DO2" artType="Portaria" pubDate="30/08/2022" artClass="00026:00002:00009:00013:00005:00000:00000:00000:00000:00000:00017:00000" artCategory="Ministério da Saúde/Secretaria Executiva/Departamento de Gestão Interfederativa e Participativa/Superintendência Estadual do Ministério da Saúde em Minas Gerais/Serviço de Gestão Administrativa" artSize="12" artNotes="" numberPage="116" pdfPage="http://pesquisa.in.gov.br/imprensa/jsp/visualiza/index.jsp?data=30/08/2022&amp;jornal=529&amp;pagina=116" editionNumber="165" highlightType="" highlightPriority="" highlight="" highlightimage="" highlightimagename="" idMateria="19842199">
  <body>
    <Identifica><![CDATA[ PORTARIA Nº 265, DE 25 DE AGOSTO DE 2022]]></Identifica>
    <Data><![CDATA[]]></Data>
    <Ementa />
    <Titulo />
    <SubTitulo />
    <Texto><![CDATA[<p class="identifica">PORTARIA Nº 265, DE 25 DE AGOSTO DE 2022</p><p>O CHEFE DA DIVISÃO DE GESTÃO ADMINISTRATIVA DA SUPERINTENDÊNCIA ESTADUAL DO MINISTÉRIO DA SAÚDE EM MINAS GERAIS, face competência subdelegada pela PT/SAA/MS nº 1804, de 01 de outubro de 2013, publicada no DOU nº 192, de 03 de outubro de 2013, e tendo em vista o que consta do processo, resolve:</p><p>Art. 1º Conceder pensão a CONCEIÇÃO FERNANDES ALBINO, na qualidade de companheira do ex-servidor OSNIR JOSE DA SILVA, SIAPE 0482613, ocupante do cargo de Agente de Saúde Pública, do quadro de pessoal deste Ministério da Saúde, falecido em atividade em 01 de março de 2022, com fundamento no inciso IV do art. 3º da Portaria SGP/SEDGG/ME Nº 4645, de 24 de maio de 2022, c/c o art. 217 da Lei nº 8.112, de 11 de dezembro de 1990, e art. 23 da Emenda Constitucional nº 103, de 12 de novembro de 2019.</p><p>Art. 2º Os efeitos desta Portaria entram em vigor em 01/03/2022, data do óbito. Processo nº 25003.000434/2022-24</p><p class="assina">PATRICK DOS SANTOS SODRÉ</p>]]></Texto>
  </body>
  <Midias />
</article></xml>