﻿<xml><article id="27742990" name="Portaria_IFAL_2022_3190." idOficio="9058921" pubName="DO2" artType="Portaria" pubDate="30/08/2022" artClass="00018:00044:00001:00000:00000:00000:00000:00000:00000:00000:00017:00004" artCategory="Ministério da Educação/Instituto Federal de Educação, Ciência e Tecnologia de Alagoas/Reitoria" artSize="12" artNotes="" numberPage="50" pdfPage="http://pesquisa.in.gov.br/imprensa/jsp/visualiza/index.jsp?data=30/08/2022&amp;jornal=529&amp;pagina=50" editionNumber="165" highlightType="" highlightPriority="" highlight="" highlightimage="" highlightimagename="" idMateria="19842143">
  <body>
    <Identifica><![CDATA[ PORTARIA Nº 3.190/IFAL, DE 25 DE AGOSTO DE 2022]]></Identifica>
    <Data><![CDATA[]]></Data>
    <Ementa />
    <Titulo />
    <SubTitulo />
    <Texto><![CDATA[<p class="identifica">PORTARIA Nº 3.190/IFAL, DE 25 DE AGOSTO DE 2022</p><p>A SUBSTITUTA DO REITOR DO INSTITUTO FEDERAL DE ALAGOAS, nomeado pela Portaria nº. 2.970/GR/IFAL, de 20 de setembro de 2021, publicada no DOU de 22 de setembro de 2021, Seção 2, p. 19, no uso de suas atribuições legais e o que consta no Processo nº 23041.031279/2022-14, resolve</p><p>Autorizar o afastamento do país do(a) servidor(a) Celso Silva Caldas, ocupante do cargo de professor EBTT, matrícula SIAPE 1311882, do quadro de pessoal do Instituto Federal de Alagoas, com lotação no Campus Maceió, para apresentação do trabalho intitulado, "INFLUENCIA DE LOS COMPUESTOS FENÓLICOS EN LA FORMACIÓN DECOLOR DURANTE EL PROCESO DE FABRICACIÓN DE AZÚCAR VHP", no XII Congresso TECNICAÑA, em Cali ,na Colômbia, no período de 12/09/2022 a 16/09/2022, com ônus limitado, conforme previsão no art. 1º, inciso II, do Decreto nº 91.800/1985 e Portaria nº 404/2009 - MEC, art. 4º.</p><p class="assina">Maria Cledilma Ferreira da Silva Costa</p>]]></Texto>
  </body>
  <Midias />
</article></xml>