﻿<xml><article id="27735472" name="Port1749P__8P6AMI" idOficio="9057419" pubName="DO2" artType="Portaria" pubDate="30/08/2022" artClass="00007:00058:00001:00000:00000:00000:00000:00000:00000:00000:00017:00000" artCategory="Ministério da Agricultura, Pecuária e Abastecimento/Instituto Nacional de Colonização e Reforma Agrária/Gabinete" artSize="12" artNotes="" numberPage="5" pdfPage="http://pesquisa.in.gov.br/imprensa/jsp/visualiza/index.jsp?data=30/08/2022&amp;jornal=529&amp;pagina=5" editionNumber="165" highlightType="" highlightPriority="" highlight="" highlightimage="" highlightimagename="" idMateria="19840117">
  <body>
    <Identifica><![CDATA[ PORTARIA Nº 1.749, DE 24 DE AGOSTO DE 2022]]></Identifica>
    <Data><![CDATA[]]></Data>
    <Ementa />
    <Titulo />
    <SubTitulo />
    <Texto><![CDATA[<p class="identifica">PORTARIA Nº 1.749, DE 24 DE AGOSTO DE 2022</p><p>O PRESIDENTE DO INSTITUTO NACIONAL DE COLONIZAÇÃO E REFORMA AGRÁRIA - INCRA, no uso da competência que lhe foi subdelegada pela Portaria nº 137, de 15 julho de 2019, publicada no Diário Oficial da União do dia 16 seguinte, e considerando o que consta no Processo Administrativo nº 54000.044659/2021-30, resolve:</p><p>Art. 1º Designar ADEMAR SANTANA, ocupante do cargo efetivo de Analista Administrativo, matrícula SIAPE nº 1943512, CPF nº ***.410.689-**, para exercer os encargos de substituto do Chefe de Seção, código FGR-1, da Seção de Correição, da Superintendência Regional de Santa Catarina - SR(SC), do Quadro de Pessoal deste Instituto, em seus impedimentos legais, temporários e eventuais.</p><p>Art. 2º Esta Portaria entra em vigor na data de sua publicação.</p><p class="assina">GERALDO JOSÉ DA CÂMARA FERREIRA DE MELO FILHO</p>]]></Texto>
  </body>
  <Midias />
</article></xml>