﻿<xml><article id="27742655" name="DOU2-SGP-PGR-1-PT-561-UNI-PGR-00" idOficio="9058875" pubName="DO2" artType="Portaria" pubDate="30/08/2022" artClass="00043:00010:00008:00000:00000:00000:00000:00000:00000:00000:00017:00561" artCategory="Ministério Público da União/Ministério Público Federal/Secretaria de Gestão de Pessoas" artSize="12" artNotes="" numberPage="129" pdfPage="http://pesquisa.in.gov.br/imprensa/jsp/visualiza/index.jsp?data=30/08/2022&amp;jornal=529&amp;pagina=129" editionNumber="165" highlightType="" highlightPriority="" highlight="" highlightimage="" highlightimagename="" idMateria="19842063">
  <body>
    <Identifica><![CDATA[ PORTARIA SGP/MPF Nº 561, DE 15 DE AGOSTO DE 2022]]></Identifica>
    <Data><![CDATA[]]></Data>
    <Ementa />
    <Titulo />
    <SubTitulo />
    <Texto><![CDATA[<p class="identifica">PORTARIA SGP/MPF Nº 561, DE 15 DE AGOSTO DE 2022</p><p>A SECRETÁRIA DE GESTÃO DE PESSOAS DO MINISTÉRIO PÚBLICO FEDERAL, no uso da competência que lhe foi atribuída pelo artigo 1º - inciso II, alínea "p", da Portaria SG/MPF nº 994, de 24 de agosto de 2020, tendo em vista o disposto nos artigos 35 - inciso I e 62 da Lei nº 8.112, de 11 de dezembro de 1990, e no expediente PGR-00271107/2022, resolve:</p><p>1. Dispensar LANA SILVA FERREIRA ALMEIDA, ocupante do cargo de Técnico do MPU/Administração, matrícula nº 2430, da função de confiança de Assistente Nível III, FC-3, do Gabinete do Subprocurador-Geral da República Hindemburgo Chateaubriand Pereira Diniz Filho.</p><p>2. Designar ANA PAULA DAUZACKER MUNARI, ocupante do cargo de Analista do MPU/Direito, matrícula nº 26028, para exercer a função de confiança de Assistente Nível III, FC-3, do Gabinete do Subprocurador-Geral da República Hindemburgo Chateaubriand Pereira Diniz Filho.</p><p>3. Designar LANA SILVA FERREIRA ALMEIDA, ocupante do cargo de Técnico do MPU/Administração, matrícula nº 2430, para exercer a função de confiança de Assistente Nível II, FC-2, da Assessoria de Tradução, da Secretaria de Cooperação Internacional da Procuradoria Geral da República, em vaga decorrente da dispensa de Pedro Paulo Lima de Alvarenga, matrícula nº 24638, ocorrida em 24 de julho de 2022, publicada no DOU de 25 de julho de 2022.</p><p class="assina">ISABELA VIDIGAL BRAGA MENESES</p>]]></Texto>
  </body>
  <Midias />
</article></xml>