﻿<xml><article id="27733417" name="1560 - ExoneraAAo Hugo Gaeta Jun" idOficio="9056881" pubName="DO2" artType="Portaria" pubDate="30/08/2022" artClass="00018:00084:00000:00000:00000:00000:00000:00000:00000:00000:00017:00000" artCategory="Ministério da Educação/Universidade Federal de Alfenas" artSize="12" artNotes="" numberPage="64" pdfPage="http://pesquisa.in.gov.br/imprensa/jsp/visualiza/index.jsp?data=30/08/2022&amp;jornal=529&amp;pagina=64" editionNumber="165" highlightType="" highlightPriority="" highlight="" highlightimage="" highlightimagename="" idMateria="19839415">
  <body>
    <Identifica><![CDATA[ PORTARIA Nº 1.560, DE 25 DE AGOSTO DE 2022]]></Identifica>
    <Data><![CDATA[]]></Data>
    <Ementa />
    <Titulo />
    <SubTitulo />
    <Texto><![CDATA[<p class="identifica">PORTARIA Nº 1.560, DE 25 DE AGOSTO DE 2022</p><p>O REITOR da Universidade Federal de Alfenas, usando de suas atribuições legais e tendo em vista o que consta do Processo nº 23087.012234/2022-14, resolve:</p><p>Art. 1º Exonerar, a pedido, a partir de 1º-09-2022, o servidor Hugo Gaeta Araújo, matrícula Siape nº 3228939, CPF nº ***.495.428-**, ocupante do cargo de Professor do Magistério Superior, Classe A com denominação Adjunto-A, Nível 1, lotado na Faculdade de Odontologia, código de vaga nº 0305641, nos termos do art. 34, caput, da Lei nº 8.112/90.</p><p>Art. 2º Declarar uma vaga no referido cargo.</p><p class="assina">Sandro Amadeu Cerveira</p>]]></Texto>
  </body>
  <Midias />
</article></xml>