﻿<xml><article id="27735544" name="PORTARIA NA 32" idOficio="9057443" pubName="DO2" artType="Portaria" pubDate="30/08/2022" artClass="00014:00043:00015:00000:00000:00000:00000:00000:00000:00000:00017:00000" artCategory="Ministério do Desenvolvimento Regional/Departamento Nacional de Obras Contra as Secas/Coordenadoria Estadual no Piauí" artSize="12" artNotes="" numberPage="31" pdfPage="http://pesquisa.in.gov.br/imprensa/jsp/visualiza/index.jsp?data=30/08/2022&amp;jornal=529&amp;pagina=31" editionNumber="165" highlightType="" highlightPriority="" highlight="" highlightimage="" highlightimagename="" idMateria="19840143">
  <body>
    <Identifica><![CDATA[PORTARIA Nº 32, DE 17 DE AGOSTO DE 2022]]></Identifica>
    <Data><![CDATA[]]></Data>
    <Ementa />
    <Titulo />
    <SubTitulo />
    <Texto><![CDATA[<p class="identifica">PORTARIA Nº 32, DE 17 DE AGOSTO DE 2022</p><p>O COORDENADOR ESTADUAL DO DEPARTAMENTO NACIONAL DE OBRAS CONTRA AS SECAS NO PIAUÍ, no uso da competência que lhe foi atribuída pela Portaria nº 402/DG/DA/CRH, de 30 de agosto de 2013, publicada no Boletim Administrativo, Edição Extra, de mesma data, e tendo em vista o que consta do Processo nº 59401.000861/2022-31 resolve:</p><p>Art. 1º Conceder pensão a MARIA DA GRAÇA DA CONCEIÇÃO DIAS, na qualidade de cônjuge do ex-servidor WALTER TOMÉ DIAS, ocupante do cargo Agente de Atividades Agropecuárias, matrícula Siape 728797, do quadro de pessoal desta Coordenadoria Estadual, falecido aposentado, em 20 de Julho de 2022, com fundamento no inciso I do art. 3º da Portaria SGP/SEDGG/ME Nº 4645, de 24 de maio de 2022, c/c o art. 217 da Lei nº 8.112, de 11 de dezembro de 1990, e art. 23 da Emenda Constitucional nº 103, de 12 de novembro de 2019.</p><p>Art. 2º Os efeitos desta Portaria entram em vigor em 20 de Julho de 2022, data do óbito do servidor.</p><p class="assina">Arão Martins do Rêgo Lobão</p>]]></Texto>
  </body>
  <Midias />
</article></xml>