﻿<xml><article id="27732014" name="PORT 214 EXERC PROV Secao 2" idOficio="9056560" pubName="DO2" artType="Portaria" pubDate="30/08/2022" artClass="00018:00002:00021:00000:00000:00000:00000:00000:00000:00000:00017:00003" artCategory="Ministério da Educação/Secretaria Executiva/Subsecretaria de Assuntos Administrativos" artSize="12" artNotes="" numberPage="48" pdfPage="http://pesquisa.in.gov.br/imprensa/jsp/visualiza/index.jsp?data=30/08/2022&amp;jornal=529&amp;pagina=48" editionNumber="165" highlightType="" highlightPriority="" highlight="" highlightimage="" highlightimagename="" idMateria="19839075">
  <body>
    <Identifica><![CDATA[ PORTARIA Nº 214, DE 24 DE AGOSTO DE 2022]]></Identifica>
    <Data><![CDATA[]]></Data>
    <Ementa />
    <Titulo />
    <SubTitulo />
    <Texto><![CDATA[<p class="identifica">PORTARIA Nº 214, DE 24 DE AGOSTO DE 2022</p><p>A SUBSECRETÁRIA DE ASSUNTOS ADMINISTRATIVOS DO MINISTÉRIO DA EDUCAÇÃO, de conformidade com a delegação de competência outorgada pelo art. 1º da Portaria SEGEP/MP Nº 1.166, publicada no DOU de 12 de julho de 2012, e considerando o disposto no §2º do art. 84 da Lei nº 8.112, de 11 de dezembro de 1990, resolve efetivar o seguinte exercício provisório:</p><p>Servidora: THAÍS HELENA RIBEIRO SILVA</p><p>Mat. Siape: 3258040</p><p>Cargo: Técnico em Assuntos Educacionais</p><p>Origem: Fundação Universidade Federal de Mato Grosso</p><p>Para: Instituto Federal de Mato Grosso - Campus Rondonópolis</p><p>Processo: 23108.048193/2022-09</p><p>Art. 1º Caberá ao órgão de destino apresentar a servidora ao seu órgão de origem, ao término do exercício provisório.</p><p>Art. 2º O exercício provisório, objeto desta Portaria, cessará caso sobrevenha a desconstituição da entidade familiar cuja unidade se pretende assegurar ou na hipótese de novo deslocamento do cônjuge.</p><p>Art. 3º Esta Portaria entra em vigor na data de sua publicação.</p><p class="assina">CARLA BAKSYS PINTO</p>]]></Texto>
  </body>
  <Midias />
</article></xml>