﻿<xml><article id="27740874" name="Portaria nA 1434 - Exonerar - CD" idOficio="9058584" pubName="DO2" artType="Portaria" pubDate="30/08/2022" artClass="00018:00070:00001:00000:00000:00000:00000:00000:00000:00000:00017:00000" artCategory="Ministério da Educação/Instituto Federal de Educação, Ciência e Tecnologia de Rondônia/Reitoria" artSize="12" artNotes="" numberPage="61" pdfPage="http://pesquisa.in.gov.br/imprensa/jsp/visualiza/index.jsp?data=30/08/2022&amp;jornal=529&amp;pagina=61" editionNumber="165" highlightType="" highlightPriority="" highlight="" highlightimage="" highlightimagename="" idMateria="19841615">
  <body>
    <Identifica><![CDATA[ PORTARIA Nº 1.434, DE 19 DE AGOSTO DE 2022]]></Identifica>
    <Data><![CDATA[]]></Data>
    <Ementa />
    <Titulo />
    <SubTitulo />
    <Texto><![CDATA[<p class="identifica">PORTARIA Nº 1.434, DE 19 DE AGOSTO DE 2022</p><p>O REITOR PRO TEMPORE DO INSTITUTO FEDERAL DE EDUCAÇÃO, CIÊNCIA E TECNOLOGIA DE RONDÔNIA - IFRO, nomeado pelo Decreto Presidencial de 4 de agosto de 2022, publicado no DOU nº 148, de 5 de agosto de 2022, Seção 2, pág. 1, no uso de suas atribuições legais e regimentais conferidas pela Lei nº 11.892, de 29 de dezembro de 2008, publicada no D.O.U. de 30 de dezembro de 2009 e estabelecidas pelo art. 67 do Regimento Geral do Instituto Federal de Educação, Ciência e Tecnologia de Rondônia - IFRO, aprovado pela Resolução nº 65/CONSUP/IFRO, de 29 de dezembro de 2015, e posteriores; resolve:</p><p>Art. 1º O servidor WALACE SOARES DE OLIVEIRA, Siape nº 1887337, Professor EBTT, fica exonerado do Cargo Comissionado de Assessor Especial do Gabinete da Reitoria do Instituto Federal de Educação, Ciência e Tecnologia de Rondônia - IFRO, código CD-4.</p><p>Art. 2º Esta Portaria entra em vigor na data de sua publicação.</p><p class="assina">EDSLEI RODRIGUES DE ALMEIDA</p>]]></Texto>
  </body>
  <Midias />
</article></xml>