﻿<xml><article id="27736403" name="Port521-2022-DPCvM-Concede-PC--N" idOficio="9057635" pubName="DO2" artType="Portaria" pubDate="30/08/2022" artClass="00013:00012:00027:00007:00000:00000:00000:00000:00000:00000:00017:00001" artCategory="Ministério da Defesa/Comando da Marinha/Diretoria-Geral do Pessoal/Diretoria do Pessoal Civil" artSize="12" artNotes="" numberPage="25" pdfPage="http://pesquisa.in.gov.br/imprensa/jsp/visualiza/index.jsp?data=30/08/2022&amp;jornal=529&amp;pagina=25" editionNumber="165" highlightType="" highlightPriority="" highlight="" highlightimage="" highlightimagename="" idMateria="19840388">
  <body>
    <Identifica><![CDATA[ PORTARIA Nº 521/DPCvM, DE 24 DE AGOSTO DE 2022]]></Identifica>
    <Data><![CDATA[]]></Data>
    <Ementa />
    <Titulo />
    <SubTitulo />
    <Texto><![CDATA[<p class="identifica">PORTARIA Nº 521/DPCvM, DE 24 DE AGOSTO DE 2022</p><p>A DIRETORA INTERINA DO PESSOAL CIVIL DA MARINHA, usando da atribuição que lhe confere a Portaria nº 35/2022, da Diretoria-Geral do Pessoal da Marinha, e em face da concessão de tutela de urgência ao Processo Judicial nº 5005443-02.2019.4.02.5103, da 1ª Vara Federal de Campos/Seção Judiciária do Rio de Janeiro, resolve:</p><p>Art. 1º Conceder pensão a NEIVA DE SOUZA FERNANDES, na qualidade de companheira do ex-servidor AGOSTINHO DA CONCEIÇÃO RODRIGUES FILHO, ocupante do cargo de Agente Administrativo, Matrícula SIAPE 0964640, do Quadro de Pessoal deste Comando da Marinha do Brasil, falecido, na condição de aposentado, em 20 de setembro de 2018, com fundamento no inciso IV do art. 3º da Portaria SGP/SEDGG/ME nº 4645, de 24 de maio de 2022, de acordo com o art. 217 da Lei nº 8.112, de 11 de dezembro de 1990.</p><p>Art. 2º Os efeitos desta Portaria entram em vigor em 20 de setembro de 2018, data do óbito do instituidor.</p><p class="assina">DULCE MARIA DE SOUSA SANTOS ROSA</p>]]></Texto>
  </body>
  <Midias />
</article></xml>