﻿<xml><article id="27737885" name="Portaria DOU - VacAncia por Poss" idOficio="9057968" pubName="DO2" artType="Portaria" pubDate="30/08/2022" artClass="00018:00065:00031:00000:00000:00000:00000:00000:00000:00000:00017:00000" artCategory="Ministério da Educação/Instituto Federal de Educação, Ciência e Tecnologia de Pernambuco/Diretoria de Gestão de Pessoas" artSize="12" artNotes="" numberPage="58" pdfPage="http://pesquisa.in.gov.br/imprensa/jsp/visualiza/index.jsp?data=30/08/2022&amp;jornal=529&amp;pagina=58" editionNumber="165" highlightType="" highlightPriority="" highlight="" highlightimage="" highlightimagename="" idMateria="19840800">
  <body>
    <Identifica><![CDATA[ PORTARIA Nº 872, DE 23 DE AGOSTO DE 2022]]></Identifica>
    <Data><![CDATA[]]></Data>
    <Ementa />
    <Titulo />
    <SubTitulo />
    <Texto><![CDATA[<p class="identifica">PORTARIA Nº 872, DE 23 DE AGOSTO DE 2022</p><p>O REITOR DO INSTITUTO FEDERAL DE EDUCAÇÃO, CIÊNCIA E TECNOLOGIA DE PERNAMBUCO, nomeado pelo Decreto de 13 de abril de 2020, publicado no DOU de 13 de abril de 2020, seção 2, página 1, Edição Extra A, em conformidade com a Lei nº 11.892, de 29 de dezembro de 2008, no uso de suas atribuições legais e estatutárias, e considerando o Processo nº 23519.021479/2022-57 com despachos exarados, resolve:</p><p>Declarar vago, a pedido, por posse em outro cargo inacumulável, o cargo de Assistente em Administração, ocupado por RIVALDO SILVA DE MORAIS JÚNIOR, matrícula SIAPE nº 1266377, lotado no Campus Jaboatão dos Guararapes desta Instituição Federal de Educação, com amparo legal no inciso VIII do artigo 33 da Lei nº 8.112/1990, a contar de 22/08/2022.</p><p class="assina">JOSÉ CARLOS DE SÁ JUNIOR</p>]]></Texto>
  </body>
  <Midias />
</article></xml>