﻿<xml><article id="27742670" name="DOU2-SGP-PGR-1-PT-586-UNI-PGR-00" idOficio="9058875" pubName="DO2" artType="Portaria" pubDate="30/08/2022" artClass="00043:00010:00008:00000:00000:00000:00000:00000:00000:00000:00017:00586" artCategory="Ministério Público da União/Ministério Público Federal/Secretaria de Gestão de Pessoas" artSize="12" artNotes="" numberPage="130" pdfPage="http://pesquisa.in.gov.br/imprensa/jsp/visualiza/index.jsp?data=30/08/2022&amp;jornal=529&amp;pagina=130" editionNumber="165" highlightType="" highlightPriority="" highlight="" highlightimage="" highlightimagename="" idMateria="19842070">
  <body>
    <Identifica><![CDATA[ PORTARIA SGP/MPF Nº 586, DE 25 DE AGOSTO DE 2022]]></Identifica>
    <Data><![CDATA[]]></Data>
    <Ementa />
    <Titulo />
    <SubTitulo />
    <Texto><![CDATA[<p class="identifica">PORTARIA SGP/MPF Nº 586, DE 25 DE AGOSTO DE 2022</p><p>A SECRETÁRIA DE GESTÃO DE PESSOAS DO MINISTÉRIO PÚBLICO FEDERAL, no uso da competência que lhe foi atribuída pelo artigo 1º - inciso II, alínea "n", da Portaria SG/MPF nº 994, de 24 de agosto de 2020, tendo em vista o disposto no artigo 38 da Lei nº 8.112, de 11 de dezembro de 1990, e no expediente PGR-00335682/2022, resolve:</p><p>1. Dispensar, a partir de 1º de julho de 2022, RODOLFO RODRIGUES NUNES FARIA, ocupante do cargo de Analista do MPU/Direito, matrícula nº 27795, do encargo de substituto eventual da Assessora-Chefe Nível II, CC-2, da Assessoria de Padronização Revisional da 5ª Câmara de Coordenação e Revisão do Ministério Público Federal.</p><p>2. Designar DENISE SOUSA COELHO BORGES, ocupante do cargo de Analista do MPU/Direito, matrícula nº 25298, para exercer o encargo de substituta eventual da Assessora-Chefe Nível II, CC-2, da Assessoria de Padronização Revisional da 5ª Câmara de Coordenação e Revisão do Ministério Público Federal.</p><p>3. Designar DENISE SOUSA COELHO BORGES, ocupante do cargo de Analista do MPU/Direito, matrícula nº 25298, para substituir, no período de 24 de agosto a 23 de setembro de 2022, a Assessora-Chefe Nível II, CC-2, da Assessoria de Padronização Revisional da 5ª Câmara de Coordenação e Revisão do Ministério Público Federal, por motivo de férias da titular.</p><p class="assina">ISABELA VIDIGAL BRAGA MENESES</p>]]></Texto>
  </body>
  <Midias />
</article></xml>