﻿<xml><article id="27735578" name="PORTARIA N 173 SINC 19840147" idOficio="9057446" pubName="DO2" artType="Portaria" pubDate="30/08/2022" artClass="00023:00001:00000:00000:00000:00000:00000:00000:00000:00000:00013:00007" artCategory="Ministério de Minas e Energia/Gabinete do Ministro" artSize="12" artNotes="" numberPage="108" pdfPage="http://pesquisa.in.gov.br/imprensa/jsp/visualiza/index.jsp?data=30/08/2022&amp;jornal=529&amp;pagina=108" editionNumber="165" highlightType="" highlightPriority="" highlight="" highlightimage="" highlightimagename="" idMateria="19840147">
  <body>
    <Identifica><![CDATA[ PORTARIA DE PESSOAL Nº 173, DE 25 DE AGOSTO DE 2022]]></Identifica>
    <Data><![CDATA[]]></Data>
    <Ementa />
    <Titulo />
    <SubTitulo />
    <Texto><![CDATA[<p class="identifica">PORTARIA DE PESSOAL Nº 173, DE 25 DE AGOSTO DE 2022</p><p>A CHEFE DE GABINETE DO MINISTRO DE ESTADO DE MINAS E ENERGIA, no uso da competência outorgada pela Portaria MME nº 121, de 11 de fevereiro de 2019, resolve:</p><p>Nomear CARLOS GOMES ARAÚJO, para exercer o cargo em comissão de Coordenador da Coordenação-Geral de Tecnologia da Informação, da Subsecretaria de Planejamento, Orçamento e Administração, da Secretaria-Executiva, código DAS 101.3.</p><p class="assina">ALINE DE MEDEIROS DANTAS</p>]]></Texto>
  </body>
  <Midias />
</article></xml>