﻿<xml><article id="27733372" name="DOU 25-08-2022" idOficio="9056846" pubName="DO2" artType="Portaria" pubDate="30/08/2022" artClass="00018:00078:00296:00000:00000:00000:00000:00000:00000:00000:00017:00000" artCategory="Ministério da Educação/Instituto Federal de Educação, Ciência e Tecnologia Sul-Rio-Grandense/Gabinete do Reitor" artSize="12" artNotes="" numberPage="64" pdfPage="http://pesquisa.in.gov.br/imprensa/jsp/visualiza/index.jsp?data=30/08/2022&amp;jornal=529&amp;pagina=64" editionNumber="165" highlightType="" highlightPriority="" highlight="" highlightimage="" highlightimagename="" idMateria="19839406">
  <body>
    <Identifica><![CDATA[ Portaria nº 2.097, DE 25 DE AGOSTO DE 2022]]></Identifica>
    <Data><![CDATA[]]></Data>
    <Ementa />
    <Titulo />
    <SubTitulo />
    <Texto><![CDATA[<p class="identifica">Portaria nº 2.097, DE 25 DE AGOSTO DE 2022</p><p>O REITOR DO INSTITUTO FEDERAL DE EDUCAÇÃO, CIÊNCIA E TECNOLOGIA SUL-RIO-GRANDENSE, no uso das atribuições legais, considerando o Processo n.º 23163.002978.2022-62, resolve:</p><p>Art. 1º Dispensar, a partir de 30/08/2022, o servidor Cléber Vargas Islabão, ocupante do cargo de Assistente de Aluno, do Quadro de Pessoal desta IFE, da função de Diretor da Diretoria Executiva da Reitoria (CD-3), Instituto Federal de Educação, Ciência e Tecnologia Sul-rio-grandense.</p><p class="assina">Flávio Luis Barbosa Nunes</p><p class="identifica">Portaria nº 2.098, DE 25 DE AGOSTO DE 2022</p><p>O REITOR DO INSTITUTO FEDERAL DE EDUCAÇÃO, CIÊNCIA E TECNOLOGIA SUL-RIO-GRANDENSE, no uso das atribuições legais, considerando o Processo 23163.002999.2022-88; e, considerando o disposto no §4.º do art. 15, da Lei n.º 8.112/90, resolve:</p><p>Art. 1º Designar, a partir de 30/08/2022, o servidor Cleber Vargas Islabão, ocupante do cargo de Assistente de Aluno, do Quadro de Pessoal desta IFE, para exercer a função de Coordenador da Coordenadoria de Diárias e Passagens (FG-4), do Gabinete do Reitor, Instituto Federal de Educação, Ciência e Tecnologia Sul-rio-grandense.</p><p class="assina">Flávio Luis Barbosa Nunes</p><p class="identifica">Portaria nº 2.099, DE 25 DE AGOSTO DE 2022</p><p>O REITOR DO INSTITUTO FEDERAL DE EDUCAÇÃO, CIÊNCIA E TECNOLOGIA SUL-RIO-GRANDENSE, no uso das atribuições legais, considerando o Processo 23163.003000.2022-18, resolve:</p><p>Art. 1º Dispensar, a partir de 30/08/2022, a servidora Paula Renata Kurz Aldrighi, ocupante do cargo de Assistente em Administração, do Quadro de Pessoal desta IFE, da função de Coordenadora da Coordenadoria de Gestão de Logística e Frota (FG-2), da Diretoria Executiva da Reitoria, Instituto Federal de Educação, Ciência e Tecnologia Sul-rio-grandense.</p><p class="assina">Flávio Luis Barbosa Nunes</p><p class="identifica">Portaria nº 2.106, DE 25 DE AGOSTO DE 2022</p><p>O REITOR DO INSTITUTO FEDERAL DE EDUCAÇÃO, CIÊNCIA E TECNOLOGIA SUL-RIO-GRANDENSE, no uso das atribuições legais, considerando o Processo Eletrônico nº 23341.001535.2022-56, resolve:</p><p>Art. 1º Ratificar a concessão de aposentadoria voluntária, com proventos calculados com base na última remuneração do servidor, a Maximiano Guimaraes Neves, matrícula SIAPE 1100211, ocupante do cargo de Copeiro, Nível de Classificação B, Nível de Capacitação IV, Padrão de Vencimento 16, no Regime de 40 (quarenta) horas semanais, código de vaga 0330710, do Quadro de Pessoal desta IFE, com fundamento no art. 20, §2º, inciso I da Emenda Constitucional nº 103/2019, com a Vantagem do Adicional por Tempo de Serviço (4%) e o Incentivo à Qualificação (15%).</p><p>Art. 2º Declarar vago o cargo supramencionado.</p><p>Art. 3º Esta Portaria entrará em vigor na data de sua publicação no Diário Oficial da União.</p><p class="assina">Flávio Luis Barbosa Nunes</p><p class="identifica">Portaria nº 2.107, DE 25 DE AGOSTO DE 2022</p><p>O REITOR DO INSTITUTO FEDERAL DE EDUCAÇÃO, CIÊNCIA E TECNOLOGIA SUL-RIO-GRANDENSE, no uso das atribuições legais, considerando o Processo 23206.002826.2022-16 resolve:</p><p>Art. 1º Ratificar a concessão de aposentadoria voluntária, com proventos calculados com base na última remuneração da servidora, à Katia Regina Lemos Castagno, matrícula SIAPE 6274705, ocupante do cargo de Professor do Ensino Básico, Técnico e Tecnológico, Classe D V, Nível 01, código de vaga 0211781, do Quadro de Pessoal desta IFE, com fundamento no art. Art. 20, §2º, I da Emenda Constitucional nº 103/2019, com a vantagem do Adicional por Tempo de Serviço (6%) e a Retribuição por Titulação.</p><p>Art. 2º Declarar vago o cargo supramencionado.</p><p>Art. 3º Esta Portaria entrará em vigor na data de sua publicação no Diário Oficial da União.</p><p class="assina">Flávio Luis Barbosa Nunes</p>]]></Texto>
  </body>
  <Midias />
</article></xml>