﻿<xml><article id="27743767" name="5554" idOficio="9059048" pubName="DO2" artType="Portaria" pubDate="30/08/2022" artClass="00018:00111:00017:00000:00000:00000:00000:00000:00000:00000:00017:00001" artCategory="Ministério da Educação/Universidade Federal do Rio de Janeiro/Pró-Reitoria de Pessoal" artSize="12" artNotes="" numberPage="79" pdfPage="http://pesquisa.in.gov.br/imprensa/jsp/visualiza/index.jsp?data=30/08/2022&amp;jornal=529&amp;pagina=79" editionNumber="165" highlightType="" highlightPriority="" highlight="" highlightimage="" highlightimagename="" idMateria="19842327">
  <body>
    <Identifica><![CDATA[ PORTARIA Nº 5.554, DE 23 DE JUNHO DE 2022]]></Identifica>
    <Data><![CDATA[]]></Data>
    <Ementa />
    <Titulo />
    <SubTitulo />
    <Texto><![CDATA[<p class="identifica">PORTARIA Nº 5.554, DE 23 DE JUNHO DE 2022</p><p>O Pró-Reitor de Pessoal da Universidade Federal do Rio de Janeiro, no uso da competência delegada pela Portaria n.º 10.120, de 16 de dezembro de 2021, publicada no Diário Oficial da União n.º 237, de 17 de dezembro de 2021, e considerando o disposto no Processo n.º 23079.218819/2022-37, resolve:</p><p>Conceder aposentadoria voluntária à servidora ANA MARIA DANIEL DE SOUZA, matrícula SIAPE n.º 0360428, ocupante do cargo de Administrador de Edifícios, Classificação: C, Capacitação: 4, Padrão: 16, no regime de 40 horas semanais de trabalho do Quadro de Pessoal desta Universidade, com fundamento no art. 3º, incisos I, II e III, da EC 47/05, c/c o art. 3º, §1º, da EC 103/2019, proventos integrais.</p><p class="assina">Karla da Rocha Rodrigues Simas</p><p class="cargo">Substituta</p>]]></Texto>
  </body>
  <Midias />
</article></xml>