﻿<xml><article id="27742703" name="DOU2-SGP-PGR-1-PT-585-UNI-PGR-00" idOficio="9058875" pubName="DO2" artType="Portaria" pubDate="30/08/2022" artClass="00043:00010:00008:00000:00000:00000:00000:00000:00000:00000:00017:00585" artCategory="Ministério Público da União/Ministério Público Federal/Secretaria de Gestão de Pessoas" artSize="12" artNotes="" numberPage="130" pdfPage="http://pesquisa.in.gov.br/imprensa/jsp/visualiza/index.jsp?data=30/08/2022&amp;jornal=529&amp;pagina=130" editionNumber="165" highlightType="" highlightPriority="" highlight="" highlightimage="" highlightimagename="" idMateria="19842069">
  <body>
    <Identifica><![CDATA[ PORTARIA SGP/MPF Nº 585, DE 25 DE AGOSTO DE 2022]]></Identifica>
    <Data><![CDATA[]]></Data>
    <Ementa />
    <Titulo />
    <SubTitulo />
    <Texto><![CDATA[<p class="identifica">PORTARIA SGP/MPF Nº 585, DE 25 DE AGOSTO DE 2022</p><p>A SECRETÁRIA DE GESTÃO DE PESSOAS DO MINISTÉRIO PÚBLICO FEDERAL, no uso da competência que lhe foi atribuída pelo artigo 1º - inciso II, alínea "p", da Portaria SG/MPF nº 994, de 24 de agosto de 2020, tendo em vista o disposto no artigo 62 da Lei nº 8.112, de 11 de dezembro de 1990, e no expediente PGR-00339996/2022, resolve:</p><p>Designar HERMANN ROHOR KULITZ, ocupante do cargo de Técnico do MPU/Administração, matrícula nº 30925, para exercer a função de confiança de Secretário Nível II, FC-2, da Chefia de Gabinete da Vice-Procuradora-Geral da República, em vaga decorrente da dispensa de Edna Cardoso dos Santos, matrícula nº 3401, ocorrida em 1º de agosto de 2022, publicada no DOU de 5 de agosto de 2022.</p><p class="assina">ISABELA VIDIGAL BRAGA MENESES</p>]]></Texto>
  </body>
  <Midias />
</article></xml>