﻿<xml><article id="27735983" name="SEI_UFRJ - 2264390 - Portaria de" idOficio="9057547" pubName="DO2" artType="Portaria" pubDate="30/08/2022" artClass="00018:00111:00017:00000:00000:00000:00000:00000:00000:00000:00017:00019" artCategory="Ministério da Educação/Universidade Federal do Rio de Janeiro/Pró-Reitoria de Pessoal" artSize="12" artNotes="7926" numberPage="81" pdfPage="http://pesquisa.in.gov.br/imprensa/jsp/visualiza/index.jsp?data=30/08/2022&amp;jornal=529&amp;pagina=81" editionNumber="165" highlightType="" highlightPriority="" highlight="" highlightimage="" highlightimagename="" idMateria="19840259">
  <body>
    <Identifica><![CDATA[ PORTARIA Nº 7.926, DE 26 DE AGOSTO DE 2022]]></Identifica>
    <Data><![CDATA[]]></Data>
    <Ementa />
    <Titulo />
    <SubTitulo />
    <Texto><![CDATA[<p class="identifica">PORTARIA Nº 7.926, DE 26 DE AGOSTO DE 2022</p><p>O Pró-Reitor de Pessoal da Universidade Federal do Rio de Janeiro, no uso da competência delegada pela Portaria nº 10.120, de 16 de dezembro de 2021, publicada no Diário Oficial da União nº 237 de 17 de dezembro de 2021 e considerando o disposto no Processo n° 23079.230710/2022-78, resolve:</p><p>Conceder pensão vitalícia a Claudio Moura, cônjuge do(a) ex-servidor(a) Adele Weber Moura, matrícula SIAPE nº 0308231, cargo Arquiteto e Urbanista, Nível de Classificação E, Nível de Capacitação 3, Padrão de Vencimento 16, com fundamento no art. 23 da Emenda Constitucional 103/2019; na Emenda Constitucional nº 41/2003, c/c o art. 2º, inciso I, da Lei nº 10.887/2004, art. 217, inciso I e art. 222, VII, alínea "b", item 6, da Lei nº 8.112/1990, conforme redação conferida pela Lei nº 13.135/2015 e pela Portaria ME Nº 424, de 29 de dezembro de 2020, observado também o art. 3º, §1º da EC 103/2019, a partir de 27/06/2022, data do óbito do Instituidor, com fundamento no art. 219, inciso I, da Lei 8112/1990.</p><p class="assina">ALEXANDRE BRASIL CARVALHO DA FONSECA</p>]]></Texto>
  </body>
  <Midias />
</article></xml>