﻿<xml><article id="27741082" name="2022-08-25 FSMS E AmA Secom" idOficio="9058626" pubName="DO2" artType="Portaria" pubDate="30/08/2022" artClass="00025:00105:00000:00000:00000:00000:00000:00000:00000:00000:00017:00000" artCategory="Ministério das Relações Exteriores/Embaixada do Brasil em Amã" artSize="12" artNotes="" numberPage="111" pdfPage="http://pesquisa.in.gov.br/imprensa/jsp/visualiza/index.jsp?data=30/08/2022&amp;jornal=529&amp;pagina=111" editionNumber="165" highlightType="" highlightPriority="" highlight="" highlightimage="" highlightimagename="" idMateria="19841675">
  <body>
    <Identifica><![CDATA[ PORTARIA DE 25 DE AGOSTO DE 2022]]></Identifica>
    <Data><![CDATA[]]></Data>
    <Ementa />
    <Titulo />
    <SubTitulo />
    <Texto><![CDATA[<p class="identifica">PORTARIA DE 25 DE AGOSTO DE 2022</p><p>O EMBAIXADOR DO BRASIL EM AMÃ, no uso de suas atribuições e nos termos do artigo 74 do Anexo I ao Decreto nº 9.683, de 9 de janeiro de 2019, resolve:</p><p>Designar, até o término de sua missão no posto, FLÁVIO ANTÔNIO DA SILVA DONTAL, primeiro-secretário comissionado conselheiro, da carreira de diplomata do Ministério das Relações, para exercer a função de chefe do Setor de Promoção Comercial nesta missão diplomática, a partir da data de publicação desta Portaria.</p><p class="assina">RUY PACHECO DE AZEVEDO AMARAL</p>]]></Texto>
  </body>
  <Midias />
</article></xml>