﻿<xml><article id="27742357" name="PORT 446.2022 SESSOES COS SETEMB" idOficio="9058819" pubName="DO2" artType="Portaria" pubDate="30/08/2022" artClass="00043:00012:00002:00000:00000:00000:00000:00000:00000:00000:00017:00000" artCategory="Ministério Público da União/Ministério Público do Trabalho/Procuradoria Regional do Trabalho da 1ª Região" artSize="12" artNotes="" numberPage="133" pdfPage="http://pesquisa.in.gov.br/imprensa/jsp/visualiza/index.jsp?data=30/08/2022&amp;jornal=529&amp;pagina=133" editionNumber="165" highlightType="" highlightPriority="" highlight="" highlightimage="" highlightimagename="" idMateria="19841988">
  <body>
    <Identifica><![CDATA[ PORTARIA Nº 446, DE 25 DE AGOSTO DE 2022]]></Identifica>
    <Data><![CDATA[]]></Data>
    <Ementa />
    <Titulo />
    <SubTitulo />
    <Texto><![CDATA[<p class="identifica">PORTARIA Nº 446, DE 25 DE AGOSTO DE 2022</p><p>O PROCURADOR-CHEFE DA PROCURADORIA REGIONAL DO TRABALHO DA 1ª REGIÃO, no uso das suas atribuições legais, considerando o disposto no artigo 14 da Portaria PRT-1a no 83, de 17 de março de 2015, republicada pela Portaria PRT-1a no 460, de 16 de novembro de 2019, resolve designar especificamente para atuar nas sessões dos órgãos fracionários do Tribunal Regional do Trabalho da 1ª Região, durante o mês de setembro de 2022, os Membros a seguir indicados:</p><p>I - 1ª Turma: Lisyane Chaves Motta, Procuradora Regional do Trabalho;</p><p>II - 2ª Turma: Marcelo de Oliveira Ramos, Procurador do Trabalho;</p><p>III - 3ª Turma: José Claudio Codeço Marques, Procurador do Trabalho;</p><p>IV - 4ª Turma: André Luiz Riedlinger Teixeira, Procurador do Trabalho (até 7/9), Mariane Josviak, Procuradora Regional do Trabalho (8 a 18/9), José Claudio Codeço Marques, Procurador do Trabalho (19 a 25/9) e Teresa Cristina D'Almeida Basteiro, Procuradora Regional do Trabalho (após 25/9);</p><p>V - 5ª Turma: Dulce Maris Galle, Procuradora Regional do Trabalho;</p><p>VI - 6ª Turma: Marcelo José Fernandes da Silva, Procurador do Trabalho (até 25/9) e Teresa Cristina D'Almeida Basteiro, Procuradora Regional do Trabalho (após 25/9);</p><p>VII - 7ª Turma: Mariane Josviak, Procuradora Regional do Trabalho;</p><p>VII - 8ª Turma: Daniela Ribeiro Mendes, Procuradora Regional do Trabalho;</p><p>IX - 9ª Turma: Artur de Azambuja Rodrigues, Procurador do Trabalho (até 11/9), Fábio Luiz Vianna Mendes, Procurador do Trabalho (12 a 17/9) e Rodrigo de Lacerda Carelli, Procurador do Trabalho (após 17/9);</p><p>X - 10ª Turma: Fábio Luiz Vianna Mendes, Procurador do Trabalho (até 17/9) e João Carlos Teixeira, Procurador do Trabalho (após 17/9);</p><p>XI - Seção Especializada em Dissídios Individuais: Márcio Octávio Vianna Marques, Procurador Regional do Trabalho;</p><p>XII - Seção Especializada em Dissídios Coletivos: Deborah da Silva Felix, Procuradora Regional do Trabalho (1 a 4/9 e 15 a 30/9 e Mônica Silva Vieira de Castro, Procuradora Regional do Trabalho (5 a 14/9);</p><p>XIII - Audiências da CEJUSC em atuação do NDC: Deborah da Silva Felix, Procuradora Regional do Trabalho (1 a 4/9 e 15 a 30/9 e Mônica Silva Vieira de Castro, Procuradora Regional do Trabalho (5 a 14/9);</p><p>Procuradores substitutos (relação única para todas as sessões): Mariane Josviak, Procuradora Regional do Trabalho, João Carlos Teixeira, Procurador do Trabalho, Dulce Maris Galle, Procuradora Regional do Trabalho, Márcio Octávio Vianna Marques, Procurador Regional do Trabalho, Marcelo de Oliveira Ramos, Procurador do Trabalho, Rodrigo de Lacerda Carelli, Procurador do Trabalho, Lisyane Chaves Motta, Procuradora Regional do Trabalho, André Luiz Riedlinger Teixeira, Procurador do Trabalho, José Claudio Codeço Marques, Procurador do Trabalho, Mônica Silva Vieira de Castro, Procuradora Regional do Trabalho, Teresa Cristina D'Almeida Basteiro, Procuradora Regional do Trabalho, Daniela Ribeiro Mendes, Procuradora Regional do Trabalho, Deborah da Silva Felix, Procuradora Regional do Trabalho, Artur de Azambuja Rodrigues, Procurador do Trabalho, Marcelo José Fernandes da Silva, Procurador do Trabalho e Fábio Luiz Vianna Mendes, Procurador do Trabalho, nesta ordem.</p><p class="assina">JOÃO BATISTA BERTHIER LEITE SOARES</p>]]></Texto>
  </body>
  <Midias />
</article></xml>