﻿<xml><article id="27735740" name="Dou050-22in" idOficio="9057499" pubName="DO2" artType="Decisão" pubDate="30/08/2022" artClass="00018:00106:00001:00002:00000:00000:00000:00000:00000:00000:00011:00000" artCategory="Ministério da Educação/Universidade Federal do Paraná/Gabinete do Reitor/Divisão de Expediente" artSize="12" artNotes="" numberPage="76" pdfPage="http://pesquisa.in.gov.br/imprensa/jsp/visualiza/index.jsp?data=30/08/2022&amp;jornal=529&amp;pagina=76" editionNumber="165" highlightType="" highlightPriority="" highlight="" highlightimage="" highlightimagename="" idMateria="19840206">
  <body>
    <Identifica><![CDATA[ DESPACHOS DE 26 de Agosto de 2022]]></Identifica>
    <Data><![CDATA[]]></Data>
    <Ementa />
    <Titulo />
    <SubTitulo />
    <Texto><![CDATA[<p class="identifica">DESPACHOS DE 26 de Agosto de 2022</p><p>O REITOR DA UNIVERSIDADE FEDERAL DO PARANÁ usando da competência que lhe é delegada pela Portaria nº 183-MEC, de 04 de março de 2011, AUTORIZA o afastamento do país dos seguintes servidores:</p><p>ANGELA CÁSSIA COSTALDELLO, ocupante do cargo de Professora do Grupo Magistério Superior, Classe Titular, lotada no Departamento de Direito Público, Setor de Ciências Jurídicas, no período de 12/09/2022 a 21/09/2022, para participar e apresentar trabalho no "5° Convegno Internazionale dell´Associazioae Ítalo-Brasiliana dei Professori di Diritto Amministrativo e Costituzionale", na Universitá degli Studi di Palermo, em Palermo/Itália, com ônus CAPES/PROEX. (Processo nº 23075.047022/2022-89).</p><p>CLAYTON DE ALBUQUERQUE MARANHAO, ocupante do cargo de Professor do Grupo Magistério Superior, Classe Associado, lotado no Departamento de Direito Civil e Processual Civil, Setor de Ciências Jurídicas, no período de 12/09/2022 a 21/09/2022, para participar do: "Simpósio Ítalo-Brasileiro"; do "Congresso Ítalo-Brasileiro dos Professores de Direito Administrativo e Constitucional (AIBDAC)" e do Encontro com os professores da Universidade de Palermo, em Palermo/ Itália, com ônus PROEX/CAPES. (Processo nº 23075.050571/2022-31).</p><p>EMERSON GABARDO, ocupante do cargo de Professor do Grupo Magistério Superior, Classe Associado, lotado no Departamento de Direito Público, Setor de Ciências Jurídicas, no período de 21/09/2022 a 02/10/2022, para participar e apresentar trabalho no Seminário de Derecho Administrativo Contemporâneo (UNAM)/Seminário Princípios da Administração Pública na Atualidade (UG)/XI Congreso de la Asociación Internacional de Derecho Administrativo - AIDA, na Universidad Nacional Autónoma de Mexico/Universidad de Guanajuato/Associação Internacional de Direito Administrativo, em Ciudad de Mexico/Guanajuato/Querétaro - México, com ônus limitado. (Processo nº 23075.047982/2022-49).</p><p>FABRICIO RICARDO DE LIMAS TOMIO, ocupante do cargo de Professor do Grupo Magistério Superior, Classe Titular, lotado no Departamento de Direito Público, Setor de Ciências Jurídicas, no período de 02/11/2022 a 07/11/2022, para participar e apresentar trabalho no Thirteenth Annual Constitutional Law Colloquium, na Loyola University, School of Law, em Chicago-IL/EUA, com ônus CAPES/PROEX. (Processo nº 23075.045146/2022-20).</p><p>GILBERTO VINICIUS DE MELO PEREIRA, ocupante do cargo de Professor do Grupo Magistério Superior, Classe Adjunto, lotado no Departamento de Engenharia de Bioprocessos e Biotecnologia, Setor de Tecnologia, no período de 19/09/2022 a 26/09/2022, para participar no "Centre Wallon de Recherches Agronomiques", em Gembloux/Namur/Bélgica, com ônus CAPES. (Processo nº 23075.049366/2022-22).</p><p>O REITOR DA UNIVERSIDADE FEDERAL DO PARANÁ usando da competência que lhe é delegada pela Portaria nº 183-MEC, de 04 de março de 2011, ALTERA o afastamento do país do seguinte servidor:</p><p>LEONARDO JOSE CORDEIRO SANTOS, cuja autorização foi publicada no Diário Oficial da União do dia 11/08/2022, Seção II, pág. 30, onde se lê: pelo período de 10/09/2022 a 16/09/2022 com ônus Fundação Araucária; leia-se: pelo período de 10/09/2022 a 16/09/2022 com ônus Fundação Araucária/UFPR. (Processo nº 23075.045753/2022-90).</p><p class="assina">Ricardo Marcelo Fonseca</p>]]></Texto>
  </body>
  <Midias />
</article></xml>