﻿<xml><article id="27731912" name="PORTARIA 2110_2022_REITOR" idOficio="7353338" pubName="DO2" artType="Portaria" pubDate="30/08/2022" artClass="00018:00144:00001:00000:00000:00000:00000:00000:00000:00000:00017:00000" artCategory="Ministério da Educação/Fundação Universidade Federal do Rio Grande/Reitoria" artSize="12" artNotes="" numberPage="92" pdfPage="http://pesquisa.in.gov.br/imprensa/jsp/visualiza/index.jsp?data=30/08/2022&amp;jornal=529&amp;pagina=92" editionNumber="165" highlightType="" highlightPriority="" highlight="" highlightimage="" highlightimagename="" idMateria="14833553">
  <body>
    <Identifica><![CDATA[ Portaria nº 2.110, de 22 de agosto de 2022]]></Identifica>
    <Data><![CDATA[]]></Data>
    <Ementa />
    <Titulo />
    <SubTitulo />
    <Texto><![CDATA[<p class="identifica">Portaria nº 2.110, de 22 de agosto de 2022</p><p>O REITOR DA UNIVERSIDADE FEDERAL DO RIO GRANDE - FURG, no uso das atribuições que lhe conferem o Decreto de 13 de janeiro de 2021, publicado no Diário Oficial da União em 14 de janeiro de 2021, o Estatuto e o Regimento Geral da Universidade, resolve:</p><p>Autorizar o afastamento do país do servidor RODRIGO KERR DUARTE PEREIRA, matrícula SIAPE 1980777, ocupante do cargo de PROFESSOR DO MAGISTÉRIO SUPERIOR, para participar do 5TH INTERNATIONAL SYMPOSIUM ON THE OCEAN IN A HIGH CO2 WORLD, na Universidad Nacional Pedro Ruiz Gallo, em Lima/Peru, no período de 10/09/2022 a 20/09/2022, com ônus, mantida a remuneração, acrescida de bolsa ou auxílio de diárias, passagens e inscrição do INCT da Criosfera e FAPERGS, conforme processo nº 23116.002391/2022-19.</p><p class="assina">Danilo Giroldo</p>]]></Texto>
  </body>
  <Midias />
</article></xml>