﻿<xml><article id="27735956" name="2022-08-29/9057540/TCUWS_1984025" idOficio="9057540" pubName="DO2" artType="Portaria" pubDate="30/08/2022" artClass="00044:00011:00002:00000:00000:00000:00000:00000:00000:00000:00017:00002" artCategory="Tribunal de Contas da União/Secretaria-Geral de Administração/Secretaria de Gestão de Pessoas" artSize="12" artNotes="" numberPage="134" pdfPage="http://pesquisa.in.gov.br/imprensa/jsp/visualiza/index.jsp?data=30/08/2022&amp;jornal=529&amp;pagina=134" editionNumber="165" highlightType="" highlightPriority="" highlight="" highlightimage="" highlightimagename="" idMateria="19840251">
  <body>
    <Identifica><![CDATA[ PORTARIA-SEGEP Nº 168, DE 26 DE AGOSTO DE 2022]]></Identifica>
    <Data><![CDATA[]]></Data>
    <Ementa />
    <Titulo />
    <SubTitulo />
    <Texto><![CDATA[<p class="identifica">PORTARIA-SEGEP Nº 168, DE 26 DE AGOSTO DE 2022</p><p>A SECRETÁRIA DE GESTÃO DE PESSOAS SUBSTITUTA DO TRIBUNAL DE CONTAS DA UNIÃO , no uso das atribuições que lhe confere o disposto no inciso VIII do art. 1° da Portaria nº 17, de 29 de julho de 2022, da Secretaria-Geral de Administração deste Tribunal, e, tendo em vista o que consta da Portaria-TCU nº 323, de 1º de outubro de 2019, resolve:</p><p>Art. 1º Designar VITOR MACHADO FERREIRA, matrícula 8583-9, AUFC, para exercer a função de confiança de Especialista Sênior II, código FC-4, no período compreendido entre a data de publicação desta Portaria e 16 de dezembro de 2022.</p><p>Parágrafo único. Será realizado o trabalho "Coordenação da revisão da estrutura organizacional da Secretaria de Solução de Tecnologia da Informação (STI) e a da Secretaria de Infraestrutura de Tecnologia da Informação (Setic)", código 704, patrocinado pelo(a) STI e autorizado pelo(a) SEGEPRES em 26/8/2022.</p><p>Art. 2º Esta Portaria entra em vigor na data de sua publicação.</p><p class="assina">CLAUDIA GONÇALVES MANCEBO</p>]]></Texto>
  </body>
  <Midias />
</article></xml>