﻿<xml><article id="27734719" name="26.08.22 - Portaria de Pessoal I" idOficio="9057224" pubName="DO2" artType="Portaria" pubDate="30/08/2022" artClass="00028:00018:00000:00000:00000:00000:00000:00000:00000:00000:00017:00001" artCategory="Ministério do Turismo/Instituto Brasileiro de Museus" artSize="12" artNotes="" numberPage="123" pdfPage="http://pesquisa.in.gov.br/imprensa/jsp/visualiza/index.jsp?data=30/08/2022&amp;jornal=529&amp;pagina=123" editionNumber="165" highlightType="" highlightPriority="" highlight="" highlightimage="" highlightimagename="" idMateria="19839875">
  <body>
    <Identifica><![CDATA[ PORTARIA DE PESSOAL IBRAM Nº 150, DE 24 DE agosto DE 2022]]></Identifica>
    <Data><![CDATA[]]></Data>
    <Ementa />
    <Titulo />
    <SubTitulo />
    <Texto><![CDATA[<p class="identifica">PORTARIA DE PESSOAL IBRAM Nº 150, DE 24 DE agosto DE 2022</p><p>O PRESIDENTE DO INSTITUTO BRASILEIRO DE MUSEUS - IBRAM, no uso das atribuições que lhe foram conferidas pelo art. 20, inciso IV, do Decreto nº 6.845, de 7 de maio de 2009, em conformidade com o disposto no inciso I do § 1º do artigo 4º e do inciso I do artigo 6º da Portaria nº 390, de 18 de dezembro de 2019, publicada no DOU de 19 de dezembro de 2019, alterada pela Portaria nº 11 de 08 de abril de 2021, publicada no DOU de 09 de abril de 2021, e tendo em vista o que consta no Processo Administrativo nº 01438.000285/2022-25, resolve:</p><p>Designar ANDRÉ AMUD BOTELHO, matrícula Siape nº 1523141, para exercer a Função Gratificada, código FG-2, da Unidade Museológica I, no Museu Histórico Nacional, deste Instituto Brasileiro de Museus.</p><p class="assina">Pedro Machado Mastrobuono</p>]]></Texto>
  </body>
  <Midias />
</article></xml>