﻿<xml><article id="27739645" name="RemoAAo FAlix Baes Baptista de F" idOficio="9058316" pubName="DO2" artType="Portaria" pubDate="30/08/2022" artClass="00025:00001:00000:00000:00000:00000:00000:00000:00000:00000:00017:00000" artCategory="Ministério das Relações Exteriores/Gabinete do Ministro" artSize="12" artNotes="" numberPage="110" pdfPage="http://pesquisa.in.gov.br/imprensa/jsp/visualiza/index.jsp?data=30/08/2022&amp;jornal=529&amp;pagina=110" editionNumber="165" highlightType="" highlightPriority="" highlight="" highlightimage="" highlightimagename="" idMateria="19841292">
  <body>
    <Identifica><![CDATA[ PORTARIA DE 25 DE AGOSTO DE 2022]]></Identifica>
    <Data><![CDATA[]]></Data>
    <Ementa />
    <Titulo />
    <SubTitulo />
    <Texto><![CDATA[<p class="identifica">PORTARIA DE 25 DE AGOSTO DE 2022</p><p>O MINISTRO DE ESTADO DAS RELAÇÕES EXTERIORES, de acordo com os artigos 75, inciso II, e 78 do Anexo I ao Decreto nº 11.024, de 31 de março de 2022, e nos termos da Lei nº 11.440, de 29 de dezembro de 2006, resolve:</p><p>Remover, ex officio, FÉLIX BAES BAPTISTA DE FARIA, ministro de segunda classe da carreira de diplomata do Ministério das Relações Exteriores, da embaixada do Brasil em Amã para a embaixada do Brasil em Pretória, designando-o para exercer a função de ministro-conselheiro naquela missão diplomática.</p><p class="assina">CARLOS ALBERTO FRANCO FRANÇA</p>]]></Texto>
  </body>
  <Midias />
</article></xml>