﻿<xml><article id="27735151" name="PORTARIA 2410.2022" idOficio="9057324" pubName="DO2" artType="Portaria" pubDate="30/08/2022" artClass="00026:00023:00010:00000:00000:00000:00000:00000:00000:00000:00017:00000" artCategory="Ministério da Saúde/Secretaria de Atenção Especializada à Saúde/Instituto Nacional de Câncer" artSize="12" artNotes="" numberPage="119" pdfPage="http://pesquisa.in.gov.br/imprensa/jsp/visualiza/index.jsp?data=30/08/2022&amp;jornal=529&amp;pagina=119" editionNumber="165" highlightType="" highlightPriority="" highlight="" highlightimage="" highlightimagename="" idMateria="19840007">
  <body>
    <Identifica><![CDATA[ PORTARIA INCA/MS Nº 2.410, de DE 24 DE AGOSTO 2022]]></Identifica>
    <Data><![CDATA[]]></Data>
    <Ementa />
    <Titulo />
    <SubTitulo />
    <Texto><![CDATA[<p class="identifica">PORTARIA INCA/MS Nº 2.410, de DE 24 DE AGOSTO 2022</p><p>A Diretora-Geral do Instituto Nacional de Câncer José Alencar Gomes da Silva, do Ministério da Saúde, no uso de suas atribuições subdelegadas pela Portaria/CGRH/MS nº 1.041 de 30/10/2009, publicada no DOU nº 209, de 03/11/2009, resolve:</p><p>Conceder aposentadoria voluntária, com proventos integrais a ELEANOR ELIZABETH DROLSHAGEN DAUDT DA VEIGA, matrícula SIAPE nº 241186, ocupante do cargo de Tecnologista, NI, Classe H, Padrão III, do Quadro de Pessoal do Ministério da Saúde, com fundamento no Art. 3º da Emenda Constitucional nº 47/2005, combinado com o Art. 3º da Emenda Constitucional 103/2019 (Processo n.º 25410.010007/2022-52).</p><p class="assina">ANA CRISTINA PINHO MENDES PEREIRA</p>]]></Texto>
  </body>
  <Midias />
</article></xml>