﻿<xml><article id="27734848" name="PORTARIA DE PESSOAL NA 2471 ROBE" idOficio="9057269" pubName="DO2" artType="Portaria" pubDate="30/08/2022" artClass="00022:00040:00000:00000:00000:00000:00000:00000:00000:00000:00017:00005" artCategory="Ministério do Meio Ambiente/Instituto Brasileiro do Meio Ambiente e dos Recursos Naturais Renováveis" artSize="12" artNotes="" numberPage="107" pdfPage="http://pesquisa.in.gov.br/imprensa/jsp/visualiza/index.jsp?data=30/08/2022&amp;jornal=529&amp;pagina=107" editionNumber="165" highlightType="" highlightPriority="" highlight="" highlightimage="" highlightimagename="" idMateria="19839923">
  <body>
    <Identifica><![CDATA[ PORTARIA DE PESSOAL Nº 2.471, DE 26 DE AGOSTO DE 2022]]></Identifica>
    <Data><![CDATA[]]></Data>
    <Ementa />
    <Titulo />
    <SubTitulo />
    <Texto><![CDATA[<p class="identifica">PORTARIA DE PESSOAL Nº 2.471, DE 26 DE AGOSTO DE 2022</p><p>O PRESIDENTE DO INSTITUTO BRASILEIRO DO MEIO AMBIENTE E DOS RECURSOS NATURAIS RENOVÁVEIS - IBAMA, no uso da competência que lhe foi subdelegada pela Portaria n. 278, de 4 de julho de 2003, do Ministro de Estado do Meio Ambiente, e tendo em vista o disposto no art. 15º do Decreto n. 11.095, de 13 de junho de 2022, resolve:</p><p>Dispensar a servidora ROBERTA MOTA CAVALCANTI DE ALBUQUERQUE COX, matrícula SIAPE n. 1716009, da Função Comissionada Executiva de Coordenadora de Licenciamento Ambiental de Portos e Estruturas Marítimas, código FCE 1.10, da Coordenação-Geral de Licenciamento Ambiental de Empreendimentos Marinhos e Costeiros da Diretoria de Licenciamento Ambiental, deste Instituto, a contar de 22/08/2022.</p><p class="assina">EDUARDO FORTUNATO BIM</p>]]></Texto>
  </body>
  <Midias />
</article></xml>