﻿<xml><article id="27739251" name="DOU_30-08-2022 Assinatura 26-08-" idOficio="9058222" pubName="DO2" artType="Ato" pubDate="30/08/2022" artClass="00046:00001:00000:00000:00000:00000:00000:00000:00000:00000:00001:00000" artCategory="Poder Legislativo/Câmara dos Deputados" artSize="12" artNotes="" numberPage="134" pdfPage="http://pesquisa.in.gov.br/imprensa/jsp/visualiza/index.jsp?data=30/08/2022&amp;jornal=529&amp;pagina=134" editionNumber="165" highlightType="" highlightPriority="" highlight="" highlightimage="" highlightimagename="" idMateria="19841171">
  <body>
    <Identifica><![CDATA[ ATOS DO PRESIDENTE de 26 DE AGOSTO DE 2022]]></Identifica>
    <Data><![CDATA[]]></Data>
    <Ementa />
    <Titulo />
    <SubTitulo />
    <Texto><![CDATA[<p class="identifica">ATOS DO PRESIDENTE de 26 DE AGOSTO DE 2022</p><p>O PRESIDENTE DA CÂMARA DOS DEPUTADOS, no uso das atribuições que lhe confere o artigo 1º, inciso I, alínea "a" do Ato da Mesa n.º 205, de 28 de junho de 1990, resolve:</p><p>Dispensar, de acordo com o artigo 35, inciso I, da Lei n° 8.112, de 11 de dezembro de 1990, ALESSANDRO LUIZ CHAHINI ESCUDERO, ponto nº 6211, ocupante de cargo da Categoria Funcional de T?cnico Legislativo - atribuição Operador de M?quinas, Classe Especial, Padrão 10, da função comissionada de Chefe do Servi?o de Gest?o Or?ament?ria e de Informa??o, FC-2, da Coordena??o de Planejamento e Gest?o, do Departamento T?cnico, do Quadro de Pessoal da Câmara dos Deputados.</p><p>O PRESIDENTE DA CÂMARA DOS DEPUTADOS, no uso das atribuições que lhe confere o artigo 1º, inciso I, alínea "a" do Ato da Mesa n.º 205, de 28 de junho de 1990, e o artigo 6º da Lei nº 8.112, de 11 de dezembro de 1990, resolve:</p><p>Designar, na forma do artigo 13 da Resolução n.º 21, de 4 de novembro de 1992, FERNANDO JOS? GON?ALVES, ponto n° 7152, ocupante de cargo da Categoria Funcional de T?cnico Legislativo - atribuição Assistente Administrativo, Classe Especial, Padrão 10, para exercer a função comissionada de Assistente de Gabinete, FC-1, da Secretaria-Geral da Mesa, do Quadro de Pessoal da Câmara dos Deputados.</p><p>Designar, na forma do artigo 13 da Resolução n.º 21, de 4 de novembro de 1992, RODOLFO AUGUSTO ROCHA MONTEIRO, ponto n° 8265, ocupante de cargo da Categoria Funcional de Analista Legislativo - atribuição T?cnica Legislativa, Classe B, Padrão 06, para exercer a função comissionada de Chefe do Servi?o de Gest?o Or?ament?ria e de Informa??o, FC-2, da Coordena??o de Planejamento e Gest?o, do Departamento T?cnico, do Quadro de Pessoal da Câmara dos Deputados.</p><p class="assina">Arthur Lira</p>]]></Texto>
  </body>
  <Midias />
</article></xml>