﻿<xml><article id="27737426" name="PORTARIA PESSOAL 9.800-2022 - AL" idOficio="9057860" pubName="DO2" artType="Portaria" pubDate="30/08/2022" artClass="00015:00041:00033:00000:00000:00000:00000:00000:00000:00000:00017:00002" artCategory="Ministério da Economia/Secretaria Especial de Desburocratização, Gestão e Governo Digital/Secretaria de Gestão" artSize="12" artNotes="" numberPage="35" pdfPage="http://pesquisa.in.gov.br/imprensa/jsp/visualiza/index.jsp?data=30/08/2022&amp;jornal=529&amp;pagina=35" editionNumber="165" highlightType="" highlightPriority="" highlight="" highlightimage="" highlightimagename="" idMateria="19840680">
  <body>
    <Identifica><![CDATA[ PORTARIA DE PESSOAL SEGES/ME Nº 9.800, DE 26 DE AGOSTO DE 2022]]></Identifica>
    <Data><![CDATA[]]></Data>
    <Ementa />
    <Titulo />
    <SubTitulo />
    <Texto><![CDATA[<p class="identifica">PORTARIA DE PESSOAL SEGES/ME Nº 9.800, DE 26 DE AGOSTO DE 2022</p><p>A SECRETÁRIA DE GESTÃO SUBSTITUTA DA SECRETARIA ESPECIAL DE DESBUROCRATIZAÇÃO, GESTÃO E GOVERNO DIGITAL DO MINISTÉRIO DA ECONOMIA, no uso da competência subdelegada pelo art. 5º da Portaria SEDGG nº 17.472, de 21 de julho de 2020, considerando o disposto no art. 93 da Lei nº 8.112, de 11 de dezembro de 1990, regulamentado pelo Decreto nº 10.835, de 14 de outubro de 2021, o disposto no art. 18 da Lei nº 11.890, de 24 de dezembro de 2008, e demais informações que constam do Processo nº 19973.107012/2022-17, resolve:</p><p>Art.1º Ceder o servidor ALBÉRIO JÚNIO RODRIGUES DE LIMA, matrícula SIAPE nº 1842427, pertencente ao Quadro de Pessoal desta Pasta, para exercício de cargo em comissão na Presidência da República.</p><p>Art. 2º O ônus pela remuneração é do órgão cedente.</p><p>Art. 3º O servidor deverá apresentar-se imediatamente ao órgão cedente ao término da cessão, observando o disposto no art. 8º do Decreto nº 10.835, de 14 de outubro de 2021.</p><p>Art. 4º Torna-se sem efeito o disposto nesta Portaria caso o servidor não se apresente ao órgão cessionário no prazo de trinta dias.</p><p>Art. 5º Esta Portaria entra em vigor na data da sua publicação.</p><p class="assina">ELISE SUELI PEREIRA GONÇALVES</p>]]></Texto>
  </body>
  <Midias />
</article></xml>