﻿<xml><article id="27739362" name="Portaria 229 230 e 231-2022 Nome" idOficio="9058252" pubName="DO2" artType="Portaria" pubDate="30/08/2022" artClass="00018:00085:00000:00000:00000:00000:00000:00000:00000:00000:00017:00001" artCategory="Ministério da Educação/Universidade Federal da Bahia/Reitoria" artSize="12" artNotes="" numberPage="65" pdfPage="http://pesquisa.in.gov.br/imprensa/jsp/visualiza/index.jsp?data=30/08/2022&amp;jornal=529&amp;pagina=65" editionNumber="165" highlightType="" highlightPriority="" highlight="" highlightimage="" highlightimagename="" idMateria="19841213">
  <body>
    <Identifica><![CDATA[ PORTARIAs de 25 DE AGOSTO DE 2022]]></Identifica>
    <Data><![CDATA[]]></Data>
    <Ementa />
    <Titulo />
    <SubTitulo />
    <Texto><![CDATA[<p class="identifica">PORTARIAs de 25 DE AGOSTO DE 2022</p><p>O REITOR DA UNIVERSIDADE FEDERAL DA BAHIA, no uso de suas atribuições legais e estatutárias, resolve:</p><p>Nº 229 - Nomear, a partir de 01/09/2022, JACQUELINE SAMAGAIA, Professora do Magistério Superior, matrícula SIAPE n.º 2030503, para exercer o cargo de Assessora, código CD-04, do Gabinete da Reitoria desta Universidade.</p><p>O REITOR DA UNIVERSIDADE FEDERAL DA BAHIA, no uso de suas atribuições legais e estatutárias, resolve:</p><p>Nº 230 - Nomear, a partir de 01/09/2022, EDNEI DE SANTANA PEREIRA, Assistente em Administração, matrícula SIAPE n.º 1996585, para exercer o cargo de Assessor, código CD-04, do Gabinete da Reitoria desta Universidade.</p><p>O REITOR DA UNIVERSIDADE FEDERAL DA BAHIA, no uso de suas atribuições legais e estatutárias, resolve:</p><p>Nº 231 - Nomear, a partir de 01/09/2022, JORGE LUIZ LORDELO DE SALES RIBEIRO, Professor do Magistério Superior, aposentado, matrícula SIAPE n.º 6285570, para exercer o cargo de Coordenador, código CD-04, da Coordenação de Avaliação Institucional da Superintendência de Avaliação e Desenvolvimento Institucional desta Universidade.</p><p class="assina">Paulo César Miguez de Oliveira</p>]]></Texto>
  </body>
  <Midias />
</article></xml>