﻿<xml><article id="27742474" name="25 de agosto S2 portarias 1646 1" idOficio="9058846" pubName="DO2" artType="Portaria" pubDate="30/08/2022" artClass="00018:00130:00000:00000:00000:00000:00000:00000:00000:00000:00017:00001" artCategory="Ministério da Educação/Fundação Universidade do Amazonas" artSize="12" artNotes="" numberPage="87" pdfPage="http://pesquisa.in.gov.br/imprensa/jsp/visualiza/index.jsp?data=30/08/2022&amp;jornal=529&amp;pagina=87" editionNumber="165" highlightType="" highlightPriority="" highlight="" highlightimage="" highlightimagename="" idMateria="19842017">
  <body>
    <Identifica><![CDATA[ PORTARIAS DE 25 DE AGOSTO DE 2022]]></Identifica>
    <Data><![CDATA[]]></Data>
    <Ementa />
    <Titulo />
    <SubTitulo />
    <Texto><![CDATA[<p class="identifica">PORTARIAS DE 25 DE AGOSTO DE 2022</p><p>O REITOR DA UNIVERSIDADE FEDERAL DO AMAZONAS, usando das atribuições estatutárias, conferidas por Decreto de 28 de junho de 2021, publicado no Diário Oficial da União de 29 de junho de 2021, resolve:</p><p>Nº 1.646 - CONCEDER Aposentadoria Voluntária à servidora MARGARETH SENA DE MEDEIROS, matrícula SIAPE n.º 0400480, ocupante do cargo de Telefonista, Classe C, Nível de capacitação 4, padrão de vencimento 16, em regime de 40 (quarenta) horas semanais, lotada no Departamento de Manutenção - DEPMANUT da Prefeitura do Campus Universitário - PCU do Quadro de Pessoal da Fundação Universidade do Amazonas, fundamentada no artigo 3º da EC nº. 47/2005 c/c com art. 3º da EC nº. 103/2019, publicada no DOU 13/11/2019, com o direito adquirido a partir de 02.07.2014.</p><p>DECLARAR vago o referido cargo de código 311041 a partir de 01.09.2022.</p><p>Nº 1.650 - Art. 1º. DESIGNAR o servidor FREDERICO DA SILVA PINAGÉ, matrícula SIAPE n.º 1052098, ocupante do cargo de Professor do Magistério Superior, para exercer a Função Comissionada de Coordenação de Curso (FCC), de Coordenador do Curso de Engenharia da Computação, da Faculdade de Tecnologia - FT/UFAM.</p><p>Art. 2º. DESIGNAR o servidor THIAGO BRITO BEZERRA, matrícula SIAPE n.º 2168505, ocupante do Cargo de Professor do Magistério Superior, para a atribuição de Vice-Coordenador do Curso de Engenharia da Computação, da Faculdade de Tecnologia - FT/UFAM.</p><p>Nº 1.656 - Art. 1º - EXONERAR a pedido, o servidor JURANDIR MOURA DUTRA, matrícula SIAPE n.º 2106351, ocupante do cargo de Professor do Magistério Superior, da atribuição de substituto legal do Cargo de Direção CD-04, de Diretor do Centro de Educação a Distância- CED/UFAM.</p><p>Art. 2º - NOMEAR, a servidora ALIUANDRA BARROSO CARDOSO HEIMBECKER, matrícula SIAPE n.º 2575927, ocupante do cargo de Professor do Magistério Superior, para a atribuição de substituta legal do Cargo de Direção CD-04, de Diretora do Centro de Educação a Distância- CED/UFAM.</p><p>Nº 1.657 - Art. 1º. DESIGNAR a servidora WÂNIA RIBEIRO FERNANDES, Matrícula SIAPE n.º 1968725, ocupante do cargo de Professor do Magistério Superior, para exercer a Função Gratificada FG-01, de Chefe do Departamento de Teorias e Fundamentos da Faculdade de Educação - FACED/UFAM, para o mandato de 02 (dois) anos, a partir de 01/09/2022.</p><p>Art. 2º. DESIGNAR o servidor WAGNER PAIVA DE ARAÚJO, Matrícula SIAPE n.º 1168888, ocupante do cargo de Professor do Magistério Superior, para a atribuição de Subchefe do Departamento de Teorias e Fundamentos da Faculdade de Educação - FACED/UFAM, para o mandato de 02 (dois) anos, a partir de 01/09/2022.</p><p>Nº 1.658 - AUTORIZAR a complementação do afastamento, dentro do período de 48 meses, do(a) servidor(a) TARCIANO BATISTA E SIQUEIRA, lotado(a) no Instituto de Saúde e Biotecnologia - ISB, para cursar Doutorado no Programa de Pós-Graduação em Motricidade Humana, na Universidade de Évora, Portugal, no período de 17/09/2022 a 16/09/2023.</p><p class="assina">SYLVIO MÁRIO PUGA FERREIRA</p><p class="identifica">PORTARIAS DE 26 DE AGOSTO DE 2022</p><p>O REITOR DA UNIVERSIDADE FEDERAL DO AMAZONAS, usando das atribuições estatutárias, conferidas por Decreto de 28 de junho de 2021, publicado no Diário Oficial da União de 29 de junho de 2021, resolve:</p><p>Nº 1.665 - NOMEAR a servidora KEISE RAIANE FRANCO FERNANDES, matrícula SIAPE n.º 3120495, ocupante do cargo de Administrador, para a atribuição de substituta legal do Cargo de Direção CD-04, de Diretora do Departamento de Administração de Pessoal - DAPES - PROGESP/UFAM.</p><p>Nº 1.670 - AUTORIZAR o afastamento do país do(a) servidor(a) KÁTIA HELENA SERAFINA CRUZ SCHWEICKARDT, lotado(a) no Departamento de Ciências Sociais do Instituto de Filosofia, Ciências Humanas e Sociais, a fim de participar como Visiting Scholar (Professora Visitante) na Graduate School of Education da Stanford University, a ser realizada na cidade de Palo Alto, Estado da Califórnia, Estados Unidos da América, no período de 01/02/2023 a 30/04/2023, com ônus limitado à Administração Pública Federal.</p><p>Nº 1.671 - AUTORIZAR o afastamento do país do(a) servidor(a) TAYANA UCHOA CONTE, lotado(a) no Instituto de Computação, a fim de participar dos encontros presenciais do Projeto "Software Norway-Brazil: Software Engineering Practices and Experiences Exchange between Norway and Brazil", financiado pelo Norwegian Ministry of Education and Research-NORWEGIAN MER, e do Evento ESEM 2022 (The International Symposium on Empirical Software Engineering and Measurement), na condição de PC Chair (Coordenadora do Comitê de Programa), a ser realizada na cidade de Helsinque, Finlândia, no período de 19/09/2022 a 23/09/2022. Após o ESEM 2022, as reuniões do Projeto "Software Norway-Brazil" ocorrerão na cidade de Trondheim, Noruega (cidade onde está localizada o Campus da NTNU - Norwegian University of Science and Technology), no período de 24/09/2022 a 30/09/2022. O período com trânsito incluso será de 16/09/2022 a 30/09/2022, com ônus limitado à Administração Pública Federal.</p><p class="assina">SYLVIO MÁRIO PUGA FERREIRA</p>]]></Texto>
  </body>
  <Midias />
</article></xml>