﻿<xml><article id="27742537" name="PORTARIA NA 2.128 DE 26 DE AGOST" idOficio="9058860" pubName="DO2" artType="Portaria" pubDate="30/08/2022" artClass="00024:00001:00000:00000:00000:00000:00000:00000:00000:00000:00017:02128" artCategory="Ministério da Mulher, da Família e dos Direitos Humanos/Gabinete da Ministra" artSize="12" artNotes="" numberPage="110" pdfPage="http://pesquisa.in.gov.br/imprensa/jsp/visualiza/index.jsp?data=30/08/2022&amp;jornal=529&amp;pagina=110" editionNumber="165" highlightType="" highlightPriority="" highlight="" highlightimage="" highlightimagename="" idMateria="19842032">
  <body>
    <Identifica><![CDATA[ PORTARIA Nº 2.128, DE 26 DE AGOSTO DE 2022]]></Identifica>
    <Data><![CDATA[]]></Data>
    <Ementa />
    <Titulo />
    <SubTitulo />
    <Texto><![CDATA[<p class="identifica">PORTARIA Nº 2.128, DE 26 DE AGOSTO DE 2022</p><p>A MINISTRA DE ESTADO DA MULHER, DA FAMÍLIA E DOS DIREITOS HUMANOS, no uso das atribuições que lhe foram conferidas pelo art. 87, parágrafo único, inciso II, da Constituição Federal, e considerando o art. 3º, incisos I a V, parágrafos 2º e 4º, do Decreto nº 9.887, de 27 de junho de 2019, resolve:</p><p>Art. 1º Designar os seguintes representantes para compor a Comissão Nacional de Erradicação do Trabalho Escravo - Conatrae, no biênio 2022-2024:</p><p>I - do Ministério da Mulher, da Família e dos Direitos Humanos:</p><p>a) titular: Eduardo Miranda Freire de Melo; e</p><p>b) suplente: Herbert Borges Paes de Barros;</p><p>II - do Ministério da Justiça e Segurança Pública:</p><p>a) titular: Henrique Oliveira Santos; e</p><p>b) suplente: Eduardo Augusto Maneta;</p><p>III - do Ministério do Trabalho e Previdência:</p><p>a) titular: Luiz Henrique Ramos Lopes; e</p><p>b) suplente: Leif Raoni de Alencar Naas;</p><p>IV - do Ministério da Cidadania:</p><p>a) titular: Danyel Ióiro de Lima; e</p><p>b) suplente: Robert Paula Gouveia;</p><p>V - das entidades não governamentais privadas, reconhecidas nacionalmente e que possuam atividades relevantes relacionadas com o combate ao trabalho escravo:</p><p>a) Associação Nacional dos Magistrados da Justiça do Trabalho:</p><p>1. titular: Luiz Antonio Colussi; e</p><p>2. suplente: André Eduardo Dorster Araújo;</p><p>b) Comissão Pastoral da Terra:</p><p>1. titular: Xavier Jean Marie Plassat; e</p><p>2. suplente: Brígida Rocha dos Santos;</p><p>c) Confederação Nacional dos Trabalhadores Assalariados e Assalariadas Rurais:</p><p>1. titular: Carlos Eduardo Chaves Silva; e</p><p>2. suplente: Gabriel Bezerra Santos; e</p><p>d) Confederação de Agricultura e Pecuária do Brasil:</p><p>1. titular: Luiz Fabiano de Oliveira Rosa; e</p><p>2. suplente: Welber Pereira dos Santos.</p><p>Art. 2º Fica revogada a Portaria nº 1.040, de 31 de maio de 2022, publicada no Diário Oficial da União de 1º de junho de 2022.</p><p>Art. 3º Esta Portaria entra em vigor na data de sua publicação.</p><p class="assina">CRISTIANE RODRIGUES BRITTO</p>]]></Texto>
  </body>
  <Midias />
</article></xml>