﻿<xml><article id="27733549" name="DOU 26-08-2022" idOficio="9056956" pubName="DO2" artType="Portaria" pubDate="30/08/2022" artClass="00018:00078:00296:00000:00000:00000:00000:00000:00000:00000:00017:00000" artCategory="Ministério da Educação/Instituto Federal de Educação, Ciência e Tecnologia Sul-Rio-Grandense/Gabinete do Reitor" artSize="12" artNotes="" numberPage="64" pdfPage="http://pesquisa.in.gov.br/imprensa/jsp/visualiza/index.jsp?data=30/08/2022&amp;jornal=529&amp;pagina=64" editionNumber="165" highlightType="" highlightPriority="" highlight="" highlightimage="" highlightimagename="" idMateria="19839455">
  <body>
    <Identifica><![CDATA[ Portaria nº 2.113, DE 25 DE AGOSTO DE 2022]]></Identifica>
    <Data><![CDATA[]]></Data>
    <Ementa />
    <Titulo />
    <SubTitulo />
    <Texto><![CDATA[<p class="identifica">Portaria nº 2.113, DE 25 DE AGOSTO DE 2022</p><p>O REITOR DO INSTITUTO FEDERAL DE EDUCAÇÃO, CIÊNCIA E TECNOLOGIA SUL-RIO-GRANDENSE, no uso das atribuições legais, considerando o Processo 23163.002979.2022-15; e, considerando o disposto no §4.º do art. 15, da Lei n.º 8.112/90, resolve:</p><p>Art. 1º Designar a partir de 30/08/2022 a servidora Paula Renata Kurz Aldrighi, ocupante do cargo de Assistente em Administração, do Quadro de Pessoal desta IFE, para exercer a função de Diretora da Diretoria Executiva da Reitoria (CD-3), Instituto Federal de Educação, Ciência e Tecnologia Sul-rio-grandense.</p><p class="assina">Flávio Luis Barbosa Nunes</p><p class="assina">Flávio Luis Barbosa Nunes</p><p class="identifica">Portaria nº 2.117, DE 25 DE AGOSTO DE 2022</p><p>O REITOR DO INSTITUTO FEDERAL DE EDUCAÇÃO, CIÊNCIA E TECNOLOGIA SUL-RIO-GRANDENSE, no uso das atribuições legais, considerando o Processo n.º 23163.003028.2022-55, resolve:</p><p>Art. 1º Nomear, em caráter efetivo, de acordo com os artigos 9º, inciso I, e 10 da Lei nº 8.112, de 11 de dezembro de 1990, Gildemberg Alves dos Santos, habilitado em Concurso Público, homologado em 23/06/2022, para exercer o cargo de Professor do Ensino Básico, Técnico e Tecnológico, do Quadro de Pessoal deste Instituto, Classe D I, em vaga destinada ao cumprimento da Lei 12.900/2014, Nível 01, regime de trabalho semanal de 40 horas com Dedicação Exclusiva, para o câmpus Camaquã, em vaga decorrente da Redistribuição de Leonor Wierzynski Pedroso Silveira, publicada no Diário Oficial da União em 21 de maio de 2019, retificada em 13 de dezembro de 2019 - código da vaga n.º 032697.</p><p class="assina">Flávio Luis Barbosa Nunes</p>]]></Texto>
  </body>
  <Midias />
</article></xml>