﻿<xml><article id="27738665" name="PORTARIA N 3.217 SINC 19841005" idOficio="9058102" pubName="DO2" artType="Portaria" pubDate="30/08/2022" artClass="00026:00001:00000:00000:00000:00000:00000:00000:00000:00000:00017:00003" artCategory="Ministério da Saúde/Gabinete do Ministro" artSize="12" artNotes="" numberPage="113" pdfPage="http://pesquisa.in.gov.br/imprensa/jsp/visualiza/index.jsp?data=30/08/2022&amp;jornal=529&amp;pagina=113" editionNumber="165" highlightType="" highlightPriority="" highlight="" highlightimage="" highlightimagename="" idMateria="19841005">
  <body>
    <Identifica><![CDATA[ PORTARIA GM/MS Nº 3.217, DE 23 DE AGOSTO DE 2022]]></Identifica>
    <Data><![CDATA[]]></Data>
    <Ementa />
    <Titulo />
    <SubTitulo />
    <Texto><![CDATA[<p class="identifica">PORTARIA GM/MS Nº 3.217, DE 23 DE AGOSTO DE 2022</p><p>O MINISTRO DE ESTADO DA SAÚDE, no uso da competência que lhe foi delegada pelo art. 6º do Decreto nº 9.794, de 14 de maio de 2019, e pela Portaria da Casa Civil da Presidência da República nº 455, de 22 de setembro de 2020, resolve:</p><p>Nomear PATRÍCIA DOS SANTOS MARCAL para exercer o Cargo Comissionado Executivo de Coordenadora-Geral de Demandas de Órgãos Externos da Atenção Primária, CCE-1.13, código nº 20.0020, da Secretaria de Atenção Primária à Saúde.</p><p class="assina">MARCELO ANTÔNIO CARTAXO QUEIROGA LOPES</p>]]></Texto>
  </body>
  <Midias />
</article></xml>