﻿<xml><article id="27739771" name="portaria publicacao 1277 - nomea" idOficio="9058342" pubName="DO2" artType="Portaria" pubDate="30/08/2022" artClass="00018:00113:00001:00000:00000:00000:00000:00000:00000:00000:00017:00009" artCategory="Ministério da Educação/Universidade Federal Rural da Amazônia/Reitoria" artSize="12" artNotes="" numberPage="82" pdfPage="http://pesquisa.in.gov.br/imprensa/jsp/visualiza/index.jsp?data=30/08/2022&amp;jornal=529&amp;pagina=82" editionNumber="165" highlightType="" highlightPriority="" highlight="" highlightimage="" highlightimagename="" idMateria="19841330">
  <body>
    <Identifica><![CDATA[ PORTARIA Nº 1.277, DE 26 DE AGOSTO DE 2022]]></Identifica>
    <Data><![CDATA[]]></Data>
    <Ementa />
    <Titulo />
    <SubTitulo />
    <Texto><![CDATA[<p class="identifica">PORTARIA Nº 1.277, DE 26 DE AGOSTO DE 2022</p><p>A Reitora da UNIVERSIDADE FEDERAL RURAL DA AMAZÔNIA, no uso de suas atribuições conferidas pelo Decreto Presidencial, publicado no DOU nº 130, de 13/07/2021, página 01, Seção 02, e tendo em vista o que consta no processo nº 23084.004759/2022-6, resolve:</p><p>Art. 1º - Tornar sem efeito, a Portaria nº 1.039, de 15 de julho de 2022, publicada no D.O.U nº 137 de 21/07/2022, seção 2, página 29, que nomeou o candidato DIOGO GOMES DE AZEVEDO FEITOSA no cargo de Administrador da Universidade Federal Rural da Amazônia - UFRA, com lotação no Campus Capitão Poço.</p><p>Art.2º - Nomear, em caráter efetivo, de acordo com o art. 9º, inciso I, da Lei nº 8.112/90, Decreto nº 9.739 de 28 de Março de 2019, Decreto nº 7.232 de 19 de Julho de 2010, VINICIUS MODESTO DA SILVA, no Quadro de Pessoal desta Universidade, habilitado em Concurso Público realizado por esta Instituição, Edital nº 02/2016, de 26/01/2016, publicado no D.O.U nº 18, seção 03, de 27/01/2016, páginas 63 a 67, homologado através do Edital nº 02/2017, de 02/01/2017, Publicado no D.O.U nº 19, seção 03 de 26/01/2017, páginas 58 a 68, prorrogado através do Edital 05/2019, de 21/01/2019, publicado no D.O.U nº 15, seção 03, de 22/01/2019, página 77, com prazo de validade suspenso conforme Edital nº 15/2020 de 26/06/2020 e a validade ajustada através do Edital 05/2022 de 08/04/2022, publicado no D.O.U nº 71, seção 03, de 13/04/2022, página 111, classificado para o cargo de ADMINISTRADOR, Classe "E", Nível de Capacitação I, Padrão de vencimento 1,em regime de Trabalho de 40 horas semanais, com lotação no Campus de Capitão Poço, em vaga decorrente de criação de cargos, código da vaga nº 975261.</p><p>Art. 3º - Esta Portaria entra em vigor na data de sua publicação.</p><p class="assina">HERDJANIA VERAS DE LIMA</p>]]></Texto>
  </body>
  <Midias />
</article></xml>