﻿<xml><article id="27743773" name="7899" idOficio="9059048" pubName="DO2" artType="Portaria" pubDate="30/08/2022" artClass="00018:00111:00017:00000:00000:00000:00000:00000:00000:00000:00017:00012" artCategory="Ministério da Educação/Universidade Federal do Rio de Janeiro/Pró-Reitoria de Pessoal" artSize="12" artNotes="" numberPage="81" pdfPage="http://pesquisa.in.gov.br/imprensa/jsp/visualiza/index.jsp?data=30/08/2022&amp;jornal=529&amp;pagina=81" editionNumber="165" highlightType="" highlightPriority="" highlight="" highlightimage="" highlightimagename="" idMateria="19842329">
  <body>
    <Identifica><![CDATA[ PORTARIA Nº 7.899, DE 25 DE AGOSTO DE 2022]]></Identifica>
    <Data><![CDATA[]]></Data>
    <Ementa />
    <Titulo />
    <SubTitulo />
    <Texto><![CDATA[<p class="identifica">PORTARIA Nº 7.899, DE 25 DE AGOSTO DE 2022</p><p>O Pró-Reitor de Pessoal da Universidade Federal do Rio de Janeiro, no uso da competência delegada pela Portaria n.º 10.120, de 16 de dezembro de 2021, publicada no Diário Oficial da União n.º 237, de 17 de dezembro de 2021, e considerando o disposto no Processo n.º 23079.211809/2022-71, resolve:</p><p>Conceder aposentadoria voluntária ao servidor WALTER CARDOZO DE PAIVA FILHO, matrícula SIAPE n.º 0365197, ocupante do cargo de Assistente em Administração, Classificação: D, Capacitação: 4, Padrão: 16, no regime de 40 horas semanais de trabalho do Quadro de Pessoal desta Universidade, com fundamento no art. 3º, incisos I, II e III, da EC 47/05, c/c o art. 3º, §1º, da EC 103/2019, proventos integrais.</p><p class="assina">Karla da Rocha Rodrigues Simas</p><p class="cargo">Substituta</p>]]></Texto>
  </body>
  <Midias />
</article></xml>