﻿<xml><article id="27740228" name="PORTARIA AGU NA 255 CEDER JONATH" idOficio="9058445" pubName="DO2" artType="Portaria" pubDate="30/08/2022" artClass="00006:00009:00000:00000:00000:00000:00000:00000:00000:00000:00017:00001" artCategory="Presidência da República/Advocacia-Geral da União" artSize="12" artNotes="" numberPage="1" pdfPage="http://pesquisa.in.gov.br/imprensa/jsp/visualiza/index.jsp?data=30/08/2022&amp;jornal=529&amp;pagina=1" editionNumber="165" highlightType="" highlightPriority="" highlight="" highlightimage="" highlightimagename="" idMateria="19841446">
  <body>
    <Identifica><![CDATA[ PORTARIA AGU Nº 255, DE 25 DE AGOSTO DE 2022]]></Identifica>
    <Data><![CDATA[]]></Data>
    <Ementa />
    <Titulo />
    <SubTitulo />
    <Texto><![CDATA[<p class="identifica">PORTARIA AGU Nº 255, DE 25 DE AGOSTO DE 2022</p><p><strong>O ADVOGADO-GERAL DA UNIÃO</strong>, no uso das atribuições que lhe confere o art. 4º, incisos I e XVIII, da Lei Complementar nº 73, de 10 de fevereiro de 1993, no art. 11 da Portaria AGU nº 347, de 23 de setembro de 2020, tendo em vista o disposto no art. 93 da Lei nº 8.112, de 11 de dezembro de 1990, no Decreto nº 10.835 de 14 de outubro de 2021, no art. 7º da Lei nº 11.890, de 24 de dezembro de 2008, no art. 1º da Portaria AGU nº 32, de 14 de fevereiro de 2020, e na Portaria PGF nº 720, de 14 de setembro de 2007, e considerando o que consta no Processo Administrativo nº 00407.021239/2022-64, resolve:</p><p>Art. 1º Ceder o Procurador Federal JONATHAN DE MELLO RODRIGUES MARIANO, matrícula Siape nº 2251942, para a exercer o cargo em comissão de Diretor de Programa, código DAS 103.5, no Ministério de Minas e Energia.</p><p>Art. 2º A efetivação da cessão fica condicionada à posse e ao exercício no referido cargo.</p><p>Art. 3º O ônus pela remuneração é da Advocacia-Geral da União.</p><p>Art. 4º Tornar sem efeito o disposto nesta Portaria caso o Procurador Federal não se apresente ao órgão cessionário no prazo de trinta dias.</p><p>Art. 5º O Procurador Federal deverá apresentar-se imediatamente ao titular da Procuradoria-Seccional Federal em Governador Valadares/MG ao término da cessão.</p><p>Art. 6º Esta Portaria entra em vigor na data de sua publicação.</p><p class="assina">BRUNO BIANCO LEAL</p>]]></Texto>
  </body>
  <Midias />
</article></xml>