﻿<xml><article id="27742727" name="DOU2-SGP-PGR-1-PT-578-UNI-PGR-00" idOficio="9058875" pubName="DO2" artType="Portaria" pubDate="30/08/2022" artClass="00043:00010:00008:00000:00000:00000:00000:00000:00000:00000:00017:00578" artCategory="Ministério Público da União/Ministério Público Federal/Secretaria de Gestão de Pessoas" artSize="12" artNotes="" numberPage="129" pdfPage="http://pesquisa.in.gov.br/imprensa/jsp/visualiza/index.jsp?data=30/08/2022&amp;jornal=529&amp;pagina=129" editionNumber="165" highlightType="" highlightPriority="" highlight="" highlightimage="" highlightimagename="" idMateria="19842066">
  <body>
    <Identifica><![CDATA[ PORTARIA SGP/MPF Nº 578, DE 25 DE AGOSTO DE 2022]]></Identifica>
    <Data><![CDATA[]]></Data>
    <Ementa />
    <Titulo />
    <SubTitulo />
    <Texto><![CDATA[<p class="identifica">PORTARIA SGP/MPF Nº 578, DE 25 DE AGOSTO DE 2022</p><p>A SECRETÁRIA DE GESTÃO DE PESSOAS DO MINISTÉRIO PÚBLICO FEDERAL, no uso da competência que lhe foi atribuída pelo artigo 1º - inciso II, alínea "n", da Portaria SG/MPF nº 994, de 24 de agosto de 2020, tendo em vista o disposto no artigo 38 da Lei nº 8.112, de 11 de dezembro de 1990, e no expediente PGR-00327757/2022, resolve:</p><p>1. Dispensar MARJANA DA SILVA PEIXOTO, matrícula nº 21023, do encargo de substituta eventual da Secretária Executiva Nível VI, CC-6, da Secretaria Executiva, da 7ª Câmara de Coordenação e Revisão do Ministério Público Federal.</p><p>2. Designar LILIAN TEIXEIRA SILVA XAVIER, ocupante do cargo de Analista do MPU/Direito, matrícula nº 20025, para exercer o encargo de substituta eventual do Secretária Executiva Nível VI, CC-6, da Secretaria Executiva, da 7ª Câmara de Coordenação e Revisão do Ministério Público Federal.</p><p class="assina">ISABELA VIDIGAL BRAGA MENESES</p>]]></Texto>
  </body>
  <Midias />
</article></xml>