﻿<xml><article id="27741568" name="ATO PORTARIA NA 610" idOficio="9058700" pubName="DO2" artType="Portaria" pubDate="30/08/2022" artClass="00047:00038:00000:00000:00000:00000:00000:00000:00000:00000:00017:6102022" artCategory="Poder Judiciário/Tribunal Regional Eleitoral do Tocantins" artSize="12" artNotes="" numberPage="143" pdfPage="http://pesquisa.in.gov.br/imprensa/jsp/visualiza/index.jsp?data=30/08/2022&amp;jornal=529&amp;pagina=143" editionNumber="165" highlightType="" highlightPriority="" highlight="" highlightimage="" highlightimagename="" idMateria="19841788">
  <body>
    <Identifica><![CDATA[ PORTARIA Nº 610/PRES/DG/SGP/COPES, de 26 de agosto de 2022]]></Identifica>
    <Data><![CDATA[]]></Data>
    <Ementa />
    <Titulo />
    <SubTitulo />
    <Texto><![CDATA[<p class="identifica">PORTARIA Nº 610/PRES/DG/SGP/COPES, de 26 de agosto de 2022</p><p>O PRESIDENTE DO TRIBUNAL REGIONAL ELEITORAL DO TOCANTINS, no uso das atribuições legais e regimentais, ex vi do inciso XXIX, do artigo 20, do Regimento Interno deste Tribunal, e tendo em vista o que consta nos autos do processo SEI nº 0013825-09.2022.6.27.8011, resolve:</p><p>Art. 1º Dispensar, a contar desta data, o servidor VALDECI SILVA CAVALCANTE JÚNIOR do exercício da função comissionada de Assistente I, nível FC-1, do Cartório Eleitoral da 11ª Zona, com sede no Município de Itaguatins-TO.</p><p>Art. 2º Esta Portaria entra em vigor na data da sua publicação.</p><p class="assina">Desembargador HELVÉCIO DE BRITO MAIA NETO</p>]]></Texto>
  </body>
  <Midias />
</article></xml>