﻿<xml><article id="27739097" name="PORTARIA 63 DOU DCT" idOficio="9058192" pubName="DO2" artType="Portaria" pubDate="30/08/2022" artClass="00013:00011:00025:00000:00000:00000:00000:00000:00000:00000:00017:00000" artCategory="Ministério da Defesa/Comando do Exército/Departamento de Ciência e Tecnologia" artSize="12" artNotes="" numberPage="23" pdfPage="http://pesquisa.in.gov.br/imprensa/jsp/visualiza/index.jsp?data=30/08/2022&amp;jornal=529&amp;pagina=23" editionNumber="165" highlightType="" highlightPriority="" highlight="" highlightimage="" highlightimagename="" idMateria="19841132">
  <body>
    <Identifica><![CDATA[ PORTARIA - DCT/C Ex Nº 63, DE 29 DE AGOSTO DE 2022]]></Identifica>
    <Data><![CDATA[]]></Data>
    <Ementa />
    <Titulo />
    <SubTitulo />
    <Texto><![CDATA[<p class="identifica">PORTARIA - DCT/C Ex Nº 63, DE 29 DE AGOSTO DE 2022</p><p>O CHEFE DO DEPARTAMENTO DE CIÊNCIA E TECNOLOGIA, no uso das atribuições lhe foram conferidas pela Portaria nº 218-Cmt Ex, de 20 de março de 2017, dentro da cota estabelecida pela Portaria nº 345-DGP, de 15 de dezembro de 2021 e DIEx nº 4441-5. ADJSVP.5-CPTTC/SVP/DCIPAS, de 27 JUN 2022; e conforme delegação de competência prevista pela Portaria DCT/C Ex nº 112, de 21 de setembro de 2020, resolve:</p><p>1. Exonerar</p><p>a. ex-officio, o Cel Veterano (026805102-6) CLÁUDIO HOLANDA DE MENEZES, Prec CP 96 1772607, da Diretoria de Sistemas e Material de Emprego Militar (DSMEM), Brasília-DF, a partir de 1º de outubro de 2022, de acordo com a letra a), do inciso II, do Art 11, da Portaria nº 218-Cmt Ex, de 20 de março de 2017, de Prestador de Tarefa por Tempo Certo.</p><p>b. ex-officio, o Cel Veterano (011155072-9) PAULO CESAR DAHIA DUCOS, Prec CP 96 1460427, do Instituto Militar de Engenharia (IME), Rio de Janeiro-RJ, a partir de 1º de outubro de 2022, de acordo com a letra a), do inciso II, do Art 11, da Portaria nº 218-Cmt Ex, de 20 de março de 2017, de Prestador de Tarefa por Tempo Certo.</p><p>c. a pedido, o Cel Veterano (014978982-8) JOÃO ABDALLA NEY DA SILVA, Prec CP 96 1842293, do Centro Tecnológico do Exército (CTEx), Rio de Janeiro-RJ, a partir de 1º de setembro de 2022, de acordo com o inciso I, do Art 11, da Portaria nº 218-Cmt Ex, de 20 de março de 2017, de Prestador de Tarefa por Tempo Certo.</p><p>d. ex-officio, o Ten Cel Veterano (100587930-7) JOSEDES CASTELO BRANCO MAIA, Prec CP 96 0538009, do Centro Tecnológico do Exército (CTEx), Rio de Janeiro-RJ, a partir de 1º de outubro de 2022, de acordo com a letra h), do inciso II, do Art 11, da Portaria nº 218-Cmt Ex, de 20 de março de 2017, de Prestador de Tarefa por Tempo Certo.</p><p>e. ex-officio, o Maj Veterano (062332964-6) EVANDO SANTOS DE MESQUITA, Prec CP 96 1642180, da Diretoria de Fabricação (DF), Rio de Janeiro-RJ, a partir de 1º de outubro de 2022, de acordo com a letra a), do inciso II, do Art 11, da Portaria nº 218-Cmt Ex, de 20 de março de 2017, de Prestador de Tarefa por Tempo Certo.</p><p>f. ex-officio, o Cap Veterano (049892273-1) CICERO LIDUINO DE OLIVEIRA XAVIER, Prec CP 96 1886597, do 52º Centro de Telemática (52º CT), Fortaleza-CE, a partir de 1º de outubro de 2022, de acordo com a letra a), do inciso II, do Art 11, da Portaria nº 218-Cmt Ex, de 20 de março de 2017, de Prestador de Tarefa por Tempo Certo.</p><p>g. ex-officio, o Cap Veterano (117916043-5) ANTÔNIO JOSÉ DE NAZARETH FONSECA, Prec CP 96 1869486, do Instituto Militar de Engenharia (IME), Rio de Janeiro-RJ, a partir de 1º de outubro de 2022, de acordo com a letra a), do inciso II, do Art 11, da Portaria nº 218-Cmt Ex, de 20 de março de 2017, de Prestador de Tarefa por Tempo Certo.</p><p>h. a pedido, o Cap Veterano (047268761-5) JAIRO LIMA, Prec CP 96 1515410, do Instituto Militar de Engenharia (IME), Rio de Janeiro-RJ, a partir de 1º de setembro de 2022, de acordo com o inciso I, do Art 11, da Portaria nº 218-Cmt Ex, de 20 de março de 2017, de Prestador de Tarefa por Tempo Certo.</p><p>i. ex-officio, o 1º Ten Veterano (014760332-8) NIVALDO VENANCIO TORRES, Prec CP 96 1621549, do Instituto Militar de Engenharia (IME), Rio de Janeiro-RJ, a contar de 1º de agosto de 2022, de acordo com a letra e), do inciso II, do Art 11, da Portaria nº 218-Cmt Ex, de 20 de março de 2017, de Prestador de Tarefa por Tempo Certo.</p><p>j. a pedido, o S Ten Veterano (049893243-3) IVÂNIO LUIZ DA ROSA, Prec CP 96 1907757, do Centro de Desenvolvimento de Sistemas (CDS), Brasília-DF, a contar de 9 de agosto de 2022, de acordo com o inciso I, do Art 11, da Portaria nº 218-Cmt Ex, de 20 de março de 2017, de Prestador de Tarefa por Tempo Certo.</p><p>k. ex-officio, o 2º Sgt Veterano (118181733-7) DIVINO FRANCISCO FERREIRA, Prec CP 96 1688936, do 7º Centro de Telemática de Área (7º CTA), Brasília-DF, a partir de 1º de outubro de 2022, de acordo com a letra a), do inciso II, do Art 11, da Portaria nº 218-Cmt Ex, de 20 de março de 2017, de Prestador de Tarefa por Tempo Certo.</p><p>l. ex-officio, o 2º Sgt Veterano (118092963-8) WANDERLEI CUSTÓDIO NETO, Prec CP 96 1801927, da Diretoria de Sistemas e Material de Emprego Militar (DSMEM), Brasília-DF, a partir de 1º de outubro de 2022, de acordo com a letra a), do inciso II, do Art 11, da Portaria nº 218-Cmt Ex, de 20 de março de 2017, de Prestador de Tarefa por Tempo Certo.</p><p>m. ex-officio, o 2º Sgt Veterano (118282853-1) PAULO CESAR DA COSTA, Prec CP 96 1862358, da Diretoria de Sistemas e Material de Emprego Militar (DSMEM), Brasília-DF, a partir de 1º de outubro de 2022, de acordo com a letra a), do inciso II, do Art 11, da Portaria nº 218-Cmt Ex, de 20 de março de 2017, de Prestador de Tarefa por Tempo Certo.</p><p>n. ex-officio, o 2º Sgt Veterano (020257364-8) EDSON LUIZ, Prec CP 96 1829936, do Arsenal de Guerra de São Paulo (AGSP), São Paulo-SP, a partir de 1º de outubro de 2022, de acordo com a letra a), do inciso II, do Art 11, da Portaria nº 218-Cmt Ex, de 20 de março de 2017, de Prestador de Tarefa por Tempo Certo.</p><p>o. ex-officio, o 2º Sgt Veterano (018375133-8) PAULO ROBERTO DOS SANTOS FERREIRA, Prec CP 96 1742238, do Centro de Avaliações do Exército (CAEx), Rio de Janeiro-RJ, a partir de 1º de outubro de 2022, de acordo com a letra a), do inciso II, do Art 11, da Portaria nº 218-Cmt Ex, de 20 de março de 2017, de Prestador de Tarefa por Tempo Certo.</p><p>p. ex-officio, o 3º Sgt Veterano (014581213-7) VALDIR DA SILVA GOULART, Prec CP 96 1632090, do Centro Tecnológico do Exército (CTEx), Rio de Janeiro-RJ, a partir de 1° de outubro de 2022, de acordo com a letra h), do inciso II, do Art 11, da Portaria nº 218-Cmt Ex, de 20 de março de 2017, de Prestador de Tarefa por Tempo Certo.</p><p>2. Nomear</p><p>a. Por proposta do Diretor de Sistemas e Material de Emprego Militar, o Cel Veterano (026805102-6) CLÁUDIO HOLANDA DE MENEZES, Prec CP 96 1772607, na Diretoria de Sistemas e Material de Emprego Militar (DSMEM), Brasília-DF, como Prestador de Tarefa por Tempo Certo, para exercer a tarefa de assessor do Diretor de SMEM nas tarefas relacionadas à obtenção e contratação de Sistemas e Material de Emprego Militar, pelo prazo de 24 (vinte e quatro) meses, a partir de 1º de outubro de 2022.</p><p>b. Por proposta do Comandante do Instituto Militar de Engenharia, o Cel Veterano (011155072-9) PAULO CESAR DAHIA DUCOS, Prec CP 96 1460427, no Instituto Militar de Engenharia (IME), Rio de Janeiro-RJ, como Prestador de Tarefa por Tempo Certo, para exercer a tarefa de docente na Seção de Engenharia de Materiais em disciplinas de graduação e pós-graduação e tarefas relacionadas à administração, pelo prazo de 6 (seis) meses, a partir de 1º de outubro de 2022.</p><p>c. Por proposta do Diretor de Fabricação, o Maj Veterano (062332964-6) EVANDO SANTOS DE MESQUITA, Prec CP 96 1642180, na Diretoria de Fabricação (DF), Rio de Janeiro-RJ, como Prestador de Tarefa por Tempo Certo, para exercer a tarefa de assessor do Ordenador de Despesas, de modo a assessorar nos assuntos diretamente relacionados a licitações e contratos, em especial os contratos finalísticos a cargo da DF, pelo prazo de 24 (vinte e quatro) meses, a partir de 1º de outubro de 2022.</p><p>d. Por proposta do Chefe do Centro Integrado de Telemática do Exército, o Cap Veterano (049892273-1) CICERO LIDUINO DE OLIVEIRA XAVIER, Prec CP 96 1886597, no 52º Centro de Telemática (52º CT), Fortaleza-CE, como Prestador de Tarefa por Tempo Certo, para exercer a tarefa de apoio administrativo na área de Ciência e Tecnologia, pelo prazo de 24 (vinte e quatro) meses, a partir de 1º de outubro de 2022.</p><p>e. Por proposta do Comandante do Instituto Militar de Engenharia, o Cap Veterano (117916043-5) ANTÔNIO JOSÉ DE NAZARETH FONSECA, Prec CP 96 1869486, no Instituto Militar de Engenharia (IME), Rio de Janeiro-RJ, como Prestador de Tarefa por Tempo Certo, para exercer a tarefa de assessoramento técnico administrativo na Seção de Aquisições, Licitações e Contratos, pelo prazo de 24 (vinte e quatro) meses, a partir de 1º de outubro de 2022.</p><p>f. Por proposta do Chefe do Centro Integrado de Telemática do Exército, o 2º Sgt Veterano (1181817337) DIVINO FRANCISCO FERREIRA, Prec CP 96 1688936, no 7º Centro de Telemática de Área (7º CTA), Brasília-DF, como Prestador de Tarefa por Tempo Certo, para exercer a tarefa de auxiliar e executor de atividades de microfilmagem no 7º CTA, pelo prazo de 20 (vinte) meses, a partir de 1º de outubro de 2022.</p><p>g. Por proposta do Diretor de Sistemas e Material de Emprego Militar, o 2º Sgt Veterano (1180929638) WANDERLEI CUSTÓDIO NETO, Prec CP 96 1801927, na Diretoria de Sistemas e Material de Emprego Militar (DSMEM), Brasília-DF, como Prestador de Tarefa por Tempo Certo, para exercer a tarefa de auxiliar administrativo no Estado-Maior de Pessoal na Direção, pelo prazo de 24 (vinte e quatro) meses, a partir de 1º de outubro de 2022.</p><p>h. Por proposta do Diretor de Sistemas e Material de Emprego Militar, o 2º Sgt Veterano (1182828531) PAULO CESAR DA COSTA, Prec CP 96 1862358, na Diretoria de Sistemas e Material de Emprego Militar (DSMEM), Brasília-DF como Prestador de Tarefa por Tempo Certo, para exercer a tarefa de auxiliar administrativo no Estado-Maior de Pessoal na Direção, pelo prazo de 24 (vinte e quatro) meses, a partir de 1º de outubro de 2022.</p><p>i. Por proposta do Diretor de Fabricação, o 2º Sgt Veterano (020257364-8) EDSON LUIZ, Prec CP 96 1829936, no Arsenal de Guerra de São Paulo (AGSP), São Paulo-SP como Prestador de Tarefa por Tempo Certo, para exercer a tarefa de chefe de equipe de manutenção da Vila Militar dos Subtenentes e Sargentos, pelo prazo de 24 (vinte e quatro) meses, a partir de 1º de outubro de 2022.</p><p>j. Por proposta do Chefe do Centro de Avaliações do Exército, o 2º Sgt Veterano (018375133-8) PAULO ROBERTO DOS SANTOS FERREIRA, Prec CP 96 1742238, no Centro de Avaliações do Exército (CAEx), Rio de Janeiro-RJ, como Prestador de Tarefa por Tempo Certo, para exercer a tarefa de condução e manutenção de quadriciclos e embarcações, até 90 HP, utilizados nas atividades de patrulha ambiental e patrimonial marítima e terrestre, em razão das singularidades do CAEx, pelo prazo de 24 (vinte e quatro) meses, a partir de 1º de outubro de 2022.</p><p>3. Determinar que esta portaria entre em vigor na data de sua publicação no Diário Oficial da União (DOU).</p><p class="assina">Gen Div LUCIANO GUILHERME CABRAL PINHEIRO</p>]]></Texto>
  </body>
  <Midias />
</article></xml>