﻿<xml><article id="27733816" name="Portaria_de_Pessoal_2262510" idOficio="9057006" pubName="DO2" artType="Portaria" pubDate="30/08/2022" artClass="00018:00111:00017:00000:00000:00000:00000:00000:00000:00000:00017:00014" artCategory="Ministério da Educação/Universidade Federal do Rio de Janeiro/Pró-Reitoria de Pessoal" artSize="12" artNotes="7902" numberPage="81" pdfPage="http://pesquisa.in.gov.br/imprensa/jsp/visualiza/index.jsp?data=30/08/2022&amp;jornal=529&amp;pagina=81" editionNumber="165" highlightType="" highlightPriority="" highlight="" highlightimage="" highlightimagename="" idMateria="19839537">
  <body>
    <Identifica><![CDATA[ PORTARIA Nº 7.902,  DE 25 DE AGOSTO DE 2022]]></Identifica>
    <Data><![CDATA[]]></Data>
    <Ementa />
    <Titulo />
    <SubTitulo />
    <Texto><![CDATA[<p class="identifica">PORTARIA Nº 7.902, DE 25 DE AGOSTO DE 2022</p><p>O Pró-Reitor de Pessoal, no uso da competência delegada pela Reitora da Universidade Federal do Rio de Janeiro, através da Portaria nº 10.120 de 16 de dezembro de 2021, publicada no Diário Oficial da União de 17 de dezembro de 2021, resolve:</p><p>Tornar sem efeito a portaria n° 7362, de 11/08/2022, publicada no DOU n° 153 de 12/08/2022, que rescinde o contrato de JOÃO PAULO LINDQUIST FIGUEREDO como Professor Substituto, conforme consta no processo n.° 23079.216566/2021-86.</p><p class="assina">ALEXANDRE BRASIL CARVALHO DA FONSECA</p>]]></Texto>
  </body>
  <Midias />
</article></xml>