﻿<xml><article id="27742685" name="DOU2-SGMPFADJ-PGR-3-PT-631-UNI-P" idOficio="9058875" pubName="DO2" artType="Portaria" pubDate="30/08/2022" artClass="00043:00010:00006:00000:00000:00000:00000:00000:00000:00000:00017:00001" artCategory="Ministério Público da União/Ministério Público Federal/Secretaria-Geral" artSize="12" artNotes="" numberPage="128" pdfPage="http://pesquisa.in.gov.br/imprensa/jsp/visualiza/index.jsp?data=30/08/2022&amp;jornal=529&amp;pagina=128" editionNumber="165" highlightType="" highlightPriority="" highlight="" highlightimage="" highlightimagename="" idMateria="19842058">
  <body>
    <Identifica><![CDATA[ PORTARIA SG/MPF Nº 631, DE 22 DE AGOSTO DE 2022]]></Identifica>
    <Data><![CDATA[]]></Data>
    <Ementa />
    <Titulo />
    <SubTitulo />
    <Texto><![CDATA[<p class="identifica">PORTARIA SG/MPF Nº 631, DE 22 DE AGOSTO DE 2022</p><p>O SECRETÁRIO EXECUTIVO DA SECRETARIA-GERAL DO MINISTÉRIO PÚBLICO FEDERAL, no uso da competência que lhe foi atribuída pelo artigo 6º - inciso XXXII do Regimento Interno Administrativo do MPF, aprovado pela Portaria PGR/MPF nº 382, de 5 de maio de 2015, e pelo artigo 3º - inciso IV da Portaria SG/MPF nº 499, de 15 de julho de 2022, tendo em vista o disposto no artigo 9º - inciso II da Lei nº 8.112, de 11 de dezembro de 1990, e no Procedimento de Gestão Administrativa - PGEA 1.00.000.017259/2022-58, resolve:</p><p>Nomear AMANDA SILVEIRA ABREU, Bacharela em Direito, para exercer o cargo em comissão de Assessora Nível II, CC-2, do Gabinete da Procuradora da República Cibele Benevides Guedes da Fonseca, na Procuradoria da República no Estado do Rio Grande do Norte, em vaga decorrente da exoneração de Daniel Diniz Barreto de Paiva, matrícula nº 31127.</p><p class="assina">CLEUBER DELANO JOSE LISBOA FILHO</p>]]></Texto>
  </body>
  <Midias />
</article></xml>