﻿<xml><article id="27743569" name="DOU dia 29.08.2022 pro reitora p" idOficio="9059018" pubName="DO2" artType="Portaria" pubDate="30/08/2022" artClass="00018:00041:00022:00000:00000:00000:00000:00000:00000:00000:00017:00000" artCategory="Ministério da Educação/Colégio Pedro II/Pró-Reitoria de Gestão de Pessoas" artSize="12" artNotes="" numberPage="49" pdfPage="http://pesquisa.in.gov.br/imprensa/jsp/visualiza/index.jsp?data=30/08/2022&amp;jornal=529&amp;pagina=49" editionNumber="165" highlightType="" highlightPriority="" highlight="" highlightimage="" highlightimagename="" idMateria="19842276">
  <body>
    <Identifica><![CDATA[ PORTARIAS DE 26 DE AGOSTO DE 2022]]></Identifica>
    <Data><![CDATA[]]></Data>
    <Ementa />
    <Titulo />
    <SubTitulo />
    <Texto><![CDATA[<p class="identifica">PORTARIAS DE 26 DE AGOSTO DE 2022</p><p>A PRÓ-REITORA DE GESTÃO DE PESSOAS DO COLÉGIO PEDRO II, no uso de suas atribuições previstas na Portaria de Delegação de Competência nº 1769, de 23 de outubro de 2013 do Magnífico Reitor, publicada no Diário Oficial da União em 30 de outubro de 2013, seção 2, página 18, resolve:</p><p>Nº 2.070 - Conceder Pensão Civil, a partir de 05 de julho de 2022, com fundamento nos artigos 215 e 217, inciso III, da Lei nº 8.112/90, de acordo com o artigo nº 23 da Emenda Constitucional nº 103 de 12 de novembro de 2019, à MICHELLE LOURENÇO OLIVEIRA, companheira do servidor aposentado, MOACYR FERNANDES PEREIRA, do Quadro Permanente desta Autarquia, no cargo de Assistente em Administração, matrícula Siape nº 264794. Processo nº 23040.004186/2022-19.</p><p>Nº 2.071 - Conceder Pensão Civil, a partir de 09 de agosto de 2022, com fundamento nos artigos 215 e 217, inciso III, da Lei nº 8.112/90, de acordo com o artigo nº 23 da Emenda Constitucional nº 103 de 12 de novembro de 2019, à MARIA EMÍLIA DE SOUZA, companheira do servidor aposentado, JOFFRE TORRENTS DE GÓES TELLES, do Quadro Permanente desta Autarquia, ocupante de dois cargos de Professor de Ensino Básico Técnico e Tecnológico, matrículas Siape nº 2099601 e 1099601. Processo nº 23040.004495/2022-99.</p><p class="assina">WALDYR MENDES TATSCH NETO</p><p class="cargo">Substituto Eventual da Pró-Reitora</p>]]></Texto>
  </body>
  <Midias />
</article></xml>