﻿<xml><article id="27734797" name="Mat 071-2022 Portaria - oficial" idOficio="9057257" pubName="DO2" artType="Portaria" pubDate="30/08/2022" artClass="00018:00146:00000:00000:00000:00000:00000:00000:00000:00000:00017:00000" artCategory="Ministério da Educação/Fundação Universidade Federal de Roraima" artSize="12" artNotes="" numberPage="93" pdfPage="http://pesquisa.in.gov.br/imprensa/jsp/visualiza/index.jsp?data=30/08/2022&amp;jornal=529&amp;pagina=93" editionNumber="165" highlightType="" highlightPriority="" highlight="" highlightimage="" highlightimagename="" idMateria="19839911">
  <body>
    <Identifica><![CDATA[ PORTARIA Nº 554, DE 25 DE AGOSTO DE 2022]]></Identifica>
    <Data><![CDATA[]]></Data>
    <Ementa />
    <Titulo />
    <SubTitulo />
    <Texto><![CDATA[<p class="identifica">PORTARIA Nº 554, DE 25 DE AGOSTO DE 2022</p><p>O REITOR DA UNIVERSIDADE FEDERAL DE RORAIMA, nomeado pelo Decreto Presidencial, publicado na Seção 02 do D.O.U de 03/03/2020, no uso de suas atribuições legais e estatutárias, considerando o que consta no Processo nº 23129.016206/2022-24, resolve:</p><p>Retificar a Portaria nº 518/2022/GR de 10 de agosto de 2022, publicada no D.O.U em 15 de agosto de 2022, seção 2, página 41, que concedeu vacância do cargo efetivo para o servidor WEVERSON SOARES DE ALMEIDA NETO, Matrícula SIAPE Nº 1957603.</p><p>Onde se lê: ..., ocupante do cargo de Técnico Administrativo,...</p><p>Leia-se: ..., ocupante do cargo de Analista de Tecnologia da Informação,...</p><p class="assina">José Geraldo Ticianeli</p><p class="identifica">PORTARIA Nº 555, DE 25 DE AGOSTO DE 2022</p><p>O REITOR DA UNIVERSIDADE FEDERAL DE RORAIMA, nomeado pelo Decreto Presidencial, publicado na Seção 02 do D.O.U de 03/03/2020, no uso de suas atribuições legais e estatutárias, resolve:</p><p>Declarar vago, a partir do dia 20/06/2022, nos termos do artigo 33, inciso IX, da Lei 8.112/90, o cargo de Motorista, em regime de 40 horas semanais, ocupado por RAIMUNDO ANTONIO FERREIRA DE SOUSA FILHO, matrícula SIAPE nº 0387999, lotado na Prefeitura Universitária da Universidade Federal de Roraima, por motivo de falecimento.</p><p class="assina">José Geraldo Ticianeli</p>]]></Texto>
  </body>
  <Midias />
</article></xml>