﻿<xml><article id="27732092" name="ResPort858_2022 -DOU- Reverter A" idOficio="8456178" pubName="DO2" artType="Portaria" pubDate="30/08/2022" artClass="00047:00015:00004:00002:00000:00000:00000:00000:00000:00000:00017:00000" artCategory="Poder Judiciário/Tribunal Regional Eleitoral do Amazonas/Secretaria do Tribunal/Secretaria de Administração, Orçamento e Finanças" artSize="12" artNotes="" numberPage="141" pdfPage="http://pesquisa.in.gov.br/imprensa/jsp/visualiza/index.jsp?data=30/08/2022&amp;jornal=529&amp;pagina=141" editionNumber="165" highlightType="" highlightPriority="" highlight="" highlightimage="" highlightimagename="" idMateria="18287516">
  <body>
    <Identifica><![CDATA[ PORTARIA Nº 858, DE 26 DE AGOSTO DE 2022]]></Identifica>
    <Data><![CDATA[]]></Data>
    <Ementa />
    <Titulo />
    <SubTitulo />
    <Texto><![CDATA[<p class="identifica">PORTARIA Nº 858, DE 26 DE AGOSTO DE 2022</p><p>O PRESIDENTE DO TRIBUNAL REGIONAL ELEITORAL DO AMAZONAS, no uso de suas atribuições legais e regimentais, e considerando o que consta do Processo Administrativo Digital n.º 000234/2022, resolve:</p><p>Art. 1º. Reverter ao cargo de Analista Judiciário - Área Administrativa, Classe "C", Padrão 13, criado pela Lei n. 8.868/94, a partir de 01.09.2022, o servidor NAHUM PEREIRA CORRÊA JÚNIOR, com fundamento no art. 25, inciso II, da Lei n. 8.112, de 11 de dezembro de 1990, cuja aposentadoria</p><p>voluntária ocorreu nos termos da Portaria n. 234, de 11 de maio de 2021, publicada no Diário Oficial da União de 17/5/2021, Edição 91, Seção 2, página 50.</p><p>Art. 2º. Restabelecer para o servidor o abono permanência concedido no Processo Administrativo Digital n. 15314/2018.</p><p>Art. 3º. Esta Portaria entra em vigor na data de sua publicação.</p><p class="assina">Desembargador JORGE MANOEL LOPES LINS</p>]]></Texto>
  </body>
  <Midias />
</article></xml>