﻿<xml><article id="27736433" name="3252 3259 3263 3266 e 3267" idOficio="9057650" pubName="DO2" artType="Portaria" pubDate="30/08/2022" artClass="00018:00091:00019:00000:00000:00000:00000:00000:00000:00000:00017:00000" artCategory="Ministério da Educação/Universidade Federal do Espírito Santo/Pró-Reitoria de Gestão de Pessoas" artSize="12" artNotes="" numberPage="67" pdfPage="http://pesquisa.in.gov.br/imprensa/jsp/visualiza/index.jsp?data=30/08/2022&amp;jornal=529&amp;pagina=67" editionNumber="165" highlightType="" highlightPriority="" highlight="" highlightimage="" highlightimagename="" idMateria="19840403">
  <body>
    <Identifica><![CDATA[ PORTARIAS DE PESSOAL DE 26 DE AGOSTO DE 2022]]></Identifica>
    <Data><![CDATA[]]></Data>
    <Ementa />
    <Titulo />
    <SubTitulo />
    <Texto><![CDATA[<p class="identifica">PORTARIAS DE PESSOAL DE 26 DE AGOSTO DE 2022</p><p>A Pró-Reitora de Gestão de Pessoas da Universidade Federal do Espírito Santo, considerando o disposto no § 1º do art. 2º da Lei nº 9.640, de 25 de maio de 1998, e no art. 23-B do Decreto nº 9.794, de 14 de maio de 2019; no uso da competência que lhe foi delegada pela Portaria nº 30, de 09 de janeiro de 2019, publicada no DOU de 14/01/2019, na Seção 2, resolve:</p><p>Nº 3.252 - Designar ELMA HEITMANN MARES AZEVEDO, matrícula SIAPE nº 1885137, para exercer a função de Chefe do Departamento de Fonoaudiologia, FG-01, da estrutura do(a) Centro de Ciências da Saúde, pelo período de 14/09/2022 a 13/09/2024.(Processo nº 23068.082081/2022-92)</p><p>Nº 3.263 - Designar DJEISON CESAR BATISTA, matrícula SIAPE nº 1722127, para exercer a função de Chefe do Departamento de Ciências Florestais e da Madeira, FG-01, da estrutura do(a) Centro de Ciências Agrárias e Engenharias, pelo período de 12/09/2022 a 08/09/2024.(Processo nº 23068.080049/2022-72)</p><p>Nº 3.266 - Dispensar, a pedido, PRISCILLA MARIA CARDOSO GARONE, matrícula SIAPE nº 1800290, da função de Coordenador do Curso de Design, FCC, da estrutura do(a) Centro de Artes, a partir de 11/09/2022.(Processo nº 23068.077852/2022-20)</p><p>Nº 3.267 - Designar GERALDA GILLIAN SILVA SENA, matrícula SIAPE nº 1816758, para exercer a função de Coordenador do Curso de Nutrição (CCS), FCC, da estrutura do(a) Centro de Ciências da Saúde, pelo período de 12/09/2022 a 11/09/2024.(Processo nº 23068.078633/2022-68)</p><p>A Pró-Reitora de Gestão de Pessoas da Universidade Federal do Espírito Santo, no uso de suas atribuições legais e estatutárias, resolve:</p><p>Nº 3.259 - Alterar, em parte, a Portaria de Pessoal nº 2614/2022-PROGEP, publicada no DOU em 13/07/2022, Seção 2, Pág. 36, referente à dispensa, a pedido, de LUCAS SILVEIRA CAMPOS, SIAPE 1989860, da função de Coordenador do Curso de Engenharia Mecânica, na seguinte forma: onde se lê:"...a partir de 29/08/2022.", leia-se: "...a partir de 26/08/2022.", com efeitos a partir de 13/07/2022.(Processo digital nº 23068.070323/2022-03)</p><p class="assina">JOSIANA BINDA</p>]]></Texto>
  </body>
  <Midias />
</article></xml>