﻿<xml><article id="27734995" name="P7AAIGALEAO86" idOficio="9057314" pubName="DO2" artType="Portaria" pubDate="30/08/2022" artClass="00015:00045:00432:00099:00001:00000:00000:00000:00000:00000:00017:00000" artCategory="Ministério da Economia/Secretaria Especial da Receita Federal do Brasil/Subsecretaria-Geral da Receita Federal do Brasil/Superintendência Regional da 7ª Região Fiscal/Alfândega da Receita Federal do Brasil no Aeroporto Internacional do Galeão-Antônio Carlos Jobim" artSize="12" artNotes="" numberPage="44" pdfPage="http://pesquisa.in.gov.br/imprensa/jsp/visualiza/index.jsp?data=30/08/2022&amp;jornal=529&amp;pagina=44" editionNumber="165" highlightType="" highlightPriority="" highlight="" highlightimage="" highlightimagename="" idMateria="19839973">
  <body>
    <Identifica><![CDATA[ PORTARIA DE PESSOAL ALF/GIG Nº 86, DE 22 DE AGOSTO DE 2022]]></Identifica>
    <Data><![CDATA[]]></Data>
    <Ementa />
    <Titulo />
    <SubTitulo />
    <Texto><![CDATA[<p class="identifica">PORTARIA DE PESSOAL ALF/GIG Nº 86, DE 22 DE AGOSTO DE 2022</p><p>O DELEGADO DA ALFÂNDEGA DA RECEITA FEDERAL DO BRASIL NO AEROPORTO INTERNACIONAL DO GALEÃO (RJ), no uso da atribuição que lhe confere o inciso VIII do art. 364 do Regimento Interno da Secretaria Especial da Receita Federal do Brasil do Ministério da Economia, aprovado pela Portaria ME nº 284, de 27 de julho de 2020, e da competência que lhe foi subdelegada pela Portaria RFB nº 56, de 16 de agosto de 2021, e tendo em vista o que consta no processo dossiê nº 13113.169709/2021-36, resolve:</p><p>Art. 1º Designar a Auditora-Fiscal da Receita Federal do Brasil ROSELY KAZUE MARUBAYASHI, matrícula Siape nº 6148407 e matrícula Siapecad nº 1737, para exercer a Função Gratificada de Chefe da Equipe Adunaneira 5 da Alfândega da Receita Federal do Brasil no Aeroporto Internacional do Galeão (RJ), Código FG-2.</p><p>Art. 2º Esta Portaria entra em vigor na data de sua publicação.</p><p class="assina">MÁRCIO ROBERTO SANTEZO BAPTISTA</p>]]></Texto>
  </body>
  <Midias />
</article></xml>