﻿<xml><article id="27733771" name="PORTARIAS 2135_2136_2022_REITOR" idOficio="9056991" pubName="DO2" artType="Portaria Conjunta" pubDate="30/08/2022" artClass="00018:00144:00001:00000:00000:00000:00000:00000:00000:00000:00018:00000" artCategory="Ministério da Educação/Fundação Universidade Federal do Rio Grande/Reitoria" artSize="12" artNotes="" numberPage="92" pdfPage="http://pesquisa.in.gov.br/imprensa/jsp/visualiza/index.jsp?data=30/08/2022&amp;jornal=529&amp;pagina=92" editionNumber="165" highlightType="" highlightPriority="" highlight="" highlightimage="" highlightimagename="" idMateria="19839521">
  <body>
    <Identifica><![CDATA[ Portarias de 25 de agosto de 2022]]></Identifica>
    <Data><![CDATA[]]></Data>
    <Ementa />
    <Titulo />
    <SubTitulo />
    <Texto><![CDATA[<p class="identifica">Portarias de 25 de agosto de 2022</p><p>O REITOR DA UNIVERSIDADE FEDERAL DO RIO GRANDE - FURG, no uso das atribuições que lhe conferem o Estatuto e o Regimento Geral da Universidade, resolve:</p><p>Nº 2.135 - Dispensar a servidora TAMIRES LOPES PODEWILS, matrícula SIAPE 1063232, da função de COORDENADORA PRO TEMPORE DO PROGRAMA DE PÓS-GRADUAÇÃO EM EDUCAÇÃO AMBIENTAL / IE - FCC, a partir da publicação desta no Diário Oficial da União - DOU.</p><p>Nº 2.136 - Designar a servidora TAMIRES LOPES PODEWILS, matrícula SIAPE 1063232, para exercer a função de COORDENADORA DO PROGRAMA DE PÓS-GRADUAÇÃO EM EDUCAÇÃO AMBIENTAL / IE - FCC, a partir da publicação desta no Diário Oficial da União - DOU, com mandato de dois anos.</p><p class="assina">Danilo Giroldo</p>]]></Texto>
  </body>
  <Midias />
</article></xml>