﻿<xml><article id="27734527" name="PORTARIA N 167 SINC 19839815" idOficio="9057169" pubName="DO2" artType="Portaria" pubDate="30/08/2022" artClass="00023:00001:00000:00000:00000:00000:00000:00000:00000:00000:00013:00001" artCategory="Ministério de Minas e Energia/Gabinete do Ministro" artSize="12" artNotes="" numberPage="108" pdfPage="http://pesquisa.in.gov.br/imprensa/jsp/visualiza/index.jsp?data=30/08/2022&amp;jornal=529&amp;pagina=108" editionNumber="165" highlightType="" highlightPriority="" highlight="" highlightimage="" highlightimagename="" idMateria="19839815">
  <body>
    <Identifica><![CDATA[ PORTARIA DE PESSOAL Nº 167, DE 23 DE AGOSTO DE 2022]]></Identifica>
    <Data><![CDATA[]]></Data>
    <Ementa />
    <Titulo />
    <SubTitulo />
    <Texto><![CDATA[<p class="identifica">PORTARIA DE PESSOAL Nº 167, DE 23 DE AGOSTO DE 2022</p><p>O MINISTRO DE ESTADO DE MINAS E ENERGIA, no uso das atribuições que lhe confere o art. 87, parágrafo único, inciso IV, da Constituição, e tendo em vista o disposto no art. 1º da Portaria nº 455, de 22 de setembro de 2020, do Ministro de Estado Chefe da Casa Civil da Presidência da República, resolve:</p><p>Nomear TARITA DA SILVA COSTA, para exercer o cargo em comissão de Coordenadora-Geral de Planejamento da Geração, do Departamento de Planejamento Energético, da Secretaria de Planejamento e Desenvolvimento Energético, código DAS 101.4, ficando dispensada da função que atualmente ocupa.</p><p class="assina">ADOLFO SACHSIDA</p>]]></Texto>
  </body>
  <Midias />
</article></xml>