﻿<xml><article id="27739272" name="DESPACHO - Processo 19952.100689" idOficio="9058234" pubName="DO2" artType="Despacho" pubDate="30/08/2022" artClass="00015:00041:00000:00000:00000:00000:00000:00000:00000:00000:00013:00007" artCategory="Ministério da Economia/Secretaria Especial de Desburocratização, Gestão e Governo Digital" artSize="12" artNotes="" numberPage="34" pdfPage="http://pesquisa.in.gov.br/imprensa/jsp/visualiza/index.jsp?data=30/08/2022&amp;jornal=529&amp;pagina=34" editionNumber="165" highlightType="" highlightPriority="" highlight="" highlightimage="" highlightimagename="" idMateria="19841191">
  <body>
    <Identifica><![CDATA[ DESPACHO]]></Identifica>
    <Data><![CDATA[]]></Data>
    <Ementa />
    <Titulo />
    <SubTitulo />
    <Texto><![CDATA[<p class="identifica">DESPACHO</p><p>Processo nº 19952.100689/2022-64</p><p>O SECRETÁRIO ESPECIAL DE DESBUROCRATIZAÇÃO, GESTÃO E GOVERNO DIGITAL, DO MINISTÉRIO DA ECONOMIA, tendo em vista o Decreto n° 1.387, de 07 de fevereiro de 1995, e o Decreto n° 10.193, de 27 de dezembro de 2019, e no uso da competência que lhe foi delegada pelo artigo 6° da Portaria n° 4.990, de 1º de junho de 2022, autoriza o afastamento do País, com ônus, dos empregados do Serviço Federal de Processamento de Dados - Serpro: ANDRÉ DE CESERO, Matrícula: 10049100, Diretor de Relacionamento com Clientes, DANIEL SILVA ANTONELLI, Matrícula: 2109157-9, Gerente do Departamento de Negócio para o Mercado Privado e MARCELLO GOMEZ FERRAZ, Matrícula: 2104634-4, Técnico da Divisão de Negócios para o Mercado Internacional, para participarem do 7º Congreso Tecnología y Negocios - AMERICA DIGITAL 2022, no período de 5 a 9 de setembro de 2022, incluindo trânsito, que será realizado na cidade de Santiago no Chile. (Processo SEI nº 19952.100689/2022-64).</p><p class="assina">LEONARDO JOSÉ MATTOS SULTANI</p>]]></Texto>
  </body>
  <Midias />
</article></xml>