﻿<xml><article id="27740961" name="ATO PORTARIA DE PESSOAL CGBEN NA" idOficio="9058602" pubName="DO2" artType="Portaria" pubDate="30/08/2022" artClass="00015:00041:00034:00008:00003:00000:00000:00000:00000:00000:00017:00006" artCategory="Ministério da Economia/Secretaria Especial de Desburocratização, Gestão e Governo Digital/Secretaria de Gestão e Desempenho de Pessoal/Departamento de Centralização de Serviços de Inativos, Pensionistas e Órgãos Extintos/Coordenação-Geral de Benefícios" artSize="12" artNotes="" numberPage="41" pdfPage="http://pesquisa.in.gov.br/imprensa/jsp/visualiza/index.jsp?data=30/08/2022&amp;jornal=529&amp;pagina=41" editionNumber="165" highlightType="" highlightPriority="" highlight="" highlightimage="" highlightimagename="" idMateria="19841642">
  <body>
    <Identifica><![CDATA[ PORTARIA DE PESSOAL CGBEN/DECIPEX/SGP/SEDGG/ME Nº 9.749, DE 24 DE AGOSTO DE 2022]]></Identifica>
    <Data><![CDATA[]]></Data>
    <Ementa />
    <Titulo />
    <SubTitulo />
    <Texto><![CDATA[<p class="identifica">PORTARIA DE PESSOAL CGBEN/DECIPEX/SGP/SEDGG/ME Nº 9.749, DE 24 DE AGOSTO DE 2022</p><p>O COORDENADOR-GERAL DE BENEFÍCIOS DO DEPARTAMENTO DE CENTRALIZAÇÃO DE SERVIÇOS DE INATIVOS, PENSIONISTAS E ÓRGÃOS EXTINTOS, DA SECRETARIA DE GESTÃO E DESEMPENHO DE PESSOAL, DA SECRETARIA ESPECIAL DE DESBUROCRATIZAÇÃO, GESTÃO E GOVERNO DIGITAL, DO MINISTÉRIO DA ECONOMIA, no uso da competência atribuída pela Portaria nº 13.530, de 27 de dezembro de 2018, publicada no DOU de 28 de dezembro de 2018, em cumprimento à decisão judicial proferida pelo Juízo da 3ª Vara Federal de Juizado Especial Cível da SJAP, nos autos do Processo nº 1008993-27.2021.4.01.3100, e considerando o disposto no Processo Sei nº 00745.009409/2021-11, resolve:</p><p>Art. 1° Conceder pensão à senhora MARIA DOS ANJOS RAMOS DE SOUSA, na condição de companheira do ex-servidor RAIMUNDO DE OLIVEIRA, matrícula SIAPE n° 1013664, aposentado no cargo de Motorista Oficial, oriundo do Governo do Ex-Territorio do Amapá, falecido em 01 de dezembro de 2020, com vigência a contar de 01 de dezembro de 2020, data estipulada no PARECER DE FORÇA EXECUTÓRIA n. 01425/2022/COREJEFNE/PRU1R/PGU/AGU, de 22 de junho de 2022.</p><p>Art. 2º Esta Portaria entra em vigor na data de sua publicação.</p><p class="assina">PABLO MARCOS GOMES LEITE</p>]]></Texto>
  </body>
  <Midias />
</article></xml>