﻿<xml><article id="27738074" name="DESPACHO - Processo 04600.002846" idOficio="9058015" pubName="DO2" artType="Despacho" pubDate="30/08/2022" artClass="00015:00041:00000:00000:00000:00000:00000:00000:00000:00000:00013:00005" artCategory="Ministério da Economia/Secretaria Especial de Desburocratização, Gestão e Governo Digital" artSize="12" artNotes="" numberPage="34" pdfPage="http://pesquisa.in.gov.br/imprensa/jsp/visualiza/index.jsp?data=30/08/2022&amp;jornal=529&amp;pagina=34" editionNumber="165" highlightType="" highlightPriority="" highlight="" highlightimage="" highlightimagename="" idMateria="19840864">
  <body>
    <Identifica><![CDATA[ DESPACHO]]></Identifica>
    <Data><![CDATA[]]></Data>
    <Ementa />
    <Titulo />
    <SubTitulo />
    <Texto><![CDATA[<p class="identifica">DESPACHO</p><p>Processo nº 04600.002846/2022-90</p><p>O SECRETÁRIO ESPECIAL DE DESBUROCRATIZAÇÃO, GESTÃO E GOVERNO DIGITAL DO MINISTÉRIO DA ECONOMIA, tendo em vista o Decreto n° 1.387, de 07 de fevereiro de 1995, e o Decreto n° 10.193, de 27 de dezembro de 2019, e no uso da competência que lhe foi delegada pelo artigo 6° da Portaria n° 4.990, de 1º de junho de 2022, autoriza o afastamento do país, com ônus limitado, do servidor Diogo Godinho Ramos Costa, Presidente da Enap, no período de 4 a 7 de setembro de 2022, inclusive trânsito, a fim de participar do VIII Encontro Iberoamericano de Escolas e Institutos de Administração Pública, em Buenos Aires, Argentina (Processo SEI n° 04600.002846/2022-90).</p><p class="assina">LEONARDO JOSÉ MATTOS SULTANI</p>]]></Texto>
  </body>
  <Midias />
</article></xml>