﻿<xml><article id="27738755" name="ATO 361-2022 Apos juiz Gilmar" idOficio="9058126" pubName="DO2" artType="Ato" pubDate="30/08/2022" artClass="00047:00044:00001:00000:00000:00000:00000:00000:00000:00000:00001:00002" artCategory="Poder Judiciário/Tribunal Regional do Trabalho da 5ª Região/Presidência" artSize="12" artNotes="" numberPage="144" pdfPage="http://pesquisa.in.gov.br/imprensa/jsp/visualiza/index.jsp?data=30/08/2022&amp;jornal=529&amp;pagina=144" editionNumber="165" highlightType="" highlightPriority="" highlight="" highlightimage="" highlightimagename="" idMateria="19841038">
  <body>
    <Identifica><![CDATA[ ATO nº 361, DE 26 DE AGOSTO DE 2022]]></Identifica>
    <Data><![CDATA[]]></Data>
    <Ementa />
    <Titulo />
    <SubTitulo />
    <Texto><![CDATA[<p class="identifica">ATO nº 361, DE 26 DE AGOSTO DE 2022</p><p>O VICE-PRESIDENTE DO TRIBUNAL REGIONAL DO TRABALHO DA QUINTA REGIÃO, NO EXERCÍCIO DA PRESIDÊNCIA, no uso de suas atribuições legais e regimentais, considerando o que consta do processo de matéria administrativa autuado sob o nº 12249/2022 - PROAD; resolve:</p><p>Aposentar, a pedido, magistrado GILMAR CARNEIRO DE OLIVEIRA, no cargo de Juiz Titular da Vara do Trabalho de Bom Jesus da Lapa, com fundamento no art. 93, VI, da Constituição Federal (com redação original), c/c o art. 74 da Lei Complementar 35/79- LOMAN, com proventos integrais e paridade, em cumprimento ao quanto determinado na decisão judicial, transitada em julgado, proferida nos autos</p><p>do processo nº 0005283-13.2012.4.01.3300 da 22ª Vara de Juizado Especial Federal da Seção Judiciária da Bahia, a partir de 29/08/2022.</p><p class="assina">ALCINO FELIZOLA</p>]]></Texto>
  </body>
  <Midias />
</article></xml>