﻿<xml><article id="27738884" name="PT GABAER 1.071 GC1 2022" idOficio="9058149" pubName="DO2" artType="Portaria" pubDate="30/08/2022" artClass="00013:00010:00001:00006:00000:00000:00000:00000:00000:00000:00017:00012" artCategory="Ministério da Defesa/Comando da Aeronáutica/Gabinete do Comandante/Assessoria de Recursos Humanos" artSize="12" artNotes="" numberPage="16" pdfPage="http://pesquisa.in.gov.br/imprensa/jsp/visualiza/index.jsp?data=30/08/2022&amp;jornal=529&amp;pagina=16" editionNumber="165" highlightType="" highlightPriority="" highlight="" highlightimage="" highlightimagename="" idMateria="19841083">
  <body>
    <Identifica><![CDATA[ PORTARIA GABAER Nº 1.071/GC1, DE 26 DE AGOSTO DE 2022]]></Identifica>
    <Data><![CDATA[]]></Data>
    <Ementa />
    <Titulo />
    <SubTitulo />
    <Texto><![CDATA[<p class="identifica">PORTARIA GABAER Nº 1.071/GC1, DE 26 DE AGOSTO DE 2022</p><p>O COMANDANTE DA AERONÁUTICA, de acordo com o art. 23, inciso VI, alínea "g", da Estrutura Regimental do Comando da Aeronáutica, aprovada pelo Decreto nº 6.834, de 30 de abril de 2009 e o que consta dos Processos nº 60067.000057/2022-80 e nº 67600.014607/2022-01, resolve:</p><p>Colocar, por necessidade do serviço, ex officio, o Tenente-Coronel QOECOM ALESSANDRO STEFSON MAMEDE ALVES (Nr Ord 2479753/DTCEA-BE) à disposição do Ministério da Defesa, a fim de prestar serviço naquele órgão, sem prejuízo da remuneração a que faz jus por este Comando.</p><p>Em conformidade com o disposto no inciso IV do art. 5º do Decreto nº 10.171, de 11 de dezembro de 2019, o militar supramencionado ficará à disposição do Ministério da Defesa pelo prazo máximo de 4 (quatro) anos, a contar de sua apresentação naquele órgão, pronto para o serviço.</p><p class="assina">Ten Brig Ar CARLOS DE ALMEIDA BAPTISTA JUNIOR</p>]]></Texto>
  </body>
  <Midias />
</article></xml>