﻿<xml><article id="27734539" name="10502022" idOficio="9057178" pubName="DO2" artType="Portaria" pubDate="30/08/2022" artClass="00018:00139:00001:00000:00000:00000:00000:00000:00000:00000:00017:00002" artCategory="Ministério da Educação/Fundação Universidade Federal do Mato Grosso do Sul/Reitoria" artSize="12" artNotes="1050" numberPage="91" pdfPage="http://pesquisa.in.gov.br/imprensa/jsp/visualiza/index.jsp?data=30/08/2022&amp;jornal=529&amp;pagina=91" editionNumber="165" highlightType="" highlightPriority="" highlight="" highlightimage="" highlightimagename="" idMateria="19839824">
  <body>
    <Identifica><![CDATA[ PORTARIA Nº 1.050-RTR/UFMS, DE 25 de agosto de 2022]]></Identifica>
    <Data><![CDATA[]]></Data>
    <Ementa />
    <Titulo />
    <SubTitulo />
    <Texto><![CDATA[<p class="identifica">PORTARIA Nº 1.050-RTR/UFMS, DE 25 de agosto de 2022</p><p>O REITOR DA FUNDAÇÃO UNIVERSIDADE FEDERAL DE MATO GROSSO DO SUL, no uso da atribuição que lhe confere o art. 21, caput, inciso I da Resolução nº 11, CD/UFMS, de 20 de fevereiro de 2020, e considerando o contido no Processo nº 23104.025044/2022-01, resolve:</p><p>Autorizar o afastamento de EDNA MARIA FACINCANI, matrícula Siape nº 1219755, Professora do Magistério Superior, lotada na Faculdade de Engenharias, Arquitetura e Urbanismo e Geografia, para participar e apresentar trabalho no evento International Conference of Geomorphology, em Coimbra, Portugal, no período de 2 a 18 de setembro de 2022, com trânsito incluso e ônus limitado para a UFMS, sem prejuízo de suas atribuições didáticas, conforme Plano de Redistribuição de Atividades Didáticas aprovado pela Unidade.</p><p class="assina">MARCELO AUGUSTO SANTOS TURINE</p>]]></Texto>
  </body>
  <Midias />
</article></xml>