﻿<xml><article id="27741724" name="Portaria de Pessoal Secint ME nA" idOficio="9058722" pubName="DO2" artType="Portaria" pubDate="30/08/2022" artClass="00015:00040:00000:00000:00000:00000:00000:00000:00000:00000:00013:00002" artCategory="Ministério da Economia/Secretaria Especial de Comércio Exterior e Assuntos Internacionais" artSize="12" artNotes="" numberPage="33" pdfPage="http://pesquisa.in.gov.br/imprensa/jsp/visualiza/index.jsp?data=30/08/2022&amp;jornal=529&amp;pagina=33" editionNumber="165" highlightType="" highlightPriority="" highlight="" highlightimage="" highlightimagename="" idMateria="19841816">
  <body>
    <Identifica><![CDATA[ PORTARIA DE PESSOAL SECINT/ME Nº 9.889, DE 26 DE AGOSTO DE 2022]]></Identifica>
    <Data><![CDATA[]]></Data>
    <Ementa />
    <Titulo />
    <SubTitulo />
    <Texto><![CDATA[<p class="identifica">PORTARIA DE PESSOAL SECINT/ME Nº 9.889, DE 26 DE AGOSTO DE 2022</p><p>A SECRETÁRIA ESPECIAL ADJUNTA DE COMÉRCIO EXTERIOR E ASSUNTOS INTERNACIONAIS, SUBSTITUTA, DO MINISTÉRIO DA ECONOMIA, no uso de suas atribuições, e considerando a subdelegação de competência contida na Portaria SECINT nº 213, de 21 de fevereiro de 2019, publicada no Diário Oficial da União de 28 de fevereiro de 2019, bem como o disposto no Processo nº 19972.101464/2022-97, resolve:</p><p>Art. 1º Designar os servidores GUILHERME SILVEIRA GUIMARÃES ROSA, matrícula Siape nº 1003179, LUIZ EDUARDO DE FREITAS GUIMARÃES, matrícula Siape nº 1006151, para, nesta ordem, sucessivamente, substituírem o Coordenador-Geral de Interesse Público da Subsecretaria de Defesa Comercial e Interesse Público da Secretaria de Comércio Exterior desta Secretaria Especial, FCPE-101.4, em seus afastamentos e impedimentos legais ou regulamentares do titular do cargo.</p><p>Art. 2º Fica revogada a Portaria de Pessoal SECINT/ME nº 3.986, de 19 de abril de 2022, publicada no D.O.U de 26 de abril de 2022, Seção 2, página 16.</p><p class="assina">VIVIANE VECCHI MENDES MÜLLER</p>]]></Texto>
  </body>
  <Midias />
</article></xml>