﻿<xml><article id="27737534" name="1605" idOficio="9057881" pubName="DO2" artType="Portaria" pubDate="30/08/2022" artClass="00007:00003:00000:00000:00000:00000:00000:00000:00000:00000:00017:00008" artCategory="Ministério da Agricultura, Pecuária e Abastecimento/Secretaria Executiva" artSize="12" artNotes="" numberPage="4" pdfPage="http://pesquisa.in.gov.br/imprensa/jsp/visualiza/index.jsp?data=30/08/2022&amp;jornal=529&amp;pagina=4" editionNumber="165" highlightType="" highlightPriority="" highlight="" highlightimage="" highlightimagename="" idMateria="19840701">
  <body>
    <Identifica><![CDATA[ PORTARIA DE PESSOAL SE/MAPA Nº 1.605, DE 25 DE AGOSTO DE 2022]]></Identifica>
    <Data><![CDATA[]]></Data>
    <Ementa />
    <Titulo />
    <SubTitulo />
    <Texto><![CDATA[<p class="identifica">PORTARIA DE PESSOAL SE/MAPA Nº 1.605, DE 25 DE AGOSTO DE 2022</p><p>O SECRETÁRIO EXECUTIVO DO MINISTÉRIO DA AGRICULTURA, PECUÁRIA E ABASTECIMENTO, no uso das atribuições que lhe conferem a Portaria nº 252, de 6 de novembro de 2019, e considerando o disposto no art. 93, da Lei 8.112, de 11 de dezembro de 1990, regulamentado pelo Decreto nº 10.835, de 14 de outubro de 2021, publicado no Diário Oficial da União de 15 de outubro de 2021, na Portaria ME nº 6.066, de 11 de julho de 2022, publicada no Diário Oficial da União de 25 de julho de 2022, e demais informações que constam do Processo SEI nº 21000.080928/2022-53, resolve:</p><p>Art. 1º Ceder a servidora HELOISIA BATISTA CORREA FONTES, matrícula SIAPE nº 1051215, ocupante do cargo de Analista Técnico de Políticas Sociais, do quadro de pessoal deste Ministério, para exercer suas funções na Coordenação-Geral de Capacitação de Altos Executivos, da Diretoria de Educação Executiva, da Escola Nacional de Administração Pública - ENAP, onde ocupará a Gratificação Temporária de Atividade em Escola de Governo - GAEG, Nível Superior.</p><p>Art. 2º O ônus pela remuneração é do órgão cedente.</p><p>Art. 3º A servidora deverá apresentar-se imediatamente ao órgão cedente ao término da cessão.</p><p>Art. 4º Torna-se sem efeito o disposto nesta Portaria caso a servidora não se apresente ao órgão cessionário no prazo de trinta dias.</p><p>Art. 5º Esta Portaria entra em vigor na data da sua publicação.</p><p class="assina">MÁRCIO ELI ALMEIDA LEANDRO</p>]]></Texto>
  </body>
  <Midias />
</article></xml>