﻿<xml><article id="27743221" name="ATO GDGSET 514_2022_DISP_MARIA S" idOficio="9058951" pubName="DO2" artType="Ato" pubDate="30/08/2022" artClass="00047:00005:00009:00000:00000:00000:00000:00000:00000:00000:00001:00514" artCategory="Poder Judiciário/Tribunal Superior do Trabalho/Secretaria" artSize="12" artNotes="" numberPage="138" pdfPage="http://pesquisa.in.gov.br/imprensa/jsp/visualiza/index.jsp?data=30/08/2022&amp;jornal=529&amp;pagina=138" editionNumber="165" highlightType="" highlightPriority="" highlight="" highlightimage="" highlightimagename="" idMateria="19842181">
  <body>
    <Identifica><![CDATA[ ATO Nº 514, DE 26 DE AGOSTO DE 2022]]></Identifica>
    <Data><![CDATA[]]></Data>
    <Ementa />
    <Titulo />
    <SubTitulo />
    <Texto><![CDATA[<p class="identifica">ATO Nº 514, DE 26 DE AGOSTO DE 2022</p><p>O DIRETOR-GERAL DA SECRETARIA DO TRIBUNAL SUPERIOR DO TRABALHO, no uso de suas atribuições legais e regulamentares,</p><p>considerando o constante do Processo Administrativo TST nº 6002980/2022, resolve:</p><p>Dispensar a servidora MARIA DO SOCORRO DE MELO SANTOS, código 24100, Técnica Judiciária, Área Apoio Especializado, Especialidade Enfermagem, da função comissionada de Assistente 3, Nível FC-3, da Secretaria da Subseção I Especializada em Dissídios Individuais, com efeitos a contar de 25 de agosto de 2022, em virtude de sua aposentadoria.</p><p class="assina">GUSTAVO CARIBÉ DE CARVALHO</p>]]></Texto>
  </body>
  <Midias />
</article></xml>