﻿<xml><article id="27741100" name="2022-08-25 FSMS CG Madri VC" idOficio="9058626" pubName="DO2" artType="Portaria" pubDate="30/08/2022" artClass="00025:00059:00000:00000:00000:00000:00000:00000:00000:00000:00017:00000" artCategory="Ministério das Relações Exteriores/Consulado-Geral do Brasil em Madri" artSize="12" artNotes="" numberPage="111" pdfPage="http://pesquisa.in.gov.br/imprensa/jsp/visualiza/index.jsp?data=30/08/2022&amp;jornal=529&amp;pagina=111" editionNumber="165" highlightType="" highlightPriority="" highlight="" highlightimage="" highlightimagename="" idMateria="19841673">
  <body>
    <Identifica><![CDATA[ PORTARIA DE 22 DE AGOSTO DE 2022]]></Identifica>
    <Data><![CDATA[]]></Data>
    <Ementa />
    <Titulo />
    <SubTitulo />
    <Texto><![CDATA[<p class="identifica">PORTARIA DE 22 DE AGOSTO DE 2022</p><p>A CÔNSUL-GERAL DO BRASIL EM MADRI, no uso de suas atribuições e nos termos da Portaria n. 457, de 2 de agosto de 2010, resolve:</p><p>Nomear, até o término de sua missão no posto, FERNANDO ANÍBAL CARDOZO MARQUES, assistente de chancelaria, classe E, padrão V, do Serviço Exterior Brasileiro do Ministério das Relações Exteriores, Siape n. 458187, para exercer a função de vice-cônsul nesta repartição consular, a partir da data de publicação desta Portaria.</p><p class="assina">GISELA MARIA FIGUEIREDO PADOVAN</p>]]></Texto>
  </body>
  <Midias />
</article></xml>