﻿<xml><article id="27742477" name="25 de agosto S2 portaria 1630 RE" idOficio="9058846" pubName="DO2" artType="Retificação" pubDate="30/08/2022" artClass="00018:00130:00000:00000:00000:00000:00000:00000:00000:00000:00017:00003" artCategory="Ministério da Educação/Fundação Universidade do Amazonas" artSize="12" artNotes="" numberPage="88" pdfPage="http://pesquisa.in.gov.br/imprensa/jsp/visualiza/index.jsp?data=30/08/2022&amp;jornal=529&amp;pagina=88" editionNumber="165" highlightType="" highlightPriority="" highlight="" highlightimage="" highlightimagename="" idMateria="19842016">
  <body>
    <Identifica><![CDATA[ RETIFICAÇÃO]]></Identifica>
    <Data><![CDATA[]]></Data>
    <Ementa />
    <Titulo />
    <SubTitulo />
    <Texto><![CDATA[<p class="identifica">RETIFICAÇÃO</p><p>Na Portaria GR N° 1.630, publicada no DOU de 25/08/2022, seção 2, página 37, onde se lê: "... com ônus limitado à Administração Pública Federal.", leia-se: "... com ônus à Administração Pública Federal.".</p>]]></Texto>
  </body>
  <Midias />
</article></xml>