﻿<xml><article id="27743191" name="Portaria DOU--RONALDO DA SILVA B" idOficio="9058949" pubName="DO2" artType="Portaria" pubDate="30/08/2022" artClass="00025:00270:00020:00000:00000:00000:00000:00000:00000:00000:00017:00000" artCategory="Ministério das Relações Exteriores/Secretaria-Geral das Relações Exteriores/Secretaria de Gestão Administrativa" artSize="12" artNotes="" numberPage="112" pdfPage="http://pesquisa.in.gov.br/imprensa/jsp/visualiza/index.jsp?data=30/08/2022&amp;jornal=529&amp;pagina=112" editionNumber="165" highlightType="" highlightPriority="" highlight="" highlightimage="" highlightimagename="" idMateria="19842177">
  <body>
    <Identifica><![CDATA[ PORTARIA DE 25 DE AGOSTO DE 2022]]></Identifica>
    <Data><![CDATA[]]></Data>
    <Ementa />
    <Titulo />
    <SubTitulo />
    <Texto><![CDATA[<p class="identifica">PORTARIA DE 25 DE AGOSTO DE 2022</p><p>A SECRETÁRIA, SUBSTITUTA, DE GESTÃO ADMINISTRATIVA, no uso da competência que lhe foi atribuída pela Portaria de delegação de competência nº 386, de 14 de abril de 2022, publicada no Diário Oficial da União em 19 de abril de 2022, e tendo em vista o que consta do Processo nº 09047.000740/2022-00, resolve:</p><p>Art. 1º Conceder pensão a CRISTHIANE NUNES FERNANDES, na qualidade de companheira do ex-servidor RONALDO DA SILVA BARROS, ocupante do cargo de ASSISTENTE DE CHANCELARIA, matrícula SIAPE nº 0460463, do quadro de pessoal deste Ministério das Relações Exteriores, aposentado, falecido em 03 DE JULHO DE 2022, com fundamento no inciso IV do art. 3º da Portaria SGP/SEDGG/ME Nº 4645, de 24 de maio de 2022, c/c o art. 217 da Lei nº 8.112, de 11 de dezembro de 1990, e art. 23 da Emenda Constitucional nº 103, de 12 de novembro de 2019.</p><p>Art. 2º Os efeitos desta Portaria entram em vigor em 03 DE JULHO DE 2022.</p><p class="assina">FÁTIMA KEIKO ISHITANI</p>]]></Texto>
  </body>
  <Midias />
</article></xml>