﻿<xml><article id="27741835" name="Of. 361 - PORTARIA 600 - DISPENS" idOficio="9058749" pubName="DO2" artType="Portaria" pubDate="30/08/2022" artClass="00018:00145:00001:00000:00000:00000:00000:00000:00000:00000:00017:00001" artCategory="Ministério da Educação/Fundação Universidade Federal de Rondônia/Reitoria" artSize="12" artNotes="" numberPage="92" pdfPage="http://pesquisa.in.gov.br/imprensa/jsp/visualiza/index.jsp?data=30/08/2022&amp;jornal=529&amp;pagina=92" editionNumber="165" highlightType="" highlightPriority="" highlight="" highlightimage="" highlightimagename="" idMateria="19841877">
  <body>
    <Identifica><![CDATA[ PORTARIA Nº 600/GR/UNIR, DE 22 DE AGOSTO DE 2022]]></Identifica>
    <Data><![CDATA[]]></Data>
    <Ementa />
    <Titulo />
    <SubTitulo />
    <Texto><![CDATA[<p class="identifica">PORTARIA Nº 600/GR/UNIR, DE 22 DE AGOSTO DE 2022</p><p>A REITORA DA FUNDAÇÃO UNIVERSIDADE FEDERAL DE RONDÔNIA (UNIR), no uso das atribuições que lhe são conferidas mediante o artigo 7º da Lei nº 7.011, de 08 de julho de 1982; o artigo 11 do Estatuto da UNIR; o Decreto Presidencial publicado no DOU nº 221, de 19 de novembro de 2020, seção 2, p.1; e considerando o Processo nº 23118.005725/2022-96, resolve:</p><p>Art. 1º Dispensar, a pedido, o servidor docente LUCAS FEKSA RAMOS, SIAPE nº 2038775, da função de Vice-Chefe do Departamento Acadêmico de Engenharia Elétrica (DAEE) do Núcleo de Tecnologia, Campus José Ribeiro Filho, a contar da publicação desta Portaria no Diário Oficial da União.</p><p>Art. 2º Designar a servidora docente VIVIANE BARROZO DA SILVA, SIAPE nº 2648364, para a função de Vice-Chefe pro tempore do Departamento Acadêmico de Engenharia Elétrica (DAEE) do Núcleo de Tecnologia, Campus José Ribeiro Filho, Função Comissionada de Coordenação de Cursos (FCC), pelo período de 30 dias, a contar da publicação desta Portaria no Diário Oficial da União.</p><p>Art. 3º Esta portaria entrará em vigor a partir de sua publicação.</p><p class="assina">Marcele Regina Nogueira Pereira</p>]]></Texto>
  </body>
  <Midias />
</article></xml>