﻿<xml><article id="27732029" name="Portarias de 25 de agosto de 202" idOficio="9056638" pubName="DO2" artType="Portaria" pubDate="30/08/2022" artClass="00026:00002:00009:00026:00003:00000:00000:00000:00000:00000:00017:00000" artCategory="Ministério da Saúde/Secretaria Executiva/Departamento de Gestão Interfederativa e Participativa/Superintendência Estadual do Ministério da Saúde no Ceará/Serviço de Gestão Administrativa" artSize="12" artNotes="" numberPage="116" pdfPage="http://pesquisa.in.gov.br/imprensa/jsp/visualiza/index.jsp?data=30/08/2022&amp;jornal=529&amp;pagina=116" editionNumber="165" highlightType="" highlightPriority="" highlight="" highlightimage="" highlightimagename="" idMateria="19839167">
  <body>
    <Identifica><![CDATA[ PORTARIAS DE 24 DE AGOSTO DE 2022]]></Identifica>
    <Data><![CDATA[]]></Data>
    <Ementa />
    <Titulo />
    <SubTitulo />
    <Texto><![CDATA[<p class="identifica">PORTARIAS DE 24 DE AGOSTO DE 2022</p><p>O CHEFE DO SERVIÇO DE GESTÃO ADMINISTRATIVA DA SUPERINTENDÊNCIA ESTADUAL DO MINISTÉRIO DA SAÚDE NO CEARÁ, no uso de suas competências subdelegadas pela Portaria SE/SAA/MS nº. 1.804, de 01/10/2013, publicada no DOU nº. 192, de 03/10/2013 e tendo em vista o que consta dos processos abaixo citados, resolve:</p><p>Nº 290 - Art. 1º. Conceder Pensão por morte, nos termos do artigo 215, alínea d, inciso IV, do artigo 217 e no inciso III, do art. 222 da Lei 8.112/90, com redação dada pela Lei 13.135, de 17/06/2015, combinado com o artigo 23 da Emenda Constitucional nº 103, de 12/11/2019 para JOANA ANGÉLICA BOMFIM SANTANA como filha maior inválida da ex-servidora MARIA ALEIDA BONFIM SANTANA, matrícula SIAPE 540.050, Auxiliar de Enfermagem, Classe "S", padrão III, a partir da ocorrência do óbito em 01/03/2022 (Processo SEI nº 25016.001781/2022-25).</p><p>Nº 291 - Art. 1º. Conceder Pensão por morte, nos termos do artigo 215, no inciso I, do artigo 217 e no item 6, alínea b, inciso VII, do art. 222 da Lei 8.112/90, com redação dada pela Lei 13.135, de 17/06/2015, combinado com o artigo 23 da Emenda Constitucional nº 103, de 12/11/2019 para LUZIA LUZIMARY PONTE ARAÚJO como cônjuge do ex-servidor GERARDO ACÉLIO ARAÚJO, matrícula SIAPE 481.508, Guarda de Endemias, Classe "S", padrão III, a partir da ocorrência do óbito em 14/06/2022 (Processo SEI nº 25016.003341/2022-11).</p><p>Nº 292 - Art. 1º. Conceder Pensão por morte, nos termos do artigo 215, no inciso I, do artigo 217 e no item 6, alínea b, inciso VII, do art. 222 da Lei 8.112/90, com redação dada pela Lei 13.135, de 17/06/2015, combinado com o artigo 23 da Emenda Constitucional nº 103, de 12/11/2019 para JOANA LOURENÇO DA SILVA como cônjuge do ex-servidor FRANCISCO RUFINO DA SILVA, matrícula SIAPE 170301, Agente de Portaria, Classe "S", padrão III, a partir da ocorrência do óbito em 22/07/2022 (Processo SEI nº 25016.003855/2022-68).</p><p class="assina">JOSÉ ROBERTO SILVA MOREIRA</p><p></p>]]></Texto>
  </body>
  <Midias />
</article></xml>