﻿<xml><article id="27741532" name="PRT NA183 PENSAO" idOficio="9058696" pubName="DO2" artType="Portaria" pubDate="30/08/2022" artClass="00026:00002:00009:00033:00012:00000:00000:00000:00000:00000:00017:00000" artCategory="Ministério da Saúde/Secretaria Executiva/Departamento de Gestão Interfederativa e Participativa/Superintendência Estadual do Ministério da Saúde no Rio Grande do Norte/Serviço de Gestão Administrativa" artSize="12" artNotes="" numberPage="116" pdfPage="http://pesquisa.in.gov.br/imprensa/jsp/visualiza/index.jsp?data=30/08/2022&amp;jornal=529&amp;pagina=116" editionNumber="165" highlightType="" highlightPriority="" highlight="" highlightimage="" highlightimagename="" idMateria="19841784">
  <body>
    <Identifica><![CDATA[ PORTARIA Nº 183, DE 26 DE AGOSTO DE 2022]]></Identifica>
    <Data><![CDATA[]]></Data>
    <Ementa />
    <Titulo />
    <SubTitulo />
    <Texto><![CDATA[<p class="identifica">PORTARIA Nº 183, DE 26 DE AGOSTO DE 2022</p><p>A CHEFE DO SERVIÇO DE GESTÃO ADMINISTRATIVA DA SUPERINTENDÊNCIA ESTADUAL DO MINISTÉRIO DA SAÚDE NO RIO GRANDE DO NORTE, no uso de suas competências subdelegadas pela Portaria nº 1.804/SE/SAA/MS, de 01 de outubro de 2013, publicada no Diário Oficial da União nº192, de 03 de outubro de 2013, resolve:</p><p>Conceder pensão por morte a DENISE MARIA FERNANDES GURJAO, a partir de 17/05/2022, data do óbito do servidor GLEY NOGUEIRA FERNANDES GURJAO, Médico, matrícula SIAPE 0345584, Classe "S", Padrão III, com fundamento no art. 23 da Emenda Constitucional nº 103/2019, conforme os requisitos dos artigos 215, 217, inciso I e 222 da Lei nº. 8.112/90, com proventos calculados de acordo com arts. 23 e 24 da Emenda Constitucional nº 103/2019, combinado com o artigo 218 da Lei nº. 8.112/90. (Processo nº. 25017.002985/2022-73).</p><p class="assina">GLEICIANNY DE SOUSA FARIAS</p>]]></Texto>
  </body>
  <Midias />
</article></xml>