﻿<xml><article id="27732149" name="29-08-2022" idOficio="9056617" pubName="DO2" artType="Portaria" pubDate="30/08/2022" artClass="00018:00105:00001:00000:00000:00000:00000:00000:00000:00000:00017:00002" artCategory="Ministério da Educação/Universidade Federal da Paraíba/Reitoria" artSize="12" artNotes="1297" numberPage="75" pdfPage="http://pesquisa.in.gov.br/imprensa/jsp/visualiza/index.jsp?data=30/08/2022&amp;jornal=529&amp;pagina=75" editionNumber="165" highlightType="" highlightPriority="" highlight="" highlightimage="" highlightimagename="" idMateria="19839146">
  <body>
    <Identifica><![CDATA[ PORTARIAS PROGEP/SCRF DE 22 DE AGOSTO DE 2022]]></Identifica>
    <Data><![CDATA[]]></Data>
    <Ementa />
    <Titulo />
    <SubTitulo />
    <Texto><![CDATA[<p class="identifica">PORTARIAS PROGEP/SCRF DE 22 DE AGOSTO DE 2022</p><p>O REITOR DA UNIVERSIDADE FEDERAL DA PARAÍBA, resolve:</p><p>Nº 1.297 - I - Conceder a PEROLA TEIXEIRA DE LIMA BEZERRA, matrícula SIAPE n° 2089024, ODONTÓLOGO, do quadro permanente de pessoal desta Universidade, com lotação no CENTRO DE REFERÊNCIA E ATENÇÃO À SAÚDE, a mudança de regime de trabalho de T-40, para T-30, sem redução proporcional dos vencimentos.</p><p>II - Esta Portaria entra em vigor na data da sua publicação. (Processo nº 23074.068607/2022-84 e PARECER DE FORÇA EXECUTÓRIA n. 00975/2022/GEAC/JC 1G/ER-ADM-PRF5/PGF/AGU).</p><p>O REITOR DA UNIVERSIDADE FEDERAL DA PARAÍBA, considerando o disposto no art. 93 da Lei nº 8.112, de 11 de dezembro de 1990, regulamentado pelo Decreto nº 10.835, de 14 de outubro de 2021, e demais informações que constam do processo nº 23074.033773/2022-90, resolve:</p><p>Nº 1.300 - Art. 1º Efetivar a requisição do servidor WENDELL CARLOS GUEDES DE SOUZA, matrícula SIAPE 2074717, pertencente ao Quadro de Pessoal desta Universidade, para exercício junto ao Juízo da 55ª Zona Eleitoral (Rio Tinto/PB), do Tribunal Regional Eleitoral da Paraíba.</p><p>Art. 2º O ônus pela remuneração ou salário é do órgão requisitado.</p><p>Art. 3º Torna-se sem efeito o disposto nesta Portaria caso o servidor não se apresente ao órgão requisitante no prazo de trinta dias.</p><p>Art. 4º Esta Portaria entra em vigor na data da sua publicação.</p><p class="assina">VALDINEY VELOSO GOUVEIA</p><p class="identifica">PORTARIA PROGEP/SCRF 1.318, DE 26 DE AGOSTO DE 2022</p><p>O REITOR DA UNIVERSIDADE FEDERAL DA PARAÍBA, resolve:</p><p>I - Conceder a ENEAS PEREIRA DA SILVA JUNIOR, matrícula SIAPE n° 1042767, ODONTÓLOGO, do quadro permanente de pessoal desta Universidade, com lotação na DIREÇÃO DO CENTRO DE CIÊNCIAS AGRÁRIAS, a mudança de regime de trabalho de T-40, para T-30, sem redução proporcional dos vencimentos.</p><p>II - Esta Portaria entra em vigor na data da sua publicação. (Processo nº 23074.123366/2021-68 e PARECER n. 00044/2021/GEAC/JC 1G/ER-ADM-PRF5/PGF/AGU).</p><p class="assina">VALDINEY VELOSO GOUVEIA</p>]]></Texto>
  </body>
  <Midias />
</article></xml>