﻿<xml><article id="27734134" name="2022-08-29/9057082/TCUWS_1983966" idOficio="9057082" pubName="DO2" artType="Portaria" pubDate="30/08/2022" artClass="00044:00011:00002:00001:00000:00000:00000:00000:00000:00000:00017:00182" artCategory="Tribunal de Contas da União/Secretaria-Geral de Administração/Secretaria de Gestão de Pessoas/Diretoria de Legislação de Pessoal" artSize="12" artNotes="" numberPage="134" pdfPage="http://pesquisa.in.gov.br/imprensa/jsp/visualiza/index.jsp?data=30/08/2022&amp;jornal=529&amp;pagina=134" editionNumber="165" highlightType="" highlightPriority="" highlight="" highlightimage="" highlightimagename="" idMateria="19839660">
  <body>
    <Identifica><![CDATA[ PORTARIA-DILPE Nº 182, DE 26 DE AGOSTO DE 2022]]></Identifica>
    <Data><![CDATA[]]></Data>
    <Ementa />
    <Titulo />
    <SubTitulo />
    <Texto><![CDATA[<p class="identifica">PORTARIA-DILPE Nº 182, DE 26 DE AGOSTO DE 2022</p><p>A DIRETORA DE LEGISLAÇÃO DE PESSOAL DO TRIBUNAL DE CONTAS DA UNIÃO , no uso da atribuição que lhe confere o disposto no inciso IV do Art. 2º da Portaria n° 151, de 29 de julho de 2022, da Secretaria de Gestão de Pessoas deste Tribunal, e, tendo em vista o que consta da Portaria-TCU nº 323, de 1º de outubro de 2019, resolve:</p><p>Art. 1º Designar MARIA CAMILA DE ÁVILA DOURADO, matrícula 8616-9, AUFC, para exercer a função de confiança de Especialista Sênior I, código FC-3, no período compreendido entre a data de publicação desta Portaria e 31 de dezembro de 2022.</p><p>Parágrafo único. Será realizado o trabalho "Preparação para o exercício do mandato do TCU no Conselho de Auditores da Organização das Nações Unidas (ONU) - UN Board of Auditors", código 711, patrocinado pelo(a) Coeconomia e autorizado pelo(a) Segecex em 26/8/2022.</p><p>Art. 2º Esta Portaria entra em vigor na data de sua publicação.</p><p class="assina">CRÍSCIE LIZITA LÔBO SILVEIRA</p>]]></Texto>
  </body>
  <Midias />
</article></xml>