﻿<xml><article id="27733342" name="PORTARIA N 2.333 SINC 19839368" idOficio="9056817" pubName="DO2" artType="Portaria" pubDate="30/08/2022" artClass="00026:00001:00000:00000:00000:00000:00000:00000:00000:00000:00017:00001" artCategory="Ministério da Saúde/Gabinete do Ministro" artSize="12" artNotes="" numberPage="113" pdfPage="http://pesquisa.in.gov.br/imprensa/jsp/visualiza/index.jsp?data=30/08/2022&amp;jornal=529&amp;pagina=113" editionNumber="165" highlightType="" highlightPriority="" highlight="" highlightimage="" highlightimagename="" idMateria="19839368">
  <body>
    <Identifica><![CDATA[ PORTARIA GM/MS Nº 2.333, DE 5 DE AGOSTO DE 2022]]></Identifica>
    <Data><![CDATA[]]></Data>
    <Ementa />
    <Titulo />
    <SubTitulo />
    <Texto><![CDATA[<p class="identifica">PORTARIA GM/MS Nº 2.333, DE 5 DE AGOSTO DE 2022</p><p>O MINISTRO DE ESTADO DA SAÚDE, no uso da competência que lhe foi delegada pelo art. 6º do Decreto nº 9.794, de 14 de maio de 2019 e pela Portaria da Casa Civil da Presidência da República nº 455, de 22 de setembro de 2020, resolve:</p><p>Designar TIAGO BAHIA FONTANA, matrícula SIAPE 2248554, para exercer a Função Comissionada Executiva de Coordenador-Geral de Inovação Tecnológica na Saúde, FCE-1.13, do Departamento do Complexo Industrial e Inovação em Saúde, da Secretaria de Ciência, Tecnologia, Inovação e Insumos Estratégicos em Saúde.</p><p class="assina">MARCELO ANTÔNIO CARTAXO QUEIROGA LOPES</p>]]></Texto>
  </body>
  <Midias />
</article></xml>