﻿<xml><article id="27738698" name="553_2022" idOficio="9058117" pubName="DO2" artType="Portaria" pubDate="30/08/2022" artClass="00018:00039:00001:00000:00000:00000:00000:00000:00000:00000:00017:00000" artCategory="Ministério da Educação/Centro Federal de Educação Tecnológica de Minas Gerais/Gabinete" artSize="12" artNotes="" numberPage="49" pdfPage="http://pesquisa.in.gov.br/imprensa/jsp/visualiza/index.jsp?data=30/08/2022&amp;jornal=529&amp;pagina=49" editionNumber="165" highlightType="" highlightPriority="" highlight="" highlightimage="" highlightimagename="" idMateria="19841029">
  <body>
    <Identifica><![CDATA[ PORTARIA DIR nº 553, DE 24 DE AGOSTO DE 2022]]></Identifica>
    <Data><![CDATA[]]></Data>
    <Ementa />
    <Titulo />
    <SubTitulo />
    <Texto><![CDATA[<p class="identifica">PORTARIA DIR nº 553, DE 24 DE AGOSTO DE 2022</p><p>A DIRETORA-GERAL EM EXERCÍCIO DO CENTRO FEDERAL DE EDUCAÇÃO TECNOLÓGICA DE MINAS GERAIS, autarquia de regime especial vinculada ao Ministério da Educação, no uso de suas atribuições legais, considerando o disposto na Portaria nº 404, de 23 de abril de 2009, do Ministério da Educação, resolve:</p><p>Art. 1º Autorizar o afastamento do país da servidora Ana Elisa Ferreira Ribeiro, SIAPE nº 1420604, no período de 04/10/2022 a 19/10/2022, trânsito incluso, para apresentação de trabalhos científicos derivados de pesquisa com fomento da FAPEMIG, nas cidades de Córdoba e Buenos Aires, Argentina, com ônus limitado para o CEFET-MG (Processo nº 23062.040996/2022-81).</p><p>Art. 2º Esta portaria entra em vigor na data de sua publicação.</p><p class="assina">Maria Celeste Monteiro de Souza Costa</p>]]></Texto>
  </body>
  <Midias />
</article></xml>