﻿<xml><article id="27742228" name="ATO 360-2022 B. Esp." idOficio="9058803" pubName="DO2" artType="Ato" pubDate="30/08/2022" artClass="00047:00044:00001:00000:00000:00000:00000:00000:00000:00000:00001:00001" artCategory="Poder Judiciário/Tribunal Regional do Trabalho da 5ª Região/Presidência" artSize="12" artNotes="" numberPage="144" pdfPage="http://pesquisa.in.gov.br/imprensa/jsp/visualiza/index.jsp?data=30/08/2022&amp;jornal=529&amp;pagina=144" editionNumber="165" highlightType="" highlightPriority="" highlight="" highlightimage="" highlightimagename="" idMateria="19841960">
  <body>
    <Identifica><![CDATA[ ATO nº 360, DE 25 DE AGOSTO DE 2022]]></Identifica>
    <Data><![CDATA[]]></Data>
    <Ementa />
    <Titulo />
    <SubTitulo />
    <Texto><![CDATA[<p class="identifica">ATO nº 360, DE 25 DE AGOSTO DE 2022</p><p>A PRESIDENTE DO TRIBUNAL REGIONAL DO TRABALHO DA QUINTA REGIÃO, no uso de suas atribuições legais e regimentais, estabelecidas no inciso XXI do art. 45 do Regimento Interno; CONSIDERANDO os arts. 5º, XXXIII e LX; e 37, § 3º, II da Constituição Federal de 1988; a Lei 12.527, de 18 de novembro de 2011, arts. 3º, 6º e 8º; a Res. CNJ nº 215, de 16 de dezembro de 2015; de acordo com o art. 3º, § 1º, da Res. Conjunta STF/MPU nº 03, de 22 de junho de 2018 e conforme o Proad nº. 3036/2018; resolve:</p><p>Declarar que, em 29/03/2019, a magistrada CLAUDIA UZEDA DOVAL (matrícula 5440-4), Juíza do Trabalho Substituta, exerceu a opção prevista no art. 40, § 16, da CF/88 e foi devidamente cientificada do valor do seu respectivo Benefício Especial, calculado no Proad nº 3605/2019, nos termos da Lei 12.618/2012, art. 3º, II, §§ 1º ao 8º.</p><p class="assina">DÉBORA MACHADO</p>]]></Texto>
  </body>
  <Midias />
</article></xml>