﻿<xml><article id="27741142" name="ME remove Silviane Brewer 29 08 " idOficio="9058634" pubName="DO2" artType="Portaria" pubDate="30/08/2022" artClass="00025:00001:00000:00000:00000:00000:00000:00000:00000:00000:00017:00000" artCategory="Ministério das Relações Exteriores/Gabinete do Ministro" artSize="12" artNotes="" numberPage="110" pdfPage="http://pesquisa.in.gov.br/imprensa/jsp/visualiza/index.jsp?data=30/08/2022&amp;jornal=529&amp;pagina=110" editionNumber="165" highlightType="" highlightPriority="" highlight="" highlightimage="" highlightimagename="" idMateria="19841690">
  <body>
    <Identifica><![CDATA[ PORTARIA DE 26 DE AGOSTO DE 2022]]></Identifica>
    <Data><![CDATA[]]></Data>
    <Ementa />
    <Titulo />
    <SubTitulo />
    <Texto><![CDATA[<p class="identifica">PORTARIA DE 26 DE AGOSTO DE 2022</p><p>O MINISTRO DAS RELAÇÕES EXTERIORES, de acordo com o disposto no art. 18, inciso II, do Decreto nº 93.325, de 1º de outubro de 1986, e nos termos da Lei nº 11.440, de 29 de dezembro de 2006, resolve:</p><p>Remover, ex officio, SILVIANE TUSI BREWER, conselheira da carreira de diplomata do Ministério das Relações Exteriores, do consulado-geral do Brasil em Ciudad del Este para a Secretaria de Estado.</p><p class="assina">CARLOS ALBERTO FRANCO FRANÇA</p>]]></Texto>
  </body>
  <Midias />
</article></xml>