﻿<xml><article id="27735572" name="EDITAL DE NOTIFICAAAO SGP" idOficio="9057450" pubName="DO2" artType="Edital de Notificação" pubDate="30/08/2022" artClass="00099:00020:00029:00010:00017:00000:00000:00000:00000:00000:00000:00007:00000" artCategory="Editais e Avisos/Ministério da Justiça e Segurança Pública" artSize="12" artNotes="" numberPage="148" pdfPage="http://pesquisa.in.gov.br/imprensa/jsp/visualiza/index.jsp?data=30/08/2022&amp;jornal=529&amp;pagina=148" editionNumber="165" highlightType="" highlightPriority="" highlight="" highlightimage="" highlightimagename="" idMateria="19840151">
  <body>
    <Identifica><![CDATA[ EDITAL DE NOTIFICAÇÃO]]></Identifica>
    <Data><![CDATA[]]></Data>
    <Ementa />
    <Titulo />
    <SubTitulo />
    <Texto><![CDATA[<p class="identifica">EDITAL DE NOTIFICAÇÃO</p><p>O SUPERINTENDENTE DA POLÍCIA RODOVIÁRIA FEDERAL NO ESTADO DO AMAZONAS, designado pela Portaria nº 884, do Secretário-Executivo do Ministério da Justiça e Segurança Pública, publicada no Diário Oficial da União nº 133, de 15 de julho de 2022, no uso das atribuições conferidas pelo art. 118 do Regimento Interno do Departamento de Polícia Rodoviária Federal, instituído pela Portaria nº 224, de 5 de dezembro de 2018, do Ministro de Estado da Segurança Pública, publicada no Diário Oficial da União de 6 de dezembro de 2018, no que consta no Processo Administrativo nº 08651.003805/2021-95, e em atendimento ao art. 8º da Orientação Normativa nº 5/2013 que dispõe sobre a normatização dos procedimentos de reposição ao erário de valores recebidos indevidamente, notifica a pensionista nestes autos MARIA OLENIR SÁ DE LIMA, Mat. SIAPE 6419976, com motivo de devolução do aviso de recebimento - DESCONHECIDO, para que, no prazo de 30 (trinta) dias a partir da data da publicação no Diário Oficial da União, seja efetuada a reposição ao erário mediante Guia de Recolhimento à União - GRU, nos termos do art. 46 da Lei nº 8112, de 11 de dezembro de 1990, de acordo com DECISÃO ADMINISTRATIVA Nº 10/2022/SGP-AM que trata da necessidade e da forma de reposição ao erário dos valores referentes a parcelas recebidas a maior a título de adicionais de insalubridade e de periculosidade no período de Janeiro de 1998 a Fevereiro de 2001, pelo ex-servidor RAIMUNDO JUDIVAL DE LIMA, Mat. SIAPE 162578, instituidor de pensão. A pedido da interessada ou transcorrido o prazo apresentado acima, o desconto será realizado de forma parcelada em folha de pagamento.</p><p class="assina">DIEGO DE FARIAS SILVA</p>]]></Texto>
  </body>
  <Midias />
</article></xml>