﻿<xml><article id="27737042" name="ATO PORTARIA DE PESSOAL CGBEN NA" idOficio="9057801" pubName="DO2" artType="Portaria" pubDate="30/08/2022" artClass="00015:00041:00034:00008:00003:00000:00000:00000:00000:00000:00017:00007" artCategory="Ministério da Economia/Secretaria Especial de Desburocratização, Gestão e Governo Digital/Secretaria de Gestão e Desempenho de Pessoal/Departamento de Centralização de Serviços de Inativos, Pensionistas e Órgãos Extintos/Coordenação-Geral de Benefícios" artSize="12" artNotes="" numberPage="41" pdfPage="http://pesquisa.in.gov.br/imprensa/jsp/visualiza/index.jsp?data=30/08/2022&amp;jornal=529&amp;pagina=41" editionNumber="165" highlightType="" highlightPriority="" highlight="" highlightimage="" highlightimagename="" idMateria="19840599">
  <body>
    <Identifica><![CDATA[ PORTARIA DE PESSOAL CGBEN/DECIPEX/SGP/SEDGG/ME Nº 9.754, DE 24 DE AGOSTO DE 2022]]></Identifica>
    <Data><![CDATA[]]></Data>
    <Ementa />
    <Titulo />
    <SubTitulo />
    <Texto><![CDATA[<p class="identifica">PORTARIA DE PESSOAL CGBEN/DECIPEX/SGP/SEDGG/ME Nº 9.754, DE 24 DE AGOSTO DE 2022</p><p>O COORDENADOR-GERAL DE BENEFÍCIOS DO DEPARTAMENTO DE CENTRALIZAÇÃO DE SERVIÇOS DE INATIVOS, PENSIONISTAS E ÓRGÃOS EXTINTOS, DA SECRETARIA DE GESTÃO E DESEMPENHO DE PESSOAL, DA SECRETARIA ESPECIAL DE DESBUROCRATIZAÇÃO, GESTÃO E GOVERNO DIGITAL, DO MINISTÉRIO DA ECONOMIA, no uso da competência atribuída pela Portaria nº 13.530, de 27 de dezembro de 2018, publicada no DOU de 28 de dezembro de 2018, em cumprimento à decisão judicial proferida pelo Juízo da 1° Juizado Especial Federal do Rio de Janeiro, nos autos do Processo nº 0033976-77.2017.4.02.5151, e considerando o disposto no Processo Sei nº 00745.012965/2021-74, resolve:</p><p>Art. 1° Conceder pensão à senhora LUCINEIA RODRIGUES DOS REIS, na condição de filha maior solteira do ex-servidor CHRISTOVAO VALDIVIO DOS REIS, matrícula SIAPE n° 1061658, aposentado no cargo de Agente de Vigilância, oriundo do Ministério da Infraestrutura, falecido em 02 de outubro de 1962, com vigência a contar de 13 de junho de 2019, data do requerimento administrativo, estipulada no PARECER DE FORÇA EXECUTÓRIA n. 00338/2021/COREJEFNE/PRU2R/PGU/AGU, de 17 de junho de 2021.</p><p>Art. 2º Esta Portaria entra em vigor na data de sua publicação.</p><p class="assina">PABLO MARCOS GOMES LEITE</p>]]></Texto>
  </body>
  <Midias />
</article></xml>