﻿<xml><article id="27735977" name="Designar FABIANO NOGUEIRA BRANDA" idOficio="9057543" pubName="DO2" artType="Portaria" pubDate="30/08/2022" artClass="00015:00041:00033:00000:00000:00000:00000:00000:00000:00000:00017:00006" artCategory="Ministério da Economia/Secretaria Especial de Desburocratização, Gestão e Governo Digital/Secretaria de Gestão" artSize="12" artNotes="" numberPage="35" pdfPage="http://pesquisa.in.gov.br/imprensa/jsp/visualiza/index.jsp?data=30/08/2022&amp;jornal=529&amp;pagina=35" editionNumber="165" highlightType="" highlightPriority="" highlight="" highlightimage="" highlightimagename="" idMateria="19840255">
  <body>
    <Identifica><![CDATA[ Portaria de Pessoal seges/ME Nº 9.816, DE 26 DE agosto DE 2022]]></Identifica>
    <Data><![CDATA[]]></Data>
    <Ementa />
    <Titulo />
    <SubTitulo />
    <Texto><![CDATA[<p class="identifica">Portaria de Pessoal seges/ME Nº 9.816, DE 26 DE agosto DE 2022</p><p>A SECRETÁRIA DE GESTÃO SUBSTITUTA DA SECRETARIA ESPECIAL DE DESBUROCRATIZAÇÃO, GESTÃO E GOVERNO DIGITAL DO MINISTÉRIO DA ECONOMIA, no uso de suas atribuições, e considerando a subdelegação de competência contida na Portaria SEDGG/ME nº 17.472, de 21 de julho de 2020, publicada no Diário Oficial da União de 23 de julho de 2020, bem como o disposto no processo SEI nº 19973.107042/2022-15, resolve:</p><p>Designar FABIANO NOGUEIRA BRANDÃO, matrícula SIAPE nº 1796503, para exercer o encargo de substituto eventual do cargo de Chefe de Projeto I, da Coordenação-Geral de Sistemas de Compras Governamentais ,do Departamento de Normas e Sistemas de Logística, da Secretaria de Gestão, da Secretaria Especial de Desburocratização, Gestão e Governo Digital deste Ministério, nos afastamentos, impedimentos legais ou regulamentares do titular e na vacância do cargo, código FCPE 103.1, revogando a Portaria nº 2.169, de 8 de março de 2022.</p><p class="assina">ELISE SUELI PEREIRA GONÇALVES</p>]]></Texto>
  </body>
  <Midias />
</article></xml>