﻿<xml><article id="27740258" name="PORTARIA NA 1143 DE 26 DE AGOSTO" idOficio="9058452" pubName="DO2" artType="Portaria" pubDate="30/08/2022" artClass="00019:00027:00000:00000:00000:00000:00000:00000:00000:00000:00017:01143" artCategory="Ministério da Infraestrutura/Secretaria Nacional de Portos e Transportes Aquaviários" artSize="12" artNotes="" numberPage="98" pdfPage="http://pesquisa.in.gov.br/imprensa/jsp/visualiza/index.jsp?data=30/08/2022&amp;jornal=529&amp;pagina=98" editionNumber="165" highlightType="" highlightPriority="" highlight="" highlightimage="" highlightimagename="" idMateria="19841454">
  <body>
    <Identifica><![CDATA[ PORTARIA Nº 1.143, DE 26 DE AGOSTO DE 2022]]></Identifica>
    <Data><![CDATA[]]></Data>
    <Ementa />
    <Titulo />
    <SubTitulo />
    <Texto><![CDATA[<p class="identifica">PORTARIA Nº 1.143, DE 26 DE AGOSTO DE 2022</p><p>O SECRETÁRIO NACIONAL DE PORTOS E TRANSPORTES AQUAVIÁRIOS DO MINISTÉRIO DA INFRAESTRUTURA, no uso da competência que lhe foi delegada pelo art. 6º, inciso V, da Portaria nº 46, de 11 de março de 2021, publicada no Diário Oficial da União - DOU nº 48, de 12 de março de 2021, Seção 1, Página 151, com base no que estabelece o art. 20 da Lei nº 12.815, de 5 de junho de 2013; na Lei nº 13.341, de 29 de setembro de 2016; nos artigos 36 e 37 do Decreto nº 8.033, de 27 de junho de 2013; bem como no art. 3º da Portaria SEP nº 244, de 26 de novembro de 2013, resolve:</p><p>Designar, pelo período de 2 (dois) anos, ao Conselho de Autoridade Portuária - CAP dos portos organizados de Belém e Vila do Conde, JOSÉ FERNANDO NOGUEIRA VIERA JUNIOR (titular 1), CPF nº 005.***.***-09; RODRIGO VILHENA RABELO (suplente 1), CPF nº 640.***.***-20; CLAUDIO ANDERSON TEIXEIRA BATISTA (titular 2), CPF nº 659.***.***-49; e DIEGO NAZARENO DE JESUS SANTOS FILGUEIRAS (suplente 2), CPF nº 914.***.***-49; representantes dos Trabalhadores Portuários, indicados pela Federação Nacional dos Portuários - FNP.</p><p class="assina">MÁRIO POVIA</p>]]></Texto>
  </body>
  <Midias />
</article></xml>