﻿<xml><article id="27734923" name="ATO PORTARIA DE PESSOAL CGBEN NA" idOficio="9057301" pubName="DO2" artType="Portaria" pubDate="30/08/2022" artClass="00015:00041:00034:00008:00003:00000:00000:00000:00000:00000:00017:00011" artCategory="Ministério da Economia/Secretaria Especial de Desburocratização, Gestão e Governo Digital/Secretaria de Gestão e Desempenho de Pessoal/Departamento de Centralização de Serviços de Inativos, Pensionistas e Órgãos Extintos/Coordenação-Geral de Benefícios" artSize="12" artNotes="" numberPage="41" pdfPage="http://pesquisa.in.gov.br/imprensa/jsp/visualiza/index.jsp?data=30/08/2022&amp;jornal=529&amp;pagina=41" editionNumber="165" highlightType="" highlightPriority="" highlight="" highlightimage="" highlightimagename="" idMateria="19839955">
  <body>
    <Identifica><![CDATA[ PORTARIA DE PESSOAL CGBEN/DECIPEX/SGP/SEDGG/ME Nº 9.774, DE 25 DE AGOSTO DE 2022]]></Identifica>
    <Data><![CDATA[]]></Data>
    <Ementa />
    <Titulo />
    <SubTitulo />
    <Texto><![CDATA[<p class="identifica">PORTARIA DE PESSOAL CGBEN/DECIPEX/SGP/SEDGG/ME Nº 9.774, DE 25 DE AGOSTO DE 2022</p><p>O COORDENADOR-GERAL DE BENEFÍCIOS DO DEPARTAMENTO DE CENTRALIZAÇÃO DE SERVIÇOS DE INATIVOS, PENSIONISTAS E ÓRGÃOS EXTINTOS, DA SECRETARIA DE GESTÃO E DESEMPENHO DE PESSOAL, DA SECRETARIA ESPECIAL DE DESBUROCRATIZAÇÃO, GESTÃO E GOVERNO DIGITAL, DO MINISTÉRIO DA ECONOMIA, no uso da competência atribuída pela Portaria DECIP/SGP/MPDG nº 13.530, de 27 de dezembro de 2018, publicada no DOU de 28 de dezembro de 2018, e tendo em vista o que consta no Processo nº 14021.104720/2022-23, resolve:</p><p>Art. 1° Conceder pensão a MARCIO FERREIRA VENTURINI, na qualidade de cônjuge da ex-servidora DORALICE MACHADO RAMOS VENTURINI, ocupante do cargo de Analista de Planejamento Orçamento, matrícula SIAPE nº 1219333, do quadro de pessoal deste Ministério da Economia, falecida em inatividade, em 06 de agosto de 2022, com fundamento no inciso I do art. 3º da Portaria SGP/SEDGG/ME Nº 4645, de 24 de maio de 2022, c/c o art. 217 da Lei nº 8.112, de 11 de dezembro de 1990, e art. 23 da Emenda Constitucional nº 103, de 12 de novembro de 2019.</p><p>Art. 2º Os efeitos desta Portaria entram em vigor em 06 de agosto de 2022.</p><p class="assina">PABLO MARCOS GOMES LEITE</p>]]></Texto>
  </body>
  <Midias />
</article></xml>