﻿<xml><article id="27739410" name="PORTARIA EMCFA-MD NA 4528" idOficio="9058263" pubName="DO2" artType="Portaria" pubDate="30/08/2022" artClass="00013:00034:00000:00000:00000:00000:00000:00000:00000:00000:00017:00004" artCategory="Ministério da Defesa/Estado-Maior Conjunto das Forças Armadas" artSize="12" artNotes="" numberPage="28" pdfPage="http://pesquisa.in.gov.br/imprensa/jsp/visualiza/index.jsp?data=30/08/2022&amp;jornal=529&amp;pagina=28" editionNumber="165" highlightType="" highlightPriority="" highlight="" highlightimage="" highlightimagename="" idMateria="19841232">
  <body>
    <Identifica><![CDATA[ PORTARIA EMCFA-MD  Nº 4.528, DE 24 DE AGOSTO DE 2022]]></Identifica>
    <Data><![CDATA[]]></Data>
    <Ementa />
    <Titulo />
    <SubTitulo />
    <Texto><![CDATA[<p class="identifica">PORTARIA EMCFA-MD Nº 4.528, DE 24 DE AGOSTO DE 2022</p><p>O CHEFE DO GABINETE DO ESTADO-MAIOR CONJUNTO DAS FORÇAS ARMADAS, no uso da competência subdelegada pelo inciso V do art. 1º da Portaria EMCFA-MD nº 4.283, de 10 de agosto de 2022, considerando a Portaria Normativa nº 98/GM-MD, de 20 de dezembro de 2018, o Decreto nº 10.998, de 15 de março de 2022, e o Processo Administrativo nº 60300.000099/2022-19, resolve:</p><p>Designar o Terceiro-Sargento (MB) JADIAEL JONATAS DA SILVA SANTOS para a função de Especialista, código Nível II, da Assessoria de Gestão Estratégica do Estado-Maior Conjunto das Forças Armadas.</p><p class="assina">Maj Brig Ar FLÁVIO LUIZ DE OLIVEIRA PINTO</p>]]></Texto>
  </body>
  <Midias />
</article></xml>