﻿<xml><article id="27741148" name="Ato 341-2022 - DOU" idOficio="9058633" pubName="DO2" artType="Ato Concessório" pubDate="30/08/2022" artClass="00047:00047:00001:00000:00000:00000:00000:00000:00000:00000:00002:00000" artCategory="Poder Judiciário/Tribunal Regional do Trabalho da 8ª Região/Gabinete da Presidência" artSize="12" artNotes="" numberPage="144" pdfPage="http://pesquisa.in.gov.br/imprensa/jsp/visualiza/index.jsp?data=30/08/2022&amp;jornal=529&amp;pagina=144" editionNumber="165" highlightType="" highlightPriority="" highlight="" highlightimage="" highlightimagename="" idMateria="19841689">
  <body>
    <Identifica><![CDATA[ ATO PRESI Nº 341, DE 23 DE AGOSTO DE 2022]]></Identifica>
    <Data><![CDATA[]]></Data>
    <Ementa />
    <Titulo />
    <SubTitulo />
    <Texto><![CDATA[<p class="identifica">ATO PRESI Nº 341, DE 23 DE AGOSTO DE 2022</p><p>A DESEMBARGADORA PRESIDENTE DO TRIBUNAL REGIONAL DO TRABALHO DA OITAVA REGIÃO, no uso de suas atribuições legais e regimentais, e</p><p>CONSIDERANDO o que consta nos autos do Processo Administrativo Eletrônico TRT8 nº 1996/2019, resolve:</p><p>Alterar o ATO PRESI Nº 188/2019, publicado no Diário Oficial da União de 01 de julho de 2019, para que a sua redação seja a seguinte: CONCEDER APOSENTADORIA à servidora MARIA TEREZA FREIRE BAPTISTA com fundamento no artigo 3º, da Emenda Constitucional nº 47/2005, no cargo de Analista Judiciário, Área Administrativa, Classe C, Padrão 13, do Quadro Permanente do Tribunal Regional do Trabalho da Oitava Região, com PROVENTOS INTEGRAIS correspondentes à remuneração da servidora no cargo efetivo, qual seja, a estabelecida nos artigos 12 e 13 da Lei nº 11.416/2006, com as alterações decorrentes da Lei nº 13.317/2016, acrescida do adicional por tempo de serviço de 8% (oito por cento) adquirido antes de 8 de março de 1999, anteriormente previsto nos artigos 61, inciso III, e 67 da Lei nº 8.112/1990, com a observância das alterações introduzidas pela Medida Provisória nº 2.225-45/2001; bem como da Vantagem Pessoal Nominalmente Identificada de 4/10 (quatro décimos) de Função Comissionada em nível de FC-5, incorporados até 26/11/1997, devidamente amparados pelo art. 62-A da Lei n.º 8.112/1990 e pelo art. 3º da Lei n.º 9.624/1998, mais 2/10 (dois décimos) de Função Comissionada em nível de FC-5, incorporados no período de 27/11/1997 a 05/09/2001, amparados por decisão judicial transitada em julgado (autos do processo número 2004.34.00.048565-0) e no que restou julgado no RE n.º 638.115/CE pelo STF; além do adicional de qualificação de 7,5% (sete e meio por cento) previsto nos artigos 14 e 15, VI, da Lei nº 11.416/2006.</p><p class="assina">GRAZIELA LEITE COLARES</p>]]></Texto>
  </body>
  <Midias />
</article></xml>