﻿<xml><article id="27740327" name="Port 276 a 278 - Prorrogar PTTC " idOficio="9058472" pubName="DO2" artType="Portaria" pubDate="30/08/2022" artClass="00013:00011:00014:00007:00000:00000:00000:00000:00000:00000:00017:00000" artCategory="Ministério da Defesa/Comando do Exército/Comando Militar do Sudeste/2ª Região Militar" artSize="12" artNotes="Matéria Sem Identificação" numberPage="23" pdfPage="http://pesquisa.in.gov.br/imprensa/jsp/visualiza/index.jsp?data=30/08/2022&amp;jornal=529&amp;pagina=23" editionNumber="165" highlightType="" highlightPriority="" highlight="" highlightimage="" highlightimagename="" idMateria="19841476">
  <body>
    <Identifica><![CDATA[PORTARIAS CMSE/C EX, DE 29 DE AGOSTO DE 2022]]></Identifica>
    <Data><![CDATA[]]></Data>
    <Ementa />
    <Titulo />
    <SubTitulo />
    <Texto><![CDATA[<p class="identifica">PORTARIAS CMSE/C EX, DE 29 DE AGOSTO DE 2022</p><p>O COMANDANTE MILITAR DO SUDESTE, no uso da competência que lhe foi conferida pela Portaria n° 218 - Comandante do Exército, de 20 de março de 2017, resolve:</p><p>Nº 276 - Exonerar, de ofício, o Cap Veterano (018544923-8) CLAUDINEY CASSEMIRO, Prec-CP 96 1819036, do Cmdo 2ª RM (SÃO PAULO-SP), a partir de 1° de setembro de 2022, de acordo com a alínea a), do inciso II, do Art. 22, da Portaria n° 063-DGP/C Ex, de 5 de abril de 2021, de PTTC. NOMEAR, o Cap Veterano (018544923-8) CLAUDINEY CASSEMIRO, Prec-CP 96 1819036, no Cmdo 2ª RM (SÃO PAULO-SP), para PTTC, para exercer a tarefa de Coordenação dos Processos de Pensionistas da SVP/2ª RM, pelo prazo de 24 (vinte e quatro) meses, a partir de 1° de setembro de 2022.</p><p>Nº 277 - Exonerar, de ofício, o Cap Veterano (025304533-0) JANDER EULALIO DA SILVA, Prec-CP: 96 1869759, do Cmdo 2ª RM (SÃO PAULO-SP), a partir de 1° de setembro de 2022, de acordo com a alínea a), do inciso II, do Art. 22, da Portaria n° 063-DGP/C Ex, de 5 de abril de 2021, de PTTC. NOMEAR, o Cap Veterano (025304533-0) JANDER EULALIO DA SILVA, Prec-CP: 96 1869759, no Cmdo 2ª RM (SÃO PAULO-SP), para PTTC, para exercer a tarefa de Coordenação dos Processos de Pensionistas da SVP/2ª RM, pelo prazo de 24 (vinte e quatro) meses, a partir de 1° de setembro de 2022.</p><p>Nº 278 - Exonerar, de ofício, o Cap Veterano (023147333-1) CARLOS ALBERTO HENRIQUE, Prec-CP: 96 1908243, do Cmdo 2ª RM (SÃO PAULO-SP), a partir de 1° de outubro de 2022, de acordo com a alínea a), do inciso II, do Art. 22, da Portaria n° 063-DGP/C Ex, de 5 de abril de 2021, de PTTC. NOMEAR, o Cap Veterano (023147333-1) CARLOS ALBERTO HENRIQUE, Prec-CP: 96 1908243, no Cmdo 2ª RM (SÃO PAULO-SP), para PTTC, para exercer a tarefa de Apoio Técnico à Comissão de Seleção Permanente das Forças Armadas do Comando da 2ª Região Militar, pelo prazo de 24 (vinte e quatro) meses, a partir de 1° de outubro de 2022.</p><p class="assina">Gen Ex TOMÁS MIGUEL MINÉ RIBEIRO PAIVA</p>]]></Texto>
  </body>
  <Midias />
</article></xml>