﻿<xml><article id="27733501" name="Portaria_de_Pessoal_2260436" idOficio="9056941" pubName="DO2" artType="Portaria" pubDate="30/08/2022" artClass="00018:00111:00017:00000:00000:00000:00000:00000:00000:00000:00017:00010" artCategory="Ministério da Educação/Universidade Federal do Rio de Janeiro/Pró-Reitoria de Pessoal" artSize="12" artNotes="7866" numberPage="81" pdfPage="http://pesquisa.in.gov.br/imprensa/jsp/visualiza/index.jsp?data=30/08/2022&amp;jornal=529&amp;pagina=81" editionNumber="165" highlightType="" highlightPriority="" highlight="" highlightimage="" highlightimagename="" idMateria="19839434">
  <body>
    <Identifica><![CDATA[ PORTARIA Nº 7.866, DE 25 DE AGOSTO DE 2022]]></Identifica>
    <Data><![CDATA[]]></Data>
    <Ementa />
    <Titulo />
    <SubTitulo />
    <Texto><![CDATA[<p class="identifica">PORTARIA Nº 7.866, DE 25 DE AGOSTO DE 2022</p><p>O Pró-Reitor de Pessoal, no uso da competência delegada pela Reitora da Universidade Federal do Rio de Janeiro, através da Portaria nº 10.120 de 16 de dezembro de 2021, publicada no Diário Oficial da União de 17 de dezembro de 2021, resolve:</p><p>Declarar vago, a partir de 25- agosto-22, o cargo de Técnico de Laboratório/Área, ocupado pelo (a) servidor (a) SERGIO COSTA DE OLIVEIRA FILHO, matrícula SIAPE n° 3062529, do Quadro de Pessoal desta Universidade, decorrente de sua posse em cargo público inacumulável, conforme item VIII do artigo 33 da Lei nº 8112 de 11 de dezembro de 1990, conforme processo n.° 23079.237016/2022-81.</p><p class="assina">ALEXANDRE BRASIL CARVALHO DA FONSECA</p>]]></Texto>
  </body>
  <Midias />
</article></xml>