﻿<xml><article id="27733246" name="FNDE2_PORTARIA NA 471 DE 26 DE A" idOficio="9056826" pubName="DO2" artType="Portaria" pubDate="30/08/2022" artClass="00018:00042:00000:00000:00000:00000:00000:00000:00000:00000:00017:00471" artCategory="Ministério da Educação/Fundo Nacional de Desenvolvimento da Educação" artSize="12" artNotes="" numberPage="50" pdfPage="http://pesquisa.in.gov.br/imprensa/jsp/visualiza/index.jsp?data=30/08/2022&amp;jornal=529&amp;pagina=50" editionNumber="165" highlightType="" highlightPriority="" highlight="" highlightimage="" highlightimagename="" idMateria="19839377">
  <body>
    <Identifica><![CDATA[ PORTARIA Nº 471, DE 26 DE AGOSTO DE 2022]]></Identifica>
    <Data><![CDATA[]]></Data>
    <Ementa />
    <Titulo />
    <SubTitulo />
    <Texto><![CDATA[<p class="identifica">PORTARIA Nº 471, DE 26 DE AGOSTO DE 2022</p><p>O PRESIDENTE DO FUNDO NACIONAL DE DESENVOLVIMENTO DA EDUCAÇÃO, no uso de suas atribuições e tendo em vista o disposto no art. 2º, Inciso II, da Portaria n.º 205, de 6 de fevereiro de 2020, Portaria nº 99, de 10 de fevereiro de 2020, alterada pela Portaria nº 287, de 05 de maio de 2020 e no Decreto n.º 9.007, de 20 de março de 2017, resolve:</p><p>Designar ERIANE DE ARAÚJO DANTAS para exercer a Função Comissionada do Poder Executivo de Chefe da Divisão de Apoio Técnico aos Processos de Acompanhamento de Prestação de Contas, Código FCPE-101.2, da Coordenação-Geral de Prestação de Contas da Diretoria Financeira do Fundo Nacional de Desenvolvimento da Educação, ficando exonerada do cargo que atualmente ocupa.</p><p class="assina">MARCELO LOPES DA PONTE</p>]]></Texto>
  </body>
  <Midias />
</article></xml>