﻿<xml><article id="27737714" name="SGAD atribui gsiste Vicente Lour" idOficio="9057910" pubName="DO2" artType="Portaria" pubDate="30/08/2022" artClass="00025:00270:00020:00000:00000:00000:00000:00000:00000:00000:00017:00004" artCategory="Ministério das Relações Exteriores/Secretaria-Geral das Relações Exteriores/Secretaria de Gestão Administrativa" artSize="12" artNotes="" numberPage="113" pdfPage="http://pesquisa.in.gov.br/imprensa/jsp/visualiza/index.jsp?data=30/08/2022&amp;jornal=529&amp;pagina=113" editionNumber="165" highlightType="" highlightPriority="" highlight="" highlightimage="" highlightimagename="" idMateria="19840750">
  <body>
    <Identifica><![CDATA[ PORTARIA Nº 951, DE 24 DE AGOSTO DE 2022]]></Identifica>
    <Data><![CDATA[]]></Data>
    <Ementa />
    <Titulo />
    <SubTitulo />
    <Texto><![CDATA[<p class="identifica">PORTARIA Nº 951, DE 24 DE AGOSTO DE 2022</p><p>A SECRETÁRIA, SUBSTITUTA, DE GESTÃO ADMINISTRATIVA, de acordo com o art. 4º da Portaria nº 349, de 25 de junho de 2021, publicada no Diário Oficial da União nº 119, de 28 de junho de 2021, e considerando o disposto na Lei nº 11.356, de 19 de outubro de 2006, e no Decreto nº 9.774, de 30 de abril de 2019, resolve:</p><p>Atribuir a VICENTE LOURENÇO DE OLIVEIRA, agente de vigilância, classe E, padrão III, Siape nº 0457509, a Gratificação Temporária das Unidades dos Sistemas Estruturadores da Administração Pública Federal (GSISTE), do Sistema de Serviços Gerais (SISG), órgão setorial, nível intermediário.</p><p class="assina">FÁTIMA KEIKO ISHITANI</p>]]></Texto>
  </body>
  <Midias />
</article></xml>