﻿<xml><article id="27736223" name="RetificaAAo - Port 1157-2022" idOficio="9057603" pubName="DO2" artType="Retificação" pubDate="30/08/2022" artClass="00018:00051:00065:00000:00000:00000:00000:00000:00000:00000:00024:00000" artCategory="Ministério da Educação/Instituto Federal de Educação, Ciência e Tecnologia do Ceará/Reitoria" artSize="12" artNotes="" numberPage="53" pdfPage="http://pesquisa.in.gov.br/imprensa/jsp/visualiza/index.jsp?data=30/08/2022&amp;jornal=529&amp;pagina=53" editionNumber="165" highlightType="" highlightPriority="" highlight="" highlightimage="" highlightimagename="" idMateria="19840339">
  <body>
    <Identifica><![CDATA[ RETIFICAÇÃO]]></Identifica>
    <Data><![CDATA[]]></Data>
    <Ementa />
    <Titulo />
    <SubTitulo />
    <Texto><![CDATA[<p class="identifica">RETIFICAÇÃO</p><p>Na Portaria nº 1157/GABR, de 23/08/2022, publicada no DOU de 24/08/2022, Seção 2, Págs. 19, onde se lê: " Art.2º Designar GLÁUDIA VASCONCELOS CATUNDA, Professora de ensino Básico, Técnico e Tecnológico, Matrícula Siape nº 2128097, ..."; Leia-se: "Art. 2º Designar ANA GLÁUDIA VASCONCELOS CATUNDA, Professora de Ensino Básico, Técnico e Tecnológico, Matrícula Siape nº 2128097, ...".</p>]]></Texto>
  </body>
  <Midias />
</article></xml>