﻿<xml><article id="27742456" name="Port. 597 - EXONERAAAO - Andrei " idOficio="9058842" pubName="DO2" artType="Portaria" pubDate="30/08/2022" artClass="00018:00117:00012:00007:00000:00000:00000:00000:00000:00000:00017:00002" artCategory="Ministério da Educação/Universidade Federal de Santa Catarina/Pró-Reitoria de Desenvolvimento e Gestão de Pessoas/Departamento de Administração de Pessoal" artSize="12" artNotes="" numberPage="84" pdfPage="http://pesquisa.in.gov.br/imprensa/jsp/visualiza/index.jsp?data=30/08/2022&amp;jornal=529&amp;pagina=84" editionNumber="165" highlightType="" highlightPriority="" highlight="" highlightimage="" highlightimagename="" idMateria="19842012">
  <body>
    <Identifica><![CDATA[ PORTARIA Nº 597, DE 29 DE AGOSTO DE 2022]]></Identifica>
    <Data><![CDATA[]]></Data>
    <Ementa />
    <Titulo />
    <SubTitulo />
    <Texto><![CDATA[<p class="identifica">PORTARIA Nº 597, DE 29 DE AGOSTO DE 2022</p><p>A Diretora do Departamento de Administração de Pessoal da Universidade Federal de Santa Catarina, no uso de suas atribuições, resolve:</p><p>Exonerar, a pedido, ANDREI MAYER DE OLIVEIRA, matrícula SIAPE 1195738, código de vaga 744634, a partir de 29 de agosto de 2022, do cargo de PROFESSOR MAGISTÉRIO SUPERIOR, Classe C (Professor Adjunto), Nível 1, com Doutorado, em regime de trabalho de Dedicação Exclusiva, da carreira do magistério superior da Universidade Federal de Santa Catarina, em conformidade com o Art. 34 da Lei 8.112 de 11 de dezembro de 1990 (Processo nº 23080.050962/2022-86).</p><p class="assina">DAUANA BERNDT INÁCIO</p>]]></Texto>
  </body>
  <Midias />
</article></xml>