﻿<xml><article id="27738392" name="Domingos Ramos Coelho" idOficio="9058063" pubName="DO2" artType="Portaria" pubDate="30/08/2022" artClass="00026:00039:00043:00000:00000:00000:00000:00000:00000:00000:00017:00000" artCategory="Ministério da Saúde/Fundação Nacional de Saúde/Superintendência Estadual do Tocantins" artSize="12" artNotes="" numberPage="120" pdfPage="http://pesquisa.in.gov.br/imprensa/jsp/visualiza/index.jsp?data=30/08/2022&amp;jornal=529&amp;pagina=120" editionNumber="165" highlightType="" highlightPriority="" highlight="" highlightimage="" highlightimagename="" idMateria="19840951">
  <body>
    <Identifica><![CDATA[ PORTARIA Nº 4.387, DE 22 DE AGOSTO DE 2022]]></Identifica>
    <Data><![CDATA[]]></Data>
    <Ementa />
    <Titulo />
    <SubTitulo />
    <Texto><![CDATA[<p class="identifica">PORTARIA Nº 4.387, DE 22 DE AGOSTO DE 2022</p><p>A SUPERINTENDENTE ESTADUAL DA FUNDAÇÃO NACIONAL DE SAÚDE NO ESTADO DO TOCANTINS - SUBSTITUTA, nomeada pela Portaria nº 29 de 12.01.2021, publicada no DOU nº 9 de 14.01.2021, usando das atribuições que lhe confere o art. 13, do Estatuto aprovado pelo Decreto nº 8.867 de 03.10.2016, publicado no DOU de 04.10.2016 e tendo em vista o que consta do processo nº 25167.000231/2022-65, resolve:</p><p>Conceder Pensão Civil, à Sra. JUACY PEREIRA DE SOUSA, na qualidade de companheira do ex-servidor Domingos Ramos Coelho, matrícula Siape nº 0494536, aposentado no cargo de Agente de Saúde Pública, classe S, padrão III, com fundamento no art. 215 e o inciso III do art. 217, ambos da Lei nº 8.112/90, nova redação dada pelo art. 3º da Lei nº 13.135/2015 no valor correspondente à 60% (sessenta por cento) do provento do instituidor, calculados na forma do artigo 23 da Emenda Constitucional nº 103/2019, com vigência a partir de 20 de junho de 2022, data do óbito do servidor.</p><p class="assina">LÍGIA MARIA MESQUITA MARQUES MOTA</p>]]></Texto>
  </body>
  <Midias />
</article></xml>