﻿<xml><article id="27742294" name="DOU2-MT-1-PT-197-UNI-PR-MT-00033" idOficio="9058810" pubName="DO2" artType="Portaria" pubDate="30/08/2022" artClass="00043:00010:00033:00000:00000:00000:00000:00000:00000:00000:00017:00197" artCategory="Ministério Público da União/Ministério Público Federal/Procuradoria da República no Estado do Mato Grosso" artSize="12" artNotes="" numberPage="130" pdfPage="http://pesquisa.in.gov.br/imprensa/jsp/visualiza/index.jsp?data=30/08/2022&amp;jornal=529&amp;pagina=130" editionNumber="165" highlightType="" highlightPriority="" highlight="" highlightimage="" highlightimagename="" idMateria="19841967">
  <body>
    <Identifica><![CDATA[ Portaria nº 197, de 24 de agosto de 2022]]></Identifica>
    <Data><![CDATA[]]></Data>
    <Ementa />
    <Titulo />
    <SubTitulo />
    <Texto><![CDATA[<p class="identifica">Portaria nº 197, de 24 de agosto de 2022</p><p>O PROCURADOR-CHEFE DA PROCURADORIA DA REPÚBLICA EM MATO GROSSO, com lastro no inciso II do artigo 50 da Lei Complementar nº 75, de 20 de maio de 1993, por força do que dispõe a Portaria PGR/MPU nº 994, de 27/09/2019, publicada no DOU - Seção 2, de 30/09/2019, resolve:</p><p>Art. 1º. Dispensar o servidor Gilberto Mendes dos Santos, Técnico do MPU/Administração, matrícula nº 16982, da função de confiança de Assistente Nível II, FC-2, do Gabinete da Procuradora da República Vanessa Cristina Marconi Zago Ribeiro Scarmagnani, da Procuradoria da República em Mato Grosso.</p><p>Art. 2º. Exonerar o servidor Ronier Pinheiro Soares, Técnico do MPU/Administração, matrícula nº 5724, do cargo em comissão de Assessor Nível II, CC-2, do Gabinete da Procuradora da República Vanessa Cristina Marconi Zago Ribeiro Scarmagnani, da Procuradoria da República em Mato Grosso.</p><p>Art. 3º. Designar o servidor Ronier Pinheiro Soares, Técnico do MPU/Administração, matrícula nº 5724, para exercer a função de confiança de Assistente Nível II, FC-2, do Gabinete da Procuradora da República Vanessa Cristina Marconi Zago Ribeiro Scarmagnani, da Procuradoria da República em Mato Grosso.</p><p>Art. 4º. Nomear o servidor Gilberto Mendes dos Santos, Técnico do MPU/Administração, matrícula nº 16982, para ocupar o cargo em comissão de Assessor Nível II, CC-2, do Gabinete da Procuradora da República Vanessa Cristina Marconi Zago Ribeiro Scarmagnani, da Procuradoria da República em Mato Grosso.</p><p class="assina">GUSTAVO NOGAMI</p>]]></Texto>
  </body>
  <Midias />
</article></xml>