﻿<xml><article id="27733540" name="ATO PORTARIA DE PESSOAL SGP NA 9" idOficio="9056953" pubName="DO2" artType="Portaria" pubDate="30/08/2022" artClass="00015:00041:00034:00000:00000:00000:00000:00000:00000:00000:00017:00003" artCategory="Ministério da Economia/Secretaria Especial de Desburocratização, Gestão e Governo Digital/Secretaria de Gestão e Desempenho de Pessoal" artSize="12" artNotes="" numberPage="36" pdfPage="http://pesquisa.in.gov.br/imprensa/jsp/visualiza/index.jsp?data=30/08/2022&amp;jornal=529&amp;pagina=36" editionNumber="165" highlightType="" highlightPriority="" highlight="" highlightimage="" highlightimagename="" idMateria="19839452">
  <body>
    <Identifica><![CDATA[ PORTARIA SGP/SEDGG/ME Nº  9.585, DE 18 DE AGOSTO DE 2022]]></Identifica>
    <Data><![CDATA[]]></Data>
    <Ementa />
    <Titulo />
    <SubTitulo />
    <Texto><![CDATA[<p class="identifica">PORTARIA SGP/SEDGG/ME Nº 9.585, DE 18 DE AGOSTO DE 2022</p><p>O SECRETÁRIO DE GESTÃO E DESEMPENHO DE PESSOAL, DA SECRETARIA ESPECIAL DE DESBUROCRATIZAÇÃO, GESTÃO E GOVERNO DIGITAL DO MINISTÉRIO DA ECONOMIA, no uso da competência delegada pela Portaria SEDGG/ME n.º 12.571, de 22 de outubro de 2021, tendo em vista o disposto no § 7º do art. 93 da Lei n.º 8.112, de 11 de dezembro de 1990, no art. 30 do Decreto n.º 10.835, de 14 de outubro de 2021, na Portaria n.º 282, de 24 de julho de 2020, e considerando o que consta no processo n.º 19975.124239/2022-07, resolve:</p><p>Art. 1º Autorizar a alteração de exercício da servidora pública Fabiana Fernandes de Campos, matrícula SIAPE nº 1660447, ocupante do cargo efetivo de Administrador, do quadro de pessoal do Ministério da Saúde - MS para composição da força de trabalho da Agência Nacional de Saúde Suplementar - ANS, por tempo indeterminado.</p><p>Art. 2º O retorno da servidora à instituição de origem poderá ocorrer a qualquer tempo por decisão do Ministério da Economia - ME, observados os requisitos constantes do artigo 16 da Portaria n.º 282, de 24 de julho de 2020.</p><p>Art. 3º Cabe à ANS, assegurar-se que a servidora ora colocada à sua disposição, não exercerá atividades que não correspondam às suas atribuições na instituição de origem, de forma a não ocorrer desvio de função.</p><p>Art. 4º Esta Portaria entra em vigor na data de sua publicação.</p><p class="assina">EDUARDO BERGAMASCHI FELIZOLA</p>]]></Texto>
  </body>
  <Midias />
</article></xml>