﻿<xml><article id="27732203" name="Portaria_IFG_2022_2208" idOficio="9056536" pubName="DO2" artType="Portaria" pubDate="30/08/2022" artClass="00018:00056:00001:00000:00000:00000:00000:00000:00000:00000:00017:00003" artCategory="Ministério da Educação/Instituto Federal de Educação, Ciência e Tecnologia de Goiás/Chefia de Gabinete da Reitoria" artSize="12" artNotes="" numberPage="54" pdfPage="http://pesquisa.in.gov.br/imprensa/jsp/visualiza/index.jsp?data=30/08/2022&amp;jornal=529&amp;pagina=54" editionNumber="165" highlightType="" highlightPriority="" highlight="" highlightimage="" highlightimagename="" idMateria="19839049">
  <body>
    <Identifica><![CDATA[ PORTARIA Nº 2.208 - REITORIA/IFG, DE 25 DE AGOSTO DE 2022]]></Identifica>
    <Data><![CDATA[]]></Data>
    <Ementa />
    <Titulo />
    <SubTitulo />
    <Texto><![CDATA[<p class="identifica">PORTARIA Nº 2.208 - REITORIA/IFG, DE 25 DE AGOSTO DE 2022</p><p>A Reitora do Instituto Federal de Educação, Ciência e Tecnologia de Goiás (IFG), nomeada por Decreto Presidencial de 5 de outubro de 2021, publicado no Diário Oficial da União de 6/10/2021, no uso de suas atribuições legais e regimentais, considerando o que consta no Processo nº 23377.000841/2022-68, resolve:</p><p>Art. 1º Declarar Vago, a pedido, o cargo de Técnico de Laboratório Área, Nível de Classificação/Capacitação/Padrão de Vencimento D303, Código de Vaga nº 0833592 do quadro de pessoal deste Instituto, anteriormente ocupado pela servidora NATALIA RODRIGUES JUNQUEIRA, SIAPE nº 3068749, em decorrência de posse em outro cargo inacumulável, de acordo com art. 33, inciso VIII, da Lei nº 8.112/90, a partir de 22 de agosto de 2022.</p><p class="assina">Oneida Cristina Gomes Barcelos Irigon</p>]]></Texto>
  </body>
  <Midias />
</article></xml>