﻿<xml><article id="27741715" name="Portaria de Pessoal Secint ME nA" idOficio="9058722" pubName="DO2" artType="Portaria" pubDate="30/08/2022" artClass="00015:00040:00000:00000:00000:00000:00000:00000:00000:00000:00013:00003" artCategory="Ministério da Economia/Secretaria Especial de Comércio Exterior e Assuntos Internacionais" artSize="12" artNotes="" numberPage="33" pdfPage="http://pesquisa.in.gov.br/imprensa/jsp/visualiza/index.jsp?data=30/08/2022&amp;jornal=529&amp;pagina=33" editionNumber="165" highlightType="" highlightPriority="" highlight="" highlightimage="" highlightimagename="" idMateria="19841817">
  <body>
    <Identifica><![CDATA[ PORTARIA DE PESSOAL SECINT/ME Nº 9.890, DE 26 DE AGOSTO DE 2022]]></Identifica>
    <Data><![CDATA[]]></Data>
    <Ementa />
    <Titulo />
    <SubTitulo />
    <Texto><![CDATA[<p class="identifica">PORTARIA DE PESSOAL SECINT/ME Nº 9.890, DE 26 DE AGOSTO DE 2022</p><p>A SECRETÁRIA ESPECIAL ADJUNTA DE COMÉRCIO EXTERIOR E ASSUNTOS INTERNACIONAIS, SUBSTITUTA, DO MINISTÉRIO DA ECONOMIA, no uso de suas atribuições, e considerando a subdelegação de competência contida na Portaria SECINT nº 213, de 21 de fevereiro de 2019, publicada no Diário Oficial da União de 28 de fevereiro de 2019, bem como o disposto no Processo nº 19972.101466/2022-86, resolve:</p><p>Art. 1º Designar os servidores LUIZ ANTÔNIO GOUVEIA DE OLIVEIRA, matrícula Siape nº 1861606, PEDRO VICENTE DA SILVA NETO, matrícula Siape nº 2138372, para, nesta ordem, sucessivamente, substituírem o Chefe de Divisão de Interesse Público da Coordenação-Geral de Interesse Público da Subsecretaria de Defesa Comercial e Interesse Público da Secretaria de Comércio Exterior desta Secretaria Especial, FCPE-101.2, em seus afastamentos e impedimentos legais ou regulamentares do titular do cargo.</p><p>Art. 2º Fica revogada a Portaria de Pessoal SECINT/ME nº 2.940, de 03 de novembro de 2022, publicada no D.O.U de 05 de novembro de 2022, Seção 2, página 11.</p><p class="assina">VIVIANE VECCHI MENDES MÜLLER</p>]]></Texto>
  </body>
  <Midias />
</article></xml>