﻿<xml><article id="27734998" name="P3RF262" idOficio="9057314" pubName="DO2" artType="Portaria" pubDate="30/08/2022" artClass="00015:00045:00432:00095:00000:00000:00000:00000:00000:00000:00017:00004" artCategory="Ministério da Economia/Secretaria Especial da Receita Federal do Brasil/Subsecretaria-Geral da Receita Federal do Brasil/Superintendência Regional da 3ª Região Fiscal" artSize="24" artNotes="" numberPage="44" pdfPage="http://pesquisa.in.gov.br/imprensa/jsp/visualiza/index.jsp?data=30/08/2022&amp;jornal=529&amp;pagina=44" editionNumber="165" highlightType="" highlightPriority="" highlight="" highlightimage="" highlightimagename="" idMateria="19839971">
  <body>
    <Identifica><![CDATA[ PORTARIA SRRF03 Nº 262, DE 25 DE AGOSTO DE 2022]]></Identifica>
    <Data><![CDATA[]]></Data>
    <Ementa />
    <Titulo />
    <SubTitulo />
    <Texto><![CDATA[<p class="identifica">PORTARIA SRRF03 Nº 262, DE 25 DE AGOSTO DE 2022</p><p>O SUPERINTENDENTE DA RECEITA FEDERAL DO BRASIL NA 3ª REGIÃO FISCAL, no uso de suas atribuições que lhe confere os artigos 359 e 364 do Regimento Interno da Secretaria Especial da Receita Federal do Brasil, aprovado pela Portaria ME nº 284, de 27 de julho de 2020, publicada no DOU de 27 de julho de 2020, e tendo em vista o disposto no art. 28 da Portaria RFB nº 143, de 11 de fevereiro de 2022, publicada no DOU de 18 de fevereiro de 2022, resolve:</p><p>Art. 1º O Anexo Único da Portaria SRRF03 nº 229, de 31 de maio de 2022, publicada no Diário Oficial da União de 21 de junho de 2022, que trata da constituição e composição da Equipe Regional de Alfandegamento, fica substituído pelo Anexo Único desta Portaria.</p><p>Art. 2º Esta Portaria entra em vigor na data de sua publicação no Diário Oficial da União.</p><p class="assina">WILMAR TEIXEIRA DE SOUZA</p><p class="anexo">ANEXO ÚNICO</p><p /><p></p><table><tr /><tr><td rowspan="1" colspan="1"><p>Nome</p></td><td rowspan="1" colspan="1"><p>Cargo</p></td><td rowspan="1" colspan="1"><p>Matrícula Siapecad</p></td><td rowspan="1" colspan="1"><p>Unidade Lotação</p></td><td rowspan="1" colspan="1"><p>% Participação</p></td></tr><tr><td rowspan="1" colspan="1"><p>José de Jesus Ferreira (Supervisor)</p></td><td rowspan="1" colspan="1"><p>AFRFB</p></td><td rowspan="1" colspan="1"><p>00024419</p></td><td rowspan="1" colspan="1"><p>ALF/FOR</p></td><td rowspan="1" colspan="1"><p>75%</p></td></tr><tr><td rowspan="1" colspan="1"><p>Alexandre Magno Ferreira e Souza (Substituto)</p></td><td rowspan="1" colspan="1"><p>AFRFB</p></td><td rowspan="1" colspan="1"><p>00068903</p></td><td rowspan="1" colspan="1"><p>IRF/SLS</p></td><td rowspan="1" colspan="1"><p>25%</p></td></tr><tr><td rowspan="1" colspan="1"><p>José Luís de Rosalmeida</p></td><td rowspan="1" colspan="1"><p>AFRFB</p></td><td rowspan="1" colspan="1"><p>00014181</p></td><td rowspan="1" colspan="1"><p>ALF/FOR</p></td><td rowspan="1" colspan="1"><p>25%</p></td></tr><tr><td rowspan="1" colspan="1"><p>Silvestre Gomes da Silva Neto</p></td><td rowspan="1" colspan="1"><p>AFRFB</p></td><td rowspan="1" colspan="1"><p>00006471</p></td><td rowspan="1" colspan="1"><p>IRF/APM</p></td><td rowspan="1" colspan="1"><p>25%</p></td></tr><tr><td rowspan="1" colspan="1"><p>Clodonilson Oliveira Rocha</p></td><td rowspan="1" colspan="1"><p>AFRFB</p></td><td rowspan="1" colspan="1"><p>01227007</p></td><td rowspan="1" colspan="1"><p>IRF/SLS</p></td><td rowspan="1" colspan="1"><p>25%</p></td></tr><tr><td rowspan="1" colspan="1"><p>Marcelo Costa Vidal</p></td><td rowspan="1" colspan="1"><p>AFRFB</p></td><td rowspan="1" colspan="1"><p>01489531</p></td><td rowspan="1" colspan="1"><p>IRF/PCE</p></td><td rowspan="1" colspan="1"><p>25%</p></td></tr><tr><td rowspan="1" colspan="1"><p>Carlos Eduardo Ribeiro Leite</p></td><td rowspan="1" colspan="1"><p>AFRFB</p></td><td rowspan="1" colspan="1"><p>01303229</p></td><td rowspan="1" colspan="1"><p>DRF/TSA</p></td><td rowspan="1" colspan="1"><p>25%</p></td></tr></table>]]></Texto>
  </body>
  <Midias />
</article></xml>