﻿<xml><article id="27733597" name="Port_P_GM_170_Dis_JOAO ALOISIO" idOficio="9056964" pubName="DO2" artType="Portaria" pubDate="30/08/2022" artClass="00023:00001:00000:00000:00000:00000:00000:00000:00000:00000:00013:00004" artCategory="Ministério de Minas e Energia/Gabinete do Ministro" artSize="12" artNotes="" numberPage="108" pdfPage="http://pesquisa.in.gov.br/imprensa/jsp/visualiza/index.jsp?data=30/08/2022&amp;jornal=529&amp;pagina=108" editionNumber="165" highlightType="" highlightPriority="" highlight="" highlightimage="" highlightimagename="" idMateria="19839468">
  <body>
    <Identifica><![CDATA[ PORTARIA DE PESSOAL Nº 170/GM/MME, DE 25 DE AGOSTO DE 2022]]></Identifica>
    <Data><![CDATA[]]></Data>
    <Ementa />
    <Titulo />
    <SubTitulo />
    <Texto><![CDATA[<p class="identifica">PORTARIA DE PESSOAL Nº 170/GM/MME, DE 25 DE AGOSTO DE 2022</p><p>O MINISTRO DE ESTADO DE MINAS E ENERGIA, no uso das atribuições que lhe confere o art. 87, parágrafo único, inciso IV, da Constituição, e tendo em vista o disposto no art. 38 da Lei nº 8.112, de 11 de dezembro de 1990, resolve:</p><p>Dispensar JOÃO ALOÍSIO VIEIRA do encargo de substituto eventual do Coordenador-Geral de Monitoramento da Expansão da Transmissão, do Departamento de Monitoramento do Sistema Elétrico, da Secretaria de Energia Elétrica, código FCPE 101.4.</p><p class="assina">ADOLFO SACHSIDA</p>]]></Texto>
  </body>
  <Midias />
</article></xml>