﻿<xml><article id="27743770" name="7886" idOficio="9059048" pubName="DO2" artType="Portaria" pubDate="30/08/2022" artClass="00018:00111:00017:00000:00000:00000:00000:00000:00000:00000:00017:00011" artCategory="Ministério da Educação/Universidade Federal do Rio de Janeiro/Pró-Reitoria de Pessoal" artSize="12" artNotes="" numberPage="81" pdfPage="http://pesquisa.in.gov.br/imprensa/jsp/visualiza/index.jsp?data=30/08/2022&amp;jornal=529&amp;pagina=81" editionNumber="165" highlightType="" highlightPriority="" highlight="" highlightimage="" highlightimagename="" idMateria="19842328">
  <body>
    <Identifica><![CDATA[ PORTARIA Nº 7.886, DE 25 DE AGOSTO DE 2022]]></Identifica>
    <Data><![CDATA[]]></Data>
    <Ementa />
    <Titulo />
    <SubTitulo />
    <Texto><![CDATA[<p class="identifica">PORTARIA Nº 7.886, DE 25 DE AGOSTO DE 2022</p><p>O Pró-Reitor de Pessoal da Universidade Federal do Rio de Janeiro, no uso da competência delegada pela Portaria n.º 10.120, de 16 de dezembro de 2021, publicada no Diário Oficial da União n.º 237, de 17 de dezembro de 2021, e considerando o disposto no Processo n.º 23079.211383/2022-55, resolve:</p><p>Conceder aposentadoria voluntária ao servidor LUIZ DOS SANTOS LINS, matrícula SIAPE n.º 1194648, ocupante do cargo de Professor Associado, Nível 704 no regime de 40 horas semanais de trabalho com Dedicação Exclusiva do Quadro de Pessoal desta Universidade, com fundamento no art. 20, § 2º, inciso I, da EC 103/19, totalidade da remuneração no cargo, observado o disposto no § 8º, incisos I e II, do art. 4º, da referida Emenda.</p><p class="assina">Karla da Rocha Rodrigues Simas</p><p class="cargo">Substituta</p>]]></Texto>
  </body>
  <Midias />
</article></xml>