﻿<xml><article id="27732185" name="PORTARIA546-FATIMA MARIA CAMPINH" idOficio="7320312" pubName="DO2" artType="Portaria" pubDate="30/08/2022" artClass="00026:00002:00058:00008:00000:00000:00000:00000:00000:00000:00017:00000" artCategory="Ministério da Saúde/Secretaria Executiva/Departamento de Gestão Hospitalar no Estado do Rio de Janeiro/Hospital Federal de Bonsucesso" artSize="12" artNotes="" numberPage="118" pdfPage="http://pesquisa.in.gov.br/imprensa/jsp/visualiza/index.jsp?data=30/08/2022&amp;jornal=529&amp;pagina=118" editionNumber="165" highlightType="" highlightPriority="" highlight="" highlightimage="" highlightimagename="" idMateria="14788279">
  <body>
    <Identifica><![CDATA[ PORTARIA HFB Nº 546, DE 26 DE JULHO DE 2022.]]></Identifica>
    <Data><![CDATA[]]></Data>
    <Ementa />
    <Titulo />
    <SubTitulo />
    <Texto><![CDATA[<p class="identifica">PORTARIA HFB Nº 546, DE 26 DE JULHO DE 2022.</p><p>O Diretor Geral do Hospital Federal de Bonsucesso, no uso de suas atribuições conferidas pela Portaria nº 2.590, de 27/10/2021, DOU nº 204, de 28 de outubro de 2021 e Portaria nº 1.041, de 30 de outubro de 2009, publicada no DOU nº 209, de 03 de novembro de 2009, seção 2, página 31, resolve:</p><p>Conceder aposentadoria voluntária a FATIMA MARIA CAMPINHO PINHEIRO, matrícula SIAPE nº 1186400, ocupante do cargo de Médico, Nível Superior, Classe "S", Padrão "III", do quadro de servidores deste Ministério, lotado no Hospital Federal de Bonsucesso, com fundamento no artigo 20, §2º, inciso I da Emenda Constitucional nº 103/2019, com proventos integrais, incorporando-se 3% (três por cento) de anuênio e as demais vantagens do cargo a que faz jus. (Processo nº 33374.097575/2022-61)</p><p class="assina">CLAUDIO PENA GONÇALVES</p>]]></Texto>
  </body>
  <Midias />
</article></xml>