﻿<xml><article id="27739139" name="SGAD designa Fernando Antonio 25" idOficio="9058202" pubName="DO2" artType="Portaria" pubDate="30/08/2022" artClass="00025:00270:00020:00000:00000:00000:00000:00000:00000:00000:00017:00006" artCategory="Ministério das Relações Exteriores/Secretaria-Geral das Relações Exteriores/Secretaria de Gestão Administrativa" artSize="12" artNotes="" numberPage="113" pdfPage="http://pesquisa.in.gov.br/imprensa/jsp/visualiza/index.jsp?data=30/08/2022&amp;jornal=529&amp;pagina=113" editionNumber="165" highlightType="" highlightPriority="" highlight="" highlightimage="" highlightimagename="" idMateria="19841143">
  <body>
    <Identifica><![CDATA[ PORTARIA Nº 949,DE 24 DE AGOSTO DE 2022]]></Identifica>
    <Data><![CDATA[]]></Data>
    <Ementa />
    <Titulo />
    <SubTitulo />
    <Texto><![CDATA[<p class="identifica">PORTARIA Nº 949,DE 24 DE AGOSTO DE 2022</p><p>A SECRETÁRIA, SUBSTITUTA, DE GESTÃO ADMINISTRATIVA, de acordo com os arts. 4º da Portaria nº 386, de 14 de abril de 2022, e com o Decreto nº 10.829, de 5 de outubro de 2021, resolve:</p><p>Designar FERNANDO ANTÔNIO MEDEIROS DE CAMPOS RIBEIRO, oficial de chancelaria, classe E, padrão V, do quadro permanente do Ministério das Relações Exteriores, Siape nº 1053853, para exercer a função de assistente do Departamento de Administração, código FCE 2.07.</p><p class="assina">FÁTIMA KEIKO ISHITANI</p>]]></Texto>
  </body>
  <Midias />
</article></xml>