﻿<xml><article id="27742697" name="DOU2-PR-1-PT-349-UNI-PR-PR-00063" idOficio="9058875" pubName="DO2" artType="Portaria" pubDate="30/08/2022" artClass="00043:00010:00038:00000:00000:00000:00000:00000:00000:00000:00017:00349" artCategory="Ministério Público da União/Ministério Público Federal/Procuradoria da República no Estado do Paraná" artSize="12" artNotes="" numberPage="130" pdfPage="http://pesquisa.in.gov.br/imprensa/jsp/visualiza/index.jsp?data=30/08/2022&amp;jornal=529&amp;pagina=130" editionNumber="165" highlightType="" highlightPriority="" highlight="" highlightimage="" highlightimagename="" idMateria="19842054">
  <body>
    <Identifica><![CDATA[ PORTARIA Nº 349, DE 19 de agosto de 2022]]></Identifica>
    <Data><![CDATA[]]></Data>
    <Ementa />
    <Titulo />
    <SubTitulo />
    <Texto><![CDATA[<p class="identifica">PORTARIA Nº 349, DE 19 de agosto de 2022</p><p>O PROCURADOR-CHEFE DA PROCURADORIA DA REPÚBLICA NO ESTADO DO PARANÁ, no uso das atribuições conferidas pelo art. 33 e incisos do Regimento Interno do Ministério Público Federal (aprovado pela Portaria SG/MPF Nº 382, de 05 de maio de 2015), resolve:</p><p>1-Exonerar THAIS DE CAMPOS LEITE, matrícula nº 23832-5, Analista do MPU/Direito, da função de Assessor Nível II, CC-2, do Gabinete da Procuradora da República Renita Cunha Kravetz, da Procuradoria da República no Estado do Paraná.</p><p>2-Nomear REGEANE SCHMITT, matrícula nº 10027-7, Técnico do MPU/Administração, para exercer a função de Assessor Nível II, CC-2, do Gabinete da Procuradora da República Renita Cunha Kravetz, da Procuradoria da República no Estado do Paraná.</p><p class="assina">DANIEL HOLZMANN COIMBRA</p>]]></Texto>
  </body>
  <Midias />
</article></xml>