﻿<xml><article id="27731885" name="2022.08.30 - Secao 2_Portaria 23" idOficio="9056751" pubName="DO2" artType="Portaria" pubDate="30/08/2022" artClass="00018:00074:00001:00000:00000:00000:00000:00000:00000:00000:00017:00000" artCategory="Ministério da Educação/Instituto Federal de Educação, Ciência e Tecnologia de Sergipe/Reitoria" artSize="12" artNotes="" numberPage="62" pdfPage="http://pesquisa.in.gov.br/imprensa/jsp/visualiza/index.jsp?data=30/08/2022&amp;jornal=529&amp;pagina=62" editionNumber="165" highlightType="" highlightPriority="" highlight="" highlightimage="" highlightimagename="" idMateria="19839289">
  <body>
    <Identifica><![CDATA[ PORTARIA Nº 2.357, DE 26 DE AGOSTO DE 2022]]></Identifica>
    <Data><![CDATA[]]></Data>
    <Ementa />
    <Titulo />
    <SubTitulo />
    <Texto><![CDATA[<p class="identifica">PORTARIA Nº 2.357, DE 26 DE AGOSTO DE 2022</p><p>A REITORA DO INSTITUTO FEDERAL DE SERGIPE, nomeada pelo Decreto de 03/10/2018, publicado no DOU de 04 subsequente, no uso das atribuições que lhe confere a Lei nº 11.892/2008, resolve:</p><p>Art. 1º Conceder aposentadoria voluntária ao servidor Emmanuel da Silva Nascimento, ocupante do cargo de Professor de Ensino Básico, Técnico e Tecnológico, do quadro de pessoal permanente desta Instituição Federal de Ensino, Classe/Nível D 404, matrícula SIAPE 279256, com base nas regras do art. 6º, incisos I, II, III e IV da Emenda Constitucional nº 41/2003 e do § 5º do art. 40 da Constituição Federal, com redação dada pela Emenda Constitucional nº 41/2003, combinado com o art. 3º da Emenda Constitucional 103/2019, e considerando o processo nº 23290.001604/2022-74.</p><p>Art. 2º Declarar vago o cargo supramencionado.</p><p>Art. 3º Esta Portaria entra em vigor a partir da data de sua publicação no DOU.</p><p class="assina">RUTH SALES GAMA DE ANDRADE</p>]]></Texto>
  </body>
  <Midias />
</article></xml>