﻿<xml><article id="27737123" name="portaria_712_2022 GGPES DP" idOficio="9057816" pubName="DO2" artType="Portaria" pubDate="30/08/2022" artClass="00026:00034:00000:00000:00000:00000:00000:00000:00000:00000:00017:00003" artCategory="Ministério da Saúde/Agência Nacional de Vigilância Sanitária" artSize="12" artNotes="" numberPage="119" pdfPage="http://pesquisa.in.gov.br/imprensa/jsp/visualiza/index.jsp?data=30/08/2022&amp;jornal=529&amp;pagina=119" editionNumber="165" highlightType="" highlightPriority="" highlight="" highlightimage="" highlightimagename="" idMateria="19840622">
  <body>
    <Identifica><![CDATA[ PORTARIA Nº 712, DE 25 DE AGOSTO DE 2022]]></Identifica>
    <Data><![CDATA[]]></Data>
    <Ementa />
    <Titulo />
    <SubTitulo />
    <Texto><![CDATA[<p class="identifica">PORTARIA Nº 712, DE 25 DE AGOSTO DE 2022</p><p>O Diretor-Presidente da Agência Nacional de Vigilância Sanitária, no uso das atribuições que lhe confere o art. 172, VI, aliado ao art. 203, III, § 3º do Regimento Interno aprovado pela Resolução de Diretoria Colegiada - RDC nº 585, de 10 de dezembro de 2021, resolve:</p><p>Exonerar, a pedido, a partir de 8/08/2022, o servidor RENATO ALENCAR PORTO, matrícula SIAPE nº 1489666, do cargo efetivo de Analista Administrativo, Classe S, Padrão II, código de vaga nº 784291, do quadro de pessoal efetivo da Agência Nacional de Vigilância Sanitária.</p><p class="assina">ANTONIO BARRA TORRES</p>]]></Texto>
  </body>
  <Midias />
</article></xml>