﻿<xml><article id="27741409" name="Port-1414-2022-DPMM" idOficio="9058673" pubName="DO2" artType="Portaria" pubDate="30/08/2022" artClass="00013:00012:00027:00008:00000:00000:00000:00000:00000:00000:00017:00004" artCategory="Ministério da Defesa/Comando da Marinha/Diretoria-Geral do Pessoal/Diretoria do Pessoal Militar" artSize="12" artNotes="" numberPage="26" pdfPage="http://pesquisa.in.gov.br/imprensa/jsp/visualiza/index.jsp?data=30/08/2022&amp;jornal=529&amp;pagina=26" editionNumber="165" highlightType="" highlightPriority="" highlight="" highlightimage="" highlightimagename="" idMateria="19841753">
  <body>
    <Identifica><![CDATA[ PORTARIA Nº 1.414/DPMM, DE 26 DE AGOSTO DE 2022]]></Identifica>
    <Data><![CDATA[]]></Data>
    <Ementa />
    <Titulo />
    <SubTitulo />
    <Texto><![CDATA[<p class="identifica">PORTARIA Nº 1.414/DPMM, DE 26 DE AGOSTO DE 2022</p><p>O DIRETOR DO PESSOAL MILITAR DA MARINHA, no uso da subdelegação de competência que lhe confere o contido na alínea c, do inciso V, do art. 1º, do anexo B, da Portaria nº 35/2022, da DGPM e nos termos do disposto no art. 86, da Lei nº 6.880/1980, resolve:</p><p>Art. 1º Reverter ao respectivo Corpo e Quadro, a partir de 17AGO2022, o CT (AA) 06.2893.39 ROGÉRIO SILVA DE OLIVEIRA, por ter solicitado cancelamento do pedido de Transferência para a Reserva Remunerada, constante na Portaria nº 183/2022, desta Diretoria.</p><p>Art. 2º Retroagir, para efeitos administrativos, conforme descrito no artigo anterior.</p><p>Art. 3º Esta Portaria entra em vigor na presente data.</p><p class="assina">V Alte HENRIQUE RENATO BAPTISTA DE SOUZA</p>]]></Texto>
  </body>
  <Midias />
</article></xml>