﻿<xml><article id="27734683" name="PublicaAAo de 30 de agosto de 20" idOficio="9057217" pubName="DO2" artType="Portaria" pubDate="30/08/2022" artClass="00018:00154:00001:00000:00000:00000:00000:00000:00000:00000:00013:00002" artCategory="Ministério da Educação/Universidade Federal de Uberlândia/Pró-Reitoria de Gestão de Pessoas" artSize="12" artNotes="4291" numberPage="95" pdfPage="http://pesquisa.in.gov.br/imprensa/jsp/visualiza/index.jsp?data=30/08/2022&amp;jornal=529&amp;pagina=95" editionNumber="165" highlightType="" highlightPriority="" highlight="" highlightimage="" highlightimagename="" idMateria="19839867">
  <body>
    <Identifica><![CDATA[ PORTARIAS DE PESSOAL UFU DE 26 DE AGOSTO DE 2022]]></Identifica>
    <Data><![CDATA[]]></Data>
    <Ementa />
    <Titulo />
    <SubTitulo />
    <Texto><![CDATA[<p class="identifica">PORTARIAS DE PESSOAL UFU DE 26 DE AGOSTO DE 2022</p><p>O REITOR DA UNIVERSIDADE FEDERAL DE UBERLÂNDIA, no uso de suas atribuições legais e regimentais, resolve:</p><p>Nº 4.291 - Art. 1º Dispensar Peterson José de Oliveira, SIAPE 2275467, da Função Comissionada de Coordenador Pro Tempore do Curso de Graduação em Letras: Português e Literaturas de Língua Portuguesa do Instituto de Letras e Linguística (FCC/FUC), a partir de 29 de agosto de 2022.</p><p>Art. 2º Revoga-se a Portaria de Pessoal UFU nº 3431/2021, publicada no Diário Oficial da União de 1º de setembro de 2021, Edição 166, Seção 2, página 50.</p><p>Nº 4.292 - Art. 1º Designar Maurício Viana de Araújo, SIAPE 1035226, para exercer a Função Comissionada de Coordenador do Curso de Graduação em Letras: Português e Literaturas de Língua Portuguesa do Instituto de Letras e Linguística (FCC/FUC), a partir de 29 de agosto de 2022, em substituição a Peterson José de Oliveira.</p><p>Art. 2º O mandato do Coordenador ora designado terá duração de 02 (dois) anos, com início em 29 de agosto de 2022 e término previsto para 28 de agosto de 2024.</p><p>Nº 4.294 - Art. 1º Designar Vanilto Alves de Freitas, SIAPE 1075884, para exercer a Função Comissionada de Coordenador do Curso de Graduação em Dança do Instituto de Artes (FCC/FUC), a partir de 29 de agosto de 2022.</p><p>Art. 2º O mandato do Coordenador ora designado terá duração de 02 (dois) anos, com início em 29 de agosto de 2022 e término previsto para 28 de agosto de 2024.</p><p>Art. 3º Revoga-se a Portaria de Pessoal UFU nº 428/2022, publicada no Diário Oficial da União de 01 de fevereiro de 2022, Edição 22, Seção 2, página 50.</p><p class="assina">VALDER STEFFEN JUNIOR</p>]]></Texto>
  </body>
  <Midias />
</article></xml>