﻿<xml><article id="27736088" name="Gabarito nomeaAAo.docx (1)" idOficio="9057566" pubName="DO2" artType="Portaria" pubDate="30/08/2022" artClass="00018:00135:00000:00000:00000:00000:00000:00000:00000:00000:00017:00002" artCategory="Ministério da Educação/Fundação Universidade Federal de Ciências da Saúde de Porto Alegre" artSize="12" artNotes="2007" numberPage="90" pdfPage="http://pesquisa.in.gov.br/imprensa/jsp/visualiza/index.jsp?data=30/08/2022&amp;jornal=529&amp;pagina=90" editionNumber="165" highlightType="" highlightPriority="" highlight="" highlightimage="" highlightimagename="" idMateria="19840286">
  <body>
    <Identifica><![CDATA[PORTARIA DAP PROGESP UFCSPA Nº 2.007, de 5 DE AGOSTO DE 2022]]></Identifica>
    <Data><![CDATA[]]></Data>
    <Ementa />
    <Titulo />
    <SubTitulo />
    <Texto><![CDATA[<p class="identifica">PORTARIA DAP PROGESP UFCSPA Nº 2.007, de 5 DE AGOSTO DE 2022</p><p>A Reitora da Fundação Universidade Federal de Ciências da Saúde de Porto Alegre, no uso de suas atribuições, conferidas pelo Decreto de 17/03/2021, publicado no DOU de 18/03/2021, resolve:</p><p>Dispensar, a partir de 05/08/2022, PRISCILLA DE SOUZA NOGUEIRA, matrícula SIAPE 3058459, da função gratificada de Coordenadora de Desenvolvimento de Pessoas (FG-2) desta Universidade. (Processo nº 23103.014374/2022-73).</p><p class="assina">LUCIA CAMPOS PELLANDA</p>]]></Texto>
  </body>
  <Midias />
</article></xml>