﻿<xml><article id="27734713" name="26.08.22 - Portaria Ibram 1486" idOficio="9057224" pubName="DO2" artType="Portaria" pubDate="30/08/2022" artClass="00028:00018:00000:00000:00000:00000:00000:00000:00000:00000:00017:00004" artCategory="Ministério do Turismo/Instituto Brasileiro de Museus" artSize="12" artNotes="" numberPage="123" pdfPage="http://pesquisa.in.gov.br/imprensa/jsp/visualiza/index.jsp?data=30/08/2022&amp;jornal=529&amp;pagina=123" editionNumber="165" highlightType="" highlightPriority="" highlight="" highlightimage="" highlightimagename="" idMateria="19839874">
  <body>
    <Identifica><![CDATA[ PORTARIA IBRAM Nº 1.486, DE 24 DE agosto DE 2022]]></Identifica>
    <Data><![CDATA[]]></Data>
    <Ementa />
    <Titulo />
    <SubTitulo />
    <Texto><![CDATA[<p class="identifica">PORTARIA IBRAM Nº 1.486, DE 24 DE agosto DE 2022</p><p>O PRESIDENTE DO INSTITUTO BRASILEIRO DE MUSEUS - IBRAM, no uso da atribuição que lhe confere o inciso IV, do art. 20, Anexo I, do Decreto nº 6.845, de 7 de maio de 2009, tendo em vista o disposto na Portaria Ibram nº 896, de 27 de dezembro de 2021, e o constante nos autos do Processo nº 01415.001297/2021-54, resolve:</p><p>Art. 1º Alterar o item I do anexo da Portaria Ibram nº 1.166, de 12 de abril de 2022, que designa os representantes, titulares e suplentes, respectivamente, da Coordenação-Geral de Sistemas de Informação Museal - CGSIM no Comitê de Pesquisa no âmbito do Instituto Brasileiro de Museus - Ibram, que passa a vigorar com a seguinte redação:</p><p>ANEXO</p><p /><p></p><table><tr /><tr><td rowspan="1" colspan="1"><p>UNIDADE</p></td><td rowspan="1" colspan="1"><p>REPRESENTANTE TITULAR</p></td><td rowspan="1" colspan="1"><p>REPRESENTANTE SUPLENTE</p></td></tr><tr><td rowspan="1" colspan="1"><p>I - Coordenação-Geral de Sistemas de Informação Museal - CGSIM</p></td><td rowspan="1" colspan="1"><p>Sandro dos Santos Gomes, matrícula SIAPE nº 1816390</p></td><td rowspan="1" colspan="1"><p>Rafaela Gomes Gueiros Rodrigues de Lima, matrícula SIAPE nº 1962172</p></td></tr></table><p>Art. 2º Esta Portaria entra em vigor na data de sua publicação.</p><p class="assina">Pedro Machado Mastrobuono</p>]]></Texto>
  </body>
  <Midias />
</article></xml>