﻿<xml><article id="27736901" name="Afasta Bruno_Carolina_Nadia" idOficio="9057732" pubName="DO2" artType="Despacho" pubDate="30/08/2022" artClass="00018:00125:00000:00000:00000:00000:00000:00000:00000:00000:00013:00000" artCategory="Ministério da Educação/Universidade Tecnológica Federal do Paraná" artSize="12" artNotes="" numberPage="87" pdfPage="http://pesquisa.in.gov.br/imprensa/jsp/visualiza/index.jsp?data=30/08/2022&amp;jornal=529&amp;pagina=87" editionNumber="165" highlightType="" highlightPriority="" highlight="" highlightimage="" highlightimagename="" idMateria="19840539">
  <body>
    <Identifica><![CDATA[ Despacho]]></Identifica>
    <Data><![CDATA[]]></Data>
    <Ementa />
    <Titulo />
    <SubTitulo />
    <Texto><![CDATA[<p class="identifica">Despacho</p><p>O Reitor da UNIVERSIDADE TECNOLÓGICA FEDERAL DO PARANÁ (UTFPR), no uso da competência que lhe foi subdelegada pela Portaria/MEC n° 204, de 06 de fevereiro de 2020, AUTORIZA o afastamento do país de:</p><p>BRUNO AKIHIRO TANNO IAMAMURA, Professor do Magistério Superior, no período de 04/10/2022 a 13/10/2022, para participar de Missão Brafitec, nas Universidades UTBM - Université de Technologie de Belfort-Montbéliard, UTT - Université de Technologie de Troyes e UTC - Université de Technologie de Compiègne, na cidade de Belfort, Troyes e Compiègne - França, com ônus limitado (Processo n° 23064.041656/2022-57);</p><p>CAROLINA CASTILHO GARCIA, Professor do Magistério Superior, no período de 21/10/2022 a 08/11/2022, para participar, apresentando trabalho, do XVI Encontro de Química dos Alimentos, na cidade de Castelo Branco, Portugal, com ônus limitado (Processo n° 23064.042163/2022-34);</p><p>NÁDIA CRISTIANE STEINMACHER, Professor de Ensino Básico, Técnico e Tecnológico, no período de 21/10/2022 a 08/11/2022, para participar, apresentando trabalho, do XVI Encontro de Química dos Alimentos, na cidade de Castelo Branco, Portugal, com ônus limitado (Processo n° 23064.042054/2022-17).</p><p class="assina">MARCOS FLÁVIO DE OLIVEIRA SCHIEFLER FILHO</p>]]></Texto>
  </body>
  <Midias />
</article></xml>