﻿<xml><article id="27734341" name="DESPACHOS DO REITOR -25.08.2022 " idOficio="9057124" pubName="DO2" artType="Despacho" pubDate="30/08/2022" artClass="00018:00107:00000:00000:00000:00000:00000:00000:00000:00000:00013:00000" artCategory="Ministério da Educação/Universidade Federal de Pernambuco" artSize="12" artNotes="" numberPage="77" pdfPage="http://pesquisa.in.gov.br/imprensa/jsp/visualiza/index.jsp?data=30/08/2022&amp;jornal=529&amp;pagina=77" editionNumber="165" highlightType="" highlightPriority="" highlight="" highlightimage="" highlightimagename="" idMateria="19839744">
  <body>
    <Identifica><![CDATA[ DESPACHO DE 10 de agosto de 2022]]></Identifica>
    <Data><![CDATA[]]></Data>
    <Ementa />
    <Titulo />
    <SubTitulo />
    <Texto><![CDATA[<p class="identifica">DESPACHO DE 10 de agosto de 2022</p><p>O REITOR DA UNIVERSIDADE FEDERAL DE PERNAMBUCO, no uso da competência que lhe foi subdelegada pela Portaria nº 404-MEC, de 23 de abril de 2009, autoriza o afastamento do país do seguinte servidor:</p><p>VANESSA LUCILIA SILVEIRA DE MEDEIROS, SIAPE nº 2887345, lotado(a) no(a) Departamento de Medicina Tropical, no período de 06/09/2022 a 11/09/2022, trânsito incluído, para participar como ouvinte, no(a) European academy of dermatology and venereology - EADV, em Milão/Itália, ônus Limitado. (Processo nº 23076.063839/2022-98)</p><p class="assina">ALFREDO MACEDO GOMES</p><p class="identifica">DESPACHO DE 13 de agosto de 2022</p><p>O REITOR DA UNIVERSIDADE FEDERAL DE PERNAMBUCO, no uso da competência que lhe foi subdelegada pela Portaria nº 404-MEC, de 23 de abril de 2009, autoriza o afastamento do país do seguinte servidor:</p><p>PAULO ROBERTO MACIEL LYRA, SIAPE nº 1218780, lotado(a) no(a) Departamento de Engenharia Mecânica, no período de 14/10/2022 a 24/10/2022, trânsito incluído, para realizar visita técnica, no(a) Swansea University (SWU), em Swansea/Reino Unido, ônus para a CAPES. (Processo nº 23076.084003/2022-34)</p><p class="assina">ALFREDO MACEDO GOMES</p><p class="identifica">DESPACHO DE 15 de agosto de 2022</p><p>O REITOR DA UNIVERSIDADE FEDERAL DE PERNAMBUCO, no uso da competência que lhe foi subdelegada pela Portaria nº 404-MEC, de 23 de abril de 2009, autoriza o afastamento do país do seguinte servidor:</p><p>ISIS DIDIER LINS, SIAPE nº 1732514, lotado(a) no(a) Departamento de Engenharia de Produção, no período de 26/08/2022 a 02/09/2022, trânsito incluído, para apresentar trabalho, no(a) European Safety and Reliability Association (ESRA), em Dublin/Irlanda, ônus Limitado. (Processo nº 23076.080823/2022-49)</p><p class="assina">ALFREDO MACEDO GOMES</p><p class="identifica">DESPACHO DE 18 de agosto de 2022</p><p>O REITOR DA UNIVERSIDADE FEDERAL DE PERNAMBUCO, no uso da competência que lhe foi subdelegada pela Portaria nº 404-MEC, de 23 de abril de 2009, autoriza o afastamento do país do seguinte servidor:</p><p>JOAO MATEUS MARQUES DE SANTANA, SIAPE nº 3184357, lotado(a) no(a) Departamento de Engenharia de Produção, no período de 26/08/2022 a 02/09/2022, trânsito incluído, para apresentar trabalho, no(a) Technological University of Dublin, em Dublin/Irlanda, ônus Limitado. (Processo nº 23076.085354/2022-29)</p><p class="assina">ALFREDO MACEDO GOMES</p><p class="identifica">DESPACHO DE 24 de agosto de 2022</p><p>O REITOR DA UNIVERSIDADE FEDERAL DE PERNAMBUCO, no uso da competência que lhe foi subdelegada pela Portaria nº 404-MEC, de 23 de abril de 2009, autoriza o afastamento do país do seguinte servidor:</p><p>ANDRE GALEMBECK, SIAPE nº 1301657, lotado(a) no(a) Departamento de Química Fundamental, no período de 09/09/2022 a 18/09/2022, trânsito incluído, para apresentar trabalho, no(a) International Conference on Lightning &amp; Static Electricity (ICOLSE), em Madrid/Espanha, ônus Limitado. (Processo nº 23076.083941/2022-59)</p><p class="assina">ALFREDO MACEDO GOMES</p>]]></Texto>
  </body>
  <Midias />
</article></xml>