﻿<xml><article id="27739599" name="3362-Art. 1A Designar o servidor" idOficio="9058304" pubName="DO2" artType="Portaria" pubDate="30/08/2022" artClass="00026:00001:00000:00000:00000:00000:00000:00000:00000:00000:00017:00009" artCategory="Ministério da Saúde/Gabinete do Ministro" artSize="12" artNotes="" numberPage="114" pdfPage="http://pesquisa.in.gov.br/imprensa/jsp/visualiza/index.jsp?data=30/08/2022&amp;jornal=529&amp;pagina=114" editionNumber="165" highlightType="" highlightPriority="" highlight="" highlightimage="" highlightimagename="" idMateria="19841278">
  <body>
    <Identifica><![CDATA[ PORTARIA GM/MS Nº 3.362 , DE 25 DE AGOSTO DE 2022]]></Identifica>
    <Data><![CDATA[]]></Data>
    <Ementa />
    <Titulo />
    <SubTitulo />
    <Texto><![CDATA[<p class="identifica">PORTARIA GM/MS Nº 3.362 , DE 25 DE AGOSTO DE 2022</p><p>O MINISTRO DE ESTADO DA SAÚDE, no uso das atribuições que lhe conferem os incisos I e II do parágrafo único do art. 87 da Constituição, o inciso III do art. 23 e o art. 41 da Lei nº 13.709, de 14 de agosto de 2018, o art. 1º da Instrução Normativa SGD/ME nº 117, de 19 de novembro de 2020 e o constante dos autos do processo nº 25000.118178/2022-51, resolve:</p><p>Art. 1º Designar o servidor, MÁRCIO NEVES ARBACH, matrícula SIAPE nº 2100208 como Encarregado pelo Tratamento de Dados Pessoais no âmbito do Ministério da Saúde, para o exercício das atividades constantes do art. 41 da Lei nº 13.709, de 14 de agosto de 2018, Lei Geral de Proteção de Dados Pessoais (LGPD).</p><p>Art. 2º Fica revogado o caput do art. 1º da Portaria GM/MS nº 1.436, de 14 de junho de 2022, publicada no Diário Oficial da União nº 113, de 15 de junho de 2022, seção 2, página 50.</p><p>Art. 3º Esta Portaria entra em vigor na data de sua publicação.</p><p class="assina">MARCELO ANTÔNIO CARTAXO QUEIROGA LOPES</p>]]></Texto>
  </body>
  <Midias />
</article></xml>