﻿<xml><article id="27739999" name="DR1033-22 Afast" idOficio="9058397" pubName="DO2" artType="Despacho" pubDate="30/08/2022" artClass="00018:00147:00001:00000:00000:00000:00000:00000:00000:00000:00013:00004" artCategory="Ministério da Educação/Fundação Universidade Federal de São Carlos/Gabinete da Reitoria" artSize="12" artNotes="1033" numberPage="93" pdfPage="http://pesquisa.in.gov.br/imprensa/jsp/visualiza/index.jsp?data=30/08/2022&amp;jornal=529&amp;pagina=93" editionNumber="165" highlightType="" highlightPriority="" highlight="" highlightimage="" highlightimagename="" idMateria="19841389">
  <body>
    <Identifica><![CDATA[ Despacho nº 1.033, de 26 de agosto de 2022]]></Identifica>
    <Data><![CDATA[]]></Data>
    <Ementa />
    <Titulo />
    <SubTitulo />
    <Texto><![CDATA[<p class="identifica">Despacho nº 1.033, de 26 de agosto de 2022</p><p>A Reitora em exercício da Universidade Federal de São Carlos, no uso da competência que lhe foi subdelegada pela Portaria nº 204/MEC, de 06 de fevereiro de 2020, AUTORIZA o afastamento do País do servidor ALEXSANDRO GIACOMO GRIMBERT GALLO, ocupante do cargo de Professor do Magistério Superior, lotado no Departamento de Estatística/CCET desta IFES, no período de 24/09/2022 ao 22/10/2022, para uma visita científica na École Polytechnique de Palaiseau, em Palaiseau, França, com ônus FAPESP (Processo n° 23112.028704/2022-07).</p><p>Esta autorização fica condicionada à formalização de viagens em processo SEI e registro no sistema de Concessão de Diárias e Passagens (SCDP), conforme estabelece a Portaria nº 204, de 06 de fevereiro de 2020, do Ministério da Educação.</p><p class="assina">Maria de Jesus Dutra dos Reis</p>]]></Texto>
  </body>
  <Midias />
</article></xml>