﻿<xml><article id="27740763" name="PORTARIA SGA-AGU N. 1235 DESIGNA" idOficio="9058560" pubName="DO2" artType="Portaria" pubDate="30/08/2022" artClass="00006:00009:00012:00000:00000:00000:00000:00000:00000:00000:00017:00001" artCategory="Presidência da República/Advocacia-Geral da União/Secretaria-Geral de Administração" artSize="12" artNotes="" numberPage="2" pdfPage="http://pesquisa.in.gov.br/imprensa/jsp/visualiza/index.jsp?data=30/08/2022&amp;jornal=529&amp;pagina=2" editionNumber="165" highlightType="" highlightPriority="" highlight="" highlightimage="" highlightimagename="" idMateria="19841589">
  <body>
    <Identifica><![CDATA[ PORTARIA SGA/AGU Nº 1.235, DE 24 DE AGOSTO DE 2022]]></Identifica>
    <Data><![CDATA[]]></Data>
    <Ementa />
    <Titulo />
    <SubTitulo />
    <Texto><![CDATA[<p class="identifica">PORTARIA SGA/AGU Nº 1.235, DE 24 DE AGOSTO DE 2022</p><p>A SECRETÁRIA-GERAL DE ADMINISTRAÇÃO DA ADVOCACIA-GERAL DA UNIÃO, no uso das atribuições que lhe foram subdelegadas pela Portaria AGU nº 347, de 23 de setembro de 2020, tendo em vista o disposto no art. 38 da Lei nº 8.112, de 11 de dezembro de 1990, e considerando o que consta no Processo Administrativo nº 00412.007909/2021-80, resolve:</p><p>DESIGNAR</p><p>MATHEUS BELÉM FERREIRA, matrícula Siape nº 2356060, Advogado da União, para exercer o encargo de substituto eventual do Chefe, código FCE 1.07 (2101254), da Divisão de Coordenação-Adjunta, da Coordenação Regional de Servidores Civis e Militares, da Coordenação-Geral Jurídica, da Procuradoria Regional da União da 2ª Região, da Procuradoria-Geral da União, nos afastamentos, impedimentos legais ou regulamentares do titular e na vacância da função.</p><p class="assina">IÊDA APARECIDA DE MOURA CAGNI</p>]]></Texto>
  </body>
  <Midias />
</article></xml>