﻿<xml><article id="27737156" name="Port. 599 - ATQ47 - ALTERA APO J" idOficio="9057825" pubName="DO2" artType="Portaria" pubDate="30/08/2022" artClass="00018:00117:00012:00007:00000:00000:00000:00000:00000:00000:00017:00003" artCategory="Ministério da Educação/Universidade Federal de Santa Catarina/Pró-Reitoria de Desenvolvimento e Gestão de Pessoas/Departamento de Administração de Pessoal" artSize="12" artNotes="" numberPage="84" pdfPage="http://pesquisa.in.gov.br/imprensa/jsp/visualiza/index.jsp?data=30/08/2022&amp;jornal=529&amp;pagina=84" editionNumber="165" highlightType="" highlightPriority="" highlight="" highlightimage="" highlightimagename="" idMateria="19840635">
  <body>
    <Identifica><![CDATA[ PORTARIA Nº 599, DE 29 DE AGOSTO DE 2022]]></Identifica>
    <Data><![CDATA[]]></Data>
    <Ementa />
    <Titulo />
    <SubTitulo />
    <Texto><![CDATA[<p class="identifica">PORTARIA Nº 599, DE 29 DE AGOSTO DE 2022</p><p>A Diretora do Departamento de Administração de Pessoal da Universidade Federal de Santa Catarina, no uso de suas atribuições, resolve:</p><p>Alterar a Portaria nº 538/2019/DAP, de 08 de agosto de 2019, publicada no Diário Oficial da União de 12 de agosto de 2019, que retificou a Portaria nº 796/2018/DAP, de 11 de dezembro de 2018, publicada no Diário Oficial da União de 12 de dezembro de 2018, a qual concedeu aposentadoria à servidora MARTA SELMA JETZKE, matrícula SIAPE 1422612, para alterar a proporção dos proventos de aposentadoria. Onde se lê "com proventos proporcionais a 15/30 (quinze, trinta avos)", leia-se "com proventos proporcionais a 18/30 (dezoito, trinta avos)", em atendimento à decisão judicial exarada no processo nº 5027865-57.2021.4.04.7200 (Processo nº 23080.049306/2021-50).</p><p class="assina">DAUANA BERNDT INÁCIO</p>]]></Texto>
  </body>
  <Midias />
</article></xml>