﻿<xml><article id="27738842" name="SGAD dispensa Andre Passos 25 08" idOficio="9058140" pubName="DO2" artType="Portaria" pubDate="30/08/2022" artClass="00025:00270:00020:00000:00000:00000:00000:00000:00000:00000:00017:00005" artCategory="Ministério das Relações Exteriores/Secretaria-Geral das Relações Exteriores/Secretaria de Gestão Administrativa" artSize="12" artNotes="" numberPage="113" pdfPage="http://pesquisa.in.gov.br/imprensa/jsp/visualiza/index.jsp?data=30/08/2022&amp;jornal=529&amp;pagina=113" editionNumber="165" highlightType="" highlightPriority="" highlight="" highlightimage="" highlightimagename="" idMateria="19841065">
  <body>
    <Identifica><![CDATA[ PORTARIA Nº 947, DE 24 DE AGOSTO DE 2022]]></Identifica>
    <Data><![CDATA[]]></Data>
    <Ementa />
    <Titulo />
    <SubTitulo />
    <Texto><![CDATA[<p class="identifica">PORTARIA Nº 947, DE 24 DE AGOSTO DE 2022</p><p>A SECRETÁRIA, SUBSTITUTA, DE GESTÃO ADMINISTRATIVA, de acordo com os art. 4º da Portaria nº 386, de 14 de abril de 2022, e com o Decreto nº 10.829, de 5 de outubro de 2021, resolve:</p><p>Dispensar ANDRÉ PASSOS DE OLIVEIRA DIOGO, oficial de chancelaria, classe B, padrão III, do quadro permanente do Ministério das Relações Exteriores, Siape nº 1726641, da função de assistente do Departamento de Administração, código FCE 2.07, a contar de 26 de agosto de 2022.</p><p class="assina">FÁTIMA KEIKO ISHITANI</p>]]></Texto>
  </body>
  <Midias />
</article></xml>