﻿<xml><article id="27739275" name="DESPACHO - Processo 19952.100689" idOficio="9058234" pubName="DO2" artType="Despacho" pubDate="30/08/2022" artClass="00015:00041:00000:00000:00000:00000:00000:00000:00000:00000:00013:00008" artCategory="Ministério da Economia/Secretaria Especial de Desburocratização, Gestão e Governo Digital" artSize="12" artNotes="" numberPage="34" pdfPage="http://pesquisa.in.gov.br/imprensa/jsp/visualiza/index.jsp?data=30/08/2022&amp;jornal=529&amp;pagina=34" editionNumber="165" highlightType="" highlightPriority="" highlight="" highlightimage="" highlightimagename="" idMateria="19841192">
  <body>
    <Identifica><![CDATA[ DESPACHO]]></Identifica>
    <Data><![CDATA[]]></Data>
    <Ementa />
    <Titulo />
    <SubTitulo />
    <Texto><![CDATA[<p class="identifica">DESPACHO</p><p>Processo nº 19952.100689/2022-64</p><p>O SECRETÁRIO ESPECIAL DE DESBUROCRATIZAÇÃO, GESTÃO E GOVERNO DIGITAL, DO MINISTÉRIO DA ECONOMIA, tendo em vista o Decreto n° 1.387, de 07 de fevereiro de 1995, e o Decreto n° 10.193, de 27 de dezembro de 2019, e no uso da competência que lhe foi delegada pelo artigo 6° da Portaria n° 4.990, de 1º de junho de 2022, autoriza o afastamento do País, com ônus, do empregado do Serviço Federal de Processamento de Dados - Serpro: TIAGO ARRAIS CARVALHO, Matrícula: 2108353-3, Gerente do Departamento de Eventos, para participar do 7º Congreso Tecnología y Negocios - AMERICA DIGITAL 2022, no período de 5 a 10 de setembro de 2022, incluindo trânsito, que será realizado na cidade de Santiago no Chile. (Processo SEI nº 19952.100689/2022-64).</p><p class="assina">LEONARDO JOSÉ MATTOS SULTANI</p>]]></Texto>
  </body>
  <Midias />
</article></xml>