﻿<xml><article id="27735812" name="22.2 - Port_45_2022-SECIRM-ALT_P" idOficio="9057513" pubName="DO2" artType="Portaria" pubDate="30/08/2022" artClass="00013:00012:00030:00000:00000:00000:00000:00000:00000:00000:00017:00000" artCategory="Ministério da Defesa/Comando da Marinha/Secretaria da Comissão Interministerial para os Recursos do Mar" artSize="12" artNotes="" numberPage="28" pdfPage="http://pesquisa.in.gov.br/imprensa/jsp/visualiza/index.jsp?data=30/08/2022&amp;jornal=529&amp;pagina=28" editionNumber="165" highlightType="" highlightPriority="" highlight="" highlightimage="" highlightimagename="" idMateria="19840221">
  <body>
    <Identifica><![CDATA[ PORTARIA Nº 45/SECIRM, DE 25 DE AGOSTO DE 2022]]></Identifica>
    <Data><![CDATA[]]></Data>
    <Ementa />
    <Titulo />
    <SubTitulo />
    <Texto><![CDATA[<p class="identifica">PORTARIA Nº 45/SECIRM, DE 25 DE AGOSTO DE 2022</p><p>O SECRETÁRIO DA COMISSÃO INTERMINISTERIAL PARA OS RECURSOS DO MAR, no uso das atribuições que lhe são conferidas pelo inciso VI do § 1º do art. 5º do anexo I da Portaria nº 99/MB/MD, de 5 de abril de 2021, e em conformidade com o inciso 8.2.5 do Manual Técnico de Elaboração de Documentos Administrativos da MB, resolve:</p><p>Art. 1º Alterar o art. 1º da Portaria nº 87/SECIRM, de 15 de outubro de 2021, publicada no Diário Oficial da União nº 198, de 20 de outubro de 2021, Seção 2, página 13, que designou militares para realizarem missão no exterior, que passa a vigorar com a seguinte redação:</p><p>"Art. 1º..........................................................................................................</p><p>Período: de 15 de outubro de 2022 a 30 de novembro de 2023." (NR)</p><p>Art. 2º Esta Portaria entra em vigor na presente data.</p><p>Art. 3º Revoga-se a Portaria nº 42/SECIRM, de 22 de agosto de 2022.</p><p class="assina">Capitão de Mar e Guerra MARLON RAMOS DE ARAUJO</p>]]></Texto>
  </body>
  <Midias />
</article></xml>