﻿<xml><article id="27742360" name="ATO PORTARIA DE PESSOAL SGP NA 9" idOficio="9058813" pubName="DO2" artType="Portaria" pubDate="30/08/2022" artClass="00015:00041:00034:00008:00003:00000:00000:00000:00000:00000:00017:00010" artCategory="Ministério da Economia/Secretaria Especial de Desburocratização, Gestão e Governo Digital/Secretaria de Gestão e Desempenho de Pessoal/Departamento de Centralização de Serviços de Inativos, Pensionistas e Órgãos Extintos/Coordenação-Geral de Benefícios" artSize="12" artNotes="" numberPage="41" pdfPage="http://pesquisa.in.gov.br/imprensa/jsp/visualiza/index.jsp?data=30/08/2022&amp;jornal=529&amp;pagina=41" editionNumber="165" highlightType="" highlightPriority="" highlight="" highlightimage="" highlightimagename="" idMateria="19841978">
  <body>
    <Identifica><![CDATA[ PORTARIA DE PESSOAL SGP/SEDGG/ME Nº 9.773, DE 25 DE AGOSTO DE 2022]]></Identifica>
    <Data><![CDATA[]]></Data>
    <Ementa />
    <Titulo />
    <SubTitulo />
    <Texto><![CDATA[<p class="identifica">PORTARIA DE PESSOAL SGP/SEDGG/ME Nº 9.773, DE 25 DE AGOSTO DE 2022</p><p>O SECRETÁRIO DE GESTÃO E DESEMPENHO DE PESSOAL, DA SECRETARIA ESPECIAL DE DESBUROCRATIZAÇÃO, GESTÃO E GOVERNO DIGITAL, DO MINISTÉRIO DA ECONOMIA, no uso de suas atribuições, e considerando a subdelegação de competência contida no art. 4º, inciso V, da Portaria SE/ME nº 11.441, de 21 de setembro de 2021, publicada no Diário Oficial da União de 27 de outubro de 2021, bem como o disposto no processo SEI nº 14021.100721/2022-07, resolve:</p><p>Conceder a Gratificação Temporária das Unidades Gestoras dos Sistemas Estruturadores da Administração Pública Federal - GSISTE, do Sistema de Pessoal Civil da Administração Federal - SIPEC, nível superior do órgão central, à servidora BARBARA CRISTINA DA SILVA MONTEIRO, matrícula nº 1553785, ocupante do cargo efetivo de Administrador, em exercício na Coordenação-Geral de Concurso e Provimento de Pessoal, do Departamento de Provimento e Movimentação de Pessoal, da Secretaria de Gestão e Desempenho de Pessoal, da Secretaria Especial de Desburocratização, Gestão e Governo Digital, deste Ministério.</p><p class="assina">EDUARDO BERGAMASCHI FELIZOLA</p>]]></Texto>
  </body>
  <Midias />
</article></xml>