﻿<xml><article id="27740342" name="2022 - PORT 108 - DGP" idOficio="9058473" pubName="DO2" artType="Portaria" pubDate="30/08/2022" artClass="00013:00011:00029:00000:00000:00000:00000:00000:00000:00000:00017:00005" artCategory="Ministério da Defesa/Comando do Exército/Departamento-Geral do Pessoal" artSize="12" artNotes="" numberPage="24" pdfPage="http://pesquisa.in.gov.br/imprensa/jsp/visualiza/index.jsp?data=30/08/2022&amp;jornal=529&amp;pagina=24" editionNumber="165" highlightType="" highlightPriority="" highlight="" highlightimage="" highlightimagename="" idMateria="19841481">
  <body>
    <Identifica><![CDATA[ PORTARIA - DGP/C Ex Nº 108, DE 24 DE AGOSTO DE 2022]]></Identifica>
    <Data><![CDATA[]]></Data>
    <Ementa />
    <Titulo />
    <SubTitulo />
    <Texto><![CDATA[<p class="identifica">PORTARIA - DGP/C Ex Nº 108, DE 24 DE AGOSTO DE 2022</p><p>O CHEFE DO DEPARTAMENTO-GERAL DO PESSOAL, no uso das atribuições que lhe confere o art. 20 inciso V das Instruções Gerais para Ingresso e Promoções no Quadro Auxiliar de Oficiais, 1ª Edição, 2014 (EB 10- IG-02.005), aprovadas pela Portaria do Comandante do Exército nº 1.496, de 11 de dezembro de 2014, e de acordo com o previsto no art. 60 da Lei nº 6.880, de 9 de dezembro de 1980 (Estatuto dos Militares), combinado com o § 1° do art. 18 do Decreto n° 90.116, de 29 de agosto de 1984, que Regulamenta o Ingresso e a Promoção no Quadro Auxiliar de Oficiais - RIPQAO, resolve</p><p>Promover post mortem, ao posto de segundo-tenente do Quadro Auxiliar de Oficiais (2° Ten QAO), a contar de 27 de janeiro de 2022, o S Ten (011285874-1) FÁBIO ANDRÉ DE OLIVEIRA E SILVA.</p><p class="assina">Gen Ex JOÃO CHALELLA JÚNIOR</p>]]></Texto>
  </body>
  <Midias />
</article></xml>