﻿<xml><article id="27739996" name="PortGR5834-22 Vac" idOficio="9058397" pubName="DO2" artType="Portaria" pubDate="30/08/2022" artClass="00018:00147:00001:00000:00000:00000:00000:00000:00000:00000:00013:00001" artCategory="Ministério da Educação/Fundação Universidade Federal de São Carlos/Gabinete da Reitoria" artSize="12" artNotes="5834" numberPage="93" pdfPage="http://pesquisa.in.gov.br/imprensa/jsp/visualiza/index.jsp?data=30/08/2022&amp;jornal=529&amp;pagina=93" editionNumber="165" highlightType="" highlightPriority="" highlight="" highlightimage="" highlightimagename="" idMateria="19841392">
  <body>
    <Identifica><![CDATA[ Portaria Nº 5.834, de 26 de agosto de 2022]]></Identifica>
    <Data><![CDATA[]]></Data>
    <Ementa />
    <Titulo />
    <SubTitulo />
    <Texto><![CDATA[<p class="identifica">Portaria Nº 5.834, de 26 de agosto de 2022</p><p>A Reitora em exercício da Universidade Federal de São Carlos, no uso das atribuições legais e estatutárias que lhe foram conferidas pelo art. 4º do Estatuto da FUFSCar, aprovado pela Portaria MEC nº 1161, de 04/07/1991, publicada no DOU de 05/07/1991 e pelo art. 27 do Estatuto da UFSCar, aprovado pela portaria SESu/MEC nº 984, de 29/11/2007, publicada no DOU de 30/11/2007, e Portaria MEC nº 1.373, de 18 de julho de 2019, e CONSIDERANDO o disposto no item VIII, Art. 33, da Lei nº 8.112/90 e Requerimento datado de 24/08/2022 e recebido em 25/08/2022; CONSIDERANDO o processo nº 23112.022916/2022-72; resolve:</p><p>Declarar vago, a pedido, a partir de 05/09/2022, o cargo de Professor do Magistério Superior, Classe Adjunto C, Nível I, código de vaga nº 925987, ocupado pela servidora Paula de Camargo Fiorini, Matrícula SIAPE nº 3112801, lotada no Departamento de Administração do Centro de Ciências em Gestão e Tecnologia do Campus Sorocaba.</p><p class="assina">Maria de Jesus Dutra dos Reis</p>]]></Texto>
  </body>
  <Midias />
</article></xml>