﻿<xml><article id="27743197" name="Portaria DOU--FRANCISCO THOMPSON" idOficio="9058949" pubName="DO2" artType="Portaria" pubDate="30/08/2022" artClass="00025:00270:00020:00000:00000:00000:00000:00000:00000:00000:00017:00000" artCategory="Ministério das Relações Exteriores/Secretaria-Geral das Relações Exteriores/Secretaria de Gestão Administrativa" artSize="12" artNotes="" numberPage="112" pdfPage="http://pesquisa.in.gov.br/imprensa/jsp/visualiza/index.jsp?data=30/08/2022&amp;jornal=529&amp;pagina=112" editionNumber="165" highlightType="" highlightPriority="" highlight="" highlightimage="" highlightimagename="" idMateria="19842175">
  <body>
    <Identifica><![CDATA[ PORTARIA DE 25 DE AGOSTO DE 2022]]></Identifica>
    <Data><![CDATA[]]></Data>
    <Ementa />
    <Titulo />
    <SubTitulo />
    <Texto><![CDATA[<p class="identifica">PORTARIA DE 25 DE AGOSTO DE 2022</p><p>A SECRETÁRIA, SUBSTITUTA, DE GESTÃO ADMINISTRATIVA, no uso da competência que lhe foi atribuída pela Portaria de delegação de competência nº 386, de 14 de abril de 2022, publicada no Diário Oficial da União em 19 de abril de 2022, e tendo em vista o que consta do Processo nº 09047.000596/2022-29, resolve:</p><p>Art. 1º Alterar a portaria que concedeu pensão a ANNA MARIA MASSOT THOMPSON FLORES, publicada em 1º de outubro de 2021, para incluir, por habilitação tardia, MARIA EDUARDA MASSOT THOMPSON FLORES, na qualidade de beneficiária do ex-servidor FRANCISCO THOMPSON FLORES NETTO, ocupante do cargo de MINISTRO DE PRIMEIRA CLASSE da carreira de diplomata, matrícula SIAPE nº 6458250, do quadro de pessoal deste Ministério das Relações Exteriores, aposentado, falecido em 21 DE AGOSTO DE 2021, com fundamento na alínea "d" do inciso VI do art. 3º, e no parágrafo único do art. 24, da Portaria SGP/SEDGG/ME Nº 4645, de 24 de maio de 2022, c/c os artigos 217 e 219 da Lei nº 8.112, de 11 de dezembro de 1990, e no parágrafo 5° do art. 23 da Emenda Constitucional nº 103, de 12 de novembro de 2019.</p><p>Art. 2º Os efeitos desta Portaria entram em vigor na data da sua publicação.</p><p class="assina">FÁTIMA KEIKO ISHITANI</p>]]></Texto>
  </body>
  <Midias />
</article></xml>