﻿<xml><article id="27741646" name="PORTARIA CONJUNTA NR 010 - Prorr" idOficio="9058720" pubName="DO2" artType="Portaria Conjunta" pubDate="30/08/2022" artClass="00006:00009:00011:00000:00000:00000:00000:00000:00000:00000:00018:00000" artCategory="Presidência da República/Advocacia-Geral da União/Procuradoria-Geral Federal" artSize="12" artNotes="" numberPage="2" pdfPage="http://pesquisa.in.gov.br/imprensa/jsp/visualiza/index.jsp?data=30/08/2022&amp;jornal=529&amp;pagina=2" editionNumber="165" highlightType="" highlightPriority="" highlight="" highlightimage="" highlightimagename="" idMateria="19841810">
  <body>
    <Identifica><![CDATA[ PORTARIA CONJUNTA Nº 10/PGF/CGAU/AGU, DE  23 DE AGOSTO DE  2022]]></Identifica>
    <Data><![CDATA[]]></Data>
    <Ementa />
    <Titulo />
    <SubTitulo />
    <Texto><![CDATA[<p class="identifica">PORTARIA CONJUNTA Nº 10/PGF/CGAU/AGU, DE 23 DE AGOSTO DE 2022</p><p><strong>O PROCURADOR-GERAL FEDERAL</strong>e a<strong>CORREGEDORA-AUXILIAR,</strong>a segunda respondendo pela Corregedoria-Geral da Advocacia da União nos termos da Portaria AGU n. 585, de 20 de dezembro de 2019, no uso da competência de que trata o inciso VI, do § 2 º, do art. 11, da Lei nº 10.480, de 2 de julho de 2002, considerando o disposto nos arts. 143 e 152, da Lei nº 8.112, de 11 de dezembro de 1990, e no Decreto Presidencial de 03 de novembro de 2021, publicado no Diário Oficial da União nº 85, de 04 de novembro de 2021, no uso das atribuições previstas no artigo 5º, incisos I e VI, da Lei Complementar nº 73, de 10 de fevereiro de 1993, artigo 143 da Lei nº 8.112, de 11 de dezembro de 1990, e artigo 21, incisos IX e XV, do Anexo I do Decreto nº 11.174, de 16 de agosto de 2022, nos termos do Despacho do Advogado-Geral da União nº 206, de 23 de maio de 2022, resolvem:</p><p>Art. 1º Prorrogar a Comissão de Processo Administrativo Disciplinar, designada pela Portaria Conjunta nº 006, de 01 de julho de 2022, publicada no DOU, de 06 de julho de 2022, para apurar os fatos apontados nos autos do Processo Administrativo Disciplinar nº 00400.000480/2022-10 e seus apensos, bem como fatos conexos.</p><p>Art. 2º A comissão terá o prazo de 60 (sessenta) dias para ultimar os trabalhos apuratórios.</p><p>Art. 3º Esta Portaria entra em vigor na data de sua publicação, convalidando-se os eventuais atos praticados posteriormente à vigência da Portaria Conjunta nº 006, de 01 de julho de 2022.</p><p class="assina">MIGUEL CABRERA KAUAM</p><p class="assina">CHRISTIANE DE CASTRO GUSMÃO</p>]]></Texto>
  </body>
  <Midias />
</article></xml>