﻿<xml><article id="27741847" name="portaria de remocao 236223672352" idOficio="9058745" pubName="DO2" artType="Portaria" pubDate="30/08/2022" artClass="00018:00133:00000:00000:00000:00000:00000:00000:00000:00000:00017:00000" artCategory="Ministério da Educação/Fundação Universidade Federal do Acre" artSize="12" artNotes="2362" numberPage="89" pdfPage="http://pesquisa.in.gov.br/imprensa/jsp/visualiza/index.jsp?data=30/08/2022&amp;jornal=529&amp;pagina=89" editionNumber="165" highlightType="" highlightPriority="" highlight="" highlightimage="" highlightimagename="" idMateria="19841857">
  <body>
    <Identifica><![CDATA[ PORTARIA Nº 2.352, DE 24 DE AGOSTO DE 2022]]></Identifica>
    <Data><![CDATA[]]></Data>
    <Ementa />
    <Titulo />
    <SubTitulo />
    <Texto><![CDATA[<p class="identifica">PORTARIA Nº 2.352, DE 24 DE AGOSTO DE 2022</p><p>A REITORA DA UNIVERSIDADE FEDERAL DO ACRE, no uso das atribuições que lhe confere o Decreto de 9 de agosto de 2022, publicado no Diário Oficial da União (DOU) nº 151, Seção 2, página 1, de 10 de agosto de 2022, combinado com o art. 80, Inciso I, do Regimento Geral da UFAC, e o que consta no processo administrativo nº 23107.022256/2022-07, resolve:</p><p>Art. 1º CONCEDER Aposentadoria Voluntária, com proventos integrais, o servidor SEBASTIÃO PINTO PAIVA, Matrícula SIAPE nº 0414690, Identificação Única nº 4146905, ocupante do cargo efetivo de Servente de Limpeza, Classe A, Nível III, Padrão 16, Grupo/Cargo 701/823, Código de vaga nº 324495, lotado na Coordenadoria de Limpeza dos Blocos, com fundamento no art. 20, §2º, inciso II, da Emenda Constitucional nº 103/2019;Art. 2º DECLARAR vago, em decorrência, o cargo acima citado;</p><p>Art. 3º Esta portaria entra em vigência a contar da data de publicação no Diário Oficial da União (DOU).</p><p class="assina">MARGARIDA DE AQUINO CUNHA</p><p class="identifica">PORTARIA Nº 2.362, DE 25 DE AGOSTO DE 2022</p><p>A REITORA DA UNIVERSIDADE FEDERAL DO ACRE, no uso das atribuições que lhe confere o Decreto de 9 de agosto de 2022, publicado no Diário Oficial da União (DOU) nº 151, Seção 2, página 1, de 10 de agosto de 2022, combinado com o art. 80, Inciso I, do Regimento Geral da UFAC, e o que consta no processo administrativo nº 23107.022651/2022-81 e no processo judicial nº 1008002-26.2022.4.01.3000, resolve:</p><p>Art. 1º REMOVER, provisoriamente, por força de decisão judicial, a servidora ANGELA SILVA DE ALMEIDA BRITO, Técnica de Laboratório, Classe D, Nível IV, Padrão 7, Matrícula SIAPE nº 1983329, lotada no Centro de Ciências Biológicas e da Natureza, desta Universidade, para a Universidade Federal da Paraíba(UFPB), com fundamento no art. 84, §2º, da Lei nº 8.112/1990;</p><p>Art. 2º Esta Portaria entra em vigor na data de sua publicação no DOU.</p><p class="assina">MARGARIDA DE AQUINO CUNHA</p><p class="identifica">PORTARIA Nº 2.367, DE 25 DE AGOSTO DE 2022</p><p>A REITORA DA UNIVERSIDADE FEDERAL DO ACRE, no uso das atribuições que lhe confere o Decreto de 9 de agosto de 2022, publicado no Diário Oficial da União (DOU) nº 151, Seção 2, página 1, de 10 de agosto de 2022, combinado com o art. 80, Incisos III e XVI, do Regimento Geral da UFAC, e o que consta no processo administrativo nº 23107.021879/2022-54, resolve:</p><p>Art. 1º DESIGNAR a servidora ADELIA APARECIDA DE MELO, Professora do Ensino Básico, Técnico e Tecnológico, Classe D, Nível IV, Padrão 3, Matrícula SIAPE nº 0709497, para responder pela Coordenadoria de Ensino do Colégio de Aplicação, Símbolo FG-002, com fundamento no art. 15, §4º da Lei nº 8.112/1990;</p><p>Art. 2º Esta Portaria entra em vigor na data de sua publicação no DOU.</p><p class="assina">MARGARIDA DE AQUINO CUNHA</p>]]></Texto>
  </body>
  <Midias />
</article></xml>