﻿<xml><article id="27733492" name="PORT 519 A 524" idOficio="9056939" pubName="DO2" artType="Portaria" pubDate="30/08/2022" artClass="00026:00002:00021:00000:00000:00000:00000:00000:00000:00000:00017:00000" artCategory="Ministério da Saúde/Secretaria Executiva/Subsecretaria de Assuntos Administrativos" artSize="12" artNotes="" numberPage="117" pdfPage="http://pesquisa.in.gov.br/imprensa/jsp/visualiza/index.jsp?data=30/08/2022&amp;jornal=529&amp;pagina=117" editionNumber="165" highlightType="" highlightPriority="" highlight="" highlightimage="" highlightimagename="" idMateria="19839432">
  <body>
    <Identifica><![CDATA[ PORTARIA SAA Nº 519, DE 24 DE AGOSTO DE 2022]]></Identifica>
    <Data><![CDATA[]]></Data>
    <Ementa />
    <Titulo />
    <SubTitulo />
    <Texto><![CDATA[<p class="identifica">PORTARIA SAA Nº 519, DE 24 DE AGOSTO DE 2022</p><p>O SUBSECRETÁRIO DE ASSUNTOS ADMINISTRATIVOS DO MINISTÉRIO DA SAÚDE, no uso das atribuições que lhe foram conferidas pela Portaria/SGEP/MP nº 572 de 24 de dezembro de 2013, publicada no Diário Oficial da União nº 250, de 26 de dezembro de 2013, e considerando o disposto no art. 94 da Lei nº 9.504, de 30 de setembro de 1997 e regulamentado pelo Decreto nº 10.835, de 14 de outubro de 2021, e demais informações que constam no NUP 25209.003301/2022-01, resolve:</p><p>Artigo 1º - Ceder, até 31/12/2022, a servidora MARIA DO PERPETUO SOCORRO ALMEIDA, matrícula SIAPE nº 1038113, pertencente ao Quadro de Pessoal Ativo Permanente do Ministério da Saúde, lotada no Instituto Evandro Chagas (IEC/PA) para prestar seus serviços no Tribunal Regional Eleitoral do Pará (TRE/PA) com exercício na 43ª Zona Eleitoral, com Sede em Belém/PA.</p><p>Art. 2º O ônus pela remuneração ou salário é do órgão cedente.</p><p>Art. 3º A servidora/empregada deverá apresentar-se imediatamente ao órgão cedente ao término da cessão, observado o disposto no art. 8º do Decreto nº 10.835, de 14 de outubro de 2021.</p><p>Art. 4º Torna-se sem efeito o disposto nesta Portaria caso a servidora/empregada não se apresente ao órgão cessionário no prazo de trinta dias.</p><p>Art. 5º Esta Portaria entra em vigor na data da sua publicação.</p><p class="assina">ROMEU MENDES DO CARMO</p><p class="identifica">PORTARIA SAA Nº 520, DE 24 DE AGOSTO DE 2022</p><p>O SUBSECRETÁRIO DE ASSUNTOS ADMINISTRATIVOS DO MINISTÉRIO DA SAÚDE, no uso da competência que lhe foi subdelegada pela Portaria/SE n° 954, de 16 de agosto de 2022, publicada no Diário Oficial da União de 17 de agosto de 2022, resolve:</p><p>Designar ANDERSON VITORIO FERREIRA, matrícula SIAPE 1691788, para exercer o encargo de substituto eventual da Chefe do Serviço de Gestão Administrativa, FCE 1.06, código n° 16.0828, da Superintendência Estadual do Ministério da Saúde em Sergipe, do Departamento de Gestão Interfederativa e Participativa, da Secretaria-Executiva.</p><p class="assina">ROMEU MENDES DO CARMO</p><p class="identifica">PORTARIA SAA Nº 521, DE 24 DE AGOSTO DE 2022</p><p>O SUBSECRETÁRIO DE ASSUNTOS ADMINISTRATIVOS DO MINISTÉRIO DA SAÚDE, no uso da competência que lhe foi subdelegada pela Portaria/SE n°954, de 16 de agosto de 2022, publicada no Diário Oficial da União de 17 de agosto de 2022, resolve:</p><p>Designar RAFAEL MOREIRA DE OLIVEIRA, matrícula SIAPE 1830000, para exercer o encargo de substituto eventual do Chefe do Serviço de Transferência de Recursos, FCE 1.06, código n° 16.0832, da Superintendência Estadual do Ministério da Saúde em Sergipe, do Departamento de Gestão Interfederativa e Participativa, da Secretaria-Executiva.</p><p class="assina">ROMEU MENDES DO CARMO</p><p class="identifica">PORTARIA SAA Nº 522, DE 24 DE AGOSTO DE 2022</p><p>O SUBSECRETÁRIO DE ASSUNTOS ADMINISTRATIVOS DO MINISTÉRIO DA SAÚDE, no uso da competência que lhe foi subdelegada pela Portaria/SE n°954, de 16 de agosto de 2022, publicada no Diário Oficial da União de 17 de agosto de 2022, resolve:</p><p>Designar LEONARDO FERREIRA DE ALMEIDA, matrícula SIAPE 2039750, para exercer o encargo de substituto eventual da Chefe do Serviço de Apoio Institucional, FCE 1.05, código n° 16.0834, da Superintendência Estadual do Ministério da Saúde em Sergipe, do Departamento de Gestão Interfederativa e Participativa, da Secretaria-Executiva.</p><p class="assina">ROMEU MENDES DO CARMO</p><p class="identifica">PORTARIA SAA Nº 523, DE 24 DE AGOSTO DE 2022</p><p>O SUBSECRETÁRIO DE ASSUNTOS ADMINISTRATIVOS DO MINISTÉRIO DA SAÚDE, no uso da competência que lhe foi subdelegada pela Portaria/SE n° 954, de 16 de agosto de 2022, publicada no Diário Oficial da União de 17 de agosto de 2022, resolve:</p><p>Designar CLÁUDIO HERMANN DOMINGOS MAGALHÃES, matrícula SIAPE 1443919, para exercer o encargo de substituto eventual da Corregedora-Geral, FCE 1.13, código n° 10.0021, da Diretoria de Integridade.</p><p class="assina">ROMEU MENDES DO CARMO</p><p class="identifica">PORTARIA SAA Nº 524, DE 25 DE AGOSTO DE 2022</p><p>O SUBSECRETÁRIO DE ASSUNTOS ADMINISTRATIVOS DO MINISTÉRIO DA SAÚDE, em conformidade com a subdelegação de competência outorgada pela Portaria SE/MS n° 553, de 5 de maio de 2011, e considerando o disposto no artigo 93 da Lei nº 8.112, de 11 de dezembro de 1990, no inciso XI do artigo 7° da Lei n° 8.080, de 19 de setembro de 1990, artigo 20 da Lei n° 8.270, de 17 de dezembro de 1991, na Portaria GM/MS n° 243, de 10 de março de 2015, Lei n°11.355, de 19 de outubro de 2006, e demais informações que constam do NUP: 25008.000613/2022-11, resolve:</p><p>Artigo 1º - Ceder o servidor EDIMAR NUNES DE MESQUITA , matrícula SIAPE n.º 108604, pertencente ao Quadro de Pessoal do Ministério da Saúde, para exercício junto à Agência Estadual de Vigilância em Saúde de Rondônia, em conformidade com o Convênio SUS nº 98/2022, publicado no Diário Oficial da União nº 148, seção 3, de 05 de agosto de 2022, firmado entre o Ministério da Saúde e a Agência Estadual de Vigilância em Saúde, do Governo Estadual de Rondônia, representada por sua Diretoria-Geral.</p><p>Artigo 2º - O ônus pela remuneração ou salário é do órgão cedente.</p><p>Artigo 3º - Cumpre à Superintendência Estadual do Ministério da Saúde em Rondônia e à Agência Estadual de Vigilância em Saúde de Rondônia a observância dos procedimentos de Gestão de Pessoal cedido para o Sistema Único de Saúde (SUS), aprovados pela Portaria GM/MS nº 243, de 10 de março de 2015.</p><p>Artigo 4º - Torna-se sem efeito o disposto nesta Portaria caso o servidor não se apresente ao órgão cessionário no prazo de trinta dias.</p><p>Artigo 5º - Esta Portaria entra em vigor na data de sua publicação.</p><p class="assina">ROMEU MENDES DO CARMO</p>]]></Texto>
  </body>
  <Midias />
</article></xml>