﻿<xml><article id="27742981" name="ATO PORTARIA DE PESSOAL SGP NA 9" idOficio="9058917" pubName="DO2" artType="Portaria" pubDate="30/08/2022" artClass="00015:00041:00034:00000:00000:00000:00000:00000:00000:00000:00017:00007" artCategory="Ministério da Economia/Secretaria Especial de Desburocratização, Gestão e Governo Digital/Secretaria de Gestão e Desempenho de Pessoal" artSize="24" artNotes="" numberPage="36" pdfPage="http://pesquisa.in.gov.br/imprensa/jsp/visualiza/index.jsp?data=30/08/2022&amp;jornal=529&amp;pagina=36" editionNumber="165" highlightType="" highlightPriority="" highlight="" highlightimage="" highlightimagename="" idMateria="19842139">
  <body>
    <Identifica><![CDATA[ PORTARIA DE PESSOAL SGP/SEDGG/ME Nº 9.659, DE 23 DE AGOSTO DE 2022]]></Identifica>
    <Data><![CDATA[]]></Data>
    <Ementa />
    <Titulo />
    <SubTitulo />
    <Texto><![CDATA[<p class="identifica">PORTARIA DE PESSOAL SGP/SEDGG/ME Nº 9.659, DE 23 DE AGOSTO DE 2022</p><p>O SECRETÁRIO DE GESTÃO E DESEMPENHO DE PESSOAL DA SECRETARIA ESPECIAL DE DESBUROCRATIZAÇÃO, GESTÃO E GOVERNO DIGITAL DO MINISTÉRIO DA ECONOMIA, no uso da competência delegada pela Portaria SEDGG/ME n.º 12.571, de 22 de outubro de 2021, tendo em vista o disposto no § 7º do art. 93 da Lei n.º 8.112, de 11 de dezembro de 1990, no art. 30 do Decreto n.º 10.835, de 14 de outubro de 2021, na Portaria n.º 282, de 24 de julho de 2020, e considerando o que consta no processo n.º 19975.123652/2022-46, resolve:</p><p>Art. 1º Autorizar a alteração de exercício dos empregados públicos em anexo, do quadro de pessoal do Banco Nacional de Desenvolvimento Econômico e Social - BNDES, para composição da força de trabalho da Comissão de Valores Mobiliários - CVM, até a data de 4 de fevereiro de 2024, com custo mensal de reembolso incluindo tributos, encargos sociais, encargos trabalhistas e demais parcelas previstas no art. 25 do Decreto n.º 10.835, de 14 de outubro de 2021, para o órgão solicitante.</p><p>Art. 2º O retorno dos empregados à instituição de origem poderá ocorrer a qualquer tempo por decisão do Ministério da Economia - ME, observados os requisitos constantes do artigo 16 da Portaria n.º 282, de 24 de julho de 2020.</p><p>Art. 3º Cabe à CVM, assegurar-se que os empregados ora colocados à sua disposição, não exercerão atividades que não correspondam às suas atribuições na instituição de origem, de forma a não ocorrer desvio de função.</p><p>Art. 4° Compete ao ordenador de despesas, zelar pela existência de disponibilidade orçamentária e financeira para fazer frente às despesas oriundas dos reembolsos decorrentes da alteração de exercício de que trata o art. 1º desta Portaria, nos termos do art. 22 do Decreto n.º 10.835, de 14 de outubro de 2021, e para eventual continuação da composição da força de trabalho dos empregados para o exercício subsequente.</p><p>Art. 5º Esta Portaria entra em vigor na data de sua publicação.</p><p class="anexo">EDUARDO BERGAMASCHI FELIZOLA</p><p class="anexo">ANEXO</p><p /><p></p><table><tr /><tr><td rowspan="1" colspan="1"><p>Empregado</p></td><td rowspan="1" colspan="1"><p>Matrícula</p></td><td rowspan="1" colspan="1"><p>Emprego</p></td><td rowspan="1" colspan="1"><p>Custos mensais</p></td></tr><tr><td rowspan="1" colspan="1"><p>Adriane Helena Rodrigues</p></td><td rowspan="1" colspan="1"><p>00073970</p></td><td rowspan="1" colspan="1"><p>Engenheira</p></td><td rowspan="1" colspan="1"><p>R$ 62.445,33</p></td></tr><tr><td rowspan="1" colspan="1"><p>Alan Arles Larieu Vieira</p></td><td rowspan="1" colspan="1"><p>00118001</p></td><td rowspan="1" colspan="1"><p>Analista de Sistemas</p></td><td rowspan="1" colspan="1"><p>R$ 51.724,99</p></td></tr><tr><td rowspan="1" colspan="1"><p>Ana Carolina Velloso Goulart Salarini</p></td><td rowspan="1" colspan="1"><p>00200206</p></td><td rowspan="1" colspan="1"><p>Advogada</p></td><td rowspan="1" colspan="1"><p>R$ 43.230,62</p></td></tr><tr><td rowspan="1" colspan="1"><p>Ana Gabriela Salcedo Teixeira Mendes Kingston</p></td><td rowspan="1" colspan="1"><p>00118290</p></td><td rowspan="1" colspan="1"><p>Advogada</p></td><td rowspan="1" colspan="1"><p>R$ 48.967,77</p></td></tr><tr><td rowspan="1" colspan="1"><p>Andre Aguiar Estellita</p></td><td rowspan="1" colspan="1"><p>00102822</p></td><td rowspan="1" colspan="1"><p>Advogado</p></td><td rowspan="1" colspan="1"><p>R$ 55.332,14</p></td></tr><tr><td rowspan="1" colspan="1"><p>Andre Jardim Da Trindade</p></td><td rowspan="1" colspan="1"><p>00104345</p></td><td rowspan="1" colspan="1"><p>Analista de Sistemas</p></td><td rowspan="1" colspan="1"><p>R$ 48.706,19</p></td></tr><tr><td rowspan="1" colspan="1"><p>Angela Silva Markoski</p></td><td rowspan="1" colspan="1"><p>00110221</p></td><td rowspan="1" colspan="1"><p>Administradora</p></td><td rowspan="1" colspan="1"><p>R$ 45.712,26</p></td></tr><tr><td rowspan="1" colspan="1"><p>Ariel Marcelo Doctorovich</p></td><td rowspan="1" colspan="1"><p>00106313</p></td><td rowspan="1" colspan="1"><p>Administradora</p></td><td rowspan="1" colspan="1"><p>R$ 46.689,03</p></td></tr><tr><td rowspan="1" colspan="1"><p>Bruno Fraga Leal</p></td><td rowspan="1" colspan="1"><p>00061069</p></td><td rowspan="1" colspan="1"><p>Engenheiro</p></td><td rowspan="1" colspan="1"><p>R$ 67.427,05</p></td></tr><tr><td rowspan="1" colspan="1"><p>Dalmo Hiroshi Araujo Fugita</p></td><td rowspan="1" colspan="1"><p>00090786</p></td><td rowspan="1" colspan="1"><p>Advogado</p></td><td rowspan="1" colspan="1"><p>R$ 62.378,78</p></td></tr><tr><td rowspan="1" colspan="1"><p>Daniela Baccas</p></td><td rowspan="1" colspan="1"><p>00076740</p></td><td rowspan="1" colspan="1"><p>Advogada</p></td><td rowspan="1" colspan="1"><p>R$ 72.094,53</p></td></tr><tr><td rowspan="1" colspan="1"><p>Danusa Paulo de Campos</p></td><td rowspan="1" colspan="1"><p>00074381</p></td><td rowspan="1" colspan="1"><p>Advogada</p></td><td rowspan="1" colspan="1"><p>R$ 64.640,19</p></td></tr><tr><td rowspan="1" colspan="1"><p>Erica Bahiense de Albuquerque e Cunha</p></td><td rowspan="1" colspan="1"><p>00103900</p></td><td rowspan="1" colspan="1"><p>Administradora</p></td><td rowspan="1" colspan="1"><p>R$ 55.332,14</p></td></tr><tr><td rowspan="1" colspan="1"><p>Jonathan Moura Vidal</p></td><td rowspan="1" colspan="1"><p>00108413</p></td><td rowspan="1" colspan="1"><p>Administrador</p></td><td rowspan="1" colspan="1"><p>R$ 48.126,07</p></td></tr><tr><td rowspan="1" colspan="1"><p>Jose Ricardo Xavier</p></td><td rowspan="1" colspan="1"><p>00072885</p></td><td rowspan="1" colspan="1"><p>Analista de Sistemas</p></td><td rowspan="1" colspan="1"><p>R$ 64.445,35</p></td></tr><tr><td rowspan="1" colspan="1"><p>Karl Henning Nils Pettersson</p></td><td rowspan="1" colspan="1"><p>00200138</p></td><td rowspan="1" colspan="1"><p>Economista</p></td><td rowspan="1" colspan="1"><p>R$ 36.779,50</p></td></tr><tr><td rowspan="1" colspan="1"><p>Mariana Weguelin Vieira</p></td><td rowspan="1" colspan="1"><p>00200259</p></td><td rowspan="1" colspan="1"><p>Advogada</p></td><td rowspan="1" colspan="1"><p>R$ 47.248,59</p></td></tr><tr><td rowspan="1" colspan="1"><p>Myrko Irazabal da Graça</p></td><td rowspan="1" colspan="1"><p>00061131</p></td><td rowspan="1" colspan="1"><p>Analista de Sistemas</p></td><td rowspan="1" colspan="1"><p>R$ 63.326,66</p></td></tr><tr><td rowspan="1" colspan="1"><p>Paulo Marcelo Raposo Machado Costa</p></td><td rowspan="1" colspan="1"><p>00092436</p></td><td rowspan="1" colspan="1"><p>Engenheiro</p></td><td rowspan="1" colspan="1"><p>R$ 47.280,61</p></td></tr><tr><td rowspan="1" colspan="1"><p>Paulo Roberto Anderson Monteiro</p></td><td rowspan="1" colspan="1"><p>00090077</p></td><td rowspan="1" colspan="1"><p>Contador</p></td><td rowspan="1" colspan="1"><p>R$ 61.801,12</p></td></tr><tr><td rowspan="1" colspan="1"><p>Tulio Romano Dos Santos</p></td><td rowspan="1" colspan="1"><p>00061409</p></td><td rowspan="1" colspan="1"><p>Advogado</p></td><td rowspan="1" colspan="1"><p>R$ 64.491,02</p></td></tr></table>]]></Texto>
  </body>
  <Midias />
</article></xml>