﻿<xml><article id="27741406" name="Port-1413-2022-DPMM" idOficio="9058673" pubName="DO2" artType="Portaria" pubDate="30/08/2022" artClass="00013:00012:00027:00008:00000:00000:00000:00000:00000:00000:00017:00003" artCategory="Ministério da Defesa/Comando da Marinha/Diretoria-Geral do Pessoal/Diretoria do Pessoal Militar" artSize="12" artNotes="" numberPage="26" pdfPage="http://pesquisa.in.gov.br/imprensa/jsp/visualiza/index.jsp?data=30/08/2022&amp;jornal=529&amp;pagina=26" editionNumber="165" highlightType="" highlightPriority="" highlight="" highlightimage="" highlightimagename="" idMateria="19841752">
  <body>
    <Identifica><![CDATA[ PORTARIA Nº 1.413/DPMM, DE 26 DE AGOSTO DE 2022]]></Identifica>
    <Data><![CDATA[]]></Data>
    <Ementa />
    <Titulo />
    <SubTitulo />
    <Texto><![CDATA[<p class="identifica">PORTARIA Nº 1.413/DPMM, DE 26 DE AGOSTO DE 2022</p><p>O DIRETOR DO PESSOAL MILITAR DA MARINHA, no uso da subdelegação de competência que lhe confere o contido na alínea c, do inciso V, do art. 1º, do anexo B, da Portaria nº 35/2022, da DGPM e nos termos do disposto no inciso IV, do art. 81, da Lei nº 6.880/1980, resolve:</p><p>Art. 1º Agregar ao respectivo Corpo, a partir de 12AGO2022, o CT (EN) 15.0906.71 MARCELO FERNANDES DOMINGUES, por ter solicitado demissão do Serviço Ativo da Marinha.</p><p>Art. 2º Retroagir, para efeitos administrativos, conforme descrito no artigo anterior.</p><p>Art. 3° Esta Portaria entra em vigor na presente data.</p><p class="assina">V Alte HENRIQUE RENATO BAPTISTA DE SOUZA</p>]]></Texto>
  </body>
  <Midias />
</article></xml>