﻿<xml><article id="27732281" name="Port. AFP - 6809 a 6915" idOficio="9056280" pubName="DO2" artType="Portaria" pubDate="30/08/2022" artClass="00018:00100:00001:00000:00000:00000:00000:00000:00000:00000:00017:00001" artCategory="Ministério da Educação/Universidade Federal de Minas Gerais/Reitoria" artSize="12" artNotes="" numberPage="72" pdfPage="http://pesquisa.in.gov.br/imprensa/jsp/visualiza/index.jsp?data=30/08/2022&amp;jornal=529&amp;pagina=72" editionNumber="165" highlightType="" highlightPriority="" highlight="" highlightimage="" highlightimagename="" idMateria="19838397">
  <body>
    <Identifica><![CDATA[ PORTARIAS DE 24 DE AGOSTO DE 2022]]></Identifica>
    <Data><![CDATA[]]></Data>
    <Ementa />
    <Titulo />
    <SubTitulo />
    <Texto><![CDATA[<p class="identifica">PORTARIAS DE 24 DE AGOSTO DE 2022</p><p>A Reitora da Universidade Federal de Minas Gerais, no uso de atribuição que lhe confere a Portaria nº 204, de 06/02/2020, do Ministro de Estado da Educação, resolve:</p><p>Nº 6.887 - Autorizar o afastamento do país, com ônus pela UFMG, do servidor Daniel Vitor de Vasconcelos Santos, matrícula SIAPE nº 4327564, ocupante do cargo de Médico Área, lotado no Hospital das Clínicas, para participar do Congresso Anual da Academia Americana de Oftalmologia 2022 (2022 American Academy of Ophthalmology Annual Meeting), em Chicago/EUA, no período de 29/09/2022 a 03/10/2022.</p><p>Nº 6.888 - Autorizar o afastamento do país, com ônus limitado da servidora Betânia Paiva Drumond, matrícula SIAPE nº 1798843, ocupante do cargo de Professor da carreira de Magistério Superior, lotada no Instituto de Ciências Biológicas, para participar da Reunião Anual da REDE CREID e Reunião com pesquisadores colaboradores na UTMB Instituição: Universidade do Texas - Galveston, e Bethesda/EUA, no período de 10/09/2022 a 25/09/2022.</p><p>Nº 6.903 - Autorizar o afastamento do país, com ônus limitado, do servidor Samuel Tadeu Rocha, matrícula SIAPE nº 2284377, ocupante do cargo de Técnico de Laboratório Área, lotado no Instituto de Ciências Biológicas, para participar do Workshop Imaging Latin America 2022, no Instituto Pasteur de Montevidéu, em Montevidéu/Uruguai, no período de 17/09/2022 a 23/09/2022.</p><p>Nº 6.915 - Autorizar o afastamento do país, com ônus limitado, da servidora Natália Katley Oliveira, matrícula SIAPE nº 2403170, ocupante do cargo de Técnico de Laboratório Área, lotada no Instituto de Ciências Biológicas, para participar do Workshop Imaging Latin America 2022, no Instituto Pasteur de Montevidéu, em Montevidéu/Uruguai, no período de 17/09/2022 a 23/09/2022.</p><p class="assina">SANDRA REGINA GOULART ALMEIDA</p>]]></Texto>
  </body>
  <Midias />
</article></xml>