﻿<xml><article id="27740958" name="RETIFICAR PORTARIA SGA 819__KX35" idOficio="9058601" pubName="DO2" artType="Retificação" pubDate="30/08/2022" artClass="00006:00009:00012:00000:00000:00000:00000:00000:00000:00000:00017:00010" artCategory="Presidência da República/Advocacia-Geral da União/Secretaria-Geral de Administração" artSize="12" artNotes="" numberPage="3" pdfPage="http://pesquisa.in.gov.br/imprensa/jsp/visualiza/index.jsp?data=30/08/2022&amp;jornal=529&amp;pagina=3" editionNumber="165" highlightType="" highlightPriority="" highlight="" highlightimage="" highlightimagename="" idMateria="19841641">
  <body>
    <Identifica><![CDATA[ RETIFICAÇÃO]]></Identifica>
    <Data><![CDATA[]]></Data>
    <Ementa />
    <Titulo />
    <SubTitulo />
    <Texto><![CDATA[<p class="identifica">RETIFICAÇÃO</p><p>Na Portaria SGA/AGU nº 819, de 17 de maio de 2022, divulgada no Diário Oficial da União nº 94, de 19 de maio de 2022, Seção 2, página 3,onde se lê:"código FCE 1.05 (21014718)",leia-se:"código FCE 1.05 (21014640)".</p>]]></Texto>
  </body>
  <Midias />
</article></xml>