﻿<xml><article id="27732116" name="Portaria 034 2022- NomeaAAo Fisc" idOficio="7332440" pubName="DO2" artType="Portaria" pubDate="30/08/2022" artClass="00048:00517:00000:00000:00000:00000:00000:00000:00000:00000:00017:00000" artCategory="Entidades de Fiscalização do Exercício das Profissões Liberais/Conselho Regional dos Representantes Comerciais no Estado do Paraná" artSize="12" artNotes="Matéria Sem Identificação" numberPage="147" pdfPage="http://pesquisa.in.gov.br/imprensa/jsp/visualiza/index.jsp?data=30/08/2022&amp;jornal=529&amp;pagina=147" editionNumber="165" highlightType="" highlightPriority="" highlight="" highlightimage="" highlightimagename="" idMateria="14804737">
  <body>
    <Identifica><![CDATA[ PORTARIA Nº 34, DE 30 DE AGOSTO DE 2022]]></Identifica>
    <Data><![CDATA[]]></Data>
    <Ementa />
    <Titulo />
    <SubTitulo />
    <Texto><![CDATA[<p class="identifica">PORTARIA Nº 34, DE 30 DE AGOSTO DE 2022</p><p>O Diretor-Presidente do Conselho Regional dos Representantes Comerciais no Estado do Paraná - CORE-PR, no uso de suas atribuições legais, e nas conformidades do art. 26, alínea d, do Regimento Interno e, considerando o resultado final do Concurso Público nº 001/2020: resolve:</p><p>Art. 1º - Pela presente portaria nomear para compor o quadro de funcionários do Conselho Regional dos Representantes Comerciais no Estado do Paraná - CORE-PR, a partir de 30 de agosto de 2022, o Sr. Washington Alves dos Santos, portador do RG nº 15.XXX.XXX-0 e CPF nº 107.XXX.XXX-51, no Cargo de Fiscal Júnior. Art.2º - Esta portaria entra em vigor na data de sua assinatura.</p><p class="assina">Paulo Cesar Nauiack</p>]]></Texto>
  </body>
  <Midias />
</article></xml>