﻿<xml><article id="27735517" name="portaria_713_2022 GGPES CG" idOficio="9057435" pubName="DO2" artType="Portaria" pubDate="30/08/2022" artClass="00026:00034:00000:00000:00000:00000:00000:00000:00000:00000:00017:00004" artCategory="Ministério da Saúde/Agência Nacional de Vigilância Sanitária/Gabinete do Diretor-Presidente" artSize="12" artNotes="" numberPage="119" pdfPage="http://pesquisa.in.gov.br/imprensa/jsp/visualiza/index.jsp?data=30/08/2022&amp;jornal=529&amp;pagina=119" editionNumber="165" highlightType="" highlightPriority="" highlight="" highlightimage="" highlightimagename="" idMateria="19840133">
  <body>
    <Identifica><![CDATA[ PORTARIA N° 713, DE 25 DE AGOSTO DE 2022]]></Identifica>
    <Data><![CDATA[]]></Data>
    <Ementa />
    <Titulo />
    <SubTitulo />
    <Texto><![CDATA[<p class="identifica">PORTARIA N° 713, DE 25 DE AGOSTO DE 2022</p><p>A Chefe de Gabinete substituta do Diretor-Presidente da Agência Nacional de Vigilância Sanitária, no uso da competência que lhe foi delegada pela Portaria n° 1.596, de 8 de agosto de 2016, alterada pela Portaria nº 1.724, de 5 de setembro de 2016, resolve:</p><p>Exonerar, a pedido, a servidora TATIANA DE ALMEIDA JUBÉ, matrícula SIAPE nº 1568335, do cargo de Assistente, código CCT-I, da Gerência de Farmacovigilância.</p><p class="assina">ERICA FERREIRA DOBBIN</p>]]></Texto>
  </body>
  <Midias />
</article></xml>