﻿<xml><article id="27734716" name="26.08.22 - Portaria de Pessoal I" idOficio="9057224" pubName="DO2" artType="Portaria" pubDate="30/08/2022" artClass="00028:00018:00000:00000:00000:00000:00000:00000:00000:00000:00017:00002" artCategory="Ministério do Turismo/Instituto Brasileiro de Museus" artSize="12" artNotes="" numberPage="123" pdfPage="http://pesquisa.in.gov.br/imprensa/jsp/visualiza/index.jsp?data=30/08/2022&amp;jornal=529&amp;pagina=123" editionNumber="165" highlightType="" highlightPriority="" highlight="" highlightimage="" highlightimagename="" idMateria="19839876">
  <body>
    <Identifica><![CDATA[ PORTARIA DE PESSOAL IBRAM Nº 151, DE 24 DE agosto DE 2022]]></Identifica>
    <Data><![CDATA[]]></Data>
    <Ementa />
    <Titulo />
    <SubTitulo />
    <Texto><![CDATA[<p class="identifica">PORTARIA DE PESSOAL IBRAM Nº 151, DE 24 DE agosto DE 2022</p><p>O PRESIDENTE DO INSTITUTO BRASILEIRO DE MUSEUS, no uso das atribuições que lhe confere o art. 20, inciso IV, anexo I, do Decreto nº 6.845, de 7 de maio de 2009, em conformidade com o disposto no inciso VIII, do art. 33, da Lei nº 8.112, de 11 de dezembro de 1990, e tendo em vista o que consta no Processo Administrativo nº 01415.001580/2022-67, resolve:</p><p>Declarar vacância, do cargo de Técnico em Assuntos Culturais, Classe B, Padrão VI, do quadro permanente deste Instituto, ocupado por ALINE MONTENEGRO MAGALHÃES, matrícula Siape nº 1457668, lotada no Museu Histórico Nacional, por posse em outro cargo inacumulável, a contar de 23 de agosto de 2022.</p><p class="assina">Pedro Machado Mastrobuono</p>]]></Texto>
  </body>
  <Midias />
</article></xml>