﻿<xml><article id="27734689" name="PORT 2454 PRESI CONCURSO 2." idOficio="9057216" pubName="DO2" artType="Portaria" pubDate="30/08/2022" artClass="00022:00040:00000:00000:00000:00000:00000:00000:00000:00000:00017:00002" artCategory="Ministério do Meio Ambiente/Instituto Brasileiro do Meio Ambiente e dos Recursos Naturais Renováveis" artSize="12" artNotes="" numberPage="107" pdfPage="http://pesquisa.in.gov.br/imprensa/jsp/visualiza/index.jsp?data=30/08/2022&amp;jornal=529&amp;pagina=107" editionNumber="165" highlightType="" highlightPriority="" highlight="" highlightimage="" highlightimagename="" idMateria="19839866">
  <body>
    <Identifica><![CDATA[ PORTARIA DE PESSOAL Nº 2.454, DE 25 DE AGOSTO DE 2022]]></Identifica>
    <Data><![CDATA[]]></Data>
    <Ementa />
    <Titulo />
    <SubTitulo />
    <Texto><![CDATA[<p class="identifica">PORTARIA DE PESSOAL Nº 2.454, DE 25 DE AGOSTO DE 2022</p><p>O PRESIDENTE DO INSTITUTO BRASILEIRO DO MEIO AMBIENTE E DOS RECURSOS NATURAIS RENOVÁVEIS (Ibama), nomeado pelo Decreto não numerado, de 9 de janeiro de 2019, publicado na Seção 2, da edição extra do DOU de 9 de janeiro de 2019, no uso das atribuições que lhe conferem o art. 15, do Anexo I, do Decreto nº 11.095, de 13 de junho de 2022, que aprovou a Estrutura Regimental do Ibama, publicado no DOU de 14 de junho 2022; e,</p><p>CONSIDERANDO o teor da Nota Técnica 19 (13430546) constante dos autos do processo nº 02001.014963/2022-20, resolve:</p><p>Art. 1º Tornar sem efeito a nomeação dos candidatos nomeados pela Portaria de Pessoal nº 2.395, de 19 de agosto de 2022, DOU de 22/08/2022, conforme ANEXO I e II, desta portaria.</p><p>Art. 2º Divulgar a reclassificação, por solicitar final de lista, nos termos do art. 22, da Instrução Normativa nº 2, de 2019, os candidatos conforme ANEXO III, desta portaria.</p><p>Art. 3º. Esta Portaria entra em vigor na data de sua publicação.</p><p class="assina">EDUARDO FORTUNATO BIM</p><p>ANEXO I</p><p>Cargo 1: Analista Administrativo</p><p /><p></p><table><tr /><tr><td rowspan="1" colspan="1"><p>INSCRIÇÃO</p></td><td rowspan="1" colspan="1"><p>NOME</p></td><td rowspan="1" colspan="1"><p>CLASSIFICAÇÃO</p></td><td rowspan="1" colspan="1"><p>UNIDADE DE LOTAÇÃO</p></td><td rowspan="1" colspan="1"><p>SITUAÇÃO</p></td></tr><tr><td rowspan="1" colspan="1"><p>10055366</p></td><td rowspan="1" colspan="1"><p>FELIPE NIERO COSTA</p></td><td rowspan="1" colspan="1"><p>55</p></td><td rowspan="1" colspan="1"><p>DF</p></td><td rowspan="1" colspan="1"><p>AMPLA CONCORRÊNCIA</p></td></tr></table><p>ANEXO II</p><p>Cargo 5: Técnico Ambiental</p><p /><p></p><table><tr /><tr><td rowspan="1" colspan="1"><p>INSCRIÇÃO</p></td><td rowspan="1" colspan="1"><p>NOME</p></td><td rowspan="1" colspan="1"><p>CLASSIFICAÇÃO</p></td><td rowspan="1" colspan="1"><p>UNIDADE DE LOTAÇÃO</p></td><td rowspan="1" colspan="1"><p>SITUAÇÃO</p></td></tr><tr><td rowspan="1" colspan="1"><p>10102658</p></td><td rowspan="1" colspan="1"><p>MARCUS VINICIUS BASTOS BORBA</p></td><td rowspan="1" colspan="1"><p>18</p></td><td rowspan="1" colspan="1"><p>RO</p></td><td rowspan="1" colspan="1"><p>AMPLA CONCORRÊNCIA</p></td></tr></table><p>ANEXO III</p><p /><p></p><table><tr /><tr><td rowspan="1" colspan="1"><p>MATRÍCULA</p></td><td rowspan="1" colspan="1"><p>NOME</p></td><td rowspan="1" colspan="1"><p>CLASSIFICAÇÃO</p></td><td rowspan="1" colspan="1"><p>RECLASSIFICAÇÃO</p></td><td rowspan="1" colspan="1"><p>CARGO</p></td><td rowspan="1" colspan="1"><p>UF</p></td><td rowspan="1" colspan="1"><p>SITUAÇÃO</p></td><td rowspan="1" colspan="1"><p>DATA</p></td><td rowspan="1" colspan="1"><p>HORÁRIO</p></td></tr><tr><td rowspan="1" colspan="1"><p>10055366</p></td><td rowspan="1" colspan="1"><p>FELIPE NIERO COSTA</p></td><td rowspan="1" colspan="1"><p>55</p></td><td rowspan="1" colspan="1"><p>69</p></td><td rowspan="1" colspan="1"><p>Analista Administrativo</p></td><td rowspan="1" colspan="1"><p>DF</p></td><td rowspan="1" colspan="1"><p>AMPLA CONCORRÊNCIA</p></td><td rowspan="1" colspan="1"><p>24/08/2022</p></td><td rowspan="1" colspan="1"><p>10:22:00</p></td></tr><tr><td rowspan="1" colspan="1"><p>10143085</p></td><td rowspan="1" colspan="1"><p>LEANDRO SOUZA SANTANA</p></td><td rowspan="1" colspan="1"><p>3</p></td><td rowspan="1" colspan="1"><p>14</p></td><td rowspan="1" colspan="1"><p>Analista Administrativo</p></td><td rowspan="1" colspan="1"><p>DF</p></td><td rowspan="1" colspan="1"><p>CANDIDATO NEGRO</p></td><td rowspan="1" colspan="1"><p>11/07/2022</p></td><td rowspan="1" colspan="1"><p>17:09:00</p></td></tr></table>]]></Texto>
  </body>
  <Midias />
</article></xml>