﻿<xml><article id="27733573" name="Portaria de Pessoal SEGES nA 981" idOficio="9056961" pubName="DO2" artType="Portaria" pubDate="30/08/2022" artClass="00015:00041:00033:00000:00000:00000:00000:00000:00000:00000:00017:00003" artCategory="Ministério da Economia/Secretaria Especial de Desburocratização, Gestão e Governo Digital/Secretaria de Gestão" artSize="12" artNotes="" numberPage="35" pdfPage="http://pesquisa.in.gov.br/imprensa/jsp/visualiza/index.jsp?data=30/08/2022&amp;jornal=529&amp;pagina=35" editionNumber="165" highlightType="" highlightPriority="" highlight="" highlightimage="" highlightimagename="" idMateria="19839460">
  <body>
    <Identifica><![CDATA[ PORTARIA DE PESSOAL SEGES/ME Nº 9.813, DE 25 DE AGOSTO DE 2022]]></Identifica>
    <Data><![CDATA[]]></Data>
    <Ementa />
    <Titulo />
    <SubTitulo />
    <Texto><![CDATA[<p class="identifica">PORTARIA DE PESSOAL SEGES/ME Nº 9.813, DE 25 DE AGOSTO DE 2022</p><p>A SECRETÁRIA DE GESTÃO SUBSTITUTA DA SECRETARIA ESPECIAL DE DESBUROCRATIZAÇÃO, GESTÃO E GOVERNO DIGITAL DO MINISTÉRIO DA ECONOMIA, no uso de suas atribuições, e considerando a subdelegação de competência contida na Portaria SEDGG/ME nº 17.472, de 21 de julho de 2020, publicada no Diário Oficial da União de 23 de julho de 2020, bem como o disposto no processo SEI nº 19973.107036/2022-68, resolve:</p><p>Designar FERNANDA VIEIRA KLEIN TEIXEIRA LOPES, matrícula SIAPE nº 1668383, para exercer o encargo de substituta eventual do cargo de Coordenadora de Projeto, do Departamento de Normas e Sistemas de Logística, da Secretaria de Gestão, da Secretaria Especial de Desburocratização, Gestão e Governo Digital deste Ministério, ocupado pela servidora REGINA CELIA ZANELLA PIRES DE OLIVEIRA, nos afastamentos, impedimentos legais ou regulamentares do titular e na vacância do cargo, código FCPE 103.3.</p><p class="assina">ELISE SUELI PEREIRA GONÇALVES</p>]]></Texto>
  </body>
  <Midias />
</article></xml>