﻿<xml><article id="27742691" name="DOU2-PRR1-1-PT-126-UNI-PRR1A-000" idOficio="9058875" pubName="DO2" artType="Portaria" pubDate="30/08/2022" artClass="00043:00010:00018:00000:00000:00000:00000:00000:00000:00000:00017:00126" artCategory="Ministério Público da União/Ministério Público Federal/Procuradoria Regional da República da 1ª  Região" artSize="12" artNotes="" numberPage="130" pdfPage="http://pesquisa.in.gov.br/imprensa/jsp/visualiza/index.jsp?data=30/08/2022&amp;jornal=529&amp;pagina=130" editionNumber="165" highlightType="" highlightPriority="" highlight="" highlightimage="" highlightimagename="" idMateria="19842055">
  <body>
    <Identifica><![CDATA[ PORTARIA Nº 126, DE 25 DE AGOSTO DE 2022]]></Identifica>
    <Data><![CDATA[]]></Data>
    <Ementa />
    <Titulo />
    <SubTitulo />
    <Texto><![CDATA[<p class="identifica">PORTARIA Nº 126, DE 25 DE AGOSTO DE 2022</p><p>O PROCURADOR-CHEFE DA PROCURADORIA REGIONAL DA REPÚBLICA DA 1ª REGIÃO, no uso das atribuições legais conferidas pela Portaria PGR/MPF nº 601, de 29 de setembro de 2021, e pelo inciso VI do artigo 26 do Regimento Interno Administrativo da Procuradoria Regional da República da 1ª Região, aprovado pela Portaria PRR1 nº 152, de 17 de setembro de 2019, e o que consta da Portaria PGR/MPU nº 32, de 30 de agosto de 2019, resolve:</p><p>Art. 1º Nomear o servidor Marcos Paulo Reis dos Santos, matrícula MPF nº 27371, ocupante do cargo efetivo de Analista do MPU/Direito, para o cargo em comissão de Assessor, Nível IV, CC-4, de gabinete de procurador(a) regional da República - GABPRR11.</p><p>Art. 2º Esta portaria entra em vigor na data de sua publicação.</p><p class="assina">JOSÉ ROBALINHO CAVALCANTI</p>]]></Texto>
  </body>
  <Midias />
</article></xml>