﻿<xml><article id="27734845" name="PORTARIA 2396.2022" idOficio="9057270" pubName="DO2" artType="Portaria" pubDate="30/08/2022" artClass="00026:00023:00010:00000:00000:00000:00000:00000:00000:00000:00017:00000" artCategory="Ministério da Saúde/Secretaria de Atenção Especializada à Saúde/Instituto Nacional de Câncer" artSize="12" artNotes="" numberPage="119" pdfPage="http://pesquisa.in.gov.br/imprensa/jsp/visualiza/index.jsp?data=30/08/2022&amp;jornal=529&amp;pagina=119" editionNumber="165" highlightType="" highlightPriority="" highlight="" highlightimage="" highlightimagename="" idMateria="19839924">
  <body>
    <Identifica><![CDATA[ PORTARIA INCA/MS Nº 2.396, de DE 23 DE AGOSTO 2022]]></Identifica>
    <Data><![CDATA[]]></Data>
    <Ementa />
    <Titulo />
    <SubTitulo />
    <Texto><![CDATA[<p class="identifica">PORTARIA INCA/MS Nº 2.396, de DE 23 DE AGOSTO 2022</p><p>A Diretora-Geral do Instituto Nacional de Câncer José Alencar Gomes da Silva, do Ministério da Saúde, no uso de suas atribuições subdelegadas pela Portaria/CGRH/MS nº 1.041 de 30/10/2009, publicada no DOU nº 209, de 03/11/2009, resolve:</p><p>Reverter à atividade a servidora JULIANA SARTORIO DA SILVA LOPES, matrícula SIAPE nº 1833342, ocupante do cargo de Técnico, NI, classe N, padrão II, aposentada por invalidez permanente em 09/04/2018, com base no laudo médico pericial nº 0.121.753./2017, expedido por Junta Médica Oficial do Ministério da Saúde, através da Portaria INCA nº 237, de 05/04/2018, publicada no DOU nº 67, de 09/04/2018 (Processo nº 25410.007932/2022-04).</p><p class="assina">ANA CRISTINA PINHO MENDES PEREIRA</p>]]></Texto>
  </body>
  <Midias />
</article></xml>