﻿<xml><article id="27737873" name="1596" idOficio="9057966" pubName="DO2" artType="Portaria" pubDate="30/08/2022" artClass="00007:00003:00000:00000:00000:00000:00000:00000:00000:00000:00017:00001" artCategory="Ministério da Agricultura, Pecuária e Abastecimento/Secretaria Executiva" artSize="12" artNotes="" numberPage="3" pdfPage="http://pesquisa.in.gov.br/imprensa/jsp/visualiza/index.jsp?data=30/08/2022&amp;jornal=529&amp;pagina=3" editionNumber="165" highlightType="" highlightPriority="" highlight="" highlightimage="" highlightimagename="" idMateria="19840797">
  <body>
    <Identifica><![CDATA[ PORTARIA DE PESSOAL SE/MAPA Nº 1.596, DE 25 DE AGOSTO DE 2022]]></Identifica>
    <Data><![CDATA[]]></Data>
    <Ementa />
    <Titulo />
    <SubTitulo />
    <Texto><![CDATA[<p class="identifica">PORTARIA DE PESSOAL SE/MAPA Nº 1.596, DE 25 DE AGOSTO DE 2022</p><p>O SECRETÁRIO EXECUTIVO DO MINISTÉRIO DA AGRICULTURA, PECUÁRIA E ABASTECIMENTO, no uso da competência que lhe foi subdelegada pela Portaria nº 330, de 29 de outubro de 2021, publicada no Diário Oficial da União, de 4 de novembro de 2021, e tendo em vista o disposto no Decreto nº 10.827, de 30 de setembro de 2021, alterado pelo Decreto nº 11.050, de 26 de abril de 2022, bem como as disposições da Lei nº 13.346, de 10 de outubro de 2016, e o que consta no Processo nº 21000.080062/2022-81, resolve:</p><p>Designar CRISTIANE MONTEIRO MELO, matrícula SIAPE nº 1751688, para exercer o encargo de substituta do Coordenador, código FCPE 101.3, GLAUBER MOURA GONÇALVES, da Coordenação do Escritório de Processos, da Coordenação-Geral de Planejamento e Processos, do Departamento de Governança e Gestão, da Secretaria-Executiva, nos seus afastamentos e impedimentos legais ou regulamentares.</p><p class="assina">MÁRCIO ELI ALMEIDA LEANDRO</p>]]></Texto>
  </body>
  <Midias />
</article></xml>