﻿<xml><article id="27742715" name="DOU2-RN-1-PT-106-UNI-PR-RN-00034" idOficio="9058875" pubName="DO2" artType="Portaria" pubDate="30/08/2022" artClass="00043:00010:00041:00000:00000:00000:00000:00000:00000:00000:00017:00106" artCategory="Ministério Público da União/Ministério Público Federal/Procuradoria da República no Estado do Rio Grande do Norte" artSize="12" artNotes="" numberPage="130" pdfPage="http://pesquisa.in.gov.br/imprensa/jsp/visualiza/index.jsp?data=30/08/2022&amp;jornal=529&amp;pagina=130" editionNumber="165" highlightType="" highlightPriority="" highlight="" highlightimage="" highlightimagename="" idMateria="19842056">
  <body>
    <Identifica><![CDATA[ PORTARIA Nº 106, DE 23 DE AGOSTO DE 2022]]></Identifica>
    <Data><![CDATA[]]></Data>
    <Ementa />
    <Titulo />
    <SubTitulo />
    <Texto><![CDATA[<p class="identifica">PORTARIA Nº 106, DE 23 DE AGOSTO DE 2022</p><p>A PROCURADORA-CHEFE DA PROCURADORIA DA REPÚBLICA NO ESTADO DO RIO GRANDE DO NORTE, no exercício das atribuições legais que foram conferidas pela Portaria SG/MPF nº 382, de 05 de maio de 2015, resolve:</p><p>Art. 1º - Exonerar, a partir de 29 de agosto de 2022, o servidor DANIEL DINIZ BARRETO DE PAIVA, Matrícula 31127, do Cargo em Comissão de Assessor Nível II, CC-2, da Procuradoria da República no Estado do Rio Grande do Norte/Ceará-Mirim/RN, vinculado ao Gabinete da Procuradora da República Cibele Benevides Guedes da Fonseca.</p><p>Art. 2º - Esta Portaria entra em vigor na data de sua publicação.</p><p class="assina">Cibele Benevides Guedes da Fonseca</p>]]></Texto>
  </body>
  <Midias />
</article></xml>