﻿<xml><article id="27742682" name="DOU2-SGMPU-PGR-1-PT-57-UNI-PGR-0" idOficio="9058875" pubName="DO2" artType="Portaria" pubDate="30/08/2022" artClass="00043:00006:00000:00000:00000:00000:00000:00000:00000:00000:00017:00057" artCategory="Ministério Público da União/Secretaria-Geral" artSize="12" artNotes="" numberPage="128" pdfPage="http://pesquisa.in.gov.br/imprensa/jsp/visualiza/index.jsp?data=30/08/2022&amp;jornal=529&amp;pagina=128" editionNumber="165" highlightType="" highlightPriority="" highlight="" highlightimage="" highlightimagename="" idMateria="19842062">
  <body>
    <Identifica><![CDATA[ PORTARIA SG/MPU Nº 57, DE 25 DE AGOSTO DE 2022]]></Identifica>
    <Data><![CDATA[]]></Data>
    <Ementa />
    <Titulo />
    <SubTitulo />
    <Texto><![CDATA[<p class="identifica">PORTARIA SG/MPU Nº 57, DE 25 DE AGOSTO DE 2022</p><p>A SECRETÁRIA-GERAL DO MINISTÉRIO PÚBLICO DA UNIÃO, no uso de suas atribuições, tendo em vista a competência que lhe foi delegada pela Portaria PGR nº 683, de 26 de setembro de 2013, e considerando o que consta do Processo nº 1.00.000.021213/2018-57 e no expediente PGR-00338661/2022, resolve:</p><p>1. Tornar sem efeito, por perda do prazo para posse, nos termos do § 1º e § 6º do art. 13 da Lei nº 8.112, de 11 de dezembro de 1990, a nomeação de ANA BEATRIZ DE FARIAS MACHADO, no cargo de ANALISTA DO MPU/DIREITO, NÍVEL SUPERIOR, classe "A", padrão 1, do Quadro de Pessoal do MPU, na Unidade da Federação: RIO GRANDE DO SUL, constante da Portaria SG/MPU nº 47, de 13 de julho de 2022, publicada no Diário Oficial da União de 14 de julho de 2022.</p><p>2. Tornar sem efeito, por perda do prazo para posse, nos termos do § 1º e § 6º do art. 13 da Lei nº 8.112, de 11 de dezembro de 1990, a nomeação de JOSE REIS DOS SANTOS FERREIRA, no cargo de ANALISTA DO MPU/DIREITO, NÍVEL SUPERIOR, classe "A", padrão 1, do Quadro de Pessoal do MPU, na Unidade da Federação: DISTRITO FEDERAL, constante da Portaria SG/MPU nº 47, de 13 de julho de 2022, publicada no Diário Oficial da União de 14 de julho de 2022.</p><p>3. Tornar sem efeito, por perda do prazo para posse, nos termos do § 1º e § 6º do art. 13 da Lei nº 8.112, de 11 de dezembro de 1990, a nomeação de LEANDRO DE SOUZA OLIVEIRA, no cargo de TÉCNICO DO MPU/ADMINISTRAÇÃO, NÍVEL MÉDIO, classe "A", padrão 1, do Quadro de Pessoal do MPU, na Unidade da Federação: RORAIMA, constante da Portaria SG/MPU nº 48, de 14 de julho de 2022, publicada no Diário Oficial da União de 15 de julho de 2022.</p><p>4. Tornar sem efeito, por perda do prazo para posse, nos termos do § 1º e § 6º do art. 13 da Lei nº 8.112, de 11 de dezembro de 1990, a nomeação de CLARISSE GONCALVES FONTES LIMA, no cargo de TÉCNICO DO MPU/ADMINISTRAÇÃO, NÍVEL MÉDIO, classe "A", padrão 1, do Quadro de Pessoal do MPU, na Unidade da Federação: DISTRITO FEDERAL, constante da Portaria SG/MPU nº 49, de 20 de julho de 2022, publicada no Diário Oficial da União de 21 de julho de 2022.</p><p>5. Tornar sem efeito, por perda do prazo para posse, nos termos do § 1º e § 6º do art. 13 da Lei nº 8.112, de 11 de dezembro de 1990, a nomeação de DIEGO RODRIGO ANDRADE DE BARROS, no cargo de TÉCNICO DO MPU/ADMINISTRAÇÃO, NÍVEL MÉDIO, classe "A", padrão 1, do Quadro de Pessoal do MPU, na Unidade da Federação: DISTRITO FEDERAL, constante da Portaria SG/MPU nº 49, de 20 de julho de 2022, publicada no Diário Oficial da União de 21 de julho de 2022.</p><p>6. Tornar sem efeito, por perda do prazo para posse, nos termos do § 1º e § 6º do art. 13 da Lei nº 8.112, de 11 de dezembro de 1990, a nomeação de ERIC DA SILVA OLIVEIRA, no cargo de TÉCNICO DO MPU/ADMINISTRAÇÃO, NÍVEL MÉDIO, classe "A", padrão 1, do Quadro de Pessoal do MPU, na Unidade da Federação: MINAS GERAIS, constante da Portaria SG/MPU nº 49, de 20 de julho de 2022, publicada no Diário Oficial da União de 21 de julho de 2022.</p><p>7. Tornar sem efeito, por perda do prazo para posse, nos termos do § 1º e § 6º do art. 13 da Lei nº 8.112, de 11 de dezembro de 1990, a nomeação de FABIO ATAIDE DE FREITAS MELO, no cargo de TÉCNICO DO MPU/ADMINISTRAÇÃO, NÍVEL MÉDIO, classe "A", padrão 1, do Quadro de Pessoal do MPU, na Unidade da Federação: DISTRITO FEDERAL, constante da Portaria SG/MPU nº 49, de 20 de julho de 2022, publicada no Diário Oficial da União de 21 de julho de 2022.</p><p>8. Tornar sem efeito, por perda do prazo para posse, nos termos do § 1º e § 6º do art. 13 da Lei nº 8.112, de 11 de dezembro de 1990, a nomeação de JUCELINO FERREIRA DE BRITO JUNIOR, no cargo de TÉCNICO DO MPU/ADMINISTRAÇÃO, NÍVEL MÉDIO, classe "A", padrão 1, do Quadro de Pessoal do MPU, na Unidade da Federação: DISTRITO FEDERAL, constante da Portaria SG/MPU nº 49, de 20 de julho de 2022, publicada no Diário Oficial da União de 21 de julho de 2022.</p><p>9. Tornar sem efeito, por perda do prazo para posse, nos termos do § 1º e § 6º do art. 13 da Lei nº 8.112, de 11 de dezembro de 1990, a nomeação de LUCAS SILVA CARVALHO, no cargo de TÉCNICO DO MPU/ADMINISTRAÇÃO, NÍVEL MÉDIO, classe "A", padrão 1, do Quadro de Pessoal do MPU, na Unidade da Federação: DISTRITO FEDERAL, constante da Portaria SG/MPU nº 49, de 20 de julho de 2022, publicada no Diário Oficial da União de 21 de julho de 2022.</p><p>10. Tornar sem efeito, a nomeação de JOHNATAN DE OLIVEIRA FREIRE no cargo de TÉCNICO DO MPU/ADMINISTRAÇÃO, NÍVEL MÉDIO, classe "A", padrão 1, do Quadro de Pessoal do MPU, na Unidade da Federação: DISTRITO FEDERAL, constante da Portaria SG/MPU nº 53, de 28 de julho de 2022, publicada no Diário Oficial da União de 2 de agosto de 2022, por ter desistido definitivamente da nomeação.</p><p class="assina">ELIANA PERES TORELLY DE CARVALHO</p>]]></Texto>
  </body>
  <Midias />
</article></xml>