﻿<xml><article id="27736763" name="DG - 4.909 - 2022" idOficio="9057707" pubName="DO2" artType="Portaria" pubDate="30/08/2022" artClass="00019:00037:00000:00000:00000:00000:00000:00000:00000:00000:00017:00000" artCategory="Ministério da Infraestrutura/Departamento Nacional de Infraestrutura de Transportes" artSize="12" artNotes="" numberPage="99" pdfPage="http://pesquisa.in.gov.br/imprensa/jsp/visualiza/index.jsp?data=30/08/2022&amp;jornal=529&amp;pagina=99" editionNumber="165" highlightType="" highlightPriority="" highlight="" highlightimage="" highlightimagename="" idMateria="19840510">
  <body>
    <Identifica><![CDATA[ PORTARIA Nº 4.909, DE 25 DE AGOSTO DE 2022]]></Identifica>
    <Data><![CDATA[]]></Data>
    <Ementa />
    <Titulo />
    <SubTitulo />
    <Texto><![CDATA[<p class="identifica">PORTARIA Nº 4.909, DE 25 DE AGOSTO DE 2022</p><p>O DIRETOR-GERAL DO DEPARTAMENTO NACIONAL DE INFRAESTRUTURA DE TRANSPORTES - DNIT, no uso das atribuições que lhe conferem o Art. 173 do Regimento Interno aprovado pela Resolução/CONSAD nº 39, de 17/11/2020, publicada no DOU de 19/11/2020, e tendo em vista o constante dos autos do processo nº 50611.004752/2021-62, resolve:</p><p>Art. 1º Designar o servidor FABRÍCIO ADRIANO RIBEIRO, ocupante do cargo de Analista Administrativo - Contador, matrículas SIAPE nº 1724673 e DNIT nº 4643-4, CRC DF - 020183/O-5, como responsável pela realização da conformidade contábil no SIAFI no âmbito da Superintendência Regional do DNIT no Estado de Mato Grosso, Unidade Gestora 393020.</p><p>Art. 2º Designar a servidora MARINA BRAZ DE CASTRO CALIL, ocupante do cargo de Analista Administrativo - Contadora, matrículas SIAPE nº 2063493 e DNIT nº 4654-0, CRC/DF: 024296/O-0, como substituta do responsável pela execução no Sistema Integrado de Administração Financeira do Governo Federal (SIAFI), dos atos de Gestão Orçamentária e de Gestão Financeira, no âmbito da Superintendência Regional do DNIT no Estado do Rio Grande do Sul.</p><p>Art. 3º Revogar a Portaria nº 33/DG, de 04/01/2021, publicada no DOU de 05/01/2021, Seção 2, pagina 22.</p><p>Art. 4º Esta Portaria entra em vigor na data da sua publicação</p><p class="assina">ANTÔNIO LEITE DOS SANTOS FILHO</p>]]></Texto>
  </body>
  <Midias />
</article></xml>