﻿<xml><article id="27735328" name="Portarias n 649 e 650" idOficio="9057377" pubName="DO2" artType="Portaria" pubDate="30/08/2022" artClass="00015:00046:00059:00017:00000:00000:00000:00000:00000:00000:00017:00000" artCategory="Ministério da Economia/Secretaria Especial do Tesouro e Orçamento/Secretaria do Tesouro Nacional/Subsecretaria de Assuntos Corporativos" artSize="12" artNotes="" numberPage="45" pdfPage="http://pesquisa.in.gov.br/imprensa/jsp/visualiza/index.jsp?data=30/08/2022&amp;jornal=529&amp;pagina=45" editionNumber="165" highlightType="" highlightPriority="" highlight="" highlightimage="" highlightimagename="" idMateria="19840070">
  <body>
    <Identifica><![CDATA[ PORTARIAS DE 25 DE AGOSTO DE 2022]]></Identifica>
    <Data><![CDATA[]]></Data>
    <Ementa />
    <Titulo />
    <SubTitulo />
    <Texto><![CDATA[<p class="identifica">PORTARIAS DE 25 DE AGOSTO DE 2022</p><p>A SUBSECRETÁRIA DE ASSUNTOS CORPORATIVOS, DA SECRETARIA DO TESOURO NACIONAL, no uso da competência que lhe foi subdelegada pela Portaria STN nº 157, de 18 de março de 2019, publicada no Diário Oficial da União de 19 de março de 2019, resolve:</p><p>Nº 649 - Conceder a Gratificação Temporária das Unidades dos Sistemas Estruturadores da Administração Pública Federal - GSISTE, Nível Superior - NS, do Sistema de Administração Financeira Federal, Órgão Central STN, ao servidor JOSÉ MANOEL DOS SANTOS JUNIOR, Matrícula SIAPE nº 1642429, ocupante do cargo de Contador, para ter exercício na Gerência de Gestão da Programação Financeira dos Órgãos, da Coordenação-Geral de Planejamento e Programação Financeira, da Subsecretaria de Administração Financeira Federal, da Secretaria do Tesouro Nacional, do Ministério da Economia -GEPOF/COFIN/SUAFI/STN/ME, ficando dispensado da gratificação que atualmente ocupa.</p><p>Nº 650 - Conceder a Gratificação Temporária das Unidades dos Sistemas Estruturadores da Administração Pública Federal - GSISTE, Nível Superior - NS, do Sistema de Contabilidade Pública Federal, Órgão Central STN, à servidora MARIA DO SOCORRO BRITO VIEIRA, Matrícula SIAPE nº 1052138, ocupante do cargo de Contadora, para ter exercício na Coordenação da Seccional de Contabilidade, do Departamento de Riscos, Controles e Conformidade, da Secretaria Especial do Tesouro e Orçamento, do Ministério da Economia - COSEC/DERIC/SETO/ME, ficando dispensada da gratificação que atualmente ocupa.</p><p class="assina">PAULA BICUDO DE CASTRO MAGALHÃES</p>]]></Texto>
  </body>
  <Midias />
</article></xml>