﻿<xml><article id="27735277" name="773 2022" idOficio="9057366" pubName="DO2" artType="Portaria" pubDate="30/08/2022" artClass="00018:00099:00000:00000:00000:00000:00000:00000:00000:00000:00017:00005" artCategory="Ministério da Educação/Universidade Federal de Lavras" artSize="12" artNotes="" numberPage="72" pdfPage="http://pesquisa.in.gov.br/imprensa/jsp/visualiza/index.jsp?data=30/08/2022&amp;jornal=529&amp;pagina=72" editionNumber="165" highlightType="" highlightPriority="" highlight="" highlightimage="" highlightimagename="" idMateria="19840055">
  <body>
    <Identifica><![CDATA[ PORTARIA Nº 773, DE 26 DE AGOSTO DE 2022]]></Identifica>
    <Data><![CDATA[]]></Data>
    <Ementa />
    <Titulo />
    <SubTitulo />
    <Texto><![CDATA[<p class="identifica">PORTARIA Nº 773, DE 26 DE AGOSTO DE 2022</p><p>O REITOR DA UNIVERSIDADE FEDERAL DE LAVRAS, no uso de suas atribuições legais e regimentais, com fundamento no disposto no Decreto n° 1.387/95 e suas alterações, no Decreto n° 91.800/85 e suas alterações, na Portaria MEC n° 404/09 e na Resolução Normativa CEPE n° 24/2022, resolve:</p><p>Art. 1º Autorizar o afastamento do país do servidor João José Granate Sá e Melo Marques, matrícula na origem nº 140689, Professor do Magistério Superior, lotado no Departamento de Ciência do Solo, para participar de missão da Agência Brasileira de Cooperação (ABC), visando a realização de visita de campo e continuação das tratativas de novo projeto de cooperação técnica na temática do algodão em Abidjan/Costa do Marfim, no período de 10/09/2022 a 25/09/2022 (inclusive trânsito), com ônus limitado, conforme Processo nº 23090.028336/2022-94.</p><p>Art. 2º Esta Portaria entra em vigor na data de sua publicação no Diário Oficial da União.</p><p class="assina">JOÃO CHRYSOSTOMO DE RESENDE JUNIOR</p>]]></Texto>
  </body>
  <Midias />
</article></xml>