﻿<xml><article id="27732065" name="Portaria TRE-BA NA 644_dispensa " idOficio="8606178" pubName="DO2" artType="Portaria" pubDate="30/08/2022" artClass="00047:00016:00000:00000:00000:00000:00000:00000:00000:00000:00017:00003" artCategory="Poder Judiciário/Tribunal Regional Eleitoral da Bahia" artSize="12" artNotes="" numberPage="141" pdfPage="http://pesquisa.in.gov.br/imprensa/jsp/visualiza/index.jsp?data=30/08/2022&amp;jornal=529&amp;pagina=141" editionNumber="165" highlightType="" highlightPriority="" highlight="" highlightimage="" highlightimagename="" idMateria="18437516">
  <body>
    <Identifica><![CDATA[ PORTARIA Nº 644, DE 25 DE AGOSTO DE 2022]]></Identifica>
    <Data><![CDATA[]]></Data>
    <Ementa />
    <Titulo />
    <SubTitulo />
    <Texto><![CDATA[<p class="identifica">PORTARIA Nº 644, DE 25 DE AGOSTO DE 2022</p><p>O PRESIDENTE DO TRIBUNAL REGIONAL ELEITORAL DA BAHIA, no uso das atribuições que lhe são conferidas pelo art. 8º, da Resolução Administrativa TRE/BA nº 1/2017 e tendo em vista o constante do Processo SEI nº 0012576-36.2022.6.05.8043, resolve:</p><p>Art. 1º Dispensar GABRIELA PERCÍLIA CRISTINO da função comissionada de Chefe de Cartório (FC-6), da 43ª Zona Eleitoral (Castro Alves - BA), a partir de 29/6/2022, data de sua posse em outro cargo inacumulável.</p><p>Art. 2º Designar ELINE DAIANE BARRETO DOS SANTOS, Técnico Judiciário - Área Administrativa, para exercer a função comissionada de Chefe de Cartório (FC-6), da 43ª Zona Eleitoral (Castro Alves - BA), a partir da publicação desta Portaria.</p><p>Art.3º Esta Portaria entrará em vigor na data de sua publicação.</p><p class="assina">Des. ROBERTO MAYNARD FRANK</p>]]></Texto>
  </body>
  <Midias />
</article></xml>