﻿<xml><article id="27731753" name="Aviso EspecAfico de LicitaAAo_v2" idOficio="9056377" pubName="DO3" artType="Aviso de Licitação" pubDate="30/08/2022" artClass="00050:08467:00000:00000:00000:00000:00000:00000:00000:00000:00081:00000" artCategory="Ineditoriais/PROJETO COOPERAR DO ESTADO DA PARAÍBA" artSize="12" artNotes="OK" numberPage="297" pdfPage="http://pesquisa.in.gov.br/imprensa/jsp/visualiza/index.jsp?data=30/08/2022&amp;jornal=530&amp;pagina=297" editionNumber="165" highlightType="" highlightPriority="" highlight="" highlightimage="" highlightimagename="" idMateria="19838737">
  <body>
    <Identifica><![CDATA[ Aviso   ]]></Identifica>
    <Data><![CDATA[]]></Data>
    <Ementa />
    <Titulo />
    <SubTitulo />
    <Texto><![CDATA[<p class="identifica">Aviso</p><p class="identifica">Solicitação de Ofertas SDO Nº 5/2022</p><p>Aviso Específico de Aquisição</p><p></p><p>Solicitação de Ofertas - (Processo de licitação com um único envelope)</p><p>País: Brasil</p><p>Nome do Projeto: Projeto Cooperar - Programa Paraíba Rural Sustentável</p><p>Título do Contrato: Contratação de Empresa Especializada para realizar Teste de Vazão e Análise Físico-Químico e Bacteriológica em 200(duzentos) Poços Tubulares em Litologia Cristalina</p><p>Empréstimo Nº: 8639 - BR</p><p>Nº de referência da SDO: 005/2022</p><p>1. O Governo do Estado da Paraíba, representado pelo Projeto Cooperar, recebeu financiamento do Banco Mundial para cobrir os custos do Programa Paraíba Rural Sustentável, e pretende destinar parte dos recursos a pagamentos no âmbito de contratação de empresa especializada, para realizar Teste de Vazão e Análise Físico-Químico e Bacteriológica em 200(duzentos) poços tubulares em litologia cristalina.</p><p>2. O Projeto Cooperar convida os Licitantes elegíveis a apresentar Ofertas lacradas para contratação de empresa habilitada para os serviços, de teste de vazão para 200(duzentos) poços tubulares em litologia cristalina, e análise físico-químico e bacteriológica da água em poços tubulares destinados ao uso em Sistemas de Abastecimentos de Água Singelo -ADS, Sistemas de Abastecimento de Água Completo -ADC e Sistemas de Dessalinização na zona rural do Estado da Paraíba.</p><p>3. Os Licitantes poderão apresentar Ofertas, conforme definido em mais detalhes no Edital de Licitação. Os Licitantes que desejarem oferecer descontos, caso lhes seja adjudicado, poderão fazê-lo, contanto que tais descontos estejam incluídos na Carta-Oferta.</p><p>4. A licitação é uma Licitação Pública Nacional, usando o método de Solicitação de Ofertas (SDO), conforme especificado no "Regulamento de Aquisições para Mutuários de Operações de Financiamento de Projeto de Investimento - IPF" do Banco Mundial, de agosto de 2018 (o "Regulamento de Aquisições"), e estarão abertas a todos os Licitantes elegíveis, conforme definido no Regulamento de Aquisições.</p><p>5. Os Licitantes elegíveis poderão obter mais informações junto ao Projeto Cooperar por meio do seguinte endereço eletrônico: pbruralcpl@gmail.com.</p><p>6. O Edital de Licitação poderá ser obtido pelos Licitantes elegíveis que estiverem interessados no seguinte endereço: www.cooperar.pb.gov.br/downloads.</p><p>7. As Ofertas deverão ser entregues no endereço abaixo até as 09h30min do dia 27 de setembro de 2022, impressa e digital. O envio de Ofertas por meio eletrônico não será permitido. As Ofertas recebidas fora do prazo serão rejeitadas. As Ofertas serão abertas em sessão pública na presença dos representantes designados dos Licitantes, as 10:00 horas do dia 27 de setembro de 2022, no endereço abaixo.</p><p>8. Todas as Ofertas deverão estar acompanhadas de uma Garantia da Oferta.</p><p>9. O endereço referido acima é:</p><p>Comissão Especial de Licitação - CEL</p><p>Auditório do Projeto Cooperar - Avenida Presidente Epitácio Pessoa, nº 4756 - Cabo Branco - João Pessoa-PB CEP 58.045-000</p><p class="assina">Ana Ferreira de Lima Ramalho</p><p class="cargo">Presidente da CEL</p>]]></Texto>
  </body>
  <Midias />
</article></xml>