﻿<xml><article id="27765887" name="2022-08-29/9056785/COMPRASNETWS_" idOficio="9056785" pubName="DO3" artType="Extrato de Contrato" pubDate="30/08/2022" artClass="00013:00010:00011:00124:00000:00000:00000:00000:00000:00000:00031:00001" artCategory="Ministério da Defesa/Comando da Aeronáutica/Comando-Geral de Apoio/Centro Logístico" artSize="12" artNotes="" numberPage="30" pdfPage="http://pesquisa.in.gov.br/imprensa/jsp/visualiza/index.jsp?data=30/08/2022&amp;jornal=530&amp;pagina=30" editionNumber="165" highlightType="" highlightPriority="" highlight="" highlightimage="" highlightimagename="" idMateria="19839325">
  <body>
    <Identifica><![CDATA[ EXTRATO DE CONTRATO Nº 29/2022 - UASG 120071]]></Identifica>
    <Data><![CDATA[]]></Data>
    <Ementa />
    <Titulo />
    <SubTitulo />
    <Texto><![CDATA[<p class="identifica">EXTRATO DE CONTRATO Nº 29/2022 - UASG 120071</p><p>Nº Processo: 67101.001842/2022-35.</p><p>Pregão Nº 278/2021. Contratante: CENTRO DE COMPUTAÇÃO DE AERONÁUTICA DO RIO DE JANEIRO.</p><p>Contratado: 03.263.975/0001-09 - SYSTECH SISTEMAS E TECNOLOGIA EM INFORMATICA LTDA. Objeto: Aquisição e equipamentos para processamento, armazenamento e gerenciamento dos serviços que estão implantados no centro de computação da Aeronáutica do Rio de Janeiro (CCA-RJ) e nas redes locais do comando da Aeronáutica (COMAER).</p><p>Fundamento Legal: LEI 10.520 / 2002 - Artigo: 1. Vigência: 22/08/2022 a 22/11/2022. Valor Total: R$ 1.460.800,00. Data de Assinatura: 22/08/2022.</p><p>(COMPRASNET 4.0 - 25/08/2022).</p>]]></Texto>
  </body>
  <Midias />
</article></xml>