﻿<xml><article id="27731455" name="aviso dou _ licitacao" idOficio="9056300" pubName="DO3" artType="Aviso de Revogação" pubDate="30/08/2022" artClass="00048:00152:00000:00000:00000:00000:00000:00000:00000:00000:00088:00000" artCategory="Entidades de Fiscalização do Exercício das Profissões Liberais/Conselho Regional de Contabilidade de Sergipe" artSize="12" artNotes="" numberPage="283" pdfPage="http://pesquisa.in.gov.br/imprensa/jsp/visualiza/index.jsp?data=30/08/2022&amp;jornal=530&amp;pagina=283" editionNumber="165" highlightType="" highlightPriority="" highlight="" highlightimage="" highlightimagename="" idMateria="19838498">
  <body>
    <Identifica><![CDATA[ AVISO DE REVOGAÇÃO PREGÃO ELETRÔNICO Nº 1/2022]]></Identifica>
    <Data><![CDATA[ Aracaju, 29 de agosto de 2022.]]></Data>
    <Ementa />
    <Titulo />
    <SubTitulo />
    <Texto><![CDATA[<p></p><p class="identifica">AVISO DE REVOGAÇÃO PREGÃO ELETRÔNICO Nº 1/2022</p><p>O Conselho Regional de Contabilidade de Sergipe, no uso de suas atribuições legais e considerando que no momento do cadastramento do pregão houve um erro operacional, levando a licitação a ser lançada por ITEM, e não por GRUPO, fato que afeta diretamente a logística contratual, bem como a economia na contratação, com fulcro no art. 49 da Lei Federal nº 8666/93 c/c art. 9º da Lei Federal 10.520/02 c/c art. 50 do Decreto nº 10024/19, na Súmula 473 do Supremo Tribunal Federal, decide REVOGAR em todos os seus termos, por interesse da Administração, todos os itens do Pregão Eletrônico n.º 01/2022, cujo objeto é a contratação de empresa especializada para prestar serviços contínuos de limpeza, manutenção e conservação predial, que atende às necessidades do Conselho Regional de Contabilidade de Sergipe, em conformidade com as especificações do Anexo I - Termo de Referência.</p><p>Ainda, tendo em vista a ausência de homologação do certame, desnecessário o atendimento do art. 49, §3º da Lei Federal nº 8666/93, conforme entendimento exarado pelo Superior Tribunal de Justiça no julgamento do RMS 23.402/PR, ao passo que se dê ciência aos licitantes da revogação da presente licitação.</p><p class="data">Aracaju, 29 de agosto de 2022.</p><p class="assina">Antonio Adelino da Silva</p><p class="cargo">Pregoeiro</p>]]></Texto>
  </body>
  <Midias />
</article></xml>