﻿<xml><article id="27732614" name="Aviso de alienacao de bens - Pal" idOficio="9056532" pubName="DO3" artType="Aviso de Alienação" pubDate="30/08/2022" artClass="00047:00020:00000:00000:00000:00000:00000:00000:00000:00000:00068:00000" artCategory="Poder Judiciário/Tribunal Regional Eleitoral de Goiás" artSize="12" artNotes="" numberPage="262" pdfPage="http://pesquisa.in.gov.br/imprensa/jsp/visualiza/index.jsp?data=30/08/2022&amp;jornal=530&amp;pagina=262" editionNumber="165" highlightType="" highlightPriority="" highlight="" highlightimage="" highlightimagename="" idMateria="19839045">
  <body>
    <Identifica><![CDATA[ AVISO DE ALIENAÇÃO]]></Identifica>
    <Data><![CDATA[]]></Data>
    <Ementa />
    <Titulo />
    <SubTitulo />
    <Texto><![CDATA[<p class="identifica">AVISO DE ALIENAÇÃO</p><p>O TRE-GO faz saber a intenção de alienação de 138 bens permanentes, classificados como inservíveis, dentre persianas, capachos, divisórias e superfícies para balcão pertencentes ao acervo do Cartório Eleitoral de Palmeiras de Goiás, local onde os bens se encontram e deverão ser retirados. Fica estipulado, conforme normativas supra, prazo de cinco dias úteis para manifestação de eventuais interessados. Processo SEI nº 22.0.000006607-2. Maiores esclarecimentos, fone (62) 3920-4219/4171 e e-mail secpa-lista@tre-go.jus.br. Goiânia, 24 setembro 2021. Des. Itaney Francisco Campos.</p>]]></Texto>
  </body>
  <Midias />
</article></xml>