﻿<xml><article id="27760130" name="2022-08-29/9056625/COMPRASNETWS_" idOficio="9056625" pubName="DO3" artType="Extrato de Termo Aditivo" pubDate="30/08/2022" artClass="00018:00050:00000:00000:00000:00000:00000:00000:00000:00000:00054:00001" artCategory="Ministério da Educação/Instituto Federal de Educação, Ciência e Tecnologia Catarinense" artSize="12" artNotes="" numberPage="90" pdfPage="http://pesquisa.in.gov.br/imprensa/jsp/visualiza/index.jsp?data=30/08/2022&amp;jornal=530&amp;pagina=90" editionNumber="165" highlightType="" highlightPriority="" highlight="" highlightimage="" highlightimagename="" idMateria="19839154">
  <body>
    <Identifica><![CDATA[ EXTRATO DE TERMO ADITIVO Nº 5/2022 - UASG 158125]]></Identifica>
    <Data><![CDATA[]]></Data>
    <Ementa />
    <Titulo />
    <SubTitulo />
    <Texto><![CDATA[<p class="identifica">EXTRATO DE TERMO ADITIVO Nº 5/2022 - UASG 158125</p><p>Número do Contrato: 190/2021.</p><p>Nº Processo: 23348.004095/2021-48.</p><p>Pregão. Nº 91/2021. Contratante: INSTITUTO FEDERAL CATARINENSE - REITORIA. Contratado: 34.834.293/0001-24 - OH PROJETOS - SERVICOS DE CONSTRUCAO CIVIL EIRELI. Objeto: Prorrogar o prazo da vigência do contrato nº 190/2021 por mais 95 (noventa e cinco) dias, contemplando-se, nesta ocasião, o período de 02/09/2022 a 05/12/2022 nos termos do art. 57, §1º, inciso ii, da lei n.º 8.666, de 1993, em conformidade com a justificativa técnica existente nos autos.. Vigência: 02/09/2022 a 05/12/2022. Valor Total Atualizado do Contrato: R$ 27.094,80. Data de Assinatura: 26/08/2022.</p><p>(COMPRASNET 4.0 - 26/08/2022).</p>]]></Texto>
  </body>
  <Midias />
</article></xml>