﻿<xml><article id="27766469" name="2022-08-29/9056957/COMPRASNETWS_" idOficio="9056957" pubName="DO3" artType="Extrato de Termo Aditivo" pubDate="30/08/2022" artClass="00018:00143:00019:00000:00000:00000:00000:00000:00000:00000:00054:00001" artCategory="Ministério da Educação/Fundação Universidade Federal do Piauí/Pró-Reitoria de Administração" artSize="12" artNotes="" numberPage="166" pdfPage="http://pesquisa.in.gov.br/imprensa/jsp/visualiza/index.jsp?data=30/08/2022&amp;jornal=530&amp;pagina=166" editionNumber="165" highlightType="" highlightPriority="" highlight="" highlightimage="" highlightimagename="" idMateria="19839456">
  <body>
    <Identifica><![CDATA[ EXTRATO DE TERMO ADITIVO Nº 3/2022 - UASG 154048]]></Identifica>
    <Data><![CDATA[]]></Data>
    <Ementa />
    <Titulo />
    <SubTitulo />
    <Texto><![CDATA[<p class="identifica">EXTRATO DE TERMO ADITIVO Nº 3/2022 - UASG 154048</p><p>Número do Contrato: 42/2019.</p><p>Nº Processo: 23111.051081/2019-25.</p><p>Pregão. Nº 19/2019. Contratante: FUNDACAO UNIVERSIDADE FEDERAL DO PIAUI. Contratado: 07.194.788/0001-63 - LIMPSERV LTDA. Objeto: Prorrogação por mais 12 meses, do prazo de vigência do contrato administrativo de serviços continuados n° 42/2019, conforme previsto na cláusula segunda e nos termos do inciso II, do art. 57 da lei 8.666/93. Vigência: 30/08/2022 a 30/08/2023. Valor Total Atualizado do Contrato: R$ 1.173.491,73. Data de Assinatura: 25/08/2022.</p><p>(COMPRASNET 4.0 - 25/08/2022).</p>]]></Texto>
  </body>
  <Midias />
</article></xml>