﻿<xml><article id="27732971" name="Extrato de Contrato AdesAo 010 -" idOficio="9056644" pubName="DO3" artType="Extrato de Contrato" pubDate="30/08/2022" artClass="00052:00012:00567:00000:00000:00000:00000:00000:00000:00000:00031:00000" artCategory="Prefeituras/Estado de Minas Gerais/PREFEITURA MUNICIPAL DE JAPONVAR" artSize="12" artNotes="" numberPage="380" pdfPage="http://pesquisa.in.gov.br/imprensa/jsp/visualiza/index.jsp?data=30/08/2022&amp;jornal=530&amp;pagina=380" editionNumber="165" highlightType="" highlightPriority="" highlight="" highlightimage="" highlightimagename="" idMateria="19839173">
  <body>
    <Identifica><![CDATA[ EXTRATO DE CONTRATO]]></Identifica>
    <Data><![CDATA[]]></Data>
    <Ementa />
    <Titulo />
    <SubTitulo />
    <Texto><![CDATA[<p></p><p class="identifica">EXTRATO DE CONTRATO</p><p>ADESÃO N° 010/2022 - Processo Licitatório nº 082/2022, Adesão n.º 010/2022. Extrato do Contrato celebrado com a empresa Ziober Brasil Ltda., inscrita no CNPJ sob o nº 08.374.053/0001-84, no valor global de R$ 65.921,95 (sessenta e cinco mil novecentos e vinte um reais e noventa e cinco centavos), por conta da Adesão à Ata de Registro de Preços nº 121/2021 - II, oriunda do Processo SEI nº 1480.010000978/2021-51, Pregão Eletrônico por Registro de Preços nº 54/2021, realizado pelo Secretaria de Estado de Planejamento e Gestão de Minas Gerais - SEPLAG/MG, que tem como objeto a aquisição de equipamentos de ginástica para academiar ao "ar livre", conforme detalhado no Projeto Básico, conforme detalhado no Projeto Básico, em atendimento à Solicitação da Secretaria Municipal de Obras, Assuntos Urbanos e Meio Ambiente. Vigência do Contrato: 31/12/2022. Welson Gonçalves da Silva - Prefeito.</p>]]></Texto>
  </body>
  <Midias />
</article></xml>