﻿<xml><article id="27764119" name="2022-08-29/9056717/COMPRASNETWS_" idOficio="9056717" pubName="DO3" artType="Extrato de Contrato" pubDate="30/08/2022" artClass="00018:00154:00000:00000:00000:00000:00000:00000:00000:00000:00031:00001" artCategory="Ministério da Educação/Universidade Federal de Uberlândia" artSize="12" artNotes="" numberPage="170" pdfPage="http://pesquisa.in.gov.br/imprensa/jsp/visualiza/index.jsp?data=30/08/2022&amp;jornal=530&amp;pagina=170" editionNumber="165" highlightType="" highlightPriority="" highlight="" highlightimage="" highlightimagename="" idMateria="19839255">
  <body>
    <Identifica><![CDATA[ EXTRATO DE CONTRATO Nº 25/2022 - UASG 154043]]></Identifica>
    <Data><![CDATA[]]></Data>
    <Ementa />
    <Titulo />
    <SubTitulo />
    <Texto><![CDATA[<p class="identifica">EXTRATO DE CONTRATO Nº 25/2022 - UASG 154043</p><p>Nº Processo: 23117.062531/2021-17.</p><p>Dispensa Nº 4/2022. Contratante: FUNDACAO UNIVERSIDADE FEDERAL DE UBERLANDIA.</p><p>Contratado: 21.238.738/0001-61 - FUNDACAO DE APOIO UNIVERSITARIO. Objeto: Contratação da fundação de apoio universitário com a finalidade de dar apoio administrativo e financeiro necessário à execução do projeto: curso de pós graduação latu sensu especialização em direito e tecnologia - turma i.</p><p>Fundamento Legal: LEI 8.666 / 1993 - Artigo: 24 - Inciso: XIII. Vigência: 22/08/2022 a 22/02/2024. Valor Total: R$ 650.430,00. Data de Assinatura: 22/08/2022.</p><p>(COMPRASNET 4.0 - 26/08/2022).</p>]]></Texto>
  </body>
  <Midias />
</article></xml>