﻿<xml><article id="27732335" name="EXTRATO ata de registro preco" idOficio="9056182" pubName="DO3" artType="Extrato da Ata" pubDate="30/08/2022" artClass="00018:00070:00007:00000:00000:00000:00000:00000:00000:00000:00182:00000" artCategory="Ministério da Educação/Instituto Federal de Educação, Ciência e Tecnologia de Rondônia/Campus Porto Velho Zona Norte" artSize="12" artNotes="" numberPage="109" pdfPage="http://pesquisa.in.gov.br/imprensa/jsp/visualiza/index.jsp?data=30/08/2022&amp;jornal=530&amp;pagina=109" editionNumber="165" highlightType="" highlightPriority="" highlight="" highlightimage="" highlightimagename="" idMateria="19837525">
  <body>
    <Identifica><![CDATA[ EXTRATO DE REGISTRO DE PREÇOS]]></Identifica>
    <Data><![CDATA[]]></Data>
    <Ementa />
    <Titulo />
    <SubTitulo />
    <Texto><![CDATA[<p class="identifica">EXTRATO DE REGISTRO DE PREÇOS</p><p>ESPÉCIE: Pregão Eletrônico 50/2022. Objeto: Aquisição (TIC) de materiais de consumo e permanentes para estruturação do Laboratório de Redes de Computadores no Campus Porto Velho Zona Norte no âmbito do Instituto Federal de Rondônia - IFRO, e demais unidades que aderiram ao SRP, com vigência de 12 (doze) meses. Processo 23243.000622/2021-13. Vigência da Ata: 26/08/2022 a 26/08/2023. Ata no www.comprasgovernamentais.gov.br, acesso livre, UASG 158148. Fornecedores contemplados: 05.854.663/0001-97 - ELETROQUIP COMERCIO E LICITACOES LTDA; 08.096.586/0001-41 - RCC COMERCIO DE ELETRONICOS LTDA; 15.724.019/0001-58 - QUALITY ATACADO EIRELI; 16.841.931/0001-52 - SET - SOLUCOES EDUCACIONAIS E TECNOLOGICAS - EIRELI; 29.331.665/0001-60 - MAIS ELETRONICO IMPORT LTDA; 31.769.389/0001-68 - HOMEFULL INDUSTRIA E COMERCIO DIGITAL LTDA; 33.043.732/0001-18 - ANV COMERCIO DE PRODUTOS PARA TELEINFORMATICA LTDA; 33.149.502/0001-38 - I.R. COMERCIO E MATERIAIS ELETRICOS EIRELI; 33.662.823/0001-31 - DIEGO VIANA DA SILVA 35845555825; 34.446.741/0001-12 - J R ARAUJO NORDESTE COMERCIAL E DISTRIBUICAO EIRELI; 40.708.647/0001-97 - DLB COMERCIO DE PRODUTOS DE INFORMATICA EIRELI; 41.445.037/0001-00 - VICTOR FREDERICO GUIMARAES BATISTA 10362838607; 41.744.352/0001-39 - B2B TESTE E MEDICAO LTDA; 42.051.768/0001-34 - PERFECT ASSESSORIA EM LICITACAO LTDA; 43.727.845/0001-96 - AR6 LICITACOES LTDA. Valor Total R$ 722.744,8500 (setecentos e vinte e dois mil e setecentos e quarenta e quatro Reais e oitenta e cinco centavos).</p><p></p>]]></Texto>
  </body>
  <Midias />
</article></xml>