﻿<xml><article id="27732689" name="HomologaAAo_PregAo 41-2022_PAD_1" idOficio="9056325" pubName="DO3" artType="Aviso de Homologação e Adjudicação" pubDate="30/08/2022" artClass="00047:00015:00000:00000:00000:00000:00000:00000:00000:00000:00078:00000" artCategory="Poder Judiciário/Tribunal Regional Eleitoral do Amazonas" artSize="12" artNotes="" numberPage="259" pdfPage="http://pesquisa.in.gov.br/imprensa/jsp/visualiza/index.jsp?data=30/08/2022&amp;jornal=530&amp;pagina=259" editionNumber="165" highlightType="" highlightPriority="" highlight="" highlightimage="" highlightimagename="" idMateria="19838549">
  <body>
    <Identifica><![CDATA[ AVISO DE HOMOLOGAÇÃO E ADJUDICAÇÃO]]></Identifica>
    <Data><![CDATA[ Manaus (AM), 28 de agosto de 2022.]]></Data>
    <Ementa />
    <Titulo />
    <SubTitulo />
    <Texto><![CDATA[<p class="identifica">AVISO DE HOMOLOGAÇÃO E ADJUDICAÇÃO</p><p class="identifica">PREGÃO eletrônico nº 41/2022</p><p>O Presidente do Tribunal Regional Eleitoral do Amazonas torna pública a HOMOLOGAÇÃO do Pregão nº 41/2022, em epígrafe, (PAD nº 11942/2021), que tem por objeto a contratação de serviço de engenharia para manutenção dos prédios da Justiça Eleitoral, sob demanda. ADJUDICA o objeto em favor da empresa JWL CONSTRUÇÕES DE EDIFÍCIOS LTDA. (CNPJ nº 34.222.656/0001-70). Na oportunidade, NEGA PROVIMENTO ao recurso interposto pela licitante WT CONSTRUÇÕES E COMÉRCIO LTDA. (CNPJ nº 00.858.504/0001-21), mantendo a decisão do pregoeiro por seus próprios fundamentos, posto que a recorrente não trouxe argumentos aptos a sua desconstituição. DATA DA HOMOLOGAÇÃO: 18/08/2022, pelo Des. JORGE MANOEL LOPES LINS.</p><p class="data">Manaus (AM), 28 de agosto de 2022.</p><p class="assina">MELISSA LAVAREDA RAMOS NOGUEIRA</p><p class="cargo">Diretora-Geral</p>]]></Texto>
  </body>
  <Midias />
</article></xml>