﻿<xml><article id="27733687" name="pe3921R" idOficio="9056974" pubName="DO3" artType="Retificação" pubDate="30/08/2022" artClass="00052:00007:00034:00000:00000:00000:00000:00000:00000:00000:00128:00000" artCategory="Prefeituras/Estado do Espírito Santo/Prefeitura Municipal de Ibitirama" artSize="12" artNotes="" numberPage="348" pdfPage="http://pesquisa.in.gov.br/imprensa/jsp/visualiza/index.jsp?data=30/08/2022&amp;jornal=530&amp;pagina=348" editionNumber="165" highlightType="" highlightPriority="" highlight="" highlightimage="" highlightimagename="" idMateria="19839495">
  <body>
    <Identifica><![CDATA[AVISO DE RETIFICAÇÃO]]></Identifica>
    <Data><![CDATA[ Ibitirama - ES, 26 de agosto de 2022.]]></Data>
    <Ementa />
    <Titulo />
    <SubTitulo />
    <Texto><![CDATA[<p class="identifica">AVISO DE RETIFICAÇÃO</p><p class="identifica">PREGÃO ELETRÔNICO Nº 39/2022</p><p>O Pregoeiro e Equipe de Apoio da Prefeitura de Ibitirama, nomeada pelo decreto 284/2022, comunica aos interessados que o edital de Pregão Eletrônico 039/2022, objetivando a Aquisição de Veículo Ambulância Tipo A - Simples Remoção, em atendimento as demandas do Pronto Atendimento Municipal, foi Retificado e a disputa prevista para o dia 30/08/2022, foi prorrogada para o dia 12/09/2022 às 10h:00min.</p><p class="data">Ibitirama - ES, 26 de agosto de 2022.</p><p class="assina">JOSIMAR XAVIER DA COSTA</p>]]></Texto>
  </body>
  <Midias />
</article></xml>