﻿<xml><article id="27763795" name="2022-08-29/9056693/COMPRASNETWS_" idOficio="9056693" pubName="DO3" artType="Extrato de Termo Aditivo" pubDate="30/08/2022" artClass="00018:00067:00000:00000:00000:00000:00000:00000:00000:00000:00054:00001" artCategory="Ministério da Educação/Instituto Federal de Educação, Ciência e Tecnologia do Rio Grande do Norte" artSize="12" artNotes="" numberPage="108" pdfPage="http://pesquisa.in.gov.br/imprensa/jsp/visualiza/index.jsp?data=30/08/2022&amp;jornal=530&amp;pagina=108" editionNumber="165" highlightType="" highlightPriority="" highlight="" highlightimage="" highlightimagename="" idMateria="19839225">
  <body>
    <Identifica><![CDATA[ EXTRATO DE TERMO ADITIVO Nº 258/2022 - UASG 158155]]></Identifica>
    <Data><![CDATA[]]></Data>
    <Ementa />
    <Titulo />
    <SubTitulo />
    <Texto><![CDATA[<p class="identifica">EXTRATO DE TERMO ADITIVO Nº 258/2022 - UASG 158155</p><p>Número do Contrato: 101/2021.</p><p>Nº Processo: 23421.002460/2021-50.</p><p>Dispensa. Nº 11/2021. Contratante: INST.FED.DE EDUC.,CIENC.E TEC.DO RN. Contratado: 02.852.277/0001-78 - FUNDACAO DE APOIO A EDUCACAO E AO DESENVOLVIMENTO TECNO. Objeto: Prorrogar a vigência e acréscer valores ao contrato de prestação de serviços nº 101/2021-proad/ifrn.. Vigência: 13/09/2022 a 31/12/2022. Valor Total Atualizado do Contrato: R$ 423.500,00. Data de Assinatura: 26/08/2022.</p><p>(COMPRASNET 4.0 - 26/08/2022).</p>]]></Texto>
  </body>
  <Midias />
</article></xml>