﻿<xml><article id="27732686" name="HomologaAAo DOU PregAo EletrAnic" idOficio="9056726" pubName="DO3" artType="Aviso de Homologação e Adjudicação" pubDate="30/08/2022" artClass="00052:00007:00025:00000:00000:00000:00000:00000:00000:00000:00078:00000" artCategory="Prefeituras/Estado do Espírito Santo/Prefeitura Municipal de Domingos Martins" artSize="12" artNotes="" numberPage="348" pdfPage="http://pesquisa.in.gov.br/imprensa/jsp/visualiza/index.jsp?data=30/08/2022&amp;jornal=530&amp;pagina=348" editionNumber="165" highlightType="" highlightPriority="" highlight="" highlightimage="" highlightimagename="" idMateria="19839264">
  <body>
    <Identifica><![CDATA[ AVISO DE HOMOLOGAÇÃO E ADJUDICAÇÃO ]]></Identifica>
    <Data><![CDATA[Domingos Martins-ES, 24 de agosto de 2022.]]></Data>
    <Ementa />
    <Titulo />
    <SubTitulo />
    <Texto><![CDATA[<p class="identifica">AVISO DE HOMOLOGAÇÃO E ADJUDICAÇÃO</p><p class="identifica">Pregão Eletrônico nº 3/2022</p><p>O Prefeito de Domingos Martins, HOMOLOGA o Pregão Eletrônico nº 003/2022 FMS Objeto: Aquisição de Equipamentos Odontológicos para as Equipes de Saúde Bucal, para atender a Clínica Odontológica da Sede e as demais Unidades de Saúde do Interior e Equipamentos Permanentes Eletrodomesticos e Móveis para equipar a Unidade Básica de Saúde da Secretaria Municipal de Saúde de Domingos Martins. Conforme Recurso de Emenda Parlamentar. Proposta: Nº 13959466000/1210-04. Código da Emenda: 39480002. VENCEDORAS: BHDENTAL COMERCIAL EIRELI, DENTAL BH BRASIL COMERCIO DE PRODUTOS ODONTO-MEDICO-HOSPITALARES EIRELI, FGI COMERCIO E SERVICOS LTDA ME, IURI COELHO SERAFINI e Saúde Brasil Odonto Hospitalar Eireli VALOR TOTAL: R$ 193.751,30 (cento e noventa e três mil setecentos e cinquenta reais e trinta centavos)</p><p class="data">Domingos Martins-ES, 24 de agosto de 2022.</p><p class="assina">Wanzete Kruger</p>]]></Texto>
  </body>
  <Midias />
</article></xml>