﻿<xml><article id="27731516" name="extratosdecontratopmvdr2608" idOficio="9056333" pubName="DO3" artType="Extrato de Contrato" pubDate="30/08/2022" artClass="00052:00005:00494:00000:00000:00000:00000:00000:00000:00000:00031:00000" artCategory="Prefeituras/Estado da Bahia/Prefeitura Municipal de Várzea da Roça" artSize="12" artNotes="" numberPage="338" pdfPage="http://pesquisa.in.gov.br/imprensa/jsp/visualiza/index.jsp?data=30/08/2022&amp;jornal=530&amp;pagina=338" editionNumber="165" highlightType="" highlightPriority="" highlight="" highlightimage="" highlightimagename="" idMateria="19838563">
  <body>
    <Identifica><![CDATA[  EXTRATOs DE CONTRATOs]]></Identifica>
    <Data><![CDATA[]]></Data>
    <Ementa />
    <Titulo />
    <SubTitulo />
    <Texto><![CDATA[<p class="identifica">EXTRATOs DE CONTRATOs</p><p>EXTRATO DE CONTRATO Nº 400/2022</p><p>Pregão Presencial nº 034/2021 - Contrato nº 400/22. Contratante: Fundo Municipal de Assistência Social de Várzea da Roça - Bahia, CNPJ: 13.753.070/0001-62, Contratado: FS NUNES COMERCIO E SERVIÇOS DE LIMPEZA EIRELI ME, CNPJ nº 40.458.131/0001-31. Objeto: Contratação de empresa do ramo para Registro de Preço no fornecimento de kit cestas básicas para concessão de benefícios eventuais as famílias carentes, atendendo assim a Secretaria Municipal de Assistência Social de Várzea da Roça - Bahia. Assinatura: 15/08/22. Valor Global: R$ 286.832,00. Vigência: 15/08/23. Danillo Santos Sales Rios - Prefeito.</p><p>EXTRATO DE CONTRATO Nº 408/2022</p><p>Licitação: CD nº 004/2022. Vigência: 23/08/2023. Contratante: Prefeitura Municipal de Várzea da Roça - CNPJ: 13.896.758/0001-00, Contratada: R. M. LABORATORIO LTDA EPP, CNPJ nº 07.618.740/0002-16, situada na Praça Alfredo Navarro, 25-A, Centro, Várzea da Roça - Bahia. Objeto: Contratação de interessados do ramo para prestação de serviços de Saúde em exames clínicos especializados em diversas Áreas, conforme descrito no anexo do edital, atendendo a Secretaria Municipal de Saúde. Valor Total: R$ 372.615,37. Assinatura: 23/08/2022 - Danillo Santos Sales Rios - Prefeito.</p>]]></Texto>
  </body>
  <Midias />
</article></xml>