﻿<xml><article id="27733579" name="PUBLICAAAO DIARIO OFICIAL UNIAO " idOficio="9056962" pubName="DO3" artType="Aviso de Licitação" pubDate="30/08/2022" artClass="00052:00012:00634:00000:00000:00000:00000:00000:00000:00000:00081:00000" artCategory="Prefeituras/Estado de Minas Gerais/PREFEITURA MUNICIPAL DE MANHUAÇU" artSize="12" artNotes="" numberPage="382" pdfPage="http://pesquisa.in.gov.br/imprensa/jsp/visualiza/index.jsp?data=30/08/2022&amp;jornal=530&amp;pagina=382" editionNumber="165" highlightType="" highlightPriority="" highlight="" highlightimage="" highlightimagename="" idMateria="19839461">
  <body>
    <Identifica><![CDATA[ AVISOs DE LICITAÇÃO]]></Identifica>
    <Data><![CDATA[ Manhuaçu/MG, 29 de agosto de 2022.]]></Data>
    <Ementa />
    <Titulo />
    <SubTitulo />
    <Texto><![CDATA[<p></p><p class="identifica">AVISOs DE LICITAÇÃO</p><p class="identifica">PREGÃO ELETRÔNICO Nº 60/2022</p><p>Torna público que se fará realizar a abertura de licitação na modalidade "Pregão Eletrônico nº. 60/2022", do tipo Menor Preço, julgamento por Item, cujo objeto é a Aquisição de veículos 0 km (tipo Passeio, adaptado para cadeirante, caminhonete) motocicletas e capacetes, para atendimento a Secretaria Municipal de Saúde, Secretaria Municipal de Educação, Secretaria Municipal de Administração, Secretaria Municipal de fazenda, Secretaria Municipal do Trabalho e Desenvolvimento Social e Secretaria Municipal de Obras. Sessão dia 13/09/2022 às 08h30min. As informações inerentes a presente publicação estarão disponíveis aos interessados no setor de licitações, situada à Praça Cinco de Novembro, 381 - Centro, no horário de 09h00min às 11h00min e 13h00min às 16h00min. Através do e-mail licitacao@manhuacu.mg.gov.br ou através do site www.manhuacu.mg.gov.br e no sistema BLL Compras (www.bll.org.br).</p><p></p><p class="identifica">PREGÃO ELETRÔNICO Nº 61/2022</p><p>Torna público que se fará realizar a abertura de licitação na modalidade "Pregão Eletrônico nº. 61/2022" sob a forma de Sistema de Registro de Preços, do tipo Menor Preço, julgamento por Item, cujo objeto é a Aquisição futura e parcelada de medicamentos diversos destinados a Unidade de Atendimento Intermediário (UAI), Unidade de Apoio Respiratório (UAR), Atenção Básica, Saúde Mental e atendimento de ordens judiciais contra o munícipio de Manhuaçu. Sessão dia 20/09/2022 às 08h30min As informações inerentes a presente publicação estarão disponíveis aos interessados no setor de licitações, situada à Praça Cinco de Novembro, 381 - Centro, no horário de 09h00min às 11h00min e 13h00min às 16h00min. Através do e-mail licitacao@manhuacu.mg.gov.br ou através do site www.manhuacu.mg.gov.br e no sistema BLL Compras (www.bll.org.br).</p><p class="data">Manhuaçu/MG, 29 de agosto de 2022.</p><p class="assina">Marcia Catarina Vargas</p><p class="cargo">Comissão Permanente de Licitação</p>]]></Texto>
  </body>
  <Midias />
</article></xml>