﻿<xml><article id="27732299" name="Extrato das Atas PE 00033 - 2022" idOficio="9056549" pubName="DO3" artType="Extrato da Ata" pubDate="30/08/2022" artClass="00052:00015:00051:00000:00000:00000:00000:00000:00000:00000:00182:00000" artCategory="Prefeituras/Estado da Paraíba/PREFEITURA MUNICIPAL DE BREJO DO CRUZ" artSize="12" artNotes="" numberPage="413" pdfPage="http://pesquisa.in.gov.br/imprensa/jsp/visualiza/index.jsp?data=30/08/2022&amp;jornal=530&amp;pagina=413" editionNumber="165" highlightType="" highlightPriority="" highlight="" highlightimage="" highlightimagename="" idMateria="19839062">
  <body>
    <Identifica><![CDATA[ EXTRATO  DE REGISTRO DE PREÇOS]]></Identifica>
    <Data><![CDATA[]]></Data>
    <Ementa />
    <Titulo />
    <SubTitulo />
    <Texto><![CDATA[<p class="identifica">EXTRATO DE REGISTRO DE PREÇOS</p><p>PREGÃO ELETRÔNICO Nº 33/2022</p><p>OBJETO: REGISTRO DE PREÇO PARA EVENTUAL E FUTURA AQUISIÇÃO DE MATERIAL DE EXPEDIENTE E DE ESCRITÓRIO COM FINALIDADE DE ATENDER AS DEMANDAS DE DIVERSAS SECRETARIAS DO MUNICÍPIO DE BREJO DO CRUZ/PB 1) EDILEUZA DE SOUSA SILVA RODRIGUES 77040600404 - ME - CNPJ: 46.089.435/0001-55, saiu vencedor nos itens: 177 - 215, com o valor global de R$ 885,40 (oitocentos e oitenta e cinco reais e quarenta centavos); 2) FRANCISCA ROSANGELA GOMES DE OLIVEIRA - ME - CNPJ: 15.087.196/0001-70, saiu vencedor nos itens: 1 - 2 - 3 - 7 - 8 - 9 - 10 - 13 - 14 - 18 - 19 - 20 - 24 - 26 - 30 - 31 - 32 - 33 - 34 - 35 - 36 - 37 - 38 - 40 - 41 - 42 - 43 - 44 - 45 - 46 - 47 - 48 - 49 - 50 - 51 - 52 - 53 - 54 - 55 - 56 - 57 - 58 - 59 - 61 - 62 - 63 - 64 - 65 - 66 - 67 - 68 - 69 - 70 - 71 - 72 - 73 - 74 - 75 - 76 - 77 - 78 - 79 - 80 - 81 - 82 - 83 - 84 - 85 - 86 - 87 - 88 - 91 - 92 - 93 - 94 - 95 - 96 - 97 - 98 - 99 - 100 - 101 - 102 - 103 - 104 - 105 - 106 - 107 - 108 - 111 - 114 - 115 - 117 - 118 - 119 - 120 - 121 - 125 - 129 - 130 - 134 - 135 - 136 - 137 - 138 - 139 - 140 - 142 - 143 - 144 - 145 - 146 - 147 - 148 - 149 - 153 - 154 - 155 - 156 - 157 - 159 - 167 - 168 - 169 - 170 - 174 - 175 - 176 - 178 - 181 - 182 - 183 - 184 - 185 - 186 - 187 - 195 - 204 - 205 - 206 - 207 - 208 - 209 - 210 - 211 - 212 - 213 - 214 - 216 - 217 - 224, com o valor global de R$ 182.641,15 (cento e oitenta e dois mil, seiscentos e quarenta e um reais e quinze centavos); 3) L MARIA DE ARAUJO PAPELARIA E LIVRARIA - CNPJ: 19.210.207/0001-19, saiu vencedor nos itens 11 - 89 - 90 - 109 - 110 - 112 - 113 - 122 - 123 - 124 - 131 - 132 - 133 - 152 - 162 - 163 - 179 - 180 - 188 - 194 - 196 - 221 - 222, com o valor global de R$ 19.550,50 (dezenove mil, quinhentos e cinquenta reais e cinquenta centavos); 4) PAPELARIA CAJAZEIRAS LTDA - EPP - CNPJ: 41.883.167/0001-25, saiu vencedor nos itens 4 - 5 - 6 - 12 - 15 - 16 - 17 - 21 - 22 - 23 - 25 - 27 - 28 - 39 - 116 - 126 - 127 - 128 - 141 - 158 - 164 - 165 - 166 - 171 - 172 - 173 - 189 - 191 - 197 - 220, com o valor global de R$ 24.477,16 (vinte e quatro mil quatrocentos e setenta e sete reais e dezesseis centavos). 5) VIVA DISTRIBUIDORA DE PRODUTOS EIRELI - CNPJ: 20.008.831/0001-17, saiu vencedor nos itens 60 - 150 - 151 - 160 - 161 - 190 - 192 - 193 - 198 - 199 - 200 - 201 - 202 - 203 - 218 - 219 - 223, com o valor global de R$ 18.683,00 (dezoito mil seiscentos e oitenta e três reais). UNIDADE ORÇAMENTARIA: Os recursos a serem utilizado para as despesas oriundas deste processo esta previsto na Lei Orçamentária anual da Prefeitura Municipal de Brejo do Cruz/PB. FUNDAMENTAÇÃO LEGAL: Lei Federal nº 10.520/2002. ASSINATURA DA ATA: 19 de agosto de 2022. VIGÊNCIA DAS ATAS DE REGISTRO DE PREÇO: 12 (doze) meses a partir de sua assinatura.</p>]]></Texto>
  </body>
  <Midias />
</article></xml>