﻿<xml><article id="27766136" name="2022-08-28/9056372/COMPRASNETWS_" idOficio="9056372" pubName="DO3" artType="Extrato de Termo Aditivo" pubDate="30/08/2022" artClass="00018:00098:00000:00000:00000:00000:00000:00000:00000:00000:00054:00001" artCategory="Ministério da Educação/Universidade Federal de Juiz de Fora" artSize="12" artNotes="" numberPage="120" pdfPage="http://pesquisa.in.gov.br/imprensa/jsp/visualiza/index.jsp?data=30/08/2022&amp;jornal=530&amp;pagina=120" editionNumber="165" highlightType="" highlightPriority="" highlight="" highlightimage="" highlightimagename="" idMateria="19838697">
  <body>
    <Identifica><![CDATA[ EXTRATO DE TERMO ADITIVO Nº 3/2022 - UASG 153061]]></Identifica>
    <Data><![CDATA[]]></Data>
    <Ementa />
    <Titulo />
    <SubTitulo />
    <Texto><![CDATA[<p class="identifica">EXTRATO DE TERMO ADITIVO Nº 3/2022 - UASG 153061</p><p>Número do Contrato: 54/2019.</p><p>Nº Processo: 23071.012246/2019-12.</p><p>Pregão. Nº 53/2019. Contratante: UNIVERSIDADE FEDERAL DE JUIZ DE FORA. Contratado: 09.022.398/0001-31 - AGEM TECNOLOGIA DISTRIBUIDORA LTDA. Objeto: A) Prorrogação do prazo de vigência do contrato por 12 (doze) meses, compreendendo o período de 19.09.2022 a 18.09.2023; B) Reajuste do valor contratual, de acordo com a variação do IPCA ocorrida nos últimos 12 meses, alterando o valor mensal do contrato de R$ 1.764,60 para R$ 1.942,28, a partir de 19.09.2022. Vigência: 19/09/2022 a 18/09/2023. Valor Total Atualizado do Contrato: R$ 23.307,36. Data de Assinatura: 26/08/2022.</p><p>(COMPRASNET 4.0 - 26/08/2022).</p>]]></Texto>
  </body>
  <Midias />
</article></xml>