﻿<xml><article id="27732608" name="JOM - 31136 PREFEITURA MUNICIPAL" idOficio="9056381" pubName="DO3" artType="Aviso" pubDate="30/08/2022" artClass="00052:00013:00114:00000:00000:00000:00000:00000:00000:00000:00108:00000" artCategory="Prefeituras/Estado do Pará/Prefeitura Municipal de Conceição do Araguaia" artSize="12" artNotes="" numberPage="395" pdfPage="http://pesquisa.in.gov.br/imprensa/jsp/visualiza/index.jsp?data=30/08/2022&amp;jornal=530&amp;pagina=395" editionNumber="165" highlightType="" highlightPriority="" highlight="" highlightimage="" highlightimagename="" idMateria="19838779">
  <body>
    <Identifica><![CDATA[ RESULTADO DE JULGAMENTO (*)]]></Identifica>
    <Data><![CDATA[Conceição do Araguaia-PA, 25 de Agosto de 2022.]]></Data>
    <Ementa />
    <Titulo />
    <SubTitulo />
    <Texto><![CDATA[<p class="identifica">RESULTADO DE JULGAMENTO (*)</p><p class="identifica">PREGÃO ELETRONICO Nº 2/2022</p><p>O Fundo Municipal de Saúde de Conceição do Araguaia-PA, através de sua Pregoeira e Equipe de Apoio, torna público que realizou a licitação na modalidade PREGÃO ELETRÔNICO, Nº 2/2022, do tipo MENOR PREÇO POR ITEM em conformidade com a Lei Federal nº 10.520/2002, e subsidiariamente, com a Lei Federal nº 8.666/1993, com a Lei Complementar nº 123/2006, 147/2014, 155/2016, decreto 10.024/2019 e demais legislações vigentes, bem como as disposições descritas na íntegra deste Edital e em seus anexos. Cujo Objeto Contratação De Empresa Especializada Na Prestação De Serviço De Confecção De Prótese Dentária Por Maior Desconto Sobre A Tabela De Procedimentos, Medicamentos, Órteses, Próteses, E Materiais Especiais Do Sus - Portaria Nº 1.825 De 24/08/2012 (Atualizada), Sendo Que Os Descontos Serão Sobre O Preço Unitário De Cada Prótese, Destinados A Atender As Necessidades Da Secretaria Municipal De Saúde De Conceição Do Araguaia-Pa. RECEBIMENTO DAS PROPOSTAS: No dia 17/08/2022 às 08h30m, por meio do endereço www.portaldecompraspublicas.com.br, Tendo como Vencedora do certame a seguinte empresa: LABORATORIO DE PROTESE DENTÁRIA SOLUÇÃO EIRELI, CNPJ: 36.271.505/0001-38.</p><p class="data">Conceição do Araguaia-PA, 25 de Agosto de 2022.</p><p class="assina">Heloisa Mendes Sousa Francisco</p><p class="cargo">Presidente da CPL</p><p class="nota">N. da Codou: Publicado nesta data por ter sido omitido do DOU de 26/8/2022.</p>]]></Texto>
  </body>
  <Midias />
</article></xml>