﻿<xml><article id="27733534" name="FNDE3_EXTRATOS DE CONTRATOS 2608" idOficio="9056949" pubName="DO3" artType="Extrato de Contrato" pubDate="30/08/2022" artClass="00018:00042:00000:00000:00000:00000:00000:00000:00000:00000:00031:00000" artCategory="Ministério da Educação/Fundo Nacional de Desenvolvimento da Educação" artSize="12" artNotes="" numberPage="83" pdfPage="http://pesquisa.in.gov.br/imprensa/jsp/visualiza/index.jsp?data=30/08/2022&amp;jornal=530&amp;pagina=83" editionNumber="165" highlightType="" highlightPriority="" highlight="" highlightimage="" highlightimagename="" idMateria="19839447">
  <body>
    <Identifica><![CDATA[ EXTRATOS DE CONTRATOS]]></Identifica>
    <Data><![CDATA[]]></Data>
    <Ementa />
    <Titulo />
    <SubTitulo />
    <Texto><![CDATA[<p class="identifica">EXTRATOS DE CONTRATOS</p><p>Edital nº 41/2020.</p><p>Contratante: Organização das Nações Unidas para a Educação, a Ciência e a Cultura - Projeto 914BRZ1071; Contratado: Carla Conceição da Silva Santana, CPF: 794.***.***-20.</p><p>Objeto: Realização, por consultoria, das atividades e produtos previstos no Edital nº 41/2020, relacionado ao resultado 1.2. Novos instrumentos, fluxos e arcabouço legal que assegurem a transparência na gestão do FNDE mapeados e definidos.</p><p>Vigência: 23/02/2021 a 23/01/2022</p><p>Valor total: R$ 82.906,22 (oitenta e dois mil e novecentos e seis e vinte e dois), condicionado à entrega e aprovação dos produtos.</p><p>Data de Assinatura: 20/02/2021.</p><p>Edital nº 42/2020.</p><p>Contratante: Organização das Nações Unidas para a Educação, a Ciência e a Cultura - Projeto 914BRZ1071; Contratado: Cintia Bueno de Morais, CPF: 967.***.***-72.</p><p>Objeto: Realização, por consultoria, das atividades e produtos previstos no Edital nº 42/2020, relacionado ao resultado 1.5. Modelo de monitoramento de programas, projetos e ações, integrado aos diferentes níveis governamentais e atores sociais da educação, definido.</p><p>Vigência: 02/02/2021 a 02/01/2022</p><p>Valor total: R$ 88.178,46 (oitenta e oito mil cento e setenta e oito reais e quarenta e seis centavos), condicionado à entrega e aprovação dos produtos.</p><p>Data de Assinatura: 28/01/2021.</p><p>Edital nº 46/2020.</p><p>Contratante: Organização das Nações Unidas para a Educação, a Ciência e a Cultura - Projeto 914BRZ1071; Contratado: Claudia Schirmbeck Peixoto, CPF: 032.***.***-02.</p><p>Objeto: Realização, por consultoria, das atividades e produtos previstos no Edital nº 46/2020, relacionado ao resultado 2.1. Estratégias para democratização do acesso a conteúdos didáticos desenvolvidas e testadas.</p><p>Vigência: 23/02/2021 a 23/01/2022</p><p>Valor total: R$ 82.906,22 (oitenta e dois mil e novecentos e seis e vinte e dois), condicionado à entrega e aprovação dos produtos.</p><p>Data de Assinatura: 18/02/2021.</p><p>Edital nº 30/2020.</p><p>Contratante: Organização das Nações Unidas para a Educação, a Ciência e a Cultura - Projeto 914BRZ1071; Contratado: Dimas da Silva de Jesus, CPF: 010.***.***-89.</p><p>Objeto: Realização, por consultoria, das atividades e produtos previstos no Edital nº 30/2020, relacionado ao resultado 1.5. Modelo de monitoramento de programas, projetos e ações, integrado aos diferentes níveis governamentais e atores sociais da educação, definido.</p><p>Vigência: 03/02/2021 a 03/01/2022</p><p>Valor total: R$ 88.178,46 (oitenta e oito mil cento e setenta e oito reais e quarenta e seis centavos), condicionado à entrega e aprovação dos produtos.</p><p>Data de Assinatura: 02/02/2021.</p><p>Edital nº 42/2020.</p><p>Contratante: Organização das Nações Unidas para a Educação, a Ciência e a Cultura - Projeto 914BRZ1071; Contratado: Florentina Zazelis, CPF: 023.***.***-78.</p><p>Objeto: Realização, por consultoria, das atividades e produtos previstos no Edital nº 42/2020, relacionado ao resultado 1.5. Modelo de monitoramento de programas, projetos e ações, integrado aos diferentes níveis governamentais e atores sociais da educação, definido.</p><p>Vigência: 02/02/2021 a 02/01/2022</p><p>Valor total: R$ 88.178,46 (oitenta e oito mil cento e setenta e oito reais e quarenta e seis centavos), condicionado à entrega e aprovação dos produtos.</p><p>Data de Assinatura: 28/01/2021.</p><p>Edital nº 46/2020.</p><p>Contratante: Organização das Nações Unidas para a Educação, a Ciência e a Cultura - Projeto 914BRZ1071; Contratado: Henrique Burnett Aboud Souza da Eira, CPF: 731.***.***-00.</p><p>Objeto: Realização, por consultoria, das atividades e produtos previstos no Edital nº 46/2020, relacionado ao resultado 2.1. Estratégias para democratização do acesso a conteúdos didáticos desenvolvidas e testadas.</p><p>Vigência: 23/02/2021 a 23/01/2022</p><p>Valor total: R$ 82.906,22 (oitenta e dois mil e novecentos e seis e vinte e dois), condicionado à entrega e aprovação dos produtos.</p><p>Data de Assinatura: 19/02/2021.</p><p>Edital nº 48/2020.</p><p>Contratante: Organização das Nações Unidas para a Educação, a Ciência e a Cultura - Projeto 914BRZ1071; Contratado: Mauricio Mendonça Curvina, CPF: 014.***.***-20.</p><p>Objeto: Realização, por consultoria, das atividades e produtos previstos no Edital nº 48/2020, relacionado ao resultado 1.5. Modelo de monitoramento de programas, projetos e ações, integrado aos diferentes níveis governamentais e atores sociais da educação, definido.</p><p>Vigência: 09/02/2021 a 09/01/2022</p><p>Valor total: R$ 82.906,22 (oitenta e dois mil e novecentos e seis e vinte e dois), condicionado à entrega e aprovação dos produtos.</p><p>Data de Assinatura: 03/02/2021.</p><p>Edital nº 46/2020.</p><p>Contratante: Organização das Nações Unidas para a Educação, a Ciência e a Cultura - Projeto 914BRZ1071; Contratado: Rayza Mucunã Paiva, CPF: 134.***.***-71.</p><p>Objeto: Realização, por consultoria, das atividades e produtos previstos no Edital nº 46/2020, relacionado ao resultado 2.1. Estratégias para democratização do acesso a conteúdos didáticos desenvolvidas e testadas.</p><p>Vigência: 23/02/2021 a 23/01/2022</p><p>Valor total: R$ 82.906,22 (oitenta e dois mil e novecentos e seis e vinte e dois), condicionado à entrega e aprovação dos produtos.</p><p>Data de Assinatura: 18/02/2021.</p><p>Edital nº 46/2020.</p><p>Contratante: Organização das Nações Unidas para a Educação, a Ciência e a Cultura - Projeto 914BRZ1071; Contratado: Sara Mota Ribeiro, CPF: 036.***.***-66.</p><p>Objeto: Realização, por consultoria, das atividades e produtos previstos no Edital nº 46/2020, relacionado ao resultado 2.1. Estratégias para democratização do acesso a conteúdos didáticos desenvolvidas e testadas.</p><p>Vigência: 23/02/2021 a 23/01/2022</p><p>Valor total: R$ 82.906,22 (oitenta e dois mil e novecentos e seis e vinte e dois), condicionado à entrega e aprovação dos produtos.</p><p>Data de Assinatura: 18/02/2021.</p><p>Edital nº 47/2020.</p><p>Contratante: Organização das Nações Unidas para a Educação, a Ciência e a Cultura - Projeto 914BRZ1071; Contratado: Aline Cardoso Azevedo, CPF: 923.***.***-87.</p><p>Objeto: Realização, por consultoria, das atividades e produtos previstos no Edital nº 47/2020, relacionado ao resultado 1.5. Modelo de monitoramento de programas, projetos e ações, integrado aos diferentes níveis governamentais e atores sociais da educação, definido.</p><p>Vigência: 27/01/2021 a 27/12/2021.</p><p>Valor total: R$ 82.720,00 (oitenta e dois mil setecentos e vinte reais), condicionado à entrega e aprovação dos produtos.</p><p>Data de Assinatura: 22/01/2021.</p><p>Edital nº 32/2020.</p><p>Contratante: Organização das Nações Unidas para a Educação, a Ciência e a Cultura - Projeto 914BRZ1071; Contratado: Nelle Cristina Guimarães Garcia, CPF: 819.***.***-49.</p><p>Objeto: Realização, por consultoria, das atividades e produtos previstos no Edital nº 32/2020, relacionado ao resultado 1.5. Modelo de monitoramento de programas, projetos e ações, integrado aos diferentes níveis governamentais e atores sociais da educação, definido.</p><p>Vigência: 18/01/2021 a 18/12/2021.</p><p>Valor total: R$ 96.000,00 (noventa e seis mil reais), condicionado à entrega e aprovação dos produtos.</p><p>Data de Assinatura: 15/01/2021.</p><p>Edital nº 47/2020.</p><p>Contratante: Organização das Nações Unidas para a Educação, a Ciência e a Cultura - Projeto 914BRZ1071; Contratado: Rafael Villar Merces, CPF: 056.***.***-75.</p><p>Objeto: Realização, por consultoria, das atividades e produtos previstos no Edital nº 47/2020, relacionado ao resultado 1.5. Modelo de monitoramento de programas, projetos e ações, integrado aos diferentes níveis governamentais e atores sociais da educação, definido.</p><p>Vigência: 27/01/2021 a 27/12/2021.</p><p>Valor total: R$ 82.720,00 (oitenta e dois mil setecentos e vinte reais), condicionado à entrega e aprovação dos produtos.</p><p>Data de Assinatura: 23/01/2021.</p><p>Edital nº 36/2020.</p><p>Contratante: Organização das Nações Unidas para a Educação, a Ciência e a Cultura - Projeto 914BRZ1071; Contratado: Valeria Maria Rodrigues Fechine, CPF: 058.***.***-65.</p><p>Objeto: Realização, por consultoria, das atividades e produtos previstos no Edital nº 36/2020, relacionado ao resultado 1.5. Modelo de monitoramento de programas, projetos e ações, integrado aos diferentes níveis governamentais e atores sociais da educação, definido.</p><p>Vigência: 18/01/2021 a 18/12/2021.</p><p>Valor total: R$ 82.720,00 (oitenta e dois mil setecentos e vinte reais), condicionado à entrega e aprovação dos produtos.</p><p>Data de Assinatura: 13/01/2021.</p><p>Edital nº 47/2020.</p><p>Contratante: Organização das Nações Unidas para a Educação, a Ciência e a Cultura - Projeto 914BRZ1071; Contratado: Osmam Bras de Souto, CPF: 563.***.***-68.</p><p>Objeto: Realização, por consultoria, das atividades e produtos previstos no Edital nº 47/2020, relacionado ao resultado 1.5. Modelo de monitoramento de programas, projetos e ações, integrado aos diferentes níveis governamentais e atores sociais da educação, definido.</p><p>Vigência: 27/01/2021 a 27/12/2021</p><p>Valor total: R$ 82.720,00 (oitenta e dois mil setecentos e vinte reais), condicionado à entrega e aprovação dos produtos.</p><p>Data de Assinatura: 23/01/2021.</p><p>Edital nº 48/2020.</p><p>Contratante: Organização das Nações Unidas para a Educação, a Ciência e a Cultura - Projeto 914BRZ1071; Contratado: Hilton Felipe de Oliveira Barbiere, CPF: 113.***.***-07.</p><p>Objeto: Realização, por consultoria, das atividades e produtos previstos no Edital nº 48/2020, relacionado ao resultado 1.5. Modelo de monitoramento de programas, projetos e ações, integrado aos diferentes níveis governamentais e atores sociais da educação, definido.</p><p>Vigência: 09/02/2021 a 09/01/2022</p><p>Valor total: R$ 82.720,00 (oitenta e dois mil setecentos e vinte reais), condicionado à entrega e aprovação dos produtos.</p><p>Data de Assinatura: 03/02/2021.</p>]]></Texto>
  </body>
  <Midias />
</article></xml>