﻿<xml><article id="27731431" name="4 Editais da Prefeitura Municipa" idOficio="9056289" pubName="DO3" artType="Aviso de Licitação-Tomada de Preços" pubDate="30/08/2022" artClass="00052:00019:00192:00000:00000:00000:00000:00000:00000:00000:00166:00000" artCategory="Prefeituras/Estado do Rio Grande do Sul/PREFEITURA MUNICIPAL DE ENTRE IJUIS" artSize="12" artNotes="" numberPage="432" pdfPage="http://pesquisa.in.gov.br/imprensa/jsp/visualiza/index.jsp?data=30/08/2022&amp;jornal=530&amp;pagina=432" editionNumber="165" highlightType="" highlightPriority="" highlight="" highlightimage="" highlightimagename="" idMateria="19838424">
  <body>
    <Identifica><![CDATA[ AVISOs DE LICITAÇÃO ]]></Identifica>
    <Data><![CDATA[]]></Data>
    <Ementa />
    <Titulo />
    <SubTitulo />
    <Texto><![CDATA[<p class="identifica">AVISOs DE LICITAÇÃO</p><p class="identifica">TOMADA DE PREÇOS Nº 15/2022</p><p>Menor Preço Global. Objeto: Coleta e Transporte do lixo. Dia 14/09/2022, às 9h.</p><p class="identifica">TOMADA DE PREÇOS Nº 16/2022</p><p>Menor Preço Global. Objeto: Obra de muro de contenção, cercamento e acesso de veículos a pró infância. Dia 15/09/2022, às 09h. Rua Francisco Richter, 601- (055) 3329-2779, luiz@pmei.rs.gov.br. Edital: https://www.entreijuis.rs.gov.br/licitacao.</p><p>PREGÃO ELETRÔNICO Nº 22/2022 - SRP</p><p>Menor Preço. Objeto: Aquisição de Merenda Escolar. Data: 09/09/2022, às 9h.</p><p class="identifica">PREGÃO ELETRÔNICO Nº 23/2022 - SRP</p><p>Menor Preço. Objeto: Cargas de gás de cozinha. Dia 09/09/2022, às 14h. Rua Francisco Richter, 601 - Edital: https://www.entreijuis.rs.gov.br/licitacao e https://www.gov.br/compras/pt-br/ - Fone: 55 3329-2779 - e-mail: luiz@pmei.rs.gov.br.</p><p class="assina">José Paulo Meneghine</p><p class="cargo">Prefeito</p>]]></Texto>
  </body>
  <Midias />
</article></xml>