﻿<xml><article id="27765366" name="2022-08-29/9056963/COMPRASNETWS_" idOficio="9056963" pubName="DO3" artType="Extrato de Apostilamento" pubDate="30/08/2022" artClass="00018:00125:00033:00000:00000:00000:00000:00000:00000:00000:00143:00001" artCategory="Ministério da Educação/Universidade Tecnológica Federal do Paraná/Campus Santa Helena" artSize="12" artNotes="" numberPage="152" pdfPage="http://pesquisa.in.gov.br/imprensa/jsp/visualiza/index.jsp?data=30/08/2022&amp;jornal=530&amp;pagina=152" editionNumber="165" highlightType="" highlightPriority="" highlight="" highlightimage="" highlightimagename="" idMateria="19839462">
  <body>
    <Identifica><![CDATA[ EXTRATO DE APOSTILAMENTO Nº 4/2022 - UASG 154852]]></Identifica>
    <Data><![CDATA[]]></Data>
    <Ementa />
    <Titulo />
    <SubTitulo />
    <Texto><![CDATA[<p class="identifica">EXTRATO DE APOSTILAMENTO Nº 4/2022 - UASG 154852</p><p>Número do Contrato: 3/2017.</p><p>Nº Processo: 23064.003929/2017-06.</p><p>Contratante: UTFPR CAMPUS SANTA HELENA. Contratado: 04.970.088/0001-25 - PLANSERVICE TERCEIRIZACAO DE SERVICOS - EIRELI. Objeto: O presente termo de apostilamento tem por objeto a repactuação de preços, a partir de 01/06/2022.. Vigência: 11/09/2017 a 10/09/2022. Valor Total Atualizado do Contrato: R$ 144.488,52. Data de Assinatura: 25/08/2022.</p><p>(COMPRASNET 4.0 - 25/08/2022).</p>]]></Texto>
  </body>
  <Midias />
</article></xml>