﻿<xml><article id="27766883" name="2022-08-29/9056553/COMPRASNETWS_" idOficio="9056553" pubName="DO3" artType="Extrato de Termo Aditivo" pubDate="30/08/2022" artClass="00018:00047:00015:00000:00000:00000:00000:00000:00000:00000:00054:00001" artCategory="Ministério da Educação/Instituto Federal de Educação, Ciência e Tecnologia da Bahia/Campus Simões Filho" artSize="12" artNotes="" numberPage="89" pdfPage="http://pesquisa.in.gov.br/imprensa/jsp/visualiza/index.jsp?data=30/08/2022&amp;jornal=530&amp;pagina=89" editionNumber="165" highlightType="" highlightPriority="" highlight="" highlightimage="" highlightimagename="" idMateria="19839068">
  <body>
    <Identifica><![CDATA[ EXTRATO DE TERMO ADITIVO Nº 1/2022 - UASG 158407]]></Identifica>
    <Data><![CDATA[]]></Data>
    <Ementa />
    <Titulo />
    <SubTitulo />
    <Texto><![CDATA[<p class="identifica">EXTRATO DE TERMO ADITIVO Nº 1/2022 - UASG 158407</p><p>Número do Contrato: 4/2021.</p><p>Nº Processo: 23283.001177/2021-32.</p><p>Dispensa. Nº 9/2021. Contratante: INST. FED.DA BAHIA/CAMPUS SIMOES FILHO. Contratado: 12.308.415/0001-06 - APAG FIRE EQUIPAMENTOS DE COMBATE A INCENDIO LTDA. Objeto: Prorrogar o prazo da vigência do contrato nº 04/2021, por 12 (doze) meses. Vigência: 08/11/2022 a 07/11/2023. Valor Total Atualizado do Contrato: R$ 6.077,83. Data de Assinatura: 25/08/2022.</p><p>(COMPRASNET 4.0 - 25/08/2022).</p>]]></Texto>
  </body>
  <Midias />
</article></xml>