﻿<xml><article id="27733348" name="DOU - 85.2022 - PregAo Eletronic" idOficio="9056838" pubName="DO3" artType="Aviso de Licitação" pubDate="30/08/2022" artClass="00052:00023:00094:00000:00000:00000:00000:00000:00000:00000:00081:00000" artCategory="Prefeituras/Estado de Santa Catarina/Prefeitura Municipal de Canoinhas" artSize="12" artNotes="" numberPage="447" pdfPage="http://pesquisa.in.gov.br/imprensa/jsp/visualiza/index.jsp?data=30/08/2022&amp;jornal=530&amp;pagina=447" editionNumber="165" highlightType="" highlightPriority="" highlight="" highlightimage="" highlightimagename="" idMateria="19839398">
  <body>
    <Identifica><![CDATA[ aviso de licitação]]></Identifica>
    <Data><![CDATA[]]></Data>
    <Ementa />
    <Titulo />
    <SubTitulo />
    <Texto><![CDATA[<p></p><p class="identifica">aviso de licitação</p><p class="identifica">PREGÃO eletrônico Nº PMC 85/2022</p><p>O Município de Canoinhas/SC, CNPJ nº. 83.102.384/0001-80, sito à Rua Felipe Schmidt, 10, centro, fará realizar no dia 09/09/2022, às 15h00min, licitação para REGISTRO DE PREÇOS PARA AQUISIÇÃO DE ELETRODOS DE DIVERSAS COMPOSIÇÕES, PORTA ELETRODO E LIMPA CONTATO, PARA USO COM A MÁQUINA DE SOLDA, PARA CONFECÇÃO DE GRELHAS PARA CAIXA DE CAPTAÇÃO E OUTROS ITENS DE METAL, BEM COMO O REPARO E MANUTENÇÃO DE FERRAMENTAS E MÁQUINAS DA SECRETARIA DE OBRAS. Recebimento de propostas até às 14h00mim, no endereço eletrônico www.gov.br/compras do dia 09/09/2022. Informações (47) 3621-7705. Cópia do edital no site www.pmc.sc.gov.br no link licitações.</p><p class="assina">Willian Godoy Ferreira de Souza</p><p class="cargo">Prefeito interino</p>]]></Texto>
  </body>
  <Midias />
</article></xml>