﻿<xml><article id="27766034" name="2022-08-27/9056237/COMPRASNETWS_" idOficio="9056237" pubName="DO3" artType="Extrato de Comodato" pubDate="30/08/2022" artClass="00018:00126:00037:00000:00000:00000:00000:00000:00000:00000:00028:00001" artCategory="Ministério da Educação/Empresa Brasileira de Serviços Hospitalares/Filial Hospital Universitário Júlio Maria Bandeira de Mello" artSize="12" artNotes="" numberPage="155" pdfPage="http://pesquisa.in.gov.br/imprensa/jsp/visualiza/index.jsp?data=30/08/2022&amp;jornal=530&amp;pagina=155" editionNumber="165" highlightType="" highlightPriority="" highlight="" highlightimage="" highlightimagename="" idMateria="19837704">
  <body>
    <Identifica><![CDATA[ EXTRATO DE COMODATO Nº 11/2022 - UASG 155912]]></Identifica>
    <Data><![CDATA[]]></Data>
    <Ementa />
    <Titulo />
    <SubTitulo />
    <Texto><![CDATA[<p class="identifica">EXTRATO DE COMODATO Nº 11/2022 - UASG 155912</p><p>Nº Processo: 23771.004072/2022-14.</p><p>Pregão Nº 11/2022. Contratante: HOSPITAL UNIVERSITARIO JULIO BANDEIRA.</p><p>Contratado: 01.490.595/0001-73 - DIAGNOCEL COMERCIO E REPRESENTACOES LTDA. Objeto: Cessão dos equipamentos em comodato necessários sem ônus adicionais para instituição, conforme condições, quantidades e exigências estabelecidas neste instrumento, para atender a demanda do hospital universitário júlio bandeira, por um período de 12 meses, decorrente do pregão nº 11/2022, com sistema de registro de preço..</p><p>Fundamento Legal: LEI 10.520 / 2002 - Artigo: 1. Vigência: 26/08/2022 a 26/08/2023. Valor Total: R$ 140.000,00. Data de Assinatura: 26/08/2022.</p><p>(COMPRASNET 4.0 - 27/08/2022).</p>]]></Texto>
  </body>
  <Midias />
</article></xml>