﻿<xml><article id="27766844" name="2022-08-29/9056518/COMPRASNETWS_" idOficio="9056518" pubName="DO3" artType="Extrato de Contrato" pubDate="30/08/2022" artClass="00013:00011:00036:00012:00000:00000:00000:00000:00000:00000:00031:00001" artCategory="Ministério da Defesa/Comando do Exército/Indústria de Material Bélico do Brasil/Fábrica de Itajubá" artSize="12" artNotes="" numberPage="50" pdfPage="http://pesquisa.in.gov.br/imprensa/jsp/visualiza/index.jsp?data=30/08/2022&amp;jornal=530&amp;pagina=50" editionNumber="165" highlightType="" highlightPriority="" highlight="" highlightimage="" highlightimagename="" idMateria="19839031">
  <body>
    <Identifica><![CDATA[ EXTRATO DE CONTRATO Nº 76/2022 - UASG 168005]]></Identifica>
    <Data><![CDATA[]]></Data>
    <Ementa />
    <Titulo />
    <SubTitulo />
    <Texto><![CDATA[<p class="identifica">EXTRATO DE CONTRATO Nº 76/2022 - UASG 168005</p><p>Nº Processo: 2022/000129-FI.</p><p>Dispensa Nº 129/2022. Contratante: INDUSTRIA DE MATERIAL BELICO DO BRASIL/FI.</p><p>Contratado: 07.234.163/0001-88 - RODER MANUTENCAO E REPARACAO DE FERRAMENTAS LTDA. Objeto: Ferramentas.</p><p>Fundamento Legal: LEI 13.303 / 2016 - Artigo: 29 - Inciso: XIII. Vigência: 26/08/2022 a 26/08/2023. Valor Total: R$ 54.993,30. Data de Assinatura: 26/08/2022.</p><p>(COMPRASNET 4.0 - 26/08/2022).</p>]]></Texto>
  </body>
  <Midias />
</article></xml>