﻿<xml><article id="27733046" name="ASSEC251" idOficio="9056758" pubName="DO3" artType="Extrato de Inexigibilidade de Licitação" pubDate="30/08/2022" artClass="00047:00028:00001:00000:00000:00000:00000:00000:00000:00000:00041:00000" artCategory="Poder Judiciário/Tribunal Regional Eleitoral de Pernambuco/Presidência" artSize="12" artNotes="" numberPage="265" pdfPage="http://pesquisa.in.gov.br/imprensa/jsp/visualiza/index.jsp?data=30/08/2022&amp;jornal=530&amp;pagina=265" editionNumber="165" highlightType="" highlightPriority="" highlight="" highlightimage="" highlightimagename="" idMateria="19839296">
  <body>
    <Identifica><![CDATA[ EXTRATO DE INEXIGIBILIDADE DE LICITAÇÃO]]></Identifica>
    <Data><![CDATA[]]></Data>
    <Ementa />
    <Titulo />
    <SubTitulo />
    <Texto><![CDATA[<p class="identifica">EXTRATO DE INEXIGIBILIDADE DE LICITAÇÃO</p><p>INEXIGIBILIDADE. CT 59/2022. SEI n. 0020670-06.2021.6.17.8000. OBJETO: prestação de serviço de suporte de 2 (dois) equipamentos servidores HP de banco de dados . CREDOR: Hewlett Packard Brasil Ltda . CNPJ: 61.797.924/0002-36 . VIGÊNCIA: 36 (trinta e seis) meses contados a partir da publicação do extrato do contrato no DOU . DOTAÇÃO ORÇAMENTÁRIA: Programa de Trabalho Resumido - PTRES - 167661; Natureza da Despesa - 449040; Nota de Empenho - 2022NE0642, de 24/08/2022. Valor do Empenho: R$ 63.189,53. FUNDAMENTO LEGAL: art. 25, I, da Lei n. 8.666/93. AUTORIZAÇÃO: Robson Costa Rodrigues, Diretor Geral em Exercício, em 05/08/2022. RATIFICAÇÃO: André Oliveira da Silva Guimarães, Desembargador Presidente, em 24/08/2022.</p>]]></Texto>
  </body>
  <Midias />
</article></xml>