﻿<xml><article id="27733375" name="PRG-E_06322_DOU" idOficio="9056847" pubName="DO3" artType="Aviso de Licitação" pubDate="30/08/2022" artClass="00052:00012:01062:00000:00000:00000:00000:00000:00000:00000:00081:00000" artCategory="Prefeituras/Estado de Minas Gerais/Prefeitura Municipal de Três Pontas" artSize="12" artNotes="" numberPage="390" pdfPage="http://pesquisa.in.gov.br/imprensa/jsp/visualiza/index.jsp?data=30/08/2022&amp;jornal=530&amp;pagina=390" editionNumber="165" highlightType="" highlightPriority="" highlight="" highlightimage="" highlightimagename="" idMateria="19839407">
  <body>
    <Identifica><![CDATA[aviso de licitação]]></Identifica>
    <Data><![CDATA[Três Pontas (MG), 29 de Agosto de 2022.]]></Data>
    <Ementa />
    <Titulo />
    <SubTitulo />
    <Texto><![CDATA[<p class="identifica">aviso de licitação</p><p class="identifica">PREGÃO ELETRÔNICO Nº 063/2022</p><p>PROCESSO Nº 234/2022</p><p>A Prefeitura Municipal de Três Pontas - MG, através do Pregoeiro, Márcio de Brito Carvalho, torna pública a abertura de procedimento licitatório na modalidade Pregão Eletrônico, do tipo MENOR PREÇO UNITÁRIO, mediante o Sistema de Registro de Preços, para Aquisição de Material de Higiene, Limpeza e Conservação. O Edital completo e seus anexos estarão à disposição dos interessados junto à equipe de apoio, de segunda à sexta-feira, no horário compreendido das 08 às 17 horas, bem como nos sites: www.trespontas.mg.gov.br e www.portaldecompraspublicas.com.br. Data e horário de abertura das propostas comerciais: até às 08h30min do dia 14/09/2022. Início da Sessão de Lances: 14/09/2022 a partir das 08h30m.</p><p class="data">Três Pontas (MG), 29 de Agosto de 2022.</p><p class="assina">MÁRCIO DE BRITO CARVALHO</p>]]></Texto>
  </body>
  <Midias />
</article></xml>