﻿<xml><article id="27764257" name="2022-08-09/7321446/COMPRASNETWS_" idOficio="7321446" pubName="DO3" artType="Extrato de Contrato" pubDate="30/08/2022" artClass="00018:00050:00000:00000:00000:00000:00000:00000:00000:00000:00031:00001" artCategory="Ministério da Educação/Instituto Federal de Educação, Ciência e Tecnologia Catarinense" artSize="12" artNotes="" numberPage="90" pdfPage="http://pesquisa.in.gov.br/imprensa/jsp/visualiza/index.jsp?data=30/08/2022&amp;jornal=530&amp;pagina=90" editionNumber="165" highlightType="" highlightPriority="" highlight="" highlightimage="" highlightimagename="" idMateria="14789885">
  <body>
    <Identifica><![CDATA[ EXTRATO DE CONTRATO Nº 144/2022 - UASG 158125 - CAMPUS FRAIBURGO]]></Identifica>
    <Data><![CDATA[]]></Data>
    <Ementa />
    <Titulo />
    <SubTitulo />
    <Texto><![CDATA[<p class="identifica">EXTRATO DE CONTRATO Nº 144/2022 - UASG 158125 - CAMPUS FRAIBURGO</p><p>Nº Processo: 23352.002611/2022-11.</p><p>Pregão Nº 54/2021. Contratante: INSTITUTO FEDERAL CATARINENSE - REITORIA.</p><p>Contratado: 04.768.594/0001-36 - CONTATO SERVICOS DE CONSERVAÇÃO E MANUTENCAO EIRELI. Objeto: Contratação de serviços continuados de cuidador e de profissional de acompanhamento pedagógico, com disponibilização de mão de obra em regime de dedicação exclusiva, que serão prestados nas condições estabelecidas no termo de referência, anexo do edital.</p><p>Fundamento Legal: LEI 10.520 / 2002 - Artigo: 1. Vigência: 29/08/2022 a 29/08/2023. Valor Total: R$ 103.507,02. Data de Assinatura: 28/07/2022.</p><p>(COMPRASNET 4.0 - 09/08/2022).</p>]]></Texto>
  </body>
  <Midias />
</article></xml>