﻿<xml><article id="27732380" name="Extrato de Contrato Inexigibilid" idOficio="9056641" pubName="DO3" artType="Extrato de Contrato" pubDate="30/08/2022" artClass="00052:00012:00567:00000:00000:00000:00000:00000:00000:00000:00031:00000" artCategory="Prefeituras/Estado de Minas Gerais/PREFEITURA MUNICIPAL DE JAPONVAR" artSize="12" artNotes="" numberPage="380" pdfPage="http://pesquisa.in.gov.br/imprensa/jsp/visualiza/index.jsp?data=30/08/2022&amp;jornal=530&amp;pagina=380" editionNumber="165" highlightType="" highlightPriority="" highlight="" highlightimage="" highlightimagename="" idMateria="19839170">
  <body>
    <Identifica><![CDATA[ EXTRATO DE CONTRATO]]></Identifica>
    <Data><![CDATA[]]></Data>
    <Ementa />
    <Titulo />
    <SubTitulo />
    <Texto><![CDATA[<p></p><p class="identifica">EXTRATO DE CONTRATO</p><p>INEXIGIBILIDADE DE LICITAÇÃO N° 015/2022 - Processo Licitatório nº 079/2022, Inexigibilidade de Licitação n.º 015/2022. Extrato do Contrato celebrado com a empresa Euterpe Fraternidade, inscrita no CNPJ sob o nº 21.358.346/0001-36, no valor global de R$ 3.000,00 (Três mil reais), por conta da contratação de show artístico musical através da Orquestra Sinfônica Euterpe Fraternidade objetivando entretenimento da população através inexigibilidade de licitação com fulcro no art. 25, inciso III da Lei Federal nº: 8.666/93, durante os festejos de 07 de setembro, na sede deste Município. Vigência do Contrato: 60 (sessenta) dias. Welson Gonçalves da Silva - Prefeito.</p>]]></Texto>
  </body>
  <Midias />
</article></xml>