﻿<xml><article id="27732887" name="Aviso de Distrato de Contrato TP" idOficio="9056533" pubName="DO3" artType="Extrato de Distrato" pubDate="30/08/2022" artClass="00052:00015:00051:00000:00000:00000:00000:00000:00000:00000:00037:00000" artCategory="Prefeituras/Estado da Paraíba/PREFEITURA MUNICIPAL DE BREJO DO CRUZ" artSize="12" artNotes="" numberPage="413" pdfPage="http://pesquisa.in.gov.br/imprensa/jsp/visualiza/index.jsp?data=30/08/2022&amp;jornal=530&amp;pagina=413" editionNumber="165" highlightType="" highlightPriority="" highlight="" highlightimage="" highlightimagename="" idMateria="19839046">
  <body>
    <Identifica><![CDATA[ EXTRATO DE DISTRATO ]]></Identifica>
    <Data><![CDATA[]]></Data>
    <Ementa />
    <Titulo />
    <SubTitulo />
    <Texto><![CDATA[<p class="identifica">EXTRATO DE DISTRATO</p><p>CONTRATO TOMADA DE PREÇOS Nº 2/2021</p><p>Contratante: Prefeitura Municipal de Brejo do Cruz-PB, inscrita no CNPJ/MF sob o nº 08.767.154/0001-15, neste ato representada pela Senhor Prefeito Tales Torriccelli de Sousa Costa e Silva, inscrito no CPF nº 049.510.314-42, do outro lado a empresa MACÁRIO PRE MOLDADOS E METALURGIA LTDA, inscrita no CNPJ/MF sob o nº 17.198.162/0001-76, neste ato representada por seu Titular, na qualidade de CONTRATADA, têm justo e firmado entre si este Termo de Rescisão Contratual, em conformidade e comum acordo entre as partes, resolvem rescindir o referido Contrato n° 00102/2021 de obra, cujo objeto: Contratação de empresa especializada para executar os serviços de pavimentação em paralelepípedos, drenagem e sinalização vertical em diversas ruas no Município de Brejo do Cruz-PB, conforme projeto básico e Contrato de Repasse nº 1066.146-47/2019, SICONV nº 889390/2019 - Ministério do Desenvolvimento Regional, através do Programa de Desenvolvimento Urbano, oriundo da Tomada de Preço n° 00002/2021, com fundamento na Cláusula Décima e no art. 79, inciso II, da Lei nº 8.666/93.</p>]]></Texto>
  </body>
  <Midias />
</article></xml>