﻿<xml><article id="27733399" name="ConvAnio 51-2022 - TJPE" idOficio="9056851" pubName="DO3" artType="Extrato de Convênio" pubDate="30/08/2022" artClass="00018:00107:00041:00000:00000:00000:00000:00000:00000:00000:00032:00000" artCategory="Ministério da Educação/Universidade Federal de Pernambuco/Pró-Reitoria de Gestão Administrativa" artSize="12" artNotes="" numberPage="126" pdfPage="http://pesquisa.in.gov.br/imprensa/jsp/visualiza/index.jsp?data=30/08/2022&amp;jornal=530&amp;pagina=126" editionNumber="165" highlightType="" highlightPriority="" highlight="" highlightimage="" highlightimagename="" idMateria="19839411">
  <body>
    <Identifica><![CDATA[ EXTRATO DE CONVÊNIO]]></Identifica>
    <Data><![CDATA[]]></Data>
    <Ementa />
    <Titulo />
    <SubTitulo />
    <Texto><![CDATA[<p class="identifica">EXTRATO DE CONVÊNIO</p><p>Processo nº 23076.045699/2022-28. / Convênio n° 51/2022-UFPE, firmado em 20.07.2022, entre a UFPE, CNPJ: 24.134.488/00001-08, e o TRIBUNAL DE JUSTIÇA DO ESTADO DE PERNAMBUCO - TJPE. / OBJETO: Realização do Projeto Câmara de Conciliação, Mediação e Arbitragem na UFPE. / VIGÊNCIA: 36 meses contados de 29.08.2022 (Triênio 29.08.2022 - 29.08.2025). / SIGNATÁRIOS: UFPE: Prof. Alfredo Macedo Gomes - Reitor; TJPE: Sr. Marcel Lima - Diretor Geral.</p><p></p>]]></Texto>
  </body>
  <Midias />
</article></xml>