﻿<xml><article id="27733043" name="Ata_95-2022-locaAAo-de-veAculos" idOficio="9056774" pubName="DO3" artType="Aviso de Registro de Preços" pubDate="30/08/2022" artClass="00047:00025:00000:00000:00000:00000:00000:00000:00000:00000:00112:00000" artCategory="Poder Judiciário/Tribunal Regional Eleitoral do Pará" artSize="12" artNotes="" numberPage="263" pdfPage="http://pesquisa.in.gov.br/imprensa/jsp/visualiza/index.jsp?data=30/08/2022&amp;jornal=530&amp;pagina=263" editionNumber="165" highlightType="" highlightPriority="" highlight="" highlightimage="" highlightimagename="" idMateria="19839313">
  <body>
    <Identifica><![CDATA[ AVISO DE REGISTRO DE PREÇOS]]></Identifica>
    <Data><![CDATA[]]></Data>
    <Ementa />
    <Titulo />
    <SubTitulo />
    <Texto><![CDATA[<p class="identifica">AVISO DE REGISTRO DE PREÇOS</p><p class="identifica">Pregão Eletrônico nº 55/2022</p><p>O Tribunal Regional Eleitoral do Pará torna pública a formalização da Ata de Registro de Preços nº 95/2022, decorrente do Pregão Eletrônico nº 55/2022, Processo nº 0012504-66.2021.6.14.8000, da seguinte forma:</p><p>- Detentora da Ata: PRISMA TURISMO E EVENTOS LTDA, CNPJ/MF nº 04.183.755/0001-20;</p><p>- Itens 1 e 2 (Locação de veículos, sem motorista, para prestar apoio durante o período eleitoral de 2022, vigência e execução por 04 (quatro) e 02 (meses) meses.);</p><p>- Valor Global da Ata: R$ 384.436,08.</p><p class="assina">FELIPE HOUAT DE BRITO</p><p class="cargo">Diretor-Geral</p>]]></Texto>
  </body>
  <Midias />
</article></xml>