﻿<xml><article id="27761558" name="2022-08-29/9056559/COMPRASNETWS_" idOficio="9056559" pubName="DO3" artType="Extrato de Contrato" pubDate="30/08/2022" artClass="00027:00051:00092:00000:00000:00000:00000:00000:00000:00000:00031:00001" artCategory="Ministério do Trabalho e Previdência/Instituto Nacional do Seguro Social/Superintendência Regional Sudeste I" artSize="12" artNotes="" numberPage="234" pdfPage="http://pesquisa.in.gov.br/imprensa/jsp/visualiza/index.jsp?data=30/08/2022&amp;jornal=530&amp;pagina=234" editionNumber="165" highlightType="" highlightPriority="" highlight="" highlightimage="" highlightimagename="" idMateria="19839074">
  <body>
    <Identifica><![CDATA[ EXTRATO DE CONTRATO Nº 69/2022 - UASG 510178]]></Identifica>
    <Data><![CDATA[]]></Data>
    <Ementa />
    <Titulo />
    <SubTitulo />
    <Texto><![CDATA[<p class="identifica">EXTRATO DE CONTRATO Nº 69/2022 - UASG 510178</p><p>Nº Processo: 35014.001407/2022-01.</p><p>Pregão Nº 23/2022. Contratante: SUPERINTENDENCIA REGIONAL SUDESTE I.</p><p>Contratado: 21.559.804/0001-03 - GERBRA COMERCIO EIRELI. Objeto: Aquisição de material permanente, do tipo carrinho plataforma, para reposição nas unidades do inss sob jurisdição da superintendência regional sudeste i (srse-i)..</p><p>Fundamento Legal: LEI 10.520 / 2002 - Artigo: 1. Vigência: 23/08/2022 a 21/12/2022. Valor Total: R$ 39.185,92. Data de Assinatura: 23/08/2022.</p><p>(COMPRASNET 4.0 - 26/08/2022).</p>]]></Texto>
  </body>
  <Midias />
</article></xml>