﻿<xml><article id="27732473" name="AVISO RESULTADO DE JULGAMENTO 28" idOficio="8406178" pubName="DO3" artType="Resultado de Julgamento de Licitação" pubDate="30/08/2022" artClass="00019:00037:00089:00012:00000:00000:00000:00000:00000:00000:00160:00000" artCategory="Ministério da Infraestrutura/Departamento Nacional de Infraestrutura de Transportes/Superintendência Regional na Bahia/Serviço de Cadastro e Licitação - BA" artSize="12" artNotes="" numberPage="176" pdfPage="http://pesquisa.in.gov.br/imprensa/jsp/visualiza/index.jsp?data=30/08/2022&amp;jornal=530&amp;pagina=176" editionNumber="165" highlightType="" highlightPriority="" highlight="" highlightimage="" highlightimagename="" idMateria="18237516">
  <body>
    <Identifica><![CDATA[   RESULTADO DE JULGAMENTO]]></Identifica>
    <Data><![CDATA[]]></Data>
    <Ementa />
    <Titulo />
    <SubTitulo />
    <Texto><![CDATA[<p class="identifica">RESULTADO DE JULGAMENTO</p><p class="identifica">RDC Nº 287/2022-05</p><p>O Departamento Nacional de Infraestrutura de Transportes, autarquia federal vinculada ao Ministério da Infraestrutura, torna público aos interessados o resultado da licitação em epígrafe. Critério de Julgamento: Menor Preço (Inciso I, art. 18 da lei 12.462/11). Sagrou-se vencedora do Certame a empresa: a MAXIMINO DOS SANTOS &amp; CIA LTDA. CNPJ: 14.585.539/0001-64, no valor global de R$ 1.475.000,00 (um milhão, quatrocentos e setenta e cinco mil reais). Processo Administrativo nº 50600.013109/2020-78.</p><p class="assina">Andrea Coelho Cupertino Ruas</p><p class="cargo">Pregoeira</p>]]></Texto>
  </body>
  <Midias />
</article></xml>