﻿<xml><article id="27733741" name="Extratos de Termos Aditivos-Exec" idOficio="9056985" pubName="DO3" artType="Extrato de Termo Aditivo" pubDate="30/08/2022" artClass="00051:00018:00021:00000:00000:00000:00000:00000:00000:00000:00054:00000" artCategory="Governo do Estado/Governo do Estado do Piauí/Instituto de Desenvolvimento do Piauí" artSize="12" artNotes="" numberPage="314" pdfPage="http://pesquisa.in.gov.br/imprensa/jsp/visualiza/index.jsp?data=30/08/2022&amp;jornal=530&amp;pagina=314" editionNumber="165" highlightType="" highlightPriority="" highlight="" highlightimage="" highlightimagename="" idMateria="19839509">
  <body>
    <Identifica><![CDATA[ EXTRATOS DE TERMOS ADITIVOS]]></Identifica>
    <Data><![CDATA[]]></Data>
    <Ementa />
    <Titulo />
    <SubTitulo />
    <Texto><![CDATA[<p class="identifica">EXTRATOS DE TERMOS ADITIVOS</p><p>Espécie: SEXTO TERMO ADITIVO DE EXECUÇÃO DO CONTRATO Nº 103/2021</p><p>PROCESSO ADMINISTRATIVO: Nº 290/2020</p><p>PROCESSO LICITATÓRIO: Concorrência nº 0242021</p><p>CONTRATO: Nº 103/2021</p><p>CONTRATANTE: INSTITUTO DE DESENVOLVIMENTO DO PIAUÍ-IDEPI, CNPJ Nº 09.034.960/0001-47</p><p>CONTRATADA: F. A. MENDES LOPES - EIRELI, CNPJ: 26.578.603/0001-69</p><p>FUNDAMENTO LEGAL: ART. 57, § 1º DA LEI 8.666/93</p><p>OBJETO: Alteração do prazo de execução do contrato nº 103/2021, relativo aos serviços de pavimentação em paralelepípedo, área 2.794,12m <sup>2</sup> , no município de Floresta - PI, será ampliado em 02 (dois) meses</p><p>RATIFICAÇÃO: Ficam ratificadas as demais cláusulas do contrato nº 103/2021, respeitadas as alterações posteriores</p><p>DATA DA ASSINATURA: 24/08/2022</p><p>SIGNATÁRIOS: LEONARDO SOBRAL SANTOS - PELA CONTRATANTE E FRANCISCO ALEX MENDES LOPES - PELA CONTRATADA.</p><p>Espécie: PRIMEIRO TERMO ADITIVO DE EXECUÇÃO DO CONTRATO Nº 068/2022</p><p>PROCESSO ADMINISTRATIVO Nº: 355/2021</p><p>PROCESSO SEI: Nº 00119.000339/2021-11</p><p>PROCESSO LICITATÓRIO: Concorrência nº 124/2021</p><p>CONTRATO: Nº 068/2022</p><p>CONTRATANTE: INSTITUTO DE DESENVOLVIMENTO DO PIAUÍ-IDEPI, CNPJ Nº 09.034.960/0001-47</p><p>CONTRATADA: CONSTRUTOP ENGENHARIA E CONSTRUÇÃO - EIRELI, CNPJ: 16.990.345/0001-70</p><p>FUNDAMENTO LEGAL: ART. 57, § 1º DA LEI 8.666/93</p><p>OBJETO: Alteração do prazo de execução do contrato nº 068/2022, relativo aos serviços de pavimentação em paralelepípedo, área: 4.938,00m <sup>2</sup> , <sup></sup> no município de Campo Alegre do Fidalgo - PI, será ampliado em 120 (cento e vinte) dias</p><p>RATIFICAÇÃO: Ficam ratificadas as demais cláusulas do contrato nº 068/2022, respeitadas as alterações posteriores</p><p>DATA DA ASSINATURA: 07/07/2022</p><p>SIGNATÁRIOS: LEONARDO SOBRAL SANTOS - PELA CONTRATANTE E PAULO AFONSO GUIMARÃES MOURA - PELA CONTRATADA.</p><p>Espécie: SEGUNDO TERMO ADITIVO DE EXECUÇÃO DO CONTRATO Nº 121/2022</p><p>PROCESSO ADMINISTRATIVO Nº: 059/2021</p><p>PROCESSO SEI: Nº 00119.000428/2021-68</p><p>PROCESSO LICITATÓRIO: Concorrência nº 016/2022</p><p>CONTRATO: Nº 121/2022</p><p>CONTRATANTE: INSTITUTO DE DESENVOLVIMENTO DO PIAUÍ-IDEPI, CNPJ Nº 09.034.960/0001-47</p><p>CONTRATADA: PORTELA ENGENHARIA E CONSTRUÇÕES - LTDA, CNPJ Nº 31.658.748/0001-00</p><p>FUNDAMENTO LEGAL: ART. 57, § 1° DA LEI 8.666/93</p><p>OBJETO: Alteração do prazo de execução contrato nº 121/2022, relativo aos serviços de melhorias sanitárias domiciliares, no município de Parnaguá - PI, Convênio/SINCONV nº 907032/2020/MDR/Funasa. será ampliado em 02 (dois) meses</p><p>RATIFICAÇÃO: Ficam ratificadas todas as cláusulas do contrato nº 121/2022, não alteradas pelo presente termo aditivo</p><p>DATA DA ASSINATURA: 12/08/2022, com efeitos a partir de 16/08/2022</p><p>SIGNATÁRIOS: LEONARDO SOBRAL SANTOS - IDEPI E FRANCISCO CLAÚDIO PORTELA - PELA CONTRATADA.</p><p>Espécie: PRIMEIRO TERMO ADITIVO DE EXECUÇÃO DO CONTRATO Nº 206/2022</p><p>PROCESSO ADMINISTRATIVO Nº: 060/2022</p><p>PROCESSO SEI: Nº 00119.000456/2021-85</p><p>PROCESSO LICITATÓRIO: Concorrência nº 080/2022</p><p>CONTRATO: Nº 206/2022</p><p>CONTRATANTE: INSTITUTO DE DESENVOLVIMENTO DO PIAUÍ-IDEPI, CNPJ Nº 09.034.960/0001-47</p><p>CONTRATADA: CONSTRUTORA CONSTRUNOVA - LTDA., CNPJ: 63.347.280/0001-29</p><p>FUNDAMENTO LEGAL: ART. 57, § 1º DA LEI 8.666/93</p><p>OBJETO: Alteração do prazo de execução do contrato nº 206/2022, relativo aos serviços de melhorias sanitárias domiciliares, no município de Ilha Grande - PI, Convênio/SICONV nº 907033/2020/MDR/FUNASA, será ampliado em 02 (dois) meses</p><p>RATIFICAÇÃO: Ficam ratificadas as demais cláusulas do contrato nº 206/2022, respeitadas as alterações posteriores</p><p>DATA DA ASSINATURA: 26/08/2022, com efeitos a partir de 27/08/2022</p><p>SIGNATÁRIOS: LEONARDO SOBRAL SANTOS - PELA CONTRATANTE E JOSÉ DIAS DE CASTRO JÚNIOR - PELA CONTRATADA.</p>]]></Texto>
  </body>
  <Midias />
</article></xml>