﻿<xml><article id="27761876" name="2022-08-28/9056299/COMPRASNETWS_" idOficio="9056299" pubName="DO3" artType="Extrato de Termo Aditivo" pubDate="30/08/2022" artClass="00022:00040:00065:00000:00000:00000:00000:00000:00000:00000:00054:00001" artCategory="Ministério do Meio Ambiente/Instituto Brasileiro do Meio Ambiente e dos Recursos Naturais Renováveis/Superintendência no Maranhão" artSize="12" artNotes="" numberPage="191" pdfPage="http://pesquisa.in.gov.br/imprensa/jsp/visualiza/index.jsp?data=30/08/2022&amp;jornal=530&amp;pagina=191" editionNumber="165" highlightType="" highlightPriority="" highlight="" highlightimage="" highlightimagename="" idMateria="19838497">
  <body>
    <Identifica><![CDATA[ EXTRATO DE TERMO ADITIVO Nº 1/2022 - UASG 193110]]></Identifica>
    <Data><![CDATA[]]></Data>
    <Ementa />
    <Titulo />
    <SubTitulo />
    <Texto><![CDATA[<p class="identifica">EXTRATO DE TERMO ADITIVO Nº 1/2022 - UASG 193110</p><p>Número do Contrato: 3/2021.</p><p>Nº Processo: 02012.000716/2020-55.</p><p>Pregão. Nº 3/2021. Contratante: IBAMA - SUPERINTENDENCIA DO MARANHAO/MA. Contratado: 05.608.779/0001-46 - TEC NEWS EIRELI. Objeto: O presente termo aditivo tem por objeto a alteração do contrato com conformidade com a cláusula décima terceira - das alterações do contrato, por acordo das partes proceder acréscimo de 16,67% (dezesseis vírgula sessenta e sete por cento).</p><p>a variação contratual referente ao acréscimo corresponde ao valor total de r$ 42.999,24 (quarenta e dois mil, novecentos e noventa e nove reais e vinte quatro centavos).. Vigência: 01/09/2022 a 15/12/2022. Valor Total Atualizado do Contrato: R$ 1.221.978,40. Data de Assinatura: 26/08/2022.</p><p>(COMPRASNET 4.0 - 26/08/2022).</p>]]></Texto>
  </body>
  <Midias />
</article></xml>