﻿<xml><article id="27733312" name="DECISAO - DOU - CC- 001-2022-PMU" idOficio="9056831" pubName="DO3" artType="Resultado de Julgamento" pubDate="30/08/2022" artClass="00052:00013:00230:00000:00000:00000:00000:00000:00000:00000:00120:00000" artCategory="Prefeituras/Estado do Pará/Prefeitura Municipal de Ulianópolis" artSize="12" artNotes="" numberPage="404" pdfPage="http://pesquisa.in.gov.br/imprensa/jsp/visualiza/index.jsp?data=30/08/2022&amp;jornal=530&amp;pagina=404" editionNumber="165" highlightType="" highlightPriority="" highlight="" highlightimage="" highlightimagename="" idMateria="19839389">
  <body>
    <Identifica><![CDATA[ AVISOCONCORRÊNCIA PÚBLICA Nº 1/2022-PMU]]></Identifica>
    <Data><![CDATA[Ulianópolis, Pa, 24 de Agosto de 2022.]]></Data>
    <Ementa />
    <Titulo />
    <SubTitulo />
    <Texto><![CDATA[<p class="identifica">AVISOCONCORRÊNCIA PÚBLICA Nº 1/2022-PMU</p><p>Adoto como fundamento de decidir o que exposto no Parecer Jurídico que passar a fazer parte desta decisão e NEGO provimento ao recurso interposto pela empresa CONSTRUTORA NORTE ALFA EIRELI, tendo em vista que a abertura de prazo para retificação deu-se na forma do Inciso I, do § 3° do art. 48, da Lei 8.666/93. NEGO, provimento ao recurso.</p><p class="data">Ulianópolis, Pa, 24 de Agosto de 2022.</p><p class="assina">KELLY CRISTINA DESTRO</p><p class="cargo">Prefeita</p>]]></Texto>
  </body>
  <Midias />
</article></xml>