﻿<xml><article id="27765557" name="2022-08-29/9056821/COMPRASNETWS_" idOficio="9056821" pubName="DO3" artType="Extrato de Termo Aditivo" pubDate="30/08/2022" artClass="00014:00002:00011:00001:00000:00000:00000:00000:00000:00000:00054:00001" artCategory="Ministério do Desenvolvimento Regional/Secretaria Executiva/Secretaria de Coordenação e Gestão/Diretoria de Administração" artSize="12" artNotes="" numberPage="58" pdfPage="http://pesquisa.in.gov.br/imprensa/jsp/visualiza/index.jsp?data=30/08/2022&amp;jornal=530&amp;pagina=58" editionNumber="165" highlightType="" highlightPriority="" highlight="" highlightimage="" highlightimagename="" idMateria="19839372">
  <body>
    <Identifica><![CDATA[ EXTRATO DE TERMO ADITIVO Nº 3/2022 - UASG 530001]]></Identifica>
    <Data><![CDATA[]]></Data>
    <Ementa />
    <Titulo />
    <SubTitulo />
    <Texto><![CDATA[<p class="identifica">EXTRATO DE TERMO ADITIVO Nº 3/2022 - UASG 530001</p><p>Número do Contrato: 25/2020.</p><p>Nº Processo: 59000.018094/2020-78.</p><p>Pregão. Nº 13/2020. Contratante: MDR/SE/SAD/ADMINISTRACAO GERAL. Contratado: 04.201.934/0001-42 - FAST AUTOMOTIVE E TURISMO LTDA. Objeto: Prorrogar o prazo da vigência do contrato nº 25/2020, por 12 (doze) meses, contemplando-se, nesta ocasião, o período de 03/09/2022 a 03/09/2023, nos termos do art. 57, ii, da lei nº 8.666, de 1993.. Vigência: 03/09/2022 a 03/09/2023. Valor Total Atualizado do Contrato: R$ 487.744,68. Data de Assinatura: 25/08/2022.</p><p>(COMPRASNET 4.0 - 25/08/2022).</p>]]></Texto>
  </body>
  <Midias />
</article></xml>