﻿<xml><article id="27732854" name="Extrato ARP 31-2022" idOficio="9056223" pubName="DO3" artType="Extrato de Registro de Preços" pubDate="30/08/2022" artClass="00047:00014:00000:00000:00000:00000:00000:00000:00000:00000:00048:00000" artCategory="Poder Judiciário/Tribunal Regional Eleitoral do Amapá" artSize="12" artNotes="" numberPage="259" pdfPage="http://pesquisa.in.gov.br/imprensa/jsp/visualiza/index.jsp?data=30/08/2022&amp;jornal=530&amp;pagina=259" editionNumber="165" highlightType="" highlightPriority="" highlight="" highlightimage="" highlightimagename="" idMateria="19837679">
  <body>
    <Identifica><![CDATA[ AVISO DE REGISTRO DE PREÇOS]]></Identifica>
    <Data><![CDATA[]]></Data>
    <Ementa />
    <Titulo />
    <SubTitulo />
    <Texto><![CDATA[<p class="identifica">AVISO DE REGISTRO DE PREÇOS</p><p>Pregão eletrônico nº 21/2022. Assinatura: 24/08/2022. P.A. nº 0000875-38.2022.6.03.8000 Vigência: 12 (doze) meses, a contar desta publicação.</p><p>Ata de Registro de Preços nº 31/2022.</p><p /><p></p><table><tr /><tr><td rowspan="1" colspan="8"><p>EMPRESA REGISTRADA: AILLEZ ENGENHARIA EIRELI</p></td></tr><tr><td rowspan="1" colspan="4"><p>CNPJ: 37.243.365/0001-57</p></td><td rowspan="1" colspan="4"><p>E-MAIL: contato@aillez.com</p></td></tr><tr><td rowspan="1" colspan="7"><p>ENDEREÇO: Rua Francisco Rafael, 190, M.Magalhães - CEP: 69902-022 - Rio Branco/AC</p></td><td rowspan="1" colspan="1"><p>TEL: 68 99939 6992</p></td></tr><tr><td rowspan="1" colspan="1"><p>Ordem</p></td><td rowspan="1" colspan="1"><p>ITEM</p></td><td rowspan="1" colspan="1"><p>SERVIÇO</p></td><td rowspan="1" colspan="2"><p>MARCA</p></td><td rowspan="1" colspan="1"><p>QTD /</p></td><td rowspan="1" colspan="1"><p>VALOR UNITÁRIO</p><p>R$</p></td><td rowspan="1" colspan="1"><p>VALOR TOTAL/R$</p></td></tr><tr><td rowspan="1" colspan="1"><p>01</p></td><td rowspan="1" colspan="1"><p>01</p></td><td rowspan="1" colspan="1"><p>Registro de preços - Manutenção predial</p></td><td rowspan="1" colspan="2" /><td rowspan="1" colspan="1"><p>01</p></td><td rowspan="1" colspan="1"><p>294.385,84</p></td><td rowspan="1" colspan="1"><p>294.385,84</p></td></tr></table><p class="assina">FRANCISCO VALENTIM MAIA</p><p class="cargo">Diretor Geral</p>]]></Texto>
  </body>
  <Midias />
</article></xml>