﻿<xml><article id="27732554" name="PE-115" idOficio="9056642" pubName="DO3" artType="Aviso de Licitação-Pregão" pubDate="30/08/2022" artClass="00052:00020:00114:00000:00000:00000:00000:00000:00000:00000:00164:00000" artCategory="Prefeituras/Estado do Rio de Janeiro/Prefeitura Municipal de Volta Redonda" artSize="12" artNotes="" numberPage="441" pdfPage="http://pesquisa.in.gov.br/imprensa/jsp/visualiza/index.jsp?data=30/08/2022&amp;jornal=530&amp;pagina=441" editionNumber="165" highlightType="" highlightPriority="" highlight="" highlightimage="" highlightimagename="" idMateria="19839171">
  <body>
    <Identifica><![CDATA[ AVISO DE LICITAÇÃO PREGÃO ELETRÔNICO 115/2022 - SRP Nº 87/2022]]></Identifica>
    <Data><![CDATA[]]></Data>
    <Ementa />
    <Titulo />
    <SubTitulo />
    <Texto><![CDATA[<p></p><p class="identifica">AVISO DE LICITAÇÃO PREGÃO ELETRÔNICO 115/2022 - SRP Nº 87/2022</p><p>Proc. 9457/2022/FME/SME - tipo: Menor Preço por lote - Aquisição de Plataforma de Jogos e Jogos Eletrônicos, Realização: 14/09/2022 às 09h - UASG: 450068 - Divulgação: www.voltaredonda.rj.gov.br e www.comprasnet.gov.br - Info: (24) 3345-4444.</p><p class="assina">Eliane da Costa Alexandre</p><p class="cargo">Pregoeiro</p>]]></Texto>
  </body>
  <Midias />
</article></xml>