﻿<xml><article id="27732638" name="385" idOficio="9056274" pubName="DO3" artType="Extrato de Inexigibilidade de Licitação" pubDate="30/08/2022" artClass="00047:00043:00001:00003:00001:00004:00000:00000:00000:00000:00041:00000" artCategory="Poder Judiciário/Tribunal Regional do Trabalho da 4ª Região/Presidência/Diretoria-Geral de Coordenação Administrativa/Secretaria Administrativa/Serviço de Licitações e Contratos" artSize="12" artNotes="" numberPage="271" pdfPage="http://pesquisa.in.gov.br/imprensa/jsp/visualiza/index.jsp?data=30/08/2022&amp;jornal=530&amp;pagina=271" editionNumber="165" highlightType="" highlightPriority="" highlight="" highlightimage="" highlightimagename="" idMateria="19838359">
  <body>
    <Identifica><![CDATA[ EXTRATO DE INEXIGIBILIDADE DE LICITAÇÃO]]></Identifica>
    <Data><![CDATA[]]></Data>
    <Ementa />
    <Titulo />
    <SubTitulo />
    <Texto><![CDATA[<p></p><p class="identifica">EXTRATO DE INEXIGIBILIDADE DE LICITAÇÃO</p><p>PROCESSO nº 5782/2022. CD nº 385/2022. RESUMO DO OBJETO: assinatura para cem (100) acessos simultâneos à Revista dos Tribunais Online (RT Online), de setembro de 2022 a agosto de 2023. VALOR TOTAL: R$ 54.222,96. FAVORECIDO: Editora Revista dos Tribunais Ltda. FUNDAMENTO LEGAL: inciso I do art. 25 da Lei 8.666/93. CRÉDITO: Programa de Trabalho: 168127. Classificação: 3390390101. RATIFICAÇÃO: por Francisco Rossal de Araújo, Presidente, em 24/08/2022.</p>]]></Texto>
  </body>
  <Midias />
</article></xml>