﻿<xml><article id="27765893" name="2022-08-29/9056849/COMPRASNETWS_" idOficio="9056849" pubName="DO3" artType="Extrato de Termo Aditivo" pubDate="30/08/2022" artClass="00018:00057:00003:00000:00000:00000:00000:00000:00000:00000:00054:00001" artCategory="Ministério da Educação/Instituto Federal de Educação, Ciência e Tecnologia do Maranhão/Campus Açailândia" artSize="12" artNotes="" numberPage="94" pdfPage="http://pesquisa.in.gov.br/imprensa/jsp/visualiza/index.jsp?data=30/08/2022&amp;jornal=530&amp;pagina=94" editionNumber="165" highlightType="" highlightPriority="" highlight="" highlightimage="" highlightimagename="" idMateria="19839409">
  <body>
    <Identifica><![CDATA[ EXTRATO DE TERMO ADITIVO Nº 2/2022 - UASG 158295]]></Identifica>
    <Data><![CDATA[]]></Data>
    <Ementa />
    <Titulo />
    <SubTitulo />
    <Texto><![CDATA[<p class="identifica">EXTRATO DE TERMO ADITIVO Nº 2/2022 - UASG 158295</p><p>Número do Contrato: 3/2020.</p><p>Nº Processo: 23249.022996/2017-53.</p><p>Pregão. Nº 3/2017. Contratante: INST.FED.DO MARANHAO/CAMPUS ACAILANDIA. Contratado: 05.052.665/0001-62 - V.M. COMERCIO E SERVICOS LTDA - ME. Objeto: Prorrogar o prazo de vigencia do contrato nº 03/2020 em 12 (doze) meses do prazo estabelecido pelo contrato principal que trata da contratação de serviços de manutenção prevnetiva e corretiva dos condicionadores de ar do ifma - campus açailândia. Vigência: 03/09/2022 a 03/09/2023. Valor Total Atualizado do Contrato: R$ 4.791.700,56. Data de Assinatura: 23/08/2022.</p><p>(COMPRASNET 4.0 - 23/08/2022).</p>]]></Texto>
  </body>
  <Midias />
</article></xml>