﻿<xml><article id="27766784" name="2022-08-28/9056374/COMPRASNETWS_" idOficio="9056374" pubName="DO3" artType="Extrato de Rescisão" pubDate="30/08/2022" artClass="00018:00098:00000:00000:00000:00000:00000:00000:00000:00000:00107:00001" artCategory="Ministério da Educação/Universidade Federal de Juiz de Fora" artSize="12" artNotes="" numberPage="120" pdfPage="http://pesquisa.in.gov.br/imprensa/jsp/visualiza/index.jsp?data=30/08/2022&amp;jornal=530&amp;pagina=120" editionNumber="165" highlightType="" highlightPriority="" highlight="" highlightimage="" highlightimagename="" idMateria="19838718">
  <body>
    <Identifica><![CDATA[ EXTRATO DE RESCISÃO DA CONCESSÃO ADMINISTRATIVA DE USO Nº 5/2018 - UASG 153061]]></Identifica>
    <Data><![CDATA[]]></Data>
    <Ementa />
    <Titulo />
    <SubTitulo />
    <Texto><![CDATA[<p class="identifica">EXTRATO DE RESCISÃO DA CONCESSÃO ADMINISTRATIVA DE USO Nº 5/2018 - UASG 153061</p><p>Nº Processo: 23071.008736/2018-25. Contratante: UNIVERSIDADE FEDERAL DE JUIZ DE FORA. Contratado: 04.435.637/0001-61 - DDM FEST BUFFET E LANCHONETE LTDA - ME. Objeto: Rescisão amigável da concessão administrativa de uso nº 005/2018, a partir de 25.08.2022. Fundamento Legal: LEI 8666/1993 - Artigo 79, Inciso II. Data de Rescisão: 25/08/2022.</p><p>(COMPRASNET 4.0 - 25/08/2022).</p>]]></Texto>
  </body>
  <Midias />
</article></xml>