﻿<xml><article id="27733531" name="FNDE3_EDITAL DE NOTIFICAAAO NA 2" idOficio="9056949" pubName="DO3" artType="Edital de Notificação" pubDate="30/08/2022" artClass="00018:00042:00006:05089:00000:00000:00000:00000:00000:00000:00064:00020" artCategory="Ministério da Educação/Fundo Nacional de Desenvolvimento da Educação/Diretoria Financeira/Coordenação-Geral de Contabilidade e Acompanhamento de Prestação de Contas" artSize="24" artNotes="" numberPage="88" pdfPage="http://pesquisa.in.gov.br/imprensa/jsp/visualiza/index.jsp?data=30/08/2022&amp;jornal=530&amp;pagina=88" editionNumber="165" highlightType="" highlightPriority="" highlight="" highlightimage="" highlightimagename="" idMateria="19839445">
  <body>
    <Identifica><![CDATA[ EDITAL DE NOTIFICAÇÃO Nº 20, DE 26 DE AGOSTO DE 2022]]></Identifica>
    <Data><![CDATA[]]></Data>
    <Ementa />
    <Titulo />
    <SubTitulo />
    <Texto><![CDATA[<p class="identifica">EDITAL DE NOTIFICAÇÃO Nº 20, DE 26 DE AGOSTO DE 2022</p><p>O Fundo Nacional de Desenvolvimento da Educação - FNDE, Autarquia Federal, sito, Setor Bancário Sul, Quadra 02 Bloco "F", Edifício FNDE - Asa Sul, CEP: 70.070.929 - Brasília - DF, convoca o Senhor Ex-dirigente residente em lugar incerto e não sabido, para regularizarem pendências dos repasses diretos objetos de transferências de recursos por esta Autarquia, mencionados na tabela a seguir:</p><p /><p></p><table><tr /><tr><td rowspan="1" colspan="1"><p>Responsável</p></td><td rowspan="1" colspan="1"><p>CNPJ/CPF</p></td><td rowspan="1" colspan="1"><p>Entidade/UF</p></td><td rowspan="1" colspan="1"><p>Pendência</p></td><td rowspan="1" colspan="1"><p>Programa/Ano</p></td><td rowspan="1" colspan="1"><p>Unidade</p></td></tr><tr><td rowspan="1" colspan="1"><p>Pedro Gomes Filho</p></td><td rowspan="1" colspan="1"><p>104.612.994-53</p></td><td rowspan="1" colspan="1"><p>Ex-Prefeito do Município de Pedro Alexandre - BA</p></td><td rowspan="1" colspan="1"><p>Repasse</p></td><td rowspan="1" colspan="1"><p>MP 815/2017</p></td><td rowspan="1" colspan="1"><p>SEOPC</p></td></tr><tr><td rowspan="1" colspan="1"><p>Eduardo Corrêa Sotana</p></td><td rowspan="1" colspan="1"><p>302.277.108-86</p></td><td rowspan="1" colspan="1"><p>Ex-Prefeito do Município de Maracaí - SP</p></td><td rowspan="1" colspan="1"><p>Repasse</p></td><td rowspan="1" colspan="1"><p>MP 815/2017</p></td><td rowspan="1" colspan="1"><p>SEOPC</p></td></tr><tr><td rowspan="1" colspan="1"><p>David Klevisson da Fonseca Silva Pedrosa</p></td><td rowspan="1" colspan="1"><p>046.010.744-52</p></td><td rowspan="1" colspan="1"><p>Ex-Prefeito do Município de Porto Calvo - AL</p></td><td rowspan="1" colspan="1"><p>Repasse</p></td><td rowspan="1" colspan="1"><p>MP 815/2017</p></td><td rowspan="1" colspan="1"><p>SEOPC</p></td></tr><tr><td rowspan="1" colspan="1"><p>Mauro Júnior Silva Arcanjo</p></td><td rowspan="1" colspan="1"><p>794.299.391-49</p></td><td rowspan="1" colspan="1"><p>Ex-Prefeito do Município de Rio da Conceição - TO</p></td><td rowspan="1" colspan="1"><p>Repasse</p></td><td rowspan="1" colspan="1"><p>MP 815/2017</p></td><td rowspan="1" colspan="1"><p>SEOPC</p></td></tr><tr><td rowspan="1" colspan="1"><p>Ecildo Evangelista Filho</p></td><td rowspan="1" colspan="1"><p>427.004.183-87</p></td><td rowspan="1" colspan="1"><p>Ex-Prefeito do Município de Mombaça - CE</p></td><td rowspan="1" colspan="1"><p>Repasse</p></td><td rowspan="1" colspan="1"><p>MP 815/2017</p></td><td rowspan="1" colspan="1"><p>SEOPC</p></td></tr><tr><td rowspan="1" colspan="1"><p>Luiz Pereira de Sousa</p></td><td rowspan="1" colspan="1"><p>443.028.002-91</p></td><td rowspan="1" colspan="1"><p>Ex-Prefeito do Município Quatipuru - PA</p></td><td rowspan="1" colspan="1"><p>Repasse</p></td><td rowspan="1" colspan="1"><p>MP 815/2017</p></td><td rowspan="1" colspan="1"><p>SEOPC</p></td></tr><tr><td rowspan="1" colspan="1"><p>Simão Pedro Alves Pequeno</p></td><td rowspan="1" colspan="1"><p>834.466.053-04</p></td><td rowspan="1" colspan="1"><p>Ex-Prefeito do Município de Oros - CE</p></td><td rowspan="1" colspan="1"><p>Repasse</p></td><td rowspan="1" colspan="1"><p>MP 815/2017</p></td><td rowspan="1" colspan="1"><p>SEOPC</p></td></tr><tr><td rowspan="1" colspan="1"><p>Raimundo Ivaldo do Nascimento Silva</p></td><td rowspan="1" colspan="1"><p>880.155.563-68</p></td><td rowspan="1" colspan="1"><p>Ex-Prefeito do Município de Mata Roma - MA</p></td><td rowspan="1" colspan="1"><p>Repasse</p></td><td rowspan="1" colspan="1"><p>MP 815/2017</p></td><td rowspan="1" colspan="1"><p>SEOPC</p></td></tr><tr><td rowspan="1" colspan="1"><p>Alexandre Duarte Lindenmeyer</p></td><td rowspan="1" colspan="1"><p>472.824.280-34</p></td><td rowspan="1" colspan="1"><p>Ex-Prefeito do Município de Rio Grande - RS</p></td><td rowspan="1" colspan="1"><p>Repasse</p></td><td rowspan="1" colspan="1"><p>MP 815/2017</p></td><td rowspan="1" colspan="1"><p>SEOPC</p></td></tr></table><p>O não atendimento no prazo de 30 dias, contados desta publicação, suscitará a instauração de Tomada de Contas Especial para citação do responsável.</p><p class="assina">BRUNO PEREIRA RIBEIRO</p><p class="cargo">Coordenador - Geral</p>]]></Texto>
  </body>
  <Midias />
</article></xml>