﻿<xml><article id="27732572" name="AVISO CHAMADA PUBLICA DOU 02 202" idOficio="9056747" pubName="DO3" artType="Aviso de Chamamento Público" pubDate="30/08/2022" artClass="00018:00067:00001:00000:00000:00000:00000:00000:00000:00000:00110:00000" artCategory="Ministério da Educação/Instituto Federal de Educação, Ciência e Tecnologia do Rio Grande do Norte/Reitoria" artSize="12" artNotes="" numberPage="108" pdfPage="http://pesquisa.in.gov.br/imprensa/jsp/visualiza/index.jsp?data=30/08/2022&amp;jornal=530&amp;pagina=108" editionNumber="165" highlightType="" highlightPriority="" highlight="" highlightimage="" highlightimagename="" idMateria="19839285">
  <body>
    <Identifica><![CDATA[ AVISO DE CHAMADA PÚBLICA Nº 2/2022 PAB]]></Identifica>
    <Data><![CDATA[ Em 29 de agosto de 2022.]]></Data>
    <Ementa />
    <Titulo />
    <SubTitulo />
    <Texto><![CDATA[<p class="identifica">AVISO DE CHAMADA PÚBLICA Nº 2/2022 PAB</p><p>Objeto: Aquisição de gêneros alimentícios produzidos por agricultores familiares e demais beneficiários que se enquadrem nas disposições da Lei nº 11.326/2006, por meio da modalidade Compra Institucional, no âmbito do Programa Alimentar Brasil - PAB, para atender à demanda dos diversos Campi do IFRN, conforme condições de participação contidas no Edital e no Projeto Básico. Entrega dos Projetos de Venda: a partir do dia 30 de agosto de 2022. Abertura dos Projetos: de acordo com o cronograma anexo ao Projeto Básico. Local de entrega dos Projetos: nos campi do IFRN conforme endereços constantes no Projeto Básico. Informações complementares: Os interessados em receber o edital poderão acessar o sítio https://portal.ifrn.edu.br/acessoainformacao/licitacoes-e-contratos/licitacoes/2022-licitacoes/chamada-publica ou solicitar através do e-mail dilic@ifrn.edu.br ou solicitar através do e-mail dilic@ifrn.edu.br.</p><p class="data">Em 29 de agosto de 2022.</p><p class="assina">Erivaldo Bezerra de Lima</p><p class="cargo">Presidente da CPL</p>]]></Texto>
  </body>
  <Midias />
</article></xml>