﻿<xml><article id="27765480" name="2022-08-29/9056725/COMPRASNETWS_" idOficio="9056725" pubName="DO3" artType="Extrato de Contrato" pubDate="30/08/2022" artClass="00007:00047:00041:00005:00011:00000:00000:00000:00000:00000:00031:00001" artCategory="Ministério da Agricultura, Pecuária e Abastecimento/Secretaria de Defesa Agropecuária/Departamento de Serviços Técnicos/Coordenação-Geral de Apoio Laboratorial/Laboratório Federal de Defesa Agropecuária em Pernambuco" artSize="12" artNotes="" numberPage="5" pdfPage="http://pesquisa.in.gov.br/imprensa/jsp/visualiza/index.jsp?data=30/08/2022&amp;jornal=530&amp;pagina=5" editionNumber="165" highlightType="" highlightPriority="" highlight="" highlightimage="" highlightimagename="" idMateria="19839263">
  <body>
    <Identifica><![CDATA[ EXTRATO DE CONTRATO Nº 44/2022 - UASG 130016]]></Identifica>
    <Data><![CDATA[]]></Data>
    <Ementa />
    <Titulo />
    <SubTitulo />
    <Texto><![CDATA[<p class="identifica">EXTRATO DE CONTRATO Nº 44/2022 - UASG 130016</p><p>Nº Processo: 21002.000940/2021-91.</p><p>Pregão Nº 6/2022. Contratante: LABORATORIO FEDERAL DE DEFESA AGROPECUARIA/PE.</p><p>Contratado: 20.474.613/0001-78 - WASTE COLETA DE RESIDUOS HOSPITALARES LTDA. Objeto: Contratação de empresa especializada para realizar recolhimento, carga, transporte e descarga, disposição e descarte final de resíduos classe i, resíduos de serviço de saúde (rss) e lâmpadas utilizadas no lfda-pe, com fornecimento de toda embalagem necessária ao transporte externo dos mesmos, disponibilização de balança para pesagem dos resíduos antes do transporte, emissão de certificado de descarte final (cdf) de acordo com a legislação vigente. A atualização anual do plano de gerenciamento de resíduo sólido (pgrs) e elaboração do plano de gerenciamento de resíduo de serviço de saúde (pgrss), que serão prestados nas condições estabelecidas no termo de referência, anexo do edital..</p><p>Fundamento Legal: LEI 10.520 / 2002 - Artigo: 1. Vigência: 01/09/2022 a 01/09/2023. Valor Total: R$ 84.824,00. Data de Assinatura: 25/08/2022.</p><p>(COMPRASNET 4.0 - 26/08/2022).</p>]]></Texto>
  </body>
  <Midias />
</article></xml>