﻿<xml><article id="27733468" name="UNIAO__WGW4GM" idOficio="9056926" pubName="DO3" artType="Aviso de Licitação" pubDate="30/08/2022" artClass="00052:00016:00186:00000:00000:00000:00000:00000:00000:00000:00081:00000" artCategory="Prefeituras/Estado de Pernambuco/Prefeitura Municipal de Santa Cruz do Capibaribe" artSize="12" artNotes="" numberPage="423" pdfPage="http://pesquisa.in.gov.br/imprensa/jsp/visualiza/index.jsp?data=30/08/2022&amp;jornal=530&amp;pagina=423" editionNumber="165" highlightType="" highlightPriority="" highlight="" highlightimage="" highlightimagename="" idMateria="19839427">
  <body>
    <Identifica><![CDATA[AVISO DE CHAMAMENTO PÚBLICO Nº 2/2022]]></Identifica>
    <Data><![CDATA[ Santa Cruz do Capibaribe, PE, 29 de agosto de 2022.]]></Data>
    <Ementa />
    <Titulo />
    <SubTitulo />
    <Texto><![CDATA[<p></p><p class="identifica">AVISO DE CHAMAMENTO PÚBLICO Nº 2/2022</p><p>AVISO DE DISPENSA DE LICITAÇÃO Nº 5/2022</p><p>PROCESSO DE DISPENSA DE LICITAÇÃO Nº. 007/2022 - DISPENSA DE LICITAÇÃO Nº. 005/2022 - CHAMAMENTO PÚBLICO 002/2022. Objeto: aquisição de alimentos de agricultores familiares por meio da modalidade de Compra Institucional do Programa Alimenta Brasil, visando atender as necessidades da Secretaria de Governo e Desenvolvimento Social, conforme especificações dos gêneros alimentícios contidos no Anexo III do Edital. Valor total estimado R$ 961.373,00. Data e hora de abertura: 22/09/2022 às 10h00min. (horário local). Outras informações podem ser obtidas na sala da CPL situada na Rua José Antônio Joaquim nº 140 - 1º andar - Bairro Bela Vista - Santa Cruz do Capibaribe, no horário das 07:00hrs às 13:00hrs de segunda a sexta-feira ou pelo e-mail licitsantacc@outlook.com.</p><p class="data">Santa Cruz do Capibaribe, PE, 29 de agosto de 2022.</p><p class="assina">Elielson Alves Silva</p><p class="cargo">Membro Titular da CPL</p>]]></Texto>
  </body>
  <Midias />
</article></xml>