﻿<xml><article id="27732401" name="termo de adesAo DOU formatado fi" idOficio="9056293" pubName="DO3" artType="Extrato" pubDate="30/08/2022" artClass="00006:00009:00012:00018:00000:00000:00000:00000:00000:00000:00172:00000" artCategory="Presidência da República/Advocacia-Geral da União/Secretaria-Geral de Administração/Superintendência Regional de Administração 2ª Região" artSize="12" artNotes="" numberPage="2" pdfPage="http://pesquisa.in.gov.br/imprensa/jsp/visualiza/index.jsp?data=30/08/2022&amp;jornal=530&amp;pagina=2" editionNumber="165" highlightType="" highlightPriority="" highlight="" highlightimage="" highlightimagename="" idMateria="19838437">
  <body>
    <Identifica><![CDATA[ EXTRATO DE ADESÃO Nº  1/2022]]></Identifica>
    <Data><![CDATA[]]></Data>
    <Ementa />
    <Titulo />
    <SubTitulo />
    <Texto><![CDATA[<p class="identifica">EXTRATO DE ADESÃO Nº 1/2022</p><p>Termo de Adesão ao Acordo de Cooperação Técnica n° 109/2022, celebrado entre a UNIÃO, por intermédio da CENTRAL DE COMPRAS, DA SECRETARIA DE GESTÃO, DA SECRETARIA ESPECIAL DE DESBUROCRATIZAÇÃO, GESTÃO E GOVERNO DIGITAL DO MINITÉRIO DA ECONOMIA, e a instituição financeira BANCO DO BRASIL S.A., visando à operacionalização de Conta-Depósito Vinculada - Bloqueada para movimentação, nos termos da Instrução Normativa SEGES n° 05/2017, para os órgãos da Administração Pública Federal Direta, Autárquica e Fundacional do Poder Executivo. Processo: 00592.000423/2022-21. Data da Assinatura: 22/08/2022.</p>]]></Texto>
  </body>
  <Midias />
</article></xml>