﻿<xml><article id="27732452" name="----- PRORROGACAO - CONCURSO - C" idOficio="9056719" pubName="DO3" artType="Edital" pubDate="30/08/2022" artClass="00018:00105:00001:00000:00000:00000:00000:00000:00000:00000:00057:00000" artCategory="Ministério da Educação/Universidade Federal da Paraíba/Reitoria" artSize="12" artNotes="" numberPage="122" pdfPage="http://pesquisa.in.gov.br/imprensa/jsp/visualiza/index.jsp?data=30/08/2022&amp;jornal=530&amp;pagina=122" editionNumber="165" highlightType="" highlightPriority="" highlight="" highlightimage="" highlightimagename="" idMateria="19839257">
  <body>
    <Identifica><![CDATA[ EDITAL Nº 45, DE 25 DE AGOSTO DE 2022]]></Identifica>
    <Data><![CDATA[]]></Data>
    <Ementa />
    <Titulo />
    <SubTitulo />
    <Texto><![CDATA[<p class="identifica">EDITAL Nº 45, DE 25 DE AGOSTO DE 2022</p><p class="identifica">Prorrogação de Concurso Público para Professor do Magistério Superior</p><p>O Reitor da Universidade Federal da Paraíba, no uso de suas atribuições e de acordo com o que dispõe o Decreto n. 9.739/2019, resolve prorrogar por 01 (um) ano, a partir de 03/12/2022, a validade do resultado do Concurso Público para Professor do Magistério Superior na área de Paisagismo e Projeto, promovido pelo Departamento de Arquitetura e Urbanismo, do Centro de Tecnologia, objeto do Edital Reitor n. 112/2019, de 13/11/2019, publicado no DOU n. 221, de 14/11/2019, Seção 3, p. 84 a 88, com resultado homologado pelo Edital CT n. 1/2021, de 02/12/2022, publicado no DOU n. 227, de 03/12/2021, seção 3, p. 93 (Processo n. 23074.078049/2022-66).</p><p class="assina">VALDINEY VELOSO GOUVEIA</p><p></p>]]></Texto>
  </body>
  <Midias />
</article></xml>