﻿<xml><article id="27763825" name="2022-08-29/9056836/COMPRASNETWS_" idOficio="9056836" pubName="DO3" artType="Extrato de Contrato" pubDate="30/08/2022" artClass="00006:00004:00007:00000:00000:00000:00000:00000:00000:00000:00031:00001" artCategory="Presidência da República/Casa Civil/Instituto Nacional de Tecnologia da Informação" artSize="12" artNotes="" numberPage="1" pdfPage="http://pesquisa.in.gov.br/imprensa/jsp/visualiza/index.jsp?data=30/08/2022&amp;jornal=530&amp;pagina=1" editionNumber="165" highlightType="" highlightPriority="" highlight="" highlightimage="" highlightimagename="" idMateria="19839396">
  <body>
    <Identifica><![CDATA[ EXTRATO DE CONTRATO Nº 10/2022 - UASG 243001]]></Identifica>
    <Data><![CDATA[]]></Data>
    <Ementa />
    <Titulo />
    <SubTitulo />
    <Texto><![CDATA[<p class="identifica">EXTRATO DE CONTRATO Nº 10/2022 - UASG 243001</p><p>Nº Processo: 00100.003688/2021-94.</p><p>Pregão Nº 6/2022. Contratante: INSTITUTO NAC.DE TECNOLOGIA DA INFORMACAO ITI.</p><p>Contratado: 03.627.226/0001-05 - DSS SERVICOS DE TECNOLOGIA DA INFORMACAO LTDA. Objeto: é a contratação de serviços técnicos especializados de operação de infraestrutura de tic, exclusivos para o ambiente de assinaturas eletrônicas avançadas do iti, com monitoramento por meio de noc (network operations center/centro de operações de rede) e soc (security operations center/centro de operações de segurança), para atendimento das necessidades no âmbito do instituto nacional de tecnologia da informação - iti/pr.</p><p>Fundamento Legal: LEI 10.520 / 2002 - Artigo: 1. Vigência: 25/08/2022 a 25/08/2023. Valor Total: R$ 2.785.810,08. Data de Assinatura: 25/08/2022.</p><p>(COMPRASNET 4.0 - 29/08/2022).</p>]]></Texto>
  </body>
  <Midias />
</article></xml>