﻿<xml><article id="27732812" name="EXTRATO PUBLICAAAO TA CV 898658-" idOficio="9056737" pubName="DO3" artType="Extrato de Termo Aditivo" pubDate="30/08/2022" artClass="00026:00002:00009:00017:00002:00001:00000:00000:00000:00000:00054:00000" artCategory="Ministério da Saúde/Secretaria Executiva/Departamento de Gestão Interfederativa e Participativa/Superintendência Estadual do Ministério da Saúde em Santa Catarina/Seção de Gestão de Convênios/Seção de Acompanhamento e Análise da Prestação de Contas" artSize="12" artNotes="" numberPage="201" pdfPage="http://pesquisa.in.gov.br/imprensa/jsp/visualiza/index.jsp?data=30/08/2022&amp;jornal=530&amp;pagina=201" editionNumber="165" highlightType="" highlightPriority="" highlight="" highlightimage="" highlightimagename="" idMateria="19839275">
  <body>
    <Identifica><![CDATA[  EXTRATO De termo aditivo]]></Identifica>
    <Data><![CDATA[]]></Data>
    <Ementa />
    <Titulo />
    <SubTitulo />
    <Texto><![CDATA[<p class="identifica">EXTRATO De termo aditivo</p><p>O 3º TERMO ADITIVO ao convênio nº 898658/2020</p><p>CONVENENTES: Celebram entre si a União Federal, através do Ministério da Saúde - CNPJ nº. 00.530.493/0001-71, e a Associação Hospitalar São José - Jaraguá do Sul, Estado de Santa Catarina - CNPJ nº. 12.846.027/0001-89.</p><p>OBJETO: Prorrogar a vigência do Convênio nº. 898658/2020, destinado a Aquisição de Equipamento e Material Permanente, até 14/04/2023, a contar do seu vencimento.</p><p>PROCESSO: 25000.057974/2020-48</p><p>VIGÊNCIA: Entrará em vigor a partir de sua assinatura até 14/04/2023</p><p>DATA DE ASSINATURA: 26/08/2022</p><p>SIGNATÁRIOS: EDEN CARLOS BARROS DE MIRANDA - C.P.F. nº. 599.011.282-34 - SUPERINTENDENTE ESTADUAL DE SANTA CATARINA SUBSTITUTO; MAURICIO JOSE SOUTO MAIOR - C.P.F nº 520.640.779-87 - DIRETOR ADMINISTRATIVO.</p>]]></Texto>
  </body>
  <Midias />
</article></xml>