﻿<xml><article id="27761618" name="2022-08-29/9056692/COMPRASNETWS_" idOficio="9056692" pubName="DO3" artType="Extrato de Termo Aditivo" pubDate="30/08/2022" artClass="00018:00051:00060:00005:00004:00000:00000:00000:00000:00000:00054:00001" artCategory="Ministério da Educação/Instituto Federal de Educação, Ciência e Tecnologia do Ceará/Pró-Reitoria de Administração e Planejamento/Diretoria de Administração/Coordenadoria de Contratos" artSize="12" artNotes="" numberPage="92" pdfPage="http://pesquisa.in.gov.br/imprensa/jsp/visualiza/index.jsp?data=30/08/2022&amp;jornal=530&amp;pagina=92" editionNumber="165" highlightType="" highlightPriority="" highlight="" highlightimage="" highlightimagename="" idMateria="19839224">
  <body>
    <Identifica><![CDATA[ EXTRATO DE TERMO ADITIVO Nº 8/2022 - UASG 158133]]></Identifica>
    <Data><![CDATA[]]></Data>
    <Ementa />
    <Titulo />
    <SubTitulo />
    <Texto><![CDATA[<p class="identifica">EXTRATO DE TERMO ADITIVO Nº 8/2022 - UASG 158133</p><p>Número do Contrato: 3/2021.</p><p>Nº Processo: 23255.000005/2021-89.</p><p>Concorrência. Nº 1/2020. Contratante: INST.FED.DE EDUC.,CIENC.E TEC.DO CEARA. Contratado: 63.293.021/0001-62 - CCS CONSTRUCOES LTDA. Objeto: O objeto do presente instrumento é prorrogar o prazo da vigência do contrato nº 03/2021, por 30 (trinta) dias, contemplando-se, nesta ocasião, o período de 29/08/2022 a 27/09/2022, com base no art. 58, inciso i da lei nº 8.666/1993 e no item 13.3 do edital da concorrência nº 01/2020. Vigência: 29/08/2022 a 27/09/2022. Valor Total Atualizado do Contrato: R$ 1.219.175,25. Data de Assinatura: 25/08/2022.</p><p>(COMPRASNET 4.0 - 25/08/2022).</p>]]></Texto>
  </body>
  <Midias />
</article></xml>