﻿<xml><article id="27761867" name="2022-08-29/9056629/COMPRASNETWS_" idOficio="9056629" pubName="DO3" artType="Extrato de Contrato" pubDate="30/08/2022" artClass="00007:00049:00034:00000:00000:00000:00000:00000:00000:00000:00031:00001" artCategory="Ministério da Agricultura, Pecuária e Abastecimento/Secretaria de Inovação, Desenvolvimento Sustentável e Irrigação/Instituto Nacional de Meteorologia" artSize="12" artNotes="" numberPage="11" pdfPage="http://pesquisa.in.gov.br/imprensa/jsp/visualiza/index.jsp?data=30/08/2022&amp;jornal=530&amp;pagina=11" editionNumber="165" highlightType="" highlightPriority="" highlight="" highlightimage="" highlightimagename="" idMateria="19839158">
  <body>
    <Identifica><![CDATA[ EXTRATO DE CONTRATO Nº 25/2022 - UASG 130011]]></Identifica>
    <Data><![CDATA[]]></Data>
    <Ementa />
    <Titulo />
    <SubTitulo />
    <Texto><![CDATA[<p class="identifica">EXTRATO DE CONTRATO Nº 25/2022 - UASG 130011</p><p>Nº Processo: 21174.000035/2022-41.</p><p>Inexigibilidade Nº 18/2022. Contratante: INSTITUTO NACIONAL DE METEOROLOGIA.</p><p>Contratado: 03.982.931/0001-20 - EMPRESA DE SANEAMENTO DE MATO GROSSO DO SUL S.A.SANESUL. Objeto: O presente contrato tem por objeto a contratação de empresa para o fornecimento de água encanada e coleta e tratamento de esgotos, visando atender às necessidades da Estação Meteorológica de Paranaiba/MS, do Distrito de Meteorologia de São Paulo/SP (7º DISME).</p><p>Fundamento Legal: LEI 8.666 / 1993 - Artigo: 25. Vigência: INDETERMINADO, fundamentado na Orientação Normativa nº 36, de 13 de dezembro de 2011. Valor Total: R$ 1.845,24. Data de Assinatura: 25/08/2022.</p><p>(COMPRASNET 4.0 - 25/08/2022).</p>]]></Texto>
  </body>
  <Midias />
</article></xml>