﻿<xml><article id="27765303" name="2022-08-29/9056752/COMPRASNETWS_" idOficio="9056752" pubName="DO3" artType="Extrato de Termo Aditivo" pubDate="30/08/2022" artClass="00018:00058:00004:00000:00000:00000:00000:00000:00000:00000:00054:00001" artCategory="Ministério da Educação/Instituto Federal de Educação, Ciência e Tecnologia de Mato Grosso/Campus Campo Novo do Parecis" artSize="12" artNotes="" numberPage="104" pdfPage="http://pesquisa.in.gov.br/imprensa/jsp/visualiza/index.jsp?data=30/08/2022&amp;jornal=530&amp;pagina=104" editionNumber="165" highlightType="" highlightPriority="" highlight="" highlightimage="" highlightimagename="" idMateria="19839290">
  <body>
    <Identifica><![CDATA[ EXTRATO DE TERMO ADITIVO Nº 16/2022 - UASG 158492]]></Identifica>
    <Data><![CDATA[]]></Data>
    <Ementa />
    <Titulo />
    <SubTitulo />
    <Texto><![CDATA[<p class="identifica">EXTRATO DE TERMO ADITIVO Nº 16/2022 - UASG 158492</p><p>Número do Contrato: 19/2019.</p><p>Nº Processo: 23753.010902/2017-01.</p><p>Concorrência. Nº 1/2019. Contratante: INST.FED.MATO GROSSO/CAMPUS CAMPO N. PARECIS. Contratado: 03.244.704/0001-06 - LM - ENGENHARIA E CONSTRUCOES LTDA. Objeto: O presente termo aditivo de prazo tem por objeto prorrogar a vigência do contrato nº 19/2019.. Vigência: 31/08/2022 a 15/10/2022. Valor Total Atualizado do Contrato: R$ 1.118.704,90. Data de Assinatura: 25/08/2022.</p><p>(COMPRASNET 4.0 - 25/08/2022).</p>]]></Texto>
  </body>
  <Midias />
</article></xml>