﻿<xml><article id="27765225" name="2022-08-27/9056231/COMPRASNETWS_" idOficio="9056231" pubName="DO3" artType="Extrato de Termo Aditivo" pubDate="30/08/2022" artClass="00018:00126:00037:00000:00000:00000:00000:00000:00000:00000:00054:00001" artCategory="Ministério da Educação/Empresa Brasileira de Serviços Hospitalares/Filial Hospital Universitário Júlio Maria Bandeira de Mello" artSize="12" artNotes="" numberPage="156" pdfPage="http://pesquisa.in.gov.br/imprensa/jsp/visualiza/index.jsp?data=30/08/2022&amp;jornal=530&amp;pagina=156" editionNumber="165" highlightType="" highlightPriority="" highlight="" highlightimage="" highlightimagename="" idMateria="19837690">
  <body>
    <Identifica><![CDATA[ EXTRATO DE TERMO ADITIVO Nº 22/2022 - UASG 155912]]></Identifica>
    <Data><![CDATA[]]></Data>
    <Ementa />
    <Titulo />
    <SubTitulo />
    <Texto><![CDATA[<p class="identifica">EXTRATO DE TERMO ADITIVO Nº 22/2022 - UASG 155912</p><p>Número do Contrato: 2/2022.</p><p>Nº Processo: 23771.001241/2022-64.</p><p>Pregão. Nº 38/2021. Contratante: HOSPITAL UNIVERSITARIO JULIO BANDEIRA. Contratado: 19.045.361/0001-82 - PREMIUM CONSERVADORA E CONSTRUCOES EIRELI. Objeto: O presente termo aditivo tem por objeto a manutenção do equilíbrio econômico-financeiro do contrato n.º 02/2022, através do instituto da revisão de preços, para fins de inclusão do adicional de periculosidade e do adicional de insalubridade nos postos de trabalho da contratação em conformidade com o laudo técnico das condições ambientais de trabalho - ltcat (documento sei n.º 22722347) e com os laudos de insalubridade (documento sei n.º 22722425), em virtude do disposto no item 5.3.5.2 do termo de referência - sei ga/hujb-ufcg (documento sei n.º 17356720).. Vigência: 30/08/2022 a 12/03/2023. Valor Total Atualizado do Contrato: R$ 2.074.413,48. Data de Assinatura: 26/08/2022.</p><p>(COMPRASNET 4.0 - 26/08/2022).</p>]]></Texto>
  </body>
  <Midias />
</article></xml>