﻿<xml><article id="27738944" name="PUBLICACAO DIARIO OFICIAL" idOficio="7336140" pubName="DO3" artType="Aviso de Licença" pubDate="30/08/2022" artClass="00050:10436:00000:00000:00000:00000:00000:00000:00000:00000:00080:00000" artCategory="Ineditoriais/TRANSMISSORA RIO-MINAS SPE S.A." artSize="12" artNotes="" numberPage="304" pdfPage="http://pesquisa.in.gov.br/imprensa/jsp/visualiza/index.jsp?data=30/08/2022&amp;jornal=530&amp;pagina=304" editionNumber="165" highlightType="" highlightPriority="" highlight="" highlightimage="" highlightimagename="" idMateria="14809696">
  <body>
    <Identifica><![CDATA[ AVISO de LICENÇA]]></Identifica>
    <Data><![CDATA[ Bauru-SP, 16 de agosto de 2022]]></Data>
    <Ementa />
    <Titulo />
    <SubTitulo />
    <Texto><![CDATA[<p class="identifica">AVISO de LICENÇA</p><p>A TRANSMISSORA RIO-MINAS SPE S.A inscrita sob o CNPJ 36.238.971/0001-11, torna público que recebeu do Instituto Brasileiro do Meio Ambiente e dos Recursos Naturais Renováveis - IBAMA, a Licença de Instalação - LI nº 1440/2022 com validade até 15/08/2026, para o empreendimento Linha de Transmissão 345 kV Santos Dumont 2 / Leopoldina 2 C1; LT 345 kV Leopoldina 2 / Lagos C1; e SE 345/138 kV Leopoldina 2 que intercepta 13 municípios (Cantagalo/RJ; Cordeiro/RJ; Descoberto/MG; Estrela Dalva/MG; Leopoldina/MG; Macaé/RJ; Macuco/RJ; Piau/MG; Rio das Ostras/RJ; Rio Novo/MG; Santos Dumont/MG; São João Nepomuceno/MG; Trajano de Moraes/RJ).</p><p class="data">Bauru-SP, 16 de agosto de 2022</p><p class="assina">Claudio Zopone</p><p class="cargo">Diretor</p>]]></Texto>
  </body>
  <Midias />
</article></xml>