﻿<xml><article id="27732704" name="--------- Aviso de RescisAo 023." idOficio="9056764" pubName="DO3" artType="Aviso de Rescisão" pubDate="30/08/2022" artClass="00018:00105:00001:00000:00000:00000:00000:00000:00000:00000:00148:00000" artCategory="Ministério da Educação/Universidade Federal da Paraíba/Reitoria" artSize="12" artNotes="" numberPage="122" pdfPage="http://pesquisa.in.gov.br/imprensa/jsp/visualiza/index.jsp?data=30/08/2022&amp;jornal=530&amp;pagina=122" editionNumber="165" highlightType="" highlightPriority="" highlight="" highlightimage="" highlightimagename="" idMateria="19839303">
  <body>
    <Identifica><![CDATA[ AVISO DE RESCISÃO]]></Identifica>
    <Data><![CDATA[Em 26 de agosto de 2022.]]></Data>
    <Ementa />
    <Titulo />
    <SubTitulo />
    <Texto><![CDATA[<p class="identifica">AVISO DE RESCISÃO</p><p>TERMO DE RESCISÃO DE CONTRATO DE PRESTAÇÃO DE SERVIÇOS N° 023/2022.</p><p>O REITOR DA UNIVERSIDADE FEDERAL DA PARAÍBA, usando da atribuição que lhe confere o artigo 38, inciso VIII, do Estatuto e considerando o que consta no Processo nº. 23074.079982/2022-61, resolve: Rescindir, a pedido do docente, o Contrato nº 028/2021, prorrogado pelo Termo Aditivo nº 007/2022, do Professor Substituto LAURO VINÍCIO DE ALMEIDA LIMA, SIAPE: 3250952, com lotação no Departamento de Finanças e Contabilidade, do Centro de Ciências Sociais Aplicadas, a partir de 25.08.2022.</p><p class="data">Em 26 de agosto de 2022.</p><p class="assina">VALDINEY VELOSO GOUVEIA</p><p></p>]]></Texto>
  </body>
  <Midias />
</article></xml>