﻿<xml><article id="27731798" name="2022-08-27/9056270/COMPRASNETWS_" idOficio="9056270" pubName="DO3" artType="Extrato de Contrato" pubDate="30/08/2022" artClass="00018:00073:00001:00000:00000:00000:00000:00000:00000:00000:00031:00001" artCategory="Ministério da Educação/Instituto Federal de Educação, Ciência e Tecnologia de São Paulo/Reitoria" artSize="12" artNotes="" numberPage="110" pdfPage="http://pesquisa.in.gov.br/imprensa/jsp/visualiza/index.jsp?data=30/08/2022&amp;jornal=530&amp;pagina=110" editionNumber="165" highlightType="" highlightPriority="" highlight="" highlightimage="" highlightimagename="" idMateria="19838337">
  <body>
    <Identifica><![CDATA[ EXTRATO DE CONTRATO Nº 34154/2022 - UASG 158154]]></Identifica>
    <Data><![CDATA[]]></Data>
    <Ementa />
    <Titulo />
    <SubTitulo />
    <Texto><![CDATA[<p class="identifica">EXTRATO DE CONTRATO Nº 34154/2022 - UASG 158154</p><p>Nº Processo: 23305.012291/2022-73.</p><p>Pregão Nº 79/2022. Contratante: INSTITUTO FEDERAL DE SAO PAULO.</p><p>Contratado: 05.989.476/0003-82 - GIMAVE - MEIOS DE PAGAMENTOS E INFORMACOES LTDA. Objeto: Contratação de serviços de cobrança automática das tarifas de pedágios e de estacionamentos, mediante identificação por radiofrequência (rfid), composto por etiquetas eletrônicas (tiv/tag) instaladas nos veículos oficiais do ifsp, abrangendo todo território nacional.</p><p>Fundamento Legal: LEI 10.520 / 2002 - Artigo: 1. Vigência: 10/09/2022 a 09/09/2023. Valor Total: R$ 219.121,00. Data de Assinatura: 23/08/2022.</p><p>(COMPRASNET 4.0 - 25/08/2022).</p>]]></Texto>
  </body>
  <Midias />
</article></xml>