﻿<xml><article id="27760678" name="2022-08-29/9056715/COMPRASNETWS_" idOficio="9056715" pubName="DO3" artType="Extrato de Termo Aditivo" pubDate="30/08/2022" artClass="00018:00154:00000:00000:00000:00000:00000:00000:00000:00000:00054:00001" artCategory="Ministério da Educação/Universidade Federal de Uberlândia" artSize="12" artNotes="" numberPage="171" pdfPage="http://pesquisa.in.gov.br/imprensa/jsp/visualiza/index.jsp?data=30/08/2022&amp;jornal=530&amp;pagina=171" editionNumber="165" highlightType="" highlightPriority="" highlight="" highlightimage="" highlightimagename="" idMateria="19839253">
  <body>
    <Identifica><![CDATA[ EXTRATO DE TERMO ADITIVO Nº 1/2022 - UASG 154043]]></Identifica>
    <Data><![CDATA[]]></Data>
    <Ementa />
    <Titulo />
    <SubTitulo />
    <Texto><![CDATA[<p class="identifica">EXTRATO DE TERMO ADITIVO Nº 1/2022 - UASG 154043</p><p>Número do Contrato: 8/2022.</p><p>Nº Processo: 23117.042739/2021-10.</p><p>Pregão. Nº 88/2021. Contratante: FUNDACAO UNIVERSIDADE FEDERAL DE UBERLANDIA. Contratado: 69.207.850/0001-61 - RCA PRODUTOS E SERVICOS LTDA.. Objeto: Alterar a cláusula décima segunda do contrato original para incluir a previsão da possibilidade de cessão de créditos decorrentes da contratação nos termos da instrução normativa nº 53, de 8 de julho de 2020. Vigência: 28/08/2022 a 07/03/2023. Valor Total Atualizado do Contrato: R$ 13.558.863,36. Data de Assinatura: 25/08/2022.</p><p>(COMPRASNET 4.0 - 25/08/2022).</p>]]></Texto>
  </body>
  <Midias />
</article></xml>