﻿<xml><article id="27733192" name="Extrato de Termo Aditivo 002 ao " idOficio="9056807" pubName="DO3" artType="Extrato de Termo Aditivo" pubDate="30/08/2022" artClass="00052:00021:00055:00001:00000:00000:00000:00000:00000:00000:00054:00000" artCategory="Prefeituras/Estado de Rondônia/Prefeitura Municipal de Teixeirópolis/Secretaria Municipal de Administração, Planejamento e Fazenda" artSize="12" artNotes="" numberPage="443" pdfPage="http://pesquisa.in.gov.br/imprensa/jsp/visualiza/index.jsp?data=30/08/2022&amp;jornal=530&amp;pagina=443" editionNumber="165" highlightType="" highlightPriority="" highlight="" highlightimage="" highlightimagename="" idMateria="19839358">
  <body>
    <Identifica><![CDATA[ EXTRATO DE TERMO ADITIVO ]]></Identifica>
    <Data><![CDATA[]]></Data>
    <Ementa />
    <Titulo />
    <SubTitulo />
    <Texto><![CDATA[<p class="identifica">EXTRATO DE TERMO ADITIVO</p><p>Termo Aditivo N° 002 ao Contrato N° 012/PJM/2022</p><p>Processo nº: 105/2022</p><p>Contratante: Prefeitura Municipal de Teixeirópolis/RO</p><p>Contratado: MARA COMERCIO E CONSTRUÇÕES EIRELI - EPP</p><p>Objeto: O presente Termo Aditivo tem por objetivo a prorrogação do prazo do contrato supracitado.</p><p>Prazo: O presente contrato fica prorrogado por mais 45 (quarenta e cinco) dias.</p><p>Data da Formalização: Teixeirópolis/RO, 26 de agosto de 2022.</p><p>Assinam: MARA COMERCIO E CONSTRUÇÕES EIRELI - EPP</p><p>Almiro Soares Antônio Zotesso</p>]]></Texto>
  </body>
  <Midias />
</article></xml>