﻿<xml><article id="27731795" name="2022-08-27/9056271/COMPRASNETWS_" idOficio="9056271" pubName="DO3" artType="Extrato de Termo Aditivo" pubDate="30/08/2022" artClass="00018:00073:00001:00000:00000:00000:00000:00000:00000:00000:00054:00001" artCategory="Ministério da Educação/Instituto Federal de Educação, Ciência e Tecnologia de São Paulo/Reitoria" artSize="12" artNotes="" numberPage="110" pdfPage="http://pesquisa.in.gov.br/imprensa/jsp/visualiza/index.jsp?data=30/08/2022&amp;jornal=530&amp;pagina=110" editionNumber="165" highlightType="" highlightPriority="" highlight="" highlightimage="" highlightimagename="" idMateria="19838338">
  <body>
    <Identifica><![CDATA[ EXTRATO DE TERMO ADITIVO Nº 2/2022 - UASG 158154]]></Identifica>
    <Data><![CDATA[]]></Data>
    <Ementa />
    <Titulo />
    <SubTitulo />
    <Texto><![CDATA[<p class="identifica">EXTRATO DE TERMO ADITIVO Nº 2/2022 - UASG 158154</p><p>Número do Contrato: 67154/2021.</p><p>Nº Processo: 23305.015576.2022-66.</p><p>Regime Diferenciado de Contratações. Nº 11/2021. Contratante: INSTITUTO FEDERAL DE SAO PAULO. Contratado: 16.713.808/0001-56 - SL CONSTRUTORA EIRELI. Objeto: O presente termo de aditamento ao contrato no 67-154/2021, celebrado em 18/11/2021, tem por objeto o aditamento de valor do contrato, nos termos do Art. 65, inciso I, alíneas "a" e "b" e § 1o Lei 8.666/93 e em conformidade com os autos do processo 23305.015576.2022-66. Fica aditado o valor do contrato em R$ 29.834,09 (Vinte Nove Mil, Oitocentos e Trinta e Quatro Reais e Nove Centavos). Vigência deste aditamento: 19/08/2022 a 30/09/2022. Valor total atualizado do contrato: R$ 269.834,09. Data de Assinatura: 19/08/2022.</p><p>(COMPRASNET 4.0 - 19/08/2022).</p>]]></Texto>
  </body>
  <Midias />
</article></xml>