﻿<xml><article id="27761296" name="2022-08-29/9056574/COMPRASNETWS_" idOficio="9056574" pubName="DO3" artType="Extrato de Termo Aditivo" pubDate="30/08/2022" artClass="00013:00011:00036:00013:00000:00000:00000:00000:00000:00000:00054:00001" artCategory="Ministério da Defesa/Comando do Exército/Indústria de Material Bélico do Brasil/Fábrica de Juiz de Fora" artSize="12" artNotes="" numberPage="50" pdfPage="http://pesquisa.in.gov.br/imprensa/jsp/visualiza/index.jsp?data=30/08/2022&amp;jornal=530&amp;pagina=50" editionNumber="165" highlightType="" highlightPriority="" highlight="" highlightimage="" highlightimagename="" idMateria="19839090">
  <body>
    <Identifica><![CDATA[ EXTRATO DE TERMO ADITIVO Nº 3/2022 - UASG 168006]]></Identifica>
    <Data><![CDATA[]]></Data>
    <Ementa />
    <Titulo />
    <SubTitulo />
    <Texto><![CDATA[<p class="identifica">EXTRATO DE TERMO ADITIVO Nº 3/2022 - UASG 168006</p><p>Número do Contrato: 73/2020.</p><p>Nº Processo: 2020/000483-FJF.</p><p>Dispensa. Nº 403/2020. Contratante: INDUSTRIA DE MATERIAL BELICO DO BRASIL/FJF. Contratado: 03.922.915/0001-42 - FENIX SJCAMPOS LTDA. Objeto: Este termo aditivo tem por objetivo prorrogar o prazo de execução e o prazo de vigência do contrato n°73/2020/fjf por mais 12 (doze) meses.. Vigência: 19/02/2022 a 18/02/2023. Valor Total Atualizado do Contrato: R$ 581.000,00. Data de Assinatura: 25/01/2022.</p><p>(COMPRASNET 4.0 - 25/01/2022).</p>]]></Texto>
  </body>
  <Midias />
</article></xml>