﻿<xml><article id="27733411" name="Extrato de ConvAnio de EstAgio O" idOficio="9056880" pubName="DO3" artType="Extrato de Termo Aditivo" pubDate="30/08/2022" artClass="00018:00100:00022:00000:00000:00000:00000:00000:00000:00000:00054:00000" artCategory="Ministério da Educação/Universidade Federal de Minas Gerais/Escola de Enfermagem" artSize="12" artNotes="" numberPage="121" pdfPage="http://pesquisa.in.gov.br/imprensa/jsp/visualiza/index.jsp?data=30/08/2022&amp;jornal=530&amp;pagina=121" editionNumber="165" highlightType="" highlightPriority="" highlight="" highlightimage="" highlightimagename="" idMateria="19839414">
  <body>
    <Identifica><![CDATA[ Extrato de Termo Aditivo]]></Identifica>
    <Data><![CDATA[]]></Data>
    <Ementa />
    <Titulo />
    <SubTitulo />
    <Texto><![CDATA[<p class="identifica">Extrato de Termo Aditivo</p><p>Espécie: Proc. 23072.237029/2020-59 - 4º Termo Aditivo ao Convênio de Estágio nº 01/2019, firmado entre a Universidade Federal de Minas Gerais - UFMG, CNPJ nº 17.217.985/0001-04, por meio de sua Escola de Enfermagem, e o Município de São José do Divino/MG, CNPJ nº 18.404.988/0001-10. Objeto: Realização de estágio curricular obrigatório da disciplina Internato Rural dos alunos do Curso de Graduação em Enfermagem. Início da vigência: 12 de setembro de 2022. Fim de Vigência: 22 de dezembro de 2022. Nome e cargos dos signatários: Profª. Sonia Maria Soares - Diretora da Escola de Enfermagem da UFMG, Sr. Geraldo Guedes Rodrigues - Prefeito do Município de São José do Divino. Data de assinatura: 26/08/2022.</p>]]></Texto>
  </body>
  <Midias />
</article></xml>