﻿<xml><article id="27732776" name="PARA POSTAGEM _365 a 370" idOficio="9056506" pubName="DO3" artType="Extrato de Parceria" pubDate="30/08/2022" artClass="00018:00039:00001:00000:00000:00000:00000:00000:00000:00000:00134:00000" artCategory="Ministério da Educação/Centro Federal de Educação Tecnológica de Minas Gerais/Diretoria-Geral" artSize="12" artNotes="" numberPage="82" pdfPage="http://pesquisa.in.gov.br/imprensa/jsp/visualiza/index.jsp?data=30/08/2022&amp;jornal=530&amp;pagina=82" editionNumber="165" highlightType="" highlightPriority="" highlight="" highlightimage="" highlightimagename="" idMateria="19839019">
  <body>
    <Identifica><![CDATA[ EXTRATOS DE ACORDOS DE COOPERAÇÃO  ]]></Identifica>
    <Data><![CDATA[]]></Data>
    <Ementa />
    <Titulo />
    <SubTitulo />
    <Texto><![CDATA[<p></p><p class="identifica">EXTRATOS DE ACORDOS DE COOPERAÇÃO</p><p>Extrato nº 365/2022 - Processo Eletrônico - NUP: 23062.041357/2022-32. Espécie: Acordo de Cooperação para Concessão de Estágios nº 378/2022. Partes: Centro Federal de Educação Tecnológica de Minas Gerais (CEFET/MG) e CENTRAL TECNICA PECAS SERVIÇOS E EQUIPAMENTOS ODONTOLÓGICOS LTDA (CNPJ: 41.684.846/0001-75). Signatários: DANIELLE GRILLO RIBEIRO BRANDÃO e FLÁVIO LUIS CARDEAL PÁDUA. Vigência do Acordo: 18/08/2022 a 17/08/2027.</p><p>Extrato nº 366/2022 - Processo Eletrônico - NUP: 23062.041653/2022-33. Espécie: Acordo de Cooperação para Concessão de Estágios nº 379/2022. Partes: Centro Federal de Educação Tecnológica de Minas Gerais (CEFET/MG) e ATMC CONSULTORIA E ENGENHARIA (CNPJ: 22.692.167/0001-01). Signatários: LEOPOLDO JOSÉ NAVES ALVES e FLÁVIO LUIS CARDEAL PÁDUA. Vigência do Acordo: 16/08/2022 a 15/08/2027.</p><p>Extrato nº 367/2022 - Processo Eletrônico - NUP: 23062.041625/2022-16. Espécie: Acordo de Cooperação para Concessão de Estágios nº 383/2022. Partes: Centro Federal de Educação Tecnológica de Minas Gerais (CEFET/MG) e CONSÓRCIO NOVA MARACANÃ (CNPJ: 45.813.832/0001-65). Signatários: MARCO TÚLIO DE CARVALHO e FLÁVIO LUIS CARDEAL PÁDUA. Vigência do Acordo: 24/08/2022 a 23/08/2027.</p><p>Extrato nº 368/2022 - Processo Eletrônico - NUP: 23062.041933/2022-41. Espécie: Acordo de Cooperação para Concessão de Estágios nº 380/2022. Partes: Centro Federal de Educação Tecnológica de Minas Gerais (CEFET/MG) e UNISERVICE PRESTAÇÃO DE SERVIÇOS, INDÚSTRIA E COMÉRCIO LTDA (CNPJ: 24.660.136/0001-96). Signatários: CÁSSIO FRANQUINI DE OLIVEIRA e FLÁVIO LUIS CARDEAL PÁDUA. Vigência do Acordo: 28/07/2022 a 27/07/2027.</p><p>Extrato nº 369/2022 - Processo Eletrônico - NUP: 23062.042940/2022-61. Espécie: Acordo de Cooperação para Concessão de Estágios nº 388/2022. Partes: Centro Federal de Educação Tecnológica de Minas Gerais (CEFET/MG) e VIZZCODE DESENVOLVIMENTO DE SOFTWARE LTDA (CNPJ: 36.996.679/0001-68). Signatários: TIAGO MATTA MACHADO ZAIDAN e FLÁVIO LUIS CARDEAL PÁDUA. Vigência do Acordo: 25/07/2022 a 24/07/2027.</p><p>Extrato nº 370/2022 - Processo Eletrônico - NUP: 23062.042732/2022-61. Espécie: Acordo de Cooperação para Concessão de Estágios nº 386/2022. Partes: Centro Federal de Educação Tecnológica de Minas Gerais (CEFET/MG) e METRUM EQUIPAMENTOS DE MEDIÇÃO E TESTES LTDA (CNPJ: 04.928.581/0001-87). Signatários: REGIS VIEIRA OLIVEIRA e FLÁVIO LUIS CARDEAL PÁDUA. Vigência do Acordo: 24/07/2022 a 23/07/2027.</p>]]></Texto>
  </body>
  <Midias />
</article></xml>