﻿<xml><article id="27761903" name="2022-08-29/9056566/COMPRASNETWS_" idOficio="9056566" pubName="DO3" artType="Extrato de Termo Aditivo" pubDate="30/08/2022" artClass="00019:00037:00000:00000:00000:00000:00000:00000:00000:00000:00054:00001" artCategory="Ministério da Infraestrutura/Departamento Nacional de Infraestrutura de Transportes" artSize="12" artNotes="" numberPage="174" pdfPage="http://pesquisa.in.gov.br/imprensa/jsp/visualiza/index.jsp?data=30/08/2022&amp;jornal=530&amp;pagina=174" editionNumber="165" highlightType="" highlightPriority="" highlight="" highlightimage="" highlightimagename="" idMateria="19839081">
  <body>
    <Identifica><![CDATA[ EXTRATO DE TERMO ADITIVO Nº 1/2022 - UASG 393003]]></Identifica>
    <Data><![CDATA[]]></Data>
    <Ementa />
    <Titulo />
    <SubTitulo />
    <Texto><![CDATA[<p class="identifica">EXTRATO DE TERMO ADITIVO Nº 1/2022 - UASG 393003</p><p>Número do Contrato: 390/2021.</p><p>Nº Processo: 50600.004326/2020-77.</p><p>Inexigibilidade. Nº 6/2021. Contratante: DEPART.NAC.INFRA ESTRUTURA TRANSPORTES.. Contratado: 33.683.111/0001-07 - SERVICO FEDERAL DE PROCESSAMENTO DE DADOS (SERPRO). Objeto: Prorrogação de prazo do contrato nº 390/2021. Prorrogação do prazo da vigência por mais 12 (doze) meses.. Vigência: 02/09/2022 a 02/09/2023. Valor Total Atualizado do Contrato: R$ 8.268,72. Data de Assinatura: 25/08/2022.</p><p>(COMPRASNET 4.0 - 25/08/2022).</p>]]></Texto>
  </body>
  <Midias />
</article></xml>