﻿<xml><article id="27733210" name="01.. Extrato do Termo de AD 005." idOficio="9056801" pubName="DO3" artType="Extrato de Adesão" pubDate="30/08/2022" artClass="00052:00009:00124:00000:00000:00000:00000:00000:00000:00000:00018:00000" artCategory="Prefeituras/Estado do Maranhão/Prefeitura Municipal de Lago dos Rodrigues" artSize="12" artNotes="" numberPage="358" pdfPage="http://pesquisa.in.gov.br/imprensa/jsp/visualiza/index.jsp?data=30/08/2022&amp;jornal=530&amp;pagina=358" editionNumber="165" highlightType="" highlightPriority="" highlight="" highlightimage="" highlightimagename="" idMateria="19839352">
  <body>
    <Identifica><![CDATA[ EXTRATO  DE ADESÃO Nº 5/2022]]></Identifica>
    <Data><![CDATA[]]></Data>
    <Ementa />
    <Titulo />
    <SubTitulo />
    <Texto><![CDATA[<p></p><p class="identifica">EXTRATO DE ADESÃO Nº 5/2022</p><p>PARTES: PREFEITURA MUNICIPAL DE LAGO DOS RODRIGUES/MA, através da Secretaria Municipal de Educação e a empresa CIFERAL INDÚSTRIA DE ÔNIBUS LTDA, inscrita sob o CNPJ n° 30.314.561/0006-30. OBJETO: Adesão à Ata de Registro de Preços n° 1/2022, oriunda do Pregão Eletrônico nº 02/2022, realizado pelo Fundo Nacional de Desenvolvimento da Educação - FNDE, objetivando a contratação de Pessoa(s) Jurídica(s) para fornecimento de 01 (um) veículo de transporte escolar diário de estudantes, denominado de Ônibus Rural Escolar - ORE 1 (4x4), destinado ao transporte de alunos da rede municipal de educação, deste Município, de interesse da Secretaria Municipal de Educação, em favor da empresa CIFERAL INDÚSTRIA DE ÔNIBUS LTDA. BASE LEGAL: Lei Federal n° 10.520, de 17 de julho de 2002, no inciso II do artigo 15, da Lei n° 8.666, de 21 de julho de 1993, e suas alterações posteriores. DO VALOR DO CUSTO: R$ 485.000,00 (quatrocentos e oitenta e cinco mil reais). VIGÊNCIA: O prazo de vigência deste Contrato é de 12 meses, contados da data de assinatura, prorrogável na forma do art. 57, §14, da Lei na 8.666, de 1993. DOTAÇÃO ORÇAMENTÁRIA: As despesas correrão por conta da seguinte dotação orçamentária: ÓRGÃO: 02 - Poder Executivo. UNIDADE GESTORA: 17.01 - Manutenção e Desenv. de Ensino - MDE; 13.01 - Fundo de Manut. Desenv. Educação Básica/FUNDEB; FUNÇÃO PROGRAMÁTICA: 12.361.0262.2.079 - Manutenção do Transporte Escolar; 12.361.0130.1.028 - Aquisição de veículos para Transporte Escolar; CLASSIFICAÇÃO ECONÔMICA: 4.4.90.52.00 - Equipamentos e material permanente; FONTE DE RECURSO: 1500100100 - Receita de Impostos e Trans. - Educação; 1540000000 - Transferência de FUNDEB - Impostos - 30%. SIGNATÁRIOS: Maria do Socorro Ribeiro da Silva Frota, Secretária Municipal de Educação, portadora do CPF nº 354.433.083-00, pela Contratante e o Sr. Sidnei Vargas da Silva, portador da cédula de identidade nº 6038061328 (SSP/RS) e do CPF 377.402.700-59, pela contratada, data da assinatura, 26 de julho de 2022.</p><p></p>]]></Texto>
  </body>
  <Midias />
</article></xml>