﻿<xml><article id="27733567" name="Extrato_ITB ta1" idOficio="9056960" pubName="DO3" artType="Extrato de Termo Aditivo" pubDate="30/08/2022" artClass="00007:00060:00056:00000:00000:00000:00000:00000:00000:00000:00054:00000" artCategory="Ministério da Agricultura, Pecuária e Abastecimento/Empresa Brasileira de Pesquisa Agropecuária/Embrapa Instrumentação" artSize="12" artNotes="" numberPage="14" pdfPage="http://pesquisa.in.gov.br/imprensa/jsp/visualiza/index.jsp?data=30/08/2022&amp;jornal=530&amp;pagina=14" editionNumber="165" highlightType="" highlightPriority="" highlight="" highlightimage="" highlightimagename="" idMateria="19839459">
  <body>
    <Identifica><![CDATA[ EXTRATO DE TERMO ADITIVO]]></Identifica>
    <Data><![CDATA[]]></Data>
    <Ementa />
    <Titulo />
    <SubTitulo />
    <Texto><![CDATA[<p class="identifica">EXTRATO DE TERMO ADITIVO</p><p>1º Termo Aditivo ao Contrato de Cooperação Técnica nº 23700.18/0125-0; Partes: Empresa Brasileira de Pesquisa Agropecuária (Embrapa Instrumentação) e o Instituto Trata Brasil. Objeto: Prorrogação da vigência até 01/11/2027. Fonte de recursos: não se aplica; Modalidade de Licitação: não se aplica. Vigência: 01/11/2027; Valor Total : não se aplica; Data Assinatura: 29/08/2022. Ass.: José Manoel Marconcini e Débora Marcondes Bastos Pereira (Embrapa), Luana Siewert Pretto (Trata Brasil)</p>]]></Texto>
  </body>
  <Midias />
</article></xml>