﻿<xml><article id="27759002" name="2022-08-29/9056612/COMPRASNETWS_" idOficio="9056612" pubName="DO3" artType="Extrato de Termo Aditivo" pubDate="30/08/2022" artClass="00047:00025:00000:00000:00000:00000:00000:00000:00000:00000:00054:00001" artCategory="Poder Judiciário/Tribunal Regional Eleitoral do Pará" artSize="12" artNotes="" numberPage="263" pdfPage="http://pesquisa.in.gov.br/imprensa/jsp/visualiza/index.jsp?data=30/08/2022&amp;jornal=530&amp;pagina=263" editionNumber="165" highlightType="" highlightPriority="" highlight="" highlightimage="" highlightimagename="" idMateria="19839141">
  <body>
    <Identifica><![CDATA[ EXTRATO DE TERMO ADITIVO Nº 3/2022 - UASG 070004]]></Identifica>
    <Data><![CDATA[]]></Data>
    <Ementa />
    <Titulo />
    <SubTitulo />
    <Texto><![CDATA[<p class="identifica">EXTRATO DE TERMO ADITIVO Nº 3/2022 - UASG 070004</p><p>Número do Contrato: 68/2019.</p><p>Nº Processo: 0006030-50.2019.6.14.8000.</p><p>Pregão. Nº 32/2019. Contratante: TRIBUNAL REGIONAL ELEITORAL DO PARA. Contratado: 05.363.557/0001-00 - OFFICE COMERCIO E SERVICOS LTDA - ME. Objeto: Prorrogar a vigência do contrato nº 68/2019 por 12 meses, até 25/09/2023.. Vigência: 26/09/2022 a 25/09/2023. Valor Total Atualizado do Contrato: R$ 41.571,84. Data de Assinatura: 26/08/2022.</p><p>(COMPRASNET 4.0 - 26/08/2022).</p>]]></Texto>
  </body>
  <Midias />
</article></xml>