﻿<xml><article id="27733204" name="Texto de publicaAAo" idOficio="9056819" pubName="DO3" artType="Extrato de Depósito" pubDate="30/08/2022" artClass="00007:00060:00063:00000:00000:00000:00000:00000:00000:00000:00035:00000" artCategory="Ministério da Agricultura, Pecuária e Abastecimento/Empresa Brasileira de Pesquisa Agropecuária/Embrapa Milho e Sorgo" artSize="12" artNotes="" numberPage="14" pdfPage="http://pesquisa.in.gov.br/imprensa/jsp/visualiza/index.jsp?data=30/08/2022&amp;jornal=530&amp;pagina=14" editionNumber="165" highlightType="" highlightPriority="" highlight="" highlightimage="" highlightimagename="" idMateria="19839370">
  <body>
    <Identifica><![CDATA[ Extrato de  contrato de  Depósito Civil]]></Identifica>
    <Data><![CDATA[]]></Data>
    <Ementa />
    <Titulo />
    <SubTitulo />
    <Texto><![CDATA[<p></p><p class="identifica">Extrato de contrato de Depósito Civil</p><p>Contrato de Depósito Civil; Partes: Empresa Brasileira de Pesquisa Agropecuária - Embrapa, neste ato denominada Depositária, e a Fundação de Apoio à Pesquisa e ao Desenvolvimento - Faped, neste ato denominada Depositante. Objeto: Formalizar a entrega à Embrapa, em caráter de Depósito Civil, do material/bem patrimonial relacionados no Termo Nº 014/2022 - Faped. Modalidade de Licitação: Não se aplica; Valor: 18.592,30. Validade: até 02/01/2024; Data da assinatura: 25/08/2022; Signatários: Márcio Barbosa Guimarães Cota Júnior - Chefe Adjunto de Administração e Rozemberg Guimarães Arantes - Supervisor do Setor de Patrimônio e Suprimentos da Embrapa Milho e Sorgo, e Robert Eugene Schaffert - Diretor Executivo - Faped.</p>]]></Texto>
  </body>
  <Midias />
</article></xml>