﻿<xml><article id="27731726" name="Extrato de CONTRATO 6-2022" idOficio="9056368" pubName="DO3" artType="Extrato de Contrato" pubDate="30/08/2022" artClass="00013:00012:00008:00034:00009:00002:00000:00000:00000:00000:00031:00000" artCategory="Ministério da Defesa/Comando da Marinha/Comando de Operações Navais/Comando-em-Chefe da Esquadra/Comando da Força de Submarinos/Base de Submarinos da Ilha da Madeira" artSize="12" artNotes="" numberPage="52" pdfPage="http://pesquisa.in.gov.br/imprensa/jsp/visualiza/index.jsp?data=30/08/2022&amp;jornal=530&amp;pagina=52" editionNumber="165" highlightType="" highlightPriority="" highlight="" highlightimage="" highlightimagename="" idMateria="19838678">
  <body>
    <Identifica><![CDATA[ EXTRATO DE CONTRATO UASG 791540]]></Identifica>
    <Data><![CDATA[]]></Data>
    <Ementa />
    <Titulo />
    <SubTitulo />
    <Texto><![CDATA[<p class="identifica">EXTRATO DE CONTRATO UASG 791540</p><p>N° Processo: 63135.000199/2022-84</p><p>PREGÃO ELETRÔNICO SRP N° 8/2022. Contratante: BASE DE SUBMARINOS DA ILHA DA MADEIRA.</p><p>Contratado: 61.198.164/0001-60 - PORTO SEGURO CIA DE SEGUROS GERAIS S.A. Valor: R$ 14.597,00. Data da assinatura: 29/07/2022. Vigência: 29/07/2023. CONTRATO 6/2022 Objeto: O objeto do presente instrumento é a contratação de serviço de seguros para um total de 14 veículos, pertencentes à Base de Submarinos da Ilha da Madeira, com cobertura em todo o território Nacional, conforme condições, quantidades e exigências estabelecidas no Edital e seus Anexos.</p><p>Fundamento legal: Lei 10.520/2002</p><p></p>]]></Texto>
  </body>
  <Midias />
</article></xml>