﻿<xml><article id="27732605" name="ITARUMA DOU CONVO" idOficio="9056225" pubName="DO3" artType="Edital de Convocação" pubDate="30/08/2022" artClass="00052:00008:00170:00000:00000:00000:00000:00000:00000:00000:00059:00000" artCategory="Prefeituras/Estado de Goiás/Prefeitura Municipal de Itarumã" artSize="12" artNotes="" numberPage="354" pdfPage="http://pesquisa.in.gov.br/imprensa/jsp/visualiza/index.jsp?data=30/08/2022&amp;jornal=530&amp;pagina=354" editionNumber="165" highlightType="" highlightPriority="" highlight="" highlightimage="" highlightimagename="" idMateria="19837683">
  <body>
    <Identifica><![CDATA[EDITAL DE CONVOCAÇÃO Nº 5/2022 ]]></Identifica>
    <Data><![CDATA[Itarumã-GO, 26 de agosto de 2022.]]></Data>
    <Ementa />
    <Titulo />
    <SubTitulo />
    <Texto><![CDATA[<p class="identifica">EDITAL DE CONVOCAÇÃO Nº 5/2022</p><p>CONCURSO PÚBLICO - EDITAL nº 002/2016</p><p>A Secretaria Municipal de Administração e o Recursos Humanos, localizado na Praça Sebastião Assis Freitas nº 18, Centro, em Itarumã-GO, (64) 3659- 1254/ 3659-1101, CEP: 75810-000, vem através desta realizar a CONVOCAÇÃO para o cargo em caráter efetivo dos candidatos abaixo relacionados, na ordem de chamada dos candidatos classificados nos termos do citado Edital de Concurso, inclusive serão convocados os candidatos aprovados do cadastro de reserva do cargo de Técnico em Radiologia, no período e horários que seguem abaixo. Data: 26/08/2022 a 09/09/2022. Horário: das 07:00 horas as 13:00 horas. Local: Sede da Prefeitura Municipal de Itarumã-GO - Junto ao Departamento de Recurso Humanos, no endereço acima citado. Convocados: Candidatos aprovados no CONCURSO PÚBLICO Nº 002/2016. TÉCNICO EM RADIOLOGIA; CLASSIFICAÇÃO: 3°; JULIANA MIRANDA SILVA OLIVEIRA. Os candidatos deverão comparecer munidos de seus documentos pessoais, RG e CPF, em original e fotocópia, como também deverão apresentarem os documentos exigidos no Item 14.11 do Edital do Concurso Público nº 02/2016.</p><p class="data">Itarumã-GO, 26 de agosto de 2022.</p><p class="assina">RICARDO FRANCISCO GOULART</p><p class="cargo">Prefeito</p>]]></Texto>
  </body>
  <Midias />
</article></xml>