﻿<xml><article id="27765950" name="2022-08-29/9056763/COMPRASNETWS_" idOficio="9056763" pubName="DO3" artType="Extrato de Termo Aditivo" pubDate="30/08/2022" artClass="00027:00051:00090:00000:00000:00000:00000:00000:00000:00000:00054:00001" artCategory="Ministério do Trabalho e Previdência/Instituto Nacional do Seguro Social/Superintendência Regional Nordeste" artSize="12" artNotes="" numberPage="233" pdfPage="http://pesquisa.in.gov.br/imprensa/jsp/visualiza/index.jsp?data=30/08/2022&amp;jornal=530&amp;pagina=233" editionNumber="165" highlightType="" highlightPriority="" highlight="" highlightimage="" highlightimagename="" idMateria="19839302">
  <body>
    <Identifica><![CDATA[ EXTRATO DE TERMO ADITIVO Nº 13/2022 - UASG 510677]]></Identifica>
    <Data><![CDATA[]]></Data>
    <Ementa />
    <Titulo />
    <SubTitulo />
    <Texto><![CDATA[<p class="identifica">EXTRATO DE TERMO ADITIVO Nº 13/2022 - UASG 510677</p><p>Número do Contrato: 3/2019.</p><p>Nº Processo: 35448.000655/2017-60.</p><p>Pregão. Nº 2/2019. Contratante: SUPERINTENDENCIA REGIONAL NORDESTE. Contratado: 42.086.629/0001-46 - UNIPRES COMERCIO E SERVICOS DE EQUIPAMENTOS LTDA - ME. Objeto: Prorrogação da vigência do contrato 03/2019, pelo período de 28.08.2022 até 28.08.2023, podendo ser prorrogado por iguais e sucessivos períodos, limitados a 60 (sessenta) meses, na forma do artigo 57, inciso ii da lei nº 8.666/93.. Vigência: 28/08/2022 a 28/08/2023. Valor Total Atualizado do Contrato: R$ 229.997,93. Data de Assinatura: 23/08/2022.</p><p>(COMPRASNET 4.0 - 23/08/2022).</p>]]></Texto>
  </body>
  <Midias />
</article></xml>