﻿<xml><article id="27732959" name="0008763-81.2022 - RB GRAFICA DIG" idOficio="9056742" pubName="DO3" artType="Extrato de Nota de Empenho" pubDate="30/08/2022" artClass="00047:00025:00000:00000:00000:00000:00000:00000:00000:00000:00136:00000" artCategory="Poder Judiciário/Tribunal Regional Eleitoral do Pará" artSize="12" artNotes="" numberPage="263" pdfPage="http://pesquisa.in.gov.br/imprensa/jsp/visualiza/index.jsp?data=30/08/2022&amp;jornal=530&amp;pagina=263" editionNumber="165" highlightType="" highlightPriority="" highlight="" highlightimage="" highlightimagename="" idMateria="19839280">
  <body>
    <Identifica><![CDATA[ EXTRATO DE NOTA DE EMPENHO]]></Identifica>
    <Data><![CDATA[]]></Data>
    <Ementa />
    <Titulo />
    <SubTitulo />
    <Texto><![CDATA[<p class="identifica">EXTRATO DE NOTA DE EMPENHO</p><p>Processo nº 0008763-81.2022.6.14.8000. Contratada: RB GRAFICA DIGITAL EIRELI - EPP, CNPJ: 16.951.665/0001-10. Objeto: cobrir despesa com aquisição de material de consumo (impresso - cartazes). Nota de Empenho: 2022NE000763, assinada em 19/08/2022. Valor global: R$ 26.500,00. PTRES: 167864; ND 339030. Referência Legal: ARP n.º 84/2022, PE nº 036/2022 - TRE-PA. Autorizado em 18/08/2022, por EDUARDO SOUSA DE ARAÚJO, Diretor-Geral substituto (1649362).</p>]]></Texto>
  </body>
  <Midias />
</article></xml>