﻿<xml><article id="27760121" name="2022-08-29/9056730/COMPRASNETWS_" idOficio="9056730" pubName="DO3" artType="Extrato de Contrato" pubDate="30/08/2022" artClass="00026:00002:00011:00006:00000:00000:00000:00000:00000:00000:00031:00001" artCategory="Ministério da Saúde/Secretaria Executiva/Departamento de Logística em Saúde/Coordenação-Geral de Licitações e Contratos de Insumos Estratégicos para Saúde" artSize="12" artNotes="" numberPage="202" pdfPage="http://pesquisa.in.gov.br/imprensa/jsp/visualiza/index.jsp?data=30/08/2022&amp;jornal=530&amp;pagina=202" editionNumber="165" highlightType="" highlightPriority="" highlight="" highlightimage="" highlightimagename="" idMateria="19839268">
  <body>
    <Identifica><![CDATA[ EXTRATO DE CONTRATO Nº 212/2022 - UASG 250005]]></Identifica>
    <Data><![CDATA[]]></Data>
    <Ementa />
    <Titulo />
    <SubTitulo />
    <Texto><![CDATA[<p class="identifica">EXTRATO DE CONTRATO Nº 212/2022 - UASG 250005</p><p>Nº Processo: 25000.177308/2021-14.</p><p>Inexigibilidade Nº 40/2022. Contratante: DEPARTAMENTO DE LOGISTICA EM SAUDE - DLOG.</p><p>Contratado: TAKEDA PHARMACEUTICALS INTERNACIONAL AG IRELAND BRANCH, representada pela empresa TAKEDA DISTRIBUIDORA LTDA, CNPJ/MF 11.635.171/0001-03. Objeto: Aquisição de Idursulfase 2mg/ml, solução p/infusão venosa.</p><p>Fundamento Legal: LEI 8.666 / 1993 - Artigo: 25 - Inciso: I. Vigência: 25/08/2022 a 25/08/2023. Valor Total: R$ 144.798.719,64. Data de Assinatura: 25/08/2022.</p><p>(COMPRASNET 4.0 - 29/08/2022).</p>]]></Texto>
  </body>
  <Midias />
</article></xml>