﻿<xml><article id="27766295" name="2022-08-29/9056684/COMPRASNETWS_" idOficio="9056684" pubName="DO3" artType="Extrato de Concessão de Uso" pubDate="30/08/2022" artClass="00018:00102:00000:00000:00000:00000:00000:00000:00000:00000:00030:00001" artCategory="Ministério da Educação/Universidade Federal do Oeste da Bahia" artSize="12" artNotes="" numberPage="121" pdfPage="http://pesquisa.in.gov.br/imprensa/jsp/visualiza/index.jsp?data=30/08/2022&amp;jornal=530&amp;pagina=121" editionNumber="165" highlightType="" highlightPriority="" highlight="" highlightimage="" highlightimagename="" idMateria="19839213">
  <body>
    <Identifica><![CDATA[ EXTRATO DE CONCESSÃO Nº 15/2022 - UASG 158717]]></Identifica>
    <Data><![CDATA[]]></Data>
    <Ementa />
    <Titulo />
    <SubTitulo />
    <Texto><![CDATA[<p class="identifica">EXTRATO DE CONCESSÃO Nº 15/2022 - UASG 158717</p><p>Nº Processo: 23520.008599/2020-16.</p><p>Concorrência Nº 2/2021. Contratante: UNIVERSIDADE FEDERAL DO OESTE DA BAHIA.</p><p>Contratado: 30.518.607/0001-29 - WALTER MOURA DIAS. Objeto: Concessão onerosa de uso do espaço físico destinado à implantação e exploração de serviços de lanchonete, com área total de 26,81m² no Campus Luís Eduardo Magalhães, da Universidade Federal do Oeste da Bahia-UFOB.</p><p>Fundamento Legal: LEI 8.666 / 1993 - Artigo: 23 - Inciso: II. Vigência: 26/08/2022 a 26/08/2023. Valor Total: R$ 5.172,00. Data de Assinatura: 26/08/2022.</p><p>(COMPRASNET 4.0 - 26/08/2022).</p>]]></Texto>
  </body>
  <Midias />
</article></xml>