﻿<xml><article id="27733028" name="EXTRATO DE CONTRATO - Vera e FlA" idOficio="9056711" pubName="DO3" artType="Extrato de Contrato" pubDate="30/08/2022" artClass="00018:00061:00010:00000:00000:00000:00000:00000:00000:00000:00031:00000" artCategory="Ministério da Educação/Instituto Federal de Educação, Ciência e Tecnologia do Norte de Minas Gerais/Campus Pirapora" artSize="12" artNotes="" numberPage="105" pdfPage="http://pesquisa.in.gov.br/imprensa/jsp/visualiza/index.jsp?data=30/08/2022&amp;jornal=530&amp;pagina=105" editionNumber="165" highlightType="" highlightPriority="" highlight="" highlightimage="" highlightimagename="" idMateria="19839249">
  <body>
    <Identifica><![CDATA[ EXTRATOS DE CONTRATOS]]></Identifica>
    <Data><![CDATA[]]></Data>
    <Ementa />
    <Titulo />
    <SubTitulo />
    <Texto><![CDATA[<p class="identifica">EXTRATOS DE CONTRATOS</p><p>ESPÉCIE: Contrato de Prestação de Serviços nº 09/2022 - Lei nº 8.745/1993; CONTRATANTE: Instituto Federal de Educação, Ciência e Tecnologia do Norte de Minas Gerais - Campus Pirapora; CONTRATADO: VERA LÚCIA NOBRE DA SILVA. OBJETO: Prestação de Serviços Profissionais de Professor Substituto; VALOR: Equivalente à Classe D-I, Nível 1 - 40 horas semanais (Vencimento Básico + RT - Mestrado); VIGÊNCIA: 25/08/2022 a 31/01/2023; DOTAÇÃO ORÇAMENTÁRIA: Programa de Trabalho: 12363210920TP0031, Elemento de Despesa: 3190.04.00, Fonte: 08100000000; DATA E ASSINATURAS: 25/08/2022; Ralph José Neves dos Santos, pelo Contratante e Vera Lucia Nobre da Silva, Contratado.</p><p>ESPÉCIE: Contrato de Prestação de Serviços nº 10/2022 - Lei nº 8.745/1993; CONTRATANTE: Instituto Federal de Educação, Ciência e Tecnologia do Norte de Minas Gerais - Campus Pirapora; CONTRATADO: FLÁVIA PRISCILA CORREA SOUZA. OBJETO: Prestação de Serviços Profissionais de Professor Substituto; VALOR: Equivalente à Classe D-I, Nível 1 - 40 horas semanais (Vencimento Básico + RT - Especialização); VIGÊNCIA: 26/08/2022 a 25/02/2023; DOTAÇÃO ORÇAMENTÁRIA: Programa de Trabalho: 12363210920TP0031, Elemento de Despesa: 3190.04.00, Fonte: 08100000000; DATA E ASSINATURAS: 26/08/2022; Ralph José Neves dos Santos, pelo Contratante e Flávia Priscila Correa Souza, Contratado.</p>]]></Texto>
  </body>
  <Midias />
</article></xml>