﻿<xml><article id="27759780" name="2022-08-29/9056614/COMPRASNETWS_" idOficio="9056614" pubName="DO3" artType="Extrato de Termo Aditivo" pubDate="30/08/2022" artClass="00045:00016:00009:00000:00000:00000:00000:00000:00000:00000:00054:00001" artCategory="Defensoria Pública da União/Secretaria-Geral Executiva/Coordenação Licitações e Contratos" artSize="12" artNotes="" numberPage="251" pdfPage="http://pesquisa.in.gov.br/imprensa/jsp/visualiza/index.jsp?data=30/08/2022&amp;jornal=530&amp;pagina=251" editionNumber="165" highlightType="" highlightPriority="" highlight="" highlightimage="" highlightimagename="" idMateria="19839143">
  <body>
    <Identifica><![CDATA[ EXTRATO DE TERMO ADITIVO Nº 1/2022 - UASG 290002]]></Identifica>
    <Data><![CDATA[]]></Data>
    <Ementa />
    <Titulo />
    <SubTitulo />
    <Texto><![CDATA[<p class="identifica">EXTRATO DE TERMO ADITIVO Nº 1/2022 - UASG 290002</p><p>Número do Contrato: 91/2021.</p><p>Nº Processo: 08038.006205/2021-16.</p><p>Pregão. Nº 56/2021. Contratante: DPU-SECRETARIA DE EXECUCAO ORCAM. FINANCEIRA. Contratado: 05.559.732/0001-30 - CRESCER SERVICOS LTDA. Objeto: Prorrogar o prazo de vigência do contrato nº 91/2021, por mais 02 (dois) meses, a contar de 01/09/2022 a 31/10/2022 ou até a conclusão do novo processo licitatório.. Vigência: 01/09/2022 a 31/10/2022. Valor Total Atualizado do Contrato: R$ 6.374,46. Data de Assinatura: 24/08/2022.</p><p>(COMPRASNET 4.0 - 24/08/2022).</p>]]></Texto>
  </body>
  <Midias />
</article></xml>