﻿<xml><article id="27764808" name="2022-08-29/9056802/COMPRASNETWS_" idOficio="9056802" pubName="DO3" artType="Extrato de Termo Aditivo" pubDate="30/08/2022" artClass="00013:00010:00011:00124:00000:00000:00000:00000:00000:00000:00054:00001" artCategory="Ministério da Defesa/Comando da Aeronáutica/Comando-Geral de Apoio/Centro Logístico" artSize="12" artNotes="" numberPage="31" pdfPage="http://pesquisa.in.gov.br/imprensa/jsp/visualiza/index.jsp?data=30/08/2022&amp;jornal=530&amp;pagina=31" editionNumber="165" highlightType="" highlightPriority="" highlight="" highlightimage="" highlightimagename="" idMateria="19839353">
  <body>
    <Identifica><![CDATA[ EXTRATO DE TERMO ADITIVO Nº 3/2022 - UASG 120071]]></Identifica>
    <Data><![CDATA[]]></Data>
    <Ementa />
    <Titulo />
    <SubTitulo />
    <Texto><![CDATA[<p class="identifica">EXTRATO DE TERMO ADITIVO Nº 3/2022 - UASG 120071</p><p>Número do Contrato: 375/2019.</p><p>Nº Processo: 67106.009729/2019-52.</p><p>Concorrência. Nº 6/2019. Contratante: PARQUE DE MATERIAL AERONÁUTICO DE LAGOA SANTA (PAMALS). Contratado: 52.045.457/0008-92 - TAM AVIACAO EXECUTIVA E TAXI AEREO S/A. Objeto: Prorrogar o prazo da vigência e da execução do contrato nº 375/CAE-CELOG/2019, por 14 (quatorze) meses, nos termos do § 1º, inciso II e V, art. 57 da lei n.º 8.666 de 1993. Vigência: 27/08/2022 a 27/10/2023. Valor Total Atualizado do Contrato: R$ 7.137.137,12. Data de Assinatura: 24/08/2022.</p><p>(COMPRASNET 4.0 - 24/08/2022).</p>]]></Texto>
  </body>
  <Midias />
</article></xml>