﻿<xml><article id="27733013" name="Ext. Cont. DOU" idOficio="9056672" pubName="DO3" artType="Extrato de Contrato" pubDate="30/08/2022" artClass="00052:00014:00419:00000:00000:00000:00000:00000:00000:00000:00031:00000" artCategory="Prefeituras/Estado do Paraná/Prefeitura Municipal de São Pedro do Ivaí" artSize="12" artNotes="" numberPage="410" pdfPage="http://pesquisa.in.gov.br/imprensa/jsp/visualiza/index.jsp?data=30/08/2022&amp;jornal=530&amp;pagina=410" editionNumber="165" highlightType="" highlightPriority="" highlight="" highlightimage="" highlightimagename="" idMateria="19839201">
  <body>
    <Identifica><![CDATA[ Extrato de Contrato nº 118/2022 ]]></Identifica>
    <Data><![CDATA[]]></Data>
    <Ementa />
    <Titulo />
    <SubTitulo />
    <Texto><![CDATA[<p class="identifica">Extrato de Contrato nº 118/2022</p><p>Processo Licitatório nº. 0129/2022 Pregão Eletrônico nº. 066/2022. Contratante MUNICIPÍO DE SÃO PEDRO DO IVAÍ/PR CNPJ/MF nº. 75.771.311/0001-53 Prefeita Municipal Maria Regina Della Rosa Magri. Contratada SCHLICKMANN &amp; ROTTA LTDA. EPP. CNPJ/MF nº. 18.960.416/0001-17 Representante Legal Carolyna Aparecida Rotta Schlickmann Fontana. OBJETO aquisição de 01 (um) TRATOR AGRÍCOLA Marca/Modelo Yanhmar/Solis 90 Cabine, conforme Proposta SINCOV nº. 010944/2020 e Convênio nº. 902913/2020, por intermédio do MAPA e o Município de São Pedro do Ivaí e contrapartida do Município. PRAZO DE FORNECIMENTO E DA PRORROGAÇÃO no prazo máximo de até 150 (cento e cinqüenta) dias corridos, a contar da data de recebimento da Ordem de Compra após formalização e assinaturas de contrato. Somente será admitida alteração do prazo de fornecimento, nos casos previstos em lei. GESTOR DO CONTRATO Wagner Aldivino Vianna. FISCAL DO CONTRATO Marcos Paz de Siqueira. DESPESAS ORÇAMENTÁRIAS 11 11.01 206050111.2.057000 4.4.90.52.00.00.00. VALOR R$ 280.000,00. CONDIÇÕES DE PAGAMENTO será efetuado A PARTIR DA LIBERAÇÃO DO RECURSO PELO ÓRGÃO RESPONSÁVEL - MAPA, após entrega/ vistoria/aceitação pelo gestor e fiscal do Contrato, mediante apresentação de Nota Fiscal Eletrônica. REAJUSTE E DO EQUILÍBRIO ECONÔMICO-FINANCEIRO O valor contratual poderá ser reajustado, de acordo com a demonstração efetiva do desequilíbrio contratual, na forma da Lei Federal nº. 8.666/93, mediante requerimento e apresentação de planilha de custos. VIGÊNCIA 06 (seis) meses, contados a partir da assinatura do Contrato, poderá ser prorrogado de acordo com as condições estabelecidas no Art. 57 da Lei Federal n.º 8.666/93 e posteriores alterações. FORO Comarca de Jandaia do Sul/Pr. DATA DA ASSINATURA DO CONTRATO 25 de Agosto de 2022.</p>]]></Texto>
  </body>
  <Midias />
</article></xml>