﻿<xml><article id="27761630" name="2022-08-29/9056777/COMPRASNETWS_" idOficio="9056777" pubName="DO3" artType="Extrato de Contrato" pubDate="30/08/2022" artClass="00013:00012:00033:00006:00001:00000:00000:00000:00000:00000:00031:00001" artCategory="Ministério da Defesa/Comando da Marinha/Secretaria-Geral/Diretoria de Administração/Centro de Instrução e Adestramento Almirante Newton Braga" artSize="12" artNotes="" numberPage="57" pdfPage="http://pesquisa.in.gov.br/imprensa/jsp/visualiza/index.jsp?data=30/08/2022&amp;jornal=530&amp;pagina=57" editionNumber="165" highlightType="" highlightPriority="" highlight="" highlightimage="" highlightimagename="" idMateria="19839316">
  <body>
    <Identifica><![CDATA[ EXTRATO DE CONTRATO Nº 1/2022 - UASG 772100]]></Identifica>
    <Data><![CDATA[]]></Data>
    <Ementa />
    <Titulo />
    <SubTitulo />
    <Texto><![CDATA[<p class="identifica">EXTRATO DE CONTRATO Nº 1/2022 - UASG 772100</p><p>Nº Processo: 63487.000485/2022-50.</p><p>Pregão Nº 3/2022. Contratante: CENTRO DE INST. E ADEST. ALM. NEWTON BRAGA.</p><p>Contratado: 72.734.791/0001-94 - QUIMICLEAN COMERCIO E SERVICOS LTDA. Objeto: Contratação de prestação de serviços de manutenção preventiva e corretiva de todo o sistema de ar condicionado, exaustão e ventilação mecânica do sistema chiller, com cobertura de peças de reposição, insumos e componentes genuínos dos respectivos fabricantes ou similares que atendam às mesmas especificações técnicas e padrões de qualidades das peças originais do fabricante, do centro de instrução e adestramento almirante newton braga (cianb), incluindo mão de obra necessária..</p><p>Fundamento Legal: LEI 10.520 / 2002 - Artigo: 1. Vigência: 24/08/2022 a 24/08/2023. Valor Total: R$ 115.000,00. Data de Assinatura: 15/08/2022.</p><p>(COMPRASNET 4.0 - 29/08/2022).</p>]]></Texto>
  </body>
  <Midias />
</article></xml>