﻿<xml><article id="27732968" name="HOMOLOGAAAO PROGEP NA 81-2022 IC" idOficio="9056674" pubName="DO3" artType="Resultado de Concurso Público" pubDate="30/08/2022" artClass="00018:00154:00026:00000:00000:00000:00000:00000:00000:00000:00093:00000" artCategory="Ministério da Educação/Universidade Federal de Uberlândia/Pró-Reitoria de Gestão de Pessoas" artSize="24" artNotes="" numberPage="171" pdfPage="http://pesquisa.in.gov.br/imprensa/jsp/visualiza/index.jsp?data=30/08/2022&amp;jornal=530&amp;pagina=171" editionNumber="165" highlightType="" highlightPriority="" highlight="" highlightimage="" highlightimagename="" idMateria="19839203">
  <body>
    <Identifica><![CDATA[ EDITAL   PROGEP Nº 81/2022]]></Identifica>
    <Data><![CDATA[]]></Data>
    <Ementa />
    <Titulo />
    <SubTitulo />
    <Texto><![CDATA[<p class="identifica">EDITAL PROGEP Nº 81/2022</p><p class="identifica">HOMOLOGAÇÃO DE RESULTADO DO EDITAL PROGEP Nº 34/2022</p><p>O Pró-Reitor de Gestão de Pessoas da Universidade Federal de Uberlândia, no uso de suas atribuições e considerando a delegação de competência que lhe foi outorgada por meio da Portaria/R/UFU/nº. 95, de 05/01/2017, do Reitor da Universidade Federal de Uberlândia, publicada no Diário Oficial da União em 09/01/2017, seção 2, p. 26; conforme a Resolução 02/2021 - CONDIR, conforme o EDITAL PROGEP Nº 34/2022, complementar ao Edital PROGEP nº 33/2022, publicado no D.O.U. em 15 de março de 2022, seção 3, página(s) 112 a 114; e conforme ofício n. 05517/2022/GEAC 1 E 3/EN-EDU/PGF/AGU HOMOLOGA e torna público, nos termos do Artigo 39 e do Anexo II, do Decreto nº 9.739 de 28 de março de 2019, o resultado do concurso público, realizado pelo Instituto de Ciências Agrárias, da seguinte forma:</p><p>Área: Agronomia e Engenharia Florestal</p><p>Nº de vagas: 01</p><p>Regime de Trabalho: Dedicação Exclusiva</p><p>CANDIDATOS APROVADOS</p><p /><p></p><table><tr /><tr><td rowspan="1" colspan="1"><p>Classificação</p></td><td rowspan="1" colspan="1"><p>Nome do Candidato</p></td><td rowspan="1" colspan="1"><p>Nº de inscrição</p></td><td rowspan="1" colspan="1"><p>Concorrência</p></td><td rowspan="1" colspan="1"><p>Nota Final</p></td></tr><tr><td rowspan="1" colspan="1"><p>1º Lugar</p></td><td rowspan="1" colspan="1"><p>Nilo Cesar Queiroga Silva</p></td><td rowspan="1" colspan="1"><p>2202200010</p></td><td rowspan="1" colspan="1"><p>N</p></td><td rowspan="1" colspan="1"><p>167,72</p></td></tr><tr><td rowspan="1" colspan="1"><p>2º Lugar</p></td><td rowspan="1" colspan="1"><p>Inaê Mariê de Araújo Silva Cardoso</p></td><td rowspan="1" colspan="1"><p>2202200006</p></td><td rowspan="1" colspan="1"><p>AC</p></td><td rowspan="1" colspan="1"><p>195,62</p></td></tr><tr><td rowspan="1" colspan="1"><p>3º Lugar</p></td><td rowspan="1" colspan="1"><p>Raphael Ricon de Oliveira</p></td><td rowspan="1" colspan="1"><p>2202200030</p></td><td rowspan="1" colspan="1"><p>AC</p></td><td rowspan="1" colspan="1"><p>191,42</p></td></tr><tr><td rowspan="1" colspan="1"><p>4º Lugar</p></td><td rowspan="1" colspan="1"><p>Adinan Alves da Silva</p></td><td rowspan="1" colspan="1"><p>2202200042</p></td><td rowspan="1" colspan="1"><p>AC</p></td><td rowspan="1" colspan="1"><p>190,77</p></td></tr><tr><td rowspan="1" colspan="1"><p>5º Lugar</p></td><td rowspan="1" colspan="1"><p>Athos Silva de Oliveira</p></td><td rowspan="1" colspan="1"><p>2202200040</p></td><td rowspan="1" colspan="1"><p>AC</p></td><td rowspan="1" colspan="1"><p>188,08</p></td></tr></table><p /><p></p><table><tr /><tr><td rowspan="1" colspan="1"><p>CONFORME ART. 60 E ANEXO II DA RESOLUÇÃO CONDIR Nº 2, DE 22 DE FEVEREIRO DE 2021, E ITEM 10.3 DO EDITAL PROGEP Nº 33/2022, A VAGA PREVISTA NO EDITAL Nº 38/2022 SERÁ DESTINADA À RESERVA INDICADA ACIMA.</p></td></tr></table><p class="assina">MARCIO MAGNO COSTA</p>]]></Texto>
  </body>
  <Midias />
</article></xml>