﻿<xml><article id="27764494" name="2022-08-29/9056945/COMPRASNETWS_" idOficio="9056945" pubName="DO3" artType="Extrato de Termo Aditivo" pubDate="30/08/2022" artClass="00013:00011:00014:00003:00007:00000:00000:00000:00000:00000:00054:00001" artCategory="Ministério da Defesa/Comando do Exército/Comando Militar do Sudeste/Comando de Defesa Antiaérea do Exército/3º Grupo de Artilharia Antiaérea" artSize="12" artNotes="" numberPage="46" pdfPage="http://pesquisa.in.gov.br/imprensa/jsp/visualiza/index.jsp?data=30/08/2022&amp;jornal=530&amp;pagina=46" editionNumber="165" highlightType="" highlightPriority="" highlight="" highlightimage="" highlightimagename="" idMateria="19839440">
  <body>
    <Identifica><![CDATA[ EXTRATO DE TERMO ADITIVO Nº 12/2022 - UASG 160369]]></Identifica>
    <Data><![CDATA[]]></Data>
    <Ementa />
    <Titulo />
    <SubTitulo />
    <Texto><![CDATA[<p class="identifica">EXTRATO DE TERMO ADITIVO Nº 12/2022 - UASG 160369</p><p>Número do Contrato: 7/2020.</p><p>Nº Processo: 64539.002612/2020-01.</p><p>Inexigibilidade. Nº 3/2020. Contratante: 3 GRUPO DE ARTILHARIA ANTIAEREA. Contratado: 88.633.227/0001-15 - PIO SODALICIO DAS DAMAS DE CARIDADE DE CAXIAS DO SUL. Objeto: Prestação de serviços de assistência médico-hospitalar, ambulatorial, laboratorial e diagnósticos por imagem. Vigência: 01/09/2022 a 01/10/2022. Valor Total Atualizado do Contrato: R$ 79.200,00. Data de Assinatura: 29/08/2022.</p><p>(COMPRASNET 4.0 - 29/08/2022).</p>]]></Texto>
  </body>
  <Midias />
</article></xml>