﻿<xml><article id="27732722" name="UNIAO - ROGERSON-25-08-2022" idOficio="9056702" pubName="DO3" artType="Aviso de Licitação" pubDate="30/08/2022" artClass="00052:00016:00186:00000:00000:00000:00000:00000:00000:00000:00081:00000" artCategory="Prefeituras/Estado de Pernambuco/Prefeitura Municipal de Santa Cruz do Capibaribe" artSize="12" artNotes="" numberPage="423" pdfPage="http://pesquisa.in.gov.br/imprensa/jsp/visualiza/index.jsp?data=30/08/2022&amp;jornal=530&amp;pagina=423" editionNumber="165" highlightType="" highlightPriority="" highlight="" highlightimage="" highlightimagename="" idMateria="19839239">
  <body>
    <Identifica><![CDATA[AVISO DE LICITAÇÃO PREGÃO ELETRÔNICO Nº 38/2022]]></Identifica>
    <Data><![CDATA[ Santa Cruz do Capibaribe-PE, 4 de agosto de 2022.]]></Data>
    <Ementa />
    <Titulo />
    <SubTitulo />
    <Texto><![CDATA[<p></p><p class="identifica">AVISO DE LICITAÇÃO PREGÃO ELETRÔNICO Nº 38/2022</p><p>AVISO PUBLICAÇÃO DE EDITAL - PROCESSO LICITATÓRIO PMSCC Nº 064/2022</p><p>Objeto: Aquisição de CAMINHÃO BAÚ RESFRIADO para atender as demandas da Secretaria de Desenvolvimento Econômico, Agricultura, Meio Ambiente e Turismo de Santa Cruz do Capibaribe/PE, de acordo com o Convênio 889670/2019, Proposta 5451/2019., conforme especificação e quantidades contidas no Apêndice I do Termo de Referência. Valor do Orçamento Inicial: R$ 481.666,67 (quatrocentos e oitenta e um mil, seiscentos e sessenta e seis reais e sessenta e sete centavos) Data e hora da abertura: 19/08/2022 às 09:00 horas (horário de Brasília/DF), no sitio: www.bnc.org.br os interessados poderão acessar e fazer download do edital e anexos nos sites: www.bnc.org.br e www.santacruzdocapibaribe.pe.gov.br Outras informações podem ser obtidas na sala da Comissão de Licitações, situada a Rua Jose Antonio Joaquim nº 140 - Bela Vista - Santa Cruz do Capibaribe/PE no horário das 08:00 às 12:00hs, de segunda a sexta-feira ou através de solicitação por e-mail: licitsantacc@outlook.com.</p><p class="data">Santa Cruz do Capibaribe-PE, 4 de agosto de 2022.</p><p class="assina">Rogerson Silva Fonseca</p><p class="cargo">Pregoeiro</p>]]></Texto>
  </body>
  <Midias />
</article></xml>