﻿<xml><article id="27732764" name="Extrato de Contrato 039.2022" idOficio="9056682" pubName="DO3" artType="Extrato de Contrato" pubDate="30/08/2022" artClass="00052:00017:00117:00000:00000:00000:00000:00000:00000:00000:00031:00000" artCategory="Prefeituras/Estado do Piauí/PREFEITURA MUNICIPAL DE FRANCISCO SANTOS" artSize="12" artNotes="" numberPage="425" pdfPage="http://pesquisa.in.gov.br/imprensa/jsp/visualiza/index.jsp?data=30/08/2022&amp;jornal=530&amp;pagina=425" editionNumber="165" highlightType="" highlightPriority="" highlight="" highlightimage="" highlightimagename="" idMateria="19839211">
  <body>
    <Identifica><![CDATA[ EXTRATO DE CONTRATO]]></Identifica>
    <Data><![CDATA[]]></Data>
    <Ementa />
    <Titulo />
    <SubTitulo />
    <Texto><![CDATA[<p class="identifica">EXTRATO DE CONTRATO</p><p>Pregão Eletrônico Nº 24/2022. Procedimento Administrativo nº 40/2022. CONTRATO Nº 39/2022. OBJETO: Contratações de empresa para fornecimento de material gráfico, destinados à Prefeitura Municipal de Francisco Santos/PI, Secretaria Municipal de Assistência Social, Secretaria Municipal de Educação e Secretaria Municipal de Saúde do Município de Francisco Santos - PI. CONTRATANTE: Município de Francisco Santos - PI - CNPJ (MF) Nº 06.553.713/0001-69. CONTRATADA: Melquisedeque Sousa de Brito - EPP, CNPJ: 35.895.965/0001-40 - IE/IM: 19.659.074-4, Endereço: Rua Coelho Rodrigues, nº 433, sala A, Bairro Centro, Picos-PI, CEP: 64.600-054; E-mail: graficabritomelqui@gmail.com; Fone (89) 3422-9695, com o valor R$ 454.615,00 (quatrocentos e cinquenta e quatro mil, e seiscentos e quinze reais), data da assinatura: 25/08/2022, fim da vigência: 25/08/2023. Espécie: Licitação na modalidade Pregão Eletrônico, do tipo, menor preço valor por grupo. Signatários: Luís José de Barros - Prefeito Municipal, Melquisedeque Sousa de Brito - Representante da Empresa. Francisco Santos - PI, 25 de agosto de 2022.</p>]]></Texto>
  </body>
  <Midias />
</article></xml>