﻿<xml><article id="27733055" name="ATA_404_ PE_143_25057.007139-202" idOficio="9056632" pubName="DO3" artType="Extrato da Ata" pubDate="30/08/2022" artClass="00026:00023:00012:00000:00000:00000:00000:00000:00000:00000:00182:00000" artCategory="Ministério da Saúde/Secretaria de Atenção Especializada à Saúde/Instituto Nacional de Traumatologia e Ortopedia" artSize="12" artNotes="" numberPage="209" pdfPage="http://pesquisa.in.gov.br/imprensa/jsp/visualiza/index.jsp?data=30/08/2022&amp;jornal=530&amp;pagina=209" editionNumber="165" highlightType="" highlightPriority="" highlight="" highlightimage="" highlightimagename="" idMateria="19839161">
  <body>
    <Identifica><![CDATA[EXTRATO DE REGISTRO DE PREÇOS]]></Identifica>
    <Data><![CDATA[]]></Data>
    <Ementa />
    <Titulo />
    <SubTitulo />
    <Texto><![CDATA[<p class="identifica">EXTRATO DE REGISTRO DE PREÇOS</p><p>Espécie: ATA DE REGISTRO DE PREÇOS Nº 404/2022- 2ª VIA RETIFICADA. Ata de Registros de Preços. Objeto: AQUISIÇÃO DE MATERIAL HOSPITALAR (LÂMINA OSCILATÓRIA, BISTURI DESCARTÁVEL E OUTROS), em regime de consignação. Detentora dos Registros: BRAMED COMÉRCIO HOSPITALAR DO BRASIL LTDA - Item: 11; Vigência: 12 (doze) meses a partir do dia 22/08/2022 à 22/08/2023. Modalidade: PREGÃO ELETRÔNICO Nº 143/2022.</p><p>Processo nº 25057.007139/2021-92. Valor Global: R$ 37.440,00 (Trinta e sete mil quatrocentos e quarenta reais).</p>]]></Texto>
  </body>
  <Midias />
</article></xml>