﻿<xml><article id="27731416" name="040. Pregao EletrAnico NA 035.20" idOficio="9056272" pubName="DO3" artType="Aviso de Licitação-Pregão" pubDate="30/08/2022" artClass="00052:00023:00163:00001:00000:00000:00000:00000:00000:00000:00164:00000" artCategory="Prefeituras/Estado de Santa Catarina/Prefeitura Municipal de Itajaí/Serviço Municipal de Água, Saneamento Básico e Infra-Estrutura" artSize="12" artNotes="" numberPage="449" pdfPage="http://pesquisa.in.gov.br/imprensa/jsp/visualiza/index.jsp?data=30/08/2022&amp;jornal=530&amp;pagina=449" editionNumber="165" highlightType="" highlightPriority="" highlight="" highlightimage="" highlightimagename="" idMateria="19838357">
  <body>
    <Identifica><![CDATA[ Aviso de Licitação  ]]></Identifica>
    <Data><![CDATA[ Itajaí/SC, 25 de agosto de 2022.]]></Data>
    <Ementa />
    <Titulo />
    <SubTitulo />
    <Texto><![CDATA[<p></p><p class="identifica">Aviso de Licitação</p><p class="identifica">Pregão Eletrônico Nº 35/2022</p><p>O SEMASA - Serviço Municipal de Água, Saneamento e Infraestrutura, situado à Rua Heitor Liberato, 1.189 - Vila Operária - Itajaí - SC, torna público, que fará realizar licitação, na modalidade PREGÃO ELETRÔNICO para CONTRATAÇÃO DE EMPRESA PARA EXECUTAR SERVIÇOS SUBAQUÁTICOS EM UNIDADES DO SEMASA, mediante as especificações e condições previstas no EDITAL, sob a regência da Lei 10.520, de 17 de julho de 2002, 8.666/93 e alterações posteriores, Decreto Federal nº 10.024/19.</p><p>O EDITAL encontra-se à disposição dos interessados para verificação no Departamento de Licitações do SEMASA, das 13 às 19 horas, de segunda a sexta-feira, ou poderão fazer o download, através dos sites www.comprasgovernamentais.gov.br e www.semasaitajai.com.br/licitacoes.</p><p>A sessão pública ocorrerá às 14h do dia 09 de setembro de 2022, no Portal de Compras do Governo Federal - www.comprasgovernamentais.gov.br, com participação aberta às proponentes e ao público.</p><p class="data">Itajaí/SC, 25 de agosto de 2022.</p><p class="assina">Rafael Luiz Pinto</p><p class="cargo">Diretor Geral</p>]]></Texto>
  </body>
  <Midias />
</article></xml>