﻿<xml><article id="27731543" name="PublicaAAo DOU - PE 011-2022 -" idOficio="9056339" pubName="DO3" artType="Extrato de Contrato" pubDate="30/08/2022" artClass="00051:00006:00053:00000:00000:00000:00000:00000:00000:00000:00031:00000" artCategory="Governo do Estado/Governo do Estado da Bahia/FUNDAÇÃO DA CRIANÇA E DO ADOLESCENTE" artSize="12" artNotes="" numberPage="307" pdfPage="http://pesquisa.in.gov.br/imprensa/jsp/visualiza/index.jsp?data=30/08/2022&amp;jornal=530&amp;pagina=307" editionNumber="165" highlightType="" highlightPriority="" highlight="" highlightimage="" highlightimagename="" idMateria="19838581">
  <body>
    <Identifica><![CDATA[EXTRATO DE CONTRATO]]></Identifica>
    <Data><![CDATA[]]></Data>
    <Ementa />
    <Titulo />
    <SubTitulo />
    <Texto><![CDATA[<p class="identifica">EXTRATO DE CONTRATO</p><p>Contrato nº 011/2022; AFM nº 38.006.00596/2022; Pregão Eletrônico nº 011/2022; Partes: Fundação da Criança e do Adolescente - FUNDAC, CNPJ: 15.257.025/0001-42 e CR3 COMERCIO ELETRÔNICO EIRELI, CNPJ: 27.669.022/0001-03; Objeto: Aquisição de Mesa de áudio; Valor Global: 2.680,00; Data da assinatura: 25/08/2022; Signatários: Regina Celeste Affonso de Carvalho, Diretora Geral, e Cristiano Batista de Ávila Reis , Representante Legal da contratada.</p>]]></Texto>
  </body>
  <Midias />
</article></xml>