﻿<xml><article id="27732545" name="30.08 - TP 08.22 - Calcamento Pa" idOficio="9056662" pubName="DO3" artType="Aviso de Licitação-Tomada de Preços" pubDate="30/08/2022" artClass="00052:00014:00035:00000:00000:00000:00000:00000:00000:00000:00166:00000" artCategory="Prefeituras/Estado do Paraná/Prefeitura Municipal de Assaí" artSize="12" artNotes="" numberPage="405" pdfPage="http://pesquisa.in.gov.br/imprensa/jsp/visualiza/index.jsp?data=30/08/2022&amp;jornal=530&amp;pagina=405" editionNumber="165" highlightType="" highlightPriority="" highlight="" highlightimage="" highlightimagename="" idMateria="19839191">
  <body>
    <Identifica><![CDATA[AVISO DE LICITAÇÃO TOMADA DE PREÇOS Nº  8/2022]]></Identifica>
    <Data><![CDATA[ Assai, 24 de Agosto de 2022.]]></Data>
    <Ementa />
    <Titulo />
    <SubTitulo />
    <Texto><![CDATA[<p></p><p class="identifica">AVISO DE LICITAÇÃO TOMADA DE PREÇOS Nº 8/2022</p><p>CONTRATACAO DE EMPRESA ESPECIALIZADA PARA EXECUCAO DE CALCAMENTO NA ESCOLA RURAL PADRE FRANCA WOLKERS, COM RECURSOS DE RENDIMENTOS FINANCEIROS RELATIVOS AO TERMO DE COMPROMISSO PAC2 4566/2013.</p><p>SESSÃO DE ABERTURA DE ENVELOPE E JULGAMENTO: 16 DE SETEMBRO DE 2022 ÀS 10:00 HRS</p><p>EDITAL: Os documentos integrantes do Edital estarao disponiveis e poderao ser retirados no site http://assai.pr.gov.br e as informações serão prestadas pelo telefone (43) 3262-8300 no Departamento de Licitação no horário comercial.</p><p class="data">Assai, 24 de Agosto de 2022.</p><p class="assina">GIZELI GOMES DE SOUZA</p><p class="cargo">Presidente da CPL</p>]]></Texto>
  </body>
  <Midias />
</article></xml>