﻿<xml><article id="27732305" name="publicaAAo- pregAo 56 2022 UniAo" idOficio="9056593" pubName="DO3" artType="Aviso de Licitação-Pregão" pubDate="30/08/2022" artClass="00052:00019:00430:00000:00000:00000:00000:00000:00000:00000:00164:00000" artCategory="Prefeituras/Estado do Rio Grande do Sul/Prefeitura Municipal de Rosário do Sul" artSize="12" artNotes="" numberPage="435" pdfPage="http://pesquisa.in.gov.br/imprensa/jsp/visualiza/index.jsp?data=30/08/2022&amp;jornal=530&amp;pagina=435" editionNumber="165" highlightType="" highlightPriority="" highlight="" highlightimage="" highlightimagename="" idMateria="19839109">
  <body>
    <Identifica><![CDATA[ Aviso de Licitação ]]></Identifica>
    <Data><![CDATA[]]></Data>
    <Ementa />
    <Titulo />
    <SubTitulo />
    <Texto><![CDATA[<p class="identifica">Aviso de Licitação</p><p class="identifica">Pregão Eletrônico nº 56/2022</p><p>Torna público nos termos da Lei nº 10.520/02 e legislação pertinente, que realizará a seguinte licitação: Pregão Eletrônico nº 56/2022. Objeto: Registro de Preços para impressão de material gráfico. A Sessão fica marcada para o Dia 21.09.2022, às 9h. Edital pelo site www.rosariodosul.rs.gov.br/licitacao e inf. pelo fone 5532312844.</p><p class="assina">Vilmar de Oliveira</p><p class="cargo">Prefeito</p>]]></Texto>
  </body>
  <Midias />
</article></xml>