﻿<xml><article id="27761160" name="2022-08-29/9056721/COMPRASNETWS_" idOficio="9056721" pubName="DO3" artType="Extrato de Termo Aditivo" pubDate="30/08/2022" artClass="00018:00147:00000:00000:00000:00000:00000:00000:00000:00000:00054:00001" artCategory="Ministério da Educação/Fundação Universidade Federal de São Carlos" artSize="12" artNotes="" numberPage="168" pdfPage="http://pesquisa.in.gov.br/imprensa/jsp/visualiza/index.jsp?data=30/08/2022&amp;jornal=530&amp;pagina=168" editionNumber="165" highlightType="" highlightPriority="" highlight="" highlightimage="" highlightimagename="" idMateria="19839259">
  <body>
    <Identifica><![CDATA[ EXTRATO DE TERMO ADITIVO Nº 11/2013 - UASG 154049]]></Identifica>
    <Data><![CDATA[]]></Data>
    <Ementa />
    <Titulo />
    <SubTitulo />
    <Texto><![CDATA[<p class="identifica">EXTRATO DE TERMO ADITIVO Nº 11/2013 - UASG 154049</p><p>Número do Contrato: 98/2013.</p><p>Nº Processo: 23112.003175/2013-30.</p><p>Dispensa. Nº 405/2013. Contratante: FUNDACAO UNIVERSIDADE FEDERAL DE SAO CARLOS. Contratado: 16.811.274/0001-09 - NOSRI EMPREENDIMENTOS IMOBILIARIOS LTDA. Objeto: Prorrogação do prazo de vigência por 12 (doze) meses. Vigência: 23/10/2022 a 23/10/2023. Valor Total Atualizado do Contrato: R$ 35.309,76. Data de Assinatura: 26/08/2022.</p><p>(COMPRASNET 4.0 - 26/08/2022).</p>]]></Texto>
  </body>
  <Midias />
</article></xml>