﻿<xml><article id="27732755" name="Edital 17_2022_Retificacao 4-FL-" idOficio="9056670" pubName="DO3" artType="Retificação (de Edital)" pubDate="30/08/2022" artClass="00018:00094:00053:00008:00000:00000:00000:00000:00000:00000:00179:00000" artCategory="Ministério da Educação/Universidade Federal de Goiás/Pró-Reitoria de Gestão de Pessoas/Diretora de Administração de Pessoas" artSize="24" artNotes="ok" numberPage="119" pdfPage="http://pesquisa.in.gov.br/imprensa/jsp/visualiza/index.jsp?data=30/08/2022&amp;jornal=530&amp;pagina=119" editionNumber="165" highlightType="" highlightPriority="" highlight="" highlightimage="" highlightimagename="" idMateria="19839199">
  <body>
    <Identifica><![CDATA[ Edital de 29 de agosto de 2022]]></Identifica>
    <Data><![CDATA[]]></Data>
    <Ementa />
    <Titulo />
    <SubTitulo />
    <Texto><![CDATA[<p class="identifica">Edital de 29 de agosto de 2022</p><p class="identifica">Retificação nº 4 do Edital nº 17/2022</p><p>A REITORA DA UNIVERSIDADE FEDERAL DE GOIÁS, usando de suas atribuições estatutárias e regimentais, resolve retificar o Anexo I do Edital nº 17/2022, publicado no D.O.U. de 16/05/2022, seção 3, páginas 80 a 82, para alterar o cronograma do concurso da Faculdade de Letras (FL/UFG), área: Educação Intercultural (Processo nº 23070.016908/2022-21), que passa a vigorar com a seguinte redação:</p><p /><p></p><table><tr /><tr><td rowspan="1" colspan="3"><p>CRONOGRAMA</p></td></tr><tr><td rowspan="1" colspan="1"><p>DATA</p></td><td rowspan="1" colspan="1"><p>HORÁRIO/LOCAL</p></td><td rowspan="1" colspan="1"><p>ATIVIDADE</p></td></tr><tr><td rowspan="1" colspan="1"><p>22/08/2022</p></td><td rowspan="1" colspan="1"><p>Início às 08h30 Término às 09h - Núcleo Takinahakỹ</p></td><td rowspan="1" colspan="1"><p>Sessão Pública do Ato de Instalação do Concurso</p></td></tr><tr><td rowspan="1" colspan="1"><p>23/08/2022</p></td><td rowspan="1" colspan="1"><p>09h - Núcleo Takinahakỹ</p></td><td rowspan="1" colspan="1"><p>Prova Escrita</p></td></tr><tr><td rowspan="1" colspan="1"><p>29/08/2022</p></td><td rowspan="1" colspan="1"><p>12h - Núcleo Takinahakỹ</p></td><td rowspan="1" colspan="1"><p>Proclamação do Resultado Preliminar da Prova Escrita</p></td></tr><tr><td rowspan="1" colspan="1"><p>31/08/2022</p></td><td rowspan="1" colspan="1"><p>14h - Núcleo Takinahakỹ</p></td><td rowspan="1" colspan="1"><p>Sorteio do Ponto da Prova Didática</p></td></tr><tr><td rowspan="1" colspan="1"><p>01/09/2022</p></td><td rowspan="1" colspan="1"><p>14h - Núcleo Takinahakỹ</p></td><td rowspan="1" colspan="1"><p>Prova Didática</p></td></tr><tr><td rowspan="1" colspan="1"><p>02/09/2022</p></td><td rowspan="1" colspan="1"><p>14h - Núcleo Takinahakỹ</p></td><td rowspan="1" colspan="1"><p>Defesa de Memorial</p></td></tr><tr><td rowspan="1" colspan="1"><p>05/09/2022</p></td><td rowspan="1" colspan="1"><p>15h - Núcleo Takinahakỹ</p></td><td rowspan="1" colspan="1"><p>Proclamação do Resultado Preliminar do Concurso</p></td></tr></table><p class="assina">Angelita Pereira de Lima</p>]]></Texto>
  </body>
  <Midias />
</article></xml>