﻿<xml><article id="27732884" name="MODELO PUBLICAAAO DOU ADITIVO AC" idOficio="9056716" pubName="DO3" artType="Extrato de Termo Aditivo" pubDate="30/08/2022" artClass="00018:00064:00011:00000:00000:00000:00000:00000:00000:00000:00054:00000" artCategory="Ministério da Educação/Instituto Federal de Educação, Ciência e Tecnologia do Paraná/Pró-Reitoria de Planejamento e Desenvolvimento Institucional" artSize="12" artNotes="" numberPage="107" pdfPage="http://pesquisa.in.gov.br/imprensa/jsp/visualiza/index.jsp?data=30/08/2022&amp;jornal=530&amp;pagina=107" editionNumber="165" highlightType="" highlightPriority="" highlight="" highlightimage="" highlightimagename="" idMateria="19839254">
  <body>
    <Identifica><![CDATA[ EXTRATO DO  1º TERMO ADITIVO AO ACORDO DE COOPERAÇÃO Nº15/2021]]></Identifica>
    <Data><![CDATA[]]></Data>
    <Ementa />
    <Titulo />
    <SubTitulo />
    <Texto><![CDATA[<p></p><p class="identifica">EXTRATO DO 1º TERMO ADITIVO AO ACORDO DE COOPERAÇÃO Nº15/2021</p><p>Processo 23411.006323/2021-11. PARTES: Instituto Federal de Educação, Ciência e Tecnologia do Paraná - IFPR e o Município de Arapongas. OBJETO: visa a prorrogação do acordo original por 12 (doze) meses, ou seja, até 18 de agosto de 2023. VIGÊNCIA: 13/08/2021 a 18/08/2023. DATA DA ASSINATURA:16/08/2022. ASSINA PELO IFPR: Odacir Antonio Zanatta - Reitor. ASSINA PELO MUNICÍPIO DE ARAPONGAS: Sergio Onofre da Silva- Prefeito.</p>]]></Texto>
  </body>
  <Midias />
</article></xml>