﻿<xml><article id="27762965" name="2022-08-29/9056543/COMPRASNETWS_" idOficio="9056543" pubName="DO3" artType="Extrato de Contrato" pubDate="30/08/2022" artClass="00027:00051:00092:00000:00000:00000:00000:00000:00000:00000:00031:00001" artCategory="Ministério do Trabalho e Previdência/Instituto Nacional do Seguro Social/Superintendência Regional Sudeste I" artSize="12" artNotes="" numberPage="234" pdfPage="http://pesquisa.in.gov.br/imprensa/jsp/visualiza/index.jsp?data=30/08/2022&amp;jornal=530&amp;pagina=234" editionNumber="165" highlightType="" highlightPriority="" highlight="" highlightimage="" highlightimagename="" idMateria="19839056">
  <body>
    <Identifica><![CDATA[ EXTRATO DE CONTRATO Nº 88/2022 - UASG 510178]]></Identifica>
    <Data><![CDATA[]]></Data>
    <Ementa />
    <Titulo />
    <SubTitulo />
    <Texto><![CDATA[<p class="identifica">EXTRATO DE CONTRATO Nº 88/2022 - UASG 510178</p><p>Nº Processo: 35014.127548/2021-64.</p><p>Inexigibilidade Nº 8/2022. Contratante: SUPERINTENDENCIA REGIONAL SUDESTE I.</p><p>Contratado: 33.050.196/0001-88 - COMPANHIA PAULISTA DE FORCA E LUZ. Objeto: Contratação de empresa concessionária de energia elétrica no âmbito da Superintendência Regional Sudeste I onde está instalado o prédio da Gerência e APS Sumaré - Gerência Executiva Campinas.</p><p>Fundamento Legal: LEI 8.666 / 1993 - Artigo: 25. Vigência: 01/08/2022 a 01/08/2027. Valor Total: R$ 300.000,00. Data de Assinatura: 01/08/2022.</p><p>(COMPRASNET 4.0 - 26/08/2022).</p>]]></Texto>
  </body>
  <Midias />
</article></xml>