﻿<xml><article id="27764668" name="2022-08-29/9056643/COMPRASNETWS_" idOficio="9056643" pubName="DO3" artType="Extrato de Termo Aditivo" pubDate="30/08/2022" artClass="00047:00025:00000:00000:00000:00000:00000:00000:00000:00000:00054:00001" artCategory="Poder Judiciário/Tribunal Regional Eleitoral do Pará" artSize="12" artNotes="" numberPage="263" pdfPage="http://pesquisa.in.gov.br/imprensa/jsp/visualiza/index.jsp?data=30/08/2022&amp;jornal=530&amp;pagina=263" editionNumber="165" highlightType="" highlightPriority="" highlight="" highlightimage="" highlightimagename="" idMateria="19839172">
  <body>
    <Identifica><![CDATA[ EXTRATO DE TERMO ADITIVO Nº 1/2022 - UASG 070004]]></Identifica>
    <Data><![CDATA[]]></Data>
    <Ementa />
    <Titulo />
    <SubTitulo />
    <Texto><![CDATA[<p class="identifica">EXTRATO DE TERMO ADITIVO Nº 1/2022 - UASG 070004</p><p>Número do Contrato: 123/2022.</p><p>Nº Processo: 0011001-10.2021.6.14.8000.</p><p>Pregão. Nº 45/2022. Contratante: TRIBUNAL REGIONAL ELEITORAL DO PARA. Contratado: 04.155.548/0001-61 - EMAR TAXI AEREO LTDA. Objeto: Acrescer o valor de r$ 54.121,60 (cinquenta e quatro mil cento e vinte e um reais e sessenta centavos), referente ao acréscimo no quantitativo do item 1, correspondente a aproximadamente 13,51% do valor inicial atualizado do contrato (item 1). Vigência: 26/08/2022 a 31/12/2022. Valor Total Atualizado do Contrato: R$ 2.036.506,00. Data de Assinatura: 26/08/2022.</p><p>(COMPRASNET 4.0 - 26/08/2022).</p>]]></Texto>
  </body>
  <Midias />
</article></xml>