﻿<xml><article id="27733729" name="EXTRATO DE CONTRATO 20221416-PMC" idOficio="9056986" pubName="DO3" artType="Extrato de Contrato" pubDate="30/08/2022" artClass="00052:00013:00106:00000:00000:00000:00000:00000:00000:00000:00031:00000" artCategory="Prefeituras/Estado do Pará/PREFEITURA MUNICIPAL DE CANAÃ DOS CARAJÁS" artSize="12" artNotes="" numberPage="394" pdfPage="http://pesquisa.in.gov.br/imprensa/jsp/visualiza/index.jsp?data=30/08/2022&amp;jornal=530&amp;pagina=394" editionNumber="165" highlightType="" highlightPriority="" highlight="" highlightimage="" highlightimagename="" idMateria="19839510">
  <body>
    <Identifica><![CDATA[ EXTRATO DE CONTRATO]]></Identifica>
    <Data><![CDATA[]]></Data>
    <Ementa />
    <Titulo />
    <SubTitulo />
    <Texto><![CDATA[<p class="identifica">EXTRATO DE CONTRATO</p><p>CONTRATO Nº: 20221416</p><p>ORIGEM: PREGÃO Nº 128/2022/PMCC</p><p>CONTRATANTE.: PREFEITURA MUNICIPAL DE CANAÃ DOS CARAJÁS.CONTRATADA(O): M S BARBOSA MATERIAIS PARA CONSTRUÇÃO EIRELI-EPP.OBJETO.: aquisição de cimento Portland, para atender as necessidades da Secretaria Municipal de Obras do Município de Canaã dos Carajás, Estado do Pará. VALOR TOTAL: R$ 762.000,00 (setecentos e sessenta e dois mil reais).O Contrato encontra-se disponíveis aos interessados para consulta e baixa (download http://www.canaadoscarajas.pa.gov.br/editais,VIGÊNCIA: 08 de Agosto de 2022 a 08 de Janeiro de 2023, DATA DA ASSINATURA: 08 de Agosto de 2022.</p>]]></Texto>
  </body>
  <Midias />
</article></xml>