﻿<xml><article id="27732320" name="EXT 1A TA ACP 26-2021-UFLA-VALE" idOficio="9056649" pubName="DO3" artType="Extrato de Termo Aditivo" pubDate="30/08/2022" artClass="00018:00099:00000:00000:00000:00000:00000:00000:00000:00000:00054:00000" artCategory="Ministério da Educação/Universidade Federal de Lavras" artSize="12" artNotes="" numberPage="120" pdfPage="http://pesquisa.in.gov.br/imprensa/jsp/visualiza/index.jsp?data=30/08/2022&amp;jornal=530&amp;pagina=120" editionNumber="165" highlightType="" highlightPriority="" highlight="" highlightimage="" highlightimagename="" idMateria="19839178">
  <body>
    <Identifica><![CDATA[  EXTRATO DE  TERMO ADITIVO ]]></Identifica>
    <Data><![CDATA[]]></Data>
    <Ementa />
    <Titulo />
    <SubTitulo />
    <Texto><![CDATA[<p class="identifica">EXTRATO DE TERMO ADITIVO</p><p>EXTRATO DO 1º TERMO ADITIVO AO ACORDO DE PARCERIA Nº 26/2021-UFLA. Processo: 23090.026393/2022-39. Partícipes: Universidade Federal de Lavras - UFLA, CNPJ 22.078.679/0001-74; Fundação de Desenvolvimento Científico e Cultural - FUNDECC, CNPJ 07.905.127/0001-07 e VALE S.A., CNPJ 33.592.510/0001-54. Objeto: majoração do valor, substituição do anexo I do acordo (plano de trabalho e orçamento), inclusão dos gestores do acordo e adição da subcláusula 14.14. Fundamento Legal: Leis 10.973/04, 13.243/16 e 8.958/94, Decreto 9.283/18. Vigência: 25/08/22 a 16/12/2025. Assinatura: 25/08/2022.</p>]]></Texto>
  </body>
  <Midias />
</article></xml>