﻿<xml><article id="27758951" name="2022-08-29/9056631/COMPRASNETWS_" idOficio="9056631" pubName="DO3" artType="Extrato de Apostilamento" pubDate="30/08/2022" artClass="00007:00049:00034:00000:00000:00000:00000:00000:00000:00000:00143:00001" artCategory="Ministério da Agricultura, Pecuária e Abastecimento/Secretaria de Inovação, Desenvolvimento Sustentável e Irrigação/Instituto Nacional de Meteorologia" artSize="12" artNotes="" numberPage="11" pdfPage="http://pesquisa.in.gov.br/imprensa/jsp/visualiza/index.jsp?data=30/08/2022&amp;jornal=530&amp;pagina=11" editionNumber="165" highlightType="" highlightPriority="" highlight="" highlightimage="" highlightimagename="" idMateria="19839160">
  <body>
    <Identifica><![CDATA[ EXTRATO DE APOSTILAMENTO Nº 1/2022 - UASG 130011]]></Identifica>
    <Data><![CDATA[]]></Data>
    <Ementa />
    <Titulo />
    <SubTitulo />
    <Texto><![CDATA[<p class="identifica">EXTRATO DE APOSTILAMENTO Nº 1/2022 - UASG 130011</p><p>Número do Contrato: 4/2022.</p><p>Nº Processo: 21176.000037/2022-10.</p><p>Contratante: INSTITUTO NACIONAL DE METEOROLOGIA. Contratado: 03.994.920/0001-60 - PORTALSUL EMPRESA DE VIGILANCIA S/S LTDA. Objeto: Repactuação do contrato nº 004/2022, nos termos do disposto na cláusula sexta, em decorrência a convenção coletiva de trabalho da categoria, em conformidade com o art. 65, §8º, da lei nº 8.666/1993 e legislações correlatas. Valor Total Atualizado do Contrato: R$ 248.448,58. Data de Assinatura: 25/08/2022.</p><p>(COMPRASNET 4.0 - 25/08/2022).</p>]]></Texto>
  </body>
  <Midias />
</article></xml>