﻿<xml><article id="27761166" name="2022-08-29/9056652/COMPRASNETWS_" idOficio="9056652" pubName="DO3" artType="Extrato de Contrato" pubDate="30/08/2022" artClass="00018:00152:00000:00000:00000:00000:00000:00000:00000:00000:00031:00001" artCategory="Ministério da Educação/Fundação Universidade Federal de Viçosa" artSize="12" artNotes="" numberPage="170" pdfPage="http://pesquisa.in.gov.br/imprensa/jsp/visualiza/index.jsp?data=30/08/2022&amp;jornal=530&amp;pagina=170" editionNumber="165" highlightType="" highlightPriority="" highlight="" highlightimage="" highlightimagename="" idMateria="19839181">
  <body>
    <Identifica><![CDATA[ EXTRATO DE CONTRATO Nº 84/2022 - UASG 154051 - UFV-VICOSA]]></Identifica>
    <Data><![CDATA[]]></Data>
    <Ementa />
    <Titulo />
    <SubTitulo />
    <Texto><![CDATA[<p class="identifica">EXTRATO DE CONTRATO Nº 84/2022 - UASG 154051 - UFV-VICOSA</p><p>Nº Processo: 23114.917756/2021-41.</p><p>Pregão Nº 54/2022. Contratante: UNIVERSIDADE FEDERAL DE VICOSA.</p><p>Contratado: 08.491.163/0001-26 - RIO MINAS - TERCEIRIZACAO E ADMINISTRACAO DE SERVICOS. Objeto: Contratação de serviços continuados de manutenção veicular e de frentista, com disponibilização de mão de obra em regime de dedicação exclusiva,.</p><p>Fundamento Legal: LEI 10.520 / 2002 - Artigo: 1. Vigência: 05/09/2022 a 04/09/2023. Valor Total: R$ 875.866,02. Data de Assinatura: 11/08/2022.</p><p>(COMPRASNET 4.0 - 19/08/2022).</p>]]></Texto>
  </body>
  <Midias />
</article></xml>