﻿<xml><article id="27733519" name="FNDE3_EDITAL DE 26 DE AGOSTO DE " idOficio="9056949" pubName="DO3" artType="Edital" pubDate="30/08/2022" artClass="00018:00042:00000:00000:00000:00000:00000:00000:00000:00000:00057:00000" artCategory="Ministério da Educação/Fundo Nacional de Desenvolvimento da Educação" artSize="12" artNotes="" numberPage="87" pdfPage="http://pesquisa.in.gov.br/imprensa/jsp/visualiza/index.jsp?data=30/08/2022&amp;jornal=530&amp;pagina=87" editionNumber="165" highlightType="" highlightPriority="" highlight="" highlightimage="" highlightimagename="" idMateria="19839444">
  <body>
    <Identifica><![CDATA[ EDITAL DE 26 DE AGOSTO DE 2022]]></Identifica>
    <Data><![CDATA[]]></Data>
    <Ementa />
    <Titulo />
    <SubTitulo />
    <Texto><![CDATA[<p class="identifica">EDITAL DE 26 DE AGOSTO DE 2022</p><p>Fica alterado o Edital de Convocação nº 01/2022 - CGPLI - PNLD 2024-2027, para o processo de inscrição de obras no âmbito do Programa Nacional do Livro e do Material Didático - PNLD, cujo extrato foi publicado no D.O.U de 29/03/2022, Seção 3, página 60, conforme abaixo:</p><p>a) exclusão do subitem 2.11, do Anexo VIII.</p><p>O texto consolidado do edital detalhado está disponível no link: https://www.gov.br/fnde/pt-br/acesso-a-informacao/acoes-e-programas/programas/programas-do-livro/consultas-editais/editais/edital-no-01-2022-cgpli-pnld-2024-2027</p><p class="assina">MARCELO LOPES DA PONTE</p><p class="cargo">Presidente do FNDE</p>]]></Texto>
  </body>
  <Midias />
</article></xml>