﻿<xml><article id="27733384" name="AVISO DE APLICAAAO DE PENALIDADE" idOficio="9056845" pubName="DO3" artType="Aviso de Julgamento" pubDate="30/08/2022" artClass="00018:00051:00025:00000:00000:00000:00000:00000:00000:00000:00154:00000" artCategory="Ministério da Educação/Instituto Federal de Educação, Ciência e Tecnologia do Ceará/Campus Fortaleza" artSize="12" artNotes="" numberPage="91" pdfPage="http://pesquisa.in.gov.br/imprensa/jsp/visualiza/index.jsp?data=30/08/2022&amp;jornal=530&amp;pagina=91" editionNumber="165" highlightType="" highlightPriority="" highlight="" highlightimage="" highlightimagename="" idMateria="19839405">
  <body>
    <Identifica><![CDATA[ AVISO  DE PENALIDADE]]></Identifica>
    <Data><![CDATA[]]></Data>
    <Ementa />
    <Titulo />
    <SubTitulo />
    <Texto><![CDATA[<p></p><p class="identifica">AVISO DE PENALIDADE</p><p>ESPÉCIE: PENALIDADE</p><p>CONTRATANTE: INSTITUTO FEDERAL DE EDUCAÇÃO, CIÊNCIA E TECNOLOGIA DO CEARÁ-IFCE-CAMPUS FORTALEZA. Comunica que o Diretor Geral do campus Fortaleza IFCE, em função do que consta no Processo 23256.004289/2022-53, decidiu, após observados os procedimentos previstos nas normas pertinentes ao caso, aplicar à empresa SILNEI LEOCADIO ME, sediado na Rua Coronel Mozart Gondim, 870 A - Bairro São Geraldo, CEP: 60.320-250 - Fortaleza -CE, BRASIL-BR, devidamente inscrita no CNPJ nº 26.774.502/0001-63, "A penalidade de multa compensatória de 10% (dez por cento) sobre o valor total do contrato, pela inexecução total do objeto, e cumulativamente com o impedimento do direito de licitar e contratar com a união e descredenciamento do SICAF pelo período de 12 (doze) meses"</p><p class="assina">José Eduardo Souza Bastos</p><p class="cargo">Diretor-Geral</p>]]></Texto>
  </body>
  <Midias />
</article></xml>