﻿<xml><article id="27733007" name="AVISO PENALIDADE 2" idOficio="9056680" pubName="DO3" artType="Aviso" pubDate="30/08/2022" artClass="00045:00016:00000:00000:00000:00000:00000:00000:00000:00000:00108:00000" artCategory="Defensoria Pública da União/Secretaria-Geral Executiva" artSize="12" artNotes="" numberPage="251" pdfPage="http://pesquisa.in.gov.br/imprensa/jsp/visualiza/index.jsp?data=30/08/2022&amp;jornal=530&amp;pagina=251" editionNumber="165" highlightType="" highlightPriority="" highlight="" highlightimage="" highlightimagename="" idMateria="19839209">
  <body>
    <Identifica><![CDATA[ Aviso de Penalidade]]></Identifica>
    <Data><![CDATA[]]></Data>
    <Ementa />
    <Titulo />
    <SubTitulo />
    <Texto><![CDATA[<p class="identifica">Aviso de Penalidade</p><p>A Defensoria Pública-Geral da União, respeitado o devido processo legal, aplica à empresa Ativa Terceirização Ltda., CNPJ nº 08.900.850/0001-58, a sanção de multa no valor de R$ 913,00 (novecentos e treze reais), correspondente a 0,4% (quatro décimos), calculada sobre o valor mensal do Contrato, por ocorrência e por dia de inadimplência, cumulada com a suspensão temporária de participação em licitação e impedimento de contratar com a Defensoria Pública da União, pelo prazo de 2 (dois) anos, conforme previsto na Cláusula Décima Quarta do Contrato nº 006/2020, que remete ao item 15, subitens 15.2.3 e 15.14 (item 8, tabela 2, correspondente ao Grau 2, tabela 1) do Termo de Referencia, Anexo I do Edital do Pregão Eletrônico nº 109/2019, com fulcro nos incisos II e III do artigo 87 da Lei nº 8.666/1993, em razão do inadimplemento das suas obrigações trabalhistas, previdenciárias, bem como a falta de pagamento do repasse da contribuição recolhida dos empregados ao FGTS e INSS, com o respectivo registro das sanções no SICAF.</p><p class="assina">Leonardo de Castro Trindade</p><p class="cargo">Secretário-Geral Executivo</p>]]></Texto>
  </body>
  <Midias />
</article></xml>