﻿<xml><article id="27764146" name="2022-08-29/9056828/COMPRASNETWS_" idOficio="9056828" pubName="DO3" artType="Extrato de Termo Aditivo" pubDate="30/08/2022" artClass="00018:00154:00000:00000:00000:00000:00000:00000:00000:00000:00054:00001" artCategory="Ministério da Educação/Universidade Federal de Uberlândia" artSize="12" artNotes="" numberPage="171" pdfPage="http://pesquisa.in.gov.br/imprensa/jsp/visualiza/index.jsp?data=30/08/2022&amp;jornal=530&amp;pagina=171" editionNumber="165" highlightType="" highlightPriority="" highlight="" highlightimage="" highlightimagename="" idMateria="19839386">
  <body>
    <Identifica><![CDATA[ EXTRATO DE TERMO ADITIVO Nº 2/2022 - UASG 154043]]></Identifica>
    <Data><![CDATA[]]></Data>
    <Ementa />
    <Titulo />
    <SubTitulo />
    <Texto><![CDATA[<p class="identifica">EXTRATO DE TERMO ADITIVO Nº 2/2022 - UASG 154043</p><p>Número do Contrato: 56/2020.</p><p>Nº Processo: 23117.028713/2020-88.</p><p>Pregão. Nº 89/2020. Contratante: FUNDACAO UNIVERSIDADE FEDERAL DE UBERLANDIA. Contratado: 01.432.068/0001-02 - APIS SOLUCOES TECNOLOGIA DA INFORMACAO LTDA - EPP. Objeto: Prorrogar a vigência contratual de 11/11/2022 até 11/11/2023, sem reajuste de preços e alterar a cláusula décima segunda do contrato original para incluir a previsão da possibilidade de cessão de créditos decorrentes da contratação.. Vigência: 11/11/2022 a 11/11/2023. Valor Total Atualizado do Contrato: R$ 78.840,00. Data de Assinatura: 24/08/2022.</p><p>(COMPRASNET 4.0 - 24/08/2022).</p>]]></Texto>
  </body>
  <Midias />
</article></xml>