﻿<xml><article id="27764167" name="2022-08-29/9056769/COMPRASNETWS_" idOficio="9056769" pubName="DO3" artType="Extrato de Apostilamento" pubDate="30/08/2022" artClass="00018:00116:00000:00000:00000:00000:00000:00000:00000:00000:00143:00001" artCategory="Ministério da Educação/Universidade Federal Rural do Semi-Árido" artSize="12" artNotes="" numberPage="145" pdfPage="http://pesquisa.in.gov.br/imprensa/jsp/visualiza/index.jsp?data=30/08/2022&amp;jornal=530&amp;pagina=145" editionNumber="165" highlightType="" highlightPriority="" highlight="" highlightimage="" highlightimagename="" idMateria="19839308">
  <body>
    <Identifica><![CDATA[ EXTRATO DE APOSTILAMENTO Nº 1/2022 - UASG 153033]]></Identifica>
    <Data><![CDATA[]]></Data>
    <Ementa />
    <Titulo />
    <SubTitulo />
    <Texto><![CDATA[<p class="identifica">EXTRATO DE APOSTILAMENTO Nº 1/2022 - UASG 153033</p><p>Número do Contrato: 24/2019.</p><p>Nº Processo: 23091.002341/2019-36.</p><p>Contratante: UNIVERSIDADE FEDERAL RURAL DO SEMI-ARIDO - RN. Contratado: 04.999.366/0001-77 - AM SERVICOS E LOCACAO DE EQUIPAMENTOS DE INFORMATICA EI. Objeto: Tem por objeto a atualização monetária de valor previsto na cláusula terceira do contrato nº 24/2019, em conformidade com índice de custo da tecnologia da informação (icti) do período (maio/2021 - abr/2022), no percentuatl de 5,77%, acumulado nos últimos doze meses.. Vigência: 11/08/2019 a 12/08/2023. Valor Total Atualizado do Contrato: R$ 436.604,87. Data de Assinatura: 24/08/2022.</p><p>(COMPRASNET 4.0 - 24/08/2022).</p>]]></Texto>
  </body>
  <Midias />
</article></xml>