﻿<xml><article id="27732650" name="RevogaAAo_item 4_PregAo_23-2021_" idOficio="9056342" pubName="DO3" artType="Aviso de Revogação" pubDate="30/08/2022" artClass="00047:00015:00000:00000:00000:00000:00000:00000:00000:00000:00088:00000" artCategory="Poder Judiciário/Tribunal Regional Eleitoral do Amazonas" artSize="12" artNotes="" numberPage="259" pdfPage="http://pesquisa.in.gov.br/imprensa/jsp/visualiza/index.jsp?data=30/08/2022&amp;jornal=530&amp;pagina=259" editionNumber="165" highlightType="" highlightPriority="" highlight="" highlightimage="" highlightimagename="" idMateria="19838598">
  <body>
    <Identifica><![CDATA[ AVISO DE REVOGAÇÃO]]></Identifica>
    <Data><![CDATA[]]></Data>
    <Ementa />
    <Titulo />
    <SubTitulo />
    <Texto><![CDATA[<p class="identifica">AVISO DE REVOGAÇÃO</p><p class="identifica">PREGÃO ELETRÔNICO Nº 23/2021</p><p>O Tribunal Regional Eleitoral do Amazonas torna pública REVOGAÇÃO da decisão que homologou o Pregão eletrônico nº 23/2021 (PAD nº 7859/2021 - documento nº 148647/2021), em favor da empresa RAG COMÉRCIO DE PRODUTOS ALIMENTÍCIOS LTDA., inscrita sob o CNPJ nº 37.528.463/0001-30, tão somente em relação ao item 4, com consequente LIBERAÇÃO da referida empresa, do compromisso de registrar o preço ofertado em Ata de Registro de Preços. DATA DA REVOGAÇÃO: 08/08/2022, pelo seu Presidente, Des. Jorge Manoel Lopes Lins.</p><p class="assina">MELISSA LAVAREDA RAMOS NOGUEIRA</p><p class="cargo">Diretora-Geral</p>]]></Texto>
  </body>
  <Midias />
</article></xml>