﻿<xml><article id="27765123" name="2022-08-28/9056422/SICONV_198388" idOficio="9056422" pubName="DO3" artType="Extrato de Convênio" pubDate="30/08/2022" artClass="00007:00049:00000:00000:00000:00000:00000:00000:00000:00000:00032:00001" artCategory="Ministério da Agricultura, Pecuária e Abastecimento/Secretaria de Inovação, Desenvolvimento Sustentável e Irrigação" artSize="12" artNotes="" numberPage="8" pdfPage="http://pesquisa.in.gov.br/imprensa/jsp/visualiza/index.jsp?data=30/08/2022&amp;jornal=530&amp;pagina=8" editionNumber="165" highlightType="" highlightPriority="" highlight="" highlightimage="" highlightimagename="" idMateria="19838834">
  <body>
    <Identifica><![CDATA[ EXTRATO DE TERMO ADITIVO]]></Identifica>
    <Data><![CDATA[]]></Data>
    <Ementa />
    <Titulo />
    <SubTitulo />
    <Texto><![CDATA[<p class="identifica">EXTRATO DE TERMO ADITIVO</p><p>Espécie: Termo Aditivo de Alteração da Vigência Nº 000001/2022 ao Convênio Nº 901213/2020. Convenentes: Concedente: MINISTÉRIO DA AGRICULTURA, PECUARIA E ABASTECIMENTO, Unidade Gestora: 130005. Convenente: NUCLEO DE GERENCIAMENTO DO PARA RURAL - NGPR, CNPJ nº 07825502000109. ADITIVO DE PRAZO. Valor Total: R$ 1.302.142,50, Valor de Contrapartida: R$ 12.892,50, Vigência: 26/08/2022 a 30/08/2023. Data de Assinatura: 31/12/2020. Signatários: Concedente: CLEBER OLIVEIRA SOARES, CPF nº 61672793572, Convenente: FELIPE COELHO PICANCO, CPF nº 943.008.792-49.</p>]]></Texto>
  </body>
  <Midias />
</article></xml>