﻿<xml><article id="27765312" name="2022-08-29/9056724/COMPRASNETWS_" idOficio="9056724" pubName="DO3" artType="Extrato de Termo Aditivo" pubDate="30/08/2022" artClass="00018:00052:00016:00000:00000:00000:00000:00000:00000:00000:00054:00001" artCategory="Ministério da Educação/Instituto Federal de Educação, Ciência e Tecnologia do Espírito Santo/Campus São Mateus" artSize="12" artNotes="" numberPage="92" pdfPage="http://pesquisa.in.gov.br/imprensa/jsp/visualiza/index.jsp?data=30/08/2022&amp;jornal=530&amp;pagina=92" editionNumber="165" highlightType="" highlightPriority="" highlight="" highlightimage="" highlightimagename="" idMateria="19839262">
  <body>
    <Identifica><![CDATA[ EXTRATO DE TERMO ADITIVO Nº 3/2022 - UASG 158423]]></Identifica>
    <Data><![CDATA[]]></Data>
    <Ementa />
    <Titulo />
    <SubTitulo />
    <Texto><![CDATA[<p class="identifica">EXTRATO DE TERMO ADITIVO Nº 3/2022 - UASG 158423</p><p>Número do Contrato: 4/2019.</p><p>Nº Processo: 23157.000618/2018-29.</p><p>Pregão. Nº 3/2019. Contratante: INST.FED. ESPIRITO SANTO/CAMPUS SAO MATEUS. Contratado: 14.932.134/0001-55 - SOLUCAO SERVICOS GERAIS LTDA. Objeto: Prorrogação do prazo de vigência do Contrato nº 04/2019, nos termos de sua Cláusula Segunda, conforme faculta a legislação vigente. Vigência: 02/09/2022 a 01/10/2022. Valor Total Atualizado do Contrato: R$ 40.763,62. Data de Assinatura: 26/08/2022.</p><p>(COMPRASNET 4.0 - 26/08/2022).</p>]]></Texto>
  </body>
  <Midias />
</article></xml>