﻿<xml><article id="27765411" name="2022-08-29/9056610/COMPRASNETWS_" idOficio="9056610" pubName="DO3" artType="Extrato de Nota de Empenho" pubDate="30/08/2022" artClass="00047:00025:00000:00000:00000:00000:00000:00000:00000:00000:00136:00001" artCategory="Poder Judiciário/Tribunal Regional Eleitoral do Pará" artSize="12" artNotes="" numberPage="263" pdfPage="http://pesquisa.in.gov.br/imprensa/jsp/visualiza/index.jsp?data=30/08/2022&amp;jornal=530&amp;pagina=263" editionNumber="165" highlightType="" highlightPriority="" highlight="" highlightimage="" highlightimagename="" idMateria="19839139">
  <body>
    <Identifica><![CDATA[ EXTRATO DE NOTA DE EMPENHO]]></Identifica>
    <Data><![CDATA[]]></Data>
    <Ementa />
    <Titulo />
    <SubTitulo />
    <Texto><![CDATA[<p class="identifica">EXTRATO DE NOTA DE EMPENHO</p><p>Processo nº 0009767-56.2022.6.14.8000. Contratada: R MASTER COMERCIO DE ALIMENTOS EIRELI, CNPJ: 26.892.930/0001-90. Objeto: cobrir despesa com aquisição de material de consumo (gênero alimentício - açúcar). Nota de Empenho: 2022NE000762, assinada em 19/08/2022. Valor global: R$ 39.000,00. PTRES: 167864; ND 339030. Referência Legal: ARP n.º 45/2022, PE nº 18/2022 - TRE-PA. Autorizado em 18/08/2022, por EDUARDO SOUSA DE ARAÚJO, Diretor-Geral substituto (1649368).</p>]]></Texto>
  </body>
  <Midias />
</article></xml>