﻿<xml><article id="27736079" name="V07621 - Extrato Termo Aditivo -" idOficio="9056290" pubName="DO3" artType="Extrato de Termo Aditivo" pubDate="30/08/2022" artClass="00048:00281:00000:00000:00000:00000:00000:00000:00000:00000:00054:00000" artCategory="Entidades de Fiscalização do Exercício das Profissões Liberais/Conselho Regional de Engenharia e Agronomia de São Paulo" artSize="12" artNotes="" numberPage="287" pdfPage="http://pesquisa.in.gov.br/imprensa/jsp/visualiza/index.jsp?data=30/08/2022&amp;jornal=530&amp;pagina=287" editionNumber="165" highlightType="" highlightPriority="" highlight="" highlightimage="" highlightimagename="" idMateria="19838425">
  <body>
    <Identifica><![CDATA[ EXTRATO DE TERMO ADITIVO]]></Identifica>
    <Data><![CDATA[]]></Data>
    <Ementa />
    <Titulo />
    <SubTitulo />
    <Texto><![CDATA[<p class="identifica">EXTRATO DE TERMO ADITIVO</p><p>Espécie: Terceiro Termo Aditivo e de Prorrogação, firmado entre o CREA-SP e a empresa SENIOR SISTEMAS S/A - CNPJ: 80.680.093/0001-81. Objeto: Prorrogar o contrato C-028/2019 pelo período de mais 12 meses ao custo mensal de R$ 46.130,43. Processo: V-076/2021 e L-073/2019. Data da Assinatura: 15/07/2022</p>]]></Texto>
  </body>
  <Midias />
</article></xml>