﻿<xml><article id="27767105" name="2022-08-29/9056971/COMPRASNETWS_" idOficio="9056971" pubName="DO3" artType="Extrato de Termo Aditivo" pubDate="30/08/2022" artClass="00018:00125:00033:00000:00000:00000:00000:00000:00000:00000:00054:00001" artCategory="Ministério da Educação/Universidade Tecnológica Federal do Paraná/Campus Santa Helena" artSize="12" artNotes="" numberPage="152" pdfPage="http://pesquisa.in.gov.br/imprensa/jsp/visualiza/index.jsp?data=30/08/2022&amp;jornal=530&amp;pagina=152" editionNumber="165" highlightType="" highlightPriority="" highlight="" highlightimage="" highlightimagename="" idMateria="19839492">
  <body>
    <Identifica><![CDATA[ EXTRATO DE TERMO ADITIVO Nº 2/2022 - UASG 154852]]></Identifica>
    <Data><![CDATA[]]></Data>
    <Ementa />
    <Titulo />
    <SubTitulo />
    <Texto><![CDATA[<p class="identifica">EXTRATO DE TERMO ADITIVO Nº 2/2022 - UASG 154852</p><p>Número do Contrato: 3/2020.</p><p>Nº Processo: 23064.030588/2020-39.</p><p>Pregão. Nº 7/2020. Contratante: UTFPR CAMPUS SANTA HELENA. Contratado: 15.501.021/0001-68 - EVANDRO GENERO. Objeto: O presente termo aditivo tem por objeto a alteração da cláusula segunda - vigência. Vigência: 22/09/2022 a 21/09/2023. Valor Total Atualizado do Contrato: R$ 235.124,52. Data de Assinatura: 23/08/2022.</p><p>(COMPRASNET 4.0 - 23/08/2022).</p>]]></Texto>
  </body>
  <Midias />
</article></xml>