﻿<xml><article id="27733618" name="Extrato de contrato FAMILIA 26-0" idOficio="9056967" pubName="DO3" artType="Extrato de Contrato" pubDate="30/08/2022" artClass="00052:00005:00039:00000:00000:00000:00000:00000:00000:00000:00031:00000" artCategory="Prefeituras/Estado da Bahia/Prefeitura Municipal de Alagoinhas" artSize="12" artNotes="" numberPage="326" pdfPage="http://pesquisa.in.gov.br/imprensa/jsp/visualiza/index.jsp?data=30/08/2022&amp;jornal=530&amp;pagina=326" editionNumber="165" highlightType="" highlightPriority="" highlight="" highlightimage="" highlightimagename="" idMateria="19839475">
  <body>
    <Identifica><![CDATA[ EXTRATO DE CONTRATO]]></Identifica>
    <Data><![CDATA[]]></Data>
    <Ementa />
    <Titulo />
    <SubTitulo />
    <Texto><![CDATA[<p class="identifica">EXTRATO DE CONTRATO</p><p>Contrato nº. 299/2022 - Contratante: Município de Alagoinhas - CNPJ/MF n.º 13.646.005/0001-38 - Contratada: FAMILIA SERVIÇOS EM SAÚDE EIRELI - CNPJ/MF n.º 27.709.137/0001-76 - Procedimento Licitatório: Credenciamento n.º 003/2021 - Objeto: Credenciamento de profissionais médicos para prestação de serviços de saúde, de forma complementar e excepcional junto ao Sistema Único de Saúde, que tenham habilitação para o exercício das funções previstas no edital, para atuação nas unidades de saúde, vinculadas à Secretaria Municipal da Saúde de Alagoinhas - Valor estimado: R$ 144.000,00(cento e quarenta e quatro mil reais) - Data de Assinatura: 01/08/2022.</p>]]></Texto>
  </body>
  <Midias />
</article></xml>