﻿<xml><article id="27733040" name="HOJE -31136 PREFEITURA MUNICIPAL" idOficio="9056382" pubName="DO3" artType="Aviso" pubDate="30/08/2022" artClass="00052:00012:00396:00000:00000:00000:00000:00000:00000:00000:00108:00000" artCategory="Prefeituras/Estado de Minas Gerais/PREFEITURA MUNICIPAL DE DORES DO INDAIÁ" artSize="12" artNotes="" numberPage="376" pdfPage="http://pesquisa.in.gov.br/imprensa/jsp/visualiza/index.jsp?data=30/08/2022&amp;jornal=530&amp;pagina=376" editionNumber="165" highlightType="" highlightPriority="" highlight="" highlightimage="" highlightimagename="" idMateria="19838782">
  <body>
    <Identifica><![CDATA[ EXTRATO DE TERMO ADITIVO (*)]]></Identifica>
    <Data><![CDATA[]]></Data>
    <Ementa />
    <Titulo />
    <SubTitulo />
    <Texto><![CDATA[<p class="identifica">EXTRATO DE TERMO ADITIVO (*)</p><p>Tomada de Preços Nº 10/2022</p><p>Primeiro termo aditivo do Contrato nº104/2022 do PRC nº 081/2022, TP nº 010/2022, para contratação de empresa especializada para execução de obras de pavimentação asfáltica em CBUQ, em trechos das ruas José Argemiro de Moura, Rio Grande do Norte, Ceará, Piauí e Maranhão, localizadas em Dores do Indaiá-MG, nos termos do convênio nº911453/2021, celebrado entre o ministério do desenvolvimento regional - MDR, por intermédio da Caixa Econômica Federal e o município de Dores do Indaiá-MG. Empresa Vencedora: L M EMPREENDIMENTOS E CONSULTORIA EIRELI, CNPJ: 32.109.890/0001-60 , promovendo o reequilíbrio econômico-financeiro da relação contratual, em consonância com a margem de lucratividade inicial e planilha orçamentária de custos apresentada, acatando parecer técnico exarado pelo setor de Engenharia, perfazendo o valor global de R$ 830.351,94 (oitocentos e trinta mil trezentos e cinquenta e um reais e noventa e quatro centavos), decorrente do valor realinhado de R$251.769,94 (duzentos e cinquenta e um mil setecentos e sessenta e nove reais e noventa e quatro centavos), nos termos do Art. 37, XXI, da CF/88 c/c Art. 65, II, 'd', da Lei 8666/93. Dores do Indaiá, 25/08/2022. Samira dos Reis Alcamand Silva - Pregoeira.</p><p class="nota">N. da Codou: Publicado nesta data por ter sido omitido do DOU de 26/8/2022.</p>]]></Texto>
  </body>
  <Midias />
</article></xml>