﻿<xml><article id="27733037" name="EXTRATO DO CONTRATO NA 59_2022" idOficio="9056669" pubName="DO3" artType="Extrato de Contrato" pubDate="30/08/2022" artClass="00018:00108:00000:00000:00000:00000:00000:00000:00000:00000:00031:00000" artCategory="Ministério da Educação/Universidade Federal do Recôncavo da Bahia" artSize="12" artNotes="" numberPage="126" pdfPage="http://pesquisa.in.gov.br/imprensa/jsp/visualiza/index.jsp?data=30/08/2022&amp;jornal=530&amp;pagina=126" editionNumber="165" highlightType="" highlightPriority="" highlight="" highlightimage="" highlightimagename="" idMateria="19839198">
  <body>
    <Identifica><![CDATA[ EXTRATO De CONTRATO Nº 58/2022]]></Identifica>
    <Data><![CDATA[]]></Data>
    <Ementa />
    <Titulo />
    <SubTitulo />
    <Texto><![CDATA[<p class="identifica">EXTRATO De CONTRATO Nº 58/2022</p><p>Processo nº 23007.00020191/2022-45. Espécie: Contrato Temporário de Trabalho de Professor Substituto. Contratante: UNIVERSIDADE FEDERAL DO RECÔNCAVO DA BAHIA. CNPJ: 07777800/0001-62. Contratado(a): BASÍLIO FERNANDEZ FERNANDEZ. CPF: 44XXXXX9568 Objeto: ministrar aulas no Centro de Ciência e Tecnologia em Energia e Sustentabilidade. Vigência: 29/08/2022 a 10/01/2023, podendo ser prorrogado a critério da Universidade, vedada a ultrapassagem do prazo máximo de 24 (vinte e quatro) meses. Retribuição mensal: R$ 4.304,92, importância equivalente à remuneração de Professor Classe A, Assistente, Nível 1, em regime de 40 (quarenta) horas semanais de trabalho. Fundamento legal: inciso IV e § 1º do art. 2º da Lei nº 8.745/93. Data da assinatura do contrato: 22/08/2022. Signatários: Prof. FÁBIO JOSUÉ SOUZA DOS SANTOS - Reitor e BASÍLIO FERNANDEZ FERNANDEZ -Contratado(a).</p><p class="identifica">EXTRATO De CONTRATO Nº 59/2022</p><p>Processo nº 23007.00020400/2022-28Espécie: Contrato Temporário de Trabalho de Professor Substituto. Contratante: UNIVERSIDADE FEDERAL DO RECÔNCAVO DA BAHIA. CNPJ: 07777800/0001-62. Contratado(a)JOBERTH LUIZ SILVA SANTOS, CPF: 06XXXXX9507 Objeto: ministrar aulas no Centro de Ciências Exatas e Tecnológicas. Vigência: 29/08/2022 a 10/01/2023, podendo ser prorrogado a critério da Universidade, vedada a ultrapassagem do prazo máximo de 24 (vinte e quatro) meses. Retribuição mensal: R$3.600,48, importância equivalente à remuneração de Professor Classe A, Auxiliar, Nível 1, em regime de 40 (quarenta) horas semanais de trabalho. Fundamento legal: inciso IV e § 1º do art. 2º da Lei nº 8.745/93. Data da assinatura do contrato: 22/08/2022. Signatários: Prof. FÁBIO JOSUÉ SOUZA DOS SANTOS - Reitor e JOBERTH LUIZ SILVA SANTOS-Contratado(a).</p>]]></Texto>
  </body>
  <Midias />
</article></xml>