﻿<xml><article id="27761232" name="2022-08-28/9056388/SICONV_198387" idOficio="9056388" pubName="DO3" artType="Extrato de Convênio" pubDate="30/08/2022" artClass="00007:00049:00000:00000:00000:00000:00000:00000:00000:00000:00032:00001" artCategory="Ministério da Agricultura, Pecuária e Abastecimento/Secretaria de Inovação, Desenvolvimento Sustentável e Irrigação" artSize="12" artNotes="" numberPage="7" pdfPage="http://pesquisa.in.gov.br/imprensa/jsp/visualiza/index.jsp?data=30/08/2022&amp;jornal=530&amp;pagina=7" editionNumber="165" highlightType="" highlightPriority="" highlight="" highlightimage="" highlightimagename="" idMateria="19838799">
  <body>
    <Identifica><![CDATA[ EXTRATO DE TERMO ADITIVO]]></Identifica>
    <Data><![CDATA[]]></Data>
    <Ementa />
    <Titulo />
    <SubTitulo />
    <Texto><![CDATA[<p class="identifica">EXTRATO DE TERMO ADITIVO</p><p>Espécie: Termo Aditivo de Alteração da Vigência Nº 000001/2022 ao Convênio Nº 903483/2020. Convenentes: Concedente: MINISTÉRIO DA AGRICULTURA, PECUARIA E ABASTECIMENTO, Unidade Gestora: 130141. Convenente: SECRETARIA DE AGRICULTURA, PECUARIA E DESENVOLVIMENTO RURAL, CNPJ nº 93021632000112. SOLICITAMOS PRORROGAÇÃO DO PRAZO DE VIGÊNCIA DO INSTRUMENTO ATÉ 31 DE MARÇO DE 2023. Valor Total: R$ 292.350,00, Valor de Contrapartida: R$ 5.850,00, Vigência: 26/08/2022 a 02/04/2023. Data de Assinatura: 31/12/2020. Signatários: Concedente: CLEBER OLIVEIRA SOARES, CPF nº 61672793572, Convenente: SILVANA MARIA FRANCISCATTO COVATTI, CPF nº 422.479.770-49.</p>]]></Texto>
  </body>
  <Midias />
</article></xml>