﻿<xml><article id="27733004" name="CTT 19_22 + ARP 08_21 TA2- extra" idOficio="9056454" pubName="DO3" artType="Extrato" pubDate="30/08/2022" artClass="00047:00063:00000:00000:00000:00000:00000:00000:00000:00000:00172:00000" artCategory="Poder Judiciário/Tribunal Regional do Trabalho da 23ª Região" artSize="12" artNotes="" numberPage="276" pdfPage="http://pesquisa.in.gov.br/imprensa/jsp/visualiza/index.jsp?data=30/08/2022&amp;jornal=530&amp;pagina=276" editionNumber="165" highlightType="" highlightPriority="" highlight="" highlightimage="" highlightimagename="" idMateria="19838885">
  <body>
    <Identifica><![CDATA[ EXTRATO DE CONTRATO]]></Identifica>
    <Data><![CDATA[]]></Data>
    <Ementa />
    <Titulo />
    <SubTitulo />
    <Texto><![CDATA[<p></p><p class="identifica">EXTRATO DE CONTRATO</p><p>Proad 7490/2021. Contrato 19/2022. OBJETO: Aquisição de monitores de vídeo tipo 1 com garantia e suporte técnico on-site de 36 meses. CONTRATADA: Northware Comércio e Serviços Ltda. CNPJ: 37.131.927/0002-51. VALOR R$ 695.695,80. ASSINATURA: 23/08/2022. VIGÊNCIA: 12 meses, de 24/08/2022 a 24/08/2023. FUNDAMENTAÇÃO LEGAL: Leis 8666/93, 8.078/90 e 13.655/18 e os Decretos 7.892/13 e 10.024/19. PROGRAMA DE TRABALHO: PTRES 168279. SIGNATÁRIOS: Marlon Carvalho de Sousa Rocha/TRT; Odair Rossetto/Contratada.</p><p class="identifica">EXTRATO DE TERMO ADITIVO</p><p>Proads 5572/2020 e 7578/2021. 2º Termo Aditivo à ARP 08/2021 - PE 17/2021. OBJETO: Transferir o quantitativo de 400 unidades, do Lote 02, da ARP n. 08/2021 do TRT 11 para o TRT18, nos termos da Instrução Normativa nº 06, de 25 de julho de 2014, da Secretária De Logística e Tecnologia da Informação do Ministério do Planejamento, Orçamento e Gestão. FORNECEDOR: Lenovo Comercial e Distribuição Ltda, CNPJ: 22.797.545/0001-03. ASSINATURA: 16/08/2022. SIGNATÁRIOS: Cícera Maria Pereira Zanca/TRT; Augusto Rosa Filho e Ivan Feliz da Nobrega/Fornecedor.</p>]]></Texto>
  </body>
  <Midias />
</article></xml>