﻿<xml><article id="27766049" name="2022-08-29/9056621/COMPRASNETWS_" idOficio="9056621" pubName="DO3" artType="Extrato de Contrato" pubDate="30/08/2022" artClass="00026:00002:00011:00006:00000:00000:00000:00000:00000:00000:00031:00001" artCategory="Ministério da Saúde/Secretaria Executiva/Departamento de Logística em Saúde/Coordenação-Geral de Licitações e Contratos de Insumos Estratégicos para Saúde" artSize="12" artNotes="" numberPage="202" pdfPage="http://pesquisa.in.gov.br/imprensa/jsp/visualiza/index.jsp?data=30/08/2022&amp;jornal=530&amp;pagina=202" editionNumber="165" highlightType="" highlightPriority="" highlight="" highlightimage="" highlightimagename="" idMateria="19839150">
  <body>
    <Identifica><![CDATA[ EXTRATO DE CONTRATO Nº 227/2022 - UASG 250005]]></Identifica>
    <Data><![CDATA[]]></Data>
    <Ementa />
    <Titulo />
    <SubTitulo />
    <Texto><![CDATA[<p class="identifica">EXTRATO DE CONTRATO Nº 227/2022 - UASG 250005</p><p>Nº Processo: 25000.078364/2021-69.</p><p>Pregão Nº 160/2021. Contratante: DEPARTAMENTO DE LOGISTICA EM SAUDE - DLOG.</p><p>Contratado: 50.248.780/0013-03 - ABBOTT DIAGNOSTICOS RAPIDOS S.A.. Objeto: Aquisição de Reagentes para diagnóstico clínico.</p><p>Fundamento Legal: LEI 10.520 / 2002 - Artigo: 1. Vigência: 25/08/2022 a 25/08/2023. Valor Total: R$ 5.302.500,48. Data de Assinatura: 25/08/2022.</p><p>(COMPRASNET 4.0 - 29/08/2022).</p>]]></Texto>
  </body>
  <Midias />
</article></xml>