﻿<xml><article id="27732599" name="PUBLICAAAO" idOficio="9056723" pubName="DO3" artType="Extrato de Termo Aditivo" pubDate="30/08/2022" artClass="00013:00011:00037:00000:00000:00000:00000:00000:00000:00000:00054:00000" artCategory="Ministério da Defesa/Comando do Exército/Fundação Habitacional do Exército" artSize="12" artNotes="" numberPage="50" pdfPage="http://pesquisa.in.gov.br/imprensa/jsp/visualiza/index.jsp?data=30/08/2022&amp;jornal=530&amp;pagina=50" editionNumber="165" highlightType="" highlightPriority="" highlight="" highlightimage="" highlightimagename="" idMateria="19839261">
  <body>
    <Identifica><![CDATA[ Extratos de Termos Aditivos]]></Identifica>
    <Data><![CDATA[]]></Data>
    <Ementa />
    <Titulo />
    <SubTitulo />
    <Texto><![CDATA[<p class="identifica">Extratos de Termos Aditivos</p><p>1º Termo Aditivo ao Contrato de Cessão à Título Oneroso de Uso de Bem Imóvel da União nº 002/BAAN/2021, firmado em 1°/02/2021, conforme Inexigibilidade nº 015/2020. Contratante: Fundação Habitacional do Exército - FHE, CNPJ: 00.643.742/0001-35. Contratada: COMANDO DA AERONÁUTICA - BASE NAVAL DE ANÁPOLIS, CNPJ: 00.394.429/0178-52. Objeto: Prorrogação do prazo de vigência do contrato por 12 (doze) meses, no período 01/02/2022 a 01/02/2023. Fundamento Legal: Art. 65, Inciso I, alínea b, da Lei nº 8.666/93. Data de assinatura do Termo Aditivo: 01/02/2022.</p><p>1° Termo Aditivo ao contrato de obras e serviços de engenharia nº 1293/2021, firmado em 04/10/2021. Processo de Inexigibilidade nº 537/2021. Contratante: Fundação Habitacional do Exército - FHE, CNPJ: 00.643.742/0001-35. Contratada: BETEL ENGENHARIA LTDA, CNPJ: 07.598.708/0001-35. Objeto: Acrescentar ao contrato original os serviços técnicos de avaliação de imóveis atendendo aos parâmetros da NBR 14653, por situação paradigma, sem a necessidade de vistoria interna ou externa, e sem deslocamento ao local do imóvel (AV5). Fundamento Legal: Art. 65, Inciso I, alínea b, da Lei nº 8.666/93. Data de assinatura do Termo Aditivo: 16/08/2022.</p><p>1° Termo Aditivo ao contrato de obras e serviços de engenharia nº 1242/2021, firmado em 23/08/2021. Processo de Inexigibilidade nº 537/2021. Contratante: Fundação Habitacional do Exército - FHE, CNPJ: 00.643.742/0001-35. Contratada: MAMCK CONSULTORIA E REPRESENTAÇÕES LTDA, CNPJ: 02.397.336/0001-65. Objeto: Acrescentar ao contrato original os serviços técnicos de avaliação de imóveis atendendo aos parâmetros da NBR 14653, por situação paradigma, sem a necessidade de vistoria interna ou externa, e sem deslocamento ao local do imóvel (AV5). Fundamento Legal: Art. 65, Inciso I, alínea b, da Lei nº 8.666/93. Data de assinatura do Termo Aditivo: 18/08/2022.</p><p>1° Termo Aditivo ao contrato de obras e serviços de engenharia nº 1300/2021, firmado em 18/10/2021. Processo de Inexigibilidade nº 537/2021. Contratante: Fundação Habitacional do Exército - FHE, CNPJ: 00.643.742/0001-35. Contratada: HAVALIA REPRESENTAÇÃO E CONSULTORIA LTDA, CNPJ: 07.474.717/0001-43. Objeto: Acrescentar ao contrato original os serviços técnicos de avaliação de imóveis atendendo aos parâmetros da NBR 14653, por situação paradigma, sem a necessidade de vistoria interna ou externa, e sem deslocamento ao local do imóvel (AV5). Fundamento Legal: Art. 65, Inciso I, alínea b, da Lei nº 8.666/93. Data de assinatura do Termo Aditivo: 18/08/2022.</p><p>1° Termo Aditivo ao contrato de obras e serviços de engenharia nº 1235/2021, firmado em 11/10/2021. Processo de Inexigibilidade nº 537/2021. Contratante: Fundação Habitacional do Exército - FHE, CNPJ: 00.643.742/0001-35. Contratada: RCE CONSTRUÇÃO CIVIL E IMOBILIÁRIA LTDA. EPP, CNPJ: 35.085.414/0001-45. Objeto: Acrescentar ao contrato original os serviços técnicos de avaliação de imóveis atendendo aos parâmetros da NBR 14653, por situação paradigma, sem a necessidade de vistoria interna ou externa, e sem deslocamento ao local do imóvel (AV5). Fundamento Legal: Art. 65, Inciso I, alínea b, da Lei nº 8.666/93. Data de assinatura do Termo Aditivo: 18/08/2022.</p><p>1° Termo Aditivo ao contrato de obras e serviços de engenharia nº 1278/2021, firmado em 27/09/2021. Processo de Inexigibilidade nº 537/2021. Contratante: Fundação Habitacional do Exército - FHE, CNPJ: 00.643.742/0001-35. Contratada: DF GODOY ENGENHARIA E CONSULTORIA LTDA - ME, CNPJ: 20.371.833/0001-76. Objeto: Acrescentar ao contrato original os serviços técnicos de avaliação de imóveis atendendo aos parâmetros da NBR 14653, por situação paradigma, sem a necessidade de vistoria interna ou externa, e sem deslocamento ao local do imóvel (AV5). Fundamento Legal: Art. 65, Inciso I, alínea b, da Lei nº 8.666/93. Data de assinatura do Termo Aditivo: 18/08/2022.</p><p>1° Termo Aditivo ao contrato de obras e serviços de engenharia nº 1262/2021, firmado em 20/09/2021. Processo de Inexigibilidade nº 537/2021. Contratante: Fundação Habitacional do Exército - FHE, CNPJ: 00.643.742/0001-35. Contratada: HOFFMANN E NOGUEIRA LTDA, CNPJ: 76.250.976/0001-84. Objeto: Acrescentar ao contrato original os serviços técnicos de avaliação de imóveis atendendo aos parâmetros da NBR 14653, por situação paradigma, sem a necessidade de vistoria interna ou externa, e sem deslocamento ao local do imóvel (AV5). Fundamento Legal: Art. 65, Inciso I, alínea b, da Lei nº 8.666/93. Data de assinatura do Termo Aditivo: 15/08/2022.</p><p>1° Termo Aditivo ao contrato de obras e serviços de engenharia nº 1259/2021, firmado em 13/09/2021. Processo de Inexigibilidade nº 537/2021. Contratante: Fundação Habitacional do Exército - FHE, CNPJ: 00.643.742/0001-35. Contratada: ANDRADE LOPES ENGENHARIA E AVALIAÇÕES LTDA - EPP, CNPJ: 03.074.611/0001-72. Objeto: Acrescentar ao contrato original os serviços técnicos de avaliação de imóveis atendendo aos parâmetros da NBR 14653, por situação paradigma, sem a necessidade de vistoria interna ou externa, e sem deslocamento ao local do imóvel (AV5). Fundamento Legal: Art. 65, Inciso I, alínea b, da Lei nº 8.666/93. Data de assinatura do Termo Aditivo: 18/08/2022.</p><p>1° Termo Aditivo ao contrato de obras e serviços de engenharia nº 1276/2021, firmado em 27/09/2021. Processo de Inexigibilidade nº 537/2021. Contratante: Fundação Habitacional do Exército - FHE, CNPJ: 00.643.742/0001-35. Contratada: N.P. PIASSI ENGENHARIA E ARQUITETURA EIRELI, CNPJ: 08.585.612/0001-03. Objeto: Acrescentar ao contrato original os serviços técnicos de avaliação de imóveis atendendo aos parâmetros da NBR 14653, por situação paradigma, sem a necessidade de vistoria interna ou externa, e sem deslocamento ao local do imóvel (AV5). Fundamento Legal: Art. 65, Inciso I, alínea b, da Lei nº 8.666/93. Data de assinatura do Termo Aditivo: 24/08/2022.</p>]]></Texto>
  </body>
  <Midias />
</article></xml>