﻿<xml><article id="27732425" name="EXTRATO_DE_AUTORIZACAO_DE_USO" idOficio="9056500" pubName="DO3" artType="Extrato de Autorização de Uso" pubDate="30/08/2022" artClass="00018:00063:00009:00000:00000:00000:00000:00000:00000:00000:00023:00000" artCategory="Ministério da Educação/Instituto Federal de Educação, Ciência e Tecnologia da Paraíba/Campus Princesa Isabel" artSize="12" artNotes="" numberPage="106" pdfPage="http://pesquisa.in.gov.br/imprensa/jsp/visualiza/index.jsp?data=30/08/2022&amp;jornal=530&amp;pagina=106" editionNumber="165" highlightType="" highlightPriority="" highlight="" highlightimage="" highlightimagename="" idMateria="19838977">
  <body>
    <Identifica><![CDATA[ EXTRATO DE AUTORIZAÇÃO]]></Identifica>
    <Data><![CDATA[]]></Data>
    <Ementa />
    <Titulo />
    <SubTitulo />
    <Texto><![CDATA[<p class="identifica">EXTRATO DE AUTORIZAÇÃO</p><p>TERMO DE AUTORIZAÇÃO DE USO REMUNERADA - UASG 158471 - IFPB/PRINCESA ISABEL</p><p>Processo Nº: 23169.001198.2022-45. UASG n°: 158471. Autorizante: INSTITUTO FEDERAL DE EDUCAÇÃO, CIÊNCIA E TECNOLOGIA DA PARAÍBA - Campus Princesa Isabel. Autorizatária: 70.223.060/0001-59 - FACULDADE DE CIÊNCIAS DE TIMBAÚBA. Objeto: O Autorizante autoriza a Autorizatária a usar instalações físicas (treze salas de aula) e bens no dia 28 de Agosto de 2022, no turno da manhã, no horário de 06:00 às 12:00. Data da Assinatura: 18/08/2022.</p><p></p>]]></Texto>
  </body>
  <Midias />
</article></xml>