﻿<xml><article id="27764482" name="2022-08-29/9056710/COMPRASNETWS_" idOficio="9056710" pubName="DO3" artType="Extrato de Termo Aditivo" pubDate="30/08/2022" artClass="00011:00044:00012:00005:00000:00000:00000:00000:00000:00000:00054:00001" artCategory="Ministério da Ciência, Tecnologia e Inovações/Comissão Nacional de Energia Nuclear/Diretoria de Pesquisa e Desenvolvimento/Centro de Desenvolvimento da Tecnologia Nuclear" artSize="12" artNotes="" numberPage="22" pdfPage="http://pesquisa.in.gov.br/imprensa/jsp/visualiza/index.jsp?data=30/08/2022&amp;jornal=530&amp;pagina=22" editionNumber="165" highlightType="" highlightPriority="" highlight="" highlightimage="" highlightimagename="" idMateria="19839248">
  <body>
    <Identifica><![CDATA[ EXTRATO DE TERMO ADITIVO Nº 24/2022 - UASG 113205]]></Identifica>
    <Data><![CDATA[]]></Data>
    <Ementa />
    <Titulo />
    <SubTitulo />
    <Texto><![CDATA[<p class="identifica">EXTRATO DE TERMO ADITIVO Nº 24/2022 - UASG 113205</p><p>Número do Contrato: 4/2019.</p><p>Nº Processo: 01346.000212/2019-67.</p><p>Pregão. Nº 2/2019. Contratante: COMISSÃO NACIONAL DE ENERGIA NUCLEAR-CDTN. Contratado: 03.506.307/0001-57 - TICKET SOLUÇÕES HDFGT S/A. Objeto: Prorrogar o prazo da vigência do contrato nº 04/2019, por 12 (doze) meses, contemplando-se, nesta ocasião, o período de 05/09/2022 a 04/09/2023, nos termos do art. 57, inciso II, da lei n.º 8.666, de 1993. Vigência: 05/09/2022 a 04/09/2023. Valor do Termo Aditivo: R$ 37.433,19. Data de Assinatura: 17/08/2022</p><p>(COMPRASNET 4.0 - 17/08/2022).</p>]]></Texto>
  </body>
  <Midias />
</article></xml>