﻿<xml><article id="27765042" name="2022-08-29/9056700/COMPRASNETWS_" idOficio="9056700" pubName="DO3" artType="Extrato de Contrato" pubDate="30/08/2022" artClass="00018:00123:00000:00000:00000:00000:00000:00000:00000:00000:00031:00001" artCategory="Ministério da Educação/Universidade Federal dos Vales do Jequitinhonha e Mucuri" artSize="12" artNotes="" numberPage="148" pdfPage="http://pesquisa.in.gov.br/imprensa/jsp/visualiza/index.jsp?data=30/08/2022&amp;jornal=530&amp;pagina=148" editionNumber="165" highlightType="" highlightPriority="" highlight="" highlightimage="" highlightimagename="" idMateria="19839237">
  <body>
    <Identifica><![CDATA[ EXTRATO DE CONTRATO Nº 17/2022 - UASG 153036]]></Identifica>
    <Data><![CDATA[]]></Data>
    <Ementa />
    <Titulo />
    <SubTitulo />
    <Texto><![CDATA[<p class="identifica">EXTRATO DE CONTRATO Nº 17/2022 - UASG 153036</p><p>Nº Processo: 23086.005644/2022-19.</p><p>Dispensa Nº 8/2022. Contratante: UNIVERSIDADE FED.VALES JEQUITINHONHA E MUCURI.</p><p>Contratado: 06.981.180/0001-16 - CEMIG DISTRIBUICAO S.A. Objeto: Contratação de empresa especializada para realização de modificação em rede elétrica urbana para atendimento da instalação das usinas solares no campus JK da UFVJM.</p><p>Fundamento Legal: LEI 8.666 / 1993 - Artigo: 24 - Inciso: I. Vigência: 26/08/2022 a 26/02/2023. Valor Total: R$ 26.159,47. Data de Assinatura: 26/08/2022.</p><p>(COMPRASNET 4.0 - 26/08/2022).</p>]]></Texto>
  </body>
  <Midias />
</article></xml>