﻿<xml><article id="27732944" name="TERMO DE ADJU E HOMO PE 0212022" idOficio="9056665" pubName="DO3" artType="Aviso de Homologação e Adjudicação" pubDate="30/08/2022" artClass="00052:00009:00089:00000:00000:00000:00000:00000:00000:00000:00078:00000" artCategory="Prefeituras/Estado do Maranhão/Prefeitura Municipal de Estreito" artSize="12" artNotes="" numberPage="357" pdfPage="http://pesquisa.in.gov.br/imprensa/jsp/visualiza/index.jsp?data=30/08/2022&amp;jornal=530&amp;pagina=357" editionNumber="165" highlightType="" highlightPriority="" highlight="" highlightimage="" highlightimagename="" idMateria="19839194">
  <body>
    <Identifica><![CDATA[ AVISO DE ADJUDICAÇÃOPREGÃO ELETRÔNICO  Nº 21/2022]]></Identifica>
    <Data><![CDATA[ Estreito, 25 de agosto de 2022.]]></Data>
    <Ementa />
    <Titulo />
    <SubTitulo />
    <Texto><![CDATA[<p class="identifica">AVISO DE ADJUDICAÇÃOPREGÃO ELETRÔNICO Nº 21/2022</p><p>O PREGOEIRO do MUNICÍPIO DE ESTREITO/MA comunica aos interessados e participantes do PREGÃO ELETRÔNICO 021/2022 referente à FUTURA E EVENTUAL AQUISIÇÃO DE 02 (DOIS) VEÍCULOS TIPO PICK UP'S 4X4 E 01 (UMA) AMBULÂNCIA TIPO A - SIMPLES REMOÇÃO TIPO PICK-UP 4X4, PARA USO DA SECRETARIA MUNICIPAL DE SAÚDE, COM RECURSOS DO FNS/MS CONFORME PROPOSTA DE AQUISIÇÃO Nº 11245.566000/1210-01, que ADJUDICA nos termos do Inciso IX do Art. 17 do Decreto nº 10.024/2019, o objeto do certame a(s) empresa(s):</p><p>Fornecedor: INNOVAR EMPREENDIMENTOS EIRELI - 36.552.751/0001-68- VALOR GLOBAL: R$ R$ 843.980,00 (Oitocentos e quarenta e três mil e novecentos e oitenta reais);</p><p class="data">Estreito, 25 de agosto de 2022.</p><p class="assina">RONILSON SILVA SOARES</p><p class="cargo">Pregoeiro</p><p class="identifica">AVISO DE HOMOLOGAÇÃOPREGÃO ELETRÔNICO Nº 21/2022</p><p>Após constatada a regularidade dos atos procedimentais, o SECRETÁRIO MUNICIPAL DE ADMINISTRAÇÃO, FINANÇAS E GESTÃO, HOMOLOGA nos termos do Inciso VI do Art. 13 do Decreto nº 10.024/2019, o resultado do procedimento licitatório em epígrafe, cujo objeto é: FUTURA E EVENTUAL AQUISIÇÃO DE 02 (DOIS) VEÍCULOS TIPO PICK UP'S 4X4 E 01 (UMA) AMBULÂNCIA TIPO A - SIMPLES REMOÇÃO TIPO PICK-UP 4X4, PARA USO DA SECRETARIA MUNICIPAL DE SAÚDE, COM RECURSOS DO FNS/MS CONFORME PROPOSTA DE AQUISIÇÃO Nº 11245.566000/1210-01.</p><p>Fornecedor: INNOVAR EMPREENDIMENTOS EIRELI - 36.552.751/0001-68- VALOR GLOBAL: R$ R$ 843.980,00 (Oitocentos e quarenta e três mil e novecentos e oitenta reais);</p><p>Nos termos do Parecer Jurídico, HOMOLOGO o presente certame, para que produza seus jurídicos e legais efeitos.</p><p class="data">Estreito-MA, 25 de agosto de 2022</p><p class="assina">PAULO ROBERTO DE LIRA DANDA</p><p class="cargo">Secretário Municipal de Administração, Finanças e Gestão</p>]]></Texto>
  </body>
  <Midias />
</article></xml>