﻿<xml><article id="27766817" name="2022-08-28/9056477/SICONV_198389" idOficio="9056477" pubName="DO3" artType="Extrato de Convênio" pubDate="30/08/2022" artClass="00007:00049:00000:00000:00000:00000:00000:00000:00000:00000:00032:00001" artCategory="Ministério da Agricultura, Pecuária e Abastecimento/Secretaria de Inovação, Desenvolvimento Sustentável e Irrigação" artSize="12" artNotes="" numberPage="10" pdfPage="http://pesquisa.in.gov.br/imprensa/jsp/visualiza/index.jsp?data=30/08/2022&amp;jornal=530&amp;pagina=10" editionNumber="165" highlightType="" highlightPriority="" highlight="" highlightimage="" highlightimagename="" idMateria="19838942">
  <body>
    <Identifica><![CDATA[ EXTRATO DE TERMO ADITIVO]]></Identifica>
    <Data><![CDATA[]]></Data>
    <Ementa />
    <Titulo />
    <SubTitulo />
    <Texto><![CDATA[<p class="identifica">EXTRATO DE TERMO ADITIVO</p><p>Espécie: Termo Aditivo de Alteração da Vigência Nº 000001/2022 ao Convênio Nº 902927/2020. Convenentes: Concedente: MINISTÉRIO DA AGRICULTURA, PECUARIA E ABASTECIMENTO, Unidade Gestora: 130005. Convenente: MUNICIPIO DE IMBUIA, CNPJ nº 83102632000193. Solicitamos prorrogação de vigência até 30/03/2023 do Convênio n. 902927/2020 - Programa Apoio a Projetos de Desenvolvimento e Fomento do Setor Agropecuário/MAPA, que objetiva a AQUISIÇÃO DE TRATOR DE. Valor Total: R$ 152.274,00, Valor de Contrapartida: R$ 9.024,00, Vigência: 18/08/2022 a 30/03/2023. Data de Assinatura: 31/12/2020. Signatários: Concedente: CLEBER OLIVEIRA SOARES, CPF nº 61672793572, Convenente: DENY SCHEIDT, CPF nº 753.532.619-68.</p>]]></Texto>
  </body>
  <Midias />
</article></xml>