﻿<xml><article id="27766907" name="2022-08-29/9056741/COMPRASNETWS_" idOficio="9056741" pubName="DO3" artType="Extrato de Termo Aditivo" pubDate="30/08/2022" artClass="00018:00105:00012:00000:00000:00000:00000:00000:00000:00000:00054:00001" artCategory="Ministério da Educação/Universidade Federal da Paraíba/Superintendência de Infraestrutura" artSize="12" artNotes="" numberPage="122" pdfPage="http://pesquisa.in.gov.br/imprensa/jsp/visualiza/index.jsp?data=30/08/2022&amp;jornal=530&amp;pagina=122" editionNumber="165" highlightType="" highlightPriority="" highlight="" highlightimage="" highlightimagename="" idMateria="19839279">
  <body>
    <Identifica><![CDATA[ EXTRATO DE TERMO ADITIVO Nº 1/2022 - UASG 153066]]></Identifica>
    <Data><![CDATA[]]></Data>
    <Ementa />
    <Titulo />
    <SubTitulo />
    <Texto><![CDATA[<p class="identifica">EXTRATO DE TERMO ADITIVO Nº 1/2022 - UASG 153066</p><p>Número do Contrato: 1/2022.</p><p>Nº Processo: 23074.120247/2021-85.</p><p>Pregão. Nº 1/2022. Contratante: SUPERINTENDENCIA DE ORCAMENTO E FINANCAS/UFPB. Contratado: 10.902.520/0001-43 - CASA LIMPA DEDETIZADORA LTDA. Objeto: Revisão da planilha de custos e formação de preços, com retirada do plano de assistência e cuidado pessoal (submódulo 2.3 - benefícios mensais e diários), em atenção à orientação constante no parecer nº 219/2022/NLC/ETRLIC/PGF/AGU; e acréscimo de 7,44% ao valor inicial atualizado do contrato, a partir da data de assinatura deste instrumento, equivalente a R$ 6.009,09 (seis mil, nove reais e nove centavos), nos moldes do art. 65, inciso i, alínea "b", § 1º, d a lei nº 8.666/1993.. Vigência: 26/08/2022 a 02/05/2023. Valor Total Atualizado do Contrato: R$ 1.041.489,72. Data de Assinatura: 26/08/2022.</p><p>(COMPRASNET 4.0 - 26/08/2022).</p>]]></Texto>
  </body>
  <Midias />
</article></xml>