﻿<xml><article id="27732827" name="SENAT - 018 - 2022 (ADIAR)" idOficio="9056714" pubName="DO3" artType="Aviso de Adiamento" pubDate="30/08/2022" artClass="00050:09362:00000:00000:00000:00000:00000:00000:00000:00000:00065:00000" artCategory="Ineditoriais/SERVICO NACIONAL DE APRENDIZAGEM DO TRANSPORTE - SENAT - RIO DE JANEIRO/RJ" artSize="12" artNotes="" numberPage="300" pdfPage="http://pesquisa.in.gov.br/imprensa/jsp/visualiza/index.jsp?data=30/08/2022&amp;jornal=530&amp;pagina=300" editionNumber="165" highlightType="" highlightPriority="" highlight="" highlightimage="" highlightimagename="" idMateria="19839252">
  <body>
    <Identifica><![CDATA[ AVISO DE LICITAÇÃO]]></Identifica>
    <Data><![CDATA[ Rio de Janeiro, 29 de agosto de 2022.]]></Data>
    <Ementa />
    <Titulo />
    <SubTitulo />
    <Texto><![CDATA[<p class="identifica">AVISO DE LICITAÇÃO</p><p class="identifica">CONCORRÊNCIA Nº 18/2022</p><p>O SENAT - SERVIÇO NACIONAL DE APRENDIZAGEM DO TRANSPORTE e o SEST - SERVIÇO SOCIAL DO TRANSPORTE, comunica aos interessados que adiará a Concorrência para selecionar empresa especializada em serviço de publicidade e propaganda, sob demanda, para atender as Unidades Operacionais do SEST SENAT vinculadas ao Conselho Regional Rio de Janeiro, conforme especificado no Edital e seus Anexos, mediante o Menor Preço. A nova data para recebimento e abertura dos envelopes contendo documentação e a proposta serão no dia 05/09/2022, às 10:00. Para retirada do Edital e acesso às demais informações, os interessados deverão dirigir-se a Unidade SEST/SENAT - A07 - Estrada do Camboatá, 135 - Deodoro - Rio de Janeiro, em até 03 (três) dias antes da data acima mencionada, no horário de 09h00min às 17:00h ou através do e-mail: licitacao.a007@sestsenat.org.br</p><p class="data">Rio de Janeiro, 29 de agosto de 2022.</p><p class="assina">COMISSÃO DE LICITAÇÃO</p>]]></Texto>
  </body>
  <Midias />
</article></xml>