﻿<xml><article id="27763969" name="2022-08-29/9056619/COMPRASNETWS_" idOficio="9056619" pubName="DO3" artType="Extrato de Termo Aditivo" pubDate="30/08/2022" artClass="00026:00040:00019:00000:00000:00000:00000:00000:00000:00000:00054:00001" artCategory="Ministério da Saúde/Fundação Oswaldo Cruz/Coordenação-Geral de Infraestrutura dos Campi" artSize="12" artNotes="" numberPage="214" pdfPage="http://pesquisa.in.gov.br/imprensa/jsp/visualiza/index.jsp?data=30/08/2022&amp;jornal=530&amp;pagina=214" editionNumber="165" highlightType="" highlightPriority="" highlight="" highlightimage="" highlightimagename="" idMateria="19839148">
  <body>
    <Identifica><![CDATA[ EXTRATO DE TERMO ADITIVO Nº 1/2022 - UASG 254462]]></Identifica>
    <Data><![CDATA[]]></Data>
    <Ementa />
    <Titulo />
    <SubTitulo />
    <Texto><![CDATA[<p class="identifica">EXTRATO DE TERMO ADITIVO Nº 1/2022 - UASG 254462</p><p>Número do Contrato: 02/2022.</p><p>Nº Processo: 25389.000505/2021-21.</p><p>Regime Diferenciado de Contratações. Nº 12/2021. Contratante: COORDENAÇÃO GERAL DE INFRAESTRUTURA DOS CAMPI. Contratado: 05.062.405/0001-78 - TERA LTDA. Objeto: Acréscimo e supressão de serviços e prorrogação dos prazos de execução e vigência.. Vigência: 10/09/2023 a 10/01/2024. Valor Total Atualizado do Contrato: R$ 467.764,68. Data de Assinatura: 26/08/2022.</p><p>(COMPRASNET 4.0 - 26/08/2022).</p>]]></Texto>
  </body>
  <Midias />
</article></xml>