﻿<xml><article id="27733426" name="pulicacao" idOficio="9056919" pubName="DO3" artType="Extrato de Acordo de Cooperação Técnica" pubDate="30/08/2022" artClass="00007:00060:00085:00000:00000:00000:00000:00000:00000:00000:00036:00000" artCategory="Ministério da Agricultura, Pecuária e Abastecimento/Empresa Brasileira de Pesquisa Agropecuária/Embrapa Suínos e Aves" artSize="12" artNotes="" numberPage="15" pdfPage="http://pesquisa.in.gov.br/imprensa/jsp/visualiza/index.jsp?data=30/08/2022&amp;jornal=530&amp;pagina=15" editionNumber="165" highlightType="" highlightPriority="" highlight="" highlightimage="" highlightimagename="" idMateria="19839418">
  <body>
    <Identifica><![CDATA[extrato de  Acordo de Cooperação técnica]]></Identifica>
    <Data><![CDATA[]]></Data>
    <Ementa />
    <Titulo />
    <SubTitulo />
    <Texto><![CDATA[<p></p><p class="identifica">extrato de Acordo de Cooperação técnica</p><p>Espécie: Extrato de Acordo de Cooperação Técnica; Partes: Embrapa Suínos e Aves (00.348.003/0065-85), COOPERATIVA DE PRODUÇÃO E CONSUMO CONCÓRDIA - COPÉRDIA (83.573.212/0001-95) e C3 EQUIPAMENTOS PARA CONSTRUÇÃO CIVIL LTDA(18.029.831/0001-51); Objeto: "Desenvolvimento de processo agropecuário de arraçoamento de suínos em fase de crescimento e terminação, em múltiplos tratos, utilizando sistema automatizado de distribuição de ração"; Fonte de recurso: Não se palica; Valor Global: R$ 327.428,76 (trezentos e vinte e sete mil, quatrocentos e quarenta e oito reais e vinte e sete centavos)); Vigência: 30 (trinta) meses; Data de assinatura: 24/08/2022; Signatários: Everton Krabbe, Chefe-Geral pela Embrapa Suínos e Aves, Giovani Molin, pela C3 EQUIPAMENTOS e Vanduir Luís Martini, pela COPÉRDIA.</p>]]></Texto>
  </body>
  <Midias />
</article></xml>