﻿<xml><article id="27766916" name="2022-08-29/9056822/COMPRASNETWS_" idOficio="9056822" pubName="DO3" artType="Extrato de Contrato" pubDate="30/08/2022" artClass="00026:00040:00018:00000:00000:00000:00000:00000:00000:00000:00031:00001" artCategory="Ministério da Saúde/Fundação Oswaldo Cruz/Coordenação-Geral de Administração" artSize="12" artNotes="" numberPage="214" pdfPage="http://pesquisa.in.gov.br/imprensa/jsp/visualiza/index.jsp?data=30/08/2022&amp;jornal=530&amp;pagina=214" editionNumber="165" highlightType="" highlightPriority="" highlight="" highlightimage="" highlightimagename="" idMateria="19839373">
  <body>
    <Identifica><![CDATA[ EXTRATO DE CONTRATO Nº 81/2022 - UASG 254420]]></Identifica>
    <Data><![CDATA[]]></Data>
    <Ementa />
    <Titulo />
    <SubTitulo />
    <Texto><![CDATA[<p class="identifica">EXTRATO DE CONTRATO Nº 81/2022 - UASG 254420</p><p>Nº Processo: 25380.001699/2022-42.</p><p>Inexigibilidade Nº 38/2022. Contratante: FUNDACAO OSWALDO CRUZ.</p><p>Contratado: 00.000.028/0001-29 - TARGET ENGENHARIA E CONSULTORIA LTDA.. Objeto: Contratação do software target gedweb - sistema de gestão de normas e documentos regulatórios, conforme condições, quantidades e exigências estabelecidas no projeto básico..</p><p>Fundamento Legal: LEI 8.666 / 1993 - Artigo: 25 - Inciso: I. Vigência: 26/08/2022 a 26/08/2024. Valor Total: R$ 23.997,24. Data de Assinatura: 24/08/2022.</p><p>(COMPRASNET 4.0 - 26/08/2022).</p>]]></Texto>
  </body>
  <Midias />
</article></xml>