﻿<xml><article id="27732560" name="ASSEC253" idOficio="9056758" pubName="DO3" artType="Extrato de Inexigibilidade de Licitação" pubDate="30/08/2022" artClass="00047:00028:00001:00000:00000:00000:00000:00000:00000:00000:00041:00000" artCategory="Poder Judiciário/Tribunal Regional Eleitoral de Pernambuco/Presidência" artSize="12" artNotes="" numberPage="265" pdfPage="http://pesquisa.in.gov.br/imprensa/jsp/visualiza/index.jsp?data=30/08/2022&amp;jornal=530&amp;pagina=265" editionNumber="165" highlightType="" highlightPriority="" highlight="" highlightimage="" highlightimagename="" idMateria="19839297">
  <body>
    <Identifica><![CDATA[ EXTRATO DE INEXIGIBILIDADE DE LICITAÇÃO]]></Identifica>
    <Data><![CDATA[]]></Data>
    <Ementa />
    <Titulo />
    <SubTitulo />
    <Texto><![CDATA[<p class="identifica">EXTRATO DE INEXIGIBILIDADE DE LICITAÇÃO</p><p>INEXIGIBILIDADE. SEI n.º 0018749-75.2022.6.17.8000. OBJETO: Contratação de empresa para viabilizar a participação de 02 (dois) servidores do TRE/PE, no curso "CHFI - COMPUTER HACKING FORENSIC INVESTIGATOR,", na modalidade on-line, ao vivo. CONTRATADA: FARNET INFORMATICA LTDA. (SOFTSELL). CNPJ: 04.048.361/0001-69. FUNDAMENTO LEGAL: Art. 25, II, combinado com o inciso VI, do art. 13, ambos da Lei n.º 8.666/1993. PERÍODO: 29/08 a 02/09/2022. DOTAÇÃO ORÇAMENTÁRIA: Programa de Trabalho Resumido: PTRES - 167662. Natureza da Despesa: 339039. Nota de Empenho: 2022NE00640, de 24/08/2022. Valor do Empenho: R$ 19.000,00. AUTORIZAÇÃO: Orson Santiago Lemos, Diretor-Geral, em 19/08/2022. Ratificação: André Oliveira da Silva Guimarães, Desembargador Presidente do TRE-PE, em 24/08/2022.</p>]]></Texto>
  </body>
  <Midias />
</article></xml>