﻿<xml><article id="27732788" name="2 - BIDDING PROCESS 14BACE2022 D" idOficio="9006178" pubName="DO3" artType="Aviso de Licitação" pubDate="30/08/2022" artClass="00013:00010:00011:00124:02400:00000:00000:00000:00000:00000:00081:00000" artCategory="Ministério da Defesa/Comando da Aeronáutica/Comando-Geral de Apoio/Centro Logístico/Comissão Aeronáutica Brasileira na Europa" artSize="12" artNotes="" numberPage="31" pdfPage="http://pesquisa.in.gov.br/imprensa/jsp/visualiza/index.jsp?data=30/08/2022&amp;jornal=530&amp;pagina=31" editionNumber="165" highlightType="" highlightPriority="" highlight="" highlightimage="" highlightimagename="" idMateria="18837516">
  <body>
    <Identifica><![CDATA[   AVISO DE LICITAÇÃO]]></Identifica>
    <Data><![CDATA[Londres, 23 de agosto de 2022.]]></Data>
    <Ementa />
    <Titulo />
    <SubTitulo />
    <Texto><![CDATA[<p class="identifica">AVISO DE LICITAÇÃO</p><p class="identifica">PREGÃO PRESENCIAL Nº 14/BACE/2022</p><p>(BIDDING PROCESS - REVERSE AUCTION)</p><p>TIPO: PREGÃO PRESENCIAL nº 14/BACE/2022. OBJETO: Transporte de bagagem internacional desacompanhada porta a porta para militar em retorno de missão no exterior nos trechos: de Londres (UK) para o Rio de Janeiro, Linkoping (Suécia) para Brasília, Linkoping (Suécia) para Rio de Janeiro e Amsterdam (Holanda) para São José dos Campos), disponível em www2.fab.mil.br/cabe/. ENTREGA DE DOCUMENTOS E ABERTURA DE ENVELOPES DE QUALIFICAÇÃO: 13 de setembro de 2022, às 12:00h. MAIS INFORMAÇÕES: De Segunda a Sexta, das 11:00 às 17:00h (GMT), na Divisão de Licitações e Contratos, no endereço 16 Great James Street, Londres - WC1N 3DP - Reino Unido ou endereço eletrônico bid@bace.org.uk. A DOCUMENTAÇÃO SOBRE A LICITAÇÃO PODE SER OBTIDA na Comissão Aeronáutica Brasileira na Europa localizada no endereço mencionado acima ou pelo website: www2.fab.mil.br/cabe na aba Announcements.</p><p class="data">Londres, 23 de agosto de 2022.</p><p class="assina">DELMO SIFRÔNIO FREIRE Cel Int</p><p class="cargo">Chefe da CABE</p>]]></Texto>
  </body>
  <Midias />
</article></xml>