﻿<xml><article id="27763855" name="2022-08-27/9056226/COMPRASNETWS_" idOficio="9056226" pubName="DO3" artType="Extrato de Contrato" pubDate="30/08/2022" artClass="00018:00132:00000:00000:00000:00000:00000:00000:00000:00000:00031:00001" artCategory="Ministério da Educação/Fundação Universidade Federal do ABC" artSize="12" artNotes="" numberPage="163" pdfPage="http://pesquisa.in.gov.br/imprensa/jsp/visualiza/index.jsp?data=30/08/2022&amp;jornal=530&amp;pagina=163" editionNumber="165" highlightType="" highlightPriority="" highlight="" highlightimage="" highlightimagename="" idMateria="19837684">
  <body>
    <Identifica><![CDATA[ EXTRATO DE CONTRATO Nº 22/2022 - UASG 154503]]></Identifica>
    <Data><![CDATA[]]></Data>
    <Ementa />
    <Titulo />
    <SubTitulo />
    <Texto><![CDATA[<p class="identifica">EXTRATO DE CONTRATO Nº 22/2022 - UASG 154503</p><p>Nº Processo: 23006.012791/2022-80.</p><p>Pregão Nº 51/2022. Contratante: FUNDACAO UNIVERSIDADE FEDERAL DO ABC.</p><p>Contratado: 17.150.506/0001-80 - WEST LAB COMERCIO DE PRODUTOS PARA LABORATORIO LTDA. Objeto: Contratação de serviços de manutenção preventiva de equipamento fotodocumentador - marca uvitec/modelo alliance 2.7..</p><p>Fundamento Legal: LEI 10.520 / 2002 - Artigo: 1. Vigência: 30/08/2022 a 27/12/2022. Valor Total: R$ 3.950,00. Data de Assinatura: 26/08/2022.</p><p>(COMPRASNET 4.0 - 27/08/2022).</p>]]></Texto>
  </body>
  <Midias />
</article></xml>