﻿<xml><article id="27732911" name="ATO Extrato de Registro de PreAo" idOficio="9056745" pubName="DO3" artType="Aviso de Registro de Preços" pubDate="30/08/2022" artClass="00013:00012:00008:00034:00004:00000:00000:00000:00000:00000:00112:00000" artCategory="Ministério da Defesa/Comando da Marinha/Comando de Operações Navais/Comando-em-Chefe da Esquadra/Centro de Intendência da Marinha em Niterói" artSize="12" artNotes="" numberPage="51" pdfPage="http://pesquisa.in.gov.br/imprensa/jsp/visualiza/index.jsp?data=30/08/2022&amp;jornal=530&amp;pagina=51" editionNumber="165" highlightType="" highlightPriority="" highlight="" highlightimage="" highlightimagename="" idMateria="19839284">
  <body>
    <Identifica><![CDATA[ Extratos de Registros de Preços]]></Identifica>
    <Data><![CDATA[]]></Data>
    <Ementa />
    <Titulo />
    <SubTitulo />
    <Texto><![CDATA[<p class="identifica">Extratos de Registros de Preços</p><p>Ata de Registro de Preços nº 167/2022, derivada do Pregão Eletrônico nº 116/2022. Processo nº 63512.001128/2022-98,. Objeto: Registro de preços para eventual Aquisição de Material de Expediente e Limpeza empresa registrada: CASTRO E CASTRO COMERCIO, INDUSTRIA E IMPORTACAO DE ARTIGOS DE PAPELARIA CNPJ:08.198.623/0002-03,valor total da ata: R$ 79.644,60, Vigência: 25/08/2022 a 25/08/2023. Ordenador de Despesas: Capitão de Mar e Guerra (IM) RÔMULO CÉSAR DUARTE DE OLIVEIRA</p><p>Ata de Registro de Preços nº 168/2022, derivada do Pregão Eletrônico nº 116/2022. Processo nº 63512.001128/2022-98,. Objeto: Registro de preços para eventual Aquisição de Material de Expediente e Limpeza empresa registrada: CAMEPEL COMERCIO DE PAPEIS EIRELI CNPJ:18.631.695/0001-75,valor total da ata: R$ 36.156,75, Vigência: 25/08/2022 a 25/08/2023. Ordenador de Despesas: Capitão de Mar e Guerra (IM) RÔMULO CÉSAR DUARTE DE OLIVEIRA</p><p>Ata de Registro de Preços nº 169/2022, derivada do Pregão Eletrônico nº 116/2022. Processo nº 63512.001128/2022-98,. Objeto: Registro de preços para eventual Aquisição de Material de Expediente e Limpeza empresa registrada: WAGNER EVARISTO DOS SANTOS 05665591700 CNPJ:27.963.794/0001-45,valor total da ata: R$ 24.065,39, Vigência: 25/08/2022 a 25/08/2023. Ordenador de Despesas: Capitão de Mar e Guerra (IM) RÔMULO CÉSAR DUARTE DE OLIVEIRA</p><p>Ata de Registro de Preços nº 170/2022, derivada do Pregão Eletrônico nº 116/2022. Processo nº 63512.001128/2022-98,. Objeto: Registro de preços para eventual Aquisição de Material de Expediente e Limpeza empresa registrada: FREDERICO DELGADO DE ALMEIDA CNPJ:28.320.324/0001-26,valor total da ata: R$ 27.932,04, Vigência: 25/08/2022 a 25/08/2023. Ordenador de Despesas: Capitão de Mar e Guerra (IM) RÔMULO CÉSAR DUARTE DE OLIVEIRA</p><p>Ata de Registro de Preços nº 171/2022, derivada do Pregão Eletrônico nº 116/2022. Processo nº 63512.001128/2022-98,. Objeto: Registro de preços para eventual Aquisição de Material de Expediente e Limpeza empresa registrada: EQUIPAR COMERCIO E SERVICOS LTDA CNPJ:30.372.538/0001-98,valor total da ata: R$ 538.739,10, Vigência: 25/08/2022 a 25/08/2023. Ordenador de Despesas: Capitão de Mar e Guerra (IM) RÔMULO CÉSAR DUARTE DE OLIVEIRA</p><p>Ata de Registro de Preços nº 172/2022, derivada do Pregão Eletrônico nº 116/2022. Processo nº 63512.001128/2022-98,. Objeto: Registro de preços para eventual Aquisição de Material de Expediente e Limpeza empresa registrada: MARDRI CONSTRUCOES E MANUTENCOES LTDA CNPJ:33.314.167/0001-86,valor total da ata: R$ 30.828,00, Vigência: 25/08/2022 a 25/08/2023. Ordenador de Despesas: Capitão de Mar e Guerra (IM) RÔMULO CÉSAR DUARTE DE OLIVEIRA</p><p>Ata de Registro de Preços nº 173/2022, derivada do Pregão Eletrônico nº 116/2022. Processo nº 63512.001128/2022-98,. Objeto: Registro de preços para eventual Aquisição de Material de Expediente e Limpeza empresa registrada:PAPEIS BM INDUSTRIA E COMERCIO LTDA CNPJ:34.580.359/0001-05,valor total da ata: R$ 96.258,50, Vigência: 25/08/2022 a 25/08/2023. Ordenador de Despesas: Capitão de Mar e Guerra (IM) RÔMULO CÉSAR DUARTE DE OLIVEIRA</p>]]></Texto>
  </body>
  <Midias />
</article></xml>