﻿<xml><article id="27733477" name="AVISO JULGAMENTO PROPOSTA TP0032" idOficio="9056929" pubName="DO3" artType="Aviso de Julgamento" pubDate="30/08/2022" artClass="00052:00015:00055:00000:00000:00000:00000:00000:00000:00000:00154:00000" artCategory="Prefeituras/Estado da Paraíba/PREFEITURA MUNICIPAL DE CABEDELO" artSize="12" artNotes="" numberPage="413" pdfPage="http://pesquisa.in.gov.br/imprensa/jsp/visualiza/index.jsp?data=30/08/2022&amp;jornal=530&amp;pagina=413" editionNumber="165" highlightType="" highlightPriority="" highlight="" highlightimage="" highlightimagename="" idMateria="19839430">
  <body>
    <Identifica><![CDATA[ RESULTADO DE JULGAMENTO]]></Identifica>
    <Data><![CDATA[ Cabedelo-PB, 26 de agosto de 2022. ]]></Data>
    <Ementa />
    <Titulo />
    <SubTitulo />
    <Texto><![CDATA[<p class="identifica">RESULTADO DE JULGAMENTO</p><p class="identifica">TOMADA DE PREÇO N° 3/2022-FMS</p><p>A Comissão Permanente de Licitação, torna público que após o julgamento final da proposta de preços da licitação - Tomada de Preço nº 003/2022-FMS, cujo objeto é a CONTRATAÇÃO DE EMPRESA ESPECIALIZADA EM REFORMAS PARA REVITALIZAÇÃO DAS UBS'S NO MUNICÍPIO DE CABEDELO/PB, declarou vencedora do certame a empresa GASA ENGENHARIA EIRELI, inscrita no CNPJ sob n° 07.914.131/0001-23, no valor de R$ 930.856,81 (novecentos e trinta mil, oitocentos e cinquenta e seis reais e oitenta e um centavos). As razões que motivaram o julgamento encontram-se à disposição dos interessados junto à CPL, no endereço Rua Benedito Soares da Silva, n° 131, Monte Castelo, nesta cidade. Caso não haja interposição de recursos administrativos quanto a este resultado, conforme o que preceitua o artigo 109, inciso I, "b" da Lei Federal nº 8.666/93, o processo será remetido a autoridade superior para homologação e adjudicação do objeto à vencedora do certame.</p><p class="data">Cabedelo-PB, 26 de agosto de 2022.</p><p class="assina">Ramon Sorrentino Batista</p><p class="cargo">Presidente da CPL</p>]]></Texto>
  </body>
  <Midias />
</article></xml>