﻿<xml><article id="27732989" name="medicamentos uniao 2022" idOficio="9056732" pubName="DO3" artType="Aviso de Licitação" pubDate="30/08/2022" artClass="00052:00005:00295:00000:00000:00000:00000:00000:00000:00000:00081:00000" artCategory="Prefeituras/Estado da Bahia/Prefeitura Municipal de Licínio de Almeida" artSize="12" artNotes="" numberPage="332" pdfPage="http://pesquisa.in.gov.br/imprensa/jsp/visualiza/index.jsp?data=30/08/2022&amp;jornal=530&amp;pagina=332" editionNumber="165" highlightType="" highlightPriority="" highlight="" highlightimage="" highlightimagename="" idMateria="19839270">
  <body>
    <Identifica><![CDATA[ AVISO DE LICITAÇÃO PREGAO PRESENCIAL Nº 22/2022 - SRP]]></Identifica>
    <Data><![CDATA[ Licínio de Almeida - BA, 29 de Agosto de 2022.]]></Data>
    <Ementa />
    <Titulo />
    <SubTitulo />
    <Texto><![CDATA[<p class="identifica">AVISO DE LICITAÇÃO PREGAO PRESENCIAL Nº 22/2022 - SRP</p><p>A Prefeitura Municipal de Licínio de Almeida torna público que realizará às 08:00 h do dia 09 de Setembro de 2022, na sede da referida Prefeitura, situada à Rua Dois de Julho, n° 33, Centro, Licínio de Almeida, Bahia, Licitação Pública na modalidade de PREGAO PRESENCIAL PARA REGISTRO DE PREÇOS 022/2022, Objetivando a contratação de empresa para aquisição de medicamentos e materiais pensos para atender a solicitação do fundo municipal de saúde do município de Licínio de Almeida, Tipo: Menor Preço por Lote, Informações: Éden Rodrigues Baleeiro - Pregoeiro Municipal. O Edital e seus anexos estarão à disposição dos interessados, em meio magnético e impresso, do dia 29.08.2022 no endereço acima, horário das 08:30 as 12:00 h, até a véspera da Licitação, na sala de reunião da Comissão.</p><p class="data">Licínio de Almeida - BA, 29 de Agosto de 2022.</p><p class="assina">EDEN RODRIGUES BALEEIRO</p><p class="cargo">Pregoeiro</p>]]></Texto>
  </body>
  <Midias />
</article></xml>