﻿<xml><article id="27732737" name="JOM - 27244 PREFEITURA MUNICIPAL" idOficio="9056381" pubName="DO3" artType="Aviso" pubDate="30/08/2022" artClass="00052:00013:00161:00000:00000:00000:00000:00000:00000:00000:00108:00000" artCategory="Prefeituras/Estado do Pará/Prefeitura Municipal de Novo Repartimento" artSize="12" artNotes="" numberPage="398" pdfPage="http://pesquisa.in.gov.br/imprensa/jsp/visualiza/index.jsp?data=30/08/2022&amp;jornal=530&amp;pagina=398" editionNumber="165" highlightType="" highlightPriority="" highlight="" highlightimage="" highlightimagename="" idMateria="19838778">
  <body>
    <Identifica><![CDATA[ EXTRATO DE REGISTRO DE PREÇOS Nº 2022-060 (*)]]></Identifica>
    <Data><![CDATA[]]></Data>
    <Ementa />
    <Titulo />
    <SubTitulo />
    <Texto><![CDATA[<p class="identifica">EXTRATO DE REGISTRO DE PREÇOS Nº 2022-060 (*)</p><p>Espécie: Pregão Eletrônico Srp Nº 9/2022-020pmnr. Objeto: Registro De Preços Para Futura E Eventual Contratação De Serviços De Administração, Gerenciamento E Controle De Frota Tipo Menor Preço (Maior Desconto Sobre A Taxa De Administração), Com Implantação E Operação De Sistema Informatizado E Integrado, Via Internet, Com Tecnologia De Pagamento Por Meio De Cartão Magnético, Nas Redes De Estabelecimentos Credenciados Pela Contratada, Localizados Por Todo O Estado Do Pará, Para Execução De Serviços De Lavagem Geral, Serviço De Guincho E Manutenção Preventiva E Corretiva Na Frota De Veículos Da Prefeitura, Secretarias E Fundos Do Município De Novo Repartimento - PA. Prazo de Vigência: 12 meses. Órgão Gerenciador: PREFEITURA MUNICIPAL DE NOVO REPARTIMENTO, CNPJ: 34.626.416/0001-31. Fornecedor: PRIME CONSULTORIA E ASSESSORIA EMPRESARIAL LTDA, CNPJ: 05.340.639/0001-30, com valor percentual de -23,03% (vinte e três vírgula zero três negativo por cento).</p><p class="nota">N. da Codou: Publicado nesta data por ter sido omitido do DOU de 26/8/2022.</p>]]></Texto>
  </body>
  <Midias />
</article></xml>