﻿<xml><article id="27731507" name="adjudicajussarauni2608" idOficio="9056331" pubName="DO3" artType="Aviso de Homologação e Adjudicação" pubDate="30/08/2022" artClass="00052:00005:00280:00000:00000:00000:00000:00000:00000:00000:00078:00000" artCategory="Prefeituras/Estado da Bahia/Prefeitura Municipal de Jussara" artSize="12" artNotes="" numberPage="332" pdfPage="http://pesquisa.in.gov.br/imprensa/jsp/visualiza/index.jsp?data=30/08/2022&amp;jornal=530&amp;pagina=332" editionNumber="165" highlightType="" highlightPriority="" highlight="" highlightimage="" highlightimagename="" idMateria="19838561">
  <body>
    <Identifica><![CDATA[ AVISOS DE ADJUDICAÇÃO E HOMOLOGAÇÃO]]></Identifica>
    <Data><![CDATA[ Jussara/Ba, 25 de agosto de 2022.]]></Data>
    <Ementa />
    <Titulo />
    <SubTitulo />
    <Texto><![CDATA[<p class="identifica">AVISOS DE ADJUDICAÇÃO E HOMOLOGAÇÃO</p><p class="identifica">CONCORRÊNCIA PÚBLICA Nº 2/2022</p><p>O Prefeito Municipal de Jussara/Ba, no uso de suas atribuições legais, torna público o resultado da licitação na modalidade CONCORRÊNCIA PÚBLICA Nº 002/2022, tendo como adjudicatária a empresa SOUZA DOURADO CONSTRUÇÕES E TRANSPORTES LTDA, com uma proposta no valor global de R$ 4.749.523,86 (quatro milhões setecentos e quarenta e nove mil, quinhentos e vinte e três reais e oitenta e seis centavos), resolve HOMOLOGAR em 19/08/2022, considerando vencedora por apresentar a melhor proposta de preços Data da adjudicação e homologação: 19/08/2022.</p><p class="identifica">PREGÃO PRESENCIAL Nº 36/2022</p><p>O Prefeito Municipal de Jussara/Ba, no uso de suas atribuições legais, torna público o resultado da licitação na modalidade PREGÃO PRESENCIAL Nº 036/2022, tendo como adjudicatária a Empresa FPO - CONSULTORIA E ASSESSORIA EM EDUCAÇÃO EIRELI, inscrita sob o CNPJ Nº 17.695.495/0001-80; OBJETO: Contratação de empresa para prestação de serviço de formação continuada na Rede Municipal de Ensino para professores da Educação Infantil, Ensino Fundamental Anos Iniciais e Finais, Educação de Jovens e Adultos para Diretores, Coordenadores e monitores da Secretária Municipal de Educação, com uma proposta no valor global de R$ 172.000,00 (Cento e setenta e dois mil reais), resolve HOMOLOGAR em 24/08/2022, considerando vencedora por apresentar a melhor proposta de preços. Data da adjudicação e homologação: 24/08/2022.</p><p class="data">Jussara/Ba, 25 de agosto de 2022.</p><p class="assina">Taciano Mendes da Silva</p><p></p>]]></Texto>
  </body>
  <Midias />
</article></xml>