﻿<xml><article id="27732926" name="6742022 Aviso de LicitaAAo -DOU" idOficio="9056705" pubName="DO3" artType="Aviso de Licitação" pubDate="30/08/2022" artClass="00052:00023:00174:00007:00000:00000:00000:00000:00000:00000:00081:00000" artCategory="Prefeituras/Estado de Santa Catarina/Prefeitura Municipal de Joinville/Secretaria Municipal de Administração" artSize="12" artNotes="" numberPage="450" pdfPage="http://pesquisa.in.gov.br/imprensa/jsp/visualiza/index.jsp?data=30/08/2022&amp;jornal=530&amp;pagina=450" editionNumber="165" highlightType="" highlightPriority="" highlight="" highlightimage="" highlightimagename="" idMateria="19839242">
  <body>
    <Identifica><![CDATA[AVISO DE LICITAÇÃO]]></Identifica>
    <Data><![CDATA[  Joinville/SC, 26 de agosto de 2022.]]></Data>
    <Ementa />
    <Titulo />
    <SubTitulo />
    <Texto><![CDATA[<p class="identifica">AVISO DE LICITAÇÃO</p><p>O Município de Joinville, através da Unidade de Processos da Secretaria Administração e Planejamento, leva ao conhecimento dos interessados que em conformidade com o que preceitua a Lei 8.666/93 e suas alterações posteriores, fará realizar o procedimento licitatório de Pregão Eletrônico nº 674/2022, destinado ao Registro de Preços, visando a futura e eventual aquisição de gêneros alimentícios perecíveis, a fim de atender as necessidades dos projetos, programas e serviços da Secretaria de Assistência Social de Joinville, na Data/Horário: 12/09/2022 às 08:30 horas, para abertura das propostas. O edital encontra-se à disposição dos interessados no site www.joinville.sc.gov.br e www.gov.br/compras/pt-br - UASG 453230. Chave TCE: 8D4CD4B78924E1034C4AF50DC53E45D34F10F7BB.</p><p class="data">Joinville/SC, 26 de agosto de 2022.</p><p class="assina">RICARDO MAFRA</p><p class="cargo">Secretário de Administração e Planejamento</p><p class="assina">Silvia Cristina Bello</p><p class="cargo">Diretora Executiva</p><p></p>]]></Texto>
  </body>
  <Midias />
</article></xml>