﻿<xml><article id="27766223" name="2022-08-29/9056628/COMPRASNETWS_" idOficio="9056628" pubName="DO3" artType="Extrato de Termo Aditivo" pubDate="30/08/2022" artClass="00045:00016:00009:00000:00000:00000:00000:00000:00000:00000:00054:00001" artCategory="Defensoria Pública da União/Secretaria-Geral Executiva/Coordenação Licitações e Contratos" artSize="12" artNotes="" numberPage="251" pdfPage="http://pesquisa.in.gov.br/imprensa/jsp/visualiza/index.jsp?data=30/08/2022&amp;jornal=530&amp;pagina=251" editionNumber="165" highlightType="" highlightPriority="" highlight="" highlightimage="" highlightimagename="" idMateria="19839157">
  <body>
    <Identifica><![CDATA[ EXTRATO DE TERMO ADITIVO Nº 2/2022 - UASG 290002]]></Identifica>
    <Data><![CDATA[]]></Data>
    <Ementa />
    <Titulo />
    <SubTitulo />
    <Texto><![CDATA[<p class="identifica">EXTRATO DE TERMO ADITIVO Nº 2/2022 - UASG 290002</p><p>Número do Contrato: 83/2021.</p><p>Nº Processo: 08038.005117/2021-05.</p><p>Pregão. Nº 45/2021. Contratante: DPU-SECRETARIA DE EXECUCAO ORCAM. FINANCEIRA. Contratado: 01.548.228/0001-83 - BALISTICO SEGURANCA EIRELI. Objeto: O presente termo aditivo tem por objeto alterar o endereço da prestação dos serviços de vigilância pela empresa balístico segurança eireli, referente ao contrato administrativo nº 83/2021, tendo em vista a mudança da dpu/cuiabá/mt para a nova sede, o qual passa a ser rua arthur bernardes esquina com a rua teófilo de arruda, n° 398, bairro duque de caxias, cidade de cuiabá/mt - cep: 78.043-000, a partir de 17 de junho 2022.. Vigência: 16/07/2022 a 15/07/2023. Valor Total Atualizado do Contrato: R$ 98.365,78. Data de Assinatura: 15/07/2022.</p><p>(COMPRASNET 4.0 - 16/07/2022).</p>]]></Texto>
  </body>
  <Midias />
</article></xml>