﻿<xml><article id="27731510" name="contratosjussarauni2608" idOficio="9056332" pubName="DO3" artType="Extrato de Contrato" pubDate="30/08/2022" artClass="00052:00005:00280:00000:00000:00000:00000:00000:00000:00000:00031:00000" artCategory="Prefeituras/Estado da Bahia/Prefeitura Municipal de Jussara" artSize="12" artNotes="" numberPage="332" pdfPage="http://pesquisa.in.gov.br/imprensa/jsp/visualiza/index.jsp?data=30/08/2022&amp;jornal=530&amp;pagina=332" editionNumber="165" highlightType="" highlightPriority="" highlight="" highlightimage="" highlightimagename="" idMateria="19838562">
  <body>
    <Identifica><![CDATA[ EXTRATO DE CONTRATO Nº 148/2022]]></Identifica>
    <Data><![CDATA[]]></Data>
    <Ementa />
    <Titulo />
    <SubTitulo />
    <Texto><![CDATA[<p class="identifica">EXTRATO DE CONTRATO Nº 148/2022</p><p>CONTRATANTE: Prefeitura Municipal de Jussara/Ba. CONTRATADA: Empresa SOUZA DOURADO CONSTRUÇÕES E TRANSPORTES LTDA.OBJETO: Contratação de empresa especializada para execução de obra de engenharia para Pavimentação Urbana com TSS. VALOR GLOBAL: R$ 4.749.523,86 (quatro milhões setecentos e quarenta e nove mil, quinhentos e vinte e três reais e oitenta e seis centavos). VIGÊNCIA: 25/08/2022 até 25/08/2023. Assina pelo Contratante o Sr. TACIANO MENDES DA SILVA e pela Contratada o Sr. CAÍQUE SOUZA DOURADO. Jussara/Ba, 25 de agosto de 2022. Taciano Mendes da Silva - Prefeito Municipal</p><p class="identifica">EXTRATO DE CONTRATO Nº 151/2022</p><p>CONTRATANTE: Prefeitura Municipal de Jussara/Ba; CONTRATADA: Empresa FPO-CONSULTORIA E ASSESSORIA EM EDUCAÇÃO EIRELI; OBJETO: Contratação de empresa para prestação de serviço de formação continuada na Rede Municipal de Ensino para professores da Educação Infantil, Ensino Fundamental Anos Iniciais e Finais, Educação de Jovens e Adultos para Diretores, Coordenadores e monitores da Secretária Municipal de Educação. Valor Global R$ 172.000,00 (Cento e setenta e dois mil reais). Vigência do Contrato: 24/08/2022 até 24/04/2023. Assina pelo Contratante o Sr. Taciano Mendes da Silva e pela Contratada a Srª Fabrizia Pires de Oliveira. Jussara/Ba, 25 de agosto de 2022. Taciano Mendes da Silva - Prefeito Municipal</p>]]></Texto>
  </body>
  <Midias />
</article></xml>