﻿<xml><article id="27732728" name="NOVA VIAOSA 30 08 22" idOficio="9056690" pubName="DO3" artType="Extrato" pubDate="30/08/2022" artClass="00052:00005:00351:00000:00000:00000:00000:00000:00000:00000:00172:00000" artCategory="Prefeituras/Estado da Bahia/Prefeitura Municipal de Nova Viçosa" artSize="12" artNotes="" numberPage="334" pdfPage="http://pesquisa.in.gov.br/imprensa/jsp/visualiza/index.jsp?data=30/08/2022&amp;jornal=530&amp;pagina=334" editionNumber="165" highlightType="" highlightPriority="" highlight="" highlightimage="" highlightimagename="" idMateria="19839222">
  <body>
    <Identifica><![CDATA[ EXTRATOS de instrumentos contratuais]]></Identifica>
    <Data><![CDATA[]]></Data>
    <Ementa />
    <Titulo />
    <SubTitulo />
    <Texto><![CDATA[<p class="identifica">EXTRATOS de instrumentos contratuais</p><p>EXTRATO SEGUNDO TERMO ADITIVO AO CONTRATO 097/2021 - ADITIVO AD Nº. 017/2022 - Contratante: MUNICÍPIO DE NOVA VIÇOSA - CNPJ: 13.761.531/0001-49 - Contratada: JANAYNNA GONÇALVES MENDES 04642067582 - CNPJ: 41.836.239/0001-83 - Objeto: Prorrogação do prazo, por mais por mais 07 (sete) meses, contados a partir 29/07/2022 e com término final em 28/02/2023, tendo em vista a continuidade da prestação de serviços de lavagem de veículos, para atender às necessidades da Prefeitura Municipal de Nova Viçosa, Estado da Bahia. - Base Legal: Art. 106, II, da Lei Federal 14.133/2021 - Processo Administrativo nº. 178/2021 - Dispensa de Licitação n°. 101/2021. - Data da Assinatura: 29/07/2022. - LUCIANA SOUSA MACHADO RODRIGUES - Prefeita.</p><p>EXTRATO DE CONTRATO - REPUBLICAÇÃO - Correção</p><p>Contrato nº 064-A/2022 - Contratante: MUNICÍPIO DE NOVA VIÇOSA - CNPJ: 13.761.531/0001-49 - Contratada: DETOX CONTROLE PROFISSIONAL DE PRAGAS LTDA ME - CNPJ: 13.367.595/0001-60 - Objeto: Prestação de serviços de controle de vetores, pragas urbanas e insetos nas instalações dos diversos setores da Prefeitura Municipal de Nova Viçosa/BA. - Vigência: 05/07/2022 até 31/12/2022. - Valor: R$ 47.410,00 (quarenta e sete mil quatrocentos e dez reais). - Base Legal: Art. 75, II, da Lei Federal 14.133/2021. - Processo Administrativo nº. 140/2022 -Dispensa de Licitação n°. 026/2022. Signatários: pela contratante - Luciana Sousa Machado Rodrigues; pela contratada - Luiz Carlos de Sousa. - Data da Assinatura: 05/07/2022. - LUCIANA SOUSA MACHADO RODRIGUES - Prefeita.</p>]]></Texto>
  </body>
  <Midias />
</article></xml>