﻿<xml><article id="27733156" name="173A aditivo ao CT 36_17" idOficio="9056805" pubName="DO3" artType="Extrato de Termo Aditivo" pubDate="30/08/2022" artClass="00047:00017:00004:00000:00000:00000:00000:00000:00000:00000:00054:00000" artCategory="Poder Judiciário/Tribunal Regional Eleitoral do Ceará/Diretoria-Geral" artSize="12" artNotes="" numberPage="260" pdfPage="http://pesquisa.in.gov.br/imprensa/jsp/visualiza/index.jsp?data=30/08/2022&amp;jornal=530&amp;pagina=260" editionNumber="165" highlightType="" highlightPriority="" highlight="" highlightimage="" highlightimagename="" idMateria="19839356">
  <body>
    <Identifica><![CDATA[ EXTRATO DE TERMO ADITIVO]]></Identifica>
    <Data><![CDATA[]]></Data>
    <Ementa />
    <Titulo />
    <SubTitulo />
    <Texto><![CDATA[<p class="identifica">EXTRATO DE TERMO ADITIVO</p><p>Espécie: 173º Termo Aditivo ao Contrato N.º 36/2017 celebrado com a empresa CINZEL ENGENHARIA LTDA. Objeto: visa ao acréscimo contratual dos quantitativos medidos a maior relativos à 5ª medição do 36º Termo Aditivo. O total de acréscimo importa na quantia de R$ 35.293,39 (trinta e cinco mil, duzentos e noventa e três reais e trinta e nove centavos), correspondente ao percentual aproximado de 0,0624% do valor inicial atualizado do contrato. O presente termo aditivo alterará o valor do Contrato conforme planilhas orçamentárias contidas nos documentos SEI ID n.º 0015908 e ID n.º 0015903, que passarão a integrar o termo contratual. Fundamento: no art. 65, inciso I e §1º da Lei n.º 8.666/93 e suas alterações, c/c cláusula décima segunda do Contrato n.º 36/2017 e na decisão contida no SEI n.º 2022.0.000001061-9. Assina, pelo TRE, Desembargador Inacio de Alencar Cortez Neto, Presidente, e pela Cinzel, Hercília Maria Bandeira Sales e Paulo Sérgio Valente Tavares D'oliveira.</p>]]></Texto>
  </body>
  <Midias />
</article></xml>