﻿<xml><article id="27732341" name="CORONEL JOAO SA(2) 30 08 22" idOficio="9056690" pubName="DO3" artType="Extrato de Contrato" pubDate="30/08/2022" artClass="00052:00005:00161:00000:00000:00000:00000:00000:00000:00000:00031:00000" artCategory="Prefeituras/Estado da Bahia/Prefeitura Municipal de Coronel João Sá" artSize="12" artNotes="" numberPage="329" pdfPage="http://pesquisa.in.gov.br/imprensa/jsp/visualiza/index.jsp?data=30/08/2022&amp;jornal=530&amp;pagina=329" editionNumber="165" highlightType="" highlightPriority="" highlight="" highlightimage="" highlightimagename="" idMateria="19839220">
  <body>
    <Identifica><![CDATA[ EXTRATO DE CONTRATO]]></Identifica>
    <Data><![CDATA[]]></Data>
    <Ementa />
    <Titulo />
    <SubTitulo />
    <Texto><![CDATA[<p class="identifica">EXTRATO DE CONTRATO</p><p>Pregão Eletrônico Nº 011/2022 Objeto: aquisição de 08 (oito) veículos novos, 0 (zero) km, tipo passeio, para atender as necessidades das secretarias e repartições públicas do Município de Coronel João Sá/BA, ganhadora do lote único. Contrato de nº 211/2022, Contratante: MUNICIPIO DE CORONEL JOÃO SÁ, CNPJ: 14.215.814.818/0001-36 Contratada: EVEL-ESTÂNCIA COMÉRCIO E LOCAÇÃO DE VEÍCULOS LTDA, CNPJ 15.583.420/0001-15, Valor Global do contrato: 670.000,00 (seiscentos e setenta mil reais) vigência: 17/08/2022 a 31/12/2022 Assinatura: 17 de agosto de 2022.</p>]]></Texto>
  </body>
  <Midias />
</article></xml>