﻿<xml><article id="27733753" name="AVISO - BONITO- P.ELETR.PE - uni" idOficio="9056982" pubName="DO3" artType="Aviso de Licitação" pubDate="30/08/2022" artClass="00052:00016:00051:00000:00000:00000:00000:00000:00000:00000:00081:00000" artCategory="Prefeituras/Estado de Pernambuco/Prefeitura Municipal do Bonito" artSize="12" artNotes="" numberPage="420" pdfPage="http://pesquisa.in.gov.br/imprensa/jsp/visualiza/index.jsp?data=30/08/2022&amp;jornal=530&amp;pagina=420" editionNumber="165" highlightType="" highlightPriority="" highlight="" highlightimage="" highlightimagename="" idMateria="19839504">
  <body>
    <Identifica><![CDATA[ AVISO DE LICITAÇÃO ]]></Identifica>
    <Data><![CDATA[ Bonito - PE, 25 de agosto de 2022.]]></Data>
    <Ementa />
    <Titulo />
    <SubTitulo />
    <Texto><![CDATA[<p class="identifica">AVISO DE LICITAÇÃO</p><p class="identifica">PREGÃO ELETRÔNICO Nº 35/2022</p><p>PROCESSO Nº 63/2022</p><p>Objeto Nat: Aquisição. Objeto Descr: Pregão o Registro de Preço para fornecimento parcelado de medicamentos destinados ao Fundo Municipal de Saúde de Bonito/PE, conforme especificações e quantitativos constantes no Anexo I deste Edital. Valor Máximo Aceitável: em R$ R$ 7.750.872,30 (Sete milhões, setecentos e cinquenta, oitocentos e setenta e dois reais e trinta centavos), Recebimento das Propostas a partir do dia: 26/08/2022, às 09h00min, até o dia 12/09/2022 às 08h00min. Abertura das Propostas: 12/09/2022, às 08h30min. Início da Sessão de Disputa de Preços: 12/09/2022 às 09h15min. ESTA LICITAÇÃO TEM COTA RESERVADA PARA MICROEMPRESA E EMPRESA DE PEQUENO PORTE, DE ACORDO COM A LEI COMPLEMENTAR Nº 123/2006, REDAÇÃO DADA PELA LEI COMPLEMENTAR Nº 147/2014. Informações e Edital na plataforma eletrônica da BNC ou na sala da CPL sito na Rua Frei Caneca, nº 91, Centro, nesta cidade, local em que os interessados poderão ler e obter o texto integral do Edital, no horário das 07:00 às 13:00hs, sendo facultada a solicitação através do e-mail:pregao@bonitope.com, acessando o Portal da Transparência, através do site http://www.bonito.pe.gov.br/transparencia/ ou ainda no sitio www.bnc.org.br.</p><p class="data">Bonito - PE, 25 de agosto de 2022.</p><p class="assina">Josefa Mireli da Silva</p><p class="cargo">Pregoeira</p>]]></Texto>
  </body>
  <Midias />
</article></xml>