﻿<xml><article id="27732416" name="DOU - AVISO - PREGAO 131 - SEMUS" idOficio="9056656" pubName="DO3" artType="Aviso de Licitação" pubDate="30/08/2022" artClass="00052:00021:00060:00000:00000:00000:00000:00000:00000:00000:00081:00000" artCategory="Prefeituras/Estado de Rondônia/Prefeitura Municipal de Vilhena" artSize="12" artNotes="" numberPage="444" pdfPage="http://pesquisa.in.gov.br/imprensa/jsp/visualiza/index.jsp?data=30/08/2022&amp;jornal=530&amp;pagina=444" editionNumber="165" highlightType="" highlightPriority="" highlight="" highlightimage="" highlightimagename="" idMateria="19839185">
  <body>
    <Identifica><![CDATA[ Aviso de  alteração  pregão eletrônico nº 131/2022/pmv -misto]]></Identifica>
    <Data><![CDATA[Em,  25 de agosto  de 2022.]]></Data>
    <Ementa />
    <Titulo />
    <SubTitulo />
    <Texto><![CDATA[<p class="identifica">Aviso de alteração pregão eletrônico nº 131/2022/pmv -misto</p><p>O município de Vilhena, através da CL e de sua Pregoeira (Decreto nº 52.787/2021), torna público para conhecimento dos interessados que encontra-se instaurada, com nova data de abertura, a licitação, na modalidade de Pregão Eletrônico sob o nº 131/2022/PMV, misto, com lotes exclusivos para as ME/EPP's, do tipo menor valor total por lote, sob o regime de execução direta, de acordo com o edital. Legislação: Lei 10.520/2002, Decreto Federal nº 10.024/2019, subsidiariamente, com a Lei Federal nº 8.666/1993, Lei complementar n°123/06, Lei Complementar 147/14 com suas alterações, Decreto Municipal nº 41.902/2018 e demais exigências contidas no Edital e seus anexos. Processo nº 7171/2022. Requisitante: SEMUS. Objeto: Aq. de materiais permanentes (microcomputadores, impressoras, notebook's, bebedouros, cadeiras de rodas, caixas de som portátil, fornos e outros...), para atender as demandas da SEMUS e das unidades a ela vinculadas, através da SEMUS, tudo conforme Termo de Referência, anexo I, do edital. Valor total Estimado R$ 2.516.484,01. Data de abertura da sala de disputa: dia 26/09/2022, a partir das 09:30:00 horas (horário de Brasília - DF). Endereços eletrônicos: licitanet.com.br, no site oficial vilhena.ro.gov.br e no portal transparência da Prefeitura de Vilhena. Para todas as referências de tempo será observado o horário de Brasília (DF). Edital: O Edital encontra-se disponível para consulta e retirada nos endereços eletrônicos acima mencionados. Esclarecimentos por e-mail: cl@vilhena.ro.gov.br ou pelo telefone 69.391970.82 (das 07 às 13:00 hrs - horário local).</p><p class="data">Em, 25 de agosto de 2022.</p><p class="assina">Loreni Grosbelli</p><p class="cargo">Pregoeira</p>]]></Texto>
  </body>
  <Midias />
</article></xml>