﻿<xml><article id="27758987" name="2022-08-29/9056650/COMPRASNETWS_" idOficio="9056650" pubName="DO3" artType="Extrato de Rescisão" pubDate="30/08/2022" artClass="00006:00009:00012:00019:00000:00000:00000:00000:00000:00000:00107:00001" artCategory="Presidência da República/Advocacia-Geral da União/Secretaria-Geral de Administração/Superintendência Regional de Administração 4ª Região" artSize="12" artNotes="" numberPage="2" pdfPage="http://pesquisa.in.gov.br/imprensa/jsp/visualiza/index.jsp?data=30/08/2022&amp;jornal=530&amp;pagina=2" editionNumber="165" highlightType="" highlightPriority="" highlight="" highlightimage="" highlightimagename="" idMateria="19839179">
  <body>
    <Identifica><![CDATA[ EXTRATO DE RESCISÃO DO CONTRATO Nº 10/2021 - UASG 110097]]></Identifica>
    <Data><![CDATA[]]></Data>
    <Ementa />
    <Titulo />
    <SubTitulo />
    <Texto><![CDATA[<p class="identifica">EXTRATO DE RESCISÃO DO CONTRATO Nº 10/2021 - UASG 110097</p><p>Nº Processo: 00588.000154/2021-81. Contratante: SUPERINTENDENCIA ADMINISTRACAO NO RIO G. SUL. Contratado: 20.596.423/0003-95 - DGX TERCEIRIZACAO DE SERVICOS EIRELI. Objeto: rescindir unilateralmente o contrato nº 010/2021, em razão de interesse público, de alta relevância e amplo conhecimento. Fundamento Legal: art. 79, inciso I, da Lei nº 8.666/93 . Data de Rescisão: 31/08/2022.</p><p>(COMPRASNET 4.0 - 26/08/2022).</p>]]></Texto>
  </body>
  <Midias />
</article></xml>