﻿<xml><article id="27764557" name="2022-08-29/9056786/COMPRASNETWS_" idOficio="9056786" pubName="DO3" artType="Extrato de Contrato" pubDate="30/08/2022" artClass="00014:00042:00000:00000:00000:00000:00000:00000:00000:00000:00031:00001" artCategory="Ministério do Desenvolvimento Regional/Agência Nacional de Águas e Saneamento Básico" artSize="12" artNotes="" numberPage="58" pdfPage="http://pesquisa.in.gov.br/imprensa/jsp/visualiza/index.jsp?data=30/08/2022&amp;jornal=530&amp;pagina=58" editionNumber="165" highlightType="" highlightPriority="" highlight="" highlightimage="" highlightimagename="" idMateria="19839326">
  <body>
    <Identifica><![CDATA[ EXTRATO DE CONTRATO Nº 30/2022 - UASG 443001]]></Identifica>
    <Data><![CDATA[]]></Data>
    <Ementa />
    <Titulo />
    <SubTitulo />
    <Texto><![CDATA[<p class="identifica">EXTRATO DE CONTRATO Nº 30/2022 - UASG 443001</p><p>Nº Processo: 02501.004526/2021-86.</p><p>Pregão Nº 9/2022. Contratante: AGENCIA NACIONAL DE AGUAS E SANEAMENTO BASICO.</p><p>Contratada: 13.436.867/0001-36 - GLOBALIMAGEM SERVICOS EM GEOPROCESSAMENTO LTDA. Objeto: Contratação de serviços para a aquisição, sob demanda, de imagens de satélite de altíssima resolução espacial em localidades selecionadas em todo o território nacional.</p><p>Fundamento Legal: Lei 10.520 / 2002 - Artigo: 1. Vigência: 26/08/2022 a 26/09/2024. Valor Total: R$ 975.000,00. Data de Assinatura: 25/08/2022.</p><p>(COMPRASNET 4.0 - 26/08/2022).</p>]]></Texto>
  </body>
  <Midias />
</article></xml>