﻿<xml><article id="27761268" name="2022-08-29/9056762/COMPRASNETWS_" idOficio="9056762" pubName="DO3" artType="Extrato de Termo Aditivo" pubDate="30/08/2022" artClass="00019:00036:00018:00033:00000:00000:00000:00000:00000:00000:00054:00001" artCategory="Ministério da Infraestrutura/Agência Nacional de Transportes Terrestres/Superintendência de Gestão Administrativa/Gerência de Licitação e Contratos" artSize="12" artNotes="" numberPage="174" pdfPage="http://pesquisa.in.gov.br/imprensa/jsp/visualiza/index.jsp?data=30/08/2022&amp;jornal=530&amp;pagina=174" editionNumber="165" highlightType="" highlightPriority="" highlight="" highlightimage="" highlightimagename="" idMateria="19839301">
  <body>
    <Identifica><![CDATA[ EXTRATO DE TERMO ADITIVO Nº 3/2022 - UASG 393001]]></Identifica>
    <Data><![CDATA[]]></Data>
    <Ementa />
    <Titulo />
    <SubTitulo />
    <Texto><![CDATA[<p class="identifica">EXTRATO DE TERMO ADITIVO Nº 3/2022 - UASG 393001</p><p>Número do Contrato: 52/2019.</p><p>Nº Processo: 50500.430511/2019-16.</p><p>Contratante: AGENCIA NACIONAL DE TRANSPORTES TERRESTRES. Contratado: 25.359.140/0001-81 - ARVVO TECNOLOGIA, CONSULTORIA E SERVICOS LTDA. Objeto: Alterar quantitativamente o objeto contratado, correspondente à redução de 4,0577% em relação aos valores iniciais atualizados do contrato n.º 052/2019, referente à exclusão dos itens de serviço continuado de manutenção evolutiva 8 e 10 do objeto contratado, a contar de 22 de março de 2022, nos termos do art. 65, Inciso I, Alínea b, §§ 1º e 2º, Inciso II, da Lei nº 8.666/93. Vigência: 24/08/2022 a 30/12/2022. Valor Total Atualizado do Contrato: R$ 517.620,00. Data de Assinatura: 24/08/2022.</p><p>(COMPRASNET 4.0 - 24/08/2022).</p>]]></Texto>
  </body>
  <Midias />
</article></xml>