﻿<xml><article id="27764922" name="2022-08-29/9056735/COMPRASNETWS_" idOficio="9056735" pubName="DO3" artType="Extrato de Contrato" pubDate="30/08/2022" artClass="00013:00011:00009:00023:01940:00117:00000:00000:00000:00000:00031:00001" artCategory="Ministério da Defesa/Comando do Exército/Comando Militar do Leste/1ª Divisão de Exército/Artilharia Divisionária da 1ª Divisão de Exército/11º Grupo de Artilharia de Campanha" artSize="12" artNotes="" numberPage="43" pdfPage="http://pesquisa.in.gov.br/imprensa/jsp/visualiza/index.jsp?data=30/08/2022&amp;jornal=530&amp;pagina=43" editionNumber="165" highlightType="" highlightPriority="" highlight="" highlightimage="" highlightimagename="" idMateria="19839273">
  <body>
    <Identifica><![CDATA[ EXTRATO DE CONTRATO Nº 10/2022 - UASG 160263]]></Identifica>
    <Data><![CDATA[]]></Data>
    <Ementa />
    <Titulo />
    <SubTitulo />
    <Texto><![CDATA[<p class="identifica">EXTRATO DE CONTRATO Nº 10/2022 - UASG 160263</p><p>Nº Processo: 64546.009032/2021-29.</p><p>Pregão Nº 3/2021.</p><p>Contratante: 11 GRUPO DE ARTILHARIA DE CAMPANHA.</p><p>Contratado: 10.626.575/0001-78 - COMSUP COMERCIAL DE ALIMENTOS EIRELI.</p><p>Objeto: Aquisição de gêneros alimentícios e descartáveis - quantitativo de rancho (qr).</p><p>Fundamento Legal: LEI 10.520 / 2002 - Artigo: 1.</p><p>Vigência: 22/06/2022 a 31/12/2022.</p><p>Valor Total: R$ 264,00.</p><p>Data de Assinatura: 22/06/2022.</p><p>(COMPRASNET 4.0 - 22/08/2022).</p>]]></Texto>
  </body>
  <Midias />
</article></xml>