﻿<xml><article id="27765863" name="2022-08-29/9056797/COMPRASNETWS_" idOficio="9056797" pubName="DO3" artType="Extrato de Contrato" pubDate="30/08/2022" artClass="00018:00146:00000:00000:00000:00000:00000:00000:00000:00000:00031:00001" artCategory="Ministério da Educação/Fundação Universidade Federal de Roraima" artSize="12" artNotes="" numberPage="167" pdfPage="http://pesquisa.in.gov.br/imprensa/jsp/visualiza/index.jsp?data=30/08/2022&amp;jornal=530&amp;pagina=167" editionNumber="165" highlightType="" highlightPriority="" highlight="" highlightimage="" highlightimagename="" idMateria="19839348">
  <body>
    <Identifica><![CDATA[ EXTRATO DE CONTRATO Nº 65/2022 - UASG 154080]]></Identifica>
    <Data><![CDATA[]]></Data>
    <Ementa />
    <Titulo />
    <SubTitulo />
    <Texto><![CDATA[<p class="identifica">EXTRATO DE CONTRATO Nº 65/2022 - UASG 154080</p><p>Nº Processo: 23129.001113/2021-52.</p><p>Pregão Nº 3/2021. Contratante: UNIVERSIDADE FEDERAL DE RORAIMA. Contratado: 22.407.661/0001-79 - A C GALVAO JUNIOR ME. Objeto: Aquisição de material de uso zootécnico, semoventes e equipamentos de montaria. Fundamento Legal: Lei n°8.666/93 e LEI 10.520 / 2002 - Artigo: 1. Vigência: 26/08/2022 a 26/08/2023. Valor Total: R$ 85.769,00. Data de Assinatura: 26/08/2022.</p><p>(COMPRASNET 4.0 - 26/08/2022).</p>]]></Texto>
  </body>
  <Midias />
</article></xml>