﻿<xml><article id="27733240" name="PE 20221201" idOficio="9056787" pubName="DO3" artType="Aviso" pubDate="30/08/2022" artClass="00051:00007:00001:00000:00000:00000:00000:00000:00000:00000:00108:00000" artCategory="Governo do Estado/Governo do Estado do Ceará/Casa Civil" artSize="12" artNotes="" numberPage="308" pdfPage="http://pesquisa.in.gov.br/imprensa/jsp/visualiza/index.jsp?data=30/08/2022&amp;jornal=530&amp;pagina=308" editionNumber="165" highlightType="" highlightPriority="" highlight="" highlightimage="" highlightimagename="" idMateria="19839331">
  <body>
    <Identifica><![CDATA[ AVISO DE LICITAÇÃO]]></Identifica>
    <Data><![CDATA[ Fortaleza/CE, 22 de Agosto de 2022   ]]></Data>
    <Ementa />
    <Titulo />
    <SubTitulo />
    <Texto><![CDATA[<p class="identifica">AVISO DE LICITAÇÃO</p><p class="identifica">PREGÃO ELETRÔNICO Nº 20221201</p><p>A Secretaria da Casa Civil torna público o Pregão Eletrônico Nº 20221201 de interesse da Secretaria da Saúde - SESA, cujo OBJETO é: Registro de Preço para futuras e eventuais aquisições de material odontológico, conforme especificações contidas no Edital e seus Anexos. RECEBIMENTO DAS PROPOSTAS VIRTUAIS: No endereço www.comprasnet.gov.br, através do Nº 12012022, até o dia 12/09/2022, às 14h30min (Horário de Brasília-DF). OBTENÇÃO DO EDITAL: No endereço eletrônico acima ou no site www.seplag.ce.gov.br</p><p class="data">Fortaleza/CE, 22 de Agosto de 2022</p><p class="assina">CARLOS ALBERTO COELHO LEITÃO</p><p class="cargo">Pregoeiro</p>]]></Texto>
  </body>
  <Midias />
</article></xml>