﻿<xml><article id="27732671" name="AQUIDAUANA EC DOU" idOficio="9056225" pubName="DO3" artType="Extrato de Contrato" pubDate="30/08/2022" artClass="00052:00011:00019:00000:00000:00000:00000:00000:00000:00000:00031:00000" artCategory="Prefeituras/Estado do Mato Grosso do Sul/Prefeitura Municipal de Aquidauana" artSize="12" artNotes="" numberPage="367" pdfPage="http://pesquisa.in.gov.br/imprensa/jsp/visualiza/index.jsp?data=30/08/2022&amp;jornal=530&amp;pagina=367" editionNumber="165" highlightType="" highlightPriority="" highlight="" highlightimage="" highlightimagename="" idMateria="19837681">
  <body>
    <Identifica><![CDATA[ EXTRATO DE CONTRATO ]]></Identifica>
    <Data><![CDATA[]]></Data>
    <Ementa />
    <Titulo />
    <SubTitulo />
    <Texto><![CDATA[<p class="identifica">EXTRATO DE CONTRATO</p><p>FINANCIAMENTO FINISA N° 602.514-65</p><p>PARTES: O Município de Aquidauana- MS, inscrito no CNPJ sob o nº. 03.452.299/0001-03, e a Caixa Econômica Federal, inscrita no CNPJ sob o n° 00.360.305/0001-04. OBJETO: Constitui o objeto do presente contrato de financiamento a execução de obras de pavimentação asfáltica e drenagem de águas pluviais em diversas ruas do Município de Aquidauana/MS. AMPARO LEGAL: Lei Complementar n° 101, de 04 de maio de 2000, Lei Municipal nº 2.745, de 17 de dezembro de 2021, Lei de Diretrizes Orçamentarias e Lei Orçamentaria Anual. VALOR: O valor atribuído ao presente contrato é de R$ 20.000.000,00(vinte milhões de reais). DOTAÇÃO ORÇAMENTÁRIA: as despesas decorrentes deste contrato correrão a conta da seguinte dotação orçamentária: Código da ação orçamentaria - 15.451.02051015. Código do Grupo de natureza de despesa- 4.4.90.51.00.00.00.00. Projeto/ação - Pavimentação de obras complementares de Infraestrutura urbana. PRAZO TOTAL DO FINANCIAMENTO: O prazo total deste contrato é de 120 meses, composto de carência de 12 meses e um período de amortização de 108 meses, sendo que a carência termina em 03/07/2023. VIGÊNCIA: 15/07/2032. DATA DA ASSINATURA: 15 de julho de 2022. ASSINAM: Augusto Vesar Merey Vilhalba- Caixa Econômica Federal - Agente Financeiro Odilon Ferraz Alves Ribeiro _ Prefeito Municipal - Tomador. ASSINATURAS: Odilon Ferraz Alves Ribeiro, Wilsandra Aparecida de Lima Beda e Rosa Aparecida dos Santos</p>]]></Texto>
  </body>
  <Midias />
</article></xml>