﻿<xml><article id="27764161" name="2022-08-29/9056564/COMPRASNETWS_" idOficio="9056564" pubName="DO3" artType="Retificação" pubDate="30/08/2022" artClass="00019:00037:00000:00000:00000:00000:00000:00000:00000:00000:00128:00001" artCategory="Ministério da Infraestrutura/Departamento Nacional de Infraestrutura de Transportes" artSize="12" artNotes="" numberPage="175" pdfPage="http://pesquisa.in.gov.br/imprensa/jsp/visualiza/index.jsp?data=30/08/2022&amp;jornal=530&amp;pagina=175" editionNumber="165" highlightType="" highlightPriority="" highlight="" highlightimage="" highlightimagename="" idMateria="19839079">
  <body>
    <Identifica><![CDATA[ EXTRATO DE TERMO ADITIVO Nº 6/2022 - UASG 393003]]></Identifica>
    <Data><![CDATA[]]></Data>
    <Ementa />
    <Titulo />
    <SubTitulo />
    <Texto><![CDATA[<p class="identifica">EXTRATO DE TERMO ADITIVO Nº 6/2022 - UASG 393003</p><p>Número do Contrato: 858/2016.</p><p>Nº Processo: 50600.052203/2016-66.</p><p>Pregão. Nº 336/2016. Contratante: DEPART.NAC.INFRA ESTRUTURA TRANSPORTES.. Contratado: 19.758.842/0001-35 - LCM CONSTRUCAO E COMERCIO S.A. Objeto: Retificação do 1º termo aditivo, 2º termo aditivo, 3º termo aditivo e 4º termo aditivo. Da retificação: na cláusula segunda - da prorrogação do 1º termo aditivo: onde se lê: " o prazo de vigência deste contrato será prorrogado por mais 12 (doze) meses, contados de 01.01.2020 à 01.01.2021, com eficácia legal após a publicação de seu extrato no diário oficial da união". Leia-se: "o prazo de vigência deste contrato será prorrogado por mais 368 (trezentos e sessenta e oito) dias, contados de 2.1.2020 a 4.01.2021, com eficácia legal após a publicação de seu extrato no diário oficial da união". Na cláusula terceira - da prorrogação de prazo e vigência do 2º termo aditivo: onde se lê: "o prazo de vigência e execução dos trabalhos objeto do tt- 858/2016-00, celebrado na data de 30/12/2016, com o início da vigência em 02/01/2017 e execução dos serviços em 02/01/2017, cujo vencimento da vigência está previsto para a data de 01/01/2021 e da execução venceu na data de 01/01/2020. Fica prorrogado o prazo de vigência por mais um período de 365 (trezentos e sessenta e cinco dias), acrescido de mais 90 (noventa) dias, tendo início de vigência em 02/01/2021 e o prazo final de vigência para a data de 02/04/2022. Fica prorrogado o prazo de execução por mais um período de 730 (setecentos e trinta dias), tendo início do prazo da execução para a data de 02/01/2020 e o prazo final de execução 01/01/2022, em razão dos motivos constantes no processo administrativo nº 50600.052203/2016-66". Leia-se: " o prazo de vigência e execução dos trabalhos objeto do tt- 858/2016-00, celebrado na data de 30/12/2016, com o início da vigência em 02/01/2017 e execução dos serviços em 02/01/2017, cujo vencimento da vigência está previsto para a data de 04/01/2021 e da execução venceu na data de 2/1/2020. Fica prorrogado o prazo de vigência por mais um período de 365 (trezentos e sessenta e cinco) dias, acrescido de mais 90 (noventa) dias, tendo início de vigência em 4/1/2021 e o prazo final de vigência para a data de 4/4/2022. Fica prorrogado o prazo de execução por mais um período de 729 (setecentos e vinte e nove) dias, tendo início do prazo da execução para a data de 2/1/2020 e o prazo final de execução 31/12/2021, em razão dos motivos constantes no processo administrativo nº 50600.052203/2016-66". Na cláusula terceira - dos procedimentos do 3º termo aditivo: onde se lê: " fica prorrogado o prazo de vigência por mais um período de 365 (trezentos e sessenta e cinco dias), acrescido de mais 90 (noventa) dias, tendo a data inicial de término de vigência em 01/01/2021 e a data final de término da vigência para a data de 01/04/2022. Fica prorrogado o prazo de execução por mais um período de 730 (setecentos e trinta dias), tendo a data inicial de término do prazo da execução para a data de 01/01/2020 e a data final do prazo de execução para a data de 31/12/2021 ". Leia-se: " fica prorrogado o prazo de vigência por mais um período de 365 (trezentos e sessenta e cinco) dias, acrescido de mais 90 (noventa) dias, tendo início de vigência em 4/1/2021 e o prazo final de vigência para a data de 4/4/2022. fica prorrogado o prazo de execução por mais um período de 729 (setecentos e trinta) dias, tendo início do prazo da execução para a data de 2/1/2020 e o prazo final de execução 31/12/2021, em razão dos motivos constantes no processo administrativo nº 50600.052203/2016-66". Na cláusula terceira - da prorrogação de vigência do 5º termo aditivo: onde se lê: " o prazo de vigência do contrato nº 00 00858/2016, celebrado em data de 30/12/2016, publicado em data de 02/01/2017, cuja vigência está prevista para a data de 01/04/2022. Fica prorrogado por mais um período de 365 (trezentos e sessenta e cinco) dias consecutivos, contados a partir de 01/04/2022, passando o prazo final de vigência para 01/04/2023, conforme documento - prazímetro (sei n° 10894849)". Leia-se: "o prazo de vigência do contrato nº 00 00858/2016, celebrado em data de 30/12/2016, publicado em data de 02/01/2017, cuja vigência está prevista para a data de 4/4/2022. Fica prorrogado por mais um período de 365 (trezentos e sessenta e cinco) dias consecutivos, contados a partir de 4/4/2022, passando o prazo final de vigência para 4/4/2023".. Vigência: 24/08/2022 a 04/04/2023. Valor Total Atualizado do Contrato: R$ 15.459.155,42. Data de Assinatura: 24/08/2022.</p><p>(COMPRASNET 4.0 - 24/08/2022).</p>]]></Texto>
  </body>
  <Midias />
</article></xml>