﻿<xml><article id="27733423" name="24. Public Aviso Adjudic-Homolog" idOficio="9056882" pubName="DO3" artType="Aviso de Homologação e Adjudicação" pubDate="30/08/2022" artClass="00050:04602:08100:00000:00000:00000:00000:00000:00000:00000:00078:00000" artCategory="Ineditoriais/FUNDAÇÃO DE APOIO À PESQUISA AO ENSINO E A CULTURA" artSize="12" artNotes="" numberPage="296" pdfPage="http://pesquisa.in.gov.br/imprensa/jsp/visualiza/index.jsp?data=30/08/2022&amp;jornal=530&amp;pagina=296" editionNumber="165" highlightType="" highlightPriority="" highlight="" highlightimage="" highlightimagename="" idMateria="19839416">
  <body>
    <Identifica><![CDATA[ AVISO DE ADJUDICAÇÃO E HOMOLOGAÇÃO PREGÃO ELETRÔNICO N° 9/2022]]></Identifica>
    <Data><![CDATA[ Campo Grande/MS, 25 de agosto de 2022. ]]></Data>
    <Ementa />
    <Titulo />
    <SubTitulo />
    <Texto><![CDATA[<p class="identifica">AVISO DE ADJUDICAÇÃO E HOMOLOGAÇÃO PREGÃO ELETRÔNICO N° 9/2022</p><p>A Fundação de Apoio à Pesquisa, ao Ensino e à Cultura - FAPEC, por intermédio da Comissão de Licitações, torna público que, conforme processo n° 000.087/2022, referente ao PREGÃO ELETRÔNICO N° 009/2022, e nos termos da legislação vigente, foi homologado seu resultado no dia 22/08/2022, cujo objeto é a escolha da proposta mais vantajosa para aquisição de notebooks, tablets, impressora e projetor multimídia (material permanente), visando atender o Convênio nº 08/2021 - Programa de Estágio supervisionado e capacitação técnica do Governo do Estado de Mato Grosso do Sul, conforme condições, quantidades e exigências estabelecidas no Edital e seus anexos, sendo adjudicado em 22/08/2022, pelo pregoeiro ora signatário, a seguinte empresa vencedora dos itens da licitação epigrafada: B. Daniel Informática, CNPJ: 11.607.273/0001-15, arrematante do item: 1, pelo valor total de R$ 37.800,80; Licita HB Informática Ltda, CNPJ: 38.422.516/0001-05, arrematante dos Itens: 2 e 4, pelo valor total de R$ 12.275,00; A V Freitas Marques Ltda, CNPJ: 45.853.627/0001-23, arrematante do Item 3, pelo valor total de R$ 4.360,00. Outras informações, a partir dos dados gerais desse pregão, nos portais www.licitacoes-e.com.br</p><p class="data">Campo Grande/MS, 25 de agosto de 2022.</p><p class="assina">Edison Manoel Cardoso</p><p class="cargo">Pregoeiro</p>]]></Texto>
  </body>
  <Midias />
</article></xml>