﻿<xml><article id="27732956" name="Dalmar - 15568 FUNDO MUNICIPAL D" idOficio="9056390" pubName="DO3" artType="Aviso" pubDate="30/08/2022" artClass="00052:00013:00149:00001:00000:00000:00000:00000:00000:00000:00108:00000" artCategory="Prefeituras/Estado do Pará/Prefeitura Municipal de Melgaço/Fundo Municipal de Educação de Melgaço" artSize="12" artNotes="" numberPage="398" pdfPage="http://pesquisa.in.gov.br/imprensa/jsp/visualiza/index.jsp?data=30/08/2022&amp;jornal=530&amp;pagina=398" editionNumber="165" highlightType="" highlightPriority="" highlight="" highlightimage="" highlightimagename="" idMateria="19838802">
  <body>
    <Identifica><![CDATA[ AVISO DE RETIFICAÇÃO (*)]]></Identifica>
    <Data><![CDATA[]]></Data>
    <Ementa />
    <Titulo />
    <SubTitulo />
    <Texto><![CDATA[<p class="identifica">AVISO DE RETIFICAÇÃO (*)</p><p>Na publicação do dia 18 de agosto de 2022, Seção 3 página 281, do Diário Oficial da União, CORRIJA-SE o objeto da Tomada de Preços nº TP-009/2022-SELIC-PMM para "Contratação de Empresa Especializada para Executar as Obras de Construção da Escola Santos Dumont, no Rio Junã e Ampliação da Escola Porto Algre, na Ilha da Galileia, Zona Rural do Município de Melgaço/PA", ficando inalterada as demais disposições.</p><p class="assina">LILIANE MEDEIROS FERREIRA</p><p class="cargo">Presidente da Comissão</p><p class="nota">N. da Codou: Publicado nesta data por ter sido omitido do DOU de 26/8/2022.</p>]]></Texto>
  </body>
  <Midias />
</article></xml>