﻿<xml><article id="27765081" name="2022-08-29/9056718/COMPRASNETWS_" idOficio="9056718" pubName="DO3" artType="Extrato de Contrato" pubDate="30/08/2022" artClass="00018:00048:00014:00000:00000:00000:00000:00000:00000:00000:00031:00001" artCategory="Ministério da Educação/Instituto Federal de Educação, Ciência e Tecnologia Baiano/Campus Uruçuca" artSize="12" artNotes="" numberPage="89" pdfPage="http://pesquisa.in.gov.br/imprensa/jsp/visualiza/index.jsp?data=30/08/2022&amp;jornal=530&amp;pagina=89" editionNumber="165" highlightType="" highlightPriority="" highlight="" highlightimage="" highlightimagename="" idMateria="19839256">
  <body>
    <Identifica><![CDATA[ EXTRATO DE CONTRATO Nº 7/2022 - UASG 154617]]></Identifica>
    <Data><![CDATA[]]></Data>
    <Ementa />
    <Titulo />
    <SubTitulo />
    <Texto><![CDATA[<p class="identifica">EXTRATO DE CONTRATO Nº 7/2022 - UASG 154617</p><p>Nº Processo: 23335.250939/2020-99.</p><p>Pregão Nº 9/2021. Contratante: INST. FED. BAIANO - CAMPUS URUCUCA.</p><p>Contratado: 07.887.934/0001-36 - ESFERA SERVICOS E EMPREENDIMENTOS EIRELI. Objeto: Contratação de serviços continuados de apoio às atividades administrativas e limpeza, conservação e higienização, com disponibilização de mão de obra em regime de dedicação exclusiva.</p><p>Fundamento Legal: LEI 10.520 / 2002 - Artigo: 1. Vigência: 05/09/2022 a 04/09/2023. Valor Total: R$ 35.254,56. Data de Assinatura: 25/08/2022.</p><p>(COMPRASNET 4.0 - 26/08/2022).</p>]]></Texto>
  </body>
  <Midias />
</article></xml>