﻿<xml><article id="27732917" name="uniao contrato 180 PE 55" idOficio="9056676" pubName="DO3" artType="Extrato de Contrato" pubDate="30/08/2022" artClass="00052:00014:00349:00000:00000:00000:00000:00000:00000:00000:00031:00000" artCategory="Prefeituras/Estado do Paraná/Prefeitura Municipal de Querência do Norte" artSize="12" artNotes="" numberPage="410" pdfPage="http://pesquisa.in.gov.br/imprensa/jsp/visualiza/index.jsp?data=30/08/2022&amp;jornal=530&amp;pagina=410" editionNumber="165" highlightType="" highlightPriority="" highlight="" highlightimage="" highlightimagename="" idMateria="19839205">
  <body>
    <Identifica><![CDATA[ EXTRATO DE CONTRATO]]></Identifica>
    <Data><![CDATA[]]></Data>
    <Ementa />
    <Titulo />
    <SubTitulo />
    <Texto><![CDATA[<p>CNPJ 76.973.692/0001-16-Querência do Norte - Paraná</p><p class="identifica">EXTRATO DE CONTRATO</p><p>PREGÃO Nº 55/2022 - CONTRATO Nº 180/2022</p><p>OBJETO: AQUISIÇÃO DE 01 MOTOCICLETA, NOVA, ZERO KM Empresa: NSA GUADALUPE COMERCIO E SERVIÇO LTDA, CNPJ 17.252.813/0001-71, BRSILIA (DF). PRAZO EXECUÇÃO: 12 MESES. VALOR: R$ 20.390,00 ( Vinte Mil, Trezentos e Noventa Reais),FORO DA COMARCA DE LOANDA, PARA DIRIMIR QUESTÕES ORIUNDAS DESTE CONTRATO. Querência do Norte-PR, 23 de Agosto de 2022. ALEX SANDRO FERNANDES - Prefeito.</p>]]></Texto>
  </body>
  <Midias />
</article></xml>