﻿<xml><article id="27732389" name="AVISO DE LICITAAAO PE 032-2022 2" idOficio="9056766" pubName="DO3" artType="Aviso de Licitação-Pregão" pubDate="30/08/2022" artClass="00052:00005:00498:00001:00000:00000:00000:00000:00000:00000:00164:00000" artCategory="Prefeituras/Estado da Bahia/Prefeitura Municipal de Vitória da Conquista/Secretaria de Administração" artSize="12" artNotes="" numberPage="338" pdfPage="http://pesquisa.in.gov.br/imprensa/jsp/visualiza/index.jsp?data=30/08/2022&amp;jornal=530&amp;pagina=338" editionNumber="165" highlightType="" highlightPriority="" highlight="" highlightimage="" highlightimagename="" idMateria="19839305">
  <body>
    <Identifica><![CDATA[ AVISO DE LICITAÇÃO  PREGÃO ELETRÔNICO Nº 32/2022]]></Identifica>
    <Data><![CDATA[]]></Data>
    <Ementa />
    <Titulo />
    <SubTitulo />
    <Texto><![CDATA[<p class="identifica">AVISO DE LICITAÇÃO PREGÃO ELETRÔNICO Nº 32/2022</p><p>O Município de Vitória da Conquista - BA realizará pregão, do tipo menor preço global por lote, para futura contratação de empresa especializada no FORNECIMENTO DE EXTINTORES E PRESTAÇÃO DE SERVIÇO PARA RECARGAS E MANUTENÇÃO DOS MESMOS, conforme especificações descritas: Sessão pública on-line através do site www.licitações-e.com.br, sob o ID 958317 ou https://www.dom.pmvc.ba.gov.br/, no link "Processos licitatórios". Início da sessão: 14/09/2022, às 14h30, horário de Brasília/DF. Informações: (77) 3429-7761.</p><p class="assina">SÉRGIO NASCIMENTO SANTOS</p><p class="cargo">Pregoeiro</p><p class="assina">EDGARD LARRY ANDRADE SOARES</p><p class="cargo">Secretário Municipal de Educação - SMED</p>]]></Texto>
  </body>
  <Midias />
</article></xml>