﻿<xml><article id="27731534" name="PUBLICAAAO DOu 1 ICA ABER PROP S" idOficio="9056337" pubName="DO3" artType="Aviso" pubDate="30/08/2022" artClass="00052:00006:00100:00000:00000:00000:00000:00000:00000:00000:00108:00000" artCategory="Prefeituras/Estado do Ceará/PREFEITURA MUNICIPAL DE ICÓ" artSize="12" artNotes="" numberPage="342" pdfPage="http://pesquisa.in.gov.br/imprensa/jsp/visualiza/index.jsp?data=30/08/2022&amp;jornal=530&amp;pagina=342" editionNumber="165" highlightType="" highlightPriority="" highlight="" highlightimage="" highlightimagename="" idMateria="19838579">
  <body>
    <Identifica><![CDATA[  AVISO DE LICITAÇÃO]]></Identifica>
    <Data><![CDATA[]]></Data>
    <Ementa />
    <Titulo />
    <SubTitulo />
    <Texto><![CDATA[<p class="identifica">AVISO DE LICITAÇÃO</p><p class="identifica">Tomada de Preços Nº 15.02/2022</p><p>A Presidente da Comissão Permanente de Licitação, comunica que, após prazo recursal da habilitação, convoca os interessados, especialmente os que participam do procedimento licitatório Tomada de Preços Nº 15.02/2022TP, cujo objeto: Contratação de empresa para construção de uma Unidade Básica de Tratamento Intensivo - UTI, do Hospital Regional Vale do Salgado Oriel Guimarães Nunes, junto a Secretária de Saúde, conforme projeto e orçamento em anexo, para Abertura dos Envelopes N° 02 (Proposta de Preços) que será realizada no dia 31/08/2022, às 09h na sala de Reunião localizada na Rua Francisca Alves de Morais S/N, Gerência, 1° Andar, Icó/CE.</p><p class="assina">Michelle Roque Guedes.</p>]]></Texto>
  </body>
  <Midias />
</article></xml>