﻿<xml><article id="27732446" name="Aviso de Licitcao -Pregao 24 -me" idOficio="9056750" pubName="DO3" artType="Aviso de Licitação" pubDate="30/08/2022" artClass="00052:00016:00186:00000:00000:00000:00000:00000:00000:00000:00081:00000" artCategory="Prefeituras/Estado de Pernambuco/Prefeitura Municipal de Santa Cruz do Capibaribe" artSize="12" artNotes="" numberPage="423" pdfPage="http://pesquisa.in.gov.br/imprensa/jsp/visualiza/index.jsp?data=30/08/2022&amp;jornal=530&amp;pagina=423" editionNumber="165" highlightType="" highlightPriority="" highlight="" highlightimage="" highlightimagename="" idMateria="19839288">
  <body>
    <Identifica><![CDATA[AVISO DE LICITAÇÃO  PREGÃO ELETRÔNICO Nº 10/2022 ]]></Identifica>
    <Data><![CDATA[ Santa Cruz do Capibaribe-PE, 26 de agosto de 2022.]]></Data>
    <Ementa />
    <Titulo />
    <SubTitulo />
    <Texto><![CDATA[<p></p><p class="identifica">AVISO DE LICITAÇÃO PREGÃO ELETRÔNICO Nº 10/2022</p><p>PROCESSO DE LICITAÇÃO Nº. 012/2022-REGISTRO DE PREÇO - CPL/SMS</p><p>Objeto: Registro de preços para Aquisição de Medicamentos, processo nº 4 (MEDICAMENTOS DESERTOS E FRACASSADOS dos seguintes processos: processo nº 12-2022, pregão eletrônico nº 10/2022; processo nº 15-2022, pregão eletrônico 12/2022 e processo nº 017-2022, pregão eletrônico 014/2022), para atender as necessidades da Secretaria de Saúde do Município de Santa Cruz do Capibaribe/PE, conforme especificação e quantitativo contidos no Apêndice I deste anexo. Valor total estimado R$ estimado R$ 2.559.072,95 (dois milhões, quinhentos e cinquenta e nove mil, setenta e dois reais e noventa e cinco centavos). Data e hora de abertura: 12/09/2022 às 10h:00min (horário de Brasília/DF), pela plataforma BNC no sítio: www.bnc.org.br. Informações: os interessados poderão acessar e fazer o Download do Edital e seus anexos nos sites: www.bnc.org.br e no portal da transparência do município no sitio: www.santacruzdocapibaribe.pe.gov.br. Mais informações e esclarecimentos podem ser obtidos na sala da CPL, situada na Rua José Antônio Joaquim nº 140, Bairro Bela Vista, Santa Cruz do Capibaribe, PE, no horário de 7:00h as 13:00h, de segunda a sexta-feira ou pelo e-mail: licitsantacc@outlook.com. Santa Cruz do Capibaribe.</p><p class="data">Santa Cruz do Capibaribe-PE, 26 de agosto de 2022.</p><p class="assina">Andrezza Christinne Interaminense</p><p class="cargo">Pregoeira</p>]]></Texto>
  </body>
  <Midias />
</article></xml>