﻿<xml><article id="27760315" name="2022-08-29/9056810/COMPRASNETWS_" idOficio="9056810" pubName="DO3" artType="Extrato de Termo Aditivo" pubDate="30/08/2022" artClass="00018:00102:00000:00000:00000:00000:00000:00000:00000:00000:00054:00001" artCategory="Ministério da Educação/Universidade Federal do Oeste da Bahia" artSize="12" artNotes="" numberPage="121" pdfPage="http://pesquisa.in.gov.br/imprensa/jsp/visualiza/index.jsp?data=30/08/2022&amp;jornal=530&amp;pagina=121" editionNumber="165" highlightType="" highlightPriority="" highlight="" highlightimage="" highlightimagename="" idMateria="19839361">
  <body>
    <Identifica><![CDATA[ EXTRATO DE TERMO ADITIVO Nº 2/2022 - UASG 158717]]></Identifica>
    <Data><![CDATA[]]></Data>
    <Ementa />
    <Titulo />
    <SubTitulo />
    <Texto><![CDATA[<p class="identifica">EXTRATO DE TERMO ADITIVO Nº 2/2022 - UASG 158717</p><p>Número do Contrato: 3/2017.</p><p>Nº Processo: 23520.014404/2016-82.</p><p>Pregão. Nº 40/2016. Contratante: UNIVERSIDADE FEDERAL DO OESTE DA BAHIA. Contratado: 00.482.840/0001-38 - LIDERANCA LIMPEZA E CONSERVACAO LTDA. Objeto: Prorrogar o prazo de vigência, estabelecido na cláusula segunda do contrato nº 03/2017, pelo período de 09/09/2022 a 09/10/2022. Vigência: 09/09/2022 a 09/10/2022. Valor Total Atualizado do Contrato: R$ 3.427.676,13. Data de Assinatura: 26/08/2022.</p><p>(COMPRASNET 4.0 - 26/08/2022).</p>]]></Texto>
  </body>
  <Midias />
</article></xml>