﻿<xml><article id="27764005" name="2022-08-29/9056834/COMPRASNETWS_" idOficio="9056834" pubName="DO3" artType="Extrato de Termo Aditivo" pubDate="30/08/2022" artClass="00018:00154:00000:00000:00000:00000:00000:00000:00000:00000:00054:00001" artCategory="Ministério da Educação/Universidade Federal de Uberlândia" artSize="12" artNotes="" numberPage="171" pdfPage="http://pesquisa.in.gov.br/imprensa/jsp/visualiza/index.jsp?data=30/08/2022&amp;jornal=530&amp;pagina=171" editionNumber="165" highlightType="" highlightPriority="" highlight="" highlightimage="" highlightimagename="" idMateria="19839394">
  <body>
    <Identifica><![CDATA[ EXTRATO DE TERMO ADITIVO Nº 3/2022 - UASG 154043]]></Identifica>
    <Data><![CDATA[]]></Data>
    <Ementa />
    <Titulo />
    <SubTitulo />
    <Texto><![CDATA[<p class="identifica">EXTRATO DE TERMO ADITIVO Nº 3/2022 - UASG 154043</p><p>Número do Contrato: 40/2019.</p><p>Nº Processo: 23117.041108/2019-69.</p><p>Pregão. Nº 171/2019. Contratante: FUNDACAO UNIVERSIDADE FEDERAL DE UBERLANDIA. Contratado: 14.345.806/0001-26 - SELECTA SERVICOS GLOBALIZADOS LTDA. Objeto: Prorrogar a vigência contratual por mais 12 (doze) meses, de 10/01/2023 até 10/01/2024, sem reajuste de preços.. Vigência: 10/01/2023 a 10/01/2024. Valor Total Atualizado do Contrato: R$ 242.425,80. Data de Assinatura: 26/08/2022.</p><p>(COMPRASNET 4.0 - 26/08/2022).</p>]]></Texto>
  </body>
  <Midias />
</article></xml>