﻿<xml><article id="27733168" name="DOC A ( TRES LEOES)" idOficio="9056783" pubName="DO3" artType="Extrato da Ata" pubDate="30/08/2022" artClass="00052:00015:00067:00002:00000:00000:00000:00000:00000:00000:00182:00000" artCategory="Prefeituras/Estado da Paraíba/Prefeitura Municipal de Campina Grande/Secretaria de Administração" artSize="12" artNotes="" numberPage="413" pdfPage="http://pesquisa.in.gov.br/imprensa/jsp/visualiza/index.jsp?data=30/08/2022&amp;jornal=530&amp;pagina=413" editionNumber="165" highlightType="" highlightPriority="" highlight="" highlightimage="" highlightimagename="" idMateria="19839322">
  <body>
    <Identifica><![CDATA[ EXTRATO DA ATA DE REGISTRO DE PREÇOS Nº 42/2022 - A]]></Identifica>
    <Data><![CDATA[]]></Data>
    <Ementa />
    <Titulo />
    <SubTitulo />
    <Texto><![CDATA[<p class="identifica">EXTRATO DA ATA DE REGISTRO DE PREÇOS Nº 42/2022 - A</p><p>ATA DE REGISTRO DE PREÇOS PUBLICADA NA ÍNTEGRA NO SEMANÁRIO OFICIAL</p><p>MODALIDADE LICITATÓRIA: PREGÃO ELETRÔNICO Nº 39/2022. objeto a aquisição de fios cirúrgicos para atender as demandas dos hospitais: (isea, pedro i, hospital da criança, hospital municipal dr. edgley, upas e zoonoses) do município de Campina Grande, Estado da Paraíba. órgão gerenciador da ata: secretaria municipal de administração. licitante registrado:TRES LEOES MATERIAL HOSPITALAR LTDA, inscrita no cnpj sob o nº 00.175.233/0001-25, valor global registrado: R$ 2.281.500,00 (Dois milhões, duzentos e oitenta e um mil e quinhentos reais); o valor total registrado desta ata é de R$ 2.281.500,00 (Dois milhões, duzentos e oitenta e um mil e quinhentos reais); validade da ata: 12 (doze) meses. data de assinatura da ata: 10 de Agosto de 2022</p>]]></Texto>
  </body>
  <Midias />
</article></xml>