﻿<xml><article id="27732656" name="CONTRATO COMODATO" idOficio="9056651" pubName="DO3" artType="Extrato de Comodato" pubDate="30/08/2022" artClass="00020:00029:00026:00000:00000:00000:00000:00000:00000:00000:00028:00000" artCategory="Ministério da Justiça e Segurança Pública/Polícia Rodoviária Federal/Superintendência Regional no Rio Grande do Sul" artSize="12" artNotes="" numberPage="185" pdfPage="http://pesquisa.in.gov.br/imprensa/jsp/visualiza/index.jsp?data=30/08/2022&amp;jornal=530&amp;pagina=185" editionNumber="165" highlightType="" highlightPriority="" highlight="" highlightimage="" highlightimagename="" idMateria="19839180">
  <body>
    <Identifica><![CDATA[  EXTRATO DE CONTRATO Nº 4 NAT/RS - COMODATO/2022]]></Identifica>
    <Data><![CDATA[]]></Data>
    <Ementa />
    <Titulo />
    <SubTitulo />
    <Texto><![CDATA[<p class="identifica">EXTRATO DE CONTRATO Nº 4 NAT/RS - COMODATO/2022</p><p>CONTRATANTES: a Uniao, representada pelo Departamento de Policia Rodoviaria Federal, por intermedio da Superintendência da Policia Rodoviaria Federal no Rio Grande do Sul, com sede em Porto Alegre-RS, CNPJ 00.394.494/0114-13, neste ato representada por Robson de Oliveira Souza, CPF 046.309.766-12, Superintendente da Policia Rodoviaria Federal no Rio Grande do Sul, e por Emerson Roberto Muniz da Silva, CPF 514.000.903-00, Superintendente Executivo da Policia Rodoviaria Federal no Rio Grande do Sul, como Comodataria, e a Cooperativa Triticola Sarandi LTDA, Pessoa Juridica em forma de Cooperativa, com sede em Sarandi-RS, CNPJ 97.320.451/0001-48, neste ato representada pelo Sr. Presidente, Walter Vontobel, CPF 125.664.380-72, e pelo Sr Vice-Presidente, Joao Carlos Chini, CPF 154.943.300-87, como Comodante. Objeto: USO GRATUITO DE PARTE DA INFRAESTRUTURA DE TORRE (ESPAcO DE AEV - aREA DE EXPOSIcaO AO VENTO - EM TORRE) E aREA EM SOLO localizada nas seguintes coordenadas geograficas: Latitude (graus, minutos, segundos) 27.59,7.08,S e Longitude (graus, minutos, segundos) 052,54,9.37,O, ao lado da BR 386, no bairro conhecido como Beira Campo, dentro da area do complexo do Silo da Cooperativa, a uma altitude de 633 metros, considerada a base da torre, em relacao ao nivel do mar, em conformidade com as disposicoes contidas nos artigos 579 a 585 do Codigo Civil, as normas disciplinares da Lei n. 8.666, de 21 de junho de 1993, e as clausulas constantes deste Contrato/Comodato. Assinatura: 14 de julho de 2022. Vigência: 14/07/2022 a 14/07/2032. Processo PRF n. 08660.023496/2021-61.</p>]]></Texto>
  </body>
  <Midias />
</article></xml>