﻿<xml><article id="27767087" name="2022-08-29/9056756/COMPRASNETWS_" idOficio="9056756" pubName="DO3" artType="Extrato de Termo Aditivo" pubDate="30/08/2022" artClass="00014:00042:00000:00000:00000:00000:00000:00000:00000:00000:00054:00001" artCategory="Ministério do Desenvolvimento Regional/Agência Nacional de Águas e Saneamento Básico" artSize="12" artNotes="" numberPage="58" pdfPage="http://pesquisa.in.gov.br/imprensa/jsp/visualiza/index.jsp?data=30/08/2022&amp;jornal=530&amp;pagina=58" editionNumber="165" highlightType="" highlightPriority="" highlight="" highlightimage="" highlightimagename="" idMateria="19839294">
  <body>
    <Identifica><![CDATA[ EXTRATO DE TERMO ADITIVO Nº 2/2022 - UASG 443001]]></Identifica>
    <Data><![CDATA[]]></Data>
    <Ementa />
    <Titulo />
    <SubTitulo />
    <Texto><![CDATA[<p class="identifica">EXTRATO DE TERMO ADITIVO Nº 2/2022 - UASG 443001</p><p>Número do Contrato: 60/2015.</p><p>Nº Processo: 02501.000913/2014-14.</p><p>SEXTO TERMO ADITIVO AO CONTRATO Nº 060/2015/ANA; Contratante: AGENCIA NACIONAL DE AGUAS E SANEAMENTO BASICO. Contratada: 05.232.089/0001-35 - B3 INDUSTRIA DE EMBARCACOES S/A. Objeto: Prorrogar a vigência contratual para até 02/09/2023. Data de Assinatura: 25/08/2022.</p><p>(COMPRASNET 4.0 - 25/08/2022).</p>]]></Texto>
  </body>
  <Midias />
</article></xml>