﻿<xml><article id="27732497" name="DOU PUBLICAAAO LICITAAAO NA 069-" idOficio="9056759" pubName="DO3" artType="Aviso de Licitação" pubDate="30/08/2022" artClass="00052:00023:00266:00000:00000:00000:00000:00000:00000:00000:00081:00000" artCategory="Prefeituras/Estado de Santa Catarina/Prefeitura Municipal de Salete" artSize="12" artNotes="" numberPage="452" pdfPage="http://pesquisa.in.gov.br/imprensa/jsp/visualiza/index.jsp?data=30/08/2022&amp;jornal=530&amp;pagina=452" editionNumber="165" highlightType="" highlightPriority="" highlight="" highlightimage="" highlightimagename="" idMateria="19839298">
  <body>
    <Identifica><![CDATA[ AVISO DE LICITAÇÃO ]]></Identifica>
    <Data><![CDATA[ Salete/SC, 329 de agosto de 2022.]]></Data>
    <Ementa />
    <Titulo />
    <SubTitulo />
    <Texto><![CDATA[<p class="identifica">AVISO DE LICITAÇÃO</p><p class="identifica">TOMADA DE PREÇOS</p><p>LICITAÇÃO Nº 69/2022 Modalidade: TOMADA DE PREÇOS</p><p>OBJETO: Contratação de empresa especializada em obras e serviços de engenharia para a execução da Operação nº 1073822-77/2021 - Convênio nº 909432/2020 - Objeto: Construção de mirante no Município de Salete - Gestor: MTUR/CAIXA e Município de Salete/SC, conforme projeto em anexo. Entrega dos envelopes da documentação: Na Prefeitura de Salete, até as 09h00min, do dia 15/09/2022. Abertura dos Envelopes das propostas: Na Prefeitura de Salete, às 09h30min, do dia 15/09/2022. O Edital completo encontra-se a disposição dos interessados na Prefeitura Municipal, Imprensa Oficial do Município, na Divisão de Compras, de segunda a sexta-feira no horário normal de expediente ou pelo telefone (047) 3563-0266. Sendo ainda que o edital poderá ser retirado no site: www.salete.sc.gov.br ou pelo e-mail: licitacoes@salete.sc.gov.br.</p><p class="data">Salete/SC, 329 de agosto de 2022.</p><p class="assina">Solange Aparecida Bitencourt Schlichting</p><p class="cargo">Prefeita</p>]]></Texto>
  </body>
  <Midias />
</article></xml>