﻿<xml><article id="27763981" name="2022-08-29/9056843/COMPRASNETWS_" idOficio="9056843" pubName="DO3" artType="Extrato de Termo Aditivo" pubDate="30/08/2022" artClass="00006:00009:00012:00017:00000:00000:00000:00000:00000:00000:00054:00001" artCategory="Presidência da República/Advocacia-Geral da União/Secretaria-Geral de Administração/Superintendência Regional de Administração 1ª Região" artSize="12" artNotes="" numberPage="1" pdfPage="http://pesquisa.in.gov.br/imprensa/jsp/visualiza/index.jsp?data=30/08/2022&amp;jornal=530&amp;pagina=1" editionNumber="165" highlightType="" highlightPriority="" highlight="" highlightimage="" highlightimagename="" idMateria="19839403">
  <body>
    <Identifica><![CDATA[ EXTRATO DE TERMO ADITIVO Nº 1/2022 - UASG 110161]]></Identifica>
    <Data><![CDATA[]]></Data>
    <Ementa />
    <Titulo />
    <SubTitulo />
    <Texto><![CDATA[<p class="identifica">EXTRATO DE TERMO ADITIVO Nº 1/2022 - UASG 110161</p><p>Número do Contrato: 36/2021.</p><p>Nº Processo: 00676.001703/2020-64.</p><p>Pregão. Nº 12/2021. Contratante: SUPERINTENDENCIA REGIONAL DE ADMINISTRAÇÃO DA 1ª REGIÃO. Contratado: 20.838.277/0001-03 - 3R COMERCIO E SERVICOS DE MAQUINAS LTDA. Objeto: Prorrogar seu prazo de vigência por mais 12 (doze) meses e reajustar o valor do contrato. Vigência: 01/09/2022 a 01/09/2023. Valor Total Atualizado do Contrato: R$ 161.109,88. Data de Assinatura: 25/08/2022.</p><p>(COMPRASNET 4.0 - 25/08/2022).</p>]]></Texto>
  </body>
  <Midias />
</article></xml>