﻿<xml><article id="27732581" name="AVISO - DOU__3DC3OU" idOficio="9056627" pubName="DO3" artType="Aviso de Licitação" pubDate="30/08/2022" artClass="00052:00010:00068:00000:00000:00000:00000:00000:00000:00000:00081:00000" artCategory="Prefeituras/Estado de Mato Grosso/PREFEITURA MUNICIPAL DE GUARANTÃ DO NORTE" artSize="12" artNotes="" numberPage="361" pdfPage="http://pesquisa.in.gov.br/imprensa/jsp/visualiza/index.jsp?data=30/08/2022&amp;jornal=530&amp;pagina=361" editionNumber="165" highlightType="" highlightPriority="" highlight="" highlightimage="" highlightimagename="" idMateria="19839156">
  <body>
    <Identifica><![CDATA[ AVISO DE LICITAÇÃO PREGÃO ELETRÔNICO Nº 52/2022]]></Identifica>
    <Data><![CDATA[ Guarantã do Norte/MT, 29 de agosto de 2022.]]></Data>
    <Ementa />
    <Titulo />
    <SubTitulo />
    <Texto><![CDATA[<p class="identifica">AVISO DE LICITAÇÃO PREGÃO ELETRÔNICO Nº 52/2022</p><p>O Município de Guarantã do Norte/MT representado pela Prefeitura Municipal, torna público para conhecimento dos interessados, que realizará a licitação na modalidade Pregão Eletrônico nº 052/2022, cujo objeto é Contratação de empresa especializada no fornecimento de PÁ CARREGADEIRA, para atender as necessidades da Secretaria Municipal de Infraestrutura Rural e Serviços Urbanos, no Município de Guarantã do Norte - MT, conforme termo de referência (Anexo I). Onde ocorrerá para todos os efeitos jurídicos legais, na página da Bolsa de Licitações e Leilões (www.bll.org.br), com abertura de disputa prevista para o dia 16/09/2022 às 09h00min (horário de Brasília). O edital encontra-se disponível no endereço eletrônico www.guarantadonorte.mt.gov.br, podendo ser retirado também na página eletrônica da Bolsa de Licitações e Leilões (www.bll.org.br) onde se realizará a licitação.</p><p class="data">Guarantã do Norte/MT, 29 de agosto de 2022.</p><p class="assina">Ana Raquel Cassol.</p><p class="cargo">Pregoeira</p>]]></Texto>
  </body>
  <Midias />
</article></xml>