﻿<xml><article id="27733306" name="EXTRATO - ARP nA 92-2022 (Vero)" idOficio="9056829" pubName="DO3" artType="Extrato de Registro de Preços" pubDate="30/08/2022" artClass="00026:00002:00011:00006:00000:00000:00000:00000:00000:00000:00048:00000" artCategory="Ministério da Saúde/Secretaria Executiva/Departamento de Logística em Saúde/Coordenação-Geral de Licitações e Contratos de Insumos Estratégicos para Saúde" artSize="12" artNotes="" numberPage="202" pdfPage="http://pesquisa.in.gov.br/imprensa/jsp/visualiza/index.jsp?data=30/08/2022&amp;jornal=530&amp;pagina=202" editionNumber="165" highlightType="" highlightPriority="" highlight="" highlightimage="" highlightimagename="" idMateria="19839387">
  <body>
    <Identifica><![CDATA[ EXTRATO  DE REGISTRO DE PREÇOS]]></Identifica>
    <Data><![CDATA[]]></Data>
    <Ementa />
    <Titulo />
    <SubTitulo />
    <Texto><![CDATA[<p></p><p class="identifica">EXTRATO DE REGISTRO DE PREÇOS</p><p>Espécie: Ata de Registro de Preços nº 92/2022 - Pregão Eletrônico - SRP n. º 64/2022; Processo de Execução: 25000.117991/2022-11.</p><p /><p></p><table><tr /><tr><td rowspan="1" colspan="1"><p>Item</p></td><td rowspan="1" colspan="1"><p>Descrição</p><p>do</p><p>Objeto</p></td><td rowspan="1" colspan="1"><p>Unidade</p><p>de</p><p>Fornecimento</p></td><td rowspan="1" colspan="1"><p>Quantidade</p></td><td rowspan="1" colspan="1"><p>Preço</p><p>Unitário</p><p>(R$)</p></td><td rowspan="1" colspan="1"><p>Preço</p><p>Total</p><p>(R$)</p></td></tr><tr><td rowspan="1" colspan="1"><p>19</p></td><td rowspan="1" colspan="1"><p>Luva para Procedimento não Cirúrgico, Látex Natural Íntegro e Uniforme, Grande</p></td><td rowspan="1" colspan="1"><p>Unidade</p></td><td rowspan="1" colspan="1"><p>1.590.000</p></td><td rowspan="1" colspan="1"><p>0,1408</p></td><td rowspan="1" colspan="1"><p>223.872,00</p></td></tr><tr><td rowspan="1" colspan="1"><p>20</p></td><td rowspan="1" colspan="1"><p>Luva para Proc. não Cirúrgico, Grande cota res. de 25% ME/EPP do item 19</p></td><td rowspan="1" colspan="1"><p>Unidade</p></td><td rowspan="1" colspan="1"><p>530.000</p></td><td rowspan="1" colspan="1"><p>0,1408</p></td><td rowspan="1" colspan="1"><p>74.624,00</p></td></tr><tr><td rowspan="1" colspan="1"><p>21</p></td><td rowspan="1" colspan="1"><p>Luva para Procedimento não Cirúrgico, Látex Natural Íntegro e Uniforme, Médio</p></td><td rowspan="1" colspan="1"><p>Unidade</p></td><td rowspan="1" colspan="1"><p>2.940.000</p></td><td rowspan="1" colspan="1"><p>0,1408</p></td><td rowspan="1" colspan="1"><p>413.952,00</p></td></tr><tr><td rowspan="1" colspan="1"><p>22</p></td><td rowspan="1" colspan="1"><p>Luva para Proc. não Cirúrgico, Médio cota res. de 25% ME/EPP do item 21</p></td><td rowspan="1" colspan="1"><p>Unidade</p></td><td rowspan="1" colspan="1"><p>980.000</p></td><td rowspan="1" colspan="1"><p>0,1408</p></td><td rowspan="1" colspan="1"><p>137.984,00</p></td></tr><tr><td rowspan="1" colspan="1"><p>23</p></td><td rowspan="1" colspan="1"><p>Luva para Procedimento não Cirúrgico, Látex Natural Íntegro e Uniforme, Pequeno</p></td><td rowspan="1" colspan="1"><p>Unidade</p></td><td rowspan="1" colspan="1"><p>2.420.250</p></td><td rowspan="1" colspan="1"><p>0,1408</p></td><td rowspan="1" colspan="1"><p>340.771,20</p></td></tr><tr><td rowspan="1" colspan="1"><p>24</p></td><td rowspan="1" colspan="1"><p>Luva para Proc. não Cirúrgico, Pequeno cota res. de 25% ME/EPP do item 23</p></td><td rowspan="1" colspan="1"><p>Unidade</p></td><td rowspan="1" colspan="1"><p>806.750</p></td><td rowspan="1" colspan="1"><p>0,1408</p></td><td rowspan="1" colspan="1"><p>113.590,40</p></td></tr></table><p></p><p>Partes: DLOG/SE/MINISTÉRIO DA SAÚDE X VERO MEDICAL IMPORTAÇÃO, EXPORTAÇÃO E COMÉRCIO DE PRODUTOS MÉDICOS LTDA. Vigência: 25.08.2022 a 25.08.2023</p><p></p>]]></Texto>
  </body>
  <Midias />
</article></xml>