﻿<xml><article id="27766172" name="2022-08-27/8656178/COMPRASNETWS_" idOficio="8656178" pubName="DO3" artType="Extrato de Apostilamento" pubDate="30/08/2022" artClass="00019:00037:00099:00000:00000:00000:00000:00000:00000:00000:00143:00001" artCategory="Ministério da Infraestrutura/Departamento Nacional de Infraestrutura de Transportes/Superintendência Regional na Paraíba" artSize="12" artNotes="" numberPage="178" pdfPage="http://pesquisa.in.gov.br/imprensa/jsp/visualiza/index.jsp?data=30/08/2022&amp;jornal=530&amp;pagina=178" editionNumber="165" highlightType="" highlightPriority="" highlight="" highlightimage="" highlightimagename="" idMateria="18487516">
  <body>
    <Identifica><![CDATA[ EXTRATO DE APOSTILAMENTO Nº 2/2022 - UASG 393017]]></Identifica>
    <Data><![CDATA[]]></Data>
    <Ementa />
    <Titulo />
    <SubTitulo />
    <Texto><![CDATA[<p class="identifica">EXTRATO DE APOSTILAMENTO Nº 2/2022 - UASG 393017</p><p>Número do Contrato: 595/2021.</p><p>Nº Processo: 50613.002686/2019-51.</p><p>Contratante: SUPERINTENDENCIA REG. NO ESTADO PB - DNIT. Contratado: 38.848.107/0001-67 - VANGUARDA CONSTRUCOES E SERVICOS DE CONSERVACAO VIARIA. Objeto: Apostila-se a presente àquele contrato para efeito de controle financeiro - orçamentário na forma prevista nos artigos 65, § 8º, da lei 8.666/93 e suas alterações, aditando-se ao item (3.1) da cláusula terceira - preço a seguinte redação: "o item (3.1) da cláusula terceira - preço fica acrescido do seguinte: o valor estimado do presente contrato passa a ser de r$ 40.164.096,12 (pi+r), em decorrência do aumento da parcela de reajustamento no valor de r$ 6.651.166,86. A parcela de reajustamento passa de r$ 8.427.993,74 para r$ 15.079.160,60. A presente apostila fica fazendo parte integrante e inseparável do contrato sr/pb-0595/2021-00, e seus eventuais aditivos, que ficam inteiramente ratificados em seus termos, cláusulas e condições. A presente apostila terá eficácia a partir da data da sua assinatura.. Vigência: 05/11/2021 a 28/04/2023. Valor Total Atualizado do Contrato: R$ 40.164.096,12. Data de Assinatura: 24/08/2022.</p><p>(COMPRASNET 4.0 - 24/08/2022).</p>]]></Texto>
  </body>
  <Midias />
</article></xml>