﻿<xml><article id="27732359" name="PUBLICAAAO DOu 1 BEBERIBE PE BEB" idOficio="9056336" pubName="DO3" artType="Aviso de Licitação-Pregão" pubDate="30/08/2022" artClass="00052:00006:00043:00000:00000:00000:00000:00000:00000:00000:00164:00000" artCategory="Prefeituras/Estado do Ceará/Prefeitura Municipal de Beberibe" artSize="12" artNotes="" numberPage="340" pdfPage="http://pesquisa.in.gov.br/imprensa/jsp/visualiza/index.jsp?data=30/08/2022&amp;jornal=530&amp;pagina=340" editionNumber="165" highlightType="" highlightPriority="" highlight="" highlightimage="" highlightimagename="" idMateria="19838578">
  <body>
    <Identifica><![CDATA[ Aviso de Licitação ]]></Identifica>
    <Data><![CDATA[]]></Data>
    <Ementa />
    <Titulo />
    <SubTitulo />
    <Texto><![CDATA[<p class="identifica">Aviso de Licitação</p><p class="identifica">Pregão Eletrônico nº 2022.08.25.014-SRP-SME</p><p>O Pregoeiro, torna público para conhecimento dos licitantes e demais interessados, o Edital de Licitação de Pregão Eletrônico nº 2022.08.25.014-SRP-SME, do tipo Menor Preço, cujo objeto: Registro de preços visando futuras e eventuais aquisições de materiais destinados à premiação para atender as necessidades da Secretaria de Educação do Município, que do dia 30/08/2022 à 13/09/2022 até às 08h (Horário de Brasília), estará recebendo as Propostas de Preços e Documentos de Habilitação referentes a este Pregão, no Endereço Eletrônico www.bll.org.br. A Abertura das Propostas acontecerá no dia 13/09/2022, às 09h (Horário de Brasília) e o início da Sessão de Disputa de Lances ocorrerá a partir das 09:30h do dia 13/09/2022 (Horário de Brasília). O edital na íntegra encontra-se à disposição dos interessados para consulta na sala da Comissão Permanente de Licitação, situada na Rua João Tomaz Ferreira, nº 42 - Centro - Beberibe/CE e no site www.tce.ce.gov.br. Maiores informações pelos fones: (85) 3338-1234 / (85) 3338-2010, no horário das 08h às 14h.</p><p class="assina">Adson Costa Chaves.</p>]]></Texto>
  </body>
  <Midias />
</article></xml>