﻿<xml><article id="27767483" name="2022-08-29/9056793/COMPRASNETWS_" idOficio="9056793" pubName="DO3" artType="Extrato de Contrato" pubDate="30/08/2022" artClass="00013:00012:00027:00006:00004:00006:00000:00000:00000:00000:00031:00001" artCategory="Ministério da Defesa/Comando da Marinha/Diretoria-Geral do Pessoal/Diretoria de Saúde/Centro Médico Assistencial/Sanatório Naval de Nova Friburgo" artSize="12" artNotes="" numberPage="56" pdfPage="http://pesquisa.in.gov.br/imprensa/jsp/visualiza/index.jsp?data=30/08/2022&amp;jornal=530&amp;pagina=56" editionNumber="165" highlightType="" highlightPriority="" highlight="" highlightimage="" highlightimagename="" idMateria="19839344">
  <body>
    <Identifica><![CDATA[ EXTRATO DE CARTA CONTRATO Nº 2/2022 - UASG 765706]]></Identifica>
    <Data><![CDATA[]]></Data>
    <Ementa />
    <Titulo />
    <SubTitulo />
    <Texto><![CDATA[<p class="identifica">EXTRATO DE CARTA CONTRATO Nº 2/2022 - UASG 765706</p><p>Nº Processo: 63069.003184/2022-17.</p><p>Dispensa Nº 81/2022. Contratante: SANATORIO NAVAL DE NOVA FRIBURGO.</p><p>Contratado: 21.502.369/0001-72 - ANTONIO CARLOS PEREIRA PINHEIRO 51790149720. Objeto: Manutenção do sistema de cftv e do sistema de detecção de incêndio do sanatório naval.</p><p>Fundamento Legal: LEI 14.133/2021 - Artigo: 75 - Inciso: II. Vigência: 11/08/2022 a 11/08/2023. Valor Total: R$ 10.920,00. Data de Assinatura: 11/08/2022.</p><p>(COMPRASNET 4.0 - 29/08/2022).</p>]]></Texto>
  </body>
  <Midias />
</article></xml>