﻿<xml><article id="27732974" name="Extrato de Contrato IN 00014 - 2" idOficio="9056555" pubName="DO3" artType="Extrato de Contrato" pubDate="30/08/2022" artClass="00052:00015:00051:00000:00000:00000:00000:00000:00000:00000:00031:00000" artCategory="Prefeituras/Estado da Paraíba/PREFEITURA MUNICIPAL DE BREJO DO CRUZ" artSize="12" artNotes="" numberPage="413" pdfPage="http://pesquisa.in.gov.br/imprensa/jsp/visualiza/index.jsp?data=30/08/2022&amp;jornal=530&amp;pagina=413" editionNumber="165" highlightType="" highlightPriority="" highlight="" highlightimage="" highlightimagename="" idMateria="19839070">
  <body>
    <Identifica><![CDATA[ EXTRATO DE CONTRATO]]></Identifica>
    <Data><![CDATA[]]></Data>
    <Ementa />
    <Titulo />
    <SubTitulo />
    <Texto><![CDATA[<p class="identifica">EXTRATO DE CONTRATO</p><p>Contratação da cantora Alice Maciel para a realização de um show artístico na festa de Emancipação Política da cidade, no dia 23 de setembro de 2022 em praça pública em Brejo do Cruz-PB. FUNDAMENTO LEGAL: Inexigibilidade de Licitação nº IN00014/2022. DOTAÇÃO: Recursos Próprios do Município de Brejo do Cruz: Unidade: 03 Secretaria de Administração Funcional: 04.122.1003.2.004 Manutenção das Atividades da Secretaria da Administração 3.3.90.93.00.00.00.00 0500 Outros Serviços de Terceiros - Pessoa Jurídica - Recursos não vinculados de impostos Unidade: 10 Secretaria de Cultura, Desportos e Turismo Funcional: 13.392.2013.2.043 Incentivo e Promoção de Eventos e Atividades Artísticas e Culturais 3.3.90.39.00.00.00.00 0500 Outros Serviços de Terceiros - Pessoa Jurídica - Recursos não vinculados de impostos Funcional: 13.392.2013.2.044 Realização de Eventos e Festividades Populares no Município 3.3.90.39.00.00.00.00 0500 Outros Serviços de Terceiros - Pessoa Jurídica - Recursos não vinculados de impostos Funcional: 27.122.1003.2.010 Manutenção das Atividades da Secretaria de Cultura, Desportos e Turismo 3.3.90.39.00.00.00.00 0500 Outros Serviços de Terceiros - Pessoa Jurídica - Recursos não vinculados de impostos. VIGÊNCIA: até 16/11/2022. PARTES CONTRATANTES: Prefeitura Municipal de Brejo do Cruz e: CT Nº 00169/2022 - 16.08.22 - SOM MACIEL EVENTOS E PRODUCOES LTDA - R$ 12.000,00.</p>]]></Texto>
  </body>
  <Midias />
</article></xml>