﻿<xml><article id="27733333" name="AVISO DE LICITAAAO MENOR = DOU -" idOficio="9056833" pubName="DO3" artType="Aviso de Licitação" pubDate="30/08/2022" artClass="00052:00012:00904:00000:00000:00000:00000:00000:00000:00000:00081:00000" artCategory="Prefeituras/Estado de Minas Gerais/PREFEITURA MUNICIPAL DE SANTA RITA DO SAPUCAÍ" artSize="12" artNotes="" numberPage="387" pdfPage="http://pesquisa.in.gov.br/imprensa/jsp/visualiza/index.jsp?data=30/08/2022&amp;jornal=530&amp;pagina=387" editionNumber="165" highlightType="" highlightPriority="" highlight="" highlightimage="" highlightimagename="" idMateria="19839392">
  <body>
    <Identifica><![CDATA[AVISO DE LICITAÇÃO ]]></Identifica>
    <Data><![CDATA[ Santa Rita do Sapucaí / MG, 29 de Agosto de 2022]]></Data>
    <Ementa />
    <Titulo />
    <SubTitulo />
    <Texto><![CDATA[<p class="identifica">AVISO DE LICITAÇÃO</p><p class="identifica">PREGÃO ELETRÔNICO Nº 73/2022</p><p>Tornamos pública a realização de Certame do Processo Licitatório PRC N.º 154/2022, na modalidade PREGÃO ELETRÔNICO Nº. 073/2022, Registro de Preços N.º 073/2022, do tipo MENOR PREÇO POR ITEM no dia 20 de Setembro de 2022, às 08h30min, tendo por objeto a contratação de empresa para prestação de serviços de COFFEE BREAK, fornecimento de bolos confeitados e salgados para atender as necessidades das secretarias solicitantes do município de Santa Rita do Sapucaí/MG. Edital disponível em: www.pmsrs.mg.gov.br.</p><p class="data">Santa Rita do Sapucaí / MG, 29 de Agosto de 2022</p><p class="assina">Gislaine Karine da Silveira</p><p class="cargo">Chefe da Divisão de Licitação</p>]]></Texto>
  </body>
  <Midias />
</article></xml>