﻿<xml><article id="27732530" name="Homologa PE 003-2022 DOU" idOficio="9056584" pubName="DO3" artType="Aviso de Homologação" pubDate="30/08/2022" artClass="00051:00009:00039:00000:00000:00000:00000:00000:00000:00000:00077:00000" artCategory="Governo do Estado/Governo do Estado de Goiás/Secretaria da Segurança Pública e Justiça" artSize="12" artNotes="FIM VAL" numberPage="311" pdfPage="http://pesquisa.in.gov.br/imprensa/jsp/visualiza/index.jsp?data=30/08/2022&amp;jornal=530&amp;pagina=311" editionNumber="165" highlightType="" highlightPriority="" highlight="" highlightimage="" highlightimagename="" idMateria="19839100">
  <body>
    <Identifica><![CDATA[ AVISO DE HOMOLOGAÇÃO E ADJUDICAÇÃO ]]></Identifica>
    <Data><![CDATA[]]></Data>
    <Ementa />
    <Titulo />
    <SubTitulo />
    <Texto><![CDATA[<p class="identifica">AVISO DE HOMOLOGAÇÃO E ADJUDICAÇÃO</p><p class="identifica">PREGÃO ELETRÔNICO Nº 3/2022</p><p>Às 15:46 horas do dia 25 de agosto de 2.022, após constatada a regularidade dos atos procedimentais, a autoridade competente da Secretaria de Estado de Segurança Pública, ADJUDICA aos licitantes abaixo relacionados os respectivos itens e HOMOLOGA os atos referentes ao Processo 202100007069251, Pregão 003/2022. Resultado da Homologação. Item nº 01 - Situação: Adjudicado. Homologado à empresa: 16.900.062/0001-90 - NAVESA VEÍCULOS LTDA. Valor Total: R$ 123.500,00.</p><p class="assina">Deusny Aparecido Silva Filho</p><p class="cargo">Subsecretário da Segurança Pública</p>]]></Texto>
  </body>
  <Midias />
</article></xml>