﻿<xml><article id="27731762" name="Public IN AVISO DE LICITAAAO PRE" idOficio="9056379" pubName="DO3" artType="Aviso de Licitação-Pregão" pubDate="30/08/2022" artClass="00052:00021:00033:00000:00000:00000:00000:00000:00000:00000:00164:00000" artCategory="Prefeituras/Estado de Rondônia/Prefeitura Municipal de Mirante da Serra" artSize="12" artNotes="" numberPage="443" pdfPage="http://pesquisa.in.gov.br/imprensa/jsp/visualiza/index.jsp?data=30/08/2022&amp;jornal=530&amp;pagina=443" editionNumber="165" highlightType="" highlightPriority="" highlight="" highlightimage="" highlightimagename="" idMateria="19838757">
  <body>
    <Identifica><![CDATA[  AVISO DE LICITAÇÃO]]></Identifica>
    <Data><![CDATA[Mirante da Serra - RO, 26 de agosto de 2022.]]></Data>
    <Ementa />
    <Titulo />
    <SubTitulo />
    <Texto><![CDATA[<p></p><p class="identifica">AVISO DE LICITAÇÃO</p><p class="identifica">PREGÃO ELETRÔNICO Nº 53/CP/2022</p><p>O Município de Mirante da Serra/RO, torna público, para conhecimento dos interessados que, realizará a licitação na modalidade PREGÃO ELETRÔNICO, do tipo MENOR PREÇO POR ITEM, COM PARTICIPAÇÃO EXCLUSIVA MEI/ME/EPP. Processo nº 1143/SEMMAAGRIT/2022. Objeto: Aquisição de materiais permanentes do tipo Implementos Agrícolas (Emenda Parlamentar transferências especiais nº 202141490003), para atendimento das necessidades da Secretaria Municipal de Meio Ambiente, Agricultura e Turismo - SEMMAAGRIT, devidamente autorizado por meio do Ofício 105/SEMMAAGRIT/2022, especificações constantes no Termo de referência, e demais anexos deste edital.</p><p>Valor estimado: R$ 128.560,00. Data do recebimento das propostas, a partir do dia 26/08/2022 até o dia 12/09/2022 às 10h00min e abertura da sessão no dia 12/09/2022 às 10h01min (horário de Brasília (DF)), no endereço eletrônico www.licitanet.com.br. O edital e todos os elementos que o integram poderá ser acessado, lido e retirada cópia gratuitamente nos sites: http://www.transparencia.mirantedaserra.ro.gov.br e www.licitanet.com.br. Outras informações no email pregoeiro@mirantedaserra.ro.gov.br ou no departamento de licitações da prefeitura municipal de Mirante da Serra/RO, cito a Rua Dom Pedro I, 2389, Centro, Cep. 76.926-000, de segunda a sexta-feira das 07h00min às 13h:00min, excetos feriados.</p><p class="data">Mirante da Serra - RO, 26 de agosto de 2022.</p><p class="assina">WILDISON CANDIDO ARAUJO</p><p class="cargo">Pregoeiro</p>]]></Texto>
  </body>
  <Midias />
</article></xml>