﻿<xml><article id="27735782" name="Aviso DOU - AdjudicaAAo e Homolo" idOficio="9056301" pubName="DO3" artType="Aviso de Homologação e Adjudicação" pubDate="30/08/2022" artClass="00051:00018:00049:00000:00000:00000:00000:00000:00000:00000:00078:00000" artCategory="Governo do Estado/Governo do Estado do Piauí/Secretaria da Saúde" artSize="12" artNotes="VER" numberPage="315" pdfPage="http://pesquisa.in.gov.br/imprensa/jsp/visualiza/index.jsp?data=30/08/2022&amp;jornal=530&amp;pagina=315" editionNumber="165" highlightType="" highlightPriority="" highlight="" highlightimage="" highlightimagename="" idMateria="19838499">
  <body>
    <Identifica><![CDATA[ AVISO DE ADJUDICAÇÃO E HOMOLOGAÇÃO]]></Identifica>
    <Data><![CDATA[]]></Data>
    <Ementa />
    <Titulo />
    <SubTitulo />
    <Texto><![CDATA[<p class="identifica">AVISO DE ADJUDICAÇÃO E HOMOLOGAÇÃO</p><p class="identifica">CHAMAMENTO PÚBLICO Nº 1/2022-CESCP/SESAPI-RETIFICADO</p><p>OBJETO Chamamento Público para Credenciamento de Pessoa (s) Jurídica (s) Especializadas na realização de Cirurgia de Catarata, incluindo consulta, cirurgia e pós-operatório com gerenciamento, deslocamento, operação, manutenção e mão de obra especializada de forma itinerante nas 11 (onze) Regiões de Saúde do Piauí, para atender as necessidades da Secretaria de Estado da Saúde do Piauí - SESAPI. Tendo em vista o cumprimento das exigências editalícias por parte da empresa credenciada, com base no Artigo 38, inciso VI da Lei nº 8.666/93, c/c. Artigo 25 da Lei nº 8.666/93 c/c. Artigo 26 da Lei nº 8.666/93 c/c. Artigo 43, inciso VI da Lei nº 8.666/1993, o Exmo. Secretário de Estado da Saúde resolve, para que possa ser conhecido pelo público em geral e para fins de intimação e conhecimento dos interessados: 1. RATIFICAR o procedimento sob a Inexigibilidade de Licitação nº 06/2022-SESAPI, com fundamento no Artigo 25, caput, da Lei nº 8.666/93 c/c Artigo 26 da Lei nº 8.666/93, à empresa Credenciada: HOSPITAL DA VISÃO DO MEIO NORTE LTDA: CNPJ: 23.671.122/0001-05; Responsável Técnico: Thiago de Castro Ramalho - CPF nº 411.685.933-87 - CRM/PI nº 2655, para realização de Cirurgia de Catarata, incluindo consulta, cirurgia e pós-operatório com gerenciamento, deslocamento, operação, manutenção e mão de obra especializada de forma itinerante nas 11 (onze) Regiões de Saúde do Piauí, para atender as necessidades da Secretaria de Estado da Saúde do Piauí - SESAPI, no valor total de R$ 28.500.000,00. 2. ADJUDICAR o objeto do certame à empresa HOSPITAL DA VISÃO DO MEIO NORTE LTDA, inscrito no CNPJ sob o nº 23.671.122/0001-05, pelo valor total de R$ 28.500.000,00 (vinte e oito milhões e quinhentos mil reais); 3. HOMOLOGAR o procedimento licitatório referente ao CHAMAMENTO PÚBLICO Nº 01/2022-CESCP/SESAPI-RETIFICADO, Processo SEI nº 00012.014510/2022-49, com sessões constantes das Atas das sessões públicas realizadas na sala Comissão Especial de Seleção do Chamamento Público, situada à Avenida Pedro Freitas, s/nº, 1º andar, bloco A, Centro Administrativo, CEP: 64.018-900, Teresina-PI, conforme condições e especificações contidas no Termo de Referência e no Edital. 4. DETERMINAR que todas as medidas cabíveis para a contratação da referida empresa sejam adotadas.</p><p class="assina">Antônio Néris Machado Júnior</p><p class="cargo">Secretário de Estado da Saúde do Piauí</p>]]></Texto>
  </body>
  <Midias />
</article></xml>