﻿<xml><article id="27732458" name="ADITIVO NA 04_2022 AO CONTRATO N" idOficio="9056645" pubName="DO3" artType="Extrato de Termo Aditivo" pubDate="30/08/2022" artClass="00018:00060:00000:00000:00000:00000:00000:00000:00000:00000:00054:00000" artCategory="Ministério da Educação/Instituto Federal de Educação, Ciência e Tecnologia de Minas Gerais" artSize="12" artNotes="" numberPage="104" pdfPage="http://pesquisa.in.gov.br/imprensa/jsp/visualiza/index.jsp?data=30/08/2022&amp;jornal=530&amp;pagina=104" editionNumber="165" highlightType="" highlightPriority="" highlight="" highlightimage="" highlightimagename="" idMateria="19839174">
  <body>
    <Identifica><![CDATA[ EXTRATO DE TERMO ADITIVO Nº 4/2022 AO CONTRATO Nº 80/2021]]></Identifica>
    <Data><![CDATA[]]></Data>
    <Ementa />
    <Titulo />
    <SubTitulo />
    <Texto><![CDATA[<p class="identifica">EXTRATO DE TERMO ADITIVO Nº 4/2022 AO CONTRATO Nº 80/2021</p><p>Termo Aditivo nº 04/2022 ao CONTRATO Nº 80/2021. Processo nº. 23213.002079/2022-27. Celebrantes: INSTITUTO FEDERAL DE EDUCAÇÃO, CIÊNCIA E TECNOLOGIA DE MINAS GERAIS E A FUNDAÇÃO ARTHUR BERNARDES (FUNARBE). Objeto: alteração do Plano de Trabalho do projeto "Elaboração e Implementação de Ambientes de Pesquisa no IFMG", Meta 01 "Estruturação de ambientes de pesquisa no IFMG: grupo de Pesquisas Interdisciplinares em Áreas Úmidas (Campus Ouro Preto)", com a inclusão de itens, sem acréscimo de valores. Fundamento Legal: Lei 8.666/93.</p>]]></Texto>
  </body>
  <Midias />
</article></xml>