﻿<xml><article id="27732935" name="HOJE - 27244 PREFEITURA MUNICIPA" idOficio="9056382" pubName="DO3" artType="Aviso" pubDate="30/08/2022" artClass="00052:00012:00396:00000:00000:00000:00000:00000:00000:00000:00108:00000" artCategory="Prefeituras/Estado de Minas Gerais/PREFEITURA MUNICIPAL DE DORES DO INDAIÁ" artSize="12" artNotes="" numberPage="375" pdfPage="http://pesquisa.in.gov.br/imprensa/jsp/visualiza/index.jsp?data=30/08/2022&amp;jornal=530&amp;pagina=375" editionNumber="165" highlightType="" highlightPriority="" highlight="" highlightimage="" highlightimagename="" idMateria="19838780">
  <body>
    <Identifica><![CDATA[AVISOS DE ADESÃO A  REGISTROS DE PREÇOS (*)]]></Identifica>
    <Data><![CDATA[Dores do Indaiá - MG, 25 de agosto de 2022.]]></Data>
    <Ementa />
    <Titulo />
    <SubTitulo />
    <Texto><![CDATA[<p class="identifica">AVISOS DE ADESÃO A REGISTROS DE PREÇOS (*)</p><p>A Prefeitura Municipal de Dores do Indaiá torna pública à adesão à Ata de Registro de Preços n.º 009/2022, Processo Administrativo n.º 037/2022.</p><p>A prefeitura Municipal de Dores do Indaiá torna pública a intenção de adesão à ata de registro de preços n.º 022/2022, pregão eletrônico com registro de preços n.° 007/2022, do consórcio intermunicipal para o desenvolvimento ambiental sustentável do norte de minas - CODANORTE, para aquisição de veículos adaptados, zero km, primeiro emplacamento, para atender às necessidades dos municípios consorciados ao CODANORTE, com fulcro na SES/MG n.º 8.097 de 2022, que autoriza o repasse de recursos financeiros de investimentos, na política de regulação do acesso, destinados à aquisição de veículos para municípios de Minas Gerais.</p><p>Informações podem ser obtidas no setor Licitações à Praça do Rosário, 268, Fone (37) 3551-6256 ou pelo e-mail - licitacao@doresdoindaia.mg.gov.br.</p><p class="data">Dores do Indaiá - MG, 25 de agosto de 2022.</p><p class="assina">SAMIRA DOS REIS ALCAMAND SILVA</p><p class="cargo">Pregoeiro</p><p class="nota">N. da Codou: Publicado nesta data por ter sido omitido do DOU de 26/8/2022.</p>]]></Texto>
  </body>
  <Midias />
</article></xml>