﻿<xml><article id="27766778" name="2022-08-24/7354322/siasgnet_1483" idOficio="7354322" pubName="DO3" artType="Aviso de Licitação-Pregão" pubDate="30/08/2022" artClass="00018:00142:00000:00000:00000:00000:00000:00000:00000:00000:00164:00001" artCategory="Ministério da Educação/Fundação Universidade Federal de Pelotas" artSize="12" artNotes="" numberPage="166" pdfPage="http://pesquisa.in.gov.br/imprensa/jsp/visualiza/index.jsp?data=30/08/2022&amp;jornal=530&amp;pagina=166" editionNumber="165" highlightType="" highlightPriority="" highlight="" highlightimage="" highlightimagename="" idMateria="14834705">
  <body>
    <Identifica><![CDATA[ AVISO DE LICITAÇÃO]]></Identifica>
    <Data><![CDATA[]]></Data>
    <Ementa />
    <Titulo />
    <SubTitulo />
    <Texto><![CDATA[<p class="identifica">AVISO DE LICITAÇÃO</p><p class="identifica">Pregão Eletrônico Nº 71/2022 - UASG 154047</p><p>Nº Processo: 23110030823202231. Objeto: Aquisição de projetores e de suporte para projetores. Total de Itens Licitados: 2. Edital: 30/08/2022 das 08h00 às 12h00 e das 13h00 às 17h00. Endereço: Rua Gomes Carneiro Num. 01, Centro - Pelotas/RS ou https://www.gov.br/compras/edital/154047-5-00071-2022. Entrega das Propostas: a partir de 30/08/2022 às 08h00 no site www.gov.br/compras. Abertura das Propostas: 13/09/2022 às 14h00 no site www.gov.br/compras. Informações Gerais: .</p><p class="assina">PRISCILA GONCALVES MARCHAND</p><p class="cargo">Pregoeira</p><p>(SIASGnet - 24/08/2022) 154047-15264-2022NE800000</p>]]></Texto>
  </body>
  <Midias />
</article></xml>