﻿<xml><article id="27733288" name="Andres Felipe Parra Quiroga GM -" idOficio="9056827" pubName="DO3" artType="Aviso" pubDate="30/08/2022" artClass="00011:00047:00011:00006:00003:00006:00000:00000:00000:00000:00108:00000" artCategory="Ministério da Ciência, Tecnologia e Inovações/Conselho Nacional de Desenvolvimento Científico e Tecnológico/Diretoria de Gestão e Tecnologia da Informação/Coordenação-Geral de Apoio Operacional/Coordenação de Apoio à Execução de Bolsa no País/Serviço de Bolsas de Formação no País" artSize="12" artNotes="" numberPage="25" pdfPage="http://pesquisa.in.gov.br/imprensa/jsp/visualiza/index.jsp?data=30/08/2022&amp;jornal=530&amp;pagina=25" editionNumber="165" highlightType="" highlightPriority="" highlight="" highlightimage="" highlightimagename="" idMateria="19839382">
  <body>
    <Identifica><![CDATA[  EDITAL DE NOTIFICAÇÃO Nº 7461/2021/SEBFP/COEBP/CGEAO/DGTI]]></Identifica>
    <Data><![CDATA[ Brasília/DF,  29 de agosto de 2022.]]></Data>
    <Ementa />
    <Titulo />
    <SubTitulo />
    <Texto><![CDATA[<p class="identifica">EDITAL DE NOTIFICAÇÃO Nº 7461/2021/SEBFP/COEBP/CGEAO/DGTI</p><p>Pelo presente fica notificado o Sr. Andres Felipe Parra Quiroga CPF: ***. 580.668--**, a cobrança documental do Relatório Técnico Final processo técnico nº 132293/2020-0 por se encontrar em lugar incerto e não sabido, para que, no prazo de 30 dias, realize a apresentação do documento. Informamos que o não atendimento deste comunicado implica no envio do processo ao SECOA, deste CNPq, para providências no que diz respeito à cobrança atualizada dos valores pagos referente ao período de bolsa, conforme legislação vigente.</p><p class="data">Brasília/DF, 29 de agosto de 2022.</p><p class="assina">Flavia Henriques Patrocínio</p><p class="cargo">Chefe do Serviço de Bolsas de Formação no País</p>]]></Texto>
  </body>
  <Midias />
</article></xml>