﻿<xml><article id="27765746" name="2022-08-28/9056463/SICONV_198388" idOficio="9056463" pubName="DO3" artType="Extrato de Convênio" pubDate="30/08/2022" artClass="00007:00049:00000:00000:00000:00000:00000:00000:00000:00000:00032:00001" artCategory="Ministério da Agricultura, Pecuária e Abastecimento/Secretaria de Inovação, Desenvolvimento Sustentável e Irrigação" artSize="12" artNotes="" numberPage="9" pdfPage="http://pesquisa.in.gov.br/imprensa/jsp/visualiza/index.jsp?data=30/08/2022&amp;jornal=530&amp;pagina=9" editionNumber="165" highlightType="" highlightPriority="" highlight="" highlightimage="" highlightimagename="" idMateria="19838894">
  <body>
    <Identifica><![CDATA[ EXTRATO DE TERMO ADITIVO]]></Identifica>
    <Data><![CDATA[]]></Data>
    <Ementa />
    <Titulo />
    <SubTitulo />
    <Texto><![CDATA[<p class="identifica">EXTRATO DE TERMO ADITIVO</p><p>Espécie: Termo Aditivo de Alteração da Vigência Nº 000001/2022 ao Convênio Nº 901852/2020. Convenentes: Concedente: MINISTÉRIO DA AGRICULTURA, PECUARIA E ABASTECIMENTO, Unidade Gestora: 130005. Convenente: MUNICIPIO DE IGUAPE, CNPJ nº 45550167000164. 901852/2020 - AQUISIÇÃO DE EQUIPAMENTOS AGRÍCOLAS PARA O FORTALECIMENTO DA ZONA RURAL DO MUNICÍPIO DE IGUAPE/SP. Valor Total: R$ 100.830,00, Valor de Contrapartida: R$ 830,00, Vigência: 18/08/2022 a 30/12/2022. Data de Assinatura: 31/12/2020. Signatários: Concedente: CLEBER OLIVEIRA SOARES, CPF nº 61672793572, Convenente: WILSON ALMEIDA LIMA, CPF nº 043.596.232-91.</p>]]></Texto>
  </body>
  <Midias />
</article></xml>