﻿<xml><article id="27733450" name="Aviso PE 91; 177; 178; 179; 180;" idOficio="9056922" pubName="DO3" artType="Aviso de Licitação" pubDate="30/08/2022" artClass="00052:00002:00064:00011:00000:00000:00000:00000:00000:00000:00081:00000" artCategory="Prefeituras/Estado de Alagoas/Prefeitura Municipal de Maceió/AGENCIA MUNICIPAL DE REGULAÇÃO DE SERVIÇOS DELEGADOS - ARSER" artSize="12" artNotes="A matéria foi rejeitada porque a identificação ultrapassou o limite de 150 caracteres." numberPage="320" pdfPage="http://pesquisa.in.gov.br/imprensa/jsp/visualiza/index.jsp?data=30/08/2022&amp;jornal=530&amp;pagina=320" editionNumber="165" highlightType="" highlightPriority="" highlight="" highlightimage="" highlightimagename="" idMateria="19839423">
  <body>
    <Identifica><![CDATA[ AVISOS DE LICITAção]]></Identifica>
    <Data><![CDATA[ Maceió/AL, 25 de agosto de 2022.]]></Data>
    <Ementa />
    <Titulo />
    <SubTitulo />
    <Texto><![CDATA[<p></p><p class="identifica">AVISOS DE LICITAção</p><p class="identifica">PREGÕES ELETRÔNICOS</p><p>O Município de Maceió, através da Comissão Permanente de Licitação - CPL/ARSER avisa que realizará licitação conforme resumo:</p><p>- INTERESSADO: ARSER. PE nº 091/2022- Reabertura. Processo nº 6700.0053723/2021. ARSER, informa que o pregão que estava agendado para o dia 30/05/2022 foi alterado para o dia 13/09/2022, devido a pedido de esclarecimento. Objeto: Registro de preços de material de informática para suporte e manutenção de computadores (itens fracassados do PE 84/2020). Total de Itens Licitados: 02. Data da Disponibilidade do Edital: A partir de 29/08/2022 de 08h00. Entrega das Propostas: A partir de 29/08/2022 às 08h00. Abertura das Propostas: 13/09/2022 às 10:00h.</p><p>- INTERESSADO: SMS. PE nº 177/2022 Processo nº: 6700/100292/2021. Objeto: Registro de Preços para aquisição de Medicamentos Veterinários. Total de Itens Licitados: 25. Data da Disponibilidade do Edital: A partir de 02/09/2022 de 08h00. Entrega das Propostas: A partir de 02/09/2022 às 08h00. Abertura das Propostas: 15/09/2022 às 09:00h.</p><p>- INTERESSADO: SMS. PE nº 178/2022 Processo nº: 5800.044356/2021. Objeto: Aquisição de material esportivo para a Gerência de Promoção em Educação e Saúde. Total de Itens Licitados: 21. Data da Disponibilidade dos Editais: A partir de 26/08/2022 de 08h00. Entrega das Propostas: A partir de 26/08/2022 às 08h00. Abertura das Propostas: 09/09/2022 às 09:00h.</p><p>- INTERESSADO: ARSER. PE nº 179/2022. Processo nº: 6700.031374/2022. Objeto: Registro de preços aquisição de medicamentos (remanescente do PE nº 98/2022). Total de Itens Licitados: 03. Data da Disponibilidade do Edital: A partir de 26/08/2022 de 08h. Entrega das Propostas: A partir de 26/08/2022. Abertura das Propostas: 12/09/2022 às 09:00h.</p><p>- INTERESSADO: ARSER PE nº 180/2022 Processo nº: 6700.080609/2022. Objeto: Registro de preços aquisição de medicamentos (remanescente do PE nº08/2022). Total de Itens Licitados: 04. Data da Disponibilidade do Edital: A partir de 29/08/2022 de 08h. Entrega das Propostas: A partir de 29/08/2022 às 08h00. Abertura das Propostas: 13/09/2022 às 09:00h.</p><p>- INTERESSADO: ARSER. PE nº 181/2022. Processo nº: 6700.067805/2022. Objeto: Registro de preços fornecimento de mochilas agente endemias (remanescente do PE nº128/2022). Total de Itens Licitados: 01. Data da Disponibilidade do Edital: A partir de 29/08/2022 de 08h. Entrega das Propostas: A partir de 29/08/2022 às 08h00. Abertura das Propostas: 14/09/2022 às 09:00h.</p><p>- INTERESSADO: ARSER. PE nº 182/2022. Processo nº: 6700.079658/2022. Objeto: Registro de preços fornecimento de produto limpeza e higiene (remanescente do PE nº125/2022). Total de Itens Licitados: 06. Data da Disponibilidade do Edital: A partir de 29/08/2022 de 08h. Entrega das Propostas: A partir de 29/08/2022 às 08h00. Abertura das Propostas: 19/09/2022 às 09:00h.</p><p>- INTERESSADO: ARSER. PE nº 183/2022. Processo nº: 6700.082583/2022. Objeto: Registro de preços fornecimento com instalação condicionador de ar (remanescente do PE nº130/2022).</p><p>Total de Itens Licitados: 02. Data da Disponibilidade do Edital: A partir de 29/08/2022 de 08h. Entrega das Propostas: A partir de 29/08/2022 às 08h00. Abertura das Propostas: 21/09/2022 às 09:00h.</p><p>- INTERESSADO: ARSER. PE nº 184/2022. Processo nº: 6700.078890/2022. Objeto: Registro de preços para aquisição de gêneros alimentícios 8. Total de Itens Licitados: 02. Data da Disponibilidade do Edital: A partir de 26/08/2022 de 08h00. Entrega das Propostas: A partir de 26/08/2022 às 08h00. Abertura das Propostas: 15/09/2022 às 08:00h.</p><p>- INTERESSADO: SMS. PE nº 185/2022. Processo nº: 5800.049698/2022. Objeto: Registro de preços para aquisição de medicamento. Total de Itens Licitados: 02. Data da Disponibilidade do Edital: A partir de 26/08/2022 de 08h00. Entrega das Propostas: A partir de 26/08/2022 às 08h00. Abertura das Propostas: 15/09/2022 às 10:00h.</p><p>- INTERESSADO: SMS. PE nº 186/2022. Processo nº: 5800.95447.2021. Objeto: Aquisição de mamadeiras, bicos e roupas para recém-nascido. Total de Itens Licitados: 12. Data da Disponibilidade do Edital: A partir de 26/08/2022 de 08h00. Entrega das Propostas: A partir de 26/08/2022 às 08h00. Abertura das Propostas: 13/09/2022 às 08:30h.</p><p>- INTERESSADO: ARSER. PE nº 187/2022. Processo nº: 6700.74506/2021 /2021. Objeto: Registro de Preços para aquisição de gêneros alimentícios. Total de Itens Licitados: 28. Data da Disponibilidade do Edital: A partir de 29/08/2022 de 08h00. Entrega das Propostas: A partir de 29/08/2022 às 08h00. Abertura das Propostas: 15/09/2022 às 08:30h.</p><p>- INTERESSADO: ARSER. PE nº 188/2022. Processo nº: 6700.087182/2022. Objeto: Registro de Preços de medicamentos. Total de Itens Licitados: 29. Data da Disponibilidade do Edital: A partir de 01/09/2022 das 08h00. Entrega das Propostas: A partir de 01/09/2022 às 08h00. Abertura das Propostas: 15/09/2022 às 10h.</p><p>- INTERESSADO: ARSER. PE nº 189/2022. Processo nº: 06700.84029/2022. Objeto: Registro de Preços para aquisição de pneus (itens fracassados do 96/2022 e 141/2022). Total de Itens Licitados: 05. Data da Disponibilidade do Edital: A partir de 30/08/2022 de 08h00. Entrega das Propostas: A partir de 30/08/2022 às 08h00. Abertura das Propostas: 12/09/2022 às 9h.</p><p>- INTERESSADO: ARSER. PE nº 190/2022. Processo nº: 6700.075588/2022. Objeto: Registro de Preços para aquisição de insumos odontológicos. Total de Itens Licitados: 6. Data da Disponibilidade do Edital: A partir de 29/08/2022 de 08h00. Entrega das Propostas: A partir de 29/08/2022 às 08h00. Abertura das Propostas: 12/09/2022 às 08h.</p><p>- INTERESSADO: SMS. PE nº 191/2022. Processo nº: 5800.016464/2021. Objeto: Registro de Preços para aquisição de instrumental odontológico. Total de Itens Licitados: 49. Data da Disponibilidade do Edital: A partir de 30/08/2022 de 08h00. Entrega das Propostas: A partir de 30/08/2022 às 08h00. Abertura das Propostas: 14/09/2022 às 08h.</p><p>- INTERESSADO: ARSER. PE nº 192/2022. Processo nº: 6700.87739/2022. Objeto: Registro de Preços para aquisição de insumos odontológicos. Total de Itens Licitados: 7. Data da Disponibilidade do Edital: A partir de 30/08/2022 de 08h00. Entrega das Propostas: A partir de 30/08/2022 às 08h00. Abertura das Propostas: 20/09/2022 às 08h.</p><p>- INTERESSADO: ARSER. PE nº 193/2022. Processo nº: 6700.040198/2022. Objeto: Registro de Preços para futura aquisição de Requeijão Cremoso. Total de Itens Licitados: 01. Data da Disponibilidade do Edital: A partir de 30/08/2022 de 08h00. Entrega das Propostas: A partir de 31/08/2022 às 08h00. Abertura das Propostas: 22/09/2022 às 08h.</p><p>- INTERESSADO: ARSER. PE nº 194/2022. Processo nº: 6700.087182.2022. Objeto: Registro de Preços para medicamentos REMUME 2015. Total de Itens Licitados: 01. Data da Disponibilidade do Edital: A partir de 31/08/2022 das 08h00 às 12h00 e das 13h às 17h30.</p><p>Endereços: Av. da Paz, 900, Jaraguá, Maceió/AL - CEP 57.022-050, ou www.comprasgovernamentais.gov.br/edital ou http://www.licitacao.maceio.al.gov.br/. Entrega das Propostas: A partir de 31/08/2022 às 08h00 no site http://www.comprasgovernamentais.gov.br/. Abertura das Propostas: 14/09/2022 às 10h00 (horário de Brasília) no site http://www.comprasnet.gov.br/. Telefone (082) 3312-5134/5106/5114/5110/5111/5104/5105/5102.</p><p class="data">Maceió/AL, 25 de agosto de 2022.</p><p class="assina">CAIO LUCAS VALENÇA COSTA BUARQUE</p><p class="cargo">Diretor, da Diretoria Especial de Licitações e Contratos</p>]]></Texto>
  </body>
  <Midias />
</article></xml>