﻿<xml><article id="27767033" name="2022-08-29/9056622/COMPRASNETWS_" idOficio="9056622" pubName="DO3" artType="Retificação" pubDate="30/08/2022" artClass="00015:00002:00026:00019:00000:00000:00000:00000:00000:00000:00128:00001" artCategory="Ministério da Economia/Secretaria Executiva/Secretaria de Gestão Corporativa/Gerência Regional de Administração no Goiás e Tocantins" artSize="12" artNotes="" numberPage="62" pdfPage="http://pesquisa.in.gov.br/imprensa/jsp/visualiza/index.jsp?data=30/08/2022&amp;jornal=530&amp;pagina=62" editionNumber="165" highlightType="" highlightPriority="" highlight="" highlightimage="" highlightimagename="" idMateria="19839151">
  <body>
    <Identifica><![CDATA[ EXTRATO DE TERMO ADITIVO Nº 1/2022 - UASG 170195]]></Identifica>
    <Data><![CDATA[]]></Data>
    <Ementa />
    <Titulo />
    <SubTitulo />
    <Texto><![CDATA[<p class="identifica">EXTRATO DE TERMO ADITIVO Nº 1/2022 - UASG 170195</p><p>Número do Contrato: 10/2020.</p><p>Nº Processo: 10180.100320/2021-84.</p><p>Pregão. Nº 9/2020. Contratante: GERENCIA REG. DE ADMINISTRACAO DO ME - GOIAS. Contratado: 31.546.484/0005-26 - CONFEDERAL VIGILANCIA E TRANSPORTE DE VALORES LTDA. Objeto: O presente termo aditivo tem como objetos: retificar os valores da repactuação 2021, em razão da manutenção do índice SAT no valor anterior à repactuação; excluir os itens de custos não renováveis nas planilhas de formação de preços, a partir de 01/01/2022; repactuar os valores contratuais dos postos, a partir de 01/01/2022, de acordo com as CCT do Sindicato dos Trab em Vigilancia do Est do Tocantins e do Sindesp-TO, Sindicato Empresas Seguranca Privada, Transporte Valores, Curso de Formacao e Seguranca Eletronica do TO; e permitir as operações de crédito garantidas por cessão fiduciária dos direitos de créditos decorrentes deste contrato administrativo, em atenção ao disposto no art. 19 da instrução normativa nº 53, de 08 de julho de 2020.. Vigência: 26/08/2022 a 01/04/2023. Valor Total Atualizado do Contrato: R$ 880.772,01. Data de Assinatura: 26/08/2022.</p><p>(COMPRASNET 4.0 - 26/08/2022).</p>]]></Texto>
  </body>
  <Midias />
</article></xml>