﻿<xml><article id="27732539" name="JOM - 2.49088 PREFEITURA MUNICIP" idOficio="9056381" pubName="DO3" artType="Aviso" pubDate="30/08/2022" artClass="00052:00013:00114:00000:00000:00000:00000:00000:00000:00000:00108:00000" artCategory="Prefeituras/Estado do Pará/Prefeitura Municipal de Conceição do Araguaia" artSize="12" artNotes="" numberPage="394" pdfPage="http://pesquisa.in.gov.br/imprensa/jsp/visualiza/index.jsp?data=30/08/2022&amp;jornal=530&amp;pagina=394" editionNumber="165" highlightType="" highlightPriority="" highlight="" highlightimage="" highlightimagename="" idMateria="19838777">
  <body>
    <Identifica><![CDATA[ EXTRATOS DE CONTRATOS (*)]]></Identifica>
    <Data><![CDATA[]]></Data>
    <Ementa />
    <Titulo />
    <SubTitulo />
    <Texto><![CDATA[<p class="identifica">EXTRATOS DE CONTRATOS (*)</p><p>a) Espécie: Contratos nº. 076/2022, 074/2022, 075/2022, 076/2022, 077/2022, 078/2022, 079/2022, 080/2022, 081/2022, 082/2022, 083/2022, firmado em 18/08/2022, entre Secretaria Municipal de Educação e as empresas DATAINFO DISTRIBUIDORA EIRELLI - ME, pessoa jurídica de direito privado, inscrita no CNPJ Nº 26.764.410/0001-00. Luminata Distribuidora Eireli - Me, Pessoa Jurídica De Direito Privado, Inscrita No Cnpj Nº 17.930.584/0001-05. Mega - Comercio Varejista E Atacadista De Equipamentos De Informatica &amp; Papelaria Eireli, Pessoa Jurídica De Direito Privado, Inscrita No Cnpj Nº 28.734.781/0001-67. Serrana Distribuidora Ltda, Pessoa Jurídica De Direito Privado, Inscrita No Cnpj Nº 30.313.649/0001-23. Mc Com. De Equip. Hospitalares Ltda, Pessoa Jurídica De Direito Privado, Inscrita No Cnpj Nº 31.496.882/0001-51. Wanessa Fernandes Da Cunha Eireli, Pessoa Jurídica De Direito Privado, Inscrita No Cnpj Nº 29.925.582/0001-07. Shisley Anastacio De Souza Fernandes Eireli, Pessoa Jurídica De Direito Privado, Inscrita No Cnpj Nº 9.912.989/0001-84. Hd Sat Comercio De Equipamentos Eletronicos Eireli, Pessoa Jurídica De Direito Privado, Inscrita No Cnpj Nº 20.486.284/0001-85. Joao Victor Sousa Lopes Eireli, Pessoa Jurídica De Direito Privado, Inscrita No Cnpj Nº 19.488.746/0001-14. Storte E Fontes Ltda - Me, Pessoa Jurídica De Direito Privado, Inscrita No Cnpj Nº 13.027.126/0001-00. L Tops Comercio Varejista De Moveis Ltda, Pessoa Jurídica De Direito Privado, Inscrita No Cnpj Nº 37.553.970/0001-24. B) Objeto: Registro De Preço Para Futura Parcelada E Eventual Aquisição De Equipamentos Diversos, Mobiliário Em Geral, (Material De Consumo E Permanente), Para Secretaria Municipal De Educação E Cultura, Escolas E Creches Pertencentes Ao Municipio De Conceição Do Araguaia-Pa, Conforme Termo De Referência Anexo I Do Edital. C) Fundamento Legal: Lei Federal Nº 10.520/2002 E Subsidiariamente A Lei Nº 8.666, De 21/06/1993. D) Vigência: A Vigência Será A Partir Da Data De Assinatura Do Contrato Até 30 De Dezembro De 2022. E) Valor Contratual: O Contrato Nº 73/2022 Com O Valor Global De 443.865,00 (Quatrocentos E Quarenta E Três Mil, Oitocentos E Sessenta E Cinto Reais). O Contrato Nº 74/2022 Terá O Valor Global De R$ 209.996,00 (Duzentos E Nove Mil Novecentos E Noventa E Seis Reais). O Contrato Nº 75/2022 Com O Valor Global De R$ 235.650,00 (Duzentos E Trinta E Cinco Mil, Seiscentos E Cinquenta Reais). O Contrato Nº 76/2022 Com O Valor Global De R$ 179.700,00 (Cento E Setenta E Nove Mil, Setecentos Reais). O Contrato Nº 77/2022 Com O Valor Global De R$ 641.250,00 (Seiscentos E Quarenta E Um Mil Duzentos E Cinquenta Reais). O Contrato Nº 78/2022 Com O Valor Global De R$ 277.220,00 (Duzentos E Setenta E Sete Mil, Duzentos E Vinte Reais). O Contrato Nº 79/2022 Com O Valor Global De R$ 216.788,00 (Duzentos E Dezesseis Mil Setecentos E Oitenta E Oito Reais). O Contrato Nº 80/2022 Com O Valor Global De R$ 10.620,00 (Dez Mil Seiscentos E Vinte Reais). O Contrato Nº 81/2022 Com O Valor Global De R$ 295.774,00 (Duzentos E Noventa E Cinco Mil, Setecentos E Setenta E Quatro Reais). O Contrato Nº 82/2022 Com O Valor Global De R$ 119.600,00 (Cento E Dezenove Mil Seiscentos Reais). O Contrato Nº 82/2022 Com O Valor Global De R$ 489.280,00 (Quatrocentos E Oitenta E Nove Mil, Duzentos E Oitenta Reais). F) Funcional Programática: Origem: Secretaria Municipal De Educação. Gestão: 11,10 - Und. 1101, 1001 - Função: 12 - Sub. Funcão: 122, 365, 845,392 - Prog: 0401, 0450, 0403, 0037, 364, 471, 0440 - Proj. Ativid. 2080, 2217, 2079, 2058, 2074, 1074 - Fonte: 1540000/1541000/1542000/1540000/1541000/1542000/1540000/1541000/1542000/ 1540000/1541000/1542000/1550000/1550000/15001001/15001001/15001001/17010000/ 1569000 - Elem. Despesa: 33.90.30.00/ 44.90.52.00. G) Signatários: Pela Contratante A Sra. Elida Elena Moreira E Pela Contratada O Sr. Jean Sales Da Silva Representante Da Empresa Datainfo Distribuidora Eirelli - Me, Sr. Eloisio Lusia De Sousa Damacena Representante As Empresa Luminata Distribuidora Eireli - Me, Sr. Alaim Luzia Da Silva, Representante Da Empresa Mega - Comercio Varejista E Atacadista De Equipamentos De Informatica &amp; Papelaria Eireli, Sr. Renato Felicissimo Martins Representante Da Empresa Serrana Distribuidora Ltda, Sr. Marcos Mantovani Representante Da Empresa Mc Com. De Equip. Hospitalares Ltda, Sra. Wanessa Fernandes Da Cunha Da Empresa Wanessa Fernandes Da Cunha Eireli, Sr. Shisley Anastácio De Souza Fernandes Representante Da Empresa Shisley Anastacio De Souza Fernandes Eireli, Sr. Viumones Batista Santana Representante Da Empresa Hd Sat Comercio De Equipamentos Eletronicos Eireli, Sr. João Victor Sousa Lopes Representante Da Empresa Joao Victor Sousa Lopes Eireli, Sr. Higgor Katako Costa E Silva Paes Representante Da Empresa Storte E Fontes Ltda - Me, Sra. Leticya Silva De Barros Representante Da Empresa L Tops Comercio Varejista De Moveis Ltda</p><p>a) Espécie: TP 001/2022: Contrato nº. 048/2022, firmado em 12/05/2022, Entre O Município De Conceição Do Araguaia - Pa, Através Da Secretaria Municipal De Gestão E Planejamento. E A Empresa Csa Prestacao De Servicos Ltda, Pessoa Jurídica De Direito Privado, Inscrita No Cnpj Nº 28.392.271/0001-59. B) Objeto: Contratação De Empresa Especializada Para Reforma Complementar Do Prédio Da Prefeitura Municipal De Conceição Do Araguaia-Pa, Projetos E Planilhas Em Anexo Ao Edital. C) Fundamento Legal: Lei Federal Nº 10.520/2002 E Subsidiariamente A Lei Nº 8.666, De 21/06/1993. D) Vigência: O Prazo Máximo Para A Conclusão Da Obra E De 120 (Cento E Vinte) Dias Corridos E, O Prazo De Vigência Do Contrato Será De 180 (Cento E Oitenta) Dias, Ambos A Serem Contados A Partir Da Data Da Assinatura Do Contrato. E) Valor Contratual: R$ 636.145,10 (Seiscentos E Trinta E Seis Mil Cento E Quarenta E Cinco Reais E Dez Centavos). F) Funcional Programática: Dotação Orçamentária: 03.03.01.04.122.0037.1024 Elemento: 4.4.90.51 Fonte 15000000. G) Signatários: Pela Contratante O Sr. Prefeito Jair Lopes Martins E Pela Contratada O Sr. Alan Carneiro Da Silva.</p><p class="identifica">EXTRATO DE REGISTRO DE PREÇOS</p><p>a) Espécie: Ata De Registro De Preço Nº 8/2022, Firmado Em 18/08/2022, Entre Secretaria Municipal De Educação E As Empresas Datainfo Distribuidora Eirelli - Me, Pessoa Jurídica De Direito Privado, Inscrita No Cnpj Nº 26.764.410/0001-00. Luminata Distribuidora Eireli - Me, Pessoa Jurídica De Direito Privado, Inscrita No Cnpj Nº 17.930.584/0001-05. Mega - Comercio Varejista E Atacadista De Equipamentos De Informatica &amp; Papelaria Eireli, Pessoa Jurídica De Direito Privado, Inscrita No Cnpj Nº 28.734.781/0001-67. Serrana Distribuidora Ltda, Pessoa Jurídica De Direito Privado, Inscrita No Cnpj Nº 30.313.649/0001-23. Mc Com. De Equip. Hospitalares Ltda, Pessoa Jurídica De Direito Privado, Inscrita No Cnpj Nº 31.496.882/0001-51. Wanessa Fernandes Da Cunha Eireli, Pessoa Jurídica De Direito Privado, Inscrita No Cnpj Nº 29.925.582/0001-07. Shisley Anastacio De Souza Fernandes Eireli, Pessoa Jurídica De Direito Privado, Inscrita No Cnpj Nº 9.912.989/0001-84. Hd Sat Comercio De Equipamentos Eletronicos Eireli, Pessoa Jurídica De Direito Privado, Inscrita No Cnpj Nº 20.486.284/0001-85. Joao Victor Sousa Lopes Eireli, Pessoa Jurídica De Direito Privado, Inscrita No Cnpj Nº 19.488.746/0001-14. Storte E Fontes Ltda - Me, Pessoa Jurídica De Direito Privado, Inscrita No Cnpj Nº 13.027.126/0001-00. L Tops Comercio Varejista De Moveis Ltda, Pessoa Jurídica De Direito Privado, Inscrita No Cnpj Nº 37.553.970/0001-24. B) Objeto: Registro De Preço Para Futura Parcelada E Eventual Aquisição De Equipamentos Diversos, Mobiliário Em Geral, (Material De Consumo E Permanente), Para Secretaria Municipal De Educação E Cultura, Escolas E Creches Pertencentes Ao Municipio De Conceição Do Araguaia-Pa, Conforme Termo De Referência Anexo I Do Edital. C) Fundamento Legal: Lei Federal Nº 10.520/2002 E Subsidiariamente A Lei Nº 8.666, De 21/06/1993. D) Vigência: Validade De 12 (Doze) Meses A Contar Da Data Da Sua Assinatura. E) Valor Contratual: R$ 3.119.743,00 (Três Milhões, Cento E Dezenove Mil, Setecentos E Quarenta E Três Reais). F) Funcional Programática: Origem: Secretaria Municipal De Educação Gestão: 11/10 - Und. 1101, 1001 - Função: 12 - Sub. Funcão: 122, 365, 845, 392 - Prog: 0401, 0450, 0403,0037, 364, 471,0440 - Proj. Ativid. 2080, 2217, 2079, 2058, 2074, 1074 - Fonte: 1540000/1541000/1542000/1540000/1541000/1542000/1540000/1541000/1542000/ 1540000/1541000/1542000/1550000/1550000/15001001/15001001/15001001/17010000/ 1569000 - Elem. Despesa: 33.90.30.00/ 44.90.52.00. G) Signatários: Pela Contratante A Sra. Elida Elena Moreira E Pela Contratada O Sr. Jean Sales Da Silva Representante Da Empresa Datainfo Distribuidora Eirelli - Me, Sr. Eloisio Lusia De Sousa Damacena Representante As Empresa Luminata Distribuidora Eireli - Me, Sr. Alaim Luzia Da Silva, Representante Da Empresa Mega - Comercio Varejista E Atacadista De Equipamentos De Informatica &amp; Papelaria Eireli, Sr. Renato Felicissimo Martins Representante Da Empresa Serrana Distribuidora Ltda, Sr. Marcos Mantovani Representante Da Empresa Mc Com. De Equip. Hospitalares Ltda, Sra. Wanessa Fernandes Da Cunha Da Empresa Wanessa Fernandes Da Cunha Eireli, Sr. Shisley Anastácio De Souza Fernandes Representante Da Empresa Shisley Anastacio De Souza Fernandes Eireli, Sr. Viumones Batista Santana Representante Da Empresa Hd Sat Comercio De Equipamentos Eletronicos Eireli, Sr. João Victor Sousa Lopes Representante Da Empresa Joao Victor Sousa Lopes Eireli, Sr. Higgor Katako Costa E Silva Paes Representante Da Empresa Storte E Fontes Ltda - Me, Sra. Leticya Silva De Barros Representante Da Empresa L Tops Comercio Varejista De Moveis Ltda.</p><p class="identifica">EXTRATOS DE ADESÃO</p><p>a) Espécie: Adesão, Contrato nº. 005/2022, 006/2022, firmado em 27/07/2022, entre o Município de Conceição do Araguaia - PA, e a empresa VOLKSWAGEN TRUCK &amp; BUS INDUSTRIA E COMERCIO DE VEICULOS, pessoa jurídica de direito privado, inscrita no CNPJ Nº 6.020.318/0001-10. b) Objeto: Contrato é a aquisição de veículos de transporte escolar diário de estudantes, denominado de Ônibus Rural Escolar (ORE), em atendimento às entidades educacionais das redes públicas de ensino nos Estados, Distrito Federal e Municípios, conforme especificações e quantitativos estabelecidos no Termo de Referência, anexo do Edital. c) Fundamento Legal: Fundamento Legal: Lei Federal nº 10.520/2002; Decreto nº 7.892, de 23.01.2013, da Lei Complementar nº 123, de 14.12.2006, subsidiariamente, da Lei Federal nº 8.666, de 21.06.1993. d) Vigência: A vigência será a partir da data de assinatura ate 30 de Dezembro de 2022. e) Valor Contratual: Contrato 005/2022 terá o valor Global de R$ 338.000,00 (Trezentos e trinta e oito mil reais). Contrato 006/2022 terá o valor Global de R$ 1.352.000,00 (Um milhão trezentos e cinquenta e dois mil). f) Funcional Programática: Origem:</p><p>Gestão: 10/ 10 - Unidade: 1001/1001 - Função: 12/12 - Sub. Função: 361/361 - Programa de Trabalho: 0401/0401 - Projeto de Atividade: 2026/ 2212 - Fonte: 15001001/15690000 - Elemento de Despesa: 44.90.52/ 44.90.52 - Recurso: FME/ FME</p><p>Gestão: 10/ 11 - Unidade: 1001/1101 - Função: 12/12 - Sub. Função: 361/361 - Programa de Trabalho: 0401/0408 - Projeto de Atividade: 2026/ 2085 - Fonte: 15001001/ 15400000/15410000/15420000 - Elemento de Despesa: 44.90.52/ 44.90.52 - Recurso: FME/ FUNDEB. g) Signatários: Pela Contratante o Sr. Prefeito Jair Lopes Martins e pela Contratada o Sra. Adriana Cecco Nello.</p><p>a) Espécie: Termo de Adesão nº 001/2022, 002/2022, Ata de Registro de Preço nº 03/2022 / Processo nº 23034.018855/2022-19, oriunda do Pregão Eletrônico para Registro de Preços nº 02/2022 firmado em 27/07/2022, entre o Município de Conceição do Araguaia - PA, e a empresa VOLKSWAGEN TRUCK &amp; BUS INDUSTRIA E COMERCIO DE VEICULOS, pessoa jurídica de direito privado, inscrita no CNPJ nº 06.020.318/0001-10. b) Objeto: Contrato é a aquisição de veículos de transporte escolar diário de estudantes, denominado de Ônibus Rural Escolar (ORE), em atendimento às entidades educacionais das redes públicas de ensino nos Estados, Distrito Federal e Municípios, conforme especificações e quantitativos estabelecidos no Termo de Referência, anexo do Edital. c) Fundamento Legal: Fundamento Legal: Lei Federal nº 10.520/2002; Decreto nº 7.892, de 23.01.2013, da Lei Complementar nº 123, de 14.12.2006, subsidiariamente, da Lei Federal nº 8.666, de 21.06.1993. d) Vigência: A vigência será a partir da data de assinatura ate 30 de Dezembro de 2022. e) Valor Contratual: Contrato 005/2022 terá o valor Global de R$ 338.000,00 (Trezentos e trinta e oito mil reais). Contrato 006/2022 terá o valor Global de R$ 1.352.000,00 (Um milhão trezentos e cinquenta e dois mil). f) Funcional Programática: Origem:</p><p>Gestão: 10/ 10 - Unidade: 1001/1001 - Função: 12/12 - Sub. Função: 361/361 - Programa de Trabalho: 0401/0401 - Projeto de Atividade: 2026/ 2212 - Fonte: 15001001/ 15690000 - Elemento de Despesa: 44.90.52/ 44.90.52 - Recurso: FME/ FME</p><p>Gestão: 10/ 11 - Unidade: 1001/1101 - Função: 12/12 - Sub. Função: 361/361 - Programa de Trabalho: 0401/0408 - Projeto de Atividade: 2026/ 2085 - Fonte: 15001001/ 15400000/15410000/15420000 - Elemento de Despesa: 44.90.52/ 44.90.52 - Recurso: FME/ FUNDEB. g) Signatários: Pela Contratante o Sr. Prefeito Jair Lopes Martins e pela Contratada o Sra. Adriana Cecco Nello. Conceição do Araguaia-PA, 25 de Agosto de 2022. Heloisa Mendes Sousa Francisco. Presidente da CPL</p><p class="nota">N. da Codou: Publicado nesta data por ter sido omitido do DOU de 26/8/2022.</p>]]></Texto>
  </body>
  <Midias />
</article></xml>