﻿<xml><article id="27767018" name="2022-08-29/9056678/COMPRASNETWS_" idOficio="9056678" pubName="DO3" artType="Retificação" pubDate="30/08/2022" artClass="00018:00091:00000:00000:00000:00000:00000:00000:00000:00000:00128:00001" artCategory="Ministério da Educação/Universidade Federal do Espírito Santo" artSize="12" artNotes="" numberPage="117" pdfPage="http://pesquisa.in.gov.br/imprensa/jsp/visualiza/index.jsp?data=30/08/2022&amp;jornal=530&amp;pagina=117" editionNumber="165" highlightType="" highlightPriority="" highlight="" highlightimage="" highlightimagename="" idMateria="19839207">
  <body>
    <Identifica><![CDATA[ EXTRATO DE TERMO ADITIVO Nº 4/2022 - UASG 153046]]></Identifica>
    <Data><![CDATA[]]></Data>
    <Ementa />
    <Titulo />
    <SubTitulo />
    <Texto><![CDATA[<p class="identifica">EXTRATO DE TERMO ADITIVO Nº 4/2022 - UASG 153046</p><p>Número do Contrato: 23/2019.</p><p>Nº Processo: 23068.079743/2018-61.</p><p>Inexigibilidade. Nº 17/2019. Contratante: UNIVERSIDADE FEDERAL DO ESPIRITO SANTO. Contratado: 61.797.924/0001-55 - HEWLETT-PACKARD BRASIL LTDA. Objeto: Reajuste dos preços do contrato, bem como retificações no Termo de Apostilamento 01/2021 e no Termo Aditivo 03/2022 em virtude de erros materiais. Valor Total do Termo Aditivo: R$ 15.799,07. Valor Global Atualizado: R$ 1.003.020,86. Data de Assinatura: 22/08/2022.</p><p>(COMPRASNET 4.0 - 22/08/2022).</p>]]></Texto>
  </body>
  <Midias />
</article></xml>