﻿<xml><article id="27760645" name="2022-08-27/9056222/COMPRASNETWS_" idOficio="9056222" pubName="DO3" artType="Extrato de Termo Aditivo" pubDate="30/08/2022" artClass="00047:00030:00000:00000:00000:00000:00000:00000:00000:00000:00054:00001" artCategory="Poder Judiciário/Tribunal Regional Eleitoral do Rio Grande do Norte" artSize="12" artNotes="" numberPage="266" pdfPage="http://pesquisa.in.gov.br/imprensa/jsp/visualiza/index.jsp?data=30/08/2022&amp;jornal=530&amp;pagina=266" editionNumber="165" highlightType="" highlightPriority="" highlight="" highlightimage="" highlightimagename="" idMateria="19837678">
  <body>
    <Identifica><![CDATA[ EXTRATO DE TERMO ADITIVO Nº 1 AO CONTRATO TRE/RN 25/2022 (UASG 070008)]]></Identifica>
    <Data><![CDATA[]]></Data>
    <Ementa />
    <Titulo />
    <SubTitulo />
    <Texto><![CDATA[<p class="identifica">EXTRATO DE TERMO ADITIVO Nº 1 AO CONTRATO TRE/RN 25/2022 (UASG 070008)</p><p>PRIMEIRO TERMO ADITIVO AO CONTRATO TRE/RN 25/2022. Processo Administrativo Eletrônico 3108/2022. Contratante: Tribunal Regional Eleitoral do Rio Grande do Norte (CNPJ 05.792.645/0001-28). Contratado: Legal Soluções Corporativas Ltda (CNPJ 14.935.553/0001-40). Objeto: Acrescentar 130 (cento e trinta) postos de trabalho ao objeto do Contrato TRE/RN nº 25/2022, para atuação no 1º turno e, se houver, no 2º turno das Eleições de 2022. Vigência: 25/08/2022 a 31/12/2022. Valor Total Atualizado do Contrato: R$ 2.634.174,89. Data de Assinatura: 25/08/2022.</p><p>(COMPRASNET 4.0 - 25/08/2022).</p>]]></Texto>
  </body>
  <Midias />
</article></xml>