﻿<xml><article id="27762950" name="2022-08-29/9056743/COMPRASNETWS_" idOficio="9056743" pubName="DO3" artType="Extrato de Termo Aditivo" pubDate="30/08/2022" artClass="00026:00002:00058:00009:00000:00000:00000:00000:00000:00000:00054:00001" artCategory="Ministério da Saúde/Secretaria Executiva/Departamento de Gestão Hospitalar no Estado do Rio de Janeiro/Hospital Federal de Ipanema" artSize="12" artNotes="" numberPage="204" pdfPage="http://pesquisa.in.gov.br/imprensa/jsp/visualiza/index.jsp?data=30/08/2022&amp;jornal=530&amp;pagina=204" editionNumber="165" highlightType="" highlightPriority="" highlight="" highlightimage="" highlightimagename="" idMateria="19839281">
  <body>
    <Identifica><![CDATA[ EXTRATO DE TERMO ADITIVO Nº 2/2022 - UASG 250103]]></Identifica>
    <Data><![CDATA[]]></Data>
    <Ementa />
    <Titulo />
    <SubTitulo />
    <Texto><![CDATA[<p class="identifica">EXTRATO DE TERMO ADITIVO Nº 2/2022 - UASG 250103</p><p>Número do Contrato: 25/2020.</p><p>Nº Processo: 33401.036615/2019-29.</p><p>Pregão. Nº 35/2019. Contratante: HOSPITAL FEDERAL DE IPANEMA. Contratado: 05.823.740/0001-41 - ECOLAV SERVICOS TECNICOS DE LAVANDERIA LTDA. Objeto: O objeto do presente instrumento é prorrogar o prazo da vigência do contrato nº 25/2020, de serviços continuados de lavanderia externa, sem dedicação de mão de obra exclusiva para o hospital federal de ipanema, por 12 (doze) meses, contemplando-se, nesta ocasião, o período de 24/08/2022 a 23/08/2023, nos termos do art. 57, ii , da lei n.º 8.666, de 1993.. Vigência: 23/08/2022 a 23/08/2023. Valor Total Atualizado do Contrato: R$ 1.317.600,00. Data de Assinatura: 22/08/2022.</p><p>(COMPRASNET 4.0 - 22/08/2022).</p>]]></Texto>
  </body>
  <Midias />
</article></xml>