﻿<xml><article id="27736082" name="L07119 - Extrato Termo Aditivo -" idOficio="9056290" pubName="DO3" artType="Extrato de Termo Aditivo" pubDate="30/08/2022" artClass="00048:00281:00000:00000:00000:00000:00000:00000:00000:00000:00054:00000" artCategory="Entidades de Fiscalização do Exercício das Profissões Liberais/Conselho Regional de Engenharia e Agronomia de São Paulo" artSize="12" artNotes="" numberPage="287" pdfPage="http://pesquisa.in.gov.br/imprensa/jsp/visualiza/index.jsp?data=30/08/2022&amp;jornal=530&amp;pagina=287" editionNumber="165" highlightType="" highlightPriority="" highlight="" highlightimage="" highlightimagename="" idMateria="19838426">
  <body>
    <Identifica><![CDATA[ EXTRATO DE TERMO ADITIVO]]></Identifica>
    <Data><![CDATA[]]></Data>
    <Ementa />
    <Titulo />
    <SubTitulo />
    <Texto><![CDATA[<p class="identifica">EXTRATO DE TERMO ADITIVO</p><p>Espécie: Primeiro Termo Aditivo, firmado entre o CREA-SP e a empresa Desideratum Assessoria Estratégica em Informática LTDA - CNPJ: 08.950.711/0001-39 Processo: L-071/2019. Aditamento: Prorrogação do contrato nº C-003/2020 pelo período de 24 meses, no valor total estimado de R$ 14.310,480,00. Data da Assinatura: 20/01/2022.</p>]]></Texto>
  </body>
  <Midias />
</article></xml>