﻿<xml><article id="27732842" name="PUBLICAAAO Tomada de PreAos -16 " idOficio="9056552" pubName="DO3" artType="Aviso de Licitação-Tomada de Preços" pubDate="30/08/2022" artClass="00052:00019:00430:00000:00000:00000:00000:00000:00000:00000:00166:00000" artCategory="Prefeituras/Estado do Rio Grande do Sul/Prefeitura Municipal de Rosário do Sul" artSize="12" artNotes="" numberPage="435" pdfPage="http://pesquisa.in.gov.br/imprensa/jsp/visualiza/index.jsp?data=30/08/2022&amp;jornal=530&amp;pagina=435" editionNumber="165" highlightType="" highlightPriority="" highlight="" highlightimage="" highlightimagename="" idMateria="19839067">
  <body>
    <Identifica><![CDATA[ Aviso de Licitação]]></Identifica>
    <Data><![CDATA[]]></Data>
    <Ementa />
    <Titulo />
    <SubTitulo />
    <Texto><![CDATA[<p class="identifica">Aviso de Licitação</p><p class="identifica">Tomada de Preços nº 16/2022</p><p>A Prefeitura Municipal de Rosário do Sul torna público nos termos da Lei nº 8.666/93 e demais legislação pertinente a Tomada de Preços nº 16/2022. Objeto: Contratação de empresa especializada, pelo regime de Empreitada por Menor Preço Global, para a Construção de calçamento para acesso na Escola Professor Leão Warren. Dia 15/09/2022, às 10h na sala de licitações da Prefeitura. Edital pelo site www.rosariodosul.rs.gov.br/licitacao e Informações pelo fone 0553231-2844.</p><p class="assina">Vilmar Oliveira</p><p class="cargo">Prefeito</p>]]></Texto>
  </body>
  <Midias />
</article></xml>