﻿<xml><article id="27758936" name="2022-08-29/9056698/COMPRASNETWS_" idOficio="9056698" pubName="DO3" artType="Extrato de Contrato" pubDate="30/08/2022" artClass="00026:00026:00012:00000:00000:00000:00000:00000:00000:00000:00031:00001" artCategory="Ministério da Saúde/Secretaria Especial de Saúde Indígena/Distrito Sanitário Especial Indígena - Amapá e Norte do Pará" artSize="12" artNotes="" numberPage="210" pdfPage="http://pesquisa.in.gov.br/imprensa/jsp/visualiza/index.jsp?data=30/08/2022&amp;jornal=530&amp;pagina=210" editionNumber="165" highlightType="" highlightPriority="" highlight="" highlightimage="" highlightimagename="" idMateria="19839235">
  <body>
    <Identifica><![CDATA[ EXTRATO DE CONTRATO Nº 2/2022 - UASG 257031]]></Identifica>
    <Data><![CDATA[]]></Data>
    <Ementa />
    <Titulo />
    <SubTitulo />
    <Texto><![CDATA[<p class="identifica">EXTRATO DE CONTRATO Nº 2/2022 - UASG 257031</p><p>Nº Processo: 25042.000768/2022-31.</p><p>Dispensa Nº 2/2022. Contratante: DISTRITO SANITÁRIO ESPECIAL INDÍGENA - AMAPÁ E NORTE DO PARÁ.</p><p>Contratado: 08.625.368/0001-57 - CLEAN SERVICE CONSTRUCOES LTDA. Objeto: O objeto do presente instrumento é a contratação de pessoa jurídica, em caráter emergencial, para a prestação de serviços de Apoio Administrativo de Recepcionista e de Assistentes Administrativos, para atender às necessidades das unidades administrativas do DSEI/AMP, com disponibilização de mão de obra em regime de dedicação exclusiva, que serão prestados nas condições estabelecidas no Termo de Referência SELOG/AMP n.º 0027016155.</p><p>Fundamento Legal: LEI 8.666/1993 - Artigo: 24 - Inciso: IV. Vigência: 01/09/2022 a 01/03/2023. Valor Total: R$ 491.226,36. Data de Assinatura: 25/08/2022.</p><p>(COMPRASNET 4.0 - 26/08/2022).</p>]]></Texto>
  </body>
  <Midias />
</article></xml>