﻿<xml><article id="27762032" name="2022-08-29/9056799/COMPRASNETWS_" idOficio="9056799" pubName="DO3" artType="Extrato de Termo Aditivo" pubDate="30/08/2022" artClass="00018:00066:00006:00000:00000:00000:00000:00000:00000:00000:00054:00001" artCategory="Ministério da Educação/Instituto Federal de Educação, Ciência e Tecnologia do Piauí/Campus Parnaíba" artSize="12" artNotes="" numberPage="108" pdfPage="http://pesquisa.in.gov.br/imprensa/jsp/visualiza/index.jsp?data=30/08/2022&amp;jornal=530&amp;pagina=108" editionNumber="165" highlightType="" highlightPriority="" highlight="" highlightimage="" highlightimagename="" idMateria="19839350">
  <body>
    <Identifica><![CDATA[ EXTRATO DE TERMO ADITIVO Nº 5/2022 - UASG 158357]]></Identifica>
    <Data><![CDATA[]]></Data>
    <Ementa />
    <Titulo />
    <SubTitulo />
    <Texto><![CDATA[<p class="identifica">EXTRATO DE TERMO ADITIVO Nº 5/2022 - UASG 158357</p><p>Número do Contrato: 1/2021.</p><p>Nº Processo: 23179.000200/2020-88.</p><p>Pregão. Nº 1/2020. Contratante: INST. FED. PIAUI/CAMPUS PARNAIBA. Contratado: 02.425.466/0001-64 - JAVE - YIRE CONSULTORIA, EVENTOS, SERVICOS E COMERCIO L. Objeto: Reequilíbrio econômico-financeiro, fundamentado no decreto n° 9.507/18, nos artigos 53 a 61 da instrução normativa slti/mp n° 05/2017; na cláusula sexta do contrato nº 01/2021; no decreto nº 85/2022 de 09 de junho de 2022, da prefeitura municipal de parnaíba-pi, cujos efeitos financeiros vigorarão a partir de</p><p>20/06/2022; bem como a alteração da cláusula terceira do contrato.. Vigência: 01/09/2022 a 08/03/2023. Valor Total Atualizado do Contrato: R$ 100.358,04. Data de Assinatura: 19/08/2022.</p><p>(COMPRASNET 4.0 - 19/08/2022).</p>]]></Texto>
  </body>
  <Midias />
</article></xml>