﻿<xml><article id="27758999" name="2022-08-29/9056809/COMPRASNETWS_" idOficio="9056809" pubName="DO3" artType="Extrato de Termo Aditivo" pubDate="30/08/2022" artClass="00026:00031:00014:00000:00000:00000:00000:00000:00000:00000:00054:00001" artCategory="Ministério da Saúde/Secretaria de Vigilância em Saúde/Instituto Evandro Chagas" artSize="12" artNotes="" numberPage="212" pdfPage="http://pesquisa.in.gov.br/imprensa/jsp/visualiza/index.jsp?data=30/08/2022&amp;jornal=530&amp;pagina=212" editionNumber="165" highlightType="" highlightPriority="" highlight="" highlightimage="" highlightimagename="" idMateria="19839360">
  <body>
    <Identifica><![CDATA[ EXTRATO DE TERMO ADITIVO Nº 2/2022 - UASG 257003]]></Identifica>
    <Data><![CDATA[]]></Data>
    <Ementa />
    <Titulo />
    <SubTitulo />
    <Texto><![CDATA[<p class="identifica">EXTRATO DE TERMO ADITIVO Nº 2/2022 - UASG 257003</p><p>Número do Contrato: 247/2020.</p><p>Nº Processo: 25209.003486/2019-41.</p><p>Pregão. Nº 19/2020. Contratante: INSTITUTO EVANDRO CHAGAS. Contratado: 00.734.255/0001-88 - AMAZON INFORMATICA LTDA. Objeto: Prorrogar o prazo de vigência, originalmente estabelecido na cláusula segunda do contrato n° 247/2020, para o período de 01.09.2022 a 01.09.2023. Vigência: 01/09/2022 a 01/09/2023. Valor Total Atualizado do Contrato: R$ 2.627.999,88. Data de Assinatura: 26/08/2022.</p><p>(COMPRASNET 4.0 - 26/08/2022).</p>]]></Texto>
  </body>
  <Midias />
</article></xml>