﻿<xml><article id="27763873" name="2022-08-28/9056393/SICONV_198388" idOficio="9056393" pubName="DO3" artType="Extrato de Convênio" pubDate="30/08/2022" artClass="00007:00049:00000:00000:00000:00000:00000:00000:00000:00000:00032:00001" artCategory="Ministério da Agricultura, Pecuária e Abastecimento/Secretaria de Inovação, Desenvolvimento Sustentável e Irrigação" artSize="12" artNotes="" numberPage="7" pdfPage="http://pesquisa.in.gov.br/imprensa/jsp/visualiza/index.jsp?data=30/08/2022&amp;jornal=530&amp;pagina=7" editionNumber="165" highlightType="" highlightPriority="" highlight="" highlightimage="" highlightimagename="" idMateria="19838805">
  <body>
    <Identifica><![CDATA[ EXTRATO DE TERMO ADITIVO]]></Identifica>
    <Data><![CDATA[]]></Data>
    <Ementa />
    <Titulo />
    <SubTitulo />
    <Texto><![CDATA[<p class="identifica">EXTRATO DE TERMO ADITIVO</p><p>Espécie: Termo Aditivo de Alteração da Vigência Nº 000002/2022 ao Convênio Nº 908476/2020. Convenentes: Concedente: MINISTÉRIO DA AGRICULTURA, PECUARIA E ABASTECIMENTO, Unidade Gestora: 130141. Convenente: MUNICIPIO DE URAI, CNPJ nº 75424507000171. Solicitação de prazo de término da vigência para a data de 30/06/2023. Valor Total: R$ 922.300,00, Valor de Contrapartida: R$ 231.835,00, Vigência: 26/08/2022 a 30/06/2023. Data de Assinatura: 31/12/2020. Signatários: Concedente: CLEBER OLIVEIRA SOARES, CPF nº 61672793572, Convenente: ANGELO TARANTINI FILHO, CPF nº 007.098.709-22.</p>]]></Texto>
  </body>
  <Midias />
</article></xml>