﻿<xml><article id="27733147" name="PE 20221055" idOficio="9056787" pubName="DO3" artType="Aviso" pubDate="30/08/2022" artClass="00051:00007:00001:00000:00000:00000:00000:00000:00000:00000:00108:00000" artCategory="Governo do Estado/Governo do Estado do Ceará/Casa Civil" artSize="12" artNotes="" numberPage="307" pdfPage="http://pesquisa.in.gov.br/imprensa/jsp/visualiza/index.jsp?data=30/08/2022&amp;jornal=530&amp;pagina=307" editionNumber="165" highlightType="" highlightPriority="" highlight="" highlightimage="" highlightimagename="" idMateria="19839330">
  <body>
    <Identifica><![CDATA[ AVISO DE LICITAÇÃO]]></Identifica>
    <Data><![CDATA[ Fortaleza/CE, 22 de Agosto de 2022   ]]></Data>
    <Ementa />
    <Titulo />
    <SubTitulo />
    <Texto><![CDATA[<p class="identifica">AVISO DE LICITAÇÃO</p><p class="identifica">PREGÃO ELETRÔNICO Nº 20221055</p><p>A Secretaria da Casa Civil torna público o Pregão Eletrônico Nº 20221055, de interesse da Secretaria da Saúde - SESA, cujo OBJETO é: Aquisição de materiais de manutenção - serralheria e hidráulico, para o Hospital de Messejana Dr.Carlos Alberto Studart Gomes/SESA, conforme especificações contidas no Edital e seus Anexos. RECEBIMENTO DAS PROPOSTAS VIRTUAIS: No endereço www.comprasnet.gov.br, através do Nº 10552022, até o dia 12/09/2022, às 9h (Horário de Brasília-DF). OBTENÇÃO DO EDITAL: No endereço eletrônico acima ou no site www.seplag.ce.gov.br</p><p class="data">Fortaleza/CE, 22 de Agosto de 2022</p><p class="assina">JANES VALTER NOBRE RABELO</p><p class="cargo">Pregoeira</p>]]></Texto>
  </body>
  <Midias />
</article></xml>