﻿<xml><article id="27731498" name="avisoshomologapmf2908" idOficio="9056329" pubName="DO3" artType="Aviso de Homologação" pubDate="30/08/2022" artClass="00052:00005:00187:00000:00000:00000:00000:00000:00000:00000:00077:00000" artCategory="Prefeituras/Estado da Bahia/Prefeitura Municipal de Filadélfia" artSize="12" artNotes="" numberPage="329" pdfPage="http://pesquisa.in.gov.br/imprensa/jsp/visualiza/index.jsp?data=30/08/2022&amp;jornal=530&amp;pagina=329" editionNumber="165" highlightType="" highlightPriority="" highlight="" highlightimage="" highlightimagename="" idMateria="19838559">
  <body>
    <Identifica><![CDATA[ AVISOS DE HOMOLOGAÇÃO]]></Identifica>
    <Data><![CDATA[ Filadelfia/Ba, 8 de Agosto de 2022]]></Data>
    <Ementa />
    <Titulo />
    <SubTitulo />
    <Texto><![CDATA[<p class="identifica">AVISOS DE HOMOLOGAÇÃO</p><p class="identifica">PREGÃO ELETRÔNICO Nº 25/2022</p><p>PA 1359/22 - Homologa o resultado da Licitação: PP N° 025/2022, do tipo Menor Preço por Item para a contratação de empresa na manutenção de veículos e maquinas com serviços de tornearia, sob responsabilidade da secretaria de Administração do município de Filadélfia-Ba, sob responsabilidade da Secretaria Municipal de administração do Município de Filadélfia-Ba. Empresa vencedora: 1- UEDERSONDA SILVA OLIVEIRA - CNPJ/CPF: 17.318.978/0001-07- venceu 21 itens (1, 2, 3, 4, 5, 6, 7, 8, 9, 10, 11, 12, 13, 14, 15, 16, 18,17, 19, 20, 21) com o valor total de R$ 90.776,00 (noventa mil e setecentos e setenta e seis reais), O valor total licitado dos itens foi de: 90.776,00 (noventa mil e setecentos e setenta e seis reais).</p><p class="identifica">PREGÃO ELETRÔNICO Nº 26/2022</p><p>PA 2003/22 - Homologa o resultado PE N° 026/2022, do tipo Menor Preço por Item para o fornecimento de gêneros alimentícios tipo hortifrutigranjeiros, para atender as Secretarias de Administração e Planejamento, Agricultura, Saúde e Assistência Social, sob responsabilidade da Secretaria de Administração, declara vencedoras as empresas: 1 -AMANDA CAROLINA DOS SANTOS COSTA 07621889527- venceu 12 itens com o valor total de R$ 98.304,00 2 -REJANE GONCALVES CARVALHO 04316511599 -venceu 15 itens com o valor total de R$ 117.524,00 (cento e dezessete mil e quinhentos e vinte e quatroreais); 3 - IOLANDA GONCALVES NASCIMENTO 00564160598-venceu 10 itens com o valor total de R$ 109.030,00 ,O valor total licitado dos itens foi de: 324.858,00.</p><p class="data">Filadelfia/Ba, 8 de Agosto de 2022</p><p class="assina">Lourivaldo Pereira Maia</p><p class="cargo">Prefeito</p>]]></Texto>
  </body>
  <Midias />
</article></xml>