﻿<xml><article id="27764865" name="2022-08-29/9056850/COMPRASNETWS_" idOficio="9056850" pubName="DO3" artType="Extrato de Apostilamento" pubDate="30/08/2022" artClass="00018:00051:00024:00000:00000:00000:00000:00000:00000:00000:00143:00001" artCategory="Ministério da Educação/Instituto Federal de Educação, Ciência e Tecnologia do Ceará/Campus Crato" artSize="12" artNotes="" numberPage="91" pdfPage="http://pesquisa.in.gov.br/imprensa/jsp/visualiza/index.jsp?data=30/08/2022&amp;jornal=530&amp;pagina=91" editionNumber="165" highlightType="" highlightPriority="" highlight="" highlightimage="" highlightimagename="" idMateria="19839410">
  <body>
    <Identifica><![CDATA[ EXTRATO DE APOSTILAMENTO Nº 1/2022 - UASG 158321]]></Identifica>
    <Data><![CDATA[]]></Data>
    <Ementa />
    <Titulo />
    <SubTitulo />
    <Texto><![CDATA[<p class="identifica">EXTRATO DE APOSTILAMENTO Nº 1/2022 - UASG 158321</p><p>Número do Contrato: 17/2020.</p><p>Nº Processo: 23265.001170/2020-58.</p><p>Contratante: CAMPUS CRATO/IFCE. Contratado: 05.263.842/0001-50 - IGC EMPREENDIMENTOS IMOBILIARIOS LTDA. Objeto: O presente termo de apostilamento tem por objeto o reajuste do valor do contrato n° 17/2020 decorrente da aplicação do incc - índice nacional da construção civil do período de dezembro/2020 a dezembro/2021.. Vigência: 31/12/2020 a 31/03/2022. Valor Total Atualizado do Contrato: R$ 1.280.057,16. Data de Assinatura: 26/08/2022.</p><p>(COMPRASNET 4.0 - 26/08/2022).</p>]]></Texto>
  </body>
  <Midias />
</article></xml>