﻿<xml><article id="27731783" name="2022-08-27/9056269/COMPRASNETWS_" idOficio="9056269" pubName="DO3" artType="Extrato de Contrato" pubDate="30/08/2022" artClass="00018:00073:00001:00000:00000:00000:00000:00000:00000:00000:00031:00001" artCategory="Ministério da Educação/Instituto Federal de Educação, Ciência e Tecnologia de São Paulo/Reitoria" artSize="12" artNotes="" numberPage="110" pdfPage="http://pesquisa.in.gov.br/imprensa/jsp/visualiza/index.jsp?data=30/08/2022&amp;jornal=530&amp;pagina=110" editionNumber="165" highlightType="" highlightPriority="" highlight="" highlightimage="" highlightimagename="" idMateria="19838336">
  <body>
    <Identifica><![CDATA[ EXTRATO DE CONTRATO Nº 20583/2022 - UASG 158583]]></Identifica>
    <Data><![CDATA[]]></Data>
    <Ementa />
    <Titulo />
    <SubTitulo />
    <Texto><![CDATA[<p class="identifica">EXTRATO DE CONTRATO Nº 20583/2022 - UASG 158583</p><p>Nº Processo: 23428.001332/2022-18.</p><p>Dispensa Nº 22583/2022. Contratante: INSTITUTO FEDERAL DE SAO PAULO.</p><p>Contratado: 41.301.530/0001-57 - . Objeto: Contratação para desenvolver o projeto conectahealth - program de aceleração e validação de startups para diagnóstico e tratamento de câncer em saúde pública do brasil..</p><p>Fundamento Legal: LEI 8.666 / 1993 - Artigo: 24 - Inciso: XIII. Vigência: 29/08/2022 a 28/08/2024. Valor Total: R$ 1.500.000,00. Data de Assinatura: 26/08/2022.</p><p>(COMPRASNET 4.0 - 26/08/2022).</p>]]></Texto>
  </body>
  <Midias />
</article></xml>