﻿<xml><article id="27732512" name="Aviso de Licitacao - PE 89-2022 " idOficio="9056578" pubName="DO3" artType="Aviso de Licitação" pubDate="30/08/2022" artClass="00052:00014:00459:00000:00000:00000:00000:00000:00000:00000:00081:00000" artCategory="Prefeituras/Estado do Paraná/Prefeitura Municipal de União da Vitória" artSize="12" artNotes="" numberPage="411" pdfPage="http://pesquisa.in.gov.br/imprensa/jsp/visualiza/index.jsp?data=30/08/2022&amp;jornal=530&amp;pagina=411" editionNumber="165" highlightType="" highlightPriority="" highlight="" highlightimage="" highlightimagename="" idMateria="19839094">
  <body>
    <Identifica><![CDATA[ AVISO DE LICITAÇÃO]]></Identifica>
    <Data><![CDATA[ União da Vitória - PR, 24 de agosto de 2022.]]></Data>
    <Ementa />
    <Titulo />
    <SubTitulo />
    <Texto><![CDATA[<p class="identifica">AVISO DE LICITAÇÃO</p><p class="identifica">PREGÃO ELETRÔNICO Nº 89/2022</p><p>PROCESSO Nº 185/2022</p><p>OBJETO: Registro de Preços para aquisição, de forma parcelada, de armários de aço e de madeira, móveis para escritório e espelhos emoldurados com instalação, destinados a suprir as necessidades da Secretaria Municipal de Educação, Centros de Educação Infantil (CMEIS), Escolas Municipais e demais secretarias do Município de União da Vitória - PR, de acordo com as condições, quantidades e exigências estabelecidas neste edital e seus anexos. ATENÇÃO: Licitação diferenciada com Cota de Ampla Participação, Cota Reservada e Cota Exclusiva para participação de Microempresa (ME), Empresa de Pequeno Porte (EPP), Microempreendedor Individual (MEI). FORMA DE JULGAMENTO: Menor Preço Por Item. RECEBIMENTO DAS PROPOSTAS: até às 08h30min do dia 14/09/2022. CADASTRO DOS DOCUMENTOS DE HABILITAÇÃO (direto no site da BBMNET): até as 08h30min do dia 14/09/2022. ABERTURA E AVALIAÇÃO DAS PROPOSTAS: dia 14/09/2022 a partir das 08h31min. INÍCIO DA SESSÃO PÚBLICA DE DISPUTA DE PREÇOS: dia 14/09/2022 a partir das 09h00min após a avaliação das propostas pelo(a) Pregoeiro(a). VALOR TOTAL ESTIMADO NA LICITAÇÃO: R$ 1.137.077,90 (Um milhão cento e trinta e sete mil setenta e sete reais e noventa centavos). Pregoeira: Melissa Banhuk Ribeiro. Outras informações podem ser obtidas no Dpto. de Compras e Licitações da Secretaria Municipal de Educação de União da Vitória, no endereço Rua Coronel Amazonas, nº 491, Bairro Navegantes, telefones (42) 3522-4528 / 3522-4649 e 3522-4026 e na Prefeitura Municipal de União da Vitória - PR, no endereço Rua Dr. Cruz Machado, nº 205, 4° pavimento, centro. Para todas as referências de tempo será observado o horário de Brasília (DF). e-mail: licitacao@uniaodavitoria.pr.gov.br. site: www.uniaodavitoria.pr.gov.br - links LICITAÇÃO e PORTAL DA TRANSPARÊNCIA. Local: http://www.bbmnetlicitacoes.com.br "Acesso Identificado no link - licitações públicas".</p><p class="data">União da Vitória - PR, 24 de agosto de 2022.</p><p class="assina">Bachir Abbas</p><p class="cargo">Prefeito</p>]]></Texto>
  </body>
  <Midias />
</article></xml>