﻿<xml><article id="27764581" name="2022-08-29/9056637/COMPRASNETWS_" idOficio="9056637" pubName="DO3" artType="Extrato de Termo Aditivo" pubDate="30/08/2022" artClass="00007:00049:00034:00000:00000:00000:00000:00000:00000:00000:00054:00001" artCategory="Ministério da Agricultura, Pecuária e Abastecimento/Secretaria de Inovação, Desenvolvimento Sustentável e Irrigação/Instituto Nacional de Meteorologia" artSize="12" artNotes="" numberPage="11" pdfPage="http://pesquisa.in.gov.br/imprensa/jsp/visualiza/index.jsp?data=30/08/2022&amp;jornal=530&amp;pagina=11" editionNumber="165" highlightType="" highlightPriority="" highlight="" highlightimage="" highlightimagename="" idMateria="19839166">
  <body>
    <Identifica><![CDATA[ EXTRATO DE TERMO ADITIVO Nº 4/2022 - UASG 130011]]></Identifica>
    <Data><![CDATA[]]></Data>
    <Ementa />
    <Titulo />
    <SubTitulo />
    <Texto><![CDATA[<p class="identifica">EXTRATO DE TERMO ADITIVO Nº 4/2022 - UASG 130011</p><p>Número do Contrato: 4/2018.</p><p>Nº Processo: 21162.000271/2017-39.</p><p>Pregão. Nº 2/2018. Contratante: INSTITUTO NACIONAL DE METEOROLOGIA. Contratado: 07.912.128/0001-70 - F J A COSTA EIRELI. Objeto: Prorrogar o prazo da vigência do contrato nº 004/2018, por 12 (doze) meses, nos termos do art. 57, II, da Lei n.º 8.666, de 1993. Vigência: 03/09/2022 a 03/09/2023. Valor Total Atualizado do Contrato: R$ 116.367,75. Data de Assinatura: 26/08/2022.</p><p>(COMPRASNET 4.0 - 26/08/2022).</p>]]></Texto>
  </body>
  <Midias />
</article></xml>