﻿<xml><article id="27732992" name="PE_65-2022-Gerador-Deserta" idOficio="9056658" pubName="DO3" artType="Aviso de Licitação Deserta" pubDate="30/08/2022" artClass="00047:00025:00000:00000:00000:00000:00000:00000:00000:00000:00167:00000" artCategory="Poder Judiciário/Tribunal Regional Eleitoral do Pará" artSize="12" artNotes="" numberPage="263" pdfPage="http://pesquisa.in.gov.br/imprensa/jsp/visualiza/index.jsp?data=30/08/2022&amp;jornal=530&amp;pagina=263" editionNumber="165" highlightType="" highlightPriority="" highlight="" highlightimage="" highlightimagename="" idMateria="19839187">
  <body>
    <Identifica><![CDATA[ AVISO DE HOMOLOGAÇÃO]]></Identifica>
    <Data><![CDATA[]]></Data>
    <Ementa />
    <Titulo />
    <SubTitulo />
    <Texto><![CDATA[<p class="identifica">AVISO DE HOMOLOGAÇÃO</p><p class="identifica">Pregão Eletrônico nº 65/2022</p><p>O TRE/PA torna pública a homologação do Pregão Eletrônico nº 65/2022, cujo objeto foi a locação de um Grupo Motor Gerador (GMG) com potência aparente de, no mínimo, 225 KVA, inclusive transporte, instalação, manutenção e desinstalação, visando garantir ao fornecimento contínuo e ininterrupto de energia elétrica ao prédio do Núcleo de Atendimento ao Eleitor - NAE durante o período das Eleições 2022, declarando-o DESERTO.</p><p class="assina">FELIPE HOUAT DE BRITO</p><p class="cargo">Diretor-Geral</p>]]></Texto>
  </body>
  <Midias />
</article></xml>