﻿<xml><article id="27762616" name="2022-08-29/9056790/COMPRASNETWS_" idOficio="9056790" pubName="DO3" artType="Extrato de Contrato" pubDate="30/08/2022" artClass="00018:00118:00000:00000:00000:00000:00000:00000:00000:00000:00031:00001" artCategory="Ministério da Educação/Universidade Federal de Santa Maria" artSize="12" artNotes="" numberPage="145" pdfPage="http://pesquisa.in.gov.br/imprensa/jsp/visualiza/index.jsp?data=30/08/2022&amp;jornal=530&amp;pagina=145" editionNumber="165" highlightType="" highlightPriority="" highlight="" highlightimage="" highlightimagename="" idMateria="19839336">
  <body>
    <Identifica><![CDATA[ EXTRATO DE CONTRATO Nº 66/2022 - UASG 153602]]></Identifica>
    <Data><![CDATA[]]></Data>
    <Ementa />
    <Titulo />
    <SubTitulo />
    <Texto><![CDATA[<p class="identifica">EXTRATO DE CONTRATO Nº 66/2022 - UASG 153602</p><p>Nº Processo: 23081.107863/2021-92.</p><p>Pregão Nº 82/2022. Contratante: UNIVERSIDADE FEDERAL DE SANTA MARIA.</p><p>Contratado: 10.996.691/0001-89 - VIVACOM COMERCIO E SERVICOS LTDA. Objeto: Contratação de empresa que, sob demanda, prestará serviços de manutenção predial, com fornecimento de peças, equipamentos, materiais e mão de obra, com o maior desconto a ser aplicado em planilhas de serviços e insumos, constantes das tabelas anexas ao presente contrato. Os serviços e os materiais serão pagos de acordo com os valores constantes da tabela sinapi estabelecida para o estado do rio grande do sul, com incidência do desconto ofertado pela licitante, acrescido do bdi de 25% (vinte e cinco por cento).</p><p>Fundamento Legal: LEI 10.520 / 2002 - Artigo: 1. Vigência: 26/08/2022 a 25/08/2023. Valor Total: R$ 1.155.690,73. Data de Assinatura: 26/08/2022.</p><p>(COMPRASNET 4.0 - 26/08/2022).</p>]]></Texto>
  </body>
  <Midias />
</article></xml>