﻿<xml><article id="27731495" name="atarppmf2908" idOficio="9056328" pubName="DO3" artType="Aviso de Registro de Preços" pubDate="30/08/2022" artClass="00052:00005:00187:00000:00000:00000:00000:00000:00000:00000:00112:00000" artCategory="Prefeituras/Estado da Bahia/Prefeitura Municipal de Filadélfia" artSize="12" artNotes="" numberPage="330" pdfPage="http://pesquisa.in.gov.br/imprensa/jsp/visualiza/index.jsp?data=30/08/2022&amp;jornal=530&amp;pagina=330" editionNumber="165" highlightType="" highlightPriority="" highlight="" highlightimage="" highlightimagename="" idMateria="19838558">
  <body>
    <Identifica><![CDATA[ EXTRATO DE REGISTRO DE PREÇOs SRP Nº 25/2022]]></Identifica>
    <Data><![CDATA[]]></Data>
    <Ementa />
    <Titulo />
    <SubTitulo />
    <Texto><![CDATA[<p class="identifica">EXTRATO DE REGISTRO DE PREÇOs SRP Nº 25/2022</p><p>PA 1359/22 - PE Nº 025/2022 Contratante: Prefeitura Municipal de Filadélfia. Empresa adjudicada e homologada: UEDERSONDA SILVA OLIVEIRA - CNPJ/CPF: 17.318.978/0001-0, valor estimado R$ 90.776,00. Assinatura: 08/08/2022. Vigência: 12 meses. SRP para Contratação de empresa para na manutenção de veículos e maquinas com serviços de tornearia, sob responsabilidade da secretaria de Administração do município de Filadélfia-Ba, Vencedor do certame a Empresa: UEDERSONDA SILVA OLIVEIRA - CNPJ/CPF: 17.318.978/0001-07- venceu 21 itens (1, 2, 3, 4, 5, 6, 7, 8, 9, 10, 11, 12, 13, 14, 15, 16, 18,17, 19, 20, 21) com o valor total de R$ 90.776,00 (noventa mil e setecentos e setenta e seis reais), O valor total licitado dos itens foi de: 90.776,00 (noventa mil e setecentos e setenta e seis reais)</p>]]></Texto>
  </body>
  <Midias />
</article></xml>