﻿<xml><article id="27733174" name="extrato de licitacao tomada de p" idOficio="9056808" pubName="DO3" artType="Aviso de Licitação-Tomada de Preços" pubDate="30/08/2022" artClass="00052:00023:00264:00000:00000:00000:00000:00000:00000:00000:00166:00000" artCategory="Prefeituras/Estado de Santa Catarina/PREFEITURA MUNICIPAL DE RODEIO" artSize="12" artNotes="" numberPage="452" pdfPage="http://pesquisa.in.gov.br/imprensa/jsp/visualiza/index.jsp?data=30/08/2022&amp;jornal=530&amp;pagina=452" editionNumber="165" highlightType="" highlightPriority="" highlight="" highlightimage="" highlightimagename="" idMateria="19839359">
  <body>
    <Identifica><![CDATA[AVISO  DE LICITAÇÃO  ]]></Identifica>
    <Data><![CDATA[ Rodeio/SC,  29 de agosto de 2022.]]></Data>
    <Ementa />
    <Titulo />
    <SubTitulo />
    <Texto><![CDATA[<p></p><p class="identifica">AVISO DE LICITAÇÃO</p><p class="identifica">Tomada de preçOS Nº 9/2022</p><p>Objeto: contratação de empresa para construção de uma sala de aula e um banheiro no Centro de Educação Infantil Governador Heriberto Hulse. Fim da entrega de propostas: às 08h00min do dia 15/09/2022. Informações sobre o edital serão prestadas através do e-mail pmcomp@terra.com.br ou pelo fone 47 - 33840161, no horário das 07h30min às 11h30min e das 13h30min às 17h00min, em dias úteis.</p><p class="data">Rodeio/SC, 29 de agosto de 2022.</p><p class="assina">VALCIR FERRARI</p><p class="cargo">Prefeito</p>]]></Texto>
  </body>
  <Midias />
</article></xml>