﻿<xml><article id="27764841" name="2022-08-29/9056581/COMPRASNETWS_" idOficio="9056581" pubName="DO3" artType="Extrato de Contrato" pubDate="30/08/2022" artClass="00026:00026:00028:00000:00000:00000:00000:00000:00000:00000:00031:00001" artCategory="Ministério da Saúde/Secretaria Especial de Saúde Indígena/Distrito Sanitário Especial Indígena - Minas Gerais e Espírito Santo" artSize="12" artNotes="" numberPage="211" pdfPage="http://pesquisa.in.gov.br/imprensa/jsp/visualiza/index.jsp?data=30/08/2022&amp;jornal=530&amp;pagina=211" editionNumber="165" highlightType="" highlightPriority="" highlight="" highlightimage="" highlightimagename="" idMateria="19839097">
  <body>
    <Identifica><![CDATA[ EXTRATO DE CONTRATO Nº 36/2022 - UASG 257035]]></Identifica>
    <Data><![CDATA[]]></Data>
    <Ementa />
    <Titulo />
    <SubTitulo />
    <Texto><![CDATA[<p class="identifica">EXTRATO DE CONTRATO Nº 36/2022 - UASG 257035</p><p>Nº Processo: 25047.000589/2022-54.</p><p>Dispensa Nº 28/2022. Contratante: DISTRITO SANIT.ESP.INDIGENA - MG/ES.</p><p>Contratado: 10.654.050/0001-46 - CIVIL-PORTT CONSTRUCAO LTDA. Objeto: Contratação de empresa especializada em prestação de serviços de transporte e abastecimento água potável, através de caminhão pipa na aldeia rio verde da etnia kiriri, no município de caldas/mg.</p><p>Fundamento Legal: LEI 8.666 / 1993 - Artigo: 24 - Inciso: IV. Vigência: 29/08/2022 a 24/02/2023. Valor Total: R$ 193.700,00. Data de Assinatura: 25/08/2022.</p><p>(COMPRASNET 4.0 - 29/08/2022).</p>]]></Texto>
  </body>
  <Midias />
</article></xml>