﻿<xml><article id="27760178" name="2022-08-29/9056620/COMPRASNETWS_" idOficio="9056620" pubName="DO3" artType="Extrato de Apostilamento" pubDate="30/08/2022" artClass="00018:00061:00040:00000:00000:00000:00000:00000:00000:00000:00143:00001" artCategory="Ministério da Educação/Instituto Federal de Educação, Ciência e Tecnologia do Norte de Minas Gerais/Campus Diamantina" artSize="12" artNotes="" numberPage="105" pdfPage="http://pesquisa.in.gov.br/imprensa/jsp/visualiza/index.jsp?data=30/08/2022&amp;jornal=530&amp;pagina=105" editionNumber="165" highlightType="" highlightPriority="" highlight="" highlightimage="" highlightimagename="" idMateria="19839149">
  <body>
    <Identifica><![CDATA[ EXTRATO DE APOSTILAMENTO Nº 1/2022 - UASG 156121]]></Identifica>
    <Data><![CDATA[]]></Data>
    <Ementa />
    <Titulo />
    <SubTitulo />
    <Texto><![CDATA[<p class="identifica">EXTRATO DE APOSTILAMENTO Nº 1/2022 - UASG 156121</p><p>Número do Contrato: 3/2021.</p><p>Nº Processo: 23833.000493/2021-13.</p><p>Contratante: INST. FED. DO NORTE DE MG/CAMPUS DIAMANTINA. Contratado: 13.892.384/0001-46 - GESTSERVI - GESTAO E TERCEIRIZACAO DE MAO-DE-OBRA - EIR. Objeto: Repactuação dos custos da mão de obra do contrato original.. Vigência: 17/10/2021 a 16/10/2022. Valor Total Atualizado do Contrato: R$ 867.945,74. Data de Assinatura: 25/08/2022.</p><p>(COMPRASNET 4.0 - 25/08/2022).</p>]]></Texto>
  </body>
  <Midias />
</article></xml>