﻿<xml><article id="27760519" name="2022-08-29/9056673/COMPRASNETWS_" idOficio="9056673" pubName="DO3" artType="Retificação" pubDate="30/08/2022" artClass="00013:00035:00000:00000:00000:00000:00000:00000:00000:00000:00128:00001" artCategory="Ministério da Defesa/Hospital das Forças Armadas" artSize="12" artNotes="" numberPage="57" pdfPage="http://pesquisa.in.gov.br/imprensa/jsp/visualiza/index.jsp?data=30/08/2022&amp;jornal=530&amp;pagina=57" editionNumber="165" highlightType="" highlightPriority="" highlight="" highlightimage="" highlightimagename="" idMateria="19839202">
  <body>
    <Identifica><![CDATA[ RETIFICAÇÃO]]></Identifica>
    <Data><![CDATA[]]></Data>
    <Ementa />
    <Titulo />
    <SubTitulo />
    <Texto><![CDATA[<p class="identifica">RETIFICAÇÃO</p><p>Processo nº 60550.034592/2019-87</p><p>- Retificação da publicação do Extrato de Termo Aditivo nº 30/2022, ao Contrato nº 35/2020. Publicado no Diário Oficial da União, nº 122, de 30 de junho de 2022, Seção 3. Onde se lê: Valor Total Atualizado do Contrato: R$ 22.955.790,39. Leia-se: Valor Total Atualizado do Contrato: R$ 23.387.555,49</p>]]></Texto>
  </body>
  <Midias />
</article></xml>