﻿<xml><article id="27764089" name="2022-08-28/9056375/COMPRASNETWS_" idOficio="9056375" pubName="DO3" artType="Extrato de Rescisão" pubDate="30/08/2022" artClass="00018:00098:00000:00000:00000:00000:00000:00000:00000:00000:00107:00001" artCategory="Ministério da Educação/Universidade Federal de Juiz de Fora" artSize="12" artNotes="" numberPage="120" pdfPage="http://pesquisa.in.gov.br/imprensa/jsp/visualiza/index.jsp?data=30/08/2022&amp;jornal=530&amp;pagina=120" editionNumber="165" highlightType="" highlightPriority="" highlight="" highlightimage="" highlightimagename="" idMateria="19838719">
  <body>
    <Identifica><![CDATA[ EXTRATO DE RESCISÃO DO CONTRATO Nº 8/2020 - UASG 153061]]></Identifica>
    <Data><![CDATA[]]></Data>
    <Ementa />
    <Titulo />
    <SubTitulo />
    <Texto><![CDATA[<p class="identifica">EXTRATO DE RESCISÃO DO CONTRATO Nº 8/2020 - UASG 153061</p><p>Nº Processo: 23071.018391/2019-07. Contratante: UNIVERSIDADE FEDERAL DE JUIZ DE FORA. Contratado: 01.464.579/0001-06 - SCANSYSTEM LTDA. Objeto: Rescisão amigável do contrato nº. 08/2020, a partir de 26.08.2022. Fundamento Legal: Lei nº. 8.666/93, Art. 79, Inciso II. Data de Rescisão: 26/08/2022.</p><p>(COMPRASNET 4.0 - 26/08/2022).</p>]]></Texto>
  </body>
  <Midias />
</article></xml>