﻿<xml><article id="27732356" name="PUBLIC- EXTRATO ACT 25.08.2022" idOficio="9056691" pubName="DO3" artType="Extrato de Termo Aditivo" pubDate="30/08/2022" artClass="00020:00029:00023:00000:00000:00000:00000:00000:00000:00000:00054:00000" artCategory="Ministério da Justiça e Segurança Pública/Polícia Rodoviária Federal/Superintendência Regional em Pernambuco" artSize="12" artNotes="" numberPage="185" pdfPage="http://pesquisa.in.gov.br/imprensa/jsp/visualiza/index.jsp?data=30/08/2022&amp;jornal=530&amp;pagina=185" editionNumber="165" highlightType="" highlightPriority="" highlight="" highlightimage="" highlightimagename="" idMateria="19839223">
  <body>
    <Identifica><![CDATA[ EXTRATO DO 2º TERMO ADITIVO AO ACORDO DE COOPERAÇÃO TÉCNICA Nº 1/2018]]></Identifica>
    <Data><![CDATA[]]></Data>
    <Ementa />
    <Titulo />
    <SubTitulo />
    <Texto><![CDATA[<p class="identifica">EXTRATO DO 2º TERMO ADITIVO AO ACORDO DE COOPERAÇÃO TÉCNICA Nº 1/2018</p><p>ESPÉCIE: 2º Termo Aditivo ao Acordo de Cooperação Técnica nº 01/2018 PARTES: Instituto Federal de Educação, Ciência e Tecnologia de Pernambuco e Superintendência Regional da Polícia Rodoviária Federal de Pernambuco, Processo 23294.000522.2018-96. O Instituto Federal de Educação, Ciência e Tecnologia de Pernambuco, doravante denominado Unidade SIASS/IFPE, celebra Segundo Termo Aditivo do Acordo de Cooperação Técnica com a Superintendência Regional da Polícia Rodoviária Federal de Pernambuco, doravante denominada PRF, cujo objeto é modificar o item 6.4 do Plano de Trabalho, parte integrante Acordo de Cooperação Técnica nº 01/2018, referente às contrapartidas da Polícia Rodoviária Federal ao acompanhamento da saúde de servidores pela Unidade SIASS/IFPE. DATA DE ASSINATURAS PRF e SIASS/IFPE: 18/08/2022. ASSINATURA: José Carlos de Sá - Reitor do Instituto Federal de Educação, Ciência e Tecnologia de Pernambuco - SIASS/IFPE; Antonio Vital de Moraes Júnior - Superintendente - SPRF/PE.</p>]]></Texto>
  </body>
  <Midias />
</article></xml>