﻿<xml><article id="27763918" name="2022-08-29/9056699/COMPRASNETWS_" idOficio="9056699" pubName="DO3" artType="Extrato de Rescisão" pubDate="30/08/2022" artClass="00018:00147:00000:00000:00000:00000:00000:00000:00000:00000:00107:00001" artCategory="Ministério da Educação/Fundação Universidade Federal de São Carlos" artSize="12" artNotes="" numberPage="168" pdfPage="http://pesquisa.in.gov.br/imprensa/jsp/visualiza/index.jsp?data=30/08/2022&amp;jornal=530&amp;pagina=168" editionNumber="165" highlightType="" highlightPriority="" highlight="" highlightimage="" highlightimagename="" idMateria="19839236">
  <body>
    <Identifica><![CDATA[ EXTRATO DE RESCISÃO DO CONTRATO Nº 51/2018 - UASG |CONTRATOHISTORICO_GETUNIDADE|]]></Identifica>
    <Data><![CDATA[]]></Data>
    <Ementa />
    <Titulo />
    <SubTitulo />
    <Texto><![CDATA[<p class="identifica">EXTRATO DE RESCISÃO DO CONTRATO Nº 51/2018 - UASG |CONTRATOHISTORICO_GETUNIDADE|</p><p>Nº Processo: 23112.002078/2018-34. Contratante: FUNDACAO UNIVERSIDADE FEDERAL DE SAO CARLOS. Contratado: 030.125.458-32 - RITA HELENA SCHIAVONE CRESTANA. Objeto: Rescisão amigável. Fundamento Legal: . Data de Rescisão: 26/08/2022.</p><p>(COMPRASNET 4.0 - 26/08/2022).</p>]]></Texto>
  </body>
  <Midias />
</article></xml>