﻿<xml><article id="27765665" name="2022-08-29/9056675/COMPRASNETWS_" idOficio="9056675" pubName="DO3" artType="Extrato de Contrato" pubDate="30/08/2022" artClass="00011:00036:00000:00000:00000:00000:00000:00000:00000:00000:00031:00001" artCategory="Ministério da Ciência, Tecnologia e Inovações/Museu Paraense Emílio Goeldi" artSize="12" artNotes="" numberPage="22" pdfPage="http://pesquisa.in.gov.br/imprensa/jsp/visualiza/index.jsp?data=30/08/2022&amp;jornal=530&amp;pagina=22" editionNumber="165" highlightType="" highlightPriority="" highlight="" highlightimage="" highlightimagename="" idMateria="19839204">
  <body>
    <Identifica><![CDATA[ EXTRATO DE CONTRATO Nº 9/2022 - UASG 240125]]></Identifica>
    <Data><![CDATA[]]></Data>
    <Ementa />
    <Titulo />
    <SubTitulo />
    <Texto><![CDATA[<p class="identifica">EXTRATO DE CONTRATO Nº 9/2022 - UASG 240125</p><p>Nº Processo: 01205.000012/2022-14.</p><p>Pregão Nº 4/2022. Contratante: MUSEU PARAENSE EMILIO GOELDI.</p><p>Contratado: 10.450.194/0001-80 - T B FIGUEIREDO NUNES SERVICOS GERAIS. Objeto: Contratação de empresa para prestação de serviços continuados de tratação de animais, limpeza e manutenção dos espaços e vegetações internos e externos, com dedicação exclusiva de mão de obra e fornecimento de todos os materiais, equipamentos, ferramentas e utensílios necessários à execução dos serviços nas dependências das bases físicas: parque zoobotânico e campus de pesquisa, do museu paraense emílio goeldi - mpeg..</p><p>Fundamento Legal: LEI 10.520 / 2002 - Artigo: 1. Vigência: 25/08/2022 a 25/08/2023. Valor Total: R$ 1.547.185,32. Data de Assinatura: 25/08/2022.</p><p>(COMPRASNET 4.0 - 26/08/2022).</p>]]></Texto>
  </body>
  <Midias />
</article></xml>