﻿<xml><article id="27733195" name="Lauda - Aviso de LicitaAAo 682 -" idOficio="9056784" pubName="DO3" artType="Aviso de Licitação-Pregão" pubDate="30/08/2022" artClass="00052:00023:00174:00007:00000:00000:00000:00000:00000:00000:00164:00000" artCategory="Prefeituras/Estado de Santa Catarina/Prefeitura Municipal de Joinville/Secretaria Municipal de Administração" artSize="12" artNotes="" numberPage="451" pdfPage="http://pesquisa.in.gov.br/imprensa/jsp/visualiza/index.jsp?data=30/08/2022&amp;jornal=530&amp;pagina=451" editionNumber="165" highlightType="" highlightPriority="" highlight="" highlightimage="" highlightimagename="" idMateria="19839324">
  <body>
    <Identifica><![CDATA[AVISO DE LICITAÇÃO]]></Identifica>
    <Data><![CDATA[ Joinville/SC, 26 de agosto de 2022.]]></Data>
    <Ementa />
    <Titulo />
    <SubTitulo />
    <Texto><![CDATA[<p class="identifica">AVISO DE LICITAÇÃO</p><p class="identifica">Pregão Eletrônico nº 682/2022</p><p>O Município de Joinville através da Unidade de Processos da Secretaria de Administração e Planejamento leva ao conhecimento dos interessados que em conformidade com o que preceitua a Lei 8.666/93 e suas alterações posteriores, fará realizar o procedimento licitatório de Pregão Eletrônico nº 682/2022, destinado ao Registro de Preços, visando a futura e eventual aquisição de itens para manutenção de informática, a fim de atender as necessidades da Secretaria de Assistência Social e suas unidades, na Data/Horário: 12/09/2022 às 08:30 horas, para abertura das propostas. O edital encontra-se à disposição dos interessados no site www.joinville.sc.gov.br e www.gov.br/compras/pt-br, UASG 453230. Chave TCE C91FD07FA1B6B4F5523AE44A415F6E77EFF2AC3D.</p><p class="data">Joinville/SC, 26 de agosto de 2022.</p><p class="assina">RICARDO MAFRA</p><p class="cargo">Secretário de Administração e Planejamento</p><p class="assina">Silvia Cristina Bello</p><p class="cargo">Diretora Executiva</p><p></p>]]></Texto>
  </body>
  <Midias />
</article></xml>