﻿<xml><article id="27767042" name="2022-08-29/9056633/COMPRASNETWS_" idOficio="9056633" pubName="DO3" artType="Extrato de Contrato" pubDate="30/08/2022" artClass="00018:00051:00025:00000:00000:00000:00000:00000:00000:00000:00031:00001" artCategory="Ministério da Educação/Instituto Federal de Educação, Ciência e Tecnologia do Ceará/Campus Fortaleza" artSize="12" artNotes="" numberPage="91" pdfPage="http://pesquisa.in.gov.br/imprensa/jsp/visualiza/index.jsp?data=30/08/2022&amp;jornal=530&amp;pagina=91" editionNumber="165" highlightType="" highlightPriority="" highlight="" highlightimage="" highlightimagename="" idMateria="19839162">
  <body>
    <Identifica><![CDATA[ EXTRATO DE CONTRATO Nº 34/2022 - UASG 158313]]></Identifica>
    <Data><![CDATA[]]></Data>
    <Ementa />
    <Titulo />
    <SubTitulo />
    <Texto><![CDATA[<p class="identifica">EXTRATO DE CONTRATO Nº 34/2022 - UASG 158313</p><p>Nº Processo: 23256.010005/2022-68.</p><p>Pregão Nº 8/2022. Contratante: CAMPUS FORTALEZA/IFCE.</p><p>Contratado: 13.343.833/0007-92 - ALFORGE SEGURANCA PATRIMONIAL LTDA. Objeto: 1. Cláusula primeira - objeto</p><p>1.1. O objeto do presente instrumento é a contratação de serviços continuados de vigilância desarmada diurna e noturna, para o campus fortaleza, com disponibilização de mão de obra em regime de dedicação exclusiva, que serão prestados nas condições estabelecidas no termo de referência, anexo do edital..</p><p>Fundamento Legal: LEI 10.520 / 2002 - Artigo: 1. Vigência: 01/09/2022 a 01/09/2023. Valor Total: R$ 1.611.569,04. Data de Assinatura: 26/08/2022.</p><p>(COMPRASNET 4.0 - 29/08/2022).</p>]]></Texto>
  </body>
  <Midias />
</article></xml>