﻿<xml><article id="27766325" name="2022-08-29/9056640/COMPRASNETWS_" idOficio="9056640" pubName="DO3" artType="Extrato de Convênio" pubDate="30/08/2022" artClass="00018:00125:00019:00000:00000:00000:00000:00000:00000:00000:00032:00001" artCategory="Ministério da Educação/Universidade Tecnológica Federal do Paraná/Câmpus Toledo" artSize="12" artNotes="" numberPage="152" pdfPage="http://pesquisa.in.gov.br/imprensa/jsp/visualiza/index.jsp?data=30/08/2022&amp;jornal=530&amp;pagina=152" editionNumber="165" highlightType="" highlightPriority="" highlight="" highlightimage="" highlightimagename="" idMateria="19839169">
  <body>
    <Identifica><![CDATA[ EXTRATO DE CONVêNIO Nº 9/2022 - UASG 150150]]></Identifica>
    <Data><![CDATA[]]></Data>
    <Ementa />
    <Titulo />
    <SubTitulo />
    <Texto><![CDATA[<p class="identifica">EXTRATO DE CONVêNIO Nº 9/2022 - UASG 150150</p><p>Nº Processo: 23064.029429/2022-53.</p><p>Dispensa Nº 9/2022. Contratante: UTFPR - CAMPUS TOLEDO.</p><p>Contratado: 02.032.297/0001-00 - FUNDACAO DE APOIO A EDUCACAO, PESQUISA E DESENVOLVIMENT. Objeto: Gestão administrativa e financeira, por meio da funtef-pr, das "atividades de extensão de curta duração" a serem realizadas pelo campus toledo da utfpr..</p><p>Fundamento Legal: LEI 8.666 / 1993 - Artigo: 24 - Inciso: XIII. Vigência: 25/08/2022 a 25/08/2024. Valor Total: R$ 150.000,00. Data de Assinatura: 25/08/2022.</p><p>(COMPRASNET 4.0 - 29/08/2022).</p>]]></Texto>
  </body>
  <Midias />
</article></xml>