﻿<xml><article id="27732491" name="PUBLICAAAO DOu 2 QUIXADA EXTRATO" idOficio="9056338" pubName="DO3" artType="Extrato de Adesão" pubDate="30/08/2022" artClass="00052:00006:00184:00000:00000:00000:00000:00000:00000:00000:00018:00000" artCategory="Prefeituras/Estado do Ceará/Prefeitura Municipal de Quixadá" artSize="12" artNotes="" numberPage="345" pdfPage="http://pesquisa.in.gov.br/imprensa/jsp/visualiza/index.jsp?data=30/08/2022&amp;jornal=530&amp;pagina=345" editionNumber="165" highlightType="" highlightPriority="" highlight="" highlightimage="" highlightimagename="" idMateria="19838580">
  <body>
    <Identifica><![CDATA[ Extrato de Contrato]]></Identifica>
    <Data><![CDATA[]]></Data>
    <Ementa />
    <Titulo />
    <SubTitulo />
    <Texto><![CDATA[<p class="identifica">Extrato de Contrato</p><p>Adesão nº 2022.08.03.001. Contratante e signatário: Secretaria de Educação, Verúzia Jardim de Queiroz, Secretária. Extrato do contrato resultante do Processo de Adesão nº 2022.08.03.001: nº 2022.08.03.001. Valor global: R$ 889.416,75 - Contratado e signatário: Provix Distribuidora de Produtos Alimentícios - EIRELI, através de sua representante legal, a Sra. Francisca Gardia Sá Carvalho; nº 2022.08.03.001. Valor global: R$ 666.760,72. Contratado e signatário: T Soares Rodrigues Comércio Varejista, através de seu representante legal, o Sr. Tiago Soares Rodrigues. Objeto: Aquisição de kits Escolares. Prazo de vigência: até 31/12/2022, a partir da data da assinatura. Data da assinatura do contrato: 24/08/2022.</p>]]></Texto>
  </body>
  <Midias />
</article></xml>