﻿<xml><article id="27733432" name="EXTRATO DE ATA RP = DOU - Medica" idOficio="9056920" pubName="DO3" artType="Extrato de Registro de Preços" pubDate="30/08/2022" artClass="00052:00012:00904:00000:00000:00000:00000:00000:00000:00000:00048:00000" artCategory="Prefeituras/Estado de Minas Gerais/PREFEITURA MUNICIPAL DE SANTA RITA DO SAPUCAÍ" artSize="12" artNotes="" numberPage="387" pdfPage="http://pesquisa.in.gov.br/imprensa/jsp/visualiza/index.jsp?data=30/08/2022&amp;jornal=530&amp;pagina=387" editionNumber="165" highlightType="" highlightPriority="" highlight="" highlightimage="" highlightimagename="" idMateria="19839420">
  <body>
    <Identifica><![CDATA[ EXTRATO DE REGISTRO DE PREÇOS]]></Identifica>
    <Data><![CDATA[]]></Data>
    <Ementa />
    <Titulo />
    <SubTitulo />
    <Texto><![CDATA[<p class="identifica">EXTRATO DE REGISTRO DE PREÇOS</p><p>Extrato da Ata de Registro de Preços N.º 062/2022, oriunda do Processo Licitatório PRC N.º 133/2022, na modalidade PREGÃO ELETRÔNICO Nº. 062/2022, cujo objeto é o fornecimento de UTENSÍLIOS E MEDICAMENTOS DE USO VETERINÁRIO para atender as necessidades do canil municipal e animais de grande porte apreendidos sob responsabilidade do município de Santa Rita do Sapucaí/MG. Vigência da Ata de RP: 25/08/2022 a 24/08/2023. Registrada: MATOS MEDICAMENTOS LTDA. Valor: R$ 1.851,92. Registrada: REAL AGROVETERINÁRIA EIRELI. Valor: R$ 2.545,08. Valor Global do Processo: R$ 4.397,00. Íntegra disponível em: www.pmsrs.mg.gov.br.</p>]]></Texto>
  </body>
  <Midias />
</article></xml>