﻿<xml><article id="27732437" name="INDIARA DOU CITACAO" idOficio="9056225" pubName="DO3" artType="Edital de Citação" pubDate="30/08/2022" artClass="00052:00008:00155:00000:00000:00000:00000:00000:00000:00000:00058:00000" artCategory="Prefeituras/Estado de Goiás/PREFEITURA MUNICIPAL DE INDIARA" artSize="12" artNotes="" numberPage="354" pdfPage="http://pesquisa.in.gov.br/imprensa/jsp/visualiza/index.jsp?data=30/08/2022&amp;jornal=530&amp;pagina=354" editionNumber="165" highlightType="" highlightPriority="" highlight="" highlightimage="" highlightimagename="" idMateria="19837682">
  <body>
    <Identifica><![CDATA[ EDITAL DE CITAÇÃO, DE 26 DE AGOSTO DE 2022]]></Identifica>
    <Data><![CDATA[]]></Data>
    <Ementa />
    <Titulo />
    <SubTitulo />
    <Texto><![CDATA[<p class="identifica">EDITAL DE CITAÇÃO, DE 26 DE AGOSTO DE 2022</p><p>A Presidente da Comissão designada pelo Decreto n.º 112/2022-RH, de 29 de JUNHO de 2022, no uso de suas atribuições legais, e tendo em vista o disposto no caput do artigo 147 do Estatuto dos Servidores Públicos do Município de Indiara (Lei Municipal nº 634/2009), CITA, pelo presente edital, por não ter sido encontrado no local/endereço indicado no seu assentamento funcional, o Sr. ARISTOTELES GUIMARAES GOMES, CPF 012.733.751.22, e o intima, para apresentar no prazo de 15 (quinze) dias, perante a Comissão de Processo Administrativo, na sede da Prefeitura de Indiara, Goiás, DEFESA ESCRITA, no âmbito do processo nº 001/2022, protocolo 1717/2022. Os autos desse mencionado processo podem ser consultados, no horário de expediente da Prefeitura Municipal de Indiara, situa na rua Mizael Machado, s/n centro, Indiara, Goiás.</p><p class="assina">NUBIA FRANCELINA DA CRUZ</p>]]></Texto>
  </body>
  <Midias />
</article></xml>