﻿<xml><article id="27759011" name="2022-08-29/9056946/COMPRASNETWS_" idOficio="9056946" pubName="DO3" artType="Extrato de Termo Aditivo" pubDate="30/08/2022" artClass="00018:00037:00000:00000:00000:00000:00000:00000:00000:00000:00054:00001" artCategory="Ministério da Educação/Centro Federal de Educação Tecnológica Celso Suckow da Fonseca" artSize="12" artNotes="" numberPage="82" pdfPage="http://pesquisa.in.gov.br/imprensa/jsp/visualiza/index.jsp?data=30/08/2022&amp;jornal=530&amp;pagina=82" editionNumber="165" highlightType="" highlightPriority="" highlight="" highlightimage="" highlightimagename="" idMateria="19839441">
  <body>
    <Identifica><![CDATA[ EXTRATO DE TERMO ADITIVO Nº 4/2022 - UASG 153010]]></Identifica>
    <Data><![CDATA[]]></Data>
    <Ementa />
    <Titulo />
    <SubTitulo />
    <Texto><![CDATA[<p class="identifica">EXTRATO DE TERMO ADITIVO Nº 4/2022 - UASG 153010</p><p>Número do Contrato: 19/2018.</p><p>Nº Processo: 23063.000542/2018-52.</p><p>Pregão. Nº 15/2018. Contratante: CENTRO FED.DE EDUC.TECNOL.CELSO S.DA FONSECA. Contratado: 03.961.675/0001-95 - INTERAGUA QUIMICA LTDA. Objeto: Prorrogar a vigência do contrato original, por 12 (doze) meses e reajuste, em 12 meses a contar do último concedido, em conformidade com a cláusula sexta do contrato original, decorrente do índice IPCA, na data-base de 01/07/2022, conforme verificação do departamento de contabilidade e finanças do CEFET-RJ (DECOF), em que a variação do índice é de 11,89%. Vigência: 05/10/2022 a 05/10/2023. Valor Total Atualizado do Contrato: R$ 8.690,40. Data de Assinatura: 22/08/2022.</p><p>(COMPRASNET 4.0 - 22/08/2022).</p>]]></Texto>
  </body>
  <Midias />
</article></xml>