﻿<xml><article id="27762947" name="2022-08-29/9056567/COMPRASNETWS_" idOficio="9056567" pubName="DO3" artType="Extrato de Termo Aditivo" pubDate="30/08/2022" artClass="00013:00011:00036:00013:00000:00000:00000:00000:00000:00000:00054:00001" artCategory="Ministério da Defesa/Comando do Exército/Indústria de Material Bélico do Brasil/Fábrica de Juiz de Fora" artSize="12" artNotes="" numberPage="50" pdfPage="http://pesquisa.in.gov.br/imprensa/jsp/visualiza/index.jsp?data=30/08/2022&amp;jornal=530&amp;pagina=50" editionNumber="165" highlightType="" highlightPriority="" highlight="" highlightimage="" highlightimagename="" idMateria="19839082">
  <body>
    <Identifica><![CDATA[ EXTRATO DE TERMO ADITIVO Nº 6/2022 - UASG 168006]]></Identifica>
    <Data><![CDATA[]]></Data>
    <Ementa />
    <Titulo />
    <SubTitulo />
    <Texto><![CDATA[<p class="identifica">EXTRATO DE TERMO ADITIVO Nº 6/2022 - UASG 168006</p><p>Número do Contrato: 15/2017.</p><p>Nº Processo: 2017/000138-FJF.</p><p>Pregão. Nº 19/2017. Contratante: INDUSTRIA DE MATERIAL BELICO DO BRASIL/FJF. Contratado: 11.931.735/0001-55 - A3 COMERCIO, LOCACAO E ASSISTENCIA TECNICA DE MAQUINAS. Objeto: Este termo aditivo tem por objetivo prorrogar o prazo de vigência por mais 02(dois) meses. Vigência: 12/08/2022 a 11/10/2022. Valor Total Atualizado do Contrato: R$ 34.801,60. Data de Assinatura: 11/08/2022.</p><p>(COMPRASNET 4.0 - 11/08/2022).</p>]]></Texto>
  </body>
  <Midias />
</article></xml>