﻿<xml><article id="27733456" name="Extrato_ do Resultado do PregAo " idOficio="9056924" pubName="DO3" artType="Aviso de Licitação-Concorrência" pubDate="30/08/2022" artClass="00048:00269:00000:00000:00000:00000:00000:00000:00000:00000:00161:00000" artCategory="Entidades de Fiscalização do Exercício das Profissões Liberais/Conselho Regional de Engenharia e Agronomia do Pará" artSize="12" artNotes="" numberPage="286" pdfPage="http://pesquisa.in.gov.br/imprensa/jsp/visualiza/index.jsp?data=30/08/2022&amp;jornal=530&amp;pagina=286" editionNumber="165" highlightType="" highlightPriority="" highlight="" highlightimage="" highlightimagename="" idMateria="19839425">
  <body>
    <Identifica><![CDATA[ AVISO DE LICITAÇÃO DESERTA ]]></Identifica>
    <Data><![CDATA[ Belém-Pa, 26 de agosto de 2022.]]></Data>
    <Ementa />
    <Titulo />
    <SubTitulo />
    <Texto><![CDATA[<p class="identifica">AVISO DE LICITAÇÃO DESERTA</p><p class="identifica">PREGÃO ELETRÔNICO Nº 4/2022</p><p>Processo n° 479635/2022. Espécie: Licitação Deserta.</p><p>O Conselho Regional de Engenharia e Agronomia do Pará, por meio de seu Presidente, o Eng. Civil Danillo da Silva Linhares, no uso de suas atribuições, torna público que a licitação realizada no dia 18/08/2022, às 10:00horas, cujo objeto é a aquisição de Registro de Preços para contratação de serviços continuados de outsourcing para operação de almoxarifado virtual in company, sob demanda, nas unidades do CREA-PA, foi DESERTA, em função da ausência de qualquer empresa interessada no certame, inobstante tenha sido publicado no Diário Oficial da União na edição nº 146 do dia 03 de agosto de 2022, no site do Crea-Pa a partir de 03 de agosto de 2022, para dar amplo conhecimento aos interessados e divulgação do certame.</p><p class="data">Belém-Pa, 26 de agosto de 2022.</p><p class="assina">Vanessa dos Santos Madeira</p><p class="cargo">Pregoeira</p>]]></Texto>
  </body>
  <Midias />
</article></xml>