﻿<xml><article id="27732710" name="AVISO CHAMADA PUBLICA DOU 01 202" idOficio="9056713" pubName="DO3" artType="Aviso de Chamamento Público" pubDate="30/08/2022" artClass="00018:00067:00001:00000:00000:00000:00000:00000:00000:00000:00110:00000" artCategory="Ministério da Educação/Instituto Federal de Educação, Ciência e Tecnologia do Rio Grande do Norte/Reitoria" artSize="12" artNotes="" numberPage="108" pdfPage="http://pesquisa.in.gov.br/imprensa/jsp/visualiza/index.jsp?data=30/08/2022&amp;jornal=530&amp;pagina=108" editionNumber="165" highlightType="" highlightPriority="" highlight="" highlightimage="" highlightimagename="" idMateria="19839251">
  <body>
    <Identifica><![CDATA[ AVISO DE CHAMADA PúBLICA Nº 1/2022 PNAE]]></Identifica>
    <Data><![CDATA[ Em 29 de agosto de 2022.]]></Data>
    <Ementa />
    <Titulo />
    <SubTitulo />
    <Texto><![CDATA[<p class="identifica">AVISO DE CHAMADA PúBLICA Nº 1/2022 PNAE</p><p>Objeto: Aquisição de gêneros alimentícios da Agricultura Familiar e do Empreendedor Familiar Rural, para o atendimento ao Programa Nacional de Alimentação Escolar - PNAE nos campi do Instituto Federal de Educação, Ciência e Tecnologia do Rio Grande do Norte, conforme condições de participação contidos no Edital e no Projeto Básico.</p><p>Entrega dos projetos de venda: a partir do dia 30 de agosto de 2022. Abertura dos Projetos: de acordo com o cronograma anexo ao Projeto Básico. Local de entrega dos Projetos: nos campi do IFRN conforme endereços constantes no Projeto Básico. Informações complementares: Os interessados em receber o edital poderão acessar o sítio https://portal.ifrn.edu.br/acessoainformacao/licitacoes-e-contratos/licitacoes/2022-licitacoes/chamada-publica ou solicitar através do e-mail dilic@ifrn.edu.br.</p><p class="data">Em 29 de agosto de 2022.</p><p class="assina">Erivaldo Bezerra de Lima</p><p class="cargo">Presidente da CPL/CECAF</p>]]></Texto>
  </body>
  <Midias />
</article></xml>