﻿<xml><article id="27765875" name="2022-08-29/9056722/COMPRASNETWS_" idOficio="9056722" pubName="DO3" artType="Extrato de Termo Aditivo" pubDate="30/08/2022" artClass="00007:00047:00041:00005:00011:00000:00000:00000:00000:00000:00054:00001" artCategory="Ministério da Agricultura, Pecuária e Abastecimento/Secretaria de Defesa Agropecuária/Departamento de Serviços Técnicos/Coordenação-Geral de Apoio Laboratorial/Laboratório Federal de Defesa Agropecuária em Pernambuco" artSize="12" artNotes="" numberPage="5" pdfPage="http://pesquisa.in.gov.br/imprensa/jsp/visualiza/index.jsp?data=30/08/2022&amp;jornal=530&amp;pagina=5" editionNumber="165" highlightType="" highlightPriority="" highlight="" highlightimage="" highlightimagename="" idMateria="19839260">
  <body>
    <Identifica><![CDATA[ EXTRATO DE TERMO ADITIVO Nº 1/2022 - UASG 130016]]></Identifica>
    <Data><![CDATA[]]></Data>
    <Ementa />
    <Titulo />
    <SubTitulo />
    <Texto><![CDATA[<p class="identifica">EXTRATO DE TERMO ADITIVO Nº 1/2022 - UASG 130016</p><p>Número do Contrato: 23128/2022.</p><p>Nº Processo: 21002.000591/2022-99.</p><p>Inexigibilidade. Nº 1/2022. Contratante: LABORATORIO FEDERAL DE DEFESA AGROPECUARIA/PE. Contratado: 09.769.035/0001-64 - COMPANHIA PERNAMBUCANA DE SANEAMENTO. Objeto: O presente termo tem por objeto o ajuste da inexigibilidade, nº 03/2022.. Vigência: 07/07/2022 a 25/04/2027. Valor Total Atualizado do Contrato: R$ 4.700,04. Data de Assinatura: 07/07/2022.</p><p>(COMPRASNET 4.0 - 07/07/2022).</p>]]></Texto>
  </body>
  <Midias />
</article></xml>