﻿<xml><article id="27761256" name="2022-08-29/9056754/COMPRASNETWS_" idOficio="9056754" pubName="DO3" artType="Extrato de Termo Aditivo" pubDate="30/08/2022" artClass="00020:00037:00112:00000:00000:00000:00000:00000:00000:00000:00054:00001" artCategory="Ministério da Justiça e Segurança Pública/Fundação Nacional do Índio/Coordenação Regional Nordeste II-CE" artSize="12" artNotes="" numberPage="189" pdfPage="http://pesquisa.in.gov.br/imprensa/jsp/visualiza/index.jsp?data=30/08/2022&amp;jornal=530&amp;pagina=189" editionNumber="165" highlightType="" highlightPriority="" highlight="" highlightimage="" highlightimagename="" idMateria="19839292">
  <body>
    <Identifica><![CDATA[ EXTRATO DE TERMO ADITIVO Nº 4/2022 - UASG 194041]]></Identifica>
    <Data><![CDATA[]]></Data>
    <Ementa />
    <Titulo />
    <SubTitulo />
    <Texto><![CDATA[<p class="identifica">EXTRATO DE TERMO ADITIVO Nº 4/2022 - UASG 194041</p><p>Número do Contrato: 120/2018.</p><p>Nº Processo: 08087.000015/2018-12.</p><p>Pregão. Nº 4/2018. Contratante: COORDENACAO REGIONAL NORDESTE 2/CE. Contratado: 07.187.088/0001-41 - DIAGONAL GESTAO DE RECURSOS HUMANOS LTDA. Objeto: O presente Termo Aditivo tem por objeto a prorrogação e repactuação ao Contrato nº 120/2018, referente à prestação de serviço de limpeza e conservação prestado na Coordenação Regional Nordeste II em Fortaleza/CE e Coordenação Técnica Local em Crateús/CE. Vigência: 03/09/2022 a 03/09/2023. Valor Total Atualizado do Contrato: R$ 94.861,92. Data de Assinatura: 24/08/2022.</p><p>(COMPRASNET 4.0 - 24/08/2022).</p>]]></Texto>
  </body>
  <Midias />
</article></xml>