﻿<xml><article id="27732506" name="HOJE -19460 PREFEITURA MUNICIPAL" idOficio="9056382" pubName="DO3" artType="Aviso" pubDate="30/08/2022" artClass="00052:00012:00396:00000:00000:00000:00000:00000:00000:00000:00108:00000" artCategory="Prefeituras/Estado de Minas Gerais/PREFEITURA MUNICIPAL DE DORES DO INDAIÁ" artSize="12" artNotes="" numberPage="375" pdfPage="http://pesquisa.in.gov.br/imprensa/jsp/visualiza/index.jsp?data=30/08/2022&amp;jornal=530&amp;pagina=375" editionNumber="165" highlightType="" highlightPriority="" highlight="" highlightimage="" highlightimagename="" idMateria="19838781">
  <body>
    <Identifica><![CDATA[ AVISO DE LICITAÇÃO (*)]]></Identifica>
    <Data><![CDATA[Dores do Indaiá - MG, 25 de agosto de 2022.]]></Data>
    <Ementa />
    <Titulo />
    <SubTitulo />
    <Texto><![CDATA[<p class="identifica">AVISO DE LICITAÇÃO (*)</p><p class="identifica">PREGÃO ELETRÔNICO Nº 10/2022</p><p>PROCESSO LICITATÓRIO Nº202/2022</p><p>Aquisição de Motoniveladora e roçadeira/arado para trator, nos termos do convênio nº910483/2021, celebrado entre ministério do desenvolvimento regionao e o município de Dores do Indaiá-MG. Sendo a sessão eletrônica marcada para o dia 16/09/2022 às 09:00 horas.</p><p>Informações podem ser obtidas no setor Licitações à Praça do Rosário, 268, Fone (37) 3551-6256 ou pelo e-mail - licitacao@doresdoindaia.mg.gov.br.</p><p class="data">Dores do Indaiá - MG, 25 de agosto de 2022.</p><p class="assina">SAMIRA DOS REIS ALCAMAND SILVA</p><p class="cargo">Pregoeiro</p><p class="nota">N. da Codou: Publicado nesta data por ter sido omitido do DOU de 26/8/2022.</p>]]></Texto>
  </body>
  <Midias />
</article></xml>