﻿<xml><article id="27733198" name="ATO EXTRATO DO CONTRATO" idOficio="9056798" pubName="DO3" artType="Extrato de Contrato" pubDate="30/08/2022" artClass="00048:00324:00000:00000:00000:00000:00000:00000:00000:00000:00031:00000" artCategory="Entidades de Fiscalização do Exercício das Profissões Liberais/Conselho Regional de Fisioterapia e Terapia Ocupacional da 12ª Região" artSize="12" artNotes="" numberPage="287" pdfPage="http://pesquisa.in.gov.br/imprensa/jsp/visualiza/index.jsp?data=30/08/2022&amp;jornal=530&amp;pagina=287" editionNumber="165" highlightType="" highlightPriority="" highlight="" highlightimage="" highlightimagename="" idMateria="19839349">
  <body>
    <Identifica><![CDATA[ EXTRATO DO CONTRATO]]></Identifica>
    <Data><![CDATA[]]></Data>
    <Ementa />
    <Titulo />
    <SubTitulo />
    <Texto><![CDATA[<p class="identifica">EXTRATO DO CONTRATO</p><p>PROCESSO ADMINISTRATIVO nº 2022/2306-001-CREFITO 12. Modalidade: Pregão Presencial Nº 002/2022-PP-CREFITO 12. OBJETO: Aquisição de 04 (quatro) veículos automotores novos (zero quilômetro), do tipo picape, para atender às necessidades do Conselho Regional de Fisioterapia e Terapia Ocupacional da 12ª Região - CREFITO 12. CONTRATANTE: CONSELHO REGIONAL DE FISIOTERAPIA E TERAPIA OCUPACIONAL DA 12ª REGIÃO, CNPJ 06.282.646/0001-95. CONTRATADA: CONTRATO Nº 001/2022-CREFITO 12 - AUTO 4X 4 SERVIÇO E COMÉRCIO DE PEÇAS AUTOMOTIVAS LTDA-EPP, CNPJ 12.965.774/0001-36, Valor Global de R$ 551.960,00. VIGÊNCIA: 19/08/2022 a 31/12/2022. ORD. DESP.: Elineth da Conceição Braga Valente.</p>]]></Texto>
  </body>
  <Midias />
</article></xml>