﻿<xml><article id="27733124" name="licitacao vale alimentacao" idOficio="9056782" pubName="DO3" artType="Aviso de Licitação" pubDate="30/08/2022" artClass="00048:00324:00000:00000:00000:00000:00000:00000:00000:00000:00081:00000" artCategory="Entidades de Fiscalização do Exercício das Profissões Liberais/Conselho Regional de Fisioterapia e Terapia Ocupacional da 12ª Região" artSize="12" artNotes="" numberPage="288" pdfPage="http://pesquisa.in.gov.br/imprensa/jsp/visualiza/index.jsp?data=30/08/2022&amp;jornal=530&amp;pagina=288" editionNumber="165" highlightType="" highlightPriority="" highlight="" highlightimage="" highlightimagename="" idMateria="19839321">
  <body>
    <Identifica><![CDATA[AVISO DE LICITAÇÃO]]></Identifica>
    <Data><![CDATA[]]></Data>
    <Ementa />
    <Titulo />
    <SubTitulo />
    <Texto><![CDATA[<p class="identifica">AVISO DE LICITAÇÃO</p><p class="identifica">PREGÃO ELETRÔNICO Nº 1/2022-PE-CREFITO12</p><p>O Conselho Regional de Fisioterapia e Terapia Ocupacional da 12ª REGIÃO, torna público que no dia 12/09/2022, às 09h, no endereço eletrônico www.portaldecompraspúblicas.com.br, realizará licitação na modalidade Pregão, na forma eletrônica, do tipo Menor Preço por Maior Desconto (Menor Taxa Administrativa), no modo de disputa aberto, para Contratação de empresa especializada na prestação de serviço de administração, gerenciamento e fornecimento de vales-alimentação em formato de cartões com chip personalizados aos servidores do CREFITO-12, Válidos nos estados do Pará, Tocantins, Amapá e Amazonas, conforme especificações, quantidades e condições estabelecidas neste instrumento. A Licitação será regida pela Lei nº 10.520, de 17 de julho de 2002, Decreto nº 10.024, de 20 de setembro de 2019 e Lei nº 8.666, de 21 de junho de 1993. Os interessados poderão obter o texto integral do Edital e todas as informações sobre a licitação através do acesso à página do Conselho Regional de Fisioterapia e Terapia Ocupacional da 12ª Região, www.portaldecompraspúblicas.com.br ou na sala da Coordenadoria Geral de Licitação do CREFITO, situada à rua Tv. 14 de Abril, 2093 - Guamá, Belém - PA, 66063-475, no horário de 8h às 14h, em dias de efetivo expediente. Ordenador: Elineth da Conceição Braga Valente CREFITO 12ª.</p><p class="assina">ELINETH DA CONCEIÇÃO BRAGA VALENTE</p><p class="cargo">Presidente do Conselho</p>]]></Texto>
  </body>
  <Midias />
</article></xml>