﻿<xml><article id="27732701" name="AVISO RESULTADO DE JULGAMENTO 16" idOficio="9056294" pubName="DO3" artType="Resultado de Julgamento de Licitação" pubDate="30/08/2022" artClass="00019:00037:00089:00033:00000:00000:00000:00000:00000:00000:00160:00000" artCategory="Ministério da Infraestrutura/Departamento Nacional de Infraestrutura de Transportes/Superintendência Regional na Bahia/Setor de Cadastro e Licitação" artSize="12" artNotes="" numberPage="176" pdfPage="http://pesquisa.in.gov.br/imprensa/jsp/visualiza/index.jsp?data=30/08/2022&amp;jornal=530&amp;pagina=176" editionNumber="165" highlightType="" highlightPriority="" highlight="" highlightimage="" highlightimagename="" idMateria="19838457">
  <body>
    <Identifica><![CDATA[   RESULTADO DE JULGAMENTO]]></Identifica>
    <Data><![CDATA[]]></Data>
    <Ementa />
    <Titulo />
    <SubTitulo />
    <Texto><![CDATA[<p class="identifica">RESULTADO DE JULGAMENTO</p><p class="identifica">PREGÃO ELETRÔNICO Nº 167/2022-05</p><p>O Departamento Nacional de Infraestrutura de Transportes, autarquia federal vinculada ao Ministério da Infraestrutura, torna público aos interessados o resultado da licitação em epígrafe. Critério de Julgamento: Menor Preço (Inciso I, d, art. 45 da lei 8.666/93). Sagraram-se vencedoras do Certame as empresas: COMERCIAL FELIX COMERCIO DE MATERIAL ELETRICO LTDA, CNPJ : 34.904.141/0001-50, pelo valor negociado de R$ 169.147,5800, GRUPO 01 e pelo valor negociado a 39.077,8000, GRUPO 02. THAYS GOMES DA GAMA - CNPJ: 44.615.647/0001-01: pelo melhor lance de R$ 22.622,5000, GRUPO 05. WHBN EQUIPAMENTOS TOPOGRAFICOS LTDA, CNPJ: 32.445.646/0001-79, pelo melhor lance de R$ 144.865,6900, GRUPO 06. VIA COMERCIO E REPRESENTACAO DE INFORMATICA EIRELI, CNPJ/CPF: 26.168.952/0001-02, com valor negociado a R$ 97.568,7000, GRUPO 07. EXTIMPEL EXTINTORES PLATINENSE LTDA, CNPJ 12.118.086/0001-30, pelo melhor lance de R$ 12.900,0000, GRUPO 08. RAMAX SERVICOS E COMERCIO DE ELETROELETRONICOS EIRELI, CNPJ/CPF: 11.493.926/0001-82, com valor negociado a R$ 8.664,1400, GRUPO 09. Processo: 50605.002751/2021-62.</p><p class="assina">Carlos Hamilton de Moura Pinho</p><p class="cargo">Pregoeiro</p>]]></Texto>
  </body>
  <Midias />
</article></xml>