﻿<xml><article id="27732521" name="EXTRATO 21_2022" idOficio="9056605" pubName="DO3" artType="Extrato" pubDate="30/08/2022" artClass="00026:00002:00015:00008:00001:00002:00000:00000:00000:00000:00172:00000" artCategory="Ministério da Saúde/Secretaria Executiva/Diretoria Executiva do Fundo Nacional de Saúde/Coordenação-Geral de Execução Orçamentária, Financeira e Contábil/Coordenação de Contabilidade/Divisão de Tomada de Contas Especial" artSize="12" artNotes="" numberPage="203" pdfPage="http://pesquisa.in.gov.br/imprensa/jsp/visualiza/index.jsp?data=30/08/2022&amp;jornal=530&amp;pagina=203" editionNumber="165" highlightType="" highlightPriority="" highlight="" highlightimage="" highlightimagename="" idMateria="19839134">
  <body>
    <Identifica><![CDATA[ EXTRATO DE PARCELAMENTO DE DÍVIDA]]></Identifica>
    <Data><![CDATA[]]></Data>
    <Ementa />
    <Titulo />
    <SubTitulo />
    <Texto><![CDATA[<p class="identifica">EXTRATO DE PARCELAMENTO DE DÍVIDA</p><p>Termo de Parcelamento nº 021/2022 - Processo nº 25000.080702/2021-22, firmado entre o Fundo Nacional de Saúde, CNPJ 00.530.493/0001-71, e a Associação de Caridade São João Nepomuceno - Hospital São João-MG, CNPJ: ***.802.225*, Município de São João Nepomuceno, Estado de Minas Gerais. OBJETO: parcelamento de débito referente à glosa técnica apurada mediante Parecer nº 58/2022, correspondente à dívida constituída do débito do Convênio nº 749578/2010, no montante de R$ 27.161,13 (vinte e sete mil cento e sessenta e um reais e treze centavos), atualizado até o mês de agosto de 2022, dividido em 50 (cinquenta) parcelas, devidamente atualizadas. RECOLHIMENTO: deverá ser efetuado por meio da GRU, sendo a Unidade Gestora favorecida 257001 - Gestão 00001, o código do recolhimento 18836-0 e Referência 25000.080702/2021-22. A inadimplência em qualquer uma das parcelas poderá ensejar na instauração do processo de tomada de contas especial pelo saldo devedor.</p><p></p>]]></Texto>
  </body>
  <Midias />
</article></xml>