﻿<xml><article id="27733390" name="PregAo eletrAnico 003.2022 DOU" idOficio="9056848" pubName="DO3" artType="Aviso de Licitação" pubDate="30/08/2022" artClass="00052:00007:00076:00000:00000:00000:00000:00000:00000:00000:00081:00000" artCategory="Prefeituras/Estado do Espírito Santo/Prefeitura Municipal de São Mateus" artSize="12" artNotes="" numberPage="350" pdfPage="http://pesquisa.in.gov.br/imprensa/jsp/visualiza/index.jsp?data=30/08/2022&amp;jornal=530&amp;pagina=350" editionNumber="165" highlightType="" highlightPriority="" highlight="" highlightimage="" highlightimagename="" idMateria="19839408">
  <body>
    <Identifica><![CDATA[AVISO DE LICITAÇÃO ]]></Identifica>
    <Data><![CDATA[São Mateus-ES, 25 de agosto de 2022.]]></Data>
    <Ementa />
    <Titulo />
    <SubTitulo />
    <Texto><![CDATA[<p class="identifica">AVISO DE LICITAÇÃO</p><p class="identifica">PREGÃO ELETRÔNICO Nº 3/2022</p><p>O Fundo Municipal de Assistência Social de São Mateus/ES torna público que fará realizar licitação na modalidade de "Pregão Eletrônico", tipo "menor preço", através do site www.bb.com.br, link Licitações Processo Nº: 007.703/2021. Objeto: Contratação de Empresa Ou Instituição Brasileira Pública e/Ou Privada, Para Prestação de Serviço Na Execução do Projeto de Trabalho Técnico Social/PTTS, do Programa de Aceleração do Crescimento/Pac, Localizado No Bairro Vitória Referente Ao Termo de Compromisso Nº 035271134/2011. Acolhimento de propostas: a partir de 26/08/2022 às 09h00 Abertura de propostas: 26/09/2022 às 09h00. Abertura da sessão pública: 26/09/2022 às 09h15. O certame será realizado por meio do sistema Licitações-e, estando o edital disponível no endereço www.bb.com.br, link Licitações. ID Localizador do Licitações-E: 958.877. Contato: licitacao@saomateus.es.gov.br - 27.9.9691-7841. ID CidadES Contratações: 2022.067E0500002.01.0002</p><p class="data">São Mateus-ES, 25 de agosto de 2022.</p><p class="assina">Vânia Duarte Seibert</p><p class="cargo">Pregoeira</p>]]></Texto>
  </body>
  <Midias />
</article></xml>