﻿<xml><article id="27765986" name="2022-08-29/9056812/COMPRASNETWS_" idOficio="9056812" pubName="DO3" artType="Extrato de Apostilamento" pubDate="30/08/2022" artClass="00015:00045:00432:00102:00008:00000:00000:00000:00000:00000:00143:00001" artCategory="Ministério da Economia/Secretaria Especial da Receita Federal do Brasil/Subsecretaria-Geral da Receita Federal do Brasil/Superintendência Regional da 10ª Região Fiscal/Delegacia da Receita Federal do Brasil em Pelotas" artSize="12" artNotes="" numberPage="71" pdfPage="http://pesquisa.in.gov.br/imprensa/jsp/visualiza/index.jsp?data=30/08/2022&amp;jornal=530&amp;pagina=71" editionNumber="165" highlightType="" highlightPriority="" highlight="" highlightimage="" highlightimagename="" idMateria="19839363">
  <body>
    <Identifica><![CDATA[ EXTRATO DE APOSTILAMENTO Nº 6/2022 - UASG 170180]]></Identifica>
    <Data><![CDATA[]]></Data>
    <Ementa />
    <Titulo />
    <SubTitulo />
    <Texto><![CDATA[<p class="identifica">EXTRATO DE APOSTILAMENTO Nº 6/2022 - UASG 170180</p><p>Número do Contrato: 5/2018.</p><p>Nº Processo: 16648.720006/2018-69.</p><p>Contratante: DELEGACIA DA RFB EM PELOTAS. Contratado: 90.347.840/0045-39 - TK ELEVADORES BRASIL LTDA. Objeto: Sub-rogação da titularidade da contratante para a uasg 170177, a eficáciaocorrrerá a partir de 01/09/2022. Vigência: 14/12/2018 a 13/12/2022. Valor Total Atualizado do Contrato: R$ 12.912,24. Data de Assinatura: 26/08/2022.</p><p>(COMPRASNET 4.0 - 26/08/2022).</p>]]></Texto>
  </body>
  <Midias />
</article></xml>