﻿<xml><article id="27764835" name="2022-08-29/9056825/COMPRASNETWS_" idOficio="9056825" pubName="DO3" artType="Extrato de Contrato" pubDate="30/08/2022" artClass="00026:00040:00044:00000:00000:00000:00000:00000:00000:00000:00031:00001" artCategory="Ministério da Saúde/Fundação Oswaldo Cruz/Instituto de Tecnologia em Imunobiológicos" artSize="12" artNotes="" numberPage="216" pdfPage="http://pesquisa.in.gov.br/imprensa/jsp/visualiza/index.jsp?data=30/08/2022&amp;jornal=530&amp;pagina=216" editionNumber="165" highlightType="" highlightPriority="" highlight="" highlightimage="" highlightimagename="" idMateria="19839376">
  <body>
    <Identifica><![CDATA[ EXTRATO DE CONTRATO Nº 455/2022 - UASG 254445]]></Identifica>
    <Data><![CDATA[]]></Data>
    <Ementa />
    <Titulo />
    <SubTitulo />
    <Texto><![CDATA[<p class="identifica">EXTRATO DE CONTRATO Nº 455/2022 - UASG 254445</p><p>Nº Processo: 25386.001136/2022-02.</p><p>Inexigibilidade Nº 212/2022. Contratante: INSTITUTO DE TECNOLOGIA EM IMUNOBIOLOGICOS.</p><p>Contratado: 04.775.092/0001-32 - MSM COMERCIO, IMPORTACAO E EXPORTACAO LTDA. Objeto: Contratação de serviço de adequações mecânicas e de automação aos sistemas de preparo de meios de cultura e soluções de purificação da produção do ifa da vacina covid-19.</p><p>Fundamento Legal: LEI 8.666 / 1993 - Artigo: 25. Vigência: 26/08/2022 a 26/05/2023. Valor Total: R$ 3.255.950,00. Data de Assinatura: 26/08/2022.</p><p>(COMPRASNET 4.0 - 29/08/2022).</p>]]></Texto>
  </body>
  <Midias />
</article></xml>