﻿<xml><article id="27765944" name="2022-08-27/9056232/COMPRASNETWS_" idOficio="9056232" pubName="DO3" artType="Extrato de Contrato" pubDate="30/08/2022" artClass="00018:00126:00037:00000:00000:00000:00000:00000:00000:00000:00031:00001" artCategory="Ministério da Educação/Empresa Brasileira de Serviços Hospitalares/Filial Hospital Universitário Júlio Maria Bandeira de Mello" artSize="12" artNotes="" numberPage="156" pdfPage="http://pesquisa.in.gov.br/imprensa/jsp/visualiza/index.jsp?data=30/08/2022&amp;jornal=530&amp;pagina=156" editionNumber="165" highlightType="" highlightPriority="" highlight="" highlightimage="" highlightimagename="" idMateria="19837691">
  <body>
    <Identifica><![CDATA[ EXTRATO DE CONTRATO Nº 9/2022 - UASG 155912]]></Identifica>
    <Data><![CDATA[]]></Data>
    <Ementa />
    <Titulo />
    <SubTitulo />
    <Texto><![CDATA[<p class="identifica">EXTRATO DE CONTRATO Nº 9/2022 - UASG 155912</p><p>Nº Processo: 23771.004736/2022-45.</p><p>Pregão Nº 17/2022. Contratante: HOSPITAL UNIVERSITARIO JULIO BANDEIRA.</p><p>Contratado: 29.459.001/0001-80 - ARKETON CONSTRUTORA E INCORPORADORA LTDA. Objeto: Contratação de empresa para a prestação do serviço de manutenção e adequação do sistema de cobertura do hospital universitário júlio maria bandeira de mello (hujb) da ufcg, conforme condições, quantidades e exigências estabelecidas no termo de referência e seus anexos..</p><p>Fundamento Legal: LEI 10.520 / 2002 - Artigo: 1. Vigência: 12/09/2022 a 12/09/2023. Valor Total: R$ 223.500,00. Data de Assinatura: 26/08/2022.</p><p>(COMPRASNET 4.0 - 27/08/2022).</p>]]></Texto>
  </body>
  <Midias />
</article></xml>