﻿<xml><article id="27765596" name="2022-08-29/9056609/COMPRASNETWS_" idOficio="9056609" pubName="DO3" artType="Extrato de Contrato" pubDate="30/08/2022" artClass="00047:00025:00000:00000:00000:00000:00000:00000:00000:00000:00031:00001" artCategory="Poder Judiciário/Tribunal Regional Eleitoral do Pará" artSize="12" artNotes="" numberPage="263" pdfPage="http://pesquisa.in.gov.br/imprensa/jsp/visualiza/index.jsp?data=30/08/2022&amp;jornal=530&amp;pagina=263" editionNumber="165" highlightType="" highlightPriority="" highlight="" highlightimage="" highlightimagename="" idMateria="19839138">
  <body>
    <Identifica><![CDATA[ EXTRATO DE CONTRATO Nº 149/2022 - UASG 070004]]></Identifica>
    <Data><![CDATA[]]></Data>
    <Ementa />
    <Titulo />
    <SubTitulo />
    <Texto><![CDATA[<p class="identifica">EXTRATO DE CONTRATO Nº 149/2022 - UASG 070004</p><p>Nº Processo: 0009891-39.2022.6.14.8000.</p><p>Pregão Nº 57/2022. Contratante: TRIBUNAL REGIONAL ELEITORAL DO PARA.</p><p>Contratado: 10.757.529/0001-08 - MACIEL CONSULTORES S/S LTDA. Objeto: A prestação de serviço de auditoria externa para exame e validação da organização, condução e conclusão dos trabalhos relativos ao teste de integridade referentes às eleições gerais de 2022, nas quantidades de horas descritas na cláusula quinta deste contrato, pelo período de 12 meses, consoante especificações, exigências e prazos constantes do anexo i do edital da licitação tse nº 57/2022.</p><p>Fundamento Legal: LEI 10.520 / 2002 - Artigo: 1. Vigência: 25/08/2022 a 25/08/2023. Valor Total: R$ 227.976,00. Data de Assinatura: 25/08/2022.</p><p>(COMPRASNET 4.0 - 25/08/2022).</p>]]></Texto>
  </body>
  <Midias />
</article></xml>