﻿<xml><article id="27764233" name="2022-08-29/9056516/COMPRASNETWS_" idOficio="9056516" pubName="DO3" artType="Retificação" pubDate="30/08/2022" artClass="00013:00011:00036:00012:00000:00000:00000:00000:00000:00000:00128:00001" artCategory="Ministério da Defesa/Comando do Exército/Indústria de Material Bélico do Brasil/Fábrica de Itajubá" artSize="12" artNotes="" numberPage="50" pdfPage="http://pesquisa.in.gov.br/imprensa/jsp/visualiza/index.jsp?data=30/08/2022&amp;jornal=530&amp;pagina=50" editionNumber="165" highlightType="" highlightPriority="" highlight="" highlightimage="" highlightimagename="" idMateria="19839029">
  <body>
    <Identifica><![CDATA[ RETIFICAÇÃO EXTRATO DE CONTRATO Nº 148/2021 - UASG 168005 - IMBEL/FI]]></Identifica>
    <Data><![CDATA[]]></Data>
    <Ementa />
    <Titulo />
    <SubTitulo />
    <Texto><![CDATA[<p class="identifica">RETIFICAÇÃO EXTRATO DE CONTRATO Nº 148/2021 - UASG 168005 - IMBEL/FI</p><p>Nº Processo: 2021/000179-FI.</p><p>Dispensa Nº 179/2021. Contratante: INDUSTRIA DE MATERIAL BELICO DO BRASIL/FI.</p><p>Contratado: 09.220.921/0001-34 - NOVA PIRAMIDAL THERMOPLASTICS S.A.. Objeto: Nylon 6 virgem natural.</p><p>Fundamento Legal: LEI 13.303 / 2016 - Artigo: 29 - Inciso: XIII. Vigência: 19/11/2021 a 19/11/2022. Valor Total: R$ 122.160,00. Data de Assinatura: 19/11/2021.</p><p>(COMPRASNET 4.0 - 19/11/2021).</p>]]></Texto>
  </body>
  <Midias />
</article></xml>