﻿<xml><article id="27764925" name="2022-08-29/9056841/COMPRASNETWS_" idOficio="9056841" pubName="DO3" artType="Extrato de Contrato" pubDate="30/08/2022" artClass="00013:00009:00000:00000:00000:00000:00000:00000:00000:00000:00031:00001" artCategory="Ministério da Defesa/Centro Gestor e Operacional do Sistema de Proteção da Amazônia" artSize="12" artNotes="" numberPage="29" pdfPage="http://pesquisa.in.gov.br/imprensa/jsp/visualiza/index.jsp?data=30/08/2022&amp;jornal=530&amp;pagina=29" editionNumber="165" highlightType="" highlightPriority="" highlight="" highlightimage="" highlightimagename="" idMateria="19839401">
  <body>
    <Identifica><![CDATA[ EXTRATO DE CONTRATO Nº 71/2022 - UASG 110511]]></Identifica>
    <Data><![CDATA[]]></Data>
    <Ementa />
    <Titulo />
    <SubTitulo />
    <Texto><![CDATA[<p class="identifica">EXTRATO DE CONTRATO Nº 71/2022 - UASG 110511</p><p>Nº Processo: 60090.000023/2022-06.</p><p>Pregão Nº 6/2022. Contratante: CENTRO GESTOR OP. SISTEMA PROTECAO AMAZONIA.</p><p>Contratado: 05.342.580/0001-19 - UNIVERSIDADE PATATIVA DO ASSARE. Objeto: O objeto do presente instrumento é a contratação de empresa especializada na prestação de serviços de agente de integração, para o desenvolvimento de atividade de recrutamento de estagiários, conforme condições, quantidades e exigências estabelecidas no termo de referência, anexo I do edital de pregão nº 06/2022.</p><p>Fundamento Legal: LEI 10.520 / 2002 - Artigo: 1. Vigência: 29/08/2022 a 29/08/2023. Valor Total: R$ 9.480,00. Data de Assinatura: 25/08/2022.</p><p>(COMPRASNET 4.0 - 26/08/2022).</p>]]></Texto>
  </body>
  <Midias />
</article></xml>