﻿<xml><article id="27767039" name="2022-08-29/9056624/COMPRASNETWS_" idOficio="9056624" pubName="DO3" artType="Extrato de Termo Aditivo" pubDate="30/08/2022" artClass="00018:00051:00010:00000:00000:00000:00000:00000:00000:00000:00054:00001" artCategory="Ministério da Educação/Instituto Federal de Educação, Ciência e Tecnologia do Ceará/Campus Acaraú" artSize="12" artNotes="" numberPage="91" pdfPage="http://pesquisa.in.gov.br/imprensa/jsp/visualiza/index.jsp?data=30/08/2022&amp;jornal=530&amp;pagina=91" editionNumber="165" highlightType="" highlightPriority="" highlight="" highlightimage="" highlightimagename="" idMateria="19839153">
  <body>
    <Identifica><![CDATA[ EXTRATO DE TERMO ADITIVO Nº 16/2022 - UASG 158322]]></Identifica>
    <Data><![CDATA[]]></Data>
    <Ementa />
    <Titulo />
    <SubTitulo />
    <Texto><![CDATA[<p class="identifica">EXTRATO DE TERMO ADITIVO Nº 16/2022 - UASG 158322</p><p>Número do Contrato: 5/2021.</p><p>Nº Processo: 23264.003512/2020-84.</p><p>Pregão. Nº 2/2021. Contratante: CAMPUS ACARAU/IFCE. Contratado: 05.559.732/0001-30 - CRESCER SERVICOS LTDA. Objeto: Suprimir 26,75 % (vinte e seis vírgula setenta e cinco por cento) do valor inicial atualizado do contrato 05/2021, a partir da data de 09/09/2022, equivalente a R$ 118.785,78 (cento e dezoito mil e setecentos e oitenta e cinco reais e setenta e oito centavos), nos moldes do art. 65, inciso i, alínea "b", §§ 1º e 2º, da lei n.º 8.666/1993.. Vigência: 09/09/2022 a 02/08/2023. Valor Total Atualizado do Contrato: R$ 325.266,87. Data de Assinatura: 26/08/2022.</p><p>(COMPRASNET 4.0 - 26/08/2022).</p>]]></Texto>
  </body>
  <Midias />
</article></xml>