﻿<xml><article id="27765069" name="2022-08-29/9056697/COMPRASNETWS_" idOficio="9056697" pubName="DO3" artType="Retificação" pubDate="30/08/2022" artClass="00018:00123:00000:00000:00000:00000:00000:00000:00000:00000:00128:00001" artCategory="Ministério da Educação/Universidade Federal dos Vales do Jequitinhonha e Mucuri" artSize="12" artNotes="" numberPage="151" pdfPage="http://pesquisa.in.gov.br/imprensa/jsp/visualiza/index.jsp?data=30/08/2022&amp;jornal=530&amp;pagina=151" editionNumber="165" highlightType="" highlightPriority="" highlight="" highlightimage="" highlightimagename="" idMateria="19839234">
  <body>
    <Identifica><![CDATA[ RETIFICAÇÃO]]></Identifica>
    <Data><![CDATA[]]></Data>
    <Ementa />
    <Titulo />
    <SubTitulo />
    <Texto><![CDATA[<p class="identifica">RETIFICAÇÃO</p><p>NO EXTRATO DE TERMO ADITIVO Nº 00002/2020 publicado no D.O de 2021-01-19, Seção 3. Onde se lê: Valor Total: R$ 12.200,96. Leia-se: Valor Total: R$ 9.968,00.</p><p>(COMPRASNET 4.0 - 26/08/2022).</p>]]></Texto>
  </body>
  <Midias />
</article></xml>