﻿<xml><article id="27764026" name="2022-08-29/9056509/COMPRASNETWS_" idOficio="9056509" pubName="DO3" artType="Extrato de Contrato" pubDate="30/08/2022" artClass="00013:00011:00036:00012:00000:00000:00000:00000:00000:00000:00031:00001" artCategory="Ministério da Defesa/Comando do Exército/Indústria de Material Bélico do Brasil/Fábrica de Itajubá" artSize="12" artNotes="" numberPage="50" pdfPage="http://pesquisa.in.gov.br/imprensa/jsp/visualiza/index.jsp?data=30/08/2022&amp;jornal=530&amp;pagina=50" editionNumber="165" highlightType="" highlightPriority="" highlight="" highlightimage="" highlightimagename="" idMateria="19839022">
  <body>
    <Identifica><![CDATA[ EXTRATO DE CONTRATO Nº 79/2022 - UASG 168005]]></Identifica>
    <Data><![CDATA[]]></Data>
    <Ementa />
    <Titulo />
    <SubTitulo />
    <Texto><![CDATA[<p class="identifica">EXTRATO DE CONTRATO Nº 79/2022 - UASG 168005</p><p>Nº Processo: 2022/000090-FI.</p><p>Dispensa Nº 90/2022. Contratante: INDUSTRIA DE MATERIAL BELICO DO BRASIL/FI.</p><p>Contratado: 02.055.500/0001-56 - PALERMENDES USINAGEM LTDA - EPP. Objeto: Parafusos, arruelas e rebites.</p><p>Fundamento Legal: LEI 13.303 / 2016 - Artigo: 29 - Inciso: XIII. Vigência: 25/08/2022 a 25/08/2023. Valor Total: R$ 88.060,00. Data de Assinatura: 25/08/2022.</p><p>(COMPRASNET 4.0 - 26/08/2022).</p>]]></Texto>
  </body>
  <Midias />
</article></xml>