﻿<xml><article id="27766358" name="2022-08-29/9056816/COMPRASNETWS_" idOficio="9056816" pubName="DO3" artType="Extrato de Termo Aditivo" pubDate="30/08/2022" artClass="00018:00121:00000:00000:00000:00000:00000:00000:00000:00000:00054:00001" artCategory="Ministério da Educação/Universidade Federal do Sul e Sudeste do Pará" artSize="12" artNotes="" numberPage="147" pdfPage="http://pesquisa.in.gov.br/imprensa/jsp/visualiza/index.jsp?data=30/08/2022&amp;jornal=530&amp;pagina=147" editionNumber="165" highlightType="" highlightPriority="" highlight="" highlightimage="" highlightimagename="" idMateria="19839367">
  <body>
    <Identifica><![CDATA[ EXTRATO DE TERMO ADITIVO Nº 26/2022 - UASG 158718]]></Identifica>
    <Data><![CDATA[]]></Data>
    <Ementa />
    <Titulo />
    <SubTitulo />
    <Texto><![CDATA[<p class="identifica">EXTRATO DE TERMO ADITIVO Nº 26/2022 - UASG 158718</p><p>Número do Contrato: 12/2020.</p><p>Nº Processo: 23479.015427/2019-18.</p><p>Dispensa. Nº 3/2020. Contratante: UNIVERSIDADE FEDERAL DO SUL E SUDESTE DO PARA. Contratado: 34.028.316/0018-51 - EMPRESA BRASILEIRA DE CORREIOS E TELEGRAFOS. Objeto: Em conformidade com o art. 57, ii da lei n.º 8.666/93 e com a cláusula sétima do contrato ora aditado, as partes acordam em prorrogar o contrato por 12 (doze) meses, de 28/09/2022 a 28/09/2023.. Vigência: 29/09/2022 a 28/09/2023. Valor Total Atualizado do Contrato: R$ 30.000,00. Data de Assinatura: 30/06/2022.</p><p>(COMPRASNET 4.0 - 30/06/2022).</p>]]></Texto>
  </body>
  <Midias />
</article></xml>