﻿<xml><article id="27765572" name="2022-08-29/9056634/COMPRASNETWS_" idOficio="9056634" pubName="DO3" artType="Retificação" pubDate="30/08/2022" artClass="00007:00003:00037:00000:00000:00000:00000:00000:00000:00000:00128:00001" artCategory="Ministério da Agricultura, Pecuária e Abastecimento/Secretaria Executiva/Superintendência Federal de Agricultura, Pecuária e Abastecimento da Paraíba" artSize="12" artNotes="" numberPage="3" pdfPage="http://pesquisa.in.gov.br/imprensa/jsp/visualiza/index.jsp?data=30/08/2022&amp;jornal=530&amp;pagina=3" editionNumber="165" highlightType="" highlightPriority="" highlight="" highlightimage="" highlightimagename="" idMateria="19839163">
  <body>
    <Identifica><![CDATA[ RETIFICAÇÃO]]></Identifica>
    <Data><![CDATA[]]></Data>
    <Ementa />
    <Titulo />
    <SubTitulo />
    <Texto><![CDATA[<p class="identifica">RETIFICAÇÃO</p><p>NO EXTRATO DE TERMO ADITIVO Nº 00008/2021 publicado no D.O de 2021-09-09, Seção 3. Onde se lê: EXTRATO DE Termo Aditivo: 8/2021. Leia-se: EXTRATO DE Termo Aditivo: 3/2021.</p><p>(COMPRASNET 4.0 - 29/08/2022).</p>]]></Texto>
  </body>
  <Midias />
</article></xml>