﻿<xml><article id="27733336" name="03 Lauda Resumo Julgamento Habil" idOficio="9056835" pubName="DO3" artType="Resultado de Habilitação" pubDate="30/08/2022" artClass="00052:00023:00174:00007:00000:00000:00000:00000:00000:00000:00095:00000" artCategory="Prefeituras/Estado de Santa Catarina/Prefeitura Municipal de Joinville/Secretaria Municipal de Administração" artSize="12" artNotes="" numberPage="450" pdfPage="http://pesquisa.in.gov.br/imprensa/jsp/visualiza/index.jsp?data=30/08/2022&amp;jornal=530&amp;pagina=450" editionNumber="165" highlightType="" highlightPriority="" highlight="" highlightimage="" highlightimagename="" idMateria="19839395">
  <body>
    <Identifica><![CDATA[ RESULTADO DE  HABILITAÇÃO]]></Identifica>
    <Data><![CDATA[  Joinville/SC, 25 de agosto de 2022.]]></Data>
    <Ementa />
    <Titulo />
    <SubTitulo />
    <Texto><![CDATA[<p class="identifica">RESULTADO DE HABILITAÇÃO</p><p>O Município de Joinville através da Unidade de Processos da Secretaria de Administração e Planejamento leva ao conhecimento dos interessados o julgamento da habilitação, referente ao processo licitatório de Concorrência nº 554/2022 destinado a contratação de empresa para execução de nova Entrada de Energia em Média Tensão da Escola Municipal Professora Thereza Mazzoli Hreisemnou, em substituição à Entrada de Energia em Baixa Tensão já existente, devido ao aumento de carga. Após análise dos documentos de habilitação, a Comissão decide HABILITAR: Red Energy Comércio e Serviços Ltda e AG-TECH Engenharia &amp; Consultoria Ltda. Fica aberto o prazo de 5 (cinco) dias úteis para interposição de recursos. A ata da reunião para julgamento da habilitação encontra-se à disposição dos interessados no site www.joinville.sc.gov.br, no link "Editais de Licitação".</p><p class="data">Joinville/SC, 25 de agosto de 2022.</p><p class="assina">Aline Mirany Venturi Bussolaro</p><p class="cargo">Presidente da Comissão</p><p></p>]]></Texto>
  </body>
  <Midias />
</article></xml>