﻿<xml><article id="27731519" name="homologacoespmvdr2608pe1617" idOficio="9056334" pubName="DO3" artType="Aviso de Homologação" pubDate="30/08/2022" artClass="00052:00005:00494:00000:00000:00000:00000:00000:00000:00000:00077:00000" artCategory="Prefeituras/Estado da Bahia/Prefeitura Municipal de Várzea da Roça" artSize="12" artNotes="" numberPage="338" pdfPage="http://pesquisa.in.gov.br/imprensa/jsp/visualiza/index.jsp?data=30/08/2022&amp;jornal=530&amp;pagina=338" editionNumber="165" highlightType="" highlightPriority="" highlight="" highlightimage="" highlightimagename="" idMateria="19838564">
  <body>
    <Identifica><![CDATA[ AVISOS DE HOMOLOGAÇÃO]]></Identifica>
    <Data><![CDATA[ Várzea da Roça/BA, 16 de agosto de 2022.]]></Data>
    <Ementa />
    <Titulo />
    <SubTitulo />
    <Texto><![CDATA[<p class="identifica">AVISOS DE HOMOLOGAÇÃO</p><p class="identifica">PREGÃO ELETRÔNICO Nº 16/2022</p><p>O Prefeito Municipal de Várzea da Roça - Bahia, HOMOLOGO a Licitação Pregão Eletrônico nº 016/2022, objetivando a contratação de empresa do ramo para registro de preço na aquisição de materiais de construção, hidráulicos, sanitários e equipamentos para atender as necessidades da Secretaria Municipal de Infraestrutura de Várzea da Roça - Bahia. Empresas vencedoras: Empresas vencedoras: GILVRLAK RIOS DE OLIVEIRA - ME, CNJP 33.761.003/0001-05, valor global R$ R$ 869.744.30 / M&amp;S MATERIAL DE CONSTRUÇÃO LTDA - ME, CNJP 35.433.600/0001-28, valor global R$ 451.514,40 / MADEIREIRA GAIOLA DE OURO LTDA - ME, CNJP 09.599.647/0001-56, valor global R$ 316.864,30.</p><p class="identifica">PREGÃO ELETRÔNICO Nº 17/2022</p><p>O Prefeito Municipal de Várzea da Roça - Bahia, HOMOLOGO a Licitação Pregão Eletrônico nº 017/2022, objetivando a contratação de empresa para registro de preço para futura e eventual aquisição de material de expediente para atender o município de Várzea da Roça - Bahia. Empresas vencedoras: Empresas vencedoras: DAGEAL - COMÉRCIO DE MATERIAL DE ESCRITORIO LTDA, CNJP 07.245.458/0001-50, valor global R$ R$ 13.068,84 / JOANICE REIS RIOS EIRELI, CNJP 06.370.558/0001-45, valor global R$ 966.492,10 / WHITE BOARD IMPORT COMERCIO E SERVIÇOS LTDA, CNJP 43.838.684/0001-08, valor global R$ 6.296,90.</p><p class="data">Várzea da Roça/BA, 16 de agosto de 2022.</p><p class="assina">Danillo Santos Sales Rios</p>]]></Texto>
  </body>
  <Midias />
</article></xml>