﻿<xml><article id="27767015" name="2022-08-29/9056608/COMPRASNETWS_" idOficio="9056608" pubName="DO3" artType="Extrato de Termo Aditivo" pubDate="30/08/2022" artClass="00045:00016:00009:00000:00000:00000:00000:00000:00000:00000:00054:00001" artCategory="Defensoria Pública da União/Secretaria-Geral Executiva/Coordenação Licitações e Contratos" artSize="12" artNotes="" numberPage="251" pdfPage="http://pesquisa.in.gov.br/imprensa/jsp/visualiza/index.jsp?data=30/08/2022&amp;jornal=530&amp;pagina=251" editionNumber="165" highlightType="" highlightPriority="" highlight="" highlightimage="" highlightimagename="" idMateria="19839137">
  <body>
    <Identifica><![CDATA[ EXTRATO DE TERMO ADITIVO Nº 4/2022 - UASG 290002]]></Identifica>
    <Data><![CDATA[]]></Data>
    <Ementa />
    <Titulo />
    <SubTitulo />
    <Texto><![CDATA[<p class="identifica">EXTRATO DE TERMO ADITIVO Nº 4/2022 - UASG 290002</p><p>Número do Contrato: 100/2019.</p><p>Nº Processo: 08038.001353/2019-20.</p><p>Pregão. Nº 87/2019. Contratante: DPU-SECRETARIA DE EXECUCAO ORCAM. FINANCEIRA. Contratado: 00.642.107/0001-33 - NORTH SERVICOS LOCACAO DE MAO DE OBRA LTDA. Objeto: Prorrogar o prazo de vigência do contrato nº 100/2019, por mais 12 (doze) meses, a contar de 14/10/2022 a 13/10/2023.</p><p>alterar o endereço da sede da empresa de rua barbosa de freitas nº 1741, sala 04, aldeota, cep 60.170-021, fortaleza/ce para av. Bezerra de menezes nº 2071, sala 802, bairro: parquelândia, fortaleza/ce - cep 60.325-004.</p><p>alterar o endereço da defensoria pública da união de setor bancário sul - (sbs), quadra 02 bloco h, ed. Cleto meireles, lote 14, cep: 70.070-120 para setor bancário norte - (sbn), quadra 01 bloco f-70 - edifício palácio da agricultura, cep: 70.040-908 - brasília-df.. Vigência: 14/10/2022 a 13/10/2023. Valor Total Atualizado do Contrato: R$ 49.514,16. Data de Assinatura: 24/08/2022.</p><p>(COMPRASNET 4.0 - 24/08/2022).</p>]]></Texto>
  </body>
  <Midias />
</article></xml>