﻿<xml><article id="27762691" name="2022-08-29/9056636/COMPRASNETWS_" idOficio="9056636" pubName="DO3" artType="Extrato de Contrato" pubDate="30/08/2022" artClass="00045:00016:00009:00000:00000:00000:00000:00000:00000:00000:00031:00001" artCategory="Defensoria Pública da União/Secretaria-Geral Executiva/Coordenação Licitações e Contratos" artSize="12" artNotes="" numberPage="251" pdfPage="http://pesquisa.in.gov.br/imprensa/jsp/visualiza/index.jsp?data=30/08/2022&amp;jornal=530&amp;pagina=251" editionNumber="165" highlightType="" highlightPriority="" highlight="" highlightimage="" highlightimagename="" idMateria="19839165">
  <body>
    <Identifica><![CDATA[ EXTRATO DE CONTRATO Nº 197/2022 - UASG 290002]]></Identifica>
    <Data><![CDATA[]]></Data>
    <Ementa />
    <Titulo />
    <SubTitulo />
    <Texto><![CDATA[<p class="identifica">EXTRATO DE CONTRATO Nº 197/2022 - UASG 290002</p><p>Nº Processo: 08175.000802/2021-62.</p><p>Pregão Nº 47/2022. Contratante: DPU-SECRETARIA DE EXECUCAO ORCAM. FINANCEIRA.</p><p>Contratado: 17.391.112/0001-13 - SILGON PRESTADORA DE SERVICOS LTDA. Objeto: Contratação para atender a unidade da defensoria pública da união no rio de janeiro - dpu/rj, localizada à rua uruguaiana nº 174, centro, rio de janeiro-rj de empresa especializada em serviços de reforma e revitalização de móveis (poltronas de auditório) revestidos em tecido, com fornecimento de todo o material necessário para a reforma e serviços, incluindo desmontagem, transporte, troca geral de revestimento, troca de espumas, onde houver necessidade, remodelagem, pintura da base, reparos necessários na base e remontagem, sendo 105 poltronas do auditório localizado no 13° andar do edifício metropolitan center. Retirada de carpete antigo e colocação de carpete novo, antialérgico, na cor cinza claro, em todo o piso do auditório e sala de som. E fornecimento de capachos para as entradas do hall andares 16º andar, 17º andar,18º andar e 20º andar, conforme especificações e quantidades constantes no termo de referência..</p><p>Fundamento Legal: LEI 10.520 / 2002 - Artigo: 1. Vigência: 24/08/2022 a 23/12/2022. Valor Total: R$ 79.700,05. Data de Assinatura: 23/08/2022.</p><p>(COMPRASNET 4.0 - 24/08/2022).</p>]]></Texto>
  </body>
  <Midias />
</article></xml>