﻿<xml><article id="27762607" name="2022-08-29/9056794/COMPRASNETWS_" idOficio="9056794" pubName="DO3" artType="Extrato de Contrato" pubDate="30/08/2022" artClass="00018:00147:00000:00000:00000:00000:00000:00000:00000:00000:00031:00001" artCategory="Ministério da Educação/Fundação Universidade Federal de São Carlos" artSize="12" artNotes="" numberPage="168" pdfPage="http://pesquisa.in.gov.br/imprensa/jsp/visualiza/index.jsp?data=30/08/2022&amp;jornal=530&amp;pagina=168" editionNumber="165" highlightType="" highlightPriority="" highlight="" highlightimage="" highlightimagename="" idMateria="19839345">
  <body>
    <Identifica><![CDATA[ EXTRATO DE CONTRATO Nº 32/2022 - UASG 154049]]></Identifica>
    <Data><![CDATA[]]></Data>
    <Ementa />
    <Titulo />
    <SubTitulo />
    <Texto><![CDATA[<p class="identifica">EXTRATO DE CONTRATO Nº 32/2022 - UASG 154049</p><p>Nº Processo: 23112.009842/2022-89.</p><p>Dispensa Nº 86/2022. Contratante: FUNDACAO UNIVERSIDADE FEDERAL DE SAO CARLOS.</p><p>Contratado: 66.991.647/0001-30 - FUNDACAO DE APOIO INST AO DESENV CIENT E TECNOLOGICO. Objeto: Prestação de serviços, por parte da FAI.UFSCar, de gerência administrativa e financeira e de apoio logístico e operacional necessárias à execução do Projeto de Desenvolvimento Institucional (PRODIN) "Ensino-aprendizagem e formação do estudante em contextos práticos".</p><p>Fundamento Legal: LEI 8.666 / 1993 - Artigo: 24 - Inciso: II. Vigência: 26/08/2022 a 01/05/2026. Valor Total: R$ 60.433,00. Data de Assinatura: 26/08/2022.</p><p>(COMPRASNET 4.0 - 29/08/2022).</p>]]></Texto>
  </body>
  <Midias />
</article></xml>