﻿<xml><article id="27760657" name="2022-08-29/9056511/COMPRASNETWS_" idOficio="9056511" pubName="DO3" artType="Extrato de Concessão de Uso" pubDate="30/08/2022" artClass="00018:00051:00025:00000:00000:00000:00000:00000:00000:00000:00030:00001" artCategory="Ministério da Educação/Instituto Federal de Educação, Ciência e Tecnologia do Ceará/Campus Fortaleza" artSize="12" artNotes="" numberPage="91" pdfPage="http://pesquisa.in.gov.br/imprensa/jsp/visualiza/index.jsp?data=30/08/2022&amp;jornal=530&amp;pagina=91" editionNumber="165" highlightType="" highlightPriority="" highlight="" highlightimage="" highlightimagename="" idMateria="19839024">
  <body>
    <Identifica><![CDATA[ EXTRATO DE CONCESSãO Nº 35/2022 - UASG 158313]]></Identifica>
    <Data><![CDATA[]]></Data>
    <Ementa />
    <Titulo />
    <SubTitulo />
    <Texto><![CDATA[<p class="identifica">EXTRATO DE CONCESSãO Nº 35/2022 - UASG 158313</p><p>Nº Processo: 23256.002570/2022-51.</p><p>Pregão Nº 7/2022. Contratante: CAMPUS FORTALEZA/IFCE.</p><p>Contratado: 33.290.554/0001-20 - ANA CÉLIA RODRIGUES DO NASCIMENTO. Objeto: 1. Cláusula primeira - objeto</p><p>1.1. O objeto do presente instrumento é a contratação de serviços de cantina, sem dedicação exclusiva de mão de obra, mediante o regime de concessão remunerada de espaço, a serem executados no ifce - campus fortaleza, que serão prestados nas condições estabelecidas no termo de referência, anexo do edital..</p><p>Fundamento Legal: LEI 10.520 / 2002 - Artigo: 1. Vigência: 25/08/2022 a 25/08/2023. Valor Total: R$ 1.683,01. Data de Assinatura: 25/08/2022.</p><p>(COMPRASNET 4.0 - 26/08/2022).</p>]]></Texto>
  </body>
  <Midias />
</article></xml>