﻿<xml><article id="27732731" name="Ata_94-2022-FONE-DE-OUVIDO" idOficio="9056749" pubName="DO3" artType="Aviso de Registro de Preços" pubDate="30/08/2022" artClass="00047:00025:00000:00000:00000:00000:00000:00000:00000:00000:00112:00000" artCategory="Poder Judiciário/Tribunal Regional Eleitoral do Pará" artSize="12" artNotes="" numberPage="263" pdfPage="http://pesquisa.in.gov.br/imprensa/jsp/visualiza/index.jsp?data=30/08/2022&amp;jornal=530&amp;pagina=263" editionNumber="165" highlightType="" highlightPriority="" highlight="" highlightimage="" highlightimagename="" idMateria="19839287">
  <body>
    <Identifica><![CDATA[ AVISO DE REGISTRO DE PREÇOS]]></Identifica>
    <Data><![CDATA[]]></Data>
    <Ementa />
    <Titulo />
    <SubTitulo />
    <Texto><![CDATA[<p class="identifica">AVISO DE REGISTRO DE PREÇOS</p><p class="identifica">Pregão Eletrônico nº 54/2022</p><p>O Tribunal Regional Eleitoral do Pará torna pública a formalização da Ata de Registro de Preços nº 94/2022, decorrente do Pregão Eletrônico nº 54/2022, Processo nº 0006312-83.2022.6.14.8000, da seguinte forma:</p><p>- Detentora da Ata: BRASLYNC COMERCIO ELETRONICO LTDA, CNPJ/MF nº 35.858.504/0001-21;</p><p>- Itens 1 e 2 (FONE DE OUVIDO PARA URNA ELETRÔNICA);</p><p>- Valor Global da Ata: R$ 83.600,00.</p><p class="assina">FELIPE HOUAT DE BRITO</p><p class="cargo">Diretor-Geral</p>]]></Texto>
  </body>
  <Midias />
</article></xml>