﻿<xml><article id="27761669" name="2022-08-24/7353940/siasgnet_1483" idOficio="7353940" pubName="DO3" artType="Aviso de Licitação-Pregão" pubDate="30/08/2022" artClass="00018:00126:00018:00000:00000:00000:00000:00000:00000:00000:00164:00001" artCategory="Ministério da Educação/Empresa Brasileira de Serviços Hospitalares/Filial Hospital das Clínicas da UFPE" artSize="12" artNotes="" numberPage="153" pdfPage="http://pesquisa.in.gov.br/imprensa/jsp/visualiza/index.jsp?data=30/08/2022&amp;jornal=530&amp;pagina=153" editionNumber="165" highlightType="" highlightPriority="" highlight="" highlightimage="" highlightimagename="" idMateria="14834238">
  <body>
    <Identifica><![CDATA[ AVISO DE LICITAÇÃO]]></Identifica>
    <Data><![CDATA[]]></Data>
    <Ementa />
    <Titulo />
    <SubTitulo />
    <Texto><![CDATA[<p class="identifica">AVISO DE LICITAÇÃO</p><p class="identifica">Pregão Eletrônico Nº 87/2022 - UASG 155022</p><p>Nº Processo: 23536009647202278. Objeto: Registro de preços visando a eventual aquisição de Medicamentos Biológicos para o Hospital das Clínicas de Pernambuco. Total de Itens Licitados: 33. Edital: 30/08/2022 das 08h00 às 12h00 e das 14h00 às 16h00. Endereço: Av. Professor Moraes Rego S/n, Cidade Universitária - Recife/PE ou https://www.gov.br/compras/edital/155022-5-00087-2022. Entrega das Propostas: a partir de 30/08/2022 às 08h00 no site www.gov.br/compras. Abertura das Propostas: 16/09/2022 às 10h00 no site www.gov.br/compras. Informações Gerais: Mais informações: (81) 2126-3939..</p><p class="assina">JOAO LUIZ CAVALCANTI MARANHAO DE ALBUQUERQUE</p><p class="cargo">Chefe do Setor de Administração do Hc/ufpe - Ebserh</p><p>(SIASGnet - 24/08/2022) 155022-15233-2022NE800008</p>]]></Texto>
  </body>
  <Midias />
</article></xml>