﻿<xml><article id="27760564" name="2022-08-29/9056837/COMPRASNETWS_" idOficio="9056837" pubName="DO3" artType="Extrato de Termo Aditivo" pubDate="30/08/2022" artClass="00015:00002:00026:00012:00000:00000:00000:00000:00000:00000:00054:00001" artCategory="Ministério da Economia/Secretaria Executiva/Secretaria de Gestão Corporativa/Gerência Regional de Administração em Santa Catarina" artSize="12" artNotes="" numberPage="62" pdfPage="http://pesquisa.in.gov.br/imprensa/jsp/visualiza/index.jsp?data=30/08/2022&amp;jornal=530&amp;pagina=62" editionNumber="165" highlightType="" highlightPriority="" highlight="" highlightimage="" highlightimagename="" idMateria="19839397">
  <body>
    <Identifica><![CDATA[ EXTRATO DE TERMO ADITIVO Nº 10/2022 - UASG 170166]]></Identifica>
    <Data><![CDATA[]]></Data>
    <Ementa />
    <Titulo />
    <SubTitulo />
    <Texto><![CDATA[<p class="identifica">EXTRATO DE TERMO ADITIVO Nº 10/2022 - UASG 170166</p><p>Número do Contrato: 10/2017.</p><p>Nº Processo: 10983.000226/2016-13.</p><p>Pregão. Nº 3/2017. Contratante: GERENCIA REG.DE ADM.DO ME - SANTA CATARINA. Contratado: 78.533.312/0001-58 - PLANSUL PLANEJAMENTO E CONSULTORIA EIRELI. Objeto: O presente termo aditivo tem por objeto a prorrogação excepcional do prazo da vigência contratual de 01/09/2022 a 31/08/2023, com fundamento no §4º c/c o inciso II do art. 57 da lei nº 8.666, de 1993. A conclusão de nova contratação, decorrente do procedimento licitatório, registrado no SEI sob o nº 10983.100120/2022-67, autoriza a imediata rescisão antecipada do presente contrato conforme necessidade da administração. Haverá mudança de endereço da Superintendência do Patrimônio da União em Santa Catarina (SPU/SC), ainda sem data definida, passando para a av. Prof. Othon Gama D'eça, 900 - Centro, Florianópolis - SC, 88010-400. Portanto, por um período não definido poderá ser necessário a limpeza no atual e no novo endereço, desde que se mantenha a quantidade de horas trabalhadas, serventes, materiais e equipamentos previstos no contrato para se manter os mesmos aspectos quantitativos e qualitativos contratados.. Vigência: 01/09/2022 a 31/08/2023. Valor Total Atualizado do Contrato: R$ 786.810,96 (setecentos e oitenta e seis mil oitocentos e dez reais e noventa e seis centavos). Data de Assinatura: 26/08/2022.</p><p>(COMPRASNET 4.0 - 26/08/2022).</p>]]></Texto>
  </body>
  <Midias />
</article></xml>