﻿<xml><article id="27732743" name="AVISO EDITAL PE 056-2022 - GENER" idOficio="9056340" pubName="DO3" artType="Aviso de Licitação-Pregão" pubDate="30/08/2022" artClass="00052:00021:00023:00000:00000:00000:00000:00000:00000:00000:00164:562022" artCategory="Prefeituras/Estado de Rondônia/Prefeitura Municipal de Cujubim" artSize="12" artNotes="" numberPage="442" pdfPage="http://pesquisa.in.gov.br/imprensa/jsp/visualiza/index.jsp?data=30/08/2022&amp;jornal=530&amp;pagina=442" editionNumber="165" highlightType="" highlightPriority="" highlight="" highlightimage="" highlightimagename="" idMateria="19838582">
  <body>
    <Identifica><![CDATA[ AVISO DE LICITAÇÃO PREGÃO ELETRÔNICO Nº 56/2022 - EXCLUSIVO MPE]]></Identifica>
    <Data><![CDATA[ Cujubim/RO, 26 de Agosto de 2022.]]></Data>
    <Ementa />
    <Titulo />
    <SubTitulo />
    <Texto><![CDATA[<p></p><p class="identifica">AVISO DE LICITAÇÃO PREGÃO ELETRÔNICO Nº 56/2022 - EXCLUSIVO MPE</p><p>O Município de Cujubim por meio de seu Pregoeiro nomeado pelo Decreto nº 993 de 11 de Janeiro de 2022, através das atribuições legais que são conferidas, torna público, a licitação denominada Pregão na sua forma Eletrônica, para Registro de Preços para Eventual e Futura Aquisição de Gêneros Alimentícios com o quantitativo previsto para atender as necessidades de consumo e a demanda da Secretaria Municipal de Saúde de Cujubim - RO, por um período de 12 (doze) meses. Valor estimado de R$ 545.779,34 (Quinhentos e Quarenta e Cinco Mil Setecentos e Setenta e Nove Reais Trinta e Quatro Centavos), tipo MENOR PREÇO POR ITEM, na forma da Lei nº. 10.520/02 e Decreto Municipal nº 616/2020, conforme edital e seus anexos. Envio das propostas poderá ser feito até às 09h29min do dia 12/09/2022. Início da Sessão Pública virtual será às 09h30min do dia 12/09/2022. (Horário de Brasília). A retirada do edital e sessão está disponível no site www.licitanet.com.br e no Portal da Transparência do Município de Cujubim www.cujubim.ro.gov.br na aba "licitações". Informações poderão ser obtidas, através do telefone (69) 3582.2004 / 2062.</p><p class="data">Cujubim/RO, 26 de Agosto de 2022.</p><p class="assina">Sergio Henrique S Zuccolotto.</p><p class="cargo">Pregoeiro.</p>]]></Texto>
  </body>
  <Midias />
</article></xml>