﻿<xml><article id="27732839" name="Aviso TP 44-2022 habilitacao" idOficio="8556178" pubName="DO3" artType="Aviso de Habilitação" pubDate="30/08/2022" artClass="00013:00012:00024:00002:00005:00000:00000:00000:00000:00000:00118:00000" artCategory="Ministério da Defesa/Comando da Marinha/Diretoria-Geral de Desenvolvimento Nuclear e Tecnológico da Marinha/Centro Tecnológico da Marinha em São Paulo/Centro de Intendência Tecnológico da Marinha em São Paulo" artSize="12" artNotes="" numberPage="54" pdfPage="http://pesquisa.in.gov.br/imprensa/jsp/visualiza/index.jsp?data=30/08/2022&amp;jornal=530&amp;pagina=54" editionNumber="165" highlightType="" highlightPriority="" highlight="" highlightimage="" highlightimagename="" idMateria="18387516">
  <body>
    <Identifica><![CDATA[ resultado DE HABILITAÇÃO ]]></Identifica>
    <Data><![CDATA[ São Paulo, 29 de agosto de 2022.]]></Data>
    <Ementa />
    <Titulo />
    <SubTitulo />
    <Texto><![CDATA[<p class="identifica">resultado DE HABILITAÇÃO</p><p class="identifica">TOMADA DE PREÇOS nº 44/2022</p><p>Processo: 63232,0007/2022-55. Objeto: Obras de engenharia para reforma do Auditório, conforme condições, quantidades e exigências estabelecidas no edital e seus anexos.</p><p>Empresa C.V. INSTALAÇÕES, INDÚSTRIA E COMÉRCIO LTDA, CNPJ: 57,135,659/0001-72, inabilitada por não atendimento ao item 7.1.4 do Edital e 22.2.2 e 22.2.2.1 do Projeto Básico.</p><p>Esta comissão decide, com fulcro no § 3º do Art. 48 da Lei n° 8.666/1993 a fixar prazo de 8 dias úteis, a contar desta publicação, para que a empresa inabilitada apresente a documentação referenciada nos respectivos itens.</p><p class="data">São Paulo, 29 de agosto de 2022.</p><p class="assina">CF (IM) MABEL CRISTINA DO NASCIMENTO SANTOS</p><p class="cargo">Presidente da Comissão Permanente de Licitação</p>]]></Texto>
  </body>
  <Midias />
</article></xml>