﻿<xml><article id="27764578" name="2022-08-29/9056589/COMPRASNETWS_" idOficio="9056589" pubName="DO3" artType="Extrato de Contrato" pubDate="30/08/2022" artClass="00026:00002:00021:00010:00001:00007:00000:00000:00000:00000:00031:00001" artCategory="Ministério da Saúde/Secretaria Executiva/Subsecretaria de Assuntos Administrativos/Coordenação-Geral de Material e Patrimônio/Coordenação de Compras e Licitações/Divisão de Procedimentos Licitatórios" artSize="12" artNotes="" numberPage="203" pdfPage="http://pesquisa.in.gov.br/imprensa/jsp/visualiza/index.jsp?data=30/08/2022&amp;jornal=530&amp;pagina=203" editionNumber="165" highlightType="" highlightPriority="" highlight="" highlightimage="" highlightimagename="" idMateria="19839105">
  <body>
    <Identifica><![CDATA[ EXTRATO DE CONTRATO Nº 75/2022 - UASG 250110]]></Identifica>
    <Data><![CDATA[]]></Data>
    <Ementa />
    <Titulo />
    <SubTitulo />
    <Texto><![CDATA[<p class="identifica">EXTRATO DE CONTRATO Nº 75/2022 - UASG 250110</p><p>Nº Processo: 25000.003705/2022-23.</p><p>Regime Diferenciado de Contratações Nº 6/2022. Contratante: CG DE MATERIAL E PATRIMONIO - CGMAP/SAA.</p><p>Contratado: 06.043.260/0001-20 - COMBRASEN - COMPANHIA BRASILEIRA DE SOLUCOES EM ENGENHA. Objeto: Realização de obras para a implantação de solução de radioterapia no Hospital e Maternidade São José, CNES 2448521, localizada em Colatina/ES, contemplado na tipologia construção, no âmbito do plano de expansão de radioterapia do SUS.</p><p>Fundamento Legal: CONTRATAÇÃO PÚBLICA LEI 12.462 / 2011 - Artigo: 1 - Inciso: V. Vigência: 25/08/2022 a 25/02/2024. Valor Total: R$ 11.831.403,13. Data de Assinatura: 25/08/2022.</p><p>(COMPRASNET 4.0 - 26/08/2022).</p>]]></Texto>
  </body>
  <Midias />
</article></xml>