﻿<xml><article id="27733354" name="publicacao_BRF" idOficio="9056839" pubName="DO3" artType="Extrato de Acordo de Cooperação Técnica" pubDate="30/08/2022" artClass="00007:00060:00085:00000:00000:00000:00000:00000:00000:00000:00036:00000" artCategory="Ministério da Agricultura, Pecuária e Abastecimento/Empresa Brasileira de Pesquisa Agropecuária/Embrapa Suínos e Aves" artSize="12" artNotes="" numberPage="15" pdfPage="http://pesquisa.in.gov.br/imprensa/jsp/visualiza/index.jsp?data=30/08/2022&amp;jornal=530&amp;pagina=15" editionNumber="165" highlightType="" highlightPriority="" highlight="" highlightimage="" highlightimagename="" idMateria="19839399">
  <body>
    <Identifica><![CDATA[extrato de  Acordo de Cooperação técnica]]></Identifica>
    <Data><![CDATA[]]></Data>
    <Ementa />
    <Titulo />
    <SubTitulo />
    <Texto><![CDATA[<p></p><p class="identifica">extrato de Acordo de Cooperação técnica</p><p>Espécie: Extrato de Acordo de Cooperação Técnica; Partes: Embrapa Suínos e Aves (00.348.003/0065-85), FUNDAÇÃO DE APOIO À PESQUISA E AO DESENVOLVIMENTO - FAPED (00.849.774/0001-91) e BRF S.A (01.838.723/0001-27); Objeto: "Caracterização e avaliação de insumos tecnológicos para composição de dietas para suínos e aves".; Fonte de recurso: BRF S.A; Valor Global: R$ 563.109,95 (Quinhentos e sessenta e três mil, cento e nove reais e noventa e cinco centavos); Vigência: 18 (dezoito) meses; Data de assinatura: 18/08/2022; Signatários: Everton Krabbe, Chefe-Geral pela Embrapa Suínos e Aves, Robert Eugene Schaffert pela FAPED e José Uebi Maluf pela BRF S.A.</p>]]></Texto>
  </body>
  <Midias />
</article></xml>