﻿<xml><article id="27765668" name="2022-08-29/9056951/COMPRASNETWS_" idOficio="9056951" pubName="DO3" artType="Extrato de Contrato" pubDate="30/08/2022" artClass="00018:00126:00048:00000:00000:00000:00000:00000:00000:00000:00031:00001" artCategory="Ministério da Educação/Empresa Brasileira de Serviços Hospitalares/Filial Hospital Universitário Walter Cantídio" artSize="12" artNotes="" numberPage="158" pdfPage="http://pesquisa.in.gov.br/imprensa/jsp/visualiza/index.jsp?data=30/08/2022&amp;jornal=530&amp;pagina=158" editionNumber="165" highlightType="" highlightPriority="" highlight="" highlightimage="" highlightimagename="" idMateria="19839450">
  <body>
    <Identifica><![CDATA[ EXTRATO DE CONTRATO Nº 22/2022 - UASG 155020]]></Identifica>
    <Data><![CDATA[]]></Data>
    <Ementa />
    <Titulo />
    <SubTitulo />
    <Texto><![CDATA[<p class="identifica">EXTRATO DE CONTRATO Nº 22/2022 - UASG 155020</p><p>Nº Processo: 23533.024820/2020-26.</p><p>Pregão Nº 48/2022. Contratante: EBSERH COMPLEXO HOSPITALAR DO CEARA.</p><p>Contratado: 08.220.952/0001-22 - RCS TECNOLOGIA LTDA. Objeto: Contratação de empresa especializada na prestação de serviços continuados de apoio às atividades administrativas com cessão de mão de obra com dedicação exclusiva.</p><p>Fundamento Legal: Lei nº 13.303/2016. Vigência: 02/09/2022 a 01/09/2023. Valor Total: R$ 7.906.548,96. Data de Assinatura: 22/08/2022.</p><p>(COMPRASNET 4.0 - 25/08/2022).</p>]]></Texto>
  </body>
  <Midias />
</article></xml>