﻿<xml><article id="27732998" name="0009660 -12.2022 -BERTONI IND. E" idOficio="9056646" pubName="DO3" artType="Extrato de Nota de Empenho" pubDate="30/08/2022" artClass="00047:00025:00000:00000:00000:00000:00000:00000:00000:00000:00136:00000" artCategory="Poder Judiciário/Tribunal Regional Eleitoral do Pará" artSize="12" artNotes="" numberPage="263" pdfPage="http://pesquisa.in.gov.br/imprensa/jsp/visualiza/index.jsp?data=30/08/2022&amp;jornal=530&amp;pagina=263" editionNumber="165" highlightType="" highlightPriority="" highlight="" highlightimage="" highlightimagename="" idMateria="19839175">
  <body>
    <Identifica><![CDATA[ EXTRATO DE NOTA DE EMPENHO]]></Identifica>
    <Data><![CDATA[]]></Data>
    <Ementa />
    <Titulo />
    <SubTitulo />
    <Texto><![CDATA[<p class="identifica">EXTRATO DE NOTA DE EMPENHO</p><p>Processo nº 0009660-12.2022.6.14.8000. Contratada: BERTONI INDUSTRIA E COMERCIO TEXTIL LTDA, CNPJ: 20.376.556/0001-94. Objeto: cobrir despesa com aquisição de material de consumo (sacola em TNT). Nota de Empenho: 2022NE000761, assinada em 19/08/2022. Valor global: R$ 43.740,00. PTRES: 167864; ND 339030. Referência Legal: ARP n.º 92/2022, PE nº 36/2022 - TRE-PA. Autorizado em 18/08/2022, por EDUARDO SOUSA DE ARAÚJO, Diretor Geral substituto (1649334).</p>]]></Texto>
  </body>
  <Midias />
</article></xml>