﻿<xml><article id="27765291" name="2022-08-29/9056899/COMPRASNETWS_" idOficio="9056899" pubName="DO3" artType="Extrato de Contrato" pubDate="30/08/2022" artClass="00015:00066:00042:00000:00000:00000:00000:00000:00000:00000:00031:00001" artCategory="Ministério da Economia/Fundação Instituto Brasileiro de Geografia e Estatística/Unidade Estadual no Rio Grande do Norte" artSize="12" artNotes="" numberPage="80" pdfPage="http://pesquisa.in.gov.br/imprensa/jsp/visualiza/index.jsp?data=30/08/2022&amp;jornal=530&amp;pagina=80" editionNumber="165" highlightType="" highlightPriority="" highlight="" highlightimage="" highlightimagename="" idMateria="19839417">
  <body>
    <Identifica><![CDATA[ EXTRATO DE CONTRATO Nº 7/2022 - UASG 114612]]></Identifica>
    <Data><![CDATA[]]></Data>
    <Ementa />
    <Titulo />
    <SubTitulo />
    <Texto><![CDATA[<p class="identifica">EXTRATO DE CONTRATO Nº 7/2022 - UASG 114612</p><p>Nº Processo: 23817.000178/2022-50.</p><p>Pregão Nº 8/2022. Contratante: UNIDADE ESTADUAL DO IBGE NO RIO G. NORTE.</p><p>Contratado: 18.843.645/0001-51 - TELECOMUNICACOES BRASILIA EIRELI. Objeto: O objeto do presente instrumento é a contratação de serviços de acessos à internet (serviços de comunicação multimídia), a serem providos através de meio físico terrestre, utilizando cabo com condutor metálico, tecnologia XDSL, similar ou fibra ótica, sem link dedicado, (não sendo aceitos serviços providos através de tecnologias de satélite, redes sem fio, redes móveis ou quaisquer outras soluções equivalentes), para atendimento às necessidades de comunicação da sede da Unidade Estadual do IBGE no Rio Grande do Norte (UE/RN) e de suas Agências.</p><p>Fundamento Legal: LEI 10.520 / 2002 - Artigo: 1. Vigência: 18/08/2022 a 18/12/2022. Valor Total: R$ 13.168,00. Data de Assinatura: 18/08/2022.</p><p>(COMPRASNET 4.0 - 26/08/2022).</p>]]></Texto>
  </body>
  <Midias />
</article></xml>