﻿<xml><article id="27763930" name="2022-08-28/9056400/SICONV_198388" idOficio="9056400" pubName="DO3" artType="Extrato de Convênio" pubDate="30/08/2022" artClass="00007:00049:00000:00000:00000:00000:00000:00000:00000:00000:00032:00001" artCategory="Ministério da Agricultura, Pecuária e Abastecimento/Secretaria de Inovação, Desenvolvimento Sustentável e Irrigação" artSize="12" artNotes="" numberPage="7" pdfPage="http://pesquisa.in.gov.br/imprensa/jsp/visualiza/index.jsp?data=30/08/2022&amp;jornal=530&amp;pagina=7" editionNumber="165" highlightType="" highlightPriority="" highlight="" highlightimage="" highlightimagename="" idMateria="19838812">
  <body>
    <Identifica><![CDATA[ EXTRATO DE TERMO ADITIVO]]></Identifica>
    <Data><![CDATA[]]></Data>
    <Ementa />
    <Titulo />
    <SubTitulo />
    <Texto><![CDATA[<p class="identifica">EXTRATO DE TERMO ADITIVO</p><p>Espécie: Termo Aditivo de Alteração da Vigência Nº 000003/2022 ao Convênio Nº 886118/2019. Convenentes: Concedente: MINISTÉRIO DA AGRICULTURA, PECUARIA E ABASTECIMENTO, Unidade Gestora: 130141. Convenente: MUNICIPIO DE ALTO RIO NOVO, CNPJ nº 31796659000120. Alteração de Vigência. Valor Total: R$ 561.443,33, Valor de Contrapartida: R$ 111.443,33, Vigência: 25/08/2022 a 31/12/2022. Data de Assinatura: 31/12/2019. Signatários: Concedente: CLEBER OLIVEIRA SOARES, CPF nº 61672793572, Convenente: LUIZ AMERICO BOREL, CPF nº 479.344.417-20.</p>]]></Texto>
  </body>
  <Midias />
</article></xml>