﻿<xml><article id="27765006" name="2022-08-29/9056586/COMPRASNETWS_" idOficio="9056586" pubName="DO3" artType="Extrato de Apostilamento" pubDate="30/08/2022" artClass="00018:00067:00004:00000:00000:00000:00000:00000:00000:00000:00143:00001" artCategory="Ministério da Educação/Instituto Federal de Educação, Ciência e Tecnologia do Rio Grande do Norte/Campus Apodi" artSize="12" artNotes="" numberPage="108" pdfPage="http://pesquisa.in.gov.br/imprensa/jsp/visualiza/index.jsp?data=30/08/2022&amp;jornal=530&amp;pagina=108" editionNumber="165" highlightType="" highlightPriority="" highlight="" highlightimage="" highlightimagename="" idMateria="19839102">
  <body>
    <Identifica><![CDATA[ EXTRATO DE APOSTILAMENTO Nº 127/2022 - UASG 158371]]></Identifica>
    <Data><![CDATA[]]></Data>
    <Ementa />
    <Titulo />
    <SubTitulo />
    <Texto><![CDATA[<p class="identifica">EXTRATO DE APOSTILAMENTO Nº 127/2022 - UASG 158371</p><p>Número do Contrato: 62/2022.</p><p>Nº Processo: 23136.000450/2022-86.</p><p>Contratante: INST.FED.DO RN/CAMPUS APODI. Contratado: 09.388.076/0001-00 - KAIROS EMPREENDIMENTOS LTDA. Objeto: O presente termo de apostilamento tem por finalidade a repactuação de valores ao contrato nº 62/2022-PROAD/IFRN, nos postos a seguir e em estrita obediência aos preceitos da convenção coletiva de trabalho nº RN000183/2021. Vigência: 03/04/2022 a 03/04/2023. Valor Total Atualizado do Contrato: R$ 114.302,76. Data de Assinatura: 26/08/2022.</p><p>(COMPRASNET 4.0 - 26/08/2022).</p>]]></Texto>
  </body>
  <Midias />
</article></xml>