﻿<xml><article id="27765983" name="2022-08-29/9056965/COMPRASNETWS_" idOficio="9056965" pubName="DO3" artType="Extrato de Apostilamento" pubDate="30/08/2022" artClass="00026:00002:00021:00010:00001:00007:00000:00000:00000:00000:00143:00001" artCategory="Ministério da Saúde/Secretaria Executiva/Subsecretaria de Assuntos Administrativos/Coordenação-Geral de Material e Patrimônio/Coordenação de Compras e Licitações/Divisão de Procedimentos Licitatórios" artSize="12" artNotes="" numberPage="204" pdfPage="http://pesquisa.in.gov.br/imprensa/jsp/visualiza/index.jsp?data=30/08/2022&amp;jornal=530&amp;pagina=204" editionNumber="165" highlightType="" highlightPriority="" highlight="" highlightimage="" highlightimagename="" idMateria="19839473">
  <body>
    <Identifica><![CDATA[ EXTRATO DE APOSTILAMENTO Nº 49/2022 - UASG 250110]]></Identifica>
    <Data><![CDATA[]]></Data>
    <Ementa />
    <Titulo />
    <SubTitulo />
    <Texto><![CDATA[<p class="identifica">EXTRATO DE APOSTILAMENTO Nº 49/2022 - UASG 250110</p><p>Número do Contrato: 44/2021.</p><p>Nº Processo: 25000.065423/2020-58.</p><p>Contratante: CG DE MATERIAL E PATRIMONIO - CGMAP/SAA. Contratado: 03.085.403/0001-79 - AUTOMACAO COMERCIO E INDUSTRIA DE IMPRESSOS LTDA. Objeto: Registro do reajuste do valor do contrato n.º 44/2021. A partir de 03/05/2022, com o percentual aplicado de 14,66% (quatorze inteiros e sessenta e seis centésimos por cento) o valor anual contratado passará de R$ 746.490,00 (setecentos e quarenta e seis mil, quatrocentos e noventa reais) para R$ 849.300,00 (oitocentos e quarenta e nove mil e trezentos reais). Vigência: 23/06/2021 a 23/06/2023. Valor Total Atualizado do Contrato: R$ 849.300,00. Data de Assinatura: 26/08/2022.</p><p>(COMPRASNET 4.0 - 26/08/2022).</p>]]></Texto>
  </body>
  <Midias />
</article></xml>