﻿<xml><article id="27733465" name="Aviso tp 0292022" idOficio="9056923" pubName="DO3" artType="Aviso de Licitação-Tomada de Preços" pubDate="30/08/2022" artClass="00052:00023:00142:00000:00000:00000:00000:00000:00000:00000:00166:00000" artCategory="Prefeituras/Estado de Santa Catarina/Prefeitura Municipal de Herval DOeste" artSize="12" artNotes="" numberPage="449" pdfPage="http://pesquisa.in.gov.br/imprensa/jsp/visualiza/index.jsp?data=30/08/2022&amp;jornal=530&amp;pagina=449" editionNumber="165" highlightType="" highlightPriority="" highlight="" highlightimage="" highlightimagename="" idMateria="19839424">
  <body>
    <Identifica><![CDATA[ AVISO DE LICITAÇÃO]]></Identifica>
    <Data><![CDATA[ Herval d'Oeste/SC, 25 de agosto de 2022.]]></Data>
    <Ementa />
    <Titulo />
    <SubTitulo />
    <Texto><![CDATA[<p></p><p class="identifica">AVISO DE LICITAÇÃO</p><p class="identifica">TOMADA DE PREÇOS Nº 29/2022</p><p>PROCESSO LICITATÓRIO N° 163/2022</p><p>TOMADA DE PREÇOS N° 029/2022</p><p>TIPO DE JULGAMENTO: MENOR PREÇO GLOBAL</p><p>OBJETO: Contratação de Empresa Especializada para Reforma do CRAS - "Centro de Referência da Assistência Social"; localizado na Avenida Beira Rio; s/nº - Bairro Centro; com 19,64 m² de reforma; com fornecimento de Material e Mão de Obra, em regime de empreitada por preço unitário.</p><p>ENTREGA DOS ENVELOPES.</p><p>Até às 09h00min do dia 15/09/2022</p><p>VALOR TOTAL ESTIMADO R$ 5.280,60 (cinco mil duzentos e oitenta reais e sessenta centavos).</p><p>LOCAL DA REALIZAÇÃO DA SESSÃO PÚBLICA</p><p>Prefeitura Municipal de Herval d'Oeste.</p><p>FUNDAMENTAÇÃO LEGAL.</p><p>Lei Federal n.º 8.666/93, de 21 de junho de 1993, e Lei Complementar nº. 123, de 14 de dezembro de 2006. Atualizada.</p><p>O edital está à disposição no site www.hervaldoeste.sc.gov.br sem custo</p><p>Código registro TCE:</p><p>A7A1272416C28F9F87D928AE14441D0F1C769984</p><p>Outras informações pelo fone (49) 3554 0922</p><p class="data">Herval d'Oeste/SC, 25 de agosto de 2022.</p><p class="assina">MAURO SÉRGIO MARTINI</p><p class="cargo">Prefeito</p>]]></Texto>
  </body>
  <Midias />
</article></xml>