﻿<xml><article id="27732857" name="Extrato de Contrato Tomada de Pr" idOficio="9056654" pubName="DO3" artType="Extrato de Contrato" pubDate="30/08/2022" artClass="00052:00012:00567:00000:00000:00000:00000:00000:00000:00000:00031:00000" artCategory="Prefeituras/Estado de Minas Gerais/PREFEITURA MUNICIPAL DE JAPONVAR" artSize="12" artNotes="" numberPage="380" pdfPage="http://pesquisa.in.gov.br/imprensa/jsp/visualiza/index.jsp?data=30/08/2022&amp;jornal=530&amp;pagina=380" editionNumber="165" highlightType="" highlightPriority="" highlight="" highlightimage="" highlightimagename="" idMateria="19839183">
  <body>
    <Identifica><![CDATA[ EXTRATO DE CONTRATO]]></Identifica>
    <Data><![CDATA[]]></Data>
    <Ementa />
    <Titulo />
    <SubTitulo />
    <Texto><![CDATA[<p></p><p class="identifica">EXTRATO DE CONTRATO</p><p>TOMADA DE PREÇOS N° 004/2022 - Processo Licitatório nº 071/2022, Tomada de Preços n.º 004/2022. Extrato do Contrato celebrado com a empresa C&amp;R Engenharia e Construções Ltda., inscrita no CNPJ sob o nº 18.666.391/0001-43, no valor global de R$ 255.245,39 (duzentos e cinquenta e cinco mil duzentos e quarenta e cinco reais e trinta e nove centavos), por conta da execução de obra de pavimentação asfáltica em Concreto Betuminoso Usinado a Quente(CBUQ), de Ruas da Comunidade de Vila São Cristóvão e Ruas da Comunidade Barra da Lagoinha, , incluso obras complementares (sarjetas e meio fio), recurso financeiro oriundo do Governo do Estado de Minas Gerais, nos termos da Resolução SEGOV nº 38, de 3 de novembro de 2021. Vigência do Contrato: 120 (cento e vinte) dias. Welson Gonçalves da Silva - Prefeito.</p>]]></Texto>
  </body>
  <Midias />
</article></xml>