﻿<xml><article id="27766934" name="2022-08-29/9056606/COMPRASNETWS_" idOficio="9056606" pubName="DO3" artType="Extrato de Termo Aditivo" pubDate="30/08/2022" artClass="00018:00052:00030:00000:00000:00000:00000:00000:00000:00000:00054:00001" artCategory="Ministério da Educação/Instituto Federal de Educação, Ciência e Tecnologia do Espírito Santo/Campus Barra de São Francisco" artSize="12" artNotes="" numberPage="92" pdfPage="http://pesquisa.in.gov.br/imprensa/jsp/visualiza/index.jsp?data=30/08/2022&amp;jornal=530&amp;pagina=92" editionNumber="165" highlightType="" highlightPriority="" highlight="" highlightimage="" highlightimagename="" idMateria="19839135">
  <body>
    <Identifica><![CDATA[ EXTRATO DE TERMO ADITIVO Nº 8/2022 - UASG 158886]]></Identifica>
    <Data><![CDATA[]]></Data>
    <Ementa />
    <Titulo />
    <SubTitulo />
    <Texto><![CDATA[<p class="identifica">EXTRATO DE TERMO ADITIVO Nº 8/2022 - UASG 158886</p><p>Número do Contrato: 3/2019.</p><p>Nº Processo: 23543.000596/2019-24.</p><p>Dispensa. Nº 6/2019. Contratante: INST.FED.ESPIRITO SANTO/CAMPUS BARRA SAO FRAN. Contratado: 28.508.315/0001-63 - RESIDENCIA ENGENHARIA LTDA. Objeto: Promover a prorrogação do prazo de vigência do contrato em 88 (oitenta e oito) dias corridos, onde o prazo inicial será em 29/08/2022 até 25/11/2022.. Vigência: 29/08/2022 a 25/11/2022. Valor Total Atualizado do Contrato: R$ 12.107.097,50. Data de Assinatura: 24/08/2022.</p><p>(COMPRASNET 4.0 - 24/08/2022).</p>]]></Texto>
  </body>
  <Midias />
</article></xml>