﻿<xml><article id="27733321" name="DIAGNOCEL - DECISAO" idOficio="9056832" pubName="DO3" artType="Aviso de Penalidade" pubDate="30/08/2022" artClass="00018:00126:00039:00000:00000:00000:00000:00000:00000:00000:00083:00000" artCategory="Ministério da Educação/Empresa Brasileira de Serviços Hospitalares/Filial Hospital Universitário Lauro Wanderley" artSize="12" artNotes="" numberPage="157" pdfPage="http://pesquisa.in.gov.br/imprensa/jsp/visualiza/index.jsp?data=30/08/2022&amp;jornal=530&amp;pagina=157" editionNumber="165" highlightType="" highlightPriority="" highlight="" highlightimage="" highlightimagename="" idMateria="19839390">
  <body>
    <Identifica><![CDATA[ AVISO  DE PENALIDADE]]></Identifica>
    <Data><![CDATA[  João Pessoa/PB,  29 de agosto de 2022.]]></Data>
    <Ementa />
    <Titulo />
    <SubTitulo />
    <Texto><![CDATA[<p class="identifica">AVISO DE PENALIDADE</p><p>Processo n° 23539.009536/2022-31. O SUPERINTENDENTE DO HOSPITAL UNIVERSITÁRIO LAURO WANDERLEY, no uso de suas atribuições legais, considerando a delegação de competência de que trata a Portaria n° 196/2020-EBSERH, de 02/12/2020, resolve notificar, devido ao interessado se encontrar em lugar incerto e não sabido, a empresa DIAGNOCEL COMERCIO E REPRESENTACOES LTDA - CNPJ 01.490.595/0001-73, já qualificada como Contratada, através do Pregão Eletrônico nº 48/2021, pela identificação do não cumprimento da entrega de item da Nota de Empenho 2022NE000180 para, querendo, apresentar recurso contra a Decisão de aplicação de penalidade, no prazo máximo de 10 (dez) dias úteis, a contar da publicação deste edital, dirigida à Unidade de Fiscalização Administrativa de Contratos do Hospital Universitário Lauro Wanderley da UFPB, para o e-mail: ufac.hulw-ufpb@ebserh.gov.br, tendo em conta a possível aplicação de sanções administrativas, conforme disposições contidas no Termo de Referência do Pregão Eletrônico nº 48/2021, e na Lei n º 13.303/2016 e seus regulamentos, processo administrativo nº 23536.027708/2020-17.</p><p class="data">João Pessoa/PB, 29 de agosto de 2022.</p><p class="assina">MARCELO PAULO TISSIANI</p><p></p>]]></Texto>
  </body>
  <Midias />
</article></xml>