﻿<xml><article id="27733225" name="DOC E ( FORTMED)" idOficio="9056783" pubName="DO3" artType="Extrato da Ata" pubDate="30/08/2022" artClass="00052:00015:00067:00002:00000:00000:00000:00000:00000:00000:00182:00000" artCategory="Prefeituras/Estado da Paraíba/Prefeitura Municipal de Campina Grande/Secretaria de Administração" artSize="12" artNotes="" numberPage="413" pdfPage="http://pesquisa.in.gov.br/imprensa/jsp/visualiza/index.jsp?data=30/08/2022&amp;jornal=530&amp;pagina=413" editionNumber="165" highlightType="" highlightPriority="" highlight="" highlightimage="" highlightimagename="" idMateria="19839323">
  <body>
    <Identifica><![CDATA[ EXTRATO  DE REGISTRO DE PREÇOS Nº 42/2022 - E]]></Identifica>
    <Data><![CDATA[]]></Data>
    <Ementa />
    <Titulo />
    <SubTitulo />
    <Texto><![CDATA[<p class="identifica">EXTRATO DE REGISTRO DE PREÇOS Nº 42/2022 - E</p><p>ATA DE REGISTRO DE PREÇOS PUBLICADA NA ÍNTEGRA NO SEMANÁRIO OFICIAL</p><p>MODALIDADE LICITATÓRIA: PREGÃO ELETRÔNICO Nº 39/2022. objeto a aquisição de fios cirúrgicos para atender as demandas dos hospitais: (isea, pedro i, hospital da criança, hospital municipal dr. edgley, upas e zoonoses) do município de campina grande durante doze meses. órgão gerenciador da ata: secretaria municipal de administração. licitante registrado: FORTMED COMERCIAL LTDA, inscrita no cnpj sob o nº 35.334.424/0001-77, valor global registrado: R$ 120.750,00 (Cento e vinte mil, setecentos e cinquenta reais); o valor total registrado desta ata é de R$ 120.750,00 (Cento e vinte mil, setecentos e cinquenta reais); validade da ata: 12 (doze) meses</p>]]></Texto>
  </body>
  <Midias />
</article></xml>