﻿<xml><article id="27763915" name="2022-08-29/9056647/COMPRASNETWS_" idOficio="9056647" pubName="DO3" artType="Extrato de Termo Aditivo" pubDate="30/08/2022" artClass="00013:00012:00027:00006:00003:00001:00000:00000:00000:00000:00054:00001" artCategory="Ministério da Defesa/Comando da Marinha/Diretoria-Geral do Pessoal/Diretoria de Saúde/Centro Logístico de Saúde/Laboratório Farmacêutico" artSize="12" artNotes="" numberPage="56" pdfPage="http://pesquisa.in.gov.br/imprensa/jsp/visualiza/index.jsp?data=30/08/2022&amp;jornal=530&amp;pagina=56" editionNumber="165" highlightType="" highlightPriority="" highlight="" highlightimage="" highlightimagename="" idMateria="19839176">
  <body>
    <Identifica><![CDATA[ EXTRATO DE TERMO ADITIVO Nº 11/2021 - UASG 765741]]></Identifica>
    <Data><![CDATA[]]></Data>
    <Ementa />
    <Titulo />
    <SubTitulo />
    <Texto><![CDATA[<p class="identifica">EXTRATO DE TERMO ADITIVO Nº 11/2021 - UASG 765741</p><p>Número do Contrato: 11/2021.</p><p>Nº Processo: 63071.001904/2021-71.</p><p>Inexigibilidade. Nº 6/2021. Contratante: LABORATORIO FARMACEUTICO DA MARINHA. Contratado: 33.284.522/0006-26 - JOHNSON CONTROLS-HITACHI AR CONDICIONADO DO BRASIL LTDA. Objeto: Serviço é para a realização de overhaul de dois compressores tipo parafuso (screw) modelo 60asc, que fazem parte do chiler hitachi RCU1301857846 e RCU1301857845, com a finalidade de garantir o funcionamento adequado do sistema climatização do parque fabril do Laboratório Farmacêutico da Marinha. Vigência: 25/08/2022 a 11/12/2022. Valor Total Atualizado do Contrato: R$ 143.833,06. Data de Assinatura: 25/08/2022.</p><p>(COMPRASNET 4.0 - 25/08/2022).</p>]]></Texto>
  </body>
  <Midias />
</article></xml>