﻿<xml><article id="27731558" name="Extrato de contrato de CooperaAA" idOficio="9056343" pubName="DO3" artType="Extrato de Contrato" pubDate="30/08/2022" artClass="00007:00060:00058:00000:00000:00000:00000:00000:00000:00000:00031:00000" artCategory="Ministério da Agricultura, Pecuária e Abastecimento/Empresa Brasileira de Pesquisa Agropecuária/Embrapa Mandioca e Fruticultura" artSize="12" artNotes="" numberPage="14" pdfPage="http://pesquisa.in.gov.br/imprensa/jsp/visualiza/index.jsp?data=30/08/2022&amp;jornal=530&amp;pagina=14" editionNumber="165" highlightType="" highlightPriority="" highlight="" highlightimage="" highlightimagename="" idMateria="19838599">
  <body>
    <Identifica><![CDATA[ EXTRATO DE CONTRATO]]></Identifica>
    <Data><![CDATA[]]></Data>
    <Ementa />
    <Titulo />
    <SubTitulo />
    <Texto><![CDATA[<p></p><p class="identifica">EXTRATO DE CONTRATO</p><p>Espécie: Acordo de Cooperação Técnica que entre si celebram a Embrapa/CNPMF, o Município de Itapororoca e a Lopes Empreendimentos Imobiliários Ltda. Objeto: O presente Acordo de Cooperação Técnica objetiva a integração de esforços entre as Partes para a Execução de atividades conjuntas de pesquisa científica e desenvolvimento com a finalidade de gestão de pesquisa por meio da integração de plataformas digitais, tratos culturais e manejo de pragas na fruticultura tropical. Data da Assinatura: 25/08/2022; VIGÊNCIA: 25/08/2022 a 25/08/2026; Signatários: O Chefe Geral, Francisco Ferraz Laranjeira Barbosa, e o Chefe Adjunto de Transferência e Tecnologia, Aldo Vilar Trindade pela Embrapa/CNPM, a Prefeita, Elissandra Maria Conceição de Brito pelo Município de Itapororoca e o Sócio-Proprietário, Tobias da Silveira Lopes pela Lopes Empreendimentos Imobiliários Ltda.</p>]]></Texto>
  </body>
  <Midias />
</article></xml>