﻿<xml><article id="27733765" name="EXTRATO DE CONTRATO 20223654-FMS" idOficio="9056986" pubName="DO3" artType="Extrato de Contrato" pubDate="30/08/2022" artClass="00052:00013:00106:00000:00000:00000:00000:00000:00000:00000:00031:00000" artCategory="Prefeituras/Estado do Pará/PREFEITURA MUNICIPAL DE CANAÃ DOS CARAJÁS" artSize="12" artNotes="" numberPage="394" pdfPage="http://pesquisa.in.gov.br/imprensa/jsp/visualiza/index.jsp?data=30/08/2022&amp;jornal=530&amp;pagina=394" editionNumber="165" highlightType="" highlightPriority="" highlight="" highlightimage="" highlightimagename="" idMateria="19839511">
  <body>
    <Identifica><![CDATA[ EXTRATO DE CONTRATO]]></Identifica>
    <Data><![CDATA[]]></Data>
    <Ementa />
    <Titulo />
    <SubTitulo />
    <Texto><![CDATA[<p class="identifica">EXTRATO DE CONTRATO</p><p>CONTRATO Nº: 20223654</p><p>ORIGEM: PREGÃO Nº 006/2022/FMS</p><p>CONTRATANTE: FUNDO MUNICIPAL DE SAÚDE</p><p>CONTRATADA(O): MEDPLUS HOSPITALAR COMERCIO E SERVIÇOS EIRELI,OBJETO: AQUISIÇÃO DE EQUIPAMENTOS/MATERIAIS HOSPITALARES.VALOR TOTAL: R$ 8.247,60 (oito mil, duzentos e quarenta e sete reais e sessenta centavos),o contrato encontra-se disponíveis aos interessados para consulta e baixa (download http://www.canaadoscarajas.pa.gov.br/editais</p><p>VIGÊNCIA.: 13 de Julho de 2022 a 30 de Dezembro de 2022, DATA DA ASSINATURA: 13 de Julho de 2022.</p>]]></Texto>
  </body>
  <Midias />
</article></xml>