﻿<xml><article id="27733507" name="Castelo Branco" idOficio="9056944" pubName="DO3" artType="Extrato de Termo Aditivo" pubDate="30/08/2022" artClass="00007:00060:00085:00000:00000:00000:00000:00000:00000:00000:00054:00000" artCategory="Ministério da Agricultura, Pecuária e Abastecimento/Empresa Brasileira de Pesquisa Agropecuária/Embrapa Suínos e Aves" artSize="12" artNotes="" numberPage="15" pdfPage="http://pesquisa.in.gov.br/imprensa/jsp/visualiza/index.jsp?data=30/08/2022&amp;jornal=530&amp;pagina=15" editionNumber="165" highlightType="" highlightPriority="" highlight="" highlightimage="" highlightimagename="" idMateria="19839439">
  <body>
    <Identifica><![CDATA[ Extrato de Termo Aditivo]]></Identifica>
    <Data><![CDATA[]]></Data>
    <Ementa />
    <Titulo />
    <SubTitulo />
    <Texto><![CDATA[<p></p><p class="identifica">Extrato de Termo Aditivo</p><p>Espécie: Extrato Termo Aditivo 02; Partes: Embrapa Suínos e Aves (00.348.003/0065-85), MUNICÍPIO DE PRESIDENTE CASTELO BRANCO, (82.777.244/0001-40); Objeto: Prorrogação de contrato; Fonte de recurso: Não se Aplica; Valor Global: Não se Aplica; Vigência: 12 (dose) meses; Data de assinatura: 24/08/2022; Signatários: Everton Krabbe, Chefe-Geral da Embrapa Suínos e Aves Neiva Kleemann Tonielo pela Prefeitura de Castelo Branco.</p>]]></Texto>
  </body>
  <Midias />
</article></xml>