﻿<xml><article id="27766169" name="2022-08-29/9056508/COMPRASNETWS_" idOficio="9056508" pubName="DO3" artType="Extrato de Contrato" pubDate="30/08/2022" artClass="00013:00011:00036:00012:00000:00000:00000:00000:00000:00000:00031:00001" artCategory="Ministério da Defesa/Comando do Exército/Indústria de Material Bélico do Brasil/Fábrica de Itajubá" artSize="12" artNotes="" numberPage="50" pdfPage="http://pesquisa.in.gov.br/imprensa/jsp/visualiza/index.jsp?data=30/08/2022&amp;jornal=530&amp;pagina=50" editionNumber="165" highlightType="" highlightPriority="" highlight="" highlightimage="" highlightimagename="" idMateria="19839021">
  <body>
    <Identifica><![CDATA[ EXTRATO DE CONTRATO Nº 91/2022 - UASG 168005]]></Identifica>
    <Data><![CDATA[]]></Data>
    <Ementa />
    <Titulo />
    <SubTitulo />
    <Texto><![CDATA[<p class="identifica">EXTRATO DE CONTRATO Nº 91/2022 - UASG 168005</p><p>Nº Processo: 2022/000026-FI.</p><p>Inexigibilidade Nº 26/2022. Contratante: INDUSTRIA DE MATERIAL BELICO DO BRASIL/FI.</p><p>Contratado: 09.220.921/0003-04 - NOVA PIRAMIDAL THERMOPLASTICS S.A.. Objeto: Resina termoplastica noryl.</p><p>Fundamento Legal: LEI 13.303 / 2016 - Artigo: 30. Vigência: 25/08/2022 a 25/08/2023. Valor Total: R$ 517.695,50. Data de Assinatura: 25/08/2022.</p><p>(COMPRASNET 4.0 - 26/08/2022).</p>]]></Texto>
  </body>
  <Midias />
</article></xml>