﻿<xml><article id="27732932" name="Extrato Acordo Total Biotecnolog" idOficio="9056748" pubName="DO3" artType="Extrato de Contrato" pubDate="30/08/2022" artClass="00007:00060:00060:00000:00000:00000:00000:00000:00000:00000:00031:00000" artCategory="Ministério da Agricultura, Pecuária e Abastecimento/Empresa Brasileira de Pesquisa Agropecuária/Embrapa Meio Ambiente" artSize="12" artNotes="" numberPage="14" pdfPage="http://pesquisa.in.gov.br/imprensa/jsp/visualiza/index.jsp?data=30/08/2022&amp;jornal=530&amp;pagina=14" editionNumber="165" highlightType="" highlightPriority="" highlight="" highlightimage="" highlightimagename="" idMateria="19839286">
  <body>
    <Identifica><![CDATA[ Extrato de Contrato]]></Identifica>
    <Data><![CDATA[]]></Data>
    <Ementa />
    <Titulo />
    <SubTitulo />
    <Texto><![CDATA[<p class="identifica">Extrato de Contrato</p><p>Especie: Acordo de Cooperacao Tecnica; Partes: Embrapa Meio Ambiente - CNPJ 00.348.003/0105-07; Total Biotecnologia Industria e Comercio S.A. - CNPJ 07.483.401/0001-99; Objeto: "Avaliacao dos potenciais efeitos de fungicidas em imaturos e adultos de abelhas"; Modalidade de licitacao: Nao aplicavel; Fonte de recurso: Nao se aplica; Valor global: 205.573,12; Vigencia: 12 meses</p><p>Data da assinatura: 28/08/2022. Signatarios: Dra Ana Paula Contador Packer RG 16.662.321-0 SSP/SP, Chefe Geral, pela Embrapa Meio Ambiente</p><p>Dr. Cristiano Menezes RG 10.021.943 SSP/SP, Chefe Adjunto de Transferencia de Pesquisa e Desenvolvimento, pela Embrapa Meio Ambiente</p><p>Jonas Hipolito de Assis Filho RG 34+567.671-3 SSP/SP, Diretor de Pesquisa e Desenvolvimento, pela Total biotecnologia</p><p>Robert Eugene Schaffert RNE W427157-6, Diretor Executivo, pela FAPED</p>]]></Texto>
  </body>
  <Midias />
</article></xml>