﻿<xml><article id="27733282" name="PublicaAAo DOU - ComplementaAAo" idOficio="9056823" pubName="DO3" artType="Aviso" pubDate="30/08/2022" artClass="00052:00012:00423:00000:00000:00000:00000:00000:00000:00000:00108:00000" artCategory="Prefeituras/Estado de Minas Gerais/PREFEITURA MUNICIPAL DE FELISBURGO" artSize="12" artNotes="" numberPage="376" pdfPage="http://pesquisa.in.gov.br/imprensa/jsp/visualiza/index.jsp?data=30/08/2022&amp;jornal=530&amp;pagina=376" editionNumber="165" highlightType="" highlightPriority="" highlight="" highlightimage="" highlightimagename="" idMateria="19839374">
  <body>
    <Identifica><![CDATA[AVISO DE LICITAÇÃO]]></Identifica>
    <Data><![CDATA[ Felisburgo-MG, 29 de agosto de 2022.]]></Data>
    <Ementa />
    <Titulo />
    <SubTitulo />
    <Texto><![CDATA[<p class="identifica">AVISO DE LICITAÇÃO</p><p class="identifica">PREGÃO PRESENCIAL RP nº 23/2022</p><p>PREFEITURA MUNICIPAL DE FELISBURGO Torna público o Proc. Adm. nº 076/2022, PP RP nº 023/2022, Objeto: Registro de Preço para futura e eventual aquisição de gêneros alimentícios para complementação do Programa de Alimentação Escolar. Abertura dia 13/09/2022, às 08:00hrs.</p><p>Informações na sede da Prefeitura Municipal localizado a Av. Brasil, nº 969, centro ou pelo site www.felisburgo.mg.gov.br.</p><p class="data">Felisburgo-MG, 29 de agosto de 2022.</p><p class="assina">Ideuvan de Souza Avelar</p><p class="cargo">Prefeito</p>]]></Texto>
  </body>
  <Midias />
</article></xml>