﻿<xml><article id="27733070" name="AVISO DE LICITAAAO CONCORRANCIA " idOficio="9056760" pubName="DO3" artType="Aviso de Licitação-Concorrência" pubDate="30/08/2022" artClass="00052:00010:00115:00000:00000:00000:00000:00000:00000:00000:00161:00000" artCategory="Prefeituras/Estado de Mato Grosso/Prefeitura Municipal de Novo Horizonte do Norte" artSize="12" artNotes="" numberPage="363" pdfPage="http://pesquisa.in.gov.br/imprensa/jsp/visualiza/index.jsp?data=30/08/2022&amp;jornal=530&amp;pagina=363" editionNumber="165" highlightType="" highlightPriority="" highlight="" highlightimage="" highlightimagename="" idMateria="19839299">
  <body>
    <Identifica><![CDATA[ AVISO DE LICITAÇÃO]]></Identifica>
    <Data><![CDATA[ Novo Horizonte do Norte - MT, 26 de agosto de 2022.]]></Data>
    <Ementa />
    <Titulo />
    <SubTitulo />
    <Texto><![CDATA[<p class="identifica">AVISO DE LICITAÇÃO</p><p class="identifica">CONCORRÊNCIA Nº 1/2022</p><p>Processo Licitatório 037/2022</p><p>A Prefeitura Municipal de Novo Horizonte do Norte - MT, inscrita no CNPJ sob nº 03.238.888/0001-93, localizada a Rua Augusto de Souza, nº 171, Centro, CEP 78.570-000, através do Presidente da Comissão de Licitações, nomeado pela Portaria nº 181/2022, de acordo com a Lei Federal n° 8.666/93 e alterações, torna público que fará realizar licitação na modalidade Concorrência do tipo Empreitada Por Preço Global, cujo objeto é a Construção de 48 Unidades Habitacionais em cumprimento ao Termo de Convênio 1536-2022/SINFRA, conforme edital e anexos. Entrega de envelopes e credenciamento dia 29/09/2022 das 07h30mim às 08h00mim (horário local), na sala de licitações desta prefeitura, encerrado o prazo, será dado início à sessão de abertura dos envelopes e demais procedimentos. O edital e seus anexos estão disponíveis no site oficial deste município no endereço eletrônico www.novohorizontedonorte.mt.gov.br e pode ser solicitado pelo telefone (66) 3559 1137 ou endereço de e-mail licitacao@novohorizontedonorte.mt.gov.br.</p><p class="data">Novo Horizonte do Norte - MT, 26 de agosto de 2022.</p><p class="assina">JULIANO GAMBA</p><p class="cargo">Presidente da CPL</p>]]></Texto>
  </body>
  <Midias />
</article></xml>