﻿<xml><article id="27733360" name="1A T.A. ao Contrato nA 017.PR.20" idOficio="9056840" pubName="DO3" artType="Extrato de Termo Aditivo" pubDate="30/08/2022" artClass="00023:00035:00000:00000:00000:00000:00000:00000:00000:00000:00054:00000" artCategory="Ministério de Minas e Energia/Companhia de Pesquisa de Recursos Minerais" artSize="12" artNotes="" numberPage="195" pdfPage="http://pesquisa.in.gov.br/imprensa/jsp/visualiza/index.jsp?data=30/08/2022&amp;jornal=530&amp;pagina=195" editionNumber="165" highlightType="" highlightPriority="" highlight="" highlightimage="" highlightimagename="" idMateria="19839400">
  <body>
    <Identifica><![CDATA[           EXTRATO DE TERMO ADITIVO]]></Identifica>
    <Data><![CDATA[]]></Data>
    <Ementa />
    <Titulo />
    <SubTitulo />
    <Texto><![CDATA[<p class="identifica">EXTRATO DE TERMO ADITIVO</p><p>Primeiro Termo Aditivo ao Contrato n° 17/2022, de Execução de 2 (dois) Estudos Técnicos Preparatórios para subsidiar a elaboração do Plano Nacional de Mineração 2050 (PNM 2050). - Processo sei n° 48035.002787/2022-97 - Contratada: FUNDAÇÃO GORCEIX. - O presente Termo Aditivo tem por objeto: Alterar o Diretor-Presidente da Contratante para constar no instrumento contratual a seguinte redação:"...Diretor-Presidente, PEDRO PAULO DIAS MESQUITA, economista, residente e domiciliado no Rio de Janeiro/RJ inscrito no CPF sob o nº ***.984.237-**". - Alteração da "CLÁUSULA DÉCIMA QUINTA - DOS RECURSOS", para constar no Instrumento Contratual a seguinte redação: "CLÁUSULA DÉCIMA QUINTA - DOS RECURSOS - Os recursos necessários para o pagamento das despesas objeto deste Contrato foram provisionados no orçamento da CPRM, para o exercício de 2022 na seguinte classificação: Programa de Trabalho: 174.242, Natureza da Despesa: 339039, Centro de Custo: 4991.087. - Valor Total Estimado: R$ 1.950.000,00 (um milhão novecentos e cinquenta mil reais). Permanecem inalteradas as demais Cláusulas e condições do CONTRATO ORIGINAL e de outros instrumentos não modificadas por este Termo Aditivo. - CPRM: Pedro Paulo Dias Mesquita, Diretor-Presidente, Márcio José Remédio, Diretor de Geologia e Recursos Minerais. - Contratada: Cristovam Paes de Oliveira, Presidente.</p>]]></Texto>
  </body>
  <Midias />
</article></xml>