﻿<xml><article id="27766940" name="2022-08-29/9056709/COMPRASNETWS_" idOficio="9056709" pubName="DO3" artType="Extrato de Rescisão" pubDate="30/08/2022" artClass="00015:00048:00012:00134:00000:00000:00000:00000:00000:00000:00107:00001" artCategory="Ministério da Economia/Instituto Nacional de Metrologia, Qualidade e Tecnologia/Gabinete/Comissão de Licitação" artSize="12" artNotes="" numberPage="71" pdfPage="http://pesquisa.in.gov.br/imprensa/jsp/visualiza/index.jsp?data=30/08/2022&amp;jornal=530&amp;pagina=71" editionNumber="165" highlightType="" highlightPriority="" highlight="" highlightimage="" highlightimagename="" idMateria="19839247">
  <body>
    <Identifica><![CDATA[ EXTRATO DE RESCISÃO DO CONTRATO Nº 27/2018 - UASG 183023]]></Identifica>
    <Data><![CDATA[]]></Data>
    <Ementa />
    <Titulo />
    <SubTitulo />
    <Texto><![CDATA[<p class="identifica">EXTRATO DE RESCISÃO DO CONTRATO Nº 27/2018 - UASG 183023</p><p>Nº Processo: 52600.103631/2017-71. Contratante: INSTITUTO NAC.DE METROLOG. QUALID. E TECNOLOG. Contratado: 12.966.492/0001-53 - SAVVY SERVICOS EIRELI. Objeto: Conforme Cláusula Quinta - Da Rescisão Amigável Antecipada constante no Segundo Termo Aditivo ao Contrato n.º 027/2018, a Concessionária prestou seus serviços e teve encerramento contratual com data final de 9 de março de 2022, independentemente da formalização de termo de rescisão amigável. Fundamento legal: art. 79 - inciso II da Lei 8.666/1993. Data de rescisão: 15/08/2022.</p><p>(COMPRASNET 4.0 - 26/08/2022).</p>]]></Texto>
  </body>
  <Midias />
</article></xml>