﻿<xml><article id="27733231" name="TP 168.22 - PavimentaAAo AsfAlti" idOficio="9056792" pubName="DO3" artType="Aviso de Licitação-Tomada de Preços" pubDate="30/08/2022" artClass="00052:00023:00125:00000:00000:00000:00000:00000:00000:00000:00166:00000" artCategory="Prefeituras/Estado de Santa Catarina/Prefeitura Municipal de Forquilinha" artSize="12" artNotes="" numberPage="449" pdfPage="http://pesquisa.in.gov.br/imprensa/jsp/visualiza/index.jsp?data=30/08/2022&amp;jornal=530&amp;pagina=449" editionNumber="165" highlightType="" highlightPriority="" highlight="" highlightimage="" highlightimagename="" idMateria="19839343">
  <body>
    <Identifica><![CDATA[AVISO DE LICITAÇÃO]]></Identifica>
    <Data><![CDATA[ Forquilhinha/SC, 26 de agosto de 2022.]]></Data>
    <Ementa />
    <Titulo />
    <SubTitulo />
    <Texto><![CDATA[<p class="identifica">AVISO DE LICITAÇÃO</p><p class="identifica">Tomada de Preço Nº 168/PMF/2022</p><p>OBJETIVO: A presente licitação tem por objetivo a contratação de empresa especializada para execução da pavimentação asfáltica da Rua Nossa Senhora das Graças, no Bairro Cidade alta, no Município de Forquilhinha/SC., com 136,175m, por meio do Contrato de Repasse nº. 925023/2021/MDR/CAIXA - Operação 1081817-77, firmado junto à União Federal, por intermédio do Ministério do Desenvolvimento Regional. DATA DE ABERTURA: Dia 16 de setembro de 2022 às 09:00 horas. EDITAL: Completo e demais esclarecimentos poderão ser obtidos de segunda a sexta-feira no Departamento de Compras do Município de Forquilhinha, no Paço Municipal "26 de Abril" Edifício sede da Municipalidade na Avenida 25 de julho, 3400, no horário das 07:00 as 17:00 horas, ou por e-mail: editais@forquilhinha.sc.gov.br ou http://www.forquilhinha.sc.gov.br/.</p><p class="data">Forquilhinha/SC, 26 de agosto de 2022.</p><p class="assina">NELI SEHNEM DOS SANTOS</p><p class="cargo">Presidente da Comissão de Licitação</p>]]></Texto>
  </body>
  <Midias />
</article></xml>