﻿<xml><article id="27733627" name="EXTRATO - ARP nA 97-2022 do PE S" idOficio="9056966" pubName="DO3" artType="Extrato de Registro de Preços" pubDate="30/08/2022" artClass="00026:00002:00011:00006:00000:00000:00000:00000:00000:00000:00048:00000" artCategory="Ministério da Saúde/Secretaria Executiva/Departamento de Logística em Saúde/Coordenação-Geral de Licitações e Contratos de Insumos Estratégicos para Saúde" artSize="12" artNotes="" numberPage="203" pdfPage="http://pesquisa.in.gov.br/imprensa/jsp/visualiza/index.jsp?data=30/08/2022&amp;jornal=530&amp;pagina=203" editionNumber="165" highlightType="" highlightPriority="" highlight="" highlightimage="" highlightimagename="" idMateria="19839474">
  <body>
    <Identifica><![CDATA[ EXTRATO  DE REGISTRO DE PREÇOS]]></Identifica>
    <Data><![CDATA[]]></Data>
    <Ementa />
    <Titulo />
    <SubTitulo />
    <Texto><![CDATA[<p></p><p class="identifica">EXTRATO DE REGISTRO DE PREÇOS</p><p>Espécie: Ata de Registro de Preços nº 97/2022 - Pregão Eletrônico - SRP n. º 64/2022; Processo de Execução: 25000.118639/2022-95.</p><p /><p></p><table><tr /><tr><td rowspan="1" colspan="1"><p>Item</p></td><td rowspan="1" colspan="1"><p>Descrição</p><p>do</p><p>Objeto</p></td><td rowspan="1" colspan="1"><p>Unidade</p><p>de</p><p>Fornecimento</p></td><td rowspan="1" colspan="1"><p>Quantidade</p></td><td rowspan="1" colspan="1"><p>Preço</p><p>Unitário</p><p>(R$)</p></td><td rowspan="1" colspan="1"><p>Preço</p><p>Total</p><p>(R$)</p></td></tr><tr><td rowspan="1" colspan="1"><p>27</p></td><td rowspan="1" colspan="1"><p>Seringa, Polipropileno, 10 ml, Bico Central Luer Lock ou Slip, Êmbolo de Borracha, Graduada</p></td><td rowspan="1" colspan="1"><p>Unidade</p></td><td rowspan="1" colspan="1"><p>675.000</p></td><td rowspan="1" colspan="1"><p>0,34</p></td><td rowspan="1" colspan="1"><p>229.500,00</p></td></tr><tr><td rowspan="1" colspan="1"><p>29</p></td><td rowspan="1" colspan="1"><p>Seringa, Polipropileno, 5 ml, Bico Central Luer Lock ou Slip, Êmbolo de Borracha, Graduada</p></td><td rowspan="1" colspan="1"><p>Unidade</p></td><td rowspan="1" colspan="1"><p>1.086.000</p></td><td rowspan="1" colspan="1"><p>0,21</p></td><td rowspan="1" colspan="1"><p>228.060,00</p></td></tr></table><p></p><p>Partes: DLOG/SE/MINISTÉRIO DA SAÚDE X SALDANHA RODRIGUES LTDA. Vigência: 25.08.2022 a 25.08.2023</p><p></p>]]></Texto>
  </body>
  <Midias />
</article></xml>