﻿<xml><article id="27733216" name="011.2022 PE" idOficio="9056818" pubName="DO3" artType="Aviso de Licitação" pubDate="30/08/2022" artClass="00052:00018:00150:00000:00000:00000:00000:00000:00000:00000:00081:00000" artCategory="Prefeituras/Estado do Rio Grande do Norte/Prefeitura Municipal de São Francisco do Oeste" artSize="12" artNotes="" numberPage="430" pdfPage="http://pesquisa.in.gov.br/imprensa/jsp/visualiza/index.jsp?data=30/08/2022&amp;jornal=530&amp;pagina=430" editionNumber="165" highlightType="" highlightPriority="" highlight="" highlightimage="" highlightimagename="" idMateria="19839369">
  <body>
    <Identifica><![CDATA[ AVISO DE LICITAÇÃO ]]></Identifica>
    <Data><![CDATA[ São Francisco do Oeste - RN, 29 de agosto de 2022.]]></Data>
    <Ementa />
    <Titulo />
    <SubTitulo />
    <Texto><![CDATA[<p class="identifica">AVISO DE LICITAÇÃO</p><p class="identifica">PREGÃO ELETRÔNICO Nº 11/2022</p><p>Aquisição de medicamentos, destinado a suprir as necessidades do Centro de Saúde Francisca Emília Leite através do convênio estadual 12/2020, conforme especificações e quantitativos constantes do Anexo I do Edital, o certame será as 09h00min do dia 13 de setembro de 2022.</p><p>O Edital e seus anexos encontram-se à disposição dos interessados no site da Prefeitura Municipal de São Francisco do Oeste, endereço: www.saofranciscodooeste.rn.gov.br e no site http://www.portaldecompraspublicas.com.br, a partir da publicação deste Aviso.</p><p class="data">São Francisco do Oeste - RN, 29 de agosto de 2022.</p><p class="assina">João Paulo Ferreira de Moraes</p><p class="cargo">Pregoeiro</p>]]></Texto>
  </body>
  <Midias />
</article></xml>