﻿<xml><article id="27733429" name="EXTRATO DE ATA RP = DOU - Sistem" idOficio="9056920" pubName="DO3" artType="Extrato de Registro de Preços" pubDate="30/08/2022" artClass="00052:00012:00904:00000:00000:00000:00000:00000:00000:00000:00048:00000" artCategory="Prefeituras/Estado de Minas Gerais/PREFEITURA MUNICIPAL DE SANTA RITA DO SAPUCAÍ" artSize="12" artNotes="" numberPage="387" pdfPage="http://pesquisa.in.gov.br/imprensa/jsp/visualiza/index.jsp?data=30/08/2022&amp;jornal=530&amp;pagina=387" editionNumber="165" highlightType="" highlightPriority="" highlight="" highlightimage="" highlightimagename="" idMateria="19839421">
  <body>
    <Identifica><![CDATA[ EXTRATO DE REGISTRO DE PREÇOS]]></Identifica>
    <Data><![CDATA[]]></Data>
    <Ementa />
    <Titulo />
    <SubTitulo />
    <Texto><![CDATA[<p class="identifica">EXTRATO DE REGISTRO DE PREÇOS</p><p>Extrato da Ata de Registro de Preços N.º 063/2022, oriunda do Processo Licitatório PRC N.º 139/2022, na modalidade PREGÃO ELETRÔNICO Nº. 063/2022, cujo objeto é a contratação de empresa especializada para modernização do SISTEMA SEMAFÓRICO, sob responsabilidade do Município de Santa Rita Do Sapucaí/MG, com fornecimento de peças, materiais, mão de obra equipamentos necessários. Vigência da Ata de RP: 26/08/2022 a 25/08/2023. Registrada: CONTRANSIN INDUSTRIA E COMERCIO LTDA. Valor: R$ 776.827,68. Valor Global do Processo: R$ 776.827,68. Íntegra disponível em: www.pmsrs.mg.gov.br.</p>]]></Texto>
  </body>
  <Midias />
</article></xml>