﻿<xml><article id="27758978" name="2022-08-29/9056942/COMPRASNETWS_" idOficio="9056942" pubName="DO3" artType="Extrato de Termo Aditivo" pubDate="30/08/2022" artClass="00022:00040:00061:00000:00000:00000:00000:00000:00000:00000:00054:00001" artCategory="Ministério do Meio Ambiente/Instituto Brasileiro do Meio Ambiente e dos Recursos Naturais Renováveis/Superintendência no Ceará" artSize="12" artNotes="" numberPage="191" pdfPage="http://pesquisa.in.gov.br/imprensa/jsp/visualiza/index.jsp?data=30/08/2022&amp;jornal=530&amp;pagina=191" editionNumber="165" highlightType="" highlightPriority="" highlight="" highlightimage="" highlightimagename="" idMateria="19839437">
  <body>
    <Identifica><![CDATA[ EXTRATO DE TERMO ADITIVO Nº 2/2022 - UASG 193104]]></Identifica>
    <Data><![CDATA[]]></Data>
    <Ementa />
    <Titulo />
    <SubTitulo />
    <Texto><![CDATA[<p class="identifica">EXTRATO DE TERMO ADITIVO Nº 2/2022 - UASG 193104</p><p>Número do Contrato: 3/2020.</p><p>Nº Processo: 02007.003485/2019-77.</p><p>Pregão. Nº 3/2020. Contratante: IBAMA - SUPERINTENDENCIA DO CEARA/CE. Contratado: 63.303.267/0001-78 - RADIO TAXI CAPITAL FORTALEZA LTDA - EPP. Objeto: Prorrogar o prazo da vigência do contrato nº 03/2020, por 12 (doze) meses, contemplando-se, nesta ocasião, o período de 01/10/2022 a 01/10/2023, nos termos do art. 57, (ii), da lei n.º 8.666, de 1993.. Vigência: 01/10/2022 a 01/10/2023. Valor Total Atualizado do Contrato: R$ 103.260,84. Data de Assinatura: 25/08/2022.</p><p>(COMPRASNET 4.0 - 25/08/2022).</p>]]></Texto>
  </body>
  <Midias />
</article></xml>