﻿<xml><article id="27733747" name="Extrato 3082022" idOficio="9056980" pubName="DO3" artType="Extrato de Contrato" pubDate="30/08/2022" artClass="00052:00014:00446:00000:00000:00000:00000:00000:00000:00000:00031:00000" artCategory="Prefeituras/Estado do Paraná/Prefeitura Municipal de Tibagi" artSize="12" artNotes="" numberPage="411" pdfPage="http://pesquisa.in.gov.br/imprensa/jsp/visualiza/index.jsp?data=30/08/2022&amp;jornal=530&amp;pagina=411" editionNumber="165" highlightType="" highlightPriority="" highlight="" highlightimage="" highlightimagename="" idMateria="19839502">
  <body>
    <Identifica><![CDATA[ EXTRATO DE CONTRATO]]></Identifica>
    <Data><![CDATA[]]></Data>
    <Ementa />
    <Titulo />
    <SubTitulo />
    <Texto><![CDATA[<p class="identifica">EXTRATO DE CONTRATO</p><p>Contrato 308/2022</p><p>Partes: Município de Tibagi/PR e Roberto Cesar Schmitz; Pregão Eletrônico 114/2022; Objeto: aquisição de equipamentos agrícolas; Valor R$ 155.790,00; Dotação 09.001.020.606.1201.2033.34490524000 - Vínculos 825; Prazo de vigências 365 dias; Assinatura 23/08/2022.</p>]]></Texto>
  </body>
  <Midias />
</article></xml>