﻿<xml><article id="27761564" name="2022-08-27/8706178/COMPRASNETWS_" idOficio="8706178" pubName="DO3" artType="Extrato de Termo Aditivo" pubDate="30/08/2022" artClass="00019:00037:00099:00000:00000:00000:00000:00000:00000:00000:00054:00001" artCategory="Ministério da Infraestrutura/Departamento Nacional de Infraestrutura de Transportes/Superintendência Regional na Paraíba" artSize="12" artNotes="" numberPage="178" pdfPage="http://pesquisa.in.gov.br/imprensa/jsp/visualiza/index.jsp?data=30/08/2022&amp;jornal=530&amp;pagina=178" editionNumber="165" highlightType="" highlightPriority="" highlight="" highlightimage="" highlightimagename="" idMateria="18537516">
  <body>
    <Identifica><![CDATA[ EXTRATO DE TERMO ADITIVO Nº 1/2022 - UASG 393017]]></Identifica>
    <Data><![CDATA[]]></Data>
    <Ementa />
    <Titulo />
    <SubTitulo />
    <Texto><![CDATA[<p class="identifica">EXTRATO DE TERMO ADITIVO Nº 1/2022 - UASG 393017</p><p>Número do Contrato: 431/2021.</p><p>Nº Processo: 50613.000064/2021-11.</p><p>Pregão. Nº 113/2021. Contratante: SUPERINTENDENCIA REG. NO ESTADO PB - DNIT. Contratado: 23.370.473/0001-86 - GLAD SERVICO DE SEGURANCA PRIVADA EIRELI. Objeto: Prorrogação da vigência contratual por um período de até 90 (noventa) dias consecutivos, até a conclusão do procedimento licitatório para a nova contratação, podendo o contrato ser rescindido unilateralmente ante a conclusão do procedimento licitatório, a fim de evitar duplicidade de contratos com o mesmo objeto.. Vigência: 25/08/2022 a 29/11/2022. Valor Total Atualizado do Contrato: R$ 609.044,39. Data de Assinatura: 25/08/2022.</p><p>(COMPRASNET 4.0 - 25/08/2022).</p>]]></Texto>
  </body>
  <Midias />
</article></xml>