﻿<xml><article id="27766829" name="2022-08-28/9056485/COMPRASNETWS_" idOficio="9056485" pubName="DO3" artType="Extrato de Termo Aditivo" pubDate="30/08/2022" artClass="00027:00051:00091:00000:00000:00000:00000:00000:00000:00000:00054:00001" artCategory="Ministério do Trabalho e Previdência/Instituto Nacional do Seguro Social/Superintendência Regional Norte/Centro-Oeste" artSize="12" artNotes="" numberPage="233" pdfPage="http://pesquisa.in.gov.br/imprensa/jsp/visualiza/index.jsp?data=30/08/2022&amp;jornal=530&amp;pagina=233" editionNumber="165" highlightType="" highlightPriority="" highlight="" highlightimage="" highlightimagename="" idMateria="19838950">
  <body>
    <Identifica><![CDATA[ EXTRATO DE TERMO ADITIVO Nº 2/2022 - UASG 510678]]></Identifica>
    <Data><![CDATA[]]></Data>
    <Ementa />
    <Titulo />
    <SubTitulo />
    <Texto><![CDATA[<p class="identifica">EXTRATO DE TERMO ADITIVO Nº 2/2022 - UASG 510678</p><p>Número do Contrato: 42/2022.</p><p>Nº Processo: 35014.026500/2022-11.</p><p>Dispensa. Nº 6/2022. Contratante: SUPERINTENDENCIA REGIONAL NORTE/CENTRO-OESTE. Contratado: 02.282.727/0001-34 - ZEPIM SEGURANCA E VIGILNCIA EIRELI. Objeto: Prorrogação da vigência do contrato nº 42/2022 por mais 12 (doze) meses compreendendo o período de 28.08.22 a 28.08.2023.. Vigência: 28/08/2022 a 28/08/2023. Valor Total Atualizado do Contrato: R$ 4.103.261,16. Data de Assinatura: 23/08/2022.</p><p>(COMPRASNET 4.0 - 23/08/2022).</p>]]></Texto>
  </body>
  <Midias />
</article></xml>