﻿<xml><article id="27733237" name="PE 20220128" idOficio="9056787" pubName="DO3" artType="Aviso" pubDate="30/08/2022" artClass="00051:00007:00001:00000:00000:00000:00000:00000:00000:00000:00108:00000" artCategory="Governo do Estado/Governo do Estado do Ceará/Casa Civil" artSize="12" artNotes="" numberPage="308" pdfPage="http://pesquisa.in.gov.br/imprensa/jsp/visualiza/index.jsp?data=30/08/2022&amp;jornal=530&amp;pagina=308" editionNumber="165" highlightType="" highlightPriority="" highlight="" highlightimage="" highlightimagename="" idMateria="19839332">
  <body>
    <Identifica><![CDATA[ AVISO DE LICITAÇÃO]]></Identifica>
    <Data><![CDATA[ Fortaleza/CE, 23 de Agosto de 2022   ]]></Data>
    <Ementa />
    <Titulo />
    <SubTitulo />
    <Texto><![CDATA[<p class="identifica">AVISO DE LICITAÇÃO</p><p class="identifica">PREGÃO ELETRÔNICO Nº 20220128</p><p>A Secretaria da Casa Civil torna público o Pregão Eletrônico Nº 20220128 de interesse da Companhia de Água e Esgoto do Ceará - CAGECE, cujo OBJETO é: Registro de Preço para futuras e eventuais aquisições de prémoldados, conforme especificações contidas no Edital e seus Anexos. RECEBIMENTO DAS PROPOSTAS VIRTUAIS: No endereço www.comprasnet.gov.br, através do Nº 14172022, até o dia 12/09/2022, às 9h (Horário de Brasília-DF). OBTENÇÃO DO EDITAL: No endereço eletrônico acima ou no site www.seplag.ce.gov.br</p><p class="data">Fortaleza/CE, 23 de Agosto de 2022</p><p class="assina">VALDA FARIAS MAGALHÃES</p><p class="cargo">Pregoeira</p>]]></Texto>
  </body>
  <Midias />
</article></xml>