﻿<xml><article id="27732371" name="ITACARE 30 08 22" idOficio="9056690" pubName="DO3" artType="Aviso de Licitação-Pregão" pubDate="30/08/2022" artClass="00052:00005:00237:00000:00000:00000:00000:00000:00000:00000:00164:00000" artCategory="Prefeituras/Estado da Bahia/Prefeitura Municipal de Itacaré" artSize="12" artNotes="" numberPage="331" pdfPage="http://pesquisa.in.gov.br/imprensa/jsp/visualiza/index.jsp?data=30/08/2022&amp;jornal=530&amp;pagina=331" editionNumber="165" highlightType="" highlightPriority="" highlight="" highlightimage="" highlightimagename="" idMateria="19839221">
  <body>
    <Identifica><![CDATA[ AVISO DE LICITAÇÃO]]></Identifica>
    <Data><![CDATA[]]></Data>
    <Ementa />
    <Titulo />
    <SubTitulo />
    <Texto><![CDATA[<p class="identifica">AVISO DE LICITAÇÃO</p><p class="identifica">PREGÃO ELETRONICO nº 20/2022</p><p>PA 197/2022 - LICITAÇÃOI Nº 959145 WWW.LICITACOES-E.COM.BR</p><p>CONTRATAÇÃO DE EMPRESA PARA PRESTAÇÃO DE SERVIÇOS DE LOCAÇÃO DE CAMINHÃO ROLL-ON ROLL-OFF ACOMPANHADO DE REBOQUE JULIETA E 4(QUATRO) CONTEINERS, COM MOTORISTA, destinado ao transporte de resíduos sólidos da estação de transbordo do município de Itacaré até o aterro sanitário.</p><p class="assina">À COMISSÃO</p>]]></Texto>
  </body>
  <Midias />
</article></xml>