﻿<xml><article id="27732347" name="PE 0073-2022" idOficio="9056587" pubName="DO3" artType="Aviso de Licitação" pubDate="30/08/2022" artClass="00052:00023:00096:00000:00000:00000:00000:00000:00000:00000:00081:00000" artCategory="Prefeituras/Estado de Santa Catarina/Prefeitura Municipal de Capinzal" artSize="12" artNotes="" numberPage="448" pdfPage="http://pesquisa.in.gov.br/imprensa/jsp/visualiza/index.jsp?data=30/08/2022&amp;jornal=530&amp;pagina=448" editionNumber="165" highlightType="" highlightPriority="" highlight="" highlightimage="" highlightimagename="" idMateria="19839103">
  <body>
    <Identifica><![CDATA[aviso de licitação]]></Identifica>
    <Data><![CDATA[ Capinzal/SC, 26 de agosto de 2022.]]></Data>
    <Ementa />
    <Titulo />
    <SubTitulo />
    <Texto><![CDATA[<p></p><p class="identifica">aviso de licitação</p><p class="identifica">PREGÃO ELETRÔNICO Nº 73/2022</p><p>PROCESSO LICITATÓRIO N. 0129/2022</p><p>PREGÃO ELETRÔNICO N. 0073/2022</p><p>Objeto: Aquisição de Livros de Literatura Infantil, Infanto-Juvenil e Adulta para alunos da Educação Infantil, Ensino Fundamental e Biblioteca Pública Municipal Vereador Rolindo Casagrande. Com Recursos Próprios/Ordinários e Salário Educação.</p><p>ABERTURA DA SESSÃO: 12/09/2022.</p><p>TIPO: Menor Preço</p><p>INFORMAÇÕES DO EDITAL No sítio: www.capinzal.sc.gov.br e www.portaldecompraspublicas.com.br</p><p class="data">Capinzal/SC, 26 de agosto de 2022.</p><p class="assina">VERANICE MARIA LOVATEL</p><p class="cargo">Secretária Competente</p><p></p>]]></Texto>
  </body>
  <Midias />
</article></xml>