﻿<xml><article id="27732863" name="Ext. Pub. 1A TA ao CT 065-20" idOficio="7856178" pubName="DO3" artType="Extrato de Termo Aditivo" pubDate="30/08/2022" artClass="00047:00016:00000:00000:00000:00000:00000:00000:00000:00000:00054:00000" artCategory="Poder Judiciário/Tribunal Regional Eleitoral da Bahia" artSize="12" artNotes="" numberPage="260" pdfPage="http://pesquisa.in.gov.br/imprensa/jsp/visualiza/index.jsp?data=30/08/2022&amp;jornal=530&amp;pagina=260" editionNumber="165" highlightType="" highlightPriority="" highlight="" highlightimage="" highlightimagename="" idMateria="16187516">
  <body>
    <Identifica><![CDATA[ EXTRATO DE TERMO ADITIVO]]></Identifica>
    <Data><![CDATA[]]></Data>
    <Ementa />
    <Titulo />
    <SubTitulo />
    <Texto><![CDATA[<p class="identifica">EXTRATO DE TERMO ADITIVO</p><p>Primeiro Termo Aditivo ao Contrato n.º 065/2020, firmado entre o Tribunal Regional Eleitoral da Bahia e o Espólio de Jurandi Nascimento Café, representado pela inventariante Eliane de Oliveira Café. OBJETO: Alteração de parte locadora. FUNDAMENTO LEGAL: Artigo 54, da Lei n.º 8.666/93. Processo SEI: 0013229-46.2022.6.05.8202. ASSINATURA: 25/08/2022. SIGNATÁRIOS: Raimundo de Campos Vieira, pelo TRE/BA, e a Sra. Eliane de Oliveira Café, pela parte locadora.</p>]]></Texto>
  </body>
  <Midias />
</article></xml>