﻿<xml><article id="27732719" name="PregaIo EletroInico n. 59-2022" idOficio="9056668" pubName="DO3" artType="Aviso de Licitação" pubDate="30/08/2022" artClass="00050:09252:00028:00000:00000:00000:00000:00000:00000:00000:00081:00000" artCategory="Ineditoriais/Serviço Nacional de Aprendizagem Comercial/Administração Nacional" artSize="12" artNotes="" numberPage="299" pdfPage="http://pesquisa.in.gov.br/imprensa/jsp/visualiza/index.jsp?data=30/08/2022&amp;jornal=530&amp;pagina=299" editionNumber="165" highlightType="" highlightPriority="" highlight="" highlightimage="" highlightimagename="" idMateria="19839197">
  <body>
    <Identifica><![CDATA[ AVISO DE LICITAÇÃO]]></Identifica>
    <Data><![CDATA[]]></Data>
    <Ementa />
    <Titulo />
    <SubTitulo />
    <Texto><![CDATA[<p class="identifica">AVISO DE LICITAÇÃO</p><p class="identifica">Pregão Eletrônico nº 59/2022</p><p>Objeto: Aquisição de veículo de carga. Início da Sessão de Disputa: dia 09.09.2022, às 15h, no site www.licitacoes-e.com.br, sob o número de consulta 951621. Os interessados deverão credenciar-se no provedor do sistema "Licitações-e", na página eletrônica do Banco do Brasil S/A.</p><p>Todos os documentos também ficarão disponíveis no site https://transparencia.senac.br/#/dn/licitacoes ou poderão ser retirados na Sede do Senac, situada na Av. Ayrton Senna, 5.555 - Jacarepaguá - Rio de Janeiro - RJ - CEP 22775-004.</p><p class="assina">COSME OLIVEIRA</p><p class="cargo">Gerente de Aquisição</p>]]></Texto>
  </body>
  <Midias />
</article></xml>