﻿<xml><article id="27733177" name="Aviso de LicitaAAo PregAo Presen" idOficio="9056800" pubName="DO3" artType="Aviso de Licitação-Pregão" pubDate="30/08/2022" artClass="00052:00012:00567:00000:00000:00000:00000:00000:00000:00000:00164:00000" artCategory="Prefeituras/Estado de Minas Gerais/PREFEITURA MUNICIPAL DE JAPONVAR" artSize="12" artNotes="" numberPage="380" pdfPage="http://pesquisa.in.gov.br/imprensa/jsp/visualiza/index.jsp?data=30/08/2022&amp;jornal=530&amp;pagina=380" editionNumber="165" highlightType="" highlightPriority="" highlight="" highlightimage="" highlightimagename="" idMateria="19839351">
  <body>
    <Identifica><![CDATA[ AVISOs DE LICITAÇÃO]]></Identifica>
    <Data><![CDATA[]]></Data>
    <Ementa />
    <Titulo />
    <SubTitulo />
    <Texto><![CDATA[<p></p><p class="identifica">AVISOs DE LICITAÇÃO</p><p class="identifica">PREGÃO PRESENCIAL N° 22/2022</p><p>Processo Licitatório nº. 083/2022</p><p>Objeto: Registro de Preços para aquisição de utensílios de cozinha para atender as necessidades das Secretarias deste Município, conforme detalhado no Edital. Abertura: 12/09/2022 às 08:00 horas. Tipo: Menor Preço. Critério de Julgamento: Por Item. Informações: tel.: (38) 9 9724-7676, e-mail: japonvarlicitacao@gmail.com. Welson Gonçalves da Silva - Prefeito Municipal.</p><p class="identifica">PREGÃO PRESENCIAL Nº 23/2022</p><p>Processo Licitatório nº. 084/2022</p><p>Objeto: Registro de Preços para aquisição de Materiais de Limpeza, Produtos de Higiene e Correlatos, conforme detalhado no Edital. Abertura: 12/09/2022 às 13:00 horas. Tipo: Menor Preço. Critério de Julgamento: Por Item. Informações: tel.: (38) 9 9724-7676, e-mail: japonvarlicitacao@gmail.com.</p><p></p><p class="assina">Welson Gonçalves da Silva</p><p class="cargo">Prefeito</p>]]></Texto>
  </body>
  <Midias />
</article></xml>