﻿<xml><article id="27732644" name="00200" idOficio="9056753" pubName="DO3" artType="Edital" pubDate="30/08/2022" artClass="00018:00066:00000:00000:00000:00000:00000:00000:00000:00000:00057:00000" artCategory="Ministério da Educação/Instituto Federal de Educação, Ciência e Tecnologia do Piauí" artSize="12" artNotes="" numberPage="108" pdfPage="http://pesquisa.in.gov.br/imprensa/jsp/visualiza/index.jsp?data=30/08/2022&amp;jornal=530&amp;pagina=108" editionNumber="165" highlightType="" highlightPriority="" highlight="" highlightimage="" highlightimagename="" idMateria="19839291">
  <body>
    <Identifica><![CDATA[ EDITAL Nº 14/GDG/DG-ANGICAL/CAANG/IFPI, de 26 de agosto de 2022]]></Identifica>
    <Data><![CDATA[]]></Data>
    <Ementa />
    <Titulo />
    <SubTitulo />
    <Texto><![CDATA[<p class="identifica">EDITAL Nº 14/GDG/DG-ANGICAL/CAANG/IFPI, de 26 de agosto de 2022</p><p>Homologação do Resultado Final da CHAMADA PÚBLICA 01/2022 referente ao Processo de Aquisição de Gêneros Alimentícios pelo PNAE.</p><p>O INSTITUTO FEDERAL DE EDUCAÇÃO, CIÊNCIA E TECNOLOGIA DO PIAUÍ, CAMPUS ANGICAL DO</p><p>PIAUÍ, através da Comissão Local, Organizadora do Processo de Aquisição de Gêneros Alimentícios pelo PNAE, torna público e homologa, o Resultado Final da CHAMADA PÚBLICA Nº 01/2022:</p><p /><p></p><table><tr /><tr><td rowspan="1" colspan="1"><p>FORNECEDORES GRUPO INFORMAL</p></td><td rowspan="1" colspan="1"><p>CPF</p></td></tr><tr><td rowspan="1" colspan="1"><p>LEUDELENE MARIA RAMOS SILVA</p></td><td rowspan="1" colspan="1"><p>641.970.853-20</p></td></tr><tr><td rowspan="1" colspan="1"><p>IGOR THIAGO FERREIRA DE SOUSA</p></td><td rowspan="1" colspan="1"><p>003.022.773-90</p></td></tr></table><p class="assina">ROGÉRIO SOUSA AZEVEDO</p><p class="cargo">Diretor-Geral</p>]]></Texto>
  </body>
  <Midias />
</article></xml>