﻿<xml><article id="27762613" name="2022-08-28/9056378/COMPRASNETWS_" idOficio="9056378" pubName="DO3" artType="Extrato de Rescisão" pubDate="30/08/2022" artClass="00018:00098:00000:00000:00000:00000:00000:00000:00000:00000:00107:00001" artCategory="Ministério da Educação/Universidade Federal de Juiz de Fora" artSize="12" artNotes="" numberPage="120" pdfPage="http://pesquisa.in.gov.br/imprensa/jsp/visualiza/index.jsp?data=30/08/2022&amp;jornal=530&amp;pagina=120" editionNumber="165" highlightType="" highlightPriority="" highlight="" highlightimage="" highlightimagename="" idMateria="19838738">
  <body>
    <Identifica><![CDATA[ EXTRATO DE RESCISÃO DO CONTRATO Nº 46/2019 - UASG 153061]]></Identifica>
    <Data><![CDATA[]]></Data>
    <Ementa />
    <Titulo />
    <SubTitulo />
    <Texto><![CDATA[<p class="identifica">EXTRATO DE RESCISÃO DO CONTRATO Nº 46/2019 - UASG 153061</p><p>Nº Processo: 23071.010293/2019-13. Contratante: UNIVERSIDADE FEDERAL DE JUIZ DE FORA. Contratado: 84.683.556/0001-10 - KAVO DO BRASIL INDUSTRIA E COMERCIO LTDA. Objeto: Rescisão amigável do contrato de prestação de serviços nº 46/2019, a partir de 25.08.2022. Fundamento Legal: LEI 8.666 / 1993 - Artigo: 79 - Inciso: II. Data de Rescisão: 25/08/2022.</p><p>(COMPRASNET 4.0 - 28/08/2022).</p>]]></Texto>
  </body>
  <Midias />
</article></xml>