﻿<xml><article id="27732623" name="PE_54-22-FONES-DE-OUVIDO" idOficio="9056739" pubName="DO3" artType="Aviso de Homologação" pubDate="30/08/2022" artClass="00047:00025:00000:00000:00000:00000:00000:00000:00000:00000:00077:00000" artCategory="Poder Judiciário/Tribunal Regional Eleitoral do Pará" artSize="12" artNotes="" numberPage="263" pdfPage="http://pesquisa.in.gov.br/imprensa/jsp/visualiza/index.jsp?data=30/08/2022&amp;jornal=530&amp;pagina=263" editionNumber="165" highlightType="" highlightPriority="" highlight="" highlightimage="" highlightimagename="" idMateria="19839277">
  <body>
    <Identifica><![CDATA[ AVISO DE HOMOLOGAÇÃO]]></Identifica>
    <Data><![CDATA[]]></Data>
    <Ementa />
    <Titulo />
    <SubTitulo />
    <Texto><![CDATA[<p class="identifica">AVISO DE HOMOLOGAÇÃO</p><p class="identifica">pregão eletrônico nº 54/2022</p><p>O TRE/PA torna pública a homologação do pregão eletrônico nº 54/2022 (REGISTRO DE PREÇOS DE FONES DE OUVIDO para promover acessibilidade nas seções eleitorais durante a votação, de acordo com as características mínimas descritas no Anexo I - Termo de Referência), pelo valor global de R$ 83.600,00.</p><p class="assina">FELIPE HOUAT DE BRITO</p><p class="cargo">Diretor-Geral</p>]]></Texto>
  </body>
  <Midias />
</article></xml>