﻿<xml><article id="27759681" name="2022-08-28/9056373/COMPRASNETWS_" idOficio="9056373" pubName="DO3" artType="Extrato de Termo Aditivo" pubDate="30/08/2022" artClass="00018:00098:00000:00000:00000:00000:00000:00000:00000:00000:00054:00001" artCategory="Ministério da Educação/Universidade Federal de Juiz de Fora" artSize="12" artNotes="" numberPage="120" pdfPage="http://pesquisa.in.gov.br/imprensa/jsp/visualiza/index.jsp?data=30/08/2022&amp;jornal=530&amp;pagina=120" editionNumber="165" highlightType="" highlightPriority="" highlight="" highlightimage="" highlightimagename="" idMateria="19838717">
  <body>
    <Identifica><![CDATA[ EXTRATO DE TERMO ADITIVO Nº 2/2022 - UASG 153061]]></Identifica>
    <Data><![CDATA[]]></Data>
    <Ementa />
    <Titulo />
    <SubTitulo />
    <Texto><![CDATA[<p class="identifica">EXTRATO DE TERMO ADITIVO Nº 2/2022 - UASG 153061</p><p>Número do Contrato: 43/2021.</p><p>Nº Processo: 23071.002875/2021-41.</p><p>Pregão. Nº 7/2021. Contratante: UNIVERSIDADE FEDERAL DE JUIZ DE FORA. Contratado: 05.069.154/0001-53 - GLOBALTECH BRASIL EIRELI. Objeto: Prorrogação do prazo de vigência do contrato por 4 (quatro) meses, compreendendo o período de 01.09.2022 a 31.12.2022. Vigência: 01/09/2022 a 31/12/2022. Valor Total Atualizado do Contrato (para 04 meses): R$ 1.190.761,36. Data de Assinatura: 25/08/2022.</p><p>(COMPRASNET 4.0 - 25/08/2022).</p>]]></Texto>
  </body>
  <Midias />
</article></xml>