﻿<xml><article id="27765872" name="2022-08-29/9056655/COMPRASNETWS_" idOficio="9056655" pubName="DO3" artType="Extrato de Termo Aditivo" pubDate="30/08/2022" artClass="00006:00009:00012:00019:00000:00000:00000:00000:00000:00000:00054:00001" artCategory="Presidência da República/Advocacia-Geral da União/Secretaria-Geral de Administração/Superintendência Regional de Administração 4ª Região" artSize="12" artNotes="" numberPage="2" pdfPage="http://pesquisa.in.gov.br/imprensa/jsp/visualiza/index.jsp?data=30/08/2022&amp;jornal=530&amp;pagina=2" editionNumber="165" highlightType="" highlightPriority="" highlight="" highlightimage="" highlightimagename="" idMateria="19839184">
  <body>
    <Identifica><![CDATA[ EXTRATO DE TERMO ADITIVO Nº 1/2022 - UASG 110097]]></Identifica>
    <Data><![CDATA[]]></Data>
    <Ementa />
    <Titulo />
    <SubTitulo />
    <Texto><![CDATA[<p class="identifica">EXTRATO DE TERMO ADITIVO Nº 1/2022 - UASG 110097</p><p>Número do Contrato: 3/2020.</p><p>Nº Processo: 00588.002086/2019-70.</p><p>Dispensa. Nº 20/2020. Contratante: SUPERINTENDENCIA ADMINISTRACAO NO RIO G. SUL. Contratado: 92.610.187/0001-63 - CONSTRU ESSE EMPREENDIMENTOS IMOBILIARIOS LTDA. Objeto: Suprimir as áreas da Procuradoria Seccional Federal em Caxias do Sul, localizadas no 3º andar do Edifício Centro Executivo João Paulo II, juntamente com as respectivas 10 vagas de estacionamento, o que representa uma redução de 50% (cinquenta por cento) do valor inicial do contrato. Vigência: 05/09/2022 a 14/04/2025. Valor Total Atualizado do Contrato: R$ 120.089,64/ano. Data de Assinatura: 22/08/2022.</p><p>(COMPRASNET 4.0 - 22/08/2022).</p>]]></Texto>
  </body>
  <Midias />
</article></xml>