﻿<xml><article id="27766229" name="2022-08-29/9056663/COMPRASNETWS_" idOficio="9056663" pubName="DO3" artType="Retificação" pubDate="30/08/2022" artClass="00018:00065:00004:00000:00000:00000:00000:00000:00000:00000:00128:00001" artCategory="Ministério da Educação/Instituto Federal de Educação, Ciência e Tecnologia de Pernambuco/Campus Barreiros" artSize="12" artNotes="" numberPage="107" pdfPage="http://pesquisa.in.gov.br/imprensa/jsp/visualiza/index.jsp?data=30/08/2022&amp;jornal=530&amp;pagina=107" editionNumber="165" highlightType="" highlightPriority="" highlight="" highlightimage="" highlightimagename="" idMateria="19839192">
  <body>
    <Identifica><![CDATA[ RETIFICAÇÃO]]></Identifica>
    <Data><![CDATA[]]></Data>
    <Ementa />
    <Titulo />
    <SubTitulo />
    <Texto><![CDATA[<p class="identifica">RETIFICAÇÃO</p><p>NO EXTRATO DE TERMO ADITIVO Nº 00002/2022 publicado no D.O de 2022-08-11, Seção 3. Onde se lê: Valor Total: R$ 583.165,75. Leia-se: Valor Total: R$ 638.986,68.</p><p>(COMPRASNET 4.0 - 26/08/2022).</p>]]></Texto>
  </body>
  <Midias />
</article></xml>