﻿<xml><article id="27763861" name="2022-08-29/9056623/COMPRASNETWS_" idOficio="9056623" pubName="DO3" artType="Extrato de Termo Aditivo" pubDate="30/08/2022" artClass="00018:00050:00000:00000:00000:00000:00000:00000:00000:00000:00054:00001" artCategory="Ministério da Educação/Instituto Federal de Educação, Ciência e Tecnologia Catarinense" artSize="12" artNotes="" numberPage="90" pdfPage="http://pesquisa.in.gov.br/imprensa/jsp/visualiza/index.jsp?data=30/08/2022&amp;jornal=530&amp;pagina=90" editionNumber="165" highlightType="" highlightPriority="" highlight="" highlightimage="" highlightimagename="" idMateria="19839152">
  <body>
    <Identifica><![CDATA[ EXTRATO DE TERMO ADITIVO Nº 4/2022 - UASG 158125]]></Identifica>
    <Data><![CDATA[]]></Data>
    <Ementa />
    <Titulo />
    <SubTitulo />
    <Texto><![CDATA[<p class="identifica">EXTRATO DE TERMO ADITIVO Nº 4/2022 - UASG 158125</p><p>Número do Contrato: 189/2021.</p><p>Nº Processo: 23348.004095/2021-48.</p><p>Pregão. Nº 91/2021. Contratante: INSTITUTO FEDERAL CATARINENSE - REITORIA. Contratado: 34.834.293/0001-24 - OH PROJETOS - SERVICOS DE CONSTRUCAO CIVIL EIRELI. Objeto: - prorrogar o prazo da vigência do contrato nº 189/2021 por mais 206 (cento e vinte) dias, contemplando-se, nesta ocasião, o período de 28/08/2022 a 22/03/2023 nos termos do art. 57, §1º, inciso ii, da lei n.º 8.666, de 1993, em conformidade com a justificativa técnica existente nos autos. - prorrogar o prazo de execução do objeto contratual por mais 166 (cento e sessenta e seis) dias, com fundamento no artigo 57, §1º, da lei n.º 8.666, de 21 de junho de 1993, conforme cronograma físico-financeiro.. Vigência: 28/08/2022 a 22/03/2023. Valor Total Atualizado do Contrato: R$ 515.185,99. Data de Assinatura: 26/08/2022.</p><p>(COMPRASNET 4.0 - 26/08/2022).</p>]]></Texto>
  </body>
  <Midias />
</article></xml>