﻿<xml><article id="27751214" name="Extrato de publicaAAo - AdesAo d" idOficio="7355137" pubName="DO3" artType="Extrato de Adesão" pubDate="30/08/2022" artClass="00047:00002:00000:00000:00000:00000:00000:00000:00000:00000:00018:00000" artCategory="Poder Judiciário/Conselho Nacional de Justiça" artSize="12" artNotes="" numberPage="253" pdfPage="http://pesquisa.in.gov.br/imprensa/jsp/visualiza/index.jsp?data=30/08/2022&amp;jornal=530&amp;pagina=253" editionNumber="165" highlightType="" highlightPriority="" highlight="" highlightimage="" highlightimagename="" idMateria="14835890">
  <body>
    <Identifica><![CDATA[ EXTRATO  DE ADESÃO (*)]]></Identifica>
    <Data><![CDATA[]]></Data>
    <Ementa />
    <Titulo />
    <SubTitulo />
    <Texto><![CDATA[<p class="identifica">EXTRATO DE ADESÃO (*)</p><p>Adesão da Secretaria da Administração Penitenciária do Estado do Ceará ao Termo de Cooperação Técnica CNJ n. 006/2022, celebrado entre o Conselho Nacional de Justiça e o Ministério da Justiça e Segurança Pública. Processo: 07866/2021. Objeto: desenvolvimento de ações conjuntas entre os partícipes, visando a cooperação para promoção da documentação civil das pessoas privadas de liberdade no sistema prisional, por meio da identificação biométrica e da emissão dos documentos necessários à individualização civil e administrativa dos cidadãos. Assinatura: 05/08/2022. Signatário: pela Secretaria de Administração Penitenciária do Estado do Ceará, Luís Mauro Albuquerque Araújo - Secretário.</p><p class="nota">N.da Codou: Republicado por ter saído no DOU de 25-8-2022, Seção 3, página 171, com incorreção.</p>]]></Texto>
  </body>
  <Midias />
</article></xml>