﻿<xml><article id="27766937" name="2022-08-29/9056687/COMPRASNETWS_" idOficio="9056687" pubName="DO3" artType="Extrato de Contrato" pubDate="30/08/2022" artClass="00018:00056:00000:00000:00000:00000:00000:00000:00000:00000:00031:00001" artCategory="Ministério da Educação/Instituto Federal de Educação, Ciência e Tecnologia de Goiás" artSize="12" artNotes="" numberPage="93" pdfPage="http://pesquisa.in.gov.br/imprensa/jsp/visualiza/index.jsp?data=30/08/2022&amp;jornal=530&amp;pagina=93" editionNumber="165" highlightType="" highlightPriority="" highlight="" highlightimage="" highlightimagename="" idMateria="19839216">
  <body>
    <Identifica><![CDATA[ EXTRATO DE CONTRATO Nº 19/2022 - UASG 158153]]></Identifica>
    <Data><![CDATA[]]></Data>
    <Ementa />
    <Titulo />
    <SubTitulo />
    <Texto><![CDATA[<p class="identifica">EXTRATO DE CONTRATO Nº 19/2022 - UASG 158153</p><p>Nº Processo: 23372.000037/2022-29.</p><p>Regime Diferenciado de Contratações Nº 3/2022. Contratante: INST.FED.DE EDUC.,CIENC.E TEC.DE GOIAS.</p><p>Contratado: 05.378.515/0001-43 - CMM CONSTRUTORA MORAES MARTINS LTDA. Objeto: O objeto do presente termo de contrato é a realização de obras de reforma da subestação de energia do ifg câmpus cidade de goiás, a serem executadas nas condições estabelecidas no projeto básico e demais documentos técnicos que se encontram anexos ao edital do rdc 03/2022..</p><p>Fundamento Legal: CONTRATAÇÃO PÚBLICA LEI 12.462 / 2011 - Artigo: 1 - Parágrafo: 3. Vigência: 05/09/2022 a 05/02/2023. Valor Total: R$ 244.426,10. Data de Assinatura: 25/08/2022.</p><p>(COMPRASNET 4.0 - 26/08/2022).</p>]]></Texto>
  </body>
  <Midias />
</article></xml>