﻿<xml><article id="27732590" name="ATO EDITAL RESULTADO PROCESSO SE" idOficio="9056667" pubName="DO3" artType="Resultado de Concurso Público" pubDate="30/08/2022" artClass="00018:00109:00985:00000:00000:00000:00000:00000:00000:00000:00093:892022" artCategory="Ministério da Educação/Universidade Federal do Rio Grande do Norte/Pró-Reitoria de Gestão de Pessoas" artSize="12" artNotes="ok" numberPage="141" pdfPage="http://pesquisa.in.gov.br/imprensa/jsp/visualiza/index.jsp?data=30/08/2022&amp;jornal=530&amp;pagina=141" editionNumber="165" highlightType="" highlightPriority="" highlight="" highlightimage="" highlightimagename="" idMateria="19839196">
  <body>
    <Identifica><![CDATA[ EDITAL Nº 89-PROGESP, de 29 de agosto de 2022 HOMOLOGAÇÃO DE RESULTADO DE PROCESSO SELETIVO SIMPLIFICADO PARA PROFESSOR SUBSTITUTO]]></Identifica>
    <Data><![CDATA[]]></Data>
    <Ementa />
    <Titulo />
    <SubTitulo />
    <Texto><![CDATA[<p class="identifica">EDITAL Nº 89-PROGESP, de 29 de agosto de 2022 HOMOLOGAÇÃO DE RESULTADO DE PROCESSO SELETIVO SIMPLIFICADO PARA PROFESSOR SUBSTITUTO</p><p>A Pró-Reitora de Gestão de Pessoas, em conformidade com o Art. 9, Inciso XII da Resolução nº 225/2018-CONSEPE, de 27 de novembro de 2018, dá ciência do resultado de processos seletivos para Professor Substituto/Temporário do Magistério Federal regido pelo Edital nº 033/2021-PROGESP, publicado no DOU nº 80, de 30/04/2021, Seção 3, p. 99/106, homologado pela respectiva Unidade Acadêmica.</p><p /><p></p><table><tr /><tr><td rowspan="1" colspan="3"><p>Campus de Atuação: Natal/RN</p></td></tr><tr><td rowspan="1" colspan="1"><p>Nº do Edital: 033/2021-PROGESP</p></td><td rowspan="1" colspan="4"><p>Período de provas: 07/06/2021 a 02/07/2021</p></td></tr><tr><td rowspan="1" colspan="2"><p>Área do concurso:<strong></strong>Representação e Linguagem<strong></strong>- 20h</p></td><td rowspan="1" colspan="3"><p>Nº de vagas:CR</p></td></tr><tr><td rowspan="1" colspan="2"><p>Candidato</p></td><td rowspan="1" colspan="1"><p>Nota Final</p></td><td rowspan="1" colspan="1"><p>Resultado</p></td><td rowspan="1" colspan="1"><p>Classificação</p></td></tr><tr><td rowspan="1" colspan="2"><p>Tamaris da Costa Brasileiro</p></td><td rowspan="1" colspan="1"><p>8,86</p></td><td rowspan="1" colspan="1"><p>Aprovado(a)</p></td><td rowspan="1" colspan="1"><p>1º</p></td></tr><tr><td rowspan="1" colspan="2"><p>Leonardo Oliveira Silva</p></td><td rowspan="1" colspan="1"><p>8,74</p></td><td rowspan="1" colspan="1"><p>Aprovado(a)</p></td><td rowspan="1" colspan="1"><p>2º</p></td></tr><tr><td rowspan="1" colspan="2"><p>Marcela Celani Silva</p></td><td rowspan="1" colspan="1"><p>8,17</p></td><td rowspan="1" colspan="1"><p>Aprovado(a)</p></td><td rowspan="1" colspan="1"><p>3º</p></td></tr><tr><td rowspan="1" colspan="2"><p>Mônica Rosário Alves</p></td><td rowspan="1" colspan="1"><p>7,94</p></td><td rowspan="1" colspan="1"><p>Aprovado(a)</p></td><td rowspan="1" colspan="1"><p>4º</p></td></tr><tr><td rowspan="1" colspan="2"><p>Hilton Messias de Souto Filho</p></td><td rowspan="1" colspan="1"><p>7,53</p></td><td rowspan="1" colspan="1"><p>Aprovado(a)</p></td><td rowspan="1" colspan="1"><p>5º</p></td></tr><tr><td rowspan="1" colspan="2"><p>Heber Macel Tenório Vasconcelos</p></td><td rowspan="1" colspan="1"><p>7,37</p></td><td rowspan="1" colspan="1"><p>Aprovado(a)</p></td><td rowspan="1" colspan="1"><p>6º</p></td></tr><tr><td rowspan="1" colspan="2"><p>André Luiz Silva</p></td><td rowspan="1" colspan="1"><p>7,23</p></td><td rowspan="1" colspan="1"><p>Aprovado(a)</p></td><td rowspan="1" colspan="1"><p>7º</p></td></tr><tr><td rowspan="1" colspan="2"><p>Marcia Vieira de Alencar Caldas</p></td><td rowspan="1" colspan="1"><p>7,12</p></td><td rowspan="1" colspan="1"><p>Aprovado(a)</p></td><td rowspan="1" colspan="1"><p>8º</p></td></tr></table><p class="assina">MIRIAN DANTAS DOS SANTOS</p><p></p>]]></Texto>
  </body>
  <Midias />
</article></xml>