﻿<xml><article id="27732428" name="Aviso adia PE 087-2022 DOU" idOficio="9056590" pubName="DO3" artType="Aviso de Adiamento" pubDate="30/08/2022" artClass="00051:00009:00039:00000:00000:00000:00000:00000:00000:00000:00065:00000" artCategory="Governo do Estado/Governo do Estado de Goiás/Secretaria da Segurança Pública e Justiça" artSize="12" artNotes="" numberPage="311" pdfPage="http://pesquisa.in.gov.br/imprensa/jsp/visualiza/index.jsp?data=30/08/2022&amp;jornal=530&amp;pagina=311" editionNumber="165" highlightType="" highlightPriority="" highlight="" highlightimage="" highlightimagename="" idMateria="19839106">
  <body>
    <Identifica><![CDATA[ AVISO DE ADIAMENTO ]]></Identifica>
    <Data><![CDATA[]]></Data>
    <Ementa />
    <Titulo />
    <SubTitulo />
    <Texto><![CDATA[<p class="identifica">AVISO DE ADIAMENTO</p><p class="identifica">PREGÃO ELETRÔNICO Nº 87/2022</p><p>Processo: 202200016011898. Solicitante: SPTCGO. Objeto: Aquisição de Microcomparador Balístico. O pregoeiro responsável pelo procedimento em tela comunica aos interessados que a sessão pública definida para o dia 25/08/2022 foi adiada para o dia 13/09/2022 às 09h, tendo em vista alterações no Edital e seus anexos.</p><p class="assina">Frederico Gomes de Araújo</p>]]></Texto>
  </body>
  <Midias />
</article></xml>