﻿<xml><article id="27766799" name="2022-08-28/9056411/SICONV_198388" idOficio="9056411" pubName="DO3" artType="Extrato de Convênio" pubDate="30/08/2022" artClass="00007:00049:00000:00000:00000:00000:00000:00000:00000:00000:00032:00001" artCategory="Ministério da Agricultura, Pecuária e Abastecimento/Secretaria de Inovação, Desenvolvimento Sustentável e Irrigação" artSize="12" artNotes="" numberPage="10" pdfPage="http://pesquisa.in.gov.br/imprensa/jsp/visualiza/index.jsp?data=30/08/2022&amp;jornal=530&amp;pagina=10" editionNumber="165" highlightType="" highlightPriority="" highlight="" highlightimage="" highlightimagename="" idMateria="19838823">
  <body>
    <Identifica><![CDATA[ EXTRATO DE TERMO ADITIVO]]></Identifica>
    <Data><![CDATA[]]></Data>
    <Ementa />
    <Titulo />
    <SubTitulo />
    <Texto><![CDATA[<p class="identifica">EXTRATO DE TERMO ADITIVO</p><p>Espécie: Termo Aditivo de Alteração da Vigência Nº 000001/2022 ao Convênio Nº 901113/2020. Convenentes: Concedente: MINISTÉRIO DA AGRICULTURA, PECUARIA E ABASTECIMENTO, Unidade Gestora: 130005. Convenente: MUNICIPIO DE BALIZA, CNPJ nº 01067131000159. Prorrogação de Vigência. Valor Total: R$ 133.850,00, Valor de Contrapartida: R$ 150,00, Vigência: 25/08/2022 a 30/08/2023. Data de Assinatura: 31/12/2020. Signatários: Concedente: CLEBER OLIVEIRA SOARES, CPF nº 61672793572, Convenente: FERNANDA NOLASCO VANDERLEY OLIVEIRA, CPF nº 000.016.611-16.</p>]]></Texto>
  </body>
  <Midias />
</article></xml>