﻿<xml><article id="27733513" name="TP- 015 e PE- 043" idOficio="9056948" pubName="DO3" artType="Aviso de Licitação" pubDate="30/08/2022" artClass="00052:00005:00240:00000:00000:00000:00000:00000:00000:00000:00081:00000" artCategory="Prefeituras/Estado da Bahia/Prefeitura Municipal de Itagibá" artSize="12" artNotes="" numberPage="331" pdfPage="http://pesquisa.in.gov.br/imprensa/jsp/visualiza/index.jsp?data=30/08/2022&amp;jornal=530&amp;pagina=331" editionNumber="165" highlightType="" highlightPriority="" highlight="" highlightimage="" highlightimagename="" idMateria="19839443">
  <body>
    <Identifica><![CDATA[ AVISOS DE LICITAÇão]]></Identifica>
    <Data><![CDATA[ Itagibá-BA, 29 de agosto de 2022.]]></Data>
    <Ementa />
    <Titulo />
    <SubTitulo />
    <Texto><![CDATA[<p class="identifica">AVISOS DE LICITAÇão</p><p class="identifica">TOMADA DE PREÇOs Nº 15/2022</p><p>O MUNICÍPIO DE ITAGIBÁ, CNPJ: 13.701.966/0001-06, torna público que realizará no dia 14/09/2022 às 09h00min TP 015/2022, PA 210/2022. OBJETO: Contratação, sob o regime de empreitada por preço global, de empresa especializada em construção civil, para construção de 07 pontes com transposição mista de aço e concreto em rodovias rurais deste Município de Itagibá-BA, local: Sala de Licitações e Contratos da Prefeitura Municipal de Itagibá. Demais atos no Diário Oficial do município: www.itagiba.ba.gov.br.</p><p class="identifica">PREGÃO ELETRÔNICO SRP Nº 43/2022</p><p>O MUNICÍPIO DE ITAGIBÁ, CNPJ: 13.701.966/0001-06, torna público que realizará no dia 12/09/2022 às 10h00min PE 043/2022, PA 202/2022. OBJETO: Registro de Preços para Futura e Eventual aquisição de lixeiras papeleiras seletivas individuais e tripla, carrinho contêiner coletor de lixo e pallet, afim de atender as demandas da Administração Pública, deste Município. Através da plataforma: www.bnc.org.br. Demais atos no Diário Oficial do município: www.itagiba.ba.gov.br.</p><p class="data">Itagibá-BA, 29 de agosto de 2022.</p><p class="assina">Fábio Nery de Souza</p><p class="cargo">Pregoeiro</p>]]></Texto>
  </body>
  <Midias />
</article></xml>