﻿<xml><article id="27761482" name="2022-08-29/9056788/COMPRASNETWS_" idOficio="9056788" pubName="DO3" artType="Extrato de Termo Aditivo" pubDate="30/08/2022" artClass="00026:00034:00000:00000:00000:00000:00000:00000:00000:00000:00054:00001" artCategory="Ministério da Saúde/Agência Nacional de Vigilância Sanitária" artSize="12" artNotes="" numberPage="212" pdfPage="http://pesquisa.in.gov.br/imprensa/jsp/visualiza/index.jsp?data=30/08/2022&amp;jornal=530&amp;pagina=212" editionNumber="165" highlightType="" highlightPriority="" highlight="" highlightimage="" highlightimagename="" idMateria="19839334">
  <body>
    <Identifica><![CDATA[ EXTRATO DE TERMO ADITIVO Nº 1/2022 - UASG 253002]]></Identifica>
    <Data><![CDATA[]]></Data>
    <Ementa />
    <Titulo />
    <SubTitulo />
    <Texto><![CDATA[<p class="identifica">EXTRATO DE TERMO ADITIVO Nº 1/2022 - UASG 253002</p><p>Número do Contrato: 15/2021.</p><p>Nº Processo: 25351.938188/2020-63.</p><p>Inexigibilidade. Nº 14/2021. Contratante: AGENCIA NACIONAL DE VIGILANCIA SANITARIA. Contratado: EXANVIS73 - CHEMICAL ABSTRACTS SERVICE. Objeto: Prorrogar o prazo de vigência contratual por 12 (doze) meses, de 02/09/2022 a 01/09/2023 e suprimir ao valor do contrato percentual equivalente 22,86%, calculado sobre o valor do ajuste originário atualizado, correspondente à supressão de 08 (oito) licenças de uso para acesso às bases de dados scifinder-n.. Vigência: 02/09/2022 a 01/09/2023. Valor Total Atualizado do Contrato: R$ 944.591,72. Data de Assinatura: 26/08/2022.</p><p>(COMPRASNET 4.0 - 26/08/2022).</p>]]></Texto>
  </body>
  <Midias />
</article></xml>