﻿<xml><article id="27732680" name="extrato-Aditivo-Machado" idOficio="9056685" pubName="DO3" artType="Extrato de Termo Aditivo" pubDate="30/08/2022" artClass="00014:00048:00018:00000:00000:00000:00000:00000:00000:00000:00054:00000" artCategory="Ministério do Desenvolvimento Regional/Companhia de Desenvolvimento dos Vales do São Francisco e do Parnaíba/7ª Superintendência Regional" artSize="12" artNotes="" numberPage="61" pdfPage="http://pesquisa.in.gov.br/imprensa/jsp/visualiza/index.jsp?data=30/08/2022&amp;jornal=530&amp;pagina=61" editionNumber="165" highlightType="" highlightPriority="" highlight="" highlightimage="" highlightimagename="" idMateria="19839214">
  <body>
    <Identifica><![CDATA[ EXTRATO DE TERMO ADITIVO]]></Identifica>
    <Data><![CDATA[]]></Data>
    <Ementa />
    <Titulo />
    <SubTitulo />
    <Texto><![CDATA[<p></p><p class="identifica">EXTRATO DE TERMO ADITIVO</p><p>PROCESSO: 59570.0001907/2021-15-e.</p><p>ESPÉCIE: Termo Aditivo ao Contrato nº 7.121.01/2021. CONTRATANTE: CODEVASF, CNPJ: 00.399.857/0025-01, CONTRATADA: Machado &amp; Barbosa Empreendimentos LTDA, CNPJ nº 18.153.367/0001-00. OBJETO: o presente termo tem por objeto aditar o Contrato nº 7.121.00/2021 (execução de serviços de pavimentação em bloco intertravado de concreto (bloquete), com uma área total de 17.450,27m², no Município de Valença do Piauí, no Estado do Piauí), visando: I - À readequação da planilha orçamentária sem a inclusão de novos serviços, e com decréscimo no valor de R$ 137.927,56 (cento e trinta e sete mil, novecentos e vinte sete reais e cinquenta e seis centavos), que representa 13,79% (treze por cento inteiros e setenta e nove centésimos) do valor contratado, passando o valor do contrato de R$ 999.974,06 (novecentos e noventa e nove mil, novecentos e setenta e quatro reais e seis centavos) para R$ 862.046,50 (oitocentos e sessenta e dois mil, quarenta e seis reais e cinquenta centavos), e a área total a ser pavimentada passando de 17.450,27 m² para 15.118,14 m². A nova planilha contratual passa a ser a constante à peça 88 do processo nº 59570.001907/2021-15-e. II - A utilização do saldo de R$ 137.927,56 (cento e trinta e sete mil, novecentos e vinte sete reais e cinquenta e seis centavos) do valor reduzido do contrato para pagamento do reajuste do Contrato nº 7.121.00/2021. TERMO ADITIVO: 7.121.00/2021. FUNDAMENTO LEGAL: Art. 134 do Regulamento Interno de Licitações e Contratos da Codevasf. DATA DE ASSINATURA: 26/08/2022.</p>]]></Texto>
  </body>
  <Midias />
</article></xml>