﻿<xml><article id="27731789" name="2022-08-28/9056320/SICONV_198385" idOficio="9056320" pubName="DO3" artType="Extrato de Convênio" pubDate="30/08/2022" artClass="00026:00039:00000:00000:00000:00000:00000:00000:00000:00000:00032:00001" artCategory="Ministério da Saúde/Fundação Nacional de Saúde" artSize="12" artNotes="" numberPage="213" pdfPage="http://pesquisa.in.gov.br/imprensa/jsp/visualiza/index.jsp?data=30/08/2022&amp;jornal=530&amp;pagina=213" editionNumber="165" highlightType="" highlightPriority="" highlight="" highlightimage="" highlightimagename="" idMateria="19838518">
  <body>
    <Identifica><![CDATA[ EXTRATO DE TERMO ADITIVO]]></Identifica>
    <Data><![CDATA[]]></Data>
    <Ementa />
    <Titulo />
    <SubTitulo />
    <Texto><![CDATA[<p class="identifica">EXTRATO DE TERMO ADITIVO</p><p>Espécie: Termo Aditivo de Alteração da Vigência Nº 000005/2022 ao Convênio Nº 864786/2018. Convenentes: Concedente: FUNDACAO NACIONAL DE SAUDE, Unidade Gestora: 255026. Convenente: MUNICIPIO DE LARANJEIRAS, CNPJ nº 13120613000104. Prorrogação de vigência do convênio. Valor Total: R$ 1.144.763,58, Valor de Contrapartida: R$ 144.763,58, Vigência: 19/09/2022 a 19/09/2023. Data de Assinatura: 31/05/2018. Signatários: Concedente: WALDOILSON DOS SANTOS LEITE, CPF nº 48194182549, Convenente: JOSE DE ARAUJO LEITE NETO, CPF nº 663.216.895-72.</p>]]></Texto>
  </body>
  <Midias />
</article></xml>