﻿<xml><article id="27733180" name="587.2022 - Aviso Errata - DOU" idOficio="9056811" pubName="DO3" artType="Aviso de Alteração" pubDate="30/08/2022" artClass="00052:00023:00174:00007:00000:00000:00000:00000:00000:00000:00069:00000" artCategory="Prefeituras/Estado de Santa Catarina/Prefeitura Municipal de Joinville/Secretaria Municipal de Administração" artSize="12" artNotes="" numberPage="449" pdfPage="http://pesquisa.in.gov.br/imprensa/jsp/visualiza/index.jsp?data=30/08/2022&amp;jornal=530&amp;pagina=449" editionNumber="165" highlightType="" highlightPriority="" highlight="" highlightimage="" highlightimagename="" idMateria="19839362">
  <body>
    <Identifica><![CDATA[ AVISO DE RETIFICAÇÃO]]></Identifica>
    <Data><![CDATA[ Joinville/SC, 26 de agosto de 2022.]]></Data>
    <Ementa />
    <Titulo />
    <SubTitulo />
    <Texto><![CDATA[<p class="identifica">AVISO DE RETIFICAÇÃO</p><p class="identifica">Pregão Eletrônico nº 587/2022</p><p>O Município de Joinville, através da Unidade de Processos da Secretaria Administração e Planejamento, leva ao conhecimento dos interessados que com base no §4º do art. 21 da lei 8.666/93, está promovendo alterações na Homologação e no Aviso de Homologação, publicado no Diário Oficial Eletrônico do Município de Joinville, Diário Oficial da União, Diário Oficial do Estado de Santa Catarina na data de 11 de agosto de 2022, referente ao Pregão Eletrônico nº 587/2022, destinado à aquisição de soluções parenterais de grande volume, nutrição parenteral total (NPT), eletrólitos e líquidos de perfusão, para o Hospital Municipal São José. ONDE SE LÊ: BAXTER HOSPITALAR LTDA - Item 1 - R$ 5,42, Item 2 - R$ 5,62, Item 3 - R$ 6,75 e Item 4 - R$ 31,68. Restaram DESERTOS os Itens 1 e 7. Restaram FRACASSADOS os Itens 5 e 8. LEIA-SE: BAXTER HOSPITALAR LTDA - Item 2 - R$ 5,42, Item 3 - R$ 5,62, Item 4 - R$ 6,75 e Item 6 - R$ 31,68. Restaram DESERTOS os Itens 1 e 7. Restaram FRACASSADOS os Itens 5 e 8. As demais condições permanecem inalteradas.</p><p class="data">Joinville/SC, 26 de agosto de 2022.</p><p class="assina">RICARDO MAFRA</p><p class="cargo">Secretário de Administração e Planejamento</p><p class="assina">Silvia Cristina Bello</p><p class="cargo">Diretora Executiva</p>]]></Texto>
  </body>
  <Midias />
</article></xml>