﻿<xml><article id="27765686" name="2022-08-29/9056781/COMPRASNETWS_" idOficio="9056781" pubName="DO3" artType="Extrato de Termo Aditivo" pubDate="30/08/2022" artClass="00018:00116:00000:00000:00000:00000:00000:00000:00000:00000:00054:00001" artCategory="Ministério da Educação/Universidade Federal Rural do Semi-Árido" artSize="12" artNotes="" numberPage="144" pdfPage="http://pesquisa.in.gov.br/imprensa/jsp/visualiza/index.jsp?data=30/08/2022&amp;jornal=530&amp;pagina=144" editionNumber="165" highlightType="" highlightPriority="" highlight="" highlightimage="" highlightimagename="" idMateria="19839320">
  <body>
    <Identifica><![CDATA[ EXTRATO DE TERMO ADITIVO Nº 2/2022 - UASG 153033]]></Identifica>
    <Data><![CDATA[]]></Data>
    <Ementa />
    <Titulo />
    <SubTitulo />
    <Texto><![CDATA[<p class="identifica">EXTRATO DE TERMO ADITIVO Nº 2/2022 - UASG 153033</p><p>Número do Contrato: 34/2021.</p><p>Nº Processo: 23091.010749/2021-91.</p><p>Inexigibilidade. Nº 21/2021. Contratante: UNIVERSIDADE FEDERAL RURAL DO SEMI-ARIDO - RN. Contratado: 13.183.749/0001-63 - MINHA BIBLIOTECA LTDA.. Objeto: O presente aditivo tem por objeto a alteração bilateral do contrato para inclusão de cláusula de reajuste e índice a ser aplicado. Vigência: 25/08/2022 a 01/12/2022. Valor Total Atualizado do Contrato: R$ 345.600,00. Data de Assinatura: 25/08/2022.</p><p>(COMPRASNET 4.0 - 25/08/2022).</p>]]></Texto>
  </body>
  <Midias />
</article></xml>