﻿<xml><article id="27733537" name="FNDE3_EXTRATOS DE TERMOS ADITIVO" idOficio="9056949" pubName="DO3" artType="Extrato de Termo Aditivo" pubDate="30/08/2022" artClass="00018:00042:00000:00000:00000:00000:00000:00000:00000:00000:00054:00000" artCategory="Ministério da Educação/Fundo Nacional de Desenvolvimento da Educação" artSize="12" artNotes="" numberPage="84" pdfPage="http://pesquisa.in.gov.br/imprensa/jsp/visualiza/index.jsp?data=30/08/2022&amp;jornal=530&amp;pagina=84" editionNumber="165" highlightType="" highlightPriority="" highlight="" highlightimage="" highlightimagename="" idMateria="19839448">
  <body>
    <Identifica><![CDATA[ EXTRATOS DE TERMOS ADITIVOS]]></Identifica>
    <Data><![CDATA[]]></Data>
    <Ementa />
    <Titulo />
    <SubTitulo />
    <Texto><![CDATA[<p class="identifica">EXTRATOS DE TERMOS ADITIVOS</p><p>Espécie: Décimo Quarto Termo Aditivo ao Convênio nº 658393/2009. Processo nº 23400.014782/2009-01.</p><p>Partícipes: Fundo Nacional de Desenvolvimento da Educação-FNDE, CNPJ/MF nº 00.378.257/0001-81, Unidade Gestora: 153173, Gestão: 15253, e o Estado do Maranhão - MA, representado pela Secretaria de Estado da Ciência, Tecnologia e Inovação - MA, CNPJ n° 05.572.043/0001-65.</p><p>Este termo aditivo tem por objeto a prorrogação do prazo de execução e do prazo de vigência do Convênio n° 658393/2009, com base no art. 57, §1°, II, da Lei n° 8.666/1993.</p><p>Vigência: 239 dias, de 25/08/2022 a 20/04/2023.</p><p>Data e Assinaturas: 23/08/2022, MARCELO LOPES DA PONTE - Presidente do FNDE e DAVI DE ARAUJO TELLES - Secretário.</p><p>Espécie: Décimo Quarto Termo Aditivo ao Convênio nº 703506/2010. Processo nº 23400.015081/2009-81.</p><p>Partícipes: Fundo Nacional de Desenvolvimento da Educação-FNDE, CNPJ/MF nº 00.378.257/0001-81, Unidade Gestora: 153173, Gestão: 15253, o Estado da Bahia - BA, representado pela Secretaria da Educação do Estado da Bahia - BA, CNPJ sob o n° 13.937.065/0001-00.</p><p>Este termo aditivo tem por objeto a prorrogação do prazo de execução e do prazo de vigência do Convênio n° 703506/2010, com base no art. 57, §1°, II, da Lei n° 8.666/1993.</p><p>Vigência: 224 dias, de 30/08/2022 a 10/04/2023.</p><p>Data e Assinaturas: 24/08/2022, MARCELO LOPES DA PONTE - Presidente do FNDE e DANILO DE MELO SOUZA - Secretário.</p><p>Espécie: Décimo Oitavo Termo Aditivo ao Convênio nº 658380/2009. Processo nº 23400.004992/2009-83.</p><p>Partícipes: Fundo Nacional de Desenvolvimento da Educação-FNDE, CNPJ/MF nº 00.378.257/0001-81, Unidade Gestora: 153173, Gestão: 15253, e o Estado do Tocantins - TO, representado pela Secretaria da Educação, Juventude e Esportes - TO, CNPJ n° 25.053.083/0001-08.</p><p>Este termo aditivo tem por objeto a prorrogação do prazo de execução e do prazo de vigência e alteração do cronograma de desembolso do Convênio n° 658380/2009, com base no art. 57, §1°, II, da Lei n° 8.666/1993.</p><p>Vigência: 230 dias: de 26/08/2022 a 12/04/2023.</p><p>Data e Assinaturas: 24/08/2022, MARCELO LOPES DA PONTE - Presidente do FNDE e FÁBIO PEREIRA VAZ - Secretário.</p><p>Espécie: Décimo Sétimo Termo Aditivo ao Convênio nº 806049/2007. Processo nº 23400.005492/2007-05.</p><p>Partícipes: Fundo Nacional de Desenvolvimento da Educação-FNDE, CNPJ/MF nº 00.378.257/0001-81, Unidade Gestora: 153173, Gestão: 15253, e o Estado do Maranhão, representado pela Secretaria de Estado da Educação, CNPJ nº 03.352.086/0001-00.</p><p>Este termo aditivo tem por objeto a prorrogação do prazo de execução e do prazo de vigência do Convênio nº 806049/2007, com base no art. 57, § 1°, II, da Lei 8.666/1993.</p><p>Vigência: 225 dias, de 02/09/2022 a 14/04/2023.</p><p>Data e Assinaturas: 25/08/2022, MARCELO LOPES DA PONTE - Presidente do FNDE e LEUZINETE PEREIRA DA SILVA - Secretária da Educação.</p>]]></Texto>
  </body>
  <Midias />
</article></xml>