﻿<xml><article id="27732617" name="HOJE - 23352 PREFEITURA MUNICIPA" idOficio="9056417" pubName="DO3" artType="Aviso" pubDate="30/08/2022" artClass="00052:00012:00396:00000:00000:00000:00000:00000:00000:00000:00108:00000" artCategory="Prefeituras/Estado de Minas Gerais/PREFEITURA MUNICIPAL DE DORES DO INDAIÁ" artSize="12" artNotes="" numberPage="375" pdfPage="http://pesquisa.in.gov.br/imprensa/jsp/visualiza/index.jsp?data=30/08/2022&amp;jornal=530&amp;pagina=375" editionNumber="165" highlightType="" highlightPriority="" highlight="" highlightimage="" highlightimagename="" idMateria="19838829">
  <body>
    <Identifica><![CDATA[ AVISO DE LICITAÇÃO (*)]]></Identifica>
    <Data><![CDATA[Dores do Indaiá - MG, 26 de agosto de 2022.]]></Data>
    <Ementa />
    <Titulo />
    <SubTitulo />
    <Texto><![CDATA[<p class="identifica">AVISO DE LICITAÇÃO (*)</p><p class="identifica">TOMADA DE PREÇOS Nº 22/2022</p><p>PROCESSO LICITATÓRIO Nº203/2022</p><p>Contratação de empresa especializada para execução de obra de drenagem de àguas pluviais do trecho paralelo a Rua Tapajós, bairro São Geraldo em Dores do Indaiá-MG, com as especificações e condições deste projeto básico e seus anexos, utilizando recursos do acordo Vale-Brumadinho (Lei nº23.830/2021). Sendo a abertura das propostas marcada para o dia 13/09/2022 às 14:00 horas.</p><p>Informações podem ser obtidas no setor Licitações à Praça do Rosário, 268, Fone (37) 3551-6256 ou pelo e-mail - licitacao@doresdoindaia.mg.gov.br.</p><p class="data">Dores do Indaiá - MG, 26 de agosto de 2022.</p><p class="assina">SAMIRA DOS REIS ALCAMAND SILVA</p><p class="cargo">Pregoeiro</p><p class="nota">N. da Codou: Publicado nesta data por ter sido omitido do DOU de 26/8/2022.</p>]]></Texto>
  </body>
  <Midias />
</article></xml>