﻿<xml><article id="27732860" name="CORONEL JOAO SA 30 08 22" idOficio="9056690" pubName="DO3" artType="Aviso de Homologação e Adjudicação" pubDate="30/08/2022" artClass="00052:00005:00161:00000:00000:00000:00000:00000:00000:00000:00078:00000" artCategory="Prefeituras/Estado da Bahia/Prefeitura Municipal de Coronel João Sá" artSize="12" artNotes="" numberPage="329" pdfPage="http://pesquisa.in.gov.br/imprensa/jsp/visualiza/index.jsp?data=30/08/2022&amp;jornal=530&amp;pagina=329" editionNumber="165" highlightType="" highlightPriority="" highlight="" highlightimage="" highlightimagename="" idMateria="19839219">
  <body>
    <Identifica><![CDATA[ AVISO DE HOMOLOGAÇÃO E ADJUDICAÇÃO]]></Identifica>
    <Data><![CDATA[ Coronel João Sá/BA, 17 de agosto de 2022. ]]></Data>
    <Ementa />
    <Titulo />
    <SubTitulo />
    <Texto><![CDATA[<p class="identifica">AVISO DE HOMOLOGAÇÃO E ADJUDICAÇÃO</p><p class="identifica">PREGÃO ELETRÔNICO Nº 11/2022</p><p>Processo: 165/2022, Pregão Eletrônico: 011/2022, Objeto: aquisição de 08 (oito) veículos novos, 0 (zero) km, tipo passeio, para atender as necessidades das secretarias e repartições públicas do Município de Coronel João Sá/BA, ganhadora do lote único. Valor: R$ 670.000,00 (seiscentos e setenta mil reais).</p><p>O prefeito homologa o julgamento proferido pela comissão de licitação e adjudica o objeto da licitação em referência, dando como vencedora a empresa: EVEL-ESTÂNCIA COMÉRCIO E LOCAÇÃO DE VEÍCULOS LTDA, CNPJ 15.583.420/0001-15.</p><p class="data">Coronel João Sá/BA, 17 de agosto de 2022.</p><p class="assina">Carlos Augusto Silveira Sobral</p>]]></Texto>
  </body>
  <Midias />
</article></xml>