﻿<xml><article id="27733735" name="07457.2022 - Inex" idOficio="9056981" pubName="DO3" artType="Extrato de Inexigibilidade de Licitação" pubDate="30/08/2022" artClass="00047:00002:00000:00000:00000:00000:00000:00000:00000:00000:00041:00000" artCategory="Poder Judiciário/Conselho Nacional de Justiça" artSize="12" artNotes="" numberPage="253" pdfPage="http://pesquisa.in.gov.br/imprensa/jsp/visualiza/index.jsp?data=30/08/2022&amp;jornal=530&amp;pagina=253" editionNumber="165" highlightType="" highlightPriority="" highlight="" highlightimage="" highlightimagename="" idMateria="19839503">
  <body>
    <Identifica><![CDATA[ EXTRATO DE INEXIGIBILIDADE DE LICITAÇÃO]]></Identifica>
    <Data><![CDATA[]]></Data>
    <Ementa />
    <Titulo />
    <SubTitulo />
    <Texto><![CDATA[<p class="identifica">EXTRATO DE INEXIGIBILIDADE DE LICITAÇÃO</p><p>Espécie: Nº processo: 07457/2022 Objeto: palestra "Acessibilidade e Inclusão". Contratada: Talento Incluir Cursos e Treinamentos Ltda. CNPJ: 25.231.874/0001-80. Fundamento Legal: caput do art. 25 da Lei nº 8.666/93. Valor: R$ 9.000,00 (nove mil reais). Declaração de Inexigibilidade: em 24/08/2022, por Rogério Alves Lima, Secretária de Gestão de Pessoas em Substituição, CPF nº 026.789.161-03. Ratificação: em 25/08/2022, por Johaness Eck, Diretor Geral, CPF n° 006.583.638-32.</p>]]></Texto>
  </body>
  <Midias />
</article></xml>