﻿<xml><article id="27733723" name="PUBLICAAAO__RR2GBX" idOficio="9056979" pubName="DO3" artType="Aviso de Registro de Preços" pubDate="30/08/2022" artClass="00018:00121:00000:00000:00000:00000:00000:00000:00000:00000:00112:00000" artCategory="Ministério da Educação/Universidade Federal do Sul e Sudeste do Pará" artSize="12" artNotes="" numberPage="148" pdfPage="http://pesquisa.in.gov.br/imprensa/jsp/visualiza/index.jsp?data=30/08/2022&amp;jornal=530&amp;pagina=148" editionNumber="165" highlightType="" highlightPriority="" highlight="" highlightimage="" highlightimagename="" idMateria="19839501">
  <body>
    <Identifica><![CDATA[ Aviso DE REGISTRO DE PREÇOs (ARP) Nº 28-34 DE 2022]]></Identifica>
    <Data><![CDATA[]]></Data>
    <Ementa />
    <Titulo />
    <SubTitulo />
    <Texto><![CDATA[<p class="identifica">Aviso DE REGISTRO DE PREÇOs (ARP) Nº 28-34 DE 2022</p><p class="identifica">PREGÃO ELETRÔNICO SRP Nº 12/2022</p><p>PROCESSO Nº 23479.002653/2022-26. OBJETO: CONTRATAÇÃO DE EMPRESA SERVIÇOS GRÁFICOS, EDITORAÇÃO, COMUNICAÇÃO VISUAL, SERVIÇOS DE IMPRESSÃO E CONFECÇÃO DE PLACAS DE IDENTIFICAÇÃO, VISANDO ATENDER AS UNIDADES ADMINISTRATIVAS E ACADÊMICAS DA UNIVERSIDADE FEDERAL DO SUL E SUDESTE DO PARÁ. O referido procedimento licitatório deu origem às Ata de Registro de Preço - ARP nº 28 a 34 de 2022. ARP Nº 28/2022, Fornecedor: GRAFICA E EDITORA SANTA CRUZ LTDA, CNPJ: 02.373.761/0001-14, consagrou-se vencedor dos itens 01 a 19 com valor total da proposta do Registro: R$ 716.378,75 (setecentos e dezesseis mil, trezentos e setenta e oito reais e setenta e cinco centavos) para a Unifesspa (UASG 158718) e R$ 60.230,00 (sessenta mil e duzentos e trinta reais) para o Colégio Militar de Belém (UASG 160218). ARP Nº 29/2022, Fornecedor: INDUSTRIA GRAFICA BRASILEIRA LTDA, CNPJ: 61.418.141/0001-13, consagrou-se vencedor dos itens 20 a 27 com valor total da proposta do Registro: R$ 94.839,40 (noventa e quatro mil, oitocentos e trinta e nove reais e quarenta centavos) para a Unifesspa (UASG 158718) e R$ 17.547,00 (dezessete mil, quinhentos e quarenta e sete reais) para o Colégio Militar de Belém (UASG 160218). ARP Nº 30/2022, Fornecedor: GALAXY BRINDES E SERVICOS EIRELI, CNPJ: 26.824.426/0001-53, consagrou-se vencedor dos itens 28 a 33 com valor total da proposta do Registro: R$ 80.960,50 (oitenta mil, novecentos e sessenta reais e cinquenta centavos) para a Unifesspa (UASG 158718) e R$ 23.380,00 (vinte e três mil, trezentos e oitenta reais) para o Colégio Militar de Belém (UASG 160218). ARP Nº 31/2022, Fornecedor: L.E COMERCIO VAREJISTA DE ARTIGOS DO VESTUARIO LTDA, CNPJ: 13.498.235/0001-05, consagrou-se vencedor dos itens 34 a 38 (Grupo 04), 50 a 53 (Grupo 08), 54 a 55 (Grupo 09) com valor total da proposta do Registro: R$ 92.274,00 (noventa e dois mil, duzentos e setenta e quatro reais) para a Unifesspa (UASG 158718) e R$ 37.085,00 (trinta e sete mil e oitenta e cinco reais) para o Colégio Militar de Belém (UASG 160218). ARP Nº 32/2022, Fornecedor: GRAFICA IMPRESSUS EIRELI, CNPJ: 13.913.414/0001-53, consagrou-se vencedor dos itens 39 a 44 com valor total da proposta do Registro: R$ 4.899,05 (quatro mil, oitocentos e noventa e nove reais e cinco centavos) para a Unifesspa (UASG 158718) e R$ 3.037,27 (três mil, trinta e sete reais e vinte e sete centavos) para o Colégio Militar de Belém (UASG 160218). ARP Nº 33/2022, Fornecedor: S M S INDUSTRIA DE CAMISETAS LTDA, CNPJ: 27.966.490/0001-31, consagrou-se vencedor dos itens 45 e 46 com valor total da proposta do Registro: R$147.420,00 (cento e quarenta e sete mil, quatrocentos e vinte reais) para a Unifesspa (UASG 158718) e R$5.000,00 (cinco mil reais) para o Colégio Militar de Belém (UASG 160218). ARP Nº 34/2022, Fornecedor: M E T INDUSTRIA, COMERCIO E SERVICOS GRAFICOS LTDA, CNPJ: 04.435.196/0001-06, consagrou-se vencedor dos itens 47 a 49 com valor total da proposta do Registro: R$174.900,00 (cento e setenta e quatro mil e novecentos reais) para a Unifesspa (UASG 158718) e R$20.000,00 (vinte mil reais) para o Colégio Militar de Belém (UASG 160218). As ARP nº 28 a 34 de 2022 foram assinadas na data: 26/08/2022. VIGÊNCIA: 26/08/2022 a 26/04/2023. As referidas ARP encontram-se disponível na Diretoria de Compras, Contratos e Convênios, situada à Av. J. com Av. dos Ipês - Cidade Jardim, Marabá - Pará, e através do seguinte link: https://proad.unifesspa.edu.br/arp.html. Fones: (94) 2101-7198. E-mail: dicc@unifesspa.edu.br.</p><p class="assina">Francisco Ribeiro da Costa</p><p class="cargo">Reitor</p>]]></Texto>
  </body>
  <Midias />
</article></xml>