﻿<xml><article id="27732290" name="PublicaAAo Contrato 070-2022 - D" idOficio="9056600" pubName="DO3" artType="Extrato de Contrato" pubDate="30/08/2022" artClass="00052:00007:00011:00000:00000:00000:00000:00000:00000:00000:00031:00000" artCategory="Prefeituras/Estado do Espírito Santo/Prefeitura Municipal de Atílio Vivacqua" artSize="12" artNotes="" numberPage="347" pdfPage="http://pesquisa.in.gov.br/imprensa/jsp/visualiza/index.jsp?data=30/08/2022&amp;jornal=530&amp;pagina=347" editionNumber="165" highlightType="" highlightPriority="" highlight="" highlightimage="" highlightimagename="" idMateria="19839118">
  <body>
    <Identifica><![CDATA[ EXTRATO DO CONTRATO Nº 70/2022 - PMAV]]></Identifica>
    <Data><![CDATA[]]></Data>
    <Ementa />
    <Titulo />
    <SubTitulo />
    <Texto><![CDATA[<p class="identifica">EXTRATO DO CONTRATO Nº 70/2022 - PMAV</p><p>Órgão Gerenciador: Ministério Da Educação - Fundo Nacional de Desenvolvimento da Educação - FNDE. Pregão Eletrônico para Registro de Preços Nº 02/2022. Processo Administrativo Nº 23034.018858/2022-52. Ata de Registro de Preços Nº 01/2022. Processo Administrativo Nº. 4350/2022 - PMAV. Contratante: PREFEITURA MUNICIPAL DE ATÍLIO VIVACQUA-ES; Contratada: CIFERAL INDÚSTRIA DE ÔNIBUS LTDA; Objeto: aquisição de veículos de transporte escolar diário de estudantes, denominado de ônibus rural escolar (ore). Valor: R$485.000,00; Prazo: 280 dias contados da data de assinatura do contrato.</p>]]></Texto>
  </body>
  <Midias />
</article></xml>