﻿<xml><article id="27733435" name="EXTRATO DE ATA RP = DOU - Evento" idOficio="9056920" pubName="DO3" artType="Extrato de Registro de Preços" pubDate="30/08/2022" artClass="00052:00012:00904:00000:00000:00000:00000:00000:00000:00000:00048:00000" artCategory="Prefeituras/Estado de Minas Gerais/PREFEITURA MUNICIPAL DE SANTA RITA DO SAPUCAÍ" artSize="12" artNotes="" numberPage="387" pdfPage="http://pesquisa.in.gov.br/imprensa/jsp/visualiza/index.jsp?data=30/08/2022&amp;jornal=530&amp;pagina=387" editionNumber="165" highlightType="" highlightPriority="" highlight="" highlightimage="" highlightimagename="" idMateria="19839419">
  <body>
    <Identifica><![CDATA[ EXTRATO DE REGISTRO DE PREÇOS]]></Identifica>
    <Data><![CDATA[]]></Data>
    <Ementa />
    <Titulo />
    <SubTitulo />
    <Texto><![CDATA[<p class="identifica">EXTRATO DE REGISTRO DE PREÇOS</p><p>Extrato da Ata de Registro de Preços N.º 059/2022, oriunda do Processo Licitatório PRC N.º 131/2022, na modalidade PREGÃO ELETRÔNICO Nº. 059/2022, cujo objeto é a contratação de empresa para prestação de serviços de locação de palco, carro de som e sistemas de som para divulgação de ações e cobertura dos eventos do município de Santa Rita do Sapucaí/MG. Vigência da Ata de RP: 17/08/2022 a 16/08/2023. Registrada: CIASERV PRESTADORA DE SERVIÇOS EM TERCEIRIZAÇÃO LTDA - ME. Valor: R$ 88.000,00. Registrada: LONAS OLIVEIRA LOCAÇÃO LTDA. Valor: R$ 555.110,00. Registrada: LOTHSEG SEGURANÇA PRIVADA - EIRELI. Valor: R$ 90.000,00. Registrada: OMEGA PRODUÇÕES LTDA. Valor: R$ 189.070,00. Valor Global do Processo: R$ 922.180,00. Íntegra disponível em: www.pmsrs.mg.gov.br.</p>]]></Texto>
  </body>
  <Midias />
</article></xml>