﻿<xml><article id="27733019" name="RETIFICAAAO DO CONTRATO__0N8EJQ" idOficio="9056738" pubName="DO3" artType="Retificação (de Edital)" pubDate="30/08/2022" artClass="00018:00108:00000:00000:00000:00000:00000:00000:00000:00000:00179:00000" artCategory="Ministério da Educação/Universidade Federal do Recôncavo da Bahia" artSize="12" artNotes="ok" numberPage="126" pdfPage="http://pesquisa.in.gov.br/imprensa/jsp/visualiza/index.jsp?data=30/08/2022&amp;jornal=530&amp;pagina=126" editionNumber="165" highlightType="" highlightPriority="" highlight="" highlightimage="" highlightimagename="" idMateria="19839276">
  <body>
    <Identifica><![CDATA[edital   Nº 1, DE 25 DE AGOSTO DE 2022]]></Identifica>
    <Data><![CDATA[]]></Data>
    <Ementa />
    <Titulo />
    <SubTitulo />
    <Texto><![CDATA[<p class="identifica">edital Nº 1, DE 25 DE AGOSTO DE 2022</p><p class="identifica">RETIFICAÇÃO DO EDITAL Nº 4/2022</p><p>O REITOR DA UNIVERSIDADE FEDERAL DO RECÔNCAVO DA BAHIA (UFRB), no uso de suas atribuições legais e estatutárias, e de acordo com o que estabelece a Resolução 42/2017/CONAC, resolve:</p><p>Retificar o Edital nº. 04/2022, de 22 de julho de 2022, publicado no D.O.U. de 25 de julho de 2022, nº. 139, Seção 3, página 75, conforme a seguir:</p><p>Onde se lê:</p><p>(...)</p><p>12.15 A prova escrita será realizada em língua portuguesa.</p><p>(...)</p><p>14.2 A apresentação por escrito deverá ser em língua portuguesa para todas as matérias/ áreas de conhecimento.</p><p>Leia-se:</p><p>(...)</p><p>12.15 A prova escrita será realizada em língua portuguesa, exceto para matérias/áreas de conhecimento relacionadas ao ensino de língua estrangeira.</p><p>(...)</p><p>14.2 A apresentação por escrito deverá ser em língua portuguesa para todas as matérias/ áreas de conhecimento, exceto para matérias/áreas de conhecimento relacionadas ao ensino de língua estrangeira.</p><p class="assina">FÁBIO JOSUÉ SOUZA DOS SANTOS</p>]]></Texto>
  </body>
  <Midias />
</article></xml>