﻿<xml><article id="27732485" name="CT 064-2022 - Maciel - ATA TSE" idOficio="7756178" pubName="DO3" artType="Extrato de Contrato" pubDate="30/08/2022" artClass="00047:00016:00000:00000:00000:00000:00000:00000:00000:00000:00031:00000" artCategory="Poder Judiciário/Tribunal Regional Eleitoral da Bahia" artSize="12" artNotes="" numberPage="259" pdfPage="http://pesquisa.in.gov.br/imprensa/jsp/visualiza/index.jsp?data=30/08/2022&amp;jornal=530&amp;pagina=259" editionNumber="165" highlightType="" highlightPriority="" highlight="" highlightimage="" highlightimagename="" idMateria="15537516">
  <body>
    <Identifica><![CDATA[ EXTRATO DE CONTRATO]]></Identifica>
    <Data><![CDATA[]]></Data>
    <Ementa />
    <Titulo />
    <SubTitulo />
    <Texto><![CDATA[<p class="identifica">EXTRATO DE CONTRATO</p><p>CONTRATO 064/2022, firmado entre a União, por intermédio do Tribunal Regional Eleitoral da Bahia e a Empresa MACIEL CONSULTORES S/S. OBJETO: Serviço auditoria externa para exame e validação da organização, condução e conclusão dos trabalhos relativos ao Teste de Integridade referentes às Eleições Gerais de 2022. VALOR TOTAL: R$ 349.397,60. FUNDAMENTO LEGAL: Leis 8.666/93, 10.520/2002, pregão nº 057/2022 do TSE e Ata de Registro de Preços nº 021/2022 do TSE. DOTAÇÃO ORÇAMENTÁRIA: Elemento 3.3.3.90.35.02; Ação 02.061.0033.4269.0001. Processos SEI: 2021.00.000004390-7 do TSE e 0015143-72.2022.6.05.8000 do T.R.E-BA. VIGÊNCIA: 12 (doze) meses, contatos da data da assinatura. ASSINATURA: 25/08/2022. SIGNATÁRIOS: Raimundo de Campos Vieira pelo TRE-BA e o Sr. Eser Helmut Amorim, pela Contratada.</p>]]></Texto>
  </body>
  <Midias />
</article></xml>