﻿<xml><article id="27766889" name="2022-08-29/9056580/COMPRASNETWS_" idOficio="9056580" pubName="DO3" artType="Extrato de Termo Aditivo" pubDate="30/08/2022" artClass="00018:00067:00011:00000:00000:00000:00000:00000:00000:00000:00054:00001" artCategory="Ministério da Educação/Instituto Federal de Educação, Ciência e Tecnologia do Rio Grande do Norte/Campus Mossoró" artSize="12" artNotes="" numberPage="108" pdfPage="http://pesquisa.in.gov.br/imprensa/jsp/visualiza/index.jsp?data=30/08/2022&amp;jornal=530&amp;pagina=108" editionNumber="165" highlightType="" highlightPriority="" highlight="" highlightimage="" highlightimagename="" idMateria="19839096">
  <body>
    <Identifica><![CDATA[ EXTRATO DE TERMO ADITIVO Nº 251/2022 - UASG 158365]]></Identifica>
    <Data><![CDATA[]]></Data>
    <Ementa />
    <Titulo />
    <SubTitulo />
    <Texto><![CDATA[<p class="identifica">EXTRATO DE TERMO ADITIVO Nº 251/2022 - UASG 158365</p><p>Número do Contrato: 113/2019.</p><p>Nº Processo: 23093.001587/2019-04.</p><p>Dispensa. Nº 1/2019. Contratante: INST.FED DO RN/CAMPUS MOSSORO. Contratado: 09.234.399/0001-40 - CRIL EMPREENDIMENTO AMBIENTAL LTDA. Objeto: Prorrogação da vigência do Contrato nº 113/2019 - PROAD/IFRN. Vigência: 26/08/2022 a 26/08/2023. Valor Total Atualizado do Contrato: R$ 1.680,00. Data de Assinatura: 25/08/2022.</p><p>(COMPRASNET 4.0 - 25/08/2022).</p>]]></Texto>
  </body>
  <Midias />
</article></xml>