﻿<xml><article id="27732566" name="AVISO PENALIDADE 1" idOficio="9056657" pubName="DO3" artType="Aviso" pubDate="30/08/2022" artClass="00045:00016:00000:00000:00000:00000:00000:00000:00000:00000:00108:00000" artCategory="Defensoria Pública da União/Secretaria-Geral Executiva" artSize="12" artNotes="" numberPage="251" pdfPage="http://pesquisa.in.gov.br/imprensa/jsp/visualiza/index.jsp?data=30/08/2022&amp;jornal=530&amp;pagina=251" editionNumber="165" highlightType="" highlightPriority="" highlight="" highlightimage="" highlightimagename="" idMateria="19839186">
  <body>
    <Identifica><![CDATA[ Aviso de Penalidade]]></Identifica>
    <Data><![CDATA[]]></Data>
    <Ementa />
    <Titulo />
    <SubTitulo />
    <Texto><![CDATA[<p class="identifica">Aviso de Penalidade</p><p>A Defensoria Pública-Geral da União, respeitado o devido processo legal, aplica à empresa Duque de Caxias Serviços Ltda. - ME, CNPJ nº 01.006.345/0001-15, a sanção de impedimento de licitar e contratar com a Administração Pública Federal e descredenciamento no SICAF, nos termos do art. 7º da Lei nº. 10.520/2002, pelo prazo de 1 (um) ano, em razão do não recolhimento do INSS dos colaboradores, referente ao ano de 2019, bem como, a não prestação de subsidio necessário para que os colaboradores pudessem receber os valores referentes ao abono salarial (PIS), conforme previsto no item 9, da Cláusula Décima Quarta, do Contrato 24/2018 c/c art. 7º da Lei nº 10.520/2002.</p><p class="assina">Leonardo de Castro Trindade</p><p class="cargo">Secretário-Geral Executivo</p>]]></Texto>
  </body>
  <Midias />
</article></xml>