﻿<xml><article id="27733061" name="EXTRATO_ADITIVO fonseca reduAAo" idOficio="9056772" pubName="DO3" artType="Extrato de Termo Aditivo" pubDate="30/08/2022" artClass="00052:00015:00190:00000:00000:00000:00000:00000:00000:00000:00054:00000" artCategory="Prefeituras/Estado da Paraíba/Prefeitura Municipal de Remígio" artSize="12" artNotes="" numberPage="418" pdfPage="http://pesquisa.in.gov.br/imprensa/jsp/visualiza/index.jsp?data=30/08/2022&amp;jornal=530&amp;pagina=418" editionNumber="165" highlightType="" highlightPriority="" highlight="" highlightimage="" highlightimagename="" idMateria="19839311">
  <body>
    <Identifica><![CDATA[ EXTRATO DE TERMO ADITIVO]]></Identifica>
    <Data><![CDATA[]]></Data>
    <Ementa />
    <Titulo />
    <SubTitulo />
    <Texto><![CDATA[<p class="identifica">EXTRATO DE TERMO ADITIVO</p><p>OBJETO: AQUISIÇÃO DE ALIMENTOS SECOS PERECÍVEIS E NÃO PERECÍVEIS DA MERENDA ESCOLAR, DESTINADO AOS ALUNOS DO SISTEMA DE EDUCAÇÃO DO MUNICIPIO. FUNDAMENTO LEGAL: Pregão Eletrônico nº 00013/2022. ADITAMENTO: Ajuste no quantitativo para adequação à demanda, redução amigavelmente. PARTES CONTRATANTES: Prefeitura Municipal de Remígio e: CT Nº 00124/2022 - Raimundo Adelmar Fonseca Pires - CNPJ: 07.526.979/0001-85 - 1º Aditivo - redução de R$ 182.942,00. ASSINATURA: 17.08.22</p>]]></Texto>
  </body>
  <Midias />
</article></xml>