﻿<xml><article id="27733624" name="DOU CT_227.22 Extr" idOficio="9056969" pubName="DO3" artType="Extrato de Contrato" pubDate="30/08/2022" artClass="00052:00014:00089:00000:00000:00000:00000:00000:00000:00000:00031:00000" artCategory="Prefeituras/Estado do Paraná/PREFEITURA MUNICIPAL DE CASTRO" artSize="12" artNotes="" numberPage="406" pdfPage="http://pesquisa.in.gov.br/imprensa/jsp/visualiza/index.jsp?data=30/08/2022&amp;jornal=530&amp;pagina=406" editionNumber="165" highlightType="" highlightPriority="" highlight="" highlightimage="" highlightimagename="" idMateria="19839477">
  <body>
    <Identifica><![CDATA[ EXTRATO DE CONTRATO Nº 227/2022]]></Identifica>
    <Data><![CDATA[]]></Data>
    <Ementa />
    <Titulo />
    <SubTitulo />
    <Texto><![CDATA[<p></p><p class="identifica">EXTRATO DE CONTRATO Nº 227/2022</p><p>PREGÃO ELETRÔNICO Nº 043/2022</p><p>DATA DO CONTRATO: 22 DE AGOSTO DE 2022.</p><p>CONTRATANTE: MUNICÍPIO DE CASTRO - ESTADO DO PARANÁ, INSCRITO NO CNPJ/MF Nº 77.001.311/0001-08, neste ato representado pelo PREFEITO MUNICIPAL, SR. ÁLVARO TELLES, PORTADOR DO CI/RG Nº 1.90*.***/PR, CPF/MF Nº 337.***.***-**.</p><p>CONTRATADO: EUGENIO WOLLE NETTO TRANSPORTES E TURISMO ME, inscrita no CNPJ/MF nº 09.385.367/0001-45, CEP: 83.540-000, Castro - PR, neste ato representado por seu sócio proprietário, Sr. EUGENIO WOLLE NETTO, portador do CI/RG nº 6.13*.***-* e CPF/MF nº 922.***.***-**.</p><p>OBJETO: O TRANSPORTE ESCOLAR PARA ATENDIMENTO DOS ALUNOS MATRICULADOS NA REDE ESTADUAL DE ENSINO - EDUCAÇÃO BÁSICA - ENSINO MÉDIO - ANO LETIVO 2022 - SECRETARIA MUNICIPAL DE EDUCAÇÃO - RECURSOS: (139) CONV SEED PNATE/TRANSP ESCOLAR. O transporte será realizado em veículo próprio e adequado para tal fim, nos dias letivos, conforme calendário escolar.</p><p>VALOR: Pela prestação dos serviços de transporte de alunos, relativo ao Lote 02 e 03, o CONTRATANTE pagará a CONTRATADA o valor máximo de R$ 386.016,89.</p><p>PRAZO DE EXECUÇÃO: O prazo de execução do presente CONTRATO será conforme o calendário escolar estadual do ano de 2022.</p><p>PRAZO DE VIGÊNCIA: O prazo de vigência deste CONTRATO contará a partir de sua assinatura até o dia 31 de janeiro de 2023.</p>]]></Texto>
  </body>
  <Midias />
</article></xml>