﻿<xml><article id="27761187" name="2022-08-28/9056489/SICONV_198389" idOficio="9056489" pubName="DO3" artType="Extrato de Convênio" pubDate="30/08/2022" artClass="00007:00049:00000:00000:00000:00000:00000:00000:00000:00000:00032:00001" artCategory="Ministério da Agricultura, Pecuária e Abastecimento/Secretaria de Inovação, Desenvolvimento Sustentável e Irrigação" artSize="12" artNotes="" numberPage="6" pdfPage="http://pesquisa.in.gov.br/imprensa/jsp/visualiza/index.jsp?data=30/08/2022&amp;jornal=530&amp;pagina=6" editionNumber="165" highlightType="" highlightPriority="" highlight="" highlightimage="" highlightimagename="" idMateria="19838960">
  <body>
    <Identifica><![CDATA[ EXTRATO DE TERMO ADITIVO]]></Identifica>
    <Data><![CDATA[]]></Data>
    <Ementa />
    <Titulo />
    <SubTitulo />
    <Texto><![CDATA[<p class="identifica">EXTRATO DE TERMO ADITIVO</p><p>Espécie: Termo Aditivo de Alteração da Vigência Nº 000002/2022 ao Convênio Nº 907540/2020. Convenentes: Concedente: MINISTÉRIO DA AGRICULTURA, PECUARIA E ABASTECIMENTO, Unidade Gestora: 130005. Convenente: MUNICIPIO DE GUAPE, CNPJ nº 18239616000185. Prazo do Convenio. Valor Total: R$ 1.887.000,00, Valor de Contrapartida: R$ 277.825,00, Vigência: 18/08/2022 a 28/11/2022. Data de Assinatura: 31/12/2020. Signatários: Concedente: CLEBER OLIVEIRA SOARES, CPF nº 61672793572, Convenente: NELSON ALVES LARA, CPF nº 813.523.606-91.</p>]]></Texto>
  </body>
  <Midias />
</article></xml>