﻿<xml><article id="27732770" name="SST 0250_2022." idOficio="7356181" pubName="DO3" artType="Aviso" pubDate="30/08/2022" artClass="00023:00042:00000:00000:00000:00000:00000:00000:00000:00000:00108:00000" artCategory="Ministério de Minas e Energia/Petróleo Brasileiro S.A." artSize="12" artNotes="" numberPage="197" pdfPage="http://pesquisa.in.gov.br/imprensa/jsp/visualiza/index.jsp?data=30/08/2022&amp;jornal=530&amp;pagina=197" editionNumber="165" highlightType="" highlightPriority="" highlight="" highlightimage="" highlightimagename="" idMateria="14837471">
  <body>
    <Identifica><![CDATA[ AVISO DE  LICENÇA DE OPERAÇÃO]]></Identifica>
    <Data><![CDATA[ Santos/SP, 19 de agosto de 2022.]]></Data>
    <Ementa />
    <Titulo />
    <SubTitulo />
    <Texto><![CDATA[<p class="identifica">AVISO DE LICENÇA DE OPERAÇÃO</p><p>Torna público que requereu ao Instituto Brasileiro do Meio Ambiente e dos Recursos Naturais Renováveis - IBAMA, a Renovação da Licença de Operação para o Desenvolvimento da Produção e Escoamento de Lula Norte através do FPSO P-67 no âmbito da Atividade de Produção e Escoamento de Petróleo e Gás Natural do Polo Pré-Sal da Bacia de Santos - Etapa 2.</p><p class="data">Santos/SP, 19 de agosto de 2022.</p><p class="assina">FELIPE MOREIRA MATOSO RIBEIRO GOMES</p><p class="cargo">Gerente Geral</p>]]></Texto>
  </body>
  <Midias />
</article></xml>