﻿<xml><article id="27733717" name="Aviso de Julg Prop de Prec - Con" idOficio="9056985" pubName="DO3" artType="Aviso de Julgamento" pubDate="30/08/2022" artClass="00051:00018:00021:00000:00000:00000:00000:00000:00000:00000:00154:00000" artCategory="Governo do Estado/Governo do Estado do Piauí/Instituto de Desenvolvimento do Piauí" artSize="12" artNotes="" numberPage="314" pdfPage="http://pesquisa.in.gov.br/imprensa/jsp/visualiza/index.jsp?data=30/08/2022&amp;jornal=530&amp;pagina=314" editionNumber="165" highlightType="" highlightPriority="" highlight="" highlightimage="" highlightimagename="" idMateria="19839507">
  <body>
    <Identifica><![CDATA[ RESULTADO DE JULGAMENTO CONCORRÊNCIA Nº 147/2022  ]]></Identifica>
    <Data><![CDATA[ Teresina (PI), 22 de agosto de 2022.]]></Data>
    <Ementa />
    <Titulo />
    <SubTitulo />
    <Texto><![CDATA[<p class="identifica">RESULTADO DE JULGAMENTO CONCORRÊNCIA Nº 147/2022</p><p>O INSTITUTO DE DESENVOLVIMENTO DO PIAUÍ - IDEPI, torna público a todos os interessados que na licitação na modalidade Concorrência nº 147/2022, que tem por objeto: CONTRATAÇÃO DE UMA EMPRESA DE ENGENHARIA PARA A EXECUÇÃO DE SERVIÇOS DE MELHORIAS SANITÁRIAS DOMICILIARES NO MUNICÍPIO DE SIGEFREDO PACHECO/PI - CONVÊNIO/SICONV Nº 907035/2020/MDR/FUNASA, realizada abertura e encaminhada para a análise das propostas apresentadas no setor de engenharia responsável, tendo como resultado a classificação das propostas de preços das Empresas: 1) R. MELO CONSTRUTORA - CNPJ nº 01.857.346/0001-73, com valor total de R$ 990.519,95 (novecentos e noventa mil, quinhentos e dezenove reais e noventa e cinco centavos). Encontram-se desclassificadas as propostas de preços das Empresas: 2) DMA ENGENHARIA - CNPJ nº 31.132.284/0001-01, pelo não cumprimento do exigido no item 8.1.4.1/8.1.4.2 c/c 8.1.4.1/8.1.4.2; 3) PANORAMA EMPRE. E SERVIÇOS EIRELI - CNPJ nº 10.915.057/0001-74, pelo não cumprimento do exigido no item 8.1.6 do edital desta concorrência. Maiores informações na sede do IDEPI, na localizado a Rua Altos, 3541, Água Mineral, em Teresina-PI, Fone: (086) 3214-1016 e e-mail: idepicpl.thepiaui@gmail.com, de segunda a sexta-feira, das 07:30 às 13:30 horas.</p><p class="data">Teresina (PI), 22 de agosto de 2022.</p><p class="assina">ALLAN RICARDO ALVES CIRILO</p><p class="cargo">Presidente da COPEL/IDEPI</p><p class="assina">LEONARDO SOBRAL SANTOS</p><p class="cargo">Diretor Geral - IDEPI</p>]]></Texto>
  </body>
  <Midias />
</article></xml>