﻿<xml><article id="27732995" name="Ext contrato 057-2022 DOU" idOficio="9056548" pubName="DO3" artType="Extrato de Termo Aditivo" pubDate="30/08/2022" artClass="00051:00009:00039:00000:00000:00000:00000:00000:00000:00000:00054:00000" artCategory="Governo do Estado/Governo do Estado de Goiás/Secretaria da Segurança Pública e Justiça" artSize="12" artNotes="" numberPage="311" pdfPage="http://pesquisa.in.gov.br/imprensa/jsp/visualiza/index.jsp?data=30/08/2022&amp;jornal=530&amp;pagina=311" editionNumber="165" highlightType="" highlightPriority="" highlight="" highlightimage="" highlightimagename="" idMateria="19839061">
  <body>
    <Identifica><![CDATA[ EXTRATO DE CONTRATO nº 57/2022]]></Identifica>
    <Data><![CDATA[]]></Data>
    <Ementa />
    <Titulo />
    <SubTitulo />
    <Texto><![CDATA[<p class="identifica">EXTRATO DE CONTRATO nº 57/2022</p><p>Processo: 202116448025327. Contratante: Estado de Goiás/Secretaria da Segurança Pública. Contratada: FABBRICA D'ARMI PIETRO BERETTA S.p.A, CNPJ 01541040174. Objeto: Dilação do prazo contratual, prorrogando sua vigência por um período de 12 meses. Data da Assinatura: 23/08/2022.</p>]]></Texto>
  </body>
  <Midias />
</article></xml>