﻿<xml><article id="27732875" name="04-AVISO DE LICITAAAO UNIAO- CAR" idOficio="9056601" pubName="DO3" artType="Aviso de Licitação" pubDate="30/08/2022" artClass="00052:00018:00033:00000:00000:00000:00000:00000:00000:00000:00081:00000" artCategory="Prefeituras/Estado do Rio Grande do Norte/Prefeitura Municipal de Carnaúba dos Dantas" artSize="12" artNotes="" numberPage="427" pdfPage="http://pesquisa.in.gov.br/imprensa/jsp/visualiza/index.jsp?data=30/08/2022&amp;jornal=530&amp;pagina=427" editionNumber="165" highlightType="" highlightPriority="" highlight="" highlightimage="" highlightimagename="" idMateria="19839119">
  <body>
    <Identifica><![CDATA[ AVISO DE LICITAÇÃO]]></Identifica>
    <Data><![CDATA[ Em 29 de agosto de 2022.]]></Data>
    <Ementa />
    <Titulo />
    <SubTitulo />
    <Texto><![CDATA[<p class="identifica">AVISO DE LICITAÇÃO</p><p class="identifica">PREGÃO ELETRÔNICO Nº 45/2022</p><p>A Pregoeira Oficial da PMCD/RN, torna público que dia 12 de setembro de 2022, às 09 horas (horário de Brasília) fará realizar licitação na modalidade PREGÃO ELETRONICO do tipo menor preço, para formalização de ARP, objetivando o Registro de preços para Aquisição de um veículo utilitário zero quilometro e um veículo tipo ambulância tipo A - simples remoção tipo furgoneta, para a Secretária de Saúde.</p><p>O edital com seus anexos encontram-se a disposição dos interessados no site: www.portaldecompraspublicas.com.br e no site www.carnaubadosdantas.rn.gov.br a partir de 30 de agosto de 2022.</p><p class="data">Em 29 de agosto de 2022.</p><p class="assina">Maria Da Paz Dantas</p>]]></Texto>
  </body>
  <Midias />
</article></xml>