﻿<xml><article id="27732527" name="PRG 070 RGP 049 PRC 0221 - Forne" idOficio="9056570" pubName="DO3" artType="Aviso de Licitação" pubDate="30/08/2022" artClass="00052:00012:00488:00000:00000:00000:00000:00000:00000:00000:00081:00000" artCategory="Prefeituras/Estado de Minas Gerais/PREFEITURA MUNICIPAL DE IBIRACI" artSize="12" artNotes="" numberPage="378" pdfPage="http://pesquisa.in.gov.br/imprensa/jsp/visualiza/index.jsp?data=30/08/2022&amp;jornal=530&amp;pagina=378" editionNumber="165" highlightType="" highlightPriority="" highlight="" highlightimage="" highlightimagename="" idMateria="19839085">
  <body>
    <Identifica><![CDATA[ Aviso de Licitação]]></Identifica>
    <Data><![CDATA[ IBIRACI/MG, 26 de agosto de 2022.]]></Data>
    <Ementa />
    <Titulo />
    <SubTitulo />
    <Texto><![CDATA[<p class="identifica">Aviso de Licitação</p><p class="identifica">Pregão Eletrônico Nº 70/2022</p><p>Registro de Preço Nº 49/2022</p><p>A Prefeitura Municipal de Ibiraci, MG, através de seu Pregoeiro torna público a realização de pregão eletrônico, com registro de preço. Critério de julgamento menor preço por lote. Objeto - Fornecimento de materiais para construção destinados a manutenção das rotinas das diversas secretarias do município. Serão recebidas as propostas até as 08h30min do dia 12 de setembro de 2022, com início da disputa de lances às 09h00min do dia 12 de setembro de 2022. O Edital está à disposição dos interessados no Setor de Licitações, R: Seis de Abril, 912, e nos sites www.ibiraci.mg.gov.br e www.licitacoes-e.com.br . Informações (35) 3544-9700.</p><p class="data">IBIRACI/MG, 26 de agosto de 2022.</p><p class="assina">Bruno Carvalho dos Santos</p><p></p>]]></Texto>
  </body>
  <Midias />
</article></xml>