﻿<xml><article id="27764626" name="2022-08-29/9056859/COMPRASNETWS_" idOficio="9056859" pubName="DO3" artType="Extrato de Termo Aditivo" pubDate="30/08/2022" artClass="00026:00026:00017:00000:00000:00000:00000:00000:00000:00000:00054:00001" artCategory="Ministério da Saúde/Secretaria Especial de Saúde Indígena/Distrito Sanitário Especial Indígena - Guamá-Tocantins" artSize="12" artNotes="" numberPage="210" pdfPage="http://pesquisa.in.gov.br/imprensa/jsp/visualiza/index.jsp?data=30/08/2022&amp;jornal=530&amp;pagina=210" editionNumber="165" highlightType="" highlightPriority="" highlight="" highlightimage="" highlightimagename="" idMateria="19839412">
  <body>
    <Identifica><![CDATA[ EXTRATO DE TERMO ADITIVO Nº 2/2022 - UASG 257043]]></Identifica>
    <Data><![CDATA[]]></Data>
    <Ementa />
    <Titulo />
    <SubTitulo />
    <Texto><![CDATA[<p class="identifica">EXTRATO DE TERMO ADITIVO Nº 2/2022 - UASG 257043</p><p>Número do Contrato: 7/2017.</p><p>Nº Processo: 25056.000195/2017-20.</p><p>Inexigibilidade. Nº 7/2017. Contratante: DISTRITO SANIT.ESP.INDIGENA GUAMA TOCANTINS. Contratado: 09.168.704/0001-42 - EMPRESA BRASIL DE COMUNICACAO S.A. - EBC. Objeto: Empresa especializada para prestação de serviços de distribuição de publicidade legal em jornal diário grande circulação no estado, para atender as demandas do dsei guatoc/sesai/ms. O presente termo aditivo, regido pelas disposições contidas na lei nº. 8.666, de 21 de junho de 1993 e suas alterações, em observância ao artigo 57, inciso ii, tem por objetivo a alteração da "cláusula nona - da vigência" e "cláusula - do valor e dos recursos orçamentários" do contrato nº 07/2017, portanto, apresentando uma supressão de 75% (setenta e cinco por cento) no valor do contrato. Vigência: 29/08/2022 a 29/08/2023. Valor Total Atualizado do Contrato: R$ 10.000,00. Data de Assinatura: 26/08/2022.</p><p>(COMPRASNET 4.0 - 26/08/2022).</p>]]></Texto>
  </body>
  <Midias />
</article></xml>