﻿<xml><article id="27731792" name="2022-08-28/9056319/SICONV_198385" idOficio="9056319" pubName="DO3" artType="Extrato de Convênio" pubDate="30/08/2022" artClass="00026:00039:00000:00000:00000:00000:00000:00000:00000:00000:00032:00001" artCategory="Ministério da Saúde/Fundação Nacional de Saúde" artSize="12" artNotes="" numberPage="213" pdfPage="http://pesquisa.in.gov.br/imprensa/jsp/visualiza/index.jsp?data=30/08/2022&amp;jornal=530&amp;pagina=213" editionNumber="165" highlightType="" highlightPriority="" highlight="" highlightimage="" highlightimagename="" idMateria="19838517">
  <body>
    <Identifica><![CDATA[ EXTRATO DE TERMO ADITIVO]]></Identifica>
    <Data><![CDATA[]]></Data>
    <Ementa />
    <Titulo />
    <SubTitulo />
    <Texto><![CDATA[<p class="identifica">EXTRATO DE TERMO ADITIVO</p><p>Espécie: Termo Aditivo de Alteração da Vigência Nº 000003/2022 ao Convênio Nº 864758/2018. Convenentes: Concedente: FUNDACAO NACIONAL DE SAUDE, Unidade Gestora: 255026. Convenente: MUNICIPIO DE CAPELA, CNPJ nº 13119961000161. SOLICITO PRORROGAÇÃO DA VIGÊNCIA CONFORME OFICIO E CRONOGRAMA DE EXECUÇÃO INSERIDO NA ABA ANEXOS. Valor Total: R$ 1.261.416,01, Valor de Contrapartida: R$ 261.416,01, Vigência: 01/09/2022 a 01/09/2023. Data de Assinatura: 31/05/2018. Signatários: Concedente: WALDOILSON DOS SANTOS LEITE, CPF nº 48194182549, Convenente: SILVANY YANINA MAMLAK SUKITA, CPF nº 934.705.415-15.</p>]]></Texto>
  </body>
  <Midias />
</article></xml>