﻿<xml><article id="27732905" name="Aviso de HomologaAAo - DOU (Preg" idOficio="9056664" pubName="DO3" artType="Aviso de Homologação" pubDate="30/08/2022" artClass="00013:00010:00010:00021:00219:00000:00000:00000:00000:00000:00077:00000" artCategory="Ministério da Defesa/Comando da Aeronáutica/Comando de Preparo/III Comando Aéreo Regional/Base Aérea dos Afonsos" artSize="12" artNotes="" numberPage="29" pdfPage="http://pesquisa.in.gov.br/imprensa/jsp/visualiza/index.jsp?data=30/08/2022&amp;jornal=530&amp;pagina=29" editionNumber="165" highlightType="" highlightPriority="" highlight="" highlightimage="" highlightimagename="" idMateria="19839193">
  <body>
    <Identifica><![CDATA[ AVISO DE HOMOLOGAÇÃO]]></Identifica>
    <Data><![CDATA[]]></Data>
    <Ementa />
    <Titulo />
    <SubTitulo />
    <Texto><![CDATA[<p class="identifica">AVISO DE HOMOLOGAÇÃO</p><p class="identifica">PREGÃO ELETRÔNICO Nº 23/2022</p><p>A BASE AÉREA DOS AFONSOS-BAAF, torna público que, conforme Processo nº 67241.002271/2022-51, referente ao Pregão Eletrônico nº 23/2022, e nos termos da legislação vigente, foi homologada no dia 12/08/2022, pelo Ordenador de Despesas, o Senhor Tenente-Coronel Intendente JOSÉ HENRIQUE FERREIRA CORÉ, a referida licitação, cujo objeto é a escolha da proposta mais vantajosa para a aquisição de gêneros alimentícios (bebidas, doces e confeitaria), para atender as necessidades do serviço de subsistência da Base Aérea dos Afonsos (BAAF), como segue: F.A.S KAPPLER COMERCIO EIRELI, CNPJ: 00.165.085/0001-68, item 137, Valor Total Registrado: R$ 276.660,00; F. FIRMINO COMERCIAL E SERVICOS LTDA, CNPJ: 04.718.601/0001-95, item 117, Valor Total Registrado: R$ 2.625,00; ALIMENTARES SERVICOS DE TRANSPORTES E COMERCIAL EIRELI, CNPJ: 07.523.398/0001-90, item 104, Valor Total Registrado: R$ 18.420,10; VISIONARIA COMERCIO E SERVICOS EM GERAL LTDA, CNPJ: 09.211.999/0001-92, item 135, Valor Total Registrado: R$ 338.767,00; ECCAGIO COMERCIO DE ALIMENTOS LTDA, CNPJ: 10.511.650/0001-55, item 145, Valor Total Registrado: R$ 26.370,20; ERDAN 2009 COMERCIO E SERVICOS LTDA, CNPJ: 10.931.514/0001-14, item 91, Valor Total Registrado: R$ 23.760,00; NUTRE PLUS COMERCIAL ALIMENTOS EIRELI, CNPJ: 11.428.542/0001-86, item 109, Valor Total Registrado: R$ 73.125,00; L.A.V. NEVES DISTRIBUIDORA DE ALIMENTOS, CNPJ: 14.039.855/0001-30, itens 108, 110, 112, 115, 122, 123, 126 e 127, Valor Total Registrado: R$ 163.130,00; FRESH FOOD COMERCIO DE GENEROS ALIMENTENCIOS LTDA, CNPJ: 14.263.869/0001-33, item 116, Valor Total Registrado: R$ 7.654,50; QUALITY COMERCIO E SERVICOS EM GERAL LTDA, CNPJ: 20.676.042/0001-54, itens 114, 119, 120, 121, 130, 131, 134, 146, 150, 157 e 159, Valor Total Registrado: R$ 477.252,50; MASTER RIO COMERCIO E SERVICOS LTDA, CNPJ: 27.414.238/0001-10, itens 102, 103, 124, 129, e 144, Valor Total Registrado: R$ 33.158,40; ORION DISTRIBUIDORA E COMERCIO EIRELI, CNPJ: 31.738.141/0001-30, itens 92, 118, 136, 138 e 140, Valor Total Registrado: R$ 176.866,20; FLOW COMERCIO E SERVICOS EM GERAL EIRELI, CNPJ: 36.697.873/0001-42, itens 105, 106, 107, 111, 143, 147, 148, 149, 152, 153, 154, 155, 156 e 158, Valor Total Registrado: R$ 588.131,75; MULTIPLIQUE COMERCIO DE ALIMENTOS EIRELI, CNPJ: 37.190.700/0001-04, itens 113 e 128, Valor Total Registrado: R$ 16.095,60; PRIME VENDAS E SERVICOS LTDA, CNPJ: 39.913.528/0001-97, item 151, Valor Total Registrado: R$ 21.600,00; M&amp;G DO AMARAL DISTRIBUIDORA E SERVICOS LTDA, CNPJ: 40.911.648/0001-34, itens 125, 139 e 142, Valor Total Registrado: R$ 145.527,00; WRGM DISTRIBUIDORA LTDA, CNPJ: 43.147.204/0001-62, itens 94, 95, 96, 97, 98, 99, 100, 101 e 141, Valor Total Registrado: R$ 196.134,70; ICE 10 COMERCIO DE BEBIDAS LTDA, CNPJ: 43.573.756/0001-32, item 93, Valor Total Registrado: R$ 18.125,00.</p><p class="assina">JOSÉ HENRIQUE FERREIRA CORÉ Ten Cel Int</p><p class="cargo">Ordenador de Despesas</p>]]></Texto>
  </body>
  <Midias />
</article></xml>