﻿<xml><article id="27761912" name="2022-08-29/9056789/COMPRASNETWS_" idOficio="9056789" pubName="DO3" artType="Extrato de Apostilamento" pubDate="30/08/2022" artClass="00047:00025:00000:00000:00000:00000:00000:00000:00000:00000:00143:00001" artCategory="Poder Judiciário/Tribunal Regional Eleitoral do Pará" artSize="12" artNotes="" numberPage="263" pdfPage="http://pesquisa.in.gov.br/imprensa/jsp/visualiza/index.jsp?data=30/08/2022&amp;jornal=530&amp;pagina=263" editionNumber="165" highlightType="" highlightPriority="" highlight="" highlightimage="" highlightimagename="" idMateria="19839335">
  <body>
    <Identifica><![CDATA[ EXTRATO DE APOSTILAMENTO Nº 18/2022 - UASG 070004]]></Identifica>
    <Data><![CDATA[]]></Data>
    <Ementa />
    <Titulo />
    <SubTitulo />
    <Texto><![CDATA[<p class="identifica">EXTRATO DE APOSTILAMENTO Nº 18/2022 - UASG 070004</p><p>Número do Contrato: 37/2020.</p><p>Nº Processo: 0009802-84.2020.6.14.8000.</p><p>Contratante: TRIBUNAL REGIONAL ELEITORAL DO PARA. Contratado: 18.276.815/0001-63 - D. G. DA SILVA INFORMATICA - EIRELI. Objeto: Registrar a repactuação do contrato nº 37/2020, de acordo com os valores apresentados na informação nº 12 (1642948), despacho 1651691 e planilhas de repactuação aprovadas pela unidade, passando o valor global do contrato, a partir de 1º/1/2022 para r$ 968.980,68 (novecentos e sessenta e oito mil novecentos e oitenta reais e sessenta e oito centavos), para r$ 970.303,08 (novecentos e setenta mil trezentos e três reais e oito centavos) a partir de 28/3/2022 e r$ 1.039.811,88 (um milhão trinta e nove mil oitocentos e onze reais e oitenta e oito centavos) a partir de 1º/7/2022;</p><p>registrar o reforço do saldo da nota de empenho nº 2022ne000437, através do registro orçamentário nº 2022ro002290, de 24/08/2022, no valor de r$ 38.281,60 (trinta e oito mil duzentos e oitenta e um reais e sessenta centavos), de acordo com autorizado no evento 1631163.</p><p>registrar o reforço do saldo da nota de empenho nº 2022ne000439, através do registro orçamentário nº 2022ro002291, de 24/08/2022, no valor de r$ 10.660,40 (dez mil seiscentos e sessenta reais e quarenta centavos), de acordo com autorizado no evento 1631163.</p><p>registrar a emissão da nota de empenho nº 2022ne000785, de 24/08/20222, no valor de r$ 24.244,09 (vinte e quatro mil duzentos e quarenta e quatro reais e nove centavos), para para cobrir despesas com o contrato nº 37/2020, de acordo com o autorizado no evento 1631163 (parte fixa), à conta dos recursos previstos na na ação "20gp", ptres 167864 - natureza da despesa 3.3.90.37.. Vigência: 21/05/2020 a 21/05/2023. Valor Total Atualizado do Contrato: R$ 1.039.811,88. Data de Assinatura: 28/08/2022.</p><p>(COMPRASNET 4.0 - 28/08/2022).</p>]]></Texto>
  </body>
  <Midias />
</article></xml>