﻿<xml><article id="27763876" name="2022-08-28/9056402/SICONV_198388" idOficio="9056402" pubName="DO3" artType="Extrato de Convênio" pubDate="30/08/2022" artClass="00007:00049:00000:00000:00000:00000:00000:00000:00000:00000:00032:00001" artCategory="Ministério da Agricultura, Pecuária e Abastecimento/Secretaria de Inovação, Desenvolvimento Sustentável e Irrigação" artSize="12" artNotes="" numberPage="7" pdfPage="http://pesquisa.in.gov.br/imprensa/jsp/visualiza/index.jsp?data=30/08/2022&amp;jornal=530&amp;pagina=7" editionNumber="165" highlightType="" highlightPriority="" highlight="" highlightimage="" highlightimagename="" idMateria="19838814">
  <body>
    <Identifica><![CDATA[ EXTRATO DE TERMO ADITIVO]]></Identifica>
    <Data><![CDATA[]]></Data>
    <Ementa />
    <Titulo />
    <SubTitulo />
    <Texto><![CDATA[<p class="identifica">EXTRATO DE TERMO ADITIVO</p><p>Espécie: Termo Aditivo de Alteração da Vigência Nº 000005/2022 ao Convênio Nº 889265/2019. Convenentes: Concedente: MINISTÉRIO DA AGRICULTURA, PECUARIA E ABASTECIMENTO, Unidade Gestora: 130005. Convenente: MUNICIPIO DE ITAGUACU, CNPJ nº 27167451000174. Prorrogação do prazo de vigência por mais 180 (cento e oitenta) dias. Valor Total: R$ 522.250,00, Valor de Contrapartida: R$ 272.250,00, Vigência: 25/08/2022 a 31/12/2022. Data de Assinatura: 31/12/2019. Signatários: Concedente: CLEBER OLIVEIRA SOARES, CPF nº 61672793572, Convenente: UESLEY ROQUE CORTELETTI THON, CPF nº 128.904.547-03.</p>]]></Texto>
  </body>
  <Midias />
</article></xml>