﻿<xml><article id="27765351" name="2022-08-29/9056740/COMPRASNETWS_" idOficio="9056740" pubName="DO3" artType="Extrato de Contrato" pubDate="30/08/2022" artClass="00020:00037:00125:00000:00000:00000:00000:00000:00000:00000:00031:00001" artCategory="Ministério da Justiça e Segurança Pública/Fundação Nacional do Índio/Coordenação Regional Xavante-MT-CR-XAV" artSize="12" artNotes="" numberPage="189" pdfPage="http://pesquisa.in.gov.br/imprensa/jsp/visualiza/index.jsp?data=30/08/2022&amp;jornal=530&amp;pagina=189" editionNumber="165" highlightType="" highlightPriority="" highlight="" highlightimage="" highlightimagename="" idMateria="19839278">
  <body>
    <Identifica><![CDATA[ EXTRATO DE CONTRATO Nº 199/2022 - UASG 194029]]></Identifica>
    <Data><![CDATA[]]></Data>
    <Ementa />
    <Titulo />
    <SubTitulo />
    <Texto><![CDATA[<p class="identifica">EXTRATO DE CONTRATO Nº 199/2022 - UASG 194029</p><p>Nº Processo: 08746.000549/2022-14.</p><p>Inexigibilidade Nº 9/2022. Contratante: COORDENACAO REGIONAL XAVANTE/MT.</p><p>Contratado: 04.234.130/0001-40 - SETAE - SERVICOS DE TRATAMENTO DE AGUA E ESGOTO LTDA -. Objeto: O presente Contrato tem por objeto o fornecimento, pela CONTRATADA, de água tratada e de coleta e tratamento de esgotamento sanitário, destinado a atender às necessidades da CONTRATANTE na sede da Coordenação Técnica Local de Nova Xavantina, no município de Nova Xavantina - MT. Fundamento Legal: LEI 8.666 / 1993 - Artigo: 25. Vigência: 24/08/2022 a Indeterminado. Valor Total: R$ 1.800,00. Data de Assinatura: 24/08/2022.</p><p>(COMPRASNET 4.0 - 26/08/2022).</p>]]></Texto>
  </body>
  <Midias />
</article></xml>