﻿<xml><article id="27733034" name="AVISO DOU" idOficio="9056729" pubName="DO3" artType="Aviso de Licitação" pubDate="30/08/2022" artClass="00052:00014:00425:00000:00000:00000:00000:00000:00000:00000:00081:00000" artCategory="Prefeituras/Estado do Paraná/Prefeitura Municipal de Sarandi" artSize="12" artNotes="" numberPage="411" pdfPage="http://pesquisa.in.gov.br/imprensa/jsp/visualiza/index.jsp?data=30/08/2022&amp;jornal=530&amp;pagina=411" editionNumber="165" highlightType="" highlightPriority="" highlight="" highlightimage="" highlightimagename="" idMateria="19839267">
  <body>
    <Identifica><![CDATA[ EXTRATO de INEXIGIBILIDADE DE LICITAÇÃO Nº 48/2022 - PMS]]></Identifica>
    <Data><![CDATA[]]></Data>
    <Ementa />
    <Titulo />
    <SubTitulo />
    <Texto><![CDATA[<p class="identifica">EXTRATO de INEXIGIBILIDADE DE LICITAÇÃO Nº 48/2022 - PMS</p><p>EXTRATO PARA PUBLICAÇÃO - INEXIGIBILIDADE DE LICITAÇÃO Nº 48/2022 - PMS</p><p>ORIGEM: Inexigibilidade de Licitação nº 048/2022-PMS</p><p>CONTRATANTE: Prefeitura do Município de Sarandi-PR</p><p>CONTRATADA: L GONZALEZ FAJARDO SERVIÇOS MEDICOS LTDA</p><p>OBJETO: Credenciamento de Pessoas Jurídicas para prestação de serviços médicos que tenham habilitação para o exercício das funções previstas no Projeto Básico, para atuação na Unidade de Pronto Atendimento - UPA e Ambulatório de Atendimento ao COVID-19 e Síndromes Respiratórias, conforme condições, quantidades e exigências estabelecidas neste instrumento, no enfretamento ao COVID-19.</p><p>VALOR TOTAL: R$54.610,00 (cinquenta e quatro mil e seiscentos e dez reais).</p><p>BASE LEGAL: Art. 25 da Lei 8.666/93. Sarandi, 23 de agosto de 2022. Walter Volpato - Prefeito.</p>]]></Texto>
  </body>
  <Midias />
</article></xml>