﻿<xml><article id="27765860" name="2022-08-29/9056603/COMPRASNETWS_" idOficio="9056603" pubName="DO3" artType="Extrato de Apostilamento" pubDate="30/08/2022" artClass="00018:00067:00011:00000:00000:00000:00000:00000:00000:00000:00143:00001" artCategory="Ministério da Educação/Instituto Federal de Educação, Ciência e Tecnologia do Rio Grande do Norte/Campus Mossoró" artSize="12" artNotes="" numberPage="108" pdfPage="http://pesquisa.in.gov.br/imprensa/jsp/visualiza/index.jsp?data=30/08/2022&amp;jornal=530&amp;pagina=108" editionNumber="165" highlightType="" highlightPriority="" highlight="" highlightimage="" highlightimagename="" idMateria="19839121">
  <body>
    <Identifica><![CDATA[ EXTRATO DE APOSTILAMENTO Nº 126/2022 - UASG 158365]]></Identifica>
    <Data><![CDATA[]]></Data>
    <Ementa />
    <Titulo />
    <SubTitulo />
    <Texto><![CDATA[<p class="identifica">EXTRATO DE APOSTILAMENTO Nº 126/2022 - UASG 158365</p><p>Número do Contrato: 139/2022.</p><p>Nº Processo: 23093.000758/2022-75.</p><p>Contratante: INST.FED DO RN/CAMPUS MOSSORO. Contratado: 06.234.467/0001-82 - FUTURA SERVICOS PROFISSIONAIS ADMINISTRATIVOS EIRELI. Objeto: A repactuação de valores do contrato nº 139/2022-PROAD/IFRN, em estrita obediência a convenção coletiva de trabalho (CCT), registrada sob o número RN000038/2022. Vigência: 04/06/2022 a 04/12/2022. Valor Total Atualizado do Contrato: R$ 154.605,18. Data de Assinatura: 25/08/2022.</p><p>(COMPRASNET 4.0 - 25/08/2022).</p>]]></Texto>
  </body>
  <Midias />
</article></xml>