﻿<xml><article id="27731501" name="resultadospe025e026pmf2908" idOficio="9056330" pubName="DO3" artType="Resultado de Julgamento" pubDate="30/08/2022" artClass="00052:00005:00187:00000:00000:00000:00000:00000:00000:00000:00120:00000" artCategory="Prefeituras/Estado da Bahia/Prefeitura Municipal de Filadélfia" artSize="12" artNotes="" numberPage="330" pdfPage="http://pesquisa.in.gov.br/imprensa/jsp/visualiza/index.jsp?data=30/08/2022&amp;jornal=530&amp;pagina=330" editionNumber="165" highlightType="" highlightPriority="" highlight="" highlightimage="" highlightimagename="" idMateria="19838560">
  <body>
    <Identifica><![CDATA[ RESULTADOS DE JULGAMENTOs]]></Identifica>
    <Data><![CDATA[ Filadelfia/Ba, 26 de Agosto de 2022]]></Data>
    <Ementa />
    <Titulo />
    <SubTitulo />
    <Texto><![CDATA[<p class="identifica">RESULTADOS DE JULGAMENTOs</p><p class="identifica">PREGÃO ELETRÔNICO N° 26/2022</p><p>Comunica o resultado PE N° 026/2022, do tipo Menor Preço por Item para o fornecimento de gêneros alimentícios tipo hortifrutigranjeiros, para atender as Secretarias de Administração e Planejamento, Agricultura, Saúde e Assistência Social, sob responsabilidade da Secretaria de Administração. O Pregoeiro declara vencedoras as empresas: 1 -AMANDA CAROLINA DOS SANTOS COSTA 07621889527- venceu 12 itens com o valor total de R$ 98.304,00 2 -REJANE GONCALVES CARVALHO 04316511599 -venceu 15 itens com o valor total de R$ 117.524,00 (cento e dezessete mil e quinhentos e vinte e quatroreais); 3 - IOLANDA GONCALVES NASCIMENTO 00564160598-venceu 10 itens com o valor total de R$ 109.030,00, O valor total licitado dos itens foi de: 324.858,00.</p><p class="identifica">PREGÃO ELETRÔNICO SRP N° 025/2022</p><p>Comunica o resultado PE N° 025/2022, tipo Menor Preço por Item, disputa aberta "O presente processo licitatório faz-se necessária devido à necessidade manutenção de veículos e maquinas com serviços de tornearia, sob responsabilidade da secretaria de Administração do município de Filadélfia-Ba", sob responsabilidade da Secretaria Municipal de administração do Município de Filadélfia-Ba. Empresa vencedora: 1- UEDERSONDA SILVA OLIVEIRA - CNPJ/CPF: 17.318.978/0001-07- venceu 21 itens (1, 2, 3, 4, 5, 6, 7, 8, 9, 10, 11, 12, 13, 14, 15, 16, 18,17, 19, 20, 21) com o valor total de R$ 90.776,00 (noventa mil e setecentos e setenta e seis reais), O valor total licitado dos itens foi de: 90.776,00 (noventa mil e setecentos e setenta e seis reais).</p><p class="data">Filadelfia/Ba, 26 de Agosto de 2022</p><p class="assina">Welton Paixão da Silva Lima</p><p class="cargo">Pregoeiro</p>]]></Texto>
  </body>
  <Midias />
</article></xml>