﻿<xml><article id="27764844" name="2022-08-29/9056720/COMPRASNETWS_" idOficio="9056720" pubName="DO3" artType="Extrato de Termo Aditivo" pubDate="30/08/2022" artClass="00019:00037:00099:00000:00000:00000:00000:00000:00000:00000:00054:00001" artCategory="Ministério da Infraestrutura/Departamento Nacional de Infraestrutura de Transportes/Superintendência Regional na Paraíba" artSize="12" artNotes="" numberPage="178" pdfPage="http://pesquisa.in.gov.br/imprensa/jsp/visualiza/index.jsp?data=30/08/2022&amp;jornal=530&amp;pagina=178" editionNumber="165" highlightType="" highlightPriority="" highlight="" highlightimage="" highlightimagename="" idMateria="19839258">
  <body>
    <Identifica><![CDATA[ EXTRATO DE TERMO ADITIVO Nº 2/2022 - UASG 393017]]></Identifica>
    <Data><![CDATA[]]></Data>
    <Ementa />
    <Titulo />
    <SubTitulo />
    <Texto><![CDATA[<p class="identifica">EXTRATO DE TERMO ADITIVO Nº 2/2022 - UASG 393017</p><p>Número do Contrato: 590/2021.</p><p>Nº Processo: 50613.000816/2021-36.</p><p>Tomada de Preços. Nº 96/2021. Contratante: SUPERINTENDENCIA REG. NO ESTADO PB - DNIT. Contratado: 12.754.237/0001-47 - ABTEC ENGENHARIA LTDA. Objeto: Prorrogação do prazo de execução do contrato por mais 120 (cento e vinte) dias, passando a ter seu encerramento em 04/01/2023, e do prazo de vigência do contrato por mais 120 (cento e vinte) dias, passando a ter seu encerramento em 11/02/2023. Vigência: 25/08/2022 a 11/02/2023. Valor Total Atualizado do Contrato: R$ 1.075.635,86. Data de Assinatura: 25/08/2022.</p><p>(COMPRASNET 4.0 - 25/08/2022).</p>]]></Texto>
  </body>
  <Midias />
</article></xml>