﻿<xml><article id="27762649" name="2022-08-28/9056404/SICONV_198388" idOficio="9056404" pubName="DO3" artType="Extrato de Convênio" pubDate="30/08/2022" artClass="00007:00049:00000:00000:00000:00000:00000:00000:00000:00000:00032:00001" artCategory="Ministério da Agricultura, Pecuária e Abastecimento/Secretaria de Inovação, Desenvolvimento Sustentável e Irrigação" artSize="12" artNotes="" numberPage="7" pdfPage="http://pesquisa.in.gov.br/imprensa/jsp/visualiza/index.jsp?data=30/08/2022&amp;jornal=530&amp;pagina=7" editionNumber="165" highlightType="" highlightPriority="" highlight="" highlightimage="" highlightimagename="" idMateria="19838816">
  <body>
    <Identifica><![CDATA[ EXTRATO DE TERMO ADITIVO]]></Identifica>
    <Data><![CDATA[]]></Data>
    <Ementa />
    <Titulo />
    <SubTitulo />
    <Texto><![CDATA[<p class="identifica">EXTRATO DE TERMO ADITIVO</p><p>Espécie: Termo Aditivo de Alteração da Vigência Nº 000005/2022 ao Convênio Nº 889663/2019. Convenentes: Concedente: MINISTÉRIO DA AGRICULTURA, PECUARIA E ABASTECIMENTO, Unidade Gestora: 130005. Convenente: MUNICIPIO DE POSSE, CNPJ nº 01743335000162. PRORROGAÇÃO DE PRAZO DE 120(CENTO E VINTE DIAS) PARA ANDAMENTO E FINALIZAÇÃO DO CONVÊNIO. Valor Total: R$ 261.966,66, Valor de Contrapartida: R$ 131.966,66, Vigência: 26/08/2022 a 29/12/2022. Data de Assinatura: 31/12/2019. Signatários: Concedente: CLEBER OLIVEIRA SOARES, CPF nº 61672793572, Convenente: HELDER SILVA BONFIM, CPF nº 839.445.671-53.</p>]]></Texto>
  </body>
  <Midias />
</article></xml>