﻿<xml><article id="27733486" name="ATO AVISO DE LICITAAAO FRACASSAD" idOficio="9056930" pubName="DO3" artType="Ato" pubDate="30/08/2022" artClass="00052:00021:00059:00001:00000:00000:00000:00000:00000:00000:00173:00000" artCategory="Prefeituras/Estado de Rondônia/Prefeitura Municipal de Vale do Paraíso/Secretaria Municipal de Planejamento e Administração" artSize="12" artNotes="" numberPage="444" pdfPage="http://pesquisa.in.gov.br/imprensa/jsp/visualiza/index.jsp?data=30/08/2022&amp;jornal=530&amp;pagina=444" editionNumber="165" highlightType="" highlightPriority="" highlight="" highlightimage="" highlightimagename="" idMateria="19839431">
  <body>
    <Identifica><![CDATA[ AVISO DE LICITAÇÃO FRACASSADA  PREGÃO ELETRÔNICO Nº 32/CPL/2022 ]]></Identifica>
    <Data><![CDATA[Vale do Paraíso RO, 25 de agosto de 2022.]]></Data>
    <Ementa />
    <Titulo />
    <SubTitulo />
    <Texto><![CDATA[<p class="identifica">AVISO DE LICITAÇÃO FRACASSADA PREGÃO ELETRÔNICO Nº 32/CPL/2022</p><p>A Prefeitura Municipal de Vale do Paraíso RO, através da Pregoeira e equipe de apoio, devidamente autorizados pelo Decreto Municipal nº 7919 de 02 de agosto de 2022, torna público que na Licitação na Modalidade Pregão Eletrônico nº 32/CPL/2022, do processo administrativo nº 2-512/SEMSAU/2022, cujo objeto é a Aquisição de Motocicletas para beneficiar a população otimizando as visitas domiciliares na zona rural e auxiliando nas atividades realizadas pelos agentes comunitários de saúde (ACS), no Município de Vale do Paraíso/RO, conforme Plano de Trabalho, de acordo com as especificações, quantitativos e locais de entrega relacionados neste Termo de Referê ncia, com abertura agendada para o dia 01/08/2022, às 09h00min, foi declarado FRACASSADO o item 01, pela ausência de licitantes habilitados e o item 02 foi declarado DESERTO, pela ausência de interessados.</p><p class="data">Vale do Paraíso RO, 25 de agosto de 2022.</p><p class="assina">Zelinda Pereira Alves da Silva</p><p class="cargo">Pregoeira</p><p></p>]]></Texto>
  </body>
  <Midias />
</article></xml>