﻿<xml><article id="27712829" name="2022-08-24/7355040/COMPRASNETWS_" idOficio="7355040" pubName="DO3" artType="Extrato de Contrato" pubDate="25/08/2022" artClass="00013:00011:00008:00012:00042:00000:00000:00000:00000:00000:00031:00001" artCategory="Ministério da Defesa/Comando do Exército/Comando Militar da Amazônia/2º Grupamento de Engenharia/5º Batalhão de Engenharia de Construção" artSize="12" artNotes="" numberPage="19" pdfPage="http://pesquisa.in.gov.br/imprensa/jsp/visualiza/index.jsp?data=25/08/2022&amp;jornal=530&amp;pagina=19" editionNumber="162" highlightType="" highlightPriority="" highlight="" highlightimage="" highlightimagename="" idMateria="14835713">
  <body>
    <Identifica><![CDATA[ EXTRATO DE CONTRATO Nº 31/2022 - UASG 160348]]></Identifica>
    <Data><![CDATA[]]></Data>
    <Ementa />
    <Titulo />
    <SubTitulo />
    <Texto><![CDATA[<p class="identifica">EXTRATO DE CONTRATO Nº 31/2022 - UASG 160348</p><p>Nº Processo: 64043.003197/2021-58.</p><p>Pregão Nº 31/2021. Contratante: 5 BATALHAO DE ENGENHARIA DE CONSTRUCAO.</p><p>Contratado: 20.077.176/0001-59 - CARVALHO COMERCIO &amp; SERVICOS EIRELI. Objeto: Aquisição de material de construção (bloco de concreto estrutural).</p><p>Fundamento Legal: LEI 10.520 / 2002 - Artigo: 1. Vigência: 15/06/2022 a 14/06/2023. Valor Total: R$ 18.874,80. Data de Assinatura: 15/06/2022.</p><p>(COMPRASNET 4.0 - 24/08/2022).</p>]]></Texto>
  </body>
  <Midias />
</article></xml>