﻿<xml><article id="27694216" name="PublicaAAo DiArio Oficial da Uni" idOficio="7351523" pubName="DO3" artType="Edital de Notificação" pubDate="25/08/2022" artClass="00013:00011:00009:00023:00000:00000:00000:00000:00000:00000:00064:00000" artCategory="Ministério da Defesa/Comando do Exército/Comando Militar do Leste/1ª Divisão de Exército" artSize="12" artNotes="" numberPage="20" pdfPage="http://pesquisa.in.gov.br/imprensa/jsp/visualiza/index.jsp?data=25/08/2022&amp;jornal=530&amp;pagina=20" editionNumber="162" highlightType="" highlightPriority="" highlight="" highlightimage="" highlightimagename="" idMateria="14830745">
  <body>
    <Identifica><![CDATA[edital de notificação]]></Identifica>
    <Data><![CDATA[]]></Data>
    <Ementa />
    <Titulo />
    <SubTitulo />
    <Texto><![CDATA[<p class="identifica">edital de notificação</p><p>NR Processo NUP 64277.000491/2021-64, 16julho19</p><p>A 1 Divisao de Exercito, nos autos do processo administrativo sob Processo NUP 64277.000491/2021-64, de 16 de julho de 2019, de acordo com a Lei 9784/99, vem NOTIFICAR a empresa Posto de Servicos Marechal Mascarenhas de Moraes Ltda, CNPJ 27.920.420/0001-42 e seus respetivos socios, o Sr. Orlando Mendes Ricci, sob CPF 052.317.137-40 e o Sr Sergio Cardoso Mendes, sob CPF 817.341.317-72, o prazo de 5 (cinco) dias uteis contados da publicacao deste, assegurada do seu direito de defesa, previsto no paragrafo 2 do artigo 87, da Lei Nr 8666/93, a fins de cumprimento de adequação ambiental proveniente de laudo de auditoria em imóvel situado a Avenida Duque de Caxias S/N, esquina com Rua Sao Sebastiao. Para tanto, a copia dos documentos do referido processo esta disponivel no Comando da 1 Divisao de Exercito, localizada na Av. Duque de Caxias 1.965, CEP 21615-220, Rio de Janeiro, RJ, Telefone (21) 3847-7828. A presente publicacao visa cumprir o exigido no artigo 256 do Codigo de Processo Civil, haja vista ter se mudado do local em que se encontra o notificado, nao respondendo as tentativas pelos meios de contato (endereco, e-mail e telefone) constante no CNPJ, SICAF e contrato social da empresa.</p><p class="assina">Harrison Gomes Cabral dos Santos - Cel</p><p class="cargo">Ordenador de Despesas</p>]]></Texto>
  </body>
  <Midias />
</article></xml>