﻿<xml><article id="27695165" name="34. DADOS ENVIADOS - PublicaAAo " idOficio="7336152" pubName="DO3" artType="Extrato" pubDate="25/08/2022" artClass="00050:05864:00000:00000:00000:00000:00000:00000:00000:00000:00172:00000" artCategory="Ineditoriais/INSTITUTO MANTENEDOR DE ENSINO SUPERIOR DA BAHIA LTDA" artSize="12" artNotes="" numberPage="198" pdfPage="http://pesquisa.in.gov.br/imprensa/jsp/visualiza/index.jsp?data=25/08/2022&amp;jornal=530&amp;pagina=198" editionNumber="162" highlightType="" highlightPriority="" highlight="" highlightimage="" highlightimagename="" idMateria="14809730">
  <body>
    <Identifica><![CDATA[AVISO DE REGISTRO DE DIPLOMAS]]></Identifica>
    <Data><![CDATA[ Itabuna-BA, 15 de agosto de 2022.]]></Data>
    <Ementa />
    <Titulo />
    <SubTitulo />
    <Texto><![CDATA[<p class="identifica">AVISO DE REGISTRO DE DIPLOMAS</p><p>INSTITUTO MANTENEDOR DE ENSINO SUPERIOR DA BAHIA</p><p>FACULDADE DE TECNOLOGIA E CIÊNCIAS - FTC ITABUNA/BA</p><p>CNPJ: 04.670.333/0001-89</p><p>Para fins do disposto no art. 21 da Portaria MEC nº 1095, de 25 de Outubro de 2018, esta Instituição de Educação Superior informa que foram registrados 68 (sessenta e oito) diplomas no período de 15/06/2022 a 27/07/2022, no seguinte livro de registro e sequência numéricas: [livros 002-003 - registros 0067278;0066907;0067218;0066983;0066982;0066961;0066958;0066981;0066980;0066979 ;0067246;0066959;</p><p>0066977;0066978; 0066976;0066975;0066974;0066884;0066957;0066973;0067277;0066972;0067247;0066971 ;0066877;0066956;0066967;</p><p>0066966;0066969;0066968;0066965;0067350;0067087;0067002;0066908; 0067089;0067004;0067005;0067007 ;0067093;0067008;0066953;</p><p>0067009;0067051;0067058;0067052;0067011;0067078;0067050;0067053; 0067018;0067017;0067054;0067217; 0066906;0067204; 0067055;</p><p>0067056;0067015;0067059;0067060;0067062;0067019;0067020;0067061; 0067021;0067023;0067063].</p><p>A relação dos diplomas registrados poderá ser consultada em até quinze dias, no endereço https://www.ftc.br/graduacao/diplomas/</p><p class="data">Itabuna-BA, 15 de agosto de 2022.</p><p class="assina">Jamille dos Santos Muniz</p><p class="cargo">Secretária Acadêmica</p>]]></Texto>
  </body>
  <Midias />
</article></xml>