﻿<xml><article id="27715570" name="2022-08-24/7354079/COMPRASNETWS_" idOficio="7354079" pubName="DO3" artType="Extrato de Contrato" pubDate="25/08/2022" artClass="00013:00011:00026:00005:00001:00000:00000:00000:00000:00000:00031:00001" artCategory="Ministério da Defesa/Comando do Exército/Departamento de Educação e Cultura do Exército/Diretoria de Educação Superior Militar/Academia Militar das Agulhas Negras" artSize="12" artNotes="" numberPage="33" pdfPage="http://pesquisa.in.gov.br/imprensa/jsp/visualiza/index.jsp?data=25/08/2022&amp;jornal=530&amp;pagina=33" editionNumber="162" highlightType="" highlightPriority="" highlight="" highlightimage="" highlightimagename="" idMateria="14834370">
  <body>
    <Identifica><![CDATA[ EXTRATO DE CONTRATO Nº 65/2022 - UASG 160249]]></Identifica>
    <Data><![CDATA[]]></Data>
    <Ementa />
    <Titulo />
    <SubTitulo />
    <Texto><![CDATA[<p class="identifica">EXTRATO DE CONTRATO Nº 65/2022 - UASG 160249</p><p>Nº Processo: 64000.006479/2022-94.</p><p>Inexigibilidade Nº 2/2022. Contratante: ACADEMIA MILITAR DAS AGULHAS NEGRAS.</p><p>Contratado: 09.168.704/0001-42 - EMPRESA BRASIL DE COMUNICACAO S.A. - EBC. Objeto: Serviço de distribuição de publicidade legal impressa e/ou eletrônica de interesse da AMAN.</p><p>Fundamento Legal: LEI 8.666 / 1993 - Artigo: 25. Vigência: 11/08/2022 a 11/08/2023. Valor Total: R$ 6.534,55. Data de Assinatura: 11/08/2022.</p><p>(COMPRASNET 4.0 - 24/08/2022).</p>]]></Texto>
  </body>
  <Midias />
</article></xml>