﻿<xml><article id="27713919" name="2022-08-24/7353691/siasgnet_1483" idOficio="7353691" pubName="DO3" artType="Aviso de Licitação-Pregão" pubDate="25/08/2022" artClass="00013:00010:00024:00013:00000:00000:00000:00000:00000:00000:00164:00001" artCategory="Ministério da Defesa/Comando da Aeronáutica/Departamento de Controle do Espaço Aéreo/II Centro Integrado de Defesa Aérea e Controle de Tráfego Aéreo" artSize="12" artNotes="" numberPage="16" pdfPage="http://pesquisa.in.gov.br/imprensa/jsp/visualiza/index.jsp?data=25/08/2022&amp;jornal=530&amp;pagina=16" editionNumber="162" highlightType="" highlightPriority="" highlight="" highlightimage="" highlightimagename="" idMateria="14833965">
  <body>
    <Identifica><![CDATA[ AVISO DE LICITAÇÃO]]></Identifica>
    <Data><![CDATA[]]></Data>
    <Ementa />
    <Titulo />
    <SubTitulo />
    <Texto><![CDATA[<p class="identifica">AVISO DE LICITAÇÃO</p><p class="identifica">Pregão Eletrônico Nº 72/2022 - UASG 120072</p><p>Nº Processo: 67613009165202223. Objeto: Registro de preços para Aquisição de material de apoio logístico - embalagem.. Total de Itens Licitados: 20. Edital: 25/08/2022 das 08h00 às 11h30 e das 13h30 às 16h00. Endereço: Av Pref Erasto Gaertner, 1000, Bacacheri - Curitiba/PR ou https://www.gov.br/compras/edital/120072-5-00072-2022. Entrega das Propostas: a partir de 25/08/2022 às 08h00 no site www.gov.br/compras. Abertura das Propostas: 06/09/2022 às 09h00 no site www.gov.br/compras. Informações Gerais: .</p><p class="assina">JANO FERREIRA DOS SANTOS</p><p class="cargo">Ordenador de Despesas</p><p>(SIASGnet - 24/08/2022) 120072-00001-2022NE000097</p>]]></Texto>
  </body>
  <Midias />
</article></xml>