﻿<xml><article id="27693561" name="PREGAO 160 2022 - ELETRANICO - A" idOficio="7345062" pubName="DO3" artType="Aviso de Licitação-Pregão" pubDate="25/08/2022" artClass="00052:00014:00303:00000:00000:00000:00000:00000:00000:00000:00164:00000" artCategory="Prefeituras/Estado do Paraná/Prefeitura Municipal de Palotina" artSize="12" artNotes="" numberPage="283" pdfPage="http://pesquisa.in.gov.br/imprensa/jsp/visualiza/index.jsp?data=25/08/2022&amp;jornal=530&amp;pagina=283" editionNumber="162" highlightType="" highlightPriority="" highlight="" highlightimage="" highlightimagename="" idMateria="14822023">
  <body>
    <Identifica><![CDATA[ AVISO DE LICITAÇÃO Pregão Eletrônico nº 160/2022]]></Identifica>
    <Data><![CDATA[ Em 19 de agosto de 2022.]]></Data>
    <Ementa />
    <Titulo />
    <SubTitulo />
    <Texto><![CDATA[<p class="identifica">AVISO DE LICITAÇÃO Pregão Eletrônico nº 160/2022</p><p>Tipo: Menor Preço Global por Lote. O Município de Palotina avisa aos interessados que está à disposição o Edital do Pregão 160/2022, objetivando REGISTRO DE PREÇOS PARA AQUISIÇÃO DE GÊNEROS ALIMENTÍCIOS PARA A ELABORAÇÃO DA ALIMENTAÇÃO ESCOLAR (MERENDA ESCOLAR) NAS ESCOLAS E NOS CENTROS MUNICIPAIS DE EDUCAÇÃO INFANTIL (CMEIS) PERTENCENTE À REDE MUNICIPAL DE ENSINO, PARA ATENDER AS NECESSIDADES FUTURAS DA SECRETARIA MUNICIPAL DA EDUCAÇÃO E CULTURA, DESTA MUNICIPALIDADE.Conforme especificações contidas no Edital, com abertura prevista para o dia 09/09/2022 às 14:01hs. O edital está à disposição na Prefeitura Municipal de Palotina/PR, poderá ser solicitado pelo email compras@palotina.pr.gov.br, na plataforma BLL www.bll.org.br e no site da prefeitura.</p><p class="data">Em 19 de agosto de 2022.</p><p class="assina">Luiz Ernesto de Giacometti</p><p class="cargo">Prefeito</p>]]></Texto>
  </body>
  <Midias />
</article></xml>