﻿<xml><article id="27712808" name="2022-08-24/7354738/siasgnet_1483" idOficio="7354738" pubName="DO3" artType="Aviso de Licitação-Pregão" pubDate="25/08/2022" artClass="00013:00011:00010:00017:00012:00149:00000:00000:00000:00000:00164:00001" artCategory="Ministério da Defesa/Comando do Exército/Comando Militar do Nordeste/7ª Divisão de Exército/10ª Brigada de Infantaria Motorizada/59º Batalhão de Infantaria Motorizado" artSize="12" artNotes="" numberPage="23" pdfPage="http://pesquisa.in.gov.br/imprensa/jsp/visualiza/index.jsp?data=25/08/2022&amp;jornal=530&amp;pagina=23" editionNumber="162" highlightType="" highlightPriority="" highlight="" highlightimage="" highlightimagename="" idMateria="14835304">
  <body>
    <Identifica><![CDATA[ AVISO DE LICITAÇÃO]]></Identifica>
    <Data><![CDATA[]]></Data>
    <Ementa />
    <Titulo />
    <SubTitulo />
    <Texto><![CDATA[<p class="identifica">AVISO DE LICITAÇÃO</p><p class="identifica">Pregão Eletrônico Nº 21/2022 - UASG 160004</p><p>Nº Processo: 64106005152202217. Objeto: Cessão de Uso para funcionamento de um BAZAR de venda de uniformes e artigos militares, a título oneroso, de uma área, medindo 13,99 m , situada nas dependências do 59º Batalhão de Infantaria Motorizado. Total de Itens Licitados: 36. Edital: 25/08/2022 das 08h00 às 12h00 e das 13h00 às 16h00. Endereço: Av.fernandes Lima, N. 1970 - Farol, - Maceió/AL ou https://www.gov.br/compras/edital/160004-5-00021-2022. Entrega das Propostas: a partir de 25/08/2022 às 08h00 no site www.gov.br/compras. Abertura das Propostas: 06/09/2022 às 08h00 no site www.gov.br/compras. Informações Gerais: .</p><p class="assina">CESAR MARIANO DE ANDRADE JUNIOR</p><p class="cargo">Ordenador de Despesas</p><p>(SIASGnet - 24/08/2022) 160004-00001-2022NE000001</p>]]></Texto>
  </body>
  <Midias />
</article></xml>