﻿<xml><article id="27715948" name="2022-08-24/7354724/COMPRASNETWS_" idOficio="7354724" pubName="DO3" artType="Extrato de Termo Aditivo" pubDate="25/08/2022" artClass="00013:00011:00035:00000:00000:00000:00000:00000:00000:00000:00054:00001" artCategory="Ministério da Defesa/Comando do Exército/Secretaria-Geral" artSize="12" artNotes="" numberPage="33" pdfPage="http://pesquisa.in.gov.br/imprensa/jsp/visualiza/index.jsp?data=25/08/2022&amp;jornal=530&amp;pagina=33" editionNumber="162" highlightType="" highlightPriority="" highlight="" highlightimage="" highlightimagename="" idMateria="14835247">
  <body>
    <Identifica><![CDATA[ EXTRATO DE TERMO ADITIVO Nº 3/2022 - UASG 160090]]></Identifica>
    <Data><![CDATA[]]></Data>
    <Ementa />
    <Titulo />
    <SubTitulo />
    <Texto><![CDATA[<p class="identifica">EXTRATO DE TERMO ADITIVO Nº 3/2022 - UASG 160090</p><p>Número do Contrato: 5/2019.</p><p>Nº Processo: 64691.003716/2019-29.</p><p>Inexigibilidade. Nº 5/2019. Contratante: SECRETARIA-GERAL DO EXERCITO. Contratado: 09.168.704/0001-42 - EMPRESA BRASIL DE COMUNICACAO S.A. - EBC. Objeto: Prorrogar o prazo de vigência do contrato original por mais 12 meses, com início em 04/11/2022, término em 03/11/2023, com observância ao artigo 57, inc. Ii, da lei nº 8.666/1993.. Vigência: 04/11/2022 a 03/11/2023. Valor Total Atualizado do Contrato: R$ 12.000,00. Data de Assinatura: 08/08/2022.</p><p>(COMPRASNET 4.0 - 08/08/2022).</p>]]></Texto>
  </body>
  <Midias />
</article></xml>