﻿<xml><article id="27713814" name="2022-08-24/7354286/COMPRASNETWS_" idOficio="7354286" pubName="DO3" artType="Extrato de Termo Aditivo" pubDate="25/08/2022" artClass="00013:00011:00015:00010:00022:00000:00000:00000:00000:00000:00054:00001" artCategory="Ministério da Defesa/Comando do Exército/Comando Militar do Sul/3ª Região Militar/Hospital de Guarnição de Alegrete" artSize="12" artNotes="" numberPage="30" pdfPage="http://pesquisa.in.gov.br/imprensa/jsp/visualiza/index.jsp?data=25/08/2022&amp;jornal=530&amp;pagina=30" editionNumber="162" highlightType="" highlightPriority="" highlight="" highlightimage="" highlightimagename="" idMateria="14834655">
  <body>
    <Identifica><![CDATA[ EXTRATO DE TERMO ADITIVO Nº 1/2022 - UASG 160359]]></Identifica>
    <Data><![CDATA[]]></Data>
    <Ementa />
    <Titulo />
    <SubTitulo />
    <Texto><![CDATA[<p class="identifica">EXTRATO DE TERMO ADITIVO Nº 1/2022 - UASG 160359</p><p>Número do Contrato: 2/2021.</p><p>Nº Processo: 64586.003350/2021-18.</p><p>Dispensa. Nº 49/2021. Contratante: HOSPITAL DA GUARNICAO DE ALEGRETE. Contratado: 07.435.741/0001-44 - STAFF SOLUCOES EM FISICA MEDICA E RADIOPROTECAO LTDA. Objeto: Prorroga-se o prazo de vigência de 01 de junho de 2022 a 31 de maio de 2023.. Vigência: 01/06/2022 a 31/05/2023. Valor Total Atualizado do Contrato: R$ 1.692,00. Data de Assinatura: 31/05/2022.</p><p>(COMPRASNET 4.0 - 31/05/2022).</p>]]></Texto>
  </body>
  <Midias />
</article></xml>