﻿<xml><article id="27704882" name="BA-029-ECT-00435773" idOficio="7355146" pubName="DO3" artType="Extrato de Termo Aditivo" pubDate="25/08/2022" artClass="00012:00017:00049:00008:00000:00000:00000:00000:00000:00000:00054:00000" artCategory="Ministério das Comunicações/Empresa Brasileira de Correios e Telégrafos/Diretoria de Governança e Estratégia/Superintendência Estadual N2 BA" artSize="12" artNotes="" numberPage="13" pdfPage="http://pesquisa.in.gov.br/imprensa/jsp/visualiza/index.jsp?data=25/08/2022&amp;jornal=530&amp;pagina=13" editionNumber="162" highlightType="" highlightPriority="" highlight="" highlightimage="" highlightimagename="" idMateria="14835862">
  <body>
    <Identifica><![CDATA[ EXTRATOS DE TERMOS ADITIVOS]]></Identifica>
    <Data><![CDATA[]]></Data>
    <Ementa />
    <Titulo />
    <SubTitulo />
    <Texto><![CDATA[<p class="identifica">EXTRATOS DE TERMOS ADITIVOS</p><p>1º TERMO ADITIVO DO ACORDO DE COOPERAÇÃO TÉCNICA Nº 07/2021 da AGC ITAPICURU, sob a gestão da: PREFEITURA MUNICIPAL IRECÊ inscrita no CNPJ sob o n.º 13.715.891/0001- 04, Data de Assinatura do Termo Aditivo: 24/08/2022, objeto do termo: Adequar o texto da fundamentação legal do Termo de Cooperação Técnica da Agência de Correios Comunitária - AGC ITAPICURU, de acordo com as normas atuais e vigentes sobre a matéria.</p><p>1º TERMO ADITIVO DO ACORDO DE COOPERAÇÃO TÉCNICA Nº 08/2021 da AGC Mamoeiro, sob a gestão da: PREFEITURA MUNICIPAL IRECÊ inscrita no CNPJ sob o n.º 13.715.891/0001- 04, Data de Assinatura do Termo Aditivo: 24/08/2022, objeto do termo: Adequar o texto da fundamentação legal do Termo de Cooperação Técnica da Agência de Correios Comunitária - AGC Mamoeiro, de acordo com as normas atuais e vigentes sobre a matéria.</p>]]></Texto>
  </body>
  <Midias />
</article></xml>