﻿<xml><article id="27700633" name="TERMO DE RESPONSABILIDADE- SGP" idOficio="7354403" pubName="DO3" artType="Extrato de Compromisso" pubDate="25/08/2022" artClass="00007:00060:00047:00000:00000:00000:00000:00000:00000:00000:00029:00000" artCategory="Ministério da Agricultura, Pecuária e Abastecimento/Empresa Brasileira de Pesquisa Agropecuária/Embrapa Gado de Leite" artSize="12" artNotes="OK" numberPage="7" pdfPage="http://pesquisa.in.gov.br/imprensa/jsp/visualiza/index.jsp?data=25/08/2022&amp;jornal=530&amp;pagina=7" editionNumber="162" highlightType="" highlightPriority="" highlight="" highlightimage="" highlightimagename="" idMateria="14834804">
  <body>
    <Identifica><![CDATA[  Extrato de Termo De Responsabilidade e Compromisso de Sigilo]]></Identifica>
    <Data><![CDATA[]]></Data>
    <Ementa />
    <Titulo />
    <SubTitulo />
    <Texto><![CDATA[<p class="identifica">Extrato de Termo De Responsabilidade e Compromisso de Sigilo</p><p>Espécie: Termo De Responsabilidade e Compromisso de Sigilo; Partes: Embrapa Gado de Leite (CNPJ: 00.348.003/0013-54), João Vítor Fernandes Cotrim de Almeida (CPF 365.049.428-03); Objeto: apoiar na execução do seu PROJETO, compreendido nessa liberalidade o uso dos bens e equipamentos localizados no Laboratório de Nanotecnologia autorizado pelo supervisor/orientador: Humberto de Mello Brandão. Fundamento Legal: cooperação para fortalecimento de Programa de Pós-Graduação registrado no SAIC/AJU/Embrapa sob o nº 10200.13/0144-8, celebrado em 22/11/2013, entre a Embrapa e a Universidade Federal de Lavras - UFLA; Vigência: 02/09/2022 a 01/09/2023; Código da Unidade Gestora: 135015; Data de assinatura: 24/08/2022; Signatários: Denis Teixeira da Rocha, Chefe-Geral Substituto da Embrapa, Marco Antônio Machado, Chefe-Adjunto de Pesquisa e Desenvolvimento da Embrapa e João Vítor Fernandes Cotrim de Almeida - Estudante.</p>]]></Texto>
  </body>
  <Midias />
</article></xml>