﻿<xml><article id="27715909" name="2022-08-24/7354934/COMPRASNETWS_" idOficio="7354934" pubName="DO3" artType="Extrato de Termo Aditivo" pubDate="25/08/2022" artClass="00013:00011:00009:00002:00000:00000:00000:00000:00000:00000:00054:00001" artCategory="Ministério da Defesa/Comando do Exército/Comando Militar do Leste/Brigada de Infantaria Paraquedista" artSize="12" artNotes="" numberPage="20" pdfPage="http://pesquisa.in.gov.br/imprensa/jsp/visualiza/index.jsp?data=25/08/2022&amp;jornal=530&amp;pagina=20" editionNumber="162" highlightType="" highlightPriority="" highlight="" highlightimage="" highlightimagename="" idMateria="14835551">
  <body>
    <Identifica><![CDATA[ EXTRATO DE TERMO ADITIVO Nº 19/2022 - UASG 160296]]></Identifica>
    <Data><![CDATA[]]></Data>
    <Ementa />
    <Titulo />
    <SubTitulo />
    <Texto><![CDATA[<p class="identifica">EXTRATO DE TERMO ADITIVO Nº 19/2022 - UASG 160296</p><p>Número do Contrato: 26/2021.</p><p>Nº Processo: 64298.004360/2020-03.</p><p>Pregão. Nº 12/2020. Contratante: BASE ADM DA BRIGADA DE INFANTARIA PQDT. Contratado: 18.087.315/0001-83 - AAVA LOCACOES E TRANSPORTES LTDA. Objeto: Repactuar o valor do primeiro termo aditivo com o índice definitivo do igpm, que seria o mês de julho de 2022.. Vigência: 20/07/2022 a 20/07/2023. Valor Total Atualizado do Contrato: R$ 162.848,70. Data de Assinatura: 20/07/2022.</p><p>(COMPRASNET 4.0 - 20/07/2022).</p>]]></Texto>
  </body>
  <Midias />
</article></xml>