﻿<xml><article id="27705051" name="extDOU2022-10 - STA CASA" idOficio="7355158" pubName="DO3" artType="Extrato de Termo Aditivo" pubDate="25/08/2022" artClass="00013:00012:00008:00044:00002:00000:00000:00000:00000:00000:00054:00000" artCategory="Ministério da Defesa/Comando da Marinha/Comando de Operações Navais/5º Distrito Naval/Capitania Fluvial de Porto Alegre" artSize="12" artNotes="" numberPage="34" pdfPage="http://pesquisa.in.gov.br/imprensa/jsp/visualiza/index.jsp?data=25/08/2022&amp;jornal=530&amp;pagina=34" editionNumber="162" highlightType="" highlightPriority="" highlight="" highlightimage="" highlightimagename="" idMateria="14836117">
  <body>
    <Identifica><![CDATA[ EXTRATO DE TERMO ADITIVO]]></Identifica>
    <Data><![CDATA[]]></Data>
    <Ementa />
    <Titulo />
    <SubTitulo />
    <Texto><![CDATA[<p class="identifica">EXTRATO DE TERMO ADITIVO</p><p>Processo n° 63143.002158/2018-47 Quarto Termo Aditivo ao Contrato 85350/2018-006/00; Contratante: Capitania Fluvial de Porto Alegre, Contratada: Irmandade Santa Casa de Misericórdia de Porto Alegre, CNPJ 92.815.000/0001-68 Objeto: Alteração da vigência do Termo de Credenciamento firmado entre as partes em 22/08/2018. Vigência: 18/08/2022 a 18/08/2023. Valor estimado R$ 4.500.000,00 (quatro milhões e quinhentos mil reais), procedimento licitatório realizado TJIL 01/2018.</p>]]></Texto>
  </body>
  <Midias />
</article></xml>