﻿<xml><article id="27696701" name="Edital Auto JULGADO 47-2022" idOficio="7353547" pubName="DO3" artType="Edital de Notificação" pubDate="25/08/2022" artClass="00013:00012:00008:00048:00002:00085:00000:00000:00000:00000:00064:00000" artCategory="Ministério da Defesa/Comando da Marinha/Comando de Operações Navais/9º Distrito Naval/Capitania Fluvial da Amazônia Ocidental/Agência Fluvial de Itacoatiara" artSize="12" artNotes="" numberPage="35" pdfPage="http://pesquisa.in.gov.br/imprensa/jsp/visualiza/index.jsp?data=25/08/2022&amp;jornal=530&amp;pagina=35" editionNumber="162" highlightType="" highlightPriority="" highlight="" highlightimage="" highlightimagename="" idMateria="14833787">
  <body>
    <Identifica><![CDATA[ Edital de Convocação n° 47/2022]]></Identifica>
    <Data><![CDATA[]]></Data>
    <Ementa />
    <Titulo />
    <SubTitulo />
    <Texto><![CDATA[<p class="identifica">Edital de Convocação n° 47/2022</p><p class="identifica">Edital de Convocação n° 47/2022 com prazo de 15 (quinze) dias úteis</p><p>O Agente, Capitão-Tenente (AA) CLAUDIO GEOVANI DA SILVA, torna público a quantos interessarem o presente EDITAL, em especial, aos Senhores abaixo relacionados:</p><p /><p></p><table><tr /><tr><td rowspan="1" colspan="2"><p>PROPRIETÁRIO/ EMPRESA</p></td><td rowspan="1" colspan="2"><p>CPF/CNPJ</p></td><td rowspan="1" colspan="3"><p>NOME DA EMBARCAÇÃO</p></td></tr><tr><td rowspan="1" colspan="2"><p>GUTUMAR NAVEGAÇÃO E SERVIÇOS LTDA</p></td><td rowspan="1" colspan="2"><p>84.501.618/0001-25</p></td><td rowspan="1" colspan="2"><p>GUTUMAR III</p></td></tr><tr><td rowspan="1" colspan="2"><p>GUTUMAR NAVEGAÇÃO E SERVIÇOS LTDA</p></td><td rowspan="1" colspan="2"><p>84.501.618/0001-25</p></td><td rowspan="1" colspan="2"><p>GUTUMAR</p></td></tr><tr><td rowspan="1" colspan="2"><p>MARINHO TRANSPORTES HIDROVIÁRIOS DA AMAZÔNIA LTDA-ME</p></td><td rowspan="1" colspan="2"><p>07.794.294/0001-10</p></td><td rowspan="1" colspan="2"><p>SÃO BARTOLOMEU IV</p></td></tr><tr><td rowspan="1" colspan="2"><p>ADANILSON DE SOUZA PEREIRA</p></td><td rowspan="1" colspan="2"><p>732.643.502-20</p></td><td rowspan="1" colspan="2"><p>SÃO BARTOLOMEU IV (AQUAVIÁRIO)</p></td></tr><tr><td rowspan="1" colspan="2"><p>LEONIDAS DA COSTA PEREIRA - ME</p></td><td rowspan="1" colspan="2"><p>06.352.633/0001-45</p></td><td rowspan="1" colspan="2"><p>PAI LAZARO</p></td></tr><tr><td rowspan="1" colspan="2"><p>EDMAR FELIX DA SILVA</p></td><td rowspan="1" colspan="2"><p>445.735.292-68</p></td><td rowspan="1" colspan="2"><p>TAPEREBA III</p></td></tr><tr><td rowspan="1" colspan="2"><p>WIRLAND FREIRE &amp; CIA LTDA</p></td><td rowspan="1" colspan="2"><p>34.877.035/0001-35</p></td><td rowspan="1" colspan="2"><p>PETRODADO X</p></td></tr><tr><td rowspan="1" colspan="2"><p>EDMILSON N FREIRE EIRELI</p></td><td rowspan="1" colspan="2"><p>35.002.340/0001-36</p></td><td rowspan="1" colspan="2"><p>CARMEM II</p></td></tr><tr><td rowspan="1" colspan="2"><p>VIAÇÃO CARAVELAS LTDA</p></td><td rowspan="1" colspan="2"><p>05.471.255/0001-56</p></td><td rowspan="1" colspan="2"><p>DIAS NETO III</p></td></tr><tr><td rowspan="1" colspan="2"><p>ALY TRANSPORTE DE CARGAS LTDA</p></td><td rowspan="1" colspan="2"><p>05.424.163/0001-15</p></td><td rowspan="1" colspan="2"><p>DONA RAIMUNDA IV</p></td></tr></table><p>que por esta Organização Militar, situada à AVENIDA PARQUE, 262, CENTRO - ITACOATIARA/AM, tramitam os AUTOS DE INFRAÇÃO Nº 005P2021000572, 005P2021000581, 005P2021000599, 005P2021000823, 005P2021000602, 005P2021000611, 005P2021000629, 005P2021000637, 005P2021000645 e 005P2021000751, por infringir à Lei 9.537, de 11 de dezembro de 1997, e seu Regulamento aprovado pelo Decreto nº 2.596, de 18 de maio de 1998 e à Lei nº 8.374, de 30 de dezembro de 1991, e como não foi possível citá-lo pessoalmente ou por via postal com aviso de recebimento, por se encontrar em lugar incerto e não sabido, fica ciente de que tem o prazo de 15 (quinze) dias úteis, a contar da data de publicação do presente EDITAL, para cumprir as penalidades impostas, findo os quais o processo terá prosseguimento sendo o débito existente passível de inscrição na Dívida Ativa da União, independentemente de seus comparecimentos. E para que não alegue ignorância do processo e/ou cerceamento de defesa, o Agente, mandou expedir o presente EDITAL DE CONVOCAÇÃO que será publicado e afixado em local próprio, conforme os artigos 231 e 232 do Código de Processo Civil.</p><p class="assina">Capitão-Tenente (AA) CLAUDIO GEOVANI DA SILVA</p>]]></Texto>
  </body>
  <Midias />
</article></xml>