﻿<xml><article id="27703798" name="Extrato de AprovaAAo e RatificaA" idOficio="7354944" pubName="DO3" artType="Extrato" pubDate="25/08/2022" artClass="00012:00016:00000:00000:00000:00000:00000:00000:00000:00000:00172:00000" artCategory="Ministério das Comunicações/Telecomunicações Brasileiras S.A." artSize="12" artNotes="" numberPage="12" pdfPage="http://pesquisa.in.gov.br/imprensa/jsp/visualiza/index.jsp?data=25/08/2022&amp;jornal=530&amp;pagina=12" editionNumber="162" highlightType="" highlightPriority="" highlight="" highlightimage="" highlightimagename="" idMateria="14835572">
  <body>
    <Identifica><![CDATA[ Extrato de  Dispensa de Licitação]]></Identifica>
    <Data><![CDATA[]]></Data>
    <Ementa />
    <Titulo />
    <SubTitulo />
    <Texto><![CDATA[<p class="identifica">Extrato de Dispensa de Licitação</p><p>TELECOMUNICAÇÕES BRASILEIRAS S.A. - TELEBRAS</p><p>CNPJ: 00.336.701/0001-04</p><p>NIRE: 5330000223/1</p><p>Processo n° TLB-PRO-2022/03219</p><p>Partes: Telecomunicações Brasileiras S.A - TELEBRAS e MCR SISTEMAS E CONSULTORIA LTDA.</p><p>Objeto: Contratação de empresa especializada para fornecimento de 3 (três) Licenças de uso pelo prazo de 36 (trinta e seis) meses da suíte de softwares denominada Adobe Creative Cloud for Teams - All Apps Multiple Platforms Multi Latin American Languages Licensing, incluindo também a licença do software de banco de Imagens denominado Adobe Stock, visando atendimento de necessidades da Telebras.</p><p>Valor total: R$ 41.646,00 (quarenta e um mil, seiscentos e quarenta e seis reais)</p><p>Fundamentação Legal: artigo 29, inciso II, da Lei nº 13.303/2016 e artigo 112, inciso II, do Regulamento de Licitações e Contratos da Telebras (RELIC).</p><p>Aprovado por: Ivo Novais Dias Montenegro (Gerente de Compras e Contratos).</p><p>Ratificado por: José Maria Junqueira Sampaio Meirelles (Diretor Administrativo-Financeiro Substituto).</p>]]></Texto>
  </body>
  <Midias />
</article></xml>