﻿<xml><article id="27716757" name="2022-08-24/7353947/siasgnet_1483" idOficio="7353947" pubName="DO3" artType="Aviso de Licitação-Pregão" pubDate="25/08/2022" artClass="00013:00011:00011:00112:00007:00000:00000:00000:00000:00000:00164:00001" artCategory="Ministério da Defesa/Comando do Exército/Comando Militar do Norte/23ª Brigada de Infantaria de Selva/50º Batalhão de Infantaria de Selva" artSize="12" artNotes="" numberPage="27" pdfPage="http://pesquisa.in.gov.br/imprensa/jsp/visualiza/index.jsp?data=25/08/2022&amp;jornal=530&amp;pagina=27" editionNumber="162" highlightType="" highlightPriority="" highlight="" highlightimage="" highlightimagename="" idMateria="14834252">
  <body>
    <Identifica><![CDATA[ AVISO DE LICITAÇÃO]]></Identifica>
    <Data><![CDATA[]]></Data>
    <Ementa />
    <Titulo />
    <SubTitulo />
    <Texto><![CDATA[<p class="identifica">AVISO DE LICITAÇÃO</p><p class="identifica">Pregão Eletrônico Nº 4/2022 - UASG 160103</p><p>Nº Processo: 64118005316202277. Objeto: Aquisição de material de limpeza. Total de Itens Licitados: 69. Edital: 25/08/2022 das 08h30 às 11h30 e das 13h30 às 16h30. Endereço: Av. Bernardo Sayao, S/n, Nova Imperatriz - Imperatriz/MA ou https://www.gov.br/compras/edital/160103-5-00004-2022. Entrega das Propostas: a partir de 25/08/2022 às 08h30 no site www.gov.br/compras. Abertura das Propostas: 06/09/2022 às 10h30 no site www.gov.br/compras. Informações Gerais: .</p><p class="assina">CHRISTIANO STEFANES MENDES DE MELO</p><p class="cargo">Ordenador de Despesas</p><p>(SIASGnet - 24/08/2022) 160103-00001-2022NE002277</p>]]></Texto>
  </body>
  <Midias />
</article></xml>