﻿<xml><article id="27714951" name="2022-08-24/7354676/siasgnet_1483" idOficio="7354676" pubName="DO3" artType="Aviso de Licitação-Tomada de Preços" pubDate="25/08/2022" artClass="00013:00011:00010:00009:00002:00000:00000:00000:00000:00000:00166:00001" artCategory="Ministério da Defesa/Comando do Exército/Comando Militar do Nordeste/10ª Região Militar/Base Administrativa da Guarnição de Fortaleza" artSize="12" artNotes="" numberPage="22" pdfPage="http://pesquisa.in.gov.br/imprensa/jsp/visualiza/index.jsp?data=25/08/2022&amp;jornal=530&amp;pagina=22" editionNumber="162" highlightType="" highlightPriority="" highlight="" highlightimage="" highlightimagename="" idMateria="14835199">
  <body>
    <Identifica><![CDATA[ AVISO DE LICITAÇÃO]]></Identifica>
    <Data><![CDATA[]]></Data>
    <Ementa />
    <Titulo />
    <SubTitulo />
    <Texto><![CDATA[<p class="identifica">AVISO DE LICITAÇÃO</p><p class="identifica">Tomada de Preços Nº 1/2022 - UASG 160045</p><p>Nº Processo: 64242004019202289. Objeto: Contratação de Serviço de adaptação e reforma da reserva de material / depósito 01, do 52º Centro de Telemática.. Total de Itens Licitados: 1. Edital: 25/08/2022 das 09h30 às 11h30 e das 13h30 às 16h00. Endereço: Av. Luciano Carneiro, Nr 840 - Fatima, Fátima - Fortaleza/CE ou https://www.gov.br/compras/edital/160045-2-00001-2022. Entrega das Propostas: 16/09/2022 às 09h30. Endereço: Av. Luciano Carneiro, Nr 840 - Fatima, Fátima - Fortaleza/CE.</p><p class="assina">ISAAC NEWTON SIQUEIRA FERRER</p><p class="cargo">Ordenador de Despesas</p><p>(SIASGnet - 24/08/2022) 160045-00001-2022NE000001</p>]]></Texto>
  </body>
  <Midias />
</article></xml>