﻿<xml><article id="27716534" name="2022-08-24/7353811/COMPRASNETWS_" idOficio="7353811" pubName="DO3" artType="Extrato de Termo Aditivo" pubDate="25/08/2022" artClass="00013:00011:00026:00005:00001:00000:00000:00000:00000:00000:00054:00001" artCategory="Ministério da Defesa/Comando do Exército/Departamento de Educação e Cultura do Exército/Diretoria de Educação Superior Militar/Academia Militar das Agulhas Negras" artSize="12" artNotes="" numberPage="33" pdfPage="http://pesquisa.in.gov.br/imprensa/jsp/visualiza/index.jsp?data=25/08/2022&amp;jornal=530&amp;pagina=33" editionNumber="162" highlightType="" highlightPriority="" highlight="" highlightimage="" highlightimagename="" idMateria="14834103">
  <body>
    <Identifica><![CDATA[ EXTRATO DE TERMO ADITIVO Nº 1/2022 - UASG 160249 - AMAN]]></Identifica>
    <Data><![CDATA[]]></Data>
    <Ementa />
    <Titulo />
    <SubTitulo />
    <Texto><![CDATA[<p class="identifica">EXTRATO DE TERMO ADITIVO Nº 1/2022 - UASG 160249 - AMAN</p><p>Número do Contrato: 177/2021.</p><p>Nº Processo: 64000.025019/2021-84.</p><p>Dispensa. Nº 110/2021. Contratante: ACADEMIA MILITAR DAS AGULHAS NEGRAS. Contratado: 43.049.747/0001-47 - COMFER EMPREENDIMENTOS LTDA. Objeto: 1.1.1. Suprimir 3,62% do valor inicial atualizado do contrato, a partir da data de assinatura deste instrumento, equivalente a r$ 3.175,72 (três mil, cento e setenta e cinco reais e setenta e dois centavos), nos moldes do art. 65, inciso i, alínea "b", §§ 1º e 2º, da lei n.º 8.666/1993;</p><p>1.1.2. Acrescentar 15,20% do valor inicial atualizado do contrato, a partir da data de assinatura deste instrumento, equivalente a r$ 13.327,11 (treze mil, trezentos e vinte e sete reais e onze centavos), nos moldes do art. 65, inciso i, alínea "b", § 1º, da lei n.º 8.666/1993;</p><p>1.1.3. Prorrogar os prazos de execução e de vigência do objeto contratual, com fundamento no artigo 57, §1º, da lei n.º 8.666, de 21 de junho de 1993, por mais 45 (quarenta e cinco dias). A nova data para o fim da vigência contratual será no dia 04/12/2022. O prazo final da execução será contado a partir da data da assinatura do presente termo aditivo, seguindo o novo cronograma físico-financeiro anexo a este termo aditivo.. Vigência: 02/08/2022 a 04/12/2022. Valor Total Atualizado do Contrato: R$ 97.854,99. Data de Assinatura: 02/08/2022.</p><p>(COMPRASNET 4.0 - 02/08/2022).</p>]]></Texto>
  </body>
  <Midias />
</article></xml>