﻿<xml><article id="27713400" name="Sidec_00161__QA0SO9" idOficio="7355149" pubName="DO3" artType="Extrato de Inexigibilidade de Licitação" pubDate="25/08/2022" artClass="00013:00010:00012:00009:00215:00000:00000:00000:00000:00000:00041:00162" artCategory="Ministério da Defesa/Comando da Aeronáutica/Comando-Geral do Pessoal/Diretoria de Ensino/Escola Preparatória de Cadetes do Ar" artSize="12" artNotes="" numberPage="15" pdfPage="http://pesquisa.in.gov.br/imprensa/jsp/visualiza/index.jsp?data=25/08/2022&amp;jornal=530&amp;pagina=15" editionNumber="162" highlightType="" highlightPriority="" highlight="" highlightimage="" highlightimagename="" idMateria="14836057">
  <body>
    <Identifica><![CDATA[ EXTRATO DE INEXIGIBILIDADE DE LICITAÇÃO Nº 5/2022  - UASG 120025]]></Identifica>
    <Data><![CDATA[]]></Data>
    <Ementa />
    <Titulo />
    <SubTitulo />
    <Texto><![CDATA[<p class="identifica">EXTRATO DE INEXIGIBILIDADE DE LICITAÇÃO Nº 5/2022 - UASG 120025</p><p>Nº Processo: 67441009868202271 . Objeto: Prestação de serviço profissional de Atendimento médico/ambulatorial com recursos para realização de cirurgias e exames. Total de Itens Licitados: 00001. Fundamento Legal: Art. 25º, Caput da Lei nº 8.666 de 21º/06/1993.. Justificativa: Trata-se de preços preestabelecidos conforme Edital de Credenciamento nº 01/ESBQ/2020 Vigência 2022 Declaração de Inexigibilidade em 05/08/2022. MATHEUS AUGUSTO DE ANDRADE. Gestor de Licitação. Ratificação em 17/08/2022. CLOER VESCIA ALVES. Diretor da Dirsa. Valor Global: R$ 100.000,00. CNPJ CONTRATADA : 21.177.373/0001-02 HOSPITALEVANDRO RIBEIRO LTDA.</p><p>(SIDEC - 24/08/2022) 120025-00001-2022NE000099</p>]]></Texto>
  </body>
  <Midias />
</article></xml>