﻿<xml><article id="27715041" name="2022-08-18/7340673/COMPRASNETWS_" idOficio="7340673" pubName="DO3" artType="Extrato de Termo Aditivo" pubDate="25/08/2022" artClass="00013:00011:00036:00011:00000:00000:00000:00000:00000:00000:00054:00001" artCategory="Ministério da Defesa/Comando do Exército/Indústria de Material Bélico do Brasil/Fábrica da Estrela" artSize="12" artNotes="" numberPage="33" pdfPage="http://pesquisa.in.gov.br/imprensa/jsp/visualiza/index.jsp?data=25/08/2022&amp;jornal=530&amp;pagina=33" editionNumber="162" highlightType="" highlightPriority="" highlight="" highlightimage="" highlightimagename="" idMateria="14816271">
  <body>
    <Identifica><![CDATA[ EXTRATO DE TERMO ADITIVO Nº 1/2022 - UASG 168008 - IMBEL/FE]]></Identifica>
    <Data><![CDATA[]]></Data>
    <Ementa />
    <Titulo />
    <SubTitulo />
    <Texto><![CDATA[<p class="identifica">EXTRATO DE TERMO ADITIVO Nº 1/2022 - UASG 168008 - IMBEL/FE</p><p>Número do Contrato: 8/2022.</p><p>Nº Processo: 2022/000103-FE.</p><p>Dispensa. Nº 103/2022. Contratante: INDUSTRIA DE MATERIAL BELICO DO BRASIL/FE. Contratado: 09.662.231/0001-35 - PEDROMAQ SERVICOS &amp; COMERCIO LTDA. Objeto: Contratação de serviços, fornecimento e instalação de um (1) elevador de carga para a unidade 6 da seex (uf1).. Vigência: 03/09/2022 a 02/12/2022. Valor Total Atualizado do Contrato: R$ 25.430,00. Data de Assinatura: 17/08/2022.</p><p>(COMPRASNET 4.0 - 17/08/2022).</p>]]></Texto>
  </body>
  <Midias />
</article></xml>