﻿<xml><article id="27694735" name="AVISO_RFQ_0097_2022_DCT_CTEX" idOficio="7353116" pubName="DO3" artType="Aviso de Licitação" pubDate="25/08/2022" artClass="00013:00011:00001:00003:00000:00000:00000:00000:00000:00000:00081:00000" artCategory="Ministério da Defesa/Comando do Exército/Gabinete do Comandante/Comissão do Exército Brasileiro em Washington" artSize="12" artNotes="" numberPage="18" pdfPage="http://pesquisa.in.gov.br/imprensa/jsp/visualiza/index.jsp?data=25/08/2022&amp;jornal=530&amp;pagina=18" editionNumber="162" highlightType="" highlightPriority="" highlight="" highlightimage="" highlightimagename="" idMateria="14833315">
  <body>
    <Identifica><![CDATA[ AVISO DE LICITAÇÃO]]></Identifica>
    <Data><![CDATA[ Wasghinton D.C., 22 de agosto de 2022.]]></Data>
    <Ementa />
    <Titulo />
    <SubTitulo />
    <Texto><![CDATA[<p class="identifica">AVISO DE LICITAÇÃO</p><p class="identifica">PREGÃO ELETRÔNICO - RFQ Nº 97/2022</p><p>NUP: 64324.002057/2022-97. Nº Processo: RFQ 0097/2022. Objeto: Gelatina Balística. Total de Itens Licitados: 02. Edital disponibilizado: RFQ 0097/2022 das 09h00 AM às 12h00 AM e das 02h00 PM às 04h00 PM, horários da Costa Leste dos Estados Unidos da América (EST), nos dias úteis. Endereço: 4632 Wisconsin Ave NW, Washington, DC 20016 ou https://bac.eb.mil.br/biddings-in-progress-rfq. Entrega das Propostas: a partir de (Mês/Dia/Ano) 08/29/2022 até o dia (Mês/Dia/Ano) 09/13/2022 às 10h00 AM EST no sistema da CEBW no site https://dakota.cebw.org/cebwWeb/. Fase de lances (Mês/Dia/Ano): 09/22/2022 às 09h00 AM EST no site https://dakota.cebw.org/cebwWeb/.</p><p class="data">Wasghinton D.C., 22 de agosto de 2022.</p><p class="assina">ALEXANDRE GUEIROS TEIXEIRA</p><p class="cargo">Ordenador de Despesas</p>]]></Texto>
  </body>
  <Midias />
</article></xml>