﻿<xml><article id="27715374" name="2022-08-05/7314559/COMPRASNETWS_" idOficio="7314559" pubName="DO3" artType="Extrato de Contrato" pubDate="25/08/2022" artClass="00013:00011:00009:00023:01945:00000:00000:00000:00000:00000:00031:00001" artCategory="Ministério da Defesa/Comando do Exército/Comando Militar do Leste/1ª Divisão de Exército/Grupamento de Unidades Escolas e 9ª Brigada de Infantaria Motorizada" artSize="12" artNotes="" numberPage="20" pdfPage="http://pesquisa.in.gov.br/imprensa/jsp/visualiza/index.jsp?data=25/08/2022&amp;jornal=530&amp;pagina=20" editionNumber="162" highlightType="" highlightPriority="" highlight="" highlightimage="" highlightimagename="" idMateria="14780035">
  <body>
    <Identifica><![CDATA[ EXTRATO DE CONTRATO Nº 8/2022 - UASG 160295 - GUES/9ª BDA INF MTZ]]></Identifica>
    <Data><![CDATA[]]></Data>
    <Ementa />
    <Titulo />
    <SubTitulo />
    <Texto><![CDATA[<p class="identifica">EXTRATO DE CONTRATO Nº 8/2022 - UASG 160295 - GUES/9ª BDA INF MTZ</p><p>Nº Processo: 64303.001579/2022-10.</p><p>Pregão Nº 1/2022. Contratante: CMDO GRUPAMENTO UNID.ESCOLA/9ª BDA INF MTZ.</p><p>Contratado: 23.929.719/0001-07 - JANINE CRESPO DOS SANTOS 09566626762. Objeto: Contratação de empresa especializada em educação e na realização de eventos, visando atender às necessidades do comando do grupamento de unidades escola - 9ª brigada de infantaria motorizada, por ocasião do exame intelectual do concurso de admissão aos cursos de formação e graduação de sargentos (cfgs) das áreas geral, músico e saúde do exército brasileiro, que ocorrerá no dia 4 de setembro de 2022, conforme calendário estabelecido pelo departamento de educação e cultura do exército..</p><p>Fundamento Legal: LEI 10.520 / 2002 - Artigo: 1. Vigência: 03/09/2022 a 04/09/2022. Valor Total: R$ 233.100,00. Data de Assinatura: 27/07/2022.</p><p>(COMPRASNET 4.0 - 28/07/2022).</p>]]></Texto>
  </body>
  <Midias />
</article></xml>