﻿<xml><article id="27702313" name="MS-011-ECT-00436363" idOficio="7354657" pubName="DO3" artType="Edital" pubDate="25/08/2022" artClass="00012:00017:00049:00023:00000:00000:00000:00000:00000:00000:00057:00000" artCategory="Ministério das Comunicações/Empresa Brasileira de Correios e Telégrafos/Diretoria de Governança e Estratégia/Superintendência Estadual N4 MS" artSize="12" artNotes="" numberPage="14" pdfPage="http://pesquisa.in.gov.br/imprensa/jsp/visualiza/index.jsp?data=25/08/2022&amp;jornal=530&amp;pagina=14" editionNumber="162" highlightType="" highlightPriority="" highlight="" highlightimage="" highlightimagename="" idMateria="14835224">
  <body>
    <Identifica><![CDATA[ EDITAL nº 1/2022]]></Identifica>
    <Data><![CDATA[]]></Data>
    <Ementa />
    <Titulo />
    <SubTitulo />
    <Texto><![CDATA[<p class="identifica">EDITAL nº 1/2022</p><p>Selecionar Associações e/ou Cooperativas de catadores de materiais recicláveis habilitadas a realizar a fragmentação de documentos, recolhimento dos resíduos e dar a destinação adequada aos resíduos recicláveis, produzidos nos CORREIOS, no âmbito da SE/MS, conforme Edital e anexos. Obtenção do Edital: http://www.correios.com.br, entrega da documentação de 07/09/2022 a 20/09/2022. Informações pelo e-mail: fabricio.trevisan@correios.com.br ou annysalaro@correios.com.br.</p><p class="assina">FABRÍCIO DONIDA TREVISAN</p><p class="cargo">Chefe de Seção SE/MS</p>]]></Texto>
  </body>
  <Midias />
</article></xml>