﻿<xml><article id="27712475" name="2022-08-24/7354330/COMPRASNETWS_" idOficio="7354330" pubName="DO3" artType="Extrato de Credenciamento" pubDate="25/08/2022" artClass="00013:00010:00012:00009:00201:00000:00000:00000:00000:00000:00033:00001" artCategory="Ministério da Defesa/Comando da Aeronáutica/Comando-Geral do Pessoal/Diretoria de Ensino/Academia da Força Aérea" artSize="12" artNotes="" numberPage="15" pdfPage="http://pesquisa.in.gov.br/imprensa/jsp/visualiza/index.jsp?data=25/08/2022&amp;jornal=530&amp;pagina=15" editionNumber="162" highlightType="" highlightPriority="" highlight="" highlightimage="" highlightimagename="" idMateria="14834713">
  <body>
    <Identifica><![CDATA[ EXTRATO DE CREDENCIAMENTO Nº 15/2022 - UASG 120060]]></Identifica>
    <Data><![CDATA[]]></Data>
    <Ementa />
    <Titulo />
    <SubTitulo />
    <Texto><![CDATA[<p class="identifica">EXTRATO DE CREDENCIAMENTO Nº 15/2022 - UASG 120060</p><p>Nº Processo: 67438.008098/2022-06.</p><p>Inexigibilidade Nº 06/2022. Contratante: ACADEMIA DA FORCA AEREA.</p><p>Contratado: 08.274.972/0001-86 - CENTRO DE IMAGENS DIGITAIS UNIDADE RADIOLOGICA DE PIRAS. Objeto: Contratação de serviços profissionais de assistência na especialidade de Radiologia Médica aos beneficiários do Sistema de Saúde da Aeronáutica (SISAU) e, eventualmente, aos beneficiários do Sistema de Saúde de outras forças Singulares. Fundamento Legal: Lei nº 8.666, de 1993, Lei nº 6.880, de 1980, Decreto nº 92.512, de 1986, Instrução Normativa SEGES/MPDG nº 5, de 2017, e demais Normas aplicáveis. Vigência: 05/08/2022 a 05/08/2027. Valor Total: R$ 1.500.000,00. Data de Assinatura: 05/08/2022.</p><p>(COMPRASNET 4.0 - 25/08/2022).</p>]]></Texto>
  </body>
  <Midias />
</article></xml>