﻿<xml><article id="27696989" name="Extrato_TA_R M" idOficio="7353613" pubName="DO3" artType="Extrato de Termo Aditivo" pubDate="25/08/2022" artClass="00013:00011:00026:00003:00008:00000:00000:00000:00000:00000:00054:00000" artCategory="Ministério da Defesa/Comando do Exército/Departamento de Educação e Cultura do Exército/Diretoria de Educação  Preparatória e Assistencial/Colégio Militar de Recife" artSize="12" artNotes="" numberPage="32" pdfPage="http://pesquisa.in.gov.br/imprensa/jsp/visualiza/index.jsp?data=25/08/2022&amp;jornal=530&amp;pagina=32" editionNumber="162" highlightType="" highlightPriority="" highlight="" highlightimage="" highlightimagename="" idMateria="14833870">
  <body>
    <Identifica><![CDATA[ EXTRATO DE TERMO ADITIVO UASG 160084]]></Identifica>
    <Data><![CDATA[]]></Data>
    <Ementa />
    <Titulo />
    <SubTitulo />
    <Texto><![CDATA[<p class="identifica">EXTRATO DE TERMO ADITIVO UASG 160084</p><p>Número do Contrato: 07/2020. Processo administrativo nº 64257.002405/2020-13. Tomada de Preços nº 02/2020-CMR (160084). Contratante: Colégio Militar do Recife - CNPJ 09.586.596/0001-28. Contratada: R&amp;M Construtora Eireli EPP. - CNPJ n.º 18.914.388/0001-00-00. Objeto: Contratação de empresa especializada para prestação de serviço de construção de um palanque e duas arquibancadas no Colégio Militar do Recife. Fundamentação: art. 65, §8º da Lei n.º 8.666/93. Valor Reajuste: R$ 68.430,80. Valor atualizado do Contrato: R$ 600.434,64. Data da assinatura: 17 de agosto de 2022.</p>]]></Texto>
  </body>
  <Midias />
</article></xml>