﻿<xml><article id="27714108" name="Sidec_00179__1BZP8C" idOficio="7355149" pubName="DO3" artType="Extrato de Inexigibilidade de Licitação" pubDate="25/08/2022" artClass="00013:00011:00013:00008:00004:00000:00000:00000:00000:00000:00041:00180" artCategory="Ministério da Defesa/Comando do Exército/Comando Militar do Planalto/11ª Região Militar/Hospital Militar de Área de Brasília" artSize="12" artNotes="" numberPage="28" pdfPage="http://pesquisa.in.gov.br/imprensa/jsp/visualiza/index.jsp?data=25/08/2022&amp;jornal=530&amp;pagina=28" editionNumber="162" highlightType="" highlightPriority="" highlight="" highlightimage="" highlightimagename="" idMateria="14836076">
  <body>
    <Identifica><![CDATA[ EXTRATO DE INEXIGIBILIDADE DE LICITAÇÃO Nº 4/2022  - UASG 160088]]></Identifica>
    <Data><![CDATA[]]></Data>
    <Ementa />
    <Titulo />
    <SubTitulo />
    <Texto><![CDATA[<p class="identifica">EXTRATO DE INEXIGIBILIDADE DE LICITAÇÃO Nº 4/2022 - UASG 160088</p><p>Nº Processo: 64576044900202241 . Objeto: Credenciamento de Organizações Civis de Saúde (OCS) e de Profissionais de Saúde Autônomos (PSA) para prestação de serviços especializados de natureza contínua na área de atendimento especializado a Portadores de Necessidades Especiais PNEE aos beneficiários do FUSEX. Total de Itens Licitados: 00001. Fundamento Legal: Art. 25º, Inciso II da Lei nº 8.666 de 21º/06/1993.. Justificativa: Singularidade do Objeto e Inviabilidade de Competição Declaração de Inexigibilidade em 11/08/2022. PAULO ROBERTO DOS SANTOS ASSIS. Ordenador de Despesas. Ratificação em 24/08/2022. PAULO AFONSO BRUNO DE MELO. Cmt da 11ª Região Militar. Valor Global: R$ 1.000.000,00. CNPJ CONTRATADA : 33.263.364/0001-13 ESPACO LAVORATO PSICOLOGIA LTDA.</p><p>(SIDEC - 24/08/2022) 160088-00001-2022NE000001</p>]]></Texto>
  </body>
  <Midias />
</article></xml>