﻿<xml><article id="27716663" name="Sidec_00184" idOficio="7355149" pubName="DO3" artType="Extrato de Inexigibilidade de Licitação" pubDate="25/08/2022" artClass="00013:00011:00012:00005:00082:00000:00000:00000:00000:00000:00041:00185" artCategory="Ministério da Defesa/Comando do Exército/Comando Militar do Oeste/18ª Brigada de Infantaria de Pantanal/47º Batalhão de Infantaria" artSize="12" artNotes="" numberPage="27" pdfPage="http://pesquisa.in.gov.br/imprensa/jsp/visualiza/index.jsp?data=25/08/2022&amp;jornal=530&amp;pagina=27" editionNumber="162" highlightType="" highlightPriority="" highlight="" highlightimage="" highlightimagename="" idMateria="14836081">
  <body>
    <Identifica><![CDATA[ EXTRATO DE INEXIGIBILIDADE DE LICITAÇÃO Nº 2/2022  - UASG 160147]]></Identifica>
    <Data><![CDATA[]]></Data>
    <Ementa />
    <Titulo />
    <SubTitulo />
    <Texto><![CDATA[<p class="identifica">EXTRATO DE INEXIGIBILIDADE DE LICITAÇÃO Nº 2/2022 - UASG 160147</p><p>Nº Processo: 64066016578202210 . Objeto: Credenciamento da Organização Civil de Saúde (OCS) - Lazari e Oguchi Clínica Médica LTDA, para prestação de serviços de assistência a saúde em caráter complementar e de natureza contínua, pela CREDENCIADA, aos beneficiários do FUSEx militares e pensionistas e seus dependentes legais, bem como aos servidores civis do Exército e seus dependentes diretos, conforme condições e exigências estabelecidas no Edital de Credenciamento Nº 01/2018 47º BI Total de Itens Licitados: 00001. Fundamento Legal: Art. 25º, Caput da Lei nº 8.666 de 21º/06/1993. Justificativa: Inviabilidade de competição por se tratar de profissionais remunerados pela CBHPM - 5ª edição Declaração de Inexigibilidade em 27/06/2022. WANDERLINO MORENO JUNIOR. Ordenador de Despesas do 47º Batalhão de Infantaria. Ratificação em 10/08/2022. CARLOS ALEXANDRE DE SOUZA. Comandante da 9º Região Militar. Valor Global: R$ 80.000,00. CNPJ CONTRATADA : 40.659.789/0001-01 LAZARI EOGUCHI CLINICA MEDICA LTDA.</p><p>(SIDEC - 24/08/2022) 160147-00001-2022NE000001</p>]]></Texto>
  </body>
  <Midias />
</article></xml>