﻿<xml><article id="27715735" name="Sidec_00200" idOficio="7355149" pubName="DO3" artType="Extrato de Inexigibilidade de Licitação" pubDate="25/08/2022" artClass="00013:00011:00015:00010:00028:00000:00000:00000:00000:00000:00041:00201" artCategory="Ministério da Defesa/Comando do Exército/Comando Militar do Sul/3ª Região Militar/Policlínica Militar de Porto Alegre" artSize="12" artNotes="" numberPage="30" pdfPage="http://pesquisa.in.gov.br/imprensa/jsp/visualiza/index.jsp?data=25/08/2022&amp;jornal=530&amp;pagina=30" editionNumber="162" highlightType="" highlightPriority="" highlight="" highlightimage="" highlightimagename="" idMateria="14836097">
  <body>
    <Identifica><![CDATA[ EXTRATO DE INEXIGIBILIDADE DE LICITAÇÃO Nº 8/2022  - UASG 160400]]></Identifica>
    <Data><![CDATA[]]></Data>
    <Ementa />
    <Titulo />
    <SubTitulo />
    <Texto><![CDATA[<p class="identifica">EXTRATO DE INEXIGIBILIDADE DE LICITAÇÃO Nº 8/2022 - UASG 160400</p><p>Nº Processo: 64658008782202205 . Objeto: Prestação de serviço de saúde de natureza contínua de OCS para Policlínica Militar de Porto Alegre. Total de Itens Licitados: 00004. Fundamento Legal: Art. 25º, Caput da Lei nº 8.666 de 21º/06/1993.. Justificativa: Necessidade de credenciamento em decorrência da saturação da capacidade operacional. Declaração de Inexigibilidade em 23/08/2022. RICIERI LEANDRO BAZZAN. Od Pclinmpa. Ratificação em 24/08/2022. CARLOS ALBERTO DAHMER. Cmt 3ª Rm. Valor Global: R$ 5.000.000,00. CNPJ CONTRATADA : 10.387.198/0001-61 CENEFFI-CENTRO DE ESTUDOS E FISIOTERAPIA PARA FUNCIONALIDADE E INTEGRACAO LTDA.</p><p>(SIDEC - 24/08/2022) 160400-00001-2022NE111111</p>]]></Texto>
  </body>
  <Midias />
</article></xml>