﻿<xml><article id="27699852" name="Rascunho publicaAAo no INCOM" idOficio="7354240" pubName="DO3" artType="Aviso de Penalidade" pubDate="25/08/2022" artClass="00013:00011:00009:00023:01950:00070:00000:00000:00000:00000:00083:00000" artCategory="Ministério da Defesa/Comando do Exército/Comando Militar do Leste/1ª Divisão de Exército/4ª Brigada de Infantaria Leve - Montanha/11º Batalhão de Infantaria de Montanha" artSize="12" artNotes="" numberPage="21" pdfPage="http://pesquisa.in.gov.br/imprensa/jsp/visualiza/index.jsp?data=25/08/2022&amp;jornal=530&amp;pagina=21" editionNumber="162" highlightType="" highlightPriority="" highlight="" highlightimage="" highlightimagename="" idMateria="14834624">
  <body>
    <Identifica><![CDATA[ AVISO DE PENALIDADE]]></Identifica>
    <Data><![CDATA[]]></Data>
    <Ementa />
    <Titulo />
    <SubTitulo />
    <Texto><![CDATA[<p class="identifica">AVISO DE PENALIDADE</p><p>A UNIÃO, neste ato representada pelo 11º BATALHÃO DE INFANTARIA DE MONTANHA, torna público que foram aplicadas as penalidades de impendimento de licitar e contratar no âmbito da UNIÃO, pelo período de 4 (quatro) meses, a EMPRESA SML QUALITY COMERCIO EIRELI - CNPJ 41.928.394/0001-20, fundamentado no ITEM 22.4.4, do EDITAL DO PREGÃO ELETRONICO SRP NR 03/2022, UG 160126, e no ART. 7º, da LEI Nº 10.520, de 17 de julho de 2002, em razão dos fatos registrados no PROCESSO ADMINISTRATIVO 003/2022 - 11º BI MTH, NUP 64080.005367/2022-73.</p><p class="assina">THIAGO MARCELINO PAIS - Maj</p><p class="cargo">Ordenador de Despesas</p>]]></Texto>
  </body>
  <Midias />
</article></xml>