﻿<xml><article id="27714864" name="2022-08-24/7353802/COMPRASNETWS_" idOficio="7353802" pubName="DO3" artType="Extrato de Credenciamento" pubDate="25/08/2022" artClass="00013:00011:00013:00005:00000:00000:00000:00000:00000:00000:00033:00001" artCategory="Ministério da Defesa/Comando do Exército/Comando Militar do Planalto/3ª Brigada de Infantaria Motorizada" artSize="12" artNotes="" numberPage="28" pdfPage="http://pesquisa.in.gov.br/imprensa/jsp/visualiza/index.jsp?data=25/08/2022&amp;jornal=530&amp;pagina=28" editionNumber="162" highlightType="" highlightPriority="" highlight="" highlightimage="" highlightimagename="" idMateria="14834031">
  <body>
    <Identifica><![CDATA[ EXTRATO DE CREDENCIAMENTO Nº 5/2022 - UASG 160100 - CMDO 3  BDA INF MTZ]]></Identifica>
    <Data><![CDATA[]]></Data>
    <Ementa />
    <Titulo />
    <SubTitulo />
    <Texto><![CDATA[<p class="identifica">EXTRATO DE CREDENCIAMENTO Nº 5/2022 - UASG 160100 - CMDO 3 BDA INF MTZ</p><p>Nº Processo: 64290.003394/2020-74.</p><p>Inexigibilidade Nº 1/2020. Contratante: COMANDO DA 3A BDA DE INFANTARIA MOTORIZADA.</p><p>Contratado: 17.621.136/0001-11 - CEME - COMPLEXO DE ESPECIALIDADES MÉDICAS METROPOLITANO LTDA. Objeto: Prestação de serviços de assistencia médica-especialidades médicas.</p><p>Fundamento Legal: LEI 8.666 / 1993 - Artigo: 25. Vigência: 10/06/2022 a 10/06/2023. Valor Total: R$ 1.440.000,00. Data de Assinatura: 10/06/2022.</p><p>(COMPRASNET 4.0 - 14/06/2022).</p>]]></Texto>
  </body>
  <Midias />
</article></xml>