﻿<xml><article id="27715831" name="2022-08-24/7354914/siasgnet_1483" idOficio="7354914" pubName="DO3" artType="Aviso de Licitação-Pregão" pubDate="25/08/2022" artClass="00013:00011:00007:00001:00092:00000:00000:00000:00000:00000:00164:00001" artCategory="Ministério da Defesa/Comando do Exército/Comando Logístico/Base de Apoio Logístico/Batalhão Central de Manutenção e Suprimento" artSize="12" artNotes="" numberPage="18" pdfPage="http://pesquisa.in.gov.br/imprensa/jsp/visualiza/index.jsp?data=25/08/2022&amp;jornal=530&amp;pagina=18" editionNumber="162" highlightType="" highlightPriority="" highlight="" highlightimage="" highlightimagename="" idMateria="14835588">
  <body>
    <Identifica><![CDATA[ AVISO DE LICITAÇÃO]]></Identifica>
    <Data><![CDATA[]]></Data>
    <Ementa />
    <Titulo />
    <SubTitulo />
    <Texto><![CDATA[<p class="identifica">AVISO DE LICITAÇÃO</p><p class="identifica">Pregão Eletrônico Nº 3/2022 - UASG 160329</p><p>Nº Processo: 64619002208202200. Objeto: Registro de preços para eventual aquisição de peças genuínas, insumos e ferramentas específicas da marca/fabricante IVECO para manutenção da Viatura Blindada de Transporte Pessoal Média Sobre Rodas (VBTP MSR) 6x6 Guarani, utilizando o critério de julgamento de MAIOR DESCONTO sobre a tabela do FABRICANTE.. Total de Itens Licitados: 2. Edital: 25/08/2022 das 08h00 às 16h00. Endereço: Estrada São Pedro de Alcantara Nº 3506 - Magalhães Bastos, - Rio de Janeiro/RJ ou https://www.gov.br/compras/edital/160329-5-00003-2022. Entrega das Propostas: a partir de 25/08/2022 às 08h00 no site www.gov.br/compras. Abertura das Propostas: 06/09/2022 às 09h30 no site www.gov.br/compras.</p><p class="assina">EMERSON RODRIGUES DA SILVA</p><p class="cargo">Ordenador de Despesas</p><p>(SIASGnet - 24/08/2022) 160329-00001-2022NE000001</p>]]></Texto>
  </body>
  <Midias />
</article></xml>