﻿<xml><article id="27702301" name="RJ - 013-ECT-00436214" idOficio="7354657" pubName="DO3" artType="Extrato de Termo Aditivo" pubDate="25/08/2022" artClass="00012:00017:00049:00005:00000:00000:00000:00000:00000:00000:00054:00000" artCategory="Ministério das Comunicações/Empresa Brasileira de Correios e Telégrafos/Diretoria de Governança e Estratégia/Superintendência Estadual N1 RJ" artSize="12" artNotes="" numberPage="13" pdfPage="http://pesquisa.in.gov.br/imprensa/jsp/visualiza/index.jsp?data=25/08/2022&amp;jornal=530&amp;pagina=13" editionNumber="162" highlightType="" highlightPriority="" highlight="" highlightimage="" highlightimagename="" idMateria="14835227">
  <body>
    <Identifica><![CDATA[ EXTRATOS DE TERMOS ADITIVOS]]></Identifica>
    <Data><![CDATA[]]></Data>
    <Ementa />
    <Titulo />
    <SubTitulo />
    <Texto><![CDATA[<p class="identifica">EXTRATOS DE TERMOS ADITIVOS</p><p>ESPÉCIE: Termo Aditivo de Prorrogação ao Contrato de Franquia Postal nº 9912303358 da AGF PASSEIO sob gestão da Franqueada: D R COMERCIAL LTDA -ME, CNPJ: 40.423.808/0001-04. Objeto do termo: formalizar a prorrogação da vigência contratual, por 10 anos, de 27/08/2022 à 26/08/2032, em conformidade às definições da Cláusula Segunda do Contrato, sendo condicionada sua continuidade ao cumprimento das disposições dos instrumentos jurídicos do certame e normativo interno, da estratégia de canais da Empresa e da legislação aplicável.</p><p>ESPÉCIE: Termo Aditivo de Prorrogação ao Contrato de Franquia Postal nº 9912305994 da AGF MUNDIAL, sob gestão da Franqueada: CARPEL MAC SERVICOS POSTAIS E TELEMATICOS LTDA, CNPJ: 36.578.003/0001-54. Objeto do termo: formalizar a prorrogação da vigência contratual, por 10 (dez) anos, de 28/08/2022 à 27/08/2032, em conformidade às definições da Cláusula Segunda do Contrato, sendo condicionada sua continuidade ao cumprimento das disposições dos instrumentos jurídicos do certame e normativo interno, da estratégia de canais da Empresa e da legislação aplicável.</p>]]></Texto>
  </body>
  <Midias />
</article></xml>