﻿<xml><article id="27694198" name="GUEDES E DESIDERA" idOficio="7346223" pubName="DO3" artType="Ata" pubDate="25/08/2022" artClass="00050:12170:00000:00000:00000:00000:00000:00000:00000:00000:00003:00000" artCategory="Ineditoriais/GUEDES E DESIDERA LTDA." artSize="12" artNotes="ok" numberPage="205" pdfPage="http://pesquisa.in.gov.br/imprensa/jsp/visualiza/index.jsp?data=25/08/2022&amp;jornal=530&amp;pagina=205" editionNumber="162" highlightType="" highlightPriority="" highlight="" highlightimage="" highlightimagename="" idMateria="14823727">
  <body>
    <Identifica><![CDATA[comunicado]]></Identifica>
    <Data><![CDATA[Em  19 de agosto de 2022]]></Data>
    <Ementa />
    <Titulo />
    <SubTitulo />
    <Texto><![CDATA[<p class="identifica">comunicado</p><p>Comunicado de Encerramento da Sociedade Simples Limitada GUEDES E DESIDERA LTDA, com sede na Rua 12 B, n.º 699, Vila Indaiá, CEP 13.506-746, Rio Claro/SP, inscrita no CNPJ n.º 27.348.743/0001-03 e registrada em 02/09/2021, sob n.º Reg.369, livro "A" do 1º Oficial de Registro Civil da Pessoa Jurídica de Rio Claro, comunica o encerramento das atividades, conforme Distrato Social que será averbado, à margem do registro Reg.369, Livro "A", consignando-se que o Sr. Guido Ferraciolli Guedes, CPF nº 392.533.558-78 e RG nº 47.084.519-3 SSP/SP, ficará responsável pela guarda de toda a documentação da Sociedade e pelo levantamento do Ativo e pagamento do Passivo.</p><p class="data">Em 19 de agosto de 2022</p><p class="assina">Guido Ferraciolli Guedes</p><p class="cargo">Sócio Administrador</p>]]></Texto>
  </body>
  <Midias />
</article></xml>