﻿<xml><article id="27712090" name="Sidec_00211" idOficio="7355149" pubName="DO3" artType="Extrato de Dispensa de Licitação" pubDate="25/08/2022" artClass="00013:00011:00036:00012:00000:00000:00000:00000:00000:00000:00038:00212" artCategory="Ministério da Defesa/Comando do Exército/Indústria de Material Bélico do Brasil/Fábrica de Itajubá" artSize="12" artNotes="" numberPage="33" pdfPage="http://pesquisa.in.gov.br/imprensa/jsp/visualiza/index.jsp?data=25/08/2022&amp;jornal=530&amp;pagina=33" editionNumber="162" highlightType="" highlightPriority="" highlight="" highlightimage="" highlightimagename="" idMateria="14836108">
  <body>
    <Identifica><![CDATA[ EXTRATO DE DISPENSA DE LICITAÇÃO Nº 90/2022  - UASG 168005]]></Identifica>
    <Data><![CDATA[]]></Data>
    <Ementa />
    <Titulo />
    <SubTitulo />
    <Texto><![CDATA[<p class="identifica">EXTRATO DE DISPENSA DE LICITAÇÃO Nº 90/2022 - UASG 168005</p><p>Nº Processo: 2022DL000090 . Objeto: Aquisição de pinos, parafusos, arruelas e rebites Total de Itens Licitados: 00008. Fundamento Legal: Art. 29º, Inciso XIII da Lei nº 13.303 de 30/06/2016.. Justificativa: Art. 29, inciso XIII do Regulamento de Licitações e Contratos da IMBEL Declaração de Dispensa em 07/06/2022. JOAO PAULO GOMES PEREIRA. Ordenador de Despesas. Ratificação em 23/08/2022. OMAR TUMAS. Chefe de Fábrica. Valor Global: R$ 435.560,00. CNPJ CONTRATADA : 02.055.500/0001-56 PALERMENDES USINAGEM LTDA. Valor: R$ 88.060,00. CNPJ CONTRATADA : 31.189.504/0001-25 R. C. COMERCIO DE PRODUTOS METALURGICOS FERROVIARIOS EIRELI. Valor: R$ 347.500,00</p><p>(SIDEC - 24/08/2022) 168005-16805-2022NE016501</p>]]></Texto>
  </body>
  <Midias />
</article></xml>