﻿<xml><article id="27698916" name="Edital Auto JULGADO 51-2022" idOficio="7354014" pubName="DO3" artType="Edital de Notificação" pubDate="25/08/2022" artClass="00013:00012:00008:00048:00002:00085:00000:00000:00000:00000:00064:00000" artCategory="Ministério da Defesa/Comando da Marinha/Comando de Operações Navais/9º Distrito Naval/Capitania Fluvial da Amazônia Ocidental/Agência Fluvial de Itacoatiara" artSize="12" artNotes="ok" numberPage="36" pdfPage="http://pesquisa.in.gov.br/imprensa/jsp/visualiza/index.jsp?data=25/08/2022&amp;jornal=530&amp;pagina=36" editionNumber="162" highlightType="" highlightPriority="" highlight="" highlightimage="" highlightimagename="" idMateria="14834332">
  <body>
    <Identifica><![CDATA[ Edital de Convocação n° 51/2022]]></Identifica>
    <Data><![CDATA[]]></Data>
    <Ementa />
    <Titulo />
    <SubTitulo />
    <Texto><![CDATA[<p class="identifica">Edital de Convocação n° 51/2022</p><p>Com prazo de 15 (quinze) dias úteis</p><p>O Agente, Capitão-Tenente (AA) CLAUDIO GEOVANI DA SILVA, torna público a quantos interessarem o presente EDITAL, em especial, aos Senhores abaixo relacionados:</p><p /><p></p><table><tr /><tr><td rowspan="1" colspan="2"><p>PROPRIETÁRIO/ EMPRESA</p></td><td rowspan="1" colspan="2"><p>CPF/CNPJ</p></td><td rowspan="1" colspan="3"><p>NOME DA EMBARCAÇÃO</p></td></tr><tr><td rowspan="1" colspan="2"><p>LICINHO DE ARAUJO GAMA</p></td><td rowspan="1" colspan="2"><p>027.736.942-87</p></td><td rowspan="1" colspan="2"><p>MARIO AUGUSTO</p></td></tr><tr><td rowspan="1" colspan="2"><p>LICINHO DE ARAUJO GAMA</p></td><td rowspan="1" colspan="2"><p>027.736.942-87</p></td><td rowspan="1" colspan="2"><p>MARIO AUGUSTO</p></td></tr><tr><td rowspan="1" colspan="2"><p>ERA EDUARDO DOS SANTOS LEITE</p></td><td rowspan="1" colspan="2"><p>634.018.432-49</p></td><td rowspan="1" colspan="2"><p>DONA GRAÇA III</p></td></tr><tr><td rowspan="1" colspan="2"><p>ERCILIA FERREIRA DA SILVA</p></td><td rowspan="1" colspan="2"><p>153.637.082-72</p></td><td rowspan="1" colspan="2"><p>DONA SIMONI</p></td></tr><tr><td rowspan="1" colspan="2"><p>ELSON LARANJEIRA LIMA</p></td><td rowspan="1" colspan="2"><p>734.502.272-20</p></td><td rowspan="1" colspan="2"><p>FLY MACHINI</p></td></tr><tr><td rowspan="1" colspan="2"><p>RAIMUNDO OLIVEIRA DO NASCIMENTO</p></td><td rowspan="1" colspan="2"><p>063.579.202-82</p></td><td rowspan="1" colspan="2"><p>EXPRESSO OLIVEIRA</p></td></tr><tr><td rowspan="1" colspan="2"><p>RAFAEL JOSÉ PINTO</p></td><td rowspan="1" colspan="2"><p>015.173.822-03</p></td><td rowspan="1" colspan="2"><p>FAZENDA CIBEA</p></td></tr><tr><td rowspan="1" colspan="2"><p>JOSÉ FARIAS DE LIRA</p></td><td rowspan="1" colspan="2"><p>576.437.502-97</p></td><td rowspan="1" colspan="2"><p>JOSÉ FARIAS</p></td></tr><tr><td rowspan="1" colspan="2"><p>JULIO AIUB DE LIMA</p></td><td rowspan="1" colspan="2"><p>336.026.202-63</p></td><td rowspan="1" colspan="2"><p>COMTE JULINHO</p></td></tr><tr><td rowspan="1" colspan="2"><p>REGINA CELI MEDEIROS MICHILES</p></td><td rowspan="1" colspan="2"><p>276.312.062-87</p></td><td rowspan="1" colspan="2"><p>VENCEDOR</p></td></tr></table><p>que por esta Organização Militar, situada à AVENIDA PARQUE, 262, CENTRO - ITACOATIARA/AM, tramitam os AUTOS DE INFRAÇÃO Nº 005P2021001544, 005P2021001579, 005P2021001528, 005P2021001552, 005P2021000971, 005P2021000980, 005P2021000998, 005P2021001005, 005P2021001013 e 005P2021001021 por infringir à Lei 9.537, de 11 de dezembro de 1997, e seu Regulamento aprovado pelo Decreto nº 2.596, de 18 de maio de 1998 e à Lei nº 8.374, de 30 de dezembro de 1991, e como não foi possível citá-lo pessoalmente ou por via postal com aviso de recebimento, por se encontrar em lugar incerto e não sabido, fica ciente de que tem o prazo de 15 (quinze) dias úteis, a contar da data de publicação do presente EDITAL, para cumprir as penalidades impostas, findo os quais o processo terá prosseguimento sendo o débito existente passível de inscrição na Dívida Ativa da União, independentemente de seus comparecimentos. E para que não alegue ignorância do processo e/ou cerceamento de defesa, o Agente, mandou expedir o presente EDITAL DE CONVOCAÇÃO que será publicado e afixado em local próprio, conforme os artigos 231 e 232 do Código de Processo Civil.</p><p class="assina">Capitão-Tenente (AA) CLAUDIO GEOVANI DA SILVA</p>]]></Texto>
  </body>
  <Midias />
</article></xml>