﻿<xml><article id="27716225" name="2022-08-24/7353237/siasgnet_1483" idOficio="7353237" pubName="DO3" artType="Aviso de Licitação-Pregão" pubDate="25/08/2022" artClass="00011:00044:00012:00021:00000:00000:00000:00000:00000:00000:00164:00001" artCategory="Ministério da Ciência, Tecnologia e Inovações/Comissão Nacional de Energia Nuclear/Diretoria de Pesquisa e Desenvolvimento/Unidade Administrativa de Órgão Conveniado" artSize="12" artNotes="" numberPage="10" pdfPage="http://pesquisa.in.gov.br/imprensa/jsp/visualiza/index.jsp?data=25/08/2022&amp;jornal=530&amp;pagina=10" editionNumber="162" highlightType="" highlightPriority="" highlight="" highlightimage="" highlightimagename="" idMateria="14833459">
  <body>
    <Identifica><![CDATA[ AVISO DE LICITAÇÃO]]></Identifica>
    <Data><![CDATA[]]></Data>
    <Ementa />
    <Titulo />
    <SubTitulo />
    <Texto><![CDATA[<p class="identifica">AVISO DE LICITAÇÃO</p><p class="identifica">Pregão Eletrônico Nº 59/2022 - UASG 113202</p><p>Nº Processo: 01342003523202213. Objeto: Aquisição de gelo seco (CO2) solidificado por resfriamento, descrição completa no Termo de Referência. . Total de Itens Licitados: 1. Edital: 25/08/2022 das 08h00 às 12h00 e das 12h01 às 17h00. Endereço: Av Prof. Lineu Prestes 2242 Cidade Universitaria, Butanta - São Paulo/SP ou https://www.gov.br/compras/edital/113202-5-00059-2022. Entrega das Propostas: a partir de 25/08/2022 às 08h00 no site www.gov.br/compras. Abertura das Propostas: 08/09/2022 às 09h30 no site www.gov.br/compras. Informações Gerais: .</p><p class="assina">JOANA RAMOS RAYMUNDO</p><p class="cargo">Pregoeira</p><p>(SIASGnet - 24/08/2022) 113202-11501-2022NE000001</p>]]></Texto>
  </body>
  <Midias />
</article></xml>