﻿<xml><article id="27703903" name="07 PublicaAAo DOU - Acordo coope" idOficio="7354978" pubName="DO3" artType="Extrato de Acordo de Cooperação Técnica" pubDate="25/08/2022" artClass="00013:00011:00015:00034:00001:00031:00000:00000:00000:00000:00036:00000" artCategory="Ministério da Defesa/Comando do Exército/Comando Militar do Sul/3ª Divisão de Exército/Artilharia Divisionária da 3ª Divisão de Exército/13º Grupo de Artilharia de Campanha" artSize="12" artNotes="" numberPage="31" pdfPage="http://pesquisa.in.gov.br/imprensa/jsp/visualiza/index.jsp?data=25/08/2022&amp;jornal=530&amp;pagina=31" editionNumber="162" highlightType="" highlightPriority="" highlight="" highlightimage="" highlightimagename="" idMateria="14835619">
  <body>
    <Identifica><![CDATA[ EXTRATO DE ACORDO DE COOPERAÇÃO TÉCNICA nº 22-CMS-003-00]]></Identifica>
    <Data><![CDATA[]]></Data>
    <Ementa />
    <Titulo />
    <SubTitulo />
    <Texto><![CDATA[<p class="identifica">EXTRATO DE ACORDO DE COOPERAÇÃO TÉCNICA nº 22-CMS-003-00</p><p>Nº Processo: 64548.001363/2022-81. Partícipes: A União, representada pelo Comando do Exército, por intermédio do Comando Militar do Sul e Comando do 13º Grupo de Artilharia de Campanha, e o Município de Cachoeira do Sul/RS. Objeto: ofertar à comunidade cachoeirense e à família militar, o acesso ao serviço do Centro de Equoterapia General Polidoro, do 13º Grupo de Artilharia de Campanha, de modo mais capacitado e digno, formando com profissionais de ambas as instituições, a equipe mínima de atendimento às sessões de equoterapia. Vigência: 5 (cinco) anos a contar da publicação. Data de Assinatura: 22 de agosto de 2022, pelo Comandante Militar do Sul, General de Exército FERNANDO JOSÉ SANT'ANA SOARES E SILVA, e pelo Prefeito Municipal de Cachoeira do Sul/RS, Srº JOSÉ OTÁVIO GERMANO.</p>]]></Texto>
  </body>
  <Midias />
</article></xml>