﻿<xml><article id="27715116" name="2022-08-24/7354512/COMPRASNETWS_" idOficio="7354512" pubName="DO3" artType="Extrato de Termo Aditivo" pubDate="25/08/2022" artClass="00006:00009:00012:00018:00000:00000:00000:00000:00000:00000:00054:00001" artCategory="Presidência da República/Advocacia-Geral da União/Secretaria-Geral de Administração/Superintendência Regional de Administração 2ª Região" artSize="12" artNotes="" numberPage="1" pdfPage="http://pesquisa.in.gov.br/imprensa/jsp/visualiza/index.jsp?data=25/08/2022&amp;jornal=530&amp;pagina=1" editionNumber="162" highlightType="" highlightPriority="" highlight="" highlightimage="" highlightimagename="" idMateria="14834977">
  <body>
    <Identifica><![CDATA[ EXTRATO DE TERMO ADITIVO Nº 9/2022 - UASG 110102]]></Identifica>
    <Data><![CDATA[]]></Data>
    <Ementa />
    <Titulo />
    <SubTitulo />
    <Texto><![CDATA[<p class="identifica">EXTRATO DE TERMO ADITIVO Nº 9/2022 - UASG 110102</p><p>Número do Contrato: 42/2009.</p><p>Nº Processo: 00426.000475/2009-41.</p><p>Dispensa. Nº 37/2009. Contratante: SUPERINTENDÊNCIA DE ADMINISTRAÇÃO NO RIO DE JANEIRO. Contratado: 12.367.810/0001-60 - CENTRO SERRA EMPREENDIMENTOS IMOBILIARIOS LTDA. Objeto: O presente termo aditivo tem por objeto formalizar a dispensa de reajuste anual referente à variação do IGP-M relativo ao período de 2020/2021.. Vigência: 18/08/2022 a 19/10/2025. Valor Total Atualizado do Contrato: R$ 2.690.693,40. Data de Assinatura: 18/08/2022.</p><p>(COMPRASNET 4.0 - 18/08/2022).</p>]]></Texto>
  </body>
  <Midias />
</article></xml>