﻿<xml><article id="27696290" name="CT 0.0153.00-2022 Empresa Topoca" idOficio="7353397" pubName="DO3" artType="Extrato de Contrato" pubDate="25/08/2022" artClass="00014:00048:00000:00000:00000:00000:00000:00000:00000:00000:00031:00000" artCategory="Ministério do Desenvolvimento Regional/Companhia de Desenvolvimento dos Vales do São Francisco e do Parnaíba" artSize="12" artNotes="" numberPage="39" pdfPage="http://pesquisa.in.gov.br/imprensa/jsp/visualiza/index.jsp?data=25/08/2022&amp;jornal=530&amp;pagina=39" editionNumber="162" highlightType="" highlightPriority="" highlight="" highlightimage="" highlightimagename="" idMateria="14833636">
  <body>
    <Identifica><![CDATA[ EXTRATO DE CONTRATO]]></Identifica>
    <Data><![CDATA[]]></Data>
    <Ementa />
    <Titulo />
    <SubTitulo />
    <Texto><![CDATA[<p></p><p class="identifica">EXTRATO DE CONTRATO</p><p>PROCESSO Nº 59500.001931/2022-51.</p><p>ESPÉCIE: Contrato nº 0.0153.00/2022, que entre si fazem a Companhia de Desenvolvimento dos Vales do São Francisco e do Parnaíba - CODEVASF e a Empresa Topocart Topografia Engenharia e Aerolevantamentos Ltda. OBJETO: Execução de serviços especializados de geotecnologias visando a elaboração de cadastro fundiário e certificação de imóveis rurais no INCRA, dos Projetos Públicos de Irrigação (PPIs) e outros imóveis localizados na área de atuação da 6ª Superintendência Regional - Juazeiro/BA. A descrição pormenorizada dos serviços está contida no Edital e no Termo de Referência, Anexo I do Edital Pregão 78/2021 - Lote 05 - 6ª Superintendência Regional em Juazeiro/BA. PRAZO DE EXECUÇÃO DOS SERVIÇOS: O prazo para vigência do SRP será de 12 (doze) meses. O prazo para execução do objeto deste contrato é contado em dias, a partir da data de emissão da Ordem de Serviço será dado o prazo de execução para cada serviço, conforme cronograma (ANEXO VI do Termo de Referência), totalizando 360 dias, podendo ser prorrogado, mediante manifestação expressa das partes com 30 (trinta) dias antes do encerramento do contrato. VALOR: O valor do presente contrato é de R$ 2.211.083,50 (dois milhões, duzentos e onze mil e oitenta e três reais e cinquenta centavos), incluindo todas as despesas necessárias, impostos e taxas, leis sociais, mão de obra e quaisquer outros encargos que incidam ou venham a incidir, direta ou indiretamente na execução dos serviços contratados, conforme Resolução nº 993, de 29 de dezembro de 2021. RECURSOS: Os recursos orçamentários da Codevasf correrão à conta das Notas de Empenho números 450082, 450083, 450090, 450091, acostadas ao Processo 59500.001931/2022-51-e. DATA DA ASSINATURA: 22/08/2022 - MARCELO ANDRADE MOREIRA PINTO - Diretor-presidente da CODEVASF.</p>]]></Texto>
  </body>
  <Midias />
</article></xml>