﻿<xml><article id="27715849" name="2022-08-24/7355075/SICONV_148357" idOficio="7355075" pubName="DO3" artType="Extrato de Convênio" pubDate="25/08/2022" artClass="00007:00049:00000:00000:00000:00000:00000:00000:00000:00000:00032:00001" artCategory="Ministério da Agricultura, Pecuária e Abastecimento/Secretaria de Inovação, Desenvolvimento Sustentável e Irrigação" artSize="12" artNotes="" numberPage="5" pdfPage="http://pesquisa.in.gov.br/imprensa/jsp/visualiza/index.jsp?data=25/08/2022&amp;jornal=530&amp;pagina=5" editionNumber="162" highlightType="" highlightPriority="" highlight="" highlightimage="" highlightimagename="" idMateria="14835771">
  <body>
    <Identifica><![CDATA[ AVISOS DE ANULAÇÃO]]></Identifica>
    <Data><![CDATA[]]></Data>
    <Ementa />
    <Titulo />
    <SubTitulo />
    <Texto><![CDATA[<p class="identifica">AVISOS DE ANULAÇÃO</p><p>Anulação do Convênio nº 890183/2019, firmado entre MINISTÉRIO DA AGRICULTURA, PECUARIA E ABASTECIMENTO e MUNICIPIO DE PINHALAO, Processo Administrativo 21000084380201915 - Objeto: Aquisição de um Rolo Compactador. - Motivo anulação: Convênio com a vigência expirada sem liberação de recurso. O próprio convenente solicitou o encerramento do convênio devido ao valor não ser suficiente para execução do objeto, após a atualização de preços..</p>]]></Texto>
  </body>
  <Midias />
</article></xml>