﻿<xml><article id="27716056" name="2022-08-24/7353442/siasgnet_1483" idOficio="7353442" pubName="DO3" artType="Aviso de Licitação-Pregão" pubDate="25/08/2022" artClass="00013:00012:00033:00005:00002:00000:00000:00000:00000:00000:00164:00001" artCategory="Ministério da Defesa/Comando da Marinha/Secretaria-Geral/Diretoria de Abastecimento/Centro de Obtenção da Marinha no Rio de Janeiro" artSize="12" artNotes="" numberPage="37" pdfPage="http://pesquisa.in.gov.br/imprensa/jsp/visualiza/index.jsp?data=25/08/2022&amp;jornal=530&amp;pagina=37" editionNumber="162" highlightType="" highlightPriority="" highlight="" highlightimage="" highlightimagename="" idMateria="14833681">
  <body>
    <Identifica><![CDATA[ AVISO DE LICITAÇÃO]]></Identifica>
    <Data><![CDATA[]]></Data>
    <Ementa />
    <Titulo />
    <SubTitulo />
    <Texto><![CDATA[<p class="identifica">AVISO DE LICITAÇÃO</p><p class="identifica">Pregão Eletrônico Nº 142/2022 - UASG 771300</p><p>Nº Processo: 63342002437202241. Objeto: Aquisição de viaturas.. Total de Itens Licitados: 49. Edital: 25/08/2022 das 08h00 às 12h00 e das 14h00 às 16h00. Endereço: Av.brasil, 10.500 - Olaria, - Rio de Janeiro/RJ ou https://www.gov.br/compras/edital/771300-5-00142-2022. Entrega das Propostas: a partir de 25/08/2022 às 08h00 no site www.gov.br/compras. Abertura das Propostas: 06/09/2022 às 10h00 no site www.gov.br/compras. Informações Gerais: Aquisição de viatura de serviços especiais, conforme condições, quantidades e exigências estabelecidas neste Edital e seus anexos.</p><p class="assina">TATIANNE BRASIL DOS SANTOS</p><p class="cargo">Ajudante da Divisão</p><p>(SIASGnet - 24/08/2022) 771300-00001-2022NE020022</p>]]></Texto>
  </body>
  <Midias />
</article></xml>