﻿<xml><article id="27716044" name="2022-08-24/7353257/COMPRASNETWS_" idOficio="7353257" pubName="DO3" artType="Extrato de Termo Aditivo" pubDate="25/08/2022" artClass="00013:00010:00023:00012:00000:00000:00000:00000:00000:00000:00054:00001" artCategory="Ministério da Defesa/Comando da Aeronáutica/Departamento de Ciência e Tecnologia Aeroespacial/Grupamento de Apoio de São José dos Campos" artSize="12" artNotes="" numberPage="16" pdfPage="http://pesquisa.in.gov.br/imprensa/jsp/visualiza/index.jsp?data=25/08/2022&amp;jornal=530&amp;pagina=16" editionNumber="162" highlightType="" highlightPriority="" highlight="" highlightimage="" highlightimagename="" idMateria="14833497">
  <body>
    <Identifica><![CDATA[ EXTRATO DE TERMO ADITIVO Nº 4/2022 - UASG 120016]]></Identifica>
    <Data><![CDATA[]]></Data>
    <Ementa />
    <Titulo />
    <SubTitulo />
    <Texto><![CDATA[<p class="identifica">EXTRATO DE TERMO ADITIVO Nº 4/2022 - UASG 120016</p><p>Número do Contrato: 40/2018.</p><p>Nº Processo: 67720.003675/2018-93.</p><p>Pregão. Nº 20/2018. Contratante: GRUPAMENTO DE APOIO DE S J CAMPOS. Contratado: 00.355.999/0001-91 - CLEANTEC SERVICOS PERSONALIZADOS LTDA. Objeto: O presente termo aditivo tem por finalidade prorrogar a vigencia deste termo pelo periodo de 10 de outubro de 2022 a 10 de outubro de 2023.. Vigência: 10/10/2022 a 10/10/2023. Valor Total Atualizado do Contrato: R$ 162.438,00. Data de Assinatura: 22/08/2022.</p><p>(COMPRASNET 4.0 - 22/08/2022).</p>]]></Texto>
  </body>
  <Midias />
</article></xml>