﻿<xml><article id="27716724" name="2022-08-24/7355180/COMPRASNETWS_" idOficio="7355180" pubName="DO3" artType="Extrato de Apostilamento" pubDate="25/08/2022" artClass="00013:00011:00035:00017:00000:00000:00000:00000:00000:00000:00143:00001" artCategory="Ministério da Defesa/Comando do Exército/Secretaria-Geral/Base Administrativa do Quartel-General do Exército" artSize="12" artNotes="" numberPage="33" pdfPage="http://pesquisa.in.gov.br/imprensa/jsp/visualiza/index.jsp?data=25/08/2022&amp;jornal=530&amp;pagina=33" editionNumber="162" highlightType="" highlightPriority="" highlight="" highlightimage="" highlightimagename="" idMateria="14835893">
  <body>
    <Identifica><![CDATA[ EXTRATO DE APOSTILAMENTO Nº 1/2022 - UASG 160186]]></Identifica>
    <Data><![CDATA[]]></Data>
    <Ementa />
    <Titulo />
    <SubTitulo />
    <Texto><![CDATA[<p class="identifica">EXTRATO DE APOSTILAMENTO Nº 1/2022 - UASG 160186</p><p>Número do Contrato: 19/2020.</p><p>Nº Processo: 65304.005678/2020-61.</p><p>Contratante: BASE ADMINISTRATIVA DO QGEX. Contratado: 00.360.305/0001-04 - CAIXA ECONOMICA FEDERAL. Objeto: Termo apostilamento, fica reajustado o valor do contrato nº 19/2020-B Adm QGEx conforme índice IGP-M (FGV) no período de dezembro de 2020 até novembro de 2021, com o fator de 1.17885120. Vigência: 01/11/2020 a 31/10/2022. Valor Total Atualizado do Contrato: R$ 28.304,69. Data de Assinatura: 30/11/2021.</p><p>(COMPRASNET 4.0 - 30/11/2021).</p>]]></Texto>
  </body>
  <Midias />
</article></xml>