﻿<xml><article id="27702547" name="Edital NotificaAAo_Bruno_Silva -" idOficio="7354734" pubName="DO3" artType="Edital de Notificação" pubDate="25/08/2022" artClass="00013:00011:00010:00002:00016:00000:00000:00000:00000:00000:00064:00000" artCategory="Ministério da Defesa/Comando do Exército/Comando Militar do Nordeste/1º Grupamento de Engenharia/Base Administrativa da Guarnição de João Pessoa" artSize="12" artNotes="" numberPage="21" pdfPage="http://pesquisa.in.gov.br/imprensa/jsp/visualiza/index.jsp?data=25/08/2022&amp;jornal=530&amp;pagina=21" editionNumber="162" highlightType="" highlightPriority="" highlight="" highlightimage="" highlightimagename="" idMateria="14835299">
  <body>
    <Identifica><![CDATA[ EDITAL DE NOTIFICAÇÃO]]></Identifica>
    <Data><![CDATA[]]></Data>
    <Ementa />
    <Titulo />
    <SubTitulo />
    <Texto><![CDATA[<p class="identifica">EDITAL DE NOTIFICAÇÃO</p><p>O Comandante da Base Administrativa da Guarnição de João Pessoa no uso de sua competência, pelos fundamentos expostos nos autos do Processo de NUP: 64240.015255/2022-41, instaurado pela Portaria Nr 066/Asse Ap As Jurd/B Adm Gu JP, de 24 de março de 2022, por ocasião das tentativas fracassadas de notificação da Sra DAMIANA MARCELINO DE OLIVEIRA (CPF: 954.189.114-49), filha da Pensionista Militar falecida, resolve, com base no §4º do Art 26. da Lei Nr 9.784/1999, notificar a Sra DAMIANA MARCELINO DE OLIVEIRA, para comparecer à Base Administrativa da Guarnição de João Pessoa, situada à Praça Olavo Bilac, S/Nr, Bairro Varadouro, João Pessoa - PB, CEP: 58.010-610, a fim de ser inquirida, como sindicada no Processo de NUP: 64240.015255/2022-41. A referida inquirição deverá ser realizada no prazo de 03 (três) dias úteis, contados da data de publicação deste Edital, de segunda a sexta-feira, das 09:00hs às 16:00hs. Informações adicionais podem ser obtidas pelo telefone (81) 99678-8140 ou e-mail: brunosilva.paulo@eb.mil.br.</p><p class="assina">EVERTON LUIS NAVARRO DE ALMEIDA - Cel</p><p class="cargo">Ordenador de Despesas</p>]]></Texto>
  </body>
  <Midias />
</article></xml>