﻿<xml><article id="27716101" name="2022-08-24/7354163/COMPRASNETWS_" idOficio="7354163" pubName="DO3" artType="Extrato de Credenciamento" pubDate="25/08/2022" artClass="00013:00011:00015:00010:00011:00000:00000:00000:00000:00000:00033:00001" artCategory="Ministério da Defesa/Comando do Exército/Comando Militar do Sul/3ª Região Militar/Hospital Militar de Área de Porto Alegre" artSize="12" artNotes="" numberPage="30" pdfPage="http://pesquisa.in.gov.br/imprensa/jsp/visualiza/index.jsp?data=25/08/2022&amp;jornal=530&amp;pagina=30" editionNumber="162" highlightType="" highlightPriority="" highlight="" highlightimage="" highlightimagename="" idMateria="14834519">
  <body>
    <Identifica><![CDATA[ EXTRATO DE CREDENCIAMENTO Nº 527/2022 - UASG 160399]]></Identifica>
    <Data><![CDATA[]]></Data>
    <Ementa />
    <Titulo />
    <SubTitulo />
    <Texto><![CDATA[<p class="identifica">EXTRATO DE CREDENCIAMENTO Nº 527/2022 - UASG 160399</p><p>Nº Processo: 64582.013753/2022-88.</p><p>Inexigibilidade Nº 527/2022. Contratante: HOSPITAL MILITAR DE AREA DE PORTO ALEGRE.</p><p>Contratado: 26.360.283/0001-76 - PAULO ROBERTO KRIESE SERVIÇOS MÉDICOS. Objeto: Serviços de cirurgia torácica no âmbito do hmapa por 12 meses..</p><p>Fundamento Legal: LEI 8.666 / 1993 - Artigo: 25. Vigência: 24/08/2022 a 23/08/2023. Valor Total: R$ 150.000,00. Data de Assinatura: 24/08/2022.</p><p>(COMPRASNET 4.0 - 24/08/2022).</p>]]></Texto>
  </body>
  <Midias />
</article></xml>