﻿<xml><article id="27716651" name="Sidec_00177__9LBZAW" idOficio="7355149" pubName="DO3" artType="Resultado de Julgamento" pubDate="25/08/2022" artClass="00013:00011:00007:00002:00000:00000:00000:00000:00000:00000:00120:00178" artCategory="Ministério da Defesa/Comando do Exército/Comando Logístico/Centro de Obtenções do Exército" artSize="12" artNotes="" numberPage="19" pdfPage="http://pesquisa.in.gov.br/imprensa/jsp/visualiza/index.jsp?data=25/08/2022&amp;jornal=530&amp;pagina=19" editionNumber="162" highlightType="" highlightPriority="" highlight="" highlightimage="" highlightimagename="" idMateria="14836074">
  <body>
    <Identifica><![CDATA[ RESULTADO DE JULGAMENTO]]></Identifica>
    <Data><![CDATA[]]></Data>
    <Ementa />
    <Titulo />
    <SubTitulo />
    <Texto><![CDATA[<p class="identifica">RESULTADO DE JULGAMENTO</p><p class="identifica">PREGÃO Nº 17/2022</p><p>Foi declarada vencedora dos itens 1, 2 e 3 - VIBRA ENERGIA S.A.</p><p class="assina">DAVID VIEIRA DE MATOS JUNIOR</p><p class="cargo">Chefe da Divisão de Aquisições, Licitações e Contratos</p><p>(SIDEC - 24/08/2022) 160069-00001-2022NE001706</p>]]></Texto>
  </body>
  <Midias />
</article></xml>