﻿<xml><article id="27714105" name="Sidec_00188" idOficio="7355149" pubName="DO3" artType="Resultado de Julgamento" pubDate="25/08/2022" artClass="00013:00011:00008:00012:00045:00000:00000:00000:00000:00000:00120:00189" artCategory="Ministério da Defesa/Comando do Exército/Comando Militar da Amazônia/2º Grupamento de Engenharia/8º Batalhão de Engenharia de Construção" artSize="12" artNotes="" numberPage="19" pdfPage="http://pesquisa.in.gov.br/imprensa/jsp/visualiza/index.jsp?data=25/08/2022&amp;jornal=530&amp;pagina=19" editionNumber="162" highlightType="" highlightPriority="" highlight="" highlightimage="" highlightimagename="" idMateria="14836085">
  <body>
    <Identifica><![CDATA[ RESULTADO DE JULGAMENTO]]></Identifica>
    <Data><![CDATA[]]></Data>
    <Ementa />
    <Titulo />
    <SubTitulo />
    <Texto><![CDATA[<p class="identifica">RESULTADO DE JULGAMENTO</p><p class="identifica">PREGÃO Nº 8/2022</p><p>Após adjudicação dos atos praticados pelo pregoeiro, quando do procedimento licitatório referente ao pregão eletrônico Nr 08/2022, o Sr. Ordenador de Despesas homologou o objeto licitado-Registro de Preços para a presente licitação, é o registro de preços para a eventual aquisição de peças para manutenção de equipamentos e viaturas com o objetivo de manter a disponibilidade destes ativos, visando atender às necessidades do 8o Batalhão de Engenharia de Construção, em favor das empresas: 02.273.057/0001-90 - ALPHASET COMERCIO DE PECAS LTDA - R$ 599.000,00; 02.729.859/0001-61 - CYLINDER COMERCIO E SERVICOS LTDA - R$ 994.925,00; 06.211.458/0001-76 - UTILIPECAS SERVICE LTDA - R$ 115.000,00; 07.279.072/0001-69 - COMERCIO DE AUTO PECAS LUZ LTDA. - R$ 34.986,00; 09.043.182/0001-52 - NA ATIVA COMERCIAL - EIRELI - R$ 61.485,00; 11.965.972/0001-37 - J. B. S. COMERCIO E SERVICOS LTDA - R$ 111.750,00; 14.564.752/0001-90 - GUARUCAR PECAS E SERVICOS LTDA - R$ 185.400,00; 16.745.210/0001-49 - AGROTERRA LTDA - R$ 273.175,00; 35.339.031/0001-56 - UNT PECAS E SERVICOS AUTOMOTIVOS EIRELI - R$ 46.000,00. Valor Global da Ata: R$ 2.421.721,00.</p><p class="assina">LUCIANO FLÁVIO ALMEIDA DE LIMA</p><p class="cargo">Ordenador de Despesas</p><p>(SIDEC - 24/08/2022) 160089-00001-2022NE002061</p>]]></Texto>
  </body>
  <Midias />
</article></xml>