﻿<xml><article id="27716120" name="2022-08-24/7355710/COMPRASNETWS_" idOficio="7355710" pubName="DO3" artType="Extrato de Contrato" pubDate="25/08/2022" artClass="00006:00009:00012:00017:00000:00000:00000:00000:00000:00000:00031:00001" artCategory="Presidência da República/Advocacia-Geral da União/Secretaria-Geral de Administração/Superintendência Regional de Administração 1ª Região" artSize="12" artNotes="" numberPage="1" pdfPage="http://pesquisa.in.gov.br/imprensa/jsp/visualiza/index.jsp?data=25/08/2022&amp;jornal=530&amp;pagina=1" editionNumber="162" highlightType="" highlightPriority="" highlight="" highlightimage="" highlightimagename="" idMateria="14836820">
  <body>
    <Identifica><![CDATA[ EXTRATO DE CONTRATO Nº 49/2022 - UASG 110161]]></Identifica>
    <Data><![CDATA[]]></Data>
    <Ementa />
    <Titulo />
    <SubTitulo />
    <Texto><![CDATA[<p class="identifica">EXTRATO DE CONTRATO Nº 49/2022 - UASG 110161</p><p>Nº Processo: 00420.001915/2012-33.</p><p>Inexigibilidade Nº 15/2012. Contratante: SUPERINTENDENCIA REGIONAL DE ADMINISTRAÇÃO DA 1ª REGIÃO. Contratado: 01.634.845/0001-00 - SERVICO DE AGUA E ESGOTO DE RIO BRANCO. Objeto: Prestação de serviço público de abastecimento de água e/ou esgotamento sanitário prestado pelo SAERB à Advocacia-Geral da União - Acre.</p><p>Fundamento Legal: LEI 8.666 / 1993 - Artigo: 25 - Inciso: I. Vigência: 01/05/2022 a 01/05/2070. Valor Total: R$ 26.410,49. Data de Assinatura: 01/05/2022.</p><p>(COMPRASNET 4.0 - 24/08/2022).</p>]]></Texto>
  </body>
  <Midias />
</article></xml>