﻿<xml><article id="27712133" name="Sidec_00156__E1P3FJ" idOficio="7355149" pubName="DO3" artType="Aviso de Revogação" pubDate="25/08/2022" artClass="00013:00010:00029:00002:00022:00000:00000:00000:00000:00000:00088:00157" artCategory="Ministério da Defesa/Comando da Aeronáutica/Secretaria de Economia e Finanças e Administração da Aeronáutica/Diretoria de Administração da Aeronáutica/Grupamento de Apoio de Brasília" artSize="12" artNotes="" numberPage="17" pdfPage="http://pesquisa.in.gov.br/imprensa/jsp/visualiza/index.jsp?data=25/08/2022&amp;jornal=530&amp;pagina=17" editionNumber="162" highlightType="" highlightPriority="" highlight="" highlightimage="" highlightimagename="" idMateria="14836051">
  <body>
    <Identifica><![CDATA[ AVISO DE REVOGAÇÃO]]></Identifica>
    <Data><![CDATA[]]></Data>
    <Ementa />
    <Titulo />
    <SubTitulo />
    <Texto><![CDATA[<p class="identifica">AVISO DE REVOGAÇÃO</p><p class="identifica">PREGÃO Nº 7/2022</p><p>Fica revogada a licitação supracitada, referente ao processo Nº 67284004906202178. Objeto: Pregão Eletrônico - Contratação de empresa especializada em prestação de serviço de remoção de Seixos rolados e terra de forma manual incluindo o transporte e alocação no VI Comar GAP-DF localizado no SHIS QI 5 Lago Sul, Brasília DF, de acordo com a demanda do CCA-BR e GAP-BR localizados na Esplanada dos Ministérios bloco M Edifício Anexo lado A e B do COMAER</p><p class="assina">NAZARENO CORREIA PEREGRINO</p><p class="cargo">Ordenador de Despesas</p><p>(SIDEC - 24/08/2022) 120006-00001-2022NE800000</p>]]></Texto>
  </body>
  <Midias />
</article></xml>