﻿<xml><article id="27702226" name="BSB-005-ECT-00436254" idOficio="7354657" pubName="DO3" artType="Extrato de Contrato" pubDate="25/08/2022" artClass="00012:00017:00049:00012:00000:00000:00000:00000:00000:00000:00031:00000" artCategory="Ministério das Comunicações/Empresa Brasileira de Correios e Telégrafos/Diretoria de Governança e Estratégia/Superintendência Estadual N3 BSB" artSize="12" artNotes="" numberPage="13" pdfPage="http://pesquisa.in.gov.br/imprensa/jsp/visualiza/index.jsp?data=25/08/2022&amp;jornal=530&amp;pagina=13" editionNumber="162" highlightType="" highlightPriority="" highlight="" highlightimage="" highlightimagename="" idMateria="14835238">
  <body>
    <Identifica><![CDATA[ EXTRATO DE CONTRATO]]></Identifica>
    <Data><![CDATA[]]></Data>
    <Ementa />
    <Titulo />
    <SubTitulo />
    <Texto><![CDATA[<p class="identifica">EXTRATO DE CONTRATO</p><p>Contrato nº 535/2022 de Locação de Imóvel. Data da assinatura: 16/08/2022. Objeto: Locação por 60 meses de imóvel não residencial para fins de funcionamento do CENTRO DE DISTRIBUIÇÃO DOMICILIÁRIA e AGÊNCIA DE CORREIOS - CDD/AC PLANALTINA - GO. Valor mensal do aluguel: R$ 4.360,89. Valor Global: R$ 261.653,40. Contratado: GERSON DE SOUSA LIMA. Período de Vigência: 16/08/2022 a 16/08/2027. Processo SEI: 53161.000559/2022-77.</p>]]></Texto>
  </body>
  <Midias />
</article></xml>