﻿<xml><article id="27694705" name="Aviso de HomologaAAo - DOU (Preg" idOficio="7353190" pubName="DO3" artType="Aviso de Homologação" pubDate="25/08/2022" artClass="00013:00010:00010:00021:00219:00000:00000:00000:00000:00000:00077:00000" artCategory="Ministério da Defesa/Comando da Aeronáutica/Comando de Preparo/III Comando Aéreo Regional/Base Aérea dos Afonsos" artSize="12" artNotes="" numberPage="14" pdfPage="http://pesquisa.in.gov.br/imprensa/jsp/visualiza/index.jsp?data=25/08/2022&amp;jornal=530&amp;pagina=14" editionNumber="162" highlightType="" highlightPriority="" highlight="" highlightimage="" highlightimagename="" idMateria="14833392">
  <body>
    <Identifica><![CDATA[ AVISO DE HOMOLOGAÇÃO]]></Identifica>
    <Data><![CDATA[]]></Data>
    <Ementa />
    <Titulo />
    <SubTitulo />
    <Texto><![CDATA[<p class="identifica">AVISO DE HOMOLOGAÇÃO</p><p class="identifica">PREGÃO ELETRÔNICO Nº 31/2022</p><p>A BASE AÉREA DOS AFONSOS-BAAF, torna público que, conforme Processo nº 67241.003997/2022-10, referente ao Pregão Eletrônico nº 31/2022, e nos termos da legislação vigente, foi homologada no dia 23/08/2022, pelo Ordenador de Despesas, o Senhor Tenente-Coronel Intendente JOSÉ HENRIQUE FERREIRA CORÉ, a referida licitação, cujo objeto é a escolha da proposta mais vantajosa para a contratação de serviços de empresa especializada em promoção de eventos pertinentes aos exames de admissão ou seleção para ingresso na Força Aérea Brasileira a serem realizados no estado do Rio de Janeiro, como segue: CARIOCA SOLUTION EIRELI, CNPJ: 22.567.346/0001-09, item 1, Valor Total Registrado: R$ 1.257.750,00.</p><p class="assina">Ten Cel Int - JOSÉ HENRIQUE FERREIRA CORÉ</p><p class="cargo">Ordenador de Despesas</p>]]></Texto>
  </body>
  <Midias />
</article></xml>