﻿<xml><article id="27704351" name="OFdou ATA SRP" idOficio="7355099" pubName="DO3" artType="Extrato de Registro de Preços" pubDate="25/08/2022" artClass="00013:00012:00024:00003:00000:00000:00000:00000:00000:00000:00048:00000" artCategory="Ministério da Defesa/Comando da Marinha/Diretoria-Geral de Desenvolvimento Nuclear e Tecnológico da Marinha/Centro Tecnológico da Marinha no Rio de Janeiro" artSize="12" artNotes="" numberPage="36" pdfPage="http://pesquisa.in.gov.br/imprensa/jsp/visualiza/index.jsp?data=25/08/2022&amp;jornal=530&amp;pagina=36" editionNumber="162" highlightType="" highlightPriority="" highlight="" highlightimage="" highlightimagename="" idMateria="14835733">
  <body>
    <Identifica><![CDATA[ EXTRATO DE REGISTRO DE PREÇOS]]></Identifica>
    <Data><![CDATA[]]></Data>
    <Ementa />
    <Titulo />
    <SubTitulo />
    <Texto><![CDATA[<p class="identifica">EXTRATO DE REGISTRO DE PREÇOS</p><p>PREGÃO 07/2022</p><p>Objeto: ATO RESULTADO DE LICITACAO; Processo: 63223.001037/2021-93; Pregão Eletrônico (SRP) n 07/2022; Registro de Preços para aquisição de gêneros alimentícios; Empresas vencedoras: 1) ALIMENTAR FOODS FRIGORIFICO LTDA CNPJ: 03.948.499/0001-51, ARP 44/2022-Valor Global Total R$ 138.600,00; 2) PONTUAL RIO 2010 COMERCIAL LTDA CNPJ: 03.985.518/0001-10, ARP 45/2022-Valor Global Total R$ 31.002,00; 3) RIOMAR 2001 DISTRIBUIDORA DE ALIMENTOS E DESCARTÁVEIS LTDA CNPJ: 05.057.706/0001-03, ARP 46/2022-Valor Global Total R$ 423.004,41; 4) NUTRI ALIMENTOS DE NILOPOLIS COMERCIO ATACADISTA EIRELI - CNPJ: 11.074.537/0001-12, ARP 47/2022-Valor Global Total R$ 102.689,00‬‬; 5) FRESH FOOD COMÉRCIO DE GÊNEROS ALIMENTÍCIOS LTDA CNPJ: 14.263.869/0001-33, ARP 49/2022 Valor Global Total R$ 130.834,39; 6) F. FIRMINO COMERCIAL E SERVIÇOS LTDA CNPJ: 04.718.601/0001-95, ARP 50/2022-Valor Global Total R$ 177.264,60; 7) CG COMERCIO ATACADISTA DE ALIMENTOS EM GERAL EIRELI CNPJ: 36.245.543/0001-16, ARP 51/2022- Valor Global Total R$ 403.806,77.</p><p>CLAUDIO DE SOUZA JUNIOR - ORDENADOR DE DESPESAS</p>]]></Texto>
  </body>
  <Midias />
</article></xml>