﻿<xml><article id="27715855" name="2022-08-24/7354742/COMPRASNETWS_" idOficio="7354742" pubName="DO3" artType="Extrato de Termo Aditivo" pubDate="25/08/2022" artClass="00013:00011:00010:00007:00011:00000:00000:00000:00000:00000:00054:00001" artCategory="Ministério da Defesa/Comando do Exército/Comando Militar do Nordeste/6ª Região Militar/28º Batalhão de Caçadores" artSize="12" artNotes="" numberPage="22" pdfPage="http://pesquisa.in.gov.br/imprensa/jsp/visualiza/index.jsp?data=25/08/2022&amp;jornal=530&amp;pagina=22" editionNumber="162" highlightType="" highlightPriority="" highlight="" highlightimage="" highlightimagename="" idMateria="14835276">
  <body>
    <Identifica><![CDATA[ EXTRATO DE TERMO ADITIVO Nº 1/2022 - UASG 160454]]></Identifica>
    <Data><![CDATA[]]></Data>
    <Ementa />
    <Titulo />
    <SubTitulo />
    <Texto><![CDATA[<p class="identifica">EXTRATO DE TERMO ADITIVO Nº 1/2022 - UASG 160454</p><p>Número do Contrato: 37/2019.</p><p>Nº Processo: 64025.003032/2018.</p><p>Inexigibilidade. Nº 10/2018. Contratante: 28 BATALHAO DE CACADORES. Contratado: 04.896.159/0001-97 - CIAM CLINICA INTEGRADA DE ASSISTENCIA MEDICA A MULHER L. Objeto: Prorrogação da vigência do contrato original e reajuste do valor estimado anual. Vigência: 10/07/2022 a 09/07/2023. Valor Total Atualizado do Contrato: R$ 555.000,00. Data de Assinatura: 08/07/2022.</p><p>(COMPRASNET 4.0 - 08/07/2022).</p>]]></Texto>
  </body>
  <Midias />
</article></xml>