﻿<xml><article id="27714645" name="2022-08-24/7354811/COMPRASNETWS_" idOficio="7354811" pubName="DO3" artType="Extrato de Contrato" pubDate="25/08/2022" artClass="00006:00009:00012:00015:00000:00000:00000:00000:00000:00000:00031:00001" artCategory="Presidência da República/Advocacia-Geral da União/Secretaria-Geral de Administração/Superintendência Regional de Administração 5ª Região" artSize="12" artNotes="" numberPage="1" pdfPage="http://pesquisa.in.gov.br/imprensa/jsp/visualiza/index.jsp?data=25/08/2022&amp;jornal=530&amp;pagina=1" editionNumber="162" highlightType="" highlightPriority="" highlight="" highlightimage="" highlightimagename="" idMateria="14835396">
  <body>
    <Identifica><![CDATA[ EXTRATO DE CONTRATO Nº 29/2022 - UASG 110096]]></Identifica>
    <Data><![CDATA[]]></Data>
    <Ementa />
    <Titulo />
    <SubTitulo />
    <Texto><![CDATA[<p class="identifica">EXTRATO DE CONTRATO Nº 29/2022 - UASG 110096</p><p>Nº Processo: 00587.001712/2022-16.</p><p>Pregão Nº 11/2022. Contratante: SUPERINTENDENCIA ADMINISTRACAO EM PERNAMBUCO.</p><p>Contratado: 08.617.414/0001-76 - DFE SEGURANCA ESPECIALIZADA EIRELI. Objeto: Contratação de empresa especializada na prestação de serviços continuados de vigilância orgância armada para atender as necessidades das unidades da Advocacia Geral da União no Estado do Ceará..</p><p>Fundamento Legal: LEI 10.520 / 2002 - Artigo: 1. Vigência: 01/09/2022 a 01/09/2023. Valor Total: R$ 508.097,64. Data de Assinatura: 24/08/2022.</p><p>(COMPRASNET 4.0 - 24/08/2022).</p>]]></Texto>
  </body>
  <Midias />
</article></xml>