﻿<xml><article id="27715843" name="2022-08-24/7354695/COMPRASNETWS_" idOficio="7354695" pubName="DO3" artType="Extrato de Termo Aditivo" pubDate="25/08/2022" artClass="00013:00012:00033:00005:00000:00000:00000:00000:00000:00000:00054:00001" artCategory="Ministério da Defesa/Comando da Marinha/Secretaria-Geral/Diretoria de Abastecimento" artSize="12" artNotes="" numberPage="37" pdfPage="http://pesquisa.in.gov.br/imprensa/jsp/visualiza/index.jsp?data=25/08/2022&amp;jornal=530&amp;pagina=37" editionNumber="162" highlightType="" highlightPriority="" highlight="" highlightimage="" highlightimagename="" idMateria="14835269">
  <body>
    <Identifica><![CDATA[ EXTRATO DE TERMO ADITIVO Nº 71000/2021-007/01 - UASG 771000]]></Identifica>
    <Data><![CDATA[]]></Data>
    <Ementa />
    <Titulo />
    <SubTitulo />
    <Texto><![CDATA[<p class="identifica">EXTRATO DE TERMO ADITIVO Nº 71000/2021-007/01 - UASG 771000</p><p>Número do Contrato: 7/2021.</p><p>Nº Processo: 63079.000903/2021-30.</p><p>Inexigibilidade. Nº 29/2021. Contratante: DIRETORIA DE ABASTECIMENTO DA MARINHA. Contratado: 44.772.937/0001-50 - TELEMATICA SISTEMAS INTELIGENTES LTDA. Objeto: Manutenção preventiva e corretiva do sistema de catracas e fechaduras eletrônicas do Edifício Almirante Gastão Motta (EAGM). Vigência: 01/09/2022 a 01/09/2023. Valor Total Atualizado do Contrato: R$ 25.637,64. Data de Assinatura: 23/08/2022.</p><p>(COMPRASNET 4.0 - 23/08/2022).</p>]]></Texto>
  </body>
  <Midias />
</article></xml>