﻿<xml><article id="27694101" name="PREGAO 159 2022 - ELETRANICO - A" idOficio="7344169" pubName="DO3" artType="Aviso de Licitação-Pregão" pubDate="25/08/2022" artClass="00052:00014:00303:00000:00000:00000:00000:00000:00000:00000:00164:00000" artCategory="Prefeituras/Estado do Paraná/Prefeitura Municipal de Palotina" artSize="12" artNotes="" numberPage="283" pdfPage="http://pesquisa.in.gov.br/imprensa/jsp/visualiza/index.jsp?data=25/08/2022&amp;jornal=530&amp;pagina=283" editionNumber="162" highlightType="" highlightPriority="" highlight="" highlightimage="" highlightimagename="" idMateria="14820829">
  <body>
    <Identifica><![CDATA[ AVISO DE LICITAÇÃO]]></Identifica>
    <Data><![CDATA[ Em 19 de agosto de 2022.]]></Data>
    <Ementa />
    <Titulo />
    <SubTitulo />
    <Texto><![CDATA[<p class="identifica">AVISO DE LICITAÇÃO</p><p class="identifica">Pregão Eletrônico nº 159/2022</p><p>Tipo: Menor Preço Global por Lote.</p><p>O Município de Palotina avisa aos interessados que está à disposição o Edital do Pregão 159/2022, objetivando REGISTRO DE PREÇOS PARA AQUISIÇÃO DE MATERIAL DE DISTRIBUIÇÃO GRATUITA (MEDICAMENTOS) PARA SEREM DISTRIBUIDOS À POPULAÇÃO ATENDIDA PELA SECRETARIA MUNICIPAL DE SAÚDE ATRAVÉS DA FARMÁCIA CENTRAL, FARMÁCIAS NAS UNIDADES BÁSICAS DE SAÚDE E PELO SAD (SERVIÇO DE ATENÇÃO DOMICILIAR), NESTE MUNICÍPIO. Conforme especificações contidas no Edital, com abertura prevista para o dia 09/09/2022 às 09:01hs. O edital está à disposição na Prefeitura Municipal de Palotina/PR, poderá ser solicitado pelo email compras@palotina.pr.gov.br, na plataforma BLL www.bll.org.br e no site da prefeitura.</p><p class="data">Em 19 de agosto de 2022.</p><p class="assina">Luiz Ernesto de Giacometti</p><p class="cargo">Prefeito</p>]]></Texto>
  </body>
  <Midias />
</article></xml>