﻿<xml><article id="27716132" name="2022-08-24/7354903/COMPRASNETWS_" idOficio="7354903" pubName="DO3" artType="Extrato de Apostilamento" pubDate="25/08/2022" artClass="00013:00010:00012:00009:00214:00000:00000:00000:00000:00000:00143:00001" artCategory="Ministério da Defesa/Comando da Aeronáutica/Comando-Geral do Pessoal/Diretoria de Ensino/Escola de Especialistas" artSize="12" artNotes="" numberPage="15" pdfPage="http://pesquisa.in.gov.br/imprensa/jsp/visualiza/index.jsp?data=25/08/2022&amp;jornal=530&amp;pagina=15" editionNumber="162" highlightType="" highlightPriority="" highlight="" highlightimage="" highlightimagename="" idMateria="14835495">
  <body>
    <Identifica><![CDATA[ EXTRATO DE APOSTILAMENTO Nº 3/2022 - UASG 120064]]></Identifica>
    <Data><![CDATA[]]></Data>
    <Ementa />
    <Titulo />
    <SubTitulo />
    <Texto><![CDATA[<p class="identifica">EXTRATO DE APOSTILAMENTO Nº 3/2022 - UASG 120064</p><p>Número do Contrato: 2/2020.</p><p>Nº Processo: 67542.025095/2019-36.</p><p>Contratante: ESCOLA DE ESPECIALISTAS DE AERONAUTICA. Contratado: 01.132.555/0001-50 - P. SERGIO RIBEIRO GUARATINGUETÁ - ME. Objeto: Reestabelecimento do valor contratado sem o desconto temporário concedido através do primeiro aditamento, a contar de 10/03/2022, impactando um acréscimo de 16,46% no valor total acumulado do contrato, cujo objeto é a cessão de uso de bem imóvel para prestação de serviços de papelaria e livraria na eear.. Vigência: 10/03/2022 a 01/04/2025. Valor Total Atualizado do Contrato: R$ 130.089,10. Data de Assinatura: 11/08/2022.</p><p>(COMPRASNET 4.0 - 11/08/2022).</p>]]></Texto>
  </body>
  <Midias />
</article></xml>