﻿<xml><article id="27712838" name="2022-08-24/7353218/COMPRASNETWS_" idOficio="7353218" pubName="DO3" artType="Extrato de Apostilamento" pubDate="25/08/2022" artClass="00013:00011:00009:00028:00005:00000:00000:00000:00000:00000:00143:00001" artCategory="Ministério da Defesa/Comando do Exército/Comando Militar do Leste/5º Grupamento de Engenharia/Comissão Regional de Obras da 1ª Região Militar" artSize="12" artNotes="" numberPage="21" pdfPage="http://pesquisa.in.gov.br/imprensa/jsp/visualiza/index.jsp?data=25/08/2022&amp;jornal=530&amp;pagina=21" editionNumber="162" highlightType="" highlightPriority="" highlight="" highlightimage="" highlightimagename="" idMateria="14833483">
  <body>
    <Identifica><![CDATA[ EXTRATO DE APOSTILAMENTO Nº 1/2022 - UASG 160301]]></Identifica>
    <Data><![CDATA[]]></Data>
    <Ementa />
    <Titulo />
    <SubTitulo />
    <Texto><![CDATA[<p class="identifica">EXTRATO DE APOSTILAMENTO Nº 1/2022 - UASG 160301</p><p>Número do Contrato: 14/2020.</p><p>Nº Processo: 64325.000160/2019-97.</p><p>Contratante: COMISSAO REGIONAL DE OBRAS/1. Contratado: 36.100.907/0001-70 - LA GRECA FERREIRA CONSTRUTORA EIRELI. Objeto: O contrato nº 14/2020 fica reajustado com base na análise da proposta do apostilamento do 1º reajustamento do saldo contratual relativo ao termo de contrato n° 14/2020, conforme memória de decisão nº 278- s4 - dom, de 02 ago 22, que equivale a r$ 143.939,13 (cento e quarenta e três mil, novecentos e trinta e nove reais e treze centavos)</p><p>o valor global do contrato nº 14/2020 passa de r$ 1.139.846,89 (um milhão, cento e trinta e nove mil, oitocentos e quarenta e seis reais e oitenta e nove centavos) para r$ 1.283.876,02(um milhão, duzentos e oitenta e três mil, setecentos e oitenta e seis reais e dois centavos).. Vigência: 29/12/2020 a 12/11/2022. Valor Total Atualizado do Contrato: R$ 1.283.876,02. Data de Assinatura: 22/08/2022.</p><p>(COMPRASNET 4.0 - 22/08/2022).</p>]]></Texto>
  </body>
  <Midias />
</article></xml>