﻿<xml><article id="27716162" name="2022-08-24/7353722/siasgnet_1483" idOficio="7353722" pubName="DO3" artType="Aviso de Licitação-Pregão" pubDate="25/08/2022" artClass="00013:00011:00009:00028:00007:00000:00000:00000:00000:00000:00164:00001" artCategory="Ministério da Defesa/Comando do Exército/Comando Militar do Leste/5º Grupamento de Engenharia/4º Batalhão de Engenharia de Combate" artSize="12" artNotes="" numberPage="21" pdfPage="http://pesquisa.in.gov.br/imprensa/jsp/visualiza/index.jsp?data=25/08/2022&amp;jornal=530&amp;pagina=21" editionNumber="162" highlightType="" highlightPriority="" highlight="" highlightimage="" highlightimagename="" idMateria="14833986">
  <body>
    <Identifica><![CDATA[ AVISO DE LICITAÇÃO]]></Identifica>
    <Data><![CDATA[]]></Data>
    <Ementa />
    <Titulo />
    <SubTitulo />
    <Texto><![CDATA[<p class="identifica">AVISO DE LICITAÇÃO</p><p class="identifica">Pregão Eletrônico Nº 15/2022 - UASG 160113</p><p>Nº Processo: 64033006419202294. Objeto: Contratação de leiloeiro oficial.. Total de Itens Licitados: 1. Edital: 25/08/2022 das 08h00 às 11h30 e das 13h30 às 16h00. Endereço: Praca Duque de Caxias, S/n_ Bairro Varginha, - Itajubá/MG ou https://www.gov.br/compras/edital/160113-5-00015-2022. Entrega das Propostas: a partir de 25/08/2022 às 08h00 no site www.gov.br/compras. Abertura das Propostas: 06/09/2022 às 08h00 no site www.gov.br/compras. Informações Gerais: .</p><p class="assina">MARIO CABRAL DA SILVA FILHO</p><p class="cargo">Ordenador de Despesas</p><p>(SIASGnet - 24/08/2022) 160113-00001-2022NE000001</p>]]></Texto>
  </body>
  <Midias />
</article></xml>