﻿<xml><article id="27703138" name="pub 115-22. autorizaAAo fornecim" idOficio="7354814" pubName="DO3" artType="Extrato de Autorização de Fornecimento de Material" pubDate="25/08/2022" artClass="00007:00060:00039:00000:00000:00000:00000:00000:00000:00000:00103:00000" artCategory="Ministério da Agricultura, Pecuária e Abastecimento/Empresa Brasileira de Pesquisa Agropecuária/Embrapa Cerrados" artSize="12" artNotes="" numberPage="7" pdfPage="http://pesquisa.in.gov.br/imprensa/jsp/visualiza/index.jsp?data=25/08/2022&amp;jornal=530&amp;pagina=7" editionNumber="162" highlightType="" highlightPriority="" highlight="" highlightimage="" highlightimagename="" idMateria="14835439">
  <body>
    <Identifica><![CDATA[ ExtratoS DE Autorização de FornecimentoS]]></Identifica>
    <Data><![CDATA[]]></Data>
    <Ementa />
    <Titulo />
    <SubTitulo />
    <Texto><![CDATA[<p class="identifica">ExtratoS DE Autorização de FornecimentoS</p><p>Espécie: Autorização de Fornecimento nº 43/2022 - SEI nº 21167.001818/2022-31; Partes: Embrapa Cerrados e a Front Comercial Ltda.; Objeto: Aquisição de Materiais Diversos para Atender Demanda da Embrapa Cerrados; Vinculação: Pregão Eletrônico 14/2022; Valor Global: R$ 370,80; Vigência do Contrato: Início em 23/08/2022 e término previsto para 23/09/2022; Data de assinatura:23/08/2022; Signatários: Nilton Luiz da Silva e Valdirene de Moura Alves, pela Embrapa Cerrados, e, Cintia Regina do Nascimento, pela Front Comercial Ltda..</p><p>Espécie: Autorização de Fornecimento nº 47/2022 - SEI nº 21167.001823/2022-43; Partes: Embrapa Cerrados e a Saint Vallen Biotecnologia Ltda.; Objeto: Aquisição de Materiais Diversos para Atender Demanda da Embrapa Cerrados; Vinculação: Pregão Eletrônico 14/2022; Valor Global: R$ 4.029,51; Vigência do Contrato: Início em 23/08/2022 e término previsto para 23/09/2022; Data de assinatura:23/08/2022; Signatários: Nilton Luiz da Silva e Valdirene de Moura Alves, pela Embrapa Cerrados, e, Luciana Valente Dornelles, pela Saint Vallen Biotecnologia Ltda.</p>]]></Texto>
  </body>
  <Midias />
</article></xml>