﻿<xml><article id="27706358" name="Aviso DOU Combate de Cavalaria M" idOficio="7355425" pubName="DO3" artType="Aviso" pubDate="25/08/2022" artClass="00013:00011:00007:00000:00000:00000:00000:00000:00000:00000:00108:00000" artCategory="Ministério da Defesa/Comando do Exército/Comando Logístico" artSize="12" artNotes="" numberPage="18" pdfPage="http://pesquisa.in.gov.br/imprensa/jsp/visualiza/index.jsp?data=25/08/2022&amp;jornal=530&amp;pagina=18" editionNumber="162" highlightType="" highlightPriority="" highlight="" highlightimage="" highlightimagename="" idMateria="14836408">
  <body>
    <Identifica><![CDATA[ AVISO]]></Identifica>
    <Data><![CDATA[Em 24 de agosto de 2022.]]></Data>
    <Ementa />
    <Titulo />
    <SubTitulo />
    <Texto><![CDATA[<p class="identifica">AVISO</p><p>Request For Proposal (RFP) do Projeto de Obtenção da Viatura Blindada de Combate de Cavalaria Média Sobre Rodas 8X8 (VBC Cav - MSR 8X8), para o Exército Brasileiro</p><p>NOTA INFORMATIVA Nº 001 - VBC CAV-MSR 8X8</p><p>O Exército Brasileiro, por meio do Comando Logístico (COLOG)/Diretoria de Material (D Mat), no contexto do Processo do REQUEST FOR PROPOSAL (RFP) - COLOG nº 01/2022, de 20 JUL 22, vem tornar público as seguintes informações: 1. O valor a ser cobrado, a título de garantia contratual do contrato de Suporte Logístico Inicial (SLI), para as VBC Cav - MSR 8x8 adquiridas, será no valor de 1% do valor total de cada um dos contratos de SLI. 2. A modalidade da garantia contratual exigida para os contratos de SLI poderá ser escolhida pela empresa contratada, dentro das possibilidades listadas, de acordo com o previsto no § 1º, do Art. 56, da Lei 8.666, de 21 JUN 1993. 3. A quantidade de viaturas prevista para o Lote de Experimentação Doutrinária (LED) será de 7 (sete) viaturas. 4. Para o Serviço de Suporte Documental, previsto no item 2.3.2. do Apêndice A do Anexo IX ao RFP - Condições do Serviço de Suporte Logístico Inicial (SLI) o prazo de duração desse serviço será o mesmo prazo previsto para os contratos de SLI, ou seja, 5 (cinco) anos. DATA DA ASSINATURA:</p><p class="data">Em 24 de agosto de 2022.</p><p class="assina">DAVID VIEIRA DE MATOS JUNIOR - Cel</p><p class="cargo">Chefe da Divisão de Aquisições, Licitações e Contratos do Centro de Obtenções do Exército/COLOG.</p>]]></Texto>
  </body>
  <Midias />
</article></xml>