﻿<xml><article id="27714084" name="Sidec_00210" idOficio="7355149" pubName="DO3" artType="Extrato de Inexigibilidade de Licitação" pubDate="25/08/2022" artClass="00013:00011:00036:00015:00000:00000:00000:00000:00000:00000:00041:00211" artCategory="Ministério da Defesa/Comando do Exército/Indústria de Material Bélico do Brasil/Fábrica Presidente Vargas" artSize="12" artNotes="" numberPage="34" pdfPage="http://pesquisa.in.gov.br/imprensa/jsp/visualiza/index.jsp?data=25/08/2022&amp;jornal=530&amp;pagina=34" editionNumber="162" highlightType="" highlightPriority="" highlight="" highlightimage="" highlightimagename="" idMateria="14836107">
  <body>
    <Identifica><![CDATA[ EXTRATO DE INEXIGIBILIDADE DE LICITAÇÃO Nº 8/2022  - UASG 168004]]></Identifica>
    <Data><![CDATA[]]></Data>
    <Ementa />
    <Titulo />
    <SubTitulo />
    <Texto><![CDATA[<p class="identifica">EXTRATO DE INEXIGIBILIDADE DE LICITAÇÃO Nº 8/2022 - UASG 168004</p><p>Nº Processo: 2022/000232-FPV . Objeto: Aquisição direta de serviço de manutenção de equipamentos industriais - instalação de KITs de automação em válvulas especiais das Oficinas TT-01, TT-02 e TT-09 da Planta de Trinitrotolueno - TNT já existentes e de propriedade da Fábrica Presidente Vargas, filial nº 1 da Indústria de Material Bélico do Brasil - IMBEL, conforme condições, quantidades, exigências e estimativas estabelecidas no Termo de Referência Nº 29/2022 - DVENG. Total de Itens Licitados: 00001. Fundamento Legal: Art. 30º, Caput da Lei nº 13.303 de 30/06/2016.. Justificativa: A Lei 13.303/16, no Art. 30, caput, diz que é inexigível licitação quando houver inviabilidade de competição. Declaração de Inexigibilidade em 24/08/2022. ESTER DE JESUS MARIANO FELIX. Ordenadora de Despesas Substituta. Ratificação em 24/08/2022. LUCIO FERREIRA DE MEDEIROS. Chefe da Fábrica Presidente Vargas em Exercício. Valor Global: R$ 115.740,95. CNPJ CONTRATADA : 03.674.465/0001-16 AZ ARMATUREN DO BRASIL LTDA.</p><p>(SIDEC - 24/08/2022) 168004-16501-2022NE000001</p>]]></Texto>
  </body>
  <Midias />
</article></xml>