﻿<xml><article id="27714843" name="2022-08-24/7353720/siasgnet_1483" idOficio="7353720" pubName="DO3" artType="Aviso de Licitação-Pregão" pubDate="25/08/2022" artClass="00013:00010:00012:00009:00215:00000:00000:00000:00000:00000:00164:00001" artCategory="Ministério da Defesa/Comando da Aeronáutica/Comando-Geral do Pessoal/Diretoria de Ensino/Escola Preparatória de Cadetes do Ar" artSize="12" artNotes="" numberPage="15" pdfPage="http://pesquisa.in.gov.br/imprensa/jsp/visualiza/index.jsp?data=25/08/2022&amp;jornal=530&amp;pagina=15" editionNumber="162" highlightType="" highlightPriority="" highlight="" highlightimage="" highlightimagename="" idMateria="14833984">
  <body>
    <Identifica><![CDATA[ AVISO DE LICITAÇÃO]]></Identifica>
    <Data><![CDATA[]]></Data>
    <Ementa />
    <Titulo />
    <SubTitulo />
    <Texto><![CDATA[<p class="identifica">AVISO DE LICITAÇÃO</p><p class="identifica">Pregão Eletrônico Nº 80/2022 - UASG 120025</p><p>Nº Processo: 67552019875202061. Objeto: Registro de preços para eventual contratação de empresa para prestação de serviço de transporte coletivo para atender às necessidades da Escola Preparatória de Cadetes do Ar, conforme condições, quantidades e exigências estabelecidas no Edital e seus anexos.. Total de Itens Licitados: 3. Edital: 25/08/2022 das 09h00 às 12h00 e das 13h30 às 17h00. Endereço: Rua Santos Dumont, Nr. 149, São José - Barbacena/MG ou https://www.gov.br/compras/edital/120025-5-00080-2022. Entrega das Propostas: a partir de 25/08/2022 às 09h00 no site www.gov.br/compras. Abertura das Propostas: 06/09/2022 às 14h00 no site www.gov.br/compras. Informações Gerais: .</p><p class="assina">SHEYLA FERNANDES SALES</p><p class="cargo">Ordenadora de Despesas Delegada</p><p>(SIASGnet - 24/08/2022) 120025-00001-2022NE800076</p>]]></Texto>
  </body>
  <Midias />
</article></xml>