﻿<xml><article id="27707349" name="Extrato de contrato - EDITORA GR" idOficio="7355608" pubName="DO3" artType="Extrato de Contrato" pubDate="25/08/2022" artClass="00011:00046:00000:00000:00000:00000:00000:00000:00000:00000:00031:00000" artCategory="Ministério da Ciência, Tecnologia e Inovações/Financiadora de Estudos e Projetos" artSize="12" artNotes="" numberPage="11" pdfPage="http://pesquisa.in.gov.br/imprensa/jsp/visualiza/index.jsp?data=25/08/2022&amp;jornal=530&amp;pagina=11" editionNumber="162" highlightType="" highlightPriority="" highlight="" highlightimage="" highlightimagename="" idMateria="14836681">
  <body>
    <Identifica><![CDATA[ EXTRATO DE CONTRATO]]></Identifica>
    <Data><![CDATA[]]></Data>
    <Ementa />
    <Titulo />
    <SubTitulo />
    <Texto><![CDATA[<p></p><p class="identifica">EXTRATO DE CONTRATO</p><p>Processo FP-ADM-2022/02298. Espécie: Contrato nº 20.22.0134.00; Partes: Financiadora de Estudos e Projetos - FINEP, CNPJ 33.749.086/0001-09 e GRÁFICA EDITORA FORMULÁRIOS CONTÍNUOS E ETIQUETAS F&amp;F LTDA, CNPJ º 11.114.463/0001-09. Objeto: Contratação de prestação de serviços de impressão gráfica (offset) e acabamento com fornecimento de material. Valor: R$ 179.620,00 (cento e setenta e nove mil, seiscentos e vinte reais). Prazo: 24 (vinte e quatro) meses a contar da assinatura, prorrogáveis até o limite de 5 (cinco) anos. Assinatura em 22/08/2022.</p>]]></Texto>
  </body>
  <Midias />
</article></xml>