﻿<xml><article id="27699528" name="EXTRATO DA ATA__0QC1S9" idOficio="7354157" pubName="DO3" artType="Extrato da Ata" pubDate="25/08/2022" artClass="00013:00012:00027:00008:00013:00000:00000:00000:00000:00000:00182:00000" artCategory="Ministério da Defesa/Comando da Marinha/Diretoria-Geral do Pessoal/Diretoria do Pessoal Militar/Serviço de Veteranos e Pensionistas" artSize="12" artNotes="ok" numberPage="37" pdfPage="http://pesquisa.in.gov.br/imprensa/jsp/visualiza/index.jsp?data=25/08/2022&amp;jornal=530&amp;pagina=37" editionNumber="162" highlightType="" highlightPriority="" highlight="" highlightimage="" highlightimagename="" idMateria="14834474">
  <body>
    <Identifica><![CDATA[ extrato DE REGISTRO DE PREçOS]]></Identifica>
    <Data><![CDATA[]]></Data>
    <Ementa />
    <Titulo />
    <SubTitulo />
    <Texto><![CDATA[<p class="identifica">extrato DE REGISTRO DE PREçOS</p><p>NUP do Processo: 63410.002981/2022-31 REGISTRADOR: Servico de Veteranos e Pensionistas da Marinha; CNPJ: 00.394.502/0410-96. OBJETO: Eventual aquisicao de materiais de copa e cozinha do Servico de Veteranos e Pensionistas da Marinha (SVPM). LICITACAO: Pregao Eletronico SRP n: 04/2022. Item 03; REGISTRADA: CHC ORGANIZACAO COMERCIO E SERVICOS LTDA; CNPJ: 43.337.798/0001-74; ESPECIE: Ata de Registro de Preco n: 01/2022; VIGENCIA: 24/08/2022 a 24/08/2023; TOTAL GERAL DA ATA: R$ 4.500,00. Itens 16, 19, 20, 21; REGISTRADA: INOVARE COMERCIO E PLANEJAMENTO ADMINISTRATIVO EIRELI; CNPJ: 14.378.714/0001-42; ESPECIE: Ata de Registro de Preco n: 02/2022; VIGENCIA: 24/08/2022 a 24/08/2023; TOTAL GERAL DA ATA: R$ 1.985,00. Item 02; REGISTRADA: LOJAS DAS MAQUINAS EIRELI ME; CNPJ: 19.222.549/0001-59; ESPECIE: Ata de Registro de Preco n: 03/2022; VIGENCIA: 24/08/2022 a 24/08/2023; TOTAL GERAL DA ATA: R$ 500,00. Item 01; REGISTRADA: MILINOX EQUIPAMENTOS PARA COZINHAS LTDA; CNPJ: 39.972.025/0001-92; ESPECIE: Ata de Registro de Preco n: 04/2022; VIGENCIA: 24/08/2022 a 24/08/2023; TOTAL GERAL DA ATA: R$ 16.655,01. Itens 14, 17; REGISTRADA: SJ COMERCIO DE UTILIDADES - EIRELI; CNPJ: 10.614.788/0001-80; ESPECIE: Ata de Registro de Preco n: 05/2022; VIGENCIA: 24/08/2022 a 24/08/2023; TOTAL GERAL DA ATA: R$ 2.071,10. Itens 15, 18; REGISTRADA: TY BORTHOLIN COMERCIO LTDA - ME; CNPJ: 05.291.541/0001-30; ESPECIE: Ata de Registro de Preco n: 06/2022; VIGENCIA: 24/08/2022 a 24/08/2023; TOTAL GERAL DA ATA: R$ 1.800,60.</p>]]></Texto>
  </body>
  <Midias />
</article></xml>