﻿<xml><article id="27698946" name="ALTERAAAO NO ANEXO I - CRONOGRAM" idOficio="7354017" pubName="DO3" artType="Edital de Processo Seletivo" pubDate="25/08/2022" artClass="00013:00012:00008:00048:00002:00085:00000:00000:00000:00000:00061:00000" artCategory="Ministério da Defesa/Comando da Marinha/Comando de Operações Navais/9º Distrito Naval/Capitania Fluvial da Amazônia Ocidental/Agência Fluvial de Itacoatiara" artSize="12" artNotes="" numberPage="35" pdfPage="http://pesquisa.in.gov.br/imprensa/jsp/visualiza/index.jsp?data=25/08/2022&amp;jornal=530&amp;pagina=35" editionNumber="162" highlightType="" highlightPriority="" highlight="" highlightimage="" highlightimagename="" idMateria="14834336">
  <body>
    <Identifica><![CDATA[EDITAL Nº 2, DE 7 DE JULHO DE 2022]]></Identifica>
    <Data><![CDATA[Itacoatiara-AM, 22 de agosto de 2022.]]></Data>
    <Ementa />
    <Titulo />
    <SubTitulo />
    <Texto><![CDATA[<p class="identifica">EDITAL Nº 2, DE 7 DE JULHO DE 2022</p><p class="identifica">PROCESSO SELETIVO PARA OS CURSOS DO ENSINO PROFISSIONAL MARÍTIMO</p><p class="identifica">MARINHA DO BRASIL</p><p>AGENCIA FLUVIAL DE ITACOATIARA</p><p>ALTERAÇÃO NO ANEXO I - CRONOGRAMA DE EVENTOS DO EDITAL Nº 02 DE 7 DE JULHO DE 2022, PROCESSO SELETIVO PARA OS CURSOS DO ENSINO PROFISSIONAL MARÍTIMO</p><p>ALT1 - ANEXO I</p><p>CALENDÁRIO DE EVENTOS</p><p /><p></p><table><tr /><tr><td rowspan="1" colspan="1"><p>EVENTO</p></td><td rowspan="1" colspan="1"><p>DATA</p></td><td rowspan="1" colspan="1"><p>ATIVIDADES</p></td></tr><tr><td rowspan="1" colspan="1"><p>01</p></td><td rowspan="1" colspan="1"><p>18/07/22 a 22/07/22</p></td><td rowspan="1" colspan="1"><p>PERÍODO DE INSCRIÇÃO</p></td></tr><tr><td rowspan="1" colspan="1"><p>02</p></td><td rowspan="1" colspan="1"><p>05/08/22</p></td><td rowspan="1" colspan="1"><p>DIVULGAÇÃO DA LISTAGEM DE CANDIDATOS POR DIA E LOCAL DE REALIZAÇÃO DA PROVA</p></td></tr><tr><td rowspan="1" colspan="1"><p>03</p></td><td rowspan="1" colspan="1"><p>20/08 E 21/08</p></td><td rowspan="1" colspan="1"><p>PROVA DE MATEMÁTICA E PORTUGUÊS</p></td></tr><tr><td rowspan="1" colspan="1"><p>04</p></td><td rowspan="1" colspan="1"><p>22/08/22</p></td><td rowspan="1" colspan="1"><p>DIVULGAÇÃO DO GABARITO</p></td></tr><tr><td rowspan="1" colspan="1"><p>05</p></td><td rowspan="1" colspan="1"><p>22/08/22 a 23/08/22</p></td><td rowspan="1" colspan="1"><p>PERÍODO DESTINADO AOS CANDIDATOS QUE DESEJAREM INTERPOR RECURSOS</p></td></tr><tr><td rowspan="1" colspan="1"><p>06</p></td><td rowspan="1" colspan="1"><p>24/08/22</p></td><td rowspan="1" colspan="1"><p>RESULTADO DA INTERPOSIÇÃO DE RECURSO</p></td></tr><tr><td rowspan="1" colspan="1"><p>07</p></td><td rowspan="1" colspan="1"><p>26/08/22</p></td><td rowspan="1" colspan="1"><p>DIVULGAÇÃO DOS CANDIDATOS CLASSIFICADOS NA 1ª ETAPA E CONVOCAÇÃO PARA VERIFICAÇÃO DE DADOS BIOGRÁFICOS E APRESENTAÇÃO DOS DEMAIS DOCUMENTOS EXIGIDOS</p></td></tr><tr><td rowspan="1" colspan="1"><p>08</p></td><td rowspan="1" colspan="1"><p>29/08 a 31/08/22</p></td><td rowspan="1" colspan="1"><p>VERIFICAÇÃO DE DADOS BIOGRÁFICOS E APRESENTAÇÃO DE DOCUMENTOS</p></td></tr><tr><td rowspan="1" colspan="1"><p>09</p></td><td rowspan="1" colspan="1"><p>31/08/22</p></td><td rowspan="1" colspan="1"><p>DIVULGAÇÃO DOS CANDIDATOS CLASSIFICADOS E RESERVAS</p><p>APTOS A PARTICIPAREM DA 2ª ETAPA (TESTE DE SUFICIÊNCIA FÍSICA)</p></td></tr><tr><td rowspan="1" colspan="1"><p>10</p></td><td rowspan="1" colspan="1"><p>01/09/22 e 02/09/22</p></td><td rowspan="1" colspan="1"><p>2ª ETAPA (TESTE DE SUFICIÊNCIA FÍSICA)</p></td></tr><tr><td rowspan="1" colspan="1"><p>11</p></td><td rowspan="1" colspan="1"><p>06/09/22</p></td><td rowspan="1" colspan="1"><p>DIVULGAÇÃO FINAL DOS TITULARES E RESERVAS DO PROCESSO SELETIVO</p></td></tr><tr><td rowspan="1" colspan="1"><p>12</p></td><td rowspan="1" colspan="1"><p>08/09 a 09/09/22</p></td><td rowspan="1" colspan="1"><p>MATRÍCULA</p></td></tr><tr><td rowspan="1" colspan="1"><p>13</p></td><td rowspan="1" colspan="1"><p>12/09/22 a 25/11/22</p></td><td rowspan="1" colspan="1"><p>PERÍODO DO CURSO CFAQ-MFC N3 TURMA 01/2022</p></td></tr><tr><td rowspan="1" colspan="1"><p>14</p></td><td rowspan="1" colspan="1"><p>12/09/22 a 25/11/22</p></td><td rowspan="1" colspan="1"><p>PERÍODO DO CURSO CFAQ-MFM N3 TURMA 01/2022</p></td></tr><tr><td rowspan="1" colspan="1"><p>15</p></td><td rowspan="1" colspan="1"><p>12/09/22 a 20/10/22</p></td><td rowspan="1" colspan="1"><p>PERÍODO DO CURSO CAAQ-CT/S TURMA 01/2022</p></td></tr></table><p class="data">Itacoatiara-AM, 22 de agosto de 2022.</p><p class="assina">Capitão-Tenente CLÁUDIO GEOVANI DA SILVA</p>]]></Texto>
  </body>
  <Midias />
</article></xml>