﻿<xml><article id="27693660" name="Censura DOU - NILTON NOGUEIRA DO" idOficio="7340058" pubName="DO3" artType="Aviso de Penalidade" pubDate="25/08/2022" artClass="00048:00353:00000:00000:00000:00000:00000:00000:00000:00000:00083:00000" artCategory="Entidades de Fiscalização do Exercício das Profissões Liberais/Conselho Regional de Medicina do Estado da Bahia" artSize="12" artNotes="" numberPage="190" pdfPage="http://pesquisa.in.gov.br/imprensa/jsp/visualiza/index.jsp?data=25/08/2022&amp;jornal=530&amp;pagina=190" editionNumber="162" highlightType="" highlightPriority="" highlight="" highlightimage="" highlightimagename="" idMateria="14815279">
  <body>
    <Identifica><![CDATA[ AVISO DE PENALIDADE]]></Identifica>
    <Data><![CDATA[ Salvador-BA,  8 de agosto de 2022.]]></Data>
    <Ementa />
    <Titulo />
    <SubTitulo />
    <Texto><![CDATA[<p class="identifica">AVISO DE PENALIDADE</p><p>Aplica sanção disciplinar de censura pública em publicação oficial ao médico, Dr. Nilton Nogueira dos Santos, CREMEB 19430</p><p>O Conselho Regional de Medicina do Estado da Bahia, em conformidade com o disposto na Lei nº 3.268, de 30 de setembro de 1957, tendo em vista a decisão prolatada nos autos do Processo Ético-Profissional CREMEB n.º 99/2018, julgado na 4ª Câmara de Processos do Conselho Regional de Medicina do Estado da Bahia, torna pública a aplicação da sanção de CENSURA PÚBLICA EM PUBLICAÇÃO OFICIAL, prevista na alínea "c" do art. 22 da mencionada Lei, por infração aos artigos 1º, 32 e 87 do Código de Ética Médica (Resolução CFM nº 1931/2009), que correspondem aos artigos 1º, 32 e 87 do Código de Ética Médica (Resolução CFM nº 2217/2018), ao DR. NILTON NOGUEIRA DOS SANTOS, inscrito neste Conselho sob nº 19430.</p><p class="data">Salvador-BA, 8 de agosto de 2022.</p><p class="assina">Otávio Marambaia dos Santos</p><p class="cargo">Presidente do Conselho</p>]]></Texto>
  </body>
  <Midias />
</article></xml>