﻿<xml><article id="27713898" name="2022-08-24/7353755/COMPRASNETWS_" idOficio="7353755" pubName="DO3" artType="Extrato de Termo Aditivo" pubDate="25/08/2022" artClass="00006:00009:00012:00020:00000:00000:00000:00000:00000:00000:00054:00001" artCategory="Presidência da República/Advocacia-Geral da União/Secretaria-Geral de Administração/Unidade de Atendimento em Minas Gerais" artSize="12" artNotes="" numberPage="2" pdfPage="http://pesquisa.in.gov.br/imprensa/jsp/visualiza/index.jsp?data=25/08/2022&amp;jornal=530&amp;pagina=2" editionNumber="162" highlightType="" highlightPriority="" highlight="" highlightimage="" highlightimagename="" idMateria="14834011">
  <body>
    <Identifica><![CDATA[ EXTRATO DE TERMO ADITIVO Nº 4/2022 - UASG 110592]]></Identifica>
    <Data><![CDATA[]]></Data>
    <Ementa />
    <Titulo />
    <SubTitulo />
    <Texto><![CDATA[<p class="identifica">EXTRATO DE TERMO ADITIVO Nº 4/2022 - UASG 110592</p><p>Número do Contrato: 7/2019.</p><p>Nº Processo: 00677.000550/2019-94.</p><p>Pregão. Nº 11/2019. Contratante: UNIDADE DE ATENDIMENTO EM MINAS GERAIS. Contratado: 05.814.441/0001-40 - PREMIER SEGURANCA ELETRONICA LTDA. Objeto: Prorrogar o prazo de vigência do contrato n.º 007/2019 por 12 (doze) meses, contemplando-se, nesta ocasião, o período de 02/09/2022 a 01/09/2023, nos termos do art. 57, inciso ii, da lei nº 8.666 de 1993.. Vigência: 02/09/2022 a 01/09/2023. Valor Total Atualizado do Contrato: R$ 84.728,52. Data de Assinatura: 24/08/2022.</p><p>(COMPRASNET 4.0 - 24/08/2022).</p>]]></Texto>
  </body>
  <Midias />
</article></xml>