﻿<xml><article id="27705511" name="OF 342.2022.SUTIN.EXTRATO DE CON" idOficio="7355252" pubName="DO3" artType="Extrato de Contrato" pubDate="25/08/2022" artClass="00007:00059:00076:00000:00000:00000:00000:00000:00000:00000:00031:00000" artCategory="Ministério da Agricultura, Pecuária e Abastecimento/Companhia Nacional de Abastecimento/Superintendência de  Tecnologia da Informação" artSize="12" artNotes="" numberPage="6" pdfPage="http://pesquisa.in.gov.br/imprensa/jsp/visualiza/index.jsp?data=25/08/2022&amp;jornal=530&amp;pagina=6" editionNumber="162" highlightType="" highlightPriority="" highlight="" highlightimage="" highlightimagename="" idMateria="14836211">
  <body>
    <Identifica><![CDATA[ EXTRATO DE CONTRATO]]></Identifica>
    <Data><![CDATA[]]></Data>
    <Ementa />
    <Titulo />
    <SubTitulo />
    <Texto><![CDATA[<p class="identifica">EXTRATO DE CONTRATO</p><p>Processo Administrativo nº: 21200.002194/2021-34. Contrato Administrativo Conab nº 028/2022. Contratante: Companhia Nacional de Abastecimento - CONAB - CNPJ: 26.461.699/001-80. Contratada: Contratado: BLUE EYE SOLUÇÕES EM TECONOLOGIA LTDA - CNPJ: 26.025.401/0001-90. Objeto: Contratação de solução de Antivírus e Prevenção de perda de dados - DLP da McAfee, com suporte e garantia do fabricante e treinamento técnico especializado, conforme especificações, condições, quantidades e exigências estabelecidas no Termo de Referência. O objeto da contratação é composto por 3 (três) itens, a seguir discriminados:</p><p /><p></p><table><tr /><tr><td rowspan="1" colspan="1"><p>ITEM</p></td><td rowspan="1" colspan="1"><p>ESPECIFICAÇÕES</p></td><td rowspan="1" colspan="1"><p>QUANTIDADE</p></td><td rowspan="1" colspan="1"><p>VALOR UNITÁRIO</p></td><td rowspan="1" colspan="1"><p>VALOR MENSAL</p></td><td rowspan="1" colspan="1"><p>VALOR TOTAL (60 meses)</p></td></tr><tr><td rowspan="1" colspan="1"><p>1</p></td><td rowspan="1" colspan="1"><p>Solução de Antivírus McAfee MVISION PLUS com suporte e garantia</p></td><td rowspan="1" colspan="1"><p>3044</p></td><td rowspan="1" colspan="1"><p>R$3,79</p></td><td rowspan="1" colspan="1"><p>R$11.536,76</p></td><td rowspan="1" colspan="1"><p>R$692.205,60</p></td></tr><tr><td rowspan="1" colspan="1"><p>2</p></td><td rowspan="1" colspan="1"><p>Solução de DLP McAfee DLP ENDPOINT com suporte e garantia</p></td><td rowspan="1" colspan="1"><p>3044</p></td><td rowspan="1" colspan="1"><p>R$3,60</p></td><td rowspan="1" colspan="1"><p>R$10.958,40</p></td><td rowspan="1" colspan="1"><p>R$657.504,00</p></td></tr><tr><td rowspan="1" colspan="1"><p>3</p></td><td rowspan="1" colspan="1"><p>Treinamento Técnico da Solução</p></td><td rowspan="1" colspan="1"><p>1</p></td><td rowspan="1" colspan="1"><p>R$17.000,00</p></td><td rowspan="1" colspan="1"><p>----------0----------</p></td><td rowspan="1" colspan="1"><p>R$17.000,00</p></td></tr></table><p>Notas de Empenho nºs 2022NE2132, de 10/8/2022 e 2022NE2133 de 10/8/2022. Fundamento Legal: Regulamento de Licitações e Contratos da Conab, pela Lei nº 13.303, de 30 de junho de 2016 - Vigência: 60 (sessenta meses) a contar da data de assinatura. Data de Assinatura: 23/08/202. Assinam pela Contratante: Guilherme Augusto Sanches Ribeiro - Diretor-Presidente - Conab, e Bruno Scalon Cordeiro - Diretor - Executivo da Diretoria Administrativa, Financeira, e de Fiscalização . Assina pela Contratada: Rinaldo Araújo da Silva - Sócio-Administrador.</p>]]></Texto>
  </body>
  <Midias />
</article></xml>