﻿<xml><article id="27715864" name="2022-08-23/7351417/siasgnet_1483" idOficio="7351417" pubName="DO3" artType="Aviso de Licitação-Pregão" pubDate="25/08/2022" artClass="00007:00060:00050:00000:00000:00000:00000:00000:00000:00000:00164:00001" artCategory="Ministério da Agricultura, Pecuária e Abastecimento/Empresa Brasileira de Pesquisa Agropecuária/Embrapa Hortaliças" artSize="12" artNotes="" numberPage="7" pdfPage="http://pesquisa.in.gov.br/imprensa/jsp/visualiza/index.jsp?data=25/08/2022&amp;jornal=530&amp;pagina=7" editionNumber="162" highlightType="" highlightPriority="" highlight="" highlightimage="" highlightimagename="" idMateria="14830633">
  <body>
    <Identifica><![CDATA[ AVISO DE LICITAÇÃO]]></Identifica>
    <Data><![CDATA[]]></Data>
    <Ementa />
    <Titulo />
    <SubTitulo />
    <Texto><![CDATA[<p class="identifica">AVISO DE LICITAÇÃO</p><p class="identifica">Pregão Eletrônico Nº 6/2022 - UASG 135040</p><p>Nº Processo: 21182001446202254. Objeto: Aquisição de Roçadeira e Trator Agrícola.. Total de Itens Licitados: 2. Edital: 25/08/2022 das 08h00 às 12h00 e das 13h00 às 17h00. Endereço: Br-060 Km 09 Fazenda Tamandua, Gama-df, Cx Postal, 218, Ponte Alta - Gama - BRASÍLIA/DF ou https://www.gov.br/compras/edital/135040-5-00006-2022. Entrega das Propostas: a partir de 25/08/2022 às 08h00 no site www.gov.br/compras. Abertura das Propostas: 08/09/2022 às 09h00 no site www.gov.br/compras. Informações Gerais: .</p><p class="assina">MAURICIO MOREIRA DORNELAS</p><p class="cargo">Chefia Adjunta de Administração</p><p>(SIASGnet - 23/08/2022) 135040-13203-2022NE000100</p>]]></Texto>
  </body>
  <Midias />
</article></xml>