﻿<xml><article id="27716002" name="2022-08-24/7353806/COMPRASNETWS_" idOficio="7353806" pubName="DO3" artType="Extrato de Credenciamento" pubDate="25/08/2022" artClass="00013:00011:00013:00005:00000:00000:00000:00000:00000:00000:00033:00001" artCategory="Ministério da Defesa/Comando do Exército/Comando Militar do Planalto/3ª Brigada de Infantaria Motorizada" artSize="12" artNotes="" numberPage="28" pdfPage="http://pesquisa.in.gov.br/imprensa/jsp/visualiza/index.jsp?data=25/08/2022&amp;jornal=530&amp;pagina=28" editionNumber="162" highlightType="" highlightPriority="" highlight="" highlightimage="" highlightimagename="" idMateria="14834098">
  <body>
    <Identifica><![CDATA[ EXTRATO DE CREDENCIAMENTO Nº 8/2022 - UASG 160100 - CMDO 3  BDA INF MTZ]]></Identifica>
    <Data><![CDATA[]]></Data>
    <Ementa />
    <Titulo />
    <SubTitulo />
    <Texto><![CDATA[<p class="identifica">EXTRATO DE CREDENCIAMENTO Nº 8/2022 - UASG 160100 - CMDO 3 BDA INF MTZ</p><p>Nº Processo: 64290.003394/2020-74.</p><p>Inexigibilidade Nº 1/2020. Contratante: COMANDO DA 3A BDA DE INFANTARIA MOTORIZADA.</p><p>Contratado: 20.475.337/0001-62 - FERNANDO LUIZ DOS ANJOS ME. Objeto: Prestação de serviços de fisioterapia (fisioterapia clínica geral, fisioterapia respiratória e pilates), em regime de tratamento clínico de reabilitação.</p><p>Fundamento Legal: LEI 8.666 / 1993 - Artigo: 25. Vigência: 24/05/2022 a 24/05/2023. Valor Total: R$ 40.200,00. Data de Assinatura: 24/05/2022.</p><p>(COMPRASNET 4.0 - 03/06/2022).</p>]]></Texto>
  </body>
  <Midias />
</article></xml>