﻿<xml><article id="27714708" name="Sidec_00212" idOficio="7355149" pubName="DO3" artType="Extrato de Inexigibilidade de Licitação" pubDate="25/08/2022" artClass="00013:00011:00036:00012:00000:00000:00000:00000:00000:00000:00041:00213" artCategory="Ministério da Defesa/Comando do Exército/Indústria de Material Bélico do Brasil/Fábrica de Itajubá" artSize="12" artNotes="" numberPage="33" pdfPage="http://pesquisa.in.gov.br/imprensa/jsp/visualiza/index.jsp?data=25/08/2022&amp;jornal=530&amp;pagina=33" editionNumber="162" highlightType="" highlightPriority="" highlight="" highlightimage="" highlightimagename="" idMateria="14836109">
  <body>
    <Identifica><![CDATA[ EXTRATO DE INEXIGIBILIDADE DE LICITAÇÃO Nº 26/2022  - UASG 168005]]></Identifica>
    <Data><![CDATA[]]></Data>
    <Ementa />
    <Titulo />
    <SubTitulo />
    <Texto><![CDATA[<p class="identifica">EXTRATO DE INEXIGIBILIDADE DE LICITAÇÃO Nº 26/2022 - UASG 168005</p><p>Nº Processo: 2022IN000026 . Objeto: Resina termoplástica Noryl GTX 830 PRETA Total de Itens Licitados: 00001. Fundamento Legal: Art. 30º, Caput da Lei nº 13.303 de 30/06/2016.. Justificativa: Inviabilidade de Competição Conforme Art. 30 do Regulamento de Licitações e Contratos da IMBEL de 22/05/2018 Declaração de Inexigibilidade em 30/06/2022. JOAO PAULO GOMES PEREIRA. Ordenador de Despesas. Ratificação em 24/08/2022. OMAR TUMAS. Chefe de Fábrica. Valor Global: R$ 517.695,50. CNPJ CONTRATADA : 09.220.921/0003-04 NOVA PIRAMIDAL THERMOPLASTICS S.A..</p><p>(SIDEC - 24/08/2022) 168005-16501-2022NE012022</p>]]></Texto>
  </body>
  <Midias />
</article></xml>