﻿<xml><article id="27715362" name="2022-08-24/7353056/COMPRASNETWS_" idOficio="7353056" pubName="DO3" artType="Extrato de Termo Aditivo" pubDate="25/08/2022" artClass="00013:00011:00009:00008:00008:00000:00000:00000:00000:00000:00054:00001" artCategory="Ministério da Defesa/Comando do Exército/Comando Militar do Leste/1ª Região Militar/Hospital Central do Exército" artSize="12" artNotes="" numberPage="20" pdfPage="http://pesquisa.in.gov.br/imprensa/jsp/visualiza/index.jsp?data=25/08/2022&amp;jornal=530&amp;pagina=20" editionNumber="162" highlightType="" highlightPriority="" highlight="" highlightimage="" highlightimagename="" idMateria="14833249">
  <body>
    <Identifica><![CDATA[ EXTRATO DE TERMO ADITIVO Nº 2/2022 - UASG 160322]]></Identifica>
    <Data><![CDATA[]]></Data>
    <Ementa />
    <Titulo />
    <SubTitulo />
    <Texto><![CDATA[<p class="identifica">EXTRATO DE TERMO ADITIVO Nº 2/2022 - UASG 160322</p><p>Número do Contrato: 29/2020.</p><p>Nº Processo: PE 26/2019-HCE.</p><p>Pregão. Nº 26/2019. Contratante: HOSPITAL CENTRAL DO EXERCITO. Contratado: 14.470.588/0001-51 - SERVIOESTE RIO DE JANEIRO LTDA. Objeto: Ajuste do valor estimado mensal descrito no contrato original. Uma vez que houve um aumento significativo na geração de resíduos infectantes grupo a e grupo e.. Vigência: 01/09/2022 a 31/08/2023. Valor Total Atualizado do Contrato: R$ 452.808,80. Data de Assinatura: 08/08/2022.</p><p>(COMPRASNET 4.0 - 08/08/2022).</p>]]></Texto>
  </body>
  <Midias />
</article></xml>