﻿<xml><article id="27693651" name="EXTRATO IMPRESSORA PORTATIL - P " idOficio="7346373" pubName="DO3" artType="Aviso de Licitação" pubDate="25/08/2022" artClass="00048:00162:00000:00000:00000:00000:00000:00000:00000:00000:00081:00000" artCategory="Entidades de Fiscalização do Exercício das Profissões Liberais/Conselho Regional de Corretores de Imóveis da 14ª Região" artSize="12" artNotes="" numberPage="185" pdfPage="http://pesquisa.in.gov.br/imprensa/jsp/visualiza/index.jsp?data=25/08/2022&amp;jornal=530&amp;pagina=185" editionNumber="162" highlightType="" highlightPriority="" highlight="" highlightimage="" highlightimagename="" idMateria="14823982">
  <body>
    <Identifica><![CDATA[  AVISO DE LICITAÇÃO PREGÃO ELETRÔNICO N°  18/2022  - UASG:  926836]]></Identifica>
    <Data><![CDATA[]]></Data>
    <Ementa />
    <Titulo />
    <SubTitulo />
    <Texto><![CDATA[<p class="identifica">AVISO DE LICITAÇÃO PREGÃO ELETRÔNICO N° 18/2022 - UASG: 926836</p><p>PROCESSO LICITATÓRIO N° 041/2022</p><p>TIPO: Regime de Empreitada por Preço Global, Modalidade de PREGÃO, na sua forma ELETRÔNICA, do tipo MENOR PREÇO.</p><p>OBJETO: O objeto da presente licitação é Registro de Preços destinado à Aquisição de equipamentos de T.I.</p><p>Data: 12 de setembro de 2022.</p><p>Horário: 10h (horário de Brasília/DF)</p><p>Endereço Eletrônico: www.comprasgovernamentais.gov.br</p><p class="assina">Roseley Pereira Gomes</p><p class="cargo">Pregoeira</p>]]></Texto>
  </body>
  <Midias />
</article></xml>