﻿<xml><article id="27714609" name="2022-08-24/7354349/COMPRASNETWS_" idOficio="7354349" pubName="DO3" artType="Extrato de Termo Aditivo" pubDate="25/08/2022" artClass="00011:00034:00000:00000:00000:00000:00000:00000:00000:00000:00054:00001" artCategory="Ministério da Ciência, Tecnologia e Inovações/Laboratório Nacional de Computação Científica" artSize="12" artNotes="" numberPage="10" pdfPage="http://pesquisa.in.gov.br/imprensa/jsp/visualiza/index.jsp?data=25/08/2022&amp;jornal=530&amp;pagina=10" editionNumber="162" highlightType="" highlightPriority="" highlight="" highlightimage="" highlightimagename="" idMateria="14834741">
  <body>
    <Identifica><![CDATA[ EXTRATO DE TERMO ADITIVO Nº 6/2022 - UASG 240123]]></Identifica>
    <Data><![CDATA[]]></Data>
    <Ementa />
    <Titulo />
    <SubTitulo />
    <Texto><![CDATA[<p class="identifica">EXTRATO DE TERMO ADITIVO Nº 6/2022 - UASG 240123</p><p>Número do Contrato: 19/2018.</p><p>Nº Processo: 01209.000140/2017-61.</p><p>Inexigibilidade. Nº 6/2018. Contratante: LABORATORIO NACIONAL DE COMPUTACAO CIENTIFICA. Contratado: 21.649.280/0001-33 - BULL LTDA. Objeto: Prorrogar o prazo da vigência do contrato nº 019/2018, por 12 (doze) meses, contemplando-se, nesta ocasião, o período de 06 de setembro de 2022 a 05 de setembro de 2023, nos termos do artigo 57, ii , da lei n.º 8.666, de 1993. Vigência: 06/09/2022 a 05/09/2023. Valor Total Atualizado do Contrato: R$ 3.813.698,52. Data de Assinatura: 23/08/2022.</p><p>(COMPRASNET 4.0 - 23/08/2022).</p>]]></Texto>
  </body>
  <Midias />
</article></xml>