﻿<xml><article id="27713856" name="2022-08-24/7353301/COMPRASNETWS_" idOficio="7353301" pubName="DO3" artType="Extrato de Apostilamento" pubDate="25/08/2022" artClass="00013:00011:00009:00028:00005:00000:00000:00000:00000:00000:00143:00001" artCategory="Ministério da Defesa/Comando do Exército/Comando Militar do Leste/5º Grupamento de Engenharia/Comissão Regional de Obras da 1ª Região Militar" artSize="12" artNotes="" numberPage="21" pdfPage="http://pesquisa.in.gov.br/imprensa/jsp/visualiza/index.jsp?data=25/08/2022&amp;jornal=530&amp;pagina=21" editionNumber="162" highlightType="" highlightPriority="" highlight="" highlightimage="" highlightimagename="" idMateria="14833512">
  <body>
    <Identifica><![CDATA[ EXTRATO DE APOSTILAMENTO Nº 1/2022 - UASG 160301]]></Identifica>
    <Data><![CDATA[]]></Data>
    <Ementa />
    <Titulo />
    <SubTitulo />
    <Texto><![CDATA[<p class="identifica">EXTRATO DE APOSTILAMENTO Nº 1/2022 - UASG 160301</p><p>Número do Contrato: 10/2021.</p><p>Nº Processo: 64325.005903/2021-30.</p><p>Contratante: COMISSAO REGIONAL DE OBRAS/1. Contratado: 58.115.684/0001-57 - ESTEVES &amp; AMORIM CONSTRUTORA LTDA. Objeto: O contrato nº 10/2021 fica reajustado com base no incc e na análise da proposta do 1° apostilamento, conforme memória de decisão nº 238/2022 - s4 - dom, de 20 jul 22, que equivale a r$ 1.518.985,51 (um milhão, quinhentos e dezoito mil, novecentos e oitenta e cinco reais e cinquenta e um centavos).</p><p>o valor global do contrato nº 10/2021 passa de r$ 10.968.988,38 (dez milhões, novecentos e sessenta e oito mil, novecentos e oitenta e oito reais e trinta e oito centavos) para r$ 12.487.973,89 (nove milhões, trezentos e dezessete mil, quinhentos e noventa reais e cinqüenta e nove centavos).. Vigência: 08/11/2021 a 08/12/2023. Valor Total Atualizado do Contrato: R$ 12.487.973,89. Data de Assinatura: 22/08/2022.</p><p>(COMPRASNET 4.0 - 22/08/2022).</p>]]></Texto>
  </body>
  <Midias />
</article></xml>