﻿<xml><article id="27716654" name="Sidec_00182__WVPU49" idOficio="7355149" pubName="DO3" artType="Aviso de Anulação" pubDate="25/08/2022" artClass="00013:00011:00009:00028:00007:00000:00000:00000:00000:00000:00109:00183" artCategory="Ministério da Defesa/Comando do Exército/Comando Militar do Leste/5º Grupamento de Engenharia/4º Batalhão de Engenharia de Combate" artSize="12" artNotes="" numberPage="21" pdfPage="http://pesquisa.in.gov.br/imprensa/jsp/visualiza/index.jsp?data=25/08/2022&amp;jornal=530&amp;pagina=21" editionNumber="162" highlightType="" highlightPriority="" highlight="" highlightimage="" highlightimagename="" idMateria="14836079">
  <body>
    <Identifica><![CDATA[ AVISO DE ANULAÇÃO]]></Identifica>
    <Data><![CDATA[]]></Data>
    <Ementa />
    <Titulo />
    <SubTitulo />
    <Texto><![CDATA[<p class="identifica">AVISO DE ANULAÇÃO</p><p class="identifica">PREGÃO Nº 9/2022</p><p>Fica anulada a licitação supracitada, referente ao processo Nº 640332747202211 . Objeto: Pregão Eletrônico - Contratação de Leiloeiro oficial pessoa física.</p><p class="assina">MARIO CABRAL DA SILVA FILHO</p><p class="cargo">Ordenador de Despesas</p><p>(SIDEC - 24/08/2022) 160113-00001-2022NE000001</p>]]></Texto>
  </body>
  <Midias />
</article></xml>