﻿<xml><article id="27702268" name="BA-019-ECT-00435773" idOficio="7354657" pubName="DO3" artType="Extrato de Convênio" pubDate="25/08/2022" artClass="00012:00017:00049:00008:00000:00000:00000:00000:00000:00000:00032:00000" artCategory="Ministério das Comunicações/Empresa Brasileira de Correios e Telégrafos/Diretoria de Governança e Estratégia/Superintendência Estadual N2 BA" artSize="12" artNotes="" numberPage="13" pdfPage="http://pesquisa.in.gov.br/imprensa/jsp/visualiza/index.jsp?data=25/08/2022&amp;jornal=530&amp;pagina=13" editionNumber="162" highlightType="" highlightPriority="" highlight="" highlightimage="" highlightimagename="" idMateria="14835237">
  <body>
    <Identifica><![CDATA[ EXTRATO DE CONVÊNIO]]></Identifica>
    <Data><![CDATA[]]></Data>
    <Ementa />
    <Titulo />
    <SubTitulo />
    <Texto><![CDATA[<p class="identifica">EXTRATO DE CONVÊNIO</p><p>Termo de Convênio nº 22/2022 ; DATA DA ASSINATURA: 23/08/2022; NOME DO CONVENENTE: Prefeitura Municipal de Angical; NOME DA AGC: Missão do Aricobé; CNPJ DO CONVENENTE: 13.654.421/0001-88; VIGÊNCIA: 24/08/2022 à 24/08/2027; OBJETO: Convênio para operação de Agência de Correios Comunitária - AGC - para atendimento à população da localidade de Missão do Aricobé, conforme ação governamental de Universalização da Prestação dos Serviços Postais; APLICAÇÃO DE RECURSOS FINANCEIROS NO EXERCÍCIO: R$ 6.012,56; APLICAÇÃO TOTAL DOS RECURSOS FINANCEIROS: R$ 85.217,40; CONTA: 08011.44406.020001; FUNDAMENTAÇÃO LEGAL: Art. 116, Caput. Da lei 8666/93 Instrução Normativa nº. 1 de 14/12/2000 da Secretaria de Serviços Postais do Ministério das Comunicações.</p>]]></Texto>
  </body>
  <Midias />
</article></xml>