﻿<xml><article id="27704849" name="PR-022-ECT-00435980" idOficio="7355146" pubName="DO3" artType="Aviso de Licitação" pubDate="25/08/2022" artClass="00012:00017:00049:00009:00000:00000:00000:00000:00000:00000:00081:00000" artCategory="Ministério das Comunicações/Empresa Brasileira de Correios e Telégrafos/Diretoria de Governança e Estratégia/Superintendência Estadual N2 PR" artSize="12" artNotes="" numberPage="13" pdfPage="http://pesquisa.in.gov.br/imprensa/jsp/visualiza/index.jsp?data=25/08/2022&amp;jornal=530&amp;pagina=13" editionNumber="162" highlightType="" highlightPriority="" highlight="" highlightimage="" highlightimagename="" idMateria="14835860">
  <body>
    <Identifica><![CDATA[ AVISO DE LICITAÇÃO]]></Identifica>
    <Data><![CDATA[]]></Data>
    <Ementa />
    <Titulo />
    <SubTitulo />
    <Texto><![CDATA[<p class="identifica">AVISO DE LICITAÇÃO</p><p class="identifica">PREGÃO ELETRÔNICO Nº 22000039/2022 SE/PR</p><p>Prestação de Serviços Continuados de Apoio aos Centros de Tratamento e Terminais de Carga, Centros e Pontos de Retirada de Logística Integrada, no âmbito da Superintendência Estadual do Paraná, relativos às etapas dos processos de logística integrada, tratamento e encaminhamento de objetos, com prevalência de mão de obra, por meio do Sistema de Registro de Preços - SRP, conforme condições previstas no Edital, Apêndices e Anexos. Recebimento das Propostas e obtenção do Edital: http://www.correios.com.br até 19/09/22 às 09h e início da disputa às 10h. Informações pelo e-mail: licitacoes@correios.com.br e telefone: (61) 2141-6153, no horário de 8h às 18h.</p><p class="assina">PABLO BATISTA CARVALHO</p><p class="cargo">Gerente Corporativo de Licitações CS</p>]]></Texto>
  </body>
  <Midias />
</article></xml>