﻿<xml><article id="27693459" name="001 - Aviso de LicitaAAo__V6MM53" idOficio="7338250" pubName="DO3" artType="Aviso de Licitação" pubDate="25/08/2022" artClass="00050:04602:08800:00000:00000:00000:00000:00000:00000:00000:00081:00000" artCategory="Ineditoriais/Fundação da Universidade Federal do Paraná" artSize="12" artNotes="" numberPage="198" pdfPage="http://pesquisa.in.gov.br/imprensa/jsp/visualiza/index.jsp?data=25/08/2022&amp;jornal=530&amp;pagina=198" editionNumber="162" highlightType="" highlightPriority="" highlight="" highlightimage="" highlightimagename="" idMateria="14812766">
  <body>
    <Identifica><![CDATA[AVISOS DE  SELEÇÃO PÚBLICA N° 953/2022 ]]></Identifica>
    <Data><![CDATA[]]></Data>
    <Ementa />
    <Titulo />
    <SubTitulo />
    <Texto><![CDATA[<p></p><p class="identifica">AVISOS DE SELEÇÃO PÚBLICA N° 953/2022</p><p>Objeto: Contratação de serviço para manutenção corretiva para equipamentos diversos, para atender a demanda do Projeto Funpar n° 3748 - UFPR - FORTALECIMENTO INSTITUCIONAL. Acolhimento Propostas: 06/09/2022, até às 09:00 min. Data do Pregão: 06/09/2022 às 09:30 min. O edital está disponível no site www.licitacoes-e.com.br. Dúvidas entrar em contato pelo e-mail licitacao@funpar.ufpr.br.</p><p class="identifica">SELEÇÃO PÚBLICA N° 949/2022</p><p>Objeto: Instalação de Exaustor, para atender a demanda do Projeto Funpar n° 3748 - UFPR - FORTALECIMENTO INSTITUCIONAL. Acolhimento Propostas: 06/09/2022, até às 09:00 min. Data do Pregão: 06/09/2022 às 09:30 min. O edital está disponível no site www.licitacoes-e.com.br. Dúvidas entrar em contato pelo e-mail licitacao@funpar.ufpr.br.</p><p class="identifica">SELEÇÃO PÚBLICA N° 753/2022</p><p>Objeto: Aquisição de Materiais de Expediente, para atender a demanda do Projeto Funpar n° 3748 - UFPR - FORTALECIMENTO INSTITUCIONAL. Acolhimento Propostas: 12/09/2022, até às 09:00 min. Data do Pregão: 12/09/2022 às 09:30 min. O edital está disponível no site www.licitacoes-e.com.br. Dúvidas entrar em contato pelo e-mail licitacao@funpar.ufpr.br.</p><p class="identifica">SELEÇÃO PÚBLICA N° 726/2022</p><p>Objeto: Aquisição de equipamento de informática, para atender a demanda do Projeto Funpar n° 3748 - UFPR - FORTALECIMENTO INSTITUCIONAL. Acolhimento Propostas: 12/09/2022, até às 09:00 min. Data do Pregão: 12/09/2022 às 09:30 min. O edital está disponível no site www.licitacoes-e.com.br. Dúvidas entrar em contato pelo e-mail licitacao@funpar.ufpr.br.</p><p class="identifica">SELEÇÃO PÚBLICA N° 719/2022</p><p>Objeto: Aquisição de Televisor, para atender a demanda do Projeto Funpar n° 3748 - UFPR - FORTALECIMENTO INSTITUCIONAL. Acolhimento Propostas: 12/09/2022, até às 14:00 min. Data do Pregão: 12/09/2022 às 14:30 min. O edital está disponível no site www.licitacoes-e.com.br. Dúvidas entrar em contato pelo e-mail licitacao@funpar.ufpr.br.</p><p>Seleção Pública n° 1149/2022 Objeto: Confecção de Livro, para atender a demanda do Projeto Funpar n° 3748 - UFPR - FORTALECIMENTO INSTITUCIONAL. Acolhimento Propostas: 12/09/2022, até às 14:00 min. Data do Pregão: 12/09/2022 às 14:30 min. O edital está disponível no site www.licitacoes-e.com.br. Dúvidas entrar em contato pelo e-mail licitacao@funpar.ufpr.br.</p><p class="assina">Vanessa Cristina Pego Faleiro</p><p class="cargo">Pregoeira</p>]]></Texto>
  </body>
  <Midias />
</article></xml>