﻿<xml><article id="27715056" name="2022-08-24/7354448/siasgnet_1483" idOficio="7354448" pubName="DO3" artType="Aviso de Licitação-Pregão" pubDate="25/08/2022" artClass="00013:00010:00023:00003:00000:00000:00000:00000:00000:00000:00164:00001" artCategory="Ministério da Defesa/Comando da Aeronáutica/Departamento de Ciência e Tecnologia Aeroespacial/Centro de Lançamento de Alcântara" artSize="12" artNotes="" numberPage="16" pdfPage="http://pesquisa.in.gov.br/imprensa/jsp/visualiza/index.jsp?data=25/08/2022&amp;jornal=530&amp;pagina=16" editionNumber="162" highlightType="" highlightPriority="" highlight="" highlightimage="" highlightimagename="" idMateria="14834882">
  <body>
    <Identifica><![CDATA[ AVISO DE LICITAÇÃO]]></Identifica>
    <Data><![CDATA[]]></Data>
    <Ementa />
    <Titulo />
    <SubTitulo />
    <Texto><![CDATA[<p class="identifica">AVISO DE LICITAÇÃO</p><p class="identifica">Pregão Eletrônico Nº 12/2022 - UASG 120013</p><p>Nº Processo: 67710001422202281. Objeto: Registro de Preços para eventual contratação de empresa especializada na prestação de serviço de confecção e fornecimento de refeição pronta (marmitex-quentinha) para Almoço e Janta do efetivo, conforme condições, quantidades e exigências estabelecidas no Edital e seus anexos.. Total de Itens Licitados: 5. Edital: 25/08/2022 das 08h00 às 17h00. Endereço: Rod. Ma-106 - Km 7, Alcântara - Ma Cep 65.250-000, Zona Rural - Alcântara/MA ou https://www.gov.br/compras/edital/120013-5-00012-2022. Entrega das Propostas: a partir de 25/08/2022 às 08h00 no site www.gov.br/compras. Abertura das Propostas: 12/09/2022 às 10h00 no site www.gov.br/compras.</p><p class="assina">FERNANDO BENITEZ LEAL</p><p class="cargo">Agente Diretor e Ordenador de Despesas</p><p>(SIASGnet - 24/08/2022) 120013-00001-2022NE999999</p>]]></Texto>
  </body>
  <Midias />
</article></xml>