﻿<xml><article id="27703391" name="Extrato RORAIMA ENERGIA" idOficio="7354836" pubName="DO3" artType="Extrato" pubDate="25/08/2022" artClass="00012:00016:00000:00000:00000:00000:00000:00000:00000:00000:00172:00000" artCategory="Ministério das Comunicações/Telecomunicações Brasileiras S.A." artSize="12" artNotes="" numberPage="12" pdfPage="http://pesquisa.in.gov.br/imprensa/jsp/visualiza/index.jsp?data=25/08/2022&amp;jornal=530&amp;pagina=12" editionNumber="162" highlightType="" highlightPriority="" highlight="" highlightimage="" highlightimagename="" idMateria="14835487">
  <body>
    <Identifica><![CDATA[ Extrato de Termo de Apostila]]></Identifica>
    <Data><![CDATA[]]></Data>
    <Ementa />
    <Titulo />
    <SubTitulo />
    <Texto><![CDATA[<p class="identifica">Extrato de Termo de Apostila</p><p>TELECOMUNICAÇÕES BRASILEIRAS S.A. - TELEBRAS</p><p>CNPJ: 00.336.701/0001-04</p><p>NIRE: 5330000223/1</p><p>Processo nº TLB-PRO-2020/01535</p><p>Termo de Apostila ao Contrato n° 17/2020 - RRE</p><p>Data de Assinatura: 19/08/2022</p><p>Apostilado: RORAIMA ENERGIA CNPJ: 02.341.470/0001-44</p><p>Objeto: Reajuste do valor unitário para R$ 6,60, referente à utilização de 156 pontos de fixação em postes, totalizando o valor mensal de R$ 12.355,20.</p><p>Signatários: José Maria Junqueira Sampaio Meirelles (Diretor Administrativo-financeiro Substituto) e Emerson Baumgarten de Oliveira (Gerente de Planejamento Técnico e Controle)</p>]]></Texto>
  </body>
  <Midias />
</article></xml>