﻿<xml><article id="27714111" name="Sidec_00170__V7VDAL" idOficio="7355149" pubName="DO3" artType="Extrato de Inexigibilidade de Licitação" pubDate="25/08/2022" artClass="00013:00010:00029:00002:00010:00000:00000:00000:00000:00000:00041:00171" artCategory="Ministério da Defesa/Comando da Aeronáutica/Secretaria de Economia e Finanças e Administração da Aeronáutica/Diretoria de Administração da Aeronáutica/Grupamento de Apoio de Belém" artSize="12" artNotes="" numberPage="17" pdfPage="http://pesquisa.in.gov.br/imprensa/jsp/visualiza/index.jsp?data=25/08/2022&amp;jornal=530&amp;pagina=17" editionNumber="162" highlightType="" highlightPriority="" highlight="" highlightimage="" highlightimagename="" idMateria="14836066">
  <body>
    <Identifica><![CDATA[ EXTRATO DE INEXIGIBILIDADE DE LICITAÇÃO Nº 61171/2022  - UASG 120628]]></Identifica>
    <Data><![CDATA[]]></Data>
    <Ementa />
    <Titulo />
    <SubTitulo />
    <Texto><![CDATA[<p class="identifica">EXTRATO DE INEXIGIBILIDADE DE LICITAÇÃO Nº 61171/2022 - UASG 120628</p><p>Nº Processo: 67211006697202151 . Objeto: Prestação de serviços de assistência médica na especialidade de oftalmologia, especificado no Termo de Credenciamento 117/BABE-HABE/2021, para atender aos usuários do Fundo de Saúde da Aeronáutica (FUNSA). Total de Itens Licitados: 00001. Fundamento Legal: Art. 25º, Caput da Lei nº 8.666 de 21º/06/1993.. Justificativa: Saúde Declaração de Inexigibilidade em 13/07/2022. JORGE ANTONIO CARVALHO FEIJO. Agente Diretor.. Ratificação em 28/07/2022. CLOER VESCIA ALVES. Diretor da Dirsa25. Valor Global: R$ 40.000,00. CNPJ CONTRATADA : 84.154.467/0001-86 VITRIA OFTALMOLOGIA LTDA.</p><p>(SIDEC - 24/08/2022) 120628-00001-2022NE008001</p>]]></Texto>
  </body>
  <Midias />
</article></xml>