﻿<xml><article id="27714921" name="2022-08-24/7353841/siasgnet_1483" idOficio="7353841" pubName="DO3" artType="Aviso de Licitação-Pregão" pubDate="25/08/2022" artClass="00007:00060:00043:00000:00000:00000:00000:00000:00000:00000:00164:00001" artCategory="Ministério da Agricultura, Pecuária e Abastecimento/Empresa Brasileira de Pesquisa Agropecuária/Embrapa Floresta" artSize="12" artNotes="" numberPage="7" pdfPage="http://pesquisa.in.gov.br/imprensa/jsp/visualiza/index.jsp?data=25/08/2022&amp;jornal=530&amp;pagina=7" editionNumber="162" highlightType="" highlightPriority="" highlight="" highlightimage="" highlightimagename="" idMateria="14834142">
  <body>
    <Identifica><![CDATA[ AVISO DE LICITAÇÃO]]></Identifica>
    <Data><![CDATA[]]></Data>
    <Ementa />
    <Titulo />
    <SubTitulo />
    <Texto><![CDATA[<p class="identifica">AVISO DE LICITAÇÃO</p><p class="identifica">Pregão Eletrônico Nº 13/2022 - UASG 135028</p><p>Nº Processo: 21175001259202260. Objeto: Contratação de empresa especializada, por um período de 12 meses, para prestação de serviços de manutenção preventiva e corretiva de veículos, com fornecimento de peças, componentes e acessórios novos, genuínos ou originais, para os veículos pesados (ônibus e caminhões) da Embrapa Florestas.. Total de Itens Licitados: 2. Edital: 25/08/2022 das 08h00 às 12h00 e das 13h00 às 17h00. Endereço: Estrada da Ribeira Km 111-cx.p 319 - Patrimônio e Suprimentos-sps, Guaraituba - Colombo/PR ou https://www.gov.br/compras/edital/135028-5-00013-2022. Entrega das Propostas: a partir de 25/08/2022 às 08h00 no site www.gov.br/compras. Abertura das Propostas: 06/09/2022 às 09h00 no site www.gov.br/compras. Informações Gerais: Divergências entre as descrições dos itens no sistema e no Termo de Referência, prevalecerá o último. Com relação aos valores da licitação no Termo de Referência e os publicados no sistema e no edital, prevalecerão os últimos por questões de arredondamento e ajustes..</p><p class="assina">REJANE STUMPF SBERZE</p><p class="cargo">Chefe Adjunta de Administração</p><p>(SIASGnet - 24/08/2022) 135028-13203-2022NE000001</p>]]></Texto>
  </body>
  <Midias />
</article></xml>