﻿<xml><article id="27700110" name="5 - MatAria PublicaAAo DOU" idOficio="7354254" pubName="DO3" artType="Extrato de Apostilamento" pubDate="25/08/2022" artClass="00013:00012:00027:00006:00009:00000:00000:00000:00000:00000:00143:00000" artCategory="Ministério da Defesa/Comando da Marinha/Diretoria-Geral do Pessoal/Diretoria de Saúde/Hospital Naval Marcílio Dias" artSize="12" artNotes="" numberPage="37" pdfPage="http://pesquisa.in.gov.br/imprensa/jsp/visualiza/index.jsp?data=25/08/2022&amp;jornal=530&amp;pagina=37" editionNumber="162" highlightType="" highlightPriority="" highlight="" highlightimage="" highlightimagename="" idMateria="14834666">
  <body>
    <Identifica><![CDATA[ EXTRATO DE APOSTILAMENTO Nº 21/2022 - UASG 765720 - HNMD ]]></Identifica>
    <Data><![CDATA[]]></Data>
    <Ementa />
    <Titulo />
    <SubTitulo />
    <Texto><![CDATA[<p class="identifica">EXTRATO DE APOSTILAMENTO Nº 21/2022 - UASG 765720 - HNMD</p><p>Processo Nº: 63148.005300/2017-87</p><p>Termo de Apostilamento Nº 021/2022 do Contrato de Nº 65720/2018-035/00. Contratante: HOSPITAL NAVAL MARCILIO DIAS CNPJ: 00.394.502/0148-70 . Contratado: - Messer Gases LTDA. CNPJ: 60.619.202/0065-02. Objeto: O presente documento refere-se ao Reajuste baseado no IPCA, acumulado dos 12 meses como descrito na Cláusula Setima do Contrato inicial. Fundamento Legal: Parágrafo 8º do Art. 65 da Lei Nº 8.666/1993 e Art. 53 da IN Nº 05/2017 MPDG/SEGES. Valor anual atual R$ 538.353,72 (quinhentos e trinta e oito mil, trezentos e cinquenta e três reais e setenta e dois centavos). Data de Assinatura: 17/08/2022.</p>]]></Texto>
  </body>
  <Midias />
</article></xml>