﻿<xml><article id="27713817" name="2022-08-24/7354234/COMPRASNETWS_" idOficio="7354234" pubName="DO3" artType="Retificação" pubDate="25/08/2022" artClass="00013:00011:00015:00010:00022:00000:00000:00000:00000:00000:00128:00001" artCategory="Ministério da Defesa/Comando do Exército/Comando Militar do Sul/3ª Região Militar/Hospital de Guarnição de Alegrete" artSize="12" artNotes="" numberPage="30" pdfPage="http://pesquisa.in.gov.br/imprensa/jsp/visualiza/index.jsp?data=25/08/2022&amp;jornal=530&amp;pagina=30" editionNumber="162" highlightType="" highlightPriority="" highlight="" highlightimage="" highlightimagename="" idMateria="14834574">
  <body>
    <Identifica><![CDATA[ RETIFICAÇÃO]]></Identifica>
    <Data><![CDATA[]]></Data>
    <Ementa />
    <Titulo />
    <SubTitulo />
    <Texto><![CDATA[<p class="identifica">RETIFICAÇÃO</p><p>NO EXTRATO DE CONTRATO Nº 99125/4176 publicado no D.O de 2022-08-15, Seção 3. Onde se lê: Vigência: 25/06/2021 a 25/06/2022. . Leia-se: Vigência: 15/06/2022 a 14/06/2023. Onde se lê: Assinatura: 25/06/2021. . Leia-se: Assinatura: 14/06/2022. onde se lê: a contratação de produtos e serviços por meio de pacote de serviços dos correios mediante adesão ao termo de condições comerciais e anexos, quando contratados serviços específicos, que permite a compra de produtos e utilização dos diversos serviços dos correios por meio dos canais de atendimento disponibilizados. . Leia-se: a pr orrogacao contratual de produtos e serviços por meio de pacote de serviços dos correios mediante adesão ao termo de condições comerciais e anexos, quando contratados serviços específicos, que permite a compra de produtos e utilização dos diversos serviços dos correios por meio dos canais de atendimento disponibilizados.</p><p>(COMPRASNET 4.0 - 13/08/2022).</p>]]></Texto>
  </body>
  <Midias />
</article></xml>