﻿<xml><article id="27716435" name="2022-08-24/7354682/COMPRASNETWS_" idOficio="7354682" pubName="DO3" artType="Extrato de Contrato" pubDate="25/08/2022" artClass="00013:00012:00025:00015:00001:00000:00000:00000:00000:00000:00031:00001" artCategory="Ministério da Defesa/Comando da Marinha/Diretoria-Geral do Material/Diretoria Industrial da Marinha/Arsenal de Marinha do Rio de Janeiro" artSize="12" artNotes="" numberPage="36" pdfPage="http://pesquisa.in.gov.br/imprensa/jsp/visualiza/index.jsp?data=25/08/2022&amp;jornal=530&amp;pagina=36" editionNumber="162" highlightType="" highlightPriority="" highlight="" highlightimage="" highlightimagename="" idMateria="14835195">
  <body>
    <Identifica><![CDATA[ EXTRATO DE CONTRATO Nº 87/2022 - UASG 741000]]></Identifica>
    <Data><![CDATA[]]></Data>
    <Ementa />
    <Titulo />
    <SubTitulo />
    <Texto><![CDATA[<p class="identifica">EXTRATO DE CONTRATO Nº 87/2022 - UASG 741000</p><p>Nº Processo: 63014.004468/2022-58.</p><p>Inexigibilidade Nº 70025/2022. Contratante: ARSENAL DE MARINHA_DO RIO DE JANEIRO.</p><p>Contratado: 03.222.543/0001-41 - DGS INDUSTRIAL LTDA. Objeto: Contratação direta de empresa para fornecimento de 01 (uma) embarcação tubular rígida híbrida modelo dgs 600, conforme especificações e quantitativos estabelecidos no projeto básico nº 01/g6/2022..</p><p>Fundamento Legal: LEI 8.666 / 1993 - Artigo: 25 - Inciso: I. Vigência: 24/08/2022 a 12/03/2023. Valor Total: R$ 450.000,00. Data de Assinatura: 24/08/2022.</p><p>(COMPRASNET 4.0 - 24/08/2022).</p>]]></Texto>
  </body>
  <Midias />
</article></xml>