﻿<xml><article id="27716387" name="2022-08-24/7353595/COMPRASNETWS_" idOficio="7353595" pubName="DO3" artType="Extrato de Rescisão" pubDate="25/08/2022" artClass="00013:00011:00026:00003:00019:00000:00000:00000:00000:00000:00107:00001" artCategory="Ministério da Defesa/Comando do Exército/Departamento de Educação e Cultura do Exército/Diretoria de Educação  Preparatória e Assistencial/Colégio Militar de Campo Grande" artSize="12" artNotes="" numberPage="32" pdfPage="http://pesquisa.in.gov.br/imprensa/jsp/visualiza/index.jsp?data=25/08/2022&amp;jornal=530&amp;pagina=32" editionNumber="162" highlightType="" highlightPriority="" highlight="" highlightimage="" highlightimagename="" idMateria="14833919">
  <body>
    <Identifica><![CDATA[ EXTRATO DE RESCISÃO DO CONTRATO Nº 6/2021 - UASG |CONTRATOHISTORICO_GETUNIDADE|]]></Identifica>
    <Data><![CDATA[]]></Data>
    <Ementa />
    <Titulo />
    <SubTitulo />
    <Texto><![CDATA[<p class="identifica">EXTRATO DE RESCISÃO DO CONTRATO Nº 6/2021 - UASG |CONTRATOHISTORICO_GETUNIDADE|</p><p>Nº Processo: 64251.006837/2021-26. Contratante: COLEGIO MILITAR DE CAMPO GRANDE. Contratado: 31.970.557/0001-89 - WR ENGENHARIA EIRELI. Objeto: Encerramento contratual no dia 30 julho de 2022 por término do serviço.. Fundamento Legal: LEI 8.666 / 1993 - Artigo: 23 - Inciso: I. Data de Rescisão: 25/08/2022.</p><p>(COMPRASNET 4.0 - 24/08/2022).</p>]]></Texto>
  </body>
  <Midias />
</article></xml>