﻿<xml><article id="27713704" name="2022-08-24/7353437/COMPRASNETWS_" idOficio="7353437" pubName="DO3" artType="Extrato de Termo Aditivo" pubDate="25/08/2022" artClass="00013:00011:00007:00002:00000:00000:00000:00000:00000:00000:00054:00001" artCategory="Ministério da Defesa/Comando do Exército/Comando Logístico/Centro de Obtenções do Exército" artSize="12" artNotes="" numberPage="19" pdfPage="http://pesquisa.in.gov.br/imprensa/jsp/visualiza/index.jsp?data=25/08/2022&amp;jornal=530&amp;pagina=19" editionNumber="162" highlightType="" highlightPriority="" highlight="" highlightimage="" highlightimagename="" idMateria="14833674">
  <body>
    <Identifica><![CDATA[ EXTRATO DE TERMO ADITIVO Nº 6/2022 - UASG 160069]]></Identifica>
    <Data><![CDATA[]]></Data>
    <Ementa />
    <Titulo />
    <SubTitulo />
    <Texto><![CDATA[<p class="identifica">EXTRATO DE TERMO ADITIVO Nº 6/2022 - UASG 160069</p><p>Número do Contrato: 87/2017.</p><p>Nº Processo: 64447.008555/2017-90.</p><p>Inexigibilidade. Nº 10/2017. Contratante: CENTRO DE OBTENCOES DO EXERCITO. Contratado: 48.090.120/0001-53 - SAFRAN HELICOPTER ENGINES INDUSTRIA E COMERCIO DO BRASI. Objeto: Prorrogação de vigência. Vigência: 22/08/2022 a 23/08/2022. Valor Total Atualizado do Contrato: R$ 67.500.000,00. Data de Assinatura: 22/08/2022.</p><p>(COMPRASNET 4.0 - 22/08/2022).</p>]]></Texto>
  </body>
  <Midias />
</article></xml>