﻿<xml><article id="27714090" name="Sidec_00196" idOficio="7355149" pubName="DO3" artType="Extrato de Inexigibilidade de Licitação" pubDate="25/08/2022" artClass="00013:00011:00025:00016:00000:00000:00000:00000:00000:00000:00041:00197" artCategory="Ministério da Defesa/Comando do Exército/Departamento de Ciência e Tecnologia/Instituto Militar de Engenharia" artSize="12" artNotes="" numberPage="32" pdfPage="http://pesquisa.in.gov.br/imprensa/jsp/visualiza/index.jsp?data=25/08/2022&amp;jornal=530&amp;pagina=32" editionNumber="162" highlightType="" highlightPriority="" highlight="" highlightimage="" highlightimagename="" idMateria="14836093">
  <body>
    <Identifica><![CDATA[ EXTRATO DE INEXIGIBILIDADE DE LICITAÇÃO Nº 1/2022  - UASG 160327]]></Identifica>
    <Data><![CDATA[]]></Data>
    <Ementa />
    <Titulo />
    <SubTitulo />
    <Texto><![CDATA[<p class="identifica">EXTRATO DE INEXIGIBILIDADE DE LICITAÇÃO Nº 1/2022 - UASG 160327</p><p>Nº Processo: 64613005978202256 . Objeto: Aquisição de penetradores para Microdurômetro e de suporte antivibração de bancada para Microdurômetro. Total de Itens Licitados: 00003. Fundamento Legal: Art. 25º, Inciso I da Lei nº 8.666 de 21º/06/1993.. Justificativa: Inviabilidade de competição (empresa detentora de exclusividade no fornecimento dos materiais). Declaração de Inexigibilidade em 23/08/2022. ALOYSIO VALLE MEIRA DE VASCONCELLOS. Ordenador de Despesas por Delegação de Competência do Ime. Ratificação em 23/08/2022. JURACI FERREIRA GALDINO. Comandante do Ime. Valor Global: R$ 102.423,81. CNPJ CONTRATADA : 58.752.460/0001-56 SHIMADZUDO BRASIL COMERCIO LTDA..</p><p>(SIDEC - 24/08/2022) 160327-00001-2022NE000001</p>]]></Texto>
  </body>
  <Midias />
</article></xml>