﻿<xml><article id="27693552" name="PE009-22" idOficio="7344224" pubName="DO3" artType="Aviso de Licitação-Pregão" pubDate="25/08/2022" artClass="00047:00044:00001:00002:00000:00000:00000:00000:00000:00000:00164:00000" artCategory="Poder Judiciário/Tribunal Regional do Trabalho da 5ª Região/Presidência/Diretoria-Geral" artSize="12" artNotes="" numberPage="180" pdfPage="http://pesquisa.in.gov.br/imprensa/jsp/visualiza/index.jsp?data=25/08/2022&amp;jornal=530&amp;pagina=180" editionNumber="162" highlightType="" highlightPriority="" highlight="" highlightimage="" highlightimagename="" idMateria="14820939">
  <body>
    <Identifica><![CDATA[ AVISO DE REABERTURA DE PRAZO]]></Identifica>
    <Data><![CDATA[ Salvador, 24 de agosto de 2022.]]></Data>
    <Ementa />
    <Titulo />
    <SubTitulo />
    <Texto><![CDATA[<p></p><p class="identifica">AVISO DE REABERTURA DE PRAZO</p><p class="identifica">PREGÃO ELETRÔNICO Nº 9/2022</p><p>PROCESSO: 6771/2022. OBJETO: Contratação de Serviço de suporte técnico e garantia, com fornecimento de peças, para a solução de Storage IBM Storwize V5000. Comunicamos a reabertura de prazo da licitação supracitada, publicada no D.O.U de 21/06/2022. ABERTURA: 06 de setembro de 2022, às 10 horas (horário de Brasília). LOCAL: Ambiente eletrônico no site da Internet www.comprasnet.gov.br, provido pelo SERPRO. EDITAL: Disponível no mesmo endereço eletrônico e no sítio www.trt5.jus.br.</p><p class="data">Salvador, 24 de agosto de 2022.</p><p class="assina">ANA PAULA DULTRA VILA NOVA CERQUEIRA</p><p class="cargo">Pregoeira</p>]]></Texto>
  </body>
  <Midias />
</article></xml>