﻿<xml><article id="27713853" name="2022-08-24/7354935/siasgnet_1483" idOficio="7354935" pubName="DO3" artType="Aviso de Licitação-Pregão" pubDate="25/08/2022" artClass="00013:00011:00010:00009:00002:00000:00000:00000:00000:00000:00164:00001" artCategory="Ministério da Defesa/Comando do Exército/Comando Militar do Nordeste/10ª Região Militar/Base Administrativa da Guarnição de Fortaleza" artSize="12" artNotes="" numberPage="22" pdfPage="http://pesquisa.in.gov.br/imprensa/jsp/visualiza/index.jsp?data=25/08/2022&amp;jornal=530&amp;pagina=22" editionNumber="162" highlightType="" highlightPriority="" highlight="" highlightimage="" highlightimagename="" idMateria="14835552">
  <body>
    <Identifica><![CDATA[ AVISO DE LICITAÇÃO]]></Identifica>
    <Data><![CDATA[]]></Data>
    <Ementa />
    <Titulo />
    <SubTitulo />
    <Texto><![CDATA[<p class="identifica">AVISO DE LICITAÇÃO</p><p class="identifica">Pregão Eletrônico Nº 12/2022 - UASG 160045</p><p>Nº Processo: 64242002892202237. Objeto: Registro de preços para eventual contratação de empresas especializadas nos Serviços de instalação e de toldos e grades com fornecimento e material visando atender as demandas do Museu/10º GAC do Forte General Tibúrcio, conforme condições, quantidades e exigências no Edital e seus anexos.. Total de Itens Licitados: 4. Edital: 25/08/2022 das 09h30 às 11h30 e das 13h30 às 16h30. Endereço: Av. Luciano Carneiro, Nr 840 - Fatima, Fátima - Fortaleza/CE ou https://www.gov.br/compras/edital/160045-5-00012-2022. Entrega das Propostas: a partir de 25/08/2022 às 09h30 no site www.gov.br/compras. Abertura das Propostas: 12/09/2022 às 09h30 no site www.gov.br/compras. Informações Gerais: .</p><p class="assina">RENATO DA SILVA RODGERS</p><p class="cargo">Ordenador de Despesas</p><p>(SIASGnet - 24/08/2022) 160045-00001-2022NE000001</p>]]></Texto>
  </body>
  <Midias />
</article></xml>