﻿<xml><article id="27716778" name="2022-08-24/7353807/siasgnet_1483" idOficio="7353807" pubName="DO3" artType="Aviso de Licitação-Concorrência" pubDate="25/08/2022" artClass="00013:00011:00009:00028:00005:00000:00000:00000:00000:00000:00161:00001" artCategory="Ministério da Defesa/Comando do Exército/Comando Militar do Leste/5º Grupamento de Engenharia/Comissão Regional de Obras da 1ª Região Militar" artSize="12" artNotes="" numberPage="21" pdfPage="http://pesquisa.in.gov.br/imprensa/jsp/visualiza/index.jsp?data=25/08/2022&amp;jornal=530&amp;pagina=21" editionNumber="162" highlightType="" highlightPriority="" highlight="" highlightimage="" highlightimagename="" idMateria="14834099">
  <body>
    <Identifica><![CDATA[ AVISO DE LICITAÇÃO]]></Identifica>
    <Data><![CDATA[]]></Data>
    <Ementa />
    <Titulo />
    <SubTitulo />
    <Texto><![CDATA[<p class="identifica">AVISO DE LICITAÇÃO</p><p class="identifica">Concorrência Nº 6/2021 - UASG 160301</p><p>Nº Processo: 64325.006752/2021. Objeto: Reforma das Alas de Internação C e D no 4º andar do Bloco de Agudos. . Total de Itens Licitados: 1. Edital: 25/08/2022 das 09h30 às 11h30 e das 13h30 às 15h30. Endereço: Praca Duque de Caxias,25-centro-ala Marcilio Dias 5 Andar, Centro - Rio de Janeiro/RJ ou https://www.gov.br/compras/edital/160301-3-00006-2021. Entrega das Propostas: 29/09/2022 às 10h00. Endereço: Praca Duque de Caxias,25-centro-ala Marcilio Dias 5 Andar, Centro - Rio de Janeiro/RJ.</p><p class="assina">RUI CUNHA MACEDO JUNIOR</p><p class="cargo">Ordenador de Despesas da Cro/1</p><p>(SIASGnet - 24/08/2022) 160301-00001-2022NE000001</p>]]></Texto>
  </body>
  <Midias />
</article></xml>