﻿<xml><article id="27694642" name="Not-local-incerto_PGSA_COMERCIAL" idOficio="7353184" pubName="DO3" artType="Aviso de Penalidade" pubDate="25/08/2022" artClass="00013:00011:00010:00009:00002:00000:00000:00000:00000:00000:00083:00000" artCategory="Ministério da Defesa/Comando do Exército/Comando Militar do Nordeste/10ª Região Militar/Base Administrativa da Guarnição de Fortaleza" artSize="12" artNotes="" numberPage="22" pdfPage="http://pesquisa.in.gov.br/imprensa/jsp/visualiza/index.jsp?data=25/08/2022&amp;jornal=530&amp;pagina=22" editionNumber="162" highlightType="" highlightPriority="" highlight="" highlightimage="" highlightimagename="" idMateria="14833386">
  <body>
    <Identifica><![CDATA[ AVISO DE NOTIFICAÇÃO DE SOLUÇÃO]]></Identifica>
    <Data><![CDATA[ Fortaleza, 24 de agosto de 2022.]]></Data>
    <Ementa />
    <Titulo />
    <SubTitulo />
    <Texto><![CDATA[<p class="identifica">AVISO DE NOTIFICAÇÃO DE SOLUÇÃO</p><p>NUP 64242.002778/2022-15</p><p>Por decisão administrativa do Cmt da B Adm Gu Fortaleza, considerando o Processo Administrativo - NUP 64242.002778/2022-15, resolve imputar a empresa PGSA COMERCIAL LTDA - CNPJ 38.398.257/0001-16, uma vez que se encontra em local incerto e não sabido, notificada da Sanção Administrativa de "Suspensão temporária de participar em licitação e impedimento de contratar com a Administração pelo prazo de 180 (cento e oitenta) dias", por descumprimento de obrigações contratuais decorrentes da Nota de Empenho 2022NE000014, em conformidade com inciso III, do art. 87, da Lei 8.666/93, no prazo de 5 (cinco) dias úteis, a contar da publicação desta sanção no DOU.</p><p class="data">Fortaleza, 24 de agosto de 2022.</p><p class="assina">RENATO DA SILVA RODGERS - Cel</p><p class="cargo">Comandante da Base Administrativa da Guarnição</p>]]></Texto>
  </body>
  <Midias />
</article></xml>