﻿<xml><article id="27716219" name="2022-08-23/7352112/COMPRASNETWS_" idOficio="7352112" pubName="DO3" artType="Extrato de Apostilamento" pubDate="25/08/2022" artClass="00013:00010:00012:00009:00201:00000:00000:00000:00000:00000:00143:00001" artCategory="Ministério da Defesa/Comando da Aeronáutica/Comando-Geral do Pessoal/Diretoria de Ensino/Academia da Força Aérea" artSize="12" artNotes="" numberPage="15" pdfPage="http://pesquisa.in.gov.br/imprensa/jsp/visualiza/index.jsp?data=25/08/2022&amp;jornal=530&amp;pagina=15" editionNumber="162" highlightType="" highlightPriority="" highlight="" highlightimage="" highlightimagename="" idMateria="14831613">
  <body>
    <Identifica><![CDATA[ EXTRATO DE APOSTILAMENTO Nº 2/2022 - UASG 120060]]></Identifica>
    <Data><![CDATA[]]></Data>
    <Ementa />
    <Titulo />
    <SubTitulo />
    <Texto><![CDATA[<p class="identifica">EXTRATO DE APOSTILAMENTO Nº 2/2022 - UASG 120060</p><p>Número do Contrato: 39/2021.</p><p>Nº Processo: 67510.011709/2021-94.</p><p>Contratante: ACADEMIA DA FORCA AEREA. Contratado: 03.774.819/0001-02 - SERVICO NACIONAL DE APRENDIZAGEM INDUSTRIAL. Objeto: 1.1. O objeto do presente instrumento é INCLUIIR os dados do representante legal no preâmbulo do Contrato, bem como MODIFICAR, conforme extrato de dispensa de licitação anexa ao Contrato, decorrente da DISPENSA Nº 044/AFA/2021, a CLÁUSULA TERCEIRA - PREÇO.</p><p>1.1.1. Os dados do representante legal da Contratada são referentes ao Sr. Alexandre Barreto Rodrigues portador da Cédula de Identidade nº 19.901.697-5 SSP-SP e CPF nº 097.817.188-89.</p><p>1.1.2. Na CLÁUSULA TERCEIRA - PREÇO do Contrato originário:</p><p>ONDE SE LÊ: " 3.1. O valor total da contratação é R$ 86.682,49 (oitenta e seis mil, seiscentos e oitenta e dois reais e quarenta e nove centavos). "</p><p>LEIA-SE: " 3.1. O valor total da contratação é R$ 84.839,42 (oitenta e quatro e mil oitocentos e trinta e nove reais e quarenta e dois centavos). ". Vigência: 17/12/2021 a 17/12/2022. Valor Total Atualizado do Contrato: R$ 84.839,42. Data de Assinatura: 13/05/2022.</p><p>(COMPRASNET 4.0 - 25/08/2022).</p>]]></Texto>
  </body>
  <Midias />
</article></xml>