﻿<xml><article id="27703876" name="Extrato de Contrato_24082022" idOficio="7354950" pubName="DO3" artType="Extrato de Contrato" pubDate="25/08/2022" artClass="00007:00042:00000:00000:00000:00000:00000:00000:00000:00000:00031:00000" artCategory="Ministério da Agricultura, Pecuária e Abastecimento/Secretaria de Agricultura Familiar e Cooperativismo" artSize="12" artNotes="" numberPage="3" pdfPage="http://pesquisa.in.gov.br/imprensa/jsp/visualiza/index.jsp?data=25/08/2022&amp;jornal=530&amp;pagina=3" editionNumber="162" highlightType="" highlightPriority="" highlight="" highlightimage="" highlightimagename="" idMateria="14835662">
  <body>
    <Identifica><![CDATA[ EXTRATO DE CONTRATO]]></Identifica>
    <Data><![CDATA[]]></Data>
    <Ementa />
    <Titulo />
    <SubTitulo />
    <Texto><![CDATA[<p class="identifica">EXTRATO DE CONTRATO</p><p>Processo SEI nº 21000.061558/2022-55. a) Espécie: Contratação de Serviço de Consultoria por meio do Projeto de Cooperação Técnica - PCT/BRA/IICA/13/003 - "Nova Ruralidade Brasileira: Compreensões e Implicações na Política Pública", celebrado entre a República Federativa do Brasil e o Instituto Interamericano de Cooperação para a Agricultura - IICA, por intermédio da Secretaria de Agricultura Familiar e Cooperativismo - SAF/MAPA; b) Objetivo: Desenvolver estudo comparativo e propositivo nas propriedades da agricultura familiar na gestão dos resíduos e eﬂuentes perigosos, com ênfase à destinação correta das embalagens vazias dos agrotóxicos e demais resíduos gerados nos sistemas e processos da produção animal e vegetal, de forma sustentável; c) Local de Trabalho: Campo Grande/MS; d) Nome do Consultor: Laurindo Faria Petelinkar; e) Nº. do Contrato: 12200171; f) Valor Total do Contrato: R$ 253.920,00; g) Forma de pagamento: o desembolso das parcelas será realizado de acordo com a entrega e aprovação dos produtos; h) Vigência: 22/8/2022 a 21/8/2024.</p>]]></Texto>
  </body>
  <Midias />
</article></xml>