﻿<xml><article id="27699426" name="PENALIDADE - PA 006-2022 - MIRAZ" idOficio="7354161" pubName="DO3" artType="Aviso de Penalidade" pubDate="25/08/2022" artClass="00013:00011:00025:00008:00000:00000:00000:00000:00000:00000:00083:00000" artCategory="Ministério da Defesa/Comando do Exército/Departamento de Ciência e Tecnologia/Centro Tecnológico" artSize="12" artNotes="" numberPage="31" pdfPage="http://pesquisa.in.gov.br/imprensa/jsp/visualiza/index.jsp?data=25/08/2022&amp;jornal=530&amp;pagina=31" editionNumber="162" highlightType="" highlightPriority="" highlight="" highlightimage="" highlightimagename="" idMateria="14834496">
  <body>
    <Identifica><![CDATA[AVISO DE PENALIDADE]]></Identifica>
    <Data><![CDATA[]]></Data>
    <Ementa />
    <Titulo />
    <SubTitulo />
    <Texto><![CDATA[<p class="identifica">AVISO DE PENALIDADE</p><p>COMUNICO que a empresa MIRAZAB COMÉRCIO E SERVIÇOS TÉCNICOS EIRELI, inscrita no CNPJ nº 30.223.033/0001-61, após conclusão do Processo Administrativo nº 005/2022, NUP: 64219.003430/2022-24, instaurado por intermédio da Portaria nº 005/2022, de 22 de março de 2022, respeitados o contraditório e a ampla defesa, foi punida com a sanção administrativa de impedimento de licitar e contratar com a União pelo prazo de 12 (doze) meses, de acordo com os subitens 12.2.6 e 12.2.6.1 do Termo de Referência anexo ao Edital do Pregão Eletrônico nº 42/2019-CTEx c/c o Art. 7° da Lei nº 10.520/02, a contar desta publicação. Informo a quem interessar que os autos do processo administrativo, encontram-se à disposição para vistas e cópias na Seção de Aquisição, Licitações e Contratos do Centro Tecnológico do Exército (CTEx), situado à Av. das Américas nº 28.705 - Guaratiba - Rio de Janeiro - RJ, no período de segunda a quinta, das 10:00 às 15:00, mediante requisição formal, ressalvados os dados e documentos de terceiros protegidos por sigilo ou pelo direito à privacidade, à honra e à imagem.</p><p class="assina">Coronel MARCO ANTÔNIO DE ANDRADE SILVA</p><p class="cargo">Ordenador de Despesas do CTEx</p>]]></Texto>
  </body>
  <Midias />
</article></xml>