﻿<xml><article id="27715173" name="Sidec_00172__G7XSPG" idOficio="7355149" pubName="DO3" artType="Extrato de Inexigibilidade de Licitação" pubDate="25/08/2022" artClass="00013:00011:00011:00111:00000:00000:00000:00000:00000:00000:00041:00173" artCategory="Ministério da Defesa/Comando do Exército/Comando Militar do Norte/22ª Brigada de Infantaria de Selva" artSize="12" artNotes="" numberPage="27" pdfPage="http://pesquisa.in.gov.br/imprensa/jsp/visualiza/index.jsp?data=25/08/2022&amp;jornal=530&amp;pagina=27" editionNumber="162" highlightType="" highlightPriority="" highlight="" highlightimage="" highlightimagename="" idMateria="14836068">
  <body>
    <Identifica><![CDATA[ EXTRATO DE INEXIGIBILIDADE DE LICITAÇÃO Nº 5/2022  - UASG 160026]]></Identifica>
    <Data><![CDATA[]]></Data>
    <Ementa />
    <Titulo />
    <SubTitulo />
    <Texto><![CDATA[<p class="identifica">EXTRATO DE INEXIGIBILIDADE DE LICITAÇÃO Nº 5/2022 - UASG 160026</p><p>Nº Processo: 65407020433202278 . Objeto: Credenciamento de Organizações de Saúde e Profissionais de Saúde Autônomos referentes às especialidades elencadas no projeto básico vinculado, para fins de complementar o Sistema de Saúde do Exército na Guarnição de Macapá/AP, como consulta em Anatomia Patológica, Citopatologia e Laboratório Análises Clínicas. Total de Itens Licitados: 00001. Fundamento Legal: Art. 25º, Caput da Lei nº 8.666 de 21º/06/1993.. Justificativa: Pela inviabilidade de competição pois a administração fixou preços a serem pagos pelos procedimentos médicos. Declaração de Inexigibilidade em 22/08/2022. ALISSON FRAUCHES DE ALMEIDA. Ordenador de Despesas da 22ª Bda Inf Sl. Ratificação em 22/08/2022. JOAO ROBERTO ALBIM GOBERT DAMASCENO. Comandante da 22ª Bda Inf Sl. Valor Global: R$ 60.000,00. CNPJ CONTRATADA : 04.572.038/0023-03 AMARAL COSTA MEDICINA DIAGNOSTICA S/E LTDA.</p><p>(SIDEC - 24/08/2022) 160026-00001-2022NE000001</p>]]></Texto>
  </body>
  <Midias />
</article></xml>