﻿<xml><article id="27715182" name="Sidec_00169__JVVD32" idOficio="7355149" pubName="DO3" artType="Extrato de Inexigibilidade de Licitação" pubDate="25/08/2022" artClass="00013:00010:00029:00002:00010:00000:00000:00000:00000:00000:00041:00170" artCategory="Ministério da Defesa/Comando da Aeronáutica/Secretaria de Economia e Finanças e Administração da Aeronáutica/Diretoria de Administração da Aeronáutica/Grupamento de Apoio de Belém" artSize="12" artNotes="" numberPage="17" pdfPage="http://pesquisa.in.gov.br/imprensa/jsp/visualiza/index.jsp?data=25/08/2022&amp;jornal=530&amp;pagina=17" editionNumber="162" highlightType="" highlightPriority="" highlight="" highlightimage="" highlightimagename="" idMateria="14836065">
  <body>
    <Identifica><![CDATA[ EXTRATO DE INEXIGIBILIDADE DE LICITAÇÃO Nº 61151/2022  - UASG 120628]]></Identifica>
    <Data><![CDATA[]]></Data>
    <Ementa />
    <Titulo />
    <SubTitulo />
    <Texto><![CDATA[<p class="identifica">EXTRATO DE INEXIGIBILIDADE DE LICITAÇÃO Nº 61151/2022 - UASG 120628</p><p>Nº Processo: 67211004919202109 . Objeto: Prestação de serviços de assistência nas especialidades paramédicas de fisioterapia e procedimentos fisioterápicos, conforme especificado no Termo de Credenciamento 115/BABE-HABE/2021, para atender aos usuários do Fundo de Saúde da Aeronáutica (FUNSA). Total de Itens Licitados: 00001. Fundamento Legal: Art. 25º, Caput da Lei nº 8.666 de 21º/06/1993.. Justificativa: Saúde Declaração de Inexigibilidade em 21/07/2022. JORGE ANTONIO CARVALHO FEIJO. Agente Diretor.. Ratificação em 28/07/2022. CLOER VESCIA ALVES. Diretor da Dirsa. Valor Global: R$ 20.000,00. CNPJ CONTRATADA : 40.192.432/0001-66 NKN PHYSIOTERAPY CENTER LTDA.</p><p>(SIDEC - 24/08/2022) 120628-00001-2022NE008001</p>]]></Texto>
  </body>
  <Midias />
</article></xml>