﻿<xml><article id="27693864" name="Extrato Aviso de LicitaAAo - Mod" idOficio="7334654" pubName="DO3" artType="Aviso de Licitação" pubDate="25/08/2022" artClass="00051:00016:00056:00000:00000:00000:00000:00000:00000:00000:00081:00000" artCategory="Governo do Estado/Governo do Estado do Paraná/Universidade Estadual do Oeste do Paraná" artSize="12" artNotes="final sinhá" numberPage="210" pdfPage="http://pesquisa.in.gov.br/imprensa/jsp/visualiza/index.jsp?data=25/08/2022&amp;jornal=530&amp;pagina=210" editionNumber="162" highlightType="" highlightPriority="" highlight="" highlightimage="" highlightimagename="" idMateria="14807961">
  <body>
    <Identifica><![CDATA[ AVISO DE LICITAÇÃO PREGÃO ELETRÔNICO N° 1211/2022- UAG: 926097  ]]></Identifica>
    <Data><![CDATA[ Cascavel, 24 de agosto de 2022.]]></Data>
    <Ementa />
    <Titulo />
    <SubTitulo />
    <Texto><![CDATA[<p class="identifica">AVISO DE LICITAÇÃO PREGÃO ELETRÔNICO N° 1211/2022- UAG: 926097</p><p>Objeto: Aquisição de utensílios para o refeitório do Centro Vocacional do Campus de Marechal Cândido Rondon - UNIOESTE. Exclusiva para Microempresas (ME) e Empresas de Pequeno Porte (EPP). Valor máximo: R$ 3.446,54. - RECEBIMENTO DAS PROPOSTAS: A partir das 8h00 do dia 25/08/2022, no sítio https://www.gov.br/compras/pt-br/sistemas/comprasnet-siasg ABERTURA DAS PROPOSTAS E RECEBIMENTO DOS LANCES: A partir das 09h00min. do dia 06/09/2022 horário de Brasília/DF no mesmo endereço eletrônico. O edital e as demais informações complementares encontram-se à disposição dos interessados junto à Comissão Permanente de Licitação, na Universidade Estadual do Oeste do Paraná (UNIOESTE/Reitoria), na Rua Universitária, 1619 - Jardim Universitário - Caixa Postal n°. 00701 - CEP 85819-110 - Cascavel - Paraná, ou pelo Fone: (45) 3220-3050, na homepage www.unioeste.br ou ainda no portal da transparência do Estado do Paraná, disponível no link: http://www.transparencia.pr.gov.br/pte/compras/licitacoes/inicio?windowId=ff2, em conformidade com o Decreto Estadual n°. 2.452, de 07 de janeiro de 2004.</p><p class="data">Cascavel, 24 de agosto de 2022.</p><p class="assina">Fernanda Beilke Calza</p><p class="cargo">Pregoeira</p>]]></Texto>
  </body>
  <Midias />
</article></xml>