﻿<xml><article id="27713105" name="2022-08-24/7353982/COMPRASNETWS_" idOficio="7353982" pubName="DO3" artType="Extrato de Termo Aditivo" pubDate="25/08/2022" artClass="00013:00010:00029:00002:00005:00034:00000:00000:00000:00000:00054:00001" artCategory="Ministério da Defesa/Comando da Aeronáutica/Secretaria de Economia e Finanças e Administração da Aeronáutica/Diretoria de Administração da Aeronáutica/Centro de Apoio Administrativo da Aeronáutica/Grupamento de Apoio de Recife" artSize="12" artNotes="" numberPage="17" pdfPage="http://pesquisa.in.gov.br/imprensa/jsp/visualiza/index.jsp?data=25/08/2022&amp;jornal=530&amp;pagina=17" editionNumber="162" highlightType="" highlightPriority="" highlight="" highlightimage="" highlightimagename="" idMateria="14834312">
  <body>
    <Identifica><![CDATA[ EXTRATO DE TERMO ADITIVO Nº 2/2022 - UASG 120632]]></Identifica>
    <Data><![CDATA[]]></Data>
    <Ementa />
    <Titulo />
    <SubTitulo />
    <Texto><![CDATA[<p class="identifica">EXTRATO DE TERMO ADITIVO Nº 2/2022 - UASG 120632</p><p>Número do Contrato: 18/2020.</p><p>Nº Processo: 67437.006253/2020-90.</p><p>Inexigibilidade. Nº 11/2020. Contratante: BASE AEREA DE RECIFE. Contratado: 05.283.620/0001-07 - ALERGOIMUNO W. ANTUNES LTDA. Objeto: Prorrogar o prazo de vigência do termo de credenciamento nº 18/harf/2020 por mais 12 (doze) meses.. Vigência: 20/07/2022 a 20/07/2023. Valor Total Atualizado do Contrato: R$ 200.000,00. Data de Assinatura: 20/07/2022.</p><p>(COMPRASNET 4.0 - 20/07/2022).</p>]]></Texto>
  </body>
  <Midias />
</article></xml>