﻿<xml><article id="27716842" name="2022-08-24/7353197/COMPRASNETWS_" idOficio="7353197" pubName="DO3" artType="Extrato de Convênio" pubDate="25/08/2022" artClass="00007:00003:00036:00000:00000:00000:00000:00000:00000:00000:00032:00001" artCategory="Ministério da Agricultura, Pecuária e Abastecimento/Secretaria Executiva/Superintendência Federal de Agricultura, Pecuária e Abastecimento do Pará" artSize="12" artNotes="" numberPage="2" pdfPage="http://pesquisa.in.gov.br/imprensa/jsp/visualiza/index.jsp?data=25/08/2022&amp;jornal=530&amp;pagina=2" editionNumber="162" highlightType="" highlightPriority="" highlight="" highlightimage="" highlightimagename="" idMateria="14833419">
  <body>
    <Identifica><![CDATA[ Extrato de Contrato Administrativo 004/2022 SFA-PA]]></Identifica>
    <Data><![CDATA[]]></Data>
    <Ementa />
    <Titulo />
    <SubTitulo />
    <Texto><![CDATA[<p class="identifica">Extrato de Contrato Administrativo 004/2022 SFA-PA</p><p>O presente Contrato Administrativo 004/2022, tem como objeto contratação da empresa F.F. GARCIA-COMERCIAL KALEDO, para fornecimento de água mineral por 182 (cento e oitenta dois dias) entre 12/08/2022 a 10/02/2023, valor do Contrato total R$ 13.800,00, Processo 21030.006463/2022-11.</p>]]></Texto>
  </body>
  <Midias />
</article></xml>