﻿<xml><article id="27696875" name="Extrato_TA_bRASCON" idOficio="7353581" pubName="DO3" artType="Extrato de Termo Aditivo" pubDate="25/08/2022" artClass="00013:00011:00026:00003:00008:00000:00000:00000:00000:00000:00054:00000" artCategory="Ministério da Defesa/Comando do Exército/Departamento de Educação e Cultura do Exército/Diretoria de Educação  Preparatória e Assistencial/Colégio Militar de Recife" artSize="12" artNotes="" numberPage="32" pdfPage="http://pesquisa.in.gov.br/imprensa/jsp/visualiza/index.jsp?data=25/08/2022&amp;jornal=530&amp;pagina=32" editionNumber="162" highlightType="" highlightPriority="" highlight="" highlightimage="" highlightimagename="" idMateria="14833825">
  <body>
    <Identifica><![CDATA[ EXTRATO DE TERMO ADITIVO Nº 3 UASG 160084]]></Identifica>
    <Data><![CDATA[]]></Data>
    <Ementa />
    <Titulo />
    <SubTitulo />
    <Texto><![CDATA[<p class="identifica">EXTRATO DE TERMO ADITIVO Nº 3 UASG 160084</p><p>Número do Contrato: 03/2019. Processo administrativo nº 64257.001101/2019-97. Pregão Eletrônico nº 10/2019 - CMR (160084). Termo Aditivo: 03. Contratante: Colégio Militar do Recife - CNPJ 09.586.596/0001-28. Contratada: BRASCON GESTÃO AMBIENTAL - CNPJ: 11.863.530/0001-97. Objeto: Contratação de serviços de coleta, transporte e tratamento de resíduos infectantes. Fundamentação: art. 65, inciso I, alínea "b", §§ 1º e 2º c/c 57, II, da Lei n.º 8.666, de 1993. Vigência: 19 de agosto de 2022 a 18 de agosto de 2023. Valor Mensal: R$ 221,38 (duzentos e vinte e oito reais e trinta e oito centavos). Valor Anual: R$ 2.656,56 (Dois mil, seiscentos e cinquenta e seis reais e cinquenta e seis centavos). Data da assinatura: 15 de agosto de 2022.</p>]]></Texto>
  </body>
  <Midias />
</article></xml>