﻿<xml><article id="27715464" name="2022-08-24/7354289/COMPRASNETWS_" idOficio="7354289" pubName="DO3" artType="Extrato de Termo Aditivo" pubDate="25/08/2022" artClass="00013:00010:00029:00002:00005:00020:00000:00000:00000:00000:00054:00001" artCategory="Ministério da Defesa/Comando da Aeronáutica/Secretaria de Economia e Finanças e Administração da Aeronáutica/Diretoria de Administração da Aeronáutica/Centro de Apoio Administrativo da Aeronáutica/Grupamento de Apoio de Belém" artSize="12" artNotes="" numberPage="16" pdfPage="http://pesquisa.in.gov.br/imprensa/jsp/visualiza/index.jsp?data=25/08/2022&amp;jornal=530&amp;pagina=16" editionNumber="162" highlightType="" highlightPriority="" highlight="" highlightimage="" highlightimagename="" idMateria="14834678">
  <body>
    <Identifica><![CDATA[ EXTRATO DE TERMO ADITIVO Nº 1/2022 - UASG 120628]]></Identifica>
    <Data><![CDATA[]]></Data>
    <Ementa />
    <Titulo />
    <SubTitulo />
    <Texto><![CDATA[<p class="identifica">EXTRATO DE TERMO ADITIVO Nº 1/2022 - UASG 120628</p><p>Número do Contrato: 108/2021.</p><p>Nº Processo: 67211.001442/2021-00.</p><p>Inexigibilidade. Nº 61081/2022. Contratante: GRUPAMENTO DE APOIO DE BELEM. Contratado: 02.835.793/0001-94 - CLINICA OFTALMED S/S LTDA. Objeto: Prestação de serviços de assistência médico hospitalar nas especialidades de oftalmologia,clínica médica, gastroenterologista e procedimentos especificados no anexo iii, conforme especificado no termo de credenciamento 108/babe-habe/2021, para atender aos usuários do fundo de saúde da aeronáutica (funsa).. Vigência: 10/06/2022 a 10/06/2023. Valor Total Atualizado do Contrato: R$ 30.000,00. Data de Assinatura: 10/06/2022.</p><p>(COMPRASNET 4.0 - 10/06/2022).</p>]]></Texto>
  </body>
  <Midias />
</article></xml>