﻿<xml><article id="27706956" name="AVISO DE SUSPENSAO PREGAO ELETRA" idOficio="7355551" pubName="DO3" artType="Aviso de Suspensão" pubDate="25/08/2022" artClass="00013:00010:00032:00000:00000:00000:00000:00000:00000:00000:00089:00000" artCategory="Ministério da Defesa/Comando da Aeronáutica/NAV Brasil Serviços de Navegação Aérea S.A." artSize="12" artNotes="FINAL VAL" numberPage="18" pdfPage="http://pesquisa.in.gov.br/imprensa/jsp/visualiza/index.jsp?data=25/08/2022&amp;jornal=530&amp;pagina=18" editionNumber="162" highlightType="" highlightPriority="" highlight="" highlightimage="" highlightimagename="" idMateria="14836580">
  <body>
    <Identifica><![CDATA[ AVISO DE SUSPENSÃOPREGÃO ELETRÔNICO Nº 10/2022 - UASG 928680]]></Identifica>
    <Data><![CDATA[]]></Data>
    <Ementa />
    <Titulo />
    <SubTitulo />
    <Texto><![CDATA[<p></p><p class="identifica">AVISO DE SUSPENSÃOPREGÃO ELETRÔNICO Nº 10/2022 - UASG 928680</p><p>PROCESSO ADMINISTRATIVO Nº SEDE-ADM-2022/00637</p><p>OBJETO: Seleção de proposta mais vantajosa para contratação de escritório de advocacia especializado na área trabalhista, para atuar nas demandas judiciais (contencioso) de natureza trabalhista, visando a proteção dos interesses da NAV Brasil, em todo território nacional. A Comissão de Licitação da NAV Brasil comunica a SUSPENSÃO da referida licitação para adequação do Edital. Os interessados deverão acompanhar o trâmite do processo pelo site da empresa: https://www.navbrasil.gov.br/licitacoes.</p><p class="assina">EDMILSON JOSÉ COSTA</p><p class="cargo">Presidente da Comissão</p>]]></Texto>
  </body>
  <Midias />
</article></xml>