﻿<xml><article id="27715750" name="Sidec_00206" idOficio="7355149" pubName="DO3" artType="Aviso de Anulação" pubDate="25/08/2022" artClass="00013:00011:00012:00017:00000:00000:00000:00000:00000:00000:00109:00207" artCategory="Ministério da Defesa/Comando do Exército/Comando Militar do Oeste/Base de Administração e Apoio do Comando Militar do Oeste" artSize="12" artNotes="" numberPage="27" pdfPage="http://pesquisa.in.gov.br/imprensa/jsp/visualiza/index.jsp?data=25/08/2022&amp;jornal=530&amp;pagina=27" editionNumber="162" highlightType="" highlightPriority="" highlight="" highlightimage="" highlightimagename="" idMateria="14836103">
  <body>
    <Identifica><![CDATA[ AVISO DE ANULAÇÃO]]></Identifica>
    <Data><![CDATA[]]></Data>
    <Ementa />
    <Titulo />
    <SubTitulo />
    <Texto><![CDATA[<p class="identifica">AVISO DE ANULAÇÃO</p><p class="identifica">PREGÃO Nº 8/2022</p><p>Fica anulada a licitação supracitada, referente ao processo Nº 65303003444202251 . Objeto: Pregão Eletrônico - Pregão 08/2022 - Aquisição de Material Permanente de Tecnologia da Informação</p><p class="assina">HUGO SERGIO DIAS AMARAL</p><p class="cargo">Ordenador de Despesas</p><p>(SIDEC - 24/08/2022) 160530-00001-2022NE000001</p>]]></Texto>
  </body>
  <Midias />
</article></xml>