﻿<xml><article id="27696977" name="24AGO22-2TA-TC-11-2020-ADVOCACIA" idOficio="7353624" pubName="DO3" artType="Extrato de Termo Aditivo" pubDate="25/08/2022" artClass="00013:00012:00004:00000:00000:00000:00000:00000:00000:00000:00054:00000" artCategory="Ministério da Defesa/Comando da Marinha/Amazônia Azul Tecnologias de Defesa S.A." artSize="12" artNotes="" numberPage="34" pdfPage="http://pesquisa.in.gov.br/imprensa/jsp/visualiza/index.jsp?data=25/08/2022&amp;jornal=530&amp;pagina=34" editionNumber="162" highlightType="" highlightPriority="" highlight="" highlightimage="" highlightimagename="" idMateria="14833853">
  <body>
    <Identifica><![CDATA[ EXTRATO DE TERMO ADITIVO]]></Identifica>
    <Data><![CDATA[]]></Data>
    <Ementa />
    <Titulo />
    <SubTitulo />
    <Texto><![CDATA[<p class="identifica">EXTRATO DE TERMO ADITIVO</p><p>SEGUNDO TERMO ADITIVO AO CONTRATO Nº 11/2020-02 - UASG 710300</p><p>NUP: 61985.000916/2020-70. Inexigibilidade de Licitação nº 04/2020. Objeto: adequação do escopo do contrato que impactou no valor contratado com redução na fase 1C, 2C e 3B e acréscimo na fase 2B, bem como a inclusão do CNPJ da filial no preâmbulo do acordo. Valor total estimado: R$ 1.720.000,00 (um milhão e setecentos e vinte mil reais). Contratada: ESCRITÓRIO DE ADVOCACIA CASTRO, SOBRAL E GOMES. CNPJ: 42.278.168/0001-03 e CNPJ: 42.278.168/0002-94. Fundamento legal: Lei nº 13.303/2016. Data da assinatura: 23/08/2022.</p>]]></Texto>
  </body>
  <Midias />
</article></xml>