﻿<xml><article id="27699369" name="Extrato de ConvAnio ref.0014.22" idOficio="7354137" pubName="DO3" artType="Extrato de Convênio" pubDate="25/08/2022" artClass="00011:00046:00000:00000:00000:00000:00000:00000:00000:00000:00032:00000" artCategory="Ministério da Ciência, Tecnologia e Inovações/Financiadora de Estudos e Projetos" artSize="12" artNotes="" numberPage="11" pdfPage="http://pesquisa.in.gov.br/imprensa/jsp/visualiza/index.jsp?data=25/08/2022&amp;jornal=530&amp;pagina=11" editionNumber="162" highlightType="" highlightPriority="" highlight="" highlightimage="" highlightimagename="" idMateria="14834491">
  <body>
    <Identifica><![CDATA[ EXTRATO DE CONVÊNIO]]></Identifica>
    <Data><![CDATA[]]></Data>
    <Ementa />
    <Titulo />
    <SubTitulo />
    <Texto><![CDATA[<p class="identifica">EXTRATO DE CONVÊNIO</p><p>Espécie: CH. PÚB. MCTI/FINEP/FNDCT/AÇÃO TRANSVERSAL - SOS EQUIPAMENTOS 2021 AV2; Referência: 0014/22; Data da Assinatura: 23/08/2022; Partes: Concedente: Financiadora de Estudos e Projetos - FINEP; CNPJ n. º 33.749.086/0001-09; Convenente: FUNDAÇÃO DE DESENVOLVIMENTO DA PESQUISA (FUNDEP); CNPJ nº 18.720.938/0001-41; Objeto: Projeto intitulado "Manutenção corretiva de equipamentos de grande porte da UFSM", Valor total: até R$ 332.920,73 (trezentos e trinta e dois mil, novecentos e vinte reais e setenta e três centavos) destinados ao Convenente por meio de aporte direto; Fonte: Ação Transversal; Prazo de Vigência e Execução Física e Financeira do Projeto: até 12 (doze) meses, a partir da data de assinatura do convênio; Prestação de Contas Final: até 60 (sessenta) dias contados da data do término da vigência.</p>]]></Texto>
  </body>
  <Midias />
</article></xml>