﻿<xml><article id="27695840" name="RETIFICAAAO AGUAS_DO_RIO" idOficio="7353271" pubName="DO3" artType="Retificação" pubDate="25/08/2022" artClass="00013:00011:00009:00008:00003:00000:00000:00000:00000:00000:00128:00000" artCategory="Ministério da Defesa/Comando do Exército/Comando Militar do Leste/1ª Região Militar/Base de Administração e Apoio da 1ª Região Militar" artSize="12" artNotes="" numberPage="20" pdfPage="http://pesquisa.in.gov.br/imprensa/jsp/visualiza/index.jsp?data=25/08/2022&amp;jornal=530&amp;pagina=20" editionNumber="162" highlightType="" highlightPriority="" highlight="" highlightimage="" highlightimagename="" idMateria="14833557">
  <body>
    <Identifica><![CDATA[ RETIFICAÇÃO]]></Identifica>
    <Data><![CDATA[]]></Data>
    <Ementa />
    <Titulo />
    <SubTitulo />
    <Texto><![CDATA[<p class="identifica">RETIFICAÇÃO</p><p>Retificação do EXTRATO DE TERMO DE ADESÃO Nº 1/2022 - UASG 160303 - B ADM AP/1 RM, publicado no Diário Oficial da União, Seção 3, Edição: 156, pág. 22, datada em 17/08/2022; Onde se lê: "Data de Assinatura: 22/06/2022", Leia-se: "Data de Assinatura: 22/07/2022".</p>]]></Texto>
  </body>
  <Midias />
</article></xml>