﻿<xml><article id="27713409" name="Sidec_00158__AF6A96" idOficio="7355149" pubName="DO3" artType="Aviso de Adiamento" pubDate="25/08/2022" artClass="00013:00010:00023:00012:00000:00000:00000:00000:00000:00000:00065:00159" artCategory="Ministério da Defesa/Comando da Aeronáutica/Departamento de Ciência e Tecnologia Aeroespacial/Grupamento de Apoio de São José dos Campos" artSize="12" artNotes="" numberPage="16" pdfPage="http://pesquisa.in.gov.br/imprensa/jsp/visualiza/index.jsp?data=25/08/2022&amp;jornal=530&amp;pagina=16" editionNumber="162" highlightType="" highlightPriority="" highlight="" highlightimage="" highlightimagename="" idMateria="14836053">
  <body>
    <Identifica><![CDATA[ AVISO DE ADIAMENTO]]></Identifica>
    <Data><![CDATA[]]></Data>
    <Ementa />
    <Titulo />
    <SubTitulo />
    <Texto><![CDATA[<p class="identifica">AVISO DE ADIAMENTO</p><p class="identifica">PREGÃO Nº 80/2022</p><p>Comunicamos o adiamento da licitação supracitada , publicada no D.O.U de 11/08/2022, .Entrega das Propostas: a partir de 11/08/2022, às 08h30 no site www.comprasnet.gov.br. Abertura das Propostas: 29/08/2022, às 09h00 no site www.comprasnet.gov.br. Objeto: Pregão Eletrônico - Contratação de treinamento online em Windows Server 2019 Administration , para 08 servidores/militares do Instituto de Aeronáutica e Espaço - IAE</p><p class="assina">RONALD JOSE PINTO</p><p class="cargo">Ordenador de Despesas</p><p>(SIDEC - 24/08/2022) 120016-00001-2022NE800412</p>]]></Texto>
  </body>
  <Midias />
</article></xml>