﻿<xml><article id="27706127" name="Aviso DOU Combate de Cavalaria M" idOficio="7355335" pubName="DO3" artType="Aviso" pubDate="25/08/2022" artClass="00013:00011:00007:00000:00000:00000:00000:00000:00000:00000:00108:00000" artCategory="Ministério da Defesa/Comando do Exército/Comando Logístico" artSize="12" artNotes="" numberPage="18" pdfPage="http://pesquisa.in.gov.br/imprensa/jsp/visualiza/index.jsp?data=25/08/2022&amp;jornal=530&amp;pagina=18" editionNumber="162" highlightType="" highlightPriority="" highlight="" highlightimage="" highlightimagename="" idMateria="14836327">
  <body>
    <Identifica><![CDATA[ AVISO]]></Identifica>
    <Data><![CDATA[Em 24 de agosto de 2022.]]></Data>
    <Ementa />
    <Titulo />
    <SubTitulo />
    <Texto><![CDATA[<p class="identifica">AVISO</p><p class="identifica">NOTA INFORMATIVA Nº 2 - VBC CAV-MSR 8X8</p><p>REQUEST FOR PROPOSAL (RFP) DO PROJETO DE OBTENÇÃO DA VIATURA BLINDADA DE COMBATE DE CAVALARIA MÉDIA SOBRE RODAS 8X8 (VBC CAV - MSR 8X8), PARA O EXÉRCITO BRASILEIRO.</p><p>O Exército Brasileiro, por meio do Comando Logístico (COLOG)/Diretoria de Material (D Mat), no contexto do Processo do REQUEST FOR PROPOSAL (RFP) - COLOG nº 01/2022, de 20 JUL 22, vem tornar público a seguinte informação: - A fim de padronizar o entendimento em relação ao Requisito Operacional 51 (ROA 51) e aos Requisitos Técnicos Absolutos 165 e 166 (RTA 165 e RTA 166) previstos nos Anexos II e III do REQUEST FOR PROPOSAL (RFP) - COLOG nº 01/2022, de 20 JUL 22, respectivamente, o COLOG informa que o designador laser, embora conste como RTA 165, não é o objetivo principal da Obtenção por Aquisição, e sim o telêmetro. DATA DA ASSINATURA:</p><p class="data">Em 24 de agosto de 2022.</p><p class="assina">DAVID VIEIRA DE MATOS JUNIOR - Cel</p><p class="cargo">Chefe da Divisão de Aquisições, Licitações e Contratos do Centro de Obtenções do Exército/COLOG.</p>]]></Texto>
  </body>
  <Midias />
</article></xml>