﻿<xml><article id="27696494" name="Extrato de Termo de Fomento - 92" idOficio="7353488" pubName="DO3" artType="Extrato" pubDate="25/08/2022" artClass="00008:00024:00047:00000:00000:00000:00000:00000:00000:00000:00172:00000" artCategory="Ministério da Cidadania/Secretaria Especial do Desenvolvimento Social/Secretaria Nacional de Cuidados e Prevenção às Drogas" artSize="12" artNotes="" numberPage="9" pdfPage="http://pesquisa.in.gov.br/imprensa/jsp/visualiza/index.jsp?data=25/08/2022&amp;jornal=530&amp;pagina=9" editionNumber="162" highlightType="" highlightPriority="" highlight="" highlightimage="" highlightimagename="" idMateria="14833705">
  <body>
    <Identifica><![CDATA[  Extrato DE termo de FOMENTO Nº 928437/2022]]></Identifica>
    <Data><![CDATA[]]></Data>
    <Ementa />
    <Titulo />
    <SubTitulo />
    <Texto><![CDATA[<p class="identifica">Extrato DE termo de FOMENTO Nº 928437/2022</p><p>ESPÉCIE: Termo de Fomento Nº 928437/2022, Nº Processo: 71000.012566/2022-46, Concedente: MINISTÉRIO DA CIDADANIA CNPJ Nº 05.526.783/0001-65, Convenente: ASSOCIAÇÃO COMUNIDADE FONTE DE MISERICÓRDIA CNPJ nº 08.198.782/0001-27, Objeto: Proporcionar melhorias ao atendimento ofertado na Associação Comunidade Fonte de Misericórdia através da aquisição de veículo. Valor Total: R$ 100.942,37, Valor da Contrapartida: R$ 942,37, Valor a ser transferido ou descentralizado por exercício: 2022 - R$ 100.000,00 Crédito Orçamentário: Num Empenho: 2022NE000763, Valor: R$ 100.000,00, PTRES: 212370, Fonte Recurso: 188, ND: 44.50.41, Vigência: 23/08/2022 a 23/08/2023, Data de Assinatura: 23/08/2022, Signatários: Concedente: QUIRINO CORDEIRO JÚNIOR CPF nº ***.496.788-**, Convenente: ROSILENE MADALENA DE OLIVEIRA AMORA CPF nº ***.026.399-**.</p>]]></Texto>
  </body>
  <Midias />
</article></xml>