﻿<xml><article id="27694540" name="pub 2022 08 24 - Resultado Julga" idOficio="7353108" pubName="DO3" artType="Resultado de Julgamento" pubDate="25/08/2022" artClass="00007:00060:00113:00000:00000:00000:00000:00000:00000:00000:00120:00000" artCategory="Ministério da Agricultura, Pecuária e Abastecimento/Empresa Brasileira de Pesquisa Agropecuária/Embrapa Alimentos e Territórios" artSize="12" artNotes="" numberPage="8" pdfPage="http://pesquisa.in.gov.br/imprensa/jsp/visualiza/index.jsp?data=25/08/2022&amp;jornal=530&amp;pagina=8" editionNumber="162" highlightType="" highlightPriority="" highlight="" highlightimage="" highlightimagename="" idMateria="14833307">
  <body>
    <Identifica><![CDATA[ Resultado de Julgamento ]]></Identifica>
    <Data><![CDATA[]]></Data>
    <Ementa />
    <Titulo />
    <SubTitulo />
    <Texto><![CDATA[<p class="identifica">Resultado de Julgamento</p><p class="identifica">Licitação Embrapa nº 1/2022</p><p>Especie: Resultado da Licitação Embrapa nº 1/2022 - UASG: 130240. Processo nº 21148.000427/2020-65. Objeto: Prestação de serviços especializados em desenvolvimento de anteprojetos, projetos básicos e executivos complementares para a construção da Sede da Embrapa Alimentos e Territórios - CNAT, situada na Comunidade Saúde, Maceió/AL. Empresa vencedora: JPM Arquitetura Ltda. (CNPJ: 17.128.139/0001-18). Valor Global: R$ 877.000,00.</p><p class="assina">FÁBIO SOARES SILVA</p><p class="cargo">Chefe Adjunto de Administração</p>]]></Texto>
  </body>
  <Midias />
</article></xml>