﻿<xml><article id="27714078" name="2022-08-22/7348236/siasgnet_1482" idOficio="7348236" pubName="DO3" artType="Aviso de Licitação-Pregão" pubDate="25/08/2022" artClass="00011:00044:00012:00005:00000:00000:00000:00000:00000:00000:00164:00001" artCategory="Ministério da Ciência, Tecnologia e Inovações/Comissão Nacional de Energia Nuclear/Diretoria de Pesquisa e Desenvolvimento/Centro de Desenvolvimento da Tecnologia Nuclear" artSize="12" artNotes="" numberPage="10" pdfPage="http://pesquisa.in.gov.br/imprensa/jsp/visualiza/index.jsp?data=25/08/2022&amp;jornal=530&amp;pagina=10" editionNumber="162" highlightType="" highlightPriority="" highlight="" highlightimage="" highlightimagename="" idMateria="14826335">
  <body>
    <Identifica><![CDATA[ AVISO DE LICITAÇÃO]]></Identifica>
    <Data><![CDATA[]]></Data>
    <Ementa />
    <Titulo />
    <SubTitulo />
    <Texto><![CDATA[<p class="identifica">AVISO DE LICITAÇÃO</p><p class="identifica">Pregão Eletrônico Nº 213/2022 - UASG 113205</p><p>Nº Processo: 01344.000615/2022. Objeto: Aquisição de Óleo para bomba difusora de vácuo Santovac 5 - 1500 mililitros (Observar descrição do Termo de referência, atentando para descrito no item 1.2 do edital 213/22). Total de Itens Licitados: 1. Edital: 25/08/2022 das 08h00 às 11h00 e das 13h00 às 16h00. Endereço: Avenida Presidente Antonio Carlos, 6627 Campus da Ufmg-pampulha, - Belo Horizonte/MG ou https://www.gov.br/compras/edital/113205-5-00213-2022. Entrega das Propostas: a partir de 25/08/2022 às 08h00 no site www.gov.br/compras. Abertura das Propostas: 06/09/2022 às 08h30 no site www.gov.br/compras. Informações Gerais: .</p><p class="assina">DIEGO DUARTE SALES</p><p class="cargo">Pregoeiro</p><p>(SIASGnet - 22/08/2022) 113205-11501-2022NE800030</p>]]></Texto>
  </body>
  <Midias />
</article></xml>