﻿<xml><article id="27716098" name="2022-08-24/7355257/SICONV_148362" idOficio="7355257" pubName="DO3" artType="Extrato de Convênio" pubDate="25/08/2022" artClass="00007:00049:00000:00000:00000:00000:00000:00000:00000:00000:00032:00001" artCategory="Ministério da Agricultura, Pecuária e Abastecimento/Secretaria de Inovação, Desenvolvimento Sustentável e Irrigação" artSize="12" artNotes="" numberPage="5" pdfPage="http://pesquisa.in.gov.br/imprensa/jsp/visualiza/index.jsp?data=25/08/2022&amp;jornal=530&amp;pagina=5" editionNumber="162" highlightType="" highlightPriority="" highlight="" highlightimage="" highlightimagename="" idMateria="14836258">
  <body>
    <Identifica><![CDATA[ EXTRATO DE TERMO ADITIVO]]></Identifica>
    <Data><![CDATA[]]></Data>
    <Ementa />
    <Titulo />
    <SubTitulo />
    <Texto><![CDATA[<p class="identifica">EXTRATO DE TERMO ADITIVO</p><p>Espécie: Termo Aditivo de Alteração da Vigência Nº 000003/2022 ao Convênio Nº 892407/2019. Convenentes: Concedente: MINISTÉRIO DA AGRICULTURA, PECUARIA E ABASTECIMENTO, Unidade Gestora: 130005. Convenente: SECRETARIA DE ESTADO DA AGRICULTURA - SEAGRI, CNPJ nº 03682401000167. Prorrogação de Vigência. Valor Total: R$ 6.244.240,00, Valor de Contrapartida: R$ 10.000,00, Vigência: 18/08/2022 a 29/10/2022. Data de Assinatura: 31/12/2019. Signatários: Concedente: CLEBER OLIVEIRA SOARES, CPF nº 61672793572, Convenente: JANDERSON RODRIGUES DALAZEN, CPF nº 932.197.172-68.</p>]]></Texto>
  </body>
  <Midias />
</article></xml>