﻿<xml><article id="27702295" name="SPM-018-ECT-00436986" idOficio="7354657" pubName="DO3" artType="Extrato de Contrato" pubDate="25/08/2022" artClass="00012:00017:00049:00007:00000:00000:00000:00000:00000:00000:00031:00000" artCategory="Ministério das Comunicações/Empresa Brasileira de Correios e Telégrafos/Diretoria de Governança e Estratégia/Superintendência Estadual N1 SPM" artSize="12" artNotes="" numberPage="13" pdfPage="http://pesquisa.in.gov.br/imprensa/jsp/visualiza/index.jsp?data=25/08/2022&amp;jornal=530&amp;pagina=13" editionNumber="162" highlightType="" highlightPriority="" highlight="" highlightimage="" highlightimagename="" idMateria="14835233">
  <body>
    <Identifica><![CDATA[ EXTRATOS DE CONTRATOS]]></Identifica>
    <Data><![CDATA[]]></Data>
    <Ementa />
    <Titulo />
    <SubTitulo />
    <Texto><![CDATA[<p class="identifica">EXTRATOS DE CONTRATOS</p><p>Contrato Nº 1249/2022 - SE/RS; Data da Assinatura: 23/08//2022; Contratada: CAETITÉ CAMINHÕES EIRELI - ME; Objeto: Prestação de Serviços de Execução Indireta de Serviços para Entrega de Encomendas; Origem: Pregão Eletrônico nº 21000036 2021 - SE/RS; Vigência: 23/08//2022 a 23/08/2023; Valor Total: R$ 595.542,00; Conta Orçamentária: 64011.44403.190004.</p><p>Contrato Nº 1312-2022 - SE/RJ; Data da Assinatura: 23/08//2022; Contratada: COMPRESE CONSTRUTORA EIRELI; Objeto: Prestação de Serviço de Capina, Roçada e Poda em Unidades dos Correios da Superintendência Estadual do Rio de Janeiro, com a Remoção e Descarte dos Resíduos Resultantes da Prestação do Serviço; Origem: Pregão Eletrônico nº 22000019/2022 - SE/RJ; Vigência: 23/08//2022 a 23/12/2022; Valor Total: R$ 121.467,13; Conta Orçamentária: 50011.44403.030003.</p><p>Contrato Nº 1311-2022 - SE/SPM; Data da Assinatura: 23/08//2022; Contratada: MADELIDER COMERCIAL EIRELI; Objeto: Aquisição de Cadeiras Ergonômicas Diversas; Origem: Pregão Eletrônico nº 021/2022 - SE/SPM; Vigência: 23/08//2022 a 23/08/2023; Valor Total: R$ 63.427,60; Conta Orçamentária: 72F01 12402 010001.</p><p>Contrato Nº 1320-2022 - SE/ES; Data da Assinatura: 23/08//2022; Contratada: ALFORGE SEGURANÇA PATRIMONIAL LTDA; Objeto: Prestação de Serviços de Vigilância Ostensiva em Unidades dos Correios, no Estado do Espírito Santo; Origem: Pregão Eletrônico nº 023/2022; Vigência: 23/08//2022 a 23/02/2025; Valor Total: R$ 35.765,90; Conta Orçamentária: 14011.44403.040000.</p>]]></Texto>
  </body>
  <Midias />
</article></xml>