﻿<xml><article id="27714909" name="2022-08-24/7353289/siasgnet_1483" idOficio="7353289" pubName="DO3" artType="Aviso de Licitação-Pregão" pubDate="25/08/2022" artClass="00013:00011:00010:00002:00010:00000:00000:00000:00000:00000:00164:00001" artCategory="Ministério da Defesa/Comando do Exército/Comando Militar do Nordeste/1º Grupamento de Engenharia/7º Batalhão de Engenharia de Combate" artSize="12" artNotes="" numberPage="21" pdfPage="http://pesquisa.in.gov.br/imprensa/jsp/visualiza/index.jsp?data=25/08/2022&amp;jornal=530&amp;pagina=21" editionNumber="162" highlightType="" highlightPriority="" highlight="" highlightimage="" highlightimagename="" idMateria="14833471">
  <body>
    <Identifica><![CDATA[ AVISO DE LICITAÇÃO]]></Identifica>
    <Data><![CDATA[]]></Data>
    <Ementa />
    <Titulo />
    <SubTitulo />
    <Texto><![CDATA[<p class="identifica">AVISO DE LICITAÇÃO</p><p class="identifica">Pregão Eletrônico Nº 16/2022 - UASG 160343</p><p>Nº Processo: 64036002655202210. Objeto: Serviços de Manutenção de Carrocerias e Confecção de Toldos e Portas para Viaturas utilizados pelo 7º Batalhão de Engenharia de Combate. Total de Itens Licitados: 24. Edital: 25/08/2022 das 09h00 às 11h30 e das 13h30 às 16h30. Endereço: Rua Djalma Maranhao, 641 - Nova Descoberta, - Natal/RN ou https://www.gov.br/compras/edital/160343-5-00016-2022. Entrega das Propostas: a partir de 25/08/2022 às 09h00 no site www.gov.br/compras. Abertura das Propostas: 09/09/2022 às 09h00 no site www.gov.br/compras. Informações Gerais: .</p><p class="assina">LEONARDO ATICO FERREIRA DE MELO</p><p class="cargo">Ordenador de Despesas</p><p>(SIASGnet - 24/08/2022) 160343-00001-2022NE000001</p>]]></Texto>
  </body>
  <Midias />
</article></xml>