﻿<xml><article id="27700459" name="Result. Preliminar - Chamada CNP" idOficio="7354357" pubName="DO3" artType="Resultado de Julgamento" pubDate="25/08/2022" artClass="00011:00047:00009:00000:00000:00000:00000:00000:00000:00000:00120:00000" artCategory="Ministério da Ciência, Tecnologia e Inovações/Conselho Nacional de Desenvolvimento Científico e Tecnológico/Diretoria de Cooperação Institucional" artSize="12" artNotes="" numberPage="11" pdfPage="http://pesquisa.in.gov.br/imprensa/jsp/visualiza/index.jsp?data=25/08/2022&amp;jornal=530&amp;pagina=11" editionNumber="162" highlightType="" highlightPriority="" highlight="" highlightimage="" highlightimagename="" idMateria="14834751">
  <body>
    <Identifica><![CDATA[ AVISO]]></Identifica>
    <Data><![CDATA[ Brasília/DF, 24 de agosto de 2022]]></Data>
    <Ementa />
    <Titulo />
    <SubTitulo />
    <Texto><![CDATA[<p class="identifica">AVISO</p><p>CONCEDENTE: O CNPq torna público que se encontra disponível na Página do CNPq, a partir de 23/08/2022, endereço https://www.gov.br/cnpq/pt-br, o Resultado Preliminar do julgamento da Chamada CNPq/PIBIC-EM Nº 35/2022 - Programa Institucional de Bolsas de Iniciação Científica no Ensino Médio (PIBIC-EM) 2022/2024.</p><p class="data">Brasília/DF, 24 de agosto de 2022</p><p class="assina">Maria Zaira Turchi</p><p class="cargo">Diretora de Cooperação Institucional</p>]]></Texto>
  </body>
  <Midias />
</article></xml>