﻿<xml><article id="27697869" name="Extrato ata pregao 02-2022" idOficio="7353826" pubName="DO3" artType="Extrato da Ata" pubDate="25/08/2022" artClass="00013:00012:00027:00005:00016:00000:00000:00000:00000:00000:00182:00000" artCategory="Ministério da Defesa/Comando da Marinha/Diretoria-Geral do Pessoal/Diretoria de Ensino/Serviço de Seleção do Pessoal" artSize="12" artNotes="" numberPage="37" pdfPage="http://pesquisa.in.gov.br/imprensa/jsp/visualiza/index.jsp?data=25/08/2022&amp;jornal=530&amp;pagina=37" editionNumber="162" highlightType="" highlightPriority="" highlight="" highlightimage="" highlightimagename="" idMateria="14834075">
  <body>
    <Identifica><![CDATA[ EXTRATO DE REGISTRO DE PREÇOS]]></Identifica>
    <Data><![CDATA[]]></Data>
    <Ementa />
    <Titulo />
    <SubTitulo />
    <Texto><![CDATA[<p class="identifica">EXTRATO DE REGISTRO DE PREÇOS</p><p>Registrador: Servico de Selecao do Pessoal da Marinha, CNPJ: 00.394.502/0130-41. Especie: Ata de Registro de Precos 07, 08, 09, 10, 11, 12 e 13/2022, respectivamente; Objeto: Registro de precos para eventual aquisicao de generos alimenticios; Licitacao: Pregao Eletronico 02/2022; Prazo de Vigencia: doze meses; Data de Assinatura 15/08/2022. CONTRATADAS: WS DISTRIBUIDORA DE ALIMENTOS LTDA CNPJ: 01.220.638/0001-09. Preco registrado: item 01: R$ 11.228,24, item 02: R$ 14.330,78 e item 06: R$ 35.014,38; AGUA MINERAL OASIS DA SAÚDE LTDA CNPJ: 09.176.323/0001-05. Preco registrado: Item 11: R$ 14.880,00; ECCAGIO COMERCIO DE ALIMENTOS LTDA CNPJ 10.511.650/0001-55. Preco registrado: item 07: 1.080,00; FRESH FOOD COMERCIO DE GENEROS ALIMENTICIOS LTDA-EPP CNPJ 14.263.869/0001-33 Preco registrado: item 03: 9.159,88, item 09 R$ 18.960,00; FREZZO ALIMENTOS INDUSTRIA E COMERCIO EIRELLI CNPJ 23.880.193/0001-18. Preco registrado: item 08: 97.286,79, item 10: R$ 32.428,93; SOMOS 3 DISTRIBUIDORA DE ALIMENTOS LTDA EPP CNPJ 44.404.764/0001-18. Preco registrado: item 05: 48.820,50; COMAX COMERCIO DE ALIMENTOS LTDA CNPJ 74.116.898/0001-02. Preco registrado: item 04: 27.479,64.</p>]]></Texto>
  </body>
  <Midias />
</article></xml>