﻿<xml><article id="27702277" name="PR-020-ECT-00016205" idOficio="7354657" pubName="DO3" artType="Extrato de Contrato" pubDate="25/08/2022" artClass="00012:00017:00049:00009:00000:00000:00000:00000:00000:00000:00031:00000" artCategory="Ministério das Comunicações/Empresa Brasileira de Correios e Telégrafos/Diretoria de Governança e Estratégia/Superintendência Estadual N2 PR" artSize="12" artNotes="" numberPage="13" pdfPage="http://pesquisa.in.gov.br/imprensa/jsp/visualiza/index.jsp?data=25/08/2022&amp;jornal=530&amp;pagina=13" editionNumber="162" highlightType="" highlightPriority="" highlight="" highlightimage="" highlightimagename="" idMateria="14835226">
  <body>
    <Identifica><![CDATA[ EXTRATO DE CONTRATO]]></Identifica>
    <Data><![CDATA[]]></Data>
    <Ementa />
    <Titulo />
    <SubTitulo />
    <Texto><![CDATA[<p class="identifica">EXTRATO DE CONTRATO</p><p>Contrato nº 0532/2022. Data da assinatura: 15/08/2022. Objeto: Locação de imóvel para abrigar a Ac Nossa Senhora das Graças em Nossa Senhora da Graças/Pr. Valor Global: R$ 81.000,00. Contratado: Lindaura Fernandes Resende e outro. Período de Vigência: 01/09/2023 a 01/09/2028. Processo: 53107.00333/2022-82</p>]]></Texto>
  </body>
  <Midias />
</article></xml>