﻿<xml><article id="27715729" name="Sidec_00190" idOficio="7355149" pubName="DO3" artType="Extrato de Inexigibilidade de Licitação" pubDate="25/08/2022" artClass="00013:00011:00010:00017:00012:00153:00000:00000:00000:00000:00041:00191" artCategory="Ministério da Defesa/Comando do Exército/Comando Militar do Nordeste/7ª Divisão de Exército/10ª Brigada de Infantaria Motorizada/72º Batalhão de Infantaria Motorizado" artSize="12" artNotes="" numberPage="24" pdfPage="http://pesquisa.in.gov.br/imprensa/jsp/visualiza/index.jsp?data=25/08/2022&amp;jornal=530&amp;pagina=24" editionNumber="162" highlightType="" highlightPriority="" highlight="" highlightimage="" highlightimagename="" idMateria="14836087">
  <body>
    <Identifica><![CDATA[ EXTRATO DE INEXIGIBILIDADE DE LICITAÇÃO Nº 8/2022  - UASG 160183]]></Identifica>
    <Data><![CDATA[]]></Data>
    <Ementa />
    <Titulo />
    <SubTitulo />
    <Texto><![CDATA[<p class="identifica">EXTRATO DE INEXIGIBILIDADE DE LICITAÇÃO Nº 8/2022 - UASG 160183</p><p>Nº Processo: 64108019451202138 . Objeto: Contratação de prestadores de serviço autônomo para coleta, transporte e distribuição de água potável no semiárido nordestino. Total de Itens Licitados: 00675. Fundamento Legal: Art. 25º, Caput da Lei nº 8.666 de 21º/06/1993.. Justificativa: Portaria Interministerial nº 01, de 25/07/12, alterada pela Portaria Interministerial nº 02, de 27/03/15, ambas dos MI e MD. Declaração de Inexigibilidade em 04/08/2022. REGIS FERNANDO DA SILVA. Ordenador de Despesas do 72º Batalhão de Infantaria Motorizado.. Ratificação em 22/08/2022. FRANCISCO CARLOS MACHADO SILVA. Comandante da 7ª Região Militar. Valor Global: R$ 50.242.585,39. CPF CONTRATADA : 000.557.365-30 GENICLEI DE SOUSA VIANA. Valor: R$ 63.406,64. CPF CONTRATADA : 000.579.655-52 ENIVELTON JOSE DE SANTANA. Valor: R$ 63.897,38. CPF CONTRATADA : 001.121.495-37 FABIO CAVALCANTE TORRES. Valor: R$ 96.000,00. CPF CONTRATADA : 001.209.295-97 JILSONEYDSON DOS SANTOS ARAUJO. Valor: R$ 77.033,37. CPF CONTRATADA : 001.890.765-26 LAUDELINO ROQUE DE SOUZA. Valor: R$ 65.019,13. CPF CONTRATADA : 002.040.815-30 DORIMAR MARQUES DOS SANTOS. Valor: R$ 74.955,70. CPF CONTRATADA : 002.125.445-19 LUCAS DE FRANCA AMORIM. Valor: R$ 57.226,35. CPF CONTRATADA : 004.204.045-03 JAIRO DIAS GOMES. Valor: R$ 56.982,41. CPF CONTRATADA : 004.208.895-07 JOSE FERREIRADE SOUZA. Valor: R$ 64.550,82. CPF CONTRATADA : 004.378.295-70 ABIMAEL GONCALVES DOS SANTOS. Valor: R$ 62.014,60. CPF CONTRATADA : 004.646.495-60 JOAREZ TORES DA SILVA. Valor: R$ 72.898,66. CPF CONTRATADA : 005.080.765-01 WILSON DE SANTANA FERREIRA. Valor: R$ 61.086,86. CPF CONTRATADA : 005.393.815-19 RONE FELIX DACUNHA. Valor: R$ 78.065,20. CPF CONTRATADA : 006.982.315-46 EDNALDO NOGUEIRA SILVA. Valor: R$ 65.440,20. CPF CONTRATADA : 007.414.285-20 GILVAN NOGUEIRA COSTA. Valor: R$ 66.066,37. CPF CONTRATADA : 007.514.275-94 JOSE DE SOUZARIBEIRO NETO. Valor: R$ 65.871,07. CPF CONTRATADA : 007.774.405-55 MARCIO DE CARVALHO RAMOS. Valor: R$ 69.381,01. CPF CONTRATADA : 007.910.035-07 ADELSON ALEXANDRE SOBRINHO. Valor: R$ 68.005,68. CPF CONTRATADA : 007.961.264-45 JOSE ROBERTO DOS SANTOS FILHO. Valor: R$ 70.927,62. CPF CONTRATADA : 008.197.491-41 GIDEILSON CAVALCANTE BASTOS. Valor: R$ 71.239,75. CPF CONTRATADA : 008.234.198-27 OSVALDO ANTAOALVES. Valor: R$ 96.000,00. CPF CONTRATADA : 008.449.464-60 MARTINIANO JOSE RIBEIRO NETO. Valor: R$ 78.632,28. CPF CONTRATADA : 009.113.154-54 CARLOS JOSE OLIVEIRA DE SOUZA. Valor: R$ 78.251,99. CPF CONTRATADA : 009.282.815-90 JOSE DA COSTATORRES FILHO. Valor: R$ 96.000,00. CPF CONTRATADA : 009.776.894-41 ECLASIO JOSE DE BRITO. Valor: R$ 96.000,00. CPF CONTRATADA : 009.875.624-95 DERCIO ANTONIO BARBOSA. Valor: R$ 56.880,26. CPF CONTRATADA : 010.295.105-55 EDIVALDO OLIVEIRA DE SOUZA. Valor: R$ 64.180,02. CPF CONTRATADA : 010.873.038-77 NAPOLEAO MARINHO DE CARVALHO. Valor: R$ 96.000,00. CPF CONTRATADA : 011.097.413-16 EDJAN RODRIGUES DA SILVA. Valor: R$ 70.600,84. CPF CONTRATADA : 011.493.573-47 EDILTON AMORIM DE OLIVEIRA. Valor: R$ 79.415,66. CPF CONTRATADA : 011.691.911-69 ARILTON DOS SANTOS SOUZA. Valor: R$ 65.800,90. CPF CONTRATADA : 012.073.013-88 FRANCISCO RONALDO ALVES DA SILVA. Valor: R$ 87.460,13. CPF CONTRATADA : 012.098.024-06 FRANCISMAR DESANTANA MARCIANO. Valor: R$ 64.761,18. CPF CONTRATADA : 012.120.985-79 EZEQUIAS SANTANA FERREIRA. Valor: R$ 96.000,00. CPF CONTRATADA : 012.445.335-05 VENANCIO SILVA DA COSTA. Valor: R$ 59.798,87. CPF CONTRATADA : 013.649.815-99 MANOEL DA COSTA SILVA. Valor: R$ 72.655,19. CPF CONTRATADA : 013.906.415-03 EDSON SILVA OLIVEIRA. Valor: R$ 66.984,03. CPF CONTRATADA : 013.915.574-09 JUAREZ GOMES DE MACEDO. Valor: R$ 58.989,36. CPF CONTRATADA : 014.257.844-45 FABIO JUNIOR COELHO BARBOSA. Valor: R$ 96.000,00. CPF CONTRATADA : 014.441.715-42 LUCIJANIO AMORIM NUNES. Valor: R$ 72.171,03. CPF CONTRATADA : 014.506.604-52 ANTONIO FERREIRA DE OLIVEIRA. Valor: R$ 63.574,20. CPF CONTRATADA : 014.842.604-22 MARCELO FERNANDO DA SILVA. Valor: R$ 70.940,72. CPF CONTRATADA : 016.589.405-98 HAROLDO AZEVEDO DA SILVA. Valor: R$ 66.224,69. CPF CONTRATADA : 018.526.253-84 EDILSON RODRIGUES DA SILVA. Valor: R$ 62.395,51. CPF CONTRATADA : 018.536.121-89 MACIEL BARBOSA OLIVEIRA. Valor: R$ 96.000,00. CPF CONTRATADA : 018.606.363-65 CICERO FEITOSA DA SILVA. Valor: R$ 77.887,37. CPF CONTRATADA : 019.264.064-00 JOSE BATISTA DE SOUZA. Valor: R$ 64.124,01. CPF CONTRATADA : 019.362.195-90 JOSIVAN AMORIM BRASILEIRO. Valor: R$ 66.198,95. CPF CONTRATADA : 019.566.955-08 DJALMA SILVA BORGES. Valor: R$ 96.000,00. CPF CONTRATADA : 019.595.054-24 CARLOS NEI PEIXOTO MIRANDA. Valor: R$ 96.000,00. CPF CONTRATADA : 019.653.725-89 ABRAAO DE CASTRO GALVAO. Valor: R$ 69.432,61. CPF CONTRATADA : 019.963.455-67 AMILTON MARTINS DOS SANTOS. Valor: R$ 71.639,37. CPF CONTRATADA : 020.262.144-84 JOSILAN GOMESRODRIGUES. Valor: R$ 74.753,14. CPF CONTRATADA : 020.606.024-67 JOSMALDO ANTONIO DE QUEIROZ. Valor: R$ 96.000,00. CPF CONTRATADA : 021.183.234-09 VALDECI TAVARES DA SILVA. Valor: R$ 73.868,84. CPF CONTRATADA : 021.271.434-18 ANTONIO ALENCAR NETO FILHO. Valor: R$ 59.972,30. CPF CONTRATADA : 021.712.413-57 REGINALDO COELHO PAIXAO. Valor: R$ 96.000,00. CPF CONTRATADA : 021.830.075-16 MILTON GALVAODA SILVA JUNIOR. Valor: R$ 65.372,60. CPF CONTRATADA : 022.024.385-99 JAIME GUIMARAES SANTOS. Valor: R$ 96.000,00. CPF CONTRATADA : 022.026.744-89 JOECIO DE LIMA. Valor: R$ 72.052,38. CPF CONTRATADA : 022.753.045-41 JOEDES FERREIRA RIBEIRO. Valor: R$ 66.048,06. CPF CONTRATADA : 022.862.664-17 REGINALDO GOMES GUIMARAES. Valor: R$ 66.054,90. CPF CONTRATADA : 022.963.035-95 GLEISON DA SILVA NOGUEIRA. Valor: R$ 68.505,43. CPF CONTRATADA : 023.161.914-60 JOAO GOMES DEALENCAR. Valor: R$ 51.051,96. CPF CONTRATADA : 023.164.574-01 JOSE JOSIVAN DOS HUMILDES COELHO. Valor: R$ 96.000,00. CPF CONTRATADA : 023.599.713-79 ANTAO CAVALCANTE DO NASCIMENTO. Valor: R$ 96.000,00. CPF CONTRATADA : 023.604.314-55 JUSCELINO RIBEIRO COELHO. Valor: R$ 58.709,05. CPF CONTRATADA : 023.605.914-95 JOSE PAULINO DA SILVA. Valor: R$ 73.196,55. CPF CONTRATADA : 023.795.174-60 ANGELBERTO ANTUNES PEREIRA. Valor: R$ 96.000,00. CPF CONTRATADA : 024.244.323-09 ALESSANDRO BRAGA DIAS. Valor: R$ 68.595,01. CPF CONTRATADA : 024.408.974-42 JOSE ALDIVAN DAMASCENO CAMPOS. Valor: R$ 96.000,00. CPF CONTRATADA : 025.226.395-28 ELDER PEREIRADE MELO. Valor: R$ 56.687,17. CPF CONTRATADA : 025.460.794-25 GIVANILDO AMORIM DOS SANTOS. Valor: R$ 66.779,34. CPF CONTRATADA : 025.760.344-11 FRANCISCO DE ASSIS RODRIGUES SALES. Valor: R$ 76.210,27. CPF CONTRATADA : 025.971.451-82 ABENILIO AIRES DE AMORIM JUNIOR. Valor: R$ 96.000,00. CPF CONTRATADA : 025.973.295-85 LECIANO DE OLIVEIRA NOGUEIRA. Valor: R$ 66.884,25. CPF CONTRATADA : 025.995.534-58 EDINALDO ANTUNES DE SOUSA. Valor: R$ 78.817,66. CPF CONTRATADA : 026.025.874-19 MARCELO AUGUSTO COELHO DE MACEDO. Valor: R$ 68.159,84. CPF CONTRATADA : 026.134.125-18 AMILTON CARVALHO SILVA. Valor: R$ 65.705,64. CPF CONTRATADA : 026.167.174-09 ERONALDO MOREIRA DE SA. Valor: R$ 80.921,18. CPF CONTRATADA : 026.266.684-78 MARCIANO AMORIM GOMES. Valor: R$ 61.876,96. CPF CONTRATADA : 026.409.174-47 JOSE RODRIGUES DE ALBUQUERQUE. Valor: R$ 71.650,15. CPF CONTRATADA : 026.588.903-03 ALUISIO DOS REIS MACEDO. Valor: R$ 84.225,88. CPF CONTRATADA : 026.749.574-92 MARIO SERGIO COELHO DE MACEDO. Valor: R$ 96.000,00. CPF CONTRATADA : 026.792.534-42 JAILSON SIQUEIRA SOBRAL. Valor: R$ 58.111,23. CPF CONTRATADA : 026.806.384-25 MALAN ANTONIOGOMES. Valor: R$ 73.155,20. CPF CONTRATADA : 026.852.014-32 FLAVIO CEZA SOUZA COELHO. Valor: R$ 55.861,68. CPF CONTRATADA : 026.899.434-09 VALDEMAR RODRIGUES DE LIMA. Valor: R$ 57.086,99. CPF CONTRATADA : 027.001.754-25 GILBERTO MENDES DA SILVA. Valor: R$ 96.000,00. CPF CONTRATADA : 027.473.564-42 GENIVALDO JOSE DA PAIXAO. Valor: R$ 81.308,92. CPF CONTRATADA : 027.571.674-05 PLACIDO DE MACEDO RODRIGUES. Valor: R$ 69.797,72. CPF CONTRATADA : 027.745.174-43 GENILSON DE SOUZA VIANA. Valor: R$ 96.000,00. CPF CONTRATADA : 027.980.584-57 FRANCISCO ELIO DA SILVA. Valor: R$ 72.048,24. CPF CONTRATADA : 028.217.564-45 JOSE LUCIANO DE OLIVEIRA. Valor: R$ 96.000,00. CPF CONTRATADA : 028.241.885-70 LEANDRO NOGUEIRA DOS PASSOS CASTRO. Valor: R$ 63.569,20. CPF CONTRATADA : 028.257.664-96 RONALDO RIBEIRO GRANJA. Valor: R$ 96.000,00. CPF CONTRATADA : 028.400.474-03 FELIPE COELHODE OLIVEIRA. Valor: R$ 96.000,00. CPF CONTRATADA : 029.196.114-29 GILDEMAR SOARES SOUZA. Valor: R$ 75.606,35. CPF CONTRATADA : 029.258.784-82 IVANILDO ALVES DE SOUZA. Valor: R$ 60.679,52. CPF CONTRATADA : 029.909.124-44 DAVI ANTUNES PEREIRA. Valor: R$ 96.000,00. CPF CONTRATADA : 029.982.755-08 MERENILTON PEREIRA LIMA. Valor: R$ 62.945,11. CPF CONTRATADA : 029.985.665-88 LUCAS PASSOS BORGES. Valor: R$ 68.421,91. CPF CONTRATADA : 030.101.444-23 JOAO DOS SANTOS FERREIRA. Valor: R$ 71.618,18. CPF CONTRATADA : 030.292.685-27 JOSEAN DE ANDRADE SILVA. Valor: R$ 68.185,60. CPF CONTRATADA : 030.336.204-93 VANUSIO PEREIRA DE MELO. Valor: R$ 42.521,62. CPF CONTRATADA : 030.924.244-41 CICERO PEREIRA DE LIMA. Valor: R$ 72.547,52. CPF CONTRATADA : 031.201.064-88 CARLOS AUGUSTO DOS SANTOS. Valor: R$ 53.701,66. CPF CONTRATADA : 031.504.825-50 ANTONIO DOS PASSOS SOUZA. Valor: R$ 65.389,96. CPF CONTRATADA : 031.965.634-99 JOSE DE CARVALHO PEREIRA. Valor: R$ 52.518,42. CPF CONTRATADA : 031.968.324-90 JOSIEL DAMASCENO ASSIS. Valor: R$ 78.404,17. CPF CONTRATADA : 032.016.314-85 LUCIVALDO DOSSANTOS ALVES. Valor: R$ 96.000,00. CPF CONTRATADA : 032.191.165-23 JOSE ANTONIO GONCALVES DE QUEIROZ. Valor: R$ 67.167,17. CPF CONTRATADA : 032.241.965-48 JOSE OSMAR DASILVA. Valor: R$ 60.714,08. CPF CONTRATADA : 032.264.454-21 ANTONIO CARLOS RODRIGUES PESSOA. Valor: R$ 55.785,81. CPF CONTRATADA : 032.287.904-36 LUZIEL RAIMUNDO RIBEIRO. Valor: R$ 81.876,35. CPF CONTRATADA : 032.937.065-09 JORGE WASHINGTON TEIXEIRA ALMEIDA. Valor: R$ 67.375,03. CPF CONTRATADA : 033.162.834-12 PEDRO JOSE RODRIGUES. Valor: R$ 72.041,43. CPF CONTRATADA : 033.215.664-86 MARCO JOSE BEZERRA. Valor: R$ 56.447,39. CPF CONTRATADA : 033.278.304-95 LEANDRO RODRIGUES SOARES. Valor: R$ 63.167,50. CPF CONTRATADA : 034.082.014-47 JOSE DE SOUZASILVA. Valor: R$ 96.000,00. CPF CONTRATADA : 034.124.325-63 NESTOR FREITAS DE ARAUJO FILHO. Valor: R$ 73.047,98. CPF CONTRATADA : 034.158.514-94 GEOVANE GOMESDE CARVALHO. Valor: R$ 96.000,00. CPF CONTRATADA : 034.265.184-65 JUCIER PAULINO DA SILVA. Valor: R$ 79.503,00. CPF CONTRATADA : 034.504.084-88 VANDICLEI DE PEREIRA DE MELO. Valor: R$ 47.671,72. CPF CONTRATADA : 034.538.645-06 ALEX SANDRO COSTA DA ROCHA. Valor: R$ 65.758,77. CPF CONTRATADA : 034.551.425-40 TIAGO SILVA BORGES. Valor: R$ 67.021,73. CPF CONTRATADA : 034.764.574-78 JOAO BOSCO MACEDO DE MELO. Valor: R$ 67.750,86. CPF CONTRATADA : 034.821.924-56 GENILSON NUNES DE HOLANDA. Valor: R$ 80.894,56. CPF CONTRATADA : 034.852.394-70 SUZANO MARQUES COELHO. Valor: R$ 96.000,00. CPF CONTRATADA : 034.855.564-40 ADENILSON BATISTA DE AMORIM. Valor: R$ 59.349,22. CPF CONTRATADA : 035.377.204-67 GERALDO PAIXAO COELHO. Valor: R$ 42.455,92. CPF CONTRATADA : 035.499.194-92 REGINALDO DOMINGOS DOS SANTOS. Valor: R$ 80.880,58. CPF CONTRATADA : 035.603.073-33 RENATO RODRIGUES COSTA. Valor: R$ 96.000,00. CPF CONTRATADA : 035.641.374-83 JERCINILDO COELHO GOMES. Valor: R$ 61.636,77. CPF CONTRATADA : 035.861.085-08 WELTON RIBEIRO ROCHA. Valor: R$ 75.323,36. CPF CONTRATADA : 035.951.814-17 GILDEMAR NOGUEIRA DIAS. Valor: R$ 70.134,75. CPF CONTRATADA : 036.002.244-84 REGE MAURO DALUZ. Valor: R$ 72.376,78. CPF CONTRATADA : 036.055.474-19 EMIDIO RODRIGUES COELHO. Valor: R$ 70.550,73. CPF CONTRATADA : 036.503.064-33 JOSE WAGNER DE SOUZA GALVAO. Valor: R$ 96.000,00. CPF CONTRATADA : 036.516.624-38 NAUZO COELHO DA LUZ. Valor: R$ 96.000,00. CPF CONTRATADA : 036.611.284-85 DANYEL TRAJANO GRANJA. Valor: R$ 68.254,49. CPF CONTRATADA : 036.647.254-25 JOAQUIM JOAO RODRIGUES. Valor: R$ 96.000,00. CPF CONTRATADA : 037.182.036-77 ALLAN KARDEC ATAIDE CHAVES. Valor: R$ 70.774,69. CPF CONTRATADA : 037.192.344-10 FRANCISCO DE ASSIS ANDRADE DE SANTANA. Valor: R$ 64.748,22. CPF CONTRATADA : 037.214.394-65 MANOEL MIGUELRODRIGUES. Valor: R$ 69.232,45. CPF CONTRATADA : 037.329.194-98 JOSE EVANGELISTA DE MACEDO. Valor: R$ 89.237,73. CPF CONTRATADA : 037.405.354-58 CARLOS AUGUSTO DOS SANTOS. Valor: R$ 96.000,00. CPF CONTRATADA : 037.966.115-24 CLAUDEMAR RIBEIRO DE SOUSA. Valor: R$ 66.236,13. CPF CONTRATADA : 038.316.234-30 EDMILSON ALVES FERREIRA. Valor: R$ 54.088,09. CPF CONTRATADA : 038.417.134-67 EDILSON JOSE DA SILVA GALVAO. Valor: R$ 96.000,00. CPF CONTRATADA : 038.507.534-09 DEGELSON DOS ANJOS DA SILVA. Valor: R$ 59.927,27. CPF CONTRATADA : 038.586.834-00 ALMIR ROGERIODE SOUZA. Valor: R$ 80.413,72. CPF CONTRATADA : 038.907.025-46 JOELSON LOPESDA COSTA. Valor: R$ 58.583,29. CPF CONTRATADA : 039.142.764-44 GILCENOR ANTONIO DA SILVA OLIVEIRA. Valor: R$ 75.194,65. CPF CONTRATADA : 039.218.615-27 ISMAEL CARLOSCASTRO FERREIRA. Valor: R$ 68.131,81. CPF CONTRATADA : 039.533.235-47 JOSE APARECIDO ARAUJO FERREIRA. Valor: R$ 65.246,83. CPF CONTRATADA : 039.639.214-80 ERISMAR PEREIRA ALVES. Valor: R$ 76.965,00. CPF CONTRATADA : 039.735.174-79 EVERALDO EVANGELISTA DE ALMEIDA. Valor: R$ 67.878,94. CPF CONTRATADA : 040.580.985-97 JOCIEL RODRIGUES SANTOS. Valor: R$ 63.636,41. CPF CONTRATADA : 040.659.178-40 FRANCOLINO NETO DO NASCIMENTO. Valor: R$ 96.000,00. CPF CONTRATADA : 040.963.814-54 MARCELO NUNESGOMES. Valor: R$ 61.958,58. CPF CONTRATADA : 041.077.324-79 ALECILDO COELHO COSTA. Valor: R$ 75.440,77. CPF CONTRATADA : 041.121.704-67 JOAO DE AMORIM NUNES. Valor: R$ 62.210,53. CPF CONTRATADA : 041.604.574-01 AGLAILSON ALVES PESSOA. Valor: R$ 55.794,82. CPF CONTRATADA : 041.787.048-50 AMARO ORLANDOALENCAR MELO. Valor: R$ 72.491,00. CPF CONTRATADA : 042.063.524-61 JAIRO SOARES ALENCAR. Valor: R$ 96.000,00. CPF CONTRATADA : 042.113.314-77 CARLOS FRANCISCO PAIXAO DE SOUZA. Valor: R$ 67.728,41. CPF CONTRATADA : 042.406.294-11 CARLOS ALEXANDES RAMOS. Valor: R$ 96.000,00. CPF CONTRATADA : 042.425.744-01 ROIBISON DE ALMEIDA CAVALCANTE. Valor: R$ 68.527,19. CPF CONTRATADA : 042.519.954-14 JOELSO DAMASCENO TELES. Valor: R$ 96.000,00. CPF CONTRATADA : 042.960.244-85 ADAO PEREIRA DE SENA. Valor: R$ 96.000,00. CPF CONTRATADA : 042.970.154-39 FABIO JUNIOR MODESTO DA MASCENA. Valor: R$ 96.000,00. CPF CONTRATADA : 043.005.884-57 VALDEMIR VITOR XAVIER. Valor: R$ 86.067,37. CPF CONTRATADA : 043.445.304-89 VALDEILTON DOS REIS MACEDO. Valor: R$ 96.000,00. CPF CONTRATADA : 043.660.723-94 JACIEL BATISTA DA PAIXAO. Valor: R$ 96.000,00. CPF CONTRATADA : 043.664.965-93 LUIZ HENRIQUEDA SILVA MENDES. Valor: R$ 57.359,04. CPF CONTRATADA : 044.586.195-94 ELMIR QUELMI DE BRITO SANTANA. Valor: R$ 64.736,29. CPF CONTRATADA : 044.922.474-08 PAULO MALUF DAMASCENO. Valor: R$ 66.300,71. CPF CONTRATADA : 045.132.014-01 EDNALDO TELESBARBOSA. Valor: R$ 57.240,71. CPF CONTRATADA : 045.467.554-22 PEDRO JUNIOR NUNES COELHO RIBEIRO. Valor: R$ 79.235,72. CPF CONTRATADA : 045.615.155-93 LINDOMAR LUISDE SOUSA. Valor: R$ 67.143,00. CPF CONTRATADA : 046.240.355-69 MARIVALDO COSTA DE AMORIM. Valor: R$ 64.600,31. CPF CONTRATADA : 046.282.044-03 JOAO PAULO MUNIZ DE CARVALHO. Valor: R$ 76.177,99. CPF CONTRATADA : 046.431.615-40 JOSIMAR DA SILVA SANTOS. Valor: R$ 65.978,46. CPF CONTRATADA : 046.532.604-86 CARLOS ANTONIO MACEDO REIS. Valor: R$ 65.235,54. CPF CONTRATADA : 046.750.084-37 EDILSON DE MACEDO COELHO. Valor: R$ 96.000,00. CPF CONTRATADA : 047.213.705-04 JOABE DA SILVA FERREIRA. Valor: R$ 62.738,24. CPF CONTRATADA : 047.552.525-63 MAGNO RODRIGUES DO NASCIMENTO. Valor: R$ 64.810,91. CPF CONTRATADA : 047.687.914-09 JOSE SILVAN DOS SANTOS. Valor: R$ 83.238,45. CPF CONTRATADA : 047.794.855-33 TASSIO SILVA DA MATA. Valor: R$ 74.366,14. CPF CONTRATADA : 047.860.015-11 JORGE FERREIRA DE SOUZA. Valor: R$ 81.795,07. CPF CONTRATADA : 048.365.264-42 IDILIO JOSE COELHO. Valor: R$ 65.297,46. CPF CONTRATADA : 048.410.324-52 TIAGO DE OLIVEIRA DANTAS. Valor: R$ 66.693,33. CPF CONTRATADA : 048.454.185-41 ELIELSON ALVES DE MACEDO. Valor: R$ 65.794,47. CPF CONTRATADA : 048.671.474-86 MARCELO LEITEDA SILVA. Valor: R$ 66.148,16. CPF CONTRATADA : 048.875.784-31 JOAO EVANGELISTA PEREIRA NUNES. Valor: R$ 80.146,58. CPF CONTRATADA : 049.759.735-70 CARLOS ANDRE MORGADO DA SILVA. Valor: R$ 59.927,74. CPF CONTRATADA : 049.960.584-55 JOSE AUDENI RODRIGUES DA SILVA. Valor: R$ 74.696,78. CPF CONTRATADA : 050.381.574-83 VAGNO REGIS COELHO. Valor: R$ 69.858,85. CPF CONTRATADA : 050.551.514-80 JOSE CARLOS ARAUJO. Valor: R$ 76.989,46. CPF CONTRATADA : 050.978.614-69 MARCIO GUEHT BATISTA SAMPAIO. Valor: R$ 47.572,39. CPF CONTRATADA : 051.273.044-06 CICERO SOUZA CANDIDO. Valor: R$ 82.239,57. CPF CONTRATADA : 051.274.945-07 TIAGO FERREIRA DE ANDRADE. Valor: R$ 67.823,44. CPF CONTRATADA : 051.280.714-05 FABIANO BARROS DA SILVA. Valor: R$ 67.916,90. CPF CONTRATADA : 051.539.374-61 JUCICLEITON GONCALVES CALIXTA. Valor: R$ 96.000,00. CPF CONTRATADA : 051.593.233-76 CICERO RODRIGUES TAVARES. Valor: R$ 53.665,34. CPF CONTRATADA : 051.715.934-18 FABIANO BARBOSA MACEDO. Valor: R$ 55.960,75. CPF CONTRATADA : 051.959.704-40 JAILSON CANUTO DA SILVA. Valor: R$ 71.359,47. CPF CONTRATADA : 052.924.214-13 JOSEMILDO JOSE RODRIGUES. Valor: R$ 61.054,80. CPF CONTRATADA : 053.114.774-66 FLAUDIENO DE SOUZA OLIMPIO. Valor: R$ 96.000,00. CPF CONTRATADA : 053.307.094-58 CARLITO FRANCISCO DA PAIXAO. Valor: R$ 96.000,00. CPF CONTRATADA : 053.861.024-78 ENIEL DE SOUZA LIMA. Valor: R$ 96.000,00. CPF CONTRATADA : 053.910.964-99 NORBERTO NUNES DOS SANTOS. Valor: R$ 55.190,21. CPF CONTRATADA : 054.026.164-50 FRANCLIM JOSEDO BOMFIM. Valor: R$ 80.364,40. CPF CONTRATADA : 054.272.583-53 RAIMUNDO NONATO SILVA. Valor: R$ 56.352,73. CPF CONTRATADA : 054.300.744-89 JOAO DE DEUS SILVA FILHO. Valor: R$ 96.000,00. CPF CONTRATADA : 054.399.038-95 JOAO BATISTA DA SILVA. Valor: R$ 67.081,66. CPF CONTRATADA : 054.473.523-47 FERNANDO DE SANTANA PAIXAO. Valor: R$ 96.000,00. CPF CONTRATADA : 054.619.614-44 JURANDI DE MACEDO COELHO. Valor: R$ 71.548,50. CPF CONTRATADA : 055.062.264-03 GILDENOR DIASCOELHO. Valor: R$ 96.000,00. CPF CONTRATADA : 055.483.913-05 JEOVANE XAVIER COELHO. Valor: R$ 96.000,00. CPF CONTRATADA : 055.496.034-62 AILTO NUNES COELHO DE MACEDO. Valor: R$ 96.000,00. CPF CONTRATADA : 055.552.414-02 CARLOS DANILOGOMES SANTOS. Valor: R$ 96.000,00. CPF CONTRATADA : 055.585.744-10 JOSE COELHO DA SILVEIRA. Valor: R$ 77.976,05. CPF CONTRATADA : 055.966.854-61 HUBEMARIO LEITE GUIMARAES. Valor: R$ 79.944,43. CPF CONTRATADA : 056.651.874-02 JACO LUIZ DA SILVA NETO DUARTE. Valor: R$ 71.936,69. CPF CONTRATADA : 056.983.704-94 GILDENOR RODRIGUES DE SA. Valor: R$ 96.000,00. CPF CONTRATADA : 056.983.784-79 PAULO SERGIO RODRIGUES. Valor: R$ 73.427,36. CPF CONTRATADA : 058.128.424-00 CICERO RAIMUNDO COELHO RODRIGUES. Valor: R$ 76.980,89. CPF CONTRATADA : 058.142.645-27 MACIEL RIBEIRO DE ALMEIDA. Valor: R$ 58.468,90. CPF CONTRATADA : 058.236.214-85 EDMARIO BARROS SOUZA. Valor: R$ 65.257,28. CPF CONTRATADA : 058.403.164-58 JOSIANDRO RIBEIRO DE SALES. Valor: R$ 68.835,90. CPF CONTRATADA : 058.664.754-64 HORLANDO FERREIRA MENDES. Valor: R$ 66.987,99. CPF CONTRATADA : 058.748.344-00 JOSE JUCIANO COSTA MACEDO. Valor: R$ 67.015,42. CPF CONTRATADA : 059.180.924-98 REGINALDO ANTONIO DE OLIVEIRA. Valor: R$ 73.521,91. CPF CONTRATADA : 059.500.484-90 ANTONIO SALESBEZERRA. Valor: R$ 75.392,16. CPF CONTRATADA : 059.714.304-83 JOAO BATISTA DAMASCENO. Valor: R$ 64.129,39. CPF CONTRATADA : 059.912.123-84 JOSE MAELSON RODRIGUES XAVIER. Valor: R$ 96.000,00. CPF CONTRATADA : 060.175.963-06 JOSE JACKSON ARAUJO DE SENA. Valor: R$ 73.866,98. CPF CONTRATADA : 060.193.953-08 LEONARDO DA SILVA CARVALHO. Valor: R$ 62.346,95. CPF CONTRATADA : 060.415.414-35 CLAUDIO CEZARIO PEREIRA. Valor: R$ 62.914,40. CPF CONTRATADA : 060.546.554-18 ANTONIO DOS SANTOS FERREIRA. Valor: R$ 69.543,69. CPF CONTRATADA : 060.613.855-28 FIRMINO BENVINDO DE SOUZA JUNIOR. Valor: R$ 96.000,00. CPF CONTRATADA : 060.900.315-18 LEANDRO BRAGARIBEIRO. Valor: R$ 61.569,49. CPF CONTRATADA : 061.024.584-86 IVANILDO MATIAS BRINGEL. Valor: R$ 84.070,74. CPF CONTRATADA : 061.330.895-63 JOAO ALVARO PEREIRA AMORIM. Valor: R$ 96.000,00. CPF CONTRATADA : 061.378.614-90 FLAUSIANO DO BOMFIM NASCIMENTO. Valor: R$ 60.936,68. CPF CONTRATADA : 061.449.214-94 FABIO RODRIGUES MARQUES. Valor: R$ 67.374,39. CPF CONTRATADA : 061.722.125-16 ADELSON RIBEIRO DA SILVA JUNIOR. Valor: R$ 71.695,39. CPF CONTRATADA : 061.757.785-45 NILSON FERRAZDA SILVA. Valor: R$ 68.978,54. CPF CONTRATADA : 061.788.094-84 JOSEAN ALVES GUIMARAES. Valor: R$ 67.976,37. CPF CONTRATADA : 062.119.744-00 ELISMAR GOMESAMORIM. Valor: R$ 96.000,00. CPF CONTRATADA : 062.379.635-02 MATEUS DA SILVA DIAS. Valor: R$ 70.806,91. CPF CONTRATADA : 062.579.134-70 GENIVALDO DA CRUZ GOMES. Valor: R$ 72.354,40. CPF CONTRATADA : 062.674.444-06 JAILSON MACEDO GOMES. Valor: R$ 96.000,00. CPF CONTRATADA : 062.836.504-73 ASSIS DOS SANTOS SARAIVA. Valor: R$ 56.687,12. CPF CONTRATADA : 062.837.064-44 GORDIANO GOMES DE SOUZA. Valor: R$ 96.000,00. CPF CONTRATADA : 062.998.944-31 DAFFNE JANIO DOS SANTOS GUIMARAES. Valor: R$ 96.000,00. CPF CONTRATADA : 063.127.774-99 JOSE AILTO DOBOMFIM. Valor: R$ 63.835,54. CPF CONTRATADA : 063.138.574-61 THALES NOGUEIRA MANGUEIRA. Valor: R$ 69.289,99. CPF CONTRATADA : 063.295.734-41 BRUNO BARBOSADOS SANTOS. Valor: R$ 96.000,00. CPF CONTRATADA : 064.173.935-42 GENIVALDO ROCHA NOGUEIRA. Valor: R$ 69.983,25. CPF CONTRATADA : 064.558.415-06 MATHYAS DOS PASSOS CASTRO. Valor: R$ 69.797,03. CPF CONTRATADA : 064.671.154-73 ERISDAN DE SOUSA SILVA. Valor: R$ 70.001,93. CPF CONTRATADA : 064.693.324-80 JOSIVAN BARBOZA DO BOMFIM. Valor: R$ 64.700,98. CPF CONTRATADA : 064.696.423-22 HELIO JOSE RODRIGUES DO NASCIMENTO. Valor: R$ 73.181,56. CPF CONTRATADA : 064.768.044-05 BARTOLOMEU DEMATOS. Valor: R$ 56.909,56. CPF CONTRATADA : 064.908.664-39 JUNIOR DE SOUZA VIANA. Valor: R$ 64.343,15. CPF CONTRATADA : 065.424.704-84 ANIZIO JOSE DA COSTA NETO. Valor: R$ 96.000,00. CPF CONTRATADA : 065.555.874-82 RAFAEL DE CASTRO RODRIGUES. Valor: R$ 96.000,00. CPF CONTRATADA : 066.672.234-07 EDIVANIO NORMINO DA SILVA. Valor: R$ 96.000,00. CPF CONTRATADA : 066.672.974-35 RENILDO NUNESDE SANTANA. Valor: R$ 63.541,80. CPF CONTRATADA : 066.782.244-50 JAILSON DE JESUS ALVES. Valor: R$ 60.149,90. CPF CONTRATADA : 066.969.254-90 PAULO ARCENO DE SOUZA. Valor: R$ 72.322,54. CPF CONTRATADA : 066.991.194-19 CLECIANO OLIVEIRA DE SA. Valor: R$ 76.022,83. CPF CONTRATADA : 067.161.634-09 GILDO HENRIQUE DAMASCENO MACEDO. Valor: R$ 62.371,51. CPF CONTRATADA : 067.504.954-78 ANTONIO DOMINGOS COELHO RAMOS. Valor: R$ 96.000,00. CPF CONTRATADA : 067.509.124-19 JENILSON DE JESUS ALVES. Valor: R$ 69.588,24. CPF CONTRATADA : 067.509.134-90 CLEILTO REGESBARBOSA. Valor: R$ 68.671,49. CPF CONTRATADA : 067.631.274-80 CALISTO SOARES ALVES. Valor: R$ 74.293,71. CPF CONTRATADA : 068.204.714-75 ANDRE VITOR RODRIGUES DE LIMA. Valor: R$ 75.988,32. CPF CONTRATADA : 068.264.755-10 ALEF SILVA AZEVEDO. Valor: R$ 63.674,15. CPF CONTRATADA : 068.653.424-70 JACKSON RAFAEL DAS NEVES. Valor: R$ 83.406,86. CPF CONTRATADA : 068.746.284-37 JOSE WELINTONMOREIRA DA CUNHA. Valor: R$ 88.243,06. CPF CONTRATADA : 069.228.624-14 JOAO PAULO DEMORAES GOMES. Valor: R$ 69.686,30. CPF CONTRATADA : 069.413.674-31 HERMIRIO REISDE CASTRO. Valor: R$ 67.539,76. CPF CONTRATADA : 069.478.784-11 LINDOIA ALVESDA SILVA. Valor: R$ 77.724,77. CPF CONTRATADA : 069.508.024-55 GENIVALDO ALENCAR CRUZ JUNIOR. Valor: R$ 71.850,19. CPF CONTRATADA : 070.361.904-77 IRINEU RODRIGUES LUZ. Valor: R$ 63.868,95. CPF CONTRATADA : 070.400.394-51 JANIO CEZA DACOSTA AMORIM. Valor: R$ 96.000,00. CPF CONTRATADA : 070.565.994-19 ELCIMAR PEREIRA COELHO. Valor: R$ 96.000,00. CPF CONTRATADA : 070.658.224-19 CICERO MOREIRA DE SOUSA. Valor: R$ 80.481,34. CPF CONTRATADA : 071.014.704-08 GEONILDO RIBEIRO DOS SANTOS. Valor: R$ 62.885,73. CPF CONTRATADA : 071.144.044-17 FRANCISCO DE ASSIS RODRIGUES. Valor: R$ 66.603,80. CPF CONTRATADA : 071.386.703-54 HIVISON ALVESTAVEIRA BEZERRA. Valor: R$ 56.312,79. CPF CONTRATADA : 071.493.494-12 JOSE NETO FEITOSA DA SILVA. Valor: R$ 81.170,18. CPF CONTRATADA : 071.567.755-10 IAGO ESTEVES COSTA. Valor: R$ 73.680,36. CPF CONTRATADA : 071.899.694-11 FRANCKILIN DASILVA ALVES. Valor: R$ 70.740,94. CPF CONTRATADA : 072.026.544-40 JOSE CIRILO NETO FILHO. Valor: R$ 96.000,00. CPF CONTRATADA : 072.420.864-00 FRANCISCO DE SOUZA BEZERRA. Valor: R$ 67.791,73. CPF CONTRATADA : 072.631.534-67 MANOEL JOSIMAR PARENTE. Valor: R$ 96.000,00. CPF CONTRATADA : 072.666.704-89 ELISVALDO JOSE DO BONFIM. Valor: R$ 96.000,00. CPF CONTRATADA : 073.185.575-21 JAILSON JOSE DE SOUSA. Valor: R$ 67.079,26. CPF CONTRATADA : 073.510.064-07 IVALDO COELHODE SOUZA. Valor: R$ 59.568,34. CPF CONTRATADA : 073.512.414-06 FRANCISCO ANTONIO DOS SANTOS. Valor: R$ 71.582,48. CPF CONTRATADA : 073.542.274-55 JIDOMAR FRANCISCO RODRIGUES. Valor: R$ 69.062,61. CPF CONTRATADA : 073.611.104-28 DAMIAO JOSE SOBRINHO. Valor: R$ 74.343,31. CPF CONTRATADA : 073.694.734-57 SAMUEL BARBOSA ALVES. Valor: R$ 79.982,90. CPF CONTRATADA : 073.695.634-48 FRANCISCO LAERCIO PEREIRA DOS SANTOS. Valor: R$ 74.075,93. CPF CONTRATADA : 073.998.895-62 MACIEL DA COSTA NOGUEIRA. Valor: R$ 66.435,71. CPF CONTRATADA : 074.128.424-39 IRAELZO FRAZAO NETO. Valor: R$ 80.692,29. CPF CONTRATADA : 074.289.454-10 GENEVALDO GRANJA COELHO. Valor: R$ 96.000,00. CPF CONTRATADA : 074.375.074-80 GUSTAVO HENRIQUE GOMES TORRES. Valor: R$ 74.196,14. CPF CONTRATADA : 074.395.694-07 FRANCISCO DE ASSIS DA SILVA. Valor: R$ 70.055,03. CPF CONTRATADA : 074.747.954-26 ROBERTO SALESCOELHO. Valor: R$ 74.576,61. CPF CONTRATADA : 074.896.754-05 EDILSON LUIZ DE SOUZA. Valor: R$ 62.221,91. CPF CONTRATADA : 075.003.144-18 JOSE RICARDO DELMONDES FERREIRA. Valor: R$ 73.225,38. CPF CONTRATADA : 075.320.014-74 CLEBIO RABELODE AMORIM. Valor: R$ 63.255,08. CPF CONTRATADA : 075.879.245-07 ANDERSON DOS SANTOS LOPES. Valor: R$ 71.346,16. CPF CONTRATADA : 076.132.054-79 ADJAKSON DE SOUZA MENDES. Valor: R$ 68.856,04. CPF CONTRATADA : 076.503.194-90 GEONEI DE SOUSA ALBUQUERQUE. Valor: R$ 65.938,25. CPF CONTRATADA : 076.582.634-86 JAILSON JOSE DA SILVA. Valor: R$ 72.233,55. CPF CONTRATADA : 076.973.054-02 LEANDRO NUNESDE AMORIM. Valor: R$ 60.998,84. CPF CONTRATADA : 077.012.478-07 ALCIMAR DA COSTA CARVALHO. Valor: R$ 62.443,08. CPF CONTRATADA : 077.015.774-24 WILLIAM DA CUNHA SOUZA. Valor: R$ 79.587,00. CPF CONTRATADA : 077.200.114-65 JAILSON NUNESRAMOS. Valor: R$ 74.712,10. CPF CONTRATADA : 077.221.105-17 EDINALDO AMORIM NUNES. Valor: R$ 72.911,54. CPF CONTRATADA : 078.088.094-38 SERGIO DA SILVA SOUZA. Valor: R$ 74.731,22. CPF CONTRATADA : 078.336.384-20 JUCELINO DAMIAO DE SANTANA VIEIRA. Valor: R$ 87.964,12. CPF CONTRATADA : 078.392.204-36 CLECIANO DE AQUINO COELHO. Valor: R$ 96.000,00. CPF CONTRATADA : 078.586.514-47 EDIMAR DOS SANTOS. Valor: R$ 96.000,00. CPF CONTRATADA : 079.090.504-37 MARCOS VIEIRANUNES. Valor: R$ 96.000,00. CPF CONTRATADA : 079.370.577-00 ANTONIO RICELMO LIMA DO NASCIMENTO. Valor: R$ 73.632,29. CPF CONTRATADA : 079.602.474-04 PAULO FERNANDO PEREIRA. Valor: R$ 55.081,32. CPF CONTRATADA : 079.916.414-30 ROBERTO DE CASTRO RODRIGUES. Valor: R$ 76.924,19. CPF CONTRATADA : 080.825.714-54 REGIMARIO MENDES DA COSTA. Valor: R$ 69.164,37. CPF CONTRATADA : 080.826.354-44 JOSE CLEITON DE SOUZA MONTEIRO. Valor: R$ 76.409,92. CPF CONTRATADA : 080.875.164-60 MARCIANO DE SOUZA GUIMARAES. Valor: R$ 64.863,33. CPF CONTRATADA : 081.695.645-65 DOUGLAS ALVESDOS SANTOS. Valor: R$ 59.273,52. CPF CONTRATADA : 081.932.554-61 JOSE EDUARDO TELES PEREIRA. Valor: R$ 74.243,89. CPF CONTRATADA : 082.038.744-44 EDIEL ARAUJO MARINHO. Valor: R$ 79.334,26. CPF CONTRATADA : 082.080.654-47 ANTONIO OCILENE DE SOUZA. Valor: R$ 59.086,74. CPF CONTRATADA : 082.242.774-53 LUIZ FERREIRADE LIMA. Valor: R$ 58.940,79. CPF CONTRATADA : 082.593.254-89 EDVAN JOSE PEREIRA. Valor: R$ 57.736,96. CPF CONTRATADA : 082.593.274-22 ORLANDO ALVESDE SOUZA. Valor: R$ 96.000,00. CPF CONTRATADA : 083.090.634-74 ELIOMAR DA COSTA GONCALVES. Valor: R$ 96.000,00. CPF CONTRATADA : 083.269.504-16 LUCIVANDO MACEDO RODRIGUES DA SILVA. Valor: R$ 96.000,00. CPF CONTRATADA : 083.292.374-51 EVALDO GOMES TORRES. Valor: R$ 96.000,00. CPF CONTRATADA : 083.370.045-68 AMADEU GOMES DOS SANTOS. Valor: R$ 66.099,85. CPF CONTRATADA : 083.442.854-70 LIDIO NUNES BARBOSA. Valor: R$ 69.622,85. CPF CONTRATADA : 083.556.454-13 JOAO HELIO DOS REIS. Valor: R$ 49.699,31. CPF CONTRATADA : 083.596.724-74 ADAILTON ADAOAMORIM. Valor: R$ 61.386,18. CPF CONTRATADA : 084.002.324-37 IVALTER SARAIVA DOS SANTOS. Valor: R$ 65.373,09. CPF CONTRATADA : 084.805.654-03 MAESTRO ADERITO DE ALENCAR. Valor: R$ 96.000,00. CPF CONTRATADA : 084.993.054-58 RICARDO DANTAS VIEIRA. Valor: R$ 76.120,24. CPF CONTRATADA : 085.150.794-88 JOSE MAURICIORODRIGUES. Valor: R$ 96.000,00. CPF CONTRATADA : 085.269.784-89 GILBERTO PIRES DE SA JUNIOR. Valor: R$ 96.000,00. CPF CONTRATADA : 085.290.214-01 ANTONIO NILTON SOUZA GUIMARAES. Valor: R$ 61.352,24. CPF CONTRATADA : 085.736.868-04 JOANES CELSO DE MORAES. Valor: R$ 54.156,78. CPF CONTRATADA : 086.178.524-02 MAILSON ALVESNEVES. Valor: R$ 96.000,00. CPF CONTRATADA : 087.191.644-40 ANTONIO UIGUITON FURTADO DO NASCIMENTO. Valor: R$ 87.891,69. CPF CONTRATADA : 087.262.624-52 EDSON FERREIRA GOMES. Valor: R$ 96.000,00. CPF CONTRATADA : 087.394.014-80 GAUDENCIO DAVID SOARES DE SOUZA. Valor: R$ 90.800,38. CPF CONTRATADA : 088.125.625-07 DARLEY OLIVEIRA DE CASTRO. Valor: R$ 64.197,45. CPF CONTRATADA : 088.260.844-40 RENAN RODRIGUES NUNES. Valor: R$ 54.775,65. CPF CONTRATADA : 088.410.764-70 FRANCISCO DIEGO PEREIRA DE MOURA. Valor: R$ 75.956,98. CPF CONTRATADA : 088.412.514-92 FARNESIO JOSECOELHO. Valor: R$ 64.127,26. CPF CONTRATADA : 088.563.354-76 RONE CLECIO MARQUES SALES. Valor: R$ 96.000,00. CPF CONTRATADA : 088.572.285-09 MAICON GILSONRIBEIRO SILVA. Valor: R$ 66.639,10. CPF CONTRATADA : 088.706.374-84 ERIONALDO RAIMUNDO DOS SANTOS. Valor: R$ 96.000,00. CPF CONTRATADA : 089.240.814-62 LUCAS DE SOUZA LIMA. Valor: R$ 65.909,91. CPF CONTRATADA : 089.299.794-08 EUDES DE SOUZA SOBRINHO. Valor: R$ 96.000,00. CPF CONTRATADA : 089.970.564-25 JANAILSON DE SOUZA BEZERRA. Valor: R$ 56.075,52. CPF CONTRATADA : 090.440.174-03 EDNALDO JOSE DE CARVALHO. Valor: R$ 66.871,50. CPF CONTRATADA : 090.465.384-60 ITALO DE SOUZA COELHO. Valor: R$ 63.726,02. CPF CONTRATADA : 090.561.334-11 RICARDO REGISDA SILVA SANTOS. Valor: R$ 69.009,93. CPF CONTRATADA : 090.921.184-19 JURANDI BERNARDINO DA SILVA. Valor: R$ 96.000,00. CPF CONTRATADA : 090.998.584-77 CLAUDIVAN GREGORIO RODRIGUES. Valor: R$ 71.283,10. CPF CONTRATADA : 091.180.504-41 LEOMARCIO SILVA PEREIRA. Valor: R$ 63.082,80. CPF CONTRATADA : 091.878.084-55 ADERLANDIO COELHO DE MELO. Valor: R$ 67.663,57. CPF CONTRATADA : 092.228.364-80 SERGIO SAMUELDA SILVA RODRIGUES. Valor: R$ 87.884,84. CPF CONTRATADA : 092.748.324-60 JANES ERMANDES VIANA COELHO. Valor: R$ 73.015,50. CPF CONTRATADA : 092.889.864-48 JOSE MARCOS DA PURIFICACAO RODRIGUES. Valor: R$ 73.713,31. CPF CONTRATADA : 092.917.104-74 TIAGO NUNES BARBOSA. Valor: R$ 76.058,96. CPF CONTRATADA : 093.056.184-80 MARCIO FERNANDO DA SILVA. Valor: R$ 64.574,12. CPF CONTRATADA : 093.187.374-67 ROMUALDO JOSECAVALCANTI. Valor: R$ 65.327,89. CPF CONTRATADA : 093.548.204-09 FARNESIO REGES. Valor: R$ 57.648,85. CPF CONTRATADA : 093.645.024-00 MOISES TELES LIMA. Valor: R$ 96.000,00. CPF CONTRATADA : 093.707.844-11 JOSE SEBASTIAO RODRIGUES NETO. Valor: R$ 96.000,00. CPF CONTRATADA : 094.067.834-95 LAURO LUCAS MATOS RIBEIRO. Valor: R$ 61.620,69. CPF CONTRATADA : 094.390.734-97 ANTONIO ARLESPOCIANO DOMINGOS. Valor: R$ 75.926,09. CPF CONTRATADA : 094.619.714-86 JOSE GLEISON BARROS DE SOUZA. Valor: R$ 59.862,94. CPF CONTRATADA : 094.800.814-82 THIAGO DA SILVA SOUZA. Valor: R$ 53.950,49. CPF CONTRATADA : 094.814.374-69 MARCOS ALBERTO RODRIGUES. Valor: R$ 78.986,37. CPF CONTRATADA : 094.912.184-33 ANTONIO DIEGOSALVIANO MOREIRA. Valor: R$ 82.849,83. CPF CONTRATADA : 096.216.984-64 TIAGO DOS SANTOS RODRIGUES. Valor: R$ 57.486,56. CPF CONTRATADA : 096.492.584-26 JOSE ALMEIDA REGES DO NASCIMENTO. Valor: R$ 59.382,05. CPF CONTRATADA : 096.560.104-85 MARCOS ALENCAR DA SILVA. Valor: R$ 68.260,68. CPF CONTRATADA : 096.634.384-01 ANTONIO ERISVALDO DA COSTA. Valor: R$ 94.067,27. CPF CONTRATADA : 097.815.674-90 JAILTO DE MACEDO. Valor: R$ 76.592,83. CPF CONTRATADA : 098.134.084-99 JUNIOR ENEAS DE OLIVEIRA. Valor: R$ 86.915,22. CPF CONTRATADA : 098.462.994-78 NAPOLEAO CARVALHO DE ARAUJO. Valor: R$ 96.000,00. CPF CONTRATADA : 098.633.814-11 PAULO HENRIQUE PEREIRA BEZERRA. Valor: R$ 84.972,66. CPF CONTRATADA : 099.382.344-02 FRANCISCO JOSE GOMES COELHO. Valor: R$ 64.484,87. CPF CONTRATADA : 100.938.067-28 JOAO DA SILVAAZEVEDO SOBRINHO. Valor: R$ 68.114,30. CPF CONTRATADA : 100.972.774-52 ANDRE WILTON PEREIRA DE MOURA. Valor: R$ 70.864,02. CPF CONTRATADA : 101.045.804-37 JONATAS DA SILVA. Valor: R$ 96.000,00. CPF CONTRATADA : 101.637.414-33 ADRIANO JOAO DE AMORIM. Valor: R$ 57.319,25. CPF CONTRATADA : 103.174.114-38 DAMIAO COELHORIBEIRO. Valor: R$ 59.990,50. CPF CONTRATADA : 103.401.214-24 ANTONIO DEUZIMARIO DOS SANTOS. Valor: R$ 71.799,29. CPF CONTRATADA : 103.839.574-78 MARCELO JUNIOR DAS NEVES. Valor: R$ 73.185,95. CPF CONTRATADA : 103.860.534-21 KAIQUE JOSE NETO SILVA. Valor: R$ 96.000,00. CPF CONTRATADA : 104.179.814-81 ADAILDO RODRIGUES DAMASCENO. Valor: R$ 75.701,03. CPF CONTRATADA : 104.291.634-95 GABRIEL FILISMINO GOMES TORRES. Valor: R$ 81.209,96. CPF CONTRATADA : 104.421.854-13 JOSE ADRIANO ALVES DE ANDRADE. Valor: R$ 64.014,78. CPF CONTRATADA : 104.939.274-41 DAMIAO DE SOUZA RODRIGUES. Valor: R$ 71.042,50. CPF CONTRATADA : 105.685.714-52 VINNYCIOS DE MACEDO ALBUQUERQUE. Valor: R$ 65.717,89. CPF CONTRATADA : 105.742.934-18 CICERO RUBENSDE CASTRO COELHO. Valor: R$ 96.000,00. CPF CONTRATADA : 105.762.654-62 CICERO COELHOMARQUES. Valor: R$ 96.000,00. CPF CONTRATADA : 105.808.344-92 BRUNO AMORIM ALENCAR. Valor: R$ 72.412,19. CPF CONTRATADA : 105.832.374-10 JAMERSON DE MACEDO BARBOSA. Valor: R$ 68.438,86. CPF CONTRATADA : 105.922.124-16 JOSEILDO SANTOS CARVALHO. Valor: R$ 96.000,00. CPF CONTRATADA : 105.983.014-02 TARCISIO FRANCISCO BARBOSA DA SILVA. Valor: R$ 61.838,90. CPF CONTRATADA : 106.115.843-87 JESUS FERREIRA DOS SANTOS. Valor: R$ 60.161,58. CPF CONTRATADA : 106.397.514-07 BRENO JOSE RODRIGUES. Valor: R$ 96.000,00. CPF CONTRATADA : 106.612.234-26 MARCELO JOAO RODRIGUES. Valor: R$ 79.397,56. CPF CONTRATADA : 106.756.704-62 CASSIO RIAN RAMOS. Valor: R$ 72.701,15. CPF CONTRATADA : 107.080.244-16 FERNANDO ROMARIO DOS SANTOS. Valor: R$ 83.106,86. CPF CONTRATADA : 107.140.098-30 JORGE COLMAN DA SILVA. Valor: R$ 64.251,18. CPF CONTRATADA : 107.200.584-06 LANMATSON DE ALENCAR PESSOA. Valor: R$ 96.000,00. CPF CONTRATADA : 107.396.714-05 FRANCISCO LUZREIS. Valor: R$ 96.000,00. CPF CONTRATADA : 107.437.414-20 JOSIMAR DOMINGOS DE LIMA. Valor: R$ 81.141,90. CPF CONTRATADA : 108.363.854-89 JOAO EMILSON GALVAO DE SANTANA. Valor: R$ 69.041,54. CPF CONTRATADA : 108.495.824-40 JOSEMAR TORRES AMORIM. Valor: R$ 96.000,00. CPF CONTRATADA : 108.794.294-29 JOSE CLEICIANO COELHO DA COSTA. Valor: R$ 96.000,00. CPF CONTRATADA : 108.830.674-80 GUILHERME MENDES FILGUEIRA CAVALCANTE. Valor: R$ 66.833,20. CPF CONTRATADA : 109.566.124-82 GENIELTO DE CASTRO COELHO. Valor: R$ 75.992,39. CPF CONTRATADA : 111.841.504-35 HIGOR RAFAEL ARAUJO RODRIGUES. Valor: R$ 66.450,21. CPF CONTRATADA : 111.937.454-54 ADRIANO COELHO DE SOUZA. Valor: R$ 57.141,41. CPF CONTRATADA : 111.937.694-77 ANIELTON COELHO DE SOUZA. Valor: R$ 62.162,35. CPF CONTRATADA : 112.254.764-10 JOAO DOS SANTOS BARROS. Valor: R$ 80.933,28. CPF CONTRATADA : 112.459.954-13 JOSE JACKSON ALVES DA SILVA. Valor: R$ 67.150,04. CPF CONTRATADA : 112.864.224-77 JAVAN BARBOZALACERDA. Valor: R$ 77.984,77. CPF CONTRATADA : 113.046.054-18 ROMARIO ALBUQUERQUE RODRIGUES. Valor: R$ 85.999,01. CPF CONTRATADA : 113.324.944-20 AVELINO CAVALCANTE DOS SANTOS. Valor: R$ 58.702,39. CPF CONTRATADA : 113.487.678-55 JOSE AIRTON FELIX AMORIM. Valor: R$ 59.899,47. CPF CONTRATADA : 113.683.534-28 CONCEICAO RODRIGUES COELHO. Valor: R$ 66.928,94. CPF CONTRATADA : 114.187.524-10 EDSON DA SILVA RIBEIRO. Valor: R$ 96.000,00. CPF CONTRATADA : 114.687.164-33 GEOVANDO LOPES DE SOUSA. Valor: R$ 96.000,00. CPF CONTRATADA : 114.687.334-43 GEORGE LOPES DE SOUSA. Valor: R$ 96.000,00. CPF CONTRATADA : 115.447.024-50 JOSIELSON VIANA COELHO. Valor: R$ 62.638,00. CPF CONTRATADA : 115.770.494-89 ALEX PEREIRA DOS SANTOS. Valor: R$ 69.302,02. CPF CONTRATADA : 115.930.584-62 JOSE ROBERTO RODRIGUES. Valor: R$ 65.556,36. CPF CONTRATADA : 116.970.714-90 MATEUS DE LIMA GOMES. Valor: R$ 78.322,31. CPF CONTRATADA : 117.603.584-36 BRUNO DIEGO SANTOS SILVA. Valor: R$ 63.753,89. CPF CONTRATADA : 117.794.354-95 RENATO ARAUJORODRIGUES. Valor: R$ 70.936,17. CPF CONTRATADA : 117.955.794-80 MARINALDO DA PAIXAO RODRIGUES. Valor: R$ 80.560,51. CPF CONTRATADA : 118.099.614-32 ROMILSON XAVIER MENEZES. Valor: R$ 96.000,00. CPF CONTRATADA : 118.167.934-69 KACIO GOMES DE MACEDO. Valor: R$ 60.999,54. CPF CONTRATADA : 118.386.364-04 MAICO ALVES PEREIRA. Valor: R$ 96.000,00. CPF CONTRATADA : 119.206.654-55 EDUIK JUNIOR NUNES COELHO. Valor: R$ 96.000,00. CPF CONTRATADA : 119.338.424-90 PEDRO HENRIQUE SILVA SOARES. Valor: R$ 65.534,17. CPF CONTRATADA : 119.338.704-35 CARLOS HENRIQUE SILVA SOARES. Valor: R$ 56.989,74. CPF CONTRATADA : 121.032.424-59 VALDEMIR DA PAIXAO RODRIGUES. Valor: R$ 61.405,35. CPF CONTRATADA : 121.033.004-08 JOAO GABRIEL PEREIRA DOS SANTOS. Valor: R$ 69.967,66. CPF CONTRATADA : 122.523.404-28 ROBENILSON DESOUZA RODRIGUES. Valor: R$ 65.701,69. CPF CONTRATADA : 123.327.674-36 FLAVIO DE JESUS MELO. Valor: R$ 57.937,31. CPF CONTRATADA : 123.962.628-23 GIVALDO ALVESBARROS. Valor: R$ 65.888,99. CPF CONTRATADA : 125.351.474-75 JOSINALDO DO NASCIMENTO RIBEIRO. Valor: R$ 96.000,00. CPF CONTRATADA : 126.217.544-57 ANTONIO GUSTAVO XAVIER GRANJA. Valor: R$ 69.873,24. CPF CONTRATADA : 127.222.284-59 JACKSON DENISNUNES COELHO. Valor: R$ 60.700,28. CPF CONTRATADA : 128.384.834-12 JOSE EDENILSON DE SOUZA. Valor: R$ 96.000,00. CPF CONTRATADA : 128.591.388-46 RENATO BORGESDOS SANTOS. Valor: R$ 63.716,67. CPF CONTRATADA : 128.927.024-45 CLEISON ALVESDA CRUZ. Valor: R$ 86.280,01. CPF CONTRATADA : 130.160.944-79 MARCLECIO DE LIMA LUZ. Valor: R$ 56.057,91. CPF CONTRATADA : 131.489.494-39 GUILHERME LUZREIS. Valor: R$ 67.962,47. CPF CONTRATADA : 132.431.774-48 EDVALDO RODRIGUES DA SILVA. Valor: R$ 82.690,45. CPF CONTRATADA : 133.548.314-48 CARLOS DANIELDE SOUZA. Valor: R$ 62.272,70. CPF CONTRATADA : 142.893.818-47 PAULO MARCOS TEIXEIRA FERREIRA. Valor: R$ 62.534,27. CPF CONTRATADA : 156.854.893-15 RAIMUNDO GONCALVES FERREIRA. Valor: R$ 56.447,66. CPF CONTRATADA : 161.372.634-10 ANDERSON RODRIGO CARVALHO ANGELIM. Valor: R$ 96.000,00. CPF CONTRATADA : 164.819.628-46 ADY CAVALCANTE DOS SANTOS. Valor: R$ 67.505,92. CPF CONTRATADA : 166.553.518-04 JOSE GILSON DELMONDES DE SOUZA. Valor: R$ 96.000,00. CPF CONTRATADA : 182.951.298-64 JOSE LEITE DECARVALHO. Valor: R$ 96.000,00. CPF CONTRATADA : 211.332.394-04 ALDECIR LOPESDE BARROS. Valor: R$ 83.998,45. CPF CONTRATADA : 221.574.923-72 HAMILTON FELIPE DE SOUSA. Valor: R$ 96.000,00. CPF CONTRATADA : 225.627.375-04 ANTONIO MARCELINO SILVA. Valor: R$ 63.602,60. CPF CONTRATADA : 226.583.004-68 DOMINGOS SAVIO COELHO. Valor: R$ 68.887,94. CPF CONTRATADA : 226.651.964-68 ELESBAO DE AMORIM NETO. Valor: R$ 58.494,97. CPF CONTRATADA : 231.745.285-34 JOSE NEUTON PEREIRA SOUZA. Valor: R$ 60.434,91. CPF CONTRATADA : 232.879.958-20 JOAO BATISTA RODRIGUES DA SILVA. Valor: R$ 65.011,71. CPF CONTRATADA : 239.038.304-10 DAVID BATISTADE AMORIM. Valor: R$ 64.031,37. CPF CONTRATADA : 244.195.165-34 DOMINGOS DOS SANTOS SILVA. Valor: R$ 68.842,42. CPF CONTRATADA : 247.768.878-27 RONILDO MARQUES MANGUEIRA. Valor: R$ 79.739,83. CPF CONTRATADA : 248.271.488-56 HORLANDO ALOISIO DE SOUZA. Valor: R$ 70.848,77. CPF CONTRATADA : 249.895.764-20 ZILVAR ELIAS DA SILVA. Valor: R$ 96.000,00. CPF CONTRATADA : 261.864.948-61 NELITO FARIASRIBEIRO. Valor: R$ 54.405,57. CPF CONTRATADA : 265.296.578-60 SERGIO BRITO DOS SANTOS. Valor: R$ 68.158,05. CPF CONTRATADA : 266.505.921-53 ANTONIO SOUSAGONCALVES. Valor: R$ 70.266,88. CPF CONTRATADA : 266.661.975-34 JOAO BOSCO MONTEIRO DE MENEZES. Valor: R$ 62.814,46. CPF CONTRATADA : 269.310.348-71 OSMAILDO SOARES ALVES MIRANDA. Valor: R$ 55.868,38. CPF CONTRATADA : 269.809.908-96 EDMILSON ANTONIO DA SILVA. Valor: R$ 57.210,21. CPF CONTRATADA : 272.166.594-49 JOAO PAULINO DOS SANTOS. Valor: R$ 96.000,00. CPF CONTRATADA : 274.358.575-72 GILBERTO ALBUQUERQUE MANGUEIRA. Valor: R$ 76.936,56. CPF CONTRATADA : 275.496.348-07 FERNANDO GOMES DE LIMA. Valor: R$ 96.000,00. CPF CONTRATADA : 292.456.958-32 ALESSANDRO ANTONIO DA SILVA. Valor: R$ 96.000,00. CPF CONTRATADA : 295.009.468-66 MILTON LOPES. Valor: R$ 62.573,82. CPF CONTRATADA : 296.336.484-91 RAIMUNDO EVERALDO MARQUES CAVALCANTE. Valor: R$ 61.607,01. CPF CONTRATADA : 298.366.328-08 JARDEL RODRIGUES DA SILVA. Valor: R$ 61.448,07. CPF CONTRATADA : 298.597.968-40 ADELSON JORGEDE CARVALHO SOUZA. Valor: R$ 66.303,56. CPF CONTRATADA : 303.529.754-15 EDIVALDO TEIXEIRA ALVES. Valor: R$ 75.031,95. CPF CONTRATADA : 310.718.804-20 JOSE JOAQUIM DA SILVA. Valor: R$ 65.009,66. CPF CONTRATADA : 310.971.114-15 OTACILIO DE MACEDO NUNES. Valor: R$ 67.124,92. CPF CONTRATADA : 317.728.838-08 JOSE IVANIO DE SOUZA. Valor: R$ 49.680,48. CPF CONTRATADA : 319.095.328-78 JOSE ALMEIDA DE SOUSA REIS. Valor: R$ 96.000,00. CPF CONTRATADA : 329.576.988-54 ADALTON RIBEIRO DOS PASSOS. Valor: R$ 63.995,66. CPF CONTRATADA : 335.885.778-66 LUCIANO JOSE DA SILVA. Valor: R$ 63.536,98. CPF CONTRATADA : 340.095.154-49 BOAVENTURA MANOEL ALVES. Valor: R$ 64.687,13. CPF CONTRATADA : 356.097.024-53 ALDECI JONAS DE SA. Valor: R$ 90.361,80. CPF CONTRATADA : 356.350.295-15 JOSE LERANDESDA SILVA. Valor: R$ 54.678,25. CPF CONTRATADA : 358.460.658-64 THIAGO LOPES NASCIMENTO. Valor: R$ 56.555,51. CPF CONTRATADA : 359.255.904-49 VALBERTO SANTANA GOMES. Valor: R$ 96.000,00. CPF CONTRATADA : 368.177.915-53 DJAIME PEREIRA GALVAO. Valor: R$ 57.237,04. CPF CONTRATADA : 370.203.074-34 NEWILTON SOARES DE SOUZA. Valor: R$ 96.000,00. CPF CONTRATADA : 373.469.623-20 JOSE ALDENI RODRIGUES. Valor: R$ 63.970,01. CPF CONTRATADA : 387.559.473-87 ALDIZIO BARBOSA GOMES. Valor: R$ 75.604,61. CPF CONTRATADA : 393.259.705-20 ADEMILTON ALMEIDA DO NASCIMENTO. Valor: R$ 70.160,22. CPF CONTRATADA : 396.808.435-72 ILDOMAR DE ASSIS RIBEIRO. Valor: R$ 65.464,09. CPF CONTRATADA : 401.765.838-58 FABIO DE OLIVEIRA SILVA. Valor: R$ 68.182,26. CPF CONTRATADA : 407.507.104-97 ANTONIO DE OLIVEIRA SOUZA. Valor: R$ 69.670,30. CPF CONTRATADA : 418.294.844-00 LOURIVAL LEONARDO DA SILVA. Valor: R$ 71.396,54. CPF CONTRATADA : 419.668.484-04 JURANDIR AMARO BEZERRA. Valor: R$ 71.134,74. CPF CONTRATADA : 425.628.305-63 MANOEL ANTUNES DIAS. Valor: R$ 56.363,64. CPF CONTRATADA : 431.729.034-00 ZOZIMAR BENEDITO GOMES. Valor: R$ 61.723,79. CPF CONTRATADA : 433.282.105-04 GENESIO DIAS DA SILVA. Valor: R$ 67.084,29. CPF CONTRATADA : 435.499.424-00 DAVI COELHO DOS ANJOS. Valor: R$ 62.499,14. CPF CONTRATADA : 435.964.445-00 CICERO FONSECA DE CASTRO. Valor: R$ 96.000,00. CPF CONTRATADA : 435.968.785-00 MARK CLERIDESCASTRO E SILVA. Valor: R$ 76.422,77. CPF CONTRATADA : 435.971.655-91 ANTONIO CARLOS ALVES GONCALVES. Valor: R$ 68.450,17. CPF CONTRATADA : 438.914.545-20 RAIMUNDO FERREIRA DOS SANTOS. Valor: R$ 96.000,00. CPF CONTRATADA : 451.271.233-04 RUFINO ANTONIO DE SOUSA. Valor: R$ 96.000,00. CPF CONTRATADA : 468.357.095-53 JOSE CARLOS SOARES DE SOUSA. Valor: R$ 59.905,49. CPF CONTRATADA : 472.140.584-72 JOSE ROBERTO BARBOSA DOS SANTOS. Valor: R$ 62.073,58. CPF CONTRATADA : 482.262.624-53 ANTONIO MARCOS FERREIRA LEITE. Valor: R$ 83.573,24. CPF CONTRATADA : 491.976.654-87 MARIANO GOMESDAS NEVES. Valor: R$ 70.984,10. CPF CONTRATADA : 493.989.625-00 JOSE NUNES AMORIM. Valor: R$ 75.541,54. CPF CONTRATADA : 495.366.725-53 SID NEY GONCALVES TEIXEIRA. Valor: R$ 76.253,05. CPF CONTRATADA : 495.386.755-68 MOISES SOARESSOUZA. Valor: R$ 56.129,60. CPF CONTRATADA : 512.486.467-20 ANTONIO ADELMO DA CRUZ MEDEIROS. Valor: R$ 73.978,98. CPF CONTRATADA : 513.993.345-49 VALMI ANDRADECARDOSO. Valor: R$ 96.000,00. CPF CONTRATADA : 520.295.815-34 ROBERTO CARLOS DA SILVA. Valor: R$ 55.865,64. CPF CONTRATADA : 527.264.955-91 ROSALVO RIBEIRO DE SOUZA. Valor: R$ 65.297,67. CPF CONTRATADA : 535.365.765-91 ORLEY GONCALVES TEIXEIRA. Valor: R$ 61.816,24. CPF CONTRATADA : 538.811.411-20 WALTERCIO TEIXEIRA CRUZ. Valor: R$ 96.000,00. CPF CONTRATADA : 544.761.354-04 JOSE FRANCINALDO SILVEIRA DOS REIS. Valor: R$ 44.621,93. CPF CONTRATADA : 549.988.755-15 RONILDO DE CASTRO SANTOS. Valor: R$ 64.228,10. CPF CONTRATADA : 561.482.834-68 JOAQUIM QUIRINO. Valor: R$ 62.509,09. CPF CONTRATADA : 564.781.603-78 JAILSON CAVALCANTE DO NASCIMENTO. Valor: R$ 96.000,00. CPF CONTRATADA : 592.889.735-91 FRANCISCO GUIMARAES DA CRUZ. Valor: R$ 58.594,94. CPF CONTRATADA : 608.857.345-72 GILBERTO NUNES DA SILVA. Valor: R$ 77.473,19. CPF CONTRATADA : 609.097.065-49 JOSE DE CASTRO PASSOS. Valor: R$ 65.309,65. CPF CONTRATADA : 618.068.034-53 DOMINGOS ANTONIO DA SILVA OLIVEIRA. Valor: R$ 63.109,02. CPF CONTRATADA : 622.296.054-53 GILMAR MORENODE ASSIS. Valor: R$ 69.662,36. CPF CONTRATADA : 623.078.784-91 PETRUS JUNIORGALINDO DA SILVA. Valor: R$ 74.887,37. CPF CONTRATADA : 638.710.255-34 JOSE CARLOS ARAUJO SANTOS. Valor: R$ 64.681,65. CPF CONTRATADA : 648.273.723-49 ANTONIO WELLINGTON DA SILVA. Valor: R$ 80.886,51. CPF CONTRATADA : 656.497.614-34 GILDENOR GERALDO DE AMORIM. Valor: R$ 60.430,33. CPF CONTRATADA : 657.205.634-15 JOSE TELES RODRIGUES. Valor: R$ 70.421,63. CPF CONTRATADA : 657.433.264-87 DIONISIO COELHO DA SILVA. Valor: R$ 79.953,67. CPF CONTRATADA : 658.112.834-15 ANTONIO CARLOS NUNES. Valor: R$ 53.200,31. CPF CONTRATADA : 659.854.353-34 ALEXSANDRO MODESTO DE MACEDO. Valor: R$ 60.798,65. CPF CONTRATADA : 682.288.484-04 JILVAN COELHODE MACEDO. Valor: R$ 61.955,77. CPF CONTRATADA : 685.829.005-20 ODAILSON SOUSA MARQUES. Valor: R$ 82.535,53. CPF CONTRATADA : 685.865.825-49 ADAILSON NUNES DE AMORIM. Valor: R$ 96.000,00. CPF CONTRATADA : 685.866.475-00 EDEILSON RODRIGUES DE SOUSA. Valor: R$ 96.000,00. CPF CONTRATADA : 686.763.795-72 EDIVALDO EVANGELISTA DE ARAUJO. Valor: R$ 96.000,00. CPF CONTRATADA : 687.608.685-20 REGIMAR DE OLIVEIRA AMORIM. Valor: R$ 68.960,78. CPF CONTRATADA : 701.421.724-05 JOSE KAUE LEAL AMORIM. Valor: R$ 51.661,27. CPF CONTRATADA : 701.498.244-32 JOSE RAONALDOBENICIO CRUZ. Valor: R$ 55.380,19. CPF CONTRATADA : 701.501.914-05 JOSE GABRIEL COELHO SIMAO. Valor: R$ 61.004,67. CPF CONTRATADA : 701.817.483-04 CLAUDIO DE SOUSA SILVA. Valor: R$ 96.000,00. CPF CONTRATADA : 703.160.144-43 EDUARDO AQUINO GALVAO DE SANTANA. Valor: R$ 68.079,29. CPF CONTRATADA : 704.547.794-53 CLEOMILTON TAVARES SIQUEIRA. Valor: R$ 64.263,59. CPF CONTRATADA : 705.149.844-49 JOSIVA RIBEIRO GOMES. Valor: R$ 96.000,00. CPF CONTRATADA : 705.807.634-04 BRENO HENRIQUE RIBEIRO MACEDO. Valor: R$ 56.931,88. CPF CONTRATADA : 706.313.834-09 WILLAMES AMORIM SILVA. Valor: R$ 49.147,20. CPF CONTRATADA : 706.878.385-68 JOSIMAR FEITOSA DOS ANJOS. Valor: R$ 67.366,84. CPF CONTRATADA : 709.848.354-07 SANDRO DE SOUZA RODRIGUES. Valor: R$ 75.272,42. CPF CONTRATADA : 733.909.414-87 AUGUSTO BEZERRA DE LIMA. Valor: R$ 85.563,50. CPF CONTRATADA : 737.700.943-87 ALEXSANDRO RIBEIRO DE BRITO. Valor: R$ 61.454,49. CPF CONTRATADA : 740.409.523-91 EDVALDO SEBASTIAO DE MACEDO. Valor: R$ 70.174,98. CPF CONTRATADA : 747.079.144-20 JOSE RICARDINO NETO. Valor: R$ 73.528,70. CPF CONTRATADA : 747.352.924-20 JESO RUBE COELHO. Valor: R$ 96.000,00. CPF CONTRATADA : 747.385.774-68 DJALMA ARAUJOSANTOS. Valor: R$ 68.633,13. CPF CONTRATADA : 770.044.775-68 VALDEI AMANCIO DA SILVA. Valor: R$ 67.603,36. CPF CONTRATADA : 774.364.234-87 JORGE SOARES DE SOUZA. Valor: R$ 69.993,86. CPF CONTRATADA : 780.564.974-04 ARIOSVALDO CARLOS DE MIRANDA. Valor: R$ 96.000,00. CPF CONTRATADA : 780.923.964-34 VANELSO NUNESBARBOSA. Valor: R$ 96.000,00. CPF CONTRATADA : 787.455.271-72 DIRNO FIRMINODA SILVA. Valor: R$ 71.112,30. CPF CONTRATADA : 795.304.944-91 CARLOS SERGIOHOLANDA E SILVA. Valor: R$ 77.979,82. CPF CONTRATADA : 805.281.711-00 SERGIO CORREIA DA SILVA. Valor: R$ 61.722,32. CPF CONTRATADA : 806.975.341-20 JOSE PEREIRA DE OLIVEIRA. Valor: R$ 68.193,80. CPF CONTRATADA : 810.982.194-49 LINDIVAL RODRIGUES DOS SANTOS. Valor: R$ 62.302,96. CPF CONTRATADA : 811.378.264-87 CARLOS CESAR COELHO SOARES. Valor: R$ 74.726,37. CPF CONTRATADA : 811.403.204-91 SEBASTIAO GEOVANI DOS HUMILDES COELHO. Valor: R$ 96.000,00. CPF CONTRATADA : 811.413.784-34 FRANCILDO FRANCISCO DE MELO. Valor: R$ 96.000,00. CPF CONTRATADA : 819.298.705-15 ELISMAR MARQUES MANGUEIRA. Valor: R$ 70.697,20. CPF CONTRATADA : 820.430.355-68 MAUREMIR CASTRO E SILVA. Valor: R$ 96.000,00. CPF CONTRATADA : 823.573.073-15 ANILSON DE CARVALHO SILVA. Valor: R$ 67.851,30. CPF CONTRATADA : 825.269.664-34 FRANCISCO ANTONIO RODRIGUES. Valor: R$ 91.266,73. CPF CONTRATADA : 826.365.243-04 JOSE MAURICIOTAVEIRA DA SILVA. Valor: R$ 96.000,00. CPF CONTRATADA : 844.478.005-78 RAIMUNDO UELTON FREIRE DA SILVA. Valor: R$ 66.398,73. CPF CONTRATADA : 845.159.884-68 ODILIO JOSE DE SOUZA. Valor: R$ 96.000,00. CPF CONTRATADA : 851.193.773-00 GESSIVALDO PEREIRA RODRIGUES. Valor: R$ 73.096,89. CPF CONTRATADA : 857.675.795-80 LUCAS MANGUEIRA DA SILVA. Valor: R$ 66.687,32. CPF CONTRATADA : 863.305.425-62 THIAGO DE SOUZA RODRIGUES. Valor: R$ 55.440,69. CPF CONTRATADA : 863.370.785-35 WANDERSON TORRES DA SILVA. Valor: R$ 69.269,22. CPF CONTRATADA : 873.326.803-78 RAIMUNDO REGINALDO DOMINGOS ALVES. Valor: R$ 66.809,12. CPF CONTRATADA : 880.513.155-53 RENACI VITAL DE OLIVEIRA. Valor: R$ 78.360,51. CPF CONTRATADA : 881.129.424-04 RAIMUNDO LEONILSON BATISTA. Valor: R$ 55.371,00. CPF CONTRATADA : 881.272.225-34 EDUARDO GONCALVES CAMPINHO. Valor: R$ 96.000,00. CPF CONTRATADA : 882.776.314-72 EDNALDO FRANCISCO COELHO. Valor: R$ 96.000,00. CPF CONTRATADA : 883.552.415-68 ADALTO DA COSTA. Valor: R$ 67.755,67. CPF CONTRATADA : 884.048.974-68 JOSE JUNIOR GUIMARAES MODESTO. Valor: R$ 63.000,01. CPF CONTRATADA : 888.297.075-20 AGOSTINHO RODRIGUES DA COSTA. Valor: R$ 71.894,68. CPF CONTRATADA : 890.942.715-91 LUIZ CARLOS AFONSO OLIVEIRA. Valor: R$ 73.903,19. CPF CONTRATADA : 895.046.664-34 ROSIVAN ALMEIDA CAVALCANTE. Valor: R$ 58.225,18. CPF CONTRATADA : 899.520.574-15 GERALDO MENDES DA SILVA. Valor: R$ 60.252,75. CPF CONTRATADA : 899.566.484-34 FRANCISCO FREITAS DOS SANTOS. Valor: R$ 96.000,00. CPF CONTRATADA : 899.597.794-91 MARUZAN GOMESDE AMORIM. Valor: R$ 80.769,60. CPF CONTRATADA : 899.898.563-20 FRANCISCO JOSE MARIANO. Valor: R$ 84.261,88. CPF CONTRATADA : 900.564.344-72 JOSE ARIOSMARDE MIRANDA. Valor: R$ 96.000,00. CPF CONTRATADA : 900.567.285-49 TADEU AMORIM COELHO. Valor: R$ 72.502,53. CPF CONTRATADA : 900.980.054-72 REGINALDO GOMES DE CARVALHO. Valor: R$ 71.310,54. CPF CONTRATADA : 900.986.504-59 ERONILDO ALVES DE CARVALHO. Valor: R$ 96.000,00. CPF CONTRATADA : 902.469.004-82 EDELGARD JANUARIO PEREIRA. Valor: R$ 86.014,54. CPF CONTRATADA : 903.019.275-53 GIVANILDO DE SOUZA RODRIGUES. Valor: R$ 65.825,94. CPF CONTRATADA : 908.404.455-04 GERALDO NUNESDA SILVA. Valor: R$ 71.530,41. CPF CONTRATADA : 913.151.158-91 ADERALDO EVANGELISTA DA SILVA. Valor: R$ 96.000,00. CPF CONTRATADA : 916.342.375-87 AGNALDO RODRIGUES DA COSTA. Valor: R$ 72.111,65. CPF CONTRATADA : 921.238.211-87 HELIO EVANGELISTA DA SILVA. Valor: R$ 96.000,00. CPF CONTRATADA : 933.744.965-04 JOSE NEYDSON SANTOS ARAUJO. Valor: R$ 70.146,33. CPF CONTRATADA : 935.109.504-53 FRANCISCO DE ASSIS DA SILVA SANTOS. Valor: R$ 70.568,02. CPF CONTRATADA : 937.167.451-20 CILENO DE ARAUJO PEREIRA. Valor: R$ 77.075,90. CPF CONTRATADA : 939.285.055-72 GILSON SOUZA SILVA. Valor: R$ 71.034,79. CPF CONTRATADA : 944.037.674-00 PAULO JOSE DASILVA. Valor: R$ 79.362,67. CPF CONTRATADA : 944.037.834-49 ANTONIO NETO SARAIVA PAULINO. Valor: R$ 75.829,66. CPF CONTRATADA : 944.182.844-00 FRANCISCO RODRIGUES DOS SANTOS. Valor: R$ 71.672,66. CPF CONTRATADA : 945.882.604-72 JOSE LINO NUNES DA SILVA. Valor: R$ 76.149,46. CPF CONTRATADA : 946.348.744-15 JOSE GOMES DONASCIMENTO. Valor: R$ 53.756,01. CPF CONTRATADA : 951.030.585-53 ADINAN SANTANA DE MEDEIROS. Valor: R$ 66.043,52. CPF CONTRATADA : 955.198.665-20 FABIO AUGUSTODA SILVA. Valor: R$ 70.068,31. CPF CONTRATADA : 962.777.935-00 ELVIS NASCIMENTO SILVA. Valor: R$ 63.309,45. CPF CONTRATADA : 962.975.495-91 MAELSON LIBORIO DIAS. Valor: R$ 63.798,71. CPF CONTRATADA : 963.048.804-30 JOAO FRANCISCO DE MELO. Valor: R$ 51.411,96. CPF CONTRATADA : 963.151.134-00 JOAO ELDO GUIMARAES COSTA. Valor: R$ 59.733,44. CPF CONTRATADA : 963.543.304-25 ANTONIO HELTON ANDRADE JACO. Valor: R$ 66.269,10. CPF CONTRATADA : 967.600.365-49 RONIVALDO DA SILVA COSTA. Valor: R$ 66.009,47. CPF CONTRATADA : 968.164.575-87 RILDOMAR ROBSON DE ARAUJO. Valor: R$ 96.000,00. CPF CONTRATADA : 972.124.314-00 ANTONIO ERINALDO RIBEIRO. Valor: R$ 68.735,99. CPF CONTRATADA : 972.934.405-10 MARCONDES CLERISTON CASTRO E SILVA. Valor: R$ 96.000,00. CPF CONTRATADA : 973.210.955-68 BRAZ LIBORIO FERREIRA. Valor: R$ 65.693,22. CPF CONTRATADA : 978.175.205-00 MACIEL DIAS COSTA. Valor: R$ 63.168,14. CPF CONTRATADA : 983.586.934-00 ERISVALDO DELMONDES SOARES. Valor: R$ 96.000,00. CPF CONTRATADA : 983.647.744-68 ANTONIO NILVAN DE ALENCAR. Valor: R$ 73.391,78. CPF CONTRATADA : 984.367.085-04 GILMAR DE CARVALHO SILVA. Valor: R$ 74.427,08. CPF CONTRATADA : 984.511.975-15 JOSIVAL DOS PASSOS CARVALHO. Valor: R$ 65.761,99. CPF CONTRATADA : 984.579.934-53 JOAO PIO DO NASCIMENTO. Valor: R$ 29.846,88. CPF CONTRATADA : 985.177.084-15 JOSE ROBERTO GOMES DE SOUZA. Valor: R$ 96.000,00. CPF CONTRATADA : 985.186.074-34 AMILTON NUNESGOMES. Valor: R$ 96.000,00. CPF CONTRATADA : 986.655.025-72 EDINEI SIMOES. Valor: R$ 69.244,75. CPF CONTRATADA : 989.241.334-20 ADRIANO LOPESLACERDA. Valor: R$ 72.391,67. CPF CONTRATADA : 989.514.404-00 MARCOS CESAR BARBOSA NETO. Valor: R$ 96.000,00. CPF CONTRATADA : 989.986.175-87 GLEIDSON ALEXANDRE AMORIM ARAUJO. Valor: R$ 69.859,43. CPF CONTRATADA : 994.732.835-04 ARTUR DO NASCIMENTO SILVA JUNIOR. Valor: R$ 96.000,00</p><p>(SIDEC - 24/08/2022) 160183-00001-2022NE000001</p>]]></Texto>
  </body>
  <Midias />
</article></xml>