﻿<xml><article id="27700047" name="ACORDO DE COOP. CNPq-FACEPE J.D." idOficio="7354253" pubName="DO3" artType="Extrato" pubDate="25/08/2022" artClass="00011:00047:00000:00000:00000:00000:00000:00000:00000:00000:00172:00000" artCategory="Ministério da Ciência, Tecnologia e Inovações/Conselho Nacional de Desenvolvimento Científico e Tecnológico" artSize="12" artNotes="" numberPage="11" pdfPage="http://pesquisa.in.gov.br/imprensa/jsp/visualiza/index.jsp?data=25/08/2022&amp;jornal=530&amp;pagina=11" editionNumber="162" highlightType="" highlightPriority="" highlight="" highlightimage="" highlightimagename="" idMateria="14834665">
  <body>
    <Identifica><![CDATA[ EXTRATO DE ACORDO DE COOPERAÇÃO]]></Identifica>
    <Data><![CDATA[]]></Data>
    <Ementa />
    <Titulo />
    <SubTitulo />
    <Texto><![CDATA[<p class="identifica">EXTRATO DE ACORDO DE COOPERAÇÃO</p><p>Espécie : Acordo de Cooperação - Processo SEI: 01300.008711/2022-24</p><p>Partícipes: Conselho Nacional de Desenvolvimento Científico e Tecnológico - CNPq, CNPJ 33.654.831/0001-36 e a Fundação de Amparo a Ciência e Tecnologia do Estado de Pernambuco - FACEPE, CNPJ 24.566.440/0001-79. Do Objeto: Constitui objeto do Acordo de Cooperação estabelecer parceria entre o Primeiro Partícipe e o Segundo Partícipe, com vistas à concessão de recursos a projetos de pesquisa que visem contribuir significativamente para o desenvolvimento científico e tecnológico e a inovação do País, por meio da concessão de bolsas e auxílios para jovens doutores em todas as áreas do conhecimento no âmbito do Programa de Apoio à Fixação de Jovens Doutores no Brasil, conforme descritas no Plano de Trabalho. O Programa de Apoio à Fixação de Jovens Doutores possui os seguintes objetivos específicos: a) criar condições favoráveis para que jovens doutores possam prosseguir com suas atividades de pesquisa junto a grupos e redes de reconhecida excelência no País; b) contribuir para a retenção de jovens doutores em Instituições Científicas, Tecnológicas e de Inovação (ICTs) e empresas, em áreas consideradas de vanguarda científico-tecnológica e/ou em temas estratégicos para as regiões e para o País; e c) estimular a realização de ações comuns e complementares entre o CNPq e as Fundações de Amparo à Pesquisa (FAPs), impulsionando a utilização de recursos de forma descentralizada e flexível para o fortalecimento e a expansão dos grupos de pesquisa das várias Unidades Federativas (UFs) do País. Da Forma de Execução: Para alcançar os objetivos previstos no Acordo, serão concedidas bolsas de Pós-Doutorado Junior (PDJ) e de Pós-Doutorado Empresarial (PDI), sob responsabilidade do Primeiro Partícipe e recursos de capital/custeio e bolsas sob responsabilidade do Segundo Partícipe. Os Partícipes obrigam-se a cumprir o Plano de Trabalho, parte integrante e indissociável do Acordo de Cooperação. Dentro de suas respectivas responsabilidades, os Partícipes proporcionarão, reciprocamente, os apoios técnico-administrativo e operacional necessários à execução das metas/etapas previstas no Plano de Trabalho. Do Valor e da Dotação Orçamentária: Importa o Acordo de Cooperação o valor global de R$ 8.340.000,00, sendo R$ 5.000.000,00 a serem concedidos pelo Primeiro Partícipe na forma de bolsas PDJ e PDI e R$ 3.340.000,00 a serem concedidos pelo Segundo Partícipe como contrapartida, a depender da disponibilidade orçamentária e financeira dos Partícipes e em conformidade com o estabelecido no Plano de Trabalho. Os recursos destinados à execução das ações previstas no Plano de Trabalho, sob responsabilidade do Primeiro Partícipe, são oriundos do Termo de Execução Descentralizada - TED, celebrado entre e o Fundo Nacional de Desenvolvimento Científico e Tecnológico - FNDCT/Financiadora de Estudos e Projetos - FINEP e o Primeiro Partícipe. Não haverá transferência de recursos entre os partícipes do Acordo de Cooperação. As liberações dos recursos por parte do Primeiro Partícipe estarão condicionadas ao aporte de recursos de contrapartida financeira por parte do Segundo Partícipe, os quais podem ser divididos em até duas parcelas por projeto de pesquisa aprovado. Recursos do Primeiro Partícipe não utilizados no Acordo de Cooperação poderão ser usados e transferidos para outras FAPs, ampliando o limite de alocação de recursos do Programa em FAPs de outras Unidades da Federação (UFs). Consideram-se recursos não utilizados aqueles destinados à FAP e que não foram comprometidos após o resultado final da respectiva Chamada ou Edital Público, ou aqueles destinados à FAP que não lançou a respectiva Chamada ou Edital Público no ano de 2022. Da Vigência: O Acordo vigerá pelo prazo de 36 meses, a contar da data de sua assinatura. Data de assinatura: 22/08/2022. Signatários: Pelo CNPq: Evaldo Ferreira Vilela - Presidente, CPF ***.547.806-**, Pela FACEPE: José Fernando Thomé Jucá - Presidente, CPF: ***.493.964-**.</p>]]></Texto>
  </body>
  <Midias />
</article></xml>