﻿<xml><article id="27716195" name="2022-08-24/7354861/COMPRASNETWS_" idOficio="7354861" pubName="DO3" artType="Extrato de Termo Aditivo" pubDate="25/08/2022" artClass="00013:00011:00011:00116:00001:00000:00000:00000:00000:00000:00054:00001" artCategory="Ministério da Defesa/Comando do Exército/Comando Militar do Norte/8ª Região Militar/Comissão Regional de Obras / 8ª Região Militar" artSize="12" artNotes="" numberPage="27" pdfPage="http://pesquisa.in.gov.br/imprensa/jsp/visualiza/index.jsp?data=25/08/2022&amp;jornal=530&amp;pagina=27" editionNumber="162" highlightType="" highlightPriority="" highlight="" highlightimage="" highlightimagename="" idMateria="14835449">
  <body>
    <Identifica><![CDATA[ EXTRATO DE TERMO ADITIVO Nº 1/2022 - UASG 160215]]></Identifica>
    <Data><![CDATA[]]></Data>
    <Ementa />
    <Titulo />
    <SubTitulo />
    <Texto><![CDATA[<p class="identifica">EXTRATO DE TERMO ADITIVO Nº 1/2022 - UASG 160215</p><p>Número do Contrato: 1/2021.</p><p>Nº Processo: 64330.002778/2020-56.</p><p>Concorrência. Nº 1/2020. Contratante: COMISSAO REGIONAL DE OBRAS DA 8ª RM. Contratado: 00.654.914/0001-76 - SENENGE CONSTRUCAO CIVIL E SERVICOS LTDA. Objeto: Supressão e acréscimo de serviços do valor inicial do contrato, valor do aditivo perfazendo o total de r$ 1.111.045,90 (um milhão, cento e onze reais, quarenta e cinco reais e noventa centavos).. Vigência: 02/08/2022 a 01/10/2024. Valor Total Atualizado do Contrato: R$ 23.670.204,67. Data de Assinatura: 02/08/2022.</p><p>(COMPRASNET 4.0 - 02/08/2022).</p>]]></Texto>
  </body>
  <Midias />
</article></xml>