﻿<xml><article id="27693906" name="EMPENHO 198 2022" idOficio="7353083" pubName="DO3" artType="Extrato de Nota de Empenho" pubDate="25/08/2022" artClass="00014:00043:00000:00000:00000:00000:00000:00000:00000:00000:00136:00000" artCategory="Ministério do Desenvolvimento Regional/Departamento Nacional de Obras Contra as Secas" artSize="12" artNotes="" numberPage="39" pdfPage="http://pesquisa.in.gov.br/imprensa/jsp/visualiza/index.jsp?data=25/08/2022&amp;jornal=530&amp;pagina=39" editionNumber="162" highlightType="" highlightPriority="" highlight="" highlightimage="" highlightimagename="" idMateria="14833284">
  <body>
    <Identifica><![CDATA[  EXTRATO NOTA DE EMPENHO]]></Identifica>
    <Data><![CDATA[]]></Data>
    <Ementa />
    <Titulo />
    <SubTitulo />
    <Texto><![CDATA[<p class="identifica">EXTRATO NOTA DE EMPENHO</p><p></p><p>NOTA DE EMPENHO 2022NE198, PTRES 168796, FONTE DE RECURSO 0100000000, NATUREZA DA DESPESA 339040, PLANO INTERNO DNOCS0032; Objeto: FORNECIMENTO DE CERTIFICADOS DO TIPO A3 PESSOA FÍSICA ¿ PADRÃO ICP-BRASIL (E-CPF) + TOKENS CRIPTOGRÁFICOS PARA ARMAZENAMENTO DOS CERTIFICADOS A3. UG EMITENTE: DEPARTAMENTO NACIONAL DE OBRAS CONTRA AS SECAS - DNOCS, CNPJ 00.043.711/0001-43; Favorecido: CE CERTIFICADOS DIGITAL LTDA, CNPJ 27.842.417/0001-58; Valor: R$ 16.985,00; Amparo Legal: Lei 8.666/93, Artigo 24, Inciso II; Dispensa de Licitação, Data de Assinatura: 19/08/2022; Assinam: Ordenador de Despesa: José Rosilônio Magalhães de Araújo, Gestor Financeiro: Francisco Evaldo Braz Azevedo; Processo nº 59400.001579/2022-81.</p>]]></Texto>
  </body>
  <Midias />
</article></xml>