﻿<xml><article id="27715759" name="Sidec_00207" idOficio="7355149" pubName="DO3" artType="Aviso" pubDate="25/08/2022" artClass="00013:00012:00008:00046:00009:00000:00000:00000:00000:00000:00108:00208" artCategory="Ministério da Defesa/Comando da Marinha/Comando de Operações Navais/7º Distrito Naval/Hospital Naval de Brasília" artSize="12" artNotes="" numberPage="34" pdfPage="http://pesquisa.in.gov.br/imprensa/jsp/visualiza/index.jsp?data=25/08/2022&amp;jornal=530&amp;pagina=34" editionNumber="162" highlightType="" highlightPriority="" highlight="" highlightimage="" highlightimagename="" idMateria="14836104">
  <body>
    <Identifica><![CDATA[ AVISO DE REABERTURA DE PRAZO]]></Identifica>
    <Data><![CDATA[]]></Data>
    <Ementa />
    <Titulo />
    <SubTitulo />
    <Texto><![CDATA[<p class="identifica">AVISO DE REABERTURA DE PRAZO</p><p class="identifica">PREGÃO Nº 8/2021</p><p>Comunicamos a reabertura de prazo da licitação supracitada, processo Nº 63060013233202111. , publicada no D.O.U de 10/08/2022 . Objeto: Pregão Eletrônico - O objeto da presente licitação é a escolha da proposta mais vantajosa para a contratação de Serviços de Limpeza, Asseio e Conservação de Áreas Administrativas e Médicos-Hospitalares, com terceirização de mão de obra com dedicação exclusiva e fornecimento de insumos diretamente relacionados com o serviço, visando atender as necessidades do Hospital Naval de Brasília, Divisão de Odontologia do Guará e Posto Médico da Vila Naval Visconde de Inhaúma. Novo Edital: 25/08/2022 das 08h00 às 12h00 e de13h30 às 15h00. Endereço: Av. W-5 Sul Eq-711/911 Seps Plano Piloto BRASILIA - DFEntrega das Propostas: a partir de 25/08/2022 às 08h00 no site www.comprasnet.gov.br. Abertura das Propostas: 06/09/2022, às 09h00 no site www.comprasnet.gov.br.</p><p class="assina">JULIANA VASQUES COELHO MORAES</p><p class="cargo">Pregoeira</p><p>(SIDEC - 24/08/2022) 787700-00001-2022NE000004</p>]]></Texto>
  </body>
  <Midias />
</article></xml>