﻿<xml><article id="27698847" name="Edital Auto JULGADO 50-2022" idOficio="7353990" pubName="DO3" artType="Edital de Notificação" pubDate="25/08/2022" artClass="00013:00012:00008:00048:00002:00085:00000:00000:00000:00000:00064:00000" artCategory="Ministério da Defesa/Comando da Marinha/Comando de Operações Navais/9º Distrito Naval/Capitania Fluvial da Amazônia Ocidental/Agência Fluvial de Itacoatiara" artSize="12" artNotes="" numberPage="36" pdfPage="http://pesquisa.in.gov.br/imprensa/jsp/visualiza/index.jsp?data=25/08/2022&amp;jornal=530&amp;pagina=36" editionNumber="162" highlightType="" highlightPriority="" highlight="" highlightimage="" highlightimagename="" idMateria="14834340">
  <body>
    <Identifica><![CDATA[ Edital de Convocação n° 50/2022]]></Identifica>
    <Data><![CDATA[]]></Data>
    <Ementa />
    <Titulo />
    <SubTitulo />
    <Texto><![CDATA[<p class="identifica">Edital de Convocação n° 50/2022</p><p class="identifica">Edital de Convocação n° 50/2022 com prazo de 15 (quinze) dias úteis</p><p>O Agente, Capitão-Tenente (AA) CLAUDIO GEOVANI DA SILVA, torna público a quantos interessarem o presente EDITAL, em especial, aos Senhores abaixo relacionados:</p><p /><p></p><table><tr /><tr><td rowspan="1" colspan="2"><p>PROPRIETÁRIO/ EMPRESA</p></td><td rowspan="1" colspan="2"><p>CPF/CNPJ</p></td><td rowspan="1" colspan="3"><p>NOME DA EMBARCAÇÃO</p></td></tr><tr><td rowspan="1" colspan="2"><p>FRANCIS JOSÉ CHEHUAN &amp; CIA LTDA</p></td><td rowspan="1" colspan="2"><p>04.819.181/0001-33</p></td><td rowspan="1" colspan="2"><p>BRASIL ESPERANÇA</p></td></tr><tr><td rowspan="1" colspan="2"><p>ASSOCIAÇÃO OPERAÇÃO AMAZONIA</p></td><td rowspan="1" colspan="2"><p>09.214.870/0001-38</p></td><td rowspan="1" colspan="2"><p>NOVA VIDA AMAZON</p></td></tr><tr><td rowspan="1" colspan="2"><p>A. J. NAVEGAÇÃO E SERVIÇOS LTDA</p></td><td rowspan="1" colspan="2"><p>15.868.621/0001-69</p></td><td rowspan="1" colspan="2"><p>ARCO IRIS</p></td></tr><tr><td rowspan="1" colspan="2"><p>GALO DA SERRA NAV. FLUV. E LOGIST. LTDA</p></td><td rowspan="1" colspan="2"><p>63.742.878/0001-12</p></td><td rowspan="1" colspan="2"><p>GALO DA SERRA 50</p></td></tr><tr><td rowspan="1" colspan="2"><p>GALO DA SERRA NAV. FLUV. E LOGIST. LTDA</p></td><td rowspan="1" colspan="2"><p>63.742.878/0001-12</p></td><td rowspan="1" colspan="2"><p>GALO DA SERRA 58</p></td></tr><tr><td rowspan="1" colspan="2"><p>GALO DA SERRA NAV. FLUV. E LOGIST. LTDA</p></td><td rowspan="1" colspan="2"><p>63.742.878/0001-12</p></td><td rowspan="1" colspan="2"><p>GALO DA SERRA LXI</p></td></tr><tr><td rowspan="1" colspan="2"><p>GALO DA SERRA NAV. FLUV. E LOGIST. LTDA</p></td><td rowspan="1" colspan="2"><p>63.742.878/0001-12</p></td><td rowspan="1" colspan="2"><p>GALO DA SERRA XLI</p></td></tr><tr><td rowspan="1" colspan="2"><p>MARGARIDA DOS SANTOS FERREIRA</p></td><td rowspan="1" colspan="2"><p>314.472.362-20</p></td><td rowspan="1" colspan="2"><p>SANTA FE</p></td></tr><tr><td rowspan="1" colspan="2"><p>ELY FERREIRA ONO</p></td><td rowspan="1" colspan="2"><p>013.594.252-76</p></td><td rowspan="1" colspan="2"><p>M ONO</p></td></tr><tr><td rowspan="1" colspan="2"><p>ELY FERREIRA ONO</p></td><td rowspan="1" colspan="2"><p>013.594.252-76</p></td><td rowspan="1" colspan="2"><p>M ONO</p></td></tr></table><p>que por esta Organização Militar, situada à AVENIDA PARQUE, 262, CENTRO - ITACOATIARA/AM, tramitam os AUTOS DE INFRAÇÃO Nº 005P2021000921, 005P2021000939, 005P2021000947, 005P2021000955, 005P2021001561, 005P2021001510, 005P2021001501, 005P2021000963, 005P2021001536 e 005P2021001617por infringir à Lei 9.537, de 11 de dezembro de 1997, e seu Regulamento aprovado pelo Decreto nº 2.596, de 18 de maio de 1998 e à Lei nº 8.374, de 30 de dezembro de 1991, e como não foi possível citá-lo pessoalmente ou por via postal com aviso de recebimento, por se encontrar em lugar incerto e não sabido, fica ciente de que tem o prazo de 15 (quinze) dias úteis, a contar da data de publicação do presente EDITAL, para cumprir as penalidades impostas, findo os quais o processo terá prosseguimento sendo o débito existente passível de inscrição na Dívida Ativa da União, independentemente de seus comparecimentos. E para que não alegue ignorância do processo e/ou cerceamento de defesa, o Agente, mandou expedir o presente EDITAL DE CONVOCAÇÃO que será publicado e afixado em local próprio, conforme os artigos 231 e 232 do Código de Processo Civil.</p><p class="assina">Capitão-Tenente (AA) CLAUDIO GEOVANI DA SILVA</p>]]></Texto>
  </body>
  <Midias />
</article></xml>