﻿<xml><article id="27714720" name="Sidec_00185" idOficio="7355149" pubName="DO3" artType="Resultado de Julgamento" pubDate="25/08/2022" artClass="00013:00011:00012:00075:00079:00000:00000:00000:00000:00000:00120:00186" artCategory="Ministério da Defesa/Comando do Exército/Comando Militar do Oeste/13ª Brigada de Infantaria Motorizada/Comando de Fronteira Jauru/ 66º Batalhão de Infantaria Motorizado" artSize="12" artNotes="" numberPage="27" pdfPage="http://pesquisa.in.gov.br/imprensa/jsp/visualiza/index.jsp?data=25/08/2022&amp;jornal=530&amp;pagina=27" editionNumber="162" highlightType="" highlightPriority="" highlight="" highlightimage="" highlightimagename="" idMateria="14836082">
  <body>
    <Identifica><![CDATA[ RESULTADO DE JULGAMENTO]]></Identifica>
    <Data><![CDATA[]]></Data>
    <Ementa />
    <Titulo />
    <SubTitulo />
    <Texto><![CDATA[<p class="identifica">RESULTADO DE JULGAMENTO</p><p class="identifica">PREGÃO Nº 5/2022</p><p>A Comissão de Licitação do Comando de FronteiraJAURU 66º Batalhão de Fronteira, UG 160155, comunica o resultado de julgamento do Pregão Eletrônico Para Registro de Preços (SRP)052022 Registro de Preços para eventual aquisição de Combustíveis e Lubrificantes. Em conformidade com às disposições contidas no Edital e por incorrer em inexistencias de propostas, caracterizou - se como "licitação deserta". Conforme resultado disponível no endereço www.comprasgovernamentais.gov.br.</p><p class="assina">LEANDRO BASTO PEREIRA</p><p class="cargo">Ordenador de despesas</p><p>(SIDEC - 24/08/2022) 160155-00001-2022NE000001</p>]]></Texto>
  </body>
  <Midias />
</article></xml>