﻿<xml><article id="27714459" name="2022-08-24/7353064/COMPRASNETWS_" idOficio="7353064" pubName="DO3" artType="Extrato de Termo Aditivo" pubDate="25/08/2022" artClass="00013:00011:00009:00008:00008:00000:00000:00000:00000:00000:00054:00001" artCategory="Ministério da Defesa/Comando do Exército/Comando Militar do Leste/1ª Região Militar/Hospital Central do Exército" artSize="12" artNotes="" numberPage="20" pdfPage="http://pesquisa.in.gov.br/imprensa/jsp/visualiza/index.jsp?data=25/08/2022&amp;jornal=530&amp;pagina=20" editionNumber="162" highlightType="" highlightPriority="" highlight="" highlightimage="" highlightimagename="" idMateria="14833259">
  <body>
    <Identifica><![CDATA[ EXTRATO DE TERMO ADITIVO Nº 3/2022 - UASG 160322]]></Identifica>
    <Data><![CDATA[]]></Data>
    <Ementa />
    <Titulo />
    <SubTitulo />
    <Texto><![CDATA[<p class="identifica">EXTRATO DE TERMO ADITIVO Nº 3/2022 - UASG 160322</p><p>Número do Contrato: 18/2019.</p><p>Nº Processo: Inex 17/2018.</p><p>Inexigibilidade. Nº 17/2018. Contratante: HOSPITAL CENTRAL DO EXERCITO. Contratado: 61.797.924/0016-31 - HEWLETT-PACKARD BRASIL LTDA. Objeto: Prorrogação do prazo de vigência do contrato original. Contratação de empresa para serviços de suporte técnico e atualizações de software.. Vigência: 01/09/2022 a 31/08/2023. Valor Total Atualizado do Contrato: R$ 319.675,13. Data de Assinatura: 08/08/2022.</p><p>(COMPRASNET 4.0 - 08/08/2022).</p>]]></Texto>
  </body>
  <Midias />
</article></xml>