﻿<xml><article id="27709493" name="Termo de AdesAo 24-08-2022" idOficio="7355937" pubName="DO3" artType="Extrato de Adesão" pubDate="25/08/2022" artClass="00008:00024:00037:00000:00000:00000:00000:00000:00000:00000:00018:00000" artCategory="Ministério da Cidadania/Secretaria Especial do Desenvolvimento Social/Secretaria Nacional de Inclusão Social e Produtiva" artSize="12" artNotes="" numberPage="8" pdfPage="http://pesquisa.in.gov.br/imprensa/jsp/visualiza/index.jsp?data=25/08/2022&amp;jornal=530&amp;pagina=8" editionNumber="162" highlightType="" highlightPriority="" highlight="" highlightimage="" highlightimagename="" idMateria="14837227">
  <body>
    <Identifica><![CDATA[Extratos de  ADESÃO ]]></Identifica>
    <Data><![CDATA[]]></Data>
    <Ementa />
    <Titulo />
    <SubTitulo />
    <Texto><![CDATA[<p class="identifica">Extratos de ADESÃO</p><p>PROGRAMA ALIMENTA BRASIL</p><p>REFERÊNCIA: Processo 71000.082758/2013-29 no qual o Município de JITAÚNA / BA manifesta interesse na Adesão ao Programa Alimenta Brasil.</p><p>INSTRUMENTO: Termo de Adesão nº 00750/2022</p><p>OBJETO: Adesão do Município ao Programa Alimenta Brasil, conforme previsto no artigo 37 da Lei nº 14.284, de 29 de dezembro de 2021, a fim de cooperar, no âmbito de seu território, para a execução do Programa.</p><p>VIGÊNCIA: 60 (sessenta) meses, a partir da data de publicação, prorrogável automaticamente por igual período desde que não haja manifestação contrária das partes do extrato no Diário Oficial da União.</p><p>DATA DE ASSINATURA: 24/08/2022.</p><p>SIGNATÁRIO:MARCELO PECORELLI GOMES, Prefeito Municipal de JITAÚNA / BA - CPF nº 004.132.495-14</p><p>PROGRAMA ALIMENTA BRASIL</p><p>REFERÊNCIA: Processo 71000.079559/2013-33 no qual o Município de TUCURUÍ/PA manifesta interesse na Adesão ao Programa Alimenta Brasil.</p><p>INSTRUMENTO: Termo de Adesão nº 00739/2022</p><p>OBJETO: Adesão do Município ao Programa Alimenta Brasil, conforme previsto no artigo 37 da Lei nº 14.284, de 29 de dezembro de 2021, a fim de cooperar, no âmbito de seu território, para a execução do Programa.</p><p>VIGÊNCIA: 60 (sessenta) meses, a partir da data de publicação, prorrogável automaticamente por igual período desde que não haja manifestação contrária das partes do extrato no Diário Oficial da União.</p><p>DATA DE ASSINATURA: 24/08/2022.</p><p>SIGNATÁRIO: ALEXANDRE FRANÇA SIQUEIRA, Prefeito Municipal de TUCURUÍ/PA - CPF nº 839.128.942-72</p><p>PROGRAMA ALIMENTA BRASIL</p><p>REFERÊNCIA: Processo 71000.111351/2014-05 no qual o Município de Barbosa Ferraz/PR manifesta interesse na Adesão ao Programa Alimenta Brasil.</p><p>INSTRUMENTO: Termo de Adesão nº 01147/2022</p><p>OBJETO: Adesão do Município ao Programa Alimenta Brasil, conforme previsto no artigo 37 da Lei nº 14.284, de 29 de dezembro de 2021, a fim de cooperar, no âmbito de seu território, para a execução do Programa.</p><p>VIGÊNCIA: 60 (sessenta) meses, a partir da data de publicação, prorrogável automaticamente por igual período desde que não haja manifestação contrária das partes do extrato no Diário Oficial da União.</p><p>DATA DE ASSINATURA: 24/08/2022.</p><p>SIGNATÁRIO: EDENILSON APARECIDO MILIOSSI , Prefeito Municipal de Barbosa Ferraz/PR - CPF nº 917.627.079-34.</p><p>PROGRAMA ALIMENTA BRASIL</p><p>REFERÊNCIA: Processo 71000.079281/2013-02 no qual o Município de GLORIA DE DOURADOS / MS manifesta interesse na Adesão ao Programa Alimenta Brasil.</p><p>INSTRUMENTO: Termo de Adesão nº 01400/2022</p><p>OBJETO: Adesão do Município ao Programa Alimenta Brasil, conforme previsto no artigo 37 da Lei nº 14.284, de 29 de dezembro de 2021, a fim de cooperar, no âmbito de seu território, para a execução do Programa.</p><p>VIGÊNCIA: 60 (sessenta) meses, a partir da data de publicação, prorrogável automaticamente por igual período desde que não haja manifestação contrária das partes do extrato no Diário Oficial da União.</p><p>DATA DE ASSINATURA: 24/08/2022.</p><p>SIGNATÁRIO:ARISTEU PEREIRA NANTES, Prefeito Municipal de GLORIA DE DOURADOS / MS - CPF nº 390.266.041-49</p><p>PROGRAMA ALIMENTA BRASIL</p><p>REFERÊNCIA: Processo 71000.115914/2012-64 no qual o Município de POÇÕES / BA manifesta interesse na Adesão ao Programa Alimenta Brasil.</p><p>INSTRUMENTO: Termo de Adesão nº 00749/2022</p><p>OBJETO: Adesão do Município ao Programa Alimenta Brasil, conforme previsto no artigo 37 da Lei nº 14.284, de 29 de dezembro de 2021, a fim de cooperar, no âmbito de seu território, para a execução do Programa.</p><p>VIGÊNCIA: 60 (sessenta) meses, a partir da data de publicação, prorrogável automaticamente por igual período desde que não haja manifestação contrária das partes do extrato no Diário Oficial da União.</p><p>DATA DE ASSINATURA: 24/08/2022.</p><p>SIGNATÁRIO:IRENILDA CUNHA DE MAGALHÃES, Prefeito Municipal de POÇÕES/ BA - CPF nº 270.595.105-91</p><p>PROGRAMA ALIMENTA BRASIL</p><p>REFERÊNCIA: Processo 71000.090861/2021-52 no qual o Município de GOVERNADOR NEWTON BELLO/MA manifesta interesse na Adesão ao Programa Alimenta Brasil.</p><p>INSTRUMENTO: Termo de Adesão nº 01128/2022</p><p>OBJETO: Adesão do Município ao Programa Alimenta Brasil, conforme previsto no artigo 37 da Lei nº 14.284, de 29 de dezembro de 2021, a fim de cooperar, no âmbito de seu território, para a execução do Programa.</p><p>VIGÊNCIA: 60 (sessenta) meses, a partir da data de publicação, prorrogável automaticamente por igual período desde que não haja manifestação contrária das partes do extrato no Diário Oficial da União.</p><p>DATA DE ASSINATURA: 24/08/2022.</p><p>SIGNATÁRIO: ROBERTO SILVA ARAUJO, Prefeito Municipal de GOVERNADOR NEWTON BELLO/MA - CPF nº 712.585.581-49</p><p>PROGRAMA ALIMENTA BRASIL</p><p>REFERÊNCIA: Processo 71000.070031/2022-90 no qual o Município de SANTA MARIA DA BOA VISTA/PE manifesta interesse na Adesão ao Programa Alimenta Brasil.</p><p>INSTRUMENTO: Termo de Adesão nº 01422/2022</p><p>OBJETO: Adesão do Município ao Programa Alimenta Brasil, conforme previsto no artigo 37 da Lei nº 14.284, de 29 de dezembro de 2021, a fim de cooperar, no âmbito de seu território, para a execução do Programa.</p><p>VIGÊNCIA: 60 (sessenta) meses, a partir da data de publicação, prorrogável automaticamente por igual período desde que não haja manifestação contrária das partes do extrato no Diário Oficial da União.</p><p>DATA DE ASSINATURA: 24/08/2022.</p><p>SIGNATÁRIO: GEORGE RODRIGUES DUARTE, Prefeito Municipal de SANTA MARIA DA BOA VISTA/PE - CPF nº 598.946.014-72.</p><p>PROGRAMA ALIMENTA BRASIL</p><p>REFERÊNCIA: Processo 71000.071359/2022-23 no qual o Município de DÁRIO MEIRA / BA manifesta interesse na Adesão ao Programa Alimenta Brasil.</p><p>INSTRUMENTO: Termo de Adesão nº 01467/2022</p><p>OBJETO: Adesão do Município ao Programa Alimenta Brasil, conforme previsto no artigo 37 da Lei nº 14.284, de 29 de dezembro de 2021, a fim de cooperar, no âmbito de seu território, para a execução do Programa.</p><p>VIGÊNCIA: 60 (sessenta) meses, a partir da data de publicação, prorrogável automaticamente por igual período desde que não haja manifestação contrária das partes do extrato no Diário Oficial da União.</p><p>DATA DE ASSINATURA: 24/08/2022.</p><p>SIGNATÁRIO:WILLIAM ALMEIDA SENA , Prefeito Municipal de DÁRIO MEIRA / BA - CPF nº 003.599.535-14</p><p>PROGRAMA ALIMENTA BRASIL</p><p>REFERÊNCIA: Processo 71000.071453/2022-82 no qual o Município de Ortigueira/PR manifesta interesse na Adesão ao Programa Alimenta Brasil.</p><p>INSTRUMENTO: Termo de Adesão nº 01475/2022</p><p>OBJETO: Adesão do Município ao Programa Alimenta Brasil, conforme previsto no artigo 37 da Lei nº 14.284, de 29 de dezembro de 2021, a fim de cooperar, no âmbito de seu território, para a execução do Programa.</p><p>VIGÊNCIA: 60 (sessenta) meses, a partir da data de publicação, prorrogável automaticamente por igual período desde que não haja manifestação contrária das partes do extrato no Diário Oficial da União.</p><p>DATA DE ASSINATURA: 24/08/2022.</p><p>SIGNATÁRIO: ARY DE OLIVEIRA MATTOS , Prefeito Municipal de Ortigueira/PR - CPF nº 177.582.899-91.</p><p>PROGRAMA ALIMENTA BRASIL</p><p>REFERÊNCIA: Processo 71000.071560/2022-19 no qual o Município de CURUÇÁ/PA manifesta interesse na Adesão ao Programa Alimenta Brasil.</p><p>INSTRUMENTO: Termo de Adesão nº 01476/2022</p><p>OBJETO: Adesão do Município ao Programa Alimenta Brasil, conforme previsto no artigo 37 da Lei nº 14.284, de 29 de dezembro de 2021, a fim de cooperar, no âmbito de seu território, para a execução do Programa.</p><p>VIGÊNCIA: 60 (sessenta) meses, a partir da data de publicação, prorrogável automaticamente por igual período desde que não haja manifestação contrária das partes do extrato no Diário Oficial da União.</p><p>DATA DE ASSINATURA: 24/08/2022.</p><p>SIGNATÁRIO: JEFFERSON FERREIRA DE MIRANDA, Prefeito Municipal de CURUÇÁ/PA - CPF nº 617.679.722-53</p><p>PROGRAMA ALIMENTA BRASIL</p><p>REFERÊNCIA: Processo 71000.071560/2022-19 no qual o Município de CURUÇÁ/PA manifesta interesse na Adesão ao Programa Alimenta Brasil.</p><p>INSTRUMENTO: Termo de Adesão nº 01476/2022</p><p>OBJETO: Adesão do Município ao Programa Alimenta Brasil, conforme previsto no artigo 37 da Lei nº 14.284, de 29 de dezembro de 2021, a fim de cooperar, no âmbito de seu território, para a execução do Programa.</p><p>VIGÊNCIA: 60 (sessenta) meses, a partir da data de publicação, prorrogável automaticamente por igual período desde que não haja manifestação contrária das partes do extrato no Diário Oficial da União.</p><p>DATA DE ASSINATURA: 24/08/2022.</p><p>SIGNATÁRIO: JEFFERSON FERREIRA DE MIRANDA, Prefeito Municipal de CURUÇÁ/PA - CPF nº 617.679.722-53</p><p>PROGRAMA ALIMENTA BRASIL</p><p>REFERÊNCIA: Processo 71000.034913/2022-91 no qual o Município de MANAUS/AM manifesta interesse na Adesão ao Programa Alimenta Brasil.</p><p>INSTRUMENTO: Termo de Adesão nº 01397/2022</p><p>OBJETO: Adesão do Município ao Programa Alimenta Brasil, conforme previsto no artigo 37 da Lei nº 14.284, de 29 de dezembro de 2021, a fim de cooperar, no âmbito de seu território, para a execução do Programa.</p><p>VIGÊNCIA: 60 (sessenta) meses, a partir da data de publicação, prorrogável automaticamente por igual período desde que não haja manifestação contrária das partes do extrato no Diário Oficial da União.</p><p>DATA DE ASSINATURA: 24/08/2022.</p><p>SIGNATÁRIO: DAVID ANTONIO ABISAI PEREIRA DE ALMEIDA, Prefeito Municipal de MANAUS/AM - CPF nº 405.822.802-49</p><p>PROGRAMA ALIMENTA BRASIL</p><p>REFERÊNCIA: Processo 71000.017699/2018-22 no qual o Município de Santa Rosa de Viterbo/SP manifesta interesse na Adesão ao Programa Alimenta Brasil.</p><p>INSTRUMENTO: Termo de Adesão nº 00713 /2022</p><p>OBJETO: Adesão do Município ao Programa Alimenta Brasil, conforme previsto no artigo 37 da Lei nº 14.284, de 29 de dezembro de 2021, a fim de cooperar, no âmbito de seu território, para a execução do Programa.</p><p>VIGÊNCIA: 60 (sessenta) meses, a partir da data de publicação, prorrogável automaticamente por igual período desde que não haja manifestação contrária das partes do extrato no Diário Oficial da União.</p><p>DATA DE ASSINATURA: 24/08/2022.</p><p>SIGNATÁRIO: OMAR NAGIB MOUSSA , Prefeito Municipal de Santa Rosa de Viterbo/SP - CPF nº 084.132.038-13.</p><p>PROGRAMA ALIMENTA BRASIL</p><p>REFERÊNCIA: Processo 71000.043202/2013-17 no qual o Município de Caxias do Sul/RS manifesta interesse na Adesão ao Programa Alimenta Brasil.</p><p>INSTRUMENTO: Termo de Adesão nº 00743/2022</p><p>OBJETO: Adesão do Município ao Programa Alimenta Brasil, conforme previsto no artigo 37 da Lei nº 14.284, de 29 de dezembro de 2021, a fim de cooperar, no âmbito de seu território, para a execução do Programa.</p><p>VIGÊNCIA: 60 (sessenta) meses, a partir da data de publicação, prorrogável automaticamente por igual período desde que não haja manifestação contrária das partes do extrato no Diário Oficial da União.</p><p>DATA DE ASSINATURA: 24/08/2022.</p><p>SIGNATÁRIO: ADILÓ ANGELO DIDOMENICO , Prefeito Municipal de Caxias do Sul/RS - CPF nº 115.131.100-63</p><p>PROGRAMA ALIMENTA BRASIL</p><p>REFERÊNCIA: Processo 71000.069346/2022-94 no qual o Município de COLARES / PA manifesta interesse na Adesão ao Programa Alimenta Brasil.</p><p>INSTRUMENTO: Termo de Adesão nº 01402/2022</p><p>OBJETO: Adesão do Município ao Programa Alimenta Brasil, conforme previsto no artigo 37 da Lei nº 14.284, de 29 de dezembro de 2021, a fim de cooperar, no âmbito de seu território, para a execução do Programa.</p><p>VIGÊNCIA: 60 (sessenta) meses, a partir da data de publicação, prorrogável automaticamente por igual período desde que não haja manifestação contrária das partes do extrato no Diário Oficial da União.</p><p>DATA DE ASSINATURA: 24/08/2022.</p><p>SIGNATÁRIO: MARIA LUCIMAR BARATA , Prefeito Municipal de COLARES / PA - CPF nº 103.853.552-20</p><p>PROGRAMA ALIMENTA BRASIL</p><p>REFERÊNCIA: Processo 71000.066491/2022-13 no qual o Município de SANTA LUZIA DO NORTE/AL manifesta interesse na Adesão ao Programa Alimenta Brasil.</p><p>INSTRUMENTO: Termo de Adesão nº 01314/2022</p><p>OBJETO: Adesão do Município ao Programa Alimenta Brasil, conforme previsto no artigo 37 da Lei nº 14.284, de 29 de dezembro de 2021, a fim de cooperar, no âmbito de seu território, para a execução do Programa.</p><p>VIGÊNCIA: 60 (sessenta) meses, a partir da data de publicação, prorrogável automaticamente por igual período desde que não haja manifestação contrária das partes do extrato no Diário Oficial da União.</p><p>DATA DE ASSINATURA: 24/08/2022.</p><p>SIGNATÁRIO: MARCIO AUGUSTO ARAÚJO LIMA, Prefeito Municipal de SANTA LUZIA DO NORTE/AL - CPF nº 018.589.324-40</p>]]></Texto>
  </body>
  <Midias />
</article></xml>