﻿<xml><article id="27714873" name="2022-08-24/7353103/COMPRASNETWS_" idOficio="7353103" pubName="DO3" artType="Extrato de Termo Aditivo" pubDate="25/08/2022" artClass="00013:00011:00008:00019:00008:00000:00000:00000:00000:00000:00054:00001" artCategory="Ministério da Defesa/Comando do Exército/Comando Militar da Amazônia/12ª Região Militar/Hospital de Guarnição de Porto Velho" artSize="12" artNotes="" numberPage="19" pdfPage="http://pesquisa.in.gov.br/imprensa/jsp/visualiza/index.jsp?data=25/08/2022&amp;jornal=530&amp;pagina=19" editionNumber="162" highlightType="" highlightPriority="" highlight="" highlightimage="" highlightimagename="" idMateria="14833302">
  <body>
    <Identifica><![CDATA[ EXTRATO DE TERMO ADITIVO Nº 1/2022 - UASG 160351]]></Identifica>
    <Data><![CDATA[]]></Data>
    <Ementa />
    <Titulo />
    <SubTitulo />
    <Texto><![CDATA[<p class="identifica">EXTRATO DE TERMO ADITIVO Nº 1/2022 - UASG 160351</p><p>Número do Contrato: 167/2017.</p><p>Nº Processo: 80527.004187/2017-86.</p><p>Inexigibilidade. Nº 35/2017. Contratante: HOSPITAL DE GUARNICAO DE PORTO VELHO. Contratado: 09.608.281/0001-34 - RO SERVICOS MEDICOS LTDA. Objeto: Prorrogação da vigência do contrato de credenciamento nº 167/2017 em caráter excepcional.. Vigência: 13/08/2022 a 13/02/2023. Valor Total Atualizado do Contrato: R$ 50.000,00. Data de Assinatura: 13/08/2022.</p><p>(COMPRASNET 4.0 - 13/08/2022).</p>]]></Texto>
  </body>
  <Midias />
</article></xml>