﻿<xml><article id="27695256" name="AVISO DE SUSPENSAO DO CONTRATO 0" idOficio="7323719" pubName="DO3" artType="Aviso de Suspensão" pubDate="25/08/2022" artClass="00052:00004:00048:00000:00000:00000:00000:00000:00000:00000:00089:00000" artCategory="Prefeituras/Estado do Amazonas/Prefeitura Municipal de Manacapuru" artSize="12" artNotes="" numberPage="216" pdfPage="http://pesquisa.in.gov.br/imprensa/jsp/visualiza/index.jsp?data=25/08/2022&amp;jornal=530&amp;pagina=216" editionNumber="162" highlightType="" highlightPriority="" highlight="" highlightimage="" highlightimagename="" idMateria="14792915">
  <body>
    <Identifica><![CDATA[ AVISO DE SUSPENSÃO ]]></Identifica>
    <Data><![CDATA[ Manacapuru-AM, 5 de julho de 2022.]]></Data>
    <Ementa />
    <Titulo />
    <SubTitulo />
    <Texto><![CDATA[<p></p><p class="identifica">AVISO DE SUSPENSÃO</p><p>ESPÉCIE: TERMO DE SUSPENSÃO DE EXECUÇÃO CONTRATUAL DO CONTRATO Nº 057/2021; DATA DA ASSINATURA: 05/07/2022; PARTES: PREFEITURA MUNICIPAL DE MANACAPURU/AM e H C CASSIANO CONSTRUÇÕES EIRELI, CNPJ: 17.293.845/000115; OBJETO: O presente instrumento tem como objeto estabelecer a suspensão da execução contratual do Contrato nº 057/2021, referente a contratação de pessoa jurídica especializada em serviços para construção de Unidade Básica de Saúde - UBS, no Bairro: São Francisco, Avenida Padre Rafael, s/nº, no município de Manacapuru/AM, oriundo do Processo Administrativo nº 2022/05799-00/PMM; AMPARO LEGAL: Lei Federal nº 8.666/93.</p><p class="data">Manacapuru-AM, 5 de julho de 2022.</p><p class="assina">BETANAEL DA SILVA D'ANGELO</p><p class="cargo">Prefeito</p>]]></Texto>
  </body>
  <Midias />
</article></xml>