﻿<xml><article id="27702238" name="AC-003-ECT-00435172" idOficio="7354657" pubName="DO3" artType="Extrato de Registro de Preços" pubDate="25/08/2022" artClass="00012:00017:00000:00000:00000:00000:00000:00000:00000:00000:00048:00000" artCategory="Ministério das Comunicações/Empresa Brasileira de Correios e Telégrafos" artSize="12" artNotes="" numberPage="12" pdfPage="http://pesquisa.in.gov.br/imprensa/jsp/visualiza/index.jsp?data=25/08/2022&amp;jornal=530&amp;pagina=12" editionNumber="162" highlightType="" highlightPriority="" highlight="" highlightimage="" highlightimagename="" idMateria="14835234">
  <body>
    <Identifica><![CDATA[ EXTRATO DE REGISTRO DE PREÇOS]]></Identifica>
    <Data><![CDATA[]]></Data>
    <Ementa />
    <Titulo />
    <SubTitulo />
    <Texto><![CDATA[<p class="identifica">EXTRATO DE REGISTRO DE PREÇOS</p><p>Ata de Registro de Preços 719/2022; Data da Assinatura: 23/08/2022; Contratada: R &amp; R SANTOS COMERCIO E REPRESENTACOES EIRELI-EPP; CNPJ: 17.847.184/0001-22; Objeto: aquisição de mesas operacionais; Origem: Pregão Eletrônica ECT 079/2022; Vigência: 23/08/2022 à 23/08/2023; Valor Total: R$ 3.421.900,95.</p>]]></Texto>
  </body>
  <Midias />
</article></xml>