﻿<xml><article id="27704858" name="BSB-030-ECT-00436254" idOficio="7355146" pubName="DO3" artType="Extrato de Contrato" pubDate="25/08/2022" artClass="00012:00017:00049:00012:00000:00000:00000:00000:00000:00000:00031:00000" artCategory="Ministério das Comunicações/Empresa Brasileira de Correios e Telégrafos/Diretoria de Governança e Estratégia/Superintendência Estadual N3 BSB" artSize="12" artNotes="" numberPage="13" pdfPage="http://pesquisa.in.gov.br/imprensa/jsp/visualiza/index.jsp?data=25/08/2022&amp;jornal=530&amp;pagina=13" editionNumber="162" highlightType="" highlightPriority="" highlight="" highlightimage="" highlightimagename="" idMateria="14835861">
  <body>
    <Identifica><![CDATA[ EXTRATO DE CONTRATO]]></Identifica>
    <Data><![CDATA[]]></Data>
    <Ementa />
    <Titulo />
    <SubTitulo />
    <Texto><![CDATA[<p class="identifica">EXTRATO DE CONTRATO</p><p>Contrato nº 556/2022 de Locação de Imóvel. Data da assinatura: 19/08/2022. Objeto: Locação por 120 meses de imóvel não residencial para fins de funcionamento da AGÊNCIA DE CORREIOS - AC SANTA MARIA - DF. Valor mensal do aluguel: R$ 11.785,26. Valor Global: R$ 1.414,231,20. Contratado: A&amp;K GESTÃO E CONSTRUÇÃO IMOBILIÁRIA LTDA. Período de Vigência: 22/08/2022 a 22/08/2032. Processo SEI: 53161.011267/2021-89</p>]]></Texto>
  </body>
  <Midias />
</article></xml>