﻿<xml><article id="27715792" name="2022-08-24/7353536/COMPRASNETWS_" idOficio="7353536" pubName="DO3" artType="Extrato de Termo Aditivo" pubDate="25/08/2022" artClass="00013:00011:00008:00006:00052:00000:00000:00000:00000:00000:00054:00001" artCategory="Ministério da Defesa/Comando do Exército/Comando Militar da Amazônia/1ª Brigada de Infantaria de Selva/Comando de Fronteira Roraima - 7º Batalhão de Infantaria de Selva" artSize="12" artNotes="" numberPage="19" pdfPage="http://pesquisa.in.gov.br/imprensa/jsp/visualiza/index.jsp?data=25/08/2022&amp;jornal=530&amp;pagina=19" editionNumber="162" highlightType="" highlightPriority="" highlight="" highlightimage="" highlightimagename="" idMateria="14833845">
  <body>
    <Identifica><![CDATA[ EXTRATO DE TERMO ADITIVO Nº 3/2022 - UASG 160352]]></Identifica>
    <Data><![CDATA[]]></Data>
    <Ementa />
    <Titulo />
    <SubTitulo />
    <Texto><![CDATA[<p class="identifica">EXTRATO DE TERMO ADITIVO Nº 3/2022 - UASG 160352</p><p>Número do Contrato: 7/2019.</p><p>Nº Processo: 80551.003669/2019-87.</p><p>Pregão. Nº 2/2019. Contratante: COMANDO DE FRONTEIRA DE RORAIMA/7 BIS. Contratado: 03.053.064/0001-49 - M M A DOS SANTOS EIRELI. Objeto: Contratação de empresa especializada em lavagem de roupa. Vigência: 27/09/2022 a 27/09/2023. Valor Total Atualizado do Contrato: R$ 83.400,00. Data de Assinatura: 16/08/2022.</p><p>(COMPRASNET 4.0 - 16/08/2022).</p>]]></Texto>
  </body>
  <Midias />
</article></xml>