﻿<xml><article id="27716264" name="2022-08-24/7354213/COMPRASNETWS_" idOficio="7354213" pubName="DO3" artType="Extrato de Contrato" pubDate="25/08/2022" artClass="00013:00010:00029:00002:00005:00042:00000:00000:00000:00000:00031:00001" artCategory="Ministério da Defesa/Comando da Aeronáutica/Secretaria de Economia e Finanças e Administração da Aeronáutica/Diretoria de Administração da Aeronáutica/Centro de Apoio Administrativo da Aeronáutica/Grupamento de Apoio dos Afonsos" artSize="12" artNotes="" numberPage="17" pdfPage="http://pesquisa.in.gov.br/imprensa/jsp/visualiza/index.jsp?data=25/08/2022&amp;jornal=530&amp;pagina=17" editionNumber="162" highlightType="" highlightPriority="" highlight="" highlightimage="" highlightimagename="" idMateria="14834555">
  <body>
    <Identifica><![CDATA[ EXTRATO DE CONTRATO Nº 6/BAAF/BREVET/2022 - UASG 120623]]></Identifica>
    <Data><![CDATA[]]></Data>
    <Ementa />
    <Titulo />
    <SubTitulo />
    <Texto><![CDATA[<p class="identifica">EXTRATO DE CONTRATO Nº 6/BAAF/BREVET/2022 - UASG 120623</p><p>Nº Processo: 67241.002932/2021-68.</p><p>Pregão Nº 14/2021. Contratante: 00.394.429/0076-28 - BASE DE RECEPÇÃO DE VETERANOS - BREVET. Contratado: 10.321.422/0001-12 - MEDVITALIS SERVICOS LTDA. Objeto: CONTRATAÇÃO DE EMPRESA ESPECIALIZADA EM PRESTAÇÃO DE SERVIÇOS CONTINUADOS, DE OPERAÇÃO E GERENCIAMENTO DE CONTACT CENTER RECEPTIVO E ATIVO PARA APOIO ÀS ATIVIDADES MEIO DA BASE DE RECEPÇÃO DE VETERANOS - BREVET. Fundamento Legal: LEI 10.520 / 2002 - Artigo: 1. Vigência: 01/07/2022 a 01/07/2023. Valor Total: R$ 425.988,00. Data de Assinatura: 01/07/2022.</p><p>(COMPRASNET 4.0 - 24/08/2022).</p>]]></Texto>
  </body>
  <Midias />
</article></xml>