﻿<xml><article id="27716291" name="2022-08-24/7353072/COMPRASNETWS_" idOficio="7353072" pubName="DO3" artType="Extrato de Termo Aditivo" pubDate="25/08/2022" artClass="00011:00044:00012:00022:00000:00000:00000:00000:00000:00000:00054:00001" artCategory="Ministério da Ciência, Tecnologia e Inovações/Comissão Nacional de Energia Nuclear/Diretoria de Pesquisa e Desenvolvimento/Instituto de Radioproteção e Dosimetria" artSize="12" artNotes="" numberPage="10" pdfPage="http://pesquisa.in.gov.br/imprensa/jsp/visualiza/index.jsp?data=25/08/2022&amp;jornal=530&amp;pagina=10" editionNumber="162" highlightType="" highlightPriority="" highlight="" highlightimage="" highlightimagename="" idMateria="14833267">
  <body>
    <Identifica><![CDATA[ EXTRATO DE TERMO ADITIVO Nº 15/2022 - UASG 113204]]></Identifica>
    <Data><![CDATA[]]></Data>
    <Ementa />
    <Titulo />
    <SubTitulo />
    <Texto><![CDATA[<p class="identifica">EXTRATO DE TERMO ADITIVO Nº 15/2022 - UASG 113204</p><p>Número do Contrato: 1/2022.</p><p>Nº Processo: 01343.000010/2019-45.</p><p>Dispensa. Nº 62003/2022. Contratante: COMISSAO NACIONAL DE ENERGIA NUCLEAR-IRD. Contratado: 11.033.129/0001-12 - ENGEPARK OBRAS E SERVICOS LTDA. Objeto: Prorrogar o prazo da vigência do contrato nº 001/2022, por 12 (doze) meses, contemplando-se, nesta ocasião, o período de 20/08/2022 até 19/08/2023, nos termos do art. 57, ii, da lei n.º 8.666, de 1993.. Vigência: 20/08/2022 a 19/08/2023. Valor Total Atualizado do Contrato: R$ 58.334,40. Data de Assinatura: 18/08/2022.</p><p>(COMPRASNET 4.0 - 18/08/2022).</p>]]></Texto>
  </body>
  <Midias />
</article></xml>