﻿<xml><article id="27714819" name="Sidec_00016__JXD8C0" idOficio="7355149" pubName="DO3" artType="Aviso de Suspensão" pubDate="25/08/2022" artClass="00006:00009:00012:00019:00000:00000:00000:00000:00000:00000:00089:00017" artCategory="Presidência da República/Advocacia-Geral da União/Secretaria-Geral de Administração/Superintendência Regional de Administração 4ª Região" artSize="12" artNotes="" numberPage="1" pdfPage="http://pesquisa.in.gov.br/imprensa/jsp/visualiza/index.jsp?data=25/08/2022&amp;jornal=530&amp;pagina=1" editionNumber="162" highlightType="" highlightPriority="" highlight="" highlightimage="" highlightimagename="" idMateria="14835907">
  <body>
    <Identifica><![CDATA[ AVISO DE SUSPENSÃO]]></Identifica>
    <Data><![CDATA[]]></Data>
    <Ementa />
    <Titulo />
    <SubTitulo />
    <Texto><![CDATA[<p class="identifica">AVISO DE SUSPENSÃO</p><p class="identifica">PREGÃO Nº 6/2022</p><p>Comunicamos a suspensão da licitação supracitada, publicada no D.O.U em 18/08/2022 . Objeto: Pregão Eletrônico - Contratação de empresa especializada na prestação de serviços continuados de transportes, incluindo veículos e motoristas devidamente habilitados para transporte de pessoas em serviço, materiais, documentos e pequenas cargas, para atender à demanda das unidades da Advocacia-Geral da União (AGU) no Estado Paraná, em deslocamentos aferidos por quilômetro rodado, conforme condições, quantidades e exigências estabelecidas neste Edital e seus anexos.</p><p class="assina">ROBLEDO DOHMER</p><p class="cargo">Ordenador Despesas</p><p>(SIDEC - 24/08/2022) 110097-00001-2022NE000096</p>]]></Texto>
  </body>
  <Midias />
</article></xml>