﻿<xml><article id="27713835" name="2022-08-24/7354008/COMPRASNETWS_" idOficio="7354008" pubName="DO3" artType="Extrato de Credenciamento" pubDate="25/08/2022" artClass="00013:00011:00011:00116:00003:00000:00000:00000:00000:00000:00033:00001" artCategory="Ministério da Defesa/Comando do Exército/Comando Militar do Norte/8ª Região Militar/Hospital Geral de Belém" artSize="12" artNotes="" numberPage="27" pdfPage="http://pesquisa.in.gov.br/imprensa/jsp/visualiza/index.jsp?data=25/08/2022&amp;jornal=530&amp;pagina=27" editionNumber="162" highlightType="" highlightPriority="" highlight="" highlightimage="" highlightimagename="" idMateria="14834326">
  <body>
    <Identifica><![CDATA[ EXTRATO DE CREDENCIAMENTO Nº 15/2022 - UASG 160166]]></Identifica>
    <Data><![CDATA[]]></Data>
    <Ementa />
    <Titulo />
    <SubTitulo />
    <Texto><![CDATA[<p class="identifica">EXTRATO DE CREDENCIAMENTO Nº 15/2022 - UASG 160166</p><p>Nº Processo: 64575.013646/2019-43.</p><p>Inexigibilidade Nº 15/2019. Contratante: HOSPITAL GERAL DE BELEM.</p><p>Contratado: 34.728.215/0001-45 - MOURA &amp; SILVA COMERCIO E SERVICOS DE SAUDE LTDA. Objeto: Credenciamento de ocs para o hospital geral de belém..</p><p>Fundamento Legal: LEI 8.666 / 1993 - Artigo: 25. Vigência: 01/01/2022 a 31/12/2022. Valor Total: R$ 600.000,00. Data de Assinatura: 01/01/2022.</p><p>(COMPRASNET 4.0 - 24/08/2022).</p>]]></Texto>
  </body>
  <Midias />
</article></xml>