﻿<xml><article id="27716687" name="2022-08-12/7329028/COMPRASNETWS_" idOficio="7329028" pubName="DO3" artType="Extrato de Termo Aditivo" pubDate="25/08/2022" artClass="00013:00011:00036:00011:00000:00000:00000:00000:00000:00000:00054:00001" artCategory="Ministério da Defesa/Comando do Exército/Indústria de Material Bélico do Brasil/Fábrica da Estrela" artSize="12" artNotes="" numberPage="33" pdfPage="http://pesquisa.in.gov.br/imprensa/jsp/visualiza/index.jsp?data=25/08/2022&amp;jornal=530&amp;pagina=33" editionNumber="162" highlightType="" highlightPriority="" highlight="" highlightimage="" highlightimagename="" idMateria="14800323">
  <body>
    <Identifica><![CDATA[ EXTRATO DE TERMO ADITIVO Nº 1/2022 - UASG 168008 - IMBEL/FE]]></Identifica>
    <Data><![CDATA[]]></Data>
    <Ementa />
    <Titulo />
    <SubTitulo />
    <Texto><![CDATA[<p class="identifica">EXTRATO DE TERMO ADITIVO Nº 1/2022 - UASG 168008 - IMBEL/FE</p><p>Número do Contrato: 28/2021.</p><p>Nº Processo: 2021/000060-FE.</p><p>Pregão. Nº 60/2021. Contratante: INDUSTRIA DE MATERIAL BELICO DO BRASIL/FE. Contratado: 34.239.836/0001-65 - RN SERVICOS DE CONSTRUCAO ENGENHARIA E PROJETOS EIRELI. Objeto: Contratação de empresa especializada em projetos de arquitetura e projetos de prevenção e combate e incêndio, credenciada no cbmerj - corpo de bombeiros militar do estado do rio de janeiro - para elaboração de projeto legal e básico de arquitetura e elaboração de projeto executivo de segurança contra incêndio e pânico na imbel.. Vigência: 28/07/2022 a 16/01/2023. Valor Total Atualizado do Contrato: R$ 60.000,00. Data de Assinatura: 28/07/2022.</p><p>(COMPRASNET 4.0 - 28/07/2022).</p>]]></Texto>
  </body>
  <Midias />
</article></xml>