﻿<xml><article id="27714888" name="2022-08-24/7353063/COMPRASNETWS_" idOficio="7353063" pubName="DO3" artType="Extrato de Credenciamento" pubDate="25/08/2022" artClass="00013:00011:00015:00013:00004:00000:00000:00000:00000:00000:00033:00001" artCategory="Ministério da Defesa/Comando do Exército/Comando Militar do Sul/5ª Divisão de Exército/15ª Brigada de Infantaria Mecanizada" artSize="12" artNotes="" numberPage="31" pdfPage="http://pesquisa.in.gov.br/imprensa/jsp/visualiza/index.jsp?data=25/08/2022&amp;jornal=530&amp;pagina=31" editionNumber="162" highlightType="" highlightPriority="" highlight="" highlightimage="" highlightimagename="" idMateria="14833258">
  <body>
    <Identifica><![CDATA[ EXTRATO DE CREDENCIAMENTO Nº 9/2022 - UASG 160209]]></Identifica>
    <Data><![CDATA[]]></Data>
    <Ementa />
    <Titulo />
    <SubTitulo />
    <Texto><![CDATA[<p class="identifica">EXTRATO DE CREDENCIAMENTO Nº 9/2022 - UASG 160209</p><p>Nº Processo: 65327.008688/2022-52.</p><p>Inexigibilidade Nº 9/2022. Contratante: COMANDO 15 BRIGADA DE INFANTARIA MECANIZADA.</p><p>Contratado: 37.252.634/0001-41 - CENTRO AVANÇADO DE ENDOSCOPIA LTDA. Objeto: Contratação de serviços de assistência médico hospitalar e de exames diagnósticos , aos militares e dependentes que tiverem direito à assistência médico hospitalar, nos termos da lei nº 6.880, de 1980, e respectiva regulamentação..</p><p>Fundamento Legal: LEI 8.666 / 1993 - Artigo: 25. Vigência: 23/08/2022 a 22/08/2027. Valor Total: R$ 80.000,00. Data de Assinatura: 23/08/2022.</p><p>(COMPRASNET 4.0 - 24/08/2022).</p>]]></Texto>
  </body>
  <Midias />
</article></xml>