﻿<xml><article id="27696749" name="Edital Auto JULGADO 48-2022" idOficio="7353553" pubName="DO3" artType="Edital de Notificação" pubDate="25/08/2022" artClass="00013:00012:00008:00048:00002:00085:00000:00000:00000:00000:00064:00000" artCategory="Ministério da Defesa/Comando da Marinha/Comando de Operações Navais/9º Distrito Naval/Capitania Fluvial da Amazônia Ocidental/Agência Fluvial de Itacoatiara" artSize="12" artNotes="" numberPage="35" pdfPage="http://pesquisa.in.gov.br/imprensa/jsp/visualiza/index.jsp?data=25/08/2022&amp;jornal=530&amp;pagina=35" editionNumber="162" highlightType="" highlightPriority="" highlight="" highlightimage="" highlightimagename="" idMateria="14833793">
  <body>
    <Identifica><![CDATA[ Edital de Convocação n° 48/2022]]></Identifica>
    <Data><![CDATA[]]></Data>
    <Ementa />
    <Titulo />
    <SubTitulo />
    <Texto><![CDATA[<p class="identifica">Edital de Convocação n° 48/2022</p><p class="identifica">Edital de Convocação n° 48/2022 com prazo de 15 (quinze) dias úteis</p><p>O Agente, Capitão-Tenente (AA) CLAUDIO GEOVANI DA SILVA, torna público a quantos interessarem o presente EDITAL, em especial, aos Senhores abaixo relacionados:</p><p /><p></p><table><tr /><tr><td rowspan="1" colspan="2"><p>PROPRIETÁRIO/ EMPRESA</p></td><td rowspan="1" colspan="2"><p>CPF/CNPJ</p></td><td rowspan="1" colspan="3"><p>NOME DA EMBARCAÇÃO</p></td></tr><tr><td rowspan="1" colspan="2"><p>RODOPAR LTDA - ME</p></td><td rowspan="1" colspan="2"><p>05.837.026/0001-02</p></td><td rowspan="1" colspan="2"><p>LAYS RODRIGUES II</p></td></tr><tr><td rowspan="1" colspan="2"><p>ITAIGUARA TRANSPORTES LTDA.</p></td><td rowspan="1" colspan="2"><p>15.809.346/0001-02</p></td><td rowspan="1" colspan="2"><p>ITAIGUARA X</p></td></tr><tr><td rowspan="1" colspan="2"><p>A. AMARAL DE PAIVA NAVEGAÇÃO-ME</p></td><td rowspan="1" colspan="2"><p>04.451.565/0001-46</p></td><td rowspan="1" colspan="2"><p>COMANDANTE PAIVA V</p></td></tr><tr><td rowspan="1" colspan="2"><p>ELCIONE ROCHA DE SOUZA</p></td><td rowspan="1" colspan="2"><p>512.528.212-04</p></td><td rowspan="1" colspan="2"><p>COMANDANTE PAIVA V (AQUAVIÁRIO)</p></td></tr><tr><td rowspan="1" colspan="2"><p>L M NAVEGAÇÃO E TRANSPORTE LTDA</p></td><td rowspan="1" colspan="2"><p>08.882.020/0001-45</p></td><td rowspan="1" colspan="2"><p>CAP BRAVO-V</p></td></tr><tr><td rowspan="1" colspan="2"><p>HERMASA NAVEGAÇÃO DA AMAZÔNIA LTDA</p></td><td rowspan="1" colspan="2"><p>84.590.892/0001-18</p></td><td rowspan="1" colspan="2"><p>HERMASA</p></td></tr><tr><td rowspan="1" colspan="2"><p>COMPANHIA DE NAV. DA AMAZONIA-CNA</p></td><td rowspan="1" colspan="2"><p>04.562.559/0001-66</p></td><td rowspan="1" colspan="2"><p>CNA 234</p></td></tr><tr><td rowspan="1" colspan="2"><p>JOELSON ALVES DE NEGREIROS</p></td><td rowspan="1" colspan="2"><p>474.003.152-34</p></td><td rowspan="1" colspan="2"><p>COMTE. EDUARDO II</p></td></tr><tr><td rowspan="1" colspan="2"><p>EMPRESA DE NAV. A.R.TRANSP LTDA-EPP</p></td><td rowspan="1" colspan="2"><p>63.873.384/0001-77</p></td><td rowspan="1" colspan="2"><p>AMAZON STAR</p></td></tr><tr><td rowspan="1" colspan="2"><p>NORTOLL NORTE TRANSP. OPE. E LOG. LTDA</p></td><td rowspan="1" colspan="2"><p>07.359.899/0001-82</p></td><td rowspan="1" colspan="2"><p>NORTOLL IV</p></td></tr></table><p>que por esta Organização Militar, situada à AVENIDA PARQUE, 262, CENTRO - ITACOATIARA/AM, tramitam os AUTOS DE INFRAÇÃO Nº 005P2021000769, 005P2021000653, 005P2021000661, 005P2021000831, 005P2021000670, 005P2021000696, 005P2021000700, 005P2021000734, 005P2021000742 e 005P2021000777,por infringir à Lei 9.537, de 11 de dezembro de 1997, e seu Regulamento aprovado pelo Decreto nº 2.596, de 18 de maio de 1998 e à Lei nº 8.374, de 30 de dezembro de 1991, e como não foi possível citá-lo pessoalmente ou por via postal com aviso de recebimento, por se encontrar em lugar incerto e não sabido, fica ciente de que tem o prazo de 15 (quinze) dias úteis, a contar da data de publicação do presente EDITAL, para cumprir as penalidades impostas, findo os quais o processo terá prosseguimento sendo o débito existente passível de inscrição na Dívida Ativa da União, independentemente de seus comparecimentos. E para que não alegue ignorância do processo e/ou cerceamento de defesa, o Agente, mandou expedir o presente EDITAL DE CONVOCAÇÃO que será publicado e afixado em local próprio, conforme os artigos 231 e 232 do Código de Processo Civil.</p><p class="assina">Capitão-Tenente (AA) CLAUDIO GEOVANI DA SILVA</p>]]></Texto>
  </body>
  <Midias />
</article></xml>