﻿<xml><article id="27716648" name="Sidec_00155__32YEVV" idOficio="7355149" pubName="DO3" artType="Resultado de Julgamento" pubDate="25/08/2022" artClass="00012:00014:00006:00002:00008:00000:00000:00000:00000:00000:00120:00156" artCategory="Ministério das Comunicações/Agência Nacional de Telecomunicações/Superintendência de Radiofrequência e Fiscalização/Gerência-Geral de Fiscalização/Escritório Regional no Estado de Pernambuco" artSize="12" artNotes="" numberPage="12" pdfPage="http://pesquisa.in.gov.br/imprensa/jsp/visualiza/index.jsp?data=25/08/2022&amp;jornal=530&amp;pagina=12" editionNumber="162" highlightType="" highlightPriority="" highlight="" highlightimage="" highlightimagename="" idMateria="14836050">
  <body>
    <Identifica><![CDATA[ RESULTADO DE JULGAMENTO]]></Identifica>
    <Data><![CDATA[]]></Data>
    <Ementa />
    <Titulo />
    <SubTitulo />
    <Texto><![CDATA[<p class="identifica">RESULTADO DE JULGAMENTO</p><p class="identifica">PREGÃO Nº 7/2022</p><p>A Anatel Pernambuco torna público o resultado de julgamento do PE 7/2022/GR06/Anatel, Processo 53532.000908/2021-12. Objeto: Contratação de empresa para prestação de serviços de vigilância armanda na Anatel Alagoas. Item 1: adjudicado para REFERENCIAL SEGURANCA PRIVADA EIRELI, CNPJ 24.154.455/0001-20. Valor global (30 meses): R$ 547.100,13. Homologação: 23/08/2022.</p><p class="assina">THIAGO CARDOSO HENRIQUES BOTELHO</p><p class="cargo">Gerente Regional</p><p>(SIDEC - 24/08/2022) 413001-41231-2022NE000001</p>]]></Texto>
  </body>
  <Midias />
</article></xml>