﻿<xml><article id="27702280" name="PR-012-ECT-00436278" idOficio="7354657" pubName="DO3" artType="Extrato de Termo Aditivo" pubDate="25/08/2022" artClass="00012:00017:00049:00009:00000:00000:00000:00000:00000:00000:00054:00000" artCategory="Ministério das Comunicações/Empresa Brasileira de Correios e Telégrafos/Diretoria de Governança e Estratégia/Superintendência Estadual N2 PR" artSize="12" artNotes="" numberPage="13" pdfPage="http://pesquisa.in.gov.br/imprensa/jsp/visualiza/index.jsp?data=25/08/2022&amp;jornal=530&amp;pagina=13" editionNumber="162" highlightType="" highlightPriority="" highlight="" highlightimage="" highlightimagename="" idMateria="14835225">
  <body>
    <Identifica><![CDATA[ EXTRATOS DE TERMOS ADITIVOS]]></Identifica>
    <Data><![CDATA[]]></Data>
    <Ementa />
    <Titulo />
    <SubTitulo />
    <Texto><![CDATA[<p class="identifica">EXTRATOS DE TERMOS ADITIVOS</p><p>TERMO ADITIVO DE TERMO DE CONVÊNIO Nº: 31/2020; Data da assinatura: 30/06/2022; Nome da convenente: Prefeitura Municipal de Teixeira Soares; Nome da Agência de Correios Comunitária: AGC GUARAÚNA; Vigência: 30/06/2022 a 28/02/2025; Objeto: Substituição do nome do Ministério das Comunicações, para Ministério Supervisor. Ajustes no Termo de Convênio para melhoria de texto, correção gramatical ou agrupamento de cláusulas contratuais. Inclusão de subitens para viabilizar a operacionalização do canal de atendimento, suprir lacunas de gestão e normatizar situações ainda não previstas no instrumento contratual. Exclusão de subitens, por terem sido incorporados a outras cláusulas. Remuneração de subitens, em decorrência das alterações citadas. Adequações textuais para a uniformização das cláusulas do Termo de Convênio com os demais instrumentos jurídicos celebrados para instalação e operacionalização de AGC. Adequações textuais no Plano de Trabalho do Termo de Convênio.</p><p>TERMO ADITIVO DE ACORDO DE COOPERAÇÃO TÉCNICA; Convênio nº: 075/2021; Data da assinatura: 30/06/2022; Nome da Convenente: Prefeitura Municipal de Reserva; Nome da Agência de Correios Comunitária: AGC JOSÉ LACERDA; Vigência: 04/01/2021 a 04/01/2026; Objeto: Substituição do nome do Ministério das Comunicações, para Ministério Supervisor. Ajustes no Acordo de Cooperação Técnica para melhoria de texto, correção gramatical ou agrupamento de cláusulas contratuais. Inclusão de subitens para viabilizar a operacionalização do canal de atendimento, suprir lacunas de gestão e normatizar situações ainda não previstas no instrumento contratual. Exclusão de subitens, por terem sido incorporados a outras cláusulas. Remuneração de subitens, em decorrência das alterações citadas. Adequações textuais para a uniformização das cláusulas do Acordo de Cooperação Técnica com os demais instrumentos jurídicos celebrados para instalação e operacionalização de AGC. Adequações textuais no Plano de Trabalho do Acordo de Cooperação Técnica.</p>]]></Texto>
  </body>
  <Midias />
</article></xml>