﻿<xml><article id="27711771" name="2022-08-23/7352759/siasgnet_1483" idOficio="7352759" pubName="DO3" artType="Aviso de Licitação-Pregão" pubDate="25/08/2022" artClass="00013:00009:00000:00000:00000:00000:00000:00000:00000:00000:00164:00001" artCategory="Ministério da Defesa/Centro Gestor e Operacional do Sistema de Proteção da Amazônia" artSize="12" artNotes="" numberPage="14" pdfPage="http://pesquisa.in.gov.br/imprensa/jsp/visualiza/index.jsp?data=25/08/2022&amp;jornal=530&amp;pagina=14" editionNumber="162" highlightType="" highlightPriority="" highlight="" highlightimage="" highlightimagename="" idMateria="14832777">
  <body>
    <Identifica><![CDATA[ AVISO DE LICITAÇÃO]]></Identifica>
    <Data><![CDATA[]]></Data>
    <Ementa />
    <Titulo />
    <SubTitulo />
    <Texto><![CDATA[<p class="identifica">AVISO DE LICITAÇÃO</p><p class="identifica">Pregão Eletrônico Nº 35/2021 - UASG 110511</p><p>Nº Processo: 60090000293202128. Objeto: Contratação de serviços de tecnologia da informação e comunicação, de empresa especializada para a fornecimento de 6 (seis) licenças de anfitrião de videoconferência em nuvem (cloud) e 8 licenças de conexão H323 e SIP, do software Zoom Cloud Meetings, incluindo suporte técnico, conforme condições, quantidades e exigências estabelecidas no Edital e seus anexos.. Total de Itens Licitados: 2. Edital: 25/08/2022 das 08h00 às 12h00 e das 14h00 às 17h59. Endereço: Www.gov.br/compras, - BRASÍLIA/DF ou https://www.gov.br/compras/edital/110511-5-00035-2021. Entrega das Propostas: a partir de 25/08/2022 às 08h00 no site www.gov.br/compras. Abertura das Propostas: 06/09/2022 às 10h00 no site www.gov.br/compras. Informações Gerais: .</p><p class="assina">FERNANDO DA ROCHA VIDAL</p><p class="cargo">Coordenador de Licitações e Contratos</p><p>(SIASGnet - 23/08/2022) 110511-00001-2022NE800186</p>]]></Texto>
  </body>
  <Midias />
</article></xml>