﻿<xml><article id="27716026" name="2022-08-24/7353679/COMPRASNETWS_" idOficio="7353679" pubName="DO3" artType="Extrato de Termo Aditivo" pubDate="25/08/2022" artClass="00013:00011:00025:00011:00002:00000:00000:00000:00000:00000:00054:00001" artCategory="Ministério da Defesa/Comando do Exército/Departamento de Ciência e Tecnologia/Diretoria de Fabricação/Arsenal de Guerra do Rio de Janeiro" artSize="12" artNotes="" numberPage="32" pdfPage="http://pesquisa.in.gov.br/imprensa/jsp/visualiza/index.jsp?data=25/08/2022&amp;jornal=530&amp;pagina=32" editionNumber="162" highlightType="" highlightPriority="" highlight="" highlightimage="" highlightimagename="" idMateria="14833893">
  <body>
    <Identifica><![CDATA[ EXTRATO DE TERMO ADITIVO Nº 1/2022 - UASG 160285]]></Identifica>
    <Data><![CDATA[]]></Data>
    <Ementa />
    <Titulo />
    <SubTitulo />
    <Texto><![CDATA[<p class="identifica">EXTRATO DE TERMO ADITIVO Nº 1/2022 - UASG 160285</p><p>Número do Contrato: 119/2021.</p><p>Nº Processo: 64004.005961/2021-96.</p><p>Pregão. Nº 24/2021. Contratante: ARSENAL DE GUERRA DO RIO. Contratado: 02.241.899/0001-60 - ALPHA SERVICE INDUSTRIA E COMERCIO LTDA. Objeto: Prorrogação da vigência contratual. Vigência: 14/07/2022 a 27/12/2022. Valor Total Atualizado do Contrato: R$ 122.800,00. Data de Assinatura: 14/07/2022.</p><p>(COMPRASNET 4.0 - 14/07/2022).</p>]]></Texto>
  </body>
  <Midias />
</article></xml>