﻿<xml><article id="27702271" name="AC-021-ECT-00436867" idOficio="7354657" pubName="DO3" artType="Extrato de Termo Aditivo" pubDate="25/08/2022" artClass="00012:00017:00000:00000:00000:00000:00000:00000:00000:00000:00054:00000" artCategory="Ministério das Comunicações/Empresa Brasileira de Correios e Telégrafos" artSize="12" artNotes="" numberPage="12" pdfPage="http://pesquisa.in.gov.br/imprensa/jsp/visualiza/index.jsp?data=25/08/2022&amp;jornal=530&amp;pagina=12" editionNumber="162" highlightType="" highlightPriority="" highlight="" highlightimage="" highlightimagename="" idMateria="14835235">
  <body>
    <Identifica><![CDATA[ EXTRATO DE TERMO ADITIVO]]></Identifica>
    <Data><![CDATA[]]></Data>
    <Ementa />
    <Titulo />
    <SubTitulo />
    <Texto><![CDATA[<p class="identifica">EXTRATO DE TERMO ADITIVO</p><p>3º TERMO ADITIVO AO CONTRATO n.° 366/2021; OBJETO: Aquisição de estações móveis, tipo smartphone; OBJETO DO TERMO ADITIVO: reequilíbrio econômico financeiro do Contrato, mediante alteração da planilha de custo, face à alteração da alíquota do Imposto sobre Produtos Industrializados - IPI, de 11,25% para 15% a partir de 01/08/2022, com base no Decreto n.º 11.158/2022, de 29 de julho de 2022; CONTRATADA: POSITIVO TECNOLOGIA S.A; NOVO VALOR GLOBAL: R$ 18.155.809,54; DATA DE ASSINATURA: 24/08/2022.</p>]]></Texto>
  </body>
  <Midias />
</article></xml>