﻿<xml><article id="27715867" name="2022-08-24/7354144/COMPRASNETWS_" idOficio="7354144" pubName="DO3" artType="Extrato de Apostilamento" pubDate="25/08/2022" artClass="00013:00010:00029:00002:00039:00000:00000:00000:00000:00000:00143:00001" artCategory="Ministério da Defesa/Comando da Aeronáutica/Secretaria de Economia e Finanças e Administração da Aeronáutica/Diretoria de Administração da Aeronáutica/Grupamento de Apoio do Distrito Federal" artSize="12" artNotes="" numberPage="18" pdfPage="http://pesquisa.in.gov.br/imprensa/jsp/visualiza/index.jsp?data=25/08/2022&amp;jornal=530&amp;pagina=18" editionNumber="162" highlightType="" highlightPriority="" highlight="" highlightimage="" highlightimagename="" idMateria="14834461">
  <body>
    <Identifica><![CDATA[ EXTRATO DE APOSTILAMENTO Nº 1/2022 - UASG 120625]]></Identifica>
    <Data><![CDATA[]]></Data>
    <Ementa />
    <Titulo />
    <SubTitulo />
    <Texto><![CDATA[<p class="identifica">EXTRATO DE APOSTILAMENTO Nº 1/2022 - UASG 120625</p><p>Número do Contrato: 25/GAP-DF/2021. Nº Processo: 67289.004417/2020-95.</p><p>Contratante: GRUPAMENTO DE APOIO DO DISTRITO FEDERAL.</p><p>Contratado: 00.000.000/0001-91 - BANCO DO BRASIL SA.</p><p>Objeto: Reajuste do Valor do Termo de Contrato de Cessão de Uso nº 025/GAP-DF/2021, nos termos estabelecidos em sua cláusula sexta, com fundamento no Inciso XI, Art. 40 c/c §8º do Art. 65, ambos da Lei nº 8.666/93. Valor do Apostilamento: R$ 5.853,20 . Data de Assinatura: 22/08/2022.</p><p>(COMPRASNET 4.0 - 22/08/2022).</p>]]></Texto>
  </body>
  <Midias />
</article></xml>