﻿<xml><article id="27703373" name="extrato Termo de Ajuste ao Termo" idOficio="7354836" pubName="DO3" artType="Extrato" pubDate="25/08/2022" artClass="00012:00016:00000:00000:00000:00000:00000:00000:00000:00000:00172:00000" artCategory="Ministério das Comunicações/Telecomunicações Brasileiras S.A." artSize="12" artNotes="" numberPage="12" pdfPage="http://pesquisa.in.gov.br/imprensa/jsp/visualiza/index.jsp?data=25/08/2022&amp;jornal=530&amp;pagina=12" editionNumber="162" highlightType="" highlightPriority="" highlight="" highlightimage="" highlightimagename="" idMateria="14835486">
  <body>
    <Identifica><![CDATA[ Extrato de Contrato]]></Identifica>
    <Data><![CDATA[]]></Data>
    <Ementa />
    <Titulo />
    <SubTitulo />
    <Texto><![CDATA[<p class="identifica">Extrato de Contrato</p><p>TELECOMUNICAÇÕES BRASILEIRAS S.A. - TELEBRAS</p><p>CNPJ: 00.336.701/0001-04</p><p>NIRE: 5330000223/1</p><p>Processo: TLB-PRO-2020/01596 Objeto: Primeiro Termo de Ajuste ao Termo de Cooperação Técnica nº 04/2012. Data de Assinatura: 22/06/20222. Vigência: 90 dias da sua assinatura (22/06/2022 a 19/09/2022).</p><p>Partícipes: Telecomunicações Brasileiras S.A. - TELEBRAS / CNPJ: 00.336.701/0001- 04 e; Companhia Brasileira de Trens Urbanos - CBTU / CNPJ: 42.357.483/0006-30.</p><p>Objeto: Integração de rede, compartilhamento e cessão de espaços físicos para alocação de equipamentos e infraestruturas de rede de telecomunicações.</p><p>Signatários: p/ TELEBRAS -Luis Fernando de Freitas Assumpção (Diretor Técnico Operacional) e Daniel Hanna Laguna (Gerente de Relacionamento com Operadoras e Parceiros); p/ CBTU - José Marques de Lima (Diretor-Presidente) e Pedro Augusto Cunto (Diretor de Planejamento e Relações Institucionais).</p>]]></Texto>
  </body>
  <Midias />
</article></xml>