﻿<xml><article id="27712484" name="2022-08-24/7354121/siasgnet_1483" idOficio="7354121" pubName="DO3" artType="Aviso de Licitação-Pregão" pubDate="25/08/2022" artClass="00013:00012:00008:00043:00070:00000:00000:00000:00000:00000:00164:00001" artCategory="Ministério da Defesa/Comando da Marinha/Comando de Operações Navais/4º Distrito Naval/Centro de Intendência da Marinha em Belém" artSize="12" artNotes="" numberPage="34" pdfPage="http://pesquisa.in.gov.br/imprensa/jsp/visualiza/index.jsp?data=25/08/2022&amp;jornal=530&amp;pagina=34" editionNumber="162" highlightType="" highlightPriority="" highlight="" highlightimage="" highlightimagename="" idMateria="14834435">
  <body>
    <Identifica><![CDATA[ AVISO DE LICITAÇÃO]]></Identifica>
    <Data><![CDATA[]]></Data>
    <Ementa />
    <Titulo />
    <SubTitulo />
    <Texto><![CDATA[<p class="identifica">AVISO DE LICITAÇÃO</p><p class="identifica">Pregão Eletrônico Nº 13/2022 - UASG 784810</p><p>Nº Processo: 63396000918202296. Objeto: Eventual contratação de empresa especializada para prestação de serviços de manutenção de câmaras frigoríficas para atender as demandas das Organização Militares Apoiadas por este Centro de Intendência.. Total de Itens Licitados: 90. Edital: 25/08/2022 das 08h00 às 11h15 e das 13h30 às 16h00. Endereço: Rod. Arthur Bernardes S/n Val de Caes, Val-de-cães - Belém/PA ou https://www.gov.br/compras/edital/784810-5-00013-2022. Entrega das Propostas: a partir de 25/08/2022 às 08h00 no site www.gov.br/compras. Abertura das Propostas: 06/09/2022 às 09h30 no site www.gov.br/compras. Informações Gerais: .</p><p class="assina">MARCOS ANTONIO SOUZA DE ASSIS</p><p class="cargo">Ordenador de Despesa</p><p>(SIASGnet - 24/08/2022) 784810-00001-2022NE000460</p>]]></Texto>
  </body>
  <Midias />
</article></xml>