﻿<xml><article id="27716192" name="2022-08-24/7354700/COMPRASNETWS_" idOficio="7354700" pubName="DO3" artType="Extrato de Credenciamento" pubDate="25/08/2022" artClass="00013:00011:00015:00034:00001:00031:00000:00000:00000:00000:00033:00001" artCategory="Ministério da Defesa/Comando do Exército/Comando Militar do Sul/3ª Divisão de Exército/Artilharia Divisionária da 3ª Divisão de Exército/13º Grupo de Artilharia de Campanha" artSize="12" artNotes="" numberPage="31" pdfPage="http://pesquisa.in.gov.br/imprensa/jsp/visualiza/index.jsp?data=25/08/2022&amp;jornal=530&amp;pagina=31" editionNumber="162" highlightType="" highlightPriority="" highlight="" highlightimage="" highlightimagename="" idMateria="14835204">
  <body>
    <Identifica><![CDATA[ EXTRATO DE CREDENCIAMENTO Nº 18/2022 - UASG 160366]]></Identifica>
    <Data><![CDATA[]]></Data>
    <Ementa />
    <Titulo />
    <SubTitulo />
    <Texto><![CDATA[<p class="identifica">EXTRATO DE CREDENCIAMENTO Nº 18/2022 - UASG 160366</p><p>Nº Processo: 64548.004357/2022-86.</p><p>Inexigibilidade Nº 18/2022. Contratante: 13 GRUPO DE ARTILHARIA DE CAMPANHA.</p><p>Contratado: 016.027.120-77 - PAULA GRAZIELE DA SILVA FORTES. Objeto: Prestação de serviços complementares de saúde de natureza contínua médico-hospitalar e ambulatorial aos beneficiários do fusex.</p><p>Fundamento Legal: LEI 8.666 / 1993 - Artigo: 25. Vigência: 24/08/2022 a 24/08/2023. Valor Total: R$ 173.371,92. Data de Assinatura: 24/08/2022.</p><p>(COMPRASNET 4.0 - 24/08/2022).</p>]]></Texto>
  </body>
  <Midias />
</article></xml>