﻿<xml><article id="27712844" name="2022-08-24/7354675/siasgnet_1483" idOficio="7354675" pubName="DO3" artType="Aviso de Licitação-Pregão" pubDate="25/08/2022" artClass="00013:00011:00014:00007:00003:00000:00000:00000:00000:00000:00164:00001" artCategory="Ministério da Defesa/Comando do Exército/Comando Militar do Sudeste/2ª Região Militar/Hospital Militar de Área de São Paulo" artSize="12" artNotes="" numberPage="29" pdfPage="http://pesquisa.in.gov.br/imprensa/jsp/visualiza/index.jsp?data=25/08/2022&amp;jornal=530&amp;pagina=29" editionNumber="162" highlightType="" highlightPriority="" highlight="" highlightimage="" highlightimagename="" idMateria="14835198">
  <body>
    <Identifica><![CDATA[ AVISO DE LICITAÇÃO]]></Identifica>
    <Data><![CDATA[]]></Data>
    <Ementa />
    <Titulo />
    <SubTitulo />
    <Texto><![CDATA[<p class="identifica">AVISO DE LICITAÇÃO</p><p class="identifica">Pregão Eletrônico Nº 34/2022 - UASG 160495</p><p>Nº Processo: 64584020065202254. Objeto: Contratação de Serviços, contínuo sem dedicação de mão de obra exclusiva, de esterilização de artigos hospitalares por óxido de etileno e esterilização por vapor saturado sob pressão (para atender plano de contingência), incluindo limpeza, embalagem, mão de obra e transporte dos materiais, a fim de atender às necessidades do Hospital Militar de Área de São Paulo - HMASP, conforme condições, quantidades e exigências estabelecidas no Edital e seus anexos.. Total de Itens Licitados: 180. Edital: 25/08/2022 das 08h00 às 12h00 e das 13h00 às 16h00. Endereço: Rua Ouvidor Portugal, 230, Vila Monumento - São Paulo/SP ou https://www.gov.br/compras/edital/160495-5-00034-2022. Entrega das Propostas: a partir de 25/08/2022 às 08h00 no site www.gov.br/compras. Abertura das Propostas: 14/09/2022 às 09h00 no site www.gov.br/compras. Informações Gerais: .</p><p class="assina">ADOLFO AUGUSTO ROVAROTO ANTUNES</p><p class="cargo">Ordenador de Despesas</p><p>(SIASGnet - 24/08/2022) 160495-00001-2022NE000001</p>]]></Texto>
  </body>
  <Midias />
</article></xml>