﻿<xml><article id="27715636" name="2022-08-24/7354928/COMPRASNETWS_" idOficio="7354928" pubName="DO3" artType="Extrato de Contrato" pubDate="25/08/2022" artClass="00006:00009:00012:00015:00000:00000:00000:00000:00000:00000:00031:00001" artCategory="Presidência da República/Advocacia-Geral da União/Secretaria-Geral de Administração/Superintendência Regional de Administração 5ª Região" artSize="12" artNotes="" numberPage="1" pdfPage="http://pesquisa.in.gov.br/imprensa/jsp/visualiza/index.jsp?data=25/08/2022&amp;jornal=530&amp;pagina=1" editionNumber="162" highlightType="" highlightPriority="" highlight="" highlightimage="" highlightimagename="" idMateria="14835541">
  <body>
    <Identifica><![CDATA[ EXTRATO DE CONTRATO Nº 27/2022 - UASG 110096]]></Identifica>
    <Data><![CDATA[]]></Data>
    <Ementa />
    <Titulo />
    <SubTitulo />
    <Texto><![CDATA[<p class="identifica">EXTRATO DE CONTRATO Nº 27/2022 - UASG 110096</p><p>Nº Processo: 00587.000807/2021-31.</p><p>Pregão Nº 13/2022. Contratante: SUPERINTENDENCIA ADMINISTRACAO EM PERNAMBUCO.</p><p>Contratado: 00.323.090/0001-51 - SOLL -SERVICOS OBRAS E LOCACOES LTDA. Objeto: Contratação empresa especializada na prestação de serviços continuados de limpeza, asseio e conservação com fornecimento de material e utensílios para atender as necessidades das unidades da Advocacia Geral da União no Estado de Pernambuco.</p><p>Fundamento Legal: LEI 10.520 / 2002 - Artigo: 1. Vigência: 29/08/2022 a 29/08/2023. Valor Total: R$ 728.955,84. Data de Assinatura: 22/08/2022.</p><p>(COMPRASNET 4.0 - 24/08/2022).</p>]]></Texto>
  </body>
  <Midias />
</article></xml>