﻿<xml><article id="27698802" name="Edital Auto JULGADO 49-2022" idOficio="7353986" pubName="DO3" artType="Edital de Notificação" pubDate="25/08/2022" artClass="00013:00012:00008:00048:00002:00085:00000:00000:00000:00000:00064:00000" artCategory="Ministério da Defesa/Comando da Marinha/Comando de Operações Navais/9º Distrito Naval/Capitania Fluvial da Amazônia Ocidental/Agência Fluvial de Itacoatiara" artSize="12" artNotes="ok" numberPage="35" pdfPage="http://pesquisa.in.gov.br/imprensa/jsp/visualiza/index.jsp?data=25/08/2022&amp;jornal=530&amp;pagina=35" editionNumber="162" highlightType="" highlightPriority="" highlight="" highlightimage="" highlightimagename="" idMateria="14834316">
  <body>
    <Identifica><![CDATA[ Edital de Convocação n° 49/2022 ]]></Identifica>
    <Data><![CDATA[]]></Data>
    <Ementa />
    <Titulo />
    <SubTitulo />
    <Texto><![CDATA[<p class="identifica">Edital de Convocação n° 49/2022</p><p>Com prazo de 15 (quinze) dias úteis</p><p>O Agente, Capitão-Tenente (AA) CLAUDIO GEOVANI DA SILVA, torna público a quantos interessarem o presente EDITAL, em especial, aos Senhores abaixo relacionados:</p><p /><p></p><table><tr /><tr><td rowspan="1" colspan="2"><p>PROPRIETÁRIO/ EMPRESA</p></td><td rowspan="1" colspan="2"><p>CPF/CNPJ</p></td><td rowspan="1" colspan="3"><p>NOME DA EMBARCAÇÃO</p></td></tr><tr><td rowspan="1" colspan="2"><p>TRANSPORTADORA PLANALTO LTDA</p></td><td rowspan="1" colspan="2"><p>00.308.668/0001-09</p></td><td rowspan="1" colspan="2"><p>PLANALTO XI</p></td></tr><tr><td rowspan="1" colspan="2"><p>NAVEGADORA TRANSPEL LTDA</p></td><td rowspan="1" colspan="2"><p>23.030.620/0001-79</p></td><td rowspan="1" colspan="2"><p>FERNANDA MARIA</p></td></tr><tr><td rowspan="1" colspan="2"><p>N S TRANS. POR NAV. E COM. DE CEREAIS LTDA</p></td><td rowspan="1" colspan="2"><p>11.732.791/0001-60</p></td><td rowspan="1" colspan="2"><p>N S NAVEGAÇÃO</p></td></tr><tr><td rowspan="1" colspan="2"><p>AURINEI BARROS MORAES</p></td><td rowspan="1" colspan="2"><p>620.823.102-72</p></td><td rowspan="1" colspan="2"><p>10 IRMAOS</p></td></tr><tr><td rowspan="1" colspan="2"><p>EMPRESA DE NAV ERLON ROCHA TRANSP LTDA-ME</p></td><td rowspan="1" colspan="2"><p>07.851.657/0001-01</p></td><td rowspan="1" colspan="2"><p>ANNA KAROLINE IV</p></td></tr><tr><td rowspan="1" colspan="2"><p>EMPRESA DE NAV ERLON ROCHA TRANSP LTDA-ME</p></td><td rowspan="1" colspan="2"><p>07.851.657/0001-01</p></td><td rowspan="1" colspan="2"><p>ANNA KAROLINE IV</p></td></tr><tr><td rowspan="1" colspan="2"><p>TREVO DA AMAZONIA NAVEGAÇÃO E TRANSPORTES LTDA-ME</p></td><td rowspan="1" colspan="2"><p>04.559.472/0001-30</p></td><td rowspan="1" colspan="2"><p>TAN VII</p></td></tr><tr><td rowspan="1" colspan="2"><p>LEOMAR CARDOSO</p></td><td rowspan="1" colspan="2"><p>606.309.492-04</p></td><td rowspan="1" colspan="2"><p>BOIUNA</p></td></tr><tr><td rowspan="1" colspan="2"><p>FRANCIS JOSÉ CHEHUAN &amp; CIA LTDA</p></td><td rowspan="1" colspan="2"><p>04.819.181/0001-33</p></td><td rowspan="1" colspan="2"><p>BR V</p></td></tr><tr><td rowspan="1" colspan="2"><p>FRANCIS JOSÉ CHEHUAN &amp; CIA LTDA</p></td><td rowspan="1" colspan="2"><p>04.819.181/0001-33</p></td><td rowspan="1" colspan="2"><p>BR XV</p></td></tr></table><p>que por esta Organização Militar, situada à AVENIDA PARQUE, 262, CENTRO - ITACOATIARA/AM, tramitam os AUTOS DE INFRAÇÃO Nº 005P2021000785, 005P2021000858, 005P2021000793, 005P2021000807, 005P2021000815, 005P2021000866, 005P2021000882, 005P2021000891, 005P2021000904 e 005P2021000912 por infringir à Lei 9.537, de 11 de dezembro de 1997, e seu Regulamento aprovado pelo Decreto nº 2.596, de 18 de maio de 1998 e à Lei nº 8.374, de 30 de dezembro de 1991, e como não foi possível citá-lo pessoalmente ou por via postal com aviso de recebimento, por se encontrar em lugar incerto e não sabido, fica ciente de que tem o prazo de 15 (quinze) dias úteis, a contar da data de publicação do presente EDITAL, para cumprir as penalidades impostas, findo os quais o processo terá prosseguimento sendo o débito existente passível de inscrição na Dívida Ativa da União, independentemente de seus comparecimentos. E para que não alegue ignorância do processo e/ou cerceamento de defesa, o Agente, mandou expedir o presente EDITAL DE CONVOCAÇÃO que será publicado e afixado em local próprio, conforme os artigos 231 e 232 do Código de Processo Civil.</p><p class="assina">Capitão-Tenente (AA) CLAUDIO GEOVANI DA SILVA</p>]]></Texto>
  </body>
  <Midias />
</article></xml>