﻿<xml><article id="27703516" name="ExtACT579PE" idOficio="7354889" pubName="DO3" artType="Extrato de Acordo de Cooperação Técnica" pubDate="25/08/2022" artClass="00007:00058:00050:00000:00000:00000:00000:00000:00000:00000:00036:00000" artCategory="Ministério da Agricultura, Pecuária e Abastecimento/Instituto Nacional de Colonização e Reforma Agrária/Superintendência Regional em Pernambuco" artSize="12" artNotes="" numberPage="6" pdfPage="http://pesquisa.in.gov.br/imprensa/jsp/visualiza/index.jsp?data=25/08/2022&amp;jornal=530&amp;pagina=6" editionNumber="162" highlightType="" highlightPriority="" highlight="" highlightimage="" highlightimagename="" idMateria="14835530">
  <body>
    <Identifica><![CDATA[ EXTRATO DE ACORDO DE COOPERAÇÃO TÉCNICA Nº 579]]></Identifica>
    <Data><![CDATA[]]></Data>
    <Ementa />
    <Titulo />
    <SubTitulo />
    <Texto><![CDATA[<p class="identifica">EXTRATO DE ACORDO DE COOPERAÇÃO TÉCNICA Nº 579</p><p>Acordo de Cooperação Técnica que entre si celebram, o Instituto Nacional de Colonização e Reforma Agrária - INCRA, através da Superintendência Regional de Pernambuco e o Município de Gravatá/PE - CNPJ Nº 11.049.830/0001-20, para manutenção do Sistema Nacional de Cadastro Rural - SNCR, através da Unidade Municipal de Cadastramento com prazo de vigência de 05 (cinco) anos a contar da data da sua publicação. Processo INCRA Nº 54000.049786/2022-14. Signatários: Thiago Angelus Conceição Brandão - Superintendente Regional e Joselito Gomes da Silva- Prefeito.</p>]]></Texto>
  </body>
  <Midias />
</article></xml>