﻿<xml><article id="27715630" name="2022-08-24/7354706/siasgnet_1483" idOficio="7354706" pubName="DO3" artType="Aviso de Licitação-Pregão" pubDate="25/08/2022" artClass="00013:00034:00005:00002:00000:00000:00000:00000:00000:00000:00164:00001" artCategory="Ministério da Defesa/Estado-Maior Conjunto das Forças Armadas/Chefia de Educação e Cultura/Escola Superior de Guerra" artSize="12" artNotes="" numberPage="38" pdfPage="http://pesquisa.in.gov.br/imprensa/jsp/visualiza/index.jsp?data=25/08/2022&amp;jornal=530&amp;pagina=38" editionNumber="162" highlightType="" highlightPriority="" highlight="" highlightimage="" highlightimagename="" idMateria="14835210">
  <body>
    <Identifica><![CDATA[ AVISO DE LICITAÇÃO]]></Identifica>
    <Data><![CDATA[]]></Data>
    <Ementa />
    <Titulo />
    <SubTitulo />
    <Texto><![CDATA[<p class="identifica">AVISO DE LICITAÇÃO</p><p class="identifica">Pregão Eletrônico Nº 23/2022 - UASG 110402</p><p>Nº Processo: 60631004303202211. Objeto: Aquisição de material permanente (mobiliário para escritório) para uso nas salas de aula da Escola Superior de Guerra.. Total de Itens Licitados: 5. Edital: 25/08/2022 das 08h00 às 12h00 e das 13h00 às 16h00. Endereço: Av. Joao Luis Alves, S/n - Fortaleza de Sao Joao, Urca - Rio de Janeiro/RJ ou https://www.gov.br/compras/edital/110402-5-00023-2022. Entrega das Propostas: a partir de 25/08/2022 às 08h00 no site www.gov.br/compras. Abertura das Propostas: 06/09/2022 às 09h00 no site www.gov.br/compras. Informações Gerais: .</p><p class="assina">MAX LUIZ DA SILVA BARRETO</p><p class="cargo">Ordenador de Despesas</p><p>(SIASGnet - 24/08/2022) 110402-00001-2022NE800000</p>]]></Texto>
  </body>
  <Midias />
</article></xml>