﻿<xml><article id="27714738" name="Sidec_00165__0FLC5Y" idOficio="7355149" pubName="DO3" artType="Resultado de Julgamento" pubDate="25/08/2022" artClass="00013:00010:00029:00002:00039:00000:00000:00000:00000:00000:00120:00166" artCategory="Ministério da Defesa/Comando da Aeronáutica/Secretaria de Economia e Finanças e Administração da Aeronáutica/Diretoria de Administração da Aeronáutica/Grupamento de Apoio do Distrito Federal" artSize="12" artNotes="" numberPage="18" pdfPage="http://pesquisa.in.gov.br/imprensa/jsp/visualiza/index.jsp?data=25/08/2022&amp;jornal=530&amp;pagina=18" editionNumber="162" highlightType="" highlightPriority="" highlight="" highlightimage="" highlightimagename="" idMateria="14836061">
  <body>
    <Identifica><![CDATA[ RESULTADO DE JULGAMENTO]]></Identifica>
    <Data><![CDATA[]]></Data>
    <Ementa />
    <Titulo />
    <SubTitulo />
    <Texto><![CDATA[<p class="identifica">RESULTADO DE JULGAMENTO</p><p class="identifica">PREGÃO Nº 44/2022</p><p>O Ordenador de Despesas do Grupamento de Apoio do Distrito Federal comunica aos interessados aadjudicação por parte do Pregoeiro e a homologação do Pregão Eletrônico n¨ 44/GAP-DF/2022.Objeto: AQUISIÇÃO DE INDUSTRIZALIZADOS 02, Empresasvencedoras: JARDA COMERCIAL DE ALIMENTOS EIRELI, CNPJ: 04.119.118/0001-94, ITENS 1, 15, 18, 19, 22, 30, 32, 37, 38, 49, 51, 52, 53, 67, 75, 76, 92, 93, 110, 111, 112, 117, 118, 119, 126, 127, 128, 129, 130, 134, 135, 136, 141 E 142, VALOR R$ 580.791,54; G.S.A. COMERCIO E SERVICOS EIRELI, CNPJ: 09.270.460/0001-04, ITENS 7, 10, 11, 34, 43, 44, 58, 69, 80, 82, 83, 84, 94, 95, 104, 113 E 114, VALOR R$ 408.264,75; NATIVA DISTRIBUICAO DE SUPRIMENTOS LTDA, CNPJ: 09.482.201/0001-47, ITENS 12, 13, 26, 27, 35, 46, 47, 71,72, 73, 74, 89, 96, 97, 100, 107, 115, 116, 137, 138 E 139, VALOR R$ 512.304,25; NUTRICELLI COMERCIO DE ALIMENTOS LTDA, CNPJ: 12.433.700/0001-59, ITENS 3, 8, 9, 17, 21, 23, 24, 25, 29, 31,33, 45, 54, 57, 60, 66, 68, 70, 77, 81, 85, 86,87, 88, 98, 99,101, 102, 103, 105, 108, 122, 123, 124 E 140, VALOR R$ 473.962,30, SM PANTANAL REPRESENTACOES E SERVICOS EIRELI, CNPJ: 12.561.153/0001-97, ITENS 20, 59, VALOR R$ 19.440,00; COMERCIAL MINAS BRASILIA EIRELI, CNPJ: 18.768.894/0001-20, ITENS 14, 28, 36, 48, 50, 61, 62, 63, 64, 65, 90, 91, 106 E 109, VALOR R$ 569.701,54; ARCANJOS COMERCIAL DE ALIMENTOS EIRELI, CNPJ: 19.600.228/0001-40, ITENS 4, 5, 16, 39, 40, 41, 42, 55, 56, 78, 79, 120, 121, 125, 131, 132E 133, VALOR R$ 521.510,65; GREEN HOUSE COMERCIO DE PRODUTOS DE LIMPEZA LTDA; CNPJ: 21.494.511/0001-87, ITENS 2 E 6, VALOR R$ 52.390,00.</p><p class="assina">CEL INT MARCELO FERREIRA PEDRO</p><p class="cargo">Ordenador de Despesa GAP-DF</p><p>(SIDEC - 24/08/2022) 120625-00001-2022NE800262</p>]]></Texto>
  </body>
  <Midias />
</article></xml>