﻿<xml><article id="27712796" name="2022-08-24/7354717/siasgnet_1483" idOficio="7354717" pubName="DO3" artType="Aviso de Licitação-Pregão" pubDate="25/08/2022" artClass="00007:00060:00022:00000:00000:00000:00000:00000:00000:00000:00164:00001" artCategory="Ministério da Agricultura, Pecuária e Abastecimento/Empresa Brasileira de Pesquisa Agropecuária/Embrapa Agroindústria de Alimentos" artSize="12" artNotes="" numberPage="6" pdfPage="http://pesquisa.in.gov.br/imprensa/jsp/visualiza/index.jsp?data=25/08/2022&amp;jornal=530&amp;pagina=6" editionNumber="162" highlightType="" highlightPriority="" highlight="" highlightimage="" highlightimagename="" idMateria="14835281">
  <body>
    <Identifica><![CDATA[ AVISO DE LICITAÇÃO]]></Identifica>
    <Data><![CDATA[]]></Data>
    <Ementa />
    <Titulo />
    <SubTitulo />
    <Texto><![CDATA[<p class="identifica">AVISO DE LICITAÇÃO</p><p class="identifica">Pregão Eletrônico Nº 3/2022 - UASG 135020</p><p>Nº Processo: 21152.000868/2022. Objeto: Contratação de Empresa Especializada na Prestação de Serviços de Remoção de Resíduos Sólidos Especiais (RSE) - Lixo Extraordinário e Entulho Diversos, com Fornecimento de Todos os Materiais e Equipamentos Necessários à Execução dos Serviços, pelo Período de 12 (Doze) Meses. Total de Itens Licitados: 1. Edital: 25/08/2022 das 08h00 às 12h00 e das 13h00 às 16h30. Endereço: Av. Das Americas, 29501, Guaratiba - Rio de Janeiro/RJ ou https://www.gov.br/compras/edital/135020-5-00003-2022. Entrega das Propostas: a partir de 25/08/2022 às 08h00 no site www.gov.br/compras. Abertura das Propostas: 06/09/2022 às 09h00 no site www.gov.br/compras. Informações Gerais: O Edital encontra-se disponível no Portal Compras Governamentais ("www.comprasgovernamentais.gov.br"). Os itens cotados deverão seguir especificações técnicas contidas no Anexo I (Termo de Referência) do Edital, sob pena de desclassificação da proposta. A especificação técnica deverá ser apresenta no ato da formulação da proposta no campo "Descrição Detalhada do Objeto Ofertado"..</p><p class="assina">MIN LIN CHANG COSTA</p><p class="cargo">Chefe Adjunto de Administração</p><p>(SIASGnet - 24/08/2022) 135020-13203-2022NE000001</p>]]></Texto>
  </body>
  <Midias />
</article></xml>