﻿<xml><article id="27708572" name="EXTRATO DE CONTRATO NA 0034 2022" idOficio="7355795" pubName="DO3" artType="Extrato de Contrato" pubDate="25/08/2022" artClass="00007:00001:00000:00000:00000:00000:00000:00000:00000:00000:00031:00000" artCategory="Ministério da Agricultura, Pecuária e Abastecimento/Gabinete do Ministro" artSize="12" artNotes="" numberPage="2" pdfPage="http://pesquisa.in.gov.br/imprensa/jsp/visualiza/index.jsp?data=25/08/2022&amp;jornal=530&amp;pagina=2" editionNumber="162" highlightType="" highlightPriority="" highlight="" highlightimage="" highlightimagename="" idMateria="14836999">
  <body>
    <Identifica><![CDATA[ EXTRATO DE CONTRATO Nº 34/2022]]></Identifica>
    <Data><![CDATA[]]></Data>
    <Ementa />
    <Titulo />
    <SubTitulo />
    <Texto><![CDATA[<p class="identifica">EXTRATO DE CONTRATO Nº 34/2022</p><p>Processo nº: 21000.058382/2022-54</p><p>Contratante: Ministério da Agricultura, Pecuária e Abastecimento.</p><p>Contratado: BRB - BANCO DE BRASÍLIA S.A.</p><p>Objeto: Credenciar a instituição financeira para atuar na contratação de operações de crédito rural com recursos do Fundo de Defesa da Economia Cafeeira - Funcafé, nas modalidades Custeio, Comercialização de Café, Aquisição de Café - FAC e Recuperação de Cafezais, sob as condições estabelecidas no Manual de Crédito Rural (MCR).</p><p>Amparo Legal: Capítulo 9 do Manual de Crédito Rural.</p><p>Valor total: até R$ 15.000.000,00.</p><p>Dotação Orçamentária: 20.608.1031.0012.0001 - Financiamentos ao Agronegócio Café. Elemento de Despesa: 45900000 - concessão de empréstimos e financiamentos. 2022NE000116, 2022NE000117, 2022NE000118, e 2022NE000119.</p><p>Data da Assinatura: 24/08/2022</p><p>Signatários: MARCOS MONTES CORDEIRO, pelo Contratante, e EUGENIA REGINA DE MELO, pelo Contratado.</p>]]></Texto>
  </body>
  <Midias />
</article></xml>