﻿<xml><article id="27715993" name="Sidec_00024__1LP5O8" idOficio="7355149" pubName="DO3" artType="Extrato de Inexigibilidade de Licitação" pubDate="25/08/2022" artClass="00007:00047:00041:00005:00010:00000:00000:00000:00000:00000:00041:00025" artCategory="Ministério da Agricultura, Pecuária e Abastecimento/Secretaria de Defesa Agropecuária/Departamento de Serviços Técnicos/Coordenação-Geral de Apoio Laboratorial/Laboratório Federal de Defesa Agropecuária em Minas Gerais" artSize="12" artNotes="" numberPage="5" pdfPage="http://pesquisa.in.gov.br/imprensa/jsp/visualiza/index.jsp?data=25/08/2022&amp;jornal=530&amp;pagina=5" editionNumber="162" highlightType="" highlightPriority="" highlight="" highlightimage="" highlightimagename="" idMateria="14835915">
  <body>
    <Identifica><![CDATA[ EXTRATO DE INEXIGIBILIDADE DE LICITAÇÃO Nº 10/2022  - UASG 130058]]></Identifica>
    <Data><![CDATA[]]></Data>
    <Ementa />
    <Titulo />
    <SubTitulo />
    <Texto><![CDATA[<p class="identifica">EXTRATO DE INEXIGIBILIDADE DE LICITAÇÃO Nº 10/2022 - UASG 130058</p><p>Nº Processo: 21000084532202013 . Objeto: Contratação de empresa especializada em fornecimento de serviço de suporte da solução LIMS - LABWARE e direitos de atualização/evolução da ferramenta para a Rede LFDA. Total de Itens Licitados: 00001. Fundamento Legal: Art. 25º, Caput da Lei nº 8.666 de 21º/06/1993.. Justificativa: Inviabilidade de competição. Declaração de Inexigibilidade em 24/08/2022. RENATO LUIZ GONCALVES ARAUJO. Chefe da Divisão Administrativa do Lfda/mg. Ratificação em 24/08/2022. MIKAEL ARRAIS HODON. Coordenador Substituto do Lfda/mg. Valor Global: R$ 584.934,00. CNPJ CONTRATADA : 13.011.238/0001-64 LABWARE BRASIL SERVICOS DE INFORMATICA LTDA.</p><p>(SIDEC - 24/08/2022) 130058-00001-2021NE800049</p>]]></Texto>
  </body>
  <Midias />
</article></xml>