﻿<xml><article id="27712111" name="Sidec_00191" idOficio="7355149" pubName="DO3" artType="Aviso de Suspensão" pubDate="25/08/2022" artClass="00013:00011:00010:00008:00005:00000:00000:00000:00000:00000:00089:00192" artCategory="Ministério da Defesa/Comando do Exército/Comando Militar do Nordeste/7ª Região Militar/Hospital Militar de Área de Recife" artSize="12" artNotes="" numberPage="22" pdfPage="http://pesquisa.in.gov.br/imprensa/jsp/visualiza/index.jsp?data=25/08/2022&amp;jornal=530&amp;pagina=22" editionNumber="162" highlightType="" highlightPriority="" highlight="" highlightimage="" highlightimagename="" idMateria="14836088">
  <body>
    <Identifica><![CDATA[ AVISO DE SUSPENSÃO]]></Identifica>
    <Data><![CDATA[]]></Data>
    <Ementa />
    <Titulo />
    <SubTitulo />
    <Texto><![CDATA[<p class="identifica">AVISO DE SUSPENSÃO</p><p class="identifica">PREGÃO Nº 17/2022</p><p>Comunicamos a suspensão da licitação supracitada, publicada no D.O.U em 17/08/2022 . Objeto: Pregão Eletrônico - Registro de preços para eventual Aquisição de Órteses, Próteses e Materiais Especiais (OPME) Cirurgia Vascular, para atender as necessidades do Hospital Militar de Área de Recife.</p><p class="assina">HAILTON ANTONIO CASARA CAVALCANTE</p><p class="cargo">Ordenador de Despesas</p><p>(SIDEC - 24/08/2022) 160199-00001-2022NE000001</p>]]></Texto>
  </body>
  <Midias />
</article></xml>