﻿<xml><article id="27714927" name="2022-08-24/7354303/COMPRASNETWS_" idOficio="7354303" pubName="DO3" artType="Extrato de Termo Aditivo" pubDate="25/08/2022" artClass="00013:00011:00010:00002:00053:00000:00000:00000:00000:00000:00054:00001" artCategory="Ministério da Defesa/Comando do Exército/Comando Militar do Nordeste/1º Grupamento de Engenharia/1º Batalhão de Engenharia de Construção" artSize="12" artNotes="" numberPage="21" pdfPage="http://pesquisa.in.gov.br/imprensa/jsp/visualiza/index.jsp?data=25/08/2022&amp;jornal=530&amp;pagina=21" editionNumber="162" highlightType="" highlightPriority="" highlight="" highlightimage="" highlightimagename="" idMateria="14834718">
  <body>
    <Identifica><![CDATA[ EXTRATO DE TERMO ADITIVO Nº 1/2022 - UASG 160339]]></Identifica>
    <Data><![CDATA[]]></Data>
    <Ementa />
    <Titulo />
    <SubTitulo />
    <Texto><![CDATA[<p class="identifica">EXTRATO DE TERMO ADITIVO Nº 1/2022 - UASG 160339</p><p>Número do Contrato: 24/2021.</p><p>Nº Processo: 64039.007641/2021-73.</p><p>Pregão. Nº 21/2021. Contratante: 1º BATALHAO DE ENGENHARIA DE CONSTRUCAO. Contratado: 08.720.054/0001-33 - INORPEL INDUSTRIA NORDESTINA DE PRODUTOS ELETRICOS LTDA. Objeto: Prorrogação de vigência contratual, que tem como objeto serviço continuado de comunicação de dados: link de internet dedicado banda larga com velocidade de 30 (trinta) mbps, por meio de fibra óptica.. Vigência: 20/08/2022 a 20/08/2023. Valor Total Atualizado do Contrato: R$ 7.200,00. Data de Assinatura: 19/08/2022.</p><p>(COMPRASNET 4.0 - 19/08/2022).</p>]]></Texto>
  </body>
  <Midias />
</article></xml>