﻿<xml><article id="27715720" name="Sidec_00183__5AKDIP" idOficio="7355149" pubName="DO3" artType="Extrato de Inexigibilidade de Licitação" pubDate="25/08/2022" artClass="00013:00011:00009:00013:00000:00000:00000:00000:00000:00000:00041:00184" artCategory="Ministério da Defesa/Comando do Exército/Comando Militar do Leste/4ª Região Militar" artSize="12" artNotes="" numberPage="20" pdfPage="http://pesquisa.in.gov.br/imprensa/jsp/visualiza/index.jsp?data=25/08/2022&amp;jornal=530&amp;pagina=20" editionNumber="162" highlightType="" highlightPriority="" highlight="" highlightimage="" highlightimagename="" idMateria="14836080">
  <body>
    <Identifica><![CDATA[ EXTRATO DE INEXIGIBILIDADE DE LICITAÇÃO Nº 17/2022  - UASG 160118]]></Identifica>
    <Data><![CDATA[]]></Data>
    <Ementa />
    <Titulo />
    <SubTitulo />
    <Texto><![CDATA[<p class="identifica">EXTRATO DE INEXIGIBILIDADE DE LICITAÇÃO Nº 17/2022 - UASG 160118</p><p>Nº Processo: 35/2022 . Objeto: Credenciamento de Organizações Civis de Saúde e Profissionais de Saúde Autônomos. Total de Itens Licitados: 00002. Fundamento Legal: Art. 25º, Caput da Lei nº 8.666 de 21º/06/1993.. Justificativa: Visa complementar os serviços de assistência de saúde aos beneficiários do Fundo de Saúde do Exército (FUSEx). Declaração de Inexigibilidade em 24/08/2022. WAGNER LUIZ VIGIANI. Ordenador de Despesas 2 do Comando da 4ª Região Militar. Ratificação em 24/08/2022. PAULO ALIPIO BRANCO VALENCA. Comandante da da 4ª Região Militar. Valor Global: R$ 400.000,00. CNPJ CONTRATADA : 09.558.069/0001-00 NEO - NUCLEO DE EXCELENCIA EM OFTALMOLOGIA LTDA. Valor: R$ 200.000,00. CNPJ CONTRATADA : 16.644.080/0001-58 CMHI - CENTRO MEDICO HOSPITALAR INTEGRADO LTDA.. Valor: R$ 200.000,00</p><p>(SIDEC - 24/08/2022) 160118-00001-2022NE000001</p>]]></Texto>
  </body>
  <Midias />
</article></xml>