﻿<xml><article id="27715573" name="2022-08-24/7354085/siasgnet_1483" idOficio="7354085" pubName="DO3" artType="Aviso de Licitação-Pregão" pubDate="25/08/2022" artClass="00013:00011:00015:00010:00000:00000:00000:00000:00000:00000:00164:00001" artCategory="Ministério da Defesa/Comando do Exército/Comando Militar do Sul/3ª Região Militar" artSize="12" artNotes="" numberPage="29" pdfPage="http://pesquisa.in.gov.br/imprensa/jsp/visualiza/index.jsp?data=25/08/2022&amp;jornal=530&amp;pagina=29" editionNumber="162" highlightType="" highlightPriority="" highlight="" highlightimage="" highlightimagename="" idMateria="14834376">
  <body>
    <Identifica><![CDATA[ AVISO DE LICITAÇÃO]]></Identifica>
    <Data><![CDATA[]]></Data>
    <Ementa />
    <Titulo />
    <SubTitulo />
    <Texto><![CDATA[<p class="identifica">AVISO DE LICITAÇÃO</p><p class="identifica">Pregão Eletrônico Nº 9/2022 - UASG 160392</p><p>Nº Processo: 64292020689202257. Objeto: Contratação de pessoa jurídica para a prestação de serviços bancários, para pagamentos de guias, usa de conta-corrente, conta poupança, transferências bancárias, empréstimos, aplicações financeiras. Total de Itens Licitados: 2. Edital: 25/08/2022 das 08h00 às 11h30 e das 13h00 às 17h00. Endereço: Rua Dos Andradas, N. 562 - Centro - Porto Alegre/rs, Centro Histórico - Porto Alegre/RS ou https://www.gov.br/compras/edital/160392-5-00009-2022. Entrega das Propostas: a partir de 25/08/2022 às 08h00 no site www.gov.br/compras. Abertura das Propostas: 08/09/2022 às 10h00 no site www.gov.br/compras. Informações Gerais: .</p><p class="assina">JOSE MARIA LOPES POMPEU</p><p class="cargo">Ordenador de Despesas</p><p>(SIASGnet - 24/08/2022) 160392-00001-2022NE000001</p>]]></Texto>
  </body>
  <Midias />
</article></xml>