﻿<xml><article id="27693576" name="Extrato de Edital DOU 008-2022" idOficio="7346860" pubName="DO3" artType="Aviso de Licitação-Concorrência" pubDate="25/08/2022" artClass="00050:09501:00000:00000:00000:00000:00000:00000:00000:00000:00161:00002" artCategory="Ineditoriais/SEST - Serviço Social do Transporte - Rio Claro" artSize="12" artNotes="" numberPage="201" pdfPage="http://pesquisa.in.gov.br/imprensa/jsp/visualiza/index.jsp?data=25/08/2022&amp;jornal=530&amp;pagina=201" editionNumber="162" highlightType="" highlightPriority="" highlight="" highlightimage="" highlightimagename="" idMateria="14824718">
  <body>
    <Identifica><![CDATA[ AVISO DE LICITAÇÃO]]></Identifica>
    <Data><![CDATA[]]></Data>
    <Ementa />
    <Titulo />
    <SubTitulo />
    <Texto><![CDATA[<p class="identifica">AVISO DE LICITAÇÃO</p><p class="identifica">CONCORRÊNCIA Nº 8/2022</p><p>O SEST - Serviço Social do Transporte comunica aos interessados que realizará concorrência para aquisição de materiais de piscina para a Unidade, situada na Rodovia Washington Luís, KM176 - Rio Claro/SP, CEP: 13503-750, cujo recebimento dos envelopes contendo a documentação e a proposta será no dia 09/09/2022, às 9h. Para retirada do edital e acesso às demais informações, os interessados deverão dirigir-se a Unidade de Rio Claro/SP, das 8h às 17h, ou solicitar o envio entrando em contato pelo telefone (19) 3522.1710 ou pelo e-mail licitacao.b080@sestsenat.org.br.</p><p class="assina">Abigail de Fátima Correa Rodrigues</p><p class="cargo">Presidente da Comissão de Licitação</p>]]></Texto>
  </body>
  <Midias />
</article></xml>