﻿<xml><article id="27714444" name="2022-08-24/7355290/COMPRASNETWS_" idOficio="7355290" pubName="DO3" artType="Extrato de Termo Aditivo" pubDate="25/08/2022" artClass="00013:00011:00011:00116:00001:00000:00000:00000:00000:00000:00054:00001" artCategory="Ministério da Defesa/Comando do Exército/Comando Militar do Norte/8ª Região Militar/Comissão Regional de Obras / 8ª Região Militar" artSize="12" artNotes="" numberPage="27" pdfPage="http://pesquisa.in.gov.br/imprensa/jsp/visualiza/index.jsp?data=25/08/2022&amp;jornal=530&amp;pagina=27" editionNumber="162" highlightType="" highlightPriority="" highlight="" highlightimage="" highlightimagename="" idMateria="14836278">
  <body>
    <Identifica><![CDATA[ EXTRATO DE TERMO ADITIVO Nº 2/2022 - UASG 160215]]></Identifica>
    <Data><![CDATA[]]></Data>
    <Ementa />
    <Titulo />
    <SubTitulo />
    <Texto><![CDATA[<p class="identifica">EXTRATO DE TERMO ADITIVO Nº 2/2022 - UASG 160215</p><p>Número do Contrato: 1/2020.</p><p>Nº Processo: 64330.001442/2019-32.</p><p>Concorrência. Nº 1/2019. Contratante: COMISSAO REGIONAL DE OBRAS DA 8ª RM. Contratado: 18.882.626/0001-34 - SAGA ENGENHARIA LTDA. Objeto: Prorrogação de vigência e acréscimo no prazo de execução.. Vigência: 15/01/2023 a 01/02/2024. Valor Total Atualizado do Contrato: R$ 3.482.352,89. Data de Assinatura: 24/08/2022.</p><p>(COMPRASNET 4.0 - 24/08/2022).</p>]]></Texto>
  </body>
  <Midias />
</article></xml>