﻿<xml><article id="27701944" name="NOTIFICAR 1" idOficio="7354617" pubName="DO3" artType="Edital de Notificação" pubDate="25/08/2022" artClass="00013:00011:00026:00002:00007:00000:00000:00000:00000:00000:00064:00000" artCategory="Ministério da Defesa/Comando do Exército/Departamento de Educação e Cultura do Exército/Diretoria do Patrimônio Histórico e Cultural/Museu Histórico do Exército e Forte de Copacabana" artSize="12" artNotes="ok" numberPage="32" pdfPage="http://pesquisa.in.gov.br/imprensa/jsp/visualiza/index.jsp?data=25/08/2022&amp;jornal=530&amp;pagina=32" editionNumber="162" highlightType="" highlightPriority="" highlight="" highlightimage="" highlightimagename="" idMateria="14835143">
  <body>
    <Identifica><![CDATA[Edital DE NOTIFICAçãO - UASG 160501 - MHEX E FC]]></Identifica>
    <Data><![CDATA[]]></Data>
    <Ementa />
    <Titulo />
    <SubTitulo />
    <Texto><![CDATA[<p class="identifica">Edital DE NOTIFICAçãO - UASG 160501 - MHEX E FC</p><p>NR Processo Administrativo: 64615.008597/2022-17.</p><p>Empresa YF SOLUCOES INTEGRADAS DE DISTRIBUICAO - CNPJ Nr 42.936.074/0001-84. Motivo: Por nao assinar a ATA DE REGISTRO DE PRECO, referente ao Pregao Nr 14/2022-UASG 160501. Objeto: Contratacao aquisicao de material de limpeza - Itens 2, 14 e 29, nas condicoes estabelecidas no termo de referencia, anexo ao edital - NUP 64615.006069/2022-15. Notificar: por ter sido improficua a tentativa de notificacao por via postal por se encontrar em local incerto e ignorado, o Museu Historico do Exercito e Forte de Copacabana, Notifica, a pessoa Juridica Empresa YF SOLUCOES INTEGRADAS DE DISTRIBUICAO - CNPJ Nr 42.936.074/0001-84, atraves de seus representantes legais YURI TERRA NOGUEIRA e FILIPE SILVA NEHME. Prazo para apresentar RECURSO: 5 (cinco) dias uteis conforme previsao do Artigo 109, da Lei nr 8.666/93, contados a partir da data desta publicacao. Vista do Processo Administrativo: 64615.008597/2022-17, no MHExFC no endereco Praca Coronel Eugenio Franco, nr 1 Posto 6, Copacabana, Rio de Janeiro - Cep: 22.070-020, das 09:00h as 15:30. Por fim, informamos, ainda, que o decurso do prazo recursal sem manifestacao da empresa acarretara a efetivacao da Sancao Administrativa no SICAF, bem como posterior arquivamento do Processo.</p><p class="assina">Cel LEANDRO FERNANDES MORAES</p><p class="cargo">Ordenador de Despesas</p>]]></Texto>
  </body>
  <Midias />
</article></xml>