﻿<xml><article id="27696677" name="NotificaAAo JUNIOR HUMBERTO DE O" idOficio="7353546" pubName="DO3" artType="Edital de Intimação" pubDate="25/08/2022" artClass="00013:00011:00014:00007:00000:00000:00000:00000:00000:00000:00062:00000" artCategory="Ministério da Defesa/Comando do Exército/Comando Militar do Sudeste/2ª Região Militar" artSize="12" artNotes="ok" numberPage="29" pdfPage="http://pesquisa.in.gov.br/imprensa/jsp/visualiza/index.jsp?data=25/08/2022&amp;jornal=530&amp;pagina=29" editionNumber="162" highlightType="" highlightPriority="" highlight="" highlightimage="" highlightimagename="" idMateria="14833786">
  <body>
    <Identifica><![CDATA[edital de INTIMAÇÃO]]></Identifica>
    <Data><![CDATA[]]></Data>
    <Ementa />
    <Titulo />
    <SubTitulo />
    <Texto><![CDATA[<p class="identifica">edital de INTIMAÇÃO</p><p>JORGE CARDOSO MARTINS, Comandante da 2ª Região Militar, no uso de suas atribuições legais etc.</p><p>FAZ SABER, aos que o presente Edital virem ou dele notícia tiverem, e a quem possa interessar, que com base no art. 26, §4.º, da Lei n.º 9784/99, considerando que restaram frustradas as tentativas de intimação direta, INTIMA o Sr. JUNIOR HUMBERTO DE OLIVEIRA, CPF 298.556.348-88, para que compareça ao Cmdo 2ª RM/Seção de Fiscalização de Produtos Controlados, na Av. Sgt. Mario Kozel Filho, 222, Paraíso, São Paulo/SP, no prazo de 10 dias, a contar desta publicação, a fim de tomar ciência da solução de Processo Administrativo.</p><p class="assina">JORGE CARDOSO MARTINS</p>]]></Texto>
  </body>
  <Midias />
</article></xml>