﻿<xml><article id="27716483" name="2022-08-24/7353179/COMPRASNETWS_" idOficio="7353179" pubName="DO3" artType="Extrato de Termo Aditivo" pubDate="25/08/2022" artClass="00007:00003:00036:00000:00000:00000:00000:00000:00000:00000:00054:00001" artCategory="Ministério da Agricultura, Pecuária e Abastecimento/Secretaria Executiva/Superintendência Federal de Agricultura, Pecuária e Abastecimento do Pará" artSize="12" artNotes="" numberPage="2" pdfPage="http://pesquisa.in.gov.br/imprensa/jsp/visualiza/index.jsp?data=25/08/2022&amp;jornal=530&amp;pagina=2" editionNumber="162" highlightType="" highlightPriority="" highlight="" highlightimage="" highlightimagename="" idMateria="14833381">
  <body>
    <Identifica><![CDATA[ EXTRATO DE TERMO ADITIVO Nº 1/2022 - UASG 130094]]></Identifica>
    <Data><![CDATA[]]></Data>
    <Ementa />
    <Titulo />
    <SubTitulo />
    <Texto><![CDATA[<p class="identifica">EXTRATO DE TERMO ADITIVO Nº 1/2022 - UASG 130094</p><p>Número do Contrato: 2/2021.</p><p>Nº Processo: 21030.010365/2021-06.</p><p>Pregão. Nº 1/2021. Contratante: SUPERINT.FED.DE AGRIC.,PEC.E ABASTECIMENTO/PA. Contratado: 11.056.054/0001-95 - SARAM SERVICOS ESPECIALIZADOS LTDA. Objeto: O presente termo aditivo tem como objeto a prorrogação do prazo de vigência estabelecido na</p><p>cláusula segunda do contrato administrativo nº 002/2021, por mais 12 (doze) meses compreendidos entre 24 de</p><p>agosto de 2022 a 23 de agosto de 2023, no permissivo do art. 57, ii da lei nº 8.666/1993 e suas alterações</p><p>posteriores.</p><p>2. Vigência: 24/08/2022 a 23/08/2023. Valor Total Atualizado do Contrato: R$ 445.588,44. Data de Assinatura: 23/08/2022.</p><p>(COMPRASNET 4.0 - 23/08/2022).</p>]]></Texto>
  </body>
  <Midias />
</article></xml>