﻿<xml><article id="27709463" name="Result. Final - Chamada CNPq nA " idOficio="7355909" pubName="DO3" artType="Resultado de Julgamento" pubDate="25/08/2022" artClass="00011:00047:00009:00000:00000:00000:00000:00000:00000:00000:00120:00000" artCategory="Ministério da Ciência, Tecnologia e Inovações/Conselho Nacional de Desenvolvimento Científico e Tecnológico/Diretoria de Cooperação Institucional" artSize="12" artNotes="" numberPage="11" pdfPage="http://pesquisa.in.gov.br/imprensa/jsp/visualiza/index.jsp?data=25/08/2022&amp;jornal=530&amp;pagina=11" editionNumber="162" highlightType="" highlightPriority="" highlight="" highlightimage="" highlightimagename="" idMateria="14837201">
  <body>
    <Identifica><![CDATA[ AVISO]]></Identifica>
    <Data><![CDATA[ Brasília, 24 de agosto de 2022]]></Data>
    <Ementa />
    <Titulo />
    <SubTitulo />
    <Texto><![CDATA[<p class="identifica">AVISO</p><p>CONCEDENTE: O CNPq torna público que se encontra disponível na Página do CNPq na Internet endereço https://www.gov.br/cnpq/pt-br o Resultado Final do julgamento da Chamada CNPq Nº 01/2022 - Torre ATTO (Observatório da Torre Alta da Amazônia).</p><p class="data">Brasília, 24 de agosto de 2022</p><p class="assina">Maria Zaira Turchi</p><p class="cargo">Diretora de Cooperação Institucional - DCOI</p>]]></Texto>
  </body>
  <Midias />
</article></xml>