﻿<xml><article id="27702307" name="MG-010-ECT-00436085" idOficio="7354657" pubName="DO3" artType="Aviso de Licitação" pubDate="25/08/2022" artClass="00012:00017:00049:00004:00000:00000:00000:00000:00000:00000:00081:00000" artCategory="Ministério das Comunicações/Empresa Brasileira de Correios e Telégrafos/Diretoria de Governança e Estratégia/Superintendência Estadual N1 MG" artSize="12" artNotes="" numberPage="13" pdfPage="http://pesquisa.in.gov.br/imprensa/jsp/visualiza/index.jsp?data=25/08/2022&amp;jornal=530&amp;pagina=13" editionNumber="162" highlightType="" highlightPriority="" highlight="" highlightimage="" highlightimagename="" idMateria="14835223">
  <body>
    <Identifica><![CDATA[ AVISO DE LICITAÇÃO]]></Identifica>
    <Data><![CDATA[]]></Data>
    <Ementa />
    <Titulo />
    <SubTitulo />
    <Texto><![CDATA[<p class="identifica">AVISO DE LICITAÇÃO</p><p class="identifica">PREGÃO ELETRÔNICO Nº 22000077 SE/MG</p><p>Locação de Plataforma Elevatória Tesoura 14m (Elétrica), incluindo treinamento, manutenção preventiva e corretiva, fornecimento de suprimentos necessários à operação, conservação e limpeza dos equipamentos. Recebimento das propostas e obtenção do Edital: http://www.correios.com.br até 19/09/2022 às 09h00 e início da disputa às 10h00. Informações pelo telefone: (31) 3431-0631 ou e-mail: mg-gelic@correios.com.br.</p><p class="assina">GIOVANI GRACIANO DOS SANTOS JUNIOR</p><p class="cargo">Gerente de Licitações Polo MG SE/MG</p>]]></Texto>
  </body>
  <Midias />
</article></xml>