﻿<xml><article id="27694188" name="Extrato de Termo Aditivo Publ. 2" idOficio="7353054" pubName="DO3" artType="Extrato de Termo Aditivo" pubDate="25/08/2022" artClass="00007:00060:00080:00000:00000:00000:00000:00000:00000:00000:00054:00000" artCategory="Ministério da Agricultura, Pecuária e Abastecimento/Empresa Brasileira de Pesquisa Agropecuária/Embrapa Semi-Árido" artSize="12" artNotes="" numberPage="8" pdfPage="http://pesquisa.in.gov.br/imprensa/jsp/visualiza/index.jsp?data=25/08/2022&amp;jornal=530&amp;pagina=8" editionNumber="162" highlightType="" highlightPriority="" highlight="" highlightimage="" highlightimagename="" idMateria="14833247">
  <body>
    <Identifica><![CDATA[EXTRATO DE TERMO ADITIVO]]></Identifica>
    <Data><![CDATA[]]></Data>
    <Ementa />
    <Titulo />
    <SubTitulo />
    <Texto><![CDATA[<p class="identifica">EXTRATO DE TERMO ADITIVO</p><p>Espécie: Termo Aditivo nº 04 ao Contrato de PRESTAÇÃO DE SERVIÇOS DE COLETA, TRANSPORTE E TRATAMENTO DOS RESÍDUOS DOS GRUPOS "A", "B" E "E" (SAIC Nº 22400.18/0055-4) Participantes: Embrapa Semiárido CNPJ/MF 00.348.003/0041-08 e a BRASCON GESTÃO AMBIENTAL LTDA - CNPJ/MF 11.863.530/0001-80. Objeto: Prorrogação da vigência do Contrato Original por mais 12 (doze) meses. Data da assinatura 23/08/2022 Vigência: 05/09/2023. Signatários: Luís Magano Silva de Menezes e Robson Luiz Gomes de Sousa, pela Embrapa e Victor Vasconcelos Pinho de Miranda, pela Contratada.</p>]]></Texto>
  </body>
  <Midias />
</article></xml>