﻿<xml><article id="27699360" name="04. Aviso de Licitacao - PE 06-2" idOficio="7354147" pubName="DO3" artType="Aviso de Licitação" pubDate="25/08/2022" artClass="00013:00012:00033:00005:00000:00000:00000:00000:00000:00000:00081:00000" artCategory="Ministério da Defesa/Comando da Marinha/Secretaria-Geral/Diretoria de Abastecimento" artSize="12" artNotes="" numberPage="37" pdfPage="http://pesquisa.in.gov.br/imprensa/jsp/visualiza/index.jsp?data=25/08/2022&amp;jornal=530&amp;pagina=37" editionNumber="162" highlightType="" highlightPriority="" highlight="" highlightimage="" highlightimagename="" idMateria="14834464">
  <body>
    <Identifica><![CDATA[AVISO DE LICITAÇÃO]]></Identifica>
    <Data><![CDATA[]]></Data>
    <Ementa />
    <Titulo />
    <SubTitulo />
    <Texto><![CDATA[<p class="identifica">AVISO DE LICITAÇÃO</p><p class="identifica">PREGÃO ELETRÔNICO Nº 6/2022</p><p>Processo nº 63271.000981/2022-39; Contratante: Comissão Naval Brasileira na Europa; CNPJ 00.394.502/0271-82; Objeto: Contratação de prestação de serviço de transporte de bagagem desacompanhada; data de emissão do Edital: 23/08/2022; data do Pregão Eletrônico: 06/09/2022 das 14h00 às 14h30 (horário local Londres, Inglaterra); Edital disponível no site www.bnce.org.uk.</p>]]></Texto>
  </body>
  <Midias />
</article></xml>