﻿<xml><article id="27715810" name="2022-08-24/7353319/siasgnet_1483" idOficio="7353319" pubName="DO3" artType="Aviso de Licitação-Pregão" pubDate="25/08/2022" artClass="00007:00060:00067:00000:00000:00000:00000:00000:00000:00000:00164:00001" artCategory="Ministério da Agricultura, Pecuária e Abastecimento/Empresa Brasileira de Pesquisa Agropecuária/Embrapa Pantanal" artSize="12" artNotes="" numberPage="7" pdfPage="http://pesquisa.in.gov.br/imprensa/jsp/visualiza/index.jsp?data=25/08/2022&amp;jornal=530&amp;pagina=7" editionNumber="162" highlightType="" highlightPriority="" highlight="" highlightimage="" highlightimagename="" idMateria="14833531">
  <body>
    <Identifica><![CDATA[ AVISO DE LICITAÇÃO]]></Identifica>
    <Data><![CDATA[]]></Data>
    <Ementa />
    <Titulo />
    <SubTitulo />
    <Texto><![CDATA[<p class="identifica">AVISO DE LICITAÇÃO</p><p class="identifica">Pregão Eletrônico Nº 4/2022 - UASG 135018</p><p>Nº Processo: 21191.000347/2022. Objeto: Registro de preços de empresa, devidamente licenciada e especializada para prestação de serviços coleta/manipulação, transporte, acondicionamento/armazenamento, tratamento através da aplicação de processos físicos, químicos e térmico quando necessário e destinação final dos resíduos, dos grupos A (A1, A2 e A4) - resíduos potencialmente infectantes; B - resíduos químicos e E - resíduos perfurocortantes. (Conforme Termo de Referência). Total de Itens Licitados: 3. Edital: 25/08/2022 das 08h00 às 11h00 e das 13h30 às 17h00. Endereço: Rua 21 de Setembro, 1880, Aeroporto - Corumbá/MS ou https://www.gov.br/compras/edital/135018-5-00004-2022. Entrega das Propostas: a partir de 25/08/2022 às 08h00 no site www.gov.br/compras. Abertura das Propostas: 08/09/2022 às 10h00 no site www.gov.br/compras. Informações Gerais: .</p><p class="assina">SUZANA MARIA DE SALIS</p><p class="cargo">Chefe Geral</p><p>(SIASGnet - 24/08/2022) 135018-13203-2022NE000001</p>]]></Texto>
  </body>
  <Midias />
</article></xml>