﻿<xml><article id="27714420" name="2022-08-24/7353194/siasgnet_1483" idOficio="7353194" pubName="DO3" artType="Aviso de Licitação-Pregão" pubDate="25/08/2022" artClass="00013:00011:00015:00011:00004:00000:00000:00000:00000:00000:00164:00001" artCategory="Ministério da Defesa/Comando do Exército/Comando Militar do Sul/5ª Região Militar/Hospital Geral de Curitiba" artSize="12" artNotes="" numberPage="30" pdfPage="http://pesquisa.in.gov.br/imprensa/jsp/visualiza/index.jsp?data=25/08/2022&amp;jornal=530&amp;pagina=30" editionNumber="162" highlightType="" highlightPriority="" highlight="" highlightimage="" highlightimagename="" idMateria="14833396">
  <body>
    <Identifica><![CDATA[ AVISO DE LICITAÇÃO]]></Identifica>
    <Data><![CDATA[]]></Data>
    <Ementa />
    <Titulo />
    <SubTitulo />
    <Texto><![CDATA[<p class="identifica">AVISO DE LICITAÇÃO</p><p class="identifica">Pregão Eletrônico Nº 12/2022 - UASG 160223</p><p>Nº Processo: 64578009762202233. Objeto: Eventual aquisição de material hospitalar.. Total de Itens Licitados: 148. Edital: 25/08/2022 das 08h00 às 12h00 e das 13h00 às 15h00. Endereço: Praça Marechal Alberto Ferreira de Abreu,s/n - Batel, Batel - Curitiba/PR ou https://www.gov.br/compras/edital/160223-5-00012-2022. Entrega das Propostas: a partir de 25/08/2022 às 08h00 no site www.gov.br/compras. Abertura das Propostas: 06/09/2022 às 09h00 no site www.gov.br/compras. Informações Gerais: .</p><p class="assina">RUY TERRA FILHO</p><p class="cargo">Ordenador de Despesas</p><p>(SIASGnet - 24/08/2022) 160223-00001-2022NE000001</p>]]></Texto>
  </body>
  <Midias />
</article></xml>