﻿<xml><article id="27714096" name="Sidec_00192" idOficio="7355149" pubName="DO3" artType="Extrato de Inexigibilidade de Licitação" pubDate="25/08/2022" artClass="00013:00011:00010:00008:00037:00000:00000:00000:00000:00000:00041:00193" artCategory="Ministério da Defesa/Comando do Exército/Comando Militar do Nordeste/7ª Região Militar/Base Administrativa do Curado" artSize="12" artNotes="" numberPage="22" pdfPage="http://pesquisa.in.gov.br/imprensa/jsp/visualiza/index.jsp?data=25/08/2022&amp;jornal=530&amp;pagina=22" editionNumber="162" highlightType="" highlightPriority="" highlight="" highlightimage="" highlightimagename="" idMateria="14836089">
  <body>
    <Identifica><![CDATA[ EXTRATO DE INEXIGIBILIDADE DE LICITAÇÃO Nº 8/2022  - UASG 160225]]></Identifica>
    <Data><![CDATA[]]></Data>
    <Ementa />
    <Titulo />
    <SubTitulo />
    <Texto><![CDATA[<p class="identifica">EXTRATO DE INEXIGIBILIDADE DE LICITAÇÃO Nº 8/2022 - UASG 160225</p><p>Nº Processo: 64193001638202244 . Objeto: Serviço de locação de bens móveis outras naturezas e intangíveis. Total de Itens Licitados: 00001. Fundamento Legal: Art. 25º, Inciso II da Lei nº 8.666 de 21º/06/1993.. Justificativa: Inviabilidade de competição, em especial para a contratação de serviço técnico de natureza singular. Declaração de Inexigibilidade em 19/08/2022. FELIPE GLASNER DE MAIA CHAGAS. Ordenador de Despesas. Ratificação em 19/08/2022. FRANCISCO CARLOS MACHADO SILVA. Comandante da 7ª Região Militar. Valor Global: R$ 78.789,20. CNPJ CONTRATADA : 10.835.932/0001-08 COMPANHIA ENERGETICA DE PERNAMBUCO.</p><p>(SIDEC - 24/08/2022) 160225-00001-2022NE000001</p>]]></Texto>
  </body>
  <Midias />
</article></xml>