﻿<xml><article id="27696443" name="DOU Termo aditivo TA 02 Embriose" idOficio="7353452" pubName="DO3" artType="Extrato de Termo Aditivo" pubDate="25/08/2022" artClass="00007:00060:00092:00000:00000:00000:00000:00000:00000:00000:00054:00000" artCategory="Ministério da Agricultura, Pecuária e Abastecimento/Empresa Brasileira de Pesquisa Agropecuária/Embrapa Trigo" artSize="12" artNotes="" numberPage="8" pdfPage="http://pesquisa.in.gov.br/imprensa/jsp/visualiza/index.jsp?data=25/08/2022&amp;jornal=530&amp;pagina=8" editionNumber="162" highlightType="" highlightPriority="" highlight="" highlightimage="" highlightimagename="" idMateria="14833692">
  <body>
    <Identifica><![CDATA[ EXTRATO DE TERMO ADITIVO]]></Identifica>
    <Data><![CDATA[]]></Data>
    <Ementa />
    <Titulo />
    <SubTitulo />
    <Texto><![CDATA[<p class="identifica">EXTRATO DE TERMO ADITIVO</p><p>Espécie: Termo aditivo nº 02 ao Contrato de Fornecimento de Nitrogênio; Cód. Embrapa 21100.20/0101-7-02; Partes: Embrapa Trigo e a Embriosemen Equipamentos Agropecuários Ltda; CNPJ: 02.319.237/0001-65; Objeto: Prorrogação por 12 (doze) meses do contrato de fornecimento e entrega estimada de 1500 litros de Nitrogênio Líquido pela Contratada; Fonte de recursos: Tesouro nacional; Valor global estimado: R$ 10.485,00; Modalidade: Não se aplica; Data de assinatura: 24/08/2022; Período: 01/11/2022 a 01/11/2023; Signatários: Denilson Focking, Chefe-Adjunto de Administração e Dayana Fernanda Maldaner, Supervisora do Setor de Patrimônio e Suprimento da Embrapa Trigo e Sandro Hilário Pavan, sócio da contratada.</p>]]></Texto>
  </body>
  <Midias />
</article></xml>