﻿<xml><article id="27715543" name="2022-08-24/7353905/COMPRASNETWS_" idOficio="7353905" pubName="DO3" artType="Extrato de Termo Aditivo" pubDate="25/08/2022" artClass="00013:00011:00012:00012:00003:00000:00000:00000:00000:00000:00054:00001" artCategory="Ministério da Defesa/Comando do Exército/Comando Militar do Oeste/3º Grupamento de Engenharia/Comissão Regional de Obras da 9ª Região Militar" artSize="12" artNotes="" numberPage="27" pdfPage="http://pesquisa.in.gov.br/imprensa/jsp/visualiza/index.jsp?data=25/08/2022&amp;jornal=530&amp;pagina=27" editionNumber="162" highlightType="" highlightPriority="" highlight="" highlightimage="" highlightimagename="" idMateria="14834187">
  <body>
    <Identifica><![CDATA[ EXTRATO DE TERMO ADITIVO Nº 5/2022 - UASG 160141]]></Identifica>
    <Data><![CDATA[]]></Data>
    <Ementa />
    <Titulo />
    <SubTitulo />
    <Texto><![CDATA[<p class="identifica">EXTRATO DE TERMO ADITIVO Nº 5/2022 - UASG 160141</p><p>Número do Contrato: 23/2020.</p><p>Nº Processo: 65328.001828/2020-90.</p><p>Concorrência. Nº 7/2020. Contratante: COMISSÃO REGIONAL DE OBRAS DA 9ª RM. Contratado: 05.463.160/0001-90 - KLLEPPER CONSTRUTORA LTDA. Objeto: Reequilíbrio financeiro no valor de R$ 45.609,32, da obra de construção da infraestrutura de 02 (dois) módulos de abastecimento da 13ª Bda Inf Mtz, em Cuiabá, MT. Vigência: 10/12/2020 a 05/03/2023. Valor Total Atualizado do Contrato: R$ 345.471,04. Data de Assinatura: 22/08/2022.</p><p>(COMPRASNET 4.0 - 22/08/2022).</p>]]></Texto>
  </body>
  <Midias />
</article></xml>