﻿<xml><article id="27715549" name="2022-08-24/7353287/siasgnet_1483" idOficio="7353287" pubName="DO3" artType="Aviso de Licitação-Pregão" pubDate="25/08/2022" artClass="00013:00010:00029:00002:00012:00000:00000:00000:00000:00000:00164:00001" artCategory="Ministério da Defesa/Comando da Aeronáutica/Secretaria de Economia e Finanças e Administração da Aeronáutica/Diretoria de Administração da Aeronáutica/Grupamento de Apoio de Manaus" artSize="12" artNotes="" numberPage="17" pdfPage="http://pesquisa.in.gov.br/imprensa/jsp/visualiza/index.jsp?data=25/08/2022&amp;jornal=530&amp;pagina=17" editionNumber="162" highlightType="" highlightPriority="" highlight="" highlightimage="" highlightimagename="" idMateria="14833469">
  <body>
    <Identifica><![CDATA[ AVISO DE LICITAÇÃO]]></Identifica>
    <Data><![CDATA[]]></Data>
    <Ementa />
    <Titulo />
    <SubTitulo />
    <Texto><![CDATA[<p class="identifica">AVISO DE LICITAÇÃO</p><p class="identifica">Pregão Eletrônico Nº 58/2022 - UASG 120630</p><p>Nº Processo: 67436002101202290. Objeto: Aquisição de medicamentos para atender às necessidades do Hospital de Aeronáutica de Manaus (HAMN) , conforme condições, quantidades e exigências estabelecidas neste instrumento: . Total de Itens Licitados: 50. Edital: 25/08/2022 das 09h30 às 16h30. Endereço: Av Rodrigo Otavio, 770 - Crespo, - Manaus/AM ou https://www.gov.br/compras/edital/120630-5-00058-2022. Entrega das Propostas: a partir de 25/08/2022 às 09h30 no site www.gov.br/compras. Abertura das Propostas: 12/09/2022 às 09h30 no site www.gov.br/compras.</p><p class="assina">MARCOS AFONSO DE CARVALHO QUINTELLA</p><p class="cargo">Ordenador de Despesas</p><p>(SIASGnet - 24/08/2022) 120630-00001-2022NE800663</p>]]></Texto>
  </body>
  <Midias />
</article></xml>