﻿<xml><article id="27707867" name="Minuta Edital LATICANIO SABOROSO" idOficio="7355686" pubName="DO3" artType="Edital" pubDate="25/08/2022" artClass="00007:00003:00047:00000:00000:00000:00000:00000:00000:00000:00057:00000" artCategory="Ministério da Agricultura, Pecuária e Abastecimento/Secretaria Executiva/Superintendência Federal de Agricultura, Pecuária e Abastecimento de São Paulo" artSize="12" artNotes="" numberPage="3" pdfPage="http://pesquisa.in.gov.br/imprensa/jsp/visualiza/index.jsp?data=25/08/2022&amp;jornal=530&amp;pagina=3" editionNumber="162" highlightType="" highlightPriority="" highlight="" highlightimage="" highlightimagename="" idMateria="14836803">
  <body>
    <Identifica><![CDATA[ EDITAL]]></Identifica>
    <Data><![CDATA[]]></Data>
    <Ementa />
    <Titulo />
    <SubTitulo />
    <Texto><![CDATA[<p class="identifica">EDITAL</p><p class="identifica">APROVAÇÃO DE PROJETO</p><p class="identifica">PROGRAMA MAIS LEITE SAUDÁVEL</p><p>A Superintendente do Ministério da Agricultura, pecuária e Abastecimento no estado de SP no uso das suas atribuições, com base nas análises técnicas constantes nos autos do Processo nº 000014.2220796/2022, protocolado em 13/07/2022 e, em conformidade com o Decreto nº 8.533, de 30/09/2015, aprova o Projeto de investimento de LATICÍNIO SABOROSO LTDA, CNPJ nº 00.853.238/0001-60, para aquisição de créditos presumidos da Contribuição PIS/Pasep e da Cofins da aplicação no Programa Mais Leite Saudável, com período de execução de 16/07/2022 a 28/06/2025.</p><p class="assina">ANDRÉA FIGUEIREDO PROCÓPIO DE MOURA</p>]]></Texto>
  </body>
  <Midias />
</article></xml>