﻿<xml><article id="27712727" name="2022-08-24/7353623/SICONV_148338" idOficio="7353623" pubName="DO3" artType="Extrato de Convênio" pubDate="25/08/2022" artClass="00007:00049:00000:00000:00000:00000:00000:00000:00000:00000:00032:00001" artCategory="Ministério da Agricultura, Pecuária e Abastecimento/Secretaria de Inovação, Desenvolvimento Sustentável e Irrigação" artSize="12" artNotes="" numberPage="5" pdfPage="http://pesquisa.in.gov.br/imprensa/jsp/visualiza/index.jsp?data=25/08/2022&amp;jornal=530&amp;pagina=5" editionNumber="162" highlightType="" highlightPriority="" highlight="" highlightimage="" highlightimagename="" idMateria="14833852">
  <body>
    <Identifica><![CDATA[ EXTRATO DE TERMO ADITIVO]]></Identifica>
    <Data><![CDATA[]]></Data>
    <Ementa />
    <Titulo />
    <SubTitulo />
    <Texto><![CDATA[<p class="identifica">EXTRATO DE TERMO ADITIVO</p><p>Espécie: Termo Aditivo de Acréscimo Nº 000001/2022 ao Convênio Nº 919583/2021. Convenentes: Concedente: MINISTÉRIO DA AGRICULTURA, PECUARIA E ABASTECIMENTO, Unidade Gestora: 130005. Convenente: MUNICIPIO DE ICATU, CNPJ nº 05296298000142. TERMO ADITIVO DE CONTRAPARTIDA. Valor Total: R$ 57.049,60, Valor de Contrapartida: R$ 57.049,60, Vigência: 22/12/2021 a 22/08/2024. Data de Assinatura: 22/12/2021. Signatários: Concedente: CLEBER OLIVEIRA SOARES, CPF nº 61672793572, Convenente: WALACE AZEVEDO MENDES, CPF nº 255.609.213-00.</p>]]></Texto>
  </body>
  <Midias />
</article></xml>