﻿<xml><article id="27714741" name="Sidec_00164__HS7ALQ" idOficio="7355149" pubName="DO3" artType="Extrato de Inexigibilidade de Licitação" pubDate="25/08/2022" artClass="00013:00010:00029:00002:00005:00018:00000:00000:00000:00000:00041:00165" artCategory="Ministério da Defesa/Comando da Aeronáutica/Secretaria de Economia e Finanças e Administração da Aeronáutica/Diretoria de Administração da Aeronáutica/Centro de Apoio Administrativo da Aeronáutica/Grupamento de Apoio de Anápolis" artSize="12" artNotes="" numberPage="16" pdfPage="http://pesquisa.in.gov.br/imprensa/jsp/visualiza/index.jsp?data=25/08/2022&amp;jornal=530&amp;pagina=16" editionNumber="162" highlightType="" highlightPriority="" highlight="" highlightimage="" highlightimagename="" idMateria="14836060">
  <body>
    <Identifica><![CDATA[ EXTRATO DE INEXIGIBILIDADE DE LICITAÇÃO Nº 30/2022  - UASG 120624]]></Identifica>
    <Data><![CDATA[]]></Data>
    <Ementa />
    <Titulo />
    <SubTitulo />
    <Texto><![CDATA[<p class="identifica">EXTRATO DE INEXIGIBILIDADE DE LICITAÇÃO Nº 30/2022 - UASG 120624</p><p>Nº Processo: 67281005005202212 . Objeto: Credenciamento, no âmbito do Estado de Goiás, de pessoas jurídicas interessadas na prestação de serviços de ssistência médico-hospitalar; laboratorial em Análises Clínicas e Anatomia Patológica, fonoaudiologia, fisioterapia, nutrição, psicologia, terapia ocupacional, serviços auxiliares de diagnóstico e terapia (SADT), remoção de pacientes, atenção domiciliar aos beneficiários do Sistema de Saúde da Aeronáutica (SISAU) Total de Itens Licitados: 00001. Fundamento Legal: Art. 25º, Caput da Lei nº 8.666 de 21º/06/1993.. Justificativa: Atender as necessidades de apoio à saúde dos militares da Base Aérea de Anápolis e de seus dependentes Declaração de Inexigibilidade em 22/08/2022. JULIANA BUSTAMANTE PORTO. Ordenador de Despesas. Ratificação em 24/08/2022. RENATO LEAL LEITE. Comandante da Base Aérea de Anápolis. Valor Global: R$ 40.000,00. CNPJ CONTRATADA : 02.227.015/0001-12 PAULO SERGIO PERES FONSECA.</p><p>(SIDEC - 24/08/2022) 120624-00001-2022NE000001</p>]]></Texto>
  </body>
  <Midias />
</article></xml>