﻿<xml><article id="27695286" name="extrato_inexigibilidade" idOficio="7331964" pubName="DO3" artType="Aviso de Inexigibilidade de Licitação" pubDate="25/08/2022" artClass="00050:04602:08093:00000:00000:00000:00000:00000:00000:00000:00079:00000" artCategory="Ineditoriais/Fundação de Apoio à Pesquisa" artSize="12" artNotes="" numberPage="197" pdfPage="http://pesquisa.in.gov.br/imprensa/jsp/visualiza/index.jsp?data=25/08/2022&amp;jornal=530&amp;pagina=197" editionNumber="162" highlightType="" highlightPriority="" highlight="" highlightimage="" highlightimagename="" idMateria="14804206">
  <body>
    <Identifica><![CDATA[ EXTRATO DE INEXIGIBILIDADE DE LICITAÇÃO Nº 11/2022]]></Identifica>
    <Data><![CDATA[]]></Data>
    <Ementa />
    <Titulo />
    <SubTitulo />
    <Texto><![CDATA[<p></p><p class="identifica">EXTRATO DE INEXIGIBILIDADE DE LICITAÇÃO Nº 11/2022</p><p>Objeto: Plataforma de Crescimento de Plantas. Contratada: C4 Cientifica Brazil Imp. E Exp. Ltda. - CNPJ: 13.261.123/0001-28 no valor de R$ 715.584,00 (setecentos e quinze mil quinhentos e oitenta e quatro reais). Justificativa: Representante exclusivo em todo território brasileiro. Ratificação em 10/08/2022 pelo Diretor Executivo Prof. Dr. Orlando Afonso Valle do Amaral. Fundamento Legal: Lei nº. 8.666/93, art. 25, inciso I. Recurso: FINEP. Convênio: 52.095.</p><p></p>]]></Texto>
  </body>
  <Midias />
</article></xml>