﻿<xml><article id="27704846" name="2022 EXTRATO DE CONTRATO SLU" idOficio="7355169" pubName="DO3" artType="Extrato" pubDate="25/08/2022" artClass="00007:00060:00000:00000:00000:00000:00000:00000:00000:00000:00172:00000" artCategory="Ministério da Agricultura, Pecuária e Abastecimento/Empresa Brasileira de Pesquisa Agropecuária" artSize="12" artNotes="" numberPage="6" pdfPage="http://pesquisa.in.gov.br/imprensa/jsp/visualiza/index.jsp?data=25/08/2022&amp;jornal=530&amp;pagina=6" editionNumber="162" highlightType="" highlightPriority="" highlight="" highlightimage="" highlightimagename="" idMateria="14835843">
  <body>
    <Identifica><![CDATA[ EXTRATO DE CONTRATO]]></Identifica>
    <Data><![CDATA[]]></Data>
    <Ementa />
    <Titulo />
    <SubTitulo />
    <Texto><![CDATA[<p class="identifica">EXTRATO DE CONTRATO</p><p>Espécie Contrato Nº Processo 21148.007320/2021-29; Contratado: Serviço de Limpeza Urbana do Distrito Federal - SLU; CNPJ: 01.567.525/0001-76; Objeto: prestação dos serviços de coleta, transporte e destinação final dos resíduos sólidos indiferenciados e orgânicos provenientes das instalações físicas da Contratante, nos endereços citados no Plano de Gerenciamento de Resíduos Sólidos que passa a integrar o presente, nos dias e turnos estabelecidos pelo Serviço de Limpeza Urbana do Distrito Federal; Fundamento Legal: art. 29, inciso X da Lei nº 13.303/2016; Valor: R$ 57.798,05; Data Assinatura: 24/08/2022; Vigência: 12 meses, a contar da data de sua assinatura; Pela Embrapa: Erica Moreira Torres, Gerente-Adjunto e Cícero Prates Diniz, Supervisor, e os Srs. Silvio de Morais Vieira e Darley Braz de Queiroz, pela contratada.</p>]]></Texto>
  </body>
  <Midias />
</article></xml>