﻿<xml><article id="27716059" name="2022-08-24/7353632/COMPRASNETWS_" idOficio="7353632" pubName="DO3" artType="Extrato de Termo Aditivo" pubDate="25/08/2022" artClass="00013:00011:00025:00011:00002:00000:00000:00000:00000:00000:00054:00001" artCategory="Ministério da Defesa/Comando do Exército/Departamento de Ciência e Tecnologia/Diretoria de Fabricação/Arsenal de Guerra do Rio de Janeiro" artSize="12" artNotes="" numberPage="32" pdfPage="http://pesquisa.in.gov.br/imprensa/jsp/visualiza/index.jsp?data=25/08/2022&amp;jornal=530&amp;pagina=32" editionNumber="162" highlightType="" highlightPriority="" highlight="" highlightimage="" highlightimagename="" idMateria="14833886">
  <body>
    <Identifica><![CDATA[ EXTRATO DE TERMO ADITIVO Nº 1/2022 - UASG 160285]]></Identifica>
    <Data><![CDATA[]]></Data>
    <Ementa />
    <Titulo />
    <SubTitulo />
    <Texto><![CDATA[<p class="identifica">EXTRATO DE TERMO ADITIVO Nº 1/2022 - UASG 160285</p><p>Número do Contrato: 52/2022.</p><p>Nº Processo: 64004.005687/2021-55.</p><p>Pregão. Nº 42/2021. Contratante: ARSENAL DE GUERRA DO RIO. Contratado: 07.703.694/0001-72 - VITEC 2005 COMERCIO E INSTALACOES DE EQUIPAMENTOS EIREL. Objeto: Prorrogação da vigência contratual. Vigência: 01/07/2022 a 24/11/2022. Valor Total Atualizado do Contrato: R$ 97.841,00. Data de Assinatura: 01/07/2022.</p><p>(COMPRASNET 4.0 - 01/07/2022).</p>]]></Texto>
  </body>
  <Midias />
</article></xml>