﻿<xml><article id="27696656" name="PERGON notificaAAo de imposiAAo " idOficio="7353542" pubName="DO3" artType="Aviso de Penalidade" pubDate="25/08/2022" artClass="00013:00010:00029:00002:00005:00034:00000:00000:00000:00000:00083:00000" artCategory="Ministério da Defesa/Comando da Aeronáutica/Secretaria de Economia e Finanças e Administração da Aeronáutica/Diretoria de Administração da Aeronáutica/Centro de Apoio Administrativo da Aeronáutica/Grupamento de Apoio de Recife" artSize="12" artNotes="" numberPage="17" pdfPage="http://pesquisa.in.gov.br/imprensa/jsp/visualiza/index.jsp?data=25/08/2022&amp;jornal=530&amp;pagina=17" editionNumber="162" highlightType="" highlightPriority="" highlight="" highlightimage="" highlightimagename="" idMateria="14833780">
  <body>
    <Identifica><![CDATA[  EDITAL DE NOTIFICAÇÃO IMPOSIÇÃO DE SANÇÃO ADMINISTRATIVA]]></Identifica>
    <Data><![CDATA[]]></Data>
    <Ementa />
    <Titulo />
    <SubTitulo />
    <Texto><![CDATA[<p class="identifica">EDITAL DE NOTIFICAÇÃO IMPOSIÇÃO DE SANÇÃO ADMINISTRATIVA</p><p>A BASE AÉREA DE RECIFE, para os fins previstos na Lei n.º 8.666, de 21 de junho de 1993, notifica a empresa PERGON DISTRIBUIDORA DE MATERIAL DE CONSTRUÇÃO LTDA - ME, CNPJ nº 19.894.881/0001-60, da aplicação da Sanção Administrativa de IMPEDIMENTO DE LICITAR COM A ADMINISTRAÇÃO (COMAER) POR TRÊS MESES, a contar da data desta publicação, nos termos do item 13.2 do Termo de Referência e com o Art. 87, III, da Lei no 8.666/93, de acordo com o que especifica a ICA 12-23/2019, oriunda de Processo Administrativo de Apuração de Irregularidade (PAAI) de NUP n° 67223.003766/2021-35. Os autos do processo estão franqueados para vistas na BARF, localizado na Av. Centenário Alberto Santos Dumont, s/n, Jordão Baixo, Recife-PE, CEP: 51.250-000.</p><p class="assina">Ten Cel Int - PAULO HENRIQUE ALVES CAVALCANTI</p><p class="cargo">Ordenador de despesas</p>]]></Texto>
  </body>
  <Midias />
</article></xml>