﻿<xml><article id="27712817" name="2022-08-24/7354283/COMPRASNETWS_" idOficio="7354283" pubName="DO3" artType="Extrato de Termo Aditivo" pubDate="25/08/2022" artClass="00013:00011:00009:00023:01945:02014:00000:00000:00000:00000:00054:00001" artCategory="Ministério da Defesa/Comando do Exército/Comando Militar do Leste/1ª Divisão de Exército/Grupamento de Unidades Escolas e 9ª Brigada de Infantaria Motorizada/Batalhão Escola de Comunicações" artSize="12" artNotes="" numberPage="21" pdfPage="http://pesquisa.in.gov.br/imprensa/jsp/visualiza/index.jsp?data=25/08/2022&amp;jornal=530&amp;pagina=21" editionNumber="162" highlightType="" highlightPriority="" highlight="" highlightimage="" highlightimagename="" idMateria="14834652">
  <body>
    <Identifica><![CDATA[ EXTRATO DE TERMO ADITIVO Nº 5/2022 - UASG 160251]]></Identifica>
    <Data><![CDATA[]]></Data>
    <Ementa />
    <Titulo />
    <SubTitulo />
    <Texto><![CDATA[<p class="identifica">EXTRATO DE TERMO ADITIVO Nº 5/2022 - UASG 160251</p><p>Número do Contrato: 3/2019.</p><p>Nº Processo: 64277.000006/9120-19.</p><p>Pregão. Nº 7/2019. Contratante: BATALHAO ESCOLA DE COMUNICACOES. Contratado: 02.558.157/0001-62 - TELEFONICA BRASIL S.A.. Objeto: Prestação de serviço de internet móvel pessoal, para operação de dados via internet 4g.. Vigência: 29/07/2022 a 29/07/2023. Valor Total Atualizado do Contrato: R$ 985,05. Data de Assinatura: 29/07/2022.</p><p>(COMPRASNET 4.0 - 29/07/2022).</p>]]></Texto>
  </body>
  <Midias />
</article></xml>