﻿<xml><article id="27704879" name="ACR-027-ECT-00430767" idOficio="7355146" pubName="DO3" artType="Aviso de Licitação" pubDate="25/08/2022" artClass="00012:00017:00049:00018:00000:00000:00000:00000:00000:00000:00081:00000" artCategory="Ministério das Comunicações/Empresa Brasileira de Correios e Telégrafos/Diretoria de Governança e Estratégia/Superintendência Estadual N4 Acre" artSize="12" artNotes="" numberPage="14" pdfPage="http://pesquisa.in.gov.br/imprensa/jsp/visualiza/index.jsp?data=25/08/2022&amp;jornal=530&amp;pagina=14" editionNumber="162" highlightType="" highlightPriority="" highlight="" highlightimage="" highlightimagename="" idMateria="14835864">
  <body>
    <Identifica><![CDATA[ AVISO DE LICITAÇÃO]]></Identifica>
    <Data><![CDATA[]]></Data>
    <Ementa />
    <Titulo />
    <SubTitulo />
    <Texto><![CDATA[<p class="identifica">AVISO DE LICITAÇÃO</p><p class="identifica">PREGÃO ELETRÔNICO Nº 22000018/2022 SE/ACR</p><p>Prestação de Serviço de Execução Indireta de Serviços para entrega de encomendas, por meio do Sistema de Registro de Preços - SRP, conforme Especificação Técnica e demais condições do Edital e seus Anexos. Recebimento das Propostas e obtenção do Edital: http://www.correios.com.br até 19/09/22 às 15h e início da disputa às 16h. Informações pelo e-mail: mg-gelic@correios.com.br e telefone: (31) 3431-0631, no horário de 8h às 18h.</p><p class="assina">GIOVANI GRACIANO DOS SANTOS JUNIOR</p><p class="cargo">Gerente de Licitações SE/MG</p>]]></Texto>
  </body>
  <Midias />
</article></xml>