﻿<xml><article id="27697148" name="Extrato Contrato24082022" idOficio="7353652" pubName="DO3" artType="Extrato de Contrato" pubDate="25/08/2022" artClass="00007:00060:00029:00000:00000:00000:00000:00000:00000:00000:00031:00000" artCategory="Ministério da Agricultura, Pecuária e Abastecimento/Empresa Brasileira de Pesquisa Agropecuária/Embrapa Amazônia Oriental" artSize="12" artNotes="" numberPage="7" pdfPage="http://pesquisa.in.gov.br/imprensa/jsp/visualiza/index.jsp?data=25/08/2022&amp;jornal=530&amp;pagina=7" editionNumber="162" highlightType="" highlightPriority="" highlight="" highlightimage="" highlightimagename="" idMateria="14833913">
  <body>
    <Identifica><![CDATA[ Extrato de Contrato]]></Identifica>
    <Data><![CDATA[]]></Data>
    <Ementa />
    <Titulo />
    <SubTitulo />
    <Texto><![CDATA[<p class="identifica">Extrato de Contrato</p><p>Espécie: Extrato de Contrato SAIC: 22500.22/0031-8 Partes: EMPRESA BRASILEIRA DE PESQUISA AGROPECUÁRIA - EMBRAPA AMAZÔNIA ORIENTAL (Contratante), CNPJ: 00.348.003/0128-03 e a empresa PROMÁXIMA GESTÃO EMPRESARIAL LTDA EPP, (Contratada), CNPJ/MF sob o n° 16.538.909/0001-38; Objeto: prestação de serviço, pela Contratada à Embrapa, de acesso ao sistema de pesquisa de preços públicos praticado sem licitações e consolidação de informações, disponível via Web, para a Embrapa Sede. Vigência: de 24/08/2022 a 24/08/2022; Valor anual: R$ 2.829,96; Modalidade: Pregão SRP nº15/2021; Data de assinatura: 24/08/2022; Signatários: Maria Rosa Travassos da Rosa Costa e Anderson da Silva Costa, pela Contratante e, Victor Hugo Soares da Costa, pela Contratada.</p>]]></Texto>
  </body>
  <Midias />
</article></xml>