﻿<xml><article id="27714522" name="2022-08-24/7354721/COMPRASNETWS_" idOficio="7354721" pubName="DO3" artType="Extrato de Termo Aditivo" pubDate="25/08/2022" artClass="00013:00011:00036:00012:00000:00000:00000:00000:00000:00000:00054:00001" artCategory="Ministério da Defesa/Comando do Exército/Indústria de Material Bélico do Brasil/Fábrica de Itajubá" artSize="12" artNotes="" numberPage="33" pdfPage="http://pesquisa.in.gov.br/imprensa/jsp/visualiza/index.jsp?data=25/08/2022&amp;jornal=530&amp;pagina=33" editionNumber="162" highlightType="" highlightPriority="" highlight="" highlightimage="" highlightimagename="" idMateria="14835244">
  <body>
    <Identifica><![CDATA[ EXTRATO DE TERMO ADITIVO Nº 1/2022 - UASG 168005]]></Identifica>
    <Data><![CDATA[]]></Data>
    <Ementa />
    <Titulo />
    <SubTitulo />
    <Texto><![CDATA[<p class="identifica">EXTRATO DE TERMO ADITIVO Nº 1/2022 - UASG 168005</p><p>Número do Contrato: 102/2021.</p><p>Nº Processo: 2021/000077-FI.</p><p>Dispensa. Nº 77/2021. Contratante: INDUSTRIA DE MATERIAL BELICO DO BRASIL/FI. Contratado: 21.641.215/0001-61 - BRN METAL INDUSTRIA E COMERCIO LTDA. Objeto: Vigência. Vigência: 30/08/2022 a 30/08/2023. Valor Total Atualizado do Contrato: R$ 232.700,00. Data de Assinatura: 03/08/2022.</p><p>(COMPRASNET 4.0 - 03/08/2022).</p>]]></Texto>
  </body>
  <Midias />
</article></xml>