﻿<xml><article id="27697457" name="Aviso de HomologaAAo - DOU (Preg" idOficio="7353702" pubName="DO3" artType="Aviso de Homologação" pubDate="25/08/2022" artClass="00013:00010:00010:00021:00219:00000:00000:00000:00000:00000:00077:00000" artCategory="Ministério da Defesa/Comando da Aeronáutica/Comando de Preparo/III Comando Aéreo Regional/Base Aérea dos Afonsos" artSize="12" artNotes="" numberPage="15" pdfPage="http://pesquisa.in.gov.br/imprensa/jsp/visualiza/index.jsp?data=25/08/2022&amp;jornal=530&amp;pagina=15" editionNumber="162" highlightType="" highlightPriority="" highlight="" highlightimage="" highlightimagename="" idMateria="14833929">
  <body>
    <Identifica><![CDATA[ AVISO DE HOMOLOGAÇÃO]]></Identifica>
    <Data><![CDATA[]]></Data>
    <Ementa />
    <Titulo />
    <SubTitulo />
    <Texto><![CDATA[<p class="identifica">AVISO DE HOMOLOGAÇÃO</p><p class="identifica">PREGAO ELETRÔNICO Nº 16/BAAF/2022</p><p>A Base Aérea dos Afonsos, torna público que, conforme Processo nº 67241.001460/2022-15, referente ao Pregão Eletrônico nº 016/2022, e nos termos da legislação vigente, foi homologada no dia 12/08/2022, pelo Ordenador de Despesas por Delegação de Competência, o senhor Tenente-Coronel Intendente JOSÉ HENRIQUE FERREIRA CORÉ, a referida licitação, cujo objeto é o registro de preços para a aquisição de gêneros alimentícios (biscoitos e farinhas) para atender às necessidades do Serviço de Subsistência da Base Aérea dos Afonsos (BAAF), como segue: COMERCIAL DELLA COSTA 110 LTDA, CNPJ: 04.325.483/0001-55, item 63, Valor Total Registrado: R$ 43.010,00; F. FIRMINO COMERCIAL E SERVICOS LTDA, CNPJ: 04.718.601/0001-95, itens 19, 81 e 87, Valor Total Registrado: R$ 87.701,25; RIOMAR 2001 DISTRIBUIDORA DE ALIMENTOS E DESCARTÁVEIS LTDA, CNPJ: 05.057.706/0001-03, itens 7, 20, 39, 40, 41, 76 e 79, Valor Total Registrado: R$ 174.533,70, ALIMENTARES SERVIÇOS DE TRANSPORTES E COMERCIAL EIRELI, CNPJ: 07.523.398/0001-90, item 15, Valor Total Registrado: R$ 55.524,30; VISIONÁRIA COMÉRCIO E SERVIÇOS EM GERAL LTDA, CNPJ: 09.211.999/0001-92, itens 57, 69 e 70, Valor Total Registrado: R$ 283.981,50; RAVI COMÉRCIO ATACADISTA DE ALIMENTOS E SERVIÇOS LTDA, CNPJ: 10.255.981/0001-71, item 56, Valor Total Registrado: R$ 172.266,75; ERDAN 2009 COMÉRCIO E SERVIÇOS LTDA, CNPJ: 10.931.514/0001-14, itens 10 e 11, Valor Total Registrado: R$ 132.259,50; NUTRICELLI COMÉRCIO DE ALIMENTOS LTDA, CNPJ: 12.433.700/0001-59, itens 2, 5 e 6, Valor Total Registrado: R$ 182.131,35; L. A. V. NEVES DISTRIBUIDORA DE ALIMENTOS, CNPJ: 14.039.855/0001-30, itens 16, 21, 32, 34, 53, 54, 64, 65, 72, 78 e 82, Valor Total Registrado: R$ 398.820,77; FRESH FOOD COMÉRCIO DE GÊNEROS ALIMENTÍCIOS LTDA, CNPJ: 14.263.869/0001-33, item 38, Valor Total Registrado: R$ 13.355,28; L C SILVA ALVES COMÉRCIO E SERVIÇOS LTDA, CNPJ: 14.959.265/0001-26, itens 3, 13, 46, 71, 73, 84 e 85, Valor Total Registrado: R$ 228.665,90; QUALITY COMÉRCIO E SERVIÇOS EM GERAL LTDA, CNPJ: 20.676.042/0001-54, itens 27, 28, 29, 30, 31, 37, 43, 44, 45, 47, 48, 51, 52, 66, 67 e 83, Valor Total Registrado: R$ 758.857,76; MASTER RIO COMÉRCIO E SERVIÇOS LTDA, CNPJ: 27.414.238/0001-10, itens 8, 14, 17, 25, 26 e 49, Valor Total Registrado: R$ 118.684,00; ORION DISTRIBUIDORA E COMÉRCIO EIRELI, CNPJ: 31.738.141/0001-30, itens 18 e 75, Valor Total Registrado: R$ 63.300,00; CG COMÉRCIO ATACADISTA DE ALIMENTOS EM GERAL EIRELI, CNPJ: 36.245.543/0001-16, item 12, Valor Total Registrado: R$ 4.200,0 FLOW COMÉRCIO E SERVIÇOS EM GERAL EIRELE, CNPJ: 36.697.873/0001-4, itens 77 e 86, Valor Total Registrado: R$ 91.707,66; MULTIPLIQUE COMÉRCIO DE ALIMENTOS EIRELI, CNPJ: 37.190.700/0001-04, itens 35 e 36, Valor Total Registrado: R$ 63.309,60; SOLAMARIS DO RIO FORNECEDORA DE FRUTAS E LEGUMES LTDA, CNPJ: 40.326.381/0001-18, item 74, Valor Total Registrado: R$ 134.750,00; M&amp;G DO AMARAL DISTRIBUIDORA E SERVIÇOS LTDA, CNPJ: 40.911.648/0001-34, itens 4 e 24, Valor Total Registrado: R$ 30.695,00; HR COMÉRCIO E DISTRIBUIDORA LTDA, CNPJ: 45.002.595/0001-52, itens 1, 9, 22, 23, 33, 42, 50, 55, 58, 59, 60, 61, 62, 68 e 80, Valor Total Registrado: R$ 441.507,04.</p><p class="assina">Ten Cel Int - JOSÉ HENRIQUE FERREIRA CORÉ</p><p class="cargo">Ordenador de Despesas</p>]]></Texto>
  </body>
  <Midias />
</article></xml>