﻿<xml><article id="27713274" name="2022-08-24/7354982/COMPRASNETWS_" idOficio="7354982" pubName="DO3" artType="Extrato de Contrato" pubDate="25/08/2022" artClass="00006:00009:00012:00015:00000:00000:00000:00000:00000:00000:00031:00001" artCategory="Presidência da República/Advocacia-Geral da União/Secretaria-Geral de Administração/Superintendência Regional de Administração 5ª Região" artSize="12" artNotes="" numberPage="1" pdfPage="http://pesquisa.in.gov.br/imprensa/jsp/visualiza/index.jsp?data=25/08/2022&amp;jornal=530&amp;pagina=1" editionNumber="162" highlightType="" highlightPriority="" highlight="" highlightimage="" highlightimagename="" idMateria="14835596">
  <body>
    <Identifica><![CDATA[ EXTRATO DE CONTRATO Nº 28/2022 - UASG 110096]]></Identifica>
    <Data><![CDATA[]]></Data>
    <Ementa />
    <Titulo />
    <SubTitulo />
    <Texto><![CDATA[<p class="identifica">EXTRATO DE CONTRATO Nº 28/2022 - UASG 110096</p><p>Nº Processo: 00587.001713/2022-61.</p><p>Pregão Nº 11/2022. Contratante: SUPERINTENDENCIA ADMINISTRACAO EM PERNAMBUCO.</p><p>Contratado: 18.200.565/0001-88 - NEUTRON SEGURANCA PRIVADA EIRELI. Objeto: Contratação empresa especializada na prestação de serviços continuados de vigilância orgância armada para atender as necessidades das unidades da Advocacia Geral da União no Estado do Rio Grande do Norte.</p><p>Fundamento Legal: LEI 10.520 / 2002 - Artigo: 1. Vigência: 30/08/2022 a 30/08/2023. Valor Total: R$ 847.282,56. Data de Assinatura: 22/08/2022.</p><p>(COMPRASNET 4.0 - 24/08/2022).</p>]]></Texto>
  </body>
  <Midias />
</article></xml>