﻿<xml><article id="27700564" name="Extrato de Contrato Fabricio Rac" idOficio="7354368" pubName="DO3" artType="Extrato de Cessão" pubDate="25/08/2022" artClass="00007:00060:00043:00000:00000:00000:00000:00000:00000:00000:00140:00000" artCategory="Ministério da Agricultura, Pecuária e Abastecimento/Empresa Brasileira de Pesquisa Agropecuária/Embrapa Floresta" artSize="12" artNotes="" numberPage="7" pdfPage="http://pesquisa.in.gov.br/imprensa/jsp/visualiza/index.jsp?data=25/08/2022&amp;jornal=530&amp;pagina=7" editionNumber="162" highlightType="" highlightPriority="" highlight="" highlightimage="" highlightimagename="" idMateria="14834783">
  <body>
    <Identifica><![CDATA[ EXTRATO DE CONTRATO]]></Identifica>
    <Data><![CDATA[]]></Data>
    <Ementa />
    <Titulo />
    <SubTitulo />
    <Texto><![CDATA[<p class="identifica">EXTRATO DE CONTRATO</p><p>Espécie: AUTORIZAÇÃO DE FORNECIMENTO Nº 4400021829. Nº do PROCESSO: 21175.000842/2022-53. DISPENSA ELETRÔNICA Nº 031/2022. Contratante: EMPRESA BRASILEIRA DE PESQUISA AGROPECUÁRIA. Contratado: FABRICIO RACHADEL COSTA, CNPJ: 33.618.396/0001-94. Objeto: Aquisição de EPI´s e Uniformes. Fundamento Legal: Norma 037.011.003.001, item 9.10.4.1, alínea "b" e Art. 29, Inciso II da Lei 13.303 de 30/06/2016. Data da Assinatura: 19/08/2022. Valor Total: R$ 4.997,50. Rejane Stumpf Sberze, Chefe Adjunta de Administração da Embrapa Florestas.</p>]]></Texto>
  </body>
  <Midias />
</article></xml>