﻿<xml><article id="27716555" name="2022-08-24/7353432/COMPRASNETWS_" idOficio="7353432" pubName="DO3" artType="Extrato de Termo Aditivo" pubDate="25/08/2022" artClass="00007:00003:00018:00005:00000:00000:00000:00000:00000:00000:00054:00001" artCategory="Ministério da Agricultura, Pecuária e Abastecimento/Secretaria Executiva/Departamento de Administração/Coordenação-Geral de Aquisições" artSize="12" artNotes="" numberPage="2" pdfPage="http://pesquisa.in.gov.br/imprensa/jsp/visualiza/index.jsp?data=25/08/2022&amp;jornal=530&amp;pagina=2" editionNumber="162" highlightType="" highlightPriority="" highlight="" highlightimage="" highlightimagename="" idMateria="14833669">
  <body>
    <Identifica><![CDATA[ EXTRATO DE TERMO ADITIVO Nº 1/2022 - UASG 130005]]></Identifica>
    <Data><![CDATA[]]></Data>
    <Ementa />
    <Titulo />
    <SubTitulo />
    <Texto><![CDATA[<p class="identifica">EXTRATO DE TERMO ADITIVO Nº 1/2022 - UASG 130005</p><p>Número do Contrato: 37/2021.</p><p>Nº Processo: 21000.025712/2018-49.</p><p>Pregão. Nº 13/2019. Contratante: COORD.-GERAL DE EXECUCAO ORC.E FIN./DA/MAPA. Contratado: 04.936.559/0001-89 - MULTIPLENA COMERCIO E SERVICOS LTDA - EPP. Objeto: O presente Termo Aditivo tem por objeto a concessão de Reequilíbrio Econômico-Financeiro ao Contrato nº 37/2021, conforme solicitado por parte da Contratada. Valor Total Atualizado do Contrato: R$ 7.064.011,20. Data de Assinatura: 19/08/2022.</p><p>(COMPRASNET 4.0 - 19/08/2022).</p>]]></Texto>
  </body>
  <Midias />
</article></xml>