﻿<xml><article id="27715347" name="2022-08-24/7353466/siasgnet_1483" idOficio="7353466" pubName="DO3" artType="Aviso de Licitação-Pregão" pubDate="25/08/2022" artClass="00013:00011:00015:00006:00000:00000:00000:00000:00000:00000:00164:00001" artCategory="Ministério da Defesa/Comando do Exército/Comando Militar do Sul/3º Regimento de Cavalaria de Guardas" artSize="12" artNotes="" numberPage="29" pdfPage="http://pesquisa.in.gov.br/imprensa/jsp/visualiza/index.jsp?data=25/08/2022&amp;jornal=530&amp;pagina=29" editionNumber="162" highlightType="" highlightPriority="" highlight="" highlightimage="" highlightimagename="" idMateria="14833653">
  <body>
    <Identifica><![CDATA[ AVISO DE LICITAÇÃO]]></Identifica>
    <Data><![CDATA[]]></Data>
    <Ementa />
    <Titulo />
    <SubTitulo />
    <Texto><![CDATA[<p class="identifica">AVISO DE LICITAÇÃO</p><p class="identifica">Pregão Eletrônico Nº 4/2022 - UASG 160388</p><p>Nº Processo: 64672004350202239. Objeto: Aquisição de Uniformes Históricos do 3º RCG.. Total de Itens Licitados: 15. Edital: 25/08/2022 das 08h00 às 12h00 e das 13h30 às 17h00. Endereço: Av Salvador França - Nr 201 - Partenon, - Porto Alegre/RS ou https://www.gov.br/compras/edital/160388-5-00004-2022. Entrega das Propostas: a partir de 25/08/2022 às 08h00 no site www.gov.br/compras. Abertura das Propostas: 08/09/2022 às 10h00 no site www.gov.br/compras. Informações Gerais: É de suma importância a leitura do Edital, Termo de Referência e os anexos. .</p><p class="assina">GUSTAVO SCHIFFNER</p><p class="cargo">Ordenador de Despesas</p><p>(SIASGnet - 24/08/2022) 160388-00001-2022NE000001</p>]]></Texto>
  </body>
  <Midias />
</article></xml>