﻿<xml><article id="27713722" name="2022-08-24/7353526/SICONV_148337" idOficio="7353526" pubName="DO3" artType="Extrato de Convênio" pubDate="25/08/2022" artClass="00007:00049:00000:00000:00000:00000:00000:00000:00000:00000:00032:00001" artCategory="Ministério da Agricultura, Pecuária e Abastecimento/Secretaria de Inovação, Desenvolvimento Sustentável e Irrigação" artSize="12" artNotes="" numberPage="5" pdfPage="http://pesquisa.in.gov.br/imprensa/jsp/visualiza/index.jsp?data=25/08/2022&amp;jornal=530&amp;pagina=5" editionNumber="162" highlightType="" highlightPriority="" highlight="" highlightimage="" highlightimagename="" idMateria="14833769">
  <body>
    <Identifica><![CDATA[ EXTRATO DE TERMO ADITIVO]]></Identifica>
    <Data><![CDATA[]]></Data>
    <Ementa />
    <Titulo />
    <SubTitulo />
    <Texto><![CDATA[<p class="identifica">EXTRATO DE TERMO ADITIVO</p><p>Espécie: Termo Aditivo de Acréscimo Nº 000001/2022 ao Convênio Nº 912998/2021. Convenentes: Concedente: MINISTÉRIO DA AGRICULTURA, PECUARIA E ABASTECIMENTO, Unidade Gestora: 130005. Convenente: MUNICIPIO DE SACRAMENTO, CNPJ nº 18140764000148. Solicita alteração de contrapartida. Valor Total: R$ 125.933,33, Valor de Contrapartida: R$ 125.933,33, Vigência: 30/12/2021 a 30/08/2024. Data de Assinatura: 30/12/2021. Signatários: Concedente: CLEBER OLIVEIRA SOARES, CPF nº 61672793572, Convenente: WESLEY DE SANTI DE MELO, CPF nº 788.906.406-34.</p>]]></Texto>
  </body>
  <Midias />
</article></xml>