﻿<xml><article id="27716504" name="2022-08-24/7353145/siasgnet_1483" idOficio="7353145" pubName="DO3" artType="Aviso de Licitação-Pregão" pubDate="25/08/2022" artClass="00013:00011:00036:00015:00000:00000:00000:00000:00000:00000:00164:00001" artCategory="Ministério da Defesa/Comando do Exército/Indústria de Material Bélico do Brasil/Fábrica Presidente Vargas" artSize="12" artNotes="" numberPage="34" pdfPage="http://pesquisa.in.gov.br/imprensa/jsp/visualiza/index.jsp?data=25/08/2022&amp;jornal=530&amp;pagina=34" editionNumber="162" highlightType="" highlightPriority="" highlight="" highlightimage="" highlightimagename="" idMateria="14833339">
  <body>
    <Identifica><![CDATA[ AVISO DE LICITAÇÃO]]></Identifica>
    <Data><![CDATA[]]></Data>
    <Ementa />
    <Titulo />
    <SubTitulo />
    <Texto><![CDATA[<p class="identifica">AVISO DE LICITAÇÃO</p><p class="identifica">Pregão Eletrônico Nº 51/2022 - UASG 168004</p><p>Nº Processo: 2022/000223-FPV. Objeto: Aquisição de materiais de alvenaria e ferramenta destinado para SEMAT, a Fábrica Presidente Vargas. Total de Itens Licitados: 19. Edital: 25/08/2022 das 09h00 às 12h00 e das 13h00 às 16h00. Endereço: Av.15 de Marco Bairro da Limeira, - Piquete/SP ou https://www.gov.br/compras/edital/168004-5-00051-2022. Entrega das Propostas: a partir de 25/08/2022 às 09h00 no site www.gov.br/compras. Abertura das Propostas: 13/09/2022 às 09h00 no site www.gov.br/compras. Informações Gerais: .</p><p class="assina">LUCIO FERREIRA DE MEDEIROS</p><p class="cargo">Ordenador de Despesa</p><p>(SIASGnet - 24/08/2022) 168004-16501-2022NE000001</p>]]></Texto>
  </body>
  <Midias />
</article></xml>