﻿<xml><article id="27715017" name="2022-08-24/7354131/COMPRASNETWS_" idOficio="7354131" pubName="DO3" artType="Retificação" pubDate="25/08/2022" artClass="00013:00010:00029:00002:00029:00000:00000:00000:00000:00000:00128:00001" artCategory="Ministério da Defesa/Comando da Aeronáutica/Secretaria de Economia e Finanças e Administração da Aeronáutica/Diretoria de Administração da Aeronáutica/Grupamento de Apoio de Lagoa Santa" artSize="12" artNotes="" numberPage="18" pdfPage="http://pesquisa.in.gov.br/imprensa/jsp/visualiza/index.jsp?data=25/08/2022&amp;jornal=530&amp;pagina=18" editionNumber="162" highlightType="" highlightPriority="" highlight="" highlightimage="" highlightimagename="" idMateria="14834485">
  <body>
    <Identifica><![CDATA[ RETIFICAÇÃO]]></Identifica>
    <Data><![CDATA[]]></Data>
    <Ementa />
    <Titulo />
    <SubTitulo />
    <Texto><![CDATA[<p class="identifica">RETIFICAÇÃO</p><p>NO EXTRATO DE CONTRATO Nº 00018/2022 publicado no D.O.U de 2022-07-19, Seção 3. onde se lê: UASG 120504 PALS. Leia-se: UASG 120636 GAPLS.</p>]]></Texto>
  </body>
  <Midias />
</article></xml>