﻿<xml><article id="27715522" name="2022-08-24/7353417/COMPRASNETWS_" idOficio="7353417" pubName="DO3" artType="Extrato de Contrato" pubDate="25/08/2022" artClass="00013:00012:00027:00006:00004:00002:00000:00000:00000:00000:00031:00001" artCategory="Ministério da Defesa/Comando da Marinha/Diretoria-Geral do Pessoal/Diretoria de Saúde/Centro Médico Assistencial/Odontoclínica Central da Marinha" artSize="12" artNotes="" numberPage="37" pdfPage="http://pesquisa.in.gov.br/imprensa/jsp/visualiza/index.jsp?data=25/08/2022&amp;jornal=530&amp;pagina=37" editionNumber="162" highlightType="" highlightPriority="" highlight="" highlightimage="" highlightimagename="" idMateria="14833643">
  <body>
    <Identifica><![CDATA[ EXTRATO DE CONTRATO Nº 5/2022 - UASG 765703]]></Identifica>
    <Data><![CDATA[]]></Data>
    <Ementa />
    <Titulo />
    <SubTitulo />
    <Texto><![CDATA[<p class="identifica">EXTRATO DE CONTRATO Nº 5/2022 - UASG 765703</p><p>Nº Processo: 63070.002172/2022-28.</p><p>Dispensa Nº 69/2022. Contratante: ODONTOCLINICA CENTRAL DA MARINHA.</p><p>Contratado: 07.057.521/0001-24 - CRISTIANA DIAS PEREIRA ARQUITETURA E ENGENHARIA - ME. Objeto: Contratação de serviço comum de engenharia, que será prestado para elaboração da documentação necessária à realização de uma licitação de serviços de engenharia para modificação/reforma estrutural de compartimentos do primeiro pavimento da odontoclínica central da marinha..</p><p>Fundamento Legal: LEI 8.666 / 1993 - Artigo: 24 - Inciso: I. Vigência: 17/08/2022 a 16/10/2022. Valor Total: R$ 28.000,00. Data de Assinatura: 17/08/2022.</p><p>(COMPRASNET 4.0 - 24/08/2022).</p>]]></Texto>
  </body>
  <Midias />
</article></xml>