﻿<xml><article id="27714705" name="Sidec_00213" idOficio="7355149" pubName="DO3" artType="Extrato de Dispensa de Licitação" pubDate="25/08/2022" artClass="00013:00011:00036:00013:00000:00000:00000:00000:00000:00000:00038:00214" artCategory="Ministério da Defesa/Comando do Exército/Indústria de Material Bélico do Brasil/Fábrica de Juiz de Fora" artSize="12" artNotes="" numberPage="33" pdfPage="http://pesquisa.in.gov.br/imprensa/jsp/visualiza/index.jsp?data=25/08/2022&amp;jornal=530&amp;pagina=33" editionNumber="162" highlightType="" highlightPriority="" highlight="" highlightimage="" highlightimagename="" idMateria="14836110">
  <body>
    <Identifica><![CDATA[ EXTRATO DE DISPENSA DE LICITAÇÃO Nº 224/2022  - UASG 168006]]></Identifica>
    <Data><![CDATA[]]></Data>
    <Ementa />
    <Titulo />
    <SubTitulo />
    <Texto><![CDATA[<p class="identifica">EXTRATO DE DISPENSA DE LICITAÇÃO Nº 224/2022 - UASG 168006</p><p>Nº Processo: 2022/00291/168006 . Objeto: Guilhotina automática de corte linear Total de Itens Licitados: 00001. Fundamento Legal: Art. 29º, Inciso XIII da Lei nº 13.303 de 30/06/2016.. Justificativa: Art. 29º, Inciso XIII da Lei nº 13.303 de 30/06/2016. Declaração de Dispensa em 23/08/2022. PEDRO MOREIRA DA SILVA. Ordenador de Despesas. Ratificação em 23/08/2022. CLEVIS PEDRO CRUZ MELO. Chefe da Fábrica. Valor Global: R$ 82.500,00. CNPJ CONTRATADA : 04.383.961/0001-83 BERCY GRAF COMERCIO DE EQUIPAMENTOS GRAFICOS LTDA.</p><p>(SIDEC - 24/08/2022) 168006-16501-2022NE000001</p>]]></Texto>
  </body>
  <Midias />
</article></xml>