﻿<xml><article id="27716240" name="2022-08-24/7353478/COMPRASNETWS_" idOficio="7353478" pubName="DO3" artType="Extrato de Rescisão" pubDate="25/08/2022" artClass="00013:00010:00029:00002:00005:00030:00000:00000:00000:00000:00107:00001" artCategory="Ministério da Defesa/Comando da Aeronáutica/Secretaria de Economia e Finanças e Administração da Aeronáutica/Diretoria de Administração da Aeronáutica/Centro de Apoio Administrativo da Aeronáutica/Grupamento de Apoio de Manaus" artSize="12" artNotes="" numberPage="17" pdfPage="http://pesquisa.in.gov.br/imprensa/jsp/visualiza/index.jsp?data=25/08/2022&amp;jornal=530&amp;pagina=17" editionNumber="162" highlightType="" highlightPriority="" highlight="" highlightimage="" highlightimagename="" idMateria="14833725">
  <body>
    <Identifica><![CDATA[ EXTRATO DE RESCISÃO DO CONTRATO Nº 22/2020 - UASG |CONTRATOHISTORICO_GETUNIDADE|]]></Identifica>
    <Data><![CDATA[]]></Data>
    <Ementa />
    <Titulo />
    <SubTitulo />
    <Texto><![CDATA[<p class="identifica">EXTRATO DE RESCISÃO DO CONTRATO Nº 22/2020 - UASG |CONTRATOHISTORICO_GETUNIDADE|</p><p>Nº Processo: 67436.021380/2019-95. Contratante: GRUPAMENTO DE APOIO DE MANAUS. Contratado: 12.715.889/0001-72 - CASA NOVA ENGENHARIA E CONSULTORIA LTDA. Objeto: A contratada incorreu em irregularidade nas circunstâncias fáticas que versam sobre inexecução das obrigações contratuais, ocasionando atraso e paralisação da obra semjusto motivo e prévia comunicação à administração, bem como por nao ter atendido ás várias solicitações e questionamentos da comissão de fiscalização, fatos estes que ensejaram na instauração de processo administrativo de apuração de irregularidade -paai que antecedeu este ato administrativo.. Fundamento Legal: . Data de Rescisão: 25/08/2022.</p><p>(COMPRASNET 4.0 - 24/08/2022).</p>]]></Texto>
  </body>
  <Midias />
</article></xml>