﻿<xml><article id="27694603" name="RETIFICAAAO - EXTRATO SUPER ESTA" idOficio="7353109" pubName="DO3" artType="Ratificação" pubDate="25/08/2022" artClass="00007:00060:00035:00000:00000:00000:00000:00000:00000:00000:00090:00000" artCategory="Ministério da Agricultura, Pecuária e Abastecimento/Empresa Brasileira de Pesquisa Agropecuária/Embrapa Café" artSize="12" artNotes="" numberPage="7" pdfPage="http://pesquisa.in.gov.br/imprensa/jsp/visualiza/index.jsp?data=25/08/2022&amp;jornal=530&amp;pagina=7" editionNumber="162" highlightType="" highlightPriority="" highlight="" highlightimage="" highlightimagename="" idMateria="14833308">
  <body>
    <Identifica><![CDATA[ Retificação]]></Identifica>
    <Data><![CDATA[]]></Data>
    <Ementa />
    <Titulo />
    <SubTitulo />
    <Texto><![CDATA[<p class="identifica">Retificação</p><p>No DOU nº 49, seção 3, página 4 do dia 14/03/2022,; onde se lê: SAIC nº 25400.21/0030-9; leia-se: SAIC nº25.400.21/0085-9.</p>]]></Texto>
  </body>
  <Midias />
</article></xml>