﻿<xml><article id="27715711" name="Sidec_00159__DUISDN" idOficio="7355149" pubName="DO3" artType="Resultado de Habilitação" pubDate="25/08/2022" artClass="00013:00010:00023:00012:00000:00000:00000:00000:00000:00000:00095:00160" artCategory="Ministério da Defesa/Comando da Aeronáutica/Departamento de Ciência e Tecnologia Aeroespacial/Grupamento de Apoio de São José dos Campos" artSize="12" artNotes="" numberPage="16" pdfPage="http://pesquisa.in.gov.br/imprensa/jsp/visualiza/index.jsp?data=25/08/2022&amp;jornal=530&amp;pagina=16" editionNumber="162" highlightType="" highlightPriority="" highlight="" highlightimage="" highlightimagename="" idMateria="14836054">
  <body>
    <Identifica><![CDATA[ RESULTADO DE HABILITAÇÃO]]></Identifica>
    <Data><![CDATA[]]></Data>
    <Ementa />
    <Titulo />
    <SubTitulo />
    <Texto><![CDATA[<p class="identifica">RESULTADO DE HABILITAÇÃO</p><p class="identifica">TOMADA DE PREÇOS Nº 8/2022</p><p>Após a abertura da licitação supracitada, processo nº 67720004936202279, foram habilitados os participantes CAVEC INCORPORACAO LTDA, OSAKA CONSTRUTORA EIRELI.</p><p class="assina">GILBERTO GONCALVES BURICHE</p><p class="cargo">Presidente da Comissão Permanente de Licitação</p><p>(SIDEC - 24/08/2022) 120016-00001-2022NE800412</p>]]></Texto>
  </body>
  <Midias />
</article></xml>