﻿<xml><article id="27715528" name="2022-08-24/7353461/siasgnet_1483" idOficio="7353461" pubName="DO3" artType="Aviso de Licitação-Pregão" pubDate="25/08/2022" artClass="00013:00011:00036:00012:00000:00000:00000:00000:00000:00000:00164:00001" artCategory="Ministério da Defesa/Comando do Exército/Indústria de Material Bélico do Brasil/Fábrica de Itajubá" artSize="12" artNotes="" numberPage="33" pdfPage="http://pesquisa.in.gov.br/imprensa/jsp/visualiza/index.jsp?data=25/08/2022&amp;jornal=530&amp;pagina=33" editionNumber="162" highlightType="" highlightPriority="" highlight="" highlightimage="" highlightimagename="" idMateria="14833648">
  <body>
    <Identifica><![CDATA[ AVISO DE LICITAÇÃO]]></Identifica>
    <Data><![CDATA[]]></Data>
    <Ementa />
    <Titulo />
    <SubTitulo />
    <Texto><![CDATA[<p class="identifica">AVISO DE LICITAÇÃO</p><p class="identifica">Pregão Eletrônico Nº 54/2022 - UASG 168005</p><p>Nº Processo: 2022PR000054. Objeto: Resistencias. Total de Itens Licitados: 3. Edital: 25/08/2022 das 08h00 às 11h00 e das 13h00 às 16h00. Endereço: Av.coronel Aventino Ribeiro,1099, Bairro Imbel - Itajubá/mg, Imbel - Itajubá/MG ou https://www.gov.br/compras/edital/168005-5-00054-2022. Entrega das Propostas: a partir de 25/08/2022 às 08h00 no site www.gov.br/compras. Abertura das Propostas: 08/09/2022 às 09h01 no site www.gov.br/compras. Informações Gerais: .</p><p class="assina">JOAO PAULO GOMES PEREIRA</p><p class="cargo">Ordenador de Despesas</p><p>(SIASGnet - 24/08/2022) 168005-16501-2022NE012022</p>]]></Texto>
  </body>
  <Midias />
</article></xml>