﻿<xml><article id="27702628" name="5 - MatAria PublicaAAo DOU__WNUD" idOficio="7354746" pubName="DO3" artType="Extrato de Apostilamento" pubDate="25/08/2022" artClass="00013:00012:00027:00006:00009:00000:00000:00000:00000:00000:00143:00000" artCategory="Ministério da Defesa/Comando da Marinha/Diretoria-Geral do Pessoal/Diretoria de Saúde/Hospital Naval Marcílio Dias" artSize="12" artNotes="" numberPage="37" pdfPage="http://pesquisa.in.gov.br/imprensa/jsp/visualiza/index.jsp?data=25/08/2022&amp;jornal=530&amp;pagina=37" editionNumber="162" highlightType="" highlightPriority="" highlight="" highlightimage="" highlightimagename="" idMateria="14835325">
  <body>
    <Identifica><![CDATA[ EXTRATO DE APOSTILAMENTO Nº 32/2022 - UASG 765720 - HNMD ]]></Identifica>
    <Data><![CDATA[]]></Data>
    <Ementa />
    <Titulo />
    <SubTitulo />
    <Texto><![CDATA[<p class="identifica">EXTRATO DE APOSTILAMENTO Nº 32/2022 - UASG 765720 - HNMD</p><p>Processo Nº: 63148.005409/2020-10</p><p>Termo de Apostilamento Nº 032/2022 do Contrato de Nº 65720/2020-043/00. Contratante: HOSPITAL NAVAL MARCILIO DIAS CNPJ: 00.394.502/0148-70 . Contratado: - Philips Medical Systems LTDA. CNPJ: 58.295.213/0001-78. Objeto: O presente documento refere-se ao Reajuste baseado no IPCA, acumulado dos 12 meses como descrito na Cláusula Setima do Contrato inicial. Fundamento Legal: Parágrafo 8º do Art. 65 da Lei Nº 8.666/1993 e Art. 53 da IN Nº 05/2017 MPDG/SEGES. Valor anual atual R$ 244.475,04 (duzentos e quarenta e quatro mil, quatrocentos e setenta e cinco reais e quatro centavos). Data de Assinatura: 17/08/2022.</p>]]></Texto>
  </body>
  <Midias />
</article></xml>