﻿<xml><article id="27700143" name="09 - NOTIFICAAAO_ALMOX_09" idOficio="7354275" pubName="DO3" artType="Edital de Notificação" pubDate="25/08/2022" artClass="00013:00011:00015:00034:00007:00151:00000:00000:00000:00000:00064:00000" artCategory="Ministério da Defesa/Comando do Exército/Comando Militar do Sul/3ª Divisão de Exército/1ª Brigada de Cavalaria Mecanizada/2º Regimento de Cavalaria Mecanizado" artSize="12" artNotes="" numberPage="31" pdfPage="http://pesquisa.in.gov.br/imprensa/jsp/visualiza/index.jsp?data=25/08/2022&amp;jornal=530&amp;pagina=31" editionNumber="162" highlightType="" highlightPriority="" highlight="" highlightimage="" highlightimagename="" idMateria="14834698">
  <body>
    <Identifica><![CDATA[ edital de notificação]]></Identifica>
    <Data><![CDATA[]]></Data>
    <Ementa />
    <Titulo />
    <SubTitulo />
    <Texto><![CDATA[<p class="identifica">edital de notificação</p><p>NOTIFICAÇÃO EXTRAJUDICIAL</p><p>A União, por intermédio do Ordenador de Despesas do 2º Regimento de Cavalaria Mecanizado, no uso de suas atribuições legais e de acordo com o parágrafo 4º, do artigo 26, da lei nº 9.784, de 1999, tendo em vista a impossibilidade da notificação por via postal, eletrônica e presencial, considerando que se trata de interessado em local incerto e não sabido, NOTIFICO o Sr GUSTAVO POZZEBON STOCK, CPF 610.062.970-49, para informar que o seu Certificado de Registro nº 213988 encontra-se vencido desde o dia 31 de março de 2022 e será CANCELADO por inércia do interessado, conforme previsto na alínea b, do inciso II, do art. 67 do decreto Nº 10.030/19.Tal irregularidade pode constituir infração capitulada no art. 111 do Regulamento de Produtos Controlados (Decreto nº 10.030, de 30 SET 19), bem como nas legislações que regulam o trato com Produtos Controlados pelo Exército. Em atendimento ao princípio constitucional do direito ao contraditório e a ampla defesa, para que, querendo, se manifeste, protocolando, através de via postal, no endereço Avenida Júlio Tróis 2032 ou via e-mail: spfc@2rcmec.eb.mil.br , sua defesa, no 2° Regimento de Cavalaria Mecanizado, fica estabelecido o prazo máximo de 15 (quinze) dias úteis, a contar da publicação desta Notificação, para as suas alegações, a fim de cumprir o previsto no Inciso IV, § 3º, do Art. 9º, da Portaria Nº 42 - COLOG, DE 27 DE FEVEREIRO DE 2020.</p><p class="assina">DANIEL SIMÕES DA SILVA</p><p class="cargo">Ordenador de Despesas</p>]]></Texto>
  </body>
  <Midias />
</article></xml>