﻿<xml><article id="27715149" name="Sidec_00209" idOficio="7355149" pubName="DO3" artType="Extrato de Dispensa de Licitação" pubDate="25/08/2022" artClass="00013:00011:00036:00015:00000:00000:00000:00000:00000:00000:00038:00210" artCategory="Ministério da Defesa/Comando do Exército/Indústria de Material Bélico do Brasil/Fábrica Presidente Vargas" artSize="12" artNotes="" numberPage="34" pdfPage="http://pesquisa.in.gov.br/imprensa/jsp/visualiza/index.jsp?data=25/08/2022&amp;jornal=530&amp;pagina=34" editionNumber="162" highlightType="" highlightPriority="" highlight="" highlightimage="" highlightimagename="" idMateria="14836106">
  <body>
    <Identifica><![CDATA[ EXTRATO DE DISPENSA DE LICITAÇÃO Nº 87/2022  - UASG 168004]]></Identifica>
    <Data><![CDATA[]]></Data>
    <Ementa />
    <Titulo />
    <SubTitulo />
    <Texto><![CDATA[<p class="identifica">EXTRATO DE DISPENSA DE LICITAÇÃO Nº 87/2022 - UASG 168004</p><p>Nº Processo: 2022/000256-FPV . Objeto: Aquisição direta de ácido sulfúrico 98%, conforme condições, quantidades, exigências e estimativas estabelecidas no Termo de Referência 014/2022 SEPLJ/DVPCP. Total de Itens Licitados: 00001. Fundamento Legal: Art. 29º, Inciso XIII da Lei nº 13.303 de 30/06/2016.. Justificativa: Fornecimento de bens e serviços de alta complexidade tecnológica e defesa nacional. Declaração de Dispensa em 24/08/2022. ESTER DE JESUS MARIANO FELIX. Ordenadora de Despesas Substituta. Ratificação em 24/08/2022. LUCIO FERREIRA DE MEDEIROS. Chefe da Fábrica Presidente Vargas em Exercício. Valor Global: R$ 42.000,00. CNPJ CONTRATADA : 34.545.414/0001-18 PROQPEM DO BRASIL EIRELI.</p><p>(SIDEC - 24/08/2022) 168004-16501-2022NE000001</p>]]></Texto>
  </body>
  <Midias />
</article></xml>