﻿<xml><article id="27714528" name="2022-08-24/7354741/COMPRASNETWS_" idOficio="7354741" pubName="DO3" artType="Extrato de Contrato" pubDate="25/08/2022" artClass="00011:00025:00000:00000:00000:00000:00000:00000:00000:00000:00031:00001" artCategory="Ministério da Ciência, Tecnologia e Inovações/Instituto Brasileiro de Informação em Ciência e Tecnologia" artSize="12" artNotes="" numberPage="10" pdfPage="http://pesquisa.in.gov.br/imprensa/jsp/visualiza/index.jsp?data=25/08/2022&amp;jornal=530&amp;pagina=10" editionNumber="162" highlightType="" highlightPriority="" highlight="" highlightimage="" highlightimagename="" idMateria="14835275">
  <body>
    <Identifica><![CDATA[ EXTRATO DE CONTRATO Nº 5145/2022 - UASG 201057]]></Identifica>
    <Data><![CDATA[]]></Data>
    <Ementa />
    <Titulo />
    <SubTitulo />
    <Texto><![CDATA[<p class="identifica">EXTRATO DE CONTRATO Nº 5145/2022 - UASG 201057</p><p>Nº Processo: 01302.000145/2021-10.</p><p>Pregão Nº 27/2021. Contratante: INST.BRAS.DE INFORM. EM CIENCIA E TECNOLOGIA.</p><p>Contratado: 04.602.789/0001-01 - DATEN TECNOLOGIA LTDA. Objeto: Aquisição de notebook - alto desempenho..</p><p>Fundamento Legal: LEI 14.133/2021 - Artigo: 28 - Inciso: I. Vigência: 08/04/2022 a 07/04/2023. Valor Total: R$ 103.020,00. Data de Assinatura: 08/04/2022.</p><p>(COMPRASNET 4.0 - 24/08/2022).</p>]]></Texto>
  </body>
  <Midias />
</article></xml>