﻿<xml><article id="27704270" name="Del_047_22" idOficio="7355053" pubName="DO3" artType="Aviso de Homologação e Adjudicação" pubDate="25/08/2022" artClass="00014:00047:00026:00000:00000:00000:00000:00000:00000:00000:00078:00000" artCategory="Ministério do Desenvolvimento Regional/Companhia Brasileira de Trens Urbanos/Superintendência Regional I - Recife" artSize="12" artNotes="" numberPage="39" pdfPage="http://pesquisa.in.gov.br/imprensa/jsp/visualiza/index.jsp?data=25/08/2022&amp;jornal=530&amp;pagina=39" editionNumber="162" highlightType="" highlightPriority="" highlight="" highlightimage="" highlightimagename="" idMateria="14835726">
  <body>
    <Identifica><![CDATA[ AVISO DE HOMOLOGAÇÃO E ADJUDICAÇÃO]]></Identifica>
    <Data><![CDATA[]]></Data>
    <Ementa />
    <Titulo />
    <SubTitulo />
    <Texto><![CDATA[<p></p><p class="identifica">AVISO DE HOMOLOGAÇÃO E ADJUDICAÇÃO</p><p class="identifica">PREGÃO ELETRÔNICO Nº 18 (SRP) /GOLIC/2022- UASG 275057</p><p>A Companhia Brasileira de Trens Urbanos do Recife/STU/REC. Torna Público a AQUISIÇÃO DE DETECTOR DE TENSÃO E TRANSDUTOR DE ALTA TENSÃO PARA ESTA CBTU/STU/REC. O referido processo foi HOMOLOGADO e ADJUDICADO, pelo Superintendente Regional de Trens Urbanos do Recife, para a empresa: FASTRAIL EQUIPAMENTOS E COMPONENTES FERROVIARIOS-EIRELI,CNPJ 21.718.970/0001-05, para o item 01, no valor total de R$ 113.933,40 (cento e treze mil, novecentos e trinta e três reais e quarenta centavos) e item 01 no valor total de R$ 116.200,00O ( cento e dezesseis mil, e duzentos reais), totalizando o valor total global de R$ 230.133,40 (duzentos e trinta mil, cento e trinta e três reais e quarenta centavos)</p><p class="assina">Savyo dos Santos Souza</p><p class="cargo">Pregoeiro</p>]]></Texto>
  </body>
  <Midias />
</article></xml>