﻿<xml><article id="27703114" name="Extrato- Termo de Inexigibildiad" idOficio="7354818" pubName="DO3" artType="Extrato de Inexigibilidade de Licitação" pubDate="25/08/2022" artClass="00013:00012:00008:00034:00000:00000:00000:00000:00000:00000:00041:00000" artCategory="Ministério da Defesa/Comando da Marinha/Comando de Operações Navais/Comando-em-Chefe da Esquadra" artSize="12" artNotes="" numberPage="34" pdfPage="http://pesquisa.in.gov.br/imprensa/jsp/visualiza/index.jsp?data=25/08/2022&amp;jornal=530&amp;pagina=34" editionNumber="162" highlightType="" highlightPriority="" highlight="" highlightimage="" highlightimagename="" idMateria="14835443">
  <body>
    <Identifica><![CDATA[ EXTRATO DE INEXIGIBILIDADE DE LICITAÇÃO Nº 1/2022]]></Identifica>
    <Data><![CDATA[]]></Data>
    <Ementa />
    <Titulo />
    <SubTitulo />
    <Texto><![CDATA[<p class="identifica">EXTRATO DE INEXIGIBILIDADE DE LICITAÇÃO Nº 1/2022</p><p>Processo: 62084.003528/2022-29. Espécie: TJIL Nº 01/2022 do ComemCh. Fundamento Legal: Instrução Normativa nº 5, de 26 de maio de 2017 do MPDG, Inciso 3.3.11, da SGM-102 (5ª Revisão-MOD1) e caput do artigo 25, VIII, da Lei nº 8.666, de 21 de junho de 1993. Contratante: COMANDO EM CHEFE DA ESQUADRA - CNPJ: 00.394.502/0084-71. Contratada: PÍER MAUÁ S/A: 02.434.768/0001-07. Objeto: Contratação de empresa para prestação de serviços de estadia e de facilidades portuárias aos meios navais designados para as Operações "Revista Naval", "Parada Naval" e "Operação Unitas LXIII-2022", eventos relacionados ao Bicentenário da Independência do Brasil, no período de 1º de setembro a 9 de setembro de 2022. Valor estimado total: R$ 1.464.515,70. Aprovado em 22/08/2022 pelo CF (T) LUIS ANTONIO MACHADO DE SOUZA, Ordenador de Despesa. Ratificado em 23/08/2022 pelo CAlte MANOEL LUIZ PAVÃO BARROSO, Chefe do Estado-Maior da Esquadra.</p>]]></Texto>
  </body>
  <Midias />
</article></xml>