﻿<xml><article id="27714128" name="Sidec_00163__CD6W77" idOficio="7355149" pubName="DO3" artType="Extrato de Inexigibilidade de Licitação" pubDate="25/08/2022" artClass="00013:00010:00029:00002:00006:00000:00000:00000:00000:00000:00041:00164" artCategory="Ministério da Defesa/Comando da Aeronáutica/Secretaria de Economia e Finanças e Administração da Aeronáutica/Diretoria de Administração da Aeronáutica/Centro de Aquisições Específicas" artSize="12" artNotes="" numberPage="17" pdfPage="http://pesquisa.in.gov.br/imprensa/jsp/visualiza/index.jsp?data=25/08/2022&amp;jornal=530&amp;pagina=17" editionNumber="162" highlightType="" highlightPriority="" highlight="" highlightimage="" highlightimagename="" idMateria="14836059">
  <body>
    <Identifica><![CDATA[ EXTRATO DE INEXIGIBILIDADE DE LICITAÇÃO Nº 42/2022  - UASG 120195]]></Identifica>
    <Data><![CDATA[]]></Data>
    <Ementa />
    <Titulo />
    <SubTitulo />
    <Texto><![CDATA[<p class="identifica">EXTRATO DE INEXIGIBILIDADE DE LICITAÇÃO Nº 42/2022 - UASG 120195</p><p>Nº Processo: 67106009833201947 . Objeto: Credenciamento da EMPRESA CENTRO DE COLUNA DO RIO DE JANEIRO LTDA - oferecer aos beneficiários do SISAU os serviços profissionais na especialidade de: Cirurgia de Coluna em geral e deformidades vertebrais Total de Itens Licitados: 00001. Fundamento Legal: Art. 25º, Caput da Lei nº 8.666 de 21º/06/1993.. Justificativa: A Proponente atende a todos os requisitos necessários para o Credenciamento conforme estabelecido no Edital 001/CAE-HCA/2019 Declaração de Inexigibilidade em 04/08/2022. ERICKA RABELLO GALHARDI. Diretora do Hca. Ratificação em 22/08/2022. CLOER VESCIA ALVES. Diretor da Dirsa. Valor Global: R$ 375.000,00. CNPJ CONTRATADA : 21.650.293/0001-22 CENTRO DE COLUNA DO RIO DE JANEIRO LTDA.</p><p>(SIDEC - 24/08/2022) 120195-00001-2022NE800845</p>]]></Texto>
  </body>
  <Midias />
</article></xml>