﻿<xml><article id="27715924" name="2022-08-24/7354206/COMPRASNETWS_" idOficio="7354206" pubName="DO3" artType="Extrato de Contrato" pubDate="25/08/2022" artClass="00014:00002:00011:00001:00000:00000:00000:00000:00000:00000:00031:00001" artCategory="Ministério do Desenvolvimento Regional/Secretaria Executiva/Secretaria de Coordenação e Gestão/Diretoria de Administração" artSize="12" artNotes="" numberPage="38" pdfPage="http://pesquisa.in.gov.br/imprensa/jsp/visualiza/index.jsp?data=25/08/2022&amp;jornal=530&amp;pagina=38" editionNumber="162" highlightType="" highlightPriority="" highlight="" highlightimage="" highlightimagename="" idMateria="14834543">
  <body>
    <Identifica><![CDATA[ EXTRATO DE CONTRATO Nº 30/2022 - UASG 530001]]></Identifica>
    <Data><![CDATA[]]></Data>
    <Ementa />
    <Titulo />
    <SubTitulo />
    <Texto><![CDATA[<p class="identifica">EXTRATO DE CONTRATO Nº 30/2022 - UASG 530001</p><p>Nº Processo: 59000.008964/2022-62.</p><p>Dispensa Nº 10/2022. Contratante: MDR/SE/SAD/ADMINISTRACAO GERAL.</p><p>Contratado: 26.848.138/0001-39 - VS TECNOLOGIA E AUTOMAÇÃO LTDA. Objeto: Contratação de empresa especializada na prestação de serviços para o desenvolvimento de projeto executivo integrado de segurança, com detalhamento de sistema de videomonitoramento (CFTV) e sistema de controle de acesso, para as dependências dos edifícios ocupados pelo Ministério do Desenvolvimento Regional, em Brasília/DF nas condições estabelecidas no projeto básico.</p><p>Fundamento Legal: LEI 14.133/2021 - Artigo: 75 - Inciso: I. Vigência: 23/08/2022 a 23/10/2022. Valor Total: R$ 17.500,00. Data de Assinatura: 23/08/2022.</p><p>(COMPRASNET 4.0 - 24/08/2022).</p>]]></Texto>
  </body>
  <Midias />
</article></xml>