﻿<xml><article id="27716396" name="Sidec_00199" idOficio="7355149" pubName="DO3" artType="Aviso" pubDate="25/08/2022" artClass="00013:00011:00015:00010:00011:00000:00000:00000:00000:00000:00108:00200" artCategory="Ministério da Defesa/Comando do Exército/Comando Militar do Sul/3ª Região Militar/Hospital Militar de Área de Porto Alegre" artSize="12" artNotes="" numberPage="30" pdfPage="http://pesquisa.in.gov.br/imprensa/jsp/visualiza/index.jsp?data=25/08/2022&amp;jornal=530&amp;pagina=30" editionNumber="162" highlightType="" highlightPriority="" highlight="" highlightimage="" highlightimagename="" idMateria="14836096">
  <body>
    <Identifica><![CDATA[ AVISO DE REABERTURA DE PRAZO]]></Identifica>
    <Data><![CDATA[]]></Data>
    <Ementa />
    <Titulo />
    <SubTitulo />
    <Texto><![CDATA[<p class="identifica">AVISO DE REABERTURA DE PRAZO</p><p class="identifica">PREGÃO Nº 19/2022</p><p>Comunicamos a reabertura de prazo da licitação supracitada, processo Nº 64582011141202251. , publicada no D.O.U de 15/08/2022 . Objeto: Pregão Eletrônico - Registro de Preços para eventual aquisição de materiais de uso geral para suprir as necessidade do Serviço de Rouparia do Hospital Militar de Área de Porto Alegre - HMAPA Novo Edital: 25/08/2022 das 08h00 às 12h00 e de13h00 às 15h00. Endereço: Av. Mariland, 450 - Auxiliadora Auxiliadora - PORTO ALEGRE - RSEntrega das Propostas: a partir de 19/08/2022 às 08h00 no site www.comprasnet.gov.br. Abertura das Propostas: 06/09/2022, às 09h00 no site www.comprasnet.gov.br.</p><p class="assina">CARLA LOBO LOUREIRO</p><p class="cargo">Ordenadora Despesas</p><p>(SIDEC - 24/08/2022) 160399-00001-2022NE000001</p>]]></Texto>
  </body>
  <Midias />
</article></xml>