﻿<xml><article id="27694597" name="Aviso de HomologaAAo - DOU (Preg" idOficio="7353170" pubName="DO3" artType="Aviso de Homologação" pubDate="25/08/2022" artClass="00013:00010:00029:00002:00005:00036:00000:00000:00000:00000:00077:00000" artCategory="Ministério da Defesa/Comando da Aeronáutica/Secretaria de Economia e Finanças e Administração da Aeronáutica/Diretoria de Administração da Aeronáutica/Centro de Apoio Administrativo da Aeronáutica/Grupamento de Apoio de Santa Cruz" artSize="12" artNotes="" numberPage="17" pdfPage="http://pesquisa.in.gov.br/imprensa/jsp/visualiza/index.jsp?data=25/08/2022&amp;jornal=530&amp;pagina=17" editionNumber="162" highlightType="" highlightPriority="" highlight="" highlightimage="" highlightimagename="" idMateria="14833372">
  <body>
    <Identifica><![CDATA[ AVISO DE HOMOLOGAÇÃO]]></Identifica>
    <Data><![CDATA[]]></Data>
    <Ementa />
    <Titulo />
    <SubTitulo />
    <Texto><![CDATA[<p class="identifica">AVISO DE HOMOLOGAÇÃO</p><p class="identifica">PREGAO ELETRÔNICO Nº 6/BASC/2022</p><p>A BASE AÉREA DE SANTA CRUZ - BASC, torna público que, conforme Processo nº 67269.009667/2021-31, referente ao Pregão Eletrônico nº 06/BASC/2022, e nos termos da legislação vigente, foi homologada, no dia 27/07/2022, pela Ordenadora de Despesas, a Sra Coronel Intendente Silvia Veiga Brito, a referida licitação, cujo objeto é Aquisição de material de Consumo para o Esquadrão de Segurança e Defesa, como segue: EDER TADEU GOZZO, CNPJ: 10.535.534/0001-76, item 11, valor total registrado: R$ 1.180,00; PREMIERSEG INDUSTRIA E COMERCIO LTDA, CNPJ: 13.241.077/0001-03, item 7, valor total registrado: R$ 1.560,00; A CASA LICITA LTDA, CNPJ: 23.959.105/0001-78, item 2, valor total registrado: R$ 4.500,00; TECHANAV SOLUCOES EM EQUIPAMENTO E COMERCIO ATACADISTA E VAREJISTA LTDA, CNPJ: 33.518.624/0001-54, item 10, valor total registrado: R$ 2.200,00 e HIBIZA CONFECCOES E COMERCIO LTDA, CNPJ: 36.249.985/0001-30, item 8, valor total registrado: R$ 12.690,00.</p><p class="assina">Cel Int - SILVIA VEIGA BRITO</p><p class="cargo">Ordenadora de Despesas</p>]]></Texto>
  </body>
  <Midias />
</article></xml>