﻿<xml><article id="27714654" name="2022-08-24/7354343/siasgnet_1483" idOficio="7354343" pubName="DO3" artType="Aviso de Licitação-Tomada de Preços" pubDate="25/08/2022" artClass="00013:00012:00008:00034:00006:00003:00000:00000:00000:00000:00166:00001" artCategory="Ministério da Defesa/Comando da Marinha/Comando de Operações Navais/Comando-em-Chefe da Esquadra/Comando da Força Aeronaval/Centro de Intendência da Marinha em São Pedro da Aldeia" artSize="12" artNotes="" numberPage="34" pdfPage="http://pesquisa.in.gov.br/imprensa/jsp/visualiza/index.jsp?data=25/08/2022&amp;jornal=530&amp;pagina=34" editionNumber="162" highlightType="" highlightPriority="" highlight="" highlightimage="" highlightimagename="" idMateria="14834694">
  <body>
    <Identifica><![CDATA[ AVISO DE LICITAÇÃO]]></Identifica>
    <Data><![CDATA[]]></Data>
    <Ementa />
    <Titulo />
    <SubTitulo />
    <Texto><![CDATA[<p class="identifica">AVISO DE LICITAÇÃO</p><p class="identifica">Tomada de Preços Nº 1/2022 - UASG 791181</p><p>Nº Processo: 63398001635202241. Objeto: Contratação de empresa para construção do Fosso de Manutenção Sonar do Primeiro Esquadrão de Helicópteros Antissubmarino localizado nas dependências do Grupo Aéreo Naval de Manutenção, situado na Base Aérea Naval de São Pedro da Aldeia.. Total de Itens Licitados: 1. Edital: 25/08/2022 das 08h30 às 11h30 e das 13h30 às 15h30. Endereço: Rua Comandante Ituriel S/n, Fluminense - São Pedro da Aldêia/RJ ou https://www.gov.br/compras/edital/791181-2-00001-2022. Entrega das Propostas: 14/09/2022 às 13h30. Endereço: Rua Comandante Ituriel S/n, Fluminense - São Pedro da Aldêia/RJ.</p><p class="assina">LEANDRO RUBINO RAMOS</p><p class="cargo">Ordenador de Despesas</p><p>(SIASGnet - 24/08/2022) 791181-00001-2022NE800862</p>]]></Texto>
  </body>
  <Midias />
</article></xml>