﻿<xml><article id="27702235" name="BSB-007-ECT-00434145" idOficio="7354657" pubName="DO3" artType="Aviso de Licitação" pubDate="25/08/2022" artClass="00012:00017:00049:00012:00000:00000:00000:00000:00000:00000:00081:00000" artCategory="Ministério das Comunicações/Empresa Brasileira de Correios e Telégrafos/Diretoria de Governança e Estratégia/Superintendência Estadual N3 BSB" artSize="12" artNotes="" numberPage="14" pdfPage="http://pesquisa.in.gov.br/imprensa/jsp/visualiza/index.jsp?data=25/08/2022&amp;jornal=530&amp;pagina=14" editionNumber="162" highlightType="" highlightPriority="" highlight="" highlightimage="" highlightimagename="" idMateria="14835240">
  <body>
    <Identifica><![CDATA[ AVISO DE LICITAÇÃO]]></Identifica>
    <Data><![CDATA[]]></Data>
    <Ementa />
    <Titulo />
    <SubTitulo />
    <Texto><![CDATA[<p class="identifica">AVISO DE LICITAÇÃO</p><p class="identifica">PREGÃO ELETRÔNICO Nº 50/22 SE/BSB</p><p>Aquisição com instalação de Fechadura Eletrônica de Retardo para Cofres, por meio do Sistema de Registro de Preços. Recebimento das Propostas e obtenção do Edital: http://www.correios.com.br até 05/09/22 às 08h e início da disputa às 09h. Informações pelo telefone: (51) 32204613 - 32208991 ou e-mail: licitacoes-rs@correios.com.br</p><p class="assina">RITA WALERIA SCHMIDT</p><p class="cargo">Gerente de Licitações SE/RS</p>]]></Texto>
  </body>
  <Midias />
</article></xml>