﻿<xml><article id="27714729" name="Sidec_00181__V6QF3Y" idOficio="7355149" pubName="DO3" artType="Extrato de Inexigibilidade de Licitação" pubDate="25/08/2022" artClass="00013:00011:00013:00003:00001:00000:00000:00000:00000:00000:00041:00182" artCategory="Ministério da Defesa/Comando do Exército/Comando Militar do Planalto/Comando de Operações Especiais/Base de Administração e Apoio do Comando de Operações Especiais" artSize="12" artNotes="" numberPage="28" pdfPage="http://pesquisa.in.gov.br/imprensa/jsp/visualiza/index.jsp?data=25/08/2022&amp;jornal=530&amp;pagina=28" editionNumber="162" highlightType="" highlightPriority="" highlight="" highlightimage="" highlightimagename="" idMateria="14836078">
  <body>
    <Identifica><![CDATA[ EXTRATO DE INEXIGIBILIDADE DE LICITAÇÃO Nº 9/2022  - UASG 160098]]></Identifica>
    <Data><![CDATA[]]></Data>
    <Ementa />
    <Titulo />
    <SubTitulo />
    <Texto><![CDATA[<p class="identifica">EXTRATO DE INEXIGIBILIDADE DE LICITAÇÃO Nº 9/2022 - UASG 160098</p><p>Nº Processo: 65399007241202212 . Objeto: Credenciamento de Organizações Civis de Saúde (OCS) e de Profissionais de Saúde Autônomos (PSA) interessados na prestação de serviços complementares de assistência médico-hospitalar, ambulatorial, atendimento de emergência/urgência em regime de 24 (vinte e quatro) horas diárias, pré-hospitalar, odontológica, laboratoriais, reabilitação e e outros a serem complementados, de natureza contínua aos beneficiários do Fundo de Saúde do Exército (SAMMED/FuSEx). Total de Itens Licitados: 00019. Fundamento Legal: Art. 25º, Caput da Lei nº 8.666 de 21º/06/1993.. Justificativa: O fundamento legal desta inexigibilidade baseia-se no fato da inviabilidade de competição. Declaração de Inexigibilidade em 05/08/2022. LUCIANO SILVEIRA DE SOUZA. Ordenador Pagador. Ratificação em 22/08/2022. CARLOS ALBERTO RODRIGUES PIMENTEL. Dirigente Máximo. Valor Global: R$ 5.800.000,00. CPF CONTRATADA : 009.760.621-94 KELLEN GOMES MARINHO MATOS. Valor: R$ 100.000,00. CPF CONTRATADA : 014.670.661-76 WANESSA APOLINARIO MARTINS. Valor: R$ 100.000,00. CPF CONTRATADA : 024.864.021-60 PAMELLA SANTANA DINIZ LINHARES. Valor: R$ 100.000,00. CNPJ CONTRATADA : 09.014.825/0001-30 GASTROMED - CLINICA DE GASTROENTEROLOGIA E MEDICINA AVANCADA LTDA. Valor: R$ 500.000,00. CNPJ CONTRATADA : 09.617.657/0001-77 LEIDIANER. DA SILVA - PSICOLOGIA E SAUDE. Valor: R$ 300.000,00. CNPJ CONTRATADA : 22.554.389/0001-50 CENTRO ESPECIALIZADO EM REABILITACAO ORAL DIGITAL EIRELI. Valor: R$ 300.000,00. CPF CONTRATADA : 229.106.892-04 HABIB NAHMATALLAH OBEID. Valor: R$ 100.000,00. CNPJ CONTRATADA : 24.973.002/0001-25 DP SAUDEEIRELI. Valor: R$ 500.000,00. CNPJ CONTRATADA : 26.044.170/0001-61 CONFIAR - CENTRO DE ONCOLOGIA E FISICA APLICADA A RADIOTERAPIA LTDA. Valor: R$ 600.000,00. CNPJ CONTRATADA : 26.694.109/0001-60 HOSPITALARVORE DA VIDA LTDA. Valor: R$ 500.000,00. CNPJ CONTRATADA : 30.494.999/0001-33 CLINICA LARISSA MARTINS FERREIRA EIRELI. Valor: R$ 300.000,00. CNPJ CONTRATADA : 30.494.999/0002-14 CLINICA LARISSA MARTINS FERREIRA EIRELI. Valor: R$ 300.000,00. CNPJ CONTRATADA : 31.122.769/0001-06 ALICE CARVALHO FONOAUDIOLOGIA EIRELI. Valor: R$ 300.000,00. CNPJ CONTRATADA : 34.053.310/0001-96 SANARE CLINICA DE PSIQUIATRIA LTDA. Valor: R$ 300.000,00. CNPJ CONTRATADA : 37.610.933/0001-00 CDI DENTAL LTDA. Valor: R$ 500.000,00. CNPJ CONTRATADA : 39.982.938/0001-90 NORMANHASERVICOS DE DIAGNOSTICOS POR IMAGEM LTDA. Valor: R$ 500.000,00. CNPJ CONTRATADA : 41.947.959/0001-16 ALGOALENREABILITAR SERVICOS DE FISIOTERAPIA LTDA. Valor: R$ 300.000,00. CPF CONTRATADA : 527.604.991-20 DALVA RODRIGUES VIEIRA BICUDO LEME. Valor: R$ 100.000,00. CPF CONTRATADA : 846.463.731-49 CARLA FERNANDES RODRIGUES PAIVA. Valor: R$ 100.000,00</p><p>(SIDEC - 24/08/2022) 160098-00001-2022NE000934</p>]]></Texto>
  </body>
  <Midias />
</article></xml>