﻿<xml><article id="27715278" name="2022-08-24/7353177/COMPRASNETWS_" idOficio="7353177" pubName="DO3" artType="Extrato de Contrato" pubDate="25/08/2022" artClass="00013:00012:00008:00044:00006:00000:00000:00000:00000:00000:00031:00001" artCategory="Ministério da Defesa/Comando da Marinha/Comando de Operações Navais/5º Distrito Naval/Centro de Intendência da Marinha em Rio Grande" artSize="12" artNotes="" numberPage="34" pdfPage="http://pesquisa.in.gov.br/imprensa/jsp/visualiza/index.jsp?data=25/08/2022&amp;jornal=530&amp;pagina=34" editionNumber="162" highlightType="" highlightPriority="" highlight="" highlightimage="" highlightimagename="" idMateria="14833400">
  <body>
    <Identifica><![CDATA[ EXTRATO DE CONTRATO Nº 24/2022 - UASG 785810]]></Identifica>
    <Data><![CDATA[]]></Data>
    <Ementa />
    <Titulo />
    <SubTitulo />
    <Texto><![CDATA[<p class="identifica">EXTRATO DE CONTRATO Nº 24/2022 - UASG 785810</p><p>Nº Processo: 63408.000078/2022-85.</p><p>Pregão Nº 24/2022. Contratante: CENTRO DE INTENDENCIA DA MARINHA EM RIO GRAND.</p><p>Contratado: 09.534.067/0001-80 - ASJS EQUIPAMENTOS NAUTICOS LTDA. Objeto: Contratação de serviços de revisão de balsas e salvatagem, a fim de apoiar as organizações militares sob jurisdição do comando do 5º distrito naval, conforme condições, quantidades e exigências estabelecidas no termo de referência..</p><p>Fundamento Legal: LEI 10.520 / 2002 - Artigo: 1. Vigência: 22/08/2022 a 22/08/2023. Valor Total: R$ 25.002.500,00. Data de Assinatura: 22/08/2022.</p><p>(COMPRASNET 4.0 - 24/08/2022).</p>]]></Texto>
  </body>
  <Midias />
</article></xml>