﻿<xml><article id="27705677" name="Aviso de RetificaAAo__23P1RS" idOficio="7355323" pubName="DO3" artType="Extrato" pubDate="25/08/2022" artClass="00012:00016:00000:00000:00000:00000:00000:00000:00000:00000:00172:00000" artCategory="Ministério das Comunicações/Telecomunicações Brasileiras S.A." artSize="12" artNotes="" numberPage="12" pdfPage="http://pesquisa.in.gov.br/imprensa/jsp/visualiza/index.jsp?data=25/08/2022&amp;jornal=530&amp;pagina=12" editionNumber="162" highlightType="" highlightPriority="" highlight="" highlightimage="" highlightimagename="" idMateria="14836264">
  <body>
    <Identifica><![CDATA[ Aviso de Retificação]]></Identifica>
    <Data><![CDATA[ Brasília - DF, 23 de agosto de 2022]]></Data>
    <Ementa />
    <Titulo />
    <SubTitulo />
    <Texto><![CDATA[<p class="identifica">Aviso de Retificação</p><p>TELECOMUNICAÇÕES BRASILEIRAS S.A.</p><p>CNPJ: 00.336.701/0001-04</p><p>NIRE: 5330000223/1</p><p>A Telecomunicações Brasileiras S.A., torna público a retificação da quantidade de cadeiras ergonômicas mencionadas no Aviso de Licitação - Pregão Eletrônico nº 22/2022, publicado no DOU - Seção 3, nº 160, de 23.08.2022. Onde se lê: 400(quatrocentas), leia-se 955(novecentos e cinquenta e cinco), sendo 400 para a UASG 925150, 355 para UASG 926926 e 200 para UASG 160091.</p><p class="data">Brasília - DF, 23 de agosto de 2022</p><p class="assina">IVO NOVAIS DIAS MONTENEGRO</p><p class="cargo">Gerente de Compras e Contratos</p>]]></Texto>
  </body>
  <Midias />
</article></xml>