﻿<xml><article id="27703075" name="Extrato Contrato_ Seguro 2408202" idOficio="7354802" pubName="DO3" artType="Extrato de Contrato" pubDate="25/08/2022" artClass="00007:00060:00029:00000:00000:00000:00000:00000:00000:00000:00031:00000" artCategory="Ministério da Agricultura, Pecuária e Abastecimento/Empresa Brasileira de Pesquisa Agropecuária/Embrapa Amazônia Oriental" artSize="12" artNotes="" numberPage="7" pdfPage="http://pesquisa.in.gov.br/imprensa/jsp/visualiza/index.jsp?data=25/08/2022&amp;jornal=530&amp;pagina=7" editionNumber="162" highlightType="" highlightPriority="" highlight="" highlightimage="" highlightimagename="" idMateria="14835387">
  <body>
    <Identifica><![CDATA[  Extrato de Contrato]]></Identifica>
    <Data><![CDATA[]]></Data>
    <Ementa />
    <Titulo />
    <SubTitulo />
    <Texto><![CDATA[<p class="identifica">Extrato de Contrato</p><p>Espécie: SEI 21159.001900/2022-64 - Pregão Eletrônico nº 6/2022. Partes: EMPRESA BRASILEIRA DE PESQUISA AGROPECUÁRIA - EMBRAPA AMAZÔNIA ORIENTAL (Contratante), CNPJ: 00.348.003/0128-03 e a empresa Porto Seguro Companhia de Seguros Gerais, (Contratada), CNPJ/MF sob o n° 61.198.164/0001-60; Objeto: Contratação de seguro total com cobertura contra danos materiais resultantes de sinistros de roubo ou furto e etc de acordo com o Edital. Vigência: de 19/08/2022 a 20/08/2023; Valor anual: R$ 14.000,00; Modalidade: Pregão Eletrônico nº 6/2022; Data de assinatura: 19/08/2022; Signatários: Maria Rosa Travassos da Rosa Costa, pela Contratante e Roberto de Souza Dias, pela Contratada.</p>]]></Texto>
  </body>
  <Midias />
</article></xml>