﻿<xml><article id="27716468" name="2022-08-24/7355658/SICONV_148367" idOficio="7355658" pubName="DO3" artType="Extrato de Convênio" pubDate="25/08/2022" artClass="00007:00049:00000:00000:00000:00000:00000:00000:00000:00000:00032:00001" artCategory="Ministério da Agricultura, Pecuária e Abastecimento/Secretaria de Inovação, Desenvolvimento Sustentável e Irrigação" artSize="12" artNotes="" numberPage="5" pdfPage="http://pesquisa.in.gov.br/imprensa/jsp/visualiza/index.jsp?data=25/08/2022&amp;jornal=530&amp;pagina=5" editionNumber="162" highlightType="" highlightPriority="" highlight="" highlightimage="" highlightimagename="" idMateria="14836765">
  <body>
    <Identifica><![CDATA[ EXTRATO DE TERMO ADITIVO]]></Identifica>
    <Data><![CDATA[]]></Data>
    <Ementa />
    <Titulo />
    <SubTitulo />
    <Texto><![CDATA[<p class="identifica">EXTRATO DE TERMO ADITIVO</p><p>Espécie: Termo Aditivo de Alteração da Vigência/ Acréscimo Nº 000003/2022 ao Convênio Nº 901243/2020. Convenentes: Concedente: MINISTÉRIO DA AGRICULTURA, PECUARIA E ABASTECIMENTO, Unidade Gestora: 130005. Convenente: MUNICIPIO DE SANTA LEOPOLDINA, CNPJ nº 27165521000155. Alteração de Prazo e Reprogramação de Valor. Valor Total: R$ 84.981,17, Valor de Contrapartida: R$ 84.981,17, Vigência: 22/08/2022 a 01/03/2023. Data de Assinatura: 31/12/2020. Signatários: Concedente: CLEBER OLIVEIRA SOARES, CPF nº 61672793572, Convenente: ROMERO LUIZ ENDRINGER, CPF nº 579.367.227-34.</p>]]></Texto>
  </body>
  <Midias />
</article></xml>