﻿<xml><article id="27696878" name="Extrato_TA_LAVANDERIA" idOficio="7353581" pubName="DO3" artType="Extrato de Termo Aditivo" pubDate="25/08/2022" artClass="00013:00011:00026:00003:00008:00000:00000:00000:00000:00000:00054:00000" artCategory="Ministério da Defesa/Comando do Exército/Departamento de Educação e Cultura do Exército/Diretoria de Educação  Preparatória e Assistencial/Colégio Militar de Recife" artSize="12" artNotes="" numberPage="32" pdfPage="http://pesquisa.in.gov.br/imprensa/jsp/visualiza/index.jsp?data=25/08/2022&amp;jornal=530&amp;pagina=32" editionNumber="162" highlightType="" highlightPriority="" highlight="" highlightimage="" highlightimagename="" idMateria="14833823">
  <body>
    <Identifica><![CDATA[ EXTRATO DE TERMO ADITIVO Nº 1 UASG 160084]]></Identifica>
    <Data><![CDATA[]]></Data>
    <Ementa />
    <Titulo />
    <SubTitulo />
    <Texto><![CDATA[<p class="identifica">EXTRATO DE TERMO ADITIVO Nº 1 UASG 160084</p><p>Número do Contrato: 02/2021. Processo administrativo nº 64257.000301/2021-47. Pregão Eletrônico nº 04/2021 - CMR (160084). Contratante: Colégio Militar do Recife - CNPJ 09.586.596/0001-28. Contratada: OLIVIER LAVANDERIA EIRELI - CNPJ:08.920.547/0001-17. Objeto: Contratação de serviços de Lavanderia. Vigência: 16 de agosto de 2022 a 15 de agosto de 2023. Fundamentação: art. 57, inciso II da Lei n.º 8.666/93. Valor Mensal: R$ 638,34 (seiscentos e trinta e oito reais e trinta e quatro centavos). Valor Anual: R$ 7.660,08 (sete mil, seiscentos e sessenta reais e oito centavos). Data da assinatura: 15 de agosto de 2022.</p>]]></Texto>
  </body>
  <Midias />
</article></xml>