﻿<xml><article id="27716772" name="2022-08-24/7354674/siasgnet_1483" idOficio="7354674" pubName="DO3" artType="Aviso de Licitação-Pregão" pubDate="25/08/2022" artClass="00013:00011:00008:00012:00042:00000:00000:00000:00000:00000:00164:00001" artCategory="Ministério da Defesa/Comando do Exército/Comando Militar da Amazônia/2º Grupamento de Engenharia/5º Batalhão de Engenharia de Construção" artSize="12" artNotes="" numberPage="19" pdfPage="http://pesquisa.in.gov.br/imprensa/jsp/visualiza/index.jsp?data=25/08/2022&amp;jornal=530&amp;pagina=19" editionNumber="162" highlightType="" highlightPriority="" highlight="" highlightimage="" highlightimagename="" idMateria="14835197">
  <body>
    <Identifica><![CDATA[ AVISO DE LICITAÇÃO]]></Identifica>
    <Data><![CDATA[]]></Data>
    <Ementa />
    <Titulo />
    <SubTitulo />
    <Texto><![CDATA[<p class="identifica">AVISO DE LICITAÇÃO</p><p class="identifica">Pregão Eletrônico Nº 32/2022 - UASG 160348</p><p>Nº Processo: 64043.005407/2022. Objeto: Aquisição de insumos para realização de serviços de drenagem nas obras de Jaru-RO.. Total de Itens Licitados: 20. Edital: 25/08/2022 das 08h30 às 12h00 e das 14h00 às 16h30. Endereço: Av. Rogerio Weber 01 - Bairro Militar, - Porto Velho/RO ou https://www.gov.br/compras/edital/160348-5-00032-2022. Entrega das Propostas: a partir de 25/08/2022 às 08h30 no site www.gov.br/compras. Abertura das Propostas: 06/09/2022 às 10h30 no site www.gov.br/compras. Informações Gerais: .</p><p class="assina">RENATO COARY DE IRACEMA GOMES</p><p class="cargo">Ordenador de Despesas</p><p>(SIASGnet - 24/08/2022) 160348-00001-2022NE000001</p>]]></Texto>
  </body>
  <Midias />
</article></xml>