﻿<xml><article id="27700375" name="Extrato Aviso de LicitaAAo - Pre" idOficio="7354346" pubName="DO3" artType="Aviso de Licitação" pubDate="25/08/2022" artClass="00013:00012:00033:00009:00007:00000:00000:00000:00000:00000:00081:00000" artCategory="Ministério da Defesa/Comando da Marinha/Secretaria-Geral/Diretoria de Finanças/Pagadoria de Pessoal da Marinha" artSize="12" artNotes="" numberPage="37" pdfPage="http://pesquisa.in.gov.br/imprensa/jsp/visualiza/index.jsp?data=25/08/2022&amp;jornal=530&amp;pagina=37" editionNumber="162" highlightType="" highlightPriority="" highlight="" highlightimage="" highlightimagename="" idMateria="14834737">
  <body>
    <Identifica><![CDATA[ AVISO DE LICITAÇÃO]]></Identifica>
    <Data><![CDATA[]]></Data>
    <Ementa />
    <Titulo />
    <SubTitulo />
    <Texto><![CDATA[<p class="identifica">AVISO DE LICITAÇÃO</p><p class="identifica">PREGÃO ELETRÔNICO N° 6/2022 - 773202</p><p>Numero do Processo: 63438.001163/2022-11. Objeto: Aquisicao de moveis planejados e moveis de aco para Praca DArmas, Refeitorio, Alojamentos e Salao de Recreio dos Suboficiais e Sargentos da Pagadoria de Pessoal da Marinha (PAPEM). Total de Itens Licitados: 12. Edital: 25/08/2022 das 09h30 as 15h30. Endereco: Rua da Ponte, s/n, Ed. 23, 4 Andar, Ilha das Cobras - Centro, Rio de Janeiro/RJ ou www.gov.br/compras/pt-br. Entrega das Propostas: a partir de 25/08/2022 as 09h30 no site www.gov.br/compras/pt-br. Abertura das Propostas: 06/09/2022 as 09h30 no site www.gov.br/compras/pt-br.</p><p class="assina">MAXWELL CARDOSO FERREIRA</p><p class="cargo">Pregoeiro</p>]]></Texto>
  </body>
  <Midias />
</article></xml>