﻿<xml><article id="27715179" name="Sidec_00171__X3NC0W" idOficio="7355149" pubName="DO3" artType="Aviso de Revogação" pubDate="25/08/2022" artClass="00013:00010:00029:00002:00012:00000:00000:00000:00000:00000:00088:00172" artCategory="Ministério da Defesa/Comando da Aeronáutica/Secretaria de Economia e Finanças e Administração da Aeronáutica/Diretoria de Administração da Aeronáutica/Grupamento de Apoio de Manaus" artSize="12" artNotes="" numberPage="17" pdfPage="http://pesquisa.in.gov.br/imprensa/jsp/visualiza/index.jsp?data=25/08/2022&amp;jornal=530&amp;pagina=17" editionNumber="162" highlightType="" highlightPriority="" highlight="" highlightimage="" highlightimagename="" idMateria="14836067">
  <body>
    <Identifica><![CDATA[ AVISO DE REVOGAÇÃO]]></Identifica>
    <Data><![CDATA[]]></Data>
    <Ementa />
    <Titulo />
    <SubTitulo />
    <Texto><![CDATA[<p class="identifica">AVISO DE REVOGAÇÃO</p><p class="identifica">INEXIGIBILIDADE DE LICITAÇÃO Nº 12/2022</p><p>Fica revogada a Inexigibilidade supracitada, referente ao processo Nº 67298003174202221.</p><p class="assina">MARCOS AFONSO DE CARVALHO QUINTELLA</p><p class="cargo">Ordenador de Despesas</p><p>(SIDEC - 24/08/2022) 120630-00001-2022NE000001</p>]]></Texto>
  </body>
  <Midias />
</article></xml>