﻿<xml><article id="27694789" name="DOU_Carlos Eduardo" idOficio="7353224" pubName="DO3" artType="Extrato de Compromisso" pubDate="25/08/2022" artClass="00007:00060:00084:00000:00000:00000:00000:00000:00000:00000:00029:00000" artCategory="Ministério da Agricultura, Pecuária e Abastecimento/Empresa Brasileira de Pesquisa Agropecuária/Embrapa Solos" artSize="12" artNotes="" numberPage="8" pdfPage="http://pesquisa.in.gov.br/imprensa/jsp/visualiza/index.jsp?data=25/08/2022&amp;jornal=530&amp;pagina=8" editionNumber="162" highlightType="" highlightPriority="" highlight="" highlightimage="" highlightimagename="" idMateria="14833426">
  <body>
    <Identifica><![CDATA[ EXTRATO DE COMPROMISSO]]></Identifica>
    <Data><![CDATA[]]></Data>
    <Ementa />
    <Titulo />
    <SubTitulo />
    <Texto><![CDATA[<p class="identifica">EXTRATO DE COMPROMISSO</p><p>Especie: Termo de Compromisso; Partes: Empresa Brasileira de Pesquisa Agropecuaria, Embrapa Solos e o bolsista Carlos Eduardo da Silva Sacramento; Objeto: Este Termo de Compromisso vincula-se, para todos os efeitos legais, ao Convenio ou Acordo de Cooperacao Tecnica em Pesquisa Agropecuaria celebrado entre a Embrapa e a Fundacao Arthur Bernardes, bem como ao instrumento firmado em 08/08/2022 entre o Bolsista e o CNPq; Data de assinatura: 22/08/2022; Vigencia: de 08/08/2022 ate 08/08/2023; Signatarios: Maria de Lourdes Mendonca Santos Brefin, Chefe Geral da Embrapa Solos e Carlos Eduardo da Silva Sacramento, bolsista.</p>]]></Texto>
  </body>
  <Midias />
</article></xml>