﻿<xml><article id="27695253" name="Extrato Registro de Diplomas1" idOficio="7336298" pubName="DO3" artType="Aviso" pubDate="25/08/2022" artClass="00050:09968:00000:00000:00000:00000:00000:00000:00000:00000:00108:00000" artCategory="Ineditoriais/SOCIEDADE UNIVERSITÁRIA REDENTOR" artSize="12" artNotes="" numberPage="204" pdfPage="http://pesquisa.in.gov.br/imprensa/jsp/visualiza/index.jsp?data=25/08/2022&amp;jornal=530&amp;pagina=204" editionNumber="162" highlightType="" highlightPriority="" highlight="" highlightimage="" highlightimagename="" idMateria="14809965">
  <body>
    <Identifica><![CDATA[ Aviso  Registro de Diplomas]]></Identifica>
    <Data><![CDATA[ Itaperuna, 16 de agosto de 2022]]></Data>
    <Ementa />
    <Titulo />
    <SubTitulo />
    <Texto><![CDATA[<p class="identifica">Aviso Registro de Diplomas</p><p>O CENTRO UNIVERSITÁRIO REDENTOR, mantido pela Sociedade Universitária Redentor S.A, inscrito no CNPJ 03.596.799/0001-19, para fins no dispositivo no art. 21 da Portaria MEC nº 1.095, de 25 de outubro de 2018, informa que foram registrados 12 (doze) diplomas no dia 28/06/2022, no Livro de Registro Volume I de 2022/1, com as sequência numéricas 2087 a 2098.</p><p>A relação dos diplomas registrados poderá ser consultada em até quinze dias no site: www.uniredentor.edu.br/portaldoaluno.</p><p class="data">Itaperuna, 16 de agosto de 2022</p><p class="assina">Felipe Vargas dos Santos Victor</p><p class="cargo">Reitor</p>]]></Texto>
  </body>
  <Midias />
</article></xml>