﻿<xml><article id="27713737" name="2022-08-24/7354417/COMPRASNETWS_" idOficio="7354417" pubName="DO3" artType="Extrato de Termo Aditivo" pubDate="25/08/2022" artClass="00013:00011:00008:00012:00000:00000:00000:00000:00000:00000:00054:00001" artCategory="Ministério da Defesa/Comando do Exército/Comando Militar da Amazônia/2º Grupamento de Engenharia" artSize="12" artNotes="" numberPage="19" pdfPage="http://pesquisa.in.gov.br/imprensa/jsp/visualiza/index.jsp?data=25/08/2022&amp;jornal=530&amp;pagina=19" editionNumber="162" highlightType="" highlightPriority="" highlight="" highlightimage="" highlightimagename="" idMateria="14834859">
  <body>
    <Identifica><![CDATA[ EXTRATO DE TERMO ADITIVO Nº 1/2022 - UASG 160015]]></Identifica>
    <Data><![CDATA[]]></Data>
    <Ementa />
    <Titulo />
    <SubTitulo />
    <Texto><![CDATA[<p class="identifica">EXTRATO DE TERMO ADITIVO Nº 1/2022 - UASG 160015</p><p>Número do Contrato: 5/2019.</p><p>Nº Processo: 03092019.</p><p>Pregão. Nº 18/2018. Contratante: COMANDO 2 GRUPAMENTO ENGENHARIA. Contratado: 07.832.586/0001-08 - DF TURISMO E EVENTOS LTDA. Objeto: 3º termo aditivo ao termo de contrato nº 5/2019, cujo objeto é a prorrogação do prazo de vigência contratual referente aos serviços de agenciamento e fornecimento de passagens aéreas nacionais.. Vigência: 04/09/2022 a 04/09/2023. Valor Total Atualizado do Contrato: R$ 1.056.228,56. Data de Assinatura: 23/08/2022.</p><p>(COMPRASNET 4.0 - 23/08/2022).</p>]]></Texto>
  </body>
  <Midias />
</article></xml>