﻿<xml><article id="27700627" name="EXTRATO NF COMARCIO" idOficio="7354403" pubName="DO3" artType="Extrato de Contrato" pubDate="25/08/2022" artClass="00007:00060:00047:00000:00000:00000:00000:00000:00000:00000:00031:00000" artCategory="Ministério da Agricultura, Pecuária e Abastecimento/Empresa Brasileira de Pesquisa Agropecuária/Embrapa Gado de Leite" artSize="12" artNotes="" numberPage="7" pdfPage="http://pesquisa.in.gov.br/imprensa/jsp/visualiza/index.jsp?data=25/08/2022&amp;jornal=530&amp;pagina=7" editionNumber="162" highlightType="" highlightPriority="" highlight="" highlightimage="" highlightimagename="" idMateria="14834803">
  <body>
    <Identifica><![CDATA[EXTRATO DE CONTRATO]]></Identifica>
    <Data><![CDATA[]]></Data>
    <Ementa />
    <Titulo />
    <SubTitulo />
    <Texto><![CDATA[<p class="identifica">EXTRATO DE CONTRATO</p><p>Contrato de prestação de serviços; Partes: Embrapa Gado de Leite (CNPJ: 00.348.003/0013-54) e NF Comércio e Serviços Eireli - ME (CNPJ: 10.284.045/0001-99); Objeto: Prestação de serviços comuns de manutenção predial corretiva e preventiva; Pregão Eletrônico SRP SGE/INFRA nº 12/2021; Fundamento Legal: Lei 10.520/2002; Valor global: R$ 62.093,56; Vigência: 29/08/2022 a 27/11/2022; Código da Unidade Gestora; 135015; Data de assinatura: 23/08/2022; Signatários: Adriana Carla Sanches Façanha, Chefe Adjunta de Administração e Jefferson Leite de Oliveira, Supervisor do SPS, pela Embrapa Gado de Leite; Welington Almeida Lopes Nicodemos, sócio da NF Comércio e Serviços Eireli ME.</p>]]></Texto>
  </body>
  <Midias />
</article></xml>