﻿<xml><article id="27694813" name="Extrato 2_2022_FASUG" idOficio="7313488" pubName="DO3" artType="Aviso" pubDate="25/08/2022" artClass="00050:04371:01026:00000:00000:00000:00000:00000:00000:00000:00108:00000" artCategory="Ineditoriais/FACULDADE DO SUDESTE GOIANO" artSize="12" artNotes="" numberPage="196" pdfPage="http://pesquisa.in.gov.br/imprensa/jsp/visualiza/index.jsp?data=25/08/2022&amp;jornal=530&amp;pagina=196" editionNumber="162" highlightType="" highlightPriority="" highlight="" highlightimage="" highlightimagename="" idMateria="14778866">
  <body>
    <Identifica><![CDATA[ AVISO DE REGISTRO DE DIPLOMAS]]></Identifica>
    <Data><![CDATA[ Pires do Rio, 8 de agosto de 2022.]]></Data>
    <Ementa />
    <Titulo />
    <SubTitulo />
    <Texto><![CDATA[<p>CNPJ: 03.404.395/0001-86</p><p class="identifica">AVISO DE REGISTRO DE DIPLOMAS</p><p>Para fins do disposto no art. 21 da Portaria MEC nº 1095 de 25 de outubro de 2018, esta Instituição de Educação Superior informa que foi registrado 33 (trinta e três) diplomas, no seguinte livro de registro e sequência numérica: livro 4 - registro nº 544634 a 544636 registrado no dia 05/07/2022, registro nº 544779 a 544808 no dia 08/07/2022. A relação dos diplomas registrados poderá ser consultada no sítio: www.fasug.edu.br</p><p class="data">Pires do Rio, 8 de agosto de 2022.</p><p class="assina">Pedro José Martins de Araújo</p><p class="cargo">Diretor-Geral</p>]]></Texto>
  </body>
  <Midias />
</article></xml>