﻿<xml><article id="27703582" name="Acordo para Ajuste de Direito de" idOficio="7354902" pubName="DO3" artType="Extrato de Acordo de Cooperação Técnica" pubDate="25/08/2022" artClass="00007:00060:00025:00000:00000:00000:00000:00000:00000:00000:00036:00000" artCategory="Ministério da Agricultura, Pecuária e Abastecimento/Empresa Brasileira de Pesquisa Agropecuária/Embrapa Algodão" artSize="12" artNotes="" numberPage="6" pdfPage="http://pesquisa.in.gov.br/imprensa/jsp/visualiza/index.jsp?data=25/08/2022&amp;jornal=530&amp;pagina=6" editionNumber="162" highlightType="" highlightPriority="" highlight="" highlightimage="" highlightimagename="" idMateria="14835494">
  <body>
    <Identifica><![CDATA[ Extrato de Acordo de Cooperação Técnica]]></Identifica>
    <Data><![CDATA[]]></Data>
    <Ementa />
    <Titulo />
    <SubTitulo />
    <Texto><![CDATA[<p class="identifica">Extrato de Acordo de Cooperação Técnica</p><p>Espécie: ACORDO PARA AJUSTE DE DIREITO DE EXPLORAÇÃO COMERCIAL; Processo SEI nº 21156.000657/2022-97, SAIC nº 20100.22/0042-3; Partes: EMPRESA BRASILEIRA DE PESQUISA AGROPECUÁRIA - EMBRAPA (CNPJ n° 00.348.003/0001-10) e a FUNDAÇÃO DE APOIO À PESQUISA E DESENVOLVIMENTO DO OESTE BAIANO - FUNDAÇÃO BA (CNPJ n° 01.866.071/0001-34); Objeto: o Acordo tem por objeto regular o direito de exploração comercial da Fundação Bahia e de terceiros por ela indicado (s) no PAT em relação às seguintes Cultivares da Embrapa: BRS 432 B2RF, BRS 433 FL B2RF e BRS 437 B2RF. Vigência: 5 (cinco) anos a contar da data de sua assinatura; Data da assinatura: 30/06/2022; Signatários: Alderi Emídio de Araújo-Chefe Geral e João Henrique Zonta-Chefe Adjunto de Transferência de Tecnologia, pela EMBRAPA ALGODÃO e Ademar Antônio Marçal-Diretor Presidente pela FUNDAÇÃO BA.</p>]]></Texto>
  </body>
  <Midias />
</article></xml>