﻿<xml><article id="27713607" name="Sidec_00030__9L9ENS" idOficio="7355149" pubName="DO3" artType="Extrato de Dispensa de Licitação" pubDate="25/08/2022" artClass="00011:00002:00016:00087:00000:00000:00000:00000:00000:00000:00038:00031" artCategory="Ministério da Ciência, Tecnologia e Inovações/Secretaria Executiva/Departamento de Administração/Coordenação-Geral de Recursos Logísticos" artSize="12" artNotes="" numberPage="9" pdfPage="http://pesquisa.in.gov.br/imprensa/jsp/visualiza/index.jsp?data=25/08/2022&amp;jornal=530&amp;pagina=9" editionNumber="162" highlightType="" highlightPriority="" highlight="" highlightimage="" highlightimagename="" idMateria="14835921">
  <body>
    <Identifica><![CDATA[ EXTRATO DE DISPENSA DE LICITAÇÃO Nº 2/2022  - UASG 240101]]></Identifica>
    <Data><![CDATA[]]></Data>
    <Ementa />
    <Titulo />
    <SubTitulo />
    <Texto><![CDATA[<p class="identifica">EXTRATO DE DISPENSA DE LICITAÇÃO Nº 2/2022 - UASG 240101</p><p>Nº Processo: 01245007020202134 . Objeto: Contratação de empresa especializada na prestação de serviços continuados de prevenção e combate a princípio de incêndio e pânico, e de elaboração e atualização de Plano de Prevenção, Combate a Incêndio e Abandono (PPCIA), por meio de Brigada de Incêndio Particular, com fornecimento de materiais para atender às necessidades do Ministério da Ciência, Tecnologia, Inovações-MCTI. Total de Itens Licitados: 00001. Fundamento Legal: Art. 24º, Inciso XI da Lei nº 8.666 de 21º/06/1993.. Justificativa: Calcada no art. 24, inciso XI, da Lei nº 8.666/93. Declaração de Dispensa em 23/08/2022. DOMINGOS CARLOS PEREIRA REGO. Coordenador-geral de Recursos Logísticos. Ratificação em 23/08/2022. ALEXANDRE AUGUSTO VILLAIN DA SILVA. Diretor do Departamento de Administração. Valor Global: R$ 3.527.825,76. CNPJ CONTRATADA : 24.921.066/0001-82 SOLLO CONSTRUCOES E SERVICOS LTDA.</p><p>(SIDEC - 24/08/2022) 240101-00001-2022NE800001</p>]]></Texto>
  </body>
  <Midias />
</article></xml>