﻿<xml><article id="27702097" name="Extrato de protocolo intenAAes S" idOficio="7354626" pubName="DO3" artType="Extrato de Protocolo de Intenção" pubDate="25/08/2022" artClass="00007:00047:00000:00000:00000:00000:00000:00000:00000:00000:00047:00000" artCategory="Ministério da Agricultura, Pecuária e Abastecimento/Secretaria de Defesa Agropecuária" artSize="12" artNotes="" numberPage="3" pdfPage="http://pesquisa.in.gov.br/imprensa/jsp/visualiza/index.jsp?data=25/08/2022&amp;jornal=530&amp;pagina=3" editionNumber="162" highlightType="" highlightPriority="" highlight="" highlightimage="" highlightimagename="" idMateria="14835177">
  <body>
    <Identifica><![CDATA[ EXTRATO DE PROTOCOLO DE INTENÇÕES S/Nº CIDESAT - COMPLEXO NASCENTES DO PANTANAL  /2022]]></Identifica>
    <Data><![CDATA[]]></Data>
    <Ementa />
    <Titulo />
    <SubTitulo />
    <Texto><![CDATA[<p class="identifica">EXTRATO DE PROTOCOLO DE INTENÇÕES S/Nº CIDESAT - COMPLEXO NASCENTES DO PANTANAL /2022</p><p>Processo: 21000.067220/2022-15. Espécie: Protocolo de Intenções s/nº CIDESAT - COMPLEXO NASCENTES DO PANTANAL/2022. Partes: Ministério da Agricultura, Pecuária e abastecimento - MAPA e o Consórcio Intermunicipal de Desenvolvimento Econômico do Complexo Nascentes do Pantanal - CIDESAT. Objetivo: buscar envidar os esforços necessários para o reconhecimento da equivalência e adesão dos Serviços de Inspeção Municipais vinculados ao Consorcio, considerados aptos a participar da Etapa de Execução do Projeto ConSIM, ao Sistema Brasileiro de Inspeção de Produtos de Origem Animal Sisbi-POA, Integrante do Sistema Unificado de Atenção à Sanidade Agropecuária -Suasa, instituído pela Lei nº 9.712, de 20 de novembro de 1998. Assinatura: 04/08/2022. Vigência: 16 meses. Assinam: Marcos Montes Cordeiro - Ministro da Agricultura, Pecuária e Abastecimento, Antônia Eliene Liberato Dias - Representante do Consórcio CIDESAT.</p>]]></Texto>
  </body>
  <Midias />
</article></xml>