﻿<xml><article id="27715350" name="2022-08-24/7353093/COMPRASNETWS_" idOficio="7353093" pubName="DO3" artType="Extrato de Contrato" pubDate="25/08/2022" artClass="00013:00011:00015:00010:00025:00000:00000:00000:00000:00000:00031:00001" artCategory="Ministério da Defesa/Comando do Exército/Comando Militar do Sul/3ª Região Militar/Hospital de Guarnição de Santiago" artSize="12" artNotes="" numberPage="30" pdfPage="http://pesquisa.in.gov.br/imprensa/jsp/visualiza/index.jsp?data=25/08/2022&amp;jornal=530&amp;pagina=30" editionNumber="162" highlightType="" highlightPriority="" highlight="" highlightimage="" highlightimagename="" idMateria="14833294">
  <body>
    <Identifica><![CDATA[ EXTRATO DE CONTRATO Nº 29/2022 - UASG 160423]]></Identifica>
    <Data><![CDATA[]]></Data>
    <Ementa />
    <Titulo />
    <SubTitulo />
    <Texto><![CDATA[<p class="identifica">EXTRATO DE CONTRATO Nº 29/2022 - UASG 160423</p><p>Nº Processo: 64595.003616/2022-96.</p><p>Inexigibilidade Nº 39/2023. Contratante: HOSPITAL DE GUARNICAO DE SANTIAGO.</p><p>Contratado: 96.136.643/0001-36 - HOSPITAL DE CARIDADE DE SANTIAGO. Objeto: Prestação de serviços de saúde de natureza contínua especializados na área de serviços médicos, hospitalares e exames de imagem, aos beneficiários dos sistemas SAMMED/FUSEx/PASS/FUNSA e FUSMA.</p><p>Fundamento Legal: LEI 8.666 / 1993 - Artigo: 25 - Inciso: II. Vigência: 23/08/2022 a 22/08/2023. Valor Total: R$ 6.000.000,00. Data de Assinatura: 23/08/2022.</p><p>(COMPRASNET 4.0 - 23/08/2022).</p>]]></Texto>
  </body>
  <Midias />
</article></xml>