﻿<xml><article id="27702244" name="SPI-017-ECT-00435296" idOficio="7354657" pubName="DO3" artType="Aviso de Adiamento" pubDate="25/08/2022" artClass="00012:00017:00049:00006:00000:00000:00000:00000:00000:00000:00065:00000" artCategory="Ministério das Comunicações/Empresa Brasileira de Correios e Telégrafos/Diretoria de Governança e Estratégia/Superintendência Estadual N1 SPI" artSize="12" artNotes="" numberPage="13" pdfPage="http://pesquisa.in.gov.br/imprensa/jsp/visualiza/index.jsp?data=25/08/2022&amp;jornal=530&amp;pagina=13" editionNumber="162" highlightType="" highlightPriority="" highlight="" highlightimage="" highlightimagename="" idMateria="14835232">
  <body>
    <Identifica><![CDATA[ AVISO DE ADIAMENTO]]></Identifica>
    <Data><![CDATA[]]></Data>
    <Ementa />
    <Titulo />
    <SubTitulo />
    <Texto><![CDATA[<p class="identifica">AVISO DE ADIAMENTO</p><p class="identifica">PREGÃO ELETRÔNICO Nº 57/22-SPI</p><p>Prestação de serviço de manutenção corretiva por demanda em impressoras a laser que compõem o Ambiente Computacional dos CORREIOS, incluindo fornecimento e reposição de peças. A abertura da licitação designada para 23/08/2022 às 09:00 horas, conforme publicado no DOU, folha 14, Seção 3, do dia 29 de julho de 2022; fica adiada para abertura as 09:00 horas do dia 02/09/2022 e início da disputa às 10:00 horas.</p><p class="assina">VINICIUS ROMULO GOULART</p><p class="cargo">Membro de CPL SE/MG</p>]]></Texto>
  </body>
  <Midias />
</article></xml>