﻿<xml><article id="27696740" name="4-Resultado do PregAo 08 2022__E" idOficio="7353551" pubName="DO3" artType="Resultado de Julgamento de Licitação" pubDate="25/08/2022" artClass="00013:00011:00015:00034:00007:00000:00000:00000:00000:00000:00160:00000" artCategory="Ministério da Defesa/Comando do Exército/Comando Militar do Sul/3ª Divisão de Exército/1ª Brigada de Cavalaria Mecanizada" artSize="12" artNotes="" numberPage="31" pdfPage="http://pesquisa.in.gov.br/imprensa/jsp/visualiza/index.jsp?data=25/08/2022&amp;jornal=530&amp;pagina=31" editionNumber="162" highlightType="" highlightPriority="" highlight="" highlightimage="" highlightimagename="" idMateria="14833791">
  <body>
    <Identifica><![CDATA[RESULTADO DE JULGAMENTO]]></Identifica>
    <Data><![CDATA[ Santiago-RS, 24 de agosto de 2022.]]></Data>
    <Ementa />
    <Titulo />
    <SubTitulo />
    <Texto><![CDATA[<p class="identifica">RESULTADO DE JULGAMENTO</p><p class="identifica">PREGÃO ELETRÔNICO SRP Nº 8/2022</p><p>Empresas Vencedoras: Audiovisão Eletro e Central de Produtos LTDA: itens: 111, 112, 113, 115, Valor Total R$: 6.910,00; Forte Tratores LTDA: item 99, valor total R$: 5.175,00; Isaltec Comércio de Instrumentos de Medição LTDA: item 114, valor total R$: 3.810,00; Vmlx Eletrônicos Eireli: itens: 76, 87, 88, valor total R$: 104.208,00; Dunas Comercial: item 33, valor total R$: 104.271,83; Seginfo Comércio &amp; Serviços Empresariais Eireli: item 44, valor total R$: 7.670,00; J. J. Vitalli: item 21, Valor Total R$: 18.280,00; Comercial Rizzi &amp; Agnischock LTDA: itens: 27, 77, 78, Valor Total R$: 39.084,75; Office do Brasil Importação e Exportação Eireli: itens: 15, 16, 28, Valor Total R$: 28.992,00; Star Networks Comércio: item 108, Valor Total R$: 28.215,00; Fergavi Comercial LTDA: item 53, Valor Total R$: 33.915,00; G Plásticos Comércio Varejista e Atacadista de Plásticos LTDA: item 73, Valor Total R$: 24.748,00; S&amp;Z Móveis LTDA: itens: 01, 02, 03, 04, Valor Total R$: 118.530,54; Krug e Agnes Comércio e Prestação de Serviços LTDA: item 14, Valor Total R$: 19.240,00; Renato Fontana: item 72, Valor Total R$: 134.832,27; DF Eletrônica Comércio Manutenção e Locação de Equipamentos Eletrônicos Eireli: item 47, Valor Total R$: 3.360,00; Comercial Três Acordes Eireli: item 110, Valor Total R$: 1.380,00; Master Eletrodomésticos Eireli: itens: 17, 19, Valor Total R$: 52.436,83; GGV Comercial Eireli: item 96, Valor Total R$: 1.155,00; Diogo Emanuel Kuhn &amp; Cia LTDA: item 100, Valor Total R$: 2.125,50; Milinox Equipamentos para Cozinhas LTDA: itens: 64, 90, Valor Total R$: 16.367,74; Argos LTDA: itens: 38, 48, 51, 55, 69, 71, 101, 102, Valor Total R$: 70.696,25; Fator Equipamentos LTDA: 57, 58, 107, Valor Total R$: 41.960,00; Sofisticatto Office Comércio de Móveis e Equipamentos LTDA: itens: 07, 09, Valor Total R$: 37.186,00; Poupéia Comércio Varejista e Atacadista de Tintas e Ferramentas LTDA: itens: 54, 103, Valor Total R$: 22.831,06; Artfrio Indústria e Comércio de Móveis, Esquadrias, Artefatos Estampados LTDA: itens: 25, 109, Valor Total R$: 27.082,24; A C Muller Comercial LTDA: itens: 22, 66, 70, 83, 85, Valor Total R$: 101.530,80; MKM Comércio de Equipamentos, Mobiliários e Máquinas para Gastronomia Eireli: itens: 30, 60, Valor Total R$: 57.584,16; Manzoni Minozzo Comércio de Móveis Eireli: itens: 06, 08, 43, 81, 82, Valor Total R$: 63.739,00; Prequip - Comercial de Equipamentos Eireli - EPP: item 26, Valor Total R$: 53.456,85; VSS Comércio e Serviço LTDA - ME: item 91, Valor Total R$: 79.031,05; Equipar Comércio e Serviços LTDA: itens: 65, 86, Valor Total R$: Valor Total R$: 82.000,00; CHC Organização Comércio de Serviços LTDA: item 89, Valor Total R$: 67.250,00.</p><p class="data">Santiago-RS, 24 de agosto de 2022.</p><p class="assina">CEL R1 - MARLOS NASCIMENTO BARBOZA</p><p class="cargo">OD/Cmdo 1ª Bda C Mec</p>]]></Texto>
  </body>
  <Midias />
</article></xml>