﻿<xml><article id="27713943" name="2022-08-24/7353307/COMPRASNETWS_" idOficio="7353307" pubName="DO3" artType="Extrato de Contrato" pubDate="25/08/2022" artClass="00012:00003:00004:00003:00000:00000:00000:00000:00000:00000:00031:00001" artCategory="Ministério das Comunicações/Secretaria Executiva/Subsecretaria de Orçamento e Administração/Coordenação-Geral de Recursos Logísticos" artSize="12" artNotes="" numberPage="12" pdfPage="http://pesquisa.in.gov.br/imprensa/jsp/visualiza/index.jsp?data=25/08/2022&amp;jornal=530&amp;pagina=12" editionNumber="162" highlightType="" highlightPriority="" highlight="" highlightimage="" highlightimagename="" idMateria="14833518">
  <body>
    <Identifica><![CDATA[ EXTRATO DE CONTRATO Nº 93/2022 - UASG 410003]]></Identifica>
    <Data><![CDATA[]]></Data>
    <Ementa />
    <Titulo />
    <SubTitulo />
    <Texto><![CDATA[<p class="identifica">EXTRATO DE CONTRATO Nº 93/2022 - UASG 410003</p><p>Nº Processo: 53115.022316/2021-64.</p><p>Pregão Nº 9/2022. Contratante: COORDENACAO-GERAL DE RECURSOS LOGISTICOS.</p><p>Contratado: 20.750.593/0001-10 - AGENCIA BRASPUB &amp; EMPREENDIMENTOS EIRELI.</p><p>Objeto: Contratação de licença de ferramenta de análise de performance de redes sociais, para atender às necessidades do Ministério das Comunicações - MCOM</p><p>Fundamento Legal: LEI 10.520 / 2002 - Artigo: 1.</p><p>Vigência: 24/08/2022 a 24/08/2023.</p><p>Valor Total: R$ 77.390,00.</p><p>Data de Assinatura: 24/08/2022.</p><p>(COMPRASNET 4.0 - 24/08/2022).</p>]]></Texto>
  </body>
  <Midias />
</article></xml>