﻿<xml><article id="27714711" name="Sidec_00194" idOficio="7355149" pubName="DO3" artType="Resultado de Julgamento" pubDate="25/08/2022" artClass="00013:00011:00025:00008:00000:00000:00000:00000:00000:00000:00120:00195" artCategory="Ministério da Defesa/Comando do Exército/Departamento de Ciência e Tecnologia/Centro Tecnológico" artSize="12" artNotes="" numberPage="32" pdfPage="http://pesquisa.in.gov.br/imprensa/jsp/visualiza/index.jsp?data=25/08/2022&amp;jornal=530&amp;pagina=32" editionNumber="162" highlightType="" highlightPriority="" highlight="" highlightimage="" highlightimagename="" idMateria="14836091">
  <body>
    <Identifica><![CDATA[ RESULTADO DE JULGAMENTO]]></Identifica>
    <Data><![CDATA[]]></Data>
    <Ementa />
    <Titulo />
    <SubTitulo />
    <Texto><![CDATA[<p class="identifica">RESULTADO DE JULGAMENTO</p><p class="identifica">TOMADA DE PREÇOS Nº 1/2022</p><p>A Comissão de Licitação torna público o resultado da Licitação supracitada, processo nº 64219002400202209. CONSTRUTORA SAW LTDA, CNPJ 24.287.027/0001-75 para Item 1 valor R$295.365,9900.</p><p class="assina">DANIEL OLIVEIRA DE CARVALHO</p><p class="cargo">Presidente Substituto da Comissão Permanente de Licitação</p><p>(SIDEC - 24/08/2022) 160291-00001-2022NE000001</p>]]></Texto>
  </body>
  <Midias />
</article></xml>