﻿<xml><article id="27694873" name="Contrato - convAnio 910142" idOficio="7317224" pubName="DO3" artType="Extrato de Contrato" pubDate="25/08/2022" artClass="00051:00022:00010:00000:00000:00000:00000:00000:00000:00000:00031:00005" artCategory="Governo do Estado/Governo do Estado de Rondônia/SECRETARIA DE ESTADO DA AGRICULTURA - SEAGRI" artSize="12" artNotes="" numberPage="211" pdfPage="http://pesquisa.in.gov.br/imprensa/jsp/visualiza/index.jsp?data=25/08/2022&amp;jornal=530&amp;pagina=211" editionNumber="162" highlightType="" highlightPriority="" highlight="" highlightimage="" highlightimagename="" idMateria="14783906">
  <body>
    <Identifica><![CDATA[ EXTRATO DE CONTRATO]]></Identifica>
    <Data><![CDATA[]]></Data>
    <Ementa />
    <Titulo />
    <SubTitulo />
    <Texto><![CDATA[<p class="identifica">EXTRATO DE CONTRATO</p><p>Contrato Administrativo n° 0511/SEAGRI/PGE-2022- Processo administrativo 0025.069033/2022-18, Pregão eletrônico nº 384/2021 e a Ata de Registro de Preço nº. 60/2022 SEAGRI , Contratante: Secretaria de Estado da Agricultura, Contratada: BURITI CAMINHÕES LTDA,, CNPJ: 84.652.296/0001-15, Objeto: 06 Caminhões Basculantes. Vigência: 12 meses. Assinatura: 04/08/2022.</p>]]></Texto>
  </body>
  <Midias />
</article></xml>