﻿<xml><article id="27714612" name="2022-08-24/7355218/COMPRASNETWS_" idOficio="7355218" pubName="DO3" artType="Extrato de Contrato" pubDate="25/08/2022" artClass="00013:00011:00013:00008:00005:00000:00000:00000:00000:00000:00031:00001" artCategory="Ministério da Defesa/Comando do Exército/Comando Militar do Planalto/11ª Região Militar/Prefeitura Militar de Brasília" artSize="12" artNotes="" numberPage="28" pdfPage="http://pesquisa.in.gov.br/imprensa/jsp/visualiza/index.jsp?data=25/08/2022&amp;jornal=530&amp;pagina=28" editionNumber="162" highlightType="" highlightPriority="" highlight="" highlightimage="" highlightimagename="" idMateria="14836226">
  <body>
    <Identifica><![CDATA[ EXTRATO DE CONTRATO Nº 81/2022 - UASG 160082]]></Identifica>
    <Data><![CDATA[]]></Data>
    <Ementa />
    <Titulo />
    <SubTitulo />
    <Texto><![CDATA[<p class="identifica">EXTRATO DE CONTRATO Nº 81/2022 - UASG 160082</p><p>Nº Processo: 64482.001426/2022-10.</p><p>Pregão Nº 6/2022. Contratante: PREFEITURA MILITAR DE BRASILIA.</p><p>Contratado: 01.551.920/0001-60 - COPY LINE COMERCIO E SERVICOS LTDA. Objeto: Contratação de Serviço de impressão corporativa, também denominado de outsourcing de impressão, na modalidade franquia de páginas mais excedente, com fornecimento de equipamentos para impressão preto e branco e colorida.</p><p>Fundamento Legal: LEI 10.520 / 2002 - Artigo: 1. Vigência: 18/08/2022 a 18/08/2023. Valor Total: R$ 104.913,60. Data de Assinatura: 18/08/2022.</p><p>(COMPRASNET 4.0 - 24/08/2022).</p>]]></Texto>
  </body>
  <Midias />
</article></xml>