﻿<xml><article id="27716393" name="Sidec_00193" idOficio="7355149" pubName="DO3" artType="Resultado de Julgamento" pubDate="25/08/2022" artClass="00013:00011:00025:00011:00002:00000:00000:00000:00000:00000:00120:00194" artCategory="Ministério da Defesa/Comando do Exército/Departamento de Ciência e Tecnologia/Diretoria de Fabricação/Arsenal de Guerra do Rio de Janeiro" artSize="12" artNotes="" numberPage="32" pdfPage="http://pesquisa.in.gov.br/imprensa/jsp/visualiza/index.jsp?data=25/08/2022&amp;jornal=530&amp;pagina=32" editionNumber="162" highlightType="" highlightPriority="" highlight="" highlightimage="" highlightimagename="" idMateria="14836090">
  <body>
    <Identifica><![CDATA[ RESULTADO DE JULGAMENTO]]></Identifica>
    <Data><![CDATA[]]></Data>
    <Ementa />
    <Titulo />
    <SubTitulo />
    <Texto><![CDATA[<p class="identifica">RESULTADO DE JULGAMENTO</p><p class="identifica">PREGÃO Nº 21/2022</p><p>As empresas vencedoras dos itens 3, 12 e 22 do Pregão nº 21 de 2022 são B G F COMÉRCIO DE CONFECÇÕES E CALÇADOS e LIFE CLEAN COMÉRCIO DE EQUIPAMENTOS.</p><p class="assina">JUACY ADERALDO MENEZES</p><p class="cargo">Ordenador de Despesas</p><p>(SIDEC - 24/08/2022) 160285-00001-2022NE000001</p>]]></Texto>
  </body>
  <Midias />
</article></xml>