﻿<xml><article id="27702319" name="MA-009-ECT-00435499" idOficio="7354657" pubName="DO3" artType="Aviso de Rescisão" pubDate="25/08/2022" artClass="00012:00017:00049:00022:00000:00000:00000:00000:00000:00000:00148:00000" artCategory="Ministério das Comunicações/Empresa Brasileira de Correios e Telégrafos/Diretoria de Governança e Estratégia/Superintendência Estadual N4 MA" artSize="12" artNotes="" numberPage="14" pdfPage="http://pesquisa.in.gov.br/imprensa/jsp/visualiza/index.jsp?data=25/08/2022&amp;jornal=530&amp;pagina=14" editionNumber="162" highlightType="" highlightPriority="" highlight="" highlightimage="" highlightimagename="" idMateria="14835222">
  <body>
    <Identifica><![CDATA[ AVISO DE RESCISÃO]]></Identifica>
    <Data><![CDATA[]]></Data>
    <Ementa />
    <Titulo />
    <SubTitulo />
    <Texto><![CDATA[<p class="identifica">AVISO DE RESCISÃO</p><p>RESCISÃO UNILATERAL DO CONTRATO DE FRANQUIA POSTAL; Informamos que no dia 30/06/2022 foi realizado o encerramento do Contrato de Franquia Postal nº 9912260290/2010, que regulava a prestação das atividades de Agência de Correios Franqueada - AGF COHAMA, firmado entre e a empresa BUENO SILVEIRA SERVIÇO DE FRANQUIA LTDA, CNPJ nº 86.851.094/0001-28, e a Empresa Brasileira de Correios e Telégrafos</p><p class="assina">ALYSSON GEORGE PINHEIRO</p><p class="cargo">Chefe de Seção SE/MA</p>]]></Texto>
  </body>
  <Midias />
</article></xml>