﻿<xml><article id="27715383" name="2022-08-24/7355173/COMPRASNETWS_" idOficio="7355173" pubName="DO3" artType="Extrato de Contrato" pubDate="25/08/2022" artClass="00013:00011:00015:00086:00002:00000:00000:00000:00000:00000:00031:00001" artCategory="Ministério da Defesa/Comando do Exército/Comando Militar do Sul/6ª Divisão de Exército/12º Regimento de Cavalaria Mecanizado" artSize="12" artNotes="" numberPage="31" pdfPage="http://pesquisa.in.gov.br/imprensa/jsp/visualiza/index.jsp?data=25/08/2022&amp;jornal=530&amp;pagina=31" editionNumber="162" highlightType="" highlightPriority="" highlight="" highlightimage="" highlightimagename="" idMateria="14835847">
  <body>
    <Identifica><![CDATA[ EXTRATO DE CONTRATO Nº 4/2022 - UASG 160383]]></Identifica>
    <Data><![CDATA[]]></Data>
    <Ementa />
    <Titulo />
    <SubTitulo />
    <Texto><![CDATA[<p class="identifica">EXTRATO DE CONTRATO Nº 4/2022 - UASG 160383</p><p>Nº Processo: 64681.003865/2022-11.</p><p>Dispensa Nº 40/2022. Contratante: 12 REGIMENTO DE CAVALARIA MECANIZADO.</p><p>Contratado: 10.426.171/0001-30 - SEICCOM PROVEDOR DE INTERNET LTDA.. Objeto: Fornecimento de instalação e fornecimento de link de internet de 500mb nas instalações do hotel de trânsito do 12º RC Mec.</p><p>Fundamento Legal: LEI 8.666 / 1993 - Artigo: 24 - Inciso: II. Vigência: 25/08/2022 a 24/08/2023. Valor Total: R$ 3.000,00. Data de Assinatura: 08/08/2022.</p><p>(COMPRASNET 4.0 - 24/08/2022).</p>]]></Texto>
  </body>
  <Midias />
</article></xml>