﻿<xml><article id="27700017" name="Edital - Programa Mais Leite Sau" idOficio="7354267" pubName="DO3" artType="Edital" pubDate="25/08/2022" artClass="00007:00003:00031:00000:00000:00000:00000:00000:00000:00000:00057:00000" artCategory="Ministério da Agricultura, Pecuária e Abastecimento/Secretaria Executiva/Superintendência Federal de Agricultura, Pecuária e Abastecimento de Goiás" artSize="12" artNotes="" numberPage="2" pdfPage="http://pesquisa.in.gov.br/imprensa/jsp/visualiza/index.jsp?data=25/08/2022&amp;jornal=530&amp;pagina=2" editionNumber="162" highlightType="" highlightPriority="" highlight="" highlightimage="" highlightimagename="" idMateria="14834610">
  <body>
    <Identifica><![CDATA[ EDITAL ]]></Identifica>
    <Data><![CDATA[]]></Data>
    <Ementa />
    <Titulo />
    <SubTitulo />
    <Texto><![CDATA[<p class="identifica">EDITAL</p><p class="identifica">APROVAÇÃO DE PROJETO</p><p class="identifica">PROGRAMA MAIS LEITE SAUDÁVEL</p><p>O Superintendente do Ministério da Agricultura, pecuária e Abastecimento no estado de GO no uso das suas atribuições, com base nas análises técnicas constantes nos autos do Processo nº 000014.2019662/2022, protocolado em 28/04/2022 e, em conformidade com o Decreto nº 8.533, de 30/09/2015, aprova o Projeto de investimento de LATICINIOS VIDALAC EIRELI , CNPJ nº 24.474.250/0001-21, para aquisição de créditos presumidos da Contribuição PIS/Pasep e da Cofins da aplicação no Programa Mais Leite Saudável, com período de execução de 28/04/2022 a 27/04/2025.</p><p class="assina">José Eduardo de França</p>]]></Texto>
  </body>
  <Midias />
</article></xml>