﻿<xml><article id="27712430" name="Sidec_00026__V7XGNV" idOficio="7355149" pubName="DO3" artType="Extrato de Dispensa de Licitação" pubDate="25/08/2022" artClass="00007:00060:00076:00000:00000:00000:00000:00000:00000:00000:00038:00027" artCategory="Ministério da Agricultura, Pecuária e Abastecimento/Empresa Brasileira de Pesquisa Agropecuária/Embrapa Rondônia" artSize="12" artNotes="" numberPage="8" pdfPage="http://pesquisa.in.gov.br/imprensa/jsp/visualiza/index.jsp?data=25/08/2022&amp;jornal=530&amp;pagina=8" editionNumber="162" highlightType="" highlightPriority="" highlight="" highlightimage="" highlightimagename="" idMateria="14835917">
  <body>
    <Identifica><![CDATA[ EXTRATO DE DISPENSA DE LICITAÇÃO Nº 40/2022  - UASG 135001]]></Identifica>
    <Data><![CDATA[]]></Data>
    <Ementa />
    <Titulo />
    <SubTitulo />
    <Texto><![CDATA[<p class="identifica">EXTRATO DE DISPENSA DE LICITAÇÃO Nº 40/2022 - UASG 135001</p><p>Nº Processo: 21196.000534/2022 . Objeto: Prestação de serviço para execução do projeto Rede Estadual de avaliação de clones de café no estado de Rondônia (Convênio SEDI). Total de Itens Licitados: 00001. Fundamento Legal: Art. 29º, Inciso II da Lei nº 13.303 de 30/06/2016.. Justificativa: O valor global está dentro do limite Declaração de Dispensa em 23/08/2022. LEONARDO VENTURA DE ARAUJO. Chefe Adjunto de Administração. Ratificação em 23/08/2022. PEDRO GOMES DA CRUZ. Chefe Geral em Exercício. Valor Global: R$ 46.500,00. CNPJ CONTRATADA : 10.329.158/0001-63 INSTITUTO BRASILEIRO DE ANALISES QUIMICAS, FISICAS E BIOLOGICAS LTDA..</p><p>(SIDEC - 24/08/2022) 135001-13203-2022NE000001</p>]]></Texto>
  </body>
  <Midias />
</article></xml>