﻿<xml><article id="27715104" name="2022-08-24/7353993/siasgnet_1483" idOficio="7353993" pubName="DO3" artType="Aviso de Licitação-Pregão" pubDate="25/08/2022" artClass="00013:00011:00015:00010:00011:00000:00000:00000:00000:00000:00164:00001" artCategory="Ministério da Defesa/Comando do Exército/Comando Militar do Sul/3ª Região Militar/Hospital Militar de Área de Porto Alegre" artSize="12" artNotes="" numberPage="30" pdfPage="http://pesquisa.in.gov.br/imprensa/jsp/visualiza/index.jsp?data=25/08/2022&amp;jornal=530&amp;pagina=30" editionNumber="162" highlightType="" highlightPriority="" highlight="" highlightimage="" highlightimagename="" idMateria="14834350">
  <body>
    <Identifica><![CDATA[ AVISO DE LICITAÇÃO]]></Identifica>
    <Data><![CDATA[]]></Data>
    <Ementa />
    <Titulo />
    <SubTitulo />
    <Texto><![CDATA[<p class="identifica">AVISO DE LICITAÇÃO</p><p class="identifica">Pregão Eletrônico Nº 20/2022 - UASG 160399</p><p>Nº Processo: 64582011482202226. Objeto: Registro de Preços para eventual aquisição de material médico-hospitalar para o setor de Endoscopia do hospital militar de área de Porto Alegre - HMAPA.. Total de Itens Licitados: 64. Edital: 25/08/2022 das 08h00 às 12h00 e das 13h00 às 15h00. Endereço: Av. Maryland, 450 - Auxiliadora, São João - Porto Alegre/RS ou https://www.gov.br/compras/edital/160399-5-00020-2022. Entrega das Propostas: a partir de 25/08/2022 às 08h00 no site www.gov.br/compras. Abertura das Propostas: 08/09/2022 às 09h00 no site www.gov.br/compras. Informações Gerais: .</p><p class="assina">CARLA LOBO LOUREIRO</p><p class="cargo">Ordenadora de Despesas</p><p>(SIASGnet - 24/08/2022) 160399-00001-2022NE000001</p>]]></Texto>
  </body>
  <Midias />
</article></xml>