﻿<xml><article id="27716769" name="2022-08-23/7352726/COMPRASNETWS_" idOficio="7352726" pubName="DO3" artType="Extrato de Termo Aditivo" pubDate="25/08/2022" artClass="00013:00011:00008:00009:00002:00000:00000:00000:00000:00000:00054:00001" artCategory="Ministério da Defesa/Comando do Exército/Comando Militar da Amazônia/17ª Brigada de Infantaria de Selva/Comando de Fronteira do Acre / 4º Batalhão de Infantaria de Selva" artSize="12" artNotes="" numberPage="19" pdfPage="http://pesquisa.in.gov.br/imprensa/jsp/visualiza/index.jsp?data=25/08/2022&amp;jornal=530&amp;pagina=19" editionNumber="162" highlightType="" highlightPriority="" highlight="" highlightimage="" highlightimagename="" idMateria="14832669">
  <body>
    <Identifica><![CDATA[ EXTRATO DE TERMO ADITIVO Nº 25/2022 - UASG 160002]]></Identifica>
    <Data><![CDATA[]]></Data>
    <Ementa />
    <Titulo />
    <SubTitulo />
    <Texto><![CDATA[<p class="identifica">EXTRATO DE TERMO ADITIVO Nº 25/2022 - UASG 160002</p><p>Número do Contrato: 21/2020.</p><p>Nº Processo: 80536.001000/2020-70.</p><p>Inexigibilidade. Nº 3/2020. Contratante: COMANDO DE FRONTEIRA ACRE/4 BIS. Contratado: 18.826.186/0001-06 - MAGALHAES &amp; ROCHA SOCIEDADE SIMPLES. Objeto: Contratação de serviço de assistência médico-hospitalar na área de ortopedia e traumatologia.. Vigência: 03/08/2022 a 03/08/2023. Valor Total Atualizado do Contrato: R$ 55.000,00. Data de Assinatura: 27/07/2022.</p><p>(COMPRASNET 4.0 - 27/07/2022).</p>]]></Texto>
  </body>
  <Midias />
</article></xml>