﻿<xml><article id="27715495" name="2022-08-24/7353324/COMPRASNETWS_" idOficio="7353324" pubName="DO3" artType="Extrato de Contrato" pubDate="25/08/2022" artClass="00013:00012:00025:00017:00000:00000:00000:00000:00000:00000:00031:00001" artCategory="Ministério da Defesa/Comando da Marinha/Diretoria-Geral do Material/Centro Logístico do Material da Marinha" artSize="12" artNotes="" numberPage="36" pdfPage="http://pesquisa.in.gov.br/imprensa/jsp/visualiza/index.jsp?data=25/08/2022&amp;jornal=530&amp;pagina=36" editionNumber="162" highlightType="" highlightPriority="" highlight="" highlightimage="" highlightimagename="" idMateria="14833537">
  <body>
    <Identifica><![CDATA[ EXTRATO DE CONTRATO Nº 5/2022 - UASG 740014]]></Identifica>
    <Data><![CDATA[]]></Data>
    <Ementa />
    <Titulo />
    <SubTitulo />
    <Texto><![CDATA[<p class="identifica">EXTRATO DE CONTRATO Nº 5/2022 - UASG 740014</p><p>Nº Processo: 63268.005471/2022-15.</p><p>Dispensa Nº 148/2022. Contratante: CENTRO LOGISTICO DO MATERIAL DA MARINHA.</p><p>Contratado: 33.138.351/0001-12 - MANUTESP - MANUTENCAO ESPECIALIZADA EIRELI. Objeto: Contratação de serviços de manutenção preventiva e de prontidão para possíveis manutenções emergenciais de grupo diesel gerador de emergência do edifício barão de ladário (edbl).</p><p>Fundamento Legal: LEI 14.133/2021 - Artigo: 75 - Inciso: II. Vigência: 23/08/2022 a 23/08/2023. Valor Total: R$ 5.460,00. Data de Assinatura: 23/08/2022.</p><p>(COMPRASNET 4.0 - 23/08/2022).</p>]]></Texto>
  </body>
  <Midias />
</article></xml>