﻿<xml><article id="27716702" name="2022-08-24/7353533/COMPRASNETWS_" idOficio="7353533" pubName="DO3" artType="Extrato de Termo Aditivo" pubDate="25/08/2022" artClass="00013:00011:00009:00008:00008:00000:00000:00000:00000:00000:00054:00001" artCategory="Ministério da Defesa/Comando do Exército/Comando Militar do Leste/1ª Região Militar/Hospital Central do Exército" artSize="12" artNotes="" numberPage="20" pdfPage="http://pesquisa.in.gov.br/imprensa/jsp/visualiza/index.jsp?data=25/08/2022&amp;jornal=530&amp;pagina=20" editionNumber="162" highlightType="" highlightPriority="" highlight="" highlightimage="" highlightimagename="" idMateria="14833840">
  <body>
    <Identifica><![CDATA[ EXTRATO DE TERMO ADITIVO Nº 4/2022 - UASG 160322]]></Identifica>
    <Data><![CDATA[]]></Data>
    <Ementa />
    <Titulo />
    <SubTitulo />
    <Texto><![CDATA[<p class="identifica">EXTRATO DE TERMO ADITIVO Nº 4/2022 - UASG 160322</p><p>Número do Contrato: 19/2018.</p><p>Nº Processo: 16/2018.</p><p>Inexigibilidade. Nº 16/2018. Contratante: HOSPITAL CENTRAL DO EXERCITO. Contratado: 58.295.213/0001-78 - PHILIPS MEDICAL SYSTEMS LTDA. Objeto: Prorrogação do prazo de vigência do contrato que tem por objeto a contratação dos serviços de manutenção preventiva e corretiva do equipamento de tomografia computadorizada.. Vigência: 01/11/2022 a 31/10/2023. Valor Total Atualizado do Contrato: R$ 388.668,60. Data de Assinatura: 08/08/2022.</p><p>(COMPRASNET 4.0 - 08/08/2022).</p>]]></Texto>
  </body>
  <Midias />
</article></xml>