﻿<xml><article id="27713394" name="Sidec_00166__FV4RL2" idOficio="7355149" pubName="DO3" artType="Extrato de Inexigibilidade de Licitação" pubDate="25/08/2022" artClass="00013:00010:00029:00002:00010:00000:00000:00000:00000:00000:00041:00167" artCategory="Ministério da Defesa/Comando da Aeronáutica/Secretaria de Economia e Finanças e Administração da Aeronáutica/Diretoria de Administração da Aeronáutica/Grupamento de Apoio de Belém" artSize="12" artNotes="" numberPage="17" pdfPage="http://pesquisa.in.gov.br/imprensa/jsp/visualiza/index.jsp?data=25/08/2022&amp;jornal=530&amp;pagina=17" editionNumber="162" highlightType="" highlightPriority="" highlight="" highlightimage="" highlightimagename="" idMateria="14836062">
  <body>
    <Identifica><![CDATA[ EXTRATO DE INEXIGIBILIDADE DE LICITAÇÃO Nº 60374/2022  - UASG 120628]]></Identifica>
    <Data><![CDATA[]]></Data>
    <Ementa />
    <Titulo />
    <SubTitulo />
    <Texto><![CDATA[<p class="identifica">EXTRATO DE INEXIGIBILIDADE DE LICITAÇÃO Nº 60374/2022 - UASG 120628</p><p>Nº Processo: 67215008742201876 . Objeto: Assistência nas especialidades radiologia, angiologista, nutróloga, urologia, mastologista, neurologista, clínica médica, cardiologia, gastroenterologista, cirurgia geral, ginecologia, proctologia, ortopedia e traumatologia, e exames Cardiológicos (eletrocardiograma, teste ergométrico e ecodopplercardiograma), radiológicos, utrassonográfico normal e com doppler, angiotomografia, mamografia, ressonância magnética, tomografia computadorizada, PAAF e densitometria óssea. Total de Itens Licitados: 00001. Fundamento Legal: Art. 25º, Caput da Lei nº 8.666 de 21º/06/1993.. Justificativa: Saúde Declaração de Inexigibilidade em 15/08/2022. JORGE ANTONIO CARVALHO FEIJO. Agente Diretor.. Ratificação em 24/08/2022. CLOER VESCIA ALVES. Diretor da Dirsa. Valor Global: R$ 30.000,00. CNPJ CONTRATADA : 13.054.685/0001-09 FALCAO, MONTEIRO E SALAME SERVICOS MEDICOS LTDA.</p><p>(SIDEC - 24/08/2022) 120628-00001-2022NE008001</p>]]></Texto>
  </body>
  <Midias />
</article></xml>