﻿<xml><article id="27716330" name="2022-08-22/7349267/COMPRASNETWS_" idOficio="7349267" pubName="DO3" artType="Extrato de Contrato" pubDate="25/08/2022" artClass="00013:00011:00025:00005:00001:00000:00000:00000:00000:00000:00031:00001" artCategory="Ministério da Defesa/Comando do Exército/Departamento de Ciência e Tecnologia/Comando de Comunicações e Guerra Eletrônica/Base Administrativa do Comando de Comunicações e Guerra Eletrônica do Exército" artSize="12" artNotes="" numberPage="31" pdfPage="http://pesquisa.in.gov.br/imprensa/jsp/visualiza/index.jsp?data=25/08/2022&amp;jornal=530&amp;pagina=31" editionNumber="162" highlightType="" highlightPriority="" highlight="" highlightimage="" highlightimagename="" idMateria="14827864">
  <body>
    <Identifica><![CDATA[ EXTRATO DE CONTRATO Nº 14/2022 - UASG 160528]]></Identifica>
    <Data><![CDATA[]]></Data>
    <Ementa />
    <Titulo />
    <SubTitulo />
    <Texto><![CDATA[<p class="identifica">EXTRATO DE CONTRATO Nº 14/2022 - UASG 160528</p><p>Nº Processo: 65298.000443/2022-71.</p><p>Pregão Nº 29/2022. Contratante: BASE ADMINISTRATIVA DO C COM G EX.</p><p>Contratado: 14.062.549/0001-15 - H3D SOLUÇÕES DE TELEINFORMÁTICA LTDA. Objeto: Contratação de Serviços de Apoio Técnico à Gestão e à Fiscalização da Implantação Integrada do Centro de Operações de Defesa Cibernética (COPDCIBER).</p><p>Fundamento Legal: LEI 10.520 / 2002 - Artigo: 1. Vigência: 23/08/2022 a 22/08/2023. Valor Total: R$ 613.000,00. Data de Assinatura: 22/08/2022.</p><p>(COMPRASNET 4.0 - 22/08/2022).</p>]]></Texto>
  </body>
  <Midias />
</article></xml>