﻿<xml><article id="27713808" name="2022-08-24/7355063/siasgnet_1483" idOficio="7355063" pubName="DO3" artType="Aviso de Licitação-Tomada de Preços" pubDate="25/08/2022" artClass="00013:00011:00014:00003:00004:00000:00000:00000:00000:00000:00166:00001" artCategory="Ministério da Defesa/Comando do Exército/Comando Militar do Sudeste/Comando de Defesa Antiaérea do Exército/11º Grupo de Artilharia Antiaérea" artSize="12" artNotes="" numberPage="29" pdfPage="http://pesquisa.in.gov.br/imprensa/jsp/visualiza/index.jsp?data=25/08/2022&amp;jornal=530&amp;pagina=29" editionNumber="162" highlightType="" highlightPriority="" highlight="" highlightimage="" highlightimagename="" idMateria="14835759">
  <body>
    <Identifica><![CDATA[ AVISO DE LICITAÇÃO]]></Identifica>
    <Data><![CDATA[]]></Data>
    <Ementa />
    <Titulo />
    <SubTitulo />
    <Texto><![CDATA[<p class="identifica">AVISO DE LICITAÇÃO</p><p class="identifica">Tomada de Preços Nº 2/2022 - UASG 160053</p><p>Nº Processo: 64541006613202230. Objeto: Contratação de empresa especializada para instalação de Sistema de Proteção contra Descargas Atmosféricas (SPDA) no Pavilhão de Simulação do 11º Grupo de Artilharia Antiaérea (11º GAAAe), em Brasília-DF.. Total de Itens Licitados: 1. Edital: 25/08/2022 das 08h00 às 11h00 e das 13h00 às 16h00. Endereço: Epac Saan S/nº, - BRASÍLIA/DF ou https://www.gov.br/compras/edital/160053-2-00002-2022. Entrega das Propostas: 12/09/2022 às 09h00. Endereço: Epac Saan S/nº, - BRASÍLIA/DF.</p><p class="assina">RICARDO BOZZI FEIJO</p><p class="cargo">Ordenador de Despesas</p><p>(SIASGnet - 24/08/2022) 160053-00001-2022NE002278</p>]]></Texto>
  </body>
  <Midias />
</article></xml>