﻿<xml><article id="27713716" name="2022-08-24/7353612/COMPRASNETWS_" idOficio="7353612" pubName="DO3" artType="Extrato de Termo Aditivo" pubDate="25/08/2022" artClass="00007:00003:00024:00000:00000:00000:00000:00000:00000:00000:00054:00001" artCategory="Ministério da Agricultura, Pecuária e Abastecimento/Secretaria Executiva/Superintendência Federal de Agricultura, Pecuária e Abastecimento de Alagoas" artSize="12" artNotes="" numberPage="2" pdfPage="http://pesquisa.in.gov.br/imprensa/jsp/visualiza/index.jsp?data=25/08/2022&amp;jornal=530&amp;pagina=2" editionNumber="162" highlightType="" highlightPriority="" highlight="" highlightimage="" highlightimagename="" idMateria="14833869">
  <body>
    <Identifica><![CDATA[ EXTRATO DE TERMO ADITIVO Nº 4/2022 - UASG 130027 - SFA/AL/MAPA]]></Identifica>
    <Data><![CDATA[]]></Data>
    <Ementa />
    <Titulo />
    <SubTitulo />
    <Texto><![CDATA[<p class="identifica">EXTRATO DE TERMO ADITIVO Nº 4/2022 - UASG 130027 - SFA/AL/MAPA</p><p>Número do Contrato: 2/2018.</p><p>Nº Processo: 21006.000177/2018-63.</p><p>Pregão. Nº 4/2018. Contratante: SUPERINT.FED.DE AGRIC.,PEC.E ABASTECIMENTO/AL. Contratado: 37.979.739/0001-05 - MONEY TURISMO EIRELI. Objeto: Prorrogação do prazo de vigência por mais 12 meses. Vigência: 30/08/2022 a 30/08/2023. Valor Total Atualizado do Contrato: R$ 43.500,70. Data de Assinatura: 12/08/2022.</p><p>(COMPRASNET 4.0 - 12/08/2022).</p>]]></Texto>
  </body>
  <Midias />
</article></xml>