﻿<xml><article id="27712063" name="2022-08-24/7353305/COMPRASNETWS_" idOficio="7353305" pubName="DO3" artType="Extrato de Termo Aditivo" pubDate="25/08/2022" artClass="00013:00041:00004:00000:00000:00000:00000:00000:00000:00000:00054:00001" artCategory="Ministério da Defesa/Secretaria de Orçamento e Organização Institucional/Departamento de Administração Interna" artSize="12" artNotes="" numberPage="38" pdfPage="http://pesquisa.in.gov.br/imprensa/jsp/visualiza/index.jsp?data=25/08/2022&amp;jornal=530&amp;pagina=38" editionNumber="162" highlightType="" highlightPriority="" highlight="" highlightimage="" highlightimagename="" idMateria="14833516">
  <body>
    <Identifica><![CDATA[ EXTRATO DE TERMO ADITIVO Nº 34/2022 - UASG 110404]]></Identifica>
    <Data><![CDATA[]]></Data>
    <Ementa />
    <Titulo />
    <SubTitulo />
    <Texto><![CDATA[<p class="identifica">EXTRATO DE TERMO ADITIVO Nº 34/2022 - UASG 110404</p><p>Número do Contrato: 32/2019.</p><p>Nº Processo: 60585.001045/2019-18.</p><p>Pregão. Nº 15/2019. Contratante: DEPARTAMENTO DE ADMINISTRACAO INTERNA-MD. Contratado: 18.782.546/0001-07 - PROFOXNETWORKS SOLUCOES EIRELI. Objeto: Prorrogar o prazo da vigência contratual por mais 12 (doze) meses.. Vigência: 11/09/2022 a 10/09/2023. Valor Total Atualizado do Contrato: R$ 338.401,53. Data de Assinatura: 22/08/2022.</p><p>(COMPRASNET 4.0 - 22/08/2022).</p>]]></Texto>
  </body>
  <Midias />
</article></xml>