﻿<xml><article id="27715918" name="2022-08-24/7355492/COMPRASNETWS_" idOficio="7355492" pubName="DO3" artType="Extrato de Contrato" pubDate="25/08/2022" artClass="00013:00011:00036:00015:00000:00000:00000:00000:00000:00000:00031:00001" artCategory="Ministério da Defesa/Comando do Exército/Indústria de Material Bélico do Brasil/Fábrica Presidente Vargas" artSize="12" artNotes="" numberPage="33" pdfPage="http://pesquisa.in.gov.br/imprensa/jsp/visualiza/index.jsp?data=25/08/2022&amp;jornal=530&amp;pagina=33" editionNumber="162" highlightType="" highlightPriority="" highlight="" highlightimage="" highlightimagename="" idMateria="14836521">
  <body>
    <Identifica><![CDATA[ EXTRATO DE CONTRATO Nº 29/2022 - UASG 168004]]></Identifica>
    <Data><![CDATA[]]></Data>
    <Ementa />
    <Titulo />
    <SubTitulo />
    <Texto><![CDATA[<p class="identifica">EXTRATO DE CONTRATO Nº 29/2022 - UASG 168004</p><p>Nº Processo: 2022/000175-FPV.</p><p>Pregão Nº 45/2022. Contratante: INDUSTRIA DE MATERIAL BELICO DO BRASIL/FPV.</p><p>Contratado: 05.062.405/0001-78 - TERA LTDA. Objeto: Elaboração de projeto básico para adequação das instalações de armazenamento de líquidos e gases inflamáveis..</p><p>Fundamento Legal: LEI 10.520 / 2002 - Artigo: 1. Vigência: 12/08/2022 a 11/08/2023. Valor Total: R$ 148.000,00. Data de Assinatura: 12/08/2022.</p><p>(COMPRASNET 4.0 - 24/08/2022).</p>]]></Texto>
  </body>
  <Midias />
</article></xml>