﻿<xml><article id="27713719" name="2022-08-23/7352052/siasgnet_1483" idOficio="7352052" pubName="DO3" artType="Aviso de Licitação-Pregão" pubDate="25/08/2022" artClass="00007:00003:00031:00000:00000:00000:00000:00000:00000:00000:00164:00001" artCategory="Ministério da Agricultura, Pecuária e Abastecimento/Secretaria Executiva/Superintendência Federal de Agricultura, Pecuária e Abastecimento de Goiás" artSize="12" artNotes="" numberPage="2" pdfPage="http://pesquisa.in.gov.br/imprensa/jsp/visualiza/index.jsp?data=25/08/2022&amp;jornal=530&amp;pagina=2" editionNumber="162" highlightType="" highlightPriority="" highlight="" highlightimage="" highlightimagename="" idMateria="14831572">
  <body>
    <Identifica><![CDATA[ AVISO DE LICITAÇÃO]]></Identifica>
    <Data><![CDATA[]]></Data>
    <Ementa />
    <Titulo />
    <SubTitulo />
    <Texto><![CDATA[<p class="identifica">AVISO DE LICITAÇÃO</p><p class="identifica">Pregão Eletrônico Nº 3/2022 - UASG 130080</p><p>Nº Processo: 21020.000863/2022. Objeto: Contratação de empresa especializada para prestação de serviços, por demanda, de forma contínua, de transportes rodoviário de carga, local, intermunicipal e interestadual, na modalidade porta a porta, compreendendo o transporte de bagagem (móveis, utensílios, vestuário, objetos e demais pertences) de servidores e de bens em geral (patrimônio permanente e de consumo) no interesse da Superintendência Federal de Agricultura, Pecuária e Abastecimento em Goiás - SFA/GO.. Total de Itens Licitados: 1. Edital: 25/08/2022 das 08h00 às 11h59 e das 13h59 às 16h59. Endereço: Praca Civica, Nr. 100 - Centro, Centro - Goiânia/GO ou https://www.gov.br/compras/edital/130080-5-00003-2022. Entrega das Propostas: a partir de 25/08/2022 às 08h00 no site www.gov.br/compras. Abertura das Propostas: 06/09/2022 às 09h00 no site www.gov.br/compras. Informações Gerais: A presente contratação será composta por 09 (nove) itens, agrupados em 1 (um) único grupo e adotará o regime de Empreitada por Preço Global Anual, ou seja, 12 (doze) meses. O prazo de vigência do contrato é de 12 (meses), podendo ser prorrogado por interesse das partes até o limite de 60 (sessenta) meses, com base no artigo 57, II, da Lei 8.666, de 1993..</p><p class="assina">MICHEL PICAZO RIGUEIRAL</p><p class="cargo">Pregoeiro</p><p>(SIASGnet - 23/08/2022) 130080-00001-2022NE999999</p>]]></Texto>
  </body>
  <Midias />
</article></xml>