﻿<xml><article id="27714561" name="2022-08-17/7339656/siasgnet_1481" idOficio="7339656" pubName="DO3" artType="Aviso de Licitação-Pregão" pubDate="25/08/2022" artClass="00026:00040:00043:00000:00000:00000:00000:00000:00000:00000:00164:00001" artCategory="Ministério da Saúde/Fundação Oswaldo Cruz/Instituto de Tecnologia em Fármacos" artSize="12" artNotes="" numberPage="140" pdfPage="http://pesquisa.in.gov.br/imprensa/jsp/visualiza/index.jsp?data=25/08/2022&amp;jornal=530&amp;pagina=140" editionNumber="162" highlightType="" highlightPriority="" highlight="" highlightimage="" highlightimagename="" idMateria="14814564">
  <body>
    <Identifica><![CDATA[ AVISO DE LICITAÇÃO]]></Identifica>
    <Data><![CDATA[]]></Data>
    <Ementa />
    <Titulo />
    <SubTitulo />
    <Texto><![CDATA[<p class="identifica">AVISO DE LICITAÇÃO</p><p class="identifica">Pregão Eletrônico Nº 103/2022 - UASG 254446</p><p>Nº Processo: 25387000900202123. Objeto: Contratação de empresa especializada para a prestação de serviço de no manejo integrado resíduos Classe II, grupo D (comum), englobando gerenciamento, coleta, acondicionamento, transporte, armazenamento, tratamento e destinação final dos resíduos gerados no Instituto de Tecnologia em Fármacos/ FIOCRUZ, conforme condições, quantidades e exigências estabelecidas no Edital. Total de Itens Licitados: 1. Edital: 25/08/2022 das 08h00 às 17h00. Endereço: Av. Comandante Guaranys, 447 - Jacarepaguá, Curicica - Rio de Janeiro/RJ ou https://www.gov.br/compras/edital/254446-5-00103-2022. Entrega das Propostas: a partir de 25/08/2022 às 08h00 no site www.gov.br/compras. Abertura das Propostas: 08/09/2022 às 10h00 no site www.gov.br/compras.</p><p class="assina">RICARDO BARBOSA GARCIA</p><p class="cargo">Pregoeiro</p><p>(SIASGnet - 17/08/2022) 254446-25201-2022NE000264</p>]]></Texto>
  </body>
  <Midias />
</article></xml>