﻿<xml><article id="27715762" name="Sidec_00208" idOficio="7355149" pubName="DO3" artType="Extrato de Dispensa de Licitação" pubDate="25/08/2022" artClass="00013:00011:00036:00015:00000:00000:00000:00000:00000:00000:00038:00209" artCategory="Ministério da Defesa/Comando do Exército/Indústria de Material Bélico do Brasil/Fábrica Presidente Vargas" artSize="12" artNotes="" numberPage="33" pdfPage="http://pesquisa.in.gov.br/imprensa/jsp/visualiza/index.jsp?data=25/08/2022&amp;jornal=530&amp;pagina=33" editionNumber="162" highlightType="" highlightPriority="" highlight="" highlightimage="" highlightimagename="" idMateria="14836105">
  <body>
    <Identifica><![CDATA[ EXTRATO DE DISPENSA DE LICITAÇÃO Nº 85/2022  - UASG 168004]]></Identifica>
    <Data><![CDATA[]]></Data>
    <Ementa />
    <Titulo />
    <SubTitulo />
    <Texto><![CDATA[<p class="identifica">EXTRATO DE DISPENSA DE LICITAÇÃO Nº 85/2022 - UASG 168004</p><p>Nº Processo: 2022/000250-FPV . Objeto: Aquisição de Conjuntos de embalagem para Nitrocelulose PRB1 homologado, conforme Especificação Técnica de Material de Embalagem nº 01.E.L-091 Rev 01 e Desenho nº 0000.00.00.080.1 - Rev 1. Total de Itens Licitados: 00001. Fundamento Legal: Art. 29º, Inciso XIII da Lei nº 13.303 de 30/06/2016.. Justificativa: Para fornecimento de bens e serviços produzidos ou prestados no País, que envolvam cumulativamente alta complexidade. Declaração de Dispensa em 24/08/2022. ESTER DE JESUS MARIANO FELIX. Ordenadora de Despesas. Ratificação em 24/08/2022. LUCIO FERREIRA DE MEDEIROS. Chefe da Fábrica Presidente Vargas em Exercício. Valor Global: R$ 64.000,00. CNPJ CONTRATADA : 05.662.823/0001-04 KARTONS EMBALAGENS DE PAPELAO LTDA.</p><p>(SIDEC - 24/08/2022) 168004-16501-2022NE000001</p>]]></Texto>
  </body>
  <Midias />
</article></xml>