﻿<xml><article id="27703528" name="ExtACT631PE" idOficio="7354889" pubName="DO3" artType="Extrato de Acordo de Cooperação Técnica" pubDate="25/08/2022" artClass="00007:00058:00050:00000:00000:00000:00000:00000:00000:00000:00036:00000" artCategory="Ministério da Agricultura, Pecuária e Abastecimento/Instituto Nacional de Colonização e Reforma Agrária/Superintendência Regional em Pernambuco" artSize="12" artNotes="" numberPage="6" pdfPage="http://pesquisa.in.gov.br/imprensa/jsp/visualiza/index.jsp?data=25/08/2022&amp;jornal=530&amp;pagina=6" editionNumber="162" highlightType="" highlightPriority="" highlight="" highlightimage="" highlightimagename="" idMateria="14835531">
  <body>
    <Identifica><![CDATA[ EXTRATO DE ACORDO DE COOPERAÇÃO TÉCNICA Nº 631]]></Identifica>
    <Data><![CDATA[]]></Data>
    <Ementa />
    <Titulo />
    <SubTitulo />
    <Texto><![CDATA[<p class="identifica">EXTRATO DE ACORDO DE COOPERAÇÃO TÉCNICA Nº 631</p><p>Acordo de Cooperação Técnica que entre si celebram, o INSTITUTO NACIONAL DE COLONIZAÇÃO E REFORMA AGRÁRIA - INCRA, ATRAVÉS DA SUPERINTENDÊNCIA REGIONAL DE PERNAMBUCO E O MUNICÍPIO DE MIRANDIBA-PE - CNPJ N. 11.043.312/0001-07, que tem por objeto instituir parceria para implantar o Projeto Sala da Cidadania, disponibilizando serviços relacionados ao cadastro rural, ao atendimento dos proprietários e dos possuidores de imóveis rurais da Região, aos Projetos de Assentamentos e ao atendimento aos assentados e assentadas da Reforma Agrária jurisdicionados pelo INCRA na região ou no município, bem como, ao público em geral, com prazo de vigência de 60 meses a contar da data da sua publicação. Processo INCRA N. 54000.023850/2022-29. Thiago Ângelus Conceição Brandão Superintendente Regional e Evaldo Bezerra de Carvalho - Prefeito.</p>]]></Texto>
  </body>
  <Midias />
</article></xml>