﻿<xml><article id="27716107" name="2022-08-24/7354355/COMPRASNETWS_" idOficio="7354355" pubName="DO3" artType="Extrato de Credenciamento" pubDate="25/08/2022" artClass="00013:00010:00029:00002:00039:00000:00000:00000:00000:00000:00033:00001" artCategory="Ministério da Defesa/Comando da Aeronáutica/Secretaria de Economia e Finanças e Administração da Aeronáutica/Diretoria de Administração da Aeronáutica/Grupamento de Apoio do Distrito Federal" artSize="12" artNotes="" numberPage="18" pdfPage="http://pesquisa.in.gov.br/imprensa/jsp/visualiza/index.jsp?data=25/08/2022&amp;jornal=530&amp;pagina=18" editionNumber="162" highlightType="" highlightPriority="" highlight="" highlightimage="" highlightimagename="" idMateria="14834749">
  <body>
    <Identifica><![CDATA[ EXTRATO DE CREDENCIAMENTO Nº 78/GAPDF-HFAB/2019 - UASG 120625]]></Identifica>
    <Data><![CDATA[]]></Data>
    <Ementa />
    <Titulo />
    <SubTitulo />
    <Texto><![CDATA[<p class="identifica">EXTRATO DE CREDENCIAMENTO Nº 78/GAPDF-HFAB/2019 - UASG 120625</p><p>Nº Processo: 67289.001703/2020-07.</p><p>Inexigibilidade Nº 42/GAP-DF/2020. Contratante: GRUPAMENTO DE APOIO DO DISTRITO FEDERAL.</p><p>Contratado: 04.863.664/0002-16 - VIVENTI HOME CARE HOSPITAL DOMICILIAR LTDA.</p><p>Objeto: Contratação de Serviços Médicos em Home Care, aos militares e dependentes que tiverem direito à Assistência Médico-hospitalar, nos termos da Lei nº 6.880, de 1980, e respectiva regulamentação, que serão prestados nas condições estabelecidas no Edital de Credenciamento, Projeto Básico e demais anexos.</p><p>Fundamento Legal: LEI 8.666 / 1993 - Artigo: 25. Vigência: 24/09/2019 a 24/09/2024. Valor do Contrato: R$ 800.000,00. Data de Assinatura: 24/09/2019.</p><p>(COMPRASNET 4.0 - 24/08/2022).</p>]]></Texto>
  </body>
  <Midias />
</article></xml>