﻿<xml><article id="27712442" name="Sidec_00017__VR3DRN" idOficio="7355149" pubName="DO3" artType="Resultado de Julgamento" pubDate="25/08/2022" artClass="00006:00009:00012:00018:00000:00000:00000:00000:00000:00000:00120:00018" artCategory="Presidência da República/Advocacia-Geral da União/Secretaria-Geral de Administração/Superintendência Regional de Administração 2ª Região" artSize="12" artNotes="" numberPage="1" pdfPage="http://pesquisa.in.gov.br/imprensa/jsp/visualiza/index.jsp?data=25/08/2022&amp;jornal=530&amp;pagina=1" editionNumber="162" highlightType="" highlightPriority="" highlight="" highlightimage="" highlightimagename="" idMateria="14835908">
  <body>
    <Identifica><![CDATA[ RESULTADO DE JULGAMENTO]]></Identifica>
    <Data><![CDATA[]]></Data>
    <Ementa />
    <Titulo />
    <SubTitulo />
    <Texto><![CDATA[<p class="identifica">RESULTADO DE JULGAMENTO</p><p class="identifica">PREGÃO Nº 3/2022</p><p>A Pregoeira da Superintendência de Administração no Rio de Janeiro, torna público o Resultado de Julgamento do Pregão em epígrafe, declarando como vencedora a empresa: 3CORP SERVICOS DE TECNOLOGIA LTDA, CNPJ: 10.334.879/0001-61. O processo encontra-se com vistas franqueadas aos interessados.</p><p class="assina">ANA CAROLINA SBARDELOTTI</p><p>(SIDEC - 24/08/2022) 110102-00001-2022NE000096</p>]]></Texto>
  </body>
  <Midias />
</article></xml>