﻿<xml><article id="27714846" name="2022-08-24/7353636/COMPRASNETWS_" idOficio="7353636" pubName="DO3" artType="Extrato de Termo Aditivo" pubDate="25/08/2022" artClass="00013:00011:00025:00011:00002:00000:00000:00000:00000:00000:00054:00001" artCategory="Ministério da Defesa/Comando do Exército/Departamento de Ciência e Tecnologia/Diretoria de Fabricação/Arsenal de Guerra do Rio de Janeiro" artSize="12" artNotes="" numberPage="32" pdfPage="http://pesquisa.in.gov.br/imprensa/jsp/visualiza/index.jsp?data=25/08/2022&amp;jornal=530&amp;pagina=32" editionNumber="162" highlightType="" highlightPriority="" highlight="" highlightimage="" highlightimagename="" idMateria="14833890">
  <body>
    <Identifica><![CDATA[ EXTRATO DE TERMO ADITIVO Nº 2/2022 - UASG 160285]]></Identifica>
    <Data><![CDATA[]]></Data>
    <Ementa />
    <Titulo />
    <SubTitulo />
    <Texto><![CDATA[<p class="identifica">EXTRATO DE TERMO ADITIVO Nº 2/2022 - UASG 160285</p><p>Número do Contrato: 17/2021.</p><p>Nº Processo: 64004.003854/2020-42.</p><p>Pregão. Nº 24/2020. Contratante: ARSENAL DE GUERRA DO RIO. Contratado: 32.319.258/0002-22 - EQUIPA RIO CONSTRUCOES COMERCIO E EQUIPAMENTOS LTDA. Objeto: Prorrogação da vigência contratual. Vigência: 01/07/2022 a 18/10/2022. Valor Total Atualizado do Contrato: R$ 213,94. Data de Assinatura: 01/07/2022.</p><p>(COMPRASNET 4.0 - 01/07/2022).</p>]]></Texto>
  </body>
  <Midias />
</article></xml>