﻿<xml><article id="27716333" name="Sidec_00022__W04UM5" idOficio="7355149" pubName="DO3" artType="Extrato de Dispensa de Licitação" pubDate="25/08/2022" artClass="00011:00047:00011:00005:00000:00000:00000:00000:00000:00000:00038:00023" artCategory="Ministério da Ciência, Tecnologia e Inovações/Conselho Nacional de Desenvolvimento Científico e Tecnológico/Diretoria de Gestão e Tecnologia da Informação/Coordenação-Geral de Administração e Finanças" artSize="12" artNotes="" numberPage="12" pdfPage="http://pesquisa.in.gov.br/imprensa/jsp/visualiza/index.jsp?data=25/08/2022&amp;jornal=530&amp;pagina=12" editionNumber="162" highlightType="" highlightPriority="" highlight="" highlightimage="" highlightimagename="" idMateria="14835913">
  <body>
    <Identifica><![CDATA[ EXTRATO DE DISPENSA DE LICITAÇÃO Nº 5535/2022  - UASG 364102]]></Identifica>
    <Data><![CDATA[]]></Data>
    <Ementa />
    <Titulo />
    <SubTitulo />
    <Texto><![CDATA[<p class="identifica">EXTRATO DE DISPENSA DE LICITAÇÃO Nº 5535/2022 - UASG 364102</p><p>Nº Processo: 0300005535202279 . Objeto: Competentes elétricos. Total de Itens Licitados: 00001. Fundamento Legal: Art. 24º, Inciso XXI da Lei nº 8.666 de 21º/06/1993.. Justificativa: Qualidade técnica do material e facilidade e flexibilidade de uso do material. Declaração de Dispensa em 22/08/2022. ANDERSON MALTA DA SILVA. Coordenador de Recursos Logísticos. Ratificação em 22/08/2022. GLADSTONE DE CASTRO DE MORAES. Coordenador Geral de Administração e Finanças. Valor Global: R$ 22.765,06. CNPJ CONTRATADA : Estrangeiro CAMPBELLSCIENTIFIC INC.</p><p>(SIDEC - 24/08/2022) 364102-36201-2022NE800143</p>]]></Texto>
  </body>
  <Midias />
</article></xml>