﻿<xml><article id="27716390" name="Sidec_00162__NN5798" idOficio="7355149" pubName="DO3" artType="Extrato de Inexigibilidade de Licitação" pubDate="25/08/2022" artClass="00013:00010:00012:00009:00215:00000:00000:00000:00000:00000:00041:00163" artCategory="Ministério da Defesa/Comando da Aeronáutica/Comando-Geral do Pessoal/Diretoria de Ensino/Escola Preparatória de Cadetes do Ar" artSize="12" artNotes="" numberPage="15" pdfPage="http://pesquisa.in.gov.br/imprensa/jsp/visualiza/index.jsp?data=25/08/2022&amp;jornal=530&amp;pagina=15" editionNumber="162" highlightType="" highlightPriority="" highlight="" highlightimage="" highlightimagename="" idMateria="14836058">
  <body>
    <Identifica><![CDATA[ EXTRATO DE INEXIGIBILIDADE DE LICITAÇÃO Nº 6/2022  - UASG 120025]]></Identifica>
    <Data><![CDATA[]]></Data>
    <Ementa />
    <Titulo />
    <SubTitulo />
    <Texto><![CDATA[<p class="identifica">EXTRATO DE INEXIGIBILIDADE DE LICITAÇÃO Nº 6/2022 - UASG 120025</p><p>Nº Processo: 67441010400202229 . Objeto: Prestação de serviço profissional de Atendimento médico oftalmologista, especialista em córnea, catarata e doenças externas. Total de Itens Licitados: 00001. Fundamento Legal: Art. 25º, Caput da Lei nº 8.666 de 21º/06/1993. Justificativa: Trata-se de preços preestabelecidos, conforme o item 9 do Edital de Credenciamento n º 01/ES-BQ/2020-VIGÊNCIA 2022. Declaração de Inexigibilidade em 18/08/2022. MATHEUS AUGUSTO DE ANDRADE. Gestor de Licitação. Ratificação em 24/08/2022. CLOER VESCIA ALVES. Diretor da Dirsa. Valor Global: R$ 50.000,00. CNPJ CONTRATADA : 97.520.529/0001-78 CLINICA DE OFTALMOLOGIA DRA. LAVINIA LEITAO BANDEIRA LTDA.</p><p>(SIDEC - 24/08/2022) 120025-00001-2022NE000099</p>]]></Texto>
  </body>
  <Midias />
</article></xml>