﻿<xml><article id="27714417" name="2022-08-24/7353162/COMPRASNETWS_" idOficio="7353162" pubName="DO3" artType="Extrato de Contrato" pubDate="25/08/2022" artClass="00013:00011:00015:00011:00004:00000:00000:00000:00000:00000:00031:00001" artCategory="Ministério da Defesa/Comando do Exército/Comando Militar do Sul/5ª Região Militar/Hospital Geral de Curitiba" artSize="12" artNotes="" numberPage="30" pdfPage="http://pesquisa.in.gov.br/imprensa/jsp/visualiza/index.jsp?data=25/08/2022&amp;jornal=530&amp;pagina=30" editionNumber="162" highlightType="" highlightPriority="" highlight="" highlightimage="" highlightimagename="" idMateria="14833362">
  <body>
    <Identifica><![CDATA[          EXTRATO DE TERMO ADITIVO 01/21 - UASG 160223]]></Identifica>
    <Data><![CDATA[]]></Data>
    <Ementa />
    <Titulo />
    <SubTitulo />
    <Texto><![CDATA[<p class="identifica">EXTRATO DE TERMO ADITIVO 01/21 - UASG 160223</p><p>Número do Contrato: 1/2019. Nº Processo: 64393.001947/2018/81. Pregão Nº SRP nº 06/2018-160214.</p><p>Contratante: HOSPITAL GERAL DE CURITIBA. CNPJ Contratado: 02.421.421/0001-11. Contratado TIM S.A. Objeto: Contratação de empresa prestadora de Serviço de Telefonia Móvel celular digital (SMP) com dados, voz, mensagens e Internet, para uso em aparelhos Celulares convencionais e Smartphones, habilitados no plano de assinatura básico pós-pago, com caixa postal, identificador de chamadas, siga-me e serviços de roaming e deslocamento nacional (AD2 e</p><p>DSL2), destinado a atender o Hospital Geral de Curitiba, situado no DDD 41 (Curitiba-PR), sem dedicação exclusiva de mão de obra, com disponibilização de 8 (oito) aparelhos celulares Smartphone em regime de comodato e 8 (oito) "chip" para celular 4G para o HGeC. Fundamento Legal: Parágrafo único do art. 61 da Lei 8.666/93. Vigência: 30/12/2022 à 30/12/2022. Valor Total: R$ 48.068,72. Data de Assinatura 29/12/2021.</p><p class="assina">Regina Lucia Moura Schendel- Cel</p><p class="cargo">Ordenadora de Despesas do Hospital Geral de Curitiba</p>]]></Texto>
  </body>
  <Midias />
</article></xml>