﻿<xml><article id="27705504" name="OF 343.2022.GEROP.EXTRATO DE TER" idOficio="7355252" pubName="DO3" artType="Extrato de Termo Aditivo" pubDate="25/08/2022" artClass="00007:00059:00014:00004:00000:00000:00000:00000:00000:00000:00054:00000" artCategory="Ministério da Agricultura, Pecuária e Abastecimento/Companhia Nacional de Abastecimento/Diretoria de Operações e Abastecimento/Superintendência de Operações Comerciais" artSize="12" artNotes="OK HOUVE UMA ALTERAÇÃO NO CONTRATO, INDEPENDENTE DE SER SÓ A RAZAO SOCIAL" numberPage="6" pdfPage="http://pesquisa.in.gov.br/imprensa/jsp/visualiza/index.jsp?data=25/08/2022&amp;jornal=530&amp;pagina=6" editionNumber="162" highlightType="" highlightPriority="" highlight="" highlightimage="" highlightimagename="" idMateria="14836212">
  <body>
    <Identifica><![CDATA[ EXTRATO DE TERMO ADITIVO]]></Identifica>
    <Data><![CDATA[]]></Data>
    <Ementa />
    <Titulo />
    <SubTitulo />
    <Texto><![CDATA[<p class="identifica">EXTRATO DE TERMO ADITIVO</p><p>Processo Administrativo nº: 21200.0000089/2017-84. Contrato Administrativo Conab nº 04/2019. Contratante: Companhia Nacional de Abastecimento - CONAB - CNPJ: 26.461.699/001-80. Contratada: SINCH BR S.A - CNPJ: 01.126.946/0001-61. Objeto: alteração de denominação social da CONTRATADA, devido a Incorporação, integralidade dos direitos e obrigações relativos a SINCH BRASIL S.A. Fica alterada a denominação social da CONTRATADA, passando de: SINCH BRASIL S.A., para: SINCH BR S.A., inscrita no CNPJ/ME sob o nº 01.126.946/0001-61. Fundamento Legal: artigo 65, caput, da Lei nº 8.666, de 1993 e alterações posteriores, o artigo 227 da Lei nº 6.404, de 15 de dezembro de 1976. Data de Assinatura: 23/08/202. Assinam pela Contratante: Guilherme Augusto Sanches Ribeiro - Diretor-Presidente - Conab, e José Jesus Trabulo de Sousa Junior - Diretor - Executivo da Diretoria de Operações e Abastecimento. Assina pela Contratada: Michele Carlo Bader - Diretor e Cecília Pain Alvares Colaço - Diretora.</p>]]></Texto>
  </body>
  <Midias />
</article></xml>