﻿<xml><article id="27714408" name="2022-08-24/7353915/siasgnet_1483" idOficio="7353915" pubName="DO3" artType="Aviso de Licitação-Pregão" pubDate="25/08/2022" artClass="00013:00012:00026:00002:00001:00000:00000:00000:00000:00000:00164:00001" artCategory="Ministério da Defesa/Comando da Marinha/Diretoria-Geral de Navegação/Diretoria de Hidrografia e Navegação/Base de Hidrografia da Marinha em Niterói" artSize="12" artNotes="" numberPage="36" pdfPage="http://pesquisa.in.gov.br/imprensa/jsp/visualiza/index.jsp?data=25/08/2022&amp;jornal=530&amp;pagina=36" editionNumber="162" highlightType="" highlightPriority="" highlight="" highlightimage="" highlightimagename="" idMateria="14834284">
  <body>
    <Identifica><![CDATA[ AVISO DE LICITAÇÃO]]></Identifica>
    <Data><![CDATA[]]></Data>
    <Ementa />
    <Titulo />
    <SubTitulo />
    <Texto><![CDATA[<p class="identifica">AVISO DE LICITAÇÃO</p><p class="identifica">Pregão Eletrônico Nº 21/2022 - UASG 751212</p><p>Nº Processo: 63999001003202217. Objeto: Aquisição de materiais e equipamentos de metalurgia, destinados à manutenção e à confecção de sinais náuticos sob responsabilidade do Centro de Auxílios a Navegação Almirante Moraes Rego (CAMR), e atender às necessidades da Base de Hidrografia da Marinha em Niterói (BHMN), visando à conservação dos bens fixos do Complexo Naval da Ponta da Armação (CNPA), conforme condições, quantidades e exigências estabelecidas no Termo de Referência, anexo I do Edital.. Total de Itens Licitados: 34. Edital: 25/08/2022 das 08h30 às 11h30 e das 13h30 às 15h30. Endereço: Rua Barao de Jaceguai, S/nº, Ponta da Armação - Niterói/RJ ou https://www.gov.br/compras/edital/751212-5-00021-2022. Entrega das Propostas: a partir de 25/08/2022 às 08h30 no site www.gov.br/compras. Abertura das Propostas: 14/09/2022 às 09h00 no site www.gov.br/compras. Informações Gerais: .</p><p class="assina">PAULO EDUARDO DE ALMEIDA</p><p class="cargo">Ordenador de Despesas</p><p>(SIASGnet - 24/08/2022) 751212-00001-2022NE000010</p>]]></Texto>
  </body>
  <Midias />
</article></xml>