﻿<xml><article id="27714390" name="2022-08-24/7355064/COMPRASNETWS_" idOficio="7355064" pubName="DO3" artType="Extrato de Contrato" pubDate="25/08/2022" artClass="00013:00011:00012:00012:00010:00000:00000:00000:00000:00000:00031:00001" artCategory="Ministério da Defesa/Comando do Exército/Comando Militar do Oeste/3º Grupamento de Engenharia/9º Batalhão de Engenharia de Construção" artSize="12" artNotes="" numberPage="27" pdfPage="http://pesquisa.in.gov.br/imprensa/jsp/visualiza/index.jsp?data=25/08/2022&amp;jornal=530&amp;pagina=27" editionNumber="162" highlightType="" highlightPriority="" highlight="" highlightimage="" highlightimagename="" idMateria="14835760">
  <body>
    <Identifica><![CDATA[ EXTRATO DE CONTRATO Nº 15/2022 - UASG 160157]]></Identifica>
    <Data><![CDATA[]]></Data>
    <Ementa />
    <Titulo />
    <SubTitulo />
    <Texto><![CDATA[<p class="identifica">EXTRATO DE CONTRATO Nº 15/2022 - UASG 160157</p><p>Nº Processo: 64047.000027/2022-62.</p><p>Pregão Nº 8/2022. Contratante: 9 BATALHAO DE ENGENHARIA DE CONSTRUCAO.</p><p>Contratado: 03.632.438/0001-80 - MINERACAO SANTA MARIA LTDA. Objeto: Aquisição de insumos pétreos.</p><p>Fundamento Legal: LEI 10.520 / 2002 - Artigo: 1. Vigência: 03/08/2022 a 03/08/2023. Valor Total: R$ 340.000,00. Data de Assinatura: 03/08/2022.</p><p>(COMPRASNET 4.0 - 24/08/2022).</p>]]></Texto>
  </body>
  <Midias />
</article></xml>