﻿<xml><article id="27704008" name="Edital IntimaAAo 035 Termo de Ju" idOficio="7355005" pubName="DO3" artType="Edital de Intimação" pubDate="25/08/2022" artClass="00007:00003:00043:00000:00000:00000:00000:00000:00000:00000:00062:00000" artCategory="Ministério da Agricultura, Pecuária e Abastecimento/Secretaria Executiva/Superintendência Federal de Agricultura, Pecuária e Abastecimento do Rio de Janeiro" artSize="12" artNotes="" numberPage="2" pdfPage="http://pesquisa.in.gov.br/imprensa/jsp/visualiza/index.jsp?data=25/08/2022&amp;jornal=530&amp;pagina=2" editionNumber="162" highlightType="" highlightPriority="" highlight="" highlightimage="" highlightimagename="" idMateria="14835628">
  <body>
    <Identifica><![CDATA[ Edital de Intimação nº 35,  de 22 de agosto de 2022]]></Identifica>
    <Data><![CDATA[]]></Data>
    <Ementa />
    <Titulo />
    <SubTitulo />
    <Texto><![CDATA[<p class="identifica">Edital de Intimação nº 35, de 22 de agosto de 2022</p><p>O Coordenador Substituto do 5º Serviço de Inspeção de Produtos de Origem Animal, no uso de suas atribuições como autoridade julgadora, de acordo com o artigo 26, parágrafo 4º da Lei Federal nº 9.784 de 1999 e considerando que se trata de interessado (administrado) indeterminado, desconhecido, ou com endereço indefinido ou desconhecido, INTIMA a pessoa jurídica J R PEREIRA LOPES DE PRODUTOS AGROPECUÁRIOS ME. CNPJ 31.657.554/0001-90, a comparecer através de representante legal constituído, ao 5º Serviço de Inspeção de Produtos de Origem Animal, sito à Alameda do Café, número 1.000, bairro Vila Verônica, Varinha, Minas Gerais, das 08:00 às 12:00 horas e das 13:00 às 17:00 horas, para tomar ciência do TERMO DE JULGAMENTO EM SEGUNDA INSTÂNCIA SDA referente ao processo 21044.002232/2021-07.</p><p>Após o prazo de 10 dias (prazo para recurso) contados do último dia da publicação deste Edital, excluindo esse dia da contagem, o processo terá continuidade, independente do comparecimento do intimado.</p><p class="assina">RAINE FRANCIS HOFFMANN</p>]]></Texto>
  </body>
  <Midias />
</article></xml>