﻿<xml><article id="27714513" name="2022-08-24/7354931/COMPRASNETWS_" idOficio="7354931" pubName="DO3" artType="Extrato de Termo Aditivo" pubDate="25/08/2022" artClass="00013:00010:00029:00002:00005:00018:00000:00000:00000:00000:00054:00001" artCategory="Ministério da Defesa/Comando da Aeronáutica/Secretaria de Economia e Finanças e Administração da Aeronáutica/Diretoria de Administração da Aeronáutica/Centro de Apoio Administrativo da Aeronáutica/Grupamento de Apoio de Anápolis" artSize="12" artNotes="" numberPage="16" pdfPage="http://pesquisa.in.gov.br/imprensa/jsp/visualiza/index.jsp?data=25/08/2022&amp;jornal=530&amp;pagina=16" editionNumber="162" highlightType="" highlightPriority="" highlight="" highlightimage="" highlightimagename="" idMateria="14835544">
  <body>
    <Identifica><![CDATA[ EXTRATO DE TERMO ADITIVO Nº 1/2022 - UASG 120624]]></Identifica>
    <Data><![CDATA[]]></Data>
    <Ementa />
    <Titulo />
    <SubTitulo />
    <Texto><![CDATA[<p class="identifica">EXTRATO DE TERMO ADITIVO Nº 1/2022 - UASG 120624</p><p>Número do Contrato: 11/2021.</p><p>Nº Processo: 67288.004009/2020-43.</p><p>Pregão. Nº 24/2021. Contratante: BASE AEREA DE ANAPOLIS. Contratado: 38.084.736/0001-68 - UNA ENGENHARIA E SERVICOS EIRELI. Objeto: Prorrogar o prazo de vigência do contrato nº 011/BAAN/2021, referente à contratação de empresa para execução do serviço de manutenção eletro-hidromecânica da Guarnae-AN, a ser realizado na localidade de Anápolis-GO. Vigência: 03/09/2022 a 03/09/2023. Valor: R$ 107.330,74. Data de Assinatura: 23/08/2022.</p><p>(COMPRASNET 4.0 - 23/08/2022).</p>]]></Texto>
  </body>
  <Midias />
</article></xml>