﻿<xml><article id="27714897" name="2022-08-24/7355775/COMPRASNETWS_" idOficio="7355775" pubName="DO3" artType="Extrato de Termo Aditivo" pubDate="25/08/2022" artClass="00013:00011:00009:00008:00011:00000:00000:00000:00000:00000:00054:00001" artCategory="Ministério da Defesa/Comando do Exército/Comando Militar do Leste/1ª Região Militar/Instituto de Biologia do Exército" artSize="12" artNotes="" numberPage="20" pdfPage="http://pesquisa.in.gov.br/imprensa/jsp/visualiza/index.jsp?data=25/08/2022&amp;jornal=530&amp;pagina=20" editionNumber="162" highlightType="" highlightPriority="" highlight="" highlightimage="" highlightimagename="" idMateria="14836924">
  <body>
    <Identifica><![CDATA[ EXTRATO DE TERMO ADITIVO Nº 1/2022 - UASG 160324]]></Identifica>
    <Data><![CDATA[]]></Data>
    <Ementa />
    <Titulo />
    <SubTitulo />
    <Texto><![CDATA[<p class="identifica">EXTRATO DE TERMO ADITIVO Nº 1/2022 - UASG 160324</p><p>Número do Contrato: 19/2022.</p><p>Nº Processo: 64611.004649/2021-27.</p><p>Pregão. Nº 8/2021. Contratante: INSTITUTO DE BIOLOGIA DO EXERCITO. Contratado: 27.870.531/0001-91 - SEEGENE DO BRASIL COMERCIO DE PRODUTOS MEDICOS E HOSPIT. Objeto: O presente termo tem por objetivo a alteração do objeto contratual com o respectivo acréscimo de valor, com fulcro no artigo 65, inciso i, alínea "b" da lei n° 8.666/1993.. Vigência: 15/08/2022 a 03/02/2023. Valor Total Atualizado do Contrato: R$ 490.577,60. Data de Assinatura: 15/08/2022.</p><p>(COMPRASNET 4.0 - 15/08/2022).</p>]]></Texto>
  </body>
  <Midias />
</article></xml>