﻿<xml><article id="27694576" name="Extrato Termo Aditivo - 04.10.02" idOficio="7353168" pubName="DO3" artType="Extrato de Termo Aditivo" pubDate="25/08/2022" artClass="00011:00046:00000:00000:00000:00000:00000:00000:00000:00000:00054:00000" artCategory="Ministério da Ciência, Tecnologia e Inovações/Financiadora de Estudos e Projetos" artSize="12" artNotes="" numberPage="11" pdfPage="http://pesquisa.in.gov.br/imprensa/jsp/visualiza/index.jsp?data=25/08/2022&amp;jornal=530&amp;pagina=11" editionNumber="162" highlightType="" highlightPriority="" highlight="" highlightimage="" highlightimagename="" idMateria="14833369">
  <body>
    <Identifica><![CDATA[ EXTRATO DE TERMO ADITIVO]]></Identifica>
    <Data><![CDATA[]]></Data>
    <Ementa />
    <Titulo />
    <SubTitulo />
    <Texto><![CDATA[<p class="identifica">EXTRATO DE TERMO ADITIVO</p><p>Espécie: Termo Aditivo nº 04.10.0259.09; Data de Assinatura: 23/08/2022; Partes: Financiadora de Estudos e Projetos - FINEP, CNPJ nº 33.749.086/0001-09; Fundação Universidade Federal da Grande Dourados - UFGD; CNPJ nº 07.775.847/0001-97; Objeto: Prorrogação de prazos; Prazo de Utilização: 24/02/2023; Prazo de Prestação de Contas: 25/04/2023.</p>]]></Texto>
  </body>
  <Midias />
</article></xml>