﻿<xml><article id="27701705" name="Extrato de inexigibilidade - Gre" idOficio="7354589" pubName="DO3" artType="Extrato de Inexigibilidade de Licitação" pubDate="25/08/2022" artClass="00011:00046:00000:00000:00000:00000:00000:00000:00000:00000:00041:00000" artCategory="Ministério da Ciência, Tecnologia e Inovações/Financiadora de Estudos e Projetos" artSize="12" artNotes="" numberPage="11" pdfPage="http://pesquisa.in.gov.br/imprensa/jsp/visualiza/index.jsp?data=25/08/2022&amp;jornal=530&amp;pagina=11" editionNumber="162" highlightType="" highlightPriority="" highlight="" highlightimage="" highlightimagename="" idMateria="14835049">
  <body>
    <Identifica><![CDATA[ EXTRATO DE INEXIGIBILIDADE DE LICITAÇÃO]]></Identifica>
    <Data><![CDATA[]]></Data>
    <Ementa />
    <Titulo />
    <SubTitulo />
    <Texto><![CDATA[<p class="identifica">EXTRATO DE INEXIGIBILIDADE DE LICITAÇÃO</p><p>Processo nº FP-ADM-2022/02189; Espécie: Inexigibilidade de licitação. Objeto: espaço para stand no evento Green Rio 2022, programado para o período de 1º a 3º de setembro de 2022, no Rio de Janeiro. Partes: Financiadora de Estudos e Projetos - Finep, CNPJ nº. 33.749.086/0001-09 e Green Rio Tec ltda me, CNPJ 18.017.630/0001-34. Valor: R$ 45.750,00 (quarenta e cinco mil, setecentos e cinquenta reais). Fundamento Legal: art. 30, caput, da Lei 13.303/16. Autoridade Ratificadora: Hermann M. Mathow Junior. Data: 24/08/2022.</p>]]></Texto>
  </body>
  <Midias />
</article></xml>