﻿<xml><article id="27713925" name="2022-08-24/7354608/COMPRASNETWS_" idOficio="7354608" pubName="DO3" artType="Extrato de Credenciamento" pubDate="25/08/2022" artClass="00013:00010:00029:00002:00039:00000:00000:00000:00000:00000:00033:00001" artCategory="Ministério da Defesa/Comando da Aeronáutica/Secretaria de Economia e Finanças e Administração da Aeronáutica/Diretoria de Administração da Aeronáutica/Grupamento de Apoio do Distrito Federal" artSize="12" artNotes="" numberPage="18" pdfPage="http://pesquisa.in.gov.br/imprensa/jsp/visualiza/index.jsp?data=25/08/2022&amp;jornal=530&amp;pagina=18" editionNumber="162" highlightType="" highlightPriority="" highlight="" highlightimage="" highlightimagename="" idMateria="14835073">
  <body>
    <Identifica><![CDATA[ EXTRATO DE CREDENCIAMENTO Nº 103/GAPDF-HFAB/2019 - UASG 120625]]></Identifica>
    <Data><![CDATA[]]></Data>
    <Ementa />
    <Titulo />
    <SubTitulo />
    <Texto><![CDATA[<p class="identifica">EXTRATO DE CREDENCIAMENTO Nº 103/GAPDF-HFAB/2019 - UASG 120625</p><p>Nº Processo: 67289.002636/2020-30.</p><p>Inexigibilidade Nº 76/GAP-DF/2020. Contratante: GRUPAMENTO DE APOIO DO DISTRITO FEDERAL.</p><p>Contratado: 13.919.613/0001-79 - GILL'S CLINICA MEDICA, FISIOTERAPICA E FITNESS LTDA.</p><p>Objeto: Contratação de Serviços Médicos de Fisioterapia, aos militares e dependentes que tiverem direito à Assistência Médico-hospitalar, nos termos da Lei nº 6.880, de 1980, e respectiva regulamentação, que serão prestados nas condições estabelecidas no Edital de Credenciamento, Projeto Básico e demais anexos. Fundamento Legal: LEI 8.666 / 1993 - Artigo: 25.</p><p>Vigência: 21/01/2020 a 21/01/2025. Valor do Contrato: R$ 20.000,00. Data de Assinatura: 21/01/2020.</p><p>(COMPRASNET 4.0 - 24/08/2022).</p>]]></Texto>
  </body>
  <Midias />
</article></xml>