﻿<xml><article id="27701723" name="Processo nA 71000.038271-2021-19" idOficio="7354592" pubName="DO3" artType="Extrato de Termo Aditivo" pubDate="25/08/2022" artClass="00008:00025:00022:00000:00000:00000:00000:00000:00000:00000:00054:00000" artCategory="Ministério da Cidadania/Secretaria Especial do Esporte/Secretaria Nacional de Esporte, Educação, Lazer e Inclusão Social" artSize="12" artNotes="" numberPage="9" pdfPage="http://pesquisa.in.gov.br/imprensa/jsp/visualiza/index.jsp?data=25/08/2022&amp;jornal=530&amp;pagina=9" editionNumber="162" highlightType="" highlightPriority="" highlight="" highlightimage="" highlightimagename="" idMateria="14835052">
  <body>
    <Identifica><![CDATA[ EXTRATO DE TERMO ADITIVO]]></Identifica>
    <Data><![CDATA[]]></Data>
    <Ementa />
    <Titulo />
    <SubTitulo />
    <Texto><![CDATA[<p class="identifica">EXTRATO DE TERMO ADITIVO</p><p>ESPÉCIE: Primeiro Termo Aditivo ao Convênio n. º 909899/2021. Processo n. º 71000.038271/2021-19.</p><p>Concedente: Ministério da Cidadania - CNPJ: 05.526.783/0001-65.</p><p>Convenente: Secretaria de Estado do Esporte e Lazer do Distrito Federal/DF - CNPJ: 02.977.827/0001-85.</p><p>Objeto: Prorrogação de vigência do Termo de Convênio n. º 909899/2021.</p><p>Vigência: 23/12/2021 a 23/02/2023.</p><p>Data de Assinatura: 23/08/2022.</p><p>Signatários: Concedente: FABIOLA PULGA MOLINA - Secretária Nacional de Esporte, Educação, Lazer e Inclusão Social - CPF: ***.473.758-**, Convenente: JACKELINE DOMINGUES DE AGUIAR - Secretária de Estado de Esporte e Lazer do Distrito Federal - Substituta - CPF: ***.311.681-**.</p>]]></Texto>
  </body>
  <Midias />
</article></xml>