﻿<xml><article id="27698418" name="pena-carten" idOficio="7353898" pubName="DO3" artType="Extrato" pubDate="25/08/2022" artClass="00011:00006:00506:00000:00000:00000:00000:00000:00000:00000:00172:00000" artCategory="Ministério da Ciência, Tecnologia e Inovações/Centro Nacional de Monitoramento e Alertas de Desastres Naturais/Coordenação de Administração" artSize="12" artNotes="" numberPage="9" pdfPage="http://pesquisa.in.gov.br/imprensa/jsp/visualiza/index.jsp?data=25/08/2022&amp;jornal=530&amp;pagina=9" editionNumber="162" highlightType="" highlightPriority="" highlight="" highlightimage="" highlightimagename="" idMateria="14834235">
  <body>
    <Identifica><![CDATA[ AVISO DE PENALIDADE]]></Identifica>
    <Data><![CDATA[]]></Data>
    <Ementa />
    <Titulo />
    <SubTitulo />
    <Texto><![CDATA[<p class="identifica">AVISO DE PENALIDADE</p><p>Extrato de Decisão nº 11/2022</p><p>Processo n.º 01242.000260/2022-19.</p><p>MODALIDADE: Pregão Eletrônico 04/2020. FUNDAMENTO LEGAL: incisos II e III, do art. 87, da Lei Federal nº 8.666/1993.</p><p>ASSUNTO: Aplicação de Penalidades de Multa e Suspensão, referentes ao Contrato nº 08/2020, firmado entre o Cemaden e a empresa CARTEN SERVIÇOS DE MÃO DE OBRA EIRELI, CNPJ 15.290.185/0001-93. MOTIVAÇÃO: Conforme motivação da Nota Técnica 483 (sei nº 10305845), considerando a Inexecução parcial e posteriormente Total, das obrigações assumidas, principalmente atraso no pagamento de salários e verbas trabalhistas. DECISÃO: 1. Face ao constante dos autos e tendo sido o mesmo instruído em conformidade com a legislação pertinente, no uso das atribuições que me foram conferidas pelo inciso III, Parágrafo único, artigo 28, do Anexo da Portaria MCTI nº 3.441, de 10 de setembro de 2020, publicada no DOU nº 175-B, de 11/09/2020, seção 01 pág. 09 (Regimento Interno), DECIDO aplicar a sanção de Suspensão de licitar e impedimento de contratar com o Cemaden pelo prazo de 02 (dois) anos, com base no item 22.2.3 do Termo de Referência. Data de assinatura: 12/08/2022.</p><p class="assina">RODOLFO MODRIGAIS STRAUSS NUNES.</p><p class="cargo">Coordenador de Administração</p>]]></Texto>
  </body>
  <Midias />
</article></xml>