﻿<xml><article id="27715822" name="2022-08-24/7355803/SICONV_148369" idOficio="7355803" pubName="DO3" artType="Extrato de Convênio" pubDate="25/08/2022" artClass="00007:00049:00000:00000:00000:00000:00000:00000:00000:00000:00032:00001" artCategory="Ministério da Agricultura, Pecuária e Abastecimento/Secretaria de Inovação, Desenvolvimento Sustentável e Irrigação" artSize="12" artNotes="" numberPage="5" pdfPage="http://pesquisa.in.gov.br/imprensa/jsp/visualiza/index.jsp?data=25/08/2022&amp;jornal=530&amp;pagina=5" editionNumber="162" highlightType="" highlightPriority="" highlight="" highlightimage="" highlightimagename="" idMateria="14836947">
  <body>
    <Identifica><![CDATA[ EXTRATO DE TERMO ADITIVO]]></Identifica>
    <Data><![CDATA[]]></Data>
    <Ementa />
    <Titulo />
    <SubTitulo />
    <Texto><![CDATA[<p class="identifica">EXTRATO DE TERMO ADITIVO</p><p>Espécie: Termo Aditivo de Alteração da Vigência Nº 000002/2022 ao Convênio Nº 901789/2020. Convenentes: Concedente: MINISTÉRIO DA AGRICULTURA, PECUARIA E ABASTECIMENTO, Unidade Gestora: 130005. Convenente: MUNICIPIO DE RIBEIRAO BRANCO, CNPJ nº 46634366000113. Solicitação de ALTERAÇÂO DE VIGÊNCIA PROPOSTA do convênio - PROPOSTA: 0025242020 - SICONV nº 901789/2020 - referente à Patrulha mecanizada - AQUISIÇÃO DE TRATOR AGRÍCOLA. Valor Total: R$ 245.666,67, Valor de Contrapartida: R$ 102.416,67, Vigência: 18/08/2022 a 30/04/2023. Data de Assinatura: 31/12/2020. Signatários: Concedente: CLEBER OLIVEIRA SOARES, CPF nº 61672793572, Convenente: MAURO JOSE TEIXEIRA, CPF nº 750.701.118-68.</p>]]></Texto>
  </body>
  <Midias />
</article></xml>