﻿<xml><article id="27701162" name="InterrupAAo CT NA 0.096.00-2019 " idOficio="7354487" pubName="DO3" artType="Extrato de Instrumentos Contratuais" pubDate="25/08/2022" artClass="00014:00048:00000:00000:00000:00000:00000:00000:00000:00000:00042:00000" artCategory="Ministério do Desenvolvimento Regional/Companhia de Desenvolvimento dos Vales do São Francisco e do Parnaíba" artSize="12" artNotes="" numberPage="39" pdfPage="http://pesquisa.in.gov.br/imprensa/jsp/visualiza/index.jsp?data=25/08/2022&amp;jornal=530&amp;pagina=39" editionNumber="162" highlightType="" highlightPriority="" highlight="" highlightimage="" highlightimagename="" idMateria="14834941">
  <body>
    <Identifica><![CDATA[ EXTRATO DE INTERRUPÇÃO DE CONTRATO]]></Identifica>
    <Data><![CDATA[]]></Data>
    <Ementa />
    <Titulo />
    <SubTitulo />
    <Texto><![CDATA[<p></p><p class="identifica">EXTRATO DE INTERRUPÇÃO DE CONTRATO</p><p>PROCESSO: 59500.001786/2019-11.</p><p>ESPÉCIE: Contrato nº 0.096.00/2019. CONTRATADA: Construservice C Empreendimentos e Construções Ltda. OBJETO: Prestação de serviços de pavimentação asfáltica em municípios diversos do estado do Tocantins/TO. JUSTIFICATIVA E INFORMAÇÕES COMPLEMENTARES: Pendência de projeto executivo do município de Guaraí/TO no que se refere à complicações de drenagem, conforme detalhado na Nota Técnica 77/2022 (Peça 104). INTERROMPER A PARTIR DE: 08/08/2022. FUNDAMENTO LEGAL: Parágrafo Único do art. 8º, combinado com o art. 26 da Lei nº 8.666/93. DATA DA ASSINATURA: 08/08/2022. ANTÔNIO ROSENDO NETO JÚNIOR - Diretor da Área de Desenvolvimento Integrado e Infraestrutura - AD - CODEVASF.</p>]]></Texto>
  </body>
  <Midias />
</article></xml>