﻿<xml><article id="27709448" name="ExtPrevio8467Monsanto" idOficio="7355933" pubName="DO3" artType="Extrato Prévio" pubDate="25/08/2022" artClass="00011:00014:00000:00000:00000:00000:00000:00000:00000:00000:00141:00000" artCategory="Ministério da Ciência, Tecnologia e Inovações/Comissão Técnica Nacional de Biossegurança" artSize="12" artNotes="" numberPage="9" pdfPage="http://pesquisa.in.gov.br/imprensa/jsp/visualiza/index.jsp?data=25/08/2022&amp;jornal=530&amp;pagina=9" editionNumber="162" highlightType="" highlightPriority="" highlight="" highlightimage="" highlightimagename="" idMateria="14837222">
  <body>
    <Identifica><![CDATA[ EXTRATO PRÉVIO Nº 8.467/2022]]></Identifica>
    <Data><![CDATA[]]></Data>
    <Ementa />
    <Titulo />
    <SubTitulo />
    <Texto><![CDATA[<p class="identifica">EXTRATO PRÉVIO Nº 8.467/2022</p><p>A Coordenação da Comissão Técnica Nacional de Biossegurança - CTNBio, no uso de suas atribuições e de acordo com o artigo 14, inciso XIX, da Lei 11.105/05; do Artigo 5º, inciso XIX do Decreto 5.591/05 e do Artigo 5º, inciso IV da Resolução Normativa Nº 1, de 20 de Junho de 2006 e Portaria Nº 4128/2020/SEI-MCTI de 30 de novembro de 2020, torna público que encontra-se em análise o processo a seguir discriminado:</p><p>Processo: 01245.014948/2021-75</p><p>Requerente: Monsanto do Brasil Ltda</p><p>CQB: 03/ 96</p><p>Assunto: Requerimento de isenção do Monitoramento Pós-Liberação Comercial do milho MON 87429</p><p>Ementa: Com base no Ar. 18 da RN32 da CTNBio, a requerente solicita de isenção do Monitoramento Pós-Liberação Comercial do milho MON 87429.</p><p>A CTNBio esclarece que este extrato prévio não exime a requerente do cumprimento das demais legislações vigentes no país, aplicáveis ao objeto do requerimento.</p><p>Informações complementares poderão ser solicitadas por meio da Plataforma FALA. BR, pelo sítio eletrônico https://falabr.cgu.gov.br/.)</p><p class="assina">Rubens José do Nascimento</p><p class="cargo">Coordenador da CTNBio</p>]]></Texto>
  </body>
  <Midias />
</article></xml>