﻿<xml><article id="27695181" name="PublicaAAo HOMOLOGAAAO DOU" idOficio="7347032" pubName="DO3" artType="Aviso de Homologação" pubDate="25/08/2022" artClass="00052:00005:00398:00000:00000:00000:00000:00000:00000:00000:00077:00000" artCategory="Prefeituras/Estado da Bahia/Prefeitura Municipal de Riachão das Neves" artSize="12" artNotes="" numberPage="227" pdfPage="http://pesquisa.in.gov.br/imprensa/jsp/visualiza/index.jsp?data=25/08/2022&amp;jornal=530&amp;pagina=227" editionNumber="162" highlightType="" highlightPriority="" highlight="" highlightimage="" highlightimagename="" idMateria="14824912">
  <body>
    <Identifica><![CDATA[aviso  DE HOMOLOGAÇÃO Pregão Presencial Nº 27/2022]]></Identifica>
    <Data><![CDATA[ Riachão das Neves - BA, 4 de agosto de 2022.]]></Data>
    <Ementa />
    <Titulo />
    <SubTitulo />
    <Texto><![CDATA[<p class="identifica">aviso DE HOMOLOGAÇÃO Pregão Presencial Nº 27/2022</p><p>O Prefeito HOMOLOGA o presente processo: Objeto: Contratação de empresa para aquisição de uniformes para atender as necessidades das Secretarias Municipais; Licitante Vencedor: LOTE Único - A EMPRESA ROB TEX UNIFORMES LTDA, CNPJ nº. 03.540.806/0001-60, localizada na Rua Barão de Cotegipe, nº. 524, Sala 01, Centro, Barreiras - Bahia, foi vencedora no valor global de Valor: R$ 199.994,00 (Cento e noventa e nove mil, novecentos e noventa e quatro reais). Nestes termos HOMOLOGO o objeto do presente certame ao Licitante vencedor acima identificado.</p><p class="data">Riachão das Neves - BA, 4 de agosto de 2022.</p><p class="assina">MIGUEL CRISOSTOMO BORGES NETO</p>]]></Texto>
  </body>
  <Midias />
</article></xml>