﻿<xml><article id="27712412" name="Sidec_00032__XPFP84" idOficio="7355149" pubName="DO3" artType="Aviso" pubDate="25/08/2022" artClass="00011:00030:00000:00000:00000:00000:00000:00000:00000:00000:00108:00033" artCategory="Ministério da Ciência, Tecnologia e Inovações/Instituto Nacional de Pesquisas Espaciais" artSize="12" artNotes="" numberPage="10" pdfPage="http://pesquisa.in.gov.br/imprensa/jsp/visualiza/index.jsp?data=25/08/2022&amp;jornal=530&amp;pagina=10" editionNumber="162" highlightType="" highlightPriority="" highlight="" highlightimage="" highlightimagename="" idMateria="14835923">
  <body>
    <Identifica><![CDATA[ AVISO DE REABERTURA DE PRAZO]]></Identifica>
    <Data><![CDATA[]]></Data>
    <Ementa />
    <Titulo />
    <SubTitulo />
    <Texto><![CDATA[<p class="identifica">AVISO DE REABERTURA DE PRAZO</p><p class="identifica">PREGÃO Nº 195/2021</p><p>Comunicamos a reabertura de prazo da licitação supracitada, processo Nº 01340008339202107. , publicada no D.O.U de 09/08/2022 . Objeto: Pregão Eletrônico - Contratação de empresa especializada para serviço de análise da potabilidade da água na unidade do INPE em São José dos Campos SP. Novo Edital: 25/08/2022 das 08h00 às 12h00 e de13h30 às 17h30. Endereço: Av.dos Astronautas, Nr. 1.758 - Jd. Granja - SAO JOSE DOS CAMPOS - SPEntrega das Propostas: a partir de 25/08/2022 às 08h00 no site www.comprasnet.gov.br. Abertura das Propostas: 08/09/2022, às 09h00 no site www.comprasnet.gov.br.</p><p class="assina">MANUEL RAIMUNDO DOS SANTOS</p><p class="cargo">Assistente C&amp;t</p><p>(SIDEC - 24/08/2022) 240106-00001-2022NE900001</p>]]></Texto>
  </body>
  <Midias />
</article></xml>