﻿<xml><article id="27695723" name="SRP 01-2022 789330__2RG0RJ" idOficio="7353264" pubName="DO3" artType="Extrato de Registro de Preços" pubDate="25/08/2022" artClass="00013:00012:00008:00047:00003:00000:00000:00000:00000:00000:00048:00000" artCategory="Ministério da Defesa/Comando da Marinha/Comando de Operações Navais/8º Distrito Naval/Capitania dos Portos do Paraná" artSize="12" artNotes="" numberPage="35" pdfPage="http://pesquisa.in.gov.br/imprensa/jsp/visualiza/index.jsp?data=25/08/2022&amp;jornal=530&amp;pagina=35" editionNumber="162" highlightType="" highlightPriority="" highlight="" highlightimage="" highlightimagename="" idMateria="14833489">
  <body>
    <Identifica><![CDATA[EXTRATO DE  REGISTRO DE PREÇOS]]></Identifica>
    <Data><![CDATA[]]></Data>
    <Ementa />
    <Titulo />
    <SubTitulo />
    <Texto><![CDATA[<p class="identifica">EXTRATO DE REGISTRO DE PREÇOS</p><p>ESPECIE: Pregao Eletronico - Registro de Precos 001/2022, processo NUP 63046.000965/2022-18, objeto: Generos Alimenticios. Fundamentacao Legal: Decreto 7892/2013/2016, c/c Lei 8666/93. Itens: 3 - R$ 16,50; e 06 - R$ 13,37 KG. Registrado na ARP 89330/2022-04, junto a empresa Empório das Licitacoes, CNPJ 41.087.715/0001-00. Sendo signatarios ANDRE LUIZ MORAIS DE VASCONCELOS, Capitão de Mar-e-Guerra, Capitao dos Portos do Parana e THAIS CAMARGO DOS SANTOS CARVALHO, Representante Legal. Data da Assinatura: 18/08/2022. Vigencia: 18/08/2022 a 18/08/2023.</p>]]></Texto>
  </body>
  <Midias />
</article></xml>