﻿<xml><article id="27716519" name="2022-08-24/7353821/COMPRASNETWS_" idOficio="7353821" pubName="DO3" artType="Extrato de Termo Aditivo" pubDate="25/08/2022" artClass="00013:00011:00014:00003:00006:00000:00000:00000:00000:00000:00054:00001" artCategory="Ministério da Defesa/Comando do Exército/Comando Militar do Sudeste/Comando de Defesa Antiaérea do Exército/2º Grupo de Artilharia Antiaérea" artSize="12" artNotes="" numberPage="29" pdfPage="http://pesquisa.in.gov.br/imprensa/jsp/visualiza/index.jsp?data=25/08/2022&amp;jornal=530&amp;pagina=29" editionNumber="162" highlightType="" highlightPriority="" highlight="" highlightimage="" highlightimagename="" idMateria="14834070">
  <body>
    <Identifica><![CDATA[ EXTRATO DE TERMO ADITIVO Nº 2/2022 - UASG 160473]]></Identifica>
    <Data><![CDATA[]]></Data>
    <Ementa />
    <Titulo />
    <SubTitulo />
    <Texto><![CDATA[<p class="identifica">EXTRATO DE TERMO ADITIVO Nº 2/2022 - UASG 160473</p><p>Número do Contrato: 1/2021.</p><p>Nº Processo: 64538.003462/2020-55.</p><p>Pregão. Nº 12/2020. Contratante: 2 GRUPO DE ARTILHARIA ANTIAEREA. Contratado: 54.785.167/0001-34 - LAVANDERIA PAULISTA LTDA - EPP. Objeto: Prestação de serviços continuados de lavanderia. Vigência: 06/01/2022 a 05/01/2023. Valor Total Atualizado do Contrato: R$ 21.240,00. Data de Assinatura: 06/01/2022.</p><p>(COMPRASNET 4.0 - 06/01/2022).</p>]]></Texto>
  </body>
  <Midias />
</article></xml>