﻿<xml><article id="27713337" name="Sidec_00197" idOficio="7355149" pubName="DO3" artType="Extrato de Inexigibilidade de Licitação" pubDate="25/08/2022" artClass="00013:00011:00010:00017:00009:00017:00000:00000:00000:00000:00041:00198" artCategory="Ministério da Defesa/Comando do Exército/Comando Militar do Nordeste/7ª Divisão de Exército/7ª Brigada de Infantaria Motorizada/Base Administrativa da Guarnição de Natal" artSize="12" artNotes="" numberPage="22" pdfPage="http://pesquisa.in.gov.br/imprensa/jsp/visualiza/index.jsp?data=25/08/2022&amp;jornal=530&amp;pagina=22" editionNumber="162" highlightType="" highlightPriority="" highlight="" highlightimage="" highlightimagename="" idMateria="14836094">
  <body>
    <Identifica><![CDATA[ EXTRATO DE INEXIGIBILIDADE DE LICITAÇÃO Nº 8/2022  - UASG 160342]]></Identifica>
    <Data><![CDATA[]]></Data>
    <Ementa />
    <Titulo />
    <SubTitulo />
    <Texto><![CDATA[<p class="identifica">EXTRATO DE INEXIGIBILIDADE DE LICITAÇÃO Nº 8/2022 - UASG 160342</p><p>Nº Processo: 64241.016974/2021 . Objeto: Contratação de prestadores de serviços de coleta, pessoas físicas e jurídicas, credenciados para o 3º quadrimestre2022 para o transporte e distribuição de água potável, para atendimento das necessidades de populações atingidas pela seca, de acordo com as condições especificadas no edital de credenciamento n¨ 01/2021, válido para o ano de 2022. Total de Itens Licitados: 00231. Fundamento Legal: Art. 25º, Caput da Lei nº 8.666 de 21º/06/1993.. Justificativa: Inviabilidade de competição, amparada no caput do Art. 25 da Lei nº 8.666/93. Declaração de Inexigibilidade em 22/08/2022. EVALDO FORTUNATO CAMPOS. Ordenador de Despesas. Ratificação em 24/08/2022. FRANCISCO CARLOS MACHADO SILVA. Autoridade Superior. Valor Global: R$ 18.357.850,00. CPF CONTRATADA : 009.077.974-66 RAIMUNDO GLEDSON BARRETO. Valor: R$ 66.900,00. CPF CONTRATADA : 009.369.044-45 GELIARD ALMEIDA LOBO. Valor: R$ 88.000,00. CPF CONTRATADA : 011.040.154-98 JOSE JAIR DE OLIVEIRA. Valor: R$ 70.400,00. CPF CONTRATADA : 011.152.664-70 JOSE ARI ALVES DE SOUZA. Valor: R$ 63.900,00. CPF CONTRATADA : 012.016.954-14 JONAS TAVARESDE MELO JUNIOR. Valor: R$ 70.400,00. CPF CONTRATADA : 013.130.983-88 JOSE RAFAEL MONTEIRO DIOGENES. Valor: R$ 95.400,00. CPF CONTRATADA : 013.225.174-44 ACACIO DOS SANTOS. Valor: R$ 93.420,00. CPF CONTRATADA : 016.663.974-58 GERMANO JOSE RODRIGUES DA SILVA. Valor: R$ 74.000,00. CPF CONTRATADA : 016.889.984-11 DANIEL ALEXANDRE DE SOUZA. Valor: R$ 78.700,00. CPF CONTRATADA : 017.020.324-77 SAMUEL DANTASDE OLIVEIRA. Valor: R$ 65.400,00. CPF CONTRATADA : 017.695.824-01 LUCAS RIBEIROMAIA SANTOS. Valor: R$ 36.000,00. CPF CONTRATADA : 019.106.464-58 MAZIEL MISSIAS DA SILVA MEDEIROS. Valor: R$ 82.100,00. CPF CONTRATADA : 019.802.644-73 JOSE LENILSONFERREIRA. Valor: R$ 73.800,00. CPF CONTRATADA : 020.047.004-32 CLAUDIO LIMA BEZERRA. Valor: R$ 68.800,00. CPF CONTRATADA : 020.752.323-18 DANILO GURGELOLIVEIRA. Valor: R$ 83.200,00. CPF CONTRATADA : 021.177.494-45 SAMUEL MARCOLINO ARAUJO. Valor: R$ 70.400,00. CNPJ CONTRATADA : 02.417.604/0001-63 JEFFERSON HEMETERIO CORDEIRO DOS REIS. Valor: R$ 66.800,00. CPF CONTRATADA : 025.069.994-00 MANOEL FERREIRA DE AQUINO JUNIOR. Valor: R$ 65.400,00. CPF CONTRATADA : 025.743.614-66 VANDENILDO BEZERRA DE QUEIROZ. Valor: R$ 94.800,00. CPF CONTRATADA : 027.656.614-99 JOAO MARIA DEOLIVEIRA. Valor: R$ 93.500,00. CPF CONTRATADA : 027.992.064-41 JOSE ADAILTONPEREIRA DE ARAUJO. Valor: R$ 96.000,00. CPF CONTRATADA : 028.321.644-12 JOSE DE ARIMATEIA LUCAS DA SILVA. Valor: R$ 52.000,00. CPF CONTRATADA : 029.630.694-05 CARLOS ALBERTO GURGEL PEREIRA. Valor: R$ 88.900,00. CPF CONTRATADA : 029.667.644-65 JOSERI LOPES FERREIRA. Valor: R$ 68.800,00. CPF CONTRATADA : 029.809.074-05 JOAO KLEBER FRANCELINO DE MOURA. Valor: R$ 72.800,00. CPF CONTRATADA : 031.085.914-01 SIDNEY DE SOUSA DINIZ. Valor: R$ 93.420,00. CPF CONTRATADA : 034.444.204-71 JOSE WILAMI DE MELO. Valor: R$ 36.000,00. CPF CONTRATADA : 034.517.084-93 JOEL DA COSTAPEREIRA. Valor: R$ 66.900,00. CPF CONTRATADA : 034.984.224-80 ANTONIO JUSTINO SOBRINHO. Valor: R$ 84.500,00. CPF CONTRATADA : 035.179.634-70 LUCAS PONTES RODRIGUES. Valor: R$ 70.400,00. CPF CONTRATADA : 035.549.664-01 FRANCISCO ACELINO DA SILVA. Valor: R$ 82.100,00. CPF CONTRATADA : 036.062.034-54 GUILHERME HERCULANO GURGEL DO ROSARIO. Valor: R$ 94.000,00. CPF CONTRATADA : 036.914.554-25 SANDOVAL SANTANA DOS SANTOS. Valor: R$ 59.100,00. CPF CONTRATADA : 037.412.683-64 ALEXANDRE FAMA DE ALMEIDA. Valor: R$ 89.900,00. CPF CONTRATADA : 037.428.743-06 LUCAS CORTEZ DANTAS VIANA. Valor: R$ 89.900,00. CPF CONTRATADA : 037.656.614-06 JOAO CARLOS PONTES FAGUNDES. Valor: R$ 81.000,00. CPF CONTRATADA : 037.657.074-14 JOAO MARIA CAMILO ALEXANDRE. Valor: R$ 48.000,00. CPF CONTRATADA : 037.938.684-43 RAIMUNDO GONCALVES DOS SANTOS. Valor: R$ 65.400,00. CPF CONTRATADA : 038.241.354-77 FRANCELI DA SILVA ARAUJO. Valor: R$ 81.000,00. CPF CONTRATADA : 038.621.924-90 IGILVAM DA SILVA. Valor: R$ 93.420,00. CPF CONTRATADA : 039.684.614-95 ANTONIO LUIZ DA SILVA. Valor: R$ 52.000,00. CPF CONTRATADA : 040.609.964-24 ANTONIO ERIVAN DA SILVA DANTAS. Valor: R$ 96.000,00. CPF CONTRATADA : 041.014.764-89 JOSE EUDO JERONIMO DA SILVA. Valor: R$ 96.000,00. CPF CONTRATADA : 042.116.234-19 EVANILDO COSME DE SOUSA. Valor: R$ 88.000,00. CPF CONTRATADA : 042.672.914-54 FRANCISCO DORIAN FERREIRA FONSECA. Valor: R$ 92.500,00. CPF CONTRATADA : 044.018.824-58 FRANCISCO DJANILSON DE LIMA. Valor: R$ 63.400,00. CPF CONTRATADA : 044.716.824-07 ELIAS FRANCISCO DA SILVA JUNIOR. Valor: R$ 76.800,00. CPF CONTRATADA : 046.443.574-99 RAIMUNDO AUGUSTO ABRANTES NETO. Valor: R$ 90.500,00. CPF CONTRATADA : 047.220.064-07 VALDIR NUNES SOARES. Valor: R$ 76.800,00. CPF CONTRATADA : 051.092.374-76 JOSE ERIMAR DE FARIAS. Valor: R$ 92.500,00. CPF CONTRATADA : 051.208.204-92 SEVERINO ALVES CAMPELO. Valor: R$ 81.000,00. CPF CONTRATADA : 052.279.013-50 COSMO ADRIANOMAIA FEITOSA. Valor: R$ 89.900,00. CPF CONTRATADA : 052.780.334-01 RODRIGO LEONARDO AZEVEDO DE ARAUJO. Valor: R$ 78.700,00. CPF CONTRATADA : 053.249.844-50 IVANILDO FELINTO CAMPELO. Valor: R$ 74.000,00. CPF CONTRATADA : 053.421.103-86 FRANCISCO JAILTON HOLANDA LIMA. Valor: R$ 95.400,00. CPF CONTRATADA : 053.567.464-31 RENATO SILVA DE LIMA. Valor: R$ 44.800,00. CPF CONTRATADA : 053.600.773-01 FRANCISCO RENER MATIAS BARBOSA. Valor: R$ 89.900,00. CPF CONTRATADA : 054.618.344-18 PEDRO CRISOSTOMO DA SILVA NETO. Valor: R$ 52.000,00. CPF CONTRATADA : 054.768.194-10 PAULO GERMANODA SILVA. Valor: R$ 90.500,00. CPF CONTRATADA : 054.861.164-54 JOSEAN FABIO DOS SANTOS. Valor: R$ 63.400,00. CPF CONTRATADA : 054.920.274-92 TARCISIO FERREIRA DE ANDRADE. Valor: R$ 90.500,00. CPF CONTRATADA : 054.989.174-90 FRANCISCO RONALDO DE MELO. Valor: R$ 84.000,00. CPF CONTRATADA : 055.909.404-35 FRANCISCO TOMAZ LUCAS DA SILVA. Valor: R$ 88.500,00. CPF CONTRATADA : 056.917.994-79 ADRIANO MIRANDA DO NASCIMENTO. Valor: R$ 90.500,00. CPF CONTRATADA : 057.067.014-40 RANNIERE MORAIS DE OLIVEIRA. Valor: R$ 70.400,00. CPF CONTRATADA : 059.057.144-36 JOSE HUMBERTODE ARAUJO. Valor: R$ 78.700,00. CPF CONTRATADA : 060.430.313-02 ANTONIO ITALOBANDEIRA MATIAS. Valor: R$ 89.900,00. CPF CONTRATADA : 062.464.204-60 MERCIO CLEITON DE SALES. Valor: R$ 63.900,00. CPF CONTRATADA : 066.297.934-63 FRANCISCO SOARES BEZERRA. Valor: R$ 84.000,00. CPF CONTRATADA : 066.726.844-84 TIAGO DA ROCHA DANTAS. Valor: R$ 76.800,00. CPF CONTRATADA : 068.032.404-60 ARILTON JALESDOS SANTOS. Valor: R$ 89.900,00. CPF CONTRATADA : 068.349.504-60 JOAO BATISTA SILVA. Valor: R$ 89.000,00. CPF CONTRATADA : 068.771.834-10 FRANCISCO RODRIGO CARDOSO DOS SANTOS. Valor: R$ 88.900,00. CPF CONTRATADA : 068.931.344-60 CARLOS ARAUJODA SILVA. Valor: R$ 63.900,00. CPF CONTRATADA : 072.680.974-84 FRANCISCO GLAUBER DE LIRA FERNANDES. Valor: R$ 90.500,00. CNPJ CONTRATADA : 07.679.570/0001-07 JOSE LENILSON FERREIRA. Valor: R$ 73.800,00. CPF CONTRATADA : 077.062.404-95 LUIZ CARLOS PINHEIRO DE PAIVA. Valor: R$ 65.400,00. CPF CONTRATADA : 077.737.694-60 ANDRIER ALVESDE SOUZA. Valor: R$ 81.000,00. CPF CONTRATADA : 078.530.384-70 FRANCISCO ANDRE DA SILVA. Valor: R$ 84.500,00. CPF CONTRATADA : 078.545.734-84 FRANCISCO GOMES RODRIGUES. Valor: R$ 63.400,00. CPF CONTRATADA : 078.561.724-87 JOSEMAR RIBEIRO DOS SANTOS. Valor: R$ 81.000,00. CPF CONTRATADA : 078.917.804-47 AVILO PAULO TORRES BARRETO. Valor: R$ 93.420,00. CPF CONTRATADA : 079.189.024-40 DANIEL MENESES CAVALCANTE. Valor: R$ 93.420,00. CPF CONTRATADA : 079.636.784-14 ANTONIO CESARRODRIGUES. Valor: R$ 63.400,00. CPF CONTRATADA : 080.030.204-41 DIRCEU DE OLIVEIRA BASILIO. Valor: R$ 93.420,00. CPF CONTRATADA : 080.169.654-23 JEDIEL PEREIRA DA SILVA JUNIOR. Valor: R$ 93.420,00. CPF CONTRATADA : 081.974.924-92 JOSE EDMILSONDA SILVA. Valor: R$ 44.800,00. CPF CONTRATADA : 082.099.384-01 JORDIM DUARTEDO NASCIMENTO. Valor: R$ 92.500,00. CPF CONTRATADA : 084.501.114-63 DJEAN DA SILVA BATISTA DE MELO. Valor: R$ 78.700,00. CPF CONTRATADA : 086.077.574-74 CARLOS RICARDO DE ALMEIDA MORAIS. Valor: R$ 84.000,00. CPF CONTRATADA : 088.029.514-70 MAILSON DOS SANTOS. Valor: R$ 48.000,00. CPF CONTRATADA : 089.576.544-61 JOSE JEAN LIMA DA SILVA. Valor: R$ 96.000,00. CPF CONTRATADA : 089.877.584-19 JOSE RANNILTON MORAIS DE OLIVEIRA. Valor: R$ 70.300,00. CNPJ CONTRATADA : 09.015.261/0001-50 F DE P SILVA COMERCIO E SERVICOS. Valor: R$ 70.400,00. CPF CONTRATADA : 091.839.244-69 ATALAS MORENOBARBOSA. Valor: R$ 80.000,00. CPF CONTRATADA : 091.867.754-80 ANDERSON ALVES DE PAIVA. Valor: R$ 63.900,00. CPF CONTRATADA : 094.146.074-63 ALEXANDRE SOUSA PONTES JUNIOR. Valor: R$ 81.000,00. CPF CONTRATADA : 094.560.614-18 JOSE GOMES DEMELO FILHO. Valor: R$ 89.900,00. CPF CONTRATADA : 094.720.324-94 EMANUEL ALEXANDRE DE SALES. Valor: R$ 96.000,00. CPF CONTRATADA : 095.964.314-12 FRANCISCO JACSON MELO FERNANDES. Valor: R$ 89.000,00. CPF CONTRATADA : 096.444.494-10 JOSE ADAILSONDE OLIVEIRA. Valor: R$ 90.500,00. CPF CONTRATADA : 096.578.754-04 MARCOS ANTONIO GALDINO. Valor: R$ 90.500,00. CPF CONTRATADA : 096.907.364-00 EVERTON FREIRE DA COSTA. Valor: R$ 64.000,00. CPF CONTRATADA : 097.507.234-06 JUDSON LUIZ FERREIRA SILVA. Valor: R$ 94.800,00. CPF CONTRATADA : 098.147.124-26 CRISTOVAO CARDOSO DA SILVA. Valor: R$ 83.000,00. CPF CONTRATADA : 098.158.064-59 RAFAEL FRANCISCO DA ROCHA. Valor: R$ 64.000,00. CPF CONTRATADA : 098.798.964-24 JOCELIO FERRERIA DA SILVA. Valor: R$ 84.500,00. CPF CONTRATADA : 102.478.034-13 WALLAS FEITOSA MARIANO NEVES. Valor: R$ 52.000,00. CPF CONTRATADA : 105.367.404-02 FRANCISCO TIAGO PEREIRA. Valor: R$ 90.500,00. CNPJ CONTRATADA : 11.163.545/0001-35 P G OLIVEIRA JUNIOR. Valor: R$ 277.800,00. CPF CONTRATADA : 111.962.024-43 JEFFERSON DA SILVA SOARES. Valor: R$ 90.500,00. CPF CONTRATADA : 115.296.484-40 ANTONIO ALVESDE OLIVEIRA. Valor: R$ 92.500,00. CPF CONTRATADA : 115.679.324-60 EDGAR DE OLIVEIRA SILVA. Valor: R$ 81.000,00. CPF CONTRATADA : 116.663.994-00 LUAN FERREIRAXAVIER. Valor: R$ 78.600,00. CNPJ CONTRATADA : 11.747.935/0001-52 W. C. DUARTE. Valor: R$ 73.800,00. CPF CONTRATADA : 123.363.764-90 ALTAIR CESAR CASTRO CABRAL. Valor: R$ 76.800,00. CPF CONTRATADA : 128.406.588-01 EDMUNDO SILVEIRA LIMA. Valor: R$ 88.000,00. CPF CONTRATADA : 130.158.774-53 RAIMUNDO NONATO DE ANDRADE. Valor: R$ 95.400,00. CPF CONTRATADA : 131.121.834-36 EMERSON FABIODANTAS JACOME JUNIOR. Valor: R$ 89.900,00. CPF CONTRATADA : 133.118.694-35 JOAO LUCAS FRANKLIN DE LIMA. Valor: R$ 77.700,00. CNPJ CONTRATADA : 15.312.532/0001-31 AIANNE MIKAELLY GONCALVES DE HOLANDA. Valor: R$ 84.500,00. CNPJ CONTRATADA : 17.851.554/0001-03 G. DANTAS DE MEDEIROS. Valor: R$ 96.000,00. CPF CONTRATADA : 180.266.418-17 FRANCISCO DANTAS DE FRANCA. Valor: R$ 84.500,00. CNPJ CONTRATADA : 18.286.404/0001-59 G. DA COSTA FELINTO. Valor: R$ 70.400,00. CPF CONTRATADA : 196.732.208-24 CLAUDIO PEREIRA PIRES. Valor: R$ 89.900,00. CNPJ CONTRATADA : 19.812.008/0001-80 DARIO DAVID DE CARVALHO. Valor: R$ 140.800,00. CPF CONTRATADA : 199.156.404-04 JOSE WELLINGTON DA COSTA. Valor: R$ 70.400,00. CNPJ CONTRATADA : 21.367.454/0001-75 ALTANIR &amp; GILENO LTDA. Valor: R$ 96.000,00. CPF CONTRATADA : 224.619.788-08 ROMULO CAVALCANTE LIMA. Valor: R$ 92.500,00. CNPJ CONTRATADA : 22.865.867/0001-42 JOSE SOARES OLIMPIO. Valor: R$ 88.500,00. CNPJ CONTRATADA : 23.962.755/0001-72 BRUNO CESAR FERNANDES MENEZES 04913815490. Valor: R$ 88.500,00. CNPJ CONTRATADA : 24.615.548/0001-04 RONALDO CAMPOS DE AMORIM. Valor: R$ 151.400,00. CNPJ CONTRATADA : 26.014.442/0001-80 JOSE JAIR DE OLIVEIRA. Valor: R$ 88.500,00. CNPJ CONTRATADA : 26.022.531/0001-79 CRISTOVAO CARDOSO DA SILVA 09814712426. Valor: R$ 83.000,00. CPF CONTRATADA : 263.868.728-60 JAILSON DA SILVA OLIVEIRA. Valor: R$ 76.800,00. CNPJ CONTRATADA : 26.393.046/0001-01 LUCENILDO CARLOS DE MEDEIROS. Valor: R$ 78.700,00. CNPJ CONTRATADA : 26.522.809/0001-77 DARCIANABRUNA BEZERRA DE MEDEIROS. Valor: R$ 81.000,00. CNPJ CONTRATADA : 26.878.390/0001-90 A K S V DA COSTA. Valor: R$ 89.900,00. CNPJ CONTRATADA : 27.321.184/0001-48 J J LIMADA SILVA LOCACACOES. Valor: R$ 81.000,00. CNPJ CONTRATADA : 28.116.829/0001-73 J JORGE DOS SANTOS. Valor: R$ 247.400,00. CNPJ CONTRATADA : 28.143.192/0001-04 EDIVAN CANUTO DA SILVA. Valor: R$ 273.000,00. CNPJ CONTRATADA : 28.200.388/0001-93 LIVIA MARIA DA SILVA RODRIGUES 70562344454. Valor: R$ 116.000,00. CNPJ CONTRATADA : 28.207.781/0001-09 JOSE DE ANCHIETA D DE MEDEIROS. Valor: R$ 142.800,00. CNPJ CONTRATADA : 28.853.509/0001-04 ANTONIA MARIA DO CARMO RAMOS 91663415404. Valor: R$ 93.500,00. CNPJ CONTRATADA : 29.278.301/0001-63 G D MEDEIROS DA SILVA. Valor: R$ 76.800,00. CNPJ CONTRATADA : 29.415.717/0001-86 F DE ASSIS DO NASCIMENTO. Valor: R$ 91.900,00. CPF CONTRATADA : 297.469.304-00 LUCI PEREIRA DE SOUSA. Valor: R$ 66.800,00. CNPJ CONTRATADA : 30.170.295/0001-05 A M DE MACEDO JUNIOR. Valor: R$ 63.900,00. CNPJ CONTRATADA : 30.796.185/0001-53 F T J DEFREITAS EIRELI. Valor: R$ 363.500,00. CNPJ CONTRATADA : 30.807.511/0001-80 EMERSON AMORIM LINO DANTAS 89752937420. Valor: R$ 88.900,00. CPF CONTRATADA : 313.085.808-35 JOABE SOARES DA SILVA. Valor: R$ 88.000,00. CNPJ CONTRATADA : 32.875.228/0001-11 ELEONIDES NETA BEZERRA. Valor: R$ 77.700,00. CNPJ CONTRATADA : 33.702.865/0001-59 LAURO SERGIO ASSUNCAO DE ALBUQUERQUE. Valor: R$ 89.000,00. CPF CONTRATADA : 342.044.824-49 JOSE ANTONIO DA SILVA NETO. Valor: R$ 81.000,00. CNPJ CONTRATADA : 34.622.791/0001-03 FRANCISCO DORIAN FERREIRA FONSECA. Valor: R$ 92.500,00. CNPJ CONTRATADA : 34.699.939/0001-08 W TAVARES DA FONSECA LOCACOES. Valor: R$ 240.800,00. CNPJ CONTRATADA : 34.739.518/0001-63 MANOEL HELENO DE OLIVEIRA. Valor: R$ 93.500,00. CNPJ CONTRATADA : 34.754.583/0001-68 CHRISTIAN ACIOLE DE ARAUJO 11747791440. Valor: R$ 155.400,00. CNPJ CONTRATADA : 35.867.214/0001-44 ATALAS MORENO BARBOSA 09183924469. Valor: R$ 44.250,00. CNPJ CONTRATADA : 36.223.198/0001-10 BOM CONSTRUTOR EMPREENDIMENTOS LTDA. Valor: R$ 63.900,00. CPF CONTRATADA : 369.777.564-20 JOSE NETO SALVIANO. Valor: R$ 68.800,00. CPF CONTRATADA : 379.026.014-20 ALZENIR AUGUSTO DA SILVA. Valor: R$ 44.800,00. CNPJ CONTRATADA : 38.139.156/0001-20 JOSARBASROCHA LIMA. Valor: R$ 90.500,00. CNPJ CONTRATADA : 38.468.052/0001-60 TALISMA COMERCIO E SERVICOS EIRELI. Valor: R$ 70.400,00. CPF CONTRATADA : 392.346.734-68 GEOMAR DANTASDE MEDEIROS. Valor: R$ 88.500,00. CNPJ CONTRATADA : 39.686.731/0001-78 MARCOS HENRIQUE DE LIMA SILVA 01681035405. Valor: R$ 70.400,00. CPF CONTRATADA : 413.112.134-49 OZIVAN DE SOUZA LIRA. Valor: R$ 80.000,00. CNPJ CONTRATADA : 41.819.352/0001-50 JOSE RANNILTON MORAIS DE OLIVEIRA 08987758419. Valor: R$ 96.000,00. CPF CONTRATADA : 419.050.324-04 FRANCISCO EDUARDO MESQUITA. Valor: R$ 88.500,00. CNPJ CONTRATADA : 43.599.924/0001-69 FERREIRADISTRIBUICAO E SERVICOS LTDA. Valor: R$ 161.700,00. CPF CONTRATADA : 447.705.704-06 FRANCISCO BENTO DA SILVA. Valor: R$ 66.900,00. CNPJ CONTRATADA : 45.076.518/0001-47 MARQUICILIANO CARDOSO DE MEDEIROS 02886477427. Valor: R$ 93.500,00. CNPJ CONTRATADA : 45.168.699/0001-31 JOSE ALVES DO NASCIMENTO 04382312442. Valor: R$ 52.000,00. CNPJ CONTRATADA : 45.915.776/0001-70 FRANCISCO REGINALDO LIMA AMORIM 04464520766. Valor: R$ 95.400,00. CPF CONTRATADA : 460.870.364-15 MILTON GOMES PINTO. Valor: R$ 88.000,00. CPF CONTRATADA : 465.666.004-34 JOAO MARIA CABRAL. Valor: R$ 59.100,00. CPF CONTRATADA : 466.516.244-15 JOAO EDGAR DEMELO. Valor: R$ 65.400,00. CPF CONTRATADA : 490.419.084-04 LUIZ JULIAO FILHO. Valor: R$ 59.000,00. CPF CONTRATADA : 523.455.484-87 ANTONIO FRANCISCO FELINTO. Valor: R$ 96.000,00. CPF CONTRATADA : 530.940.004-44 EDIVAN CANUTODA SILVA. Valor: R$ 76.800,00. CPF CONTRATADA : 536.202.404-34 ANTONIO FRANCISCO CORTEZ. Valor: R$ 89.900,00. CPF CONTRATADA : 593.199.414-91 AURIBERTO MORAIS FRAZAO. Valor: R$ 48.000,00. CPF CONTRATADA : 593.652.774-34 NOBERTO FERNANDES DE SOUZA. Valor: R$ 76.800,00. CPF CONTRATADA : 603.729.523-99 LUCAS MICHELSON ALMEIDA FERREIRA. Valor: R$ 89.900,00. CPF CONTRATADA : 603.733.863-97 FRANCISCO JACKSON LIMA ALVES. Valor: R$ 89.900,00. CPF CONTRATADA : 606.057.193-06 HENRIQUE SOARES DE SOUZA. Valor: R$ 88.500,00. CPF CONTRATADA : 663.788.264-04 CARLOS ALBERTO DA SILVA. Valor: R$ 90.500,00. CPF CONTRATADA : 671.200.084-04 JOSE EDMILSONRODRIGUES DO NASCIMENTO. Valor: R$ 77.000,00. CPF CONTRATADA : 701.142.764-39 WEFERSSON GUEDES DE MOURA NASCIMENTO. Valor: R$ 70.400,00. CPF CONTRATADA : 701.275.894-57 JAIR PEDRO DEOLIVEIRA JUNIOR. Valor: R$ 81.000,00. CNPJ CONTRATADA : 70.307.129/0001-22 F&amp;F TRANSPORTES E COMERCIO LTDA. Valor: R$ 88.000,00. CPF CONTRATADA : 704.082.794-86 JANILSON VIANA GONCALVES. Valor: R$ 70.400,00. CPF CONTRATADA : 705.279.904-93 JOSE CARLOS DA SILVA. Valor: R$ 40.000,00. CPF CONTRATADA : 708.352.174-34 LUIZ ANTONIO SANTOS DA SILVA. Valor: R$ 70.300,00. CPF CONTRATADA : 720.839.994-87 RAIMUNDO FILHO CONRADO FONTES. Valor: R$ 93.420,00. CPF CONTRATADA : 736.898.664-72 ADESIO JOSE MEDEIROS DE MORAIS. Valor: R$ 40.000,00. CPF CONTRATADA : 737.038.854-91 FRANCISCO OSMARIO DE OLIVEIRA. Valor: R$ 74.000,00. CPF CONTRATADA : 785.118.604-87 IVANALDO AUGUSTO DA SILVA. Valor: R$ 44.800,00. CPF CONTRATADA : 790.572.174-49 EDILSON ARCELINO BARBOSA. Valor: R$ 88.500,00. CPF CONTRATADA : 791.335.334-15 ROBERTO CARLOS BATISTA. Valor: R$ 73.800,00. CPF CONTRATADA : 829.299.394-00 JOSE DE ARIMATEIA DE FREITAS. Valor: R$ 81.000,00. CPF CONTRATADA : 847.401.913-34 ANTONIO DINO CARNEIRO MAIA. Valor: R$ 95.400,00. CPF CONTRATADA : 851.359.503-97 EVANDRO JOSE XAVIER DA COSTA. Valor: R$ 88.500,00. CPF CONTRATADA : 854.643.764-53 AELSON BENTO DA SILVA. Valor: R$ 93.420,00. CPF CONTRATADA : 875.809.264-15 SERGIO FRANKLIN ANTUNES DE MEDEIROS. Valor: R$ 80.000,00. CPF CONTRATADA : 876.277.284-87 FRANCISCO ARAUJO VIANA. Valor: R$ 92.500,00. CPF CONTRATADA : 877.540.614-49 MARCOS ROBERTO FERNANDES DE OLIVEIRA. Valor: R$ 88.000,00. CPF CONTRATADA : 878.774.814-20 SOSTENES SILVESTRE GALDINO DE OLIVEIRA. Valor: R$ 64.000,00. CPF CONTRATADA : 897.670.983-72 NATALIA DE ALMEIDA LOUREIRO. Valor: R$ 89.900,00. CPF CONTRATADA : 897.713.204-59 LUCENILDO CARLOS DE MEDEIROS. Valor: R$ 91.900,00. CPF CONTRATADA : 906.781.843-72 IVAN FREITAS DE OLIVEIRA. Valor: R$ 84.500,00. CPF CONTRATADA : 910.607.885-00 LUCIANO CORDEIRO FREITAS. Valor: R$ 96.000,00. CPF CONTRATADA : 916.787.224-72 DAMIAO JOELITON NOBREGA DE BRITO. Valor: R$ 93.420,00. CPF CONTRATADA : 942.393.474-91 ANTONIO MARCOS FREIRE CAMARA. Valor: R$ 94.800,00</p><p>(SIDEC - 24/08/2022) 160342-00001-2022NE000001</p>]]></Texto>
  </body>
  <Midias />
</article></xml>