﻿<xml><article id="27712424" name="Sidec_00027__W0IPWJ" idOficio="7355149" pubName="DO3" artType="Aviso de Suspensão" pubDate="25/08/2022" artClass="00007:00060:00021:00000:00000:00000:00000:00000:00000:00000:00089:00028" artCategory="Ministério da Agricultura, Pecuária e Abastecimento/Empresa Brasileira de Pesquisa Agropecuária/Embrapa Agroenergia" artSize="12" artNotes="" numberPage="6" pdfPage="http://pesquisa.in.gov.br/imprensa/jsp/visualiza/index.jsp?data=25/08/2022&amp;jornal=530&amp;pagina=6" editionNumber="162" highlightType="" highlightPriority="" highlight="" highlightimage="" highlightimagename="" idMateria="14835918">
  <body>
    <Identifica><![CDATA[ AVISO DE SUSPENSÃO]]></Identifica>
    <Data><![CDATA[]]></Data>
    <Ementa />
    <Titulo />
    <SubTitulo />
    <Texto><![CDATA[<p class="identifica">AVISO DE SUSPENSÃO</p><p class="identifica">PREGÃO Nº 3/2022</p><p>Comunicamos a suspensão da licitação supracitada, publicada no D.O.U em 15/08/2022 . Objeto: Pregão Eletrônico - Fornecimento de gases especiais</p><p class="assina">IZABEL SOFIA KUBICA</p><p class="cargo">Pregoeira</p><p>(SIDEC - 24/08/2022) 135004-13203-2022NE000045</p>]]></Texto>
  </body>
  <Midias />
</article></xml>