﻿<xml><article id="27715744" name="Sidec_00201" idOficio="7355149" pubName="DO3" artType="Aviso de Licitação-Pregão" pubDate="25/08/2022" artClass="00013:00011:00014:00011:00004:00000:00000:00000:00000:00000:00164:00202" artCategory="Ministério da Defesa/Comando do Exército/Comando Militar do Sudeste/2ª Divisão de Exército/12º Grupo de Artilharia de Campanha" artSize="12" artNotes="" numberPage="29" pdfPage="http://pesquisa.in.gov.br/imprensa/jsp/visualiza/index.jsp?data=25/08/2022&amp;jornal=530&amp;pagina=29" editionNumber="162" highlightType="" highlightPriority="" highlight="" highlightimage="" highlightimagename="" idMateria="14836098">
  <body>
    <Identifica><![CDATA[ AVISO DE LICITAÇÃO]]></Identifica>
    <Data><![CDATA[]]></Data>
    <Ementa />
    <Titulo />
    <SubTitulo />
    <Texto><![CDATA[<p class="identifica">AVISO DE LICITAÇÃO</p><p class="identifica">PREGÃO Nº 5/2022 - UASG 160470</p><p>Nº Processo: 64547000388202278 . Objeto: Pregão Eletrônico - Aquisição de material de piscina. Total de Itens Licitados: 00014. Edital: 24/08/2022 de 08h00 às 12h00 e de 13h00 às 16h00. Endereço: Rod Anhanguera, Km 53 - Vila Rami JUNDIAI - SP ou www.comprasgovernamentais.gov.br/edital/160470-05-5-2022. Entrega das Propostas: a partir de 24/08/2022 às 08h00 no site www.comprasnet.gov.br. Abertura das Propostas: 08/09/2022 às 09h30 no site www.comprasnet.gov.br.</p><p class="assina">ALLAN OLIVEIRA BRAGA</p><p class="cargo">Pregoeiro</p><p>Dias: 24/08/2022 , 25/08/2022 E 26/08/2022</p><p>(SIDEC - 24/08/2022) 160470-00001-2022NE000001</p>]]></Texto>
  </body>
  <Midias />
</article></xml>