﻿<xml><article id="27713412" name="Sidec_00157__U7LLJL" idOficio="7355149" pubName="DO3" artType="Aviso" pubDate="25/08/2022" artClass="00013:00010:00029:00002:00022:00000:00000:00000:00000:00000:00108:00158" artCategory="Ministério da Defesa/Comando da Aeronáutica/Secretaria de Economia e Finanças e Administração da Aeronáutica/Diretoria de Administração da Aeronáutica/Grupamento de Apoio de Brasília" artSize="12" artNotes="" numberPage="18" pdfPage="http://pesquisa.in.gov.br/imprensa/jsp/visualiza/index.jsp?data=25/08/2022&amp;jornal=530&amp;pagina=18" editionNumber="162" highlightType="" highlightPriority="" highlight="" highlightimage="" highlightimagename="" idMateria="14836052">
  <body>
    <Identifica><![CDATA[ AVISO DE REABERTURA DE PRAZO]]></Identifica>
    <Data><![CDATA[]]></Data>
    <Ementa />
    <Titulo />
    <SubTitulo />
    <Texto><![CDATA[<p class="identifica">AVISO DE REABERTURA DE PRAZO</p><p class="identifica">PREGÃO Nº 37/2022</p><p>Comunicamos a reabertura de prazo da licitação supracitada, processo Nº 67284002235202291. , publicada no D.O.U de 08/07/2022 . Objeto: Pregão Eletrônico - Aquisição de fragmentadora de papel, colchão, balança, purificador de água, monitor e suporte de monitor Novo Edital: 25/08/2022 das 09h00 às 17h00. Endereço: Esplanada Dos Ministerios Bloco m BRASILIA - DFEntrega das Propostas: a partir de 25/08/2022 às 09h00 no site www.comprasnet.gov.br. Abertura das Propostas: 06/09/2022, às 10h00 no site www.comprasnet.gov.br.</p><p class="assina">NAZARENO CORREIA PEREGRINO</p><p class="cargo">Ordenador de Despesas</p><p>(SIDEC - 24/08/2022) 120006-00001-2022NE800035</p>]]></Texto>
  </body>
  <Midias />
</article></xml>