﻿<xml><article id="27713838" name="2022-08-24/7354552/siasgnet_1483" idOficio="7354552" pubName="DO3" artType="Aviso de Licitação-Pregão" pubDate="25/08/2022" artClass="00013:00011:00009:00008:00008:00000:00000:00000:00000:00000:00164:00001" artCategory="Ministério da Defesa/Comando do Exército/Comando Militar do Leste/1ª Região Militar/Hospital Central do Exército" artSize="12" artNotes="" numberPage="20" pdfPage="http://pesquisa.in.gov.br/imprensa/jsp/visualiza/index.jsp?data=25/08/2022&amp;jornal=530&amp;pagina=20" editionNumber="162" highlightType="" highlightPriority="" highlight="" highlightimage="" highlightimagename="" idMateria="14835057">
  <body>
    <Identifica><![CDATA[ AVISO DE LICITAÇÃO]]></Identifica>
    <Data><![CDATA[]]></Data>
    <Ementa />
    <Titulo />
    <SubTitulo />
    <Texto><![CDATA[<p class="identifica">AVISO DE LICITAÇÃO</p><p class="identifica">Pregão Eletrônico Nº 82/2021 - UASG 160322</p><p>Nº Processo: 94/2021. Objeto: Cessão de uso do espaço físico, pertencente ao Hospital Central do Exército, Rua Francisco Manoel, 126 - Benfica, Rio de Janeiro/RJ, composto de área de atendimento ao público, destinado à instalação da banca de jornal, com a finalidade de exploração exclusiva na venda de jornais, revistas e outros, sendo a cessão remunerada mensalmente. . Total de Itens Licitados: 1. Edital: 25/08/2022 das 09h00 às 12h00 e das 13h00 às 15h00. Endereço: Rua Francisco Manuel, Nr 126 - Benfica - Rio de Janeiro, Benfica - Rio de Janeiro/RJ ou https://www.gov.br/compras/edital/160322-5-00082-2021. Entrega das Propostas: a partir de 25/08/2022 às 09h00 no site www.gov.br/compras. Abertura das Propostas: 08/09/2022 às 09h00 no site www.gov.br/compras. Informações Gerais: .</p><p class="assina">LUIZ CLAUDIO ALVES DA SILVA</p><p class="cargo">Ordenador de Despesas</p><p>(SIASGnet - 24/08/2022) 160322-00001-2022NE000001</p>]]></Texto>
  </body>
  <Midias />
</article></xml>