﻿<xml><article id="27696869" name="Extrato_TA_SOLUCOES" idOficio="7353581" pubName="DO3" artType="Extrato de Termo Aditivo" pubDate="25/08/2022" artClass="00013:00011:00026:00003:00008:00000:00000:00000:00000:00000:00054:00000" artCategory="Ministério da Defesa/Comando do Exército/Departamento de Educação e Cultura do Exército/Diretoria de Educação  Preparatória e Assistencial/Colégio Militar de Recife" artSize="12" artNotes="" numberPage="32" pdfPage="http://pesquisa.in.gov.br/imprensa/jsp/visualiza/index.jsp?data=25/08/2022&amp;jornal=530&amp;pagina=32" editionNumber="162" highlightType="" highlightPriority="" highlight="" highlightimage="" highlightimagename="" idMateria="14833824">
  <body>
    <Identifica><![CDATA[ EXTRATO DE TERMO ADITIVO Nº 3 UASG 160084]]></Identifica>
    <Data><![CDATA[]]></Data>
    <Ementa />
    <Titulo />
    <SubTitulo />
    <Texto><![CDATA[<p class="identifica">EXTRATO DE TERMO ADITIVO Nº 3 UASG 160084</p><p>Número do Contrato: 04/2019. Processo administrativo nº 64257.001440/2019-73. Pregão Eletrônico nº 04/2019 - CMR (160084). Termo Aditivo: 03. Contratante: Colégio Militar do Recife - CNPJ 09.586.596/0001-28. Contratada: SOLUÇÕES SERVIÇOS DE LOCAÇÃO DE MÁQUINAS E EQUIPAMENTOS EIRELI - CNPJ: 07.759.174/0001-81. Objeto: Contratação de serviços de Outsourcing de impressão. Vigência: 26 de agosto de 2022 a 25 de agosto de 2023. Valor Mensal: R$ 7.729,02 (sete mil, setecentos e vinte e nove reais e dois centavos). Valor Anual: R$ 92.748,24 (noventa e dois mil, setecentos e quarenta e oito reais e vinte e quatro centavos). Data da assinatura: 24 de agosto de 2022.</p>]]></Texto>
  </body>
  <Midias />
</article></xml>