﻿<xml><article id="27712711" name="2022-08-24/7353843/siasgnet_1483" idOficio="7353843" pubName="DO3" artType="Aviso de Licitação-Pregão" pubDate="25/08/2022" artClass="00007:00047:00041:00005:00009:00000:00000:00000:00000:00000:00164:00001" artCategory="Ministério da Agricultura, Pecuária e Abastecimento/Secretaria de Defesa Agropecuária/Departamento de Serviços Técnicos/Coordenação-Geral de Apoio Laboratorial/Laboratório Federal de Defesa Agropecuária em Goiás" artSize="12" artNotes="" numberPage="5" pdfPage="http://pesquisa.in.gov.br/imprensa/jsp/visualiza/index.jsp?data=25/08/2022&amp;jornal=530&amp;pagina=5" editionNumber="162" highlightType="" highlightPriority="" highlight="" highlightimage="" highlightimagename="" idMateria="14834144">
  <body>
    <Identifica><![CDATA[ AVISO DE LICITAÇÃO]]></Identifica>
    <Data><![CDATA[]]></Data>
    <Ementa />
    <Titulo />
    <SubTitulo />
    <Texto><![CDATA[<p class="identifica">AVISO DE LICITAÇÃO</p><p class="identifica">Pregão Eletrônico Nº 4/2022 - UASG 130032</p><p>Nº Processo: 21005000246202144. Objeto: Contratação dos serviços continuados de manutenção preventiva com qualificação operacional e manutenção corretiva, mediante emissão de Ordem de Serviço, e com fornecimento de peças, acessórios e componentes necessárias, para os instrumentos que integram 2 (dois) conjuntos analíticos de Cromatografia Líquida e Espectrometria de Massas, com sistema Gerador de Nitrogênio (LC-MS, modelos API 5000 e Triple 6500. Total de Itens Licitados: 6. Edital: 25/08/2022 das 08h30 às 11h30 e das 13h30 às 16h30. Endereço: Rua da Divisa, S/n, Setor Jaó, - Goiânia/GO ou https://www.gov.br/compras/edital/130032-5-00004-2022. Entrega das Propostas: a partir de 25/08/2022 às 08h30 no site www.gov.br/compras. Abertura das Propostas: 06/09/2022 às 09h00 no site www.gov.br/compras. Informações Gerais: .</p><p class="assina">DAIANE DOURADO</p><p class="cargo">Chefe de Serviço Substituta</p><p>(SIASGnet - 24/08/2022) 130032-00001-2022NE000001</p>]]></Texto>
  </body>
  <Midias />
</article></xml>