﻿<xml><article id="27712826" name="2022-08-24/7355024/COMPRASNETWS_" idOficio="7355024" pubName="DO3" artType="Extrato de Contrato" pubDate="25/08/2022" artClass="00013:00011:00008:00012:00042:00000:00000:00000:00000:00000:00031:00001" artCategory="Ministério da Defesa/Comando do Exército/Comando Militar da Amazônia/2º Grupamento de Engenharia/5º Batalhão de Engenharia de Construção" artSize="12" artNotes="" numberPage="19" pdfPage="http://pesquisa.in.gov.br/imprensa/jsp/visualiza/index.jsp?data=25/08/2022&amp;jornal=530&amp;pagina=19" editionNumber="162" highlightType="" highlightPriority="" highlight="" highlightimage="" highlightimagename="" idMateria="14835680">
  <body>
    <Identifica><![CDATA[ EXTRATO DE CONTRATO Nº 10/2022 - UASG 160348]]></Identifica>
    <Data><![CDATA[]]></Data>
    <Ementa />
    <Titulo />
    <SubTitulo />
    <Texto><![CDATA[<p class="identifica">EXTRATO DE CONTRATO Nº 10/2022 - UASG 160348</p><p>Nº Processo: 64043.006539/2021-00.</p><p>Pregão Nº 33/2021. Contratante: 5 BATALHAO DE ENGENHARIA DE CONSTRUCAO.</p><p>Contratado: 20.077.176/0001-59 - CARVALHO COMERCIO &amp; SERVICOS EIRELI. Objeto: Aquisição de material de construção, elétrico, ferramental e hidráulico (tubo de concreto).</p><p>Fundamento Legal: LEI 10.520 / 2002 - Artigo: 1. Vigência: 07/01/2022 a 06/01/2023. Valor Total: R$ 25.840,00. Data de Assinatura: 07/01/2022.</p><p>(COMPRASNET 4.0 - 24/08/2022).</p>]]></Texto>
  </body>
  <Midias />
</article></xml>