﻿<xml><article id="27694999" name="90. PublicaAAo agosto 18-08-2022" idOficio="7342518" pubName="DO3" artType="Ato" pubDate="25/08/2022" artClass="00048:00259:00000:00000:00000:00000:00000:00000:00000:00000:00173:00000" artCategory="Entidades de Fiscalização do Exercício das Profissões Liberais/Conselho Regional de Engenharia e Agronomia da Bahia" artSize="12" artNotes="" numberPage="188" pdfPage="http://pesquisa.in.gov.br/imprensa/jsp/visualiza/index.jsp?data=25/08/2022&amp;jornal=530&amp;pagina=188" editionNumber="162" highlightType="" highlightPriority="" highlight="" highlightimage="" highlightimagename="" idMateria="14818617">
  <body>
    <Identifica><![CDATA[ ExtratoS de Termo Aditivo]]></Identifica>
    <Data><![CDATA[]]></Data>
    <Ementa />
    <Titulo />
    <SubTitulo />
    <Texto><![CDATA[<p class="identifica">ExtratoS de Termo Aditivo</p><p>Espécie: 1º Termo Aditivo ao Contrato n°16/2021, Processo administrativo nº 113845/2021; relativo a Concorrência nº 01/2021, protocolado sob o nº 50323/2022; Contratante: O Conselho Regional de Engenharia e Agronomia da Bahia, inscrito no CNPJ/MF sob o nº 15.233.026/0001-57; Contratado: OBJECTIVA COMUNICAÇÃO LTDA, inscrito no CNPJ/MF sob o nº 34.001.487/0001-49; Objeto: Acréscimo de 25% (vinte e cinco por cento) do valor estimado da contratação, dos serviços de publicidade, resultando no importe de R$98.150,00 (noventa e oito mil cento e cinquenta reais) Assim o valor estimado anual passou a corresponder R$490.750,00(quatrocentos e noventa mil setecentos e cinquenta reais); Conta Orçamentária 6.2.2.1.1.01.04.08.018; data de assinatura: 17/08/2022.</p><p>Espécie: 2° Termo Aditivo ao Contrato n°03/2021, Processo nº47982/2022; Contratante: Conselho Regional de Engenharia e Agronomia da Bahia, inscrito no CNPJ/MF: 15.233.026/0001-57; Contratado: L A VIEIRA PROCESSAMENTO DE DADOS E SERVIÇOS TECNOLÓGICOS, inscrito no CNPJ/MF nº 15.503.924/0001-88; Objetivo: acréscimo de 03 (três) licenças do Google Workspace Business, com renovação anual, passando de 14 para 17 licenças, que corresponde a 21,43% do valor contratual; passando o valor contratual para R$884,00 (oitocentos e oitenta e quatro reais)/mensais; Conta Orçamentária: 6.2.2.1.1.01.04.09.005; data de assinatura: 18/08/2022.</p>]]></Texto>
  </body>
  <Midias />
</article></xml>