﻿<xml><article id="27696491" name="Extrato de Termo de Fomento - 92" idOficio="7353488" pubName="DO3" artType="Extrato" pubDate="25/08/2022" artClass="00008:00024:00047:00000:00000:00000:00000:00000:00000:00000:00172:00000" artCategory="Ministério da Cidadania/Secretaria Especial do Desenvolvimento Social/Secretaria Nacional de Cuidados e Prevenção às Drogas" artSize="12" artNotes="" numberPage="9" pdfPage="http://pesquisa.in.gov.br/imprensa/jsp/visualiza/index.jsp?data=25/08/2022&amp;jornal=530&amp;pagina=9" editionNumber="162" highlightType="" highlightPriority="" highlight="" highlightimage="" highlightimagename="" idMateria="14833706">
  <body>
    <Identifica><![CDATA[  Extrato de Termo de FOMENTO Nº 928724/2022]]></Identifica>
    <Data><![CDATA[]]></Data>
    <Ementa />
    <Titulo />
    <SubTitulo />
    <Texto><![CDATA[<p class="identifica">Extrato de Termo de FOMENTO Nº 928724/2022</p><p>ESPÉCIE: Termo de Fomento Nº 928724/2022, Nº Processo: 71000.012433/2022-70, Concedente: MINISTÉRIO DA CIDADANIA CNPJ Nº 05.526.783/0001-65, Convenente: FAZENDA PARA ACOLHIMENTO DE DEPENDENTES QUÍMICOS DIVINA MISERICÓRDIA. CNPJ nº 13.196.874/0001-08, Objeto: Aquisição de itens de custeio para aprimorar os serviços de acolhimento prestados pela Fazenda para Acolhimento de Dependentes Químicos Divina Misericórdia e oferecimento de capacitação profissional de acolhidos. Valor Total: R$ 168.315,00, Valor a ser transferido ou descentralizado por exercício: 2022 - R$ 168.315,00 Crédito Orçamentário: Num Empenho: 2022NE001000, Valor: R$ 168.315,00, PTRES: 212291, Fonte Recurso: 153, ND: 33.50.41 Vigência: 23/08/2022 a 23/08/2023, Data de Assinatura: 23/08/2022, Signatários: Concedente: QUIRINO CORDEIRO JÚNIOR CPF nº ***.496.788-**, Convenente: ARLY DE AMORIM SILVA CPF nº ***.350.914-**.</p>]]></Texto>
  </body>
  <Midias />
</article></xml>