﻿<xml><article id="27701908" name="Extrato - AVISO DE CREDENCIAMENT" idOficio="7354643" pubName="DO3" artType="Aviso de Credenciamento" pubDate="25/08/2022" artClass="00013:00010:00010:00023:00298:00000:00000:00000:00000:00000:00075:00000" artCategory="Ministério da Defesa/Comando da Aeronáutica/Comando de Preparo/V Comando Aéreo Regional/Base Aérea de Florianópolis" artSize="12" artNotes="" numberPage="15" pdfPage="http://pesquisa.in.gov.br/imprensa/jsp/visualiza/index.jsp?data=25/08/2022&amp;jornal=530&amp;pagina=15" editionNumber="162" highlightType="" highlightPriority="" highlight="" highlightimage="" highlightimagename="" idMateria="14835122">
  <body>
    <Identifica><![CDATA[ AVISO DE CREDENCIAMENTO]]></Identifica>
    <Data><![CDATA[]]></Data>
    <Ementa />
    <Titulo />
    <SubTitulo />
    <Texto><![CDATA[<p class="identifica">AVISO DE CREDENCIAMENTO</p><p>Objeto: Credenciamento no Estado de Santa Catarina, de pessoas jurídicas interessadas na prestação de serviços complementares para assistência médica, ambulatorial e hospitalar; internação hospitalar (adulto e pediátrico), internação hospitalar em UTI (adulto e pediátrico), maternidade e assistência neonatal, pronto-socorro (atendimento de urgência e de emergência, adulto e pediátrico), diagnóstico por imagem, laboratório de patologia e análises clínicas, atenção domiciliar, terapia em fisioterapia; remoção; fonoaudiologia, psicologia, terapia ocupacional, nutrição e terapias especiais, aos beneficiários do Sistema de Saúde da Aeronáutica (SISAU), e, eventualmente, aos beneficiários do Sistema de Saúde de outras Forças Singulares. Horário e data para o recebimento dos envelopes de documentação de 08h30min às 11h30min e de 14h00min às 16h00min de segunda-feira a quinta-feira e de 08h30min às 11h30min nas sextas-feiras (Horário de Brasília), entregues à COMISSÃO DE CREDENCIAMENTO, na Seção de Licitações e Contratos (SLC), localizada na Avenida Santos Dumont, s/n, Tapera, Florianópolis - SC, CEP: 88.049-000 - telefone (48) 3229-5072 para confirmação de funcionamento, e-mail: credenciamentos.bafl@fab.mil.br. O edital e anexos poderão ser consultados no endereço eletrônico https://www2.fab.mil.br/licitacoesecontratos/index.php.</p><p class="assina">DENIS VINÍCIUS SILVA PASSOS Major Intendente</p><p class="cargo">Ordenador de Despesas da BAFL</p>]]></Texto>
  </body>
  <Midias />
</article></xml>