﻿<xml><article id="27716423" name="2022-08-24/7354997/siasgnet_1483" idOficio="7354997" pubName="DO3" artType="Aviso de Licitação-Pregão" pubDate="25/08/2022" artClass="00013:00010:00012:00009:00215:00000:00000:00000:00000:00000:00164:00001" artCategory="Ministério da Defesa/Comando da Aeronáutica/Comando-Geral do Pessoal/Diretoria de Ensino/Escola Preparatória de Cadetes do Ar" artSize="12" artNotes="" numberPage="16" pdfPage="http://pesquisa.in.gov.br/imprensa/jsp/visualiza/index.jsp?data=25/08/2022&amp;jornal=530&amp;pagina=16" editionNumber="162" highlightType="" highlightPriority="" highlight="" highlightimage="" highlightimagename="" idMateria="14835653">
  <body>
    <Identifica><![CDATA[ AVISO DE LICITAÇÃO]]></Identifica>
    <Data><![CDATA[]]></Data>
    <Ementa />
    <Titulo />
    <SubTitulo />
    <Texto><![CDATA[<p class="identifica">AVISO DE LICITAÇÃO</p><p class="identifica">Pregão Eletrônico Nº 83/2022 - UASG 120025</p><p>Nº Processo: 67550015511202294. Objeto: Contratação de serviço continuado de limpeza, asseio, conservação e jardinagem, com fornecimento de toda a mão de obra, saneantes domissanitários, materiais de limpeza, equipamentos e ferramentas necessários à execução adequada dos serviços, no âmbito da Escola Preparatória de Cadetes do Ar, Divisão de Próprios Nacionais Residenciais de Barbacena, DTCEA-BQ e Aeroporto Major Brigadeiro Doorgal Borges.. Total de Itens Licitados: 1. Edital: 25/08/2022 das 09h00 às 12h00 e das 13h30 às 17h00. Endereço: Rua Santos Dumont, Nr. 149 _ Bairro Sao Jose, São José - Barbacena/MG ou https://www.gov.br/compras/edital/120025-5-00083-2022. Entrega das Propostas: a partir de 25/08/2022 às 09h00 no site www.gov.br/compras. Abertura das Propostas: 08/09/2022 às 10h00 no site www.gov.br/compras. Informações Gerais: .</p><p class="assina">SHEYLA FERNANDES SALES</p><p class="cargo">Ordenadora de Despesas Delegada</p><p>(SIASGnet - 24/08/2022) 120025-00001-2022NE800874</p>]]></Texto>
  </body>
  <Midias />
</article></xml>