﻿<xml><article id="27701579" name="3A TA CT 0.037.00-2020 ECT" idOficio="7354583" pubName="DO3" artType="Extrato de Termo Aditivo" pubDate="25/08/2022" artClass="00014:00048:00000:00000:00000:00000:00000:00000:00000:00000:00054:00000" artCategory="Ministério do Desenvolvimento Regional/Companhia de Desenvolvimento dos Vales do São Francisco e do Parnaíba" artSize="12" artNotes="" numberPage="39" pdfPage="http://pesquisa.in.gov.br/imprensa/jsp/visualiza/index.jsp?data=25/08/2022&amp;jornal=530&amp;pagina=39" editionNumber="162" highlightType="" highlightPriority="" highlight="" highlightimage="" highlightimagename="" idMateria="14835042">
  <body>
    <Identifica><![CDATA[ EXTRATO DE TERMO ADITIVO ao CONTRATO]]></Identifica>
    <Data><![CDATA[]]></Data>
    <Ementa />
    <Titulo />
    <SubTitulo />
    <Texto><![CDATA[<p></p><p class="identifica">EXTRATO DE TERMO ADITIVO ao CONTRATO</p><p>PROCESSO Nº 59500.001151/2020-49.</p><p>ESPÉCIE: 3º Termo Aditivo ao Contrato nº 0.037.00/2020, que entre si fazem a Companhia de Desenvolvimento dos Vales do São Francisco e do Parnaíba - CODEVASF e Empresa Brasileira de Correios e Telégrafos - ECT. DO OBJETO: O presente Termo Aditivo tem por objeto a prorrogação da vigência do Contrato original por mais 12(Doze) meses. DA PRORROGAÇÃO: Em conformidade com o art. 57, II da Lei n. º 8.666/93 e com a cláusula sétima do contrato ora aditado, as partes acordam em prorrogar o contrato por 12 (doze) meses, de 28/08/2022 até 27/08/2023. DO VALOR DO CONTRATO: Considerando tratar-se a Contratante de empresa pública, com recursos próprios, o valor total estimado deste contrato é de até R$ 29.999,99 (vinte e nove mil novecentos e noventa e nove reais e noventa e nove centavos). DA RATIFICAÇÃO: Ficam mantidas e ratificadas, em seu inteiro teor, todas as demais Cláusulas e condições do Contrato originário, não modificadas pelo presente instrumento. E, por estarem justas e contratadas, firmam as partes o presente instrumento. DATA DA ASSINATURA: 24/08/2022 - LUCAS FELIPE DE OLIVEIRA - Gerente Executivo da Área de Gestão Administrativa e Suporte Logístico - AA - CODEVASF.</p>]]></Texto>
  </body>
  <Midias />
</article></xml>