﻿<xml><article id="27715470" name="2022-08-24/7354359/siasgnet_1483" idOficio="7354359" pubName="DO3" artType="Aviso de Licitação-Pregão" pubDate="25/08/2022" artClass="00013:00010:00029:00002:00005:00024:00000:00000:00000:00000:00164:00001" artCategory="Ministério da Defesa/Comando da Aeronáutica/Secretaria de Economia e Finanças e Administração da Aeronáutica/Diretoria de Administração da Aeronáutica/Centro de Apoio Administrativo da Aeronáutica/Grupamento de Apoio de Canoas" artSize="12" artNotes="" numberPage="16" pdfPage="http://pesquisa.in.gov.br/imprensa/jsp/visualiza/index.jsp?data=25/08/2022&amp;jornal=530&amp;pagina=16" editionNumber="162" highlightType="" highlightPriority="" highlight="" highlightimage="" highlightimagename="" idMateria="14834753">
  <body>
    <Identifica><![CDATA[ AVISO DE LICITAÇÃO]]></Identifica>
    <Data><![CDATA[]]></Data>
    <Ementa />
    <Titulo />
    <SubTitulo />
    <Texto><![CDATA[<p class="identifica">AVISO DE LICITAÇÃO</p><p class="identifica">Pregão Eletrônico Nº 65/2022 - UASG 120629</p><p>Nº Processo: 67278003698202250. Objeto: Registro de preços para eventual fornecimento de materiais odontológicos utilizados na especialidade de Endodontia (ENDODONTIA) em proveito do Hospital de Aeronáutica de Canoas (HACO).. Total de Itens Licitados: 202. Edital: 25/08/2022 das 09h00 às 12h00 e das 13h30 às 17h00. Endereço: Av Guilherme Schell - 3950 - Fátima, Fátima - Canoas/RS ou https://www.gov.br/compras/edital/120629-5-00065-2022. Entrega das Propostas: a partir de 25/08/2022 às 09h00 no site www.gov.br/compras. Abertura das Propostas: 06/09/2022 às 09h15 no site www.gov.br/compras. Informações Gerais: .</p><p class="assina">MARCOS PINHEIRO DE VASCONCELLOS</p><p class="cargo">Ordenador de Despesas do Gap-co</p><p>(SIASGnet - 24/08/2022) 120629-00001-2022NE800316</p>]]></Texto>
  </body>
  <Midias />
</article></xml>