﻿<xml><article id="27700645" name="ExtratoTermoCompromisso Lucia Ma" idOficio="7354405" pubName="DO3" artType="Extrato de Compromisso" pubDate="25/08/2022" artClass="00007:00060:00027:00000:00000:00000:00000:00000:00000:00000:00029:00000" artCategory="Ministério da Agricultura, Pecuária e Abastecimento/Empresa Brasileira de Pesquisa Agropecuária/Embrapa Agrossilvipastoril" artSize="12" artNotes="OK NO MAPA PODE." numberPage="6" pdfPage="http://pesquisa.in.gov.br/imprensa/jsp/visualiza/index.jsp?data=25/08/2022&amp;jornal=530&amp;pagina=6" editionNumber="162" highlightType="" highlightPriority="" highlight="" highlightimage="" highlightimagename="" idMateria="14834807">
  <body>
    <Identifica><![CDATA[ EXTRATO DE TERMO DE RESPONSABILIDADE E COMPROMISSO DE SIGILO]]></Identifica>
    <Data><![CDATA[]]></Data>
    <Ementa />
    <Titulo />
    <SubTitulo />
    <Texto><![CDATA[<p class="identifica">EXTRATO DE TERMO DE RESPONSABILIDADE E COMPROMISSO DE SIGILO</p><p>Espécie: Termo de Responsabilidade e Compromisso de sigilo. Partes: Embrapa Agrossilvipastoril e Lucia Maria Parapinski, CPF 303.778.138-69. Objeto: Desenvolver o Projeto intitulado "Impactos da adoção da cultivar BRS Anahí na cadeia produtiva do gergelim no Estado de Mato Grosso". Data da assinatura: 01.08.2022. Vigência: 01.08.2022 a 30/06/2023. O projeto será desenvolvido na infraestrutura da Embrapa Agrossilvipastoril. Fundamentação legal: Lei 5.851, de 07.12.1972. Unidade Gestora: 240002. Signatários: Laurimar Goncalves Vendrusculo, Chefe-Geral e Rafael Major Pitta - Chefe Adjunto de Pesquisa, pela Embrapa e a estudante Lucia Maria Parapinski.</p>]]></Texto>
  </body>
  <Midias />
</article></xml>