﻿<xml><article id="27714012" name="2022-08-24/7354067/COMPRASNETWS_" idOficio="7354067" pubName="DO3" artType="Extrato de Termo Aditivo" pubDate="25/08/2022" artClass="00013:00011:00015:00010:00011:00000:00000:00000:00000:00000:00054:00001" artCategory="Ministério da Defesa/Comando do Exército/Comando Militar do Sul/3ª Região Militar/Hospital Militar de Área de Porto Alegre" artSize="12" artNotes="" numberPage="30" pdfPage="http://pesquisa.in.gov.br/imprensa/jsp/visualiza/index.jsp?data=25/08/2022&amp;jornal=530&amp;pagina=30" editionNumber="162" highlightType="" highlightPriority="" highlight="" highlightimage="" highlightimagename="" idMateria="14834404">
  <body>
    <Identifica><![CDATA[ EXTRATO DE TERMO ADITIVO Nº 3/2022 - UASG 160399]]></Identifica>
    <Data><![CDATA[]]></Data>
    <Ementa />
    <Titulo />
    <SubTitulo />
    <Texto><![CDATA[<p class="identifica">EXTRATO DE TERMO ADITIVO Nº 3/2022 - UASG 160399</p><p>Número do Contrato: 2/2018.</p><p>Nº Processo: 64582.001195/2018-51.</p><p>Inexigibilidade. Nº 3/2018. Contratante: HOSPITAL MILITAR DE AREA DE PORTO ALEGRE. Contratado: 91.744.508/0001-50 - SERVICO DE INVESTIGACAO DIAGNOSTICA SIDI LTDA. Objeto: Prorrogação de vigência e atualização de valores. Vigência: 29/08/2022 a 28/08/2023. Valor Total Atualizado do Contrato: R$ 600.000,00. Data de Assinatura: 24/08/2022.</p><p>(COMPRASNET 4.0 - 24/08/2022).</p>]]></Texto>
  </body>
  <Midias />
</article></xml>