﻿<xml><article id="27716246" name="2022-08-24/7353773/siasgnet_1483" idOficio="7353773" pubName="DO3" artType="Aviso de Licitação-Pregão" pubDate="25/08/2022" artClass="00013:00011:00012:00012:00009:00000:00000:00000:00000:00000:00164:00001" artCategory="Ministério da Defesa/Comando do Exército/Comando Militar do Oeste/3º Grupamento de Engenharia/9º Batalhão de Engenharia de Combate" artSize="12" artNotes="" numberPage="27" pdfPage="http://pesquisa.in.gov.br/imprensa/jsp/visualiza/index.jsp?data=25/08/2022&amp;jornal=530&amp;pagina=27" editionNumber="162" highlightType="" highlightPriority="" highlight="" highlightimage="" highlightimagename="" idMateria="14834061">
  <body>
    <Identifica><![CDATA[ AVISO DE LICITAÇÃO]]></Identifica>
    <Data><![CDATA[]]></Data>
    <Ementa />
    <Titulo />
    <SubTitulo />
    <Texto><![CDATA[<p class="identifica">AVISO DE LICITAÇÃO</p><p class="identifica">Pregão Eletrônico Nº 24/2022 - UASG 160132</p><p>Nº Processo: 64037009751202190. Objeto: Eventual contratação de serviço de leiloeiro para alienação de materiais inservíveis destinados ao 9º BE Cmb, conforme condições, quantidades, exigências e estimativas estabelecidas no edital e seus anexos.. Total de Itens Licitados: 1. Edital: 25/08/2022 das 08h00 às 11h30 e das 13h30 às 17h00. Endereço: Rua Duque de Caxias, S/n - Bairro Alto, - Aquidauana/MS ou https://www.gov.br/compras/edital/160132-5-00024-2022. Entrega das Propostas: a partir de 25/08/2022 às 08h00 no site www.gov.br/compras. Abertura das Propostas: 06/09/2022 às 10h30 no site www.gov.br/compras. Informações Gerais: .</p><p class="assina">ELBIO LEANDRO BRAULIO</p><p class="cargo">Ordenador de Despesas</p><p>(SIASGnet - 24/08/2022) 160132-00001-2022NE000001</p>]]></Texto>
  </body>
  <Midias />
</article></xml>