﻿<xml><article id="27716279" name="2022-08-24/7354707/siasgnet_1483" idOficio="7354707" pubName="DO3" artType="Aviso de Licitação-Pregão" pubDate="25/08/2022" artClass="00006:00006:00005:00001:00000:00000:00000:00000:00000:00000:00164:00001" artCategory="Presidência da República/Secretaria-Geral/Secretaria Especial de Administração/-" artSize="12" artNotes="" numberPage="1" pdfPage="http://pesquisa.in.gov.br/imprensa/jsp/visualiza/index.jsp?data=25/08/2022&amp;jornal=530&amp;pagina=1" editionNumber="162" highlightType="" highlightPriority="" highlight="" highlightimage="" highlightimagename="" idMateria="14835211">
  <body>
    <Identifica><![CDATA[ AVISO DE LICITAÇÃO]]></Identifica>
    <Data><![CDATA[]]></Data>
    <Ementa />
    <Titulo />
    <SubTitulo />
    <Texto><![CDATA[<p class="identifica">AVISO DE LICITAÇÃO</p><p class="identifica">Pregão Eletrônico Nº 41/2022 - UASG 110001</p><p>Nº Processo: 00059000928202232. Objeto: Registro de preços para contratação de serviços gráficos. Total de Itens Licitados: 3. Edital: 25/08/2022 das 09h00 às 12h00 e das 14h00 às 17h00. Endereço: Anexo Ii do Palácio do Planalto Sala 201 - Colit, Praça Dos Três Poderes - BRASÍLIA/DF ou https://www.gov.br/compras/edital/110001-5-00041-2022. Entrega das Propostas: a partir de 25/08/2022 às 09h00 no site www.gov.br/compras. Abertura das Propostas: 06/09/2022 às 09h30 no site www.gov.br/compras. Informações Gerais: O Edital está disponível também na página eletrônica: https://www.gov.br/secretariageral/pt-br/acesso-a-informacao/licitacoes-e-contratos/secretaria-de-administracao/licitacoes.</p><p class="assina">CLAUDEMBERQUE MONTEIRO FERREIRA</p><p class="cargo">Pregoeiro</p><p>(SIASGnet - 24/08/2022) 110001-00001-2022NE110001</p>]]></Texto>
  </body>
  <Midias />
</article></xml>