﻿<xml><article id="27704897" name="SPM-028-ECT-00436986__XRJLL2" idOficio="7355146" pubName="DO3" artType="Extrato de Contrato" pubDate="25/08/2022" artClass="00012:00017:00049:00007:00000:00000:00000:00000:00000:00000:00031:00000" artCategory="Ministério das Comunicações/Empresa Brasileira de Correios e Telégrafos/Diretoria de Governança e Estratégia/Superintendência Estadual N1 SPM" artSize="12" artNotes="" numberPage="13" pdfPage="http://pesquisa.in.gov.br/imprensa/jsp/visualiza/index.jsp?data=25/08/2022&amp;jornal=530&amp;pagina=13" editionNumber="162" highlightType="" highlightPriority="" highlight="" highlightimage="" highlightimagename="" idMateria="14835863">
  <body>
    <Identifica><![CDATA[ EXTRATO DE CONTRATO]]></Identifica>
    <Data><![CDATA[]]></Data>
    <Ementa />
    <Titulo />
    <SubTitulo />
    <Texto><![CDATA[<p class="identifica">EXTRATO DE CONTRATO</p><p>Contrato Nº 1287/2022 - SE/GO; Data da Assinatura: 24/08//2022; Contratada: DIMIVIG VIGILÂNCIA E SEGURANÇA PATRIMONIAL LTDA; Objeto: Prestação de Serviços de Vigilância Ostensiva em Unidades dos Correios, no Estado de Goiás; Origem: Pregão Eletrônico nº 21000029/2021; Vigência: 24/08//2022 a 24/08/2023; Valor Total: R$ 23.756,76; Conta Orçamentária: 16011.44403.040002.</p>]]></Texto>
  </body>
  <Midias />
</article></xml>