﻿<xml><article id="27715113" name="2022-08-24/7353507/siasgnet_1483" idOficio="7353507" pubName="DO3" artType="Aviso de Licitação-Pregão" pubDate="25/08/2022" artClass="00013:00011:00010:00002:00054:00000:00000:00000:00000:00000:00164:00001" artCategory="Ministério da Defesa/Comando do Exército/Comando Militar do Nordeste/1º Grupamento de Engenharia/2º Batalhão de Engenharia de Construção" artSize="12" artNotes="" numberPage="21" pdfPage="http://pesquisa.in.gov.br/imprensa/jsp/visualiza/index.jsp?data=25/08/2022&amp;jornal=530&amp;pagina=21" editionNumber="162" highlightType="" highlightPriority="" highlight="" highlightimage="" highlightimagename="" idMateria="14833734">
  <body>
    <Identifica><![CDATA[ AVISO DE LICITAÇÃO]]></Identifica>
    <Data><![CDATA[]]></Data>
    <Ementa />
    <Titulo />
    <SubTitulo />
    <Texto><![CDATA[<p class="identifica">AVISO DE LICITAÇÃO</p><p class="identifica">Pregão Eletrônico Nº 22/2022 - UASG 160203</p><p>Nº Processo: 6404000241820228. Objeto: Insumos, na modalidade registro de preços, para seus contratos de Obras de Cooperação na Rodovia Federal BR-235, Rodovia Federal BR-222 e Materiais Diversos (Ferramental).. Total de Itens Licitados: 418. Edital: 25/08/2022 das 08h00 às 12h00 e das 14h00 às 17h00. Endereço: Avenida Frei Serafim, Nº 2833, Centro., Centro - Teresina/PI ou https://www.gov.br/compras/edital/160203-5-00022-2022. Entrega das Propostas: a partir de 25/08/2022 às 08h00 no site www.gov.br/compras. Abertura das Propostas: 08/09/2022 às 09h30 no site www.gov.br/compras. Informações Gerais: .</p><p class="assina">HEIDER STAEVIE DOS SANTOS</p><p class="cargo">Ordenador de Despesas</p><p>(SIASGnet - 24/08/2022) 160203-00001-2022NE000001</p>]]></Texto>
  </body>
  <Midias />
</article></xml>