﻿<xml><article id="27697415" name="Renier Felinto JuliAo - jadiel 2" idOficio="7353695" pubName="DO3" artType="Aviso" pubDate="25/08/2022" artClass="00011:00047:00011:00006:00003:00006:00000:00000:00000:00000:00108:00000" artCategory="Ministério da Ciência, Tecnologia e Inovações/Conselho Nacional de Desenvolvimento Científico e Tecnológico/Diretoria de Gestão e Tecnologia da Informação/Coordenação-Geral de Apoio Operacional/Coordenação de Apoio à Execução de Bolsa no País/Serviço de Bolsas de Formação no País" artSize="12" artNotes="" numberPage="12" pdfPage="http://pesquisa.in.gov.br/imprensa/jsp/visualiza/index.jsp?data=25/08/2022&amp;jornal=530&amp;pagina=12" editionNumber="162" highlightType="" highlightPriority="" highlight="" highlightimage="" highlightimagename="" idMateria="14833969">
  <body>
    <Identifica><![CDATA[EDITAL DE NOTIFICAÇÃO Nº 14.583/2022/SEBFP/COEBP/CGEAO/DGTI]]></Identifica>
    <Data><![CDATA[ Brasília/DF, 24 de agosto de 2022.]]></Data>
    <Ementa />
    <Titulo />
    <SubTitulo />
    <Texto><![CDATA[<p class="identifica">EDITAL DE NOTIFICAÇÃO Nº 14.583/2022/SEBFP/COEBP/CGEAO/DGTI</p><p>Pelo presente fica notificado o Sr. Renier Felinto Julião da Rocha, CPF: ***. 298.833-**a cobrança documental do Relatório Técnico Final e prestação de contas de taxa de bancada, processo técnico nº 141555/2016-5 por se encontrar em lugar incerto e não sabido, para que, no prazo de 30 dias, realize a apresentação do documento. Informamos que o não atendimento deste comunicado implica no envio do processo ao SECOA, deste CNPq, para providências no que diz respeito à cobrança atualizada dos valores pagos referente ao período de bolsa, conforme legislação vigente.</p><p class="data">Brasília/DF, 24 de agosto de 2022.</p><p class="assina">Flavia Henriques Patrocínio</p><p class="cargo">Chefe de Serviço de Bolsas de Formação no País</p>]]></Texto>
  </body>
  <Midias />
</article></xml>