﻿<xml><article id="27716288" name="2022-08-23/7352039/COMPRASNETWS_" idOficio="7352039" pubName="DO3" artType="Extrato de Apostilamento" pubDate="25/08/2022" artClass="00013:00010:00012:00009:00201:00000:00000:00000:00000:00000:00143:00001" artCategory="Ministério da Defesa/Comando da Aeronáutica/Comando-Geral do Pessoal/Diretoria de Ensino/Academia da Força Aérea" artSize="12" artNotes="" numberPage="15" pdfPage="http://pesquisa.in.gov.br/imprensa/jsp/visualiza/index.jsp?data=25/08/2022&amp;jornal=530&amp;pagina=15" editionNumber="162" highlightType="" highlightPriority="" highlight="" highlightimage="" highlightimagename="" idMateria="14831497">
  <body>
    <Identifica><![CDATA[ EXTRATO DE APOSTILAMENTO Nº 1/2022 - UASG 120060]]></Identifica>
    <Data><![CDATA[]]></Data>
    <Ementa />
    <Titulo />
    <SubTitulo />
    <Texto><![CDATA[<p class="identifica">EXTRATO DE APOSTILAMENTO Nº 1/2022 - UASG 120060</p><p>Número do Contrato: 18/2021.</p><p>Nº Processo: 67510.012313/2020-83.</p><p>Contratante: ACADEMIA DA FORCA AEREA. Contratado: 31.266.555/0001-03 - CARLA ALEXANDRA DE OLIVEIRA ABICAIR. Objeto: 1.1. O objeto do presente instrumento é MODIFICAR, conforme Proposta da empresa e Termo de Homologação anexos ao Contrato, decorrente do PREGÃO 1017/2021, a CLÁUSULA PRIMEIRA - OBJETO, alterando os valores unitários dos itens 1 e 9 que se encontravam divergentes do Termo de Homologação, e consequentemente a CLÁUSULA TERCEIRA - PREÇO.</p><p>1.1.2. Na CLÁUSULAA TERCEIRA - PREÇO do contrato originário:</p><p>ONDE SE LÊ: "3.1. O valor total da contratação é R$ 954.800,00 (novecentos e cinquenta e quatro mil e oitocentos reais)."</p><p>LEIA-SE: "3.1. O valor total da contratação é R$ 941.800,00 (novecentos e quarenta e um mil e oitocentos reais).". Vigência: 24/06/2021 a 24/06/2022. Valor Total Atualizado do Contrato: R$ 941.800,00. Data de Assinatura: 13/05/2022.</p><p>(COMPRASNET 4.0 - 25/08/2022).</p>]]></Texto>
  </body>
  <Midias />
</article></xml>