﻿<xml><article id="27715167" name="Sidec_00178__XMNNRY" idOficio="7355149" pubName="DO3" artType="Resultado de Julgamento" pubDate="25/08/2022" artClass="00013:00011:00031:00000:00000:00000:00000:00000:00000:00000:00120:00179" artCategory="Ministério da Defesa/Comando do Exército/Estado-Maior do Exército" artSize="12" artNotes="" numberPage="33" pdfPage="http://pesquisa.in.gov.br/imprensa/jsp/visualiza/index.jsp?data=25/08/2022&amp;jornal=530&amp;pagina=33" editionNumber="162" highlightType="" highlightPriority="" highlight="" highlightimage="" highlightimagename="" idMateria="14836075">
  <body>
    <Identifica><![CDATA[ RESULTADO DE JULGAMENTO]]></Identifica>
    <Data><![CDATA[]]></Data>
    <Ementa />
    <Titulo />
    <SubTitulo />
    <Texto><![CDATA[<p class="identifica">RESULTADO DE JULGAMENTO</p><p class="identifica">PREGÃO Nº 4/2022</p><p>Registrado: PRISMA TURISMO E EVENTOS, CNPJ Nº 04.183.755/0001-20 - itens 04 e 08. Valor total:R$ 201.000,00. Responsável pelo julgamento: JOSÉ MÁRCIO RODRIGUES DA SILVA - ST - Pregoeiro doEME.</p><p class="assina">REGINALDO GALDINO RAMOS JUNIOR</p><p class="cargo">Ordenador de Despesas do EME</p><p>Dias: 25/08/2022 e 26/08/2022</p><p>(SIDEC - 24/08/2022) 160085-00001-2022NE000001</p>]]></Texto>
  </body>
  <Midias />
</article></xml>