﻿<xml><article id="27707918" name="ACORDOCOOPERAAAO 2186-2021" idOficio="7355689" pubName="DO3" artType="Extrato de Acordo de Cooperação Técnica" pubDate="25/08/2022" artClass="00007:00058:00049:00000:00000:00000:00000:00000:00000:00000:00036:00000" artCategory="Ministério da Agricultura, Pecuária e Abastecimento/Instituto Nacional de Colonização e Reforma Agrária/Superintendência Regional no Paraná" artSize="12" artNotes="" numberPage="6" pdfPage="http://pesquisa.in.gov.br/imprensa/jsp/visualiza/index.jsp?data=25/08/2022&amp;jornal=530&amp;pagina=6" editionNumber="162" highlightType="" highlightPriority="" highlight="" highlightimage="" highlightimagename="" idMateria="14836806">
  <body>
    <Identifica><![CDATA[ EXTRATO DE ACORDO COOPERAÇÃO TÉCNICA]]></Identifica>
    <Data><![CDATA[]]></Data>
    <Ementa />
    <Titulo />
    <SubTitulo />
    <Texto><![CDATA[<p class="identifica">EXTRATO DE ACORDO COOPERAÇÃO TÉCNICA</p><p>Acordo de Cooperação Técnica firmado entre o Instituto Nacional de Colonização e Reforma Agrária - INCRA e a Prefeitura Municipal de Arapoti/PR - CNPJ: 75.658.377/0001-31, registrado sob Nº 2186/2021, Proc:. 54000.055987/2021-61 - Objeto: Execução do Programa Titula Brasil. Vigência: 60 (sessenta) meses a contar da data da publicação no Diário Oficial da União. Assinatura: 21/12/2021. Robson Luis Bastos - Superintendente Regional e Irani José Barros - Prefeito de Arapoti/PR.</p>]]></Texto>
  </body>
  <Midias />
</article></xml>