﻿<xml><article id="27714279" name="Sidec_00031__P8YY0L" idOficio="7355149" pubName="DO3" artType="Aviso" pubDate="25/08/2022" artClass="00011:00002:00016:00087:00000:00000:00000:00000:00000:00000:00108:00032" artCategory="Ministério da Ciência, Tecnologia e Inovações/Secretaria Executiva/Departamento de Administração/Coordenação-Geral de Recursos Logísticos" artSize="12" artNotes="" numberPage="9" pdfPage="http://pesquisa.in.gov.br/imprensa/jsp/visualiza/index.jsp?data=25/08/2022&amp;jornal=530&amp;pagina=9" editionNumber="162" highlightType="" highlightPriority="" highlight="" highlightimage="" highlightimagename="" idMateria="14835922">
  <body>
    <Identifica><![CDATA[ AVISO DE REABERTURA DE PRAZO]]></Identifica>
    <Data><![CDATA[]]></Data>
    <Ementa />
    <Titulo />
    <SubTitulo />
    <Texto><![CDATA[<p class="identifica">AVISO DE REABERTURA DE PRAZO</p><p class="identifica">PREGÃO Nº 16/2022</p><p>Comunicamos a reabertura de prazo da licitação supracitada, processo Nº 01245.003198/2022. , publicada no D.O.U de 15/08/2022 . Objeto: Pregão Eletrônico - Contratação de empresa especializada na prestação, de forma contínua, de vigilância armada e desarmada, diurna e noturna, a serem executados de forma continuada, com fornecimento de mão de obra e equipamentos, em regime de empreitada por preço global objetivando atender às necessidades do Ministério da Ciência, Tecnologia e Inovações - MCTI, conforme condições, quantidades e exigências estabelecidas neste Edital e seus anexos. Novo Edital: 25/08/2022 das 08h00 às 12h00 e de14h00 às 17h59. Endereço: Esplanada Dos Ministerios Bloco e - Sala 132 - 1º Andar BRASILIA - DFEntrega das Propostas: a partir de 25/08/2022 às 08h00 no site www.comprasnet.gov.br. Abertura das Propostas: 06/09/2022, às 09h00 no site www.comprasnet.gov.br.</p><p class="assina">DOMINGOS CARLOS PEREIRA REGO</p><p class="cargo">Ordenador de Despesa</p><p>(SIDEC - 24/08/2022) 240101-00001-2022NE000001</p>]]></Texto>
  </body>
  <Midias />
</article></xml>