﻿<xml><article id="27712120" name="Sidec_00174__60BN8E" idOficio="7355149" pubName="DO3" artType="Aviso" pubDate="25/08/2022" artClass="00013:00011:00010:00007:00003:00000:00000:00000:00000:00000:00108:00175" artCategory="Ministério da Defesa/Comando do Exército/Comando Militar do Nordeste/6ª Região Militar/Hospital Geral de Salvador" artSize="12" artNotes="" numberPage="22" pdfPage="http://pesquisa.in.gov.br/imprensa/jsp/visualiza/index.jsp?data=25/08/2022&amp;jornal=530&amp;pagina=22" editionNumber="162" highlightType="" highlightPriority="" highlight="" highlightimage="" highlightimagename="" idMateria="14836071">
  <body>
    <Identifica><![CDATA[ AVISO DE REABERTURA DE PRAZO]]></Identifica>
    <Data><![CDATA[]]></Data>
    <Ementa />
    <Titulo />
    <SubTitulo />
    <Texto><![CDATA[<p class="identifica">AVISO DE REABERTURA DE PRAZO</p><p class="identifica">PREGÃO Nº 17/2022</p><p>Comunicamos a reabertura de prazo da licitação supracitada, processo Nº 64585003523202281. , publicada no D.O.U de 11/08/2022 . Objeto: Pregão Eletrônico - Aquisição de medicamentos antineoplásicos. Novo Edital: 25/08/2022 das 08h00 às 11h00 e de13h00 às 14h30. Endereço: Rua Castro Neves, 72 Matatu - SALVADOR - BAEntrega das Propostas: a partir de 25/08/2022 às 08h00 no site www.comprasnet.gov.br. Abertura das Propostas: 06/09/2022, às 09h00 no site www.comprasnet.gov.br.</p><p class="assina">ANTONIO JOSE COSTA RANGEL</p><p class="cargo">Ordenador de Despesas</p><p>(SIDEC - 24/08/2022) 160039-00001-2022NE000001</p>]]></Texto>
  </body>
  <Midias />
</article></xml>