﻿<xml><article id="27713357" name="Sidec_00180__6IWX7W" idOficio="7355149" pubName="DO3" artType="Extrato de Inexigibilidade de Licitação" pubDate="25/08/2022" artClass="00013:00011:00013:00008:00004:00000:00000:00000:00000:00000:00041:00181" artCategory="Ministério da Defesa/Comando do Exército/Comando Militar do Planalto/11ª Região Militar/Hospital Militar de Área de Brasília" artSize="12" artNotes="" numberPage="28" pdfPage="http://pesquisa.in.gov.br/imprensa/jsp/visualiza/index.jsp?data=25/08/2022&amp;jornal=530&amp;pagina=28" editionNumber="162" highlightType="" highlightPriority="" highlight="" highlightimage="" highlightimagename="" idMateria="14836077">
  <body>
    <Identifica><![CDATA[ EXTRATO DE INEXIGIBILIDADE DE LICITAÇÃO Nº 5/2022  - UASG 160088]]></Identifica>
    <Data><![CDATA[]]></Data>
    <Ementa />
    <Titulo />
    <SubTitulo />
    <Texto><![CDATA[<p class="identifica">EXTRATO DE INEXIGIBILIDADE DE LICITAÇÃO Nº 5/2022 - UASG 160088</p><p>Nº Processo: 64576043457202291 . Objeto: Credenciamento de Organizações Civis de Saúde (OCS) e de Profissionais de Saúde Autônomos (PSA) para prestação de serviços médico-hospitalares, atenção domiciliar, atendimento de emergência/urgência, odontológicos na área de radiologia e de reabilitação. Total de Itens Licitados: 00015. Fundamento Legal: Art. 25º, Inciso II da Lei nº 8.666 de 21º/06/1993.. Justificativa: Singularidade do Processo e inviabilidade de competição Declaração de Inexigibilidade em 10/08/2022. PAULO ROBERTO DOS SANTOS ASSIS. Ordenador de Despesas. Ratificação em 24/08/2022. PAULO AFONSO BRUNO DE MELO. Cmt da 11ª Região Militar. Valor Global: R$ 37.800.000,00. CNPJ CONTRATADA : 02.661.743/0001-38 ICOB INSTITUTO DE CIRURGIA OCULAR DE BRASILIA LTDA. Valor: R$ 1.000.000,00. CNPJ CONTRATADA : 03.715.989/0001-08 ORTHOS -ORTOPEDIA E MEDICINA ESPECIALIZADA LTDA. Valor: R$ 1.000.000,00. CNPJ CONTRATADA : 05.843.380/0001-40 CARDIO VIDA CLINICA CARDIOLOGICA LTDA. Valor: R$ 1.000.000,00. CNPJ CONTRATADA : 11.746.576/0001-19 UROGAMA CLINICA DE UROLOGIA E ANDROLOGIA LTDA. Valor: R$ 1.000.000,00. CNPJ CONTRATADA : 12.220.255/0001-49 HOSPITALPOPULAR BIO VIDAS LTDA. Valor: R$ 25.000.000,00. CNPJ CONTRATADA : 16.559.009/0001-77 CARDIO MASTER CLINICA ESPECIALIZADA EM CARDIOLOGIA DE AGUAS CLARAS LTDA. Valor: R$ 1.000.000,00. CNPJ CONTRATADA : 25.499.656/0001-21 HDIA CENTRO DE ATENDIMENTO MEDICO HOSPITALAR LTDA. Valor: R$ 1.000.000,00. CNPJ CONTRATADA : 32.545.653/0001-42 JK SERVICOS MEDICOS LTDA. Valor: R$ 1.000.000,00. CNPJ CONTRATADA : 36.771.012/0001-67 CLINICA SANTA MARIA AUXILIADORA LTDA. Valor: R$ 600.000,00. CNPJ CONTRATADA : 37.110.186/0001-41 SORT- SERVICOS DE ORTOPEDIA E TRAUMATOLOGIA LTDA. Valor: R$ 1.000.000,00. CNPJ CONTRATADA : 37.120.144/0001-91 PSICOCL CLINICA DE PSICOLOGIA P E ORIENT PSICOL LTDA. Valor: R$ 600.000,00. CNPJ CONTRATADA : 37.213.442/0001-26 LEILIANEASSUNCAO DOS SANTOS. Valor: R$ 1.000.000,00. CNPJ CONTRATADA : 38.352.772/0001-65 SERVIR EMPREENDIMENTOS MEDICOS LTDA.. Valor: R$ 1.000.000,00. CNPJ CONTRATADA : 46.007.219/0001-13 SOLLIEVOCLINICA MEDICA E GINECOLOGIA LTDA. Valor: R$ 1.000.000,00. CNPJ CONTRATADA : 72.642.085/0001-12 CENTRO DE FISIOTERAPIA, REABILITACAO E POSTUROLOGIA DE BSB LTDA. Valor: R$ 600.000,00</p><p>(SIDEC - 24/08/2022) 160088-00001-2022NE000001</p>]]></Texto>
  </body>
  <Midias />
</article></xml>