﻿<xml><article id="27704234" name="Extrato de protocolo intenAAes S" idOficio="7355037" pubName="DO3" artType="Extrato de Protocolo de Intenção" pubDate="25/08/2022" artClass="00007:00047:00000:00000:00000:00000:00000:00000:00000:00000:00047:00000" artCategory="Ministério da Agricultura, Pecuária e Abastecimento/Secretaria de Defesa Agropecuária" artSize="12" artNotes="" numberPage="4" pdfPage="http://pesquisa.in.gov.br/imprensa/jsp/visualiza/index.jsp?data=25/08/2022&amp;jornal=530&amp;pagina=4" editionNumber="162" highlightType="" highlightPriority="" highlight="" highlightimage="" highlightimagename="" idMateria="14835742">
  <body>
    <Identifica><![CDATA[ EXTRATO DE PROTOCOLO DE INTENÇÕES S/Nº  CIM-AMFRI  /2022]]></Identifica>
    <Data><![CDATA[]]></Data>
    <Ementa />
    <Titulo />
    <SubTitulo />
    <Texto><![CDATA[<p class="identifica">EXTRATO DE PROTOCOLO DE INTENÇÕES S/Nº CIM-AMFRI /2022</p><p>Processo: 21000.067220/2022-15. Espécie: Protocolo de Intenções s/nº CIM-AMFRI/2022. Partes: Ministério da Agricultura, Pecuária e abastecimento - MAPA, CNPJ: 00.396.895/0001-25 e o Consórcio Intermunicipal Multifinalitário da Região da Associação dos Municípios da Região da Foz do Rio Itajaí - CIM-AMFRI, CNPJ: 32.980.376/0001-04. Objetivo: buscar envidar os esforços necessários para o reconhecimento da equivalência e adesão dos Serviços de Inspeção Municipais vinculados ao Consorcio, considerados aptos a participar da Etapa de Execução do Projeto ConSIM, ao Sistema Brasileiro de Inspeção de Produtos de Origem Animal SISBI-POA, Integrante do Sistema Unificado de Atenção à Sanidade Agropecuária -SUASA, instituído pela Lei nº 9.712, de 20 de novembro de 1998. Assinatura: 04/08/2022. Vigência: 16 meses. Assinam: Marcos Montes Cordeiro - Ministro da Agricultura, Pecuária e Abastecimento e Aquiles José Schneider da Costa - Representante do Consórcio CIM-AMFRI.</p>]]></Texto>
  </body>
  <Midias />
</article></xml>