﻿<xml><article id="27694026" name="DOU 2022.061.00 C.G.S Farina Tel" idOficio="7353094" pubName="DO3" artType="Extrato de Credenciamento" pubDate="25/08/2022" artClass="00013:00012:00027:00006:00009:00000:00000:00000:00000:00000:00033:00000" artCategory="Ministério da Defesa/Comando da Marinha/Diretoria-Geral do Pessoal/Diretoria de Saúde/Hospital Naval Marcílio Dias" artSize="12" artNotes="" numberPage="37" pdfPage="http://pesquisa.in.gov.br/imprensa/jsp/visualiza/index.jsp?data=25/08/2022&amp;jornal=530&amp;pagina=37" editionNumber="162" highlightType="" highlightPriority="" highlight="" highlightimage="" highlightimagename="" idMateria="14833295">
  <body>
    <Identifica><![CDATA[ EXTRATO DE CREDENCIAMENTO]]></Identifica>
    <Data><![CDATA[]]></Data>
    <Ementa />
    <Titulo />
    <SubTitulo />
    <Texto><![CDATA[<p class="identifica">EXTRATO DE CREDENCIAMENTO</p><p>NUP: 63148.023817/2021-34 Extrato do Termo de Credenciamento nº 65720/2022-061-00. CONTRATANTE: Hospital Naval Marcílio Dias - CNPJ nº 00.394.502/0148-70; CONTRATADA: C.G.S FARINA TELES DA SILVA EIRELI EPP; CNPJ: 10.725.574/0001-80; OBJETO: Contratação de Pessoas físicas e de Organizações de Saúde Extra-Marinha (OSE) interessadas na prestação de serviços de assistência médico-hospitalar para realização de exames/procedimentos diagnósticos e consultas em NEUROLOGIA, a título de complementação de serviços não existentes ou insuficientes visando o atendimento dos usuários do Sistema de Saúde da Marinha (SSM), na cidade do Rio de Janeiro e Grande Rio; VALOR TOTAL estimado em contrato R$ 1.894.372,25 (um milhão, oitocentos e noventa e quatro mil, trezentos e setenta e dois reais e vinte e cinco centavos);</p><p>Data da Assinatura: 24/08/2022</p>]]></Texto>
  </body>
  <Midias />
</article></xml>