﻿<xml><article id="27703388" name="Extrato AGROPECUARIA ESTRELA" idOficio="7354836" pubName="DO3" artType="Extrato" pubDate="25/08/2022" artClass="00012:00016:00000:00000:00000:00000:00000:00000:00000:00000:00172:00000" artCategory="Ministério das Comunicações/Telecomunicações Brasileiras S.A." artSize="12" artNotes="" numberPage="12" pdfPage="http://pesquisa.in.gov.br/imprensa/jsp/visualiza/index.jsp?data=25/08/2022&amp;jornal=530&amp;pagina=12" editionNumber="162" highlightType="" highlightPriority="" highlight="" highlightimage="" highlightimagename="" idMateria="14835488">
  <body>
    <Identifica><![CDATA[ Extrato de Termo de Apostila]]></Identifica>
    <Data><![CDATA[]]></Data>
    <Ementa />
    <Titulo />
    <SubTitulo />
    <Texto><![CDATA[<p class="identifica">Extrato de Termo de Apostila</p><p>TELECOMUNICAÇÕES BRASILEIRAS S.A. - TELEBRAS</p><p>CNPJ: 00.336.701/0001-04</p><p>NIRE: 5330000223/1</p><p>Processo nº TLB-PRO-2020/04049</p><p>Termo de Apostila ao Contrato n° 79/2011-TB</p><p>Data de Assinatura: 19/08/2022</p><p>Apostilado: AGROPECUÁRIA ESTRELA VERDE LTDA</p><p>CNPJ: 15.624.236/0001-76</p><p>Objeto: Reajuste do valor mensal do contrato para R$ 5.381,70, referente a locação de parte do imóvel situado em Matões/MA.</p><p>Signatários: José Maria Junqueira Sampaio Meirelles (Diretor Administrativo-financeiro Substituto) e Joao Luiz Ramalho de Castro (Gerente de Logística).</p>]]></Texto>
  </body>
  <Midias />
</article></xml>