﻿<xml><article id="27711759" name="2022-08-24/7353326/COMPRASNETWS_" idOficio="7353326" pubName="DO3" artType="Extrato de Contrato" pubDate="25/08/2022" artClass="00012:00014:00006:00002:00008:00000:00000:00000:00000:00000:00031:00001" artCategory="Ministério das Comunicações/Agência Nacional de Telecomunicações/Superintendência de Radiofrequência e Fiscalização/Gerência-Geral de Fiscalização/Escritório Regional no Estado de Pernambuco" artSize="12" artNotes="" numberPage="12" pdfPage="http://pesquisa.in.gov.br/imprensa/jsp/visualiza/index.jsp?data=25/08/2022&amp;jornal=530&amp;pagina=12" editionNumber="162" highlightType="" highlightPriority="" highlight="" highlightimage="" highlightimagename="" idMateria="14833539">
  <body>
    <Identifica><![CDATA[ EXTRATO DE CONTRATO Nº 58/2022 - UASG 413007]]></Identifica>
    <Data><![CDATA[]]></Data>
    <Ementa />
    <Titulo />
    <SubTitulo />
    <Texto><![CDATA[<p class="identifica">EXTRATO DE CONTRATO Nº 58/2022 - UASG 413007</p><p>Nº Processo: 53532.001547/2022-02.</p><p>Dispensa Nº 41/2022. Contratante: AGENCIA NACIONAL DE TELECOMUNICACOES-PE.</p><p>Contratado: 44.051.659/0001-42 - GIZELDA DE OLIVEIRA PAZ 70782270344. Objeto: Contratação de fornecimento de água mineral para a Gerência Regional nos Estados de Pernambuco, Paraíba e Alagoas - GR06, durante o exercício de 2022.</p><p>Fundamento Legal: LEI 8.666 / 1993 - Artigo: 24 - Inciso: II. Vigência: 23/08/2022 a 31/12/2022. Valor Total: R$ 3.973,20. Data de Assinatura: 23/08/2022.</p><p>(COMPRASNET 4.0 - 24/08/2022).</p>]]></Texto>
  </body>
  <Midias />
</article></xml>