﻿<xml><article id="27713616" name="Sidec_00021__F83YQO" idOficio="7355149" pubName="DO3" artType="Extrato de Dispensa de Licitação" pubDate="25/08/2022" artClass="00011:00047:00011:00005:00000:00000:00000:00000:00000:00000:00038:00022" artCategory="Ministério da Ciência, Tecnologia e Inovações/Conselho Nacional de Desenvolvimento Científico e Tecnológico/Diretoria de Gestão e Tecnologia da Informação/Coordenação-Geral de Administração e Finanças" artSize="12" artNotes="" numberPage="11" pdfPage="http://pesquisa.in.gov.br/imprensa/jsp/visualiza/index.jsp?data=25/08/2022&amp;jornal=530&amp;pagina=11" editionNumber="162" highlightType="" highlightPriority="" highlight="" highlightimage="" highlightimagename="" idMateria="14835912">
  <body>
    <Identifica><![CDATA[ EXTRATO DE DISPENSA DE LICITAÇÃO Nº 4020/2022  - UASG 364102]]></Identifica>
    <Data><![CDATA[]]></Data>
    <Ementa />
    <Titulo />
    <SubTitulo />
    <Texto><![CDATA[<p class="identifica">EXTRATO DE DISPENSA DE LICITAÇÃO Nº 4020/2022 - UASG 364102</p><p>Nº Processo: 0300004020202272 . Objeto: Componentes eletrônicos Total de Itens Licitados: 00001. Fundamento Legal: Art. 24º, Inciso XXI da Lei nº 8.666 de 21º/06/1993.. Justificativa: As peças necessárias são de equipamento do fabricante exportador (Biotage) Declaração de Dispensa em 22/08/2022. ANDERSON MALTA DA SILVA. Coordenador de Recursos Logísticos. Ratificação em 22/08/2022. GLADSTONE DE CASTRO DE MORAES. Coordenador Geral de Administração e Finanças. Valor Global: R$ 30.739,09. CNPJ CONTRATADA : Estrangeiro BIOTAGE LLC.</p><p>(SIDEC - 24/08/2022) 364102-36201-2022NE800143</p>]]></Texto>
  </body>
  <Midias />
</article></xml>