﻿<xml><article id="27696872" name="Extrato_TA_PRO SERVICE" idOficio="7353581" pubName="DO3" artType="Extrato de Termo Aditivo" pubDate="25/08/2022" artClass="00013:00011:00026:00003:00008:00000:00000:00000:00000:00000:00054:00000" artCategory="Ministério da Defesa/Comando do Exército/Departamento de Educação e Cultura do Exército/Diretoria de Educação  Preparatória e Assistencial/Colégio Militar de Recife" artSize="12" artNotes="" numberPage="32" pdfPage="http://pesquisa.in.gov.br/imprensa/jsp/visualiza/index.jsp?data=25/08/2022&amp;jornal=530&amp;pagina=32" editionNumber="162" highlightType="" highlightPriority="" highlight="" highlightimage="" highlightimagename="" idMateria="14833822">
  <body>
    <Identifica><![CDATA[ EXTRATO DE TERMO ADITIVO Nº 4 UASG 160084]]></Identifica>
    <Data><![CDATA[]]></Data>
    <Ementa />
    <Titulo />
    <SubTitulo />
    <Texto><![CDATA[<p class="identifica">EXTRATO DE TERMO ADITIVO Nº 4 UASG 160084</p><p>Número do Contrato: 03/2018. Processo administrativo nº 64257.005606/2017-50. Pregão Eletrônico nº 08/2017 - CMR (160084). Termo Aditivo: 04. Contratante: Colégio Militar do Recife - CNPJ 09.586.596/0001-28. Contratada: PRÓ-SERVICE SERVIÇOS PROFISSIONAIS E ESPECIALIZADOS LTDA-ME. Objeto: contratação de serviços continuados, sem disponibilização de mão-de-obra e por demanda, de manutenção preventiva em aparelhos de ar condicionado. Fundamentação: art. 57, II, da Lei n.º 8.666/93. Justificativa: Prorrogação de prazo de vigência; aplicação de índice de reajuste e alteração do índice de reajuste para o próximo período. Vigência: 1º de julho de 2022 a 30 de junho de 2023. Valor Mensal: R$ 4.220,34 (quatro mil, duzentos e vinte reais e trinta e quatro centavos). Valor Global/Anual: R$ 50.644,08 (cinquenta mil, seiscentos e quarenta e quatro reais e oito centavos). Data da assinatura: 29 de junho de 2022.</p>]]></Texto>
  </body>
  <Midias />
</article></xml>