﻿<xml><article id="27699216" name="CT0302021 TERMO DE CESSAO - WELB" idOficio="7354101" pubName="DO3" artType="Extrato de Cessão" pubDate="25/08/2022" artClass="00014:00047:00025:00000:00000:00000:00000:00000:00000:00000:00140:00000" artCategory="Ministério do Desenvolvimento Regional/Companhia Brasileira de Trens Urbanos/Superintendência Regional I - Belo Horizonte" artSize="12" artNotes="" numberPage="39" pdfPage="http://pesquisa.in.gov.br/imprensa/jsp/visualiza/index.jsp?data=25/08/2022&amp;jornal=530&amp;pagina=39" editionNumber="162" highlightType="" highlightPriority="" highlight="" highlightimage="" highlightimagename="" idMateria="14834442">
  <body>
    <Identifica><![CDATA[ EXTRATO   DE CESSÃO]]></Identifica>
    <Data><![CDATA[]]></Data>
    <Ementa />
    <Titulo />
    <SubTitulo />
    <Texto><![CDATA[<p></p><p class="identifica">EXTRATO DE CESSÃO</p><p>TERMO DE CESSÃO CONTRATO Nº 030/CBTU/STU-BH/2021. CESSIONÁRIA: COMPANHIA BRASILEIRA DE TRENS URBANOS DE MINAS GERAIS - CBTU-MG. CEDIDO: WELBER PINHEIRO- EPP. OBJETO: Sub-rogação total do contrato n° 030/CBTU/STU-BH/2021. FUNDAMENTO LEGAL: Resolução CPPI nº160/2020 c/c Resolução CPPI 206/2021. PROCESSO: PRC-0677/2022. DATA DE ASSINATURA: 06/06/2022. SIGNATÁRIOS: Pela CBTU - Marcelo Fernandes Siqueira e Gustavo Barbosa D. dos Santos. Pelo Cedido:</p><p>Welber Pinheiro.</p>]]></Texto>
  </body>
  <Midias />
</article></xml>