﻿<xml><article id="27694468" name="Extrato TA" idOficio="7353153" pubName="DO3" artType="Extrato de Termo Aditivo" pubDate="25/08/2022" artClass="00014:00041:00000:00000:00000:00000:00000:00000:00000:00000:00054:00000" artCategory="Ministério do Desenvolvimento Regional/Secretaria Nacional de Segurança Hídrica" artSize="12" artNotes="" numberPage="39" pdfPage="http://pesquisa.in.gov.br/imprensa/jsp/visualiza/index.jsp?data=25/08/2022&amp;jornal=530&amp;pagina=39" editionNumber="162" highlightType="" highlightPriority="" highlight="" highlightimage="" highlightimagename="" idMateria="14833355">
  <body>
    <Identifica><![CDATA[EXTRATOS DE TERMOS ADITIVOS]]></Identifica>
    <Data><![CDATA[]]></Data>
    <Ementa />
    <Titulo />
    <SubTitulo />
    <Texto><![CDATA[<p class="identifica">EXTRATOS DE TERMOS ADITIVOS</p><p>EXTRATO DO QUARTO TERMO ADITIVO AO CONVÊNIO Nº 893872/2019; Processo nº 59000.029541/2019-81. Convenentes: A União, pelo Ministério do Desenvolvimento Regional, inscrito no CNPJ/MF nº 03.353.358/0001-96, por meio da sua Secretaria Nacional de Segurança Hídrica e o Município de Borba, no Estado do Amazonas, inscrito no CNPJ/MF nº 04.477.568/0001-59. Objeto: Prorrogação do Prazo de Vigência para até 19/04/2023. Data e assinatura: 23/08/2022, Sergio Luiz Soares de Souza Costa - Secretário Nacional de Segurança Hídrica CPF nº 971.454.834-91 e Simão Peixoto Lima - Prefeito Municipal CPF nº 891.415.122-00.</p><p>EXTRATO DE TERMO ADITIVO Nº 2603/2022; Processo nº 59100.000099/2007-49. Convenentes: A União, pelo Ministério do Desenvolvimento Regional, CNPJ/MF nº 03.353.358/0001-96, por meio da sua Secretaria Nacional de Segurança Hídrica e o Governo do Estado do Rio Grande do Sul, CNPJ/MF nº 87.934.675/0001-96. Objeto: Prorrogação do prazo de vigência do TC nº 0120/2007 E TC nº 0112/2009, para até 10/03/2023. Data e assinaturas: 23/08/2022, Sergio Luiz Soares de Souza Costa - Secretário Nacional de Segurança Hídrica CPF nº 971.454.834-91.</p><p>EXTRATO DE TERMO ADITIVO Nº 2605/2022; Processo nº 59100.000811/2014-39. Convenentes: A União, pelo Ministério do Desenvolvimento Regional, CNPJ/MF nº 03.353.358/0001-96, por meio da sua Secretaria Nacional de Segurança Hídrica e o Governo do Estado do Rio Grande do Sul, CNPJ/MF nº 87.934.675/0001-96. Objeto: Prorrogação do prazo de vigência do TC n° 0253/2014, para até 11/09/2023. Data e Assinaturas: 23/08/2022, Sergio Luiz Soares de Souza Costa - Secretário Nacional de Segurança Hídrica CPF nº 971.454.834-91.</p>]]></Texto>
  </body>
  <Midias />
</article></xml>