﻿<xml><article id="27706872" name="1- MudanAa de titularidade 24-08" idOficio="7355547" pubName="DO3" artType="Resultado de Julgamento" pubDate="25/08/2022" artClass="00011:00047:00000:00000:00000:00000:00000:00000:00000:00000:00120:00000" artCategory="Ministério da Ciência, Tecnologia e Inovações/Conselho Nacional de Desenvolvimento Científico e Tecnológico" artSize="12" artNotes="" numberPage="11" pdfPage="http://pesquisa.in.gov.br/imprensa/jsp/visualiza/index.jsp?data=25/08/2022&amp;jornal=530&amp;pagina=11" editionNumber="162" highlightType="" highlightPriority="" highlight="" highlightimage="" highlightimagename="" idMateria="14836536">
  <body>
    <Identifica><![CDATA[ RESULTADO De julgamento CHAMADA PÚBLICA]]></Identifica>
    <Data><![CDATA[ Brasília-DF, 24 de agosto de 2022.]]></Data>
    <Ementa />
    <Titulo />
    <SubTitulo />
    <Texto><![CDATA[<p class="identifica">RESULTADO De julgamento CHAMADA PÚBLICA</p><p>O Conselho Nacional de Desenvolvimento Científico e Tecnológico - CNPq torna público o resultado Concessão de auxílio financeiro à pesquisa para a chamada APOIO A PROJETOS DE PESQUISAS CIENTÍFICAS, TECNOLÓGICAS E DE INOVAÇÃO -Mudança de Titularidade. As propostas aprovadas encontram-se no link: http://resultado.cnpq.br/ 3117288614089820.</p><p class="data">Brasília-DF, 24 de agosto de 2022.</p><p class="assina">Evaldo Ferreira Vilela</p><p class="cargo">Presidente</p>]]></Texto>
  </body>
  <Midias />
</article></xml>