﻿<xml><article id="27715107" name="2022-08-24/7354278/COMPRASNETWS_" idOficio="7354278" pubName="DO3" artType="Extrato de Credenciamento" pubDate="25/08/2022" artClass="00013:00011:00015:00010:00011:00000:00000:00000:00000:00000:00033:00001" artCategory="Ministério da Defesa/Comando do Exército/Comando Militar do Sul/3ª Região Militar/Hospital Militar de Área de Porto Alegre" artSize="12" artNotes="" numberPage="29" pdfPage="http://pesquisa.in.gov.br/imprensa/jsp/visualiza/index.jsp?data=25/08/2022&amp;jornal=530&amp;pagina=29" editionNumber="162" highlightType="" highlightPriority="" highlight="" highlightimage="" highlightimagename="" idMateria="14834701">
  <body>
    <Identifica><![CDATA[ EXTRATO DE CREDENCIAMENTO Nº 523/2022 - UASG 160399]]></Identifica>
    <Data><![CDATA[]]></Data>
    <Ementa />
    <Titulo />
    <SubTitulo />
    <Texto><![CDATA[<p class="identifica">EXTRATO DE CREDENCIAMENTO Nº 523/2022 - UASG 160399</p><p>Nº Processo: 64582.011928/2022-12.</p><p>Inexigibilidade Nº 523/2022. Contratante: HOSPITAL MILITAR DE AREA DE PORTO ALEGRE.</p><p>Contratado: 11.384.068/0001-38 - CLÍNICA DE FISIOTERAPIA E MEDICINA ETERNITA LTDA. Objeto: Prestação de serviços de saúde em fisioterapia, psicologia, acupuntura, nutrição, terapia ocupacional, nutrição, terapia ocupacional e homecare por 12 meses.</p><p>Fundamento Legal: LEI 8.666 / 1993 - Artigo: 25. Vigência: 24/08/2022 a 23/08/2023. Valor Total: R$ 300.000,00. Data de Assinatura: 24/08/2022.</p><p>(COMPRASNET 4.0 - 24/08/2022).</p>]]></Texto>
  </body>
  <Midias />
</article></xml>