﻿<xml><article id="27696482" name="1-Aviso homologaAAo PE 8-2022" idOficio="7353501" pubName="DO3" artType="Aviso de Homologação" pubDate="25/08/2022" artClass="00013:00012:00026:00002:00005:00000:00000:00000:00000:00000:00077:00000" artCategory="Ministério da Defesa/Comando da Marinha/Diretoria-Geral de Navegação/Diretoria de Hidrografia e Navegação/Grupamento de Navios Hidroceanográficos" artSize="12" artNotes="" numberPage="36" pdfPage="http://pesquisa.in.gov.br/imprensa/jsp/visualiza/index.jsp?data=25/08/2022&amp;jornal=530&amp;pagina=36" editionNumber="162" highlightType="" highlightPriority="" highlight="" highlightimage="" highlightimagename="" idMateria="14833728">
  <body>
    <Identifica><![CDATA[ AVISO DE HOMOLOGAÇÃO]]></Identifica>
    <Data><![CDATA[]]></Data>
    <Ementa />
    <Titulo />
    <SubTitulo />
    <Texto><![CDATA[<p class="identifica">AVISO DE HOMOLOGAÇÃO</p><p>Torno público o Ato de Homologação ocorrido em 19/08/2022, do Pregão Eletrônico nº 8/2022, cujo objeto é a escolha de proposta mais vantajosa para eventual aquisição de material elétrico e eletrônico para os navios subordinados ao Grupamento de Navios Hidroceanográficos. Empresas vencedoras: RPF COMERCIAL LTDA ; CNPJ: 03.217.016/0001-49; Valor Homologado:R$ 17.862,57; ELETRIMAX ELETRICA E FERRAMENTAS LTDA ; CNPJ:12.278.189/0001-68; Valor Homologado:R$ 2.370,00; R-NIT COMERCIO E SERV. EIRELI; CNPJ:14.338.440/0001-68; Valor Homologado:R$ 9.686,70; QUALITY ATACADO EIRELI ; CNPJ: 15.724.019/0001-58; Valor Homologado:R$ 7.056,13; SOMARK DISTRIBUIDORA DE PECAS E SERVICOS DE MANUTENCAO EIRELI ; CNPJ: 20.010.599/0001-51; Valor Homologado:R$ 144.967,5200 ; RAY TECH SOLUCOES EM ENERGIA ELETRICA LTDA ; CNPJ: 21.366.890/0001-20 ; Valor Homologado:R$ 362,60; T T A COMERCIO COMPONENTES ELETRICOS E SERVICOS EIRELI ; CNPJ: 21.734.161/0001-89; Valor Homologado:R$ 20.898,00; S.A. DE JESUS COMERCIO DE MATERIAIS DE CONSTRUCAO ; CNPJ: 21.896.826/0001-50; Valor Homologado:R$ 288,1500 ; FCA COMERCIO DE MATERIAIS ELETRICOS LTDA ; CNPJ: 22.745.664/0001-12; Valor Homologado:R$ 10.012,30; LED ELETRICA BRASIL LTDA ; CNPJ: 24.407.767/0001-06; Valor Homologado:R$ 8.661,0000 ; MORK SOLAR - PRODUTOS E SERVICOS ELETRICOS LTDA ; CNPJ: 24.616.322/0001-28; Valor Homologado:R$ 2.329,60; CAMPOS &amp; BARTOLI MULTIFRAN LTDA; CNPJ: 24.862.023/0001-73; Valor Homologado:R$ 903,90; VINTEK IND., COMERCIO E SERVICOS EIRELI ; CNPJ: 27.732.837/0001-81; Valor Homologado:R$ 4.450,46 ; MULTI LITE COMERCIAL ELETRICA LTDA.; CNPJ: 28.423.235/0001-05; Valor Homologado:R$ 136.550,90 ; HMA COMERCIO E ATACADISTA DE PRODUTOS DE INFORMATICA E ELETROELETRONICOS LTDA ; CNPJ: 29.391.476/0001-82 ; Valor Homologado:R$ 1.237,96 ; J2R AUTOMACAO LTDA - EIRELI ; CNPJ: 30.247.600/0001-10; Valor Homologado:R$ 27.768,7200 ; GIGA ATACADO EIRELI ; CNPJ: 30.399.473/0001-74; Valor Homologado:R$ 73.532,10; VRM COMERCIO E SERVICOS LTDA ; CNPJ: 31.868.626/0001-48; Valor Homologado:R$ 6.486,68; RML ROLL COMERCIO E SERVICOS EM GERAL LTDA ; CNPJ: 34.118.962/0001-61; Valor Homologado:R$ 20.935,49 ; ELETROCHOK COMERCIO DE MATERIAL ELETRICO LTDA ; CNPJ: 34.702.079/0001-14; Valor Homologado:R$ 75.892,1990 ; INOVA SOLUCOES EM ENGENHARIA E COMERCIO DE MATERIAIS ELETRICOS LTDA ; CNPJ: 35.710.233/0001-62; Valor Homologado:R$ 13.560,50 ; Y S DIAS COMERCIO DE PAPELARIA ; CNPJ: 36.310.930/0001-99; Valor Homologado:R$ 1.634,6300 ; ATA NOBREAK SISTEMAS DE ENERGIA LTDA ; CNPJ: 36.314.871/0001-27; Valor Homologado:R$ 200.460,00 ; REGINA CELIA CUNHA DE SOUSA ; CNPJ: 36.336.388/0001-43; Valor Homologado:R$ 2.895,97 ; LICITAR COMERCIO E DISTRIBUICAO DE MATERIAIS ELETRICOS, HIDRAULICOS LTDA ; CNPJ: 36.986.531/0001-42 ; Valor Homologado:R$ 5.421,06 ; R-LIGHT SOLUCOES ELETRICAS LTDA ; CNPJ: 37.637.830/0001-34; Valor Homologado:R$ 63.186,07 ; ARMY BATERIAS LTDA ; CNPJ: 37.902.352/0001-42; Valor Homologado:R$ 18.704,00 ; BACKUP MANUTENCAO E DISTRIBUICAO DE PRODUTOS DE INFORMATICA EIRELI ; CNPJ: 40.224.243/0001-28; Valor Homologado:R$ 5.044,00 ; PARANAIBA REDE ELETRICA LTDA ; CNPJ: 40.854.018/0001-75; Valor Homologado:R$ 2.145,1170 ; LBL COMERCIO DE PRODUTOS ELETRICOS, ELETRONICOS E MAQUINARIOS LTDA ; CNPJ: 45.314.684/0001-34; Valor Homologado:R$ 23.288,00 ; KCG MATERIAIS ELETRICOS LTDA ; CNPJ: 45.402.329/0001-17; Valor Homologado:R$ 48.326,44; e AMILTON GUIMARAES E CIA LTDA ; CNPJ:71.511.349/0001-36; Valor Homologado: R$ 25.605,28;</p><p class="assina">JOÃO CANDIDO MARQUES DIAS</p><p class="cargo">Ordenador de Despesas</p>]]></Texto>
  </body>
  <Midias />
</article></xml>