﻿<xml><article id="27714735" name="Sidec_00176__GN51UJ" idOficio="7355149" pubName="DO3" artType="Resultado de Julgamento" pubDate="25/08/2022" artClass="00013:00011:00010:00009:00005:00000:00000:00000:00000:00000:00120:00177" artCategory="Ministério da Defesa/Comando do Exército/Comando Militar do Nordeste/10ª Região Militar/Hospital Geral de Fortaleza" artSize="12" artNotes="" numberPage="22" pdfPage="http://pesquisa.in.gov.br/imprensa/jsp/visualiza/index.jsp?data=25/08/2022&amp;jornal=530&amp;pagina=22" editionNumber="162" highlightType="" highlightPriority="" highlight="" highlightimage="" highlightimagename="" idMateria="14836073">
  <body>
    <Identifica><![CDATA[ RESULTADO DE JULGAMENTO]]></Identifica>
    <Data><![CDATA[]]></Data>
    <Ementa />
    <Titulo />
    <SubTitulo />
    <Texto><![CDATA[<p class="identifica">RESULTADO DE JULGAMENTO</p><p class="identifica">PREGÃO Nº 4/2022</p><p>O Ordenador de Despesas do H Ge F torna público homologação do Pregão Eletrônico SRP nº 04/2022, em 18/08/2022. Empresas vencedoras: 1) TRADE IN TECHNOLOGY COMERCIO E SERVICOS EM INFORMATICA LTDA, CNPJ 05.919.441/0001-05, item 02,valor total R$ 42.275,00; 2) PRIMEIRO TIME INFORMATICA LTDA, CNPJ 06.012.469/002-08, itens 04 a 05 (grupo 01), valor total R$ 98.880,00; 3) D.W.L. COMERCIO E SERVICOS DE INFORMATICA LTDA, CNPJ13.347.993/0001-14, item13, valor total R$ 30.00,00; 4) LICITEC TECNOLOGIA EIRELI, CNPJ 16.628132/0001-00, itens 08,09,11 e 12, valor total R$ 94.469,00; 5) MTSI COMERCIO E SERVICOS DE IMPRESSAO LTDA, CNPJ 26.145.027/0001-66, itens 06 e 07, valor total R$ 5.838,00; 6) MEIPAD INFO LTDA, CNPJ 29.782.551/0001-36, item 1, valor total R$ 389.040,00; 7) PLAXIS INDUSTRIA E COMERCIO DE EQUIPAMENTOS TECNOLOGICOS EIRELI, CNPJ 30.670.371/0001-41, itens 10 e 14, valor total R$ 3.948,70; 8) POWER TECNOLOGIA E TELECOMUNICOES LTDA, CNPJ 35.316.374/0001-03, item 03, valor total R$ 59.000,00; Valor Global da Ata: R$ 723.450,70. Pregoeiro: JOÃO EUDES DA SILVA RAMMOS - TEN CEL.</p><p class="assina">PEDRO LEOPOLDO ROUQUAYROL - TEN CEL</p><p class="cargo">Ordenador de Despesas do Hospital Geral de Fortaleza</p><p>(SIDEC - 24/08/2022) 160050-00001-2022NE000001</p>]]></Texto>
  </body>
  <Midias />
</article></xml>