﻿<xml><article id="27697866" name="3 publicacao trimestral ata 2022" idOficio="7353826" pubName="DO3" artType="Extrato da Ata" pubDate="25/08/2022" artClass="00013:00012:00027:00005:00016:00000:00000:00000:00000:00000:00182:00000" artCategory="Ministério da Defesa/Comando da Marinha/Diretoria-Geral do Pessoal/Diretoria de Ensino/Serviço de Seleção do Pessoal" artSize="12" artNotes="" numberPage="37" pdfPage="http://pesquisa.in.gov.br/imprensa/jsp/visualiza/index.jsp?data=25/08/2022&amp;jornal=530&amp;pagina=37" editionNumber="162" highlightType="" highlightPriority="" highlight="" highlightimage="" highlightimagename="" idMateria="14834076">
  <body>
    <Identifica><![CDATA[ EXTRATO DE REGISTRO DE PREÇOS]]></Identifica>
    <Data><![CDATA[]]></Data>
    <Ementa />
    <Titulo />
    <SubTitulo />
    <Texto><![CDATA[<p class="identifica">EXTRATO DE REGISTRO DE PREÇOS</p><p>Registrador: Servico de Selecao do Pessoal da Marinha, CNPJ: 00.394.502/0130-41. Especie: Ata de Registro de Preços 07/2021; Objeto: Contratacao do serviço de logistica de concurso em apoio a educacao, pertinentes aos concursos publicos para ingresso na Marinha do Brasil; Licitacao: Pregao Eletronico 01/2021; os precos publicados no DOU 167, secao 3, pag. 38, em 02 de setembro de 2021 continuam os mesmos.</p>]]></Texto>
  </body>
  <Midias />
</article></xml>