﻿<xml><article id="27713979" name="2022-08-24/7353591/siasgnet_1483" idOficio="7353591" pubName="DO3" artType="Aviso de Licitação-Pregão" pubDate="25/08/2022" artClass="00013:00012:00027:00006:00003:00001:00000:00000:00000:00000:00164:00001" artCategory="Ministério da Defesa/Comando da Marinha/Diretoria-Geral do Pessoal/Diretoria de Saúde/Centro Logístico de Saúde/Laboratório Farmacêutico" artSize="12" artNotes="" numberPage="37" pdfPage="http://pesquisa.in.gov.br/imprensa/jsp/visualiza/index.jsp?data=25/08/2022&amp;jornal=530&amp;pagina=37" editionNumber="162" highlightType="" highlightPriority="" highlight="" highlightimage="" highlightimagename="" idMateria="14833835">
  <body>
    <Identifica><![CDATA[ AVISO DE LICITAÇÃO]]></Identifica>
    <Data><![CDATA[]]></Data>
    <Ementa />
    <Titulo />
    <SubTitulo />
    <Texto><![CDATA[<p class="identifica">AVISO DE LICITAÇÃO</p><p class="identifica">Pregão Eletrônico Nº 20/2022 - UASG 765741</p><p>Nº Processo: 66307100240720227. Objeto: Aquisição de caixa cartão para produção de pirazinamida e ofloxacino.. Total de Itens Licitados: 4. Edital: 25/08/2022 das 08h00 às 11h30 e das 13h00 às 16h00. Endereço: Av. Dom Helder Camara, 315, Benfica - Rio de Janeiro/RJ ou https://www.gov.br/compras/edital/765741-5-00020-2022. Entrega das Propostas: a partir de 25/08/2022 às 08h00 no site www.gov.br/compras. Abertura das Propostas: 06/09/2022 às 10h00 no site www.gov.br/compras. Informações Gerais: Verificar Edital e Termo de Referência.</p><p class="assina">LISANDRO RODRIGO SILVA DE FRANCA</p><p class="cargo">Divisão de Obtenção</p><p>(SIASGnet - 24/08/2022) 765741-00001-2022NE800069</p>]]></Texto>
  </body>
  <Midias />
</article></xml>