﻿<xml><article id="27715023" name="2022-08-24/7353848/siasgnet_1483" idOficio="7353848" pubName="DO3" artType="Aviso de Licitação-Pregão" pubDate="25/08/2022" artClass="00013:00010:00029:00002:00005:00024:00000:00000:00000:00000:00164:00001" artCategory="Ministério da Defesa/Comando da Aeronáutica/Secretaria de Economia e Finanças e Administração da Aeronáutica/Diretoria de Administração da Aeronáutica/Centro de Apoio Administrativo da Aeronáutica/Grupamento de Apoio de Canoas" artSize="12" artNotes="" numberPage="16" pdfPage="http://pesquisa.in.gov.br/imprensa/jsp/visualiza/index.jsp?data=25/08/2022&amp;jornal=530&amp;pagina=16" editionNumber="162" highlightType="" highlightPriority="" highlight="" highlightimage="" highlightimagename="" idMateria="14834149">
  <body>
    <Identifica><![CDATA[ AVISO DE LICITAÇÃO]]></Identifica>
    <Data><![CDATA[]]></Data>
    <Ementa />
    <Titulo />
    <SubTitulo />
    <Texto><![CDATA[<p class="identifica">AVISO DE LICITAÇÃO</p><p class="identifica">Pregão Eletrônico Nº 70/2022 - UASG 120629</p><p>Nº Processo: 67278004244202204. Objeto: Registro de preços para eventual aquisição de material de alvenaria, em proveito do Grupamento de Apoio de Canoas (GAP-CO).. Total de Itens Licitados: 116. Edital: 25/08/2022 das 08h00 às 12h00 e das 13h00 às 17h00. Endereço: Av Guilherme Schell - 3950, f - Canoas/RS ou https://www.gov.br/compras/edital/120629-5-00070-2022. Entrega das Propostas: a partir de 25/08/2022 às 08h00 no site www.gov.br/compras. Abertura das Propostas: 06/09/2022 às 09h15 no site www.gov.br/compras. Informações Gerais: .</p><p class="assina">MARCOS PINHEIRO DE VASCONCELLOS</p><p class="cargo">Ordenador de Despesas</p><p>(SIASGnet - 24/08/2022) 120629-00001-2022NE800316</p>]]></Texto>
  </body>
  <Midias />
</article></xml>