﻿<xml><article id="27716474" name="2022-08-23/7352049/siasgnet_1483" idOficio="7352049" pubName="DO3" artType="Aviso de Licitação-Pregão" pubDate="25/08/2022" artClass="00013:00011:00008:00019:00008:00000:00000:00000:00000:00000:00164:00001" artCategory="Ministério da Defesa/Comando do Exército/Comando Militar da Amazônia/12ª Região Militar/Hospital de Guarnição de Porto Velho" artSize="12" artNotes="" numberPage="20" pdfPage="http://pesquisa.in.gov.br/imprensa/jsp/visualiza/index.jsp?data=25/08/2022&amp;jornal=530&amp;pagina=20" editionNumber="162" highlightType="" highlightPriority="" highlight="" highlightimage="" highlightimagename="" idMateria="14831566">
  <body>
    <Identifica><![CDATA[ AVISO DE LICITAÇÃO]]></Identifica>
    <Data><![CDATA[]]></Data>
    <Ementa />
    <Titulo />
    <SubTitulo />
    <Texto><![CDATA[<p class="identifica">AVISO DE LICITAÇÃO</p><p class="identifica">Pregão Eletrônico Nº 17/2022 - UASG 160351</p><p>Nº Processo: 64593000463202245. Objeto: Aquisição de materiais e equipamentos de videomonitoramento com serviço de instalação, conforme condições, quantidades e exigências estabelecidas no Edital e anexos. Total de Itens Licitados: 12. Edital: 25/08/2022 das 08h00 às 12h00 e das 13h30 às 15h00. Endereço: Rua Rui Barbosa, 409 - Bairro Centro, - Porto Velho/RO ou https://www.gov.br/compras/edital/160351-5-00017-2022. Entrega das Propostas: a partir de 25/08/2022 às 08h00 no site www.gov.br/compras. Abertura das Propostas: 06/09/2022 às 09h00 no site www.gov.br/compras. Informações Gerais: .</p><p class="assina">SERGIO RICARDO LOBO LOUREIRO</p><p class="cargo">Ordenador de Despesas do Hgupv</p><p>(SIASGnet - 23/08/2022) 160351-00001-2022NE000001</p>]]></Texto>
  </body>
  <Midias />
</article></xml>