﻿<xml><article id="27696173" name="Edital de NotificaAAo nA 091-202" idOficio="7353356" pubName="DO3" artType="Edital de Notificação" pubDate="25/08/2022" artClass="00014:00002:00011:00003:00007:00000:00000:00000:00000:00000:00064:00004" artCategory="Ministério do Desenvolvimento Regional/Secretaria Executiva/Secretaria de Coordenação e Gestão/Diretoria de Orçamento e Finanças/Coordenação-Geral de Prestação de Contas de Convênios" artSize="12" artNotes="" numberPage="38" pdfPage="http://pesquisa.in.gov.br/imprensa/jsp/visualiza/index.jsp?data=25/08/2022&amp;jornal=530&amp;pagina=38" editionNumber="162" highlightType="" highlightPriority="" highlight="" highlightimage="" highlightimagename="" idMateria="14833608">
  <body>
    <Identifica><![CDATA[   Edital de Notificação nº 91/2022 ]]></Identifica>
    <Data><![CDATA[]]></Data>
    <Ementa />
    <Titulo />
    <SubTitulo />
    <Texto><![CDATA[<p class="identifica">Edital de Notificação nº 91/2022</p><p>Processo nº 59050.001836/2009-25 - Convênio Siconv nº 724875/2009. Por se encontrar em local incerto e não sabido, com fundamento nos arts. 246, IV e 256, II do Código de Processo Civil, Lei nº 13.105, de 16/03/2015, no que couberem, no art. 26, § 4º da Lei nº 9.784, de 29/1/1999, bem como pelo normativo da presente Avença, fica desde já notificado, por este Edital, o Sr. EVANDRO LEITE GARCIA, sócio da Empresa Construtora EPG Ltda., para que no prazo de 15 (quinze) dias contados da publicação deste, se manifeste acerca do Parecer nº 249/2020/COA/CGEA/DOP/SEDEC, ou efetue o recolhimento da importância de R$ 625.853,25, já acrescida das atualizações legais. Em caso de não regularização no prazo estipulado, prosseguiremos com a instauração da Tomada de Contas Especial. VISTA AO PROCESSO: o notificado, ou seu representante legal devidamente habilitado por procuração, terá vistas ao processo na Coordenação-Geral de Prestação de Contas de Convênios e de Tomada de Contas Especial - CGPC/MDR.</p><p class="assina">BRUNO CAETANO PINTO</p><p class="cargo">Diretor de Orçamento e Finanças</p>]]></Texto>
  </body>
  <Midias />
</article></xml>