﻿<xml><article id="27715846" name="2022-08-24/7355073/COMPRASNETWS_" idOficio="7355073" pubName="DO3" artType="Extrato de Contrato" pubDate="25/08/2022" artClass="00013:00011:00008:00012:00042:00000:00000:00000:00000:00000:00031:00001" artCategory="Ministério da Defesa/Comando do Exército/Comando Militar da Amazônia/2º Grupamento de Engenharia/5º Batalhão de Engenharia de Construção" artSize="12" artNotes="" numberPage="19" pdfPage="http://pesquisa.in.gov.br/imprensa/jsp/visualiza/index.jsp?data=25/08/2022&amp;jornal=530&amp;pagina=19" editionNumber="162" highlightType="" highlightPriority="" highlight="" highlightimage="" highlightimagename="" idMateria="14835769">
  <body>
    <Identifica><![CDATA[ EXTRATO DE CONTRATO Nº 35/2022 - UASG 160348]]></Identifica>
    <Data><![CDATA[]]></Data>
    <Ementa />
    <Titulo />
    <SubTitulo />
    <Texto><![CDATA[<p class="identifica">EXTRATO DE CONTRATO Nº 35/2022 - UASG 160348</p><p>Nº Processo: 64043.010585/2021-95.</p><p>Pregão Nº 39/2021. Contratante: 5 BATALHAO DE ENGENHARIA DE CONSTRUCAO.</p><p>Contratado: 19.953.632/0001-06 - AREAL BEIRA RIO EIRELI. Objeto: A aquisição de insumos pétreos e concreto usinado e cimento (brita,pó de brita e pedra de mão).</p><p>Fundamento Legal: LEI 10.520 / 2002 - Artigo: 1. Vigência: 04/07/2022 a 03/07/2023. Valor Total: R$ 532.259,38. Data de Assinatura: 04/07/2022.</p><p>(COMPRASNET 4.0 - 24/08/2022).</p>]]></Texto>
  </body>
  <Midias />
</article></xml>