﻿<xml><article id="27694444" name="Aviso de HomologaAAo - DOU (Preg" idOficio="7353136" pubName="DO3" artType="Aviso de Homologação" pubDate="25/08/2022" artClass="00013:00010:00010:00021:00219:00000:00000:00000:00000:00000:00077:00000" artCategory="Ministério da Defesa/Comando da Aeronáutica/Comando de Preparo/III Comando Aéreo Regional/Base Aérea dos Afonsos" artSize="12" artNotes="" numberPage="14" pdfPage="http://pesquisa.in.gov.br/imprensa/jsp/visualiza/index.jsp?data=25/08/2022&amp;jornal=530&amp;pagina=14" editionNumber="162" highlightType="" highlightPriority="" highlight="" highlightimage="" highlightimagename="" idMateria="14833357">
  <body>
    <Identifica><![CDATA[ AVISO DE HOMOLOGAÇÃO]]></Identifica>
    <Data><![CDATA[]]></Data>
    <Ementa />
    <Titulo />
    <SubTitulo />
    <Texto><![CDATA[<p class="identifica">AVISO DE HOMOLOGAÇÃO</p><p class="identifica">PREGÃO ELETRÔNICO Nº 42/2022</p><p>A BASE AÉREA DOS AFONSOS-BAAF, torna público que, conforme Processo nº 67241.005218/2022-11, referente ao Pregão Eletrônico nº 42/2022, e nos termos da legislação vigente, foi homologada no dia 19/08/2022, pelo Ordenador de Despesas, o Senhor Tenente-Coronel Intendente JOSÉ HENRIQUE FERREIRA CORÉ, a referida licitação, cujo objeto é a escolha da proposta mais vantajosa para a aquisição de quadro branco para a promoção do Gestão à vista, considerando o processo de gestão de qualidade no Hospital de Aeronáutica dos Afonsos, como segue: MULTI QUADROS E VIDROS LTDA, CNPJ: 03.961.467/0001-96, item 1, Valor Total Registrado: R$ 4.990,00.</p><p class="assina">Ten Cel Int - JOSÉ HENRIQUE FERREIRA CORÉ</p><p class="cargo">ORDENADOR DE DESPESAS</p>]]></Texto>
  </body>
  <Midias />
</article></xml>