﻿<xml><article id="27698700" name="Edital de Notificacao RIO LIMPO " idOficio="7353914" pubName="DO3" artType="Edital de Notificação" pubDate="25/08/2022" artClass="00011:00044:00012:00022:00000:00000:00000:00000:00000:00000:00064:00000" artCategory="Ministério da Ciência, Tecnologia e Inovações/Comissão Nacional de Energia Nuclear/Diretoria de Pesquisa e Desenvolvimento/Instituto de Radioproteção e Dosimetria" artSize="12" artNotes="" numberPage="10" pdfPage="http://pesquisa.in.gov.br/imprensa/jsp/visualiza/index.jsp?data=25/08/2022&amp;jornal=530&amp;pagina=10" editionNumber="162" highlightType="" highlightPriority="" highlight="" highlightimage="" highlightimagename="" idMateria="14834283">
  <body>
    <Identifica><![CDATA[EDITAL DE NOTIFICAÇÃO]]></Identifica>
    <Data><![CDATA[ Rio de Janeiro/RJ, 24 de agosto de 2022.]]></Data>
    <Ementa />
    <Titulo />
    <SubTitulo />
    <Texto><![CDATA[<p class="identifica">EDITAL DE NOTIFICAÇÃO</p><p>Número do Processo: 01343.003730/2021-05</p><p>A Comissão Nacional de Energia Nuclear, Por Intermédio do Instituto de Radioproteção e Dosimetria, amparado no Art. 37, § 5º da Constituição Federal, torna pública a notificação, uma vez que não é de nosso conhecimento e também não foram localizados os endereços da empresa RIO LIMPO SERVIÇOS DE LIMPEZA LTDA., de seus Sócios Srs. Cesar Augusto Vecchiatti Palma, CPF: 247.758.968-73 e Maria Apparecida Vecchiatti Palma e seu Representante Legal o Sr. Girso de Medeiros, para o ressarcimento do prejuízo causado ao erário, quando da execução do contrato CNEN nº 0020/2011, no valor de R$ 112.553,25 (cento e doze mil, quinhentos e cinquenta e três reais e vinte e cinco centavos), provenientes de Verbas Rescisórias do Processo nº 0100849-27.2016.5.01.0014, junto ao Tribunal Regional do Trabalho - 1ª Região, movido pelos ex-funcionários Valdencir Gonçalves Pinto, Maria Celia Cardoso da Silva Monteiro, Sandra Maria de Souza e Angela Regina da Costa Sanches. Frisamos que, a partir da data de publicação deste Aviso, o representante legal da empresa e seus sócios têm o prazo de 5 (cinco) dias úteis, "ex legge" para contestá-la, sendo que sua não manifestação enseja automaticamente sua plena aceitação).</p><p class="data">Rio de Janeiro/RJ, 24 de agosto de 2022.</p><p class="assina">ANA CRISTINA DE MELO FERREIRA</p><p class="cargo">Diretora do Institutuo de Radioproteção e Dosimetria</p><p class="cargo">Substituta</p>]]></Texto>
  </body>
  <Midias />
</article></xml>