﻿<xml><article id="27714603" name="2022-08-24/7354561/COMPRASNETWS_" idOficio="7354561" pubName="DO3" artType="Extrato de Termo Aditivo" pubDate="25/08/2022" artClass="00011:00030:00016:00011:00000:00000:00000:00000:00000:00000:00054:00001" artCategory="Ministério da Ciência, Tecnologia e Inovações/Instituto Nacional de Pesquisas Espaciais/Coordenação-Geral de Gestão Organizacional/Coordenação Espacial do Nordeste" artSize="12" artNotes="" numberPage="10" pdfPage="http://pesquisa.in.gov.br/imprensa/jsp/visualiza/index.jsp?data=25/08/2022&amp;jornal=530&amp;pagina=10" editionNumber="162" highlightType="" highlightPriority="" highlight="" highlightimage="" highlightimagename="" idMateria="14834989">
  <body>
    <Identifica><![CDATA[ EXTRATO DE TERMO ADITIVO Nº 105/2022 - UASG 240107]]></Identifica>
    <Data><![CDATA[]]></Data>
    <Ementa />
    <Titulo />
    <SubTitulo />
    <Texto><![CDATA[<p class="identifica">EXTRATO DE TERMO ADITIVO Nº 105/2022 - UASG 240107</p><p>Número do Contrato: 100/2017.</p><p>Nº Processo: 01340.002388/2017-41.</p><p>Pregão nº 88/2017. Contratante: INSTITUTO NACIONAL DE PESQ. ESPACIAIS-INPE. Contratado: 10.446.347/0002-05 - FORCA ALERTA SEGURANCA E VIGILANCIA PATRIMONIAL LTDA. Objeto: prorrogar o prazo da vigência do contrato RD nº 03.06.010.0/2017, por 04 (quatro) meses, contemplando-se, nesta ocasião, o período de 02/09/2022 a 01/01/2023, nos termos do art. 57, (II ou IV), da Lei nº 8.666, de 1993. O valor mensal da contratação é de R$ 40.676,08 (quarenta mil seiscentos e setenta e seis reais e oito centavos), perfazendo o valor total de R$ 162.704,32 (cento e sessenta e dois mil setecentos e quatro reais e trinta e dois centavos). Vigência: 02/09/2022 a 01/01/2023. Valor Total Atualizado do Contrato: R$ 162.704,32. Data de Assinatura: 24/08/2022.</p><p>(COMPRASNET 4.0 - 24/08/2022).</p>]]></Texto>
  </body>
  <Midias />
</article></xml>