﻿<xml><article id="27715428" name="2022-08-24/7354276/siasgnet_1483" idOficio="7354276" pubName="DO3" artType="Aviso de Licitação-Pregão" pubDate="25/08/2022" artClass="00006:00009:00012:00017:00000:00000:00000:00000:00000:00000:00164:00001" artCategory="Presidência da República/Advocacia-Geral da União/Secretaria-Geral de Administração/Superintendência Regional de Administração 1ª Região" artSize="12" artNotes="" numberPage="1" pdfPage="http://pesquisa.in.gov.br/imprensa/jsp/visualiza/index.jsp?data=25/08/2022&amp;jornal=530&amp;pagina=1" editionNumber="162" highlightType="" highlightPriority="" highlight="" highlightimage="" highlightimagename="" idMateria="14834699">
  <body>
    <Identifica><![CDATA[ AVISO DE LICITAÇÃO]]></Identifica>
    <Data><![CDATA[]]></Data>
    <Ementa />
    <Titulo />
    <SubTitulo />
    <Texto><![CDATA[<p class="identifica">AVISO DE LICITAÇÃO</p><p class="identifica">Pregão Eletrônico Nº 30/2022 - UASG 110161</p><p>Nº Processo: 00676.00115220220. Objeto: Aquisição de medalhas e diplomas da Ordem do Mérito, conforme condições, quantidades, exigências e estimativas estabelecidas neste instrumento.. Total de Itens Licitados: 15. Edital: 25/08/2022 das 08h00 às 12h00 e das 14h00 às 17h59. Endereço: Sig Quadra 06 Lote 800, - BRASÍLIA/DF ou https://www.gov.br/compras/edital/110161-5-00030-2022. Entrega das Propostas: a partir de 25/08/2022 às 08h00 no site www.gov.br/compras. Abertura das Propostas: 06/09/2022 às 10h00 no site www.gov.br/compras. Informações Gerais: O Edital encontra-se disponível nos sites www.comprasnet.gov.br e www.agu.gov.br.</p><p class="assina">RODRIGO JORG PFEILSTICKER</p><p class="cargo">Superintendente</p><p>(SIASGnet - 24/08/2022) 110161-00001-2022NE000096</p>]]></Texto>
  </body>
  <Midias />
</article></xml>