﻿<xml><article id="27695178" name="EXTRATO DE CONTRATO DOU" idOficio="7347035" pubName="DO3" artType="Extrato de Contrato" pubDate="25/08/2022" artClass="00052:00005:00398:00000:00000:00000:00000:00000:00000:00000:00031:00000" artCategory="Prefeituras/Estado da Bahia/Prefeitura Municipal de Riachão das Neves" artSize="12" artNotes="" numberPage="227" pdfPage="http://pesquisa.in.gov.br/imprensa/jsp/visualiza/index.jsp?data=25/08/2022&amp;jornal=530&amp;pagina=227" editionNumber="162" highlightType="" highlightPriority="" highlight="" highlightimage="" highlightimagename="" idMateria="14824915">
  <body>
    <Identifica><![CDATA[ EXTRATO DE CONTRATO Nº 135/2022]]></Identifica>
    <Data><![CDATA[]]></Data>
    <Ementa />
    <Titulo />
    <SubTitulo />
    <Texto><![CDATA[<p class="identifica">EXTRATO DE CONTRATO Nº 135/2022</p><p>Contrato nº 135/2022 - Contratantes: O MUNICÍPIO DE RIACHÃO DAS NEVES (BA) e a empresa A EMPRESA ROB TEX UNIFORMES LTDA, CNPJ nº. 03.540.806/0001-60, localizada na Rua Barão de Cotegipe, nº. 524, Sala 01, Centro, Barreiras - Bahia; Objeto do Contrato: Contratação de empresa para aquisição de uniformes para atender as necessidades das Secretarias Municipais; Valor: R$ 199.994,00 (Cento e noventa e nove mil, novecentos e noventa e quatro reais), Vigência: 05 de agosto de 2022 a 31 de dezembro de 2022; Assinam: Miguel Crisóstomo Borges Neto e Augusto Andrighetti Klemz, respectivamente pelo Município e pelo Contratado. Felipe Smith Santos Crisóstomo - Pregoeiro. Riachão das Neves - BA, 05/08/2022.</p>]]></Texto>
  </body>
  <Midias />
</article></xml>