﻿<xml><article id="27715161" name="Sidec_00187" idOficio="7355149" pubName="DO3" artType="Extrato de Inexigibilidade de Licitação" pubDate="25/08/2022" artClass="00013:00011:00011:00116:00002:00000:00000:00000:00000:00000:00041:00188" artCategory="Ministério da Defesa/Comando do Exército/Comando Militar do Norte/8ª Região Militar/Hospital de Guarnição de Marabá" artSize="12" artNotes="" numberPage="27" pdfPage="http://pesquisa.in.gov.br/imprensa/jsp/visualiza/index.jsp?data=25/08/2022&amp;jornal=530&amp;pagina=27" editionNumber="162" highlightType="" highlightPriority="" highlight="" highlightimage="" highlightimagename="" idMateria="14836084">
  <body>
    <Identifica><![CDATA[ EXTRATO DE INEXIGIBILIDADE DE LICITAÇÃO Nº 6/2022  - UASG 160168]]></Identifica>
    <Data><![CDATA[]]></Data>
    <Ementa />
    <Titulo />
    <SubTitulo />
    <Texto><![CDATA[<p class="identifica">EXTRATO DE INEXIGIBILIDADE DE LICITAÇÃO Nº 6/2022 - UASG 160168</p><p>Nº Processo: 64591013177202260 . Objeto: Assinatura do Sistema VIDEOFARMA BANCO DE DADOS COM EXPORTAÇÃO DE DADOS, Periódica para a Seção de Auditoria de Contas Médicas do Hospital de Guarnição de Marabá Total de Itens Licitados: 00001. Fundamento Legal: Art. 25º, Caput da Lei nº 8.666 de 21º/06/1993.. Justificativa: Por haver inviabilidade de competição, conforme amparo no Art. 25, Caput, da Lei 8.666/93 Declaração de Inexigibilidade em 24/08/2022. MARCIO RIBEIRO TONIAZZO. Ordenador de Despesas do h Gu Marabá. Ratificação em 24/08/2022. OTAVIO RODRIGUES DE MIRANDA FILHO. Comandante da 9ª Região Militar. Valor Global: R$ 1.680,00. CNPJ CONTRATADA : 62.958.491/0001-35 ANDREI PUBLICACOES MEDICAS FARMACEUTICAS TECNICAS LTDA.</p><p>(SIDEC - 24/08/2022) 160168-00001-2022NE000001</p>]]></Texto>
  </body>
  <Midias />
</article></xml>