﻿<xml><article id="27715467" name="2022-08-24/7354160/COMPRASNETWS_" idOficio="7354160" pubName="DO3" artType="Extrato de Termo Aditivo" pubDate="25/08/2022" artClass="00013:00010:00029:00002:00005:00024:00000:00000:00000:00000:00054:00001" artCategory="Ministério da Defesa/Comando da Aeronáutica/Secretaria de Economia e Finanças e Administração da Aeronáutica/Diretoria de Administração da Aeronáutica/Centro de Apoio Administrativo da Aeronáutica/Grupamento de Apoio de Canoas" artSize="12" artNotes="" numberPage="16" pdfPage="http://pesquisa.in.gov.br/imprensa/jsp/visualiza/index.jsp?data=25/08/2022&amp;jornal=530&amp;pagina=16" editionNumber="162" highlightType="" highlightPriority="" highlight="" highlightimage="" highlightimagename="" idMateria="14834495">
  <body>
    <Identifica><![CDATA[ EXTRATO DE TERMO ADITIVO Nº 2/2022 - UASG 120629]]></Identifica>
    <Data><![CDATA[]]></Data>
    <Ementa />
    <Titulo />
    <SubTitulo />
    <Texto><![CDATA[<p class="identifica">EXTRATO DE TERMO ADITIVO Nº 2/2022 - UASG 120629</p><p>Número do Contrato: 10011/2021.</p><p>Nº Processo: 67278.003552/2021-23.</p><p>Tomada de Preços. Nº 1/2021. Contratante: GRUPAMENTO DE APOIO DE CANOAS. Contratado: 15.277.959/0001-46 - CONFERIR ENGENHARIA LTDA. Objeto: O presente termo aditivo tem por finalidade prorrogar os prazos de execução e vigência, por mais 60(sessenta) dias, passando o prazo de execução de 20/12/2021 a 16/08/2022 para 20/12/2021 a 15/10/2022 e o prazo de vigência de 07/12/2021 a 01/12/2022 para 07/12/2021 a 30/01/2023, conforme previsto na cláusula segunda do contrato original, motivada e aprovada pelo parecer técnico 001/dtinfra-co/2022, de 19/07/2022, e de acordo com as disposições legais do inciso i, do inciso 1º do artigo 57 da lei 8666/93.. Vigência: 07/12/2021 a 30/01/2023. Valor Total Atualizado do Contrato: R$ 856.617,88. Data de Assinatura: 17/08/2022.</p><p>(COMPRASNET 4.0 - 17/08/2022).</p>]]></Texto>
  </body>
  <Midias />
</article></xml>