﻿<xml><article id="27714867" name="2022-08-24/7354867/siasgnet_1483" idOficio="7354867" pubName="DO3" artType="Aviso de Licitação-Pregão" pubDate="25/08/2022" artClass="00013:00012:00025:00015:00001:00000:00000:00000:00000:00000:00164:00001" artCategory="Ministério da Defesa/Comando da Marinha/Diretoria-Geral do Material/Diretoria Industrial da Marinha/Arsenal de Marinha do Rio de Janeiro" artSize="12" artNotes="" numberPage="36" pdfPage="http://pesquisa.in.gov.br/imprensa/jsp/visualiza/index.jsp?data=25/08/2022&amp;jornal=530&amp;pagina=36" editionNumber="162" highlightType="" highlightPriority="" highlight="" highlightimage="" highlightimagename="" idMateria="14835455">
  <body>
    <Identifica><![CDATA[ AVISO DE LICITAÇÃO]]></Identifica>
    <Data><![CDATA[]]></Data>
    <Ementa />
    <Titulo />
    <SubTitulo />
    <Texto><![CDATA[<p class="identifica">AVISO DE LICITAÇÃO</p><p class="identifica">Pregão Eletrônico Nº 34/2022 - UASG 741000</p><p>Nº Processo: 63014005374201909. Objeto: Aquisição de Parafusos. Total de Itens Licitados: 42. Edital: 25/08/2022 das 08h30 às 11h00 e das 13h00 às 15h30. Endereço: Praca Barao de Ladario, S/nr. - Ilha Das Cobras, - Rio de Janeiro/RJ ou https://www.gov.br/compras/edital/741000-5-00034-2022. Entrega das Propostas: a partir de 25/08/2022 às 08h30 no site www.gov.br/compras. Abertura das Propostas: 08/09/2022 às 10h00 no site www.gov.br/compras. Informações Gerais: Havendo divergência entre a descrição contida no código CATMAT e o Termo de Referência, prevalecerá o último.</p><p class="assina">LUCAS DO NASCIMENTO LEAL</p><p class="cargo">Pregoeiro</p><p>(SIASGnet - 24/08/2022) 741000-00001-2022NE999999</p>]]></Texto>
  </body>
  <Midias />
</article></xml>