﻿<xml><article id="27695399" name="88. Publicacao Acordo de Coopera" idOficio="7336024" pubName="DO3" artType="Extrato de Acordo de Cooperação Técnica" pubDate="25/08/2022" artClass="00048:00259:00000:00000:00000:00000:00000:00000:00000:00000:00036:00000" artCategory="Entidades de Fiscalização do Exercício das Profissões Liberais/Conselho Regional de Engenharia e Agronomia da Bahia" artSize="12" artNotes="" numberPage="188" pdfPage="http://pesquisa.in.gov.br/imprensa/jsp/visualiza/index.jsp?data=25/08/2022&amp;jornal=530&amp;pagina=188" editionNumber="162" highlightType="" highlightPriority="" highlight="" highlightimage="" highlightimagename="" idMateria="14809564">
  <body>
    <Identifica><![CDATA[ EXTRATOS DO ACORDO DE COOPERAÇÃO TÉCNICA n° 13/2022]]></Identifica>
    <Data><![CDATA[]]></Data>
    <Ementa />
    <Titulo />
    <SubTitulo />
    <Texto><![CDATA[<p class="identifica">EXTRATOS DO ACORDO DE COOPERAÇÃO TÉCNICA n° 13/2022</p><p>Espécie: Acordo de Cooperação Técnica n°13/2022, firmado entre o Conselho Regional de Engenharia e Agronomia da Bahia - Crea-BA, inscrito no CNPJ/MF N°15.233.026/0001-57 e o Município de Santo Antonio de Jesus(BA), pessoa jurídica de Direito Público, inscrito no CNPJ/MF N°15.429.154/0001-70, representado pelo seu Prefeito Municipal, Sr. Genival Deolino Souza. O presente acordo tem por objetivo a realização de ações de parceria entre o Crea-BA e o MUNICIPIO, por meio do compartilhamento de dados e informações e da realização de ações com foco no aprimoramento da fiscalização de obras e serviços de Engenharia, Agronomia, Geologia, Geografia, Meteorologia e Urbanismo, públicas ou privadas, visando uma ação adequada de proteção aos cidadãos e à sociedade, no que se refere aos direitos difusos e coletivos no Município, bem como, nas edificações para população de baixa renda que integrem o Programa de Engenharia Pública do Município e, ainda, no cumprimento da Legislação, das normas e dos regulamentos de cada partícipe deste acordo. Face à natureza do presente que tem por finalidade implantar ações cooperação técnica no âmbito das atividades comuns, não haverá transferência de recursos financeiros entre as partes. O presente termo terá vigência até o dia 31 de dezembro de 2023, com início a partir da sua assinatura e efeitos no ato da publicação no DOU bem como no DOM/DOE(BA), podendo ser prorrogado mediante Termo Aditivo, devendo a parte interessada comunicar a outra por escrito com antecedência mínima de 30 (trinta) dias. Data de assinatura 12 de julho de 2022; Signatários: pelo Crea-BA, Joseval Costa Carqueija-Presidente; pelo Município-Genival Deolino Souza-Prefeito.</p><p>Espécie: Acordo de Cooperação Técnica n°13/2022, firmado entre o Conselho Regional de Engenharia e Agronomia da Bahia - Crea-BA, inscrito no CNPJ/MF N° 15.233.026/0001-57 e o INSTITUTO NAVIGARE LTDA, inscrito no CNPJ/MF N° 19.553.843/0001-43, representado por Saulo Machado Gomes, sócio-diretor. O presente acordo destina-se a proporcionar Capacitação profissional, onde o Instituto concederá aos profissionais registrados no Crea-BA e aos servidores do Crea-BA e seus dependentes, o desconto de 20% sobre o valor dos cursos de pós-graduação oferecidos, bem como disponibilizar ao Crea-BA 01(uma) bolsa integral por cada curso iniciado que tenha sido divulgado pelo Conselho. O presente acordo não acarretará nenhum ônus custo aos partícipes, não sendo pactuada qualquer obrigação pecuniária entre as partes acordantes. O presente termo terá vigência até o dia 31 de dezembro de 2023, com início a partir da sua assinatura e efeitos no ato da publicação no DOU, podendo ser renovado por períodos sucessivos, por convenção entre as partes, mediante Acordo Aditivo, observando o limite de 60(sessenta) meses, O presente Acordo poderá ser rescindido em caso de superveniência da lei ou outro ato equivalente que o torne material ou formalmente impraticável, ou por inadimplência de quaisquer de suas cláusulas, independentemente de notificação judicial ou extrajudicial ou, ainda mediante comunicação expressa com antecedência mínima de 30 (trinta) dias, da intenção de fazê-lo. Data de assinatura 01 de agosto de 2022; Signatários: pelo INSTITUTO NAVIGARE - Saulo Machado Gomes/sócio-diretor, pelo Crea-BA, Joseval Costa Carqueija-Presidente.</p>]]></Texto>
  </body>
  <Midias />
</article></xml>