﻿<xml><article id="27702286" name="RN-014-ECT-00019887" idOficio="7354657" pubName="DO3" artType="Retificação" pubDate="25/08/2022" artClass="00012:00017:00049:00027:00000:00000:00000:00000:00000:00000:00128:00000" artCategory="Ministério das Comunicações/Empresa Brasileira de Correios e Telégrafos/Diretoria de Governança e Estratégia/Superintendência Estadual N4 RN" artSize="12" artNotes="" numberPage="14" pdfPage="http://pesquisa.in.gov.br/imprensa/jsp/visualiza/index.jsp?data=25/08/2022&amp;jornal=530&amp;pagina=14" editionNumber="162" highlightType="" highlightPriority="" highlight="" highlightimage="" highlightimagename="" idMateria="14835228">
  <body>
    <Identifica><![CDATA[ RETIFICAÇÃO]]></Identifica>
    <Data><![CDATA[]]></Data>
    <Ementa />
    <Titulo />
    <SubTitulo />
    <Texto><![CDATA[<p class="identifica">RETIFICAÇÃO</p><p>No 3º Termo Aditivo ao Contrato de Locação Nº 10/2016; publicado em 11 de agosto de 2022, na Seção 3, Página 14, onde se lê 25/05/2022 leia-se 25/08/22 e onde se lê S.E.I. 33249017, leia-se S.E.I. 34052336.</p>]]></Texto>
  </body>
  <Midias />
</article></xml>