﻿<xml><article id="27700780" name="Contrato Visomes" idOficio="7354415" pubName="DO3" artType="Extrato de Contrato" pubDate="25/08/2022" artClass="00007:00060:00060:00000:00000:00000:00000:00000:00000:00000:00031:00000" artCategory="Ministério da Agricultura, Pecuária e Abastecimento/Empresa Brasileira de Pesquisa Agropecuária/Embrapa Meio Ambiente" artSize="12" artNotes="" numberPage="7" pdfPage="http://pesquisa.in.gov.br/imprensa/jsp/visualiza/index.jsp?data=25/08/2022&amp;jornal=530&amp;pagina=7" editionNumber="162" highlightType="" highlightPriority="" highlight="" highlightimage="" highlightimagename="" idMateria="14834857">
  <body>
    <Identifica><![CDATA[ Extrato de Contrato]]></Identifica>
    <Data><![CDATA[]]></Data>
    <Ementa />
    <Titulo />
    <SubTitulo />
    <Texto><![CDATA[<p class="identifica">Extrato de Contrato</p><p>Processo 18/2022 - SEI 21187.002038/2022-70; Pregão SRP 2/2022; Favorecido: VISOMES COMERCIAL METROLÓGICA LTDA - EPP, CNPJ 00.567.892/0001-07. Objeto: prestação de serviços de Calibração de Instrumentos de medição e Equipamentos de Laboratório da Embrapa Meio Ambiente. Valor global: R$ 8.480,50. Fonte de recurso: 0188000000, Vigência do contrato: 24/08/2022 e término em 24/09/2022. Data do ato: 24/08/2022.</p>]]></Texto>
  </body>
  <Midias />
</article></xml>