﻿<xml><article id="27709430" name="PUB 24" idOficio="7355928" pubName="DO3" artType="Resultado de Julgamento" pubDate="25/08/2022" artClass="00011:00047:00000:00000:00000:00000:00000:00000:00000:00000:00120:00000" artCategory="Ministério da Ciência, Tecnologia e Inovações/Conselho Nacional de Desenvolvimento Científico e Tecnológico" artSize="12" artNotes="" numberPage="11" pdfPage="http://pesquisa.in.gov.br/imprensa/jsp/visualiza/index.jsp?data=25/08/2022&amp;jornal=530&amp;pagina=11" editionNumber="162" highlightType="" highlightPriority="" highlight="" highlightimage="" highlightimagename="" idMateria="14837155">
  <body>
    <Identifica><![CDATA[ RESULTADOs DE JULGAMENTOsCHAMADA PÚBLICA]]></Identifica>
    <Data><![CDATA[Em  24 de agosto de 2022]]></Data>
    <Ementa />
    <Titulo />
    <SubTitulo />
    <Texto><![CDATA[<p class="identifica">RESULTADOs DE JULGAMENTOsCHAMADA PÚBLICA</p><p>O Conselho Nacional de Desenvolvimento Científico e Tecnológico - CNPq torna público o resultado da Chamada CNPq/MS/SCTIE/DECIT Nº 25/2019 - INQUÉRITO SOBRE PERFIL DE DOENÇAS RARAS NO BRASIL. As propostas aprovadas encontram-se no Link: http://resultado.cnpq.br/3407371331470030</p><p>O Conselho Nacional de Desenvolvimento Científico e Tecnológico - CNPq torna público o resultado da Chamada MCTIC/CNPq Nº 28/2018 - Universal/Faixa A - Até R$ 30.000,00. As propostas aprovadas encontram-se no Link: http://resultado.cnpq.br/1224685248921192</p><p class="data">Em 24 de agosto de 2022</p><p class="assina">Evaldo Ferreira Vilela</p><p class="cargo">Presidente do Conselho</p>]]></Texto>
  </body>
  <Midias />
</article></xml>