﻿<xml><article id="27716492" name="2022-08-24/7354271/COMPRASNETWS_" idOficio="7354271" pubName="DO3" artType="Extrato de Credenciamento" pubDate="25/08/2022" artClass="00013:00010:00012:00009:00201:00000:00000:00000:00000:00000:00033:00001" artCategory="Ministério da Defesa/Comando da Aeronáutica/Comando-Geral do Pessoal/Diretoria de Ensino/Academia da Força Aérea" artSize="12" artNotes="" numberPage="15" pdfPage="http://pesquisa.in.gov.br/imprensa/jsp/visualiza/index.jsp?data=25/08/2022&amp;jornal=530&amp;pagina=15" editionNumber="162" highlightType="" highlightPriority="" highlight="" highlightimage="" highlightimagename="" idMateria="14834614">
  <body>
    <Identifica><![CDATA[ EXTRATO DE CREDENCIAMENTO Nº 8/2022 - UASG 120060]]></Identifica>
    <Data><![CDATA[]]></Data>
    <Ementa />
    <Titulo />
    <SubTitulo />
    <Texto><![CDATA[<p class="identifica">EXTRATO DE CREDENCIAMENTO Nº 8/2022 - UASG 120060</p><p>Nº Processo: 67438.006011/2022-58.</p><p>Inexigibilidade Nº 5/2022. Contratante: ACADEMIA DA FORCA AEREA.</p><p>Contratado: 18.198.058/0001-57 - CASTELLAN DE MORAES SERVICOS MEDICOS LTDA. Objeto: Contratação de serviços profissionais de assistência na especialidade de Cardiologia e exames complementares aos beneficiários do Sistema de Saúde da Aeronáutica (SISAU) e, eventualmente, aos beneficiários do Sistema de Saúde de outras Forças singulares..</p><p>Fundamento Legal: Lei nº 8.666, de 1993, Lei nº 6.880, de 1980. Vigência: 05/08/2022 a 05/08/2027. Valor Total: R$ 200.000,00. Data de Assinatura: 05/08/2022.</p><p>(COMPRASNET 4.0 - 25/08/2022).</p>]]></Texto>
  </body>
  <Midias />
</article></xml>