﻿<xml><article id="27716165" name="2022-08-24/7353945/COMPRASNETWS_" idOficio="7353945" pubName="DO3" artType="Extrato de Contrato" pubDate="25/08/2022" artClass="00013:00011:00008:00012:00044:00000:00000:00000:00000:00000:00031:00001" artCategory="Ministério da Defesa/Comando do Exército/Comando Militar da Amazônia/2º Grupamento de Engenharia/7º Batalhão de Engenharia de Construção" artSize="12" artNotes="" numberPage="19" pdfPage="http://pesquisa.in.gov.br/imprensa/jsp/visualiza/index.jsp?data=25/08/2022&amp;jornal=530&amp;pagina=19" editionNumber="162" highlightType="" highlightPriority="" highlight="" highlightimage="" highlightimagename="" idMateria="14834250">
  <body>
    <Identifica><![CDATA[ EXTRATO DE CONTRATO Nº 39/2022 - UASG 160001]]></Identifica>
    <Data><![CDATA[]]></Data>
    <Ementa />
    <Titulo />
    <SubTitulo />
    <Texto><![CDATA[<p class="identifica">EXTRATO DE CONTRATO Nº 39/2022 - UASG 160001</p><p>Nº Processo: 64045.000345/2022-43.</p><p>Pregão Nº 4/2022. Contratante: 7º BATALHAO DE ENGENHARIA DE CONSTRUCAO.</p><p>Contratado: 33.412.571/0001-92 - RUAN CARLOS LIMA DA SILVA 01284794261. Objeto: Aquisição de bombona.</p><p>Fundamento Legal: LEI 10.520 / 2002 - Artigo: 1. Vigência: 02/05/2022 a 02/05/2023. Valor Total: R$ 6.250,00. Data de Assinatura: 02/05/2022.</p><p>(COMPRASNET 4.0 - 24/08/2022).</p>]]></Texto>
  </body>
  <Midias />
</article></xml>