﻿<xml><article id="27715714" name="Sidec_00175__EWTKB6" idOficio="7355149" pubName="DO3" artType="Extrato de Dispensa de Licitação" pubDate="25/08/2022" artClass="00013:00011:00010:00009:00000:00000:00000:00000:00000:00000:00038:00176" artCategory="Ministério da Defesa/Comando do Exército/Comando Militar do Nordeste/10ª Região Militar" artSize="12" artNotes="" numberPage="22" pdfPage="http://pesquisa.in.gov.br/imprensa/jsp/visualiza/index.jsp?data=25/08/2022&amp;jornal=530&amp;pagina=22" editionNumber="162" highlightType="" highlightPriority="" highlight="" highlightimage="" highlightimagename="" idMateria="14836072">
  <body>
    <Identifica><![CDATA[ EXTRATO DE DISPENSA DE LICITAÇÃO Nº 31/2022  - UASG 160047]]></Identifica>
    <Data><![CDATA[]]></Data>
    <Ementa />
    <Titulo />
    <SubTitulo />
    <Texto><![CDATA[<p class="identifica">EXTRATO DE DISPENSA DE LICITAÇÃO Nº 31/2022 - UASG 160047</p><p>Nº Processo: 64305021441202217 . Objeto: Prestação de serviço de capacitação profissional relativa ao programa soldado cidadão Total de Itens Licitados: 00008. Fundamento Legal: Art. 24º, Inciso XIII da Lei nº 8.666 de 21º/06/1993.. Justificativa: Art. 24º, Inciso XIII da Lei nº 8.666 de 21º/06/1993 Declaração de Dispensa em 24/08/2022. ROBERTO IUNES SOARES BESERRA. Ordenador de Despesas. Ratificação em 24/08/2022. ANDRE LUIZ RIBEIRO CAMPOS ALLAO. Comandante da 10ª Região Militar. Valor Global: R$ 150.000,00. CNPJ CONTRATADA : 03.648.344/0001-08 SERVICO NACIONAL DE APRENDIZAGEM COMERCIAL - SENAC.</p><p>(SIDEC - 24/08/2022) 160047-00001-2022NE000001</p>]]></Texto>
  </body>
  <Midias />
</article></xml>