﻿<xml><article id="27714957" name="2022-08-24/7353904/COMPRASNETWS_" idOficio="7353904" pubName="DO3" artType="Extrato de Contrato" pubDate="25/08/2022" artClass="00013:00011:00008:00012:00044:00000:00000:00000:00000:00000:00031:00001" artCategory="Ministério da Defesa/Comando do Exército/Comando Militar da Amazônia/2º Grupamento de Engenharia/7º Batalhão de Engenharia de Construção" artSize="12" artNotes="" numberPage="19" pdfPage="http://pesquisa.in.gov.br/imprensa/jsp/visualiza/index.jsp?data=25/08/2022&amp;jornal=530&amp;pagina=19" editionNumber="162" highlightType="" highlightPriority="" highlight="" highlightimage="" highlightimagename="" idMateria="14834186">
  <body>
    <Identifica><![CDATA[ EXTRATO DE CONTRATO Nº 37/2022 - UASG 160001]]></Identifica>
    <Data><![CDATA[]]></Data>
    <Ementa />
    <Titulo />
    <SubTitulo />
    <Texto><![CDATA[<p class="identifica">EXTRATO DE CONTRATO Nº 37/2022 - UASG 160001</p><p>Nº Processo: 64042.001646/2021-33.</p><p>Pregão Nº 18/2021. Contratante: 7º BATALHAO DE ENGENHARIA DE CONSTRUCAO.</p><p>Contratado: 19.887.163/0001-66 - ENGETOTUS COMERCIO DE EQUIPAMENTOS LTDA. Objeto: Aquisição de material permanente para laboratórios de solos e concretos.</p><p>Fundamento Legal: LEI 10.520 / 2002 - Artigo: 1. Vigência: 10/05/2022 a 10/05/2023. Valor Total: R$ 8.799,60. Data de Assinatura: 10/05/2022.</p><p>(COMPRASNET 4.0 - 24/08/2022).</p>]]></Texto>
  </body>
  <Midias />
</article></xml>