﻿<xml><article id="27714063" name="2022-01-27/6908786/COMPRASNETWS_" idOficio="6908786" pubName="DO3" artType="Extrato de Contrato" pubDate="25/08/2022" artClass="00018:00091:00000:00000:00000:00000:00000:00000:00000:00000:00031:00001" artCategory="Ministério da Educação/Universidade Federal do Espírito Santo" artSize="12" artNotes="" numberPage="71" pdfPage="http://pesquisa.in.gov.br/imprensa/jsp/visualiza/index.jsp?data=25/08/2022&amp;jornal=530&amp;pagina=71" editionNumber="162" highlightType="" highlightPriority="" highlight="" highlightimage="" highlightimagename="" idMateria="14217694">
  <body>
    <Identifica><![CDATA[ EXTRATO DE CONTRATO Nº 69/2021 - UASG 153046 - UFES]]></Identifica>
    <Data><![CDATA[]]></Data>
    <Ementa />
    <Titulo />
    <SubTitulo />
    <Texto><![CDATA[<p class="identifica">EXTRATO DE CONTRATO Nº 69/2021 - UASG 153046 - UFES</p><p>Nº Processo: 23068.058269/2021-39.</p><p>Dispensa Nº 59/2021. Contratante: UNIVERSIDADE FEDERAL DO ESPIRITO SANTO.</p><p>Contratado: 02.980.103/0001-90 - FUNDACAO ESPIRITO SANTENSE DE TECNOLOGIA - FEST. Objeto: Apoio por parte da contratada ao projeto de extensão denominado "curso de extensão em alfabetização e produção de material para estudantes com deficiência sensorial ii".</p><p>Fundamento Legal: LEI 8.666 / 1993 - Artigo: 24 - Inciso: II. Vigência: 25/01/2022 a 25/08/2022. Valor Total: R$ 47.853,16. Data de Assinatura: 25/01/2022.</p><p>(COMPRASNET 4.0 - 27/01/2022).</p>]]></Texto>
  </body>
  <Midias />
</article></xml>