﻿<xml><article id="27714291" name="Sidec_00025__MMZPRG" idOficio="7355149" pubName="DO3" artType="Extrato de Dispensa de Licitação" pubDate="25/08/2022" artClass="00007:00058:00061:00012:00000:00000:00000:00000:00000:00000:00038:00026" artCategory="Ministério da Agricultura, Pecuária e Abastecimento/Instituto Nacional de Colonização e Reforma Agrária/Superintendência Regional do Sudeste do Pará/Unidade Avançada Tucuruí" artSize="12" artNotes="" numberPage="6" pdfPage="http://pesquisa.in.gov.br/imprensa/jsp/visualiza/index.jsp?data=25/08/2022&amp;jornal=530&amp;pagina=6" editionNumber="162" highlightType="" highlightPriority="" highlight="" highlightimage="" highlightimagename="" idMateria="14835916">
  <body>
    <Identifica><![CDATA[ EXTRATO DE DISPENSA DE LICITAÇÃO Nº 7/2022  - UASG 133081]]></Identifica>
    <Data><![CDATA[]]></Data>
    <Ementa />
    <Titulo />
    <SubTitulo />
    <Texto><![CDATA[<p class="identifica">EXTRATO DE DISPENSA DE LICITAÇÃO Nº 7/2022 - UASG 133081</p><p>Nº Processo: 54000078238202293 . Objeto: Serviços de locação de imóvel para abrigar a sede administrativa da Unidade Avançada de Tucurui - UAE(PA/SE)-Tucuruí, pelo período de 12 meseses. Total de Itens Licitados: 00001. Fundamento Legal: Art. 24º, Inciso X da Lei nº 8.666 de 21º/06/1993.. Justificativa: Valor da contratação dentro do limite estabelecido para dispensa. Declaração de Dispensa em 24/08/2022. LAIS PRATES GONCALVES. Ordenadora de Despesas. Ratificação em 24/08/2022. JOSE HILARIO GONCALVES PEREIRA. Gestor Financeiro. Valor Global: R$ 48.000,00. CPF CONTRATADA : 458.166.382-20 GILDA FERREIRA MELO BRAGA.</p><p>(SIDEC - 24/08/2022) 133081-37201-2022NE700007</p>]]></Texto>
  </body>
  <Midias />
</article></xml>