﻿<xml><article id="27705980" name="PublicaAAo AIN planejamento estr" idOficio="7355380" pubName="DO3" artType="Aviso de Chamamento Público" pubDate="25/08/2022" artClass="00012:00014:00011:00066:00000:00000:00000:00000:00000:00000:00110:00000" artCategory="Ministério das Comunicações/Agência Nacional de Telecomunicações/Superintendência de Administração e Finanças/Gerência de Aquisições e Contratos" artSize="12" artNotes="" numberPage="12" pdfPage="http://pesquisa.in.gov.br/imprensa/jsp/visualiza/index.jsp?data=25/08/2022&amp;jornal=530&amp;pagina=12" editionNumber="162" highlightType="" highlightPriority="" highlight="" highlightimage="" highlightimagename="" idMateria="14836350">
  <body>
    <Identifica><![CDATA[ AVISO DE CHAMAMENTO PUBLICO]]></Identifica>
    <Data><![CDATA[]]></Data>
    <Ementa />
    <Titulo />
    <SubTitulo />
    <Texto><![CDATA[<p class="identifica">AVISO DE CHAMAMENTO PUBLICO</p><p>UNIÃO INTERNACIONAL DE TELECOMUNICAÇÕES (UIT) PUBLICA LICITAÇÃO PARA CONTRATAÇÃO DE CONSULTORIA PARA SUPORTE À IMPLANTAÇÃO DO PLANEJAMENTO TÁTICO DA ANATEL.</p><p>A Anatel comunica que a UIT publicou um convite para processo licitatório internacional referente à "Prestação de consultoria especializada para prestar suporte à implantação do Planejamento Tático da Agência Nacional de Telecomunicações - Anatel para o período de 2023 a 2024", em conformidade com suas regras e procedimentos.</p><p>As empresas interessadas em participar deste processo devem apresentar propostas diretamente à UIT e acessar o portal da Organização das Nações Unidas na internet, no endereço https://www.ungm.org/Public/Notice/181000 para verificar a íntegra do certame e suas regras.</p><p class="assina">CARLOS EDUARDO BORDA DE ABRANCHES</p><p class="cargo">Gerente de Aquisições e Contratos</p>]]></Texto>
  </body>
  <Midias />
</article></xml>