﻿<xml><article id="27712102" name="Sidec_00198" idOficio="7355149" pubName="DO3" artType="Aviso de Suspensão" pubDate="25/08/2022" artClass="00013:00011:00015:00010:00011:00000:00000:00000:00000:00000:00089:00199" artCategory="Ministério da Defesa/Comando do Exército/Comando Militar do Sul/3ª Região Militar/Hospital Militar de Área de Porto Alegre" artSize="12" artNotes="" numberPage="30" pdfPage="http://pesquisa.in.gov.br/imprensa/jsp/visualiza/index.jsp?data=25/08/2022&amp;jornal=530&amp;pagina=30" editionNumber="162" highlightType="" highlightPriority="" highlight="" highlightimage="" highlightimagename="" idMateria="14836095">
  <body>
    <Identifica><![CDATA[ AVISO DE SUSPENSÃO]]></Identifica>
    <Data><![CDATA[]]></Data>
    <Ementa />
    <Titulo />
    <SubTitulo />
    <Texto><![CDATA[<p class="identifica">AVISO DE SUSPENSÃO</p><p class="identifica">PREGÃO Nº 11/2022</p><p>Comunicamos a suspensão da licitação supracitada, publicada no D.O.U em 18/08/2022 . Objeto: Pregão Eletrônico - Registro de Preços para eventual aquisição de dietas enterais, suplementos, materiais e insumos alimentares destinados aos pacientes internados, pacientes atendidos pela SAD e militares do Hospital Militar de Área de Porto Alegre - HMAPA.</p><p class="assina">JESSICA DO AMARANTE BARBOZA</p><p class="cargo">Pregoeira</p><p>(SIDEC - 24/08/2022) 160399-00001-2022NE000001</p>]]></Texto>
  </body>
  <Midias />
</article></xml>