﻿<xml><article id="27703039" name="Extrato PE 27 2022 Generos" idOficio="7354792" pubName="DO3" artType="Extrato de Registro de Preços" pubDate="25/08/2022" artClass="00013:00012:00008:00041:00005:00000:00000:00000:00000:00000:00048:00000" artCategory="Ministério da Defesa/Comando da Marinha/Comando de Operações Navais/2º Distrito Naval/Centro de Intendência da Marinha em Salvador" artSize="12" artNotes="ok" numberPage="34" pdfPage="http://pesquisa.in.gov.br/imprensa/jsp/visualiza/index.jsp?data=25/08/2022&amp;jornal=530&amp;pagina=34" editionNumber="162" highlightType="" highlightPriority="" highlight="" highlightimage="" highlightimagename="" idMateria="14835370">
  <body>
    <Identifica><![CDATA[Aviso de HOMOLOGAÇÃOPregão Eletrônico nº 27/2022]]></Identifica>
    <Data><![CDATA[]]></Data>
    <Ementa />
    <Titulo />
    <SubTitulo />
    <Texto><![CDATA[<p class="identifica">Aviso de HOMOLOGAÇÃOPregão Eletrônico nº 27/2022</p><p>Processo: n.º 60677.001075/2022-09. Atas de Registro de Preços n.º 112 a 114/2022</p><p>Registrada: BAHIA CESTAS LTDA., CNPJ: 05.788.360/0001-13, Ata n.º 112/2022, valor: R$ 1.175.658,26;</p><p>Registrada: NUTRICELLI COMÉRCIO DE ALIMENTOS LTDA., CNPJ: 12.433.700/0001-59, Ata n.º 113/2022, valor: R$ 69.869,20; e</p><p>Registrada: LKB COMÉRCIO LTDA., CNPJ: 20.002.684/0001-78, Ata n.º 114/2022, valor: R$ 233.638,18.</p><p>Registrador: Centro de Intendência da Marinha em Salvador.</p><p>Objeto: Pregão Eletrônico para Registro de Preços visando eventual aquisição de gêneros alimentícios diversos. Vigência: 24/08/2022 a 24/04/2023. Data da Assinatura: 24/08/2022.</p><p class="assina">Capitão de Mar e Guerra (IM) ALEXANDRO ALVES DA COSTA RIBEIRO</p><p class="cargo">Diretor</p>]]></Texto>
  </body>
  <Midias />
</article></xml>