﻿<xml><article id="27713901" name="2022-08-24/7354969/siasgnet_1483" idOficio="7354969" pubName="DO3" artType="Aviso de Licitação-Pregão" pubDate="25/08/2022" artClass="00007:00060:00027:00000:00000:00000:00000:00000:00000:00000:00164:00001" artCategory="Ministério da Agricultura, Pecuária e Abastecimento/Empresa Brasileira de Pesquisa Agropecuária/Embrapa Agrossilvipastoril" artSize="12" artNotes="" numberPage="7" pdfPage="http://pesquisa.in.gov.br/imprensa/jsp/visualiza/index.jsp?data=25/08/2022&amp;jornal=530&amp;pagina=7" editionNumber="162" highlightType="" highlightPriority="" highlight="" highlightimage="" highlightimagename="" idMateria="14835609">
  <body>
    <Identifica><![CDATA[ AVISO DE LICITAÇÃO]]></Identifica>
    <Data><![CDATA[]]></Data>
    <Ementa />
    <Titulo />
    <SubTitulo />
    <Texto><![CDATA[<p class="identifica">AVISO DE LICITAÇÃO</p><p class="identifica">Pregão Eletrônico Nº 10/2022 - UASG 135022</p><p>Nº Processo: 21155.000859/2022. Objeto: Alimentos para animais. Total de Itens Licitados: 11. Edital: 25/08/2022 das 08h30 às 12h30 e das 14h00 às 17h59. Endereço: Rodovia Dos Pioneiros - Mt 222, Km 2,5, Zona Rural, Zona Rural - Sinop/MT ou https://www.gov.br/compras/edital/135022-5-00010-2022. Entrega das Propostas: a partir de 25/08/2022 às 08h30 no site www.gov.br/compras. Abertura das Propostas: 08/09/2022 às 09h00 no site www.gov.br/compras. Informações Gerais: .</p><p class="assina">ODAIR JOSE FERNANDES</p><p class="cargo">Supervisor do Setor de Patrimônio e Suprimentos</p><p>(SIASGnet - 24/08/2022) 135022-13203-2022NE800001</p>]]></Texto>
  </body>
  <Midias />
</article></xml>