﻿<xml><article id="27714099" name="Sidec_00189" idOficio="7355149" pubName="DO3" artType="Resultado de Julgamento" pubDate="25/08/2022" artClass="00013:00011:00010:00002:00000:00000:00000:00000:00000:00000:00120:00190" artCategory="Ministério da Defesa/Comando do Exército/Comando Militar do Nordeste/1º Grupamento de Engenharia" artSize="12" artNotes="" numberPage="21" pdfPage="http://pesquisa.in.gov.br/imprensa/jsp/visualiza/index.jsp?data=25/08/2022&amp;jornal=530&amp;pagina=21" editionNumber="162" highlightType="" highlightPriority="" highlight="" highlightimage="" highlightimagename="" idMateria="14836086">
  <body>
    <Identifica><![CDATA[ RESULTADO DE JULGAMENTO]]></Identifica>
    <Data><![CDATA[]]></Data>
    <Ementa />
    <Titulo />
    <SubTitulo />
    <Texto><![CDATA[<p class="identifica">RESULTADO DE JULGAMENTO</p><p class="identifica">TOMADA DE PREÇOS Nº 1/2022</p><p>O Presidente da Comissão Especial de Licitações torna público o resultado da licitação supracitada - NUP 64278.009322/2022-61, tendo sido declarada adjudicatária vencedora a licitante PLANENG ENGENHARIA LTDA. - ME CNPJ/ME 33.414.068/0001-76, com a proposta no valor de R$ 175.667,97 (Cento e setenta e cinco mil, seiscentos e sesenta e sete reais e noventa e sete centavos). A partir da presente publicação abre-se o prazode 5 (cinco) dias úteis para recurso do resultado.</p><p class="assina">YASSER ARAFAT BELÉM DE FIGUEIREDO - CAP</p><p class="cargo">Presidente da Comissão Especial de Licitação</p><p>(SIDEC - 24/08/2022) 160176-00001-2022NE000001</p>]]></Texto>
  </body>
  <Midias />
</article></xml>