﻿<xml><article id="27694228" name="PUBLICAAAO DOU 25.08.22" idOficio="7335123" pubName="DO3" artType="Extrato" pubDate="25/08/2022" artClass="00050:05663:00000:00000:00000:00000:00000:00000:00000:00000:00172:00000" artCategory="Ineditoriais/Instituto Ensinar Brasil" artSize="12" artNotes="" numberPage="198" pdfPage="http://pesquisa.in.gov.br/imprensa/jsp/visualiza/index.jsp?data=25/08/2022&amp;jornal=530&amp;pagina=198" editionNumber="162" highlightType="" highlightPriority="" highlight="" highlightimage="" highlightimagename="" idMateria="14808463">
  <body>
    <Identifica><![CDATA[AVISO DE REGISTRO DE DIPLOMAS]]></Identifica>
    <Data><![CDATA[ Vitória, 24 de agosto de 2022.]]></Data>
    <Ementa />
    <Titulo />
    <SubTitulo />
    <Texto><![CDATA[<p class="identifica">AVISO DE REGISTRO DE DIPLOMAS</p><p>FACULDADE DOCTUM DE VITÓRIA</p><p>INSTITUTO ENSINAR BRASIL</p><p>CNPJ 19.322.494/0001-59</p><p>Para fins do disposto no art. 21 da Portaria MEC nº 1.095, de 25 de outubro de 2018, esta Instituição de Educação Superior informa que foram registrados 16 (dezesseis) diplomas nos dias 29/07/2022, 01/07/2022, 02/08/2022, 03/08/2022 e 09/08/2022 no seguinte livro de registro e número: Livro 1/2022 - registros 8402, 8403, 8405, 8410, 8411, 8412, 8413, 8414, 8415, 8430, 8431, 8432, 8433, 8434, 8442 e 8516. A relação dos diplomas registrados poderá ser consultada em até quinze dias, no endereço eletrônico www.doctum.edu.br/consultapublica.</p><p class="data">Vitória, 24 de agosto de 2022.</p><p class="assina">Alexandre Azevedo Leitão</p><p class="cargo">Diretor</p>]]></Texto>
  </body>
  <Midias />
</article></xml>