﻿<xml><article id="27710051" name="Aviso de dispensa 26-2022 - Cont" idOficio="7355987" pubName="DO3" artType="Ratificação" pubDate="25/08/2022" artClass="00013:00034:00006:00003:00000:00000:00000:00000:00000:00000:00090:00000" artCategory="Ministério da Defesa/Estado-Maior Conjunto das Forças Armadas/Chefia de Logística e Mobilização/Secretaria-Executiva de Coordenação de Ações de Assistência Emergencial" artSize="12" artNotes="" numberPage="38" pdfPage="http://pesquisa.in.gov.br/imprensa/jsp/visualiza/index.jsp?data=25/08/2022&amp;jornal=530&amp;pagina=38" editionNumber="162" highlightType="" highlightPriority="" highlight="" highlightimage="" highlightimagename="" idMateria="14837337">
  <body>
    <Identifica><![CDATA[ EXTRATO DE DISPENSA DE LICITAÇÃO]]></Identifica>
    <Data><![CDATA[]]></Data>
    <Ementa />
    <Titulo />
    <SubTitulo />
    <Texto><![CDATA[<p class="identifica">EXTRATO DE DISPENSA DE LICITAÇÃO</p><p>PROCESSO Nº 60301.000204/2022-00 OBJETO: Serviços de Locação Contêineres. CONTRATANTE: Unidade Gestora Executora. CONTRATADA: Multiteiner Comércio e Locação de Contêineres - FUNDAMENTO LEGAL: Art. 24, inciso IV, da Lei n.º 8.666/93. JUSTIFICATIVA: CONTRATAÇÃO EMERGENCIAL. VALOR: R$ 6.284.179,50 (seis milhões duzentos e oitenta e quatro mil cento e setenta e nove reais e cinquenta centavos). DECLARAÇÃO DE DISPENSA: 22/08/2022. ASSINA: MARCELLO HENRIQUE SOUZA FERRAZ - Ordenador de Despesas da UGE. RATIFICAÇÃO: 24/08/2022. ASSINA: Gen Div - SÉRGIO SCHWINGEL, Secretário-Executivo de Coordenação de Ações de Assistência Emergencial.</p>]]></Texto>
  </body>
  <Midias />
</article></xml>