﻿<xml><article id="27702232" name="AC-001-ECT-00436874" idOficio="7354657" pubName="DO3" artType="Aviso de Licitação" pubDate="25/08/2022" artClass="00012:00017:00000:00000:00000:00000:00000:00000:00000:00000:00081:00000" artCategory="Ministério das Comunicações/Empresa Brasileira de Correios e Telégrafos" artSize="12" artNotes="" numberPage="13" pdfPage="http://pesquisa.in.gov.br/imprensa/jsp/visualiza/index.jsp?data=25/08/2022&amp;jornal=530&amp;pagina=13" editionNumber="162" highlightType="" highlightPriority="" highlight="" highlightimage="" highlightimagename="" idMateria="14835220">
  <body>
    <Identifica><![CDATA[ AVISO DE LICITAÇÃO]]></Identifica>
    <Data><![CDATA[]]></Data>
    <Ementa />
    <Titulo />
    <SubTitulo />
    <Texto><![CDATA[<p class="identifica">AVISO DE LICITAÇÃO</p><p class="identifica">PREGÃO ELETRÔNICO Nº 172/22 CS</p><p>Aquisição de Bicicleta Cargueira com Marchas Internas - BC-03, por meio do Sistema de registro de Preços - SRP. Recebimento das Propostas e obtenção do Edital: http://www.correios.com.br até 02/09/22 às 08h e início da disputa às 09h. Informações pelo telefone: (51) 32204613 - 32208991 ou e-mail: licitacoes-rs@correios.com.br</p><p class="assina">RITA WALERIA SCHMIDT</p><p class="cargo">Gerente de Licitações SE/RS</p>]]></Texto>
  </body>
  <Midias />
</article></xml>