﻿<xml><article id="27716543" name="2022-08-24/7353824/siasgnet_1483" idOficio="7353824" pubName="DO3" artType="Aviso de Licitação-Pregão" pubDate="25/08/2022" artClass="00013:00011:00015:00010:00035:00021:00000:00000:00000:00000:00164:00001" artCategory="Ministério da Defesa/Comando do Exército/Comando Militar do Sul/3ª Região Militar/3º Grupamento Logístico/Depósito de Subsistência de Santo Ângelo" artSize="12" artNotes="" numberPage="30" pdfPage="http://pesquisa.in.gov.br/imprensa/jsp/visualiza/index.jsp?data=25/08/2022&amp;jornal=530&amp;pagina=30" editionNumber="162" highlightType="" highlightPriority="" highlight="" highlightimage="" highlightimagename="" idMateria="14834073">
  <body>
    <Identifica><![CDATA[ AVISO DE LICITAÇÃO]]></Identifica>
    <Data><![CDATA[]]></Data>
    <Ementa />
    <Titulo />
    <SubTitulo />
    <Texto><![CDATA[<p class="identifica">AVISO DE LICITAÇÃO</p><p class="identifica">Pregão Eletrônico Nº 6/2022 - UASG 160426</p><p>Nº Processo: 64460001352202261. Objeto: Serviço de Movimentação de Mercadorias (carga e descarga). Total de Itens Licitados: 1. Edital: 25/08/2022 das 08h00 às 11h30 e das 13h30 às 15h00. Endereço: Rua Tiradentes Nº 1388 - Centro, Centro - Santo Ângelo/RS ou https://www.gov.br/compras/edital/160426-5-00006-2022. Entrega das Propostas: a partir de 25/08/2022 às 08h00 no site www.gov.br/compras. Abertura das Propostas: 08/09/2022 às 08h30 no site www.gov.br/compras. Informações Gerais: .</p><p class="assina">ALESSANDRO GIORDANI HERMES</p><p class="cargo">Ordenador de Despesas</p><p>(SIASGnet - 24/08/2022) 160426-00001-2022NE000001</p>]]></Texto>
  </body>
  <Midias />
</article></xml>