﻿<xml><article id="27716005" name="2022-08-24/7354183/COMPRASNETWS_" idOficio="7354183" pubName="DO3" artType="Extrato de Termo Aditivo" pubDate="25/08/2022" artClass="00013:00010:00029:00002:00039:00000:00000:00000:00000:00000:00054:00001" artCategory="Ministério da Defesa/Comando da Aeronáutica/Secretaria de Economia e Finanças e Administração da Aeronáutica/Diretoria de Administração da Aeronáutica/Grupamento de Apoio do Distrito Federal" artSize="12" artNotes="" numberPage="18" pdfPage="http://pesquisa.in.gov.br/imprensa/jsp/visualiza/index.jsp?data=25/08/2022&amp;jornal=530&amp;pagina=18" editionNumber="162" highlightType="" highlightPriority="" highlight="" highlightimage="" highlightimagename="" idMateria="14834509">
  <body>
    <Identifica><![CDATA[ EXTRATO DE TERMO ADITIVO Nº 4/2022 - UASG 120625]]></Identifica>
    <Data><![CDATA[]]></Data>
    <Ementa />
    <Titulo />
    <SubTitulo />
    <Texto><![CDATA[<p class="identifica">EXTRATO DE TERMO ADITIVO Nº 4/2022 - UASG 120625</p><p>Número do Contrato: 044/GAPDF-CINDACTA I/2018.</p><p>Nº Processo: 67612.019247/2016-48.</p><p>Pregão. Nº 77/GAP-DF/2017. Contratante: GRUPAMENTO DE APOIO DO DISTRITO FEDERAL.</p><p>Contratado: 11.198.814/0001-07 - ENGETECH COMERCIO E SERVICOS ELETRICOS LTDA.</p><p>Objeto: Prorrogação, por 12(doze) meses, do Prazo da Vigência do Contrato de Despesa nº 044/GAPDF-CINDACTA I/2018.</p><p>Vigência: 13/11/2022 a 12/11/2023. Valor do Termo Aditivo: R$ 113.394,72. Data de Assinatura: 18/08/2022.</p><p>(COMPRASNET 4.0 - 18/08/2022).</p>]]></Texto>
  </body>
  <Midias />
</article></xml>