﻿<xml><article id="27702250" name="RS-016-ECT-00436213" idOficio="7354657" pubName="DO3" artType="Extrato de Termo Aditivo" pubDate="25/08/2022" artClass="00012:00017:00049:00010:00000:00000:00000:00000:00000:00000:00054:00000" artCategory="Ministério das Comunicações/Empresa Brasileira de Correios e Telégrafos/Diretoria de Governança e Estratégia/Superintendência Estadual N2 RS" artSize="12" artNotes="" numberPage="13" pdfPage="http://pesquisa.in.gov.br/imprensa/jsp/visualiza/index.jsp?data=25/08/2022&amp;jornal=530&amp;pagina=13" editionNumber="162" highlightType="" highlightPriority="" highlight="" highlightimage="" highlightimagename="" idMateria="14835230">
  <body>
    <Identifica><![CDATA[ EXTRATO DE TERMO ADITIVO]]></Identifica>
    <Data><![CDATA[]]></Data>
    <Ementa />
    <Titulo />
    <SubTitulo />
    <Texto><![CDATA[<p class="identifica">EXTRATO DE TERMO ADITIVO</p><p>5º TA ao CTR 30/2014.Objeto: locação de imóvel. Prorrogação: 60 meses, de 15/12/2022 a 14/12/2027, alteração do reajuste para IPCA. Locador: CSZ PARTICIPAÇÕES PATRIMONIAIS LTDA. CDD LAJEADO. Assinatura: 19/04/2022.</p>]]></Texto>
  </body>
  <Midias />
</article></xml>