﻿<xml><article id="27694110" name="PublicaAAo DOU (seguir essa form" idOficio="7344763" pubName="DO3" artType="Aviso de Licitação" pubDate="25/08/2022" artClass="00052:00024:00760:00000:00000:00000:00000:00000:00000:00000:00081:00000" artCategory="Prefeituras/Estado de São Paulo/Prefeitura Municipal de Valinhos" artSize="12" artNotes="ok Muitas vezes o processo foi suspenso e retomado após muito tempo, por isso não entramos nesse mérito do ano" numberPage="324" pdfPage="http://pesquisa.in.gov.br/imprensa/jsp/visualiza/index.jsp?data=25/08/2022&amp;jornal=530&amp;pagina=324" editionNumber="162" highlightType="" highlightPriority="" highlight="" highlightimage="" highlightimagename="" idMateria="14821620">
  <body>
    <Identifica><![CDATA[ AVISO DE LICITAÇÃO]]></Identifica>
    <Data><![CDATA[]]></Data>
    <Ementa />
    <Titulo />
    <SubTitulo />
    <Texto><![CDATA[<p class="identifica">AVISO DE LICITAÇÃO</p><p class="identifica">TOMADA DE PREÇOS Nº 10A/2021</p><p>PROCESSO DE COMPRAS Nº 406/2021 -</p><p>OBJETO: Contratação de empresa especializada para prestação de serviços de pavimentação asfáltica no bairro Vale Verde, no município de Valinhos.</p><p>Obra de Convênio com o Governo Federal - SICONV 907.622/2020, OGU Nº 1073.756-77/2020.</p><p>PRAZO PARA CADASTRO: Até as 16h00 do dia 06/09/2022.</p><p>DATA/HORA DE ENTREGA DO(S) ENVELOPE(S): Até as 09h00 do dia 12/09/2022.</p><p>DATA/HORA DE ABERTURA DO(S) ENVELOPE(S): Dia 12/09/2022 às 09h30.</p><p>O edital poderá ser consultado gratuitamente no site www.valinhos.sp.gov.br. Informações: 19 3871-1213.</p><p class="assina">Crislânio Lopes da Silva</p><p class="cargo">Secretário de Licitações</p>]]></Texto>
  </body>
  <Midias />
</article></xml>