﻿<xml><article id="27714615" name="2022-08-24/7354268/COMPRASNETWS_" idOficio="7354268" pubName="DO3" artType="Extrato de Contrato" pubDate="25/08/2022" artClass="00013:00011:00013:00008:00005:00000:00000:00000:00000:00000:00031:00001" artCategory="Ministério da Defesa/Comando do Exército/Comando Militar do Planalto/11ª Região Militar/Prefeitura Militar de Brasília" artSize="12" artNotes="" numberPage="28" pdfPage="http://pesquisa.in.gov.br/imprensa/jsp/visualiza/index.jsp?data=25/08/2022&amp;jornal=530&amp;pagina=28" editionNumber="162" highlightType="" highlightPriority="" highlight="" highlightimage="" highlightimagename="" idMateria="14834611">
  <body>
    <Identifica><![CDATA[ EXTRATO DE CONTRATO Nº 80/2022 - UASG 160082]]></Identifica>
    <Data><![CDATA[]]></Data>
    <Ementa />
    <Titulo />
    <SubTitulo />
    <Texto><![CDATA[<p class="identifica">EXTRATO DE CONTRATO Nº 80/2022 - UASG 160082</p><p>Nº Processo: 64482.005335/2022-45.</p><p>Pregão Nº 8/2020. Contratante: PREFEITURA MILITAR DE BRASILIA.</p><p>Contratado: 23.170.931/0001-33 - MURANO CONSTRUCOES LTDA. Objeto: Prestação de Serviços Comuns de Engenharia, a serem executados nas áreas da Administração da 102.</p><p>Fundamento Legal: LEI 10.520 / 2002 - Artigo: 1. Vigência: 22/03/2022 a 22/03/2023. Valor Total: R$ 190.659,30. Data de Assinatura: 22/03/2022.</p><p>(COMPRASNET 4.0 - 22/08/2022).</p>]]></Texto>
  </body>
  <Midias />
</article></xml>