﻿<xml><article id="27713379" name="Sidec_00173__DC2VTZ" idOficio="7355149" pubName="DO3" artType="Aviso" pubDate="25/08/2022" artClass="00013:00011:00010:00007:00012:00000:00000:00000:00000:00000:00108:00174" artCategory="Ministério da Defesa/Comando do Exército/Comando Militar do Nordeste/6ª Região Militar/35º Batalhão de Infantaria" artSize="12" artNotes="" numberPage="22" pdfPage="http://pesquisa.in.gov.br/imprensa/jsp/visualiza/index.jsp?data=25/08/2022&amp;jornal=530&amp;pagina=22" editionNumber="162" highlightType="" highlightPriority="" highlight="" highlightimage="" highlightimagename="" idMateria="14836070">
  <body>
    <Identifica><![CDATA[ AVISO DE REABERTURA DE PRAZO]]></Identifica>
    <Data><![CDATA[]]></Data>
    <Ementa />
    <Titulo />
    <SubTitulo />
    <Texto><![CDATA[<p class="identifica">AVISO DE REABERTURA DE PRAZO</p><p class="identifica">PREGÃO Nº 3/2022</p><p>Comunicamos a reabertura de prazo da licitação supracitada, processo Nº 64063001464202246. , publicada no D.O.U de 12/08/2022 . Objeto: Pregão Eletrônico - Contratação de Cessão de uso, sob regime oneroso, de espaço físico destinado à instalação e ao funcionamento de uma Barbearia, localizado nas dependências do 35º Batalhão de Infantaria. Novo Edital: 25/08/2022 das 08h00 às 12h00 e de12h01 às 17h59. Endereço: Av Eduardo Froes da Mota, 7770 - Subae Subaé - FEIRA DE SANTANA - BAEntrega das Propostas: a partir de 25/08/2022 às 08h00 no site www.comprasnet.gov.br. Abertura das Propostas: 06/09/2022, às 10h00 no site www.comprasnet.gov.br.</p><p class="assina">VANDO AZEVEDO SILVA</p><p class="cargo">Ordenador de Despesas</p><p>(SIDEC - 24/08/2022) 160028-00001-2022NE000001</p>]]></Texto>
  </body>
  <Midias />
</article></xml>