﻿<xml><article id="27715891" name="2022-08-24/7354204/siasgnet_1483" idOficio="7354204" pubName="DO3" artType="Aviso de Licitação-Pregão" pubDate="25/08/2022" artClass="00013:00010:00029:00002:00005:00034:00000:00000:00000:00000:00164:00001" artCategory="Ministério da Defesa/Comando da Aeronáutica/Secretaria de Economia e Finanças e Administração da Aeronáutica/Diretoria de Administração da Aeronáutica/Centro de Apoio Administrativo da Aeronáutica/Grupamento de Apoio de Recife" artSize="12" artNotes="" numberPage="17" pdfPage="http://pesquisa.in.gov.br/imprensa/jsp/visualiza/index.jsp?data=25/08/2022&amp;jornal=530&amp;pagina=17" editionNumber="162" highlightType="" highlightPriority="" highlight="" highlightimage="" highlightimagename="" idMateria="14834541">
  <body>
    <Identifica><![CDATA[ AVISO DE LICITAÇÃO]]></Identifica>
    <Data><![CDATA[]]></Data>
    <Ementa />
    <Titulo />
    <SubTitulo />
    <Texto><![CDATA[<p class="identifica">AVISO DE LICITAÇÃO</p><p class="identifica">Pregão Eletrônico Nº 64/2022 - UASG 120632</p><p>Nº Processo: 67228000320202290. Objeto: Registro de preços para eventual contratação de Serviços Comuns de Engenharia, com fornecimento de materiais, para a terceirização da manutenção predial dos Bens Imóveis, Próprios Nacionais Residenciais, administrados pela Prefeitura de Aeronáutica de Recife (PARF) e das edificações da Sede da PARF.. Total de Itens Licitados: 397. Edital: 25/08/2022 das 08h00 às 11h30 e das 13h00 às 16h00. Endereço: Av Centenário Alberto Santos Dumont, Jordão - Recife/PE ou https://www.gov.br/compras/edital/120632-5-00064-2022. Entrega das Propostas: a partir de 25/08/2022 às 08h00 no site www.gov.br/compras. Abertura das Propostas: 09/09/2022 às 09h00 no site www.gov.br/compras. Informações Gerais: .</p><p class="assina">PAULO HENRIQUE ALVES CAVALCANTI</p><p class="cargo">Ordenador de Despesas</p><p>(SIASGnet - 24/08/2022) 120632-00001-2022NE111111</p>]]></Texto>
  </body>
  <Midias />
</article></xml>