﻿<xml><article id="27702340" name="Processo nA 71000.043144-2020-51" idOficio="7354686" pubName="DO3" artType="Extrato de Prorrogação de Ofício" pubDate="25/08/2022" artClass="00008:00025:00022:00000:00000:00000:00000:00000:00000:00000:00145:00000" artCategory="Ministério da Cidadania/Secretaria Especial do Esporte/Secretaria Nacional de Esporte, Educação, Lazer e Inclusão Social" artSize="12" artNotes="" numberPage="9" pdfPage="http://pesquisa.in.gov.br/imprensa/jsp/visualiza/index.jsp?data=25/08/2022&amp;jornal=530&amp;pagina=9" editionNumber="162" highlightType="" highlightPriority="" highlight="" highlightimage="" highlightimagename="" idMateria="14835260">
  <body>
    <Identifica><![CDATA[  EXTRATO DE PRORROGAÇÃO de ofício]]></Identifica>
    <Data><![CDATA[]]></Data>
    <Ementa />
    <Titulo />
    <SubTitulo />
    <Texto><![CDATA[<p class="identifica">EXTRATO DE PRORROGAÇÃO de ofício</p><p>ESPÉCIE: Prorroga de Ofício nº 01 ao Termo de Execução Descentralizada nº 03/2020, Processo nº 71000.043144/2020-51.</p><p>Unidade Descentralizadora: Ministério da Cidadania - CNPJ: 05.526.783/0001-65.</p><p>Unidade Descentralizada: Fundação Universidade Federal de Mato Grosso do Sul (UFMS) - CNPJ: 15.461.510/0001-33.</p><p>Embasamento Legal: § 3º, Art. 10, do Decreto nº 10.426/2020.</p><p>Vigência: 18/11/2020 a 26/12/2023.</p><p>Data da Assinatura: 23/08/2022.</p><p>Assina: Pelo Ministério da Cidadania - FABIOLA PULGA MOLINA - Secretária Nacional de Esporte, Educação, Lazer e Inclusão Social - CPF: ***.473.758-**.</p>]]></Texto>
  </body>
  <Midias />
</article></xml>