﻿<xml><article id="27695144" name="PE 088-2022-IN" idOficio="7345304" pubName="DO3" artType="Aviso de Licitação" pubDate="25/08/2022" artClass="00052:00014:00416:00000:00000:00000:00000:00000:00000:00000:00081:00000" artCategory="Prefeituras/Estado do Paraná/Prefeitura Municipal de São Mateus do Sul" artSize="12" artNotes="" numberPage="284" pdfPage="http://pesquisa.in.gov.br/imprensa/jsp/visualiza/index.jsp?data=25/08/2022&amp;jornal=530&amp;pagina=284" editionNumber="162" highlightType="" highlightPriority="" highlight="" highlightimage="" highlightimagename="" idMateria="14822308">
  <body>
    <Identifica><![CDATA[ Aviso de Licitação]]></Identifica>
    <Data><![CDATA[]]></Data>
    <Ementa />
    <Titulo />
    <SubTitulo />
    <Texto><![CDATA[<p class="identifica">Aviso de Licitação</p><p class="identifica">PREGÃO ELETRÔNICO Nº 88/2022-S.R.P</p><p>Objeto: Registro de Preços, para a futura e eventual aquisição de medicamentos de distribuição gratuita e de uso interno, de acordo com as especificações constantes no Anexo I do Edital, destinados a atender às necessidades da Assistência Farmacêutica do Município de São Mateus do Sul, de conformidade com a solicitação da Comissão Central de Registro de Preços. Tipo da Licitação: Menor Preço por Item. Recebimento das Propostas: até às 08:30 horas do dia 06/09/2022. Abertura das Propostas: as 09:00 horas do dia 06/09/2022. Início da Sessão de Disputa de Preços: às 09:30 horas do dia 06/09/2022. LOCAL: https://bllcompras.com. Para todas as referências de tempo será observado o horário de Brasília (DF). O Pregão Eletrônico será realizado em sessão pública, por meio da INTERNET, mediante condições de segurança - criptografia e autenticação - em todas as suas fases através do Portal da Bolsa de Licitações do Brasil - BLLCOMPRAS, Município de São Mateus do Sul/PR, - Decreto Municipal nº 955/2020, 225/2021 e 327/2022, Decreto Federal n.º 10.024/2019 e Leis Federal n.ºs 10.520/2002 e 8.666/93.</p><p>Publique-se:</p><p class="assina">FERNANDA GARCIA SARDANHA</p><p class="cargo">Prefeita</p>]]></Texto>
  </body>
  <Midias />
</article></xml>