﻿<xml><article id="27702229" name="AC-002-ECT-00436886" idOficio="7354657" pubName="DO3" artType="Aviso de Licitação" pubDate="25/08/2022" artClass="00012:00017:00000:00000:00000:00000:00000:00000:00000:00000:00081:00000" artCategory="Ministério das Comunicações/Empresa Brasileira de Correios e Telégrafos" artSize="12" artNotes="" numberPage="12" pdfPage="http://pesquisa.in.gov.br/imprensa/jsp/visualiza/index.jsp?data=25/08/2022&amp;jornal=530&amp;pagina=12" editionNumber="162" highlightType="" highlightPriority="" highlight="" highlightimage="" highlightimagename="" idMateria="14835231">
  <body>
    <Identifica><![CDATA[ AVISO DE LICITAÇÃO]]></Identifica>
    <Data><![CDATA[]]></Data>
    <Ementa />
    <Titulo />
    <SubTitulo />
    <Texto><![CDATA[<p class="identifica">AVISO DE LICITAÇÃO</p><p class="identifica">PREGÃO ELETRÔNICO Nº 173/22 CS</p><p>Aquisição de Caixa de Papelão Tam. 02 - com certificação FSC, CERFLOR ou similar, na categoria mínima Misto, por meio do Sistema de Registro de Preços. Recebimento das Propostas e obtenção do Edital: http://www.correios.com.br até 02/09/22 às 9h e início da disputa às 10h. Informações pelo e-mail: mg-gelic@correios.com.br e telefone: (31) 3431-0631, no horário de 8h às 18h.</p><p class="assina">GIOVANI GRACIANO DOS SANTOS JUNIOR</p><p class="cargo">Gerente de Licitações SE/MG</p>]]></Texto>
  </body>
  <Midias />
</article></xml>