﻿<xml><article id="27702964" name="Empresa _Diarley Pereira de Andr" idOficio="7354791" pubName="DO3" artType="Aviso" pubDate="25/08/2022" artClass="00013:00011:00026:00000:00000:00000:00000:00000:00000:00000:00108:00000" artCategory="Ministério da Defesa/Comando do Exército/Departamento de Educação e Cultura do Exército" artSize="12" artNotes="ok" numberPage="32" pdfPage="http://pesquisa.in.gov.br/imprensa/jsp/visualiza/index.jsp?data=25/08/2022&amp;jornal=530&amp;pagina=32" editionNumber="162" highlightType="" highlightPriority="" highlight="" highlightimage="" highlightimagename="" idMateria="14835369">
  <body>
    <Identifica><![CDATA[edital de notificação ]]></Identifica>
    <Data><![CDATA[]]></Data>
    <Ementa />
    <Titulo />
    <SubTitulo />
    <Texto><![CDATA[<p class="identifica">edital de notificação</p><p>Processo Administrativo de Cancelamento de Restos a pagar a 2020 NUP: 64445.031984/2022-48</p><p>Espécie: Processo Administrativo de Cancelamento de Restos a pagar a 2020 NUP: 64445.031984/2022-48.</p><p>Objeto: Materiais de Hidráulicas. Nota de Empenho: 2021NE800661. Através desta publicação fica notificada a Diarley Pereira de Andrade, inscrita no CNPJ: 37.636.950/0001-17, a comparecer neste Departamento de Educação e Cultura do Exército, UG (160068). Partícipes: União Federal - Comando do Exército - Departamento de Educação e Cultura do Exército, situado na Praça Duque de Caxias, n° 25, 5° Andar - Centro -Rio de Janeiro- RJ-CEP: 20.221-260 segunda e quarta das 8h às 16h, terça e quinta das 9h30 min às 16h e sexta das 8h às 12h, para apresentar defesa (JUSTIFICATIVA) do processo administrativo de restos a pagar, do prazo de 10 (dez) dias úteis. Esta administração realizou diversos contatos através de emails, contatos telefônicos e correspondência de aviso de recebimento AR/Correios, porém todos sem êxito. O não comparecimento poderá acarretar sanção administrativa nos termos do Inciso III, do Art. 87 da Lei 8666/1993.</p><p class="assina">Cel. WILLIAM RIBEIRO DE SOUZA BORGES</p><p class="cargo">Ordenador de Despesas</p>]]></Texto>
  </body>
  <Midias />
</article></xml>