﻿<xml><article id="27700630" name="TERMO DE DISTRATO - SGP" idOficio="7354403" pubName="DO3" artType="Extrato de Distrato" pubDate="25/08/2022" artClass="00007:00060:00047:00000:00000:00000:00000:00000:00000:00000:00037:00000" artCategory="Ministério da Agricultura, Pecuária e Abastecimento/Empresa Brasileira de Pesquisa Agropecuária/Embrapa Gado de Leite" artSize="12" artNotes="" numberPage="7" pdfPage="http://pesquisa.in.gov.br/imprensa/jsp/visualiza/index.jsp?data=25/08/2022&amp;jornal=530&amp;pagina=7" editionNumber="162" highlightType="" highlightPriority="" highlight="" highlightimage="" highlightimagename="" idMateria="14834805">
  <body>
    <Identifica><![CDATA[ Extrato de DISTRATO ]]></Identifica>
    <Data><![CDATA[]]></Data>
    <Ementa />
    <Titulo />
    <SubTitulo />
    <Texto><![CDATA[<p class="identifica">Extrato de DISTRATO</p><p>Termo de Distrato ao Termo De Compromisso e Responsabilidade. Espécie: Termo de Distrato ao Termo De Compromisso e Responsabilidade celebrado em 03/05/2022; Partes: Embrapa Gado de Leite (CNPJ: 00.348.003/0013-54) e Gabriel Afonso Ranna (CPF 146.373.796-36); Objeto: distratar a partir de 11/05/2022 o Termo de Compromisso e Responsabilidade celebrado em 17/11/2021, registrado no SAIC/AJU/Embrapa sob o nº 20500.21/0123-8; Código da Unidade Gestora: 135015; Data de assinatura: 02/08/2022; Signatários: Adriana Carla Sanches Façanha, Chefe-adjunta de Administração e Gabriel Afonso Ranna, Bolsista.</p>]]></Texto>
  </body>
  <Midias />
</article></xml>