﻿<xml><article id="27716742" name="2022-08-24/7353514/COMPRASNETWS_" idOficio="7353514" pubName="DO3" artType="Extrato de Contrato" pubDate="25/08/2022" artClass="00013:00010:00029:00002:00005:00018:00000:00000:00000:00000:00031:00001" artCategory="Ministério da Defesa/Comando da Aeronáutica/Secretaria de Economia e Finanças e Administração da Aeronáutica/Diretoria de Administração da Aeronáutica/Centro de Apoio Administrativo da Aeronáutica/Grupamento de Apoio de Anápolis" artSize="12" artNotes="" numberPage="16" pdfPage="http://pesquisa.in.gov.br/imprensa/jsp/visualiza/index.jsp?data=25/08/2022&amp;jornal=530&amp;pagina=16" editionNumber="162" highlightType="" highlightPriority="" highlight="" highlightimage="" highlightimagename="" idMateria="14833746">
  <body>
    <Identifica><![CDATA[ EXTRATO DE CONTRATO Nº 34/2022 - UASG 120624]]></Identifica>
    <Data><![CDATA[]]></Data>
    <Ementa />
    <Titulo />
    <SubTitulo />
    <Texto><![CDATA[<p class="identifica">EXTRATO DE CONTRATO Nº 34/2022 - UASG 120624</p><p>Nº Processo: 67281.001871/2022-26.</p><p>Inexigibilidade Nº 2/2022. Contratante: BASE AEREA DE ANAPOLIS.</p><p>Contratado: 34.028.316/0013-47 - EMPRESA BRASILEIRA DE CORREIOS E TELEGRAFOS. Objeto: Contratação da Empresa Brasileira de Correios e Telégrafos para os serviços especializados nas entregas de cartas - reg fat e chancela, sedex, avisos de recebimento e registro nacional.</p><p>Fundamento Legal: LEI 8.666 / 1993 - Artigo: 25. Vigência: 15/08/2022 a 15/08/2027. Valor: R$ 78.547,80. Data de Assinatura: 15/08/2022.</p><p>(COMPRASNET 4.0 - 24/08/2022).</p>]]></Texto>
  </body>
  <Midias />
</article></xml>