﻿<xml><article id="27715155" name="Sidec_00195" idOficio="7355149" pubName="DO3" artType="Aviso de Adiamento" pubDate="25/08/2022" artClass="00013:00011:00026:00003:00011:00000:00000:00000:00000:00000:00065:00196" artCategory="Ministério da Defesa/Comando do Exército/Departamento de Educação e Cultura do Exército/Diretoria de Educação  Preparatória e Assistencial/Colégio Militar do Rio de Janeiro" artSize="12" artNotes="" numberPage="32" pdfPage="http://pesquisa.in.gov.br/imprensa/jsp/visualiza/index.jsp?data=25/08/2022&amp;jornal=530&amp;pagina=32" editionNumber="162" highlightType="" highlightPriority="" highlight="" highlightimage="" highlightimagename="" idMateria="14836092">
  <body>
    <Identifica><![CDATA[ AVISO DE ADIAMENTO]]></Identifica>
    <Data><![CDATA[]]></Data>
    <Ementa />
    <Titulo />
    <SubTitulo />
    <Texto><![CDATA[<p class="identifica">AVISO DE ADIAMENTO</p><p class="identifica">PREGÃO Nº 1/2022</p><p>Comunicamos o adiamento da licitação supracitada , publicada no D.O.U de 16/08/2022, .Entrega das Propostas: a partir de 16/08/2022, às 08h00 no site www.comprasnet.gov.br. Abertura das Propostas: 29/08/2022, às 09h00 no site www.comprasnet.gov.br. Objeto: Pregão Eletrônico - Contratação de serviços de processamento de dados para o concurso de admissão de alunos ao Colégio Militar do Rio de Janeiro no ano de 2022 (CMRJ 2022)</p><p class="assina">PAULO RODRIGO SANTOS CAMPOS</p><p class="cargo">Ordenador de Despesas</p><p>(SIDEC - 24/08/2022) 160292-00001-2022NE000001</p>]]></Texto>
  </body>
  <Midias />
</article></xml>