﻿<xml><article id="27702289" name="BA-004-ECT-00435649" idOficio="7354657" pubName="DO3" artType="Extrato de Contrato" pubDate="25/08/2022" artClass="00012:00017:00049:00008:00000:00000:00000:00000:00000:00000:00031:00000" artCategory="Ministério das Comunicações/Empresa Brasileira de Correios e Telégrafos/Diretoria de Governança e Estratégia/Superintendência Estadual N2 BA" artSize="12" artNotes="" numberPage="13" pdfPage="http://pesquisa.in.gov.br/imprensa/jsp/visualiza/index.jsp?data=25/08/2022&amp;jornal=530&amp;pagina=13" editionNumber="162" highlightType="" highlightPriority="" highlight="" highlightimage="" highlightimagename="" idMateria="14835236">
  <body>
    <Identifica><![CDATA[ EXTRATO DE CONTRATO]]></Identifica>
    <Data><![CDATA[]]></Data>
    <Ementa />
    <Titulo />
    <SubTitulo />
    <Texto><![CDATA[<p class="identifica">EXTRATO DE CONTRATO</p><p>CONTRATO Nº 1268/2022 - SE/BA; Data de Assinatura: 23/08/2022; Contratada: PREMIER LOGISTICS GESTAO EMPRESARIAL LTDA; Objeto: Prestação de serviços continuados de apoio aos Centros de Tratamento e Terminais de Carga, Centros e Pontos de Retirada de Logística Integrada, no âmbito da Superintendência Estadual da Bahia - SE/BA; Ata de registro de preços nº 501/2022 - SE/BA; Vigência: 23/08/2022 a 23/08/2023; Valor Global: R$ 17.747.470,01.</p>]]></Texto>
  </body>
  <Midias />
</article></xml>