﻿<xml><article id="27715958" name="2022-08-24/7353804/COMPRASNETWS_" idOficio="7353804" pubName="DO3" artType="Extrato de Contrato" pubDate="25/08/2022" artClass="00013:00011:00013:00005:00000:00000:00000:00000:00000:00000:00031:00001" artCategory="Ministério da Defesa/Comando do Exército/Comando Militar do Planalto/3ª Brigada de Infantaria Motorizada" artSize="12" artNotes="" numberPage="28" pdfPage="http://pesquisa.in.gov.br/imprensa/jsp/visualiza/index.jsp?data=25/08/2022&amp;jornal=530&amp;pagina=28" editionNumber="162" highlightType="" highlightPriority="" highlight="" highlightimage="" highlightimagename="" idMateria="14834033">
  <body>
    <Identifica><![CDATA[ EXTRATO DE CONTRATO Nº 2/2022 - UASG 160100 - CMDO 3  BDA INF MTZ]]></Identifica>
    <Data><![CDATA[]]></Data>
    <Ementa />
    <Titulo />
    <SubTitulo />
    <Texto><![CDATA[<p class="identifica">EXTRATO DE CONTRATO Nº 2/2022 - UASG 160100 - CMDO 3 BDA INF MTZ</p><p>Nº Processo: 64290.003394/2020-74.</p><p>Inexigibilidade Nº 1/2020. Contratante: COMANDO DA 3A BDA DE INFANTARIA MOTORIZADA.</p><p>Contratado: 13.213.414/0001-40 - MG CLINICA DE OLHOS LTDA. Objeto: Prestação de serviços de assistência médica-oftalmologia.</p><p>Fundamento Legal: LEI 8.666 / 1993 - Artigo: 25. Vigência: 10/03/2022 a 10/03/2023. Valor Total: R$ 60.000,00. Data de Assinatura: 10/03/2022.</p><p>(COMPRASNET 4.0 - 23/03/2022).</p>]]></Texto>
  </body>
  <Midias />
</article></xml>