﻿<xml><article id="27714621" name="2022-08-23/7352445/COMPRASNETWS_" idOficio="7352445" pubName="DO3" artType="Extrato de Termo Aditivo" pubDate="25/08/2022" artClass="00007:00058:00042:00000:00000:00000:00000:00000:00000:00000:00054:00001" artCategory="Ministério da Agricultura, Pecuária e Abastecimento/Instituto Nacional de Colonização e Reforma Agrária/Superintendência Regional no Maranhão" artSize="12" artNotes="" numberPage="6" pdfPage="http://pesquisa.in.gov.br/imprensa/jsp/visualiza/index.jsp?data=25/08/2022&amp;jornal=530&amp;pagina=6" editionNumber="162" highlightType="" highlightPriority="" highlight="" highlightimage="" highlightimagename="" idMateria="14832301">
  <body>
    <Identifica><![CDATA[ EXTRATO DE TERMO ADITIVO Nº 1/2022 - UASG 373040]]></Identifica>
    <Data><![CDATA[]]></Data>
    <Ementa />
    <Titulo />
    <SubTitulo />
    <Texto><![CDATA[<p class="identifica">EXTRATO DE TERMO ADITIVO Nº 1/2022 - UASG 373040</p><p>Número do Contrato: 2/2021.</p><p>Nº Processo: 54000.055929/2021-38.</p><p>Pregão. Nº 1/2021. Contratante: SUPERINTEND.ESTADUAL DO MARANHAO-INCRA/SR-12. Contratado: 02.960.160/0001-08 - R&amp;P TREINAMENTOS E SERVICOS EIRELI. Objeto: Acrescentar 25% (vinte e cinco por cento) do valor inicial atualizado do item 3 da tabela constante do objeto do contrato nº 993/2021.. Vigência: 08/08/2022 a 23/09/2022. Valor Total Atualizado do Contrato: R$ 1.384.681,80. Data de Assinatura: 08/08/2022.</p><p>(COMPRASNET 4.0 - 08/08/2022).</p>]]></Texto>
  </body>
  <Midias />
</article></xml>