﻿<xml><article id="27716513" name="2022-08-24/7353226/siasgnet_1483" idOficio="7353226" pubName="DO3" artType="Aviso de Licitação-Pregão" pubDate="25/08/2022" artClass="00006:00004:00007:00000:00000:00000:00000:00000:00000:00000:00164:00001" artCategory="Presidência da República/Casa Civil/Instituto Nacional de Tecnologia da Informação" artSize="12" artNotes="" numberPage="1" pdfPage="http://pesquisa.in.gov.br/imprensa/jsp/visualiza/index.jsp?data=25/08/2022&amp;jornal=530&amp;pagina=1" editionNumber="162" highlightType="" highlightPriority="" highlight="" highlightimage="" highlightimagename="" idMateria="14833428">
  <body>
    <Identifica><![CDATA[ AVISO DE LICITAÇÃO]]></Identifica>
    <Data><![CDATA[]]></Data>
    <Ementa />
    <Titulo />
    <SubTitulo />
    <Texto><![CDATA[<p class="identifica">AVISO DE LICITAÇÃO</p><p class="identifica">Pregão Eletrônico Nº 10/2022 - UASG 243001</p><p>Nº Processo: 00100000562202249. Objeto: Contratação de solução de virtualização e de orquestração de ambiente virtualizado para atender ao ITI.. Total de Itens Licitados: 5. Edital: 25/08/2022 das 08h00 às 12h00 e das 13h00 às 17h59. Endereço: Scn Quadra 02 Bloco e Asa Norte Edifício Sede Iti, - BRASÍLIA/DF ou https://www.gov.br/compras/edital/243001-5-00010-2022. Entrega das Propostas: a partir de 25/08/2022 às 08h00 no site www.gov.br/compras. Abertura das Propostas: 09/09/2022 às 10h00 no site www.gov.br/compras. Informações Gerais: .</p><p class="assina">RICARDO FERRI CONZATTI</p><p class="cargo">Coordenador-Geral de Planejamento, Orçamento e Administração</p><p>(SIASGnet - 24/08/2022) 243001-24208-2022NE800001</p>]]></Texto>
  </body>
  <Midias />
</article></xml>