﻿<xml><article id="27697680" name="Extrato de Termo Aditivo" idOficio="7353715" pubName="DO3" artType="Extrato de Termo Aditivo" pubDate="25/08/2022" artClass="00013:00012:00008:00045:00002:00000:00000:00000:00000:00000:00054:00000" artCategory="Ministério da Defesa/Comando da Marinha/Comando de Operações Navais/6º Distrito Naval/Base Fluvial de Ladário" artSize="12" artNotes="" numberPage="34" pdfPage="http://pesquisa.in.gov.br/imprensa/jsp/visualiza/index.jsp?data=25/08/2022&amp;jornal=530&amp;pagina=34" editionNumber="162" highlightType="" highlightPriority="" highlight="" highlightimage="" highlightimagename="" idMateria="14834024">
  <body>
    <Identifica><![CDATA[EXTRATO DE TERMO ADITIVO]]></Identifica>
    <Data><![CDATA[]]></Data>
    <Ementa />
    <Titulo />
    <SubTitulo />
    <Texto><![CDATA[<p class="identifica">EXTRATO DE TERMO ADITIVO</p><p>Contratada: Empresa Gerencial de Projetos Navais (EMGEPRON), CNPJ: 27.816.487/0001-31; Contratante: Base Fluvial de Ladário; Processo nº 61431.000111/2019-59, Terceiro Termo Aditivo ao Contrato nº 86800/2019-003/00. Objeto: O presente Termo Aditivo nº 86800/2019-003/03, considerando o disposto no inciso II do art. 57 da Lei 8.666/93, e o fato da contratada atender de forma satisfatória o contrato, e considerando ainda o disposto na Circular nº 10/2022 da SGM, fica alterada a cláusula terceira do termo inicial. Data de assinatura: 01/07/2022. Vigência: 01/07/2022 a 01/07/2023.</p>]]></Texto>
  </body>
  <Midias />
</article></xml>