﻿<xml><article id="27702262" name="GO-008-ECT-00052876" idOficio="7354657" pubName="DO3" artType="Extrato de Contrato" pubDate="25/08/2022" artClass="00012:00017:00049:00015:00000:00000:00000:00000:00000:00000:00031:00000" artCategory="Ministério das Comunicações/Empresa Brasileira de Correios e Telégrafos/Diretoria de Governança e Estratégia/Superintendência Estadual N3 GO" artSize="12" artNotes="" numberPage="14" pdfPage="http://pesquisa.in.gov.br/imprensa/jsp/visualiza/index.jsp?data=25/08/2022&amp;jornal=530&amp;pagina=14" editionNumber="162" highlightType="" highlightPriority="" highlight="" highlightimage="" highlightimagename="" idMateria="14835221">
  <body>
    <Identifica><![CDATA[ EXTRATO DE CONTRATO]]></Identifica>
    <Data><![CDATA[]]></Data>
    <Ementa />
    <Titulo />
    <SubTitulo />
    <Texto><![CDATA[<p class="identifica">EXTRATO DE CONTRATO</p><p>CONTRATO Nº 542/2022; OBJETO: Locação de imóvel situado na Av. Rio Verde, Quadra 102, Lote A, Vila São Tomaz, Aparecida de Goiânia/GO, com área de 131,76m², pelo período de 60 (sessenta) meses, para funcionamento da AC BURITI SHOPPING; LOCADOR: BURITI PARTICIPAÇÕES E EMPREENDIMENTOS LTDA, CNPJ 01.045.156/0001-51; VALOR GLOBAL: R$ 1.186.366,80; DATA DA APROVAÇÃO: 09/08/2022; ENQUADRAMENTO LEGAL: Inciso V do Artigo 29 da Lei nº 13.303/2016.</p>]]></Texto>
  </body>
  <Midias />
</article></xml>