﻿<xml><article id="27713177" name="2022-08-24/7353571/siasgnet_1483" idOficio="7353571" pubName="DO3" artType="Aviso de Licitação-Pregão" pubDate="25/08/2022" artClass="00013:00011:00015:00010:00025:00000:00000:00000:00000:00000:00164:00001" artCategory="Ministério da Defesa/Comando do Exército/Comando Militar do Sul/3ª Região Militar/Hospital de Guarnição de Santiago" artSize="12" artNotes="" numberPage="30" pdfPage="http://pesquisa.in.gov.br/imprensa/jsp/visualiza/index.jsp?data=25/08/2022&amp;jornal=530&amp;pagina=30" editionNumber="162" highlightType="" highlightPriority="" highlight="" highlightimage="" highlightimagename="" idMateria="14833805">
  <body>
    <Identifica><![CDATA[ AVISO DE LICITAÇÃO]]></Identifica>
    <Data><![CDATA[]]></Data>
    <Ementa />
    <Titulo />
    <SubTitulo />
    <Texto><![CDATA[<p class="identifica">AVISO DE LICITAÇÃO</p><p class="identifica">Pregão Eletrônico Nº 9/2022 - UASG 160423</p><p>Nº Processo: 64595003400202221. Objeto: Aquisição de material para cirurgia ortopédica. Total de Itens Licitados: 22. Edital: 25/08/2022 das 08h00 às 12h00. Endereço: Rua Bento Goncalves, 2500 - Jardim Das Palmeiras, - Santiago/RS ou https://www.gov.br/compras/edital/160423-5-00009-2022. Entrega das Propostas: a partir de 25/08/2022 às 08h00 no site www.gov.br/compras. Abertura das Propostas: 06/09/2022 às 09h00 no site www.gov.br/compras.</p><p class="assina">SERGIO EDUARDO MESQUITA ZANINI</p><p class="cargo">Ordenador de Despesas</p><p>(SIASGnet - 24/08/2022) 160423-00001-2022NE000001</p>]]></Texto>
  </body>
  <Midias />
</article></xml>