﻿<xml><article id="27715780" name="2022-08-17/7339767/COMPRASNETWS_" idOficio="7339767" pubName="DO3" artType="Extrato de Termo Aditivo" pubDate="25/08/2022" artClass="00013:00011:00036:00011:00000:00000:00000:00000:00000:00000:00054:00001" artCategory="Ministério da Defesa/Comando do Exército/Indústria de Material Bélico do Brasil/Fábrica da Estrela" artSize="12" artNotes="" numberPage="33" pdfPage="http://pesquisa.in.gov.br/imprensa/jsp/visualiza/index.jsp?data=25/08/2022&amp;jornal=530&amp;pagina=33" editionNumber="162" highlightType="" highlightPriority="" highlight="" highlightimage="" highlightimagename="" idMateria="14814864">
  <body>
    <Identifica><![CDATA[ EXTRATO DE TERMO ADITIVO Nº 1/2022 - UASG 168008 - IMBEL/FE]]></Identifica>
    <Data><![CDATA[]]></Data>
    <Ementa />
    <Titulo />
    <SubTitulo />
    <Texto><![CDATA[<p class="identifica">EXTRATO DE TERMO ADITIVO Nº 1/2022 - UASG 168008 - IMBEL/FE</p><p>Número do Contrato: 6/2021.</p><p>Nº Processo: 2021/000018-FE.</p><p>Pregão. Nº 18/2021. Contratante: INDUSTRIA DE MATERIAL BELICO DO BRASIL/FE. Contratado: 10.474.053/0001-06 - SPEED WEB NET TELECOMUNICACOES LTDA. Objeto: Contratação de 01 (um) link de acesso dedicado à internet, com velocidade de 60 mbps, full-duplex, contemplando instalação, suporte técnico, software, hardware e demais serviços necessários ao perfeito funcionamento. Vigência: 30/06/2022 a 29/06/2023. Valor Total Atualizado do Contrato: R$ 24.038,04. Data de Assinatura: 10/06/2022.</p><p>(COMPRASNET 4.0 - 10/06/2022).</p>]]></Texto>
  </body>
  <Midias />
</article></xml>