﻿<xml><article id="27716666" name="Sidec_00205" idOficio="7355149" pubName="DO3" artType="Extrato de Inexigibilidade de Licitação" pubDate="25/08/2022" artClass="00013:00011:00014:00001:00008:00000:00000:00000:00000:00000:00041:00206" artCategory="Ministério da Defesa/Comando do Exército/Comando Militar do Sudeste/Comando de Aviação do Exército/Base de Aviação de Taubaté" artSize="12" artNotes="" numberPage="29" pdfPage="http://pesquisa.in.gov.br/imprensa/jsp/visualiza/index.jsp?data=25/08/2022&amp;jornal=530&amp;pagina=29" editionNumber="162" highlightType="" highlightPriority="" highlight="" highlightimage="" highlightimagename="" idMateria="14836102">
  <body>
    <Identifica><![CDATA[ EXTRATO DE INEXIGIBILIDADE DE LICITAÇÃO Nº 7037/2022  - UASG 160518]]></Identifica>
    <Data><![CDATA[]]></Data>
    <Ementa />
    <Titulo />
    <SubTitulo />
    <Texto><![CDATA[<p class="identifica">EXTRATO DE INEXIGIBILIDADE DE LICITAÇÃO Nº 7037/2022 - UASG 160518</p><p>Nº Processo: 64009007045202221 . Objeto: Credenciamento de PSA (Prestador de Serviço Autônomo) para prestação de serviços na área de Fisioterapia, conforme Edital de Credenciamento n¨01/2020, para atender as necessidades dos beneficiários do SAMMED, FuSEx e PASS de Taubaté-SP Total de Itens Licitados: 00001. Fundamento Legal: Art. 25º, Caput da Lei nº 8.666 de 21/06/1993. Justificativa: Por haver inviabilidade de competição, conforme previsto no Artigo 25. da Lei 8.666/93 Declaração de Inexigibilidade em 19/08/2022. VINICIUS LACERDA VASQUEZ. Ordenador de Despesas. Ratificação em 22/08/2022. JORGE CARDOSO MARTINS. Cmt da 2ª Rm. Valor Global: R$ 30.000,00. CPF CONTRATADA : 216.280.358-54 THAIS FERNANDA DE FARIA.</p><p>(SIDEC - 24/08/2022) 160518-00001-2022NE000001</p>]]></Texto>
  </body>
  <Midias />
</article></xml>