﻿<xml><article id="27712730" name="2022-08-24/7353781/SICONV_148340" idOficio="7353781" pubName="DO3" artType="Extrato de Convênio" pubDate="25/08/2022" artClass="00007:00049:00000:00000:00000:00000:00000:00000:00000:00000:00032:00001" artCategory="Ministério da Agricultura, Pecuária e Abastecimento/Secretaria de Inovação, Desenvolvimento Sustentável e Irrigação" artSize="12" artNotes="" numberPage="5" pdfPage="http://pesquisa.in.gov.br/imprensa/jsp/visualiza/index.jsp?data=25/08/2022&amp;jornal=530&amp;pagina=5" editionNumber="162" highlightType="" highlightPriority="" highlight="" highlightimage="" highlightimagename="" idMateria="14834077">
  <body>
    <Identifica><![CDATA[ EXTRATO DE TERMO ADITIVO]]></Identifica>
    <Data><![CDATA[]]></Data>
    <Ementa />
    <Titulo />
    <SubTitulo />
    <Texto><![CDATA[<p class="identifica">EXTRATO DE TERMO ADITIVO</p><p>Espécie: Termo Aditivo de Acréscimo Nº 000001/2022 ao Convênio Nº 907805/2020. Convenentes: Concedente: MINISTÉRIO DA AGRICULTURA, PECUARIA E ABASTECIMENTO, Unidade Gestora: 130005. Convenente: MUNICIPIO DE TUPACIGUARA, CNPJ nº 18260489000104. ALTERAÇÃO DE VALOR DE CONTRA PARTIDA DE VALORES DEVIDO AO ALTO PREÇO NO MERCADO. Valor Total: R$ 87.795,00, Valor de Contrapartida: R$ 87.795,00, Vigência: 31/12/2020 a 30/08/2022. Data de Assinatura: 31/12/2020. Signatários: Concedente: EDIMILSON ALVES, CPF nº 60608900168, Convenente: FRANCISCO LOURENCO BORGES NETO, CPF nº 034.760.586-97.</p>]]></Texto>
  </body>
  <Midias />
</article></xml>