﻿<xml><article id="27701504" name="Extrato do Termo Aditivo nA 02 -" idOficio="7354534" pubName="DO3" artType="Extrato de Termo Aditivo" pubDate="25/08/2022" artClass="00007:00060:00030:00000:00000:00000:00000:00000:00000:00000:00054:00000" artCategory="Ministério da Agricultura, Pecuária e Abastecimento/Empresa Brasileira de Pesquisa Agropecuária/Embrapa Amazônia Ocidental" artSize="12" artNotes="" numberPage="7" pdfPage="http://pesquisa.in.gov.br/imprensa/jsp/visualiza/index.jsp?data=25/08/2022&amp;jornal=530&amp;pagina=7" editionNumber="162" highlightType="" highlightPriority="" highlight="" highlightimage="" highlightimagename="" idMateria="14835033">
  <body>
    <Identifica><![CDATA[ Extrato de Termo Aditivo]]></Identifica>
    <Data><![CDATA[]]></Data>
    <Ementa />
    <Titulo />
    <SubTitulo />
    <Texto><![CDATA[<p class="identifica">Extrato de Termo Aditivo</p><p>Espécie: Termo Aditivo nº 02 ao Contrato de Prestação de Serviços Telefônico Fixo Comutado (STF)nas modalidades Local, LDN e LDI. Partes: Embrapa - CNPJ 00.348.003.0123/99 e Claro S/A- CNPJ 40.432.544/0001-47. Objeto: a) Prorrogação da Vigência do Contato Original por mais 12 (doze) meses, com início em 03/09/2022 e término em 03/09/2023; b) reajustar o valor do Contrato em 12,11% (doze vírgula onze por cento), adotado o índice de Serviços de Telecomunicações (IST), da Anatel, passando de R$ 18.431,28 (dezoito mil, quatrocentos e trinta e um reais e vinte e oito centavos), para R$ 20.663,30 (vinte mil, seiscento e sessenta e três reais e trinta centavos); Fonte de recursos: 0100000000; Modalidade de Licitação: Não aplicável; Data da Assinatura: 23/08/2022; Signatários: Sr.Flávio Ricardo Moura da Silva, Chefe Adjunto e Sr.Jeferson Ferreira de Souza, Supervisor pela Embrapa e Maria Auxiliadora Braga de Sousa, pela empresa contratada.</p>]]></Texto>
  </body>
  <Midias />
</article></xml>