﻿<xml><article id="27705620" name="05 Resultado de Julgamento 01 20" idOficio="7355286" pubName="DO3" artType="Resultado de Julgamento" pubDate="25/08/2022" artClass="00013:00011:00010:00009:00030:00000:00000:00000:00000:00000:00120:00000" artCategory="Ministério da Defesa/Comando do Exército/Comando Militar do Nordeste/10ª Região Militar/25º Batalhão de Caçadores" artSize="12" artNotes="" numberPage="22" pdfPage="http://pesquisa.in.gov.br/imprensa/jsp/visualiza/index.jsp?data=25/08/2022&amp;jornal=530&amp;pagina=22" editionNumber="162" highlightType="" highlightPriority="" highlight="" highlightimage="" highlightimagename="" idMateria="14836234">
  <body>
    <Identifica><![CDATA[ RESULTADO DE JULGAMENTO]]></Identifica>
    <Data><![CDATA[ Teresina-PI, 24 de agosto de 2022.]]></Data>
    <Ementa />
    <Titulo />
    <SubTitulo />
    <Texto><![CDATA[<p class="identifica">RESULTADO DE JULGAMENTO</p><p class="identifica">CHAMADA PÚBLICA nº 1/2022</p><p>(NUP: 64024.003759/2022-72)</p><p>O Ordenador de Despesas do 25º Batalhão de Caçadores - UASG 160204, torna público o resultado da Chamada Publica nº 01/2022, cujo objeto é a aquisição de alimentos de agricultores familiares e demais beneficiários que se enquadrem nas disposições da Lei nº 11.326/06, por meio da Modalidade Compra Institucional do Programa Alimenta Brasil - PAB, em favor dos seguintes fornecedores: ASSOCIAÇÃO DOS PEQUENOS PRODUTORES RURAIS DO POVOADO AVE VERDE, CNPJ: 15.081.296/0001-90, no valor de R$ 46.182,81; ASSOCIAÇÃO DOS HORTICULTORES DA HORTA COMUNITÁRIA CERÂMICA CIL, CNPJ: 27.717.663/0001-88, no valor de R$ 13.054,63; ASSOCIAÇÃO COMUNITÁRIA DOS PEQUENOS PRODUTORES RURAIS DO POVOADO ELIZA ROMARO, CNPJ: 12.126.634/0001-74, no valor de R$ 32.301,64; ASSOCIAÇÃO DOS PEQUENOS HORTICULTORES FAMILIARES DO POVOADO SOIM, CNPJ: 11.535.569/0001-78, no valor de R$ 5.407,35; ASSOCIAÇÃO DOS HORTICULTORES DA HORTA COMUNITÁRIA TABULETA, CNPJ: 36.297.005/0001-75, no valor de R$ 12.973,29; e COOPERATIVA AGROINDUSTRIAL DA AGRICULTURA FAMILIAR DO TERRITÓRIO ENTRE RIOS, CNPJ: 07.669.893/0001-01, no valor de R$ 22.248,99.</p><p class="data">Teresina-PI, 24 de agosto de 2022.</p><p class="assina">ALÍPIO GOMES DE ASSIS - Ten Cel</p><p class="cargo">Ordenador de Despesas</p>]]></Texto>
  </body>
  <Midias />
</article></xml>