﻿<xml><article id="27738272" name="ADE4NATAL110" idOficio="9058038" pubName="DO1" artType="Ato Declaratório" pubDate="30/08/2022" artClass="00015:00045:00432:00096:00010:00000:00000:00000:00000:00000:00007:00000" artCategory="Ministério da Economia/Secretaria Especial da Receita Federal do Brasil/Subsecretaria-Geral da Receita Federal do Brasil/Superintendência Regional da 4ª Região Fiscal/Delegacia da Receita Federal do Brasil em Natal" artSize="12" artNotes="" numberPage="79" pdfPage="http://pesquisa.in.gov.br/imprensa/jsp/visualiza/index.jsp?data=30/08/2022&amp;jornal=515&amp;pagina=79" editionNumber="165" highlightType="" highlightPriority="" highlight="" highlightimage="" highlightimagename="" idMateria="19840911">
  <body>
    <Identifica><![CDATA[ ATO DECLARATÓRIO EXECUTIVO EBEN/DEVAT/SRRF04/RFB Nº 110, DE 24 DE AGOSTO DE 2022]]></Identifica>
    <Data><![CDATA[]]></Data>
    <Ementa><![CDATA[ Habilitar a Pessoa Jurídica que menciona a operar no regime de redução do IRPJ, inclusive adicionais não restituíveis, calculados com base no Lucro da Exploração.]]></Ementa>
    <Titulo />
    <SubTitulo />
    <Texto><![CDATA[<p class="identifica">ATO DECLARATÓRIO EXECUTIVO EBEN/DEVAT/SRRF04/RFB Nº 110, DE 24 DE AGOSTO DE 2022</p><p class="ementa">Habilitar a Pessoa Jurídica que menciona a operar no regime de redução do IRPJ, inclusive adicionais não restituíveis, calculados com base no Lucro da Exploração.</p><p>O DELEGADO DA RECEITA FEDERAL DO BRASIL EM NATAL (RN), no uso das atribuições que lhe confere o art. 3º do Decreto nº 4.213, de 2002; no que disciplina: o art. 360, inciso III, do Regimento Interno da Secretaria da Receita Federal do Brasil, aprovado pela Portaria ME nº 284, de 27 de julho de 2020, publicada no Diário Oficial da União, de 27 de julho de 2020; a Portaria SRRF04 nº 50, de 21 de maio de 2021, considerando o disposto na Medida Provisória nº 2.199-14, de 2001, com a redação dada pelo art. 69 da Lei nº 12.715, de 2012, nos Decretos nº 4.213, de 2002 e no Decreto nº 6.539, de 2008, sem prejuízo das demais normas em vigor que regem a matéria, tendo em vista o que consta do Processo Administrativo nº 10435.720371/2020-15, formalizado em 21/01/2020, e seu Despacho Decisório nº 3.272/2022 - EBEN/SRRF/04, de 24/08/2022, declara:</p><p>Art. 1º - HABILITADA a operar como beneficiária do regime de REDUÇÃO de 75% (setenta e cinco por cento) do IRPJ, inclusive adicionais não restituíveis, calculados com base no lucro da exploração, pelo prazo de 10 (dez) anos, a pessoa jurídica ACUMULADORES MOURA S.A., CNPJ nº 09.811.654/0001-70, em razão da condição onerosa de Instalação de Empreendimento na área de atuação da SUDENE, na forma do artigo 3º do Decreto nº 4.213/2002 e conforme Laudo Constitutivo nº 166/2019, emitido pelo Ministério do Desenvolvimento Regional, por meio da SUDENE, e de acordo com o que consta do mencionado processo administrativo nº 10435.720371/2020-15.</p><p>Art. 2º - Fica o benefício à redução, mencionado no artigo 1º, concedido exclusivamente ao estabelecimento Filial da Pessoa Jurídica ACUMULADORES MOURA S.A., CNPJ nº 09.811.654/0010-60, localizado na Sítio Gavião 01, s/nº, Fazenda Santa Maria Tamboril, Município de Belo Jardim, Estado de Pernambuco - CEP 55155-000, que versa sobre a condição onerosa de Instalação de empreendimento na área de atuação da Superintendência do Desenvolvimento do Nordeste - SUDENE do Ministério do Desenvolvimento Regional, cuja atividade incentivada a ser contemplada é a de Fabricação de Acumuladores Elétricos (baterias automotiva e estacionária), conforme Laudo Constitutivo nº 0166/2019 e anexos I e II, enquadrada, pela SUDENE, no setor prioritário da Eletroeletrônica, na forma do art. 2º, inciso VII, do Decreto nº 4.213, de 26/04/2002; como consta do Anexo I do Laudo Constitutivo, com o início de fruição em 01/01/2019 e término em 31/12/2028, ficando excluídas do benefício as demais atividades objetos da empresa em questão.</p><p>Art. 3º - Demais critérios e condições deverão obedecer ao estabelecido no Laudo Constitutivo nº 0166/2019, seus Anexos I e II, bem como na Instrução Normativa SRF nº 267/2002.</p><p>Art. 4º - Este Ato Declaratório entra em vigor na data de sua publicação no Diário Oficial da União.</p><p class="assina">WYLLO MARQUES FERREIRA JÚNIOR</p>]]></Texto>
  </body>
  <Midias />
</article></xml>