﻿<xml><article id="27738377" name="resolucao_2834_2022 COPSI GGTOX" idOficio="9058048" pubName="DO1" artType="Resolução" pubDate="30/08/2022" artClass="00026:00034:00015:00011:00000:00000:00000:00000:00000:00000:00064:32834" artCategory="Ministério da Saúde/Agência Nacional de Vigilância Sanitária/3ª Diretoria/Gerência-Geral de Toxicologia" artSize="12" artNotes="" numberPage="271" pdfPage="http://pesquisa.in.gov.br/imprensa/jsp/visualiza/index.jsp?data=30/08/2022&amp;jornal=515&amp;pagina=271" editionNumber="165" highlightType="" highlightPriority="" highlight="" highlightimage="" highlightimagename="" idMateria="19840934">
  <body>
    <Identifica><![CDATA[ RESOLUÇÃO-RE Nº 2.834, DE 25 DE AGOSTO DE 2022]]></Identifica>
    <Data><![CDATA[]]></Data>
    <Ementa />
    <Titulo />
    <SubTitulo />
    <Texto><![CDATA[<p class="identifica">RESOLUÇÃO-RE Nº 2.834, DE 25 DE AGOSTO DE 2022</p><p>O Gerente-Geral de Toxicologia no uso das atribuições que lhe confere o art.114, aliado ao art. 203, I, § 1º do Regimento Interno aprovado pela Resolução de Diretoria Colegiada - RDC nº 585, de 10 de dezembro de 2021, resolve:</p><p>Art. 1º Aprovar os atos de avaliação toxicológica para fins de pós-registro de produtos agrotóxicos, componentes e afins, identificados no anexo, com o respectivo resultado da análise.</p><p>Art. 2º A publicação do extrato desta avaliação de resíduos não exime a requerente do cumprimento das demais avaliações procedidas pelos órgãos responsáveis pelas áreas de agricultura e de meio ambiente, conforme legislação vigente no país, aplicável ao objeto do requerimento.</p><p>Art. 3º Esta Resolução entra em vigor na data de sua publicação.</p><p class="assina">CARLOS ALEXANDRE OLIVEIRA GOMES</p><p class="anexo">ANEXO</p><p>RAZÃO SOCIAL/CNPJ</p><p>MARCA COMERCIAL</p><p>NÚMERO DO PROCESSO</p><p>PETIÇÃO(ÕES)/EXPEDIENTE(S)</p><p>-----------------------------</p><p>ADAMA BRASIL S/A / 02.290.510/0001-76</p><p>BLINDADO TOV</p><p>25351.728856/2017-41</p><p>5000 - AVALIAÇÃO TOXICOLÓGICA PARA INCLUSÃO DE CULTURAS, 2989756/22-1</p><p>-----------------------------</p><p>BASF S/A / 48.539.407/0001-18</p><p>ENTRIGRIS</p><p>25351.313052/2018-05</p><p>5000 - AVALIAÇÃO TOXICOLÓGICA PARA INCLUSÃO DE CULTURAS, 4205809/22-1</p><p>-----------------------------</p><p>CORTEVA AGRISCIENCE DO BRASIL LTDA. / 61.064.929/0001-79</p><p>DERMACOR</p><p>25351.589028/2011-65</p><p>5000 - AVALIAÇÃO TOXICOLÓGICA PARA INCLUSÃO DE CULTURAS, 2989290/22-2</p><p>-----------------------------</p><p>CROPCHEM LTDA / 03.625.679/0001-00</p><p>CHARRUA 430 SC</p><p>25351.080335/2014-15</p><p>5000 - AVALIAÇÃO TOXICOLÓGICA PARA INCLUSÃO DE CULTURAS, 4226218/22-1</p><p>-----------------------------</p><p>IHARABRAS S.A INDÚSTRIAS QUÍMICAS / 61.142.550/0001-30</p><p>FUSÃO EC</p><p>25351.012223/2014-99</p><p>5000 - AVALIAÇÃO TOXICOLÓGICA PARA INCLUSÃO DE CULTURAS, 4206058/22-9</p><p>-----------------------------</p><p>LANDEVO QUÍMICA DO BRASIL LTDA / 18.546.389/0001-30</p><p>FERTOX</p><p>25000.027615/96-66</p><p>5000 - AVALIAÇÃO TOXICOLÓGICA PARA INCLUSÃO DE CULTURAS, 3252558/22-0</p><p>-----------------------------</p><p>RAINBOW DEFENSIVOS AGRÍCOLAS LTDA / 10.486.463/0001-69</p><p>COFENRIN</p><p>25351.287193/2019-62</p><p>5000 - AVALIAÇÃO TOXICOLÓGICA PARA INCLUSÃO DE CULTURAS, 4206048/22-3</p><p>-----------------------------</p><p>ROTAM DO BRASIL AGROQUÍMICA E PRODUTOS AGRICOLAS / 05.772.606/0001-69</p><p>ATITUDE GOLD 750 WG</p><p>25351.278685/2018-86</p><p>5000 - AVALIAÇÃO TOXICOLÓGICA PARA INCLUSÃO DE CULTURAS, 2738967/22-1</p><p>-----------------------------</p><p>UPL DO BRASIL INDÚSTRIA E COMÉRCIO DE INSUMOS AGROPECUÁRIOS S.A. / 02.974.733/0001-52</p><p>OMITE 720 CE</p><p>25351.319780/2005-22</p><p>5000 - AVALIAÇÃO TOXICOLÓGICA PARA INCLUSÃO DE CULTURAS, 3910917/21-6</p>]]></Texto>
  </body>
  <Midias />
</article></xml>