﻿<xml><article id="27736457" name="Portaria nA 2666 - ECP - Pacarai" idOficio="9057659" pubName="DO1" artType="Portaria" pubDate="30/08/2022" artClass="00014:00039:00000:00000:00000:00000:00000:00000:00000:00000:00054:00003" artCategory="Ministério do Desenvolvimento Regional/Secretaria Nacional de Proteção e Defesa Civil" artSize="12" artNotes="" numberPage="72" pdfPage="http://pesquisa.in.gov.br/imprensa/jsp/visualiza/index.jsp?data=30/08/2022&amp;jornal=515&amp;pagina=72" editionNumber="165" highlightType="" highlightPriority="" highlight="" highlightimage="" highlightimagename="" idMateria="19840413">
  <body>
    <Identifica><![CDATA[ PORTARIA Nº 2.666, DE 26 DE AGOSTO DE 2022]]></Identifica>
    <Data><![CDATA[]]></Data>
    <Ementa />
    <Titulo />
    <SubTitulo />
    <Texto><![CDATA[<p class="identifica">PORTARIA Nº 2.666, DE 26 DE AGOSTO DE 2022</p><p>O SECRETÁRIO NACIONAL DE PROTEÇÃO E DEFESA CIVIL, no uso da competência que lhe foi delegada pela Portaria Ministerial nº 1.048, de 28 de maio de 2021, publicada no Diário Oficial da União, Seção 1, de 01 de junho de 2021, resolve:</p><p>Art. 1º Reconhecer o Estado de Calamidade Pública na área descrita no Formulário de Informações do Desastre - FIDE, conforme informações relacionadas abaixo.</p><p /><p></p><table><tr /><tr><td rowspan="1" colspan="1"><p><strong>UF</strong></p></td><td rowspan="1" colspan="1"><p>Município</p></td><td rowspan="1" colspan="1"><p>Desastre</p></td><td rowspan="1" colspan="1"><p>Decreto</p></td><td rowspan="1" colspan="1"><p>Data</p></td><td rowspan="1" colspan="1"><p>Processo</p></td></tr><tr><td rowspan="1" colspan="1"><p>RR</p></td><td rowspan="1" colspan="1"><p>Pacaraima</p></td><td rowspan="1" colspan="1"><p>Chuvas Intensas - 1.3.2.1.4</p></td><td rowspan="1" colspan="1"><p>57</p></td><td rowspan="1" colspan="1"><p>27/05/2022</p></td><td rowspan="1" colspan="1"><p>59051.017251/2022-94</p></td></tr></table><p>Art. 2º Esta portaria entra em vigor na data de sua publicação.</p><p class="assina">ALEXANDRE LUCAS ALVES</p>]]></Texto>
  </body>
  <Midias />
</article></xml>