﻿<xml><article id="27749145" name="PORTARIAS DE 182 a 187" idOficio="9060034" pubName="DO1" artType="Portaria" pubDate="30/08/2022" artClass="00007:00003:00046:00008:00000:00000:00000:00000:00000:00000:00054:00000" artCategory="Ministério da Agricultura, Pecuária e Abastecimento/Secretaria Executiva/Superintendência Federal de Agricultura, Pecuária e Abastecimento de Santa Catarina/Divisão de Defesa Agropecuária" artSize="12" artNotes="" numberPage="3" pdfPage="http://pesquisa.in.gov.br/imprensa/jsp/visualiza/index.jsp?data=30/08/2022&amp;jornal=515&amp;pagina=3" editionNumber="165" highlightType="" highlightPriority="" highlight="" highlightimage="" highlightimagename="" idMateria="19843803">
  <body>
    <Identifica><![CDATA[ PORTARIAS DE 18 DE AGOSTO DE 2022]]></Identifica>
    <Data><![CDATA[]]></Data>
    <Ementa />
    <Titulo />
    <SubTitulo />
    <Texto><![CDATA[<p class="identifica">PORTARIAS DE 18 DE AGOSTO DE 2022</p><p>O SUPERINTENDENTE FEDERAL DE AGRICULTURA EM SANTA CATARINA, designado pela Portaria n° 2.194, de 21/06/2019, de acordo com a Portaria n° 428, artigo 44, inciso XXII, de 09/06/2010, combinada com a Portaria nº 561, de 11/04/2018 e com o Memorando-Circular n° 25/2018/SE-MAPA, de 25/04/2018 e em conformidade com a Instrução Normativa nº 22, de 20 de junho de 2013, que define as normas para habilitação de médico(a) veterinário(a) para a emissão de Guia de Trânsito Animal (GTA), resolve:</p><p>Nº 182 - Habilitar o(a) médico(a) veterinário(a), Aliane Atanásio Rodrigues, inscrito(a) no CRMV/SC nº 11269, para emitir Guia de Trânsito Animal (GTA), conforme Processo SEI nº 21000.081574/2022-64, no estado de Santa Catarina.</p><p>Esta portaria entra em vigor na data de sua publicação.</p><p>Nº 183 - Habilitar o(a) médico(a) veterinário(a), Camila Martins Conti, inscrito(a) no CRMV/SC nº 11647, para emitir Guia de Trânsito Animal (GTA), conforme Processo SEI nº 21000.081575/2022-17, no estado de Santa Catarina.</p><p>Esta portaria entra em vigor na data de sua publicação.</p><p>Nº 184 - Habilitar o(a) médico(a) veterinário(a), Daraiana Palombit, inscrito(a) no CRMV/SC nº 10373, para emitir Guia de Trânsito Animal (GTA), conforme Processo SEI nº 21000.081576/2022-53, no estado de Santa Catarina.</p><p>Esta portaria entra em vigor na data de sua publicação.</p><p>Nº 185 - Habilitar o(a) médico(a) veterinário(a), Maricéia Coelho Bronner, inscrito(a) no CRMV/SC nº 7486, para emitir Guia de Trânsito Animal (GTA), conforme Processo SEI nº 21000.081577/2022-06, no estado de Santa Catarina.</p><p>Esta portaria entra em vigor na data de sua publicação.</p><p>Nº 186 - Habilitar o(a) médico(a) veterinário(a), Wagner Travessini, inscrito(a) no CRMV/SC nº 4640, para emitir Guia de Trânsito Animal (GTA), conforme Processo SEI nº 21050.003343/2019-29, no estado de Santa Catarina.</p><p>Revoga-se a Portaria de Habilitação nº 121, de 17/04/2019.</p><p>Esta portaria entra em vigor na data de sua publicação.</p><p>Nº 187 - Habilitar o(a) médico(a) veterinário(a), Roberto Tischler Filho, inscrito(a) no CRMV/SC nº 5034, para emitir Guia de Trânsito Animal (GTA), conforme Processo SEI nº 21050.000787/2017-41, no estado de Santa Catarina.</p><p>Revoga-se a Portaria de Habilitação nº 22, de 06/02/2017.</p><p>Esta portaria entra em vigor na data de sua publicação.</p><p class="assina">TULIO TAVARES SANTOS</p>]]></Texto>
  </body>
  <Midias />
</article></xml>