﻿<xml><article id="27740661" name="2022-08-25 FSMS Passaporte Max C" idOficio="9058535" pubName="DO1" artType="Portaria" pubDate="30/08/2022" artClass="00025:00270:00000:00000:00000:00000:00000:00000:00000:00000:00054:00000" artCategory="Ministério das Relações Exteriores/Secretaria-Geral das Relações Exteriores" artSize="12" artNotes="" numberPage="236" pdfPage="http://pesquisa.in.gov.br/imprensa/jsp/visualiza/index.jsp?data=30/08/2022&amp;jornal=515&amp;pagina=236" editionNumber="165" highlightType="" highlightPriority="" highlight="" highlightimage="" highlightimagename="" idMateria="19841561">
  <body>
    <Identifica><![CDATA[ PORTARIA DE 24 DE AGOSTO DE 2022]]></Identifica>
    <Data><![CDATA[]]></Data>
    <Ementa />
    <Titulo />
    <SubTitulo />
    <Texto><![CDATA[<p class="identifica">PORTARIA DE 24 DE AGOSTO DE 2022</p><p>O SECRETÁRIO-GERAL DAS RELAÇÕES EXTERIORES, de acordo com o disposto no art. 3º da Portaria nº 98, de 24 de janeiro de 2011, e no art. 1º da Portaria nº 640, de 06 de novembro de 2015, resolve:</p><p>Conceder passaporte diplomático, com base no art. 6º, § 3º, do Decreto nº 5.978, de 04 de dezembro de 2006, a:</p><p /><p></p><table><tr /><tr><td rowspan="1" colspan="1"><p>Nomes</p></td><td rowspan="1" colspan="1"><p>Cargo</p></td><td rowspan="1" colspan="1"><p>Missão</p></td><td rowspan="1" colspan="1"><p>Orgão</p></td><td rowspan="1" colspan="1"><p>Validade do passaporte</p></td></tr><tr><td rowspan="1" colspan="1"><p>Max Cintra Moreira</p></td><td rowspan="1" colspan="1"><p>Brigadeiro do Ar- Gabinete de Segurança Institucional da Presidência da República</p></td><td rowspan="1" colspan="1"><p>Secretário de Assuntos de Defesa e Segurança Nacional</p></td><td rowspan="1" colspan="1"><p>Presidência da República</p></td><td rowspan="1" colspan="1"><p>30/06/2023</p></td></tr></table><p class="assina">FERNANDO SIMAS MAGALHÃES</p>]]></Texto>
  </body>
  <Midias />
</article></xml>