﻿<xml><article id="27752554" name="Acordao - 29.08.2022" idOficio="9060882" pubName="DO1" artType="Acórdão" pubDate="30/08/2022" artClass="00048:00022:00000:00000:00000:00000:00000:00000:00000:00000:00002:00000" artCategory="Entidades de Fiscalização do Exercício das Profissões Liberais/Conselho Federal de Medicina" artSize="12" artNotes="" numberPage="407" pdfPage="http://pesquisa.in.gov.br/imprensa/jsp/visualiza/index.jsp?data=30/08/2022&amp;jornal=515&amp;pagina=407" editionNumber="165" highlightType="" highlightPriority="" highlight="" highlightimage="" highlightimagename="" idMateria="19845172">
  <body>
    <Identifica><![CDATA[ ACÓRDÃOS DE 29 DE AGOSTO DE 2022]]></Identifica>
    <Data><![CDATA[]]></Data>
    <Ementa />
    <Titulo />
    <SubTitulo />
    <Texto><![CDATA[<p class="identifica">ACÓRDÃOS DE 29 DE AGOSTO DE 2022</p><p>RECURSO EM PROCESSO ÉTICO-PROFISSIONAL</p><p>PROCESSO ÉTICO-PROFISSIONAL PAe Nº 000334.13/2022-CFM ORIGEM: Conselho Regional de Medicina do Estado de São Paulo (PEP nº 012972/2016) Vistos, relatados e discutidos os presentes autos, em que são partes as acima indicadas, ACORDAM os Conselheiros membros da 4ª Câmara do Tribunal Superior de Ética Médica do Conselho Federal de Medicina em conhecer e dar provimento parcial ao recurso interposto pela apelante/denunciada. Por unanimidade, foi confirmada a sua culpabilidade e reformada a decisão do Conselho de origem, que lhe aplicou a sanção de "Suspensão do Exercício Profissional por 30 (trinta) dias", prevista na alínea "d", para lhe aplicar a "CENSURA CONFIDENCIAL EM AVISO RESERVADO", prevista na alínea "b" do artigo 22 da Lei nº 3.268/57 e, por unanimidade, foi caracterizada a infração ao artigo 1º (imprudência e negligência) do Código de Ética Médica de 2009 (Resolução CFM nº 1.931/09), cujos fatos também estão previstos no artigo 1º do Código de Ética Médica de 2018 (Resolução CFM nº 2.217/18) e descaracterizada a infração aos artigos 18, 32 e 37 do Código de Ética Médica de 2009 (Resolução CFM nº 1.931/09), nos termos do voto da conselheira relatora. Brasília, 28 de julho de 2022. (data do julgamento) FLORENTINO DE ARAÚJO CARDOSO FILHO, Presidente da Sessão; DILZA TERESINHA AMBROS RIBEIRO, Relatora.</p><p>PROCESSO ÉTICO-PROFISSIONAL PAe Nº 000436.13/2022-CFM ORIGEM: Conselho Regional de Medicina do Estado de Rondônia (PEP nº 000009/2018) Vistos, relatados e discutidos os presentes autos, em que são partes as acima indicadas, ACORDAM os Conselheiros membros da 4ª Câmara do Tribunal Superior de Ética Médica do Conselho Federal de Medicina em conhecer e negar provimento ao recurso interposto pelas apelantes/denunciantes. Por unanimidade, não foram caracterizadas as culpabilidades dos apelados/denunciados, mantendo-se a decisão do Conselho de origem, que os ABSOLVEU, nos termos do voto da conselheira relatora. Brasília, 27 de julho de 2022. (data do julgamento) CARLOS MAGNO PRETTI DALAPICOLA, Presidente da Sessão; DILZA TERESINHA AMBROS RIBEIRO, Relatora.</p><p>PROCESSO ÉTICO-PROFISSIONAL PAe Nº 000410.13/2022-CFM ORIGEM: Conselho Regional de Medicina do Estado do Paraná (PEP nº 000097/2020) Vistos, relatados e discutidos os presentes autos, em que são partes as acima indicadas, ACORDAM os Conselheiros membros da 6ª Câmara do Tribunal Superior de Ética Médica do Conselho Federal de Medicina em conhecer e dar provimento parcial ao recurso interposto pelo apelante/denunciado. Por unanimidade, foi confirmada a sua culpabilidade e, por maioria, foi reformada a decisão do Conselho de origem, que lhe aplicou a sanção de "Suspensão do Exercício Profissional por 30 (trinta) dias", prevista na alínea "d", para lhe aplicar a "CENSURA PÚBLICA EM PUBLICAÇÃO OFICIAL", prevista na alínea "c" do artigo 22 da Lei nº 3.268/57; por unanimidade, foi caracterizada a infração aos artigos 112 e 113 do Código de Ética Médica de 2009 (Resolução CFM nº 1.931/09), cujos fatos também estão previstos nos artigos 112 e 113 do Código de Ética Médica de 2018 (Resolução CFM nº 2.217/18), nos termos do voto da conselheira relatora. Brasília, 27 de julho de 2022. (data do julgamento) JULIO CESAR VIEIRA BRAGA, Presidente da Sessão; CHRISTINA HAJAJ GONZALEZ, Relatora.</p><p>PROCESSO ÉTICO-PROFISSIONAL PAe Nº 000411.13/2022-CFM ORIGEM: Conselho Regional de Medicina do Estado do Paraná (PEP nº 000124/2017) Vistos, relatados e discutidos os presentes autos, em que são partes as acima indicadas, ACORDAM os Conselheiros membros da Câmara Especial nº 04 do Tribunal Superior de Ética Médica do Conselho Federal de Medicina em conhecer e dar provimento ao recurso interposto pela apelante/denunciante. Por unanimidade, foi declarada a culpabilidade do apelado/denunciado e reformada a decisão do Conselho de origem, que o absolveu, para lhe aplicar a sanção de "CENSURA PÚBLICA EM PUBLICAÇÃO OFICIAL", prevista na alínea "c" do artigo 22 da Lei nº 3.268/57 e, por unanimidade, foi caracterizada a infração ao artigo 14 do Código de Ética Médica de 2009 (Resolução CFM nº 1.931/09), cujos fatos também estão previstos no artigo 14 do Código de Ética Médica de 2018 (Resolução CFM nº 2.217/18), nos termos do voto do conselheiro relator. Brasília, 4 de agosto de 2022. (data do julgamento) JOSE LUIZ BONAMIGO FILHO, Presidente da Sessão; LUIS GUILHERME TEIXEIRA DOS SANTOS, Relator.</p><p>PROCESSO ÉTICO-PROFISSIONAL PAe Nº 000419.13/2022-CFM ORIGEM: Conselho Regional de Medicina do Estado do Acre (PEP nº 000018/2017) Vistos, relatados e discutidos os presentes autos, em que são partes as acima indicadas, ACORDAM os Conselheiros membros da Câmara Especial nº 04 do Tribunal Superior de Ética Médica do Conselho Federal de Medicina em conhecer e negar provimento ao recurso interposto pelo apelante/denunciado. Por unanimidade, foi confirmada a sua culpabilidade e mantida a decisão do Conselho de origem, que lhe aplicou a sanção de "ADVERTÊNCIA CONFIDENCIAL EM AVISO RESERVADO", prevista na alínea "a" do artigo 22 da Lei nº 3.268/57 e, por unanimidade, foi caracterizada a infração aos artigos 18 (c/c Resolução CFM nº 2.145/2016) e 116 do Código de Ética Médica de 2009 (Resolução CFM nº 1.931/09), cujos fatos também estão previstos nos artigos 18 e 115 do Código de Ética Médica de 2018 (Resolução CFM nº 2.217/18), nos termos do voto do conselheiro relator. Brasília, 4 de agosto de 2022. (data do julgamento) JOSE LUIZ BONAMIGO FILHO, Presidente da Sessão; NAZARENO BERTINO VASCONCELOS BARRETO, Relator.</p><p>PROCESSO ÉTICO-PROFISSIONAL PAe Nº 000452.13/2022-CFM ORIGEM: Conselho Regional de Medicina do Estado da Bahia (PEP nº 000118 /2018) Vistos, relatados e discutidos os presentes autos, em que são partes as acima indicadas, ACORDAM os Conselheiros membros da Câmara Especial nº 04 do Tribunal Superior de Ética Médica do Conselho Federal de Medicina em conhecer e dar provimento aos recursos interpostos pelos apelantes /denunciados. Por unanimidade, não foram confirmadas as suas culpabilidades, o que levou à reforma da decisão do Conselho de origem, que lhes aplicou a sanção de "Censura Pública em Publicação Oficial", prevista na alínea "c" do artigo 22 da Lei nº 3.268/57, para ABSOLVIÇÃO, e, por unanimidade, foi descaracterizada a infração aos artigos 1º e 32 do Código de Ética Médica de 2009 (Resolução CFM nº 1.931/09), nos termos do voto do conselheiro relator. Brasília, 4 de agosto de 2022. (data do julgamento) NAZARENO BERTINO VASCONCELOS BARRETO, Presidente da Sessão; JOSE LUIZ BONAMIGO FILHO, Relator.</p><p>PROCESSO ÉTICO-PROFISSIONAL PAe Nº 000467.13/2022-CFM ORIGEM: Conselho Regional de Medicina do Estado de São Paulo (PEP nº 013810/2018) Vistos, relatados e discutidos os presentes autos, em que são partes as acima indicadas, ACORDAM os Conselheiros membros da Câmara Especial nº 04 do Tribunal Superior de Ética Médica do Conselho Federal de Medicina em conhecer e negar provimento ao recurso interposto pela apelante/denunciante. Por unanimidade, não foi caracterizada a culpabilidade do apelado/denunciado, mantendo-se a decisão do Conselho de origem, que o ABSOLVEU, nos termos do voto da conselheira relatora. Brasília, 5 de agosto de 2022. (data do julgamento) JOSE LUIZ BONAMIGO FILHO, Presidente da Sessão; ANNELISE MOTA DE ALENCAR MENEGUESSO, Relatora.</p><p>PROCESSO ÉTICO-PROFISSIONAL PAe Nº 000486.13/2022-CFM ORIGEM: Conselho Regional de Medicina do Estado de São Paulo (PEP nº 013590 /2017) Vistos, relatados e discutidos os presentes autos, em que são partes as acima indicadas, ACORDAM os Conselheiros membros da Câmara Especial nº 04 do Tribunal Superior de Ética Médica do Conselho Federal de Medicina em conhecer e negar provimento ao recurso interposto pelo apelante/denunciado. Por unanimidade, foi confirmada a sua culpabilidade e mantida a decisão do Conselho de origem, que lhe aplicou a sanção de "CENSURA PÚBLICA EM PUBLICAÇÃO OFICIAL", prevista na alínea "c" do artigo 22 da Lei nº 3.268/57 e, por unanimidade, foi caracterizada a infração aos artigos 1º, 6º, 32 e 87 do Código de Ética Médica de 2009 (Resolução CFM nº 1.931/09), cujos fatos também estão previstos nos artigos 1º, 6º, 32 e 87 do Código de Ética Médica de 2018 (Resolução CFM nº 2.217/18), nos termos do voto do conselheiro relator. Brasília, 5 de agosto de 2022. (data do julgamento) ANNELISE MOTA DE ALENCAR MENEGUESSO, Presidente da Sessão; JOSE LUIZ BONAMIGO FILHO, Relator.</p><p class="assina">José Albertino Souza</p><p class="cargo">Corregedor</p>]]></Texto>
  </body>
  <Midias />
</article></xml>