﻿<xml><article id="27749037" name="_ATO NA 38 DE 12 DE AGOSTO DE 20" idOficio="9057088" pubName="DO1" artType="Ato" pubDate="30/08/2022" artClass="00007:00047:00027:00005:00000:00000:00000:00000:00000:00000:00006:00000" artCategory="Ministério da Agricultura, Pecuária e Abastecimento/Secretaria de Defesa Agropecuária/Departamento de Sanidade Vegetal e Insumos Agrícolas/Coordenação-Geral de Agrotóxicos e Afins" artSize="12" artNotes="" numberPage="5" pdfPage="http://pesquisa.in.gov.br/imprensa/jsp/visualiza/index.jsp?data=30/08/2022&amp;jornal=515&amp;pagina=5" editionNumber="165" highlightType="" highlightPriority="" highlight="" highlightimage="" highlightimagename="" idMateria="19839666">
  <body>
    <Identifica />
    <Data><![CDATA[]]></Data>
    <Ementa />
    <Titulo />
    <SubTitulo />
    <Texto><![CDATA[<p></p><p>16-a. Titular do registro: Bayer S.A.- São Paulo/SP.</p><p>b. Marca comercial: REVIEST.</p><p>c. Resultado do pedido: Deferido. Concedido Certificado com registro nº 19322, conforme processo nº 21000.003377/2018-28, protocolado em 30/01/2018.</p><p>d. Fabricante do produto técnico(Proline Técnico): Nome: Bayer Cropscience LP - Endereço: 8400 Hawthorn Road - PO Box 4913 - Kansas City - Missouri - Estados Unidos da América; Nome: Saltigo GmbH - Endereço: Operations ChemPark Leverkusen, 51369, Leverkusen - Alemanha; Nome: Bayer AG - Endereço: Alte Heerstrasse, D-41538 - Chempark Dormagen, Dormagen - Alemanha. Produto Técnico(Inpyrfluxam Técnico): Nome: Sumitomo Chemical CO. Ltd. - Endereço: Ohita Works 2200 - Tsurusaki Ohita-Shi - Ohita, 870-0106 - Japão; Nome: Bayer AG - Endereço: Chemiepark Knapsack, PSM-1-Plant, Building 2620, Industriestrasse - Werkteil Hürth, 50354 , Hürth - Alemanha; Nome: Bayer AG - Endereço: Alte Heerstrasse, D-41538 - Chempark Dormagen, Dormagen - Alemanha.</p><p>e. Formulador: Nome: Bayer S.A. - CNPJ: 18.459.628/0033-00 - Endereço: Estrada da Boa Esperança, 650, Bairro Bom Pastor, Belford Roxo/RJ - CEP: 26.110-120; Nome: Bayer S.A. - Endereço: Carrera 50, Calle 8ª Soledad Atlantico, Barranquilla - Colômbia; Nome: Bayer S.A.S. - Endereço:1 avenue Edouard Herriot, 69400, Villefranche, Limas - França.</p><p>f. Nome químico: (RS)-2-[2-(1-chlorocyclopropyl)-3-(2-chlorophenyl)-2-hydroxypropyl]-2,4-dihydro-1,2,4-triazole-3-thione; 3-(difluoromethyl)-N-[(R)-2,3-dihydro-1,1,3-trimethyl-1H-inden-4-yl]-1-methyIpyrazole-4-carboxamide.</p><p>g. Nome comum: Protioconazol; Impirfluxam.</p><p>h. Nome científico, no caso de agente biológico: Não se aplica.</p><p>i. Indicação de uso: Indicado para a cultura da Soja.</p><p>j. Classificação toxicológica: Categoria 4 - Produto Pouco Tóxico.</p><p>k. Classificação quanto ao potencial de periculosidade ambiental: Classe II - Produto Muito Perigoso ao Meio Ambiente.</p><p></p><p>17-a. Titular do registro: Bioma Indústria Comércio e Distribuição - Eirelli- Fazenda Rio Grande/PR.</p><p>b. Marca comercial: LAPHY PROTECTION.</p><p>c. Resultado do pedido: Deferido. Concedido Certificado com registro nº 19422, conforme processo nº 21016.009499/2021-54, protocolado em 18/11/2021.</p><p>d. Fabricante/Formulador: Nome: Bioma Indústria Comércio e Distribuição - Eirelli - CNPJ:14.833.690/0001-74 - Endereço: Estrada Rural Adão Roik, 1636, Área Rural, Fazenda Rio Grande/PR - CEP: 83835- 899; Nome: Simbiose Indústria e Comércio de Fertilizantes e Insumos Microbiológicos Ltda. - CNPJ: 08.879.643/0001-69 - Endereço: BR 158, km 206, Distrito Industrial - Cruz Alta/RS - CEP: 08.045-075.</p><p>e. Nome químico: Não se aplica.</p><p>f. Nome comum: Não se aplica.</p><p>g. Nome científico, no caso de agente biológico:<em>Spodoptera frugiperda</em>multiple nucleopolyhedrovirus (SfMNPV).</p><p>h. Indicação de uso: Indicado para qualquer cultura com ocorrência do alvo biológico Spodoptera frugiperda.</p><p>i. Classificação toxicológica: Não Classificado - Produto Não Classificado.</p><p>j. Classificação quanto ao potencial de periculosidade ambiental: Classe IV - Produto Pouco Perigoso ao Meio Ambiente.</p><p>k. Produto Fitossanitário com Uso Aprovado para a Agricultura Orgânica.</p><p></p><p>18-a. Titular do registro: Agrivalle Brasil Indústria e Comércio de Produtos Agrícola Ltda.- Salto/SP.</p><p>b. Marca comercial: TWIXX-D.</p><p>c. Resultado do pedido: Deferido. Concedido Certificado com registro nº 19522, conforme processo nº 21016.010202/2021-01, protocolado em 21/12/2021.</p><p>d. Fabricante/Formulador: Nome: Agrivalle Brasil Indústria e Comércio de Produtos Agrícola Ltda. - CNPJ: 05.470.581-0001-49 - Endereço: Avenida Tranquilo Gianini, 1090, Distrito Industrial, Salto/SP - CEP: 13.329-600.</p><p>e. Nome químico: Não se aplica.</p><p>f. Nome comum: Não se aplica.</p><p>g. Nome científico, no caso de agente biológico:<em>Bacillus amyloliquefaciens,</em>cepa CPQBA 040-11DRM 01;<em>Bacillus amyloliquefaciens,</em>cepa CPQBA 040-11DRM 04.</p><p>h. Indicação de uso: Indicado para qualquer cultura com ocorrência dos alvos biológicos Colletotrichum lindemuthianum, Colletotrichum truncatum, Corynespora cassiicola, Phaeosphaeria maydis e Ramularia areola.</p><p>i. Classificação toxicológica: Categoria 5 - Produto Improvável de Causar Dano Agudo.</p><p>j. Classificação quanto ao potencial de periculosidade ambiental: Classe IV - Produto Pouco Perigoso ao Meio Ambiente.</p><p></p><p>19-a. Titular do registro: CCAB Agro S.A.- São Paulo/SP.</p><p>b. Marca comercial: AZOXISTROBIN 200 + CIPROCONAZOL 80 SC CCAB.</p><p>c. Resultado do pedido: Deferido. Concedido Certificado com registro nº 19622, conforme processo nº 21000.055125/2018-84, protocolado em 19/12/2018.</p><p>d. Fabricante do produto técnico(Azoxystrobin Técnico Proventis): Nome: Shangyu Nutrichem Co., Ltd. - Endereço: Nº 9 Weijiu Road., Hangzhou Bay Shangyu Industrial Area, Zhejiang, 312369 - China. Produto Técnico(Ciproconazol Técnico Proventis): Nome: Shangyu Nutrichem Co., Ltd. - Endereço: Nº 9 Weijiu Road., Hangzhou Bay Shangyu Industrial Area, Zhejiang, 312369 - China; Nome: Jiangsu Sword Agrochemicals Co., Ltd. - Endereço: Binhai Economic Development Zone Coastal Industrial Park, Binhai County, Jiangsu 224500 - China.</p><p>e. Formulador: Nome: Tecnomyl S.A - Endereço: Parque industrial Avay Villeta - Paraguai; Nome: Tecnomyl S.A. - Endereço: Tierra del Fuego - Argentina; Nome: Ningbo Sunjoy Agroscience Co., Ltd. - Endereço: BeiHai Road, nº 1165, Ningbo Chemical Industry zone, Xiepu Town, Zhenhai, District, Ningbo, Zhejiang Province, 315040 - China; Nome: Phyteurop S.A. - Endereço: Rue Pierre My - Z.I. Grande Champagne, 49260, Montreuil-Bellay - França.</p><p>f. Manipulador: Nome: Tagma Brasil Indústria e Comércio de Produtos Químicos Ltda. - CNPJ: 03.855.423/0001-81 - Endereço: Av. Roberto Simonsen, 1459, Recanto dos Pássaros, Paulínia/SP - CEP: 13.140-000; Nome: Oxiquímica Agrociência Ltda. - CNPJ: 65.011.967/0001-14 - Endereço: Rua Minervino de Campos Pedroso, 13 Jaboticabal/SP - CEP: 14.871-360; Nome: Ultrafine Technologies Indústria e Comércio de Produtos Químicos Ltda. - CNPJ: 50.025.469/0004-04 - Endereço: Rua Bonifácio Rosso Ros, 260, Bairro Cruz Alta, Indaiatuba/SP - CEP: 13.348-790.</p><p>g. Nome químico: methyl(E)-2-{2-[6-(2-cyanophenoxy)pyrimidin-4-yloxy]phenyl}-3-methoxyacrylate; (2RS,3RS;2RS,3SR)-2-(4-chlorophenyl)-3-cyclopropyl-1-(1H-1,2,4-triazol-1-yl)butan-2-ol.</p><p>h. Nome comum: Azoxistrobina; Ciproconazol.</p><p>i. Nome científico, no caso de agente biológico: Não se aplica.</p><p>j. Indicação de uso: Indicado para as culturas de Algodão, Arroz irrigado, Aveia, Café, Cana-de-açúcar, Cevada, Eucalipto, Girassol, Milho, Soja e Trigo.</p><p>k. Classificação toxicológica: Categoria 4 - Produto Pouco Tóxico.</p><p>l. Classificação quanto ao potencial de periculosidade ambiental: Classe II - Produto Muito Perigoso ao Meio Ambiente.</p><p></p><p>20-a. Titular do registro: Bom Futuro Agrícola Ltda.- Campo Verde/MT.</p><p>b. Marca comercial: BEAUVERIA BOM FUTURO.</p><p>c. Resultado do pedido: Deferido. Concedido Certificado com registro nº 19722, conforme processo nº 21016.000935/2022-19, protocolado em 15/02/2022.</p><p>d. Fabricante/Formulador: Nome: Bom Futuro Agrícola Ltda. - CNPJ: 10.425.282/0073-05 - Endereço: Rodovia MT 251, Km 200 - S/N, Zona Rural, Campo Verde/MT - CEP: 78.840-000.</p><p>e. Nome químico: Não se aplica.</p><p>f. Nome comum: Não se aplica.</p><p>g. Nome científico, no caso de agente biológico:<em>Beauveria bassiana,</em>isolado IBCB 66.</p><p>h. Indicação de uso: Indicado para qualquer cultura com ocorrência dos alvos biológicos Bemisia tabaci raça B, Cosmopolites sordidus, Tetranychus urticae, Dalbulus maidis e Sphenophorus levis.</p><p>i. Classificação toxicológica: Categoria 5 - Produto Improvável de Causar Dano Agudo.</p><p>j. Classificação quanto ao potencial de periculosidade ambiental: Classe IV - Pouco Perigoso ao Meio Ambiente.</p><p>k. Produto Fitossanitário com Uso Aprovado para a Agricultura Orgânica.</p><p></p><p>21-a. Titular do registro: Total Biotecnologia Indústria e Comércio S.A.- Curitiba/PR.</p><p>b. Marca comercial: BTP 010-19.</p><p>c. Resultado do pedido: Deferido. Concedido Certificado com registro nº 19822, conforme processo nº 21016.009582/2021-23, protocolado em 23/11/2021.</p><p>d. Fabricante/Formulador: Nome: Tacto Biotecnologia e Agropecuária Ltda. - CNPJ: 60.066.958/0002-98 - Endereço: Avenida Adília Barbosa Neves, nº 3350 - Bairro Portão Alto, Arujá/SP - CEP: 07.432-575; Nome: Total Biotecnologia Indústria e Comércio S.A. - CNPJ: 07.483.401/0001-99 - Endereço: Rua Emilio Romani, nº 1190, Bairro CIC, Curitiba/PR - CEP: 81.460-020.</p><p>e. Nome químico: Não se aplica.</p><p>f. Nome comum: Não se aplica.</p><p>g. Nome científico, no caso de agente biológico:<em>Bacillus subtilis</em>, isolado CNPSo2720;<em>Bacillus velezensis</em>, isolado CNPSo 3602;<em>Bacillus pumilus</em>, isolado CNPSo3203.</p><p>h. Indicação de uso: Indicado para qualquer cultura com ocorrência do alvo biológico Septoria glycines.</p><p>i. Classificação toxicológica: Categoria 5 - Produto Improvável de Causar Dano Agudo.</p><p>j. Classificação quanto ao potencial de periculosidade ambiental: Classe IV - Produto Pouco Perigoso ao Meio Ambiente.</p><p></p><p>22-a. Titular do registro: Total Biotecnologia Industria e Comercio S.A.- Curitiba/PR.</p><p>b. Marca comercial:<strong>ACC MAX.</strong></p><p>c. Resultado do pedido: Deferido. Concedido Certificado com registro nº 19922, conforme processo nº 21016.009717/2021-51, protocolado em 30/11/2021.</p><p>d. Fabricante/Formulador: Nome: Total Biotecnologia Indústria e Comércio S.A. - CNPJ: 07.483.401/0001-99 - Endereço: Rua Emilio Romani, nº 1190 - Bairro CIC, Curitiba/PR - CEP: 81.460-020; Nome: Tacto Biotecnologia e Agropecuária Ltda. - CNPJ: 60.066.958/0002-98 - Endereço: Av. Adília Barbosa Neves, n° 3350 - Bairro Portão, Arujá/SP - CEP: 07432-575.</p><p>e. Nome químico: Não se aplica.</p><p>f. Nome comum: Não se aplica.</p><p>g. Nome científico, no caso de agente biológico:<em>Bacillus amyloliquefaciens</em>, isolado CNPSo3202;<em>Bacillus velezensis</em>, isolado CNPSo3602;<em>Bacillus thuringiensis</em>, isolado CNPSo3915.</p><p>h. Indicação de uso: Indicado para qualquer cultura com ocorrência dos alvos biológicos Rhizoctonia solani e Pratylenchus brachyurus.</p><p>i. Classificação toxicológica: Categoria 5 - Produto Improvável de Causar Dano Agudo.</p><p>j. Classificação quanto ao potencial de periculosidade ambiental: Classe IV - Pouco Perigoso ao Meio Ambiente.</p><p></p><p>23-a. Titular do registro: Monsanto do Brasil Ltda.- São Paulo/SP.</p><p>b. Marca comercial: HARNESS PLUS.</p><p>c. Resultado do pedido: Deferido. Concedido Certificado com registro nº 20022, conforme processo nº 21000.004638/2015-84, protocolado em 31/07/2015.</p><p>d. Fabricante do produto técnico(Acetochlor Técnico Monsanto): Nome: Bayer CropScience LP - Muscatine Plant - Endereço: 2.500 Wiggins Road, Musacatine, Iowa, 52.761 - Estados Unidos da América.</p><p>e. Formulador: Nome: Bayer CropScience LP - Muscatine Plant - Endereço: 2.500 Wiggins Road, Musacatine, Iowa, 52.761 - Estados Unidos da América.</p><p>f. Nome químico: 2-chloro-N-ethoxymethyl-6'-ethylaceto-o-toluidide.</p><p>g. Nome comum: Acetocloro.</p><p>h. Nome científico, no caso de agente biológico: Não se aplica.</p><p>i. Indicação de uso: Indicado para as culturas de Algodão, Milho e Soja.</p><p>j. Classificação toxicológica: Categoria 5 - Produto Improvável de Causar Dano Agudo.</p><p>k. Classificação quanto ao potencial de periculosidade ambiental: Classe II - Produto Muito Perigoso ao Meio Ambiente.</p><p></p><p>24-a. Titular do registro: Massen Produtos Biológicos S.A.- Indaiatuba/SP.</p><p>b. Marca comercial: PROFIX-F.</p><p>c. Resultado do pedido: Deferido. Concedido Certificado com registro nº 20122, conforme processo nº 21016.010175/2021-69, protocolado em 20/12/2021.</p><p>d. Fabricante/Formulador: Nome: Agrivalle Brasil Indústria e Comércio de Produtos Agrícolas Ltda. - CNPJ: 05.470.581/0001-49 - Endereço: Av. Tranquillo Giannini, 1090, Distrito Industrial, Salto/SP - CEP: 13.320-900.</p><p>e. Nome químico: Não se aplica.</p><p>f. Nome comum: Não se aplica.</p><p>g. Nome científico, no caso de agente biológico:<em>Bacillus subtilis,</em>cepa ATCC 6051;<em>Bacillus licheniformis,</em>cepa ATCC 12713;<em>Paecilomyces lilacinus,</em>cepa CPQBA 040-11 DRM 10</p><p>h. Indicação de uso: Indicado para qualquer cultura com ocorrência dos alvos biológicos Meloidogyne incognata e Pratylenchus brachyurus.</p><p>i. Classificação toxicológica: Categoria 5 - Produto Improvável de Causar Dano Agudo.</p><p>j. Classificação quanto ao potencial de periculosidade ambiental: Classe IV - Produto Pouco Perigoso ao Meio Ambiente.</p><p></p><p>25-a. Titular do registro: Massen Produtos Biológicos S.A.- Indaiatuba/SP.</p><p>b. Marca comercial: PROFIX-E.</p><p>c. Resultado do pedido: Deferido. Concedido Certificado com registro nº 20222, conforme processo nº 21016.010174/2021-14, protocolado em 20/12/2021.</p><p>d. Fabricante/Formulador: Nome: Agrivalle Brasil Indústria e Comércio de Produtos Agrícolas Ltda. - CNPJ: 05.470.581/0001-49 - Endereço: Av. Tranquillo Giannini, 1090, Distrito Industrial, Salto/SP - CEP: 13.320-900.</p><p>e. Nome químico: Não se aplica.</p><p>f. Nome comum: Não se aplica.</p><p>g. Nome científico, no caso de agente biológico: Nome Comum:<em>Bacillus subtilis,</em>cepa ATCC 6051;<em>Bacillus licheniformis,</em>cepa ATCC 12713;<em>Paecilomyces lilacinus,</em>cepa CPQBA 040-11 DRM 10.</p><p>h. Indicação de uso: Indicado para qualquer cultura com ocorrência dos alvos biológicos Meloidogyne incognata e Pratylenchus brachyurus.</p><p>i. Classificação toxicológica: Categoria 5 - Produto Improvável de Causar Dano Agudo.</p><p>j. Classificação quanto ao potencial de periculosidade ambiental: Classe IV - Produto Pouco Perigoso ao Meio Ambiente.</p><p></p><p>26-a. Titular do registro: Agrivalle Brasil Indústria e Comércio de Produtos Agrícolas Ltda.- Salto/SP.</p><p>b. Marca comercial: PROFIX-D.</p><p>c. Resultado do pedido: Deferido. Concedido Certificado com registro nº 20322, conforme processo nº 21016.010125/2021-81, protocolado em 16/12/2021.</p><p>d. Fabricante/Formulador: Nome: Agrivalle Brasil Indústria e Comércio de Produtos Agrícolas Ltda. - CNPJ: 05.470.581/0001-49 - Endereço: Av. Tranquillo Giannini, 1090, Distrito Industrial, Salto/SP - CEP: 13.320-900.</p><p>e. Nome químico: Não se aplica.</p><p>f. Nome comum: Não se aplica.</p><p>g. Nome científico, no caso de agente biológico:<em>Bacillus subtilis,</em>cepa ATCC 6051;<em>Bacillus licheniformis,</em>cepa ATCC 12713;<em>Paecilomyces lilacinus,</em>cepa CPQBA 040-11 DRM 10.</p><p>h. Indicação de uso: Indicado para qualquer cultura com ocorrência dos alvos biológicos Meloidogyne incognata e Pratylenchus brachyurus.</p><p>i. Classificação toxicológica: Categoria 5 - Produto Improvável de Causar Dano Agudo.</p><p>j. Classificação quanto ao potencial de periculosidade ambiental: Classe IV - Produto Pouco Perigoso ao Meio Ambiente.</p><p></p><p>27-a. Titular do registro: Massen Produtos Biológicos S.A.- Indaiatuba/SP.</p><p>b. Marca comercial: PROFIX-G.</p><p>c. Resultado do pedido: Deferido. Concedido Certificado com registro nº 20422, conforme processo nº 21016.010171/2021-81, protocolado em 20/12/2021.</p><p>d. Fabricante/Formulador: Nome: Agrivalle Brasil Indústria e Comércio de Produtos Agrícolas Ltda. - CNPJ: 05.470.581/0001-49 - Endereço: Av. Tranquillo Giannini, 1090, Distrito Industrial, Salto/SP - CEP: 13.320-900.</p><p>e. Nome químico: Não se aplica.</p><p>f. Nome comum: Não se aplica.</p><p>g. Nome científico, no caso de agente biológico:<em>Bacillus subtilis,</em>cepa ATCC 6051;<em>Bacillus licheniformis,</em>cepa ATCC 12713;<em>Paecilomyces lilacinus,</em>cepa CPQBA 040-11 DRM 10.</p><p>h. Indicação de uso: Indicado para qualquer cultura com ocorrência dos alvos biológicos Meloidogyne incognata e Pratylenchus brachyurus.</p><p>i. Classificação toxicológica: Categoria 5 - Produto Improvável de Causar Dano Agudo.</p><p>j. Classificação quanto ao potencial de periculosidade ambiental: Classe IV - Produto Pouco Perigoso ao Meio Ambiente.</p><p></p><p>28-a. Titular do registro: Morsoletto &amp; Vicente Cano Ltda.- Sertãozinho/SP.</p><p>b. Marca comercial: BIOPRECIOSO.</p><p>c. Resultado do pedido: Deferido. Concedido Certificado com registro nº 20522, conforme processo nº 21016.001743/2022-11, protocolado em 28/03/2022.</p><p>d. Fabricante/Formulador: Nome: Morsoletto &amp; Vicente Cano Ltda. - CNPJ: 00.270.502/0001-32 - Endereço: Rua das Orquídeas, 29 - Chácaras Recreio Planalto, Sertãozinho/SP - CEP: 14176-416.</p><p>e. Nome químico: Não se aplica.</p><p>f. Nome comum: Não se aplica.</p><p>g. Nome científico, no caso de agente biológico:<em>Trichogramma pretiosum.</em></p><p>h. Indicação de uso: Indicado para qualquer cultura com ocorrência dos alvos biológicos Tuta absoluta, Helicoverpa zea, Spodoptera frugiperda, Anticarsia gemmatalis, Chrysodeixis includens, Lasiothyris luminosa e Cryptoblabes gnidiella.</p><p>i. Classificação toxicológica: Não Classificado - Produto Não Classificado.</p><p>j. Classificação quanto ao potencial de periculosidade ambiental: Classe IV - Produto Pouco Perigoso ao Meio Ambiente.</p><p>k. Produto Fitossanitário com Uso Aprovado para a Agricultura Orgânica.</p><p></p><p>29-a. Titular do registro: AllierBrasil Agro Ltda.- São Paulo/SP.</p><p>b. Marca comercial: FLUAZINAM CROP 500 SC.</p><p>c. Resultado do pedido: Deferido. Concedido Certificado com registro nº 20622, conforme processo nº 21000.047340/2017-21, protocolado em 03/11/2017.</p><p>d. Fabricante do produto técnico(Fluazinam Técnico SH): Nome: Zhejian Hetian Chemical Co., Ltd. - Endereço: Area M-18-5-4, Xiasha Economical Zone Hangzou - 310023, Zhejiang - China.</p><p>e. Formulador: Nome: Lianyungang Hetian Chemical Co., Ltd. - Endereço: 1, Jingshi Road, Guannan Industry Dev. Zone Lianyungang, Jiangsu, 222000 - China; Nome: Zhejiang Hetian Chemical Co., Ltd. - Endereço: Area M-18-5-4, Xiasha Economical Zone Hangzhou, Zhejiang, 310023 - China; Nome: Shenyang Research Institute of Chemical Industry (Nantong) Chemical Technology Co., Ltd. - Endereço: 55, Jiangnong Rd., Economic &amp; Technological Development Area, Nantong, Jiangsu, 226010 - China.</p><p>f. Nome químico: 3-chloro-N-(3-chloro-5-trifluoromethyl-2-pyridyl)-α,α,α-trifluoro-2,6-dinitro-p-toluidine.</p><p>g. Nome comum: Fluazinam.</p><p>h. Nome científico, no caso de agente biológico: Não se aplica.</p><p>i. Indicação de uso: Indicado para as culturas de Batata, Cana-de-açúcar, Feijão, Girassol, Maçã, Morango, Pêssego, Soja e Tomate.</p><p>j. Classificação toxicológica: Categoria 5 - Produto Improvável de Causar Dano Agudo.</p><p>k. Classificação quanto ao potencial de periculosidade ambiental: Classe II - Produto Muito Perigoso ao Meio Ambiente.</p><p></p><p>30-a. Titular do registro: Morsoletto &amp; Vicente Cano Ltda.- Sertãozinho/SP.</p><p>b. Marca comercial: BIOHOWARDI.</p><p>c. Resultado do pedido: Deferido. Concedido Certificado com registro nº 20722, conforme processo nº 21016.001509/2022-94, protocolado em 17/03/2022.</p><p>d. Fabricante/Formulador: Nome: Morsoletto &amp; Vicente Cano Ltda. - CNPJ: 00.270.502/0001-32 - Endereço: Rua das Orquídeas, 29 - Chácaras Recreio Planalto, Sertãozinho/SP - CEP: 14176-416.</p><p>e. Nome químico: Não se aplica.</p><p>f. Nome comum: Não se aplica.</p><p>g. Nome científico, no caso de agente biológico: Tetrastichus howardi.</p><p>h. Indicação de uso: Indicado para qualquer cultura com ocorrência dos alvos biológicos Thyrinteina arnobia e Diatraea saccharalis.</p><p>i. Classificação toxicológica: Não Classificado - Produto Não Classificado.</p><p>j. Classificação quanto ao potencial de periculosidade ambiental: Classe IV - Pouco Perigoso ao Meio Ambiente.</p><p>k. Produto Fitossanitário com Uso Aprovado para a Agricultura Orgânica.</p><p></p><p>31-a. Titular do registro: Agrivalle Brasil Indústria e Comércio de Produtos Agrícola Ltda.- Salto/SP.</p><p>b. Marca comercial: TWIXX-C.</p><p>c. Resultado do pedido: Deferido. Concedido Certificado com registro nº 20822, conforme processo nº 21016.010201/2021-59, protocolado em 21/12/2021.</p><p>d. Fabricante/Formulador: Nome: Agrivalle Brasil Indústria e Comércio de Produtos Agrícola Ltda. - CNPJ: 05.470.581-0001-49 - Endereço: Avenida Tranquilo Gianini, 1090, Distrito Industrial, Salto/SP - CEP: 13.329-600.</p><p>e. Nome químico: Não se aplica.</p><p>f. Nome comum: Não se aplica.</p><p>g. Nome científico, no caso de agente biológico: Bacillus amyloliquefaciens, cepa CPQBA 040-11DRM 01;<em>Bacillus amyloliquefaciens,</em>cepa CPQBA 040-11DRM 04.</p><p>h. Indicação de uso: Indicado para qualquer cultura com ocorrência dos alvos biológicos Corynespora cassiicola, Phaeosphaeria maydis, Colletotrichum truncatum, Ramularia aréola e Colletotrichum lindemuthianum.</p><p>i. Classificação toxicológica: Categoria 5 - Produto Improvável de Causar Dano Agudo.</p><p>j. Classificação quanto ao potencial de periculosidade ambiental: Classe IV - Produto Pouco Perigoso ao Meio Ambiente.</p><p></p><p>32-a. Titular do registro: Perterra Insumos Agropecuários S.A.- São Paulo/SP.</p><p>b. Marca comercial: CLETHODIM R 240 EC PERTERRA.</p><p>c. Resultado do pedido: Deferido. Concedido Certificado com registro nº 20922, conforme processo nº 21016.001517/2021-50, protocolado em 09/03/2021.</p><p>d. Fabricante do produto técnico(Cletodim Técnico Rainbow): Nome: Shandong Weifang Rainbow Chemical Co., Ltd. - Endereço: Binhai Economic Development Area, Weifang, Shandong, 262737 - China.</p><p>e. Formulador: Nome: Shandong Weifang Rainbow Chemical Co., Ltd. - Endereço: Binhai Economic Development Area, Weifang, Shandong, 262737 - China.</p><p>f. Manipulador: Nome: Tagma Brasil Indústria e Comércio de Produtos Químicos Ltda. - CNPJ: 03.855.423/0001-81 - Endereço: Avenida Roberto Simonsen, 1459 - Recanto dos Pássaros, Paulínia/SP - CEP: 13.148-030; Nome: Ultrafine Technologies Indústria e Comércio de Produtos Químicos Ltda. - CNPJ: 50.025.469/0004-04 - Endereço: Rua Bonifácio Rosso Ros, nº 260, Bairro Cruz Alta, Indaiatuba/SP - CEP: 13.348-790; Nome: Ultrafine Technologies Indústria e Comércio de Produtos Químicos Ltda. - CNPJ: 50.025.469/0001-53 - Endereço: Rua Alberto Guizo, 859, Distrito Industrial João Narezzi, Indaiatuba/SP - CEP:13347-402.</p><p>g. Nome químico: Oxima ciclohexanodion.</p><p>h. Nome comum: Cletodim.</p><p>i. Nome científico, no caso de agente biológico: Não se aplica.</p><p>j. Indicação de uso: Indicado para as culturas de Algodão, Alho, Amendoim, Aveia, Batata, Batata-doce, Batata Yacon, Beterraba, Café, Cana-de-açúcar, Cará, Cebola, Cenoura, Centeio, Cevada, Ervilha, Feijão, Feijão-caupi, Fumo, Gengibre, Inhame, Grão-de-bico, Lentilha, Mandioca, Mandioquinha-salsa, Melancia, Milho, Nabo, Rabanete, Soja, Trigo e Triticale.</p><p>k. Classificação toxicológica: Categoria 5 - Produto Improvável de Causar Dano Agudo.</p><p>l. Classificação quanto ao potencial de periculosidade ambiental: Classe III - Produto Perigoso ao Meio Ambiente.</p><p></p><p>33-a. Titular do registro: VSF Agricultura Sustentável e Comércio Eireli- Petrolina/PE.</p><p>b. Marca comercial: CONCRIZ.</p><p>c. Resultado do pedido: Deferido. Concedido Certificado com registro nº 21022, conforme processo nº 21016.006269/2021-33, protocolado em 09/08/2021.</p><p>d. Fabricante/Formulador: Nome: VSF Agricultura Sustentável e Comércio Eireli - CNPJ: 28.676.860/0001-69 - Endereço: Faz Lote 644/645, Núcleo II, S/N, Sala 01, Projeto Senador Nilo Coelho, Zona Rural, Petrolina/PE - CEP: 56.332-175.</p><p>e. Nome químico: Não se aplica.</p><p>f. Nome comum: Não se aplica.</p><p>g. Nome científico, no caso de agente biológico:<em>Beauveria bassiana</em>, isolado IBCB 66.</p><p>h. Indicação de uso: Indicado para qualquer cultura com ocorrência dos alvos biológicos Bemisia tabaci raça B, Cosmopolites sordidus, Tetranychus urticae, Dalbulus maidis e Sphenophorus levis.</p><p>i. Classificação toxicológica: Categoria 5 - Produto Improvável de Causar Dano Agudo.</p><p>j. Classificação quanto ao potencial de periculosidade ambiental: Classe IV - Pouco Perigoso ao Meio Ambiente.</p><p>k. Produto Fitossanitário com Uso Aprovado para a Agricultura Orgânica.</p><p></p><p>34-a. Titular do registro: UPL do Brasil Indústria e Comércio de Insumos Agropecuários S.A.- Ituverava/SP.</p><p>b. Marca comercial: SULFENTRAZONE UPL BR 500 SC.</p><p>c. Resultado do pedido: Deferido. Concedido Certificado com registro nº 21122, conforme processo nº 21000.008044/2015-42, protocolado em 30/11/2015.</p><p>d. Fabricante do produto técnico(Sulfentrazone Técnico UPL): Nome: Oriental (Luzhou) Agrochemicals Co., Ltd. - Endereço: Xinle Town, Naxi District, Luzhou, Sichuan Province - China; Nome: UPL Limited - Endereço: Plot nº 750, GIDC, Industrial Estate, P.B.Nº 9, Jhagadia, 393.110, Dist Bharuch, Gujarat - Índia.</p><p>e. Formulador: Nome: UPL do Brasil Industria e Comércio de Insumos Agropecuários S.A. - CNPJ: 02.974.733/0003-14 - Endereço: Av. Maeda, s/nº, Distrito Industrial, Ituverava/SP - CEP: 14.500-000; Nome: Shijiazhuang Richem Co., Ltd. - Endereço: Nº 1 Xingwang Road, Biological Industrial Park, Zhaoxian, 051530 Shijiazhuang, Hebei - China; Nome: Shandong Weifang Rainbow Chemical Co., Ltd. - Endereço: Binhai Economic Development Area, Weifang, Shandong, 262737 - China; Nome: Yongnong Biosciences Co., Ltd. - Endereço: Nº 3, Weiqi Rd (East), Hangzhou Gulf Economy and Technology Development Zone, Shangyu, Zhejiang, 312369 - China; Nome: Adama Ltd. - Endereço: 93, East Beijing Road, Jingzhou, Hubei, 434001 - China.</p><p>f. Nome químico: 2',4'-dichloro-5'-(4-difluoromethyl-4,5-dihydro-3-methyl5-oxo-1H-1,2,4-triazol-1-yl) methanesulfonanilide.</p><p>g. Nome comum: Sulfentrazona.</p><p>h. Nome científico, no caso de agente biológico: Não se aplica.</p><p>i. Indicação de uso: Indicado para as culturas de Abacaxi, Café, Cana-de-açúcar, Citros, Eucalipto, Fumo e Soja.</p><p>j. Classificação toxicológica: Categoria 5 - Produto Improvável De Causar Dano Agudo.</p><p>k. Classificação quanto ao potencial de periculosidade ambiental: Classe II - Produto Muito Perigoso ao Meio Ambiente.</p>]]></Texto>
  </body>
  <Midias />
</article></xml>