﻿<xml><article id="27739130" name="1015.PRONON" idOficio="9058198" pubName="DO1" artType="Portaria" pubDate="30/08/2022" artClass="00026:00002:00000:00000:00000:00000:00000:00000:00000:00000:00054:00000" artCategory="Ministério da Saúde/Secretaria Executiva" artSize="12" artNotes="" numberPage="256" pdfPage="http://pesquisa.in.gov.br/imprensa/jsp/visualiza/index.jsp?data=30/08/2022&amp;jornal=515&amp;pagina=256" editionNumber="165" highlightType="" highlightPriority="" highlight="" highlightimage="" highlightimagename="" idMateria="19841139">
  <body>
    <Identifica><![CDATA[ PORTARIA Nº 1.015, DE 24 DE AGOSTO DE 2022]]></Identifica>
    <Data><![CDATA[]]></Data>
    <Ementa><![CDATA[ Dá publicidade ao resultado da análise de prestação de contas anual de projeto executado no âmbito do Programa Nacional de Apoio à Atenção Oncológica (Pronon).]]></Ementa>
    <Titulo />
    <SubTitulo />
    <Texto><![CDATA[<p class="identifica">PORTARIA Nº 1.015, DE 24 DE AGOSTO DE 2022</p><p class="ementa">Dá publicidade ao resultado da análise de prestação de contas anual de projeto executado no âmbito do Programa Nacional de Apoio à Atenção Oncológica (Pronon).</p><p>O SECRETÁRIO-EXECUTIVO ADJUNTO DO MINISTÉRIO DA SAÚDE, no uso das atribuições legais que lhe confere o art. 11 do Anexo I do Decreto nº 11.098, de 20 de junho de 2022, alterado pelo Decreto nº 11.126, de 8 de julho de 2022, publicado no Diário Oficial da União de 11 de julho de 2022; considerando os arts. 1º ao 14 da Lei nº 12.715, de 17 de setembro de 2012, que institui o Programa Nacional de Apoio à Atenção Oncológica (PRONON) e o Programa Nacional de Apoio à Atenção da Saúde da Pessoa com Deficiência (PRONAS/PCD); considerando a regulamentação estabelecida pelo Decreto nº 7.988, de 17 de abril de 2013, e considerando o disposto no art. 100 do Anexo LXXXVI à Portaria de Consolidação nº 5/GM/MS, de 28 de setembro de 2017, resolve:</p><p>Art. 1º Publicar o seguinte resultado da análise de prestação de contas anual de projeto executado no âmbito do Programa Nacional de Apoio à Atenção Oncológica (Pronon).</p><p>Razão Social: Fundação de Apoio ao Ensino, Pesquisa e Assistência do HCFMRPUSP.</p><p>CNPJ: 57.722.118/0001-40</p><p>Município/UF: São Paulo/SP.</p><p>Título do projeto: "Desenvolvimento de nanopartículas para terapia gênica direcionada a microRNAs da via do Fator Induzido por Hipóxia em gliomas de alto grau".</p><p>Órgão responsável pela análise: Secretaria de Ciência, Tecnologia, Inovação e Insumos Estratégicos em Saúde (SCTIE/MS).</p><p>Tipo de análise: Execução física.</p><p>Processo NUP: 25000.077093/2015-86</p><p>Período analisado: Exercício 2020.</p><p>Embasamento: Parecer Técnico nº 70/2022-COPP/CGFPS/DECIT/SCTIE/MS (0028632481).</p><p>Resultado: APROVADA.</p><p>Art. 2º Esta Portaria entra em vigor na data de sua publicação.</p><p class="assina">MARCUS VINICIUS FERNANDES DIAS</p>]]></Texto>
  </body>
  <Midias />
</article></xml>