﻿<xml><article id="27736646" name="resolucao_2800_2022 GEREG GGALI" idOficio="9057694" pubName="DO1" artType="Resolução" pubDate="30/08/2022" artClass="00026:00034:00014:00007:00000:00000:00000:00000:00000:00000:00064:32800" artCategory="Ministério da Saúde/Agência Nacional de Vigilância Sanitária/2ª Diretoria/Gerência-Geral de Alimentos" artSize="12" artNotes="" numberPage="258" pdfPage="http://pesquisa.in.gov.br/imprensa/jsp/visualiza/index.jsp?data=30/08/2022&amp;jornal=515&amp;pagina=258" editionNumber="165" highlightType="" highlightPriority="" highlight="" highlightimage="" highlightimagename="" idMateria="19840489">
  <body>
    <Identifica><![CDATA[ RESOLUÇÃO-RE Nº 2.800, DE 25 DE AGOSTO DE 2022]]></Identifica>
    <Data><![CDATA[]]></Data>
    <Ementa />
    <Titulo />
    <SubTitulo />
    <Texto><![CDATA[<p class="identifica">RESOLUÇÃO-RE Nº 2.800, DE 25 DE AGOSTO DE 2022</p><p>A Gerente-Geral de Alimentos, no uso das atribuições que lhe confere o art. 96, aliado ao art. 203, I, §1º do Regimento Interno aprovado pela Resolução de Diretoria Colegiada-RDC nº 585, de 10 de dezembro de 2021, resolve:</p><p>Art.1º Deferir as petições relacionadas à Gerência-Geral de Alimentos, conforme relação anexa.</p><p>Art. 2º Esta Resolução entra em vigor na data de sua publicação.</p><p class="assina">PATRÍCIA FERNANDES NANTES DE CASTILHO</p><p class="anexo">ANEXO</p><p>Relatório de Conferência - Alimentos: 1090022</p><p>NOME DA EMPRESA / CNPJ</p><p>NOME DO PRODUTO</p><p>NÚMERO DO PROCESSO / REGISTRO</p><p>PETIÇÃO(ÕES) / EXPEDIENTE(S)</p><p>--------------------------------------</p><p>DANONE LTDA. / 23.643.315/0115-10</p><p>FÓRMULA PADRÃO PARA NUTRIÇÃO ENTERAL</p><p>25351.262137/2022-11 / 665770181</p><p>4057 - Registro de fórmula padrão para nutrição enteral / 1481123/22-0</p><p>FÓRMULA PADRÃO PARA NUTRIÇÃO ENTERAL E ORAL</p><p>25351.528681/2009-47 / 665770046</p><p>4124 - Cancelamento de Registro de Apresentação / 4552838/22-9</p>]]></Texto>
  </body>
  <Midias />
</article></xml>