﻿<xml><article id="27751115" name="2022-08-29/9060502/ANMWS_1984472" idOficio="9060502" pubName="DO1" artType="Retificação" pubDate="30/08/2022" artClass="00023:00030:00050:00000:00000:00000:00000:00000:00000:00000:00066:00144" artCategory="Ministério de Minas e Energia/Agência Nacional de Mineração/Superintendência de Outorga de Títulos Minerários" artSize="12" artNotes="" numberPage="234" pdfPage="http://pesquisa.in.gov.br/imprensa/jsp/visualiza/index.jsp?data=30/08/2022&amp;jornal=515&amp;pagina=234" editionNumber="165" highlightType="" highlightPriority="" highlight="" highlightimage="" highlightimagename="" idMateria="19844723">
  <body>
    <Identifica><![CDATA[Despacho]]></Identifica>
    <Data><![CDATA[]]></Data>
    <Ementa />
    <Titulo />
    <SubTitulo />
    <Texto><![CDATA[<p class="identifica">Despacho</p><p>Relação nº 144/2022</p><p>Fase de Autorização de Pesquisa</p><p>Despacho de retificação do alvará de pesquisa(327)</p><p>848.302/2016-MINERADORA NOSSO SENHOR DO BONFIM LTDA.-ALVARÁ N° 62 Publicado DOU de 09/01/2017- Onde se lê:'' ... numa área de 1343,04 ha...''; Leia-se:'' ... numa área de 1296,52 ha...''</p><p class="assina">MOACYR CARVALHO DE ANDRADE NETO</p><p class="cargo">Superintendente</p>]]></Texto>
  </body>
  <Midias />
</article></xml>