﻿<xml><article id="27744142" name="Int_Desp_2.338_2022_SMA" idOficio="9059096" pubName="DO1" artType="Despacho" pubDate="30/08/2022" artClass="00023:00029:00039:00000:00000:00000:00000:00000:00000:00000:00024:00002" artCategory="Ministério de Minas e Energia/Agência Nacional de Energia Elétrica/Superintendência de Mediação Administrativa, Ouvidoria Setorial e Participação pública" artSize="12" artNotes="" numberPage="225" pdfPage="http://pesquisa.in.gov.br/imprensa/jsp/visualiza/index.jsp?data=30/08/2022&amp;jornal=515&amp;pagina=225" editionNumber="165" highlightType="" highlightPriority="" highlight="" highlightimage="" highlightimagename="" idMateria="19842431">
  <body>
    <Identifica><![CDATA[ DESPACHO Nº 2.338, DE 25 DE AGOSTO DE 2022]]></Identifica>
    <Data><![CDATA[]]></Data>
    <Ementa />
    <Titulo />
    <SubTitulo />
    <Texto><![CDATA[<p class="identifica">DESPACHO Nº 2.338, DE 25 DE AGOSTO DE 2022</p><p>O SUPERINTENDENTE DE MEDIAÇÃO ADMINISTRATIVA, OUVIDORIA SETORIAL E PARTICIPAÇÃO PÚBLICA DA AGÊNCIA NACIONAL DE ENERGIA ELÉTRICA - ANEEL, no uso das suas competências, em conformidade com o disposto no inciso IV do art. 1º da Portaria nº 4.595, de 23 de maio de 2017, e com o constante no Processo nº 48500.003712/2022-90, decide por: (i) conhecer e dar provimento parcial à reclamação interposta pelo Consórcio Luzes de Açailândia; (ii) determinar à Equatorial Energia Maranhão realizar a devolução, em dobro, dos valores equivalentes a 468.810,38 kWh, em decorrência da demora em proceder com a atualização dos valores de faturamento de Iluminação Pública do Município de Açailândia, acrescidos de atualização monetária com base na variação do IGP-M e juros de mora de 1% (um por cento) ao mês calculados pro rata die, nos termos do inciso II do artigo 113 da REN n° 414, de 2010, incluindo-se a parcela referente às bandeiras tarifárias nos meses em que elas incidiram, podendo-se abater os valores já devolvidos; e (iii) determinar que esta decisão seja cumprida no prazo de até 15 (quinze) dias após o seu trânsito em julgado.</p><p class="assina">ANDRÉ RUELLI</p>]]></Texto>
  </body>
  <Midias />
</article></xml>