﻿<xml><article id="27740499" name="DESPACHO SG NA 1242 (Barreto)" idOficio="9058508" pubName="DO1" artType="Despacho" pubDate="30/08/2022" artClass="00020:00036:00018:00000:00000:00000:00000:00000:00000:00000:00024:00000" artCategory="Ministério da Justiça e Segurança Pública/Conselho Administrativo de Defesa Econômica/Superintendência-Geral" artSize="12" artNotes="" numberPage="218" pdfPage="http://pesquisa.in.gov.br/imprensa/jsp/visualiza/index.jsp?data=30/08/2022&amp;jornal=515&amp;pagina=218" editionNumber="165" highlightType="" highlightPriority="" highlight="" highlightimage="" highlightimagename="" idMateria="19841517">
  <body>
    <Identifica><![CDATA[DESPACHO Nº 1.242, DE 26 DE AGOSTO DE 2022]]></Identifica>
    <Data><![CDATA[]]></Data>
    <Ementa />
    <Titulo />
    <SubTitulo />
    <Texto><![CDATA[<p class="identifica">DESPACHO Nº 1.242, DE 26 DE AGOSTO DE 2022</p><p>Ato de Concentração nº 08700.005843/2022-31. Requerentes: Atiaia Energia S.A. e Volga Energia S.A. Advogados: José Alexandre Buaiz Neto e Daniel Costa Rebello.</p><p>Decido pela aprovação sem restrições.</p><p class="assina">Alexandre Barreto de Souza</p><p class="cargo">Superintendente-Geral</p>]]></Texto>
  </body>
  <Midias />
</article></xml>