﻿<xml><article id="27731858" name="DENISE ALCANTARA CLINICA FISIOTE" idOficio="9056537" pubName="DO1" artType="Portaria" pubDate="30/08/2022" artClass="00013:00012:00008:00042:00017:00000:00000:00000:00000:00000:00054:00000" artCategory="Ministério da Defesa/Comando da Marinha/Comando de Operações Navais/3º Distrito Naval/Hospital Naval de Recife" artSize="12" artNotes="" numberPage="27" pdfPage="http://pesquisa.in.gov.br/imprensa/jsp/visualiza/index.jsp?data=30/08/2022&amp;jornal=515&amp;pagina=27" editionNumber="165" highlightType="" highlightPriority="" highlight="" highlightimage="" highlightimagename="" idMateria="19839050">
  <body>
    <Identifica><![CDATA[                                                         PORTARIA Nº  122/HNRE, DE 25 DE AGOSTO DE 2022]]></Identifica>
    <Data><![CDATA[]]></Data>
    <Ementa />
    <Titulo />
    <SubTitulo />
    <Texto><![CDATA[<p class="identifica">PORTARIA Nº 122/HNRE, DE 25 DE AGOSTO DE 2022</p><p>O DIRETOR DO HOSPITAL NAVAL DE RECIFE, no uso de suas atribuições e com fundamento contido na Orientação Normativa AGU no 33/2011, resolve:</p><p>Art. 1º Que seja dada publicidade, por meio do Diário Oficial da União, ao Termo de Adesão ao Edital de Credenciamento nº 2/2019, referente ao Processo Administrativo n° 63066.003213/2019-67 e ao Contrato de Credenciamento nº 83702/2022-20/00, deste Hospital, assinado pela Organização de Saúde Extra-Marinha abaixo especificada:</p><p>I - DENISE ALCANTARA CLÍNICA DE FISIOTERAPIA LTDA:</p><p>a) CNPJ nº 03.281.997/0001-93; e</p><p>b) Valor estimativo anual: R$ 50.000,00 (cinquenta mil reais).</p><p>Art. 2º Fundamentação: Inexigibilidade de Licitação, com fundamento no art. 25, caput, da Lei nº 8.666/1993.</p><p>Art. 3º Esta Portaria entra em vigor na presente data, com seus efeitos administrativos a contar a partir de 16 de agosto de 2022.</p><p class="assina">CMG (Md) JOSÉ ROBERTO GOMES CORRÊA MACEDO</p><p class="cargo">Ordenador de Despesas</p>]]></Texto>
  </body>
  <Midias />
</article></xml>