﻿<xml><article id="27743986" name="1 SEMPI - Portaria 6220 - Reconh" idOficio="9059071" pubName="DO1" artType="Portaria" pubDate="30/08/2022" artClass="00011:00039:00000:00000:00000:00000:00000:00000:00000:00000:00054:00004" artCategory="Ministério da Ciência, Tecnologia e Inovações/Secretaria de Empreendedorismo e Inovação" artSize="12" artNotes="" numberPage="15" pdfPage="http://pesquisa.in.gov.br/imprensa/jsp/visualiza/index.jsp?data=30/08/2022&amp;jornal=515&amp;pagina=15" editionNumber="165" highlightType="" highlightPriority="" highlight="" highlightimage="" highlightimagename="" idMateria="19842386">
  <body>
    <Identifica><![CDATA[ PORTARIA SEMPI/MCTI Nº 6.220, DE 18 DE AGOSTO DE 2022]]></Identifica>
    <Data><![CDATA[]]></Data>
    <Ementa><![CDATA[ Reconhece investimentos em atividades de pesquisa, desenvolvimento e inovação (PD&amp;I) decorrentes de tecnologias desenvolvidas no País, de acordo com o Decreto nº 10.356, de 20 de maio de 2020, e a Portaria MCTI nº 4.514, de 2 de março de 2021, e reconhece a condição de bens e produtos desenvolvidos no País, de acordo com a Portaria MCT nº 950, de 12 de dezembro de 2006.]]></Ementa>
    <Titulo />
    <SubTitulo />
    <Texto><![CDATA[<p class="identifica">PORTARIA SEMPI/MCTI Nº 6.220, DE 18 DE AGOSTO DE 2022</p><p class="ementa">Reconhece investimentos em atividades de pesquisa, desenvolvimento e inovação (PD&amp;I) decorrentes de tecnologias desenvolvidas no País, de acordo com o Decreto nº 10.356, de 20 de maio de 2020, e a Portaria MCTI nº 4.514, de 2 de março de 2021, e reconhece a condição de bens e produtos desenvolvidos no País, de acordo com a Portaria MCT nº 950, de 12 de dezembro de 2006.</p><p>O SECRETÁRIO DE EMPREENDEDORISMO E INOVAÇÃO DO MINISTÉRIO DA CIÊNCIA, TECNOLOGIA E INOVAÇÕES, SUBSTITUTO, no uso da competência delegada pela Portaria MCTI nº 4.584, de 24 de março de 2021, considerando as atribuições previstas na Portaria MCTI nº 4.514, de 02 de março de 2021, e na Portaria MCT nº 950, de 12 de dezembro de 2006, tendo em vista o Decreto nº 10.356, de 20 de maio de 2020, e o Decreto nº 5.906, de 26 de setembro de 2006, e conforme consta no Processo MCTI nº 01245.003104/2022-80, resolve:</p><p>Art. 1º Reconhecer que o produto e respectivo modelo abaixo descritos, desenvolvidos pela empresa Intelbras S/A - Indústria de Telecomunicação Eletrônica Brasileira, inscrita no Cadastro Nacional da Pessoa Jurídica - CNPJ sob o nº 82.901.000/0014-41, atendem às condições de bens de informática ou automação desenvolvidos no País, nos termos da Portaria MCT nº 950, de 12 de dezembro de 2006, e resultam de investimentos em atividades de pesquisa, desenvolvimento e inovação (PD&amp;I) decorrentes de tecnologias desenvolvidas no País, nos termos da Portaria MCTI nº 4.514, de 2 de março de 2021:</p><p>I - Central automática de comutação privada, de capacidade superior a 200 ramais, modelo: Central Telefônica UnniTI 1000.</p><p>Art. 2º Esta Portaria entra em vigor na data de sua publicação.</p><p class="assina">MARCOS CESAR DE OLIVEIRA PINTO</p>]]></Texto>
  </body>
  <Midias />
</article></xml>