﻿<xml><article id="27734449" name="05_Ato11966_2022" idOficio="9057159" pubName="DO1" artType="Ato" pubDate="30/08/2022" artClass="00012:00014:00016:00056:00001:00000:00000:00000:00000:00000:00006:00000" artCategory="Ministério das Comunicações/Agência Nacional de Telecomunicações/Superintendência de Outorga e Recursos à Prestação/Gerência de Espectro, Órbita e Radiodifusão/Coordenação de Processo de Administração de Planos Básicos de Radiodifusão" artSize="12" artNotes="" numberPage="26" pdfPage="http://pesquisa.in.gov.br/imprensa/jsp/visualiza/index.jsp?data=30/08/2022&amp;jornal=515&amp;pagina=26" editionNumber="165" highlightType="" highlightPriority="" highlight="" highlightimage="" highlightimagename="" idMateria="19839801">
  <body>
    <Identifica><![CDATA[ ATO Nº 11.966, DE 22 DE AGOSTO DE 2022]]></Identifica>
    <Data><![CDATA[]]></Data>
    <Ementa />
    <Titulo />
    <SubTitulo />
    <Texto><![CDATA[<p class="identifica">ATO Nº 11.966, DE 22 DE AGOSTO DE 2022</p><p>Altera os Planos Básicos de Distribuição de Canais de Radiodifusão. Proc. 53500.300380/2022-29. Este Ato entra em vigor na data de publicação deste extrato no DOU, sua íntegra estará disponível no portal: https://www.gov.br/anatel/pt-br/</p><p class="assina">Vinicius Oliveira Caram Guimarães</p><p class="cargo">Superintendente</p>]]></Texto>
  </body>
  <Midias />
</article></xml>