﻿<xml><article id="27748677" name="Portaria 1088 REIDI - DE 18 DE A" idOficio="9059908" pubName="DO1" artType="Portaria" pubDate="30/08/2022" artClass="00019:00025:00000:00000:00000:00000:00000:00000:00000:00000:00054:00001" artCategory="Ministério da Infraestrutura/Secretaria de Fomento, Planejamento e Parcerias" artSize="12" artNotes="" numberPage="191" pdfPage="http://pesquisa.in.gov.br/imprensa/jsp/visualiza/index.jsp?data=30/08/2022&amp;jornal=515&amp;pagina=191" editionNumber="165" highlightType="" highlightPriority="" highlight="" highlightimage="" highlightimagename="" idMateria="19843655">
  <body>
    <Identifica><![CDATA[ Portaria Nº 1.088, DE 18 DE agostO DE 2022]]></Identifica>
    <Data><![CDATA[]]></Data>
    <Ementa><![CDATA[Aprova o enquadramento, para fins de habilitação no Regime Especial de Incentivos para o Desenvolvimento da Infraestrutura - REIDI, do projeto de investimento em infraestrutura no setor de transportes - Portos, proposto pela empresa Santos Brasil Participações S/A.]]></Ementa>
    <Titulo />
    <SubTitulo />
    <Texto><![CDATA[<p class="identifica">Portaria Nº 1.088, DE 18 DE agostO DE 2022</p><p class="ementa">Aprova o enquadramento, para fins de habilitação no Regime Especial de Incentivos para o Desenvolvimento da Infraestrutura - REIDI, do projeto de investimento em infraestrutura no setor de transportes - Portos, proposto pela empresa Santos Brasil Participações S/A.</p><p>O SECRETÁRIO DE FOMENTO, PLANEJAMENTO E PARCERIAS DO MINISTÉRIO DA INFRAESTRUTURA, no uso da competência que lhe foi delegada por meio da Portaria GM/MINFRA nº 46, de 11 de março de 2021, e tendo em vista o disposto no art. 35 da Lei nº 13.844, de 18 de junho de 2019, na Lei nº 11.488, de 15 de junho de 2007, no Decreto nº 6.144, de 3 de julho de 2007, na Portaria GM/MInfra nº 105, de 19 de agosto de 2021, e o que consta no Processo nº 50000.020425/2022-27, resolve:</p><p>Art. 1º Aprovar o enquadramento, para fins de habilitação no Regime Especial de Incentivos para o Desenvolvimento da Infraestrutura - REIDI, do projeto de investimento em infraestrutura no setor de transportes - Portos, proposto pela empresa Santos Brasil Participações S.A., CNPJ nº 02.762.121/0020-69, denominado "PBI - Plano Básico de Implantação - Arrendamento IQI 12 - ITAQUI (02.762.121/0020-69)", na área denominada IQI12, localizada no Porto Organizado de Itaqui, no Estado do Maranhão, na forma do Contrato de Arrendamento nº 05/2021-MInfra, conforme descrito no Anexo desta Portaria.</p><p>Art. 2º A empresa a que se refere o art. 1° deverá informar à Secretaria de Fomento, Planejamento e Parcerias do Ministério da Infraestrutura quando da conclusão do projeto ou do pedido de cancelamento da habilitação, no prazo de 30 (trinta) dias, a contar da conclusão ou do pedido de cancelamento, nos termos do disposto no art. 17 da Portaria GM/MInfra nº 105, de 19 de agosto de 2021.</p><p>Art. 3º Os autos do Processo nº 50000.020425/2022-27 ficarão arquivados e disponíveis neste Ministério, para consulta e fiscalização dos órgãos de controle.</p><p>Art. 4º Esta Portaria entra em vigor na data de sua publicação.</p><p class="assina">RAFAEL MAGALHÃES FURTADO</p><p>ANEXO</p><p /><p></p><table><tr /><tr><td rowspan="1" colspan="2"><p>ANEXO</p></td></tr><tr><td rowspan="1" colspan="1"><p>Nome Empresarial</p></td><td rowspan="1" colspan="1"><p>Santos Brasil Participações S.A.</p></td></tr><tr><td rowspan="1" colspan="1"><p>CNPJ</p></td><td rowspan="1" colspan="1"><p>02.762.121/0020-69</p></td></tr><tr><td rowspan="1" colspan="1"><p>Tipo</p></td><td rowspan="1" colspan="1"><p>Portos Organizados</p></td></tr><tr><td rowspan="1" colspan="1"><p>Descrição do Projeto</p></td><td rowspan="1" colspan="1"><p>Projeto na área de infraestrutura de transporte portuário, denominado "PBI - Plano Básico de Implantação -</p></td></tr><tr><td rowspan="1" colspan="1" /><td rowspan="1" colspan="1"><p>Arrendamento IQI 12 - ITAQUI (02.762.121/0020-69)", na área denominada IQI12, localizada no Porto Organizado</p></td></tr><tr><td rowspan="1" colspan="1" /><td rowspan="1" colspan="1"><p>de Itaqui, no Estado do Maranhão, na forma do Contrato de Arrendamento nº 05/2021-MInfra, que tem por</p></td></tr><tr><td rowspan="1" colspan="1" /><td rowspan="1" colspan="1"><p>objetivo a implantação de obras de infraestrutura destinadas aos serviços de descarga, armazenagem e expedição</p></td></tr><tr><td rowspan="1" colspan="1" /><td rowspan="1" colspan="1"><p>de granéis líquidos, especialmente combustíveis, contemplando, dentre outras, a implantação dos seguintes serviços e obras:</p></td></tr><tr><td rowspan="1" colspan="1" /><td rowspan="1" colspan="1"><p>- Construção de novos tanques de armazenamento, em concreto estrutural / armado com pintura de proteção</p></td></tr><tr><td rowspan="1" colspan="1" /><td rowspan="1" colspan="1"><p>nas duas faces à base de silicone e assentados sobre base de concreto armado devidamente nivelada, com</p></td></tr><tr><td rowspan="1" colspan="1" /><td rowspan="1" colspan="1"><p>revestimento impermeabilizante, e dreno para verificação de vazamentos em base drenante sobre o solo.</p><p>- Construção de uma linha de dutos em bitola 14" com a extensão de 1.895 metros que conectará o "Ponto A" aos</p></td></tr><tr><td rowspan="1" colspan="1" /><td rowspan="1" colspan="1"><p>berços 104, 106 e 108, passando a compor assim a "Linha Tronco de Dutos".</p></td></tr><tr><td rowspan="1" colspan="1" /><td rowspan="1" colspan="1"><p>- Instalação de<em>pipe-racks</em>e estruturas metálicas em perfis de aço carbono ASTM-A-36 tipos "U", "I", "L" conforme cada caso.</p></td></tr><tr><td rowspan="1" colspan="1" /><td rowspan="1" colspan="1"><p>- Instalação de plataforma de carga e descarga responsável pela interface rodoviária dos granéis tanto nas</p></td></tr><tr><td rowspan="1" colspan="1" /><td rowspan="1" colspan="1"><p>operações de exportação como nas operações de importação.</p><p>- Instalação de aterramentos.</p></td></tr><tr><td rowspan="1" colspan="1" /><td rowspan="1" colspan="1"><p>- Arruamento, pavimentação e drenagem.</p></td></tr><tr><td rowspan="1" colspan="1" /><td rowspan="1" colspan="1"><p>- Construção de edificação administrativa abrigando portaria, escritórios administrativos e operacionais, salas de</p></td></tr><tr><td rowspan="1" colspan="1" /><td rowspan="1" colspan="1"><p>controle, refeitório, laboratório de análise e guarda de amostras, sala de espera e sanitários para motoristas dos</p></td></tr><tr><td rowspan="1" colspan="1" /><td rowspan="1" colspan="1"><p>caminhões, instalações da Receita Federal e demais órgãos anuentes.</p><p>- Construção de edificação abrigando vestiários e sanitários.</p></td></tr><tr><td rowspan="1" colspan="1" /><td rowspan="1" colspan="1"><p>- Construção de edificação abrigando as oficinas de manutenção e almoxarifado.</p></td></tr><tr><td rowspan="1" colspan="1" /><td rowspan="1" colspan="1"><p>- Construção de instalações da Receita Federal.</p></td></tr><tr><td rowspan="1" colspan="1" /><td rowspan="1" colspan="1"><p>- Implantação de sistemas automatizados de carregamento rodoviário para utilização com combustíveis,</p></td></tr><tr><td rowspan="1" colspan="1" /><td rowspan="1" colspan="1"><p>possibilitando a medição de temperatura, vazão e densidade bem como o controle de vazão, informando as</p></td></tr><tr><td rowspan="1" colspan="1" /><td rowspan="1" colspan="1"><p>variáveis medidas e corrigindo o volume carregado à temperatura de 20ºC.</p></td></tr><tr><td rowspan="1" colspan="1" /><td rowspan="1" colspan="1"><p>- Implantação nos novos tanques de armazenamento de dispositivos de controle de nível e temperatura sem</p></td></tr><tr><td rowspan="1" colspan="1" /><td rowspan="1" colspan="1"><p>contato com o líquido e controlado à distância em Sala de Controle de Operações.</p></td></tr><tr><td rowspan="1" colspan="1" /><td rowspan="1" colspan="1"><p>- Instalação de Centro de Controle Motores - CCM.</p></td></tr><tr><td rowspan="1" colspan="1" /><td rowspan="1" colspan="1"><p>- Instalação de motores.</p></td></tr><tr><td rowspan="1" colspan="1" /><td rowspan="1" colspan="1"><p>- Instalação de iluminação modernizada em LED.</p></td></tr><tr><td rowspan="1" colspan="1" /><td rowspan="1" colspan="1"><p>- Instalação de gerador de energia.</p></td></tr><tr><td rowspan="1" colspan="1" /><td rowspan="1" colspan="1"><p>- Adequação do sistema de proteção e combate a incêndio.</p></td></tr><tr><td rowspan="1" colspan="1" /><td rowspan="1" colspan="1"><p>- Instalação operacional de sistema de segurança e automação de proteção.</p></td></tr><tr><td rowspan="1" colspan="1" /><td rowspan="1" colspan="1"><p>- Aquisição/instalação de bombas para efluentes, separador de água-óleo, tanque de água, tanque de efluentes</p></td></tr><tr><td rowspan="1" colspan="1" /><td rowspan="1" colspan="1"><p>contaminados, compressor, vaso pulmão, sistema de combate a incêndio e tanque de nitrogênio.</p></td></tr><tr><td rowspan="1" colspan="1" /><td rowspan="1" colspan="1"><p>- Aquisição/instalação de tubulações, drenagens, jateamento/pintura, elétrica, instrumentação e automação.</p></td></tr><tr><td rowspan="1" colspan="1"><p>Localização</p></td><td rowspan="1" colspan="1"><p>Estado do Maranhão</p></td></tr><tr><td rowspan="1" colspan="1"><p>Estimativa de Investimento</p></td><td rowspan="1" colspan="1"><p>R$ 306.734.503,26</p></td></tr><tr><td rowspan="1" colspan="1"><p>Estimativas das Suspensões Fiscais</p></td><td rowspan="1" colspan="1"><p>R$ 21.777.564,78</p></td></tr></table>]]></Texto>
  </body>
  <Midias />
</article></xml>