﻿<xml><article id="27737936" name="resolucao_2819_2022 GGTPS" idOficio="9057985" pubName="DO1" artType="Resolução" pubDate="30/08/2022" artClass="00026:00034:00015:00010:00000:00000:00000:00000:00000:00000:00064:32819" artCategory="Ministério da Saúde/Agência Nacional de Vigilância Sanitária/3ª Diretoria/Gerência-Geral de Tecnologia de Produtos para Saúde" artSize="12" artNotes="" numberPage="268" pdfPage="http://pesquisa.in.gov.br/imprensa/jsp/visualiza/index.jsp?data=30/08/2022&amp;jornal=515&amp;pagina=268" editionNumber="165" highlightType="" highlightPriority="" highlight="" highlightimage="" highlightimagename="" idMateria="19840818">
  <body>
    <Identifica><![CDATA[ RESOLUÇÃO-RE Nº 2.819, DE 25 DE AGOSTO DE 2022]]></Identifica>
    <Data><![CDATA[]]></Data>
    <Ementa />
    <Titulo />
    <SubTitulo />
    <Texto><![CDATA[<p class="identifica">RESOLUÇÃO-RE Nº 2.819, DE 25 DE AGOSTO DE 2022</p><p>O Gerente-Geral substituto de Tecnologia de Produtos para Saúde, no uso das atribuições que lhe confere o art. 121, aliado ao art. 203, I, § 1º do Regimento Interno aprovado pela Resolução de Diretoria Colegiada - RDC nº 585, de 10 de dezembro de 2021, resolve:</p><p>Art. 1° Deferir as petições relacionadas à Gerência-Geral de Tecnologia de Produtos para a Saúde, conforme anexo.</p><p>Art. 2° O carregamento de instruções de uso no repositório documental de dispositivos médicos, disponível no portal da Anvisa, é obrigatório e deve ser executado pela empresa responsável pela regularização do produto, a qual consente que seu conteúdo guarda concordância com a legislação vigente e consistência com o produto regularizado, de acordo com o §4º do art. 3º da Resolução de Diretoria Colegiada - RDC nº 431, de 13 de outubro de 2020.</p><p>Parágrafo único. O carregamento citado no caput deverá ser realizado em até 30 (trinta) dias após a conclusão favorável da petição que implique mudança nas instruções de uso, de acordo com §6º do art. 3º da Resolução de Diretoria Colegiada - RDC nº 431, de 13 de outubro de 2020.</p><p>Art. 3° Esta Resolução entra em vigor na data de sua publicação.</p><p class="assina">AUGUSTO BENCKE GEYER</p><p class="anexo">ANEXO</p><p>NOME DA EMPRESA / CNPJ</p><p>NOME COMERCIAL</p><p>NUMERO DO PROCESSO / REGISTRO</p><p>PETIÇÃO(ÕES) / EXPEDIENTE(S)</p><p>Agilent technologies brasil ltda / 03.290.250/0001-00</p><p>Família de Marcador de Carcinoma Geral - Dako Omnis</p><p>25351.024309/2022-50 / 80000230083</p><p>8017 - IVD - Registro de produtos importados em família / 4206995225</p><p>BIOSUL PRODUTOS DIAGNOSTICOS LTDA - ME / 05.905.525/0001-90</p><p>HIV 1 e 2</p><p>25351.500318/2022-51 / 80474870107</p><p>8433 - IVD - Registro de produto / 2478323224</p><p>Toxo IgG/IgM</p><p>25351.511742/2022-21 / 80474870108</p><p>8433 - IVD - Registro de produto / 2540434222</p><p>Dengue IgG/IgM</p><p>25351.500316/2022-61 / 80474870106</p><p>8433 - IVD - Registro de produto / 2478317220</p><p>Cepheid Brasil Importação, Exportação e Comércio de Produtos de Diagnósticos ltda / 18.628.083/0001-23</p><p>Xpert® Xpress CoV-2/Flu/RSV plus</p><p>25351.042948/2022-05 / 81062710050</p><p>8433 - IVD - Registro de produto / 0335424225</p><p>DIAGNÓSTICA INDÚSTRIA E COMÉRCIO LTDA - ME / 11.462.456/0001-90</p><p>D-dímero RAPID TEST</p><p>25351.531063/2022-78 / 80638720221</p><p>8433 - IVD - Registro de produto / 2685519220</p><p>DKT DO BRASIL PRODUTOS DE USO PESSOAL LTDA / 38.756.680/0001-40</p><p>PRUDENCE TEXTURIZADO INTENSO</p><p>25351.855913/2021-40 / 10208250054</p><p>8029 - MATERIAL - Registro de Famílias de Material de Uso Médico / 4671044212</p><p>PRUDENCE</p><p>25351.049960/2021-51 / 10208250053</p><p>8029 - MATERIAL - Registro de Famílias de Material de Uso Médico / 3127890216</p><p>HELCA IMPORTAÇÃO, EXPORTAÇÃO E COMÉRCIO DE MATERIAL CIRÚRGICO LTDA / 00.004.286/0001-83</p><p>PARAFUSO TOOL PRO EM TITÂNIO NÃO ESTÉRIL</p><p>25351.357498/2021-63 / 10242780146</p><p>80093 - MATERIAL - Registro de Família de Material Implantável em Ortopedia / 3734120211</p><p>JJGC INDÚSTRIA E COMÉRCIO DE MATERIAIS DENTÁRIOS S.A. / 00.489.050/0001-84</p><p>Pilares provisórios em titânio Straumann</p><p>25351.504127/2022-68 / 10344420418</p><p>8029 - MATERIAL - Registro de Famílias de Material de Uso Médico / 2518409221</p><p>MINDRAY DO BRASIL COMÉRCIO E DISTRIBUIÇÃO DE EQUIPAMENTOS MÉDICOS LTDA. / 09.058.456/0001-87</p><p>Ventilador</p><p>25351.281371/2022-47 / 80943610160</p><p>8052 - EQUIPAMENTO - Registro de Família de Equipamentos para Saúde, de Médio e Pequeno Porte / 4520526224</p><p>Penumbra Latin America Distribuidora de Equipamentos e Produtos Médicos Ltda / 21.873.761/0001-28</p><p>Sistema de Aspiração INDIGO - CAT 8 angulado</p><p>25351.843310/2021-03 / 81248520037</p><p>8543 - MATERIAL - Registro de Sistema de Material de Uso Médico / 2957292214</p><p>QR CONSULTING, IMPORTACAO E DISTRIBUICAO DE PRODUTOS MEDICOS LTDA / 19.933.144/0001-29</p><p>Implantes Laminares Oculfit</p><p>25351.578011/2021-84 / 81325990206</p><p>8029 - MATERIAL - Registro de Famílias de Material de Uso Médico / 4157691218</p><p>ROCHE DIAGNÓSTICA BRASIL LTDA / 30.280.358/0001-86</p><p>Família Elecsys HSV-1 IgG</p><p>25351.548719/2022-91 / 10287411615</p><p>8017 - IVD - Registro de produtos importados em família / 2728936222</p><p>Família Elecsys HSV-2 IgG</p><p>25351.548720/2022-16 / 10287411616</p><p>8017 - IVD - Registro de produtos importados em família / 2728939227</p><p>Smith &amp; Nephew Comércio de Produtos Médicos Ltda. / 13.656.820/0001-88</p><p>Parafusos QFX Smith &amp; Nephew</p><p>25351.057251/2022-21 / 80804050329</p><p>80093 - MATERIAL - Registro de Família de Material Implantável em Ortopedia / 0433239223</p><p>VR MEDICAL IMPORTADORA E DISTRIBUIDORA DE PRODUTOS MÉDICOS LTDA / 04.718.143/0001-94</p><p>Sistema de monitoramento central</p><p>25351.232159/2022-56 / 80102512867</p><p>80273 - EQUIPAMENTO - Registro de Família de Software Médico / 4475266221</p><p>Nº de Processos : 17</p><p>Total de Empresas : 13</p>]]></Texto>
  </body>
  <Midias />
</article></xml>