﻿<xml><article id="27752876" name="PUBL. 57" idOficio="9060804" pubName="DO1" artType="Despacho" pubDate="30/08/2022" artClass="00020:00032:00005:00002:00000:00000:00000:00000:00000:00000:00024:00000" artCategory="Ministério da Justiça e Segurança Pública/Secretaria Nacional de Justiça/Departamento de Migrações/Coordenação-Geral de Imigração Laboral" artSize="12" artNotes="" numberPage="209" pdfPage="http://pesquisa.in.gov.br/imprensa/jsp/visualiza/index.jsp?data=30/08/2022&amp;jornal=515&amp;pagina=209" editionNumber="165" highlightType="" highlightPriority="" highlight="" highlightimage="" highlightimagename="" idMateria="19845077">
  <body>
    <Identifica><![CDATA[ DESPACHOS DE 29 DE AGOSTO DE 2022]]></Identifica>
    <Data><![CDATA[]]></Data>
    <Ementa />
    <Titulo />
    <SubTitulo />
    <Texto><![CDATA[<p class="identifica">DESPACHOS DE 29 DE AGOSTO DE 2022</p><p>O Coordenador-Geral de Imigração Laboral, no uso de suas atribuições, deferiu os seguintes pedidos de autorização de residência, constantes dos ofícios ao MRE nº 403/2022 de 24/08/2022, 404/2022 de 24/08/2022, 406/2022 de 25/08/2022, 407/2022 de 25/08/2022, 408/2022 de 26/08/2022 e 409/2022 de 26/08/2022, respectivamente:</p><p /><p></p><table><tr /><tr><td rowspan="1" colspan="1"><p>Residência Prévia - RESOLUÇÃO NORMATIVA 02/2017</p></td></tr></table><p>Processo: 08228.006222/2022-13 Requerente: LEONARDO FERREIRA ABDULMASSIH Prazo: 1 Ano Imigrante: MOHAMMAD SAMI HAMMAD JAMEA Data Nascimento: 01/04/1990 Passaporte: T1069632 País: JORDÂNIA Mãe: KEFAH ABDELKHALEQ SALEM NAHLEH Pai: SAMI HAMMAD JAMEA.</p><p>Processo: 08228.007677/2022-31 Requerente: FLORA FLORESTA DO ARAGUAIA CONSERVAS ALIMENTICIAS LTDA Prazo: 2 Anos Imigrante: YANIER RODRÍGUEZ DULZAIDES Data Nascimento: 24/04/1992 Passaporte: L135057 País: CUBA Mãe: NORMA DULZAIDES BERNAL Pai: OMAR RODRÍGUEZ SUÁREZ.</p><p>Processo: 08228.007809/2022-23 Requerente: X-DRONES VENDAS E MANUTENCAO EIRELI Prazo: 2 Anos Imigrante: XUANYU HUA Data Nascimento: 17/08/1971 Passaporte: E89241932 País: CHINA Mãe: QIYING LI Pai: BINGDE HUA.</p><p>Processo: 08228.009039/2022-53 Requerente: INVENTA APP LTDA Prazo: 2 Anos Imigrante: Miguel-Isaac Salama Abadie Data Nascimento: 22/03/1992 Passaporte: PAK566938 País: ESPANHA Mãe: Anne-Marie Abadie Boussard Pai: Jaime Salama Benoliel.</p><p>Processo: 08228.009065/2022-81 Requerente: NSK BRASIL LTDA Prazo: 24 Meses Imigrante: NORIFUMI TAKEDA Data Nascimento: 20/09/1990 Passaporte: TT2205259 País: JAPÃO Mãe: SACHIKO TAKEDA Pai: TOSHIHIKO TAKEDA.</p><p>Processo: 08228.009315/2022-83 Requerente: FACEBOOK SERVICOS ONLINE DO BRASIL LTDA. Prazo: 2 Anos Imigrante: MOHAMMAD USMAN ZIA Data Nascimento: 09/01/1991 Passaporte: 545418774 País: ESTADOS UNIDOS Mãe: Farah Abid Pai: Zia Uddin.</p><p>Processo: 08228.009325/2022-19 Requerente: SUMIDENSO DO BRASIL INDUSTRIAS ELETRICAS LTDA Prazo: 24 Meses Imigrante: RYO KOBAYASHI Data Nascimento: 23/06/1988 Passaporte: TT2116324 País: JAPÃO Mãe: MINAKO KOBAYASHI Pai: SHIGEYA KOBAYASHI.</p><p>Processo: 08228.009387/2022-21 Requerente: STANDARD &amp; POOR'S RATINGS DO BRASIL LTDA Prazo: 2 Anos Imigrante: Filix Gomez Carrillo Data Nascimento: 25/02/1986 Passaporte: G13688551 País: MÉXICO Mãe: Julieta Laura Carrillo Uribe Pai: Moises Gomez Guevara.</p><p>Processo: 08228.009558/2022-11 Requerente: CMOC BRASIL MINERACAO, INDUSTRIA E PARTICIPACOES LTDA. Prazo: 2 Anos Imigrante: LIANG CHANG Data Nascimento: 04/03/1985 Passaporte: EJ1502203 País: CHINA Mãe: Guilan Geng Pai: Zengshou Chang.</p><p>Processo: 08228.010171/2022-16 Requerente: BXS TECIDOS LTDA Prazo: 02 Anos Imigrante: YANG ZHAO Data Nascimento: 14/09/1970 Passaporte: E11367594 País: CHINA Mãe: AIZHEN HAN Pai: QUN ZHAO.</p><p>Processo: 08228.009820/2022-28 Requerente: FANNY MINI PRESENTES EIRELI Prazo: 2 Anos Imigrante: Zhiqiang Huang Data Nascimento: 21/09/1998 Passaporte: EJ5862853 País: CHINA Mãe: Qin Guan Pai: Wenlong Huang.</p><p>Processo: 08228.009860/2022-71 Requerente: SMART TECNOLOGIA BRASIL LTDA Prazo: 2 Anos Imigrante: Yuanyuan Zhang Data Nascimento: 08/10/1983 Passaporte: E11975427 País: CHINA Mãe: Aiying Zhang Pai: Zhongyi Zhang.</p><p>Processo: 08228.009969/2022-15 Requerente: ASSOCIACAO BRITANICA DE EDUCACAO Prazo: 02 Anos Imigrante: MANJULA BELLAMKONDA Data Nascimento: 29/06/1972 Passaporte: Z3592921 País: ÍNDIA Mãe: SHAKUNTALA PUVVULA Pai: SATYA NARAYANA PUVVULA.</p><p>Processo: 08228.010048/2022-97 Requerente: DOW BRASIL INDUSTRIA E COMERCIO DE PRODUTOS QUIMICOS LTDA Prazo: 2 Anos Imigrante: Andrew Gregory Madsen Data Nascimento: 21/10/1982 Passaporte: 566613883 País: ESTADOS UNIDOS Mãe: Robin Carrie Hackett Pai: Gregory Robert Madsen.</p><p>Processo: 08228.010325/2022-61 Requerente: MINISOL MERCADO LTDA Prazo: 2 Anos Imigrante: JIAN SHI Data Nascimento: 16/04/1987 Passaporte: EJ5896087 País: CHINA Mãe: XIANGQIN SHI Pai: YOUYI SHI.</p><p>Processo: 08228.010335/2022-13 Requerente: C&amp;L COMERCIO DE PRESENTE LTDA Prazo: 2 Anos Imigrante: GUOWEI WANG Data Nascimento: 05/02/1986 Passaporte: E29068682 País: CHINA Mãe: CHENGLAN QIU Pai: CAILING WANG.</p><p>Processo: 08228.010442/2022-25 Requerente: HUAWEI DO BRASIL TELECOMUNICACOES LTDA Prazo: 02 Anos Imigrante: ZHEFENG JIN Data Nascimento: 12/07/1978 Passaporte: EJ5246416 País: CHINA Mãe: SHUYING REN Pai: YUDONG JIN.</p><p>Processo: 08228.010516/2022-23 Requerente: CARMO ENERGY S.A. Prazo: 02 Anos Imigrante: JAIME CERROLAZA SANZ Data Nascimento: 09/12/1989 Passaporte: PAM210475 País: ESPANHA Mãe: ANA MARIA SANZ HERRERO Pai: JAIME CERROLAZA ARAGON.</p><p>Processo: 08228.010543/2022-12 Requerente: PIRELLI PNEUS LTDA. Prazo: 02 Anos Imigrante: ALESSANDRO CAIRATI Data Nascimento: 16/09/1990 Passaporte: YB3297779 País: ITÁLIA Mãe: LOREDANA RANZANI Pai: ALBERTO VIRGINIO CAIRATI.</p><p>Processo: 08228.010548/2022-29 Requerente: JIANG HONG Prazo: 2 Anos Imigrante: JUNSHENG ZHENG Data Nascimento: 26/05/1981 Passaporte: EJ3605319 País: CHINA Mãe: GUIZHEN XIANG Pai: HONGGEN ZHENG.</p><p>Processo: 08228.010729/2022-55 Requerente: EQUINOR BRASIL ENERGIA LTDA. Prazo: 2 Anos Imigrante: Oluwagbenga Banzi Olorunju Data Nascimento: 13/08/1982 Passaporte: 31773222 País: NORUEGA Mãe: PHINDILE ESTHER LUKHELE OLORUNJU Pai: SHADE AJAYI STEVE OLORUNJU.</p><p>Processo: 08228.010749/2022-26 Requerente: RESORT MIRAMAR BRASIL LTDA Prazo: 01 Ano Imigrante: ANGEL SANCHEZ RUBIO Data Nascimento: 29/12/1973 Passaporte: PAA073775 País: ESPANHA Mãe: MARIA JOSEFA RUBIO SANCHEZ Pai: ANGEL JUAN SANCHEZ NIETO.</p><p>Processo: 08228.010736/2022-57 Requerente: DANG PENG COMERCIO DE PRESENTES LTDA Prazo: 2 Anos Imigrante: Wenkang Wu Data Nascimento: 12/04/1992 Passaporte: E98999073 País: CHINA Mãe: Xiaolan Mo Pai: Pinliang Wu.</p><p>Processo: 08228.010809/2022-19 Requerente: COMERCIAL HKANA INDIANA EIRELI Prazo: 02 Anos Imigrante: RUMAL SINGH Data Nascimento: 15/07/1987 Passaporte: m7578809 País: ÍNDIA Mãe: BHAGDEI DEVI Pai: HARI SINGH.</p><p>Processo: 08228.010779/2022-32 Requerente: ASSOCIACAO CHINESA DE EDUCACAO Prazo: 02 Anos Imigrante: BAI SHAOFENG Data Nascimento: 10/03/1987 Passaporte: EI 17285350 País: CHINA Mãe: Yueling Wu Pai: Yingfang Bai.</p><p>Processo: 08228.010783/2022-17 Requerente: YOOLIFE COMERCIO DE BIJUTERIAS LTDA Prazo: 2 Anos Imigrante: QINGSHUANG ZHENG Data Nascimento: 18/09/1989 Passaporte: E33362895 País: CHINA Mãe: JUNMING SHE Pai: GUOFU ZHENG.</p><p>Processo: 08228.010834/2022-94 Requerente: CHARME AZUL BAR E KARAOKE EIRELI Prazo: 02 Anos Imigrante: KWOK WAI TSOI Data Nascimento: 26/09/1987 Passaporte: K06458174 País: HONG KONG Mãe: Ampa, Lak Pai: Tsoi, Wai Chong.</p><p>Processo: 08228.010869/2022-23 Requerente: FCA FIAT CHRYSLER AUTOMOVEIS BRASIL LTDA. Prazo: 2 Anos Imigrante: ALESSANDRO TORO Data Nascimento: 06/01/1984 Passaporte: YA5092164 País: ITÁLIA Mãe: CLARA CARDINALE Pai: FRANCESCO TORO.</p><p>Processo: 08228.010897/2022-41 Requerente: WOOJU TEX COMERCIO IMPORTACAO E EXPORTACAO EIRELI Prazo: 2 Anos Imigrante: BO HONG Data Nascimento: 21/09/1986 Passaporte: EE7248893 País: CHINA Mãe: Youmei Hong Pai: Zhaolin Hong.</p><p /><p></p><table><tr /><tr><td rowspan="1" colspan="1"><p>Residência Prévia - RESOLUÇÃO NORMATIVA 03/2017 (Art. 2º)</p></td></tr></table><p>Processo: 08228.008512/2022-85 Requerente: FRAMO DO BRASIL LTDA Prazo: 1 Ano Imigrante: Martin Wold Johnsen Data Nascimento: 14/11/1986 Passaporte: 31811601 País: NORUEGA.</p><p>Processo: 08228.008518/2022-52 Requerente: FRAMO DO BRASIL LTDA Prazo: 1 Ano Imigrante: Joachim Mellingen Hamre Data Nascimento: 19/05/1990 Passaporte: CCC340213 País: NORUEGA.</p><p>Processo: 08228.008940/2022-16 Requerente: STIHL FERRAMENTAS MOTORIZADAS LTDA. Prazo: 1 Ano Imigrante: Niklas Joshua Oesterle Data Nascimento: 17/07/1997 Passaporte: C86HKHK8Z País: ALEMANHA.</p><p>Processo: 08228.009955/2022-93 Requerente: TRANSOCEAN BRASIL LTDA Prazo: 1 Ano Imigrante: Scott Donald Data Nascimento: 20/07/1996 Passaporte: 527980968 País: GRÃ-BRETANHA.</p><p>Processo: 08228.009964/2022-84 Requerente: TT STEEL DO BRASIL INDUSTRIA METALURGICA LTDA. Prazo: 180 Dias Imigrante: TADAKATSU SUETAKE Data Nascimento: 27/05/1963 Passaporte: TT1379366 País: JAPÃO.</p><p>Processo: 08228.010362/2022-71 Requerente: GUARA-NORTE OPERACOES MARITIMAS LTDA Prazo: 1 Ano Imigrante: Michiel Kornelis Heuven Data Nascimento: 28/11/1973 Passaporte: 529525447 País: ESTADOS UNIDOS.</p><p>Processo: 08228.010368/2022-47 Requerente: HELIX DO BRASIL SERVICOS DE PETROLEO LTDA Prazo: 1 Ano Imigrante: Paul Joseph MacPhee Data Nascimento: 01/09/1978 Passaporte: 537214307 País: GRÃ-BRETANHA.</p><p>Processo: 08228.010376/2022-93 Requerente: SUBSEA7 DO BRASIL SERVICOS LTDA Prazo: 1 Ano Imigrante: Adam Hendry Data Nascimento: 07/10/1975 Passaporte: 533621246 País: GRÃ-BRETANHA.</p><p>Processo: 08228.010406/2022-61 Requerente: PIRELLI PNEUS LTDA. Prazo: 180 Dias Imigrante: GHEORGHE PAULET Data Nascimento: 27/07/1975 Passaporte: YA6959324 País: ITÁLIA.</p><p>Processo: 08228.010427/2022-87 Requerente: 4U CONSTRUCOES LTDA Prazo: 01 Ano Imigrante: CRISTIAN ALBERTO LOPEZ PALOMO Data Nascimento: 13/02/1983 Passaporte: G42626785 País: MÉXICO.</p><p>Processo: 08228.010445/2022-69 Requerente: FIELDCORE SERVICE SOLUTIONS INTERNATIONAL SERVICOS DE ENERGIA LTDA. Prazo: 1 Ano Imigrante: OLIVIER ANDREE MORALES AQUINO Data Nascimento: 05/10/1989 Passaporte: 119256198 País: PERU.</p><p>Processo: 08228.010446/2022-11 Requerente: FIELDCORE SERVICE SOLUTIONS INTERNATIONAL SERVICOS DE ENERGIA LTDA. Prazo: 1 Ano Imigrante: AYHAN ISIK Data Nascimento: 06/11/1973 Passaporte: U23785609 País: TURQUIA.</p><p>Processo: 08228.010471/2022-97 Requerente: BERNECK S.A. PAINEIS E SERRADOS Prazo: 1 Ano Imigrante: ARMIN WEBER Data Nascimento: 18/04/1994 Passaporte: CFPCO4Z9G País: ALEMANHA.</p><p>Processo: 08228.010523/2022-25 Requerente: APR ENERGY DO BRASIL LTDA. Prazo: 1 Ano Imigrante: LUCIANO JORRATT Data Nascimento: 28/10/1985 Passaporte: AAG713295 País: ARGENTINA.</p><p>Processo: 08228.010544/2022-41 Requerente: TECHNIP BRASIL - ENGENHARIA, INSTALACOES E APOIO MARITIMO LTDA. Prazo: 01 Ano Imigrante: RENAUD XAVIER FABIEN DEFRANCE Data Nascimento: 29/04/1987 Passaporte: 20DH15601 País: FRANÇA.</p><p>Processo: 08228.010555/2022-21 Requerente: WINDMOELLER &amp; HOELSCHER DO BRASIL LTDA Prazo: 1 Ano Imigrante: Martin Welp Data Nascimento: 11/04/1961 Passaporte: C2JP43V74 País: ALEMANHA.</p><p>Processo: 08228.010557/2022-11 Requerente: WINDMOELLER &amp; HOELSCHER DO BRASIL LTDA Prazo: 1 Ano Imigrante: Christian Wolfgang Scholz Data Nascimento: 26/01/1983 Passaporte: C7H1NOC97 País: ALEMANHA.</p><p>Processo: 08228.010559/2022-17 Requerente: WINDMOELLER &amp; HOELSCHER DO BRASIL LTDA Prazo: 1 Ano Imigrante: Christoph Korte Data Nascimento: 02/02/1973 Passaporte: C2GJKXXYJ País: ALEMANHA.</p><p>Processo: 08228.010560/2022-33 Requerente: WINDMOELLER &amp; HOELSCHER DO BRASIL LTDA Prazo: 1 Ano Imigrante: JORG HENRICH FRIEDRICH SCHAPERKLAUS Data Nascimento: 07/04/1961 Passaporte: C7HGNJGWL País: ALEMANHA.</p><p>Processo: 08228.010565/2022-66 Requerente: WINDMOELLER &amp; HOELSCHER DO BRASIL LTDA Prazo: 1 Ano Imigrante: Stefan Kloppenborg Data Nascimento: 01/11/1969 Passaporte: C2GCJRZFW País: ALEMANHA.</p><p>Processo: 08228.010578/2022-35 Requerente: 4U CONSTRUCOES LTDA Prazo: 1 Ano Imigrante: JOSE ALFREDO HERRERA MONTERO Data Nascimento: 26/09/1968 Passaporte: PAB805553 País: ESPANHA.</p><p>Processo: 08228.010588/2022-71 Requerente: SIEMENS INFRAESTRUTURA E INDUSTRIA LTDA. Prazo: 1 Ano Imigrante: Tobias Leimbach Data Nascimento: 31/07/1972 Passaporte: CG8NR9N83 País: ALEMANHA.</p><p>Processo: 08228.010592/2022-39 Requerente: ELETRA INDUSTRIA E COMERCIO DE MEDIDORES ELETRICOS LTDA Prazo: 1 Ano Imigrante: WEI GAO Data Nascimento: 05/07/1996 Passaporte: EJ5649484 País: CHINA.</p><p>Processo: 08228.010591/2022-94 Requerente: MARINE PRODUCTION SYSTEMS DO BRASIL LTDA Prazo: 12 Meses Imigrante: SURAJ PRAKASH LAHARIYA Data Nascimento: 02/12/1990 Passaporte: N4690356 País: ÍNDIA.</p><p>Processo: 08228.010644/2022-77 Requerente: ANDRITZ BRASIL LTDA Prazo: 1 Ano Imigrante: Johanna Maria Andrietta Brink Data Nascimento: 31/10/1997 Passaporte: FP4256137 País: FINLÂNDIA.</p><p>Processo: 08228.010646/2022-66 Requerente: ANDRITZ BRASIL LTDA Prazo: 1 Ano Imigrante: Minna Karoliina Ukkonen Data Nascimento: 24/11/1995 Passaporte: FP5268386 País: FINLÂNDIA.</p><p>Processo: 08228.010673/2022-39 Requerente: CHIMAQ COMERCIO DE MAQUINAS E FERRAMENTAS LTDA. Prazo: 180 Dias Imigrante: YONG CHEN Data Nascimento: 06/11/1965 Passaporte: EJ5641047 País: CHINA.</p><p>Processo: 08228.010705/2022-12 Requerente: TECHNIP BRASIL - ENGENHARIA, INSTALACOES E APOIO MARITIMO LTDA. Prazo: 1 Ano Imigrante: JOSE MIGUEL DE SOUSA CARVALHO TEIXEIRA Data Nascimento: 19/06/1985 Passaporte: CB801075 País: PORTUGAL.</p><p>Processo: 08228.010706/2022-41 Requerente: BENTHIC DO BRASIL LTDA Prazo: 1 Ano Imigrante: JOSEPH BURNETT SYLVIA Data Nascimento: 08/08/1997 Passaporte: 670411461 País: ESTADOS UNIDOS.</p><p>Processo: 08228.010716/2022-86 Requerente: BENTHIC DO BRASIL LTDA Prazo: 1 Ano Imigrante: JOSEPH MICHAEL COUGHLIN Data Nascimento: 27/05/1981 Passaporte: A01776353 País: ESTADOS UNIDOS.</p><p>Processo: 08228.010726/2022-11 Requerente: MARDAM INDUSTRIA E COMERCIO DE PRODUTOS DE HIGIENE LTDA Prazo: 1 Ano Imigrante: Liu Panfeng Data Nascimento: 04/09/1991 Passaporte: E62121381 País: CHINA.</p><p>Processo: 08228.010731/2022-24 Requerente: BENTHIC DO BRASIL LTDA Prazo: 1 Ano Imigrante: MURRAY DAVID BRADY Data Nascimento: 26/11/1982 Passaporte: 124007337 País: GRÃ-BRETANHA.</p><p>Processo: 08228.010733/2022-13 Requerente: BENTHIC DO BRASIL LTDA Prazo: 1 Ano Imigrante: BRYAN ROBERT BARCLAY Data Nascimento: 26/10/1963 Passaporte: 526522669 País: GRÃ-BRETANHA.</p><p>Processo: 08228.010740/2022-15 Requerente: BENTHIC DO BRASIL LTDA Prazo: 1 Ano Imigrante: JAMIE MARK BURRIDGE Data Nascimento: 28/10/1981 Passaporte: 124308294 País: GRÃ-BRETANHA.</p><p>Processo: 08228.010737/2022-18 Requerente: SAIPEM DO BRASIL SERVICOS DE PETROLEO LTDA. Prazo: 1 Ano Imigrante: Quentin Claude Pierre Merlet Data Nascimento: 10/11/1997 Passaporte: 16AY67342 País: FRANÇA.</p><p>Processo: 08228.010748/2022-81 Requerente: EHMS TRADE COMERCIO DE EQUIPAMENTOS INDUSTRIAS LTDA Prazo: 180 Dias Imigrante: MARKKU JOHANNES VOUTILAINEN Data Nascimento: 02/04/1973 Passaporte: FP4655 158 País: FINLÂNDIA.</p><p>Processo: 08228.010743/2022-59 Requerente: BENTHIC DO BRASIL LTDA Prazo: 1 Ano Imigrante: PETER WITT MAJOR Data Nascimento: 28/01/1976 Passaporte: 533984805 País: GRÃ-BRETANHA.</p><p>Processo: 08228.010744/2022-11 Requerente: WFL MILLTURN TECHNOLOGIES MAQUINAS DE PRECISAO E SERVICOS LTDA Prazo: 180 Dias Imigrante: Christian Hollaus Data Nascimento: 26/01/1968 Passaporte: U5122000 País: ÁUSTRIA.</p><p>Processo: 08228.010746/2022-92 Requerente: SAIPEM DO BRASIL SERVICOS DE PETROLEO LTDA. Prazo: 1 Ano Imigrante: Paul Andre Raphael Lapart Data Nascimento: 21/04/1988 Passaporte: 20EC16075 País: FRANÇA.</p><p>Processo: 08228.010751/2022-11 Requerente: SAIPEM DO BRASIL SERVICOS DE PETROLEO LTDA. Prazo: 1 Ano Imigrante: Federico Marzotto Data Nascimento: 05/03/1990 Passaporte: YB5928362 País: ITÁLIA.</p><p>Processo: 08228.010753/2022-94 Requerente: BENTHIC DO BRASIL LTDA Prazo: 1 Ano Imigrante: RIZKY RAMADHANNY Data Nascimento: 06/06/1985 Passaporte: C9157986 País: INDONÉSIA.</p><p>Processo: 08228.010750/2022-51 Requerente: WFL MILLTURN TECHNOLOGIES MAQUINAS DE PRECISAO E SERVICOS LTDA Prazo: 180 Dias Imigrante: Daniel Höllinger Data Nascimento: 31/07/1986 Passaporte: P7538461 País: ÁUSTRIA.</p><p>Processo: 08228.010758/2022-17 Requerente: ESTALEIRO JURONG ARACRUZ LTDA. Prazo: 30/11/2022 Imigrante: Gabriel Danut Damir Data Nascimento: 30/05/1979 Passaporte: 059114337 País: ROMÊNIA.</p><p>Processo: 08228.010763/2022-21 Requerente: BENTHIC DO BRASIL LTDA Prazo: 1 Ano Imigrante: ELIJAH MILOS SURTSEY WILLIAMS ALIPHAT Data Nascimento: 27/04/1987 Passaporte: HK693562 País: CANADÁ.</p><p>Processo: 08228.010762/2022-85 Requerente: ESTALEIRO JURONG ARACRUZ LTDA. Prazo: 15/07/2023 Imigrante: Adrian Cheyenne Impey Data Nascimento: 16/06/1959 Passaporte: 538959501 País: GRÃ-BRETANHA.</p><p>Processo: 08228.010767/2022-16 Requerente: BENTHIC DO BRASIL LTDA Prazo: 1 Ano Imigrante: BENJAMIN CARL TUCKER Data Nascimento: 26/04/1991 Passaporte: HM276634 País: CANADÁ.</p><p>Processo: 08228.010768/2022-52 Requerente: FOXCONN BRASIL INDUSTRIA E COMERCIO LTDA Prazo: 01 Ano Imigrante: XUPENG LI Data Nascimento: 04/08/1985 Passaporte: EJ0661109 País: CHINA Imigrante: LONG ZHAO Data Nascimento: 31/10/1988 Passaporte: EJ2631193 País: CHINA.</p><p>Processo: 08228.010769/2022-13 Requerente: BENTHIC DO BRASIL LTDA Prazo: 1 Ano Imigrante: BRENT RUSSELL SMITH Data Nascimento: 20/07/1980 Passaporte: GM716314 País: CANADÁ.</p><p>Processo: 08228.010771/2022-76 Requerente: BENTHIC DO BRASIL LTDA Prazo: 1 Ano Imigrante: DAVID ROBERT GORDON WHITE Data Nascimento: 18/02/1990 Passaporte: 509318331 País: GRÃ-BRETANHA.</p><p>Processo: 08228.010772/2022-11 Requerente: BENTHIC DO BRASIL LTDA Prazo: 1 Ano Imigrante: DWI PUTRO ANDI CAHYO PATROMO Data Nascimento: 03/06/1979 Passaporte: C0796585 País: INDONÉSIA.</p><p>Processo: 08228.010773/2022-65 Requerente: BENTHIC DO BRASIL LTDA Prazo: 1 Ano Imigrante: LEWIS DAVID ROBERTSON Data Nascimento: 06/10/1990 Passaporte: 524667568 País: GRÃ-BRETANHA.</p><p>Processo: 08228.010774/2022-18 Requerente: BENTHIC DO BRASIL LTDA Prazo: 1 Ano Imigrante: KYLE RODNEY MCDONALD Data Nascimento: 26/02/1994 Passaporte: HM200542 País: CANADÁ.</p><p>Processo: 08228.010775/2022-54 Requerente: BENTHIC DO BRASIL LTDA Prazo: 1 Ano Imigrante: PATRICK TRISTAN OLIVER JAMES Data Nascimento: 12/05/1991 Passaporte: 535961384 País: GRÃ-BRETANHA.</p><p>Processo: 08228.010782/2022-56 Requerente: HITACHI ENERGY BRASIL LTDA. Prazo: 1 Ano Imigrante: LUIS VIRGILIO BARBOSA RODRIGUEZ Data Nascimento: 05/08/1977 Passaporte: AX313862 País: COLÔMBIA.</p><p>Processo: 08228.010820/2022-71 Requerente: ONESUBSEA DO BRASIL SERVICOS SUBMARINOS LTDA Prazo: 01 Ano Imigrante: ANDREW NEIL EAGLEN Data Nascimento: 01/03/1970 Passaporte: 548370879 País: GRÃ-BRETANHA.</p><p>Processo: 08228.010818/2022-18 Requerente: ONESUBSEA DO BRASIL SERVICOS SUBMARINOS LTDA Prazo: 1 Ano Imigrante: KRZYSZTOF MARIAN BYCZKOWSKI Data Nascimento: 18/11/1982 Passaporte: EK5841132 País: POLÔNIA.</p><p>Processo: 08228.010787/2022-89 Requerente: GMA DO BRASIL REVESTIMENTOS LTDA Prazo: 1 Ano Imigrante: Fabio Marchesan Data Nascimento: 22/11/1969 Passaporte: YA6672736 País: ITÁLIA.</p><p>Processo: 08228.010791/2022-47 Requerente: BENTHIC DO BRASIL LTDA Prazo: 1 Ano Imigrante: DAVID JOHN BOWDIDGE Data Nascimento: 07/11/1974 Passaporte: 533169809 País: GRÃ-BRETANHA.</p><p>Processo: 08228.010792/2022-91 Requerente: BERNECK S.A. PAINEIS E SERRADOS Prazo: 1 Ano Imigrante: JENS ANDREAS RETSCHKE Data Nascimento: 09/07/1974 Passaporte: C7YNPFPCO País: ALEMANHA.</p><p>Processo: 08228.010794/2022-81 Requerente: BENTHIC DO BRASIL LTDA Prazo: 1 Ano Imigrante: KRISTIAN JAMES THOMAS JOHNS Data Nascimento: 08/01/1993 Passaporte: 559752479 País: GRÃ-BRETANHA.</p><p>Processo: 08228.010795/2022-25 Requerente: BENTHIC DO BRASIL LTDA Prazo: 1 Ano Imigrante: LEIGH DAVID CARRIER Data Nascimento: 18/02/1979 Passaporte: 675342805 País: ESTADOS UNIDOS.</p><p>Processo: 08228.010799/2022-11 Requerente: WFL MILLTURN TECHNOLOGIES MAQUINAS DE PRECISAO E SERVICOS LTDA Prazo: 180 Dias Imigrante: David Wimmer Data Nascimento: 22/12/1992 Passaporte: P7799937 País: ÁUSTRIA.</p><p>Processo: 08228.010800/2022-16 Requerente: BENTHIC DO BRASIL LTDA Prazo: 1 Ano Imigrante: DOUGLAS COREY TYMCHUK Data Nascimento: 21/10/1985 Passaporte: AC663557 País: CANADÁ.</p><p>Processo: 08228.010801/2022-44 Requerente: BENTHIC DO BRASIL LTDA Prazo: 1 Ano Imigrante: FERDI RADITYA Data Nascimento: 21/06/1989 Passaporte: C9128803 País: INDONÉSIA.</p><p>Processo: 08228.010805/2022-22 Requerente: SHEARWATER GEOSERVICES DO BRASIL LTDA Prazo: 1 Ano Imigrante: Andrew William Osborne Data Nascimento: 17/05/1970 Passaporte: 518215801 País: GRÃ-BRETANHA.</p><p>Processo: 08228.010830/2022-14 Requerente: NORDEX ENERGY BRASIL - COMERCIO E INDUSTRIA DE EQUIPAMENTOS LTDA Prazo: 01 Ano Imigrante: Iker Barriga Cuesta Data Nascimento: 07/02/1989 Passaporte: PAL937036 País: ESPANHA.</p><p>Processo: 08228.010837/2022-28 Requerente: PLACO DO BRASIL LTDA Prazo: 01 Ano Imigrante: DIRK SCHWARZ SZAMEITAT Data Nascimento: 16/11/1978 Passaporte: C6X8NRWRT País: ALEMANHA.</p><p>Processo: 08228.010836/2022-83 Requerente: NORDEX ENERGY BRASIL - COMERCIO E INDUSTRIA DE EQUIPAMENTOS LTDA Prazo: 01 Ano Imigrante: David Munoz Garcia Data Nascimento: 23/06/1978 Passaporte: PAO341230 País: ESPANHA.</p><p>Processo: 08228.010843/2022-85 Requerente: ZF DO BRASIL LTDA. Prazo: 1 Ano Imigrante: JONAS PALT Data Nascimento: 07/02/1988 Passaporte: C9T3F1LC1 País: ALEMANHA Imigrante: MANUEL WENNERS Data Nascimento: 27/09/1995 Passaporte: C9T3Z24KW País: ALEMANHA.</p><p>Processo: 08228.010844/2022-21 Requerente: VERALLIA BRASIL S.A. Prazo: 01 Ano Imigrante: Ferdinando Boa Esperança Ramos Data Nascimento: 15/04/1991 Passaporte: CC667003 País: PORTUGAL.</p><p>Processo: 08228.010845/2022-74 Requerente: VERALLIA BRASIL S.A. Prazo: 01 Ano Imigrante: Bruno Isidro Fadigas Caetano Data Nascimento: 21/05/1978 Passaporte: CC675846 País: PORTUGAL.</p><p>Processo: 08228.010846/2022-19 Requerente: ZF DO BRASIL LTDA. Prazo: 1 Ano Imigrante: FRANZ ALBERT SORG Data Nascimento: 16/01/1960 Passaporte: C9T9L4MX2 País: ALEMANHA.</p><p>Processo: 08228.010849/2022-52 Requerente: VERALLIA BRASIL S.A. Prazo: 01 Ano Imigrante: César Miguel Paulo Baroso Data Nascimento: 29/08/1977 Passaporte: CC675847 País: PORTUGAL.</p><p>Processo: 08228.010894/2022-15 Requerente: TECHNIP BRASIL - ENGENHARIA, INSTALACOES E APOIO MARITIMO LTDA. Prazo: 01 Ano Imigrante: FRANCISCO MONGE GOUVEIA Data Nascimento: 10/11/1996 Passaporte: CC006814 País: PORTUGAL.</p><p>Processo: 08228.010896/2022-12 Requerente: SBM OFFSHORE DO BRASIL LTDA. Prazo: 1 Ano Imigrante: William Mark Julian Data Nascimento: 07/04/1977 Passaporte: PW0088579 País: IRLANDA.</p><p>Processo: 08228.010895/2022-51 Requerente: TECHNIP BRASIL - ENGENHARIA, INSTALACOES E APOIO MARITIMO LTDA. Prazo: 01 Ano Imigrante: IONUT GEANA Data Nascimento: 07/05/1988 Passaporte: 17FV19334 País: FRANÇA.</p><p>Processo: 08228.010903/2022-61 Requerente: TECHNIP BRASIL - ENGENHARIA, INSTALACOES E APOIO MARITIMO LTDA. Prazo: 01 Ano Imigrante: ANDRÉ DOS REIS LOUREIRO Data Nascimento: 29/05/1997 Passaporte: CB817130 País: PORTUGAL.</p><p>Processo: 08228.010953/2022-47 Requerente: IRM ENERGIA E SERVICOS LTDA Prazo: 01 Ano Imigrante: Ryan Christopher Burns Data Nascimento: 20/05/1992 Passaporte: 124678459 País: INGLATERRA.</p><p>Processo: 08228.010957/2022-25 Requerente: BAKER HUGHES DO BRASIL LTDA Prazo: 01 Ano Imigrante: Alonzo Naelon Fernandes Data Nascimento: 22/01/1998 Passaporte: R1127421 País: GUIANA.</p><p>Processo: 08228.011003/2022-31 Requerente: METROL TECHNOLOGY (BRAZIL OPERATIONS) LTDA Prazo: 1 Ano Imigrante: Christopher David James Smith Data Nascimento: 09/03/1993 Passaporte: 521771858 País: GRÃ-BRETANHA Imigrante: Andrew Thomas Stoddart Data Nascimento: 02/02/1992 Passaporte: 564800802 País: GRÃ-BRETANHA Imigrante: Alistair Alexander Ferrie Data Nascimento: 13/03/1978 Passaporte: 562247136 País: GRÃ-BRETANHA Imigrante: Jamie Raymond Cartner Data Nascimento: 29/11/1992 Passaporte: 127882989 País: GRÃ-BRETANHA.</p><p>Processo: 08228.011002/2022-95 Requerente: NATIONAL OILWELL VARCO DO BRASIL LTDA Prazo: 1 Ano Imigrante: Bjoern-Morten Guldahl Data Nascimento: 07/08/1966 Passaporte: 33613773 País: NORUEGA.</p><p>Processo: 08228.011016/2022-17 Requerente: BRUNEL ENERGY SERVICOS LTDA Prazo: 1 Ano Imigrante: Xinxin Liu Data Nascimento: 22/05/1989 Passaporte: EF6444303 País: CHINA.</p><p>Processo: 08228.011023/2022-19 Requerente: ANDRITZ BRASIL LTDA Prazo: 1 Ano Imigrante: Marko Kalevi Fabritius Data Nascimento: 03/11/1969 Passaporte: FP5638967 País: FINLÂNDIA.</p><p>Processo: 08228.011018/2022-14 Requerente: MAHA ENERGY BRASIL LTDA. Prazo: 1 Ano Imigrante: Blair Orvel Mitchell Data Nascimento: 23/09/1961 Passaporte: AL662479 País: CANADÁ.</p><p>Processo: 08228.011019/2022-42 Requerente: MHI POWER AMERICA LATINA EIRELI Prazo: 01 Ano Imigrante: HERIBERTO GUERRERO ARCOS Data Nascimento: 02/09/1999 Passaporte: 645504587 País: ESTADOS UNIDOS.</p><p /><p></p><table><tr /><tr><td rowspan="1" colspan="1"><p>Residência Prévia - RESOLUÇÃO NORMATIVA 03/2017 (Art. 4º, §1º)</p></td></tr></table><p>Processo: 08228.012934/2022-55 Requerente: ACCIONA CONSTRUCCION S.A Prazo: 180 Dias Imigrante: DANIEL SALGADO SALAS Data Nascimento: 09/07/1985 Passaporte: PAK165942 País: ESPANHA.</p><p /><p></p><table><tr /><tr><td rowspan="1" colspan="1"><p>Residência Prévia - RESOLUÇÃO NORMATIVA 03/2017 (Art. 4º, Caput)</p></td></tr></table><p>Processo: 08228.012906/2022-38 Requerente: FMM PERNAMBUCO COMPONENTES AUTOMOTIVOS LTDA. Prazo: 180 Dias Imigrante: FRANCISCO JAVIER DEL CAMPO SANZ Data Nascimento: 12/11/1973 Passaporte: PAF996502 País: ESPANHA.</p><p>Processo: 08228.012179/2022-17 Requerente: WINDMOELLER &amp; HOELSCHER DO BRASIL LTDA Prazo: 180 Dias Imigrante: Viktor Buchorn Data Nascimento: 31/10/1981 Passaporte: C7H8564MC País: ALEMANHA.</p><p>Processo: 08228.012183/2022-77 Requerente: WINDMOELLER &amp; HOELSCHER DO BRASIL LTDA Prazo: 180 Dias Imigrante: Viktor Zentner Data Nascimento: 10/05/1963 Passaporte: C7HG6MLJ9 País: ALEMANHA.</p><p>Processo: 08228.012187/2022-55 Requerente: WINDMOELLER &amp; HOELSCHER DO BRASIL LTDA Prazo: 180 Dias Imigrante: Waldemar Born Data Nascimento: 21/04/1964 Passaporte: C2JNXPPNX País: ALEMANHA.</p><p>Processo: 08228.013087/2022-46 Requerente: WHIRLPOOL S.A Prazo: 180 Dias Imigrante: JUAN CARDONA Data Nascimento: 04/03/1965 Passaporte: 672497685 País: ESTADOS UNIDOS.</p><p>Processo: 08228.012237/2022-11 Requerente: WINDMOELLER &amp; HOELSCHER DO BRASIL LTDA Prazo: 180 Dias Imigrante: Alexander Walger Data Nascimento: 19/07/1965 Passaporte: C7HXN579R País: ALEMANHA.</p><p>Processo: 08228.012245/2022-41 Requerente: WINDMOELLER &amp; HOELSCHER DO BRASIL LTDA Prazo: 180 Dias Imigrante: Hartmut Frank Bartmann Data Nascimento: 27/12/1967 Passaporte: C6WZNX7PL País: ALEMANHA.</p><p>Processo: 08228.012261/2022-33 Requerente: WINDMOELLER &amp; HOELSCHER DO BRASIL LTDA Prazo: 180 Dias Imigrante: Mahmut Akbulut Data Nascimento: 10/04/1970 Passaporte: C2CTYNFLR País: ALEMANHA.</p><p>Processo: 08228.012732/2022-11 Requerente: DANOBAT DO BRASIL LTDA Prazo: 180 Dias Imigrante: ANGEL LOIDI ZORRAQUIN Data Nascimento: 12/12/1973 Passaporte: PAA714741 País: ESPANHA.</p><p>Processo: 08228.012782/2022-91 Requerente: CBM LOGISTICA, COMERCIO, IMPORTACAO E EXPORTACAO LTDA. Prazo: 180 Dias Imigrante: Oskar Mader Data Nascimento: 14/12/1968 Passaporte: YA4701246 País: ITÁLIA.</p><p>Processo: 08228.012907/2022-82 Requerente: THYSSENKRUPP INDUSTRIAL SOLUTIONS LTDA Prazo: 180 Dias Imigrante: MATTHIAS HILDEBRANDT Data Nascimento: 28/02/1981 Passaporte: C26JLLVT9 País: ALEMANHA.</p><p>Processo: 08228.012967/2022-11 Requerente: PMC AUTOMOTIVA DO BRASIL LTDA Prazo: 180 Dias Imigrante: SALVATORE DELLA SALA Data Nascimento: 23/03/1964 Passaporte: YA9037994 País: ITÁLIA.</p><p>Processo: 08228.013020/2022-11 Requerente: BRUNEL ENERGY SERVICOS LTDA Prazo: 180 Dias Imigrante: Sankar Ganesan Data Nascimento: 17/11/1980 Passaporte: Z1940821 País: ÍNDIA.</p><p>Processo: 08228.013041/2022-27 Requerente: KHS INDUSTRIA DE MAQUINAS LTDA Prazo: 180 Dias Imigrante: FABIAN KOHAN Data Nascimento: 07/04/1993 Passaporte: C303CJ3Y9 País: ALEMANHA.</p><p>Processo: 08228.013044/2022-61 Requerente: KHS INDUSTRIA DE MAQUINAS LTDA Prazo: 180 Dias Imigrante: NORMAN BECKMANN Data Nascimento: 21/12/1995 Passaporte: C7P86LXFT País: ALEMANHA.</p><p>Processo: 08228.013163/2022-13 Requerente: WARTSILA BRASIL LTDA. Prazo: 180 Dias Imigrante: JOSE DE LA FUENTE TABERNA Data Nascimento: 04/02/1964 Passaporte: AAJ890044 País: ESPANHA.</p><p /><p></p><table><tr /><tr><td rowspan="1" colspan="1"><p>Residência Prévia - RESOLUÇÃO NORMATIVA 04/2017</p></td></tr></table><p>Processo: 08228.010094/2022-96 Requerente: RSM BRASIL CONSULTORES ASSOCIADOS SOCIEDADE SIMPLES LIMITADA Prazo: 01 Ano Imigrante: MICHAEL FRANK EDWARDS Data Nascimento: 24/10/1979 Passaporte: A02551744 País: ESTADOS UNIDOS.</p><p>Processo: 08228.010101/2022-51 Requerente: RSM BRASIL CONSULTORES ASSOCIADOS SOCIEDADE SIMPLES LIMITADA Prazo: 01 Ano Imigrante: DANIEL ALBERTO JIMENEZ Data Nascimento: 08/03/1994 Passaporte: 541201661 País: ESTADOS UNIDOS.</p><p>Processo: 08228.010123/2022-11 Requerente: RSM BRASIL CONSULTORES ASSOCIADOS SOCIEDADE SIMPLES LIMITADA Prazo: 01 Ano Imigrante: CARMEN ADRIANA SANCHEZ Data Nascimento: 23/08/1984 Passaporte: 503192675 País: ESTADOS UNIDOS.</p><p>Processo: 08228.010145/2022-81 Requerente: ASSOCIACAO BRASILEIRA D'A IGREJA DE JESUS CRISTO DOS SANTOS DOS ULTIMOS DIAS Prazo: 1 Ano Imigrante: MATTHEW JAY ZUNDEL Data Nascimento: 28/11/1971 Passaporte: 664344423 País: ESTADOS UNIDOS.</p><p>Processo: 08228.010147/2022-79 Requerente: RSM BRASIL CONSULTORES ASSOCIADOS SOCIEDADE SIMPLES LIMITADA Prazo: 01 Ano Imigrante: PHILIP ANDREW HEATHER Data Nascimento: 25/12/1982 Passaporte: 651088391 País: ESTADOS UNIDOS.</p><p>Processo: 08228.010257/2022-31 Requerente: RSM BRASIL CONSULTORES ASSOCIADOS SOCIEDADE SIMPLES LIMITADA Prazo: 01 Ano Imigrante: SAMUEL TAYLER KLEISS Data Nascimento: 20/07/1991 Passaporte: 673051653 País: ESTADOS UNIDOS.</p><p>Processo: 08228.010681/2022-85 Requerente: MILVENTOS DO BRASIL ENERGIA RENOVAVEL LTDA Prazo: 01 Ano Imigrante: GERSON OBED MUÑOZ PEREZ Data Nascimento: 01/10/1996 Passaporte: G36722934 País: MÉXICO.</p><p>Processo: 08228.010713/2022-42 Requerente: ACG DO BRASIL S/A Prazo: 01 Ano Imigrante: GLEN JESUS GODINHO Data Nascimento: 25/05/1969 Passaporte: U6030959 País: ÍNDIA.</p><p>Processo: 08228.010714/2022-97 Requerente: MILVENTOS DO BRASIL ENERGIA RENOVAVEL LTDA Prazo: 01 Ano Imigrante: ELODIO LOPEZ RASGADO Data Nascimento: 03/09/1974 Passaporte: G27273104 País: MÉXICO.</p><p>Processo: 08228.010719/2022-11 Requerente: ACG DO BRASIL S/A Prazo: 01 Ano Imigrante: PANKAJ SHANKAR GAIKWAD Data Nascimento: 20/08/1988 Passaporte: S7534614 País: ÍNDIA.</p><p>Processo: 08228.010724/2022-22 Requerente: ACG DO BRASIL S/A Prazo: 01 Ano Imigrante: PRAVIN BHAGAWAT WANKHEDE Data Nascimento: 23/11/1983 Passaporte: R2938484 País: ÍNDIA.</p><p>Processo: 08228.010728/2022-19 Requerente: ACG DO BRASIL S/A Prazo: 01 Ano Imigrante: ROSHAN RAGHUNATH MAHADIK Data Nascimento: 17/01/1981 Passaporte: R5586753 País: ÍNDIA.</p><p>Processo: 08228.010770/2022-21 Requerente: MILVENTOS DO BRASIL ENERGIA RENOVAVEL LTDA Prazo: 01 Ano Imigrante: JOSÉ LUIS RAMOS PÉREZ Data Nascimento: 13/02/1989 Passaporte: G38559117 País: MÉXICO.</p><p>Processo: 08228.010912/2022-51 Requerente: KONGSBERG MARITIME DO BRASIL LTDA Prazo: 1 Ano Imigrante: ANDERS NORENG Data Nascimento: 12/05/1960 Passaporte: CCC113974 País: NORUEGA.</p><p>Processo: 08228.010973/2022-18 Requerente: VAC-ALL BRASIL SERVICOS INDUSTRIAIS LTDA Prazo: 1 Ano Imigrante: MARCEL KRUGGEL Data Nascimento: 17/08/1979 Passaporte: C3NKKNG23 País: ALEMANHA.</p><p /><p></p><table><tr /><tr><td rowspan="1" colspan="1"><p>Residência Prévia - RESOLUÇÃO NORMATIVA 06/2017</p></td></tr></table><p>Processo: 08228.009385/2022-31 Requerente: EXCELERATE ENERGY COMERCIALIZADORA DE GAS NATURAL LTDA. Prazo: 31/12/2023 Imigrante: IVAN GRZUNOV Data Nascimento: 31/01/1991 Passaporte: 155332977 País: CROÁCIA.</p><p>Processo: 08228.009851/2022-89 Requerente: SEADRILL SERVICOS DE PETROLEO LTDA Prazo: 2 Anos Imigrante: Jacob Eric James Data Nascimento: 08/12/1978 Passaporte: 488107227 País: ESTADOS UNIDOS.</p><p>Processo: 08228.009884/2022-29 Requerente: PGS SUPORTE LOGISTICO E SERVICOS LTDA Prazo: 26/03/2023 Imigrante: HEINO JUL JENSEN Data Nascimento: 23/11/1964 Passaporte: 210767128 País: DINAMARCA Imigrante: FRODE TVEITEN Data Nascimento: 03/03/1963 Passaporte: 31571267 País: NORUEGA Imigrante: PAWEL KAZIMIERZ MARCINIAK Data Nascimento: 29/07/1975 Passaporte: EJ6402188 País: POLÔNIA.</p><p>Processo: 08228.010128/2022-42 Requerente: KARPOWERSHIP BRASIL ENERGIA LTDA. Prazo: 02 Anos Imigrante: Richikantana Data Nascimento: 07/07/1996 Passaporte: C4272595 País: INDONÉSIA Imigrante: Indra Lesmana Data Nascimento: 10/06/1980 Passaporte: C7386249 País: INDONÉSIA Imigrante: Aziz Muhaimin Data Nascimento: 25/09/1983 Passaporte: C8861131 País: INDONÉSIA Imigrante: Jumasdin Data Nascimento: 17/02/1976 Passaporte: C6585328 País: INDONÉSIA Imigrante: Jesse Jose Joel Weken Data Nascimento: 11/05/1984 Passaporte: C7791905 País: INDONÉSIA Imigrante: MOH ANAS Data Nascimento: 27/08/1991 Passaporte: C5462870 País: INDONÉSIA Imigrante: Ossy Adhara Mustika Data Nascimento: 05/01/1987 Passaporte: C8099997 País: INDONÉSIA Imigrante: Dadang Hilman Suherlan Data Nascimento: 16/05/1971 Passaporte: C7772396 País: INDONÉSIA Imigrante: Andi imran Data Nascimento: 24/04/1977 Passaporte: C0802465 País: INDONÉSIA Imigrante: Tarmizi Data Nascimento: 17/11/1976 Passaporte: C4823612 País: INDONÉSIA.</p><p>Processo: 08228.010505/2022-43 Requerente: KNOT MANAGEMENT DO BRASIL LTDA Prazo: 2 Anos Imigrante: Kristian Kvilhaug Data Nascimento: 17/03/1999 Passaporte: 31166898 País: NORUEGA.</p><p>Processo: 08228.010585/2022-37 Requerente: PXGEO DO BRASIL LTDA. Prazo: 06/06/2024 Imigrante: RICHARD BRENT OBDIN OLIVARES Data Nascimento: 10/12/1994 Passaporte: P1844227B País: FILIPINAS Imigrante: JOHN LESLIE WHETTON Data Nascimento: 28/03/1966 Passaporte: LM785087 País: NOVA ZELÂNDIA Imigrante: MICHEL CUDENNEC Data Nascimento: 18/01/1972 Passaporte: 15FV28973 País: FRANÇA Imigrante: LARS INGE ANDRESEN Data Nascimento: 28/10/1970 Passaporte: CCC296320 País: NORUEGA Imigrante: PAUL IVOR WILKS Data Nascimento: 17/06/1962 Passaporte: 124655017 País: GRÃ-BRETANHA Imigrante: MAURO JR. DE LEON LOPEZ Data Nascimento: 20/11/1981 Passaporte: P5626062A País: FILIPINAS Imigrante: JUSTIN HUBERT SPURRELL Data Nascimento: 01/08/1984 Passaporte: HM281870 País: CANADÁ Imigrante: LENDRA DWI LESMANA Data Nascimento: 30/03/1987 Passaporte: C3663007 País: INDONÉSIA Imigrante: MUHAMMAD FAISAL SUDIRIN Data Nascimento: 20/01/1983 Passaporte: B8589556 País: INDONÉSIA Imigrante: PETER ROBERT HEINZ NICK A SCHNEIDER Data Nascimento: 21/05/1986 Passaporte: 520644189 País: GRÃ-BRETANHA.</p><p>Processo: 08228.010583/2022-48 Requerente: PXGEO DO BRASIL LTDA. Prazo: 06/06/2024 Imigrante: VIKTOR RUD Data Nascimento: 26/09/1976 Passaporte: FG232294 País: UCRÂNIA Imigrante: TYLER STEPHEN HENRY BOLLINGER Data Nascimento: 20/03/1983 Passaporte: 511837703 País: ESTADOS UNIDOS Imigrante: SHARWIN PALANIASAMY Data Nascimento: 08/12/1989 Passaporte: A50311497 País: MALÁSIA Imigrante: STEPHEN ROBERT JAMES Data Nascimento: 09/04/1971 Passaporte: 528897480 País: GRÃ-BRETANHA Imigrante: ROBERT CODY DEKIN Data Nascimento: 27/08/1990 Passaporte: 566449717 País: ESTADOS UNIDOS.</p><p>Processo: 08228.010579/2022-81 Requerente: PXGEO DO BRASIL LTDA. Prazo: 06/06/2024 Imigrante: ALEXEY KERONEN Data Nascimento: 13/03/1978 Passaporte: 761772908 País: RÚSSIA Imigrante: BARRY SHANE JONES Data Nascimento: 07/03/1975 Passaporte: A02068166 País: ESTADOS UNIDOS Imigrante: GENEROSO JR. DULIESCO ZULUETA Data Nascimento: 29/06/1963 Passaporte: P8980747A País: FILIPINAS Imigrante: CHRISTOPHER MICHAEL VANDERBERG Data Nascimento: 02/07/1986 Passaporte: 642982466 País: ESTADOS UNIDOS Imigrante: ANDRII MELNYKOV Data Nascimento: 12/03/1988 Passaporte: FG903332 País: UCRÂNIA Imigrante: IGOR VATRENKO Data Nascimento: 04/08/1971 Passaporte: FG459304 País: UCRÂNIA Imigrante: IZABELA ZUKOWSKA Data Nascimento: 22/08/1994 Passaporte: FA6283019 País: POLÔNIA Imigrante: JAROSLAW TOMASZ FILIP Data Nascimento: 20/08/1972 Passaporte: EU8860653 País: POLÔNIA Imigrante: ABDUL RAHMAN BIN SHAMSUDIN Data Nascimento: 19/07/1982 Passaporte: A54779553 País: MALÁSIA Imigrante: DANIEL ROSS Data Nascimento: 11/04/1973 Passaporte: 548130240 País: GRÃ-BRETANHA.</p><p>Processo: 08228.010546/2022-31 Requerente: TECHNIP BRASIL - ENGENHARIA, INSTALACOES E APOIO MARITIMO LTDA. Prazo: 05/06/2024 Imigrante: LARS KRISTIAN KATRALEN LUND Data Nascimento: 23/03/1990 Passaporte: 32266544 País: NORUEGA.</p><p>Processo: 08228.010547/2022-84 Requerente: TECHNIP BRASIL - ENGENHARIA, INSTALACOES E APOIO MARITIMO LTDA. Prazo: 01/09/2023 Imigrante: DANILO BADILE SERUDO Data Nascimento: 06/12/1971 Passaporte: P8191582B País: FILIPINAS.</p><p>Processo: 08228.010554/2022-86 Requerente: SDC DO BRASIL - SERVICOS MARITIMOS LTDA. Prazo: 2 Anos Imigrante: Qiaoliang Miao Data Nascimento: 21/08/1984 Passaporte: EB0180093 País: CHINA Imigrante: Weisheng Zhuang Data Nascimento: 12/04/1995 Passaporte: EJ5607896 País: CHINA Imigrante: Xinguang Wu Data Nascimento: 19/07/1983 Passaporte: EJ5631984 País: CHINA Imigrante: Jian Wang Data Nascimento: 18/10/1991 Passaporte: EJ3079441 País: CHINA.</p><p>Processo: 08228.010556/2022-75 Requerente: VAN OORD SERVICOS DE OPERACOES MARITIMAS LTDA Prazo: 2 Anos Imigrante: John Snap Data Nascimento: 09/06/1983 Passaporte: NRBLJ9JF4 País: HOLANDA.</p><p>Processo: 08228.010564/2022-11 Requerente: SHEARWATER GEOSERVICES DO BRASIL LTDA Prazo: 31/05/2024 Imigrante: Michel Alejandro San Felipe Data Nascimento: 25/09/1974 Passaporte: P2933609B País: FILIPINAS.</p><p>Processo: 08228.010569/2022-44 Requerente: FLUMAR TRANSPORTES DE QUIMICOS E GASES LTDA Prazo: 10/08/2022 Imigrante: ALFREDO CASTAÑEDA LASERNA Data Nascimento: 13/03/1957 Passaporte: P6132102B País: FILIPINAS.</p><p>Processo: 08228.010573/2022-11 Requerente: SUBSEA7 DO BRASIL SERVICOS LTDA Prazo: 2 Anos Imigrante: Sebastian Ankowski Data Nascimento: 20/01/1975 Passaporte: EE9535257 País: POLÔNIA.</p><p>Processo: 08228.010580/2022-12 Requerente: SUBSEA7 DO BRASIL SERVICOS LTDA Prazo: 2 Anos Imigrante: Garry Ross Data Nascimento: 08/12/1975 Passaporte: 513985205 País: GRÃ-BRETANHA.</p><p>Processo: 08228.010587/2022-26 Requerente: KNOT MANAGEMENT DO BRASIL LTDA Prazo: 2 Anos Imigrante: Roderick Villanueva Buqueron Data Nascimento: 02/12/1958 Passaporte: P9603318A País: FILIPINAS.</p><p>Processo: 08228.010586/2022-81 Requerente: SUBSEA7 DO BRASIL SERVICOS LTDA Prazo: 2 Anos Imigrante: Ross Gordon Munro Data Nascimento: 19/06/1982 Passaporte: 513713910 País: GRÃ-BRETANHA.</p><p>Processo: 08228.010595/2022-72 Requerente: SUBSEA7 DO BRASIL SERVICOS LTDA Prazo: 2 Anos Imigrante: Wilfred Nienaber Data Nascimento: 29/04/1973 Passaporte: BNB1LFF78 País: HOLANDA.</p><p>Processo: 08228.010602/2022-36 Requerente: MAERSK SUPPLY SERVICE - APOIO MARITIMO LTDA Prazo: 01/11/2023 Imigrante: DAMIAN DOMINIK GASIOROWSKI Data Nascimento: 01/10/1982 Passaporte: ER1895596 País: POLÔNIA.</p><p>Processo: 08228.010626/2022-95 Requerente: MAERSK SUPPLY SERVICE - APOIO MARITIMO LTDA Prazo: 01/11/2023 Imigrante: WOJCIECH JOZEF OGRODNIK Data Nascimento: 12/02/1973 Passaporte: ET5636681 País: POLÔNIA.</p><p>Processo: 08228.010715/2022-31 Requerente: KARPOWERSHIP BRASIL ENERGIA LTDA. Prazo: 14/12/2022 Imigrante: Ali Ilker Calpan Data Nascimento: 18/02/1985 Passaporte: U20271486 País: TURQUIA Imigrante: Caglar Erginoglu Data Nascimento: 09/07/1988 Passaporte: U11076953 País: TURQUIA.</p><p>Processo: 08228.010722/2022-33 Requerente: KARPOWERSHIP BRASIL ENERGIA LTDA. Prazo: 14/12/2022 Imigrante: Kerem Dogu Karayar Data Nascimento: 10/03/1994 Passaporte: U25131674 País: TURQUIA Imigrante: Ahmet Uzun Data Nascimento: 06/09/1980 Passaporte: U23619907 País: TURQUIA.</p><p>Processo: 08228.010734/2022-68 Requerente: ALTERA PETROJARL I SERVICOS DE PETROLEO LTDA. Prazo: 08/05/2023 Imigrante: Igor Krzysztof Klosowski Data Nascimento: 05/05/1994 Passaporte: EG3236301 País: POLÔNIA.</p><p>Processo: 08228.010739/2022-91 Requerente: SUBSEA7 DO BRASIL SERVICOS LTDA Prazo: 2 Anos Imigrante: Jay Pee Calimag Carag Data Nascimento: 29/09/1988 Passaporte: P6479429B País: FILIPINAS.</p><p>Processo: 08228.010738/2022-46 Requerente: SHEARWATER GEOSERVICES DO BRASIL LTDA Prazo: 31/05/2024 Imigrante: Bahram Aslanov Data Nascimento: 21/04/1968 Passaporte: C00712905 País: AZERBAIJÃO.</p><p>Processo: 08228.010742/2022-12 Requerente: SUBSEA7 DO BRASIL SERVICOS LTDA Prazo: 2 Anos Imigrante: Celso Cantimbuhan Camaclang Data Nascimento: 04/05/1962 Passaporte: P6873966B País: FILIPINAS.</p><p>Processo: 08228.010752/2022-41 Requerente: SUBSEA7 DO BRASIL SERVICOS LTDA Prazo: 2 Anos Imigrante: ROMMEL OBENIETA SEGARRA Data Nascimento: 30/07/1976 Passaporte: P8023214A País: FILIPINAS.</p><p>Processo: 08228.010761/2022-31 Requerente: SAPURA NAVEGACAO MARITIMA S.A. Prazo: 2 Anos Imigrante: Paulo Jorge Lobo Pereira Data Nascimento: 19/06/1976 Passaporte: CC752641 País: PORTUGAL.</p><p>Processo: 08228.010760/2022-96 Requerente: MAERSK SUPPLY SERVICE - APOIO MARITIMO LTDA Prazo: 01/11/2023 Imigrante: LUKASZ WIERZBICKI Data Nascimento: 13/09/1991 Passaporte: ET7818241 País: POLÔNIA.</p><p>Processo: 08228.010764/2022-74 Requerente: MAERSK SUPPLY SERVICE - APOIO MARITIMO LTDA Prazo: 01/11/2023 Imigrante: WAYNE NICHOLSON Data Nascimento: 27/11/1975 Passaporte: A05957059 País: REPÚBL. DA ÁFRICA DO SUL.</p><p>Processo: 08228.010766/2022-63 Requerente: MAERSK SUPPLY SERVICE - APOIO MARITIMO LTDA Prazo: 01/11/2023 Imigrante: IVAN NAZAROV Data Nascimento: 07/01/1981 Passaporte: FN411540 País: UCRÂNIA.</p><p>Processo: 08228.010822/2022-61 Requerente: PXGEO DO BRASIL LTDA. Prazo: 06/06/2024 Imigrante: ALVARO SERRALLONGA SORDO Data Nascimento: 29/05/1979 Passaporte: G29832147 País: MÉXICO.</p><p>Processo: 08228.010810/2022-35 Requerente: KNOT MANAGEMENT DO BRASIL LTDA Prazo: 2 Anos Imigrante: Jasper Cyrus Reyes Perdido Data Nascimento: 29/10/1993 Passaporte: P4200843B País: FILIPINAS.</p><p>Processo: 08228.010812/2022-24 Requerente: KNOT MANAGEMENT DO BRASIL LTDA Prazo: 2 Anos Imigrante: Joefren Daquil Sorianosos Data Nascimento: 13/12/1976 Passaporte: P1449713B País: FILIPINAS.</p><p>Processo: 08228.010921/2022-41 Requerente: PROSAFE SERVICOS MARITIMOS LTDA Prazo: 01/06/2024 Imigrante: David King Data Nascimento: 15/05/1975 Passaporte: 500897447 País: GRÃ-BRETANHA.</p><p>Processo: 08228.010821/2022-15 Requerente: DOF SUBSEA BRASIL SERVICOS LTDA Prazo: 01/05/2023 Imigrante: Roderick Ibutan Custodio Data Nascimento: 03/06/1981 Passaporte: P6051663A País: FILIPINAS.</p><p>Processo: 08228.010848/2022-16 Requerente: MAERSK SUPPLY SERVICE - APOIO MARITIMO LTDA Prazo: 01/11/2023 Imigrante: IGOR FILINYUK Data Nascimento: 12/10/1976 Passaporte: FH398309 País: UCRÂNIA.</p><p>Processo: 08228.010851/2022-21 Requerente: MAERSK SUPPLY SERVICE - APOIO MARITIMO LTDA Prazo: 01/11/2023 Imigrante: JOSE FRANCISCO CARRELO FERNANDES GATA Data Nascimento: 24/01/1968 Passaporte: CB294306 País: PORTUGAL.</p><p>Processo: 08228.010852/2022-76 Requerente: MAERSK SUPPLY SERVICE - APOIO MARITIMO LTDA Prazo: 01/11/2023 Imigrante: NATAL SILVERIO PILO AVEIRO Data Nascimento: 23/12/1973 Passaporte: C897540 País: PORTUGAL.</p><p>Processo: 08228.010853/2022-11 Requerente: MAERSK SUPPLY SERVICE - APOIO MARITIMO LTDA Prazo: 01/11/2023 Imigrante: JAKOB POVLSGAARD BAEK Data Nascimento: 16/12/1991 Passaporte: 213673457 País: DINAMARCA.</p><p>Processo: 08228.010909/2022-37 Requerente: ENSCO DO BRASIL PETROLEO E GAS LTDA Prazo: 01/01/2024 Imigrante: COREY JOSEPH TABB Data Nascimento: 29/12/1979 Passaporte: 569067085 País: ESTADOS UNIDOS.</p><p>Processo: 08228.010862/2022-11 Requerente: PGS SUPORTE LOGISTICO E SERVICOS LTDA Prazo: 26/03/2023 Imigrante: REMIGIJUS MOROZA Data Nascimento: 17/10/1973 Passaporte: 548456108 País: GRÃ-BRETANHA Imigrante: FRANE VIDOVIC Data Nascimento: 01/05/1977 Passaporte: 017318577 País: CROÁCIA Imigrante: DARIO JEDRETIC Data Nascimento: 18/12/1969 Passaporte: 195352846 País: CROÁCIA.</p><p>Processo: 08228.010898/2022-95 Requerente: MODEC SERVICOS DE PETROLEO DO BRASIL LTDA Prazo: 02 Anos Imigrante: VOJIN JOVETIC Data Nascimento: 25/05/1981 Passaporte: F59GD1025 País: SÉRVIA.</p><p>Processo: 08228.010882/2022-82 Requerente: TECHNIP BRASIL - ENGENHARIA, INSTALACOES E APOIO MARITIMO LTDA. Prazo: 01/09/2023 Imigrante: DEMYTHYL ANTHONY MAGTO TORRES Data Nascimento: 08/06/1974 Passaporte: 677320386 País: FILIPINAS.</p><p>Processo: 08228.010886/2022-61 Requerente: TECHNIP BRASIL - ENGENHARIA, INSTALACOES E APOIO MARITIMO LTDA. Prazo: 01/09/2023 Imigrante: SIMON ELLIOTT Data Nascimento: 07/07/1966 Passaporte: 515219659 País: GRÃ-BRETANHA.</p><p>Processo: 08228.010890/2022-29 Requerente: TECHNIP BRASIL - ENGENHARIA, INSTALACOES E APOIO MARITIMO LTDA. Prazo: 01/09/2023 Imigrante: BOGDAN CRISTIAN CIOBANEL Data Nascimento: 12/05/1986 Passaporte: 059181972 País: ROMÊNIA.</p><p>Processo: 08228.010891/2022-73 Requerente: TECHNIP BRASIL - ENGENHARIA, INSTALACOES E APOIO MARITIMO LTDA. Prazo: 01/09/2023 Imigrante: PETER JOHN SEYMOUR Data Nascimento: 31/10/1980 Passaporte: 548316422 País: GRÃ-BRETANHA.</p><p>Processo: 08228.010913/2022-11 Requerente: SUBSEA7 DO BRASIL SERVICOS LTDA Prazo: 31/07/2024 Imigrante: Fabrizio Sucameli Data Nascimento: 26/12/1972 Passaporte: YA7360386 País: ITÁLIA.</p><p>Processo: 08228.010917/2022-83 Requerente: FLUMAR TRANSPORTES DE QUIMICOS E GASES LTDA Prazo: 08/10/2022 Imigrante: ERON RENDON CASTILLO Data Nascimento: 07/04/1996 Passaporte: P6986622B País: FILIPINAS.</p><p>Processo: 08228.010925/2022-21 Requerente: VAN OORD SERVICOS DE OPERACOES MARITIMAS LTDA Prazo: 2 Anos Imigrante: Dick Hugo ter Beest Data Nascimento: 19/04/1995 Passaporte: NN2PHL0R0 País: HOLANDA.</p><p>Processo: 08228.010943/2022-11 Requerente: MAERSK SUPPLY SERVICE - APOIO MARITIMO LTDA Prazo: 01/11/2023 Imigrante: MICHAL BRONISLAW CZAJCZYNSKI Data Nascimento: 26/10/1983 Passaporte: EJ0362994 País: POLÔNIA.</p><p>Processo: 08228.010946/2022-45 Requerente: MAERSK SUPPLY SERVICE - APOIO MARITIMO LTDA Prazo: 01/11/2023 Imigrante: ALEKSANDER HENRYK TURSKI Data Nascimento: 20/06/1967 Passaporte: EF5812018 País: POLÔNIA.</p><p /><p></p><table><tr /><tr><td rowspan="1" colspan="1"><p>Residência Prévia - RESOLUÇÃO NORMATIVA 07/2017</p></td></tr></table><p>Processo: 08228.011273/2022-41 Requerente: COMANDO DA MARINHA Prazo: 02 Anos Imigrante: Madeleine Marie Cyrielle COURSAULT Data Nascimento: 18/09/1997 Passaporte: 16CY14621 País: FRANÇA.</p><p /><p></p><table><tr /><tr><td rowspan="1" colspan="1"><p>Residência Prévia - RESOLUÇÃO NORMATIVA 11/2017 (Art. 2º, Inc I)</p></td></tr></table><p>Processo: 08228.010369/2022-91 Requerente: LG ELECTRONICS DO BRASIL LTDA Prazo: Indeterminado Imigrante: Haewon Jung Data Nascimento: 14/09/1985 Passaporte: M67297487 País: CORÉIA DO SUL.</p><p /><p></p><table><tr /><tr><td rowspan="1" colspan="1"><p>Residência Prévia - RESOLUÇÃO NORMATIVA 19/2017</p></td></tr></table><p>Processo: 08228.008333/2022-48 Requerente: BAIN BRASIL LTDA Prazo: 2 Anos Imigrante: Johan Fallro Data Nascimento: 21/07/1995 Passaporte: CCC465972 País: NORUEGA.</p><p /><p></p><table><tr /><tr><td rowspan="1" colspan="1"><p>Residência Prévia - RESOLUÇÃO NORMATIVA 21/2017</p></td></tr></table><p>Processo: 08228.012026/2022-61 Requerente: PRAIA CLUBE Prazo: 10 Meses Imigrante: ANNE ELISE BUIJS Data Nascimento: 02/12/1991 Passaporte: BV79B8JC0 País: HOLANDA Mãe: IRENE MARIA BUIJS PELSER. Pai: TEUNIS BUIJS. .</p><p /><p></p><table><tr /><tr><td rowspan="1" colspan="1"><p>Residência Prévia - RESOLUÇÃO NORMATIVA 26/2018 (Art. 2º)</p></td></tr></table><p>Processo: 08228.010395/2022-11 Requerente: PAN AMERICAN CHRISTIAN ACADEMY Prazo: 1 Ano Imigrante: Emily Melissa Flores Data Nascimento: 15/12/1998 Passaporte: 578003960 País: ESTADOS UNIDOS.</p><p /><p></p><table><tr /><tr><td rowspan="1" colspan="1"><p>Residência Prévia - RESOLUÇÃO NORMATIVA 36/2018 (Art. 2º, Alínea a)</p></td></tr></table><p>Processo: 08228.009634/2022-99 Requerente: JASON RENALDO GANT Prazo: 2 Anos Imigrante: JASON RENALDO GANT Data Nascimento: 15/05/1980 Passaporte: 594618890 País: ESTADOS UNIDOS Mãe: LINDA ROBINSON Pai: CARL GANT SR.</p><p>O Coordenador-Geral de Imigração Laboral, no uso de suas atribuições, deferiu os seguintes pedidos de autorização de residência (imigrantes que já se encontram em território nacional), ressaltando que os respectivos registros, decorrentes de renovação ou alteração para prazo indeterminado ou situações correlatas, deverão observar as instruções de atendimento da Polícia Federal:</p><p /><p></p><table><tr /><tr><td rowspan="1" colspan="1"><p>Residência - RESOLUÇÃO NORMATIVA 02/2017</p></td></tr></table><p>Processo: 08228.007169/2022-51 Requerente: ULRICH OUFFOUE KOFFI Prazo: 2 Anos Imigrante: Ulrich Ouffoue Data Nascimento: 09/10/1993 Passaporte: 15AH235433 País: COSTA DO MARFIM Mãe: Nafissatou Koffi Pai: Achille Koffi Ouffoue.</p><p>Processo: 08228.008446/2022-43 Requerente: GLOBAL JET ECOMMERCE LTDA Prazo: 01 Ano Imigrante: SHUOYU PENG Data Nascimento: 22/06/1995 Passaporte: E33963571 País: CHINA Mãe: YINGLIN WANG Pai: WEIJUN PENG.</p><p>Processo: 08228.009075/2022-17 Requerente: FEDERICO BULLEGAS Prazo: 2 Anos Imigrante: FEDERICO BULLEGAS Data Nascimento: 18/02/1986 Passaporte: YB6945831 País: ITÁLIA Mãe: GIUSEPPINA PORCU Pai: GIUSEPPE BULLEGAS.</p><p>Processo: 08228.009911/2022-63 Requerente: COBRA BRASIL SERVICOS, COMUNICACOES E ENERGIA S.A. Prazo: 01 Ano Imigrante: JOSE LUIS RIOS GUERRA Data Nascimento: 12/10/1974 Passaporte: N02883414 País: MÉXICO Mãe: CECILIA GUERRA GAMEZ Pai: MARCELINO RIOS GRANADOS.</p><p>Processo: 08228.010046/2022-14 Requerente: EQUINOR BRASIL ENERGIA LTDA. Prazo: 2 Anos Imigrante: Hans Bjoerne Lie Data Nascimento: 23/11/1965 Passaporte: CCC330638 País: NORUEGA Mãe: Herborg Olava Lie Pai: Nils Harald Lie.</p><p>Processo: 08228.010057/2022-88 Requerente: NPD BRASIL SERVICOS DE PESQUISA DE MERCADO LTDA Prazo: 2 Anos Imigrante: CECILIA FLORES CASTILLO Data Nascimento: 11/05/1991 Passaporte: G19579779 País: MÉXICO Mãe: ANA LILIA CASTILLO VELAZQUEZ Pai: HECTOR CARLOS FLORES QUINTANA.</p><p>Processo: 08228.010173/2022-13 Requerente: CHINA RAILWAY NO. 10 ENGINEERING CONSTRUTORA DO BRASIL LTDA. Prazo: 1 Ano Imigrante: HAO WU Data Nascimento: 21/03/1989 Passaporte: E91481005 País: CHINA Mãe: QIONGHUA MO Pai: TINGJIAN WU.</p><p>Processo: 08228.010243/2022-17 Requerente: JOAO ATALIBA DE ARRUDA BOTELHO NETO Prazo: 1 Ano Imigrante: ERICA TURLA ROQUE Data Nascimento: 06/12/1975 Passaporte: P5872402-A País: FILIPINAS Mãe: Marina Turla Roque Pai: Eduardo Canlas Roque.</p><p>Processo: 08228.010448/2022-19 Requerente: RUIQING E RUIQI GAN LTDA Prazo: 2 Anos Imigrante: PING GAN Data Nascimento: 05/07/1976 Passaporte: G52549788 País: CHINA Mãe: FENGCHAI ZHANG Pai: YULI GAN.</p><p>Processo: 08228.010709/2022-84 Requerente: ESCOLA BRITANICA DE BRASILIA LTDA Prazo: 1 Ano Imigrante: Stephanie Gayle Wright Data Nascimento: 27/10/1993 Passaporte: 564225273 País: GRÃ-BRETANHA Mãe: Heather Carol Wright Pai: Nigel Lawrence Wright.</p><p>Processo: 08228.013207/2022-13 Requerente: CONFEDERACAO BRASILEIRA DE FUTEBOL Prazo: 1 Ano Imigrante: Lorenzo Perales Navas Data Nascimento: 07/09/1972 Passaporte: PAB992941 País: ESPANHA Mãe: Maria Del Pilar Navas Pai: Claudio Perales.</p><p /><p></p><table><tr /><tr><td rowspan="1" colspan="1"><p>Residência - RESOLUÇÃO NORMATIVA 03/2017 (Art. 3º)</p></td></tr></table><p>Processo: 08228.008802/2022-29 Requerente: GEKKO TECNOLOGIAS LTDA Prazo: 6 Meses Imigrante: François Edouard Aime Data Nascimento: 22/02/1967 Passaporte: 15AP18457 País: FRANÇA.</p><p /><p></p><table><tr /><tr><td rowspan="1" colspan="1"><p>Residência - RESOLUÇÃO NORMATIVA 04/2017</p></td></tr></table><p>Processo: 08228.010195/2022-67 Requerente: OMNI TRADE BRASIL REVESTIMENTOS METALICOS EIRELI Prazo: 6 Meses Imigrante: JONATHAN ALEJANDRO MARTELL SANCHEZ Data Nascimento: 12/01/1995 Passaporte: N00649328 País: MÉXICO.</p><p>Processo: 08228.010198/2022-17 Requerente: OMNI TRADE BRASIL REVESTIMENTOS METALICOS EIRELI Prazo: 6 Meses Imigrante: BRAULIO PEREZ SANCHEZ Data Nascimento: 10/10/1987 Passaporte: N00281964 País: MÉXICO.</p><p /><p></p><table><tr /><tr><td rowspan="1" colspan="1"><p>Residência - RESOLUÇÃO NORMATIVA 06/2017</p></td></tr></table><p>Processo: 08228.006613/2022-11 Requerente: PETROLEO BRASILEIRO S A PETROBRAS Prazo: 26/06/2023 Imigrante: JEFFREY BENDIJO ELUMBA Data Nascimento: 28/11/1990 Passaporte: P7799129B País: FILIPINAS.</p><p>Processo: 08228.009777/2022-17 Requerente: FLUMAR TRANSPORTES DE QUIMICOS E GASES LTDA Prazo: 08/10/2022 Imigrante: Ralph Crisanto Relato Pineda Data Nascimento: 25/09/1993 Passaporte: P5105452B País: FILIPINAS.</p><p>Processo: 08228.009780/2022-14 Requerente: FLUMAR TRANSPORTES DE QUIMICOS E GASES LTDA Prazo: 08/10/2022 Imigrante: Ronello Abadies Raga Data Nascimento: 08/10/1973 Passaporte: P6494556B País: FILIPINAS.</p><p>Processo: 08228.010044/2022-17 Requerente: LACADOR NAVEGACAO LTDA Prazo: 31/12/2022 Imigrante: Ayhan Simsek Data Nascimento: 15/07/1968 Passaporte: U24937403 País: TURQUIA.</p><p>Processo: 08228.010063/2022-35 Requerente: LACADOR NAVEGACAO LTDA Prazo: 31/12/2022 Imigrante: Kevin Dogukan Cokgormusler Data Nascimento: 25/10/2001 Passaporte: 660058893 País: ESTADOS UNIDOS.</p><p>Processo: 08228.010077/2022-59 Requerente: LACADOR NAVEGACAO LTDA Prazo: 31/12/2022 Imigrante: Omer Noyan Data Nascimento: 13/06/1969 Passaporte: U24909535 País: TURQUIA.</p><p>Processo: 08228.010098/2022-74 Requerente: LACADOR NAVEGACAO LTDA Prazo: 31/12/2022 Imigrante: Samet Ozer Data Nascimento: 21/06/1987 Passaporte: U20468971 País: TURQUIA.</p><p>Processo: 08228.010138/2022-88 Requerente: LACADOR NAVEGACAO LTDA Prazo: 31/12/2022 Imigrante: Rasim Can Sener Data Nascimento: 06/05/1998 Passaporte: U14040259 País: TURQUIA.</p><p>Processo: 08228.010510/2022-56 Requerente: LACADOR NAVEGACAO LTDA Prazo: 31/12/2022 Imigrante: Muhammed Arslan Data Nascimento: 27/11/1985 Passaporte: U23891520 País: TURQUIA.</p><p>Processo: 08228.010513/2022-91 Requerente: LACADOR NAVEGACAO LTDA Prazo: 31/12/2022 Imigrante: Talha Dedeoglu Data Nascimento: 15/01/1994 Passaporte: U23510799 País: TURQUIA.</p><p /><p></p><table><tr /><tr><td rowspan="1" colspan="1"><p>Residência - RESOLUÇÃO NORMATIVA 11/2017 (Art. 6º c/c 2º, Inc I)</p></td></tr></table><p>Processo: 08228.008873/2022-21 Requerente: CNOOC PETROLEUM BRASIL LTDA. Prazo: Indeterminado Imigrante: LIGUO CHEN Data Nascimento: 15/07/1979 Passaporte: PE1794728 País: CHINA.</p><p>Processo: 08228.008835/2022-79 Requerente: CNOOC PETROLEUM BRASIL LTDA. Prazo: Indeterminado Imigrante: YUQIANG XU Data Nascimento: 12/10/1979 Passaporte: PE2172925 País: CHINA.</p><p>Processo: 08228.010864/2022-17 Requerente: TEXA DIAGNOSTICO AUTOMOTIVO DO BRASIL COMERCIAL LTDA. Prazo: Indeterminado Imigrante: ANDREA BORTOLAMIOL Data Nascimento: 24/12/1968 Passaporte: YB 7802584 País: ITÁLIA.</p><p>Processo: 08228.010642/2022-88 Requerente: CJ DO BRASIL INDUSTRIA E COMERCIO DE PRODUTOS ALIMENTICIOS LTDA. Prazo: Indeterminado Imigrante: GIHWAN KWAK Data Nascimento: 15/10/1992 Passaporte: M55814843 País: CORÉIA DO SUL.</p><p>Processo: 08228.010826/2022-48 Requerente: CJ DO BRASIL INDUSTRIA E COMERCIO DE PRODUTOS ALIMENTICIOS LTDA. Prazo: Indeterminado Imigrante: EUNGCHUL PARK Data Nascimento: 12/01/1970 Passaporte: M452F8767 País: CORÉIA DO SUL.</p><p>Processo: 08228.010930/2022-32 Requerente: CONCESSAO SISTEMA RODOVIARIO PONTE SALVADOR ILHA DE ITAPARICA SA Prazo: Indeterminado Imigrante: JIANHUA DU Data Nascimento: 13/02/1991 Passaporte: PE1636072 País: CHINA.</p><p /><p></p><table><tr /><tr><td rowspan="1" colspan="1"><p>Residência - RESOLUÇÃO NORMATIVA 14/2017</p></td></tr></table><p>Processo: 08228.008136/2022-29 Requerente: OSVALDO JOSE DAVID Prazo: 2 Anos Imigrante: Osvaldo José David Data Nascimento: 03/12/1984 Passaporte: AB0857956País: MOÇAMBIQUE.</p><p>Processo: 08228.009532/2022-73 Instituição: ASSOCIACAO CATOLICA RAINHA DAS VIRGENS Prazo: 2 Anos Imigrante: Melissa Maria Fonseca Robles Data Nascimento: 05/11/1983 Passaporte: 111900008 País: COSTA RICA.</p><p>Processo: 08228.009981/2022-11 Requerente: ADOLFO ZON PEREIRA Prazo: 2 Anos Imigrante: Jose Alejandro Molina Lara Data Nascimento: 22/06/1970 Passaporte: G20474784 País: MÉXICO.</p><p>Processo: 08228.009908/2022-41 Requerente: JOHANNA SURBAKTI Prazo: 2 Anos Imigrante: JOHANNA SURBAKTI Data Nascimento: 27/12/1969 Passaporte: PASAPORTE País: INDONÉSIA.</p><p>Processo: 08228.010656/2022-18 Instituição: ASSOCIACAO ANTONIO E MARCOS CAVANIS Prazo: 01 Ano Imigrante: DANIEL MONSENGO PASINYA Data Nascimento: 13/11/1993 Passaporte: OP0595299 País: REP. DEM. CONGO.</p><p /><p></p><table><tr /><tr><td rowspan="1" colspan="1"><p>Residência - RESOLUÇÃO NORMATIVA 15/2017</p></td></tr></table><p>Processo: 08228.005295/2022-71 Requerente: CIRCUITO DE INTERACAO DE REDES SOCIAIS Prazo: 1 Ano Imigrante: Björn Eike Handt Data Nascimento: 30/11/1974 Passaporte: C6ZZ788KP País: ALEMANHA.</p><p /><p></p><table><tr /><tr><td rowspan="1" colspan="1"><p>Residência - RESOLUÇÃO NORMATIVA 17/2017</p></td></tr></table><p>Processo: 08228.009664/2022-11 Requerente: JACOB NELSON SPRING Prazo: 2 Anos Imigrante: Jacob Nelson Spring Data Nascimento: 08/01/1987 Passaporte: 506057061 País: ESTADOS UNIDOS.</p><p /><p></p><table><tr /><tr><td rowspan="1" colspan="1"><p>Residência - RESOLUÇÃO NORMATIVA 21/2017</p></td></tr></table><p>Processo: 08228.012706/2022-85 Requerente: ASSOCIACAO EDUCACIONAL, ESPORTIVA E SOCIAL DO BRASIL - AEESB Prazo: 1 Ano Imigrante: DIEGO ENRIQUE NEGRON MATTEI Data Nascimento: 31/10/1999 Passaporte: 591893597 País: ESTADOS UNIDOS Mãe: PATRICIA MARIA MATTEI Pai: RAMON ENRIQUE NEGRON.</p><p /><p></p><table><tr /><tr><td rowspan="1" colspan="1"><p>Residência - RESOLUÇÃO NORMATIVA 30/2018 - Alteração de Prazo (RN 02/2017)</p></td></tr></table><p>Processo: 08228.009016/2022-49 Requerente: ASSOCIACAO ESCOLA PANAMERICANA DE PORTO ALEGRE Prazo: Indeterminado Imigrante: Kylie Elizabeth Walch Data Nascimento: 10/03/1993 Passaporte: 677152212 País: ESTADOS UNIDOS Mãe: Janet Kay Brachear Pai: Carl Gene Walch.</p><p>Processo: 08228.009066/2022-26 Requerente: ASSOCIACAO INTERNACIONAL DE EDUCACAO DE BELO HORIZONTE Prazo: Indeterminado Imigrante: Tamara Lynn Brooks Data Nascimento: 31/08/1976 Passaporte: 649037931 País: ESTADOS UNIDOS Mãe: Debra Lynn Doerfler Pai: Burton A. Brooks.</p><p>Processo: 08228.009776/2022-56 Requerente: PROCISA DO BRASIL PROJETOS, CONSTRUCOES E INSTALACOES LTDA. Prazo: Indeterminado Imigrante: LUIS MANUEL LUVIANO SALDANA Data Nascimento: 22/03/1978 Passaporte: G20106934 País: MÉXICO Mãe: GRACIELA SALDANA LEMUS Pai: LUIS MANUEL LUVIANO GOVEA.</p><p>Processo: 08228.010545/2022-95 Requerente: FUNDACAO ANGLO BRASILEIRADE EDUCACAO E CULTURA DE SP Prazo: Indeterminado Imigrante: MELISSA DELALI NANA ABLAH KALITSI Data Nascimento: 08/02/1994 Passaporte: 131839755 País: REINO UNIDO Mãe: Jennifer Annette Catherine Ohenewa Avornyotse Pai: Geoffrey Gordon Avornyotse.</p><p>Processo: 08228.010577/2022-91 Requerente: HUAWEI DO BRASIL TELECOMUNICACOES LTDA Prazo: Indeterminado Imigrante: ZHAN GU Data Nascimento: 10/02/1987 Passaporte: EB2502381 País: CHINA Mãe: LEHUA ZHANG Pai: SHANHAI GU.</p><p>Processo: 08228.010658/2022-91 Requerente: JIE ZHOU PRODUTOS ELETRONICOS Prazo: Indeterminado Imigrante: DI ZHOU Data Nascimento: 17/01/1992 Passaporte: ED4223416 País: CHINA Mãe: Yuping Xie Pai: Zewu Zhou.</p><p>Processo: 08228.010802/2022-99 Requerente: BETA LULA CENTRAL OPERACOES MARITIMAS LTDA Prazo: Indeterminado Imigrante: Keiji Iwata Data Nascimento: 05/07/1986 Passaporte: TR6879179 País: JAPÃO Mãe: Hidemi Iwata Pai: Kazuo Iwata.</p><p>Processo: 08228.010887/2022-13 Requerente: PARADOX JEANS CONFECCOES DE ROUPAS E TECIDOS LTDA Prazo: Indeterminado Imigrante: JIMMY LICHAA Data Nascimento: 29/08/1991 Passaporte: LR0321248 País: LÍBANO Mãe: RITA BOU KARAM Pai: CHARBEL LICHAA.</p><p /><p></p><table><tr /><tr><td rowspan="1" colspan="1"><p>Residência - RESOLUÇÃO NORMATIVA 30/2018 - Alteração de Prazo (RN 14/2017)</p></td></tr></table><p>Processo: 08228.010566/2022-19 Requerente: ACTYON BRASIL CONSTRUCAO LTDA Prazo: Indeterminado Imigrante: ALDO JAVIER NUNEZ GARCIA Data Nascimento: 10/08/1986 Passaporte: G29539885 País: MÉXICO Mãe: GABRIELA GARCIA PEREZ Pai: JUAN DANIEL NUNEZ SANCHEZ.</p><p>Processo: 08228.010607/2022-69 Instituição: ASSOCIACAO CATOLICA RAINHA DAS VIRGENS Prazo: Indeterminado Imigrante: Vania Filipa Pinheiro de Queiros Data Nascimento: 07/07/1998 Passaporte: CC688034 País: PORTUGAL Mãe: Maria Aldina Pinheiro de Queiros Pai: Hermano do Carmo da Silva Queiros.</p><p /><p></p><table><tr /><tr><td rowspan="1" colspan="1"><p>Residência - RESOLUÇÃO NORMATIVA 30/2018 - Alteração de Prazo (RN 40/2019)</p></td></tr></table><p>Processo: 08228.010095/2022-31 Requerente: KEVIN JOHN BART Prazo: Indeterminado Imigrante: Kevin Bart Data Nascimento: 31/08/1958 Passaporte: 561753526 País: ESTADOS UNIDOS Mãe: Rose Bart Pai: John Marsh Bart.</p><p>Processo: 08228.010104/2022-93 Requerente: NANCY MARY BART Prazo: Indeterminado Imigrante: Nancy Bart Data Nascimento: 12/04/1954 Passaporte: 529554409 País: ESTADOS UNIDOS Mãe: Virginia Marsallo Pai: Thomas Marsallo.</p><p /><p></p><table><tr /><tr><td rowspan="1" colspan="1"><p>Residência - RESOLUÇÃO NORMATIVA 30/2018 - Renovação de Residência (RN 02/2017)</p></td></tr></table><p>Processo: 08228.008041/2022-13 Requerente: LUA NOVA COMERCIO DE ELETRONICOS LTDA Prazo: 1 Ano Imigrante: HAO LIN Data Nascimento: 06/10/1990 Passaporte: E35273298 País: CHINA Mãe: XUEYAN LI Pai: XIANYI LIN.</p><p>Processo: 08228.009674/2022-31 Requerente: PREA EMPREENDIMENTOS IMOBILIARIOS LTDA Prazo: 2 Anos Imigrante: NELSON JOSÉ INÁCIO RATO Data Nascimento: 02/10/1981 Passaporte: PORTUGAL País: PORTUGAL Mãe: MARIA LEONOR MENDES INÁCIO RATO Pai: JOSÉ MANUEL CABAÇO RATO.</p><p>Processo: 08228.010675/2022-28 Requerente: CMPC CELULOSE RIOGRANDENSE LTDA Prazo: 1 Ano Imigrante: Joosep Nirgi Data Nascimento: 28/09/1984 Passaporte: KE0456453 País: ESTÔNIA Mãe: Triin Nirgi Pai: Jaak Nirgi.</p><p>Processo: 08228.010699/2022-87 Requerente: ST.NICHOLAS ANGLO BRASILEIRA DE EDUCACAO LTDA Prazo: 1 Ano Imigrante: Meenakshi Rohilla Data Nascimento: 07/09/1970 Passaporte: L5657488 País: ÍNDIA Mãe: Prem Lata Pai: Nar Singh Dass.</p><p /><p></p><table><tr /><tr><td rowspan="1" colspan="1"><p>Residência - RESOLUÇÃO NORMATIVA 30/2018 - Renovação de Residência (RN 03/2017)</p></td></tr></table><p>Processo: 08228.010416/2022-13 Requerente: SEADRILL SERVICOS DE PETROLEO LTDA Prazo: 1 Ano Imigrante: Paraic Robert Quigley Data Nascimento: 13/05/1969 Passaporte: LB6241744 País: IRLANDA Mãe: Rita Quigley Pai: Patrick Quigley.</p><p>Processo: 08228.010598/2022-14 Requerente: SEADRILL SERVICOS DE PETROLEO LTDA Prazo: 1 Ano Imigrante: Miguel Angel Rogel Castellanos Data Nascimento: 12/12/1962 Passaporte: G31719675 País: MÉXICO Mãe: Miriam Castellanos Conde Pai: Miguel Angel Rogel Nava.</p><p>Processo: 08228.010974/2022-62 Requerente: BRUNEL ENERGY SERVICOS LTDA Prazo: 01 Ano Imigrante: Gaurav Singh Data Nascimento: 08/10/1986 Passaporte: P7778286 País: ÍNDIA Mãe: Sita Singh Pai: Birendra Singh.</p><p>Processo: 08228.011012/2022-21 Requerente: AET BRASIL SERVICOS STS LTDA Prazo: 16/07/2023 Imigrante: Rajeev Kumar Bhatnagar Data Nascimento: 23/04/1960 Passaporte: Z2850595 País: ÍNDIA Mãe: Usha Bhatnagar Pai: Dharmatma Swaroop Bhatnagar.</p><p /><p></p><table><tr /><tr><td rowspan="1" colspan="1"><p>Residência - RESOLUÇÃO NORMATIVA 30/2018 - Renovação de Residência (RN 04/2017)</p></td></tr></table><p>Processo: 08228.010540/2022-62 Requerente: EMBRAER S.A. Prazo: 01 Ano Imigrante: BJORN WICTOR RUBENSSON Data Nascimento: 16/10/1979 Passaporte: 97146029 País: SUÉCIA Mãe: KARIN BIRGITTA RYDEN RUBENSSON Pai: BERNT SIGFRID JAN-ERIK RUBENSSON.</p><p>Processo: 08228.010969/2022-51 Requerente: HUAWEI GESTAO E SERVICOS DE TELECOMUNICACOES DO BRASIL LTDA. Prazo: 1 Ano Imigrante: JIAYANG ZHANG Data Nascimento: 10/04/1993 Passaporte: E53853708 País: CHINA Mãe: ZHUANGHUA LI Pai: KAI ZHANG.</p><p /><p></p><table><tr /><tr><td rowspan="1" colspan="1"><p>Residência - RESOLUÇÃO NORMATIVA 30/2018 - Renovação de Residência (RN 06/2017)</p></td></tr></table><p>Processo: 08228.009343/2022-17 Requerente: SAIPEM DO BRASIL SERVICOS DE PETROLEO LTDA. Prazo: 23/02/2023 Imigrante: Magdangal Mindanao Lalog Data Nascimento: 04/03/1966 Passaporte: P7660909B País: FILIPINAS Mãe: Nenita Minadanao Lalog Pai: Isagani Vergara Lalog.</p><p>Processo: 08228.009684/2022-76 Requerente: CGG DO BRASIL PARTICIPACOES LTDA Prazo: 04/05/2024 Imigrante: Andrei Iakushev Data Nascimento: 24/06/1982 Passaporte: 757670562 País: RÚSSIA Mãe: Galina Iakusheva Pai: Anatoly Iakushev.</p><p>Processo: 08228.009790/2022-51 Requerente: PROSAFE SERVICOS MARITIMOS LTDA Prazo: 25/11/2022 Imigrante: James Connelly Data Nascimento: 21/10/1978 Passaporte: 535428086 País: GRÃ-BRETANHA Mãe: Lorraine Mary Connelly Pai: Philip Paul Connelly.</p><p>Processo: 08228.009806/2022-24 Requerente: PROSAFE SERVICOS MARITIMOS LTDA Prazo: 25/11/2022 Imigrante: Radoslaw Sierkowski Data Nascimento: 12/07/1987 Passaporte: EJ 2708068 País: POLÔNIA Mãe: Teresa Elzbieta Sierkowska Pai: Jan Czeslaw Sierkowski.</p><p>Processo: 08228.009897/2022-14 Requerente: PROSAFE SERVICOS MARITIMOS LTDA Prazo: 25/11/2022 Imigrante: Robert Lee Cass Data Nascimento: 13/11/1983 Passaporte: 518161335 País: GRÃ-BRETANHA Mãe: Michelle Bernadette Cass Pai: Robert David Cass.</p><p>Processo: 08228.010589/2022-15 Requerente: SAIPEM DO BRASIL SERVICOS DE PETROLEO LTDA. Prazo: 23/02/2023 Imigrante: Anthony Jesu Rathan Data Nascimento: 10/01/1973 Passaporte: Z4627471 País: ÍNDIA Mãe: Mallika Anthony Joseph Pongalam Pai: Anthony Joseph Pongalay.</p><p>Processo: 08228.010730/2022-81 Requerente: VENTURA PETROLEO S.A. Prazo: 02 Anos Imigrante: ALEKSANDRS CURSINS Data Nascimento: 06/09/1978 Passaporte: LV6070740 País: LETÔNIA Mãe: AKSANA CURSINA Pai: VLADIMIRS CURSINS.</p><p>Processo: 08228.010832/2022-11 Requerente: KNOT MANAGEMENT DO BRASIL LTDA Prazo: 2 Anos Imigrante: Andriy Katelnikov Data Nascimento: 01/04/1987 Passaporte: FA403400 País: UCRÂNIA Mãe: Lyubov Petrivna Katelnikova Pai: Oleksandr Volodymyrovych Katelnikov.</p><p>Processo: 08228.010855/2022-18 Requerente: PETROLEO BRASILEIRO S A PETROBRAS Prazo: 28/02/2023 Imigrante: GOCHA TETRASHVILI Data Nascimento: 27/09/1983 Passaporte: 18AF81895 País: GEÓRGIA Mãe: LARISA IVANOVA Pai: AVTANDIL TETRASHVILI .</p><p>Processo: 08228.010961/2022-93 Requerente: MODEC SERVICOS DE PETROLEO DO BRASIL LTDA Prazo: 31/12/2023 Imigrante: ANDREA GRANARA Data Nascimento: 27/06/1960 Passaporte: YA7357093 País: ITÁLIA Mãe: ROSA PINTUS Pai: ANTONIO GRANARA.</p><p /><p></p><table><tr /><tr><td rowspan="1" colspan="1"><p>Residência - RESOLUÇÃO NORMATIVA 30/2018 - Renovação de Residência (RN 11/2017)</p></td></tr></table><p>Processo: 08228.011550/2022-15 Requerente: AGREX DO BRASIL LTDA. Prazo: Indeterminado Imigrante: SHINTARO TANAKA Data Nascimento: 06/03/1986 Passaporte: TT1451673 País: JAPÃO Mãe: NOBUKO TANAKA Pai: SHINSUKE TANAKA.</p><p>Processo: 08228.012494/2022-36 Requerente: PFIZER BRASIL LTDA Prazo: Indeterminado Imigrante: CARLOS EDUARDO MURILLO MEDINA Data Nascimento: 11/02/1972 Passaporte: CE70483 País: BOLÍVIA Mãe: SUSI MEDINA Pai: VICTOR MURILLO.</p><p /><p></p><table><tr /><tr><td rowspan="1" colspan="1"><p>Residência - RESOLUÇÃO NORMATIVA 30/2018 - Renovação de Residência (RN 14/2017)</p></td></tr></table><p>Processo: 08228.009104/2022-41 Requerente: SVERDI PROPAGACAO E CULTURA Prazo: 2 Anos Imigrante: KOFFI MITRONOUGNAN TENGUE Data Nascimento: 10/12/1982 Passaporte: EB512738 País: TOGO Mãe: AKOUA AYACOBI Pai: KOKOUDA HOUDADJI TENGUE.</p><p /><p></p><table><tr /><tr><td rowspan="1" colspan="1"><p>Residência - RESOLUÇÃO NORMATIVA 30/2018 - Renovação de Residência (RN 15/2017)</p></td></tr></table><p>Processo: 08228.010698/2022-32 Requerente: CASA - LAR *INFANTIL MIRIA* Prazo: 01 Ano Imigrante: JONNI LYNN SLIVER Data Nascimento: 20/07/1957 Passaporte: 567604259 País: ESTADOS UNIDOS Mãe: DAYLE CLARANCE SLIVER Pai: PHYLLIS DARLENE JOHNSON.</p><p /><p></p><table><tr /><tr><td rowspan="1" colspan="1"><p>Residência - RESOLUÇÃO NORMATIVA 30/2018 - Renovação de Residência (RN 20/2017)</p></td></tr></table><p>Processo: 08228.012398/2022-98 Requerente: INSTITUTO DE DESENVOLVIMENTO SUSTENTAVEL MAMIRAUA Prazo: 2 Anos Imigrante: DANIEL JOSEPH TREGIDGO Data Nascimento: 02/05/1987 Passaporte: 126492295 País: REINO UNIDO Mãe: KEREN ANNE TREGIOGO Pai: DAVID ANTHONY TREGIDGO.</p><p /><p></p><table><tr /><tr><td rowspan="1" colspan="1"><p>Residência - RESOLUÇÃO NORMATIVA 36/2018 (Art. 4º c/c 2º, Alínea b)</p></td></tr></table><p>Processo: 08228.008073/2022-19 Requerente: Luís Miguel Neves Quelhas Lima Ribeiro Prazo: 1 Ano Imigrante: Luis Miguel Neves Quelhas Lima Ribeiro Data Nascimento: 13/05/1968 Passaporte: C478259 País: PORTUGAL Mãe: Maria Manuela Neves Quelhas Lima Ribeiro Pai: Libério Bernardo Ribeiro.</p><p /><p></p><table><tr /><tr><td rowspan="1" colspan="1"><p>Residência - RESOLUÇÃO NORMATIVA 40/2019 (Art. 3º c/c 4º, Inciso I)</p></td></tr></table><p>Processo: 08228.010635/2022-86 Requerente: JUAN JOSE GRAU PASCUAL Prazo: 2 Anos Imigrante: JUAN JOSE GRAU PASCUAL Data Nascimento: 03/09/1958 Passaporte: PAL183298 País: ESPANHA Mãe: Carmen Pascual Barrachina Pai: Juan Grau Mancho.</p><p>Processo: 08228.008963/2022-12 Requerente: AMANDA KLEINE BECKER Prazo: 2 Anos Imigrante: WILLIAM KENNETH DAVIS JR Data Nascimento: 12/10/1943 Passaporte: 663172143 País: ESTADOS UNIDOS Mãe: LORENA DORROH ODOM Pai: WILLIAM KENNETH DAVIS.</p><p>Processo: 08228.010161/2022-72 Requerente: JOAQUIM AUGUSTO MOREIRA CARNEIRO Prazo: 2 Anos Imigrante: AUGUSTO JOAQUIM CARNEIRO MOREIRA Data Nascimento: 20/07/1960 Passaporte: CB009748 País: PORTUGAL Mãe: ANA RODRIGUES CARNEIRO Pai: JOAQUIM PEREIRA MOREIRA.</p><p /><p></p><table><tr /><tr><td rowspan="1" colspan="1"><p>Residência - RESOLUÇÃO 45/2021</p></td></tr></table><p>Processo: 08228.005286/2022-81 Requerente: MATTHIEU JACQUES ANDRE THIEBAUT Prazo: 1 Ano Imigrante: Matthieu Jacques André Thiebaut Data Nascimento: 30/04/1979 Passaporte: 14DE13622 País: FRANÇA.</p><p>Processo: 08228.010465/2022-31 Requerente: Declan Paul Morrisroe Prazo: 1 Ano Imigrante: Declan Paul Morrisroe Data Nascimento: 14/12/1998 Passaporte: 538460902 País: REINO UNIDO.</p><p class="assina">MARCOS LEÔNCIO SOUSA RIBEIRO</p><p class="identifica">RETIFICAÇÕES</p><p>No despacho do Coordenador-Geral de Imigração Laboral, o deferimento publicado no DOU Nº 162, de 25/08/2022, Seção 1, Pág. 249, Processo: 08228.009468/2022-21, onde se lê: Imigrante: EMFINGER, leia-se: Imigrante: CAITLIN CHRISTIAN EMFINGER.</p><p>No despacho do Coordenador-Geral de Imigração Laboral, o deferimento publicado no DOU Nº 84, de 05/05/2022, seção 1, Págs. 57 - 83, Processo: 08228.001414/2022-17, onde se lê: Data Nascimento: 10/12/1991, leia-se: Data Nascimento: 20/12/1991.</p><p>No despacho do Coordenador-Geral de Imigração Laboral, o deferimento publicado no DOU Nº 159, de 22/08/2022, Seção 1, Pág. 196, Processo: 08228.008589/2022-55, onde se lê: Data Nascimento: 21/08/1993, leia-se: Data Nascimento: 28/08/1993.</p>]]></Texto>
  </body>
  <Midias />
</article></xml>