﻿<xml><article id="27736691" name="resolucao_2807_2022 COIME GGFIS" idOficio="9057694" pubName="DO1" artType="Resolução" pubDate="30/08/2022" artClass="00026:00034:00016:00006:00000:00000:00000:00000:00000:00000:00064:32807" artCategory="Ministério da Saúde/Agência Nacional de Vigilância Sanitária/4ª Diretoria/Gerência-Geral de Inspeção e Fiscalização Sanitária" artSize="12" artNotes="" numberPage="275" pdfPage="http://pesquisa.in.gov.br/imprensa/jsp/visualiza/index.jsp?data=30/08/2022&amp;jornal=515&amp;pagina=275" editionNumber="165" highlightType="" highlightPriority="" highlight="" highlightimage="" highlightimagename="" idMateria="19840462">
  <body>
    <Identifica><![CDATA[ RESOLUÇÃO-RE Nº 2.807, DE 25 DE AGOSTO DE 2022]]></Identifica>
    <Data><![CDATA[]]></Data>
    <Ementa />
    <Titulo />
    <SubTitulo />
    <Texto><![CDATA[<p class="identifica">RESOLUÇÃO-RE Nº 2.807, DE 25 DE AGOSTO DE 2022</p><p>A Gerente-Geral de Inspeção e Fiscalização Sanitária, no uso das atribuições que lhe confere o art. 140, aliado ao art. 203, I, § 1º do Regimento Interno aprovado pela Resolução de Diretoria Colegiada - RDC nº 585, de 10 de dezembro de 2021, e</p><p>considerando o cumprimento dos requisitos dispostos no art. 39, da Resolução RDC nº 497, de 20 de maio de 2021, resolve:</p><p>Art. 1º Conceder à(s) empresa(s) constante(s) no ANEXO, a Certificação de Boas Práticas de Distribuição e/ou Armazenamento de Medicamentos por meio de sua renovação automática.</p><p>Art. 2º A presente Certificação tem validade de 4 (quatro) anos a partir da sua publicação.</p><p>Art. 3º Esta Resolução entra em vigor na data de sua publicação.</p><p class="assina">ANA CAROLINA MOREIRA MARINO ARAUJO</p><p>ANEXO</p><p>EMPRESA: MEDFUTURA DISTRIBUIDORA DE MEDICAMENTOS E PRODUTOS DE SAUDE LTDA - CNPJ: 17.700.763/0001-48 - AUTORIZ/MS: 1096671 - AE: 1234391</p><p>ENDEREÇO: RUA RECIFE, S/N QD 1 LT 82 A</p><p>MUNICÍPIO: DUQUE DE CAXIAS - UF: RJ - EXPEDIENTE: 0581824/22-9</p><p>CERTIFICADO DE BOAS PRÁTICAS DE DISTRIBUIÇÃO E/OU ARMAZENAGEM: Medicamentos</p><p>.........................................</p><p>EMPRESA: VERTEX FARMACEUTICA DO BRASIL LTDA. - CNPJ: 21.798.065/0001-02 - AUTORIZ/MS: 1138239</p><p>ENDEREÇO: RUA TRINDADE, Nº 125, BLOCO 2</p><p>MUNICÍPIO: VARGEM GRANDE PAULISTA - UF: SP - EXPEDIENTE: 0715811/22-3</p><p>CERTIFICADO DE BOAS PRÁTICAS DE DISTRIBUIÇÃO E/OU ARMAZENAGEM: Medicamentos</p>]]></Texto>
  </body>
  <Midias />
</article></xml>