﻿<xml><article id="27752099" name="Desp-1088_2022" idOficio="9060758" pubName="DO1" artType="Despacho" pubDate="30/08/2022" artClass="00023:00031:00058:00048:00000:00000:00000:00000:00000:00000:00012:00007" artCategory="Ministério de Minas e Energia/Agência Nacional do Petróleo, Gás Natural e Biocombustíveis/Diretoria I/Superintendência de Distribuição e Logística" artSize="12" artNotes="" numberPage="235" pdfPage="http://pesquisa.in.gov.br/imprensa/jsp/visualiza/index.jsp?data=30/08/2022&amp;jornal=515&amp;pagina=235" editionNumber="165" highlightType="" highlightPriority="" highlight="" highlightimage="" highlightimagename="" idMateria="19845028">
  <body>
    <Identifica><![CDATA[ DESPACHO SDL-ANP Nº 1.088, DE 29 DE AGOSTO DE 2022]]></Identifica>
    <Data><![CDATA[]]></Data>
    <Ementa />
    <Titulo />
    <SubTitulo />
    <Texto><![CDATA[<p class="identifica">DESPACHO SDL-ANP Nº 1.088, DE 29 DE AGOSTO DE 2022</p><p>A SUPERINTENDENTE ADJUNTA DE DISTRIBUIÇÃO E LOGÍSTICA DA AGÊNCIA NACIONAL DO PETRÓLEO, GÁS NATURAL E BIOCOMBUSTÍVEIS - ANP, no uso das atribuições que lhe foram conferidas pela Portaria ANP nº 265, de 10 de setembro de 2020, com base na Resolução ANP n°41 de 05 de novembro de 2013, torna pública a outorga das seguintes autorizações para o exercício da atividade de revenda varejista de combustíveis automotivos:</p><p /><p></p><table><tr /><tr><td rowspan="1" colspan="1"><p>Razão Social</p></td><td rowspan="1" colspan="1"><p>CNPJ</p></td><td rowspan="1" colspan="1"><p>Processo</p></td></tr><tr><td rowspan="1" colspan="1"><p>AUTO POSTO FORMULA V1 LTDA</p></td><td rowspan="1" colspan="1"><p>40.759.236/0001-20</p></td><td rowspan="1" colspan="1"><p>48610.218332/2022-19</p></td></tr><tr><td rowspan="1" colspan="1"><p>COMERCIO DE COMBUSTIVEIS BEIJA-FLOR LTDA</p></td><td rowspan="1" colspan="1"><p>08.229.107/0004-60</p></td><td rowspan="1" colspan="1"><p>48610.219171/2022-72</p></td></tr><tr><td rowspan="1" colspan="1"><p>AUTO POSTO BSV III LTDA</p></td><td rowspan="1" colspan="1"><p>46.400.587/0001-27</p></td><td rowspan="1" colspan="1"><p>48610.220009/2022-05</p></td></tr><tr><td rowspan="1" colspan="1"><p>POSTO LOCATELLI &amp; LOCATELLI LTDA</p></td><td rowspan="1" colspan="1"><p>37.894.738/0001-50</p></td><td rowspan="1" colspan="1"><p>48610.219251/2022-28</p></td></tr><tr><td rowspan="1" colspan="1"><p>POSTO BEM TE VI 11 LTDA</p></td><td rowspan="1" colspan="1"><p>45.699.943/0001-92</p></td><td rowspan="1" colspan="1"><p>48610.211521/2022-52</p></td></tr><tr><td rowspan="1" colspan="1"><p>POSTOS ALPA LTDA</p></td><td rowspan="1" colspan="1"><p>02.234.943/0017-71</p></td><td rowspan="1" colspan="1"><p>48610.219227/2022-99</p></td></tr><tr><td rowspan="1" colspan="1"><p>TRIANGULO COMERCIO DE COMBUSTIVEIS LTDA</p></td><td rowspan="1" colspan="1"><p>15.360.273/0001-14</p></td><td rowspan="1" colspan="1"><p>48610.219990/2022-10</p></td></tr><tr><td rowspan="1" colspan="1"><p>FOX MILENIUM CARLOPOLIS COMERCIO DE COMBUSTIVEIS LTDA</p></td><td rowspan="1" colspan="1"><p>43.435.871/0001-40</p></td><td rowspan="1" colspan="1"><p>48610.219995/2022-42</p></td></tr><tr><td rowspan="1" colspan="1"><p>ABASTECEDORA DE COMBUSTIVEIS TITON LTDA</p></td><td rowspan="1" colspan="1"><p>33.314.516/0001-60</p></td><td rowspan="1" colspan="1"><p>48610.220028/2022-23</p></td></tr><tr><td rowspan="1" colspan="1"><p>PETROBESSA BR 060 EIRELI</p></td><td rowspan="1" colspan="1"><p>33.354.975/0001-77</p></td><td rowspan="1" colspan="1"><p>48610.217867/2022-64</p></td></tr><tr><td rowspan="1" colspan="1"><p>AUTO POSTO VANS EIRELI</p></td><td rowspan="1" colspan="1"><p>42.640.012/0001-20</p></td><td rowspan="1" colspan="1"><p>48610.219007/2022-65</p></td></tr><tr><td rowspan="1" colspan="1"><p>M &amp; M COMERCIO DE COMBUSTIVEIS LTDA</p></td><td rowspan="1" colspan="1"><p>38.069.187/0001-52</p></td><td rowspan="1" colspan="1"><p>48610.218419/2022-88</p></td></tr><tr><td rowspan="1" colspan="1"><p>S.B. COMERCIO DE COMBUSTIVEIS LTDA</p></td><td rowspan="1" colspan="1"><p>31.332.106/0001-16</p></td><td rowspan="1" colspan="1"><p>48610.220068/2022-75</p></td></tr><tr><td rowspan="1" colspan="1"><p>CENTRAL COMERCIO DE COMBUSTIVEIS QUEIMADAS LTDA</p></td><td rowspan="1" colspan="1"><p>33.517.496/0001-24</p></td><td rowspan="1" colspan="1"><p>48610.220061/2022-53</p></td></tr><tr><td rowspan="1" colspan="1"><p>AUTO POSTO PRAIA BRANCA LTDA</p></td><td rowspan="1" colspan="1"><p>37.685.482/0001-70</p></td><td rowspan="1" colspan="1"><p>48610.220063/2022-42</p></td></tr><tr><td rowspan="1" colspan="1"><p>SANTA ANA ENERGIA LESTE LTDA</p></td><td rowspan="1" colspan="1"><p>43.652.557/0001-10</p></td><td rowspan="1" colspan="1"><p>48610.210851/2022-21</p></td></tr><tr><td rowspan="1" colspan="1"><p>AUTO POSTO BALI LTDA</p></td><td rowspan="1" colspan="1"><p>43.026.473/0001-70</p></td><td rowspan="1" colspan="1"><p>48610.220048/2022-02</p></td></tr><tr><td rowspan="1" colspan="1"><p>POSTO DE COMBUSTIVEIS ABASTECE PRAQA CIVICA LTDA</p></td><td rowspan="1" colspan="1"><p>46.432.596/0001-08</p></td><td rowspan="1" colspan="1"><p>48610.220033/2022-36</p></td></tr></table><p class="assina">ADRIANA NICKEL LOURENÇO</p>]]></Texto>
  </body>
  <Midias />
</article></xml>