﻿<xml><article id="27736640" name="resolucao_2809_2022 COIME GGFIS" idOficio="9057695" pubName="DO1" artType="Resolução" pubDate="30/08/2022" artClass="00026:00034:00016:00006:00000:00000:00000:00000:00000:00000:00064:32809" artCategory="Ministério da Saúde/Agência Nacional de Vigilância Sanitária/4ª Diretoria/Gerência-Geral de Inspeção e Fiscalização Sanitária" artSize="12" artNotes="" numberPage="276" pdfPage="http://pesquisa.in.gov.br/imprensa/jsp/visualiza/index.jsp?data=30/08/2022&amp;jornal=515&amp;pagina=276" editionNumber="165" highlightType="" highlightPriority="" highlight="" highlightimage="" highlightimagename="" idMateria="19840469">
  <body>
    <Identifica><![CDATA[ RESOLUÇÃO-RE Nº 2.809, DE 25 DE AGOSTO DE 2022]]></Identifica>
    <Data><![CDATA[]]></Data>
    <Ementa />
    <Titulo />
    <SubTitulo />
    <Texto><![CDATA[<p class="identifica">RESOLUÇÃO-RE Nº 2.809, DE 25 DE AGOSTO DE 2022</p><p>A Gerente-Geral de Inspeção e Fiscalização Sanitária, no uso das atribuições que lhe confere o art. 140, aliado ao art. 203, I, § 1º do Regimento Interno aprovado pela Resolução de Diretoria Colegiada - RDC nº 585, de 10 de dezembro de 2021, e</p><p>considerando o cumprimento dos requisitos de Boas Práticas de Distribuição e/ou Armazenagem preconizados em legislação vigente, para a área de Medicamentos, resolve:</p><p>Art. 1º Conceder à(s) empresa(s) constante(s) no ANEXO, a Certificação de Boas Práticas de Distribuição e/ou Armazenagem de Medicamentos.</p><p>Art. 2º A presente Certificação terá validade de 4 (quatro) anos a partir da sua publicação.</p><p>Art. 3° Esta Resolução entra em vigor na data de sua publicação.</p><p class="assina">ANA CAROLINA MOREIRA MARINO ARAUJO</p><p class="anexo">ANEXO</p><p>EMPRESA: GIRA PHARMA PRODUTOS HOSPITALARES LTDA - CNPJ: 36.572.225/0001-60 - AUTORIZ/MS: 1252298 - AE: 1252331</p><p>ENDEREÇO: RUA DR. CARLOS ESTEVES, N° 1407, PARTE</p><p>MUNICÍPIO: DUQUE DE CAXIAS - UF: RJ - EXPEDIENTE: 4513455/22-5</p><p>CERTIFICADO DE BOAS PRÁTICAS DE DISTRIBUIÇÃO E/OU ARMAZENAGEM: Medicamentos</p><p>.........................................</p><p>EMPRESA: PROMEFARMA MEDICAMENTOS E PRODUTOS HOSPITALARES LTDA - CNPJ: 81.706.251/0001-98 - AUTORIZ/MS: 1084171 - AE: 1138577</p><p>ENDEREÇO: R. JOAO AMARAL DE ALMEIDA, 100</p><p>MUNICÍPIO: CURITIBA - UF: PR - EXPEDIENTE: 4506332/22-9</p><p>CERTIFICADO DE BOAS PRÁTICAS DE DISTRIBUIÇÃO E/OU ARMAZENAGEM: Medicamentos</p><p>.........................................</p><p>EMPRESA: M P COMERCIO DE PRODUTOS HOSPITALARES E ALIMENTICIOS LTDA - EPP - CNPJ: 27.762.305/0001-97 - AUTORIZ/MS: 1248584 - AE: 1248598</p><p>ENDEREÇO: AV DUQUE DE CAXIAS, N° 469</p><p>MUNICÍPIO: MANAUS - UF: AM - EXPEDIENTE: 4505613/22-4</p><p>CERTIFICADO DE BOAS PRÁTICAS DE DISTRIBUIÇÃO E/OU ARMAZENAGEM: Medicamentos</p><p>.........................................</p><p>EMPRESA: SANOFI MEDLEY FARMACÊUTICA LTDA. - CNPJ: 10.588.595/0009-59 - AUTORIZ/MS: 1083267 - AE: 1145441</p><p>ENDEREÇO: AVENIDA JULIA GAIOLLI Nº 740, GALPÃO 300, MÓDULO I AO V</p><p>MUNICÍPIO: GUARULHOS - UF: SP - EXPEDIENTE: 7220149/21-2</p><p>CERTIFICADO DE BOAS PRÁTICAS DE DISTRIBUIÇÃO E/OU ARMAZENAGEM: Medicamentos</p><p>.........................................</p><p>EMPRESA: LABORATORIOS FERRING LTDA - CNPJ: 74.232.034/0006-52 - AUTORIZ/MS: 1028762</p><p>ENDEREÇO: RUA EDGAR MACHIORI, 255 - SETOR FERRING</p><p>MUNICÍPIO: VINHEDO - UF: SP - EXPEDIENTE: 0462820/20-3</p><p>CERTIFICADO DE BOAS PRÁTICAS DE DISTRIBUIÇÃO E/OU ARMAZENAGEM: Medicamentos</p>]]></Texto>
  </body>
  <Midias />
</article></xml>