﻿<xml><article id="27749628" name="Ata_29_2C_23_08_2022 - BD - IMPR" idOficio="9058555" pubName="DO1" artType="Ata" pubDate="30/08/2022" artClass="00044:00003:00000:00000:00000:00000:00000:00000:00000:00000:00005:00000" artCategory="Tribunal de Contas da União/2ª Câmara" artSize="12" artNotes="" numberPage="355" pdfPage="http://pesquisa.in.gov.br/imprensa/jsp/visualiza/index.jsp?data=30/08/2022&amp;jornal=515&amp;pagina=355" editionNumber="165" highlightType="" highlightPriority="" highlight="" highlightimage="" highlightimagename="" idMateria="19841584">
  <body>
    <Identifica />
    <Data><![CDATA[]]></Data>
    <Ementa />
    <Titulo />
    <SubTitulo />
    <Texto><![CDATA[<p>ACÓRDÃO Nº 4543/2022 - TCU - 2ª Câmara</p><p>1. Processo nº TC 043.806/2021-0.</p><p>2. Grupo I - Classe de Assunto: V - Aposentadoria.</p><p>3. Interessados/Responsáveis:</p><p>3.1. Interessado: Jose Ferreira Braga (297.265.813-20).</p><p>4. Órgão/Entidade: Departamento Nacional de Obras Contra as Secas.</p><p>5. Relator: Ministro Bruno Dantas.</p><p>6. Representante do Ministério Público: Procuradora-Geral Cristina Machado da Costa e Silva.</p><p>7. Unidade Técnica: Secretaria de Fiscalização de Integridade de Atos e Pagamentos de Pessoal e de Benefícios Sociais (Sefip).</p><p>8. Representação legal: não há</p><p>9. Acórdão:</p><p>VISTOS, relatados e discutidos estes autos em que se aprecia ato de aposentadoria,</p><p>ACORDAM os Ministros do Tribunal de Contas da União, reunidos em sessão da Segunda Câmara, diante das razões expostas pelo Relator, e com fundamento no art. 71, incisos III e IX, da Constituição Federal de 1988, c/c os arts. 1º, inciso V, 39, inciso II, e 45 da Lei 8.443/1992, e ainda com os arts. 260, § 1º, 261, caput e § 1º, e 262, caput e § 2º, do Regimento Interno do TCU, em:</p><p>9.1. considerar ilegal a aposentadoria de Jose Ferreira Braga, negando o registro ao ato correspondente;</p><p>9.2. dispensar o ressarcimento das quantias indevidamente recebidas de boa-fé (enunciado 106 da súmula da jurisprudência predominante do TCU);</p><p>9.3. determinar à unidade jurisdicionada que:</p><p>9.3.1. no prazo de 15 (quinze) dias, faça cessar os pagamentos decorrentes do ato ora considerado ilegal, sob pena de responsabilidade solidária da autoridade administrativa omissa, até a emissão de novo ato livre das irregularidades identificadas;</p><p>9.3.2. no prazo de 15 (quinze) dias, dê ciência do inteiro teor desta deliberação ao interessado, esclarecendo-lhe que o efeito suspensivo proveniente da interposição de recurso não o exime da devolução dos valores percebidos indevidamente após a notificação sobre o presente acórdão, em caso de não provimento do recurso porventura impetrado;</p><p>9.3.3. no prazo de 30 (trinta) dias, informe ao TCU as medidas adotadas, sem prejuízo de encaminhar comprovante sobre a data em que o interessado tomou conhecimento deste acórdão;</p><p>9.4. dar ciência deste acórdão à unidade jurisdicionada.</p><p>10. Ata n° 29/2022 - 2ª Câmara.</p><p>11. Data da Sessão: 23/8/2022 - Ordinária.</p><p>12. Código eletrônico para localização na página do TCU na Internet: AC-4543-29/22-2.</p><p>13. Especificação do quórum:</p><p>13.1. Ministros presentes: Augusto Nardes (na Presidência), Aroldo Cedraz, Bruno Dantas (Relator) e Antonio Anastasia.</p><p>13.2. Ministros-Substitutos presentes: Marcos Bemquerer Costa e André Luís de Carvalho.</p><p>ACÓRDÃO Nº 4544/2022 - TCU - 2ª Câmara</p><p>1. Processo nº TC 045.017/2021-2.</p><p>2. Grupo II - Classe de Assunto: V - Aposentadoria.</p><p>3. Interessados/Responsáveis:</p><p>3.1. Interessado: Maria Lucia Cisneiros da Costa Reis (127.927.724-68).</p><p>4. Órgão/Entidade: Departamento Nacional de Obras Contra as Secas.</p><p>5. Relator: Ministro Bruno Dantas.</p><p>6. Representante do Ministério Público: Procurador Marinus Eduardo De Vries Marsico.</p><p>7. Unidade Técnica: Secretaria de Fiscalização de Integridade de Atos e Pagamentos de Pessoal e de Benefícios Sociais (Sefip).</p><p>8. Representação legal: não há</p><p>9. Acórdão:</p><p>VISTOS, relatados e discutidos estes autos em que se aprecia ato de aposentadoria,</p><p>ACORDAM os Ministros do Tribunal de Contas da União, reunidos em sessão da Segunda Câmara, diante das razões expostas pelo Relator, e com fundamento no art. 71, incisos III e IX, da Constituição Federal de 1988, c/c os arts. 1º, inciso V, 39, inciso II, e 45 da Lei 8.443/1992, e ainda com os arts. 260, § 1º, 261, caput e § 1º, e 262, caput e § 2º, do Regimento Interno do TCU, em:</p><p>9.1. considerar ilegal a aposentadoria de Maria Lucia Cisneiros da Costa Reis, negando o registro ao ato correspondente;</p><p>9.2. dispensar o ressarcimento das quantias indevidamente recebidas de boa-fé (enunciado 106 da súmula da jurisprudência predominante do TCU);</p><p>9.3. determinar à unidade jurisdicionada que:</p><p>9.3.1. no prazo de 15 (quinze) dias, faça cessar os pagamentos decorrentes do ato ora considerado ilegal, sob pena de responsabilidade solidária da autoridade administrativa omissa, até a emissão de novo ato livre das irregularidades identificadas;</p><p>9.3.2. no prazo de 15 (quinze) dias, dê ciência do inteiro teor desta deliberação à interessada, esclarecendo-lhe que o efeito suspensivo proveniente da interposição de recurso não a exime da devolução dos valores percebidos indevidamente após a notificação sobre o presente acórdão, em caso de não provimento do recurso porventura impetrado;</p><p>9.3.3. no prazo de 30 (trinta) dias, informe ao TCU as medidas adotadas, sem prejuízo de encaminhar comprovante sobre a data em que a interessada tomou conhecimento deste acórdão;</p><p>9.4. dar ciência deste acórdão à unidade jurisdicionada.</p><p>10. Ata n° 29/2022 - 2ª Câmara.</p><p>11. Data da Sessão: 23/8/2022 - Ordinária.</p><p>12. Código eletrônico para localização na página do TCU na Internet: AC-4544-29/22-2.</p><p>13. Especificação do quórum:</p><p>13.1. Ministros presentes: Augusto Nardes (na Presidência), Aroldo Cedraz, Bruno Dantas (Relator) e Antonio Anastasia.</p><p>13.2. Ministros-Substitutos presentes: Marcos Bemquerer Costa e André Luís de Carvalho.</p><p>ACÓRDÃO Nº 4545/2022 - TCU - 2ª Câmara</p><p>1. Processo nº TC 045.951/2020-9.</p><p>2. Grupo I - Classe de Assunto: V - Aposentadoria.</p><p>3. Interessados/Responsáveis:</p><p>3.1. Interessados: Ana Lucia Valencio da Silveira (561.961.219-87); Idelir Eler (232.992.829-72); Iracilda Rotta (318.536.509-78); Orelina Ferrari (127.738.858-05); Wilmar Barbosa (185.255.719-20).</p><p>4. Órgão/Entidade: Universidade Federal do Paraná.</p><p>5. Relator: Ministro Bruno Dantas.</p><p>6. Representante do Ministério Público: Procuradora-Geral Cristina Machado da Costa e Silva.</p><p>7. Unidade Técnica: Secretaria de Fiscalização de Integridade de Atos e Pagamentos de Pessoal e de Benefícios Sociais (Sefip).</p><p>8. Representação legal: não há</p><p>9. Acórdão:</p><p>VISTOS, relatados e discutidos estes autos em que se apreciam atos de aposentadoria emitidos pela Universidade Federal do Paraná,</p><p>ACORDAM os Ministros do Tribunal de Contas da União, reunidos em sessão da Segunda Câmara, diante das razões expostas pelo Relator, e com fundamento no art. 71, incisos III e IX, da Constituição Federal de 1988, c/c os arts. 1º, inciso V, 39, inciso II, e 45 da Lei 8.443/1992, e ainda com os arts. 260, § 1º, 261, caput e § 1º, e 262, caput e § 2º, do Regimento Interno do TCU, em:</p><p>9.1. considerar legais as aposentadorias de Ana Lucia Valencio da Silveira e Wilmar Barbosa, concedendo o registro aos atos correspondentes;</p><p>9.2. considerar ilegais as aposentadorias de Idelir Eler, Iracilda Rotta e Orelina Ferrari, negando o registro aos atos correspondentes;</p><p>9.3. dispensar o ressarcimento das quantias indevidamente recebidas de boa-fé (enunciado 106 da súmula da jurisprudência predominante do TCU);</p><p>9.4. determinar à unidade jurisdicionada que:</p><p>9.4.1. no prazo de 15 (quinze) dias, faça cessar os pagamentos decorrentes dos atos ora considerados ilegais, sob pena de responsabilidade solidária da autoridade administrativa omissa, até a emissão de novos atos livres das irregularidades identificadas;</p><p>9.4.2. no prazo de 15 (quinze) dias, dê ciência do inteiro teor desta deliberação aos interessados cujos atos ora são considerados ilegais, esclarecendo-lhes que o efeito suspensivo proveniente da interposição de recurso não os exime da devolução dos valores percebidos indevidamente após a notificação sobre o presente acórdão, em caso de não provimento do recurso porventura impetrado;</p><p>9.4.3. no prazo de 30 (trinta) dias, informe ao TCU as medidas adotadas, sem prejuízo de encaminhar comprovante sobre a data em que os interessados tomaram conhecimento deste acórdão;</p><p>9.5. dar ciência deste acórdão à unidade jurisdicionada.</p><p>10. Ata n° 29/2022 - 2ª Câmara.</p><p>11. Data da Sessão: 23/8/2022 - Ordinária.</p><p>12. Código eletrônico para localização na página do TCU na Internet: AC-4545-29/22-2.</p><p>13. Especificação do quórum:</p><p>13.1. Ministros presentes: Augusto Nardes (na Presidência), Aroldo Cedraz, Bruno Dantas (Relator) e Antonio Anastasia.</p><p>13.2. Ministros-Substitutos presentes: Marcos Bemquerer Costa e André Luís de Carvalho.</p><p>ACÓRDÃO Nº 4546/2022 - TCU - 2ª Câmara</p><p>VISTOS e relacionados estes autos de ato de concessão de aposentadoria emitido pelo Ministério da Saúde em favor de Sulamita Kuipers, submetido a este Tribunal para fins de registro;</p><p>Considerando que a Secretaria de Fiscalização de Integridade de Atos e Pagamentos de Pessoal e de Benefícios Sociais (Sefip) e o Ministério Público junto ao TCU identificaram como irregularidade o pagamento de parcelas judiciais referentes a Plano Econômico;</p><p>Considerando o disciplinamento contido no Acórdão 1.857/2003-TCU-Plenário, confirmado pelo Acórdão 961/2006-TCU-Plenário, segundo o qual, em atos que contemplem parcelas relativas a planos econômicos, compete ao Tribunal considerá-los ilegais e negar-lhes o registro, mesmo diante de eventual decisão judicial favorável à continuidade do benefício, porquanto os pagamentos da espécie não se incorporam à remuneração em caráter permanente, pois têm natureza de antecipação salarial, conforme o Enunciado 322 da Súmula do TST;</p><p>Considerando o entendimento igualmente firmado nos sobreditos acórdãos no sentido de que não representa afronta à coisa julgada a decisão posterior deste Tribunal que afaste pagamentos oriundos de sentenças judiciais cujo suporte fático de aplicação já se tenha exaurido;</p><p>Considerando que consoante Acórdão 1.614/2019-Plenário, de relatoria da Ministra Ana Arraes, devem ser absorvidas ou eliminadas da estrutura remuneratória dos servidores públicos federais, conforme o caso, o pagamento das seguintes rubricas judiciais: a) Plano Bresser (reajuste de 26,06%, referente à inflação de junho de 1987) ; b) URP de abril e maio de 1988 (16,19%) ; c) Plano Verão (URP de fevereiro de 1989, com o índice de 26,05%) ; d) Plano Collor (1990, com o índice de 84,32%) ; e) incorporação de horas extras; f) vantagem pessoal do art. 5º do Decreto 95.689/1988, concedida com o fito de evitar o decesso remuneratório em razão do reenquadramento de docentes e técnicos administrativos no Plano Único de Classificação e Retribuição de Cargos e Empregos; g) percentual de 28,86%, referente ao reajuste concedido exclusivamente aos militares pelas Leis 8.622/1993 e 8.627/1993, posteriormente estendido aos servidores civis pela Medida Provisória 1.704/1998; h) percentual de 3,17%, em função de perda remuneratória decorrente da aplicação errônea dos critérios de reajuste em face da URV (referente ao Plano Real) ; e i) percentual de 10,8%, concedido exclusivamente para proventos de aposentadoria e pensão civil;</p><p>Considerando ainda que, conforme jurisprudência pacífica tanto no âmbito do STJ como do STF, não há que se falar em direito adquirido a regime de vencimentos, de forma que alterações posteriores devem absorver as vantagens decorrentes de decisões judiciais cujo suporte fático já se tenha exaurido, resguardada a irredutibilidade remuneratória (e.g., MS 13.721-DF/STJ, MS 11.145-DF/STJ, RE 241.884-ES/STF, RE 559.019-SC/STF, MS 26.980-DF/STF);</p><p>Considerando que, em obediência ao sobredito entendimento, a unidade jurisdicionada não poderia afastar-se da aplicação da metodologia explicitada no Acórdão 2.161/2005-TCU-Plenário, obedecidos os detalhamentos constantes do Acórdão 269/2012-TCU-Plenário, ou seja, com transformação da vantagem inquinada em VPNI, sujeita apenas aos reajustes gerais do funcionalismo, e que deveria ser paulatinamente absorvida em razão de reestruturações de carreira ocorridas posteriormente;</p><p>Considerando que diversos foram os normativos que, de alguma forma, alteraram a estrutura remuneratória da carreira dos servidores da entidade de origem e que deveriam ter ensejado a absorção da parcela judicial inquinada;</p><p>Considerando que o Supremo Tribunal Federal, ao julgar o Recurso Extraordinário 596.663, que teve repercussão geral reconhecida, assentou a tese de que a sentença que reconhece ao trabalhador ou ao servidor o direito a determinado percentual de acréscimo remuneratório deixa de ter eficácia a partir da superveniente incorporação definitiva do referido percentual nos seus ganhos;</p><p>Considerando, finalmente, os pareceres da Sefip e do Ministério Público junto a este Tribunal, pela ilegalidade do ato em referência, em face da irregularidade apontada nos autos, envolvendo questão jurídica de solução já compendiada em enunciados da Súmula da Jurisprudência do TCU;</p><p>Considerando que este Tribunal, por meio do Acórdão 1.414/2021-TCU-Plenário (Rel. Min. Walton Alencar), fixou entendimento no sentido da possibilidade de apreciação de ato sujeito a registro mediante relação, na forma do art. 143, inciso II, do Regimento Interno do TCU, nas hipóteses em que a ilegalidade do ato decorra exclusivamente de questão jurídica de solução já pacificada na jurisprudência desta Corte de Contas;</p><p>Considerando que o ato ora examinado deu entrada nesta Corte há menos de cinco anos, estando, assim, de acordo com a tese fixada pelo Supremo Tribunal Federal, no julgamento do RE 636.553/RS, da relatoria do E. Ministro Gilmar Mendes (de 19/2/2020, Plenário, Ata 75/2020, DJE nº 129);</p><p>Considerando os pareceres convergentes da Secretaria de Fiscalização de Integridade de Atos e Pagamentos de Pessoal e de Benefícios Sociais (Sefip) e do Ministério Público de Contas;</p><p>Considerando a presunção de boa-fé da interessada;</p><p>Os Ministros do Tribunal de Contas da União ACORDAM, por unanimidade, com fundamento no art. 71, incisos III e IX, da Constituição Federal de 1988, c/c os arts. 1º, inciso V, 39, inciso II, e 45, caput, da Lei 8.443/1992, e ainda com os arts. 143, inciso II, parte final, 260, § 1º, e 262, caput e § 2º, do Regimento Interno/TCU, bem assim com as Súmulas/TCU 276 e 279, em: considerar ilegal e recusar registro ao ato de concessão de aposentadoria emitido em favor de Sulamita Kuipers, em decorrência da inclusão de parcelas judiciais, decorrentes de Plano Econômico, na base de cálculo dos proventos; dispensar a devolução dos valores indevidamente recebidos até a data da ciência pela unidade de origem, do presente acórdão, com base no Enunciado 106 da Súmula da Jurisprudência do TCU; fazer as determinações especificadas no subitem 1.7 a seguir.</p><p>1. Processo TC-010.954/2022-8 (APOSENTADORIA)</p><p>1.1. Interessado: Sulamita Kuipers (085.388.592-34).</p><p>1.2. Órgão/Entidade: Ministério da Saúde.</p><p>1.3. Relator: Ministro Augusto Nardes.</p><p>1.4. Representante do Ministério Público: Procurador Rodrigo Medeiros de Lima.</p><p>1.5. Unidade Técnica: Secretaria de Fiscalização de Integridade de Atos e Pagamentos de Pessoal e de Benefícios Sociais (Sefip).</p><p>1.6. Representação legal: não há.</p><p>1.7. Determinar ao Ministério da Saúde que:</p><p>1.7.1. faça cessar os pagamentos decorrentes do ato impugnado, em especial as parcelas decorrentes de planos econômicos, comunicando ao TCU, no prazo de 15 (quinze) dias, as providências adotadas, nos termos do art. 262, caput, do Regimento Interno do TCU, art. 8º, caput, da Resolução-TCU 206/2007 e art. 19, caput, da Instrução Normativa-TCU 78/2018;</p><p>1.7.2. emita novo ato de aposentadoria, livre da irregularidade apontada, submetendo-o ao TCU, no prazo de 30 (trinta) dias, consoante os arts. 262, § 2º, do Regimento Interno do TCU e 19, § 3º, da Instrução Normativa TCU 78/2018;</p><p>1.7.3. comunique à interessada o teor desta decisão, alertando-a de que o efeito suspensivo proveniente da interposição de eventual recurso não a exime da devolução dos valores percebidos indevidamente após a respectiva notificação, caso o recurso não seja provido;</p><p>1.7.4. no prazo de 30 (trinta) dias, contados da ciência desta decisão, envie a este Tribunal documentos comprobatórios de que a interessada está ciente da presente deliberação;</p><p>1.8. dar ciência desta deliberação à interessada e ao órgão de origem.</p><p>ACÓRDÃO Nº 4547/2022 - TCU - 2ª Câmara</p><p>VISTOS e relacionados estes autos de ato de aposentadoria de Junia Regina de Faria Barreto emitido pela Fundação Universidade de Brasília, submetido a este Tribunal para fins de registro;</p><p>Considerando que, no ato enfocado nestes autos, as análises empreendidas revelam a irregularidade caracterizada pela manutenção, nos proventos, de parcela decorrente de decisão judicial referente à incorporação da URP (26,05%), não absorvida pelos posteriores acréscimos remuneratórios do cargo;</p><p>Considerando o disciplinamento dado à matéria pelo Acórdão 1.857/2003-TCU-Plenário (relator: Ministro Adylson Motta), confirmado pelo Acórdão 961/2006-TCU-Plenário (relator: Ministro Walton Alencar Rodrigues), a preconizar que os pagamentos de rubricas de reposição por perdas com planos econômicos, por força de decisões judiciais, não se perpetuam, dada sua natureza de antecipação salarial, a teor da Súmula-TST 322, devendo, assim, ser absorvidos pelos subsequentes aumentos remuneratórios do cargo;</p><p>Considerando o entendimento igualmente firmado nos sobreditos acórdãos, no sentido de que não representa afronta à coisa julgada a decisão posterior deste Tribunal que afaste pagamentos oriundos de sentenças judiciais cujo suporte fático já se tenha exaurido;</p><p>Considerando que a irregularidade tipificada é objeto de jurisprudência pacificada nesta Corte de Contas, a exemplo dos Acórdãos, entre outros: do Plenário, 1.614/2019 (relatora: Ministra Ana Arraes); da Primeira Câmara, 49/2022 (relator: Ministro Walton Alencar Rodrigues), 215/2022 (relator: Ministro Substituto Weder de Oliveira), 3.036/2022 (relator: Ministro Benjamin Zymler) e 3.068/2022 (relator: Ministro Jorge Oliveira); e da Segunda Câmara, 1.991/2022 (relator: Ministro Substituto Marcos Bemquerer), 2.457/2022 (relator: Ministro Bruno Dantas), 2.656/2022 (relator: Ministro Antonio Anastasia) e 2.720/2022 (relator: Ministro Aroldo Cedraz);</p><p>Considerando ainda que, conforme jurisprudência pacífica tanto no âmbito do STJ como do STF, não há direito adquirido a regime de vencimentos, de forma que alterações posteriores devem absorver as vantagens decorrentes de decisões judiciais com suporte fático exaurido, resguardada a irredutibilidade remuneratória (e.g., MS 13.721-DF/STJ, MS 11.145-DF/STJ, RE 241.884-ES/STF, RE 559.019-SC/STF, MS 26.980-DF/STF);</p><p>Considerando que a continuidade do pagamento ora inquinado decorre de decisão liminar proferida em Mandado de Segurança impetrado pelo respectivo sindicato junto ao Supremo Tribunal Federal, cujo trânsito em julgado não foi noticiado nos autos;</p><p>Considerando que a situação descrita não impede o julgamento do ato pela ilegalidade, com negativa de registro, mas sem interrupção dos pagamentos inquinados, em respeito ao provimento judicial, que, se não transitado em julgado, impõe determinação à unidade jurisdicionada para acompanhamento da ação, em conformidade com o decidido nos Acórdãos da Primeira Câmara 2.827/2022 (relator: Ministro Benjamin Zymler), 3.068/2022 (relator: Ministro Jorge Oliveira), 9.161/2021 (relator: Ministro Substituto Weder de Oliveira); e da Segunda Câmara, 2.151/2021 (relator: Ministro Augusto Nardes) e 2.644/2022 (relator: Ministro Aroldo Cedraz); e outros;</p><p>Considerando os pareceres convergentes da unidade técnica especializada e do Ministério Público junto a este Tribunal;</p><p>Considerando a presunção de boa-fé da interessada;</p><p>Considerando que este Tribunal, por meio do Acórdão 1.414/2021-TCU-Plenário (relator: Ministro Walton Alencar Rodrigues), fixou entendimento no sentido da possibilidade de apreciação de ato sujeito a registro mediante relação, na forma do art. 143, inciso II, do Regimento Interno do TCU, nas hipóteses em que a ilegalidade do ato decorra exclusivamente de questão jurídica de solução já pacificada na jurisprudência desta Corte de Contas;</p><p>ACORDAM os Ministros o Tribunal de Contas da União, reunidos em Sessão da Segunda Câmara, com fundamento nos arts. 1º, inciso V, e 39, inciso II, da Lei nº 8.443/92, c/c os arts. 17, inciso III; 143, inciso II e 260 e 262 do Regimento Interno/TCU, em considerar ilegal e negar registro ao ato de aposentadoria em favor de Junia Regina de Faria Barreto; dispensar o ressarcimento das quantias indevidamente recebidas de boa-fé, consoante o Enunciado nº 106 da Súmula de Jurisprudência deste Tribunal; e expedir os comandos discriminados no item 1.7.</p><p>1. Processo TC-011.871/2022-9 (APOSENTADORIA)</p><p>1.1. Interessado: Junia Regina de Faria Barreto (595.089.066-34).</p><p>1.2. Órgão/Entidade: Fundação Universidade de Brasília.</p><p>1.3. Relator: Ministro Augusto Nardes.</p><p>1.4. Representante do Ministério Público: Procurador Rodrigo Medeiros de Lima.</p><p>1.5. Unidade Técnica: Secretaria de Fiscalização de Integridade de Atos e Pagamentos de Pessoal e de Benefícios Sociais (Sefip).</p><p>1.6. Representação legal: não há.</p><p>1.7. Determinar à Fundação Universidade de Brasília, que:</p><p>1.7.1. acompanhe o curso do MS 28.819-DF, impetrado junto ao Supremo Tribunal Federal, pelo Sindicato dos Trabalhadores da Fundação Universidade de Brasília (SINTFUB/DF), e, em caso de insubsistência da decisão liminar que garante o pagamento da parcela de URP (26,05%) em favor dos substituídos, adote as providências cabíveis para:</p><p>1.7.1.1 no prazo de 15 (quinze) dias contados da ciência do fato, cessar os pagamentos da parcela inquinada, sob pena de responsabilidade solidária da autoridade administrativa omissa, nos termos do art. 262, caput, do RITCU;</p><p>1.7.1.2 emitir novo ato de aposentadoria da interessada indicado no item 1.1, livre da irregularidade apontada, disponibilizando-o a este Tribunal, por meio do Sistema e-Pessoal, nos termos e prazos fixados na IN-TCU 78/2018;</p><p>1.7.2. no prazo de trinta dias, contados da ciência da presente deliberação, disponibilize a este Tribunal, por meio do Sistema e-Pessoal, comprovante da data em que a interessada tomou conhecimento deste Acórdão, conforme art. 21, inciso I, da IN-TCU 78/2018;</p><p>1.8. dar ciência deste Acórdão à interessada e à Fundação Universidade de Brasília.</p><p>ACÓRDÃO Nº 4548/2022 - TCU - 2ª Câmara</p><p>Os Ministros do Tribunal de Contas da União, quanto ao processo a seguir relacionado, ACORDAM, por unanimidade, com fundamento nos arts. 71, inciso III, da Constituição Federal de 1998, 1º, inciso V, e 39, inciso II, da Lei nº 8.443, de 16 de julho de 1992, 143, inciso II, 259, inciso II, e 260, §§ 1º e 2º do Regimento Interno do TCU, em considerar legal, para fins de registro, o ato de concessão de aposentadoria de Sultane Maria Mussi, de acordo com os pareceres emitidos nos autos.</p><p>1. Processo TC-012.756/2022-9 (APOSENTADORIA)</p><p>1.1. Interessada: Sultane Maria Mussi (602.288.307-53).</p><p>1.2. Órgão/Entidade: Instituto Brasileiro do Meio Ambiente e dos Recursos Naturais Renováveis.</p><p>1.3. Relator: Ministro Augusto Nardes.</p><p>1.4. Representante do Ministério Público: Procurador Rodrigo Medeiros de Lima.</p><p>1.5. Unidade Técnica: Secretaria de Fiscalização de Integridade de Atos e Pagamentos de Pessoal e de Benefícios Sociais (Sefip).</p><p>1.6. Representação legal: não há.</p><p>1.7. Determinações/Recomendações/Orientações: não há.</p><p>ACÓRDÃO Nº 4549/2022 - TCU - 2ª Câmara</p><p>VISTO e relacionado este processo relativo ao ato de aposentadoria de Claudia Munhoz de Lima Castro emitido pelo Tribunal Regional do Trabalho da 2ª Região/SP e submetido a este Tribundal para fins de registro.</p><p>Considerando que as análises empreendidas pela Secretaria de Fiscalização de Integridade de Atos e Pagamentos de Pessoal e de Benefícios Sociais - Sefip detectaram a inclusão irregular nos proventos de parcelas decorrentes da incorporação de quintos ou décimos de funções comissionadas exercidas após 8/4/1998, além dos limites previstos nos arts. 3º e 5º da Lei 9.624/1998, que admitiam, após aquela data, apenas a contabilização de tempo residual para integralização de um décimo decorrente do exercício de função iniciado até 10/11/1997, data de publicação da Medida Provisória 1.595-14, convertida na Lei 9.527/1997, que extinguiu a vantagem dos quintos/décimos;</p><p>Considerando que a irregularidade em questão é objeto de jurisprudência pacificada nesta Corte de Contas, cf. Acórdãos 8.124/2021 (Rel. Min. Benjamin Zymler); 8.178/2021 e 8.187/2021 (Rel. Min. Walton Alencar); 8.492/2021 (Rel. Min. Vital do Rêgo); 8.684/2021 (Rel. Min. Jorge de Oliveira); 8.611/2021 (Rel. Min. Subst. Weder de Oliveira), todos da 1ª Câmara; e Acórdãos 13.963/2020 (Rel. Min. Raimundo Carreiro); 7.816/2021 (Rel. Min. Aroldo Cedraz); 7.999/2021 (de minha relatoria); 8.224/2021 (Rel. Min. Subst. André Luís de Carvalho); 8.254/2021 (Rel. Min. Bruno Dantas); 8.318/2021 (Rel. Min. Raimundo Carreiro); 8.319/2021 (Rel. Min. Subst. Marcos Bemquerer Costa), todos da 2ª Câmara, especialmente a partir do julgamento pela Suprema Corte do RE 638.115/CE, da relatoria do E. Ministro Gilmar Mendes, com repercussão geral;</p><p>Considerando que, de forma geral, a parcela impugnada pode ter sido concedida a partir de decisão judicial transitada em julgado, de decisão judicial não transitada em julgado ou de decisão administrativa;</p><p>Considerando que, segundo a modulação de efeitos do julgamento do RE 638.115/CE feita pelo Supremo Tribunal Federal, os quintos ou décimos amparados por decisão judicial transitada em julgado poderão subsistir;</p><p>Considerando que, segundo a modulação de efeitos do julgamento do RE 638.115/CE feita pelo Supremo Tribunal Federal, os quintos ou décimos amparados por decisão judicial não transitada em julgado ou por decisão administrativa devem ser convertidos em parcela compensatória, a ser absorvida por reajustes futuros;</p><p>Considerando que as análises empreendidas na fase de instrução revelam também a irregularidade caracterizada pela inclusão nos proventos da vantagem "opção" oriunda do art. 193 da Lei 8.112/1990, benefício não aplicável aos servidores que implementaram o direito à aposentadoria após a publicação da Emenda Constitucional 20/1998 (16/12/1998);</p><p>Considerando que, no caso concreto, o direito à aposentadoria foi implementado após 16/12/1998;</p><p>Considerando que a irregularidade referente à parcela opção é objeto de jurisprudência pacificada nesta Corte de Contas, tendo por paradigma o Acórdão 1.599/2019-TCU-Plenário (Relator: Ministro Benjamin Zymler), acompanhado por iterativas deliberações, a exemplo dos Acórdãos 6.289/2021 (Relator: Ministro Jorge Oliveira); 8.186/2021 (Relator: Ministro Walton Alencar Rodrigues); 8.311/2021 (Relator: Ministro Vital do Rêgo); 8.477/2021 (Relator: Ministro Benjamin Zymler); e 8.694/2021 (Relator: Ministro Substituto Augusto Sherman), todos da 1ª Câmara; e 12.983/2020 (Relatora: Ministra Ana Arraes); 1.746/2021 (Relator: Ministro Augusto Nardes); 6.835/2021 (Relator: Ministro Aroldo Cedraz); 7.965/2021 (Relator: Ministro Substituto Marcos Bemquerer); 8.082/2021 (Relator: Ministro Raimundo Carreiro); e 8.111/2021 (Relator: Ministro Bruno Dantas), todos da 2ª Câmara, entre outros;</p><p>Considerando que, por meio do Acórdão 1.414/2021-Plenário (Rel. Min. Walton Alencar), este Tribunal fixou entendimento no sentido da possibilidade de apreciação de ato sujeito a registro mediante relação, na forma do artigo 143, inciso II, do Regimento Interno deste Tribunal, nas hipóteses em que a ilegalidade do ato decorra exclusivamente de questão jurídica de solução já pacificada na jurisprudência desta Corte de Contas;</p><p>Considerando a presunção de boa-fé da interessada;</p><p>Considerando que o ato ora examinado deu entrada no TCU há menos de cinco anos; e</p><p>Considerando, por fim, os pareceres convergentes da Sefip e do Ministério Público junto ao TCU - MPTCU.</p><p>ACORDAM os Ministros do Tribunal de Contas da União, reunidos em sessão da Segunda Câmara, com fundamento nos artigos 1º, inciso V, e 39, inciso II, da Lei 8.443/1992, c/c os artigos 17, inciso III, 143, inciso II, 260 e 262 do Regimento Interno, em considerar ilegal e negar registro ao ato de aposentadoria de Claudia Munhoz de Lima Castro; e expedir as determinações contidas no item 1.7 a seguir:</p><p>1. Processo TC-012.883/2022-0 (APOSENTADORIA)</p><p>1.1. Interessado: Claudia Munhoz de Lima Castro (100.391.778-07).</p><p>1.2. Órgão/Entidade: Tribunal Regional do Trabalho da 2ª Região/SP.</p><p>1.3. Relator: Ministro Augusto Nardes.</p><p>1.4. Representante do Ministério Público: Procurador Júlio Marcelo de Oliveira.</p><p>1.5. Unidade Técnica: Secretaria de Fiscalização de Integridade de Atos e Pagamentos de Pessoal e de Benefícios Sociais (Sefip).</p><p>1.6. Representação legal: não há.</p><p>1.7. Determinar ao Tribunal Regional do Trabalho da 2ª Região/SP que:</p><p>1.7.1. promova, no prazo de quinze dias, a contar da notificação desta decisão, caso a parcela de "quintos" incorporada em razão do exercício de funções comissionadas entre 8/4/1998 e 4/9/2001 tenha sido concedida por decisão judicial não transitada em julgado ou por decisão administrativa, o seu devido destaque e a transforme em parcela compensatória, devendo ela ser absorvida por quaisquer reajustes futuros, consoante decidido pelo STF no RE 638.115/CE;</p><p>1.7.2. faça cessar, no prazo quinze dias contados da ciência, os pagamentos decorrentes da parcela "opção", ora impugnada, sob pena de responsabilidade solidária da autoridade administrativa omissa, nos termos do art. 262 do Regimento Interno/TCU;</p><p>1.7.3 emita novo ato de aposentadoria da interessada, livre da irregularidade referente à parcela "opção", disponibilizando-o a este Tribunal, por meio do Sistema e-Pessoal, nos termos e prazos fixados na IN-TCU 78/2018;</p><p>1.7.4. dê ciência, no prazo de quinze dias, contados da notificação, do inteiro teor desta deliberação à interessada, alertando-a de que o efeito suspensivo proveniente da interposição de eventuais recursos junto ao TCU não a exime da devolução dos valores percebidos indevidamente, caso o recurso não seja provido;</p><p>1.7.5. no prazo de trinta dias, contados da ciência, disponibilize a este Tribunal, por meio do Sistema e-Pessoal, comprovante da data em que a interessada tomou conhecimento deste Acórdão, conforme art. 21, inciso I, da IN-TCU 78/2018;</p><p>1.8. dar ciência desta deliberação à interessada e ao órgão de origem.</p><p>ACÓRDÃO Nº 4550/2022 - TCU - 2ª Câmara</p><p>VISTO e relacionado este processo relativo ao ato de aposentadoria de Marta Lucia de Queiros de Freitas emitido pela Câmara dos Deputados e submetido a este Tribunal para fins de registro.</p><p>Considerando que as análises empreendidas pela Secretaria de Fiscalização de Integridade de Atos e Pagamentos de Pessoal e de Benefícios Sociais - Sefip detectaram a inclusão irregular nos proventos de parcelas decorrentes da incorporação de quintos ou décimos de funções comissionadas exercidas após 8/4/1998, além dos limites previstos nos arts. 3º e 5º da Lei 9.624/1998, que admitiam, após aquela data, apenas a contabilização de tempo residual para integralização de um décimo decorrente do exercício de função iniciado até 10/11/1997, data de publicação da Medida Provisória 1.595-14, convertida na Lei 9.527/1997, que extinguiu a vantagem dos quintos/décimos;</p><p>Considerando que a irregularidade em questão é objeto de jurisprudência pacificada nesta Corte de Contas, cf. Acórdãos 8.124/2021 (Rel. Min. Benjamin Zymler); 8.178/2021 e 8.187/2021 (Rel. Min. Walton Alencar); 8.492/2021 (Rel. Min. Vital do Rêgo); 8.684/2021 (Rel. Min. Jorge de Oliveira); 8.611/2021 (Rel. Min. Subst. Weder de Oliveira), todos da 1ª Câmara; e Acórdãos 13.963/2020 (Rel. Min. Raimundo Carreiro); 7.816/2021 (Rel. Min. Aroldo Cedraz); 7.999/2021 (de minha relatoria); 8.224/2021 (Rel. Min. Subst. André Luís de Carvalho); 8.254/2021 (Rel. Min. Bruno Dantas); 8.318/2021 (Rel. Min. Raimundo Carreiro); 8.319/2021 (Rel. Min. Subst. Marcos Bemquerer Costa), todos da 2ª Câmara, especialmente a partir do julgamento pela Suprema Corte do RE 638.115/CE, da relatoria do E. Ministro Gilmar Mendes, com repercussão geral;</p><p>Considerando que a parcela impugnada pode ter sido concedida a partir de decisão judicial transitada em julgado, de decisão judicial não transitada em julgado ou de decisão administrativa;</p><p>Considerando que, segundo a modulação de efeitos do julgamento do RE 638.115/CE feita pelo Supremo Tribunal Federal, os quintos ou décimos amparados por decisão judicial transitada em julgado poderão subsistir;</p><p>Considerando que, segundo a modulação de efeitos do julgamento do RE 638.115/CE feita pelo Supremo Tribunal Federal, os quintos ou décimos amparados por decisão judicial não transitada em julgado ou por decisão administrativa devem ser convertidos em parcela compensatória, a ser absorvida por reajustes futuros;</p><p>Considerando que este Tribunal detectou em outros processos de aposentadorias deferidas pela Câmara dos Deputados que houve a concessão de reajustes irregulares das parcelas de "quintos/décimos" tal como constatado neste ato de aposentadoria;</p><p>Considerando que, nos casos acima indicados, este Tribunal determinou à Câmara dos Deputados que promovesse o ajuste nas parcelas de "quintos/décimos", para que voltassem a refletir os valores anteriores à vigência da Lei 13.323/2016 (Acórdãos 3.538, 6.278 e 10.240, todos de 2021, da Primeira Câmara e de relatoria do ministro Vital do Rêgo; e 6.857/2021 - Segunda Câmara, relator ministro Raimundo Carreiro);</p><p>Considerando que, por meio do Acórdão 1.414/2021-Plenário (Rel. Min. Walton Alencar), este Tribunal fixou entendimento no sentido da possibilidade de apreciação de ato sujeito a registro mediante relação, na forma do artigo 143, inciso II, do Regimento Interno deste Tribunal, nas hipóteses em que a ilegalidade do ato decorra exclusivamente de questão jurídica de solução já pacificada na jurisprudência desta Corte de Contas;</p><p>Considerando a presunção de boa-fé da interessada;</p><p>Considerando que o ato ora examinado deu entrada no TCU há menos de cinco anos; e</p><p>Considerando, por fim, os pareceres convergentes da Sefip e do Ministério Público junto ao TCU - MPTCU.</p><p>ACORDAM os Ministros do Tribunal de Contas da União, reunidos em sessão da Segunda Câmara, com fundamento nos artigos 1º, inciso V, e 39, inciso II, da Lei 8.443/1992, c/c os artigos 17, inciso III, 143, inciso II, 260 e 262 do Regimento Interno, em considerar ilegal e negar registro aos atos de aposentadoria de Marta Lucia de Queiros de Freitas; e expedir as determinações contidas no item 1.7 a seguir:</p><p>1. Processo TC-013.679/2022-8 (APOSENTADORIA)</p><p>1.1. Interessado: Marta Lucia de Queiros de Freitas (290.975.681-53).</p><p>1.2. Órgão/Entidade: Câmara dos Deputados.</p><p>1.3. Relator: Ministro Augusto Nardes.</p><p>1.4. Representante do Ministério Público: Procurador Júlio Marcelo de Oliveira.</p><p>1.5. Unidade Técnica: Secretaria de Fiscalização de Integridade de Atos e Pagamentos de Pessoal e de Benefícios Sociais (Sefip).</p><p>1.6. Representação legal: não há.</p><p>1.7. Determinar à Câmara dos Deputados que:</p><p>1.7.1. promova, no prazo de 30 (trinta) dias, o ajuste na rubrica impugnada, nos proventos da interessada, para os valores anteriores à vigência da Lei 13.323/2016;</p><p>1.7.2. após o ajuste mencionado no item 1.7.1 promova, no prazo de quinze dias, a contar da notificação desta decisão, o destaque da parcela incorporada a partir do exercício de funções comissionadas entre 8/4/1998 e 4/9/2001 e a transforme em parcela compensatória, devendo a referida parcela ser absorvida por quaisquer reajustes futuros, consoante decidido pelo STF no RE 638.115/CE, caso a parcela de quintos tenha sido concedida por decisão judicial não transitada em julgado ou por decisão administrativa;</p><p>1.7.3. dê ciência, no prazo de quinze dias, a contar da notificação desta decisão, de seu inteiro teor à interessada e a alerte de que o efeito suspensivo proveniente da interposição de eventual recurso junto ao TCU não a eximirá da devolução dos valores percebidos indevidamente, caso o recurso não seja provido;</p><p>1.7.4. emita novo ato, livre das irregularidades ora apontadas, submetendo-o à nova apreciação por este Tribunal, na forma do artigo 260, caput, também do Regimento;</p><p>1.7.5. encaminhe ao TCU, no prazo de trinta dias, a contar da notificação desta decisão, comprovante da data de ciência do teor desta deliberação pela ex-servidora;</p><p>1.8. dar ciência desta deliberação à interessada e ao órgão de origem.</p><p>ACÓRDÃO Nº 4551/2022 - TCU - 2ª Câmara</p><p>Os Ministros do Tribunal de Contas da União, quanto ao processo a seguir relacionado, ACORDAM, por unanimidade, com fundamento nos arts. 71, inciso III, da Constituição Federal de 1998, 1º, inciso V, e 39, inciso II, da Lei nº 8.443, de 16 de julho de 1992, 143, inciso II, 259, inciso II, e 260, §§ 1º e 2º do Regimento Interno do TCU, em considerar legais, para fins de registro, os atos de concessão de aposentadoria dos interessados abaixo qualificados, de acordo com os pareceres emitidos nos autos.</p><p>1. Processo TC-014.540/2022-3 (APOSENTADORIA)</p><p>1.1. Interessados: Giselda Rosa da Silva (342.943.840-34); Yoshihiro Yamazaki (079.292.858-04).</p><p>1.2. Órgão/Entidade: Universidade Federal de Pelotas.</p><p>1.3. Relator: Ministro Augusto Nardes.</p><p>1.4. Representante do Ministério Público: Procurador Rodrigo Medeiros de Lima.</p><p>1.5. Unidade Técnica: Secretaria de Fiscalização de Integridade de Atos e Pagamentos de Pessoal e de Benefícios Sociais (Sefip).</p><p>1.6. Representação legal: não há.</p><p>1.7. Determinações/Recomendações/Orientações: não há.</p><p>ACÓRDÃO Nº 4552/2022 - TCU - 2ª Câmara</p><p>Os Ministros do Tribunal de Contas da União, quanto ao processo a seguir relacionado, ACORDAM, por unanimidade, com fundamento nos arts. 71, inciso III, da Constituição Federal de 1998, 1º, inciso V, e 39, inciso II, da Lei nº 8.443, de 16 de julho de 1992, 143, inciso II, 259, inciso II, e 260, §§ 1º e 2º do Regimento Interno do TCU, em considerar legal, para fins de registro, o ato de concessão de aposentadoria de Marlene da Silva, de acordo com os pareceres emitidos nos autos.</p><p>1. Processo TC-014.575/2022-1 (APOSENTADORIA)</p><p>1.1. Interessada: Marlene da Silva (094.540.368-23).</p><p>1.2. Órgão/Entidade: Instituto Nacional do Seguro Social.</p><p>1.3. Relator: Ministro Augusto Nardes.</p><p>1.4. Representante do Ministério Público: Procurador Rodrigo Medeiros de Lima.</p><p>1.5. Unidade Técnica: Secretaria de Fiscalização de Integridade de Atos e Pagamentos de Pessoal e de Benefícios Sociais (Sefip).</p><p>1.6. Representação legal: não há.</p><p>1.7. Determinações/Recomendações/Orientações: não há.</p><p>ACÓRDÃO Nº 4553/2022 - TCU - 2ª Câmara</p><p>Os Ministros do Tribunal de Contas da União, quanto ao processo a seguir relacionado, ACORDAM, por unanimidade, com fundamento nos arts. 71, inciso III, da Constituição Federal de 1998, 1º, inciso V, e 39, inciso II, da Lei nº 8.443, de 16 de julho de 1992, 143, inciso II, 259, inciso II, e 260, §§ 1º e 2º do Regimento Interno do TCU, em considerar legais, para fins de registro, os atos de concessão de aposentadoria dos interessados abaixo qualificados, de acordo com os pareceres emitidos nos autos.</p><p>1. Processo TC-014.588/2022-6 (APOSENTADORIA)</p><p>1.1. Interessados: Antonio Jose Dantas Cordeiro (064.467.605-15); Edvaldo Santos Sousa (080.665.905-04); Maria Auxiliadora de Farias Franca (100.587.535-91); Marilia Cavalcante Castello Branco (231.508.825-91); Marinalva Moitinho Sampaio (104.894.955-91).</p><p>1.2. Órgão/Entidade: Instituto Nacional do Seguro Social.</p><p>1.3. Relator: Ministro Augusto Nardes.</p><p>1.4. Representante do Ministério Público: Procuradora-Geral Cristina Machado da Costa e Silva.</p><p>1.5. Unidade Técnica: Secretaria de Fiscalização de Integridade de Atos e Pagamentos de Pessoal e de Benefícios Sociais (Sefip).</p><p>1.6. Representação legal: não há.</p><p>1.7. Determinações/Recomendações/Orientações: não há.</p><p>ACÓRDÃO Nº 4554/2022 - TCU - 2ª Câmara</p><p>Os Ministros do Tribunal de Contas da União, quanto ao processo a seguir relacionado, ACORDAM, por unanimidade, com fundamento nos arts. 71, inciso III, da Constituição Federal de 1998, 1º, inciso V, e 39, inciso II, da Lei nº 8.443, de 16 de julho de 1992, 143, inciso II, 259, inciso II, e 260, §§ 1º e 2º do Regimento Interno do TCU, em considerar legal, para fins de registro, o ato de concessão de aposentadoria de Marlene do Espirito Santo Ribeiro, de acordo com os pareceres emitidos nos autos.</p><p>1. Processo TC-014.604/2022-1 (APOSENTADORIA)</p><p>1.1. Interessada: Marlene do Espirito Santo Ribeiro (104.672.462-20).</p><p>1.2. Órgão/Entidade: Departamento Nacional de Infraestrutura de Transportes.</p><p>1.3. Relator: Ministro Augusto Nardes.</p><p>1.4. Representante do Ministério Público: Procurador Rodrigo Medeiros de Lima.</p><p>1.5. Unidade Técnica: Secretaria de Fiscalização de Integridade de Atos e Pagamentos de Pessoal e de Benefícios Sociais (Sefip).</p><p>1.6. Representação legal: não há.</p><p>1.7. Determinações/Recomendações/Orientações: não há.</p><p>ACÓRDÃO Nº 4555/2022 - TCU - 2ª Câmara</p><p>Os Ministros do Tribunal de Contas da União, quanto ao processo a seguir relacionado, ACORDAM, por unanimidade, com fundamento nos arts. 71, inciso III, da Constituição Federal de 1998, 1º, inciso V, e 39, inciso II, da Lei nº 8.443, de 16 de julho de 1992, 143, inciso II, 259, inciso II, e 260, §§ 1º e 2º do Regimento Interno do TCU, em considerar legais, para fins de registro, os atos de concessão de aposentadoria dos interessados abaixo qualificados, de acordo com os pareceres emitidos nos autos.</p><p>1. Processo TC-014.660/2022-9 (APOSENTADORIA)</p><p>1.1. Interessados: Alda Lucia Correa Barreto (029.908.492-20); Silvio Jose Gama (100.530.939-68).</p><p>1.2. Órgão/Entidade: Departamento de Polícia Rodoviária Federal.</p><p>1.3. Relator: Ministro Augusto Nardes.</p><p>1.4. Representante do Ministério Público: Procurador Júlio Marcelo de Oliveira.</p><p>1.5. Unidade Técnica: Secretaria de Fiscalização de Integridade de Atos e Pagamentos de Pessoal e de Benefícios Sociais (Sefip).</p><p>1.6. Representação legal: não há.</p><p>1.7. Determinações/Recomendações/Orientações: não há.</p>]]></Texto>
  </body>
  <Midias />
</article></xml>