﻿<xml><article id="27743398" name="DOU1-PGR-PGR-1-PT-120-UNI-PGR-00" idOficio="9058981" pubName="DO1" artType="Portaria" pubDate="30/08/2022" artClass="00043:00002:00000:00000:00000:00000:00000:00000:00000:00000:00054:00000" artCategory="Ministério Público da União/Atos do Procurador-Geral da República" artSize="12" artNotes="" numberPage="292" pdfPage="http://pesquisa.in.gov.br/imprensa/jsp/visualiza/index.jsp?data=30/08/2022&amp;jornal=515&amp;pagina=292" editionNumber="165" highlightType="" highlightPriority="" highlight="" highlightimage="" highlightimagename="" idMateria="19842225">
  <body>
    <Identifica><![CDATA[ PORTARIA PGR/MPU Nº 120, DE 25 DE AGOSTO DE 2022]]></Identifica>
    <Data><![CDATA[]]></Data>
    <Ementa><![CDATA[ Altera a Portaria PGR/MPU nº 591, de 27 de outubro de 2005, a Portaria PGR/MPU nº 89, de 2 de junho de 2022 e a Portaria PGR/MPU nº 652, de 9 de dezembro de 2008.]]></Ementa>
    <Titulo />
    <SubTitulo />
    <Texto><![CDATA[<p class="identifica">PORTARIA PGR/MPU Nº 120, DE 25 DE AGOSTO DE 2022</p><p class="ementa">Altera a Portaria PGR/MPU nº 591, de 27 de outubro de 2005, a Portaria PGR/MPU nº 89, de 2 de junho de 2022 e a Portaria PGR/MPU nº 652, de 9 de dezembro de 2008.</p><p>O PROCURADOR-GERAL DA REPÚBLICA, no uso de suas atribuições, com fundamento no art. 26, incisos VIII e XIII, da Lei Complementar nº 75, de 20 de maio de 1993, resolve:</p><p>Art. 1º A Portaria PGR/MPU nº 591, de 27 de outubro de 2005, passa a vigorar com a seguinte redação:</p><p>"Art. 4º ........................... .................................................................................</p><p>§ 1º As escalas de férias dos membros dos serão organizadas semestralmente até 15 de março e 15 de setembro, de acordo com o período indicado pelo interessado, observada a preferência pela ordem de antiguidade na carreira. (NR)</p><p>...................................................................... ........................................................</p><p>§ 4º Não terá direito de preferência o membro do Ministério Público da União que deixar de indicar o período de gozo de suas férias no prazo previsto no § 1º. (NR)"</p><p>Art. 2º A Portaria PGR/MPU nº 89, de 2 de junho de 2022, passa a vigorar com a seguinte redação: "Art. 2º ..................................................................................................................</p><p>§ 1º Até que o sistema interno a que se refere o caput esteja adequado aos termos desta Portaria, a Secretaria Geral do MPF poderá aplicar o disposto na legislação revogada.</p><p>§ 2º Até que o sistema interno a que se refere o caput esteja adequado ao disposto no artigo 1º, § 5ª-A e §5º-B, a marcação das férias deverá ser realizada após a homologação da acumulação pelo Procurador-Chefe. "</p><p>Art. 3º A Portaria PGR/MPU nº 652, de 9 de dezembro de 2008, passa a vigorar com a seguinte redação:</p><p>"Art. 4º As escalas de férias serão organizadas semestralmente, até 15 de março e 15 de setembro, observado o interesse da Administração, de modo a garantir o funcionamento permanente de todas as unidades. "</p><p>Art. 4º No âmbito do Ministério Público Federal, a Secretaria de Tecnologia da Informação e Comunicação - STIC adequará os sistemas internos aos termos da Portaria PGR/MPU nº 652, de 9 de dezembro de 2008.</p><p>§1º Até que o sistema interno a que se refere o caput esteja adequado ao disposto no artigo 1º, § 8ª-A, §8º- B e artigo 1ª-A §6º, a marcação das férias deverá ser realizada após a homologação da acumulação pelo Secretário-Geral, Diretor-Geral ou Procurador-Chefe.</p><p>§2º Fica critério de cada ramo do Ministério Público da União adotar o disposto no parágrafo anterior.</p><p>Art. 5º Esta portaria produz efeitos a partir da data de sua publicação.</p><p class="assina">ANTÔNIO AUGUSTO BRANDÃO DE ARAS</p>]]></Texto>
  </body>
  <Midias />
</article></xml>