﻿<xml><article id="27744715" name="AC076_22 - Altera o AC 74-22 - D" idOficio="9059179" pubName="DO1" artType="Ato Normativo" pubDate="30/08/2022" artClass="00015:00046:00025:00000:00000:00000:00000:00000:00000:00000:00009:00000" artCategory="Ministério da Economia/Secretaria Especial do Tesouro e Orçamento/Conselho Nacional de Política Fazendária" artSize="24" artNotes="" numberPage="86" pdfPage="http://pesquisa.in.gov.br/imprensa/jsp/visualiza/index.jsp?data=30/08/2022&amp;jornal=515&amp;pagina=86" editionNumber="165" highlightType="" highlightPriority="" highlight="" highlightimage="" highlightimagename="" idMateria="19842594">
  <body>
    <Identifica><![CDATA[ ATO COTEPE/ICMS Nº 76, DE 26 DE AGOSTO DE 2022]]></Identifica>
    <Data><![CDATA[]]></Data>
    <Ementa><![CDATA[ Altera o Ato COTEPE/ICMS nº 74/22, que divulga a base de cálculo do ICMS, para fins de substituição tributária, nas operações com Diesel S10 e Óleo Diesel.]]></Ementa>
    <Titulo />
    <SubTitulo />
    <Texto><![CDATA[<p class="identifica">ATO COTEPE/ICMS Nº 76, DE 26 DE AGOSTO DE 2022</p><p class="ementa">Altera o Ato COTEPE/ICMS nº 74/22, que divulga a base de cálculo do ICMS, para fins de substituição tributária, nas operações com Diesel S10 e Óleo Diesel.</p><p>O Diretor da Secretaria-Executiva do Conselho Nacional de Política Fazendária - CONFAZ, no uso de suas atribuições que lhe confere o inciso XIII do art. 12 e o art. 35 do Regimento da Comissão Técnica Permanente do ICMS - COTEPE/ICMS, de 12 de dezembro de 1997, por este ato, tendo em vista o disposto no art. 7º da Lei Complementar nº 192, 11 de março de 2022, bem como na cláusula segunda do Convênio ICMS nº 81, 28 de junho de 2022,</p><p>CONSIDERANDO a decisão judicial prolatada em caráter cautelar no âmbito da Ação Direta de Inconstitucionalidade nº 7164 pelo Min. André Mendonça, e</p><p>CONSIDERANDO os valores da média móvel dos preços médios praticados ao consumidor final nos 60 (sessenta) meses anteriores a sua fixação, recebido da Secretaria de Fazenda do Estado do Paraná no dia 26 de agosto de 2022, registrado no Processo SEI nº 12004.100589/2022-16, torna público:</p><p>Art. 1º O item 18 do Ato COTEPE/ICMS nº 74, de 24 de agosto de 2022, referente ao Estado do Paraná, passa a vigorar com a seguinte redação:</p><p>"</p><p /><p></p><table><tr /><tr><td rowspan="1" colspan="1"><p><strong>ITEM</strong></p></td><td rowspan="1" colspan="1"><p>UF</p></td><td rowspan="1" colspan="1"><p>DIESEL S10</p><p>(R$/ litro)</p></td><td rowspan="1" colspan="1"><p>ÓLEO DIESEL</p><p>(R$/ litro)</p></td></tr><tr><td rowspan="1" colspan="1"><p>1<strong>8</strong></p></td><td rowspan="1" colspan="1"><p>PR</p></td><td rowspan="1" colspan="1"><p>*3,9104</p></td><td rowspan="1" colspan="1"><p>*3,8236</p></td></tr></table><p>" .</p><p>Art. 2º Este ato entra em vigor na data da sua publicação no Diário Oficial da União.</p><p class="assina">CARLOS HENRIQUE DE AZEVEDO OLIVEIRA</p>]]></Texto>
  </body>
  <Midias />
</article></xml>