﻿<xml><article id="27738302" name="P10RF137 secao1" idOficio="9058038" pubName="DO1" artType="Portaria" pubDate="30/08/2022" artClass="00015:00045:00432:00102:00000:00000:00000:00000:00000:00000:00054:00000" artCategory="Ministério da Economia/Secretaria Especial da Receita Federal do Brasil/Subsecretaria-Geral da Receita Federal do Brasil/Superintendência Regional da 10ª Região Fiscal" artSize="12" artNotes="" numberPage="85" pdfPage="http://pesquisa.in.gov.br/imprensa/jsp/visualiza/index.jsp?data=30/08/2022&amp;jornal=515&amp;pagina=85" editionNumber="165" highlightType="" highlightPriority="" highlight="" highlightimage="" highlightimagename="" idMateria="19840910">
  <body>
    <Identifica><![CDATA[ PORTARIA SRRF10 Nº 137, DE 25 DE AGOSTO DE 2022]]></Identifica>
    <Data><![CDATA[]]></Data>
    <Ementa><![CDATA[ Altera a Portaria SRRF10 nº 17, de 12 de março de 2021, que delega competências no âmbito da 10ª Região Fiscal.]]></Ementa>
    <Titulo />
    <SubTitulo />
    <Texto><![CDATA[<p class="identifica">PORTARIA SRRF10 Nº 137, DE 25 DE AGOSTO DE 2022</p><p class="ementa">Altera a Portaria SRRF10 nº 17, de 12 de março de 2021, que delega competências no âmbito da 10ª Região Fiscal.</p><p>O SUPERINTENDENTE DA RECEITA FEDERAL DO BRASIL DA 10ª REGIÃO FISCAL, no uso das atribuições que lhe conferem os arts. 359 e 364 do Regimento Interno da Secretaria Especial da Receita Federal do Brasil, aprovado pela Portaria ME nº 284, de 27 de julho de 2020, tendo em vista o disposto no art. 75, incisos I e II, da Lei nº 14.133, de 1º de abril de 2021, no art. 97, inciso IV, da Portaria RFB nº 200, de 18 de julho de 2022, no art. 19 da Portaria RFB nº 20, de 5 de abril de 2021, e considerando o disposto nos arts. 11 e 12 do Decreto-Lei nº 200, de 25 de fevereiro de 1967, regulamentados pelo Decreto nº 83.937, de 6 de setembro de 1979, resolve:</p><p>Art. 1º A Portaria SRRF10 nº 17, de 12 de março de 2021, publicada no Diário Oficial da União de 16 de março de 2021, passa a vigorar com as seguintes alterações:</p><p>"Art. 3º Fica subdelegada competência ao Superintendente-Adjunto substituto do Superintendente da Receita Federal do Brasil da 10ª Região Fiscal para a prática dos atos previstos no art. 97, inciso IV, da Portaria RFB nº 200, de 18 de julho de 2022, observado o disposto nessa mesma Portaria e nas demais normas pertinentes a destinação de mercadorias apreendidas." (NR)</p><p>"Art. 5º ...................................................................................</p><p>VII - autorizar a realização de licitações para contratações que envolvam valores situados dentro dos limites estabelecidos, conforme o objeto da contratação, nos incisos I e II do art. 75 da Lei nº 14.133, de 1º de abril de 2021." (NR)</p><p>"Art. 9º-A Fica delegada competência aos Auditores-Fiscais da Receita Federal do Brasil em exercício na SRRF10 para, em relação aos processos administrativos e às ações fiscais sob sua responsabilidade, expedir ofícios, conforme o disposto no art. 19 da Portaria RFB nº 20, de 5 de abril de 2021, inclusive em atendimento a requisições, intimações e pedidos de informações em geral, internos ou externos, observadas as limitações impostas pela legislação vigente." (NR)</p><p>Art. 2º Esta Portaria será publicada no Diário Oficial da União e entrará em vigor em 1º de setembro de 2022.</p><p class="assina">ALTEMIR LINHARES DE MELO</p>]]></Texto>
  </body>
  <Midias />
</article></xml>