﻿<xml><article id="27738245" name="SCCOSIT98027A98029 98041 98085 9" idOficio="9058038" pubName="DO1" artType="Solução de Consulta" pubDate="30/08/2022" artClass="00015:00045:00432:00021:00004:00000:00000:00000:00000:00000:00067:00000" artCategory="Ministério da Economia/Secretaria Especial da Receita Federal do Brasil/Subsecretaria-Geral da Receita Federal do Brasil/Subsecretaria de Tributação e Contencioso/Coordenação-Geral de Tributação" artSize="12" artNotes="" numberPage="77" pdfPage="http://pesquisa.in.gov.br/imprensa/jsp/visualiza/index.jsp?data=30/08/2022&amp;jornal=515&amp;pagina=77" editionNumber="165" highlightType="" highlightPriority="" highlight="" highlightimage="" highlightimagename="" idMateria="19840913">
  <body>
    <Identifica><![CDATA[ SOLUÇÃO DE CONSULTA Nº 98.027, DE 14 DE ABRIL DE 2022]]></Identifica>
    <Data><![CDATA[]]></Data>
    <Ementa />
    <Titulo />
    <SubTitulo />
    <Texto><![CDATA[<p class="identifica">SOLUÇÃO DE CONSULTA Nº 98.027, DE 14 DE ABRIL DE 2022</p><p>Assunto: Classificação de Mercadorias</p><p>Código NCM: 8471.49.00</p><p>Mercadoria: Máquina automática para processamento de dados, apresentada sob a forma de sistema, composta de um rack metálico com porta dianteira e porta traseira, com 202 cm de altura, 64,8 cm de largura, 109,2 cm de profundidade e 620 kg, utilizada para aumento de capacidade de processamento de dados e de armazenamento de dados de servidores de aplicações (computadores) de plataforma alta ou baixa, contendo: 5 servidores power com 2 HDs de 600 GB; 1 unidade de DVD; 2 unidades de armazenamento flash com 12 módulos de 8,5 TB cada e 2 baterias de proteção; 6 switches; 1 console Raritan constituído por teclado, mouse e monitor; cabos de rede RJ45, cabos de energia, transformadores de potência e painel de conexões (patchpanel).</p><p>Dispositivos Legais: RGI 1 (Nota 6 do Capítulo 84) e RGI 6 (Nota de Subposição 2 do Capítulo 84) da NCM constante da TEC aprovada pela Resolução Camex nº 272, de 19 de novembro de 2021, e da Tipi, aprovada pelo Decreto nº 10.923, de 30 de dezembro de 2021, e subsídios extraídos das Nesh, aprovadas pelo Decreto nº 435, de 1992, e atualizadas pela IN RFB nº 1.788, de 2018, e alterações posteriores.</p><p class="assina">CARLOS HUMBERTO STECKEL</p><p class="cargo">Presidente da 2ª Turma do Ceclam</p><p class="identifica">SOLUÇÃO DE CONSULTA Nº 98.028, DE 14 DE ABRIL DE 2022</p><p>Assunto: Classificação de Mercadorias</p><p>Código NCM: 8471.49.00</p><p>Mercadoria: Máquina automática para processamento de dados, apresentada sob a forma de sistema, composta de um rack metálico com porta dianteira e porta traseira, com 202 cm de altura, 64,8 cm de largura, 109,2 cm de profundidade e 710 kg, utilizada para aumento de capacidade de processamento de dados e de armazenamento de dados de servidores de aplicações (computadores) de plataforma alta ou baixa, contendo: 7 servidores power com 2 HDs de 600 GB; 1 unidade de DVD; 3 unidades de armazenamento flash com 12 módulos de 8,5 TB cada e 3 baterias de proteção; 6 switches; 1 console Raritan constituído por teclado, mouse e monitor; cabos de rede RJ45, cabos de energia, transformadores de potência e painel de conexões (patchpanel).</p><p>Dispositivos Legais: RGI 1 (Nota 6 do Capítulo 84) e RGI 6 (Nota de Subposição 2 do Capítulo 84) da NCM constante da TEC aprovada pela Resolução Camex nº 272, de 19 de novembro de 2021, e da Tipi, aprovada pelo Decreto nº 10.923, de 30 de dezembro de 2021, e subsídios extraídos das Nesh, aprovadas pelo Decreto nº 435, de 1992, e atualizadas pela IN RFB nº 1.788, de 2018, e alterações posteriores.</p><p class="assina">CARLOS HUMBERTO STECKEL</p><p class="cargo">Presidente da 2ª Turma do Ceclam</p><p class="identifica">SOLUÇÃO DE CONSULTA Nº 98.029, DE 14 DE ABRIL DE 2022</p><p>Assunto: Classificação de Mercadorias</p><p>Código NCM: 8509.80.90</p><p>Mercadoria: Umidificador de ar, de uso doméstico, provido de ventilador acionado por motor elétrico, transdutor piezelétrico, com tanque de água com capacidade de 3 litros, dimensões de 22,5 (L) x 18,5 (C) x 29 (A) cm, peso líquido de 1,03 kg e potência de 25 W, comercialmente denominado "Umidificador ultrassônico".</p><p>Dispositivos Legais: RGI 1 (Nota 4 do Capítulo 85), RGI 6 e RGC 1 da NCM/SH, constante da TEC aprovada pela Resolução Camex nº 272, de 19 de novembro de 2021, e da Tipi, aprovada pelo Decreto nº 10.923, de 30 de dezembro de 2021, e subsídios extraídos das Nesh, aprovadas pelo Decreto nº 435, de 1992, e atualizadas pela IN RFB nº 1.788, de 2018, e alterações posteriores.</p><p class="assina">CARLOS HUMBERTO STECKEL</p><p class="cargo">Presidente da 2ª Turma do Ceclam</p><p class="identifica">SOLUÇÃO DE CONSULTA Nº 98.041, DE 6 DE MAIO DE 2022</p><p>Assunto: Classificação de Mercadorias</p><p>Código NCM: 9018.90.69</p><p>Mercadoria: Aparelho destinado a medir a pressão arterial (sistólica e diastólica) e os batimentos cardíacos, de pulso, digital, a pilha, de uso doméstico e profissional.</p><p>Dispositivos Legais: RGI 1, RGI 6 e RGC 1 (Nota 3 do Capítulo 90 c/c Nota 3 da Seção XVI) da NCM/SH, constante da TEC, aprovada pela Resolução Gecex nº 272, de 19 de novembro de 2021, e da Tipi, aprovada pelo Decreto nº 10.923, de 30 de dezembro de 2021, e subsídios extraídos das Nesh, aprovadas pelo Decreto nº 435, de 1992, e atualizadas pela IN RFB nº 1.788, de 2018, e alterações posteriores.</p><p class="assina">CARLOS HUMBERTO STECKEL</p><p class="cargo">Presidente da 2ª Turma do Ceclam</p><p class="identifica">SOLUÇÃO DE CONSULTA Nº 98.085, DE 20 DE JUNHO DE 2022</p><p>Assunto: Classificação de Mercadorias</p><p>Código NCM: 5703.31.00</p><p>Mercadoria: Revestimento para pisos (pavimentos), de matérias têxteis, formado por monofilamentos e lâminas de polietileno e polipropileno com seções transversais de 0,74 e 0,94 mm, inseridos por processo de tufagem em uma base de tecido não tecido de polipropileno, possuindo um revestimento, no verso, de látex, apresentado em rolos de 2 x 25 m, de peso de 1.700 g/m², denominado comercialmente "grama sintética".</p><p>Dispositivos Legais: RGI 1 (Nota 1 do Capítulo 54 e Nota 1 do Capítulo 57) e RGI 6 da NCM/SH, constante da TEC aprovada pela Resolução Gecex nº 272, de 19 de novembro de 2021, e da Tipi, aprovada pelo Decreto nº 10.923, de 30 de dezembro de 2021, e subsídios extraídos das Nesh, aprovadas pelo Decreto nº 435, de 1992, e atualizadas pela IN RFB nº 1.788, de 2018, e alterações posteriores.</p><p class="assina">CARLOS HUMBERTO STECKEL</p><p class="cargo">Presidente da 2ª Turma do Ceclam</p><p class="identifica">SOLUÇÃO DE CONSULTA Nº 98.121, DE 27 DE JUNHO DE 2022</p><p>Assunto: Classificação de Mercadorias</p><p>Código NCM: 0000.00.00</p><p>Mercadoria: Não configura sortido acondicionado para venda a retalho o conjunto de artigos, apresentado em uma mesma embalagem, composto de biscoitos, bolos, panetones, sucos, balas, geleias chocolates, bebidas alcoólicas etc., comercialmente denominado "kit cesta de Natal".</p><p>Cada componente segue seu próprio regime de classificação.</p><p>Dispositivos Legais: RGI 1 e RGI 3 b) da NCM constante da TEC, aprovada pela Resolução Gecex nº 272, de 2021, e da Tipi (RGC/TIPI-1), aprovada pelo Decreto nº 10.923, de 2021, e subsídios extraídos das Nesh, aprovadas pelo Dec. nº 435, de 1992, e atualizadas pela IN RFB nº 1.788, de 2018, e alterações posteriores.</p><p class="assina">LUIZ HENRIQUE DOMINGUES</p><p class="cargo">Presidente da 4ª Turma do Ceclam</p><p class="identifica">SOLUÇÃO DE CONSULTA Nº 98.126, DE 27 DE JUNHO DE 2022</p><p>Assunto: Classificação de Mercadorias</p><p>Código NCM: 3808.62.90</p><p>Mercadoria: Inseticida contendo lambda-cialotrina e sulfoxaflor, próprio para o controle de percevejos nas culturas de soja, arroz e milho, acondicionado em recipiente de plástico com capacidade de 5 L, apresentado em uma caixa de papelão contendo 4 recipientes.</p><p>Dispositivos Legais: RGI/SH 1, RGI/SH 6 (Nota de subposição 2 do Capítulo 38) e a RGC 1 da NCM, constante da TEC, aprovada pela Resolução Gecex nº 272, de 2021, e da TIPI, aprovada pelo Decreto nº 10.923, de 2021, e subsídios extraídos das Nesh, aprovadas pelo Decreto nº 435, de 1992 e atualizadas pela IN RFB nº 1.788, de 2018.</p><p class="assina">CARLOS HUMBERTO STECKEL</p><p class="cargo">Presidente da 2ª Turma do Ceclam</p>]]></Texto>
  </body>
  <Midias />
</article></xml>