﻿<xml><article id="27733657" name="ATO PORTARIA MCOM NA 6150" idOficio="9056970" pubName="DO1" artType="Portaria" pubDate="30/08/2022" artClass="00012:00002:00000:00000:00000:00000:00000:00000:00000:00000:00054:00006" artCategory="Ministério das Comunicações/Gabinete do Ministro" artSize="12" artNotes="" numberPage="17" pdfPage="http://pesquisa.in.gov.br/imprensa/jsp/visualiza/index.jsp?data=30/08/2022&amp;jornal=515&amp;pagina=17" editionNumber="165" highlightType="" highlightPriority="" highlight="" highlightimage="" highlightimagename="" idMateria="19839485">
  <body>
    <Identifica><![CDATA[ PORTARIA MCOM Nº 6.150, DE 11 DE JULHO DE 2022]]></Identifica>
    <Data><![CDATA[]]></Data>
    <Ementa />
    <Titulo />
    <SubTitulo />
    <Texto><![CDATA[<p class="identifica">PORTARIA MCOM Nº 6.150, DE 11 DE JULHO DE 2022</p><p>O MINISTRO DE ESTADO DAS COMUNICAÇÕES SUBSTITUTO EVENTUAL, designado por Decreto de 21 de julho de 2022, publicado no DOU de 22 de julho de 2022, no uso de suas atribuições, considerando o disposto no art. 6º da Lei 9.612, de 19 de fevereiro de 1998, c/c com o art. 9º, inciso II, e o art. 19 do Anexo do Decreto nº 2.615, de 3 de junho de 1998, e tendo em vista o que consta do processo nº 01250.034682/2018-11, resolve:</p><p>Art. 1º Outorgar autorização ao INSTITUTO PARCERIA CIDADÃ, inscrita no CNPJ sob nº 06.853.714/0001-29, cuja sede se situa na Avenida Joaquim Rosa, n° 155 - Parque Aeroporto, na localidade de Macaé, Estado do Rio de Janeiro, para executar o Serviço de Radiodifusão Comunitária, pelo prazo de dez anos, sem direito de exclusividade, utilizando o canal 200, cuja frequência é de 87,9 MHz.</p><p>Parágrafo único. A autorização reger-se-á pela Lei nº 9.612, de 1998, leis subsequentes, seus regulamentos e normas complementares.</p><p>Art. 2º Este ato somente produzirá efeitos legais após deliberação do Congresso Nacional, nos termos do § 3º do art. 223 da Constituição Federal.</p><p>Parágrafo único. A autorizada deverá iniciar a execução do serviço em caráter definitivo no prazo de seis meses, contado da data de publicação do ato de deliberação a que se refere o caput.</p><p>Art. 3º Esta Portaria entra em vigor na data de sua publicação.</p><p class="assina">MAXIMILIANO SALVADORI MARTINHÃO</p>]]></Texto>
  </body>
  <Midias />
</article></xml>