﻿<xml><article id="27741379" name="1.Port. nA 644 - Divulga a relaA" idOficio="9058666" pubName="DO1" artType="Portaria" pubDate="30/08/2022" artClass="00018:00001:00000:00000:00000:00000:00000:00000:00000:00000:00024:00016" artCategory="Ministério da Educação/Gabinete do Ministro" artSize="12" artNotes="" numberPage="183" pdfPage="http://pesquisa.in.gov.br/imprensa/jsp/visualiza/index.jsp?data=30/08/2022&amp;jornal=515&amp;pagina=183" editionNumber="165" highlightType="" highlightPriority="" highlight="" highlightimage="" highlightimagename="" idMateria="19841745">
  <body>
    <Identifica><![CDATA[ PORTARIA Nº 644, DE 25 DE AGOSTO DE 2022]]></Identifica>
    <Data><![CDATA[]]></Data>
    <Ementa><![CDATA[ Divulga a relação de entidades civis e a forma de indicação para a escolha de conselheiros do Conselho Nacional de Educação - CNE.]]></Ementa>
    <Titulo />
    <SubTitulo />
    <Texto><![CDATA[<p class="identifica">PORTARIA Nº 644, DE 25 DE AGOSTO DE 2022</p><p class="ementa">Divulga a relação de entidades civis e a forma de indicação para a escolha de conselheiros do Conselho Nacional de Educação - CNE.</p><p>O MINISTRO DE ESTADO DA EDUCAÇÃO, no uso da atribuição que lhe confere o art. 87, parágrafo único, inciso II, da Constituição, e em observância ao disposto no Decreto nº 3.295, de 15 de dezembro de 1999, resolve:</p><p>Art. 1º Divulgar, na forma do Anexo, a relação das entidades que poderão indicar os nomes a serem considerados para a recomposição da Câmara de Educação Básica - CEB e da Câmara de Educação Superior - CES, que integram o Conselho Nacional de Educação - CNE.</p><p>Art. 2º As entidades relacionadas deverão protocolar, no Gabinete do Ministro de Estado de Educação, até 6 de setembro de 2022, a lista tríplice de que trata o § 1º do art. 2º do Decreto nº 3.295, de 15 de dezembro de 1999, com o curriculum vitae dos indicados.</p><p>Art. 3º As indicações deverão incidir sobre brasileiros de reputação ilibada, que tenham prestado serviços relevantes à educação, à ciência e à cultura.</p><p>Art. 4º O Ministério da Educação fará publicar, na forma do art. 3º do Decreto nº 3.295, de 1999, a lista nominal dos indicados pelas entidades elencadas no Anexo.</p><p>Art. 5º Revogar a Portaria MEC nº 396, de 2 de junho de 2022.</p><p>Art. 6º Esta Portaria entra em vigor na data de sua publicação.</p><p class="assina">VICTOR GODOY VEIGA</p><p>ANEXO</p><p>Academia Brasileira de Ciências - ABC;</p><p>Academia Brasileira de Educação - ABE;</p><p>Academia Brasileira de Letras - ABL;</p><p>Academia Nacional de Medicina - ANM;</p><p>Associação Brasileira das Mantenedoras das Faculdades - Abrafi;</p><p>Associação Brasileira das Mantenedoras de Ensino Superior - Abmes;</p><p>Associação Brasileira das Universidades Comunitárias - Abruc;</p><p>Associação Brasileira de Avaliação Educacional - Abave;</p><p>Associação Brasileira de Direito Educacional - Abrade;</p><p>Associação Brasileira de Direito Reprográficos - ABDR;</p><p>Associação Brasileira de Editores de Livros - Abrelivros;</p><p>Associação Brasileira de Educação Básica Privada - Abreduc;</p><p>Associação Brasileira de Ensino a Distância - Abed;</p><p>Associação Brasileira de Ensino de Arquitetura e Urbanismo - Abea;</p><p>Associação Brasileira de Ensino de Biologia - SBEnBio;</p><p>Associação Brasileira de Ensino de Direito - Abedi;</p><p>Associação Brasileira de Ensino de Engenharia - Abenge;</p><p>Associação Brasileira de Plataformas Educacionais - Abraspe;</p><p>Associação Brasileira de Instituições Educacionais Evangélicas - Abiee;</p><p>Associação Brasileira dos Estudantes de Educação a Distância - ABE-EAD;</p><p>Associação Brasileira dos Profissionais do Campo de Públicas - Pro Pública Brasil;</p><p>Associação Brasileira dos Reitores das Universidades Estaduais e Municipais - Abruem;</p><p>Associação Brasileira para o Desenvolvimento do Ensino Superior - Abraes;</p><p>Associação Catarinense das Fundações Educacionais - Acafe;</p><p>Associação dos Geógrafos Brasileiros - AGB;</p><p>Associação dos Mantenedores Independentes Educadores do Ensino Superior - Amies;</p><p>Associação dos Membros dos Tribunais de Contas do Brasil - Atricon;</p><p>Associação Nacional das Universidades Particulares - Anup;</p><p>Associação Nacional de Centros de Pós-Graduação em Economia - Anpec;</p><p>Associação Nacional de Educação Católica do Brasil - Anec;</p><p>Associação Nacional de Educação Domiciliar - Aned;</p><p>Associação Nacional de Ensino, Pesquisa e Extensão do Campo de Públicas - Anepcp;</p><p>Associação Nacional de História - Anpuh;</p><p>Associação Nacional de Política e Administração da Educação - Anpae;</p><p>Associação Nacional de Pós-Graduação e Pesquisa em Administração - Anpad;</p><p>Associação Nacional de Pós-Graduação e Pesquisa em Educação - Anped;</p><p>Associação Nacional de Pós-Graduação em Filosofia - Anpof;</p><p>Associação Nacional de Pós-Graduação em Pesquisa em Ciências Sociais - Anpocs;</p><p>Associação Nacional de Pós-Graduandos - ANPG;</p><p>Associação Nacional dos Centros Universitários - Anaceu;</p><p>Associação Nacional dos Cursos de Graduação em Administração - Angrad;</p><p>Associação Nacional dos Dirigentes das Instituições Federais de Ensino Superior - Andifes;</p><p>Associação Nacional pela Formação dos Profissionais da Educação - Anfope;</p><p>Confederação Nacional das Associações de Pais de Alunos - Confenapais;</p><p>Confederação Nacional dos Estabelecimentos de Ensino - Confenen;</p><p>Confederação Nacional dos Trabalhadores em Educação - CNTE;</p><p>Confederação Nacional dos Trabalhadores em Estabelecimentos de Ensino - Contee;</p><p>Conferência dos Religiosos do Brasil - CRB;</p><p>Conferência Nacional dos Bispos do Brasil - CNBB;</p><p>Conselho de Reitores das Universidades Brasileiras - Crub;</p><p>Conselho Nacional das Instituições da Rede Federal de Educação Profissional, Científica e Tecnológica - Conif;</p><p>Conselho Nacional dos Secretários de Educação - Consed;</p><p>Consórcio das Universidades Comunitárias Gaúchas - Comung;</p><p>Convenção Batista do Estado de São Paulo - CBESP;</p><p>Federação Nacional das Escolas Particulares - Fenep;</p><p>Federação Nacional dos Estudantes do Campo de Públicas - Fenecap;</p><p>Fórum das Entidades Representativas do Ensino Superior Particular;</p><p>Fórum das Faculdades Comunitárias - Forcom;</p><p>Fórum dos Conselhos Federais de Profissões Regulamentadas;</p><p>Fórum Nacional das Instituições Filantrópicas - Fonif;</p><p>Fórum Nacional das Mantenedoras de Instituições de Educação Profissional e Tecnológica - Brasiltec;</p><p>Fórum Nacional dos Conselhos Estaduais e Distrital de Educação - Foncede;</p><p>Sindicato das Entidades Mantenedoras de Estabelecimentos de Ensino Superior no Estado do Rio de Janeiro - Semerj;</p><p>Sindicato das Entidades Mantenedoras de Estabelecimentos de Ensino Superior no Estado de São Paulo - Semesp;</p><p>Sociedade Brasileira de Administração Pública - SBAP;</p><p>Sociedade Brasileira de Computação - SBC;</p><p>Sociedade Brasileira de Física - SBF;</p><p>Sociedade Brasileira de Matemática - SBM;</p><p>Sociedade Brasileira de Psicologia - SBP;</p><p>Sociedade Brasileira de Química - SBQ;</p><p>Sociedade Brasileira para o Progresso da Ciência - SBPC;</p><p>Todos pela Educação - TPE;</p><p>União Brasileira dos Estudantes Secundaristas - Ubes;</p><p>União dos Dirigentes Municipais de Educação - Undime;</p><p>União Nacional dos Conselhos Municipais de Educação - Uncme; e</p><p>União Nacional dos Estudantes - UNE.</p>]]></Texto>
  </body>
  <Midias />
</article></xml>