﻿<xml><article id="27734299" name="Port_SPE_1572" idOficio="9057120" pubName="DO1" artType="Portaria" pubDate="30/08/2022" artClass="00023:00028:00000:00000:00000:00000:00000:00000:00000:00000:00054:00002" artCategory="Ministério de Minas e Energia/Secretaria de Planejamento e Desenvolvimento Energético" artSize="12" artNotes="" numberPage="220" pdfPage="http://pesquisa.in.gov.br/imprensa/jsp/visualiza/index.jsp?data=30/08/2022&amp;jornal=515&amp;pagina=220" editionNumber="165" highlightType="" highlightPriority="" highlight="" highlightimage="" highlightimagename="" idMateria="19839733">
  <body>
    <Identifica><![CDATA[ PORTARIA Nº 1.572/SPE/MME, DE 25 DE AGOSTO DE 2022]]></Identifica>
    <Data><![CDATA[]]></Data>
    <Ementa />
    <Titulo />
    <SubTitulo />
    <Texto><![CDATA[<p class="identifica">PORTARIA Nº 1.572/SPE/MME, DE 25 DE AGOSTO DE 2022</p><p>O SECRETÁRIO DE PLANEJAMENTO E DESENVOLVIMENTO ENERGÉTICO DO MINISTÉRIO DE MINAS E ENERGIA, no uso da competência que lhe foi delegada pelo art. 1º, inciso I, da Portaria MME nº 281, de 29 de junho de 2016, tendo em vista o disposto no art. 6º do Decreto nº 6.144, de 3 de julho de 2007, e no art. 4º da Portaria MME nº 318, de 1º de agosto de 2018, resolve:</p><p>Processo nº 48500.004933/2022-85. Interessada: Usina de Energia Fotovoltaica Engenheiro Walfrido Ávila Ltda., inscrita no CNPJ sob o nº 32.610.001/0001-44. Objeto: Aprovar o enquadramento no Regime Especial de Incentivos para o Desenvolvimento da Infraestrutura - REIDI do projeto de geração de energia elétrica da Central Geradora Fotovoltaica denominada UFV Walfrido Ávila 18, cadastrada com o Código Único do Empreendimento de Geração - CEG: UFV.RS.MG.047463-0.01, objeto da Resolução Autorizativa ANEEL nº 11.565, de 12 de abril de 2022, de titularidade da Interessada. A íntegra desta Portaria consta nos autos e encontra-se disponível no endereço eletrônico https://www.gov.br/mme/pt-br/assuntos/secretarias/spe/reidi-repenec-1.</p><p class="assina">JOSÉ GUILHERME DE LARA RESENDE</p>]]></Texto>
  </body>
  <Midias />
</article></xml>