﻿<xml><article id="27751133" name="2022-08-29/9060501/ANMWS_1984472" idOficio="9060501" pubName="DO1" artType="Despacho" pubDate="30/08/2022" artClass="00023:00030:00018:00000:00000:00000:00000:00000:00000:00000:00024:00115" artCategory="Ministério de Minas e Energia/Agência Nacional de Mineração/Gerência Regional da ANM no Estado de Goiás" artSize="12" artNotes="" numberPage="226" pdfPage="http://pesquisa.in.gov.br/imprensa/jsp/visualiza/index.jsp?data=30/08/2022&amp;jornal=515&amp;pagina=226" editionNumber="165" highlightType="" highlightPriority="" highlight="" highlightimage="" highlightimagename="" idMateria="19844720">
  <body>
    <Identifica><![CDATA[Despacho]]></Identifica>
    <Data><![CDATA[]]></Data>
    <Ementa />
    <Titulo />
    <SubTitulo />
    <Texto><![CDATA[<p class="identifica">Despacho</p><p>Relação nº 115/2022</p><p>Fase de Autorização de Pesquisa</p><p>Indefere requerimento de transformação do regime de Autorização</p><p>de Pesquisa para PLG(1027)</p><p>860.365/2022-ANA CAROLINA DUARTE ALVES</p><p>860.366/2022-JOSEMAR PROCOPIO DA SILVA</p><p>860.367/2022-FERNANDA SANTIAGO E SILVA PROCOPIO</p><p>860.368/2022-GUSTAVO NUNES OLIVEIRA</p><p>860.369/2022-ELAINE NUNES DA SILVA OLIVEIRA</p><p>860.371/2022-MARIA CAMILO RODRIGUES</p><p>860.362/2022-LUIZ VINICIUS MEDEIROS RODRIGUES</p><p>860.354/2022-ILANA SANTIAGO E SILVA</p><p>Fase de Requerimento de Lavra Garimpeira</p><p>Determina arquivamento definitivo do processo(565)</p><p>860.541/2022-ANA CAROLINA DUARTE ALVES</p><p>860.540/2022-MARIA CAMILO RODRIGUES</p><p>860.539/2022-ELAINE NUNES DA SILVA OLIVEIRA</p><p>860.538/2022-GUSTAVO NUNES OLIVEIRA</p><p>860.537/2022-FERNANDA SANTIAGO E SILVA PROCOPIO</p><p>860.536/2022-JOSEMAR PROCOPIO DA SILVA</p><p>860.535/2022-JOÃO VICTOR DUARTE ALVES</p><p>860.533/2022-MARGARETH DE FATIMA LEITE DE MEDEIROS RODRIGUES</p><p>860.532/2022-LUIZ VINICIUS MEDEIROS RODRIGUES</p><p>860.542/2022-ILANA SANTIAGO E SILVA</p><p class="assina">DAGOBERTO PEREIRA SOUZA</p><p class="cargo">Gerente</p>]]></Texto>
  </body>
  <Midias />
</article></xml>