﻿<xml><article id="27750469" name="PORTARIA (SENATRAN) NA 1133 - An" idOficio="9060327" pubName="DO1" artType="Portaria" pubDate="30/08/2022" artClass="00019:00029:00000:00000:00000:00000:00000:00000:00000:00000:00054:00004" artCategory="Ministério da Infraestrutura/Secretaria Nacional de Trânsito" artSize="12" artNotes="" numberPage="192" pdfPage="http://pesquisa.in.gov.br/imprensa/jsp/visualiza/index.jsp?data=30/08/2022&amp;jornal=515&amp;pagina=192" editionNumber="165" highlightType="" highlightPriority="" highlight="" highlightimage="" highlightimagename="" idMateria="19844157">
  <body>
    <Identifica><![CDATA[ PORTARIA (SENATRAN) Nº 1.133, DE 24 DE AGOSTO DE 2022]]></Identifica>
    <Data><![CDATA[]]></Data>
    <Ementa />
    <Titulo />
    <SubTitulo />
    <Texto><![CDATA[<p class="identifica">PORTARIA (SENATRAN) Nº 1.133, DE 24 DE AGOSTO DE 2022</p><p>O SECRETÁRIO NACIONAL DE TRÂNSITO, no uso das atribuições que lhe conferem o inciso I do art. 19 do Código de Trânsito Brasileiro (CTB) e a Resolução CONTRAN nº 923, de 28 de março de 2022, e com base no que consta no processo administrativo nº 50000.009499/2022-11, resolve:</p><p>Art. 1º Esta Portaria ANULA a Portaria nº 666, de 01 de junho de 2022, publicada na Seção 1, do Diário Oficial da União nº 106, de 06 de junho de 2022, na página nº 146.</p><p>Art. 2º Esta Portaria entra em vigor na data de sua publicação.</p><p class="assina">FREDERICO DE MOURA CARNEIRO</p>]]></Texto>
  </body>
  <Midias />
</article></xml>