﻿<xml><article id="27744133" name="Int_Desp_2.336_2022_SMA" idOficio="9059096" pubName="DO1" artType="Despacho" pubDate="30/08/2022" artClass="00023:00029:00039:00000:00000:00000:00000:00000:00000:00000:00024:00001" artCategory="Ministério de Minas e Energia/Agência Nacional de Energia Elétrica/Superintendência de Mediação Administrativa, Ouvidoria Setorial e Participação pública" artSize="12" artNotes="" numberPage="225" pdfPage="http://pesquisa.in.gov.br/imprensa/jsp/visualiza/index.jsp?data=30/08/2022&amp;jornal=515&amp;pagina=225" editionNumber="165" highlightType="" highlightPriority="" highlight="" highlightimage="" highlightimagename="" idMateria="19842430">
  <body>
    <Identifica><![CDATA[ DESPACHO Nº 2.336, DE 24 DE AGOSTO DE 2022]]></Identifica>
    <Data><![CDATA[]]></Data>
    <Ementa />
    <Titulo />
    <SubTitulo />
    <Texto><![CDATA[<p class="identifica">DESPACHO Nº 2.336, DE 24 DE AGOSTO DE 2022</p><p>O SUPERINTENDENTE DE MEDIAÇÃO ADMINISTRATIVA, OUVIDORIA SETORIAL E PARTICIPAÇÃO PÚBLICA DA AGÊNCIA NACIONAL DE ENERGIA ELÉTRICA - ANEEL, no uso das suas competências, em conformidade com o disposto no inciso IV do art. 1º da Portaria nº 4.595, de 23 de maio de 2017, e com o constante no Processo nº 48500.004389/2022-71, decide por: (i) dar parcial provimento à reclamação interposta pela Kicorte Indústria e Comércio de Carnes e Derivados Eireli, cadastrada com o CNPJ 20.875.659/0001-07; (ii) determinar que a Enel Distribuição Goiás mantenha a classificação rural-agroindustrial para a unidade consumidora nº 17042033; (iii) negar o pedido de devolução dos valores faturados a maior decorrentes do erro de classificação da unidade consumidora nº 17042033, referente ao período de 08/09/2021 a 09/03/2022, conforme disposto no § 8º do art. 53-W da Resolução Normativa nº 414/2010; (iv) determinar que a Enel Distribuição Goiás efetue a devolução em dobro dos valores faturados a maior, decorrente do erro de classificação da unidade consumidora nº 17042033, para o período de 10/03/2022 a 09/05/2022, nos termos do art. 113 da Resolução Normativa nº 414, de 2010; e (v) determinar que esta decisão seja cumprida no prazo de 15 (quinze) dias após o seu trânsito em julgado.</p><p class="assina">ANDRÉ RUELLI</p>]]></Texto>
  </body>
  <Midias />
</article></xml>