﻿<xml><article id="27736517" name="ADE9FLORIANOPOLIS25" idOficio="9057668" pubName="DO1" artType="Ato Declaratório" pubDate="30/08/2022" artClass="00015:00045:00432:00101:00006:00000:00000:00000:00000:00000:00007:00002" artCategory="Ministério da Economia/Secretaria Especial da Receita Federal do Brasil/Subsecretaria-Geral da Receita Federal do Brasil/Superintendência Regional da 9ª Região Fiscal/Delegacia da Receita Federal do Brasil em Florianópolis" artSize="12" artNotes="" numberPage="85" pdfPage="http://pesquisa.in.gov.br/imprensa/jsp/visualiza/index.jsp?data=30/08/2022&amp;jornal=515&amp;pagina=85" editionNumber="165" highlightType="" highlightPriority="" highlight="" highlightimage="" highlightimagename="" idMateria="19840422">
  <body>
    <Identifica><![CDATA[ ATO DECLARATÓRIO EXECUTIVO DRF/FNS Nº 25, DE 26 DE AGOSTO DE 2022]]></Identifica>
    <Data><![CDATA[]]></Data>
    <Ementa><![CDATA[ Concede Registro Especial a engarrafador de bebidas alcoólicas.]]></Ementa>
    <Titulo />
    <SubTitulo />
    <Texto><![CDATA[<p class="identifica">ATO DECLARATÓRIO EXECUTIVO DRF/FNS Nº 25, DE 26 DE AGOSTO DE 2022</p><p class="ementa">Concede Registro Especial a engarrafador de bebidas alcoólicas.</p><p>O DELEGADO ADJUNTO DA RECEITA FEDERAL DO BRASIL EM FLORIANÓPOLIS, no uso das atribuições que lhe conferem os artigos 10, caput e 360, inciso III, ambos da Portaria ME nº 284, de 27 de julho de 2020, tendo em vista o disposto no artigo 3º da Instrução Normativa RFB nº 1.432, de 26 de dezembro de 2013 e de acordo com contido no processo nº 10906.292536/2022-15, declara:</p><p>Art. 1º - Inscrito no Registro Especial, na atividade de ENGARRAFADOR de bebidas alcoólicas, sob nº 09201/0199, o estabelecimento da empresa Flor da Cana Cachaçaria Comércio e Transporte de Açúcar - Eireli, inscrito no CNPJ sob o número 13.313.299/0001-86, situado na Rua Fratelli Signorelli 411, Ribeirão da Onça, município de Luiz Alves/SC.</p><p>Art. 2º - Este Ato Declaratório Executivo entra em vigor na data de sua publicação no Diário Oficial da União.</p><p class="assina">DOUGLAS BARBOSA LUCAS</p>]]></Texto>
  </body>
  <Midias />
</article></xml>