﻿<xml><article id="27738221" name="P7ALFPORTODEVITORIA3 secao1" idOficio="9058038" pubName="DO1" artType="Portaria" pubDate="30/08/2022" artClass="00015:00045:00432:00099:00003:00000:00000:00000:00000:00000:00054:00000" artCategory="Ministério da Economia/Secretaria Especial da Receita Federal do Brasil/Subsecretaria-Geral da Receita Federal do Brasil/Superintendência Regional da 7ª Região Fiscal/Alfândega da Receita Federal do Brasil no Porto de Vitória" artSize="12" artNotes="" numberPage="83" pdfPage="http://pesquisa.in.gov.br/imprensa/jsp/visualiza/index.jsp?data=30/08/2022&amp;jornal=515&amp;pagina=83" editionNumber="165" highlightType="" highlightPriority="" highlight="" highlightimage="" highlightimagename="" idMateria="19840909">
  <body>
    <Identifica><![CDATA[ PORTARIA ALF/VIT Nº 3, DE 23 DE AGOSTO DE 2022]]></Identifica>
    <Data><![CDATA[]]></Data>
    <Ementa><![CDATA[ Revoga a Portaria ALF/VIT nº 1, de 15 de fevereiro de 1993, que disciplinava a jornada de trabalho na Unidade.]]></Ementa>
    <Titulo />
    <SubTitulo />
    <Texto><![CDATA[<p class="identifica">PORTARIA ALF/VIT Nº 3, DE 23 DE AGOSTO DE 2022</p><p class="ementa">Revoga a Portaria ALF/VIT nº 1, de 15 de fevereiro de 1993, que disciplinava a jornada de trabalho na Unidade.</p><p>O DELEGADO-ADJUNTO DA ALFÂNDEGA DA RECEITA FEDERAL DO BRASIL DO PORTO DE VITÓRIA, no uso de suas atribuições regimentais previstas nos Arts. 360 e 364 do Regimento Interno da Secretaria da Receita Federal do Brasil (RFB), aprovado pela Portaria ME nº 284, de 27 de julho de 2020, publicada no DOU nº 142, de 27 de julho de 2020, considerando as múltiplas alterações normativas ocorridas desde 1993, e que a Portaria ALF/VIT 001 de 15 de fevereiro de 1993 não fora formalmente revogada até o presente, resolve:</p><p>Art. 1º Revogar a Portaria ALF/VIT 001 de 15 de fevereiro de 1993.</p><p>Art. 2º Esta Portaria entra em vigor na data de sua publicação no Diário Oficial da União.</p><p class="assina">LUIZ CLÁUDIO PEIXOTO LOBO</p>]]></Texto>
  </body>
  <Midias />
</article></xml>