﻿<xml><article id="27749388" name="Ata_28_1C_16_08_2022 -WAR-IMPREN" idOficio="9057405" pubName="DO1" artType="Ata" pubDate="30/08/2022" artClass="00044:00002:00000:00000:00000:00000:00000:00000:00000:00000:00005:00000" artCategory="Tribunal de Contas da União/1ª Câmara" artSize="12" artNotes="" numberPage="298" pdfPage="http://pesquisa.in.gov.br/imprensa/jsp/visualiza/index.jsp?data=30/08/2022&amp;jornal=515&amp;pagina=298" editionNumber="165" highlightType="" highlightPriority="" highlight="" highlightimage="" highlightimagename="" idMateria="19840103">
  <body>
    <Identifica />
    <Data><![CDATA[]]></Data>
    <Ementa />
    <Titulo />
    <SubTitulo />
    <Texto><![CDATA[<p>ACÓRDÃO Nº 4571/2022 - TCU - 1ª Câmara</p><p>1. Processo TC 011.719/2022-2.</p><p>2. Grupo I - Classe de Assunto: V - Aposentadoria.</p><p>3. Interessada: Margarete Moreira Martins (248.795.681-04).</p><p>4. Órgão: Câmara dos Deputados.</p><p>5. Relator: Ministro Vital do Rêgo.</p><p>6. Representante do Ministério Público: Procurador Júlio Marcelo de Oliveira.</p><p>7. Unidade Técnica: Secretaria de Fiscalização de Integridade de Atos e Pagamentos de Pessoal e de Benefícios Sociais (Sefip).</p><p>8. Representação legal: não há.</p><p>9. Acórdão:</p><p>VISTOS, relatados e discutidos estes autos que tratam de ato de concessão de aposentadoria emitido pela Câmara dos Deputados;</p><p>ACORDAM os Ministros do Tribunal de Contas da União, reunidos em Sessão da 1ª Câmara, com fundamento no art. 71, inciso III, da Constituição Federal, nos arts. 1º, inciso V, e 39, inciso II, da Lei 8.443/1992, no art. 260, § 1º, do RI/TCU e ante as razões expostas pelo Relator, em:</p><p>9.1. considerar ilegal o ato de concessão de aposentadoria emitido em favor de Margarete Moreira Martins (248.795.681-04), recusando o registro;</p><p>9.1.1. dispensar a devolução dos valores indevidamente recebidos até a data da ciência, pela Câmara dos Deputados, do presente acórdão, com base no Enunciado 106 da Súmula da Jurisprudência do TCU;</p><p>9.2. determinar à Câmara dos Deputados, com base no art. 45 da Lei 8.443/1992, que:</p><p>9.2.1. faça cessar os pagamentos decorrentes do ato impugnado, comunicando ao TCU, no prazo de 15 (quinze) dias, as providências adotadas, nos termos do art. 262, caput, do Regimento Interno do TCU, art. 8º, caput, da Resolução-TCU 206/2007 e art. 19, caput, da Instrução Normativa-TCU 78/2018;</p><p>9.2.2. promova o ajuste na parcela percebida a título de incorporação de quintos nos proventos de Margarete Moreira Martins para os valores anteriores à vigência da Lei 13.323/2016;</p><p>9.2.3. após o ajuste mencionado no subitem 9.2.2, promova o destaque da parcela excedente de "quintos" incorporados pela interessada posteriormente a 8/4/1998, transformando-a em parcela compensatória a ser absorvida por quaisquer reajustes futuros, consoante decidido pelo Supremo Tribunal Federal no Recurso Extraordinário 638.115, caso a respectiva incorporação não tenha se fundamentado em decisão judicial transitada em julgado;</p><p>9.2.4. emita novo ato, livre da irregularidade apontada, submetendo-o ao TCU, no prazo de 30 (trinta) dias, consoante os arts. 262, § 2º, do Regimento Interno do TCU e 19, § 3º, da Instrução Normativa TCU 78/2018;</p><p>9.2.5. comunique à interessada o teor desta decisão, alertando-a de que o efeito suspensivo proveniente da interposição de eventual recurso não a exime da devolução dos valores percebidos indevidamente após a respectiva notificação, caso o recurso não seja provido;</p><p>9.2.6. no prazo de 30 (trinta) dias, contados da ciência desta decisão, envie a este Tribunal documentos comprobatórios de que a interessada está ciente da presente deliberação.</p><p>10. Ata n° 28/2022 - 1ª Câmara.</p><p>11. Data da Sessão: 16/8/2022 - Ordinária.</p><p>12. Código eletrônico para localização na página do TCU na Internet: AC-4571-28/22-1.</p><p>13. Especificação do quórum:</p><p>13.1. Ministros presentes: Walton Alencar Rodrigues (Presidente), Benjamin Zymler, Vital do Rêgo (Relator) e Jorge Oliveira.</p><p>13.2. Ministros-Substitutos presentes: Augusto Sherman Cavalcanti e Weder de Oliveira.</p><p>ACÓRDÃO Nº 4572/2022 - TCU - 1ª Câmara</p><p>1. Processo TC 012.337/2022-6.</p><p>2. Grupo I - Classe de Assunto: V - Aposentadoria.</p><p>3. Interessada: Vilma Auxiliadora Moreira Rego (371.570.191-91).</p><p>4. Entidade: Fundação Universidade de Brasília.</p><p>5. Relator: Ministro Vital do Rêgo.</p><p>6. Representante do Ministério Público: Procurador Júlio Marcelo de Oliveira.</p><p>7. Unidade Técnica: Secretaria de Fiscalização de Integridade de Atos e Pagamentos de Pessoal e de Benefícios Sociais (Sefip).</p><p>8. Representação legal: não há.</p><p>9. Acórdão:</p><p>VISTOS, relatados e discutidos estes autos que tratam de ato de concessão de aposentadoria emitido pela Fundação Universidade de Brasília em favor da ex-servidora Vilma Auxiliadora Moreira Rego;</p><p>ACORDAM os Ministros do Tribunal de Contas da União, reunidos em Sessão da 1ª Câmara, com fundamento no art. 71, inciso III, da Constituição Federal, nos arts. 1º, inciso V, e 39, inciso II, da Lei 8.443/1992, no art. 260, § 1º, do RI/TCU e ante as razões expostas pelo Relator, em:</p><p>9.1. considerar ilegal o ato de concessão de aposentadoria emitido em favor de Vilma Auxiliadora Moreira Rego (371.570.191-91), recusando o respectivo registro;</p><p>9.2. determinar à Fundação Universidade de Brasília, com base no art. 45 da Lei 8.443/1992, que:</p><p>9.2.1. corrija, no prazo de 15 (quinze) dias, contado a partir da ciência desta deliberação, sob pena de responsabilidade solidária da autoridade administrativa omissa, o valor da rubrica "10289 DECISAO JUDICIAL N TRAN JUG AP", alusiva à URP de fevereiro de 1989, paga à Sra. Vilma Auxiliadora Moreira Rego, restabelecendo aquele verificado em setembro de 2010, mês em que proferida a decisão liminar que assegurou sua irredutibilidade;</p><p>9.2.2. acompanhe a tramitação do Mandado de Segurança 28.819, em curso no Supremo Tribunal Federal, e, uma vez desconstituída a liminar que assegura a manutenção da URP de fevereiro de 1989 na remuneração da interessada, promova a imediata supressão da parcela e proceda à restituição dos valores pagos a esse título desde a impetração da ação, nos termos do art. 46 da Lei 8.112/1990, salvo expressa disposição judicial em sentido diverso;</p><p>9.2.3. após a sentença de mérito definitiva (transitada em julgado) que vier a ser proferida no processo judicial acima referido, emita novo ato de aposentadoria para a Sra. Vilma Auxiliadora Moreira Rego, submetendo-o ao exame desta Corte de Contas;</p><p>9.2.4. no prazo de 30 (trinta) dias, contados da ciência desta decisão, envie a este Tribunal documentos comprobatórios de que a interessada está ciente da presente deliberação.</p><p>10. Ata n° 28/2022 - 1ª Câmara.</p><p>11. Data da Sessão: 16/8/2022 - Ordinária.</p><p>12. Código eletrônico para localização na página do TCU na Internet: AC-4572-28/22-1.</p><p>13. Especificação do quórum:</p><p>13.1. Ministros presentes: Walton Alencar Rodrigues (Presidente), Benjamin Zymler, Vital do Rêgo (Relator) e Jorge Oliveira.</p><p>13.2. Ministros-Substitutos presentes: Augusto Sherman Cavalcanti e Weder de Oliveira.</p><p>ACÓRDÃO Nº 4573/2022 - TCU - 1ª Câmara</p><p>1. Processo TC 012.862/2022-3.</p><p>2. Grupo I - Classe de Assunto: V - Aposentadoria.</p><p>3. Interessada: Vânia Nunes Rosário (245.616.735-04).</p><p>4. Órgão: Tribunal Regional do Trabalho da 5ª Região/BA.</p><p>5. Relator: Ministro Vital do Rêgo.</p><p>6. Representante do Ministério Público: Procurador Rodrigo Medeiros de Lima.</p><p>7. Unidade Técnica: Secretaria de Fiscalização de Integridade de Atos e Pagamentos de Pessoal e de Benefícios Sociais (Sefip).</p><p>8. Representação legal: não há.</p><p>9. Acórdão:</p><p>VISTOS, relatados e discutidos estes autos que tratam de ato de concessão de aposentadoria emitido pelo Tribunal Regional do Trabalho da 5ª Região/BA em favor da ex-servidora Vânia Nunes Rosário;</p><p>ACORDAM os Ministros do Tribunal de Contas da União, reunidos em Sessão da 1ª Câmara, com fundamento no art. 71, inciso III, da Constituição Federal, nos arts. 1º, inciso V, e 39, inciso II, da Lei 8.443/1992, no art. 260, § 1º, do RI/TCU e ante as razões expostas pelo Relator, em:</p><p>9.1. considerar ilegal o ato de concessão de aposentadoria emitido em favor de Vânia Nunes Rosário (245.616.735-04)., recusando o respectivo registro;</p><p>9.1.1. dispensar a devolução dos valores indevidamente recebidos até a data da ciência, pelo Tribunal Regional do Trabalho da 5ª Região/BA, do presente acórdão, com base no Enunciado 106 da Súmula da Jurisprudência do TCU;</p><p>9.2. determinar ao Tribunal Regional do Trabalho da 5ª Região/BA, com base no art. 45 da Lei 8.443/1992, que:</p><p>9.2.1. faça cessar os pagamentos decorrentes do ato impugnado, comunicando ao TCU, no prazo de 15 (quinze) dias, as providências adotadas, nos termos do art. 262, caput, do Regimento Interno do TCU, art. 8º, caput, da Resolução-TCU 206/2007 e art. 19, caput, da Instrução Normativa-TCU 78/2018;</p><p>9.2.2. emita novo ato de aposentadoria, livre da irregularidade apontada, submetendo-o ao TCU, no prazo de 30 (trinta) dias, consoante os arts. 262, § 2º, do Regimento Interno do TCU e 19, § 3º, da Instrução Normativa TCU 78/2018;</p><p>9.2.3. comunique à interessada o teor desta decisão, alertando-a de que o efeito suspensivo proveniente da interposição de eventual recurso não a exime da devolução dos valores percebidos indevidamente após a respectiva notificação, caso o recurso não seja provido;</p><p>9.2.4. no prazo de 30 (trinta) dias, contados da ciência desta decisão, envie a este Tribunal documentos comprobatórios de que a interessada está ciente da presente deliberação.</p><p>10. Ata n° 28/2022 - 1ª Câmara.</p><p>11. Data da Sessão: 16/8/2022 - Ordinária.</p><p>12. Código eletrônico para localização na página do TCU na Internet: AC-4573-28/22-1.</p><p>13. Especificação do quórum:</p><p>13.1. Ministros presentes: Walton Alencar Rodrigues (Presidente), Benjamin Zymler, Vital do Rêgo (Relator) e Jorge Oliveira.</p><p>13.2. Ministros-Substitutos presentes: Augusto Sherman Cavalcanti e Weder de Oliveira.</p><p>ACÓRDÃO Nº 4574/2022 - TCU - 1ª Câmara</p><p>1. Processo TC 012.899/2022-4.</p><p>2. Grupo I - Classe de Assunto: V - Aposentadoria.</p><p>3. Interessado: José Augusto Ferreira (098.886.591-20).</p><p>4. Órgão: Senado Federal.</p><p>5. Relator: Ministro Vital do Rêgo.</p><p>6. Representante do Ministério Público: Procurador Júlio Marcelo de Oliveira.</p><p>7. Unidade Técnica: Secretaria de Fiscalização de Integridade de Atos e Pagamentos de Pessoal e de Benefícios Sociais (Sefip).</p><p>8. Representação legal: não há.</p><p>9. Acórdão:</p><p>VISTOS, relatados e discutidos estes autos que tratam de ato de concessão de aposentadoria emitido pelo Senado Federal em favor do ex-servidor José Augusto Ferreira;</p><p>ACORDAM os Ministros do Tribunal de Contas da União, reunidos em Sessão da 1ª Câmara, com fundamento no art. 71, inciso III, da Constituição Federal, nos arts. 1º, inciso V, e 39, inciso II, da Lei 8.443/1992, no art. 260, § 1º, do RI/TCU e ante as razões expostas pelo Relator, em:</p><p>9.1. considerar ilegal o ato de concessão de aposentadoria emitido em favor de José Augusto Ferreira (098.886.591-20), recusando o respectivo registro;</p><p>9.1.1. dispensar a devolução dos valores indevidamente recebidos até a data da ciência, pelo Senado Federal, do presente acórdão, com base no Enunciado 106 da Súmula da Jurisprudência do TCU;</p><p>9.2. determinar ao Senado Federal, com base no art. 45 da Lei 8.443/1992, que:</p><p>9.2.1. ajuste o valor da parcela percebida a título de incorporação de quintos, nos proventos do inativo, para os patamares anteriores à vigência das Leis 12.779/2012 e 13.302/2016;</p><p>9.2.2. após o ajuste mencionado no subitem 9.2.1, promova o destaque da parcela excedente de quintos incorporados pelo Sr. José Augusto Ferreira entre 8/4/1998 e 4/9/2001, transformando-a em parcela compensatória a ser absorvida por quaisquer reajustes futuros, consoante decidido pelo Supremo Tribunal Federal no Recurso Extraordinário 638.115, caso a respectiva incorporação não tenha se fundamentado em decisão judicial transitada em julgado;</p><p>9.2.3. emita novo ato, livre da irregularidade apontada, submetendo-o ao TCU, no prazo de 30 (trinta) dias, consoante os arts. 262, § 2º, do Regimento Interno do TCU e 19, § 3º, da Instrução Normativa TCU 78/2018;</p><p>9.2.4. comunique ao interessado o teor desta decisão, alertando-o de que o efeito suspensivo proveniente da interposição de eventual recurso não o exime da devolução dos valores percebidos indevidamente após a respectiva notificação, caso o recurso não seja provido;</p><p>9.2.5. no prazo de 30 (trinta) dias, contados da ciência desta decisão, envie a este Tribunal documentos comprobatórios de que o interessado está ciente da presente deliberação.</p><p>10. Ata n° 28/2022 - 1ª Câmara.</p><p>11. Data da Sessão: 16/8/2022 - Ordinária.</p><p>12. Código eletrônico para localização na página do TCU na Internet: AC-4574-28/22-1.</p><p>13. Especificação do quórum:</p><p>13.1. Ministros presentes: Walton Alencar Rodrigues (Presidente), Benjamin Zymler, Vital do Rêgo (Relator) e Jorge Oliveira.</p><p>13.2. Ministros-Substitutos presentes: Augusto Sherman Cavalcanti e Weder de Oliveira.</p><p>ACÓRDÃO Nº 4575/2022 - TCU - 1ª Câmara</p><p>1. Processo TC 012.900/2022-2.</p><p>2. Grupo I - Classe de Assunto: V - Aposentadoria.</p><p>3. Interessada: Maria da Conceição Alves Batista (114.374.131-53).</p><p>4. Órgão: Senado Federal.</p><p>5. Relator: Ministro Vital do Rêgo.</p><p>6. Representante do Ministério Público: Procurador Júlio Marcelo de Oliveira.</p><p>7. Unidade Técnica: Secretaria de Fiscalização de Integridade de Atos e Pagamentos de Pessoal e de Benefícios Sociais (Sefip).</p><p>8. Representação legal: não há.</p><p>9. Acórdão:</p><p>VISTOS, relatados e discutidos estes autos que tratam de ato de concessão de aposentadoria emitido pelo Senado Federal em favor da ex-servidora Maria da Conceição Alves Batista;</p><p>ACORDAM os Ministros do Tribunal de Contas da União, reunidos em Sessão da 1ª Câmara, com fundamento no art. 71, inciso III, da Constituição Federal, nos arts. 1º, inciso V, e 39, inciso II, da Lei 8.443/1992, no art. 260, § 1º, do RI/TCU e ante as razões expostas pelo Relator, em:</p><p>9.1. considerar ilegal o ato de concessão de aposentadoria emitido em favor de Maria da Conceição Alves Batista (114.374.131-53), recusando o respectivo registro;</p><p>9.1.1. dispensar a devolução dos valores indevidamente recebidos até a data da ciência, pelo Senado Federal, do presente acórdão, com base no Enunciado 106 da Súmula da Jurisprudência do TCU;</p><p>9.2. determinar ao Senado Federal, com base no art. 45 da Lei 8.443/1992, que:</p><p>9.2.1. ajuste o valor da parcela percebida a título de incorporação de quintos, nos proventos da inativa, para os patamares anteriores à vigência das Leis 12.779/2012 e 13.302/2016;</p><p>9.2.2. após o ajuste mencionado no subitem 9.2.1, promova o destaque da parcela excedente de quintos incorporados pela Sra. Maria da Conceição Alves Batista entre 8/4/1998 e 4/9/2001, transformando-a em parcela compensatória a ser absorvida por quaisquer reajustes futuros, consoante decidido pelo Supremo Tribunal Federal no Recurso Extraordinário 638.115, caso a respectiva incorporação não tenha se fundamentado em decisão judicial transitada em julgado;</p><p>9.2.3. emita novo ato, livre da irregularidade apontada, submetendo-o ao TCU, no prazo de 30 (trinta) dias, consoante os arts. 262, § 2º, do Regimento Interno do TCU e 19, § 3º, da Instrução Normativa TCU 78/2018;</p><p>9.2.4. comunique à interessada o teor desta decisão, alertando-a de que o efeito suspensivo proveniente da interposição de eventual recurso não a exime da devolução dos valores percebidos indevidamente após a respectiva notificação, caso o recurso não seja provido;</p><p>9.2.5. no prazo de 30 (trinta) dias, contados da ciência desta decisão, envie a este Tribunal documentos comprobatórios de que a interessada está ciente da presente deliberação.</p><p>10. Ata n° 28/2022 - 1ª Câmara.</p><p>11. Data da Sessão: 16/8/2022 - Ordinária.</p><p>12. Código eletrônico para localização na página do TCU na Internet: AC-4575-28/22-1.</p><p>13. Especificação do quórum:</p><p>13.1. Ministros presentes: Walton Alencar Rodrigues (Presidente), Benjamin Zymler, Vital do Rêgo (Relator) e Jorge Oliveira.</p><p>13.2. Ministros-Substitutos presentes: Augusto Sherman Cavalcanti e Weder de Oliveira.</p><p>ACÓRDÃO Nº 4576/2022 - TCU - 1ª Câmara</p><p>1. Processo TC 031.346/2020-0.</p><p>2. Grupo I - Classe de Assunto: II - Tomada de Contas Especial.</p><p>3. Responsável: Malvina Grad (762.321.079-34).</p><p>4. Órgão: Comando da 5ª Região Militar e 5ª Divisão de Exército.</p><p>5. Relator: Ministro Vital do Rêgo.</p><p>6. Representante do Ministério Público: Subprocurador-Geral Lucas Rocha Furtado.</p><p>7. Unidade Técnica: Secretaria de Controle Externo de Tomada de Contas Especial (SecexTCE).</p><p>8. Representação legal: não há.</p><p>9. Acórdão:</p><p>VISTOS, relatados e discutidos estes autos de tomada de contas especial em desfavor da Sra. Malvina Grad, devido a constituição de matrimônio com o Major Refm Nelson Azeredo Santos (falecido), exclusivamente com fins previdenciários.</p><p>ACORDAM os ministros do Tribunal de Contas da União, reunidos em sessão da 1ª Câmara, diante das razões expostas pelo relator, em:</p><p>9.1. julgar irregulares as contas da Sra. Malvina Grad (CPF: 762.321.079-34), com fundamento nos arts. 1º, inciso I, 16, inciso III, alíneas "b" e "d", e § 2º, da Lei 8.443/1992, c/c os arts. 1º, inciso I, 209, incisos II e IV, e § 5º, do Regimento Interno do TCU;</p><p>9.2. condenar a responsável indicada no subitem anterior, com fundamento no art. 19, caput, da Lei 8.443/1992, c/c o art. 210 do Regimento Interno do TCU, ao pagamento das importâncias a seguir especificadas, com a fixação do prazo de 15 (quinze) dias, a contar da notificação, para comprovar, perante o Tribunal (art. 23, inciso III, alínea "a", da Lei 8.443/1992, c/c o art. 214, inciso III, alínea "a", do Regimento Interno), o recolhimento da dívida aos cofres do Tesouro Nacional, atualizada monetariamente e acrescida dos juros de mora, calculados a partir das datas discriminadas até a data do recolhimento, na forma prevista na legislação em vigor:</p><p /><p></p><table><tr /><tr><td rowspan="1" colspan="1"><p>Data de ocorrência</p></td><td rowspan="1" colspan="1"><p>Valor histórico (R$)</p></td></tr><tr><td rowspan="1" colspan="1"><p>23/12/2016</p></td><td rowspan="1" colspan="1"><p>4.797,10</p></td></tr><tr><td rowspan="1" colspan="1"><p>1/7/2017</p></td><td rowspan="1" colspan="1"><p>136.310,65</p></td></tr><tr><td rowspan="1" colspan="1"><p>1/8/2017</p></td><td rowspan="1" colspan="1"><p>19.472,95</p></td></tr><tr><td rowspan="1" colspan="1"><p>1/9/2017</p></td><td rowspan="1" colspan="1"><p>19.472,95</p></td></tr><tr><td rowspan="1" colspan="1"><p>1/10/2017</p></td><td rowspan="1" colspan="1"><p>19.472,95</p></td></tr><tr><td rowspan="1" colspan="1"><p>1/11/2017</p></td><td rowspan="1" colspan="1"><p>38.945,90</p></td></tr><tr><td rowspan="1" colspan="1"><p>1/12/2017</p></td><td rowspan="1" colspan="1"><p>19.472,95</p></td></tr><tr><td rowspan="1" colspan="1"><p>1/1/2018</p></td><td rowspan="1" colspan="1"><p>20.659,40</p></td></tr><tr><td rowspan="1" colspan="1"><p>1/2/2018</p></td><td rowspan="1" colspan="1"><p>20.659,40</p></td></tr><tr><td rowspan="1" colspan="1"><p>1/3/2018</p></td><td rowspan="1" colspan="1"><p>20.659,40</p></td></tr><tr><td rowspan="1" colspan="1"><p>1/4/2018</p></td><td rowspan="1" colspan="1"><p>20.659,40</p></td></tr><tr><td rowspan="1" colspan="1"><p>1/5/2018</p></td><td rowspan="1" colspan="1"><p>20.659,40</p></td></tr><tr><td rowspan="1" colspan="1"><p>1/6/2018</p></td><td rowspan="1" colspan="1"><p>30.989,10</p></td></tr><tr><td rowspan="1" colspan="1"><p>1/7/2018</p></td><td rowspan="1" colspan="1"><p>20.659,40</p></td></tr><tr><td rowspan="1" colspan="1"><p>1/8/2018</p></td><td rowspan="1" colspan="1"><p>20.659,40</p></td></tr></table><p>9.3. aplicar à Sra. Malvina Grad (CPF: 762.321.079-34) a multa prevista no art. 57 da Lei 8.443/1992, c/c o art. 267 do Regimento Interno, no valor de R$ 40.000,00 (quarenta mil reais) fixando-lhe o prazo de 15 (quinze) dias, a contar da notificação, para que comprove, perante o Tribunal (art. 214, inciso III, alínea "a", do Regimento Interno), o recolhimento da dívida aos cofres do Tesouro Nacional, atualizada monetariamente desde a data deste acórdão até a do efetivo recolhimento, se for paga após o vencimento, na forma da legislação em vigor:</p><p>9.4. autorizar, desde logo, nos termos do art. 28, inciso II, da Lei 8.443/1992, a cobrança judicial das dívidas, caso não atendida as notificações;</p><p>9.5. autorizar, desde logo, caso solicitado e o processo não tenha sido remetido para cobrança judicial, o pagamento da dívida em até 36 (trinta e seis) parcelas mensais e consecutivas, nos termos do art. 26 da Lei 8.443/1992, c/c o art. 217 do Regimento Interno/TCU, fixando-se o vencimento da primeira parcela em 15 (quinze) dias, a contar do recebimento da notificação, e o das demais mensalmente, devendo incidir sobre cada valor mensal os correspondentes acréscimos legais, na forma prevista na legislação em vigor, sem prejuízo de alertar a responsável de que a falta de comprovação do recolhimento de qualquer parcela implicará o vencimento antecipado do saldo devedor;</p><p>9.6. notificar a prolação deste acórdão ao Procurador-Chefe da Procuradoria da República no Estado do Paraná, nos termos do § 3º do art. 16 da Lei 8.443/1992, c/c o § 7º do art. 209 do Regimento Interno do TCU, para adoção das medidas que entender cabíveis, bem como ao Comando da 5ª Região Militar e 5ª Divisão de Exército e à responsável.</p><p>10. Ata n° 28/2022 - 1ª Câmara.</p><p>11. Data da Sessão: 16/8/2022 - Ordinária.</p><p>12. Código eletrônico para localização na página do TCU na Internet: AC-4576-28/22-1.</p><p>13. Especificação do quórum:</p><p>13.1. Ministros presentes: Walton Alencar Rodrigues (Presidente), Benjamin Zymler, Vital do Rêgo (Relator) e Jorge Oliveira.</p><p>13.2. Ministros-Substitutos presentes: Augusto Sherman Cavalcanti e Weder de Oliveira.</p><p>ACÓRDÃO Nº 4577/2022 - TCU - 1ª Câmara</p><p>1. Processo TC 013.680/2022-6.</p><p>2. Grupo I - Classe de Assunto: V - Aposentadoria.</p><p>3. Interessado: Ricardo Luiz da Silva (661.383.107-72).</p><p>4. Entidade: Fundação Instituto Brasileiro de Geografia e Estatística.</p><p>5. Relator: Ministro Vital do Rêgo.</p><p>6. Representante do Ministério Público: Procurador Júlio Marcelo de Oliveira.</p><p>7. Unidade Técnica: Secretaria de Fiscalização de Integridade de Atos e Pagamentos de Pessoal e de Benefícios Sociais (Sefip).</p><p>8. Representação legal: não há.</p><p>9. Acórdão:</p><p>VISTOS, relatados e discutidos estes autos que tratam de ato de concessão de aposentadoria emitido pela Fundação Instituto Brasileiro de Geografia e Estatística em favor do ex-servidor Ricardo Luiz da Silva;</p><p>ACORDAM os Ministros do Tribunal de Contas da União, reunidos em Sessão da 1ª Câmara, com fundamento no art. 71, inciso III, da Constituição Federal, nos arts. 1º, inciso V, e 39, inciso II, da Lei 8.443/1992, no art. 260, § 1º, do RI/TCU e ante as razões expostas pelo Relator, em:</p><p>9.1. considerar ilegal o ato de concessão de aposentadoria emitido em favor de Ricardo Luiz da Silva (661.383.107-72), recusando o respectivo registro;</p><p>9.2. esclarecer à Fundação Instituto Brasileiro de Geografia e Estatística que, a despeito da negativa de registro da aposentadoria do interessado, motivada pelo pagamento a maior da GDIBGE, os efeitos do título concessório subsistem, uma vez que a parcela impugnada se encontra amparada por decisão judicial transitada em julgado, sendo desnecessária, assim, a emissão de novo ato.</p><p>9.3. encaminhar cópia desta deliberação à interessada e à Fundação Instituto Brasileiro de Geografia e Estatística.</p><p>10. Ata n° 28/2022 - 1ª Câmara.</p><p>11. Data da Sessão: 16/8/2022 - Ordinária.</p><p>12. Código eletrônico para localização na página do TCU na Internet: AC-4577-28/22-1.</p><p>13. Especificação do quórum:</p><p>13.1. Ministros presentes: Walton Alencar Rodrigues (Presidente), Benjamin Zymler, Vital do Rêgo (Relator) e Jorge Oliveira.</p><p>13.2. Ministros-Substitutos presentes: Augusto Sherman Cavalcanti e Weder de Oliveira.</p><p>ACÓRDÃO Nº 4578/2022 - TCU - 1ª Câmara</p><p>1. Processo TC 031.802/2018-4.</p><p>2. Grupo II - Classe de Assunto: I - Recurso de reconsideração (Tomada de Contas Especial).</p><p>3. Interessados/Responsáveis/Recorrentes:</p><p>3.1. Interessado: Fundo Nacional de Desenvolvimento da Educação (00.378.257/0001-81).</p><p>3.2. Responsável/Recorrente: José Ivaldo Martins Guimarães (392.740.712-72).</p><p>4. Entidade: Município de Mãe do Rio - PA.</p><p>5. Relator: Ministro Vital do Rêgo.</p><p>5.1. Relator da deliberação recorrida: Ministro-Substituto Augusto Sherman Cavalcanti.</p><p>6. Representante do Ministério Público: Procuradora-Geral Cristina Machado da Costa e Silva.</p><p>7. Unidade Técnica: Secretaria de Recursos (Serur).</p><p>8. Representação legal: Eric Felipe Valente Pimenta (OAB/PA 21.794); Lucas Alberto Athias Salame (OAB/PA 19.649); e Rodrigo Chaves Rodrigues (OAB/PA 15.275).</p><p>9. Acórdão:</p><p>VISTOS, relatados e discutidos estes autos de recurso de reconsideração interposto por José Ivaldo Martins Guimarães (392.740.712-72) contra o Acórdão 14.044/2020-TCU-1ª Câmara;</p><p>ACORDAM os Ministros do Tribunal de Contas da União, reunidos em Sessão da 1ª Câmara, ante as razões expostas pelo Relator, em:</p><p>9.1. conhecer do recurso de reconsideração interposto por José Ivaldo Martins Guimarães, consoante art. 32, inciso I, da Lei 8.443/1992, para, no mérito, dar-lhe provimento parcial;</p><p>9.2. conferir a seguinte redação ao subitem 9.2 do Acórdão 14.044/2020-TCU-1ª Câmara:</p><p>9.2. julgar irregulares as contas do Sr. José Ivaldo Martins Guimarães (392.740.712-72), com fundamento nos arts. 1º, inciso I, 16, inciso III, alíneas "b" e "c", da Lei 8.443/1992, c/c os arts. 19 e 23, inciso III, da mesma Lei, condenando-o ao pagamento da quantia a seguir especificada, com fixação do prazo de 15 (quinze) dias, a contar da notificação, para comprovar, perante o Tribunal (art. 214, III, "a", do Regimento Interno), o recolhimento da dívida aos cofres do Fundo Nacional de Desenvolvimento da Educação, atualizada monetariamente e acrescida dos juros de mora, calculados a partir das datas indicadas, até a data do recolhimento, na forma da legislação em vigor:</p><p>Pnae/2013</p><p /><p></p><table><tr /><tr><td rowspan="1" colspan="1"><p>Data</p></td><td rowspan="1" colspan="1"><p>Valor (R$)</p></td></tr><tr><td rowspan="1" colspan="1"><p>3/10/2013</p></td><td rowspan="1" colspan="1"><p>31.900,00</p></td></tr><tr><td rowspan="1" colspan="1"><p>2/8/2013</p></td><td rowspan="1" colspan="1"><p>30.309,86</p></td></tr></table><p>9.3. reduzir, proporcionalmente, o valor da multa individual indicada no subitem 9.3 do Acórdão 14.044/2020-TCU-1ª Câmara para R$ 12.000,00 (doze mil reais);</p><p>9.4. manter inalterados os demais subitens do Acórdão 14.044/2020-TCU-1ª Câmara;</p><p>9.5. notificar o recorrente, o Fundo Nacional de Desenvolvimento da Educação, bem como a Procuradoria da República no Estado do Pará, acerca desta decisão.</p><p>10. Ata n° 28/2022 - 1ª Câmara.</p><p>11. Data da Sessão: 16/8/2022 - Ordinária.</p><p>12. Código eletrônico para localização na página do TCU na Internet: AC-4578-28/22-1.</p><p>13. Especificação do quórum:</p><p>13.1. Ministros presentes: Walton Alencar Rodrigues (Presidente), Benjamin Zymler, Vital do Rêgo (Relator) e Jorge Oliveira.</p><p>13.2. Ministros-Substitutos presentes: Augusto Sherman Cavalcanti e Weder de Oliveira.</p><p>ACÓRDÃO Nº 4579/2022 - TCU - 1ª Câmara</p><p>1. Processo TC 038.395/2019-3.</p><p>2. Grupo II - Classe de Assunto: I - Pedido de reexame (Aposentadoria).</p><p>3. Recorrente: Guilherme Henrique Magaldi Netto (185.805.131-20).</p><p>4. Órgão: Ministério Público Federal.</p><p>5. Relator: Ministro Vital do Rêgo.</p><p>5.1. Relator da deliberação recorrida: Ministro Walton Alencar Rodrigues.</p><p>6. Representante do Ministério Público: Procurador Júlio Marcelo de Oliveira.</p><p>7. Unidade Técnica: Secretaria de Recursos (Serur).</p><p>8. Representação legal: Daniel Vieira Bogéa Soares (OAB/DF 34.311), Antônio Henrique Medeiros Coutinho (OAB/DF 34.308) e outros.</p><p>9. Acórdão:</p><p>VISTOS, relatados e discutidos estes autos que tratam, nesta fase, de pedido de reexame interposto pelo Sr. Guilherme Henrique Magaldi Netto em face do 17.968/2021-TCU-1ª Câmara, por meio do qual esta Corte de Contas considerou ilegal o ato de concessão de aposentadoria emitido em favor do recorrente;</p><p>ACORDAM os ministros do Tribunal de Contas da União, reunidos em Sessão da 1ª Câmara, ante as razões expostas pelo Relator e com fundamento nos arts. 33 e 48 da Lei 8.443/1992, em:</p><p>9.1. conhecer do presente pedido de reexame para, no mérito, dar a ele provimento, de modo a considerar legal o ato de concessão de aposentadoria emitido em favor de Guilherme Henrique Magaldi Netto (185.805.131-20) no cargo de Subprocurador-Geral da República, com ressalva, nos termos do art. 260, § 4º, do Regimento Interno do TCU, quanto ao pagamento da parcela de quintos, que deixou de constar dos proventos do recorrente;</p><p>9.2. encaminhar cópia desta deliberação ao recorrente e ao Ministério Público Federal.</p><p>10. Ata n° 28/2022 - 1ª Câmara.</p><p>11. Data da Sessão: 16/8/2022 - Ordinária.</p><p>12. Código eletrônico para localização na página do TCU na Internet: AC-4579-28/22-1.</p><p>13. Especificação do quórum:</p><p>13.1. Ministros presentes: Walton Alencar Rodrigues (Presidente), Benjamin Zymler, Vital do Rêgo (Relator) e Jorge Oliveira.</p><p>13.2. Ministros-Substitutos presentes: Augusto Sherman Cavalcanti e Weder de Oliveira.</p><p>ACÓRDÃO Nº 4580/2022 - TCU - 1ª Câmara</p><p>1. Processo TC 040.716/2019-8.</p><p>2. Grupo I - Classe de Assunto: I - Recurso de reconsideração (Tomada de Contas Especial).</p><p>3. Recorrente: Sezar Augusto Bovino (333.481.709-15).</p><p>4. Entidade: Município de Rio Bonito do Iguaçu - PR.</p><p>5. Relator: Ministro Vital do Rêgo.</p><p>5.1. Relator da deliberação recorrida: Ministro Jorge Oliveira.</p><p>6. Representante do Ministério Público: Procuradora-Geral Cristina Machado da Costa e Silva.</p><p>7. Unidade Técnica: Secretaria de Recursos (Serur).</p><p>8. Representação legal: Vinícius Buligon (OAB/PR 33.636) e outros.</p><p>9. Acórdão:</p><p>VISTOS, relatados e discutidos estes autos de recurso de reconsideração interposto por Sezar Augusto Bovino, ex-prefeito de Rio Bonito do Iguaçu/PR (gestão 2001-2004), contra o Acórdão 17.934/2021-TCU-1ª Câmara;</p><p>ACORDAM os Ministros do Tribunal de Contas da União, reunidos em Sessão da 1ª Câmara, com fundamento nos arts. 32, inciso I, e 33 da Lei Orgânica do TCU, diante das razões expostas pelo Relator, em:</p><p>9.1. conhecer do presente recurso de reconsideração para, no mérito, negar-lhe provimento;</p><p>9.2. notificar o recorrente acerca da presente deliberação.</p><p>10. Ata n° 28/2022 - 1ª Câmara.</p><p>11. Data da Sessão: 16/8/2022 - Ordinária.</p><p>12. Código eletrônico para localização na página do TCU na Internet: AC-4580-28/22-1.</p><p>13. Especificação do quórum:</p><p>13.1. Ministros presentes: Walton Alencar Rodrigues (Presidente), Benjamin Zymler, Vital do Rêgo (Relator) e Jorge Oliveira.</p><p>13.2. Ministros-Substitutos presentes: Augusto Sherman Cavalcanti e Weder de Oliveira.</p><p>ACÓRDÃO Nº 4581/2022 - TCU - 1ª Câmara</p><p>1. Processo nº TC 002.329/2018-2</p><p>2. Grupo I - Classe de Assunto: II - Tomada de Contas Especial</p><p>3. Responsáveis: Carlos Antônio de Siqueira Fontenele (132.276.611-87); Centro de Capacitação Canudos - Cecac (00.336.154/0001-59); Gileno Damascena Silva (609.988.305-34); Luciene dos Santos (787.543.215-49); Manoel Antônio de Oliveira Neto (555.953.595-87)</p><p>4. Unidade: Instituto Nacional de Colonização e Reforma Agrária</p><p>5. Relator: Ministro Jorge Oliveira</p><p>6. Representante do Ministério Público: Procurador Sergio Ricardo Costa Caribé</p><p>7. Unidade Técnica: Secretaria de Controle Externo de Tomada de Contas Especial (SecexTCE)</p><p>8. Representação legal: Demostenes Ramos de Melo (2526/OAB-SE), Nicolas Sales Lopez Baldoma (739-A/OAB-SE) e outros, representando Carlos Antônio de Siqueira Fontenele; Jose Airton Lima Santos Junior (10.213/OAB-SE), Matheus Oliveira Garcia (10.258/OAB-SE) e outros, representando Manoel Antônio de Oliveira Neto; Lucas Santos de Matos (8949/OAB-SE), Jose Airton Lima Santos Junior (10.213/OAB-SE) e outros, representando Gileno Damascena Silva; Lucas Santos de Matos (8949/OAB-SE), Jose Airton Lima Santos Junior (10.213/OAB-SE) e outros, representando Luciene dos Santos; Lucas Santos de Matos (8949/OAB-SE), Jose Airton Lima Santos Junior (10.213/OAB-SE) e outros, representando Centro de Capacitação Canudos - Cecac.</p><p>9. Acórdão:</p><p>VISTA, relatada e discutida esta tomada de contas especial instaurada pelo Instituto Nacional de Colonização e Reforma Agrária - Incra em desfavor de Gileno Damascena Silva, Luciene dos Santos e Manoel Antônio de Oliveira Neto, ex-dirigentes do Centro de Capacitação Canudos - Cecac, em razão de irregularidades na aplicação dos recursos do Convênio CV/SE 13.000/2004, firmado para prestação dos serviços de assessoria técnica, social e ambiental em projetos de assentamento de reforma agrária do estado de Sergipe.</p><p>ACORDAM os Ministros do Tribunal de Contas da União, reunidos em sessão da 1ª Câmara, ante as razões expostas pelo Relator e com fundamento nos arts. 1º, inciso I; 16, alínea "c" e §§ 2º e 3º; 19; 23, inciso III; 26 e 28, inciso II, da Lei 8.443/1992, c/c os arts. 212; 214, inciso III, alínea "a", e 217 do Regimento Interno e com o art. 6, inciso II, da IN-TCU 71/2012, em:</p><p>9.1. acolher as alegações de defesa de Luciene dos Santos, Manoel Antônio de Oliveira Neto e Carlos Antônio de Siqueira Fontenele, arquivando os autos em relação a esses responsáveis;</p><p>9.2. rejeitar as alegações de defesa de Gileno Damascena Silva e do Centro de Capacitação Canudos - Cecac;</p><p>9.3. julgar irregulares as contas de Gileno Damascena Silva e do Centro de Capacitação Canudos - Cecac;</p><p>9.4. condenar, solidariamente, Gileno Damascena Silva e Centro de Capacitação Canudos - Cecac ao recolhimento aos cofres do Incra das quantias a seguir especificadas, atualizadas monetariamente e acrescidas de juros de mora a partir das datas discriminadas até a data do pagamento:</p><p /><p></p><table><tr /><tr><td rowspan="1" colspan="1"><p>Data de ocorrência</p></td><td rowspan="1" colspan="1"><p>Valor histórico (R$)</p></td></tr><tr><td rowspan="1" colspan="1"><p>16/12/2004</p></td><td rowspan="1" colspan="1"><p>97.120,00</p></td></tr><tr><td rowspan="1" colspan="1"><p>20/12/2004</p></td><td rowspan="1" colspan="1"><p>7.800,00</p></td></tr><tr><td rowspan="1" colspan="1"><p>21/12/2004</p></td><td rowspan="1" colspan="1"><p>5.250,00</p></td></tr><tr><td rowspan="1" colspan="1"><p>26/1/2005</p></td><td rowspan="1" colspan="1"><p>7.800,00</p></td></tr></table><p>9.5. condenar o Centro de Capacitação Canudos - Cecac ao recolhimento aos cofres do Incra do montante de R$ 195.331,76, atualizado monetariamente e acrescido de juros de mora desde o dia 3/1/2007 até a data do pagamento;</p><p>9.6. fixar prazo de 15 (quinze) dias, a contar das notificações, para comprovação, perante o Tribunal, do recolhimento das dívidas acima imputadas;</p><p>9.7. autorizar a cobrança judicial das dívidas, caso não atendidas as notificações;</p><p>9.8. autorizar, caso venha a ser solicitado e se o processo não tiver sido remetido para cobrança judicial, o pagamento das dívidas em até 36 (trinta em seis) parcelas mensais consecutivas, a primeira a ser paga no prazo acima fixado e as demais, a cada 30 (trinta) dias a contar da parcela anterior, com incidência, sobre cada valor mensal atualizado monetariamente, de juros de mora, na forma da legislação em vigor, e alertar aos responsáveis que a falta de comprovação do recolhimento de qualquer parcela importará no vencimento antecipado do saldo devedor;</p><p>9.9. encaminhar cópia desta decisão aos responsáveis, ao Incra e ao Procurador-Chefe da Procuradoria da República no Estado de Sergipe, para as providências que entender cabíveis, com a informação de que o inteiro teor deste acórdão e do relatório e do voto que o fundamentam está disponível no endereço eletrônico www.tcu.gov.br/acordaos.</p><p>10. Ata n° 28/2022 - 1ª Câmara.</p><p>11. Data da Sessão: 16/8/2022 - Ordinária.</p><p>12. Código eletrônico para localização na página do TCU na Internet: AC-4581-28/22-1.</p><p>13. Especificação do quórum:</p><p>13.1. Ministros presentes: Walton Alencar Rodrigues (Presidente), Benjamin Zymler, Vital do Rêgo e Jorge Oliveira (Relator).</p><p>13.2. Ministros-Substitutos presentes: Augusto Sherman Cavalcanti e Weder de Oliveira.</p><p>ACÓRDÃO Nº 4582/2022 - TCU - 1ª Câmara</p><p>1. Processo nº TC 006.670/2022-9</p><p>2. Grupo I - Classe de Assunto: V - Aposentadoria</p><p>3. Interessado: Luís Fernando dos Santos (380.255.070-68), servidor aposentado</p><p>4. Unidade: Tribunal Regional Federal da 4ª Região - TRF-4</p><p>5. Relator: Ministro Jorge Oliveira</p><p>6. Representante do Ministério Público: Procurador Sergio Ricardo Costa Caribé</p><p>7. Unidade Técnica: Secretaria de Fiscalização de Integridade de Atos e Pagamentos de Pessoal e de Benefícios Sociais - Sefip</p><p>8. Representação legal: não há.</p><p>9. Acórdão:</p><p>VISTOS, relatados e discutidos esses autos de concessão de aposentadoria a Luís Fernando dos Santos no cargo de Analista Judiciário, Especialidade Oficial de Justiça Avaliador, no Tribunal Regional Federal da 4ª Região - TRF-4.</p><p>ACORDAM os ministros do Tribunal de Contas da União, reunidos em sessão da 1ª Câmara, ante as razões expostas pelo Relator, e com fundamento nos arts. 71, inciso III, da Constituição Federal de 1988; 1º, inciso V, e 39, inciso II, da Lei 8.443/1992; 1º, inciso VIII; 259, inciso II; 260, § 1º, e 262 do Regimento Interno, e na Súmula TCU 106, em:</p><p>9.1. considerar ilegal o ato de aposentadoria de Luís Fernando dos Santos e negar-lhe registro;</p><p>9.2. dispensar a devolução das quantias recebidas de boa-fé pelo interessado até a data de ciência desta decisão pelo TRF-4;</p><p>9.3. determinar ao TRF-4 que, no prazo indicado, contado a partir desta decisão:</p><p>9.3.1. em quinze dias:</p><p>9.3.1.1. cesse os pagamentos decorrentes do ato impugnado, sob pena do ressarcimento das quantias pagas indevidamente e responsabilização solidária da autoridade competente;</p><p>9.3.1.2. comunique ao interessado a presente deliberação e o alerte que o efeito suspensivo proveniente da interposição de eventuais recursos junto ao TCU não o exime da devolução dos valores percebidos indevidamente, caso o recurso não seja provido;</p><p>9.3.2. em trinta dias:</p><p>9.3.2.1. encaminhe documentos comprobatórios de que o interessado está ciente do julgamento deste Tribunal;</p><p>9.3.2.2. emita novo ato de aposentadoria, livre das irregularidades apontadas, em substituição ao ora examinado, submetendo-o à nova apreciação por este Tribunal.</p><p>10. Ata n° 28/2022 - 1ª Câmara.</p><p>11. Data da Sessão: 16/8/2022 - Ordinária.</p><p>12. Código eletrônico para localização na página do TCU na Internet: AC-4582-28/22-1.</p><p>13. Especificação do quórum:</p><p>13.1. Ministros presentes: Walton Alencar Rodrigues (Presidente), Benjamin Zymler, Vital do Rêgo e Jorge Oliveira (Relator).</p><p>13.2. Ministros-Substitutos presentes: Augusto Sherman Cavalcanti e Weder de Oliveira.</p>]]></Texto>
  </body>
  <Midias />
</article></xml>