﻿<xml><article id="27749400" name="Ata_28_1C_16_08_2022 -WAR-IMPREN" idOficio="9057405" pubName="DO1" artType="Ata" pubDate="30/08/2022" artClass="00044:00002:00000:00000:00000:00000:00000:00000:00000:00000:00005:00000" artCategory="Tribunal de Contas da União/1ª Câmara" artSize="12" artNotes="" numberPage="310" pdfPage="http://pesquisa.in.gov.br/imprensa/jsp/visualiza/index.jsp?data=30/08/2022&amp;jornal=515&amp;pagina=310" editionNumber="165" highlightType="" highlightPriority="" highlight="" highlightimage="" highlightimagename="" idMateria="19840103">
  <body>
    <Identifica />
    <Data><![CDATA[]]></Data>
    <Ementa />
    <Titulo />
    <SubTitulo />
    <Texto><![CDATA[<p>ACÓRDÃO Nº 4613/2022 - TCU - 1ª Câmara</p><p>1. Processo nº TC 022.882/2015-4.</p><p>2. Grupo II - Classe de Assunto: I Embargos de Declaração em Tomada de Contas Especial</p><p>3. Interessados/Responsáveis/Recorrentes:</p><p>3.1. Responsáveis: José Maria de Souza Cunha (186.463.016-72); Tamma Producoes Artisticas Ltda - Me (86.476.264/0001-31).</p><p>3.2. Recorrente: José Maria de Souza Cunha (186.463.016-72).</p><p>4. Órgão/Entidade: Município de Rio Casca - MG.</p><p>5. Relator: Ministro Walton Alencar Rodrigues</p><p>5.1. Relator da deliberação recorrida: Ministro Walton Alencar Rodrigues.</p><p>6. Representante do Ministério Público: Procurador Júlio Marcelo de Oliveira.</p><p>7. Unidade Técnica: Secretaria de Controle Externo de Tomada de Contas Especial (SecexTCE).</p><p>8. Representação legal: André Luz Pinheiro (93901/OAB-MG), representando José Maria de Souza Cunha.</p><p>9. Acórdão:</p><p>VISTOS, relatados e discutidos estes autos de embargos de declaração opostos ao Acórdão 3.085/2022 - TCU - 1ª Câmara,</p><p>ACORDAM os ministros do Tribunal de Contas da União, reunidos em sessão da Primeira Câmara, ante as razões expostas pelo relator, e com fundamento nos artigos 32, inciso II, e 34, da Lei 8.443/1992, em:</p><p>9.1. conhecer dos embargos de declaração para, no mérito, rejeitá-los;</p><p>9.2. dar ciência desta deliberação ao embargantes e aos demais interessados.</p><p>10. Ata n° 28/2022 - 1ª Câmara.</p><p>11. Data da Sessão: 16/8/2022 - Ordinária.</p><p>12. Código eletrônico para localização na página do TCU na Internet: AC-4613-28/22-1.</p><p>13. Especificação do quórum:</p><p>13.1. Ministros presentes: Benjamin Zymler (na Presidência), Walton Alencar Rodrigues (Relator), Vital do Rêgo e Jorge Oliveira.</p><p>13.2. Ministros-Substitutos presentes: Augusto Sherman Cavalcanti e Weder de Oliveira.</p><p>ACÓRDÃO Nº 4614/2022 - TCU - 1ª Câmara</p><p>1. Processo nº TC 031.458/2015-7.</p><p>2. Grupo I - Classe de Assunto: I Recurso de Reconsideração em Tomada de Contas Especial</p><p>3. Interessados/Responsáveis/Recorrentes:</p><p>3.1. Interessado: Fundação Nacional de Saúde (26.989.350/0001-16).</p><p>3.2. Responsáveis: Base Dupla Servicos e Construcoes Civil Eireli (04.568.575/0001-66); Vano José Batista (056.675.181-04).</p><p>3.3. Recorrente: Vano José Batista (056.675.181-04).</p><p>4. Órgão/Entidade: Município de Araputanga - MT.</p><p>5. Relator: Ministro Walton Alencar Rodrigues</p><p>5.1. Relator da deliberação recorrida: Ministro Benjamin Zymler.</p><p>6. Representante do Ministério Público: Procurador Rodrigo Medeiros de Lima.</p><p>7. Unidades Técnicas: Secretaria de Recursos (Serur); Secretaria de Controle Externo de Tomada de Contas Especial (SecexTCE).</p><p>8. Representação legal: Renata Borges Batista Martins (15.856/OAB-MT), representando Vano José Batista.</p><p>9. Acórdão:</p><p>VISTOS, relatados e discutidos estes autos de Recursos de Reconsideração interposto por Vano José Batista em face do Acórdão 7.074/2020-TCU-1ª Câmara;</p><p>ACORDAM os Ministros do Tribunal de Contas da União, reunidos em sessão da Primeira Câmara, com fundamento nos artigos 32, inciso I, e 33, da Lei 8.443/1992, ante as razões expostas pelo Relator, em:</p><p>9.1. conhecer do recurso de reconsideração e, no mérito, negar-lhe provimento;</p><p>9.2. dar ciência desta deliberação ao recorrente e demais interessados.</p><p>10. Ata n° 28/2022 - 1ª Câmara.</p><p>11. Data da Sessão: 16/8/2022 - Ordinária.</p><p>12. Código eletrônico para localização na página do TCU na Internet: AC-4614-28/22-1.</p><p>13. Especificação do quórum:</p><p>13.1. Ministros presentes: Benjamin Zymler (na Presidência), Walton Alencar Rodrigues (Relator), Vital do Rêgo e Jorge Oliveira.</p><p>13.2. Ministros-Substitutos presentes: Augusto Sherman Cavalcanti e Weder de Oliveira.</p><p>ACÓRDÃO Nº 4615/2022 - TCU - 1ª Câmara</p><p>1. Processo nº TC 033.496/2015-3.</p><p>2. Grupo II - Classe de Assunto: I - Recurso de reconsideração em Tomada de Contas Especial</p><p>3. Interessados/Responsáveis/Recorrentes:</p><p>3.1. Responsáveis: Associação Sergipana de Blocos de Trio (32.884.108/0001-80); JV Empreendimentos Turísticos Ltda. (10.553.587/0001-10); Lourival Mendes de Oliveira Neto (310.702.215-20).</p><p>3.2. Recorrente: JV Empreendimentos Turísticos Ltda (10.553.587/0001-10).</p><p>4. Órgão/Entidade: Associação Sergipana de Blocos de Trio.</p><p>5. Relator: Ministro Walton Alencar Rodrigues</p><p>5.1. Relator da deliberação recorrida: Ministro-Substituto Weder de Oliveira.</p><p>6. Representante do Ministério Público: Procuradora-Geral Cristina Machado da Costa e Silva.</p><p>7. Unidades Técnicas: Secretaria de Recursos (Serur); Secretaria de Controle Externo de Tomada de Contas Especial (SecexTCE).</p><p>8. Representação legal: Nagyane Galvao Regis Martins (10600/OAB-SE).</p><p>9. Acórdão:</p><p>VISTOS, relatados e discutidos estes autos de recurso de reconsideração interposto por JV Empreendimentos Turísticos Ltda. em face do Acórdão 9030/2020-TCU-1ª Câmara,</p><p>ACORDAM os Ministros do Tribunal de Contas da União, reunidos em sessão da Primeira Câmara, ante as razões expostas pelo Relator, em:</p><p>9.1. conhecer do recurso de reconsideração e, no mérito, negar-lhe provimento;</p><p>9.2. dar ciência desta deliberação ao recorrente e demais interessados.</p><p>10. Ata n° 28/2022 - 1ª Câmara.</p><p>11. Data da Sessão: 16/8/2022 - Ordinária.</p><p>12. Código eletrônico para localização na página do TCU na Internet: AC-4615-28/22-1.</p><p>13. Especificação do quórum:</p><p>13.1. Ministros presentes: Benjamin Zymler (na Presidência), Walton Alencar Rodrigues (Relator), Vital do Rêgo e Jorge Oliveira.</p><p>13.2. Ministros-Substitutos presentes: Augusto Sherman Cavalcanti e Weder de Oliveira.</p><p>ACÓRDÃO Nº 4616/2022 - TCU - 1ª Câmara</p><p>Trata-se de ato de concessão de aposentadoria de Eliseu da Silva Trindade, emitido pelo Tribunal Regional Federal da 3ª Região, submetido à apreciação deste Tribunal para fins de registro.</p><p>Considerando que a Sefip e o MP/TCU identificaram o pagamento irregular da vantagem quintos/décimos oriundos de funções comissionadas ou cargos de confiança exercidos no período de 8/4/1998 a 4/9/2001;</p><p>Considerando que a irregularidade em questão é objeto de jurisprudência pacificada nesta Corte de Contas (vide Acórdãos 8.187/2021, 8.124/2021, 8.492/2021, 8.684/2021, 8.178/2021, 8.611/2021, todos da 1ª Câmara; e Acórdãos 7.999/2021, 7.816/2021, 8.318/2021, 8.254/2021, 13.963/2020, 8.319/2021 e 8.224/2021, todos da 2ª Câmara), especialmente a partir do julgamento pela Suprema Corte do RE 638.115/CE, da relatoria do E. Ministro Gilmar Mendes, com repercussão geral;</p><p>Considerando que o STF, em 18/12/2019, no julgamento de embargos declaratórios opostos ao RE 638.115/CE, ao manter a ilegalidade do pagamento dos quintos/décimos oriundos de funções comissionadas ou cargos de confiança exercidos no período de 8/4/1998 a 4/9/2001, estabeleceu as seguintes modulações de efeitos: os pagamentos das vantagens de quintos/décimos amparados por sentença judicial transitada em julgado deverão ser mantidos, não sendo transformados em parcelas compensatórias, nem absorvidos por futuros reajustes ou reestruturações de planos de cargos e salários do funcionalismo público civil; os pagamentos de quintos/décimos amparados por sentença judicial não definitiva ou por decisão administrativa serão destacados, transformados em parcela compensatória e absorvidos por futuros reajustes ou reestruturações de planos de cargos e salários do funcionalismo público civil;</p><p>Considerando que, com base nos documentos acostados nos autos, a parcela ora impugnada não foi concedida mediante decisão judicial transitada em julgado e que, diante da modulação de efeitos do julgamento do RE 638.115/CE, impõe-se o destaque do pagamento de quintos/décimos, com a sua conversão em parcela compensatória a ser absorvida por reajustes futuros ou reestruturações do plano de cargos e salários da carreira;</p><p>Considerando que, por meio do Acórdão 1.414/2021-TCU-Plenário, de minha relatoria, este Tribunal fixou entendimento no sentido da possibilidade de apreciação de ato sujeito a registro, mediante relação, na forma do art. 143, inciso II, do Regimento Interno do TCU, nas hipóteses em que a ilegalidade do ato decorra exclusivamente de questão jurídica de solução já pacificada na jurisprudência desta Corte de Contas;</p><p>Considerando que o ato ora examinado deu entrada nesta Corte há menos de cinco anos estando, assim, de acordo com a tese fixada pelo Supremo Tribunal Federal, no julgamento do RE 636.553/RS, da relatoria do E. Ministro Gilmar Mendes (Pleno, j. 19/2/2020, DJe 26/5/2020);</p><p>Considerando os pareceres da unidade técnica especializada e do Ministério Público junto a este Tribunal.</p><p>Os Ministros do Tribunal de Contas da União, reunidos em sessão da Primeira Câmara, ACORDAM, por unanimidade, com fundamento nos artigos 1º, inciso V, e 39, inciso II, da Lei 8.443/1992, c/c os artigos 17, inciso III, 143, inciso II, 260 e 262 do Regimento Interno/TCU, em considerar ilegal a concessão de aposentadoria de Eliseu da Silva Trindade e negar registro ao correspondente ato; dispensar, com fulcro no Enunciado 106 da Súmula da Jurisprudência do TCU, a devolução dos valores indevidamente recebidos até a data da ciência desta deliberação; dispensar a emissão de novo ato de aposentadoria, mantendo-se os efeitos financeiros do presente ato julgado ilegal, desde que promovidos os ajustes ora determinados, em observância ao decidido pelo STF no julgamento do RE 638.115/CE, sem prejuízo do monitoramento do cumprimento da presente deliberação; e expedir as determinações discriminadas no subitem 1.7:</p><p>1. Processo TC-004.168/2022-4 (APOSENTADORIA)</p><p>1.1. Interessado: Eliseu da Silva Trindade (021.493.308-30).</p><p>1.2. Órgão/Entidade: Tribunal Regional Federal da 3ª Região.</p><p>1.3. Relator: Ministro Walton Alencar Rodrigues.</p><p>1.4. Representante do Ministério Público: Procurador Júlio Marcelo de Oliveira.</p><p>1.5. Unidade Técnica: Secretaria de Fiscalização de Integridade de Atos e Pagamentos de Pessoal e de Benefícios Sociais (Sefip).</p><p>1.6. Representação legal: não há.</p><p>1.7. Determinações/Recomendações/Orientações:</p><p>1.7.1. determinar ao órgão de origem, sob pena de responsabilidade solidária da autoridade administrativa omissa, que:</p><p>1.7.1.1. promova o destaque das parcelas de quintos/décimos incorporados com amparo em funções comissionadas exercidas entre 8/4/1998 e 4/9/2001, transformando-as em parcela compensatória a ser absorvida por quaisquer reajustes futuros, no prazo de sessenta dias, a contar da notificação do presente acórdão, desde que a hipótese não seja de decisão judicial transitada em julgado, consoante decidido pelo STF no RE 638.115/CE;</p><p>1.7.1.2. dê ciência do inteiro teor desta deliberação ao interessado, no prazo de trinta dias, e faça juntar aos autos o comprovante dessa notificação, nos trinta dias subsequentes, alertando-o de que o efeito suspensivo proveniente de eventual interposição de recurso junto ao TCU não o exime da devolução dos valores indevidamente percebidos após a notificação, caso o recurso não seja provido.</p><p>ACÓRDÃO Nº 4617/2022 - TCU - 1ª Câmara</p><p>Trata-se de ato de concessão de aposentadoria de Adriana Marcellino, emitido pelo Tribunal Regional do Trabalho da 2ª Região/SP, submetido à apreciação deste Tribunal para fins de registro.</p><p>Considerando que a Sefip e o MP/TCU identificaram o pagamento irregular da vantagem quintos/décimos oriundos de funções comissionadas ou cargos de confiança exercidos no período de 8/4/1998 a 4/9/2001;</p><p>Considerando que a irregularidade em questão é objeto de jurisprudência pacificada nesta Corte de Contas (vide Acórdãos 8.187/2021, 8.124/2021, 8.492/2021, 8.684/2021, 8.178/2021, 8.611/2021, todos da 1ª Câmara; e Acórdãos 7.999/2021, 7.816/2021, 8.318/2021, 8.254/2021, 13.963/2020, 8.319/2021 e 8.224/2021, todos da 2ª Câmara), especialmente a partir do julgamento pela Suprema Corte do RE 638.115/CE, da relatoria do E. Ministro Gilmar Mendes, com repercussão geral;</p><p>Considerando que o STF, em 18/12/2019, no julgamento de embargos declaratórios opostos ao RE 638.115/CE, ao manter a ilegalidade do pagamento dos quintos/décimos oriundos de funções comissionadas ou cargos de confiança exercidos no período de 8/4/1998 a 4/9/2001, estabeleceu as seguintes modulações de efeitos: os pagamentos das vantagens de quintos/décimos amparados por sentença judicial transitada em julgado deverão ser mantidos, não sendo transformados em parcelas compensatórias, nem absorvidos por futuros reajustes ou reestruturações de planos de cargos e salários do funcionalismo público civil; os pagamentos de quintos/décimos amparados por sentença judicial não definitiva ou por decisão administrativa serão destacados, transformados em parcela compensatória e absorvidos por futuros reajustes ou reestruturações de planos de cargos e salários do funcionalismo público civil;</p><p>Considerando que, com base nos documentos acostados nos autos, a parcela ora impugnada não foi concedida mediante decisão judicial transitada em julgado e que, diante da modulação de efeitos do julgamento do RE 638.115/CE, impõe-se o destaque do pagamento de quintos/décimos, com a sua conversão em parcela compensatória a ser absorvida por reajustes futuros ou reestruturações do plano de cargos e salários da carreira;</p><p>Considerando que, por meio do Acórdão 1.414/2021-TCU-Plenário, de minha relatoria, este Tribunal fixou entendimento no sentido da possibilidade de apreciação de ato sujeito a registro, mediante relação, na forma do art. 143, inciso II, do Regimento Interno do TCU, nas hipóteses em que a ilegalidade do ato decorra exclusivamente de questão jurídica de solução já pacificada na jurisprudência desta Corte de Contas;</p><p>Considerando que o ato ora examinado deu entrada nesta Corte há menos de cinco anos estando, assim, de acordo com a tese fixada pelo Supremo Tribunal Federal, no julgamento do RE 636.553/RS, da relatoria do E. Ministro Gilmar Mendes (Pleno, j. 19/2/2020, DJe 26/5/2020);</p><p>Considerando os pareceres da unidade técnica especializada e do Ministério Público junto a este Tribunal.</p><p>Os Ministros do Tribunal de Contas da União, reunidos em sessão da Primeira Câmara, ACORDAM, por unanimidade, com fundamento nos artigos 1º, inciso V, e 39, inciso II, da Lei 8.443/1992, c/c os artigos 17, inciso III, 143, inciso II, 260 e 262 do Regimento Interno/TCU, em considerar ilegal a concessão de aposentadoria de Adriana Marcellino e negar registro ao correspondente ato; dispensar, com fulcro no Enunciado 106 da Súmula da Jurisprudência do TCU, a devolução dos valores indevidamente recebidos até a data da ciência desta deliberação; dispensar a emissão de novo ato de aposentadoria, mantendo-se os efeitos financeiros do presente ato julgado ilegal, desde que promovidos os ajustes ora determinados, em observância ao decidido pelo STF no julgamento do RE 638.115/CE, sem prejuízo do monitoramento do cumprimento da presente deliberação; e expedir as determinações discriminadas no subitem 1.7:</p><p>1. Processo TC-010.852/2022-0 (APOSENTADORIA)</p><p>1.1. Interessado: Adriana Marcellino (076.601.108-96).</p><p>1.2. Órgão/Entidade: Tribunal Regional do Trabalho da 2ª Região/SP.</p><p>1.3. Relator: Ministro Walton Alencar Rodrigues.</p><p>1.4. Representante do Ministério Público: Procurador Rodrigo Medeiros de Lima.</p><p>1.5. Unidade Técnica: Secretaria de Fiscalização de Integridade de Atos e Pagamentos de Pessoal e de Benefícios Sociais (Sefip).</p><p>1.6. Representação legal: não há.</p><p>1.7. Determinações/Recomendações/Orientações:</p><p>1.7.1. determinar ao órgão de origem, sob pena de responsabilidade solidária da autoridade administrativa omissa, que:</p><p>1.7.1.1. promova o destaque das parcelas de quintos/décimos incorporados com amparo em funções comissionadas exercidas entre 8/4/1998 e 4/9/2001, transformando-as em parcela compensatória a ser absorvida por quaisquer reajustes futuros, no prazo de sessenta dias, a contar da notificação do presente acórdão, desde que a hipótese não seja de decisão judicial transitada em julgado, consoante decidido pelo STF no RE 638.115/CE;</p><p>1.7.1.2. dê ciência do inteiro teor desta deliberação à interessada, no prazo de trinta dias, e faça juntar aos autos o comprovante dessa notificação, nos trinta dias subsequentes, alertando-a de que o efeito suspensivo proveniente de eventual interposição de recurso junto ao TCU não a exime da devolução dos valores indevidamente percebidos após a notificação, caso o recurso não seja provido.</p><p>ACÓRDÃO Nº 4618/2022 - TCU - 1ª Câmara</p><p>Os Ministros do Tribunal de Contas da União, reunidos em sessão da Primeira Câmara, ACORDAM, por unanimidade, com fundamento nos arts. 1º, inciso V, e 39, inciso II da Lei 8.443/92, c/c o art. 143, inciso II do Regimento Interno, em considerar legais para fins de registro os atos de concessão a seguir relacionados, de acordo com os pareceres emitidos nos autos:</p><p>1. Processo TC-011.036/2022-2 (APOSENTADORIA)</p><p>1.1. Interessados: Carlos Alberto Cardoso dos Santos (034.819.052-20); Gracie May Vianna Hudson (101.776.201-53); Leny da Silva Oliveira (527.845.178-53); Marinês de Oliveira Alves (420.490.162-04); Paulo Alexandre Reis Borges (292.869.211-87).</p><p>1.2. Órgão/Entidade: Departamento de Centralização de Serviços de Inativos e Pensionistas.</p><p>1.3. Relator: Ministro Walton Alencar Rodrigues.</p><p>1.4. Representante do Ministério Público: Procurador Júlio Marcelo de Oliveira.</p><p>1.5. Unidade Técnica: Secretaria de Fiscalização de Integridade de Atos e Pagamentos de Pessoal e de Benefícios Sociais (Sefip).</p><p>1.6. Representação legal: não há.</p><p>1.7. Determinações/Recomendações/Orientações: não há.</p><p>ACÓRDÃO Nº 4619/2022 - TCU - 1ª Câmara</p><p>Os Ministros do Tribunal de Contas da União, reunidos em sessão da Primeira Câmara, ACORDAM, por unanimidade, com fundamento nos arts. 1º, inciso V, e 39, inciso II da Lei 8.443/92, c/c o art. 143, inciso II do Regimento Interno, em considerar legal para fins de registro o ato de concessão a seguir relacionado, de acordo com os pareceres emitidos nos autos:</p><p>1. Processo TC-011.923/2022-9 (APOSENTADORIA)</p><p>1.1. Interessada: Olga Almeida da Silva (334.250.511-72).</p><p>1.2. Órgão/Entidade: Superior Tribunal de Justiça.</p><p>1.3. Relator: Ministro Walton Alencar Rodrigues.</p><p>1.4. Representante do Ministério Público: Procurador Rodrigo Medeiros de Lima.</p><p>1.5. Unidade Técnica: Secretaria de Fiscalização de Integridade de Atos e Pagamentos de Pessoal e de Benefícios Sociais (Sefip).</p><p>1.6. Representação legal: não há.</p><p>1.7. Determinações/Recomendações/Orientações: não há.</p><p>ACÓRDÃO Nº 4620/2022 - TCU - 1ª Câmara</p><p>Os Ministros do Tribunal de Contas da União, reunidos em sessão da Primeira Câmara, ACORDAM, por unanimidade, com fundamento nos arts. 1º, inciso V, e 39, inciso II da Lei 8.443/92, c/c o art. 143, inciso II do Regimento Interno, em considerar legal para fins de registro o ato de concessão a seguir relacionado, de acordo com os pareceres emitidos nos autos:</p><p>1. Processo TC-012.350/2022-2 (APOSENTADORIA)</p><p>1.1. Interessado: Osvaldo José Antoniassi (080.134.549-91).</p><p>1.2. Órgão/Entidade: Ministério da Agricultura, Pecuária e Abastecimento.</p><p>1.3. Relator: Ministro Walton Alencar Rodrigues.</p><p>1.4. Representante do Ministério Público: Procurador Júlio Marcelo de Oliveira.</p><p>1.5. Unidade Técnica: Secretaria de Fiscalização de Integridade de Atos e Pagamentos de Pessoal e de Benefícios Sociais (Sefip).</p><p>1.6. Representação legal: não há.</p><p>1.7. Determinações/Recomendações/Orientações: não há.</p><p>ACÓRDÃO Nº 4621/2022 - TCU - 1ª Câmara</p><p>Os Ministros do Tribunal de Contas da União, reunidos em sessão da Primeira Câmara, ACORDAM, por unanimidade, com fundamento nos arts. 1º, inciso V, e 39, inciso II da Lei 8.443/92, c/c o art. 143, inciso II do Regimento Interno, em considerar legal para fins de registro o ato de concessão a seguir relacionado, de acordo com os pareceres emitidos nos autos:</p><p>1. Processo TC-014.512/2022-0 (APOSENTADORIA)</p><p>1.1. Interessado: Wisvan Hooll da Silva Adorno (144.261.451-04).</p><p>1.2. Órgão/Entidade: Ministério da Justiça e Segurança Pública.</p><p>1.3. Relator: Ministro Walton Alencar Rodrigues.</p><p>1.4. Representante do Ministério Público: Procuradora-Geral Cristina Machado da Costa e Silva.</p><p>1.5. Unidade Técnica: Secretaria de Fiscalização de Integridade de Atos e Pagamentos de Pessoal e de Benefícios Sociais (Sefip).</p><p>1.6. Representação legal: não há.</p><p>1.7. Determinações/Recomendações/Orientações: não há.</p><p>ACÓRDÃO Nº 4622/2022 - TCU - 1ª Câmara</p><p>Os Ministros do Tribunal de Contas da União, reunidos em sessão da Primeira Câmara, ACORDAM, por unanimidade, com fundamento nos arts. 1º, inciso V, e 39, inciso II da Lei 8.443/92, c/c o art. 143, inciso II do Regimento Interno, em considerar legal para fins de registro o ato de concessão a seguir relacionado, de acordo com os pareceres emitidos nos autos:</p><p>1. Processo TC-014.600/2022-6 (APOSENTADORIA)</p><p>1.1. Interessada: Domitila de Freitas Reis (135.072.492-00).</p><p>1.2. Órgão/Entidade: Ministério da Agricultura, Pecuária e Abastecimento.</p><p>1.3. Relator: Ministro Walton Alencar Rodrigues.</p><p>1.4. Representante do Ministério Público: Procuradora-Geral Cristina Machado da Costa e Silva.</p><p>1.5. Unidade Técnica: Secretaria de Fiscalização de Integridade de Atos e Pagamentos de Pessoal e de Benefícios Sociais (Sefip).</p><p>1.6. Representação legal: não há.</p><p>1.7. Determinações/Recomendações/Orientações: não há.</p><p>ACÓRDÃO Nº 4623/2022 - TCU - 1ª Câmara</p><p>Os Ministros do Tribunal de Contas da União, reunidos em sessão da Primeira Câmara, ACORDAM, por unanimidade, com fundamento nos arts. 1º, inciso V, e 39, inciso II da Lei 8.443/92, c/c o art. 143, inciso II do Regimento Interno, em considerar legais para fins de registro os atos de concessão a seguir relacionados, de acordo com os pareceres emitidos nos autos:</p><p>1. Processo TC-014.846/2022-5 (APOSENTADORIA)</p><p>1.1. Interessados: Evandro da Silva Freire Coutinho (601.392.007-97); Katia Silveira da Silva (674.017.407-53); Luiz Antonio de Saboya (592.274.437-20); Magali Romero Sá (521.181.007-44); Vera Lúcia Antunes Marinho (461.108.957-68).</p><p>1.2. Órgão/Entidade: Fundação Oswaldo Cruz.</p><p>1.3. Relator: Ministro Walton Alencar Rodrigues.</p><p>1.4. Representante do Ministério Público: Procurador Sergio Ricardo Costa Caribé.</p><p>1.5. Unidade Técnica: Secretaria de Fiscalização de Integridade de Atos e Pagamentos de Pessoal e de Benefícios Sociais (Sefip).</p><p>1.6. Representação legal: não há.</p><p>1.7. Determinações/Recomendações/Orientações: não há.</p><p>ACÓRDÃO Nº 4624/2022 - TCU - 1ª Câmara</p><p>Os Ministros do Tribunal de Contas da União, reunidos em sessão da Primeira Câmara, ACORDAM, por unanimidade, com fundamento nos arts. 1º, inciso V, e 39, inciso II da Lei 8.443/92, c/c o art. 143, inciso II do Regimento Interno, em considerar legais para fins de registro os atos de concessão a seguir relacionados, de acordo com os pareceres emitidos nos autos:</p><p>1. Processo TC-014.892/2022-7 (APOSENTADORIA)</p><p>1.1. Interessados: Patrícia Moreira Pinheiro (323.890.004-87); Severino Ferreira Filho (221.921.904-68).</p><p>1.2. Órgão/Entidade: Ministério da Saúde.</p><p>1.3. Relator: Ministro Walton Alencar Rodrigues.</p><p>1.4. Representante do Ministério Público: Procurador Sergio Ricardo Costa Caribé.</p><p>1.5. Unidade Técnica: Secretaria de Fiscalização de Integridade de Atos e Pagamentos de Pessoal e de Benefícios Sociais (Sefip).</p><p>1.6. Representação legal: não há.</p><p>1.7. Determinações/Recomendações/Orientações: não há.</p><p>ACÓRDÃO Nº 4625/2022 - TCU - 1ª Câmara</p><p>Os Ministros do Tribunal de Contas da União, reunidos em sessão da Primeira Câmara, ACORDAM, por unanimidade, com fundamento nos arts. 1º, inciso V, e 39, inciso II da Lei 8.443/92, c/c o art. 143, inciso II do Regimento Interno, em considerar legal para fins de registro o ato de concessão a seguir relacionado, de acordo com os pareceres emitidos nos autos:</p><p>1. Processo TC-014.964/2022-8 (APOSENTADORIA)</p><p>1.1. Interessado: Roberto Robertti Luduvice Rodrigues (102.250.305-78).</p><p>1.2. Órgão/Entidade: Instituto Nacional do Seguro Social.</p><p>1.3. Relator: Ministro Walton Alencar Rodrigues.</p><p>1.4. Representante do Ministério Público: Procurador Sergio Ricardo Costa Caribé.</p><p>1.5. Unidade Técnica: Secretaria de Fiscalização de Integridade de Atos e Pagamentos de Pessoal e de Benefícios Sociais (Sefip).</p><p>1.6. Representação legal: não há.</p><p>1.7. Determinações/Recomendações/Orientações: não há.</p><p>ACÓRDÃO Nº 4626/2022 - TCU - 1ª Câmara</p><p>Os Ministros do Tribunal de Contas da União, reunidos em sessão da Primeira Câmara, ACORDAM, por unanimidade, com fundamento nos arts. 1º, inciso V, e 39, inciso II da Lei 8.443/92, c/c o art. 143, inciso II do Regimento Interno, em considerar legal para fins de registro o ato de concessão a seguir relacionado, de acordo com os pareceres emitidos nos autos:</p><p>1. Processo TC-014.987/2022-8 (APOSENTADORIA)</p><p>1.1. Interessado: José Carlos Pistore (923.483.608-10).</p><p>1.2. Órgão/Entidade: Ministério da Agricultura, Pecuária e Abastecimento.</p><p>1.3. Relator: Ministro Walton Alencar Rodrigues.</p><p>1.4. Representante do Ministério Público: Procurador Sergio Ricardo Costa Caribé.</p><p>1.5. Unidade Técnica: Secretaria de Fiscalização de Integridade de Atos e Pagamentos de Pessoal e de Benefícios Sociais (Sefip).</p><p>1.6. Representação legal: não há.</p><p>1.7. Determinações/Recomendações/Orientações: não há.</p><p>ACÓRDÃO Nº 4627/2022 - TCU - 1ª Câmara</p><p>Os Ministros do Tribunal de Contas da União, reunidos em sessão da Primeira Câmara, ACORDAM, por unanimidade, com fundamento nos arts. 1º, inciso V, e 39, inciso II da Lei 8.443/92, c/c o art. 143, inciso II do Regimento Interno, em considerar legal para fins de registro o ato de concessão a seguir relacionado, de acordo com os pareceres emitidos nos autos:</p><p>1. Processo TC-015.003/2022-1 (APOSENTADORIA)</p><p>1.1. Interessado: Franclin Costa do Nascimento (221.217.901-44).</p><p>1.2. Órgão/Entidade: Instituto Federal de Educação, Ciência e Tecnologia de Brasília.</p><p>1.3. Relator: Ministro Walton Alencar Rodrigues.</p><p>1.4. Representante do Ministério Público: Procuradora-Geral Cristina Machado da Costa e Silva.</p><p>1.5. Unidade Técnica: Secretaria de Fiscalização de Integridade de Atos e Pagamentos de Pessoal e de Benefícios Sociais (Sefip).</p><p>1.6. Representação legal: não há.</p><p>1.7. Determinações/Recomendações/Orientações: não há.</p><p>ACÓRDÃO Nº 4628/2022 - TCU - 1ª Câmara</p><p>Trata-se de ato de concessão de aposentadoria de Diana de Souza Barbosa, emitido pelo Ministério Público Federal, submetido à apreciação deste Tribunal para fins de registro.</p><p>Considerando que a Sefip e o MP/TCU identificaram o pagamento irregular da vantagem quintos/décimos oriundos de funções comissionadas ou cargos de confiança exercidos no período de 8/4/1998 a 4/9/2001;</p><p>Considerando que a irregularidade em questão é objeto de jurisprudência pacificada nesta Corte de Contas (vide Acórdãos 8.187/2021, 8.124/2021, 8.492/2021, 8.684/2021, 8.178/2021, 8.611/2021, todos da 1ª Câmara; e Acórdãos 7.999/2021, 7.816/2021, 8.318/2021, 8.254/2021, 13.963/2020, 8.319/2021 e 8.224/2021, todos da 2ª Câmara), especialmente a partir do julgamento pela Suprema Corte do RE 638.115/CE, da relatoria do E. Ministro Gilmar Mendes, com repercussão geral;</p><p>Considerando que o STF, em 18/12/2019, no julgamento de embargos declaratórios opostos ao RE 638.115/CE, ao manter a ilegalidade do pagamento dos quintos/décimos oriundos de funções comissionadas ou cargos de confiança exercidos no período de 8/4/1998 a 4/9/2001, estabeleceu as seguintes modulações de efeitos: os pagamentos das vantagens de quintos/décimos amparados por sentença judicial transitada em julgado deverão ser mantidos, não sendo transformados em parcelas compensatórias, nem absorvidos por futuros reajustes ou reestruturações de planos de cargos e salários do funcionalismo público civil; os pagamentos de quintos/décimos amparados por sentença judicial não definitiva ou por decisão administrativa serão destacados, transformados em parcela compensatória e absorvidos por futuros reajustes ou reestruturações de planos de cargos e salários do funcionalismo público civil;</p><p>Considerando que, com base nos documentos acostados nos autos, a parcela ora impugnada não foi concedida mediante decisão judicial transitada em julgado e que, diante da modulação de efeitos do julgamento do RE 638.115/CE, impõe-se o destaque do pagamento de quintos/décimos, com a sua conversão em parcela compensatória a ser absorvida por reajustes futuros ou reestruturações do plano de cargos e salários da carreira;</p><p>Considerando que, por meio do Acórdão 1.414/2021-TCU-Plenário, de minha relatoria, este Tribunal fixou entendimento no sentido da possibilidade de apreciação de ato sujeito a registro, mediante relação, na forma do art. 143, inciso II, do Regimento Interno do TCU, nas hipóteses em que a ilegalidade do ato decorra exclusivamente de questão jurídica de solução já pacificada na jurisprudência desta Corte de Contas;</p><p>Considerando que o ato ora examinado deu entrada nesta Corte há menos de cinco anos estando, assim, de acordo com a tese fixada pelo Supremo Tribunal Federal, no julgamento do RE 636.553/RS, da relatoria do E. Ministro Gilmar Mendes (Pleno, j. 19/2/2020, DJe 26/5/2020);</p><p>Considerando os pareceres da unidade técnica especializada e do Ministério Público junto a este Tribunal.</p><p>Os Ministros do Tribunal de Contas da União, reunidos em sessão da Primeira Câmara, ACORDAM, por unanimidade, com fundamento nos artigos 1º, inciso V, e 39, inciso II, da Lei 8.443/1992, c/c os artigos 17, inciso III, 143, inciso II, 260 e 262 do Regimento Interno/TCU, em considerar ilegal a concessão de aposentadoria de Diana de Souza Barbosa e negar registro ao correspondente ato; dispensar, com fulcro no Enunciado 106 da Súmula da Jurisprudência do TCU, a devolução dos valores indevidamente recebidos até a data da ciência desta deliberação; dispensar a emissão de novo ato de aposentadoria, mantendo-se os efeitos financeiros do presente ato julgado ilegal, desde que promovidos os ajustes ora determinados, em observância ao decidido pelo STF no julgamento do RE 638.115/CE, sem prejuízo do monitoramento do cumprimento da presente deliberação; e expedir as determinações discriminadas no subitem 1.7:</p><p>1. Processo TC-024.117/2021-8 (APOSENTADORIA)</p><p>1.1. Interessado: Diana de Souza Barbosa (455.653.334-15).</p><p>1.2. Órgão/Entidade: Ministério Público Federal.</p><p>1.3. Relator: Ministro Walton Alencar Rodrigues.</p><p>1.4. Representante do Ministério Público: Procuradora-Geral Cristina Machado da Costa e Silva.</p><p>1.5. Unidade Técnica: Secretaria de Fiscalização de Integridade de Atos e Pagamentos de Pessoal e de Benefícios Sociais (Sefip).</p><p>1.6. Representação legal: não há.</p><p>1.7. Determinações/Recomendações/Orientações:</p><p>1.7.1. determinar ao órgão de origem, sob pena de responsabilidade solidária da autoridade administrativa omissa, que:</p><p>1.7.1.1. promova o destaque das parcelas de quintos/décimos incorporados com amparo em funções comissionadas exercidas entre 8/4/1998 e 4/9/2001, transformando-as em parcela compensatória a ser absorvida por quaisquer reajustes futuros, no prazo de sessenta dias, a contar da notificação do presente acórdão, desde que a hipótese não seja de decisão judicial transitada em julgado, consoante decidido pelo STF no RE 638.115/CE;</p><p>1.7.1.2. dê ciência do inteiro teor desta deliberação à interessada, no prazo de trinta dias, e faça juntar aos autos o comprovante dessa notificação, nos trinta dias subsequentes, alertando-a de que o efeito suspensivo proveniente de eventual interposição de recurso junto ao TCU não a exime da devolução dos valores indevidamente percebidos após a notificação, caso o recurso não seja provido.</p><p>ACÓRDÃO Nº 4629/2022 - TCU - 1ª Câmara</p><p>Trata-se de ato de admissão de Jader Goncalves Moraes, emitido pela Caixa Econômica Federal.</p><p>Considerando que a Sefip e o MP/TCU manifestaram-se pela ilegalidade do ato de admissão, em razão da contratação do interessado após a expiração do prazo improrrogável do concurso público regido pelos Editais 001/2014NM e 001/2014/NS;</p><p>Considerando que, por força de ordem judicial, proferida nos autos da Ação Civil Pública 00059-10-2016-5-10-0006, que tramitou na 6ª Vara do Trabalho de Brasília-DF, o referido concurso teve sua validade prorrogada até o seu trânsito em julgado;</p><p>Considerando que, em situações análogas, esta Corte tem considerado ilegal o ato de admissão, com a negativa de seu registro, sem prejuízo de que a relação contratual seja mantida enquanto permanecer hígida a decisão judicial, bem como de que os pagamentos sejam mantidos, conforme o entendimento extraído do Acórdão 1.106/2020-TCU-Plenário, da relatoria da E. Ministra Ana Arraes, e a pacificada jurisprudência deste Tribunal sobre o tema;</p><p>Considerando que, por meio do Acórdão 1.414/2021-TCU-Plenário, de minha relatoria, este Tribunal fixou entendimento no sentido da possibilidade de apreciação de ato sujeito a registro, mediante relação, na forma do art. 143, inciso II, do Regimento Interno do TCU, nas hipóteses em que a ilegalidade do ato decorra exclusivamente de questão jurídica de solução já pacificada na jurisprudência desta Corte de Contas;</p><p>Considerando que o ato ora examinado deu entrada nesta Corte há menos de cinco anos, estando, assim, de acordo com a tese fixada pelo Supremo Tribunal Federal, no julgamento do RE 636.553/RS, da relatoria do E. Ministro Gilmar Mendes (Pleno, j. 19/2/2020, DJe 26/5/2020);</p><p>Considerando os pareceres convergentes da unidade técnica especializada e do Ministério Público junto a este Tribunal.</p><p>Os Ministros do Tribunal de Contas da União, reunidos em sessão da Primeira Câmara, ACORDAM, por unanimidade, com fundamento nos artigos 1º, inciso V, e 39, inciso II, da Lei 8.443/1992, c/c os artigos 17, inciso II, 143, inciso II, e 260, § 1º, do RI/TCU, em considerar ilegal o ato de admissão de Jader Goncalves Moraes, negando-lhe registro; esclarecer à entidade de origem que, a despeito da negativa de registro do ato, a admissão poderá subsistir enquanto se mantiver hígida a sentença favorável ao interessado, proferida na Ação Civil Pública 00059-10-2016-5-10-0006, proposta originalmente perante a 6ª Vara do Trabalho de Brasília-DF; dar ciência desta deliberação à Caixa Econômica Federal e ao interessado; e expedir a determinação discriminada no subitem 1.7:</p><p>1. Processo TC-012.781/2022-3 (ATOS DE ADMISSÃO)</p><p>1.1. Interessado: Jader Goncalves Moraes (021.676.845-41).</p><p>1.2. Órgão/Entidade: Caixa Econômica Federal.</p><p>1.3. Relator: Ministro Walton Alencar Rodrigues.</p><p>1.4. Representante do Ministério Público: Procurador Júlio Marcelo de Oliveira.</p><p>1.5. Unidade Técnica: Secretaria de Fiscalização de Integridade de Atos e Pagamentos de Pessoal e de Benefícios Sociais (Sefip).</p><p>1.6. Representação legal: não há.</p><p>1.7. Determinações/Recomendações/Orientações:</p><p>1.7.1. determinar à Caixa Econômica Federal que acompanhe os desdobramentos da Ação Civil Pública 00059-10-2016-5-10-0006, proposta originalmente perante a 6ª Vara do Trabalho de Brasília-DF, e adote as medidas pertinentes em caso de desconstituição da decisão favorável ao interessado.</p><p>ACÓRDÃO Nº 4630/2022 - TCU - 1ª Câmara</p><p>Trata-se de ato de admissão de Jose Zenildo Eugenio da Silva, emitido pela Caixa Econômica Federal.</p><p>Considerando que a Sefip e o MP/TCU manifestaram-se pela ilegalidade do ato de admissão, em razão da contratação do interessado após a expiração do prazo improrrogável do concurso público regido pelos Editais 001/2014NM e 001/2014/NS;</p><p>Considerando que, por força de ordem judicial, proferida nos autos da Ação Civil Pública 00059-10-2016-5-10-0006, que tramitou na 6ª Vara do Trabalho de Brasília-DF, o referido concurso teve sua validade prorrogada até o seu trânsito em julgado;</p><p>Considerando que, em situações análogas, esta Corte tem considerado ilegal o ato de admissão, com a negativa de seu registro, sem prejuízo de que a relação contratual seja mantida enquanto permanecer hígida a decisão judicial, bem como de que os pagamentos sejam mantidos, conforme o entendimento extraído do Acórdão 1.106/2020-TCU-Plenário, da relatoria da E. Ministra Ana Arraes, e a pacificada jurisprudência deste Tribunal sobre o tema;</p><p>Considerando que, por meio do Acórdão 1.414/2021-TCU-Plenário, de minha relatoria, este Tribunal fixou entendimento no sentido da possibilidade de apreciação de ato sujeito a registro, mediante relação, na forma do art. 143, inciso II, do Regimento Interno do TCU, nas hipóteses em que a ilegalidade do ato decorra exclusivamente de questão jurídica de solução já pacificada na jurisprudência desta Corte de Contas;</p><p>Considerando que o ato ora examinado deu entrada nesta Corte há menos de cinco anos, estando, assim, de acordo com a tese fixada pelo Supremo Tribunal Federal, no julgamento do RE 636.553/RS, da relatoria do E. Ministro Gilmar Mendes (Pleno, j. 19/2/2020, DJe 26/5/2020);</p><p>Considerando os pareceres convergentes da unidade técnica especializada e do Ministério Público junto a este Tribunal.</p><p>Os Ministros do Tribunal de Contas da União, reunidos em sessão da Primeira Câmara, ACORDAM, por unanimidade, com fundamento nos artigos 1º, inciso V, e 39, inciso II, da Lei 8.443/1992, c/c os artigos 17, inciso II, 143, inciso II, e 260, § 1º, do RI/TCU, em considerar ilegal o ato de admissão de Jose Zenildo Eugenio da Silva, negando-lhe registro; esclarecer à entidade de origem que, a despeito da negativa de registro do ato, a admissão poderá subsistir enquanto se mantiver hígida a sentença favorável ao interessado, proferida na Ação Civil Pública 00059-10-2016-5-10-0006, proposta originalmente perante a 6ª Vara do Trabalho de Brasília-DF; dar ciência desta deliberação à Caixa Econômica Federal e ao interessado; e expedir a determinação discriminada no subitem 1.7:</p><p>1. Processo TC-012.781/2022-3 (ATOS DE ADMISSÃO)</p><p>1.1. Interessado: Jose Zenildo Eugenio da Silva (047.513.683-70).</p><p>1.2. Órgão/Entidade: Caixa Econômica Federal.</p><p>1.3. Relator: Ministro Walton Alencar Rodrigues.</p><p>1.4. Representante do Ministério Público: Procurador Rodrigo Medeiros de Lima.</p><p>1.5. Unidade Técnica: Secretaria de Fiscalização de Integridade de Atos e Pagamentos de Pessoal e de Benefícios Sociais (Sefip).</p><p>1.6. Representação legal: não há.</p><p>1.7. Determinações/Recomendações/Orientações:</p><p>1.7.1. determinar à Caixa Econômica Federal que acompanhe os desdobramentos da Ação Civil Pública 00059-10-2016-5-10-0006, proposta originalmente perante a 6ª Vara do Trabalho de Brasília-DF, e adote as medidas pertinentes em caso de desconstituição da decisão favorável ao interessado.</p><p>ACÓRDÃO Nº 4631/2022 - TCU - 1ª Câmara</p><p>Os Ministros do Tribunal de Contas da União, reunidos em sessão da Primeira Câmara, ACORDAM, por unanimidade, com fundamento nos arts. 1º, inciso V, e 39, inciso I da Lei 8.443/92, c/c o art. 143, inciso II do Regimento Interno, em considerar legal para fins de registro o ato de admissão de pessoal a seguir relacionado, de acordo com os pareceres emitidos nos autos:</p><p>1. Processo TC-013.600/2022-2 (ATOS DE ADMISSÃO)</p><p>1.1. Interessado: Fernando José Smecelato (268.864.048-81).</p><p>1.2. Órgão/Entidade: Fundação Jorge Duprat Figueiredo, de Segurança e Medicina do Trabalho.</p><p>1.3. Relator: Ministro Walton Alencar Rodrigues.</p><p>1.4. Representante do Ministério Público: Procurador Rodrigo Medeiros de Lima.</p><p>1.5. Unidade Técnica: Secretaria de Fiscalização de Integridade de Atos e Pagamentos de Pessoal e de Benefícios Sociais (Sefip).</p><p>1.6. Representação legal: não há.</p><p>1.7. Determinações/Recomendações/Orientações: não há.</p>]]></Texto>
  </body>
  <Midias />
</article></xml>