﻿<xml><article id="27749649" name="Ata_29_2C_23_08_2022 - BD - IMPR" idOficio="9058555" pubName="DO1" artType="Ata" pubDate="30/08/2022" artClass="00044:00003:00000:00000:00000:00000:00000:00000:00000:00000:00005:00000" artCategory="Tribunal de Contas da União/2ª Câmara" artSize="12" artNotes="" numberPage="375" pdfPage="http://pesquisa.in.gov.br/imprensa/jsp/visualiza/index.jsp?data=30/08/2022&amp;jornal=515&amp;pagina=375" editionNumber="165" highlightType="" highlightPriority="" highlight="" highlightimage="" highlightimagename="" idMateria="19841584">
  <body>
    <Identifica />
    <Data><![CDATA[]]></Data>
    <Ementa />
    <Titulo />
    <SubTitulo />
    <Texto><![CDATA[<p>ACÓRDÃO Nº 4672/2022 - TCU - 2ª Câmara</p><p>VISTOS e relacionados estes autos de ato de concessão de aposentadoria do Sr. Paulo Roberto Dulnik, emitido pela Universidade Tecnológica Federal do Paraná e submetido a este Tribunal para fins de registro;</p><p>Considerando que a análise empreendida pela Secretaria de Fiscalização de Integridade de Atos e Pagamentos de Pessoal e de Benefícios Sociais - Sefip detectou a inclusão irregular nos proventos, por força de decisão judicial transitada em julgado, de parcelas decorrentes da incorporação de "quintos/décimos" da Função Comissionada CD-3 (5/5) exercida após a edição da Lei 9.624/1998, uma vez que os períodos de incorporação ocorreram, em parte, em momento posterior à data limite de 8/4/1998;</p><p>Considerando que a jurisprudência desta Casa de Contas consolidou o entendimento de que é ilegal a percepção da rubrica de "quintos/décimos", cuja incorporação decorreu de funções comissionadas exercidas no período de 08/04/1998 a 04/09/2001, devendo-se observar a modulação dos efeitos definida pelo Supremo Tribunal Federal na decisão do Recurso Extraordinário 638.115/CE, acerca dessa matéria;</p><p>Considerando que a referida parcela de 5/5 da CD-3 foi concedida a partir de decisão judicial transitada em julgado;</p><p>Considerando que, segundo a modulação de efeitos do julgamento do RE 638.115/CE feita pelo STF, somente para a hipótese de "quintos/décimos" recebidos com base em decisão judicial transitada em julgado será indevida a cessação imediata do pagamento e não haverá absorção da parcela por reajustes futuros;</p><p>Considerando que a Sefip também detectou a inclusão irregular nos proventos de parcelas decorrentes da incorporação de "quintos/décimos" com a utilização de períodos sobrepostos do exercício de funções comissionadas (4/10 de FG-1, 2/10 de FG-4 e 2/10 de CD-3, além dos 10/10 de CD-3);</p><p>Considerando que a situação descrita caracteriza o acúmulo de mais de 10/10 de função comissionada, fato que não é albergado pela legislação de regência da matéria, uma vez que se observa no ato (peça 3, p. 4) o pagamento da rubrica de decisão judicial referente a 10/10 de CD-3, no valor de R$ 3.461,57, bem como a rubrica VPNI do artigo 62-A da Lei 8.112/1990, no valor total de R$ 510,80, que engloba 4/10 de FG-1 (R$ 107,16), 2/10 de FG-4 (R$ 27,72) e 2/10 de CD-3 (R$ 375,92);</p><p>Considerando que, por meio do Acórdão 1.414/2021-Plenário (relator: Ministro Walton Alencar Rodrigues), este Tribunal fixou entendimento no sentido da possibilidade de apreciação de ato sujeito a registro mediante relação, na forma do artigo 143, inciso II, do Regimento Interno/TCU, nas hipóteses em que a ilegalidade do ato decorra exclusivamente de questão jurídica de solução já pacificada na jurisprudência desta Corte de Contas;</p><p>Considerando a presunção de boa-fé do interessado;</p><p>Considerando que o ato ora examinado deu entrada no TCU há menos de cinco anos; e</p><p>Considerando, por fim, os pareceres convergentes da Sefip e do Ministério Público junto ao TCU - MP/TCU.</p><p>ACORDAM os Ministros do Tribunal de Contas da União, com fundamento nos artigos 1º, inciso V, e 39, inciso II, da Lei 8.443/1992, c/c os artigos 17, inciso III, 143, inciso II, 259, inciso II, 260 e 262 do Regimento Interno/TCU, em considerar ilegal a concessão de aposentadoria do Sr. Paulo Roberto Dulnik e negar registro ao correspondente ato, dispensar o ressarcimento das quantias indevidamente recebidas de boa-fé pelo interessado, consoante o disposto no Enunciado 106 da Súmula da Jurisprudência do TCU, e expedir as determinações contidas no subitem 1.7 abaixo:</p><p>1. Processo TC-012.805/2022-0 (APOSENTADORIA)</p><p>1.1. Interessado: Paulo Roberto Dulnik (347.263.730-72).</p><p>1.2. Entidade: Universidade Tecnológica Federal do Paraná.</p><p>1.3. Relator: Ministro-Substituto Marcos Bemquerer Costa.</p><p>1.4. Representante do Ministério Público: Procurador Júlio Marcelo de Oliveira.</p><p>1.5. Unidade Técnica: Secretaria de Fiscalização de Integridade de Atos e Pagamentos de Pessoal e de Benefícios Sociais (Sefip).</p><p>1.6. Representação legal: não há.</p><p>1.7. Determinações/Recomendações/Orientações: não há.</p><p>1.7. Determinações:</p><p>1.7.1. determinar à Universidade Tecnológica Federal do Paraná que, no prazo de 15 (quinze) dias a contar da notificação deste Acórdão, adote as seguintes providências:</p><p>1.7.1.1. abstenha-se de realizar pagamentos decorrentes do ato de aposentadoria ora impugnado, sujeitando-se a autoridade administrativa omissa à responsabilidade solidária, nos termos do art. 262, caput, do Regimento Interno/TCU;</p><p>1.7.1.2. dê ciência do inteiro teor desta Deliberação ao interessado, alertando-o de que o efeito suspensivo proveniente da interposição de possíveis recursos perante o TCU não o exime da devolução dos valores percebidos indevidamente após a respectiva notificação, caso os recursos não sejam providos, encaminhando a este Tribunal, no prazo de 30 (trinta) dias, comprovante da referida ciência; e</p><p>1.7.1.3. emita novo ato de concessão de aposentadoria em favor do Sr. Paulo Roberto Dulnik e promova seu cadastro no sistema e-Pessoal, livre da irregularidade verificada neste processo, sendo submetido a este Tribunal, nos termos da IN/TCU 78/2018.</p><p>ACÓRDÃO Nº 4673/2022 - TCU - 2ª Câmara</p><p>VISTOS e relacionados estes autos de ato de concessão de aposentadoria da Sra. Narlice Sobral Santos, emitido pelo Tribunal Regional do Trabalho da 8ª Região/PA e AP e submetido a este Tribunal para fins de registro;</p><p>Considerando que a análise empreendida pela Secretaria de Fiscalização de Integridade de Atos e Pagamentos de Pessoal e de Benefícios Sociais - Sefip detectou a inclusão irregular nos proventos, por força de decisão judicial transitada em julgado, de parcelas decorrentes da incorporação de "quintos/décimos" de funções comissionadas exercidas após a edição da Lei 9.624/1998, uma vez que os períodos de incorporação ocorreram, em parte, em momento posterior à data limite de 8/4/1998;</p><p>Considerando que a jurisprudência desta Casa de Contas consolidou o entendimento de que é ilegal a percepção da rubrica de "quintos/décimos", cuja incorporação decorreu de funções comissionadas exercidas no período de 08/04/1998 a 04/09/2001, devendo-se observar a modulação dos efeitos definida pelo Supremo Tribunal Federal na decisão do Recurso Extraordinário 638.115/CE, acerca dessa matéria;</p><p>Considerando que a parcela impugnada foi concedida a partir de decisão judicial transitada em julgado;</p><p>Considerando que, segundo a modulação de efeitos do julgamento do RE 638.115/CE feita pelo STF, somente para a hipótese de "quintos/décimos" recebidos com base em decisão judicial transitada em julgado será indevida a cessação imediata do pagamento e não haverá absorção da parcela por reajustes futuros;</p><p>Considerando que, por meio do Acórdão 1.414/2021-Plenário (relator: Ministro Walton Alencar Rodrigues), este Tribunal fixou entendimento no sentido da possibilidade de apreciação de ato sujeito a registro mediante relação, na forma do artigo 143, inciso II, do Regimento Interno/TCU, nas hipóteses em que a ilegalidade do ato decorra exclusivamente de questão jurídica de solução já pacificada na jurisprudência desta Corte de Contas;</p><p>Considerando a presunção de boa-fé da interessada;</p><p>Considerando que o ato ora examinado deu entrada no TCU há menos de cinco anos; e</p><p>Considerando, por fim, os pareceres convergentes da Sefip e do Ministério Público junto ao TCU - MP/TCU.</p><p>ACORDAM os Ministros do Tribunal de Contas da União, com fundamento nos artigos 1º, inciso V, e 39, inciso II, da Lei 8.443/1992, c/c os artigos 17, inciso III, 143, inciso II, 259, inciso II, 260 e 262 do Regimento Interno/TCU, em considerar ilegal a concessão de aposentadoria da Sra. Narlice Sobral Santos e negar registro ao correspondente ato, dispensar o ressarcimento das quantias indevidamente recebidas de boa-fé pela interessada, consoante o disposto no Enunciado 106 da Súmula da Jurisprudência do TCU, e expedir a determinação contida no subitem 1.7 abaixo:</p><p>1. Processo TC-012.840/2022-0 (APOSENTADORIA)</p><p>1.1. Interessada: Narlice Sobral Santos (175.227.652-34).</p><p>1.2. Órgão: Tribunal Regional do Trabalho da 8ª Região/PA e AP.</p><p>1.3. Relator: Ministro-Substituto Marcos Bemquerer Costa.</p><p>1.4. Representante do Ministério Público: Procuradora-Geral Cristina Machado da Costa e Silva.</p><p>1.5. Unidade Técnica: Secretaria de Fiscalização de Integridade de Atos e Pagamentos de Pessoal e de Benefícios Sociais (Sefip).</p><p>1.6. Representação legal: não há.</p><p>1.7. Determinação:</p><p>1.7.1. determinar ao Tribunal Regional do Trabalho da 8ª Região/PA e AP que, no prazo de 15 (quinze) dias a contar da notificação deste Acórdão, dê ciência do inteiro teor desta Deliberação à interessada, encaminhando a este Tribunal, no prazo de 30 (trinta) dias, comprovante da referida ciência, sem prejuízo de esclarecer ao órgão de origem que, a despeito da negativa de registro, as parcelas de quintos incorporadas com amparo em funções comissionadas exercidas entre 8/4/1998 e 4/9/2001, uma vez amparadas por decisão judicial transitada em julgado, deverão ter seu pagamento mantido, nos exatos termos da modulação de efeitos estabelecida pelo STF no RE 638.115/CE, sendo desnecessária, portanto, a emissão de novo ato concessório.</p><p>ACÓRDÃO Nº 4674/2022 - TCU - 2ª Câmara</p><p>VISTOS e relacionados estes autos de ato de concessão de aposentadoria da Sra. Maria de Fátima Tertuliano Chalegre, emitido pelo Tribunal Regional do Trabalho da 6ª Região/PE e submetido a este Tribunal para fins de registro;</p><p>Considerando que a análise empreendida pela Secretaria de Fiscalização de Integridade de Atos e Pagamentos de Pessoal e de Benefícios Sociais - Sefip detectou o pagamento irregular da vantagem de "quintos/décimos" após a edição da Lei 9.624/1998, uma vez que os períodos de incorporação ocorreram, em parte, em momento posterior à data limite de 8/4/1998;</p><p>Considerando que a jurisprudência desta Casa de Contas consolidou o entendimento de que é ilegal a percepção da rubrica de "quintos/décimos", cuja incorporação decorreu de funções comissionadas exercidas no período de 08/04/1998 a 04/09/2001, devendo-se observar a modulação dos efeitos definida pelo Supremo Tribunal Federal na decisão do Recurso Extraordinário 638.115/CE, acerca dessa matéria;</p><p>Considerando que, segundo a modulação de efeitos do julgamento do RE 638.115/CE feita pelo STF, somente para a hipótese de "quintos/décimos" recebidos com base em decisão judicial transitada em julgado será indevida a cessação imediata do pagamento e não haverá absorção da parcela por reajustes futuros. Já nos casos de "quintos/décimos" recebidos por força de decisão judicial não transitada em julgado ou de decisão administrativa, o pagamento será mantido até sua absorção integral por quaisquer reajustes futuros concedidos aos servidores;</p><p>Considerando que inexistem nos autos documentos que indicam se a origem da parcela de "quintos/décimos" foi deferida com base em decisão administrativa ou judicial;</p><p>Considerando que, conforme observado pela Secretaria de Fiscalização de Integridade de Atos e Pagamentos de Pessoal e de Benefícios Sociais (Sefip) à peça 5, o órgão de origem já promoveu o destaque das parcelas de "quintos/décimos" incorporadas com base em funções comissionadas exercidas entre 08/04/1998 e 04/09/2001, transformando-as em parcela compensatória a ser absorvida por quaisquer reajustes futuros;</p><p>Considerando que, mesmo com a implementação da parcela compensatória a ser absorvida por quaisquer reajustes futuros, ainda assim a incorporação da vantagem de "quintos/décimos", decorrente do exercício de função comissionada posteriormente a 8/4/1998, é ilegal por falta de amparo na norma de regência;</p><p>Considerando que, por meio do Acórdão 1.414/2021-Plenário (relator: Ministro Walton Alencar Rodrigues), este Tribunal fixou entendimento no sentido da possibilidade de apreciação de ato sujeito a registro mediante relação, na forma do artigo 143, inciso II, do Regimento Interno/TCU, nas hipóteses em que a ilegalidade do ato decorra exclusivamente de questão jurídica de solução já pacificada na jurisprudência desta Corte de Contas;</p><p>Considerando a presunção de boa-fé da interessada;</p><p>Considerando que o ato ora examinado deu entrada no TCU há menos de cinco anos; e</p><p>Considerando, por fim, os pareceres convergentes da Sefip e do Ministério Público junto ao TCU - MP/TCU.</p><p>ACORDAM os Ministros do Tribunal de Contas da União, com fundamento nos artigos 1º, inciso V, e 39, inciso II, da Lei 8.443/1992, c/c os artigos 17, inciso III, 143, inciso II, 259, inciso II, 260 e 262 do Regimento Interno/TCU, em considerar ilegal a concessão de aposentadoria da Sra. Maria de Fátima Tertuliano Chalegre e negar registro ao correspondente ato, dispensar o ressarcimento das quantias indevidamente recebidas de boa-fé pela interessada, consoante o disposto no Enunciado 106 da Súmula da Jurisprudência do TCU, bem como expedir a determinação e a orientação contidas no subitem 1.7 abaixo:</p><p>1. Processo TC-012.888/2022-2 (APOSENTADORIA)</p><p>1.1. Interessada: Maria de Fátima Tertuliano Chalegre (126.948.864-34).</p><p>1.2. Órgão: Tribunal Regional do Trabalho da 6ª Região/PE.</p><p>1.3. Relator: Ministro-Substituto Marcos Bemquerer Costa.</p><p>1.4. Representante do Ministério Público: Procurador Júlio Marcelo de Oliveira.</p><p>1.5. Unidade Técnica: Secretaria de Fiscalização de Integridade de Atos e Pagamentos de Pessoal e de Benefícios Sociais (Sefip).</p><p>1.6. Representação legal: não há.</p><p>1.7. Determinação/Orientação:</p><p>1.7.1. determinar ao Tribunal Regional do Trabalho da 6ª Região/PE que, no prazo de 15 (quinze) dias a contar da notificação deste Acórdão, dê ciência do inteiro teor desta Deliberação à interessada, encaminhando a este Tribunal, no prazo de 30 (trinta) dias, comprovante da referida ciência; e</p><p>1.7.2. esclarecer ao Tribunal Regional do Trabalho da 6ª Região/PE que, a despeito da negativa de registro do ato concessório, a vantagem de "quintos/décimos" incorporada com amparo em funções comissionadas exercidas entre 8/4/1998 e 4/9/2001, uma vez transformada em parcela compensatória a ser absorvida por quaisquer reajustes futuros, não impõe a legalidade do ato nem enseja a emissão de novo ato concessório.</p><p>ACÓRDÃO Nº 4675/2022 - TCU - 2ª Câmara</p><p>VISTOS e relacionados estes autos de ato de concessão de aposentadoria do Sr. Severino Carrera da Silva, emitido pela Câmara dos Deputados e submetido a este Tribunal para fins de registro;</p><p>Considerando que a análise empreendida pela Secretaria de Fiscalização de Integridade de Atos e Pagamentos de Pessoal e de Benefícios Sociais - Sefip detectou o pagamento irregular da vantagem de "quintos/décimos" após a edição da Lei 9.624/1998;</p><p>Considerando que a jurisprudência desta Casa de Contas consolidou o entendimento de que é ilegal a percepção da rubrica de "quintos/décimos", cuja incorporação decorreu de funções comissionadas exercidas no período de 08/04/1998 a 04/09/2001, devendo-se observar a modulação dos efeitos definida pelo Supremo Tribunal Federal na decisão do Recurso Extraordinário 638.115/CE, acerca dessa matéria;</p><p>Considerando que, segundo a modulação de efeitos do julgamento do RE 638.115/CE feita pelo STF, somente para a hipótese de "quintos/décimos" recebidos com base em decisão judicial transitada em julgado será indevida a cessação imediata do pagamento e não haverá absorção da parcela por reajustes futuros. Já nos casos de "quintos/décimos" recebidos por força de decisão judicial não transitada em julgado ou de decisão administrativa, o pagamento será mantido até sua absorção integral por quaisquer reajustes futuros concedidos aos servidores;</p><p>Considerando que o órgão de origem transformou a vantagem oriunda dos "quintos/décimos" em parcela compensatória a ser absorvida por quaisquer reajustes futuros, nos moldes do mencionado Recurso Extraordinário 638.115;</p><p>Considerando que, mesmo com a implementação da parcela compensatória a ser absorvida por quaisquer reajustes futuros, ainda assim a incorporação da vantagem de "quintos/décimos", decorrente do exercício de função comissionada posteriormente a 8/4/1998, é ilegal por falta de amparo na norma de regência;</p><p>Considerando, ainda, que este Tribunal, assim como em outros processos de aposentadorias deferidas pela Câmara dos Deputados, verificou que aquele órgão promoveu reajuste indevido das parcelas de "quintos/décimos" com base na Lei 13.323/2016;</p><p>Considerando que os "quintos/décimos" incorporados até a edição da Lei 9.527/1997, de acordo com jurisprudência do Superior Tribunal de Justiça, devem ser atualizados conforme os critérios adotados para a revisão geral da remuneração dos servidores públicos federais, pois desde então ostentam natureza de Vantagem Pessoal Nominalmente Identificada (EDcl no AgInt no RECURSO ESPECIAL 1.516.357 - RS. Relator: Min. Mauro Campbell Marques, julgado em 21/6/2018);</p><p>Considerando que a Lei 13.323/2016, que reajustou a remuneração dos servidores da Câmara dos Deputados e disciplinou o pagamento de parcelas remuneratórias devidas a esses servidores, não se caracteriza como uma lei de revisão geral da remuneração dos servidores públicos federais;</p><p>Considerando que, nos casos em que detectado o reajuste indevido da parcela de "quintos/décimos" pela Lei 13.323/2016, este Tribunal determinou à Câmara dos Deputados que promovesse o ajuste nas parcelas de "quintos/décimos" para que voltassem a refletir os valores anteriores à vigência daquele diploma legal (Acórdãos 3.538, 6.278 e 10.240, todos de 2021, da Primeira Câmara e de relatoria do ministro Vital do Rêgo; e 6.857/2021 - Segunda Câmara, relator ministro Raimundo Carreiro);</p><p>Considerando que, por meio do Acórdão 1.414/2021-Plenário (relator Ministro Walton Alencar Rodrigues), este Tribunal fixou entendimento no sentido da possibilidade de apreciação de ato sujeito a registro mediante relação, na forma do artigo 143, inciso II, do Regimento Interno/TCU, nas hipóteses em que a ilegalidade do ato decorra exclusivamente de questão jurídica de solução já pacificada na jurisprudência desta Corte de Contas;</p><p>Considerando a presunção de boa-fé do interessado;</p><p>Considerando que o ato ora examinado deu entrada no TCU há menos de cinco anos; e</p><p>Considerando, por fim, os pareceres convergentes da Sefip e do Ministério Público junto ao TCU - MP/TCU.</p><p>ACORDAM os Ministros do Tribunal de Contas da União, com fundamento nos artigos 1º, inciso V, e 39, inciso II, da Lei 8.443/1992, c/c os artigos 17, inciso III, 143, inciso II, 259, inciso II, 260 e 262 do Regimento Interno/TCU, em considerar ilegal a concessão de aposentadoria do Sr. Severino Carrera da Silva e negar registro ao correspondente ato, dispensar o ressarcimento das quantias indevidamente recebidas de boa-fé pelo interessado, consoante o disposto no Enunciado 106 da Súmula da Jurisprudência do TCU, e expedir as determinações contidas no subitem 1.7 abaixo:</p><p>1. Processo TC-012.898/2022-8 (APOSENTADORIA)</p><p>1.1. Interessado: Severino Carrera da Silva (124.611.132-20).</p><p>1.2. Órgão: Câmara dos Deputados.</p><p>1.3. Relator: Ministro-Substituto Marcos Bemquerer Costa.</p><p>1.4. Representante do Ministério Público: Procurador Rodrigo Medeiros de Lima.</p><p>1.5. Unidade Técnica: Secretaria de Fiscalização de Integridade de Atos e Pagamentos de Pessoal e de Benefícios Sociais (Sefip).</p><p>1.6. Representação legal: não há.</p><p>1.7. Determinações:</p><p>1.7.1. determinar à Câmara dos Deputados que, no prazo de 15 (quinze) dias a contar da notificação deste Acórdão, adote as seguintes providências:</p><p>1.7.1.1. abstenha-se de realizar pagamentos decorrentes do ato de aposentadoria ora impugnado, sujeitando-se a autoridade administrativa omissa à responsabilidade solidária, nos termos do art. 262, caput, do Regimento Interno/TCU;</p><p>1.7.1.2. suprima os índices de reajuste aplicados à vantagem de quintos após a edição da Lei 13.323/2016, no valor da parcela compensatória e dos "quintos/décimos" incorporados, para que voltem a corresponder às quantias vigentes antes do advento da referida norma;</p><p>1.7.1.3. dê ciência do inteiro teor desta Deliberação ao interessado, alertando-o de que o efeito suspensivo proveniente da interposição de possíveis recursos perante o TCU não o exime da devolução dos valores percebidos indevidamente após a respectiva notificação, caso os recursos não sejam providos, encaminhando a este Tribunal, no prazo de 30 (trinta) dias, comprovante da referida ciência; e</p><p>1.7.1.4. emita novo ato de concessão de aposentadoria em favor do interessado e promova seu cadastro no sistema e-Pessoal, livre da irregularidade verificada neste processo, devendo ser submetido a este Tribunal, nos termos da IN/TCU 78/2018.</p><p>ACÓRDÃO Nº 4676/2022 - TCU - 2ª Câmara</p><p>VISTOS e relacionados estes autos de ato de concessão de aposentadoria da Sra. Rosiana Correia Ribeiro, emitido pelo Tribunal Regional Eleitoral da Paraíba e submetido a este Tribunal para fins de registro;</p><p>Considerando que a análise empreendida pela Secretaria de Fiscalização de Integridade de Atos e Pagamentos de Pessoal e de Benefícios Sociais - Sefip detectou o pagamento irregular da vantagem de "quintos/décimos" após a edição da Lei 9.624/1998, uma vez que os períodos de incorporação ocorreram, em parte, em momento posterior à data limite de 8/4/1998;</p><p>Considerando que a jurisprudência desta Casa de Contas consolidou o entendimento de que é ilegal a percepção da rubrica de "quintos/décimos", cuja incorporação decorreu de funções comissionadas exercidas no período de 08/04/1998 a 04/09/2001, devendo-se observar a modulação dos efeitos definida pelo Supremo Tribunal Federal na decisão do Recurso Extraordinário 638.115/CE, acerca dessa matéria;</p><p>Considerando que, segundo a modulação de efeitos do julgamento do RE 638.115/CE feita pelo STF, somente para a hipótese de "quintos/décimos" recebidos com base em decisão judicial transitada em julgado será indevida a cessação imediata do pagamento e não haverá absorção da parcela por reajustes futuros. Já nos casos de "quintos/décimos" recebidos por força de decisão judicial não transitada em julgado ou de decisão administrativa, o pagamento será mantido até sua absorção integral por quaisquer reajustes futuros concedidos aos servidores;</p><p>Considerando que o órgão de origem já promoveu o destaque das parcelas de "quintos/décimos" incorporadas com base em funções comissionadas exercidas entre 08/04/1998 e 04/09/2001, transformando-as em parcela compensatória a ser absorvida por quaisquer reajustes futuros;</p><p>Considerando que, mesmo com a implementação da parcela compensatória a ser absorvida por quaisquer reajustes futuros, ainda assim a incorporação da vantagem de "quintos/décimos", decorrente do exercício de função comissionada posteriormente a 8/4/1998, é ilegal por falta de amparo na norma de regência;</p><p>Considerando que, por meio do Acórdão 1.414/2021-Plenário (relator: Ministro Walton Alencar Rodrigues), este Tribunal fixou entendimento no sentido da possibilidade de apreciação de ato sujeito a registro mediante relação, na forma do artigo 143, inciso II, do Regimento Interno/TCU, nas hipóteses em que a ilegalidade do ato decorra exclusivamente de questão jurídica de solução já pacificada na jurisprudência desta Corte de Contas;</p><p>Considerando a presunção de boa-fé da interessada;</p><p>Considerando que o ato ora examinado deu entrada no TCU há menos de cinco anos; e</p><p>Considerando, por fim, os pareceres convergentes da Sefip e do Ministério Público junto ao TCU - MP/TCU.</p><p>ACORDAM os Ministros do Tribunal de Contas da União, com fundamento nos artigos 1º, inciso V, e 39, inciso II, da Lei 8.443/1992, c/c os artigos 17, inciso III, 143, inciso II, 259, inciso II, 260 e 262 do Regimento Interno/TCU, em considerar ilegal a concessão de aposentadoria da Sra. Rosiana Correia Ribeiro e negar registro ao correspondente ato, dispensar o ressarcimento das quantias indevidamente recebidas de boa-fé pela interessada, consoante o disposto no Enunciado 106 da Súmula da Jurisprudência do TCU, bem como expedir a determinação e a orientação contidas no subitem 1.7 abaixo:</p><p>1. Processo TC-012.929/2022-0 (APOSENTADORIA)</p><p>1.1. Interessada: Sra. Rosiana Correia Ribeiro (302.255.744-20).</p><p>1.2. Órgão: Tribunal Regional Eleitoral da Paraíba.</p><p>1.3. Relator: Ministro-Substituto Marcos Bemquerer Costa.</p><p>1.4. Representante do Ministério Público: Procurador Júlio Marcelo de Oliveira.</p><p>1.5. Unidade Técnica: Secretaria de Fiscalização de Integridade de Atos e Pagamentos de Pessoal e de Benefícios Sociais (Sefip).</p><p>1.6. Representação legal: não há.</p><p>1.7. Determinação/Orientação:</p><p>1.7.1. determinar ao Tribunal Regional Eleitoral da Paraíba que, no prazo de 15 (quinze) dias a contar da notificação deste Acórdão, dê ciência do inteiro teor desta Deliberação à interessada, encaminhando a este Tribunal, no prazo de 30 (trinta) dias, comprovante da referida ciência; e</p><p>1.7.2. esclarecer ao Tribunal Regional Eleitoral da Paraíba que, a despeito da negativa de registro do ato concessório, a vantagem de "quintos/décimos" incorporada com amparo em funções comissionadas exercidas entre 8/4/1998 e 4/9/2001, uma vez transformada em parcela compensatória a ser absorvida por quaisquer reajustes futuros, nos exatos termos da modulação de efeitos estabelecida pelo Supremo Tribunal Federal no RE 638.115/CE, não impõe a legalidade do ato nem enseja a emissão de novo ato concessório.</p><p>ACÓRDÃO Nº 4677/2022 - TCU - 2ª Câmara</p><p>VISTOS e relacionados estes autos de ato de concessão de aposentadoria da Sra. Ester Perelberg, emitido pelo Tribunal Regional do Trabalho da 1ª Região/RJ e submetido a este Tribunal para fins de registro;</p><p>Considerando que a análise empreendida pela Secretaria de Fiscalização de Integridade de Atos e Pagamentos de Pessoal e de Benefícios Sociais - Sefip detectou o pagamento irregular da vantagem de "quintos/décimos" após a edição da Lei 9.624/1998, uma vez que os períodos de incorporação ocorreram, em parte, em momento posterior à data limite de 8/4/1998;</p><p>Considerando que a jurisprudência desta Casa de Contas consolidou o entendimento de que é ilegal a percepção da rubrica de "quintos/décimos", cuja incorporação decorreu de funções comissionadas exercidas no período de 08/04/1998 a 04/09/2001, devendo-se observar a modulação dos efeitos definida pelo Supremo Tribunal Federal na decisão do Recurso Extraordinário 638.115/CE, acerca dessa matéria;</p><p>Considerando que, segundo a modulação de efeitos do julgamento do RE 638.115/CE feita pelo STF, somente para a hipótese de "quintos/décimos" recebidos com base em decisão judicial transitada em julgado será indevida a cessação imediata do pagamento e não haverá absorção da parcela por reajustes futuros. Já nos casos de "quintos/décimos" recebidos por força de decisão judicial não transitada em julgado ou de decisão administrativa, o pagamento será mantido até sua absorção integral por quaisquer reajustes futuros concedidos aos servidores;</p><p>Considerando que inexistem nos autos documentos que indicam a origem da parcela de "quintos/décimos", se deferida com base em decisão judicial transitada em julgado ou não, ou ainda em decisão administrativa;</p><p>Considerando que, por meio do Acórdão 1.414/2021-Plenário (relator: Ministro Walton Alencar Rodrigues), este Tribunal fixou entendimento no sentido da possibilidade de apreciação de ato sujeito a registro mediante relação, na forma do artigo 143, inciso II, do Regimento Interno/TCU, nas hipóteses em que a ilegalidade do ato decorra exclusivamente de questão jurídica de solução já pacificada na jurisprudência desta Corte de Contas;</p><p>Considerando a presunção de boa-fé da interessada;</p><p>Considerando que o ato ora examinado deu entrada no TCU há menos de cinco anos; e</p><p>Considerando, por fim, os pareceres convergentes da Sefip e do Ministério Público junto ao TCU - MP/TCU.</p><p>ACORDAM os Ministros do Tribunal de Contas da União, com fundamento nos artigos 1º, inciso V, e 39, inciso II, da Lei 8.443/1992, c/c os artigos 17, inciso III, 143, inciso II, 259, inciso II, 260 e 262 do Regimento Interno/TCU, em considerar ilegal a concessão da Sra. Ester Perelberg e negar registro ao correspondente ato, dispensar o ressarcimento das quantias indevidamente recebidas de boa-fé pela interessada, consoante o disposto no Enunciado 106 da Súmula da Jurisprudência do TCU, e expedir as determinações contidas no subitem 1.7 abaixo:</p><p>1. Processo TC-013.697/2022-6 (APOSENTADORIA)</p><p>1.1. Interessada: Ester Perelberg (603.138.467-15).</p><p>1.2. Órgão: Tribunal Regional do Trabalho da 1ª Região/RJ.</p><p>1.3. Relator: Ministro-Substituto Marcos Bemquerer Costa.</p><p>1.4. Representante do Ministério Público: Procurador Júlio Marcelo de Oliveira.</p><p>1.5. Unidade Técnica: Secretaria de Fiscalização de Integridade de Atos e Pagamentos de Pessoal e de Benefícios Sociais (Sefip).</p><p>1.6. Representação legal: não há.</p><p>1.7. Determinações:</p><p>1.7.1. determinar ao Tribunal Regional do Trabalho da 1ª Região/RJ que, no prazo de 15 (quinze) dias a contar da notificação deste Acórdão, adote as seguintes providências:</p><p>1.7.1.1. efetue o destaque das parcelas de "quintos/décimos" incorporadas com base em funções comissionadas exercidas entre 08/04/1998 e 04/09/2001, transformando-as em parcela compensatória a ser absorvida por quaisquer reajustes futuros, desde que a hipótese não seja de decisão judicial transitada em julgado, nos moldes da decisão do Supremo Tribunal Federal no RE 638.115/CE; e</p><p>1.7.1.2. dê ciência do inteiro teor desta Deliberação à interessada, alertando-a de que o efeito suspensivo proveniente da interposição de possíveis recursos perante o TCU não a exime da devolução dos valores percebidos indevidamente após a respectiva notificação, caso os recursos não sejam providos, encaminhando a este Tribunal, no prazo de 30 (trinta) dias, comprovante da referida ciência.</p><p>ACÓRDÃO Nº 4678/2022 - TCU - 2ª Câmara</p><p>Os Ministros do Tribunal de Contas da União ACORDAM, por unanimidade, com fundamento nos arts. 1º, inciso V, e 39, inciso II, da Lei 8.443/1992, c/c os arts. 1º, inciso VIII, 143, inciso II, 259, inciso II, e 260 do Regimento Interno/TCU, em considerar legal, para fins de registro, o ato de concessão de aposentadoria a seguir relacionado, sem prejuízo de fazer a seguinte determinação, de acordo com os pareceres emitidos nos autos:</p><p>1. Processo TC-013.816/2022-5 (APOSENTADORIA)</p><p>1.1. Interessada: Elba Melo Gomes (204.250.909-49).</p><p>1.2. Entidade: Departamento Nacional de Infraestrutura de Transportes.</p><p>1.3. Relator: Ministro-Substituto Marcos Bemquerer Costa.</p><p>1.4. Representante do Ministério Público: Procuradora-Geral Cristina Machado da Costa e Silva.</p><p>1.5. Unidade Técnica: Secretaria de Fiscalização de Integridade de Atos e Pagamentos de Pessoal e de Benefícios Sociais (Sefip).</p><p>1.6. Representação legal: não há.</p><p>1.7. Determinação:</p><p>1.7.1. Determinar ao Departamento Nacional de Infraestrutura de Transportes que acompanhe o deslinde do Mandado de Segurança Coletivo 0018381-85.2014.4.01.3400, impetrado perante a 6.ª Vara Federal da Seção Judiciária do Distrito Federal e em curso no Tribunal Regional Federal da 1ª Região, tomando as medidas cabíveis após o trânsito em julgado da referida ação.</p><p>ACÓRDÃO Nº 4679/2022 - TCU - 2ª Câmara</p><p>Os Ministros do Tribunal de Contas da União ACORDAM, por unanimidade, com fundamento nos arts. 1º, inciso V, e 39, inciso I, da Lei 8.443/1992, c/c os arts. 1º, inciso VIII, 143, inciso II, 259, inciso I, e 260 do Regimento Interno/TCU, em considerar legal, para fins de registro, o ato de admissão de pessoal a seguir relacionado, de acordo com os pareceres emitidos nos autos:</p><p>1. Processo TC-013.575/2022-8 (ATOS DE ADMISSÃO)</p><p>1.1. Interessado: Rodrigo Rodrigues Malheiros (042.897.714-67).</p><p>1.2. Órgão/Entidade: Instituto Federal de Educação, Ciência e Tecnologia do Ceará.</p><p>1.3. Relator: Ministro-Substituto Marcos Bemquerer Costa.</p><p>1.4. Representante do Ministério Público: Procuradora-Geral Cristina Machado da Costa e Silva.</p><p>1.5. Unidade Técnica: Secretaria de Fiscalização de Integridade de Atos e Pagamentos de Pessoal e de Benefícios Sociais (Sefip).</p><p>1.6. Representação legal: não há.</p><p>1.7. Determinações/Recomendações/Orientações: não há.</p><p>ACÓRDÃO Nº 4680/2022 - TCU - 2ª Câmara</p><p>Os Ministros do Tribunal de Contas da União ACORDAM, por unanimidade, com fundamento nos arts. 1º, inciso V, e 39, inciso I, da Lei 8.443/1992, c/c os arts. 1º, inciso VIII, 143, inciso II, 259, inciso I, e 260 do Regimento Interno/TCU, em considerar legais, para fins de registro, os atos de admissão de pessoal a seguir relacionados, de acordo com os pareceres emitidos nos autos:</p><p>1. Processo TC-013.581/2022-8 (ATOS DE ADMISSÃO)</p><p>1.1. Interessados: Arley Lima da Silveira (969.735.442-15); Edgar Jesus Figueira Borges (665.676.962-49); Lilian Cristina Novo dos Santos (561.053.202-72); Nayma Lucena Ribeiro de Souza (954.797.912-49); Valdenilson Brito de Araujo (933.644.582-00).</p><p>1.2. Órgão/Entidade: Universidade Federal de Roraima.</p><p>1.3. Relator: Ministro-Substituto Marcos Bemquerer Costa.</p><p>1.4. Representante do Ministério Público: Procurador Sergio Ricardo Costa Caribé.</p><p>1.5. Unidade Técnica: Secretaria de Fiscalização de Integridade de Atos e Pagamentos de Pessoal e de Benefícios Sociais (Sefip).</p><p>1.6. Representação legal: não há.</p><p>1.7. Determinações/Recomendações/Orientações: não há.</p><p>ACÓRDÃO Nº 4681/2022 - TCU - 2ª Câmara</p><p>Os Ministros do Tribunal de Contas da União ACORDAM, por unanimidade, com fundamento nos arts. 1º, inciso V, e 39, inciso I, da Lei 8.443/1992, c/c os arts. 1º, inciso VIII, 143, inciso II, 259, inciso I, e 260 do Regimento Interno/TCU, em considerar legais, para fins de registro, os atos de admissão de pessoal a seguir relacionados, de acordo com os pareceres emitidos nos autos:</p><p>1. Processo TC-013.596/2022-5 (ATOS DE ADMISSÃO)</p><p>1.1. Interessados: Anderson Santana de Souza (104.153.637-21); Anya Pimentel Gomes Fernandes Vieira Meyer (706.219.933-87); Luana dos Reis de Souza (114.373.857-88); Marcus Vinicius Guimaraes de Lacerda (599.247.051-49); Rui Rafael Durlacher (405.689.202-44).</p><p>1.2. Órgão/Entidade: Fundação Oswaldo Cruz.</p><p>1.3. Relator: Ministro-Substituto Marcos Bemquerer Costa.</p><p>1.4. Representante do Ministério Público: Procurador Sergio Ricardo Costa Caribé.</p><p>1.5. Unidade Técnica: Secretaria de Fiscalização de Integridade de Atos e Pagamentos de Pessoal e de Benefícios Sociais (Sefip).</p><p>1.6. Representação legal: não há.</p><p>1.7. Determinações/Recomendações/Orientações: não há.</p><p>ACÓRDÃO Nº 4682/2022 - TCU - 2ª Câmara</p><p>Os Ministros do Tribunal de Contas da União ACORDAM, por unanimidade, com fundamento nos arts. 1º, inciso V, e 39, inciso I, da Lei 8.443/1992, c/c os arts. 1º, inciso VIII, 143, inciso II, 259, inciso I, e 260 do Regimento Interno/TCU, em considerar legais, para fins de registro, os atos de admissão de pessoal a seguir relacionados, de acordo com os pareceres emitidos nos autos:</p><p>1. Processo TC-013.607/2022-7 (ATOS DE ADMISSÃO)</p><p>1.1. Interessados: Djalma Luiz da Silva Serpa (639.123.097-87); Juliana Cristina Mendes Miranda (282.393.088-48).</p><p>1.2. Órgão/Entidade: Ministério da Saúde.</p><p>1.3. Relator: Ministro-Substituto Marcos Bemquerer Costa.</p><p>1.4. Representante do Ministério Público: Procurador Sergio Ricardo Costa Caribé.</p><p>1.5. Unidade Técnica: Secretaria de Fiscalização de Integridade de Atos e Pagamentos de Pessoal e de Benefícios Sociais (Sefip).</p><p>1.6. Representação legal: não há.</p><p>1.7. Determinações/Recomendações/Orientações: não há.</p><p>ACÓRDÃO Nº 4683/2022 - TCU - 2ª Câmara</p><p>Os Ministros do Tribunal de Contas da União ACORDAM, por unanimidade, com fundamento nos arts. 1º, inciso V, e 39, inciso II, da Lei 8.443/1992, c/c os arts. 1º, inciso VIII, 143, inciso II, 259, inciso II, e 260 do Regimento Interno/TCU, em considerar legais, para fins de registro, os atos de concessão de pensão civil a seguir relacionados, de acordo com os pareceres emitidos nos autos:</p><p>1. Processo TC-012.945/2022-6 (PENSÃO CIVIL)</p><p>1.1. Interessados: Maria da Conceição Gomes da Silva Sousa (179.134.111-04); Maria das Merces Cavalcanti (144.434.221-53); Marjorie Silva Sales (058.090.921-28); Marta Silva Sales (059.558.638-42); Olindina Leite dos Anjos (032.828.784-94); Teresinha Pires da Silva (455.700.194-72).</p><p>1.2. Órgão/Entidade: Departamento de Centralização de Serviços de Inativos e Pensionistas.</p><p>1.3. Relator: Ministro-Substituto Marcos Bemquerer Costa.</p><p>1.4. Representante do Ministério Público: Procuradora-Geral Cristina Machado da Costa e Silva.</p><p>1.5. Unidade Técnica: Secretaria de Fiscalização de Integridade de Atos e Pagamentos de Pessoal e de Benefícios Sociais (Sefip).</p><p>1.6. Representação legal: não há.</p><p>1.7. Determinações/Recomendações/Orientações: não há.</p><p>ACÓRDÃO Nº 4684/2022 - TCU - 2ª Câmara</p><p>VISTOS e relacionados estes autos de ato de alteração da pensão militar instituída pelo Sr. Jair Candido de Almeida em favor da Sra. Tonya Cristina de Almeida (filha do instituidor) e do Sr. Giovani Otavio de Almeida (filho do instituidor), emitido pelo Comando do Exército e submetido a este Tribunal para fins de registro.</p><p>Considerando que a análise empreendida pela Secretaria de Fiscalização de Integridade de Atos e Pagamentos de Pessoal e de Benefícios Sociais (Sefip) constatou ter havido majoração de proventos para o posto hierárquico imediatamente superior, com base no art. 110 da Lei 6.880/1980, em vista da invalidez posterior à reforma do instituidor;</p><p>Considerando que tal procedimento está em desacordo com a orientação adotada no Acórdão 2.225/2019 - Plenário, decisão paradigmática na qual se concluiu pela ausência de previsão legal para extensão da vantagem estabelecida no art. 110 da Lei 6.880/1980 a militares já reformados;</p><p>Considerando que a aludida orientação é respaldada pela jurisprudência do Superior Tribunal de Justiça, a exemplo das decisões proferidas pela Corte Cidadã nos Recursos Especiais 1784347/RS e 1.340.075/CE e no Agravo Regimental nos Embargos de Declaração no Recurso Especial 966.142/RJ;</p><p>Considerando que, por meio do Acórdão 1.414/2021-Plenário (relator: Ministro Walton Alencar Rodrigues), este Tribunal fixou entendimento no sentido da possibilidade de apreciação de ato sujeito a registro mediante relação, na forma do artigo 143, inciso II, do Regimento Interno/TCU, nas hipóteses em que a ilegalidade do ato decorra exclusivamente de questão jurídica de solução já pacificada na jurisprudência desta Corte de Contas;</p><p>Considerando que os pareceres da Sefip e do Ministério Público junto ao TCU foram pela ilegalidade e denegação de registro do ato em exame;</p><p>Considerando que o ato ora examinado deu entrada no TCU há menos de cinco anos;</p><p>Considerando, por fim, a presunção de boa-fé dos interessados no ato em análise;</p><p>ACORDAM os Ministros o Tribunal de Contas da União, com fundamento nos arts. 1º, inciso V, e 39, inciso II, da Lei 8.443/1992, c/c os artigos 17, inciso III, 143, inciso II, 259, inciso II, 260 e 262 do Regimento Interno/TCU, em considerar ilegal e negar registro ao ato de alteração da pensão militar instituída pelo Sr. Jair Candido de Almeida em favor da Sra. Tonya Cristina de Almeida e do Sr. Giovani Otavio de Almeida, dispensar o ressarcimento das quantias indevidamente recebidas de boa-fé pelos interessados, consoante o disposto no Enunciado 106 da Súmula da Jurisprudência do TCU, sem prejuízo de expedir as determinações contidas no subitem 1.7 abaixo.</p><p>1. Processo TC-009.104/2022-4 (PENSÃO MILITAR)</p><p>1.1. Interessados: Giovani Otavio de Almeida (803.618.386-20); Tonya Cristina de Almeida (756.688.666-53).</p><p>1.2. Órgão: Comando do Exército.</p><p>1.3. Relator: Ministro-Substituto Marcos Bemquerer Costa.</p><p>1.4. Representante do Ministério Público: Procurador Rodrigo Medeiros de Lima.</p><p>1.5. Unidade Técnica: Secretaria de Fiscalização de Integridade de Atos e Pagamentos de Pessoal e de Benefícios Sociais (Sefip).</p><p>1.6. Representação legal: não há.</p><p>1.7. Determinação:</p><p>1.7.1. determinar ao Comando do Exército, no prazo de 15 (quinze) dias a contar da notificação deste Acórdão, que:</p><p>1.7.1.1. abstenha-se de realizar pagamentos decorrentes do ato ora impugnado, sujeitando-se a autoridade administrativa omissa à responsabilidade solidária, nos termos do art. 262, caput, do Regimento Interno/TCU; e</p><p>1.7.1.2. dê ciência do inteiro teor desta Deliberação aos interessados, alertando-os de que o efeito suspensivo proveniente da interposição de possíveis recursos perante o TCU não os exime da devolução dos valores percebidos indevidamente após a respectiva notificação, caso os recursos não sejam providos, encaminhando a este Tribunal, no prazo de 30 (trinta) dias, comprovante da referida ciência.</p>]]></Texto>
  </body>
  <Midias />
</article></xml>