﻿<xml><article id="27751667" name="Portaria PR 60-22 e anexo__E9K8P" idOficio="9060639" pubName="DO1" artType="Portaria" pubDate="30/08/2022" artClass="00015:00049:00000:00000:00000:00000:00000:00000:00000:00000:00054:00003" artCategory="Ministério da Economia/Instituto Nacional da Propriedade Industrial" artSize="24" artNotes="" numberPage="93" pdfPage="http://pesquisa.in.gov.br/imprensa/jsp/visualiza/index.jsp?data=30/08/2022&amp;jornal=515&amp;pagina=93" editionNumber="165" highlightType="" highlightPriority="" highlight="" highlightimage="" highlightimagename="" idMateria="19844914">
  <body>
    <Identifica><![CDATA[  PORTARIA/INPI /PR Nº 60, DE 19 DE AGOSTO DE 2022]]></Identifica>
    <Data><![CDATA[]]></Data>
    <Ementa />
    <Titulo />
    <SubTitulo />
    <Texto><![CDATA[<p class="identifica">PORTARIA/INPI /PR Nº 60, DE 19 DE AGOSTO DE 2022</p><p>O PRESIDENTE DO INSTITUTO NACIONAL DA PROPRIEDADE INDUSTRIAL - INPI, no uso das atribuições que lhe conferem o Regimento Interno, aprovado pela Portaria do Ministério da Indústria, Comércio Exterior e Serviços - MDIC nº 11, de 27 de janeiro de 2017, e tendo em vista o disposto no art. 8º do Decreto nº 10.139, de 28 de novembro de 2019, assim como o constante nos autos do processo nº 52402.008660/2022-23, resolve:</p><p>Art. 1º Fica declarada a revogação dos atos normativos constantes do Anexo I.</p><p>Art. 2º Esta Portaria entra em vigor em 1º de setembro de 2022.</p><p class="assina">CLAUDIO VILAR FURTADO</p><p>ANEXO I</p><p>ATOS NORMATIVOS REVOGADOS</p><p /><p></p><table><tr /><tr><td rowspan="1" colspan="1"><p>Ato</p></td><td rowspan="1" colspan="1"><p>Ementa / Descrição</p></td><td rowspan="1" colspan="1"><p>Observações</p></td></tr><tr><td rowspan="1" colspan="1"><p>Portaria PR nº 305, de 21/07/2014</p></td><td rowspan="1" colspan="1"><p>Constituir Grupo de Trabalho, para, no período de 01/08/2014 até 31/12/2014, promover a instrução de recursos e processos administrativos de nulidade dos Desenhos Industriais, bem como proceder ao exame de mérito dos Desenhos Industriais.</p></td><td rowspan="1" colspan="1"><p>Efeitos exauridos no tempo.</p></td></tr><tr><td rowspan="1" colspan="1"><p>Portaria nº 271, de 23/07/2020</p></td><td rowspan="1" colspan="1"><p>Prorroga até 31/12/2020 as atividades atribuídas ao Grupo de Trabalho constituído pela Portaria Conjunta DIRMA/CGREC nº 1/2019 para, em exercício na 2ª instância administrativa, dar continuidade nas instruções de recursos interpostos contra indeferimento de marca, bem como, dos processos administrativos de nulidade, em matéria vinculada, emitindo pareceres técnicos, em subsídio às decisões do Presidente do INPI</p></td><td rowspan="1" colspan="1"><p>Efeitos exauridos no tempo.</p></td></tr><tr><td rowspan="1" colspan="1"><p>Portaria nº 94, de 30/06/2021</p></td><td rowspan="1" colspan="1"><p>Prorroga até 31/12/2021 as atividades atribuídas ao Grupo de Trabalho constituído pela Portaria Conjunta DIRMA/CGREC n.º 01/2019 para, em exercício na 2ª instância administrativa, dar continuidade nas instruções de recursos interpostos contra indeferimento de pedidos de registros de marca, bem como, dos eventuais processos administrativos de nulidade, em matéria vinculada, emitindo pareceres técnicos, em subsídio às decisões do Presidente do INPI.</p></td><td rowspan="1" colspan="1"><p>Efeitos exauridos no tempo.</p></td></tr><tr><td rowspan="1" colspan="1"><p>Portaria nº 61, de 13/04/2021</p></td><td rowspan="1" colspan="1"><p>Manter, em caráter excepcional, até 30/06/2021, as atividades do Grupo de Trabalho constituído pela Portaria Conjunta DIRMA/CGREC n.º 01/2019 para, em exercício na 2ª instância administrativa, do exame e das instruções de recursos interpostos contra indeferimento de pedidos de registros de marca, bem como, dos eventuais processos administrativos de nulidade, em matéria vinculada, emitindo pareceres técnicos.</p></td><td rowspan="1" colspan="1"><p>Efeitos exauridos no tempo.</p></td></tr><tr><td rowspan="1" colspan="1"><p>Portaria nº 422, de 29/12/2020</p></td><td rowspan="1" colspan="1"><p>Prorroga até 31/03/2021 as atividades atribuídas ao Grupo de Trabalho constituído pela Portaria Conjunta DIRMA/CGREC n.º 01/2019 para, em exercício na 2ª instância administrativa, dar continuidade nas instruções de recursos interpostos contra indeferimento de pedidos de registros de marca, bem como, dos eventuais processos administrativos de nulidade, em matéria vinculada, emitindo pareceres técnicos, em subsídio às decisões do Presidente do INPI.</p></td><td rowspan="1" colspan="1"><p>Efeitos exauridos no tempo.</p><p></p></td></tr></table>]]></Texto>
  </body>
  <Midias />
</article></xml>