﻿<xml><article id="27736163" name="Portaria_ 1549 2022" idOficio="9057590" pubName="DO1" artType="Portaria" pubDate="30/08/2022" artClass="00018:00140:00019:00000:00000:00000:00000:00000:00000:00000:00054:00000" artCategory="Ministério da Educação/Fundação Universidade Federal de Ouro Preto/Pró-Reitoria de Gestão de Pessoas" artSize="12" artNotes="" numberPage="190" pdfPage="http://pesquisa.in.gov.br/imprensa/jsp/visualiza/index.jsp?data=30/08/2022&amp;jornal=515&amp;pagina=190" editionNumber="165" highlightType="" highlightPriority="" highlight="" highlightimage="" highlightimagename="" idMateria="19840311">
  <body>
    <Identifica><![CDATA[ PORTARIA Nº 1.549, de  26 DE AGOSTO DE 2022]]></Identifica>
    <Data><![CDATA[]]></Data>
    <Ementa />
    <Titulo />
    <SubTitulo />
    <Texto><![CDATA[<p class="identifica">PORTARIA Nº 1.549, de 26 DE AGOSTO DE 2022</p><p>O(A) Pró-Reitor(a) Adjunto de Gestão de Pessoas da Universidade Federal de Ouro Preto, no uso da competência que lhe foi delegada através da Portaria nº 540, de 05/08/1994, considerando o processo UFOP de Seleção Simplificada para contratação de Professor substituto nº 23109.006148/2021-88; resolve:</p><p>Art. 1º.Prorrogar por um ano, contado a partir de 22 de Setembro de 2022, a validade do Processo Seletivo realizado para Professor Substituto, para a área de Música Cênica / Som e Ritmo / Sonoplastia ,do Departamento de Departamento de Artes Cênicas / DEART do Instituto de Filosofia, Arte e Cultura / IFAC, de que trata o Edital PROGEP nº 40/2021, cujo resultado foi homologado pela Portaria PROGEP nº 1262 de 20 de Agosto de 2021.</p><p class="assina">ISABELA PERUCCI ESTEVES FAGUNDES</p>]]></Texto>
  </body>
  <Midias />
</article></xml>