﻿<xml><article id="27765821" name="Port_SPE_1593" idOficio="9060979" pubName="DO1" artType="Portaria" pubDate="30/08/2022" artClass="00023:00028:00000:00000:00000:00000:00000:00000:00000:00000:00054:00022" artCategory="Ministério de Minas e Energia/Secretaria de Planejamento e Desenvolvimento Energético" artSize="24" artNotes="" numberPage="222" pdfPage="http://pesquisa.in.gov.br/imprensa/jsp/visualiza/index.jsp?data=30/08/2022&amp;jornal=515&amp;pagina=222" editionNumber="165" highlightType="" highlightPriority="" highlight="" highlightimage="" highlightimagename="" idMateria="19845300">
  <body>
    <Identifica><![CDATA[ PORTARIA Nº 1.593/SPE/MME, DE 29 DE AGOSTO DE 2022]]></Identifica>
    <Data><![CDATA[]]></Data>
    <Ementa />
    <Titulo />
    <SubTitulo />
    <Texto><![CDATA[<p class="identifica">PORTARIA Nº 1.593/SPE/MME, DE 29 DE AGOSTO DE 2022</p><p>O SECRETÁRIO DE PLANEJAMENTO E DESENVOLVIMENTO ENERGÉTICO DO MINISTÉRIO DE MINAS E ENERGIA, no uso da competência que lhe foi delegada pelo art. 1 <sup>o</sup> , inciso II, da Portaria MME n <sup>o</sup> 281, de 29 de junho de 2016, tendo em vista o disposto nos arts. 2 <sup>o</sup> , § 2 <sup>o</sup> e 4 <sup>o</sup> , § 1 <sup>o</sup> , do Decreto n <sup>o</sup> 5.163, de 30 de julho de 2004, nas Portarias MME nº 484, de 24 de agosto de 2012, n <sup>o</sup> 101, de 22 de março de 2016, na Portaria Normativa nº 41/GM/MME, de 14 de abril de 2022, e o que consta no Processo nº 48360.000229/2022-03, resolve:</p><p>Art. 1 <sup>o</sup> Definir os montantes de garantia física de energia das Usinas Termelétricas, na forma dos Anexos I, II, III, IV, V e VI a presente Portaria, com vistas à participação no Leilão de Compra de Energia Elétrica Proveniente de Novos Empreendimentos de Geração, denominado Leilão "A-5", de 2022, de que trata a Portaria Normativa nº 41/GM/MME, de 14 de abril de 2022.</p><p>§ 1º Os montantes de garantia física de energia e de disponibilidade mensal de energia constantes nos Anexos I e II referem-se aos Pontos de Medição Individual - PMI das Usinas Termelétricas.</p><p>§ 2º Para efeitos de comercialização de energia elétrica, as perdas elétricas do PMI até o Centro de Gravidade do respectivo Submercado deverão ser abatidas dos montantes de garantia física de energia e de disponibilidade mensal de energia definidos nos Anexos I e II desta Portaria, observando as Regras de Comercialização de Energia Elétrica vigentes.</p><p>§ 3º Os montantes de garantia física de energia e de disponibilidade mensal de energia constantes nos Anexos III e IV são determinados nos Pontos de Conexão das Usinas Termelétricas.</p><p>§ 4º Para efeitos de comercialização de energia elétrica, as perdas elétricas do Ponto de Conexão até o Centro de Gravidade do respectivo Submercado deverão ser abatidas dos montantes de garantia física de energia e de disponibilidade mensal de energia definidos nos Anexos III e IV desta Portaria, observando as Regras de Comercialização de Energia Elétrica vigentes.</p><p>§ 5º Os montantes de garantia física de energia constantes no Anexo V são determinados nas Barras de Saídas dos Geradores.</p><p>§ 6º Para efeitos de comercialização de energia elétrica, o consumo interno das Usinas e as perdas na Rede Elétrica deverão ser abatidos dos montantes de garantia física de energia definidos no Anexo V desta Portaria, observando as Regras de Comercialização de Energia Elétrica vigentes.</p><p>Art. 2º As garantias físicas de energia das Usinas Termelétricas, definidas na forma dos Anexos I, II, III, IV, V e VI perderão a validade e a eficácia após o Leilão a que se refere o art. 1 <sup>o</sup> desta Portaria, caso não sejam objetos de Contratos de Comercialização de Energia no Ambiente Regulado - CCEARs.</p><p>Art. 3º Para os Empreendimentos que comercializarem energia no Leilão a que se refere o art. 1º desta Portaria, os montantes de garantia física de energia e de disponibilidade mensal de energia, bem como a inflexibilidade constantes dos Anexos I, II, III, IV, V e VI terão validade a partir das suas respectivas datas de entrada em Operação Comercial.</p><p>Parágrafo único. As garantias físicas de energia e as disponibilidades mensais de energia definidas nos Anexos I, II, III e IV não são válidas para o caso de data de entrada em Operação Comercial dos Empreendimentos anterior à data de início de suprimento definida nos CCEARs. Neste caso, para vigência nos anos anteriores ao início de suprimento estabelecido nos CCEARs, o empreendedor deverá solicitar o cálculo da garantia física de energia ao Ministério de Minas e Energia.</p><p>Art. 4º Para todos os efeitos, os montantes de garantia física de energia definidos no Anexo poderão ser revisados com base na legislação vigente.</p><p>Art. 5º Para todos os efeitos, os montantes de garantia física de energia definidos no Anexo e aqueles que resultarem de revisão com base na legislação vigente perderão a validade após o fim dos CCEARs.</p><p>Art. 6º Esta Portaria entra em vigor na data de sua publicação.</p><p class="assina">JOSÉ GUILHERME DE LARA RESENDE</p><p>ANEXO I</p><p>GARANTIAS FÍSICAS DE ENERGIA DAS USINAS TERMELÉTRICAS A BIOMASSA COM CUSTO VARIÁVEL UNITÁRIO - CVU NULO, NÃO DESPACHADAS CENTRALIZADAMENTE - LEILÃO DE ENERGIA NOVA "A-5" DE 2022</p><p /><p></p><table><tr /><tr><td rowspan="1" colspan="1"><p>Usina</p></td><td rowspan="1" colspan="1"><p>UF</p></td><td rowspan="1" colspan="1"><p>Combustível</p></td><td rowspan="1" colspan="1"><p>Garantia Física (MWmed)</p></td><td rowspan="1" colspan="1"><p>Potência Total</p><p>(MW)</p></td><td rowspan="1" colspan="1"><p>FCmax</p><p>(%)</p></td><td rowspan="1" colspan="1"><p>TEIF (%)</p></td><td rowspan="1" colspan="1"><p>IP (%)</p></td></tr><tr><td rowspan="1" colspan="1"><p>Amandina III</p></td><td rowspan="1" colspan="1"><p>MS</p></td><td rowspan="1" colspan="1"><p>Bagaço de Cana</p></td><td rowspan="1" colspan="1"><p>29,6</p></td><td rowspan="1" colspan="1"><p>40</p></td><td rowspan="1" colspan="1"><p>98,5</p></td><td rowspan="1" colspan="1"><p>5,00</p></td><td rowspan="1" colspan="1"><p>5,00</p></td></tr><tr><td rowspan="1" colspan="1"><p>Bioenergia Lins</p></td><td rowspan="1" colspan="1"><p>SP</p></td><td rowspan="1" colspan="1"><p>Bagaço de Cana</p></td><td rowspan="1" colspan="1"><p>17,1</p></td><td rowspan="1" colspan="1"><p>40</p></td><td rowspan="1" colspan="1"><p>100</p></td><td rowspan="1" colspan="1"><p>3,00</p></td><td rowspan="1" colspan="1"><p>2,00</p></td></tr><tr><td rowspan="1" colspan="1"><p>Bioenergia São Luiz</p></td><td rowspan="1" colspan="1"><p>BA</p></td><td rowspan="1" colspan="1"><p>Bagaço de Cana</p></td><td rowspan="1" colspan="1"><p>17,1</p></td><td rowspan="1" colspan="1"><p>60</p></td><td rowspan="1" colspan="1"><p>100</p></td><td rowspan="1" colspan="1"><p>0,97</p></td><td rowspan="1" colspan="1"><p>3,00</p></td></tr><tr><td rowspan="1" colspan="1"><p>Biogás Gasa</p></td><td rowspan="1" colspan="1"><p>SP</p></td><td rowspan="1" colspan="1"><p>Biogás</p></td><td rowspan="1" colspan="1"><p>5,3</p></td><td rowspan="1" colspan="1"><p>12,08</p></td><td rowspan="1" colspan="1"><p>100</p></td><td rowspan="1" colspan="1"><p>4,00</p></td><td rowspan="1" colspan="1"><p>4,00</p></td></tr><tr><td rowspan="1" colspan="1"><p>Biogás Jataí</p></td><td rowspan="1" colspan="1"><p>GO</p></td><td rowspan="1" colspan="1"><p>Biogás</p></td><td rowspan="1" colspan="1"><p>5,4</p></td><td rowspan="1" colspan="1"><p>12,08</p></td><td rowspan="1" colspan="1"><p>100</p></td><td rowspan="1" colspan="1"><p>4,00</p></td><td rowspan="1" colspan="1"><p>4,00</p></td></tr><tr><td rowspan="1" colspan="1"><p>Canapólis 2</p></td><td rowspan="1" colspan="1"><p>MG</p></td><td rowspan="1" colspan="1"><p>Bagaço de Cana</p></td><td rowspan="1" colspan="1"><p>11,9</p></td><td rowspan="1" colspan="1"><p>40</p></td><td rowspan="1" colspan="1"><p>100</p></td><td rowspan="1" colspan="1"><p>1,00</p></td><td rowspan="1" colspan="1"><p>0,00</p></td></tr><tr><td rowspan="1" colspan="1"><p>Cerradinho MS1</p></td><td rowspan="1" colspan="1"><p>MS</p></td><td rowspan="1" colspan="1"><p>Cavaco / Resíduo de Madeira</p></td><td rowspan="1" colspan="1"><p>8,2</p></td><td rowspan="1" colspan="1"><p>19,49</p></td><td rowspan="1" colspan="1"><p>98,5</p></td><td rowspan="1" colspan="1"><p>1,50</p></td><td rowspan="1" colspan="1"><p>4,00</p></td></tr><tr><td rowspan="1" colspan="1"><p>Consimares</p></td><td rowspan="1" colspan="1"><p>SP</p></td><td rowspan="1" colspan="1"><p>Resíduo Sólido Urbano</p></td><td rowspan="1" colspan="1"><p>17,1</p></td><td rowspan="1" colspan="1"><p>22,5</p></td><td rowspan="1" colspan="1"><p>100</p></td><td rowspan="1" colspan="1"><p>1,01</p></td><td rowspan="1" colspan="1"><p>4,50</p></td></tr><tr><td rowspan="1" colspan="1"><p>Lara</p></td><td rowspan="1" colspan="1"><p>SP</p></td><td rowspan="1" colspan="1"><p>Resíduo Sólido Urbano</p></td><td rowspan="1" colspan="1"><p>68,6</p></td><td rowspan="1" colspan="1"><p>77</p></td><td rowspan="1" colspan="1"><p>100</p></td><td rowspan="1" colspan="1"><p>2,00</p></td><td rowspan="1" colspan="1"><p>0,00</p></td></tr><tr><td rowspan="1" colspan="1"><p>Mandacaru</p></td><td rowspan="1" colspan="1"><p>BA</p></td><td rowspan="1" colspan="1"><p>Bagaço de Cana</p></td><td rowspan="1" colspan="1"><p>24,6</p></td><td rowspan="1" colspan="1"><p>50</p></td><td rowspan="1" colspan="1"><p>100</p></td><td rowspan="1" colspan="1"><p>0,71</p></td><td rowspan="1" colspan="1"><p>3,00</p></td></tr><tr><td rowspan="1" colspan="1"><p>Nardini Agroindustrial</p></td><td rowspan="1" colspan="1"><p>GO</p></td><td rowspan="1" colspan="1"><p>Bagaço de Cana</p></td><td rowspan="1" colspan="1"><p>12,3</p></td><td rowspan="1" colspan="1"><p>25</p></td><td rowspan="1" colspan="1"><p>100</p></td><td rowspan="1" colspan="1"><p>2,00</p></td><td rowspan="1" colspan="1"><p>3,00</p></td></tr><tr><td rowspan="1" colspan="1"><p>Santa Cruz Bioenergia</p></td><td rowspan="1" colspan="1"><p>SP</p></td><td rowspan="1" colspan="1"><p>Bagaço de Cana</p></td><td rowspan="1" colspan="1"><p>16,8</p></td><td rowspan="1" colspan="1"><p>26</p></td><td rowspan="1" colspan="1"><p>100</p></td><td rowspan="1" colspan="1"><p>7,50</p></td><td rowspan="1" colspan="1"><p>0,00</p></td></tr><tr><td rowspan="1" colspan="1"><p>Santa Helena</p></td><td rowspan="1" colspan="1"><p>MS</p></td><td rowspan="1" colspan="1"><p>Bagaço de Cana</p></td><td rowspan="1" colspan="1"><p>4,3</p></td><td rowspan="1" colspan="1"><p>16</p></td><td rowspan="1" colspan="1"><p>100</p></td><td rowspan="1" colspan="1"><p>0,72</p></td><td rowspan="1" colspan="1"><p>0,00</p></td></tr><tr><td rowspan="1" colspan="1"><p>Suzano RRP1</p></td><td rowspan="1" colspan="1"><p>MS</p></td><td rowspan="1" colspan="1"><p>Lixívia</p></td><td rowspan="1" colspan="1"><p>130,0</p></td><td rowspan="1" colspan="1"><p>384</p></td><td rowspan="1" colspan="1"><p>99,22</p></td><td rowspan="1" colspan="1"><p>1,50</p></td><td rowspan="1" colspan="1"><p>2,74</p></td></tr><tr><td rowspan="1" colspan="1"><p>São Jorge</p></td><td rowspan="1" colspan="1"><p>SP</p></td><td rowspan="1" colspan="1"><p>Bagaço de Cana</p></td><td rowspan="1" colspan="1"><p>21,3</p></td><td rowspan="1" colspan="1"><p>40</p></td><td rowspan="1" colspan="1"><p>95,0</p></td><td rowspan="1" colspan="1"><p>2,00</p></td><td rowspan="1" colspan="1"><p>0,00</p></td></tr><tr><td rowspan="1" colspan="1"><p>Tijuco 3</p></td><td rowspan="1" colspan="1"><p>MG</p></td><td rowspan="1" colspan="1"><p>Bagaço de Cana</p></td><td rowspan="1" colspan="1"><p>22,1</p></td><td rowspan="1" colspan="1"><p>50</p></td><td rowspan="1" colspan="1"><p>100</p></td><td rowspan="1" colspan="1"><p>1,00</p></td><td rowspan="1" colspan="1"><p>0,00</p></td></tr><tr><td rowspan="1" colspan="1"><p>UISA Biogás</p></td><td rowspan="1" colspan="1"><p>MT</p></td><td rowspan="1" colspan="1"><p>Biogás</p></td><td rowspan="1" colspan="1"><p>2,7</p></td><td rowspan="1" colspan="1"><p>5</p></td><td rowspan="1" colspan="1"><p>75,36</p></td><td rowspan="1" colspan="1"><p>4,00</p></td><td rowspan="1" colspan="1"><p>7,00</p></td></tr><tr><td rowspan="1" colspan="1"><p>URE Caju</p></td><td rowspan="1" colspan="1"><p>RJ</p></td><td rowspan="1" colspan="1"><p>Resíduo Sólido Urbano</p></td><td rowspan="1" colspan="1"><p>27,4</p></td><td rowspan="1" colspan="1"><p>31</p></td><td rowspan="1" colspan="1"><p>100</p></td><td rowspan="1" colspan="1"><p>1,76</p></td><td rowspan="1" colspan="1"><p>7,04</p></td></tr></table><p>ANEXO II</p><p>DISPONIBILIDADE MENSAL DE ENERGIA, EM MWh, DAS USINAS TERMELÉTRICAS A BIOMASSA COM CVU NULO, NÃO DESPACHADAS CENTRALIZADAMENTE - LEILÃO DE ENERGIA NOVA"A-5" DE 2022</p><p /><p></p><table><tr /><tr><td rowspan="1" colspan="1"><p>Usina</p></td><td rowspan="1" colspan="12"><p>DISPONIBILIDADE MENSAL DE ENERGIA PARA AS USINAS TERMELÉTRICAS A BIOMASSA (MWh)</p></td></tr><tr><td rowspan="1" colspan="1" /><td rowspan="1" colspan="1"><p>Jan</p></td><td rowspan="1" colspan="1"><p>Fev</p></td><td rowspan="1" colspan="1"><p>Mar</p></td><td rowspan="1" colspan="1"><p>Abr</p></td><td rowspan="1" colspan="1"><p>Mai</p></td><td rowspan="1" colspan="1"><p>Jun</p></td><td rowspan="1" colspan="1"><p>Jul</p></td><td rowspan="1" colspan="1"><p>Ago</p></td><td rowspan="1" colspan="1"><p>Set</p></td><td rowspan="1" colspan="1"><p>Out</p></td><td rowspan="1" colspan="1"><p>Nov</p></td><td rowspan="1" colspan="1"><p>Dez</p></td></tr><tr><td rowspan="1" colspan="1"><p>Amandina III</p></td><td rowspan="1" colspan="1"><p>0</p></td><td rowspan="1" colspan="1"><p>0</p></td><td rowspan="1" colspan="1"><p>26232,3</p></td><td rowspan="1" colspan="1"><p>25386,1</p></td><td rowspan="1" colspan="1"><p>26232,3</p></td><td rowspan="1" colspan="1"><p>25386,1</p></td><td rowspan="1" colspan="1"><p>26232,3</p></td><td rowspan="1" colspan="1"><p>26232,3</p></td><td rowspan="1" colspan="1"><p>25386,1</p></td><td rowspan="1" colspan="1"><p>26232,3</p></td><td rowspan="1" colspan="1"><p>25386,1</p></td><td rowspan="1" colspan="1"><p>26232,3</p></td></tr><tr><td rowspan="1" colspan="1"><p>Bioenergia Lins</p></td><td rowspan="1" colspan="1"><p>0</p></td><td rowspan="1" colspan="1"><p>0</p></td><td rowspan="1" colspan="1"><p>4836,00</p></td><td rowspan="1" colspan="1"><p>12827,4</p></td><td rowspan="1" colspan="1"><p>18377</p></td><td rowspan="1" colspan="1"><p>17784,2</p></td><td rowspan="1" colspan="1"><p>18377</p></td><td rowspan="1" colspan="1"><p>18377</p></td><td rowspan="1" colspan="1"><p>17784,2</p></td><td rowspan="1" colspan="1"><p>18377</p></td><td rowspan="1" colspan="1"><p>17784,2</p></td><td rowspan="1" colspan="1"><p>4836,0</p></td></tr><tr><td rowspan="1" colspan="1"><p>Bioenergia São Luiz</p></td><td rowspan="1" colspan="1"><p>0</p></td><td rowspan="1" colspan="1"><p>0</p></td><td rowspan="1" colspan="1"><p>0</p></td><td rowspan="1" colspan="1"><p>9914,0</p></td><td rowspan="1" colspan="1"><p>20489,00</p></td><td rowspan="1" colspan="1"><p>19829,0</p></td><td rowspan="1" colspan="1"><p>20489</p></td><td rowspan="1" colspan="1"><p>20489,0</p></td><td rowspan="1" colspan="1"><p>19829,0</p></td><td rowspan="1" colspan="1"><p>20489,0</p></td><td rowspan="1" colspan="1"><p>18069,0</p></td><td rowspan="1" colspan="1"><p>0</p></td></tr><tr><td rowspan="1" colspan="1"><p>Biogás Gasa</p></td><td rowspan="1" colspan="1"><p>0</p></td><td rowspan="1" colspan="1"><p>0</p></td><td rowspan="1" colspan="1"><p>0</p></td><td rowspan="1" colspan="1"><p>0</p></td><td rowspan="1" colspan="1"><p>6680,0</p></td><td rowspan="1" colspan="1"><p>7012,0</p></td><td rowspan="1" colspan="1"><p>7603,0</p></td><td rowspan="1" colspan="1"><p>7377,0</p></td><td rowspan="1" colspan="1"><p>6755,0</p></td><td rowspan="1" colspan="1"><p>6123,0</p></td><td rowspan="1" colspan="1"><p>5245,0</p></td><td rowspan="1" colspan="1"><p>0</p></td></tr><tr><td rowspan="1" colspan="1"><p>Biogás Jataí</p></td><td rowspan="1" colspan="1"><p>0</p></td><td rowspan="1" colspan="1"><p>0</p></td><td rowspan="1" colspan="1"><p>0</p></td><td rowspan="1" colspan="1"><p>0</p></td><td rowspan="1" colspan="1"><p>6680,0</p></td><td rowspan="1" colspan="1"><p>7012,0</p></td><td rowspan="1" colspan="1"><p>7683,0</p></td><td rowspan="1" colspan="1"><p>7477,0</p></td><td rowspan="1" colspan="1"><p>6755,0</p></td><td rowspan="1" colspan="1"><p>6123,0</p></td><td rowspan="1" colspan="1"><p>5245,0</p></td><td rowspan="1" colspan="1"><p>0</p></td></tr><tr><td rowspan="1" colspan="1"><p>Canapólis 2</p></td><td rowspan="1" colspan="1"><p>0</p></td><td rowspan="1" colspan="1"><p>0</p></td><td rowspan="1" colspan="1"><p>0</p></td><td rowspan="1" colspan="1"><p>14453,0</p></td><td rowspan="1" colspan="1"><p>14300,0</p></td><td rowspan="1" colspan="1"><p>13839,0</p></td><td rowspan="1" colspan="1"><p>14300,0</p></td><td rowspan="1" colspan="1"><p>14300,0</p></td><td rowspan="1" colspan="1"><p>13839,0</p></td><td rowspan="1" colspan="1"><p>14934,0</p></td><td rowspan="1" colspan="1"><p>4480,0</p></td><td rowspan="1" colspan="1"><p>0</p></td></tr><tr><td rowspan="1" colspan="1"><p>Cerradinho MS1</p></td><td rowspan="1" colspan="1"><p>6070,3</p></td><td rowspan="1" colspan="1"><p>5482,8</p></td><td rowspan="1" colspan="1"><p>6070,3</p></td><td rowspan="1" colspan="1"><p>5874,5</p></td><td rowspan="1" colspan="1"><p>6070,3</p></td><td rowspan="1" colspan="1"><p>5874,5</p></td><td rowspan="1" colspan="1"><p>6070,3</p></td><td rowspan="1" colspan="1"><p>6070,3</p></td><td rowspan="1" colspan="1"><p>5874,5</p></td><td rowspan="1" colspan="1"><p>6070,3</p></td><td rowspan="1" colspan="1"><p>5874,5</p></td><td rowspan="1" colspan="1"><p>6070,3</p></td></tr><tr><td rowspan="1" colspan="1"><p>Consimares</p></td><td rowspan="1" colspan="1"><p>13281,6</p></td><td rowspan="1" colspan="1"><p>11982,7</p></td><td rowspan="1" colspan="1"><p>13281,6</p></td><td rowspan="1" colspan="1"><p>6174,4</p></td><td rowspan="1" colspan="1"><p>13291,8</p></td><td rowspan="1" colspan="1"><p>12860,5</p></td><td rowspan="1" colspan="1"><p>13291,8</p></td><td rowspan="1" colspan="1"><p>13291,8</p></td><td rowspan="1" colspan="1"><p>12860,5</p></td><td rowspan="1" colspan="1"><p>13281,6</p></td><td rowspan="1" colspan="1"><p>12848,6</p></td><td rowspan="1" colspan="1"><p>13281,6</p></td></tr><tr><td rowspan="1" colspan="1"><p>Lara</p></td><td rowspan="1" colspan="1"><p>55569,4</p></td><td rowspan="1" colspan="1"><p>50191,7</p></td><td rowspan="1" colspan="1"><p>55569,4</p></td><td rowspan="1" colspan="1"><p>0</p></td><td rowspan="1" colspan="1"><p>55569,4</p></td><td rowspan="1" colspan="1"><p>53776,8</p></td><td rowspan="1" colspan="1"><p>55569,4</p></td><td rowspan="1" colspan="1"><p>55569,4</p></td><td rowspan="1" colspan="1"><p>53776,8</p></td><td rowspan="1" colspan="1"><p>55569,4</p></td><td rowspan="1" colspan="1"><p>53776,8</p></td><td rowspan="1" colspan="1"><p>55569,4</p></td></tr><tr><td rowspan="1" colspan="1"><p>Mandacaru</p></td><td rowspan="1" colspan="1"><p>21069,0</p></td><td rowspan="1" colspan="1"><p>10150,0</p></td><td rowspan="1" colspan="1"><p>0</p></td><td rowspan="1" colspan="1"><p>0</p></td><td rowspan="1" colspan="1"><p>23627,0</p></td><td rowspan="1" colspan="1"><p>22705,0</p></td><td rowspan="1" colspan="1"><p>23713,0</p></td><td rowspan="1" colspan="1"><p>23713,0</p></td><td rowspan="1" colspan="1"><p>22948,0</p></td><td rowspan="1" colspan="1"><p>23713,0</p></td><td rowspan="1" colspan="1"><p>22421,0</p></td><td rowspan="1" colspan="1"><p>21069,0</p></td></tr><tr><td rowspan="1" colspan="1"><p>Nardini Agroindustrial</p></td><td rowspan="1" colspan="1"><p>0</p></td><td rowspan="1" colspan="1"><p>0</p></td><td rowspan="1" colspan="1"><p>0</p></td><td rowspan="1" colspan="1"><p>11484,0</p></td><td rowspan="1" colspan="1"><p>13694,0</p></td><td rowspan="1" colspan="1"><p>13254,0</p></td><td rowspan="1" colspan="1"><p>13694,0</p></td><td rowspan="1" colspan="1"><p>13694,0</p></td><td rowspan="1" colspan="1"><p>13254,0</p></td><td rowspan="1" colspan="1"><p>13694,0</p></td><td rowspan="1" colspan="1"><p>15004,0</p></td><td rowspan="1" colspan="1"><p>0</p></td></tr><tr><td rowspan="1" colspan="1"><p>Santa Cruz Bioenergia</p></td><td rowspan="1" colspan="1"><p>0</p></td><td rowspan="1" colspan="1"><p>0</p></td><td rowspan="1" colspan="1"><p>0</p></td><td rowspan="1" colspan="1"><p>17244,5</p></td><td rowspan="1" colspan="1"><p>17819,3</p></td><td rowspan="1" colspan="1"><p>17244,5</p></td><td rowspan="1" colspan="1"><p>17819,3</p></td><td rowspan="1" colspan="1"><p>17819,3</p></td><td rowspan="1" colspan="1"><p>17244,5</p></td><td rowspan="1" colspan="1"><p>17819,3</p></td><td rowspan="1" colspan="1"><p>17244,5</p></td><td rowspan="1" colspan="1"><p>6680,0</p></td></tr><tr><td rowspan="1" colspan="1"><p>Santa Helena</p></td><td rowspan="1" colspan="1"><p>0</p></td><td rowspan="1" colspan="1"><p>0</p></td><td rowspan="1" colspan="1"><p>669,0</p></td><td rowspan="1" colspan="1"><p>4088,0</p></td><td rowspan="1" colspan="1"><p>4223,0</p></td><td rowspan="1" colspan="1"><p>4088,0</p></td><td rowspan="1" colspan="1"><p>4223,0</p></td><td rowspan="1" colspan="1"><p>4223,0</p></td><td rowspan="1" colspan="1"><p>4088,0</p></td><td rowspan="1" colspan="1"><p>4223,0</p></td><td rowspan="1" colspan="1"><p>4088,0</p></td><td rowspan="1" colspan="1"><p>3789,0</p></td></tr><tr><td rowspan="1" colspan="1"><p>Suzano RRP1</p></td><td rowspan="1" colspan="1"><p>96720,0</p></td><td rowspan="1" colspan="1"><p>87360,0</p></td><td rowspan="1" colspan="1"><p>96720,0</p></td><td rowspan="1" colspan="1"><p>93600,0</p></td><td rowspan="1" colspan="1"><p>96720,0</p></td><td rowspan="1" colspan="1"><p>93600,0</p></td><td rowspan="1" colspan="1"><p>96720,0</p></td><td rowspan="1" colspan="1"><p>96720,0</p></td><td rowspan="1" colspan="1"><p>93600,0</p></td><td rowspan="1" colspan="1"><p>96720,0</p></td><td rowspan="1" colspan="1"><p>93600,0</p></td><td rowspan="1" colspan="1"><p>96720,0</p></td></tr><tr><td rowspan="1" colspan="1"><p>São Jorge</p></td><td rowspan="1" colspan="1"><p>0</p></td><td rowspan="1" colspan="1"><p>0</p></td><td rowspan="1" colspan="1"><p>0</p></td><td rowspan="1" colspan="1"><p>18627,0</p></td><td rowspan="1" colspan="1"><p>22603,0</p></td><td rowspan="1" colspan="1"><p>22985,0</p></td><td rowspan="1" colspan="1"><p>24546,0</p></td><td rowspan="1" colspan="1"><p>24193,0</p></td><td rowspan="1" colspan="1"><p>23754,0</p></td><td rowspan="1" colspan="1"><p>23133,0</p></td><td rowspan="1" colspan="1"><p>18798,0</p></td><td rowspan="1" colspan="1"><p>7861,0</p></td></tr><tr><td rowspan="1" colspan="1"><p>Tijuco 3</p></td><td rowspan="1" colspan="1"><p>0</p></td><td rowspan="1" colspan="1"><p>0</p></td><td rowspan="1" colspan="1"><p>0</p></td><td rowspan="1" colspan="1"><p>23940,0</p></td><td rowspan="1" colspan="1"><p>24738,0</p></td><td rowspan="1" colspan="1"><p>23940,0</p></td><td rowspan="1" colspan="1"><p>24738,0</p></td><td rowspan="1" colspan="1"><p>24738,0</p></td><td rowspan="1" colspan="1"><p>23940,0</p></td><td rowspan="1" colspan="1"><p>24738,0</p></td><td rowspan="1" colspan="1"><p>22680,0</p></td><td rowspan="1" colspan="1"><p>0</p></td></tr><tr><td rowspan="1" colspan="1"><p>UISA Biogás</p></td><td rowspan="1" colspan="1"><p>1059,0</p></td><td rowspan="1" colspan="1"><p>956,5</p></td><td rowspan="1" colspan="1"><p>1059,0</p></td><td rowspan="1" colspan="1"><p>2410,7</p></td><td rowspan="1" colspan="1"><p>2491,0</p></td><td rowspan="1" colspan="1"><p>2410,7</p></td><td rowspan="1" colspan="1"><p>2491,0</p></td><td rowspan="1" colspan="1"><p>2491,0</p></td><td rowspan="1" colspan="1"><p>2410,7</p></td><td rowspan="1" colspan="1"><p>2491,0</p></td><td rowspan="1" colspan="1"><p>2410,7</p></td><td rowspan="1" colspan="1"><p>1059,0</p></td></tr><tr><td rowspan="1" colspan="1"><p>URE Caju</p></td><td rowspan="1" colspan="1"><p>20383,3</p></td><td rowspan="1" colspan="1"><p>18412,5</p></td><td rowspan="1" colspan="1"><p>20383,3</p></td><td rowspan="1" colspan="1"><p>19725,9</p></td><td rowspan="1" colspan="1"><p>20383,3</p></td><td rowspan="1" colspan="1"><p>19725,9</p></td><td rowspan="1" colspan="1"><p>20383,3</p></td><td rowspan="1" colspan="1"><p>20383,3</p></td><td rowspan="1" colspan="1"><p>19725,9</p></td><td rowspan="1" colspan="1"><p>20383,3</p></td><td rowspan="1" colspan="1"><p>19725,9</p></td><td rowspan="1" colspan="1"><p>20383,3</p></td></tr></table><p>ANEXO III</p><p>GARANTIAS FÍSICAS DE ENERGIA DAS USINAS TERMELÉTRICAS A BIOMASSA COM CVU NULO, NÃO DESPACHADAS CENTRALIZADAMENTE - LEILÃO DE ENERGIA NOVA "A-5" DE 2022</p><p /><p></p><table><tr /><tr><td rowspan="1" colspan="1"><p>Usina</p></td><td rowspan="1" colspan="1"><p>UF</p></td><td rowspan="1" colspan="1"><p>Combustível</p></td><td rowspan="1" colspan="1"><p>Garantia Física (MWmed)</p></td><td rowspan="1" colspan="1"><p>Potência Total (MW)</p></td><td rowspan="1" colspan="1"><p>FCmax (%)</p></td><td rowspan="1" colspan="1"><p>TEIF (%)</p></td><td rowspan="1" colspan="1"><p>IP (%)</p></td></tr><tr><td rowspan="1" colspan="1"><p>Enervale</p></td><td rowspan="1" colspan="1"><p>MG</p></td><td rowspan="1" colspan="1"><p>Bagaço de Cana</p></td><td rowspan="1" colspan="1"><p>21,4</p></td><td rowspan="1" colspan="1"><p>50,0</p></td><td rowspan="1" colspan="1"><p>100,00</p></td><td rowspan="1" colspan="1"><p>3,00</p></td><td rowspan="1" colspan="1"><p>8,00</p></td></tr><tr><td rowspan="1" colspan="1"><p>Lasa Lago Azul</p></td><td rowspan="1" colspan="1"><p>MT</p></td><td rowspan="1" colspan="1"><p>Bagaço de Cana</p></td><td rowspan="1" colspan="1"><p>16,6</p></td><td rowspan="1" colspan="1"><p>21,7</p></td><td rowspan="1" colspan="1"><p>100,00</p></td><td rowspan="1" colspan="1"><p>1,00</p></td><td rowspan="1" colspan="1"><p>5,00</p></td></tr><tr><td rowspan="1" colspan="1"><p>Rio Pardo</p></td><td rowspan="1" colspan="1"><p>GO</p></td><td rowspan="1" colspan="1"><p>Bagaço de Cana</p></td><td rowspan="1" colspan="1"><p>16,1</p></td><td rowspan="1" colspan="1"><p>70</p></td><td rowspan="1" colspan="1"><p>100,00</p></td><td rowspan="1" colspan="1"><p>3,00</p></td><td rowspan="1" colspan="1"><p>4,00</p></td></tr></table><p>ANEXO IV</p><p>DISPONIBILIDADE MENSAL DE ENERGIA, EM MWH, DAS USINAS TERMELÉTRICAS A BIOMASSA COM CVU NULO, NÃO DESPACHADAS CENTRALIZADAMENTE - LEILÃO ENERGIA NOVA"A-5" DE 2022</p><p /><p></p><table><tr /><tr><td rowspan="1" colspan="13"><p>DISPONIBILIDADE MENSAL DE ENERGIA PARA AS USINAS TERMELÉTRICAS A BIOMASSA (MWh)</p></td></tr><tr><td rowspan="1" colspan="1"><p>Usina</p></td><td rowspan="1" colspan="1"><p>Jan</p></td><td rowspan="1" colspan="1"><p>Fev</p></td><td rowspan="1" colspan="1"><p>Mar</p></td><td rowspan="1" colspan="1"><p>Abr</p></td><td rowspan="1" colspan="1"><p>Mai</p></td><td rowspan="1" colspan="1"><p>Jun</p></td><td rowspan="1" colspan="1"><p>Jul</p></td><td rowspan="1" colspan="1"><p>Ago</p></td><td rowspan="1" colspan="1"><p>Set</p></td><td rowspan="1" colspan="1"><p>Out</p></td><td rowspan="1" colspan="1"><p>Nov</p></td><td rowspan="1" colspan="1"><p>Dez</p></td></tr><tr><td rowspan="1" colspan="1"><p>Enervale</p></td><td rowspan="1" colspan="1"><p>17371,1</p></td><td rowspan="1" colspan="1"><p>15690,1</p></td><td rowspan="1" colspan="1"><p>0</p></td><td rowspan="1" colspan="1"><p>16810,7</p></td><td rowspan="1" colspan="1"><p>17371,1</p></td><td rowspan="1" colspan="1"><p>16810,7</p></td><td rowspan="1" colspan="1"><p>17371,1</p></td><td rowspan="1" colspan="1"><p>17371,1</p></td><td rowspan="1" colspan="1"><p>16810,7</p></td><td rowspan="1" colspan="1"><p>17371,1</p></td><td rowspan="1" colspan="1"><p>16810,7</p></td><td rowspan="1" colspan="1"><p>17371,1</p></td></tr><tr><td rowspan="1" colspan="1"><p>Lasa Lago Azul</p></td><td rowspan="1" colspan="1"><p>12249,2</p></td><td rowspan="1" colspan="1"><p>4305,0</p></td><td rowspan="1" colspan="1"><p>4332,5</p></td><td rowspan="1" colspan="1"><p>14263,8</p></td><td rowspan="1" colspan="1"><p>14739,2</p></td><td rowspan="1" colspan="1"><p>14263,8</p></td><td rowspan="1" colspan="1"><p>14739,2</p></td><td rowspan="1" colspan="1"><p>14739,2</p></td><td rowspan="1" colspan="1"><p>14263,8</p></td><td rowspan="1" colspan="1"><p>14739,2</p></td><td rowspan="1" colspan="1"><p>11336,7</p></td><td rowspan="1" colspan="1"><p>11714,6</p></td></tr><tr><td rowspan="1" colspan="1"><p>Rio Pardo</p></td><td rowspan="1" colspan="1"><p>0</p></td><td rowspan="1" colspan="1"><p>0</p></td><td rowspan="1" colspan="1"><p>0</p></td><td rowspan="1" colspan="1"><p>15402,0</p></td><td rowspan="1" colspan="1"><p>15915,0</p></td><td rowspan="1" colspan="1"><p>15402,0</p></td><td rowspan="1" colspan="1"><p>15915,0</p></td><td rowspan="1" colspan="1"><p>15915,0</p></td><td rowspan="1" colspan="1"><p>15402,0</p></td><td rowspan="1" colspan="1"><p>15915,0</p></td><td rowspan="1" colspan="1"><p>15437,0</p></td><td rowspan="1" colspan="1"><p>15915,0</p></td></tr></table><p>ANEXO V</p><p>GARANTIAS FÍSICAS DE ENERGIA DAS USINAS TERMELÉTRICAS COM CVU NÃO NULO, DESPACHADAS CENTRALIZADAMENTE - LEILÃO DE ENERGIA NOVA "A-5" DE 2022</p><p /><p></p><table><tr /><tr><td rowspan="1" colspan="1"><p>Nome do Empreendimento</p></td><td rowspan="1" colspan="1"><p>CEG</p></td><td rowspan="1" colspan="1"><p>Combustível</p></td><td rowspan="1" colspan="1"><p>UF</p></td><td rowspan="1" colspan="1"><p>Potência Instalada</p><p>(MW)</p></td><td rowspan="1" colspan="1"><p>FCMAX</p><p>(%)</p></td><td rowspan="1" colspan="1"><p>TEIF</p><p>(%)</p></td><td rowspan="1" colspan="1"><p>IP</p><p>(%)</p></td><td rowspan="1" colspan="1"><p>Inflex.</p><p>(MWmed)</p></td><td rowspan="1" colspan="1"><p>Garantia Física</p><p>(MWmed)</p></td></tr><tr><td rowspan="1" colspan="1"><p>Inpasa Agroindustrial</p></td><td rowspan="1" colspan="1"><p>UTE.FL.MT.040821-2.01</p></td><td rowspan="1" colspan="1"><p>Cavaco / Resíduo de Madeira</p></td><td rowspan="1" colspan="1"><p>MT</p></td><td rowspan="1" colspan="1"><p>82,675</p></td><td rowspan="1" colspan="1"><p>100</p></td><td rowspan="1" colspan="1"><p>2,00</p></td><td rowspan="1" colspan="1"><p>0,03</p></td><td rowspan="1" colspan="1"><p>36,0</p></td><td rowspan="1" colspan="1"><p>48,7</p></td></tr><tr><td rowspan="1" colspan="1"><p>Ouro Negro</p></td><td rowspan="1" colspan="1"><p>UTE.CM.RS.034895-3.01</p></td><td rowspan="1" colspan="1"><p>Carvão Mineral Nacional</p></td><td rowspan="1" colspan="1"><p>RS</p></td><td rowspan="1" colspan="1"><p>600,0</p></td><td rowspan="1" colspan="1"><p>100</p></td><td rowspan="1" colspan="1"><p>7,00</p></td><td rowspan="1" colspan="1"><p>8,00</p></td><td rowspan="1" colspan="1"><p>150,0</p></td><td rowspan="1" colspan="1"><p>471,6</p></td></tr></table><p>ANEXO VI</p><p>INFLEXIBILIDADE SAZONAL DAS USINAS TERMELÉTRICAS COM CVU NÃO NULO, DESPACHADAS CENTRALIZADAMENTE - LEILÃO DE ENERGIA NOVA"A-5" DE 2022</p><p /><p></p><table><tr /><tr><td rowspan="1" colspan="14"><p>Inflexibilidade mensal declarada (MWmed)</p></td></tr><tr><td rowspan="1" colspan="1"><p>Nome do empreendimento</p></td><td rowspan="1" colspan="1"><p>Combustível</p></td><td rowspan="1" colspan="1"><p>Jan</p></td><td rowspan="1" colspan="1"><p>Fev</p></td><td rowspan="1" colspan="1"><p>Mar</p></td><td rowspan="1" colspan="1"><p>Abr</p></td><td rowspan="1" colspan="1"><p>Mai</p></td><td rowspan="1" colspan="1"><p>Jun</p></td><td rowspan="1" colspan="1"><p>Jul</p></td><td rowspan="1" colspan="1"><p>Ago</p></td><td rowspan="1" colspan="1"><p>Set</p></td><td rowspan="1" colspan="1"><p>Out</p></td><td rowspan="1" colspan="1"><p>Nov</p></td><td rowspan="1" colspan="1"><p>Dez</p></td></tr><tr><td rowspan="1" colspan="1"><p>Inpasa Agroindustrial</p></td><td rowspan="1" colspan="1"><p>Cavaco / Resíduo de Madeira</p></td><td rowspan="1" colspan="1"><p>36,0</p></td><td rowspan="1" colspan="1"><p>36,0</p></td><td rowspan="1" colspan="1"><p>36,0</p></td><td rowspan="1" colspan="1"><p>36,0</p></td><td rowspan="1" colspan="1"><p>36,0</p></td><td rowspan="1" colspan="1"><p>36,0</p></td><td rowspan="1" colspan="1"><p>36,0</p></td><td rowspan="1" colspan="1"><p>36,0</p></td><td rowspan="1" colspan="1"><p>36,0</p></td><td rowspan="1" colspan="1"><p>36,0</p></td><td rowspan="1" colspan="1"><p>36,0</p></td><td rowspan="1" colspan="1"><p>36,0</p></td></tr><tr><td rowspan="1" colspan="1"><p>Ouro Negro</p></td><td rowspan="1" colspan="1"><p>Carvão Mineral Nacional</p></td><td rowspan="1" colspan="1"><p>150,0</p></td><td rowspan="1" colspan="1"><p>150,0</p></td><td rowspan="1" colspan="1"><p>150,0</p></td><td rowspan="1" colspan="1"><p>150,0</p></td><td rowspan="1" colspan="1"><p>150,0</p></td><td rowspan="1" colspan="1"><p>150,0</p></td><td rowspan="1" colspan="1"><p>150,0</p></td><td rowspan="1" colspan="1"><p>150,0</p></td><td rowspan="1" colspan="1"><p>150,0</p></td><td rowspan="1" colspan="1"><p>150,0</p></td><td rowspan="1" colspan="1"><p>150,0</p></td><td rowspan="1" colspan="1"><p>150,0</p></td></tr></table>]]></Texto>
  </body>
  <Midias />
</article></xml>