﻿<xml><article id="27740240" name="DESPACHO SG NA 1235 1236 1237 12" idOficio="9058448" pubName="DO1" artType="Despacho" pubDate="30/08/2022" artClass="00020:00036:00018:00000:00000:00000:00000:00000:00000:00000:00024:00000" artCategory="Ministério da Justiça e Segurança Pública/Conselho Administrativo de Defesa Econômica/Superintendência-Geral" artSize="12" artNotes="" numberPage="218" pdfPage="http://pesquisa.in.gov.br/imprensa/jsp/visualiza/index.jsp?data=30/08/2022&amp;jornal=515&amp;pagina=218" editionNumber="165" highlightType="" highlightPriority="" highlight="" highlightimage="" highlightimagename="" idMateria="19841449">
  <body>
    <Identifica><![CDATA[ DESPACHOs de 25 de agosto de 2022]]></Identifica>
    <Data><![CDATA[]]></Data>
    <Ementa />
    <Titulo />
    <SubTitulo />
    <Texto><![CDATA[<p class="identifica">DESPACHOs de 25 de agosto de 2022</p><p>Nº 1.235/2022</p><p>Ato de Concentração nº 08700.005850/2022-32; Requerentes: SCCP Fundo de Investimento em Participações Multiestratégias, Novonor Participação e Investimentos S.A. - Em Recuperação Judicial, e Jequitibá Patrimonial S.A. Advogadas: Maria Eugênia Novis e Erica Sumie Yamashita. Decido pela aprovação sem restrições.</p><p>Nº 1.236/2022</p><p>Ato de Concentração nº 08700.005844/2022-85; Requerentes: Aliansce Sonae Shopping Centers S.A. e REC Mall Uberlândia S.A. Advogados: Barbara Rosenberg, Luís Bernardo Coelho Cascão, Guilherme Morgulis, Marcela Abras Lorenzetti e Gabriela Pletsch da Luz. Decido pela aprovação sem restrições.</p><p>Nº 1.237/2022</p><p>Ato de Concentração nº 08700.005931/2022-32. Requerentes: Vita IT Comércio e Serviços de Soluções em TI Ltda. e Telefônica Infraestrutura e Segurança Ltda. Advogados: Leonor Cordovil, Beatriz Cravo, Letícia Barros, Mariana Mello, Pedro C. E. Vicentini e Daniel Yoneda Reyes. Decido pela aprovação sem restrições.</p><p>Nº 1.238/2022</p><p>Ato de Concentração nº 08700.005702/2022-18. Requerentes: Direcional Engenharia S.A. e Cyrela Brazil Realty S.A. Empreendimentos e Participações. Advogados: Luiz Eduardo Salles, Lucas Bianchini, Eduardo Caminati, Marcio Bueno e André Ferraz. Decido pela aprovação sem restrições.</p><p class="assina">Alexandre Barreto de Souza</p><p class="cargo">Superintendente-Geral</p>]]></Texto>
  </body>
  <Midias />
</article></xml>