﻿<xml><article id="27747947" name="resolucao_2852_2022 COISC GGFIS" idOficio="9059774" pubName="DO1" artType="Resolução" pubDate="30/08/2022" artClass="00026:00034:00016:00006:00000:00000:00000:00000:00000:00000:00064:32852" artCategory="Ministério da Saúde/Agência Nacional de Vigilância Sanitária/4ª Diretoria/Gerência-Geral de Inspeção e Fiscalização Sanitária" artSize="12" artNotes="" numberPage="277" pdfPage="http://pesquisa.in.gov.br/imprensa/jsp/visualiza/index.jsp?data=30/08/2022&amp;jornal=515&amp;pagina=277" editionNumber="165" highlightType="" highlightPriority="" highlight="" highlightimage="" highlightimagename="" idMateria="19843455">
  <body>
    <Identifica><![CDATA[ RESOLUÇÃO-RE Nº 2.852, DE 29 DE AGOSTO DE 2022]]></Identifica>
    <Data><![CDATA[]]></Data>
    <Ementa />
    <Titulo />
    <SubTitulo />
    <Texto><![CDATA[<p class="identifica">RESOLUÇÃO-RE Nº 2.852, DE 29 DE AGOSTO DE 2022</p><p>A Gerente-Geral de Inspeção e Fiscalização Sanitária, no uso das atribuições que lhe confere o art. 140, aliado ao art. 203, I, § 1º do Regimento Interno aprovado pela Resolução de Diretoria Colegiada - RDC nº 585, de 10 de dezembro de 2021, e o art. 6º, da Lei nº 9.782, de 26 de janeiro de 1999, resolve:</p><p>Art. 1º Adotar a medida preventiva constante no ANEXO.</p><p>Art. 2º Esta Resolução entra em vigor na data de sua publicação.</p><p class="assina">ANA CAROLINA MOREIRA MARINO ARAUJO</p><p class="anexo">ANEXO</p><p>Empresa: VSL COMERCIO E SERVICOS DE PRODUTOS SANITIZANTES LTDA - CNPJ: 03.112.386/0001-11</p><p>Produto - (Lote): ÁGUA SANITÁRIA VSL(TODOS);CLORO VSL PREMIUM(TODOS);MULTIUSO VSL(TODOS);</p><p>Tipo de Produto: Saneantes</p><p>Expediente nº: 4610131/22-4</p><p>Assunto: 70351 - Ações de Fiscalização em Vigilância Sanitária</p><p>Ações de fiscalização: Apreensão, Proibição - Comercialização, Distribuição, Fabricação, Propaganda, Uso</p><p>Motivação: Considerando a comercialização/exposição à venda/fabricação do produto sem registro por empresa sem autorização de funcionamento para a fabricação infringindo os arts. 2º e 12 da Lei 6360, de 23 de setembro de 1976 e tendo em vista o previsto nos art 6º e inciso I do art. 67 da Lei 6360, de 23 de setembro de 1976 e inciso XV do art. 7º da Lei 9782, de 26 de janeiro de 1999.</p>]]></Texto>
  </body>
  <Midias />
</article></xml>