﻿<xml><article id="27737669" name="retificacao_resolucao_1154_2022 " idOficio="9057907" pubName="DO1" artType="Retificação" pubDate="30/08/2022" artClass="00026:00034:00015:00010:00000:00000:00000:00000:00000:00000:00066:91154" artCategory="Ministério da Saúde/Agência Nacional de Vigilância Sanitária/3ª Diretoria/Gerência-Geral de Tecnologia de Produtos para Saúde" artSize="12" artNotes="" numberPage="270" pdfPage="http://pesquisa.in.gov.br/imprensa/jsp/visualiza/index.jsp?data=30/08/2022&amp;jornal=515&amp;pagina=270" editionNumber="165" highlightType="" highlightPriority="" highlight="" highlightimage="" highlightimagename="" idMateria="19840746">
  <body>
    <Identifica><![CDATA[ RETIFICAÇÃO]]></Identifica>
    <Data><![CDATA[]]></Data>
    <Ementa />
    <Titulo />
    <SubTitulo />
    <Texto><![CDATA[<p class="identifica">RETIFICAÇÃO</p><p>Na Resolução - RE nº 1.154, de 3 de maio de 2018, publicada em DOU nº 86 de 7 de maio de 2018, Seção 1, página 53 e em suplemento, página 24.</p><p>Onde se lê:</p><p>MEDTRONIC COMÉRCIO LTDA 1.03391-9</p><p>Estabilizador de Tecido 25351.212474/2018-81</p><p>Estabilizador de Tecido Octopus 4.3</p><p>FABRICANTE: MEDTRONIC, INC. - ESTADOS UNIDOS DA AMÉRICA</p><p>...</p><p>CLASSE: II 10339190724</p><p>80008 - MATERIAL - Cadastro de Sistema de Material de Uso Médico Importado</p><p>Leia-se:</p><p>MEDTRONIC COMÉRCIO LTDA 1.03391-9</p><p>Estabilizador de Tecido 25351.212474/2018-81</p><p>Estabilizador de Tecido Octopus 4.3</p><p>FABRICANTE: MEDTRONIC, INC. - ESTADOS UNIDOS DA AMÉRICA</p><p>...</p><p>CLASSE: IV 10339190724</p><p>8543 - MATERIAL - Registro de Sistema de Material de Uso Médico</p>]]></Texto>
  </body>
  <Midias />
</article></xml>