﻿<xml><article id="27752557" name="PORTARIA NA 1087 DE 18 DE AGOSTO" idOficio="9060869" pubName="DO1" artType="Portaria" pubDate="30/08/2022" artClass="00019:00025:00000:00000:00000:00000:00000:00000:00000:00000:00054:00000" artCategory="Ministério da Infraestrutura/Secretaria de Fomento, Planejamento e Parcerias" artSize="12" artNotes="" numberPage="190" pdfPage="http://pesquisa.in.gov.br/imprensa/jsp/visualiza/index.jsp?data=30/08/2022&amp;jornal=515&amp;pagina=190" editionNumber="165" highlightType="" highlightPriority="" highlight="" highlightimage="" highlightimagename="" idMateria="19845159">
  <body>
    <Identifica><![CDATA[ PORTARIA Nº 1.087, DE 18 DE AGOSTO DE 2022]]></Identifica>
    <Data><![CDATA[]]></Data>
    <Ementa><![CDATA[Aprova o enquadramento, para fins de habilitação no Regime Especial de Incentivos para o Desenvolvimento da Infraestrutura - REIDI, do projeto de investimento em infraestrutura no setor de transportes - Portos, proposto pela empresa Santos Brasil Participações S/A.]]></Ementa>
    <Titulo />
    <SubTitulo />
    <Texto><![CDATA[<p class="identifica">PORTARIA Nº 1.087, DE 18 DE AGOSTO DE 2022</p><p class="ementa">Aprova o enquadramento, para fins de habilitação no Regime Especial de Incentivos para o Desenvolvimento da Infraestrutura - REIDI, do projeto de investimento em infraestrutura no setor de transportes - Portos, proposto pela empresa Santos Brasil Participações S/A.</p><p>O SECRETÁRIO DE FOMENTO, PLANEJAMENTO E PARCERIAS DO MINISTÉRIO DA INFRAESTRUTURA, no uso da competência que lhe foi delegada por meio da Portaria GM/MINFRA nº 46, de 11 de março de 2021, e tendo em vista o disposto no art. 35 da Lei nº 13.844, de 18 de junho de 2019, na Lei nº 11.488, de 15 de junho de 2007, no Decreto nº 6.144, de 3 de julho de 2007, na Portaria GM/MInfra nº 105, de 19 de agosto de 2021, e o que consta no Processo nº 50000.020838/2022-10, resolve:</p><p>Art. 1º Aprovar o enquadramento, para fins de habilitação no Regime Especial de Incentivos para o Desenvolvimento da Infraestrutura - REIDI, do projeto de investimento em infraestrutura no setor de transportes - Portos, proposto pela empresa Santos Brasil Participações S.A., CNPJ nº 02.762.121/0018-44, denominado "PBI - Plano Básico de Implantação - Arrendamento IQI 03 - ITAQUI (filial CNPJ 02.762.121/0018-44)", na área denominada IQI 03, localizada no Porto Organizado de Itaqui, no Estado do Maranhão, na forma do Contrato de Arrendamento nº 07/2021-MInfra, conforme descrito no Anexo desta Portaria.</p><p>Art. 2º A empresa a que se refere o art. 1° deverá informar à Secretaria de Fomento, Planejamento e Parcerias do Ministério da Infraestrutura quando da conclusão do projeto ou do pedido de cancelamento da habilitação, no prazo de 30 (trinta) dias, a contar da conclusão ou do pedido de cancelamento, nos termos do disposto no art. 17 da Portaria GM/MInfra nº 105, de 19 de agosto de 2021.</p><p>Art. 3º Os autos do Processo nº 50000.020838/2022-10 ficarão arquivados e disponíveis neste Ministério, para consulta e fiscalização dos órgãos de controle.</p><p>Art. 4º Esta Portaria entra em vigor na data de sua publicação.</p><p class="assina">RAFAEL MAGALHÃES FURTADO</p><p /><p></p><table><tr /><tr><td rowspan="1" colspan="2"><p><strong>ANEXO</strong></p></td></tr><tr><td rowspan="1" colspan="1"><p><strong>Nome Empresarial</strong></p></td><td rowspan="1" colspan="1"><p>Santos Brasil Participações S.A.</p></td></tr><tr><td rowspan="1" colspan="1"><p><strong>CNPJ</strong></p></td><td rowspan="1" colspan="1"><p>02.762.121/0018-44</p></td></tr><tr><td rowspan="1" colspan="1"><p><strong>Tipo</strong></p></td><td rowspan="1" colspan="1"><p>Portos Organizados</p></td></tr><tr><td rowspan="1" colspan="1" /><td rowspan="1" colspan="1"><p>Projeto na área de infraestrutura de transporte portuário, denominado "PBI - Plano Básico de Implantação - Arrendamento IQI 03 - ITAQUI (filial CNPJ 02.762.121/0018-44)", na área denominada</p></td></tr><tr><td rowspan="1" colspan="1" /><td rowspan="1" colspan="1"><p>IQI 03, localizada no Porto Organizado de Itaqui, no Estado do Maranhão, na forma do Contrato de Arrendamento nº 07/2021-MInfra, que tem por objeto a implantação de obras de infraestrutura</p></td></tr><tr><td rowspan="1" colspan="1" /><td rowspan="1" colspan="1"><p>destinadas aos serviços de descarga, armazenagem e expedição de granéis líquidos, especialmente combustíveis, contemplando, dentre outras, a implantação dos seguintes serviços e obras:</p></td></tr><tr><td rowspan="1" colspan="1" /><td rowspan="1" colspan="1"><p>- Construção de 04 (quatro) novos tanques de armazenamento, do tipo cilíndrico vertical.</p></td></tr><tr><td rowspan="1" colspan="1" /><td rowspan="1" colspan="1"><p>- Construção de novo parque de bombas PB-02, que será responsável pelo bombeamento de OD S10, B100 e EA até o carreamento ferroviário do desvio do IQI 11, e também, para o caso do OD S10,</p></td></tr><tr><td rowspan="1" colspan="1" /><td rowspan="1" colspan="1"><p>possibilitar a transferência entre os tanques desse terminal com os tanques de mesmo produto dos terminais IQI 11 e IQI 12.</p></td></tr><tr><td rowspan="1" colspan="1" /><td rowspan="1" colspan="1"><p>- Instalação de 02 (dois) novos conjuntos motobomba (B-1309A e B-1309B), para carregamento ferroviário de S10 no IQI 11, a partir dos</p></td></tr><tr><td rowspan="1" colspan="1" /><td rowspan="1" colspan="1"><p>tanques TQ-13-3101 e TQ-13-4301, com ponto de projeto de 290 m³/h e motor elétrico de 75 CV.</p></td></tr><tr><td rowspan="1" colspan="1" /><td rowspan="1" colspan="1"><p>- Instalação de 01 (um) novo conjunto motobomba (B-1310A), para o carregamento ferroviário de B100 no IQI 11, a partir dos tanques TQ</p></td></tr><tr><td rowspan="1" colspan="1" /><td rowspan="1" colspan="1"><p>-13-601 e TQ-13-2101, com ponto de projeto de 90 m³/h e motor elétrico de 30 CV.</p></td></tr><tr><td rowspan="1" colspan="1" /><td rowspan="1" colspan="1"><p>- Instalação de 01 (um) novo conjunto motobomba (B-1311), para o carregamento ferroviário de EA no IQI 11, a partir dos tanques TQ-13</p></td></tr><tr><td rowspan="1" colspan="1" /><td rowspan="1" colspan="1"><p>-701 e TQ-13-401, com ponto de projeto de 90 m³/h e motor elétrico de 30 CV.</p></td></tr><tr><td rowspan="1" colspan="1" /><td rowspan="1" colspan="1"><p>- Instalação de 01 (um) novo conjunto motobomba (B-1310B), que servirá de reserva para os sistemas de EA e B100, com ponto de projeto de 90 m³/h e motor elétrico de 30 CV.</p></td></tr><tr><td rowspan="1" colspan="1" /><td rowspan="1" colspan="1"><p>- Construção de novo PB-04, que será responsável pelo bombeamento de OD S500 e GA até o carreamento ferroviário do desvio do IQI 11.</p></td></tr><tr><td rowspan="1" colspan="1"><p><strong>Descrição do Projeto</strong></p></td><td rowspan="1" colspan="1"><p>- Instalação de 02 (dois) novos conjuntos motobomba (B-1316A e B-1316B), para o sistema de carregamento ferroviário de OD S500 e transferência, a partir dos tanques TQ-13-7601, TQ-13-9402, com ponto de projeto de 290 m³/h e motor elétrico de 75 CV.</p></td></tr><tr><td rowspan="1" colspan="1" /><td rowspan="1" colspan="1"><p>- Instalação de 02 (dois) novos conjuntos motobomba (B-1317A e B-1317B), para o sistema de carregamento ferroviário de GA e transferência, a partir dos tanques TQ-13-1701, TQ-13-901, TQ-13</p></td></tr><tr><td rowspan="1" colspan="1" /><td rowspan="1" colspan="1"><p>-7401, TQ-13-9401 e TQ-13- 9402, com ponto de projeto de 290 m³/h e motor elétrico de 75 CV.</p></td></tr><tr><td rowspan="1" colspan="1" /><td rowspan="1" colspan="1"><p>- Para os novos tanques de GA e S500 serão interligados ao sistema de drenagem existente, composto por bomba de drenagem e tanque horizontal de drenagem, dedicados para cada produto.</p></td></tr><tr><td rowspan="1" colspan="1" /><td rowspan="1" colspan="1"><p>- Será construída uma nova casa de bombas de incêndio, e reserva técnica de água, dimensionada para atendimento da condição de maior risco isolado, previsto nas normas vigentes.</p></td></tr><tr><td rowspan="1" colspan="1" /><td rowspan="1" colspan="1"><p>- Serão construídos novos<em>manifolds</em>de água, para os anéis de resfriamento dos tanques, novos e existentes.</p></td></tr><tr><td rowspan="1" colspan="1" /><td rowspan="1" colspan="1"><p>- Será construído rede nova de alimentação dos chuveiros de emergência e lava-olhos.</p></td></tr><tr><td rowspan="1" colspan="1" /><td rowspan="1" colspan="1"><p>- Serão construídos 03 (três) novos dutos de DN 14", que farão a interligação do<em>manifold</em>, que recebe produto oriundo do píer pela descarga de NTs.</p></td></tr><tr><td rowspan="1" colspan="1" /><td rowspan="1" colspan="1"><p>- Construção de edificação administrativa abrigando portaria, escritórios administrativos e operacionais, salas de controle, refeitório, laboratório de análise e guarda de amostras, sala de espera</p></td></tr><tr><td rowspan="1" colspan="1" /><td rowspan="1" colspan="1"><p>e sanitários para motoristas dos caminhões, instalações da Receita Federal e demais órgãos anuentes.</p></td></tr><tr><td rowspan="1" colspan="1" /><td rowspan="1" colspan="1"><p>- Construção de edificação abrigando vestiários e sanitários.</p><p>- Construção de edificação abrigando as oficinas de manutenção e almoxarifado.</p></td></tr><tr><td rowspan="1" colspan="1" /><td rowspan="1" colspan="1"><p>- Construção de instalações da Receita Federal.</p><p>- Serão instalados sistema de drenagem selada de produto, composto por bomba de drenagem e tanque horizontal de drenagem, para</p></td></tr><tr><td rowspan="1" colspan="1" /><td rowspan="1" colspan="1"><p>atendimento do tanque de S500 da bacia 01 e para os tanques de S-10, na Bacia 03.</p></td></tr><tr><td rowspan="1" colspan="1" /><td rowspan="1" colspan="1"><p>- Será implantado sistema de água de reuso, prevendo a captação das águas pluviais da cobertura das principais edificações.</p></td></tr><tr><td rowspan="1" colspan="1" /><td rowspan="1" colspan="1"><p>- Será feita a adequação e expansão da rede de ar comprimido existente (ar de instrumento e de serviço) para atendimento das necessidades dos Terminais IQI11 e IQI03, incluindo o acionamento de</p></td></tr><tr><td rowspan="1" colspan="1" /><td rowspan="1" colspan="1"><p>válvulas pneumáticas tipo ON-OFF, instaladas na saída dos tanques, e nas plataformas de carregamento rodoviário e ferroviário. O sistema será composto por estação de compressão, a ser adequada /</p></td></tr><tr><td rowspan="1" colspan="1" /><td rowspan="1" colspan="1"><p>ampliada no IQI 11, e rede de distribuição aparente, que atenderá as demandas tanto do IQI 11, quanto do IQI 03.</p></td></tr><tr><td rowspan="1" colspan="1" /><td rowspan="1" colspan="1"><p>- Implantação de sistemas automatizados de carregamento rodoviário para utilização com combustíveis, possibilitando a medição de temperatura, vazão e densidade bem como o controle de vazão,</p></td></tr><tr><td rowspan="1" colspan="1" /><td rowspan="1" colspan="1"><p>informando as variáveis medidas e corrigindo o volume carregado à temperatura de 20ºC.</p></td></tr><tr><td rowspan="1" colspan="1" /><td rowspan="1" colspan="1"><p>- Implantação nos novos tanques de armazenamento de dispositivos de controle de nível e temperatura sem contato com o líquido e controlado à distância em Sala de Controle de Operações.</p></td></tr><tr><td rowspan="1" colspan="1" /><td rowspan="1" colspan="1"><p>- Instalação de Centro de Controle Motores - CCM.</p><p>- Instalação de motores.</p><p>- Instalação de iluminação modernizada em LED.</p></td></tr><tr><td rowspan="1" colspan="1" /><td rowspan="1" colspan="1"><p>- Instalação de gerador de energia.</p><p>- Adequação do sistema de proteção e combate a incêndio.</p></td></tr><tr><td rowspan="1" colspan="1" /><td rowspan="1" colspan="1"><p>- Instalação operacional de sistema de segurança e automação de proteção.</p><p>- Aquisição/instalação de tanques e tanque de água.</p></td></tr><tr><td rowspan="1" colspan="1" /><td rowspan="1" colspan="1"><p>- Aquisição/instalação de tubulações, drenagens, jateamento/pintura, elétrica, instrumentação e automação.</p></td></tr><tr><td rowspan="1" colspan="1"><p><strong>Localização</strong></p></td><td rowspan="1" colspan="1"><p>Estado do Maranhão</p></td></tr><tr><td rowspan="1" colspan="1"><p><strong>Estimativa de Investimento</strong></p></td><td rowspan="1" colspan="1"><p>R$ 105.925.556,88</p></td></tr><tr><td rowspan="1" colspan="1"><p><strong>Estimativas das Suspensões Fiscais</strong></p></td><td rowspan="1" colspan="1"><p>R$ 7.406.372,82</p></td></tr></table>]]></Texto>
  </body>
  <Midias />
</article></xml>