﻿<xml><article id="27733402" name="ATO PORTARIA GABDPGF DPGU NA 882" idOficio="9056879" pubName="DO1" artType="Portaria" pubDate="30/08/2022" artClass="00045:00001:00000:00000:00000:00000:00000:00000:00000:00000:00054:00000" artCategory="Defensoria Pública da União/Gabinete do Defensor Público-Geral Federal" artSize="24" artNotes="" numberPage="402" pdfPage="http://pesquisa.in.gov.br/imprensa/jsp/visualiza/index.jsp?data=30/08/2022&amp;jornal=515&amp;pagina=402" editionNumber="165" highlightType="" highlightPriority="" highlight="" highlightimage="" highlightimagename="" idMateria="19839413">
  <body>
    <Identifica><![CDATA[ PORTARIA GABDPGF DPGU Nº 882, DE 22 DE AGOSTO DE 2022]]></Identifica>
    <Data><![CDATA[]]></Data>
    <Ementa />
    <Titulo />
    <SubTitulo />
    <Texto><![CDATA[<p class="identifica">PORTARIA GABDPGF DPGU Nº 882, DE 22 DE AGOSTO DE 2022</p><p>O DEFENSOR PÚBLICO-GERAL FEDERAL, usando das atribuições que lhe são conferidas pelo artigo 8º, incisos I, III e XIII, da Lei Complementar nº 80, de 12 de janeiro de 1994;</p><p>Considerando o disposto no art. 42, § 1º , inciso I, alínea "a", da LDO-2022 (Lei nº 14.194, de 20 de agosto de 2021);</p><p>Considerando o Processo Administrativo SEI nº 08038.010859/2022-25, resolve:</p><p>Art. 1º Abrir crédito suplementar no valor de R$193.000 (cento e noventa e três mil reais) ao Orçamento da Defensoria Pública da União para atender a programação constante no Anexo I.</p><p>Art. 2º Os recursos compensatórios necessários para a execução do disposto no Anexo I provêm do cancelamento de dotação conforme indicado no Anexo II.</p><p>Art. 3º Esta Portaria entra em vigor na data de sua publicação.</p><p class="assina">DANIEL DE MACEDO ALVES PEREIRA</p><p>ANEXO</p><p /><p></p><table><tr /><tr><td rowspan="1" colspan="10"><p>ÓRGÃO: 29000 - Defensoria Pública da União</p></td></tr><tr><td rowspan="1" colspan="3"><p>UNIDADE: 29101 - Defensoria Pública da União</p></td><td rowspan="1" colspan="7"><p></p></td></tr><tr><td rowspan="1" colspan="3"><p>ANEXO I</p></td><td rowspan="1" colspan="7"><p>Crédito Suplementar</p></td></tr><tr><td rowspan="1" colspan="3"><p>PROGRAMA DE TRABALHO ( ACRÉSCIMO )</p></td><td rowspan="1" colspan="7"><p>Recurso de Todas as Fontes R$ 1,00</p></td></tr><tr><td rowspan="1" colspan="1"><p>FUNCIONAL</p></td><td rowspan="1" colspan="1"><p>PROGRAMÁTICA</p></td><td rowspan="1" colspan="1"><p>PROGRAMA/AÇÃO/LOCALIZADOR/PRODUTO</p></td><td rowspan="1" colspan="1"><p>E</p><p>S</p><p>F</p></td><td rowspan="1" colspan="1"><p>G</p><p>N</p><p>D</p></td><td rowspan="1" colspan="1"><p>R</p><p>P</p></td><td rowspan="1" colspan="1"><p>M</p><p>O</p><p>D</p></td><td rowspan="1" colspan="1"><p>I</p><p>U</p></td><td rowspan="1" colspan="1"><p>F</p><p>T</p><p>E</p></td><td rowspan="1" colspan="1"><p>VALOR</p></td></tr><tr><td rowspan="1" colspan="2"><p>0030</p></td><td rowspan="1" colspan="7"><p>Programa de Gestão e Manutenção da Defensoria Pública da União</p></td><td rowspan="1" colspan="1"><p>193.000</p></td></tr><tr><td rowspan="1" colspan="1"><p></p></td><td rowspan="1" colspan="1"><p></p></td><td rowspan="1" colspan="1"><p>Atividades</p></td><td rowspan="1" colspan="1"><p></p></td><td rowspan="1" colspan="1"><p></p></td><td rowspan="1" colspan="1"><p></p></td><td rowspan="1" colspan="1"><p></p></td><td rowspan="1" colspan="1"><p></p></td><td rowspan="1" colspan="1"><p></p></td><td rowspan="1" colspan="1"><p></p></td></tr><tr><td rowspan="1" colspan="1"><p>03 131</p></td><td rowspan="1" colspan="1"><p>0030 219I</p></td><td rowspan="1" colspan="1"><p>Publicidade Institucional e de Utilidade Pública</p></td><td rowspan="1" colspan="1"><p></p></td><td rowspan="1" colspan="1"><p></p></td><td rowspan="1" colspan="1"><p></p></td><td rowspan="1" colspan="1"><p></p></td><td rowspan="1" colspan="1"><p></p></td><td rowspan="1" colspan="1"><p></p></td><td rowspan="1" colspan="1"><p>193.000</p></td></tr><tr><td rowspan="1" colspan="1"><p>03 131</p></td><td rowspan="1" colspan="1"><p>0030 219I 0001</p></td><td rowspan="1" colspan="1"><p>Publicidade Institucional e de Utilidade Pública - Nacional</p></td><td rowspan="1" colspan="1"><p></p></td><td rowspan="1" colspan="1"><p></p></td><td rowspan="1" colspan="1"><p></p></td><td rowspan="1" colspan="1"><p></p></td><td rowspan="1" colspan="1"><p></p></td><td rowspan="1" colspan="1"><p></p></td><td rowspan="1" colspan="1"><p>193.000</p></td></tr><tr><td rowspan="1" colspan="1"><p></p></td><td rowspan="1" colspan="1"><p></p></td><td rowspan="1" colspan="1"><p></p></td><td rowspan="1" colspan="1"><p>F</p></td><td rowspan="1" colspan="1"><p>4</p></td><td rowspan="1" colspan="1"><p>2</p></td><td rowspan="1" colspan="1"><p>90</p></td><td rowspan="1" colspan="1"><p>0</p></td><td rowspan="1" colspan="1"><p>100</p></td><td rowspan="1" colspan="1"><p>193.000</p></td></tr><tr><td rowspan="1" colspan="9"><p>TOTAL - FISCAL</p></td><td rowspan="1" colspan="1"><p>193.000</p></td></tr><tr><td rowspan="1" colspan="9"><p>TOTAL - SEGURIDADE</p></td><td rowspan="1" colspan="1"><p>0</p></td></tr><tr><td rowspan="1" colspan="9"><p>TOTAL - GERAL</p></td><td rowspan="1" colspan="1"><p>193.000</p></td></tr><tr><td rowspan="1" colspan="9" /><td rowspan="1" colspan="1"><p></p></td></tr><tr><td rowspan="1" colspan="10"><p>ÓRGÃO: 29000 - Defensoria Pública da União</p></td></tr><tr><td rowspan="1" colspan="3"><p>UNIDADE: 29101 - Defensoria Pública da União</p></td><td rowspan="1" colspan="7"><p></p></td></tr><tr><td rowspan="1" colspan="3"><p>ANEXO II</p></td><td rowspan="1" colspan="7"><p>Crédito Suplementar</p></td></tr><tr><td rowspan="1" colspan="3"><p>PROGRAMA DE TRABALHO ( CANCELAMENTO )</p></td><td rowspan="1" colspan="7"><p>Recurso de Todas as Fontes R$ 1,00</p></td></tr><tr><td rowspan="1" colspan="1"><p>FUNCIONAL</p></td><td rowspan="1" colspan="1"><p>PROGRAMÁTICA</p></td><td rowspan="1" colspan="1"><p>PROGRAMA/AÇÃO/LOCALIZADOR/PRODUTO</p></td><td rowspan="1" colspan="1"><p>E</p><p>S</p><p>F</p></td><td rowspan="1" colspan="1"><p>G</p><p>N</p><p>D</p></td><td rowspan="1" colspan="1"><p>R</p><p>P</p></td><td rowspan="1" colspan="1"><p>M</p><p>O</p><p>D</p></td><td rowspan="1" colspan="1"><p>I</p><p>U</p></td><td rowspan="1" colspan="1"><p>F</p><p>T</p><p>E</p></td><td rowspan="1" colspan="1"><p>VALOR</p></td></tr><tr><td rowspan="1" colspan="2"><p>0030</p></td><td rowspan="1" colspan="7"><p>Programa de Gestão e Manutenção da Defensoria Pública da União</p></td><td rowspan="1" colspan="1"><p>193.000</p></td></tr><tr><td rowspan="1" colspan="1"><p></p></td><td rowspan="1" colspan="1"><p></p></td><td rowspan="1" colspan="1"><p>Atividades</p></td><td rowspan="1" colspan="1"><p></p></td><td rowspan="1" colspan="1"><p></p></td><td rowspan="1" colspan="1"><p></p></td><td rowspan="1" colspan="1"><p></p></td><td rowspan="1" colspan="1"><p></p></td><td rowspan="1" colspan="1"><p></p></td><td rowspan="1" colspan="1"><p></p></td></tr><tr><td rowspan="1" colspan="1"><p>03 131</p></td><td rowspan="1" colspan="1"><p>0030 219I</p></td><td rowspan="1" colspan="1"><p>Publicidade Institucional e de Utilidade Pública</p></td><td rowspan="1" colspan="1"><p></p></td><td rowspan="1" colspan="1"><p></p></td><td rowspan="1" colspan="1"><p></p></td><td rowspan="1" colspan="1"><p></p></td><td rowspan="1" colspan="1"><p></p></td><td rowspan="1" colspan="1"><p></p></td><td rowspan="1" colspan="1"><p>193.000</p></td></tr><tr><td rowspan="1" colspan="1"><p>03 131</p></td><td rowspan="1" colspan="1"><p>0030 219I 0001</p></td><td rowspan="1" colspan="1"><p>Publicidade Institucional e de Utilidade Pública - Nacional</p></td><td rowspan="1" colspan="1"><p></p></td><td rowspan="1" colspan="1"><p></p></td><td rowspan="1" colspan="1"><p></p></td><td rowspan="1" colspan="1"><p></p></td><td rowspan="1" colspan="1"><p></p></td><td rowspan="1" colspan="1"><p></p></td><td rowspan="1" colspan="1"><p>193.000</p></td></tr><tr><td rowspan="1" colspan="1"><p></p></td><td rowspan="1" colspan="1"><p></p></td><td rowspan="1" colspan="1"><p></p></td><td rowspan="1" colspan="1"><p>F</p></td><td rowspan="1" colspan="1"><p>3</p></td><td rowspan="1" colspan="1"><p>2</p></td><td rowspan="1" colspan="1"><p>90</p></td><td rowspan="1" colspan="1"><p>0</p></td><td rowspan="1" colspan="1"><p>100</p></td><td rowspan="1" colspan="1"><p>193.000</p></td></tr><tr><td rowspan="1" colspan="9"><p>TOTAL - FISCAL</p></td><td rowspan="1" colspan="1"><p>193.000</p></td></tr><tr><td rowspan="1" colspan="9"><p>TOTAL - SEGURIDADE</p></td><td rowspan="1" colspan="1"><p>0</p></td></tr><tr><td rowspan="1" colspan="9"><p>TOTAL - GERAL</p></td><td rowspan="1" colspan="1"><p>193.000</p></td></tr></table>]]></Texto>
  </body>
  <Midias />
</article></xml>