﻿<xml><article id="27750706" name="2022-08-29/9060364/ANMWS_1984420" idOficio="9060364" pubName="DO1" artType="Despacho" pubDate="30/08/2022" artClass="00023:00030:00023:00000:00000:00000:00000:00000:00000:00000:00024:00001" artCategory="Ministério de Minas e Energia/Agência Nacional de Mineração/Gerência Regional da ANM no Estado de Pernambuco" artSize="12" artNotes="" numberPage="226" pdfPage="http://pesquisa.in.gov.br/imprensa/jsp/visualiza/index.jsp?data=30/08/2022&amp;jornal=515&amp;pagina=226" editionNumber="165" highlightType="" highlightPriority="" highlight="" highlightimage="" highlightimagename="" idMateria="19844209">
  <body>
    <Identifica><![CDATA[Despacho]]></Identifica>
    <Data><![CDATA[]]></Data>
    <Ementa />
    <Titulo />
    <SubTitulo />
    <Texto><![CDATA[<p class="identifica">Despacho</p><p>Relação nº 82/2022</p><p>Fase de Licenciamento</p><p>Autoriza averbação da Prorrogação do Registro de Licença(742)</p><p>840.122/2018-ELISANGELA PEREIRA CAVALCANTI EIRELI- Registro de Licença N° 09/2020 - Vencimento em 05/02/2023</p><p>840.200/2003-IMOBILIARIA CASTRO LIMA LTDA.- Registro de Licença N° 05/02/2023 - Vencimento em 17/05/2024</p><p>Fase de Requerimento de Licenciamento</p><p>Indefere requerimento de Licenciamento - área onerada(2095)</p><p>840.155/2019-LEÃO DO NORTE ENGENHARIA E PARTICIPAÇÕES LTDA</p><p>840.157/2019-LEÃO DO NORTE ENGENHARIA E PARTICIPAÇÕES LTDA</p><p class="assina">MARCOS ANTÔNIO DE HOLANDA TAVARES</p><p class="cargo">Gerente</p>]]></Texto>
  </body>
  <Midias />
</article></xml>