﻿<xml><article id="27749073" name="ATA-NA 32_de_17_08_2022-BD-IMPRE" idOficio="9057231" pubName="DO1" artType="Ata" pubDate="30/08/2022" artClass="00044:00009:00000:00000:00000:00000:00000:00000:00000:00000:00005:00000" artCategory="Tribunal de Contas da União/Plenário" artSize="12" artNotes="" numberPage="383" pdfPage="http://pesquisa.in.gov.br/imprensa/jsp/visualiza/index.jsp?data=30/08/2022&amp;jornal=515&amp;pagina=383" editionNumber="165" highlightType="" highlightPriority="" highlight="" highlightimage="" highlightimagename="" idMateria="19839884">
  <body>
    <Identifica><![CDATA[ ATA Nº 32, DE 17 DE AGOSTO DE 2022]]></Identifica>
    <Data><![CDATA[]]></Data>
    <Ementa />
    <Titulo />
    <SubTitulo />
    <Texto><![CDATA[<p class="identifica">ATA Nº 32, DE 17 DE AGOSTO DE 2022</p><p>(Sessão Ordinária)</p><p>Presidência: Ministro Walton Alencar Rodrigues e Ministro Bruno Dantas (Vice-Presidente, no</p><p>exercício da Presidência)</p><p>Representante do Ministério Público: Procuradora-Geral Cristina Machado da Costa e Silva</p><p>Secretária das Sessões: AUFC Lorena Medeiros Bastos Correa</p><p>Subsecretária do Plenário: AUFC Denise Loiane Cunha Fonseca</p><p>Às 14 horas de 30 minutos, a Presidência declarou aberta a sessão ordinária do Plenário, com a presença dos Ministros Walton Alencar Rodrigues, Benjamin Zymler, Augusto Nardes, Aroldo Cedraz, Vital do Rêgo, Jorge Oliveira e Antonio Anastasia; dos Ministros-Substitutos Augusto Sherman Cavalcanti (convocado em razão de vacância do cargo de Ministro), Marcos Bemquerer Costa, André Luís de Carvalho e Weder de Oliveira; e da Representante do Ministério Público, Procuradora-Geral Cristina Machado da Costa e Silva.</p><p>HOMOLOGAÇÃO DE ATAS</p><p>O Plenário homologou as Atas nº 31 e 12, referentes às sessões ordinária e extraordinária reservada, respectivamente, realizadas em 10 de agosto de 2022.</p><p>PUBLICAÇÃO DA ATA NA INTERNET</p><p>Os anexos das atas, de acordo com a Resolução nº 184/2005, estão publicados na página do Tribunal de Contas da União na Internet.</p><p>COMUNICAÇÕES (v. inteiro teor no Anexo I desta Ata)</p><p>Da Presidência:</p><p>Convite à participação, no dia 18 de agosto, de forma telepresencial pela plataforma Microsoft Teams, com transmissão pelo canal oficial do TCU no YouTube, na 2ª etapa do "Programa Nacional de Prevenção à Corrupção - Controles Preventivos", que ocorrerá às 10h, e no webinário "Mudanças Climáticas e Infraestrutura sob o Aspecto Social", que ocorrerá das 14 às 18h.</p><p>Proposta de criação de comissão técnica, sob a coordenação do Ministro Antonio Anastasia, com a participação de representantes da Advocacia-Geral da União, da Procuradoria-Geral da Fazenda Nacional, do Banco Central, do Conselho Nacional de Justiça e de agentes cartorários, entre outros, com o objetivo de encontrar o melhor caminho para preservar a eficácia ao arresto de bens, nos termos do artigo 61 da Lei 8.443/1992. Aprovada.</p><p>Do Ministro Augusto Nardes:</p><p>Registros e agradecimentos relacionados ao VI Fórum Nacional de Controle, realizado pelo Tribunal, na última quinta-feira, 11, sob o tema "Novas Perspectivas da Governança Aplicada ao Controle".</p><p>Do Ministro Aroldo Cedraz:</p><p>Homenagem e agradecimento ao servidor Anestor Ferreira da Cunha, por ocasião da concessão da aposentadoria no cargo de Técnico Federal de Controle Externo do Tribunal de Contas da União.</p><p>Do Ministro-Substituto Augusto Sherman Cavalcanti:</p><p>Registro de que foi proferido despacho no processo TC-017.476/2016-0, apartado do processo TC-034.365/2014-1, que trata de operações de financiamentos concedidos pelo BNDES para apoiar a exportação de serviços de engenharia relacionados a a usinas siderúrgicas, irrigação e drenagem, treinamento e capacitação e elaboração de projetos.</p><p>PROCESSOS EXCLUÍDOS DE PAUTA</p><p>Foram excluídos de pauta, nos termos do artigo 142 do Regimento Interno, os seguintes processos:</p><p>- TC-039.017/2021-4, cujo relator é o Ministro Walton Alencar Rodrigues;</p><p>- TC-001.288/2022-9, cujo relator é o Ministro Benjamin Zymler;</p><p>- TC-006.646/2021-2, 007.087/2022-5, 007.797/2022-2, 010.757/2022-8 e 012.154/2022-9, cujo relator é o Ministro Aroldo Cedraz;</p><p>- TC-036.682/2018-7, cujo relator é o Ministro Vital do Rêgo;</p><p>- TC-010.472/2016-9, cujo relator é o Ministro Jorge Oliveira;</p><p>- TC-010.247/2022-0 e 018.667/2021-0, cujo relator é o Ministro Antonio Anastasia;</p><p>- TC-006.144/2021-7, cujo relator é o Ministro-Substituto André Luís de Carvalho; e</p><p>- TC-033.637/2020-2, cujo relator é o Ministro-Substituto Weder de Oliveira.</p><p>PROCESSOS APRECIADOS POR RELAÇÃO</p><p>O Plenário aprovou, por relação, os Acórdãos de nºs 1853 a 1884.</p><p>PROCESSOS APRECIADOS DE FORMA UNITÁRIA</p><p>Por meio de apreciação unitária de processos, o Plenário proferiu os Acórdãos de nºs 1885 a 1919, incluídos no Anexo II desta Ata, juntamente com os relatórios e os votos em que se fundamentaram.</p><p>PROCESSO TRANSFERIDO DE PAUTA</p><p>Por deliberação do Colegiado, com fundamento no § 10 do art. 112 do Regimento Interno, a apreciação do processo TC-026.574/2020-9 (Ata nº 16/2022), cujo relator é o Ministro Bruno Dantas e revisor é o Ministro Augusto Nardes, foi transferida para a sessão ordinária do Plenário de 19 de outubro de 2022. O pedido de adiamento ocorreu antes da sustentação oral que estava prevista.</p><p>SUSTENTAÇÃO ORAL</p><p>Na apreciação do processo TC-026.574/2020-9, cujo relator é o Ministro Benjamin Zymler, o Dr. Alexandre Cerqueira da Silva não compareceu para produzir a sustentação oral que havia requerido em nome de Thiago de Castro Tataia Soares. Acórdão nº 1888.</p><p>Na apreciação do processo TC-023.508/2017-5, cujo relator é o Ministro Vital do Rêgo, o Dr. José Augusto Miranda Machado produziu sustentação oral em nome de André Correa Dias. Acórdão nº 1889.</p><p>Na apreciação do processo TC-044.589/2020-4, cujo relator é o Ministro Antonio Anastasia, o Dr. Glauber de Brittes Pereira não compareceu para produzir a sustentação oral que havia requerido em nome de LLED Soluções Instalações e Reformas Ltda. Acórdão nº 1890.</p><p>REABERTURA DE DISCUSSÃO</p><p>Nos termos do art. 112 do Regimento Interno, foi reaberta a discussão do processo TC-038.711/2021-4 (Ata nº 21/2022), cujo relator é o Ministro Vital do Rêgo e revisor é o Ministro Jorge Oliveira. Por deliberação do Colegiado, a apreciação do processo foi transferida para a sessão ordinária do Plenário de 26 de outubro de 2022.</p><p>Nos termos do art. 112 do Regimento Interno, foi reaberta a discussão do processo TC-003.903/2022-2 (Ata nº 31/2022), cujo relator é o Ministro-Substituto André Luís de Carvalho e revisor é o Ministro Jorge Oliveira. O Tribunal aprovou o Acórdão nº 1902, sendo vencedora, por unanimidade, a proposta apresentada pelo relator, Ministro-Substituto André Luís de Carvalho, após acolher sugestões apresentadas pelo revisor.</p><p>PRONUNCIAMENTO DO MINISTÉRIO PÚBLICO</p><p>Na apreciação do processo TC-008.629/2022-9, de relatoria do Ministro Benjamin Zymler, a Procuradora-Geral Cristina Machado da Costa e Silva se manifestou oralmente, em cumprimento ao inciso II do art. 280 do Regimento Interno.</p><p>ACÓRDÃOS APROVADOS</p><p>ACÓRDÃO Nº 1853/2022 - TCU - Plenário</p><p>VISTOS e relacionados estes autos de representação, com pedido de medida cautelar, apresentada pela Associação Brasileira de Aviação Geral (Abag), acerca de possíveis ilegalidades no processo de concessão do Aeroporto de Congonhas (SBSP), na cidade de São Paulo/SP, no bojo da 7ª Rodada de Concessões Aeroportuárias, conduzido pela Agência Nacional de Aviação Civil (Anac);</p><p>Considerando que os estudos de viabilidade e os documentos jurídicos relativos à 7ª Rodada foram objeto de análise pelo TCU no TC 041.500/2021-0 e apreciados na sessão plenária de 1/6/2022, por meio do Acórdão 1.228/2022-TCU-Plenário;</p><p>Considerando que o representante questiona a modelagem do Bloco SP/MS/PA/MG, que agruparia aeroportos deficitários que não possuem sinergia entre si, bem como a existência de subsídios cruzados;</p><p>Considerando que a formação do Bloco SP/MS/PA/MG e a existência de subsídios cruzados foram ambos objetos de exame e deliberação, no âmbito do TC 041.500/2021-0;</p><p>Considerando que os questionamentos apresentados não se referem à irregularidade ou ilegalidade na condução do processo, mas a decisões de caráter discricionário do Ministério da Infraestrutura no âmbito da definição da política pública setorial, sujeitas a juízo de conveniência e oportunidade insuscetível de sindicabilidade pelo TCU;</p><p>Considerando que a concessão em blocos, compostos por aeroportos superavitários e deficitários, foi adotado desde a 5ª Rodada de Concessões, em 2018;</p><p>Considerando não ter sido apresentado indício de irregularidade, o que impede o conhecimento da representação;</p><p>Os Ministros do Tribunal de Contas da União, reunidos em Sessão do Plenário, ACORDAM, por unanimidade, quanto ao processo a seguir relacionado, com fundamento no art. 113, § 1º, da Lei 8.666/1993, c/c os arts. 17, § 1º, 143, inciso III, 235 e 237, inciso VII, do Regimento Interno do TCU, em não conhecer da presente representação, considerar prejudicado o exame da medida cautelar, encaminhar cópia desta deliberação ao representante, à Agência Nacional de Aviação Civil e ao Ministério da Infraestrutura, arquivando-se o processo, de acordo com os pareceres emitidos nos autos.</p><p>1. Processo TC-014.405/2022-9 (REPRESENTAÇÃO)</p><p>1.1. Órgão/Entidade: Agência Nacional de Aviação Civil.</p><p>1.2. Relator: Ministro Walton Alencar Rodrigues.</p><p>1.3. Representante do Ministério Público: não atuou.</p><p>1.4. Unidade Técnica: Secretaria de Fiscalização de Infraestrutura Rodoviária e de Aviação Civil (SeinfraRod).</p><p>1.5. Representação legal: Mayara Gasparoto Tonin (65886/OAB-PR), representando Associação Brasileira de Aviação Geral (Abag).</p><p>1.6. Determinações/Recomendações/Orientações: não há.</p><p>ACÓRDÃO Nº 1854/2022 - TCU - Plenário</p><p>Os Ministros do Tribunal de Contas da União, reunidos em sessão do Plenário, ACORDAM, por unanimidade, com fundamento nos art. 143, inciso V, alínea "d", do Regimento Interno do Tribunal de Contas da União, e no art. 54 da Resolução TCU 164/2003 c/c o enunciado 145 da Súmula de Jurisprudência predominante do Tribunal, em autorizar a Secretaria de Controle Externo competente a apostilar o Acórdão 1.724/2022-Plenário, para fins de correção de inexatidão material na redação dos subitens 9.1 e 9.5, de acordo com os pareceres emitidos nos autos, nos termos abaixo:</p><p>Onde se lê:</p><p>"[...]</p><p>9.1. com base nos fundamentos expostos no voto condutor desta deliberação, responder ao exmo. Ministro Edson Fachin que este Tribunal de Contas da União não possui interesse em aderir ao acordo celebrado entre o Ministério Público Federal (MPF) e o Sr. Rodrigo Ferreira Lopes de Oliveira, de forma que promoverá o desentranhamento das declarações do referido responsável dos autos do TC 004.060/2015-2;</p><p>[...]</p><p>9.5. determinar à SeinfraOperações que promova o desentranhamento das declarações e evidências fornecidas pelo Sr. Rodrigo Ferreira Lopes da Silva dos autos do TC 004.060/2015-2."</p><p>Leia-se:</p><p>"[...]</p><p>9.1. com base nos fundamentos expostos no voto condutor desta deliberação, responder ao exmo. Ministro Edson Fachin que o Tribunal de Contas da União não possui interesse em aderir ao acordo celebrado entre o Ministério Público Federal (MPF) e o Sr. Rodrigo Ferreira Lopes de Oliveira, de forma que promoverá o desentranhamento das declarações do referido responsável dos autos do TC 004.060/2015-6;</p><p>[...]</p><p>9.5. determinar à SeinfraOperações que promova o desentranhamento das declarações e evidências fornecidas pelo Sr. Rodrigo Ferreira Lopes da Silva dos autos do TC 004.060/2015-6."</p><p>1. Processo TC-008.629/2022-6 (ADMINISTRATIVO)</p><p>1.1. Responsável: Identidade preservada (art. 55, caput, da Lei n. 8.443/1992).</p><p>1.2. Interessado: Identidade preservada (art. 55, caput, da Lei n. 8.443/1992).</p><p>1.3. Relator: Ministro Benjamin Zymler.</p><p>1.4. Representante do Ministério Público: Procuradora-Geral Cristina Machado da Costa e Silva (manifestação oral).</p><p>1.5. Representação legal: não há.</p><p>1.6. Determinações/Recomendações/Orientações: não há.</p><p>ACÓRDÃO Nº 1855/2022 - TCU - Plenário</p><p>Os Ministros do Tribunal de Contas da União, reunidos em sessão do Plenário, ACORDAM, por unanimidade, com fundamento nos arts. 1º, inciso II, e 43, inciso I, da Lei 8.443/1992, c/c os arts. 143, inciso III, 169, inciso III, 235 e 237, do Regimento Interno e art. 103, § 1º, da Resolução - TCU 259/2014, quanto ao processo a seguir relacionado, de acordo com os pareceres emitidos nos autos, conhecer da presente representação, considerá-la prejudicada, dar ciência desta decisão ao representante e ao Fundo Nacional de Desenvolvimento da Educação (FNDE), encaminhando-lhes cópia da peça 15 destes autos, e arquivar os presentes autos:</p><p>1. Processo TC-007.221/2022-3 (REPRESENTAÇÃO)</p><p>1.1. Órgão/Entidade: Prefeitura Municipal de Bayeux - PB.</p><p>1.2. Relator: Ministro Benjamin Zymler.</p><p>1.3. Representante do Ministério Público: não atuou.</p><p>1.4. Unidade Técnica: Secretaria de Controle Externo da Educação, da Cultura e do Desporto (SecexEduc).</p><p>1.5. Representação legal: não há.</p><p>1.6. Determinações/Recomendações/Orientações: não há.</p><p>ACÓRDÃO Nº 1856/2022 - TCU - Plenário</p><p>Considerando que o pregão eletrônico objeto desta representação foi revogado pela autoridade competente em 9/8/2022, sob a justificativa de que "foi concluído o processo de privatização da Eletronorte em 20.06.2022, desta forma, perdeu-se a fundamentação legal e torna-se necessária a revogação do certame" (vide espelho extraído do sistema Comprasnet à peça 27);</p><p>Considerando que, no tocante à jurisdição, a Centrais Elétricas do Norte do Brasil S/A (Eletronorte) é uma empresa controlada pela Eletrobras e esta estatal foi, de fato, privatizada em 17/6/2022;</p><p>Considerando que, a partir da data supracitada, a Eletronorte deixou de ser jurisdicionada deste Tribunal;</p><p>Considerando, porém, que a abertura da sessão pública atinente ao pregão em apreço ocorreu em momento anterior à privatização da empresa (7/3/2022), o que recomenda o conhecimento da presente representação, uma vez satisfeitos os satisfeitos demais os requisitos de admissibilidade;</p><p>Considerando a proposta da unidade técnica no sentido de considerar prejudicado o pedido de concessão de medida cautelar formulado pelo representante, por perda do seu objeto;</p><p>Os Ministros do Tribunal de Contas da União, reunidos em sessão Plenária, ACORDAM, por unanimidade, com fundamento nos arts. 143, inciso III, 235, 237, inciso VII, do Regimento Interno do Tribunal de Contas da União c/c o art. 103, § 1º, da Resolução TCU 259/2014, quanto ao processo a seguir relacionado, em conhecer da representação e considerá-la prejudicada, conforme pareceres uniformes emitidos nos autos, nos termos abaixo:</p><p>1. Processo TC-015.299/2022-8 (REPRESENTAÇÃO)</p><p>1.1. Entidade: Centrais Elétricas do Norte do Brasil S.A.</p><p>1.2. Relator: Ministro Benjamin Zymler</p><p>1.3. Representante do Ministério Público: não atuou</p><p>1.4. Unidade técnica: Secretaria de Controle Externo de Aquisições Logísticas (Selog)</p><p>1.5. Representação legal: Raphael Galvani (OAB/SC 19.540), Letícia Fernandes da Silva (OAB/SC 58.060) e outros</p><p>1.6. Determinações/Recomendações/Orientações:</p><p>1.6.1. considerar prejudicado o pedido de concessão de medida cautelar formulado pela representante, por perda de objeto;</p><p>1.6.2. dar ciência desta deliberação à representante e à Eletronorte; e</p><p>1.6.3. arquivar os presentes autos.</p><p>ACÓRDÃO Nº 1857/2022 - TCU - Plenário</p><p>Os Ministros do Tribunal de Contas da União, reunidos em sessão do Plenário, ACORDAM, por unanimidade, com fundamento nos arts. 1º, inciso II, e 43, inciso I, da Lei 8.443/1992, c/c os arts. 143, inciso III, 169, inciso IV, 235 e 237, do Regimento Interno e art. 103, § 1º, da Resolução - TCU 259/2014, quanto ao processo a seguir relacionado, de acordo com os pareceres emitidos nos autos, em:</p><p>1. Processo TC-025.825/2021-6 (REPRESENTAÇÃO)</p><p>1.1. Interessado: Q Card Cartao Eireli (19.616.565/0001-26).</p><p>1.2. Órgão/Entidade: Prefeitura Municipal de Campinaçu - GO.</p><p>1.3. Relator: Ministro Benjamin Zymler.</p><p>1.4. Representante do Ministério Público: não atuou.</p><p>1.5. Unidade Técnica: Secretaria de Controle Externo de Aquisições Logísticas (Selog).</p><p>1.6. Representação legal: Rafael Alcantara Alves de Almeida (36074/OAB-GO) e Jesse Alves de Almeida (10441/OAB-GO), representando Prefeitura Municipal de Campinaçu - GO; Marcelo Freitas de Lima, representando Q Card Cartao Eireli.</p><p>1.7. Determinações/Recomendações/Orientações: não há.</p><p>1.7.1. conhecer da representação, para, no mérito, considerá-la parcialmente procedente;</p><p>1.7.2. dar ciência a Prefeitura Municipal de Campinaçu/GO, com fundamento no art. 9º, inciso I da Resolução - TCU 315/2020, sobre as seguintes impropriedades/falhas, identificadas no Pregão Presencial 1/2021, para que sejam adotadas medidas internas com vistas à prevenção de outras ocorrências semelhantes:</p><p>1.7.2.1. aceitação de atestado de capacidade técnica com impropriedades, apresentado pela empresa Q Card Cartão - Eireli, sem constar o período em que ocorreu a correspondente prestação de serviços atestada e com data de emissão em 23/3/2021, portanto posteriormente à baixa da empresa emissora do documento, M. e M. Cursos e Livros Ltda., no cadastro de CNPJ da Receita Federal, ocorrida em 3/2/2021;</p><p>1.7.2.2. o subitem 11.1 do edital não estabeleceu as compatibilidades aceitáveis de serviços de gerenciamento de cartões, para fins de comprovação de capacidade técnica, descumprindo o disposto no art. 30, inc. II, da Lei 8.666/1993 e a jurisprudência do TCU, a exemplo dos Acórdãos 6.679/2014-1ª Câmara, 1.443/22014-Plenário, 2.033/2016-Plenário, 1.393/2017-Plenário e 18.144/2021-2ª Câmara; e</p><p>1.7.2.3. desobrigação de apresentação de balanço patrimonial, prevista no item 12.2 do edital, em desacordo com art. 31, inciso I, da Lei 8.666/1993 e à jurisprudência do TCU, a exemplo dos Acórdãos 5.221/2016-2ª Câmara e 8.330/2017-2ª Câmara, devendo os benefícios à participação de licitações concedidos às microempresas e empresas de pequeno porte serem aqueles estabelecidos pela Lei Complementar 123/2006;</p><p>1.7.3. encaminhar cópia da peça 69 destes autos à Prefeitura Municipal de Campinaçu/GO e à representante; e</p><p>1.7.4. arquivar os presentes autos.</p><p>1.6.3. encaminhar cópia deste acórdão e da instrução à peça 112 ao representante e à Prefeitura Municipal de Paulínia/SP.</p><p>1.6.4. arquivar os presentes autos.</p><p>ACÓRDÃO Nº 1858/2022 - TCU - Plenário</p><p>Trata-se de auditoria que teve por objetivo avaliar a conformidade na aquisição de medicamentos adquiridos por secretarias de saúde de municípios do Estado do Espírito Santo, com recursos oriundos do Ministério da Saúde, mediante transferências de recursos financeiros àquele ente estadual.</p><p>Considerando que, por intermédio do Acórdão 1.231/2022-TCU-Plenário, de minha relatoria, esta Corte determinou a autuação de dois processos de tomada de contas especiais, bem como autorizou as citações dos responsáveis pelos indícios de irregularidades identificados nestes autos, nos seguintes termos:</p><p>"9.3. determinar, com relação aos responsáveis do município de Barra de São Francisco/ES, nos termos do art. 47 da Lei 8.443/1992 c/c o art. 252 do Regimento Interno, a autuação de dois processos específicos de tomadas de contas especiais, sendo o primeiro deles referente às irregularidades relacionadas com a Distribuidora de Medicamentos Brasil Miracema Ltda. e o segundo, concernente às irregularidades indicadas para a Noromed Distribuidora de Medicamentos e Materiais Hospitalares;</p><p>9.4. autorizar, desde logo, as citações da Distribuidora de Medicamentos Brasil Miracema Ltda., em solidariedade com o Sr. Luciano Henrique Sordine Pereira, em um dos processos de TCE a ser autuado, bem como da Noromed Distribuidora de Medicamentos e Materiais Hospitalares, em solidariedade com o Sr. Luciano Henrique Sordine Pereira, no outro processo de TCE a ser autuado, conforme caracterizado no subitem 30 do Voto que antecede este Acórdão;"</p><p>Considerando que dois responsáveis - Noromed Distribuidora de Medicamentos e Materiais Hospitalares e Distribuidora de Medicamentos Brasil Miracema Ltda - apresentaram expedientes denominados recurso de reconsideração (peça 378) e pedido de reexame (peça 422) contra o Acórdão 1.231/2022-Plenário, respectivamente, às peças 378-421 e 422;</p><p>Considerando que não houve irregularidades no âmbito das comunicações efetivadas pelo Tribunal, sem prejuízo processual aos requerentes, os quais terão oportunidade de exercer o seu direito ao contraditório e à ampla defesa no tocante às irregularidades apontadas nos processos de tomadas de contas especial a serem instaurados;</p><p>Considerando que a conversão de processo em tomada de contas especial é medida preliminar, e que o contraditório e a ampla defesa em relação às irregularidades apontadas serão devidamente oportunizados a partir das citações a serem realizadas;</p><p>Considerando que as peças trazidas a estes autos pelos dois responsáveis (peças 378-421 e 442) poderão ser aproveitadas como defesa nos processos de tomadas de contas especiais a serem instaurados por esta Corte de Contas, bem como poderão ser trazidos, naqueles autos, outros elementos de defesa com vistas a rebater os indícios de irregularidades apontados na presente auditoria;</p><p>Considerando que, ressalvada a hipótese de embargos de declaração, não cabe recurso de decisão que rejeitar alegações de defesa, converter processo em tomada de contas especial ou determinar sua instauração, ou ainda que determinar a realização de citação, audiência, diligência ou fiscalização, nos termos do art. 279 do Regimento Interno do TCU;</p><p>Os Ministros do Tribunal de Contas da União ACORDAM, por unanimidade, com fundamento nos artigos 143, inciso IV, alínea "b", 278, § 2º, 279, do Regimento Interno do TCU, de acordo com os pareceres emitidos nos autos, em receber o expediente das partes como meras petições e dar seguimento ao cumprimento das deliberações do Acórdão 1.231/2022-TCU-Plenário.</p><p>1. Processo TC-018.124/2018-6 (RELATÓRIO DE AUDITORIA)</p><p>1.1. Responsáveis: Alex Wingler Lucas (031.996.767-07); Alexandre Marim Vieira (053.933.797-81); Altair Jose Borges (075.639.547-08); Arlindo Melo (421.130.087-34); Aureliano Ferreira de Souza (602.641.366-91); Comercial Cirurgica Rioclarense Ltda (67.729.178/0004-91); Distribuidora de Medicamentos Brasil Miracema Ltda (03.946.428/0001-10); Drogaria Girassol Ltda (05.292.565/0001-03); Erika Helena Lesqueves Galante (068.474.547-09); Esmael Nunes Loureiro (558.238.317-49); Felipe Ayub Fernandes (087.726.347-74); Gilcilene Morozini (135.064.257-65); Gina Guimaraes de Oliveira (098.475.867-48); Iuri Barbosa Santiago (147.732.517-43); Joana D Arc Alves Vilela (874.486.617-87); Joao Paulo da Silva (056.274.927-67); Luciano Ferreira Maciel (113.117.287-67); Luciano Henrique Sordine Pereira (002.950.257-86); Luciano de Paiva Alves (578.260.057-87); Maciel Ferreira Couto (031.620.557-50); Marcio Lopes Porto (043.762.847-77); Medical Farma Produtos Farmacêuticos Ltda (05.343.026/0001-56); Michele Barros Gusmao Bissoli (135.231.077-50); Mirela Sossai Zerbone Soares (085.323.157-55); Noromed Distribuidora de Medicamentos e Materiais Hospitalares Ltda (12.391.412/0001-89); Romero Cordeiro (459.007.606-34); Ronildo Hilario Gomes (940.938.737-04); Thales Moreno Geao (663.502.477-87); Valmir Fanti (303.655.707-53); Whester Junior Faria Matos (009.656.127-08).</p><p>1.2. Recorrentes: Noromed Distribuidora de Medicamentos e Materiais Hospitalares Ltda (12.391.412/0001-89); Distribuidora de Medicamentos Brasil Miracema Ltda (03.946.428/0001-10).</p><p>1.3. Órgãos/Entidades: Municípios do Estado do Espírito Santo (78 Municípios).</p><p>1.4. Interessado: Ministério da Saúde.</p><p>1.5. Relator: Ministro Augusto Nardes.</p><p>1.6. Representante do Ministério Público: não atuou.</p><p>1.7. Unidade Técnica: Secretaria de Recursos (Serur).</p><p>1.8. Representação legal:</p><p>1.8.1. Arlindo Melo (3.521/OAB-ES), representando Romero Cordeiro;</p><p>1.8.2. Arlindo Melo (3.521/OAB-ES), representando Gilcilene Morozini;</p><p>1.8.3. Angelo Borges da Cruz (143.113/OAB-RJ), Elizandra Iezze (135.616/OAB-RJ) e outros, representando Distribuidora de Medicamentos Brasil Miracema Ltda;</p><p>1.8.4. Larissa Faria Meleip (7467/OAB-ES), representando Luciano de Paiva Alves;</p><p>Arlindo Melo (3.521/OAB-ES), representando Alexandre Marim Vieira;</p><p>1.8.5. Wilson Pereira Santiago (24.548/OAB-ES), representando Marcio Lopes Porto;</p><p>1.8.7. Arlindo Melo (3.521/OAB-ES), representando Esmael Nunes Loureiro;</p><p>1.8.8. Nilton Cesar Rangel Martins Junior (25972/OAB-ES), representando Mirela Sossai Zerbone Soares;</p><p>1.8.9. Wilson Pereira Santiago (24.548/OAB-ES) e Bruno de Oliveira Santiago (27.762/OAB-ES), representando Iuri Barbosa Santiago;</p><p>1.8.10. Augusto Barbosa (281.394/OAB-SP), Benedito Ferreira de Campos Filho (167058/OAB-SP) e outros, representando Comercial Cirurgica Rioclarense Ltda.</p><p>1.9. Determinações/Recomendações/Orientações: não há.</p><p>ACÓRDÃO Nº 1859/2022 - TCU - Plenário</p><p>Considerando que esta Corte de Contas, por meio do Acórdão 824/2019 - TCU - 2ª Câmara, resolveu julgar irregulares as contas dos Srs. Esmerino Oliveira Arruda Coelho (falecido - gestão: 2009-2012) e Hélio Fontenele Magalhães, condenando-os em débito e aplicando-lhes multa;</p><p>considerando que neste momento o Espólio do responsável Esmerino Oliveira Arruda Coelho, representado por Iná Cristina Arruda Miranda, ingressa com recurso de revisão (R001 - peças 140 a 147 dos autos);</p><p>considerando que, conforme exposto no exame preliminar efetuado pela Serur, com o qual concordou o Ministério Público junto a esta Corte, a peça recursal apresentada contra o Acórdão 824/2019 - TCU - 2ª Câmara não preenche os requisitos específicos exigidos para a admissão de recurso de revisão, previstos nos incisos do artigo 35 da Lei Orgânica do TCU;</p><p>considerando que o recorrente limita-se, essencialmente, a invocar hipótese legal compatível com o recurso de revisão, sem, contudo, satisfazê-la materialmente e sem apresentar qualquer documento novo superveniente capaz de afastar as irregularidades que motivaram a reprovação de suas contas;</p><p>ACORDAM os ministros do Tribunal de Contas da União, reunidos em sessão de Plenário, com fundamento nos artigos 35 da Lei 8.443/92; 143, inciso IV, alínea "b" e § 3º, e 278, § 2º, do Regimento Interno, em não conhecer do recurso de revisão interposto pelo Espólio do responsável Esmerino Oliveira Arruda Coelho, e em determinar seja comunicado ao interessado o teor da presente deliberação, juntamente com reprodução do exame de admissibilidade efetuado pela Secretaria de Recursos.</p><p>1. Processo TC-016.913/2014-0 (TOMADA DE CONTAS ESPECIAL)</p><p>1.1. Apensos: 036.940/2019-4 (COBRANÇA EXECUTIVA); 036.941/2019-0 (COBRANÇA EXECUTIVA)</p><p>1.2. Responsáveis: Esmerino Oliveira Arruda Coelho (000.227.217-20); Esmerino Oliveira Arruda Coelho Junior (020.428.407-42); Hélio Fontenele Magalhães (307.158.223-49); Joao Jose dos Santos (259.112.362-49).</p><p>1.3. Recorrente: Iná Cristina Arruda Miranda (317.165.557-87).</p><p>1.4. Órgão/Entidade: Prefeitura Municipal de Granja - CE.</p><p>1.5. Relator: Ministro Aroldo Cedraz.</p><p>1.6. Representante do Ministério Público: Procurador Rodrigo Medeiros de Lima.</p><p>1.7. Relator da deliberação recorrida: Ministro-Substituto André Luís de Carvalho</p><p>1.8. Unidades Técnicas: Secretaria de Recursos (Serur); Secretaria de Controle Externo de Tomada de Contas Especial (SecexTCE).</p><p>1.9. Representação legal: Eugenio Duarte Vasques (16040/OAB-CE), Diego Monteiro Maciel Lima (24142/OAB-CE) e outros, representando Hélio Fontenele Magalhães; Gustavo de Alencar e Vicentino (20987/OAB-CE), Wilson da Silva Vicentino (12844/OAB-CE) e outros, representando Esmerino Oliveira Arruda Coelho Junior; Wilson da Silva Vicentino (12844/OAB-CE), representando Iná Cristina Arruda Miranda.</p><p>1.10. Determinações/Recomendações/Orientações: não há.</p><p>ACÓRDÃO Nº 1860/2022 - TCU - Plenário</p><p>Considerando o pedido de autorização da unidade técnica para que o monitoramento das deliberações do Acórdão 2.331/2020-TCU-Plenário, proferido no presente acompanhamento, possa ser realizado no âmbito do TC 007.802/2022-6, da relatoria do Exmo. Ministro Vital do Rêgo;</p><p>Considerando que, nos termos do art. 4º, inciso IV, da Portaria Segecex 27, de 19/10/2009, a realização de monitoramento pode ocorrer em processo de acompanhamento quando "a verificação do cumprimento das deliberações for compatível com o objeto fiscalizado e essa inclusão for oportuna e vantajosa, a critério da unidade técnica";</p><p>Considerando o fato de as deliberações do aresto em tela tratarem dos resultados do 5º ciclo da Fiscalização Contínua de Folhas de Pagamento e do objeto do TC 007.802/2022-6 corresponder ao 8º ciclo da mesma ação de controle, estando presentes os requisitos de compatibilidade de objeto e de vantajosidade que justificam o monitoramento em conjunto com as ações do acompanhamento em curso;</p><p>ACORDAM os ministros do Tribunal de Contas da União, reunidos em sessão de Plenário, com fundamento nos arts. 143, inciso III, 157 e 169, inciso I, todos do Regimento Interno/TCU, assim como no art. 4º, inciso IV, da Portaria Segecex 27, de 19/10/2009, em realizar o monitoramento das deliberações do Acórdão 2.331/2020-TCU-Plenário em conjunto com os procedimentos em curso no TC 007.802/2022-6, apensando os presentes autos àqueles.</p><p>1. Processo TC-022.202/2019-6 (ACOMPANHAMENTO)</p><p>1.1. Órgãos/Entidades: Advocacia-Geral da União; Agência Brasileira de Inteligência; Agência Brasileira Gestora de Fundos Garantidores e Garantias S.A.; Agência Espacial Brasileira; Agência Especial de Financiamento Industrial; Agência Nacional de Águas e Saneamento Básico; Agência Nacional de Aviação Civil; Agência Nacional de Energia Elétrica; Agência Nacional de Mineração; Agência Nacional de Saúde Suplementar; Agência Nacional de Telecomunicações; Agência Nacional de Transportes Aquaviários; Agência Nacional de Transportes Terrestres; Agência Nacional de Vigilância Sanitária; Agência Nacional do Cinema; Agência Nacional do Petróleo, Gás Natural e Biocombustíveis; Amazonas Distribuidora de Energia S.A. (privatizada); Amazonas Geração e Transmissão de Energia S.A.; Amazônia Azul Tecnologias de Defesa S.A.; Autoridade de Governança do Legado Olímpico; Autoridade Portuária de Santos S.A; Banco Central do Brasil; Banco da Amazônia S.A.; Banco do Brasil S.A.; Banco do Nordeste do Brasil S.A.; Banco Nacional de Desenvolvimento Econômico e Social; Caixa de Financiamento Imobiliário da Aeronáutica; Caixa Econômica Federal; Câmara dos Deputados; Casa da Moeda do Brasil; Centrais de Abastecimento de Minas Gerais S.A.; Centrais Elétricas Brasileiras S.A. - Eletrobras Estabelecimentos Unificados; Centrais Elétricas do Norte do Brasil S.A.; Centro Federal de Educação Tecnológica Celso Suckow da Fonseca; Centro Federal de Educação Tecnológica de Minas Gerais; Centro Nacional de Tecnologia Eletrônica Avançada S.A; Colégio Pedro II; Comando da Aeronáutica; Comando da Marinha; Comando do Exército; Comissão de Valores Mobiliários; Comissão Nacional de Energia Nuclear; Companhia Brasileira de Trens Urbanos; Companhia das Docas do Estado da Bahia; Companhia de Armazéns e Silos do Estado de Minas Gerais; Companhia de Desenvolvimento dos Vales do São Francisco e do Parnaíba; Companhia de Eletricidade do Acre (privatizada); Companhia de Entrepostos e Armazéns Gerais de São Paulo; Companhia de Geração e Transmissão de Energia Elétrica do Sul do Brasil; Companhia de Pesquisa de Recursos Minerais; Companhia Docas do Ceará; Companhia Docas do Espírito Santo; Companhia Docas do Maranhão; Companhia Docas do Pará; Companhia Docas do Rio de Janeiro; Companhia Docas do Rio Grande do Norte; Companhia Energética do Piauí (privatizada); Companhia Hidro Elétrica do São Francisco; Companhia Nacional de Abastecimento; Conselho Administrativo de Defesa Econômica; Conselho da Justiça Federal; Conselho de Arquitetura e Urbanismo do Rio Grande do Sul; Conselho de Arquitetura e Urbanismo do Brasil; Conselho de Arquitetura e Urbanismo do Distrito Federal; Conselho de Arquitetura e Urbanismo do Estado da Bahia; Conselho de Arquitetura e Urbanismo do Estado de Mato Grosso; Conselho de Arquitetura e Urbanismo do Estado de Minas Gerais; Conselho de Arquitetura e Urbanismo do Estado de Pernambuco; Conselho de Arquitetura e Urbanismo do Estado de Roraima; Conselho de Arquitetura e Urbanismo do Estado de Santa Catarina; Conselho de Arquitetura e Urbanismo do Estado de São Paulo; Conselho de Arquitetura e Urbanismo do Estado do Amapá; Conselho de Arquitetura e Urbanismo do Estado do Ceará; Conselho de Arquitetura e Urbanismo do Estado do Maranhão; Conselho de Arquitetura e Urbanismo do Estado do Paraná; Conselho de Arquitetura e Urbanismo do Estado do Piauí; Conselho de Arquitetura e Urbanismo do Estado do Rio Grande do Norte; Conselho de Arquitetura e Urbanismo do Estado Rio de Janeiro; Conselho Federal de Administração; Conselho Federal de Biologia; Conselho Federal de Biomedicina; Conselho Federal de Contabilidade; Conselho Federal de Corretores de Imóveis; Conselho Federal de Economia; Conselho Federal de Educação Física; Conselho Federal de Enfermagem; Conselho Federal de Engenharia e Agronomia; Conselho Federal de Farmácia; Conselho Federal de Fisioterapia e Terapia Ocupacional; Conselho Federal de Fonoaudiologia; Conselho Federal de Medicina; Conselho Federal de Medicina Veterinária; Conselho Federal de Nutricionistas; Conselho Federal de Odontologia; Conselho Federal de Psicologia; Conselho Federal de Química; Conselho Federal de Representantes Comerciais; Conselho Federal de Serviço Social; Conselho Nacional de Desenvolvimento Científico e Tecnológico; Conselho Nacional de Justiça; Conselho Nacional de Técnicos Em Radiologia; Conselho Nacional do Ministério Público; Conselho Nacional do Ministério Público (excluído); Conselho Regional de Administração da Bahia; Conselho Regional de Administração de Goiás; Conselho Regional de Administração de Minas Gerais; Conselho Regional de Administração de Pernambuco; Conselho Regional de Administração de Rondônia; Conselho Regional de Administração de Roraima; Conselho Regional de Administração de Santa Catarina; Conselho Regional de Administração de São Paulo; Conselho Regional de Administração do Maranhão; Conselho Regional de Administração do Pará; Conselho Regional de Administração do Piauí; Conselho Regional de Administração do Rio Grande do Sul; Conselho Regional de Administração do Tocantins; Conselho Regional de Biblioteconomia 15ª Região (PB e RN); Conselho Regional de Biblioteconomia 2ª Região (PA, AP e TO); Conselho Regional de Biblioteconomia 6ª Região (MG e ES); Conselho Regional de Biblioteconomia 9ª Região (PR); Conselho Regional de Biologia - 2ª Região (RJ e ES); Conselho Regional de Biologia - 3ª Região (RS e SC); Conselho Regional de Biologia - 4ª Região (MG, DF, GO, TO); Conselho Regional de Biomedicina - 1ª Região (ES, MS, RJ, SP); Conselho Regional de Biomedicina - 2ª Região (PE, BA, AL, SE, RN, CE, PI, PB, MA); Conselho Regional de Biomedicina - 4ª Região (PA, AM, AP, RR, AC, RO); Conselho Regional de Biomedicina - 5ª Região (RS e SC); Conselho Regional de Biomedicina - 6a Região (PR); Conselho Regional de Biomedicina -3ª Região (GO, DF, MG, MT, TO); Conselho Regional de Contabilidade do Distrito Federal; Conselho Regional de Contabilidade do Estado de Mato Grosso; Conselho Regional de Contabilidade do Estado de Minas Gerais; Conselho Regional de Contabilidade do Estado de Pernambuco; Conselho Regional de Contabilidade do Estado de Rondônia; Conselho Regional de Contabilidade do Estado de Roraima; Conselho Regional de Contabilidade do Estado de São Paulo; Conselho Regional de Contabilidade do Estado de Sergipe; Conselho Regional de Contabilidade do Estado do Acre; Conselho Regional de Contabilidade do Estado do Amapá; Conselho Regional de Contabilidade do Estado do Amazonas; Conselho Regional de Contabilidade do Estado do Ceará; Conselho Regional de Contabilidade do Estado do Espírito Santo; Conselho Regional de Contabilidade do Estado do Maranhão; Conselho Regional de Contabilidade do Estado do Pará; Conselho Regional de Contabilidade do Estado do Paraná; Conselho Regional de Contabilidade do Estado do Piauí; Conselho Regional de Contabilidade do Estado do Rio Grande do Norte; Conselho Regional de Contabilidade do Estado do Rio Grande do Sul; Conselho Regional de Corretores de Imóveis 13ª Região (ES); Conselho Regional de Corretores de Imóveis 14ª Região (MS); Conselho Regional de Corretores de Imóveis 16ª Região (se); Conselho Regional de Corretores de Imóveis 19ª Região (MT); Conselho Regional de Corretores de Imóveis 2ª Região (SP); Conselho Regional de Corretores de Imóveis 20ª Região (MA); Conselho Regional de Corretores de Imóveis 24ª Região (RO); Conselho Regional de Corretores de Imóveis 3ª Região (RS); Conselho Regional de Corretores de Imóveis 4ª Região (MG); Conselho Regional de Corretores de Imóveis 9ª Região (BA); Conselho Regional de Economia 1ª Região (RJ); Conselho Regional de Economia 10ª Região (MG); Conselho Regional de Economia 15ª Região (MA); Conselho Regional de Economia 24ª Região (RO); Conselho Regional de Educação Física da 10ª Região (PB); Conselho Regional de Educação Física da 12ª Região (PE); Conselho Regional de Educação Física da 13ª Região (BA); Conselho Regional de Educação Física da 14ª Região (GO, TO); Conselho Regional de Educação Física da 15ª Região (PI); Conselho Regional de Educação Física da 16ª Região (RN); Conselho Regional de Educação Física da 17ª Região (MT); Conselho Regional de Educação Física da 2ª Região (RS); Conselho Regional de Educação Física da 20ª Região (SE); Conselho Regional de Educação Física da 4ª Região (SP); Conselho Regional de Educação Física da 6ª Região (MG); Conselho Regional de Educação Física da 7ª Região (DF); Conselho Regional de Educação Física da 8ª Região (AM, AC, RO, RR); Conselho Regional de Educação Física da 9ª Região (PR); Conselho Regional de Enfermagem da Bahia; Conselho Regional de Enfermagem da Paraíba; Conselho Regional de Enfermagem de Alagoas; Conselho Regional de Enfermagem de Goiás; Conselho Regional de Enfermagem de Minas Gerais; Conselho Regional de Enfermagem de Pernambuco; Conselho Regional de Enfermagem de Rondônia; Conselho Regional de Enfermagem de Roraima; Conselho Regional de Enfermagem de Santa Catarina; Conselho Regional de Enfermagem de São Paulo; Conselho Regional de Enfermagem de Tocantins; Conselho Regional de Enfermagem do Acre; Conselho Regional de Enfermagem do Ceará; Conselho Regional de Enfermagem do Distrito Federal; Conselho Regional de Enfermagem do Espírito Santo; Conselho Regional de Enfermagem do Maranhão; Conselho Regional de Enfermagem do Mato Grosso; Conselho Regional de Enfermagem do Mato Grosso do Sul; Conselho Regional de Enfermagem do Pará; Conselho Regional de Enfermagem do Paraná; Conselho Regional de Enfermagem do Piauí; Conselho Regional de Enfermagem do Rio Grande do Norte; Conselho Regional de Enfermagem do Rio Grande do Sul; Conselho Regional de Engenharia e Agronomia de Goiás; Conselho Regional de Engenharia e Agronomia do Distrito Federal; Conselho Regional de Engenharia e Agronomia do Estado Minas Gerais; Conselho Regional de Engenharia e Agronomia do Estado da Bahia; Conselho Regional de Engenharia e Agronomia do Estado de Mato Grosso; Conselho Regional de Engenharia e Agronomia do Estado de Mato Grosso do Sul; Conselho Regional de Engenharia e Agronomia do Estado de Pernambuco; Conselho Regional de Engenharia e Agronomia do Estado de Rondônia; Conselho Regional de Engenharia e Agronomia do Estado de Santa Catarina; Conselho Regional de Engenharia e Agronomia do Estado de São Paulo; Conselho Regional de Engenharia e Agronomia do Estado de Sergipe; Conselho Regional de Engenharia e Agronomia do Estado de Tocantins; Conselho Regional de Engenharia e Agronomia do Estado do Acre; Conselho Regional de Engenharia e Agronomia do Estado do Amapá; Conselho Regional de Engenharia e Agronomia do Estado do Ceará; Conselho Regional de Engenharia e Agronomia do Estado do Espírito Santo; Conselho Regional de Engenharia e Agronomia do Estado do Maranhão; Conselho Regional de Engenharia e Agronomia do Estado do Pará; Conselho Regional de Engenharia e Agronomia do Estado do Piauí; Conselho Regional de Engenharia e Agronomia do Estado do Rio de Janeiro; Conselho Regional de Engenharia e Agronomia do Estado do Rio Grande do Norte; Conselho Regional de Engenharia e Agronomia do Paraná; Conselho Regional de Farmácia do Distrito Federal; Conselho Regional de Farmácia do Estado da Bahia; Conselho Regional de Farmácia do Estado de Goiás; Conselho Regional de Farmácia do Estado de Minas Gerais; Conselho Regional de Farmácia do Estado de Pernambuco; Conselho Regional de Farmácia do Estado de Rondônia; Conselho Regional de Farmácia do Estado de Roraima; Conselho Regional de Farmácia do Estado de Santa Catarina; Conselho Regional de Farmácia do Estado de São Paulo; Conselho Regional de Farmácia do Estado de Sergipe; Conselho Regional de Farmácia do Estado do Acre; Conselho Regional de Farmácia do Estado do Amapá; Conselho Regional de Farmácia do Estado do Ceará; Conselho Regional de Farmácia do Estado do Espírito Santo; Conselho Regional de Farmácia do Estado do Maranhão; Conselho Regional de Farmácia do Estado do Pará; Conselho Regional de Farmácia do Estado do Paraná; Conselho Regional de Farmácia do Estado do Piauí; Conselho Regional de Farmácia do Estado do Rio de Janeiro; Conselho Regional de Farmácia do Estado do Rio Grande do Norte; Conselho Regional de Farmácia do Estado do Rio Grande do Sul; Conselho Regional de Farmácia do Estado do Tocantins; Conselho Regional de Fisioterapia e Terapia Ocupacional da 1ª Região (PE, RN, AL, PB); Conselho Regional de Fisioterapia e Terapia Ocupacional da 12ª Região (PA, MA, AM, TO, RR, AP); Conselho Regional de Fisioterapia e Terapia Ocupacional da 13ª Região (MS); Conselho Regional de Fisioterapia e Terapia Ocupacional da 16ª Região (MA); Conselho Regional de Fisioterapia e Terapia Ocupacional da 3ª Região (SP); Conselho Regional de Fisioterapia e Terapia Ocupacional da 4ª Região (MG); Conselho Regional de Fisioterapia e Terapia Ocupacional da 5ª Região (RS); Conselho Regional de Fisioterapia e Terapia Ocupacional da 7ª Região (BA); Conselho Regional de Fisioterapia e Terapia Ocupacional da 8ª Região (PR); Conselho Regional de Fisioterapia e Terapia Ocupacional da 9ª Região (MT, AC, RO); Conselho Regional de Fonoaudiologia 1ª Região (RJ); Conselho Regional de Fonoaudiologia 2ª Região (SP); Conselho Regional de Fonoaudiologia 6ª Região (MG, ES); Conselho Regional de Fonoaudiologia 7ª Região (RS); Conselho Regional de Medicina do Distrito Federal; Conselho Regional de Medicina do Estado da Bahia; Conselho Regional de Medicina do Estado da Paraíba; Conselho Regional de Medicina do Estado de Alagoas; Conselho Regional de Medicina do Estado de Goiás; Conselho Regional de Medicina do Estado de Mato Grosso; Conselho Regional de Medicina do Estado de Minas Gerais; Conselho Regional de Medicina do Estado de Rondônia; Conselho Regional de Medicina do Estado de Roraima; Conselho Regional de Medicina do Estado de São Paulo; Conselho Regional de Medicina do Estado de Sergipe; Conselho Regional de Medicina do Estado de Tocantins; Conselho Regional de Medicina do Estado do Acre; Conselho Regional de Medicina do Estado do Amapá; Conselho Regional de Medicina do Estado do Espírito Santo; Conselho Regional de Medicina do Estado do Maranhão; Conselho Regional de Medicina do Estado do Pará; Conselho Regional de Medicina do Estado do Paraná; Conselho Regional de Medicina do Estado do Rio de Janeiro; Conselho Regional de Medicina do Estado do Rio Grande do Norte; Conselho Regional de Medicina do Estado do Rio Grande do Sul; Conselho Regional de Medicina Veterinária do Estado do Pará; Conselho Regional de Medicina Veterinária do Estado da Bahia; Conselho Regional de Medicina Veterinária do Estado de Goiás; Conselho Regional de Medicina Veterinária do Estado de Mato Grosso do Sul; Conselho Regional de Medicina Veterinária do Estado de Minas Gerais; Conselho Regional de Medicina Veterinária do Estado de Pernambuco; Conselho Regional de Medicina Veterinária do Estado de Rondônia; Conselho Regional de Medicina Veterinária do Estado de São Paulo; Conselho Regional de Medicina Veterinária do Estado de Sergipe; Conselho Regional de Medicina Veterinária do Estado do Amapá; Conselho Regional de Medicina Veterinária do Estado do Espírito Santo; Conselho Regional de Medicina Veterinária do Estado do Maranhão; Conselho Regional de Medicina Veterinária do Estado do Mato Grosso; Conselho Regional de Medicina Veterinária do Estado do Piauí; Conselho Regional de Medicina Veterinária do Estado do Rio de Janeiro; Conselho Regional de Medicina Veterinária do Estado do Rio Grande do Norte; Conselho Regional de Nutricionista 6ª Região (AL, CE, MA, PB, PE, PI e RN); Conselho Regional de Nutricionistas 2ª Região (RS); Conselho Regional de Nutricionistas 3ª Região (SP e MS); Conselho Regional de Nutricionistas 4ª Região (ES e RJ); Conselho Regional de Nutricionistas 7ª Região (AC, AM, AP, PA, RO e RR); Conselho Regional de Odontologia da Bahia; Conselho Regional de Odontologia da Paraíba; Conselho Regional de Odontologia de Alagoas; Conselho Regional de Odontologia de Goiás; Conselho Regional de Odontologia de Minas Gerais; Conselho Regional de Odontologia de Pernambuco; Conselho Regional de Odontologia de Roraima; Conselho Regional de Odontologia de Santa Catarina; Conselho Regional de Odontologia de São Paulo; Conselho Regional de Odontologia do Amapá; Conselho Regional de Odontologia do Distrito Federal; Conselho Regional de Odontologia do Espírito Santo; Conselho Regional de Odontologia do Maranhão; Conselho Regional de Odontologia do Mato Grosso; Conselho Regional de Odontologia do Paraná; Conselho Regional de Odontologia do Rio de Janeiro; Conselho Regional de Odontologia do Rio Grande do Norte; Conselho Regional de Psicologia 10ª Região (PA e AP); Conselho Regional de Psicologia 11ª Região (CE); Conselho Regional de Psicologia 12ª Região (SC); Conselho Regional de Psicologia 19ª Região (SE); Conselho Regional de Psicologia 20ª Região (AM e RR); Conselho Regional de Psicologia 22ª Região (MA); Conselho Regional de Psicologia 5ª Região (RJ); Conselho Regional de Psicologia 6ª Região (SP); Conselho Regional de Psicologia 9ª Região (GO); Conselho Regional de Química II Região (MG); Conselho Regional de Química IV Região (SP); Conselho Regional de Química IX Região (PR); Conselho Regional de Química VII Região (BA); Conselho Regional de Química XI Região (MA); Conselho Regional de Química XII Região (GO, TO e DF); Conselho Regional de Química XIV Região (AM, AC, RO e RR); Conselho Regional de Química XIX Região (PB); Conselho Regional de Química XVII Região (AL); Conselho Regional de Química XVIII Região (PI); Conselho Regional de Representantes Comerciais do Estado de Pernambuco; Conselho Regional de Representantes Comerciais do Estado de Rondônia; Conselho Regional de Representantes Comerciais do Estado de Sergipe; Conselho Regional de Representantes Comerciais do Estado do Pará; Conselho Regional de Representantes Comerciais do Estado do Piauí; Conselho Regional de Representantes Comerciais do Estado do Rio de Janeiro; Conselho Regional de Representantes Comerciais do Estado São Paulo; Conselho Regional de Serviço Social 1ª Região (PA); Conselho Regional de Serviço Social 11ª Região (PR); Conselho Regional de Serviço Social 12ª Região (SC); Conselho Regional de Serviço Social 13ª Região (PB); Conselho Regional de Serviço Social 16ª Região (AL); Conselho Regional de Serviço Social 2ª Região (MA); Conselho Regional de Serviço Social 22ª Região (PI); Conselho Regional de Serviço Social 23ª Região (RO); Conselho Regional de Serviço Social 4ª Região (PE); Conselho Regional de Serviço Social 5ª Região (BA); Conselho Regional de Serviço Social 6ª Região (MG); Conselho Regional de Serviço Social 9ª Região (SP); Conselho Regional de Técnicos Em Radiologia 1ª Região (DF); Conselho Regional de Técnicos Em Radiologia 13ª Região (ES); Conselho Regional de Técnicos Em Radiologia 14ª Região (AP e PA); Conselho Regional de Técnicos Em Radiologia 16ª Região (RN e PB); Conselho Regional de Técnicos Em Radiologia 3ª Região (MG); Conselho Regional de Técnicos Em Radiologia 4ª Região (RJ); Conselho Regional de Técnicos Em Radiologia 6ª Região (RS); Conselho Regional de Técnicos Em Radiologia 7ª Região (AL e SE); Conselho Regional de Técnicos Em Radiologia 8ª Região (BA); Controladoria-geral da União; Coordenação de Aperfeiçoamento de Pessoal de Nível Superior; Corpo de Bombeiros Militar do Distrito Federal; Defensoria Pública da União; Departamento de Centralização de Serviços de Inativos e Pensionistas; Departamento de Polícia Federal; Departamento de Polícia Rodoviária Federal; Departamento Nacional de Infraestrutura de Transportes; Departamento Nacional de Obras Contra As Secas; Departamento Nacional de Produção Mineral; Eletrobrás Distribuição Rondônia (privatizada); Eletrobrás Distribuição Roraima (privatizada); Eletrosul Centrais Elétricas S.A.; Empresa Brasil de Comunicação S.A.; Empresa Brasileira de Administração de Petróleo e Gás Natural S.A. Pré-sal Petróleo S.A - PPSA; Empresa Brasileira de Correios e Telégrafos - ECT; Empresa Brasileira de Hemoderivados e Biotecnologia; Empresa Brasileira de Infraestrutura Aeroportuária; Empresa Brasileira de Pesquisa Agropecuária; Empresa Brasileira de Planejamento de Transportes - MT; Empresa Brasileira de Serviços Hospitalares; Empresa de Navegação da Amazônia - MT (extinta); Empresa de Pesquisa Energética; Empresa de Planejamento e Logística S.A.; Empresa de Tecnologia e Informações da Previdência - Dataprev; Empresa de Trens Urbanos de Porto Alegre S.A.; Empresa Gerencial de Projetos Navais; Empresa Gestora de Ativos; Entidades/órgãos do Governo do Distrito Federal; Financiadora de Estudos e Projetos; Fundação Alexandre de Gusmão; Fundação Biblioteca Nacional; Fundação Casa de Rui Barbosa; Fundação Cultural Palmares; Fundação Escola Nacional de Administração Pública; Fundação Instituto Brasileiro de Geografia e Estatística; Fundação Instituto de Pesquisa Econômica Aplicada; Fundação Joaquim Nabuco; Fundação Jorge Duprat Figueiredo, de Segurança e Medicina do Trabalho; Fundação Nacional de Artes; Fundação Nacional de Saúde; Fundação Nacional do Índio; Fundação Osório; Fundação Oswaldo Cruz; Fundação Universidade de Brasília; Fundação Universidade do Amazonas; Fundação Universidade Federal da Grande Dourados; Fundação Universidade Federal de Ciências da Saúde de Porto Alegre; Fundação Universidade Federal de Mato Grosso; Fundação Universidade Federal de Mato Grosso do Sul; Fundação Universidade Federal de Ouro Preto; Fundação Universidade Federal de Rondônia; Fundação Universidade Federal de São Carlos; Fundação Universidade Federal de São João Del Rei; Fundação Universidade Federal de Sergipe; Fundação Universidade Federal de Uberlândia; Fundação Universidade Federal de Viçosa; Fundação Universidade Federal do ABC; Fundação Universidade Federal do Acre; Fundação Universidade Federal do Amapá; Fundação Universidade Federal do Maranhão; Fundação Universidade Federal do Pampa; Fundação Universidade Federal do Piauí; Fundação Universidade Federal do Rio Grande; Fundação Universidade Federal do Tocantins; Fundação Universidade Federal do Vale do São Francisco; Fundo Nacional de Desenvolvimento da Educação; Furnas Centrais Elétricas S.A.; Hospital de Clínicas de Porto Alegre; Hospital Nossa Senhora da Conceição S.A.; Indústria de Material Bélico do Brasil; Indústrias Nucleares do Brasil S.A.; Instituto Benjamim Constant; Instituto Brasileiro de Museus; Instituto Brasileiro de Turismo; Instituto Brasileiro do Meio Ambiente e dos Recursos Naturais Renováveis; Instituto Chico Mendes de Conservação da Biodiversidade; Instituto de Pesquisas do Jardim Botânico do Rio de Janeiro; Instituto do Patrimônio Histórico e Artístico Nacional - Iphan; Instituto Federal de Educação, Ciência e Tecnologia Farroupilha; Instituto Federal de Educação, Ciência e Tecnologia Baiano; Instituto Federal de Educação, Ciência e Tecnologia Catarinense; Instituto Federal de Educação, Ciência e Tecnologia da Bahia; Instituto Federal de Educação, Ciência e Tecnologia da Paraíba; Instituto Federal de Educação, Ciência e Tecnologia de Alagoas; Instituto Federal de Educação, Ciência e Tecnologia de Brasília; Instituto Federal de Educação, Ciência e Tecnologia de Goiás; Instituto Federal de Educação, Ciência e Tecnologia de Mato Grosso; Instituto Federal de Educação, Ciência e Tecnologia de Minas Gerais; Instituto Federal de Educação, Ciência e Tecnologia de Pernambuco; Instituto Federal de Educação, Ciência e Tecnologia de Rondônia; Instituto Federal de Educação, Ciência e Tecnologia de Roraima; Instituto Federal de Educação, Ciência e Tecnologia de Santa Catarina; Instituto Federal de Educação, Ciência e Tecnologia de São Paulo; Instituto Federal de Educação, Ciência e Tecnologia de Sergipe; Instituto Federal de Educação, Ciência e Tecnologia do Acre; Instituto Federal de Educação, Ciência e Tecnologia do Amapá; Instituto Federal de Educação, Ciência e Tecnologia do Amazonas; Instituto Federal de Educação, Ciência e Tecnologia do Ceará; Instituto Federal de Educação, Ciência e Tecnologia do Espírito Santo; Instituto Federal de Educação, Ciência e Tecnologia do Maranhão; Instituto Federal de Educação, Ciência e Tecnologia do Mato Grosso do Sul; Instituto Federal de Educação, Ciência e Tecnologia do Norte de Minas Gerais; Instituto Federal de Educação, Ciência e Tecnologia do Pará; Instituto Federal de Educação, Ciência e Tecnologia do Paraná; Instituto Federal de Educação, Ciência e Tecnologia do Piauí; Instituto Federal de Educação, Ciência e Tecnologia do Rio Grande do Sul; Instituto Federal de Educação, Ciência e Tecnologia do Rio de Janeiro; Instituto Federal de Educação, Ciência e Tecnologia do Rio Grande do Norte; Instituto Federal de Educação, Ciência e Tecnologia do Sertão Pernambucano; Instituto Federal de Educação, Ciência e Tecnologia do Sudeste de Minas Gerais; Instituto Federal de Educação, Ciência e Tecnologia do Sul de Minas Gerais; Instituto Federal de Educação, Ciência e Tecnologia do Tocantins; Instituto Federal de Educação, Ciência e Tecnologia do Triângulo Mineiro; Instituto Federal de Educação, Ciência e Tecnologia Fluminense; Instituto Federal de Educação, Ciência e Tecnologia Goiano; Instituto Federal de Educação, Ciência e Tecnologia Sul-rio-grandense; Instituto Nacional da Propriedade Industrial; Instituto Nacional de Colonização e Reforma Agrária; Instituto Nacional de Educação de Surdos; Instituto Nacional de Estudos e Pesquisas Educacionais Anísio Teixeira; Instituto Nacional de Metrologia, Qualidade e Tecnologia; Instituto Nacional do Seguro Social; Liquigás Distribuidora S.A. - Petrobras - MME; Ministério da Agricultura, Pecuária e Abastecimento; Ministério da Cidadania; Ministério da Ciência, Tecnologia, Inovações e Comunicações (extinto); Ministério da Cultura (extinta); Ministério da Defesa; Ministério da Economia; Ministério da Educação; Ministério da Fazenda (extinta); Ministério da Indústria, Comércio Exterior e Serviços (extinta); Ministério da Infraestrutura; Ministério da Integração Nacional (extinta); Ministério da Justiça e Segurança Pública; Ministério da Justiça (extinta); Ministério da Mulher, da Família e dos Direitos Humanos; Ministério da Pesca e Aquicultura (extinta); Ministério da Saúde; Ministério das Cidades (extinta); Ministério das Comunicações (extinto); Ministério das Relações Exteriores; Ministério de Minas e Energia; Ministério do Desenvolvimento Agrário (extinta); Ministério do Desenvolvimento Regional; Ministério do Desenvolvimento Social (extinta); Ministério do Esporte (extinta); Ministério do Meio Ambiente; Ministério do Planejamento, Desenvolvimento e Gestão (extinta); Ministério do Trabalho (extinta); Ministério do Turismo; Ministério dos Direitos Humanos (extinta); Ministério dos Transportes, Portos e Aviação Civil (extinta); Ministério Público da União; Ministério Público do Distrito Federal e dos Territórios; Ministério Público do Trabalho; Ministério Público Federal; Ministério Público Militar; Nuclebrás Equipamentos Pesados S.A.; Ordem dos Advogados do Brasil - Conselho Federal; Petrobras Distribuidora S.A. - MME; Petrobras Transporte S.A. - MME; Petróleo Brasileiro S.A.; Petroquímica União S.A. - MME; Polícia Civil do Distrito Federal; Polícia Militar do Distrito Federal; Presidência da República; Secretaria de Gestão e Desempenho de Pessoal; Senado Federal; Serviço Federal de Processamento de Dados; Superintendência da Zona Franca de Manaus; Superintendência de Desenvolvimento da Amazônia; Superintendência de Desenvolvimento do Nordeste; Superintendência de Seguros Privados; Superintendência do Desenvolvimento do Centro-oeste; Superintendência Nacional de Previdência Complementar; Superior Tribunal de Justiça; Superior Tribunal Militar; Supremo Tribunal Federal; Telecomunicações Brasileiras S.A.; Transportadora Bras. Gasoduto Bolívia-Brasil S.A. - Petrobras - MME; Tribunal de Contas da União; Tribunal de Justiça do Distrito Federal e dos Territórios; Tribunal Regional do Trabalho da 1ª Região/RJ; Tribunal Regional do Trabalho da 10ª Região/DF e TO; Tribunal Regional do Trabalho da 11ª Região/AM e RR; Tribunal Regional do Trabalho da 12ª Região/SC; Tribunal Regional do Trabalho da 13ª Região/PB; Tribunal Regional do Trabalho da 14ª Região/ac e RO; Tribunal Regional do Trabalho da 15ª Região - Campinas/SP; Tribunal Regional do Trabalho da 16ª Região/MA; Tribunal Regional do Trabalho da 17ª Região/ES; Tribunal Regional do Trabalho da 18ª Região/GO; Tribunal Regional do Trabalho da 19ª Região/AL; Tribunal Regional do Trabalho da 2ª Região/SP; Tribunal Regional do Trabalho da 20ª Região/SE; Tribunal Regional do Trabalho da 21ª Região/RN; Tribunal Regional do Trabalho da 22ª Região/PI; Tribunal Regional do Trabalho da 23ª Região/MT; Tribunal Regional do Trabalho da 24ª Região/MS; Tribunal Regional do Trabalho da 3ª Região/MG; Tribunal Regional do Trabalho da 4ª Região/RS; Tribunal Regional do Trabalho da 5ª Região/BA; Tribunal Regional do Trabalho da 6ª Região/PE; Tribunal Regional do Trabalho da 7ª Região/CE; Tribunal Regional do Trabalho da 8ª Região/PA e AP; Tribunal Regional do Trabalho da 9ª Região; Tribunal Regional Eleitoral da Bahia; Tribunal Regional Eleitoral da Paraíba; Tribunal Regional Eleitoral de Alagoas; Tribunal Regional Eleitoral de Goiás; Tribunal Regional Eleitoral de Minas Gerais; Tribunal Regional Eleitoral de Pernambuco; Tribunal Regional Eleitoral de Rondônia; Tribunal Regional Eleitoral de Roraima; Tribunal Regional Eleitoral de Santa Catarina; Tribunal Regional Eleitoral de São Paulo; Tribunal Regional Eleitoral do Acre; Tribunal Regional Eleitoral do Amapá; Tribunal Regional Eleitoral do Amazonas; Tribunal Regional Eleitoral do Ceará; Tribunal Regional Eleitoral do Distrito Federal; Tribunal Regional Eleitoral do Espírito Santo; Tribunal Regional Eleitoral do Maranhão; Tribunal Regional Eleitoral do Mato Grosso; Tribunal Regional Eleitoral do Mato Grosso do Sul; Tribunal Regional Eleitoral do Pará; Tribunal Regional Eleitoral do Paraná; Tribunal Regional Eleitoral do Piauí; Tribunal Regional Eleitoral do Rio de Janeiro; Tribunal Regional Eleitoral do Rio Grande do Norte; Tribunal Regional Eleitoral do Rio Grande do Sul; Tribunal Regional Eleitoral do Sergipe; Tribunal Regional Eleitoral do Tocantins; Tribunal Regional Federal da 1ª Região; Tribunal Regional Federal da 2ª Região; Tribunal Regional Federal da 3ª Região; Tribunal Regional Federal da 4ª Região; Tribunal Regional Federal da 5ª Região; Tribunal Superior do Trabalho; Tribunal Superior Eleitoral; Universidade da Integração Internacional da Lusofonia Afro-brasileira; Universidade Federal da Bahia; Universidade Federal da Fronteira Sul; Universidade Federal da Integração Latino-americana; Universidade Federal da Paraíba; Universidade Federal de Alagoas; Universidade Federal de Alfenas; Universidade Federal de Campina Grande; Universidade Federal de Goiás; Universidade Federal de Itajubá; Universidade Federal de Juiz de Fora; Universidade Federal de Lavras; Universidade Federal de Minas Gerais; Universidade Federal de Pelotas; Universidade Federal de Pernambuco; Universidade Federal de Roraima; Universidade Federal de Santa Catarina; Universidade Federal de Santa Maria; Universidade Federal de São Paulo; Universidade Federal do Cariri; Universidade Federal do Ceará; Universidade Federal do Espírito Santo; Universidade Federal do Estado do Rio de Janeiro; Universidade Federal do Oeste da Bahia; Universidade Federal do Oeste do Pará; Universidade Federal do Pará; Universidade Federal do Paraná; Universidade Federal do Recôncavo da Bahia; Universidade Federal do Rio de Janeiro; Universidade Federal do Rio Grande do Norte; Universidade Federal do Rio Grande do Sul; Universidade Federal do Sul da Bahia; Universidade Federal do Sul e Sudeste do Pará; Universidade Federal do Triângulo Mineiro; Universidade Federal dos Vales do Jequitinhonha e Mucuri; Universidade Federal Fluminense; Universidade Federal Rural da Amazônia; Universidade Federal Rural de Pernambuco; Universidade Federal Rural do Rio de Janeiro; Universidade Federal Rural do Semiárido; Universidade Tecnológica Federal do Paraná; Valec Engenharia Construções e Ferrovias S/A; Valec Engenharia, Construções e Ferrovias S.A. (filial RJ); Vice-presidência da República.</p><p>1.2. Relator: Ministro Aroldo Cedraz.</p><p>1.3. Representante do Ministério Público: não atuou.</p><p>1.4. Unidade Técnica: Secretaria de Fiscalização de Integridade de Atos e Pagamentos de Pessoal e de Benefícios Sociais (Sefip).</p><p>1.5. Representação legal: Ana Paula Barbosa de Sá (140.352/OAB-RJ), Lauro Luiz Studart Leão (121.055/OAB-RJ) e outros, representando Banco Nacional de Desenvolvimento Econômico e Social; Maria Paula Camargo de Freitas, Suelaine Brandao Caldas Sena e outros, representando Centrais Elétricas do Norte do Brasil S.A.; Ana Paula Barbosa de Sa (140.352/OAB-RJ), Lauro Luiz Studart Leão (121.055/OAB-RJ) e outros, representando Agência Especial de Financiamento Industrial; Daniel Andrade Fonseca, Mariana Félix Gonçalves de Mateus e outros, representando Agência Nacional de Telecomunicações; Jose Carlos Hoffman Cibin (30.343/OAB-ES) e Igor Pinheiro de Sant Anna (11.015/OAB-ES), representando Companhia Docas do Espírito Santo.</p><p>1.6. Determinações/Recomendações/Orientações: não há.</p>]]></Texto>
  </body>
  <Midias />
</article></xml>