﻿<xml><article id="27745453" name="Portaria-3920-2022" idOficio="9059286" pubName="DO1" artType="Portaria" pubDate="30/08/2022" artClass="00047:00043:00001:00000:00000:00000:00000:00000:00000:00000:00054:00000" artCategory="Poder Judiciário/Tribunal Regional do Trabalho da 4ª Região/Presidência" artSize="12" artNotes="" numberPage="407" pdfPage="http://pesquisa.in.gov.br/imprensa/jsp/visualiza/index.jsp?data=30/08/2022&amp;jornal=515&amp;pagina=407" editionNumber="165" highlightType="" highlightPriority="" highlight="" highlightimage="" highlightimagename="" idMateria="19842768">
  <body>
    <Identifica><![CDATA[ PORTARIA nº 3.920, de 25 de agosto de 2022]]></Identifica>
    <Data><![CDATA[]]></Data>
    <Ementa />
    <Titulo />
    <SubTitulo />
    <Texto><![CDATA[<p class="identifica">PORTARIA nº 3.920, de 25 de agosto de 2022</p><p>O PRESIDENTE DO TRIBUNAL REGIONAL DO TRABALHO DA 4ª REGIÃO, no uso de suas atribuições, e considerando o que consta no PROAD nº 6520/2022, resolve:</p><p>Art. 1º. Criar a ASSESSORIA DE PLANEJAMENTO E CONFORMIDADE, vinculando-a à SECRETARIA DE MANUTENÇÃO E PROJETOS;</p><p>Art. 2º. Transformar parte do saldo orçamentário proveniente da opção do servidor pela retribuição do cargo efetivo (Resolução CSJT nº 335/2022) em 1 (um) cargo em comissão de ASSESSOR-CHEFE DE PLANEJAMENTO E CONFORMIDADE-CJ1, vinculando-o à ASSESSORIA DE PLANEJAMENTO E CONFORMIDADE;</p><p>Art. 3º. Extinguir a função comissionada de ASSISTENTE-CHEFE DE SEÇÃO-FC04 da SEÇÃO DE PLANEJAMENTO;</p><p>Art. 4º. Extinguir a SEÇÃO DE PLANEJAMENTO, vinculada à SECRETARIA DE MANUTENÇÃO E PROJETOS;</p><p>Art. 5º. Extinguir a função comissionada de ASSISTENTE-CHEFE DE SEÇÃO-FC04 da SEÇÃO DE PROJETOS E EDIFICAÇÕES;</p><p>Art. 6º. Extinguir a SEÇÃO DE PROJETOS E EDIFICAÇÕES, vinculada à COORDENADORIA DE PROJETOS E EXECUÇÃO DE OBRAS E SERVIÇOS;</p><p>Art. 7º. Criar a DIVISÃO DE PROJETOS, vinculando-a à COORDENADORIA DE PROJETOS E EXECUÇÃO DE OBRAS E SERVIÇOS;</p><p>Art. 8º. Transformar parte do saldo orçamentário proveniente da opção do servidor pela retribuição do cargo efetivo (Resolução CSJT nº 335/2022) em 1 (um) cargo em comissão de CHEFE DE DIVISÃO DE MANUTENÇÃO E PROJETOS-CJ1, vinculando-o à DIVISÃO DE PROJETOS;</p><p>Art. 9º. Vincular à DIVISÃO DE PROJETOS, 2 (duas) funções comissionadas de ASSISTENTE-FC02, anteriormente vinculadas à SEÇÃO DE PROJETOS E EDIFICAÇÕES e à SEÇÃO DE FISCALIZAÇÃO DE OBRAS E SERVIÇOS;</p><p>Art. 10. Criar a COORDENADORIA DE MANUTENÇÃO PREDIAL, vinculando-a à SECRETARIA DE MANUTENÇÃO E PROJETOS;</p><p>Art. 11. Vincular à COORDENADORIA DE MANUTENÇÃO PREDIAL, 1 (uma) função comissionada de COORDENADOR-CJ2, anteriormente vinculada à COORDENADORIA DE MANUTENÇÃO E INSTALAÇÕES PREDIAIS;</p><p>Art. 12. Extinguir a COORDENADORIA DE MANUTENÇÃO E INSTALAÇÕES PREDIAIS, vinculada à SECRETARIA DE MANUTENÇÃO E PROJETOS;</p><p>Art. 13. Alterar a vinculação da SEÇÃO DE EDIFICAÇÕES E METALURGIA da COORDENADORIA DE MANUTENÇÃO E INSTALAÇÕES PREDIAIS para a COORDENADORIA DE MANUTENÇÃO PREDIAL;</p><p>Art. 14. Criar a SEÇÃO DE MARCENARIA, vinculando-a à COORDENADORIA DE MANUTENÇÃO PREDIAL;</p><p>Art. 15. Vincular à SEÇÃO DE MARCENARIA, 1 (uma) função comissionada de ASSISTENTE-CHEFE DE SEÇÃO-FC04, anteriormente vinculada à SEÇÃO DE MARCENARIA E CARPINTARIA;</p><p>Art. 16. Extinguir a SEÇÃO DE MARCENARIA E CARPINTARIA, vinculada à COORDENADORIA DE MANUTENÇÃO E INSTALAÇÕES PREDIAIS;</p><p>Art. 17. Criar a COORDENADORIA DE INSTALAÇÕES PREDIAIS, vinculando-a à SECRETARIA DE MANUTENÇÃO E PROJETOS;</p><p>Art. 18. Transformar parte do saldo orçamentário proveniente da opção do servidor pela retribuição do cargo efetivo (Resolução CSJT nº 335/2022) em 1 (um) cargo em comissão de COORDENADOR-CJ2, vinculando-o à COORDENADORIA DE INSTALAÇÕES PREDIAIS;</p><p>Art. 19. Alterar a vinculação da SEÇÃO DE INSTALAÇÕES MECÂNICAS e da SEÇÃO DE INSTALAÇÕES ELETROLÓGICAS da COORDENADORIA DE MANUTENÇÃO E INSTALAÇÕES PREDIAIS para a COORDENADORIA DE INSTALAÇÕES PREDIAIS;</p><p>Art. 20. Extinguir a função comissionada de ASSISTENTE-FC04 da SECRETARIA DE MANUTENÇÃO E PROJETOS;</p><p>Art. 21. Vincular à COORDENADORIA DE INSTALAÇÕES PREDIAIS, 1 (uma) função comissionada de ASSISTENTE-FC02, anteriormente vinculada à SEÇÃO DE INSTALAÇÕES ELETROLÓGICAS;</p><p>Art. 22. Esta Portaria entrará em vigor na data de sua publicação.</p><p class="assina">FRANCISCO ROSSAL DE ARAÚJO</p>]]></Texto>
  </body>
  <Midias />
</article></xml>