﻿<xml><article id="27741069" name="1. Port. nA 647 e 648 - Atos de " idOficio="9058625" pubName="DO1" artType="Portaria" pubDate="30/08/2022" artClass="00018:00001:00000:00000:00000:00000:00000:00000:00000:00000:00024:00018" artCategory="Ministério da Educação/Gabinete do Ministro" artSize="12" artNotes="" numberPage="186" pdfPage="http://pesquisa.in.gov.br/imprensa/jsp/visualiza/index.jsp?data=30/08/2022&amp;jornal=515&amp;pagina=186" editionNumber="165" highlightType="" highlightPriority="" highlight="" highlightimage="" highlightimagename="" idMateria="19841670">
  <body>
    <Identifica><![CDATA[ PORTARIA Nº 647, DE 25 DE AGOSTO DE 2022]]></Identifica>
    <Data><![CDATA[]]></Data>
    <Ementa />
    <Titulo />
    <SubTitulo />
    <Texto><![CDATA[<p class="identifica">PORTARIA Nº 647, DE 25 DE AGOSTO DE 2022</p><p>O MINISTRO DE ESTADO DA EDUCAÇÃO, no uso de suas atribuições, tendo em vista o art. 2º da Lei nº 9.131, de 24 de novembro de 1995; o art. 4º da Lei nº 10.870, de 19 de maio de 2004; o Decreto nº 9.235, de 15 de dezembro de 2017; as Portarias Normativas nº 20 e 23, republicadas em 3 de setembro de 2018 e em cumprimento à decisão judicial proferida nos autos da Ação Judicial nº 1047786-42.2020.4.01.3400, em trâmite perante a 2ª Vara Federal Cível da SJDF, conforme consta no Processo Administrativo nº 23000.024099/2020-92, resolve:</p><p>Art. 1º Homologar o Parecer nº 306/2016, da Câmara de Educação Superior do Conselho Nacional de Educação, referente ao processo e-MEC nº 201109532.</p><p>Art. 2º Recredenciar a Faculdade INED Rio Claro para a oferta de cursos superiores na modalidade a distância, com sede na Rodovia Washington Luiz, Km 171, chácara Lusa, no município de Rio Claro, no Estado de São Paulo, mantida pela UNIESP S.A, com sede na Rua Três de Dezembro, nº 38, centro, no município de São Paulo, no estado de São Paulo (CNPJ 19.347.410/0001-31).</p><p>Art. 3º As atividades presenciais serão desenvolvidas na sede da instituição e em polos EaD constantes do Cadastro e-MEC, em conformidade com o art. 16, do Decreto nº 9.057, de 25 de maio de 2017 e art. 12, da Portaria Normativa MEC nº 11, de 21 de junho de 2017.</p><p>Art. 4º O recredenciamento de que trata o art. 2º é válido pelo prazo de 3 (três) anos, conforme previsto na Portaria Normativa nº 1, de 3 de janeiro de 2017, do Ministério da Educação, ou até decisão judicial em sentido contrário.</p><p>Art. 5º Esta Portaria entra em vigor na data de sua publicação.</p><p>VICTOR GODOY VEIGA</p><p>PORTARIA Nº 648, DE 25 DE AGOSTO DE 2022</p><p>O MINISTRO DE ESTADO DA EDUCAÇÃO, no uso de suas atribuições, e tendo em vista o disposto no art. 2º da Lei nº 9.131, de 24 de novembro de 1995; no art. 4º da Lei nº 10.870, de 19 de maio de 2004; no Decreto nº 9.235, de 15 de dezembro de 2017; no Decreto n° 9.057, de 25 de maio de 2017; nas Portarias Normativas nº 20 e 23, republicadas em 3 de setembro de 2018, e na Portaria Normativa n° 11, de 20 de junho de 2017, e em cumprimento à decisão judicial proferida nos autos da Ação Judicial nº 5011351-80.2018.4.02.5101, em trâmite perante o Tribunal Regional Federal da 2ª Região, conforme consta no Processo Administrativo nº 00732.002190/2019-53, resolve:</p><p>Art. 1º Homologar o Parecer nº 657/2020, da Câmara de Educação Superior do Conselho Nacional de Educação, referente ao processo e-MEC nº 201906507.</p><p>Art. 2º Credenciar a Faculdade de Ciências Contábeis e de Administração de Empresas (FCCAE) para a oferta de cursos superiores na modalidade a distância, com sede na Avenida Ernani Cardoso, nº 335, Bairro Cascadura, no Município do Rio de Janeiro, no Estado do Rio de Janeiro, mantida pela Fundação Técnico Educacional Souza Marques, com sede no mesmo Município e Estado (CNPJ 33.775.164/0001-40).</p><p>Art. 3º As atividades presenciais serão desenvolvidas na sede da instituição e em polos EaD constantes do Cadastro e-MEC, em conformidade com o art. 16, do Decreto nº 9.057, de 25 de maio de 2017 e art. 12, da Portaria Normativa MEC nº 11, de 21 de junho de 2017.</p><p>Art. 4º O credenciamento de que trata o art. 2º é válido pelo prazo de 4 (quatro) anos, conforme previsto na Portaria Normativa nº 1, de 3 de janeiro de 2017, do Ministério da Educação, ou até decisão judicial em sentido contrário.</p><p>Art. 5º Esta Portaria entra em vigor na data de sua publicação.</p><p class="assina">VICTOR GODOY VEIGA</p>]]></Texto>
  </body>
  <Midias />
</article></xml>