﻿<xml><article id="27744355" name="Despacho - Banco Nacional e Brad" idOficio="9059127" pubName="DO1" artType="Despacho" pubDate="30/08/2022" artClass="00015:00001:00000:00000:00000:00000:00000:00000:00000:00000:00024:00003" artCategory="Ministério da Economia/Gabinete do Ministro" artSize="12" artNotes="" numberPage="73" pdfPage="http://pesquisa.in.gov.br/imprensa/jsp/visualiza/index.jsp?data=30/08/2022&amp;jornal=515&amp;pagina=73" editionNumber="165" highlightType="" highlightPriority="" highlight="" highlightimage="" highlightimagename="" idMateria="19842494">
  <body>
    <Identifica><![CDATA[ DESPACHO DE 29 DE AGOSTO DE 2022]]></Identifica>
    <Data><![CDATA[]]></Data>
    <Ementa />
    <Titulo />
    <SubTitulo />
    <Texto><![CDATA[<p class="identifica">DESPACHO DE 29 DE AGOSTO DE 2022</p><p>Processo nº 12105.100788/2022-88.</p><p>Interessado: Banco Nacional S/A - em Liquidação Extrajudicial, com a interveniência do Banco Bradesco S/A.</p><p>Assunto: Contrato da Décima Nona Novação de Dívidas do Fundo de Compensação de Variações Salariais - FCVS, a ser celebrado entre a União e o Banco Nacional S/A - em Liquidação Extrajudicial, no valor de R$ 917.469.545,57 (novecentos e dezessete milhões, quatrocentos e sessenta e nove mil, quinhentos e quarenta e cinco reais e cinquenta e sete centavos), posição em 1º de janeiro de 2022, apurados no conjunto de 2.620 (dois mil, seiscentos e vinte) contratos com saldo, os quais serão, ao final do procedimento, convertidos em títulos da Dívida Pública Mobiliária Federal que serão registrados em conta própria do Banco Central do Brasil - BACEN, destinados à Instituição Credora.</p><p>Considerando que compete à Caixa Econômica Federal manifestar-se quanto à titularidade, ao montante, à liquidez e à certeza da dívida junto ao Fundo de Compensação de Variações Salariais - FCVS, e tendo em vista a manifestação da Secretaria do Tesouro Nacional (Secretaria Especial do Tesouro e Orçamento do Ministério da Economia), atestando, dentre outros atributos, a vantajosidade da novação, bem como a manifestação da Procuradoria-Geral da Fazenda Nacional quanto ao cumprimento dos requisitos legais aplicáveis, reconheço a oportunidade e conveniência da novação e AUTORIZO a contratação, nos termos e nos limites do disposto no § 2º do art. 3º-A da Lei nº 10.150, de 21 de dezembro de 2000, observadas as demais normas e formalidades legais e regulamentares pertinentes.</p><p class="assina">PAULO GUEDES</p><p class="cargo">Ministro</p>]]></Texto>
  </body>
  <Midias />
</article></xml>