﻿<xml><article id="27737672" name="retificacao_resolucao_1069_2022 " idOficio="9057907" pubName="DO1" artType="Retificação" pubDate="30/08/2022" artClass="00026:00034:00014:00104:00000:00000:00000:00000:00000:00000:00066:91069" artCategory="Ministério da Saúde/Agência Nacional de Vigilância Sanitária/2ª Diretoria/Gerência-Geral de Produtos Biológicos, Radiofármacos, Sangue, Tecidos, Células, Órgãos e Prod de Terapias Avan" artSize="12" artNotes="" numberPage="266" pdfPage="http://pesquisa.in.gov.br/imprensa/jsp/visualiza/index.jsp?data=30/08/2022&amp;jornal=515&amp;pagina=266" editionNumber="165" highlightType="" highlightPriority="" highlight="" highlightimage="" highlightimagename="" idMateria="19840745">
  <body>
    <Identifica><![CDATA[ RETIFICAÇÃO]]></Identifica>
    <Data><![CDATA[]]></Data>
    <Ementa />
    <Titulo />
    <SubTitulo />
    <Texto><![CDATA[<p class="identifica">RETIFICAÇÃO</p><p>Na Resolução - RE nº 1.069 de 4 de abril de 2022, publicada no Diário Oficial da União nº 65, de 5 de abril de 2022, Seção 1, pág. 91,</p><p>Onde se lê:</p><p>JANSSEN-CILAG FARMACÊUTICA LTDA 51780468000187</p><p>vacina covid-19 (recombinante) 25351.008911/2021-69 04/2032</p><p>1528 PRODUTO BIOLÓGICO - REGISTRO DE PRODUTO NOVO 8428554/21-1</p><p>1.1236.3438.001-0 24 Meses</p><p>1,0X10E11 VP/ML SUS INJ CT 10 FA VD TRANS X 2,5ML</p><p>Leia-se:</p><p>JANSSEN-CILAG FARMACÊUTICA LTDA 51780468000187</p><p>vacina covid-19 (recombinante) 25351.008911/2021-69 04/2025</p><p>1528 PRODUTO BIOLÓGICO - REGISTRO DE PRODUTO NOVO 8428554/21-1</p><p>1.1236.3438.001-0 24 Meses</p><p>1,0X10E11 VP/ML SUS INJ CT 10 FA VD TRANS X 2,5ML</p>]]></Texto>
  </body>
  <Midias />
</article></xml>