﻿<xml><article id="27750652" name="Aut-588_2022" idOficio="9060357" pubName="DO1" artType="Autorização" pubDate="30/08/2022" artClass="00023:00031:00058:00048:00000:00000:00000:00000:00000:00000:00012:00003" artCategory="Ministério de Minas e Energia/Agência Nacional do Petróleo, Gás Natural e Biocombustíveis/Diretoria I/Superintendência de Distribuição e Logística" artSize="12" artNotes="" numberPage="235" pdfPage="http://pesquisa.in.gov.br/imprensa/jsp/visualiza/index.jsp?data=30/08/2022&amp;jornal=515&amp;pagina=235" editionNumber="165" highlightType="" highlightPriority="" highlight="" highlightimage="" highlightimagename="" idMateria="19844197">
  <body>
    <Identifica><![CDATA[ AUTORIZAÇÃO SDL-ANP Nº 588, DE 26 DE AGOSTO DE 2022]]></Identifica>
    <Data><![CDATA[]]></Data>
    <Ementa />
    <Titulo />
    <SubTitulo />
    <Texto><![CDATA[<p class="identifica">AUTORIZAÇÃO SDL-ANP Nº 588, DE 26 DE AGOSTO DE 2022</p><p>O SUPERINTENDENTE DE DISTRIBUIÇÃO E LOGÍSTICA DA AGÊNCIA NACIONAL DO PETRÓLEO, GÁS NATURAL E BIOCOMBUSTÍVEIS - ANP, no uso das atribuições que lhe foram conferidas pela Portaria ANP nº 265, de 10 de setembro de 2020, tendo em vista o disposto na Lei 9.478, de 06 de agosto de 1997, considerando as disposições da Resolução ANP 58, de 17/10/2014, e considerando o que consta no Processo 48610.218516/2022-71, resolve: autorizar a filial da empresa FLAGLER COMBUSTÍVEIS S/A - CNPJ 10.775.497/0004-16, a exercer a atividade de Distribuição de Combustíveis Líquidos, exceto combustíveis de aviação.</p><p class="assina">RUBENS CERQUEIRA FREITAS</p>]]></Texto>
  </body>
  <Midias />
</article></xml>