﻿<xml><article id="27738548" name="resolucao_2848_2022 COAFE" idOficio="9058092" pubName="DO1" artType="Resolução" pubDate="30/08/2022" artClass="00026:00034:00016:00006:00002:00000:00000:00000:00000:00000:00064:32848" artCategory="Ministério da Saúde/Agência Nacional de Vigilância Sanitária/4ª Diretoria/Gerência-Geral de Inspeção e Fiscalização Sanitária/Coordenação de Autorização de Funcionamento de Empresas" artSize="12" artNotes="" numberPage="281" pdfPage="http://pesquisa.in.gov.br/imprensa/jsp/visualiza/index.jsp?data=30/08/2022&amp;jornal=515&amp;pagina=281" editionNumber="165" highlightType="" highlightPriority="" highlight="" highlightimage="" highlightimagename="" idMateria="19840990">
  <body>
    <Identifica><![CDATA[ RESOLUÇÃO-RE Nº 2.848, DE 26 DE AGOSOT DE 2022]]></Identifica>
    <Data><![CDATA[]]></Data>
    <Ementa />
    <Titulo />
    <SubTitulo />
    <Texto><![CDATA[<p class="identifica">RESOLUÇÃO-RE Nº 2.848, DE 26 DE AGOSOT DE 2022</p><p>O Coordenador de Autorização de Funcionamento de Empresas, no uso das atribuições que lhe confere o art. 144, aliado ao art. 203, I, §1° do Regimento Interno aprovado pela Resolução de Diretoria Colegiada - RDC n° 585, de 10 de dezembro de 2021, resolve:</p><p>Art. 1º. Indeferir o pedido de Alteração de Autorização de Funcionamento das Empresas constantes no anexo desta Resolução.</p><p>Art. 2º Esta Resolução entra em vigor na data de sua publicação.</p><p class="assina">DANIEL MARCOS PEREIRA DOURADO</p><p class="anexo">ANEXO</p><p>SOLUTION MED COMERCIO ATACADISTA DE MATERIAIS CIRURGICOS LTDA / 31.961.026/0001-20</p><p>25351.877547/2020-07 / 8210376</p><p>867 - AFE - ALTERAÇÃO - PRODUTOS PARA SAÚDE - AMPLIAÇÃO OU REDUÇÃO DE ATIVIDADES / 4474689224</p><p>MOTIVO DO INDEFERIMENTO:</p><p>O documento apresentado pela empresa foi emitido pela autoridade sanitária local competente há mais de 12 (doze) meses, contrariando o artigo 17 da RDC n° 16/2014.</p><p>--------------------------------------</p><p>C J A PARENTE / 83.646.307/0001-91</p><p>25351.210154/2014-20 / 2073698</p><p>7170 - AFE - ALTERAÇÃO - COSMÉTICOS, PERFUMES E PRODUTOS DE HIGIENE - AMPLIAÇÃO OU REDUÇÃO DE ATIVIDADES / 4466993220</p><p>MOTIVO DO INDEFERIMENTO:</p><p>Não apresentação de documento vigente, com dados atualizados, emitido pela autoridade sanitária local competente, que ateste o cumprimento dos requisitos técnicos para as atividades e classes pleiteadas, conforme disposto no artigo 15 e artigo 18 da RDC nº 16/2014.</p><p>--------------------------------------</p><p>V S OLIVEIRA E CIA LTDA / 26.778.145/0006-16</p><p>25351.833440/2018-24 / 7626925</p><p>7111 - AFE - ALTERAÇÃO - FARMÁCIAS E DROGARIAS - AMPLIAÇÃO DE ATIVIDADES / 4370371222</p><p>MOTIVO DO INDEFERIMENTO:</p><p>Não cumprimento da exigência formulada sob o número de notificação 4471245/22-6, incidindo na previsão do Art. 11 da RDC nº 204/2005. A alteração de endereço foi peticionada em desacordo com a RDC 275/2019 e indeferida.</p><p>--------------------------------------</p><p>DROGARIA POPULAR MINAS BAHIA LTDA-ME / 24.776.586/0001-49</p><p>25351.311161/2016-42 / 7474415</p><p>7111 - AFE - ALTERAÇÃO - FARMÁCIAS E DROGARIAS - AMPLIAÇÃO DE ATIVIDADES / 1450264221</p><p>MOTIVO DO INDEFERIMENTO:</p><p>Não apresentação da declaração assinada do Anexo I da RDC nº 275/2019, contrariando o art. 11 da RDC nº 275/2019. Adicionalmente, a atividade solicitada já está incluída na AFE da empresa.</p><p>--------------------------------------</p><p>F. O. P. AGUIAR - ME / 11.591.043/0001-05</p><p>25351.193558/2016-46 / 7465522</p><p>7111 - AFE - ALTERAÇÃO - FARMÁCIAS E DROGARIAS - AMPLIAÇÃO DE ATIVIDADES / 4345447220</p><p>MOTIVO DO INDEFERIMENTO:</p><p>Não cumprimento da exigência formulada sob o número de notificação 4536719/22-1, contrariando os artigos 6º e 11 da RDC nº 204/2005. A empresa não protocolou pedido de redução de atividades.</p><p>--------------------------------------</p><p>LOTUS TRANSPORTES LTDA ME / 18.834.795/0001-07</p><p>25351.166759/2020-57 / 3092784</p><p>7427 - AFE/AE - ALTERAÇÃO - ENDEREÇO, POR ATO PÚBLICO / 4511137226</p><p>MOTIVO DO INDEFERIMENTO:</p><p>Não apresentação de declaração emitida pela autoridade competente ou a cópia do ato público que originou a alteração, conforme o disposto no artigo 15 e artigo 18 da RDC nº 16/2014.</p><p>--------------------------------------</p><p>Síntese Biotecnologia Ltda ME / 13.545.241/0001-68</p><p>25351.416045/2012-65 / 8087815</p><p>866 - AFE - ALTERAÇÃO - PRODUTOS PARA SAÚDE - ENDEREÇO / 4474486226</p><p>MOTIVO DO INDEFERIMENTO:</p><p>Não apresentação de documento vigente, com dados atualizados, emitido pela autoridade sanitária local competente, que ateste o cumprimento dos requisitos técnicos para as atividades e classes pleiteadas, conforme disposto no artigo 15 e artigo 18 da RDC nº 16/2014.</p><p>--------------------------------------</p><p>FREITAS E COSTA COMERCIO DE PRODUTOS FARMACEUTICOS LTDA / 37.952.138/0001-09</p><p>25351.867373/2020-66 / 7744404</p><p>7113 - AFE - ALTERAÇÃO - FARMÁCIAS E DROGARIAS - ENDEREÇO / 3268461224</p><p>MOTIVO DO INDEFERIMENTO:</p><p>Não apresentação da declaração assinada do Anexo I da RDC nº 275/2019, contrariando o art. 11 da RDC nº 275/2019.</p>]]></Texto>
  </body>
  <Midias />
</article></xml>