﻿<xml><article id="27736712" name="resolucao_2793_2022 CPROD GGFIS_" idOficio="9057694" pubName="DO1" artType="Resolução" pubDate="30/08/2022" artClass="00026:00034:00016:00006:00000:00000:00000:00000:00000:00000:00064:32793" artCategory="Ministério da Saúde/Agência Nacional de Vigilância Sanitária/4ª Diretoria/Gerência-Geral de Inspeção e Fiscalização Sanitária" artSize="12" artNotes="" numberPage="273" pdfPage="http://pesquisa.in.gov.br/imprensa/jsp/visualiza/index.jsp?data=30/08/2022&amp;jornal=515&amp;pagina=273" editionNumber="165" highlightType="" highlightPriority="" highlight="" highlightimage="" highlightimagename="" idMateria="19840480">
  <body>
    <Identifica><![CDATA[ RESOLUÇÃO-RE Nº 2.793, DE 25 DE AGOSTO DE 2022]]></Identifica>
    <Data><![CDATA[]]></Data>
    <Ementa />
    <Titulo />
    <SubTitulo />
    <Texto><![CDATA[<p class="identifica">RESOLUÇÃO-RE Nº 2.793, DE 25 DE AGOSTO DE 2022</p><p>A Gerente-Geral substituta de Inspeção e Fiscalização Sanitária, no uso das atribuições que lhe confere o art. 140, aliado ao art. 203, I, § 1º do Regimento Interno aprovado pela Resolução de Diretoria Colegiada - RDC nº 585, de 10 de dezembro de 2021; e</p><p>considerando o cumprimento dos requisitos de Boas Práticas de Distribuição e/ou Armazenagem preconizados em legislação vigente, resolve:</p><p>Art. 1º Conceder a Certificação de Boas Práticas de Distribuição e/ou Armazenagem de Produtos para Saúde às empresas constantes no anexo.</p><p>Art. 2º A presente Certificação tem validade de 4 (quatro) anos a partir da sua publicação.</p><p>Art. 3º Esta Resolução entra em vigor na data de sua publicação.</p><p class="assina">ALESSANDRA PAIXÃO DIAS</p><p class="anexo">ANEXO</p><p>Empresa: Grossmed Comercial de Produtos Médicos Ltda CNPJ: 05.022.522/0001-08</p><p>Endereço: Rua Sete Povos, 330 Sala 1201 e 1202, Marechal Rondon., Canoas - RS CEP: 92020-340</p><p>Autorização de Funcionamento: 8012264 Expediente: 1185783/22-9</p><p>Certificado de Boas Práticas de Distribuição e Armazenagem: Produtos para Saúde.</p><p>Motivo: Subsidiado por relatório de inspeção, requisito necessário para decisão do ato.</p>]]></Texto>
  </body>
  <Midias />
</article></xml>