﻿<xml><article id="27733471" name="PT SAES NA 486" idOficio="9056928" pubName="DO1" artType="Portaria" pubDate="30/08/2022" artClass="00026:00023:00000:00000:00000:00000:00000:00000:00000:00000:00054:00004" artCategory="Ministério da Saúde/Secretaria de Atenção Especializada à Saúde" artSize="12" artNotes="" numberPage="256" pdfPage="http://pesquisa.in.gov.br/imprensa/jsp/visualiza/index.jsp?data=30/08/2022&amp;jornal=515&amp;pagina=256" editionNumber="165" highlightType="" highlightPriority="" highlight="" highlightimage="" highlightimagename="" idMateria="19839429">
  <body>
    <Identifica><![CDATA[ PORTARIA Nº 486, DE 24 DE AGOSTO DE 2022]]></Identifica>
    <Data><![CDATA[]]></Data>
    <Ementa><![CDATA[ Cancela o CEBAS da Associação Hospital Beneficente São Roque, com sede em Carlos Barbosa (RS).]]></Ementa>
    <Titulo />
    <SubTitulo />
    <Texto><![CDATA[<p class="identifica">PORTARIA Nº 486, DE 24 DE AGOSTO DE 2022</p><p class="ementa">Cancela o CEBAS da Associação Hospital Beneficente São Roque, com sede em Carlos Barbosa (RS).</p><p>A Secretária de Atenção Especializada à Saúde, no uso de suas atribuições,</p><p>Considerando a Lei Complementar nº 187, de 16 de dezembro de 2021, que dispõe sobre a certificação das entidades beneficentes de assistência social e em seu § 2º do artigo 40, determina aos requerimentos de concessão ou de renovação de certificação, pendentes de decisão na data de publicação desta Lei Complementar, aplicar as regras e as condições vigentes à época de seu protocolo;</p><p>Considerando a Portaria SAS/MS nº 788, de 28 de junho de 2016, que defere a Renovação do Certificado de Entidade Beneficente de Assistência Social, na área de Saúde, da Associação Hospital Beneficente São Roque, com sede em Carlos Barbosa (RS), para o período 1º de janeiro de 2010 a 31 de dezembro de 2014, constante do SEI nº 25000.052754/2010-56;</p><p>Considerando a competência prevista no art. 142 da Portaria de Consolidação GM/MS nº 1, de 28 de setembro de 2017, que consolida as normas sobre os direitos e deveres dos usuários da saúde, a organização e o funcionamento do Sistema Único de Saúde;</p><p>   Considerando o Parecer nº 00310/2017/CONJUR-MS/CGU/AGU, que firmou entendimento de que o cancelamento da certificação deve ser aplicado a contar do fato gerador do descumprimento dos requisitos obrigatórios à certificação, e não sobre toda a vigência do certificado;</p><p>Considerando o Parecer nº 65/2022-CGSUP/DCEBAS/SAES/MS - FTS nº 905, relativo ao Processo de Supervisão nº 25000.466731/2017-00, que conclui pelo não atendimento dos requisitos obrigatórios para a manutenção do Certificado de Entidade Beneficente de Assistência Social, na área da Saúde; e</p><p>Considerando que os processos de supervisão são analisados com base nos critérios que ensejaram a certificação, resolve:</p><p>Art. 1º Fica cancelado o Certificado de Entidade Beneficente de Assistência Social (CEBAS), na área da Saúde, concedido à Associação Hospital Beneficente São Roque, CNPJ nº 90.054.206/0001-97, com sede em Carlos Barbosa (RS).</p><p>   Parágrafo único. Registra-se que os efeitos do cancelamento da certificação devem ser aplicados a contar do fato gerador do descumprimento de requisito obrigatório à certificação, a data de 1º de janeiro de 2010, na forma do Parecer nº 00310/2017/CONJUR-MS/CGU/AGU.</p><p>Art. 2º A instituição requerente fica notificada para, caso queira, apresentar recurso administrativo no prazo de 30 (trinta) dias a contar da data da presente publicação, conforme legislações pertinentes.</p><p>Art. 3º Esta Portaria entra em vigor na data de sua publicação.</p><p class="assina">MAÍRA BATISTA BOTELHO</p>]]></Texto>
  </body>
  <Midias />
</article></xml>