﻿<xml><article id="27749220" name="Portaria PR 59-22 e anexo" idOficio="9060050" pubName="DO1" artType="Portaria" pubDate="30/08/2022" artClass="00015:00049:00000:00000:00000:00000:00000:00000:00000:00000:00054:00002" artCategory="Ministério da Economia/Instituto Nacional da Propriedade Industrial" artSize="24" artNotes="" numberPage="93" pdfPage="http://pesquisa.in.gov.br/imprensa/jsp/visualiza/index.jsp?data=30/08/2022&amp;jornal=515&amp;pagina=93" editionNumber="165" highlightType="" highlightPriority="" highlight="" highlightimage="" highlightimagename="" idMateria="19843821">
  <body>
    <Identifica><![CDATA[ PORTARIA/INPI /PR Nº 59, DE 19 DE AGOSTO DE 2022]]></Identifica>
    <Data><![CDATA[]]></Data>
    <Ementa />
    <Titulo />
    <SubTitulo />
    <Texto><![CDATA[<p class="identifica">PORTARIA/INPI /PR Nº 59, DE 19 DE AGOSTO DE 2022</p><p>O PRESIDENTE DO INSTITUTO NACIONAL DA PROPRIEDADE INDUSTRIAL - INPI, no uso das atribuições que lhe conferem o Regimento Interno, aprovado pela Portaria do Ministério da Indústria, Comércio Exterior e Serviços - MDIC nº 11, de 27 de janeiro de 2017, e tendo em vista o disposto no art. 8º do Decreto nº 10.139, de 28 de novembro de 2019, assim como o constante nos autos do processo nº 52402.008879/2022-22, resolve:</p><p>Art. 1º Fica declarada a revogação dos atos normativos constantes do Anexo I.</p><p>Art. 2º Esta Portaria entra em vigor em 1º de setembro de 2022.</p><p class="assina">CLAUDIO VILAR FURTADO</p><p>ANEXO I</p><p>ATOS NORMATIVOS REVOGADOS</p><p /><p></p><table><tr /><tr><td rowspan="1" colspan="1"><p>Tipo</p></td><td rowspan="1" colspan="1"><p>Ementa</p></td></tr><tr><td rowspan="1" colspan="1"><p>Portaria INPI/PR nº 185, de 30 de novembro de 2018</p></td><td rowspan="1" colspan="1"><p>Instituir o Plano Estratégico do INPI para o quadriênio 2018-2021.</p></td></tr><tr><td rowspan="1" colspan="1"><p>Portaria INPI/PR nº 50, de 26 de março de 2021</p></td><td rowspan="1" colspan="1"><p>Constitui Força Tarefa para assessorar a Presidência e Diretoria na avaliação do desempenho corporativo do INPI, e no monitoramento integrado do Plano de Ação 2021 e sua eventual revisão.</p></td></tr><tr><td rowspan="1" colspan="1"><p>Portaria INPI/PR nº 175, de 17 de dezembro de 2021</p></td><td rowspan="1" colspan="1"><p>Constituir Grupo de Trabalho com a finalidade de coordenar o processo de prestação de contas do INPI, relativo ao exercício 2021, em apoio à Coordenação-Geral de Planejamento e Gestão Estratégica (CGPE) no exercício de suas competências.</p></td></tr><tr><td rowspan="1" colspan="1"><p>Portaria INPI/PR nº 41, de 06 de outubro de 2021</p></td><td rowspan="1" colspan="1"><p>Define os indicadores e as metas de desempenho institucional para o período de 1º de janeiro a 31 de dezembro de 2021, para fins da concessão da Gratificação de Desempenho de Atividade da Área de Propriedade Industrial - GDAPI e da Gratificação de Desempenho de Atividade da Área de Ciência e Tecnologia - GDACT, e dá outras providências.</p></td></tr><tr><td rowspan="1" colspan="1"><p>Portaria /INPI/ nº 41, de 21 de setembro de 2021</p></td><td rowspan="1" colspan="1"><p>Torna pública a revisão semestral do Plano de Ação do Instituto Nacional da Propriedade Industrial - INPI do ano de 2021.</p></td></tr></table>]]></Texto>
  </body>
  <Midias />
</article></xml>