﻿<xml><article id="27749634" name="Ata_29_2C_23_08_2022 - BD - IMPR" idOficio="9058555" pubName="DO1" artType="Ata" pubDate="30/08/2022" artClass="00044:00003:00000:00000:00000:00000:00000:00000:00000:00000:00005:00000" artCategory="Tribunal de Contas da União/2ª Câmara" artSize="12" artNotes="" numberPage="360" pdfPage="http://pesquisa.in.gov.br/imprensa/jsp/visualiza/index.jsp?data=30/08/2022&amp;jornal=515&amp;pagina=360" editionNumber="165" highlightType="" highlightPriority="" highlight="" highlightimage="" highlightimagename="" idMateria="19841584">
  <body>
    <Identifica />
    <Data><![CDATA[]]></Data>
    <Ementa />
    <Titulo />
    <SubTitulo />
    <Texto><![CDATA[<p>ACÓRDÃO Nº 4582/2022 - TCU - 2ª Câmara</p><p>Os ministros do Tribunal de Contas da União, reunidos em sessão de 2ª Câmara, ACORDAM, por unanimidade, com fundamento nos artigos 1º, inciso V; e 39, inciso II, da Lei 8.443/92, c/c os artigos 1º, inciso VIII; 143, inciso II; e 259, inciso II, do Regimento Interno, em considerar legal para fins de registro o ato de concessão a seguir indicado, de acordo com os pareceres emitidos nos autos.</p><p>1. Processo TC-014.577/2022-4 (APOSENTADORIA)</p><p>1.1. Interessada: Sonia Maria de Brito Nascimento (206.476.544-15).</p><p>1.2. Órgão/Entidade: Instituto Nacional do Seguro Social.</p><p>1.3. Relator: Ministro Aroldo Cedraz.</p><p>1.4. Representante do Ministério Público: Procurador Júlio Marcelo de Oliveira.</p><p>1.5. Unidade Técnica: Secretaria de Fiscalização de Integridade de Atos e Pagamentos de Pessoal e de Benefícios Sociais (Sefip).</p><p>1.6. Representação legal: não há.</p><p>1.7. Determinações/Recomendações/Orientações: não há.</p><p>ACÓRDÃO Nº 4583/2022 - TCU - 2ª Câmara</p><p>Os ministros do Tribunal de Contas da União, reunidos em sessão de 2ª Câmara, ACORDAM, por unanimidade, com fundamento nos artigos 1º, inciso V; e 39, inciso II, da Lei 8.443/92, c/c os artigos 1º, inciso VIII; 143, inciso II; e 259, inciso II, do Regimento Interno, em considerar legais para fins de registro os atos de concessão a seguir relacionados, de acordo com os pareceres emitidos nos autos.</p><p>1. Processo TC-014.598/2022-1 (APOSENTADORIA)</p><p>1.1. Interessados: Edivaldo Jose dos Santos (207.988.575-87); Jose Ferreira Santos (186.942.922-20); Sebastiana Pinto de Oliveira (033.672.402-06).</p><p>1.2. Órgão/Entidade: Ministério da Agricultura, Pecuária e Abastecimento.</p><p>1.3. Relator: Ministro Aroldo Cedraz.</p><p>1.4. Representante do Ministério Público: Procurador Júlio Marcelo de Oliveira.</p><p>1.5. Unidade Técnica: Secretaria de Fiscalização de Integridade de Atos e Pagamentos de Pessoal e de Benefícios Sociais (Sefip).</p><p>1.6. Representação legal: não há.</p><p>1.7. Determinações/Recomendações/Orientações: não há.</p><p>ACÓRDÃO Nº 4584/2022 - TCU - 2ª Câmara</p><p>Os ministros do Tribunal de Contas da União, reunidos em sessão de 2ª Câmara, ACORDAM, por unanimidade, com fundamento nos artigos 1º, inciso V; e 39, inciso II, da Lei 8.443/92, c/c os artigos 1º, inciso VIII; 143, inciso II; e 259, inciso II, do Regimento Interno, em considerar legais para fins de registro os atos de concessão a seguir relacionados, de acordo com os pareceres emitidos nos autos.</p><p>1. Processo TC-014.645/2022-0 (APOSENTADORIA)</p><p>1.1. Interessados: Ana Maria de Sousa Fiusa (404.574.947-00); Andiara Menezes Segobia Rodrigues (333.106.967-15); Francisco Bezerra da Nobrega Filho (029.127.591-53); Marcia Cristina Rocha Conceicao (487.696.577-34); Maria das Gracas Guedes Dantas (664.237.598-04).</p><p>1.2. Órgão/Entidade: Comando do Exército.</p><p>1.3. Relator: Ministro Aroldo Cedraz.</p><p>1.4. Representante do Ministério Público: Procuradora-Geral Cristina Machado da Costa e Silva.</p><p>1.5. Unidade Técnica: Secretaria de Fiscalização de Integridade de Atos e Pagamentos de Pessoal e de Benefícios Sociais (Sefip).</p><p>1.6. Representação legal: não há.</p><p>1.7. Determinações/Recomendações/Orientações: não há.</p><p>ACÓRDÃO Nº 4585/2022 - TCU - 2ª Câmara</p><p>Os ministros do Tribunal de Contas da União, reunidos em sessão de 2ª Câmara, ACORDAM, por unanimidade, com fundamento nos artigos 1º, inciso V; e 39, inciso II, da Lei 8.443/92, c/c os artigos 1º, inciso VIII; 143, inciso II; e 259, inciso II, do Regimento Interno, em considerar legais para fins de registro os atos de concessão a seguir relacionados, de acordo com os pareceres emitidos nos autos.</p><p>1. Processo TC-014.749/2022-0 (APOSENTADORIA)</p><p>1.1. Interessados: Katia Mara Cruz Goncalves (576.860.336-00); Leliani Patricia Santiago (696.796.496-87); Romes Jose Tristao (449.422.656-49).</p><p>1.2. Órgão/Entidade: Universidade Federal do Triângulo Mineiro.</p><p>1.3. Relator: Ministro Aroldo Cedraz.</p><p>1.4. Representante do Ministério Público: Procurador Júlio Marcelo de Oliveira.</p><p>1.5. Unidade Técnica: Secretaria de Fiscalização de Integridade de Atos e Pagamentos de Pessoal e de Benefícios Sociais (Sefip).</p><p>1.6. Representação legal: não há.</p><p>1.7. Determinações/Recomendações/Orientações: não há.</p><p>ACÓRDÃO Nº 4586/2022 - TCU - 2ª Câmara</p><p>Os ministros do Tribunal de Contas da União, reunidos em sessão de 2ª Câmara, ACORDAM, por unanimidade, com fundamento nos artigos 1º, inciso V; e 39, inciso II, da Lei 8.443/92, c/c os artigos 1º, inciso VIII; 143, inciso II; e 259, inciso II, do Regimento Interno, em considerar legais para fins de registro os atos de concessão a seguir relacionados, de acordo com os pareceres emitidos nos autos.</p><p>1. Processo TC-014.882/2022-1 (APOSENTADORIA)</p><p>1.1. Interessados: Clevio Morim da Silva (465.211.606-30); Joao Berkma Valadares (411.877.506-97).</p><p>1.2. Órgão/Entidade: Ministério da Saúde.</p><p>1.3. Relator: Ministro Aroldo Cedraz.</p><p>1.4. Representante do Ministério Público: Procurador Júlio Marcelo de Oliveira.</p><p>1.5. Unidade Técnica: Secretaria de Fiscalização de Integridade de Atos e Pagamentos de Pessoal e de Benefícios Sociais (Sefip).</p><p>1.6. Representação legal: não há.</p><p>1.7. Determinações/Recomendações/Orientações: não há.</p><p>ACÓRDÃO Nº 4587/2022 - TCU - 2ª Câmara</p><p>Os ministros do Tribunal de Contas da União, reunidos em sessão de 2ª Câmara, ACORDAM, por unanimidade, com fundamento nos artigos 1º, inciso V; e 39, inciso II, da Lei 8.443/92, c/c os artigos 1º, inciso VIII; 143, inciso II; e 259, inciso II, do Regimento Interno, em considerar legais para fins de registro os atos de concessão a seguir relacionados, de acordo com os pareceres emitidos nos autos.</p><p>1. Processo TC-014.979/2022-5 (APOSENTADORIA)</p><p>1.1. Interessados: Francisco Augusto Coelho Marques (278.036.359-20); Paulo de Oliveira Filho (245.259.871-20).</p><p>1.2. Órgão/Entidade: Ministério da Agricultura, Pecuária e Abastecimento.</p><p>1.3. Relator: Ministro Aroldo Cedraz.</p><p>1.4. Representante do Ministério Público: Procuradora-Geral Cristina Machado da Costa e Silva.</p><p>1.5. Unidade Técnica: Secretaria de Fiscalização de Integridade de Atos e Pagamentos de Pessoal e de Benefícios Sociais (Sefip).</p><p>1.6. Representação legal: não há.</p><p>1.7. Determinações/Recomendações/Orientações: não há.</p><p>ACÓRDÃO Nº 4588/2022 - TCU - 2ª Câmara</p><p>Os ministros do Tribunal de Contas da União, reunidos em sessão de 2ª Câmara, ACORDAM, por unanimidade, com fundamento nos artigos 1º, inciso V; e 39, inciso II, da Lei 8.443/92, c/c os artigos 1º, inciso VIII; 143, inciso II; e 259, inciso II, do Regimento Interno, em considerar legais para fins de registro os atos de concessão a seguir relacionados, de acordo com os pareceres emitidos nos autos.</p><p>1. Processo TC-015.151/2022-0 (APOSENTADORIA)</p><p>1.1. Interessados: Izaias Fialho da Costa (114.011.922-20); Paulo da Silva Ferreira (084.727.262-15).</p><p>1.2. Órgão/Entidade: Instituto Nacional do Seguro Social.</p><p>1.3. Relator: Ministro Aroldo Cedraz.</p><p>1.4. Representante do Ministério Público: Procuradora-Geral Cristina Machado da Costa e Silva.</p><p>1.5. Unidade Técnica: Secretaria de Fiscalização de Integridade de Atos e Pagamentos de Pessoal e de Benefícios Sociais (Sefip).</p><p>1.6. Representação legal: não há.</p><p>1.7. Determinações/Recomendações/Orientações: não há.</p><p>ACÓRDÃO Nº 4589/2022 - TCU - 2ª Câmara</p><p>Os ministros do Tribunal de Contas da União, reunidos em sessão de 2ª Câmara, ACORDAM, por unanimidade, com fundamento nos artigos 1º, inciso V; e 39, inciso II, da Lei 8.443/92, c/c os artigos 1º, inciso VIII; 143, inciso II; e 259, inciso II, do Regimento Interno, em considerar legais para fins de registro os atos de concessão a seguir relacionados, de acordo com os pareceres emitidos nos autos.</p><p>1. Processo TC-015.237/2022-2 (APOSENTADORIA)</p><p>1.1. Interessados: Mirce de Fatima dos Santos (184.855.611-04); Ricardo Luiz Menegussi (621.632.807-72).</p><p>1.2. Órgão/Entidade: Instituto Chico Mendes de Conservação da Biodiversidade.</p><p>1.3. Relator: Ministro Aroldo Cedraz.</p><p>1.4. Representante do Ministério Público: Procuradora-Geral Cristina Machado da Costa e Silva.</p><p>1.5. Unidade Técnica: Secretaria de Fiscalização de Integridade de Atos e Pagamentos de Pessoal e de Benefícios Sociais (Sefip).</p><p>1.6. Representação legal: não há.</p><p>1.7. Determinações/Recomendações/Orientações: não há.</p><p>ACÓRDÃO Nº 4590/2022 - TCU - 2ª Câmara</p><p>Os ministros do Tribunal de Contas da União, reunidos em sessão de 2ª Câmara, ACORDAM, por unanimidade, com fundamento nos artigos 1º, inciso V; e 39, inciso II, da Lei 8.443/92, c/c os artigos 1º, inciso VIII; 143, inciso II; e 259, inciso II, do Regimento Interno, em considerar legal para fins de registro o ato de concessão a seguir indicado, de acordo com os pareceres emitidos nos autos.</p><p>1. Processo TC-015.240/2022-3 (APOSENTADORIA)</p><p>1.1. Interessado: Jose Eduardo Francisco dos Santos (270.679.476-34).</p><p>1.2. Órgão/Entidade: Instituto Federal de Educação, Ciência e Tecnologia do Norte de Minas Gerais.</p><p>1.3. Relator: Ministro Aroldo Cedraz.</p><p>1.4. Representante do Ministério Público: Procuradora-Geral Cristina Machado da Costa e Silva.</p><p>1.5. Unidade Técnica: Secretaria de Fiscalização de Integridade de Atos e Pagamentos de Pessoal e de Benefícios Sociais (Sefip).</p><p>1.6. Representação legal: não há.</p><p>1.7. Determinações/Recomendações/Orientações: não há.</p><p>ACÓRDÃO Nº 4591/2022 - TCU - 2ª Câmara</p><p>Os ministros do Tribunal de Contas da União, reunidos em sessão de 2ª Câmara, ACORDAM, por unanimidade, com fundamento nos artigos 1º, inciso V; e 39, inciso II, da Lei 8.443/92, c/c os artigos 1º, inciso VIII; 143, inciso II; e 259, inciso II, do Regimento Interno, em considerar legal para fins de registro o ato de concessão a seguir indicado, de acordo com os pareceres emitidos nos autos.</p><p>1. Processo TC-015.278/2022-0 (APOSENTADORIA)</p><p>1.1. Interessada: Fernanda Bier Fonseca (467.474.780-53).</p><p>1.2. Órgão/Entidade: Tribunal Regional Federal da 4ª Região.</p><p>1.3. Relator: Ministro Aroldo Cedraz.</p><p>1.4. Representante do Ministério Público: Procuradora-Geral Cristina Machado da Costa e Silva.</p><p>1.5. Unidade Técnica: Secretaria de Fiscalização de Integridade de Atos e Pagamentos de Pessoal e de Benefícios Sociais (Sefip).</p><p>1.6. Representação legal: não há.</p><p>1.7. Determinações/Recomendações/Orientações: não há.</p><p>ACÓRDÃO Nº 4592/2022 - TCU - 2ª Câmara</p><p>Os ministros do Tribunal de Contas da União, reunidos em sessão de 2ª Câmara, ACORDAM, por unanimidade, com fundamento nos artigos 1º, inciso V; e 39, inciso II, da Lei 8.443/92, c/c os artigos 1º, inciso VIII; 143, inciso II; e 259, inciso II, do Regimento Interno, em considerar legal para fins de registro o ato de concessão a seguir indicado, de acordo com os pareceres emitidos nos autos.</p><p>1. Processo TC-015.298/2022-1 (APOSENTADORIA)</p><p>1.1. Interessado: Marcos Antonio de Souza (096.768.481-15).</p><p>1.2. Órgão/Entidade: Instituto Nacional de Colonização e Reforma Agrária.</p><p>1.3. Relator: Ministro Aroldo Cedraz.</p><p>1.4. Representante do Ministério Público: Procuradora-Geral Cristina Machado da Costa e Silva.</p><p>1.5. Unidade Técnica: Secretaria de Fiscalização de Integridade de Atos e Pagamentos de Pessoal e de Benefícios Sociais (Sefip).</p><p>1.6. Representação legal: não há.</p><p>1.7. Determinações/Recomendações/Orientações: não há.</p><p>ACÓRDÃO Nº 4593/2022 - TCU - 2ª Câmara</p><p>Os ministros do Tribunal de Contas da União, reunidos em sessão de 2ª Câmara, ACORDAM, por unanimidade, com fundamento nos artigos 1º, inciso V; e 39, inciso II, da Lei 8.443/92, c/c os artigos 1º, inciso VIII; 143, inciso II; e 259, inciso II, do Regimento Interno, em considerar legais para fins de registro os atos de concessão a seguir relacionados, de acordo com os pareceres emitidos nos autos.</p><p>1. Processo TC-015.349/2022-5 (APOSENTADORIA)</p><p>1.1. Interessados: Engracia Rodrigues Lopes (115.692.041-87); Maria das Gracas Barbosa Carvalho (119.335.501-04).</p><p>1.2. Órgão/Entidade: Ministério da Agricultura, Pecuária e Abastecimento.</p><p>1.3. Relator: Ministro Aroldo Cedraz.</p><p>1.4. Representante do Ministério Público: Procuradora-Geral Cristina Machado da Costa e Silva.</p><p>1.5. Unidade Técnica: Secretaria de Fiscalização de Integridade de Atos e Pagamentos de Pessoal e de Benefícios Sociais (Sefip).</p><p>1.6. Representação legal: não há.</p><p>1.7. Determinações/Recomendações/Orientações: não há.</p><p>ACÓRDÃO Nº 4594/2022 - TCU - 2ª Câmara</p><p>Os ministros do Tribunal de Contas da União, reunidos em sessão de 2ª Câmara, ACORDAM, por unanimidade, com fundamento nos artigos 1º, inciso V; e 39, inciso II, da Lei 8.443/92, c/c os artigos 1º, inciso VIII; 143, inciso II; e 259, inciso II, do Regimento Interno, em considerar legal para fins de registro o ato de concessão a seguir indicado, de acordo com os pareceres emitidos nos autos.</p><p>1. Processo TC-015.393/2022-4 (APOSENTADORIA)</p><p>1.1. Interessado: Eduardo Felipe Ohana (096.725.751-49).</p><p>1.2. Órgão/Entidade: Fundação Instituto de Pesquisa Econômica Aplicada.</p><p>1.3. Relator: Ministro Aroldo Cedraz.</p><p>1.4. Representante do Ministério Público: Procuradora-Geral Cristina Machado da Costa e Silva.</p><p>1.5. Unidade Técnica: Secretaria de Fiscalização de Integridade de Atos e Pagamentos de Pessoal e de Benefícios Sociais (Sefip).</p><p>1.6. Representação legal: não há.</p><p>1.7. Determinações/Recomendações/Orientações: não há.</p><p>ACÓRDÃO Nº 4595/2022 - TCU - 2ª Câmara</p><p>Os ministros do Tribunal de Contas da União, reunidos em sessão de 2ª Câmara, ACORDAM, por unanimidade, com fundamento nos artigos 1º, inciso V; e 39, inciso II, da Lei 8.443/92, c/c os artigos 1º, inciso VIII; 143, inciso II; e 259, inciso II, do Regimento Interno, em considerar legal para fins de registro o ato de concessão a seguir indicado, de acordo com os pareceres emitidos nos autos.</p><p>1. Processo TC-015.482/2022-7 (APOSENTADORIA)</p><p>1.1. Interessada: Maria Ednelsa Lopes Pinto Pessoa (212.269.893-49).</p><p>1.2. Órgão/Entidade: Instituto Nacional de Colonização e Reforma Agrária.</p><p>1.3. Relator: Ministro Aroldo Cedraz.</p><p>1.4. Representante do Ministério Público: Procuradora-Geral Cristina Machado da Costa e Silva.</p><p>1.5. Unidade Técnica: Secretaria de Fiscalização de Integridade de Atos e Pagamentos de Pessoal e de Benefícios Sociais (Sefip).</p><p>1.6. Representação legal: não há.</p><p>1.7. Determinações/Recomendações/Orientações: não há.</p><p>ACÓRDÃO Nº 4596/2022 - TCU - 2ª Câmara</p><p>Os ministros do Tribunal de Contas da União, reunidos em sessão de 2ª Câmara, ACORDAM, por unanimidade, com fundamento nos artigos 1º, inciso V; e 39, inciso II, da Lei 8.443/92, c/c os artigos 1º, inciso VIII; 143, inciso II; e 259, inciso II, do Regimento Interno, em considerar legal para fins de registro o ato de concessão a seguir indicado, de acordo com os pareceres emitidos nos autos.</p><p>1. Processo TC-015.539/2022-9 (APOSENTADORIA)</p><p>1.1. Interessado: Ernani Napoleão Lima (010.864.213-53).</p><p>1.2. Órgão/Entidade: Instituto Federal de Educação, Ciência e Tecnologia do Piauí.</p><p>1.3. Relator: Ministro Aroldo Cedraz.</p><p>1.4. Representante do Ministério Público: Procuradora-Geral Cristina Machado da Costa e Silva.</p><p>1.5. Unidade Técnica: Secretaria de Fiscalização de Integridade de Atos e Pagamentos de Pessoal e de Benefícios Sociais (Sefip).</p><p>1.6. Representação legal: não há.</p><p>1.7. Determinações/Recomendações/Orientações: não há.</p><p>ACÓRDÃO Nº 4597/2022 - TCU - 2ª Câmara</p><p>Os ministros do Tribunal de Contas da União, reunidos em sessão de 2ª Câmara, ACORDAM, por unanimidade, com fundamento nos artigos 1º, inciso V; e 39, inciso II, da Lei 8.443/92, c/c os artigos 1º, inciso VIII; 143, inciso II; e 259, inciso II, do Regimento Interno, em considerar legais para fins de registro os atos de concessão a seguir relacionados, de acordo com os pareceres emitidos nos autos.</p><p>1. Processo TC-015.807/2022-3 (APOSENTADORIA)</p><p>1.1. Interessados: Adalberto da Costa Meira Filho (175.576.231-34); Djalma Alves de Castro (042.494.531-20); Edlene Ferreira Lima (133.922.204-34); Eurico Arteaga Santiago (086.070.442-49); Maria Jose Colaco Rocha (098.046.333-53).</p><p>1.2. Órgão/Entidade: Instituto Brasileiro do Meio Ambiente e dos Recursos Naturais Renováveis.</p><p>1.3. Relator: Ministro Aroldo Cedraz.</p><p>1.4. Representante do Ministério Público: Procuradora-Geral Cristina Machado da Costa e Silva.</p><p>1.5. Unidade Técnica: Secretaria de Fiscalização de Integridade de Atos e Pagamentos de Pessoal e de Benefícios Sociais (Sefip).</p><p>1.6. Representação legal: não há.</p><p>1.7. Determinações/Recomendações/Orientações: não há.</p><p>ACÓRDÃO Nº 4598/2022 - TCU - 2ª Câmara</p><p>Os ministros do Tribunal de Contas da União, reunidos em sessão de 2ª Câmara, ACORDAM, por unanimidade, com fundamento nos artigos 1º, inciso V; e 39, inciso II, da Lei 8.443/92, c/c os artigos 1º, inciso VIII; 143, inciso II; e 259, inciso II, do Regimento Interno, em considerar legais para fins de registro os atos de concessão a seguir relacionados, de acordo com os pareceres emitidos nos autos.</p><p>1. Processo TC-010.568/2022-0 (PENSÃO MILITAR)</p><p>1.1. Interessados: Maria da Gloria Burgardt Santos (374.771.109-04); Marli Adelina Garrier Subtil (160.351.949-15); Nelci Regina Burgardt Monteiro (410.223.869-72); Rosilda Ines Burgardt Martins (286.753.209-49); Tania Maria Burgardt (244.115.409-59); Vera Lucia Burgardt (286.753.399-68).</p><p>1.2. Órgão/Entidade: Comando do Exército.</p><p>1.3. Relator: Ministro Aroldo Cedraz.</p><p>1.4. Representante do Ministério Público: Procurador Júlio Marcelo de Oliveira.</p><p>1.5. Unidade Técnica: Secretaria de Fiscalização de Integridade de Atos e Pagamentos de Pessoal e de Benefícios Sociais (Sefip).</p><p>1.6. Representação legal: não há.</p><p>1.7. Determinações/Recomendações/Orientações: não há.</p><p>ACÓRDÃO Nº 4599/2022 - TCU - 2ª Câmara</p><p>Os ministros do Tribunal de Contas da União, reunidos em sessão de 2ª Câmara, ACORDAM, por unanimidade, com fundamento nos artigos 1º, inciso V; e 39, inciso II, da Lei 8.443/92, c/c os artigos 1º, inciso VIII; 143, inciso II; e 259, inciso II, do Regimento Interno, em considerar legais para fins de registro os atos de concessão a seguir relacionados, de acordo com os pareceres emitidos nos autos.</p><p>1. Processo TC-012.989/2022-3 (PENSÃO MILITAR)</p><p>1.1. Interessados: Arlette Mutran Luz (727.329.707-00); Elizabeth Luz (090.108.157-49); Francilene Montefusco de Oliveira Mesquita (406.439.482-87); Suzete Gomes da Silva (742.359.823-20).</p><p>1.2. Órgão/Entidade: Comando da Aeronáutica.</p><p>1.3. Relator: Ministro Aroldo Cedraz.</p><p>1.4. Representante do Ministério Público: Procuradora-Geral Cristina Machado da Costa e Silva.</p><p>1.5. Unidade Técnica: Secretaria de Fiscalização de Integridade de Atos e Pagamentos de Pessoal e de Benefícios Sociais (Sefip).</p><p>1.6. Representação legal: não há.</p><p>1.7. Determinações/Recomendações/Orientações: não há.</p><p>ACÓRDÃO Nº 4600/2022 - TCU - 2ª Câmara</p><p>Os ministros do Tribunal de Contas da União, reunidos em sessão de 2ª Câmara, ACORDAM, com fundamento nos artigos 1º, inciso I; 16, inciso I; 17 e 23, inciso I, da Lei 8.443/92, c/c os artigos 1º, inciso I; 143, inciso I, alínea "a"; 207 e 214, inciso I, do Regimento Interno, em julgar regulares as contas a seguir relacionadas e dar quitação plena aos responsáveis; bem como dar ciência desta deliberação à Empresa de Pesquisa Energética (EPE) e aos responsáveis; e arquivar os autos, de acordo com os pareceres emitidos nos autos.</p><p>1. Processo TC-000.534/2020-0 (PRESTAÇÃO DE CONTAS - Exercício: 2019)</p><p>1.1. Responsáveis: Alvaro Henrique Matias Pereira (120.168.291-68); Amilcar Goncalves Guerreiro (491.980.417-20); Eduardo Azevedo Rodrigues (583.263.754-20); Euler Joao Geraldo da Silva (372.570.806-15); Evandro Cesar Dias Gomes (662.292.270-53); Genaro Dueire Lins (919.840.174-20); Jose Mauro Ferreira Coelho (755.379.667-00); João Paulo Bittar Hamu Nogueira (005.008.121-79); Luiz Augusto Nobrega Barroso (068.345.967-80); Reive Barros dos Santos (053.543.824-91); Thiago Vasconcellos Barral Ferreira (055.145.496-23).</p><p>1.2. Órgão/Entidade: Empresa de Pesquisa Energética.</p><p>1.3. Relator: Ministro Aroldo Cedraz.</p><p>1.4. Representante do Ministério Público: Procuradora-Geral Cristina Machado da Costa e Silva.</p><p>1.5. Unidade Técnica: Secretaria de Fiscalização de Infraestrutura de Energia Elétrica (SeinfraEle).</p><p>1.6. Representação legal: não há.</p><p>1.7. Determinações:</p><p>1.7.1. informar à Empresa de Pesquisa Energética (EPE) que a omissão em consignar expressamente previsão no Código de Ética, Conduta e Integridade da EPE (aprovado em 25/6/2018) a capacitação periódica, no mínimo anual, a administradores sobre a política de gestão de riscos, bem como em providenciar a realização desses treinamentos, vulnera o disposto no art. 9º, § 1º, VI, da Lei 13.303/2016 (Lei das Estatais).</p><p>ACÓRDÃO Nº 4601/2022 - TCU - 2ª Câmara</p><p>Os ministros do Tribunal de Contas da União, reunidos em sessão de 2ª Câmara, ACORDAM, por unanimidade, com fundamento nos artigos 1º, inciso I; 16, inciso II; 18 e 23, inciso II, da Lei 8.443/92, c/c os artigos 1º, inciso I; 143, inciso I, alínea "a"; 208 e 214, inciso II, do Regimento Interno, em julgar regulares com ressalva as contas a seguir relacionadas, e dar quitação aos responsáveis, bem como dar ciência desta deliberação à Companhia de Geração e Transmissão de Energia Elétrica do Sul do Brasil (CGT Eletrosul), de acordo com os pareceres emitidos nos autos.</p><p>1. Processo TC-000.535/2020-6 (PRESTAÇÃO DE CONTAS - Exercício: 2019)</p><p>1.1. Responsáveis: Felipe Ferreira Rodrigues (969.716.060-00); Ricardo Luiz de Souza Licks (312.563.410-53); Tome Aumary Gregorio (290.304.209-87).</p><p>1.2. Órgão/Entidade: Companhia de Geração e Transmissão de Energia Elétrica do Sul do Brasil.</p><p>1.3. Relator: Ministro Aroldo Cedraz.</p><p>1.4. Representante do Ministério Público: Procurador Júlio Marcelo de Oliveira.</p><p>1.5. Unidade Técnica: Secretaria de Fiscalização de Infraestrutura de Energia Elétrica (SeinfraEle).</p><p>1.6. Representação legal: não há.</p><p>1.7. Determinações/Recomendações/Orientações: não há.</p><p>ACÓRDÃO Nº 4602/2022 - TCU - 2ª Câmara</p><p>Os Ministros do Tribunal de Contas da União, reunidos em Sessão da Segunda Câmara;</p><p>Considerando que as análises empreendidas na fase de instrução revelam irregularidades caracterizadas pela incorporação de quintos pelo exercício de função comissionada entre 8/4/1998 e 4/9/2001 e pelo reajuste indevido da parcela incorporada a título de quintos por ocasião da Lei 13.302/2016, em desacordo com a legislação de regência;</p><p>Considerando o entendimento firmado pelo Supremo Tribunal Federal no âmbito do Recurso Extraordinário 638.115, em sede de repercussão geral, no sentido de que "ofende o princípio da legalidade a decisão que concede a incorporação de quintos pelo exercício de função comissionada no período de 8/4/1998 até 4/9/2001, ante a carência de fundamento legal";</p><p>Considerando que, por ocasião do julgamento de embargos de declaração no RE 638.115, o STF modulou os efeitos do sobredito entendimento para reconhecer indevida a suspensão do pagamento dos quintos incorporados no período de 8/4/1998 até 4/9/2001 quando fundado em decisão judicial transitada em julgado;</p><p>Considerando que, ainda por ocasião dos sobreditos embargos, o STF garantiu que aqueles que recebem parcelas de quintos incorporados no período de 8/4/1998 até 4/9/2001 por decisão administrativa ou decisão judicial não transitada em julgado tenham o pagamento mantido até sua absorção integral por quaisquer reajustes futuros concedidos aos servidores, o que deve ser feito mediante transformação da vantagem em parcela compensatória a ser absorvida por reajustes futuros concedidos aos servidores (e.g. Acórdãos 4.193/2020-TCU-Primeira Câmara, 4.691/2020-TCU -Primeira Câmara, 8.185/2021-TCU-Primeira Câmara, 5.674/2020-TCU-Segunda Câmara, 6.170/2020-TCU-Segunda Câmara e 8.465/2021-TCU-Segunda Câmara);</p><p>Considerando que, nos termos do art. 15, § 1º, da Lei 9.527/1997, a vantagem pessoal relativa aos quintos incorporados se sujeita exclusivamente à atualização decorrente da revisão geral da remuneração dos servidores públicos federais, o que não é o caso da Lei 13.302/2016, que não pode ensejar reajuste da vantagem (e.g. Acórdãos 3.223/2020-TCU-Plenário, 41/2021-TCU-Primeira Câmara e 12.338/2021-TCU-Segunda Câmara);</p><p>Considerando que os valores pagos indevidamente foram recebidos de boa-fé;</p><p>Considerando os pareceres convergentes da Secretaria de Fiscalização de Integridade de Atos e Pagamentos de Pessoal e de Benefícios Sociais (Sefip) e do Ministério Público junto a este Tribunal; e</p><p>Considerando que este Tribunal, por intermédio do Acórdão 1.414/2021-Plenário (relator Ministro Walton Alencar Rodrigues), fixou entendimento no sentido da possibilidade de apreciação de ato sujeito a registro mediante relação, na forma do art. 143, inciso II, do Regimento Interno do TCU, nas hipóteses em que a ilegalidade do ato decorra exclusivamente de questão jurídica de solução já pacificada na jurisprudência desta Corte de Contas,</p><p>ACORDAM, com fundamento no art. 71, incisos III e IX, da Constituição Federal de 1988, c/c os arts. 1º, inciso V, e 39, inciso II, da Lei 8.443/1992, e ainda com os arts. 17, inciso III, 143, inciso II, 260 e 262 do Regimento Interno/TCU, em considerar ilegal e negar registro ao ato de aposentadoria em exame e expedir os comandos a seguir discriminados.</p><p>1. Processo TC-002.889/2022-6 (APOSENTADORIA)</p><p>1.1. Interessado: Francisca das Chagas Oliveira (443.851.101-15).</p><p>1.2. Órgão/Entidade: Senado Federal.</p><p>1.3. Relator: Ministro Bruno Dantas.</p><p>1.4. Representante do Ministério Público: Procurador Marinus Eduardo De Vries Marsico.</p><p>1.5. Unidade Técnica: Secretaria de Fiscalização de Integridade de Atos e Pagamentos de Pessoal e de Benefícios Sociais (Sefip).</p><p>1.6. Representação legal: não há.</p><p>1.7. Determinações/Recomendações/Orientações:</p><p>a) dispensar o ressarcimento das quantias indevidamente recebidas de boa-fé, consoante o Enunciado 106 da Súmula de Jurisprudência do TCU;</p><p>b) determinar ao Senado Federal que:</p><p>b.1) no prazo de quinze dias, corrija o valor da parcela percebida a título de incorporação de quintos para os patamares anteriores à vigência da Lei 13.302/2016 e, em seguida, promova o ajuste da proporção da rubrica paga a título de quintos incorporados no período de 8/4/1998 até 4/9/2001 de acordo com a modulação estabelecida pelo STF no âmbito do RE 638.115/CE, caso a referida incorporação não tenha se fundamentado em decisão judicial transitada em julgado;</p><p>b.2.) caso haja rubrica paga a título de quintos incorporados após 4/9/2001, faça cessar todo e qualquer pagamento relativo ao ato, no prazo de quinze dias, emitindo novo ato, livre da irregularidade apontada, e submetendo-o a nova apreciação pelo TCU, na forma do art. 260, caput, do Regimento Interno/TCU;</p><p>b.3) no prazo de trinta dias, informe ao TCU as medidas adotadas e disponibilize, por meio do Sistema e-Pessoal, comprovante da data em que o interessado tomou conhecimento deste acórdão;</p><p>c) remeter cópia deste acórdão, acompanhada da instrução da secretaria especializada (peça 5), ao Senado Federal.</p><p>ACÓRDÃO Nº 4603/2022 - TCU - 2ª Câmara</p><p>Os Ministros do Tribunal de Contas da União, reunidos em Sessão da Segunda Câmara;</p><p>Considerando que as análises empreendidas na fase de instrução revelam irregularidades caracterizadas pela incorporação de quintos pelo exercício de função comissionada entre 8/4/1998 e 4/9/2001 e pelo reajuste indevido da parcela incorporada a título de quintos por ocasião da Lei 13.302/2016, em desacordo com a legislação de regência;</p><p>Considerando o entendimento firmado pelo Supremo Tribunal Federal no âmbito do Recurso Extraordinário 638.115, em sede de repercussão geral, no sentido de que "ofende o princípio da legalidade a decisão que concede a incorporação de quintos pelo exercício de função comissionada no período de 8/4/1998 até 4/9/2001, ante a carência de fundamento legal";</p><p>Considerando que, por ocasião do julgamento de embargos de declaração no RE 638.115, o STF modulou os efeitos do sobredito entendimento para reconhecer indevida a suspensão do pagamento dos quintos incorporados no período de 8/4/1998 até 4/9/2001 quando fundado em decisão judicial transitada em julgado;</p><p>Considerando que, ainda por ocasião dos sobreditos embargos, o STF garantiu que aqueles que recebem parcelas de quintos incorporados no período de 8/4/1998 até 4/9/2001 por decisão administrativa ou decisão judicial não transitada em julgado tenham o pagamento mantido até sua absorção integral por quaisquer reajustes futuros concedidos aos servidores, o que deve ser feito mediante transformação da vantagem em parcela compensatória a ser absorvida por reajustes futuros concedidos aos servidores (e.g. Acórdãos 4.193/2020-TCU-Primeira Câmara, 4.691/2020-TCU -Primeira Câmara, 8.185/2021-TCU-Primeira Câmara, 5.674/2020-TCU-Segunda Câmara, 6.170/2020-TCU-Segunda Câmara e 8.465/2021-TCU-Segunda Câmara);</p><p>Considerando que, nos termos do art. 15, § 1º, da Lei 9.527/1997, a vantagem pessoal relativa aos quintos incorporados se sujeita exclusivamente à atualização decorrente da revisão geral da remuneração dos servidores públicos federais, o que não é o caso da Lei 13.302/2016, que não pode ensejar reajuste da vantagem (e.g. Acórdãos 3.223/2020-TCU-Plenário, 41/2021-TCU-Primeira Câmara e 12.338/2021-TCU-Segunda Câmara);</p><p>Considerando que os valores pagos indevidamente foram recebidos de boa-fé;</p><p>Considerando os pareceres convergentes da Secretaria de Fiscalização de Integridade de Atos e Pagamentos de Pessoal e de Benefícios Sociais (Sefip) e do Ministério Público junto a este Tribunal; e</p><p>Considerando que este Tribunal, por intermédio do Acórdão 1.414/2021-Plenário (relator Ministro Walton Alencar Rodrigues), fixou entendimento no sentido da possibilidade de apreciação de ato sujeito a registro mediante relação, na forma do art. 143, inciso II, do Regimento Interno do TCU, nas hipóteses em que a ilegalidade do ato decorra exclusivamente de questão jurídica de solução já pacificada na jurisprudência desta Corte de Contas,</p><p>ACORDAM, com fundamento no art. 71, incisos III e IX, da Constituição Federal de 1988, c/c os arts. 1º, inciso V, e 39, inciso II, da Lei 8.443/1992, e ainda com os arts. 17, inciso III, 143, inciso II, 260 e 262 do Regimento Interno/TCU, em considerar ilegal e negar registro ao ato de aposentadoria em exame e expedir os comandos a seguir discriminados.</p><p>1. Processo TC-009.531/2022-0 (APOSENTADORIA)</p><p>1.1. Interessado: Tania Maria Santos Monte (226.834.021-04).</p><p>1.2. Órgão/Entidade: Senado Federal.</p><p>1.3. Relator: Ministro Bruno Dantas.</p><p>1.4. Representante do Ministério Público: Procuradora-Geral Cristina Machado da Costa e Silva.</p><p>1.5. Unidade Técnica: Secretaria de Fiscalização de Integridade de Atos e Pagamentos de Pessoal e de Benefícios Sociais (Sefip).</p><p>1.6. Representação legal: não há.</p><p>1.7. Determinações/Recomendações/Orientações:</p><p>a) dispensar o ressarcimento das quantias indevidamente recebidas de boa-fé, consoante o Enunciado 106 da Súmula de Jurisprudência do TCU;</p><p>b) determinar ao Senado Federal que:</p><p>b.1) no prazo de quinze dias, corrija o valor da parcela percebida a título de incorporação de quintos para os patamares anteriores à vigência da Lei 13.302/2016 e, em seguida, promova o ajuste da proporção da rubrica paga a título de quintos incorporados no período de 8/4/1998 até 4/9/2001 de acordo com a modulação estabelecida pelo STF no âmbito do RE 638.115/CE, caso a referida incorporação não tenha se fundamentado em decisão judicial transitada em julgado;</p><p>b.2.) caso haja rubrica paga a título de quintos incorporados após 4/9/2001, faça cessar todo e qualquer pagamento relativo ao ato, no prazo de quinze dias, emitindo novo ato, livre da irregularidade apontada, e submetendo-o a nova apreciação pelo TCU, na forma do art. 260, caput, do Regimento Interno/TCU;</p><p>b.3) no prazo de trinta dias, informe ao TCU as medidas adotadas e disponibilize, por meio do Sistema e-Pessoal, comprovante da data em que o interessado tomou conhecimento deste acórdão;</p><p>c) remeter cópia deste acórdão, acompanhada da instrução da secretaria especializada (peça 5), ao Senado Federal.</p><p>ACÓRDÃO Nº 4604/2022 - TCU - 2ª Câmara</p><p>Os Ministros do Tribunal de Contas da União, reunidos em Sessão da Segunda Câmara;</p><p>Considerando que as análises empreendidas na fase de instrução revelam irregularidades caracterizadas pela incorporação de quintos pelo exercício de função comissionada entre 8/4/1998 e 4/9/2001 e pelo reajuste indevido da parcela incorporada a título de quintos por ocasião da Lei 13.323/2016, em desacordo com a legislação de regência;</p><p>Considerando o entendimento firmado pelo Supremo Tribunal Federal no âmbito do Recurso Extraordinário 638.115, em sede de repercussão geral, no sentido de que "ofende o princípio da legalidade a decisão que concede a incorporação de quintos pelo exercício de função comissionada no período de 8/4/1998 até 4/9/2001, ante a carência de fundamento legal";</p><p>Considerando que, por ocasião do julgamento de embargos de declaração no RE 638.115, o STF modulou os efeitos do sobredito entendimento para reconhecer indevida a suspensão do pagamento dos quintos incorporados no período de 8/4/1998 até 4/9/2001 quando fundado em decisão judicial transitada em julgado;</p><p>Considerando que, ainda por ocasião dos sobreditos embargos, o STF garantiu que aqueles que recebem parcelas de quintos incorporados no período de 8/4/1998 até 4/9/2001 por decisão administrativa ou decisão judicial não transitada em julgado tenham o pagamento mantido até sua absorção integral por quaisquer reajustes futuros concedidos aos servidores, o que deve ser feito mediante transformação da vantagem em parcela compensatória a ser absorvida por reajustes futuros concedidos aos servidores (e.g. Acórdãos 4.193/2020-TCU-Primeira Câmara, 4.691/2020-TCU -Primeira Câmara, 8.185/2021-TCU-Primeira Câmara, 5.674/2020-TCU-Segunda Câmara, 6.170/2020-TCU-Segunda Câmara e 8.465/2021-TCU-Segunda Câmara);</p><p>Considerando que, nos termos do art. 15, § 1º, da Lei 9.527/1997, a vantagem pessoal relativa aos quintos incorporados se sujeita exclusivamente à atualização decorrente da revisão geral da remuneração dos servidores públicos federais, o que não é o caso da Lei 13.323/2016, que não pode ensejar reajuste da vantagem (e.g. Acórdãos 3.537/2021-TCU-Primeira Câmara, 1.624/2022-TCU-Primeira Câmara, 6.297/2021-TCU-Segunda Câmara e 2.823/2022-TCU-Segunda Câmara);</p><p>Considerando que os valores pagos indevidamente foram recebidos de boa-fé;</p><p>Considerando os pareceres convergentes da Secretaria de Fiscalização de Integridade de Atos e Pagamentos de Pessoal e de Benefícios Sociais (Sefip) e do Ministério Público junto a este Tribunal; e</p><p>Considerando que este Tribunal, por intermédio do Acórdão 1.414/2021-Plenário (relator Ministro Walton Alencar Rodrigues), fixou entendimento no sentido da possibilidade de apreciação de ato sujeito a registro mediante relação, na forma do art. 143, inciso II, do Regimento Interno do TCU, nas hipóteses em que a ilegalidade do ato decorra exclusivamente de questão jurídica de solução já pacificada na jurisprudência desta Corte de Contas,</p><p>ACORDAM, com fundamento no art. 71, incisos III e IX, da Constituição Federal de 1988, c/c os arts. 1º, inciso V, e 39, inciso II, da Lei 8.443/1992, e ainda com os arts. 17, inciso III, 143, inciso II, 260 e 262 do Regimento Interno/TCU, em considerar ilegal e negar registro ao ato de aposentadoria em exame e expedir os comandos a seguir discriminados.</p><p>1. Processo TC-011.644/2022-2 (APOSENTADORIA)</p><p>1.1. Interessado: Washington Carlos Maciel da Silva (053.817.698-90).</p><p>1.2. Órgão/Entidade: Câmara dos Deputados.</p><p>1.3. Relator: Ministro Bruno Dantas.</p><p>1.4. Representante do Ministério Público: Procurador Sergio Ricardo Costa Caribé.</p><p>1.5. Unidade Técnica: Secretaria de Fiscalização de Integridade de Atos e Pagamentos de Pessoal e de Benefícios Sociais (Sefip).</p><p>1.6. Representação legal: não há.</p><p>1.7. Determinações/Recomendações/Orientações:</p><p>1.7.1. dispensar o ressarcimento das quantias indevidamente recebidas de boa-fé, consoante o Enunciado 106 da Súmula de Jurisprudência do TCU;</p><p>1.7.2. determinar à Câmara dos Deputados que:</p><p>1.7.2.1 no prazo de quinze dias, corrija o valor da parcela percebida a título de incorporação de quintos para os patamares anteriores à vigência da Lei 13.323/2016 e, em seguida, promova o ajuste da proporção da rubrica paga a título de quintos incorporados no período de 8/4/1998 até 4/9/2001 de acordo com a modulação estabelecida pelo STF no âmbito do RE 638.115/CE, caso a referida incorporação não tenha se fundamentado em decisão judicial transitada em julgado;</p><p>1.7.2.2. caso haja rubrica paga a título de quintos incorporados após 4/9/2001, faça cessar todo e qualquer pagamento relativo ao ato, no prazo de quinze dias, emitindo novo ato, livre da irregularidade apontada, e submetendo-o a nova apreciação pelo TCU, na forma do art. 260, caput, do Regimento Interno/TCU;</p><p>1.7.2.3. no prazo de trinta dias, informe ao TCU as medidas adotadas e disponibilize, por meio do Sistema e-Pessoal, comprovante da data em que o interessado tomou conhecimento deste acórdão;</p><p>1.7.3. remeter cópia deste acórdão, acompanhada da instrução da secretaria especializada (peça 5), à Câmara dos Deputados.</p>]]></Texto>
  </body>
  <Midias />
</article></xml>