﻿<xml><article id="27750631" name="Aut-591_2022" idOficio="9060357" pubName="DO1" artType="Autorização" pubDate="30/08/2022" artClass="00023:00031:00058:00048:00000:00000:00000:00000:00000:00000:00012:00005" artCategory="Ministério de Minas e Energia/Agência Nacional do Petróleo, Gás Natural e Biocombustíveis/Diretoria I/Superintendência de Distribuição e Logística" artSize="12" artNotes="" numberPage="235" pdfPage="http://pesquisa.in.gov.br/imprensa/jsp/visualiza/index.jsp?data=30/08/2022&amp;jornal=515&amp;pagina=235" editionNumber="165" highlightType="" highlightPriority="" highlight="" highlightimage="" highlightimagename="" idMateria="19844200">
  <body>
    <Identifica><![CDATA[ AUTORIZAÇÃO SDL-ANP Nº 591, DE 29 DE AGOSTO DE 2022]]></Identifica>
    <Data><![CDATA[]]></Data>
    <Ementa />
    <Titulo />
    <SubTitulo />
    <Texto><![CDATA[<p class="identifica">AUTORIZAÇÃO SDL-ANP Nº 591, DE 29 DE AGOSTO DE 2022</p><p>O SUPERINTENDENTE DE DISTRIBUIÇÃO E LOGÍSTICA DA AGÊNCIA NACIONAL DO PETRÓLEO, GÁS NATURAL E BIOCOMBUSTÍVEIS - ANP, no uso das atribuições que lhe foram conferidas pela Portaria ANP nº 265, de 10 de setembro de 2020, tendo em vista o disposto na Lei nº 9.478, de 06 de agosto de 1997, considerando as disposições da Resolução ANP 10, de 15/03/2016, e considerando o que consta no Processo 48610.200050/2022-57, resolve: autorizar a empresa F. S. CARNEIRO EIRELI - CNPJ 35.291.567/0001-49, a exercer a atividade de Transportador Revendedor Retalhista na Navegação Interior (TRRNI).</p><p class="assina">RUBENS CERQUEIRA FREITAS</p>]]></Texto>
  </body>
  <Midias />
</article></xml>