﻿<xml><article id="27749697" name="DeliberaAAo DG 120-2022" idOficio="9059471" pubName="DO1" artType="Deliberação" pubDate="30/08/2022" artClass="00019:00035:00000:00000:00000:00000:00000:00000:00000:00000:00022:00002" artCategory="Ministério da Infraestrutura/Agência Nacional de Transportes Aquaviários" artSize="24" artNotes="" numberPage="200" pdfPage="http://pesquisa.in.gov.br/imprensa/jsp/visualiza/index.jsp?data=30/08/2022&amp;jornal=515&amp;pagina=200" editionNumber="165" highlightType="" highlightPriority="" highlight="" highlightimage="" highlightimagename="" idMateria="19843004">
  <body>
    <Identifica><![CDATA[ DELIBERAÇÃO Nº 120, De 29 de agosto de 2022]]></Identifica>
    <Data><![CDATA[]]></Data>
    <Ementa />
    <Titulo />
    <SubTitulo />
    <Texto><![CDATA[<p class="identifica">DELIBERAÇÃO Nº 120, De 29 de agosto de 2022</p><p>O DIRETOR-GERAL DA AGÊNCIA NACIONAL DE TRANSPORTES AQUAVIÁRIOS, no uso da competência que lhe é conferida pelo inciso IV do art. 20 do Regimento Interno e pelo art. 4º da Resolução ANTAQ nº 61, de 2021, considerando o que consta do Processo nº 50300.010802/2022-35 e o teor do Acórdão nº 435-2022, proferido na Reunião Ordinária da Diretoria Colegiada nº 525, realizada entre 25 a 27/07/2022, resolve:</p><p>Art. 1º Homologar o resultado do pedido de padronização tarifária conjunto ao pleito de revisão tarifária referente ao período de 07/05/2015 a 30/04/2022, nos termos do art. 34, § 2º da Resolução ANTAQ nº 61, de 2021, incidentes sobre as modalidades tarifárias do Porto de Imbituba, autorizando uma Receita Tarifária Anual (RAT) projetada de R$ 79.890.267,47 para o período de referência subsequente à revisão, equivalendo a um requerimento de um Índice de Reajuste Médio (IRT) de 21,35% e um Efeito Médio Tarifário (EMT) de 4,75%.</p><p>Art. 2º As novas tarifas, seus limites máximos e a estrutura tarifária para o período subsequente à presente revisão constam nos Anexos desta Deliberação, e entrarão em vigor em no máximo até 45 (quarenta e cinco) dias úteis, contados da publicação desta Deliberação, alterando-se as normas gerais de aplicação existentes.</p><p>Art. 3º Determinar que a SCPar Porto de Imbituba, conforme requisitos e prazos presentes no art. 14 da Resolução ANTAQ nº 61, de 2021:</p><p>I - revise, atualize e consolide os demais atos administrativos internos que estabeleçam valores e cobranças tarifárias no porto organizado, publicando a lista remodelada e compatibilizada desses atos remanescentes no documento que dará vigência e publicidade à nova estrutura tarifária completa; e</p><p>II - encaminhe à Superintendência de Regulação da ANTAQ, para ciência e acompanhamento, cópia do documento citado no inciso anterior.</p><p>Art. 4º Esta Deliberação entra em vigor na data de sua publicação no Diário Oficial da União.</p><p class="assina">EDUARDO NERY MACHADO FILHO</p><p>ANEXO I - TARIFAS REVISADAS</p><p /><p></p><table><tr /><tr><td rowspan="1" colspan="1"><p>NUMERO</p></td><td rowspan="1" colspan="1"><p>GRUPO</p></td><td rowspan="1" colspan="1"><p>TABELA</p></td><td rowspan="1" colspan="1"><p>ITEM</p></td><td rowspan="1" colspan="1"><p>FORMA DE INCIDÊNCIA</p></td><td rowspan="1" colspan="1"><p>NOVA TARIFA COM IMPOSTOS (R$)</p></td></tr><tr><td rowspan="1" colspan="1"><p>1</p></td><td rowspan="1" colspan="1"><p>1</p></td><td rowspan="1" colspan="1"><p>Tabela I</p></td><td rowspan="1" colspan="1"><p>2</p></td><td rowspan="1" colspan="1"><p>Tarifa variável, pela tonelagem de porto bruto da embarcação (TPB / DWT):</p></td><td rowspan="1" colspan="1"><p>---</p></td></tr><tr><td rowspan="1" colspan="1"><p>2</p></td><td rowspan="1" colspan="1" /><td rowspan="1" colspan="1" /><td rowspan="1" colspan="1"><p>2.1</p></td><td rowspan="1" colspan="1"><p>Para operações de longo curso:</p></td><td rowspan="1" colspan="1"><p>---</p></td></tr><tr><td rowspan="1" colspan="1"><p>3</p></td><td rowspan="1" colspan="1" /><td rowspan="1" colspan="1" /><td rowspan="1" colspan="1"><p>2.1.1</p></td><td rowspan="1" colspan="1"><p>De carga geral ou de projeto, solta.</p></td><td rowspan="1" colspan="1"><p>1,07</p></td></tr><tr><td rowspan="1" colspan="1"><p>4</p></td><td rowspan="1" colspan="1" /><td rowspan="1" colspan="1" /><td rowspan="1" colspan="1"><p>2.1.2</p></td><td rowspan="1" colspan="1"><p>De carga geral, conteinerizada.</p></td><td rowspan="1" colspan="1"><p>1,07</p></td></tr><tr><td rowspan="1" colspan="1"><p>5</p></td><td rowspan="1" colspan="1" /><td rowspan="1" colspan="1" /><td rowspan="1" colspan="1"><p>2.1.3</p></td><td rowspan="1" colspan="1"><p>De granéis sólidos.</p></td><td rowspan="1" colspan="1"><p>1,07</p></td></tr><tr><td rowspan="1" colspan="1"><p>6</p></td><td rowspan="1" colspan="1" /><td rowspan="1" colspan="1" /><td rowspan="1" colspan="1"><p>2.1.4</p></td><td rowspan="1" colspan="1"><p>De granéis líquidos.</p></td><td rowspan="1" colspan="1"><p>1,07</p></td></tr><tr><td rowspan="1" colspan="1"><p>7</p></td><td rowspan="1" colspan="1" /><td rowspan="1" colspan="1" /><td rowspan="1" colspan="1"><p>2.1.5</p></td><td rowspan="1" colspan="1"><p>De petróleo, de seus derivados ou outros combustíveis.</p></td><td rowspan="1" colspan="1"><p>1,07</p></td></tr><tr><td rowspan="1" colspan="1"><p>8</p></td><td rowspan="1" colspan="1" /><td rowspan="1" colspan="1" /><td rowspan="1" colspan="1"><p>2.1.6</p></td><td rowspan="1" colspan="1"><p>De embarcações do tipo roll-on roll-off.</p></td><td rowspan="1" colspan="1"><p>1,07</p></td></tr><tr><td rowspan="1" colspan="1"><p>9</p></td><td rowspan="1" colspan="1" /><td rowspan="1" colspan="1" /><td rowspan="1" colspan="1"><p>2.1.7</p></td><td rowspan="1" colspan="1"><p>De embarcações de turismo ou de transporte de passageiros.</p></td><td rowspan="1" colspan="1"><p>1,07</p></td></tr><tr><td rowspan="1" colspan="1"><p>10</p></td><td rowspan="1" colspan="1" /><td rowspan="1" colspan="1" /><td rowspan="1" colspan="1"><p>2.1.8</p></td><td rowspan="1" colspan="1"><p>De carga perigosa ou tóxica.</p></td><td rowspan="1" colspan="1"><p>1,07</p></td></tr><tr><td rowspan="1" colspan="1"><p>11</p></td><td rowspan="1" colspan="1" /><td rowspan="1" colspan="1" /><td rowspan="1" colspan="1"><p>2.1.9</p></td><td rowspan="1" colspan="1"><p>Com outros fins ou que não movimentam carga, inclusive fundeio para abastecimento.</p></td><td rowspan="1" colspan="1"><p>1,07</p></td></tr><tr><td rowspan="1" colspan="1"><p>12</p></td><td rowspan="1" colspan="1" /><td rowspan="1" colspan="1" /><td rowspan="1" colspan="1"><p>2.2</p></td><td rowspan="1" colspan="1"><p>Para operação de cabotagem ou navegação interior:</p></td><td rowspan="1" colspan="1"><p>---</p></td></tr><tr><td rowspan="1" colspan="1"><p>13</p></td><td rowspan="1" colspan="1" /><td rowspan="1" colspan="1" /><td rowspan="1" colspan="1"><p>2.2.1</p></td><td rowspan="1" colspan="1"><p>De carga geral ou de projeto, solta.</p></td><td rowspan="1" colspan="1"><p>1,07</p></td></tr><tr><td rowspan="1" colspan="1"><p>14</p></td><td rowspan="1" colspan="1" /><td rowspan="1" colspan="1" /><td rowspan="1" colspan="1"><p>2.2.2</p></td><td rowspan="1" colspan="1"><p>De carga geral, conteinerizada.</p></td><td rowspan="1" colspan="1"><p>1,07</p></td></tr><tr><td rowspan="1" colspan="1"><p>15</p></td><td rowspan="1" colspan="1" /><td rowspan="1" colspan="1" /><td rowspan="1" colspan="1"><p>2.2.3</p></td><td rowspan="1" colspan="1"><p>De granéis sólidos.</p></td><td rowspan="1" colspan="1"><p>1,07</p></td></tr><tr><td rowspan="1" colspan="1"><p>16</p></td><td rowspan="1" colspan="1" /><td rowspan="1" colspan="1" /><td rowspan="1" colspan="1"><p>2.2.4</p></td><td rowspan="1" colspan="1"><p>De granéis líquidos.</p></td><td rowspan="1" colspan="1"><p>1,07</p></td></tr><tr><td rowspan="1" colspan="1"><p>17</p></td><td rowspan="1" colspan="1" /><td rowspan="1" colspan="1" /><td rowspan="1" colspan="1"><p>2.2.5</p></td><td rowspan="1" colspan="1"><p>De petróleo, de seus derivados ou outros combustíveis.</p></td><td rowspan="1" colspan="1"><p>1,07</p></td></tr><tr><td rowspan="1" colspan="1"><p>18</p></td><td rowspan="1" colspan="1" /><td rowspan="1" colspan="1" /><td rowspan="1" colspan="1"><p>2.2.6</p></td><td rowspan="1" colspan="1"><p>De embarcações do tipo roll-on roll-off.</p></td><td rowspan="1" colspan="1"><p>1,07</p></td></tr><tr><td rowspan="1" colspan="1"><p>19</p></td><td rowspan="1" colspan="1" /><td rowspan="1" colspan="1" /><td rowspan="1" colspan="1"><p>2.2.7</p></td><td rowspan="1" colspan="1"><p>De embarcações de turismo ou de transporte de passageiros.</p></td><td rowspan="1" colspan="1"><p>1,07</p></td></tr><tr><td rowspan="1" colspan="1"><p>20</p></td><td rowspan="1" colspan="1" /><td rowspan="1" colspan="1" /><td rowspan="1" colspan="1"><p>2.2.8</p></td><td rowspan="1" colspan="1"><p>De carga perigosa ou tóxica.</p></td><td rowspan="1" colspan="1"><p>1,07</p></td></tr><tr><td rowspan="1" colspan="1"><p>21</p></td><td rowspan="1" colspan="1" /><td rowspan="1" colspan="1" /><td rowspan="1" colspan="1"><p>2.2.9</p></td><td rowspan="1" colspan="1"><p>Com outros fins ou que não movimentam carga ou passageiro, inclusive fundeio para abastecimento.</p></td><td rowspan="1" colspan="1"><p>1,07</p></td></tr><tr><td rowspan="1" colspan="1"><p>22</p></td><td rowspan="1" colspan="1"><p>2</p></td><td rowspan="1" colspan="1"><p>Tabela II</p></td><td rowspan="1" colspan="1"><p>1</p></td><td rowspan="1" colspan="1"><p>Para todos os berços</p></td><td rowspan="1" colspan="1"><p>---</p></td></tr><tr><td rowspan="1" colspan="1"><p>23</p></td><td rowspan="1" colspan="1" /><td rowspan="1" colspan="1" /><td rowspan="1" colspan="1"><p>1.1</p></td><td rowspan="1" colspan="1"><p>Por metro linear de instalação ocupada por embarcação, por hora ou fração, até o limite de 48 horas:</p></td><td rowspan="1" colspan="1"><p>---</p></td></tr><tr><td rowspan="1" colspan="1"><p>24</p></td><td rowspan="1" colspan="1" /><td rowspan="1" colspan="1" /><td rowspan="1" colspan="1"><p>1.1.1</p></td><td rowspan="1" colspan="1"><p>Para operações de longo curso no berço.</p></td><td rowspan="1" colspan="1"><p>2,62</p></td></tr><tr><td rowspan="1" colspan="1"><p>25</p></td><td rowspan="1" colspan="1" /><td rowspan="1" colspan="1" /><td rowspan="1" colspan="1"><p>1.1.2</p></td><td rowspan="1" colspan="1"><p>Para operação de cabotagem ou navegação interior.</p></td><td rowspan="1" colspan="1"><p>2,62</p></td></tr><tr><td rowspan="1" colspan="1"><p>26</p></td><td rowspan="1" colspan="1" /><td rowspan="1" colspan="1" /><td rowspan="1" colspan="1"><p>1.2</p></td><td rowspan="1" colspan="1"><p>Por metro linear de instalação ocupada por embarcação, por hora ou fração, após 48 horas:</p></td><td rowspan="1" colspan="1"><p>---</p></td></tr><tr><td rowspan="1" colspan="1"><p>27</p></td><td rowspan="1" colspan="1" /><td rowspan="1" colspan="1" /><td rowspan="1" colspan="1"><p>1.2.1</p></td><td rowspan="1" colspan="1"><p>Para operações de longo curso no berço.</p></td><td rowspan="1" colspan="1"><p>2,62</p></td></tr><tr><td rowspan="1" colspan="1"><p>28</p></td><td rowspan="1" colspan="1" /><td rowspan="1" colspan="1" /><td rowspan="1" colspan="1"><p>1.2.2</p></td><td rowspan="1" colspan="1"><p>Para operação de cabotagem ou navegação interior.</p></td><td rowspan="1" colspan="1"><p>2,62</p></td></tr><tr><td rowspan="1" colspan="1"><p>29</p></td><td rowspan="1" colspan="1"><p>3</p></td><td rowspan="1" colspan="1"><p>Tabela III</p></td><td rowspan="1" colspan="1"><p>1</p></td><td rowspan="1" colspan="1"><p>Por tonelada de mercadoria movimentada a partir da embarcação até as instalações de armazenagem ou limite do porto, ou no sentido inverso.</p></td><td rowspan="1" colspan="1"><p>---</p></td></tr><tr><td rowspan="1" colspan="1"><p>30</p></td><td rowspan="1" colspan="1" /><td rowspan="1" colspan="1" /><td rowspan="1" colspan="1"><p>1.1</p></td><td rowspan="1" colspan="1"><p>Granéis Sólidos</p></td><td rowspan="1" colspan="1"><p>4,95</p></td></tr><tr><td rowspan="1" colspan="1"><p>31</p></td><td rowspan="1" colspan="1" /><td rowspan="1" colspan="1" /><td rowspan="1" colspan="1"><p>1.2</p></td><td rowspan="1" colspan="1"><p>Granéis Liquidos</p></td><td rowspan="1" colspan="1"><p>4,95</p></td></tr><tr><td rowspan="1" colspan="1"><p>32</p></td><td rowspan="1" colspan="1" /><td rowspan="1" colspan="1" /><td rowspan="1" colspan="1"><p>1.3</p></td><td rowspan="1" colspan="1"><p>Carga Geral</p></td><td rowspan="1" colspan="1"><p>6,20</p></td></tr><tr><td rowspan="1" colspan="1"><p>33</p></td><td rowspan="1" colspan="1" /><td rowspan="1" colspan="1" /><td rowspan="1" colspan="1"><p>1.4</p></td><td rowspan="1" colspan="1"><p>Outras</p></td><td rowspan="1" colspan="1"><p>7,44</p></td></tr><tr><td rowspan="1" colspan="1"><p>34</p></td><td rowspan="1" colspan="1" /><td rowspan="1" colspan="1" /><td rowspan="1" colspan="1"><p>2</p></td><td rowspan="1" colspan="1"><p>Por contêiner movimentado a partir da embarcação até as instalações de armazenagem ou limite do porto, ou no sentido inverso.</p></td><td rowspan="1" colspan="1"><p>---</p></td></tr><tr><td rowspan="1" colspan="1"><p>35</p></td><td rowspan="1" colspan="1" /><td rowspan="1" colspan="1" /><td rowspan="1" colspan="1"><p>2.1</p></td><td rowspan="1" colspan="1"><p>Por box de contêiner</p></td><td rowspan="1" colspan="1"><p>62,02</p></td></tr><tr><td rowspan="1" colspan="1"><p>36</p></td><td rowspan="1" colspan="1"><p>5</p></td><td rowspan="1" colspan="1"><p>Tabela V</p></td><td rowspan="1" colspan="1"><p>1</p></td><td rowspan="1" colspan="1"><p>Áreas cobertas:</p></td><td rowspan="1" colspan="1"><p>---</p></td></tr><tr><td rowspan="1" colspan="1"><p>37</p></td><td rowspan="1" colspan="1" /><td rowspan="1" colspan="1" /><td rowspan="1" colspan="1"><p>1.1</p></td><td rowspan="1" colspan="1"><p>Mercadorias diversas de importação do estrangeiro, ainda sujeitas ao desembaraço aduaneiro, recebidas em armazéns ou pátios:</p></td><td rowspan="1" colspan="1"><p>---</p></td></tr><tr><td rowspan="1" colspan="1"><p>38</p></td><td rowspan="1" colspan="1" /><td rowspan="1" colspan="1" /><td rowspan="1" colspan="1"><p>1.1.1</p></td><td rowspan="1" colspan="1"><p>No primeiro período de 10 dias ou fração, por dia.</p></td><td rowspan="1" colspan="1"><p>2,81</p></td></tr><tr><td rowspan="1" colspan="1"><p>39</p></td><td rowspan="1" colspan="1" /><td rowspan="1" colspan="1" /><td rowspan="1" colspan="1"><p>1.1.2</p></td><td rowspan="1" colspan="1"><p>No segundo e períodos subsequentes de 10 dias ou fração, por dia.</p></td><td rowspan="1" colspan="1"><p>2,81</p></td></tr><tr><td rowspan="1" colspan="1"><p>40</p></td><td rowspan="1" colspan="1" /><td rowspan="1" colspan="1" /><td rowspan="1" colspan="1"><p>1.2</p></td><td rowspan="1" colspan="1"><p>Mercadorias diversas, nacionais ou nacionalizadas, recebidas em armazéns ou pátios, por tonelada:</p></td><td rowspan="1" colspan="1"><p>---</p></td></tr><tr><td rowspan="1" colspan="1"><p>41</p></td><td rowspan="1" colspan="1" /><td rowspan="1" colspan="1" /><td rowspan="1" colspan="1"><p>1.2.1</p></td><td rowspan="1" colspan="1"><p>No primeiro período de 10 dias ou fração, por dia.</p></td><td rowspan="1" colspan="1"><p>2,81</p></td></tr><tr><td rowspan="1" colspan="1"><p>42</p></td><td rowspan="1" colspan="1" /><td rowspan="1" colspan="1" /><td rowspan="1" colspan="1"><p>1.2.2</p></td><td rowspan="1" colspan="1"><p>No segundo e períodos subsequentes de 10 dias ou fração, por dia.</p></td><td rowspan="1" colspan="1"><p>2,81</p></td></tr><tr><td rowspan="1" colspan="1"><p>43</p></td><td rowspan="1" colspan="1" /><td rowspan="1" colspan="1" /><td rowspan="1" colspan="1"><p>1.3</p></td><td rowspan="1" colspan="1"><p>Contêiner com mercadorias nacionais ou nacionalizadas, por unidade:</p></td><td rowspan="1" colspan="1"><p>---</p></td></tr><tr><td rowspan="1" colspan="1"><p>44</p></td><td rowspan="1" colspan="1" /><td rowspan="1" colspan="1" /><td rowspan="1" colspan="1"><p>1.3.1</p></td><td rowspan="1" colspan="1"><p>No primeiro período de 10 dias ou fração, por dia.</p></td><td rowspan="1" colspan="1"><p>24,50</p></td></tr><tr><td rowspan="1" colspan="1"><p>45</p></td><td rowspan="1" colspan="1" /><td rowspan="1" colspan="1" /><td rowspan="1" colspan="1"><p>1.3.2</p></td><td rowspan="1" colspan="1"><p>No segundo e períodos subsequentes de 10 dias ou fração, por dia.</p></td><td rowspan="1" colspan="1"><p>24,50</p></td></tr><tr><td rowspan="1" colspan="1"><p>46</p></td><td rowspan="1" colspan="1" /><td rowspan="1" colspan="1" /><td rowspan="1" colspan="1"><p>1.4</p></td><td rowspan="1" colspan="1"><p>Contêiner vazio, por unidade:</p></td><td rowspan="1" colspan="1"><p>---</p></td></tr><tr><td rowspan="1" colspan="1"><p>47</p></td><td rowspan="1" colspan="1" /><td rowspan="1" colspan="1" /><td rowspan="1" colspan="1"><p>1.4.1</p></td><td rowspan="1" colspan="1"><p>No primeiro período de 10 dias ou fração, por dia.</p></td><td rowspan="1" colspan="1"><p>24,50</p></td></tr><tr><td rowspan="1" colspan="1"><p>48</p></td><td rowspan="1" colspan="1" /><td rowspan="1" colspan="1" /><td rowspan="1" colspan="1"><p>1.4.2</p></td><td rowspan="1" colspan="1"><p>No segundo e períodos subsequentes de 10 dias ou fração, por dia.</p></td><td rowspan="1" colspan="1"><p>24,50</p></td></tr><tr><td rowspan="1" colspan="1"><p>49</p></td><td rowspan="1" colspan="1" /><td rowspan="1" colspan="1" /><td rowspan="1" colspan="1"><p>1.5</p></td><td rowspan="1" colspan="1"><p>Mercadorias a granel sólido, por tonelada:</p></td><td rowspan="1" colspan="1"><p>---</p></td></tr><tr><td rowspan="1" colspan="1"><p>50</p></td><td rowspan="1" colspan="1" /><td rowspan="1" colspan="1" /><td rowspan="1" colspan="1"><p>1.5.1</p></td><td rowspan="1" colspan="1"><p>No primeiro período de 10 dias ou fração, por dia.</p></td><td rowspan="1" colspan="1"><p>3,14</p></td></tr><tr><td rowspan="1" colspan="1"><p>51</p></td><td rowspan="1" colspan="1" /><td rowspan="1" colspan="1" /><td rowspan="1" colspan="1"><p>1.5.2</p></td><td rowspan="1" colspan="1"><p>No segundo e períodos subsequentes de 10 dias ou fração, por dia.</p></td><td rowspan="1" colspan="1"><p>3,14</p></td></tr><tr><td rowspan="1" colspan="1"><p>52</p></td><td rowspan="1" colspan="1" /><td rowspan="1" colspan="1" /><td rowspan="1" colspan="1"><p>1.6</p></td><td rowspan="1" colspan="1"><p>Mercadorias a granel líquido, por tonelada:</p></td><td rowspan="1" colspan="1"><p>---</p></td></tr><tr><td rowspan="1" colspan="1"><p>53</p></td><td rowspan="1" colspan="1" /><td rowspan="1" colspan="1" /><td rowspan="1" colspan="1"><p>1.6.1</p></td><td rowspan="1" colspan="1"><p>No primeiro período de 10 dias ou fração, por dia.</p></td><td rowspan="1" colspan="1"><p>8,07</p></td></tr><tr><td rowspan="1" colspan="1"><p>54</p></td><td rowspan="1" colspan="1" /><td rowspan="1" colspan="1" /><td rowspan="1" colspan="1"><p>1.6.2</p></td><td rowspan="1" colspan="1"><p>No segundo e períodos subsequentes de 10 dias ou fração, por dia.</p></td><td rowspan="1" colspan="1"><p>8,07</p></td></tr><tr><td rowspan="1" colspan="1"><p>55</p></td><td rowspan="1" colspan="1" /><td rowspan="1" colspan="1" /><td rowspan="1" colspan="1"><p>1.7</p></td><td rowspan="1" colspan="1"><p>Por contêiner refrigerado, com mercadoria nacional ou nacionalizada, por unidade:</p></td><td rowspan="1" colspan="1"><p>---</p></td></tr><tr><td rowspan="1" colspan="1"><p>56</p></td><td rowspan="1" colspan="1" /><td rowspan="1" colspan="1" /><td rowspan="1" colspan="1"><p>1.7.1</p></td><td rowspan="1" colspan="1"><p>No primeiro período de 10 dias ou fração, por dia.</p></td><td rowspan="1" colspan="1"><p>40,75</p></td></tr><tr><td rowspan="1" colspan="1"><p>57</p></td><td rowspan="1" colspan="1" /><td rowspan="1" colspan="1" /><td rowspan="1" colspan="1"><p>1.7.2</p></td><td rowspan="1" colspan="1"><p>No segundo e períodos subsequentes de 10 dias ou fração, por dia.</p></td><td rowspan="1" colspan="1"><p>40,75</p></td></tr><tr><td rowspan="1" colspan="1"><p>58</p></td><td rowspan="1" colspan="1" /><td rowspan="1" colspan="1" /><td rowspan="1" colspan="1"><p>2</p></td><td rowspan="1" colspan="1"><p>Áreas descobertas:</p></td><td rowspan="1" colspan="1"><p>---</p></td></tr><tr><td rowspan="1" colspan="1"><p>59</p></td><td rowspan="1" colspan="1" /><td rowspan="1" colspan="1" /><td rowspan="1" colspan="1"><p>2.1</p></td><td rowspan="1" colspan="1"><p>Mercadorias diversas de importação do estrangeiro, ainda sujeitas ao desembaraço aduaneiro, recebidas em armazéns ou pátios:</p></td><td rowspan="1" colspan="1"><p>---</p></td></tr><tr><td rowspan="1" colspan="1"><p>60</p></td><td rowspan="1" colspan="1" /><td rowspan="1" colspan="1" /><td rowspan="1" colspan="1"><p>2.1.1</p></td><td rowspan="1" colspan="1"><p>No primeiro período de 10 dias ou fração, por dia.</p></td><td rowspan="1" colspan="1"><p>2,81</p></td></tr><tr><td rowspan="1" colspan="1"><p>61</p></td><td rowspan="1" colspan="1" /><td rowspan="1" colspan="1" /><td rowspan="1" colspan="1"><p>2.1.2</p></td><td rowspan="1" colspan="1"><p>No segundo e períodos subsequentes de 10 dias ou fração, por dia.</p></td><td rowspan="1" colspan="1"><p>2,81</p></td></tr><tr><td rowspan="1" colspan="1"><p>62</p></td><td rowspan="1" colspan="1" /><td rowspan="1" colspan="1" /><td rowspan="1" colspan="1"><p>2.2</p></td><td rowspan="1" colspan="1"><p>Mercadorias diversas, nacionais ou nacionalizadas, recebidas em armazéns ou pátios, por tonelada:</p></td><td rowspan="1" colspan="1"><p>---</p></td></tr><tr><td rowspan="1" colspan="1"><p>63</p></td><td rowspan="1" colspan="1" /><td rowspan="1" colspan="1" /><td rowspan="1" colspan="1"><p>2.2.1</p></td><td rowspan="1" colspan="1"><p>No primeiro período de 10 dias ou fração, por dia.</p></td><td rowspan="1" colspan="1"><p>2,81</p></td></tr><tr><td rowspan="1" colspan="1"><p>64</p></td><td rowspan="1" colspan="1" /><td rowspan="1" colspan="1" /><td rowspan="1" colspan="1"><p>2.2.2</p></td><td rowspan="1" colspan="1"><p>No segundo e períodos subsequentes de 10 dias ou fração, por dia.</p></td><td rowspan="1" colspan="1"><p>2,81</p></td></tr><tr><td rowspan="1" colspan="1"><p>65</p></td><td rowspan="1" colspan="1" /><td rowspan="1" colspan="1" /><td rowspan="1" colspan="1"><p>2.3</p></td><td rowspan="1" colspan="1"><p>Contêiner com mercadorias nacionais ou nacionalizadas, por unidade:</p></td><td rowspan="1" colspan="1"><p>---</p></td></tr><tr><td rowspan="1" colspan="1"><p>66</p></td><td rowspan="1" colspan="1" /><td rowspan="1" colspan="1" /><td rowspan="1" colspan="1"><p>2.3.1</p></td><td rowspan="1" colspan="1"><p>No primeiro período de 10 dias ou fração, por dia.</p></td><td rowspan="1" colspan="1"><p>24,50</p></td></tr><tr><td rowspan="1" colspan="1"><p>67</p></td><td rowspan="1" colspan="1" /><td rowspan="1" colspan="1" /><td rowspan="1" colspan="1"><p>2.3.2</p></td><td rowspan="1" colspan="1"><p>No segundo e períodos subsequentes de 10 dias ou fração, por dia.</p></td><td rowspan="1" colspan="1"><p>24,50</p></td></tr><tr><td rowspan="1" colspan="1"><p>68</p></td><td rowspan="1" colspan="1" /><td rowspan="1" colspan="1" /><td rowspan="1" colspan="1"><p>2.4</p></td><td rowspan="1" colspan="1"><p>Contêiner vazio, por unidade:</p></td><td rowspan="1" colspan="1"><p>---</p></td></tr><tr><td rowspan="1" colspan="1"><p>69</p></td><td rowspan="1" colspan="1" /><td rowspan="1" colspan="1" /><td rowspan="1" colspan="1"><p>2.4.1</p></td><td rowspan="1" colspan="1"><p>No primeiro período de 10 dias ou fração, por dia.</p></td><td rowspan="1" colspan="1"><p>24,50</p></td></tr><tr><td rowspan="1" colspan="1"><p>70</p></td><td rowspan="1" colspan="1" /><td rowspan="1" colspan="1" /><td rowspan="1" colspan="1"><p>2.4.2</p></td><td rowspan="1" colspan="1"><p>No segundo e períodos subsequentes de 10 dias ou fração, por dia.</p></td><td rowspan="1" colspan="1"><p>24,50</p></td></tr><tr><td rowspan="1" colspan="1"><p>71</p></td><td rowspan="1" colspan="1" /><td rowspan="1" colspan="1" /><td rowspan="1" colspan="1"><p>2.5</p></td><td rowspan="1" colspan="1"><p>Mercadorias a granel sólido, por tonelada:</p></td><td rowspan="1" colspan="1"><p>---</p></td></tr><tr><td rowspan="1" colspan="1"><p>72</p></td><td rowspan="1" colspan="1" /><td rowspan="1" colspan="1" /><td rowspan="1" colspan="1"><p>2.5.1</p></td><td rowspan="1" colspan="1"><p>No primeiro período de 10 dias ou fração, por dia.</p></td><td rowspan="1" colspan="1"><p>1,89</p></td></tr><tr><td rowspan="1" colspan="1"><p>73</p></td><td rowspan="1" colspan="1" /><td rowspan="1" colspan="1" /><td rowspan="1" colspan="1"><p>2.5.2</p></td><td rowspan="1" colspan="1"><p>No segundo e períodos subsequentes de 10 dias ou fração, por dia.</p></td><td rowspan="1" colspan="1"><p>1,89</p></td></tr><tr><td rowspan="1" colspan="1"><p>74</p></td><td rowspan="1" colspan="1" /><td rowspan="1" colspan="1" /><td rowspan="1" colspan="1"><p>2.6</p></td><td rowspan="1" colspan="1"><p>Mercadorias a granel líquido, por tonelada:</p></td><td rowspan="1" colspan="1"><p>---</p></td></tr><tr><td rowspan="1" colspan="1"><p>75</p></td><td rowspan="1" colspan="1" /><td rowspan="1" colspan="1" /><td rowspan="1" colspan="1"><p>2.6.1</p></td><td rowspan="1" colspan="1"><p>No primeiro período de 10 dias ou fração, por dia.</p></td><td rowspan="1" colspan="1"><p>8,07</p></td></tr><tr><td rowspan="1" colspan="1"><p>76</p></td><td rowspan="1" colspan="1" /><td rowspan="1" colspan="1" /><td rowspan="1" colspan="1"><p>2.6.2</p></td><td rowspan="1" colspan="1"><p>No segundo e períodos subsequentes de 10 dias ou fração, por dia.</p></td><td rowspan="1" colspan="1"><p>8,07</p></td></tr><tr><td rowspan="1" colspan="1"><p>77</p></td><td rowspan="1" colspan="1" /><td rowspan="1" colspan="1" /><td rowspan="1" colspan="1"><p>2.7</p></td><td rowspan="1" colspan="1"><p>Por contêiner refrigerado, com mercadoria nacional ou nacionalizada, por unidade:</p></td><td rowspan="1" colspan="1"><p>---</p></td></tr><tr><td rowspan="1" colspan="1"><p>78</p></td><td rowspan="1" colspan="1" /><td rowspan="1" colspan="1" /><td rowspan="1" colspan="1"><p>2.7.1</p></td><td rowspan="1" colspan="1"><p>No primeiro período de 10 dias ou fração, por dia.</p></td><td rowspan="1" colspan="1"><p>40,75</p></td></tr><tr><td rowspan="1" colspan="1"><p>79</p></td><td rowspan="1" colspan="1" /><td rowspan="1" colspan="1" /><td rowspan="1" colspan="1"><p>2.7.2</p></td><td rowspan="1" colspan="1"><p>No segundo e períodos subsequentes de 10 dias ou fração, por dia.</p></td><td rowspan="1" colspan="1"><p>40,75</p></td></tr><tr><td rowspan="1" colspan="1"><p>80</p></td><td rowspan="1" colspan="1" /><td rowspan="1" colspan="1" /><td rowspan="1" colspan="1"><p>3</p></td><td rowspan="1" colspan="1"><p>Veículos, por veículo e por dia.</p></td><td rowspan="1" colspan="1"><p>---</p></td></tr><tr><td rowspan="1" colspan="1"><p>81</p></td><td rowspan="1" colspan="1" /><td rowspan="1" colspan="1" /><td rowspan="1" colspan="1"><p>3.1</p></td><td rowspan="1" colspan="1"><p>No primeiro período de 10 dias ou fração, por dia.</p></td><td rowspan="1" colspan="1"><p>16,20</p></td></tr><tr><td rowspan="1" colspan="1"><p>82</p></td><td rowspan="1" colspan="1" /><td rowspan="1" colspan="1" /><td rowspan="1" colspan="1"><p>3.2</p></td><td rowspan="1" colspan="1"><p>No segundo e períodos subsequentes de 10 dias ou fração, por dia.</p></td><td rowspan="1" colspan="1"><p>16,20</p></td></tr><tr><td rowspan="1" colspan="1"><p>83</p></td><td rowspan="1" colspan="1" /><td rowspan="1" colspan="1" /><td rowspan="1" colspan="1"><p>4</p></td><td rowspan="1" colspan="1"><p>Carga de Projeto, por carga e por dia.</p></td><td rowspan="1" colspan="1"><p>---</p></td></tr><tr><td rowspan="1" colspan="1"><p>84</p></td><td rowspan="1" colspan="1" /><td rowspan="1" colspan="1" /><td rowspan="1" colspan="1"><p>4.1</p></td><td rowspan="1" colspan="1"><p>No primeiro período de 10 dias ou fração, por dia.</p></td><td rowspan="1" colspan="1"><p>Convencional</p></td></tr><tr><td rowspan="1" colspan="1"><p>85</p></td><td rowspan="1" colspan="1" /><td rowspan="1" colspan="1" /><td rowspan="1" colspan="1"><p>4.2</p></td><td rowspan="1" colspan="1"><p>No segundo e períodos subsequentes de 10 dias ou fração, por dia.</p></td><td rowspan="1" colspan="1"><p>Convencional</p></td></tr><tr><td rowspan="1" colspan="1"><p>86</p></td><td rowspan="1" colspan="1" /><td rowspan="1" colspan="1" /><td rowspan="1" colspan="1"><p>4.3</p></td><td rowspan="1" colspan="1"><p>No terceiro período de 15 dias ou fração, por dia</p></td><td rowspan="1" colspan="1"><p>Convencional</p></td></tr><tr><td rowspan="1" colspan="1"><p>87</p></td><td rowspan="1" colspan="1" /><td rowspan="1" colspan="1" /><td rowspan="1" colspan="1"><p>4.4</p></td><td rowspan="1" colspan="1"><p>A partir do quarto período de 15 dias ou fração, por dia</p></td><td rowspan="1" colspan="1"><p>Convencional</p></td></tr><tr><td rowspan="1" colspan="1"><p>88</p></td><td rowspan="1" colspan="1"><p>7</p></td><td rowspan="1" colspan="1"><p>Tabela VII</p></td><td rowspan="1" colspan="1"><p>1</p></td><td rowspan="1" colspan="1"><p>Pela entrega de água potável, através de tubulação, à embarcação ou consumidor instalado na área do porto, por m³ por mês ou fração.</p></td><td rowspan="1" colspan="1"><p>---</p></td></tr><tr><td rowspan="1" colspan="1"><p>88.1</p></td><td rowspan="1" colspan="1" /><td rowspan="1" colspan="1" /><td rowspan="1" colspan="1"><p>1.1</p></td><td rowspan="1" colspan="1"><p>Ressarcimento: tarifa convencionada pela concessionária</p></td><td rowspan="1" colspan="1"><p>Convencional</p></td></tr><tr><td rowspan="1" colspan="1"><p></p></td><td rowspan="1" colspan="1" /><td rowspan="1" colspan="1" /><td rowspan="1" colspan="1"><p>1.2</p></td><td rowspan="1" colspan="1"><p>Tarifa administrativa</p></td><td rowspan="1" colspan="1"><p>10%</p></td></tr><tr><td rowspan="1" colspan="1"><p>89</p></td><td rowspan="1" colspan="1" /><td rowspan="1" colspan="1" /><td rowspan="1" colspan="1"><p>2</p></td><td rowspan="1" colspan="1"><p>Pela entrega de energia elétrica:</p></td><td rowspan="1" colspan="1"><p>---</p></td></tr><tr><td rowspan="1" colspan="1"><p></p></td><td rowspan="1" colspan="1" /><td rowspan="1" colspan="1" /><td rowspan="1" colspan="1"><p>2.1</p></td><td rowspan="1" colspan="1"><p>À embarcação ou consumidor instalado na área do Porto, por Kwh por mês ou fração.</p></td><td rowspan="1" colspan="1"><p>---</p></td></tr><tr><td rowspan="1" colspan="1"><p></p></td><td rowspan="1" colspan="1" /><td rowspan="1" colspan="1" /><td rowspan="1" colspan="1"><p>2.1.1</p></td><td rowspan="1" colspan="1"><p>Ressarcimento: tarifa convencionada pela concessionária</p></td><td rowspan="1" colspan="1"><p>Convencional</p></td></tr><tr><td rowspan="1" colspan="1"><p></p></td><td rowspan="1" colspan="1" /><td rowspan="1" colspan="1" /><td rowspan="1" colspan="1"><p>2.1.2</p></td><td rowspan="1" colspan="1"><p>Tarifa administrativa</p></td><td rowspan="1" colspan="1"><p>10%</p></td></tr><tr><td rowspan="1" colspan="1"><p>90</p></td><td rowspan="1" colspan="1" /><td rowspan="1" colspan="1" /><td rowspan="1" colspan="1"><p>6</p></td><td rowspan="1" colspan="1"><p>Pela pesagem de mercadorias carregadas em vagões ou outros veículos, por tonelada ou fração.</p></td><td rowspan="1" colspan="1"><p>0,50</p></td></tr><tr><td rowspan="1" colspan="1"><p>91</p></td><td rowspan="1" colspan="1" /><td rowspan="1" colspan="1" /><td rowspan="1" colspan="1"><p>10</p></td><td rowspan="1" colspan="1"><p>Pela utilização de área em armazéns com fins diversos à armazenagem, por m², por dia.</p></td><td rowspan="1" colspan="1"><p>0,75</p></td></tr><tr><td rowspan="1" colspan="1"><p>92</p></td><td rowspan="1" colspan="1" /><td rowspan="1" colspan="1" /><td rowspan="1" colspan="1"><p>11</p></td><td rowspan="1" colspan="1"><p>Pela utilização de área em pátios, por m², por dia</p></td><td rowspan="1" colspan="1"><p>0,75</p></td></tr><tr><td rowspan="1" colspan="1"><p>93</p></td><td rowspan="1" colspan="1" /><td rowspan="1" colspan="1" /><td rowspan="1" colspan="1"><p>12</p></td><td rowspan="1" colspan="1"><p>Pelo fornecimento de certidões ou certificados, por unidade.</p></td><td rowspan="1" colspan="1"><p>---</p></td></tr><tr><td rowspan="1" colspan="1"><p>94</p></td><td rowspan="1" colspan="1" /><td rowspan="1" colspan="1" /><td rowspan="1" colspan="1"><p>12.1</p></td><td rowspan="1" colspan="1"><p>Pré-qualificação e emissão de certificado de operador portuário, por requerimento</p></td><td rowspan="1" colspan="1"><p>1.500,00</p></td></tr><tr><td rowspan="1" colspan="1"><p>95</p></td><td rowspan="1" colspan="1" /><td rowspan="1" colspan="1" /><td rowspan="1" colspan="1"><p>12.2</p></td><td rowspan="1" colspan="1"><p>Solicitação e fornecimento de crachá de identificação ISPS-CODE ou sua lâmina, por requerimento</p></td><td rowspan="1" colspan="1"><p>25,00</p></td></tr><tr><td rowspan="1" colspan="1"><p>96</p></td><td rowspan="1" colspan="1" /><td rowspan="1" colspan="1" /><td rowspan="1" colspan="1"><p>14</p></td><td rowspan="1" colspan="1"><p>Pela utilização de área coberta em caráter temporário e precário para o atendimento ou apoio à operação portuária, por m², por dia.</p></td><td rowspan="1" colspan="1"><p>0,20</p></td></tr><tr><td rowspan="1" colspan="1"><p>97</p></td><td rowspan="1" colspan="1" /><td rowspan="1" colspan="1" /><td rowspan="1" colspan="1"><p>15</p></td><td rowspan="1" colspan="1"><p>Pela utilização de área descoberta em caráter temporário e precário para o atendimento ou apoio à operação portuária, por m², por dia.</p></td><td rowspan="1" colspan="1"><p>0,13</p></td></tr><tr><td rowspan="1" colspan="1"><p>98</p></td><td rowspan="1" colspan="1"><p>8</p></td><td rowspan="1" colspan="1"><p>Tabela VIII</p></td><td rowspan="1" colspan="1"><p>1</p></td><td rowspan="1" colspan="1"><p>Pelo uso de área para movimentação ou armazenagem de cargas não consolidadas, por m², por mês ou fração.</p></td><td rowspan="1" colspan="1"><p>---</p></td></tr><tr><td rowspan="1" colspan="1"><p>99</p></td><td rowspan="1" colspan="1" /><td rowspan="1" colspan="1" /><td rowspan="1" colspan="1"><p>1.1</p></td><td rowspan="1" colspan="1"><p>Área coberta</p></td><td rowspan="1" colspan="1"><p>3,95</p></td></tr><tr><td rowspan="1" colspan="1"><p>100</p></td><td rowspan="1" colspan="1" /><td rowspan="1" colspan="1" /><td rowspan="1" colspan="1"><p>1.2</p></td><td rowspan="1" colspan="1"><p>Area descoberta</p></td><td rowspan="1" colspan="1"><p>3,95</p></td></tr><tr><td rowspan="1" colspan="1"><p>101</p></td><td rowspan="1" colspan="1" /><td rowspan="1" colspan="1" /><td rowspan="1" colspan="1"><p>2</p></td><td rowspan="1" colspan="1"><p>Pelo uso de área para movimentação ou armazenagem de cargas destinadas à plataforma offshore, por m², por mês ou fração.</p></td><td rowspan="1" colspan="1"><p>---</p></td></tr><tr><td rowspan="1" colspan="1"><p>102</p></td><td rowspan="1" colspan="1" /><td rowspan="1" colspan="1" /><td rowspan="1" colspan="1"><p>2.1</p></td><td rowspan="1" colspan="1"><p>Área coberta</p></td><td rowspan="1" colspan="1"><p>3,95</p></td></tr><tr><td rowspan="1" colspan="1"><p>103</p></td><td rowspan="1" colspan="1" /><td rowspan="1" colspan="1" /><td rowspan="1" colspan="1"><p>2.2</p></td><td rowspan="1" colspan="1"><p>Area descoberta</p></td><td rowspan="1" colspan="1"><p>3,95</p></td></tr><tr><td rowspan="1" colspan="1"><p>104</p></td><td rowspan="1" colspan="1" /><td rowspan="1" colspan="1" /><td rowspan="1" colspan="1"><p>3</p></td><td rowspan="1" colspan="1"><p>Pelo uso de área para movimentação ou armazenagem de cargas, por m², por mês ou fração.</p></td><td rowspan="1" colspan="1"><p>---</p></td></tr><tr><td rowspan="1" colspan="1"><p>105</p></td><td rowspan="1" colspan="1" /><td rowspan="1" colspan="1" /><td rowspan="1" colspan="1"><p>3.1</p></td><td rowspan="1" colspan="1"><p>Áreas primárias (com acesso à berço)</p></td><td rowspan="1" colspan="1"><p>---</p></td></tr><tr><td rowspan="1" colspan="1"><p>106</p></td><td rowspan="1" colspan="1" /><td rowspan="1" colspan="1" /><td rowspan="1" colspan="1"><p>3.1.3</p></td><td rowspan="1" colspan="1"><p>Sítio padrão negativo</p></td><td rowspan="1" colspan="1"><p>---</p></td></tr><tr><td rowspan="1" colspan="1"><p>107</p></td><td rowspan="1" colspan="1" /><td rowspan="1" colspan="1" /><td rowspan="1" colspan="1"><p>3.1.3.1</p></td><td rowspan="1" colspan="1"><p>Granel Líquido</p></td><td rowspan="1" colspan="1"><p>2,04</p></td></tr><tr><td rowspan="1" colspan="1"><p>108</p></td><td rowspan="1" colspan="1"><p>9</p></td><td rowspan="1" colspan="1"><p>Tabela IX</p></td><td rowspan="1" colspan="1"><p>1</p></td><td rowspan="1" colspan="1"><p>Pelo tráfego de veículos para abastecimento ou coleta de resíduos em embarcações, por acesso de veículo</p></td><td rowspan="1" colspan="1"><p>150,00</p></td></tr><tr><td rowspan="1" colspan="1"><p>109</p></td><td rowspan="1" colspan="1" /><td rowspan="1" colspan="1" /><td rowspan="1" colspan="1"><p>2</p></td><td rowspan="1" colspan="1"><p>Pelo desdobramento ou substituição de faturas, por conveniência do requisitante, por fatura</p></td><td rowspan="1" colspan="1"><p>15,00</p></td></tr><tr><td rowspan="1" colspan="1"><p>110</p></td><td rowspan="1" colspan="1" /><td rowspan="1" colspan="1" /><td rowspan="1" colspan="1"><p>3</p></td><td rowspan="1" colspan="1"><p>Pela permanência de rebocadores, não afetos a operação portuária, por mês, por unidade, na área maritima sob gestão da Autoridade Portuária</p></td><td rowspan="1" colspan="1"><p>4.022,22</p></td></tr><tr><td rowspan="1" colspan="1"><p>111</p></td><td rowspan="1" colspan="1" /><td rowspan="1" colspan="1" /><td rowspan="1" colspan="1"><p>4</p></td><td rowspan="1" colspan="1"><p>Pela permanência de demais embarcações, não afetas a operação portuária, por mês, por unidade, na área maritima sob gestão da Autoridade Portuária</p></td><td rowspan="1" colspan="1"><p>1.023,17</p></td></tr><tr><td rowspan="1" colspan="1"><p>112</p></td><td rowspan="1" colspan="1" /><td rowspan="1" colspan="1" /><td rowspan="1" colspan="1"><p>5</p></td><td rowspan="1" colspan="1"><p>Por metro linear de movimentação de cabos em operação portuária</p></td><td rowspan="1" colspan="1"><p>Convencional</p></td></tr><tr><td rowspan="1" colspan="1"><p>113</p></td><td rowspan="1" colspan="1" /><td rowspan="1" colspan="1" /><td rowspan="1" colspan="1"><p>6</p></td><td rowspan="1" colspan="1"><p>Pelo cercamento em áreas maritimas, para fins de controle, segurança e prontidão ambiental, pela LOA da embarcação, por quinzena de utilização</p></td><td rowspan="1" colspan="1"><p>26,50</p></td></tr></table><p>ANEXO II - NORMAS DE APLICAÇÃO ADICIONAIS AO ANEXO III DA RESOLUÇÃO ANTAQ Nº 61, DE 2021</p><p /><p></p><table><tr /><tr><td rowspan="1" colspan="1"><p>TABELA</p></td><td rowspan="1" colspan="1"><p>REGRAS DE APLICAÇÃO ADICIONAIS À RES. 61/2021</p></td><td rowspan="1" colspan="1"><p>FRANQUIAS OU ISENÇÕES ADICIONAIS À RES. 61/2021</p></td></tr><tr><td rowspan="1" colspan="1"><p>I - Infraestrutura de Acesso Aquaviário</p></td><td rowspan="1" colspan="1"><p>Conforme a Resolução nº 61-ANTAQ, de 2021</p></td><td rowspan="1" colspan="1"><p>Conforme a Resolução nº 61-ANTAQ, de 2021</p></td></tr><tr><td rowspan="1" colspan="1"><p>II - Instalações de Acostagem</p></td><td rowspan="1" colspan="1"><p>Conforme a Resolução nº 61-ANTAQ, de 2021</p></td><td rowspan="1" colspan="1"><p>Conforme a Resolução nº 61-ANTAQ, de 2021</p></td></tr><tr><td rowspan="1" colspan="1"><p>III - Infraestrutura Operacional ou Terrestre</p></td><td rowspan="1" colspan="1"><p>f) Na movimentação de mercadorias consideradas insalubres, nocivas ou perigosas, em virtude de sua natureza e embalagem ou ambiente em que forem movimentadas, as tarifas desta tabela serão acrescidas de taxas convencionais.</p></td><td rowspan="1" colspan="1"><p>Conforme a Resolução nº 61-ANTAQ, de 2021</p></td></tr><tr><td rowspan="1" colspan="1" /><td rowspan="1" colspan="1"><p>(...)</p></td><td rowspan="1" colspan="1" /></tr><tr><td rowspan="1" colspan="1" /><td rowspan="1" colspan="1"><p>h) Não será aplicável a cobrança desta tarifa, quando prevista especificamente em contrato de arrendamento;</p></td><td rowspan="1" colspan="1" /></tr><tr><td rowspan="1" colspan="1"><p>V - Utilização de Infraestrutura de Armazenagem</p></td><td rowspan="1" colspan="1"><p>k) As mercadorias de exportação serão consideradas abandonadas quando os respectivos donos deixarem de pagar as tarifas de armazenagem pelo prazo de 120 (cento e vinte) dias corridos.</p></td><td rowspan="1" colspan="1"><p>Conforme a Resolução nº 61-ANTAQ, de 2021</p></td></tr><tr><td rowspan="1" colspan="1" /><td rowspan="1" colspan="1"><p>(...)</p></td><td rowspan="1" colspan="1" /></tr><tr><td rowspan="1" colspan="1" /><td rowspan="1" colspan="1"><p>m) As tarifas desta tabela quando incidentes sobre mercadoria insalubre, nociva ou perigosa, que determine pagamento de adicional de risco ao pessoal envolvido na sua operação serão acrescidas de 50%;</p></td><td rowspan="1" colspan="1" /></tr><tr><td rowspan="1" colspan="1" /><td rowspan="1" colspan="1"><p>(...)</p></td><td rowspan="1" colspan="1" /></tr><tr><td rowspan="1" colspan="1" /><td rowspan="1" colspan="1"><p>q) As tarifas previstas nesta tabela serão aplicáveis somente em áreas não enquadradas nos Art. 5º-B e 5º-D da Lei Federal 12.815 de 2013.</p></td><td rowspan="1" colspan="1" /></tr><tr><td rowspan="1" colspan="1"><p>VII - Diversos Padronizados</p></td><td rowspan="1" colspan="1"><p>d) As tarifas desta tabela, quando incidentes sobre mercadoria insalubre, nociva ou perigosa, que determine pagamento de adicional de risco ao pessoal envolvido na sua operação, serão acrescidas de 50%.</p></td><td rowspan="1" colspan="1"><p>Conforme a Resolução nº 61-ANTAQ, de 2021</p></td></tr><tr><td rowspan="1" colspan="1" /><td rowspan="1" colspan="1"><p>e) Os custos definidos pelo consumo serão estabelecidos pelo valor praticado pela concessionária de energia elétrica ou água, no momento de seu fornecimento;</p></td><td rowspan="1" colspan="1" /></tr><tr><td rowspan="1" colspan="1" /><td rowspan="1" colspan="1"><p>f) As tarifas remuneradas pelo consumo serão acrescidas de 10 % (dez por cento),a título de taxa de administração, em relação ao consumo total registrado, mediante medição mensal;</p></td><td rowspan="1" colspan="1" /></tr><tr><td rowspan="1" colspan="1" /><td rowspan="1" colspan="1"><p>g) As tarifas estabelecidas pelo consumo terão como valor mínimo a quantia equivalente a R$ 200,00 (duzentos reais), por medição mensal;</p></td><td rowspan="1" colspan="1" /></tr><tr><td rowspan="1" colspan="1" /><td rowspan="1" colspan="1"><p>h) As tarifas previstas nas modalidades 10 e 11 desta tabela serão também aplicáveis ao estacionamento de equipamentos utilizados em operação portuária (guindaste, funil, moega, contêineres depósitos, etc);</p></td><td rowspan="1" colspan="1" /></tr><tr><td rowspan="1" colspan="1" /><td rowspan="1" colspan="1"><p>i) As tarifas previstas nas modalidades 10, 11, 14 e 15 desta tabela serão aplicáveis somente em áreas não enquadradas nos Art. 5º-B e 5º-D da Lei Federal 12.815 de 2013;</p></td><td rowspan="1" colspan="1" /></tr><tr><td rowspan="1" colspan="1"><p>VIII - Uso Temporário e Arrendamento Simplificado</p></td><td rowspan="1" colspan="1"><p>a)As tarifas previstas nesta tabela serão aplicáveis quando enquadradas nos Art. 5º-D da Lei Federal 12.815 de 2013;</p></td><td rowspan="1" colspan="1"><p>Conforme a Resolução nº 61-ANTAQ, de 2021</p></td></tr><tr><td rowspan="1" colspan="1"><p>IX - Complementares</p></td><td rowspan="1" colspan="1"><p>a) As tarifas serão remuneradas em decorrência da prestação de serviços realizado pela Autoridade Portuária.</p></td><td rowspan="1" colspan="1"><p>Conforme a Resolução nº 61-ANTAQ, de 2021</p></td></tr></table>]]></Texto>
  </body>
  <Midias />
</article></xml>