﻿<xml><article id="27748824" name="PORTARIA___Portaria_nA___270.202" idOficio="9059946" pubName="DO1" artType="Portaria" pubDate="30/08/2022" artClass="00042:00001:00000:00000:00000:00000:00000:00000:00000:00000:00054:00000" artCategory="Conselho Nacional do Ministério Público/Presidência" artSize="24" artNotes="" numberPage="292" pdfPage="http://pesquisa.in.gov.br/imprensa/jsp/visualiza/index.jsp?data=30/08/2022&amp;jornal=515&amp;pagina=292" editionNumber="165" highlightType="" highlightPriority="" highlight="" highlightimage="" highlightimagename="" idMateria="19843697">
  <body>
    <Identifica><![CDATA[ PORTARIA CNMP-PRESI Nº 270, DE 25 DE AGOSTO DE 2022]]></Identifica>
    <Data><![CDATA[]]></Data>
    <Ementa><![CDATA[ Abre no Orçamento Fiscal e da Seguridade Social da União, em favor do Conselho Nacional do Ministério Público, crédito suplementar, do tipo 407, no valor de R$ 90.000,00 (noventa mil reais) para reforço de dotação constante da Lei Orçamentária vigente.]]></Ementa>
    <Titulo />
    <SubTitulo />
    <Texto><![CDATA[<p class="identifica">PORTARIA CNMP-PRESI Nº 270, DE 25 DE AGOSTO DE 2022</p><p class="ementa">Abre no Orçamento Fiscal e da Seguridade Social da União, em favor do Conselho Nacional do Ministério Público, crédito suplementar, do tipo 407, no valor de R$ 90.000,00 (noventa mil reais) para reforço de dotação constante da Lei Orçamentária vigente.</p><p>O PRESIDENTE DO CONSELHO NACIONAL DO MINISTÉRIO PÚBLICO, no uso de suas atribuições, e tendo em vista o disposto na Lei nº 14.303, de 21 de janeiro de 2022 (LOA-2022), art. 4º, caput, inciso III, alínea "i", item 1, combinado com o art. 45, §1º, inciso III, da Lei nº 14.194, de 20 de agosto de 2021 (LDO-2022), e a Portaria SOF nº 1.110, de 9 de fevereiro de 2022, resolve:</p><p>Art. 1º Abrir no Orçamento Fiscal e da Seguridade Social da União, Lei nº 14.303, de 21 de janeiro de 2022, em favor do Conselho Nacional do Ministério Público, o crédito suplementar no valor de R$ 90.000,00 (noventa mil reais), para atender à programação constante do Anexo I desta Portaria.</p><p>Art. 2º Os recursos necessários à abertura do crédito de que trata o art. 1º decorrem de anulação parcial de dotações orçamentárias do Conselho Nacional do Ministério Público, conforme indicado no Anexo II desta Portaria.</p><p>Art. 3º Esta Portaria entrará em vigor na data da sua publicação.</p><p class="assina">ANTÔNIO AUGUSTO BRANDÃO DE ARAS</p><p>ANEXO</p><p /><p></p><table><tr><td rowspan="1" colspan="11" /></tr><tr><td rowspan="1" colspan="11"><p><strong>ÓRGÃO: 59000 - Conselho Nacional do Ministério Público</strong></p></td></tr><tr><td rowspan="1" colspan="11"><p><strong>UNIDADE: 59101 - Conselho Nacional do Ministério Público</strong></p></td></tr><tr><td rowspan="1" colspan="4"><p><strong>ANEXO I</strong></p></td><td rowspan="1" colspan="7"><p><strong>Crédito Suplementar</strong></p></td></tr><tr><td rowspan="1" colspan="3"><p><strong>PROGRAMA DE TRABALHO (SUPLEMENTAÇÃO)</strong></p></td><td rowspan="1" colspan="8"><p><strong>Recurso de Todas as Fontes R$ 1,00</strong></p></td></tr><tr><td rowspan="1" colspan="1"><p>FUNC</p></td><td rowspan="1" colspan="1"><p>PROGRAMÁTICA</p></td><td rowspan="1" colspan="2"><p>PROGRAMA/AÇÃO/LOCALIZADOR/PRODUTO</p></td><td rowspan="1" colspan="1"><p>E</p><p>S</p><p>F</p></td><td rowspan="1" colspan="1"><p>G</p><p>N</p><p>D</p></td><td rowspan="1" colspan="1"><p>R</p><p>P</p></td><td rowspan="1" colspan="1"><p>M</p><p>O</p><p>D</p></td><td rowspan="1" colspan="1"><p>I</p><p>U</p></td><td rowspan="1" colspan="1"><p>F</p><p>T</p><p>E</p></td><td rowspan="1" colspan="1"><p>VALOR</p></td></tr><tr><td rowspan="1" colspan="2"><p><strong>0031</strong></p></td><td rowspan="1" colspan="8"><p><strong>Programa de Gestão e Manutenção do Ministério Público</strong></p></td><td rowspan="1" colspan="1"><p><strong>90.000</strong></p></td></tr><tr><td rowspan="1" colspan="1" /><td rowspan="1" colspan="1" /><td rowspan="1" colspan="2"><p><strong>Atividades</strong></p></td><td rowspan="1" colspan="1" /><td rowspan="1" colspan="1" /><td rowspan="1" colspan="1" /><td rowspan="1" colspan="1" /><td rowspan="1" colspan="1" /><td rowspan="1" colspan="1" /><td rowspan="1" colspan="1" /></tr><tr><td rowspan="1" colspan="1"><p><strong>03 032</strong></p></td><td rowspan="1" colspan="1"><p><strong>0031 8010</strong></p></td><td rowspan="1" colspan="2"><p><strong>Atuação Estratégica para Controle e Fortalecimento do Ministério Público</strong></p></td><td rowspan="1" colspan="1" /><td rowspan="1" colspan="1" /><td rowspan="1" colspan="1" /><td rowspan="1" colspan="1" /><td rowspan="1" colspan="1" /><td rowspan="1" colspan="1" /><td rowspan="1" colspan="1"><p><strong>90.000</strong></p></td></tr><tr><td rowspan="1" colspan="1"><p>03 032</p></td><td rowspan="1" colspan="1"><p>0031 8010 0001</p></td><td rowspan="1" colspan="2"><p>Atuação Estratégica para Controle e Fortalecimento do Ministério Público - Nacional</p></td><td rowspan="1" colspan="1" /><td rowspan="1" colspan="1" /><td rowspan="1" colspan="1" /><td rowspan="1" colspan="1" /><td rowspan="1" colspan="1" /><td rowspan="1" colspan="1" /><td rowspan="1" colspan="1"><p>90.000</p></td></tr><tr><td rowspan="1" colspan="1" /><td rowspan="1" colspan="1"><p>0031 8010 0001 0000</p></td><td rowspan="1" colspan="2"><p>Atuação Estratégica para Controle e Fortalecimento do Ministério Público - Despesas Diversas</p></td><td rowspan="1" colspan="1" /><td rowspan="1" colspan="1" /><td rowspan="1" colspan="1" /><td rowspan="1" colspan="1" /><td rowspan="1" colspan="1" /><td rowspan="1" colspan="1" /><td rowspan="1" colspan="1"><p>90.000</p></td></tr><tr><td rowspan="1" colspan="1" /><td rowspan="1" colspan="1" /><td rowspan="1" colspan="2" /><td rowspan="1" colspan="1"><p>F</p></td><td rowspan="1" colspan="1"><p>4</p></td><td rowspan="1" colspan="1"><p>2</p></td><td rowspan="1" colspan="1"><p>90</p></td><td rowspan="1" colspan="1"><p>0</p></td><td rowspan="1" colspan="1"><p>100</p></td><td rowspan="1" colspan="1"><p>90.000</p></td></tr><tr><td rowspan="1" colspan="10"><p><strong>TOTAL - FISCAL</strong></p></td><td rowspan="1" colspan="1"><p><strong>90.000</strong></p></td></tr><tr><td rowspan="1" colspan="10"><p><strong>TOTAL - SEGURIDADE</strong></p></td><td rowspan="1" colspan="1"><p><strong>0</strong></p></td></tr><tr><td rowspan="1" colspan="10"><p><strong>TOTAL - GERAL</strong></p></td><td rowspan="1" colspan="1"><p><strong>90.000</strong></p></td></tr><tr><td rowspan="1" colspan="10"><p></p></td><td rowspan="1" colspan="1" /></tr><tr><td rowspan="1" colspan="4"><p><strong>ANEXO II</strong></p></td><td rowspan="1" colspan="7"><p><strong>Crédito Suplementar</strong></p></td></tr><tr><td rowspan="1" colspan="3"><p><strong>PROGRAMA DE TRABALHO (CANCELAMENTO)</strong></p></td><td rowspan="1" colspan="8"><p><strong>Recurso de Todas as Fontes R$ 1,00</strong></p></td></tr><tr><td rowspan="1" colspan="1"><p>FUNC</p></td><td rowspan="1" colspan="1"><p>PROGRAMÁTICA</p></td><td rowspan="1" colspan="2"><p>PROGRAMA/AÇÃO/LOCALIZADOR/PRODUTO</p></td><td rowspan="1" colspan="1"><p>E</p><p>S</p><p>F</p></td><td rowspan="1" colspan="1"><p>G</p><p>N</p><p>D</p></td><td rowspan="1" colspan="1"><p>R</p><p>P</p></td><td rowspan="1" colspan="1"><p>M</p><p>O</p><p>D</p></td><td rowspan="1" colspan="1"><p>I</p><p>U</p></td><td rowspan="1" colspan="1"><p>F</p><p>T</p><p>E</p></td><td rowspan="1" colspan="1"><p>VALOR</p></td></tr><tr><td rowspan="1" colspan="2"><p><strong>0031</strong></p></td><td rowspan="1" colspan="8"><p><strong>Programa de Gestão e Manutenção do Ministério Público</strong></p></td><td rowspan="1" colspan="1"><p><strong>90.000</strong></p></td></tr><tr><td rowspan="1" colspan="1" /><td rowspan="1" colspan="1" /><td rowspan="1" colspan="2"><p><strong>PROJETOS</strong></p></td><td rowspan="1" colspan="1" /><td rowspan="1" colspan="1" /><td rowspan="1" colspan="1" /><td rowspan="1" colspan="1" /><td rowspan="1" colspan="1" /><td rowspan="1" colspan="1" /><td rowspan="1" colspan="1" /></tr><tr><td rowspan="1" colspan="1"><p><strong>03 032</strong></p></td><td rowspan="1" colspan="1"><p><strong>0031 15V7</strong></p></td><td rowspan="1" colspan="2"><p><strong>Construção do Edifício-Sede do Conselho Nacional do Ministério Público em Brasília-DF</strong></p></td><td rowspan="1" colspan="1" /><td rowspan="1" colspan="1" /><td rowspan="1" colspan="1" /><td rowspan="1" colspan="1" /><td rowspan="1" colspan="1" /><td rowspan="1" colspan="1" /><td rowspan="1" colspan="1"><p><strong>90.000</strong></p></td></tr><tr><td rowspan="1" colspan="1"><p>03 032</p></td><td rowspan="1" colspan="1"><p>0031 15V7 5664</p></td><td rowspan="1" colspan="2"><p>Construção do Edifício-Sede do Conselho Nacional do Ministério Público em Brasília-DF - Em Brasília-DF</p></td><td rowspan="1" colspan="1" /><td rowspan="1" colspan="1" /><td rowspan="1" colspan="1" /><td rowspan="1" colspan="1" /><td rowspan="1" colspan="1" /><td rowspan="1" colspan="1" /><td rowspan="1" colspan="1"><p>90.000</p></td></tr><tr><td rowspan="1" colspan="1" /><td rowspan="1" colspan="1" /><td rowspan="1" colspan="2" /><td rowspan="1" colspan="1"><p>F</p></td><td rowspan="1" colspan="1"><p>4</p></td><td rowspan="1" colspan="1"><p>2</p></td><td rowspan="1" colspan="1"><p>90</p></td><td rowspan="1" colspan="1"><p>0</p></td><td rowspan="1" colspan="1"><p>100</p></td><td rowspan="1" colspan="1"><p>90.000</p></td></tr><tr><td rowspan="1" colspan="10"><p><strong>TOTAL - FISCAL</strong></p></td><td rowspan="1" colspan="1"><p><strong>90.000</strong></p></td></tr><tr><td rowspan="1" colspan="10"><p><strong>TOTAL - SEGURIDADE</strong></p></td><td rowspan="1" colspan="1"><p><strong>0</strong></p></td></tr><tr><td rowspan="1" colspan="10"><p><strong>TOTAL - GERAL</strong></p></td><td rowspan="1" colspan="1"><p><strong>90.000</strong></p></td></tr><tr><td rowspan="1" colspan="10"><p></p></td><td rowspan="1" colspan="1" /></tr></table>]]></Texto>
  </body>
  <Midias />
</article></xml>