﻿<xml><article id="27747495" name="despacho_85_2022 GGTAB" idOficio="9059689" pubName="DO1" artType="Despacho" pubDate="30/08/2022" artClass="00026:00034:00015:00009:00000:00000:00000:00000:00000:00000:00024:80085" artCategory="Ministério da Saúde/Agência Nacional de Vigilância Sanitária/3ª Diretoria/Gerência-Geral de Registro e Fiscalização de Produtos Fumígenos Derivados ou Não do Tabaco" artSize="12" artNotes="" numberPage="266" pdfPage="http://pesquisa.in.gov.br/imprensa/jsp/visualiza/index.jsp?data=30/08/2022&amp;jornal=515&amp;pagina=266" editionNumber="165" highlightType="" highlightPriority="" highlight="" highlightimage="" highlightimagename="" idMateria="19843336">
  <body>
    <Identifica><![CDATA[ DESPACHO N° 85, DE 26 DE AGOSTO DE 2022]]></Identifica>
    <Data><![CDATA[]]></Data>
    <Ementa />
    <Titulo />
    <SubTitulo />
    <Texto><![CDATA[<p class="identifica">DESPACHO N° 85, DE 26 DE AGOSTO DE 2022</p><p>A Gerente-Geral de Registro e Fiscalização de Produtos Fumígenos Derivados ou Não do Tabaco, no uso das atribuições que lhe confere o art. 127, aliado ao disposto no art. 203, IV, do Regimento Interno aprovado pela Resolução de Diretoria Colegiada - RDC nº 585, de 10 de dezembro de 2021, resolve:</p><p>Anular de ofício a Decisão nº 105/2019/GGTAB, de 06/09/2019, tornando sem efeito, ÚNICA E EXCLUSIVAMENTE, a publicação referente ao Processo Administrativo Sanitário, no Despacho nº 124, de 04 de outubro de 2019, publicado no DOU nº 195, de 08/10/2019, Seção 1, pág. 56, ÚNICA E EXCLUSIVAMENTE, bem como o arquivamento do processo, conforme anexo.</p><p class="assina">STEFANIA SCHIMANESKI PIRAS</p><p class="anexo">ANEXO</p><p>Autuado: Allan Fabiano da Silva</p><p>CPF: 073.307.567-33</p><p>Processo nº: 25069.052511/2019-61 - AIS: 015/2019</p><p>Expediente: 0080643/19-9</p>]]></Texto>
  </body>
  <Midias />
</article></xml>