﻿<xml><article id="27750820" name="2022-08-29/9060402/ANMWS_1984424" idOficio="9060402" pubName="DO1" artType="Despacho" pubDate="30/08/2022" artClass="00023:00030:00050:00000:00000:00000:00000:00000:00000:00000:00024:00143" artCategory="Ministério de Minas e Energia/Agência Nacional de Mineração/Superintendência de Outorga de Títulos Minerários" artSize="12" artNotes="" numberPage="234" pdfPage="http://pesquisa.in.gov.br/imprensa/jsp/visualiza/index.jsp?data=30/08/2022&amp;jornal=515&amp;pagina=234" editionNumber="165" highlightType="" highlightPriority="" highlight="" highlightimage="" highlightimagename="" idMateria="19844249">
  <body>
    <Identifica><![CDATA[Despacho]]></Identifica>
    <Data><![CDATA[]]></Data>
    <Ementa />
    <Titulo />
    <SubTitulo />
    <Texto><![CDATA[<p class="identifica">Despacho</p><p>Relação nº 143/2022</p><p>Fase de Requerimento de Pesquisa</p><p>O SUPERINTENDENTE DE OUTORGA DE TÍTULOS MINERÁRIOS DA AGÊNCIA NACIONAL DE MINERAÇÃO, no uso das atribuições regimentais dispostas no art. 93 da Resolução nº 102, de 13 de abril de 2022, e com fundamento no art. 15, do Decreto-lei n° 227, de 28 de fevereiro de 1967, (Código de Mineração), e no art. 2°, inciso XVII da Lei 13.575/2017, outorga os seguintes Alvarás de Pesquisa, prazo 3 anos, vigência a partir dessa publicação:(323)</p><p>6774/2022-868.049/2022-MINERADORA NEGRI LTDA-</p><p>6775/2022-868.053/2022-COSIPRES INDUSTRIA E COMERCIO SIDERURGICO LTDA-</p><p>6780/2022-868.072/2022-ANGELO SICHINEL DA SILVA-</p><p>6779/2022-868.071/2022-R. E. A. MINERACAO LTDA-</p><p>6778/2022-868.063/2022-DANILO ALVES CORREA FILHO-</p><p>6777/2022-868.058/2022-COSIPRES INDUSTRIA E COMERCIO SIDERURGICO LTDA-</p><p>6776/2022-868.055/2022-I. F. PORATO EIRELI ME-</p><p class="assina">MOACYR CARVALHO DE ANDRADE NETO</p>]]></Texto>
  </body>
  <Midias />
</article></xml>