﻿<xml><article id="27740601" name="GAB - BA - PORTARIA SPU - 7661 -" idOficio="9058523" pubName="DO1" artType="Portaria" pubDate="30/08/2022" artClass="00015:00042:00006:00000:00000:00000:00000:00000:00000:00000:00054:00002" artCategory="Ministério da Economia/Secretaria Especial de Desestatização, Desinvestimento e Mercados/Secretaria de Coordenação e Governança do Patrimônio da União" artSize="12" artNotes="" numberPage="74" pdfPage="http://pesquisa.in.gov.br/imprensa/jsp/visualiza/index.jsp?data=30/08/2022&amp;jornal=515&amp;pagina=74" editionNumber="165" highlightType="" highlightPriority="" highlight="" highlightimage="" highlightimagename="" idMateria="19841544">
  <body>
    <Identifica><![CDATA[ PORTARIA SPU/ME Nº 7.661, DE 24 DE AGOSTO DE 2022]]></Identifica>
    <Data><![CDATA[]]></Data>
    <Ementa />
    <Titulo />
    <SubTitulo />
    <Texto><![CDATA[<p class="identifica">PORTARIA SPU/ME Nº 7.661, DE 24 DE AGOSTO DE 2022</p><p>A SECRETÁRIA DE COORDENAÇÃO E GOVERNANÇA DO PATRIMÔNIO DA UNIÃO, DA SECRETARIA ESPECIAL DE DESESTATIZAÇÃO, DESINVESTIMENTOS E MERCADOS, DO MINISTÉRIO DA ECONOMIA, no uso da competência que lhe foi subdelegada pelo art. 1º da Portaria SEDDM/ME nº 12.485 de 20 de outubro de 2021, e tendo em vista o disposto nos arts.18, inciso II e §§ 2º ao 5º e 7º, e 42 da Lei nº 9.636, de 15 de maio de 1998, c/c arts. 95 e 96 do Decreto-Lei nº 9.760, de 5 de setembro de 1946, e o art. 25, caput, da Lei nº 8.666, de 21 de junho de 1993, na deliberação do Grupo Especial de Destinação Supervisionada - GE-DESUP-1 (20869694), bem como nos elementos que integram o Processo Administrativo nº 04941.005123/2012-18, resolve:</p><p>Art. 1º Autorizar a cessão de uso onerosa à Enseada Indústria Naval S.A, inscrita no CNPJ **.*43.301/0001-**, do espaço físico em águas públicas da União, com área total de 212.590,88 m², localizado na Fazenda Boa Vista do Gurjão e Dende, S/N, São Roque do Paraguaçu Maragogipe/BA, com as características descritas a seguir: Inicia-se a descrição deste perímetro no vértice P0, de coordenadas N 8578584,28 m e E 518183,06; deste, segue confrontando com BAÍA DE TODOS-OS-SANTOS, com os seguintes azimute plano e distância: 110°01'2,48'' e 225,50 m; até o vértice P1, de coordenadas N 8578507,09 m e E 518394,94 m; deste, segue com os seguintes azimute plano e distância: 200°01'13,88'' e 424,99 m; até o vértice P2, de coordenadas N 8578107,79 m e E 518249,44 m; deste, segue com os seguintes azimute plano e distância: 290°01'16,01'' e 58,01 m; até o vértice P3, de coordenadas N 8578127,65 m e E 518194,94 m; deste, segue com os seguintes azimute plano e distância: 200°01'13,34'' e 77,12 m; até o vértice P4, de coordenadas N 8578055,19 m e E 518168,53 m; deste, segue confrontando com TERRENO DE MARINHA, com os seguintes azimute plano e distância: 299°09'41,46'' e 56,48 m; até o vértice P5, de coordenadas N 8578082,71 m e E 518119,22 m; deste, segue com os seguintes azimute plano e distância: 284°37'15,15'' e 0,24 m; até o vértice P6, de coordenadas N 8578082,77 m e E 518118,98 m; deste, segue com os seguintes azimute plano e distância: 270°44'49,62'' e 50,89 m; até o vértice P7, de coordenadas N 8578083,44 m e E 518068,09 m; deste, segue com os seguintes azimute plano e distância: 275°54'6,29'' e 0,09 m; até o vértice P8, de coordenadas N 8578083,45 m e E 518068,01 m; deste, segue com os seguintes azimute plano e distância: 281°00'20,27'' e 14,21 m; até o vértice P9, de coordenadas N 8578086,16 m e E 518054,06 m; deste, segue com os seguintes azimute plano e distância: 303°59'27,91'' e 0,39 m; até o vértice P10, de coordenadas N 8578086,38 m e E 518053,73 m; deste, segue com os seguintes azimute plano e distância: 326°59'57,45'' e 22,66 m; até o vértice P11, de coordenadas N 8578105,38 m e E 518041,39 m; deste, segue com os seguintes azimute plano e distância: 323°41'31,92'' e 0,06 m; até o vértice P12, de coordenadas N 8578105,43 m e E 518041,36 m; deste, segue com os seguintes azimute plano e distância: 320°27'36,17'' e 19,92 m; até o vértice P13, de coordenadas N 8578120,79 m e E 518028,67 m; deste, segue com os seguintes azimute plano e distância: 292°01'29,32'' e 0,48 m; até o vértice P14, de coordenadas N 8578120,97 m e E 518028,23 m; deste, segue com os seguintes azimute plano e distância: 263°34'36,72'' e 39,67 m; até o vértice P15, de coordenadas N 8578116,53 m e E 517988,81 m; deste, segue com os seguintes azimute plano e distância: 283°03'9,28'' e 0,33 m; até o vértice P16, de coordenadas N 8578116,61 m e E 517988,49 m; deste, segue com os seguintes azimute plano e distância: 302°31'47,59'' e 28,04 m; até o vértice P17, de coordenadas N 8578131,69 m e E 517964,85 m; deste, segue com os seguintes azimute plano e distância: 298°56'20,65'' e 0,06 m; até o vértice P18, de coordenadas N 8578131,72 m e E 517964,79 m; deste, segue com os seguintes azimute plano e distância: 295°20'60,00'' e 14,26 m; até o vértice P19, de coordenadas N 8578137,82 m e E 517951,91 m; deste, segue com os seguintes azimute plano e distância: 271°08'44,75'' e 0,41 m; até o vértice P20, de coordenadas N 8578137,83 m e E 517951,50 m; deste, segue com os seguintes azimute plano e distância: 246°55'43,44'' e 28,72 m; até o vértice P21, de coordenadas N 8578126,58 m e E 517925,08 m; deste, segue com os seguintes azimute plano e distância: 273°27'51,66'' e 0,45 m; até o vértice P22, de coordenadas N 8578126,60 m e E 517924,64 m; deste, segue com os seguintes azimute plano e distância: 300°00'13,09'' e 18,40 m; até o vértice P23, de coordenadas N 8578135,81 m e E 517908,70 m; deste, segue com os seguintes azimute plano e distância: 300°00'11,97'' e 4,97 m; até o vértice P24, de coordenadas N 8578138,29 m e E 517904,40 m; deste, segue com os seguintes azimute plano e distância: 300°00'11,97'' e 33,69 m; até o vértice P25, de coordenadas N 8578155,14 m e E 517875,22 m; deste, segue com os seguintes azimute plano e distância: 300°00'12,09'' e 38,64 m; até o vértice P26, de coordenadas N 8578174,46 m e E 517841,76 m; deste, segue com os seguintes azimute plano e distância: 297°12'3,80'' e 0,05 m; até o vértice P27, de coordenadas N 8578174,48 m e E 517841,72 m; deste, segue com os seguintes azimute plano e distância: 294°28'0,33'' e 17,72 m; até o vértice P28, de coordenadas N 8578181,82 m e E 517825,59 m; deste, segue com os seguintes azimute plano e distância: 281°56'10,44'' e 0,22 m; até o vértice P29, de coordenadas N 8578181,86 m e E 517825,38 m; deste, segue com os seguintes azimute plano e distância: 269°23'19,67'' e 22,29 m; até o vértice P30, de coordenadas N 8578181,62 m e E 517803,09 m; deste, segue com os seguintes azimute plano e distância: 269°28'44,92'' e 0,01 m; até o vértice P31, de coordenadas N 8578181,62 m e E 517803,08 m; deste, segue com os seguintes azimute plano e distância: 0°00'0,00'' e 0,00 m; até o vértice P32, de coordenadas N 8578181,63 m e E 517803,08 m; deste, segue com os seguintes azimute plano e distância: 269°23'8,29'' e 35,58 m; até o vértice P33, de coordenadas N 8578181,25 m e E 517767,50 m; deste, segue com os seguintes azimute plano e distância: 273°12'31,24'' e 0,07 m; até o vértice P34, de coordenadas N 8578181,25 m e E 517767,43 m; deste, segue com os seguintes azimute plano e distância: 276°58'1,62'' e 2,08 m; até o vértice P35, de coordenadas N 8578181,50 m e E 517765,37 m; deste, segue com os seguintes azimute plano e distância: 276°58'1,62'' e 2,69 m; até o vértice P36, de coordenadas N 8578181,83 m e E 517762,70 m; deste, segue com os seguintes azimute plano e distância: 273°59'46,34'' e 0,05 m; até o vértice P37, de coordenadas N 8578181,83 m e E 517762,65 m; deste, segue com os seguintes azimute plano e distância: 271°12'42,74'' e 4,80 m; até o vértice P38, de coordenadas N 8578181,93 m e E 517757,84 m; deste, segue com os seguintes azimute plano e distância: 271°12'41,88'' e 3,01 m; até o vértice P39, de coordenadas N 8578182,00 m e E 517754,83 m; deste, segue com os seguintes azimute plano e distância: 267°25'15,07'' e 0,07 m; até o vértice P40, de coordenadas N 8578181,99 m e E 517754,77 m; deste, segue com os seguintes azimute plano e distância: 263°33'58,43'' e 10,67 m; até o vértice P41, de coordenadas N 8578180,80 m e E 517744,16 m; deste, segue com os seguintes azimute plano e distância: 250°49'34,76'' e 0,22 m; até o vértice P42, de coordenadas N 8578180,73 m e E 517743,96 m; deste, segue com os seguintes azimute plano e distância: 238°03'45,80'' e 3,93 m; até o vértice P43, de coordenadas N 8578178,64 m e E 517740,62 m; deste, segue com os seguintes azimute plano e distância: 232°10'7,07'' e 0,10 m; até o vértice P44, de coordenadas N 8578178,58 m e E 517740,54 m; deste, segue com os seguintes azimute plano e distância: 226°09'50,14'' e 6,57 m; até o vértice P45, de coordenadas N 8578174,03 m e E 517735,80 m; deste, segue com os seguintes azimute plano e distância: 235°05'33,29'' e 0,16 m; até o vértice P46, de coordenadas N 8578173,95 m e E 517735,67 m; deste, segue com os seguintes azimute plano e distância: 244°02'11,78'' e 5,26 m; até o vértice P47, de coordenadas N 8578171,64 m e E 517730,94 m; deste, segue com os seguintes azimute plano e distância: 255°56'36,77'' e 0,21 m; até o vértice P48, de coordenadas N 8578171,59 m e E 517730,74 m; deste, segue com os seguintes azimute plano e distância: 267°50'45,00'' e 2,25 m; até o vértice P49, de coordenadas N 8578171,51 m e E 517728,49 m; deste, segue com os seguintes azimute plano e distância: 291°25'15,87'' e 0,40 m; até o vértice P50, de coordenadas N 8578171,65 m e E 517728,12 m; deste, segue com os seguintes azimute plano e distância: 315°00'19,87'' e 24,96 m; até o vértice P51, de coordenadas N 8578189,30 m e E 517710,48 m; deste, segue com os seguintes azimute plano e distância: 292°30'16,97'' e 0,38 m; até o vértice P52, de coordenadas N 8578189,45 m e E 517710,12 m; deste, segue com os seguintes azimute plano e distância: 270°00'0,00'' e 2,44 m; até o vértice P53, de coordenadas N 8578189,45 m e E 517707,68 m; deste, segue com os seguintes azimute plano e distância: 268°05'15,79'' e 9,93 m; até o vértice P54, de coordenadas N 8578189,12 m e E 517697,76 m; deste, segue confrontando com TERRENO ACRESCIDO DE MARINHA, com os seguintes azimute plano e distância: 49°52'28,46'' e 10,66 m; até o vértice P55, de coordenadas N 8578195,99 m e E 517705,91 m; deste, segue com os seguintes azimute plano e distância: 45°30'44,39'' e 56,28 m; até o vértice P56, de coordenadas N 8578235,43 m e E 517746,06 m; deste, segue com os seguintes azimute plano e distância: 45°24'0,15'' e 27,34 m; até o vértice P57, de coordenadas N 8578254,63 m e E 517765,53 m; deste, segue confrontando com BAÍA DE TODOS-OS-SANTOS, com os seguintes azimute plano e distância: 31°58'45,48'' e 181,62 m; até o vértice P58, de coordenadas N 8578408,69 m e E 517861,72 m; deste, segue com os seguintes azimute plano e distância: 19°51'43,98'' e 75,07 m; até o vértice P59, de coordenadas N 8578479,30 m e E 517887,23 m; deste, segue com os seguintes azimute plano e distância: 17°01'1,57'' e 19,40 m; até o vértice P60, de coordenadas N 8578497,85 m e E 517892,91 m; deste, segue com os seguintes azimute plano e distância: 20°01'2,38'' e 71,55 m; até o vértice P61, de coordenadas N 8578565,08 m e E 517917,40 m; deste, segue com os seguintes azimute plano e distância: 110°00'27,31'' e 243,03 m; até o vértice P62, de coordenadas N 8578481,92 m e E 518145,76 m; deste, segue com os seguintes azimute plano e distância: 20°01'14,91'' e 108,94 m; até o vértice P0, de coordenadas N 8578584,28 m e E 518183,06 m, encerrando esta descrição. Todas as coordenadas aqui descritas estão georreferenciadas ao Sistema Geodésico Brasileiro e encontram-se representadas no sistema UTM, referenciadas ao Meridiano Central -39, Fuso 24S, tendo como DATUM SIRGAS 2000 Todos os azimutes e distâncias, área e perímetro foram calculados no plano de projeção UTM..</p><p>Art. 2º A cessão a que se refere o art. 1º destina-se à construção do Terminal de Uso Privativo Enseada.</p><p>Art. 3º O prazo da cessão será de 17 anos, a contar da data da assinatura do contrato de cessão, prorrogáveis por iguais e sucessivos períodos a critério da Administração Pública.</p><p>Art. 4º Durante o prazo previsto no art. 3º, fica a outorgada cessionária obrigada pagar mensalmente à União, a título de retribuição pelo uso do imóvel, o valor de R$1.590,89(mil quinhentos e noventa reais e oitenta e nove centavos).</p><p>§ 1º O valor da retribuição à União será pago em parcelas mensais e sucessivas vencíveis no último dia útil de cada mês e, nas parcelas não pagas até o vencimento será acrescido multa de mora, calculada à taxa de 0,33% (trinta e três centésimos por cento), por dia de atraso, até o limite de 20% (vinte por cento) e juros de mora equivalentes à taxa referencial do Sistema Especial de Liquidação e de Custódia (Selic) para títulos federais, acumulada mensalmente, do primeiro dia do mês posterior ao vencimento até o mês anterior ao efetivo pagamento, acrescida de 1% (um por cento) relativo ao mês do pagamento.</p><p>§ 2º O valor anual do contrato de R$19.090,66 (dezenove mil, noventa reais e sessenta e seis centavos), equivalente a 12 parcelas mensais do valor previsto no caput será corrigido a cada 12 (doze) meses pelo Índice Nacional de Preços ao Consumidor Amplo - IPCA, divulgado pela Fundação Instituto Brasileiro de Geografia e Estatística - IBGE, ou índice que vier a substituí-lo.</p><p>§ 3º O valor da retribuição pela utilização do imóvel poderá ser revisado a qualquer tempo, desde que comprovada existência de fatores supervenientes que alterem o equilíbrio econômico do contrato, nos termos da Lei nº 8.666, de 21 de junho de 1993.</p><p>Art. 5º Os direitos e obrigações mencionados nesta Portaria não excluem outros, explícita ou implicitamente, decorrente do contrato de cessão e da legislação pertinente.</p><p>Art. 6º A cessão tornar-se-á nula, independentemente de ato especial, sem direito da cessionária a qualquer indenização, inclusive por benfeitorias realizadas, se ao imóvel, no todo ou em parte, vier a ser dada destinação diversa da prevista no art. 2º desta Portaria, ou, ainda, se ocorrer inadimplemento de cláusula contratual.</p><p>Art. 7º Responderá a cessionária, judicial e extrajudicialmente, por quaisquer reivindicações que venham a ser efetuada por terceiros concernentes ao imóvel de que trata esta Portaria.</p><p>Art. 8º Fica a cessionária obrigada a arcar com as retribuições devidas entre a data da ocupação do espaço físico em águas públicas e a assinatura do instrumento de cessão onerosa relativamente à área ocupada sem autorização prévia, podendo o montante ser parcelado no prazo de até 60 (sessenta) meses.</p><p>Art. 9º A assinatura do contrato fica condicionada à obtenção, pela cessionária, de todos os licenciamentos, autorizações, documentos e alvarás necessários ao funcionamento da estrutura náutica de que trata o art. 2º desta Portaria, bem como à rigorosa observância das normas legais e regulamentares aplicáveis.</p><p>Art. 10. A cessionária deverá, após convocação, comparecer à Superintendência do Patrimônio da União na Bahia, no prazo de 30 (trinta) dias, para a assinatura do contrato de cessão de uso onerosa, sob pena de revogação desta Portaria.</p><p>Art. 11. Esta Portaria entra em vigor na data de sua publicação.</p><p class="assina">FABIANA RODOPOULOS</p>]]></Texto>
  </body>
  <Midias />
</article></xml>