﻿<xml><article id="27747045" name="PORTARIA SAP-MAPA NA 1.228 DE 24" idOficio="9059600" pubName="DO1" artType="Portaria" pubDate="30/08/2022" artClass="00007:00044:00000:00000:00000:00000:00000:00000:00000:00000:00054:01228" artCategory="Ministério da Agricultura, Pecuária e Abastecimento/Secretaria de Aquicultura e Pesca" artSize="12" artNotes="" numberPage="3" pdfPage="http://pesquisa.in.gov.br/imprensa/jsp/visualiza/index.jsp?data=30/08/2022&amp;jornal=515&amp;pagina=3" editionNumber="165" highlightType="" highlightPriority="" highlight="" highlightimage="" highlightimagename="" idMateria="19843194">
  <body>
    <Identifica><![CDATA[ PORTARIA SAP/MAPA Nº 1.228, DE 24 DE AGOSTO DE 2022]]></Identifica>
    <Data><![CDATA[]]></Data>
    <Ementa><![CDATA[ Cancelar, o Certificado de Registro e Autorização de Embarcação Pesqueira da embarcação de pesca WILLIAM JAMILLY, inscrita no Sistema Informatizado do Registro Geral da Atividade Pesqueira sob o nº PE-0027962-1 e na Autoridade Marítima pelo Título de Inscrição de Embarcação sob o nº 221-004052-33.]]></Ementa>
    <Titulo />
    <SubTitulo />
    <Texto><![CDATA[<p class="identifica">PORTARIA SAP/MAPA Nº 1.228, DE 24 DE AGOSTO DE 2022</p><p class="ementa">Cancelar, o Certificado de Registro e Autorização de Embarcação Pesqueira da embarcação de pesca WILLIAM JAMILLY, inscrita no Sistema Informatizado do Registro Geral da Atividade Pesqueira sob o nº PE-0027962-1 e na Autoridade Marítima pelo Título de Inscrição de Embarcação sob o nº 221-004052-33.</p><p>A SECRETÁRIA DE AQUICULTURA E PESCA SUBSTITUTA DO MINISTÉRIO DA AGRICULTURA, PECUÁRIA E ABASTECIMENTO, no uso das atribuições que lhe confere o Art. 29, do Anexo I, ao Decreto nº 10.253, de 20 de fevereiro de 2020 e com base no Decreto nº 8.425, de 31 de março de 2015, Portaria nº 20, de 14 de janeiro de 2020 do Ministério da Agricultura, Pecuária e Abastecimento, na Instrução Normativa nº 03, de 12 de maio de 2004 da Secretaria Especial de Aquicultura e Pesca da Presidência da República , e o que consta no Processo nº 21000.087896/2021-36, resolve:</p><p>Art. 1º Cancelar, com base no art. 10 do Decreto nº 8.425, de 31 de março de 2015, no inciso III do art.34 da Instrução Normativa nº 03, de 12 de maio de 2004 da Secretaria Especial de Aquicultura e Pesca da Presidência da República, o Certificado de Registro e Autorização de Embarcação Pesqueira da embarcação de pesca WILLIAM JAMILLY, inscrita no Sistema Informatizado do Registro Geral da Atividade Pesqueira sob o nº PE-0027962-1e na Autoridade Marítima pelo Título de Inscrição de Embarcação sob o nº 221-004052-33, Emalhe Costeiro diversificada, para captura das espécies-alvo Anchova (Pomatomus saltatrix); Corvina (Micropogonias furnieri); Pescada (Cynoscion guatucupa); Castanha (Umbrina canosai) e Abrótea (Urophycis brasiliensis), com área de operação no litoral do estado do Rio Grande do Sul, que corresponde ao item 2.13, do anexo II, da Instrução Normativa Interministerial nº 10, de 10 de junho de 2011 do Ministério da Pesca e Aquicultura e do Ministério do Meio Ambiente.</p><p>Art. 2º A parte interessada tem o prazo de 10 (dez) dias úteis para interposição de recurso administrativo, conforme dispõe o art. 59 da Lei nº 9.784 , de 29 de janeiro de 1999, após a entrada em vigor desta Portaria.</p><p>Art. 3º Esta Portaria entra em vigor a contar da data de sua publicação.</p><p class="assina">ANDREIA LINS RIBAS</p>]]></Texto>
  </body>
  <Midias />
</article></xml>