﻿<xml><article id="27731825" name="99" idOficio="9056191" pubName="DO1" artType="Portaria" pubDate="30/08/2022" artClass="00015:00050:00032:00000:00000:00000:00000:00000:00000:00000:00054:00000" artCategory="Ministério da Economia/Superintendência de Seguros Privados/Diretoria Técnica 1" artSize="12" artNotes="" numberPage="96" pdfPage="http://pesquisa.in.gov.br/imprensa/jsp/visualiza/index.jsp?data=30/08/2022&amp;jornal=515&amp;pagina=96" editionNumber="165" highlightType="" highlightPriority="" highlight="" highlightimage="" highlightimagename="" idMateria="19837554">
  <body>
    <Identifica><![CDATA[ PORTARIA DIR1/SUSEP Nº 99, de 25 de AGOSTO de 2022]]></Identifica>
    <Data><![CDATA[]]></Data>
    <Ementa />
    <Titulo />
    <SubTitulo />
    <Texto><![CDATA[<p class="identifica">PORTARIA DIR1/SUSEP Nº 99, de 25 de AGOSTO de 2022</p><p>O DIRETOR DA DIRETORIA TÉCNICA 1 DA SUPERINTENDÊNCIA DE SEGUROS PRIVADOS - SUSEP, no uso da competência estabelecida no inciso XVIII, do art. 23, do Anexo I, da Resolução CNSP n.º 428, de 12 de novembro de 2021, tendo em vista o disposto no inciso III, art. 4º, da Lei Complementar n.º 126, de 15 de janeiro de 2007, no inciso II, do art. 5º, e no §5º, do art. 35, da Resolução CNSP n.º 422, de 11 de novembro de 2021, e o que consta do Processo Susep nº 15414.617101/2022-43, resolve:</p><p>Art. 1º Revogar a Portaria SUSEP/DIR1 n.º 67, de 06 de dezembro de 2021, que suspendeu o cadastro de THE NEW INDIA ASSURANCE COMPANY LTD., sociedade organizada e existente de acordo com as leis da Índia, restabelecendo assim o cadastro como ressegurador eventual, concedido por meio da Portaria SUSEP n.º 4.540, de 4 de abril de 2012.</p><p>Art. 2º Esta Portaria entra em vigor na data de sua publicação.</p><p class="assina">MARCELO AUGUSTO CAMACHO ROCHA</p>]]></Texto>
  </body>
  <Midias />
</article></xml>