﻿<xml><article id="27743521" name="Despacho BNDES - 17944.100063.20" idOficio="9059006" pubName="DO1" artType="Despacho" pubDate="30/08/2022" artClass="00015:00001:00000:00000:00000:00000:00000:00000:00000:00000:00024:00004" artCategory="Ministério da Economia/Gabinete do Ministro" artSize="12" artNotes="" numberPage="73" pdfPage="http://pesquisa.in.gov.br/imprensa/jsp/visualiza/index.jsp?data=30/08/2022&amp;jornal=515&amp;pagina=73" editionNumber="165" highlightType="" highlightPriority="" highlight="" highlightimage="" highlightimagename="" idMateria="19842259">
  <body>
    <Identifica><![CDATA[ DESPACHO DE 29 DE AGOSTO DE 2022]]></Identifica>
    <Data><![CDATA[]]></Data>
    <Ementa />
    <Titulo />
    <SubTitulo />
    <Texto><![CDATA[<p class="identifica">DESPACHO DE 29 DE AGOSTO DE 2022</p><p>Processo nº 17944.100063/2021-41</p><p>Interessado: Banco Nacional de Desenvolvimento Econômico e Social - BNDES.</p><p>Assunto: Liquidação antecipada da dívida relativa à parcela do saldo devedor do Contrato de Renegociação de Dívidas nº 034/2018/PGFN/CAF, celebrado entre a União e o Banco Nacional de Desenvolvimento Econômico e Social - BNDES, em 11 de outubro de 2018.</p><p>Tendo em vista as manifestações da Secretaria do Tesouro Nacional e da Procuradora-Geral da Fazenda Nacional, e também os Acórdãos nº 2975/2016 e nº 56/2021-TCU-Plenário, do Tribunal de Contas da União, publicados no Diário Oficial da União, de 21 de dezembro de 2016 e 20 de janeiro de 2021, respectivamente, expresso a concordância da União com a liquidação antecipada dos referidos Contratos, observadas as formalidades legais.</p><p class="assina">PAULO GUEDES</p><p class="cargo">Ministro</p>]]></Texto>
  </body>
  <Midias />
</article></xml>