﻿<xml><article id="27736526" name="ADE8SOROCABA129" idOficio="9057668" pubName="DO1" artType="Ato Declaratório" pubDate="30/08/2022" artClass="00015:00045:00432:00100:00025:00000:00000:00000:00000:00000:00007:00000" artCategory="Ministério da Economia/Secretaria Especial da Receita Federal do Brasil/Subsecretaria-Geral da Receita Federal do Brasil/Superintendência Regional da 8ª Região Fiscal/Delegacia da Receita Federal do Brasil em Sorocaba" artSize="12" artNotes="" numberPage="84" pdfPage="http://pesquisa.in.gov.br/imprensa/jsp/visualiza/index.jsp?data=30/08/2022&amp;jornal=515&amp;pagina=84" editionNumber="165" highlightType="" highlightPriority="" highlight="" highlightimage="" highlightimagename="" idMateria="19840428">
  <body>
    <Identifica><![CDATA[ ATO DECLARATÓRIO EXECUTIVO BENFIS/EBEN/DEVAT/SRRF08/RFB Nº 129, DE 25 DE AGOSTO DE 2022]]></Identifica>
    <Data><![CDATA[]]></Data>
    <Ementa><![CDATA[ Habilita ao Regime Especial de Incentivos para o Desenvolvimento da Infra-Estrutura (REIDI)]]></Ementa>
    <Titulo />
    <SubTitulo />
    <Texto><![CDATA[<p class="identifica">ATO DECLARATÓRIO EXECUTIVO BENFIS/EBEN/DEVAT/SRRF08/RFB Nº 129, DE 25 DE AGOSTO DE 2022</p><p class="ementa">Habilita ao Regime Especial de Incentivos para o Desenvolvimento da Infra-Estrutura (REIDI)</p><p>O AUDITOR-FISCAL DA RECEITA FEDERAL DO BRASIL, considerando o disposto na Lei nº 11.488, de 15 de junho de 2007, no Decreto nº 6.144, de 3 de julho de 2007, na Instrução Normativa RFB nº 758, de 25 de julho de 2007, na Portaria SRRF08 n° 452, de 10 de junho de 2020, na Portaria DRF/SOR nº 19, de 15 de junho 2020 e no processo administrativo nº 13032.216681/2022-14, declara:</p><p>Art. 1º Habilitada ao Regime Especial de Incentivos para o Desenvolvimento da Infraestrutura (REIDI) a pessoa jurídica ACUCAREIRA QUATA SA., inscrita no cadastro CNPJ sob o nº 60.855.574/0001-73.</p><p>Art. 2º A referida habilitação é específica ao Projeto UTE São José</p><p>2 (RESOLUÇÃO AUTORIZATIVA Nº 11.302, DE 8 DE MARÇO DE 2022 e DESPACHO ANEEL Nº 194, DE 24 DE JANEIRO DE 2022), aprovado pela Portaria MME nº 167, de 14/05/2018, destinada ao setor de energia, sendo prazo estimado de execução da obra de 01/07/2021 a 01/02/2023. Matrícula CEI nº 90.009.44838/73.</p><p>Art. 3º No período de 5 (cinco) anos contados da data de publicação deste Ato Declaratório Executivo, a pessoa jurídica identificada no art. 1º poderá adquirir, locar e importar bens e adquirir e importar serviços com suspensão da Contribuição para o PIS/PASEP e da COFINS, para incorporação ou utilização em obra de infraestrutura vinculada ao projeto identificado no art. 2°.</p><p>Art. 4º Este Ato Declaratório Executivo entra em vigor na data de sua publicação no Diário Oficial da União.</p><p class="assina">CARLOS RENAN FERREIRA RIBEIRO</p>]]></Texto>
  </body>
  <Midias />
</article></xml>