﻿<xml><article id="27734329" name="Port_SPG_56" idOficio="9057120" pubName="DO1" artType="Portaria" pubDate="30/08/2022" artClass="00023:00027:00000:00000:00000:00000:00000:00000:00000:00000:00054:00000" artCategory="Ministério de Minas e Energia/Secretaria de Petróleo, Gás Natural e Biocombustíveis" artSize="12" artNotes="" numberPage="220" pdfPage="http://pesquisa.in.gov.br/imprensa/jsp/visualiza/index.jsp?data=30/08/2022&amp;jornal=515&amp;pagina=220" editionNumber="165" highlightType="" highlightPriority="" highlight="" highlightimage="" highlightimagename="" idMateria="19839732">
  <body>
    <Identifica><![CDATA[ PORTARIA Nº 56/SPG/MME, DE 26 DE AGOSTO DE 2022]]></Identifica>
    <Data><![CDATA[]]></Data>
    <Ementa />
    <Titulo />
    <SubTitulo />
    <Texto><![CDATA[<p class="identifica">PORTARIA Nº 56/SPG/MME, DE 26 DE AGOSTO DE 2022</p><p>O SECRETÁRIO DE PETRÓLEO, GÁS NATURAL E BIOCOMBUSTÍVEIS DO MINISTÉRIO DE MINAS E ENERGIA, no uso da competência outorgada pelo art. 1º da Portaria nº 681/GM/MME, de 22 de agosto de 2022, tendo em vista o disposto no art. 6º do Decreto nº 6.144, de 3 de julho de 2007, no art. 4º da Portaria Normativa nº 19/GM/MME, de 16 de agosto de 2021, e o que consta do Processo nº 48380.000115/2022-17, resolve:</p><p>Art. 1º Aprovar o enquadramento no Regime Especial de Incentivos para o Desenvolvimento da Infraestrutura - REIDI do projeto do Sistema de Compressão da Estação de Produção de Gavião Branco - EPGVB, objeto da aprovação de Plano de Desenvolvimento pela Resolução de Diretoria da ANP nº 0159/2022, de titularidade da empresa ENEVA S.A., inscrita no CNPJ sob nº 04.423.567/0001-21, detalhado no Anexo à presente Portaria.</p><p>Parágrafo único. O projeto de que trata o caput é alcançado pelo inciso V, do § 1º, do art. 1º, da Portaria Normativa nº 19/GM/MME, de 16 de agosto de 2021.</p><p>Art. 2º As estimativas dos investimentos são de exclusiva responsabilidade da ENEVA S.A.</p><p>Art. 3º Alterações técnicas ou de titularidade do projeto de que trata esta Portaria, autorizadas pela ANP ou pelo Ministério de Minas e Energia e que não impliquem a descaracterização do empreendimento, não ensejarão a publicação de nova Portaria de enquadramento no REIDI.</p><p>Art. 4º A ENEVA S.A. deverá informar, à Secretaria Especial da Receita Federal do Brasil - RFB, a entrada em operação do projeto enquadrado na forma aprovada nesta Portaria, mediante a entrega de cópia da Autorização de Operação ou documento equivalente emitido pela ANP, no prazo de até trinta dias de sua emissão.</p><p>Art. 5º A ANP informará, tempestivamente, ao Ministério de Minas e Energia e à RFB, a ocorrência de situações que evidenciem a não implementação do projeto enquadrado na forma aprovada nesta Portaria.</p><p>Art. 6º A habilitação do projeto no REIDI e o cancelamento da habilitação deverão ser requeridos à RFB.</p><p>Art. 7º A ENEVA S.A. deverá observar, no que couber, as disposições constantes na Lei nº 11.488, de 15 de junho de 2007, no Decreto nº 6.144, de 3 de julho de 2007, na Instrução Normativa RFB nº 1.307, de 27 de dezembro de 2012, na Portaria Normativa nº 19/GM/MME, de 16 de agosto de 2021, e na legislação e normas vigentes e supervenientes, sujeitando-se às penalidades legais, inclusive aquelas previstas nos arts. 9º e 14, do Decreto nº 6.144, de 2007, sujeitas à fiscalização da RFB.</p><p>Art. 8º Esta Portaria entra em vigor na data de sua publicação.</p><p class="assina">RAFAEL BASTOS DA SILVA</p><p class="anexo">ANEXO</p><p /><p></p><table><tr /><tr><td rowspan="1" colspan="3"><p>MINISTÉRIO DE MINAS E ENERGIA</p></td></tr><tr><td rowspan="1" colspan="3"><p>INFORMAÇÕES DO PROJETO DE ENQUADRAMENTO NO REIDI - REGIME ESPECIAL DE INCENTIVOS PARA O DESENVOLVIMENTO DA INFRAESTRUTURA</p></td></tr><tr><td rowspan="1" colspan="3"><p>PESSOA JURÍDICA TITULAR DO PROJETO</p></td></tr><tr><td rowspan="1" colspan="2"><p>NOME EMPRESARIAL</p></td><td rowspan="1" colspan="1"><p>CNPJ</p></td></tr><tr><td rowspan="1" colspan="2"><p>Eneva S.A.</p></td><td rowspan="1" colspan="1"><p>04.423.567/0001-21</p></td></tr><tr><td rowspan="1" colspan="3"><p>DADOS DO PROJETO</p></td></tr><tr><td rowspan="1" colspan="1"><p>Nome do Projeto</p></td><td rowspan="1" colspan="2"><p>Sistema de Compressão da Estação de Produção de Gavião Branco (EPGVB)</p></td></tr><tr><td rowspan="1" colspan="1"><p>Categoria de Enquadramento</p></td><td rowspan="1" colspan="2"><p>Projeto de infraestrutura destinado à "produção de gás natural não-associado", nos termos do Inciso V do § 1º do Art. 1º da Portaria Normativa nº 19/GM/MME, de 16 de agosto de 2021.</p></td></tr><tr><td rowspan="1" colspan="1"><p>Descrição do Projeto</p></td><td rowspan="1" colspan="2"><p>Trata-se de projeto de engenharia, fornecimento, diligenciamento, recebimento e descarregamento de materiais, construção, montagem, comissionamento e O&amp;M do novo sistema de compressão da EPGVB, previsto no Plano de Desenvolvimento do Campo de Gavião Branco e no Programa Anual de Trabalho - PAT 2022 do referido campo. A instalação</p></td></tr><tr><td rowspan="1" colspan="1" /><td rowspan="1" colspan="2"><p>contará com todos os sistemas de utilidades inerentes à operação, tais como compressores de ar, área de tancagem, drenagem, filtros e medidores de vazão, instalação elétrica e</p></td></tr><tr><td rowspan="1" colspan="1" /><td rowspan="1" colspan="2"><p>automação. O sistema de compressão será compreendido por 6 (seis) compressores alternativos, com potência total instalada de 10.080BHP, mobilização interna prevista para novembro de 2021 e comissionamento previsto para setembro de 2022.</p></td></tr><tr><td rowspan="1" colspan="1"><p>Período de Execução</p></td><td rowspan="1" colspan="2"><p>Novembro de 2021 a setembro de 2022.</p></td></tr><tr><td rowspan="1" colspan="3"><p>ESTIMATIVAS DOS VALORES DOS BENS E SERVIÇOS DO PROJETO COM INCIDÊNCIA DE PIS/PASEP E COFINS (R$)</p></td></tr><tr><td rowspan="1" colspan="1"><p>Bens</p></td><td rowspan="1" colspan="2"><p>0,00</p></td></tr><tr><td rowspan="1" colspan="1"><p>Serviços</p></td><td rowspan="1" colspan="2"><p>40.000.000,00</p></td></tr><tr><td rowspan="1" colspan="1"><p>Total (1)</p></td><td rowspan="1" colspan="2"><p>40.000.000,00</p></td></tr><tr><td rowspan="1" colspan="3"><p>ESTIMATIVAS DOS VALORES DOS BENS E SERVIÇOS DO PROJETO SEM INCIDÊNCIA DE PIS/PASEP E COFINS (R$)</p></td></tr><tr><td rowspan="1" colspan="1"><p>Bens</p></td><td rowspan="1" colspan="2"><p>0,00</p></td></tr><tr><td rowspan="1" colspan="1"><p>Serviços</p></td><td rowspan="1" colspan="2"><p>38.463.157,89</p></td></tr><tr><td rowspan="1" colspan="1"><p>Total (2)</p></td><td rowspan="1" colspan="2"><p>38.463.157,89</p></td></tr></table>]]></Texto>
  </body>
  <Midias />
</article></xml>