﻿<xml><article id="27742390" name="Despacho SETO 17944.103038-2022-" idOficio="9058825" pubName="DO1" artType="Despacho" pubDate="30/08/2022" artClass="00015:00046:00000:00000:00000:00000:00000:00000:00000:00000:00024:00000" artCategory="Ministério da Economia/Secretaria Especial do Tesouro e Orçamento" artSize="12" artNotes="" numberPage="86" pdfPage="http://pesquisa.in.gov.br/imprensa/jsp/visualiza/index.jsp?data=30/08/2022&amp;jornal=515&amp;pagina=86" editionNumber="165" highlightType="" highlightPriority="" highlight="" highlightimage="" highlightimagename="" idMateria="19841994">
  <body>
    <Identifica><![CDATA[ DESPACHO DE 25 DE AGOSTO DE 2022]]></Identifica>
    <Data><![CDATA[]]></Data>
    <Ementa />
    <Titulo />
    <SubTitulo />
    <Texto><![CDATA[<p class="identifica">DESPACHO DE 25 DE AGOSTO DE 2022</p><p>Processo nº 17944.103038/2022-08</p><p>Interessado: Estado do Pará.</p><p>Assunto: Minutas de contrato de garantia e de contragarantia à operação de crédito interna, a ser celebrada entre o Estado do Pará e o Banco de Brasília - BRB, no valor de R$ 400.000.000,00 (quatrocentos milhões de reais), cujos recursos serão destinados à execução de Projeto de investimento na área de Desenvolvimento Urbano, Eixo Mobilidade, no Estado do Pará, denominado "Asfalto por Todo Pará II", conforme autorização dada pela Lei Estadual nº 9.518, de 06/04/2022, alterada pela Lei Estadual nº 9.613, de 06/06/2022.</p><p>Despacho: Aprovo o PARECER SEI Nº 12044/2022/ME, de 19/08/2022, da Secretaria do Tesouro Nacional.</p><p>Tendo em vista as manifestações da Secretaria do Tesouro Nacional e da Procuradoria-Geral da Fazenda Nacional, certifico o cumprimento das condições estabelecidas no art. 1º da Portaria ME nº 198, de 25 de abril de 2019, ressalvada a necessidade de verificação, pela Procuradoria-Geral da Fazenda Nacional, do disposto nos incisos II e III do § 6º do art. 2º da Portaria ME nº 5.194, de 8 de junho de 2022, além da formalização do respectivo contrato de contragarantia.</p><p class="assina">ESTEVES PEDRO COLNAGO JUNIOR</p><p class="cargo">Secretário Especial do Tesouro e Orçamento</p>]]></Texto>
  </body>
  <Midias />
</article></xml>