﻿<xml><article id="27744718" name="Portaria 781" idOficio="9059180" pubName="DO1" artType="Portaria" pubDate="30/08/2022" artClass="00027:00052:00013:00000:00000:00000:00000:00000:00000:00000:00054:00009" artCategory="Ministério do Trabalho e Previdência/Superintendência Nacional de Previdência Complementar/Diretoria de Licenciamento" artSize="12" artNotes="" numberPage="285" pdfPage="http://pesquisa.in.gov.br/imprensa/jsp/visualiza/index.jsp?data=30/08/2022&amp;jornal=515&amp;pagina=285" editionNumber="165" highlightType="" highlightPriority="" highlight="" highlightimage="" highlightimagename="" idMateria="19842595">
  <body>
    <Identifica><![CDATA[ Portaria Previc Nº 781, DE 23 DE agosto DE 2022]]></Identifica>
    <Data><![CDATA[]]></Data>
    <Ementa />
    <Titulo />
    <SubTitulo />
    <Texto><![CDATA[<p class="identifica">Portaria Previc Nº 781, DE 23 DE agosto DE 2022</p><p>O DIRETOR DE LICENCIAMENTO, no uso das atribuições que lhe confere a alínea "d" do inciso I do art. 64 da Portaria nº 529, de 8 de dezembro de 2017 (Regimento Interno da Superintendência Nacional de Previdência Complementar - Previc), e considerando as manifestações técnicas exaradas no Processo nº 44011.001446/2021-31, resolve:</p><p>Art. 1º Aprovar a retirada de patrocínio da Mabe Brasil Eletrodomésticos S.A., CNPJ nº 60.736.279/0001-06, do Plano de Aposentadoria BS Continental, CNPB nº 1997.0001-56, administrado pela Multibra Fundo de Pensão, CNPJ nº 30.459.788/0001-60.</p><p>Art. 2º Esta Portaria entra em vigor na data de sua publicação.</p><p class="assina">JOSÉ REYNALDO DE ALMEIDA FURLANI</p>]]></Texto>
  </body>
  <Midias />
</article></xml>