﻿<xml><article id="27731840" name="##ATO ATOS DE 24 DE AGOSTO DE 20" idOficio="9056572" pubName="DO1" artType="Ato" pubDate="30/08/2022" artClass="00012:00014:00014:00156:00000:00000:00000:00000:00000:00000:00006:00000" artCategory="Ministério das Comunicações/Agência Nacional de Telecomunicações/Superintendência de Fiscalização/Gerência Regional no Estado de São Paulo" artSize="12" artNotes="" numberPage="25" pdfPage="http://pesquisa.in.gov.br/imprensa/jsp/visualiza/index.jsp?data=30/08/2022&amp;jornal=515&amp;pagina=25" editionNumber="165" highlightType="" highlightPriority="" highlight="" highlightimage="" highlightimagename="" idMateria="19839087">
  <body>
    <Identifica><![CDATA[ ATOS DE 24 DE AGOSTO DE 2022]]></Identifica>
    <Data><![CDATA[]]></Data>
    <Ementa />
    <Titulo />
    <SubTitulo />
    <Texto><![CDATA[<p class="identifica">ATOS DE 24 DE AGOSTO DE 2022</p><p>Nº 12.079 - Processo nº 53504.008710/2022-97. Expede autorização ao JADER GOMES CHAVES, CPF nº ***.238.778-**, para explorar o Serviço de Interesse Restrito, por prazo indeterminado, sem caráter de exclusividade e tendo como área de prestação de serviço todo o território nacional.</p><p>Nº 12.077 - Processo nº 53504.008697/2022-76. Expede autorização ao SERGIO LUIS QUAGLIA SILVA, CPF nº ***.135.968-**, para explorar o Serviço de Interesse Restrito, por prazo indeterminado, sem caráter de exclusividade e tendo como área de prestação de serviço todo o território nacional.</p><p class="assina">Marcelo Augusto Scacabarozi</p><p class="cargo">Gerente</p>]]></Texto>
  </body>
  <Midias />
</article></xml>