﻿<xml><article id="27731804" name="PORTARIA GABDPGF 888" idOficio="9056539" pubName="DO1" artType="Portaria" pubDate="30/08/2022" artClass="00045:00001:00000:00000:00000:00000:00000:00000:00000:00000:00054:00000" artCategory="Defensoria Pública da União/Gabinete do Defensor Público-Geral Federal" artSize="24" artNotes="" numberPage="402" pdfPage="http://pesquisa.in.gov.br/imprensa/jsp/visualiza/index.jsp?data=30/08/2022&amp;jornal=515&amp;pagina=402" editionNumber="165" highlightType="" highlightPriority="" highlight="" highlightimage="" highlightimagename="" idMateria="19839052">
  <body>
    <Identifica><![CDATA[ PORTARIA GABDPGF DPGU Nº 888, DE 23 DE AGOSTO DE 2022]]></Identifica>
    <Data><![CDATA[]]></Data>
    <Ementa />
    <Titulo />
    <SubTitulo />
    <Texto><![CDATA[<p class="identifica">PORTARIA GABDPGF DPGU Nº 888, DE 23 DE AGOSTO DE 2022</p><p>O DEFENSOR PÚBLICO-GERAL FEDERAL, usando das atribuições que lhe são conferidas pelo artigo 8º, incisos I, III e XIII, da Lei Complementar nº 80, de 12 de janeiro de 1994;</p><p>Considerando o disposto no art. 42, §1º, inciso I, alínea "a", da LDO-2022 (Lei nº 14.194, de 20 de agosto de 2021);</p><p>Considerando o Processo Administrativo SEI nº 08038.010801/2022-81;, resolve:</p><p>Art. 1º Abrir crédito suplementar no valor de R$435.000 (quatrocentos e trinta e cinco mil reais) ao Orçamento da Defensoria Pública da União para atender a programação constante no Anexo I.</p><p>Art. 2º Os recursos compensatórios necessários para a execução do disposto no Anexo I provêm do cancelamento de dotação conforme indicado no Anexo II.</p><p>Art. 3º Esta Portaria entra em vigor na data de sua publicação.</p><p class="assina">DANIEL DE MACEDO ALVES PEREIRA</p><p>ANEXO</p><p /><p></p><table><tr /><tr><td rowspan="1" colspan="10"><p><strong>ÓRGÃO: 29000 - Defensoria Pública da União</strong></p></td></tr><tr><td rowspan="1" colspan="3"><p><strong>UNIDADE: 29101 - Defensoria Pública da União</strong></p></td><td rowspan="1" colspan="7"><p></p></td></tr><tr><td rowspan="1" colspan="3"><p><strong>ANEXO I</strong></p></td><td rowspan="1" colspan="7"><p><strong>Outras Alterações Orçamentárias</strong></p></td></tr><tr><td rowspan="1" colspan="3"><p><strong>PROGRAMA DE TRABALHO ( ACRÉSCIMO )</strong></p></td><td rowspan="1" colspan="7"><p><strong>Recurso de Todas as Fontes R$ 1,00</strong></p></td></tr><tr><td rowspan="1" colspan="1"><p>FUNCIONAL</p></td><td rowspan="1" colspan="1"><p>PROGRAMÁTICA</p></td><td rowspan="1" colspan="1"><p>PROGRAMA/AÇÃO/LOCALIZADOR/PRODUTO</p></td><td rowspan="1" colspan="1"><p>E</p><p>S</p><p>F</p></td><td rowspan="1" colspan="1"><p>G</p><p>N</p><p>D</p></td><td rowspan="1" colspan="1"><p>R</p><p>P</p></td><td rowspan="1" colspan="1"><p>M</p><p>O</p><p>D</p></td><td rowspan="1" colspan="1"><p>I</p><p>U</p></td><td rowspan="1" colspan="1"><p>F</p><p>T</p><p>E</p></td><td rowspan="1" colspan="1"><p>VALOR</p></td></tr><tr><td rowspan="1" colspan="2"><p><strong>0030</strong></p></td><td rowspan="1" colspan="7"><p><strong>Programa de Gestão e Manutenção da Defensoria Pública da União</strong></p></td><td rowspan="1" colspan="1"><p><strong>435.000</strong></p></td></tr><tr><td rowspan="1" colspan="1"><p></p></td><td rowspan="1" colspan="1"><p></p></td><td rowspan="1" colspan="1"><p><strong>Atividades</strong></p></td><td rowspan="1" colspan="1"><p></p></td><td rowspan="1" colspan="1"><p></p></td><td rowspan="1" colspan="1"><p></p></td><td rowspan="1" colspan="1"><p></p></td><td rowspan="1" colspan="1"><p></p></td><td rowspan="1" colspan="1"><p></p></td><td rowspan="1" colspan="1"><p></p></td></tr><tr><td rowspan="1" colspan="1"><p><strong>03 422</strong></p></td><td rowspan="1" colspan="1"><p><strong>0030 2725</strong></p></td><td rowspan="1" colspan="1"><p><strong>Prestação de Assistência Jurídica ao Cidadão</strong></p></td><td rowspan="1" colspan="1"><p></p></td><td rowspan="1" colspan="1"><p></p></td><td rowspan="1" colspan="1"><p></p></td><td rowspan="1" colspan="1"><p></p></td><td rowspan="1" colspan="1"><p></p></td><td rowspan="1" colspan="1"><p></p></td><td rowspan="1" colspan="1"><p><strong>435.000</strong></p></td></tr><tr><td rowspan="1" colspan="1"><p>03 422</p></td><td rowspan="1" colspan="1"><p>0030 2725 0001</p></td><td rowspan="1" colspan="1"><p>Prestação de Assistência Jurídica ao Cidadão - Nacional</p></td><td rowspan="1" colspan="1"><p></p></td><td rowspan="1" colspan="1"><p></p></td><td rowspan="1" colspan="1"><p></p></td><td rowspan="1" colspan="1"><p></p></td><td rowspan="1" colspan="1"><p></p></td><td rowspan="1" colspan="1"><p></p></td><td rowspan="1" colspan="1"><p>435.000</p></td></tr><tr><td rowspan="1" colspan="1"><p></p></td><td rowspan="1" colspan="1"><p></p></td><td rowspan="1" colspan="1"><p></p></td><td rowspan="1" colspan="1"><p>F</p></td><td rowspan="1" colspan="1"><p>4</p></td><td rowspan="1" colspan="1"><p>1</p></td><td rowspan="1" colspan="1"><p>90</p></td><td rowspan="1" colspan="1"><p>0</p></td><td rowspan="1" colspan="1"><p>100</p></td><td rowspan="1" colspan="1"><p>435.000</p></td></tr><tr><td rowspan="1" colspan="9"><p><strong>TOTAL - FISCAL</strong></p></td><td rowspan="1" colspan="1"><p><strong>435.000</strong></p></td></tr><tr><td rowspan="1" colspan="9"><p><strong>TOTAL - SEGURIDADE</strong></p></td><td rowspan="1" colspan="1"><p><strong>0</strong></p></td></tr><tr><td rowspan="1" colspan="9"><p><strong>TOTAL - GERAL</strong></p></td><td rowspan="1" colspan="1"><p><strong>435.000</strong></p></td></tr><tr><td rowspan="1" colspan="9" /><td rowspan="1" colspan="1"><p></p></td></tr><tr><td rowspan="1" colspan="10"><p><strong>ÓRGÃO: 29000 - Defensoria Pública da União</strong></p></td></tr><tr><td rowspan="1" colspan="3"><p><strong>UNIDADE: 29101 - Defensoria Pública da União</strong></p></td><td rowspan="1" colspan="7"><p></p></td></tr><tr><td rowspan="1" colspan="3"><p><strong>ANEXO II</strong></p></td><td rowspan="1" colspan="7"><p><strong>Outras Alterações Orçamentárias</strong></p></td></tr><tr><td rowspan="1" colspan="3"><p><strong>PROGRAMA DE TRABALHO ( REDUÇÃO )</strong></p></td><td rowspan="1" colspan="7"><p><strong>Recurso de Todas as Fontes R$ 1,00</strong></p></td></tr><tr><td rowspan="1" colspan="1"><p>FUNCIONAL</p></td><td rowspan="1" colspan="1"><p>PROGRAMÁTICA</p></td><td rowspan="1" colspan="1"><p>PROGRAMA/AÇÃO/LOCALIZADOR/PRODUTO</p></td><td rowspan="1" colspan="1"><p>E</p><p>S</p><p>F</p></td><td rowspan="1" colspan="1"><p>G</p><p>N</p><p>D</p></td><td rowspan="1" colspan="1"><p>R</p><p>P</p></td><td rowspan="1" colspan="1"><p>M</p><p>O</p><p>D</p></td><td rowspan="1" colspan="1"><p>I</p><p>U</p></td><td rowspan="1" colspan="1"><p>F</p><p>T</p><p>E</p></td><td rowspan="1" colspan="1"><p>VALOR</p></td></tr><tr><td rowspan="1" colspan="2"><p><strong>0030</strong></p></td><td rowspan="1" colspan="7"><p><strong>Programa de Gestão e Manutenção da Defensoria Pública da União</strong></p></td><td rowspan="1" colspan="1"><p><strong>435.000</strong></p></td></tr><tr><td rowspan="1" colspan="1"><p></p></td><td rowspan="1" colspan="1"><p></p></td><td rowspan="1" colspan="1"><p><strong>Atividades</strong></p></td><td rowspan="1" colspan="1"><p></p></td><td rowspan="1" colspan="1"><p></p></td><td rowspan="1" colspan="1"><p></p></td><td rowspan="1" colspan="1"><p></p></td><td rowspan="1" colspan="1"><p></p></td><td rowspan="1" colspan="1"><p></p></td><td rowspan="1" colspan="1"><p></p></td></tr><tr><td rowspan="1" colspan="1"><p><strong>03 422</strong></p></td><td rowspan="1" colspan="1"><p><strong>0030 2725</strong></p></td><td rowspan="1" colspan="1"><p><strong>Prestação de Assistência Jurídica ao Cidadão</strong></p></td><td rowspan="1" colspan="1"><p></p></td><td rowspan="1" colspan="1"><p></p></td><td rowspan="1" colspan="1"><p></p></td><td rowspan="1" colspan="1"><p></p></td><td rowspan="1" colspan="1"><p></p></td><td rowspan="1" colspan="1"><p></p></td><td rowspan="1" colspan="1"><p><strong>435.000</strong></p></td></tr><tr><td rowspan="1" colspan="1"><p>03 422</p></td><td rowspan="1" colspan="1"><p>0030 2725 0001</p></td><td rowspan="1" colspan="1"><p>Prestação de Assistência Jurídica ao Cidadão - Nacional</p></td><td rowspan="1" colspan="1"><p></p></td><td rowspan="1" colspan="1"><p></p></td><td rowspan="1" colspan="1"><p></p></td><td rowspan="1" colspan="1"><p></p></td><td rowspan="1" colspan="1"><p></p></td><td rowspan="1" colspan="1"><p></p></td><td rowspan="1" colspan="1"><p>435.000</p></td></tr><tr><td rowspan="1" colspan="1"><p></p></td><td rowspan="1" colspan="1"><p></p></td><td rowspan="1" colspan="1"><p></p></td><td rowspan="1" colspan="1"><p>F</p></td><td rowspan="1" colspan="1"><p>3</p></td><td rowspan="1" colspan="1"><p>1</p></td><td rowspan="1" colspan="1"><p>90</p></td><td rowspan="1" colspan="1"><p>0</p></td><td rowspan="1" colspan="1"><p>100</p></td><td rowspan="1" colspan="1"><p>435.000</p></td></tr><tr><td rowspan="1" colspan="9"><p><strong>TOTAL - FISCAL</strong></p></td><td rowspan="1" colspan="1"><p><strong>435.000</strong></p></td></tr><tr><td rowspan="1" colspan="9"><p><strong>TOTAL - SEGURIDADE</strong></p></td><td rowspan="1" colspan="1"><p><strong>0</strong></p></td></tr><tr><td rowspan="1" colspan="9"><p><strong>TOTAL - GERAL</strong></p></td><td rowspan="1" colspan="1"><p><strong>435.000</strong></p></td></tr><tr><td rowspan="1" colspan="9" /><td rowspan="1" colspan="1" /></tr></table>]]></Texto>
  </body>
  <Midias />
</article></xml>