﻿<xml><article id="27735082" name="resolucao_2784_2022 COPEC" idOficio="9057316" pubName="DO1" artType="Resolução" pubDate="30/08/2022" artClass="00026:00034:00014:00103:00000:00000:00000:00000:00000:00000:00064:32784" artCategory="Ministério da Saúde/Agência Nacional de Vigilância Sanitária/2ª Diretoria/Coordenação de Pesquisa Clínica em Medicamentos e Produtos Biológicos" artSize="12" artNotes="" numberPage="264" pdfPage="http://pesquisa.in.gov.br/imprensa/jsp/visualiza/index.jsp?data=30/08/2022&amp;jornal=515&amp;pagina=264" editionNumber="165" highlightType="" highlightPriority="" highlight="" highlightimage="" highlightimagename="" idMateria="19839992">
  <body>
    <Identifica><![CDATA[ RESOLUÇÃO-RE Nº 2.784, DE 24 DE AGOSTO DE 2022]]></Identifica>
    <Data><![CDATA[]]></Data>
    <Ementa />
    <Titulo />
    <SubTitulo />
    <Texto><![CDATA[<p class="identifica">RESOLUÇÃO-RE Nº 2.784, DE 24 DE AGOSTO DE 2022</p><p>O Coordenador de Pesquisa Clínica em Medicamentos e Produtos Biológicos, no uso das atribuições que lhe confere o art. 112, aliado ao art. 203, I, § 1º do Regimento Interno aprovado pela Resolução de Diretoria Colegiada - RDC nº 585, de 10 de dezembro de 2021, resolve:</p><p>Art. 1º Deferir petições relacionadas à Coordenação de Pesquisa Clínica em Medicamentos e Produtos Biológicos, conforme anexo.</p><p>Art. 2º Esta Resolução entra em vigor na data de sua publicação.</p><p class="assina">CLAUDIOSVAM MARTINS ALVES DE SOUSA</p><p class="anexo">ANEXO</p><p>NOME DA EMPRESA CNPJ</p><p>MEDICAMENTO EXPERIMENTAL</p><p>CE</p><p>NÚMERO DE PROCESSO EXPEDIENTE</p><p>ASSUNTO DE PETIÇÃO</p><p>-------------------------------------------------------------------------------------------------------------------</p><p>EMS S/A - 57.507.378/0003-65</p><p>Trometamol cetorolaco / Butilbrometo de escopolamina</p><p>74/2022</p><p>25351.666950/2020-02 4433803/20-1</p><p>10750 - ENSAIOS CLÍNICOS - Anuência em processo do Dossiê de Desenvolvimento Clínico de Medicamento (DDCM) - Sintético</p><p>25351.938467/2021-16 0320750/21-1</p><p>10482 - ENSAIOS CLÍNICOS - Anuência em Processo de Pesquisa Clínica - Medicamentos Sintéticos</p><p>JANSSEN-CILAG FARMACÊUTICA LTDA - 51.780.468/0001-87</p><p>Selexipague</p><p>63/2018</p><p>25351.131939/2018-01 4339231/22-8</p><p>10820 - ENSAIOS CLÍNICOS - Modificação de DDCM - Alteração que potencialmente gera impacto na qualidade ou segurança do produto sob investigação</p><p>Teclistamabe</p><p>16/2022</p><p>25351.281398/2022-30 4520606/22-6</p><p>10818 - ENSAIOS CLÍNICOS - Modificação de DDCM - Inclusão de protocolo de ensaio clínico não previsto no plano inicial de desenvolvimento</p><p>VAC31518</p><p>68/2022</p><p>25351.074912/2021-00 4271672/22-1</p><p>10824 - ENSAIOS CLÍNICOS - Emenda Substancial a Protocolo Clínico</p><p>LEGRAND PHARMA INDÚSTRIA FARMACÊUTICA LTDA - 05.044.984/0001-26</p><p>Timolol+Brimonidina+Brinzolamida</p><p>63/2019</p><p>25351.600795/2017-58 3431135/21-1</p><p>10824 - ENSAIOS CLÍNICOS - Emenda Substancial a Protocolo Clínico</p><p>QUINTILES BRASIL LTDA - 02.529.870/0001-88</p><p>Evobrutinibe</p><p>26/2018</p><p>25351.527408/2020-27 2796628/22-3</p><p>10824 - ENSAIOS CLÍNICOS - Emenda Substancial a Protocolo Clínico</p><p>Trimodulina</p><p>91/2020</p><p>25351.113336/2022-04 4282807/22-4</p><p>10818 - ENSAIOS CLÍNICOS - Modificação de DDCM - Inclusão de protocolo de ensaio clínico não previsto no plano inicial de desenvolvimento</p><p>PRODUTOS ROCHE QUÍMICOS E FARMACÊUTICOS S.A. - 33.009.945/0001-23</p><p>RO7247669</p><p>71/2022</p><p>25351.240584/2022-19 4483992/22-8</p><p>10818 - ENSAIOS CLÍNICOS - Modificação de DDCM - Inclusão de protocolo de ensaio clínico não previsto no plano inicial de desenvolvimento</p><p>SANOFI MEDLEY FARMACÊUTICA LTDA. - 10.588.595/0010-92</p><p>Rilzabrutinibe</p><p>2/2020</p><p>25351.471931/2019-58 1420926/22-8</p><p>10820 - ENSAIOS CLÍNICOS - Modificação de DDCM - Alteração que potencialmente gera impacto na qualidade ou segurança do produto sob investigação</p><p>ABBVIE FARMACÊUTICA LTDA. - 15.800.545/0001-50</p><p>Venetoclax</p><p>1/2016</p><p>25351.540699/2022-19 2708404/22-3</p><p>10818 - ENSAIOS CLÍNICOS - Modificação de DDCM - Inclusão de protocolo de ensaio clínico não previsto no plano inicial de desenvolvimento</p><p>NOVARTIS BIOCIENCIAS S.A - 56.994.502/0001-30</p><p>Secuquinumabe</p><p>85/2016</p><p>25351.540631/2022-21 2708031/22-5</p><p>10818 - ENSAIOS CLÍNICOS - Modificação de DDCM - Inclusão de protocolo de ensaio clínico não previsto no plano inicial de desenvolvimento</p><p>25351.785624/2015-25 4858804/21-1</p><p>10820 - ENSAIOS CLÍNICOS - Modificação de DDCM - Alteração que potencialmente gera impacto na qualidade ou segurança do produto sob investigação</p><p>ASTRAZENECA DO BRASIL LTDA - 60.318.797/0001-00</p><p>Savolitinibe / Osimertinibe</p><p>69/2017</p><p>25351.199523/2019-63 4247533/22-3</p><p>10824 - ENSAIOS CLÍNICOS - Emenda Substancial a Protocolo Clínico</p><p>PPD DO BRASIL SUPORTE A PESQUISA CLÍNICA LTDA - 00.251.699/0001-62</p><p>Inclacumab</p><p>46/2021</p><p>25351.199831/2021-11 4549988/22-8</p><p>10820 - ENSAIOS CLÍNICOS - Modificação de DDCM - Alteração que potencialmente gera impacto na qualidade ou segurança do produto sob investigação</p><p>PHARMACEUTICAL RESEARCH ASSOCIATES LTDA - 03.762.871/0001-30</p><p>VX-147</p><p>75/2021</p><p>25351.021737/2022-21 4205123/22-1</p><p>10818 - ENSAIOS CLÍNICOS - Modificação de DDCM - Inclusão de protocolo de ensaio clínico não previsto no plano inicial de desenvolvimento</p><p>GLAXOSMITHKLINE BRASIL LTDA - 33.247.743/0001-10</p><p>Linerixibate</p><p>96/2021</p><p>25351.541957/2021-95 2708409/22-4</p><p>10820 - ENSAIOS CLÍNICOS - Modificação de DDCM - Alteração que potencialmente gera impacto na qualidade ou segurança do produto sob investigação</p>]]></Texto>
  </body>
  <Midias />
</article></xml>