﻿<xml><article id="27749418" name="Ata_28_1C_16_08_2022 -WAR-IMPREN" idOficio="9057405" pubName="DO1" artType="Ata" pubDate="30/08/2022" artClass="00044:00002:00000:00000:00000:00000:00000:00000:00000:00000:00005:00000" artCategory="Tribunal de Contas da União/1ª Câmara" artSize="12" artNotes="" numberPage="327" pdfPage="http://pesquisa.in.gov.br/imprensa/jsp/visualiza/index.jsp?data=30/08/2022&amp;jornal=515&amp;pagina=327" editionNumber="165" highlightType="" highlightPriority="" highlight="" highlightimage="" highlightimagename="" idMateria="19840103">
  <body>
    <Identifica />
    <Data><![CDATA[]]></Data>
    <Ementa />
    <Titulo />
    <SubTitulo />
    <Texto><![CDATA[<p>ACÓRDÃO Nº 4738/2022 - TCU - 1ª Câmara</p><p>Os Ministros do Tribunal de Contas da União, reunidos em Sessão de 1ª Câmara, ACORDAM, por unanimidade, com fundamento nos arts. 1º, inciso V, e 39, inciso II, da Lei 8.443, de 16 de julho de 1992, c/c os arts. 143, inciso II, 259, inciso II, e 260, §§ 1º e 2º, do Regimento Interno, em considerar legal(is) o(s) ato(s) de concessão a seguir relacionado(s), autorizando-se o(s) registro(s), de acordo com os pareceres convergentes emitidos nos autos.</p><p>1. Processo TC-009.162/2022-4 (PENSÃO MILITAR)</p><p>1.1. Interessado: Dilceia de Souza Abre (405.127.389-04).</p><p>1.2. Órgão/Entidade: Comando do Exército.</p><p>1.3. Relator: Ministro-Substituto Augusto Sherman Cavalcanti.</p><p>1.4. Representante do Ministério Público: Procurador Rodrigo Medeiros de Lima.</p><p>1.5. Unidade Técnica: Secretaria de Fiscalização de Integridade de Atos e Pagamentos de Pessoal e de Benefícios Sociais (Sefip).</p><p>1.6. Representação legal: não há.</p><p>1.7. Determinações/Recomendações/Orientações: não há.</p><p>ACÓRDÃO Nº 4739/2022 - TCU - 1ª Câmara</p><p>Os Ministros do Tribunal de Contas da União, reunidos em Sessão de 1ª Câmara, ACORDAM, por unanimidade, com fundamento nos arts. 1º, inciso V, e 39, inciso II, da Lei 8.443, de 16 de julho de 1992, c/c os arts. 143, inciso II, 259, inciso II, e 260, §§ 1º e 2º, do Regimento Interno, em considerar legal(is) o(s) ato(s) de concessão a seguir relacionado(s), autorizando-se o(s) registro(s), de acordo com os pareceres convergentes emitidos nos autos.</p><p>1. Processo TC-009.660/2022-4 (PENSÃO MILITAR)</p><p>1.1. Interessados: Beatris Lisboa Melo (492.062.300-34); Dilma Lisboa Melo (483.703.120-04); Gislaine Lisboa Melo (205.370.850-68); Marilene Lisboa Melo (292.975.160-68); Rosane Lisboa Melo (355.883.730-49).</p><p>1.2. Órgão/Entidade: Comando do Exército.</p><p>1.3. Relator: Ministro-Substituto Augusto Sherman Cavalcanti.</p><p>1.4. Representante do Ministério Público: Procurador Rodrigo Medeiros de Lima.</p><p>1.5. Unidade Técnica: Secretaria de Fiscalização de Integridade de Atos e Pagamentos de Pessoal e de Benefícios Sociais (Sefip).</p><p>1.6. Representação legal: não há.</p><p>1.7. Determinações/Recomendações/Orientações: não há.</p><p>ACÓRDÃO Nº 4740/2022 - TCU - 1ª Câmara</p><p>Os Ministros do Tribunal de Contas da União, reunidos em Sessão de 1ª Câmara, ACORDAM, por unanimidade, com fundamento nos arts. 1º, inciso V, e 39, inciso II, da Lei 8.443, de 16 de julho de 1992, c/c os arts. 143, inciso II, 259, inciso II, e 260, §§ 1º e 2º, do Regimento Interno, em considerar legal(is) o(s) ato(s) de concessão a seguir relacionado(s), autorizando-se o(s) registro(s), de acordo com os pareceres convergentes emitidos nos autos.</p><p>1. Processo TC-011.170/2022-0 (PENSÃO MILITAR)</p><p>1.1. Interessados: Alzira Magalhaes Ramos Luchetti (561.293.008-91); Alzira Magalhaes Ramos Luchetti (561.293.008-91); Leila Lemos Batalha de Goes (006.178.448-60); Leize Batalha de Goes Piccoli (008.526.388-50); Lucio Dias Ramos Neto (142.690.118-66); Sandra Lucia Magalhaes Ramos Itie (013.928.778-73); Sandra Lucia Magalhaes Ramos Itie (013.928.778-73); Sandra Maria Realino (739.058.796-20).</p><p>1.2. Órgão/Entidade: Comando do Exército.</p><p>1.3. Relator: Ministro-Substituto Augusto Sherman Cavalcanti.</p><p>1.4. Representante do Ministério Público: Procurador Rodrigo Medeiros de Lima.</p><p>1.5. Unidade Técnica: Secretaria de Fiscalização de Integridade de Atos e Pagamentos de Pessoal e de Benefícios Sociais (Sefip).</p><p>1.6. Representação legal: não há.</p><p>1.7. Determinações/Recomendações/Orientações: não há.</p><p>ACÓRDÃO Nº 4741/2022 - TCU - 1ª Câmara</p><p>Os Ministros do Tribunal de Contas da União, reunidos em Sessão de 1ª Câmara, ACORDAM, por unanimidade, com fundamento nos arts. 1º, inciso V, e 39, inciso II, da Lei 8.443, de 16 de julho de 1992, c/c os arts. 143, inciso II, 259, inciso II, e 260, §§ 1º e 2º, do Regimento Interno, em considerar legal(is) o(s) ato(s) de concessão a seguir relacionado(s), autorizando-se o(s) registro(s), de acordo com os pareceres convergentes emitidos nos autos.</p><p>1. Processo TC-012.999/2022-9 (PENSÃO MILITAR)</p><p>1.1. Interessado: Roseane de Albuquerque Lopes (123.699.854-53).</p><p>1.2. Órgão/Entidade: Comando do Exército.</p><p>1.3. Relator: Ministro-Substituto Augusto Sherman Cavalcanti.</p><p>1.4. Representante do Ministério Público: Procurador Júlio Marcelo de Oliveira.</p><p>1.5. Unidade Técnica: Secretaria de Fiscalização de Integridade de Atos e Pagamentos de Pessoal e de Benefícios Sociais (Sefip).</p><p>1.6. Representação legal: não há.</p><p>1.7. Determinações/Recomendações/Orientações: não há.</p><p>ACÓRDÃO Nº 4742/2022 - TCU - 1ª Câmara</p><p>Os ministros do Tribunal de Contas da União, reunidos em sessão da 1ª Câmara, com fundamento nos arts. 1º, V, e 39, II, da Lei 8.443/1992, no art. 260, § 1º, do RI/TCU, na forma do art. 143, II, e do RI/TCU, e de acordo com os parecer do MP/TCU emitido nos autos, ACORDAM, por unanimidade, em considerar legal e determinar o registro do ato de concessão de aposentadoria relacionado nos autos.</p><p>1. Processo TC-001.503/2022-7 (APOSENTADORIA)</p><p>1.1. Interessado: Pedro Massad Junior (279.379.411-20).</p><p>1.2. Órgão/Entidade: Instituto Nacional de Estudos e Pesquisas Educacionais Anísio Teixeira.</p><p>1.3. Relator: Ministro-Substituto Weder de Oliveira.</p><p>1.4. Representante do Ministério Público: Procuradora-Geral Cristina Machado da Costa e Silva.</p><p>1.5. Unidade Técnica: Secretaria de Fiscalização de Integridade de Atos e Pagamentos de Pessoal e de Benefícios Sociais (Sefip).</p><p>1.6. Representação legal: não há.</p><p>1.7. Determinações/Recomendações/Orientações: não há.</p><p>ACÓRDÃO Nº 4743/2022 - TCU - 1ª Câmara</p><p>Os ministros do Tribunal de Contas da União, reunidos em sessão da 1ª Câmara, com fundamento nos arts. 1º, V, e 39, II, da Lei 8.443/1992, no art. 260, § 1º, do RI/TCU, na forma do art. 143, II, e do RI/TCU, e de acordo com os pareceres convergentes emitidos nos autos, ACORDAM, por unanimidade, em considerar legal(is) e determinar o registro do(s) ato(s) de concessão de aposentadoria relacionado(s) nos autos.</p><p>1. Processo TC-011.052/2022-8 (APOSENTADORIA)</p><p>1.1. Interessado: Maria Luzenira de Souza (107.163.784-34).</p><p>1.2. Órgão/Entidade: Fundação Universidade Federal do Acre.</p><p>1.3. Relator: Ministro-Substituto Weder de Oliveira.</p><p>1.4. Representante do Ministério Público: Procurador Júlio Marcelo de Oliveira.</p><p>1.5. Unidade Técnica: Secretaria de Fiscalização de Integridade de Atos e Pagamentos de Pessoal e de Benefícios Sociais (Sefip).</p><p>1.6. Representação legal: não há.</p><p>1.7. Determinações/Recomendações/Orientações: não há.</p><p>ACÓRDÃO Nº 4744/2022 - TCU - 1ª Câmara</p><p>Os ministros do Tribunal de Contas da União, reunidos em sessão da 1ª Câmara, com fundamento nos arts. 1º, V, e 39, II, da Lei 8.443/1992, no art. 260, § 1º, do RI/TCU, na forma do art. 143, II, e do RI/TCU, e de acordo com os pareceres convergentes emitidos nos autos, ACORDAM, por unanimidade, em considerar legal(is) e determinar o registro do(s) ato(s) de concessão de aposentadoria relacionado(s) nos autos.</p><p>1. Processo TC-011.898/2022-4 (APOSENTADORIA)</p><p>1.1. Interessado: Carlos Alberto dos Santos Passos (043.529.788-09).</p><p>1.2. Órgão/Entidade: Ministério da Ciência, Tecnologia, Inovações e Comunicações (extinto).</p><p>1.3. Relator: Ministro-Substituto Weder de Oliveira.</p><p>1.4. Representante do Ministério Público: Procurador Júlio Marcelo de Oliveira.</p><p>1.5. Unidade Técnica: Secretaria de Fiscalização de Integridade de Atos e Pagamentos de Pessoal e de Benefícios Sociais (Sefip).</p><p>1.6. Representação legal: não há.</p><p>1.7. Determinações/Recomendações/Orientações: não há.</p><p>ACÓRDÃO Nº 4745/2022 - TCU - 1ª Câmara</p><p>Os ministros do Tribunal de Contas da União, reunidos em sessão da 1ª Câmara, com fundamento nos arts. 1º, V, e 39, II, da Lei 8.443/1992, no art. 260, § 1º, do RI/TCU, na forma do art. 143, II, e do RI/TCU, e de acordo com os pareceres convergentes emitidos nos autos, ACORDAM, por unanimidade, em considerar legal(is) e determinar o registro do(s) ato(s) de concessão de aposentadoria relacionado(s) nos autos.</p><p>1. Processo TC-012.451/2022-3 (APOSENTADORIA)</p><p>1.1. Interessado: Gil Freire Barbosa (062.762.295-04).</p><p>1.2. Órgão/Entidade: Tribunal Regional do Trabalho da 5ª Região/ba.</p><p>1.3. Relator: Ministro-Substituto Weder de Oliveira.</p><p>1.4. Representante do Ministério Público: Procuradora-Geral Cristina Machado da Costa e Silva.</p><p>1.5. Unidade Técnica: Secretaria de Fiscalização de Integridade de Atos e Pagamentos de Pessoal e de Benefícios Sociais (Sefip).</p><p>1.6. Representação legal: não há.</p><p>1.7. Determinações/Recomendações/Orientações: não há.</p><p>ACÓRDÃO Nº 4746/2022 - TCU - 1ª Câmara</p><p>Os ministros do Tribunal de Contas da União, reunidos em sessão da 1ª Câmara, com fundamento nos arts. 1º, V, e 39, II, da Lei 8.443/1992, no art. 260, § 1º, do RI/TCU, na forma do art. 143, II, e do RI/TCU, e de acordo com os pareceres convergentes emitidos nos autos, ACORDAM, por unanimidade, em considerar legal(is) e determinar o registro do(s) ato(s) de concessão de aposentadoria relacionado(s) nos autos.</p><p>1. Processo TC-012.758/2022-1 (APOSENTADORIA)</p><p>1.1. Interessado: Virginia Cabral Ribeiro (267.348.931-20).</p><p>1.2. Órgão/Entidade: Conselho Nacional de Desenvolvimento Científico e Tecnológico.</p><p>1.3. Relator: Ministro-Substituto Weder de Oliveira.</p><p>1.4. Representante do Ministério Público: Procurador Sergio Ricardo Costa Caribé.</p><p>1.5. Unidade Técnica: Secretaria de Fiscalização de Integridade de Atos e Pagamentos de Pessoal e de Benefícios Sociais (Sefip).</p><p>1.6. Representação legal: não há.</p><p>1.7. Determinações/Recomendações/Orientações: não há.</p><p>ACÓRDÃO Nº 4747/2022 - TCU - 1ª Câmara</p><p>Os ministros do Tribunal de Contas da União, reunidos em sessão da 1ª Câmara, com fundamento nos arts. 1º, V, e 39, II, da Lei 8.443/1992, no art. 260, § 1º, do RI/TCU, na forma do art. 143, II, e do RI/TCU, e de acordo com os pareceres convergentes emitidos nos autos, ACORDAM, por unanimidade, em considerar legal(is) e determinar o registro do(s) ato(s) de concessão de aposentadoria relacionado(s) nos autos.</p><p>1. Processo TC-012.940/2022-4 (APOSENTADORIA)</p><p>1.1. Interessado: Luis Gonzaga da Silva (152.786.623-87).</p><p>1.2. Órgão/Entidade: Departamento Nacional de Infraestrutura de Transportes.</p><p>1.3. Relator: Ministro-Substituto Weder de Oliveira.</p><p>1.4. Representante do Ministério Público: Procuradora-Geral Cristina Machado da Costa e Silva.</p><p>1.5. Unidade Técnica: Secretaria de Fiscalização de Integridade de Atos e Pagamentos de Pessoal e de Benefícios Sociais (Sefip).</p><p>1.6. Representação legal: não há.</p><p>1.7. Determinações/Recomendações/Orientações:</p><p>1.7.1. determinar, com fulcro no art. 262, caput, do RI/TCU, ao Departamento Nacional de Infraestrutura de Transportes que, uma vez desconstituída a ação que assegura, presentemente, o pagamento da rubrica judicial ora impugnada por esta Corte, adote as medidas administrativas necessárias à regularização do seu pagamento, promovendo, ainda, a reposição ao erário dos valores indevidamente percebidos, nos termos do art. 46 da Lei 8.112/1990, com a redação dada pela Medida Provisória 2.225-45/2001, caso a decisão judicial definitiva não venha a dispor de modo contrário.</p><p>ACÓRDÃO Nº 4748/2022 - TCU - 1ª Câmara</p><p>Os ministros do Tribunal de Contas da União, reunidos em sessão da 1ª Câmara, com fundamento nos arts. 1º, V, e 39, II, da Lei 8.443/1992, no art. 260, § 1º, do RI/TCU, na forma do art. 143, II, e do RI/TCU, e de acordo com os pareceres convergentes emitidos nos autos, ACORDAM, por unanimidade, em considerar legal(is) e determinar o registro do(s) ato(s) de concessão de aposentadoria relacionado(s) nos autos.</p><p>1. Processo TC-014.452/2022-7 (APOSENTADORIA)</p><p>1.1. Interessado: Hercules Maymone Junior (073.773.711-53).</p><p>1.2. Órgão/Entidade: Ministério da Saúde.</p><p>1.3. Relator: Ministro-Substituto Weder de Oliveira.</p><p>1.4. Representante do Ministério Público: Procuradora-Geral Cristina Machado da Costa e Silva.</p><p>1.5. Unidade Técnica: Secretaria de Fiscalização de Integridade de Atos e Pagamentos de Pessoal e de Benefícios Sociais (Sefip).</p><p>1.6. Representação legal: não há.</p><p>1.7. Determinações/Recomendações/Orientações: não há.</p><p>ACÓRDÃO Nº 4749/2022 - TCU - 1ª Câmara</p><p>Os ministros do Tribunal de Contas da União, reunidos em sessão da 1ª Câmara, com fundamento nos arts. 1º, V, e 39, II, da Lei 8.443/1992, no art. 260, § 1º, do RI/TCU, na forma do art. 143, II, e do RI/TCU, e de acordo com os pareceres convergentes emitidos nos autos, ACORDAM, por unanimidade, em considerar legal(is) e determinar o registro do(s) ato(s) de concessão de aposentadoria relacionado(s) nos autos.</p><p>1. Processo TC-014.465/2022-1 (APOSENTADORIA)</p><p>1.1. Interessado: Nicola Zacharias Medaglia (165.095.870-68).</p><p>1.2. Órgão/Entidade: Ministério da Saúde.</p><p>1.3. Relator: Ministro-Substituto Weder de Oliveira.</p><p>1.4. Representante do Ministério Público: Procurador Júlio Marcelo de Oliveira.</p><p>1.5. Unidade Técnica: Secretaria de Fiscalização de Integridade de Atos e Pagamentos de Pessoal e de Benefícios Sociais (Sefip).</p><p>1.6. Representação legal: não há.</p><p>1.7. Determinações/Recomendações/Orientações: não há.</p><p>ACÓRDÃO Nº 4750/2022 - TCU - 1ª Câmara</p><p>Os ministros do Tribunal de Contas da União, reunidos em sessão da 1ª Câmara, com fundamento nos arts. 1º, V, e 39, II, da Lei 8.443/1992, no art. 260, § 1º, do RI/TCU, na forma do art. 143, II, e do RI/TCU, e de acordo com os pareceres convergentes emitidos nos autos, ACORDAM, por unanimidade, em considerar legal(is) e determinar o registro do(s) ato(s) de concessão de aposentadoria relacionado(s) nos autos.</p><p>1. Processo TC-014.501/2022-8 (APOSENTADORIA)</p><p>1.1. Interessado: Maria Ester Pereira Fortes (092.325.188-05).</p><p>1.2. Órgão/Entidade: Instituto Nacional de Colonização e Reforma Agrária.</p><p>1.3. Relator: Ministro-Substituto Weder de Oliveira.</p><p>1.4. Representante do Ministério Público: Procurador Sergio Ricardo Costa Caribé.</p><p>1.5. Unidade Técnica: Secretaria de Fiscalização de Integridade de Atos e Pagamentos de Pessoal e de Benefícios Sociais (Sefip).</p><p>1.6. Representação legal: não há.</p><p>1.7. Determinações/Recomendações/Orientações: não há.</p><p>ACÓRDÃO Nº 4751/2022 - TCU - 1ª Câmara</p><p>Os ministros do Tribunal de Contas da União, reunidos em sessão da 1ª Câmara, com fundamento nos arts. 1º, V, e 39, II, da Lei 8.443/1992, no art. 260, § 1º, do RI/TCU, na forma do art. 143, II, e do RI/TCU, e de acordo com os pareceres convergentes emitidos nos autos, ACORDAM, por unanimidade, em considerar legal(is) e determinar o registro do(s) ato(s) de concessão de aposentadoria relacionado(s) nos autos.</p><p>1. Processo TC-014.668/2022-0 (APOSENTADORIA)</p><p>1.1. Interessado: Claudio Rodrigues de Souza (079.264.052-72).</p><p>1.2. Órgão/Entidade: Ministério da Saúde.</p><p>1.3. Relator: Ministro-Substituto Weder de Oliveira.</p><p>1.4. Representante do Ministério Público: Procuradora-Geral Cristina Machado da Costa e Silva.</p><p>1.5. Unidade Técnica: Secretaria de Fiscalização de Integridade de Atos e Pagamentos de Pessoal e de Benefícios Sociais (Sefip).</p><p>1.6. Representação legal: não há.</p><p>1.7. Determinações/Recomendações/Orientações: não há.</p><p>ACÓRDÃO Nº 4752/2022 - TCU - 1ª Câmara</p><p>Os ministros do Tribunal de Contas da União, reunidos em sessão da 1ª Câmara, com fundamento nos arts. 1º, V, e 39, II, da Lei 8.443/1992, no art. 260, § 1º, do RI/TCU, na forma do art. 143, II, e do RI/TCU, e de acordo com os pareceres convergentes emitidos nos autos, ACORDAM, por unanimidade, em considerar legal(is) e determinar o registro do(s) ato(s) de concessão de aposentadoria relacionado(s) nos autos.</p><p>1. Processo TC-014.707/2022-5 (APOSENTADORIA)</p><p>1.1. Interessados: Maria de Lourdes Silva da Rocha (344.537.684-00); Maria do Socorro Baia dos Santos (209.145.472-91).</p><p>1.2. Órgão/Entidade: Ministério da Economia.</p><p>1.3. Relator: Ministro-Substituto Weder de Oliveira.</p><p>1.4. Representante do Ministério Público: Procurador Sergio Ricardo Costa Caribé.</p><p>1.5. Unidade Técnica: Secretaria de Fiscalização de Integridade de Atos e Pagamentos de Pessoal e de Benefícios Sociais (Sefip).</p><p>1.6. Representação legal: não há.</p><p>1.7. Determinações/Recomendações/Orientações: não há.</p><p>ACÓRDÃO Nº 4753/2022 - TCU - 1ª Câmara</p><p>Os ministros do Tribunal de Contas da União, reunidos em sessão da 1ª Câmara, com fundamento nos arts. 1º, V, e 39, II, da Lei 8.443/1992, no art. 260, § 1º, do RI/TCU, na forma do art. 143, II, e do RI/TCU, e de acordo com os pareceres convergentes emitidos nos autos, ACORDAM, por unanimidade, em considerar legal(is) e determinar o registro do(s) ato(s) de concessão de aposentadoria relacionado(s) nos autos.</p><p>1. Processo TC-014.719/2022-3 (APOSENTADORIA)</p><p>1.1. Interessado: Jefferson Chaves Boechat (663.341.797-72).</p><p>1.2. Órgão/Entidade: Ministério do Planejamento, Desenvolvimento e Gestão (extinta).</p><p>1.3. Relator: Ministro-Substituto Weder de Oliveira.</p><p>1.4. Representante do Ministério Público: Procurador Sergio Ricardo Costa Caribé.</p><p>1.5. Unidade Técnica: Secretaria de Fiscalização de Integridade de Atos e Pagamentos de Pessoal e de Benefícios Sociais (Sefip).</p><p>1.6. Representação legal: não há.</p><p>1.7. Determinações/Recomendações/Orientações: não há.</p><p>ACÓRDÃO Nº 4754/2022 - TCU - 1ª Câmara</p><p>Os ministros do Tribunal de Contas da União, reunidos em sessão da 1ª Câmara, com fundamento nos arts. 1º, V, e 39, II, da Lei 8.443/1992, no art. 260, § 1º, do RI/TCU, na forma do art. 143, II, e do RI/TCU, e de acordo com os pareceres convergentes emitidos nos autos, ACORDAM, por unanimidade, em considerar legal(is) e determinar o registro do(s) ato(s) de concessão de aposentadoria relacionado(s) nos autos.</p><p>1. Processo TC-014.724/2022-7 (APOSENTADORIA)</p><p>1.1. Interessado: Cassio Colombo Filho (012.527.138-78).</p><p>1.2. Órgão/Entidade: Tribunal Regional do Trabalho da 9ª Região.</p><p>1.3. Relator: Ministro-Substituto Weder de Oliveira.</p><p>1.4. Representante do Ministério Público: Procurador Sergio Ricardo Costa Caribé.</p><p>1.5. Unidade Técnica: Secretaria de Fiscalização de Integridade de Atos e Pagamentos de Pessoal e de Benefícios Sociais (Sefip).</p><p>1.6. Representação legal: não há.</p><p>1.7. Determinações/Recomendações/Orientações: não há.</p><p>ACÓRDÃO Nº 4755/2022 - TCU - 1ª Câmara</p><p>Os ministros do Tribunal de Contas da União, reunidos em sessão da 1ª Câmara, com fundamento nos arts. 1º, V, e 39, II, da Lei 8.443/1992, no art. 260, § 1º, do RI/TCU, na forma do art. 143, II, e do RI/TCU, e de acordo com os pareceres convergentes emitidos nos autos, ACORDAM, por unanimidade, em considerar legal(is) e determinar o registro do(s) ato(s) de concessão de aposentadoria relacionado(s) nos autos.</p><p>1. Processo TC-014.779/2022-6 (APOSENTADORIA)</p><p>1.1. Interessados: Luiz Gilberto Seixas de Andrade (296.621.257-87); Wilson Xavier da Silva (057.176.981-00).</p><p>1.2. Órgão/Entidade: Ministério das Relações Exteriores.</p><p>1.3. Relator: Ministro-Substituto Weder de Oliveira.</p><p>1.4. Representante do Ministério Público: Procurador Sergio Ricardo Costa Caribé.</p><p>1.5. Unidade Técnica: Secretaria de Fiscalização de Integridade de Atos e Pagamentos de Pessoal e de Benefícios Sociais (Sefip).</p><p>1.6. Representação legal: não há.</p><p>1.7. Determinações/Recomendações/Orientações: não há.</p><p>ACÓRDÃO Nº 4756/2022 - TCU - 1ª Câmara</p><p>Os ministros do Tribunal de Contas da União, reunidos em sessão da 1ª Câmara, com fundamento nos arts. 1º, V, e 39, II, da Lei 8.443/1992, no art. 260, § 1º, do RI/TCU, na forma do art. 143, II, e do RI/TCU, e de acordo com os pareceres convergentes emitidos nos autos, ACORDAM, por unanimidade, em considerar legal(is) e determinar o registro do(s) ato(s) de concessão de aposentadoria relacionado(s) nos autos.</p><p>1. Processo TC-014.874/2022-9 (APOSENTADORIA)</p><p>1.1. Interessados: Hilton Jose da Silva Santos (081.351.345-68); Jose Carlos de Jesus Gomes (063.269.785-72); Juarez Enoque Vinhas (140.199.655-87); Sandra Maria Maia Costa Ferreira (183.373.925-68); Walter de Araujo (181.025.655-00).</p><p>1.2. Órgão/Entidade: Ministério da Saúde.</p><p>1.3. Relator: Ministro-Substituto Weder de Oliveira.</p><p>1.4. Representante do Ministério Público: Procurador Sergio Ricardo Costa Caribé.</p><p>1.5. Unidade Técnica: Secretaria de Fiscalização de Integridade de Atos e Pagamentos de Pessoal e de Benefícios Sociais (Sefip).</p><p>1.6. Representação legal: não há.</p><p>1.7. Determinações/Recomendações/Orientações: não há.</p><p>ACÓRDÃO Nº 4757/2022 - TCU - 1ª Câmara</p><p>Os ministros do Tribunal de Contas da União, reunidos em sessão da 1ª Câmara, com fundamento nos arts. 1º, V, e 39, II, da Lei 8.443/1992, no art. 260, § 1º, do RI/TCU, na forma do art. 143, II, e do RI/TCU, e de acordo com os pareceres convergentes emitidos nos autos, ACORDAM, por unanimidade, em considerar legal(is) e determinar o registro do(s) ato(s) de concessão de aposentadoria relacionado(s) nos autos.</p><p>1. Processo TC-014.900/2022-0 (APOSENTADORIA)</p><p>1.1. Interessados: Dilva Maria Fonseca Trindade (333.800.071-53); Maria do Egyto de Sousa e Silva (212.693.511-68); Marilene Rosa (214.098.111-15).</p><p>1.2. Órgão/Entidade: Ministério da Saúde.</p><p>1.3. Relator: Ministro-Substituto Weder de Oliveira.</p><p>1.4. Representante do Ministério Público: Procurador Sergio Ricardo Costa Caribé.</p><p>1.5. Unidade Técnica: Secretaria de Fiscalização de Integridade de Atos e Pagamentos de Pessoal e de Benefícios Sociais (Sefip).</p><p>1.6. Representação legal: não há.</p><p>1.7. Determinações/Recomendações/Orientações: não há.</p><p>ACÓRDÃO Nº 4758/2022 - TCU - 1ª Câmara</p><p>Os ministros do Tribunal de Contas da União, reunidos em sessão da 1ª Câmara, com fundamento nos arts. 1º, V, e 39, II, da Lei 8.443/1992, no art. 260, § 1º, do RI/TCU, na forma do art. 143, II, e do RI/TCU, e de acordo com os pareceres convergentes emitidos nos autos, ACORDAM, por unanimidade, em considerar legal(is) e determinar o registro do(s) ato(s) de concessão de aposentadoria relacionado(s) nos autos.</p><p>1. Processo TC-014.911/2022-1 (APOSENTADORIA)</p><p>1.1. Interessado: Odette Silveira Moraes (586.448.148-34).</p><p>1.2. Órgão/Entidade: Tribunal Regional do Trabalho da 2ª Região/sp.</p><p>1.3. Relator: Ministro-Substituto Weder de Oliveira.</p><p>1.4. Representante do Ministério Público: Procurador Sergio Ricardo Costa Caribé.</p><p>1.5. Unidade Técnica: Secretaria de Fiscalização de Integridade de Atos e Pagamentos de Pessoal e de Benefícios Sociais (Sefip).</p><p>1.6. Representação legal: não há.</p><p>1.7. Determinações/Recomendações/Orientações: não há.</p><p>ACÓRDÃO Nº 4759/2022 - TCU - 1ª Câmara</p><p>Os ministros do Tribunal de Contas da União, reunidos em sessão da 1ª Câmara, com fundamento nos arts. 1º, V, e 39, II, da Lei 8.443/1992, no art. 260, § 1º, do RI/TCU, na forma do art. 143, II, e do RI/TCU, e de acordo com os pareceres convergentes emitidos nos autos, ACORDAM, por unanimidade, em considerar legal(is) e determinar o registro do(s) ato(s) de concessão de aposentadoria relacionado(s) nos autos.</p><p>1. Processo TC-014.921/2022-7 (APOSENTADORIA)</p><p>1.1. Interessado: Pedro Henrique de Franca (161.922.141-15).</p><p>1.2. Órgão/Entidade: Instituto Nacional de Colonização e Reforma Agrária.</p><p>1.3. Relator: Ministro-Substituto Weder de Oliveira.</p><p>1.4. Representante do Ministério Público: Procuradora-Geral Cristina Machado da Costa e Silva.</p><p>1.5. Unidade Técnica: Secretaria de Fiscalização de Integridade de Atos e Pagamentos de Pessoal e de Benefícios Sociais (Sefip).</p><p>1.6. Representação legal: não há.</p><p>1.7. Determinações/Recomendações/Orientações: não há.</p><p>ACÓRDÃO Nº 4760/2022 - TCU - 1ª Câmara</p><p>Os ministros do Tribunal de Contas da União, reunidos em sessão da 1ª Câmara, com fundamento nos arts. 1º, V, e 39, II, da Lei 8.443/1992, no art. 260, § 1º, do RI/TCU, na forma do art. 143, II, e do RI/TCU, e de acordo com os pareceres convergentes emitidos nos autos, ACORDAM, por unanimidade, em considerar legal(is) e determinar o registro do(s) ato(s) de concessão de aposentadoria relacionado(s) nos autos.</p><p>1. Processo TC-014.955/2022-9 (APOSENTADORIA)</p><p>1.1. Interessado: Luiz Alberto Leite do Nascimento (126.099.355-87).</p><p>1.2. Órgão/Entidade: Instituto Nacional do Seguro Social.</p><p>1.3. Relator: Ministro-Substituto Weder de Oliveira.</p><p>1.4. Representante do Ministério Público: Procurador Sergio Ricardo Costa Caribé.</p><p>1.5. Unidade Técnica: Secretaria de Fiscalização de Integridade de Atos e Pagamentos de Pessoal e de Benefícios Sociais (Sefip).</p><p>1.6. Representação legal: não há.</p><p>1.7. Determinações/Recomendações/Orientações: não há.</p><p>ACÓRDÃO Nº 4761/2022 - TCU - 1ª Câmara</p><p>Os ministros do Tribunal de Contas da União, reunidos em sessão da 1ª Câmara, com fundamento nos arts. 1º, V, e 39, II, da Lei 8.443/1992, no art. 260, § 1º, do RI/TCU, na forma do art. 143, II, e do RI/TCU, e de acordo com os pareceres convergentes emitidos nos autos, ACORDAM, por unanimidade, em considerar legal(is) e determinar o registro do(s) ato(s) de concessão de aposentadoria relacionado(s) nos autos.</p><p>1. Processo TC-014.973/2022-7 (APOSENTADORIA)</p><p>1.1. Interessados: Edson Roberto da Costa Farias (150.546.912-00); Paulo Mauricio Araujo Pinho (047.438.652-04); Silvana Catarina Marques Rodrigues (124.904.742-00).</p><p>1.2. Órgão/Entidade: Instituto Nacional do Seguro Social.</p><p>1.3. Relator: Ministro-Substituto Weder de Oliveira.</p><p>1.4. Representante do Ministério Público: Procurador Sergio Ricardo Costa Caribé.</p><p>1.5. Unidade Técnica: Secretaria de Fiscalização de Integridade de Atos e Pagamentos de Pessoal e de Benefícios Sociais (Sefip).</p><p>1.6. Representação legal: não há.</p><p>1.7. Determinações/Recomendações/Orientações: não há.</p><p>ACÓRDÃO Nº 4762/2022 - TCU - 1ª Câmara</p><p>Os ministros do Tribunal de Contas da União, reunidos em sessão da 1ª Câmara, com fundamento nos arts. 1º, V, e 39, II, da Lei 8.443/1992, no art. 260, § 1º, do RI/TCU, na forma do art. 143, II, e do RI/TCU, e de acordo com os pareceres convergentes emitidos nos autos, ACORDAM, por unanimidade, em considerar legal(is) e determinar o registro do(s) ato(s) de concessão de aposentadoria relacionado(s) nos autos.</p><p>1. Processo TC-014.993/2022-8 (APOSENTADORIA)</p><p>1.1. Interessados: Maria Aparecida e Silva Pereira Sobreira (287.555.883-87); Maria Lucia Portela de Deus Lages (059.607.543-04).</p><p>1.2. Órgão/Entidade: Instituto Federal de Educação, Ciência e Tecnologia do Piauí.</p><p>1.3. Relator: Ministro-Substituto Weder de Oliveira.</p><p>1.4. Representante do Ministério Público: Procurador Sergio Ricardo Costa Caribé.</p><p>1.5. Unidade Técnica: Secretaria de Fiscalização de Integridade de Atos e Pagamentos de Pessoal e de Benefícios Sociais (Sefip).</p><p>1.6. Representação legal: não há.</p><p>1.7. Determinações/Recomendações/Orientações: não há.</p><p>ACÓRDÃO Nº 4763/2022 - TCU - 1ª Câmara</p><p>Os ministros do Tribunal de Contas da União, reunidos em sessão da 1ª Câmara, com fundamento nos arts. 1º, V, e 39, II, da Lei 8.443/1992, no art. 260, § 1º, do RI/TCU, na forma do art. 143, II, e do RI/TCU, e de acordo com os pareceres convergentes emitidos nos autos, ACORDAM, por unanimidade, em considerar legal(is) e determinar o registro do(s) ato(s) de concessão de aposentadoria relacionado(s) nos autos.</p><p>1. Processo TC-015.027/2022-8 (APOSENTADORIA)</p><p>1.1. Interessado: Paulo Vidal Lima (112.414.204-59).</p><p>1.2. Órgão/Entidade: Instituto Federal de Educação, Ciência e Tecnologia da Paraíba.</p><p>1.3. Relator: Ministro-Substituto Weder de Oliveira.</p><p>1.4. Representante do Ministério Público: Procuradora-Geral Cristina Machado da Costa e Silva.</p><p>1.5. Unidade Técnica: Secretaria de Fiscalização de Integridade de Atos e Pagamentos de Pessoal e de Benefícios Sociais (Sefip).</p><p>1.6. Representação legal: não há.</p><p>1.7. Determinações/Recomendações/Orientações: não há.</p><p>ACÓRDÃO Nº 4764/2022 - TCU - 1ª Câmara</p><p>Os ministros do Tribunal de Contas da União, reunidos em sessão da 1ª Câmara, com fundamento nos arts. 1º, V, e 39, II, da Lei 8.443/1992, no art. 260, § 1º, do RI/TCU, na forma do art. 143, II, e do RI/TCU, e de acordo com os pareceres convergentes emitidos nos autos, ACORDAM, por unanimidade, em considerar legal(is) e determinar o registro do(s) ato(s) de concessão de aposentadoria relacionado(s) nos autos.</p><p>1. Processo TC-015.028/2022-4 (APOSENTADORIA)</p><p>1.1. Interessado: Francisco Jacome de Lima (132.821.824-49).</p><p>1.2. Órgão/Entidade: Instituto Federal de Educação, Ciência e Tecnologia da Paraíba.</p><p>1.3. Relator: Ministro-Substituto Weder de Oliveira.</p><p>1.4. Representante do Ministério Público: Procuradora-Geral Cristina Machado da Costa e Silva.</p><p>1.5. Unidade Técnica: Secretaria de Fiscalização de Integridade de Atos e Pagamentos de Pessoal e de Benefícios Sociais (Sefip).</p><p>1.6. Representação legal: não há.</p><p>1.7. Determinações/Recomendações/Orientações: não há.</p><p>ACÓRDÃO Nº 4765/2022 - TCU - 1ª Câmara</p><p>Os ministros do Tribunal de Contas da União, reunidos em sessão da 1ª Câmara, com fundamento nos arts. 1º, V, e 39, II, da Lei 8.443/1992, no art. 260, § 1º, do RI/TCU, na forma do art. 143, II, e do RI/TCU, e de acordo com os pareceres convergentes emitidos nos autos, ACORDAM, por unanimidade, em considerar legal(is) e determinar o registro do(s) ato(s) de concessão de aposentadoria relacionado(s) nos autos.</p><p>1. Processo TC-015.077/2022-5 (APOSENTADORIA)</p><p>1.1. Interessados: Edilio Vaccarini Filho (181.629.596-53); Ildeci Ramos dos Santos (295.071.896-53).</p><p>1.2. Órgão/Entidade: Ministério da Saúde.</p><p>1.3. Relator: Ministro-Substituto Weder de Oliveira.</p><p>1.4. Representante do Ministério Público: Procurador Sergio Ricardo Costa Caribé.</p><p>1.5. Unidade Técnica: Secretaria de Fiscalização de Integridade de Atos e Pagamentos de Pessoal e de Benefícios Sociais (Sefip).</p><p>1.6. Representação legal: não há.</p><p>1.7. Determinações/Recomendações/Orientações: não há.</p><p>ACÓRDÃO Nº 4766/2022 - TCU - 1ª Câmara</p><p>VISTOS e relacionados estes autos de alteração de aposentadoria pelo Tribunal Regional Federal da 2ª Região;</p><p>Considerando as propostas uníssonas da Secretaria de Fiscalização de Integridade de Atos e Pagamentos de Pessoal e de Benefícios Sociais (Sefip) e do MP/TCU pela ilegalidade do ato em razão do pagamento, nos proventos da interessada, da vantagem denominada "opção" atinente ao art. 2º da Lei 8.911/1994, oriunda do art. 193 da Lei 8.112/1990, de forma cumulativa à parcela de "quintos" (art. 62 da Lei 8.112/1990), em desacordo à vedação contida no §2º do art. 193 da Lei 8.112/1990;</p><p>Considerando que a aposentadoria em foi concedida em de 3/9/1993, portanto, antes da data limite estabelecida no art. 7º da Lei 9.624/1998, que assegurou o direito à percepção da vantagem "opção", aos servidores que, até 19/1/1995, tivessem completado todos os requisitos para obtenção de aposentadoria dentro das normas até então vigentes;</p><p>Considerando que o parágrafo único do art. 7º da Lei 9.624/1998 dispôs que a percepção da vantagem "opção" exclui a incorporação a que se referia o art. 62 ("quintos") e as vantagens previstas no art. 192 (acréscimo nos proventos conforme o padrão da classe em que se der a aposentadoria) da Lei 8.112/1990;</p><p>Considerando que a irregularidade em questão é objeto de jurisprudência pacificada nesta Corte de Contas, tendo por paradigma o acórdão 2988/2018-TCU-Plenário (Ministra Ana Arraes), acompanhado por iterativas deliberações, a exemplo dos acórdãos 807/2020, 8731/2020, 9453/2021, 1175/2002-TCU-1ª Câmara; 18563/2021-TCU-2ª Câmara, dentre outros;</p><p>Considerando que a parcela de "quintos" foi concedida pelo exercício de funções comissionadas até o advento da Lei 9.624/1998;</p><p>Considerando que não há, nos autos, informação de que a vantagem denominada "opção" esteja sendo paga com amparo em decisão judicial transitada em julgado;</p><p>Considerando que este Tribunal, por meio do acórdão 1414/2021-TCU-Plenário (Ministro Walton Alencar Rodrigues), fixou entendimento no sentido da possibilidade de apreciação de ato sujeito a registro mediante relação, na forma do art. 143, inciso II, do Regimento Interno do TCU, nas hipóteses em que a ilegalidade do ato decorra exclusivamente de questão jurídica de solução já pacificada na jurisprudência desta Corte de Contas;</p><p>Considerando a presunção de boa-fé da responsável;</p><p>Considerando que o ato foi enviado a esta Corte de Contas há menos de 5 (cinco) anos, pode ser apreciado sem a necessidade de prévia oitiva da interessada, nos termos do acórdão 587/2011-TCU - Plenário, não sendo o caso, também, de ocorrência de apreciação tácita da legalidade, por decurso de prazo (decisão do Supremo Tribunal Federal, em sede de repercussão geral, no âmbito do RE 636.553: "em atenção aos princípios da segurança jurídica e da confiança legítima, os Tribunais de Contas estão sujeitos ao prazo de 5 anos para o julgamento da legalidade do ato de concessão inicial de aposentadoria, reforma ou pensão, a contar da chegada do processo à respectiva Corte de Contas").</p><p>ACORDAM os Ministros o Tribunal de Contas da União, reunidos em sessão da 1ª Câmara, com fundamento nos arts. 1º, V, e 39, II, da Lei 8.443/1992, c/c os arts. 17, III; 143, II e 260 e 262 do RI/TCU, em considerar ilegal e negar registro ao ato de concessão de aposentadoria em favor da interessada identificada no item 1.1, e expedir as determinações abaixo, conforme proposto pela unidade técnica.</p><p>1. Processo TC-022.759/2021-2 (APOSENTADORIA)</p><p>1.1. Interessado: Nilza Neves Fernandes (221.007.257-34).</p><p>1.2. Órgão/Entidade: Tribunal Regional Federal da 2ª Região.</p><p>1.3. Relator: Ministro-Substituto Weder de Oliveira.</p><p>1.4. Representante do Ministério Público: Procurador Rodrigo Medeiros de Lima.</p><p>1.5. Unidade Técnica: Secretaria de Fiscalização de Integridade de Atos e Pagamentos de Pessoal e de Benefícios Sociais (Sefip).</p><p>1.6. Representação legal: não há.</p><p>1.7. Determinações/Recomendações/Orientações:</p><p>1.7.1. dispensar a devolução dos valores indevidamente recebidos, presumidamente, de boa-fé pela interessada nos termos da Súmula 106 deste Tribunal;</p><p>1.7.2. determinar ao órgão/entidade responsável pela concessão que:</p><p>1.7.2.1. em até 5 (cinco) dias após a ciência desta decisão, comunique à interessada que deverá optar, no prazo máximo e improrrogável de 15 (quinze) dias, entre a percepção da vantagem denominada "opção" ou da parcela de "quintos", uma vez que implementou os requisitos de aposentadoria antes de 18/1/1995;</p><p>1.7.2.2. caso a interessada não se manifeste no prazo acima estipulado, cesse todo e qualquer pagamento relativo ao ato impugnado, sob pena de ressarcimento das quantias pagas após essa data pelo responsável;</p><p>1.7.2.3. informe a este Tribunal as providências adotadas, nos termos do art. 262, caput, do RI/TCU, e do art. 8º, caput, da Resolução TCU 206/2007, sob pena de responsabilidade solidária do responsável pela omissão;</p><p>1.7.2.4. dê ciência do inteiro teor desta deliberação à interessada, alertando-a de que o efeito suspensivo proveniente da interposição de eventuais recursos perante o Tribunal não a exime da devolução dos valores percebidos indevidamente após a respectiva notificação, caso esses não sejam providos, devendo encaminhar os comprovantes dessa notificação a esta Corte no prazo de até 30 (trinta) dias;</p><p>1.7.2.5. cadastre novo ato de concessão de aposentadoria livre da irregularidade apontada, submetendo-o no prazo de 30 (trinta) dias à apreciação deste Tribunal, nos termos do art. 262, caput e § 2º, do RI/TCU, e do art. 19, § 3º, da Instrução Normativa TCU 78/2018;</p><p>1.7.3. dar ciência deste acórdão ao órgão/entidade responsável pela concessão, informando que o teor integral da deliberação poderá ser obtido no endereço eletrônico www.tcu.gov.br/acordaos.</p><p>1.7.4. encerrar o processo e arquivar os presentes autos.</p>]]></Texto>
  </body>
  <Midias />
</article></xml>