﻿<xml><article id="27743848" name="Portaria 753" idOficio="9059063" pubName="DO1" artType="Portaria" pubDate="30/08/2022" artClass="00027:00052:00013:00000:00000:00000:00000:00000:00000:00000:00054:00004" artCategory="Ministério do Trabalho e Previdência/Superintendência Nacional de Previdência Complementar/Diretoria de Licenciamento" artSize="12" artNotes="" numberPage="285" pdfPage="http://pesquisa.in.gov.br/imprensa/jsp/visualiza/index.jsp?data=30/08/2022&amp;jornal=515&amp;pagina=285" editionNumber="165" highlightType="" highlightPriority="" highlight="" highlightimage="" highlightimagename="" idMateria="19842373">
  <body>
    <Identifica><![CDATA[ Portaria Previc Nº 753, DE 12 DE agosto DE 2022]]></Identifica>
    <Data><![CDATA[]]></Data>
    <Ementa />
    <Titulo />
    <SubTitulo />
    <Texto><![CDATA[<p class="identifica">Portaria Previc Nº 753, DE 12 DE agosto DE 2022</p><p>O DIRETOR DE LICENCIAMENTO, no uso das atribuições que lhe confere confere a alínea "c" do inciso I do art. 64 da Portaria nº 529, de 8 de dezembro de 2017 (Regimento Interno da Superintendência Nacional de Previdência Complementar - Previc), e considerando as manifestações técnicas exaradas no Processo nº 44011.000667/2022-72, resolve:</p><p>Art. 1º Aprovar o 1º termo aditivo ao convênio de adesão celebrado entre a empresa Mercer Human Resource Consulting Ltda., CNPJ n.º 55.492.391/0001-09, na condição de patrocinadora do Plano de Aposentadoria Mercer, CNPB nº 1989.0020-56, e a Mercerprev - Fundo de Pensão Multipatrocinado, CNPJ nº 61.365.136/0001-90, na condição de entidade fechada de previdência complementar responsável pela administração do referido plano.</p><p class="assina">JOSÉ REYNALDO DE ALMEIDA FURLANI</p>]]></Texto>
  </body>
  <Midias />
</article></xml>