﻿<xml><article id="27749394" name="Ata_28_1C_16_08_2022 -WAR-IMPREN" idOficio="9057405" pubName="DO1" artType="Ata" pubDate="30/08/2022" artClass="00044:00002:00000:00000:00000:00000:00000:00000:00000:00000:00005:00000" artCategory="Tribunal de Contas da União/1ª Câmara" artSize="12" artNotes="" numberPage="304" pdfPage="http://pesquisa.in.gov.br/imprensa/jsp/visualiza/index.jsp?data=30/08/2022&amp;jornal=515&amp;pagina=304" editionNumber="165" highlightType="" highlightPriority="" highlight="" highlightimage="" highlightimagename="" idMateria="19840103">
  <body>
    <Identifica />
    <Data><![CDATA[]]></Data>
    <Ementa />
    <Titulo />
    <SubTitulo />
    <Texto><![CDATA[<p>ACÓRDÃO Nº 4595/2022 - TCU - 1ª Câmara</p><p>1. Processo nº TC 026.051/2020-6.</p><p>2. Grupo II - Classe II - Assunto: Tomada de Contas Especial.</p><p>3. Responsáveis: Marcia Maria Rocha Cavalcante (376.139.792-53); Vildemar Rosa Fernandes (101.048.872-49).</p><p>4. Órgão/Entidade: Prefeitura Municipal de São Miguel do Guamá/PA.</p><p>5. Relator: Ministro-Substituto Augusto Sherman Cavalcanti.</p><p>6. Representante do Ministério Público: Procurador Sergio Ricardo Costa Caribé.</p><p>7. Unidade Técnica: Secretaria de Controle Externo de Tomada de Contas Especial (Secex-TCE).</p><p>8. Representação legal: não há.</p><p>9. Acórdão:</p><p>VISTOS, relatados e discutidos estes autos de tomada de contas especial instaurada pela Secretaria Especial do Desenvolvimento Social, em desfavor de Vildemar Rosa Fernandes e de Márcia Maria Rocha Cavalcante, prefeitos de São Miguel do Guamá/PA de 1/1/2009 a 4/10/2010 e de 5/10/2010 a 31/12/2012, respectivamente, em razão da não comprovação da boa e regular aplicação dos recursos recebidos do Fundo Nacional de Assistência Social, para execução dos programas Proteção Social Básica e Proteção Social Especial no exercício de 2010,</p><p>ACORDAM os Ministros do Tribunal de Contas da União, reunidos em sessão de 1ª Câmara, ante as razões expostas pelo Relator, em:</p><p>9.1. considerar revéis Vildemar Rosa Fernandes e Márcia Maria Rocha Cavalcante, para todos os efeitos, nos termos do art. 12, § 3º, da Lei 8.443/1992;</p><p>9.2. julgar irregulares as contas de Vildemar Rosa Fernandes e de Márcia Maria Rocha Cavalcante, com fundamento nos arts. 1º, inciso I, 16, inciso III, alíneas "b" e "c", da Lei 8.443/1992, condenando-os, com base nos arts. 19, caput, e 23, inciso III, da mesma Lei, ao pagamento das quantias abaixo discriminadas, com a fixação do prazo de quinze dias, a contar da notificação, para comprovar, perante o Tribunal (art. 214, inciso III, alínea "a", do Regimento Interno), o recolhimento da dívida aos cofres do Fundo Nacional de Assistência Social, atualizada monetariamente e acrescida dos juros de mora, calculados a partir das datas da ocorrência até a data do recolhimento, na forma prevista na legislação em vigor:</p><p>9.2.1. Responsável: Vildemar Rosa Fernandes:</p><p /><p></p><table><tr /><tr><td rowspan="1" colspan="1"><p>Valor Original (R$)</p></td><td rowspan="1" colspan="1"><p>Data da Ocorrência</p></td></tr><tr><td rowspan="1" colspan="1"><p>4.500,00</p></td><td rowspan="1" colspan="1"><p>14/01/2010</p></td></tr><tr><td rowspan="1" colspan="1"><p>3.000,00</p></td><td rowspan="1" colspan="1"><p>15/01/2010</p></td></tr><tr><td rowspan="1" colspan="1"><p>6.300,00</p></td><td rowspan="1" colspan="1"><p>19/01/2010</p></td></tr><tr><td rowspan="1" colspan="1"><p>17.587,50</p></td><td rowspan="1" colspan="1"><p>19/01/2010</p></td></tr><tr><td rowspan="1" colspan="1"><p>17.587,50</p></td><td rowspan="1" colspan="1"><p>19/01/2010</p></td></tr><tr><td rowspan="1" colspan="1"><p>4.500,00</p></td><td rowspan="1" colspan="1"><p>01/02/2010</p></td></tr><tr><td rowspan="1" colspan="1"><p>35.466,20</p></td><td rowspan="1" colspan="1"><p>02/02/2010</p></td></tr><tr><td rowspan="1" colspan="1"><p>3.000,00</p></td><td rowspan="1" colspan="1"><p>24/02/2010</p></td></tr><tr><td rowspan="1" colspan="1"><p>12.600,00</p></td><td rowspan="1" colspan="1"><p>04/03/2010</p></td></tr><tr><td rowspan="1" colspan="1"><p>17.587,50</p></td><td rowspan="1" colspan="1"><p>04/03/2010</p></td></tr><tr><td rowspan="1" colspan="1"><p>4.500,00</p></td><td rowspan="1" colspan="1"><p>04/03/2010</p></td></tr><tr><td rowspan="1" colspan="1"><p>7.257,60</p></td><td rowspan="1" colspan="1"><p>05/03/2010</p></td></tr><tr><td rowspan="1" colspan="1"><p>12.600,00</p></td><td rowspan="1" colspan="1"><p>16/03/2010</p></td></tr><tr><td rowspan="1" colspan="1"><p>7.257,60</p></td><td rowspan="1" colspan="1"><p>24/03/2010</p></td></tr><tr><td rowspan="1" colspan="1"><p>4.500,00</p></td><td rowspan="1" colspan="1"><p>25/03/2010</p></td></tr><tr><td rowspan="1" colspan="1"><p>3.000,00</p></td><td rowspan="1" colspan="1"><p>25/03/2010</p></td></tr><tr><td rowspan="1" colspan="1"><p>17.587,50</p></td><td rowspan="1" colspan="1"><p>31/03/2010</p></td></tr><tr><td rowspan="1" colspan="1"><p>7.257,60</p></td><td rowspan="1" colspan="1"><p>12/04/2010</p></td></tr><tr><td rowspan="1" colspan="1"><p>4.500,00</p></td><td rowspan="1" colspan="1"><p>14/04/2010</p></td></tr><tr><td rowspan="1" colspan="1"><p>3.000,00</p></td><td rowspan="1" colspan="1"><p>14/04/2010</p></td></tr><tr><td rowspan="1" colspan="1"><p>12.600,00</p></td><td rowspan="1" colspan="1"><p>22/04/2010</p></td></tr><tr><td rowspan="1" colspan="1"><p>17.587,50</p></td><td rowspan="1" colspan="1"><p>26/04/2010</p></td></tr><tr><td rowspan="1" colspan="1"><p>4.500,00</p></td><td rowspan="1" colspan="1"><p>11/05/2010</p></td></tr><tr><td rowspan="1" colspan="1"><p>7.257,60</p></td><td rowspan="1" colspan="1"><p>13/05/2010</p></td></tr><tr><td rowspan="1" colspan="1"><p>3.000,00</p></td><td rowspan="1" colspan="1"><p>13/05/2010</p></td></tr><tr><td rowspan="1" colspan="1"><p>12.600,00</p></td><td rowspan="1" colspan="1"><p>19/05/2010</p></td></tr><tr><td rowspan="1" colspan="1"><p>17.587,50</p></td><td rowspan="1" colspan="1"><p>24/05/2010</p></td></tr><tr><td rowspan="1" colspan="1"><p>3.000,00</p></td><td rowspan="1" colspan="1"><p>11/06/2010</p></td></tr><tr><td rowspan="1" colspan="1"><p>7.257,60</p></td><td rowspan="1" colspan="1"><p>14/06/2010</p></td></tr><tr><td rowspan="1" colspan="1"><p>4.500,00</p></td><td rowspan="1" colspan="1"><p>14/06/2010</p></td></tr><tr><td rowspan="1" colspan="1"><p>12.600,00</p></td><td rowspan="1" colspan="1"><p>17/06/2010</p></td></tr><tr><td rowspan="1" colspan="1"><p>2.400,00</p></td><td rowspan="1" colspan="1"><p>28/06/2010</p></td></tr><tr><td rowspan="1" colspan="1"><p>17.587,50</p></td><td rowspan="1" colspan="1"><p>30/06/2010</p></td></tr><tr><td rowspan="1" colspan="1"><p>4.500,00</p></td><td rowspan="1" colspan="1"><p>30/06/2010</p></td></tr><tr><td rowspan="1" colspan="1"><p>2.200,00</p></td><td rowspan="1" colspan="1"><p>30/06/2010</p></td></tr><tr><td rowspan="1" colspan="1"><p>3.000,00</p></td><td rowspan="1" colspan="1"><p>07/07/2010</p></td></tr><tr><td rowspan="1" colspan="1"><p>37.687,50</p></td><td rowspan="1" colspan="1"><p>14/07/2010</p></td></tr><tr><td rowspan="1" colspan="1"><p>7.257,60</p></td><td rowspan="1" colspan="1"><p>14/07/2010</p></td></tr><tr><td rowspan="1" colspan="1"><p>12.600,00</p></td><td rowspan="1" colspan="1"><p>15/07/2010</p></td></tr><tr><td rowspan="1" colspan="1"><p>7.257,60</p></td><td rowspan="1" colspan="1"><p>06/08/2010</p></td></tr><tr><td rowspan="1" colspan="1"><p>3.000,00</p></td><td rowspan="1" colspan="1"><p>11/08/2010</p></td></tr><tr><td rowspan="1" colspan="1"><p>40.200,00</p></td><td rowspan="1" colspan="1"><p>23/08/2010</p></td></tr><tr><td rowspan="1" colspan="1"><p>12.600,00</p></td><td rowspan="1" colspan="1"><p>27/08/2010</p></td></tr><tr><td rowspan="1" colspan="1"><p>4.500,00</p></td><td rowspan="1" colspan="1"><p>30/08/2010</p></td></tr><tr><td rowspan="1" colspan="1"><p>2.200,00</p></td><td rowspan="1" colspan="1"><p>31/08/2010</p></td></tr><tr><td rowspan="1" colspan="1"><p>7.257,60</p></td><td rowspan="1" colspan="1"><p>09/09/2010</p></td></tr><tr><td rowspan="1" colspan="1"><p>4.500,00</p></td><td rowspan="1" colspan="1"><p>09/09/2010</p></td></tr><tr><td rowspan="1" colspan="1"><p>2.200,00</p></td><td rowspan="1" colspan="1"><p>09/09/2010</p></td></tr><tr><td rowspan="1" colspan="1"><p>12.600,00</p></td><td rowspan="1" colspan="1"><p>17/09/2010</p></td></tr><tr><td rowspan="1" colspan="1"><p>40.200,00</p></td><td rowspan="1" colspan="1"><p>20/09/2010</p></td></tr><tr><td rowspan="1" colspan="1"><p>4.000,00</p></td><td rowspan="1" colspan="1"><p>23/09/2010</p></td></tr></table><p>9.2.2. Responsável: Marcia Maria Rocha Cavalcante:</p><p /><p></p><table><tr /><tr><td rowspan="1" colspan="1"><p>Valor Original (R$)</p></td><td rowspan="1" colspan="1"><p>Data da Ocorrência</p></td></tr><tr><td rowspan="1" colspan="1"><p>7.257,60</p></td><td rowspan="1" colspan="1"><p>13/10/2010</p></td></tr><tr><td rowspan="1" colspan="1"><p>4.000,00</p></td><td rowspan="1" colspan="1"><p>14/10/2010</p></td></tr><tr><td rowspan="1" colspan="1"><p>4.500,00</p></td><td rowspan="1" colspan="1"><p>20/10/2010</p></td></tr><tr><td rowspan="1" colspan="1"><p>2.200,00</p></td><td rowspan="1" colspan="1"><p>20/10/2010</p></td></tr><tr><td rowspan="1" colspan="1"><p>12.600,00</p></td><td rowspan="1" colspan="1"><p>25/10/2010</p></td></tr><tr><td rowspan="1" colspan="1"><p>40.200,00</p></td><td rowspan="1" colspan="1"><p>25/10/2010</p></td></tr><tr><td rowspan="1" colspan="1"><p>7.257,60</p></td><td rowspan="1" colspan="1"><p>09/11/2010</p></td></tr><tr><td rowspan="1" colspan="1"><p>12.600,00</p></td><td rowspan="1" colspan="1"><p>12/11/2010</p></td></tr><tr><td rowspan="1" colspan="1"><p>4.000,00</p></td><td rowspan="1" colspan="1"><p>17/11/2010</p></td></tr><tr><td rowspan="1" colspan="1"><p>4.500,00</p></td><td rowspan="1" colspan="1"><p>23/11/2010</p></td></tr><tr><td rowspan="1" colspan="1"><p>2.200,00</p></td><td rowspan="1" colspan="1"><p>23/11/2010</p></td></tr><tr><td rowspan="1" colspan="1"><p>40.200,00</p></td><td rowspan="1" colspan="1"><p>26/11/2010</p></td></tr><tr><td rowspan="1" colspan="1"><p>7.257,60</p></td><td rowspan="1" colspan="1"><p>09/12/2010</p></td></tr><tr><td rowspan="1" colspan="1"><p>4.500,00</p></td><td rowspan="1" colspan="1"><p>24/12/2010</p></td></tr><tr><td rowspan="1" colspan="1"><p>2.200,00</p></td><td rowspan="1" colspan="1"><p>24/12/2010</p></td></tr><tr><td rowspan="1" colspan="1"><p>12.600,00</p></td><td rowspan="1" colspan="1"><p>30/12/2010</p></td></tr><tr><td rowspan="1" colspan="1"><p>4.000,00</p></td><td rowspan="1" colspan="1"><p>30/12/2010</p></td></tr><tr><td rowspan="1" colspan="1"><p>2.200,00</p></td><td rowspan="1" colspan="1"><p>31/12/2010</p></td></tr></table><p>9.3. aplicar a Vildemar Rosa Fernandes e a Márcia Maria Rocha Cavalcante, com fundamento no art. 19, caput, da Lei 8.443/1992, multa individual prevista no art. 57 da mesma Lei, c/c art. 267 do Regimento Interno do TCU, nos valores a seguir discriminados, fixando-lhes o prazo de quinze dias, a contar da notificação, para que comprovem, perante este Tribunal, o recolhimento das dívidas aos cofres do Tesouro Nacional (art. 214, inciso III, alínea "a", do Regimento Interno do TCU), atualizada monetariamente desde a data deste acórdão até a data dos efetivos recolhimentos, se forem pagas após os vencimentos, na forma da legislação em vigor;</p><p /><p></p><table><tr /><tr><td rowspan="1" colspan="1"><p>Responsável</p></td><td rowspan="1" colspan="1"><p>Valor da Multa (R$)</p></td></tr><tr><td rowspan="1" colspan="1"><p>Vildemar Rosa Fernandes</p></td><td rowspan="1" colspan="1"><p>100.000,00</p></td></tr><tr><td rowspan="1" colspan="1"><p>Márcia Maria Rocha Cavalcante</p></td><td rowspan="1" colspan="1"><p>35.000,00</p></td></tr></table><p>9.4. autorizar, desde logo, nos termos do art. 28, inciso II, da Lei 8.443/1992, a cobrança judicial das dívidas, caso não atendida as notificações;</p><p>9.5. remeter cópia deste Acórdão à Procuradoria da República no Estado do Pará, com fundamento no art. 12, inciso IV, da Lei 8.443/1992 c/c o § 7º do art. 209 do Regimento Interno do TCU, para o ajuizamento das ações civis e penais que considerar cabíveis; e</p><p>9.6. remeter cópia deste Acórdão à Secretaria Especial do Desenvolvimento Social/Ministério da Cidadania e aos responsáveis.</p><p>10. Ata n° 28/2022 - 1ª Câmara.</p><p>11. Data da Sessão: 16/8/2022 - Ordinária.</p><p>12. Código eletrônico para localização na página do TCU na Internet: AC-4595-28/22-1.</p><p>13. Especificação do quórum:</p><p>13.1. Ministros presentes: Walton Alencar Rodrigues (Presidente), Benjamin Zymler, Vital do Rêgo e Jorge Oliveira.</p><p>13.2. Ministros-Substitutos presentes: Augusto Sherman Cavalcanti (Relator) e Weder de Oliveira.</p><p>ACÓRDÃO Nº 4596/2022 - TCU - 1ª Câmara</p><p>1. Processo nº TC 004.126/2017-3.</p><p>2. Grupo I - Classe II - Assunto: Tomada de Contas Especial.</p><p>3. Interessados/Responsáveis:</p><p>3.1. Interessados: Caixa Econômica Federal (00.360.305/0036-34); Susete Nascimento da Silva (338.875.195-15).</p><p>3.2. Responsáveis: Nestor Vicente dos Santos (174.226.635-53); Susete Nascimento da Silva (338.875.195-15).</p><p>4. Entidade: Município de Wenceslau Guimarães/BA.</p><p>5. Relator: Ministro-Substituto Weder de Oliveira.</p><p>6. Representante do Ministério Público: Procurador Rodrigo Medeiros de Lima.</p><p>7. Unidade Técnica: Secretaria de Controle Externo de Tomada de Contas Especial (SecexTCE).</p><p>8. Representação legal: não há.</p><p>9. Acórdão:</p><p>VISTOS, relatados e discutidos estes autos de tomada de contas especial instaurada pelo antigo Ministério das Cidades em razão da não comprovação da regular aplicação dos recursos repassados por meio do contrato de repasse 309.704-47/2009.</p><p>ACORDAM os ministros do Tribunal de Contas da União, reunidos em sessão da 1ª Câmara, diante das razões expostas pelo relator, em:</p><p>9.1. considerar revel, para todos os efeitos, a Sra. Susete Nascimento da Silva, nos termos do art. 12, § 3º, da Lei 8.443/1992, dando-se prosseguimento ao processo;</p><p>9.2. excluir o Sr. Nestor Vicente dos Santos da relação processual;</p><p>9.3. julgar irregulares as contas de Susete Nascimento da Silva, com fundamento no art. 16, III, "b", da Lei 8.443/1992, e condená-la ao pagamento da quantia a seguir especificada, atualizada monetariamente e acrescida de juros de mora, calculados a partir da data especificada até a data do efetivo recolhimento, fixando o prazo de 15 (quinze) dias, a contar da notificação, para que comprove, perante o Tribunal (art. 214, III, "a", do RI/TCU), o recolhimento da dívida aos cofres do Tesouro Nacional, na forma da legislação em vigor:</p><p /><p></p><table><tr /><tr><td rowspan="1" colspan="1"><p>Valor original (R$)</p></td><td rowspan="1" colspan="1"><p>Data da ocorrência</p></td></tr><tr><td rowspan="1" colspan="1"><p>67.751,08</p></td><td rowspan="1" colspan="1"><p>16/7/2012</p></td></tr></table><p>9.4. aplicar à Sra. Susete Nascimento da Silva a multa prevista no art. 57 da Lei 8.443/1992, no valor de R$ 20.000,00 (vinte mil reais), com a fixação do prazo de 15 (quinze) dias, a contar da notificação, para comprovar, perante o Tribunal (art. 214, III, "a", do RI/TCU), o recolhimento da dívida aos cofres do Tesouro Nacional, atualizada monetariamente desde a data do presente acórdão até a do efetivo recolhimento, se for paga após o vencimento, na forma da legislação em vigor;</p><p>9.5. autorizar, desde logo, nos termos dos arts. 219, II, do RI/TCU e 28, II, da Lei 8.443/1992, a cobrança judicial das dívidas, caso não atendidas as notificações;</p><p>9.6. autorizar, desde logo, se requerido, com fundamento no art. 26 da Lei 8.443/1992, c/c o art. 217, §§ 1º e 2º, do RI/TCU, o parcelamento das dívidas em até 36 parcelas, incidindo, sobre cada parcela, corrigida monetariamente, os correspondentes acréscimos legais, fixando-lhe o prazo de 15 (quinze) dias, a contar do recebimento da notificação, para comprovar, perante o Tribunal, o recolhimento da primeira parcela, e de 30 (trinta) dias, a contar da parcela anterior, para comprovar o recolhimento das demais parcelas, devendo incidir, sobre cada valor mensal, atualizado monetariamente, os juros de mora devidos, no caso do débito, na forma prevista na legislação em vigor, alertando a responsável de que a falta de comprovação do pagamento de qualquer parcela importará o vencimento antecipado do saldo devedor, nos termos do § 2º do art. 217 do Regimento Interno deste Tribunal;</p><p>9.7. encaminhar cópia da deliberação à Procuradoria da República no Estado da Bahia, em cumprimento ao disposto no § 3º do art. 16 da Lei 8.443/1992;</p><p>9.8. enviar cópia deste acórdão à Caixa Econômica Federal e à responsável;</p><p>9.9. informar aos interessados que o inteiro teor da presente deliberação estará disponível para consulta no dia seguinte à sua oficialização, no endereço www.tcu.gov.br/acordaos.</p><p>10. Ata n° 28/2022 - 1ª Câmara.</p><p>11. Data da Sessão: 16/8/2022 - Ordinária.</p><p>12. Código eletrônico para localização na página do TCU na Internet: AC-4596-28/22-1.</p><p>13. Especificação do quórum:</p><p>13.1. Ministros presentes: Walton Alencar Rodrigues (Presidente), Benjamin Zymler, Vital do Rêgo e Jorge Oliveira.</p><p>13.2. Ministros-Substitutos presentes: Augusto Sherman Cavalcanti e Weder de Oliveira (Relator).</p><p>ACÓRDÃO Nº 4597/2022 - TCU - 1ª Câmara</p><p>1. Processo nº TC 005.669/2019-7.</p><p>2. Grupo I - Classe II - Assunto: Tomada de Contas Especial.</p><p>3. Interessados/Responsáveis:</p><p>3.1. Responsáveis: João de Fátima Pereira (231.137.583-00); Paula Francinete da Silva Nascimento (711.352.273-49).</p><p>4. Entidade: Município de Monção/MA.</p><p>5. Relator: Ministro-Substituto Weder de Oliveira.</p><p>6. Representante do Ministério Público: Procurador Júlio Marcelo de Oliveira.</p><p>7. Unidade Técnica: Secretaria de Controle Externo de Tomada de Contas Especial (SecexTCE).</p><p>8. Representação legal: Vanderley Ramos dos Santos (OAB/MA 7.287), Manuela Ithamar Lima (OAB/MA 15.635) e outros, representando João de Fátima Pereira.</p><p>9. Acórdão:</p><p>VISTOS, relatados e discutidos estes autos de tomada de contas especial instaurada pelo Instituto Nacional de Colonização e Reforma Agrária (Incra), relativa ao convênio 18000/2009 (Siconv 704696), celebrado com o município de Monções/MA.</p><p>ACORDAM os ministros do Tribunal de Contas da União, reunidos em sessão da 1ª Câmara, diante das razões expostas pelo relator, em:</p><p>9.1. considerar revel, para todos os efeitos, Paula Francinete da Silva Nascimento, nos termos do art. 12, § 3º, da Lei 8.443/1992, dando-se prosseguimento ao processo;</p><p>9.2. rejeitar as razões de justificativa e acatar parcialmente as alegações de defesa apresentadas por João de Fátima Pereira;</p><p>9.3. julgar irregulares as contas de João de Fátima Pereira, com fundamento no art. 16, III, "a", da Lei 8.443/1992;</p><p>9.4. julgar irregulares as contas de Paula Francinete da Silva Nascimento, com fundamento no art. 16, III, "b" e "c", da Lei 8.443/1992, condenando-a ao pagamento das quantias a seguir especificadas, atualizadas monetariamente e acrescidas de juros de mora, calculados a partir das datas especificadas até a data do efetivo recolhimento, fixando o prazo de 15 (quinze) dias, a contar da notificação, para que comprove, perante o Tribunal (art. 214, III, "a", do RI/TCU), o recolhimento da dívida aos cofres do Instituto Nacional de Colonização e Reforma Agrária, na forma da legislação em vigor:</p><p /><p></p><table><tr /><tr><td rowspan="1" colspan="1"><p>DATA</p></td><td rowspan="1" colspan="1"><p>Valor (R$)</p></td></tr><tr><td rowspan="1" colspan="1"><p>19/3/2010</p></td><td rowspan="1" colspan="1"><p>842.173,08</p></td></tr></table><p>9.5. aplicar a Paula Francinete da Silva Nascimento a multa prevista no art. 57 da Lei 8.443/1992, no valor de R$ 30.000,00 (trinta mil reais), com a fixação do prazo de 15 (quinze) dias, a contar da notificação, para comprovar, perante o Tribunal (art. 214, III, "a", do RI/TCU), o recolhimento da dívida aos cofres do Tesouro Nacional, atualizada monetariamente desde a data do presente acórdão até a do efetivo recolhimento, se for paga após o vencimento, na forma da legislação em vigor;</p><p>9.6. aplicar a João de Fátima Pereira a multa prevista no art. 58 da Lei 8.443/1992, no valor de R$ 10.000,00 (dez mil reais), com a fixação do prazo de 15 (quinze) dias, a contar da notificação, para comprovar, perante o Tribunal (art. 214, III, "a", do RI/TCU), o recolhimento da dívida aos cofres do Tesouro Nacional, atualizada monetariamente desde a data do presente acórdão até a do efetivo recolhimento, se for paga após o vencimento, na forma da legislação em vigor;</p><p>9.7. autorizar, desde logo, nos termos dos arts. 219, II, do RI/TCU e 28, II, da Lei 8.443/1992, a cobrança judicial das dívidas, caso não atendidas as notificações;</p><p>9.8. autorizar, desde logo, se requerido, com fundamento no art. 26 da Lei 8.443/1992, c/c o art. 217, §§ 1º e 2º, do RI/TCU, o parcelamento das dívidas em até 36 parcelas, incidindo, sobre cada parcela, corrigida monetariamente, os correspondentes acréscimos legais, fixando-lhes o prazo de 15 (quinze) dias, a contar do recebimento da notificação, para comprovar, perante o Tribunal, o recolhimento da primeira parcela, e de 30 (trinta) dias, a contar da parcela anterior, para comprovar o recolhimento das demais parcelas, devendo incidir, sobre cada valor mensal, atualizado monetariamente, os juros de mora devidos, no caso do débito, na forma prevista na legislação em vigor, alertando o responsável de que a falta de comprovação do pagamento de qualquer parcela importará o vencimento antecipado do saldo devedor, nos termos do § 2º do art. 217 do Regimento Interno deste Tribunal;</p><p>9.9. encaminhar cópia da deliberação à Procuradoria da República no Estado do Maranhão, em cumprimento ao disposto no § 3º do art. 16 da Lei 8.443/1992;</p><p>9.10. enviar cópia deste acórdão ao Incra e aos responsáveis;</p><p>9.11. informar aos interessados que o inteiro teor da presente deliberação estará disponível para consulta no dia seguinte à sua oficialização, no endereço www.tcu.gov.br/acordaos.</p><p>10. Ata n° 28/2022 - 1ª Câmara.</p><p>11. Data da Sessão: 16/8/2022 - Ordinária.</p><p>12. Código eletrônico para localização na página do TCU na Internet: AC-4597-28/22-1.</p><p>13. Especificação do quórum:</p><p>13.1. Ministros presentes: Walton Alencar Rodrigues (Presidente), Benjamin Zymler, Vital do Rêgo e Jorge Oliveira.</p><p>13.2. Ministros-Substitutos presentes: Augusto Sherman Cavalcanti e Weder de Oliveira (Relator).</p><p>ACÓRDÃO Nº 4598/2022 - TCU - 1ª Câmara</p><p>1. Processo nº TC 017.682/2020-7.</p><p>2. Grupo II - Classe II - Assunto: Tomada de Contas Especial.</p><p>3. Responsável: Ednéa Ventura de Araújo (216.605.814-00).</p><p>4. Órgão: Comando da 7ª Região Militar e 7ª Divisão de Exército.</p><p>5. Relator: Ministro-Substituto Weder de Oliveira.</p><p>6. Representante do Ministério Público: Procurador Sérgio Ricardo Costa Caribé.</p><p>7. Unidade Técnica: Secretaria de Controle Externo de Tomada de Contas Especial (SecexTCE).</p><p>8. Representação legal: João Ferreira de Almeida Filho (OAB/PE 44.395), representando Ednéa Ventura de Araújo.</p><p>9. Acórdão:</p><p>VISTOS, relatados e discutidos estes autos referentes à tomada de contas especial instaurada pelo Comando da 7ª Região Militar e 7ª Divisão de Exército, tendo como responsável a Sra. Ednéa Ventura de Araújo.</p><p>ACORDAM os ministros do Tribunal de Contas da União, reunidos em sessão da 1ª Câmara, ante as razões expostas pelo relator, em:</p><p>9.1. encerrar o processo e arquivar os autos, por ausência dos pressupostos de constituição e de desenvolvimento válido e regular, com base no art. 212 do RI/TCU.</p><p>10. Ata n° 28/2022 - 1ª Câmara.</p><p>11. Data da Sessão: 16/8/2022 - Ordinária.</p><p>12. Código eletrônico para localização na página do TCU na Internet: AC-4598-28/22-1.</p><p>13. Especificação do quórum:</p><p>13.1. Ministros presentes: Walton Alencar Rodrigues (Presidente), Benjamin Zymler, Vital do Rêgo e Jorge Oliveira.</p><p>13.2. Ministros-Substitutos presentes: Augusto Sherman Cavalcanti e Weder de Oliveira (Relator).</p><p>ACÓRDÃO Nº 4599/2022 - TCU - 1ª Câmara</p><p>1. Processo nº TC 033.524/2020-3.</p><p>2. Grupo I - Classe de Assunto: II - Tomada de contas especial.</p><p>3. Interessados/Responsáveis:</p><p>3.1. Responsável: Severino Pereira Dantas (161.058.264-00).</p><p>4. Órgão: Ministério do Turismo.</p><p>5. Relator: Ministro-Substituto Weder de Oliveira.</p><p>6. Representante do Ministério Público: Procurador Marinus Eduardo De Vries Marsico.</p><p>7. Unidade Técnica: Secretaria de Controle Externo de Tomada de Contas Especial (SecexTCE).</p><p>8. Representação legal: Bruno Lopes de Araújo (7588-A/OAB-PB) e Rafael Santiago Alves (15.975/OAB-PB), representando Severino Pereira Dantas.</p><p>9. Acórdão:</p><p>VISTOS, relatados e discutidos estes autos de tomada de contas especial instaurada pelo Ministério do Turismo, em desfavor do Sr. Severino Pereira Dantas, devido à não comprovação da regular aplicação dos recursos repassados pela União realizadas por meio do convênio 751/2010 celebrado com o município de Paulista/PB, para realização do evento "São João Antecipado".</p><p>ACORDAM os ministros do Tribunal de Contas da União, reunidos em sessão da 1ª Câmara, diante das razões expostas pelo relator, em:</p><p>9.1. rejeitar as alegações de defesa apresentadas pelo responsável Sr. Severino Pereira Dantas;</p><p>9.2. julgar irregulares, nos termos dos arts. 1º, I, 16, III, "b" e "c", da Lei 8.443/1992, c/c os arts. 19 e 23, III, da mesma lei, as contas do responsável Sr. Severino Pereira Dantas, condenando-o ao pagamento das importâncias a seguir especificadas, atualizadas monetariamente e acrescidas dos juros de mora, calculadas a partir das datas discriminadas até a data da efetiva quitação do débito, fixando-lhe o prazo de 15 (quinze) dias, para que comprove, perante o Tribunal, o recolhimento das referidas quantias aos cofres do Tesouro Nacional, nos termos do art. 23, III, "a", da citada lei, c/c o art. 214, III, "a", do RI/TCU.</p><p /><p></p><table><tr /><tr><td rowspan="1" colspan="1"><p>Data de ocorrência</p></td><td rowspan="1" colspan="1"><p>Valor histórico (R$)</p></td></tr><tr><td rowspan="1" colspan="1"><p>22/11/2010</p></td><td rowspan="1" colspan="1"><p>100.000,00</p></td></tr></table><p>9.3. aplicar ao responsável Sr. Severino Pereira Dantas a multa prevista no art. 57 da Lei 8.443/1992 c/c o art. 267 do RI/TCU, no valor de R$ 25.000,00 (vinte e cinco mil reais), fixando-lhe o prazo de 15 (quinze) dias, a contar da notificação, para que comprove, perante o Tribunal (art. 214, III, "a", do RI/TCU), o recolhimento da dívida aos cofres do Tesouro Nacional, atualizada monetariamente desde a data desta deliberação até a do efetivo recolhimento, se paga após o vencimento, na forma da legislação em vigor;</p><p>9.4. autorizar, desde logo, a cobrança judicial das dívidas, caso não atendida a notificação, na forma do disposto no art. 28, II, da Lei 8.443/1992;</p><p>9.5. autorizar, desde logo, se requerido, com fundamento no art. 26, da Lei 8.443/1992, c/c o art. 217, §§ 1º e 2º, do RI/TCU, o parcelamento das dívidas em até 36 parcelas, incidindo, sobre cada parcela, corrigida monetariamente, os correspondentes acréscimos legais, fixando-lhes o prazo de 15 (quinze) dias, a contar do recebimento da notificação, para comprovar, perante o Tribunal, o recolhimento da primeira parcela, e de 30 (trinta) dias, a contar da parcela anterior, para comprovar o recolhimento das demais parcelas, devendo incidir, sobre cada valor mensal, atualizado monetariamente, os juros de mora devidos, no caso do débito, na forma prevista na legislação em vigor, alertando o responsável de que a falta de comprovação do pagamento de qualquer parcela importará o vencimento antecipado do saldo devedor, nos termos do art. 217, § 2º, do RI/TCU;</p><p>9.6. encaminhar cópia desta deliberação à Procuradoria da República no Estado da Paraíba, em cumprimento ao disposto no art. 16, § 3º, da Lei 8.443/1992;</p><p>9.7. informar à Procuradoria da República no Estado da Paraíba, ao Ministério do Turismo e ao responsável que a presente deliberação estará disponível para a consulta no dia seguinte à sua oficialização, no endereço www.tcu.gov.br/acordaos.</p><p>10. Ata n° 28/2022 - 1ª Câmara.</p><p>11. Data da Sessão: 16/8/2022 - Ordinária.</p><p>12. Código eletrônico para localização na página do TCU na Internet: AC-4599-28/22-1.</p><p>13. Especificação do quórum:</p><p>13.1. Ministros presentes: Walton Alencar Rodrigues (Presidente), Benjamin Zymler, Vital do Rêgo e Jorge Oliveira.</p><p>13.2. Ministros-Substitutos presentes: Augusto Sherman Cavalcanti e Weder de Oliveira (Relator).</p><p>ACÓRDÃO Nº 4600/2022 - TCU - 1ª Câmara</p><p>1. Processo nº TC 036.133/2020-5.</p><p>2. Grupo II - Classe de Assunto: II - Tomada de contas especial.</p><p>3. Interessados/Responsáveis:</p><p>3.1. Interessado: Fundo Nacional de Desenvolvimento da Educação (00.378.257/0001-81).</p><p>3.2. Responsável: José Gerson da Silva (545.755.244-68).</p><p>4. Entidade: Município de Tacaratu/PE.</p><p>5. Relator: Ministro-Substituto Weder de Oliveira.</p><p>6. Representante do Ministério Público: Procurador Júlio Marcelo de Oliveira.</p><p>7. Unidade Técnica: Secretaria de Controle Externo de Tomada de Contas Especial (SecexTCE).</p><p>8. Representação legal: Juliana Gabriela Bomfim Gomes (OAB/PE 32.124), Bruno Henning Veloso (OAB/PE 22.953) e outros, representando Diva de Sousa Carvalho Silva; Diva de Sousa Carvalho Silva, representando José Gerson da Silva.</p><p>9. Acórdão:</p><p>VISTOS, relatados e discutidos estes autos de tomada de contas especial instaurada pelo Fundo Nacional de Desenvolvimento da Educação (FNDE) em razão da reprovação parcial da prestação de contas referente à aplicação dos recursos repassados para execução do Programa Nacional de Apoio ao Transporte do Escolar (PNATE), no exercício de 2013.</p><p>ACORDAM os ministros do Tribunal de Contas da União, reunidos em sessão da 1ª Câmara, diante das razões expostas pelo relator, em:</p><p>9.1. encerrar o processo e arquivar os autos, com base nos arts. 201, § 3º, e 212 do RI/TCU, c/c o art. 5º, da IN TCU 71/2012;</p><p>9.2. dar ciência desta deliberação ao Fundo Nacional de Desenvolvimento da Educação (FNDE) e à Sra. Diva de Sousa Carvalho Silva, por meio de seus advogados constituídos.</p><p>10. Ata n° 28/2022 - 1ª Câmara.</p><p>11. Data da Sessão: 16/8/2022 - Ordinária.</p><p>12. Código eletrônico para localização na página do TCU na Internet: AC-4600-28/22-1.</p><p>13. Especificação do quórum:</p><p>13.1. Ministros presentes: Walton Alencar Rodrigues (Presidente), Benjamin Zymler, Vital do Rêgo e Jorge Oliveira.</p><p>13.2. Ministros-Substitutos presentes: Augusto Sherman Cavalcanti e Weder de Oliveira (Relator).</p><p>ACÓRDÃO Nº 4601/2022 - TCU - 1ª Câmara</p><p>1. Processo nº TC 007.985/2016-9.</p><p>2. Grupo I - Classe de Assunto: I - Recurso de Reconsideração em Tomada de Contas Especial</p><p>3. Interessados/Responsáveis/Recorrentes:</p><p>3.1. Interessados: Incra-sede (00.375.972/0100-42); Ministério do Desenvolvimento Agrário (extinta).</p><p>3.2. Responsáveis: Centro de Educação e Cultura do Trabalhador Rural (11.573.078/0005-45); Joaquim Alves de Sousa (424.856.063-15); Manoel Conceição Santos (838.277.658-20); Raimundo Monteiro dos Santos (124.865.073-53).</p><p>3.3. Recorrentes: Joaquim Alves de Sousa (424.856.063-15); Manoel Conceição Santos (838.277.658-20)..</p><p>4. Órgão/Entidade: Superintendência Regional do Incra No Estado do Maranhão.</p><p>5. Relator: Ministro Walton Alencar Rodrigues</p><p>5.1. Relator da deliberação recorrida: Ministro-Substituto Augusto Sherman Cavalcanti.</p><p>6. Representante do Ministério Público: Procurador Rodrigo Medeiros de Lima.</p><p>7. Unidades Técnicas: Secretaria de Recursos (Serur); Secretaria de Controle Externo de Tomada de Contas Especial (SecexTCE).</p><p>8. Representação legal: Diogo Diniz Ribeiro Cabral (9355/OAB-MA); Diogo Diniz Ribeiro Cabral (9355/OAB-MA).</p><p>9. Acórdão:</p><p>VISTOS, relatados e discutidos estes autos de Recursos de Reconsideração interpostos por Manoel Conceição Santos e Joaquim Alves de Sousa contra o Acórdão 9324/2020-TCU-1ª Câmara;</p><p>ACORDAM os Ministros do Tribunal de Contas da União, reunidos em sessão da Primeira Câmara, com fundamento nos artigos 32, inciso I, e 33, da Lei 8.443/1992, ante as razões expostas pelo Relator, em:</p><p>9.1. conhecer dos recursos de reconsideração e, no mérito, negar-lhes provimento;</p><p>9.2. determinar a correção do erro material presente no subitem 9.2.1 do acórdão recorrido para excluir o valor de R$ 350,20 (data 10/3/2004), nos termos do Enunciado da Súmula de Jurisprudência 145 do TCU.</p><p>9.3. dar ciência desta deliberação ao recorrente e demais interessados.</p><p>10. Ata n° 28/2022 - 1ª Câmara.</p><p>11. Data da Sessão: 16/8/2022 - Ordinária.</p><p>12. Código eletrônico para localização na página do TCU na Internet: AC-4601-28/22-1.</p><p>13. Especificação do quórum:</p><p>13.1. Ministros presentes: Benjamin Zymler (na Presidência), Walton Alencar Rodrigues (Relator), Vital do Rêgo e Jorge Oliveira.</p><p>13.2. Ministros-Substitutos presentes: Augusto Sherman Cavalcanti e Weder de Oliveira.</p><p>ACÓRDÃO Nº 4602/2022 - TCU - 1ª Câmara</p><p>1. Processo TC 036.436/2021-6.</p><p>2. Grupo II - Classe V - Assunto: Pensão Civil.</p><p>3. Interessada: Leonice Maria Stelmo da Silva, CPF 075.879.276-03.</p><p>4. Órgão/Entidade: Câmara dos Deputados.</p><p>5. Relator: Ministro-Substituto Augusto Sherman Cavalcanti.</p><p>6. Representante do Ministério Público: Procuradora-Geral Cristina Machado da Costa e Silva.</p><p>7. Unidade técnica: Sefip.</p><p>8. Representação legal: não há.</p><p>9. Acórdão:</p><p>VISTOS, relatados e discutidos estes autos de ato de pensão civil submetido à apreciação deste Tribunal para fins de registro, nos termos do inc. III do art. 71 da Constituição Federal de 1988, ato esse cadastrado e disponibilizado ao TCU por intermédio do Sistema e-Pessoal, na forma dos arts. 2º e 4º da Instrução Normativa TCU 78/2018,</p><p>ACORDAM os Ministros do Tribunal de Contas da União, reunidos em Sessão da 1ª Câmara, diante das razões expostas pelo Relator, em:</p><p>9.1. considerar ilegal o ato constante da peça 3 (Ato nº 33265/2020), relativo à concessão inicial da pensão civil instituída por Geraldo da Silva em favor de Leonice Maria Stelmo da Silva, negando-lhe o registro correspondente, nos termos do § 1º do art. 260 do Regimento Interno desta Corte de Contas;</p><p>9.2. dispensar a devolução dos valores indevidamente recebidos de boa-fé, até a data da ciência deste Acórdão, com base no Enunciado 106 da Súmula da Jurisprudência do TCU;</p><p>9.3. determinar ao órgão de origem que:</p><p>9.3.1. comunique à interessada o inteiro teor deste Acórdão, com fundamento nos arts. 71, inciso IX, da Constituição Federal, e 262 do Regimento Interno desta Corte de Contas, no prazo de 15 (quinze) dias, contados a partir da ciência da presente deliberação, e, após, faça cessar os pagamentos decorrentes do ato ora impugnado, sob pena de responsabilidade solidária da autoridade administrativa omissa;</p><p>9.3.2. alerte a Sra. Leonice Maria Stelmo da Silva no sentido de que o efeito suspensivo proveniente da interposição de eventuais recursos, caso não providos, não a exime da devolução dos valores indevidamente percebidos após a notificação;</p><p>9.3.3. envie a esta Corte de Contas, no prazo de 30 (trinta) dias, por cópia, comprovante de que a interessada teve ciência desta deliberação;</p><p>9.3.4. emita novo ato de aposentadoria, livre das irregularidades apontadas, submetendo-o ao TCU, no prazo de trinta dias, consoante os arts. 262, § 2º, do Regimento Interno do TCU, e 19, § 3º, da Instrução Normativa TCU 78/2018;</p><p>9.4. determinar à Sefip que:</p><p>9.4.1. verifique a implementação das medidas determinadas nos itens 9.3.1 a 9.3.4 supra; e</p><p>9.4.2. arquive os presentes autos, cumpridos os termos deste Acórdão.</p><p>10. Ata n° 28/2022 - 1ª Câmara.</p><p>11. Data da Sessão: 16/8/2022 - Ordinária.</p><p>12. Código eletrônico para localização na página do TCU na Internet: AC-4602-28/22-1.</p><p>13. Especificação do quórum:</p><p>13.1. Ministros presentes: Walton Alencar Rodrigues (Presidente), Benjamin Zymler, Vital do Rêgo e Jorge Oliveira.</p><p>13.2. Ministros-Substitutos presentes: Augusto Sherman Cavalcanti (Relator) e Weder de Oliveira.</p><p>ACÓRDÃO Nº 4603/2022 - TCU - 1ª Câmara</p><p>1. Processo TC 040.325/2018-0.</p><p>2. Grupo I - Classe II - Assunto: Tomada de Contas Especial.</p><p>3. Interessados/Responsáveis:</p><p>3.1. Interessado: Fundo Nacional de Desenvolvimento da Educação (00.378.257/0001-81).</p><p>3.2. Responsáveis: Edivânio Nunes Pessoa (839.858.833-00); Josenewton Guimarães Damasceno (364.485.673-72).</p><p>4. Órgão/Entidade: Prefeitura Municipal de Graça Aranha/MA.</p><p>5. Relator: Ministro-Substituto Augusto Sherman Cavalcanti.</p><p>6. Representante do Ministério Público: Procurador Rodrigo Medeiros de Lima.</p><p>7. Unidade Técnica: Secretaria de Controle Externo de Tomada de Contas Especial (Secex-TCE).</p><p>8. Representação legal: Carlos Sérgio de Carvalho Barros (OAB/MA 4.947) e outros, representando Josenewton Guimaraes Damasceno.</p><p>9. Acórdão:</p><p>VISTOS, relatados e discutidos estes autos de tomada de contas especial instaurada pelo pelo Fundo Nacional de Desenvolvimento da Educação, em desfavor dos prefeitos de Graça Aranha/MA, Edivânio Nunes Pessoa, gestão 2009-2012, e Josenewton Guimarães Damasceno, gestões 2013-2016 e 2017-2020, em razão de omissão no dever de prestar contas dos recursos repassados ao município à conta do Programa Dinheiro Direto na Escola, no exercício de 2011,</p><p>ACORDAM os Ministros do Tribunal de Contas da União, reunidos em sessão de 1ª Câmara, ante as razões expostas pelo Relator, em:</p><p>9.1. excluir Josenewton Guimarães Damasceno da relação processual;</p><p>9.2. considerar revel Edivânio Nunes Pessoa, para todos os efeitos, nos termos do art. 12, § 3º, da Lei 8.443/1992;</p><p>9.3. julgar irregulares as contas de Edivânio Nunes Pessoa, com fundamento nos arts. 1º, inciso I, 16, inciso III, alíneas "b" e "c", da Lei 8.443/1992, condenando-o, com base nos arts. 19, caput, e 23, inciso III, da mesma lei, ao pagamento das quantias a seguir discriminadas, com a fixação do prazo de quinze dias, a contar da notificação, para comprovar, perante este Tribunal (art. 214, inciso III, alínea "a", do Regimento Interno), o recolhimento da dívida aos cofres do Fundo Nacional de Desenvolvimento da Educação, atualizada monetariamente e acrescida dos juros de mora, calculados a partir da respectiva data de ocorrência, até a data dos recolhimentos, na forma prevista na legislação em vigor:</p><p /><p></p><table><tr /><tr><td rowspan="1" colspan="1"><p>Valor Original (R$)</p></td><td rowspan="1" colspan="1"><p>Data da Ocorrência</p></td></tr><tr><td rowspan="1" colspan="1"><p>2.700,00</p></td><td rowspan="1" colspan="1"><p>29/12/2010</p></td></tr><tr><td rowspan="1" colspan="1"><p>3.002,40</p></td><td rowspan="1" colspan="1"><p>29/12/2010</p></td></tr><tr><td rowspan="1" colspan="1"><p>4.072,20</p></td><td rowspan="1" colspan="1"><p>29/12/2010</p></td></tr><tr><td rowspan="1" colspan="1"><p>4.194,00</p></td><td rowspan="1" colspan="1"><p>29/12/2010</p></td></tr><tr><td rowspan="1" colspan="1"><p>12.000,00</p></td><td rowspan="1" colspan="1"><p>29/12/2010</p></td></tr><tr><td rowspan="1" colspan="1"><p>671,40</p></td><td rowspan="1" colspan="1"><p>29/12/2010</p></td></tr><tr><td rowspan="1" colspan="1"><p>12.000,00</p></td><td rowspan="1" colspan="1"><p>29/12/2010</p></td></tr><tr><td rowspan="1" colspan="1"><p>679,80</p></td><td rowspan="1" colspan="1"><p>29/12/2010</p></td></tr><tr><td rowspan="1" colspan="1"><p>1.325,20</p></td><td rowspan="1" colspan="1"><p>29/12/2010</p></td></tr><tr><td rowspan="1" colspan="1"><p>709,20</p></td><td rowspan="1" colspan="1"><p>30/12/2010</p></td></tr><tr><td rowspan="1" colspan="1"><p>335,70</p></td><td rowspan="1" colspan="1"><p>30/12/2010</p></td></tr><tr><td rowspan="1" colspan="1"><p>608,40</p></td><td rowspan="1" colspan="1"><p>30/12/2010</p></td></tr><tr><td rowspan="1" colspan="1"><p>339,90</p></td><td rowspan="1" colspan="1"><p>30/12/2010</p></td></tr><tr><td rowspan="1" colspan="1"><p>2.097,00</p></td><td rowspan="1" colspan="1"><p>30/12/2010</p></td></tr><tr><td rowspan="1" colspan="1"><p>696,20</p></td><td rowspan="1" colspan="1"><p>30/12/2010</p></td></tr><tr><td rowspan="1" colspan="1"><p>1.484,80</p></td><td rowspan="1" colspan="1"><p>30/12/2010</p></td></tr><tr><td rowspan="1" colspan="1"><p>304,20</p></td><td rowspan="1" colspan="1"><p>30/12/2010</p></td></tr><tr><td rowspan="1" colspan="1"><p>662,60</p></td><td rowspan="1" colspan="1"><p>30/12/2010</p></td></tr><tr><td rowspan="1" colspan="1"><p>14.000,00</p></td><td rowspan="1" colspan="1"><p>30/12/2010</p></td></tr><tr><td rowspan="1" colspan="1"><p>1.392,40</p></td><td rowspan="1" colspan="1"><p>30/12/2010</p></td></tr><tr><td rowspan="1" colspan="1"><p>1.501,20</p></td><td rowspan="1" colspan="1"><p>30/12/2010</p></td></tr><tr><td rowspan="1" colspan="1"><p>609,00</p></td><td rowspan="1" colspan="1"><p>30/12/2010</p></td></tr><tr><td rowspan="1" colspan="1"><p>1.218,00</p></td><td rowspan="1" colspan="1"><p>30/12/2010</p></td></tr><tr><td rowspan="1" colspan="1"><p>493,00</p></td><td rowspan="1" colspan="1"><p>27/6/2011</p></td></tr><tr><td rowspan="1" colspan="1"><p>633,60</p></td><td rowspan="1" colspan="1"><p>27/6/2011</p></td></tr><tr><td rowspan="1" colspan="1"><p>679,80</p></td><td rowspan="1" colspan="1"><p>27/6/2011</p></td></tr><tr><td rowspan="1" colspan="1"><p>684,00</p></td><td rowspan="1" colspan="1"><p>27/6/2011</p></td></tr><tr><td rowspan="1" colspan="1"><p>650,00</p></td><td rowspan="1" colspan="1"><p>4/7/2011</p></td></tr><tr><td rowspan="1" colspan="1"><p>658,40</p></td><td rowspan="1" colspan="1"><p>4/7/2011</p></td></tr><tr><td rowspan="1" colspan="1"><p>1.553,70</p></td><td rowspan="1" colspan="1"><p>4/7/2011</p></td></tr><tr><td rowspan="1" colspan="1"><p>700,40</p></td><td rowspan="1" colspan="1"><p>4/7/2011</p></td></tr><tr><td rowspan="1" colspan="1"><p>321,00</p></td><td rowspan="1" colspan="1"><p>4/7/2011</p></td></tr><tr><td rowspan="1" colspan="1"><p>316,80</p></td><td rowspan="1" colspan="1"><p>5/7/2011</p></td></tr><tr><td rowspan="1" colspan="1"><p>6.000,00</p></td><td rowspan="1" colspan="1"><p>5/7/2011</p></td></tr><tr><td rowspan="1" colspan="1"><p>246,50</p></td><td rowspan="1" colspan="1"><p>5/7/2011</p></td></tr><tr><td rowspan="1" colspan="1"><p>2.256,60</p></td><td rowspan="1" colspan="1"><p>6/7/2011</p></td></tr><tr><td rowspan="1" colspan="1"><p>3.107,40</p></td><td rowspan="1" colspan="1"><p>6/7/2011</p></td></tr><tr><td rowspan="1" colspan="1"><p>4.013,40</p></td><td rowspan="1" colspan="1"><p>6/7/2011</p></td></tr><tr><td rowspan="1" colspan="1"><p>642,00</p></td><td rowspan="1" colspan="1"><p>6/7/2011</p></td></tr><tr><td rowspan="1" colspan="1"><p>658,80</p></td><td rowspan="1" colspan="1"><p>6/7/2011</p></td></tr><tr><td rowspan="1" colspan="1"><p>1.400,80</p></td><td rowspan="1" colspan="1"><p>6/7/2011</p></td></tr><tr><td rowspan="1" colspan="1"><p>1.300,00</p></td><td rowspan="1" colspan="1"><p>6/7/2011</p></td></tr><tr><td rowspan="1" colspan="1"><p>1.316,80</p></td><td rowspan="1" colspan="1"><p>6/7/2011</p></td></tr><tr><td rowspan="1" colspan="1"><p>4.513,20</p></td><td rowspan="1" colspan="1"><p>6/7/2011</p></td></tr><tr><td rowspan="1" colspan="1"><p>705,00</p></td><td rowspan="1" colspan="1"><p>1/9/2011</p></td></tr><tr><td rowspan="1" colspan="1"><p>352,50</p></td><td rowspan="1" colspan="1"><p>1/9/2011</p></td></tr><tr><td rowspan="1" colspan="1"><p>420,50</p></td><td rowspan="1" colspan="1"><p>1/9/2011</p></td></tr><tr><td rowspan="1" colspan="1"><p>841,00</p></td><td rowspan="1" colspan="1"><p>1/9/2011</p></td></tr></table><p>9.4. aplicar a Edivânio Nunes Pessoa, com fundamento no art. 19, caput, da Lei 8.443/1992, multa prevista no art. 57 da mesma Lei, c/c art. 267 do Regimento Interno do TCU, no valor de R$ 20.000,00, fixando-lhe o prazo de quinze dias, a contar da notificação, para que comprove, perante este Tribunal, o recolhimento da dívida aos cofres do Tesouro Nacional (art. 214, inciso III, alínea "a", do Regimento Interno do TCU), atualizada monetariamente desde a data deste acórdão até a data do efetivo recolhimento, se for paga após o vencimento, na forma da legislação em vigor</p><p>9.5. autorizar, desde logo, nos termos do art. 28, inciso II, da Lei 8.443/1992, a cobrança judicial das dívidas, caso não atendidas as notificações;</p><p>9.6. remeter cópia deste Acórdão à Procuradoria da República no Estado do Maranhão, com fundamento no § 3º do art. 16, da Lei 8.443/1992, c/c o § 7º do art. 209 do Regimento Interno do TCU, para o ajuizamento das ações que considerar cabíveis;</p><p>9.7. remeter cópia deste acórdão ao Fundo Nacional de Desenvolvimento da Educação e ao responsável.</p><p>10. Ata n° 28/2022 - 1ª Câmara.</p><p>11. Data da Sessão: 16/8/2022 - Ordinária.</p><p>12. Código eletrônico para localização na página do TCU na Internet: AC-4603-28/22-1.</p><p>13. Especificação do quórum:</p><p>13.1. Ministros presentes: Walton Alencar Rodrigues (Presidente), Benjamin Zymler, Vital do Rêgo e Jorge Oliveira.</p><p>13.2. Ministros-Substitutos presentes: Augusto Sherman Cavalcanti (Relator) e Weder de Oliveira.</p>]]></Texto>
  </body>
  <Midias />
</article></xml>