﻿<xml><article id="27738305" name="P4RF242 seAAo 1" idOficio="9058038" pubName="DO1" artType="Portaria" pubDate="30/08/2022" artClass="00015:00045:00432:00096:00000:00000:00000:00000:00000:00000:00054:00001" artCategory="Ministério da Economia/Secretaria Especial da Receita Federal do Brasil/Subsecretaria-Geral da Receita Federal do Brasil/Superintendência Regional da 4ª Região Fiscal" artSize="12" artNotes="" numberPage="79" pdfPage="http://pesquisa.in.gov.br/imprensa/jsp/visualiza/index.jsp?data=30/08/2022&amp;jornal=515&amp;pagina=79" editionNumber="165" highlightType="" highlightPriority="" highlight="" highlightimage="" highlightimagename="" idMateria="19840907">
  <body>
    <Identifica><![CDATA[ PORTARIA SRRF04 Nº 242, DE 25 DE AGOSTO DE 2022]]></Identifica>
    <Data><![CDATA[]]></Data>
    <Ementa />
    <Titulo />
    <SubTitulo />
    <Texto><![CDATA[<p class="identifica">PORTARIA SRRF04 Nº 242, DE 25 DE AGOSTO DE 2022</p><p>O SUPERINTENDENTE DA RECEITA FEDERAL DO BRASIL NA 4ª REGIÃO FISCAL, no uso das competências que lhe são conferidas pelos artigos 243, 290, 336, e 364 do Regimento Interno da Secretaria Especial da Receita Federal do Brasil (RFB), aprovado pela Portaria ME nº 284, de 27 de julho de 2020, e considerando o disposto na Portaria RFB Nº 13, de 26 de fevereiro de 2021, resolve:</p><p>Tornar insubsistente a Portaria SRRF04 nº 241, de 22 de agosto de 2022, publicada no DOU nº 161, de 24 de agosto de 2022, pág. 22, Seção 1, referente a resolução de conflitos de competências entre as equipes regionais da 4ª Região Fiscal.</p><p class="assina">JOSÉ HONORATO DE SOUZA</p>]]></Texto>
  </body>
  <Midias />
</article></xml>