﻿<xml><article id="27749034" name="_ATO NA 38 DE 12 DE AGOSTO DE 20" idOficio="9057088" pubName="DO1" artType="Ato" pubDate="30/08/2022" artClass="00007:00047:00027:00005:00000:00000:00000:00000:00000:00000:00006:00000" artCategory="Ministério da Agricultura, Pecuária e Abastecimento/Secretaria de Defesa Agropecuária/Departamento de Sanidade Vegetal e Insumos Agrícolas/Coordenação-Geral de Agrotóxicos e Afins" artSize="12" artNotes="" numberPage="4" pdfPage="http://pesquisa.in.gov.br/imprensa/jsp/visualiza/index.jsp?data=30/08/2022&amp;jornal=515&amp;pagina=4" editionNumber="165" highlightType="" highlightPriority="" highlight="" highlightimage="" highlightimagename="" idMateria="19839666">
  <body>
    <Identifica><![CDATA[ ATO Nº 38, DE 12 DE AGOSTO DE 2022]]></Identifica>
    <Data><![CDATA[]]></Data>
    <Ementa />
    <Titulo />
    <SubTitulo />
    <Texto><![CDATA[<p class="identifica">ATO Nº 38, DE 12 DE AGOSTO DE 2022</p><p>O Coordenador-Geral de Agrotóxicos e Afins no uso das suas atribuições legais resolve dar publicidade ao resumo dos registros de agrotóxicos e afins concedidos, conforme previsto no Artigo 14 do Decreto nº 4074, de 04 de janeiro de 2002.</p><p></p><p>1-a. Titular do registro: Iharabras S.A. Indústrias Químicas- Sorocaba/SP.</p><p>b. Marca comercial:<strong>SUGOY.</strong></p><p>c. Resultado do pedido: Deferido. Concedido Certificado com registro nº 17822, conforme processo nº 21000.062088/2020-85, protocolado em 29/09/2020.</p><p>d. Fabricante do produto técnico(Metomino Técnico): Nome: Iharabras S.A. Indústrias Químicas - CNPJ: 61.142.550/0001-30 - Endereço: Avenida Liberdade, 1701 - Cajuru do Sul, Sorocaba/SP - CEP: 18.087-170; Nome: PI Industries Ltd. - Endereço: Plot nº 237, G.I.D.C. Panoli, Dist. Bharuch, 394116, Ankleshwar, Gujarat - Índia; Nome: Jiangsu Agrochem Laboratory Co. Ltd. - Endereço: Nº 1218 North Changjiang Rd., Hi-Tech Development Zone, Changzhou, Jiangsu, 213034 - China; Nome: Huaian Glory Chemical Co., Ltd. - Endereço: Nº 2, Guoqiao Road, Huaian Salt Chemical Industry Park, Hongze, 223100 Huaian, Jiangsu - China; Nome: Junsei Chemical Co., Ltd. - Endereço: 644-47 Aza Houtubo Hitana Nakagou-Machi, 319-1556 lbaraki - Japão; Nome: Jiangsu BVCO Chemical Co. Ltd. - Endereço: Weier Road, Aoyang Industrial Park, Funing County, Jiangsu Province, 224400 - China; Nome: Osaka Organic Chemical Industry Ltd. - Endereço: 1600-1, Matsumoto-Machi, 924-0057 Hakusan, lshikawa, Japão. Produto Técnico(Inpyrfluxan Técnico): Nome: Sumitomo Chemical Co. Ltd. - Endereço: Oita works 2200 - Tsurusaki Oita-shi, 870-0106, Oita - Japão; Nome: Bayer AG - Endereço: ChemPark 41538 Dormagen - Alemanha; Nome: Bayer AG - Endereço: Industriestraße, Chemiepark Knapsack, 50354, Hürth - Alemanha. Produto Técnico(Clorotalonil Técnico CN): Nome: Jiangsu Agrochem Laboratory - Endereço: Nº 1218 North Changjiang Rd, Hi-Tech Development Zone, Changzhou, Jiangsu, 213034 - China; Nome: Jiangsu Xinhe Agrochemical Co., Ltd. - Endereço: Planta Jingjiu - No. 55 Jingjiu Road, Economic Development Zone 221400 Xinyi, Jiangsu - China; Nome: Jiangsu Weunite Fine Chemical Co., Ltd. - Endereço: Jinger Road, Industry Chemical Park, Xinyi, Jiangsu - China; Nome: Jiangsu Xinhe Agrochemical Co., Ltd. - Endereço: Nº 19 Xingang Road, Economic Development Zone, 221400 Xinyi, Jiangsu, China. Produto Técnico(Daconil Técnico 960 USA): Nome: GB Biosciences Corporation - Endereço: 2239 Hadeen Road, Houston, Texas 77015 - Estados Unidos. Produto Técnico(Clorotalonil Técnico): Nome: GB Biosciences Corporation - Endereço: 2239 Haden road, Houston TX77015 - Estados Unidos; Nome: Jiangyin Suli Chemical Co. Ltd. - Endereço: N° 7, Runhua Road, Ligang Town, Jiangyin City, Jiangsu Province, 214444 - China; Nome: Jiangsu Xinhe Agrochemical Co., Ltd. - Endereço: Nº 55, Jingjiu Road, Economic Development Zone, Xinyi City, Jiangsu Province - China; Nome: Jiangsu Xinhe Agrochemical Co. Ltd. - Endereço: Shanghai Road, Xinyi, Jiangsu - China.</p><p>e. Formulador: Nome: Iharabras S.A. Indústrias Químicas - CNPJ: 61.142.550/0001-30 - Endereço: Avenida Liberdade, 1701 - Cajuru do Sul, Sorocaba/SP - CEP: 18.087-170.</p><p>f. Nome químico: (E)-2-methoxyimino-N-methyl-2-(2-phenoxyphenyl)acetamide; 3-(difluoromethyl)-N-[(R)-2,3-dihydro-1,1,3-trimethyl-1H-inden-4-yl]-1-methyIpyrazole-4-carboxamide; tetrachloroisophthalonitrile.</p><p>g. Nome comum: Metominostrobina; Impirfluxam; Clorotalonil.</p><p>h. Nome científico, no caso de agente biológico: Não se aplica.</p><p>i. Indicação de uso: Indicado para a cultura da Soja.</p><p>j. Classificação toxicológica: Categoria 3 - Produto Moderadamente Tóxico.</p><p>k. Classificação quanto ao potencial de periculosidade ambiental: Classe II - Produto Muito Perigoso ao Meio Ambiente.</p><p></p><p>2-a. Titular do registro: Nortox S.A.- Arapongas/PR.</p><p>b. Marca comercial: PROPICONAZOLE MAX NORTOX.</p><p>c. Resultado do pedido: Deferido. Concedido Certificado com registro nº 17922, conforme processo nº 21000.008619/2015-27, protocolado em 21/12/2015.</p><p>d. Fabricante do produto técnico(Propiconazole Técnico Nortox): Nome: Nortox S.A. - CNPJ: 75.263.400/0001-99 - Endereço: BR 369, Km 197, Distrito de Aricanduva, Arapongas/PR - CEP: 86.700-970. Produto TécnicoPropiconazole Técnico Nortox BR): Nome: Shandong Weifang Shuangxing Pesticide Co. Ltd. - Endereço: North of Industrial Street, Binhai Development Zone, Weifang City Shandong - China.</p><p>e. Formulador: Nome: Nortox S.A. - CNPJ: 75.263.400/0001-99 - Endereço: BR 369, Km 197, Distrito de Aricanduva, Arapongas/PR - CEP: 86.700-970; Nome: Jiangsu Corechem Co., Ltd. - Endereço: 18, Shilian Avenue, Huaian City, Jiangsu, 223000 - China; Nome: Jiangsu Sevencontinent Green Chemical Co., Ltd. - Endereço: North Area of Dongsha Chem - Zone, Zhangjiagang, Jiangsu, 215600 - China; Nome: Jiangsu Yangnong Chemical Group Co., Ltd. - Endereço: Nº 39 Wenfeng Road, Yangzhou, Jiangsu, 225009 - China; Nome: Shandong Weifang Shuangxing Pesticide Co., Ltd. - Endereço: North of Industrial Street, Binhai Development Zone, Weifang City, Shandong - China; Nome: Wasion Crop Science and Technology Co., Ltd. - Endereço: 1 Hedong Road, Xinshi Town, Deqing, Zhejiang - China.</p><p>f. Nome químico: (RS)-1-[2-(2,4-dichlorophenyl)-4-propyl-1,3-dioxolan-2-ylmethyl]-1H-1,2,4-triazole.</p><p>g. Nome comum: Propiconazol.</p><p>h. Nome científico, no caso de agente biológico: Não se aplica.</p><p>i. Indicação de uso: Indicado para as culturas de Arroz irrigado, Banana, Cevada, Milho e Trigo.</p><p>j. Classificação toxicológica: Categoria 4 - Produto Pouco Tóxico.</p><p>k. Classificação quanto ao potencial de periculosidade ambiental: Classe II - Produto Muito Perigoso ao Meio Ambiente.</p><p></p><p>3-a. Titular do registro: Syncrom Assessoria e Comércio de Produtos Agropecuários Ltda.- São Paulo/SP.</p><p>b. Marca comercial:<strong>GEMPOX.</strong></p><p>c. Resultado do pedido: Deferido. Concedido Certificado com registro nº 18022, conforme processo nº 21000.049090/2020-69, protocolado em 30/07/2020.</p><p>d. Fabricante do produto técnico(Glufosinate-ammonium Técnico GT): Nome: Yongnong Biosciences Co., LTD. - Endereço: No. 3, Weiqi Rd (East), Hangzhou Gulf Fine Chemical Zone, Shangyu, Zhejiang, 312369 - China. Produto Técnico(Glufosinate-ammonium Técnico Lier): Nome: Lier Chemical Co., Ltd. - Endereço: Economic and Technical Development Zone, 621000, Mianyang, Sichuan - China.</p><p>e. Formulador: Nome: Globachem NV - Endereço: Montenakenweg 535, Sint-Truiden - 3800 - Bélgica; Nome: Hailir Pesticides and Chemicals Group Co., Ltd. - Endereço: East Industry Zone, Chengyang District, Qingdao, Shandong - China; Nome: Zhejiang Zhongshan Chemical Industry Group Co., Ltd - Endereço: Zhongshan, Xiaopu, Changxing, Zhejiang Province, 313116 - China.</p><p>f. Manipulador: Nome: Tagma Brasil Industria e Comércio de Produtos Químicos Ltda. - CNPJ: 03.855.423/0001-81 - Endereço: Avenida Roberto Simonsen, 1459, Recanto dos Pássaros, Paulínia/SP - CEP: 13.148-030.</p><p>g. Nome químico: 4-[hydroxy(methyl)phosphinoyl]-DL-homoalanine ou DL-homoalanin-4- yl(methyl)phosphinic acid.</p><p>h. Nome comum: Glufosinato - Sal de Amônio.</p><p>i. Nome científico, no caso de agente biológico: Não se aplica.</p><p>j. Indicação de uso: Indicado para as culturas de Milho e Soja.</p><p>k. Classificação toxicológica: Categoria 4 - Produto Pouco Tóxico.</p><p>l. Classificação quanto ao potencial de periculosidade ambiental: Classe III - Produto Perigoso ao Meio Ambiente.</p><p></p><p>4-a. Titular do registro: Rainbow Defensivos Agrícolas Ltda.- Porto Alegre/RS.</p><p>b. Marca comercial: TRICLOMAX.</p><p>c. Resultado do pedido: Deferido. Concedido Certificado com registro nº 18122, conforme processo nº 21000.005031/2017-83, protocolado em 02/02/2017.</p><p>d. Fabricante do produto técnico(TRICLOPIR-BUTOTÍLICO TÉCNICO RAINBOW): Nome: Shandong Weifang Rainbow Chemical Co., Ltd. - Unidade Fabril 02 - Endereço: Binhai Economic Development Area, Weifang City, Shandong Province, 262737 - China.</p><p>e. Formulador: Nome: Shandong Weifang Rainbow Chemical Co., Ltd. - Endereço: Binhai Economic Development Area, Weifang, Shandong, 262737 - China.</p><p>f. Nome químico: butoxyethyl 3,5,6-trichloro-2-pyridyloxyacetate.</p><p>g. Nome comum: Triclopir-butotílico.</p><p>h. Nome científico, no caso de agente biológico: Não se aplica.</p><p>i. Indicação de uso: Indicado para as culturas de Arroz irrigado, Eucalipto e Pastagens.</p><p>j. Classificação toxicológica: Categoria 4 - Produto Pouco Tóxico.</p><p>k. Classificação quanto ao potencial de periculosidade ambiental: Classe II - Produto Muito Perigoso ao Meio Ambiente.</p><p></p><p>5-a. Titular do registro: Sumitomo Chemical Brasil Indústria Química S.A.- Maracanaú/CE.</p><p>b. Marca comercial: CYPTRIN.</p><p>c. Resultado do pedido: Deferido. Concedido Certificado com registro nº 18222, conforme processo nº 21000.007764/2015-91, protocolado em 16/11/2015.</p><p>d. Fabricante do produto técnico(Cipermethrin Técnico Gharda): Nome: Gharda Chemical Limited - Lote Plant - Endereço: D-1/2 MID, Lote Parshuram, Taluka Khed, District Ratnagiri, 415722, Maharashtra - Índia. Produto Técnico(Cipermetrina Tagros Técnico): Nome: Tagros Chemicals India Private Limited - Endereço: A-4/1 &amp; A/2 SIPCOT Industria Complex, Pacha yankuppam Village, Cuddalore - 607 005, Tamil Nadu - Índia.</p><p>e. Formulador: Nome: Sumitomo Chemical Brasil Indústria Química S.A. - CNPJ: 07.467.822/0001-26 - Endereço: Avenida Parque Sul, 2138, 1º Distrito Industrial, Maracanaú/CE - CEP: 61.939-000; Nome: Ouro Fino Química S.A. - CNPJ: 09.100.671/0001-07 - Endereço: Av. Filomena Cartafina, 22335, quadra 14, lote 5 - Distrito Industrial III, Uberaba/MG - CEP: 38.044-750; Nome: Tagma Brasil Indústria e Comércio de Produtos Químicos Ltda. - CNPJ 03.855.423/0001-81 - Endereço: Avenida Roberto Simonsen, 1459, Recanto dos Pássaros, Paulínia/SP - CEP: 13.148-030; Nome: Adama Brasil S.A. - CNPJ 02.290.510/0001-76 - Endereço: Rua Pedro Antônio de Souza, 400, Parque Rui Barbosa, Londrina/PR - CEP: 86.031-610.</p><p>f. Nome químico: (RS)-α-cyano-3-phenoxybenzyl(1RS,3RS;1RS,3SR)-3-(2,2-dichlorovinyl)-2,2-dimethylcyclopropane carboxylate.</p><p>g. Nome comum: Cipermetrina.</p><p>h. Nome científico, no caso de agente biológico: Não se aplica.</p><p>i. Indicação de uso: Indicado para as culturas de Algodão, Arroz, Arroz irrigado, Batata, Café, Cebola, Citros, Feijão, Fumo, Mandioca, Milho, Soja e Tomate.</p><p>j. Classificação toxicológica: Categoria 4 - Produto Pouco Tóxico.</p><p>k. Classificação quanto ao potencial de periculosidade ambiental: Classe II - Produto Muito Perigoso ao Meio Ambiente.</p><p></p><p>6-a. Titular do registro: AllierBrasil Agro Ltda.- São Paulo/SP.</p><p>b. Marca comercial: GOOD-HARVEST GLIFOSATO 480 SL.</p><p>c. Resultado do pedido: Deferido. Concedido Certificado com registro nº 18322, conforme processo nº 21000.004972/2015-38, protocolado em 11/08/2015.</p><p>d. Fabricante do produto técnico(Glifosato Técnico GHA): Nome: Jiangsu Good Harvest - Weien Agrochemical Co. Ltd. - Endereço: Loagang, Qidong City, Jiangsu Province - China.</p><p>e. Formulador: Nome: Jiangsu Good Harvest - Weíen Agrochemical Co., Ltd. - Endereço: Laogang, Qidong City, Jiangsu, 226221 - China.</p><p>f. Manipulador: Nome: Adama Brasil S.A. - CNPJ: 02.290.510/0001-76 - Endereço: Rua Pedro Antônio de Souza, 400. Parque Rui Barbosa. Londrina/PR - CEP: 86.031-610; Nome: Adama Brasil S.A. - CNPJ: 02.290.510/0004-19 - Endereço: Av. Júlio de Castilhos, 2085. Bairro Coqueiros, Taquari/RS - CEP: 95.860-000; Nome: Iharabras SA Indústrias Químicas. - CNPJ: 61.142.550/0001-30 - Endereço: Av. Liberdade, 1701, Sorocaba/SP - CEP: 18.001-970; Nome: Nortox SA. - CNPJ:75.263.400/0011-60 - Endereço: Rod. BR 360, Km 197, Arapongas/PR - CEP: 86.700-970; Nome: Nortox SA. - CNPJ: 75.263.400.0001/99 - Endereço: Rod. 163, Km 116, Rondonópolis/MT - CEP: 78.740-275; Nome: Tagma Brasil Ltda. - CNPJ: 03.855.423/0001-81 - Endereço: Av. Roberto Simonsen, 1459, Paulínia/SP - CEP: 13.140-000; Nome: UPL do Brasil Indústria e Comércio de Insumos Agropecuários S.A. - CNPJ: 02.974.733/0003-14 - Endereço: Av. Maeda, s/n°, Distrito Industrial, ltuverava/SP - CEP: 13.092-104.</p><p>g. Nome químico: Isopropylammonium N-(phosphonomethyl)glycinate.</p><p>h. Nome comum: Glifosato - Sal de Isopropilamina.</p><p>i. Nome científico, no caso de agente biológico: Não se aplica.</p><p>j. Indicação de uso: Indicado para as culturas de Algodão, Ameixa, Arroz, Arroz irrigado, Banana, Cacau, Café, Cana-de-açúcar, Citros, Eucalipto, Feijão, Maçã, Milho, Nectarina, Pastagem, Pera, Pêssego, Pinus, Seringueira, Soja, Trigo e Uva</p><p>k. Classificação toxicológica: Categoria 5 - Produto Improvável de Causar Dano Agudo.</p><p>l. Classificação quanto ao potencial de periculosidade ambiental: Classe III - Produto Perigoso ao Meio Ambiente.</p><p></p><p>7-a. Titular do registro: Basf S.A.- São Paulo/SP.</p><p>b. Marca comercial: ORVEGO ME.</p><p>c. Resultado do pedido: Deferido. Concedido Certificado com registro nº 18422, conforme processo nº 21000.009712/2011-25, protocolado em 22/08/2011.</p><p>d. Fabricante do produto técnico(Ametoctradin Técnico): Nome: Hikal Limited - Endereço: T-21, MIDC Ind. Area, Taloja, 410 208, District Raigad, Maharashtra - Índia. Produto Técnico(Metiram Técnico): Nome: Basf SE - Endereço: Carl-Bosch Strasse, 38 - 67056 - Ludwigshafen - Baden-Württemberg - Alemanha.</p><p>e. Formulador: Nome: Basf SE - Endereço: Carl-Bosch Strasse, 38 - 67056 - Ludwigshafen - Baden-Württemberg - Alemanha.</p><p>f. Nome químico: 5-ethyl-6-octyl[1,2,4]triazolo[1,5-a]pirimidin-7-amine; zinc ammoniate ethylenebis(dithiocarbamate)-poly(ethylenethiuram disulfide).</p><p>g. Nome comum: Ametoctradina; Metiram.</p><p>h. Nome científico, no caso de agente biológico: Não se aplica.</p><p>i. Indicação de uso: Indicado para as culturas de Batata, Cebola, Melancia, Melão, Pepino, Rosa e Tomate.</p><p>j. Classificação toxicológica: Categoria 5 - Produto Improvável de Causar Dano Agudo.</p><p>k. Classificação quanto ao potencial de periculosidade ambiental: Classe II - Produto Muito Perigoso ao Meio Ambiente.</p><p></p><p>8-a. Titular do registro: Syngenta Proteção de Cultivos Ltda- São Paulo/SP.</p><p>b. Marca comercial: PICATINA FLORA.</p><p>c. Resultado do pedido: Deferido. Concedido Certificado com registro nº 18522, conforme processo nº 21000.026515/2017-66, protocolado em 13/06/2017.</p><p>d. Fabricante do produto técnico(Pydiflumetofen Técnico): Nome: Syngenta Crop Protection Münchwilen AG - Endereço: Breitenloh 5, CH 4333, Münchwilen - Suíça; Nome: Syngenta Crop Protection Monthey S.A. - Endereço: Route de I'lle-au-Bois, 1870 - Caixa Postal 273 - Usine de Monthey - Monthey - Suíça; Nome: Syngenta Nantong Crop Protection Limited - Endereço: Nº1 Zhong Xing Road - Nantong Economie &amp; Technological Development Zone - China. Produto Técnico(Maxim Técnico): Nome: Fine Organics Ltd. - Endereço: Clevand- TS2 1 UB - Reino Unido; Nome: Syngenta Crop Protection Monthey S.A. - Endereço: Route de I'lle-au-Bois, 1870 - Caixa Postal 273 - Usine de Monthey - Monthey - Suíça; Nome: Syngenta Crop Protection AG - Endereço: Werk Schweizerhalle, Rheinfelderstrasse, Rothausweg CH 4133, Pratteln - Suíça.</p><p>e. Formulador: Nome: Syngenta Crop Protection Münchwilen AG - Endereço: Breitenloh 5, 4333, Münchwilen - Suiça; Nome: Syngenta Crop Protection, LLC - Endereço: 4111, Gibson Road, 68107- Omaha, Nebraska - Estados Unidos da América; Nome: Syngenta Proteção de Cultivos Ltda. - CNPJ: 60.744.463/0010-80 - Endereço: Rodovia Professor Zeferino Vaz - SP 332, s/ne, km 127,5, Bairro Santa Terezinha, Paulínia/SP - CEP: 13.148-915.</p><p>f. Nome químico: 3-(difluorometil)-<em>N</em>-metoxi-1-metil-<em>N</em>-((<em>RS</em>)-1-metil-2-(2,4,6-triclorofenil)etil)pirazol-4-carboxamida; 4-(2,2-difluoro-1,3-benzodioxol-4-yl)pyrrole-3-carbonitrile.</p><p>g. Nome comum: Pidiflumetofem; Fludioxonil.</p><p>h. Nome científico, no caso de agente biológico: Não se aplica.</p><p>i. Indicação de uso: Indicado para as culturas de Begônia e Rosa.</p><p>j. Classificação toxicológica: Não Classificado - Produto Não Classificado.</p><p>k. Classificação quanto ao potencial de periculosidade ambiental: Classe II - Produto Muito Perigoso ao Meio Ambiente.</p><p></p><p>9-a. Titular do registro: Monsanto do Brasil Ltda.- São Paulo/SP.</p><p>b. Marca comercial: WALLOP.</p><p>c. Resultado do pedido: Deferido. Concedido Certificado com registro nº 18622, conforme processo nº 21000.005263/2015-70, protocolado em 31/07/2015.</p><p>d. Fabricante do produto técnico(Acetochlor Técnico Monsanto): Nome: Bayer CropScience LP - Muscatine Plant - Endereço: 2.500 Wiggins Road, Musacatine, Iowa, 52.761 - Estados Unidos da América.</p><p>e. Formulador: Nome: Bayer CropScience LP - Muscatine Plant - Endereço: 2.500 Wiggins Road, Musacatine, Iowa, 52.761 - Estados Unidos da América.</p><p>f. Nome químico: 2-chloro-N-ethoxymethyl-6'-ethylaceto-o-toluidide.</p><p>g. Nome comum: Acetocloro.</p><p>h. Nome científico, no caso de agente biológico: Não se aplica.</p><p>i. Indicação de uso: Indicado para as culturas de Algodão, Milho e Soja.</p><p>j. Classificação toxicológica: Categoria 5 - Produto Improvável de Causar Dano Agudo.</p><p>k. Classificação quanto ao potencial de periculosidade ambiental: Classe II - Produto Muito Perigoso ao Meio Ambiente.</p><p></p><p>10-a. Titular do registro: Syngenta Proteção de Cultivos Ltda. - São Paulo/SP.</p><p>b. Marca comercial: CREAVIS.</p><p>c. Resultado do pedido: Deferido. Concedido Certificado com registro nº 18722, conforme processo nº 21000.007995/2015-02, protocolado em 27/11/2015.</p><p>d. Fabricante do produto técnico(Pydiflumetofen Técnico): Nome: Syngenta Crop Protection Münchwilen AG - Endereço: Breitenloh 5, CH 4333, Münchwilen - Suíça; Nome: Syngenta Crop Protection Monthey S.A. - Endereço: Route de I'lle-au-Bois, 1870 - Caixa Postal 273 - Usine de Monthey - Monthey - Suíça; Nome: Syngenta Nantong Crop Protection Co., Ltd. - Endereço: No. 1 Zhongyang Road Nantong Economic And Technological Development Area Nantong, Jiangsu - China.</p><p>e. Formulador: Nome: Syngenta Crop Protection, LLC - Endereço: Omaha Site - 4111, Gibson Road, Omaha-NE, 68107 - Estados Unidos da América; Nome: Syngenta Crop Protection Münchwilen AG - Endereço: Breitenloh 5, Münchwilen, CH-4333 - Suíça; Nome: Syngenta Limited - Endereço: Jealott's Hill lnternational Research Centre - Bracknell, Berkshire, RG42 6EY - Reino Unido; Nome: Syngenta Limited - Endereço: Grangemouth Manufacturin Centre - Earls Road, Grangemouth, Stirlingshire, FK3 8XG, Escócia - Reino Unido; Nome: Syngenta Production France S.A.S - Endereço: Usine Aigues-Vives, Route de la Gare - BP1, Aigues-Vives, F-30670 - França; Nome: Syngenta Proteção de Cultivos Ltda. - CNPJ: 60.744.463/0010-80 - Endereço: Rodovia Professor Zeferino Vaz, SP 332, s/nº, km 127,5, Santa Terezinha, Paulínia/SP - CEP: 13.148-915.</p><p>f. Nome químico: 3-(difluorometil)-N-metoxi-1-metil-N-((RS)-1-metil-2-(2,4,6-triclorofenil)etil)pirazol-4-carboxamida.</p><p>g. Nome comum: Pidiflumetofem.</p><p>h. Nome científico, no caso de agente biológico: Não se aplica.</p><p>i. Indicação de uso: Indicado para a cultura da Soja.</p><p>j. Classificação toxicológica: Categoria 5 - Produto Improvável de Causar Dano Agudo.</p><p>k. Classificação quanto ao potencial de periculosidade ambiental: Classe II - Produto Muito Perigoso ao Meio Ambiente.</p><p></p><p>11-a. Titular do registro: Koppert do Brasil Holding Ltda.- Piracicaba/SP.</p><p>b. Marca comercial: LARVANEM.</p><p>c. Resultado do pedido: Deferido. Concedido Certificado com registro nº 18822, conforme processo nº 21016.009732/2021-07, protocolado em 01/12/2021.</p><p>d. Fabricante/Formulador: Nome: Koppert do Brasil Holding Ltda. - CNPJ: 11.074.190/0001-08 - Endereço: Rodovia Margarida da Graça Martins km 17,5 s/n (SP 135 - Estrada Tupi), Bairro Água Seca, Piracicaba/SP - CEP: 13.420-280; Nome: CP2 Ltda. - CNPJ: 03.779.255/0001-92 - Endereço: Rua Via Vicente Verdi, nº 528 - Distrito Industrial III - Charqueada/SP - CEP: 13.515-000; Nome: Koppert B.V. - Endereço: Veilingweg 14 2651 BE, Berkel en Rodenrijs - Holanda; Nome: Koppert Biological Systems, Inc., - Endereço: MI 48843 1502 Old US -23, Howell, Michigan - Estados Unidos; Nome: Koppert (Beijing) Agriculture Co., Ltd. - Endereço: Room 1104, Unit 1, Building 10 No.20 Guogongzhuang Middle Street - Fengtai District, Beijing - China; Nome: Koppert México S.A. de C.V., - Endereço: Circuito El Marques Norte No. 82, Parque Industrial El Marques - El Marqués, Querétaro - México; Nome: Koppert Africa do Sul - Endereço: Nº. 12, Lanseria Corporate Estate, Malibongwe drive Lanseria ext 26 1739 P.O. Box 625, Lanseria - South Africa; Nome: Nitrasoil - Endereço: Argentina Av. Centenario 3359 - Quilmes Buenos Aires - Argentina.</p><p>e. Nome químico: Não se aplica.</p><p>f. Nome comum: Não se aplica.</p><p>g. Nome científico, no caso de agente biológico:<em>Heterorhabditis bacteriophora.</em></p><p>h. Indicação de uso: Indicado para qualquer cultura com ocorrência dos alvos biológicos Sphenophorus levis, Spodoptera frugiperda e Scaptocoris castanea.</p><p>i. Classificação toxicológica: Não Classificado - Produto Não Classificado.</p><p>j. Classificação quanto ao potencial de periculosidade ambiental: Classe IV - Pouco Perigoso ao Meio Ambiente.</p><p></p><p>12-a. Titular do registro: Koppert do Brasil Holding Ltda.- Piracicaba/SP.</p><p>b. Marca comercial: CAPSANEM.</p><p>c. Resultado do pedido: Deferido. Concedido Certificado com registro nº 18922, conforme processo nº 21016.009730/2021-18, protocolado em 01/12/2021.</p><p>d. Fabricante/Formulador: Nome: Koppert do Brasil Holding LTDA. - CNPJ: 11.074.190/0001-08 - Endereço: Rodovia Margarida da Graça Martins km 17,5 s/n (SP 135 - Estrada Tupi), Bairro Água Seca, Piracicaba/SP - CEP: 13.420-280; Nome: CP2 Ltda. - CNPJ: 03.779.255/0001-92 - Endereço: Rua Via Vicente Verdi, nº 528 - Distrito Industrial III - Charqueada/SP - CEP: 13.515-000; Nome: Koppert B.V. - Endereço: Veilingweg 14 2651 BE, Berkel en Rodenrijs - Holanda; Nome: Koppert Biological Systems, Inc., - Endereço: MI 48843 1502 Old US -23, Howell, Michigan - Estados Unidos; Nome: Koppert (Beijing) Agriculture Co., Ltd. - Endereço: Room 1104, Unit 1, Building 10 No.20 Guogongzhuang Middle Street - Fengtai District, Beijing - China; Nome: Koppert México S.A. de C.V., - Endereço: Circuito El Marques Norte No. 82, Parque Industrial El Marques - El Marqués, Querétaro - México; Nome: Koppert Africa do Sul - Endereço: Nº. 12, Lanseria Corporate Estate, Malibongwe drive Lanseria ext 26 1739 P.O. Box 625, Lanseria - South Africa; Nome: Nitrasoil - Endereço: Argentina Av. Centenario 3359 - Quilmes Buenos Aires - Argentina.</p><p>e. Nome químico: Não se aplica.</p><p>f. Nome comum: Não se aplica.</p><p>g. Nome científico, no caso de agente biológico: Steinernema carpocapsae.</p><p>h. Indicação de uso: Indicado para qualquer cultura com ocorrência dos alvos biológicos Sphenophorus levis, Spodoptera frugiperda e Bradysia matogrossensi.</p><p>i. Classificação toxicológica: Não Classificado - Produto Não Classificado.</p><p>j. Classificação quanto ao potencial de periculosidade ambiental: Classe IV - Pouco Perigoso ao Meio Ambiente.</p><p></p><p>13-a. Titular do registro: Albaugh Agro Brasil Ltda.- São Paulo/SP.</p><p>b. Marca comercial: LANFOR PRO.</p><p>c. Resultado do pedido: Deferido. Concedido Certificado com registro nº 19022, conforme processo nº 21000.049705/2020-57, protocolado em 03/08/2020.</p><p>d. Fabricante do produto técnico(Azoxistrobina Técnica Agristar): Nome: Shangyu Nutrichem Co., Ltd. - Endereço: Nº 9, Weijiu Rd., Hangzhou Bay Shangyu Economic and Technological Development Area, Zhejiang, 312369 - China. Produto Técnico(Azoxistrobina Técnica Albaugh): Nome: CAC Nantong Chemical Co. Ltd. - Endereço: (Fourth Huanghai Road) Yangkou Chemical Industrial Park, Rudong County 226407 Nantong, Jiangsu - China. Produto Técnico(Ciproconazol Técnico Agristar): Nome: Shangyu Nutrichem Co., Ltd. - Endereço: Nº 9, Weijiu Rd., Hangzhou Bay Shangyu Economic and Technological Development Area, Zhejiang, 312369 - China. Produto Técnico(Ciproconazol Técnico Albaugh JSC): Nome: Jiangsu Sevencontinent Green Chemical Co., Ltd - Unit I - Endereço: Chengbei Road, 28, North Are of Dongsha Chem-Zone, 215600 Zhangjiagang, Jiangsu - China.</p><p>e. Formulador: Nome: Albaugh Agro Brasil Ltda. - CNPJ: 01.789.121/0004-70 - Endereço: Avenida Basiléia, 590 - Resende/RJ - CEP: 27.521-210; Nome: Tagma Brasil Indústria e Comércio de Produtos Químicos Ltda. - CNPJ: 03.855.423/0001-81 - Endereço: Avenida Roberto Simonsen, 1459 - Paulínia/SP - CEP: 13.148-030.</p><p>f. Nome químico: methyl(E)-2-{2-[6-(2-cyanophenoxy)pyrimidin-4-yloxy]phenyl}-3-methoxyacrylate; (2RS,3RS;2RS,3SR)-2-(4-chlorophenyl)-3-cyclopropyl-1-(1H-1,2,4-triazol-1-yl)butan-2-ol.</p><p>g. Nome comum: Azoxistrobina; Ciproconazol.</p><p>h. Nome científico, no caso de agente biológico: Não se aplica.</p><p>i. Indicação de uso: Indicado para as culturas de Algodão, Arroz irrigado, Aveia, Café, Cana-de-açúcar, Cevada, Eucalipto, Girassol, Milheto, Milho, Soja e Trigo.</p><p>j. Classificação toxicológica: Categoria 4 - Produto Pouco Tóxico.</p><p>k. Classificação quanto ao potencial de periculosidade ambiental: Classe II - Produto Muito Perigoso ao Meio Ambiente.</p><p></p><p>14-a. Titular do registro: CAC Química do Brasil Ltda.- Campinas/SP.</p><p>b. Marca comercial: BRAULTRA 720 SC.</p><p>c. Resultado do pedido: Deferido. Concedido Certificado com registro nº 19122, conforme processo nº 21000.017158/2020-41, protocolado em 09/03/2020.</p><p>d. Fabricante do produto técnico(Clorotalonil Técnico Agrisor): Nome: Jiangsu Xinhe Agrochemical Co, Ltd. - Endereço: Nº 55 Xingang Road, Economic Development Zone, Xinyi City, 221400, Jiangsu Province - China.</p><p>e. Formulador: Nome: Jiangsu Xinhe Agrochemical Co., Ltd. - Endereço: Nº 19 Xingang Road, Economic Development Zone, Xinyi, Jiangsu, 221400 - China; Nome: Jiangsu Xinhe Agrochemical Co., Ltd. - Endereço: N° 55, Jingjiu Road, Economic Development Zone, Xinyi, Jiangsu, 221400 - China.</p><p>f. Nome químico: tetrachloroisophthalonitrile.</p><p>g. Nome comum: Clorotalonil.</p><p>h. Nome científico, no caso de agente biológico: Não se aplica.</p><p>i. Indicação de uso: Indicado para as culturas de Amendoim, Banana, Batata, Berinjela, Cebola, Cenoura, Feijão, Mamão, Melancia, Melão, Pepino, Rosa, Soja, Tomate e Uva.</p><p>j. Classificação toxicológica: Categoria 5 - Produto Improvável de Causar Dano Agudo.</p><p>k. Classificação quanto ao potencial de periculosidade ambiental: Classe III - Produto Perigoso ao Meio Ambiente.</p><p></p><p>15-a. Titular do registro: Bioma Indústria Comércio e Distribuição - Eireli- Fazenda Rio Grande/PR.</p><p>b. Marca comercial:<strong>BIAGRO CANA.</strong></p><p>c. Resultado do pedido: Deferido. Concedido Certificado com registro nº 19222, conforme processo nº 21016.009914/2021-70, protocolado em 07/12/2021.</p><p>d. Fabricante/Formulador: Nome: Bioma Indústria Comércio e Distribuição - Eireli - CNPJ: 14.833.690/0001-74 - Endereço: Estrada Rural Adão Roik, 1636, Área Rural, Fazenda Rio Grande/PR - CEP: 83.835-899.</p><p>e. Nome químico: Não se aplica.</p><p>f. Nome comum: Não se aplica.</p><p>g. Nome científico, no caso de agente biológico: Metarhizium anisopliae, cepa IBCB 425.</p><p>h. Indicação de uso: Indicado para qualquer cultura com ocorrência dos alvos biológicos Mahanarva fimbriolata, Zulia entreriana e Deois flavopicta.</p><p>i. Classificação toxicológica: Categoria 5 - Produto Improvável de Causar Dano Agudo.</p><p>j. Classificação quanto ao potencial de periculosidade ambiental: Classe IV - Produto Pouco Perigoso ao Meio Ambiente.</p><p>k. Produto Fitossanitário com Uso Aprovado para a Agricultura Orgânica.</p>]]></Texto>
  </body>
  <Midias />
</article></xml>