﻿<xml><article id="27738275" name="P1RF193 secao1" idOficio="9058038" pubName="DO1" artType="Portaria" pubDate="30/08/2022" artClass="00015:00045:00432:00093:00000:00000:00000:00000:00000:00000:00054:00000" artCategory="Ministério da Economia/Secretaria Especial da Receita Federal do Brasil/Subsecretaria-Geral da Receita Federal do Brasil/Superintendência Regional da 1ª Região Fiscal" artSize="12" artNotes="" numberPage="78" pdfPage="http://pesquisa.in.gov.br/imprensa/jsp/visualiza/index.jsp?data=30/08/2022&amp;jornal=515&amp;pagina=78" editionNumber="165" highlightType="" highlightPriority="" highlight="" highlightimage="" highlightimagename="" idMateria="19840905">
  <body>
    <Identifica><![CDATA[ PORTARIA SRRF01 Nº 193, DE 25 DE AGOSTO DE 2022]]></Identifica>
    <Data><![CDATA[]]></Data>
    <Ementa><![CDATA[ Delega e subdelega competências de gestão de pessoas no âmbito da 1ª Região Fiscal.]]></Ementa>
    <Titulo />
    <SubTitulo />
    <Texto><![CDATA[<p class="identifica">PORTARIA SRRF01 Nº 193, DE 25 DE AGOSTO DE 2022</p><p class="ementa">Delega e subdelega competências de gestão de pessoas no âmbito da 1ª Região Fiscal.</p><p>O SUPERINTENDENTE DA RECEITA FEDERAL DO BRASIL DA 1ª REGIÃO FISCAL, no uso das atribuições que lhe conferem os artigos 359 e 364 do Regimento Interno da Secretaria Especial da Receita Federal do Brasil (RFB), aprovado pela Portaria ME nº 284, de 27 de julho de 2020, e considerando o disposto nos artigos 11 e 12 do Decreto-Lei nº 200, de 25 de fevereiro de 1967, regulamentado pelo Decreto nº 83.937, de 6 de setembro de 1979, resolve:</p><p>Art. 1º Ficam delegadas ao Chefe da Divisão de Gestão de Pessoas (Digep) da Superintendência Regional da Receita Federal do Brasil da 1ª Região Fiscal (SRRF01):</p><p>I - as competências previstas no inciso VI do art. 336, no inciso II do art. 359 e nos incisos VIII e IX do art. 364 do Regimento Interno da Secretaria Especial da Receita Federal do Brasil (RFB), aprovado pela Portaria ME nº 284, de 27 de julho de 2020, com o propósito de:</p><p>a) aprovar o planejamento anual e a execução das ações de capacitação programadas para a SRRF01 ou para as unidades e subunidades a ela vinculadas;</p><p>b) decidir sobre a concessão dos direitos, das vantagens, das indenizações, das gratificações e dos benefícios a seguir, para os servidores em exercício nas unidades e subunidades localizadas na 1ª Região Fiscal:</p><p>1. abono de permanência;</p><p>2. averbação de tempo de serviço;</p><p>3. auxílio-funeral; e</p><p>4. licença prêmio por assiduidade.</p><p>c) conceder ajuda de custo ao pessoal da SRRF01 e das Unidades Administrativas a ela vinculadas conforme o Anexo XIII da Portaria ME nº 284, de 2020, na forma da legislação vigente, até o limite de R$ 50.000,00 (cinquenta mil reais);</p><p>d) aplicar a legislação de pessoal, ressalvadas as competências previstas em legislação específica, aos servidores diretamente subordinados à SRRF01; e</p><p>e) dar exercício a servidores diretamente subordinados à SRRF01, inclusive em decorrência de nomeação para cargo efetivo ou em comissão, ou designados para função de confiança, além de localizá-los nas unidades da respectiva jurisdição.</p><p>II - as competências para:</p><p>a) expedir declaração para fins de prova quanto a exercício de servidor na SRRF01, ou para fins de apresentação de servidor a autoridades administrativas ou judiciais, em caso de intimação ou convocação;</p><p>b) requisitar inspeção médica de servidor, em conformidade com os artigos 206 e 206-A da Lei nº 8.112, de 11 de dezembro de 1990; e</p><p>c) assinar os Termos de Compromisso de Estágio e demais documentações necessárias, na posição de Concedente, da SRRF01.</p><p>Art. 2º Fica subdelegada ao Chefe da Digep da SRRF01 e aos Delegados da Receita Federal do Brasil da 1ª Região Fiscal (1ª RF):</p><p>I - a competência estabelecida na Portaria SRF nº 1.235, de 11 de dezembro de 2006, com o propósito de reconhecer ao servidor estudante e ao servidor portador de deficiência em exercício, respectivamente, na SRRF01 e nas Unidades Administrativas, o direito de que trata o art. 98 da Lei nº 8.112, de 1990, para cumprir jornada em horário especial;</p><p>II - a competência prevista no art. 6º da Portaria RFB nº 631, de 20 de maio de 2013, para autorizar a participação de servidores em exercício, respectivamente, na SRRF01 e nas Unidades Administrativas, em eventos promovidos pelas respectivas entidades representativas de classe, nos termos da Instrução Normativa MPDG/SGP nº 2, de 12 de setembro de 2018; e</p><p>III - a competência prevista no art. 8º da Portaria RFB nº 56, de 16 de agosto de 2021, para declarar a necessidade de serviço e autorizar a interrupção de férias de servidores em exercício, respectivamente, na SRRF01 e nas unidades, de acordo com o disposto no art. 80 da Lei nº 8.112, de 1990.</p><p>Art. 3º Fica delegada competência aos Delegados da Receita Federal do Brasil da 1ª RF para, em relação aos servidores a eles subordinados, decidir sobre a concessão:</p><p>I - da indenização de transporte de que trata o Decreto nº 3.184, de 27 de setembro de 1999; e</p><p>II - da indenização de localidade estratégica prevista na Lei nº 12.855, de 2 de setembro de 2013, regulamentada pelo Decreto nº 9.227, de 6 de dezembro de 2017.</p><p>Parágrafo único. A concessão de que trata o inciso II do caput será efetuada mediante edição de portaria específica, publicada no Boletim de Serviço da RFB.</p><p>Art. 4º Em caso de ausência ou impedimento do titular do cargo, as competências estabelecidas nesta Portaria serão exercidas por seu substituto eventual.</p><p>Art. 5º As competências delegadas por esta Portaria podem ser exercidas pela autoridade delegante a qualquer tempo e a seu critério, independentemente de avocação expressa, sem que isso implique revogação total ou parcial da delegação.</p><p>Art. 6º Os atos praticados no exercício das delegações previstas nesta Portaria deverão mencioná-la expressamente, junto da respectiva assinatura.</p><p>Art. 7º Ficam convalidados todos os atos praticados pelas autoridades designadas até a entrada em vigor desta Portaria, que tenham apresentado exclusivamente vício de competência em sua expedição.</p><p>Art. 8º Fica revogada a Portaria SRRF01 nº 84, de 29 de setembro de 2021.</p><p>Art. 9º Esta Portaria entra em vigor na data de sua publicação no Diário Oficial da União e produz efeitos a partir de 1º de setembro de 2022.</p><p class="assina">ANTONIO HENRIQUE LINDEMBERG BALTAZAR</p>]]></Texto>
  </body>
  <Midias />
</article></xml>