﻿<xml><article id="27735127" name="resolucao_2811_2022 COINS GGFIS" idOficio="9057316" pubName="DO1" artType="Resolução" pubDate="30/08/2022" artClass="00026:00034:00016:00006:00000:00000:00000:00000:00000:00000:00064:32811" artCategory="Ministério da Saúde/Agência Nacional de Vigilância Sanitária/4ª Diretoria/Gerência-Geral de Inspeção e Fiscalização Sanitária" artSize="12" artNotes="" numberPage="276" pdfPage="http://pesquisa.in.gov.br/imprensa/jsp/visualiza/index.jsp?data=30/08/2022&amp;jornal=515&amp;pagina=276" editionNumber="165" highlightType="" highlightPriority="" highlight="" highlightimage="" highlightimagename="" idMateria="19839981">
  <body>
    <Identifica><![CDATA[ RESOLUÇÃO-RE Nº 2.811, DE 25 DE AGOSTO DE 2022]]></Identifica>
    <Data><![CDATA[]]></Data>
    <Ementa />
    <Titulo />
    <SubTitulo />
    <Texto><![CDATA[<p class="identifica">RESOLUÇÃO-RE Nº 2.811, DE 25 DE AGOSTO DE 2022</p><p>A Gerente-Geral de Inspeção e Fiscalização Sanitária, no uso das atribuições que lhe confere o art. 140, aliado ao art. 203, I, § 1º do Regimento Interno aprovado pela Resolução de Diretoria Colegiada - RDC nº 585, de 10 de dezembro de 2021;</p><p>Considerando a necessidade de atualização na Certificação de Boas Práticas de Fabricação, prevista no art. 12, caput da Resolução de Diretoria Colegiada - RDC nº 102, de 24 de agosto de 2016, resolve:</p><p>Art. 1º Alterar a empresa solicitante na certificação da empresa Lonza AG, na Resolução - RE nº. 452, de 10 de fevereiro de 2022, publicada no Diário Oficial da União nº 31, de 14 de fevereiro de 2022, seção 1, página 99, DE Sandoz do Brasil Indústria Farmacêutica Ltda CNPJ: 61.286.647/0001-16, Autorização de Funcionamento 1.00.047-2; PARA Novartis Biociências SA, CNPJ: 56.994.502/0001-30, Autorização de Funcionamento 1.00068-51, conforme expedientes nº 2923848/21-7 e 4352875/22-8.</p><p>Art. 2º Esta Resolução entra em vigor na data de sua publicação.</p><p class="assina">ANA CAROLINA MOREIRA MARINO ARAUJO</p>]]></Texto>
  </body>
  <Midias />
</article></xml>