﻿<xml><article id="27744136" name="Res_REA_12.546_2022_SCT" idOficio="9059096" pubName="DO1" artType="Resolução" pubDate="30/08/2022" artClass="00023:00029:00020:00000:00000:00000:00000:00000:00000:00000:00064:00000" artCategory="Ministério de Minas e Energia/Agência Nacional de Energia Elétrica/Diretoria Colegiada da ANEEL" artSize="12" artNotes="" numberPage="224" pdfPage="http://pesquisa.in.gov.br/imprensa/jsp/visualiza/index.jsp?data=30/08/2022&amp;jornal=515&amp;pagina=224" editionNumber="165" highlightType="" highlightPriority="" highlight="" highlightimage="" highlightimagename="" idMateria="19842436">
  <body>
    <Identifica><![CDATA[ RESOLUÇÃO AUTORIZATIVA Nº 12.546, DE 23 DE AGOSTO DE 2022]]></Identifica>
    <Data><![CDATA[]]></Data>
    <Ementa />
    <Titulo />
    <SubTitulo />
    <Texto><![CDATA[<p class="identifica">RESOLUÇÃO AUTORIZATIVA Nº 12.546, DE 23 DE AGOSTO DE 2022</p><p>O DIRETOR-GERAL DA AGÊNCIA NACIONAL DE ENERGIA ELÉTRICA - ANEEL, com base no art. 16, IV, do Regimento Interno da ANEEL, resolve:</p><p>Processo: 48500.004491/2021-96. Interessada Centrais Elétricas do Norte do Brasil S/A Eletronorte. Objeto: Autorizar Centrais Elétricas do Norte do Brasil S/A Eletronorte, Contrato de Concessão nº 58/2001, a implantar os reforços em instalação de transmissão sob sua responsabilidade e estabelece os valores das correspondentes parcelas da Receita Anual Permitida. A íntegra desta Resolução e seus Anexos constam dos autos e estão disponíveis em http://biblioteca.aneel.gov.br .</p><p class="assina">SANDOVAL DE ARAÚJO FEITOSA</p>]]></Texto>
  </body>
  <Midias />
</article></xml>