﻿<xml><article id="27738284" name="ADE7NIU10" idOficio="9058038" pubName="DO1" artType="Ato Declaratório" pubDate="30/08/2022" artClass="00015:00045:00432:00099:00011:00000:00000:00000:00000:00000:00007:00000" artCategory="Ministério da Economia/Secretaria Especial da Receita Federal do Brasil/Subsecretaria-Geral da Receita Federal do Brasil/Superintendência Regional da 7ª Região Fiscal/Delegacia da Receita Federal do Brasil em Nova Iguaçu" artSize="12" artNotes="" numberPage="84" pdfPage="http://pesquisa.in.gov.br/imprensa/jsp/visualiza/index.jsp?data=30/08/2022&amp;jornal=515&amp;pagina=84" editionNumber="165" highlightType="" highlightPriority="" highlight="" highlightimage="" highlightimagename="" idMateria="19840916">
  <body>
    <Identifica><![CDATA[ ATO DECLARATORIO EXECUTIVO Nº 10, DE 23 DE AGOSTO DE 2022]]></Identifica>
    <Data><![CDATA[]]></Data>
    <Ementa><![CDATA[ (Concede Registro Especial para Engarrafador de Bebidas) Contribuinte: UNDERBERG DO BRASIL INDUSTRIA DE BEBIDAS LTDA Endereço: Rua XIV Mangueiras, 000, Lote 20 CEP: 26.900-000 - Mangueiras - Miguel Pereira - RJ CNPJ: 08.147.535/0002-82  Processos: 13113.130993/2022-31]]></Ementa>
    <Titulo />
    <SubTitulo />
    <Texto><![CDATA[<p class="identifica">ATO DECLARATORIO EXECUTIVO Nº 10, DE 23 DE AGOSTO DE 2022</p><p class="ementa">(Concede Registro Especial para Engarrafador de Bebidas) Contribuinte: UNDERBERG DO BRASIL INDUSTRIA DE BEBIDAS LTDA Endereço: Rua XIV Mangueiras, 000, Lote 20 CEP: 26.900-000 - Mangueiras - Miguel Pereira - RJ CNPJ: 08.147.535/0002-82 Processos: 13113.130993/2022-31</p><p>O DELEGADO DA RECEITA FEDERAL DO BRASIL EM NOVA IGUAÇU, de acordo com o disposto no artigo 302 do Regimento Interno da Secretaria da Receita Federal do Brasil, aprovado pela Portaria MF nº 203, de 14 de maio de 2012, e o inciso II do § 1º do artigo 2º da Instrução Normativa RFB nº 1.432, de 26 de dezembro de 2013, declara:</p><p>Art. 1º Que, em conformidade com os termos do despacho de 23/08/2022, exarado nos processo administrativo nº 13113.130993/2022-31, fica o estabelecimento acima identificado, já inscrito como Engarrafador de Bebidas sob o nº 07105/0037, no REGISTRO ESPECIAL previsto no art. 1º do Decreto-Lei nº 1.593, de 21 de dezembro de 1977, regulamentado pela IN RFB nº 1.432, de 26 de dezembro de 2013, conforme o processo nº 10100.003044/1118-63, apto para realizar operações de engarrafamento dos seguintes produtos:</p><p>PRODUTO TIPO MARCA VOLUME DA GARRAFA</p><p>BEBIDA ALCOÓLICA POR MISTURA LICOR GURKTALER 700 ML</p><p>BEBIDA ALCOÓLICA RETIFICADA GIN SEMPER 750 ML</p><p>Art. 2º - Este Ato entrará em vigor na data de sua publicação no Diário Oficial da União.</p><p class="assina">LUIZ CARLOS DE ARAUJO</p>]]></Texto>
  </body>
  <Midias />
</article></xml>