﻿<xml><article id="27740279" name="DESPACHO SG NA 1230 1231 1233 (B" idOficio="9058461" pubName="DO1" artType="Despacho" pubDate="30/08/2022" artClass="00020:00036:00018:00000:00000:00000:00000:00000:00000:00000:00024:00000" artCategory="Ministério da Justiça e Segurança Pública/Conselho Administrativo de Defesa Econômica/Superintendência-Geral" artSize="12" artNotes="" numberPage="218" pdfPage="http://pesquisa.in.gov.br/imprensa/jsp/visualiza/index.jsp?data=30/08/2022&amp;jornal=515&amp;pagina=218" editionNumber="165" highlightType="" highlightPriority="" highlight="" highlightimage="" highlightimagename="" idMateria="19841463">
  <body>
    <Identifica><![CDATA[DESPACHOs  DE 24 DE AGOSTO DE 2022]]></Identifica>
    <Data><![CDATA[]]></Data>
    <Ementa />
    <Titulo />
    <SubTitulo />
    <Texto><![CDATA[<p class="identifica">DESPACHOs DE 24 DE AGOSTO DE 2022</p><p>Nº 1.230 - Ato de Concentração nº 08700.005965/2022-27; Requerentes: New Co SAB 310 e GreenYellow SAS. Advogados: José Carlos Berardo, Maria Luiza Miranda Giraldi, Fabricio A. Cardim de Almeida e outros. Decido pela aprovação sem restrições.</p><p>Nº 1.231/2022</p><p>Ato de Concentração nº 08700.005806/2022-22; Requerentes: CMA CGM S.A. e Marfret Compagnie Maritime S.A.S. Advogadas: Karen Ruback, Letícia Barros e Taís Baldini. Decido pela aprovação sem restrições.</p><p>Nº 1.233/2022</p><p>Ato de Concentração nº 08700.005555/2022-86. Requerentes: Nutrien Ltd., Casa do Adubo S.A., Casal Comércio e Serviços Ltda., Estevão Participações Ltda. e Selfos SP Participações S.A. Advogados: Leonardo Rocha e Silva, José Rubens Battazza Iasbech, José Carlos Berardo e Elen Lizas. Decido pela aprovação sem restrições.</p><p class="assina">Alexandre Barreto de Souza</p><p class="cargo">Superintendente-Geral</p>]]></Texto>
  </body>
  <Midias />
</article></xml>