﻿<xml><article id="27748875" name="PORTARIA NA 641" idOficio="9059953" pubName="DO1" artType="Portaria" pubDate="30/08/2022" artClass="00007:00047:00000:00000:00000:00000:00000:00000:00000:00000:00054:00000" artCategory="Ministério da Agricultura, Pecuária e Abastecimento/Secretaria de Defesa Agropecuária" artSize="12" artNotes="" numberPage="3" pdfPage="http://pesquisa.in.gov.br/imprensa/jsp/visualiza/index.jsp?data=30/08/2022&amp;jornal=515&amp;pagina=3" editionNumber="165" highlightType="" highlightPriority="" highlight="" highlightimage="" highlightimagename="" idMateria="19843705">
  <body>
    <Identifica><![CDATA[PORTARIA SDA Nº 641, DE 25 DE AGOSTO DE 2022]]></Identifica>
    <Data><![CDATA[]]></Data>
    <Ementa><![CDATA[                                                                                      Altera dispositivos da Portaria SDA nº 492, de 23 de dezembro de 2021, que cria o Banco de Auditores do SUASA. ]]></Ementa>
    <Titulo />
    <SubTitulo />
    <Texto><![CDATA[<p class="identifica">PORTARIA SDA Nº 641, DE 25 DE AGOSTO DE 2022</p><p class="ementa">Altera dispositivos da Portaria SDA nº 492, de 23 de dezembro de 2021, que cria o Banco de Auditores do SUASA.</p><p>O<strong>SECRETÁRIO DE DEFESA AGROPECUÁRIA,</strong>DO MINISTÉRIO DA AGRICULTURA, PECUÁRIA E ABASTECIMENTO, no uso das atribuições que lhe conferem os arts. 24 e 68, do Anexo I, do Decreto nº 10.827, de 30 de setembro de 2021, tendo em vista o disposto nos arts. 27-A, 28-A e 29-A da Lei nº 8.171, de 17 de janeiro de 1991, no Decreto nº 5.741, de 30 de março de 2006, e o que consta dos Processos SEI nº 21000.028291/2020-22, 21000.039735/2020-55 e 21000.007728/2022-56 resolve:</p><p>Art. 1º A Portaria SDA nº 492, de 23 de dezembro de 2021, passa a vigorar com as seguintes alterações:</p><p>"Art. 1º Fica criado o Banco de Auditores da Defesa Agropecuária, com o objetivo de contribuir com as atividades de auditoria e monitoramento do Sistema Unificado de Atenção à Sanidade Agropecuária SUASA" (NR)</p><p>"Art. 2º ...........................................................................................</p><p>...........................................................................................</p><p>V - declarar disponibilidade para participação em auditorias de, no mínimo, 40 (quarenta) horas anuais; e</p><p>.........................................................................................</p><p>§ 2º Os agentes públicos que atuam na área de defesa agropecuária dos Estados e do Distrito Federal, que venham a integrar o Banco de Auditores, participarão exclusivamente das auditorias do Sistema Brasileiro de Inspeção de Produtos e Insumos Agropecuários de que trata o § 2º do art. 153 do Decreto nº 5.741, de 30 de março de 2006.</p><p>............................................................................................" (NR)</p><p>"Art. 4º .......................................................................................</p><p>....................................................................</p><p>III - autorização da chefia imediata; e</p><p>...................................................................."(NR)</p><p>"Art. 13 ...........................................................................</p><p>§ 1º Os Departamentos da Secretaria de Defesa Agropecuária poderão nomear peritos, se necessário, para apoio operacional das auditorias gerais e específicas.</p><p>§ 2º Os peritos de que trata o §1º deverão ser cadastrados por meio de formulário específico do Banco de Auditores." (NR)</p><p>Art. 2º Esta Portaria entra em vigor em 1º de outubro de 2022.</p><p class="assina">JOSÉ GUILHERME TOLLSTADIUS LEAL</p>]]></Texto>
  </body>
  <Midias />
</article></xml>