﻿<xml><article id="27735121" name="resolucao_2812_2022 COINS GGFIS" idOficio="9057316" pubName="DO1" artType="Resolução" pubDate="30/08/2022" artClass="00026:00034:00016:00006:00000:00000:00000:00000:00000:00000:00064:32812" artCategory="Ministério da Saúde/Agência Nacional de Vigilância Sanitária/4ª Diretoria/Gerência-Geral de Inspeção e Fiscalização Sanitária" artSize="12" artNotes="" numberPage="276" pdfPage="http://pesquisa.in.gov.br/imprensa/jsp/visualiza/index.jsp?data=30/08/2022&amp;jornal=515&amp;pagina=276" editionNumber="165" highlightType="" highlightPriority="" highlight="" highlightimage="" highlightimagename="" idMateria="19839983">
  <body>
    <Identifica><![CDATA[ RESOLUÇÃO-RE Nº 2.812, DE 25 DE AGOSTO DE 2022]]></Identifica>
    <Data><![CDATA[]]></Data>
    <Ementa />
    <Titulo />
    <SubTitulo />
    <Texto><![CDATA[<p class="identifica">RESOLUÇÃO-RE Nº 2.812, DE 25 DE AGOSTO DE 2022</p><p>A Gerente-Geral de Inspeção e Fiscalização Sanitária, no uso das atribuições que lhe confere o art. 140, aliado ao art. 203, I, § 1º do Regimento Interno aprovado pela Resolução de Diretoria Colegiada - RDC nº 585, de 10 de dezembro de 2021;</p><p>Considerando o cumprimento dos requisitos de Boas Práticas de Fabricação preconizados em legislação vigente, para a área de Insumos Farmacêuticos, resolve:</p><p>Art. 1º Conceder à(s) empresa(s) constante(s) no anexo, a Certificação de Boas Práticas de Fabricação de Insumos Farmacêuticos Ativos.</p><p>Art. 2º A presente Certificação tem validade de 2 (dois) anos a partir da sua publicação.</p><p>Art. 3º Esta Resolução entra em vigor na data de sua publicação.</p><p class="assina">ANA CAROLINA MOREIRA MARINO ARAUJO</p><p>ANEXO</p><p>Fabricante: Biocon Biologics Limited</p><p>Endereço: Block No. B1, B2, B3, Q13 of Q1 and W20 &amp; Unit S18, 1st Floor, Block B4, Special Economic Zone Plot NOs. 2,3,4 &amp; 5, Phase IV, Bommasandra - Jigani Link Road, Bommasandra Post, Bengaluru - 560 099</p><p>País: Índia Código único: A.000106</p><p>Solicitante: Equilíbrio Comércio de Produtos Farmacêuticos Eireli CNPJ: 05.215.461/0001-03</p><p>Expediente(s): 8429060/21-9</p><p>Certificado de Boas Práticas de Fabricação de Insumos Farmacêuticos Ativos:</p><p>Insumos farmacêuticos ativos biológicos: bevacizumabe</p><p>----------------------------------------------------------------------------------------------------</p><p>Fabricante: Octapharma Pharmazeutika Produktionsges. m.b.H.</p><p>Endereço: Oberlaaer Strasse 235, A-1100 Viena</p><p>País: Áustria Código Único: A.000456</p><p>Solicitante: Octapharma Brasil Ltda. CNPJ: 02.552.927/0001-60</p><p>Expediente(s): 0696095/22-0</p><p>Certificado de Boas Práticas de Fabricação de Insumos Farmacêuticos Ativos:</p><p>Insumos farmacêuticos ativos biológicos: albumina humana, fator VIII de coagulação, fator IX de coagulação, fator II, fator VII, fator IX complexo humano, fator X (complexo protrombínico). imunoglobulina humana, fator de von Willebrand, fibrinogênio e mistura de plasma humano vírus inativado.</p>]]></Texto>
  </body>
  <Midias />
</article></xml>