﻿<xml><article id="27743032" name="Atos Declaratorios CVM 20.112 a " idOficio="9058929" pubName="DO1" artType="Ato Declaratório" pubDate="30/08/2022" artClass="00015:00047:00012:00020:00003:00000:00000:00000:00000:00000:00007:00000" artCategory="Ministério da Economia/Comissão de Valores Mobiliários/Superintendência-Geral/Superintendência de Supervisão de Investidores Institucionais/Gerência de Acompanhamento de Investidores Institucionais" artSize="12" artNotes="" numberPage="87" pdfPage="http://pesquisa.in.gov.br/imprensa/jsp/visualiza/index.jsp?data=30/08/2022&amp;jornal=515&amp;pagina=87" editionNumber="165" highlightType="" highlightPriority="" highlight="" highlightimage="" highlightimagename="" idMateria="19842152">
  <body>
    <Identifica><![CDATA[ ATOS DECLARATÓRIOS CVM DE 29 DE AGOSTO DE 2022]]></Identifica>
    <Data><![CDATA[]]></Data>
    <Ementa />
    <Titulo />
    <SubTitulo />
    <Texto><![CDATA[<p class="identifica">ATOS DECLARATÓRIOS CVM DE 29 DE AGOSTO DE 2022</p><p>Nº 20.112 - O Gerente de Acompanhamento de Investidores Institucionais da Comissão de Valores Mobiliários, no uso da competência dada pela Resolução CVM nº 24, de 5 de março de 2021, autoriza TULIO NOGUEIRA MENEZES FERREIRA, CPF nº 105.678.266-86, a prestar os serviços de Administrador de Carteira de Valores Mobiliários previstos na Resolução CVM nº 21, de 25 de fevereiro de 2021.</p><p>Nº 20.113 - O Gerente de Acompanhamento de Investidores Institucionais da Comissão de Valores Mobiliários, no uso da competência dada pela Resolução CVM nº 24, de 5 de março de 2021, autoriza ANTONIO CARLOS MARTINS DE SIQUEIRA, CPF nº 305.120.798-54, a prestar os serviços de Administrador de Carteira de Valores Mobiliários previstos na Resolução CVM nº 21, de 25 de fevereiro de 2021.</p><p>Nº 20.114 - O Gerente de Acompanhamento de Investidores Institucionais da Comissão de Valores Mobiliários, no uso da competência dada pela Resolução CVM nº 24, de 5 de março de 2021, autoriza RAFAEL DANIGNO DE PAULA E SILVA, CPF nº 006.748.881-11, a prestar os serviços de Administrador de Carteira de Valores Mobiliários previstos na Resolução CVM nº 21, de 25 de fevereiro de 2021.</p><p class="assina">ARTUR PEREIRA DE SOUZA</p>]]></Texto>
  </body>
  <Midias />
</article></xml>