﻿<xml><article id="27742330" name="DOU (26.08.2022)" idOficio="9058811" pubName="DO1" artType="Ação Direta de Inconstitucionalidade e Ação Declaratória de Constitucionalidade" pubDate="30/08/2022" artClass="00047:00001:00003:00000:00000:00000:00000:00000:00000:00000:00001:00000" artCategory="Poder Judiciário/Supremo Tribunal Federal/Plenário" artSize="12" artNotes="" numberPage="403" pdfPage="http://pesquisa.in.gov.br/imprensa/jsp/visualiza/index.jsp?data=30/08/2022&amp;jornal=515&amp;pagina=403" editionNumber="165" highlightType="" highlightPriority="" highlight="" highlightimage="" highlightimagename="" idMateria="19841975">
  <body>
    <Identifica><![CDATA[ DECISÕES]]></Identifica>
    <Data><![CDATA[]]></Data>
    <Ementa />
    <Titulo />
    <SubTitulo />
    <Texto><![CDATA[<p class="identifica">DECISÕES</p><p>Ação Direta de Inconstitucionalidade e</p><p>Ação Declaratória de Constitucionalidade</p><p>(Publicação determinada pela Lei nº 9.868, de 10.11.1999)</p><p>ACÓRDÃOS</p><p /><p></p><table><tr><td rowspan="1" colspan="3"><p><strong>AÇÃO DIRETA DE INCONSTITUCIONALIDADE 7.104</strong></p></td><td rowspan="1" colspan="1"><p><strong>(1)</strong></p></td></tr><tr><td rowspan="1" colspan="1"><p>ORIGEM</p></td><td rowspan="1" colspan="1"><p>:</p></td><td rowspan="1" colspan="2"><p>7104 - SUPREMO TRIBUNAL FEDERAL</p></td></tr><tr><td rowspan="1" colspan="1"><p>PROCED.</p></td><td rowspan="1" colspan="1"><p>:</p></td><td rowspan="1" colspan="2"><p>RIO DE JANEIRO</p></td></tr><tr><td rowspan="1" colspan="1"><p><strong>RELATOR</strong></p></td><td rowspan="1" colspan="1"><p><strong>:</strong></p></td><td rowspan="1" colspan="2"><p><strong>MIN. EDSON FACHIN</strong></p></td></tr><tr><td rowspan="1" colspan="1"><p>REQTE.(S)</p></td><td rowspan="1" colspan="1"><p>:</p></td><td rowspan="1" colspan="2"><p>ASSOCIACAO NACIONAL DAS UNIVERSIDADES PARTICULARES</p></td></tr><tr><td rowspan="1" colspan="1"><p>ADV.(A/S)</p></td><td rowspan="1" colspan="1"><p>:</p></td><td rowspan="1" colspan="2"><p>DYOGO CESAR BATISTA VIANA PATRIOTA (19397/DF, 87553A/RS, 241286/SP) E OUTRO(A/S)</p></td></tr><tr><td rowspan="1" colspan="1"><p>REQTE.(S)</p></td><td rowspan="1" colspan="1"><p>:</p></td><td rowspan="1" colspan="2"><p>CONFEDERAÇÃO NACIONAL DOS ESTABELECIMENTOS DE ENSINO - CONFENEN</p></td></tr><tr><td rowspan="1" colspan="1"><p>ADV.(A/S)</p></td><td rowspan="1" colspan="1"><p>:</p></td><td rowspan="1" colspan="2"><p>RICARDO ADOLPHO BORGES DE ALBUQUERQUE (11110/DF)</p></td></tr><tr><td rowspan="1" colspan="1"><p>INTDO.(A/S)</p></td><td rowspan="1" colspan="1"><p>:</p></td><td rowspan="1" colspan="2"><p>ASSEMBLEIA LEGISLATIVA DO ESTADO DO RIO DE JANEIRO</p></td></tr><tr><td rowspan="1" colspan="1"><p>ADV.(A/S)</p></td><td rowspan="1" colspan="1"><p>:</p></td><td rowspan="1" colspan="2"><p>PROCURADOR-GERAL DA ASSEMBLEIA LEGISLATIVA DO ESTADO DO RIO DE JANEIRO</p></td></tr><tr><td rowspan="1" colspan="1"><p>INTDO.(A/S)</p></td><td rowspan="1" colspan="1"><p>:</p></td><td rowspan="1" colspan="2"><p>GOVERNADOR DO ESTADO DO RIO DE JANEIRO</p></td></tr><tr><td rowspan="1" colspan="1"><p>PROC.(A/S)(ES)</p></td><td rowspan="1" colspan="1"><p>:</p></td><td rowspan="1" colspan="2"><p>PROCURADOR-GERAL DO ESTADO DO RIO DE JANEIRO</p></td></tr></table><p>Decisão: O Tribunal, por unanimidade, julgou procedente o pedido formulado na ação direta de inconstitucionalidade e, por consequência, declarou a inconstitucionalidade do art. 6º, caput, e parágrafo único, da Lei estadual 8.915/2020, do Estado do Rio de Janeiro, nos termos do voto do Relator. Plenário, Sessão Virtual de 1.7.2022 a 5.8.2022.</p><p>Ementa: AÇÃO DIRETA DE INCONSTITUCIONALIDADE. DIREITO CONSTITUCIONAL E OUTRAS MATÉRIAS DE DIREITO PÚBLICO. LEI 8.915/2020 DO ESTADO DO RIO DE JANEIRO. LEI 9.870/1999. OBRIGAÇÃO DE RENOVAÇÃO DE MATRÍCULA DE ESTUDANTES INADIMPLENTES E VEDAÇÃO DA COBRANÇA DE JUROS, MULTAS, CORREÇÃO MONETÁRIA, OU OUTROS ENCARGOS MONETÁRIOS. INVASÃO DA COMPETÊNCIA DA UNIÃO PARA LEGISLAR SOBRE DIREITO CIVIL. VIOLAÇÃO AO PRINCÍPIO DA LIVRE INICIATIVA E AO ATO JURÍDICO PERFEITO. PROCEDÊNCIA.</p><p>1. Normas estaduais que impeçam as instituições de ensino de recusarem a matrícula de estudantes inadimplentes, e também de cobrar juros, multas, correção monetária ou quaisquer outros encargos, violam a competência privativa da União para legislar sobre direito civil (Art. 22, I, da CRFB), conforme precedentes da Corte.</p><p>2. Pedido julgado procedente, a fim de declarar a inconstitucionalidade do Art. 6º, caput e parágrafo único, da Lei 8.915/2020, do Estado do Rio de Janeiro.</p><p /><p></p><table><tr><td rowspan="1" colspan="3"><p><strong>AÇÃO DIRETA DE INCONSTITUCIONALIDADE 7.179</strong></p></td><td rowspan="1" colspan="1"><p><strong>(2)</strong></p></td></tr><tr><td rowspan="1" colspan="1"><p>ORIGEM</p></td><td rowspan="1" colspan="1"><p>:</p></td><td rowspan="1" colspan="2"><p>01207559520221000000 - SUPREMO TRIBUNAL FEDERAL</p></td></tr><tr><td rowspan="1" colspan="1"><p>PROCED.</p></td><td rowspan="1" colspan="1"><p>:</p></td><td rowspan="1" colspan="2"><p>RIO DE JANEIRO</p></td></tr><tr><td rowspan="1" colspan="1"><p><strong>RELATOR</strong></p></td><td rowspan="1" colspan="1"><p><strong>:</strong></p></td><td rowspan="1" colspan="2"><p><strong>MIN. EDSON FACHIN</strong></p></td></tr><tr><td rowspan="1" colspan="1"><p>REQTE.(S)</p></td><td rowspan="1" colspan="1"><p>:</p></td><td rowspan="1" colspan="2"><p>CONFEDERAÇÃO NACIONAL DOS ESTABELECIMENTOS DE ENSINO - CONFENEN</p></td></tr><tr><td rowspan="1" colspan="1"><p>ADV.(A/S)</p></td><td rowspan="1" colspan="1"><p>:</p></td><td rowspan="1" colspan="2"><p>RICARDO ADOLPHO BORGES DE ALBUQUERQUE (11110/DF)</p></td></tr><tr><td rowspan="1" colspan="1"><p>INTDO.(A/S)</p></td><td rowspan="1" colspan="1"><p>:</p></td><td rowspan="1" colspan="2"><p>GOVERNADOR DO ESTADO DO RIO DE JANEIRO</p></td></tr><tr><td rowspan="1" colspan="1"><p>PROC.(A/S)(ES)</p></td><td rowspan="1" colspan="1"><p>:</p></td><td rowspan="1" colspan="2"><p>PROCURADOR-GERAL DO ESTADO DO RIO DE JANEIRO</p></td></tr><tr><td rowspan="1" colspan="1"><p>INTDO.(A/S)</p></td><td rowspan="1" colspan="1"><p>:</p></td><td rowspan="1" colspan="2"><p>ASSEMBLEIA LEGISLATIVA DO ESTADO DO RIO DE JANEIRO</p></td></tr><tr><td rowspan="1" colspan="1"><p>ADV.(A/S)</p></td><td rowspan="1" colspan="1"><p>:</p></td><td rowspan="1" colspan="2"><p>PROCURADOR-GERAL DA ASSEMBLEIA LEGISLATIVA DO ESTADO DO RIO DE JANEIRO</p></td></tr></table><p>Decisão: O Tribunal, por unanimidade, julgou procedente o pedido formulado na ação direta de inconstitucionalidade e, por consequência, declarou a inconstitucionalidade do art. 6º, caput, e parágrafo único, da Lei estadual 8.915/2020, do Estado do Rio de Janeiro, nos termos do voto do Relator. Plenário, Sessão Virtual de 1.7.2022 a 5.8.2022.</p><p>Ementa: AÇÃO DIRETA DE INCONSTITUCIONALIDADE. DIREITO CONSTITUCIONAL E OUTRAS MATÉRIAS DE DIREITO PÚBLICO. LEI 8.915/2020 DO ESTADO DO RIO DE JANEIRO. LEI 9.870/1999. OBRIGAÇÃO DE RENOVAÇÃO DE MATRÍCULA DE ESTUDANTES INADIMPLENTES E VEDAÇÃO DA COBRANÇA DE JUROS, MULTAS, CORREÇÃO MONETÁRIA, OU OUTROS ENCARGOS MONETÁRIOS. INVASÃO DA COMPETÊNCIA DA UNIÃO PARA LEGISLAR SOBRE DIREITO CIVIL. VIOLAÇÃO AO PRINCÍPIO DA LIVRE INICIATIVA E AO ATO JURÍDICO PERFEITO. PROCEDÊNCIA.</p><p>1. Normas estaduais que impeçam as instituições de ensino de recusarem a matrícula de estudantes inadimplentes, e também de cobrar juros, multas, correção monetária ou quaisquer outros encargos, violam a competência privativa da União para legislar sobre direito civil (Art. 22, I, da CRFB), conforme precedentes da Corte.</p><p>2. Pedido julgado procedente, a fim de declarar a inconstitucionalidade do Art. 6º, caput e parágrafo único, da Lei 8.915/2020, do Estado do Rio de Janeiro.</p><p>Secretaria Judiciária</p><p class="assina">PATRÍCIA PEREIRA DE MOURA MARTINS</p><p class="cargo">Secretária</p>]]></Texto>
  </body>
  <Midias />
</article></xml>