﻿<xml><article id="27750649" name="Desp-1087_2022" idOficio="9060357" pubName="DO1" artType="Despacho" pubDate="30/08/2022" artClass="00023:00031:00058:00048:00000:00000:00000:00000:00000:00000:00012:00006" artCategory="Ministério de Minas e Energia/Agência Nacional do Petróleo, Gás Natural e Biocombustíveis/Diretoria I/Superintendência de Distribuição e Logística" artSize="12" artNotes="" numberPage="235" pdfPage="http://pesquisa.in.gov.br/imprensa/jsp/visualiza/index.jsp?data=30/08/2022&amp;jornal=515&amp;pagina=235" editionNumber="165" highlightType="" highlightPriority="" highlight="" highlightimage="" highlightimagename="" idMateria="19844202">
  <body>
    <Identifica><![CDATA[ DESPACHO SDL-ANP Nº 1.087, DE 29 DE AGOSTO DE 2022]]></Identifica>
    <Data><![CDATA[]]></Data>
    <Ementa />
    <Titulo />
    <SubTitulo />
    <Texto><![CDATA[<p class="identifica">DESPACHO SDL-ANP Nº 1.087, DE 29 DE AGOSTO DE 2022</p><p>O SUPERINTENDENTE DE DISTRIBUIÇÃO E LOGÍSTICA DA AGÊNCIA NACIONAL DO PETRÓLEO, GÁS NATURAL E BIOCOMBUSTÍVEIS - ANP, no uso das atribuições que lhe foram conferidas pela Portaria ANP 265, de 10 de setembro de 2020, tendo em vista o disposto na Lei 9.478, de 06 de agosto de 1997, considerando as disposições da Resolução ANP 08, de 08/03/2007, e o que consta no processo 48610.218980/2022-67, resolve: declarar habilitada a empresa TRR CATARINENSE LTDA - CNPJ 27.702.819/0001-57, como Transportador-Revendedor-Retalhista.</p><p class="assina">RUBENS CERQUEIRA FREITAS</p>]]></Texto>
  </body>
  <Midias />
</article></xml>