﻿<xml><article id="27751226" name="2022-08-29/9060530/ANMWS_1984478" idOficio="9060530" pubName="DO1" artType="Despacho" pubDate="30/08/2022" artClass="00023:00030:00039:00000:00000:00000:00000:00000:00000:00000:00024:00003" artCategory="Ministério de Minas e Energia/Agência Nacional de Mineração/Gerência Regional da ANM no Estado do Rio Grande do Sul" artSize="12" artNotes="" numberPage="229" pdfPage="http://pesquisa.in.gov.br/imprensa/jsp/visualiza/index.jsp?data=30/08/2022&amp;jornal=515&amp;pagina=229" editionNumber="165" highlightType="" highlightPriority="" highlight="" highlightimage="" highlightimagename="" idMateria="19844786">
  <body>
    <Identifica><![CDATA[Despacho]]></Identifica>
    <Data><![CDATA[]]></Data>
    <Ementa />
    <Titulo />
    <SubTitulo />
    <Texto><![CDATA[<p class="identifica">Despacho</p><p>Relação nº 124/2022</p><p>Fase de Concessão de Lavra</p><p>Nega averbação da prorrogação do contrato de arrendamento(1302)</p><p>810.640/2003-HIDROMINERADORA VIEGAS &amp; BODINI LTDA- Arrendatário:Criser Comercio de Agua Mineral Ltda</p><p>Fase de Licenciamento</p><p>Concede anuência e autoriza averbação da cessão total de direitos(749)</p><p>810.687/2012-ENEDIANE MARTINI ME- Cessionário:Leonardo Gonçalves Foletto- CNPJ 06.929.727/0001-34- Registro de Licença N° 190/2017- Vencimento da Licença: 03/11/2022</p><p class="assina">JOSE EDUARDO DA COSTA DUARTE</p><p class="cargo">Gerente Interino</p>]]></Texto>
  </body>
  <Midias />
</article></xml>