﻿<xml><article id="27736796" name="resolucao_2827_2022 GGMED" idOficio="9057699" pubName="DO1" artType="Resolução" pubDate="30/08/2022" artClass="00026:00034:00014:00008:00000:00000:00000:00000:00000:00000:00064:32827" artCategory="Ministério da Saúde/Agência Nacional de Vigilância Sanitária/2ª Diretoria/Gerência-Geral de Medicamentos" artSize="12" artNotes="" numberPage="262" pdfPage="http://pesquisa.in.gov.br/imprensa/jsp/visualiza/index.jsp?data=30/08/2022&amp;jornal=515&amp;pagina=262" editionNumber="165" highlightType="" highlightPriority="" highlight="" highlightimage="" highlightimagename="" idMateria="19840500">
  <body>
    <Identifica><![CDATA[ RESOLUÇÃO-RE Nº 2.827, DE 25 DE AGOSTO DE 2022]]></Identifica>
    <Data><![CDATA[]]></Data>
    <Ementa />
    <Titulo />
    <SubTitulo />
    <Texto><![CDATA[<p class="identifica">RESOLUÇÃO-RE Nº 2.827, DE 25 DE AGOSTO DE 2022</p><p>O Gerente-Geral de Medicamentos, no uso das atribuições que lhe confere o art. 100, aliado ao art. 203, I, § 1º do Regimento Interno aprovado pela Resolução de Diretoria Colegiada - RDC nº 585, de 10 de dezembro de 2021, resolve:</p><p>Art. 1º Cancelar o registro sanitário de medicamentos e insumos farmacêuticos, ou de apresentações, conforme anexo.</p><p>Art. 2º Esta Resolução entra em vigor a partir da data de sua publicação.</p><p class="assina">NÉLIO CEZAR DE AQUINO</p><p class="anexo">ANEXO</p><p>NOME DA EMPRESA CNPJ</p><p>PRINCIPIO(S) ATIVO(S)</p><p>NOME DO MEDICAMENTO NUMERO DO PROCESSO VENCIMENTO DO REGISTRO</p><p>ASSUNTO DA PETIÇÃO EXPEDIENTE</p><p>NUMERO DE REGISTRO VALIDADE</p><p>APRESENTAÇÃO DO PRODUTO</p><p>PRINCIPIO(S) ATIVO(S)</p><p>EUROFARMA LABORATÓRIOS S.A. 61190096000192</p><p>cloridrato de amitriptilina 25351.222724/2002-23 10/2028</p><p>10088 GENERICO - CANCELAMENTO DE REGISTRO DO MEDICAMENTO - ANVISA 4583645/22-1</p><p>1.0043.0896.001-5 24 Meses</p><p>25 MG COM REV CT BL AL PLAS TRANS X 20</p><p>HEEL DO BRASIL BIOMÉDICA LTDA 05994539000127</p><p>Sépia succus + KALI BROMATUM + ACIDUM PHOSPHORICUM + IGNATIA AMARA + ZINCUM VALERIANICUM</p><p>NERVOHEEL N 25351.343421/2005-96 07/2028</p><p>1710 DINAMIZADO - CANCELAMENTO DE REGISTRO DO MEDICAMENTO A PEDIDO 0308194/22-0</p><p>1.6198.0006.001-0 36 Meses</p><p>301,5 MG COM SUBL CT FR PLAS OPC X 50</p><p>LABORATÓRIO TEUTO BRASILEIRO S/A 17159229000176</p><p>DIPIRONA + CAFEÍNA + MALEATO DE CLORFENAMINA + DIPIRONA + DIPIRONA + DIPIRONA</p><p>NOGRIPE 25000.005811/98-32 12/2026</p><p>10087 SIMILARES - CANCELAMENTO DE REGISTRO DO MEDICAMENTO - ANVISA 4583851/22-8</p><p>1.0370.0345.001-1 24 Meses</p><p>250 MG + 30 MG (VERDE) + 250 MG + 2 MG (LARANJA) DRG CT 50 BL AL PLAS INC X 2 VERDE + 2 LARANJA 01</p><p>1.0370.0345.002-8 24 Meses</p><p>250 MG + 30 MG (VERDE) + 250 MG + 2 MG (LARANJA) DRG CT 25 BL AL PLAS INC X 2 VERDE + 2 LARANJA</p><p>1.0370.0345.003-6 24 Meses</p><p>250 MG + 30 MG (VERDE) + 250 MG + 2 MG (LARANJA) DRG CT 25 BL AL PLAS INC X 3 VERDE + 3 LARANJA</p><p>1.0370.0345.004-4 24 Meses</p><p>250 MG + 30 MG (VERDE) + 250 MG + 2 MG (LARANJA) DRG CT 50 BL AL PLAS INC X 3 VERDE + 3 LARANJA</p><p>1.0370.0345.005-2 24 Meses</p><p>250 MG + 30 MG (VERDE) + 250 MG + 2 MG (LARANJA) DRG CT 24 BL AL PLAS INC X 5 VERDE + 5 LARANJA</p><p>1.0370.0345.006-0 24 Meses</p><p>250 MG + 30 MG (VERDE) + 250 MG + 2 MG (LARANJA) DRG CT 48 BL AL PLAS INC X 5 VERDE + 5 LARANJA</p><p>1.0370.0345.007-9 24 Meses</p><p>250 MG + 30 MG (VERDE) + 250 MG + 2 MG (LARANJA) DRG CT 2 BL AL PLAS INC X 5 VERDE + 5 LARANJA</p>]]></Texto>
  </body>
  <Midias />
</article></xml>