﻿<xml><article id="27748590" name="35- Agosto - retificacao" idOficio="9059887" pubName="DO1" artType="Retificação" pubDate="30/08/2022" artClass="00028:00020:00016:00002:00000:00000:00000:00000:00000:00000:00066:00000" artCategory="Ministério do Turismo/Instituto do Patrimônio Histórico e Artístico Nacional/Departamento do Patrimônio Material e Fiscalização/Centro Nacional de Arqueologia" artSize="12" artNotes="" numberPage="291" pdfPage="http://pesquisa.in.gov.br/imprensa/jsp/visualiza/index.jsp?data=30/08/2022&amp;jornal=515&amp;pagina=291" editionNumber="165" highlightType="" highlightPriority="" highlight="" highlightimage="" highlightimagename="" idMateria="19843630">
  <body>
    <Identifica><![CDATA[ Retificações]]></Identifica>
    <Data><![CDATA[]]></Data>
    <Ementa />
    <Titulo />
    <SubTitulo />
    <Texto><![CDATA[<p class="identifica">Retificações</p><p>Na Portaria nº 46, de 12 de agosto de 2022, Seção 1, Anexo III, Página 161, Autorização nº 01, processo nº 01512.000065/2020-08, publicada em 15/08/2022, onde se lê "Arqueóloga Coordenadora: Luciana da Silva Peixoto", leia-se "Arqueólogas Coordenadoras: Luciana da Silva Peixoto e Ana Carolina Sprenger Valus."</p><p>Na Portaria nº 37, de 02 de junho de 2021, Seção 1, Anexo III, Página 175, Autorização nº 03, processo nº 01506.901512/2017-13, publicada em 07/06/2021, onde se lê "Arqueóloga Coordenadora: Lúcia de Jesus Cardoso Oliveira Juliani; Arqueólogo de campo: Vinicius Dian Martin e André Araújo da Silva", leia-se "Arqueólogo Coordenador: Valdir Luiz Schwengber"; "Arqueólogo de campo: Rodrigo Pereira Vieira".</p><p>Na Portaria nº 73, de 19 de novembro de 2021, Seção I, Página 279, Anexo IV, autorização número 16, processo nº 01450.001249/2019-15, publicada em 22/11/2021, onde se lê "Arqueóloga Coordenadora Geral: Janaína Patrício Coutinho", leia-se "Arqueólogo Coordenador Geral: Everaldo Gomes Dourado".</p>]]></Texto>
  </body>
  <Midias />
</article></xml>