﻿<xml><article id="27735061" name="resolucao_2788_2022 COPEC" idOficio="9057316" pubName="DO1" artType="Resolução" pubDate="30/08/2022" artClass="00026:00034:00014:00103:00000:00000:00000:00000:00000:00000:00064:32788" artCategory="Ministério da Saúde/Agência Nacional de Vigilância Sanitária/2ª Diretoria/Coordenação de Pesquisa Clínica em Medicamentos e Produtos Biológicos" artSize="24" artNotes="" numberPage="264" pdfPage="http://pesquisa.in.gov.br/imprensa/jsp/visualiza/index.jsp?data=30/08/2022&amp;jornal=515&amp;pagina=264" editionNumber="165" highlightType="" highlightPriority="" highlight="" highlightimage="" highlightimagename="" idMateria="19839998">
  <body>
    <Identifica><![CDATA[ RESOLUÇÃO-RE Nº 2.788, DE 24 DE AGOSTO DE 2022]]></Identifica>
    <Data><![CDATA[]]></Data>
    <Ementa />
    <Titulo />
    <SubTitulo />
    <Texto><![CDATA[<p class="identifica">RESOLUÇÃO-RE Nº 2.788, DE 24 DE AGOSTO DE 2022</p><p>O Coordenador de Pesquisa Clínica em Medicamentos e Produtos Biológicos, no uso das atribuições que lhe confere o art. 112, aliado ao art. 203, I, § 1º do Regimento Interno aprovado pela Resolução de Diretoria Colegiada - RDC nº 585, de 10 de dezembro de 2021, resolve:</p><p>Art. 1º Publicar a exclusão de protocolos clínicos de petições/processos relacionadas à Coordenação de Pesquisa Clínica em Medicamentos e Produtos Biológicos, conforme anexo.</p><p>Art. 2º Esta Resolução entra em vigor na data de sua publicação.</p><p class="assina">CLAUDIOSVAM MARTINS ALVES DE SOUSA</p><p class="anexo">ANEXO</p><p /><p></p><table><tr /><tr><td rowspan="1" colspan="1"><p><strong>Razão Social - CNPJ</strong></p></td><td rowspan="1" colspan="1"><p><strong>Nº de Processo</strong></p></td><td rowspan="1" colspan="1"><p><strong>Expediente da petição/Processo</strong></p></td><td rowspan="1" colspan="1"><p><strong>Expediente do Pedido de Exclusão</strong></p></td><td rowspan="1" colspan="1"><p><strong>Assunto</strong></p></td></tr><tr><td rowspan="1" colspan="1"><p>07.589.560/0001-72</p></td><td rowspan="1" colspan="1"><p>25351.089984/2021-43</p></td><td rowspan="1" colspan="1"><p>3213433/21-9</p></td><td rowspan="1" colspan="1"><p><strong>4536551/22-1</strong></p></td><td rowspan="1" colspan="1"><p>10478 - ENSAIOS CLÍNICOS - Anuência em Processo de Pesquisa Clínica de ORPC's - Produtos Biológicos</p></td></tr></table>]]></Texto>
  </body>
  <Midias />
</article></xml>