﻿<xml><article id="27737165" name="PORTARIA MCOM NA 6483" idOficio="9057828" pubName="DO1" artType="Portaria" pubDate="30/08/2022" artClass="00012:00002:00000:00000:00000:00000:00000:00000:00000:00000:00054:00033" artCategory="Ministério das Comunicações/Gabinete do Ministro" artSize="12" artNotes="" numberPage="20" pdfPage="http://pesquisa.in.gov.br/imprensa/jsp/visualiza/index.jsp?data=30/08/2022&amp;jornal=515&amp;pagina=20" editionNumber="165" highlightType="" highlightPriority="" highlight="" highlightimage="" highlightimagename="" idMateria="19840638">
  <body>
    <Identifica><![CDATA[ PORTARIA MCOM Nº 6.483, DE 24 DE AGOSTO DE 2022]]></Identifica>
    <Data><![CDATA[]]></Data>
    <Ementa><![CDATA[ Divulga o resultado final da Consolidação dos atos que permaneceram vigentes até 1º de agosto de 2022, realizada pelo Grupo de Trabalho de Revisão, Consolidação e Padronização de Atos Normativos no âmbito do Ministério das Comunicações, Portaria nº 1.510/SEI-MCOM, de 26 de novembro de 2021. ]]></Ementa>
    <Titulo />
    <SubTitulo />
    <Texto><![CDATA[<p class="identifica">PORTARIA MCOM Nº 6.483, DE 24 DE AGOSTO DE 2022</p><p class="ementa">Divulga o resultado final da Consolidação dos atos que permaneceram vigentes até 1º de agosto de 2022, realizada pelo Grupo de Trabalho de Revisão, Consolidação e Padronização de Atos Normativos no âmbito do Ministério das Comunicações, Portaria nº 1.510/SEI-MCOM, de 26 de novembro de 2021.</p><p>O MINISTRO DE ESTADO DAS COMUNICAÇÕES, no uso das atribuições que lhe confere o art. 87, parágrafo único, incisos I e II, da Constituição Federal, e tendo em vista o disposto no Decreto nº 9.191, de 1º de novembro de 2017, e o Decreto nº 10.139, de 28 de novembro de 2019, bem como o que consta dos autos NUP 53115.013029/2020-82, resolve:</p><p>Art. 1º Ficam mantidos os seguintes atos de Gestão:</p><p>I - a Portaria MCOM nº 6.157, de 11 de julho de 2022;</p><p>II - a Portaria MCOM nº 6.137, de 8 de julho de 2022;</p><p>III - a Portaria MCOM nº 144, de 7 de julho de 2022;</p><p>IV - a Portaria MCOM nº 6.080, de 29 de junho de 2022;</p><p>V - a Portaria MCOM nº 124, de 21 de junho de 2022;</p><p>VI - a Portaria MCOM nº 5.986, de 20 de junho de 2022;</p><p>VII - a Portaria MCOM nº 5.985, de 20 de junho de 2022;</p><p>VIII - a Portaria MCOM nº 5.983, de 20 de junho de 2022;</p><p>IX - a Portaria MCOM nº 5.790, de 27 de maio de 2022;</p><p>X - a Portaria MCOM nº 5.803, de 30 de maio de 2022;</p><p>XI - a Portaria MCOM nº 5.730, de 23 de maio de 2022;</p><p>XII - a Portaria MCOM nº 5.533, de 5 de maio de 2022;</p><p>XIII - a Portaria MCOM nº 5.437, de 28 de abril de 2022;</p><p>XIV - a Portaria MCOM nº 5.434, de 28 de abril de 2022;</p><p>XV - a Portaria MCOM nº 5.361, de 20 de abril de 2022;</p><p>XVI - a Resolução CTIR nº 3, de 2 de abril de 2022;</p><p>XVII - a Portaria MCOM nº 4.547/2021 de 28 de janeiro de 2021;</p><p>XVIII - a Portaria MCOM nº 4.549/2021 de 28 de janeiro de 2021;</p><p>XIX - a Portaria MCOM nº 4.470, de 11 de janeiro de 2022;</p><p>XX - a Portaria MCOM nº 4.401, de 28 de dezembro de 2021;</p><p>XXI - a Portaria MCOM nº 4.311, de 14 de dezembro de 2021;</p><p>XXII - a Portaria MCOM nº 4.234, de 3 de dezembro de 2021;</p><p>XXIII - a Resolução CTIR nº 1, de 3 de dezembro de 2021;</p><p>XXIV - a Portaria nº 4.093, de 17 de novembro de 2021;</p><p>XXV - a Portaria MCOM nº 4.090, de 16 de novembro de 2021;</p><p>XXVI - a Portaria nº 4.097, de 17 de novembro de 2021;</p><p>XXVII - a Portaria nº 4.042/SEI-MCOM, de 9 de novembro de 2021;</p><p>XXVIII - a Portaria MCOM nº 4.006, de 4 de novembro de 2021;</p><p>XXIX - a Portaria MCOM nº 3.948, de 26 de outubro de 2021;</p><p>XXX - a Portaria MCOM nº 3.892 de 22 de outubro de 2021;</p><p>XXXI - a Portaria MCOM nº 3.937, de 25 de outubro de 2021;</p><p>XXXII - a Portaria MCOM nº 3.893, de 20 de outubro de 2021;</p><p>XXXIII - a Portaria MCOM nº 3.857, de 14 de outubro de 2021;</p><p>XXXIV - a Portaria MCOM nº 3.858, de 14 de outubro de 2021;</p><p>XXXV - a Portaria MCOM nº 3.850, de 13 de outubro de 2021;</p><p>XXXVI - a Portaria MCOM nº 3.830, de 7 de outubro de 2021;</p><p>XXXVII - a Portaria MCOM nº 3.818, de 6 de outubro de 2021;</p><p>XXXVIII - a Portaria MCOM nº 3.724, de 24 de setembro de 2021;</p><p>XXXIX - a Portaria Interministerial MCTI/MC nº 5.188, de 16 de setembro de 2021;</p><p>XL - a Portaria nº 3.529, de 22 de setembro de 2021;</p><p>XLI - a Portaria MCOM nº 3.571, de 9 de setembro de 2021;</p><p>XLII - a Portaria MCOM nº 3.525, de 3 de setembro de 2021;</p><p>XLIII - a Portaria MCOM nº 422, de 3 de setembro de 2021;</p><p>XLIV - a Portaria MCOM nº 3.481, de 30 de agosto de 2021;</p><p>XLV - a Portaria MCOM nº 3.466, de 26 de agosto de 2021;</p><p>XLVI - a Portaria MCOM nº 3.297, de 09 de agosto de 2021;</p><p>XLVII - a Portaria MCOM nº 3.242, de 3 de agosto de 2021;</p><p>XLVIII - a Portaria nº 3.199 de 29 de julho de 2021;</p><p>XLIX - a Portaria MCOM nº 2.879, de 21 de junho de 2021;</p><p>L - a Portaria MCOM nº 2.855, de 16 de junho de 2021;</p><p>LI - a Portaria MCOM nº 2.814, de 11 de junho de 2021;</p><p>LII - a Portaria nº 2.805 de 11 de junho de 2021;</p><p>LIII - a Portaria nº 2.650 de 18 de maio de 2021;</p><p>LIV - a Portaria MCOM nº 185, de 01 de junho de 2021;</p><p>LV - a Portaria MCOM nº 2.685, de 24 de maio de 2021;</p><p>LVI - a Portaria Interministerial MCOM/ME nº 2.728, de 28 de maio de 2021;</p><p>LVII - a Portaria MCOM nº 2.729, de 28 de maio de 2021;</p><p>LVIII - a Portaria MCOM nº 2.697, de 25 de maio de 2021;</p><p>LIX - a Portaria MCOM nº 2.583, de 10 de maio de 2021;</p><p>LX - a Portaria MCOM nº 2.454, de 22 de abril de 2021;</p><p>LXI - a Portaria MCOM nº 2.462, de 23 de abril de 2021;</p><p>LXII - a Portaria nº 2.405, de 13 de abril de 2021;</p><p>LXIII - a Portaria nº 2.321, de 31 de março de 2021;</p><p>LXIV - a Portaria MCOM nº 2.388, de 12 de abril de 2021;</p><p>LXV - a Portaria MCOM nº 2.258, de 24 de março de 2021;</p><p>LXVI - a Portaria nº 67/SEI-MCOM, de 4 de março de 2021;</p><p>LXVII - a Portaria nº 2.120/SEI-MCOM, de 4 de março de 2021;</p><p>LXVIII - a Portaria nº 2.126, de 04 de março de 2021;</p><p>LXIX - a Portaria nº 2.220, de 18 de março de 2021;</p><p>LXX - a Portaria nº 2.049/sei-MCOM, de 19 de fevereiro de 2021;</p><p>LXXI - a Portaria nº 2.103/sei-MCOM, de 17 de fevereiro de 2021;</p><p>LXXII - a Portaria nº 2.014/sei-MCOM, de 17 de fevereiro de 2021;</p><p>LXXIII - a Portaria nº 1.900/sei-MCOM, de 29 de janeiro de 2021;</p><p>LXXIV - a Portaria nº 1.926/sei-MCOM, de 29 de janeiro de 2021;</p><p>LXXV - a Portaria Interministerial MCTI/MCOM nº 4.373/2021/SEI-MCTI, de 14 de janeiro de 2021;</p><p>LXXVI - a Portaria SEI-MCOM nº 1.721, de 31 de dezembro de 2020;</p><p>LXXVII - a Portaria SEI-MCOM nº 1.710, de 29 de dezembro de 2020;</p><p>LXXVIII - a Portaria nº 1.669/SEI-MCOM, de 24 de dezembro de 2020;</p><p>LXXIX - a Portaria nº 1.663/SEI-MCOM, de 23 de dezembro de 2020;</p><p>LXXX - a Portaria nº 1.603/SEI-MCOM, de 14 de dezembro de 2020;</p><p>LXXXI - a Portaria nº 1.532/SEI-MCOM, de 1º de dezembro de 2020;</p><p>LXXXII - a Portaria nº 1.510/SEI-MCOM, de 26 de novembro de 2020;</p><p>LXXXIII - a Portaria SEI-MCOM nº 1.454, de 23 de novembro de 2020;</p><p>LXXXIV - a Portaria nº 1.453/SEI-MCOM, de 23 de novembro de 2020;</p><p>LXXXV - a Portaria SEI-MCOM nº 1.443, de 20 de novembro de 2020;</p><p>LXXXVI - a Portaria nº 1.028, de 8 de outubro de 2020;</p><p>LXXXVII - a Portaria Interministerial nº 3.473, de 10 de setembro de 2020;</p><p>LXXXVIII - a Portaria nº 697, de 10 de setembro de 2020;</p><p>LXXXIX - a Portaria nº 1.917/MCTIC, de 29 de abril de 2020;</p><p>XC - a Portaria nº 374, de 29 de janeiro de 2020;</p><p>XCI - a Portaria Interministerial nº 6.095, de 4 de novembro de 2019;</p><p>XCII - a Instrução Normativa nº 9/2019, de 25 de abril de 2019;</p><p>XCIII - a Portaria nº 5.679, de 6 de novembro de 2018;</p><p>XCIV - a Portaria nº 3.063, de 12 de junho de 2018;</p><p>XCV - a Portaria nº 1.203, de 7 de março de 2018;</p><p>XCVI - a Portaria nº 940, de 22 de fevereiro de 2018;</p><p>XCVII - a Portaria nº 6.463, de 6 de novembro de 2017;</p><p>XCVIII - a Portaria nº 2.391, de 04 de maio de 2017;</p><p>XCIX - a Resolução nº 8, de 24 de novembro de 2014;</p><p>C - a Portaria nº 133, de 28 de março de 2014;</p><p>CI - a Portaria nº 349, de 12 de dezembro de 2013;</p><p>CII - a Portaria nº 277, de 17 de setembro de 2013;</p><p>CIII - a Portaria nº 276, de 17 de setembro de 2013;</p><p>CIV - a Portaria nº 462, de 12 de dezembro de 2012;</p><p>CV - a Portaria nº 210, de 13 de abril de 2012;</p><p>CVI - a Portaria nº 1.326, de 14 de dezembro de 2010;</p><p>CVII - a Portaria nº 694, de 13 de dezembro de 2007;</p><p>CVIII - a Portaria nº 296, de 15 de junho de 2007;</p><p>CIX - a Portaria nº 251, de 06 de março de 2002;</p><p>CX - a Instrução Normativa nº 1, de 14 de dezembro de 2000;</p><p>CXI - a Portaria nº 710, de 20 de novembro de 2000;</p><p>CXII - a Portaria nº 159, de 4 de maio de 2000;</p><p>CXIII - a Portaria nº 150, de 09 de setembro de 1999;</p><p>CXIV - a Instrução Normativa nº 2, de 28 de abril de 1999;</p><p>CXV - a Portaria nº 141, de 28 de abril de 1998;</p><p>CXVI - a Portaria nº 1.961, de 06 de dezembro de 1996;</p><p>CXVII - a Instrução nº 1, de 23 de abril de 1987; e</p><p>CXVIII - a Portaria nº 117, de 28 de novembro de 1985.</p><p>Art. 2º Ficam mantidos os seguintes atos da Secretaria de Radiodifusão - SERAD:</p><p>I - a Portaria MCOM nº 5.198, de 6 de abril de 2022;</p><p>II - o Aviso de Consulta Pública nº 5/2022;</p><p>III - a Portaria MCOM nº 5.256, de 12 de abril de 2022;</p><p>IV - a Portaria MCOM nº 5.254, de 11 de abril de 2022;</p><p>V - o Edital nº 30/2022;</p><p>VI - a Portaria MCOM nº 4.827, de 25 de fevereiro de 2022;</p><p>VII - a Portaria nº 4.732, de 17 de fevereiro de 2022;</p><p>VIII - o Aviso de Consulta Pública nº 1/2022;</p><p>IX - o Edital nº 4/2022/ SEI-MCOM;</p><p>X - a Portaria MCOM nº 4.561, de 1º de fevereiro de 2022;</p><p>XI - o Aviso de Chamamento Público nº 1/2022/ SEI-MCOM;</p><p>XII - a Portaria MCOM nº 4.373, de 23 de dezembro de 2021;</p><p>XIII - o Aviso de Consulta Pública nº 1/2021;</p><p>XIV - a Portaria MCOM nº 4.310, de 14 de dezembro de 2021;</p><p>XV - a Portaria MCOM nº 4.211, de 2 de dezembro de 2021;</p><p>XVI - a Portaria MCOM nº 4.149, de 24 de novembro de 2021;</p><p>XVII - o Aviso de Consulta Pública nº 4/2021;</p><p>XVIII - a Portaria MCOM nº 4.039, de 16 de novembro de 2021;</p><p>XIX - a Portaria MCOM nº 3.927, de 22 de outubro de 2021;</p><p>XX - a Portaria MCOM nº 3.865, de 15 de outubro de 2021;</p><p>XXI - a Portaria MCOM nº 3.801, de 5 de outubro de 2021;</p><p>XXII - a Portaria MCOM nº 3.567, de 13 de setembro de 2021;</p><p>XXIII - a Portaria nº 2.935, de 16 de setembro de 2021;</p><p>XXIV - a Portaria MCOM nº 3.560, de 9 de setembro de 2021;</p><p>XXV - a Portaria MCOM nº 3.561, de 9 de setembro de 2021;</p><p>XXVI - a Portaria MCOM nº 3.562, de 9 de setembro de 2021;</p><p>XXVII - a Portaria MCOM nº 3.297, de 22 de outubro de 2021;</p><p>XXVIII - a Portaria MCOM nº 3.616, de 16 de setembro de 2021;</p><p>XXIX - a Portaria MCOM nº 3.542, de 8 de setembro de 2021;</p><p>XXX - a Portaria MCOM nº 3.543, de 8 de setembro de 2021;</p><p>XXXI - a Portaria MCOM nº 3.549, de 8 de setembro de 2021;</p><p>XXXII - a Portaria MCOM nº 3.550, de 8 de setembro de 2021;</p><p>XXXIII - a Portaria MCOM nº 3.551, de 8 de setembro de 2021;</p><p>XXXIV - a Portaria MCOM nº 3.498, de 1º de setembro de 2021;</p><p>XXXV - a Portaria MCOM nº 3.384, de 17 de agosto de 2021;</p><p>XXXVI - a Portaria MCOM nº 3.420, de 20 de agosto de 2021;</p><p>XXXVII - a Portaria MCOM nº 3.324, de 12 de agosto de 2021;</p><p>XXXVIII - a Portaria MCOM nº 3.290, de 6 de agosto de 2021;</p><p>XXXIX - a Portaria MCOM nº 3.291, de 6 de agosto de 2021;</p><p>XL - a Portaria MCOM nº 3.051, de 21 de julho de 2021;</p><p>XLI - a Portaria MCOM nº 3.115, de 19 de julho de 2021;</p><p>XLII - a Portaria Interministerial nº 4, de 30 de abril de 2021;</p><p>XLIII - a Portaria MCOM nº 2.524, de 4 de maio de 2021;</p><p>XLIV - a Portaria nº 2.387, de 27 de abril de 2021;</p><p>XLV - a Portaria MCOM nº 2.347, de 6 de abril de 2021;</p><p>XLVI - a Portaria MCOM nº 2.344, de 6 de abril de 2021;</p><p>XLVII - a Portaria nº 1.921, de 25 de março de 2021;</p><p>XLVIII - a Portaria MCOM nº 2.350, de 6 de abril de 2021;</p><p>XLIX - a Portaria MCOM nº 2.263, de 24 de março de 2021;</p><p>L - a Portaria nº 1.898/SEI-MCOM, de 26 de janeiro de 2021;</p><p>LI - a Portaria nº 1.863, de 21 de janeiro de 2021;</p><p>LII - a Portaria nº 1.786/ SEI-MCOM, de 13 de janeiro de 2021;</p><p>LIII - a Portaria nº 1.459/ SEI-MCOM, de 23 de novembro de 2020;</p><p>LIV - a Portaria nº 1.460/ SEI-MCOM, de 23 de novembro de 2020;</p><p>LV - a Portaria nº 1.394/ SEI-MCOM, de 16 de novembro de 2020;</p><p>LVI - a Portaria nº 1.250/ SEI-MCOM, de 5 de novembro de 2020;</p><p>LVII - a Portaria nº 1.024/ SEI-MCOM, de 8 de outubro de 2020;</p><p>LVIII - a Portaria nº 861/ SEI-MCOM, de 21 de setembro de 2020;</p><p>LIX - a Portaria nº 829/ SEI-MCOM, de 15 de setembro de 2020;</p><p>LX - a Portaria nº 275/SEI-MCOM, de 13 de agosto de 2020;</p><p>LXI - a Portaria nº 141, de 22 de julho de 2020;</p><p>LXII - a Portaria MCTIC nº2.230, de 15 de maio de 2020;</p><p>LXIII - a Portaria MCTIC nº 1.915, de 28 de abril de 2020;</p><p>LXIV - a Portaria MCTIC nº 486, de 05 de fevereiro de 2020;</p><p>LXV - a Portaria nº 6.843/sei, de 10 de dezembro de 2019;</p><p>LXVI - a Portaria nº 6.370, de 19 de novembro de 2019;</p><p>LXVII - a Portaria nº 5.589, de 17 de outubro de 2019;</p><p>LXVIII - a Portaria MCTIC nº 5.153, de 27 de setembro de 2019;</p><p>LXIX - a Portaria nº 3.306, de 19 de julho de 2019;</p><p>LXX - a Portaria MCTIC nº 5.938, de 14 de novembro de 2021;</p><p>LXXI - a Portaria nº 6.707, de 28 de dezembro de 2018;</p><p>LXXII - a Portaria nº 6.360, de 5 de dezembro de 2018;</p><p>LXXIII - a Portaria MCTIC nº 6.484, de 12 de dezembro de 2018;</p><p>LXXIV - a Portaria nº 6.227, de 28 de novembro de 2018;</p><p>LXXV - a Portaria nº 5.938, de 14 de novembro de 2018;</p><p>LXXVI - a Portaria nº 4.412, de 28 de agosto de 2018;</p><p>LXXVII - a Portaria nº 4.159, de 14 de agosto de 2018;</p><p>LXXVIII - a Portaria nº 3.291, de 25 de junho de 2018;</p><p>LXXIX - a Portaria nº 3.238, de 20 de junho de 2018;</p><p>LXXX - a Portaria nº 2.877, de 30 de maio de 2018;</p><p>LXXXI - a Portaria nº 2.105, de 16 de abril de 2018;</p><p>LXXXII - a Portaria nº 1.976, de 12 de abril de 2018;</p><p>LXXXIII - a Portaria nº 1.909, de 6 de abril de 2018;</p><p>LXXXIV - a Portaria nº 1.724, de 28 de março de 2018;</p><p>LXXXV - a Portaria nº 6, de 28 de fevereiro de 2018;</p><p>LXXXVI - a Portaria nº 1.019, de 26 de fevereiro de 2018;</p><p>LXXXVII - a Portaria nº 560, de 31 de janeiro de 2018;</p><p>LXXXVIII - a Portaria nº 7.432, de 20 de dezembro de 2017;</p><p>LXXXIX - a Portaria nº 7.008, de 29 de novembro de 2017;</p><p>XC - a Portaria nº 6.540, de 8 de novembro de 2017;</p><p>XCI - a Portaria nº 6.287, de 25 de outubro de 2017;</p><p>XCII - a Portaria nº 5.771, de 27 de setembro de 2017;</p><p>XCIII - a Portaria nº 5.487, de 14 de setembro de 2017;</p><p>XCIV - a Portaria nº 4.224, de 10 de agosto de 2017;</p><p>XCV - a Portaria nº 4.146, de 25 de julho de 2017;</p><p>XCVI - a Portaria nº 3.107, de 31 de maio de 2017;</p><p>XCVII - a Portaria nº 3.071, de 31 de maio de 2017;</p><p>XCVIII - a Portaria nº 3.018, de 29 de maio de 2017;</p><p>XCIX - a Portaria nº 2.771, de 23 de maio de 2017;</p><p>C - a Portaria nº 2.992, de 26 de maio de 2017;</p><p>CI - a Portaria nº 2.996, de 26 de maio de 2017;</p><p>CII - a Portaria nº 2.253, de 27 de abril de 2017;</p><p>CIII - a Portaria nº 1.592, de 29 de março de 2017;</p><p>CIV - a Portaria nº 1.289, de 16 de março de 2017;</p><p>CV - a Portaria nº 5.774, de 16 de dezembro de 2016;</p><p>CVI - a Portaria nº 5.269, de 17 de novembro de 2016;</p><p>CVII - a Portaria nº 3.142, de 1º de agosto de 2016;</p><p>CVIII - a Portaria MCTIC nº 1.329, de 31 de março de 2016;</p><p>CIX - a Portaria nº 1.273, de 31 de março de 2016;</p><p>CX - a Portaria MC nº 1.453, de 08 de abril de 2016;</p><p>CXI - a Portaria MC nº 263, de 14 de janeiro de 2016;</p><p>CXII - a Portaria MC nº 6.580, de 02 de dezembro de 2015;</p><p>CXIII - a Portaria MC nº 6.413, de 20 de novembro de 2015;</p><p>CXIV - a Portaria nº 6.467, de 24 de novembro de 2015;</p><p>CXV - a Portaria nº 4.287, de 21 de setembro de 2015;</p><p>CXVI - a Portaria nº 4.334, de 17 de setembro de 2015;</p><p>CXVII - a Portaria nº 1.581, de 9 de abril de 2015;</p><p>CXVIII - a Portaria nº 1.355, de 9 de dezembro de 2014;</p><p>CXIX - a Portaria nº 540, de 1º de agosto de 2014;</p><p>CXX - a Portaria nº 505, de 31 de julho de 2014;</p><p>CXXI - a Portaria nº 127, de 12 de março de 2014;</p><p>CXXII - a Portaria nº 4, de 17 de janeiro de 2014;</p><p>CXXIII - a Portaria nº 252, de 8 de agosto de 2013;</p><p>CXXIV - a Portaria nº 251, de 7 de agosto de 2013;</p><p>CXXV - a Portaria nº 231, de 5 de agosto de 2013;</p><p>CXXVI - a Portaria nº 112, de 22 de abril de 2013;</p><p>CXXVII - a Portaria nº 14, de 06 de fevereiro de 2013;</p><p>CXXVIII - a Portaria nº 489, de 18 de dezembro de 2012;</p><p>CXXIX - a Portaria nº 471, de 22 de novembro de 2012;</p><p>CXXX - a Portaria nº 354, de 11 de julho de 2012;</p><p>CXXXI - o Acordo de Cooperação Técnica nº 02, de 29 de junho de 2012;</p><p>CXXXII - a Portaria nº 312, de 26 de junho de 2012;</p><p>CXXXIII - a Portaria nº 229, de 25 de abril de 2012;</p><p>CXXXIV - a Portaria nº 106, de 02 de março de 2012;</p><p>CXXXV - a Portaria nº 491, de 23 de novembro de 2011;</p><p>CXXXVI - a Portaria nº 189, de 24 de março de 2010;</p><p>CXXXVII - a Portaria nº 188, de 24 de março de 2010;</p><p>CXXXVIII - a Portaria nº 24, de 11 de fevereiro de 2009;</p><p>CXXXIX - a Portaria nº 465, de 22 de agosto de 2007;</p><p>CXL - a Portaria MC nº 669, de 26 de novembro de 2007;</p><p>CXLI - a Portaria nº 652, de 10 de outubro de 2006;</p><p>CXLII - a Portaria nº 310, de 27 de junho de 2006;</p><p>CXLIII - a Portaria Interministerial nº 652, de 15 de abril de 1999;</p><p>CXLIV - a Portaria Interministerial nº 651, de 15 de abril de 1999;</p><p>CXLV - a Portaria nº 32, de 25 de março de 1999;</p><p>CXLVI - a Portaria nº 26, de 15 de fevereiro de 1996;</p><p>CXLVII - a Portaria MC nº 160, de 24 de junho de 1987; e</p><p>CXLVIII - a Portaria nº 25, de 24 de fevereiro de 1983.</p><p>Art. 3º Ficam mantidos os seguintes atos da Secretaria de Telecomunicações - SETEL:</p><p>I - a Portaria MCOM nº 6.197, de 18 de julho de 2022;</p><p>II - a Portaria MCOM nº 6.140, de 8 de julho de 2022;</p><p>III - a Portaria MCOM nº 6.135, de 8 de julho de 2022;</p><p>IV - a Portaria MCOM nº 6.098, de 1º de julho de 2022;</p><p>V - a Portaria MCOM nº 5.447, de 29 de abril de 2022;</p><p>VI - a Portaria MCOM nº 5.445, de 28 de abril de 2022;</p><p>VII - a Portaria Interministerial MCOM/MEC nº 5.193, de 6 de abril de 2022;</p><p>VIII - a Portaria SETEL/MCOM nº 5.018, de 21 de março de 2022;</p><p>IX - a Portaria SETEL/MCOM nº 4.349, de 21 de dezembro de 2021;</p><p>X - a Portaria nº 4.018, de 5 de novembro de 2021;</p><p>XI - a Portaria nº 1.924/2020/SEI-MCOM, de 29 de janeiro de 2021;</p><p>XII - a Portaria MCTI nº 45 de 12 de janeiro de 2021;</p><p>XIII - a Portaria nº 1.277, de 9 de novembro de 2020;</p><p>XIV - a Portaria n 1.264/2020/ SEI-MCOM, de 9 de novembro de 2020;</p><p>XV - a Portaria nº 187/2020/ SEI-MCOM, de 28 de julho de 2020;</p><p>XVI - a Resolução Anatel nº 723, de 10 de março de 2020;</p><p>XVII - a Portaria nº 6.370, de 19 de novembro de 2019;</p><p>XVIII - a Portaria nº 5.429, de 11 de outubro de 2019;</p><p>XIX - a Portaria nº 222, de 5 de fevereiro de 2019;</p><p>XX - a Portaria nº 1.556, de 21 de março de 2018;</p><p>XXI - a Consulta Pública nº 1, de 18 de outubro de 2017;</p><p>XXII - a Consulta Pública nº 1, de 1 de agosto de 2017;</p><p>XXIII - a Consulta Pública nº 2/2017, de 8 de agosto de 2017;</p><p>XXIV - a Portaria nº 2.801, de 4 de julho de 2017;</p><p>XXV - a Portaria nº 6.203, de 28 de dezembro de 2016;</p><p>XXVI - a Portaria nº 2.115, de 11 de maio de 2016;</p><p>XXVII - a Portaria nº 2.111, de 11 de maio de 2016;</p><p>XXVIII - a Portaria nº 1.455, de 8 de abril de 2016;</p><p>XXIX - a Portaria nº 4.699, de 14 de outubro de 2015;</p><p>XXX - a Portaria Interministerial nº 586, de 22 de julho de 2015;</p><p>XXXI - a Portaria nº 376, de 19 de agosto de 2011;</p><p>XXXII - a Portaria nº 560, de 03 de novembro de 1997;</p><p>XXXIII - a Portaria nº 492, de 2 de outubro de 1997;</p><p>XXXIV - a Portaria nº 455, de 18 de setembro de 1997;</p><p>XXXV - a Portaria nº 411, de 28 de agosto de 1997;</p><p>XXXVI - a Portaria nº 263, de 7 de maio de 1997;</p><p>XXXVII - a Portaria nº 334, de 2 de junho de 1997;</p><p>XXXVIII - a Instrução nº 01/SFO, de 14 de abril de 1997;</p><p>XXXIX - a Instrução nº 01/SFO, de 19 de outubro de 1996;</p><p>XL - a Portaria nº 1.536, de 4 de- novembro de 1996;</p><p>XLI - a Portaria nº 1.533, de 4 de novembro de 1996;</p><p>XLII - a Portaria nº 1.306, de 29 de outubro de 1996;</p><p>XLIII - a Portaria nº 1.288, de 21 de outubro de 1996;</p><p>XLIV - a Portaria nº 1.207, de 25 de setembro de 1996;</p><p>XLV - a Portaria nº 481, de 16 de maio de 1996;</p><p>XLVI - a Portaria nº 53, de 8 de março de 1996;</p><p>XLVII - a Portaria nº 140, de 17 de maio de 1995;</p><p>XLVIII - a Portaria nº 1.154, de 22 de dezembro de 1994;</p><p>XLIX - a Portaria nº 1.120, de 14 de dezembro de 1994;</p><p>L - a Portaria nº 1.119, de 14 de dezembro de 1994;</p><p>LI - a Portaria nº 1.720, de 14 de dezembro de 1994;</p><p>LII - a Portaria nº 892, de 22 de novembro de 1994;</p><p>LIII - a Portaria nº 607, de 17 de agosto de 1994;</p><p>LIV - a Portaria nº 605, de 17 de agosto de 1994;</p><p>LV - a Portaria nº 209, de 13 de abril de 1994;</p><p>LVI - a Portaria nº 334, de 1º de junho de 1994;</p><p>LVII - a Portaria nº 208, de 12 de abril de 1994;</p><p>LVIII - a Portaria nº 194, de 30 de março de 1994;</p><p>LIX - a Portaria nº 1.780, de 7 de dezembro de 1993;</p><p>LX - a Portaria nº 83, de 30 de dezembro de 1992;</p><p>LXI - a Portaria nº 175, de 10 de junho de 1992;</p><p>LXII - a Portaria nº 247, de 21 de outubro de 1991;</p><p>LXIII - a Portaria nº 229, de 24 de setembro de 1991;</p><p>LXIV - a Portaria nº 52, de 04 de junho de 1991;</p><p>LXV - a Portaria nº 228, de 22 de novembro de 1989;</p><p>LXVI - a Instrução DENTEL nº 10/89, de 8 de novembro de 1989;</p><p>LXVII - a Instrução Dentel nº 09/89, de 20 de setembro de 1989;</p><p>LXVIII - a Instrução nº 4, de 8 de maio de 1989;</p><p>LXIX - a Instrução DENTEL nº 05/88, de 21 de setembro de 1988;</p><p>LXX - a Portaria nº 138, de 15 de junho de 1988;</p><p>LXXI - a Portaria nº 215, de 31 de agosto de 1987;</p><p>LXXII - a Instrução nº 03/85, de 13 de março de 1985;</p><p>LXXIII - a Portaria nº 71, de 26 de fevereiro de 1985;</p><p>LXXIV - a Portaria nº 44, de 3 de março de 1982;</p><p>LXXV - a Instrução nº 11/81-DENTEL, de 11 de agosto de 1981;</p><p>LXXVI - a Portaria nº 280, de 12 de março de 1979; e</p><p>LXXVII - a Portaria nº 623, de 21 de agosto de 1973.</p><p>Art. 4º Ficam mantidos os seguintes atos da Secretaria Especial de Comunicação Social - SECOM:</p><p>I - a Portaria MCOM nº 5.974, de 29 de junho de 2022;</p><p>II - a Portaria MCOM nº 5.972, de 20 de junho de 2022;</p><p>III - a Portaria MCOM nº 5.973, de 28 de junho de 2022;</p><p>IV - a Portaria nº 5.621, de 25 de maio de 2022;</p><p>V - a Portaria SECOM nº 4.874, de 04 de março de 2022;</p><p>VI - a Portaria MCOM nº 5.318, de 14 de abril de 2022;</p><p>VII - a Portaria MCOM nº 5.239, de 8 de abril de 2022;</p><p>VIII - a Portaria MCOM nº 5.218, de 7 de abril de 2022;</p><p>IX - a Portaria MCOM nº 3.948, de 26 de outubro de 2021;</p><p>X - a Portaria MCOM nº 3.938, de 25 de outubro de 2021;</p><p>XI - a Portaria MCOM nº 2.735, de 28 de maio de 2021;</p><p>XII - a Portaria MCOM nº 1.1914, de 28 de janeiro de 2021;</p><p>XIII - a Portaria nº 1.915/SEI-MCOM, de 28 de janeiro de 2021;</p><p>XIV - a Portaria nº 482, de 28 de agosto de 2020;</p><p>XV - a Portaria nº 485, de 28 de agosto de 2020;</p><p>XVI - a Portaria nº 483, de 28 de agosto de 2020;</p><p>XVII - a Portaria nº 484, de 28 de agosto de 2020;</p><p>XVIII - a Portaria nº 540, de 8 de setembro de 2020;</p><p>XIX - a Instrução Normativa nº 2, de 23 de dezembro de 2019;</p><p>XX - a Portaria nº 2, de 22 de fevereiro de 2019;</p><p>XXI - a Portaria nº 2, de 22 de fevereiro de 2019;</p><p>XXII - a Portaria nº 2, de 22 de fevereiro de 2019;</p><p>XXIII - a Instrução Normativa nº 7, de 24 de outubro de 2018;</p><p>XXIV - a Instrução Normativa nº 2, de 20 de abril de 2018;</p><p>XXV - a Instrução Normativa nº 3, de 20 de abril de 2018;</p><p>XXVI - a Instrução Normativa nº 4, de 20 de abril de 2018;</p><p>XXVII - a Instrução Normativa nº 01, de 11 de abril de 2018;</p><p>XXVIII - a Portaria nº 135, de 20 de setembro de 2017;</p><p>XXIX - a Portaria nº 126, de 01 de agosto de 2017;</p><p>XXX - a Instrução Normativa nº 1, de 27 de julho de 2017;</p><p>XXXI - a Portaria nº 98, de 21 de julho de 2016;</p><p>XXXII - a Portaria nº 76, de 6 de maio de 2016;</p><p>XXXIII - a Portaria nº 74, de 4 de maio de 2016;</p><p>XXXIV - a Portaria nº 142, de 27 de outubro de 2014;</p><p>XXXV - a Portaria nº 100, de 13 de agosto de 2012;</p><p>XXXVI - a Portaria nº 70, de 20 de julho de 2009; e</p><p>XXXVII - a Portaria nº 13, de 29 de agosto de 2002.</p><p>Art. 5º Esta Portaria entra em vigor no dia 1º de setembro de 2022.</p><p class="assina">FÁBIO FARIA</p>]]></Texto>
  </body>
  <Midias />
</article></xml>