﻿<xml><article id="27739184" name="ATON12145" idOficio="9058211" pubName="DO1" artType="Ato" pubDate="30/08/2022" artClass="00012:00014:00014:00154:00000:00000:00000:00000:00000:00000:00006:00006" artCategory="Ministério das Comunicações/Agência Nacional de Telecomunicações/Superintendência de Fiscalização/Gerência Regional nos Estados do Paraná e Santa Catarina" artSize="12" artNotes="" numberPage="24" pdfPage="http://pesquisa.in.gov.br/imprensa/jsp/visualiza/index.jsp?data=30/08/2022&amp;jornal=515&amp;pagina=24" editionNumber="165" highlightType="" highlightPriority="" highlight="" highlightimage="" highlightimagename="" idMateria="19841155">
  <body>
    <Identifica><![CDATA[             ATO Nº 12.145, DE 25 DE AGOSTO DE 2022]]></Identifica>
    <Data><![CDATA[]]></Data>
    <Ementa />
    <Titulo />
    <SubTitulo />
    <Texto><![CDATA[<p class="identifica">ATO Nº 12.145, DE 25 DE AGOSTO DE 2022</p><p>Processo nº 53504.009402/2022-89. Outorga autorização para uso de radiofrequência(s) à(ao) Cdt Network Ltda., CNPJ nº 07.861.033/0001-75, associada à autorização para exploração do Serviço Limitado Privado.</p><p class="assina">Marcio Antonio Protzek</p><p class="cargo">Gerente Substituto(a)</p>]]></Texto>
  </body>
  <Midias />
</article></xml>