﻿<xml><article id="27738779" name="PORTARIA INTERMINISTERIAL NA 691" idOficio="9058130" pubName="DO1" artType="Portaria Interministerial" pubDate="30/08/2022" artClass="00015:00043:00000:00000:00000:00000:00000:00000:00000:00000:00054:00001" artCategory="Ministério da Economia/Secretaria Especial de Produtividade e Competitividade" artSize="12" artNotes="" numberPage="76" pdfPage="http://pesquisa.in.gov.br/imprensa/jsp/visualiza/index.jsp?data=30/08/2022&amp;jornal=515&amp;pagina=76" editionNumber="165" highlightType="" highlightPriority="" highlight="" highlightimage="" highlightimagename="" idMateria="19841043">
  <body>
    <Identifica><![CDATA[ PORTARIA INTERMINISTERIAL SEPEC/ME/SEXEC/MCTI Nº 6.918, DE 19 DE AGOSTO DE 2022]]></Identifica>
    <Data><![CDATA[]]></Data>
    <Ementa><![CDATA[ Revoga as Portarias Interministeriais MDIC/MCTIC nº 37 e nº 38, de 28 de junho de 2018.]]></Ementa>
    <Titulo />
    <SubTitulo />
    <Texto><![CDATA[<p class="identifica">PORTARIA INTERMINISTERIAL SEPEC/ME/SEXEC/MCTI Nº 6.918, DE 19 DE AGOSTO DE 2022</p><p class="ementa">Revoga as Portarias Interministeriais MDIC/MCTIC nº 37 e nº 38, de 28 de junho de 2018.</p><p>O SECRETÁRIO ESPECIAL DE PRODUTIVIDADE E COMPETITIVIDADE DO MINISTÉRIO DA ECONOMIA, conforme delegação de competência atribuída pela Portaria ME nº 7.081, de 9 de agosto de 2022 (publicada no DOU de 10.08.2022, Seção 1, pág. 228), e o SECRETÁRIO EXECUTIVO DO MINISTÉRIO DA CIÊNCIA, TECNOLOGIA E INOVAÇÕES, conforme delegação de competência atribuída pela Portaria MCTIC nº 5.071, de 24 de setembro de 2019 (publicada no DOU de 25.09.2019, Seção 1, pág. 15), tendo em vista o disposto no § 6º do art. 7º do Decreto-Lei nº 288, de 28 de fevereiro de 1967, no § 1º do art. 2º, e nos arts. 11 a 14 do Decreto nº 10.521, de 15 de outubro de 2020, o disposto no § 2º do art. 4º da Lei nº 8.248, de 23 de outubro de 1991, no § 1º do art. 2º, e nos arts. 16 a 19 do Decreto nº 5.906, de 26 de setembro de 2006, e considerando o que consta no processo nº 19687.105947/2022-86, do Ministério da Economia, resolvem:</p><p>Art. 1º Tendo em vista o disposto no art. 8º do Decreto nº 10.139, de 28 de novembro de 2019, ficam revogadas as Portarias Interministeriais MDIC/MCTIC nº 37 e 38, de 28 de junho de 2018.</p><p>Art. 2º Esta Portaria entra em vigor na data de sua publicação.</p><p class="assina">ALEXANDRE XAVIER YWATA DE CARVALHO</p><p class="cargo">Secretário Especial de Produtividade e Competitividade do Ministério da Economia</p><p class="assina">SERGIO FREITAS DE ALMEIDA</p><p class="cargo">Secretário Executivo do Ministério da Ciência, Tecnologia e Inovações</p>]]></Texto>
  </body>
  <Midias />
</article></xml>