﻿<xml><article id="27736604" name="34 (SeAAo 1)" idOficio="9057687" pubName="DO1" artType="Portaria" pubDate="30/08/2022" artClass="00018:00091:00001:00000:00000:00000:00000:00000:00000:00000:00054:00000" artCategory="Ministério da Educação/Universidade Federal do Espírito Santo/Reitoria" artSize="12" artNotes="" numberPage="190" pdfPage="http://pesquisa.in.gov.br/imprensa/jsp/visualiza/index.jsp?data=30/08/2022&amp;jornal=515&amp;pagina=190" editionNumber="165" highlightType="" highlightPriority="" highlight="" highlightimage="" highlightimagename="" idMateria="19840452">
  <body>
    <Identifica><![CDATA[ PORTARIA NORMATIVA Nº 34, DE 26 DE AGOSTO DE 2022]]></Identifica>
    <Data><![CDATA[]]></Data>
    <Ementa />
    <Titulo />
    <SubTitulo />
    <Texto><![CDATA[<p class="identifica">PORTARIA NORMATIVA Nº 34, DE 26 DE AGOSTO DE 2022</p><p>O Reitor da Universidade Federal do Espírito Santo, no uso de suas atribuições legais e estatutárias, e tendo em vista o que consta do Processo digital n° 23068.063759/2021-57, resolve:</p><p>Prorrogar, pelo período de 02 (dois) anos, a partir de 16/09/2022, a validade do Concurso Público, de que trata o Edital nº 59/2019-R, publicado do DOU em 04/07/2019, homologado conforme Edital nº 131/2019-R, publicado no DOU em 04/12/2019, e nos termos da Portaria nº 33/2021-R, na parte referente à Área/subárea: Engenharia Elétrica (Cód. CNPq 3.04.00.00-7).</p><p class="assina">PAULO SERGIO DE PAULA VARGAS</p>]]></Texto>
  </body>
  <Midias />
</article></xml>