﻿<xml><article id="27739560" name="portaria 287" idOficio="9058294" pubName="DO1" artType="Portaria" pubDate="30/08/2022" artClass="00007:00003:00042:00000:00000:00000:00000:00000:00000:00000:00054:00000" artCategory="Ministério da Agricultura, Pecuária e Abastecimento/Secretaria Executiva/Superintendência Federal de Agricultura, Pecuária e Abastecimento do Rio Grande do Sul" artSize="12" artNotes="" numberPage="2" pdfPage="http://pesquisa.in.gov.br/imprensa/jsp/visualiza/index.jsp?data=30/08/2022&amp;jornal=515&amp;pagina=2" editionNumber="165" highlightType="" highlightPriority="" highlight="" highlightimage="" highlightimagename="" idMateria="19841266">
  <body>
    <Identifica><![CDATA[PORTARIA Nº 287, DE 23 DE AGOSTO DE 2022]]></Identifica>
    <Data><![CDATA[]]></Data>
    <Ementa />
    <Titulo />
    <SubTitulo />
    <Texto><![CDATA[<p class="identifica">PORTARIA Nº 287, DE 23 DE AGOSTO DE 2022</p><p>A SUPERINTENDENTE DA SUPERINTENDÊNCIA FEDERAL DE AGRICULTURA DO MINISTÉRIO DA AGRICULTURA, PECUÁRIA E ABASTECIMENTO NO ESTADO DO RIO GRANDE DO SUL, nomeada pela Portaria nº 337, de 27/02/2020, no uso de suas atribuições legais e regulamentares, em especial as dispostas nos artigos 262 e 292 , do Regimento Interno da Secretaria Executiva, Portaria nº 561/18, de 11/04/2018, publicado no DOU de 13/04/2018, combinado com a Portaria 1.393/18, de 21/08/2018, publicado no DOU de 23/08/2018, e considerando o disposto no art. 2 da Instrução Normativa n 22 , de 20 de junho de 2013 e o constante no processo 21042.010259/2022-66, resolve:</p><p>HABILITAR, o(a) Médico(a) Veterinário(a) MAICON VINICIUS PEREIRA, CRMV-RS 11860, para emitir Guia de Trânsito Animal (GTA) no Estado do Rio Grande do Sul.</p><p>Esta habilitação restringe-se à emissão de GTA através do sistema informatizado utilizado no Estado do Rio Grande do Sul, e está limitada às espécies, aos municípios e aos estabelecimentos constantes no processo supracitado, desde que haja parecer favorável da Secretaria da Agricultura, Pecuária e Desenvolvimento Rural do Estado do Rio Grande do Sul (SEAPDR).</p><p>A emissão de GTA deve ocorrer em conformidade com os manuais próprios do Ministério da Agricultura, Pecuária e Abastecimento e com atendimento aos demais dispositivos legais que regem a matéria.</p><p>Esta Portaria entra em vigor na data de sua publicação.</p><p class="assina">Helena Pan Rugeri</p>]]></Texto>
  </body>
  <Midias />
</article></xml>