﻿<xml><article id="27738374" name="resolucao_2831_2022 COPSI GGTOX" idOficio="9058048" pubName="DO1" artType="Resolução" pubDate="30/08/2022" artClass="00026:00034:00015:00011:00000:00000:00000:00000:00000:00000:00064:32831" artCategory="Ministério da Saúde/Agência Nacional de Vigilância Sanitária/3ª Diretoria/Gerência-Geral de Toxicologia" artSize="12" artNotes="" numberPage="270" pdfPage="http://pesquisa.in.gov.br/imprensa/jsp/visualiza/index.jsp?data=30/08/2022&amp;jornal=515&amp;pagina=270" editionNumber="165" highlightType="" highlightPriority="" highlight="" highlightimage="" highlightimagename="" idMateria="19840931">
  <body>
    <Identifica><![CDATA[ RESOLUÇÃO-RE Nº 2.831, DE 25 DE AGOSTO DE 2022]]></Identifica>
    <Data><![CDATA[]]></Data>
    <Ementa />
    <Titulo />
    <SubTitulo />
    <Texto><![CDATA[<p class="identifica">RESOLUÇÃO-RE Nº 2.831, DE 25 DE AGOSTO DE 2022</p><p>O Gerente-Geral de Toxicologia no uso das atribuições que lhe confere o art.114, aliado ao art. 203, I, § 1º do Regimento Interno aprovado pela Resolução de Diretoria Colegiada - RDC nº 585, de 10 de dezembro de 2021, resolve:</p><p>Art. 1º Tornar insubsistente a RESOLUÇÃO-RE Nº 2.740, DE 18 DE AGOSTO DE 2022, publicada no Diário Oficial da União nº 159 de 22 de agosto de 2022 na página 263 da Seção 1, única e exclusivamente para os processos listados abaixo:</p><p>ALLIERBRASIL AGRONOMIA LTDA. - 02.850.049/0001-69</p><p>AZOXI CROP 250 SC</p><p>25351.018998/2021-03</p><p>5106 - REGISTRO SIMPLIFICADO NÍVEL II - PRODUTO FORMULADO COM BASE EM PRODUTO TÉCNICO EQUIVALENTE, 4323941/21-1</p><p>CATEGORIA 5 - PRODUTO IMPROVÁVEL DE CAUSAR DANO AGUDO</p><p>Art. 2º Esta Resolução entra em vigor na data de sua publicação.</p><p class="assina"></p><p>CARLOS ALEXANDRE OLIVEIRA GOMES</p>]]></Texto>
  </body>
  <Midias />
</article></xml>