﻿<xml><article id="27751958" name="28" idOficio="9060721" pubName="DO1" artType="Retificação" pubDate="30/08/2022" artClass="00007:00051:00000:00000:00000:00000:00000:00000:00000:00000:00066:00000" artCategory="Ministério da Agricultura, Pecuária e Abastecimento/Secretaria de Política Agrícola" artSize="12" artNotes="" numberPage="11" pdfPage="http://pesquisa.in.gov.br/imprensa/jsp/visualiza/index.jsp?data=30/08/2022&amp;jornal=515&amp;pagina=11" editionNumber="165" highlightType="" highlightPriority="" highlight="" highlightimage="" highlightimagename="" idMateria="19844990">
  <body>
    <Identifica><![CDATA[ RETIFICAÇÃO]]></Identifica>
    <Data><![CDATA[]]></Data>
    <Ementa />
    <Titulo />
    <SubTitulo />
    <Texto><![CDATA[<p class="identifica">RETIFICAÇÃO</p><p>No anexo da Portaria SPA/MAPA de nº 580, de 14 de dezembro de 2021, publicada no Diário Oficial da União de 16 de dezembro de 2021, seção 1, que aprovou o Zoneamento Agrícola de Risco Climático - ZARC para a cultura a cultura do café arábica no estado de Minas Gerais. No item 5. RELAÇÃO DOS MUNICÍPIOS APTOS E PERÍODOS INDICADOS PARA O CICLO DE PRODUÇÃO E IMPLANTAÇÃO DO CAFÉ ARÁBICA, incluir municípios, conforme abaixo especificado:</p><p>5.1. Café Arábica Produção - Cultivo de Sequeiro</p><p /><p></p><table><tr /><tr><td rowspan="1" colspan="1"><p><strong>MUNICÍPIOS</strong></p></td><td rowspan="1" colspan="9"><p><strong>PERÍODOS DE INÍCIO E NÍVEIS DE RISCO DO CICLO DE PRODUÇÃO</strong></p></td></tr><tr><td rowspan="1" colspan="1" /><td rowspan="1" colspan="3"><p><strong>SOLO 1</strong></p></td><td rowspan="1" colspan="3"><p><strong>SOLO 2</strong></p></td><td rowspan="1" colspan="3"><p><strong>SOLO 3</strong></p></td></tr><tr><td rowspan="1" colspan="1" /><td rowspan="1" colspan="1"><p><strong>RISCO DE 20%</strong></p></td><td rowspan="1" colspan="1"><p><strong>RISCO DE 30%</strong></p></td><td rowspan="1" colspan="1"><p><strong>RISCO DE 40%</strong></p></td><td rowspan="1" colspan="1"><p><strong>RISCO DE 20%</strong></p></td><td rowspan="1" colspan="1"><p><strong>RISCO DE 30%</strong></p></td><td rowspan="1" colspan="1"><p><strong>RISCO DE 40%</strong></p></td><td rowspan="1" colspan="1"><p><strong>RISCO DE 20%</strong></p></td><td rowspan="1" colspan="1"><p><strong>RISCO DE 30%</strong></p></td><td rowspan="1" colspan="1"><p><strong>RISCO DE 40%</strong></p></td></tr><tr><td rowspan="1" colspan="1"><p>Córrego Novo</p></td><td rowspan="1" colspan="1" /><td rowspan="1" colspan="1" /><td rowspan="1" colspan="1"><p>29 a 30</p></td><td rowspan="1" colspan="1" /><td rowspan="1" colspan="1"><p>29 a 30</p></td><td rowspan="1" colspan="1"><p>28</p></td><td rowspan="1" colspan="1"><p>30</p></td><td rowspan="1" colspan="1"><p>29</p></td><td rowspan="1" colspan="1"><p>28</p></td></tr><tr><td rowspan="1" colspan="1"><p>Pingo D'Água</p></td><td rowspan="1" colspan="1" /><td rowspan="1" colspan="1" /><td rowspan="1" colspan="1"><p>29 a 30</p></td><td rowspan="1" colspan="1" /><td rowspan="1" colspan="1"><p>29 a 30</p></td><td rowspan="1" colspan="1"><p>28</p></td><td rowspan="1" colspan="1"><p>30</p></td><td rowspan="1" colspan="1"><p>29</p></td><td rowspan="1" colspan="1"><p>28</p></td></tr></table><p>5.2. Café Arábica Implantação - Cultivo de Sequeiro</p><p /><p></p><table><tr /><tr><td rowspan="1" colspan="1"><p><strong>MUNICÍPIOS</strong></p></td><td rowspan="1" colspan="9"><p><strong>PERÍODOS INDICADOS PARA IMPLANTAÇÃO DA CULTURA</strong></p></td></tr><tr><td rowspan="1" colspan="1" /><td rowspan="1" colspan="3"><p><strong>SOLO 1</strong></p></td><td rowspan="1" colspan="3"><p><strong>SOLO 2</strong></p></td><td rowspan="1" colspan="3"><p><strong>SOLO 3</strong></p></td></tr><tr><td rowspan="1" colspan="1" /><td rowspan="1" colspan="1"><p><strong>RISCO DE 20%</strong></p></td><td rowspan="1" colspan="1"><p><strong>RISCO DE 30%</strong></p></td><td rowspan="1" colspan="1"><p><strong>RISCO DE 40%</strong></p></td><td rowspan="1" colspan="1"><p><strong>RISCO DE 20%</strong></p></td><td rowspan="1" colspan="1"><p><strong>RISCO DE 30%</strong></p></td><td rowspan="1" colspan="1"><p><strong>RISCO DE 40%</strong></p></td><td rowspan="1" colspan="1"><p><strong>RISCO DE 20%</strong></p></td><td rowspan="1" colspan="1"><p><strong>RISCO DE 30%</strong></p></td><td rowspan="1" colspan="1"><p><strong>RISCO DE 40%</strong></p></td></tr><tr><td rowspan="1" colspan="1"><p>Córrego Novo</p></td><td rowspan="1" colspan="1" /><td rowspan="1" colspan="1"><p>29</p></td><td rowspan="1" colspan="1"><p>30 a 31</p></td><td rowspan="1" colspan="1" /><td rowspan="1" colspan="1"><p>29 a 31</p></td><td rowspan="1" colspan="1"><p>28 + 32 a 33</p></td><td rowspan="1" colspan="1"><p>30 a 31</p></td><td rowspan="1" colspan="1"><p>29 + 32 a 33</p></td><td rowspan="1" colspan="1"><p>28 + 34</p></td></tr><tr><td rowspan="1" colspan="1"><p>Pingo D'Água</p></td><td rowspan="1" colspan="1" /><td rowspan="1" colspan="1"><p>29</p></td><td rowspan="1" colspan="1"><p>30 a 31</p></td><td rowspan="1" colspan="1" /><td rowspan="1" colspan="1"><p>29 a 31</p></td><td rowspan="1" colspan="1"><p>28 + 32 a 33</p></td><td rowspan="1" colspan="1"><p>30 a 31</p></td><td rowspan="1" colspan="1"><p>29 + 32 a 33</p></td><td rowspan="1" colspan="1"><p>28 + 34</p></td></tr></table><p>5.3. Café Arábica Produção - Cultivo Irrigado</p><p /><p></p><table><tr /><tr><td rowspan="1" colspan="1"><p><strong>MUNICÍPIOS</strong></p></td><td rowspan="1" colspan="9"><p><strong>PERÍODOS DE INÍCIO E NÍVEIS DE RISCO DO CICLO DE PRODUÇÃO</strong></p></td></tr><tr><td rowspan="1" colspan="1" /><td rowspan="1" colspan="3"><p><strong>SOLO 1</strong></p></td><td rowspan="1" colspan="3"><p><strong>SOLO 2</strong></p></td><td rowspan="1" colspan="3"><p><strong>SOLO 3</strong></p></td></tr><tr><td rowspan="1" colspan="1" /><td rowspan="1" colspan="1"><p><strong>RISCO DE 20%</strong></p></td><td rowspan="1" colspan="1"><p><strong>RISCO DE 30%</strong></p></td><td rowspan="1" colspan="1"><p><strong>RISCO DE 40%</strong></p></td><td rowspan="1" colspan="1"><p><strong>RISCO DE 20%</strong></p></td><td rowspan="1" colspan="1"><p><strong>RISCO DE 30%</strong></p></td><td rowspan="1" colspan="1"><p><strong>RISCO DE 40%</strong></p></td><td rowspan="1" colspan="1"><p><strong>RISCO DE 20%</strong></p></td><td rowspan="1" colspan="1"><p><strong>RISCO DE 30%</strong></p></td><td rowspan="1" colspan="1"><p><strong>RISCO DE 40%</strong></p></td></tr><tr><td rowspan="1" colspan="1"><p>Córrego Novo</p></td><td rowspan="1" colspan="1"><p>24 a 27</p></td><td rowspan="1" colspan="1" /><td rowspan="1" colspan="1" /><td rowspan="1" colspan="1"><p>24 a 27</p></td><td rowspan="1" colspan="1" /><td rowspan="1" colspan="1" /><td rowspan="1" colspan="1"><p>24 a 27</p></td><td rowspan="1" colspan="1" /><td rowspan="1" colspan="1" /></tr><tr><td rowspan="1" colspan="1"><p>Pingo D'Água</p></td><td rowspan="1" colspan="1"><p>24 a 27</p></td><td rowspan="1" colspan="1" /><td rowspan="1" colspan="1" /><td rowspan="1" colspan="1"><p>24 a 27</p></td><td rowspan="1" colspan="1" /><td rowspan="1" colspan="1" /><td rowspan="1" colspan="1"><p>24 a 27</p></td><td rowspan="1" colspan="1" /><td rowspan="1" colspan="1" /></tr></table><p>5.4. Café Arábica Implantação - Cultivo Irrigado</p><p /><p></p><table><tr /><tr><td rowspan="1" colspan="1"><p><strong>MUNICÍPIOS</strong></p></td><td rowspan="1" colspan="9"><p><strong>PERÍODOS INDICADOS PARA IMPLANTAÇÃO DA CULTURA</strong></p></td></tr><tr><td rowspan="1" colspan="1" /><td rowspan="1" colspan="3"><p><strong>SOLO 1</strong></p></td><td rowspan="1" colspan="3"><p><strong>SOLO 2</strong></p></td><td rowspan="1" colspan="3"><p><strong>SOLO 3</strong></p></td></tr><tr><td rowspan="1" colspan="1" /><td rowspan="1" colspan="1"><p><strong>RISCO DE 20%</strong></p></td><td rowspan="1" colspan="1"><p><strong>RISCO DE 30%</strong></p></td><td rowspan="1" colspan="1"><p><strong>RISCO DE 40%</strong></p></td><td rowspan="1" colspan="1"><p><strong>RISCO DE 20%</strong></p></td><td rowspan="1" colspan="1"><p><strong>RISCO DE 30%</strong></p></td><td rowspan="1" colspan="1"><p><strong>RISCO DE 40%</strong></p></td><td rowspan="1" colspan="1"><p><strong>RISCO DE 20%</strong></p></td><td rowspan="1" colspan="1"><p><strong>RISCO DE 30%</strong></p></td><td rowspan="1" colspan="1"><p><strong>RISCO DE 40%</strong></p></td></tr><tr><td rowspan="1" colspan="1"><p>Córrego Novo</p></td><td rowspan="1" colspan="1"><p>24 a 36</p></td><td rowspan="1" colspan="1" /><td rowspan="1" colspan="1" /><td rowspan="1" colspan="1"><p>24 a 36</p></td><td rowspan="1" colspan="1" /><td rowspan="1" colspan="1" /><td rowspan="1" colspan="1"><p>24 a 36</p></td><td rowspan="1" colspan="1" /><td rowspan="1" colspan="1" /></tr><tr><td rowspan="1" colspan="1"><p>Pingo D'Água</p></td><td rowspan="1" colspan="1"><p>24 a 36</p></td><td rowspan="1" colspan="1" /><td rowspan="1" colspan="1" /><td rowspan="1" colspan="1"><p>24 a 36</p></td><td rowspan="1" colspan="1" /><td rowspan="1" colspan="1" /><td rowspan="1" colspan="1"><p>24 a 36</p></td><td rowspan="1" colspan="1" /><td rowspan="1" colspan="1" /></tr></table>]]></Texto>
  </body>
  <Midias />
</article></xml>