﻿<xml><article id="27751355" name="Portarias Ana 30.08.2022" idOficio="9060554" pubName="DO1" artType="Portaria" pubDate="30/08/2022" artClass="00020:00032:00005:00003:00001:00000:00000:00000:00000:00000:00054:00000" artCategory="Ministério da Justiça e Segurança Pública/Secretaria Nacional de Justiça/Departamento de Migrações/Coordenação-Geral de Política Migratória/Coordenação de Processos Migratórios" artSize="12" artNotes="" numberPage="216" pdfPage="http://pesquisa.in.gov.br/imprensa/jsp/visualiza/index.jsp?data=30/08/2022&amp;jornal=515&amp;pagina=216" editionNumber="165" highlightType="" highlightPriority="" highlight="" highlightimage="" highlightimagename="" idMateria="19844812">
  <body>
    <Identifica><![CDATA[ PORTARIA Nº 988, DE 25 DE AGOSTO DE 2022]]></Identifica>
    <Data><![CDATA[]]></Data>
    <Ementa />
    <Titulo />
    <SubTitulo />
    <Texto><![CDATA[<p class="identifica">PORTARIA Nº 988, DE 25 DE AGOSTO DE 2022</p><p>A COORDENADORA DE PROCESSOS MIGRATÓRIOS, no uso das atribuições que lhe foram conferidas pela Portaria SENAJUS nº 432, de 17 de junho de 2019, publicada no Diário Oficial da União do dia 21 subsequente, e tendo em vista o que consta do Processo nº 08018.000806/2017-77, do Ministério da Justiça e Segurança Pública, resolve:</p><p>REVOGAR a Portaria n° 401, de 11 de abril de 2019, publicada no Diário Oficial do dia 15 subsequente, que determinou a expulsão do Território Nacional de AMAECHI CHRISTIN EZECHI, de nacionalidade nigeriana, filho de Christin Ezechi e de Ogugua Ezechi, nascido na República Federal da Nigéria, em 20 de fevereiro de 1972, tendo em vista a comprovação de amparo pelo artigo 193, inciso II, alínea "a", do Decreto 9.199/17.</p><p class="assina">ANA CLARA FORMIGA FERREIRA DO CARMO</p><p class="identifica">PORTARIA Nº 989, DE 25 DE AGOSTO DE 2022</p><p>A COORDENADORA DE PROCESSOS MIGRATÓRIOS, no uso das atribuições que lhe foram conferidas pela Portaria SENAJUS nº 432, de 17 de junho de 2019, publicada no Diário Oficial da União do dia 21 subsequente, e tendo em vista o que consta do Processo nº 08000.051254/2017-54, do Ministério da Justiça e Segurança Pública, resolve:</p><p>REVOGAR a Portaria CPMIG nº 1438, de 13 de dezembro de 2019, publicada no Diário Oficial da União do dia 16 subsequente, que determinou a expulsão do Território Nacional de LAMINE TURÉ, de nacionalidade guineense, filho de Mamade Ture e de Fatu Sisse, nascido na República de Guiné-Bissau, em 17 de maio de 1986, tendo em vista a comprovação de amparo pelo artigo 193, inciso II, alínea "b", do Decreto 9.199/17.</p><p class="assina">ANA CLARA FORMIGA FERREIRA DO CARMO</p>]]></Texto>
  </body>
  <Midias />
</article></xml>