﻿<xml><article id="27749397" name="Ata_28_1C_16_08_2022 -WAR-IMPREN" idOficio="9057405" pubName="DO1" artType="Ata" pubDate="30/08/2022" artClass="00044:00002:00000:00000:00000:00000:00000:00000:00000:00000:00005:00000" artCategory="Tribunal de Contas da União/1ª Câmara" artSize="12" artNotes="" numberPage="307" pdfPage="http://pesquisa.in.gov.br/imprensa/jsp/visualiza/index.jsp?data=30/08/2022&amp;jornal=515&amp;pagina=307" editionNumber="165" highlightType="" highlightPriority="" highlight="" highlightimage="" highlightimagename="" idMateria="19840103">
  <body>
    <Identifica />
    <Data><![CDATA[]]></Data>
    <Ementa />
    <Titulo />
    <SubTitulo />
    <Texto><![CDATA[<p>ACÓRDÃO Nº 4604/2022 - TCU - 1ª Câmara</p><p>1. Processo nº TC 018.614/2016-7.</p><p>2. Grupo II - Classe de Assunto: II -Tomada de Contas Especial</p><p>3. Interessados/Responsáveis:</p><p>3.1. Interessado: Fundação Nacional de Saúde (26.989.350/0001-16).</p><p>3.2. Responsáveis: Ananda Construções e Comercio Ltda. (04.894.615/0001-60); Francisco Ademar dos Santos (328.022.693-72); Jonatas Alves de Almeida (183.597.013-34).</p><p>4. Órgão/Entidade: Município de São Francisco do Maranhão - MA.</p><p>5. Relator: Ministro Walton Alencar Rodrigues.</p><p>6. Representante do Ministério Público: Procurador Rodrigo Medeiros de Lima.</p><p>7. Unidade Técnica: Secretaria de Controle Externo de Tomada de Contas Especial (SecexTCE).</p><p>8. Representação legal: Samara Grayciane Rodrigues de Moura e Sousa (7786/OAB-PI), Najla Fernandes Borges (18114/OAB-PI); Elmary Machado Torres Neto (9.395/OAB-MA) e outros.</p><p>9. Acórdão:</p><p>VISTOS, relatados e discutidos estes autos de Tomada de Contas Especial instaurada pela Fundação Nacional de Saúde (Funasa), em razão de irregularidades na execução do Convênio 357/2005 (Siafi 555318), cujo objeto foi a implantação de sistema de abastecimento de água no Município de São Francisco do Maranhão/MA,</p><p>ACORDAM os Ministros do Tribunal de Contas da União, reunidos em sessão da Primeira Câmara, ante as razões expostas pelo Relator, em:</p><p>9.1. com fulcro no Enunciado 145 da Súmula de Jurisprudência do Súmula TCU, promover o apostilamento dos itens 9.6 e 9.7 do Acórdão 2.758/2022-TCU-1ª Câmara, Sessão de 17/5/2022, Ata 15/2022, para que neles passem a constar os valores das sanções individuais imputadas a Francisco Ademar dos Santos e Adelbarto Rodrigues Santos, com fundamento no art. 58, incisos I e IV, respectivamente, da Lei 8.443/1992, conferindo-lhes a seguinte redação:</p><p>Onde se lê:</p><p>"9.6. aplicar a Francisco Ademar dos Santos a multa prevista no art. 58, inciso I, da Lei 8.443/1992;</p><p>9.7. aplicar a Adelbarto Rodrigues Santos, na condição de prefeito, a multa prevista no art. 58, inciso IV, da Lei 8.443/1992, que prescinde de audiência prévia, nos termos do art. 268, § 3º, do Regimento Interno do TCU, por não ter atendido às reiteradas diligências dirigidas ao Município de São Francisco do Maranhão/MA, tampouco ter encaminhado justificativas acerca de eventuais dificuldades em respondê-las;"</p><p>Leia-se:</p><p>"9.6. aplicar a Francisco Ademar dos Santos a multa prevista no art. 58, inciso I, da Lei 8.443/1992, no valor de R$ 30.000,00;</p><p>9.7. aplicar a Adelbarto Rodrigues Santos, na condição de prefeito, a multa prevista no art. 58, inciso IV, da Lei 8.443/1992, no valor de R$ 10.000,00, que prescinde de audiência prévia, nos termos do art. 268, § 3º, do Regimento Interno do TCU, por não ter atendido às reiteradas diligências dirigidas ao Município de São Francisco do Maranhão/MA, tampouco ter encaminhado justificativas acerca de eventuais dificuldades em respondê-las; (...)"</p><p>9.2. reabrir prazos para que Francisco Ademar dos Santos e Adelbarto Rodrigues Santos apresentem eventuais recursos, a partir da ciência desta deliberação, ou complementem as razões recursais já apresentadas à peça 104;</p><p>9.3. findos os prazos recursais, na ausência de novo apelo, encaminhar estes autos ao relator ad quem, para a retomada da avaliação de admissibilidade do recurso já interposto por Adelbarto Rodrigues Santos, peça 104;</p><p>9.4. dar ciência desta deliberação aos responsáveis, ao Município de São Francisco do Maranhão/MA e à Fundação Nacional de Saúde (Funasa).</p><p>10. Ata n° 28/2022 - 1ª Câmara.</p><p>11. Data da Sessão: 16/8/2022 - Ordinária.</p><p>12. Código eletrônico para localização na página do TCU na Internet: AC-4604-28/22-1.</p><p>13. Especificação do quórum:</p><p>13.1. Ministros presentes: Benjamin Zymler (na Presidência), Walton Alencar Rodrigues (Relator), Vital do Rêgo e Jorge Oliveira.</p><p>13.2. Ministros-Substitutos presentes: Augusto Sherman Cavalcanti e Weder de Oliveira.</p><p>ACÓRDÃO Nº 4605/2022 - TCU - 1ª Câmara</p><p>1. Processo nº TC 005.079/2022-5.</p><p>2. Grupo I - Classe de Assunto:</p><p>3. Interessados/Responsáveis:</p><p>3.1. Interessado: Efigenia Maria Barbosa (477.910.396-72).</p><p>4. Órgão/Entidade: Fundação Universidade de Brasília.</p><p>5. Relator: Ministro Walton Alencar Rodrigues.</p><p>6. Representante do Ministério Público: Procurador Marinus Eduardo De Vries Marsico.</p><p>7. Unidade Técnica: Secretaria de Fiscalização de Integridade de Atos e Pagamentos de Pessoal e de Benefícios Sociais (Sefip).</p><p>8. Representação legal: não há.</p><p>9. Acórdão:</p><p>VISTOS, relatados e discutidos estes autos que tratam de ato de concessão de aposentadoria, emitido pela Fundação Universidade de Brasília, em favor da ex-servidora Efigenia Maria Barbosa;</p><p>ACORDAM os Ministros do Tribunal de Contas da União, reunidos em Sessão da Primeira Câmara, diante das razões expostas pelo relator e com fundamento no art. 71, inciso III, da Constituição Federal, nos arts. 1º, inciso V, e 39, inciso II, da Lei 8.443/1992 e no art. 260, § 1º, do RI/TCU, em:</p><p>9.1. considerar ilegal o ato de concessão de aposentadoria a Efigenia Maria Barbosa, negando-lhe registro;</p><p>9.2. determinar à Fundação Universidade de Brasília que:</p><p>9.2.1. corrija, no prazo de quinze dias, contado a partir da ciência desta deliberação, sob pena de responsabilidade solidária da autoridade administrativa omissa, o valor da rubrica "10289-DECISAO JUDICIAL N TRAN JUG AP (Decisão judicial - Outros)", referente à URP de fevereiro de 1989, paga à interessada, restabelecendo aquele verificado em setembro de 2010, mês em que foi proferida a decisão liminar judicial que assegurou sua irredutibilidade;</p><p>9.2.2. dê ciência do inteiro teor desta deliberação à interessada, no prazo de quinze dias, e faça juntar aos autos o comprovante dessa notificação, nos quinze dias subsequentes, alertando-a de que o efeito suspensivo proveniente da interposição de eventuais recursos perante o Tribunal não a exime da devolução dos valores percebidos indevidamente após a respectiva notificação, caso os recursos não sejam providos;</p><p>9.2.3. na hipótese de eventual desconstituição da decisão liminar proferida no âmbito do MS 28.819/DF, em trâmite no STF, faça cessar os pagamentos decorrentes da URP (26,05%) em relação ao ato impugnado e proceda à restituição dos valores pagos a esse título desde a impetração da ação, nos termos do art. 46 da Lei 8.112/1990, salvo expressa disposição judicial em sentido diverso;</p><p>9.2.4. após a sentença de mérito definitiva (transitada em julgado) que vier a ser proferida no processo judicial acima referido, emita novo ato de concessão de aposentadoria para Efigenia Maria Barbosa, submetendo-o ao exame desta Corte de Contas.</p><p>10. Ata n° 28/2022 - 1ª Câmara.</p><p>11. Data da Sessão: 16/8/2022 - Ordinária.</p><p>12. Código eletrônico para localização na página do TCU na Internet: AC-4605-28/22-1.</p><p>13. Especificação do quórum:</p><p>13.1. Ministros presentes: Benjamin Zymler (na Presidência), Walton Alencar Rodrigues (Relator), Vital do Rêgo e Jorge Oliveira.</p><p>13.2. Ministros-Substitutos presentes: Augusto Sherman Cavalcanti e Weder de Oliveira.</p><p>ACÓRDÃO Nº 4606/2022 - TCU - 1ª Câmara</p><p>1. Processo nº TC 006.591/2022-1.</p><p>2. Grupo I - Classe de Assunto:</p><p>3. Interessados/Responsáveis:</p><p>3.1. Interessado: Anderson Rodrigues de Sousa (183.374.221-49).</p><p>4. Órgão/Entidade: Fundação Universidade de Brasília.</p><p>5. Relator: Ministro Walton Alencar Rodrigues.</p><p>6. Representante do Ministério Público: Procuradora-Geral Cristina Machado da Costa e Silva.</p><p>7. Unidade Técnica: Secretaria de Fiscalização de Integridade de Atos e Pagamentos de Pessoal e de Benefícios Sociais (Sefip).</p><p>8. Representação legal: não há.</p><p>9. Acórdão:</p><p>VISTOS, relatados e discutidos estes autos que tratam de ato de concessão de aposentadoria, emitido pela Fundação Universidade de Brasília, em favor do ex-servidor Anderson Rodrigues de Sousa;</p><p>ACORDAM os Ministros do Tribunal de Contas da União, reunidos em Sessão da Primeira Câmara, diante das razões expostas pelo relator e com fundamento no art. 71, inciso III, da Constituição Federal, nos arts. 1º, inciso V, e 39, inciso II, da Lei 8.443/1992 e no art. 260, § 1º, do RI/TCU, em:</p><p>9.1. considerar ilegal o ato de concessão de aposentadoria a Anderson Rodrigues de Sousa, negando-lhe registro;</p><p>9.2. determinar à Fundação Universidade de Brasília que:</p><p>9.2.1. corrija, no prazo de quinze dias, contado a partir da ciência desta deliberação, sob pena de responsabilidade solidária da autoridade administrativa omissa, o valor da rubrica "10289-DECISAO JUDICIAL N TRAN JUG AP (Decisão judicial - Outros)", referente à URP de fevereiro de 1989, paga ao interessado, restabelecendo aquele verificado em setembro de 2010, mês em que foi proferida a decisão liminar judicial que assegurou sua irredutibilidade;</p><p>9.2.2. dê ciência do inteiro teor desta deliberação ao interessado, no prazo de quinze dias, e faça juntar aos autos o comprovante dessa notificação, nos quinze dias subsequentes, alertando-o de que o efeito suspensivo proveniente da interposição de eventuais recursos perante o Tribunal não o exime da devolução dos valores percebidos indevidamente após a respectiva notificação, caso os recursos não sejam providos;</p><p>9.2.3. na hipótese de eventual desconstituição da decisão liminar proferida no âmbito do MS 28.819/DF, em trâmite no STF, faça cessar os pagamentos decorrentes da URP (26,05%) em relação ao ato impugnado e proceda à restituição dos valores pagos a esse título desde a impetração da ação, nos termos do art. 46 da Lei 8.112/1990, salvo expressa disposição judicial em sentido diverso;</p><p>9.2.4. após a sentença de mérito definitiva (transitada em julgado) que vier a ser proferida no processo judicial acima referido, emita novo ato de concessão de aposentadoria para Anderson Rodrigues de Sousa, submetendo-o ao exame desta Corte de Contas.</p><p>10. Ata n° 28/2022 - 1ª Câmara.</p><p>11. Data da Sessão: 16/8/2022 - Ordinária.</p><p>12. Código eletrônico para localização na página do TCU na Internet: AC-4606-28/22-1.</p><p>13. Especificação do quórum:</p><p>13.1. Ministros presentes: Benjamin Zymler (na Presidência), Walton Alencar Rodrigues (Relator), Vital do Rêgo e Jorge Oliveira.</p><p>13.2. Ministros-Substitutos presentes: Augusto Sherman Cavalcanti e Weder de Oliveira.</p><p>ACÓRDÃO Nº 4607/2022 - TCU - 1ª Câmara</p><p>1. Processo nº TC 006.781/2022-5.</p><p>2. Grupo I - Classe de Assunto:</p><p>3. Interessados/Responsáveis:</p><p>3.1. Interessado: Walmeria Rodrigues da Cunha e Faria (302.452.061-91).</p><p>4. Órgão/Entidade: Fundação Universidade de Brasília.</p><p>5. Relator: Ministro Walton Alencar Rodrigues.</p><p>6. Representante do Ministério Público: Procurador Sergio Ricardo Costa Caribé.</p><p>7. Unidade Técnica: Secretaria de Fiscalização de Integridade de Atos e Pagamentos de Pessoal e de Benefícios Sociais (Sefip).</p><p>8. Representação legal: não há.</p><p>9. Acórdão:</p><p>VISTOS, relatados e discutidos estes autos que tratam de ato de concessão de aposentadoria, emitido pela Fundação Universidade de Brasília, em favor da ex-servidora Walmeria Rodrigues da Cunha e Faria;</p><p>ACORDAM os Ministros do Tribunal de Contas da União, reunidos em Sessão da Primeira Câmara, diante das razões expostas pelo relator e com fundamento no art. 71, inciso III, da Constituição Federal, nos arts. 1º, inciso V, e 39, inciso II, da Lei 8.443/1992 e no art. 260, § 1º, do RI/TCU, em:</p><p>9.1. considerar ilegal o ato de concessão de aposentadoria a Walmeria Rodrigues da Cunha e Faria, negando-lhe registro;</p><p>9.2. determinar à Fundação Universidade de Brasília que:</p><p>9.2.1. corrija, no prazo de quinze dias, contado a partir da ciência desta deliberação, sob pena de responsabilidade solidária da autoridade administrativa omissa, o valor da rubrica "10289-DECISAO JUDICIAL N TRAN JUG AP (Decisão judicial - Outros)", referente à URP de fevereiro de 1989, paga à interessada, restabelecendo aquele verificado em setembro de 2010, mês em que foi proferida a decisão liminar judicial que assegurou sua irredutibilidade;</p><p>9.2.2. dê ciência do inteiro teor desta deliberação à interessada, no prazo de quinze dias, e faça juntar aos autos o comprovante dessa notificação, nos quinze dias subsequentes, alertando-a de que o efeito suspensivo proveniente da interposição de eventuais recursos perante o Tribunal não a exime da devolução dos valores percebidos indevidamente após a respectiva notificação, caso os recursos não sejam providos;</p><p>9.2.3. na hipótese de eventual desconstituição da decisão liminar proferida no âmbito do MS 28.819/DF, em trâmite no STF, faça cessar os pagamentos decorrentes da URP (26,05%) em relação ao ato impugnado e proceda à restituição dos valores pagos a esse título desde a impetração da ação, nos termos do art. 46 da Lei 8.112/1990, salvo expressa disposição judicial em sentido diverso;</p><p>9.2.4. após a sentença de mérito definitiva (transitada em julgado) que vier a ser proferida no processo judicial acima referido, emita novo ato de concessão de aposentadoria para Walmeria Rodrigues da Cunha e Faria, submetendo-o ao exame desta Corte de Contas.</p><p>10. Ata n° 28/2022 - 1ª Câmara.</p><p>11. Data da Sessão: 16/8/2022 - Ordinária.</p><p>12. Código eletrônico para localização na página do TCU na Internet: AC-4607-28/22-1.</p><p>13. Especificação do quórum:</p><p>13.1. Ministros presentes: Benjamin Zymler (na Presidência), Walton Alencar Rodrigues (Relator), Vital do Rêgo e Jorge Oliveira.</p><p>13.2. Ministros-Substitutos presentes: Augusto Sherman Cavalcanti e Weder de Oliveira.</p><p>ACÓRDÃO Nº 4608/2022 - TCU - 1ª Câmara</p><p>1. Processo nº TC 007.056/2022-2.</p><p>2. Grupo II - Classe de Assunto: I Embargos de Declaração (Representação)</p><p>3. Interessados/Responsáveis/Recorrentes:</p><p>3.1. Recorrente: Contato Serviços de Conservação e Manutenção Eireli (04.768.594/0001-36)..</p><p>4. Órgão/Entidade: Distrito Sanitário Especial Indígena Tipo I - Vale do Javari.</p><p>5. Relator: Ministro Walton Alencar Rodrigues</p><p>5.1. Relator da deliberação recorrida: Ministro Walton Alencar Rodrigues.</p><p>6. Representante do Ministério Público: não atuou.</p><p>7. Unidade Técnica: Secretaria de Controle Externo de Aquisições Logísticas (Selog).</p><p>8. Representação legal: João Lucas Pantoja Vieira (9982/OAB-AM).</p><p>9. Acórdão:</p><p>VISTOS, relatados e discutidos estes autos de embargos de declaração opostos por Contato Serviços de Conservação e Manutenção contra o Acórdão 3687/2022-1ª Câmara.</p><p>ACORDAM os Ministros do Tribunal de Contas da União, reunidos em sessão da 1ª Câmara, ante as razões expostas pelo Relator e com fundamento nos artigos 32, inciso II, e 34 da Lei 8443/1992, em:</p><p>9.1. conhecer dos embargos de declaração para, no mérito, rejeitá-los;</p><p>9.2. dar ciência desta deliberação ao embargante.</p><p>10. Ata n° 28/2022 - 1ª Câmara.</p><p>11. Data da Sessão: 16/8/2022 - Ordinária.</p><p>12. Código eletrônico para localização na página do TCU na Internet: AC-4608-28/22-1.</p><p>13. Especificação do quórum:</p><p>13.1. Ministros presentes: Benjamin Zymler (na Presidência), Walton Alencar Rodrigues (Relator), Vital do Rêgo e Jorge Oliveira.</p><p>13.2. Ministros-Substitutos presentes: Augusto Sherman Cavalcanti e Weder de Oliveira.</p><p>ACÓRDÃO Nº 4609/2022 - TCU - 1ª Câmara</p><p>1. Processo nº TC 009.566/2016-3.</p><p>2. Grupo I - Classe de Assunto: II - Tomada de Contas Especial</p><p>3. Interessados/Responsáveis:</p><p>3.1. Interessado: Ministério do Desenvolvimento Social (extinta) (05.526.783/0001-65).</p><p>3.2. Responsáveis: Itamar Gama Nascimento Junior (544.427.105-20); Marcelo Olegário Soares (804.144.356-72)..</p><p>4. Órgão/Entidade: Município de Divisa Alegre - MG.</p><p>5. Relator: Ministro Walton Alencar Rodrigues.</p><p>6. Representante do Ministério Público: Procuradora-Geral Cristina Machado da Costa e Silva.</p><p>7. Unidade Técnica: Secretaria de Controle Externo de Tomada de Contas Especial (SecexTCE).</p><p>8. Representação legal: não há.</p><p>9. Acórdão:</p><p>VISTOS, relatados e discutidos estes autos de Tomada de Contas Especial instaurada pelo Fundo Nacional de Assistência Social do Ministério do Desenvolvimento Social e Combate à Fome, em desfavor de Itamar Gama Nascimento Júnior, prefeito municipal de Divisa Alegre/MG no período de 2008-2012, e do prefeito sucessor, Marcelo Olegário Soares, em razão da omissão no dever de prestar contas dos recursos repassados àquela municipalidade por força dos Programas Proteção Social Básica e Proteção Social Especial, no exercício de 2010,</p><p>ACORDAM os Ministros do Tribunal de Contas da União, reunidos em sessão de Primeira Câmara, diante das razões expostas pelo relator, em:</p><p>9.1. excluir Marcelo Olegário Soares da presente tomada de contas especial;</p><p>9.2. considerar revel Itamar Gama Nascimento Júnior, para todos os efeitos, com fundamento no art. 12, § 3º, da Lei 8.443/1992, dando-se prosseguimento ao processo;</p><p>9.3. julgar irregulares as contas de Itamar Gama Nascimento Júnior, com fundamento nos arts. 1º, inciso I, 16, III, "b" e "c", e 19, caput, da Lei 8.443/1992, e condená-lo solidariamente ao pagamento das quantias a seguir especificadas, com a fixação do prazo de quinze dias, a contar da notificação, para que comprove, perante o Tribunal (art. 214, inciso III, alínea "a", do Regimento Interno do TCU), o recolhimento da dívida ao Fundo Nacional de Assistência Social, atualizada monetariamente e acrescida dos juros de mora, calculados a partir das datas discriminadas, até a data do recolhimento, na forma prevista na legislação em vigor;</p><p /><p></p><table><tr /><tr><td rowspan="1" colspan="1"><p>Data de ocorrência</p></td><td rowspan="1" colspan="1"><p>Valor histórico (R$)</p></td></tr><tr><td rowspan="1" colspan="1"><p>17/03/2010</p></td><td rowspan="1" colspan="1"><p>360,92</p></td></tr><tr><td rowspan="1" colspan="1"><p>21/06/2010</p></td><td rowspan="1" colspan="1"><p>40,00</p></td></tr><tr><td rowspan="1" colspan="1"><p>28/06/2010</p></td><td rowspan="1" colspan="1"><p>40,00</p></td></tr><tr><td rowspan="1" colspan="1"><p>28/06/2010</p></td><td rowspan="1" colspan="1"><p>40,00</p></td></tr><tr><td rowspan="1" colspan="1"><p>02/07/2010</p></td><td rowspan="1" colspan="1"><p>40,00</p></td></tr><tr><td rowspan="1" colspan="1"><p>24/08/2010</p></td><td rowspan="1" colspan="1"><p>40,00</p></td></tr><tr><td rowspan="1" colspan="1"><p>24/08/2010</p></td><td rowspan="1" colspan="1"><p>40,00</p></td></tr><tr><td rowspan="1" colspan="1"><p>24/08/2010</p></td><td rowspan="1" colspan="1"><p>40,00</p></td></tr><tr><td rowspan="1" colspan="1"><p>30/08/2010</p></td><td rowspan="1" colspan="1"><p>40,00</p></td></tr><tr><td rowspan="1" colspan="1"><p>30/08/2010</p></td><td rowspan="1" colspan="1"><p>40,00</p></td></tr><tr><td rowspan="1" colspan="1"><p>30/08/2010</p></td><td rowspan="1" colspan="1"><p>40,00</p></td></tr><tr><td rowspan="1" colspan="1"><p>02/09/2010</p></td><td rowspan="1" colspan="1"><p>40,00</p></td></tr><tr><td rowspan="1" colspan="1"><p>14/09/2010</p></td><td rowspan="1" colspan="1"><p>40,00</p></td></tr><tr><td rowspan="1" colspan="1"><p>10/09/2010</p></td><td rowspan="1" colspan="1"><p>4.900,00</p></td></tr><tr><td rowspan="1" colspan="1"><p>21/01/2010</p></td><td rowspan="1" colspan="1"><p>129,50</p></td></tr><tr><td rowspan="1" colspan="1"><p>01/03/2010</p></td><td rowspan="1" colspan="1"><p>181,97</p></td></tr><tr><td rowspan="1" colspan="1"><p>14/04/2010</p></td><td rowspan="1" colspan="1"><p>3.237,73</p></td></tr><tr><td rowspan="1" colspan="1"><p>12/05/2010</p></td><td rowspan="1" colspan="1"><p>4.500,00</p></td></tr><tr><td rowspan="1" colspan="1"><p>14/07/2010</p></td><td rowspan="1" colspan="1"><p>3.000,00</p></td></tr><tr><td rowspan="1" colspan="1"><p>14/07/2010</p></td><td rowspan="1" colspan="1"><p>3.500,00</p></td></tr><tr><td rowspan="1" colspan="1"><p>14/07/2010</p></td><td rowspan="1" colspan="1"><p>3.500,00</p></td></tr><tr><td rowspan="1" colspan="1"><p>14/07/2010</p></td><td rowspan="1" colspan="1"><p>1.000,00</p></td></tr><tr><td rowspan="1" colspan="1"><p>15/07/2010</p></td><td rowspan="1" colspan="1"><p>500,00</p></td></tr><tr><td rowspan="1" colspan="1"><p>02/08/2010</p></td><td rowspan="1" colspan="1"><p>4.000,00</p></td></tr><tr><td rowspan="1" colspan="1"><p>06/08/2010</p></td><td rowspan="1" colspan="1"><p>500,00</p></td></tr><tr><td rowspan="1" colspan="1"><p>17/08/2010</p></td><td rowspan="1" colspan="1"><p>1.000,00</p></td></tr><tr><td rowspan="1" colspan="1"><p>30/08/2010</p></td><td rowspan="1" colspan="1"><p>500,00</p></td></tr><tr><td rowspan="1" colspan="1"><p>02/09/2010</p></td><td rowspan="1" colspan="1"><p>5.000,00</p></td></tr><tr><td rowspan="1" colspan="1"><p>06/09/2010</p></td><td rowspan="1" colspan="1"><p>1.000,00</p></td></tr><tr><td rowspan="1" colspan="1"><p>08/09/2010</p></td><td rowspan="1" colspan="1"><p>15.000,00</p></td></tr><tr><td rowspan="1" colspan="1"><p>10/09/2010</p></td><td rowspan="1" colspan="1"><p>3.000,00</p></td></tr><tr><td rowspan="1" colspan="1"><p>28/09/2010</p></td><td rowspan="1" colspan="1"><p>5.000,00</p></td></tr><tr><td rowspan="1" colspan="1"><p>03/11/2010</p></td><td rowspan="1" colspan="1"><p>4.800,00</p></td></tr><tr><td rowspan="1" colspan="1"><p>21/12/2010</p></td><td rowspan="1" colspan="1"><p>4.600,00</p></td></tr><tr><td rowspan="1" colspan="1"><p>30/03/2010</p></td><td rowspan="1" colspan="1"><p>537,74</p></td></tr><tr><td rowspan="1" colspan="1"><p>29/04/2010</p></td><td rowspan="1" colspan="1"><p>537,74</p></td></tr><tr><td rowspan="1" colspan="1"><p>31/05/2010</p></td><td rowspan="1" colspan="1"><p>537,74</p></td></tr><tr><td rowspan="1" colspan="1"><p>30/06/2010</p></td><td rowspan="1" colspan="1"><p>537,74</p></td></tr><tr><td rowspan="1" colspan="1"><p>28/01/2010</p></td><td rowspan="1" colspan="1"><p>476,65</p></td></tr><tr><td rowspan="1" colspan="1"><p>04/01/2010</p></td><td rowspan="1" colspan="1"><p>2.116,00</p></td></tr><tr><td rowspan="1" colspan="1"><p>05/01/2010</p></td><td rowspan="1" colspan="1"><p>536,63</p></td></tr><tr><td rowspan="1" colspan="1"><p>04/03/2010</p></td><td rowspan="1" colspan="1"><p>601,34</p></td></tr><tr><td rowspan="1" colspan="1"><p>04/06/2010</p></td><td rowspan="1" colspan="1"><p>5.304,46</p></td></tr><tr><td rowspan="1" colspan="1"><p>29/09/2010</p></td><td rowspan="1" colspan="1"><p>16.000,00</p></td></tr><tr><td rowspan="1" colspan="1"><p>03/11/2010</p></td><td rowspan="1" colspan="1"><p>4.500,00</p></td></tr><tr><td rowspan="1" colspan="1"><p>21/12/2010</p></td><td rowspan="1" colspan="1"><p>4.000,00</p></td></tr><tr><td rowspan="1" colspan="1"><p>21/06/2010</p></td><td rowspan="1" colspan="1"><p>284,32</p></td></tr><tr><td rowspan="1" colspan="1"><p>28/09/2010</p></td><td rowspan="1" colspan="1"><p>16.000,00</p></td></tr><tr><td rowspan="1" colspan="1"><p>26/10/2010</p></td><td rowspan="1" colspan="1"><p>1.000,00</p></td></tr><tr><td rowspan="1" colspan="1"><p>26/10/2010</p></td><td rowspan="1" colspan="1"><p>1.800,00</p></td></tr><tr><td rowspan="1" colspan="1"><p>31/05/2010</p></td><td rowspan="1" colspan="1"><p>40,00</p></td></tr><tr><td rowspan="1" colspan="1"><p>16/06/2010</p></td><td rowspan="1" colspan="1"><p>40,00</p></td></tr><tr><td rowspan="1" colspan="1"><p>09/07/2010</p></td><td rowspan="1" colspan="1"><p>40,00</p></td></tr><tr><td rowspan="1" colspan="1"><p>19/07/2010</p></td><td rowspan="1" colspan="1"><p>40,00</p></td></tr><tr><td rowspan="1" colspan="1"><p>20/07/2010</p></td><td rowspan="1" colspan="1"><p>40,00</p></td></tr><tr><td rowspan="1" colspan="1"><p>20/07/2010</p></td><td rowspan="1" colspan="1"><p>40,00</p></td></tr><tr><td rowspan="1" colspan="1"><p>08/08/2010</p></td><td rowspan="1" colspan="1"><p>40,00</p></td></tr><tr><td rowspan="1" colspan="1"><p>06/08/2010</p></td><td rowspan="1" colspan="1"><p>40,00</p></td></tr><tr><td rowspan="1" colspan="1"><p>09/08/2010</p></td><td rowspan="1" colspan="1"><p>40,00</p></td></tr><tr><td rowspan="1" colspan="1"><p>13/08/2010</p></td><td rowspan="1" colspan="1"><p>40,00</p></td></tr><tr><td rowspan="1" colspan="1"><p>16/08/2010</p></td><td rowspan="1" colspan="1"><p>40,00</p></td></tr><tr><td rowspan="1" colspan="1"><p>10/08/2010</p></td><td rowspan="1" colspan="1"><p>40,00</p></td></tr><tr><td rowspan="1" colspan="1"><p>24/08/2010</p></td><td rowspan="1" colspan="1"><p>40,00</p></td></tr><tr><td rowspan="1" colspan="1"><p>02/03/2010</p></td><td rowspan="1" colspan="1"><p>1.546,67</p></td></tr><tr><td rowspan="1" colspan="1"><p>04/06/2010</p></td><td rowspan="1" colspan="1"><p>247,00</p></td></tr><tr><td rowspan="1" colspan="1"><p>09/06/2010</p></td><td rowspan="1" colspan="1"><p>1.398,86</p></td></tr><tr><td rowspan="1" colspan="1"><p>09/07/2010</p></td><td rowspan="1" colspan="1"><p>10.000,00</p></td></tr><tr><td rowspan="1" colspan="1"><p>02/08/2010</p></td><td rowspan="1" colspan="1"><p>3.000,00</p></td></tr><tr><td rowspan="1" colspan="1"><p>02/08/2010</p></td><td rowspan="1" colspan="1"><p>2.500,00</p></td></tr><tr><td rowspan="1" colspan="1"><p>09/08/2010</p></td><td rowspan="1" colspan="1"><p>1.000,00</p></td></tr><tr><td rowspan="1" colspan="1"><p>17/08/2010</p></td><td rowspan="1" colspan="1"><p>1.000,00</p></td></tr><tr><td rowspan="1" colspan="1"><p>03/09/2010</p></td><td rowspan="1" colspan="1"><p>1.000,00</p></td></tr><tr><td rowspan="1" colspan="1"><p>22/09/2010</p></td><td rowspan="1" colspan="1"><p>11.900,00</p></td></tr></table><p>9.4. aplicar a Itamar Gama Nascimento Júnior a multa individual prevista no artigo 57 da Lei 8.443/1992, no valor de R$ 300.000,00 (trezentos mil reais), fixando-lhe o prazo de 15 (quinze) dias, a contar da notificação, para que comprove, perante o Tribunal (art. 214, inciso III, alínea "a", do Regimento Interno), o recolhimento da dívida ao Tesouro Nacional, atualizada monetariamente desde a data do presente acórdão até a do efetivo recolhimento, se for paga após o vencimento, na forma da legislação em vigor;</p><p>9.5. autorizar, desde logo, a cobrança judicial da dívida, caso não atendida a notificação, na forma do disposto no art. 28, inciso II, da Lei 8.443/1992;</p><p>9.6. dar ciência do presente acórdão à Caixa Econômica Federal e ao responsável;</p><p>9.7. encaminhar cópia desta deliberação ao Procurador-Chefe da Procuradoria da República no Estado de Minas Gerais, nos termos do art. 16, § 3º, da Lei 8.443/1992 c/c o art. 209, § 7º, do Regimento Interno do TCU, para adoção das medidas que entender cabíveis.</p><p>10. Ata n° 28/2022 - 1ª Câmara.</p><p>11. Data da Sessão: 16/8/2022 - Ordinária.</p><p>12. Código eletrônico para localização na página do TCU na Internet: AC-4609-28/22-1.</p><p>13. Especificação do quórum:</p><p>13.1. Ministros presentes: Benjamin Zymler (na Presidência), Walton Alencar Rodrigues (Relator), Vital do Rêgo e Jorge Oliveira.</p><p>13.2. Ministros-Substitutos presentes: Augusto Sherman Cavalcanti e Weder de Oliveira.</p><p>ACÓRDÃO Nº 4610/2022 - TCU - 1ª Câmara</p><p>1. Processo nº TC 016.727/2019-3.</p><p>2. Grupo I - Classe de Assunto: Tomada de Contas Especial.</p><p>3. Interessados/Responsáveis:</p><p>3.1. Responsável: Leonardo Jose Barbalho Carneiro (397.164.574-72).</p><p>4. Órgão/Entidade: Prefeitura Municipal de Pitimbu/PB.</p><p>5. Relator: Ministro Walton Alencar Rodrigues.</p><p>6. Representante do Ministério Público: Procuradora-Geral Cristina Machado da Costa e Silva.</p><p>7. Unidade Técnica: Secretaria de Controle Externo de Tomada de Contas Especial (SecexTCE).</p><p>8. Representação legal: não há.</p><p>9. Acórdão:</p><p>Vistos, relatados e discutidos estes autos de tomada de contas especial instaurada pela Caixa Econômica Federal (CAIXA), em razão da não comprovação da regular aplicação de recursos oriundos do Ministério do Turismo, repassados ao Município de Pitimbu/PB, por meio do Contrato de Repasse 187.027-44/2005;</p><p>ACORDAM os Ministros do Tribunal de Contas da União, reunidos em sessão da Primeira Câmara, diante das razões expostas pelo relator, em:</p><p>9.1. declarar a revelia de Leonardo José Barbalho Carneiro, nos termos do art. 12, § 3º, da Lei 8.443/1992;</p><p>9.2. julgar irregulares, com fulcro nos artigos 1º, inciso I, 16, inciso III, alínea "c", 19 e 23, inciso III, alínea "a", da Lei 8.442/1992, as contas de Leonardo José Barbalho Carneiro, condenando-o ao pagamento das importâncias a seguir discriminadas, atualizadas monetariamente e acrescidas dos juros de mora, calculados a partir das respectivas datas de ocorrência, até a data da efetiva quitação, fixando-lhes o prazo de 15 dias, para que comprovem, perante o TCU, o recolhimento das referidas quantias aos cofres do Tesouro Nacional:</p><p /><p></p><table><tr /><tr><td rowspan="1" colspan="1"><p>DATA DA OCORRÊNCIA</p></td><td rowspan="1" colspan="1"><p>VALOR ORIGINAL (R$)</p></td></tr><tr><td rowspan="1" colspan="1"><p>13/06/2007</p></td><td rowspan="1" colspan="1"><p>111.922,00</p></td></tr><tr><td rowspan="1" colspan="1"><p>18/10/2007</p></td><td rowspan="1" colspan="1"><p>37.308,00</p></td></tr><tr><td rowspan="1" colspan="1"><p>26/06/2008</p></td><td rowspan="1" colspan="1"><p>130.845,85</p></td></tr><tr><td rowspan="1" colspan="1"><p>02/09/2008</p></td><td rowspan="1" colspan="1"><p>138.317,91</p></td></tr><tr><td rowspan="1" colspan="1"><p>08/01/2009</p></td><td rowspan="1" colspan="1"><p>206.559,74</p></td></tr><tr><td rowspan="1" colspan="1"><p>25/02/2009</p></td><td rowspan="1" colspan="1"><p>191.419,90</p></td></tr><tr><td rowspan="1" colspan="1"><p>02/04/2009</p></td><td rowspan="1" colspan="1"><p>166.735,15</p></td></tr><tr><td rowspan="1" colspan="1"><p>06/07/2009</p></td><td rowspan="1" colspan="1"><p>136.642,20</p></td></tr><tr><td rowspan="1" colspan="1"><p>24/08/2009</p></td><td rowspan="1" colspan="1"><p>224.476,03</p></td></tr><tr><td rowspan="1" colspan="1"><p>03/11/2009</p></td><td rowspan="1" colspan="1"><p>220.439,76</p></td></tr><tr><td rowspan="1" colspan="1"><p>19/01/2010</p></td><td rowspan="1" colspan="1"><p>226.626,68</p></td></tr><tr><td rowspan="1" colspan="1"><p>21/05/2010</p></td><td rowspan="1" colspan="1"><p>128.824,53</p></td></tr><tr><td rowspan="1" colspan="1"><p>31/01/2011</p></td><td rowspan="1" colspan="1"><p>221.637,16</p></td></tr><tr><td rowspan="1" colspan="1"><p>05/07/2011</p></td><td rowspan="1" colspan="1"><p>169.721,05</p></td></tr><tr><td rowspan="1" colspan="1"><p>23/08/2012</p></td><td rowspan="1" colspan="1"><p>119.147,20</p></td></tr></table><p>9.3. aplicar à Leonardo José Barbalho Carneiro, a multa individual prevista no art. 57 da Lei 8.443/1993, no valor de R$ 1.000.000,00, fixando-lhe o prazo de 15 dias, a contar da notificação, para que comprove, perante o Tribunal (art. 214, inciso III, alínea "a", do Regimento Interno), o recolhimento da dívida ao Tesouro Nacional, atualizada monetariamente desde a data do presente acórdão, até a do efetivo recolhimento, se paga após o vencimento, na forma da legislação em vigor;</p><p>9.4. autorizar a cobrança judicial das dívidas, caso não atendidas as notificações, nos termos do art. 28, inciso II, da Lei 8.443/1992, inciso II, do Regimento Interno do TCU;</p><p>9.5. dar ciência desta deliberação à Procuradoria da República no Estado da Paraíba, nos termos do art. 16, § 3º, da Lei 8.443/1992.</p><p>10. Ata n° 28/2022 - 1ª Câmara.</p><p>11. Data da Sessão: 16/8/2022 - Ordinária.</p><p>12. Código eletrônico para localização na página do TCU na Internet: AC-4610-28/22-1.</p><p>13. Especificação do quórum:</p><p>13.1. Ministros presentes: Benjamin Zymler (na Presidência), Walton Alencar Rodrigues (Relator), Vital do Rêgo e Jorge Oliveira.</p><p>13.2. Ministros-Substitutos presentes: Augusto Sherman Cavalcanti e Weder de Oliveira.</p><p>ACÓRDÃO Nº 4611/2022 - TCU - 1ª Câmara</p><p>1. Processo nº TC 019.067/2013-5.</p><p>2. Grupo I - Classe de Assunto: Tomada de Contas Especial.</p><p>3. Interessados/Responsáveis:</p><p>3.1. Interessado: Fundação Nacional de Saúde (26.989.350/0001-16).</p><p>3.2. Responsáveis: Denner Rodrigo Londes (975.575.281-15); Mara Alice Aparecida da Silva Borges (492.137.841-04); MYL Engenharia e Construções Ltda. - ME (04.848.846/0001-37).</p><p>4. Órgão/Entidade: Prefeitura Municipal de Mossâmedes - GO.</p><p>5. Relator: Ministro Walton Alencar Rodrigues.</p><p>6. Representante do Ministério Público: Subprocurador-Geral Paulo Soares Bugarin.</p><p>7. Unidade Técnica: Secretaria de Controle Externo de Tomada de Contas Especial (SecexTCE).</p><p>8. Representação Legal: Anna Carulina Borges Silva da Costa (32.673/OAB-GO), Clodomiro de Oliveira (13.229/OAB-GO), Gilberto Pereira Borges (24.336/OAB-GO).</p><p>9. Acórdão:</p><p>Vistos, relatados e discutidos estes autos de tomada de contas especial instaurada pela Superintendência Estadual da Funasa em Goiás Mossâmedes/GO, em razão de irregularidades na execução do Convênio 120/2006, firmado com o Município de Mossâmedes/GO;</p><p>ACORDAM os Ministros do Tribunal de Contas da União, reunidos em sessão da Primeira Câmara, diante das razões expostas pelo relator, em:</p><p>9.1. acolher as alegações de defesa apresentadas por Divina Lucia de Almeida Dias;</p><p>9.2. julgar regulares as contas de Divina Lúcia de Almeida Dias, dando-lhe quitação plena;</p><p>9.3. julgar irregulares, com fulcro nos artigos 1º, inciso I, 16, inciso III, alínea "c" e "d", 19 e 23, inciso III, alínea "a", da Lei 8.442/1992, as contas de Mara Alice Aparecida da Silva Borges, de Denner Rodrigo Londes e da empresa MYL Engenharia e Construtora Ltda., condenando-os ao pagamento da importância de R$ 91.455,77, atualizada monetariamente e acrescidas dos juros de mora, calculados a partir de 10/1/2008, até a data da efetiva quitação, fixando-lhes o prazo de 15 dias, para que comprovem, perante o TCU, o recolhimento da dívida aos cofres do Tesouro Nacional;</p><p>9.4. aplicar a Mara Alice Aparecida da Silva Borges, a Denner Rodrigo Londes e a empresa MYL Engenharia e Construtora Ltda. a multa prevista no art. 57 da Lei 8.443/1993, no valor individual de R$ 200.000,00, fixando-lhes o prazo de 15 dias, a contar da notificação, para que comprovem, perante o Tribunal (art. 214, inciso III, alínea "a", do Regimento Interno), o recolhimento da dívida ao Tesouro Nacional, atualizada monetariamente desde a data do presente acórdão, até a do efetivo recolhimento, se paga após o vencimento, na forma da legislação em vigor;</p><p>9.5. autorizar a cobrança judicial das dívidas, caso não atendidas as notificações, nos termos do art. 28, inciso II, da Lei 8.443/1992, inciso II, do Regimento Interno do TCU;</p><p>9.6. dar ciência desta deliberação à Procuradoria da República no Estado de Goiás, nos termos do art. 16, § 3º, da Lei 8.443/1992.</p><p>10. Ata n° 28/2022 - 1ª Câmara.</p><p>11. Data da Sessão: 16/8/2022 - Ordinária.</p><p>12. Código eletrônico para localização na página do TCU na Internet: AC-4611-28/22-1.</p><p>13. Especificação do quórum:</p><p>13.1. Ministros presentes: Benjamin Zymler (na Presidência), Walton Alencar Rodrigues (Relator), Vital do Rêgo e Jorge Oliveira.</p><p>13.2. Ministros-Substitutos presentes: Augusto Sherman Cavalcanti e Weder de Oliveira.</p><p>ACÓRDÃO Nº 4612/2022 - TCU - 1ª Câmara</p><p>1. Processo nº TC 020.991/2015-0.</p><p>2. Grupo II - Classe de Assunto: II - Tomada de Contas Especial.</p><p>3. Interessados/Responsáveis:</p><p>3.1. Interessado: Fundação Nacional de Saúde (26.989.350/0001-16).</p><p>3.2. Responsáveis: Arguinel Paixao Souza Pinto (849.631.666-15); Domingos Martins da Rocha (540.307.226-87); Edileide Lopes dos Santos (012.555.426-59).</p><p>4. Órgão/Entidade: Prefeitura Municipal de Pintópolis - MG.</p><p>5. Relator: Ministro Walton Alencar Rodrigues.</p><p>6. Representante do Ministério Público: Subprocurador-Geral Lucas Rocha Furtado.</p><p>7. Unidade Técnica: Secretaria de Controle Externo de Tomada de Contas Especial (SecexTCE).</p><p>8. Representação legal: Gabriela Goncalves de Oliveira (138.097/OAB-MG) e Raoni Muller Viana de Oliveira (59177/OAB-DF).</p><p>9. Acórdão:</p><p>VISTOS, relatados e discutidos estes autos de tomada de contas especial instaurada pela Fundação Nacional de Saúde (Funasa) em desfavor de Domingos Martins da Rocha, em decorrência da não consecução dos objetivos pactuados no Termo de Compromisso TC/PAC 824/2007 (Siafi 633.064),</p><p>ACORDAM os Ministros do Tribunal de Contas da União, reunidos em sessão de Primeira Câmara, diante das razões expostas pelo relator, em:</p><p>9.1. considerar revel Edileide Lopes dos Santos, para todos os efeitos, com fundamento no art. 12, § 3º, da Lei 8.443/1992, dando-se prosseguimento ao processo;</p><p>9.2. julgar irregulares as contas de Domingos Martins da Rocha, Edileide Lopes dos Santos e de Arguinel Paixão Souza Pinto, com fundamento nos arts. 1º, inciso I, 16, III, "c", 19 e 23, III, da Lei 8.443/1992, e condená-los, em regime de solidariedade, ao pagamento das quantias a seguir especificadas, com a fixação do prazo de quinze dias, a contar da notificação, para que comprovem, perante o Tribunal (art. 214, inciso III, alínea "a", do Regimento Interno do TCU), o recolhimento das dívidas à Fundação Nacional de Saúde, atualizadas monetariamente e acrescidas dos juros de mora, calculados a partir das datas discriminadas, até a data do recolhimento, na forma prevista na legislação em vigor;</p><p /><p></p><table><tr /><tr><td rowspan="1" colspan="1"><p>DATA DA OCORRÊNCIA</p></td><td rowspan="1" colspan="1"><p>VALOR ORIGINAL (R$)</p></td><td rowspan="1" colspan="1"><p>TIPO</p></td></tr><tr><td rowspan="1" colspan="1"><p>28/12/2009</p></td><td rowspan="1" colspan="1"><p>340.000,00</p></td><td rowspan="1" colspan="1"><p>Débito</p></td></tr><tr><td rowspan="1" colspan="1"><p>16/04/2010</p></td><td rowspan="1" colspan="1"><p>680.000,00</p></td><td rowspan="1" colspan="1"><p>Débito</p></td></tr><tr><td rowspan="1" colspan="1"><p>26/10/2010</p></td><td rowspan="1" colspan="1"><p>170.000,00</p></td><td rowspan="1" colspan="1"><p>Débito</p></td></tr><tr><td rowspan="1" colspan="1"><p>29/03/2011</p></td><td rowspan="1" colspan="1"><p>510.000,00</p></td><td rowspan="1" colspan="1"><p>Débito</p></td></tr><tr><td rowspan="1" colspan="1"><p>04/08/2014</p></td><td rowspan="1" colspan="1"><p>21.466,35</p></td><td rowspan="1" colspan="1"><p>Crédito</p></td></tr><tr><td rowspan="1" colspan="1"><p>05/08/2014</p></td><td rowspan="1" colspan="1"><p>8,22</p></td><td rowspan="1" colspan="1"><p>Crédito</p></td></tr><tr><td rowspan="1" colspan="1"><p>12/08/2014</p></td><td rowspan="1" colspan="1"><p>0,01</p></td><td rowspan="1" colspan="1"><p>Crédito</p></td></tr></table><p>9.3. aplicar a Domingos Martins da Rocha, Edileide Lopes dos Santos e Arguinel Paixão Souza Pinto a multa individual prevista no artigo 57 da Lei 8.443/1992, no valor de R$ 1.000.000,00 (um milhão de reais), fixando-lhes o prazo de 15 (quinze) dias, a contar das notificações, para que comprovem, perante o Tribunal (art. 214, inciso III, alínea "a", do Regimento Interno), o recolhimento das dívidas ao Tesouro Nacional, atualizadas monetariamente desde a data do presente acórdão até a do efetivo recolhimento, se forem pagas após o vencimento, na forma da legislação em vigor;</p><p>9.4. autorizar, desde logo, a cobrança judicial das dívidas, caso não atendidas as notificações, na forma do disposto no art. 28, inciso II, da Lei 8.443/1992;</p><p>9.5. dar ciência do presente acórdão à Funasa e aos responsáveis;</p><p>9.6. encaminhar cópia desta deliberação ao Procurador-Chefe da Procuradoria da República no Estado de Minas Gerais, nos termos do art. 16, § 3º, da Lei 8.443/1992 c/c o art. 209, § 7º, do Regimento Interno do TCU, para adoção das medidas que entender cabíveis.</p><p>10. Ata n° 28/2022 - 1ª Câmara.</p><p>11. Data da Sessão: 16/8/2022 - Ordinária.</p><p>12. Código eletrônico para localização na página do TCU na Internet: AC-4612-28/22-1.</p><p>13. Especificação do quórum:</p><p>13.1. Ministros presentes: Benjamin Zymler (na Presidência), Walton Alencar Rodrigues (Relator), Vital do Rêgo e Jorge Oliveira.</p><p>13.2. Ministros-Substitutos presentes: Augusto Sherman Cavalcanti e Weder de Oliveira.</p>]]></Texto>
  </body>
  <Midias />
</article></xml>