﻿<xml><article id="27749655" name="Ata_29_2C_23_08_2022 - BD - IMPR" idOficio="9058555" pubName="DO1" artType="Ata" pubDate="30/08/2022" artClass="00044:00003:00000:00000:00000:00000:00000:00000:00000:00000:00005:00000" artCategory="Tribunal de Contas da União/2ª Câmara" artSize="12" artNotes="" numberPage="381" pdfPage="http://pesquisa.in.gov.br/imprensa/jsp/visualiza/index.jsp?data=30/08/2022&amp;jornal=515&amp;pagina=381" editionNumber="165" highlightType="" highlightPriority="" highlight="" highlightimage="" highlightimagename="" idMateria="19841584">
  <body>
    <Identifica />
    <Data><![CDATA[]]></Data>
    <Ementa />
    <Titulo />
    <SubTitulo />
    <Texto><![CDATA[<p>ACÓRDÃO Nº 4715/2022 - TCU - 2ª Câmara</p><p>Os Ministros do Tribunal de Contas da União, reunidos em Sessão de 2ª Câmara, ACORDAM, por unanimidade, com fundamento nos arts. 1º, V, e 39, II, da Lei nº 8.443, de 1992, e nos arts. 1º, VIII, 143, II, 259, II, e 260, § 1º, do Regimento Interno do TCU, aprovado pela Resolução nº 246, de 2011, em considerar legal para fins de registro o ato de concessão de aposentadoria relacionado no item 1.1 deste Acórdão, de acordo com os pareceres emitidos nos autos:</p><p>1. Processo TC-015.792/2022-6 (APOSENTADORIA)</p><p>1.1. Interessada: Maria Malvina Vila Nova (CPF 105.851.764-34).</p><p>1.2. Órgão: Ministério da Saúde.</p><p>1.3. Relator: Ministro-Substituto André Luís de Carvalho.</p><p>1.4. Representante do Ministério Público: Procuradora-Geral Cristina Machado da Costa e Silva.</p><p>1.5. Unidade Técnica: Secretaria de Fiscalização de Integridade de Atos e Pagamentos de Pessoal e de Benefícios Sociais (Sefip).</p><p>1.6. Representação legal: não há.</p><p>1.7. Determinações/Recomendações/Orientações: não há.</p><p>ACÓRDÃO Nº 4716/2022 - TCU - 2ª Câmara</p><p>Os Ministros do Tribunal de Contas da União, reunidos em Sessão de 2ª Câmara, ACORDAM, por unanimidade, com fundamento nos arts. 1º, V, e 39, II, da Lei nº 8.443, de 1992, e nos arts. 1º, VIII, 143, II, 259, II, e 260, § 1º, do Regimento Interno do TCU, aprovado pela Resolução nº 246, de 2011, em considerar legais para fins de registro os atos de concessão de aposentadoria relacionados no item 1.1 deste Acórdão, de acordo com os pareceres emitidos nos autos:</p><p>1. Processo TC-015.821/2022-6 (APOSENTADORIA)</p><p>1.1. Interessados: Ângela Maria da Costa Pinto (CPF 265.764.573-91); Antônio Jose de Santana (CPF 128.093.145-00); Cristiane Maria Neves Gomes (CPF 265.511.951-72); Janete Balzani Marques (CPF 248.663.001-59) e Olídio Tonin Filho (CPF 041.876.008-09).</p><p>1.2. Órgão: Departamento de Centralização de Serviços de Inativos e Pensionistas.</p><p>1.3. Relator: Ministro-Substituto André Luís de Carvalho.</p><p>1.4. Representante do Ministério Público: Procuradora-Geral Cristina Machado da Costa e Silva.</p><p>1.5. Unidade Técnica: Secretaria de Fiscalização de Integridade de Atos e Pagamentos de Pessoal e de Benefícios Sociais (Sefip).</p><p>1.6. Representação legal: não há.</p><p>1.7. Determinações/Recomendações/Orientações: não há.</p><p>ACÓRDÃO Nº 4717/2022 - TCU - 2ª Câmara</p><p>Os Ministros do Tribunal de Contas da União, reunidos em Sessão de 2ª Câmara, ACORDAM, por unanimidade, com fundamento nos arts. 1º, V, e 39, II, da Lei nº 8.443, de 1992, e nos arts. 1º, VIII, 143, II, 259, II, e 260, § 1º, do Regimento Interno do TCU, aprovado pela Resolução nº 246, de 2011, em considerar legal para fins de registro o ato de concessão de pensão civil relacionado no item 1.1 deste Acórdão, de acordo com os pareceres emitidos nos autos:</p><p>1. Processo TC-008.208/2022-0 (PENSÃO CIVIL)</p><p>1.1. Interessada: Maria Custódia de Oliveira (CPF 057.927.876-03).</p><p>1.2. Órgão: Ministério da Economia.</p><p>1.3. Relator: Ministro-Substituto André Luís de Carvalho.</p><p>1.4. Representante do Ministério Público: Procurador Júlio Marcelo de Oliveira.</p><p>1.5. Unidade Técnica: Secretaria de Fiscalização de Integridade de Atos e Pagamentos de Pessoal e de Benefícios Sociais (Sefip).</p><p>1.6. Representação legal: não há.</p><p>1.7. Determinações/Recomendações/Orientações: não há.</p><p>ACÓRDÃO Nº 4718/2022 - TCU - 2ª Câmara</p><p>Os Ministros do Tribunal de Contas da União, reunidos em Sessão de 2ª Câmara, ACORDAM, por unanimidade, com fundamento nos arts. 1º, V, e 39, II, da Lei n.º 8.443, de 1992, e nos arts. 1º, VIII, 143, II, 259, II, e 260, § 5º, do Regimento Interno do TCU, aprovado pela Resolução n.º 246, de 2011, além do art. 7º, I, da Resolução TCU n.º 206, de 2007, em considerar prejudicada, por perda de objeto, a apreciação para fins de registro, do ato de concessão de pensão militar relacionado no item 1.1 deste Acórdão, diante da cessação do efeito financeiro do respectivo ato a partir do falecimento da interessada, de acordo com os pareceres emitidos nos autos:</p><p>1. Processo TC-009.174/2022-2 (PENSÃO MILITAR)</p><p>1.1. Interessada: Elca Dourado do Vale (CPF 600.827.982-49).</p><p>1.2. Órgão: Ministério da Defesa - Comando do Exército.</p><p>1.3. Relator: Ministro-Substituto André Luís de Carvalho.</p><p>1.4. Representante do Ministério Público: Procurador Júlio Marcelo de Oliveira.</p><p>1.5. Unidade Técnica: Secretaria de Fiscalização de Integridade de Atos e Pagamentos de Pessoal e de Benefícios Sociais (Sefip).</p><p>1.6. Representação legal: não há.</p><p>1.7. Determinações/Recomendações/Orientações: não há.</p><p>ACÓRDÃO Nº 4719/2022 - TCU - 2ª Câmara</p><p>Considerando que o presente processo trata de tomada de contas especial instaurada pelo então Ministério da Cultura em desfavor da GR Produções Artísticas Ltda., além de Bruno Pereira Beltrão como dirigente da entidade, diante da originária omissão no dever de prestar contas dos recursos federais captados por meio do incentivo fiscal aportado em função da "Lei Rouanet" sob o valor original de R$ 702.300,00 no âmbito do Pronac n.º 11-0366 para a realização do projeto intitulado como "Grupo de Rua - H4, visando à manutenção e aprofundamento do trabalho de pesquisa de criação de novas linguagens do Grupo de Rua H4, com montagem de espetáculo resultante deste processo, a ser apresentado quatro vezes", com a vigência do referido projeto cultural estipulada para o período de 31/5/2011 a 31/3/2014;</p><p>Considerando que, ao julgar o feito, o Acórdão 2.918/2022 teria sido prolatado pela 2ª Câmara do TCU nos seguintes termos:</p><p>"(...) 9.1. rejeitar parcialmente as correspondentes defesas apresentadas por GR Produções Artísticas Ltda., além de Bruno Pereira Beltrão;</p><p>9.2. fixar o novo e improrrogável prazo de 15 (quinze) dias, nos termos do art. 12, §§ 1º e 2º, da Lei n.º 8.443, de 1992, e do art. 202, §§ 2º e 3º, do RITCU, para que, solidariamente, a GR Produções Artísticas Ltda. e Bruno Pereira Beltrão comprovem perante o Tribunal, nos termos do art. 214, III, a, do RITCU, o recolhimento do correspondente débito em favor do Fundo Nacional de Cultura, nos termos da legislação aplicável, sob as seguintes condições:</p><p /><p></p><table><tr /><tr><td rowspan="1" colspan="1"><p><em>Data da Ocorrência</em></p></td><td rowspan="1" colspan="1"><p>Valor Original (em R$)</p></td></tr><tr><td rowspan="1" colspan="1"><p>4/9/2012</p></td><td rowspan="1" colspan="1"><p>898,36</p></td></tr><tr><td rowspan="1" colspan="1"><p>1º/10/2012</p></td><td rowspan="1" colspan="1"><p>898,36</p></td></tr><tr><td rowspan="1" colspan="1"><p>31/10/2012</p></td><td rowspan="1" colspan="1"><p>594,24</p></td></tr><tr><td rowspan="1" colspan="1"><p>1º/11/2012</p></td><td rowspan="1" colspan="1"><p>898,36</p></td></tr><tr><td rowspan="1" colspan="1"><p>11/12/2012</p></td><td rowspan="1" colspan="1"><p>1.356,69</p></td></tr><tr><td rowspan="1" colspan="1"><p>12/12/2012</p></td><td rowspan="1" colspan="1"><p>749,74</p></td></tr><tr><td rowspan="1" colspan="1"><p>19/12/2012</p></td><td rowspan="1" colspan="1"><p>724,86</p></td></tr><tr><td rowspan="1" colspan="1"><p>19/12/2012</p></td><td rowspan="1" colspan="1"><p>1.283,37</p></td></tr><tr><td rowspan="1" colspan="1"><p>20/7/2014</p></td><td rowspan="1" colspan="1"><p>510.014,00</p></td></tr></table><p>9.3. informar aos aludidos responsáveis que a liquidação tempestiva do débito, com a incidência apenas da atualização monetária, sanará o processo e permitirá que as suas contas sejam julgadas regulares com ressalva, dando-lhes a subsequente quitação, ao passo que, de outra sorte, o não recolhimento da dívida ensejará o julgamento pela irregularidade das contas, com a condenação em débito, não só atualizado, mas, aí, acrescido de juros de mora, além da eventual aplicação de multa legal sob o valor de até 100% do débito atualizado, nos termos do art. 202, §§ 3º e 4º, do RITCU;</p><p>9.4. autorizar, nos termos do art. 26 da Lei n.º 8.443, de 1992, e do art. 217 do RITCU, o parcelamento das dívidas fixadas por este Acórdão em até 36 (trinta e seis) prestações mensais e sucessivas, com a devida atualização monetária e os correspondentes acréscimos legais, esclarecendo aos responsáveis que a falta de pagamento de qualquer parcela importará no vencimento antecipado do saldo devedor, sem prejuízo das demais medidas legais;</p><p>9.5. enviar a cópia do presente Acórdão, com o Relatório e a Proposta de Deliberação, aos aludidos responsáveis, para ciência e adoção das providências cabíveis dentro do prazo assinalado; e</p><p>9.6. promover, por intermédio da unidade técnica, o célere prosseguimento deste feito.";</p><p>Considerando que, após a sua regular notificação, a GR Produções Artísticas Ltda. e Bruno Pereira Beltrão teriam apresentado o documento intitulado como "recurso de reconsideração" contra o aludido Acórdão 2.918/2022-TCU-2ª Câmara (Peça 193);</p><p>Considerando, contudo, que, após a análise do feito, o Chefe de Serviço da Serur lançou o seu parecer à Peça 194, com a anuência dos respectivos dirigentes da unidade técnica (Peças 195 e 196), tendo sugerido o conhecimento do aludido documento como mera petição, pois não caberia o eventual recurso de reconsideração contra o acórdão do TCU pela mera rejeição das alegações de defesa para a subsequente fixação do novo e improrrogável prazo com vistas ao recolhimento do correspondente débito, nos termos dos arts. 201, § 1º, 279, caput, e 285, caput, do RITCU, sem prejuízo de receber o respectivo documento como elementos complementares de defesa com vistas à subsequente análise pela unidade técnica, nos termos do art. 279, parágrafo único, do RITCU;</p><p>Considerando, enfim, que o MPTCU anuiu à aludida proposta da unidade técnica (Peça 204);</p><p>Considerando, portanto, que, diante dos elementos de convicção até aqui obtidos neste processo, o TCU pode incorporar o parecer da unidade técnica a estas razões de decidir;</p><p>Os Ministros do Tribunal de Contas da União, reunidos em Sessão da 2ª Câmara, ACORDAM, por unanimidade, com fundamento nos arts. 201 e 279 do Regimento Interno do TCU, aprovado pela Resolução n.º 246, de 2011, em receber, como mera petição, o documento acostado à Peça 193 pela GR Produções Artísticas Ltda., além de Bruno Pereira Beltrão, sem prejuízo de tratá-lo como elementos complementares de defesa para a subsequente análise pela unidade técnica, diante dos elementos de convicção até aqui obtidos pelo TCU, além de, em sintonia com os pareceres emitidos neste processo, prolatar as providências abaixo fixadas pelo item 1.7 deste Acórdão:</p><p>1. Processo TC-006.018/2019-0 (TOMADA DE CONTAS ESPECIAL)</p><p>1.1. Peticionantes: Bruno Pereira Beltrão (CPF 085.586.727-25); GR Produções Artísticas Ltda. (CNPJ 06.352.641/0001-91).</p><p>1.2. Órgão: então Ministério da Cultura.</p><p>1.3. Relator: Ministro-Substituto André Luís de Carvalho.</p><p>1.4. Representante do Ministério Público: Procurador Júlio Marcelo de Oliveira.</p><p>1.5. Unidades Técnicas: Secretaria de Recursos (Serur); Secretaria de Controle Externo de Tomada de Contas Especial (Secex-TCE).</p><p>1.6. Representação legal: Patrícia Azeredo Galvão (OAB-SP 409.340), entre outros, representando a GR Produções Artísticas Ltda.;</p><p>1.7. Providências:</p><p>1.7.1. promover o prosseguimento do feito com vistas à unidade técnica realizar, assim, a sua análise sobre o documento acostado à Peça 193 pela GR Produções Artísticas Ltda., além de Bruno Pereira Beltrão, como elementos complementares de defesa; e</p><p>1.7.2. enviar a cópia do presente Acórdão, com a cópia do parecer da unidade técnica, à GR Produções Artísticas Ltda., além de Bruno Pereira Beltrão, para ciência, informando-os, contudo, sobre a imperativa necessidade de passarem a efetivamente realizar a comprovação do recolhimento parcelado da dívida imputada pelo Acórdão 2.918/2022-TCU-2ª Câmara, até porque, diante da eventual análise favorável da unidade técnica sobre o referido documento acostado à Peça 193, com a subsequente prolação de acórdão do TCU pela redução ou extinção da referida dívida, os valores submetidos eventualmente ao aludido recolhimento seriam restituídos aos ora peticionantes, ao passo, contudo, que a ausência dessa imediata comprovação do recolhimento parcelado da dívida pode ensejar o pronto julgamento pela irregularidade das contas dos responsáveis, com a eventual aplicação da consequente multa legal, como informado pelo item 9.3 do referido Acórdão 2.918/2022-2ª Câmara.</p><p>ACÓRDÃO Nº 4720/2022 - TCU - 2ª Câmara</p><p>Considerando que o presente processo trata de tomada de contas especial instaurada pelo Conselho Nacional de Desenvolvimento Científico e Tecnológico (CNPq) em desfavor de Bruno Adan Sagratzki Cavero, como professor da Fundação Universidade do Amazonas, diante da omissão no dever de prestar contas do Termo de Concessão e Aceitação de Apoio Financeiro a Projeto de Pesquisa (Processo 408768/2006-1) junto à Universidade Federal do Amazonas (UFAM) sob o valor original de R$ 141.270,30 destinado à pesquisa em inovações tecnológicas para a reprodução e criação intensiva de peixes da espécie matrinxã, tendo a vigência do ajuste sido estipulada para o período de 25/1/2008 a 25/1/2010;</p><p>Considerando que, em 25/5/2015, Bruno Adan Sagratzki Cavero acostou à Peça n.º 13 a solicitação de parcelamento do seu débito em 36 parcelas iguais, sucessivas e mensais;</p><p>Considerando que, em 1º/9/2015, o Acórdão 6.378/2015 teria sido proferido pela 2ª Câmara do TCU nos seguintes termos:</p><p>"(...) Os Ministros do Tribunal de Contas da União, reunidos em Sessão de 2ª Câmara, ACORDAM, por unanimidade, com fundamento no art. 143, inciso V, alínea b, do Regimento Interno do TCU, aprovado pela Resolução nº 246/2011, de acordo com os pareceres emitidos nos autos, em:</p><p>a) deferir a solicitação de parcelamento apresentada pelo Sr. Bruno Adan Sagratzki Cavero à Peça nº 13;</p><p>b) autorizar o desconto, em 36 (trinta e seis) vezes, na folha de pagamento do responsável, nos termos do art. 217 do Regimento Interno do TCU;</p><p>c) sobrestar, nos termos do art. 11, da Lei nº 8.443/1992, o exame de mérito deste processo de tomada de contas especial até a quitação total da dívida; e</p><p>d) fazer a seguinte determinação: (...)</p><p>1.7. Determinar à Fundação Universidade Federal do Amazonas que, nos termos do art. 28, inciso I, da Lei nº 8.443/1992, realize os descontos, conforme abaixo:</p><p>Responsável: Bruno Adan Sagratzki Cavero</p><p>Cargo: Professor</p><p>Lotação: Fundação Universidade Federal do Amazonas</p><p>Origem: débito</p><p>Valor: R$ 73.784,30 (data do débito 25/1/2008) e R$ 67.486,00 (data do débito 25/1/2008)</p><p>Cofre credor: Tesouro Nacional (UG/Gestão 030001/00001)";</p><p>Considerando que, por meio do Ofício 206/2019-GR/UFAM, de 25/3/2019, a Universidade Federal do Amazonas teria informado que os aludidos descontos tiveram início em janeiro de 2016 e terminaram em agosto de 2018, além de noticiar que, em abril de 2016, o referido servidor apresentou o saldo negativo na folha de pagamento, não possibilitando o desconto da correspondente parcela, e, assim, o pendente débito seria lançado na folha em abril de 2019;</p><p>Considerando que o parecer da Seproc (Peça 77) teria assinalado que, até 30/9/2019, o recolhimento do débito em 36 parcelas teria ocorrido em meses não consecutivos e sob o valor mensal de R$ 3.924,17, mas sem a devida atualização monetária, salientando que, a partir do demonstrativo de débito à Peça 76, subsistiria o saldo remanescente a restituir sob o valor de R$ 115.548,96;</p><p>Considerando que a Secex-TCE promoveu, preliminarmente, a diligência junto ao aludido responsável para que encaminhasse o comprovante sobre o recolhimento do débito remanescente em R$ 115.548,96, com a atualização monetária, a partir de 30/9/2019 (Peças 79 a 81);</p><p>Considerando que a Secex-TCE teria assinalado que, em cumprimento ao ofício de diligência recebido em 4/7/2022 (Peça 111), Bruno Adan Sagratzki Cavero teria encaminhado a sua resposta, em 17/7/2022 (Peças 112-114), tendo apresentado, em síntese, as seguintes alegações: (i) o aludido acórdão teria transitado em julgado, subsistindo a boa-fé no recolhimento ao erário de todas as 36 parcelas do débito, e (ii) a cobrança da atualização monetária ofenderia o princípio da segurança jurídica, pois ele teria cumprido a obrigação de recolher as 36 parcelas mensais, não tendo atuado sobre os cálculos na atualização monetária;</p><p>Considerando, contudo, que, diante do não acolhimento dessas alegações, o responsável sugeriu a adoção de duas alternativas para a quitação da dívida pela seguinte linha: (i) compensação do débito apontado nesta TCE com o crédito a receber junto à Universidade Federal do Amazonas sob o valor de R$ 252.630,20 em face da promoção funcional; e (ii) parcelamento dos valores ora impostos, buscando permitir a sua quitação dentro das atuais condições financeiras do responsável;</p><p>Considerando que, após a análise dessas alegações, a Secex-TCE propôs o excepcional deferimento dessa solicitação para o parcelamento do débito remanescente, autorizando o desconto em 36 (trinta e seis) parcelas mensais consecutivas na folha de pagamento do responsável, com a atualização monetária, sem prejuízo de promover o sobrestamento do presente processo até a total quitação da dívida (Peças 116 a 118);</p><p>Considerando, enfim, que, à Peça 119, o MPTCU anuiu à aludida proposta da unidade técnica;</p><p>Considerando, portanto, que, diante dos elementos de convicção até aqui obtidos no presente processo, o TCU pode incorporar o atual parecer da unidade técnica a estas razões de decidir, sem prejuízo, contudo, de promover o encerramento do presente processo de tomada de contas especial, com a abertura do consequente processo de monitoramento sobre o cumprimento deste Acórdão, passando a promover o apensamento do processo de tomada de contas especial (TC-029.695/2014-7) ao aludido processo de monitoramento;</p><p>Os Ministros do Tribunal de Contas da União, reunidos em Sessão de 2ª Câmara, ACORDAM, por unanimidade, com fundamento nos arts. 143, inciso V, alínea "b", e 217 do Regimento Interno do TCU, em autorizar, excepcionalmente, o pedido de parcelamento da dívida remanescente por Bruno Adan Sagratzki Cavero (Peça 112) sob o valor de R$ 115.548,96, em 30/9/2019, concedendo o referido parcelamento em 36 (trinta e seis) parcelas iguais e sucessivas por meio do desconto na folha de pagamento do responsável, com a devida atualização monetária e os acréscimos legais, sem prejuízo de alertar o responsável no sentido de que, em conformidade com o § 2º do art. 217 do RITCU, a falta do recolhimento de qualquer parcela pode resultar no antecipado vencimento do saldo devedor, nos termos legais e regimentais, além de, em sintonia com os pareceres emitidos neste processo, prolatar as providências abaixo fixadas pelo item 1.7 deste Acórdão:</p><p>1. Processo TC-029.695/2014-7 (TOMADA DE CONTAS ESPECIAL)</p><p>1.1. Responsável: Bruno Adan Sagratzki Cavero (CPF 417.636.612-53).</p><p>1.2. Entidade: Conselho Nacional de Desenvolvimento Científico e Tecnológico (CNPq).</p><p>1.3. Relator: Ministro-Substituto André Luís de Carvalho.</p><p>1.4. Representante do Ministério Público: Procurador Júlio Marcelo de Oliveira.</p><p>1.5. Unidade Técnica: Secretaria de Controle Externo de Tomada de Contas Especial (Secex-TCE).</p><p>1.6. Representação legal: Ivan Lima da Silva (OAB-AM 3.847), representando Bruno Adan Sagratzki Cavero.</p><p>1.7. Providências:</p><p>1.7.1. promover o encerramento do presente processo de tomada de contas especial, sem prejuízo de a unidade técnica promover a abertura do consequente processo de monitoramento sobre o cumprimento do presente Acórdão, passando a promover o apensamento do presente processo de tomada de contas especial (TC-029.695/2014-7) ao aludido processo de monitoramento;</p><p>1.7.2. enviar a cópia do presente Acórdão, com a cópia do parecer da unidade técnica, a Bruno Adan Sagratzki Cavero, para ciência, informando-lhe que o excepcional atendimento do presente pedido tende a resultar no futuro indeferimento de qualquer novo pedido idêntico ou semelhante; e</p><p>1.7.3. enviar a cópia do presente Acórdão, com a cópia do parecer da unidade técnica, à Fundação Universidade Federal do Amazonas, para ciência e, nos termos do art. 28, I, da Lei n.º 8.443, de 1992, promoção dos respectivos descontos da dívida remanescente junto a Bruno Adan Sagratzki Cavero (Peça 112) sob o valor de R$ 115.548,96, em 30/9/2019, concedendo o referido parcelamento em 36 (trinta e seis) parcelas iguais e sucessivas por meio do desconto na folha de pagamento do responsável.</p><p>ACÓRDÃO Nº 4721/2022 - TCU - 2ª Câmara</p><p>Considerando que, à Peça 129, a Seproc teria identificado o erro material sobre o item 9.3 do Acórdão 3.083/2019 prolatado pela 2ª Câmara do TCU, na Sessão Ordinária de 7/5/2019 (Ata nº 14/2019), em face da identificação do Tesouro Nacional como credor do débito apurado no processo;</p><p>Considerando que o aludido Acórdão 3.083/2019-TCU-2ª Câmara teria sido alterado pelo Acórdão 2.871/2022 prolatado pela 2ª Câmara do TCU, na Sessão Extraordinária de 7/6/2022 (Ata nº 18/2022), ao julgar o recurso de reconsideração interposto pelo então Ministério da Cultura (atual Secretaria Especial de Cultura no Ministério do Turismo) sob a relatoria do ilustre Ministro João Augusto Ribeiro Nardes;</p><p>Considerando que o referido Acórdão 2.871/2022-TCU-2ª Câmara teria negado o provimento ao aludido recurso e, adicionalmente, teria retificado, por inexatidão material, o aludido item 9.3 do Acórdão 3.083/2019-TCU-2ª Câmara, ao ter, para tanto, alterado a sua redação para "(...) para condená-los, solidariamente, ao pagamento do débito apurado nos autos (...)", mantendo inalterados os demais termos do referido Acórdão 3.083/2019-TCU-2ª Câmara;</p><p>Considerando que, no presente momento, o TCU deve avaliar a retificação do Acórdão 3.083/2019-TCU-2ª Câmara, podendo promover a consequente retificação sobre o aludido Acordão 2.871/2022-TCU-2ª Câmara;</p><p>Considerando, por fim, que, nesse sentido, estão os pareceres do MPTCU (Peça 131) e da Seproc (Peça 129), reconhecendo a necessidade de correção do Acórdão 3.083/2019-TCU-2ª Câmara;</p><p>Os Ministros do Tribunal de Contas da União, reunidos em Sessão da 2ª Câmara, ACORDAM, por unanimidade, com fundamento no art. 143, inciso V, alínea "d", do Regimento Interno do TCU, aprovado pela Resolução nº 246, de 2011, e na Súmula nº 145 do TCU, em promover a retificação, por erro material, do item 9.3 do Acórdão 3.083/2019 prolatado pela 2ª Câmara do TCU, na Sessão Ordinária de 7/5/2019 (Ata nº 14/2019), mantendo inalterados todos os demais termos do referido acórdão, em sintonia com os pareceres emitidos neste processo, sem prejuízo, para tanto, de prolatar as seguintes medidas:</p><p>(i) onde se lê:</p><p>"(...) 9.3. julgar irregulares as contas da Solução Cultural Consultoria em Projetos Culturais Ltda. - ME, com os seus sócios (Antônio Carlos Belini Amorim e Felipe Vaz Amorim), nos termos dos arts. 16, III, "b" e "c", 19, caput, e 23, III, da Lei n.º 8.443, de 1992, para condená-los ao pagamento do débito apurados nos autos, atualizado monetariamente e acrescido dos juros de mora calculados desde 30/6/2005 até o efetivo recolhimento, fixando-lhes o prazo de 15 (quinze) dias, contados da ciência desta deliberação, para que comprovem, perante o Tribunal, o recolhimento da referida dívida em favor do Tesouro Nacional, nos termos do art. 23, III, "a", da citada lei e do art. 214, III, "a", do Regimento Interno do TCU (RITCU), sob as seguintes condições:</p><p /><p></p><table><tr /><tr><td rowspan="1" colspan="1"><p>Data</p></td><td rowspan="1" colspan="1"><p>Valor (em R$)</p></td></tr><tr><td rowspan="1" colspan="1"><p>29/12/2008</p></td><td rowspan="1" colspan="1"><p>80.000,00</p></td></tr><tr><td rowspan="1" colspan="1"><p>29/12/2008</p></td><td rowspan="1" colspan="1"><p>550.000,00</p></td></tr><tr><td rowspan="1" colspan="1"><p>30/12/2008</p></td><td rowspan="1" colspan="1"><p>50.000,00</p></td></tr><tr><td rowspan="1" colspan="1"><p>30/4/2009</p></td><td rowspan="1" colspan="1"><p>35.000,00</p></td></tr><tr><td rowspan="1" colspan="1"><p>27/7/2009</p></td><td rowspan="1" colspan="1"><p>85.000,00</p></td></tr><tr><td rowspan="1" colspan="1"><p>20/7/2011</p></td><td rowspan="1" colspan="1"><p>7.618,00 (C)</p></td></tr><tr><td rowspan="1" colspan="1"><p>4/10/2011</p></td><td rowspan="1" colspan="1"><p>63.678,66 (C)</p></td></tr></table><p>(...)";</p><p>(ii) leia-se:</p><p>"(...) 9.3. julgar irregulares as contas da Solução Cultural Consultoria em Projetos Culturais Ltda. - ME, com os seus sócios (Antônio Carlos Belini Amorim e Felipe Vaz Amorim), nos termos dos arts. 16, III, "b" e "c", 19, caput, e 23, III, da Lei n.º 8.443, de 1992, para condená-los, solidariamente, ao pagamento do débito apurados nos autos, atualizado monetariamente e acrescido dos juros de mora calculados desde 30/6/2005 até o efetivo recolhimento, fixando-lhes o prazo de 15 (quinze) dias, contados da ciência desta deliberação, para que comprovem, perante o Tribunal, o recolhimento da referida dívida em favor do Fundo Nacional da Cultura (FNC), nos termos do art. 23, III, "a", da citada lei e do art. 214, III, "a", do Regimento Interno do TCU (RITCU), sob as seguintes condições:</p><p /><p></p><table><tr /><tr><td rowspan="1" colspan="1"><p>Data</p></td><td rowspan="1" colspan="1"><p>Valor (em R$)</p></td></tr><tr><td rowspan="1" colspan="1"><p>29/12/2008</p></td><td rowspan="1" colspan="1"><p>80.000,00</p></td></tr><tr><td rowspan="1" colspan="1"><p>29/12/2008</p></td><td rowspan="1" colspan="1"><p>550.000,00</p></td></tr><tr><td rowspan="1" colspan="1"><p>30/12/2008</p></td><td rowspan="1" colspan="1"><p>50.000,00</p></td></tr><tr><td rowspan="1" colspan="1"><p>30/4/2009</p></td><td rowspan="1" colspan="1"><p>35.000,00</p></td></tr><tr><td rowspan="1" colspan="1"><p>27/7/2009</p></td><td rowspan="1" colspan="1"><p>85.000,00</p></td></tr><tr><td rowspan="1" colspan="1"><p>20/7/2011</p></td><td rowspan="1" colspan="1"><p>7.618,00 (C)</p></td></tr><tr><td rowspan="1" colspan="1"><p>4/10/2011</p></td><td rowspan="1" colspan="1"><p>63.678,66 (C)</p></td></tr></table><p>(...)";</p><p>(iii) e proferir a providência abaixo fixada pelo item 1.7 deste Acórdão:</p><p>1. Processo TC-033.320/2018-7 (TOMADA DE CONTAS ESPECIAL)</p><p>1.1. Responsáveis: Antônio Carlos Belini Amorim (CPF 039.174.398-83); Felipe Vaz Amorim (CPF 692.735.101-91); Solução Cultural Consultoria em Projetos Culturais Ltda. - ME (CNPJ 07.481.398/0001-74).</p><p>1.2. Órgão: então Ministério da Cultura.</p><p>1.3. Relator: Ministro-Substituto André Luís de Carvalho.</p><p>1.4. Representante do Ministério Público: Procurador Júlio Marcelo de Oliveira.</p><p>1.5. Unidade Técnica: Secretaria de Gestão de Processos (Seproc).</p><p>1.6. Representação legal: Glauter Fortunato Dias Del Nero (OAB/SP 356.932), entre outros, representando Felipe Vaz Amorim.</p><p>1.7. Providência: promover, por intermédio da unidade técnica, o envio do feito ao Gabinete do Ministro João Augusto Ribeiro Nardes para que avalie a necessidade de promover a consequente retificação sobre o aludido Acordão 2.871/2022-TCU-2ª Câmara diante da atual retificação sobre o item 9.3 do Acórdão 3.083/2019-2ª Câmara.</p><p>ACÓRDÃO Nº 4722/2022 - TCU - 2ª Câmara</p><p>Considerando que o presente processo trata de representação, com pedido de cautelar suspensiva, formulado pela Eleva In Haus Manutenção Industrial Ltda. (anterior Comau do Brasil Industria e Comercio Ltda.), nos termos do art. 87, § 2º, da Lei n.° 13.303, de 2016, sobre os indícios de irregularidade na Oportunidade 7003731026 conduzida pela administração da Petróleo Brasileiro S/A para a contratação dos serviços em manutenção, lubrificação e usinagem nos equipamentos mecânicos com vistas a atender à Refinaria Planalto de Paulínia (Replan) e à Refinaria Presidente Bernardes - Cubatão (RPBC) sob o valor estimado de R$ 316.615.036,41, tendo o certame sido homologado sob o valor de R$ 300.776.177,12 em favor da Engeman Manutenção de Equipamentos Com e Indústria Ltda;</p><p>Considerando que a presente representação pode ser conhecida pelo TCU, por atender aos requisitos legais e regimentais de admissibilidade;</p><p>Considerando que, após a análise final do feito, tendo anotado a ausência de plausibilidade jurídica para as alegações apresentadas pela ora representante, a unidade técnica sugeriu a improcedência da presente representação, com o subsequente prejuízo ao referido pedido de cautelar suspensiva, promovendo o arquivamento do processo;</p><p>Considerando, por outro ângulo, que não caberia ao TCU atuar como mera instância recursal em face da decisão tomada anterior e originalmente pela administração pública no referido certame;</p><p>Considerando, portanto, que o TCU pode incorporar o parecer da unidade técnica a estas razões de decidir, sem prejuízo, contudo, de promover o conhecimento da presente representação para, no mérito, anotá-la como prejudicada diante da indevida tentativa de transformar o Tribunal em mera instância recursal no referido certame;</p><p>Os Ministros do Tribunal de Contas da União, reunidos em Sessão da 2ª Câmara, ACORDAM, por unanimidade, com fundamento nos arts. 143, inciso V, alínea "a", 235, 237, inciso VII e parágrafo único, e 250, inciso I, do Regimento Interno do TCU aprovado pela Resolução n.º 246, de 2011, em conhecer da presente representação para, no mérito, anotá-la como prejudicada, diante dos elementos de convicção até aqui obtidos pelo TCU, anotando como prejudicado, ainda, o correspondente pedido de cautelar suspensiva, por perda de objeto, além de, em sintonia com os pareceres emitidos neste processo, prolatar as providências abaixo fixadas pelo item 1.7 deste Acórdão:</p><p>1. Processo TC-012.150/2022-3 (REPRESENTAÇÃO)</p><p>1.1. Representante: Eleva In Haus Manutenção Industrial Ltda. (CNPJ 02.693.750/0001-11).</p><p>1.2. Entidade: Petróleo Brasileiro S/A (Petrobras).</p><p>1.3. Relator: Ministro-Substituto André Luís de Carvalho.</p><p>1.4. Representante do Ministério Público: não atuou.</p><p>1.5. Unidade Técnica: Secretaria de Controle Externo de Aquisições Logísticas (Selog).</p><p>1.6. Representação legal: Mayrluce Alves de Sousa (OAB-DF 61.298), representando a Eleva In Haus Manutenção Industrial Ltda.</p><p>1.7. Providências:</p><p>1.7.1. enviar a cópia do presente Acórdão, com o respectivo parecer da unidade técnica, à ora representante e à administração da Petróleo Brasileiro S/A, para ciência; e</p><p>1.7.2. promover o arquivamento do presente processo.</p><p>ACÓRDÃO Nº 4723/2022 - TCU - 2ª Câmara</p><p>Considerando que o presente processo trata de representação, com pedido de cautelar suspensiva, formulada pela Alldax Serviços Empresariais Ltda., nos termos do art. 113, § 1º, da Lei n.º 8.666, de 1993, sobre os indícios de irregularidade no Pregão Eletrônico n.º 3/2022 conduzido pela Agência para o Desenvolvimento da Atenção Primária à Saúde com vistas à contratação da prestação de serviços em assessoria e consultoria contábil, fiscal e tributária e em apoio à administração de recursos humanos, abrangendo a legislação trabalhista e previdenciária, sob o valor adjudicado de R$ 230.230,00, em 21/7/2022, após a análise e a decisão do recurso anteriormente interposto pela ora representante;</p><p>Considerando que o TCU deve conhecer, preliminarmente, da presente representação, por atender aos requisitos legais e regimentais de admissibilidade;</p><p>Considerando que, após a análise final do feito (Peças 15 e 16), a Selog teria evidenciado a ausência dos pressupostos para a eventual concessão da pretendida cautelar suspensiva e, adicionalmente, teria proposto o conhecimento da presente representação para, no mérito, assinalar a sua improcedência, com o subsequente arquivamento do processo;</p><p>Considerando, por outro ângulo, que não caberia ao TCU atuar como mera instância recursal em face da decisão tomada anterior e originalmente pela administração pública no referido certame;</p><p>Considerando, portanto, que o TCU pode incorporar o parecer da unidade técnica a estas razões de decidir, sem prejuízo, todavia, de conhecer da presente representação para, no mérito, anotá-la como prejudicada, por ausência de adequado objeto em face, aí, da indevida tentativa de transformar o TCU em mera instância recursal no aludido certame;</p><p>Considerando, enfim, que o TCU deve indeferir o pedido de ingresso da ora representante como parte interessada neste processo, nos termos do art. 146 do RITCU, pois não subsistiria a sua razão legítima para atuar como interessada no presente feito, até porque, diante dos princípios do impulso oficial e da indisponibilidade do interesse público, o representante não figuraria como parte nos processos de controle externo conduzidos pelo TCU, sem prejuízo, contudo, de deferir a obtenção de vista e cópia das peças processuais não gravadas com a eventual chancela de sigilo;</p><p>Os Ministros do Tribunal de Contas da União, reunidos em Sessão da 2ª Câmara, ACORDAM, por unanimidade, com fundamento nos arts. 143, inciso V, alínea "a", 235, 237, inciso VII e parágrafo único, e 250, inciso I, do Regimento Interno do TCU aprovado pela Resolução TCU n.º 246, de 2011, em conhecer da presente representação para, no mérito, anotá-la como prejudicada, por ausência de adequado objeto, diante dos elementos de convicção até aqui obtidos neste processo, anotando, ainda, como prejudicado o subjacente pedido de cautelar suspensiva, sem prejuízo de prolatar as providências abaixo fixadas pelo item 1.7 deste Acórdão:</p><p>1. Processo TC-014.206/2022-6 (REPRESENTAÇÃO)</p><p>1.1. Entidade: Agência para o Desenvolvimento da Atenção Primária à Saúde (Adaps).</p><p>1.2. Representante: Alldax Serviços Empresariais Ltda. (CNPJ 08.880.518/0001-79).</p><p>1.3. Relator: Ministro-Substituto André Luís de Carvalho.</p><p>1.4. Representante do Ministério Público: não atuou.</p><p>1.5. Unidade Técnica: Secretaria de Controle Externo de Aquisições Logísticas (Selog).</p><p>1.6. Representação legal: Tatiana de Oliveira Navarro Barreto (OAB-DF 54.358), representando a Alldax Serviços Empresariais Ltda.</p><p>1.7. Providências:</p><p>1.7.1. indeferir o pedido de ingresso, como parte interessada no presente processo, formulado pela Alldax Serviços Empresariais Ltda., nos termos do art. 146, § 2º, do RITCU, sem prejuízo, contudo, de deferir a obtenção de vista e cópia das peças processuais não gravadas com o eventual grau de sigilo;</p><p>1.7.2. enviar a cópia do presente Acórdão, com o respectivo parecer da unidade técnica, à ora representante e à Agência para o Desenvolvimento da Atenção Primária à Saúde, para ciência; e</p><p>1.7.3. promover o arquivamento do presente processo, nos termos do art. 169 do RITCU.</p><p>ENCERRAMENTO</p><p>Às 11 horas e 42 minutos, a Presidência encerrou a sessão, da qual foi lavrada esta ata, a ser aprovada pelo Presidente e homologada pela Segunda Câmara.</p><p>(Assinado eletronicamente)</p><p>ELENIR TEODORO GONCALVES DOS SANTOS</p><p>Subsecretária da Segunda Câmara</p><p>Aprovada em 29 de agosto de 2022.</p><p>(Assinado eletronicamente)</p><p class="assina">BRUNO DANTAS</p><p class="cargo">Presidente</p>]]></Texto>
  </body>
  <Midias />
</article></xml>