﻿<xml><article id="27751112" name="2022-08-29/9060496/ANMWS_1984470" idOficio="9060496" pubName="DO1" artType="Retificação" pubDate="30/08/2022" artClass="00023:00030:00039:00000:00000:00000:00000:00000:00000:00000:00024:00002" artCategory="Ministério de Minas e Energia/Agência Nacional de Mineração/Gerência Regional da ANM no Estado do Rio Grande do Sul" artSize="12" artNotes="" numberPage="229" pdfPage="http://pesquisa.in.gov.br/imprensa/jsp/visualiza/index.jsp?data=30/08/2022&amp;jornal=515&amp;pagina=229" editionNumber="165" highlightType="" highlightPriority="" highlight="" highlightimage="" highlightimagename="" idMateria="19844706">
  <body>
    <Identifica><![CDATA[Despacho]]></Identifica>
    <Data><![CDATA[]]></Data>
    <Ementa />
    <Titulo />
    <SubTitulo />
    <Texto><![CDATA[<p class="identifica">Despacho</p><p>Relação nº 123/2022</p><p>Fase de Autorização de Pesquisa</p><p>Despacho de retificação do alvará de pesquisa(327)</p><p>810.736/2014-COLORMINAS COLORIFÍCIO E MINERAÇÃO S A-ALVARÁ N° 3797 Publicado DOU de 19/06/2019- Onde se lê: ... "numa área de 593,02 ha", Leia-se: ... "numa área de 49,21 ha"</p><p>Fase de Requerimento de Registro de Extração</p><p>Torna sem efeito despacho de indeferimento(834)</p><p>810.270/2022-MUNICIPIO DE SANTA TEREZA- Publicado DOU de 11/08/2022</p><p class="assina">JOSE EDUARDO DA COSTA DUARTE</p><p class="cargo">Gerente Interino</p>]]></Texto>
  </body>
  <Midias />
</article></xml>