﻿<xml><article id="27752912" name="Despacho PAT (Bridgestone)" idOficio="9060942" pubName="DO1" artType="Despacho" pubDate="30/08/2022" artClass="00027:00017:00018:00000:00000:00000:00000:00000:00000:00000:00024:00000" artCategory="Ministério do Trabalho e Previdência/Secretaria Especial de Previdência e Trabalho/Secretaria de Inspeção do Trabalho" artSize="12" artNotes="" numberPage="282" pdfPage="http://pesquisa.in.gov.br/imprensa/jsp/visualiza/index.jsp?data=30/08/2022&amp;jornal=515&amp;pagina=282" editionNumber="165" highlightType="" highlightPriority="" highlight="" highlightimage="" highlightimagename="" idMateria="19845246">
  <body>
    <Identifica><![CDATA[ DESPACHO DE 29 DE AGOSTO DE 2022]]></Identifica>
    <Data><![CDATA[]]></Data>
    <Ementa />
    <Titulo />
    <SubTitulo />
    <Texto><![CDATA[<p class="identifica">DESPACHO DE 29 DE AGOSTO DE 2022</p><p>O COORDENADOR-GERAL DE FISCALIZAÇÃO EM SEGURANÇA E SAÚDE NO TRABALHO, DA SECRETARIA DE INSPEÇÃO DO TRABALHO, no uso das atribuições que lhe confere o art. 148, da Portaria MTP nº 672, de 8 de novembro de 2021, e o art. 205, da Instrução Normativa MTP nº 2, de 8 de novembro de 2021, com base no art. 167, § 1º, do Decreto nº 10.854, de 10 de novembro de 2021, resolve tornar sem efeito o Despacho SEPRT, de 14 de junho de 2022 (página 106 da Seção 1 do DOU de 21/06/2022) que cancelou a inscrição da empresa BRIDGESTONE DO BRASIL INDUSTRIA E COMERCIO LTDA, CNPJ 57.497.539/0001-15 no Programa de Alimentação do Trabalho - PAT, conforme fundamentação do OFÍCIO SEI Nº 22429/2022/MTP constante no processo 10260.115172/2022-93.</p><p class="assina">MARCELO NAEGELE</p>]]></Texto>
  </body>
  <Midias />
</article></xml>