﻿<xml><article id="27746928" name="OUTORGA PREVENTIVA_26 08 2022 (1" idOficio="9059573" pubName="DO1" artType="Ato" pubDate="30/08/2022" artClass="00014:00042:00000:00000:00000:00000:00000:00000:00000:00000:00006:00003" artCategory="Ministério do Desenvolvimento Regional/Agência Nacional de Águas e Saneamento Básico" artSize="12" artNotes="" numberPage="72" pdfPage="http://pesquisa.in.gov.br/imprensa/jsp/visualiza/index.jsp?data=30/08/2022&amp;jornal=515&amp;pagina=72" editionNumber="165" highlightType="" highlightPriority="" highlight="" highlightimage="" highlightimagename="" idMateria="19843142">
  <body>
    <Identifica><![CDATA[ ATO Nº 1.579, DE 26 DE AGOSTO DE 2022]]></Identifica>
    <Data><![CDATA[]]></Data>
    <Ementa />
    <Titulo />
    <SubTitulo />
    <Texto><![CDATA[<p class="identifica">ATO Nº 1.579, DE 26 DE AGOSTO DE 2022</p><p>O SUPERINTENDENTE ADJUNTO DE REGULAÇÃO DE USOS DE RECURSOS HÍDRICOS DA AGÊNCIA NACIONAL DE ÁGUAS E SANEAMENTO BÁSICO - ANA, no exercício da competência delegada pelo art. 3º, inciso I, da Resolução ANA nº 26, de 08/05/2020, torna público que o DIRETOR VITOR EDUARDO DE ALMEIDA SABACK, nos termos do art. 12, inciso V, da Lei nº 9.984, de 17/07/2000, com fundamento na Resolução ANA nº 1.938, de 30/10/2017, resolveu emitir a outorga preventiva de uso de recursos hídricos a:</p><p>ALEXANDRE CENCI, ALAN CENCI E JUVENIL ANTONIO CENCI, rio Urucuia, Município de Arinos/MG, irrigação.</p><p>O inteiro teor da Outorga Preventiva, bem como as demais informações pertinentes está disponível no site https://www.gov.br/ana.</p><p class="assina">ANDRÉ PANTE</p>]]></Texto>
  </body>
  <Midias />
</article></xml>