﻿<xml><article id="27749085" name="ATA-NA 32_de_17_08_2022-BD-IMPRE" idOficio="9057231" pubName="DO1" artType="Ata" pubDate="30/08/2022" artClass="00044:00009:00000:00000:00000:00000:00000:00000:00000:00000:00005:00000" artCategory="Tribunal de Contas da União/Plenário" artSize="12" artNotes="" numberPage="396" pdfPage="http://pesquisa.in.gov.br/imprensa/jsp/visualiza/index.jsp?data=30/08/2022&amp;jornal=515&amp;pagina=396" editionNumber="165" highlightType="" highlightPriority="" highlight="" highlightimage="" highlightimagename="" idMateria="19839884">
  <body>
    <Identifica />
    <Data><![CDATA[]]></Data>
    <Ementa />
    <Titulo />
    <SubTitulo />
    <Texto><![CDATA[<p>ACÓRDÃO Nº 1899/2022 - TCU - Plenário</p><p>1. Processo: TC 012.122/2018-1.</p><p>2. Grupo: I; Classe de Assunto: II - Solicitação do Congresso Nacional.</p><p>3. Interessada: Comissão de Fiscalização Financeira e Controle da Câmara dos Deputados.</p><p>4. Unidades Jurisdicionadas: Comando do Exército e Departamento Nacional de Infraestrutura de Transportes - Dnit.</p><p>5. Relator: Ministro-Substituto Marcos Bemquerer Costa.</p><p>6. Representante do Ministério Público: não atuou.</p><p>7. Unidades Técnicas: Secretaria de Fiscalização de Infraestrutura Rodoviária e de Aviação Civil (SeinfraRodoviaAviação) e Secretaria de Controle Externo da Defesa Nacional e da Segurança Pública (SecexDefesa).</p><p>8. Representação legal: não há.</p><p>9. Acórdão:</p><p>VISTOS, relatados e discutidos estes autos da Solicitação de Fiscalização 47/2011, de autoria do Deputado Federal Rubens Bueno, encaminhada pelo Presidente da Comissão de Fiscalização Financeira e Controle da Câmara dos Deputados, por meio do Ofício 29/2018/CFFC-P, datado de 18/04/2018, mediante o qual se requeria que este Tribunal realizasse fiscalização para apurar irregularidades nas obras decorrentes de acordos, contratos, convênios e outros instrumentos congêneres entre o Comando do Exército, por meio do Departamento de Engenharia do Exército - DEC e do Instituto Militar de Engenharia - IME, e o Departamento Nacional de Infraestrutura de Transportes - DNIT, nos exercícios de 2002 a 2009.</p><p>ACORDAM os ministros do Tribunal de Contas da União, reunidos em Sessão do Plenário, ante as razões expostas pelo relator, em:</p><p>9.1. levantar o sobrestamento dos presentes autos, com fulcro no art. 157 do Regimento Interno/TCU c/c art. 47 da Resolução/TCU 259/2014;</p><p>9.2. considerar a presente Solicitação do Congresso Nacional integralmente atendida, com fulcro nos arts. 14, inciso IV, e 17, inciso II, da Resolução/TCU 215/2008;</p><p>9.3. enviar cópia desta deliberação, bem como dos Acórdãos 3.179/2020 - Plenário, 9.962/2021 - 2ª Câmara, 720/2019 - Plenário e 756/2022 - Plenário ao Presidente da Comissão de Fiscalização Financeira e Controle da Câmara dos Deputados e ao Deputado Federal Rubens Bueno, destacando que o relatório e o voto que fundamentam cada decisum podem ser acessados por meio do endereço eletrônico www.tcu.gov.br/acordaos; e</p><p>9.4. arquivar o presente processo, com base no art. 169, inciso V, do Regimento Interno/TCU.</p><p>10. Ata n° 32/2022 - Plenário.</p><p>11. Data da Sessão: 17/8/2022 - Ordinária.</p><p>12. Código eletrônico para localização na página do TCU na Internet: AC-1899-32/22-P.</p><p>13. Especificação do quórum:</p><p>13.1. Ministros presentes: Bruno Dantas (na Presidência), Walton Alencar Rodrigues, Benjamin Zymler, Augusto Nardes, Aroldo Cedraz, Vital do Rêgo, Jorge Oliveira e Antonio Anastasia.</p><p>13.2. Ministro-Substituto convocado: Augusto Sherman Cavalcanti.</p><p>13.3. Ministros-Substitutos presentes: Marcos Bemquerer Costa (Relator), André Luís de Carvalho e Weder de Oliveira.</p><p>ACÓRDÃO Nº 1900/2022 - TCU - Plenário</p><p>1. Processo nº TC 018.533/2019-1</p><p>2. Grupo I - Classe de Assunto: I - Recurso de Revisão (em Tomada de Contas Especial)</p><p>3. Recorrente: Luiz Medeiros Nobre (177.220.634-20)</p><p>4. Órgão: Prefeitura Municipal de Carneiros/AL</p><p>5. Relator: Ministro Benjamin Zymler</p><p>5.1. Relator da deliberação recorrida: Ministro-Substituto Weder de Oliveira</p><p>6. Representante do Ministério Público: Subprocurador-Geral Lucas Rocha Furtado</p><p>7. Unidade técnica: Secretaria de Recursos (Serur)</p><p>8. Representação legal: Filipe Thiago de Vasconcelos Almeida (OAB/AL 8.052), Bruno Gustavo Araújo Loureiro (OAB/AL 7.893), Tiago da Franca Neri (OAB/AL 7.893) e José Álvaro Costa Filho (OAB/AL 6.566).</p><p>9. Acórdão:</p><p>VISTOS, relatados e discutidos estes autos de recurso de revisão interposto contra o Acórdão 7.677/2020-1ª Câmara,</p><p>ACORDAM os Ministros do Tribunal de Contas da União, reunidos em sessão Plenária, ante as razões expostas pelo relator, em:</p><p>9.1. conhecer do presente recurso de revisão, com fundamento nos arts. 32, inciso III, e 35, inciso III, da Lei 8.443/1992;</p><p>9.2. quanto ao mérito, dar-lhe provimento para julgar regular as contas do sr. Luiz Medeiros Nobre, dando-lhe quitação plena, nos termos dos arts. 1º, inciso I, 16, inciso I, 17 e 23, inciso I, da Lei 8.443/1992, afastando a penalidade de multa fixada no subitem 9.5 do Acórdão 7.677/2020-1ª Câmara; e</p><p>9.3. dar ciência desta deliberação ao recorrente, à Prefeitura Municipal de Carneiros/AL, ao FNDE e à Procuradoria da República no Estado de Alagoas.</p><p>10. Ata n° 32/2022 - Plenário.</p><p>11. Data da Sessão: 17/8/2022 - Ordinária.</p><p>12. Código eletrônico para localização na página do TCU na Internet: AC-1900-32/22-P.</p><p>13. Especificação do quórum:</p><p>13.1. Ministros presentes: Bruno Dantas (na Presidência), Walton Alencar Rodrigues, Benjamin Zymler (Relator), Augusto Nardes, Aroldo Cedraz, Vital do Rêgo, Jorge Oliveira e Antonio Anastasia.</p><p>13.2. Ministro-Substituto convocado: Augusto Sherman Cavalcanti.</p><p>13.3. Ministros-Substitutos presentes: Marcos Bemquerer Costa, André Luís de Carvalho e Weder de Oliveira.</p><p>ACÓRDÃO Nº 1901/2022 - TCU - Plenário</p><p>1. Processo nº TC 026.573/2020-2.</p><p>2. Grupo I - Classe de Assunto: IV - Tomada de Contas Especial</p><p>3. Interessados/Responsáveis:</p><p>3.1. Interessado: Empresa Brasileira de Correios e Telégrafos (ECT) (34.028.316/0001-03).</p><p>3.2. Responsável: Lougan de Brito Machado (034.933.743-80).</p><p>4. Órgão/Entidade: Empresa Brasileira de Correios e Telégrafos (ECT) - AC SAO BENEDITO DO RIO PRETO/MA.</p><p>5. Relator: Ministro Benjamin Zymler.</p><p>6. Representante do Ministério Público: Procuradora-Geral Cristina Machado da Costa e Silva.</p><p>7. Unidade Técnica: Secretaria de Controle Externo de Tomada de Contas Especial (SecexTCE).</p><p>8. Representação legal: não há.</p><p>9. Acórdão:</p><p>VISTOS, relatados e discutidos estes autos de tomada de contas especial instaurada pela Empresa Brasileira de Correios e Telégrafos em desfavor do Sr. Thiago de Castro Tataia Soares, em razão de desfalque, alcance, desvio ou desaparecimento de dinheiro, bens ou valores públicos, evidenciados pela falta de numerário no Caixa Retaguarda da Agência de Correios AC Dirceu Arcoverde/PI,</p><p>ACORDAM os Ministros do Tribunal de Contas da União, reunidos em sessão do Plenário, ante as razões expostas pelo relator, em:</p><p>9.1. julgar irregulares, nos termos dos arts. 1º, inciso I, 16, inciso III, alínea "d", da Lei 8.443/1992, c/c os arts. 19 e 23, inciso III, da mesma lei, as contas do responsável Sr. Lougan de Brito Machado, condenando-o ao pagamento da importância a seguir especificada, atualizada monetariamente e acrescida dos juros de mora, calculada a partir da data discriminada até a data da efetiva quitação do débito, fixando-lhe o prazo de quinze dias, para que comprove, perante o Tribunal, o recolhimento da referida quantia aos cofres do Empresa Brasileira de Correios e Telegrafos (ECT), nos termos do art. 23, inciso III, alínea "a", da citada lei, c/c o art. 214, inciso III, alínea "a", do Regimento Interno do TCU;</p><p /><p></p><table><tr /><tr><td rowspan="1" colspan="1"><p>Data de ocorrência</p></td><td rowspan="1" colspan="1"><p>Valor histórico (R$)</p></td></tr><tr><td rowspan="1" colspan="1"><p>19/7/2018</p></td><td rowspan="1" colspan="1"><p>164.872,87</p></td></tr></table><p>9.2. aplicar ao Sr. Lougan de Brito Machado a multa prevista no art. 57 da Lei 8.443/1992 c/c o art. 267 do Regimento Interno do TCU, no valor de R$ 200.000,00 (duzentos mil reais), fixando-lhe o prazo de quinze dias, a contar da notificação, para que comprove, perante o Tribunal (art. 214, III, alínea "a", do Regimento Interno do TCU), o recolhimento da dívida aos cofres do Tesouro Nacional, atualizada monetariamente desde a presente data até a do efetivo recolhimento, se paga após o vencimento, na forma da legislação em vigor;</p><p>9.3. considerar graves as condutas praticadas pelo Sr. Lougan de Brito Machado, nos termos do art. 270, § 1º, do Regimento Interno do TCU;</p><p>9.4. inabilitar o Sr. Lougan de Brito Machado para o exercício de cargo em comissão ou função de confiança no âmbito da administração pública por um prazo de 5 (cinco) anos, nos termos do art. 60 da Lei 8.443/1992, c/c arts. 15, inciso I, alínea "i" e 270, do Regimento Interno do TCU;</p><p>9.5. autorizar, desde logo, a cobrança judicial das dívidas, caso não atendida a notificação, na forma do disposto no art. 28, inciso II, da Lei 8.443/1992;</p><p>9.6. autorizar também, desde logo, se requerido, com fundamento no art. 26, da Lei 8.443, de 1992, c/c o art. 217, §§ 1º e 2º do Regimento Interno do TCU, o parcelamento da(s) dívida(s) em até 36 parcelas mensais, incidindo, sobre cada parcela, corrigida monetariamente, os correspondentes acréscimos legais, fixando-lhe o prazo de quinze dias, a contar do recebimento da notificação, para comprovar, perante o Tribunal, o recolhimento da primeira parcela, e de trinta dias, a contar da parcela anterior, para comprovar os recolhimentos das demais parcelas, devendo incidir, sobre cada valor mensal, atualizado monetariamente, os juros de mora devidos, no caso do débito, na forma prevista na legislação em vigor, alertando o responsável de que a falta de comprovação do recolhimento de qualquer parcela importará o vencimento antecipado do saldo devedor, nos termos do § 2º do art. 217 do Regimento Interno deste Tribunal;</p><p>9.7. dar ciência desta deliberação à Procuradoria da República no Estado do Maranhão, nos termos do § 3º do art. 16 da Lei 8.443/1992, c/c o § 7º do art. 209 do Regimento Interno do TCU, para adoção das medidas cabíveis; e</p><p>9.8. dar ciência desta deliberação à Empresa Brasileira de Correios e Telégrafos (ECT) e ao responsável.</p><p>10. Ata n° 32/2022 - Plenário.</p><p>11. Data da Sessão: 17/8/2022 - Ordinária.</p><p>12. Código eletrônico para localização na página do TCU na Internet: AC-1901-32/22-P.</p><p>13. Especificação do quórum:</p><p>13.1. Ministros presentes: Bruno Dantas (na Presidência), Walton Alencar Rodrigues, Benjamin Zymler (Relator), Augusto Nardes, Aroldo Cedraz, Vital do Rêgo, Jorge Oliveira e Antonio Anastasia.</p><p>13.2. Ministro-Substituto convocado: Augusto Sherman Cavalcanti.</p><p>13.3. Ministros-Substitutos presentes: Marcos Bemquerer Costa, André Luís de Carvalho e Weder de Oliveira.</p><p>ACÓRDÃO Nº 1902 - TCU - Plenário</p><p>1. Processo nº TC 003.903/2022-2.</p><p>2. Grupo I - Classe V - Assunto: Auditoria (Cautelar Suspensiva).</p><p>3. Responsável: não identificado.</p><p>4. Instituições: Companhia de Desenvolvimento dos Vales do São Francisco e do Parnaíba (Codevasf); Ministério do Desenvolvimento Regional (MDR).</p><p>5. Relator: Ministro-Substituto André Luís de Carvalho.</p><p>5.1. Revisor: Ministro Jorge Oliveira.</p><p>6. Representante do Ministério Público: não atuou.</p><p>7. Unidade Técnica: Secretaria de Infraestrutura Hídrica, de Comunicações e de Mineração.</p><p>8. Representação legal: não há.</p><p>9. Acórdão:</p><p>VISTOS, relatados e discutidos estes autos que, no presente momento, tratam de cautelar suspensiva deferida no correspondente processo de auditoria, tendo ela sido realizada, dentro do Fiscobras-2022 e durante o período de 14/3 a 22/4/2022, na Companhia de Desenvolvimento dos Vales do São Francisco e do Parnaíba (Codevasf) e no Ministério do Desenvolvimento Regional (MDR) sobre a adequação e suficiência dos estudos preliminares para as obras do Canal do Sertão Baiano;</p><p>ACORDAM os Ministros do Tribunal de Contas da União, reunidos em Sessão do Plenário, ante as razões expostas pelo Relator, em:</p><p>9.1. revogar a cautelar suspensiva concedida pela Decisão acostada à Peça 57, nos termos do art. 276 do RITCU, sem prejuízo de determinar à Companhia de Desenvolvimento dos Vales do São Francisco e do Parnaíba (Codevasf) que, em conjunto com o Ministério do Desenvolvimento Regional, encontre as soluções técnicas necessárias para conciliar o futuro projeto básico com o Plano Nacional de Segurança Hídrica (PNSH) e o plano de desenvolvimento regional respectivo (estudo de detalhamento de planos de desenvolvimento regional contratado pelo MDR para os projetos do tipo Supply Driven), avaliando, se for o caso, a necessidade de atualização do EVTEA e dos demais estudos relacionados às obras do Canal do Sertão Baiano;</p><p>9.2. determinar que a Codevasf apresente o resultado dessas soluções técnicas, considerando os riscos levantados pela unidade técnica no presente processo, dentro do prazo de 90 (noventa) dias contados da notificação desta deliberação; e</p><p>9.3. promover, com a devida urgência, o prosseguimento do presente feito</p><p>10. Ata n° 32/2022 - Plenário.</p><p>11. Data da Sessão: 17/8/2022 - Ordinária.</p><p>12. Código eletrônico para localização na página do TCU na Internet: AC-1902-32/22-P.</p><p>13. Especificação do quórum:</p><p>13.1. Ministros presentes: Bruno Dantas (na Presidência), Walton Alencar Rodrigues, Benjamin Zymler, Aroldo Cedraz, Jorge Oliveira (Revisor) e Antonio Anastasia.</p><p>13.2. Ministro-Substituto convocado: Augusto Sherman Cavalcanti.</p><p>13.3. Ministros-Substitutos presentes: Marcos Bemquerer Costa, André Luís de Carvalho (Relator) e Weder de Oliveira.</p><p>ACÓRDÃO Nº 1903/2022 - TCU - Plenário</p><p>1. Processo nº TC 011.667/2018-4.</p><p>2. Grupo I - Classe de Assunto: I - Pedido de reexame (Denúncia).</p><p>3. Interessados/Responsáveis/Recorrentes:</p><p>3.1. Responsável: Cleber Murilo Pinheiro Sady (365.546.425-87).</p><p>3.2. Recorrente: Cleber Murilo Pinheiro Sady (365.546.425-87).</p><p>4. Órgão/Entidade: Conselho Regional de Fisioterapia e Terapia Ocupacional da 7ª Região (BA).</p><p>5. Relator: Ministro Augusto Nardes.</p><p>5.1. Relator da deliberação recorrida: Ministro-Substituto Augusto Sherman Cavalcanti.</p><p>6. Representante do Ministério Público: não atuou.</p><p>7. Unidade Técnica: Secretaria de Recursos (Serur).</p><p>8. Representação legal: Erasmo de Souza Freitas Junior (18373/OAB-BA), representando Cleber Murilo Pinheiro Sady; Eduardo de Andrade Corlett Loiola (37.112/OAB-BA), Thiago Antonio Tupiniquim Sena (23.249/OAB-BA) e outros, representando Conselho Regional de Fisioterapia e Terapia Ocupacional da 7ª Região (BA); Camila Gonzaga Alves Ferreira (45113/OAB-BA), Thamires Azevedo de Andrade (52506/OAB-BA) e outros, representando Sandro de Oliveira Suares.</p><p>9. Acórdão:</p><p>VISTOS, relatados e discutidos estes autos em que se aprecia pedido de reexame interposto contra o Acórdão 1.893/2021-TCU-Plenário,</p><p>ACORDAM os Ministros do Tribunal de Contas da União, reunidos em Sessão do Plenário, ante as razões expostas pelo Relator, com fundamento no art. 48 da Lei 8.443/1992, em:</p><p>9.1. conhecer do presente pedido de reexame e, no mérito, negar-lhe provimento, mantendo-se inalterado o acórdão recorrido; e</p><p>9.2. dar ciência desta decisão ao recorrente e demais interessados.</p><p>10. Ata n° 32/2022 - Plenário.</p><p>11. Data da Sessão: 17/8/2022 - Ordinária.</p><p>12. Código eletrônico para localização na página do TCU na Internet: AC-1903-32/22-P.</p><p>13. Especificação do quórum:</p><p>13.1. Ministros presentes: Bruno Dantas (na Presidência), Walton Alencar Rodrigues, Benjamin Zymler, Aroldo Cedraz, Vital do Rêgo, Jorge Oliveira e Antonio Anastasia.</p><p>13.2. Ministro-Substituto convocado: Augusto Sherman Cavalcanti.</p><p>13.3. Ministros-Substitutos presentes: Marcos Bemquerer Costa, André Luís de Carvalho e Weder de Oliveira.</p><p>ACÓRDÃO Nº 1904/2022 - TCU - Plenário</p><p>1. Processo nº TC 011.780/2022-3.</p><p>2. Grupo: I; Classe de Assunto: II - Solicitação do Congresso Nacional.</p><p>3. Interessados/Responsáveis:</p><p>3.1. Interessados: Exmo. Sr. Deputado Federal Hildo Rocha, Presidente da Comissão de Viação e Transportes da Câmara dos Deputados; Exmo. Sr. Deputado Federal Jaime Martins.</p><p>4. Órgão/Entidade: Petróleo Brasileiro S.A. - Petrobras.</p><p>5. Relator: Ministro Augusto Nardes.</p><p>6. Representante do Ministério Público: não atuou.</p><p>7. Unidade Técnica: Secretaria de Fiscalização de Infraestrutura de Petróleo e Gás Natural - SeinfraPetróleo.</p><p>8. Representação legal: não há</p><p>9. Acórdão:</p><p>VISTOS, relatados e discutidos estes autos que cuidam de Solicitação do Congresso Nacional formulada pelo Exmo. Sr. Deputado Federal Hildo Rocha, Presidente da Comissão de Viação e Transportes da Câmara dos Deputados, por meio do Ofício P-085/2022/CVT, de 10/6/2022, decorrente de reapresentação da Proposta de Fiscalização e Controle 87/2009, da relatoria do Exmo. Sr. Deputado Federal Gonzaga Patriota e de autoria do Exmo. Sr. Deputado Federal Jaime Martins, para realização de "fiscalização contábil, financeira, orçamentária e patrimonial na Petrobras especificamente quanto aos preços praticados para os combustíveis no mercado interno brasileiro",</p><p>ACORDAM os Ministros do Tribunal de Contas da União, reunidos em Sessão do Plenário, diante das razões expostas pelo Relator, em:</p><p>9.1. conhecer da presente solicitação, com fundamento no art. 71, incisos IV e VII, da Constituição Federal, c/c os arts. 1º, inciso II, 38, inciso I, da Lei 8.443/1992, 4º, inciso I, alínea "b", da Resolução TCU 215/2008, 232, inciso III, do Regimento Interno do TCU, e 24, inciso X, 60 e 61 do Regimento Interno da Câmara dos Deputados;</p><p>9.2. informar ao solicitante que a fiscalização referente à política de preços de combustíveis adotada pela Petrobras, tratada no TC 030.033/2016-0, foi concluída pela unidade técnica especializada, encontrando-se, atualmente, no aguardo do pronunciamento do relator, e, tão logo haja a apreciação por parte desta Corte de Contas, os resultados ser-lhe-ão oportunamente encaminhados;</p><p>9.3. dar ciência desta decisão ao autor da Proposta de Fiscalização e Controle 87/2009, Exmo. Sr. Deputado Federal Jaime Martins;</p><p>9.4. informar ao Relator do TC 030.033/2016-0, Ministro Aroldo Cedraz, acerca da existência da presente Solicitação do Congresso Nacional e da necessidade de encaminhamento a este Relator, quando do julgamento do mérito do referido processo, de cópia do acórdão proferido, acompanhado do relatório e voto que o fundamentarem, bem como das peças processuais consideradas necessárias ao atendimento da solicitação objeto deste processo, para que seja promovido o posterior envio desses documentos ao solicitante, conforme dispõe o parágrafo único do art. 13 da Resolução TCU 215/2008;</p><p>9.5. juntar cópia da presente deliberação ao TC 030.033/2016-0, conforme determina o art. 14, inciso V, da Resolução TCU 215/2008; e</p><p>9.6. sobrestar o presente processo até que seja encaminhada ao solicitante a deliberação a ser prolatada no TC 030.033/2016-0, com fundamento no art. 47 da Resolução TCU 259/2014.</p><p>10. Ata n° 32/2022 - Plenário.</p><p>11. Data da Sessão: 17/8/2022 - Ordinária.</p><p>12. Código eletrônico para localização na página do TCU na Internet: AC-1904-32/22-P.</p><p>13. Especificação do quórum:</p><p>13.1. Ministros presentes: Bruno Dantas (na Presidência), Walton Alencar Rodrigues, Benjamin Zymler, Aroldo Cedraz, Vital do Rêgo, Jorge Oliveira e Antonio Anastasia.</p><p>13.2. Ministro-Substituto convocado: Augusto Sherman Cavalcanti.</p><p>13.3. Ministros-Substitutos presentes: Marcos Bemquerer Costa, André Luís de Carvalho e Weder de Oliveira.</p><p>ACÓRDÃO Nº 1905/2022 - TCU - Plenário</p><p>1. Processo nº TC 017.162/2007-1.</p><p>2. Grupo II - Classe de Assunto: I - Embargos de Declaração (em Embargos de Declaração, em Recurso de Reconsideração em Tomada de Contas Especial).</p><p>3. Interessados/Responsáveis/Recorrentes:</p><p>3.1. Interessado: Ministério do Meio Ambiente, dos Recursos Hídricos e da Amazônia Legal - Secretaria de Recursos Hídricos.</p><p>3.2. Responsáveis: Associação dos Irrigantes da Barragem de Terra Nova (35.446.590/0001-65); Deusiclea Barboza de Castro (280.020.671-34); Eudes Costa de Holanda (024.662.873-15); Félix Cantalício Barreto Cabral (015.509.854-34); I T S - Instituto Terra Social (03.463.763/0001-67); Isane Costa de Farias (033.317.905-67); Israel Beserra de Farias (132.513.174-15); Louise Costa de Farias (027.524.975-12); Luciano de Petribú Faria (499.437.076-15); Mestra Ltda. (03.457.778/0001-12); Neuma de Fatima Costa de Farias (181.324.134-15); Oscar Cabral de Melo (083.235.264-00); Pedro Thadeu Miranda de Argollo Pereira (130.377.905-63); Rui Melo de Carvalho (370.198.997-49); Taise Costa de Farias (010.367.215-07); Tl Construtora Ltda (00.058.984/0001-61).</p><p>3.3. Recorrentes: TL Construtora Ltda (00.058.984/0001-61); Neuma de Fatima Costa de Farias (181.324.134-15); Taise Costa de Farias (010.367.215-07); Isane Costa de Farias (033.317.905-67); Louise Costa de Farias (027.524.975-12).</p><p>4. Órgão/Entidade: Ministério do Meio Ambiente, dos Recursos Hídricos e da Amazônia Legal.</p><p>5. Relator: Ministro Augusto Nardes.</p><p>5.1. Relator da deliberação recorrida: Ministro Augusto Nardes.</p><p>6. Representante do Ministério Público: não atuou.</p><p>7. Unidades Técnicas: não atuou.</p><p>8. Representação legal: Angela Maria Soares Cabral, representando Félix Cantalício Barreto Cabral; Alexandre Melo Soares (24518/OAB-DF), representando Paulo Ramiro Perez Toscano; Adeilson Amancio dos Santos (30.254/OAB-BA), Jose Francisco Bastos Filho (8504/OAB-BA) e outros, representando Neuma de Fatima Costa de Farias; Tarcísio Menezes Oliveira (15857/OAB-BA), Roberto Silva Soledade (16627/OAB-BA) e outros, representando Mestra Ltda.; Adeilson Amancio dos Santos (30.254/OAB-BA) e Francisco Bastos Filho (8.504/OAB-BA), representando TL Construtora Ltda; Adeilson Amancio dos Santos (30.254/OAB-BA), Jose Francisco Bastos Filho (8504/OAB-BA) e outros, representando Louise Costa de Farias; Adeilson Amancio dos Santos (30.254/OAB-BA), Jose Francisco Bastos Filho (8504/OAB-BA) e outros, representando Taise Costa de Farias; Matheus Machado Mendes de Figueiredo (6597-E/OAB-DF), Thaís Silveira Dumont de Aguiar (23242/OAB-DF) e outros, representando Raymundo Cesar Bandeira de Alencar; Tarcísio Menezes Oliveira (15857/OAB-BA), Roberto Silva Soledade (16627/OAB-BA) e outros, representando Pedro Thadeu Miranda de Argollo Pereira; Adeilson Amancio dos Santos (30.254/OAB-BA), Jose Francisco Bastos Filho (8504/OAB-BA) e outros, representando Isane Costa de Farias; Celso Negrão da Fonseca Júnior (22177/OAB-BA), Fabiana Bastos de Oliveira (24572/OAB-BA) e outros, representando Israel Beserra de Farias; Arlindo Gomes Miranda (142862/OAB-SP), representando Luciano de Petribú Faria; Francisco Bastos Filho (30.254/OAB-BA), representando TL Construtora Ltda., Neuma de Fátima Costa de Farias, Taise Costa de Farias, Isane Costa de Farias e Louise Costa de Farias.</p><p>9. Acórdão:</p><p>VISTOS, relatados e discutidos estes autos de embargos de declaração opostos pela empresa TL Construtora Ltda. e pelas herdeiras do Sr. Israel Beserra de Farias, Neuma de Fátima Costa de Farias, Taise Costa de Farias, Isane Costa de Farias e Louise Costa de Farias, em face do Acórdão no 1.146/2022-TCU-Plenário, por meio do qual o Tribunal conheceu de embargos de declaração desses mesmos responsáveis contra o Acórdão no 262/2022-TCU-Plenário e no mérito os rejeitou.</p><p>ACORDAM os Ministros do Tribunal de Contas da União, reunidos em Sessão do Plenário, ante as razões expostas pelo Relator, em:</p><p>9.1. conhecer dos presentes embargos de declaração, com fundamento no art. 34 da Lei 8.443/1992, para, no mérito, rejeitá-los;</p><p>9.2. alertar as embargantes que a oposição de novos embargos com caráter protelatório implicará o recebimento de futuras impugnações a esse título como simples petição, conforme art. 287, § 6º, do RI/TCU, sem efeito suspensivo, e poderá ensejar a aplicação da multa prevista no art. 1.026, § 2º, do Código de Processo Civil; e</p><p>9.3. dar ciência desta deliberação às embargantes e aos demais interessados.</p><p>10. Ata n° 32/2022 - Plenário.</p><p>11. Data da Sessão: 17/8/2022 - Ordinária.</p><p>12. Código eletrônico para localização na página do TCU na Internet: AC-1905-32/22-P.</p><p>13. Especificação do quórum:</p><p>13.1. Ministros presentes: Bruno Dantas (na Presidência), Walton Alencar Rodrigues, Benjamin Zymler, Aroldo Cedraz, Vital do Rêgo, Jorge Oliveira e Antonio Anastasia.</p><p>13.2. Ministro-Substituto convocado: Augusto Sherman Cavalcanti.</p><p>13.3. Ministros-Substitutos presentes: Marcos Bemquerer Costa, André Luís de Carvalho e Weder de Oliveira.</p><p>ACÓRDÃO Nº 1906/2022 - TCU - Plenário</p><p>1. Processo TC 004.982/2014-2.</p><p>2. Grupo I - Classe de Assunto: I - Recurso de revisão (Tomada de Contas Especial).</p><p>3. Interessados/Responsáveis/Recorrentes:</p><p>3.1. Responsáveis: José Luiz Ribeiro (030.211.328-20); Luís Antônio Paulino (857.096.468-49); Nassim Gabriel Mehedff (007.243.786-34); Sindicato dos Trabalhadores nas Indústrias Metalúrgicas, Mecânicas e de Material Elétrica de Piracicaba e Região (54.406.921/0001-88); Walter Barelli (008.056.888-20).</p><p>3.2. Recorrentes: José Luiz Ribeiro (030.211.328-20); Sindicato dos Trabalhadores nas Indústrias Metalúrgicas, Mecânicas e de Material Elétrica de Piracicaba e Região (54.406.921/0001-88).</p><p>4. Órgão/Entidade: Entidades e Órgãos do Governo do Estado de São Paulo.</p><p>5. Relator: Ministro Aroldo Cedraz</p><p>5.1. Relator da deliberação recorrida: Ministro Benjamin Zymler.</p><p>6. Representante do Ministério Público: Procurador Sergio Ricardo Costa Caribé.</p><p>7. Unidades Técnicas: Secretaria de Recursos (Serur); Secretaria de Controle Externo de Tomada de Contas Especial (SecexTCE).</p><p>8. Representação legal: Ronaldo de Almeida (236199/OAB-SP), representando Walter Barelli; Ronaldo de Almeida (236199/OAB-SP), representando Luís Antônio Paulino; Fatima Cristina Pires Miranda (109.889/OAB-SP), Wilton Luis da Silva Gomes (220788/OAB-SP) e outros, representando Sindicato dos Trabalhadores nas Indústrias Metalúrgicas, Mecânicas e de Material Elétrica de Piracicaba e Região; Wilton Luis da Silva Gomes (220788/OAB-SP), Fatima Cristina Pires Miranda (109889/OAB-SP) e outros, representando José Luiz Ribeiro.</p><p>9. Acórdão:</p><p>VISTOS, relatados e discutidos estes autos em que se aprecia o recurso de revisão interposto por José Luiz Ribeiro e Sindicato dos Trabalhadores nas Indústrias Metalúrgicas, Mecânicas e de Material Elétrico de Piracicaba e Região, contra o Acórdão 3959/2015-1ª Câmara (retificado por inexatidão material - Acórdão 2440/2017-1ª Câmara), que julgou irregulares as suas contas e imputou-lhes débito, em virtude de irregularidades no Convênio 59/1999, celebrado entre a Secretaria do Emprego e Relações do Trabalho do Estado de São Paulo (Sert/SP) e o mencionado sindicato, no âmbito do Plano Nacional de Qualificação do Trabalhador (Planfor);</p><p>ACORDAM os Ministros do Tribunal de Contas da União, reunidos em Sessão do Plenário, diante das razões expostas pelo Relator, com fundamento nos artigos 32, inciso III; e 35, da Lei 8.443/1992, em:</p><p>9.1. conhecer do recurso de revisão interposto pelo Sr. José Luiz Ribeiro e pelo Sindicato dos Trabalhadores nas Indústrias Metalúrgicas, Mecânicas e de Material Elétrico de Piracicaba e Região para, no mérito, dar-lhe provimento parcial de forma a reduzir o débito objeto do item 9.2 do acórdão recorrido, conforme tabela a seguir, mantendo-se o julgamento pela irregularidade das contas:</p><p /><p></p><table><tr /><tr><td rowspan="1" colspan="1"><p>Data da ocorrência</p></td><td rowspan="1" colspan="1"><p>Valor original</p></td><td rowspan="1" colspan="1"><p>Tipo</p></td></tr><tr><td rowspan="1" colspan="1"><p>6/10/1999</p></td><td rowspan="1" colspan="1"><p>25.813,85</p></td><td rowspan="1" colspan="1"><p>Débito</p></td></tr><tr><td rowspan="1" colspan="1"><p>14/12/1999</p></td><td rowspan="1" colspan="1"><p>16.433,93</p></td><td rowspan="1" colspan="1"><p>Débito</p></td></tr><tr><td rowspan="1" colspan="1"><p>22/12/1999</p></td><td rowspan="1" colspan="1"><p>21.247,80</p></td><td rowspan="1" colspan="1"><p>Débito</p></td></tr><tr><td rowspan="1" colspan="1"><p>24/11/1999</p></td><td rowspan="1" colspan="1"><p>1.461,00</p></td><td rowspan="1" colspan="1"><p>Crédito</p></td></tr><tr><td rowspan="1" colspan="1"><p>15/12/1999</p></td><td rowspan="1" colspan="1"><p>2.205,00</p></td><td rowspan="1" colspan="1"><p>Crédito</p></td></tr></table><p>9.2. dar ciência desta deliberação aos recorrentes, ao Ministério do Trabalho e Emprego e à Procuradoria da República no Estado de São Paulo;</p><p>9.3. informar aos interessados que, na confirmação de recolhimento de débito em valores superiores aos devidos, pode-se requerer o respectivo ressarcimento, nos termos da Portaria Conjunta Segecex-Segedam 1/2021, arts. 2º, inciso I, 3º e 4º, incisos I a VIII.</p><p>10. Ata n° 32/2022 - Plenário.</p><p>11. Data da Sessão: 17/8/2022 - Ordinária.</p><p>12. Código eletrônico para localização na página do TCU na Internet: AC-1906-32/22-P.</p><p>13. Especificação do quórum:</p><p>13.1. Ministros presentes: Bruno Dantas (na Presidência), Walton Alencar Rodrigues, Benjamin Zymler, Aroldo Cedraz (Relator), Vital do Rêgo, Jorge Oliveira e Antonio Anastasia.</p><p>13.2. Ministro-Substituto convocado: Augusto Sherman Cavalcanti.</p><p>13.3. Ministros-Substitutos presentes: Marcos Bemquerer Costa, André Luís de Carvalho e Weder de Oliveira.</p><p>ACÓRDÃO Nº 1907/2022 - TCU - Plenário</p><p>1. Processo n TC 015.829/2015-4.</p><p>1.1. Apenso: 040.828/2020-4</p><p>2. Grupo I - Classe de Assunto: I - Recurso de revisão (Tomada de Contas Especial)</p><p>3. Interessados/Responsáveis/Recorrentes:</p><p>3.1. Interessado: Ministério do Turismo (05.457.283/0001-19).</p><p>3.2. Responsável: Francisco Neri de Oliveira (098.470.814-68).</p><p>3.3. Recorrente: Francisco Neri de Oliveira (098.470.814-68).</p><p>4. Órgão/Entidade: Município de Doutor Severiano - RN.</p><p>5. Relator: Ministro Aroldo Cedraz</p><p>5.1. Relator da deliberação recorrida: Ministro Vital do Rêgo.</p><p>6. Representante do Ministério Público: Procurador Sergio Ricardo Costa Caribé.</p><p>7. Unidades Técnicas: Secretaria de Recursos (Serur); Secretaria de Controle Externo de Tomada de Contas Especial (SecexTCE).</p><p>8. Representação legal: Daniel Monteiro da Silva (5.835/OAB-RN), Maria de Fátima Silva Reis e outros, representando Francisco Neri de Oliveira.</p><p>9. Acórdão:</p><p>VISTOS, relatados e discutidos estes autos de recurso de revisão interposto por Francisco Neri de Oliveira contra o Acórdão 10090/2018 - TCU - 1ª Câmara, o qual, entre outras medidas, julgou irregulares as contas do recorrente, condenando-o em débito histórico no valor de R$ 100.000,00 e aplicando-lhe multa no valor de R$ 20.000,00.</p><p>ACORDAM os Ministros do Tribunal de Contas da União, reunidos em Sessão do Plenário, ante as razões expostas pelo Relator, em:</p><p>9.1. conhecer do recurso e, no mérito, negar-lhe provimento;</p><p>9.2. informar ao recorrente e demais interessados do presente Acórdão, destacando que o Relatório e o Voto que o fundamentam podem ser acessados por meio do endereço eletrônico www.tcu.gov.br/acordaos.</p><p>10. Ata n° 32/2022 - Plenário.</p><p>11. Data da Sessão: 17/8/2022 - Ordinária.</p><p>12. Código eletrônico para localização na página do TCU na Internet: AC-1907-32/22-P.</p><p>13. Especificação do quórum:</p><p>13.1. Ministros presentes: Bruno Dantas (na Presidência), Walton Alencar Rodrigues, Benjamin Zymler, Aroldo Cedraz (Relator), Vital do Rêgo, Jorge Oliveira e Antonio Anastasia.</p><p>13.2. Ministro-Substituto convocado: Augusto Sherman Cavalcanti.</p><p>13.3. Ministros-Substitutos presentes: Marcos Bemquerer Costa, André Luís de Carvalho e Weder de Oliveira.</p><p>ACÓRDÃO Nº 1908/2022 - TCU - Plenário</p><p>1. Processo nº TC 024.304/2020-4.</p><p>1.1. Apenso: 038.140/2020-9</p><p>2. Grupo I - Classe de Assunto: I - Embargos de declaração (Representação)</p><p>3. Interessados/Responsáveis/Recorrentes:</p><p>3.1. Interessado: Procuradoria-Geral da União.</p><p>3.2. Recorrente: Advocacia-Geral da União (26.994.558/0001-23).</p><p>4. Órgão/Entidade: Ministério da Economia.</p><p>5. Relator: Ministro Aroldo Cedraz</p><p>5.1. Relator da deliberação recorrida: Ministro Aroldo Cedraz.</p><p>6. Representante do Ministério Público: não atuou.</p><p>7. Unidades Técnicas: Secretaria de Recursos (Serur); Secretaria de Macroavaliação Governamental (Semag).</p><p>8. Representação legal: Raul Pereira Lisboa (35.180/OAB-DF), representando Escola de Administração Fazendária - Ministério da Economia; Raul Pereira Lisboa (35180/OAB-DF), representando Advocacia-geral da União.</p><p>9. Acórdão:</p><p>VISTOS, relatados e discutidos estes autos em que se apreciam embargos de declaração opostos pela União (Ministério da Economia), representada pela Advocacia-Geral da União, contra o Acórdão 2874/2021-Plenário;</p><p>ACORDAM os Ministros do Tribunal de Contas da União, reunidos em Sessão Plenária, diante das razões expostas pelo Relator, em:</p><p>9.1. com fundamento no art. 34 da Lei 8.443/1992, conhecer dos embargos de declaração, para, no mérito, rejeitá-los;</p><p>9.2. dar ciência desta deliberação aos embargantes e aos demais interessados.</p><p>10. Ata n° 32/2022 - Plenário.</p><p>11. Data da Sessão: 17/8/2022 - Ordinária.</p><p>12. Código eletrônico para localização na página do TCU na Internet: AC-1908-32/22-P.</p><p>13. Especificação do quórum:</p><p>13.1. Ministros presentes: Bruno Dantas (na Presidência), Walton Alencar Rodrigues, Benjamin Zymler, Aroldo Cedraz (Relator), Vital do Rêgo, Jorge Oliveira e Antonio Anastasia.</p><p>13.2. Ministro-Substituto convocado: Augusto Sherman Cavalcanti.</p><p>13.3. Ministros-Substitutos presentes: Marcos Bemquerer Costa, André Luís de Carvalho e Weder de Oliveira.</p><p>ACÓRDÃO Nº 1909/2022 - TCU - Plenário</p><p>1. Processo TC 021.145/2019-9.</p><p>1.1. Apensos: 008.938/2021-0; 000.436/2021-6; 000.435/2021-0.</p><p>2. Grupo I - Classe de Assunto: I - Recurso de Revisão (Tomada de Contas Especial).</p><p>3. Recorrente: Márcio Ricardo Borges da Silva (612.810.002-30).</p><p>4. Entidade: Município de Aurora do Pará - PA.</p><p>5. Relator: Ministro Vital do Rêgo.</p><p>5.1. Relator da deliberação recorrida: Ministro Augusto Nardes.</p><p>6. Representante do Ministério Público: Procurador Marinus Eduardo De Vries Marsico.</p><p>7. Unidade Técnica: Secretaria de Recursos (Serur).</p><p>8. Representação legal: André Luiz Condoto Oshiro (OAB/DF 31.600).</p><p>9. Acórdão:</p><p>VISTOS, relatados e discutidos estes autos recurso de revisão interposto pelo Sr. Márcio Ricardo Borges da Silva, ex-prefeito de Aurora do Pará/PA, contra o Acordão 5.152/2020-TCU-2ª Câmara;</p><p>ACORDAM os Ministros do Tribunal de Contas da União reunidos em Sessão de Plenário, ante as razões expostas pelo Relator, em:</p><p>9.1. conhecer, com base no art. 35, inciso III, da Lei 8.443/1992, c/c o art. 288, inciso III, do RI/TCU, do recurso de revisão interposto pelo Sr. Márcio Ricardo Borges da Silva para, no mérito, negar-lhe provimento; e</p><p>9.2. notificar o recorrente da presente deliberação.</p><p>10. Ata n° 32/2022 - Plenário.</p><p>11. Data da Sessão: 17/8/2022 - Ordinária.</p><p>12. Código eletrônico para localização na página do TCU na Internet: AC-1909-32/22-P.</p><p>13. Especificação do quórum:</p><p>13.1. Ministros presentes: Bruno Dantas (na Presidência), Walton Alencar Rodrigues, Benjamin Zymler, Aroldo Cedraz, Vital do Rêgo (Relator), Jorge Oliveira e Antonio Anastasia.</p><p>13.2. Ministro-Substituto convocado: Augusto Sherman Cavalcanti.</p><p>13.3. Ministros-Substitutos presentes: André Luís de Carvalho e Weder de Oliveira.</p>]]></Texto>
  </body>
  <Midias />
</article></xml>