﻿<xml><article id="27738206" name="ADE9EQRAT4 CURITIBA123" idOficio="9058038" pubName="DO1" artType="Ato Declaratório" pubDate="30/08/2022" artClass="00015:00045:00432:00101:00005:00046:00000:00000:00000:00000:00007:00002" artCategory="Ministério da Economia/Secretaria Especial da Receita Federal do Brasil/Subsecretaria-Geral da Receita Federal do Brasil/Superintendência Regional da 9ª Região Fiscal/Delegacia da Receita Federal do Brasil em Curitiba/Equipe de Gestão do Crédito Tributário e do Direito Creditório 4" artSize="12" artNotes="" numberPage="85" pdfPage="http://pesquisa.in.gov.br/imprensa/jsp/visualiza/index.jsp?data=30/08/2022&amp;jornal=515&amp;pagina=85" editionNumber="165" highlightType="" highlightPriority="" highlight="" highlightimage="" highlightimagename="" idMateria="19840920">
  <body>
    <Identifica><![CDATA[ ATO DECLARATÓRIO EXECUTIVO Nº 123, DE 25 DE AGOSTO DE 2022]]></Identifica>
    <Data><![CDATA[]]></Data>
    <Ementa><![CDATA[ Concede habilitação ao Regime Especial de Aquisição de Bens de Capital para Empresas Exportadoras - Recap à pessoa jurídica que menciona.]]></Ementa>
    <Titulo />
    <SubTitulo />
    <Texto><![CDATA[<p class="identifica">ATO DECLARATÓRIO EXECUTIVO Nº 123, DE 25 DE AGOSTO DE 2022</p><p class="ementa">Concede habilitação ao Regime Especial de Aquisição de Bens de Capital para Empresas Exportadoras - Recap à pessoa jurídica que menciona.</p><p>A AUDITORA-FISCAL DA RECEITA FEDERAL DO BRASIL, em exercício na Equipe de Gestão do Crédito Tributário e do Direito Creditório 4 da Delegacia da Receita Federal do Brasil em Curitiba, no uso das atribuições que lhe conferem a alínea "b" do inciso I do art. 6º da Lei nº 10.593, de 6 de dezembro de 2002 (Redação dada pela Lei nº 11.457, de 2007), o inciso IV do art. 303 do Regimento Interno da Secretaria Especial da Receita Federal do Brasil, aprovado pela Portaria ME nº 284, de 27 de julho de 2020, os arts. 1º e 7º da Portaria SRRF09 nº 482, de 30 de julho de 2020, e os arts. 2º e 4º da Portaria RFB nº 114, de 27 de janeiro de 2022, tendo em vista o disposto nos arts. 12 a 16 da Lei nº 11.196, de 21 de novembro de 2005 e nos arts. 562 a 569 da IN RFB nº 1.911, de 11 de outubro de 2019, e o que consta do dossiê nº 10906.232746/2022-54, declara:</p><p>Art. 1º Concedida a habilitação ao Regime Especial de Aquisição de Bens de Capital para Empresas Exportadoras - Recap, na condição de pessoa jurídica preponderantemente exportadora, nos termos do caput do art. 13 da Lei nº 11.196, de 21 de novembro de 2005, para a pessoa jurídica LAMINADOS DIWAL LTDA, CNPJ nº 03.509.540/0001-93.</p><p>Art. 2º O benefício de que trata o artigo anterior poderá ser usufruído nas aquisições e importações realizadas no período de 3 (três) anos contados da data de adesão ao Recap e aplica-se a todos os seus estabelecimentos.</p><p>Art. 3º Os bens amparados por este regime especial, conforme o art. 16 da Lei nº 11.196/2005, são apenas aqueles relacionados no anexo ao Decreto nº 5.789, de 25 de maio de 2006, com a redação dada pelo Decreto nº 6.581, de 26 de setembro de 2008.</p><p>Art. 4º Caso se apure que a beneficiária não satisfazia ou deixou de satisfazer, ou não cumpria ou deixou de cumprir os requisitos para a concessão, fica sujeita ao cancelamento de ofício da presente habilitação, nos termos do art. 8º do Decreto nº 5.649/2005 e do art. 571 da IN RFB nº 1.911/2009.</p><p>Art. 5º Este Ato Declaratório Executivo entra em vigor na data de sua publicação no Diário Oficial da União - DOU.</p><p class="assina">TAÍS BRITO SANTANA</p>]]></Texto>
  </body>
  <Midias />
</article></xml>