﻿<xml><article id="27748389" name="493 - Portaria de Prorrogacao - " idOficio="9059843" pubName="DO1" artType="Portaria" pubDate="30/08/2022" artClass="00028:00012:00028:00000:00000:00000:00000:00000:00000:00000:00054:00000" artCategory="Ministério do Turismo/Secretaria Especial de Cultura/Secretaria Nacional de Fomento e Incentivo à Cultura" artSize="12" artNotes="" numberPage="286" pdfPage="http://pesquisa.in.gov.br/imprensa/jsp/visualiza/index.jsp?data=30/08/2022&amp;jornal=515&amp;pagina=286" editionNumber="165" highlightType="" highlightPriority="" highlight="" highlightimage="" highlightimagename="" idMateria="19843560">
  <body>
    <Identifica><![CDATA[ PORTARIA Nº 493, DE 29 DE AGOSTO DE 2022]]></Identifica>
    <Data><![CDATA[]]></Data>
    <Ementa />
    <Titulo />
    <SubTitulo />
    <Texto><![CDATA[<p class="identifica">PORTARIA Nº 493, DE 29 DE AGOSTO DE 2022</p><p>O SECRETÁRIO NACIONAL DE FOMENTO E INCENTIVO À CULTURA, no uso das atribuições legais, que lhe confere a Portaria nº 303, de 31 de março de 2022 e a Portaria SECULT/MTUR n. 41, de 4 de outubro de 2021, resolve:</p><p>Art. 1.º - Homologar a prorrogação do prazo de captação de recursos do(s) projeto(s) cultural(is), relacionado(s) no(s) anexo(s) desta Portaria, para o(s) qual(is) o(s) proponente(s) fica(m) autorizado(s) a captar recursos, mediante doações ou patrocínios, na forma prevista no § 1º do Artigo 18 e no Artigo 26 da Lei n.º 8.313, de 23 de dezembro de 1991, alterada pela Lei nº 9.874, de 23 de novembro de 1999.</p><p>Art. 2.º - Esta portaria entra em vigor na data de sua publicação.</p><p class="assina">LUCAS JORDÃO CUNHA</p><p>ANEXO</p><p>ÁREA: 1 ARTES CÊNICAS (Artigo 18 , § 1º )</p><p>193979 - Carnaval Cultural e Desfile das Escolas de Samba de Laguna 2021</p><p>Liga Independente das Escolas de Samba - LIESLA</p><p>CNPJ/CPF: 07.082.000/0001-27</p><p>Cidade: Laguna - SC;</p><p>Prazo de Captação: 01/01/2022 à 31/12/2022</p><p>202597 - CIRCUITO NACIONAL PROFISSÕES DA ECONOMIA CRIATIVA - ARTES CÊNICAS</p><p>Branca e Branca produções Artisticas Ltda</p><p>CNPJ/CPF: 05.560.238/0001-95</p><p>Cidade: São Paulo - SP;</p><p>Prazo de Captação: 01/01/2022 à 31/12/2022</p><p>178073 - Festival Gastronômico</p><p>ACERTE PROJETOS</p><p>CNPJ/CPF: 77.515.120/0001-56</p><p>Cidade: Curitiba - PR;</p><p>Prazo de Captação: 01/01/2022 à 31/12/2022</p><p>210020 - VIVA MUSICAL - 2ª edição</p><p>BELIEVE STUDIO DE DANCA LTDA - ME</p><p>CNPJ/CPF: 20.585.316/0001-08</p><p>Cidade: Curitiba - PR;</p><p>Prazo de Captação: 01/01/2022 à 31/12/2022</p><p>ÁREA: 3 MÚSICA (Artigo 18 , § 1º )</p><p>210092 - BIKE ARTE BRASIL</p><p>INSTITUTO AROMEIAZERO</p><p>CNPJ/CPF: 16.403.490/0001-07</p><p>Cidade: São Paulo - SP;</p><p>Prazo de Captação: 01/06/2022 à 31/12/2022</p><p>185388 - MIMO FESTIVAL - Rio de Janeiro - 5ª Edição</p><p>Lu Araújo Produções Artísticas Ltda</p><p>CNPJ/CPF: 07.688.405/0001-03</p><p>Cidade: Rio de Janeiro - RJ;</p><p>Prazo de Captação: 01/01/2022 à 31/12/2022</p><p>212433 - Música Para Todos XVIII (Plano Anual 2022)</p><p>INSTITUTO CULTURAL SANTA RITA</p><p>CNPJ/CPF: 05.586.884/0001-21</p><p>Cidade: Teresina - PI;</p><p>Prazo de Captação: 01/01/2022 à 31/12/2022</p><p>203516 - SONS DE ESPERANÇA</p><p>AGENCIA ADVENTISTA DE DESENVOLVIMENTO E RECURSOS ASSISTENCIAIS NOROESTE BRASILEIRA - ADRA RORAIMA</p><p>CNPJ/CPF: 17.206.150/0004-00</p><p>Cidade: Boa Vista - RR;</p><p>Prazo de Captação: 01/07/2022 à 31/12/2022</p><p>205101 - Toque de Vida</p><p>MODO MAIOR PROJETOS CULTURAIS LTDA - ME</p><p>CNPJ/CPF: 03.143.086/0001-08</p><p>Cidade: Fortaleza - CE;</p><p>Prazo de Captação: 01/01/2022 à 31/12/2022</p><p>212295 - Transformando Sonhos</p><p>INSTITUTO CRESCER</p><p>CNPJ/CPF: 40.548.864/0001-67</p><p>Cidade: Zortéa - SC;</p><p>Prazo de Captação: 01/08/2022 à 31/12/2022</p><p>ÁREA: 4 ARTES VISUAIS (Artigo 18 , § 1º )</p><p>202182 - CRIANDO ARTE E CULTURA PARA TODOS</p><p>TANIA IZABEL BERTOLDI CAMPESTRINI</p><p>CNPJ/CPF: 003.894.469-39</p><p>Cidade: Benedito Novo - SC;</p><p>Prazo de Captação: 01/01/2022 à 31/12/2022</p><p>205024 - AMAZÔNIA - SEBASTIÃO SALGADO (EDIÇÃO SP)</p><p>Maré Produções Culturais e Cinematograficas LTDA - ME</p><p>CNPJ/CPF: 14.301.625/0001-06</p><p>Cidade: São Paulo - SP;</p><p>Prazo de Captação: 01/01/2022 à 31/12/2022</p><p>201457 - EXPO SIDNEY MAGAL: MUITO MAIS QUE UM AMANTE LATINO</p><p>TIARAJU PRODUÇÕES ARTÍSTICAS E CULTURAIS LTDA</p><p>CNPJ/CPF: 19.094.858/0001-90</p><p>Cidade: São Paulo - SP;</p><p>Prazo de Captação: 01/01/2022 à 31/12/2022</p><p>ÁREA: 6 HUMANIDADES (Artigo 18 , § 1º )</p><p>203864 - Livro - Fazenda Santa Sophia</p><p>Emegê Produções Artísticas S/S Ltda</p><p>CNPJ/CPF: 07.007.705/0001-80</p><p>Cidade: São Paulo - SP;</p><p>Prazo de Captação: 01/01/2022 à 31/12/2022</p>]]></Texto>
  </body>
  <Midias />
</article></xml>