﻿<xml><article id="27733669" name="ATO PORTARIA MCOM NA 6229" idOficio="9056970" pubName="DO1" artType="Portaria" pubDate="30/08/2022" artClass="00012:00002:00000:00000:00000:00000:00000:00000:00000:00000:00054:00011" artCategory="Ministério das Comunicações/Gabinete do Ministro" artSize="12" artNotes="" numberPage="18" pdfPage="http://pesquisa.in.gov.br/imprensa/jsp/visualiza/index.jsp?data=30/08/2022&amp;jornal=515&amp;pagina=18" editionNumber="165" highlightType="" highlightPriority="" highlight="" highlightimage="" highlightimagename="" idMateria="19839480">
  <body>
    <Identifica><![CDATA[ PORTARIA MCOM Nº 6.229, DE 20 DE JULHO DE 2022]]></Identifica>
    <Data><![CDATA[]]></Data>
    <Ementa />
    <Titulo />
    <SubTitulo />
    <Texto><![CDATA[<p class="identifica">PORTARIA MCOM Nº 6.229, DE 20 DE JULHO DE 2022</p><p>O MINISTRO DE ESTADO DAS COMUNICAÇÕES SUBSTITUTO EVENTUAL, designado por Decreto de 21 de julho de 2022, publicado no DOU de 22 de julho de 2022, no uso da atribuição que lhe confere o art. 87, parágrafo único, inciso IV, da Constituição Federal, e observado o disposto no Decreto nº 5.371, de 17 de fevereiro de 2005, bem como o que consta no Processo nº 53115.026769/2021-60, especialmente os fundamentos consubstanciados na Nota Técnica nº 6776/2022/SEI-MCOM, chancelada pelo Parecer Jurídico nº 00547/2022/CONJUR-MCOM/CGU/AGU, da Consultoria Jurídica atuante no MCOM, resolve:</p><p>Art. 1º Transferir a autorização consignada por meio da Portaria nº 722, de 09 de maio de 2002, publicada no Diário Oficial da União, de 13 de maio de 2002, à Televisão Sul Bahia de Teixeira de Freitas Ltda, pessoa jurídica inscrita no CNPJ nº 13.985.114/0001-80, para a Televisão Cidade Modelo Ltda, pessoa jurídica inscrita no CNPJ nº 03.862.216/0001-54, que fica autorizada a executar, por prazo indeterminado, o serviço de retransmissão de televisão, ancilar ao serviço de radiodifusão de sons e imagens, com utilização do canal 40 (quarenta), em caráter primário e com tecnologia digital, no município de Santo André, estado de São Paulo.</p><p>Art. 2º A autorização ora transferida tem caráter precário e objetiva retransmitir os sinais provenientes da Televisão Sul Bahia de Teixeira de Freitas Ltda, pessoa jurídica concessionária do serviço de radiodifusão de sons e imagens, inscrita no CNPJ sob o nº 13.985.114/0001-80, cuja concessão foi outorgada por meio do Decreto Presidencial nº 92.612, de 02 de maio de 1986, publicado em 05 de maio de 1986, renovada por meio do Decreto Presidencial s/n, de 24 de abril de 2002, publicado no Diário Oficial da União do dia 25 de abril de 2002, aprovado pelo Decreto Legislativo nº 962, de 2004, publicado no Diário Oficial da União do dia 16 de novembro de 2004, para execução do serviço no município de Teixeira de Freitas, estado da Bahia.</p><p>Art. 3º Esta Portaria entra em vigor na data de sua publicação.</p><p class="assina">MAXIMILIANO SALVADORI MARTINHÃO</p>]]></Texto>
  </body>
  <Midias />
</article></xml>