﻿<xml><article id="27749625" name="Ata_29_2C_23_08_2022 - BD - IMPR" idOficio="9058555" pubName="DO1" artType="Ata" pubDate="30/08/2022" artClass="00044:00003:00000:00000:00000:00000:00000:00000:00000:00000:00005:00000" artCategory="Tribunal de Contas da União/2ª Câmara" artSize="12" artNotes="" numberPage="352" pdfPage="http://pesquisa.in.gov.br/imprensa/jsp/visualiza/index.jsp?data=30/08/2022&amp;jornal=515&amp;pagina=352" editionNumber="165" highlightType="" highlightPriority="" highlight="" highlightimage="" highlightimagename="" idMateria="19841584">
  <body>
    <Identifica />
    <Data><![CDATA[]]></Data>
    <Ementa />
    <Titulo />
    <SubTitulo />
    <Texto><![CDATA[<p>ACÓRDÃO Nº 4529/2022 - TCU - 2ª Câmara</p><p>1. Processo nº TC 018.980/2021-0.</p><p>2. Grupo I - Classe de Assunto: V - Aposentadoria.</p><p>3. Interessados/Responsáveis:</p><p>3.1. Interessado: Marcos Antonio do Rosario Cordeiro (641.351.607-00).</p><p>4. Órgão/Entidade: Universidade Federal Fluminense.</p><p>5. Relator: Ministro Bruno Dantas.</p><p>6. Representante do Ministério Público: Procurador Júlio Marcelo de Oliveira.</p><p>7. Unidade Técnica: Secretaria de Fiscalização de Integridade de Atos e Pagamentos de Pessoal e de Benefícios Sociais (Sefip).</p><p>8. Representação legal: não há</p><p>9. Acórdão:</p><p>VISTOS, relatados e discutidos estes autos em que se aprecia ato de aposentadoria emitido pela Universidade Federal Fluminense,</p><p>ACORDAM os Ministros do Tribunal de Contas da União, reunidos em sessão da Segunda Câmara, diante das razões expostas pelo Relator, e com fundamento no art. 71, incisos III e IX, da Constituição Federal de 1988, c/c os arts. 1º, inciso V, 39, inciso II, e 45 da Lei 8.443/1992, e ainda com os arts. 260, § 1º, 261, caput e § 1º, e 262, caput e § 2º, do Regimento Interno do TCU, em:</p><p>9.1. considerar ilegal a aposentadoria de Marcos Antonio do Rosario Cordeiro, negando o registro ao ato correspondente;</p><p>9.2. dispensar o ressarcimento das quantias indevidamente recebidas de boa-fé (enunciado 106 da súmula da jurisprudência predominante do TCU);</p><p>9.3. determinar à unidade jurisdicionada que:</p><p>9.3.1. no prazo de 15 (quinze) dias, faça cessar os pagamentos decorrentes do ato ora considerado ilegal, sob pena de responsabilidade solidária da autoridade administrativa omissa, até a emissão de novo ato livre das irregularidades identificadas;</p><p>9.3.2. no prazo de 15 (quinze) dias, dê ciência do inteiro teor desta deliberação ao interessado, esclarecendo-lhe que o efeito suspensivo proveniente da interposição de recurso não o exime da devolução dos valores percebidos indevidamente após a notificação sobre o presente acórdão, em caso de não provimento do recurso porventura impetrado;</p><p>9.3.3. no prazo de 30 (trinta) dias, informe ao TCU as medidas adotadas, sem prejuízo de encaminhar comprovante sobre a data em que o interessado tomou conhecimento deste acórdão;</p><p>9.4. dar ciência deste acórdão à unidade jurisdicionada.</p><p>10. Ata n° 29/2022 - 2ª Câmara.</p><p>11. Data da Sessão: 23/8/2022 - Ordinária.</p><p>12. Código eletrônico para localização na página do TCU na Internet: AC-4529-29/22-2.</p><p>13. Especificação do quórum:</p><p>13.1. Ministros presentes: Augusto Nardes (na Presidência), Aroldo Cedraz, Bruno Dantas (Relator) e Antonio Anastasia.</p><p>13.2. Ministros-Substitutos presentes: Marcos Bemquerer Costa e André Luís de Carvalho.</p><p>ACÓRDÃO Nº 4530/2022 - TCU - 2ª Câmara</p><p>1. Processo nº TC 020.039/2021-2.</p><p>2. Grupo I - Classe de Assunto II - Tomada de Contas Especial.</p><p>3.Responsáveis: Antônio José Marques da Silva (890.177.814-91); Ericleison Cardoso Silva (019.256.544-35); Jandira Pedrosa Leal (552.196.594-72); e Projemaxi - Projetos, Eventos e Desenvolvimento (07.877.547/0001-19).</p><p>4. Unidade jurisdicionada: Projemaxi - Projetos, Eventos e Desenvolvimento.</p><p>5. Relator: Ministro Bruno Dantas.</p><p>6. Representante do Ministério Público: Procurador Sérgio Ricardo Costa Caribé.</p><p>7. Unidade Técnica: Secretaria de Controle Externo de Tomada de Contas Especial (SecexTCE).</p><p>8. Representação legal: não há.</p><p>9. Acórdão:</p><p>VISTOS, relatados e discutidos estes autos de tomada de contas especial instaurada pelo Ministério do Turismo devido à não comprovação da regular aplicação dos recursos repassados pela União, por meio do Convênio 732172/2010, registro Siafi 732172, firmado com a Projemaxi - Projetos, Eventos e Desenvolvimento, para a realização do "1º Carnaval Fora de Época Cortês - PE";</p><p>ACORDAM os Ministros do Tribunal de Contas da União, reunidos em sessão da Segunda Câmara, diante das razões expostas pelo Relator, em:</p><p>9.1. arquivar a tomada de contas especial, ante a ausência de pressupostos de constituição e de desenvolvimento válido e regular do processo, com fundamento no art. 1º, inciso I, da Lei 8.443, de 16 de julho de 1992, c/c os arts. 169, inciso VI, e 212 do Regimento Interno do TCU;</p><p>9.2. encaminhar cópia deste acórdão ao Ministério do Turismo e aos responsáveis.</p><p>10. Ata n° 29/2022 - 2ª Câmara.</p><p>11. Data da Sessão: 23/8/2022 - Ordinária.</p><p>12. Código eletrônico para localização na página do TCU na Internet: AC-4530-29/22-2.</p><p>13. Especificação do quórum:</p><p>13.1. Ministros presentes: Augusto Nardes (na Presidência), Aroldo Cedraz, Bruno Dantas (Relator) e Antonio Anastasia.</p><p>13.2. Ministros-Substitutos presentes: Marcos Bemquerer Costa e André Luís de Carvalho.</p><p>ACÓRDÃO Nº 4531/2022 - TCU - 2ª Câmara</p><p>1. Processo nº TC 020.544/2017-0.</p><p>2. Grupo I - Classe de Assunto: II - Tomada de Contas Especial</p><p>3. Interessados/Responsáveis:</p><p>3.1. Interessado: Fundo Nacional de Saúde - MS (00.530.493/0001-71).</p><p>3.2. Responsáveis: Arionaldo Bomfim Rosendo (182.782.991-53); Augusta Brito de Paula (816.087.133-34).</p><p>4. Órgão/Entidade: Município de Graça - CE.</p><p>5. Relator: Ministro Bruno Dantas.</p><p>6. Representante do Ministério Público: Procurador Marinus Eduardo De Vries Marsico.</p><p>7. Unidade Técnica: Secretaria de Controle Externo de Tomada de Contas Especial (SecexTCE).</p><p>8. Representação legal: Geraldo de Holanda Goncalves Filho (17.824/OAB-CE) e Joana Alencar Ferreira de Carvalho (32.043/OAB-CE), representando Augusta Brito de Paula.</p><p>9. Acórdão:</p><p>VISTOS, relatados e discutidos estes autos de tomada de contas especial instaurada pelo Fundo Nacional de Saúde, em razão da inexecução parcial do objeto e do não-alcance dos objetivos do Convênio 2992/2006, firmado entre o Ministério da Saúde e o Município de Graça/CE para construção de unidade básica de saúde,</p><p>ACORDAM os Ministros do Tribunal de Contas da União, reunidos em sessão da Segunda Câmara, ante as razões expostas pelo Relator, em:</p><p>9.1. com fundamento nos arts. 1º, inciso I, 16, inciso III, alíneas "b" e "c", e 19, da Lei 8.443/1992, julgar irregulares as contas de Arionaldo Bomfim Rosendo e Augusta Brito de Paula, condenando-os ao pagamento do débito discriminado a seguir, atualizado monetariamente e acrescido dos juros de mora devidos, calculado desde a data de ocorrência indicada até sua efetiva quitação, na forma da legislação vigente, fixando o prazo de 15 (quinze) dias, a contar do recebimento da notificação, para que seja comprovado, perante este Tribunal, o recolhimento da quantia ao Fundo Nacional de Saúde, nos termos do art. 23, inciso III, alínea "a", da referida Lei, c/c o art. 214, inciso III, alínea "a", do Regimento Interno do TCU;</p><p /><p></p><table><tr /><tr><td rowspan="1" colspan="1"><p>Data de ocorrência</p></td><td rowspan="1" colspan="1"><p>Valor Original</p></td></tr><tr><td rowspan="1" colspan="1"><p>19/9/2007</p></td><td rowspan="1" colspan="1"><p>46.666,68</p></td></tr><tr><td rowspan="1" colspan="1"><p>22/10/2007</p></td><td rowspan="1" colspan="1"><p>46.666,66</p></td></tr></table><p>9.2. com fundamento no art. 26 da Lei 8.443/1992, autorizar, se requerido, o pagamento da importância devida em até 36 (trinta e seis) parcelas mensais e consecutivas, fixando o prazo de 15 (quinze) dias, a contar do recebimento da notificação, para que seja comprovado, perante este Tribunal, o recolhimento da primeira parcela, e de 30 (trinta) dias, a contar da parcela anterior, para que seja comprovado o recolhimento das demais parcelas, devendo incidir sobre cada valor mensal os devidos acréscimos legais, na forma prevista na legislação vigente, além de alertar que a falta de comprovação do recolhimento de qualquer parcela importará no vencimento antecipado do saldo devedor, nos termos do art. 217 do Regimento Interno do TCU;</p><p>9.3. com fundamento no art. 28 da Lei 8.443/1992, autorizar, desde logo, a cobrança judicial das dívidas, caso não atendida a notificação;</p><p>9.4. com fundamento no art. 16, § 3º, da Lei 8.443/1992, c/c art. 209, § 7º, do Regimento Interno do TCU, remeter cópia deste acórdão à Procuradoria da República no Ceará, para adoção das medidas que entender cabíveis;</p><p>9.5. dar ciência deste acórdão ao Fundo Nacional de Saúde e aos responsáveis.</p><p>10. Ata n° 29/2022 - 2ª Câmara.</p><p>11. Data da Sessão: 23/8/2022 - Ordinária.</p><p>12. Código eletrônico para localização na página do TCU na Internet: AC-4531-29/22-2.</p><p>13. Especificação do quórum:</p><p>13.1. Ministros presentes: Augusto Nardes (na Presidência), Aroldo Cedraz, Bruno Dantas (Relator) e Antonio Anastasia.</p><p>13.2. Ministros-Substitutos presentes: Marcos Bemquerer Costa e André Luís de Carvalho.</p><p>ACÓRDÃO Nº 4532/2022 - TCU - 2ª Câmara</p><p>1. Processo nº TC 022.751/2021-1.</p><p>2. Grupo I - Classe de Assunto: V - Aposentadoria.</p><p>3. Interessados/Responsáveis:</p><p>3.1. Interessado: Leila Terezinha dos Reis Rocha (424.656.990-91).</p><p>4. Órgão/Entidade: Universidade Federal de Santa Maria.</p><p>5. Relator: Ministro Bruno Dantas.</p><p>6. Representante do Ministério Público: Procurador Sergio Ricardo Costa Caribé.</p><p>7. Unidade Técnica: Secretaria de Fiscalização de Integridade de Atos e Pagamentos de Pessoal e de Benefícios Sociais (Sefip).</p><p>8. Representação legal: não há</p><p>9. Acórdão:</p><p>VISTOS, relatados e discutidos estes autos em que se aprecia ato de aposentadoria emitido pela Universidade Federal de Santa Maria,</p><p>ACORDAM os Ministros do Tribunal de Contas da União, reunidos em sessão da Segunda Câmara, diante das razões expostas pelo Relator, e com fundamento no art. 71, incisos III e IX, da Constituição Federal de 1988, c/c os arts. 1º, inciso V, 39, inciso II, e 45 da Lei 8.443/1992, e ainda com os arts. 260, § 1º, 261, caput e § 1º, e 262, caput e § 2º, do Regimento Interno do TCU, em:</p><p>9.1. considerar ilegal a aposentadoria de Leila Terezinha dos Reis Rocha, negando o registro ao ato correspondente;</p><p>9.2. dispensar o ressarcimento das quantias indevidamente recebidas de boa-fé (enunciado 106 da súmula da jurisprudência predominante do TCU);</p><p>9.3. determinar à unidade jurisdicionada que:</p><p>9.3.1. no prazo de 15 (quinze) dias, faça cessar os pagamentos decorrentes do ato ora considerado ilegal, sob pena de responsabilidade solidária da autoridade administrativa omissa, até a emissão de novo ato livre das irregularidades identificadas;</p><p>9.3.2. no prazo de 15 (quinze) dias, dê ciência do inteiro teor desta deliberação à interessada, esclarecendo-lhe que o efeito suspensivo proveniente da interposição de recurso não a exime da devolução dos valores percebidos indevidamente após a notificação sobre o presente acórdão, em caso de não provimento do recurso porventura impetrado;</p><p>9.3.3. no prazo de 30 (trinta) dias, informe ao TCU as medidas adotadas, sem prejuízo de encaminhar comprovante sobre a data em que a interessada tomou conhecimento deste acórdão;</p><p>9.4. dar ciência deste acórdão à unidade jurisdicionada.</p><p>10. Ata n° 29/2022 - 2ª Câmara.</p><p>11. Data da Sessão: 23/8/2022 - Ordinária.</p><p>12. Código eletrônico para localização na página do TCU na Internet: AC-4532-29/22-2.</p><p>13. Especificação do quórum:</p><p>13.1. Ministros presentes: Augusto Nardes (na Presidência), Aroldo Cedraz, Bruno Dantas (Relator) e Antonio Anastasia.</p><p>13.2. Ministros-Substitutos presentes: Marcos Bemquerer Costa e André Luís de Carvalho.</p><p>ACÓRDÃO Nº 4533/2022 - TCU - 2ª Câmara</p><p>1. Processo nº TC 022.809/2021-0.</p><p>2. Grupo I - Classe de Assunto: V - Aposentadoria.</p><p>3. Interessados/Responsáveis:</p><p>3.1. Interessado: Sandra Antonia Leonel da Silva (583.984.659-72).</p><p>4. Órgão/Entidade: Universidade Federal de Santa Catarina.</p><p>5. Relator: Ministro Bruno Dantas.</p><p>6. Representante do Ministério Público: Procurador Rodrigo Medeiros de Lima.</p><p>7. Unidade Técnica: Secretaria de Fiscalização de Integridade de Atos e Pagamentos de Pessoal e de Benefícios Sociais (Sefip).</p><p>8. Representação legal: não há</p><p>9. Acórdão:</p><p>VISTOS, relatados e discutidos estes autos em que se aprecia ato de aposentadoria emitido pela Universidade Federal de Santa Catarina,</p><p>ACORDAM os Ministros do Tribunal de Contas da União, reunidos em sessão da Segunda Câmara, diante das razões expostas pelo Relator, e com fundamento no art. 71, incisos III e IX, da Constituição Federal de 1988, c/c os arts. 1º, inciso V, 39, inciso II, e 45 da Lei 8.443/1992, e ainda com os arts. 260, § 1º, 261, caput e § 1º, e 262, caput e § 2º, do Regimento Interno do TCU, em:</p><p>9.1. considerar ilegal a aposentadoria de Sandra Antonia Leonel da Silva, negando o registro ao ato correspondente;</p><p>9.2. dispensar o ressarcimento das quantias indevidamente recebidas de boa-fé (enunciado 106 da súmula da jurisprudência predominante do TCU);</p><p>9.3. determinar à unidade jurisdicionada que:</p><p>9.3.1. no prazo de 15 (quinze) dias, faça cessar os pagamentos decorrentes do ato ora considerado ilegal, sob pena de responsabilidade solidária da autoridade administrativa omissa, até a emissão de novo ato livre das irregularidades identificadas;</p><p>9.3.2. no prazo de 15 (quinze) dias, dê ciência do inteiro teor desta deliberação à interessada, esclarecendo-lhe que o efeito suspensivo proveniente da interposição de recurso não a exime da devolução dos valores percebidos indevidamente após a notificação sobre o presente acórdão, em caso de não provimento do recurso porventura impetrado;</p><p>9.3.3. no prazo de 30 (trinta) dias, informe ao TCU as medidas adotadas, sem prejuízo de encaminhar comprovante sobre a data em que a interessada tomou conhecimento deste acórdão;</p><p>9.4. dar ciência deste acórdão à unidade jurisdicionada.</p><p>10. Ata n° 29/2022 - 2ª Câmara.</p><p>11. Data da Sessão: 23/8/2022 - Ordinária.</p><p>12. Código eletrônico para localização na página do TCU na Internet: AC-4533-29/22-2.</p><p>13. Especificação do quórum:</p><p>13.1. Ministros presentes: Augusto Nardes (na Presidência), Aroldo Cedraz, Bruno Dantas (Relator) e Antonio Anastasia.</p><p>13.2. Ministros-Substitutos presentes: Marcos Bemquerer Costa e André Luís de Carvalho.</p><p>ACÓRDÃO Nº 4534/2022 - TCU - 2ª Câmara</p><p>1. Processo nº TC 023.609/2021-4.</p><p>2. Grupo I - Classe de Assunto: V - Aposentadoria.</p><p>3. Interessados/Responsáveis:</p><p>3.1. Interessado: Lazara de Jesus Madeira (356.001.449-20).</p><p>4. Órgão/Entidade: Universidade Federal do Paraná.</p><p>5. Relator: Ministro Bruno Dantas.</p><p>6. Representante do Ministério Público: Procurador Júlio Marcelo de Oliveira.</p><p>7. Unidade Técnica: Secretaria de Fiscalização de Integridade de Atos e Pagamentos de Pessoal e de Benefícios Sociais (Sefip).</p><p>8. Representação legal: não há</p><p>9. Acórdão:</p><p>VISTOS, relatados e discutidos estes autos em que se aprecia ato de aposentadoria emitido pela Universidade Federal do Paraná,</p><p>ACORDAM os Ministros do Tribunal de Contas da União, reunidos em sessão da Segunda Câmara, diante das razões expostas pelo Relator, e com fundamento no art. 71, incisos III e IX, da Constituição Federal de 1988, c/c os arts. 1º, inciso V, 39, inciso II, e 45 da Lei 8.443/1992, e ainda com os arts. 260, § 1º, 261, caput e § 1º, e 262, caput e § 2º, do Regimento Interno do TCU, em:</p><p>9.1. considerar ilegal a aposentadoria de Lazara de Jesus Madeira, negando o registro ao ato correspondente;</p><p>9.2. dispensar o ressarcimento das quantias indevidamente recebidas de boa-fé (enunciado 106 da súmula da jurisprudência predominante do TCU);</p><p>9.3. determinar à unidade jurisdicionada que:</p><p>9.3.1. no prazo de 15 (quinze) dias, faça cessar os pagamentos decorrentes do ato ora considerado ilegal, sob pena de responsabilidade solidária da autoridade administrativa omissa, até a emissão de novo ato livre das irregularidades identificadas;</p><p>9.3.2. no prazo de 15 (quinze) dias, dê ciência do inteiro teor desta deliberação à interessada, esclarecendo-lhe que o efeito suspensivo proveniente da interposição de recurso não a exime da devolução dos valores percebidos indevidamente após a notificação sobre o presente acórdão, em caso de não provimento do recurso porventura impetrado;</p><p>9.3.3. no prazo de 30 (trinta) dias, informe ao TCU as medidas adotadas, sem prejuízo de encaminhar comprovante sobre a data em que a interessada tomou conhecimento deste acórdão;</p><p>9.4. dar ciência deste acórdão à unidade jurisdicionada.</p><p>10. Ata n° 29/2022 - 2ª Câmara.</p><p>11. Data da Sessão: 23/8/2022 - Ordinária.</p><p>12. Código eletrônico para localização na página do TCU na Internet: AC-4534-29/22-2.</p><p>13. Especificação do quórum:</p><p>13.1. Ministros presentes: Augusto Nardes (na Presidência), Aroldo Cedraz, Bruno Dantas (Relator) e Antonio Anastasia.</p><p>13.2. Ministros-Substitutos presentes: Marcos Bemquerer Costa e André Luís de Carvalho.</p><p>ACÓRDÃO Nº 4535/2022 - TCU - 2ª Câmara</p><p>1. Processo nº TC 023.656/2021-2.</p><p>2. Grupo II - Classe de Assunto: V - Aposentadoria.</p><p>3. Interessados/Responsáveis:</p><p>3.1. Interessado: Angelia Maria da Silva Ferreira (183.692.861-00).</p><p>4. Órgão/Entidade: Fundação Universidade de Brasília.</p><p>5. Relator: Ministro Bruno Dantas.</p><p>6. Representante do Ministério Público: Procurador Marinus Eduardo De Vries Marsico.</p><p>7. Unidade Técnica: Secretaria de Fiscalização de Integridade de Atos e Pagamentos de Pessoal e de Benefícios Sociais (Sefip).</p><p>8. Representação legal: não há</p><p>9. Acórdão:</p><p>VISTOS, relatados e discutidos estes autos em que se aprecia ato de aposentadoria,</p><p>ACORDAM os Ministros do Tribunal de Contas da União, reunidos em sessão da Segunda Câmara, diante das razões expostas pelo Relator, e com fundamento no art. 71, incisos III e IX, da Constituição Federal de 1988, c/c os arts. 1º, inciso V, 39, inciso II, e 45 da Lei 8.443/1992, e ainda com o art. 260, § 1º, 261, caput e § 1º, e 262, caput e § 2º, do Regimento Interno do TCU, em:</p><p>9.1. considerar ilegal a aposentadoria de Angelia Maria da Silva Ferreira, negando o registro ao ato correspondente;</p><p>9.2. determinar à unidade jurisdicionada que:</p><p>9.2.1. no prazo de 15 (quinze) dias, corrija o valor da rubrica judicial alusiva à URP, restabelecendo os valores verificados em setembro de 2010, mês em que foi proferida a decisão liminar que assegurou sua irredutibilidade, sob pena de responsabilidade solidária da autoridade administrativa omissa;</p><p>9.2.2. acompanhe a tramitação do Mandado de Segurança 28.819/DF, em curso no Supremo Tribunal Federal, e, uma vez desconstituída a liminar que assegura a manutenção da URP, promova a imediata supressão da parcela e proceda à restituição dos valores pagos a esse título desde a impetração da ação, nos termos do art. 46 da Lei 8.112/1990, salvo expressa disposição judicial em sentido diverso;</p><p>9.2.3. no prazo de 30 (trinta) dias, informe ao TCU as medidas adotadas, sem prejuízo de encaminhar comprovante sobre a data em que a interessada tomou conhecimento deste acórdão;</p><p>9.3. dar ciência deste acórdão à unidade jurisdicionada.</p><p>10. Ata n° 29/2022 - 2ª Câmara.</p><p>11. Data da Sessão: 23/8/2022 - Ordinária.</p><p>12. Código eletrônico para localização na página do TCU na Internet: AC-4535-29/22-2.</p><p>13. Especificação do quórum:</p><p>13.1. Ministros presentes: Augusto Nardes (na Presidência), Aroldo Cedraz, Bruno Dantas (Relator) e Antonio Anastasia.</p><p>13.2. Ministros-Substitutos presentes: Marcos Bemquerer Costa e André Luís de Carvalho.</p><p>ACÓRDÃO Nº 4536/2022 - TCU - 2ª Câmara</p><p>1. Processo nº TC 023.660/2021-0.</p><p>2. Grupo II - Classe de Assunto: V - Aposentadoria.</p><p>3. Interessados/Responsáveis:</p><p>3.1. Interessado: Maria Marinalva de Franca (130.269.411-15).</p><p>4. Órgão/Entidade: Fundação Universidade de Brasília.</p><p>5. Relator: Ministro Bruno Dantas.</p><p>6. Representante do Ministério Público: Procurador Marinus Eduardo De Vries Marsico.</p><p>7. Unidade Técnica: Secretaria de Fiscalização de Integridade de Atos e Pagamentos de Pessoal e de Benefícios Sociais (Sefip).</p><p>8. Representação legal: não há</p><p>9. Acórdão:</p><p>VISTOS, relatados e discutidos estes autos em que se aprecia ato de aposentadoria,</p><p>ACORDAM os Ministros do Tribunal de Contas da União, reunidos em sessão da Segunda Câmara, diante das razões expostas pelo Relator, e com fundamento no art. 71, incisos III e IX, da Constituição Federal de 1988, c/c os arts. 1º, inciso V, 39, inciso II, e 45 da Lei 8.443/1992, e ainda com o art. 260, § 1º, 261, caput e § 1º, e 262, caput e § 2º, do Regimento Interno do TCU, em:</p><p>9.1. considerar ilegal a aposentadoria de Maria Marinalva de Franca, negando o registro ao ato correspondente;</p><p>9.2. determinar à unidade jurisdicionada que:</p><p>9.2.1. no prazo de 15 (quinze) dias, corrija o valor da rubrica judicial alusiva à URP, restabelecendo os valores verificados em setembro de 2010, mês em que foi proferida a decisão liminar que assegurou sua irredutibilidade, sob pena de responsabilidade solidária da autoridade administrativa omissa;</p><p>9.2.2. acompanhe a tramitação do Mandado de Segurança 28.819/DF, em curso no Supremo Tribunal Federal, e, uma vez desconstituída a liminar que assegura a manutenção da URP, promova a imediata supressão da parcela e proceda à restituição dos valores pagos a esse título desde a impetração da ação, nos termos do art. 46 da Lei 8.112/1990, salvo expressa disposição judicial em sentido diverso;</p><p>9.2.3. no prazo de 30 (trinta) dias, informe ao TCU as medidas adotadas, sem prejuízo de encaminhar comprovante sobre a data em que a interessada tomou conhecimento deste acórdão;</p><p>9.3. dar ciência deste acórdão à unidade jurisdicionada.</p><p>10. Ata n° 29/2022 - 2ª Câmara.</p><p>11. Data da Sessão: 23/8/2022 - Ordinária.</p><p>12. Código eletrônico para localização na página do TCU na Internet: AC-4536-29/22-2.</p><p>13. Especificação do quórum:</p><p>13.1. Ministros presentes: Augusto Nardes (na Presidência), Aroldo Cedraz, Bruno Dantas (Relator) e Antonio Anastasia.</p><p>13.2. Ministros-Substitutos presentes: Marcos Bemquerer Costa e André Luís de Carvalho.</p><p>ACÓRDÃO Nº 4537/2022 - TCU - 2ª Câmara</p><p>1. Processo nº TC 023.661/2021-6.</p><p>2. Grupo II - Classe de Assunto: V - Aposentadoria.</p><p>3. Interessados/Responsáveis:</p><p>3.1. Interessado: Elizabeth de Andrade Lima Hazin (319.689.454-15).</p><p>4. Órgão/Entidade: Fundação Universidade de Brasília.</p><p>5. Relator: Ministro Bruno Dantas.</p><p>6. Representante do Ministério Público: Procuradora-Geral Cristina Machado da Costa e Silva.</p><p>7. Unidade Técnica: Secretaria de Fiscalização de Integridade de Atos e Pagamentos de Pessoal e de Benefícios Sociais (Sefip).</p><p>8. Representação legal: não há</p><p>9. Acórdão:</p><p>VISTOS, relatados e discutidos estes autos em que se aprecia ato de aposentadoria,</p><p>ACORDAM os Ministros do Tribunal de Contas da União, reunidos em sessão da Segunda Câmara, diante das razões expostas pelo Relator, e com fundamento no art. 71, incisos III e IX, da Constituição Federal de 1988, c/c os arts. 1º, inciso V, 39, inciso II, e 45 da Lei 8.443/1992, e ainda com o art. 260, § 1º, 261, caput e § 1º, e 262, caput e § 2º, do Regimento Interno do TCU, em:</p><p>9.1. considerar ilegal a aposentadoria de Elizabeth de Andrade Lima Hazin, negando o registro ao ato correspondente;</p><p>9.2. determinar à unidade jurisdicionada que:</p><p>9.2.1. no prazo de 15 (quinze) dias, corrija o valor da rubrica judicial alusiva à URP, restabelecendo os valores verificados em novembro de 2006, mês em que foi proferida a decisão liminar que assegurou sua irredutibilidade, sob pena de responsabilidade solidária da autoridade administrativa omissa;</p><p>9.2.2. acompanhe a tramitação do Mandado de Segurança 26.156/DF, em curso no Supremo Tribunal Federal, e, uma vez desconstituídas a liminar que assegura a manutenção da URP, promova a imediata supressão da parcela e proceda à restituição dos valores pagos a esse título desde a impetração da respectiva ação, nos termos do art. 46 da Lei 8.112/1990, salvo expressa disposição judicial em sentido diverso;</p><p>9.2.3. no prazo de 30 (trinta) dias, informe ao TCU as medidas adotadas, sem prejuízo de encaminhar comprovante sobre a data em que a interessada tomou conhecimento deste acórdão;</p><p>9.3. dar ciência deste acórdão à unidade jurisdicionada.</p><p>10. Ata n° 29/2022 - 2ª Câmara.</p><p>11. Data da Sessão: 23/8/2022 - Ordinária.</p><p>12. Código eletrônico para localização na página do TCU na Internet: AC-4537-29/22-2.</p><p>13. Especificação do quórum:</p><p>13.1. Ministros presentes: Augusto Nardes (na Presidência), Aroldo Cedraz, Bruno Dantas (Relator) e Antonio Anastasia.</p><p>13.2. Ministros-Substitutos presentes: Marcos Bemquerer Costa e André Luís de Carvalho.</p><p>ACÓRDÃO Nº 4538/2022 - TCU - Segunda Câmara</p><p>1. Processo TC 029.978/2018-1</p><p>2. Grupo I - Classe I - Recurso de Reconsideração (Tomada de Contas Especial).</p><p>3. Recorrente: João Carlos Luz Ravacci Menck (073.890.888-69).</p><p>4. Unidade Jurisdicionada: Município de Paranapanema/SP.</p><p>5. Relator: Ministro Bruno Dantas.</p><p>5.1. Relator da deliberação recorrida: Ministro Aroldo Cedraz.</p><p>6. Representante do Ministério Público: Subprocurador-Geral Paulo Soares Bugarin.</p><p>7. Unidade Técnica: Secretaria de Recursos (Serur).</p><p>8. Representação legal: José Antônio Gomes Ignácio Júnior (OAB/SP 119.663), representando João Carlos Luz Ravacci Menck.</p><p>9. Acórdão:</p><p>VISTOS, relatados e discutidos estes autos, em que se aprecia recurso de reconsideração interposto por João Carlos Luz Ravacci Menck contra o Acórdão 18.086/2021-TCU-Segunda Câmara, por meio do qual o Tribunal julgou irregulares as suas contas e imputou-lhe o débito original de R$ 155.835,94,</p><p>ACORDAM os Ministros do Tribunal de Contas da União, reunidos em sessão da Segunda Câmara, diante das razões expostas pelo Relator, em:</p><p>9.1. com fundamento nos arts. 32, inciso I, e 33 da Lei 8.443/1992, conhecer do recurso para negar-lhe provimento, mantendo-se inalterado o Acórdão 18.086/2021-TCU-Segunda Câmara;</p><p>9.2. dar ciência deste acórdão ao recorrente.</p><p>10. Ata n° 29/2022 - 2ª Câmara.</p><p>11. Data da Sessão: 23/8/2022 - Ordinária.</p><p>12. Código eletrônico para localização na página do TCU na Internet: AC-4538-29/22-2.</p><p>13. Especificação do quórum:</p><p>13.1. Ministros presentes: Augusto Nardes (na Presidência), Aroldo Cedraz, Bruno Dantas (Relator) e Antonio Anastasia.</p><p>13.2. Ministros-Substitutos presentes: Marcos Bemquerer Costa e André Luís de Carvalho.</p><p>ACÓRDÃO Nº 4539/2022 - TCU - Segunda Câmara</p><p>1. Processo TC 039.889/2019-0</p><p>2. Grupo I - Classe I - Recurso de Reconsideração (Tomada de Contas Especial).</p><p>3. Recorrente: Joseraldo Rodrigues Bezerra (587.581.004-15).</p><p>4. Unidade Jurisdicionada: Município de Brejão/PE.</p><p>5. Relator: Ministro Bruno Dantas.</p><p>5.1. Relator da deliberação recorrida: Ministro Augusto Nardes.</p><p>6. Representante do Ministério Público: Procurador Marinus Eduardo De Vries Marsico.</p><p>7. Unidade Técnica: Secretaria de Recursos (Serur).</p><p>8. Representação legal: Célia Ester de Siqueira França (OAB/PE 11.763) e Bruno Siqueira França (OAB/PE 15.418), representando Joseraldo Rodrigues Bezerra.</p><p>9. Acórdão:</p><p>VISTOS, relatados e discutidos estes autos, em que se aprecia recurso de reconsideração interposto por Joseraldo Rodrigues Bezerra contra o Acórdão 4.024/2021-TCU-Segunda Câmara, por meio do qual o Tribunal julgou irregulares as contas do recorrente e imputou-lhe o débito original de R$ 417.506,41,</p><p>ACORDAM os Ministros do Tribunal de Contas da União, reunidos em sessão da Segunda Câmara, diante das razões expostas pelo Relator, em:</p><p>9.1. com fundamento nos arts. 32, inciso I, e 33 da Lei 8.443/1992, conhecer do recurso de reconsideração para negar-lhe provimento, mantendo-se inalterado o Acórdão 4.024/2021-TCU-Segunda Câmara;</p><p>9.2. dar ciência deste acórdão ao recorrente.</p><p>10. Ata n° 29/2022 - 2ª Câmara.</p><p>11. Data da Sessão: 23/8/2022 - Ordinária.</p><p>12. Código eletrônico para localização na página do TCU na Internet: AC-4539-29/22-2.</p><p>13. Especificação do quórum:</p><p>13.1. Ministros presentes: Augusto Nardes (na Presidência), Aroldo Cedraz, Bruno Dantas (Relator) e Antonio Anastasia.</p><p>13.2. Ministros-Substitutos presentes: Marcos Bemquerer Costa e André Luís de Carvalho.</p><p>ACÓRDÃO Nº 4540/2022 - TCU - 2ª Câmara</p><p>1. Processo nº TC 040.935/2021-3.</p><p>2. Grupo I - Classe de Assunto: V - Aposentadoria.</p><p>3. Interessados/Responsáveis:</p><p>3.1. Interessado: Antonia Glaciene Duarte Queiroz (212.942.323-04).</p><p>4. Órgão/Entidade: Ministério da Fazenda (extinta).</p><p>5. Relator: Ministro Bruno Dantas.</p><p>6. Representante do Ministério Público: Procurador Rodrigo Medeiros de Lima.</p><p>7. Unidade Técnica: Secretaria de Fiscalização de Integridade de Atos e Pagamentos de Pessoal e de Benefícios Sociais (Sefip).</p><p>8. Representação legal: não há</p><p>9. Acórdão:</p><p>VISTOS, relatados e discutidos estes autos em que se aprecia ato de aposentadoria,</p><p>ACORDAM os Ministros do Tribunal de Contas da União, reunidos em sessão da Segunda Câmara, diante das razões expostas pelo Relator, e com fundamento no art. 71, incisos III e IX, da Constituição Federal de 1988, c/c os arts. 1º, inciso V, 39, inciso II, e 45 da Lei 8.443/1992, e ainda com os arts. 260, § 1º, 261, caput e § 1º, e 262, caput e § 2º, do Regimento Interno do TCU, em:</p><p>9.1. considerar ilegal a aposentadoria de Antonia Glaciene Duarte Queiroz, negando o registro ao ato correspondente;</p><p>9.2. dispensar o ressarcimento das quantias indevidamente recebidas de boa-fé (enunciado 106 da súmula da jurisprudência predominante do TCU);</p><p>9.3. determinar à unidade jurisdicionada que:</p><p>9.3.1. no prazo de 15 (quinze) dias, faça cessar os pagamentos decorrentes do ato ora considerado ilegal, sob pena de responsabilidade solidária da autoridade administrativa omissa, até a emissão de novo ato livre das irregularidades identificadas;</p><p>9.3.2. no prazo de 15 (quinze) dias, dê ciência do inteiro teor desta deliberação à interessada, esclarecendo-lhe que o efeito suspensivo proveniente da interposição de recurso não a exime da devolução dos valores percebidos indevidamente após a notificação sobre o presente acórdão, em caso de não provimento do recurso porventura impetrado;</p><p>9.3.3. no prazo de 30 (trinta) dias, informe ao TCU as medidas adotadas, sem prejuízo de encaminhar comprovante sobre a data em que a interessada tomou conhecimento deste acórdão;</p><p>9.4. dar ciência deste acórdão à unidade jurisdicionada.</p><p>10. Ata n° 29/2022 - 2ª Câmara.</p><p>11. Data da Sessão: 23/8/2022 - Ordinária.</p><p>12. Código eletrônico para localização na página do TCU na Internet: AC-4540-29/22-2.</p><p>13. Especificação do quórum:</p><p>13.1. Ministros presentes: Augusto Nardes (na Presidência), Aroldo Cedraz, Bruno Dantas (Relator) e Antonio Anastasia.</p><p>13.2. Ministros-Substitutos presentes: Marcos Bemquerer Costa e André Luís de Carvalho.</p><p>ACÓRDÃO Nº 4541/2022 - TCU - 2ª Câmara</p><p>1. Processo nº TC 040.948/2021-8.</p><p>2. Grupo II - Classe de Assunto: V - Aposentadoria.</p><p>3. Interessados/Responsáveis:</p><p>3.1. Interessado: Antonio Borges de Melo (200.529.013-00).</p><p>4. Órgão/Entidade: Departamento Nacional de Obras Contra As Secas.</p><p>5. Relator: Ministro Bruno Dantas.</p><p>6. Representante do Ministério Público: Procurador Sergio Ricardo Costa Caribé.</p><p>7. Unidade Técnica: Secretaria de Fiscalização de Integridade de Atos e Pagamentos de Pessoal e de Benefícios Sociais (Sefip).</p><p>8. Representação legal: não há</p><p>9. Acórdão:</p><p>VISTOS, relatados e discutidos estes autos em que se aprecia ato de aposentadoria,</p><p>ACORDAM os Ministros do Tribunal de Contas da União, reunidos em sessão da Segunda Câmara, diante das razões expostas pelo Relator, e com fundamento no art. 71, incisos III e IX, da Constituição Federal de 1988, c/c os arts. 1º, inciso V, 39, inciso II, e 45 da Lei 8.443/1992, e ainda com os arts. 260, § 1º, 261, caput e § 1º, e 262, caput e § 2º, do Regimento Interno do TCU, em:</p><p>9.1. considerar ilegal a aposentadoria de Antonio Borges de Melo, negando o registro ao ato correspondente;</p><p>9.2. dispensar o ressarcimento das quantias indevidamente recebidas de boa-fé (enunciado 106 da súmula da jurisprudência predominante do TCU);</p><p>9.3. determinar à unidade jurisdicionada que:</p><p>9.3.1. no prazo de 15 (quinze) dias, faça cessar os pagamentos decorrentes do ato ora considerado ilegal, sob pena de responsabilidade solidária da autoridade administrativa omissa, até a emissão de novo ato livre das irregularidades identificadas;</p><p>9.3.2. no prazo de 15 (quinze) dias, dê ciência do inteiro teor desta deliberação ao interessado, esclarecendo-lhe que o efeito suspensivo proveniente da interposição de recurso não o exime da devolução dos valores percebidos indevidamente após a notificação sobre o presente acórdão, em caso de não provimento do recurso porventura impetrado;</p><p>9.3.3. no prazo de 30 (trinta) dias, informe ao TCU as medidas adotadas, sem prejuízo de encaminhar comprovante sobre a data em que o interessado tomou conhecimento deste acórdão;</p><p>9.4. dar ciência deste acórdão à unidade jurisdicionada.</p><p>10. Ata n° 29/2022 - 2ª Câmara.</p><p>11. Data da Sessão: 23/8/2022 - Ordinária.</p><p>12. Código eletrônico para localização na página do TCU na Internet: AC-4541-29/22-2.</p><p>13. Especificação do quórum:</p><p>13.1. Ministros presentes: Augusto Nardes (na Presidência), Aroldo Cedraz, Bruno Dantas (Relator) e Antonio Anastasia.</p><p>13.2. Ministros-Substitutos presentes: Marcos Bemquerer Costa e André Luís de Carvalho.</p><p>ACÓRDÃO Nº 4542/2022 - TCU - 2ª Câmara</p><p>1. Processo nº TC 043.802/2021-4.</p><p>2. Grupo I - Classe de Assunto: V - Aposentadoria.</p><p>3. Interessados/Responsáveis:</p><p>3.1. Interessado: Raimunda de Brito Porto (112.101.503-44).</p><p>4. Órgão/Entidade: Departamento Nacional de Obras Contra as Secas.</p><p>5. Relator: Ministro Bruno Dantas.</p><p>6. Representante do Ministério Público: Procurador Rodrigo Medeiros de Lima.</p><p>7. Unidade Técnica: Secretaria de Fiscalização de Integridade de Atos e Pagamentos de Pessoal e de Benefícios Sociais (Sefip).</p><p>8. Representação legal: não há</p><p>9. Acórdão:</p><p>VISTOS, relatados e discutidos estes autos em que se aprecia ato de aposentadoria,</p><p>ACORDAM os Ministros do Tribunal de Contas da União, reunidos em sessão da Segunda Câmara, diante das razões expostas pelo Relator, e com fundamento no art. 71, incisos III e IX, da Constituição Federal de 1988, c/c os arts. 1º, inciso V, 39, inciso II, e 45 da Lei 8.443/1992, e ainda com os arts. 260, § 1º, 261, caput e § 1º, e 262, caput e § 2º, do Regimento Interno do TCU, em:</p><p>9.1. considerar ilegal a aposentadoria de Raimunda de Brito Porto, negando o registro ao ato correspondente;</p><p>9.2. dispensar o ressarcimento das quantias indevidamente recebidas de boa-fé (enunciado 106 da súmula da jurisprudência predominante do TCU);</p><p>9.3. determinar à unidade jurisdicionada que:</p><p>9.3.1. no prazo de 15 (quinze) dias, faça cessar os pagamentos decorrentes do ato ora considerado ilegal, sob pena de responsabilidade solidária da autoridade administrativa omissa, até a emissão de novo ato livre das irregularidades identificadas;</p><p>9.3.2. no prazo de 15 (quinze) dias, dê ciência do inteiro teor desta deliberação à interessada, esclarecendo-lhe que o efeito suspensivo proveniente da interposição de recurso não a exime da devolução dos valores percebidos indevidamente após a notificação sobre o presente acórdão, em caso de não provimento do recurso porventura impetrado;</p><p>9.3.3. no prazo de 30 (trinta) dias, informe ao TCU as medidas adotadas, sem prejuízo de encaminhar comprovante sobre a data em que a interessada tomou conhecimento deste acórdão;</p><p>9.4. dar ciência deste acórdão à unidade jurisdicionada.</p><p>10. Ata n° 29/2022 - 2ª Câmara.</p><p>11. Data da Sessão: 23/8/2022 - Ordinária.</p><p>12. Código eletrônico para localização na página do TCU na Internet: AC-4542-29/22-2.</p><p>13. Especificação do quórum:</p><p>13.1. Ministros presentes: Augusto Nardes (na Presidência), Aroldo Cedraz, Bruno Dantas (Relator) e Antonio Anastasia.</p><p>13.2. Ministros-Substitutos presentes: Marcos Bemquerer Costa e André Luís de Carvalho.</p>]]></Texto>
  </body>
  <Midias />
</article></xml>