﻿<xml><article id="27750784" name="2022-08-29/9060389/ANMWS_1984423" idOficio="9060389" pubName="DO1" artType="Despacho" pubDate="30/08/2022" artClass="00023:00030:00037:00000:00000:00000:00000:00000:00000:00000:00024:00001" artCategory="Ministério de Minas e Energia/Agência Nacional de Mineração/Gerência Regional da ANM no Estado do Rio de Janeiro" artSize="12" artNotes="" numberPage="228" pdfPage="http://pesquisa.in.gov.br/imprensa/jsp/visualiza/index.jsp?data=30/08/2022&amp;jornal=515&amp;pagina=228" editionNumber="165" highlightType="" highlightPriority="" highlight="" highlightimage="" highlightimagename="" idMateria="19844236">
  <body>
    <Identifica><![CDATA[Despacho]]></Identifica>
    <Data><![CDATA[]]></Data>
    <Ementa />
    <Titulo />
    <SubTitulo />
    <Texto><![CDATA[<p class="identifica">Despacho</p><p>Relação nº 53/2022</p><p>Fase de Autorização de Pesquisa</p><p>Auto de infração lavrado/Relatório de Pesquisa- prazo p/ defesa ou pagamento 30 dias(638)</p><p>890.153/2015-LUCIANA COSTA DE TOLEDO BLAKE-AI N°5024/2022/SEFIS-RJ/ANM</p><p>890.170/2021-SLV PADUENSE COMÉRCIO DE PEDRAS LTDA ME-AI N°5025/2022/SEFIS-RJ/ANM</p><p>890.194/2018-ADAIUDO VIEIRA DE BARROS-AI N°5026/2022/SEFIS-RJ/ANM</p><p>890.260/2016-PEIXOTO E RIBEIRO INDÚSTRIA DE CERAMICA LTDA-AI N°5028/2022/SEFIS-RJ/ANM</p><p>890.316/2016-JOSÉ LUIZ WERNECK VIEIRA-AI N°5029/2022/SEFIS-RJ/ANM</p><p>890.317/2016-RUDNEI RODRIGUES DA SILVA-AI N°5030/2022/SEFIS-RJ/ANM</p><p>890.312/2015-FC FARIA SERVIÇOS REPRESENTAÇÕES E TRANSPORTES EIRELI EPP-AI N°5031/2022/SEFIS-RJ/ANM</p><p>890.297/2016-M X EXTRACAO DE AREIA E MATERIAL DE CONSTRUCAO LTDA-AI N°5032/2022/SEFIS-RJ/ANM</p><p>890.539/2015-EMPRESA BRASILEIRA DE AGREGADOS MINERAIS S/A-AI N°5033/2022/SEFIS-RJ/ANM</p><p>890.846/2014-JKS EMPREENDIMENTOS LTDA-AI N°5034/2022/SEFIS-RJ/ANM</p><p class="assina">EDUARDO ALVARO PINTO DE FREITAS NETO</p><p class="cargo">Gerente</p>]]></Texto>
  </body>
  <Midias />
</article></xml>