﻿<xml><article id="27737675" name="resolucao_2818_2022 GGTPS" idOficio="9057907" pubName="DO1" artType="Resolução" pubDate="30/08/2022" artClass="00026:00034:00015:00010:00000:00000:00000:00000:00000:00000:00064:32818" artCategory="Ministério da Saúde/Agência Nacional de Vigilância Sanitária/3ª Diretoria/Gerência-Geral de Tecnologia de Produtos para Saúde" artSize="24" artNotes="" numberPage="268" pdfPage="http://pesquisa.in.gov.br/imprensa/jsp/visualiza/index.jsp?data=30/08/2022&amp;jornal=515&amp;pagina=268" editionNumber="165" highlightType="" highlightPriority="" highlight="" highlightimage="" highlightimagename="" idMateria="19840744">
  <body>
    <Identifica><![CDATA[ RESOLUÇÃO-RE Nº 2.818, DE 25 DE AGOSTO DE 2022]]></Identifica>
    <Data><![CDATA[]]></Data>
    <Ementa />
    <Titulo />
    <SubTitulo />
    <Texto><![CDATA[<p class="identifica">RESOLUÇÃO-RE Nº 2.818, DE 25 DE AGOSTO DE 2022</p><p>O Gerente-Geral substituto de Tecnologia de Produtos para Saúde, no uso das atribuições que lhe confere o art. 121, aliado ao art. 203, I, § 1º do Regimento Interno aprovado pela Resolução de Diretoria Colegiada - RDC nº 585, de 10 de dezembro de 2021, resolve:</p><p>Art. 1° Indeferir as petições de cancelamento de registro ou notificação a pedido da empresa, relacionadas à Gerência-Geral de Tecnologia de Produtos para a Saúde, conforme anexo, considerando que os registros/notificações já se encontram expirados ou cancelados.</p><p>Art. 2° Esta Resolução entra em vigor na data de sua publicação.</p><p class="assina">AUGUSTO BENCKE GEYER</p><p class="anexo">ANEXO</p><p /><p></p><table><tr /><tr><td rowspan="1" colspan="1"><p>CNPJ</p></td><td rowspan="1" colspan="1"><p>Razão Social</p></td><td rowspan="1" colspan="1"><p>Nº do Processo</p></td><td rowspan="1" colspan="1"><p>Nº do Expediente</p></td><td rowspan="1" colspan="1"><p>Nome Comercial</p></td><td rowspan="1" colspan="1"><p>Nº do Registro</p></td></tr><tr><td rowspan="1" colspan="1"><p>07581009000182</p></td><td rowspan="1" colspan="1"><p>MAIS MATERIAIS ODONTOLÓGICOS LTDA</p></td><td rowspan="1" colspan="1"><p>25351499416200995</p></td><td rowspan="1" colspan="1"><p>4589943226</p></td><td rowspan="1" colspan="1"><p>BRAQUETE ORTODÔNTICO</p></td><td rowspan="1" colspan="1"><p>80316910016</p></td></tr></table>]]></Texto>
  </body>
  <Midias />
</article></xml>