﻿<xml><article id="27748398" name="491 - Portaria de Aprovacao - Se" idOficio="9059843" pubName="DO1" artType="Portaria" pubDate="30/08/2022" artClass="00028:00012:00028:00000:00000:00000:00000:00000:00000:00000:00054:00000" artCategory="Ministério do Turismo/Secretaria Especial de Cultura/Secretaria Nacional de Fomento e Incentivo à Cultura" artSize="12" artNotes="" numberPage="286" pdfPage="http://pesquisa.in.gov.br/imprensa/jsp/visualiza/index.jsp?data=30/08/2022&amp;jornal=515&amp;pagina=286" editionNumber="165" highlightType="" highlightPriority="" highlight="" highlightimage="" highlightimagename="" idMateria="19843558">
  <body>
    <Identifica><![CDATA[ PORTARIA N.º 491, DE 29 DE AGOSTO DE 2022]]></Identifica>
    <Data><![CDATA[]]></Data>
    <Ementa />
    <Titulo />
    <SubTitulo />
    <Texto><![CDATA[<p class="identifica">PORTARIA N.º 491, DE 29 DE AGOSTO DE 2022</p><p>O SECRETÁRIO NACIONAL DE FOMENTO E INCENTIVO À CULTURA, no uso de suas atribuições legais, que lhe confere a Portaria nº 303, de 31 de março de 2022 e a Portaria SECULT/MTUR n. 41, de 4 de outubro de 2021, resolve:</p><p>Art. 1.º - Homologar os projetos culturais relacionados nos anexos desta portaria, que após terem atendido aos requisitos de admissibilidade estabelecidos pela Lei nº 8.313/91, Decreto nº 10.755/2021 e a Instrução Normativa vigente, passam a fase de obtenção de doações e patrocínios.</p><p>Art. 2.º - Esta portaria entra em vigor na data de sua publicação.</p><p class="assina">LUCAS JORDÃO CUNHA</p><p>ANEXO I</p><p>ÁREA: 1 ARTES CÊNICAS (Artigo 18 , § 1º )</p><p>220776 - CIA AMBULANTE DE ÓPERA BRASILEIRA</p><p>Pianíssimo Produções Artísticas Ltda</p><p>CNPJ/CPF: 06.172.974/0001-39</p><p>Processo: 01400000776202201</p><p>Cidade: Rio de Janeiro - RJ;</p><p>Valor Aprovado: R$ 1.301.869,38</p><p>Prazo de Captação: 30/08/2022 à 31/12/2022</p><p>Resumo do Projeto: O projeto visa a criação da Cia Ambulante de Ópera Brasileira, grupo que reunirá artistas brasileiros dentre os mais destacados na área para a montagem e apresentações de óperas em diferentes cidades do Brasil,com o objetivo de expandir este estilo cênico para os mais diversos cantos do país, além de diversificar seu público, aproximando-o desse estilo cênico e visando estimular o crescimento do interesse pela ópera.</p><p>ÁREA: 3 MÚSICA (Artigo 18 , § 1º )</p><p>220768 - 3º Festival Interativo de Música e Arquitetura</p><p>Artemundi Produções Culturais Ltda</p><p>CNPJ/CPF: 10.831.041/0001-83</p><p>Processo: 01400000768202257</p><p>Cidade: Rio de Janeiro - RJ;</p><p>Valor Aprovado: R$ 878.938,76</p><p>Prazo de Captação: 30/08/2022 à 31/12/2022</p><p>Resumo do Projeto: O 3º Festival Interativo de Música e Arquitetura (FIMA) apresentará consagrados instrumentistas em concertos que celebram nove dos mais emblemáticos teatros históricos brasileiros. Templos de nossa cultura que serão protagonistas em suas próprias cenas de uma interação multissensorial onde traremos músicas pensadas sob medida para dialogar com a arquitetura, a arte decorativa e história de cada um destes espaços. Apresentaremos além dos concertos presenciais e virtuais, em formato tradicional e HD 360º, podcasts e uma websérie, sempre com objetivo promover a difusão destes emblemáticos patrimônios culturais.</p><p>220767 - Festival de Forró da Chapada</p><p>TOCA PRA NOS DOIS PRODUCOES E EVENTOS LTDA ME</p><p>CNPJ/CPF: 07.337.631/0001-40</p><p>Processo: 01400000767202211</p><p>Cidade: Juazeiro - BA;</p><p>Valor Aprovado: R$ 1.146.575,39</p><p>Prazo de Captação: 30/08/2022 à 15/12/2022</p><p>Resumo do Projeto: Quarta edição de Festival de Forró. A programação prevê apresentações musicais de renomados instrumentistas, trios de arrastapé, show infantil e palestras. Proporcionando oportunidades de ampla participação popular, a fim de celebrar coletivamente o tombamento desse super gênero musical de abrangência nacional como patrimônio imaterial cultural brasileiro, tendo os registros das atividades realizadas em um Sítio de Internet dedicado ao Festival.</p><p>220751 - HISTÓRIA DA MÚSICA SACRA ATRAVÉS DO HARMÔNIO</p><p>Dotsy M. Santi Rebelatto e Cia LTDA-ME</p><p>CNPJ/CPF: 84.829.175/0001-04</p><p>Processo: 01400000751202208</p><p>Cidade: Francisco Beltrão - PR;</p><p>Valor Aprovado: R$ 149.202,65</p><p>Prazo de Captação: 30/08/2022 à 31/12/2022</p><p>Resumo do Projeto: Série deconcertos didáticos demonstrando a história da música sacra, através do instrumento Harmônio e palestras formativa, intitulada "A Música Sacra e sua importânica para o desenvolvimento da Arte Musical". Projeto direcionado para Escolas Públicas dos municípios de até 20.000 habitantes do Sudoeste do Paraná.</p><p>220770 - NATAL MUSICAL DE BRUSQUE 2ª EDIÇÃO</p><p>KATIA ALESSANDRA LUCIANO</p><p>CNPJ/CPF: 902.943.789-87</p><p>Processo: 01400000770202226</p><p>Cidade: Brusque - SC;</p><p>Valor Aprovado: R$ 464.508,00</p><p>Prazo de Captação: 30/08/2022 à 31/12/2022</p><p>Resumo do Projeto: REALIZAR APRESENTAÇÕES MUSICAIS INSTRUMENTAIS NAS COMEMORAÇÕES NATALINAS DE BRUSQUE/SC.</p><p>220738 - Orquestra Sinfônica Municipal de Campinas</p><p>ASSOCIACAO BRASILEIRA CARLOS GOMES DE ARTISTAS LIRICOS</p><p>CNPJ/CPF: 52.353.315/0001-16</p><p>Processo: 01400000738202241</p><p>Cidade: Campinas - SP;</p><p>Valor Aprovado: R$ 3.320.361,25</p><p>Prazo de Captação: 30/08/2022 à 31/12/2022</p><p>Resumo do Projeto: O presente projeto prevê a realização da Temporada da Orquestra Sinfônica Municipal de Campinas (OSMC), com repertório formado por obras de notável valor artístico, densidade musical e elevada expressão artística.</p><p>220796 - PROGRAMAÇÃO CULTURAL VAQUEJADA DE ITAPEBUSSU</p><p>CRIATIVA PRODUÇÕES E EVENTOS LTDA</p><p>CNPJ/CPF: 10.614.557/0001-76</p><p>Processo: 01400000796202274</p><p>Cidade: Uberlândia - MG;</p><p>Valor Aprovado: R$ 499.940,10</p><p>Prazo de Captação: 30/08/2022 à 31/12/2022</p><p>Resumo do Projeto: Programação cultural de artes integradas da Vaquejada de Itapebussu. Com apresentações de música instrumental, exposição de artesanatos e feira de gastronomia típica nordestina.</p><p>220773 - Som nas Geraes 2023</p><p>Corporação Musical "Santa Cecília"</p><p>CNPJ/CPF: 20.938.213/0001-76</p><p>Processo: 01400000773202260</p><p>Cidade: Itapecerica - MG;</p><p>Valor Aprovado: R$ 225.555,09</p><p>Prazo de Captação: 30/08/2022 à 31/12/2022</p><p>Resumo do Projeto: O projeto Som nas Geraes promove a cultura através de formação para crianças, jovens e adultos na cidade de Itapecerica e região, por meio de aulas de música, ensaios e apresentações musicais.</p><p>220795 - Sound of Music II</p><p>ASSOCIAÇÃO CULTURAL E BENEFICENTE BEITH LUBAVITCH</p><p>CNPJ/CPF: 40.188.450/0001-74</p><p>Processo: 01400000795202220</p><p>Cidade: Rio de Janeiro - RJ;</p><p>Valor Aprovado: R$ 486.228,60</p><p>Prazo de Captação: 30/08/2022 à 31/12/2022</p><p>Resumo do Projeto: O projeto visa a realização de oficinas de música para crianças em situação de vulnerabilidade social, de até 15 anos de idade, culminando em uma apresentação musical. Serão realizadas aulas de ensino prático com instrumentos e musicalização, permitindo que as atividades relacionadas à Educação Musical promovam a formação cultural dos participantes ainda na fase infantil.</p><p>ÁREA: 4 ARTES VISUAIS (Artigo 18 , § 1º )</p><p>220794 - Exposição Pessach: Rumo a Liberdade</p><p>ASSOCIAÇÃO CULTURAL E BENEFICENTE BEITH LUBAVITCH</p><p>CNPJ/CPF: 40.188.450/0001-74</p><p>Processo: 01400000794202285</p><p>Cidade: Rio de Janeiro - RJ;</p><p>Valor Aprovado: R$ 423.345,31</p><p>Prazo de Captação: 30/08/2022 à 31/12/2022</p><p>Resumo do Projeto: O projeto Exposição Páscoa Judaica será uma exposição que conta a história da Páscoa Judaica com suas tradições e curiosidades, e onde o passado e o presente se misturam, tendo como objetivo resgatar, preservar e difundir as raízes tradicionais e populares desta cultura milenar. Juntamente da exposição, é prevista uma integração da comunidade e sua própria visão da páscoa traduzida em pinturas que serão apresentadas na abertura da exposição.</p><p>ÁREA: 5 PATRIMÔNIO CULTURAL (Artigo 18 , § 1º )</p><p>220763 - Construção da 4ª etapa da Sede da Casa de Música de Ouro Branco</p><p>ASSOCIACAO CULTURAL CASA DE MUSICA DE OURO BRANCO - ACCMOB</p><p>CNPJ/CPF: 04.479.160/0001-16</p><p>Processo: 01400000763202224</p><p>Cidade: Ouro Branco - MG;</p><p>Valor Aprovado: R$ 6.068.344,68</p><p>Prazo de Captação: 30/08/2022 à 31/12/2022</p><p>Resumo do Projeto: O presente projeto tem como proposta pelo produto "Bem Imóvel - Reforma / Ampliação / Construção / Aquisição" a construção da 4ª etapa da Sede da Casa de Música de Ouro Branco. A construção dessa etapa contemplará uma estrutura de multiuso, salas de ensaios e o equipamento das salas de aulas. A casa de Música é referencia de ensino e difusão da música erudita na região.</p><p>220717 - Implantação de instalações de segurança do conjunto do Itamaraty no Rio de Janeiro e seus acervos</p><p>Instituto Pedra</p><p>CNPJ/CPF: 17.643.364/0001-92</p><p>Processo: 01400000717202225</p><p>Cidade: São Paulo - SP;</p><p>Valor Aprovado: R$ 6.530.246,38</p><p>Prazo de Captação: 30/08/2022 à 31/12/2022</p><p>Resumo do Projeto: Execução de modernização e ampliação de Sistema de Detecção, Prevenção e Combate a Incêndio e Pânico, do Sistema de Proteção Contra Descargas Atmosféricas e Modernização e Reforma das Instalações Elétricas do Palácio do Itamaraty e do Edifício da Biblioteca do complexo do Ministério das Relações Exteriores no Rio de Janeiro (Bem Imóvel - Restauração), juntamente como Programa de Educação Patrimonial (Contrapartidas Sociais). Este projeto já possui contrato de patrocínio firmado com o BNDES.</p><p>ÁREA: 6 HUMANIDADES (Artigo 18 , § 1º )</p><p>220772 - "Sabedoria Milenar - Aplicações Contemporâneas"</p><p>ASSOCIACAO ISRAELITA DE BENEFICENCIA BEIT CHABAD DO BRASIL</p><p>CNPJ/CPF: 60.622.073/0001-47</p><p>Processo: 01400000772202215</p><p>Cidade: São Paulo - SP;</p><p>Valor Aprovado: R$ 376.399,19</p><p>Prazo de Captação: 30/08/2022 à 31/12/2022</p><p>Resumo do Projeto: O Projeto consiste na produção, edição, impressão e distribuição gratuita de um livro em português, denominados "Sabedoria Milenar - Aplicações Contemporâneas", que trará aspectos da cultura judaica, abordando sua filosofia, conceitos e valores, baseados em artigos publicados em inglês e português e palestras. São textos atuais para a fácil compreensão do público em geral.</p><p>220762 - 33ª Feira do livro de Dois Irmãos</p><p>ASSOCIACAO CULTURAL DE TRADICOES GAUCHAS-PORTAL DA SERRA.</p><p>CNPJ/CPF: 02.538.200/0001-28</p><p>Processo: 01400000762202280</p><p>Cidade: Dois Irmãos - RS;</p><p>Valor Aprovado: R$ 101.059,20</p><p>Prazo de Captação: 30/08/2022 à 31/12/2022</p><p>Resumo do Projeto: O projeto prevê a realização da 33ª Feira do Livro de Dois Irmãos, com inúmeras atrações culturais como bate-papos com escritores, espetáculos teatrais, entre outras. Todas as atividades são gratuitas e voltadas para a comunidade escolar.</p><p>220798 - 68ª Feira do Livro de Porto Alegre</p><p>Câmara Rio-Grandense do Livro</p><p>CNPJ/CPF: 03.042.751/0001-69</p><p>Processo: 01400000798202263</p><p>Cidade: Porto Alegre - RS;</p><p>Valor Aprovado: R$ 2.112.665,09</p><p>Prazo de Captação: 30/08/2022 à 31/12/2022</p><p>Resumo do Projeto: O projeto prevê a realização da 68ª edição da Feira do Livro de Porto Alegre. Trata-se de Feira de Livros com ampla programação para todas as faixas etárias e camadas da população, que é o produto principal. E os produtos secundários são dividios na Contrapartida Social, realizada com Ação Formativa Cultural denominada "A Feira Vai à Escola ", com atividades de formação para professores e encontros com alunos da rede pública de ensino, e ainda os espetáculos de artes cênicas que ocorrem em palcos montados na Praça da Alfândega com entrada livre e gratuita.</p><p>220682 - BRASIL ENTRE O CÉU E O MAR - Região Nordeste</p><p>Associação Universo Cultural e Assistencial</p><p>CNPJ/CPF: 07.241.495/0001-90</p><p>Processo: 01400000682202224</p><p>Cidade: Itaúna - MG;</p><p>Valor Aprovado: R$ 499.367,90</p><p>Prazo de Captação: 30/08/2022 à 31/12/2022</p><p>Resumo do Projeto: O projeto "Brasil entre o céu e o mar" trata-se da edição e publicação de um livro de arte fotográfica com textos bilíngues (português e inglês), o qual pretende-se mostrar as belezas litorâneas do Brasil. O litoral brasileiro tem 7,4 mil quilômetros de extensão, um verdadeiro paraíso que será revelado neste projeto. Nesta edição apresentaremos o litoral da Região Nordeste, com nove estados e mais de 3 mil quilômetros de extensão de lindas praias, dunas, falésias, rios, manguezais, ilhas. Além da fotografia, o trabalho contará com textos historiográficos expandindo para o conhecimento cultural e buscando apresentar a grande diversidade da região litorânea mais extensa do país. Como Contrapartida Social, realizaremos um curso " Turismo, Cultura e Economia da Região Nordeste Brasileira" com duração de 40h/a, em uma escola púlica da cidade de Itaúna (M.G.).</p><p>220744 - ESTRADAS CÊNICAS - A Experiência de conhecer o Brasil de Carro - Livro</p><p>FABIO LOUREIRO KNOLL</p><p>CNPJ/CPF: 176.106.078-35</p><p>Processo: 01400000744202206</p><p>Cidade: São Paulo - SP;</p><p>Valor Aprovado: R$ 398.532,75</p><p>Prazo de Captação: 30/08/2022 à 31/12/2022</p><p>Resumo do Projeto: Estradas Cênicas é um projeto de LIVRO sobre a experiência de viajar dirigindo nas estradas mais bonitas do Brasil. Neste volume, apresentaremos 11 estradas do Sudeste brasileiro. Os capítulos serão divididos por estrada, localizando-a em seu respectivo estado brasileiro. Trata-se de um conteúdo para valorizar a cultura nacional, sua diversidade, geografia e espaços, abrindo possibilidades para desvendar locais e novas experiências.</p><p>220736 - Publicação: Coletânea Nashim - e-books</p><p>ASSOCIACAO BENEFICENTE E CULTURAL MAKOM</p><p>CNPJ/CPF: 13.627.196/0001-90</p><p>Processo: 01400000736202251</p><p>Cidade: São Paulo - SP;</p><p>Valor Aprovado: R$ 499.884,00</p><p>Prazo de Captação: 30/08/2022 à 31/12/2022</p><p>Resumo do Projeto: Este projeto prevê: a) tradução, edição e disponibilização on-line de uma coletânea de sete (07) livros que discorrem sobre tradições judaicas respeitantes às mulheres judias e a vida familiar do povo hebreu; b) palestras expositivo-dialogadas, de contrapartida social, sobre a representação feminina na literatura judaica e a importância cultural da preservação desses registros.</p><p>ANEXO II</p><p>ÁREA: 5 PATRIMÔNIO CULTURAL (Artigo 26)</p><p>220723 - Festival Cultural de Belo Jardim</p><p>TAMPA PUBLICIDADE PRODUCAO DE FESTAS E EVENTOS LTDA</p><p>CNPJ/CPF: 31.747.440/0001-30</p><p>Processo: 01400000723202282</p><p>Cidade: Recife - PE;</p><p>Valor Aprovado: R$ 1.201.724,00</p><p>Prazo de Captação: 30/08/2022 à 31/12/2022</p><p>Resumo do Projeto: O Festival Cultural de Belo Jardim é um evento em celebração à cultura popular do estado de Pernambuco. Consiste na produção e realização de uma série de atividades culturais em formato de festival, de modo a integrar diversos elementos simbólicos dessa cultura. Apresentará os seguintes produtos: festival, gastronomia, espetáculos de artes cênicas, apresentações de música instrumental.</p>]]></Texto>
  </body>
  <Midias />
</article></xml>