﻿<xml><article id="27733672" name="ATO PORTARIA MCOM NA 6221" idOficio="9056970" pubName="DO1" artType="Portaria" pubDate="30/08/2022" artClass="00012:00002:00000:00000:00000:00000:00000:00000:00000:00000:00054:00010" artCategory="Ministério das Comunicações/Gabinete do Ministro" artSize="12" artNotes="" numberPage="17" pdfPage="http://pesquisa.in.gov.br/imprensa/jsp/visualiza/index.jsp?data=30/08/2022&amp;jornal=515&amp;pagina=17" editionNumber="165" highlightType="" highlightPriority="" highlight="" highlightimage="" highlightimagename="" idMateria="19839482">
  <body>
    <Identifica><![CDATA[ PORTARIA MCOM Nº 6.221, DE 19 DE JULHO DE 2022]]></Identifica>
    <Data><![CDATA[]]></Data>
    <Ementa />
    <Titulo />
    <SubTitulo />
    <Texto><![CDATA[<p class="identifica">PORTARIA MCOM Nº 6.221, DE 19 DE JULHO DE 2022</p><p>O MINISTRO DE ESTADO DAS COMUNICAÇÕES SUBSTITUTO EVENTUAL, designado por Decreto de 21 de julho de 2022, publicado no DOU de 22 de julho de 2022, no uso da atribuição que lhe confere o art. 87, parágrafo único, inciso IV, da Constituição Federal, e observado o disposto no Decreto nº 5.371, de 17 de fevereiro de 2005, bem como o que consta no Processo nº 53115.017701/2021-90, especialmente os fundamentos consubstanciados na Nota Técnica nº 8325/2022/SEI-MCOM, chancelada pelo Parecer Jurídico nº 00546/2022/CONJUR-MCOM/CGU/AGU, da Consultoria Jurídica atuante no MCOM, resolve:</p><p>Art. 1º Transferir as autorizações outorgadas por meio das Portarias nº 1499, de 1º de agosto de 2012, e nº 379, de 02 de abril de 2012, ambas publicadas no Diário Oficial da União, respectivamente, no dia 29 de agosto de 2012 e 24 de abril de 2012, à TECCOM - Tecnologia em Comunicações Ltda, pessoa jurídica inscrita no CNPJ nº 05.108.236/0001-60, para a Fundação João Paulo II, pessoa jurídica inscrita no CNPJ nº 50.016.039/0001-75, que fica autorizada a executar, por prazo indeterminado, o serviço de retransmissão de televisão, ancilar ao serviço de radiodifusão de sons e imagens, mediante utilização dos canais 14 (quatorze) e 22 (vinte e dois), ambos em caráter primário, respectivamente, nos municípios de Araçatuba e Marília, no estado de São Paulo, mediante tecnologia digital.</p><p>Art. 2º As autorizações ora transferidas têm caráter precário e objetiva retransmitir os sinais provenientes da Fundação João Paulo II, pessoa jurídica concessionária do serviço de radiodifusão de sons e imagens, inscrita no CNPJ sob o nº 50.016.039/0001-75, cuja concessão foi outorgada por meio Decreto s/n°, de 06 de abril de 1999, publicado no Diário Oficial da União, de 07 de abril de 1999, para execução do serviço no município de Aracaju, estado de Sergipe.</p><p>Art. 3º Esta Portaria entra em vigor na data de sua publicação.</p><p class="assina">MAXIMILIANO SALVADORI MARTINHÃO</p>]]></Texto>
  </body>
  <Midias />
</article></xml>