﻿<xml><article id="27738167" name="ATO N12197 DE 26 DE AGOSTO DE 20" idOficio="9058028" pubName="DO1" artType="Ato" pubDate="30/08/2022" artClass="00012:00014:00014:00154:00000:00000:00000:00000:00000:00000:00006:00011" artCategory="Ministério das Comunicações/Agência Nacional de Telecomunicações/Superintendência de Fiscalização/Gerência Regional nos Estados do Paraná e Santa Catarina" artSize="12" artNotes="" numberPage="25" pdfPage="http://pesquisa.in.gov.br/imprensa/jsp/visualiza/index.jsp?data=30/08/2022&amp;jornal=515&amp;pagina=25" editionNumber="165" highlightType="" highlightPriority="" highlight="" highlightimage="" highlightimagename="" idMateria="19840890">
  <body>
    <Identifica><![CDATA[             ATO Nº 12.197, DE 26 DE AGOSTO DE 2022]]></Identifica>
    <Data><![CDATA[]]></Data>
    <Ementa />
    <Titulo />
    <SubTitulo />
    <Texto><![CDATA[<p class="identifica">ATO Nº 12.197, DE 26 DE AGOSTO DE 2022</p><p>Processo nº 53520.001730/2022-39. Expede autorização à Rumo Brasil Comercio e Administração de Bens Ltda, CNPJ nº 02.301.803/0001-01, para explorar o Serviço de Interesse Restrito, por prazo indeterminado, sem caráter de exclusividade, em âmbito nacional e internacional e tendo como área de prestação de serviço todo o território nacional.</p><p class="assina">Marcio Antonio Protzek</p><p class="cargo">Gerente Substituto(a)</p>]]></Texto>
  </body>
  <Midias />
</article></xml>