﻿<xml><article id="27736508" name="ADE8RF40" idOficio="9057668" pubName="DO1" artType="Ato Declaratório" pubDate="30/08/2022" artClass="00015:00045:00432:00100:00000:00000:00000:00000:00000:00000:00007:00000" artCategory="Ministério da Economia/Secretaria Especial da Receita Federal do Brasil/Subsecretaria-Geral da Receita Federal do Brasil/Superintendência Regional da 8ª Região Fiscal" artSize="12" artNotes="" numberPage="84" pdfPage="http://pesquisa.in.gov.br/imprensa/jsp/visualiza/index.jsp?data=30/08/2022&amp;jornal=515&amp;pagina=84" editionNumber="165" highlightType="" highlightPriority="" highlight="" highlightimage="" highlightimagename="" idMateria="19840429">
  <body>
    <Identifica><![CDATA[ ATO DECLARATÓRIO EXECUTIVO SRRF08 Nº 40, DE 25 DE AGOSTO DE 2022]]></Identifica>
    <Data><![CDATA[]]></Data>
    <Ementa><![CDATA[ Altera o Ato Declaratório Executivo SRRF08 nº 29, de 06/07/2021]]></Ementa>
    <Titulo />
    <SubTitulo />
    <Texto><![CDATA[<p class="identifica">ATO DECLARATÓRIO EXECUTIVO SRRF08 Nº 40, DE 25 DE AGOSTO DE 2022</p><p class="ementa">Altera o Ato Declaratório Executivo SRRF08 nº 29, de 06/07/2021</p><p>O SUPERINTENDENTE SUBSTITUTO DA RECEITA FEDERAL DO BRASIL NA 8ª REGIÃO FISCAL, no uso de suas atribuições conferidas pelo Regimento Interno da Secretaria Especial da Receita Federal do Brasil, aprovado pela Portaria ME nº 284/2020, e com fundamento no artigo 82 da Instrução Normativa SRF nº 248/2002, na Portaria SRRF08 nº 705/2019 e no art. 6º da Portaria Coana nº 5/2021, e à vista do que consta do processo nº 13032.076540/2020-91, resolve:</p><p>Art. 1º. Fica alterado o artigo 2º do Ato Declaratório Executivo SRRF08 nº 29, de 06/07/2021, publicado no D.O.U. em 09/07/2021, que passa a viger com a seguinte redação:</p><p>"Art. 2º. O recinto só poderá se beneficiar da dispensa das etapas quando utilizar como transportadora a empresa Amazon Transportes Ltda., CNPJ nº 01.661.770/0001-48, a empresa Aurora Terminais e Serviços Ltda., CNPJ nº 01.777.936/0001-96, e a empresa Brasmeg Transportes Ltda., CNPJ nº 13.520.755/0001-69, tendo em vista o sistema de monitoramento de veículos apresentado."</p><p>Art. 2º. Este ato entra em vigor na data de sua publicação no Diário Oficial da União.</p><p class="assina">MARCELO KOJI KAWABATA</p>]]></Texto>
  </body>
  <Midias />
</article></xml>