﻿<xml><article id="27734419" name="PORTARIA NA 861 - 25.08.2022" idOficio="9057142" pubName="DO1" artType="Portaria" pubDate="30/08/2022" artClass="00018:00035:00000:00000:00000:00000:00000:00000:00000:00000:00054:00001" artCategory="Ministério da Educação/Secretaria de Regulação e Supervisão da Educação Superior" artSize="12" artNotes="" numberPage="186" pdfPage="http://pesquisa.in.gov.br/imprensa/jsp/visualiza/index.jsp?data=30/08/2022&amp;jornal=515&amp;pagina=186" editionNumber="165" highlightType="" highlightPriority="" highlight="" highlightimage="" highlightimagename="" idMateria="19839767">
  <body>
    <Identifica><![CDATA[ PORTARIA Nº 861, DE 25 DE AGOSTO DE 2022]]></Identifica>
    <Data><![CDATA[]]></Data>
    <Ementa />
    <Titulo />
    <SubTitulo />
    <Texto><![CDATA[<p class="identifica">PORTARIA Nº 861, DE 25 DE AGOSTO DE 2022</p><p>A SECRETÁRIA DE REGULAÇÃO E SUPERVISÃO DA EDUCAÇÃO SUPERIOR DO MINISTÉRIO DA EDUCAÇÃO, no uso das atribuições que lhe confere o Decreto nº 10.195, de 30 de dezembro de 2019, e considerando o disposto no art. 53 da Lei nº 9.784, de 29 de janeiro de 1999, resolve:</p><p>Art. 1º Revogar a Portaria nº 706, de 2 de agosto de 2022, publicada no Diário Oficial da União de 3 de agosto de 2022, Seção 1, pág. 49.</p><p>Art. 2º Esta Portaria entra em vigor na data de sua publicação.</p><p class="assina">DIANA GUIMARÃES AZIN</p>]]></Texto>
  </body>
  <Midias />
</article></xml>