﻿<xml><article id="27745279" name="917" idOficio="9059257" pubName="DO1" artType="Portaria" pubDate="30/08/2022" artClass="00015:00050:00032:00008:00000:00000:00000:00000:00000:00000:00054:00000" artCategory="Ministério da Economia/Superintendência de Seguros Privados/Diretoria Técnica 1/Coordenação-Geral de Regimes Especiais, Autorizações e Julgamentos" artSize="12" artNotes="" numberPage="96" pdfPage="http://pesquisa.in.gov.br/imprensa/jsp/visualiza/index.jsp?data=30/08/2022&amp;jornal=515&amp;pagina=96" editionNumber="165" highlightType="" highlightPriority="" highlight="" highlightimage="" highlightimagename="" idMateria="19842736">
  <body>
    <Identifica><![CDATA[ PORTARIA CGRAJ/SUSEP Nº 917, DE 29 de AGOSTO DE 2022]]></Identifica>
    <Data><![CDATA[]]></Data>
    <Ementa />
    <Titulo />
    <SubTitulo />
    <Texto><![CDATA[<p class="identifica">PORTARIA CGRAJ/SUSEP Nº 917, DE 29 de AGOSTO DE 2022</p><p>O COORDENADOR-GERAL DE REGIMES ESPECIAIS, AUTORIZAÇÕES E JULGAMENTOS DA SUPERINTENDÊNCIA DE SEGUROS PRIVADOS - SUSEP, no uso da competência delegada pelo Superintendente da Susep, por meio da Portaria nº 7.861, de 22 de setembro de 2021, tendo em vista o disposto na alínea 'a' do artigo 36 do Decreto-Lei nº 73, de 21 de novembro de 1966, e o que consta do processo Susep nº 15414.608565/2022-69, resolve:</p><p>Art.1º Homologar a eleição de membros do conselho fiscal de BRASILPREV SEGUROS E PREVIDÊNCIA S.A., CNPJ nº 27.665.207/0001-31, com sede na cidade de São Paulo - SP, conforme deliberado nas assembleias gerais ordinária e extraordinária realizadas cumulativamente em 31 de março de 2022.</p><p>Art. 2º Esta portaria entra em vigor na data de sua publicação.</p><p class="assina">CARLOS AUGUSTO PINTO FILHO</p>]]></Texto>
  </body>
  <Midias />
</article></xml>