﻿<xml><article id="27749415" name="Ata_28_1C_16_08_2022 -WAR-IMPREN" idOficio="9057405" pubName="DO1" artType="Ata" pubDate="30/08/2022" artClass="00044:00002:00000:00000:00000:00000:00000:00000:00000:00000:00005:00000" artCategory="Tribunal de Contas da União/1ª Câmara" artSize="12" artNotes="" numberPage="324" pdfPage="http://pesquisa.in.gov.br/imprensa/jsp/visualiza/index.jsp?data=30/08/2022&amp;jornal=515&amp;pagina=324" editionNumber="165" highlightType="" highlightPriority="" highlight="" highlightimage="" highlightimagename="" idMateria="19840103">
  <body>
    <Identifica />
    <Data><![CDATA[]]></Data>
    <Ementa />
    <Titulo />
    <SubTitulo />
    <Texto><![CDATA[<p>ACÓRDÃO Nº 4709/2022 - TCU - 1ª Câmara</p><p>Os ministros do Tribunal de Contas da União, reunidos em Sessão da 1ª Câmara, com fundamento no artigo 143, inciso V, "d", do RITCU, c/c a Súmula TCU n° 145, com vistas a promover o apostilamento do item 9.5 do Acórdão 2.692/2022 - 1ª Câmara, ante a constatação da não inclusão de inciso do artigo 58 da Lei 8.443/92, utilizado como fundamento legal para a aplicação da penalidade de multa a Maely Guilherme Botelho Coelho, ACORDAM em:</p><p>Onde se lê: "9.5. aplicar a Maely Guilherme Botelho Coelho multa prevista no art. 58 da Lei 8.443/1992, no valor de R$ 50.000,00 (cinquenta mil reais), a ser recolhida aos cofres do Tesouro Nacional, com atualização monetária calculada da data deste acórdão até a data do pagamento, se este for efetuado após o vencimento do prazo abaixo estipulado;"</p><p>Leia-se: "9.5. aplicar a Maely Guilherme Botelho Coelho multa prevista no art. 58, inciso II, da Lei 8.443/1992, no valor de R$ 50.000,00 (cinquenta mil reais), a ser recolhida aos cofres do Tesouro Nacional, com atualização monetária calculada desde a data deste acórdão até a data do pagamento, se este for efetuado após o vencimento do prazo abaixo estipulado;"</p><p>1. Processo TC-007.204/2020-5 (TOMADA DE CONTAS ESPECIAL)</p><p>1.1. Responsáveis: Fundação Espírito Santo Turismo &amp; Eventos (02.616.238/0001-71) e Maely Guilherme Botelho Coelho (189.870.957-20).</p><p>1.2. Órgão: Ministério do Turismo.</p><p>1.3. Relator: Ministro Jorge Oliveira.</p><p>1.4. Representante do Ministério Público: Subprocurador-Geral Paulo Soares Bugarin.</p><p>1.5. Unidade Técnica: Secretaria de Controle Externo de Tomada de Contas Especial (SecexTCE).</p><p>1.6. Representação legal: Fabiano Carvalho de Brito (105893/OAB-RJ), Bruno Oliveira Cardoso (103.883/OAB-RJ) e Vanessa Cristina Chaves da Silva Matias Soares (26170/OAB-DF).</p><p>1.7. Determinações/Recomendações/Orientações: não há.</p><p>ACÓRDÃO Nº 4710/2022 - TCU - 1ª Câmara</p><p>Considerando que não subsistem as irregularidades geradoras de danos, não se configurando o pressuposto essencial para justificar a abertura do processo de tomada de contas especial, remanescendo falha de natureza formal, insuficiente para a continuidade do curso processual; e</p><p>considerando que, no caso em exame, a perspectiva de aplicação de penalidade aos responsáveis é alcançada pela prescrição, uma vez que a irregularidade sancionada se deu entre 2009/2010 e o ato de ordenação da citação, se agora determinado, ocorreria em prazo superior a dez anos;</p><p>os ministros do Tribunal de Contas da União, reunidos em Sessão da 1ª Câmara, com fundamento no artigo 212 do RITCU c/c os artigos 5º, II, IV, e 6º, II, da Instrução Normativa-TCU 71/2012, ACORDAM em determinar, desde logo, por economia processual, o arquivamento deste processo e em enviar cópias desta deliberação e da instrução que a fundamenta aos responsáveis e à Empresa Brasileira de Correios e Telégrafos, de acordo com pareceres emitidos nos autos.</p><p>1. Processo TC-040.493/2021-0 (TOMADA DE CONTAS ESPECIAL)</p><p>1.1. Responsáveis: Claudio Moras Garcia (949.284.958-53); Danilo Magalhaes de Cerqueira (966.627.195-87); Inaldo da Silva Behrens (088.118.065-34); Jackson Augusto Gonçalves Jacques (653.205.301-53); Marcelo Pereira de Miranda (025.084.326-95); Paulo Roberto Nolasco Chaves (098.435.608-84) e Roberto Loureiro Plech Filho (227.628.254-15).</p><p>1.2. Entidade: Empresa Brasileira de Correios e Telégrafos - ECT.</p><p>1.3. Relator: Ministro Jorge Oliveira.</p><p>1.4. Representante do Ministério Público: Procurador Sergio Ricardo Costa Caribé.</p><p>1.5. Unidade Técnica: Secretaria de Controle Externo de Tomada de Contas Especial (SecexTCE).</p><p>1.6. Representação legal: não há.</p><p>1.7. Determinações/Recomendações/Orientações: não há.</p><p>ACÓRDÃO Nº 4711/2022 - TCU - 1ª Câmara</p><p>Considerando que, nesta tomada de contas especial, houve o transcurso de mais de dez anos (2002-2013) desde o fato gerador até a notificação;</p><p>considerando que, no caso em exame, ocorreu a prescrição, uma vez que a irregularidade apontada ocorreu no ano de 2002 e o ato de ordenação da citação ainda não ocorreu; e</p><p>considerando, adicionalmente, o baixo valor do débito e a relevância social da política pública que orienta a transferência dos valores, tudo a recomendar a dispensa da cobrança;</p><p>os ministros do Tribunal de Contas da União, reunidos em Sessão da 1ª Câmara, com fundamento nos artigos 143, V, "a", 169, VI, e 212 do RITCU, c/c artigos 6º, II, e 19 da Instrução Normativa/TCU 71/2012, ACORDAM em determinar o arquivamento deste processo, por ausência de pressupostos para seu desenvolvimento válido e regular, com envio desta deliberação e da instrução que a fundamenta ao responsável e ao Ministério da Cidadania, conforme os pareceres emitidos nos autos.</p><p>1. Processo TC-045.064/2021-0 (TOMADA DE CONTAS ESPECIAL)</p><p>1.1. Responsável: Luiz Gonzaga Cavalcante Dantas (140.897.694-34).</p><p>1.2. Órgão: Secretaria Especial do Desenvolvimento Social/Ministério da Cidadania.</p><p>1.3. Relator: Ministro Jorge Oliveira.</p><p>1.4. Representante do Ministério Público: Procurador Sergio Ricardo Costa Caribé.</p><p>1.5. Unidade Técnica: Secretaria de Controle Externo de Tomada de Contas Especial (SecexTCE).</p><p>1.6. Representação legal: não há.</p><p>1.7. Determinações/Recomendações/Orientações: não há.</p><p>ACÓRDÃO Nº 4712/2022 - TCU - 1ª Câmara</p><p>VISTA e relacionada esta representação que tem como objeto possíveis irregularidades do pregão eletrônico 13/2022, promovido pela Autoridade Portuária de Santos.</p><p>Considerando que, com base nos elementos apresentados, não se verificam os pressupostos para o deferimento de medida cautelar, de modo que nenhum dos fatos apontados na representação podem ser caracterizados como ilegais no processo licitatório e no contrato já celebrado;</p><p>considerando que o Termo de Compromisso Preliminar de Ajustamento de Conduta e a ação judicial oposta pela Autoridade Portuária de Santos em relação àquele ajuste são temas sobre os quais este Tribunal não tem jurisdição; e</p><p>considerando que as questões relativas à desestatização da Autoridade Portuária de Santos serão avaliadas por este Tribunal, no âmbito do TC 035.732/2020-2;</p><p>os ministros do Tribunal de Contas da União, reunidos em Sessão da 1ª Câmara, com fundamento nos artigos 143, III, 235, 237, III, e 250, I, do RITCU c/c o artigo 103, § 1º, da Resolução - TCU 259/2014, ACORDAM em conhecer da representação, indeferir o requerimento de medida cautelar, para, no mérito, considerá-la improcedente, arquivando-a e dando ciência ao representante e à Autoridade Portuária de Santos, com o envio de cópia desta deliberação e da instrução que a suporta, conforme os pareceres emitidos nos autos.</p><p>1. Processo TC-011.499/2022-2 (REPRESENTAÇÃO)</p><p>1.1. Interessado: Francisco José Nogueira da Silva</p><p>1.2. Entidade: Autoridade Portuária de Santos S.A.</p><p>1.2. Relator: Ministro Jorge Oliveira.</p><p>1.3. Representante do Ministério Público: não atuou.</p><p>1.4. Unidade Técnica: Secretaria de Fiscalização de Infraestrutura Portuária e Ferroviária (SeinfraPor).</p><p>1.5. Representação legal: não há</p><p>1.6. Determinações/Recomendações/Orientações: não há.</p><p>ACÓRDÃO Nº 4713/2022 - TCU - 1ª Câmara</p><p>Considerando que as possíveis irregularidades apontadas pela representante não se confirmaram, sendo possível, desde já, a apreciação do mérito desta representação;</p><p>os ministros do Tribunal de Contas da União, reunidos em Sessão da 1ª Câmara, com fundamento no artigo 113, § 1º, da Lei 8.666/1993 c/c os artigos 143, III, 237,VII, e 250, I, do RITCU, ACORDAM em conhecer da representação, indeferir o pedido de concessão de medida cautelar, para, no mérito, considerá-la improcedente, arquivando-a e dando ciência à representante e ao Instituto Nacional do Seguro Social, com o envio de cópia desta deliberação e da instrução que a fundamenta, conforme os pareceres emitidos nos autos.</p><p>1. Processo TC-013.449/2022-2 (REPRESENTAÇÃO)</p><p>1.1. Interessada: Emibm Engenharia e Inovação Ltda</p><p>1.2. Entidade: Gerência Regional em Brasília do Instituto Nacional do Seguro Social.</p><p>1.3. Relator: Ministro Jorge Oliveira.</p><p>1.4. Representante do Ministério Público: não atuou.</p><p>1.5. Unidade Técnica: Secretaria de Controle Externo de Aquisições Logísticas (Selog).</p><p>1.6. Representação legal: não há.</p><p>1.7. Determinações/Recomendações/Orientações: não há.</p><p>ACÓRDÃO Nº 4714/2022 - TCU - 1ª Câmara</p><p>Os ministros do Tribunal de Contas da União, reunidos em Sessão da 1ª Câmara, com fundamento nos artigos 143, III, 235 e 237, VII, e 250, I, do RITCU, ACORDAM, diante da baixa materialidade e reduzido risco envolvidos, em conhecer da representação, em indeferir o pedido de medida cautelar, para, no mérito, considerá-la procedente, com a ciência abaixo, e em enviar cópias desta deliberação e da instrução que a fundamenta à representante e ao Grupamento de Apoio de São Jose dos Campos, arquivando este processo, conforme os pareceres emitidos.</p><p>1. Processo TC-014.140/2022-5 (REPRESENTAÇÃO)</p><p>1.1. Interessada: Prime Consultoria e Assessoria Empresarial Ltda. (05.340.639/0001-30)</p><p>1.2. Órgão: Grupamento de Apoio de São Jose dos Campos - Comando da Aeronáutica.</p><p>1.3. Relator: Ministro Jorge Oliveira.</p><p>1.4. Representante do Ministério Público: não atuou.</p><p>1.5. Unidade Técnica: Secretaria de Controle Externo de Aquisições Logísticas (Selog).</p><p>1.7. Representação legal: não há,</p><p>1.7. Determinações/Recomendações/Orientações:</p><p>1.7.1. dar ciência ao Grupamento de Apoio de São José dos Campos, com fundamento no artigo 9º, II, da Resolução - TCU 315/2020, sobre as impropriedades abaixo, identificadas no pregão eletrônico 84/2022, de forma a evitar a sua materialização, tendo em vista o estágio daquele procedimento:</p><p>1.7.1.1. a vedação de propostas que contenham taxas de administração negativas ou de valor zero, previsto no 1.7. do termo de referência, contraria a jurisprudência deste Tribunal, além de decisão do Superior do Tribunal de Justiça, prolatada no Resp 1.840.113-CE, devendo a exequibilidade das propostas ser aferida caso a caso, a partir de critérios objetivos previamente fixados no edital; e</p><p>1.7.1.2. a ausência de exigências de comprovação de qualificação técnica e econômico-financeira no edital está em afronta ao disposto no artigo 27 c/c os artigos 30, 31 e 32 da Lei 8.666/1993, bem como a jurisprudência deste Tribunal.</p><p>ACÓRDÃO Nº 4715/2022 - TCU - 1ª Câmara</p><p>Os Ministros do Tribunal de Contas da União, reunidos em Sessão de 1ª Câmara, ACORDAM, por unanimidade, com fundamento nos arts. 1º, inciso V, e 39, inciso II, da Lei 8.443, de 16 de julho de 1992, c/c os arts. 143, inciso II, 259, inciso II, e 260, §§ 1º e 2º, do Regimento Interno, em considerar legal(is) o(s) ato(s) de concessão a seguir relacionado(s), autorizando-se o(s) registro(s), de acordo com os pareceres convergentes emitidos nos autos.</p><p>1. Processo TC-011.924/2022-5 (APOSENTADORIA)</p><p>1.1. Interessado: Ana Maria Felix de Almeida (345.929.707-72).</p><p>1.2. Órgão/Entidade: Tribunal Regional Eleitoral da Paraíba.</p><p>1.3. Relator: Ministro-Substituto Augusto Sherman Cavalcanti.</p><p>1.4. Representante do Ministério Público: Procurador Rodrigo Medeiros de Lima.</p><p>1.5. Unidade Técnica: Secretaria de Fiscalização de Integridade de Atos e Pagamentos de Pessoal e de Benefícios Sociais (Sefip).</p><p>1.6. Representação legal: não há.</p><p>1.7. Determinações/Recomendações/Orientações: não há.</p><p>ACÓRDÃO Nº 4716/2022 - TCU - 1ª Câmara</p><p>Os Ministros do Tribunal de Contas da União, reunidos em Sessão de 1ª Câmara, ACORDAM, por unanimidade, com fundamento nos arts. 1º, inciso V, e 39, inciso II, da Lei 8.443, de 16 de julho de 1992, c/c os arts. 143, inciso II, 259, inciso II, e 260, §§ 1º e 2º, do Regimento Interno, em considerar legal(is) o(s) ato(s) de concessão a seguir relacionado(s), autorizando-se o(s) registro(s), de acordo com os pareceres convergentes emitidos nos autos.</p><p>1. Processo TC-011.931/2022-1 (APOSENTADORIA)</p><p>1.1. Interessado: Neiva Cristine Arruda Rabelo (445.379.806-72).</p><p>1.2. Órgão/Entidade: Fundação Universidade Federal de Mato Grosso.</p><p>1.3. Relator: Ministro-Substituto Augusto Sherman Cavalcanti.</p><p>1.4. Representante do Ministério Público: Procurador Júlio Marcelo de Oliveira.</p><p>1.5. Unidade Técnica: Secretaria de Fiscalização de Integridade de Atos e Pagamentos de Pessoal e de Benefícios Sociais (Sefip).</p><p>1.6. Representação legal: não há.</p><p>1.7. Determinações/Recomendações/Orientações: não há.</p><p>ACÓRDÃO Nº 4717/2022 - TCU - 1ª Câmara</p><p>Os Ministros do Tribunal de Contas da União, reunidos em Sessão de 1ª Câmara, ACORDAM, por unanimidade, com fundamento nos arts. 1º, inciso V, e 39, inciso II, da Lei 8.443, de 16 de julho de 1992, c/c os arts. 143, inciso II, 259, inciso II, e 260, §§ 1º e 2º, do Regimento Interno, em considerar legal(is) o(s) ato(s) de concessão a seguir relacionado(s), autorizando-se o(s) registro(s), de acordo com os pareceres convergentes emitidos nos autos.</p><p>1. Processo TC-012.302/2022-8 (APOSENTADORIA)</p><p>1.1. Interessado: Alcides dos Santos (176.341.721-20).</p><p>1.2. Órgão/Entidade: Ministério da Saúde.</p><p>1.3. Relator: Ministro-Substituto Augusto Sherman Cavalcanti.</p><p>1.4. Representante do Ministério Público: Procurador Júlio Marcelo de Oliveira.</p><p>1.5. Unidade Técnica: Secretaria de Fiscalização de Integridade de Atos e Pagamentos de Pessoal e de Benefícios Sociais (Sefip).</p><p>1.6. Representação legal: não há.</p><p>1.7. Determinações/Recomendações/Orientações: não há.</p><p>ACÓRDÃO Nº 4718/2022 - TCU - 1ª Câmara</p><p>Os Ministros do Tribunal de Contas da União, reunidos em Sessão de 1ª Câmara, ACORDAM, por unanimidade, com fundamento nos arts. 1º, inciso V, e 39, inciso II, da Lei 8.443, de 16 de julho de 1992, c/c os arts. 143, inciso II, 259, inciso II, e 260, §§ 1º e 2º, do Regimento Interno, em considerar legal(is) o(s) ato(s) de concessão a seguir relacionado(s), autorizando-se o(s) registro(s), de acordo com os pareceres convergentes emitidos nos autos.</p><p>1. Processo TC-012.755/2022-2 (APOSENTADORIA)</p><p>1.1. Interessados: Gerd Henrique Stoeber (621.958.758-87); Marcia Regina Ferreira Salomao (811.187.758-72).</p><p>1.2. Órgão/Entidade: Universidade Federal de São Paulo.</p><p>1.3. Relator: Ministro-Substituto Augusto Sherman Cavalcanti.</p><p>1.4. Representante do Ministério Público: Procurador Júlio Marcelo de Oliveira.</p><p>1.5. Unidade Técnica: Secretaria de Fiscalização de Integridade de Atos e Pagamentos de Pessoal e de Benefícios Sociais (Sefip).</p><p>1.6. Representação legal: não há.</p><p>1.7. Determinações/Recomendações/Orientações: não há.</p><p>ACÓRDÃO Nº 4719/2022 - TCU - 1ª Câmara</p><p>Os Ministros do Tribunal de Contas da União, reunidos em Sessão de 1ª Câmara, ACORDAM, por unanimidade, com fundamento nos arts. 1º, inciso V, e 39, inciso II, da Lei 8.443, de 16 de julho de 1992, c/c os arts. 143, inciso II, 259, inciso II, e 260, §§ 1º e 2º, do Regimento Interno, em considerar legal(is) o(s) ato(s) de concessão a seguir relacionado(s), autorizando-se o(s) registro(s), de acordo com os pareceres convergentes emitidos nos autos.</p><p>1. Processo TC-014.435/2022-5 (APOSENTADORIA)</p><p>1.1. Interessado: Leila Ribeiro Veiga (042.116.773-49).</p><p>1.2. Órgão/Entidade: Instituto Federal de Educação, Ciência e Tecnologia do Maranhão.</p><p>1.3. Relator: Ministro-Substituto Augusto Sherman Cavalcanti.</p><p>1.4. Representante do Ministério Público: Procurador Sergio Ricardo Costa Caribé.</p><p>1.5. Unidade Técnica: Secretaria de Fiscalização de Integridade de Atos e Pagamentos de Pessoal e de Benefícios Sociais (Sefip).</p><p>1.6. Representação legal: não há.</p><p>1.7. Determinações/Recomendações/Orientações: não há.</p><p>ACÓRDÃO Nº 4720/2022 - TCU - 1ª Câmara</p><p>Os Ministros do Tribunal de Contas da União, reunidos em Sessão de 1ª Câmara, ACORDAM, por unanimidade, com fundamento nos arts. 1º, inciso V, e 39, inciso II, da Lei 8.443, de 16 de julho de 1992, c/c os arts. 143, inciso II, 259, inciso II, e 260, §§ 1º e 2º, do Regimento Interno, em considerar legal(is) o(s) ato(s) de concessão a seguir relacionado(s), autorizando-se o(s) registro(s), de acordo com os pareceres convergentes emitidos nos autos.</p><p>1. Processo TC-014.438/2022-4 (APOSENTADORIA)</p><p>1.1. Interessados: Deusdedith Almeida do Carmo (061.736.085-53); Maria Terezinha Berutti Chaves (750.114.687-04); Paulo Roberto Badaro (104.155.136-34).</p><p>1.2. Órgão/Entidade: Tribunal Regional Federal da 1ª Região.</p><p>1.3. Relator: Ministro-Substituto Augusto Sherman Cavalcanti.</p><p>1.4. Representante do Ministério Público: Procurador Sergio Ricardo Costa Caribé.</p><p>1.5. Unidade Técnica: Secretaria de Fiscalização de Integridade de Atos e Pagamentos de Pessoal e de Benefícios Sociais (Sefip).</p><p>1.6. Representação legal: não há.</p><p>1.7. Determinações/Recomendações/Orientações: não há.</p><p>ACÓRDÃO Nº 4721/2022 - TCU - 1ª Câmara</p><p>Os Ministros do Tribunal de Contas da União, reunidos em Sessão de 1ª Câmara, ACORDAM, por unanimidade, com fundamento nos arts. 1º, inciso V, e 39, inciso II, da Lei 8.443, de 16 de julho de 1992, c/c os arts. 143, inciso II, 259, inciso II, e 260, §§ 1º e 2º, do Regimento Interno, em considerar legal(is) o(s) ato(s) de concessão a seguir relacionado(s), autorizando-se o(s) registro(s), de acordo com os pareceres convergentes emitidos nos autos.</p><p>1. Processo TC-014.494/2022-1 (APOSENTADORIA)</p><p>1.1. Interessados: Athie Jorge Guerra Santos (097.948.674-20); Gustavo Henrique Carneiro Gouveia de Melo (351.797.754-34); Valderez Pontes Matos (110.020.004-59).</p><p>1.2. Órgão/Entidade: Universidade Federal Rural de Pernambuco.</p><p>1.3. Relator: Ministro-Substituto Augusto Sherman Cavalcanti.</p><p>1.4. Representante do Ministério Público: Procurador Sergio Ricardo Costa Caribé.</p><p>1.5. Unidade Técnica: Secretaria de Fiscalização de Integridade de Atos e Pagamentos de Pessoal e de Benefícios Sociais (Sefip).</p><p>1.6. Representação legal: não há.</p><p>1.7. Determinações/Recomendações/Orientações: não há.</p><p>ACÓRDÃO Nº 4722/2022 - TCU - 1ª Câmara</p><p>Os Ministros do Tribunal de Contas da União, reunidos em Sessão de 1ª Câmara, ACORDAM, por unanimidade, com fundamento nos arts. 1º, inciso V, e 39, inciso II, da Lei 8.443, de 16 de julho de 1992, c/c os arts. 143, inciso II, 259, inciso II, e 260, §§ 1º e 2º, do Regimento Interno, em considerar legal(is) o(s) ato(s) de concessão a seguir relacionado(s), autorizando-se o(s) registro(s), de acordo com os pareceres convergentes emitidos nos autos.</p><p>1. Processo TC-014.513/2022-6 (APOSENTADORIA)</p><p>1.1. Interessados: Helio Waldman (256.060.187-72); Luis Alberto Peluso (219.392.688-34).</p><p>1.2. Órgão/Entidade: Fundação Universidade Federal do Abc.</p><p>1.3. Relator: Ministro-Substituto Augusto Sherman Cavalcanti.</p><p>1.4. Representante do Ministério Público: Procurador Júlio Marcelo de Oliveira.</p><p>1.5. Unidade Técnica: Secretaria de Fiscalização de Integridade de Atos e Pagamentos de Pessoal e de Benefícios Sociais (Sefip).</p><p>1.6. Representação legal: não há.</p><p>1.7. Determinações/Recomendações/Orientações: não há.</p><p>ACÓRDÃO Nº 4723/2022 - TCU - 1ª Câmara</p><p>Os Ministros do Tribunal de Contas da União, reunidos em Sessão de 1ª Câmara, ACORDAM, por unanimidade, com fundamento nos arts. 1º, inciso V, e 39, inciso II, da Lei 8.443, de 16 de julho de 1992, c/c os arts. 143, inciso II, 259, inciso II, e 260, §§ 1º e 2º, do Regimento Interno, em considerar legal(is) o(s) ato(s) de concessão a seguir relacionado(s), autorizando-se o(s) registro(s), de acordo com os pareceres convergentes emitidos nos autos.</p><p>1. Processo TC-014.555/2022-0 (APOSENTADORIA)</p><p>1.1. Interessado: Jose Geraldo de Araujo (343.313.366-20).</p><p>1.2. Órgão/Entidade: Instituto Chico Mendes de Conservação da Biodiversidade.</p><p>1.3. Relator: Ministro-Substituto Augusto Sherman Cavalcanti.</p><p>1.4. Representante do Ministério Público: Procurador Júlio Marcelo de Oliveira.</p><p>1.5. Unidade Técnica: Secretaria de Fiscalização de Integridade de Atos e Pagamentos de Pessoal e de Benefícios Sociais (Sefip).</p><p>1.6. Representação legal: não há.</p><p>1.7. Determinações/Recomendações/Orientações: não há.</p><p>ACÓRDÃO Nº 4724/2022 - TCU - 1ª Câmara</p><p>Os Ministros do Tribunal de Contas da União, reunidos em Sessão de 1ª Câmara, ACORDAM, por unanimidade, com fundamento nos arts. 1º, inciso V, e 39, inciso II, da Lei 8.443, de 16 de julho de 1992, c/c os arts. 143, inciso II, 259, inciso II, e 260, §§ 1º e 2º, do Regimento Interno, em considerar legal(is) o(s) ato(s) de concessão a seguir relacionado(s), autorizando-se o(s) registro(s), de acordo com os pareceres convergentes emitidos nos autos.</p><p>1. Processo TC-014.563/2022-3 (APOSENTADORIA)</p><p>1.1. Interessado: Marina Luiz Tavares (338.935.196-53).</p><p>1.2. Órgão/Entidade: Instituto Federal de Educação, Ciência e Tecnologia do Pará.</p><p>1.3. Relator: Ministro-Substituto Augusto Sherman Cavalcanti.</p><p>1.4. Representante do Ministério Público: Procurador Sergio Ricardo Costa Caribé.</p><p>1.5. Unidade Técnica: Secretaria de Fiscalização de Integridade de Atos e Pagamentos de Pessoal e de Benefícios Sociais (Sefip).</p><p>1.6. Representação legal: não há.</p><p>1.7. Determinações/Recomendações/Orientações: não há.</p><p>ACÓRDÃO Nº 4725/2022 - TCU - 1ª Câmara</p><p>Os Ministros do Tribunal de Contas da União, reunidos em Sessão de 1ª Câmara, ACORDAM, por unanimidade, com fundamento nos arts. 1º, inciso V, e 39, inciso II, da Lei 8.443, de 16 de julho de 1992, c/c os arts. 143, inciso II, 259, inciso II, e 260, §§ 1º e 2º, do Regimento Interno, em considerar legal(is) o(s) ato(s) de concessão a seguir relacionado(s), autorizando-se o(s) registro(s), de acordo com os pareceres convergentes emitidos nos autos.</p><p>1. Processo TC-014.717/2022-0 (APOSENTADORIA)</p><p>1.1. Interessado: Dirce Maria Fortunato (317.232.336-68).</p><p>1.2. Órgão/Entidade: Universidade Federal de Minas Gerais.</p><p>1.3. Relator: Ministro-Substituto Augusto Sherman Cavalcanti.</p><p>1.4. Representante do Ministério Público: Procurador Sergio Ricardo Costa Caribé.</p><p>1.5. Unidade Técnica: Secretaria de Fiscalização de Integridade de Atos e Pagamentos de Pessoal e de Benefícios Sociais (Sefip).</p><p>1.6. Representação legal: não há.</p><p>1.7. Determinações/Recomendações/Orientações: não há.</p><p>ACÓRDÃO Nº 4726/2022 - TCU - 1ª Câmara</p><p>Os Ministros do Tribunal de Contas da União, reunidos em Sessão de 1ª Câmara, ACORDAM, por unanimidade, com fundamento nos arts. 1º, inciso V, e 39, inciso II, da Lei 8.443, de 16 de julho de 1992, c/c os arts. 143, inciso II, 259, inciso II, e 260, §§ 1º e 2º, do Regimento Interno, em considerar legal(is) o(s) ato(s) de concessão a seguir relacionado(s), autorizando-se o(s) registro(s), de acordo com os pareceres convergentes emitidos nos autos.</p><p>1. Processo TC-014.735/2022-9 (APOSENTADORIA)</p><p>1.1. Interessados: Ines Dresch (383.487.212-15); Jose Ademar Moreira de Araujo (036.708.802-91); Luzia Etelvina de Almeida (225.376.862-68); Maria da Conceicao Silva (225.082.102-00); Olinda Sales Magalhaes (112.493.902-49).</p><p>1.2. Órgão/Entidade: Departamento de Centralização de Serviços de Inativos e Pensionistas.</p><p>1.3. Relator: Ministro-Substituto Augusto Sherman Cavalcanti.</p><p>1.4. Representante do Ministério Público: Procurador Sergio Ricardo Costa Caribé.</p><p>1.5. Unidade Técnica: Secretaria de Fiscalização de Integridade de Atos e Pagamentos de Pessoal e de Benefícios Sociais (Sefip).</p><p>1.6. Representação legal: não há.</p><p>1.7. Determinações/Recomendações/Orientações: não há.</p><p>ACÓRDÃO Nº 4727/2022 - TCU - 1ª Câmara</p><p>Os Ministros do Tribunal de Contas da União, reunidos em Sessão de 1ª Câmara, ACORDAM, por unanimidade, com fundamento nos arts. 1º, inciso V, e 39, inciso II, da Lei 8.443, de 16 de julho de 1992, c/c os arts. 143, inciso II, 259, inciso II, e 260, §§ 1º e 2º, do Regimento Interno, em considerar legal(is) o(s) ato(s) de concessão a seguir relacionado(s), autorizando-se o(s) registro(s), de acordo com os pareceres convergentes emitidos nos autos.</p><p>1. Processo TC-014.755/2022-0 (APOSENTADORIA)</p><p>1.1. Interessado: Salvador Bernardo Moreno Martin (297.723.037-87).</p><p>1.2. Órgão/Entidade: Instituto Nacional do Seguro Social.</p><p>1.3. Relator: Ministro-Substituto Augusto Sherman Cavalcanti.</p><p>1.4. Representante do Ministério Público: Procurador Sergio Ricardo Costa Caribé.</p><p>1.5. Unidade Técnica: Secretaria de Fiscalização de Integridade de Atos e Pagamentos de Pessoal e de Benefícios Sociais (Sefip).</p><p>1.6. Representação legal: não há.</p><p>1.7. Determinações/Recomendações/Orientações: não há.</p><p>ACÓRDÃO Nº 4728/2022 - TCU - 1ª Câmara</p><p>Os Ministros do Tribunal de Contas da União, reunidos em Sessão de 1ª Câmara, ACORDAM, por unanimidade, com fundamento nos arts. 1º, inciso V, e 39, inciso II, da Lei 8.443, de 16 de julho de 1992, c/c os arts. 143, inciso II, 259, inciso II, e 260, §§ 1º e 2º, do Regimento Interno, em considerar legal(is) o(s) ato(s) de concessão a seguir relacionado(s), autorizando-se o(s) registro(s), de acordo com os pareceres convergentes emitidos nos autos.</p><p>1. Processo TC-014.780/2022-4 (APOSENTADORIA)</p><p>1.1. Interessado: Osmirio Pinto Coelho (102.007.621-68).</p><p>1.2. Órgão/Entidade: Ministério da Justiça e Segurança Pública.</p><p>1.3. Relator: Ministro-Substituto Augusto Sherman Cavalcanti.</p><p>1.4. Representante do Ministério Público: Procurador Sergio Ricardo Costa Caribé.</p><p>1.5. Unidade Técnica: Secretaria de Fiscalização de Integridade de Atos e Pagamentos de Pessoal e de Benefícios Sociais (Sefip).</p><p>1.6. Representação legal: não há.</p><p>1.7. Determinações/Recomendações/Orientações: não há.</p><p>ACÓRDÃO Nº 4729/2022 - TCU - 1ª Câmara</p><p>Os Ministros do Tribunal de Contas da União, reunidos em Sessão de 1ª Câmara, ACORDAM, por unanimidade, com fundamento nos arts. 1º, inciso V, e 39, inciso II, da Lei 8.443, de 16 de julho de 1992, c/c os arts. 143, inciso II, 259, inciso II, e 260, §§ 1º e 2º, do Regimento Interno, em considerar legal(is) o(s) ato(s) de concessão a seguir relacionado(s), autorizando-se o(s) registro(s), de acordo com os pareceres convergentes emitidos nos autos.</p><p>1. Processo TC-014.899/2022-1 (APOSENTADORIA)</p><p>1.1. Interessado: Marluce Muniz Cabral da Silva (510.983.427-04).</p><p>1.2. Órgão/Entidade: Ministério da Saúde.</p><p>1.3. Relator: Ministro-Substituto Augusto Sherman Cavalcanti.</p><p>1.4. Representante do Ministério Público: Procuradora-Geral Cristina Machado da Costa e Silva.</p><p>1.5. Unidade Técnica: Secretaria de Fiscalização de Integridade de Atos e Pagamentos de Pessoal e de Benefícios Sociais (Sefip).</p><p>1.6. Representação legal: não há.</p><p>1.7. Determinações/Recomendações/Orientações: não há.</p><p>ACÓRDÃO Nº 4730/2022 - TCU - 1ª Câmara</p><p>Os Ministros do Tribunal de Contas da União, reunidos em Sessão de 1ª Câmara, ACORDAM, por unanimidade, com fundamento nos arts. 1º, inciso V, e 39, inciso II, da Lei 8.443, de 16 de julho de 1992, c/c os arts. 143, inciso II, 259, inciso II, e 260, §§ 1º e 2º, do Regimento Interno, em considerar legal(is) o(s) ato(s) de concessão a seguir relacionado(s), autorizando-se o(s) registro(s), de acordo com os pareceres convergentes emitidos nos autos.</p><p>1. Processo TC-015.016/2022-6 (APOSENTADORIA)</p><p>1.1. Interessado: Marilia de Goyaz (169.519.721-68).</p><p>1.2. Órgão/Entidade: Universidade Federal de Goiás.</p><p>1.3. Relator: Ministro-Substituto Augusto Sherman Cavalcanti.</p><p>1.4. Representante do Ministério Público: Procuradora-Geral Cristina Machado da Costa e Silva.</p><p>1.5. Unidade Técnica: Secretaria de Fiscalização de Integridade de Atos e Pagamentos de Pessoal e de Benefícios Sociais (Sefip).</p><p>1.6. Representação legal: não há.</p><p>1.7. Determinações/Recomendações/Orientações: não há.</p><p>ACÓRDÃO Nº 4731/2022 - TCU - 1ª Câmara</p><p>Os Ministros do Tribunal de Contas da União, reunidos em Sessão de 1ª Câmara, ACORDAM, por unanimidade, com fundamento nos arts. 1º, inciso V, e 39, inciso II, da Lei 8.443, de 16 de julho de 1992, c/c os arts. 143, inciso II, 259, inciso II, e 260, §§ 1º e 2º, do Regimento Interno, em considerar legal(is) o(s) ato(s) de concessão a seguir relacionado(s), autorizando-se o(s) registro(s), de acordo com os pareceres convergentes emitidos nos autos.</p><p>1. Processo TC-015.046/2022-2 (APOSENTADORIA)</p><p>1.1. Interessado: Selma Modesto do Amaral (050.341.322-49).</p><p>1.2. Órgão/Entidade: Fundação Nacional de Saúde.</p><p>1.3. Relator: Ministro-Substituto Augusto Sherman Cavalcanti.</p><p>1.4. Representante do Ministério Público: Procurador Sergio Ricardo Costa Caribé.</p><p>1.5. Unidade Técnica: Secretaria de Fiscalização de Integridade de Atos e Pagamentos de Pessoal e de Benefícios Sociais (Sefip).</p><p>1.6. Representação legal: não há.</p><p>1.7. Determinações/Recomendações/Orientações: não há.</p><p>ACÓRDÃO Nº 4732/2022 - TCU - 1ª Câmara</p><p>Os Ministros do Tribunal de Contas da União, reunidos em Sessão de 1ª Câmara, ACORDAM, por unanimidade, com fundamento nos arts. 1º, inciso V, e 39, inciso II, da Lei 8.443, de 16 de julho de 1992, c/c os arts. 143, inciso II, 259, inciso II, e 260, §§ 1º e 2º, do Regimento Interno, em considerar legal(is) o(s) ato(s) de concessão a seguir relacionado(s), autorizando-se o(s) registro(s), de acordo com os pareceres convergentes emitidos nos autos.</p><p>1. Processo TC-015.050/2022-0 (APOSENTADORIA)</p><p>1.1. Interessados: Lita Gomes Luna Ribeiro (106.672.885-20); Maria de Fatima Lima Victor (120.624.483-68); Rosangela Romeu Sant Anna (203.181.623-34).</p><p>1.2. Órgão/Entidade: Fundação Nacional de Saúde.</p><p>1.3. Relator: Ministro-Substituto Augusto Sherman Cavalcanti.</p><p>1.4. Representante do Ministério Público: Procurador Sergio Ricardo Costa Caribé.</p><p>1.5. Unidade Técnica: Secretaria de Fiscalização de Integridade de Atos e Pagamentos de Pessoal e de Benefícios Sociais (Sefip).</p><p>1.6. Representação legal: não há.</p><p>1.7. Determinações/Recomendações/Orientações: não há.</p><p>ACÓRDÃO Nº 4733/2022 - TCU - 1ª Câmara</p><p>Os Ministros do Tribunal de Contas da União, reunidos em Sessão de 1ª Câmara, ACORDAM, por unanimidade, com fundamento nos arts. 1º, inciso V, e 39, inciso II, da Lei 8.443, de 16 de julho de 1992, c/c os arts. 143, inciso II, 259, inciso II, e 260, §§ 1º e 2º, do Regimento Interno, em considerar legal(is) o(s) ato(s) de concessão a seguir relacionado(s), autorizando-se o(s) registro(s), de acordo com os pareceres convergentes emitidos nos autos.</p><p>1. Processo TC-015.063/2022-4 (APOSENTADORIA)</p><p>1.1. Interessados: Evaldo Rodrigues Itapirema Neto (065.935.932-49); Humberto Oliveira de Mendonca (046.673.872-20); Ivan Tavares Ramos (048.420.902-78); Joao Batista de Almeida Santos (052.712.582-20).</p><p>1.2. Órgão/Entidade: Ministério da Saúde.</p><p>1.3. Relator: Ministro-Substituto Augusto Sherman Cavalcanti.</p><p>1.4. Representante do Ministério Público: Procurador Sergio Ricardo Costa Caribé.</p><p>1.5. Unidade Técnica: Secretaria de Fiscalização de Integridade de Atos e Pagamentos de Pessoal e de Benefícios Sociais (Sefip).</p><p>1.6. Representação legal: não há.</p><p>1.7. Determinações/Recomendações/Orientações: não há.</p><p>ACÓRDÃO Nº 4734/2022 - TCU - 1ª Câmara</p><p>Os Ministros do Tribunal de Contas da União, reunidos em Sessão de 1ª Câmara, ACORDAM, por unanimidade, com fundamento nos arts. 1º, inciso V, e 39, inciso I, da Lei 8.443, de 16 de julho de 1992, c/c os arts. 1º, inciso VIII, 143, inciso II, 259, inciso I, e 260, § 1º e 2º, do Regimento Interno, em considerar legal(is) o(s) ato(s) de admissão de pessoal a seguir relacionado(s) e autorizar o(s) registro(s), de acordo com os pareceres convergentes emitidos nos autos.</p><p>1. Processo TC-013.579/2022-3 (ATOS DE ADMISSÃO)</p><p>1.1. Interessados: Ana Zuleide Barroso da Silva (382.277.032-91); Caroline da Silva Bessa Ferreguetti Souza (947.180.592-91); Joane Ferreira Goncalves (385.163.222-20); Julia Medeiros Dantas (889.866.082-00); Thome Bayma Oestreicher (232.527.403-97).</p><p>1.2. Órgão/Entidade: Universidade Federal de Roraima.</p><p>1.3. Relator: Ministro-Substituto Augusto Sherman Cavalcanti.</p><p>1.4. Representante do Ministério Público: Procurador Júlio Marcelo de Oliveira.</p><p>1.5. Unidade Técnica: Secretaria de Fiscalização de Integridade de Atos e Pagamentos de Pessoal e de Benefícios Sociais (Sefip).</p><p>1.6. Representação legal: não há.</p><p>1.7. Determinações/Recomendações/Orientações: não há.</p><p>ACÓRDÃO Nº 4735/2022 - TCU - 1ª Câmara</p><p>Os Ministros do Tribunal de Contas da União, reunidos em Sessão de 1ª Câmara, ACORDAM, por unanimidade, com fundamento nos arts. 1º, inciso V, e 39, inciso I, da Lei 8.443, de 16 de julho de 1992, c/c os arts. 1º, inciso VIII, 143, inciso II, 259, inciso I, e 260, § 1º e 2º, do Regimento Interno, em considerar legal(is) o(s) ato(s) de admissão de pessoal a seguir relacionado(s) e autorizar o(s) registro(s), de acordo com os pareceres convergentes emitidos nos autos.</p><p>1. Processo TC-013.613/2022-7 (ATOS DE ADMISSÃO)</p><p>1.1. Interessados: Bernardo Ferreira Pinto (776.026.174-87); Eduardo Bruno Lobato Martins (941.701.423-49); Jailthon Carlos da Silva (899.584.973-87); Romulo Ribeiro Magalhaes de Sousa (215.141.604-63).</p><p>1.2. Órgão/Entidade: Fundação Universidade Federal do Piauí.</p><p>1.3. Relator: Ministro-Substituto Augusto Sherman Cavalcanti.</p><p>1.4. Representante do Ministério Público: Procurador Júlio Marcelo de Oliveira.</p><p>1.5. Unidade Técnica: Secretaria de Fiscalização de Integridade de Atos e Pagamentos de Pessoal e de Benefícios Sociais (Sefip).</p><p>1.6. Representação legal: não há.</p><p>1.7. Determinações/Recomendações/Orientações: não há.</p><p>ACÓRDÃO Nº 4736/2022 - TCU - 1ª Câmara</p><p>Os Ministros do Tribunal de Contas da União, reunidos em Sessão de 1ª Câmara, ACORDAM, por unanimidade, com fundamento nos arts. 1º, inciso V, e 39, inciso I, da Lei 8.443, de 16 de julho de 1992, c/c os arts. 1º, inciso VIII, 143, inciso II, 259, inciso I, e 260, § 1º e 2º, do Regimento Interno, em considerar legal(is) o(s) ato(s) de admissão de pessoal a seguir relacionado(s) e autorizar o(s) registro(s), de acordo com os pareceres convergentes emitidos nos autos.</p><p>1. Processo TC-013.634/2022-4 (ATOS DE ADMISSÃO)</p><p>1.1. Interessados: Carlos Augusto Santos Fernandes (106.615.567-43); Daniel Ranine Pena de Sa (133.406.367-29); Fernando da Costa Oliveira (129.343.507-46); Thais de Sa Farias Muller (122.193.217-97); Vanessa Ferreira Romao (115.049.077-28).</p><p>1.2. Órgão/Entidade: Instituto Federal de Educação, Ciência e Tecnologia do Rio de Janeiro.</p><p>1.3. Relator: Ministro-Substituto Augusto Sherman Cavalcanti.</p><p>1.4. Representante do Ministério Público: Procurador Rodrigo Medeiros de Lima.</p><p>1.5. Unidade Técnica: Secretaria de Fiscalização de Integridade de Atos e Pagamentos de Pessoal e de Benefícios Sociais (Sefip).</p><p>1.6. Representação legal: não há.</p><p>1.7. Determinações/Recomendações/Orientações: não há.</p><p>ACÓRDÃO Nº 4737/2022 - TCU - 1ª Câmara</p><p>Os Ministros do Tribunal de Contas da União, reunidos em Sessão de 1ª Câmara, ACORDAM, por unanimidade, com fundamento nos arts. 1º, inciso V, e 39, inciso II, da Lei 8.443, de 16 de julho de 1992, c/c os arts. 143, inciso II, 259, inciso II, e 260, §§ 1º e 2º, do Regimento Interno, em considerar legal(is) o(s) ato(s) de concessão a seguir relacionado(s), autorizando-se o(s) registro(s), de acordo com os pareceres convergentes emitidos nos autos.</p><p>1. Processo TC-008.186/2022-7 (PENSÃO CIVIL)</p><p>1.1. Interessados: Aci Soares de Araujo Alvim (253.776.396-34); Deniston Lima da Silva (104.693.086-99); Edna de Lima da Silva Martins (553.482.037-34); Eduarda Rangell Clementino Benfica (124.222.306-10); Julia Campos Moreira Bicalho (089.666.906-88); Luanna Nascimento Clementino (108.738.196-75); Lucas Adelardo Dumont Clementino (129.001.376-40); Maria Regina Campos Moreira (448.572.846-34); Roselete Nascimento Clementino (704.047.716-53); Rubens Campos Moreira Bicalho (105.612.376-11).</p><p>1.2. Órgão/Entidade: Fundação Instituto Brasileiro de Geografia e Estatística.</p><p>1.3. Relator: Ministro-Substituto Augusto Sherman Cavalcanti.</p><p>1.4. Representante do Ministério Público: Procurador Júlio Marcelo de Oliveira.</p><p>1.5. Unidade Técnica: Secretaria de Fiscalização de Integridade de Atos e Pagamentos de Pessoal e de Benefícios Sociais (Sefip).</p><p>1.6. Representação legal: não há.</p><p>1.7. Determinações/Recomendações/Orientações: não há.</p>]]></Texto>
  </body>
  <Midias />
</article></xml>