﻿<xml><article id="27733082" name="PT SAES NA 488" idOficio="9056791" pubName="DO1" artType="Portaria" pubDate="30/08/2022" artClass="00026:00023:00000:00000:00000:00000:00000:00000:00000:00000:00054:00006" artCategory="Ministério da Saúde/Secretaria de Atenção Especializada à Saúde" artSize="12" artNotes="" numberPage="257" pdfPage="http://pesquisa.in.gov.br/imprensa/jsp/visualiza/index.jsp?data=30/08/2022&amp;jornal=515&amp;pagina=257" editionNumber="165" highlightType="" highlightPriority="" highlight="" highlightimage="" highlightimagename="" idMateria="19839339">
  <body>
    <Identifica><![CDATA[ PORTARIA Nº 488, DE 25 DE AGOSTO DE 2022]]></Identifica>
    <Data><![CDATA[]]></Data>
    <Ementa><![CDATA[ Defere a Renovação do CEBAS do Instituto do Câncer Arnaldo Vieira de Carvalho, com sede em São Paulo (SP).]]></Ementa>
    <Titulo />
    <SubTitulo />
    <Texto><![CDATA[<p class="identifica">PORTARIA Nº 488, DE 25 DE AGOSTO DE 2022</p><p class="ementa">Defere a Renovação do CEBAS do Instituto do Câncer Arnaldo Vieira de Carvalho, com sede em São Paulo (SP).</p><p>A Secretária de Atenção Especializada à Saúde, no uso de suas atribuições,</p><p>Considerando a Lei Complementar nº 187, de 16 de dezembro de 2021, que dispõe sobre a certificação das entidades beneficentes de assistência social e em seu § 2º do artigo 40, determina aos requerimentos de concessão ou de renovação de certificação, pendentes de decisão na data de publicação desta Lei Complementar, aplicar as regras e as condições vigentes à época de seu protocolo;</p><p>Considerando a Portaria GM/MS nº 2.500, de 28 de setembro de 2017, que dispõe sobre a elaboração, a proposição, a tramitação e a consolidação de atos normativos no âmbito do Ministério da Saúde;</p><p>Considerando a competência prevista no art. 142 da Portaria de Consolidação GM/MS nº 1, de 28 de setembro de 2017, que consolida as normas sobre os direitos e deveres dos usuários da saúde, a organização e o funcionamento do Sistema Único de Saúde; e</p><p>Considerando o Parecer Técnico nº 212/2022-CGCER/DCEBAS/SAES/MS, constante do Processo nº 25000.165995/2021-17, que conclui pelo atendimento dos requisitos constantes das legislações pertinentes, resolve:</p><p>Art. 1º Fica deferida a Renovação do Certificado de Entidade Beneficente de Assistência Social (CEBAS), pela prestação anual de serviços ao SUS no percentual mínimo de 60% (sessenta por cento), do Instituto do Câncer Arnaldo Vieira de Carvalho, CNPJ nº 60.945.854/0001-72, com sede em São Paulo (SP).</p><p>Parágrafo único. A Renovação tem validade pelo período de 1º de janeiro de 2022 a 31 de dezembro de 2024.</p><p>Art. 2º Esta Portaria entra em vigor na data de sua publicação.</p><p class="assina">MAÍRA BATISTA BOTELHO</p>]]></Texto>
  </body>
  <Midias />
</article></xml>