﻿<xml><article id="27749706" name="##ATO ATO NA 42 DE 24 DE AGOSTO " idOficio="9060019" pubName="DO1" artType="Ato" pubDate="30/08/2022" artClass="00007:00047:00027:00005:00000:00000:00000:00000:00000:00000:00006:00000" artCategory="Ministério da Agricultura, Pecuária e Abastecimento/Secretaria de Defesa Agropecuária/Departamento de Sanidade Vegetal e Insumos Agrícolas/Coordenação-Geral de Agrotóxicos e Afins" artSize="12" artNotes="" numberPage="10" pdfPage="http://pesquisa.in.gov.br/imprensa/jsp/visualiza/index.jsp?data=30/08/2022&amp;jornal=515&amp;pagina=10" editionNumber="165" highlightType="" highlightPriority="" highlight="" highlightimage="" highlightimagename="" idMateria="19843788">
  <body>
    <Identifica />
    <Data><![CDATA[]]></Data>
    <Ementa />
    <Titulo />
    <SubTitulo />
    <Texto><![CDATA[<p>Processo nº: 21000.073399/2022-31</p><p>24.Motivo da solicitação: Registro (29/07/2022)</p><p>Requerente: BIORISK - Assessoria e Comércio de Produtos Agrícolas Ltda.</p><p>Marca comercial: LAMBDA TÉCNICO GSP</p><p>Nome comum: Lambda-cialotrina</p><p>Nome químico: Reaction product comprising equal quantities of (R)-α-cyano-3-phenoxybenzyl (1S,3S)-3-[(Z)- 2-chloro-3,3,3-trifluoropropenyl]-2,2-dimethylcyclopropanecarboxylate and (S)-α-cyano-3- phenoxybenzyl (1R,3R)-3-[(Z)-2-chloro-3,3,3-trifluoropropenyl]-2,2- dimethylcyclopropanecarboxylate</p><p>Classe de uso: Inseticida.</p><p>Indicação de uso pretendido: Registro de produto técnico equivalente</p><p>Processo nº: 21000.073462/2022-30</p><p>25.Motivo da solicitação: Registro (02/08/2022)</p><p>Requerente: Rainbow Defensivos Agrícolas Ltda.</p><p>Marca comercial: CLORETO DE CLORMEQUATE TÉCNICO RAINBOW</p><p>Nome comum: Cloreto de clormequate</p><p>Nome químico: 2-chloroethyltrimethylammonium chloride</p><p>Classe de uso: Regulador de Crescimento</p><p>Indicação de uso pretendido: Registro de produto técnico equivalente</p><p>Processo nº: 21000.074474/2022-81</p><p>26.Motivo da solicitação: Registro (03/08/2022)</p><p>Requerente: Nortox S/A</p><p>Marca comercial: CARFENTRAZONE ETIL TÉCNICO NORTOX II</p><p>Nome comum: Carfentrazona-etílica</p><p>Nome químico: Etil (RS)-2-cloro-3-[2-cloro-5-(4-difluormetil-4,5-diidro-3-metil-5oxo-1H 1,2,4-triazol-1-il)-4- fluorfenil]propionato</p><p>Classe de uso: Herbicida.</p><p>Indicação de uso pretendido: Registro de produto técnico equivalente</p><p>Processo nº: 21000.075127/2022-76</p><p>27.Motivo da solicitação: Registro (03/08/2022)</p><p>Requerente: Nortox S/A</p><p>Marca comercial: IMAZAPIC TÉCNICO NORTOX III</p><p>Nome comum: Imazapique</p><p>Nome químico: Ácido (RS)-2-(4-isopropil-4-metil-5-oxo-2-imidazolin-2-il)-5-metilnicotinico</p><p>Classe de uso: Herbicida</p><p>Indicação de uso pretendido: Registro de produto técnico equivalente</p><p>Processo nº: 21000.075218/2022-10</p><p>28.Motivo da solicitação: Registro (03/08/2022)</p><p>Requerente: Nortox S/A</p><p>Marca comercial: TEBUTIURON TÉCNICO NORTOX III</p><p>Nome comum: Tebutiurom</p><p>Nome químico: 1-(5-tert-butil-1,3,4-tiadiazol-2-il)-1,3-dimetiluréia</p><p>Classe de uso: Herbicida.</p><p>Indicação de uso pretendido: Registro de produto técnico equivalente</p><p>Processo nº: 21000.075250/2022-97</p><p>29.Motivo da solicitação: Registro (03/08/2022)</p><p>Requerente: Agrobeats Defensivos Agrícolas Ltda.</p><p>Marca comercial: LUFENURON TÉCNICO ABT</p><p>Nome comum: Lufenurom</p><p>Nome químico: (RS)-1-[2,5-dichloro-4-(1,1,2,3,3,3-hexafluoropropoxy)phenyl]-3-(2,6- difluorobenzoyl)urea</p><p>Classe de uso: Inseticida, acaricida / fisiológico</p><p>Indicação de uso pretendido: Registro de produto técnico equivalente</p><p>Processo nº: 21000.075230/2022-16</p><p>30.Motivo da solicitação: Registro (05/08/2022)</p><p>Requerente: Rainbow Defensivos Agrícolas Ltda.</p><p>Marca comercial: CIAZOFAMIDA TÉCNICO RAINBOW</p><p>Nome comum: Ciazofamida</p><p>Nome químico: 4-chloro-2-cyano-N,N-dimethyl-5-p-tolylimidazole-1-sulfonamide</p><p>Classe de uso: Fungicida</p><p>Indicação de uso pretendido: Registro de produto técnico equivalente</p><p>Processo nº: 21000.076355/2022-63</p><p>31.Motivo da solicitação: Registro (05/08/2022)</p><p>Requerente: Zhongshan Química do Brasil Ltda</p><p>Marca comercial: METHOXYFENOZIDE TÉCNICO ZS</p><p>Nome comum: Metoxifenozida</p><p>Nome químico: N-tert-butil-N-(3-metoxi-o-toluoil)-3,5-xilohidrazida (1)</p><p>Classe de uso: Inseticida</p><p>Indicação de uso pretendido: Registro de produto técnico equivalente</p><p>Processo nº: 21000.076385/2022-70</p><p>32.Motivo da solicitação: Registro (05/08/2022)</p><p>Requerente: Agrobeats Defensivos Agrícolas Ltda</p><p>Marca comercial: DIQUAT DIBROMIDE TÉCNICO ABT</p><p>Nome comum: Dibrometo de Diquate</p><p>Nome químico: dibrometo de 1,1'-etileno-2,2'-bipiridildiilium(1) ou dibrometo de 9,10-dihidro-8a,10a-diazoniafenantreno(2)</p><p>Classe de uso: Herbicida</p><p>Indicação de uso pretendido: Registro de produto técnico equivalente</p><p>Processo nº: 21000.076388/2022-11</p><p>33.Motivo da solicitação: Registro (09/08/2022)</p><p>Requerente: CropChem Ltda.</p><p>Marca comercial: PROPICONAZOL TÉCNICO CROPCHEM II</p><p>Nome comum: Propiconazole</p><p>Nome químico: (RS)-1-[2-(2,4-dichlorophenyl)-4-propyl-1,3-dioxolan-2-ylmethyl]-1H-1,2,4-triazole</p><p>Classe de uso: Fungicida</p><p>Indicação de uso pretendido: Registro de produto técnico equivalente</p><p>Processo nº: 21000.077911/2022-19</p><p>34.Motivo da solicitação: Registro (10/08/2022)</p><p>Requerente: Iharabras S.A. Indústrias Químicas</p><p>Marca comercial: BIFENTRINA TÉCNICO IHARA II</p><p>Nome comum: Bifentrina</p><p>Nome químico: 2-methylbiphenyl-3-ylmethyl (Z)-(1RS,3RS)-3-(2-chloro-3,3,3-trifluoroprop-1- enyl)-2,2- dimethylcyclopropanecarboxylat</p><p>Classe de uso: Inseticida e acaricida.</p><p>Indicação de uso pretendido: Registro de produto técnico equivalente</p><p>Processo nº: 21000.078344/2022-18</p><p>35.Motivo da solicitação: Registro (11/08/2022)</p><p>Requerente: CropChem Ltda.</p><p>Marca comercial: TRIFLOXISTROBINA TÉCNICO CROPCHEM IV</p><p>Nome comum: Trifloxistrobina</p><p>Nome químico: methyl(E)-methoxyimino-{(E)-α-[1-(α,α,α-trifluoro-m-tolyl)ethylideneaminooxy]-o-tolyl}acetate</p><p>Classe de uso: Fungicida.</p><p>Indicação de uso pretendido: Registro de produto técnico equivalente</p><p>Processo nº: 21000.079039/2022-43</p><p>36.Motivo da solicitação: Registro (11/08/2022)</p><p>Requerente: Albaugh Agro Brasil Ltda.</p><p>Marca comercial: 2,4D TÉCNICO ALBAUGH 02 HF</p><p>Nome comum: 2,4-D</p><p>Nome químico: Ácido 2,4-diclorofenóxi acético</p><p>Classe de uso: Herbicida</p><p>Indicação de uso pretendido: Registro de produto técnico equivalente</p><p>Processo nº: 21000.078957/2022-55</p><p>37.Motivo da solicitação: Registro (11/08/2022)</p><p>Requerente: Perterra Insumos Agropecuários S.A.</p><p>Marca comercial: FLUXAPIROXADE TÉCNICO PERTERRA</p><p>Nome comum: Fluxapiroxade</p><p>Nome químico: 3-(difluoromethyl)-1-methyl-N-(3′,4′,5′-trifluorobiphenyl-2- yl)pyrazole-4-carboxamide</p><p>Classe de uso: Fungicida.</p><p>Indicação de uso pretendido: Registro de produto técnico equivalente</p><p>Processo nº: 21000.078884/2022-00</p><p>38.Motivo da solicitação: Registro (12/08/2022)</p><p>Requerente: Biorisk Assessoria e Comércio de Produtos Agrícolas Ltda.</p><p>Marca comercial: AZOXYSTROBIN TÉCNICO SCH</p><p>Nome comum: Azoxistrobina (azoxystrobin</p><p>Nome químico: methyl (E)-2-{2-[6-(2-cyanophenoxy)pyrimidin-4- yloxy]phenyl}-3-methoxyacrylate</p><p>Classe de uso: Fungicida</p><p>Indicação de uso pretendido: Registro de produto técnico equivalente</p><p>Processo nº: 21000.079494/2022-49</p><p>39.Motivo da solicitação: Registro (12/08/2022)</p><p>Requerente: Biorisk Assessoria e Comércio de Produtos Agrícolas Ltda.</p><p>Marca comercial: TRIFLOXYSTROBIN TÉCNICO SAU</p><p>Nome comum: Trifloxistrobina.</p><p>Nome químico: methyl(E)-methoxyimino-{(E)-α-[1-(α,α,α-trifluorom-tolyl)ethylideneaminooxy]-o-tolyl}acetate</p><p>Classe de uso: Fungicida</p><p>Indicação de uso pretendido: Registro de produto técnico equivalente</p><p>Processo nº: 21000.079182/2022-35</p><p>40.Motivo da solicitação: Registro (12/08/2022)</p><p>Requerente: Biorisk Assessoria e Comércio de Produtos Agrícolas Ltda.</p><p>Marca comercial: LAMBDA-CYHALOTHRIN TÉCNICO YANGNONG</p><p>Nome comum: lambda-cialotrina (lambda-cyhalothrin)</p><p>Nome químico: (R)-α-cyano-3-phenoxybenzyl (1S,3S)-3-[(Z)-2-chloro-3,3,3-trifluoropropenyl]-2,2- dimethylcyclopropanecarboxylate and (S)-α-cyano-3-phenoxybenzyl (1R,3R)-3-[(Z)-2-chloro3,3,3-trifluoropropenyl]-2,2-dimethylcyclopropanecarboxylate</p><p>Classe de uso: Inseticida.</p><p>Indicação de uso pretendido: Registro de produto técnico equivalente</p><p>Processo nº: 21000.079499/2022-71</p><p>41.Motivo da solicitação: Registro (16/08/2022)</p><p>Requerente: CropChem Ltda.</p><p>Marca comercial: CLOROTALONIL TÉCNICO CROPCHEM II</p><p>Nome comum: Clorotalonil</p><p>Nome químico: tetrachloroisophthalonitrile</p><p>Classe de uso: Fungicida</p><p>Indicação de uso pretendido: Registro de produto técnico equivalente</p><p>Processo nº: 21000.080275/2022-11</p><p>42.Motivo da solicitação: Registro (16/08/2022)</p><p>Requerente: Syncrom Assessoria e Comércio de Produtos Agropecuários Ltda.</p><p>Marca comercial: CAPTAN TÉCNICO NGC</p><p>Nome comum: Captana</p><p>Nome químico: N-(trichloromethylthio)cyclohex-4-ene-1,2-dicarboximide</p><p>Classe de uso: Fungicida</p><p>Indicação de uso pretendido: Registro de produto técnico equivalente</p><p>Processo nº: 21000.080333/2022-06</p><p>43.Motivo da solicitação: Registro (17/08/2022)</p><p>Requerente: Nortox S/A</p><p>Marca comercial: PIMETROZINE TÉCNICO NORTOX II</p><p>Nome comum: Pimetrozina</p><p>Nome químico: (E)-4,5-dihydro-6-methyl-4-(3-pyridylmethyleneamino)-1,2,4-triazin-3(2H)-one</p><p>Classe de uso: Inseticida</p><p>Indicação de uso pretendido: Registro de produto técnico equivalente</p><p>Processo nº: 21000.080934/2022-19</p><p>44.Motivo da solicitação: Registro (18/08/2022)</p><p>Requerente: CropChem Ltda.</p><p>Marca comercial: SAFLUFENACIL TÉCNICO CROPCHEM IV</p><p>Nome comum: Saflufenacil</p><p>Nome químico: N′-{2-chloro-4-fluoro-5-[1,2,3,6-tetrahydro-3-methyl-2,6-dioxo-4- (trifluoromethyl)pyrimidin-1- yl]benzoyl}-N-isopropyl-N-methylsulfamide</p><p>Classe de uso: Fungicida.</p><p>Indicação de uso pretendido: Registro de produto técnico equivalente</p>]]></Texto>
  </body>
  <Midias />
</article></xml>