﻿<xml><article id="27739488" name="extrato__DVHCRT" idOficio="9058277" pubName="DO1" artType="Ato" pubDate="30/08/2022" artClass="00012:00014:00014:00154:00000:00000:00000:00000:00000:00000:00006:00007" artCategory="Ministério das Comunicações/Agência Nacional de Telecomunicações/Superintendência de Fiscalização/Gerência Regional nos Estados do Paraná e Santa Catarina" artSize="12" artNotes="" numberPage="24" pdfPage="http://pesquisa.in.gov.br/imprensa/jsp/visualiza/index.jsp?data=30/08/2022&amp;jornal=515&amp;pagina=24" editionNumber="165" highlightType="" highlightPriority="" highlight="" highlightimage="" highlightimagename="" idMateria="19841247">
  <body>
    <Identifica><![CDATA[ ATO Nº 12.169, DE 26 DE AGOSTO DE 2022]]></Identifica>
    <Data><![CDATA[]]></Data>
    <Ementa />
    <Titulo />
    <SubTitulo />
    <Texto><![CDATA[<p class="identifica">ATO Nº 12.169, DE 26 DE AGOSTO DE 2022</p><p>Processo nº 53504.009181/2022-49. Expede autorização à Sr22 Aviation Ltda, CNPJ nº 46.565.587/0001-87, para explorar o Serviço de Interesse Restrito, por prazo indeterminado, sem caráter de exclusividade, e tendo como área de prestação de serviço todo o território nacional.</p><p class="assina">Marcio Antonio Protzek</p><p class="cargo">GerenteSubstituto(a)</p><p class="identifica">ATO Nº 12.170, DE 26 DE AGOSTO DE 2022</p><p>Processo nº 53504.010081/2022-65. Expede autorização à Jair Antonio Michelutti Vieira da Silva, CNPJ nº 37330416827, para explorar o Serviço de Interesse Restrito, por prazo indeterminado, sem caráter de exclusividade, e tendo como área de prestação de serviço todo o território nacional.</p><p class="assina">Marcio Antonio Protzek</p><p class="cargo">Gerente Substituto(a)</p>]]></Texto>
  </body>
  <Midias />
</article></xml>