﻿<xml><article id="27735109" name="resolucao_2815_2022 GGBIO" idOficio="9057316" pubName="DO1" artType="Resolução" pubDate="30/08/2022" artClass="00026:00034:00014:00104:00000:00000:00000:00000:00000:00000:00064:32815" artCategory="Ministério da Saúde/Agência Nacional de Vigilância Sanitária/2ª Diretoria/Gerência-Geral de Produtos Biológicos, Radiofármacos, Sangue, Tecidos, Células, Órgãos e Prod de Terapias Avan" artSize="12" artNotes="" numberPage="265" pdfPage="http://pesquisa.in.gov.br/imprensa/jsp/visualiza/index.jsp?data=30/08/2022&amp;jornal=515&amp;pagina=265" editionNumber="165" highlightType="" highlightPriority="" highlight="" highlightimage="" highlightimagename="" idMateria="19839986">
  <body>
    <Identifica><![CDATA[ RESOLUÇÃO-RE Nº 2.815, DE 22 DE AGOSTO DE 2022]]></Identifica>
    <Data><![CDATA[]]></Data>
    <Ementa />
    <Titulo />
    <SubTitulo />
    <Texto><![CDATA[<p class="identifica">RESOLUÇÃO-RE Nº 2.815, DE 22 DE AGOSTO DE 2022</p><p>O Gerente-Geral de Produtos Biológicos, Radiofármacos, Sangue, Tecidos, Células, Órgãos e Produtos de Terapias Avançadas, no uso das atribuições que lhe confere o art. 109, aliado ao art. 203, I, § 1º do Regimento Interno aprovado pela Resolução de Diretoria Colegiada - RDC nº 585, de 10 de dezembro de 2021, resolve:</p><p>Art. 1º Deferir petições relacionadas à Gerência-Geral de Produtos Biológicos, Radiofármacos, Sangue, Tecidos, Células, Órgãos e Produtos de Terapias Avançadas, conforme anexo.</p><p>Art. 2º Esta Resolução entra em vigor na data de sua publicação.</p><p class="assina">FABRÍCIO CARNEIRO DE OLIVEIRA</p><p class="anexo">ANEXO</p><p>NOME DA EMPRESA CNPJ</p><p>PRINCIPIO(S) ATIVO(S)</p><p>NOME DO MEDICAMENTO NUMERO DO PROCESSO VENCIMENTO DO REGISTRO</p><p>ASSUNTO DA PETIÇÃO EXPEDIENTE</p><p>NUMERO DE REGISTRO VALIDADE</p><p>APRESENTAÇÃO DO PRODUTO</p><p>PRINCIPIO(S) ATIVO(S)</p><p>_________________________________________________________________</p><p>CSL BEHRING COMÉRCIO DE PRODUTOS FARMACÊUTICOS LTDA 62969589000198</p><p>BERIPLEX P/N 25351.004382/01-73 07/2026</p><p>11948 PRODUTOS BIOLÓGICOS - 58. ALTERAÇÃO NA ESPECIFICAÇÃO OU NO PROCEDIMENTO ANALÍTICO USADO PARA LIBERAÇÃO DO PRODUTO TERMINADO - MODERADA 1003352/21-1</p><p>1.0151.0117.003-7 36 Meses</p><p>250 UI PO LIOF SOL INJ CT FA VD TRANS + DIL X 10 ML + DISP. TRANSF. C/ FILTRO</p><p>FATOR II DE COAGULAÇÃO + FATOR VII DE COAGULAÇÃO + FATOR IX DE COAGULAÇÃO + FATOR X DE COAGULAÇÃO + PROTEÍNA C + PROTEÍNA S</p><p>1.0151.0117.004-5 36 Meses</p><p>500 UI PO LIOF SOL INJ CT FA VD TRANS + DIL X 20 ML + DISP. TRANSF. C/ FILTRO</p><p>FATOR II DE COAGULAÇÃO + FATOR VII DE COAGULAÇÃO + FATOR IX DE COAGULAÇÃO + FATOR X DE COAGULAÇÃO + PROTEÍNA S + PROTEÍNA C</p><p>1.0151.0117.005-3 36 Meses</p><p>1000 UI PO LIOF SOL INJ CT FA VD TRANS + DIL X 40 ML + DISP. TRANSF. C/ FILTRO</p><p>FATOR II DE COAGULAÇÃO + FATOR VII DE COAGULAÇÃO + FATOR IX DE COAGULAÇÃO + PROTEÍNA C + FATOR X DE COAGULAÇÃO + PROTEÍNA S</p><p>--------------------------------------------------------------------------------</p><p>FUNDAÇÃO OSWALDO CRUZ 33781055000135</p><p>golimumabe</p><p>BIO-MANGUINHOS GOLIMUMABE 25351.731238/2020-83 01/2031</p><p>11958 PRODUTOS BIOLÓGICOS - 70. ALTERAÇÃO DO PRAZO DE VALIDADE DO PRODUTO TERMINADO - MODERADA 4040689/21-0</p><p>1.1063.0155.001-9 36 Meses</p><p>50 MG SOL INJ CT 1 SER PREENC X 0,5 ML ACOP CAN APLIC C MANGA SEG</p><p>1.1063.0155.005-1 36 Meses</p><p>50 MG SOL INJ CT 1 SER PREENC X 0,5 ML</p><p>--------------------------------------------------------------------------------</p><p>LABORATÓRIOS FERRING LTDA 74232034000148</p><p>DELTAFOLITROPINA</p><p>REKOVELLE 25351.396795/2016-05 10/2027</p><p>11908 PRODUTOS BIOLÓGICOS - 22. ALTERAÇÃO NA ESPECIFICAÇÃO OU NO PROCEDIMENTO ANALÍTICO USADO PARA LIBERAÇÃO DA SUBSTÂNCIA ATIVA - MODERADA 3335912/21-1</p><p>1.2876.0020.004-7 36 Meses</p><p>33,3 MCG/ML SOL INJ CT 1 CAN APLIC PREENC VD INC X 0,36 ML + 3 AGU</p><p>1.2876.0020.005-5 36 Meses</p><p>33,3 MCG/ML SOL INJ CT 1 CAN APLIC PREENC VD INC X 1,08 ML + 6 AGU</p><p>1.2876.0020.006-3 36 Meses</p><p>33,3 MCG/ML SOL INJ CT 1 CAN APLIC PREENC VD INC X 2,16 ML + 9 AGU</p><p>--------------------------------------------------------------------------------</p><p>MERCK SHARP &amp; DOHME FARMACEUTICA LTDA. 03560974000118</p><p>pembrolizumabe</p><p>KEYTRUDA 25351.150453/2021-60 10/2026</p><p>11956 PRODUTOS BIOLÓGICOS - 66. MODIFICAÇÃO NA EMBALAGEM PRIMÁRIA (POR EXEMPLO, NOVO REVESTIMENTO, TAMPA, TIPO DE VIDRO) - MODERADA 2838677/21-9</p><p>1.0171.0209.001-7 24 Meses</p><p>100 MG/ 4 ML SOL INJ CT FA VD INC X 4 ML</p><p>--------------------------------------------------------------------------------</p><p>PFIZER BRASIL LTDA. 61072393000133</p><p>VACINA COVID-19</p><p>COMIRNATY 25351.023179/2021-57 02/2024</p><p>11930 PRODUTOS BIOLÓGICOS - 41. ALTERAÇÃO DE INSTALAÇÃO DE FABRICAÇÃO DO PRODUTO TERMINADO - MAIOR 0516994/22-1</p><p>1.2110.0481.001-9 12 Meses</p><p>225 MCG SUS DIL INJ CT 195 FA VD INC X 0,45ML</p>]]></Texto>
  </body>
  <Midias />
</article></xml>