﻿<xml><article id="27746418" name="Retif- 501_1" idOficio="9057972" pubName="DO1" artType="Retificação" pubDate="30/08/2022" artClass="00015:00048:00000:00000:00000:00000:00000:00000:00000:00000:00066:00000" artCategory="Ministério da Economia/Instituto Nacional de Metrologia, Qualidade e Tecnologia" artSize="12" artNotes="" numberPage="89" pdfPage="http://pesquisa.in.gov.br/imprensa/jsp/visualiza/index.jsp?data=30/08/2022&amp;jornal=515&amp;pagina=89" editionNumber="165" highlightType="" highlightPriority="" highlight="" highlightimage="" highlightimagename="" idMateria="19840804">
  <body>
    <Identifica><![CDATA[ RETIFICAÇÃO]]></Identifica>
    <Data><![CDATA[]]></Data>
    <Ementa />
    <Titulo />
    <SubTitulo />
    <Texto><![CDATA[<p class="identifica">RETIFICAÇÃO</p><p>Na Portaria Inmetro nº 501, de 20 de dezembro de 2021, publicada no Diário Oficial da União de 28 de dezembro de 2022, páginas 50 a 53, seção 1:</p><p>1) Nos Art. 12 e 13 da Portaria,</p><p>Onde se lê:</p><p>"Art. 12. Os fabricantes e importadores de rodas automotivas terão até 12 (doze) meses, contados da data de vigência desta Portaria, para atualizarem o layout do Selo de Identificação da Conformidade, conforme previsto no Anexo II do Regulamento ora aprovado.</p><p>Art. 13. A publicação desta Portaria não implica na necessidade de que seja iniciado novo processo de certificação com base nos requisitos ora consolidados.</p><p>Parágrafo único. Os certificados já emitidos deverão ser revisados, para referência à Portaria ora publicada, na próxima etapa de avaliação" ;</p><p>Leia-se:</p><p>"Art. 12. Os fabricantes e importadores de rodas automotivas terão até 12 (doze) meses, contados da data de vigência desta Portaria, para adequarem processos de certificação de novas famílias de rodas a fim de atenderem às condições e o layout do Selo de Identificação da Conformidade, conforme Figura 1 do Anexo II desta Portaria.</p><p>Parágrafo único. As famílias de rodas já certificadas até a data de vigência desta Portaria poderão ostentar o Selo de Identificação da Conformidade em atendimento às condições e layout da Figura 2 do Anexo II desta Portaria.</p><p>Art. 13. A publicação desta Portaria não implica na necessidade de que seja iniciado novo processo de certificação com base nos requisitos ora consolidados.</p><p>§ 1º Os certificados já emitidos deverão ser revisados, para referência à Portaria ora publicada, na próxima etapa de avaliação.</p><p>§ 2º Os certificados emitidos com base na Portaria Inmetro nº 445, de 2010, deverão ter sua validade ajustada, nos termos do item 6.1.1.5.1 do RAC, estabelecido no Anexo I desta Portaria, tendo por referência a data de concessão."</p><p>2) No Anexo I - Requisitos de Avaliação da Conformidade para Rodas Automotivas da Portaria,</p><p>Onde se lê:</p><p>"6.1.1.4.2, tabela 5 - 14º ensaio</p><p>Fadiga sob carga radial (ou de compressão) / ABNT NBR 6752:2020/ 02 (duas) unidades/ 02 (duas) unidades/ 02 (duas) unidades";</p><p>Leia-se:</p><p>"6.1.1.4.2, tabela 5 - 14º ensaio</p><p>Fadiga sob carga radial (ou de compressão) / ABNT NBR 6752:2020/ 02 (duas) unidades (01 na furação mínima e 01 na furação máxima) / 02 (duas) unidades (01 na furação mínima e 01 na furação máxima) / 02 (duas) unidades (01 na furação mínima e 01 na furação máxima)".</p><p>3) No item 6.1.1.4.2,</p><p>Onde se lê:</p><p>"Pintura (corrosão)".</p><p>Leia-se:</p><p>"Acabamento superficial"</p><p>4) Na Nota 1 do item 6.1.1.4.2,</p><p>Onde se lê:</p><p>"Nota 1: Quando a roda possuir apenas 1 furação, a amostragem para o ensaio de Fadiga rotativa do disco (ou de deflexão) será de apenas 01 (uma) unidade para Momento Fletor 50% e 01 (uma) unidade para Momento Fletor 75% e para o ensaio de Resistência ao Impacto será de 01 (uma) unidade. Os demais ensaios permanecem com a amostragem original".</p><p>Leia-se:</p><p>"Nota 1: Quando a roda possuir apenas 1 furação, a amostragem para o ensaio de Fadiga rotativa do disco (ou de deflexão) será de apenas 01 (uma) unidade para Momento Fletor 50% e 01 (uma) unidade para Momento Fletor 75% e para o ensaio de Fadiga sob Carga Radial (ou de compressão) será de 01 (uma) unidade por ensaio. Os demais ensaios permanecem com a amostragem original."</p><p>5) No item 6.1.1.5.1,</p><p>Onde se lê:</p><p>"6.1.1.5.1 Os critérios para emissão do Certificado de Conformidade devem seguir os requisitos estabelecidos no RGCP. O Certificado de Conformidade deve ter validade de 4 (quatro) anos".</p><p>Leia-se:</p><p>"6.1.1.5.1 Os critérios para emissão do Certificado de Conformidade devem seguir os requisitos estabelecidos no RGCP. O Certificado de Conformidade deve ter validade de 5 (cinco) anos."</p><p>6) No item 6.1.3,</p><p>Onde se lê:</p><p>"6.1.3 Avaliação de Recertificação</p><p>Os critérios para avaliação de recertificação estão estabelecidos no RGCP. A avaliação de recertificação deve ser realizada a cada 4 (quatro) anos, devendo ser finalizada até a data de validade do Certificado de Conformidade";</p><p>Leia-se:</p><p>"6.1.3 Avaliação de Recertificação</p><p>Os critérios para avaliação de recertificação estão estabelecidos no RGCP. A avaliação de recertificação deve ser realizada a cada 5 (cinco) anos, devendo ser finalizada até a data de validade do Certificado de Conformidade."</p><p>7) No Anexo II - Selo de Identificação da Conformidade,</p><p>Onde se lê:</p><p>"O Selo de Identificação da Conformidade, conforme layout a seguir, deve ser gravado em alto ou baixo relevo, em regiões não cobertas pelo pneu.</p><p>A dimensão do símbolo "I" constante no Selo de Identificação da Conformidade deve ser de, no mínimo, 5mm.</p><img name="1_MECON_30_007" />]]></Texto>
  </body>
  <Midias>
    <Midia></Midia>
  </Midias>
</article></xml>