﻿<xml><article id="27736238" name="Portaria nA 2665" idOficio="9057609" pubName="DO1" artType="Portaria" pubDate="30/08/2022" artClass="00014:00039:00000:00000:00000:00000:00000:00000:00000:00000:00054:00002" artCategory="Ministério do Desenvolvimento Regional/Secretaria Nacional de Proteção e Defesa Civil" artSize="12" artNotes="" numberPage="71" pdfPage="http://pesquisa.in.gov.br/imprensa/jsp/visualiza/index.jsp?data=30/08/2022&amp;jornal=515&amp;pagina=71" editionNumber="165" highlightType="" highlightPriority="" highlight="" highlightimage="" highlightimagename="" idMateria="19840354">
  <body>
    <Identifica><![CDATA[ PORTARIA Nº 2.665, DE 26 DE AGOSTO DE 2022]]></Identifica>
    <Data><![CDATA[]]></Data>
    <Ementa />
    <Titulo />
    <SubTitulo />
    <Texto><![CDATA[<p class="identifica">PORTARIA Nº 2.665, DE 26 DE AGOSTO DE 2022</p><p>O SECRETÁRIO NACIONAL DE PROTEÇÃO E DEFESA CIVIL, no uso da competência que lhe foi delegada pela Portaria Ministerial nº 1.048, de 28 de maio de 2021, publicada no Diário Oficial da União, Seção 1, de 01 de junho de 2021, resolve:</p><p>Art. 1º Reconhecer a situação de emergência na área descrita no Formulário de Informações do Desastre - FIDE, conforme informações relacionadas abaixo.</p><p /><p></p><table><tr /><tr><td rowspan="1" colspan="1"><p><strong>UF</strong></p></td><td rowspan="1" colspan="1"><p>Município</p></td><td rowspan="1" colspan="1"><p>Desastre</p></td><td rowspan="1" colspan="1"><p>Decreto</p></td><td rowspan="1" colspan="1"><p>Data</p></td><td rowspan="1" colspan="1"><p>Processo</p></td></tr><tr><td rowspan="1" colspan="1"><p>BA</p></td><td rowspan="1" colspan="1"><p>Coribe</p></td><td rowspan="1" colspan="1"><p>Estiagem - 1.4.1.1.0</p></td><td rowspan="1" colspan="1"><p>119</p></td><td rowspan="1" colspan="1"><p>09/08/2022</p></td><td rowspan="1" colspan="1"><p>59051.017259/2022-51</p></td></tr><tr><td rowspan="1" colspan="1"><p>BA</p></td><td rowspan="1" colspan="1"><p>Marcionílio Souza</p></td><td rowspan="1" colspan="1"><p>Estiagem - 1.4.1.1.0</p></td><td rowspan="1" colspan="1"><p>059</p></td><td rowspan="1" colspan="1"><p>05/08/2022</p></td><td rowspan="1" colspan="1"><p>59051.017263/2022-19</p></td></tr><tr><td rowspan="1" colspan="1"><p>BA</p></td><td rowspan="1" colspan="1"><p>Paratinga</p></td><td rowspan="1" colspan="1"><p>Estiagem - 1.4.1.1.0</p></td><td rowspan="1" colspan="1"><p>105</p></td><td rowspan="1" colspan="1"><p>22/07/2022</p></td><td rowspan="1" colspan="1"><p>59051.017262/2022-74</p></td></tr><tr><td rowspan="1" colspan="1"><p>CE</p></td><td rowspan="1" colspan="1"><p>Independência</p></td><td rowspan="1" colspan="1"><p>Estiagem - 1.4.1.1.0</p></td><td rowspan="1" colspan="1"><p>028</p></td><td rowspan="1" colspan="1"><p>01/08/2022</p></td><td rowspan="1" colspan="1"><p>59051.017237/2022-91</p></td></tr><tr><td rowspan="1" colspan="1"><p>PR</p></td><td rowspan="1" colspan="1"><p>Guaratuba</p></td><td rowspan="1" colspan="1"><p>Vendaval - 1.3.2.1.5</p></td><td rowspan="1" colspan="1"><p>24.254</p></td><td rowspan="1" colspan="1"><p>19/08/2022</p></td><td rowspan="1" colspan="1"><p>59051.017247/2022-26</p></td></tr></table><p>Art. 2º Esta portaria entra em vigor na data de sua publicação.</p><p class="assina">ALEXANDRE LUCAS ALVES</p>]]></Texto>
  </body>
  <Midias />
</article></xml>