﻿<xml><article id="27735343" name="resolucao_2842_2022 COAFE" idOficio="9057379" pubName="DO1" artType="Resolução" pubDate="30/08/2022" artClass="00026:00034:00016:00006:00002:00000:00000:00000:00000:00000:00064:32842" artCategory="Ministério da Saúde/Agência Nacional de Vigilância Sanitária/4ª Diretoria/Gerência-Geral de Inspeção e Fiscalização Sanitária/Coordenação de Autorização de Funcionamento de Empresas" artSize="12" artNotes="" numberPage="278" pdfPage="http://pesquisa.in.gov.br/imprensa/jsp/visualiza/index.jsp?data=30/08/2022&amp;jornal=515&amp;pagina=278" editionNumber="165" highlightType="" highlightPriority="" highlight="" highlightimage="" highlightimagename="" idMateria="19840075">
  <body>
    <Identifica><![CDATA[ RESOLUÇÃO-RE Nº 2.842, DE 26 DE AGOSTO DE 2022]]></Identifica>
    <Data><![CDATA[]]></Data>
    <Ementa />
    <Titulo />
    <SubTitulo />
    <Texto><![CDATA[<p class="identifica">RESOLUÇÃO-RE Nº 2.842, DE 26 DE AGOSTO DE 2022</p><p>O Coordenador de Autorização de Funcionamento de Empresas, no uso das atribuições que lhe confere o art. 144, aliado ao art. 203, I, §1° do Regimento Interno aprovado pela Resolução de Diretoria Colegiada - RDC n° 585, de 10 de dezembro de 2021, resolve:</p><p>Art. 1º. Indeferir o Pedido de Alteração de Autorização Especial para Empresas de Medicamentos e de Insumos Farmacêuticos, constantes no anexo desta Resolução.</p><p>Art. 2º Esta Resolução entra em vigor na data de sua publicação.</p><p class="assina">DANIEL MARCOS PEREIRA DOURADO</p><p class="anexo">ANEXO</p><p>ELENY PEREIRA CARNEIRO ME / 10.984.695/0001-47</p><p>25351.187931/2013-75 / 1398688</p><p>70808 - AE - ALTERAÇÃO - AMPLIAÇÃO DE ATIVIDADE / 4419643226</p><p>MOTIVO DO INDEFERIMENTO:</p><p>Não cumprimento da exigência formulada sob o número de notificação 4580305/22-6, contrariando os artigos 6º e 11 da RDC nº 204/2005. Não há previsão de ampliação de atividades para AE de farmácia de manipulação, conforme RDC nº 275/2019. Adicionalmente, a empresa não encaminhou as declarações assinadas do Anexo I e II da RDC nº 275/2019, contrariando o Art. 11 da RDC nº 275/2019.</p><p>--------------------------------------</p><p>DROGARIA SULMAR LTDA - ME / 21.828.958/0001-45</p><p>25351.527068/2015-77 / 7412940</p><p>70804 - AE - ALTERAÇÃO - ENDEREÇO / 4506128222</p><p>MOTIVO DO INDEFERIMENTO:</p><p>Não apresentação da declaração assinada do Anexo I da RDC nº 275/2019, contrariando o art. 11 da RDC nº 275/2019 e art. 3° da RDC n° 25/2011.</p>]]></Texto>
  </body>
  <Midias />
</article></xml>