﻿<xml><article id="27747501" name="Atos_25082022" idOficio="9059691" pubName="DO1" artType="Ato" pubDate="30/08/2022" artClass="00012:00014:00014:00157:00000:00000:00000:00000:00000:00000:00006:00000" artCategory="Ministério das Comunicações/Agência Nacional de Telecomunicações/Superintendência de Fiscalização/Gerência Regional no Estado do Rio Grande do Sul" artSize="12" artNotes="" numberPage="25" pdfPage="http://pesquisa.in.gov.br/imprensa/jsp/visualiza/index.jsp?data=30/08/2022&amp;jornal=515&amp;pagina=25" editionNumber="165" highlightType="" highlightPriority="" highlight="" highlightimage="" highlightimagename="" idMateria="19843338">
  <body>
    <Identifica><![CDATA[ ATO Nº 11.821, DE 18 DE AGOSTO DE 2022]]></Identifica>
    <Data><![CDATA[]]></Data>
    <Ementa />
    <Titulo />
    <SubTitulo />
    <Texto><![CDATA[<p class="identifica">ATO Nº 11.821, DE 18 DE AGOSTO DE 2022</p><p>Processo nº 53528.002646/2022-62. Expede autorização a Crisdu Moda Íntima Ltda, CNPJ nº 07.318.638/0001-14, para explorar o Serviço de Interesse Restrito, por prazo indeterminado, sem caráter de exclusividade, em âmbito nacional e internacional e tendo como área de prestação de serviço todo o território nacional.</p><p class="assina">Marcio da Rosa Silveira</p><p class="cargo">Gerente</p><p class="identifica">ATOS DE 22 DE AGOSTO DE 2022</p><p>Expede autorização para explorar o Serviço de Interesse Restrito, por prazo indeterminado, sem caráter de exclusividade, em âmbito nacional e internacional e tendo como área de prestação de serviço todo o território nacional a:</p><p>Nº 11.988 - Processo nº 53528.002681/2022-81, Roberto Pastorini Trombini, CPF nº ***.533.040-**.</p><p>Nº 11.990 - Processo nº 53528.002689/2022-48, Elisandra Lemos de Oliveira, CPF nº ***.493.560-**.</p><p class="assina">Marcio da Rosa Silveira</p><p class="cargo">Gerente</p><p class="identifica">ATO Nº 12.174, DE 26 DE AGOSTO DE 2022</p><p>Processo nº 53528.002752/2022-46. Expede autorização a Igor Oliveira Bezerra Vieira, CPF nº ***.033.190-**, para explorar o Serviço de Interesse Restrito, por prazo indeterminado, sem caráter de exclusividade, em âmbito nacional e internacional e tendo como área de prestação de serviço todo o território nacional.</p><p class="assina">Marcio da Rosa Silveira</p><p class="cargo">Gerente</p>]]></Texto>
  </body>
  <Midias />
</article></xml>