﻿<xml><article id="27747612" name="publicaAAo de ato - Marcio Gonca" idOficio="9059708" pubName="DO1" artType="Ato" pubDate="30/08/2022" artClass="00012:00014:00014:00159:00007:00000:00000:00000:00000:00000:00006:00001" artCategory="Ministério das Comunicações/Agência Nacional de Telecomunicações/Superintendência de Fiscalização/Gerência Regional nos Estados do Ceará, Rio Grande do Norte e Piauí/Coordenação de Processo de Outorga e Recursos à Prestação" artSize="12" artNotes="" numberPage="25" pdfPage="http://pesquisa.in.gov.br/imprensa/jsp/visualiza/index.jsp?data=30/08/2022&amp;jornal=515&amp;pagina=25" editionNumber="165" highlightType="" highlightPriority="" highlight="" highlightimage="" highlightimagename="" idMateria="19843358">
  <body>
    <Identifica><![CDATA[ ATO Nº 12.107, DE 25 DE AGOSTO DE 2022]]></Identifica>
    <Data><![CDATA[]]></Data>
    <Ementa />
    <Titulo />
    <SubTitulo />
    <Texto><![CDATA[<p class="identifica">ATO Nº 12.107, DE 25 DE AGOSTO DE 2022</p><p>Expedir autorização à Marcio Goncalves da Silva, CPF/CNPJ nº ***.658.623-**, para explorar Serviços de Telecomunicações de Interesse Restrito, por prazo indeterminado, sem caráter de exclusividade, e tendo como área de prestação de serviço todo o território nacional.</p><p class="assina">Wanderson Moreira Brito</p><p class="cargo">Gerente Substituto(a)</p>]]></Texto>
  </body>
  <Midias />
</article></xml>