﻿<xml><article id="27744073" name="Portaria 767" idOficio="9059089" pubName="DO1" artType="Portaria" pubDate="30/08/2022" artClass="00027:00052:00013:00000:00000:00000:00000:00000:00000:00000:00054:00005" artCategory="Ministério do Trabalho e Previdência/Superintendência Nacional de Previdência Complementar/Diretoria de Licenciamento" artSize="12" artNotes="" numberPage="285" pdfPage="http://pesquisa.in.gov.br/imprensa/jsp/visualiza/index.jsp?data=30/08/2022&amp;jornal=515&amp;pagina=285" editionNumber="165" highlightType="" highlightPriority="" highlight="" highlightimage="" highlightimagename="" idMateria="19842423">
  <body>
    <Identifica><![CDATA[ Portaria Previc Nº 767, DE 18 DE agosto DE 2022]]></Identifica>
    <Data><![CDATA[]]></Data>
    <Ementa />
    <Titulo />
    <SubTitulo />
    <Texto><![CDATA[<p class="identifica">Portaria Previc Nº 767, DE 18 DE agosto DE 2022</p><p>O DIRETOR DE LICENCIAMENTO, no uso das atribuições que lhe confere confere a alínea "c" do inciso I do art. 64 da Portaria nº 529, de 8 de dezembro de 2017 (Regimento Interno da Superintendência Nacional de Previdência Complementar - Previc), e considerando as manifestações técnicas exaradas no Processo nº 44011.003130/2022-64, resolve:</p><p>Art. 1º Aprovar o convênio de adesão celebrado entre a APROMAT - Associação dos Procuradores do Estado de Mato Grosso, CNPJ nº 01.978.311/0001-92, na condição de instituidora do Plano de Benefícios Previdenciários JURIS - PLANJUS, CNPB nº 2007.0035-38, e a JUSPREV - Fundo de Pensão Multinstituído por Associações do Ministério Público e da Justiça, CNPJ nº 09.350.840/0001-59, na condição de entidade fechada de previdência complementar responsável pela administração do referido plano.</p><p class="assina">JOSÉ REYNALDO DE ALMEIDA FURLANI</p>]]></Texto>
  </body>
  <Midias />
</article></xml>