﻿<xml><article id="27746622" name="Portaria 786" idOficio="9059511" pubName="DO1" artType="Portaria" pubDate="30/08/2022" artClass="00027:00052:00013:00000:00000:00000:00000:00000:00000:00000:00054:00011" artCategory="Ministério do Trabalho e Previdência/Superintendência Nacional de Previdência Complementar/Diretoria de Licenciamento" artSize="12" artNotes="" numberPage="285" pdfPage="http://pesquisa.in.gov.br/imprensa/jsp/visualiza/index.jsp?data=30/08/2022&amp;jornal=515&amp;pagina=285" editionNumber="165" highlightType="" highlightPriority="" highlight="" highlightimage="" highlightimagename="" idMateria="19843072">
  <body>
    <Identifica><![CDATA[ Portaria Previc Nº 786, DE 23 DE agosto DE 2022]]></Identifica>
    <Data><![CDATA[]]></Data>
    <Ementa />
    <Titulo />
    <SubTitulo />
    <Texto><![CDATA[<p class="identifica">Portaria Previc Nº 786, DE 23 DE agosto DE 2022</p><p>O DIRETOR DE LICENCIAMENTO, no uso das atribuições que lhe confere confere a alínea "c" do inciso I do art. 64 da Portaria nº 529, de 8 de dezembro de 2017 (Regimento Interno da Superintendência Nacional de Previdência Complementar - Previc), tendo em conta o disposto no art. 18 da Resolução nº 09, de 30 de março de 2022, e considerando as manifestações técnicas exaradas no Processo nº 44011.002729/2022-81, resolve:</p><p>Art. 1º Aprovar, com vigência a partir da data de emissão do protocolo pelo sistema informatizado da Previc, ocorrida em 13 de maio de 2022 (licenciamento automático), o 1º termo aditivo ao convênio de adesão celebrado entre a empresa a Arxada do Brasil Especialidade Químicas Ltda., CNPJ nº 03.988.220/0001-63, na condição de patrocinadora do Plano de Benefícios Arxada, CNPB nº 2020.0009-38, e o MultiBRA Fundo de Pensão, CNPJ nº 30.459.788/0001-60, na condição de entidade fechada de previdência complementar responsável pela administração do referido plano.</p><p class="assina">JOSÉ REYNALDO DE ALMEIDA FURLANI</p>]]></Texto>
  </body>
  <Midias />
</article></xml>