﻿<xml><article id="27736721" name="resolucao_2796_2022 CPROD GGFIS_" idOficio="9057694" pubName="DO1" artType="Resolução" pubDate="30/08/2022" artClass="00026:00034:00016:00006:00000:00000:00000:00000:00000:00000:00064:32796" artCategory="Ministério da Saúde/Agência Nacional de Vigilância Sanitária/4ª Diretoria/Gerência-Geral de Inspeção e Fiscalização Sanitária" artSize="12" artNotes="" numberPage="274" pdfPage="http://pesquisa.in.gov.br/imprensa/jsp/visualiza/index.jsp?data=30/08/2022&amp;jornal=515&amp;pagina=274" editionNumber="165" highlightType="" highlightPriority="" highlight="" highlightimage="" highlightimagename="" idMateria="19840487">
  <body>
    <Identifica><![CDATA[ RESOLUÇÃO-RE Nº 2.796, DE 25 DE AGOSTO DE 2022]]></Identifica>
    <Data><![CDATA[]]></Data>
    <Ementa />
    <Titulo />
    <SubTitulo />
    <Texto><![CDATA[<p class="identifica">RESOLUÇÃO-RE Nº 2.796, DE 25 DE AGOSTO DE 2022</p><p>A Gerente-Geral substituta de Inspeção e Fiscalização Sanitária, no uso das atribuições que lhe confere o art. 140, aliado ao art. 203, I, § 1º do Regimento Interno aprovado pela Resolução de Diretoria Colegiada - RDC nº 585, de 10 de dezembro de 2021; e</p><p>considerando o descumprimento dos requisitos de Boas Práticas de Fabricação, ou o descumprimento dos procedimentos de petições submetidas à análise, preconizados em legislação vigente, resolve:</p><p>Art. 1º Indeferir o Pedido de Certificação de Boas Práticas de Fabricação de Produtos para Saúde das empresas constantes no anexo.</p><p>Art. 2º Esta Resolução entra em vigor na data de sua publicação.</p><p class="assina">ALESSANDRA PAIXÃO DIAS</p><p class="anexo">ANEXO</p><p>Empresa: Laboratório Termofrio Importação e Exportação Ltda - EPP CNPJ: 00.820.526/0001-18</p><p>Endereço: AV. Professor Luis Augusto de Oliveira, Nº 201, 1º andar - Vila Mariana, São Carlos/SP CEP: 13566-340</p><p>Autorização de Funcionamento: 8047854 Expediente: 0258383/22-4</p><p>Certificado de Boas Práticas de Fabricação de Produtos para Saúde.</p><p>Materiais de uso médico da classe IV.</p><p>Motivo: Em atendimento ao Inciso I do §1º do Art. 4º da RDC nº 497/2021.</p>]]></Texto>
  </body>
  <Midias />
</article></xml>