﻿<xml><article id="27751121" name="2022-08-29/9060493/ANMWS_1984469" idOficio="9060493" pubName="DO1" artType="Despacho" pubDate="30/08/2022" artClass="00023:00030:00034:00000:00000:00000:00000:00000:00000:00000:00024:00313" artCategory="Ministério de Minas e Energia/Agência Nacional de Mineração/Gerência Regional da ANM no Estado do Pará" artSize="12" artNotes="" numberPage="227" pdfPage="http://pesquisa.in.gov.br/imprensa/jsp/visualiza/index.jsp?data=30/08/2022&amp;jornal=515&amp;pagina=227" editionNumber="165" highlightType="" highlightPriority="" highlight="" highlightimage="" highlightimagename="" idMateria="19844698">
  <body>
    <Identifica><![CDATA[Despacho]]></Identifica>
    <Data><![CDATA[]]></Data>
    <Ementa />
    <Titulo />
    <SubTitulo />
    <Texto><![CDATA[<p class="identifica">Despacho</p><p>Relação nº 313/2022</p><p>Fase de Autorização de Pesquisa</p><p>Prorroga por 03 (três) anos o prazo de validade da autorização de pesquisa(326)</p><p>850.986/2011-VALE S.A.-ALVARÁ N°14135/2015</p><p>850.053/2014-AVB MINERACAO LTDA.-ALVARÁ N°1425/2015</p><p>850.092/2017-BRAZAURO RECURSOS MINERAIS S.A.-ALVARÁ N°4405/2017</p><p>850.094/2017-BRAZAURO RECURSOS MINERAIS S.A.-ALVARÁ N°4407/2017</p><p>850.105/2017-BRAZAURO RECURSOS MINERAIS S.A.-ALVARÁ N°4414/2017</p><p class="assina">FÁBIO GUILHERME LOUZADA MARTINELLI</p><p class="cargo">Gerente</p>]]></Texto>
  </body>
  <Midias />
</article></xml>