﻿<xml><article id="27751763" name="Portaria PR 63-22 e anexo" idOficio="9060657" pubName="DO1" artType="Portaria" pubDate="30/08/2022" artClass="00015:00049:00000:00000:00000:00000:00000:00000:00000:00000:00054:00009" artCategory="Ministério da Economia/Instituto Nacional da Propriedade Industrial" artSize="24" artNotes="" numberPage="95" pdfPage="http://pesquisa.in.gov.br/imprensa/jsp/visualiza/index.jsp?data=30/08/2022&amp;jornal=515&amp;pagina=95" editionNumber="165" highlightType="" highlightPriority="" highlight="" highlightimage="" highlightimagename="" idMateria="19844932">
  <body>
    <Identifica><![CDATA[ PORTARIA/INPI /PR Nº 63, DE 19 DE AGOSTO DE 2022]]></Identifica>
    <Data><![CDATA[]]></Data>
    <Ementa />
    <Titulo />
    <SubTitulo />
    <Texto><![CDATA[<p class="identifica">PORTARIA/INPI /PR Nº 63, DE 19 DE AGOSTO DE 2022</p><p>O PRESIDENTE DO INSTITUTO NACIONAL DA PROPRIEDADE INDUSTRIAL - INPI, no uso das atribuições que lhe conferem o Regimento Interno, aprovado pela Portaria do Ministério da Indústria, Comércio Exterior e Serviços - MDIC nº 11, de 27 de janeiro de 2017, e tendo em vista o disposto no art. 8º do Decreto nº 10.139, de 28 de novembro de 2019, assim como o constante nos autos do Processo nº 52402.005699/2022-99, resolve:</p><p>Art. 1º Fica declarada a revogação dos atos normativos constantes do Anexo I.</p><p>Art. 2º Ficam declarados exauridos os atos constantes do Anexo II.</p><p>Art. 3º Esta Portaria entra em vigor em 1º de setembro de 2022.</p><p class="assina">CLAUDIO VILAR FURTADO</p><p>ANEXO I</p><p>ATOS NORMATIVOS REVOGADOS</p><p /><p></p><table><tr /><tr><td rowspan="1" colspan="1"><p>Ato Normativo</p></td><td rowspan="1" colspan="1"><p>Ementa</p></td><td rowspan="1" colspan="1"><p>Observações</p></td></tr><tr><td rowspan="1" colspan="1"><p>Resolução PR nº 47/2013, de 18/03/2013</p></td><td rowspan="1" colspan="1"><p>Dispõe sobre o horário de funcionamento para o público, do Serviço de Protocolo e Expedição - SEPEX</p></td><td rowspan="1" colspan="1"><p>Revogado tacitamente. Perda da eficácia.</p></td></tr><tr><td rowspan="1" colspan="1"><p>Resolução PR nº 48/2013, de 18/03/2013</p></td><td rowspan="1" colspan="1"><p>Define e disciplina o processo de aquisição de bens e contratação de serviços; especifica as competências e fixa novos prazos para as unidades e dá obrigatoriedade ao cadastramento dos instrumentos de ajuste firmados pelo INPI</p></td><td rowspan="1" colspan="1"><p>Revogado tacitamente. Perda da eficácia.</p></td></tr><tr><td rowspan="1" colspan="1"><p>Resolução PR nº 49/2013, de 18/03/2013</p></td><td rowspan="1" colspan="1"><p>Define os procedimentos destinados a dar efetiva competência às diversas unidades operacionais do Instituto, em especial quanto à aprovação dos editais para a aquisição de bens e contratação de serviços, bem como seus consequentes contratos e regulamenta as respectivas disposições da Resolução INPI 48/2013</p></td><td rowspan="1" colspan="1"><p>Revogado tacitamente. Perda da eficácia.</p></td></tr><tr><td rowspan="1" colspan="1"><p>Resolução PR nº 51/2013, de 18/03/2013</p></td><td rowspan="1" colspan="1"><p>Disciplina a utilização e o respectivo controle de viaturas disponibilizadas para serviço no âmbito do INPI, quer em sua sede, quer nas Divisões Regionais</p></td><td rowspan="1" colspan="1"><p>Revogado tacitamente. Perda da eficácia.</p></td></tr><tr><td rowspan="1" colspan="1"><p>Resolução PR nº 52/2013, de 18/03/2013</p></td><td rowspan="1" colspan="1"><p>Institui no INPI os procedimentos relativos ao planejamento das aquisições de bens e serviços, em atenção às necessidades e às ações constantes no Planejamento Estratégico do Instituto</p></td><td rowspan="1" colspan="1"><p>Revogado tacitamente. Perda da eficácia.</p></td></tr><tr><td rowspan="1" colspan="1"><p>Resolução PR nº 96/2013, de 18/03/2013</p></td><td rowspan="1" colspan="1"><p>Dispõe sobre o acesso, credenciamento, controle, uso de vagas e horário de funcionamento da garagem do Edifício São Bento Corporate</p></td><td rowspan="1" colspan="1"><p>Revogado tacitamente. Perda da eficácia.</p></td></tr><tr><td rowspan="1" colspan="1"><p>Resolução PR nº 98/2013, de 18/03/2013</p></td><td rowspan="1" colspan="1"><p>Dispõe sobre o código de classificação de documentos de arquivo para o INPI</p></td><td rowspan="1" colspan="1"><p>Revogado tacitamente. Perda da eficácia.</p></td></tr><tr><td rowspan="1" colspan="1"><p>Resolução PR nº 115/2013, de 25/10/2013</p></td><td rowspan="1" colspan="1"><p>Disciplina o controle de acesso às instalações do Edifício A Noite, institui e aprova o manual de vigilância do INPI</p></td><td rowspan="1" colspan="1"><p>Revogado tacitamente. Perda da eficácia.</p></td></tr><tr><td rowspan="1" colspan="1"><p>Resolução PR nº 213/2018, de 20/04/2018</p></td><td rowspan="1" colspan="1"><p>Disciplina os procedimentos de controle de acesso, circulação e permanência de pessoas no Edifício A Noite</p></td><td rowspan="1" colspan="1"><p>Revogado tacitamente. Perda da eficácia.</p></td></tr><tr><td rowspan="1" colspan="1"><p>Norma de Execução DIRAD nº 01/2013, de 18/03/2013</p></td><td rowspan="1" colspan="1"><p>Regulamentar o controle de acesso de pessoas ao INPI, abrangendo a identificação, o registro de entrada e saída e o uso de instrumento de identificação</p></td><td rowspan="1" colspan="1"><p>Revogado tacitamente. Perda da eficácia.</p></td></tr><tr><td rowspan="1" colspan="1"><p>Norma de Execução DIRAD nº 02/2013, de 18/03/2013</p></td><td rowspan="1" colspan="1"><p>Institui no INPI os procedimentos básicos e a lista de verificação de conformidade relativos a instrução de processos de aquisição de bens e serviços comuns, regidos pela Lei 10520/2002 e IN nº 02/2008 e dá outras providências</p></td><td rowspan="1" colspan="1"><p>Revogado tacitamente. Perda da eficácia.</p></td></tr><tr><td rowspan="1" colspan="1"><p>Norma de Execução DIRAD nº 03/2013, de 18/03/2013</p></td><td rowspan="1" colspan="1"><p>Institui no INPI os procedimentos básicos e a lista de verificação de conformidade relativos a instrução de processos de aquisição de bens e serviços, por dispensa e/ou inexigibilidade de licitação, além de outras providências</p></td><td rowspan="1" colspan="1"><p>Revogado tacitamente. Perda da eficácia.</p></td></tr></table><p>ANEXO II - ATOS NORMATIVOS EXAURIDOS</p><p /><p></p><table><tr /><tr><td rowspan="1" colspan="1"><p>Ato Normativo</p></td><td rowspan="1" colspan="1"><p>Ementa</p></td><td rowspan="1" colspan="1"><p>Observações</p></td></tr><tr><td rowspan="1" colspan="1"><p>PORTARIA /INPI / Nº 119, DE 16 DE MARÇO DE 2020</p></td><td rowspan="1" colspan="1"><p>Institui, em caráter excepcional, medidas administrativas de prevenção à infecção e à propagação do COVID-19 no âmbito do Instituto Nacional da Propriedade Industrial - INPI.</p></td><td rowspan="1" colspan="1"><p>Efeitos exauridos no tempo.</p></td></tr><tr><td rowspan="1" colspan="1"><p>PORTARIA /INPI / Nº 120, DE 16 DE MARÇO DE 2020</p></td><td rowspan="1" colspan="1"><p>Define a suspensão de prazos em razão de medidas administrativas de prevenção à infecção e à propagação do COVID-19 no âmbito do Instituto Nacional da Propriedade Industrial - INPI.</p></td><td rowspan="1" colspan="1"><p>Efeitos exauridos no tempo.</p></td></tr><tr><td rowspan="1" colspan="1"><p>PORTARIA /INPI / Nº 161, DE 16 DE MARÇO DE 2020</p></td><td rowspan="1" colspan="1"><p>Define a prorrogação dos prazos de que trata a PORTARIA /INPI / Nº 119 e a PORTARIA /INPI / Nº 120, ambas de 16 de março de 2020, e PORTARIA /INPI / Nº 161, de 13 de abril de 2020 que tratam do trabalho temporário em regime de teletrabalho e da suspensão de prazos em razão de medidas administrativas de prevenção à infecção e à propagação do COVID-19 no âmbito do Instituto Nacional da Propriedade Industrial - INPI.</p></td><td rowspan="1" colspan="1"><p>Efeitos exauridos no tempo.</p></td></tr><tr><td rowspan="1" colspan="1"><p>PORTARIA /INPI / Nº 166, DE 27 DE ABRIL DE 2020</p></td><td rowspan="1" colspan="1"><p>Define a prorrogação dos prazos de que trata a PORTARIA /INPI / Nº 119 e a PORTARIA /INPI / Nº 120, ambas de 16 de março de 2020, e PORTARIA /INPI / Nº 161, de 13 de abril de 2020 que tratam do trabalho temporário em regime de teletrabalho e da suspensão de prazos em razão de medidas administrativas de prevenção à infecção e à propagação do COVID-19 no âmbito do Instituto Nacional da Propriedade Industrial - INPI.</p></td><td rowspan="1" colspan="1"><p>Efeitos exauridos no tempo.</p></td></tr><tr><td rowspan="1" colspan="1"><p>PORTARIA /INPI / Nº 178, DE 11 DE MAIO DE 2020</p></td><td rowspan="1" colspan="1"><p>Define a prorrogação dos prazos de que trata a PORTARIA /INPI / Nº 119 e a PORTARIA /INPI / Nº 120, ambas de 16 de março de 2020, e PORTARIA /INPI / Nº 161, de 13 de abril de 2020 que tratam do trabalho temporário em regime de teletrabalho e da suspensão de prazos em razão de medidas administrativas de prevenção à infecção e à propagação do COVID-19 no âmbito do Instituto Nacional da Propriedade Industrial - INPI.</p></td><td rowspan="1" colspan="1"><p>Efeitos exauridos no tempo.</p></td></tr><tr><td rowspan="1" colspan="1"><p>PORTARIA /INPI / Nº 230, DE 25 DE MAIO DE 2020</p></td><td rowspan="1" colspan="1"><p>Define a prorrogação dos prazos de que tratam a PORTARIA /INPI/Nº 119, de 16 de março de 2020; PORTARIA /INPI/Nº 161, de 13 de abril de 2020; PORTARIA /INPI/Nº 166, de 27 de abril de 2020 e PORTARIA/INPI/Nº 178, de 11 de maio de 2020 que tratam do trabalho temporário em regime de teletrabalho em razão de medidas administrativas de prevenção à infecção e à propagação do COVID-19 no âmbito do Instituto Nacional da Propriedade Industrial - INPI</p></td><td rowspan="1" colspan="1"><p>Efeitos exauridos no tempo.</p></td></tr><tr><td rowspan="1" colspan="1"><p>PORTARIA /INPI / Nº 243, DE 15 DE JUNHO DE 2020</p></td><td rowspan="1" colspan="1"><p>Define a prorrogação dos prazos de que tratam a PORTARIA /INPI/Nº 119, de 16 de março de 2020; PORTARIA /INPI/Nº 161, de 13 de abril de 2020; PORTARIA /INPI/Nº 166, de 27 de abril de 2020; PORTARIA/INPI/Nº 178, de 11 de maio de 2020 e PORTARIA/INPI/Nº 230, de 25 de maio de 2020que tratam do trabalho temporário em regime de teletrabalho em razão de medidas administrativas de prevenção à infecção e à propagação do COVID-19 no âmbito do Instituto Nacional da Propriedade Industrial - INPI.</p></td><td rowspan="1" colspan="1"><p>Efeitos exauridos no tempo.</p></td></tr><tr><td rowspan="1" colspan="1"><p>PORTARIA /INPI / Nº 255, DE 29 DE JUNHO DE 2020</p></td><td rowspan="1" colspan="1"><p>Prorroga o prazo de vigência da Portaria INPI nº 119, de 16 de março de 2020, que trata do trabalho temporário em regime de teletrabalho, assim como declara o período em que vigorou a suspensão dos prazos para o público externo, por força das medidas administrativas de prevenção à infecção e propagação da COVID-19, no âmbito do Instituto Nacional da Propriedade Industrial - INPI.</p></td><td rowspan="1" colspan="1"><p>Efeitos exauridos no tempo.</p></td></tr><tr><td rowspan="1" colspan="1"><p>PORTARIA /INPI / Nº 290, DE 31 DE JULHO DE 2020</p></td><td rowspan="1" colspan="1"><p>Prorroga o prazo de vigência da Portaria INPI nº 119, de 16 de março de 2020, que trata do trabalho temporário em regime de teletrabalho, assim como declara o período em que vigorou a suspensão dos prazos para o público externo, por força das medidas administrativas de prevenção à infecção e propagação da COVID-19, no âmbito do Instituto Nacional da Propriedade Industrial - INPI</p></td><td rowspan="1" colspan="1"><p>Efeitos exauridos no tempo.</p></td></tr><tr><td rowspan="1" colspan="1"><p>PORTARIA /INPI / Nº 322, DE 04 DE SETEMBRO DE 2020</p></td><td rowspan="1" colspan="1"><p>Prorroga o prazo de vigência da Portaria INPI nº 119, de 16 de março de 2020, que trata do trabalho temporário em regime de teletrabalho, por força das medidas administrativas de prevenção à infecção e propagação da COVID-19, no âmbito do Instituto Nacional da Propriedade Industrial - INPI.</p></td><td rowspan="1" colspan="1"><p>Efeitos exauridos no tempo.</p></td></tr><tr><td rowspan="1" colspan="1"><p>PORTARIA /INPI / Nº 336, DE 25 DE SETEMBRO DE 2020</p></td><td rowspan="1" colspan="1"><p>Prorroga o prazo de vigência da Portaria INPI nº 119, de 16 de março de 2020, que trata do trabalho temporário em regime de teletrabalho, por força das medidas administrativas de prevenção à infecção e propagação da COVID-19, no âmbito do Instituto Nacional da Propriedade Industrial - INPI.</p></td><td rowspan="1" colspan="1"><p>Efeitos exauridos no tempo.</p></td></tr><tr><td rowspan="1" colspan="1"><p>PORTARIA /INPI / Nº 352, DE 26 DE OUTUBRO DE 2020</p></td><td rowspan="1" colspan="1"><p>Prorroga o prazo de vigência da Portaria INPI nº 119, de 16 de março de 2020, que trata do trabalho temporário em regime de teletrabalho, por força das medidas administrativas de prevenção à infecção e propagação da COVID-19, no âmbito do Instituto Nacional da Propriedade Industrial - INPI.</p></td><td rowspan="1" colspan="1"><p>Efeitos exauridos no tempo.</p></td></tr><tr><td rowspan="1" colspan="1"><p>PORTARIA /INPI / Nº 01, DE 07 DE JANEIRO DE 2021</p></td><td rowspan="1" colspan="1"><p>Prorroga o prazo de vigência da Portaria INPI nº 119, de 16 de março de 2020, que trata do trabalho temporário em regime de teletrabalho, por força das medidas administrativas de prevenção à infecção e propagação da COVID-19, no âmbito do Instituto Nacional da Propriedade Industrial - INPI.</p></td><td rowspan="1" colspan="1"><p>Efeitos exauridos no tempo.</p></td></tr><tr><td rowspan="1" colspan="1"><p>PORTARIA /INPI / Nº 20, DE 26 DE FEVEREIRO DE 2021</p></td><td rowspan="1" colspan="1"><p>Prorroga o prazo de vigência da Portaria INPI nº 119, de 16 de março de 2020, que trata do trabalho temporário em regime de teletrabalho, por força das medidas administrativas de prevenção à infecção e propagação da COVID-19, no âmbito do Instituto Nacional da Propriedade Industrial - INPI.</p></td><td rowspan="1" colspan="1"><p>Efeitos exauridos no tempo.</p></td></tr><tr><td rowspan="1" colspan="1"><p>PORTARIA /INPI / Nº 26, DE 26 DE ABRIL DE 2021</p></td><td rowspan="1" colspan="1"><p>Prorroga o prazo de vigência da Portaria INPI nº 119, de 16 de março de 2020, que trata do trabalho temporário em regime de teletrabalho, por força das medidas administrativas de prevenção à infecção e propagação da COVID-19, no âmbito do Instituto Nacional da Propriedade Industrial - INPI.</p></td><td rowspan="1" colspan="1"><p>Efeitos exauridos no tempo.</p></td></tr><tr><td rowspan="1" colspan="1"><p>PORTARIA /INPI / Nº 34, DE 28 DE JUNHO DE 2021</p></td><td rowspan="1" colspan="1"><p>Prorroga o prazo de vigência da Portaria INPI nº 119, de 16 de março de 2020, que trata do trabalho temporário em regime de teletrabalho, por força das medidas administrativas de prevenção à infecção e propagação da COVID-19, no âmbito do Instituto Nacional da Propriedade Industrial - INPI.</p></td><td rowspan="1" colspan="1"><p>Efeitos exauridos no tempo.</p></td></tr><tr><td rowspan="1" colspan="1"><p>PORTARIA /INPI / Nº38, DE 10 DE AGOSTO DE 2021</p></td><td rowspan="1" colspan="1"><p>Prorroga o prazo de vigência da Portaria INPI nº 119, de 16 de março de 2020, que trata do trabalho temporário em regime de teletrabalho, por força das medidas administrativas de prevenção à infecção e propagação da COVID-19, no âmbito do Instituto Nacional da Propriedade Industrial - INPI.</p></td><td rowspan="1" colspan="1"><p>Efeitos exauridos no tempo.</p></td></tr><tr><td rowspan="1" colspan="1"><p>PORTARIA /INPI / Nº 40, DE 20 DE SETEMBRO DE 2021</p></td><td rowspan="1" colspan="1"><p>Estabelece novos procedimentos em relação ao trabalho temporário em regime de teletrabalho, observadas as diretrizes da Instrução Normativa 109, de 29 de outubro de 2020, e da Instrução Normativa SGP/SEDGG/ME Nº 37, de 25 de março de 2021, da Secretaria de Gestão e Desempenho de Pessoal, do Ministério da Economia e as orientações da Divisão de Saúde Ocupacional -DISAO diante da pandemia.</p></td><td rowspan="1" colspan="1"><p>Efeitos exauridos no tempo.</p></td></tr><tr><td rowspan="1" colspan="1"><p>PORTARIA /INPI / Nº 44 , DE 07 DE OUTUBRO DE 2021</p></td><td rowspan="1" colspan="1"><p>Estabelece novos procedimentos em relação ao regime trabalho remoto temporário, observadas as diretrizes da Instrução Normativa SGP/SEDGG/ME nº 90, de 2021 e dá outras providências.</p></td><td rowspan="1" colspan="1"><p>Efeitos exauridos no tempo.</p></td></tr><tr><td rowspan="1" colspan="1"><p>PORTARIA /INPI / Nº 47, DE 18 DE OUTUBRO DE 2021</p></td><td rowspan="1" colspan="1"><p>Estabelece medidas administrativas para o retorno gradual e seguro ao trabalho em modo presencial dos servidores e colaboradores.</p></td><td rowspan="1" colspan="1"><p>Efeitos exauridos no tempo.</p><p></p></td></tr></table>]]></Texto>
  </body>
  <Midias />
</article></xml>