﻿<xml><article id="27738386" name="resolucao_2830_2022 COPSI GGTOX" idOficio="9058048" pubName="DO1" artType="Resolução" pubDate="30/08/2022" artClass="00026:00034:00015:00011:00000:00000:00000:00000:00000:00000:00064:32830" artCategory="Ministério da Saúde/Agência Nacional de Vigilância Sanitária/3ª Diretoria/Gerência-Geral de Toxicologia" artSize="12" artNotes="" numberPage="270" pdfPage="http://pesquisa.in.gov.br/imprensa/jsp/visualiza/index.jsp?data=30/08/2022&amp;jornal=515&amp;pagina=270" editionNumber="165" highlightType="" highlightPriority="" highlight="" highlightimage="" highlightimagename="" idMateria="19840930">
  <body>
    <Identifica><![CDATA[ RESOLUÇÃO-RE Nº 2.830, DE 25 DE AGOSTO DE 2022]]></Identifica>
    <Data><![CDATA[]]></Data>
    <Ementa />
    <Titulo />
    <SubTitulo />
    <Texto><![CDATA[<p class="identifica">RESOLUÇÃO-RE Nº 2.830, DE 25 DE AGOSTO DE 2022</p><p>O Gerente-Geral de Toxicologia no uso das atribuições que lhe confere o art.114, aliado ao art. 203, I, § 1º do Regimento Interno aprovado pela Resolução de Diretoria Colegiada - RDC nº 585, de 10 de dezembro de 2021, resolve:</p><p>Art. 1º Publicar a desistência a pedido dos expedientes de agrotóxicos e afins, sob o nº de expedientes constantes do anexo desta Resolução, nos termos do Art. 51 da Lei nº 9.784 de 1999.</p><p>Art. 2º Esta Resolução entra em vigor na data de sua publicação.</p><p class="assina">CARLOS ALEXANDRE OLIVEIRA GOMES</p><p class="anexo">ANEXO</p><p>RAZÃO SOCIAL/CNPJ</p><p>MARCA COMERCIAL</p><p>NÚMERO DO PROCESSO</p><p>PETIÇÃO DESISTIDA; EXPEDIENTE DESISTIDO; EXPEDIENTE DO PEDIDO DE DESISTÊNCIA</p><p>-----------------------------</p><p>OURO FINO QUIMICA LTDA - 09.100.671/0001-07</p><p>LUTHER</p><p>25351.014827/2021-08</p><p>5097 - REGISTRO SIMPLIFICADO NÍVEL I - PRODUTO FORMULADO COM BASE EM PRODUTO TÉCNICO EQUIVALENTE; 3044813/21-8; 4587110/22-1</p><p>KANSAS</p><p>25351.014816/2021-07</p><p>5097 - REGISTRO SIMPLIFICADO NÍVEL I - PRODUTO FORMULADO COM BASE EM PRODUTO TÉCNICO EQUIVALENTE; 3044802/21-6; 4587112/22-4</p><p>-----------------------------</p><p>TRADECORP DO BRASIL COMERCIO DE INSUMOS AGRICOLAS LTDA. - 04.997.059/0001-57</p><p>AEGIS</p><p>25351.023674/2019-05</p><p>5106 - REGISTRO SIMPLIFICADO NÍVEL II - PRODUTO FORMULADO COM BASE EM PRODUTO TÉCNICO EQUIVALENTE; 0037037/19-3; 4604068/22-4</p><p>-----------------------------</p><p>UPL DO BRASIL INDÚSTRIA E COMÉRCIO DE INSUMOS AGROPECUÁRIOS S.A. - 02.974.733/0001-52</p><p>CONCRETO</p><p>25351.164700/2006-76</p><p>5002 - PRODUTO FORMULADO - AVALIAÇÃO TOXICOLÓGICA DE PRODUTO COM INGREDIENTE ATIVO JÁ REGISTRADO NO PAÍS; 220586/06-6; 4564801/22-8</p><p>DIGNUS</p><p>25351.032796/2018-48</p><p>5065 - PRODUTO FORMULADO COM BASE EM PRODUTO TÉCNICO EQUIVALENTE; 0043964/18-9; 4556988/22-5</p><p>PORTERO</p><p>25351.067664/2003-51</p><p>5002 - PRODUTO FORMULADO - AVALIAÇÃO TOXICOLÓGICA DE PRODUTO COM INGREDIENTE ATIVO JÁ REGISTRADO NO PAÍS; 253515/03-7; 4564954/22-9</p><p>TOPLUS</p><p>25351.518083/2009-58</p><p>5065 - PRODUTO FORMULADO COM BASE EM PRODUTO TÉCNICO EQUIVALENTE; 671948/09-1; 4565076/22-5</p>]]></Texto>
  </body>
  <Midias />
</article></xml>