﻿<xml><article id="27749076" name="ATA-NA 32_de_17_08_2022-BD-IMPRE" idOficio="9057231" pubName="DO1" artType="Ata" pubDate="30/08/2022" artClass="00044:00009:00000:00000:00000:00000:00000:00000:00000:00000:00005:00000" artCategory="Tribunal de Contas da União/Plenário" artSize="12" artNotes="" numberPage="387" pdfPage="http://pesquisa.in.gov.br/imprensa/jsp/visualiza/index.jsp?data=30/08/2022&amp;jornal=515&amp;pagina=387" editionNumber="165" highlightType="" highlightPriority="" highlight="" highlightimage="" highlightimagename="" idMateria="19839884">
  <body>
    <Identifica />
    <Data><![CDATA[]]></Data>
    <Ementa />
    <Titulo />
    <SubTitulo />
    <Texto><![CDATA[<p>ACÓRDÃO Nº 1861/2022 - TCU - Plenário</p><p>Os ministros do Tribunal de Contas da União, reunidos em sessão de Plenário, ACORDAM, por unanimidade, com fundamento no artigo 43 da Lei 8.443/92; c/c os artigos 1º, inciso XXIV; 17, inciso IV; 143, inciso III; 234, § 2º, 2ª parte; 235 e 237, todos do Regimento Interno, em conhecer da presente representação, para, no mérito, considerá-la improcedente; dar ciência desta deliberação à Fundação Oswaldo Cruz - Fiocruz e ao representante; bem como determinar o seu arquivamento, de acordo com os pareceres emitidos nos autos.</p><p>1. Processo TC-008.343/2022-5 (REPRESENTAÇÃO)</p><p>1.1. Órgão/Entidade: Hospital Universitário Professor Alberto Antunes - Ufal - Ebserh.</p><p>1.2. Relator: Ministro Aroldo Cedraz.</p><p>1.3. Representante do Ministério Público: não atuou.</p><p>1.4. Unidade Técnica: Secretaria de Controle Externo de Aquisições Logísticas (Selog).</p><p>1.5. Representação legal: Jose Flavio Pessoa de Oliveira, representando Pharmacos Express Comercio de Medicamentos Eireli; Rayanna Silva Carvalho (9.005/OAB-PI), Paula Cecilia Rodrigues de Souza (205.663/OAB-MG) e outros, representando Hospital Universitário Professor Alberto Antunes - Ufal - Ebserh.</p><p>1.6. Determinações/Recomendações/Orientações: não há.</p><p>ACÓRDÃO Nº 1862/2022 - TCU - Plenário</p><p>Os ministros do Tribunal de Contas da União, reunidos em sessão de Plenário, ACORDAM, com fundamento nos arts. 1º, inciso II, e 43 da Lei 8.443/92; c/c os artigos 1º, inciso XXIV; 143, inciso III; 235, parágrafo único, e 237, parágrafo único, do Regimento Interno, em não conhecer da representação adiante indicada em razão do não preenchimento dos requisitos de admissibilidade aplicáveis à espécie, bem como determinar o seu arquivamento, após dar ciência desta deliberação ao representante, de acordo com os pareceres emitidos nos autos.</p><p>1. Processo TC-011.406/2022-4 (REPRESENTAÇÃO)</p><p>1.1. Responsável: Nocal Construções de Edifícios Ltda (32.530.158/0001-60).</p><p>1.2. Órgão/Entidade: Banco do Brasil S.A.</p><p>1.3. Relator: Ministro Aroldo Cedraz.</p><p>1.4. Representante do Ministério Público: não atuou.</p><p>1.5. Unidade Técnica: Secretaria de Controle Externo do Sistema Financeiro Nacional (SecexFinan).</p><p>1.6. Representação legal: não há.</p><p>1.7. Determinações/Recomendações/Orientações: não há.</p><p>ACÓRDÃO Nº 1863/2022 - TCU - Plenário</p><p>Os ministros do Tribunal de Contas da União, reunidos em Sessão de tegColegiado, ACORDAM, por unanimidade, com fundamento nos arts. 1º, inciso II e 43, inciso I, da Lei 8.443/92; c/c os arts. 143, inciso V, alínea "a", 169, inciso II, 235 e 237, do Regimento Interno do TCU, em conhecer da representação a seguir relacionada e considerá-la prejudicada ante a perda de seu objeto, determinando-se o arquivamento do feito, após dar ciência desta deliberação e enviar cópia da peça 1 deste processo ao Fundo Nacional de Desenvolvimento da Educação - FNDE e ao Tribunal de Contas do Estado do Maranhão - TCE/MA.</p><p>1. Processo TC-012.109/2022-3 (REPRESENTAÇÃO)</p><p>1.1. Órgão/Entidade: Prefeitura Municipal de São Luís - MA.</p><p>1.2. Relator: Ministro Aroldo Cedraz.</p><p>1.3. Representante do Ministério Público: não atuou.</p><p>1.4. Unidade Técnica: Secretaria de Controle Externo da Educação, da Cultura e do Desporto (SecexEduc).</p><p>1.5. Representação legal: não há.</p><p>1.6. Determinações/Recomendações/Orientações: não há.</p><p>ACÓRDÃO Nº 1864/2022 - TCU - Plenário</p><p>Os ministros do Tribunal de Contas da União, reunidos em sessão de Plenário, com fundamento nos arts. 1º, XXIV, e 169, V, na forma do art. 143, V, 'a', todos do RI/TCU, e de acordo com o parecer da unidade instrutiva emitido nos autos, ACORDAM, por unanimidade, em: conhecer da presente representação e apensar o presente processo ao TC 012.599/2022-0, dando-se ciência desta deliberação ao representante</p><p>1. Processo TC-012.616/2022-2 (REPRESENTAÇÃO)</p><p>1.1. Órgão/Entidade: Caixa Econômica Federal.</p><p>1.2. Relator: Ministro Aroldo Cedraz.</p><p>1.3. Representante do Ministério Público: não atuou.</p><p>1.4. Unidade Técnica: Secretaria de Controle Externo do Sistema Financeiro Nacional (SecexFinan).</p><p>1.5. Representação legal: Andre Yokomizo Aceiro (175337/OAB-SP) e Lenymara Carvalho (33087/OAB-DF), representando Caixa Econômica Federal.</p><p>1.6. Determinações/Recomendações/Orientações: não há.</p><p>ACÓRDÃO Nº 1865/2022 - TCU - Plenário</p><p>Os ministros do Tribunal de Contas da União, reunidos em Sessão de tegColegiado, ACORDAM, por unanimidade, com fundamento nos arts. 1º, inciso II e 43, inciso I, da Lei 8.443/92; c/c os arts. 143, inciso V, alínea "a", 169, inciso II, 235 e 237, do Regimento Interno do TCU, em conhecer da representação a seguir relacionada e considerá-la prejudicada ante a perda de seu objeto; e fazer a determinação, com posterior arquivamento do feito, após o envio de cópia desta deliberação aos interessados.</p><p>1. Processo TC-044.702/2021-3 (REPRESENTAÇÃO)</p><p>1.1. Responsáveis: Ginther Otto Dreher (386.542.379-53); Ivanir Jose Fuhr (928.503.759-34); Lenoir da Rocha (141.928.379-00); Maria Rosane Muller Back (477.244.989-20); Paloma Construcoes Eireli (09.656.330/0001-04); Roberto Ruani (673.955.890-68); Selani Ines Dorigon Bruch (015.746.389-39).</p><p>1.2. Órgão/Entidade: Prefeitura Municipal de Mondaí - SC.</p><p>1.3. Relator: Ministro Aroldo Cedraz.</p><p>1.4. Representante do Ministério Público: não atuou.</p><p>1.5. Unidade Técnica: Secretaria de Controle Externo da Saúde (SecexSaude).</p><p>1.6. Representação legal: não há.</p><p>1.7. Determinação:</p><p>1.7.1. informar à Auditoria-Geral do Sistema Único de Saúde e ao Fundo Nacional de Saúde (FNS) que os registros sintéticos das providências adotadas devem ser publicados na seção "Transparência e prestação de contas" de seus sítios oficiais, bem como que os referidos registros devem ser encaminhados à unidade técnica deste Tribunal em meio eletrônico, por intermédio do sistema Conecta, conforme instruções contidas no Memorando-Circular 1/2021 - Segecex, e com fundamento no art. 106, § 6º, inciso I, da Resolução-TCU 259/2014, com redação dada pela Resolução TCU 323/2020, c/c o previsto no § 4º do art. 9º da Instrução Normativa-TCU 84, de 22/4/2020, e no § 2º do art. 8º da Decisão Normativa-TCU 187, de 9/9/2020.</p><p>ACÓRDÃO Nº 1866/2022 - TCU - Plenário</p><p>Os ministros do Tribunal de Contas da União, reunidos em sessão de Plenário, ACORDAM, com fundamento nos arts. 1º, inciso II, e 43 da Lei 8.443/92; c/c os artigos 1º, inciso XXIV; 143, inciso III; 235, parágrafo único, e 237, parágrafo único, do Regimento Interno, em não conhecer da representação adiante indicada em razão do não preenchimento dos requisitos de admissibilidade aplicáveis à espécie; dar ciência desta deliberação ao representante e encaminhar cópia dos autos ao Tribunal de Contas do Estado de Pernambuco, para adoção das providências que entender cabíveis naquela esfera, conforme o Anexo I, item 14.12, da Portaria-Segecex n. 12/2016; bem como determinar o seu arquivamento, de acordo com os pareceres emitidos nos autos.</p><p>1. Processo TC-045.777/2021-7 (REPRESENTAÇÃO)</p><p>1.1. Órgão/Entidade: Prefeitura Municipal de Paulista - PE.</p><p>1.2. Relator: Ministro Aroldo Cedraz.</p><p>1.3. Representante do Ministério Público: não atuou.</p><p>1.4. Unidade Técnica: Secretaria de Controle Externo da Educação, da Cultura e do Desporto (SecexEduc).</p><p>1.5. Representação legal: não há.</p><p>1.6. Determinações/Recomendações/Orientações: não há.</p><p>ACÓRDÃO Nº 1867/2022 - TCU - Plenário</p><p>Os Ministros do Tribunal de Contas da União ACORDAM, por unanimidade, com fundamento nos arts. 17, § 1°, 143, inciso V, "e", 183, parágrafo único, e 185, do Regimento Interno do TCU, em prorrogar até o dia 19/08/2022, o prazo para atendimento ao Acórdão 2.943/2021-TCU-Plenário, de acordo com os pareceres emitidos nos autos.</p><p>1. Processo TC-013.912/2012-7 (RELATÓRIO DE AUDITORIA)</p><p>1.1. Apensos: 008.462/2022-4 (SOLICITAÇÃO); 011.385/2015-4 (SOLICITAÇÃO); 037.318/2018-7 (SOLICITAÇÃO); 001.442/2015-5 (SOLICITAÇÃO)</p><p>1.2. Responsáveis: Empresa Brasileira de Serviços Hospitalares (15.126.437/0001-43); Hospital das Clínicas da Faculdade de Medicina da Universidade de São Paulo (60.448.040/0001-22); Hospital de Clínicas de Porto Alegre (87.020.517/0001-20); Spdm - Associação Paulista Para o Desenvolvimento da Medicina (61.699.567/0001-92).</p><p>1.3. Interessados: Assessoria Especial de Controle Interno do Ministério da Educação; Congresso Nacional (vinculador); Diretoria de integridade (controle Interno do Ministério da Saúde); Secretaria-executiva do Ministério da Educação (00.394.445/0023-09); Secretaria-executiva do Ministério da Saúde (00.394.544/0173-12).</p><p>1.4. Órgão/Entidade: Diretoria-executiva do Fundo Nacional de Saúde; Empresa Brasileira de Serviços Hospitalares; Hospital Clinicas/UFMG - MEC - EBSERH; Hospital das Clínicas da Faculdade de Medicina da Universidade de São Paulo; Hospital de Clínicas de Porto Alegre; Ministério da Educação; Ministério da Saúde; Secretaria de Atenção À Saúde; Secretaria de Estado de Minas Gerais; Secretaria de Estado de São Paulo; Secretaria de Estado de Saúde do Rio de Janeiro; Secretaria de Estado do Rio Grande do Sul.</p><p>1.5. Relator: Ministro Bruno Dantas.</p><p>1.6. Representante do Ministério Público: Procuradora-Geral Cristina Machado da Costa e Silva.</p><p>1.7. Unidade Técnica: Secretaria de Controle Externo da Saúde (SecexSaude).</p><p>1.8. Representação legal: Wesley Cardoso dos Santos (16.752/OAB-DF), representando Empresa Brasileira de Serviços Hospitalares; Larissa de Franca Machado (220.081-E/OAB-SP), Marina Mantovani (316866/OAB-SP) e outros, representando Spdm - Associacao Paulista Para O Desenvolvimento da Medicina; Jairo Henrique Gonçalves (12226/OAB-RS) e Mauro Almeida de Barros (37401/OAB-RS), representando Hospital de Clínicas de Porto Alegre; Maria Mathilde Marchi (50523/OAB-SP), Silvia Zeraik Melo Bueno (53473/OAB-SP) e outros, representando Hospital das Clínicas da Faculdade de Medicina da Universidade de São Paulo.</p><p>1.9. Determinações/Recomendações/Orientações: não há.</p><p>ACÓRDÃO Nº 1868/2022 - TCU - Plenário</p><p>VISTOS e relacionados estes autos em que se aprecia recurso de revisão interposto por Laje Construções Ltda. (peças 185 a 188) contra o Acórdão 10.957/2011-TCU-2ª Câmara, retificado, por inexatidão material, pelo Acórdão 921/2012-TCU-2ª Câmara, ambos de relatoria do Ministro José Jorge, e pelo Acórdão 1.162/2018-TCU-Plenário, relator Ministro Vital do Rêgo, que julgou tomada de contas especial instaurada pela Fundação Nacional de Saúde contra Paulo Elcídio Chaves Nogueira, ex-Secretário de Desenvolvimento Urbano e Regional do Pará, em decorrência de irregularidades na execução de obras de saneamento básico em municípios daquela unidade da Federação;</p><p>Considerando os pareceres uniformes da Secretaria de Recursos (peças 197 a 199), corroborados pelo parecer ofertado pelo Ministério Público de Contas (Procurador Marinus Eduardo De Vries Marsico, peça 201), mediante os quais a unidade técnica propôs não conhecer do recurso de revisão diante do fato de que a recorrente não se desincumbiu de acostar aos autos quaisquer elementos a evidenciar o cumprimento dos requisitos específicos indicados nos incisos do art. 35 da Lei 8.443/1992: I - erro de cálculo; II - falsidade ou insuficiência de documentos em que se tenha fundamentado o acórdão recorrido; e III - superveniência de documentos novos com eficácia sobre a prova produzida;</p><p>ACORDAM os Ministros do Tribunal de Contas da União, reunidos em sessão do Plenário, com fundamento no art. 143, IV, "b", do Regimento Interno, em:</p><p>a) não conhecer do recurso de revisão interposto por Laje Construções Ltda, por não atender aos requisitos específicos de admissibilidade, nos termos do artigo 35 da Lei 8.443/92, c/c artigo 288 do RI/TCU; e</p><p>b) informar à recorrente e à Fundação Nacional de Saúde a prolação do presente Acórdão.</p><p>1. Processo TC-014.898/2010-1 (TOMADA DE CONTAS ESPECIAL)</p><p>1.1. Responsáveis: Atlantis Engenharia Ltda - Me (00.824.287/0001-74); Eccir Empresa de Construções Civis e Rodoviárias Sa (04.896.890/0001-12); Geoserv Serviços de Geotecnia e Construção Ltda (02.904.092/0001-60); Laje Construções Ltda (07.887.094/0001-01); Luiz Maia Construções Eireli (15.755.986/0001-87); Paulo Elcidio Chaves Nogueira (017.503.212-20).</p><p>1.2. Recorrente: Laje Construções Ltda (07.887.094/0001-01).</p><p>1.3. Órgão/Entidade: Entidades/órgãos do Governo do Estado do Pará.</p><p>1.4. Relator: Ministro Antonio Anastasia.</p><p>1.5. Representante do Ministério Público: Procurador Marinus Eduardo De Vries Marsico.</p><p>1.6. Relator da deliberação recorrida: Ministro José Jorge</p><p>1.7. Unidades Técnicas: Secretaria de Recursos (Serur); Secretaria de Controle Externo de Tomada de Contas Especial (SecexTCE).</p><p>1.8. Representação legal: Rodrigo Oliveira da Costa, representando Geoserv Servicos de Geotecnia e Construção Ltda; Joao da Costa Mendonca (1128/OAB-TO) e Luana Tainah Rodrigues de Mendonca Ribeiro (28.949/OAB-DF), representando Laje Construções Ltda; Hannah Luiza Dutra Dias (24722/OAB-PA), Joao da Costa Mendonca (1128/OAB-TO) e outros, representando Paulo Elcidio Chaves Nogueira.</p><p>1.9. Determinações/Recomendações/Orientações: não há.</p><p>ACÓRDÃO Nº 1869/2022 - TCU - Plenário</p><p>VISTOS e relacionados estes autos em que se aprecia recurso de revisão interposto pela CBM Construções Ltda. (peça 176) contra o Acórdão 1.230/2018-TCU-Plenário, retificado por inexatidão material pelo Acórdão 2.176/2018-TCU-Plenário, ambos relatados pelo Ministro Aroldo Cedraz, que julgou tomada de contas especial oriunda de representação que apurou irregularidades no Município de Algodão de Jandaíra (PB), relacionadas ao Convite 44/2007, destinado a contratar a execução das melhorias sanitárias domiciliares (MDS), objeto do Convênio EP 2182/2006 celebrado com a Fundação Nacional de Saúde;</p><p>Considerando os pareceres uniformes da Secretaria de Recursos (peças 181 a 183), corroborados pelo parecer ofertado pelo Ministério Público de Contas (Subprocurador-Geral Lucas Rocha Furtado, peça 292), mediante os quais a unidade técnica propôs não conhecer do recurso de revisão diante do fato de que a recorrente não se desincumbiu de acostar aos autos quaisquer elementos a evidenciar o cumprimento dos requisitos específicos indicados nos incisos do art. 35 da Lei 8.443/1992: I - erro de cálculo; II - falsidade ou insuficiência de documentos em que se tenha fundamentado o acórdão recorrido; e III - superveniência de documentos novos com eficácia sobre a prova produzida;</p><p>ACORDAM os Ministros do Tribunal de Contas da União, reunidos em sessão do Plenário, com fundamento no art. 143, IV, "b", do Regimento Interno, em:</p><p>a) não conhecer do recurso de revisão interposto por CBM Construções Ltda., por não atender aos requisitos específicos de admissibilidade, nos termos do artigo 35 da Lei 8.443/92, c/c artigo 288 do RI/TCU; e</p><p>b) informar à recorrente e à Fundação Nacional de Saúde a prolação do presente Acórdão.</p><p>1. Processo TC-016.065/2017-4 (TOMADA DE CONTAS ESPECIAL)</p><p>1.1. Apensos: 025.226/2015-0 (REPRESENTAÇÃO)</p><p>1.2. Responsáveis: Adriana Karla Medeiros dos Santos (043.096.954-69); Alexandre de Lima (064.148.454-26); Alserv Construtora Ltda - Me (08.708.095/0001-04); CBM Construções Ltda (06.148.344/0001-29); George dos Santos Alves (991.630.394-00); Isac Rodrigo Alves (010.549.994-30); Newdson Ceres Costa Guedes (591.239.664-91); Severino Valerio da Silva (452.555.124-00); e M S Empresa de Manutenção Serviços e Construção Ltda (04.281.456/0001-28).</p><p>1.3. Recorrente: CBM Construções Ltda (06.148.344/0001-29).</p><p>1.4. Órgão/Entidade: Prefeitura Municipal de Algodão de Jandaíra - PB.</p><p>1.5. Relator: Ministro Antonio Anastasia.</p><p>1.6. Representante do Ministério Público: Subprocurador-Geral Lucas Rocha Furtado.</p><p>1.7. Relator da deliberação recorrida: Ministro Aroldo Cedraz</p><p>1.8. Unidades Técnicas: Secretaria de Recursos (Serur); Secretaria de Controle Externo de Tomada de Contas Especial (SecexTCE).</p><p>1.9. Representação legal: Romero Sá Sarmento Dantas de Abrantes (21.289/OAB-PB), John Johnson Gonçalves Dantas de Abrantes (1663/OAB-PB) e outros, representando Isac Rodrigo Alves; Eduardo de Lima Nascimento (17.980/OAB-PB), Moizaniel Vitorio da Silva (11.435/OAB-PB) e outros, representando Severino Valerio da Silva; Eduardo de Lima Nascimento (17.980/OAB-PB), Moizaniel Vitorio da Silva (11.435/OAB-PB) e outros, representando Adriana Karla Medeiros dos Santos; Eduardo de Lima Nascimento (17.980/OAB-PB), Moizaniel Vitorio da Silva (11.435/OAB-PB) e outros, representando George dos Santos Alves; Daniel Sampaio de Azevedo (13.500/OAB-PB), Vital Borba de Araújo Junior (11783/OAB-PE) e outros, representando CBM Construções Ltda.</p><p>1.10. Determinações/Recomendações/Orientações: não há.</p><p>ACÓRDÃO Nº 1870/2022 - TCU - Plenário</p><p>VISTOS e relacionados estes autos em que se aprecia recurso de revisão interposto pela Fundação Rubens Dutra Segundo (peça 101) contra o Acórdão 7.906/2014-TCU-1ª Câmara, relator Ministro Bruno Dantas, que julgou tomada de contas especial instaurada pelo Fundo Nacional de Saúde em face da ora recorrente e de sua presidente, Crisélia de Fátima Vieira Dutra, em razão do não cumprimento do objeto do convênio 1.873/2001;</p><p>Considerando os pareceres uniformes da Secretaria de Recursos (peças 102 a 104), corroborados pelo parecer ofertado pelo Ministério Público de Contas (Procurador Júlio Marcelo de Oliveira, peça 107), mediante os quais a unidade técnica propôs não conhecer do recurso de revisão diante do fato de que é descabido, nesta fase processual, apreciar a tese de ocorrência da prescrição da pretensão punitiva e ressarcitória visto que o processo de cobrança executiva já foi constituído (TCs 027.661/2019-9 e 027.662/2019-5, apensos) e o Ministério Público junto ao TCU já encaminhou ao órgão credor as informações necessárias à cobrança judicial da dívida (ofício de peça 21 do processo de cobrança executiva); e</p><p>Considerando o decidido no Acórdão 420/2021- TCU-Plenário, relator Ministro Raimundo Carreiro;</p><p>ACORDAM os Ministros do Tribunal de Contas da União, reunidos em sessão do Plenário, com fundamento no art. 143, IV, "b", do Regimento Interno, em:</p><p>a) não conhecer do recurso de revisão interposto pela Fundação Rubens Dutra Segundo, por não atender aos requisitos específicos de admissibilidade, nos termos do art. 35 da Lei 8.443/92, c/c art. 288 do RI/TCU; e</p><p>b) informar à recorrente e ao Fundo Nacional de Saúde a prolação do presente Acórdão.</p><p>1. Processo TC-021.452/2012-1 (TOMADA DE CONTAS ESPECIAL)</p><p>1.1. Apensos: 027.660/2019-2 (COBRANÇA EXECUTIVA); 027.661/2019-9 (COBRANÇA EXECUTIVA); 027.662/2019-5 (COBRANÇA EXECUTIVA)</p><p>1.2. Responsáveis: Crisélia de Fátima Vieira Dutra (185.577.324-49); Fundação Rubens Dutra Segundo (01.627.117/0001-62).</p><p>1.3. Recorrente: Fundação Rubens Dutra Segundo (01.627.117/0001-62).</p><p>1.4. Órgão/Entidade: Entidades/órgãos do Governo do Estado da Paraíba.</p><p>1.5. Relator: Ministro Antonio Anastasia.</p><p>1.6. Representante do Ministério Público: Procurador Júlio Marcelo de Oliveira.</p><p>1.7. Relator da deliberação recorrida: Ministro Benjamin Zymler</p><p>1.8. Unidades Técnicas: Secretaria de Recursos (Serur); Secretaria de Controle Externo de Tomada de Contas Especial (SecexTCE).</p><p>1.9. Representação legal: Rafael Santiago Alves (15.975/OAB-PB) e Rui Victor Barbosa (10951-E/OAB-PB), representando Fundação Rubens Dutra Segundo; Romilton Dutra Diniz (4583/OAB-PB) e Enriquimar Dutra da Silva (2605/OAB-PB), representando Crisélia de Fátima Vieira Dutra.</p><p>1.10. Determinações/Recomendações/Orientações: não há.</p><p>ACÓRDÃO Nº 1871/2022 - TCU - Plenário</p><p>VISTO e relacionado este processo autuado como denúncia em que se noticia possível irregularidade na execução do Contrato 015/2016, celebrado entre o Município de Cândido de Abreu (PR) e a denunciante, cujo objeto é a "construção de uma Creche/Pré-Escola - 11814 - PAC 2 - CRECHE/PRÉ-ESCOLA 001, conforme Termo de Compromisso PAC2 nº 5432/2013, com recurso do FNDE";</p><p>Considerando que a denunciante se insurge contra a existência de valores a serem pagos referentes ao mencionado contrato, apesar de a obra que constitui seu objeto já ter sido entregue, dentro das normas e dos parâmetros de qualidade estabelecidos contratualmente; e</p><p>Considerando os pareceres uniformes exarados pela Secretaria de Controle Externo da Educação, da Cultura e do Desporto às peças 13 e 14, nos quais a unidade deixa assente "que a quantia envolvida, atinente a dívida R$ 77.797,53, inferior ao limite mínimo a que se refere o inciso I do art. 6º c/c o inciso II do art. 17 da Instrução Normativa TCU 71/2012, não porta materialidade que justifique o prosseguimento do processo";</p><p>ACORDAM os Ministros do Tribunal de Contas da União, reunidos em Sessão do Plenário, com fundamento no art. 143, inciso III, do Regimento Interno/TCU, em:</p><p>a) conhecer da documentação à peça 1 como representação, satisfeitos os requisitos de admissibilidade previstos nos arts. 235 e 237, inciso VII, do Regimento Interno deste Tribunal c/c o art. 113, § 1º, da Lei 8.666/1993, e no art. 103, § 1º, da Resolução TCU 259/2014, para, no mérito, considerá-la prejudicada;</p><p>b) encaminhar, nos termos do art. 106, § 4º, II, da Resolução TCU 259/2014, cópia da peça de representação, da instrução à peça 13 e do presente Acórdão:</p><p>b.1) ao Fundo Nacional de Desenvolvimento da Educação (FNDE), para a adoção das providências internas de sua alçada quanto aos indícios de falta de desembolso final referente ao Termo de Compromisso PAC2 5432/2013 (Obra 1002355), firmado com o Município de Cândido de Abreu (PR), no valor de R$ 1.783.092,88, tendo como objeto a construção de creche/pré-escola, promovendo as devidas atualizações no SIMEC de forma a evidenciar a sua atuação corretiva e/ou informando aquele município sobre a necessidade de inserção de informações adicionais no SIMEC para a efetivação do desembolso final à empresa contratada;</p><p>b.2) à Controladoria-Geral da União (CGU); e</p><p>b.3) ao Município de Cândido de Abreu (PR), para que adote as providências de sua alçada necessárias ao adimplemento das suas obrigações junto à representante no Contrato 015/2016, com destaque para a verificação, junto ao FNDE, de necessidade de inserção de informações adicionais no SIMEC, concernentes ao Termo de Compromisso PAC2 5432/2013 (Obra 1002355), para fins de efetivação do desembolso final em face da conclusão do seu objeto;</p><p>c) comunicar à representante a prolação do presente Acórdão; e</p><p>d) arquivar os presentes autos nos termos do art. 169, III, do RI/TCU.</p><p>1. Processo TC-008.515/2022-0 (DENÚNCIA)</p><p>1.1. Responsável: Identidade preservada (art. 55, caput, da Lei n. 8.443/1992).</p><p>1.2. Interessado: Identidade preservada (art. 55, caput, da Lei n. 8.443/1992).</p><p>1.3. Órgão/Entidade: Fundo Nacional de Desenvolvimento da Educação; Prefeitura Municipal de Cândido de Abreu - PR.</p><p>1.4. Relator: Ministro Antonio Anastasia.</p><p>1.5. Representante do Ministério Público: não atuou.</p><p>1.6. Unidade Técnica: Secretaria de Controle Externo da Educação, da Cultura e do Desporto (SecexEduc).</p><p>1.7. Representação legal: não há.</p><p>1.8. Determinações/Recomendações/Orientações: não há.</p><p>ACÓRDÃO Nº 1872/2022 - TCU - Plenário</p><p>VISTOS e relacionados estes autos de monitoramento do cumprimento do Acórdão 2347/2018-TCU-Plenário, relator Ministro José Mucio Monteiro, complementado pelos Acórdãos 308/2020 e 972/2021 - TCU - Plenário, relator Ministro Raimundo Carreiro, nos quais se apreciou representação em face da Universidade Federal do Amazonas (Ufam) referente à Concorrência 104/2014, que teve por objeto a contratação de empresa de engenharia para execução da construção do Bloco 03 do campus de Humaitá;</p><p>Considerando o exame técnico empreendido pela Secretaria de Controle Externo da Educação, da Cultura e do Desporto, consubstanciado nos pareces uniformes exarados às peças 100 e 101, nos quais restou evidenciado que:</p><p>i) a própria Universidade apurou o valor de R$ 487.750,24 como sendo a diferença entre o que foi pago e o que foi executado adequadamente;</p><p>ii) apesar de estarem sendo adotadas medidas, a UFAM vem enfrentando dificuldades para o célere prosseguimento das providências a seu cargo;</p><p>iii) o Tribunal deve prosseguir com o monitoramento deste caso concreto, de modo a garantir a efetividade de suas ações e, ao final, o atingimento dos benefícios decorrentes do ressarcimento ao erário que deve buscado pela Universidade; e</p><p>iv) o efetivo resultado das medidas que vêm sendo adotadas somente poderá ser confirmado em prazo maior;</p><p>ACORDAM os Ministros do Tribunal de Contas da União, reunidos em sessão do Plenário, com fundamento no inciso V do art. 143 do RI/TCU, em:</p><p>a) considerar em fase de cumprimento as determinações assinadas no Acórdão 2347/2018-TCU-Plenário, relator Ministro José Múcio, e reiteradas pelos Acórdãos 308/2020-TCU-Plenário e 72/2021-TCU-Plenário, relator Ministro Raimundo Carreiro;</p><p>b) manter o presente monitoramento e sobrestar a apreciação deste processo pelo prazo de 180 dias, de forma que sejam adotadas as medidas necessárias para o atendimento do comando expedido pelo Tribunal;</p><p>c) informar aos gestores da Universidade Federal do Amazonas que as providências necessárias para a solução das questões em exame devem ser adotadas de modo célere e em autotutela independentemente de ações por parte do TCU, que voltará a reexaminar a situação em momento oportuno;</p><p>d) comunicar à Universidade Federal do Amazonas a prolação do presente Acórdão, encaminhando-lhe cópia desta deliberação e do pronunciamento da unidade técnica às peças 100 e 101; e</p><p>e) orientar a Secretaria de Controle Externo da Educação, da Cultura e do Desporto que, decorrido o prazo de 180 dias assinado no item "b", avalie a necessidade de remoção do sobrestamento e formule proposta ao relator do feito.</p><p>1. Processo TC-001.267/2019-1 (MONITORAMENTO)</p><p>1.1. Responsável: Fundação Universidade do Amazonas (04.378.626/0001-97).</p><p>1.2. Órgão/Entidade: Fundação Universidade do Amazonas.</p><p>1.3. Relator: Ministro Antonio Anastasia.</p><p>1.4. Representante do Ministério Público: não atuou.</p><p>1.5. Unidade Técnica: Secretaria de Controle Externo da Educação, da Cultura e do Desporto (SecexEduc).</p><p>1.6. Representação legal: não há.</p><p>1.7. Determinações/Recomendações/Orientações: não há.</p><p>ACÓRDÃO Nº 1873/2022 - TCU - Plenário</p><p>Os Ministros do Tribunal de Contas da União, quanto ao processo abaixo relacionado, que trata de Monitoramento das deliberações constantes do Acórdão 747/2022-TCU-Plenário, de 6/4/2022, relatoria do Ministro Antonio Anastasia, proferido nos autos do TC009.456/2021-0, com fundamento nos arts. 143, inciso III, 15, 105 e 243, do Regimento Interno/TCU, c/c art.17 da Resolução 315/2020 TCU, ACORDAM em:</p><p>a) considerar atendidas as medidas solicitadas no item 9.3, do Acórdão 747/2022-TCU-Plenário, relatoria do Ministro Antonio Anastasia;</p><p>b) informar ao Grupamento de Apoio de Boa Vista/RR do presente Acórdão, destacando que a deliberação ora encaminhada pode ser acessada por meio do endereço eletrônico www.tcu.gov.br/acordaos; e</p><p>c) determinar o arquivamento do processo, com fundamento no art. 169, III, do Regimento Interno/TCU.</p><p>1. Processo TC-007.114/2022-2 (MONITORAMENTO)</p><p>1.1. Órgão/Entidade: Base Aérea de Boa Vista.</p><p>1.2. Relator: Ministro Antonio Anastasia.</p><p>1.3. Representante do Ministério Público: não atuou.</p><p>1.4. Unidade Técnica: Secretaria de Controle Externo de Aquisições Logísticas (Selog).</p><p>1.5. Representação legal: não há.</p><p>1.6. Determinações/Recomendações/Orientações: não há.</p><p>ACÓRDÃO Nº 1874/2022 - TCU - Plenário</p><p>VISTOS e relacionados estes autos de monitoramento das medidas adotadas pela Agência Nacional de Telecomunicações (Anatel) para o saneamento das irregularidades associadas aos compromissos de construção da rede privativa e da rede de infovias do País, que ensejaram as deliberações dos itens 9.1.2, 9.4.5, 9.4.6, 9.4.9, 9.4.10, 9.4.12, 9.5.2, 9.5.3, 9.5.4, 9.5.5 e 9.5.6 do Acórdão 2.032/2021-TCU-Plenário, de relatoria do Ministro Raimundo Carreiro, que tratou da fiscalização dos estudos para a licitação do 5G;</p><p>Considerando o exame técnico empreendido pela Secretaria de Fiscalização de Infraestrutura Hídrica, Comunicações e Mineração, consubstanciado nos pareces uniformes exarados às peças 19-21, nos quais restou evidenciado que:</p><p>i) no tocante à determinação do item 9.1.2, que estabeleceu a necessidade da inclusão, na minuta do edital, da exigência das garantias de execução para todos os compromissos, incluindo os que serão executados por intermédio da EAF (Entidade Administradora da Faixa de 3,5GHz), a alteração determinada por esta Corte foi promovida no edital do 5G, com a inclusão, em seu anexo II (peça 15, p. 143-151), da previsão de garantias de execução para todos os compromissos; e</p><p>ii) com relação às ciências à Anatel (itens 9.4.5, 9.4.6, 9.4.9, 9.4.10 e 9.4.12) e ao Ministério das Comunicações (itens 9.5.2, 9.5.3, 9.5.4, 9.5.5 e 9.5.6), observa-se que tais deliberações atingiram seus objetivos de cientificar os responsáveis pelas fragilidades identificadas, conforme o art. 2º, inciso II, da Resolução-TCU 315/2020;</p><p>ACORDAM os Ministros do Tribunal de Contas da União, reunidos em sessão do Plenário, com fundamento no inciso V do art. 143 do RI/TCU, em:</p><p>a) considerar cumprida a determinação consignada no item 9.1.2 do Acórdão 2.032/2021-TCU-Plenário, relator Ministro Raimundo Carreiro;</p><p>b) comunicar à Agência Nacional de Telecomunicações e ao Ministério das Comunicações a prolação do presente Acórdão; e</p><p>c) encerrar o presente processo, por meio de seu apensamento definitivo ao TC 000.350/2021-4 (Desestatização), originador deste monitoramento, nos termos do art. 169, incisos I e V, do Regimento Interno do TCU, c/c os arts. 36 e 37 da Resolução-TCU 259/2014.</p><p>1. Processo TC-037.613/2021-9 (MONITORAMENTO)</p><p>1.1. Órgão/Entidade: Agência Nacional de Telecomunicações; Ministério das Comunicações.</p><p>1.2. Relator: Ministro Antonio Anastasia.</p><p>1.3. Representante do Ministério Público: não atuou.</p><p>1.4. Unidade Técnica: Secretaria de Infraestrutura Hídrica, de Comunicações e de Mineração (SeinfraCOM).</p><p>1.5. Representação legal: não há.</p><p>1.6. Determinações/Recomendações/Orientações: não há.</p><p>ACÓRDÃO Nº 1875/2022 - TCU - Plenário</p><p>VISTOS e relacionados estes autos de auditoria na Fundação Universidade do Pampa (Unipampa) para verificar a conformidade da aplicação de recursos na execução de obras em seus campi;</p><p>Considerando que o mérito do processo foi apreciado em deliberação consubstanciada no Acórdão 1232/2018 - TCU - Plenário, relator Ministro Jose Múcio, por meio do qual o Colegiado determinou à Unipama que conclua o Processo Administrativo 23100.001255/2011-28, assegurando à empresa Brasil Arquitetura o direito ao contraditório e à ampla defesa, com vistas a avaliar a responsabilidade da projetista e quantificar os possíveis prejuízos causados por erros de projeto do Centro de Interpretação do Pampa, se devidamente comprovados, encaminhando a este Tribunal, no prazo de 180 (cento e oitenta) dias, os resultados e providências adotadas (item 9.3);</p><p>Considerando o exame técnico empreendido pela Secretaria de Controle Externo da Educação, da Cultura e do Desporto, consubstanciado nos pareces uniformes exarados às peças 226 e 227, nos quais restou evidenciado que:</p><p>i) a Universidade vem demonstrando esforço institucional que configura um compromisso seguro de atendimento dos comandos exarados por esta Corte de Contas, ainda que não tenham se materializados de forma imediata e integral; e</p><p>ii) o efetivo resultado das medidas que vêm sendo adotadas somente poderá ser confirmado em prazo maior;</p><p>ACORDAM os Ministros do Tribunal de Contas da União, reunidos em sessão do Plenário, com fundamento no inciso V do art. 143 do RI/TCU, em:</p><p>a) considerar em atendimento o item 9.3 do Acórdão 1232/2018-TCU-Plenário, relator Ministro José Múcio, uma vez que a Unipampa vem adotando as medidas para apurar a responsabilidade da empresa contratada, bem como a elaboração de proposta de ocupação emergencial e temporária do espaço do Centro de Interpretação do Pampa;</p><p>b) manter o presente monitoramento e sobrestar a apreciação deste processo pelo prazo de 180 dias, de forma que sejam adotadas as medidas necessárias para o atendimento do comando expedido pelo Tribunal;</p><p>c) informar aos gestores da Unipampa que as providências necessárias para a solução das questões em exame devem ser adotadas de modo célere e em autotutela independentemente de ações por parte do TCU, que voltará a reexaminar a situação em momento oportuno;</p><p>d) comunicar à Universidade Federal do Pampa a prolação do presente Acórdão, encaminhando-lhe cópia desta deliberação e do pronunciamento da unidade técnica às peças 226 e 227; e</p><p>e) orientar a Secretaria de Controle Externo da Educação, da Cultura e do Desporto que, decorrido o prazo de 180 dias assinado no item "b", avalie a necessidade de remoção do sobrestamento e formule proposta ao relator do feito.</p><p>1. Processo TC-005.107/2014-8 (RELATÓRIO DE AUDITORIA)</p><p>1.1. Apensos: 032.562/2017-9 (SOLICITAÇÃO); 024.746/2017-7 (SOLICITAÇÃO)</p><p>1.2. Responsáveis: Brasil Arquitetura Ltda. (45.878.386/0001-77); Marcelo Carvalho Ferraz (003.668.788-08); Maria Beatriz Moreira Luce (014.210.180-04); Ulrika Arns (485.111.020-00).</p><p>1.3. Interessado: Fundação Universidade Federal do Pampa (09.341.233/0001-22).</p><p>1.4. Órgão/Entidade: Fundação Universidade Federal do Pampa.</p><p>1.5. Relator: Ministro Antonio Anastasia.</p><p>1.6. Representante do Ministério Público: Subprocurador-Geral Paulo Soares Bugarin.</p><p>1.7. Unidade Técnica: Secretaria de Controle Externo da Educação, da Cultura e do Desporto (SecexEduc).</p><p>1.8. Representação legal: Fernanda Cardoso de Almeida Dias da Rocha (271223/OAB-SP), Rafael Câmara Barreto e outros, representando Marcelo Carvalho Ferraz; Fernanda Cardoso de Almeida Dias da Rocha (271223/OAB-SP), Rafael Câmara Barreto e outros, representando Brasil Arquitetura Ltda.</p><p>1.9. Determinações/Recomendações/Orientações: não há.</p><p>ACÓRDÃO Nº 1876/2022 - TCU - Plenário</p><p>VISTOS e relacionados estes autos de representação, formulada pelo Ministério Público junto ao Tribunal de Contas da União, em atuação do Subprocurador-Geral Lucas Rocha Furtado, "no intuito de que sejam adotadas as medidas necessárias a verificar a legalidade, legitimidade, moralidade, economicidade, razoabilidade, economicidade e transparência dos gastos levados a efeito pela Presidência da República na gestão de Jair Bolsonaro, por meio do Cartão de Pagamento do Governo Federal, encaminhando cópia da decisão presente representação e da decisão proferia pelo TCU ao MPF, uma vez que os atos relatados caracterizam atos de improbidade administrativa";</p><p>Considerando os pareceres uniformes exarados pela Secretaria de Controle Externo da Administração do Estado às peças 4-6, dos quais se extraem as seguintes conclusões:</p><p>i) não se vislumbra a presença de qualquer documentação comprobatória sobre a ocorrência de irregularidades;</p><p>ii) a representação não aponta nenhum indício concreto de irregularidade, uma vez que as notícias trazidas se limitam a relatar percepção e opinião de empresa de telecomunicações;</p><p>iii) nos autos do TC 001.116/2022-3, foi proferido o Acórdão 1223/2022-TCU- Plenário, relator Ministro Antonio Anastasia, por meio do qual o Colegiado não conheceu de representação acerca de possíveis irregularidades na publicidade e nos gastos com Cartão de Pagamento do Governo Federal pela Presidência da República; e</p><p>iv) no bojo do TC 012.915/2021-1, o Tribunal proferiu o Acórdão 1179/2022 - TCU - Plenário, relator Ministro Antonio Anastasia, por meio do qual a Corte expediu recomendações à Secretaria-Geral e à Secretaria Especial de Administração, ambas da Presidência da República, a respeito da divulgação das despesas custeadas com o cartão corporativo;</p><p>ACORDAM os Ministros do Tribunal de Contas da União, com fundamento no art. 143, III, do Regimento Interno/TCU, em:</p><p>a) não conhecer a presente documentação como representação, por não atender os requisitos de admissibilidade previstos, no art. 235 do Regimento Interno do TCU e no art. 103, § 1º, da Resolução - TCU 259/2014;</p><p>b) informar ao representante a prolação do presente Acórdão; e</p><p>c) arquivar o presente processo, com fundamento no parágrafo único do art. 237 c/c o parágrafo único do art. 235, do Regimento Interno do TCU, e no art. 105 da Resolução - TCU 259/2014.</p><p>1. Processo TC-010.299/2022-0 (REPRESENTAÇÃO)</p><p>1.1. Órgão/Entidade: Presidência da República.</p><p>1.2. Relator: Ministro Antonio Anastasia.</p><p>1.3. Representante: Subprocurador-Geral Lucas Rocha Furtado.</p><p>1.4. Unidade Técnica: Secretaria de Controle Externo da Administração do Estado (SecexAdmin).</p><p>1.5. Representação legal: não há.</p><p>1.6. Determinações/Recomendações/Orientações: não há.</p><p>ACÓRDÃO Nº 1877/2022 - TCU - Plenário</p><p>VISTOS e relacionados estes autos de representação, formulada pelo Deputado Federal Elias Vaz de Andrade - PSB/GO, em face da possível ausência de transparência sobre os valores destinados ao pagamento de diárias a militares em suposta duplicidade com o uso do cartão corporativo para alimentação e hospedagem referentes às viagens do Presidente da República;</p><p>Considerando os pareceres uniformes exarados pela Secretaria de Controle Externo da Administração do Estado às peças 7-9, dos quais se extraem as seguintes conclusões:</p><p>i) não se vislumbra a presença de qualquer documentação comprobatória sobre a ocorrência de irregularidades;</p><p>ii) a representação não aponta nenhum indício concreto de irregularidade, uma vez que as notícias trazidas se limitam a relatar percepção e opinião de empresa de telecomunicações; e</p><p>Considerando que, no bojo do TC 012.915/2021-1, o Tribunal proferiu o Acórdão 1179/2022 - TCU - Plenário, relator Ministro Antonio Anastasia, por meio do qual o Colegiado expediu recomendações à Secretaria-Geral e à Secretaria Especial de Administração, ambas da Presidência da República, a respeito da divulgação das despesas custeadas com o cartão corporativo, incluindo-se as que forem realizadas durante viagens oficiais e privadas do Presidente da República;</p><p>ACORDAM os Ministros do Tribunal de Contas da União, com fundamento no art. 143, III, do Regimento Interno/TCU, em:</p><p>a) não conhecer a presente documentação como representação, por não atender os requisitos de admissibilidade previstos, no art. 235 do Regimento Interno do TCU e no art. 103, § 1º, da Resolução - TCU 259/2014;</p><p>b) informar ao representante a prolação do presente Acórdão, encaminhando-lhe cópia desta deliberação; e</p><p>c) arquivar o presente processo, com fundamento no parágrafo único do art. 237 c/c o parágrafo único do art. 235, do Regimento Interno do TCU, e no art. 105 da Resolução - TCU 259/2014.</p><p>1. Processo TC-010.655/2022-0 (REPRESENTAÇÃO)</p><p>1.1. Órgão/Entidade: Presidência da República.</p><p>1.2. Relator: Ministro Antonio Anastasia.</p><p>1.3. Representante do Ministério Público: não atuou.</p><p>1.4. Representante: Deputado Federal Elias Vaz de Andrade - PSB/GO</p><p>1.5. Unidade Técnica: Secretaria de Controle Externo da Administração do Estado (SecexAdmin).</p><p>1.6. Representação legal: não há.</p><p>1.7. Determinações/Recomendações/Orientações: não há.</p>]]></Texto>
  </body>
  <Midias />
</article></xml>