﻿<xml><article id="27749409" name="Ata_28_1C_16_08_2022 -WAR-IMPREN" idOficio="9057405" pubName="DO1" artType="Ata" pubDate="30/08/2022" artClass="00044:00002:00000:00000:00000:00000:00000:00000:00000:00000:00005:00000" artCategory="Tribunal de Contas da União/1ª Câmara" artSize="12" artNotes="" numberPage="318" pdfPage="http://pesquisa.in.gov.br/imprensa/jsp/visualiza/index.jsp?data=30/08/2022&amp;jornal=515&amp;pagina=318" editionNumber="165" highlightType="" highlightPriority="" highlight="" highlightimage="" highlightimagename="" idMateria="19840103">
  <body>
    <Identifica />
    <Data><![CDATA[]]></Data>
    <Ementa />
    <Titulo />
    <SubTitulo />
    <Texto><![CDATA[<p>ACÓRDÃO Nº 4669/2022 - TCU - 1ª Câmara</p><p>Os Ministros do Tribunal de Contas da União ACORDAM, por unanimidade, com fundamento no art. 71, inciso III, da Constituição Federal/1988, c/c os arts. 1º, inciso V, e 39, inciso II, da Lei 8.443, de 16 de julho de 1992, arts. 1º, inciso VIII, 17, inciso III, 143, inciso II, e 259 a 263 do Regimento Interno do TCU, aprovado pela Resolução 155, de 4 de dezembro de 2002, em considerar legal(ais), para fins de registro, o(s) ato(s) de concessão(ões) a seguir relacionado(s), de acordo com os pareceres emitidos nos autos:</p><p>1. Processo TC-011.089/2022-9 (PENSÃO CIVIL)</p><p>1.1. Interessados: Edinar Alves de Souza (416.262.491-72); Fabiola Tostes Salin e Souza (127.015.801-53); Jocirema de Oliveira Freitas (114.007.651-53); Lucimar Braz da Silva (380.949.321-04); Mariana Conde Goncalves (291.899.000-06); Terezinha de Jesus Sarmento Pereira da Silva (223.618.711-49).</p><p>1.2. Órgão: Departamento de Centralização de Serviços de Inativos e Pensionistas.</p><p>1.3. Relator: Ministro Vital do Rêgo.</p><p>1.4. Representante do Ministério Público: Procuradora-Geral Cristina Machado da Costa e Silva.</p><p>1.5. Unidade Técnica: Secretaria de Fiscalização de Integridade de Atos e Pagamentos de Pessoal e de Benefícios Sociais (Sefip).</p><p>1.6. Representação legal: não há.</p><p>1.7. Determinações/Recomendações/Orientações: não há.</p><p>ACÓRDÃO Nº 4670/2022 - TCU - 1ª Câmara</p><p>Os Ministros do Tribunal de Contas da União ACORDAM, por unanimidade, com fundamento no art. 71, inciso III, da Constituição Federal/1988, c/c os arts. 1º, inciso V, e 39, inciso II, da Lei 8.443, de 16 de julho de 1992, arts. 1º, inciso VIII, 17, inciso III, 143, inciso II, e 259 a 263 do Regimento Interno do TCU, aprovado pela Resolução 155, de 4 de dezembro de 2002, em considerar legal(ais), para fins de registro, o(s) ato(s) de concessão(ões) a seguir relacionado(s), de acordo com os pareceres emitidos nos autos:</p><p>1. Processo TC-011.090/2022-7 (PENSÃO CIVIL)</p><p>1.1. Interessados: Jorge Luiz dos Santos Fagundes de Souza (066.674.791-18); Luiz Gustavo dos Santos Fagundes de Souza (076.415.461-37); Luzia Alves Dias (718.953.531-49); Maria Aparecida Alves dos Santos (170.632.188-08); Maria Simone Barros do Carmo (688.218.322-87); Maria Valmira Rocha (170.955.575-00); Marilene dos Santos (442.801.221-72); Noeme Ribeiro Barreto (358.512.441-00); Yago Reis Fagundes (055.022.901-90); Yan dos Santos Dias (122.172.607-23); Yuri Reis Fagundes (055.023.041-67).</p><p>1.2. Órgão: Departamento de Centralização de Serviços de Inativos e Pensionistas.</p><p>1.3. Relator: Ministro Vital do Rêgo.</p><p>1.4. Representante do Ministério Público: Procurador Júlio Marcelo de Oliveira.</p><p>1.5. Unidade Técnica: Secretaria de Fiscalização de Integridade de Atos e Pagamentos de Pessoal e de Benefícios Sociais (Sefip).</p><p>1.6. Representação legal: não há.</p><p>1.7. Determinações/Recomendações/Orientações: não há.</p><p>ACÓRDÃO Nº 4671/2022 - TCU - 1ª Câmara</p><p>Os Ministros do Tribunal de Contas da União ACORDAM, por unanimidade, com fundamento no art. 71, inciso III, da Constituição Federal/1988, c/c os arts. 1º, inciso V, e 39, inciso II, da Lei 8.443, de 16 de julho de 1992, arts. 1º, inciso VIII, 17, inciso III, 143, inciso II, e 259 a 263 do Regimento Interno do TCU, aprovado pela Resolução 155, de 4 de dezembro de 2002, em considerar legal(ais), para fins de registro, o(s) ato(s) de concessão(ões) a seguir relacionado(s), de acordo com os pareceres emitidos nos autos:</p><p>1. Processo TC-011.096/2022-5 (PENSÃO CIVIL)</p><p>1.1. Interessados: Florinda Borchardt Queiroz (316.594.382-68); Idalina Basques de Almeida (408.625.692-49); Joaquim Pedro de Oliveira (285.028.339-87); Raiane Borchardt Queiroz (010.688.762-98); Renata Borchardt Queiroz (880.207.622-72); Rita Rios da Silva (305.019.973-34); Walter Fonseca Machado (184.889.007-91).</p><p>1.2. Órgão: Departamento de Centralização de Serviços de Inativos e Pensionistas.</p><p>1.3. Relator: Ministro Vital do Rêgo.</p><p>1.4. Representante do Ministério Público: Procuradora-Geral Cristina Machado da Costa e Silva.</p><p>1.5. Unidade Técnica: Secretaria de Fiscalização de Integridade de Atos e Pagamentos de Pessoal e de Benefícios Sociais (Sefip).</p><p>1.6. Representação legal: não há.</p><p>1.7. Determinações/Recomendações/Orientações: não há.</p><p>ACÓRDÃO Nº 4672/2022 - TCU - 1ª Câmara</p><p>Os Ministros do Tribunal de Contas da União ACORDAM, por unanimidade, com fundamento no art. 71, inciso III, da Constituição Federal/1988, c/c os arts. 1º, inciso V, e 39, inciso II, da Lei 8.443, de 16 de julho de 1992, arts. 1º, inciso VIII, 17, inciso III, 143, inciso II, e 259 a 263 do Regimento Interno do TCU, aprovado pela Resolução 155, de 4 de dezembro de 2002, em considerar legal(ais), para fins de registro, o(s) ato(s) de concessão(ões) a seguir relacionado(s), de acordo com os pareceres emitidos nos autos:</p><p>1. Processo TC-011.103/2022-1 (PENSÃO CIVIL)</p><p>1.1. Interessadas: Ana Maria Teixeira Renno Toledo (207.553.258-34); Berta Huberman (112.097.358-90).</p><p>1.2. Órgão: Ministério da Saúde.</p><p>1.3. Relator: Ministro Vital do Rêgo.</p><p>1.4. Representante do Ministério Público: Procuradora-Geral Cristina Machado da Costa e Silva.</p><p>1.5. Unidade Técnica: Secretaria de Fiscalização de Integridade de Atos e Pagamentos de Pessoal e de Benefícios Sociais (Sefip).</p><p>1.6. Representação legal: não há.</p><p>1.7. Determinações/Recomendações/Orientações: não há.</p><p>ACÓRDÃO Nº 4673/2022 - TCU - 1ª Câmara</p><p>Os Ministros do Tribunal de Contas da União ACORDAM, por unanimidade, com fundamento no art. 71, inciso III, da Constituição Federal/1988, c/c os arts. 1º, inciso V, e 39, inciso II, da Lei 8.443, de 16 de julho de 1992, arts. 1º, inciso VIII, 17, inciso III, 143, inciso II, e 259 a 263 do Regimento Interno do TCU, aprovado pela Resolução 155, de 4 de dezembro de 2002, em considerar legal(ais), para fins de registro, o(s) ato(s) de concessão(ões) a seguir relacionado(s), de acordo com os pareceres emitidos nos autos:</p><p>1. Processo TC-011.944/2022-6 (PENSÃO CIVIL)</p><p>1.1. Interessados: Francisco Araujo da Costa (102.950.462-87); Madalena Floriano Ferreira da Silva (573.685.381-72); Maria Carmen Machado Arroio (239.966.091-91); Maria Nibaba Dias (832.595.112-53); Orlandina Nibaba Dias (832.395.022-91); Rosalba Regis Nunes (743.415.537-04); Valdevino Nibaba Dias (868.655.952-20).</p><p>1.2. Órgão: Departamento de Centralização de Serviços de Inativos e Pensionistas.</p><p>1.3. Relator: Ministro Vital do Rêgo.</p><p>1.4. Representante do Ministério Público: Procurador Rodrigo Medeiros de Lima.</p><p>1.5. Unidade Técnica: Secretaria de Fiscalização de Integridade de Atos e Pagamentos de Pessoal e de Benefícios Sociais (Sefip).</p><p>1.6. Representação legal: não há.</p><p>1.7. Determinações/Recomendações/Orientações: não há.</p><p>ACÓRDÃO Nº 4674/2022 - TCU - 1ª Câmara</p><p>Os Ministros do Tribunal de Contas da União ACORDAM, por unanimidade, com fundamento no art. 71, inciso III, da Constituição Federal/1988, c/c os arts. 1º, inciso V, e 39, inciso II, da Lei 8.443, de 16 de julho de 1992, arts. 1º, inciso VIII, 17, inciso III, 143, inciso II, e 259 a 263 do Regimento Interno do TCU, aprovado pela Resolução 155, de 4 de dezembro de 2002, em considerar legal(ais), para fins de registro, o(s) ato(s) de concessão(ões) a seguir relacionado(s), de acordo com os pareceres emitidos nos autos:</p><p>1. Processo TC-012.941/2022-0 (PENSÃO CIVIL)</p><p>1.1. Interessado: Alaide Alves Leite Rolim (030.858.303-59).</p><p>1.2. Entidade: Instituto Federal de Educação, Ciência e Tecnologia do Ceará.</p><p>1.3. Relator: Ministro Vital do Rêgo.</p><p>1.4. Representante do Ministério Público: Procurador Rodrigo Medeiros de Lima.</p><p>1.5. Unidade Técnica: Secretaria de Fiscalização de Integridade de Atos e Pagamentos de Pessoal e de Benefícios Sociais (Sefip).</p><p>1.6. Representação legal: não há.</p><p>1.7. Determinações/Recomendações/Orientações: não há.</p><p>ACÓRDÃO Nº 4675/2022 - TCU - 1ª Câmara</p><p>Os Ministros do Tribunal de Contas da União ACORDAM, por unanimidade, com fundamento no art. 71, inciso III, da Constituição Federal/1988, c/c os arts. 1º, inciso V, e 39, inciso II, da Lei 8.443, de 16 de julho de 1992, arts. 1º, inciso VIII, 17, inciso III, 143, inciso II, e 259 a 263 do Regimento Interno do TCU, aprovado pela Resolução 155, de 4 de dezembro de 2002, em considerar legal(ais), para fins de registro, o(s) ato(s) de concessão(ões) a seguir relacionado(s), de acordo com os pareceres emitidos nos autos:</p><p>1. Processo TC-013.002/2022-8 (PENSÃO MILITAR)</p><p>1.1. Interessadas: Divaneide Aporcino de Melo (035.333.102-30); Divanete Melo da Costa (098.646.442-20); Marcia de Jesus Aporcino de Melo (343.554.642-53).</p><p>1.2. Órgão: Comando do Exército.</p><p>1.3. Relator: Ministro Vital do Rêgo.</p><p>1.4. Representante do Ministério Público: Procuradora-Geral Cristina Machado da Costa e Silva.</p><p>1.5. Unidade Técnica: Secretaria de Fiscalização de Integridade de Atos e Pagamentos de Pessoal e de Benefícios Sociais (Sefip).</p><p>1.6. Representação legal: não há.</p><p>1.7. Determinações/Recomendações/Orientações: não há.</p><p>ACÓRDÃO Nº 4676/2022 - TCU - 1ª Câmara</p><p>Os Ministros do Tribunal de Contas da União ACORDAM, por unanimidade, com fundamento no art. 1º, inciso I, da Lei 8.443/1992, c/c os arts. 1º, inciso I, e 143, inciso I, alínea "a", do Regimento Interno do TCU, de acordo com os pareceres emitidos nos autos, em:</p><p>a) julgar regulares as contas dos responsáveis David Borille (CPF 075.858.700-78), Maria Cecília da Silva Brum (CPF 983.515.910-68), Diego José Tarta (CPF 971.087.070-04), Danilo Ferreira Gomes (CPF 004.957.171-00), Geraldo Luís Felippe (CPF 371.129.610-68), Pedro Zottis Neto (CPF 955.456.460-00), Eurico de Castro Faria (CPF 335.723.210-34), Marco Aurélio de Queiroz Campos (CPF 666.717.524-00), Silvani Alves Pereira (CPF 233.820.821-87), Reine Antonio Borges (CPF 725.253.988-15), João Manoel da Cruz Simões (CPF 510.008.300-04) e Ronaldo Aniceto (CPF 449.789.956-04), Clever Ubiratan Teixeira de Almeida (CPF 609.111.159-00), Vânia Regina da Silva Maracci (CPF 526.050.780-00), dando-lhes quitação plena, com fundamento nos arts. 16, inciso I, 17 e 23, inciso I, da Lei 8.443/1992, c/c os arts. 207 e 214, inciso I, do Regimento Interno do TCU;</p><p>b) dar ciência à Trensurb, com fundamento no art. 9º, inciso I, da Resolução-TCU 315/2020, de que:</p><p>b.1) a contratação com terceiros deve observar o art. 28 da Lei 13.303/2013 e caput do art. 2º da Lei 8.666/1993, e a duração dos contratos deve obedecer ao inciso II do art. 57 da Lei 8.666/1993, evitando-se a contratação e a prorrogação emergenciais como no caso da Techdec Informática S/A (Processo 1073/16) e Baethgen e Santos Advogados Associados S/S (Processo 0511/18);</p><p>b.2) as aquisições devem ser precedidas de planejamento adequado, inclusive com estudo técnico preliminar, consoante o inciso IX do art. 6º da Lei 8.666/1993, e os artigos 20 a 27, inciso I, da IN-MPOG 5, de 26/5/2017, evitando-se, por exemplo, as falhas observadas nos quantitativos previstos no contrato com a SQGroup Engenharia Ltda. (Processo 2758/17);</p><p>b.3) a liquidação e o pagamento contratual exigem a identificação das medições que suportem os valores das correspondentes Ordem Bancárias e Notas Fiscais, conforme exige o Apêndice A do Manual Jurídico da Trensurb, itens 5.1.2.8 a 5.1.2.11; alínea a, inciso II, § 1º, art. 31 da Lei 13.303/2016; Regimento Interno da Trensurb, item 1.7.1.1, subitem 2-a e item 1.7.1.3, subitem 2-a; Regulamento Interno de Licitações e Contratos da Trensurb, art. 3º e inciso I, § 2º, art. 26; art. 63 da Lei 4.320/1964;</p><p>b.4) o limite de prorrogação de contrato é de 60 meses conforme o caput do art. 2º e inciso II do art. 57 da Lei 8.666/1993 e art. 29 da Lei 13.303/2013, evitando-se a prorrogação do contrato do sistema de bilhetagem com a ATP até a data limite de 29/6/2019, sem promover nova licitação;</p><p>b.5) a transparência nos atos de gestão requer divulgação tempestiva e atualizada de informações relevantes, inclusive em notas explicativas às demonstrações financeiras, conforme incisos III e IV do caput, inciso II do § 2º e § 4º do art. 8º da Lei 13.303/2016, a exemplo do aumento na subvenção destinada a custeio apesar do aumento da Receita Líquida;</p><p>b.6) a transparência nos atos de gestão preconiza divulgação tempestiva e atualizada de informações relevantes, inclusive em notas explicativas às demonstrações financeiras, conforme incisos III e IV do caput, inciso II do § 2º e § 4º do art. 8º da Lei 13.303/2016, a exemplo da mudança de indexador utilizado no provisionamento das demandas trabalhistas (processos 011800-35.2005.5.04.0005 e 0054500-36.1999.5.04.0027);</p><p>b.7) a governança da entidade deve ser aprimorada para prevenir a formação de novos passivos trabalhistas, conforme preconizado pelo inciso I e caput do art. 9º da Lei 13.303/2016, a exemplo da implantação de nova classificação de risco das ações judiciais por itens demandados em cada processo;</p><p>b.8) a governança e transparência na gestão requer acuidade nos demonstrativos financeiros, conforme disposto nos incisos III e VI do art. 8º e inciso I e caput do art. 9º da Lei 13.303/2016, a exemplo da realização de conciliação bancária para sanar a divergência de quase R$ 1 milhão entre o saldo nos extratos bancários (Caixa e Banco do Brasil) e o correspondente valor registrado nas Notas Explicativas às Demonstrações Financeiras.</p><p>c) encaminhar cópia desta decisão, acompanhada da instrução da unidade técnica, à Empresa de Trens Urbanos de Porto Alegre S/A - Trensurb; e</p><p>d) arquivar o presente processo, nos termos do art. 169, inciso III, do Regimento Interno do TCU.</p><p>1. Processo TC-033.860/2019-0 (PRESTAÇÃO DE CONTAS - Exercício: 2018)</p><p>1.1. Responsáveis: Adriano de Aquino Oliveira e Silva (494.953.051-87); Clever Ubiratan Teixeira de Almeida (609.111.159-00); Danilo Ferreira Gomes (004.957.171-00); David Borille (075.858.700-78); Diego Jose Tarta (971.087.070-04); Eurico de Castro Faria (335.723.210-34); Geraldo Luis Felippe (371.129.610-68); Joao Manoel da Cruz Simoes (510.008.300-04); Luciano Oliva Patricio (637.742.676-34); Marco Aurelio de Queiroz Campos (666.717.524-00); Maria Cecilia da Silva Brum (983.515.910-68); Pedro Zottis Neto (955.456.460-00); Reine Antonio Borges (725.253.988-15); Ronaldo Aniceto (449.789.956-04); Silvani Alves Pereira (233.820.821-87); Vania Regina da Silva Maracci (526.050.780-00).</p><p>1.2. Entidade: Empresa de Trens Urbanos de Porto Alegre S/A.</p><p>1.3. Relator: Ministro Vital do Rêgo.</p><p>1.4. Representante do Ministério Público: Procurador Rodrigo Medeiros de Lima.</p><p>1.5. Unidade Técnica: Secretaria de Fiscalização de Infraestrutura Urbana (SeinfraUrbana).</p><p>1.6. Representação legal: não há.</p><p>1.7. Determinações/Recomendações/Orientações: não há.</p><p>ACÓRDÃO Nº 4677/2022 - TCU - 1ª Câmara</p><p>Os Ministros do Tribunal de Contas da União, ACORDAM, por unanimidade, com fundamento nos arts. 143, inciso III, 235 e 237, inciso I e parágrafo único, do Regimento Interno do TCU, de acordo com os pareceres emitidos nos autos, em:</p><p>a) conhecer da presente representação, por preencher os requisitos de admissibilidade, para, no mérito, considerá-la improcedente;</p><p>b) encaminhar cópia desta decisão, acompanhada da instrução da unidade técnica, à Superintendência do Ibama no Estado do Maranhão e ao representante; e</p><p>c) arquivar o presente processo, com fundamento no art. 169, inciso V, do Regimento Interno do TCU.</p><p>1. Processo TC-005.746/2022-1 (REPRESENTAÇÃO)</p><p>1.1. Entidade: Instituto Brasileiro do Meio Ambiente e dos Recursos Naturais Renováveis.</p><p>1.2. Relator: Ministro Vital do Rêgo.</p><p>1.3. Representante do Ministério Público: não atuou.</p><p>1.4. Unidade Técnica: Secretaria de Controle Externo de Aquisições Logísticas (Selog).</p><p>1.5. Representação legal: não há.</p><p>1.6. Determinações/Recomendações/Orientações: não há.</p><p>ACÓRDÃO Nº 4678/2022 - TCU - 1ª Câmara</p><p>Os Ministros do Tribunal de Contas da União, ACORDAM, por unanimidade, com fundamento nos arts. 143, inciso III, e 237, inciso III e parágrafo único, do Regimento Interno do TCU, de acordo com os pareceres emitidos nos autos, em:</p><p>a) conhecer da presente representação, por preencher os requisitos de admissibilidade, para, no mérito, considerá-la improcedente;</p><p>b) encaminhar cópia desta decisão, acompanhada da instrução da unidade técnica, ao Hospital Militar de área de São Paulo, ao Hospital Militar de área de Campo Grande e ao Hospital Militar de área de Recife e aos representantes;</p><p>c) arquivar o presente processo, com fundamento no art. 169, inciso V, do Regimento Interno do TCU.</p><p>1. Processo TC-007.069/2022-7 (REPRESENTAÇÃO)</p><p>1.1. Interessado: Centro de Controle Interno do Exército.</p><p>1.2. Órgão: Ministério da Defesa.</p><p>1.3. Relator: Ministro Vital do Rêgo.</p><p>1.4. Representante do Ministério Público: não atuou.</p><p>1.5. Unidade Técnica: Secretaria de Controle Externo de Aquisições Logísticas (Selog).</p><p>1.6. Representação legal: não há.</p><p>1.7. Determinações/Recomendações/Orientações: não há.</p><p>ACÓRDÃO Nº 4679/2022 - TCU - 1ª Câmara</p><p>Os Ministros do Tribunal de Contas da União, reunidos em sessão da 1ª Câmara, ACORDAM, por unanimidade, com fundamento nos arts. 17, inciso IV, e 143, inciso III, do Regimento Interno do TCU, de acordo com os pareceres emitidos nos autos, em:</p><p>a) apensar, com fulcro nos arts. 36 e 40, inciso II, da Resolução-TCU 259/14, o presente processo ao TC 009.395/2022-9, uma vez que há relação de conexão entre eles e se mostra conveniente a tramitação conjunta;</p><p>b) juntar ao TC 009.557/2022-9 cópias da petição inicial do representante (peça 1), da instrução da Selog (peça 6) e desta deliberação;</p><p>c) encaminhar cópia desta decisão, acompanhada da instrução da unidade técnica, à Agência Nacional de Aviação Civil e ao representante; e</p><p>d) arquivar o presente processo, com fundamento no art. 169, inciso V, do Regimento Interno do TCU.</p><p>1. Processo TC-009.716/2022-0 (REPRESENTAÇÃO)</p><p>1.1. Órgão: Ministério da Cidadania.</p><p>1.2. Relator: Ministro Vital do Rêgo.</p><p>1.3. Representante do Ministério Público: não atuou.</p><p>1.4. Unidade Técnica: Secretaria de Controle Externo de Aquisições Logísticas (Selog).</p><p>1.5. Representação legal: não há.</p><p>1.6. Determinações/Recomendações/Orientações: não há.</p><p>ACÓRDÃO Nº 4680/2022 - TCU - 1ª Câmara</p><p>Os Ministros do Tribunal de Contas da União ACORDAM, por unanimidade, com fundamento nos arts. 17, inciso IV, 143, inciso III, 169, inciso V, 235 e 237, inciso I e parágrafo único, do Regimento Interno do TCU, de acordo com os pareceres emitidos nos autos, em:</p><p>a) conhecer da presente representação, uma vez que estão satisfeitos os requisitos de admissibilidade previstos no RITCU, e arquivar o processo, sem resolução de mérito;</p><p>b) encaminhar cópia desta decisão, acompanhada da instrução da unidade técnica, ao representante;</p><p>c) encaminhar à Secretaria de Controle Externo da Previdência, do Trabalho e da Assistência Social e à Secretaria de Macroavaliação Governamental cópia do Boletim DIE-COPI 6/2021 para conhecimento e para adoção de medidas que entender cabíveis.</p><p>1. Processo TC-041.003/2021-7 (REPRESENTAÇÃO)</p><p>1.1. Entidade: Governo do Estado de Santa Catarina.</p><p>1.2. Relator: Ministro Vital do Rêgo.</p><p>1.3. Representante do Ministério Público: não atuou.</p><p>1.4. Unidade Técnica: Secretaria de Controle Externo da Saúde (SecexSaúde).</p><p>1.5. Representação legal: não há.</p><p>1.6. Determinações/Recomendações/Orientações: não há.</p><p>ACÓRDÃO Nº 4681/2022 - TCU - 1ª Câmara</p><p>VISTO e relacionado este processo relativo ao ato de aposentadoria de Elise de Oliveira Coelho no cargo de Técnica Judiciária, emitido pelo Tribunal Regional Eleitoral do Rio Grande do Norte - TRE/RN e submetido a este Tribunal para fins de registro.</p><p>Considerando que as análises empreendidas pela Secretaria de Fiscalização de Integridade de Atos e Pagamentos de Pessoal e de Benefícios Sociais - Sefip detectaram a inclusão irregular nos proventos de parcelas decorrentes da incorporação de quintos ou décimos de funções comissionadas exercidas após 8/4/1998, além dos limites previstos nos arts. 3º e 5º da Lei 9.624/1998;</p><p>considerando que a irregularidade identificada é tema de jurisprudência pacificada desta Corte de Contas, especialmente a partir do julgamento pelo Supremo Tribunal Federal - STF, em repercussão geral, do Recurso Extraordinário - RE 638.115/CE;</p><p>considerando que a parcela impugnada pode ter sido concedida a partir de decisão judicial transitada em julgado, de decisão judicial não transitada em julgado ou de decisão administrativa.</p><p>considerando que, segundo a modulação de efeitos do julgamento do RE 638.115/CE feita pelo Supremo Tribunal Federal, os quintos ou décimos amparados: a) por decisão judicial transitada em julgado poderão subsistir; e b) por decisão judicial não transitada em julgado ou por decisão administrativa devem ser convertidos em parcela compensatória, a ser absorvida por reajustes futuros;</p><p>considerando que, por meio do Acórdão 1.414/2021 - Plenário, este Tribunal fixou entendimento no sentido da possibilidade de apreciação de ato sujeito a registro mediante relação, na forma do artigo 143, inciso II, do Regimento Interno deste Tribunal, nas hipóteses em que a ilegalidade do ato decorra exclusivamente de questão jurídica de solução já pacificada na jurisprudência desta Corte de Contas;</p><p>considerando, por fim, que há presunção de boa-fé da interessada; que o ato ora examinado deu entrada no TCU há menos de cinco anos; e que os pareceres da Sefip e do Ministério Público junto ao TCU - MPTCU convergem;</p><p>ACORDAM os Ministros do Tribunal de Contas da União, reunidos em sessão da Primeira Câmara, com fundamento nos artigos 1º, inciso V, e 39, inciso II, da Lei 8.443/1992, c/c os artigos 17, inciso III, 143, inciso II, 260 e 262 do Regimento Interno, em: a) considerar ilegal e negar registro ao ato de aposentadoria de Elise de Oliveira Coelho; b) dispensar a reposição das importâncias indevidamente recebidas de boa-fé pela beneficiária até a data da notificação desta deliberação à unidade jurisdicionada; e c) expedir as determinações contidas no item 1.7 abaixo:</p><p>1. Processo TC-003.008/2022-3 (APOSENTADORIA)</p><p>1.1. Interessada: Elise de Oliveira Coelho (140.843.094-00)</p><p>1.2. Unidade: Tribunal Regional Eleitoral do Rio Grande do Norte</p><p>1.3. Relator: Ministro Jorge Oliveira</p><p>1.4. Representante do Ministério Público: Procurador Rodrigo Medeiros de Lima</p><p>1.5. Unidade Técnica: Secretaria de Fiscalização de Integridade de Atos e Pagamentos de Pessoal e de Benefícios Sociais (Sefip)</p><p>1.6. Representação legal: não há.</p><p>1.7. Determinar ao Tribunal Regional Eleitoral do Rio Grande do Norte que:</p><p>1.7.1. no prazo de 15 (quinze) dias, a contar da ciência desta deliberação:</p><p>1.7.1.1. promova o destaque da parcela excedente de "quintos" incorporada pela interessada em decorrência do exercício de funções comissionadas posteriormente a 8/4/1998, transformando-a em parcela compensatória a ser absorvida por quaisquer reajustes futuros, consoante decidido pelo Supremo Tribunal Federal no Recurso Extraordinário 638.115/CE; e</p><p>1.7.1.2 comunique a Elise de Oliveira Coelho a deliberação deste Tribunal e a alerte de que o efeito suspensivo proveniente de eventual interposição de recursos no TCU não a eximirá da devolução dos valores indevidamente recebidos após a notificação, em caso de desprovimento dos apelos;</p><p>1.7.2. no prazo de 30 (trinta) dias, a contar da ciência desta deliberação:</p><p>1.7.2.1. encaminhe a este Tribunal, por cópia, comprovante da data em que a interessada tomar conhecimento da decisão e informações sobre as providências implementadas para cumprimento do subitem 1.7.1.1; e</p><p>1.7.2.2. emita novo ato de aposentadoria livre da irregularidade apontada, submetendo-o a este Tribunal.</p><p>ACÓRDÃO Nº 4682/2022 - TCU - 1ª Câmara</p><p>Os Ministros do Tribunal de Contas da União, reunidos em Sessão de 1ª Câmara, com fundamento nos arts. 1º, inciso V, e 39, inciso II, da Lei nº 8.443/1992, c/c os arts. 1º, inciso VIII; 17, inciso III; 143, inciso II; e 259, inciso II, do Regimento Interno/TCU, ACORDAM em considerar legais para fins de registro os atos de concessão a seguir relacionados, conforme os pareceres emitidos nos autos:</p><p>1. Processo TC-011.019/2022-0 (APOSENTADORIA)</p><p>1.1. Interessados: Margareth Jamil Maluf e Silva (149.081.823-53); Maria Lindia Eloi da Luz (077.345.143-91); Maria de Fatima Carneiro Fonteles (066.515.183-72); Mario Honda (097.080.221-87).</p><p>1.2. Órgão/Entidade: Ministério da Saúde.</p><p>1.3. Relator: Ministro Jorge Oliveira.</p><p>1.4. Representante do Ministério Público: Procurador Júlio Marcelo de Oliveira.</p><p>1.5. Unidade Técnica: Secretaria de Fiscalização de Integridade de Atos e Pagamentos de Pessoal e de Benefícios Sociais (Sefip).</p><p>1.6. Representação legal: não há.</p><p>1.7. Determinações/Recomendações/Orientações: não há.</p><p>ACÓRDÃO Nº 4683/2022 - TCU - 1ª Câmara</p><p>Os Ministros do Tribunal de Contas da União, reunidos em Sessão de 1ª Câmara, com fundamento nos arts. 1º, inciso V, e 39, inciso II, da Lei nº 8.443/1992, c/c os arts. 1º, inciso VIII; 17, inciso III; 143, inciso II; e 259, inciso II, do Regimento Interno/TCU, ACORDAM em considerar legal para fins de registro o ato de concessão a seguir relacionado, conforme os pareceres emitidos nos autos:</p><p>1. Processo TC-011.026/2022-7 (APOSENTADORIA)</p><p>1.1. Interessado: Paulo Roberto Roffe Borges (382.364.867-53).</p><p>1.2. Órgão/Entidade: Ministério da Economia.</p><p>1.3. Relator: Ministro Jorge Oliveira.</p><p>1.4. Representante do Ministério Público: Procurador Júlio Marcelo de Oliveira.</p><p>1.5. Unidade Técnica: Secretaria de Fiscalização de Integridade de Atos e Pagamentos de Pessoal e de Benefícios Sociais (Sefip).</p><p>1.6. Representação legal: não há.</p><p>1.7. Determinações/Recomendações/Orientações: não há.</p><p>ACÓRDÃO Nº 4684/2022 - TCU - 1ª Câmara</p><p>VISTO e relacionado este processo relativo aos atos inicial e de alteração de aposentadoria de Denise Maia de Souza, emitidos pelo Tribunal Regional do Trabalho da 13ª Região/PB e submetidos a este Tribunal para fins de registro.</p><p>Considenrando que a Sefip e o Ministério Público consideram legal o ato inicial de aposentadoria de Denise Maia de Souza;</p><p>Considerando que as análises empreendidas pela Secretaria de Fiscalização de Integridade de Atos e Pagamentos de Pessoal e de Benefícios Sociais - Sefip detectaram, no ato de alteração de aposentadoria, a inclusão irregular nos proventos de parcelas decorrentes da incorporação de quintos ou décimos de funções comissionadas exercidas após 8/4/1998, além dos limites previstos nos arts. 3º e 5º da Lei 9.624/1998;</p><p>considerando que a irregularidade identificada é tema de jurisprudência pacificada desta Corte de Contas, especialmente a partir do julgamento pelo Supremo Tribunal Federal - STF, em repercussão geral, do Recurso Extraordinário - RE 638.115/CE;</p><p>considerando que a parcela impugnada foi concedida a partir de decisão judicial transitada em julgado;</p><p>considerando que, segundo a modulação de efeitos do julgamento do RE 638.115/CE feita pelo Supremo Tribunal Federal, os quintos ou décimos amparados por decisão judicial transitada em julgado poderão subsistir;</p><p>considerando que, por meio do Acórdão 1.414/2021-Plenário, este Tribunal fixou entendimento no sentido da possibilidade de apreciação de ato sujeito a registro mediante relação, na forma do artigo 143, inciso II, do Regimento Interno deste Tribunal, nas hipóteses em que a ilegalidade do ato decorra exclusivamente de questão jurídica de solução já pacificada na jurisprudência desta Corte de Contas;</p><p>considerando a presunção de boa-fé da interessada;</p><p>considerando que os atos ora examinados deram entrada no TCU há menos de cinco anos; e</p><p>considerando, por fim, os pareceres convergentes da Sefip e do Ministério Público junto ao TCU - MPTCU.</p><p>ACORDAM os Ministros do Tribunal de Contas da União, reunidos em sessão da Primeira Câmara, com fundamento nos artigos 1º, inciso V, e 39, inciso II, da Lei 8.443/1992, c/c os artigos 17, inciso III, 143, inciso II, 260 e 262 do Regimento Interno, em:</p><p>a) considerar legal o ato inicial de aposentadoria de Denise Maia de Souza (ato 111082/2019, peça 3);</p><p>b) considerar ilegal e negar registro ao ato de alteração de aposentadoria de Denise Maia de Souza (ato 28702/2020, peça 4);</p><p>c) expedir as determinações contidas no item 1.7 abaixo.</p><p>1. Processo TC-011.725/2022-2 (APOSENTADORIA)</p><p>1.1. Interessada: Denise Maia de Souza (246.425.683-87)</p><p>1.2. Unidade: Tribunal Regional do Trabalho da 13ª Região/PB</p><p>1.3. Relator: Ministro Jorge Oliveira</p><p>1.4. Representante do Ministério Público: Procurador Sergio Ricardo Costa Caribé</p><p>1.5. Unidade Técnica: Secretaria de Fiscalização de Integridade de Atos e Pagamentos de Pessoal e de Benefícios Sociais (Sefip)</p><p>1.6. Representação legal: não há.</p><p>1.7. Determinar ao Tribunal Regional do Trabalho da 13ª Região/PB que:</p><p>1.7.1. dê ciência, no prazo de quinze dias, a contar da notificação desta decisão, de seu inteiro teor à interessada;</p><p>1.7.2. encaminhe ao TCU, no prazo de trinta dias, a contar da notificação desta decisão, comprovante da data de ciência do teor desta deliberação pela ex-servidora.</p><p>ACÓRDÃO Nº 4685/2022 - TCU - 1ª Câmara</p><p>VISTO e relacionado este processo relativo ao ato de aposentadoria de Tiaraju Pereira Rodrigues, emitido pelo Tribunal Regional Federal da 4ª Região e submetido a este Tribunal para fins de registro.</p><p>Considerando que as análises empreendidas pela Secretaria de Fiscalização de Integridade de Atos e Pagamentos de Pessoal e de Benefícios Sociais - Sefip detectaram a inclusão irregular nos proventos de parcelas decorrentes da incorporação de quintos ou décimos de funções comissionadas exercidas após 8/4/1998, além dos limites previstos nos arts. 3º e 5º da Lei 9.624/1998;</p><p>considerando que a irregularidade identificada é tema de jurisprudência pacificada desta Corte de Contas, especialmente a partir do julgamento pelo Supremo Tribunal Federal - STF, em repercussão geral, do Recurso Extraordinário - RE 638.115/CE;</p><p>considerando que a parcela impugnada foi concedida a partir de decisão judicial transitada em julgado;</p><p>considerando que, segundo a modulação de efeitos do julgamento do RE 638.115/CE feita pelo Supremo Tribunal Federal, os quintos ou décimos amparados por decisão judicial transitada em julgado poderão subsistir;</p><p>considerando que, por meio do Acórdão 1.414/2021-Plenário, este Tribunal fixou entendimento no sentido da possibilidade de apreciação de ato sujeito a registro mediante relação, na forma do artigo 143, inciso II, do Regimento Interno deste Tribunal, nas hipóteses em que a ilegalidade do ato decorra exclusivamente de questão jurídica de solução já pacificada na jurisprudência desta Corte de Contas;</p><p>considerando a presunção de boa-fé do interessado;</p><p>considerando que o ato ora examinado deu entrada no TCU há menos de cinco anos; e</p><p>considerando, por fim, os pareceres convergentes da Sefip e do Ministério Público junto ao TCU - MPTCU.</p><p>ACORDAM os Ministros do Tribunal de Contas da União, reunidos em sessão da Primeira Câmara, com fundamento nos artigos 1º, inciso V, e 39, inciso II, da Lei 8.443/1992, c/c os artigos 17, inciso III, 143, inciso II, 260 e 262 do Regimento Interno, em:</p><p>a) considerar ilegal e negar registro ao ato de aposentadoria de Tiaraju Pereira Rodrigues;</p><p>b) expedir as determinações contidas no item 1.7 abaixo.</p><p>1. Processo TC-011.728/2022-1 (APOSENTADORIA)</p><p>1.1. Interessado: Tiaraju Pereira Rodrigues (264.264.470-72)</p><p>1.2. Unidade: Tribunal Regional Federal da 4ª Região</p><p>1.3. Relator: Ministro Jorge Oliveira</p><p>1.4. Representante do Ministério Público: Procurador Júlio Marcelo de Oliveira</p><p>1.5. Unidade Técnica: Secretaria de Fiscalização de Integridade de Atos e Pagamentos de Pessoal e de Benefícios Sociais (Sefip)</p><p>1.6. Representação legal: não há.</p><p>1.7. Determinar ao Tribunal Regional Federal da 4ª Região que:</p><p>1.7.1. dê ciência, no prazo de quinze dias, a contar da notificação desta decisão, de seu inteiro teor ao interessado;</p><p>1.7.2. encaminhe ao TCU, no prazo de trinta dias, a contar da notificação desta decisão, comprovante da data de ciência do teor desta deliberação pelo ex-servidor.</p><p>ACÓRDÃO Nº 4686/2022 - TCU - 1ª Câmara</p><p>VISTO e relacionado este processo relativo ao ato de aposentadoria de Waleska Valenca Manyari emitido pela Fundação Universidade de Brasília e submetido a este Tribunal para fins de registro.</p><p>Considerando que as análises empreendidas pela Secretaria de Fiscalização de Integridade de Atos e Pagamentos de Pessoal e de Benefícios Sociais - Sefip detectaram a inclusão irregular nos proventos de parcelas decorrentes decisões judiciais referentes a planos econômicos;</p><p>considerando o disciplinamento contido no Acórdão 1.857/2003-TCU-Plenário, confirmado pelo Acórdão 961/2006-TCU-Plenário, segundo o qual, em atos que contemplem parcelas relativas a planos econômicos, compete ao Tribunal considerá-los ilegais e negar-lhes o registro, porquanto os pagamentos da espécie não se incorporam à remuneração em caráter permanente, pois têm natureza de antecipação salarial, conforme o enunciado 322 da Súmula do TST;</p><p>considerando o entendimento igualmente firmado nos sobreditos acórdãos no sentido de que não representa afronta à coisa julgada a decisão posterior deste Tribunal que afaste pagamentos oriundos de sentenças judiciais cujo suporte fático de aplicação já se tenha exaurido;</p><p>considerando ainda que, conforme jurisprudência pacífica tanto no âmbito do STJ como do STF, não há que se falar em direito adquirido a regime de vencimentos, de forma que alterações posteriores devem absorver as vantagens decorrentes de decisões judiciais cujo suporte fático já se tenha exaurido, resguardada a irredutibilidade remuneratória (e.g., MS 13.721-DF/STJ, MS 11.145-DF/STJ, RE 241.884-ES/STF, RE 559.019-SC/STF, MS 26.980-DF/STF);</p><p>considerando que diversos foram os normativos que, de alguma forma, alteraram a estrutura remuneratória da carreira dos servidores do órgão de origem e que deveriam ter ensejado a absorção das parcelas judiciais inquinadas;</p><p>considerando que o Supremo Tribunal Federal, ao julgar o Recurso Extraordinário 596.663, que teve repercussão geral reconhecida, assentou a tese de que a sentença que reconhece ao trabalhador ou ao servidor o direito a determinado percentual de acréscimo remuneratório deixa de ter eficácia a partir da superveniente incorporação definitiva do referido percentual nos seus ganhos;</p><p>considerando, no entanto, a existência de decisão judicial sem trânsito em julgado, por meio do qual o Sindicato Nacional dos Docentes das Instituições de Ensino Superior - Andes obteve liminar impedindo a suspensão da rubrica referente à URP (26,05%);</p><p>considerando que o ato ora examinado deu entrada no TCU há menos de cinco anos; e</p><p>considerando, por fim, os pareceres da Sefip e do Ministério Público junto a este Tribunal pela ilegalidade do ato, em face da irregularidade apontada nos autos, envolvendo questão jurídica de solução já compendiada em enunciados da Súmula da Jurisprudência do TCU, circunstância que confere ao Relator a faculdade de submeter o processo à deliberação do Tribunal mediante relação, nos termos do art. 143, inciso II, parte final, do Regimento Interno/TCU.</p><p>ACORDAM os Ministros do Tribunal de Contas da União, reunidos em sessão da Primeira Câmara, com fundamento nos artigos 1º, inciso V, 39, inciso II, e 45, da Lei 8.443/1992, c/c os artigos 17, inciso III, 143, inciso II, 260 e 262 do Regimento Interno, bem assim com os Enunciados 276 e 279, da Súmula do TCU, em:</p><p>a) considerar ilegal e recusar o registro do ato de concessão de aposentadoria de Waleska Valenca Manyari;</p><p>b) fazer as determinações contidas no subitem 1.7 abaixo.</p><p>1. Processo TC-011.870/2022-2 (APOSENTADORIA)</p><p>1.1. Interessada: Waleska Valenca Manyari (598.449.227-04)</p><p>1.2. Unidade: Fundação Universidade de Brasília</p><p>1.3. Relator: Ministro Jorge Oliveira</p><p>1.4. Representante do Ministério Público: Procurador Rodrigo Medeiros de Lima</p><p>1.5. Unidade Técnica: Secretaria de Fiscalização de Integridade de Atos e Pagamentos de Pessoal e de Benefícios Sociais (Sefip)</p><p>1.6. Representação legal: não há</p><p>1.7. Determinar à Fundação Universidade de Brasília que:</p><p>1.7.1. uma vez desconstituída a Ação que assegura, presentemente, o pagamento da rubrica judicial ora impugnada, adote as medidas administrativas necessárias à cessação do seu pagamento, promovendo, ainda, a reposição ao erário dos valores indevidamente percebidos, nos termos do art. 46 da Lei 8.112/1990, com a redação dada pela Medida Provisória 2.225-45/2001, caso a decisão judicial definitiva não venha a dispor em sentido contrário;</p><p>1.7.2. dê ciência, no prazo de quinze dias, a contar da notificação desta decisão, de seu inteiro teor à interessada e a alerte de que o efeito suspensivo proveniente da interposição de eventual recurso junto ao TCU não a eximirá da devolução dos valores percebidos indevidamente, caso o recurso não seja provido;</p><p>1.7.3. encaminhe ao TCU, no prazo de trinta dias, a contar da notificação desta decisão, comprovante da data de ciência do teor desta deliberação pela ex-servidora.</p>]]></Texto>
  </body>
  <Midias />
</article></xml>