﻿<xml><article id="27738311" name="ADE4RECIFE36" idOficio="9058038" pubName="DO1" artType="Ato Declaratório" pubDate="30/08/2022" artClass="00015:00045:00432:00096:00012:00000:00000:00000:00000:00000:00007:00000" artCategory="Ministério da Economia/Secretaria Especial da Receita Federal do Brasil/Subsecretaria-Geral da Receita Federal do Brasil/Superintendência Regional da 4ª Região Fiscal/Delegacia da Receita Federal do Brasil em Recife" artSize="12" artNotes="" numberPage="79" pdfPage="http://pesquisa.in.gov.br/imprensa/jsp/visualiza/index.jsp?data=30/08/2022&amp;jornal=515&amp;pagina=79" editionNumber="165" highlightType="" highlightPriority="" highlight="" highlightimage="" highlightimagename="" idMateria="19840914">
  <body>
    <Identifica><![CDATA[ ATO DECLARATÓRIO EXECUTIVO Nº 36, DE 25 DE AGOSTO DE 2022]]></Identifica>
    <Data><![CDATA[]]></Data>
    <Ementa><![CDATA[ Autoriza o fornecimento de selos de controle de bebidas para importação.]]></Ementa>
    <Titulo />
    <SubTitulo />
    <Texto><![CDATA[<p class="identifica">ATO DECLARATÓRIO EXECUTIVO Nº 36, DE 25 DE AGOSTO DE 2022</p><p class="ementa">Autoriza o fornecimento de selos de controle de bebidas para importação.</p><p>O DELEGADO-ADJUNTO DA RECEITA FEDERAL DO BRASIL NO RECIFE, no uso das atribuições que lhe são conferidas pelo artigo 336 do Regimento Interno da Secretaria da Receita Federal do Brasil, aprovado pela Portaria do Ministério da Fazenda nº 430, de 09 de outubro de 2017, publicada no DOU de 11 de outubro de 2017, com base na competência delegada pelo art. 1º da Portaria DRF/REC/PE nº 206, de 24 de julho de 2013, publicada no DOU de 31 de julho de 2013, e tendo em vista o inciso I do artigo 51 da Instrução Normativa RFB nº 1432, de 26 de dezembro de 2013, publicada no DOU de 27/12/2013, alterada pela Instrução Normativa RFB nº 1.518/2014, publicada no DOU de 28/11/2014 e IN RFB nº 1.583/2015, publicada no DOU de 01/09/2015, e o que consta do processo nº 13083.079114/2022-75, resolve:</p><p>Autorizar o fornecimento de 8.640 (oito mil, seiscentos e quarenta) selos de controle, tipo Uísque, cor amarela, para selagem no exterior, à empresa DM INTERNACIONAL IMPORTAÇÃO E EXPORTAÇÃO E COMÉRCIO ATACADISTA DE PRODUTOS EM GERAL EIRELLI LTDA., CNPJ nº. 28.104.405/0001-99, inscrita no Registro Especial de Estabelecimento Importador de Bebidas Alcoólicas sob o nº 04101/090, na categoria de Importador, de acordo com os seguintes elementos abaixo discriminados.</p><p /><p></p><table><tr /><tr><td rowspan="1" colspan="1"><p>Marca Comercial</p></td><td rowspan="1" colspan="1"><p>Características do Produto</p></td><td rowspan="1" colspan="1"><p>Quantidade de Unidades</p></td></tr><tr><td rowspan="1" colspan="1"><p>Grand Macnish 8 anos</p></td><td rowspan="1" colspan="1"><p>Caixas com 12 garrafas de 1000 ml, 40% GL</p></td><td rowspan="1" colspan="1"><p>8.640</p></td></tr></table><p class="assina">ROMERO MAYNARD DE ARRUDA FALCÃO</p>]]></Texto>
  </body>
  <Midias />
</article></xml>