﻿<xml><article id="27749694" name="1.Port. nA 646 - Institui a Matr" idOficio="9059025" pubName="DO1" artType="Portaria" pubDate="30/08/2022" artClass="00018:00001:00000:00000:00000:00000:00000:00000:00000:00000:00024:00017" artCategory="Ministério da Educação/Gabinete do Ministro" artSize="12" artNotes="" numberPage="183" pdfPage="http://pesquisa.in.gov.br/imprensa/jsp/visualiza/index.jsp?data=30/08/2022&amp;jornal=515&amp;pagina=183" editionNumber="165" highlightType="" highlightPriority="" highlight="" highlightimage="" highlightimagename="" idMateria="19842296">
  <body>
    <Identifica><![CDATA[ PORTARIA Nº 646, DE 25 DE AGOSTO DE 2022]]></Identifica>
    <Data><![CDATA[]]></Data>
    <Ementa><![CDATA[ Institui a Matriz de Distribuição Orçamentária, instrumento de distribuição anual do orçamento destinado aos Institutos Federais de Educação, Ciência e Tecnologia, ao Centro Federal de Educação Tecnológica de Minas Gerais, ao Centro Federal de Educação Tecnológica do Rio de Janeiro e ao Colégio Pedro II, que fazem parte da Rede Federal de Educação Profissional, Científica e Tecnológica - Rede Federal de EPCT.]]></Ementa>
    <Titulo />
    <SubTitulo />
    <Texto><![CDATA[<p class="identifica">PORTARIA Nº 646, DE 25 DE AGOSTO DE 2022</p><p class="ementa">Institui a Matriz de Distribuição Orçamentária, instrumento de distribuição anual do orçamento destinado aos Institutos Federais de Educação, Ciência e Tecnologia, ao Centro Federal de Educação Tecnológica de Minas Gerais, ao Centro Federal de Educação Tecnológica do Rio de Janeiro e ao Colégio Pedro II, que fazem parte da Rede Federal de Educação Profissional, Científica e Tecnológica - Rede Federal de EPCT.</p><p>O MINISTRO DE ESTADO DA EDUCAÇÃO, no uso das atribuições que lhe confere o art. 87, parágrafo único, inciso II, da Constituição, tendo em vista o disposto no art. 4º, § 2º, do Decreto nº 7.313, de 22 de setembro de 2010, em observância ao Decreto nº 10.195, de 30 de dezembro de 2019, e considerando o art. 7º da Portaria MEC nº 319, de 20 de maio de 2021, resolve:</p><p>CAPÍTULO I</p><p>DAS DISPOSIÇÕES GERAIS</p><p>Art. 1º Instituir, no âmbito do Ministério da Educação - MEC, a Matriz de Distribuição Orçamentária, instrumento de distribuição anual do orçamento destinado aos Institutos Federais de Educação, Ciência e Tecnologia, ao Centro Federal de Educação Tecnológica de Minas Gerais, ao Centro Federal de Educação Tecnológica do Rio de Janeiro e ao Colégio Pedro II - CP II, que fazem parte da Rede Federal de Educação Profissional, Científica e Tecnológica - Rede Federal de EPCT.</p><p>CAPÍTULO II</p><p>DA COMPOSIÇÃO E DA COLETA DE DADOS PARA A MATRIZ DE DISTRIBUIÇÃO</p><p>ORÇAMENTÁRIA DA REDE FEDERAL DE EPCT</p><p>Art. 2º A Matriz de Distribuição Orçamentária da Rede Federal de EPCT tem como base as informações publicadas pela última versão da Plataforma Nilo Peçanha.</p><p>Parágrafo único. É de responsabilidade das instituições que compõem a Rede Federal de EPCT fornecer, de forma fidedigna e tempestiva, as informações institucionais que integram a matriz orçamentária, conforme prevê a Portaria Setec/MEC nº 01, de 3 de janeiro de 2018.</p><p>Art. 3º A matriz orçamentária considerará, para fins de distribuição orçamentária, os seguintes blocos:</p><p>I - Funcionamento: manutenção e desenvolvimento das atividades globais da instituição, tendo como base a matrícula total, após deduzido o valor destinado à assistência estudantil;</p><p>II - Reitoria/Direção-Geral: manutenção e desenvolvimento das atividades da unidade gestora central, tendo a mesma base aplicada no bloco Funcionamento;</p><p>III - Qualidade e Eficiência: atividades desenvolvidas pelas instituições, aferida, a partir de indicadores disponíveis, na Plataforma Nilo Peçanha; e</p><p>IV - Assistência Estudantil: refere-se à assistência aos estudantes dos cursos presenciais e a distância, aos alunos em Regime de Internato Pleno - RIP e aos alunos de cursos de Formação Inicial e Continuada, com foco no acesso, na permanência e no êxito.</p><p>§ 1º Os conceitos e a metodologia de cálculo da matriz orçamentária, incluindo o cálculo da matrícula total, bem como dos indicadores de qualidade e eficiência e da assistência estudantil, estão dispostos no Anexo I desta Portaria.</p><p>§ 2º Os indicadores do bloco de Qualidade e Eficiência serão considerados no âmbito da instituição e não das unidades de ensino.</p><p>§ 3º O bloco Funcionamento equivale a 80% (oitenta por cento) do orçamento total e os blocos Reitoria e Qualidade equivalem, cada um, a 10% (dez por cento) do orçamento total a ser distribuído, após dedução do valor destinado à assistência estudantil.</p><p>Art. 4º Os blocos que compõe a matriz orçamentária da Rede Federal de EPCT serão compostos pelos seguintes indicadores:</p><p>I - número de matrícula total de cada instituição;</p><p>II - Eficiência Acadêmica - IEA;</p><p>III - Relação Aluno-Professor Presencial - RAPP;</p><p>IV - Marcos Legais do Curso Técnico, da Formação de Professores e da Educação de Jovens e Adultos - IAML; e</p><p>V - Renda Familiar Per Capita - RFP.</p><p>CAPÍTULO III</p><p>DA DISTRIBUIÇÃO ORÇAMENTÁRIA</p><p>Art. 5º O montante de recursos destinado à distribuição orçamentária da Rede Federal de EPCT será fixado pelo MEC.</p><p>§1º Caso o referencial estabelecido no caput seja igual, inferior ou represente aumento abaixo dos índices de correção monetários ordinários, em relação ao do exercício anterior, a Comissão Paritária poderá avaliar e ajustar metodologia para melhor distribuição.</p><p>§ 2º A Secretaria de Educação Profissional, Científica e Tecnológica - Setec poderá estabelecer projetos específicos para compor a Proposta de Lei Orçamentária Anual da Rede Federal de EPCT, com orçamento diverso daquele mencionado no caput do art. 5º desta Portaria.</p><p>Art. 6º O processo de distribuição orçamentária para os Cefets e para o CP II considerará as peculiaridades dessas instituições nos seguintes indicadores:</p><p>§1º Para o CP II será considerada a RAP Presencial média da Rede de EPCT.</p><p>§2º Para o Cefet/MG, o Cefet/RJ e o CP II serão atribuídos os percentuais legais médios da Rede Federal de EPCT para cursos técnicos, formação de professores e educação jovens e adultos - Anexo I.</p><p>Art. 7º Na distribuição orçamentária anual, a Secretaria de Educação Profissional, Científica e Tecnológica envidará esforços, nos limites da disponibilidade orçamentária, para manter, no mínimo, o referencial orçamentário do ano anterior atualizado pelo IPCA.</p><p>Art. 8º Estabelecer o piso de R$ 700.000,00 (setecentos mil reais) para os campi novos, no prazo de 5 (cinco) anos, a contar de sua autorização, mediante portaria do MEC.</p><p>Parágrafo único. Caso a unidade seja autorizada, após a publicação dos dados da Plataforma Nilo Peçanha, entrará na matriz somente no exercício seguinte ao de sua autorização.</p><p>Art. 9º A Matriz de Distribuição Orçamentária instituída nesta Portaria considerará um período de 3 (três) anos, a partir da Lei Orçamentária Anual - LOA de 2023, para que as instituições que não alcançarem o valor orçamentário equivalente ao do ano anterior ajustem os seus indicadores.</p><p>CAPÍTULO IV</p><p>DAS DISPOSIÇÕES FINAIS</p><p>Art. 10. A Comissão Paritária atuará de forma permanente na análise anual dos critérios, dos parâmetros e dos ponderadores que compõem a Matriz de Distribuição Orçamentária da Rede Federal de EPCT, de acordo com o que prevê o art. 7º da Portaria MEC nº 319, de 20 de maio de 2021.</p><p>Parágrafo único. Da análise prevista no caput poderá resultar a revisão dos indicadores e o seu percentual de abrangência.</p><p>Art. 11. Esta Portaria entra em vigor na data de sua publicação.</p><p class="assina">VICTOR GODOY VEIGA</p><p>ANEXO I</p><p>METODOLOGIA DE CÁLCULO DA MATRIZ DE DISTRIBUIÇÃO ORÇAMENTÁRIA DA REDE FEDERAL DE EPCT</p><p>O cálculo da Matriz de Distribuição Orçamentária da Rede Federal de EPCT utiliza o conjunto de dados acadêmicos que são informados pelas instituições por meio do Sistema Nacional de Informações da Educação Profissional e Tecnológica - Sistec e consolidados na Plataforma Nilo Peçanha - PNP. A matriz orçamentária de um dado ano é sempre elaborada com dados da PNP do ano anterior. Com base no valor proposto anualmente pelo Ministério da Economia - ME ao Ministério da Educação - MEC, a distribuição orçamentária será calculada entre as instituições da Rede Federal de EPCT por meio da Matriz de Distribuição Orçamentária da Rede Federal de EPCT.</p><p>A Matriz Orçamentária é composta por quatro blocos:</p><p>Funcionamento</p><p>Reitoria/Direção-geral</p><p>Qualidade e Eficiência</p><p>Assistência Estudantil</p><p>Nos blocos de "Funcionamento" e "Assistência Estudantil", a distribuição orçamentária ocorrerá no nível das Unidades Acadêmicas. Já nos blocos "Reitoria" e "Qualidade e Eficiência", a distribuição orçamentária ocorrerá no nível das Instituições. Cada bloco possui suas respectivas variáveis, conforme descritas na sequência.</p><p>O orçamento anual a ser destinado aos Institutos Federais será distribuído da seguinte forma:</p><p>Nesse sentido, a Matriz de Distribuição Orçamentária da Rede Federal de EPCT prevê as seguintes formas de distribuição, em seus respectivos blocos:</p><p>1. CÁLCULOS DO BLOCO DE FUNCIONAMENTO - MATRÍCULA TOTAL</p><p>Dados Estruturados extraídos da PNP para cálculo da Matrícula Total</p><p>Alunos matriculados por ciclo destacando os seguintes itens:</p><p>UF do Instituto;</p><p>Município do Campus;</p><p>Nome do Instituto - Nome do Campus;</p><p>Modalidade de Ensino (Presencial ou distância);</p><p>Área ou Eixo do Curso;</p><p>Tipo do Curso (ensino básico, ensino fundamental, ensino médio, técnico, tecnológico, licenciatura, graduação, especialização, mestrado profissional, mestrado, doutorado, formação inicial e continuada);</p><p>Proeja (SIM ou NÃO);</p><p>Nome do Curso;</p><p>Peso do Curso (baseado em levantamento efetuado pela Comissão de Pesos e Bonificação) (SEI nº 3410332);</p><p>Curso de Agropecuária - SIM ou NÃO (baseado em levantamento efetuado pela Comissão de Pesos e Bonificação) (SEI nº 3410332);</p><p>Código do Ciclo;</p><p>Nome do Ciclo;</p><p>Financiamento Externo (SIM ou NÃO);</p><p>Data Inicial do Período Analisado;</p><p>Data Final do Período Analisado;</p><p>Data do Início do Ciclo;</p><p>Data do Fim do Ciclo;</p><p>Carga Horária do Ciclo;</p><p>Número de Vagas Ofertadas por Ciclo (ou matrículas iniciais);</p><p>Número de Matrículas Ativas no Período Analisado; e</p><p>Número de Matrículas de Alunos que Concluíram o Curso (Formados).</p><p>Cálculo da Matrícula Total com base na PNP</p><p>O cálculo da matrícula total possui 4 (quatro) etapas: Equalização, Ponderação, Bonificação e Finalização das Matrículas Base. Segue o passo a passo de cada etapa:</p><p>Etapa 1 - Equalização: Tem por objetivo equiparar todos os ciclos ofertados, de acordo com suas respectivas cargas horárias, em relação à carga horária padrão de 800 (oitocentas) horas anuais e dias ativos do ciclo no período analisado.</p><p>1º Passo: Cálculo da Quantidade de dias do Ciclo:</p><p>QTDC = (DTC - DIC) + 1</p><p>Onde:</p><p>QTDC = Quantidade de dias do Ciclo</p><p>DTC = Data Prevista de Término do Ciclo</p><p>DIC = Data do Início do Ciclo</p><p>2º Passo: Cálculo da Carga Horária Média Diária</p><p>CHMD = CHM ÷ QTDC</p><p>Onde:</p><p>CHMD = Carga Horária Média Diária</p><p>CHM = Carga horária p/ Matriz (ajustada de acordo com o catálogo do MEC)</p><p>QTDC = Quantidade de dias do Ciclo</p><p>3º Passo: Cálculo da Carga Horária Anualizada</p><p>Se o Ciclo tem duração maior que 365 (trezentos e sessenta e cinco) dias:</p><p>CHA = CHMD x 365</p><p>Onde:</p><p>CHA = Carga Horária Anualizada</p><p>CHMD = Carga Horária Média Diária</p><p>Se o ciclo tem duração menor ou igual 365 (trezentos e sessenta e cinco) dias:</p><p>CHA = CHM</p><p>Onde:</p><p>CHA = Carga Horária Anualizada</p><p>CHM = Carga horária p/ Matriz (ajustada de acordo com o catálogo do MEC)</p><p>4º Passo: Cálculo do Fator de Equalização de Carga Horária</p><p>Se o Ciclo tem duração maior que 365 (trezentos e sessenta e cinco) dias:</p><p>FECH = CHA ÷ 800</p><p>Onde:</p><p>FECH = Fator de Equalização de Carga Horária</p><p>CHA = Carga Horária Anualizada</p><p>Se o ciclo tem duração menor ou igual 365 (trezentos e sessenta e cinco) dias:</p><p>FECH = CHC ÷ 800</p><p>Onde:</p><p>FECH = Fator de Equalização de Carga Horária</p><p>CHC = Carga horária do ciclo</p><p>5º Passo: Cálculo de Dias Ativos do Ciclo no Período Analisado</p><p>a) Ciclos que começaram antes do início do período analisado e finalizaram depois do término do período analisado (ciclo com duração integral em relação ao período analisado):</p><p>DACP1 = (DFP1P - DIP1P) + 1</p><p>Onde:</p><p>DACP1 = Dias Ativos do Ciclo no Período</p><p>DFP1P = Data do Final do Período Analisado</p><p>DIP1P = Data do Início do Período Analisado</p><p>b) Ciclos que começaram dentro do período analisado e terminaram depois do final do período analisado (ciclos com duração parcial em relação ao período analisado):</p><p>DACP2 = (DFP1P - DIC) + 1</p><p>Onde:</p><p>DACP2 = Dias Ativos do Ciclo no Período</p><p>DFP1P = Data do Final do Período Analisado</p><p>DIC = Data de Início do Ciclo</p><p>c) Ciclos que começaram antes do início do período analisado e terminaram dentro do período analisado e depois do início do período analisado (ciclos com duração parcial em relação ao período analisado):</p><p>DACP3 = (DTC - DIP1P) + 1</p><p>Onde:</p><p>DACP3 = Dias Ativos do Ciclo no Período</p><p>DIP1P = Data do Início do Período Analisado</p><p>DTC = Data Prevista de Término do Ciclo</p><p>d) Cursos que começaram depois do início do período analisado e terminaram antes do final do período analisado (Cursos com duração parcial em relação ao período analisado):</p><p>DACP4 = (DTC - DIC) + 1</p><p>Onde:</p><p>DACP4 = Dias Ativos do Ciclo no Período</p><p>DTC = Data Prevista de Término do Ciclo</p><p>DIC = Data de Início do Ciclo</p><p>e) Cursos que começaram antes do início do período analisado e terminaram antes do início do período analisado (Cursos que terminaram antes de iniciar o período analisado, mas que ainda têm alunos matriculados no ciclo):</p><p>DACP5 = ((DFP1P - DIP1P) + 1) ÷ 2</p><p>Onde:</p><p>DACP5 = Dias Ativos do Ciclo no Período</p><p>DFP1P = Data do Final do Período Analisado</p><p>DIP1P = Data do Início do Período Analisado</p><p>Obs.: Nestes casos é impossível calcular os dias ativos no ciclo, pois todos os alunos deveriam ter se formado. Consideramos, então, uma média de dias ativos igual à metade do número de dias do período analisado.</p><p>6º Passo: Cálculo do Fator de Equalização de Dias Ativos</p><p>FEDA = (DACP1+DACP2+DACP3+DACP4+DACP5) ÷ ((DFP1P - DIP1P) + 1)</p><p>Onde:</p><p>FEDA = Fator de Equalização de Dias Ativos</p><p>DACP1 a 5 = Dias Ativos do Ciclo no Período</p><p>DFP1P = Data do Final do Período Analisado</p><p>DIP1P = Data de Início do Período Analisado</p><p>7º Passo: Cálculo do Fator de Equalização de Carga Horária e Dias Ativos</p><p>FECHDA = FECH x FEDA</p><p>Onde:</p><p>FECHDA = Fator de Equalização de Carga Horária e Dias Ativos</p><p>FECH = Fator de Equalização de Carga Horária</p><p>FEDA = Fator de Equalização de Dias Ativos</p><p>8º Passo: Cálculo das Matrículas Equalizadas por Carga Horária e Dias Ativos</p><p>MECHDA = FECHDA x QTM1P</p><p>Onde:</p><p>MECHDA = Matrículas Equalizadas por Carga Horária e Dias Ativos</p><p>FECHDA = Fator de Equalização de Carga Horária e Dias Ativos</p><p>QTM1P = Matrículas Ativas no Período Analisado.</p><p>Vale destacar que, se a data prevista para o término do ciclo é anterior ao início do período analisado, todos os alunos ainda ativos já deveriam ter se formado. Portanto, para que se insira um fator qualitativo na Matriz Orçamentária, os alunos que já deveriam ter se formado até 3 (três) anos depois do término dos seus ciclos serão considerados e os que já deveriam ter se formado e estão ativos a mais de 3 (três) anos do término dos seus ciclos não serão mais considerados. Nestes casos, utiliza-se a fórmula abaixo:</p><p>MECHDA = FECHDA x QTM1P x 50%</p><p>Onde:</p><p>MECHDA = Matrículas Equalizadas por Carga Horária e Dias Ativos</p><p>FECHDA = Fator de Equalização de Carga Horária e Dias Ativos</p><p>QTM1P = Matrículas Ativas no Período Analisado.</p><p>Etapa 2 - Ponderação: Tem por objetivo aplicar os pesos atribuídos a cada curso sobre as matrículas equalizadas, conforme detalhamento a seguir:</p><p>9º Passo: Cálculo das Matrículas Ponderadas</p><p>MP = MECHDA x PC</p><p>Onde:</p><p>MP = Matrículas Ponderadas</p><p>MECHDA = Matrículas Equalizadas por Carga Horária e Dias Ativos</p><p>PC = Peso do Curso</p><p>Etapa 3 - Bonificação: Tem por objetivo acrescentar uma bonificação para cursos da área de agropecuária devido à necessidade de manutenção em condições de fazenda.</p><p>10º Passo: Cálculo do Bônus para Cursos de Agropecuária</p><p>Se Curso de Agropecuária = "SIM":</p><p>BA = MP x 50%</p><p>Onde:</p><p>BA = Bônus de Curso de Agropecuária</p><p>MP = Matrículas Ponderadas</p><p>Se Curso de Agropecuária = "NÃO":</p><p>BA = 0</p><p>Onde:</p><p>BA = Bônus de Curso de Agropecuária</p><p>Etapa 4 - Finalização</p><p>11º Passo: Cálculo das Matrículas Totais</p><p>MT = MP + BA</p><p>Onde:</p><p>MT2020 = Matrículas Totais</p><p>MP = Matrículas Ponderadas</p><p>BA = Bônus Agropecuária</p><p>Cálculo da Matrícula Total EaD com base na PNP</p><p>Nos valores destinados às Matrículas EAD existe ainda uma subdivisão entre Matrículas com financiamento próprio que equivalem a 80% (oitenta por cento) de uma Matrícula Presencial e Matrículas com financiamento externo (UAB, Novos Caminhos...) que equivalem a 25% (vinte e cinco por cento) de uma Matrícula Presencial, conforme demonstrado a seguir:</p><p>MEAD = CMTD25 + CMTD80</p><p>Onde:</p><p>MEAD = Matriz EAD</p><p>CMTD25 = Complemento da Matrícula EAD (25% da Matrícula Total Presencial)</p><p>CMTD80 = Complemento da Matrícula EAD (80% da Matrícula Total Presencial)</p><p>CMTD25 = MTD25 Campus * VMTD25</p><p>Onde:</p><p>CMTD25 = Complemento da Matrícula EAD (25% da Matrícula Total Presencial)</p><p>VMTD25 = Valor da Matrícula EAD (25% da Matrícula Total Presencial)</p><p>MTD25 = Matrículas Totais dos cursos EAD com financiamento externo</p><p>CMTD80 = MTD80 Campus * VMTD80</p><p>Onde:</p><p>CMTD80 = Valor da Matrícula EAD (80% da Matrícula Total Presencial)</p><p>VMTD80 = Valor da Matrícula EAD (80% da Matrícula Total Presencial)</p><p>MTD80 = Matrículas Totais dos cursos EAD com financiamento próprio</p><p>Critérios utilizados como referência para os pesos dos cursos</p><p>Número de laboratórios profissionalizantes previstos para cada curso técnico conforme CNCT 2022.</p><p>Peso 1,0: 1 (um) laboratório;</p><p>Peso 1,5: 2 (dois) laboratórios;</p><p>Peso 2,0: 3 (três) laboratórios;</p><p>Peso 2,5: 4 (quatro) ou mais laboratórios.</p><p>Divisão dos Pesos:</p><p>Cursos FIC: Peso 1,0;</p><p>Ensino Básico: Peso 2,0;</p><p>Ensino Fundamental I: Peso 2,0;</p><p>Ensino Fundamental II: Peso 1,5 (em função dos laboratórios propedêuticos);</p><p>Ensino Médio: Peso 1,5 (em função dos laboratórios propedêuticos);</p><p>Cursos Técnicos: Peso de acordo com critério de referência. Cursos integrados terão no mínimo Peso 1,5 (em função dos laboratórios propedêuticos);</p><p>Cursos Proeja: Peso 2,5;</p><p>Cursos Superiores:</p><p>Tecnologia e Bacharelados: verticalização a partir do critério de referência;</p><p>Licenciaturas: todos os cursos com peso 2,5;</p><p>Pós-Graduação Lato Sensu: indicação de peso a partir dos critérios de referência;</p><p>Pós-Graduação Stricto Sensu: Peso 2,5 mais bonificação de 50% = Peso 3,75.</p><p>2. CÁLCULOS DO BLOCO QUALIDADE E EFICIÊNCIA</p><p>O bloco Qualidade e Eficiência é composto por três indicadores:</p><p>IEA - Índice de Eficiência Acadêmica Equalizado;</p><p>O IEA Equalizado, como não possui meta legal estabelecida, usará como parâmetro a média da eficiência da Rede Federal de EPCT, disponível na Plataforma Nilo Peçanha, excluindo as Escolas Técnicas Vinculadas e os Cursos de Qualificação Profissional.</p><p>RAPP - Relação Aluno-Professor Presencial Equalizada;</p><p>Como parâmetro para o indicador RAPP, será utilizada a meta legal = 20, estabelecida na estratégia 11.11, do Plano Nacional de Educação (Lei nº 13.005/2014), transcrita a seguir:</p><p>11.11) elevar gradualmente a taxa de conclusão média dos cursos técnicos de nível médio na Rede Federal de Educação Profissional, Científica e Tecnológica para 90% (noventa por cento) e elevar, nos cursos presenciais, a relação de alunos(as) por professor para 20 (vinte);</p><p>IAML - Índice de Atendimento ao Marco Legal Equalizado.</p><p>O IAML será composto pela média ponderada dos percentuais legais previstos no art. 8º da Lei nº 11.892/2008, transcrito a seguir:</p><p>Art. 8º No desenvolvimento da sua ação acadêmica, o Instituto Federal, em cada exercício, deverá garantir o mínimo de 50% (cinquenta por cento) de suas vagas para atender aos objetivos definidos no inciso I do caput do art. 7º desta Lei, e o mínimo de 20% (vinte por cento) de suas vagas para atender ao previsto na alínea b do inciso VI do caput do citado art. 7º.</p><p>A distribuição orçamentária será aplicada neste bloco, considerando os indicadores gerais da instituição, e seus cálculos estão descritos a seguir.</p><p>Faixas e Pesos do Bloco Qualidade e Eficiência</p><p>São utilizadas diferentes faixas no bloco Qualidade e Eficiência, as quais são aplicadas aos resultados obtidos nos indicadores propostos (IEA Equalizado, RAPP Equalizada e IAML Equalizado).</p><p>O IEA Equalizado usará como parâmetro a média da eficiência da Rede Federal de EPCT, disponibilizado pela PNP para pontuar as 5 (cinco) faixas, conforme apresentado na Tabela 1:</p><p>Tabela 1 - Faixas do IEA</p><p /><p></p><table><tr /><tr><td rowspan="1" colspan="1"><p><strong>Faixas de IEA</strong></p></td><td rowspan="1" colspan="1"><p><strong>PESOS</strong></p></td></tr><tr><td rowspan="1" colspan="1"><p>IEA PNP &lt; 0,90 * IEA Rede</p></td><td rowspan="1" colspan="1"><p>0,5</p></td></tr><tr><td rowspan="1" colspan="1"><p>0,90 * IEA Rede £ IEA PNP &lt; IEA Rede</p></td><td rowspan="1" colspan="1"><p>1</p></td></tr><tr><td rowspan="1" colspan="1"><p>IEA Rede £ IEA PNP &lt; 1,10 * IEA Rede</p></td><td rowspan="1" colspan="1"><p>1,5</p></td></tr><tr><td rowspan="1" colspan="1"><p>1,10 * IEA Rede £ IEA PNP &lt; 1,20 * IEA Rede</p></td><td rowspan="1" colspan="1"><p>2</p></td></tr><tr><td rowspan="1" colspan="1"><p>IEA PNP ³ 1,20 * IEA Rede</p></td><td rowspan="1" colspan="1"><p>2,5</p></td></tr></table><p>A RAPP Equalizada usará como parâmetro o marco legal definido para a Rede Federal de EPCT (RAP=20) para pontuar as quatro faixas, apresentadas na Tabela 2:</p><p>Tabela 2 - Faixas da RAPP</p><p /><p></p><table><tr /><tr><td rowspan="1" colspan="1"><p><strong>Faixas de RAPP</strong></p></td><td rowspan="1" colspan="1"><p><strong>PESOS</strong></p></td></tr><tr><td rowspan="1" colspan="1"><p></p></td><td rowspan="1" colspan="1"><p></p></td></tr><tr><td rowspan="1" colspan="1"><p>RAPP PNP &lt; 18</p></td><td rowspan="1" colspan="1"><p>0</p></td></tr><tr><td rowspan="1" colspan="1"><p>18 £ RAPP PNP &lt; 20</p></td><td rowspan="1" colspan="1"><p>1</p></td></tr><tr><td rowspan="1" colspan="1"><p>20 £ RAPP PNP &lt; 22</p></td><td rowspan="1" colspan="1"><p>2</p></td></tr><tr><td rowspan="1" colspan="1"><p>RAPP PNP ³ 22</p></td><td rowspan="1" colspan="1"><p>2,5</p></td></tr></table><p>O IAML Equalizado terá como parâmetro os marcos legais definidos para o Curso Técnico (CT = 50%), a Formação de Professores (FP = 20%) e a Educação de Jovens e Adultos (EJA = 10%) na Rede Federal de EPCT, para pontuar as diferentes faixas de resultados.</p><p>As faixas de resultados definidas para o IAML são específicas para cada tipo de curso, usando um fator de correção para cada resultado encontrado, conforme demonstrado nas tabelas 3, 4 e 5, a seguir:</p><p>Tabela 3 - Faixas do CT para o IAML</p><p /><p></p><table><tr /><tr><td rowspan="1" colspan="1"><p><strong>Faixas de CT</strong></p></td><td rowspan="1" colspan="1"><p><strong>Fator de correção</strong></p></td></tr><tr><td rowspan="1" colspan="1"><p>CT PNP &lt;0,50</p></td><td rowspan="1" colspan="1"><p>0</p></td></tr><tr><td rowspan="1" colspan="1"><p>0,50 £ CT PNP &lt; 0,60</p></td><td rowspan="1" colspan="1"><p>1</p></td></tr><tr><td rowspan="1" colspan="1"><p>CT PNP ³ 0,60</p></td><td rowspan="1" colspan="1"><p>2</p></td></tr></table><p>Tabela 4 - Faixas do FP para o IAML</p><p /><p></p><table><tr /><tr><td rowspan="1" colspan="1"><p><strong>Faixas de FP</strong></p></td><td rowspan="1" colspan="1"><p><strong>Fator de correção</strong></p></td></tr><tr><td rowspan="1" colspan="1"><p>FP PNP &lt; 0,10</p></td><td rowspan="1" colspan="1"><p>0</p></td></tr><tr><td rowspan="1" colspan="1"><p>0,10 £ FP PNP &lt; 0,15</p></td><td rowspan="1" colspan="1"><p>1</p></td></tr><tr><td rowspan="1" colspan="1"><p>0,15 £ FP PNP &lt; 0,20</p></td><td rowspan="1" colspan="1"><p>2</p></td></tr><tr><td rowspan="1" colspan="1"><p>FP PNP ³ 0,20</p></td><td rowspan="1" colspan="1"><p>2,5</p></td></tr></table><p>Tabela 5 - Faixas do EJA para o IAML</p><p /><p></p><table><tr /><tr><td rowspan="1" colspan="1"><p><strong>Faixas de EJA</strong></p></td><td rowspan="1" colspan="1"><p><strong>Fator de correção</strong></p></td></tr><tr><td rowspan="1" colspan="1"><p>EJA PNP &lt; 0,025</p></td><td rowspan="1" colspan="1"><p>0</p></td></tr><tr><td rowspan="1" colspan="1"><p>0,025 £ EJA PNP &lt; 0,05</p></td><td rowspan="1" colspan="1"><p>1</p></td></tr><tr><td rowspan="1" colspan="1"><p>0,05 £ EJA PNP &lt; 0,10</p></td><td rowspan="1" colspan="1"><p>2</p></td></tr><tr><td rowspan="1" colspan="1"><p>EJA PNP ³ 0,10</p></td><td rowspan="1" colspan="1"><p>2,5</p></td></tr></table><p>Para se calcular o IAML Equalizado, são atribuídos pesos aos respectivos cursos:</p><p>Cursos Técnicos - Peso 7;</p><p>Formação de Professores - Peso 2; e</p><p>Educação de Jovens e Adultos - Peso 1.</p><p>Cabe destacar que as peculiaridades do Cefet/MG, Cefet/RJ e Colégio Pedro II serão consideradas na aplicação dos indicadores, em especial do IAML e, no caso do CP II, há considerações também da RAPP, de modo que outras formas de distribuição orçamentária poderão ser avaliadas, caso esta venha a gerar algum tipo de prejuízo para estas instituições.</p><p>A RAP Presencial, obtida na PNP, é válida para todos os IFs e Cefets. Já para Colégio Pedro II, dadas suas peculiaridades na oferta da educação infantil e, com o objetivo de manter padronizada a metodologia proposta para a matriz de distribuição orçamentária, sem causar quaisquer prejuízos para a instituição, será utilizada a RAP presencial média da Rede Federal de EPCT, apurada na PNP.</p><p>O IAML será aplicado aos Institutos Federais, conforme percentuais legais disponíveis na PNP. Para o Cefet MG, Cefet RJ e Colégio Pedro II, considerando suas peculiaridades nas ofertas e, com o objetivo de manter padronizada a metodologia proposta para a matriz de distribuição orçamentária, sem causar quaisquer prejuízos para as instituições, serão atribuídos os percentuais legais médios da Rede Federal de EPCT para Cursos Técnicos, Formação de Professores e Educação de Jovens e Adultos, apurados na PNP.</p><p>Roteiros dos cálculos do Bloco Qualidade e Eficiência</p><p>Os cálculos previstos para o IEA Equalizado, a RAPP Equalizada e o IAML Equalizado obedecem ao roteiro listado na sequência, de acordo com as faixas de resultados expostas anteriormente, conforme Quadros 1, 2 e 3 a seguir:</p><p>Quadro 1 - Roteiro de cálculo do IEA Equalizado</p><p /><p></p><table><tr /><tr><td rowspan="1" colspan="1"><p>1. Verifica-se o IEA PNP de cada instituição da Rede Federal de EPCT, excluindo os cursos de Qualificação Profissional para enquadramento na respectiva faixa de resultados.</p></td></tr><tr><td rowspan="1" colspan="1"><p>2. Calcula-se o IEA Ponderado de cada instituição, através da aplicação do peso sobre seu IEA PNP, conforme sua respectiva faixa de resultado.</p></td></tr><tr><td rowspan="1" colspan="1"><p>3. Soma-se todos os IEAs Ponderados das instituições.</p></td></tr><tr><td rowspan="1" colspan="1"><p>4. Calcula-se o IEA Equalizado de cada instituição, por meio do cálculo percentual do seu IEA Ponderado em relação ao somatório dos IEAs Ponderados da Rede Federal de EPCT.</p></td></tr></table><p>Quadro 2 - Roteiro de cálculo da RAPP Equalizada</p><p /><p></p><table><tr /><tr><td rowspan="1" colspan="1"><p>1. Verifica-se a RAPP PNP de cada instituição da Rede Federal de EPCT.</p></td></tr><tr><td rowspan="1" colspan="1"><p>2. Calcula-se a RAPP Ponderada de cada instituição, por meio da aplicação do peso sobre sua RAPP PNP, conforme sua respectiva faixa de resultado.</p></td></tr><tr><td rowspan="1" colspan="1"><p>3. Soma-se todas as RAPPs Ponderadas das instituições.</p></td></tr><tr><td rowspan="1" colspan="1"><p>4. Calcula-se a RAPP Equalizada de cada instituição, por meio do cálculo percentual da sua RAPP Ponderada em relação ao somatório das RAPPs Ponderadas da Rede Federal de EPCT.</p></td></tr></table><p>Quadro 3 - Roteiro de cálculo do IAML Equalizado</p><p /><p></p><table><tr /><tr><td rowspan="1" colspan="1"><p>1. Verifica-se as porcentagens do Curso Técnico - CT, da Formação de Professor - FP e da Educação de Jovens e Adultos - EJA de cada instituição da Rede Federal de EPCT.</p></td></tr><tr><td rowspan="1" colspan="1"><p>2. Calcula-se o CT Ponderado, a FP Ponderada e a EJA Ponderada de cada instituição, por meio da aplicação do fator de correção, conforme sua respectiva faixa de resultado.</p></td></tr><tr><td rowspan="1" colspan="1"><p>3. Somam-se todos os CTs Ponderados, as FPs Ponderadas e as EJAs Ponderadas.</p></td></tr><tr><td rowspan="1" colspan="1"><p>4. Calcula-se o CT Equalizado de cada instituição, por meio do cálculo percentual do seu CT Ponderado em relação ao somatório dos CTs Ponderados da Rede Federal de EPCT. Deve-se repetir o mesmo procedimento para os cursos FP e EJA.</p></td></tr><tr><td rowspan="1" colspan="1"><p>5. Calcula-se o IAML Equalizado, a partir da média ponderada do CT Equalizado, FP Equalizada e EJA Equalizada, aplicando os pesos: CT (7), FP (2) e EJA (1).</p></td></tr></table><p>De acordo com os roteiros de cálculo estabelecidos para a Qualidade e Eficiência da Matriz de Distribuição Orçamentária da Rede Federal de EPCT, seguem as equações para os respectivos cálculos:</p><p>Cálculo do IEA Equalizado:</p><p>Cálculo da RAPP Equalizada:</p><p>Cálculo do IAML Equalizado</p><p>Cursos Técnicos - CT</p><p>Formação de Professores - FP</p><p>Educação Jovens e Adultos - EJA</p><p>Cálculo final do IAML Equalizado</p><p>Considerando os resultados obtidos no Curso Técnico Equalizado, na Formação de Professor Equalizada e na Educação de Jovens e Adultos Equalizada, calcula-se o IAML Equalizado, por meio da média ponderada, aplicando os seguintes pesos: CT (7), FP (2) e EJA (1)</p><p>3. CÁLCULOS DO BLOCO ASSISTÊNCIA ESTUDANTIL</p><p>Os valores de referência para Assistência Presencial, EAD e RIP são calculados conforme metodologia a seguir:</p><p>1. Valor da Assistência Presencial: representa o valor da assistência presencial do ano anterior, atualizado pelo IPCA e pelo percentual de variação de matrículas em relação ao ano anterior.</p><p>2. Valor da Assistência RIP: representa o valor da assistência do Regime de Internato Pleno do ano anterior, atualizado pelo IPCA e pelo percentual de variação de matrículas em relação ao ano anterior. O número de alunos RIP é levantado diretamente junto às instituições da Rede Federal de EPCT, que informam mediante ofício do gestor da instituição.</p><p>3. Valor da Assistência EAD: representa o valor da assistência estudantil destinada à educação a distância do ano anterior, atualizado pelo IPCA e pelo percentual de variação de matrículas em relação ao ano anterior.</p><p>Abordagem da Distribuição da Assistência Estudantil</p><p>Deliberada em junho/2020, essa abordagem apresenta uma metodologia para distribuição dos orçamentos destinados à Assistência Estudantil (AE) na Rede Federal de EPCT, exclusivamente dos cursos das modalidades Presencial (Curso Presencial) e a Distância (EaD), a princípio, buscando maior assistência aos alunos das faixas de renda mais baixas.</p><p>Com o objetivo de atender às necessidades do aluno matriculado nos campi da Rede Federal de EPCT, o princípio dessa proposta é a vulnerabilidade social desse aluno. Logo, a base da nova distribuição de AE (Curso Presencial e EaD) é a faixa de Renda Familiar Per Capita (RFP) do aluno matriculado (Tabela 6), e não mais o índice de Desenvolvimento Humano do município, conforme era a base do critério adotado anteriormente pela Matriz Conif.</p><p>Tabela 6 - Atribuição de pesos na RFP para Assistência Estudantil</p><p /><p></p><table><tr /><tr><td rowspan="1" colspan="1"><p><strong>Declaração da renda</strong></p></td><td rowspan="1" colspan="1"><p>0 &lt; RFP £ 0,5 SM</p></td><td rowspan="1" colspan="1"><p>0,5 &lt; RFP £ 1 SM</p></td><td rowspan="1" colspan="1"><p>1 &lt; RFP £ 1,5 SM</p></td><td rowspan="1" colspan="1"><p>1,5 &lt; RFP £ 2,5 SM</p></td><td rowspan="1" colspan="1"><p>2,5 &lt; RFP £ 3,5 SM</p></td><td rowspan="1" colspan="1"><p>RFP ³ 3,5 SM</p></td></tr><tr><td rowspan="1" colspan="1"><p><strong>Pesos</strong></p></td><td rowspan="1" colspan="1"><p>2,5</p></td><td rowspan="1" colspan="1"><p>2</p></td><td rowspan="1" colspan="1"><p>1,5</p></td><td rowspan="1" colspan="1"><p>1</p></td><td rowspan="1" colspan="1"><p>0,5</p></td><td rowspan="1" colspan="1"><p>0</p></td></tr></table><p>Roteiros dos cálculos do Bloco Assistência Estudantil</p><p>De posse do número de alunos declarantes da renda, conforme dados disponíveis na Plataforma Nilo Peçanha e o enquadramento nas respectivas faixas de RFP, em todas as instituições da Rede Federal de EPCT, é possível calcular os valores de AE, de acordo com o roteiro a seguir:</p><p>1. Identificar o total de matrículas da instituição, considerando exclusivamente as matrículas mantidas por meio de orçamento próprio, excluindo qualquer tipo de matrícula com financiamento externo.</p><p>2. Identificar a quantidade total de matrículas, segregadas por modalidade de ensino (presencial e a distância).</p><p>3. Identificar a distribuição percentual das matrículas dos declarantes por instituição, considerando as faixas de Renda Familiar Per Capita - RFP.</p><p>4. Calcular a "quantidade de matrículas equalizadas pela renda" multiplicando a quantidade total de matrícula de cada modalidade de ensino (Curso Presencial e EaD), pelo percentual de declarantes em cada faixa de RFP e pelo peso atribuído a cada faixa de RFP, conforme apresentado na tabela 6.</p><p>Até a Matriz 2020, o cálculo da distribuição da AE foi 100% por meio do IDH do município. Com a institucionalização da PNP, foi possível coletar informações quanto à "quantidade de matrículas equalizadas pela renda". Desta forma, ficou acordada uma mudança na distribuição dos recursos da AE, passando a ser distribuída conforme a seguir: matriz 2021: 75% calculado pelo IDH e 25% pela "quantidade de matrículas equalizadas pela renda"; matriz 2022: 50% calculado pelo IDH e 50% pela "quantidade de matrículas equalizadas pela renda"; matriz 2023: 25% calculado pelo IDH e 75% pela "quantidade de matrículas equalizadas pela renda"; a partir da matriz 2024: 100% calculado pela "quantidade de matrículas equalizadas pela renda".</p><p>Cálculos da Assistência Estudantil:</p><p>Conforme já exposto anteriormente, os valores destinados à Assistência Estudantil são compostos com base em Matrículas Presenciais e Matrículas EAD. Para as Unidades que possuírem Alunos em Regime de Internato Pleno, será adicionado um valor em função do número de Alunos Internos.</p><p>De acordo com o roteiro e os pesos estabelecidos, são aplicadas as seguintes fórmulas para cálculo da Assistência Estudantil:</p><p>MAE = MAEP + MAEEAD + MAERIP</p><p>Onde:</p><p>MAE = Matriz Assistência Estudantil</p><p>MAEP = Matriz Assistência Estudantil Matrículas Presenciais</p><p>MAEEAD = Matriz Assistência Estudantil Matrículas EAD</p><p>MAERIP = Matriz Assistência Estudantil Alunos em Regime de Internato Pleno</p><p>MAERIP = QRIP/ SOMA QRIP * AERIP</p><p>Onde:</p><p>MAERIP = Matriz Assistência Estudantil Alunos em regime de internato pleno</p><p>QRIP = Quantidade de alunos em Regime de Internato Pleno</p><p>AERIP = Assistência Estudantil RIP</p><p>MAEP = MAEP IDH + MAEP RPC</p><p>Onde:</p><p>MAEP = Matriz Assistência Estudantil Matrículas Presenciais</p><p>MAEP IDH = Matriz Assistência Estudantil Matrículas Presenciais (IDH)</p><p>MAEP RPC = Matriz Assistência Estudantil Matrículas Presenciais (Renda)</p><p>MAEEAD = MAEEAD IDH + MAEEAD RPC</p><p>Onde:</p><p>MAEEAD = Matriz Assistência Estudantil Matrículas EAD</p><p>MAEEAD IDH = Matriz Assistência Estudantil Matrículas EAD (IDH)</p><p>MAEEAD RPC = Matriz Assistência Estudantil Matrículas EAD (Renda)</p><p>IDH Médio = Soma IDH Ponderado / Soma MECHDA</p><p>Onde:</p><p>IDH Ponderado = Produto entre IDH Município e a MECHDA</p><p>MECHDA = Matrículas Equalizadas por Carga Horária e Dias Ativos (8º passo da MT)</p><p>FPIDH = (IDH - IDH Médio) * (Maior IDH/Menor IDH)</p><p>Onde:</p><p>FPIDH = Fator de Potencialização do IDH</p><p>IDH = Índice de Desenvolvimento Humano</p><p>RDA = RDA Médio - (FPIDH * RDA Médio)</p><p>Onde:</p><p>RDA = Recursos a serem disponibilizados por aluno (R$)</p><p>FPIDH = Fator de Potencialização do IDH</p><p>MAE IDH = MECHDA * RDA</p><p>Onde:</p><p>MAE IDH = Matriz Assistência Estudantil Matrículas (IDH)</p><p>MECHDA = Matrículas Equalizadas por Carga Horária e Dias Ativos (8º passo da MT)</p><p>RDA = Recursos a serem disponibilizados por aluno (R$)</p><p>ID RPC = MECHDA * VR</p><p>Onde:</p><p>ID RPC = Índice Distribuição Renda</p><p>VR = Valor Ponderação Renda</p><p>MECHDA = Matrículas Equalizadas por Carga Horária e Dias Ativos (8º passo da MT)</p><p>MAE RPC = ID RPC * VAE RPC</p><p>Onde:</p><p>MAE RPC = Matriz Assistência Estudantil Matrículas (Renda)</p><p>ID RPC = Índice Distribuição Renda</p><p>VAE RPC = Valor Assistência Estudantil (Renda)</p>]]></Texto>
  </body>
  <Midias />
</article></xml>