﻿<xml><article id="27752371" name="PORTARIA UFRJ 326" idOficio="9060821" pubName="DO1" artType="Portaria" pubDate="30/08/2022" artClass="00018:00111:00000:00000:00000:00000:00000:00000:00000:00000:00054:00000" artCategory="Ministério da Educação/Universidade Federal do Rio de Janeiro" artSize="12" artNotes="" numberPage="190" pdfPage="http://pesquisa.in.gov.br/imprensa/jsp/visualiza/index.jsp?data=30/08/2022&amp;jornal=515&amp;pagina=190" editionNumber="165" highlightType="" highlightPriority="" highlight="" highlightimage="" highlightimagename="" idMateria="19845098">
  <body>
    <Identifica><![CDATA[ PORTARIA UFRJ Nº 326,  DE 29 DE AGOSTO DE 2022]]></Identifica>
    <Data><![CDATA[]]></Data>
    <Ementa><![CDATA[ Delega competência ao Diretor da Inova UFRJ e ao seu substituto.]]></Ementa>
    <Titulo />
    <SubTitulo />
    <Texto><![CDATA[<p class="identifica">PORTARIA UFRJ Nº 326, DE 29 DE AGOSTO DE 2022</p><p class="ementa">Delega competência ao Diretor da Inova UFRJ e ao seu substituto.</p><p>A REITORA DA UNIVERSIDADE FEDERAL DO RIO DE JANEIRO, nomeada pelo Decreto de 31 de maio de 2019, publicado no Diário Oficial da União de 3 de junho de 2019, no uso de suas atribuições legais, estatutária e regimental, com base no § 2º do art. 16 da Lei nº 10.973, de 2 de dezembro de 2004, com redação dada pela Lei nº 13.243, de 11 de janeiro de 2016, e nos arts. 11 e 12 do Decreto-Lei nº 200/67, visando à descentralização prevista na Reforma Administrativa, resolve:</p><p>Art. 1º Delegar competência ao Diretor da Inova UFRJ, e, na sua ausência, ao seu substituto para, sem prejuízo das atribuições regimentalmente atinentes ao cargo, praticar os atos administrativos a seguir enumerados:</p><p>I - solicitar, em nome da UFRJ, junto aos órgãos competentes do país e do exterior a proteção dos direitos relativos à propriedade intelectual sobre as criações, assim definidas na Lei nº 10.973, de 2004, podendo praticar os seguintes atos:</p><p>a) requerer depósito de pedido de patente e concessão de patentes (patentes de invenção, modelos de utilidade e certificado de adição);</p><p>b) requerer registro de marcas, desenhos industriais, programas de computador (software), indicações geográficas e proteção de cultivares;</p><p>c) requerer registro de direito autoral;</p><p>d) requerer buscas e certidões;</p><p>e) requerer exames técnicos de patentes, cumprir exigências formais e técnicas, efetuar pagamentos de anuidades;</p><p>f) apresentar oposições, impugnações, pedidos de reconsideração, recursos e réplicas;</p><p>g) requerer a anotação de alteração de nome, transferência de titularidade e a averbação de transferências ou cessões, averbação de contratos de licença de uso de tecnologias e assistência técnica em benefício da UFRJ;</p><p>h) assinar procurações conferindo poderes a instituições parceiras ou escritórios de propriedade intelectual para representar a UFRJ junto aos órgãos competentes no Brasil e no exterior, na adoção de providências que visem à proteção e à manutenção dos direitos de propriedade intelectual da UFRJ;</p><p>i) providenciar todos os demais atos que tenham por objetivo solicitar a proteção e a manutenção dos direitos de propriedade intelectual da UFRJ no Brasil e no exterior; e</p><p>j) todos os demais atos que envolvam a proteção, a manutenção e a defesa dos direitos de propriedade intelectual da UFRJ perante os órgãos competentes do país e do exterior.</p><p>II - firmar compromissos, acordos e instrumentos congêneres, em nome da UFRJ, com a finalidade exclusiva de resguardar o sigilo e os direitos de propriedade intelectual da UFRJ, tais como:</p><p>a) acordos de confidencialidade, definidos como sendo acordos que têm por objetivo proteger o sigilo das criações, informações confidenciais, conhecimentos (know-how) e segredos de negócios desenvolvidos pelos pesquisadores da UFRJ e instituições parceiras;</p><p>b) documentos que envolvam o interesse da UFRJ perante terceiros para transferência de tecnologia, ou qualquer outra modalidade contratual que envolva a propriedade intelectual da UFRJ, nos termos do inciso X do § 1º do art. 16 da Lei nº 10.973, de 2004;</p><p>c) acordos com instituições públicas ou privadas que tenham como objeto a definição de direitos e deveres sobre a propriedade intelectual de titularidade da UFRJ; e</p><p>d) acordos com instituições públicas ou privadas que tenham como objeto a proteção, a manutenção e a defesa dos direitos de propriedade intelectual da UFRJ, bem como para exercício das competências do Núcleo de Inovação Tecnológica previstas no art. 16 da Lei nº 10.973, de 2004.</p><p>Art. 2º Ficam revogadas as seguintes Portarias:</p><p>I - Portaria nº 9.095, de 30 de agosto de 2019, publicada no Boletim UFRJ nº 36, de 5 de setembro de 2019; e</p><p>II - Portaria nº 3.991, de 14 de maio de 2021, publicada no Boletim UFRJ nº 20, de 20 de maio de 2021.</p><p>Art. 3º Esta Portaria entra em vigor na data de sua publicação, considerando a urgência para a assinatura de alguns do atos delegados.</p><p class="assina">DENISE PIRES DE CARVALHO</p>]]></Texto>
  </body>
  <Midias />
</article></xml>