﻿<xml><article id="27745592" name="DESP. DO DIRETOR - substituto 26" idOficio="9059309" pubName="DO1" artType="Despacho" pubDate="30/08/2022" artClass="00020:00032:00006:00000:00000:00000:00000:00000:00000:00000:00024:00000" artCategory="Ministério da Justiça e Segurança Pública/Secretaria Nacional de Justiça/Departamento de Promoção de Políticas de Justiça" artSize="12" artNotes="" numberPage="217" pdfPage="http://pesquisa.in.gov.br/imprensa/jsp/visualiza/index.jsp?data=30/08/2022&amp;jornal=515&amp;pagina=217" editionNumber="165" highlightType="" highlightPriority="" highlight="" highlightimage="" highlightimagename="" idMateria="19842795">
  <body>
    <Identifica><![CDATA[ DESPACHOS DE 26 de AGOSTO DE 2022]]></Identifica>
    <Data><![CDATA[]]></Data>
    <Ementa />
    <Titulo />
    <SubTitulo />
    <Texto><![CDATA[<p class="identifica">DESPACHOS DE 26 de AGOSTO DE 2022</p><p>A DIRETORA DO DEPARTAMENTO DE PROMOÇÃO DE POLÍTICAS DE JUSTIÇA - SUBSTITUTA, no uso das atribuições conferidas pelo art. 16, inciso VIII, do Anexo I, do Decreto nº 9.662, de 1º de janeiro de 2019, e considerando o disposto na Lei nº 9.790, de 23 de março de 1999, no Decreto nº 3.100, de 30 de junho de 1999 e na Portaria MJ nº 362, de 1° de março de 2016 e Portaria nº 537, de 4 de julho de 2017; resolve:</p><p>Nº 1.636 - Tornar pública a PERDA da qualificação como Organização da Sociedade Civil de Interesse Público (OSCIP), de ofício, da entidade social INSTITUTO GRANDE LOJA MAÇONICA DO ESTADO DO ESPIRITO SANTO, com sede em Vitória - ES, inscrita no CNPJ sob o nº 05.377.196/0001-51, conforme Despacho nº 1559/2022/OSCIP-OE/GAB-CGJUS/DPJUS/SENAJUS/MJ (19303750). Nos termos do art. 5º inciso LV, da Constituição Federal de 1988, e do art. 4º Parágrafo Único, do Decreto nº 3.100/99, ficam assegurados o direito da ampla defesa e do contraditório. Conforme o art. 59º da Lei nº 9.784, de 1999, a entidade terá 10 (dez) dias, a partir da publicação deste ato, para apresentar Recurso Administrativo à autoridade que proferiu a decisão. Processo SEI/MJ nº 08071.000268/2022-33.</p><p>Nº 1.637 - Tornar público o INDEFERIMENTO do pedido de qualificação como Organização da Sociedade Civil de Interesse Público (OSCIP), da entidade social DESAFIO JOVEM EFRAIM CRUZEIRO, com sede em LAVRINHAS - SP, inscrita no CNPJ sob o nº 24.410.707/0001-34, conforme Despacho nº 1558/2022/OSCIP-OE/GAB-CGJUS/DPJUS/SENAJUS/MJ (19303473), em razão da inadequação da entidade social aos requisitos exigidos pela Lei nº 9.790, de 1999. A entidade terá o prazo de 60 (sessenta) dias, contados a partir da publicação deste ato, para apresentar a documentação faltante, nos termos do art. 4º, § 1º, inciso III, da Portaria MJ nº 362, de 2016. Processo SEI/MJ nº 08026.000381/2022-64.</p><p>Nº 1.638 - Tornar público o INDEFERIMENTO do pedido de qualificação como Organização da Sociedade Civil de Interesse Público (OSCIP), da entidade social ASSOCIAÇÃO INTERNACIONAL DE ESTUDANTES DE CIÊNCIAS ECONÔMICAS E COMERCIAIS, com sede em Manaus - AM, inscrita no CNPJ sob o nº 10.681.297/0001-51, conforme Despacho nº 1553/2022/OSCIP-OE/GAB-CGJUS/DPJUS/SENAJUS/MJ (19263808), em razão da inadequação da entidade social aos requisitos exigidos pela Lei nº 9.790, de 1999. A entidade terá o prazo de 60 (sessenta) dias, contados a partir da publicação deste ato, para apresentar a documentação faltante, nos termos do art. 4º, § 1º, inciso III, da Portaria MJ nº 362, de 2016. Processo SEI/MJ nº 08026.000261/2022-67.</p><p>Nº 1.639 - Em face da informação proferida pelo Setor de Análise de OSCIP-OE, por meio da Nota Técnica n.º 671/2022/OSCIP-OE/GAB-CGJUS/DPJUS/SENAJUS/MJ, conheço o recurso administrativo interposto pela entidade social INDI-INSTITUTO NACIONAL DO ÍNDIO, com sede em Brasília/DF, inscrita no CNPJ sob o nº 27.346.348/0001-91 para, no mérito, deferir provimento e reconsiderar a decisão de indeferimento proferida por meio do Despacho nº 1547/2022/DPJUS/SENAJUS (19049563), de 12/08/2022, publicado no Diário Oficial da União em 16/08/2022, Seção 1, página 63 (19082121). Por conseguinte, torno público o DEFERIMENTO do pedido de qualificação como Organização da Sociedade Civil de Interesse Público (OSCIP), da entidade social INDI - INSTITUTO NACIONAL DO INDIO, com sede em Brasília - DF, inscrita no CNPJ sob o nº 27.346.348/0001-91. Processo SEI/MJ nº 08026.000535/2022-18.</p><p>Nº 1.641 - Tornar público o INDEFERIMENTO do pedido de qualificação como Organização da Sociedade Civil de Interesse Público (OSCIP), da entidade social ASSOCIAÇÃO RÁDIO COMUNITÁRIA DE ALTAMIRA, com sede em ALTAMIRA - PA, inscrita no CNPJ sob o nº 02.611.132/0001-85, em razão do não-cumprimento dos requisitos exigidos pela Lei nº 9.790, de 23 de março de 1999, consoante exame promovido no âmbito do Despacho nº 1542/2022/OSCIP-OE/GAB-CGJUS/DPJUS/SENAJUS/MJ (19214856). Por oportuno, atenta-se no sentido de que a entidade terá o prazo de 60 (sessenta) dias, contados a partir da publicação deste ato, para apresentar as alterações solicitadas, nos termos do art. 4º, § 1º, inciso III, da Portaria MJ nº 362, de 2016. Processo SEI/MJ nº 08026.000315/2022-94.</p><p class="assina">Nadia de Castro Amaral Franco Waller</p>]]></Texto>
  </body>
  <Midias />
</article></xml>