﻿<xml><article id="27740814" name="ResoluAAo CREFITO-3 94_2022 - Re" idOficio="9058572" pubName="DO1" artType="Resolução" pubDate="30/08/2022" artClass="00048:00331:00000:00000:00000:00000:00000:00000:00000:00000:00064:00000" artCategory="Entidades de Fiscalização do Exercício das Profissões Liberais/Conselho Regional de Fisioterapia e Terapia Ocupacional da 3ª Região" artSize="12" artNotes="" numberPage="408" pdfPage="http://pesquisa.in.gov.br/imprensa/jsp/visualiza/index.jsp?data=30/08/2022&amp;jornal=515&amp;pagina=408" editionNumber="165" highlightType="" highlightPriority="" highlight="" highlightimage="" highlightimagename="" idMateria="19841603">
  <body>
    <Identifica><![CDATA[ RESOLUÇÃO CREFITO-3 Nº 94, DE 10 DE AGOSTO DE 2022]]></Identifica>
    <Data><![CDATA[]]></Data>
    <Ementa><![CDATA[ Altera a Resolução CREFITO-3 nº 76, de 20 de maio de 2021.]]></Ementa>
    <Titulo />
    <SubTitulo />
    <Texto><![CDATA[<p class="identifica">RESOLUÇÃO CREFITO-3 Nº 94, DE 10 DE AGOSTO DE 2022</p><p class="ementa">Altera a Resolução CREFITO-3 nº 76, de 20 de maio de 2021.</p><p>O Plenário do CONSELHO REGIONAL DE FISIOTERAPIA E TERAPIA OCUPACIONAL DA 3ª REGIÃO - CREFITO-3, em sua 554ª Reunião Ordinária, realizada no dia 10 de agosto de agosto de 2022, na sede, situada na Rua Cincinato Braga, 59 - 4º andar, São Paulo - SP, no exercício de suas atribuições legais e regimentais;</p><p>CONSIDERANDO as atribuições e competências institucionais do CREFITO-3, determinadas pela Lei Federal nº 6.316/1975 e pelo seu Regimento Interno disposto na Resolução COFFITO nº 182/1997;</p><p>CONSIDERANDO a dinâmica de criação das Comissões de Revisão de Protocolo e Relações de Cuidado, resolve:</p><p>Art. 1º - O artigo 3º passa a vigorar com a seguinte redação:</p><p>Art. 3º Os membros componentes das Comissões de Revisão de Protocolos Clínicos e Relação de Cuidado serão indicados pelo Responsável Técnico do serviço de Fisioterapia ou Terapia Ocupacional, caso não sejam nomeados livremente por candidatura voluntária.</p><p>Art. 2º - O Inciso III do artigo 4º passa a vigorar com a seguinte redação:</p><p>III - Atuar como interlocutor entre a Comissão e o representante do CREFITO-3 nas situações em que for exigido.</p><p>Art. 3º - O artigo 5º passa a vigorar com a seguinte redação:</p><p>Art. 5º Após a comunicação sobre a constituição da comissão, prevista no inciso I do Art. 4º, um representante do CREFITO-3 agendará, junto ao responsável técnico, a reunião inicial com a comissão.</p><p>Art. 4º - O artigo 6º passa a vigorar com a seguinte redação:</p><p>Art. 6º A Comissão de Revisão de Protocolos Clínicos e Relação de Cuidado deverá ser composta por no mínimo 3 (três) membros entre fisioterapeutas e terapeutas ocupacionais, a serem nomeados livremente por candidatura voluntária, e caso não ocorram, serão definidos pelo Responsável Técnico.</p><p>Art. 5º - O Parágrafo Primeiro do artigo 7º passa a vigorar com a seguinte redação:</p><p>Parágrafo primeiro - as reuniões da Comissão contarão com a participação de um representante do CREFITO-3 em sua parte inicial, isto é, introdutória, quando o representante do Conselho pode ofertar informações transparentes e gerais advindas das Câmaras Técnicas, das Comissões Permanentes e, sobretudo, da Comissão de Ética.</p><p>Art. 6º - O artigo 11 passa a vigorar com a seguinte redação:</p><p>Art. 11. A Comissão de Revisão de Protocolos Clínicos e Relação de Cuidado emitirá anualmente relatório sobre o perfil epidemiológico dos pacientes para permitir estudos que elevem a assistência da fisioterapia e da terapia ocupacional.</p><p>Art. 7º - O artigo 13 passa a vigorar com a seguinte redação:</p><p>Art. 13. Cada Comissão de Revisão de Protocolos Clínicos e Relação de Cuidado será acompanhada por um representante do CREFITO-3, a ser nomeado pelo Presidente, dentre Conselheiros, Delegados ou colaborador ad hoc, ao qual compete:</p><p>Art. 8º - Esta Resolução entra em vigor na data de sua publicação.</p><p class="assina">RAPHAEL MARTINS FERRIS</p><p class="cargo">Presidente do Conselho</p><p class="assina">JANE SUELEN SILVA PIRES FERREIRA</p><p class="cargo">Diretora-Secretária</p>]]></Texto>
  </body>
  <Midias />
</article></xml>