﻿<xml><article id="27731870" name="912" idOficio="9056197" pubName="DO1" artType="Portaria" pubDate="30/08/2022" artClass="00015:00050:00032:00008:00000:00000:00000:00000:00000:00000:00054:00000" artCategory="Ministério da Economia/Superintendência de Seguros Privados/Diretoria Técnica 1/Coordenação-Geral de Regimes Especiais, Autorizações e Julgamentos" artSize="12" artNotes="" numberPage="96" pdfPage="http://pesquisa.in.gov.br/imprensa/jsp/visualiza/index.jsp?data=30/08/2022&amp;jornal=515&amp;pagina=96" editionNumber="165" highlightType="" highlightPriority="" highlight="" highlightimage="" highlightimagename="" idMateria="19837583">
  <body>
    <Identifica><![CDATA[ PORTARIA CGRAJ/SUSEP Nº 912, DE 26 de AGOSTO DE 2022]]></Identifica>
    <Data><![CDATA[]]></Data>
    <Ementa />
    <Titulo />
    <SubTitulo />
    <Texto><![CDATA[<p class="identifica">PORTARIA CGRAJ/SUSEP Nº 912, DE 26 de AGOSTO DE 2022</p><p>O COORDENADOR-GERAL DE REGIMES ESPECIAIS, AUTORIZAÇÕES E JULGAMENTOS DA SUPERINTENDÊNCIA DE SEGUROS PRIVADOS - SUSEP, no uso da competência subdelegada pelo Superintendente da Susep, por meio da Portaria nº 7.861, de 22 de setembro de 2021, tendo em vista o disposto na alínea 'a' do artigo 36 do Decreto-Lei nº 73, de 21 de novembro de 1966, combinado com o parágrafo 2º do artigo 3º do Decreto-Lei nº 261, de 28 de fevereiro de 1967, e o que consta do processo Susep nº 15414.617950/2022-05,, resolve:</p><p>Art.1º Homologar a reforma e consolidação do estatuto social de RIO'S CAPITALIZAÇÃO S.A., CNPJ nº 03.558.096/0001-04, com sede na cidade do Rio de Janeiro - RJ, conforme deliberado na assembleia geral extraordinária realizada em 23 de junho de 2022.</p><p>Art. 2º Esta portaria entra em vigor na data de sua publicação.</p><p class="assina">CARLOS AUGUSTO PINTO FILHO</p>]]></Texto>
  </body>
  <Midias />
</article></xml>