﻿<xml><article id="27746334" name="DeliberaAAo SOG 112" idOficio="9059471" pubName="DO1" artType="Deliberação" pubDate="30/08/2022" artClass="00019:00035:00030:00000:00000:00000:00000:00000:00000:00000:00022:00001" artCategory="Ministério da Infraestrutura/Agência Nacional de Transportes Aquaviários/Superintendência de Outorgas" artSize="12" artNotes="" numberPage="202" pdfPage="http://pesquisa.in.gov.br/imprensa/jsp/visualiza/index.jsp?data=30/08/2022&amp;jornal=515&amp;pagina=202" editionNumber="165" highlightType="" highlightPriority="" highlight="" highlightimage="" highlightimagename="" idMateria="19843009">
  <body>
    <Identifica><![CDATA[ DELIBERAÇÃO Nº 112,  De 25 de agosto de 2022]]></Identifica>
    <Data><![CDATA[]]></Data>
    <Ementa />
    <Titulo />
    <SubTitulo />
    <Texto><![CDATA[<p class="identifica">DELIBERAÇÃO Nº 112, De 25 de agosto de 2022</p><p>O SUPERINTENDENTE DE OUTORGAS DA AGÊNCIA NACIONAL DE TRANSPORTES AQUAVIÁRIOS, no uso da competência delegada que lhe é conferida por meio da Portaria DG nº 404-ANTAQ, de 21 de março de 2022, e considerando o art. 4º, inciso VII, do Regimento Interno e o que consta do Processo nº 50300.013719/2022-18, resolve:</p><p>Art. 1° Expedir Termo de Autorização nº 1.980-ANTAQ, em favor da empresa MBT NAVEGAÇÃO LTDA., inscrita no CNPJ sob nº 43.114.737/0001-48, para operar como Empresa Brasileira de Navegação (EBN), na navegação de apoio portuário, exclusivamente com embarcações com potência de até 2.000 (dois mil) HP, com finalidade específica para pré-registro de embarcações em construção, em estaleiro brasileiro, no Registro Especial Brasileiro - REB, nos termos do art. 4°, §1°, do Decreto nº 2.256, de 17 de junho de 1997, neste caso, sem direito de afretamento de embarcação, com fulcro na Resolução Normativa nº 05/ANTAQ, de 23 de fevereiro de 2016.</p><p>Art. 2º Esta Deliberação-SOG entra em vigor na data de sua publicação.</p><p class="assina">RENILDO BARROS</p>]]></Texto>
  </body>
  <Midias />
</article></xml>