﻿<xml><article id="27735911" name="Gport PORTARIA DOU" idOficio="9057532" pubName="DO1" artType="Portaria" pubDate="30/08/2022" artClass="00007:00003:00046:00008:00003:00000:00000:00000:00000:00000:00054:00000" artCategory="Ministério da Agricultura, Pecuária e Abastecimento/Secretaria Executiva/Superintendência Federal de Agricultura, Pecuária e Abastecimento de Santa Catarina/Divisão de Defesa Agropecuária/Serviço de Fiscalização de Insumos e Sanidade Vegetal" artSize="12" artNotes="" numberPage="3" pdfPage="http://pesquisa.in.gov.br/imprensa/jsp/visualiza/index.jsp?data=30/08/2022&amp;jornal=515&amp;pagina=3" editionNumber="165" highlightType="" highlightPriority="" highlight="" highlightimage="" highlightimagename="" idMateria="19840241">
  <body>
    <Identifica><![CDATA[ Portaria nº 112, de 26 de agosto de 2022]]></Identifica>
    <Data><![CDATA[]]></Data>
    <Ementa />
    <Titulo />
    <SubTitulo />
    <Texto><![CDATA[<p class="identifica">Portaria nº 112, de 26 de agosto de 2022</p><p>O Chefe do Serviço de Fiscalização de Insumos e Sanidade Vegetal da Divisão de Defesa Agropecuária da Superintendência Federal de Agricultura, Pecuária e Abastecimento no Estado de Santa Catarina, designado pela Portaria Ministerial nº 216 de 16/08/2017, publicada no DOU de 18/08/2017, no uso de suas atribuições que lhe confere o inciso XVI do artigo 267, concomitante com o artigo 274 e seu Parágrafo único e artigo 276 do Regimento Interno da Secretaria Executiva (SE/MAPA), aprovado pela Portaria Ministerial nº 561, de 11 de abril de 2018, publicada no DOU de 13 de abril de 2018, tendo em vista o disposto na Portaria SDA n° 385, de 25 de agosto de 2021, na Lei nº 7.802, de 11 de julho de 1989, no Decreto nº 4.074, de 04 de janeiro de 2002 e o que consta no Processo Administrativo nº 21050.003055/2003-15, resolve:</p><p>Art. 1° Credenciar, sob o número BR-SC0058, a empresa Rodrigo G. Serviços em Comércio Exterior Ltda, CNPJ 02.512.239/0001-76, localizada na R. Anita Garibaldi, 442, Centro, no município de Itajaí/SC, na qualidade de empresa que realiza tratamento fitossanitário com fins quarentenários em atendimento aos programas e controles oficiais de competência legal do Ministério da Agricultura, Pecuária e Abastecimento, nas modalidades fumigação com brometo de metila em câmara em lona, fumigação com brometo de metila em contêiner, fumigação com fosfina em câmara em lona, fumigação com fosfina em contêiner, fumigação com fosfina em porão de embarcação, fumigação com fosfina em silo hermético e tratamento térmico por ar quente forçado.</p><p>Art. 2º O credenciamento terá validade por cinco anos, podendo ser renovado mediante requerimento encaminhado ao Serviço de Fiscalização de Insumos e Sanidade Vegetal - SISV/DDA/SFA/SC.</p><p>Art. 3° Esta Portaria entra em vigor na data de sua publicação no DOU.</p><p class="assina">Jorge Jacinto Calixto</p>]]></Texto>
  </body>
  <Midias />
</article></xml>