﻿<xml><article id="27751118" name="2022-08-29/9060520/ANMWS_1984477" idOficio="9060520" pubName="DO1" artType="Despacho" pubDate="30/08/2022" artClass="00023:00030:00023:00000:00000:00000:00000:00000:00000:00000:00024:00004" artCategory="Ministério de Minas e Energia/Agência Nacional de Mineração/Gerência Regional da ANM no Estado de Pernambuco" artSize="12" artNotes="" numberPage="226" pdfPage="http://pesquisa.in.gov.br/imprensa/jsp/visualiza/index.jsp?data=30/08/2022&amp;jornal=515&amp;pagina=226" editionNumber="165" highlightType="" highlightPriority="" highlight="" highlightimage="" highlightimagename="" idMateria="19844776">
  <body>
    <Identifica><![CDATA[Despacho]]></Identifica>
    <Data><![CDATA[]]></Data>
    <Ementa />
    <Titulo />
    <SubTitulo />
    <Texto><![CDATA[<p class="identifica">Despacho</p><p>Relação nº 90/2022</p><p>Fase de Autorização de Pesquisa</p><p>Aprova o relatório de Pesquisa(317)</p><p>840.221/2016-MINERBRAZ IMPORTACAO E EXPORTACAO LTDA-QUARTZITO-Itaíba/PE</p><p>840.266/2018-MINERACAO ALMEIDA LTDA-GRANITO-Caruaru/PE</p><p>840.268/2018-MINERACAO ALMEIDA LTDA-GRANITO-Caruaru/PE</p><p>Nega Aprovação ao relatório de pesquisa(318)</p><p>840.425/2012-MINERACAO PARNAMIRIM LTDA</p><p class="assina">MARCOS ANTÔNIO DE HOLANDA TAVARES</p><p class="cargo">Gerente</p>]]></Texto>
  </body>
  <Midias />
</article></xml>