﻿<xml><article id="27749643" name="Ata_29_2C_23_08_2022 - BD - IMPR" idOficio="9058555" pubName="DO1" artType="Ata" pubDate="30/08/2022" artClass="00044:00003:00000:00000:00000:00000:00000:00000:00000:00000:00005:00000" artCategory="Tribunal de Contas da União/2ª Câmara" artSize="12" artNotes="" numberPage="369" pdfPage="http://pesquisa.in.gov.br/imprensa/jsp/visualiza/index.jsp?data=30/08/2022&amp;jornal=515&amp;pagina=369" editionNumber="165" highlightType="" highlightPriority="" highlight="" highlightimage="" highlightimagename="" idMateria="19841584">
  <body>
    <Identifica />
    <Data><![CDATA[]]></Data>
    <Ementa />
    <Titulo />
    <SubTitulo />
    <Texto><![CDATA[<p>ACÓRDÃO Nº 4638/2022 - TCU - 2ª Câmara</p><p>Os Ministros do Tribunal de Contas da União, reunidos em Sessão da Segunda Câmara;</p><p>Considerando que as análises empreendidas na fase de instrução revelaram acumulação de três benefícios de forma concomitante por Heloisa Helena Freitas Lemos, beneficiária da pensão instituída por Cesar Tasso Saldanha Lemos, em desacordo com a legislação de regência;</p><p>Considerando que, nos termos do art. 29 da Lei 3.765/1960 e da jurisprudência do TCU, não se admite a percepção cumulada de pensão militar com outros dois benefícios, ainda que se cuide de benefício previdenciário obtido junto ao INSS (Acórdãos 2.365/2018-TCU-Plenário, 9.009/2020-TCU-Primeira Câmara e 8.721/2017-TCU-Segunda Câmara, dentre outros);</p><p>Considerando que os valores pagos indevidamente foram recebidos de boa-fé;</p><p>Considerando os pareceres convergentes da Secretaria de Fiscalização de Integridade de Atos e Pagamentos de Pessoal e de Benefícios Sociais (Sefip) e do Ministério Público junto a este Tribunal; e</p><p>Considerando que este Tribunal, por intermédio do Acórdão 1.414/2021-Plenário (relator Ministro Walton Alencar Rodrigues), fixou entendimento no sentido da possibilidade de apreciação de ato sujeito a registro mediante relação, na forma do art. 143, inciso II, do Regimento Interno do TCU, nas hipóteses em que a ilegalidade do ato decorra exclusivamente de questão jurídica de solução já pacificada na jurisprudência desta Corte de Contas,</p><p>ACORDAM, com fundamento no art. 71, incisos III e IX, da Constituição Federal de 1988, c/c os arts. 1º, inciso V, e 39, inciso II, da Lei 8.443/1992, e ainda com os arts. 17, inciso III, 143, inciso II, 260 e 262 do Regimento Interno/TCU, em considerar ilegal o ato ora examinado, com negativa de registro, e expedir os comandos a seguir discriminados.</p><p>1. Processo TC-012.007/2022-6 (PENSÃO MILITAR)</p><p>1.1. Interessado: Heloisa Helena Freitas Lemos (198.147.204-53).</p><p>1.2. Órgão/Entidade: Comando do Exército.</p><p>1.3. Relator: Ministro Bruno Dantas.</p><p>1.4. Representante do Ministério Público: Procurador Júlio Marcelo de Oliveira.</p><p>1.5. Unidade Técnica: Secretaria de Fiscalização de Integridade de Atos e Pagamentos de Pessoal e de Benefícios Sociais (Sefip).</p><p>1.6. Representação legal: não há.</p><p>1.7. Determinações/Recomendações/Orientações:</p><p>a) dispensar o ressarcimento das quantias indevidamente recebidas de boa-fé, consoante o Enunciado 106 da Súmula de Jurisprudência do TCU;</p><p>b) determinar ao Comando do Exército que:</p><p>b.1) no prazo de quinze dias, faça cessar os pagamentos decorrentes do ato ora considerado ilegal, sob pena de responsabilidade solidária da autoridade administrativa omissa, esclarecendo que Heloisa Helena Freitas Lemos poderá optar pelo recebimento do benefício relativo à pensão militar, desde que comprove o correto enquadramento nas disposições do art. 29 da Lei 3.765/1960, escolhendo apenas os benefícios legalmente acumuláveis;</p><p>b.2) caso Heloisa Helena Freitas Lemos opte pela pensão militar, na forma do item anterior, encaminhe ao TCU novo ato de pensão militar com as comprovações e esclarecimentos necessários;</p><p>b.3) no prazo de sessenta dias, informe ao TCU as medidas adotadas e disponibilize, por meio do Sistema e-Pessoal, comprovante da data em que a interessada tomou conhecimento deste acórdão;</p><p>c) remeter cópia deste acórdão e da instrução da secretaria especializada (peça 5) ao Comando do Exército.</p><p>ACÓRDÃO Nº 4639/2022 - TCU - 2ª Câmara</p><p>Os Ministros do Tribunal de Contas da União ACORDAM, por unanimidade, com fundamento nos arts. 1º, inciso V, e 39, incisos I e II, ambos da Lei nº 8.443, de 16 de julho de 1992, c/c os arts. 1º, inciso VIII; 143, inciso II; 259, incisos I e II, e 260 do Regimento Interno/TCU, de acordo com os pareceres emitidos nos autos, em considerar legal para fins de registro o ato a seguir relacionado.</p><p>1. Processo TC-012.029/2022-0 (PENSÃO MILITAR)</p><p>1.1. Interessado: Catia Cristina de Andrade (002.093.121-22).</p><p>1.2. Órgão/Entidade: Comando do Exército.</p><p>1.3. Relator: Ministro Bruno Dantas.</p><p>1.4. Representante do Ministério Público: Procuradora-Geral Cristina Machado da Costa e Silva.</p><p>1.5. Unidade Técnica: Secretaria de Fiscalização de Integridade de Atos e Pagamentos de Pessoal e de Benefícios Sociais (Sefip).</p><p>1.6. Representação legal: não há.</p><p>1.7. Determinações/Recomendações/Orientações: não há.</p><p>ACÓRDÃO Nº 4640/2022 - TCU - 2ª Câmara</p><p>Os Ministros do Tribunal de Contas da União, reunidos em Sessão da Segunda Câmara;</p><p>Considerando que as análises empreendidas na fase de instrução revelaram, no ato de reversão da pensão militar instituída por Missias de Abreu Freitas, irregularidade relativa à elevação do grau hierárquico dos proventos por incapacidade definitiva do militar em desacordo com a legislação de regência;</p><p>Considerando que as hipóteses de concessão de proventos com base no grau hierárquico imediatamente superior por incapacidade definitiva encontram-se disciplinadas no art. 110 da Lei 6.880/1980;</p><p>Considerando que, nos termos do art. 110 da Lei 6.880/1980, a concessão de proventos correspondentes ao grau hierárquico superior por incapacidade definitiva restringe-se a militares da ativa ou da reserva remunerada, não alcançando militares que sejam considerados incapazes quando já reformados;</p><p>Considerando a impossibilidade de nova elevação de posto a militar já contemplado com proventos em posto superior ao da ativa quando da passagem para a reserva, com fundamento no art. 50, inciso II, da Lei 6.880/1980, por contar mais de 30 anos de serviço;</p><p>Considerando que esse entendimento está em sintonia com a jurisprudência do Superior Tribunal de Justiça sobre o tema, a exemplo das decisões proferidas nos Recursos Especiais 966.142/RJ e 1.340.075/CE;</p><p>Considerando que o ato de reversão da pensão militar instituída por Missias de Abreu Freitas contempla elevação de grau hierárquico por incapacidade definitiva a militar que já estava reformado e/ou que já havia sido contemplado com proventos em posto superior ao da ativa quando da passagem para a reserva, em desacordo com a legislação de regência (Acórdãos 2.225/2019-TCU-Plenário, 5.411/2021-TCU-Primeira Câmara e 7.403/2021-TCU-Segunda Câmara, dentre outros);</p><p>Considerando que os valores pagos indevidamente foram recebidos de boa-fé;</p><p>Considerando que o exame do ato inicial da pensão militar instituída por Missias de Abreu Freitas perdeu seu objeto, em razão de terem cessado seus efeitos financeiros;</p><p>Considerando os pareceres convergentes da Secretaria de Fiscalização de Integridade de Atos e Pagamentos de Pessoal e de Benefícios Sociais (Sefip) e do Ministério Público junto a este Tribunal; e</p><p>Considerando que este Tribunal, por intermédio do Acórdão 1.414/2021-Plenário (relator Ministro Walton Alencar Rodrigues), fixou entendimento no sentido da possibilidade de apreciação de ato sujeito a registro mediante relação, na forma do art. 143, inciso II, do Regimento Interno do TCU, nas hipóteses em que a ilegalidade do ato decorra exclusivamente de questão jurídica de solução já pacificada na jurisprudência desta Corte de Contas,</p><p>ACORDAM, com fundamento no art. 71, incisos III e IX, da Constituição Federal de 1988, c/c os arts. 1º, inciso V, e 39, inciso II, da Lei 8.443/1992, e ainda com os arts. 17, inciso III, 143, inciso II, 260 e 262 do Regimento Interno/TCU, em considerar prejudicado, por perda de objeto, o exame do ato inicial da pensão militar instituída por Missias de Abreu Freitas, considerar ilegal o ato de reversão da pensão militar instituída por Missias de Abreu Freitas, com negativa de registro, e expedir os comandos a seguir discriminados.</p><p>1. Processo TC-013.852/2022-1 (PENSÃO MILITAR)</p><p>1.1. Interessados: Dayse Abrahao Freitas (893.831.507-00); Denise Abrahao Freitas (058.602.788-29); Edmea Abrahao Freitas (949.349.917-00).</p><p>1.2. Órgão/Entidade: Comando da Marinha.</p><p>1.3. Relator: Ministro Bruno Dantas.</p><p>1.4. Representante do Ministério Público: Procurador Júlio Marcelo de Oliveira.</p><p>1.5. Unidade Técnica: Secretaria de Fiscalização de Integridade de Atos e Pagamentos de Pessoal e de Benefícios Sociais (Sefip).</p><p>1.6. Representação legal: não há.</p><p>1.7. Determinações/Recomendações/Orientações:</p><p>a) dispensar o ressarcimento das quantias indevidamente recebidas de boa-fé, consoante o Enunciado 106 da Súmula de Jurisprudência do TCU;</p><p>b) determinar ao Comando da Marinha que:</p><p>b.1) no prazo de quinze dias, faça cessar os pagamentos decorrentes do ato ora considerado ilegal, sob pena de responsabilidade solidária da autoridade administrativa omissa, até a emissão de novo ato, livre da irregularidade apontada, a ser submetido à apreciação do TCU no prazo de trinta dias;</p><p>b.2) no prazo de sessenta dias, informe ao TCU as medidas adotadas e disponibilize, por meio do Sistema e-Pessoal, comprovante da data em que as interessadas tomaram conhecimento deste acórdão;</p><p>c) remeter cópia deste acórdão e da instrução da secretaria especializada (peça 5) ao Comando da Marinha.</p><p>ACÓRDÃO Nº 4641/2022 - TCU - 2ª Câmara</p><p>Os Ministros do Tribunal de Contas da União, reunidos em Sessão da Segunda Câmara;</p><p>Considerando que as análises empreendidas na fase de instrução revelaram irregularidade relativa à elevação do grau hierárquico dos proventos por incapacidade definitiva do militar em desacordo com a legislação de regência;</p><p>Considerando que as hipóteses de concessão de proventos com base no grau hierárquico imediatamente superior por incapacidade definitiva encontram-se disciplinadas no art. 110 da Lei 6.880/1980;</p><p>Considerando que, nos termos do art. 110 da Lei 6.880/1980, a concessão de proventos correspondentes ao grau hierárquico superior por incapacidade definitiva restringe-se a militares da ativa ou da reserva remunerada, não alcançando militares que sejam considerados incapazes quando já reformados;</p><p>Considerando a impossibilidade de nova elevação de posto a militar já contemplado com proventos em posto superior ao da ativa quando da passagem para a reserva, com fundamento no art. 50, inciso II, da Lei 6.880/1980, por contar mais de 30 anos de serviço;</p><p>Considerando que esse entendimento está em sintonia com a jurisprudência do Superior Tribunal de Justiça sobre o tema, a exemplo das decisões proferidas nos Recursos Especiais 966.142/RJ e 1.340.075/CE;</p><p>Considerando que a pensão ora examinada contempla elevação de grau hierárquico por incapacidade definitiva a militar que já estava reformado e/ou que já havia sido contemplado com proventos em posto superior ao da ativa quando da passagem para a reserva, em desacordo com a legislação de regência (Acórdãos 2.225/2019-TCU-Plenário, 5.411/2021-TCU-Primeira Câmara e 7.403/2021-TCU-Segunda Câmara, dentre outros);</p><p>Considerando que os valores pagos indevidamente foram recebidos de boa-fé;</p><p>Considerando os pareceres convergentes da Secretaria de Fiscalização de Integridade de Atos e Pagamentos de Pessoal e de Benefícios Sociais (Sefip) e do Ministério Público junto a este Tribunal; e</p><p>Considerando que este Tribunal, por intermédio do Acórdão 1.414/2021-Plenário (relator Ministro Walton Alencar Rodrigues), fixou entendimento no sentido da possibilidade de apreciação de ato sujeito a registro mediante relação, na forma do art. 143, inciso II, do Regimento Interno do TCU, nas hipóteses em que a ilegalidade do ato decorra exclusivamente de questão jurídica de solução já pacificada na jurisprudência desta Corte de Contas,</p><p>ACORDAM, com fundamento no art. 71, incisos III e IX, da Constituição Federal de 1988, c/c os arts. 1º, inciso V, e 39, inciso II, da Lei 8.443/1992, e ainda com os arts. 17, inciso III, 143, inciso II, 260 e 262 do Regimento Interno/TCU, em considerar ilegal a pensão militar em exame, com negativa de registro, e expedir os comandos a seguir discriminados.</p><p>1. Processo TC-013.880/2022-5 (PENSÃO MILITAR)</p><p>1.1. Interessados: Adriana Melo Barbosa (736.006.446-53); Grasiela Melo Barbosa de Oliveira (736.373.866-15).</p><p>1.2. Órgão/Entidade: Comando do Exército.</p><p>1.3. Relator: Ministro Bruno Dantas.</p><p>1.4. Representante do Ministério Público: Procurador Júlio Marcelo de Oliveira.</p><p>1.5. Unidade Técnica: Secretaria de Fiscalização de Integridade de Atos e Pagamentos de Pessoal e de Benefícios Sociais (Sefip).</p><p>1.6. Representação legal: não há.</p><p>1.7. Determinações/Recomendações/Orientações:</p><p>a) dispensar o ressarcimento das quantias indevidamente recebidas de boa-fé, consoante o Enunciado 106 da Súmula de Jurisprudência do TCU;</p><p>b) determinar ao Comando do Exército que:</p><p>b.1) no prazo de quinze dias, faça cessar os pagamentos decorrentes do ato ora considerado ilegal, sob pena de responsabilidade solidária da autoridade administrativa omissa, até a emissão de novo ato, livre da irregularidade apontada, a ser submetido à apreciação do TCU no prazo de 30 (trinta) dias;</p><p>b.2) no prazo de sessenta dias, informe ao TCU as medidas adotadas e disponibilize, por meio do Sistema e-Pessoal, comprovante da data em que as interessadas tomaram conhecimento deste acórdão;</p><p>c) remeter cópia deste acórdão e da instrução da secretaria especializada (peça 5) ao Comando do Exército.</p><p>ACÓRDÃO Nº 4642/2022 - TCU - 2ª Câmara</p><p>Os Ministros do Tribunal de Contas da União ACORDAM, por unanimidade, com fundamento nos arts. 1º, inciso V, e 39, incisos I e II, ambos da Lei nº 8.443, de 16 de julho de 1992, c/c os arts. 1º, inciso VIII; 143, inciso II; 259, incisos I e II, e 260 do Regimento Interno/TCU, de acordo com os pareceres emitidos nos autos, em considerar legais para fins de registro os atos a seguir relacionados.</p><p>1. Processo TC-013.907/2022-0 (PENSÃO MILITAR)</p><p>1.1. Interessados: Luze Francisca Faria dos Santos (794.098.227-34); Neyde Reis Picinini (720.552.787-20); Neyde Reis Picinini (720.552.787-20); Rosa Maria Itacolomy de Faria (072.188.877-16).</p><p>1.2. Órgão/Entidade: Comando da Marinha.</p><p>1.3. Relator: Ministro Bruno Dantas.</p><p>1.4. Representante do Ministério Público: Procuradora-Geral Cristina Machado da Costa e Silva.</p><p>1.5. Unidade Técnica: Secretaria de Fiscalização de Integridade de Atos e Pagamentos de Pessoal e de Benefícios Sociais (Sefip).</p><p>1.6. Representação legal: não há.</p><p>1.7. Determinações/Recomendações/Orientações: não há.</p><p>ACÓRDÃO Nº 4643/2022 - TCU - 2ª Câmara</p><p>Considerando tratar-se de tomada de contas especial instaurada pelo Ministério da Ciência, Tecnologia, Inovações e Comunicações - MCTIC em razão da impugnação parcial de despesas realizadas com recursos repassados pela União ao Município de Trindade/PE, por meio do Convênio 01.0094.00/2006 (Siafi 590778), que tinha como objeto "apoiar a capacitação tecnológica da população local economicamente ativa para o sistema construtivo em gesso, e o desenvolvimento de referência técnica em alvenaria de bloco de gesso para casas térreas."</p><p>Considerando que o Município de Trindade/PE foi citado em razão da não devolução do saldo de recursos não utilizados na execução do Convênio 01.0094.00/2006;</p><p>Considerando que a citação foi regular e válida, e que, mesmo assim, o Município de Trindade/PE permaneceu silente, razão por que, nos termos do art. 12, §3º, da Lei 8.443/1992, deve ser considerado revel;</p><p>Considerando que não é possível a aferição da boa-fé do responsável, por se tratar o ente federativo de pessoa jurídica, nos termos do Acórdão 1.577/2007-TCU-Segunda Câmara, situação na qual, mesmo diante da revelia, deve ser aplicado ao caso o disposto nos §§ 3º ao 5º, do art. 202;</p><p>Os Ministros do Tribunal de Contas da União ACORDAM, por unanimidade, com fundamento no art. 12, §§ 1º e 2º, da Lei 8.443/1992, e art. 202, §§ 2º e 3º, do Regimento Interno do TCU, de acordo com os pareceres emitidos nos autos, em fixar novo e improrrogável prazo de quinze dias, a contar da notificação, para que o Município de Trindade/PE efetue e comprove, perante este Tribunal, o recolhimento da quantia a seguir especificada aos cofres do Tesouro Nacional, atualizada monetariamente a partir da data indicada até a data do efetivo recolhimento, na forma prevista na legislação em vigor:</p><p /><p></p><table><tr /><tr><td rowspan="1" colspan="1"><p>Data de ocorrência</p></td><td rowspan="1" colspan="1"><p>Valor histórico (R$)</p></td></tr><tr><td rowspan="1" colspan="1"><p>29/2/2012</p></td><td rowspan="1" colspan="1"><p>208.282,71</p></td></tr></table><p>1. Processo TC-033.402/2019-1 (TOMADA DE CONTAS ESPECIAL)</p><p>1.1. Responsáveis: Antônio Everton Soares Costa (544.505.784-49); Gerôncio Antônio Figueiredo Silva (327.174.584-68); Valeria Cristina Silva de Alencar (665.267.284-72); Maria da Conceição Barros Soares Costa (333.575.874-91); Município de Trindade/PE (11.040.912/0001-03).</p><p>1.2. Unidades Jurisdicionadas: Ministério da Ciência, Tecnologia, Inovações e Comunicações - MCTIC e Município de Trindade/PE.</p><p>1.3. Relator: Ministro Bruno Dantas.</p><p>1.4. Representante do Ministério Público: Subprocurador-Geral Lucas Rocha Furtado.</p><p>1.5. Unidade Técnica: Secretaria de Controle Externo de Tomada de Contas Especial (SecexTCE).</p><p>1.6. Representação legal: Eduardo Henrique Teixeira Neves (OAB-PE 30.630), representando Maria da Conceição Barros Soares Costa e Antonio Everton Soares Costa.</p><p>1.7. Determinações/Recomendações/Orientações:</p><p>1.7.1. informar ao Município de Trindade/PE de que o recolhimento tempestivo da quantia acima indicada, atualizada monetariamente, sanará o processo e implicará o julgamento de suas contas pela regularidade com ressalva, dando-lhe quitação, bem como de que a ausência dessa liquidação tempestiva levará ao julgamento pela irregularidade das contas, com imputação de débito, a ser atualizado monetariamente e acrescido de juros moratórios;</p><p>1.7.2. encaminhar cópia deste acórdão e da instrução (peça 122) ao Município de Trindade/PE.</p><p>ACÓRDÃO Nº 4644/2022 - TCU - 2ª Câmara</p><p>Considerando tratar-se da apreciação de expedientes nominados como pedidos de reexame apresentados por Rodrigo Janot Monteiro de Barros (peça 45) e Carlos Fernando dos Santos Lima (peça 59) em face do Acórdão 1.642/2022-TCU-Segunda Câmara;</p><p>Considerando que os responsáveis se insurgem contra dispositivo do Acórdão 1.642/2022-TCU-Segunda Câmara que converteu o processo em tomada de contas especial, decisão contra a qual não cabe interposição de recurso, nos termos do art. 279 do Regimento Interno do TCU;</p><p>Considerando que o suposto vício apontado nas petições a respeito da atuação do Ministério Público junto ao TCU nestes autos não procede e restou elucidado no Voto condutor do Acórdão 4.117/2022-TCU-Segunda Câmara, segundo o qual a manifestação do Parquet especializado nestes autos se deu em caráter complementar, como aditamento à inicial da representação, com vistas à correta definição de escopo de exame dos atos e em deferência à autonomia funcional do órgão ministerial de contas em representar perante este TCU e definir o escopo da investigação pretendida;</p><p>Considerando que a manifestação complementar do MPTCU nestes autos não se confunde com oitiva ministerial após a instrução de mérito, momento processual em que o Parquet poderia se manifestar como custos legis, o que não ocorreu por não ser obrigatória em processo de representação (Regimento Interno do TCU, art. 62, inc. III);</p><p>Considerando que o suposto vício apontado nas petições a respeito da competência da Segunda Câmara não procede e foi rejeitado por este Tribunal por meio dos Acórdãos 1.104/2022-TCU-Plenário e 4.117/2022-TCU-Segunda Câmara;</p><p>Considerando que o conteúdo das petições de peças 45 e 59 já foi considerado como elemento de defesa dos responsáveis por ocasião da prolação do Acórdão 4.117/2022-TCU-Segunda Câmara;</p><p>Os Ministros do Tribunal de Contas da União ACORDAM, por unanimidade, com fundamento no art. 48 da Lei 8.443/1992, c/c os arts. 143, inc. III e IV, alínea "b", e 286 do Regimento Interno do TCU, em não conhecer dos expedientes de peças 45 e 59 como pedido de reexame; recebê-los como meras petições e negar seguimento, com fundamento no art. 279, caput, do Regimento Interno do TCU; e remeter cópia deste acórdão aos peticionantes, de acordo com os pareceres emitidos nos autos.</p><p>1. Processo TC-026.909/2020-0 (REPRESENTAÇÃO)</p><p>1.1. Apensos: 005.472/2021-0 (Representação); 005.580/2021-8 (Representação); 026.997/2020-7 (Representação); 008.544/2022-0 (Solicitação de Certidão); 044.281/2021-8 (Representação)</p><p>1.2. Peticionantes: Rodrigo Janot Monteiro de Barros (265.478.726-53); Carlos Fernando dos Santos Lima (491.825.449-72).</p><p>1.3. Interessados: Antonio Carlos Welter (606.615.420-68); Carlos Fernando dos Santos Lima (491.825.449-72); Isabel Cristina Groba Vieira (376.398.621-91); Jerusa Burmann Viecili (934.740.240-00); Rodrigo Janot Monteiro de Barros (265.478.726-53).</p><p>1.4. Órgão/Entidade: Ministério Público Federal.</p><p>1.5. Relator: Ministro Bruno Dantas.</p><p>1.6. Representante do Ministério Público: Subprocurador-Geral Lucas Rocha Furtado.</p><p>1.7. Relator da deliberacao recorrida: Ministro Bruno Dantas</p><p>1.8. Unidades Técnicas: Secretaria de Recursos (Serur); Secretaria de Controle Externo da Administração do Estado (SecexAdmin).</p><p>1.9. Representação legal: Eugenio Pacelli de Oliveira (45.288/OAB-DF), representando Isabel Cristina Groba Vieira; Guilherme Augusto Ferreira Fregapani (34.406/OAB-DF), representando Antonio Carlos Welter; Elísio de Azevedo Freitas (18.596/OAB-DF), representando Rodrigo Janot Monteiro de Barros; Guilherme Augusto Ferreira Fregapani (34.406/OAB-DF), representando Jerusa Burmann Viecili; Elísio de Azevedo Freitas (18.596/OAB-DF), representando Carlos Fernando dos Santos Lima.</p><p>1.10. Determinações/Recomendações/Orientações: não há.</p><p>ACÓRDÃO Nº 4645/2022 - TCU - 2ª Câmara</p><p>Os Ministros do Tribunal de Contas da União, com fundamento nos arts. 1º, inciso V, e 39, inciso II, da Lei nº 8.443/92, c/c os arts. 1º, inciso VIII; 17, inciso III; 143, inciso II e 260, §§ 1º e 2º, inciso II, do Regimento Interno/TCU, ACORDAM em considerar legal para fins de registro o ato de concessão a seguir relacionado, conforme os pareceres emitidos nos autos pela Sefip e pelo Ministério Público junto a este Tribunal, informando aos interessados que o presente Acórdão pode ser acessado por meio do endereço eletrônico www.tcu.gov.br/acordaos.</p><p>1. Processo TC-014.431/2022-0 (APOSENTADORIA)</p><p>1.1. Interessado: Andressa Marques da Cunha (001.649.971-99).</p><p>1.2. Órgão/Entidade: Ministério da Cultura (extinta).</p><p>1.3. Relator: Ministro Antonio Anastasia.</p><p>1.4. Representante do Ministério Público: Procurador Rodrigo Medeiros de Lima.</p><p>1.5. Unidade Técnica: Secretaria de Fiscalização de Integridade de Atos e Pagamentos de Pessoal e de Benefícios Sociais (Sefip).</p><p>1.6. Representação legal: não há.</p><p>1.7. Determinações/Recomendações/Orientações: não há.</p><p>ACÓRDÃO Nº 4646/2022 - TCU - 2ª Câmara</p><p>Os Ministros do Tribunal de Contas da União, com fundamento nos arts. 1º, inciso V, e 39, inciso II, da Lei nº 8.443/92, c/c os arts. 1º, inciso VIII; 17, inciso III; 143, inciso II e 260, §§ 1º e 2º, inciso II, do Regimento Interno/TCU, ACORDAM em considerar legais para fins de registro os atos de concessão a seguir relacionados, conforme os pareceres emitidos nos autos pela Sefip e pelo Ministério Público junto a este Tribunal, informando aos interessados que o presente Acórdão pode ser acessado por meio do endereço eletrônico www.tcu.gov.br/acordaos.</p><p>1. Processo TC-014.507/2022-6 (APOSENTADORIA)</p><p>1.1. Interessados: Maria de Lourdes Ferreira Pantoja (067.896.092-53); Suely Tavares de Sousa (146.242.652-20).</p><p>1.2. Órgão/Entidade: Departamento de Centralização de Serviços de Inativos e Pensionistas.</p><p>1.3. Relator: Ministro Antonio Anastasia.</p><p>1.4. Representante do Ministério Público: Procuradora-Geral Cristina Machado da Costa e Silva.</p><p>1.5. Unidade Técnica: Secretaria de Fiscalização de Integridade de Atos e Pagamentos de Pessoal e de Benefícios Sociais (Sefip).</p><p>1.6. Representação legal: não há.</p><p>1.7. Determinações/Recomendações/Orientações: não há.</p><p>ACÓRDÃO Nº 4647/2022 - TCU - 2ª Câmara</p><p>Os Ministros do Tribunal de Contas da União, com fundamento nos arts. 1º, inciso V, e 39, inciso II, da Lei nº 8.443/92, c/c os arts. 1º, inciso VIII; 17, inciso III; 143, inciso II e 260, §§ 1º e 2º, inciso II, do Regimento Interno/TCU, ACORDAM em considerar legal para fins de registro o ato de concessão a seguir relacionado, conforme os pareceres emitidos nos autos pela Sefip e pelo Ministério Público junto a este Tribunal, informando aos interessados que o presente Acórdão pode ser acessado por meio do endereço eletrônico www.tcu.gov.br/acordaos.</p><p>1. Processo TC-014.527/2022-7 (APOSENTADORIA)</p><p>1.1. Interessado: Candido Eduardo de Moraes Cordts (084.323.258-72).</p><p>1.2. Órgão/Entidade: Agência Nacional do Petróleo, Gás Natural e Biocombustíveis.</p><p>1.3. Relator: Ministro Antonio Anastasia.</p><p>1.4. Representante do Ministério Público: Procurador Júlio Marcelo de Oliveira.</p><p>1.5. Unidade Técnica: Secretaria de Fiscalização de Integridade de Atos e Pagamentos de Pessoal e de Benefícios Sociais (Sefip).</p><p>1.6. Representação legal: não há.</p><p>1.7. Determinações/Recomendações/Orientações: não há.</p><p>ACÓRDÃO Nº 4648/2022 - TCU - 2ª Câmara</p><p>Os Ministros do Tribunal de Contas da União, com fundamento nos arts. 1º, inciso V, e 39, inciso II, da Lei nº 8.443/92, c/c os arts. 1º, inciso VIII; 17, inciso III; 143, inciso II e 260, §§ 1º e 2º, inciso II, do Regimento Interno/TCU, ACORDAM em considerar legais para fins de registro os atos de concessão a seguir relacionados, conforme os pareceres emitidos nos autos pela Sefip e pelo Ministério Público junto a este Tribunal, informando aos interessados que o presente Acórdão pode ser acessado por meio do endereço eletrônico www.tcu.gov.br/acordaos.</p><p>1. Processo TC-014.584/2022-0 (APOSENTADORIA)</p><p>1.1. Interessados: Carlos Antonio Pereira dos Santos (775.405.067-68); Conceicao de Maria Pinto (180.225.613-04); Elton Paulo de Assis Henriques (077.853.566-53); Joana D Arc Braga da Silva (232.068.373-91); Ricardo Ferreira de Souza (053.476.248-41).</p><p>1.2. Órgão/Entidade: Instituto Nacional do Seguro Social.</p><p>1.3. Relator: Ministro Antonio Anastasia.</p><p>1.4. Representante do Ministério Público: Procurador Júlio Marcelo de Oliveira.</p><p>1.5. Unidade Técnica: Secretaria de Fiscalização de Integridade de Atos e Pagamentos de Pessoal e de Benefícios Sociais (Sefip).</p><p>1.6. Representação legal: não há.</p><p>1.7. Determinações/Recomendações/Orientações: não há.</p><p>ACÓRDÃO Nº 4649/2022 - TCU - 2ª Câmara</p><p>Os Ministros do Tribunal de Contas da União, com fundamento nos arts. 1º, inciso V, e 39, inciso II, da Lei nº 8.443/92, c/c os arts. 1º, inciso VIII; 17, inciso III; 143, inciso II e 260, §§ 1º e 2º, inciso II, do Regimento Interno/TCU, ACORDAM em considerar legais para fins de registro os atos de concessão a seguir relacionados, conforme os pareceres emitidos nos autos pela Sefip e pelo Ministério Público junto a este Tribunal, informando aos interessados que o presente Acórdão pode ser acessado por meio do endereço eletrônico www.tcu.gov.br/acordaos.</p><p>1. Processo TC-014.634/2022-8 (APOSENTADORIA)</p><p>1.1. Interessado: Juarez Coelho Lima (102.511.461-20).</p><p>1.2. Órgão/Entidade: Tribunal de Justiça do Distrito Federal e dos Territórios.</p><p>1.3. Relator: Ministro Antonio Anastasia.</p><p>1.4. Representante do Ministério Público: Procurador Júlio Marcelo de Oliveira.</p><p>1.5. Unidade Técnica: Secretaria de Fiscalização de Integridade de Atos e Pagamentos de Pessoal e de Benefícios Sociais (Sefip).</p><p>1.6. Representação legal: não há.</p><p>1.7. Determinações/Recomendações/Orientações: não há.</p><p>ACÓRDÃO Nº 4650/2022 - TCU - 2ª Câmara</p><p>Os Ministros do Tribunal de Contas da União, com fundamento nos arts. 1º, inciso V, e 39, inciso II, da Lei nº 8.443/92, c/c os arts. 1º, inciso VIII; 17, inciso III; 143, inciso II e 260, §§ 1º e 2º, inciso II, do Regimento Interno/TCU, ACORDAM em considerar legais para fins de registro os atos de concessão a seguir relacionados, conforme os pareceres emitidos nos autos pela Sefip e pelo Ministério Público junto a este Tribunal, informando aos interessados que o presente Acórdão pode ser acessado por meio do endereço eletrônico www.tcu.gov.br/acordaos.</p><p>1. Processo TC-014.745/2022-4 (APOSENTADORIA)</p><p>1.1. Interessados: Ana Maria Padilha da Silva (051.756.232-49); Janete do Nascimento (219.820.402-97); Jose Helio Araujo de Oliveira (037.078.222-49); Mercia Maria Confessor Prata (250.691.014-04); Valdemir Alcantara (409.055.279-68).</p><p>1.2. Órgão/Entidade: Departamento de Centralização de Serviços de Inativos e Pensionistas.</p><p>1.3. Relator: Ministro Antonio Anastasia.</p><p>1.4. Representante do Ministério Público: Procurador Júlio Marcelo de Oliveira.</p><p>1.5. Unidade Técnica: Secretaria de Fiscalização de Integridade de Atos e Pagamentos de Pessoal e de Benefícios Sociais (Sefip).</p><p>1.6. Representação legal: não há.</p><p>1.7. Determinações/Recomendações/Orientações: não há.</p><p>ACÓRDÃO Nº 4651/2022 - TCU - 2ª Câmara</p><p>Os Ministros do Tribunal de Contas da União, com fundamento nos arts. 1º, inciso V, e 39, inciso II, da Lei nº 8.443/92, c/c os arts. 1º, inciso VIII; 17, inciso III; 143, inciso II e 260, §§ 1º e 2º, inciso II, do Regimento Interno/TCU, ACORDAM em considerar legal para fins de registro o ato de concessão a seguir relacionado, conforme os pareceres emitidos nos autos pela Sefip e pelo Ministério Público junto a este Tribunal, informando aos interessados que o presente Acórdão pode ser acessado por meio do endereço eletrônico www.tcu.gov.br/acordaos.</p><p>1. Processo TC-014.767/2022-8 (APOSENTADORIA)</p><p>1.1. Interessado: Angela Cristina Fanzeres Monteiro Fortes (804.234.347-72).</p><p>1.2. Órgão/Entidade: Instituto Nacional do Seguro Social.</p><p>1.3. Relator: Ministro Antonio Anastasia.</p><p>1.4. Representante do Ministério Público: Procurador Júlio Marcelo de Oliveira.</p><p>1.5. Unidade Técnica: Secretaria de Fiscalização de Integridade de Atos e Pagamentos de Pessoal e de Benefícios Sociais (Sefip).</p><p>1.6. Representação legal: não há.</p><p>1.7. Determinações/Recomendações/Orientações: não há.</p><p>ACÓRDÃO Nº 4652/2022 - TCU - 2ª Câmara</p><p>Os Ministros do Tribunal de Contas da União, com fundamento nos arts. 1º, inciso V, e 39, inciso II, da Lei nº 8.443/92, c/c os arts. 1º, inciso VIII; 17, inciso III; 143, inciso II e 260, §§ 1º e 2º, inciso II, do Regimento Interno/TCU, ACORDAM em considerar legais para fins de registro os atos de concessão a seguir relacionados, conforme os pareceres emitidos nos autos pela Sefip e pelo Ministério Público junto a este Tribunal, informando aos interessados que o presente Acórdão pode ser acessado por meio do endereço eletrônico www.tcu.gov.br/acordaos.</p><p>1. Processo TC-014.787/2022-9 (APOSENTADORIA)</p><p>1.1. Interessados: Delci Carlos Teixeira (161.775.410-20); Felipe dos Santos Fontes (070.833.897-64); Loredano de Oliveira Pontes (192.943.283-68); Marcia Maria Bitencourt (996.101.750-15); Marcos Liberato Neto (873.916.787-91).</p><p>1.2. Órgão/Entidade: Departamento de Polícia Federal.</p><p>1.3. Relator: Ministro Antonio Anastasia.</p><p>1.4. Representante do Ministério Público: Procurador Júlio Marcelo de Oliveira.</p><p>1.5. Unidade Técnica: Secretaria de Fiscalização de Integridade de Atos e Pagamentos de Pessoal e de Benefícios Sociais (Sefip).</p><p>1.6. Representação legal: não há.</p><p>1.7. Determinações/Recomendações/Orientações: não há.</p><p>ACÓRDÃO Nº 4653/2022 - TCU - 2ª Câmara</p><p>Os Ministros do Tribunal de Contas da União, com fundamento nos arts. 1º, inciso V, e 39, inciso II, da Lei nº 8.443/92, c/c os arts. 1º, inciso VIII; 17, inciso III; 143, inciso II e 260, §§ 1º e 2º, inciso II, do Regimento Interno/TCU, ACORDAM em considerar legais para fins de registro os atos de concessão a seguir relacionados, conforme os pareceres emitidos nos autos pela Sefip e pelo Ministério Público junto a este Tribunal, informando aos interessados que o presente Acórdão pode ser acessado por meio do endereço eletrônico www.tcu.gov.br/acordaos.</p><p>1. Processo TC-014.836/2022-0 (APOSENTADORIA)</p><p>1.1. Interessados: Katia de Oliveira Ferreira de Souza (881.702.687-53); Marco Antonio Ramos (336.897.687-72); Paulo Roberto Ramos da Silva (369.635.267-53); Rosangela Bernardo da Silva Maia (845.303.407-91); Simone Spineli de Carvalho (920.069.307-53).</p><p>1.2. Órgão/Entidade: Comando da Marinha.</p><p>1.3. Relator: Ministro Antonio Anastasia.</p><p>1.4. Representante do Ministério Público: Procuradora-Geral Cristina Machado da Costa e Silva.</p><p>1.5. Unidade Técnica: Secretaria de Fiscalização de Integridade de Atos e Pagamentos de Pessoal e de Benefícios Sociais (Sefip).</p><p>1.6. Representação legal: não há.</p><p>1.7. Determinações/Recomendações/Orientações: não há.</p><p>ACÓRDÃO Nº 4654/2022 - TCU - 2ª Câmara</p><p>Os Ministros do Tribunal de Contas da União, com fundamento nos arts. 1º, inciso V, e 39, inciso II, da Lei nº 8.443/92, c/c os arts. 1º, inciso VIII; 17, inciso III; 143, inciso II e 260, §§ 1º e 2º, inciso II, do Regimento Interno/TCU, ACORDAM em considerar legais para fins de registro os atos de concessão a seguir relacionados, conforme os pareceres emitidos nos autos pela Sefip e pelo Ministério Público junto a este Tribunal, informando aos interessados que o presente Acórdão pode ser acessado por meio do endereço eletrônico www.tcu.gov.br/acordaos.</p><p>1. Processo TC-014.875/2022-5 (APOSENTADORIA)</p><p>1.1. Interessados: Jose Barbosa de Almeida (100.385.745-00); Maria de Lourdes Bacelar Silva (097.400.405-78).</p><p>1.2. Órgão/Entidade: Ministério da Saúde.</p><p>1.3. Relator: Ministro Antonio Anastasia.</p><p>1.4. Representante do Ministério Público: Procurador Júlio Marcelo de Oliveira.</p><p>1.5. Unidade Técnica: Secretaria de Fiscalização de Integridade de Atos e Pagamentos de Pessoal e de Benefícios Sociais (Sefip).</p><p>1.6. Representação legal: não há.</p><p>1.7. Determinações/Recomendações/Orientações: não há.</p><p>ACÓRDÃO Nº 4655/2022 - TCU - 2ª Câmara</p><p>Os Ministros do Tribunal de Contas da União, com fundamento nos arts. 1º, inciso V, e 39, inciso II, da Lei nº 8.443/92, c/c os arts. 1º, inciso VIII; 17, inciso III; 143, inciso II e 260, §§ 1º e 2º, inciso II, do Regimento Interno/TCU, ACORDAM em considerar legal para fins de registro o ato de concessão a seguir relacionado, conforme os pareceres emitidos nos autos pela Sefip e pelo Ministério Público junto a este Tribunal, informando aos interessados que o presente Acórdão pode ser acessado por meio do endereço eletrônico www.tcu.gov.br/acordaos.</p><p>1. Processo TC-015.111/2022-9 (APOSENTADORIA)</p><p>1.1. Interessado: Delcio Alves de Franca (044.068.422-68).</p><p>1.2. Órgão/Entidade: Instituto Nacional de Colonização e Reforma Agrária.</p><p>1.3. Relator: Ministro Antonio Anastasia.</p><p>1.4. Representante do Ministério Público: Procuradora-Geral Cristina Machado da Costa e Silva.</p><p>1.5. Unidade Técnica: Secretaria de Fiscalização de Integridade de Atos e Pagamentos de Pessoal e de Benefícios Sociais (Sefip).</p><p>1.6. Representação legal: não há.</p><p>1.7. Determinações/Recomendações/Orientações: não há.</p><p>ACÓRDÃO Nº 4656/2022 - TCU - 2ª Câmara</p><p>Os Ministros do Tribunal de Contas da União, com fundamento nos arts. 1º, inciso V, e 39, inciso II, da Lei nº 8.443/92, c/c os arts. 1º, inciso VIII; 17, inciso III; 143, inciso II e 260, §§ 1º e 2º, inciso II, do Regimento Interno/TCU, ACORDAM em considerar legais para fins de registro os atos de concessão a seguir relacionados, conforme os pareceres emitidos nos autos pela Sefip e pelo Ministério Público junto a este Tribunal, informando aos interessados que o presente Acórdão pode ser acessado por meio do endereço eletrônico www.tcu.gov.br/acordaos.</p><p>1. Processo TC-015.167/2022-4 (APOSENTADORIA)</p><p>1.1. Interessados: Marineusa Teles do Nascimento (177.005.745-53); Sergio Murilo Correia Menezes (247.735.495-72).</p><p>1.2. Órgão/Entidade: Ministério da Agricultura, Pecuária e Abastecimento.</p><p>1.3. Relator: Ministro Antonio Anastasia.</p><p>1.4. Representante do Ministério Público: Procuradora-Geral Cristina Machado da Costa e Silva.</p><p>1.5. Unidade Técnica: Secretaria de Fiscalização de Integridade de Atos e Pagamentos de Pessoal e de Benefícios Sociais (Sefip).</p><p>1.6. Representação legal: não há.</p><p>1.7. Determinações/Recomendações/Orientações: não há.</p><p>ACÓRDÃO Nº 4657/2022 - TCU - 2ª Câmara</p><p>Os Ministros do Tribunal de Contas da União, com fundamento nos arts. 1º, inciso V, e 39, inciso II, da Lei nº 8.443/92, c/c os arts. 1º, inciso VIII; 17, inciso III; 143, inciso II e 260, §§ 1º e 2º, inciso II, do Regimento Interno/TCU, ACORDAM em considerar legais para fins de registro os atos de concessão a seguir relacionados, conforme os pareceres emitidos nos autos pela Sefip e pelo Ministério Público junto a este Tribunal, informando aos interessados que o presente Acórdão pode ser acessado por meio do endereço eletrônico www.tcu.gov.br/acordaos.</p><p>1. Processo TC-015.226/2022-0 (APOSENTADORIA)</p><p>1.1. Interessados: Eliane Veiga da Costa (601.354.927-34); Maranibia Aparecida Cardoso Oelemann (839.859.307-59); Marilene Cardoso Santos (218.600.507-78); Olga Maria Bastos (528.274.707-30); Roberto Antunes Moreira (602.423.617-49).</p><p>1.2. Órgão/Entidade: Fundação Oswaldo Cruz.</p><p>1.3. Relator: Ministro Antonio Anastasia.</p><p>1.4. Representante do Ministério Público: Procuradora-Geral Cristina Machado da Costa e Silva.</p><p>1.5. Unidade Técnica: Secretaria de Fiscalização de Integridade de Atos e Pagamentos de Pessoal e de Benefícios Sociais (Sefip).</p><p>1.6. Representação legal: não há.</p><p>1.7. Determinações/Recomendações/Orientações: não há.</p><p>ACÓRDÃO Nº 4658/2022 - TCU - 2ª Câmara</p><p>Os Ministros do Tribunal de Contas da União, com fundamento nos arts. 1º, inciso V, e 39, inciso II, da Lei nº 8.443/92, c/c os arts. 1º, inciso VIII; 17, inciso III; 143, inciso II e 260, §§ 1º e 2º, inciso II, do Regimento Interno/TCU, ACORDAM em considerar legais para fins de registro os atos de concessão a seguir relacionados, conforme os pareceres emitidos nos autos pela Sefip e pelo Ministério Público junto a este Tribunal, informando aos interessados que o presente Acórdão pode ser acessado por meio do endereço eletrônico www.tcu.gov.br/acordaos.</p><p>1. Processo TC-015.353/2022-2 (APOSENTADORIA)</p><p>1.1. Interessados: Ana Beatriz Girardelli Lopes Teixeira (678.414.736-72); Paulo Antonio de Arantes Vieira (311.025.226-00); Stella Maris da Silveira Duarte (452.073.056-20).</p><p>1.2. Órgão/Entidade: Universidade Federal de Alfenas.</p><p>1.3. Relator: Ministro Antonio Anastasia.</p><p>1.4. Representante do Ministério Público: Procuradora-Geral Cristina Machado da Costa e Silva.</p><p>1.5. Unidade Técnica: Secretaria de Fiscalização de Integridade de Atos e Pagamentos de Pessoal e de Benefícios Sociais (Sefip).</p><p>1.6. Representação legal: não há.</p><p>1.7. Determinações/Recomendações/Orientações: não há.</p><p>ACÓRDÃO Nº 4659/2022 - TCU - 2ª Câmara</p><p>Os Ministros do Tribunal de Contas da União, com fundamento nos arts. 1º, inciso V, e 39, inciso II, da Lei nº 8.443/92, c/c os arts. 1º, inciso VIII; 17, inciso III; 143, inciso II e 260, §§ 1º e 2º, inciso II, do Regimento Interno/TCU, ACORDAM em considerar legais para fins de registro os atos de concessão a seguir relacionados, conforme os pareceres emitidos nos autos pela Sefip e pelo Ministério Público junto a este Tribunal, informando aos interessados que o presente Acórdão pode ser acessado por meio do endereço eletrônico www.tcu.gov.br/acordaos.</p><p>1. Processo TC-015.373/2022-3 (APOSENTADORIA)</p><p>1.1. Interessados: Ana Maria da Paixao Setubal (462.617.101-04); Celina Maria Schmitt Rosa Lamb (153.699.191-00).</p><p>1.2. Órgão/Entidade: Ministério da Ciência, Tecnologia, Inovações e Comunicações (extinto).</p><p>1.3. Relator: Ministro Antonio Anastasia.</p><p>1.4. Representante do Ministério Público: Procuradora-Geral Cristina Machado da Costa e Silva.</p><p>1.5. Unidade Técnica: Secretaria de Fiscalização de Integridade de Atos e Pagamentos de Pessoal e de Benefícios Sociais (Sefip).</p><p>1.6. Representação legal: não há.</p><p>1.7. Determinações/Recomendações/Orientações: não há.</p><p>ACÓRDÃO Nº 4660/2022 - TCU - 2ª Câmara</p><p>Os Ministros do Tribunal de Contas da União, com fundamento nos arts. 1º, inciso V, e 39, inciso II, da Lei nº 8.443/92, c/c os arts. 1º, inciso VIII; 17, inciso III; 143, inciso II e 260, §§ 1º e 2º, inciso II, do Regimento Interno/TCU, ACORDAM em considerar legais para fins de registro os atos de concessão a seguir relacionados, conforme os pareceres emitidos nos autos pela Sefip e pelo Ministério Público junto a este Tribunal, informando aos interessados que o presente Acórdão pode ser acessado por meio do endereço eletrônico www.tcu.gov.br/acordaos.</p><p>1. Processo TC-015.386/2022-8 (APOSENTADORIA)</p><p>1.1. Interessados: Celia Marta Rodrigues dos Passos (310.850.751-68); Joao Luiz Machado Simoes (279.554.511-04); Lucia Helena Tolentino da Gama (410.894.991-91).</p><p>1.2. Órgão/Entidade: Superior Tribunal de Justiça.</p><p>1.3. Relator: Ministro Antonio Anastasia.</p><p>1.4. Representante do Ministério Público: Procuradora-Geral Cristina Machado da Costa e Silva.</p><p>1.5. Unidade Técnica: Secretaria de Fiscalização de Integridade de Atos e Pagamentos de Pessoal e de Benefícios Sociais (Sefip).</p><p>1.6. Representação legal: não há.</p><p>1.7. Determinações/Recomendações/Orientações: não há.</p>]]></Texto>
  </body>
  <Midias />
</article></xml>