﻿<xml><article id="27750736" name="2022-08-29/9060361/ANMWS_1984420" idOficio="9060361" pubName="DO1" artType="Despacho" pubDate="30/08/2022" artClass="00023:00030:00050:00000:00000:00000:00000:00000:00000:00000:00024:00116" artCategory="Ministério de Minas e Energia/Agência Nacional de Mineração/Superintendência de Outorga de Títulos Minerários" artSize="12" artNotes="" numberPage="233" pdfPage="http://pesquisa.in.gov.br/imprensa/jsp/visualiza/index.jsp?data=30/08/2022&amp;jornal=515&amp;pagina=233" editionNumber="165" highlightType="" highlightPriority="" highlight="" highlightimage="" highlightimagename="" idMateria="19844206">
  <body>
    <Identifica><![CDATA[Despacho]]></Identifica>
    <Data><![CDATA[]]></Data>
    <Ementa />
    <Titulo />
    <SubTitulo />
    <Texto><![CDATA[<p class="identifica">Despacho</p><p>Relação nº 116/2022</p><p>Fase de Requerimento de Pesquisa</p><p>O SUPERINTENDENTE DE OUTORGA DE TÍTULOS MINERÁRIOS DA AGÊNCIA NACIONAL DE MINERAÇÃO, no uso das atribuições regimentais dispostas no art. 93 da Resolução nº 102, de 13 de abril de 2022, e com fundamento no art. 15, do Decreto-lei n° 227, de 28 de fevereiro de 1967, (Código de Mineração), e no art. 2°, inciso XVII da Lei 13.575/2017, outorga os seguintes Alvarás de Pesquisa, prazo 3 anos, vigência a partir dessa publicação:(323)</p><p>6712/2022-850.882/2021-COOPTAP - COOPERATIVA DOS GARIMPEIROS DO MEDIO TAPAJOS-</p><p>6711/2022-850.283/2021-J RIBEIRO MINERACAO E LOGISTICA EIRELI-</p><p>6713/2022-850.393/2022-ROBERTO RODRIGUES CRISPIM OLIVEIRA-</p><p>6710/2022-850.884/2019-ANDRÉ LUIZ FONSECA FONTANA-</p><p>6709/2022-850.487/2019-JRM MACHADO CONSTRUÇÕES E SERVIÇOS EIRELI-</p><p class="assina">MOACYR CARVALHO DE ANDRADE NETO</p>]]></Texto>
  </body>
  <Midias />
</article></xml>