﻿<xml><article id="27737801" name="PORTARIA SEGMA-SUBLOP-CHELOG-EMC" idOficio="9057932" pubName="DO1" artType="Portaria" pubDate="30/08/2022" artClass="00013:00034:00006:00005:00000:00000:00000:00000:00000:00000:00054:00004" artCategory="Ministério da Defesa/Estado-Maior Conjunto das Forças Armadas/Chefia de Logística e Mobilização/Subchefia de Logística Operacional" artSize="12" artNotes="" numberPage="67" pdfPage="http://pesquisa.in.gov.br/imprensa/jsp/visualiza/index.jsp?data=30/08/2022&amp;jornal=515&amp;pagina=67" editionNumber="165" highlightType="" highlightPriority="" highlight="" highlightimage="" highlightimagename="" idMateria="19840778">
  <body>
    <Identifica><![CDATA[ PORTARIA SEGMA/SUBLOP/CHELOG/EMCFA-MD  Nº 4.566, DE 25 DE AGOSTO DE 2022]]></Identifica>
    <Data><![CDATA[]]></Data>
    <Ementa />
    <Titulo />
    <SubTitulo />
    <Texto><![CDATA[<p class="identifica">PORTARIA SEGMA/SUBLOP/CHELOG/EMCFA-MD Nº 4.566, DE 25 DE AGOSTO DE 2022</p><p>O SUBCHEFE DE LOGÍSTICA OPERACIONAL DA CHEFIA DE LOGÍSTICA E MOBILIZAÇÃO DO ESTADO-MAIOR CONJUNTO DAS FORÇAS ARMADAS DO MINISTÉRIO DA DEFESA no uso da competência que lhe foi delegada pelo inciso I do art. 1º da Portaria nº 1.579/SEGMA/SUBILOG/CHELOG/EMCFA-MD, de 5 de abril de 2021, e o que consta no Processo NUP 60310.000323/2022-45, resolve:</p><p>Art. 1º Conceder inscrição, junto ao Ministério da Defesa (MD), à empresa GEOTROPICAL - GEOTECNOLOGIA E MEIO AMBIENTE LTDA., com sede social na Rua Coronel Silva Neto, 1.300 - Centro, Balsas/MA, CEP 65.800-000, inscrita no CNPJ sob o nº 17.242.457/0001-05, como entidade privada executante de aerolevantamento, Categoria "A".</p><p>Art. 2º Considerar a inscrição válida a partir da data de sua publicação em Diário Oficial da União, até a data de 26 de agosto de 2025.</p><p>Art. 3º Durante o período de vigência da inscrição a empresa deverá comunicar ao MD qualquer alteração referente a sua capacitação técnica e/ou jurídica.</p><p>Art. 4º Esta Portaria entra em vigor na data de sua publicação.</p><p class="assina">General de Brigada ANDRÉ LARANJA SÁ CORRÊA</p>]]></Texto>
  </body>
  <Midias />
</article></xml>