﻿<xml><article id="27735112" name="resolucao_2814_2022 GGBIO" idOficio="9057316" pubName="DO1" artType="Resolução" pubDate="30/08/2022" artClass="00026:00034:00014:00104:00000:00000:00000:00000:00000:00000:00064:32814" artCategory="Ministério da Saúde/Agência Nacional de Vigilância Sanitária/2ª Diretoria/Gerência-Geral de Produtos Biológicos, Radiofármacos, Sangue, Tecidos, Células, Órgãos e Prod de Terapias Avan" artSize="12" artNotes="" numberPage="265" pdfPage="http://pesquisa.in.gov.br/imprensa/jsp/visualiza/index.jsp?data=30/08/2022&amp;jornal=515&amp;pagina=265" editionNumber="165" highlightType="" highlightPriority="" highlight="" highlightimage="" highlightimagename="" idMateria="19839985">
  <body>
    <Identifica><![CDATA[ RESOLUÇÃO-RE Nº 2.814, DE 22 DE AGOSTO DE 2022]]></Identifica>
    <Data><![CDATA[]]></Data>
    <Ementa />
    <Titulo />
    <SubTitulo />
    <Texto><![CDATA[<p class="identifica">RESOLUÇÃO-RE Nº 2.814, DE 22 DE AGOSTO DE 2022</p><p>O Gerente-Geral de Produtos Biológicos, Radiofármacos, Sangue, Tecidos, Células, Órgãos e Produtos de Terapias Avançadas, no uso das atribuições que lhe confere o art. 109, aliado ao art. 203, I, § 1º do Regimento Interno aprovado pela Resolução de Diretoria Colegiada - RDC nº 585, de 10 de dezembro de 2021, resolve:</p><p>Art. 1º Indeferir petições relacionadas à Gerência-Geral de Produtos Biológicos, Radiofármacos, Sangue, Tecidos, Células, Órgãos e Produtos de Terapias Avançadas, conforme anexo.</p><p>Art. 2º Esta Resolução entra em vigor na data de sua publicação.</p><p class="assina">FABRÍCIO CARNEIRO DE OLIVEIRA</p><p class="anexo">ANEXO</p><p>NOME DA EMPRESA CNPJ</p><p>PRINCIPIO(S) ATIVO(S)</p><p>NOME DO MEDICAMENTO NUMERO DO PROCESSO VENCIMENTO DO REGISTRO</p><p>ASSUNTO DA PETIÇÃO EXPEDIENTE</p><p>NUMERO DE REGISTRO VALIDADE</p><p>APRESENTAÇÃO DO PRODUTO</p><p>PRINCIPIO(S) ATIVO(S)</p><p>_________________________________________________________________</p><p>ASTRAZENECA DO BRASIL LTDA 60318797000100</p><p>VACINA COVID-19 (RECOMBINANTE)</p><p>VAXZEVRIA 25351.993005/2021-53 03/2024</p><p>11961 PRODUTOS BIOLÓGICOS - 73. ALTERAÇÃO NAS CONDIÇÕES DE ARMAZENAMENTO DO PRODUTO BIOLÓGICO TERMINADO (FECHADO OU APÓS ABERTO) OU DO PRODUTO BIOLÓGICO RECONSTITUÍDO OU DILUÍDO - MODERADA 3074323/21-1</p><p>1.1618.0284.001-2 6 Meses</p><p>SUS INJ CT FA VD TRANS X 2,5 ML</p><p>1.1618.0284.002-0 6 Meses</p><p>SUS INJ CT 10 FA VD TRANS X 2,5 ML</p><p>1.1618.0284.003-9 6 Meses</p><p>SUS INJ CT 50 FA VD TRANS X 2,5 ML</p><p>--------------------------------------------------------------------------------</p><p>GLAXOSMITHKLINE BRASIL LTDA 33247743000110</p><p>Toxóide diftérico + Toxóide Tetânico + Toxóide pertussis + Hemaglutinina Filamentosa + Pertactina</p><p>REFORTRIX 25351.025286/00-97 04/2026</p><p>11961 PRODUTOS BIOLÓGICOS - 73. ALTERAÇÃO NAS CONDIÇÕES DE ARMAZENAMENTO DO PRODUTO BIOLÓGICO TERMINADO (FECHADO OU APÓS ABERTO) OU DO PRODUTO BIOLÓGICO RECONSTITUÍDO OU DILUÍDO - MODERADA 4400160/21-6</p><p>1.0107.0161.001-0 36 Meses</p><p>SUS INJ CT SER PREENC VD TRANS X 0,5 ML</p><p>1.0107.0161.003-7 36 Meses</p><p>SUS INJ CT 10 FA VD TRANS X 0,5 ML</p><p>--------------------------------------------------------------------------------</p><p>INSTITUTO BUTANTAN 61821344000156</p><p>Toxóide diftérico + Toxóide Tetânico + Toxóide pertussis + Hemaglutinina Filamentosa + Pertactina</p><p>VACINA ADSORVIDA DIFTERIA, TÉTANO E PERTUSSIS (ACELULAR) 25351.007531/2016-19 11/2026</p><p>11961 PRODUTOS BIOLÓGICOS - 73. ALTERAÇÃO NAS CONDIÇÕES DE ARMAZENAMENTO DO PRODUTO BIOLÓGICO TERMINADO (FECHADO OU APÓS ABERTO) OU DO PRODUTO BIOLÓGICO RECONSTITUÍDO OU DILUÍDO - MODERADA 4716008/21-0</p><p>1.2234.0046.001-4 36 Meses</p><p>SUS INJ IM CT 10 SER PREENCH VD TRANS X 0,5 ML</p><p>1.2234.0046.002-2 36 Meses</p><p>SUS INJ IM CT 10 FA VD TRANS X 0,5 ML</p><p>--------------------------------------------------------------------------------</p><p>SANDOZ DO BRASIL INDÚSTRIA FARMACÊUTICA LTDA 61286647000116</p><p>Etanercepte + Etanercepte</p><p>Erelzi 25351.401559/2016-09 12/2034</p><p>11961 PRODUTOS BIOLÓGICOS - 73. ALTERAÇÃO NAS CONDIÇÕES DE ARMAZENAMENTO DO PRODUTO BIOLÓGICO TERMINADO (FECHADO OU APÓS ABERTO) OU DO PRODUTO BIOLÓGICO RECONSTITUÍDO OU DILUÍDO - MODERADA 3028291/21-8</p><p>1.0047.0629.001-1 36 Meses</p><p>25 MG SOL INJ CT BL PLAS X 1 SER VD PREENC C/ AGU X 0,5 ML</p><p>1.0047.0629.002-8 36 Meses</p><p>25 MG SOL INJ CT BL PLAS X 2 SER VD PREENC C/ AGU X 0,5 ML</p><p>1.0047.0629.003-6 36 Meses</p><p>25 MG SOL INJ CT BL PLAS X 4 SER VD PREENC C/ AGU X 0,5 ML</p><p>1.0047.0629.004-4 36 Meses</p><p>25 MG SOL INJ CT BL PLAS X 12 SER VD PREENC C/ AGU X 0,5 ML</p><p>1.0047.0629.005-2 36 Meses</p><p>50 MG SOL INJ CT BL PLAS X 1 SER VD PREENC C/ AGU X 1 ML</p><p>1.0047.0629.006-0 36 Meses</p><p>50 MG SOL INJ CT BL PLAS X 2 SER VD PREENC C/ AGU X 1 ML</p><p>1.0047.0629.007-9 36 Meses</p><p>50 MG SOL INJ CT BL PLAS X 4 SER VD PREENC C/ AGU X 1 ML</p><p>1.0047.0629.008-7 36 Meses</p><p>50 MG SOL INJ CT BL PLAS X 12 SER VD PREENC C/ AGU X 1 ML</p><p>1.0047.0629.009-5 36 Meses</p><p>50 MG SOL INJ CT 1 CAN PREENC X 1 ML + SIST APLIC PLAS</p><p>1.0047.0629.010-9 36 Meses</p><p>50 MG SOL INJ CT 2 CAN PREENC X 1 ML + SIST APLIC PLAS</p><p>1.0047.0629.011-7 36 Meses</p><p>50 MG SOL INJ CT 4 CAN PREENC X 1 ML + SIST APLIC PLAS</p><p>1.0047.0629.012-5 36 Meses</p><p>50 MG SOL INJ CT 12 CAN PREENC X 1 ML + SIST APLIC PLAS</p>]]></Texto>
  </body>
  <Midias />
</article></xml>