﻿<xml><article id="27750721" name="2022-08-29/9060362/ANMWS_1984420" idOficio="9060362" pubName="DO1" artType="Despacho" pubDate="30/08/2022" artClass="00023:00030:00016:00000:00000:00000:00000:00000:00000:00000:00024:00109" artCategory="Ministério de Minas e Energia/Agência Nacional de Mineração/Gerência Regional da ANM no Estado da Bahia" artSize="12" artNotes="" numberPage="225" pdfPage="http://pesquisa.in.gov.br/imprensa/jsp/visualiza/index.jsp?data=30/08/2022&amp;jornal=515&amp;pagina=225" editionNumber="165" highlightType="" highlightPriority="" highlight="" highlightimage="" highlightimagename="" idMateria="19844207">
  <body>
    <Identifica><![CDATA[Despacho]]></Identifica>
    <Data><![CDATA[]]></Data>
    <Ementa />
    <Titulo />
    <SubTitulo />
    <Texto><![CDATA[<p class="identifica">Despacho</p><p>Relação nº 109/2022</p><p>Fase de Requerimento de Lavra Garimpeira</p><p>O GERENTE REGIONAL DA AGÊNCIA NACIONAL DE MINERAÇÃO, no uso da competência delegada de que trata o Art. 1°, inciso V da Portaria Nº 1056, de 30 de junho de 2022, publicada no Diário Oficial da União de 01 de Julho de 2022, outorga as seguintes Permissões de Lavra Garimpeira, com vigência a partir dessa publicação:(513)</p><p>PLG N°207/2022 - 872.055/2021-MOACYR RIBEIRO JR - Prazo 02 anos anos</p><p>PLG N°206/2022 - 870.053/2021-CARLOS ANTONIO SÃO PEDRO CRUZ JÚNIOR - Prazo 02 anos anos</p><p class="assina">ARTUR CÉSAR DE OLIVEIRA</p><p class="cargo">Substituto</p>]]></Texto>
  </body>
  <Midias />
</article></xml>