﻿<xml><article id="27735097" name="resolucao_2824_2022 GGMED" idOficio="9057316" pubName="DO1" artType="Resolução" pubDate="30/08/2022" artClass="00026:00034:00014:00008:00000:00000:00000:00000:00000:00000:00064:32824" artCategory="Ministério da Saúde/Agência Nacional de Vigilância Sanitária/2ª Diretoria/Gerência-Geral de Medicamentos" artSize="12" artNotes="" numberPage="259" pdfPage="http://pesquisa.in.gov.br/imprensa/jsp/visualiza/index.jsp?data=30/08/2022&amp;jornal=515&amp;pagina=259" editionNumber="165" highlightType="" highlightPriority="" highlight="" highlightimage="" highlightimagename="" idMateria="19839989">
  <body>
    <Identifica><![CDATA[ RESOLUÇÃO-RE Nº 2.824, DE 25 DE AGOSTO DE 2022]]></Identifica>
    <Data><![CDATA[]]></Data>
    <Ementa />
    <Titulo />
    <SubTitulo />
    <Texto><![CDATA[<p class="identifica">RESOLUÇÃO-RE Nº 2.824, DE 25 DE AGOSTO DE 2022</p><p>O Gerente-Geral de Medicamentos, no uso das atribuições que lhe confere o art. 100, aliado ao art. 203, I, § 1º do Regimento Interno aprovado pela Resolução de Diretoria Colegiada - RDC nº 585, de 10 de dezembro de 2021, resolve:</p><p>Art. 1º Publicar a desistência a pedido dos expedientes de medicamentos similares, genéricos e novos, sob o nº de expedientes constantes do anexo desta Resolução, nos termos do Art. 51 da Lei nº. 9.784 de 1999.</p><p>Art. 2º Esta Resolução entra em vigor na data de sua publicação.</p><p class="assina">NÉLIO CEZAR DE AQUINO</p><p class="anexo">ANEXO</p><p>RAZÃO SOCIAL</p><p>ASSUNTO DA PETIÇÃO DESISTIDA</p><p>NÚMERO DO PROCESSO EXPEDIENTE DE DESISTÊNCIA A PEDIDO EXPEDIENTE DA PETIÇÃO DESISTIDA</p><p>---------------------------------------------------</p><p>EMS S/A - 57.507.378/0003-65</p><p>1411 - GENERICO - Cancelamento de Registro do Medicamento</p><p>25351.009245/01-80 4507151/22-8 4449432/22-3</p><p>---------------------------------------------------</p><p>LABORATÓRIO TEUTO BRASILEIRO S/A - 17.159.229/0001-76</p><p>11869 - RDC 73/2016 - GENÉRICO - Mudanças maiores de métodos analíticos</p><p>25351.153745/2005-34 4452143/22-9 4308076/22-6</p><p>11869 - RDC 73/2016 - GENÉRICO - Mudanças maiores de métodos analíticos</p><p>25351.010237/00-78 4452376/22-3 4308074/22-0</p><p>---------------------------------------------------</p><p>MULTILAB INDUSTRIA E COMERCIO DE PRODUTOS FARMACEUTICOS LTDA - 92.265.552/0009-05</p><p>1959 - GENERICO - Solicitação de Transferência de Titularidade de Registro (Incorporação de Empresa)</p><p>25351.065462/2022-37 4528145/22-7 0479795/22-3</p><p>1959 - GENERICO - Solicitação de Transferência de Titularidade de Registro (Incorporação de Empresa)</p><p>25351.065543/2022-37 4546591/22-5 0480010/22-6</p><p>1995 - SIMILAR - Solicitação de Transferência de Titularidade de Registro (Incorporação de Empresa)</p><p>25351.068265/2022-70 4546511/22-1 0491402/22-8</p><p>1959 - GENERICO - Solicitação de Transferência de Titularidade de Registro (Incorporação de Empresa)</p><p>25351.068349/2022-11 4434534/22-0 0491845/22-7</p><p>1995 - SIMILAR - Solicitação de Transferência de Titularidade de Registro (Incorporação de Empresa)</p><p>25351.065433/2022-75 4583490/22-4 0479720/22-3</p><p>---------------------------------------------------</p><p>MYLAN LABORATORIOS LTDA - 11.643.096/0001-22</p><p>155 - GENERICO - Registro de Medicamento</p><p>25351.486678/2021-51 4395423/22-1 1899405/21-9</p><p>---------------------------------------------------</p><p>NOVA QUIMICA FARMACÊUTICA S/A - 72.593.791/0001-11</p><p>1429 - GENERICO - Cancelamento de Registro do Medicamento por Transferência de Titularidade</p><p>25351.759285/2011-00 4434293/22-2 0471081/22-1</p><p>1990 - SIMILAR - Cancelamento de Registro do Medicamento por Transferência de Titularidade</p><p>25351.301743/2016-11 4546203/22-5 0472753/22-3</p><p>1429 - GENERICO - Cancelamento de Registro do Medicamento por Transferência de Titularidade</p><p>25351.272242/2016-10 4528055/22-8 0445149/22-1</p><p>1429 - GENERICO - Cancelamento de Registro do Medicamento por Transferência de Titularidade</p><p>25351.338797/2005-89 4546532/22-9 0447955/22-5</p><p>1990 - SIMILAR - Cancelamento de Registro do Medicamento por Transferência de Titularidade</p><p>25351.222262/2016-40 4554038/22-0 0451428/22-6</p><p>155 - GENERICO - Registro de Medicamento</p><p>25351.651210/2009-15 4485544/22-2 845258/09-0</p><p>---------------------------------------------------</p><p>UNIÃO QUÍMICA FARMACÊUTICA NACIONAL S/A - 60.665.981/0001-18</p><p>11072 - RDC 73/2016 - SIMILAR - Alteração maior de composição de embalagem primária do medicamento</p><p>25992.008073/72 4511815/22-4 0390451/22-2</p><p>11321 - SIMILAR - Aditamento - Aprovação condicional - RDC 219/2018</p><p>25992.008073/72 4515258/22-2 0452865/22-4</p>]]></Texto>
  </body>
  <Midias />
</article></xml>