﻿<xml><article id="27746259" name="Portaria 793" idOficio="9059457" pubName="DO1" artType="Portaria" pubDate="30/08/2022" artClass="00027:00052:00013:00000:00000:00000:00000:00000:00000:00000:00054:00014" artCategory="Ministério do Trabalho e Previdência/Superintendência Nacional de Previdência Complementar/Diretoria de Licenciamento" artSize="12" artNotes="" numberPage="285" pdfPage="http://pesquisa.in.gov.br/imprensa/jsp/visualiza/index.jsp?data=30/08/2022&amp;jornal=515&amp;pagina=285" editionNumber="165" highlightType="" highlightPriority="" highlight="" highlightimage="" highlightimagename="" idMateria="19842983">
  <body>
    <Identifica><![CDATA[ Portaria Previc Nº 793, DE 25 DE agosto DE 2022]]></Identifica>
    <Data><![CDATA[]]></Data>
    <Ementa />
    <Titulo />
    <SubTitulo />
    <Texto><![CDATA[<p class="identifica">Portaria Previc Nº 793, DE 25 DE agosto DE 2022</p><p>O DIRETOR DE LICENCIAMENTO, no uso das atribuições que lhe confere as alíneas "a", "c" e "e" do inciso I do art. 64 da Portaria nº 529, de 8 de dezembro de 2017 (Regimento Interno da Superintendência Nacional de Previdência Complementar - Previc), e considerando as manifestações técnicas exaradas no Processo nº 44011.002884/2022-05, resolve:</p><p>Art. 1º Autorizar a transferência de gerenciamento do Plano de Aposentadoria Ford, CNPB nº 1995.0033-11, da Ford Previdência Privada, CNPJ nº 01.089.043/0001-58, para a Fundação CESP (VIVEST), CNPJ nº 62.465.117/0001-06.</p><p>Art. 2º Aprovar a aplicação das alterações propostas ao regulamento do Plano de Aposentadoria Ford.</p><p>Art. 3º Aprovar o convênio de adesão celebrado entre a Ford Motor Company Brasil Ltda., CNPJ nº 03.470.727/0004-73, na condição de patrocinadora do Plano de Aposentadoria Ford, e a Fundação CESP (VIVEST), na condição de entidade fechada de previdência complementar responsável pela administração do referido plano.</p><p>Art. 4º Esta Portaria entra em vigor na data de sua publicação.</p><p class="assina">JOSÉ REYNALDO DE ALMEIDA FURLANI</p>]]></Texto>
  </body>
  <Midias />
</article></xml>