﻿<xml><article id="27751229" name="2022-08-29/9060527/ANMWS_1984478" idOficio="9060527" pubName="DO1" artType="Retificação" pubDate="30/08/2022" artClass="00023:00030:00023:00000:00000:00000:00000:00000:00000:00000:00024:00007" artCategory="Ministério de Minas e Energia/Agência Nacional de Mineração/Gerência Regional da ANM no Estado de Pernambuco" artSize="12" artNotes="" numberPage="227" pdfPage="http://pesquisa.in.gov.br/imprensa/jsp/visualiza/index.jsp?data=30/08/2022&amp;jornal=515&amp;pagina=227" editionNumber="165" highlightType="" highlightPriority="" highlight="" highlightimage="" highlightimagename="" idMateria="19844783">
  <body>
    <Identifica><![CDATA[Despacho]]></Identifica>
    <Data><![CDATA[]]></Data>
    <Ementa />
    <Titulo />
    <SubTitulo />
    <Texto><![CDATA[<p class="identifica">Despacho</p><p>Relação nº 93/2022</p><p>Fase de Autorização de Pesquisa</p><p>Retificação de despacho(1387)</p><p>840.141/2019-TRANSLIPE MINERAÇAO, TRANSPORTE E LOCAÇAO DE MAQUINAS LTDA - Publicado DOU de 24/06/2021, Relação n° 309/2021, Seção 01, pág. 64- Onde se Lê : "...Vigência da Guia:1 ano...", Leia-se: "... Vigência da Guia:3 anos, VENCENDO em 24/12/2023..."</p><p>Fase de Requerimento de Pesquisa</p><p>Torna sem efeito o indeferimento do requerimento de pesquisa.(139)</p><p>840.091/2019-GMS GALVAO MINERACAO E SERVICOS DE ENGENHARIA LTDA- DOU de 12/05/2022 - Relação 27/2022</p><p class="assina">MARCOS ANTÔNIO DE HOLANDA TAVARES</p><p class="cargo">Gerente</p>]]></Texto>
  </body>
  <Midias />
</article></xml>