﻿<xml><article id="27752500" name="resolucao_2853_2022 COISC GGFIS" idOficio="9060850" pubName="DO1" artType="Resolução" pubDate="30/08/2022" artClass="00026:00034:00016:00006:00000:00000:00000:00000:00000:00000:00064:32853" artCategory="Ministério da Saúde/Agência Nacional de Vigilância Sanitária/4ª Diretoria/Gerência-Geral de Inspeção e Fiscalização Sanitária" artSize="12" artNotes="" numberPage="278" pdfPage="http://pesquisa.in.gov.br/imprensa/jsp/visualiza/index.jsp?data=30/08/2022&amp;jornal=515&amp;pagina=278" editionNumber="165" highlightType="" highlightPriority="" highlight="" highlightimage="" highlightimagename="" idMateria="19845136">
  <body>
    <Identifica><![CDATA[ RESOLUÇÃO-RE Nº 2.853, DE 29 DE AGOSTO DE 2022]]></Identifica>
    <Data><![CDATA[]]></Data>
    <Ementa />
    <Titulo />
    <SubTitulo />
    <Texto><![CDATA[<p class="identifica">RESOLUÇÃO-RE Nº 2.853, DE 29 DE AGOSTO DE 2022</p><p>A Gerente-Geral de Inspeção e Fiscalização Sanitária, no uso das atribuições que lhe confere o art. 140, aliado ao art. 203, I, § 1º do Regimento Interno aprovado pela Resolução de Diretoria Colegiada - RDC nº 585, de 10 de dezembro de 2021, e o art. 6º, da Lei nº 9.782, de 26 de janeiro de 1999, resolve:</p><p>Art. 1º Adotar as medidas preventivas constantes no ANEXO.</p><p>Art. 2º Esta Resolução entra em vigor na data de sua publicação.</p><p class="assina">ANA CAROLINA MOREIRA MARINO ARAUJO</p><p class="anexo">ANEXO</p><p>1. Empresa: TECNOLLAR INDUSTRIA E COMERCIO DE PRODUTOS DE LIMPEZA LTDA - ME - CNPJ: 07625939000190</p><p>Produto - (Lote): HIPOCLORITO DE SÓDIO MARCA BLEACH CLOR(TODOS);</p><p>Tipo de Produto: Saneantes</p><p>Expediente nº: 4615817/22-1</p><p>Assunto: 70351 - Ações de Fiscalização em Vigilância Sanitária</p><p>Ações de fiscalização: Recolhimento, Proibição - Comercialização, Distribuição, Fabricação, Propaganda, Uso</p><p>Motivação: Considerando a comercialização e fabricação do produto saneante com ensaio de teor de cloro ativo e análise de rotulagem insatisfatórios e sem registro, infringindo o art. 12 da Lei 6360, de 23 de setembro de 1976 e tendo em vista o previsto no art. 6º e inciso I do art. 67 da Lei 6.360, de 23 de setembro de 1976 e inciso XV do art. 7º da Lei 9.782, de 26 de janeiro de 1999.</p><p>2. Empresa: T.C.I INDÚSTRIA COSMÉTICA LTDA-EPP - CNPJ: 07239476000129</p><p>Produto - (Lote): TODOS OS PRODUTOS(TODOS);</p><p>Tipo de Produto: Cosmético</p><p>Expediente nº: 4615462/22-1</p><p>Assunto: 70351 - Ações de Fiscalização em Vigilância Sanitária</p><p>Ações de fiscalização: Suspensão - Comercialização, Distribuição, Fabricação</p><p>Motivação: Considerando o descumprimento da Resolução RDC nº 48, de 25 de outubro de 2013, que aprovou o Regulamento Técnico de Boas Práticas de Fabricação para Produtos de Higiene Pessoal, Cosméticos e Perfumes, detectado durante inspeção sanitária realizada em 18/08/2022, e tendo em vista o previsto no art. 5º da citada resolução e no art. 7º e inciso I do art. 67 da Lei n.º 6.360/1976.</p>]]></Texto>
  </body>
  <Midias />
</article></xml>