﻿<xml><article id="27752455" name="Extrato 2022-08-29 - Ato 12261 a" idOficio="9060842" pubName="DO1" artType="Ato" pubDate="30/08/2022" artClass="00012:00014:00014:00154:00000:00000:00000:00000:00000:00000:00006:00012" artCategory="Ministério das Comunicações/Agência Nacional de Telecomunicações/Superintendência de Fiscalização/Gerência Regional nos Estados do Paraná e Santa Catarina" artSize="12" artNotes="" numberPage="25" pdfPage="http://pesquisa.in.gov.br/imprensa/jsp/visualiza/index.jsp?data=30/08/2022&amp;jornal=515&amp;pagina=25" editionNumber="165" highlightType="" highlightPriority="" highlight="" highlightimage="" highlightimagename="" idMateria="19845127">
  <body>
    <Identifica><![CDATA[ ATOS DE 29 DE AGOSTO DE 2022]]></Identifica>
    <Data><![CDATA[]]></Data>
    <Ementa />
    <Titulo />
    <SubTitulo />
    <Texto><![CDATA[<p class="identifica">ATOS DE 29 DE AGOSTO DE 2022</p><p>Expede às entidades abaixo relacionadas autorização para explorar Serviços de Telecomunicações de Interesse Restrito, por prazo indeterminado, sem caráter de exclusividade, e tendo como área de prestação de serviço todo o território nacional:</p><p>Nº 12.261 - Processo nº 53516.010326/2022-15: PARQUE CIENTIFICO E TECNOLOGICO DE BIOCIENCIAS LTDA, CNPJ nº 21.526.709/0001-03.</p><p>Nº 12.262 - Processo nº 53516.010412/2022-28: JULIANO SUARES DA CUNHA, CPF nº ***.960.549-**.</p><p>Nº 12.263 - Processo nº 53516.010424/2022-52: JEANETE LACERDA DE SOUZA, CPF nº ***.191.319-**.</p><p class="assina">MARCIO ANTONIO PROTZEK</p><p class="cargo">Gerente Substituto</p>]]></Texto>
  </body>
  <Midias />
</article></xml>