﻿<xml><article id="27750703" name="2022-08-29/9060367/ANMWS_1984421" idOficio="9060367" pubName="DO1" artType="Despacho" pubDate="30/08/2022" artClass="00023:00030:00023:00000:00000:00000:00000:00000:00000:00000:00024:00003" artCategory="Ministério de Minas e Energia/Agência Nacional de Mineração/Gerência Regional da ANM no Estado de Pernambuco" artSize="12" artNotes="" numberPage="226" pdfPage="http://pesquisa.in.gov.br/imprensa/jsp/visualiza/index.jsp?data=30/08/2022&amp;jornal=515&amp;pagina=226" editionNumber="165" highlightType="" highlightPriority="" highlight="" highlightimage="" highlightimagename="" idMateria="19844212">
  <body>
    <Identifica><![CDATA[Despacho]]></Identifica>
    <Data><![CDATA[]]></Data>
    <Ementa />
    <Titulo />
    <SubTitulo />
    <Texto><![CDATA[<p class="identifica">Despacho</p><p>Relação nº 89/2022</p><p>Fase de Direito de Requerer a Lavra</p><p>Prorroga por 01 (um) ano o prazo para requerer a Concessão de Lavra(2243)</p><p>840.108/2015-TOLEDO EXOTIC LTDA</p><p>Fase de Licenciamento</p><p>Autoriza transformação do regime do Licenciamento para Autorização de Pesquisa(1285)</p><p>840.052/2021-MINERADORA BRASIL LTDA</p><p>Autoriza averbação da Prorrogação do Registro de Licença(742)</p><p>840.024/2021-ANTONIO FERNANDO ALVES DA SILVA- Registro de Licença N° 30/2021 - Vencimento em 18/02/2023</p><p>840.960/2011-CARLOS EDURDO ALVES DE SAMPAIO- Registro de Licença N° 780/2012 - Vencimento em 05/11/2023</p><p>Fase de Requerimento de Licenciamento</p><p>Outorga o Registro de Licença com vigência a partir dessa publicação:(730)</p><p>840.368/2021-IMOBILIARIA CASTRO LIMA LTDA.-Registro de Licença N° 010/2022 - Vencimento em 8/11/2023</p><p class="assina">MARCOS ANTÔNIO DE HOLANDA TAVARES</p><p class="cargo">Gerente</p>]]></Texto>
  </body>
  <Midias />
</article></xml>