﻿<xml><article id="27738293" name="ADE9FLORIANOPOLIS24" idOficio="9058038" pubName="DO1" artType="Ato Declaratório" pubDate="30/08/2022" artClass="00015:00045:00432:00101:00006:00000:00000:00000:00000:00000:00007:00001" artCategory="Ministério da Economia/Secretaria Especial da Receita Federal do Brasil/Subsecretaria-Geral da Receita Federal do Brasil/Superintendência Regional da 9ª Região Fiscal/Delegacia da Receita Federal do Brasil em Florianópolis" artSize="24" artNotes="" numberPage="85" pdfPage="http://pesquisa.in.gov.br/imprensa/jsp/visualiza/index.jsp?data=30/08/2022&amp;jornal=515&amp;pagina=85" editionNumber="165" highlightType="" highlightPriority="" highlight="" highlightimage="" highlightimagename="" idMateria="19840901">
  <body>
    <Identifica><![CDATA[ ATO DECLARATÓRIO EXECUTIVO DRF/FNS Nº 24, DE 25 DE AGOSTO DE 2022]]></Identifica>
    <Data><![CDATA[]]></Data>
    <Ementa><![CDATA[ Autoriza o fornecimento de selos de controle de bebidas para importação.]]></Ementa>
    <Titulo />
    <SubTitulo />
    <Texto><![CDATA[<p class="identifica">ATO DECLARATÓRIO EXECUTIVO DRF/FNS Nº 24, DE 25 DE AGOSTO DE 2022</p><p class="ementa">Autoriza o fornecimento de selos de controle de bebidas para importação.</p><p>O DELEGADO ADJUNTO, no uso das atribuições que, por meio do artigo 10, lhe conferem o artigo 290 e pelo inciso II do § 1º do artigo 299 combinados com o inciso III do artigo 360, todos esses do Regimento Interno da Secretaria Especial da Receita Federal do Brasil, aprovado pela Portaria ME nº 284, de 27 de julho de 2020, e tendo em vista o disposto no artigo 51 da Instrução Normativa RFB nº 1.432, de 26 de dezembro de 2013, no artigo 336 do Decreto nº 7.212, de 15 de junho de 2010, e considerando os pedidos formulados nos autos do processo 11516.720668/2020-35 pela empresa COLUMBIA TRADING SA, CNPJ 46.548.574/0005-23, portadora do Registro Especial de Importador de Bebidas Alcoólicas de nº 09201/054, estabelecida na Rua Uruguai 223 Sala 1014, bairro Centro, Itajaí (SC), CEP 88302-201, declara:</p><p>Art. 1º Autorizado o fornecimento de 669.450 (seiscentos e sessenta e nove mil, quatrocentos e cinquenta) selos de controle tipo e cor UÍSQUE AMARELO, Código 9829-14, para produto estrangeiro a ser selado no exterior, relativos aos pedidos de fls. 5240/5250 e 5255/5414, especificações e quantidades abaixo indicadas:</p><p /><p></p><table><tr /><tr><td rowspan="1" colspan="1"><p>Unidades</p></td><td rowspan="1" colspan="1"><p>Caixas</p></td><td rowspan="1" colspan="1"><p>Marca Comercial</p></td><td rowspan="1" colspan="1"><p>Características do produto</p></td></tr><tr><td rowspan="1" colspan="1"><p>22.440</p></td><td rowspan="1" colspan="1"><p>3.740</p></td><td rowspan="1" colspan="1"><p>Gentleman Jack SS</p></td><td rowspan="1" colspan="1"><p>Uísque americano, 40% GL, idade até 8 anos, em caixas de 6 garrafas de 1000 ml cada.</p></td></tr><tr><td rowspan="1" colspan="1"><p>459.360</p></td><td rowspan="1" colspan="1"><p>38.280</p></td><td rowspan="1" colspan="1"><p>Jack Daniel´s</p></td><td rowspan="1" colspan="1"><p>Uísque americano, 40% GL, idade até 8 anos, em caixas de 12 garrafas de 1000 ml cada.</p></td></tr><tr><td rowspan="1" colspan="1"><p>165.600</p></td><td rowspan="1" colspan="1"><p>6.900</p></td><td rowspan="1" colspan="1"><p>Jack Daniel´s Black LB Square</p></td><td rowspan="1" colspan="1"><p>Uísque americano, 40% GL, idade até 8 anos, em caixas de 24 garrafas de 375 ml cada.</p></td></tr><tr><td rowspan="1" colspan="1"><p>8.850</p></td><td rowspan="1" colspan="1"><p>1.475</p></td><td rowspan="1" colspan="1"><p>Jack Daniel´s Single Barrel</p></td><td rowspan="1" colspan="1"><p>Uísque americano, 47% GL, idade até 8 anos, em caixas de 6 garrafas de 750 ml cada.</p></td></tr><tr><td rowspan="1" colspan="1"><p>13.200</p></td><td rowspan="1" colspan="1"><p>2.200</p></td><td rowspan="1" colspan="1"><p>Woodford Reserve</p></td><td rowspan="1" colspan="1"><p>Uísque americano, 43,2% GL, idade até 8 anos, em caixas de 6 garrafas de 750 ml cada.</p></td></tr></table><p>Art. 2º Este Ato Declaratório Executivo entra em vigor na data de sua publicação no Diário Oficial da União.</p><p class="assina">DOUGLAS BARBOSA LUCAS</p>]]></Texto>
  </body>
  <Midias />
</article></xml>