﻿<xml><article id="27741970" name="DGTI DOU PO-1018-2022 ExpediAAo " idOficio="9058767" pubName="DO1" artType="Portaria" pubDate="30/08/2022" artClass="00011:00047:00000:00000:00000:00000:00000:00000:00000:00000:00000:0000a" artCategory="Ministério da Ciência, Tecnologia e Inovações/Conselho Nacional de Desenvolvimento Científico e Tecnológico/Diretoria de Gestão e Tecnologia da Informação" artSize="12" artNotes="" numberPage="16" pdfPage="http://pesquisa.in.gov.br/imprensa/jsp/visualiza/index.jsp?data=30/08/2022&amp;jornal=515&amp;pagina=16" editionNumber="165" highlightType="" highlightPriority="" highlight="" highlightimage="" highlightimagename="" idMateria="19841901">
  <body>
    <Identifica><![CDATA[ PORTARIA CNPq Nº 1.018, DE 26 DE AGOSTO DE 2022]]></Identifica>
    <Data><![CDATA[]]></Data>
    <Ementa />
    <Titulo />
    <SubTitulo />
    <Texto><![CDATA[<p class="identifica">PORTARIA CNPq Nº 1.018, DE 26 DE AGOSTO DE 2022</p><p>O PRESIDENTE DO CONSELHO NACIONAL DE DESENVOLVIMENTO CIENTÍFICO E TECNOLÓGICO, no uso da competência delegada pelo art. 1º, I e II, da Portaria nº 3.853, de 7 de outubro de 2020, do Ministério da Ciência, Tecnologia e Inovações, e considerando os termos do Decreto nº 98.830, de 15 de janeiro de 1990, e da Portaria MCT nº 55, de 14 de março de 1990, resolve:</p><p>Art. 1º Autorizar as atividades de coleta e de remessa de material biológico, com a participação de pesquisadores estrangeiros, no âmbito do projeto "Next Generation Ecosystem Experiments - Tropics (NGEE-Tropics) ", coordenado pelo Dr. Niro Higuchi, da instituição Instituto Nacional de Pesquisas da Amazônia (INPA), conforme Processo CNPq nº 01300.002395/2016-39.</p><p>Art. 2º As atividades de coleta e de remessa de material biológico estão autorizadas para a equipe estrangeira:</p><p /><p></p><table><tr /><tr><td rowspan="1" colspan="1"><p><strong>NOME</strong></p></td><td rowspan="1" colspan="1"><p><strong>INSTITUIÇÃO</strong></p></td><td rowspan="1" colspan="1"><p><strong>NACIONALIDADE</strong></p></td></tr><tr><td rowspan="1" colspan="1"><p>Jeffrey Quintin Chambers</p></td><td rowspan="1" colspan="1"><p>Estados Unidos da América</p></td><td rowspan="1" colspan="1"><p>Lawrence Berkeley National Laboratory</p></td></tr><tr><td rowspan="1" colspan="1"><p>Kolby Jeremiah Jardine</p></td><td rowspan="1" colspan="1"><p>Estados Unidos da América</p></td><td rowspan="1" colspan="1"><p>Lawrence Berkeley National Laboratory</p></td></tr><tr><td rowspan="1" colspan="1"><p>Alistair Rogers</p></td><td rowspan="1" colspan="1"><p>Estados Unidos da América</p></td><td rowspan="1" colspan="1"><p>Brookhaven National Laboratory</p></td></tr><tr><td rowspan="1" colspan="1"><p>Keith Frederic Lewin</p></td><td rowspan="1" colspan="1"><p>Estados Unidos da América</p></td><td rowspan="1" colspan="1"><p>Brookhaven National Laboratory</p></td></tr><tr><td rowspan="1" colspan="1"><p>Shawn Paul Serbin</p></td><td rowspan="1" colspan="1"><p>Estados Unidos da América</p></td><td rowspan="1" colspan="1"><p>Brookhaven National Laboratory</p></td></tr><tr><td rowspan="1" colspan="1"><p>Brent David Newman</p></td><td rowspan="1" colspan="1"><p>Estados Unidos da América</p></td><td rowspan="1" colspan="1"><p>Los Alamos National Laboratory</p></td></tr><tr><td rowspan="1" colspan="1"><p>Charles Dunbar Koven</p></td><td rowspan="1" colspan="1"><p>Estados Unidos da América</p></td><td rowspan="1" colspan="1"><p>Lawrence Berkeley National Laboratory</p></td></tr><tr><td rowspan="1" colspan="1"><p>Lara Kueppers</p></td><td rowspan="1" colspan="1"><p>Estados Unidos da América</p></td><td rowspan="1" colspan="1"><p>Lawrence Berkeley National Laboratory</p></td></tr><tr><td rowspan="1" colspan="1"><p>Margaret Susan Torn</p></td><td rowspan="1" colspan="1"><p>Estados Unidos da América</p></td><td rowspan="1" colspan="1"><p>Lawrence Berkeley National Laboratory</p></td></tr><tr><td rowspan="1" colspan="1"><p>Robinson Isaac Negron Juarez</p></td><td rowspan="1" colspan="1"><p>Estados Unidos da América</p></td><td rowspan="1" colspan="1"><p>Lawrence Berkeley National Laboratory</p></td></tr><tr><td rowspan="1" colspan="1"><p>Sebastien Christophe Biraud</p></td><td rowspan="1" colspan="1"><p>França</p></td><td rowspan="1" colspan="1"><p>Lawrence Berkeley National Laboratory</p></td></tr><tr><td rowspan="1" colspan="1"><p>Thomas Lorin Powell</p></td><td rowspan="1" colspan="1"><p>Estados Unidos da América</p></td><td rowspan="1" colspan="1"><p>Lawrence Berkeley National Laboratory</p></td></tr><tr><td rowspan="1" colspan="1"><p>Jennifer Pett-Ridge</p></td><td rowspan="1" colspan="1"><p>Estados Unidos da América</p></td><td rowspan="1" colspan="1"><p>Lawrence Berkeley National Laboratory</p></td></tr><tr><td rowspan="1" colspan="1"><p>Adam Donald Collins</p></td><td rowspan="1" colspan="1"><p>Estados Unidos da América</p></td><td rowspan="1" colspan="1"><p>Los Alamos National Laboratory</p></td></tr><tr><td rowspan="1" colspan="1"><p>Chonggang Xu</p></td><td rowspan="1" colspan="1"><p>China</p></td><td rowspan="1" colspan="1"><p>Los Alamos National Laboratory</p></td></tr><tr><td rowspan="1" colspan="1"><p>Charlotte Caroline Grossiord</p></td><td rowspan="1" colspan="1"><p>Lausanne França</p></td><td rowspan="1" colspan="1"><p>Swiss Federal Institute of Technology</p><p>Lausanne</p></td></tr><tr><td rowspan="1" colspan="1"><p>Alfonso Javier Zambrano Olimpo</p></td><td rowspan="1" colspan="1"><p>Venezuela</p></td><td rowspan="1" colspan="1"><p>Smithsonian Tropical Research Institute</p></td></tr><tr><td rowspan="1" colspan="1"><p>Rosemary Alice Fisher</p></td><td rowspan="1" colspan="1"><p>Grã Bretanha (Britânica)</p></td><td rowspan="1" colspan="1"><p>National Center for Atmospheric Research</p></td></tr><tr><td rowspan="1" colspan="1"><p>Paul Moorcroft</p></td><td rowspan="1" colspan="1"><p>Estados Unidos da América</p></td><td rowspan="1" colspan="1"><p>Harvard University</p></td></tr><tr><td rowspan="1" colspan="1"><p>Jeffrey Mead Warren</p></td><td rowspan="1" colspan="1"><p>Estados Unidos da América</p></td><td rowspan="1" colspan="1"><p>Oak Ridge National Laboratory</p></td></tr><tr><td rowspan="1" colspan="1"><p>Melanie Anna Mayes</p></td><td rowspan="1" colspan="1"><p>Estados Unidos da América</p></td><td rowspan="1" colspan="1"><p>Oak Ridge National Laboratory</p></td></tr><tr><td rowspan="1" colspan="1"><p>Richard James Norby</p></td><td rowspan="1" colspan="1"><p>Estados Unidos da América</p></td><td rowspan="1" colspan="1"><p>Oak Ridge National Laboratory</p></td></tr><tr><td rowspan="1" colspan="1"><p>Kristine Grace Manno Cabugao</p></td><td rowspan="1" colspan="1"><p>Estados Unidos da América</p></td><td rowspan="1" colspan="1"><p>Lawrence Berkeley National Laboratory</p></td></tr><tr><td rowspan="1" colspan="1"><p>Stuart James Davies</p></td><td rowspan="1" colspan="1"><p>Australia</p></td><td rowspan="1" colspan="1"><p>Smithsonian Tropical Research Institute</p></td></tr><tr><td rowspan="1" colspan="1"><p>Sanna Annika Sevanto</p></td><td rowspan="1" colspan="1"><p>Tanzania</p></td><td rowspan="1" colspan="1"><p>Los Alamos National Laboratory</p></td></tr><tr><td rowspan="1" colspan="1"><p>Lee Thoresen Dickman</p></td><td rowspan="1" colspan="1"><p>Estados Unidos da América</p></td><td rowspan="1" colspan="1"><p>Los Alamos National Laboratory</p></td></tr><tr><td rowspan="1" colspan="1"><p>Bradley O´Donnell Christoffersen</p></td><td rowspan="1" colspan="1"><p>Estados Unidos da América</p></td><td rowspan="1" colspan="1"><p>Los Alamos National Laboratory</p></td></tr><tr><td rowspan="1" colspan="1"><p>Jacquelyn Shuman</p></td><td rowspan="1" colspan="1"><p>Estados Unidos da América</p></td><td rowspan="1" colspan="1"><p>National Center for Atmospheric</p><p>Research</p></td></tr><tr><td rowspan="1" colspan="1"><p>Lai-yung Leung</p></td><td rowspan="1" colspan="1"><p>China</p></td><td rowspan="1" colspan="1"><p>Pacific Northwest National Laboratory</p></td></tr><tr><td rowspan="1" colspan="1"><p>Maria Uriarte</p></td><td rowspan="1" colspan="1"><p>Estados Unidos da América</p></td><td rowspan="1" colspan="1"><p>Columbia University</p></td></tr><tr><td rowspan="1" colspan="1"><p>Jessica Needham</p></td><td rowspan="1" colspan="1"><p>Grã Bretanha (Britânica)</p></td><td rowspan="1" colspan="1"><p>Lawrence Berkeley National Laboratory</p></td></tr><tr><td rowspan="1" colspan="1"><p>Sassan Saatchi</p></td><td rowspan="1" colspan="1"><p>Estados Unidos da América</p></td><td rowspan="1" colspan="1"><p>Nasa</p></td></tr><tr><td rowspan="1" colspan="1"><p>Adam Hanbury-Brown</p></td><td rowspan="1" colspan="1"><p>Estados Unidos da América</p></td><td rowspan="1" colspan="1"><p>Lawrence Berkeley National Laboratory</p></td></tr><tr><td rowspan="1" colspan="1"><p>Douglas Morton</p></td><td rowspan="1" colspan="1"><p>Estados Unidos da América</p></td><td rowspan="1" colspan="1"><p>Nasa</p></td></tr><tr><td rowspan="1" colspan="1"><p>Gregory Lemieux</p></td><td rowspan="1" colspan="1"><p>Estados Unidos da América</p></td><td rowspan="1" colspan="1"><p>Lawrence Berkeley National Laboratory</p></td></tr><tr><td rowspan="1" colspan="1"><p>Daniel Zuleta</p></td><td rowspan="1" colspan="1"><p>Colombia</p></td><td rowspan="1" colspan="1"><p>Smithsonian Tropical Research Institute</p></td></tr><tr><td rowspan="1" colspan="1"><p>Michael Maier Keller</p></td><td rowspan="1" colspan="1"><p>Estados Unidos da América</p></td><td rowspan="1" colspan="1"><p>United States Departament of Agriculture</p><p>and Forest Service</p></td></tr><tr><td rowspan="1" colspan="1"><p>Eoin Leonard Brodie</p></td><td rowspan="1" colspan="1"><p>Irlanda</p></td><td rowspan="1" colspan="1"><p>Lawrence Berkeley National Laboratory</p></td></tr><tr><td rowspan="1" colspan="1"><p>Nicholas Bouskill</p></td><td rowspan="1" colspan="1"><p>Estados Unidos da América</p></td><td rowspan="1" colspan="1"><p>Lawrence Berkeley National Laboratory</p></td></tr><tr><td rowspan="1" colspan="1"><p>Jennifer Allison Holm</p></td><td rowspan="1" colspan="1"><p>Estados Unidos da América</p></td><td rowspan="1" colspan="1"><p>Lawrence Berkeley National Laboratory</p></td></tr><tr><td rowspan="1" colspan="1"><p>Kurt Solander</p></td><td rowspan="1" colspan="1"><p>Estados Unidos da América</p></td><td rowspan="1" colspan="1"><p>Los Alamos National Laboratory</p></td></tr><tr><td rowspan="1" colspan="1"><p>Rutuja Chitra-Tarak</p></td><td rowspan="1" colspan="1"><p>India</p></td><td rowspan="1" colspan="1"><p>Los Alamos National Laboratory</p></td></tr><tr><td rowspan="1" colspan="1"><p>Lianhong Gu</p></td><td rowspan="1" colspan="1"><p>Estados Unidos da América</p></td><td rowspan="1" colspan="1"><p>Oak Ridge National Laboratory</p></td></tr><tr><td rowspan="1" colspan="1"><p>Jeffery Steven Riggs</p></td><td rowspan="1" colspan="1"><p>Estados Unidos da América</p></td><td rowspan="1" colspan="1"><p>Oak Ridge National Laboratory</p></td></tr><tr><td rowspan="1" colspan="1"><p>Matthew Edward Craig</p></td><td rowspan="1" colspan="1"><p>Estados Unidos da América</p></td><td rowspan="1" colspan="1"><p>Oak Ridge National Laboratory</p></td></tr><tr><td rowspan="1" colspan="1"><p>Anthony Walker</p></td><td rowspan="1" colspan="1"><p>Grã Bretanha (Reino Unido)</p></td><td rowspan="1" colspan="1"><p>Oak Ridge National Laboratory</p></td></tr><tr><td rowspan="1" colspan="1"><p>Cynthia Louise Wright</p></td><td rowspan="1" colspan="1"><p>Estados Unidos da América</p></td><td rowspan="1" colspan="1"><p>Oak Ridge National Laboratory</p></td></tr><tr><td rowspan="1" colspan="1"><p>Geoffrey William Schwaner</p></td><td rowspan="1" colspan="1"><p>Estados Unidos da América</p></td><td rowspan="1" colspan="1"><p>Oak Ridge National Laboratory</p></td></tr><tr><td rowspan="1" colspan="1"><p>Joanne Burke Childs</p></td><td rowspan="1" colspan="1"><p>Estados Unidos da América</p></td><td rowspan="1" colspan="1"><p>Oak Ridge National Laboratory</p></td></tr><tr><td rowspan="1" colspan="1"><p>Kenneth Davidson</p></td><td rowspan="1" colspan="1"><p>Estados Unidos da América</p></td><td rowspan="1" colspan="1"><p>Brookhaven National Laboratory</p></td></tr><tr><td rowspan="1" colspan="1"><p>Julien Lamour</p></td><td rowspan="1" colspan="1"><p>França</p></td><td rowspan="1" colspan="1"><p>Brookhaven National Laboratory</p></td></tr><tr><td rowspan="1" colspan="1"><p>Jeremiah Anderson</p></td><td rowspan="1" colspan="1"><p>Estados Unidos da América</p></td><td rowspan="1" colspan="1"><p>Brookhaven National Laboratory</p></td></tr><tr><td rowspan="1" colspan="1"><p>Andrew McMahon</p></td><td rowspan="1" colspan="1"><p>Estados Unidos da América</p></td><td rowspan="1" colspan="1"><p>Brookhaven National Laboratory</p></td></tr><tr><td rowspan="1" colspan="1"><p>Kim Susan Ely</p></td><td rowspan="1" colspan="1"><p>Australia</p></td><td rowspan="1" colspan="1"><p>Brookhaven National Laboratory</p></td></tr><tr><td rowspan="1" colspan="1"><p>Mizanur Rahman</p></td><td rowspan="1" colspan="1"><p>Bangladesh</p></td><td rowspan="1" colspan="1"><p>Pacific Northwest National Laboratory</p></td></tr><tr><td rowspan="1" colspan="1"><p>Lucas Webber</p></td><td rowspan="1" colspan="1"><p>Estados Unidos da América</p></td><td rowspan="1" colspan="1"><p>Pacific Northwest National Laboratory</p></td></tr><tr><td rowspan="1" colspan="1"><p>Daniel Dores</p></td><td rowspan="1" colspan="1"><p>Estados Unidos da América</p></td><td rowspan="1" colspan="1"><p>Lawrence Berkeley National Laboratory</p></td></tr><tr><td rowspan="1" colspan="1"><p>Stephen Wai-Yin Chan</p></td><td rowspan="1" colspan="1"><p>Estados Unidos da América</p></td><td rowspan="1" colspan="1"><p>Lawrence Berkeley National Laboratory</p></td></tr><tr><td rowspan="1" colspan="1"><p>Anna Weber</p></td><td rowspan="1" colspan="1"><p>Estados Unidos da América</p></td><td rowspan="1" colspan="1"><p>Lawrence Berkeley National Laboratory</p></td></tr><tr><td rowspan="1" colspan="1"><p>Nathan Gabriel McDowell</p></td><td rowspan="1" colspan="1"><p>Estados Unidos da América</p></td><td rowspan="1" colspan="1"><p>Pacific Northwest National Laboratory</p></td></tr></table><p>Art. 3º As atividades de coleta com finalidade científica são autorizadas para a área da Estação Experimental de Silvicultura Tropical do INPA (ZF-2), na região de Manaus e Amazonas.</p><p>Art. 4º A remessa de material científico e seu destino ficam vinculados à estrita observância das normas do Decreto nº 98.830, de 15 de janeiro de 1990, da Portaria MCT nº 55, de 14 de março de 1990, e, quando for o caso, da Lei nº 13.123, de 20 de maio de 2015, e do Decreto nº 8.772, de 11 de maio de 2016, que a regulamenta.</p><p>Art. 5º Esta autorização terá validade a partir de 1º de janeiro de 2016 até 1º de janeiro de 2026.</p><p>Parágrafo único. O prazo previsto no caput poderá ser prorrogado mediante pedido justificado do representante da contraparte brasileiro, acompanhado de relatório técnico das atividades realizadas e demais documentos estabelecidos na legislação de regência, a ser apresentado no prazo de até 45 (quarenta e cinco) dias anteriores ao término da sua vigência.</p><p>Art. 6º Ficam revogadas as seguintes normas:</p><p>I - Portaria CNPq nº 376, de 28 de dezembro de 2020; e</p><p>II - Portaria CNPq nº 985, de 10 de agosto de 2022.</p><p>Art. 7º Esta Portaria entra em vigor na data de sua publicação.</p><p class="assina">EVALDO FERREIRA VILELA</p>]]></Texto>
  </body>
  <Midias />
</article></xml>