﻿<xml><article id="27744130" name="Int_REA_12.488_2022_SCT_Retif" idOficio="9059096" pubName="DO1" artType="Retificação" pubDate="30/08/2022" artClass="00023:00029:00020:00000:00000:00000:00000:00000:00000:00000:00066:00000" artCategory="Ministério de Minas e Energia/Agência Nacional de Energia Elétrica/Diretoria Colegiada da ANEEL" artSize="12" artNotes="" numberPage="224" pdfPage="http://pesquisa.in.gov.br/imprensa/jsp/visualiza/index.jsp?data=30/08/2022&amp;jornal=515&amp;pagina=224" editionNumber="165" highlightType="" highlightPriority="" highlight="" highlightimage="" highlightimagename="" idMateria="19842434">
  <body>
    <Identifica><![CDATA[ RETIFICAÇÃO]]></Identifica>
    <Data><![CDATA[]]></Data>
    <Ementa />
    <Titulo />
    <SubTitulo />
    <Texto><![CDATA[<p class="identifica">RETIFICAÇÃO</p><p>Na RESOLUÇÃO AUTORIZATIVA Nº 12.488, DE 16 DE AGOSTO DE 2022, constante no Processo número: 48500.002463/2022-15 publicada no D.O.U de 22.08.2022, Seção 1, p. 206, v. 160, n. 159. Onde se lê: ""Art. 2º Declarar de utilidade pública, para instituição de servidão administrativa, em favor da Rio do Cobre Energia Ltda., cadastrada sob o CNPJ nº 09.337.839/0001-94 (...)"; leia-se: "Art. 1º Declarar de utilidade pública, para instituição de servidão administrativa, em favor da Rio do Cobre Energia Ltda., cadastrada sob o CNPJ nº 09.337.839/0001-94 (...)".</p>]]></Texto>
  </body>
  <Midias />
</article></xml>