﻿<xml><article id="27743368" name="Portaria 737" idOficio="9058974" pubName="DO1" artType="Portaria" pubDate="30/08/2022" artClass="00027:00052:00013:00000:00000:00000:00000:00000:00000:00000:00054:00001" artCategory="Ministério do Trabalho e Previdência/Superintendência Nacional de Previdência Complementar/Diretoria de Licenciamento" artSize="12" artNotes="" numberPage="285" pdfPage="http://pesquisa.in.gov.br/imprensa/jsp/visualiza/index.jsp?data=30/08/2022&amp;jornal=515&amp;pagina=285" editionNumber="165" highlightType="" highlightPriority="" highlight="" highlightimage="" highlightimagename="" idMateria="19842218">
  <body>
    <Identifica><![CDATA[ Portaria Previc Nº 737, DE 8 DE agosto DE 2022]]></Identifica>
    <Data><![CDATA[]]></Data>
    <Ementa />
    <Titulo />
    <SubTitulo />
    <Texto><![CDATA[<p class="identifica">Portaria Previc Nº 737, DE 8 DE agosto DE 2022</p><p>O DIRETOR DE LICENCIAMENTO, no uso das atribuições que lhe confere confere a alínea "a" do inciso I do art. 64 da Portaria nº 529, de 8 de dezembro de 2017 (Regimento Interno da Superintendência Nacional de Previdência Complementar - Previc), e considerando as manifestações técnicas exaradas no Processo nº 44011.004335/2022-67, resolve:</p><p>Art. 1º Aprovar as alterações propostas para o estatuto da entidade MULTIPREV - FUNDO MÚLTIPLO DE PENSÃO, CNPJ nº 67.846.188/0001-64, nos termos do supracitado processo.</p><p>Art. 2º Esta Portaria entra em vigor na data de sua publicação.</p><p class="assina">JOSÉ REYNALDO DE ALMEIDA FURLANI</p>]]></Texto>
  </body>
  <Midias />
</article></xml>