﻿<xml><article id="27738383" name="resolucao_2833_2022 COPSI GGTOX" idOficio="9058048" pubName="DO1" artType="Resolução" pubDate="30/08/2022" artClass="00026:00034:00015:00011:00000:00000:00000:00000:00000:00000:00064:32833" artCategory="Ministério da Saúde/Agência Nacional de Vigilância Sanitária/3ª Diretoria/Gerência-Geral de Toxicologia" artSize="12" artNotes="" numberPage="271" pdfPage="http://pesquisa.in.gov.br/imprensa/jsp/visualiza/index.jsp?data=30/08/2022&amp;jornal=515&amp;pagina=271" editionNumber="165" highlightType="" highlightPriority="" highlight="" highlightimage="" highlightimagename="" idMateria="19840933">
  <body>
    <Identifica><![CDATA[ RESOLUÇÃO-RE Nº 2.833, DE 25 DE AGOSTO DE 2022]]></Identifica>
    <Data><![CDATA[]]></Data>
    <Ementa />
    <Titulo />
    <SubTitulo />
    <Texto><![CDATA[<p class="identifica">RESOLUÇÃO-RE Nº 2.833, DE 25 DE AGOSTO DE 2022</p><p>O Gerente-Geral de Toxicologia no uso das atribuições que lhe confere o art.114, aliado ao art. 203, I, § 1º do Regimento Interno aprovado pela Resolução de Diretoria Colegiada - RDC nº 585, de 10 de dezembro de 2021, resolve:</p><p>Art. 1º Aprovar os atos de avaliação toxicológica para fins de registro de produtos agrotóxicos, componentes e afins, identificados no anexo, com o respectivo resultado da análise.</p><p>Art. 2º A publicação do extrato deste informe de avaliação toxicológica não exime a requerente do cumprimento das demais avaliações procedidas pelos órgãos responsáveis pelas áreas de agricultura e de meio ambiente, conforme legislação vigente no país, aplicável ao objeto do requerimento.</p><p>Art. 3º Esta Resolução entra em vigor na data de sua publicação.</p><p class="assina">CARLOS ALEXANDRE OLIVEIRA GOMES</p><p class="anexo">ANEXO</p><p>RAZÃO SOCIAL/CNPJ</p><p>MARCA COMERCIAL</p><p>NÚMERO DO PROCESSO</p><p>PETIÇÃO(ÕES)/EXPEDIENTE(S)</p><p>CLASSIFICAÇÃO TOXICOLÓGICA</p><p>-----------------------------</p><p>D VERDE AGRO INDUSTRIAL LTDA / 06.330.512/0001-00</p><p>LUFENURON TÉCNICO DVERDE</p><p>25351.237208/2020-85</p><p>5041 - PRODUTO TÉCNICO EQUIVALENTE, 0964312/20-4</p><p>O PERFIL TOXICOLÓGICO FOI CONSIDERADO EQUIVALENTE AO PRODUTO TÉCNICO DE REFERÊNCIA</p><p>-----------------------------</p><p>FMC QUÍMICA DO BRASIL LTDA. / 04.136.367/0001-98</p><p>DIFENOCONAZOL TÉCNICO FMC</p><p>25351.317092/2016-07</p><p>5041 - PRODUTO TÉCNICO EQUIVALENTE, 2229871/16-2</p><p>O PERFIL TOXICOLÓGICO FOI CONSIDERADO EQUIVALENTE AO PRODUTO TÉCNICO DE REFERÊNCIA</p><p>-----------------------------</p><p>HELM DO BRASIL MERCANTIL LTDA / 47.176.755/0001-05</p><p>DIFENOCONAZOLE L TÉCNICO HELM</p><p>25351.445868/2016-04</p><p>5041 - PRODUTO TÉCNICO EQUIVALENTE, 2422409/16-1</p><p>O PERFIL TOXICOLÓGICO FOI CONSIDERADO EQUIVALENTE AO PRODUTO TÉCNICO DE REFERÊNCIA</p><p>-----------------------------</p><p>GOWAN PRODUTOS AGRICOLAS LTDA / 67.148.692/0001-90</p><p>SCATTO</p><p>25351.428143/2010-80</p><p>5065 - PRODUTO FORMULADO COM BASE EM PRODUTO TÉCNICO EQUIVALENTE, 559926/10-1</p><p>CATEGORIA 4 - PRODUTO POUCO TÓXICO</p><p>-----------------------------</p><p>LEMMA AGRONEGOCIOS IMPORTACAO E EXPORTACAO LTDA / 11.351.422/0001-28</p><p>LUFENURON TÉCNICO SINO-AGRI</p><p>25351.229474/2022-04</p><p>5041 - PRODUTO TÉCNICO EQUIVALENTE, 6181263/21-7</p><p>O PERFIL TOXICOLÓGICO FOI CONSIDERADO EQUIVALENTE AO PRODUTO TÉCNICO DE REFERÊNCIA</p><p>-----------------------------</p><p>NATURACIDE DO BRASIL COMERCIO DE PRODUTOS AGROPECUARIOS LTDA / 36.404.472/0001-57</p><p>PROGRANIC INSECT OUT</p><p>25351.078060/2022-01</p><p>5084 - PRODUTO BIOQUÍMICO NOVO - AVALIAÇÃO TOXICOLÓGICA DE PRODUTO COM INGREDIENTE ATIVO (BIOQUÍMICO) AINDA NÃO REGISTRADO NO PAÍS, 0551272/22-8</p><p>CATEGORIA 5 - PRODUTO IMPROVÁVEL DE CAUSAR DANO AGUDO</p><p>-----------------------------</p><p>NORTOX S/A / 75.263.400/0001-99</p><p>PIRACLOSTROBIN TÉCNICO NORTOX II</p><p>25351.002611/2016-93</p><p>5041 - PRODUTO TÉCNICO EQUIVALENTE, 1572144/16-2</p><p>O PERFIL TOXICOLÓGICO FOI CONSIDERADO EQUIVALENTE AO PRODUTO TÉCNICO DE REFERÊNCIA</p><p>-----------------------------</p><p>PIRLAQUIM BR COMERCIAL LTDA / 00.642.795/0001-31</p><p>LUFENUROM TÉCNICO PILARQUIM</p><p>25351.714799/2019-84</p><p>5041 - PRODUTO TÉCNICO EQUIVALENTE, 3424152/19-6</p><p>O PERFIL TOXICOLÓGICO FOI CONSIDERADO EQUIVALENTE AO PRODUTO TÉCNICO DE REFERÊNCIA</p><p>-----------------------------</p><p>PROREGISTROS CONSULTORIA LTDA / 05.617.846/0001-99</p><p>DIFENOCONAZOLE TÉCNICO LIMIN</p><p>25351.738211/2019-88</p><p>5041 - PRODUTO TÉCNICO EQUIVALENTE, 3546414/19-5</p><p>O PERFIL TOXICOLÓGICO FOI CONSIDERADO EQUIVALENTE AO PRODUTO TÉCNICO DE REFERÊNCIA</p><p>-----------------------------</p><p>SIPCAM NICHINO BRASIL S.A. / 23.361.306/0001-79</p><p>EPIK</p><p>25351.722473/2014-66</p><p>5065 - PRODUTO FORMULADO COM BASE EM PRODUTO TÉCNICO EQUIVALENTE, 1063514/14-9</p><p>CATEGORIA 5 - PRODUTO IMPROVÁVEL DE CAUSA DANO AGUDO</p><p>SOCKER</p><p>25351.362198/2016-77</p><p>5065 - PRODUTO FORMULADO COM BASE EM PRODUTO TÉCNICO EQUIVALENTE, 2298427/16-5</p><p>CATEGORIA 4 - PRODUTO POUCO TÓXICO</p><p>-----------------------------</p><p>TOYOBO DO BRASIL PRODUTOS BIOLÓGICOS LTDA / 31.359.178/0001-57</p><p>BEMIZAI</p><p>25351.172531/2022-68</p><p>5064 - PRODUTO FITOSSANITÁRIO APROVADO PARA AGRICULTURA ORGÂNICA - AVALIAÇÃO TOXICOLÓGICA DE PRODUTO BASEADO EM ESPECIFICAÇÃO DE REFERÊNCIA, 4392754/22-7</p><p>CATEGORIA 5 - PRODUTO IMPROVÁVEL DE CAUSAR DANO AGUDO</p><p>-----------------------------</p><p>UPL DO BRASIL INDÚSTRIA E COMÉRCIO DE INSUMOS AGROPECUÁRIOS S.A. / 02.974.733/0001-52</p><p>ISOXAFLUTOLE TÉCNICO UPL</p><p>25351.711821/2015-28</p><p>5041 - PRODUTO TÉCNICO EQUIVALENTE, 1010572/15-7</p><p>O PERFIL TOXICOLÓGICO FOI CONSIDERADO EQUIVALENTE AO PRODUTO TÉCNICO DE REFERÊNCIA</p>]]></Texto>
  </body>
  <Midias />
</article></xml>