﻿<xml><article id="27744622" name="Portaria 780" idOficio="9059154" pubName="DO1" artType="Portaria" pubDate="30/08/2022" artClass="00027:00052:00013:00000:00000:00000:00000:00000:00000:00000:00054:00008" artCategory="Ministério do Trabalho e Previdência/Superintendência Nacional de Previdência Complementar/Diretoria de Licenciamento" artSize="12" artNotes="" numberPage="285" pdfPage="http://pesquisa.in.gov.br/imprensa/jsp/visualiza/index.jsp?data=30/08/2022&amp;jornal=515&amp;pagina=285" editionNumber="165" highlightType="" highlightPriority="" highlight="" highlightimage="" highlightimagename="" idMateria="19842569">
  <body>
    <Identifica><![CDATA[  Portaria Previc Nº 780, DE 23 DE agosto DE 2022]]></Identifica>
    <Data><![CDATA[]]></Data>
    <Ementa />
    <Titulo />
    <SubTitulo />
    <Texto><![CDATA[<p class="identifica">Portaria Previc Nº 780, DE 23 DE agosto DE 2022</p><p>O DIRETOR DE LICENCIAMENTO, no uso das atribuições que lhe confere a alínea "d" do inciso I do art. 64 da Portaria nº 529, de 8 de dezembro de 2017 (Regimento Interno da Superintendência Nacional de Previdência Complementar - Previc), e considerando as manifestações técnicas exaradas no Processo nº 44011.001084/2022-69, resolve:</p><p>Art. 1º Aprovar a retirada de patrocínio da Kirton Administração de Serviços para Fundo de Pensão Ltda., CNPJ nº 30.458.178/0001-41, do Plano de Benefícios Kirton Prev, CNPB nº 2001.0016-65, administrado pela Multibra Fundo de Pensão, CNPJ nº 30.459.788/0001-60.</p><p>Art. 2º Esta Portaria entra em vigor na data de sua publicação.</p><p class="assina">JOSÉ REYNALDO DE ALMEIDA FURLANI</p>]]></Texto>
  </body>
  <Midias />
</article></xml>