﻿<xml><article id="27750712" name="2022-08-29/9060368/ANMWS_1984421" idOficio="9060368" pubName="DO1" artType="Retificação" pubDate="30/08/2022" artClass="00023:00030:00021:00000:00000:00000:00000:00000:00000:00000:00066:00188" artCategory="Ministério de Minas e Energia/Agência Nacional de Mineração/Gerência Regional da ANM no Estado de Minas Gerais" artSize="12" artNotes="" numberPage="226" pdfPage="http://pesquisa.in.gov.br/imprensa/jsp/visualiza/index.jsp?data=30/08/2022&amp;jornal=515&amp;pagina=226" editionNumber="165" highlightType="" highlightPriority="" highlight="" highlightimage="" highlightimagename="" idMateria="19844213">
  <body>
    <Identifica><![CDATA[Despacho]]></Identifica>
    <Data><![CDATA[]]></Data>
    <Ementa />
    <Titulo />
    <SubTitulo />
    <Texto><![CDATA[<p class="identifica">Despacho</p><p>Relação nº 188/2022</p><p>Fase de Requerimento de Pesquisa</p><p>Torna sem efeito exigência(137)</p><p>830.102/2022-AKO AREIA COMERCIO E MINERACAO LTDA-OF. N°31996/2022/SECOR/ANM/MG-DOU de 28/07/2022</p><p class="assina">LEANDRO CESAR FERREIRA DE CARVALHO</p><p class="cargo">Gerente</p>]]></Texto>
  </body>
  <Midias />
</article></xml>