﻿<xml><article id="27746931" name="OUTORGAS_26 08 2022 (1573 ao 157" idOficio="9059573" pubName="DO1" artType="Ato" pubDate="30/08/2022" artClass="00014:00042:00000:00000:00000:00000:00000:00000:00000:00000:00006:00002" artCategory="Ministério do Desenvolvimento Regional/Agência Nacional de Águas e Saneamento Básico" artSize="12" artNotes="" numberPage="72" pdfPage="http://pesquisa.in.gov.br/imprensa/jsp/visualiza/index.jsp?data=30/08/2022&amp;jornal=515&amp;pagina=72" editionNumber="165" highlightType="" highlightPriority="" highlight="" highlightimage="" highlightimagename="" idMateria="19843144">
  <body>
    <Identifica><![CDATA[ ATOS DE 26 DE AGOSTO DE 2022]]></Identifica>
    <Data><![CDATA[]]></Data>
    <Ementa />
    <Titulo />
    <SubTitulo />
    <Texto><![CDATA[<p class="identifica">ATOS DE 26 DE AGOSTO DE 2022</p><p>O SUPERINTENDENTE ADJUNTO DE REGULAÇÃO DE USOS DE RECURSOS HÍDRICOS DA AGÊNCIA NACIONAL DE ÁGUAS E SANEAMENTO BÁSICO - ANA, no exercício da competência delegada pelo art. 3º, inciso I, da Resolução ANA nº 26, de 08/05/2020, torna público que o DIRETOR VITOR EDUARDO DE ALMEIDA SABACK, nos termos do art. 12, inciso V, da Lei nº 9.984, de 17/07/2000, com fundamento na Resolução ANA nº 1.938, de 30/10/2017, resolveu emitir as outorgas de direito de uso de recursos hídricos a:</p><p>Nº 1573 - VANDEIR MARCIANO DE OLIVEIRA, rio Paranã, Município de Paranã/TO, irrigação.</p><p>Nº 1.574 - VANDEIR MARCIANO DE OLIVEIRA, rio Paranã, Município de Paranã/TO, irrigação.</p><p>Nº 1.575 - GERALDO SEVERINO PINHEIRO, rio Urucuia, Município de Urucuia/MG, irrigação.</p><p>Nº 1.576 - WILLIAM ALEXANDRE ELTINK, UHE Jurumirim, Município de Paranapanema/SP, irrigação.</p><p>Nº 1.577 - GERAL AGRONEGOCIOS LTDA, rio São Francisco, Município de Manga/MG, irrigação.</p><p>Nº 1.578 - HEBERT LEVER JOSE DO COUTO, rio Urucuia, Município de São Romão/MG, irrigação.</p><p>Nº 1.580 - RODRIGO FELGAR APRA, rio Paranã, Município de Formosa/GO, irrigação.</p><p>Nº 1.581 - OUROPAV CONSTRUTORA E LOTEADORA LTDA, rio Sapucaí-mirim, Município de Pouso Alegre/MG, outras.</p><p>Nº 1.582 - GRACIELA GIACOMOLLI OLIVEIRA, rio Palma, Município de Taipas do Tocantins/TO, irrigação.</p><p>Nº 1.583 - FLAVIO BIS VIANA, rio Cotaxé ou Braço Norte do Rio São Mateus, Município de Boa Esperança/ES, irrigação.</p><p>Nº 1.584 - SERVICO AUTONOMO DE ÁGUA E ESGOTO, rio Doce, Município de Governador Valadares/MG, esgotamento sanitário.</p><p>Nº 1.585 - SERVICO AUTONOMO DE ÁGUA E ESGOTO, rio Paraíba do Sul, Município de Cruzeiro/SP, abastecimento sanitário.</p><p>O inteiro teor das Outorgas, bem como as demais informações pertinentes está disponível no site https://www.gov.br/ana.</p><p class="assina">ANDRÉ PANTE</p>]]></Texto>
  </body>
  <Midias />
</article></xml>