﻿<xml><article id="27749421" name="Ata_28_1C_16_08_2022 -WAR-IMPREN" idOficio="9057405" pubName="DO1" artType="Ata" pubDate="30/08/2022" artClass="00044:00002:00000:00000:00000:00000:00000:00000:00000:00000:00005:00000" artCategory="Tribunal de Contas da União/1ª Câmara" artSize="12" artNotes="" numberPage="329" pdfPage="http://pesquisa.in.gov.br/imprensa/jsp/visualiza/index.jsp?data=30/08/2022&amp;jornal=515&amp;pagina=329" editionNumber="165" highlightType="" highlightPriority="" highlight="" highlightimage="" highlightimagename="" idMateria="19840103">
  <body>
    <Identifica />
    <Data><![CDATA[]]></Data>
    <Ementa />
    <Titulo />
    <SubTitulo />
    <Texto><![CDATA[<p>ACÓRDÃO Nº 4767/2022 - TCU - 1ª Câmara</p><p>VISTOS e relacionados estes autos de alteração de aposentadoria pelo Ministério Público do Trabalho;</p><p>Considerando as propostas uníssonas da Secretaria de Fiscalização de Integridade de Atos e Pagamentos de Pessoal e de Benefícios Sociais (Sefip) e do MP/TCU pela ilegalidade do ato em razão do pagamento, nos proventos, de parcela decorrente da incorporação de quintos de funções comissionadas exercidas anteriormente à posse no cargo de Procurador do Trabalho, remunerado por meio de subsídio;</p><p>Considerando que o art. art. 39, § 4º, da Constituição Federal, estabeleceu como forma de pagamento aos membros de poder, a parcela única, denominada subsídio, vedado o acréscimo de qualquer gratificação, adicional, abono, prêmio, verba de representação ou outra espécie remuneratória;</p><p>Considerando que a irregularidade identificada é tema de jurisprudência pacificada desta Corte de Contas, a exemplo dos acórdãos 4055/2022, 563/20221041/2021, 7636/2021, 7635/2021, 11282/2020, 11283/2020, 7297/2020-TCU-1ª Câmara, 2282/2022-TCU-2ª Câmara, 1178/2020 e 1121/2020-TCU-Plenário;</p><p>Considerando a orientação estabelecida por este Tribunal por meio do acórdão 3332/2015-Plenário;</p><p>Considerando que o entendimento do TCU está alinhado com o do Supremo Tribunal Federal - STF, em tese fixada com sede de repercussão geral no Recurso Extraordinário 587.371, segundo a qual "não encontra amparo constitucional a pretensão de acumular, no cargo de magistrado ou em qualquer outro, a vantagem correspondente a quintos, a que o titular fazia jus quando no exercício de cargo diverso";</p><p>Considerando que os atos de aposentadoria somente passam a estar plenamente formados, válidos e eficazes a partir do momento em que recebem o registro da Corte de Contas;</p><p>Considerando que este Tribunal, por meio do acórdão 1414/2021-TCU-Plenário (Ministro Walton Alencar Rodrigues), fixou entendimento no sentido da possibilidade de apreciação de ato sujeito a registro mediante relação, na forma do art. 143, inciso II, do Regimento Interno do TCU, nas hipóteses em que a ilegalidade do ato decorra exclusivamente de questão jurídica de solução já pacificada na jurisprudência desta Corte de Contas;</p><p>Considerando a presunção de boa-fé da responsável;</p><p>Considerando que o ato foi enviado a esta Corte de Contas há menos de 5 (cinco) anos, pode ser apreciado sem a necessidade de prévia oitiva da interessada, nos termos do acórdão 587/2011-TCU - Plenário, não sendo o caso, também, de ocorrência de apreciação tácita da legalidade, por decurso de prazo (decisão do Supremo Tribunal Federal, em sede de repercussão geral, no âmbito do RE 636.553: "em atenção aos princípios da segurança jurídica e da confiança legítima, os Tribunais de Contas estão sujeitos ao prazo de 5 anos para o julgamento da legalidade do ato de concessão inicial de aposentadoria, reforma ou pensão, a contar da chegada do processo à respectiva Corte de Contas").</p><p>ACORDAM os Ministros do Tribunal de Contas da União, reunidos em sessão da Primeira Câmara, com fundamento nos artigos 1º, inciso V, e 39, inciso II, da Lei 8.443/1992, c/c os artigos 17, inciso III, 143, inciso II, 260 e 262 do Regimento Interno, em considerar ilegal e negar registro ao ato de aposentadoria da interessada indicada no item 1.1 e expedir as determinações contidas no item 1.7 abaixo.</p><p>1. Processo TC-040.076/2021-0 (APOSENTADORIA)</p><p>1.1. Interessado: Lair Carmen Silveira da Rocha Guimaraes (233.605.939-87).</p><p>1.2. Órgão/Entidade: Ministério Público do Trabalho.</p><p>1.3. Relator: Ministro-Substituto Weder de Oliveira.</p><p>1.4. Representante do Ministério Público: Procurador Sergio Ricardo Costa Caribé.</p><p>1.5. Unidade Técnica: Secretaria de Fiscalização de Integridade de Atos e Pagamentos de Pessoal e de Benefícios Sociais (Sefip).</p><p>1.6. Representação legal: não há.</p><p>1.7. Determinações/Recomendações/Orientações: não há.</p><p>1.7.1. faça cessar, no prazo de quinze dias, a contar da notificação desta decisão, os pagamentos decorrentes da parcela impugnada, sob pena de responsabilidade solidária da autoridade administrativa omissa, comunicando ao TCU, no prazo de trinta dias, as providências adotadas;</p><p>1.7.2. dispense a devolução dos valores indevidamente recebidos de boa-fé pela interessada até a data da ciência pela unidade deste acórdão, com base na Súmula TCU 106;</p><p>1.7.3. emita novo ato de aposentadoria da interessada, livre parcela de incorporação de quintos, disponibilizando-o a este Tribunal, por meio do Sistema e-Pessoal, nos termos e prazos fixados na IN-TCU 78/2018;</p><p>1.7.4. dê ciência, no prazo de quinze dias, a contar da notificação desta decisão, de seu inteiro teor à interessada e a alerte de que o efeito suspensivo proveniente da interposição de eventual recurso junto ao TCU não a eximirá da devolução dos valores percebidos indevidamente, caso o recurso não seja provido.</p><p>1.7.5. encaminhe ao TCU, no prazo de trinta dias, a contar da notificação desta decisão, comprovante da data de ciência do teor desta deliberação pela ex-servidora.</p><p>ACÓRDÃO Nº 4768/2022 - TCU - 1ª Câmara</p><p>VISTOS e relacionados estes autos de concessão de aposentadoria pelo Senado Federal;</p><p>Considerando as propostas uníssonas da Secretaria de Fiscalização de Integridade de Atos e Pagamentos de Pessoal e de Benefícios Sociais (Sefip) e do MP/TCU pela ilegalidade do ato em razão do reajuste da vantagem de quintos/décimos desde a edição da Lei 13.302/2016, em afronta ao art. 15, §1º, da Lei 9.527/1997, uma vez que não se caracteriza como lei de revisão geral da remuneração dos servidores federais, na linha da jurisprudência do Tribunal (Acórdão 11847/2020-TCU-Primeira Câmara)</p><p>Considerando que a irregularidade identificada é tema de jurisprudência pacificada desta Corte de Contas, a exemplo, dos acórdãos 3223/2020-TCU-Plenário, 3800/2022, 2978/2022, 2977/2022, 2964/2022, 1438/2022-TCU-2ª Câmara, e 3821/2022, 2603/2022, 2488/2022, 1557/2022, 3538/2021, 6278/2021 e 10240/2021-TCU-1ª Câmara, dentre outros;</p><p>Considerando que este Tribunal, por meio do acórdão 1414/2021-TCU-Plenário (Ministro Walton Alencar Rodrigues), fixou entendimento no sentido da possibilidade de apreciação de ato sujeito a registro mediante relação, na forma do art. 143, inciso II, do Regimento Interno do TCU, nas hipóteses em que a ilegalidade do ato decorra exclusivamente de questão jurídica de solução já pacificada na jurisprudência desta Corte de Contas;</p><p>Considerando a presunção de boa-fé da responsável;</p><p>Considerando que o ato foi enviado a esta Corte de Contas há menos de 5 (cinco) anos, pode ser apreciado sem a necessidade de prévia oitiva da interessada, nos termos do acórdão 587/2011-TCU - Plenário, não sendo o caso, também, de ocorrência de apreciação tácita da legalidade, por decurso de prazo (decisão do Supremo Tribunal Federal, em sede de repercussão geral, no âmbito do RE 636.553: "em atenção aos princípios da segurança jurídica e da confiança legítima, os Tribunais de Contas estão sujeitos ao prazo de 5 anos para o julgamento da legalidade do ato de concessão inicial de aposentadoria, reforma ou pensão, a contar da chegada do processo à respectiva Corte de Contas").</p><p>ACORDAM os ministros o Tribunal de Contas da União, reunidos em sessão da 1ª Câmara, com fundamento nos arts. 1º, V, e 39, II, da Lei 8.443/1992, c/c os arts. 17, III; 143, II e 260 e 262 do Regimento Interno do TCU, em considerar ilegal e negar registro ao ato de aposentadoria em favor da interessada identificada no item 1.1, e expedir as determinações abaixo, conforme proposto pela unidade técnica.</p><p>1. Processo TC-040.313/2021-2 (APOSENTADORIA)</p><p>1.1. Interessado: Ana Alba Mafra (270.760.591-34).</p><p>1.2. Órgão/Entidade: Senado Federal.</p><p>1.3. Relator: Ministro-Substituto Weder de Oliveira.</p><p>1.4. Representante do Ministério Público: Procurador Sergio Ricardo Costa Caribé.</p><p>1.5. Unidade Técnica: Secretaria de Fiscalização de Integridade de Atos e Pagamentos de Pessoal e de Benefícios Sociais (Sefip).</p><p>1.6. Representação legal: não há.</p><p>1.7. Determinações/Recomendações/Orientações:</p><p>1.7.1. dispensar a devolução dos valores indevidamente recebidos, presumidamente, de boa-fé pela interessada nos termos da Súmula 106 deste Tribunal;</p><p>1.7.2. determinar ao órgão/entidade responsável pela concessão que:</p><p>1.7.2.1. promova, no prazo de 30 (trinta) dias, o ajuste na rubrica "160 - VPNI (Função Comissionada) (Vantagem de caráter pessoal - Incorporação de quintos/décimos de função)", nos proventos da interessada, para os valores anteriores à vigência da Lei 13.302/2016, comunicando a este Tribunal as providências adotadas, nos termos dos arts. 262, caput, do RI/TCU, e 8º, caput, da Resolução TCU 206/2007;</p><p>1.7.2.2. dê ciência do inteiro teor desta deliberação à interessada, alertando-a de que o efeito suspensivo proveniente da interposição de eventuais recursos perante o Tribunal não a exime da devolução dos valores percebidos indevidamente após a respectiva notificação, caso esses não sejam providos, devendo encaminhar os comprovantes dessa notificação a esta Corte no prazo de até 30 (trinta) dias;</p><p>1.7.2.3. emita novo ato, livre da irregularidade ora apontada, submetendo-o à nova apreciação por este Tribunal, na forma do artigo 260, caput, do Regimento Interno do TCU;</p><p>1.7.3. dar ciência deste acórdão ao órgão/entidade responsável pela concessão, informando que o teor integral da deliberação poderá ser obtido no endereço eletrônico www.tcu.gov.br/acordaos.</p><p>1.7.4. encerrar o processo e arquivar os presentes autos.</p><p>ACÓRDÃO Nº 4769/2022 - TCU - 1ª Câmara</p><p>Os ministros do Tribunal de Contas da União, reunidos em sessão da 1ª Câmara, com fundamento nos arts. 1º, V, e 39, I, da Lei 8.443/1992, no art. 260, § 1º, do RI/TCU, na forma do art. 143, II, do RI/TCU, e de acordo com os pareceres convergentes emitidos nos autos, ACORDAM, por unanimidade, em considerar legal(is) e determinar o registro do(s) ato(s) de admissão de pessoal relacionado(s) nos autos.</p><p>1. Processo TC-013.594/2022-2 (ATOS DE ADMISSÃO)</p><p>1.1. Interessados: Ana Cristina Garcia Ferreira (222.707.508-29); Carina Cantelli Pacheco de Oliveira (103.190.897-89); Cristiana Santos de Macedo (153.798.738-04); Cynthia Machado Cascabulho (103.584.157-64); Luiz Regino da Silva Filho (830.968.416-91).</p><p>1.2. Órgão/Entidade: Fundação Oswaldo Cruz.</p><p>1.3. Relator: Ministro-Substituto Weder de Oliveira.</p><p>1.4. Representante do Ministério Público: Procurador Júlio Marcelo de Oliveira.</p><p>1.5. Unidade Técnica: Secretaria de Fiscalização de Integridade de Atos e Pagamentos de Pessoal e de Benefícios Sociais (Sefip).</p><p>1.6. Representação legal: não há.</p><p>1.7. Determinações/Recomendações/Orientações: não há.</p><p>ACÓRDÃO Nº 4770/2022 - TCU - 1ª Câmara</p><p>Os ministros do Tribunal de Contas da União, reunidos em sessão da 1ª Câmara, com fundamento nos arts. 1º, V, e 39, I, da Lei 8.443/1992, no art. 260, § 1º, do RI/TCU, na forma do art. 143, II, do RI/TCU, e de acordo com os pareceres convergentes emitidos nos autos, ACORDAM, por unanimidade, em considerar legal(is) e determinar o registro do(s) ato(s) de admissão de pessoal relacionado(s) nos autos.</p><p>1. Processo TC-013.631/2022-5 (ATOS DE ADMISSÃO)</p><p>1.1. Interessado: Janio Di Paula Cavalleiro de Macedo dos Santos (702.653.482-34).</p><p>1.2. Órgão/Entidade: Instituto Federal de Educação, Ciência e Tecnologia do Pará.</p><p>1.3. Relator: Ministro-Substituto Weder de Oliveira.</p><p>1.4. Representante do Ministério Público: Procuradora-Geral Cristina Machado da Costa e Silva.</p><p>1.5. Unidade Técnica: Secretaria de Fiscalização de Integridade de Atos e Pagamentos de Pessoal e de Benefícios Sociais (Sefip).</p><p>1.6. Representação legal: não há.</p><p>1.7. Determinações/Recomendações/Orientações: não há.</p><p>ACÓRDÃO Nº 4771/2022 - TCU - 1ª Câmara</p><p>Os ministros do Tribunal de Contas da União, reunidos em sessão da 1ª Câmara, com fundamento nos arts. 1º, V, e 39, I, da Lei 8.443/1992, no art. 260, § 1º, do RI/TCU, na forma do art. 143, II, do RI/TCU, e de acordo com os pareceres convergentes emitidos nos autos, ACORDAM, por unanimidade, em considerar legal(is) e determinar o registro do(s) ato(s) de admissão de pessoal relacionado(s) nos autos.</p><p>1. Processo TC-034.829/2021-0 (ATOS DE ADMISSÃO)</p><p>1.1. Interessados: Diego Mauricio Portela Dutra (025.396.393-13); Francisco Oliveira Lobo (017.593.473-88); Kallebe Silva Santos (038.108.993-21); Marta Lemos Castro (021.355.243-44); Mayara de Miranda Santos (022.655.253-59).</p><p>1.2. Órgão/Entidade: Instituto Federal de Educação, Ciência e Tecnologia do Piauí.</p><p>1.3. Relator: Ministro-Substituto Weder de Oliveira.</p><p>1.4. Representante do Ministério Público: Procurador Rodrigo Medeiros de Lima.</p><p>1.5. Unidade Técnica: Secretaria de Fiscalização de Integridade de Atos e Pagamentos de Pessoal e de Benefícios Sociais (Sefip).</p><p>1.6. Representação legal: não há.</p><p>1.7. Determinações/Recomendações/Orientações: não há.</p><p>ACÓRDÃO Nº 4772/2022 - TCU - 1ª Câmara</p><p>Os ministros do Tribunal de Contas da União, reunidos em sessão da 1ª Câmara, com fundamento nos arts. 1º, V, e 39, II, da Lei 8.443/1992, no art. 260, § 1º, do RI/TCU, na forma do art. 143, II, do RI/TCU, e de acordo com os pareceres convergentes emitidos nos autos, ACORDAM, por unanimidade, em considerar legal(is) e determinar o registro do(s) ato(s) de concessão de pensão civil em favor do(s) beneficiário(s) relacionado(s) nos autos.</p><p>1. Processo TC-011.086/2022-0 (PENSÃO CIVIL)</p><p>1.1. Interessados: Emanuel Renato de Sousa (116.095.574-33); Jose Airton de Sousa Filho (111.408.804-89); Renata Emanuela do Nascimento Silva Sousa (093.690.034-28).</p><p>1.2. Órgão/Entidade: Fundação Nacional de Saúde.</p><p>1.3. Relator: Ministro-Substituto Weder de Oliveira.</p><p>1.4. Representante do Ministério Público: Procurador Júlio Marcelo de Oliveira.</p><p>1.5. Unidade Técnica: Secretaria de Fiscalização de Integridade de Atos e Pagamentos de Pessoal e de Benefícios Sociais (Sefip).</p><p>1.6. Representação legal: não há.</p><p>1.7. Determinações/Recomendações/Orientações: não há.</p><p>ACÓRDÃO Nº 4773/2022 - TCU - 1ª Câmara</p><p>Os ministros do Tribunal de Contas da União, reunidos em sessão da 1ª Câmara, com fundamento nos arts. 1º, V, e 39, II, da Lei 8.443/1992, no art. 260, § 1º, do RI/TCU, na forma do art. 143, II, do RI/TCU, e de acordo com os pareceres convergentes emitidos nos autos, ACORDAM, por unanimidade, em considerar legal(is) e determinar o registro do(s) ato(s) de concessão de pensão civil em favor do(s) beneficiário(s) relacionado(s) nos autos.</p><p>1. Processo TC-011.943/2022-0 (PENSÃO CIVIL)</p><p>1.1. Interessado: Maria Aparecida Moreira Martins (336.163.614-00).</p><p>1.2. Órgão/Entidade: Universidade Federal do Rio Grande do Norte.</p><p>1.3. Relator: Ministro-Substituto Weder de Oliveira.</p><p>1.4. Representante do Ministério Público: Procurador Júlio Marcelo de Oliveira.</p><p>1.5. Unidade Técnica: Secretaria de Fiscalização de Integridade de Atos e Pagamentos de Pessoal e de Benefícios Sociais (Sefip).</p><p>1.6. Representação legal: não há.</p><p>1.7. Determinações/Recomendações/Orientações: não há.</p><p>ACÓRDÃO Nº 4774/2022 - TCU - 1ª Câmara</p><p>Os ministros do Tribunal de Contas da União, reunidos em sessão da 1ª Câmara, com fundamento nos arts. 1º, V, e 39, II, da Lei 8.443/1992, no art. 260, § 1º, do RI/TCU, na forma do art. 143, II, do RI/TCU, e de acordo com os pareceres convergentes emitidos nos autos, ACORDAM, por unanimidade, em considerar legal(is) e determinar o registro do(s) ato(s) de concessão de pensão civil em favor do(s) beneficiário(s) relacionado(s) nos autos.</p><p>1. Processo TC-011.967/2022-6 (PENSÃO CIVIL)</p><p>1.1. Interessados: Maria Lucia Camurca Sampaio (016.673.863-87); Maria do Socorro Esmeraldo Barreira (546.435.623-15).</p><p>1.2. Órgão/Entidade: Ministério da Fazenda (extinta).</p><p>1.3. Relator: Ministro-Substituto Weder de Oliveira.</p><p>1.4. Representante do Ministério Público: Procuradora-Geral Cristina Machado da Costa e Silva.</p><p>1.5. Unidade Técnica: Secretaria de Fiscalização de Integridade de Atos e Pagamentos de Pessoal e de Benefícios Sociais (Sefip).</p><p>1.6. Representação legal: não há.</p><p>1.7. Determinações/Recomendações/Orientações: não há.</p><p>ACÓRDÃO Nº 4775/2022 - TCU - 1ª Câmara</p><p>Os ministros do Tribunal de Contas da União, reunidos em sessão da 1ª Câmara, com fundamento nos arts. 1º, V, e 39, II, da Lei 8.443/1992, no art. 260, § 1º, do RI/TCU, na forma do art. 143, II, do RI/TCU, e de acordo com os pareceres convergentes emitidos nos autos, ACORDAM, por unanimidade, em considerar legal(is) e determinar o registro do(s) ato(s) de concessão de pensão civil em favor do(s) beneficiário(s) relacionado(s) nos autos.</p><p>1. Processo TC-013.832/2022-0 (PENSÃO CIVIL)</p><p>1.1. Interessados: Aldemar Ribeiro dos Santos (016.189.116-00); Maria Aparecida dos Santos Nunes Ferreira (380.141.901-06); Ricardo Nunes dos Santos (042.910.171-62).</p><p>1.2. Órgão/Entidade: Departamento de Centralização de Serviços de Inativos e Pensionistas.</p><p>1.3. Relator: Ministro-Substituto Weder de Oliveira.</p><p>1.4. Representante do Ministério Público: Procurador Rodrigo Medeiros de Lima.</p><p>1.5. Unidade Técnica: Secretaria de Fiscalização de Integridade de Atos e Pagamentos de Pessoal e de Benefícios Sociais (Sefip).</p><p>1.6. Representação legal: não há.</p><p>1.7. Determinações/Recomendações/Orientações: não há.</p><p>ACÓRDÃO Nº 4776/2022 - TCU - 1ª Câmara</p><p>Os ministros do Tribunal de Contas da União, reunidos em sessão da 1ª Câmara, com fundamento nos arts. 1º, V, e 39, II, da Lei 8.443/1992, no art. 260, § 1º, do RI/TCU, na forma do art. 143, II, do RI/TCU, e de acordo com os pareceres convergentes emitidos nos autos, ACORDAM, por unanimidade, em considerar legal(is) e determinar o registro do(s) ato(s) de concessão de pensão civil em favor do(s) beneficiário(s) relacionado(s) nos autos.</p><p>1. Processo TC-013.833/2022-7 (PENSÃO CIVIL)</p><p>1.1. Interessado: Irenaide Capitulino da Costa (691.722.777-34).</p><p>1.2. Órgão/Entidade: Ministério da Justiça e Segurança Pública.</p><p>1.3. Relator: Ministro-Substituto Weder de Oliveira.</p><p>1.4. Representante do Ministério Público: Procurador Rodrigo Medeiros de Lima.</p><p>1.5. Unidade Técnica: Secretaria de Fiscalização de Integridade de Atos e Pagamentos de Pessoal e de Benefícios Sociais (Sefip).</p><p>1.6. Representação legal: não há.</p><p>1.7. Determinações/Recomendações/Orientações: não há.</p><p>ACÓRDÃO Nº 4777/2022 - TCU - 1ª Câmara</p><p>Os ministros do Tribunal de Contas da União, reunidos em sessão da 1ª Câmara, com fundamento nos arts. 1º, V, e 39, II, da Lei 8.443/1992, no art. 260, § 1º, do RI/TCU, na forma do art. 143, II, do RI/TCU, e de acordo com os pareceres convergentes emitidos nos autos, ACORDAM, por unanimidade, em considerar legal(is) e determinar o registro do(s) ato(s) de concessão de pensão civil em favor do(s) beneficiário(s) relacionado(s) nos autos.</p><p>1. Processo TC-013.837/2022-2 (PENSÃO CIVIL)</p><p>1.1. Interessado: Mariangela Portela Brazuna (019.096.298-47).</p><p>1.2. Órgão/Entidade: Instituto Federal de Educação, Ciência e Tecnologia de São Paulo.</p><p>1.3. Relator: Ministro-Substituto Weder de Oliveira.</p><p>1.4. Representante do Ministério Público: Procuradora-Geral Cristina Machado da Costa e Silva.</p><p>1.5. Unidade Técnica: Secretaria de Fiscalização de Integridade de Atos e Pagamentos de Pessoal e de Benefícios Sociais (Sefip).</p><p>1.6. Representação legal: não há.</p><p>1.7. Determinações/Recomendações/Orientações: não há.</p><p>ACÓRDÃO Nº 4778/2022 - TCU - 1ª Câmara</p><p>VISTOS e relacionados estes autos de concessão de pensão civil pelo Tribunal Regional do Trabalho da 2ª Região/SP;</p><p>Considerando as propostas uníssonas da Secretaria de Fiscalização de Integridade de Atos e Pagamentos de Pessoal e de Benefícios Sociais (Sefip) e do MP/TCU pela ilegalidade do ato em razão do pagamento, nos proventos da interessada, da vantagem denominada "opção" atinente ao art. 2º da Lei 8.911/1994, oriunda do art. 193 da Lei 8.112/1990, de forma cumulativa à parcela de "quintos", em desacordo à vedação contida no §2º do art. 193 da Lei 8.112/1990;</p><p>Considerando que a pensão civil em análise derivou de aposentadoria vigente a partir de 8/6/1995, portanto, após a data limite estabelecida no art. 7º da Lei 9.624/1998, que assegurou o direito à percepção da vantagem "opção", aos servidores que, até 19/1/1995, tivessem completado todos os requisitos para obtenção de aposentadoria dentro das normas até então vigentes;</p><p>Considerando que o parágrafo único do art. 7º da Lei 9.624/1998 dispôs que a percepção da vantagem "opção" exclui a incorporação a que se referia o art. 62 ("quintos") e as vantagens previstas no art. 192 (acréscimo nos proventos conforme o padrão da classe em que se der a aposentadoria) da Lei 8.112/1990;</p><p>Considerando que a irregularidade em questão é objeto de jurisprudência pacificada nesta Corte de Contas, tendo por paradigma o acórdão 2988/2018-TCU-Plenário (Ministra Ana Arraes), acompanhado por iterativas deliberações, a exemplo dos acórdãos 807/2020, 8731/2020, 9453/2021, 1175/2002-TCU-1ª Câmara; 18563/2021-TCU-2ª Câmara, dentre outros;</p><p>Considerando que a parcela de "quintos" foi concedida pelo exercício de funções comissionadas até o advento da Lei 9.624/1998;</p><p>Considerando que não há, nos autos, informação de que a vantagem denominada "opção" esteja sendo paga com amparo em decisão judicial transitada em julgado;</p><p>Considerando que este Tribunal, por meio do acórdão 1414/2021-TCU-Plenário (Ministro Walton Alencar Rodrigues), fixou entendimento no sentido da possibilidade de apreciação de ato sujeito a registro mediante relação, na forma do art. 143, inciso II, do Regimento Interno do TCU, nas hipóteses em que a ilegalidade do ato decorra exclusivamente de questão jurídica de solução já pacificada na jurisprudência desta Corte de Contas;</p><p>Considerando a presunção de boa-fé da responsável;</p><p>Considerando que o ato foi enviado a esta Corte de Contas há menos de 5 (cinco) anos, pode ser apreciado sem a necessidade de prévia oitiva da interessada, nos termos do acórdão 587/2011-TCU - Plenário, não sendo o caso, também, de ocorrência de apreciação tácita da legalidade, por decurso de prazo (decisão do Supremo Tribunal Federal, em sede de repercussão geral, no âmbito do RE 636.553: "em atenção aos princípios da segurança jurídica e da confiança legítima, os Tribunais de Contas estão sujeitos ao prazo de 5 anos para o julgamento da legalidade do ato de concessão inicial de aposentadoria, reforma ou pensão, a contar da chegada do processo à respectiva Corte de Contas").</p><p>ACORDAM os Ministros o Tribunal de Contas da União, reunidos em sessão da 1ª Câmara, com fundamento nos arts. 1º, V, e 39, II, da Lei 8.443/1992, c/c os arts. 17, III; 143, II e 260 e 262 do RI/TCU, em considerar ilegal e negar registro ao ato de pensão civil instituída em favor da interessada identificada no item 1.1, e expedir as determinações abaixo, conforme proposto pela unidade técnica.</p><p>1. Processo TC-036.811/2021-1 (PENSÃO CIVIL)</p><p>1.1. Interessada: Angela Maria Ferreira Conde Vinhaes (148.853.658-99).</p><p>1.2. Órgão/Entidade: Tribunal Regional do Trabalho da 2ª Região/SP.</p><p>1.3. Relator: Ministro-Substituto Weder de Oliveira.</p><p>1.4. Representante do Ministério Público: Procurador Sergio Ricardo Costa Caribé.</p><p>1.5. Unidade Técnica: Secretaria de Fiscalização de Integridade de Atos e Pagamentos de Pessoal e de Benefícios Sociais (Sefip).</p><p>1.6. Representação legal: não há.</p><p>1.7. Determinações/Recomendações/Orientações:</p><p>1.7.1. dispensar a devolução dos valores indevidamente recebidos, presumidamente, de boa-fé pela interessada nos termos da Súmula 106 deste Tribunal;</p><p>1.7.2. determinar ao órgão/entidade responsável pela concessão que:</p><p>1.7.2.1. no prazo de 15 (quinze) dias, cesse todo e qualquer pagamento concernente ao ato considerado ilegal, em razão do pagamento vantagem denominada "opção", comunicando a este Tribunal as providências adotadas, nos termos do art. 262, caput, do RI/TCU, e do art. 8º, caput, da Resolução TCU 206/2007, sob pena de responsabilidade solidária do responsável pela omissão;</p><p>1.7.2.2. dê ciência do inteiro teor desta deliberação à interessada, alertando-a de que o efeito suspensivo proveniente da interposição de eventuais recursos perante o Tribunal não a exime da devolução dos valores percebidos indevidamente após a respectiva notificação, caso esses não sejam providos, devendo encaminhar os comprovantes dessa notificação a esta Corte no prazo de até 30 (trinta) dias;</p><p>1.7.2.3. cadastre novo ato de concessão de pensão civil livre da irregularidade apontada, submetendo-o no prazo de 30 (trinta) dias à apreciação deste Tribunal, nos termos do art. 262, caput e § 2º, do RI/TCU, e do art. 19, § 3º, da Instrução Normativa TCU 78/2018;</p><p>1.7.3. dar ciência deste acórdão ao órgão/entidade responsável pela concessão, informando que o teor integral da deliberação poderá ser obtido no endereço eletrônico www.tcu.gov.br/acordaos.</p><p>1.7.4. encerrar o processo e arquivar os presentes autos.</p><p>ACÓRDÃO Nº 4779/2022 - TCU - 1ª Câmara</p><p>Os ministros do Tribunal de Contas da União, reunidos em sessão da 1ª Câmara, na forma do art. 143, I, 'b', do RI/TCU, e de acordo com a instrução da unidade técnica, ACORDAM, por unanimidade, em, com fundamento nos arts. 1º, I; 16, I; 17 e 23, I, da Lei 8.443/1992, nos arts. 1º, I, 207 e 214, I, do RI/TCU, julgar regulares as contas dos responsáveis listados a seguir, dando-lhes quitação plena, encaminhar cópia desta decisão, assim como da instrução da unidade instrutiva e do parecer do MP/TCU (peças 102 a 104), à Administração Regional do Senar no Estado do Ceará e encerrar os autos.</p><p>1. Processo TC-035.108/2017-7 (PRESTAÇÃO DE CONTAS - Exercício: 2016)</p><p>1.1. Apensos: 040.790/2021-5 (DENÚNCIA)</p><p>1.2. Responsáveis: Alci Porto Gurgel Junior (258.558.403-87); Eduardo Peixoto Rola Ferreira (618.387.563-53); Eduardo Queiroz de Miranda (260.364.443-20); Flávio Viriato de Sabóya Neto (013.442.853-68); João Nicedio Alves Nogueira (090.166.433-20); Joaquim Cartaxo Filho (102.903.893-72); José Aparecido dos Santos (054.591.843-04); Luiz Carlos Ribeiro de Lima (854.949.413-53); Luís Tadeu Prudente Santos (265.831.431-00); Maria Erivanda Franca de Oliveira (899.385.693-15); Paulo Helder de Alencar Braga (059.157.673-20).</p><p>1.3. Entidade: Administração Regional do Senar no Estado do Ceará.</p><p>1.4. Relator: Ministro-Substituto Weder de Oliveira.</p><p>1.5. Representante do Ministério Público: Procurador Sergio Ricardo Costa Caribé.</p><p>1.6. Unidade Técnica: Secretaria de Controle Externo do Desenvolvimento Econômico (SecexDesenvolvimento).</p><p>1.7. Representação legal: Cicero Roger Macedo Gonçalves (8795/OAB-CE), representando Administração Regional do Senar no Estado do Ceará.</p><p>1.8. Determinações/Recomendações/Orientações: não há.</p><p>ACÓRDÃO Nº 4780/2022 - TCU - 1ª Câmara</p><p>Os ministros do Tribunal de Contas da União, reunidos em sessão da 1ª Câmara, com fundamento no art. 212, c/c o art. 169, VI, na forma do art. 143, V, 'a', todos do RI/TCU, e de acordo com os pareceres convergentes emitidos nos autos, ACORDAM, por unanimidade, em arquivar a presente tomada de contas especial, sem julgamento de mérito, uma vez verificada a ausência dos pressupostos de constituição e de desenvolvimento válido e regular do processo; desapensar o TC 011.012/2019-6, fazendo incluir no referido processo cópia desta deliberação, assim como da instrução da peça 97 e do parecer da peça 100; bem como dar ciência aos responsáveis do teor desta deliberação acompanhada da instrução da peça 97 e do parecer da peça 100 à Secretaria de Recursos Hídricos e Energéticos do Estado de Pernambuco (SRHE/PE), ao Ministério do Desenvolvimento Regional (MDR), ao Tribunal de Contas do Estado de Pernambuco (TCE/PE), nesse último caso, remetendo, ainda, cópias da peça 26 deste processo e das peças 48, 142 e 145 do TC 006.253-2012-1.</p><p>1. Processo TC-029.626/2014-5 (TOMADA DE CONTAS ESPECIAL)</p><p>1.1. Apensos: 006.253/2012-1 (Auditoria); 011.012/2019-6 (Tomada de contas especial)</p><p>1.2. Responsáveis: Diorgenes Batista Gonçalves (428.378.393-53); Ivan Fredovino Ramos Júnior (976.213.584-91); João Bosco de Almeida (059.132.414-87); Maria Lorenzza Pinheiro Leite (215.014.084-53); Novatec Construções e Empreendimentos Ltda (00.338.885/0001-33).</p><p>1.3. Órgãos: Ministério da Integração Nacional (extinta); Secretaria de Recursos Hídricos e Energéticos de Pernambuco.</p><p>1.4. Relator: Ministro-Substituto Weder de Oliveira.</p><p>1.5. Representante do Ministério Público: Procuradora-Geral Cristina Machado da Costa e Silva.</p><p>1.6. Unidade Técnica: Secretaria de Infraestrutura Hídrica, de Comunicações e de Mineração (SeinfraCOM).</p><p>1.7. Representação legal: Manoel Luiz de França Neto (17605/OAB-PE), Marcio Blanc Mendes (979B/OAB-PE) e outros, representando João Bosco de Almeida; Maria Zila Leal Bezerra Passo (29982/OAB-PE) e Larissa Xenofonte Ribeiro (1302-B/OAB-PE), representando Maria Lorenzza Pinheiro Leite; Marçal Justen Neto (35912/OAB-PR) e Isabella Felix da Fonseca (57.461/OAB-DF), representando Novatec Construções e Empreendimentos Ltda.</p><p>ACÓRDÃO Nº 4781/2022 - TCU - 1ª Câmara</p><p>Considerando o exame da Secretaria de Controle Externo de Tomada de Contas Especial (SecexTCE), no sentido de "não ser possível glosar integralmente as despesas realizadas, já que parte das metas foram executadas e, como disse o próprio concedente, a obra atingiu o benefício social" (peça 92);</p><p>Considerando que, conforme destacado pela SecexTCE, o longo prazo decorrido entre a primeira notificação do responsável (2008) e a segunda (2020), em tese, inviabiliza o exercício do contraditório e da ampla defesa do responsável arrolado nos presentes autos;</p><p>Considerando, ainda, que não ocorreu a citação do responsável e que, caso tal medida fosse adotada "o extenso lapso temporal entre as irregularidades identificadas e a citação (cerca de 15 anos) também torna prejudicial o exercício do direito de contraditório e de ampla defesa, que constitui um dos pressupostos de desenvolvimento válido e regular do processo" (peça 92).</p><p>Os ministros do Tribunal de Contas da União, reunidos em sessão da 1ª Câmara, com fundamento no art. 212, c/c o art. 169, VI, na forma do art. 143, V, "a", todos do RI/TCU, e de acordo com a conclusão dos pareceres convergentes emitidos nos autos, ACORDAM, por unanimidade, em arquivar a presente tomada de contas especial, uma vez verificada a ausência dos pressupostos de constituição e de desenvolvimento válido e regular do processo, bem como dar ciência desta deliberação, assim como da instrução da SecexTCE, (peça 92), ao responsável e ao Ministério do Desenvolvimento Regional para conhecimento.</p><p>1. Processo TC-039.886/2021-2 (TOMADA DE CONTAS ESPECIAL)</p><p>1.1. Responsável: Claudiomar Crestani (386.311.059-53).</p><p>1.2. Órgão/Entidade: Ministério do Desenvolvimento Regional.</p><p>1.3. Relator: Ministro-Substituto Weder de Oliveira.</p><p>1.4. Representante do Ministério Público: Subprocurador-Geral Paulo Soares Bugarin.</p><p>1.5. Unidade Técnica: Secretaria de Controle Externo de Tomada de Contas Especial (SecexTCE).</p><p>1.6. Representação legal: não há.</p><p>1.7. Determinações/Recomendações/Orientações: não há.</p><p>ACÓRDÃO Nº 4782/2022 - TCU - 1ª Câmara</p><p>Os ministros do Tribunal de Contas da União, reunidos em sessão da 1ª Câmara, com fundamento no art. 1º, XXIV, na forma do art. 143, V, 'a', ambos do RI/TCU, e de acordo com o parecer da unidade instrutiva emitido nos autos, ACORDAM, por unanimidade, em conhecer da presente representação, para, no mérito, considerá-la improcedente, encerrar o processo e arquivar os autos, dando-se ciência desta decisão, bem como da instrução da unidade técnica (peça 23), aos representantes, e à Nav Brasil Serviços de Navegação Aérea S/A., para conhecimento.</p><p>1. Processo TC-004.783/2022-0 (REPRESENTAÇÃO)</p><p>1.1. Representante: Luciano Ferreira da Silva (CPF 941.669.276-04) e Daniel Moreira Auaide (CPF 932.176.171-34).</p><p>1.2. Órgão/Entidade: Nav Brasil Serviços de Navegação Aérea S/A.</p><p>1.3. Relator: Ministro-Substituto Weder de Oliveira.</p><p>1.4. Representante do Ministério Público: não atuou.</p><p>1.5. Unidade Técnica: Secretaria de Controle Externo da Defesa Nacional e da Segurança Pública (SecexDefes).</p><p>1.6. Representação legal: Fabiana Valle Vieira de Macedo e Mendonca (162450/OAB-RJ), Maria Luiza Almeida de Assis (177821/OAB-RJ) e outros, representando Nav Brasil Serviços de Navegação Aérea S/A.</p><p>1.7. Determinações/Recomendações/Orientações: não há.</p><p>ACÓRDÃO Nº 4783/2022 - TCU - 1ª Câmara</p><p>Considerando que a unidade instrutiva não identificou a obtenção de suposta vantagem competitiva indevida pela licitante vencedora do certame, tendo concluído que a UFRN atuou de acordo com a orientação expedida pela Seges/ME e com a jurisprudência do TCU, a exemplo do acórdão 1619/2008-TCU-Plenário.</p><p>Considerando que a suposta irregularidade na aplicação de créditos tributários indevidos pela licitante vencedora consiste em matéria de natureza tributária e/ou fiscal que extrapola o limite de atuação deste Tribunal.</p><p>Os ministros do Tribunal de Contas da União, reunidos em sessão da 1ª Câmara, com fundamento no art. 1º, XXIV, na forma do art. 143, V, 'a', ambos do RI/TCU, e de acordo com o parecer da unidade instrutiva emitido nos autos, ACORDAM, por unanimidade, em conhecer da presente representação, para, no mérito, considerá-la improcedente, indeferir o pedido de medida cautelar formulado, encerrar o processo e arquivar os autos, dando-se ciência desta decisão, bem como da instrução da Selog (peça 24), ao representante e à Universidade Federal do Rio Grande do Norte.</p><p>1. Processo TC-013.450/2022-0 (REPRESENTAÇÃO)</p><p>1.1. Representante: Servite Empreendimentos e Serviços Ltda. (CNPJ: 03.159.145/0001-28)</p><p>1.2. Entidade: Universidade Federal do Rio Grande do Norte (UFRN).</p><p>1.3. Relator: Ministro-Substituto Weder de Oliveira.</p><p>1.4. Representante do Ministério Público: não atuou.</p><p>1.5. Unidade Técnica: Secretaria de Controle Externo de Aquisições Logísticas (Selog).</p><p>1.6. Representação legal: Abraao Luiz Filgueira Lopes (OAB/RN 9463), representando Servite Empreendimentos e Serviços Ltda.</p><p>ENCERRAMENTO</p><p>Às 15 horas e 37 minutos, a Presidência encerrou a sessão, da qual foi lavrada esta ata, a ser aprovada pelo Presidente e homologada pela Primeira Câmara.</p><p><em>(Assinado eletronicamente)</em></p><p>ELENIR TEODORO GONCALVES DOS SANTOS</p><p>Subsecretária da Primeira Câmara, em substituição</p><p>Aprovada em 23 de agosto de 2022.</p><p>(Assinado eletronicamente)</p><p class="assina">WALTON ALENCAR RODRIGUES</p><p class="cargo">Presidente</p>]]></Texto>
  </body>
  <Midias />
</article></xml>