﻿<xml><article id="27740916" name="SC - AUTORIZAAAO DE OBRAS - 1015" idOficio="9058592" pubName="DO1" artType="Portaria" pubDate="30/08/2022" artClass="00015:00042:00006:00046:00000:00000:00000:00000:00000:00000:00054:00000" artCategory="Ministério da Economia/Secretaria Especial de Desestatização, Desinvestimento e Mercados/Secretaria de Coordenação e Governança do Patrimônio da União/Superintendência em Santa Catarina" artSize="12" artNotes="" numberPage="76" pdfPage="http://pesquisa.in.gov.br/imprensa/jsp/visualiza/index.jsp?data=30/08/2022&amp;jornal=515&amp;pagina=76" editionNumber="165" highlightType="" highlightPriority="" highlight="" highlightimage="" highlightimagename="" idMateria="19841626">
  <body>
    <Identifica><![CDATA[ PORTARIA SPU/SC/ME Nº 7.694, DE 25 DE AGOSTO DE 2022]]></Identifica>
    <Data><![CDATA[]]></Data>
    <Ementa />
    <Titulo />
    <SubTitulo />
    <Texto><![CDATA[<p class="identifica">PORTARIA SPU/SC/ME Nº 7.694, DE 25 DE AGOSTO DE 2022</p><p>O SUPERINTENDENTE SUBSTITUTO DO PATRIMÔNIO DA UNIÃO EM SANTA CATARINA, do MINISTÉRIO DA ECONOMIA, nomeado mediante Portaria SPU/ME nº 7.464, de 04 de julho de 2022, publicada no Diário Oficial da União (DOU) nº 126, Seção 2, de 06 de julho de 2022, página 20,no uso da competência que lhe foi subdelegada pelo Art. 5°, inciso XI da Portaria SPU/ME nº 14.094, de 30 de novembro de 2021, tendo em vista o disposto no art. 6º, Decreto-Lei nº 2.398, de 21 de dezembro de 1987, com a nova redação que lhe foi conferida pela Lei nº 13.139, de 26 de junho de 2015, bem como os elementos que integram o Processo nº 10154.153767 / 2021 - 73, resolve:</p><p>Art. 1º. Autorizar o Município de Balneário Barra do Sul / SC, inscrito no Cadastro Nacional da Pessoa Jurídica (CNPJ) sob o nº **.*54.509/0001-**, a executar projeto de dragagem com vistas à manutenção do Canal do Linguado, em ponto conhecido como Boca da Barra - Bairro: Centro, junto ao limite com o Município de São Francisco do Sul, perfazendo, conforme laudo técnico de caracterização geoespacial, uma área de 88.097,54 m <sup>2</sup> ;</p><p>Art. 2º O ônus da referida obra será de responsabilidade do Município de Balneário Barra do Sul / SC;</p><p>Art. 3º. A execução da obra está condicionada à garantia de livre e franco acesso e ao cumprimento rigoroso das recomendações técnicas, ambientais e urbanísticas, emitidas pelos órgãos competentes, aprovação de projetos, pagamentos de taxas e alvarás, assim como qualquer exigência complementar necessária à regularidade da obra;</p><p>Art. 4º. Os direitos e obrigações mencionadas nesta Portaria não excluem outros decorrentes da autorização, de acordo com a legislação pertinente, devendo ser observado, especialmente, o disposto nos arts. 7º, 8º e 9º da Lei nº 12.651, de 25 de maio de 2012, que estabelece normas gerais sobre a proteção da vegetação e áreas de Preservação Permanente;</p><p>Art. 5º. A autorização de obra a que se refere esta Portaria, não implica na constituição de nenhum direito sobre a área ou constituição de domínio, não gerando obrigação à União quanto à indenizações de quaisquer espécies de benfeitorias realizadas;</p><p>Art. 6º. O Município de Balneário Barra do Sul / SC responderá, judicial ou extrajudicialmente, por quaisquer demandas decorrentes da realização das obras, construção de benfeitorias e instalação de equipamentos de que trata esta Portaria;</p><p>Art. 7º. O Município de Balneário Barra do Sul / SC será responsável pela manutenção preventiva e corretiva das estruturas construídas e equipamentos instalados com base na autorização ora concedida;</p><p>Art. 8º. A responsabilidade pela demolição da obra será do Município de Balneário Barra do Sul / SC quando representar risco à segurança das pessoas e do meio ambiente ou se não cumprir mais a sua finalidade social, nos termos desta Portaria autorizativa;</p><p>Art. 9°. A SPU/SC realizará, a qualquer tempo, fiscalização no local objeto da autorização, objetivando verificar o efetivo cumprimento das obrigações e condições impostas nesta Portaria, bem como de outros compromissos e encargos que estejam condicionados nos autos do processo em epígrafe;</p><p>Art.10°. É fixado o prazo de 60 meses, a contar da publicação deste ato, para que o município de Balneário Barra do Sul / SC execute e conclua as obras referidas nos arts. 1º e 2º, podendo, a juízo e a critério da conveniência da Secretaria de Coordenação e Governança do Patrimônio da União, ser prorrogado por igual e único período;</p><p>Art. 11°. Durante o período de execução de obras a que se refere o art. 1º, fica o Município de Balneário Barra do Sul / SC obrigado a fixar na área em que será realizada a obra e em local visível ao público, 1 (uma) placa confeccionada segundo o Manual de Placas da Secretaria do Patrimônio da União (SPU), de acordo com a Portaria SPU nº 122, de 13 de junho de 2000, com os seguintes dizeres: "ÁREA JURISDICIONADA AO PATRIMÔNIO DA UNIÃO, COM OBRAS E SERVIÇOS AUTORIZADOS PELA SECRETARIA DE COORDENAÇÃO E GOVERNANÇA DO PATRIMÔNIO DA UNIÃO, NA FORMA DA PORTARIA SPU-SC/ME Nº 7.694, DE 25 DE AGOSTO DE 2022;</p><p>Art. 12°. Esta Portaria entra em vigor na data de sua publicação.</p><p class="assina">JULIANO LUIZ PINZETTA</p>]]></Texto>
  </body>
  <Midias />
</article></xml>