﻿<xml><article id="27749382" name="Ata_28_1C_16_08_2022 -WAR-IMPREN" idOficio="9057405" pubName="DO1" artType="Ata" pubDate="30/08/2022" artClass="00044:00002:00000:00000:00000:00000:00000:00000:00000:00000:00005:00000" artCategory="Tribunal de Contas da União/1ª Câmara" artSize="12" artNotes="" numberPage="293" pdfPage="http://pesquisa.in.gov.br/imprensa/jsp/visualiza/index.jsp?data=30/08/2022&amp;jornal=515&amp;pagina=293" editionNumber="165" highlightType="" highlightPriority="" highlight="" highlightimage="" highlightimagename="" idMateria="19840103">
  <body>
    <Identifica><![CDATA[ ATA Nº 28, DE 16 DE AGOSTO DE 2022]]></Identifica>
    <Data><![CDATA[]]></Data>
    <Ementa />
    <Titulo />
    <SubTitulo />
    <Texto><![CDATA[<p class="identifica">ATA Nº 28, DE 16 DE AGOSTO DE 2022</p><p>(Sessão Ordinária)</p><p>Presidente: Ministro Walton Alencar Rodrigues</p><p>Representante do Ministério Público: Subprocurador-Geral Paulo Soares Bugarin</p><p>Subsecretária da Primeira Câmara, em substituição: AUFC Elenir Teodoro Goncalves dos Santos</p><p>À hora regimental, o Presidente declarou aberta a sessão ordinária da Primeira Câmara, com a presença dos Ministros Benjamin Zymler, Vital do Rêgo e Jorge Oliveira; dos Ministros-Substitutos Augusto Sherman Cavalcanti e Weder de Oliveira; e do Representante do Ministério Público, Subprocurador-Geral Paulo Soares Bugarin.</p><p>HOMOLOGAÇÃO DE ATA</p><p>A Primeira Câmara homologou a ata nº 27, referente à sessão realizada em 9 de agosto de 2022.</p><p>PUBLICAÇÃO DA ATA NA INTERNET</p><p>Os anexos das atas, de acordo com a Resolução nº 184/2005, estão publicados na página do Tribunal de Contas da União na Internet.</p><p>PROCESSOS EXCLUÍDOS DE PAUTA</p><p>Foram excluídos de pauta, nos termos do artigo 142 do Regimento Interno, os seguintes processos:</p><p>- TC-023.116/2018-8 e TC-036.675/2021-0, cujo Relator é o Ministro Benjamin Zymler;</p><p>- TC-006.758/2022-3, de relatoria do Ministro Vital do Rêgo;</p><p>- TC-034.725/2016-4, cujo Relator é o Ministro Jorge Oliveira; e</p><p>- TC-015.942/2022-8, TC-036.708/2021-6, TC-036.952/2021-4, TC-040.951/2021-9, TC-041.000/2021-8, TC-041.054/2021-0, TC-041.134/2021-4 e TC-047.313/2020-0, de relatoria do Ministro-Substituto Weder de Oliveira.</p><p>PROCESSOS APRECIADOS POR RELAÇÃO</p><p>A Primeira Câmara aprovou, por relação, os acórdãos de nºs 4616 a 4783.</p><p>PROCESSOS APRECIADOS DE FORMA UNITÁRIA</p><p>Por meio de apreciação unitária de processos, a Primeira Câmara proferiu os Acórdãos de nºs 4547 a 4615, incluídos no Anexo desta Ata, juntamente com os relatórios e os votos ou propostas de deliberação em que se fundamentaram.</p><p>SUSTENTAÇÃO ORAL</p><p>Na apreciação do processo TC-007.985/2016-9, cujo relator é o Ministro Walton Alencar Rodrigues, o Dr. Diogo Diniz Ribeiro Cabral não compareceu para produzir a sustentação oral que havia requerido em nome de Manoel Conceição Santos e de Joaquim Alves de Sousa. Acórdão n° 4601.</p><p>REABERTURA DE DISCUSSÃO</p><p>Nos termos do art. 112 do Regimento Interno, foi reaberta a discussão do processo n° 029.453/2017-8 (Ata nº 20/2022) e a Primeira Câmara aprovou, por unanimidade, o Acórdão nº 4547/2022 - 1C, sendo vencedora a proposta apresentada pelo Relator, Ministro Walton Alencar Rodrigues.</p><p>ACÓRDÃOS APROVADOS</p><p>ACÓRDÃO Nº 4547/2022 - TCU - 1ª Câmara</p><p>1. Processo nº TC 029.453/2017-8.</p><p>2. Grupo I - Classe de Assunto: I - Recurso de Reconsideração (Tomada de Contas Especial)</p><p>3. Interessados/Responsáveis/Recorrentes:</p><p>3.1. Interessado: Ministério do Desenvolvimento Social (extinta) (05.526.783/0001-65).</p><p>3.2. Responsável: Ewerton Rios DAraújo Filho (147.547.625-68).</p><p>3.3. Recorrente: Ewerton Rios DAraújo Filho (147.547.625-68).</p><p>4. Órgão/Entidade: Município de Conceição do Coité - BA.</p><p>5. Relator: Ministro Walton Alencar Rodrigues</p><p>5.1. Revisor: Ministro Benjamin Zymler.</p><p>5.2. Relator da deliberação recorrida: Ministro-Substituto Weder de Oliveira.</p><p>6. Representante do Ministério Público: Subprocurador-Geral Paulo Soares Bugarin.</p><p>7. Unidades Técnicas: Secretaria de Recursos (Serur); Secretaria de Controle Externo de Tomada de Contas Especial (SecexTCE).</p><p>8. Representação legal: Salomão Costa Barreto (35025/OAB-BA), Marco Freitas de Carvalho (49782/OAB-BA) e outros.</p><p>9. Acórdão:</p><p>VISTOS, relatados e discutidos estes autos de recurso de reconsideração interposto por Éwerton Rios DAraújo Filho contra o Acórdão 5826/2020-TCU-1.ª Câmara.</p><p>ACORDAM os Ministros do Tribunal de Contas da União, reunidos em sessão da 1ª Câmara, ante as razões expostas pelo relator e com fundamento nos artigos 32, inciso I, e 33, da Lei 8.443/1992, em:</p><p>9.1. conhecer do recurso de reconsideração para, no mérito, negar-lhe provimento;</p><p>9.2. dar ciência desta deliberação ao recorrente e demais interessados.</p><p>10. Ata n° 28/2022 - 1ª Câmara.</p><p>11. Data da Sessão: 16/8/2022 - Ordinária.</p><p>12. Código eletrônico para localização na página do TCU na Internet: AC-4547-28/22-1.</p><p>13. Especificação do quórum:</p><p>13.1. Ministros presentes: Benjamin Zymler (na Presidência), Walton Alencar Rodrigues (Relator), Vital do Rêgo e Jorge Oliveira.</p><p>13.2. Ministros-Substitutos presentes: Augusto Sherman Cavalcanti e Weder de Oliveira.</p><p>ACÓRDÃO Nº 4548/2022 - TCU - 1ª Câmara</p><p>1. Processo nº TC 004.317/2022-0.</p><p>2. Grupo II - Classe de Assunto: V - Aposentadoria</p><p>3. Interessada: Darci de Souza (255.392.485-20).</p><p>4. Entidade: Universidade Federal da Bahia.</p><p>5. Relator: Ministro Benjamin Zymler.</p><p>6. Representante do Ministério Público: Procuradora-Geral Cristina Machado da Costa e Silva.</p><p>7. Unidade Técnica: Secretaria de Fiscalização de Integridade de Atos e Pagamentos de Pessoal e de Benefícios Sociais (Sefip).</p><p>8. Representação legal: não há.</p><p>9. Acórdão:</p><p>VISTOS, relatados e discutidos estes autos de aposentadoria concedida pela Universidade Federal da Bahia,</p><p>ACORDAM os Ministros do Tribunal de Contas da União, reunidos em sessão da Primeira Câmara, diante das razões expostas pelo Relator, com fundamento no art. 71, inciso III, da Constituição Federal e nos arts. 1º, inciso V, 39, inciso II, e 45 da Lei 8.443/1992, em:</p><p>9.1. considerar legal, para fins de registro, o ato de aposentadoria de interesse da sra. Darci de Souza, ressaltando, a propósito, que as parcelas indevidamente incluídas nos proventos, a título de "horas extras judiciais", não mais integram o benefício.</p><p>10. Ata n° 28/2022 - 1ª Câmara.</p><p>11. Data da Sessão: 16/8/2022 - Ordinária.</p><p>12. Código eletrônico para localização na página do TCU na Internet: AC-4548-28/22-1.</p><p>13. Especificação do quórum:</p><p>13.1. Ministros presentes: Walton Alencar Rodrigues (Presidente), Benjamin Zymler (Relator), Vital do Rêgo e Jorge Oliveira.</p><p>13.2. Ministros-Substitutos presentes: Augusto Sherman Cavalcanti e Weder de Oliveira.</p><p>ACÓRDÃO Nº 4549/2022 - TCU - 1ª Câmara</p><p>1. Processo nº TC 006.644/2022-8.</p><p>2. Grupo I - Classe de Assunto: V - Aposentadoria</p><p>3. Interessada: Marcia Apparecida Chaves Pires (007.908.898-89).</p><p>4. Órgão: Tribunal Regional do Trabalho da 2ª Região.</p><p>5. Relator: Ministro Benjamin Zymler.</p><p>6. Representante do Ministério Público: Procuradora-Geral Cristina Machado da Costa e Silva.</p><p>7. Unidade Técnica: Secretaria de Fiscalização de Integridade de Atos e Pagamentos de Pessoal e de Benefícios Sociais (Sefip).</p><p>8. Representação legal: não há.</p><p>9. Acórdão:</p><p>VISTOS, relatados e discutidos estes autos de aposentadoria concedida pelo Tribunal Regional do Trabalho da 2ª Região,</p><p>ACORDAM os Ministros do Tribunal de Contas da União, reunidos em sessão da Primeira Câmara, diante das razões expostas pelo Relator, com fundamento no art. 71, inciso III, da Constituição Federal e nos arts. 1º, inciso V, 39, inciso II, e 45 da Lei 8.443/1992, em:</p><p>9.1. considerar ilegal o ato de aposentadoria de interesse da sra. Marcia Apparecida Chaves Pires, recusando seu registro;</p><p>9.2. determinar ao Tribunal Regional do Trabalho da 2ª Região que dê ciência desta deliberação à interessada;</p><p>9.3. esclarecer à unidade de origem que, a despeito da negativa de registro da aposentadoria da interessada, motivada pela incorporação - assentada em decisão judicial transitada em julgado - de "quintos" ou "décimos" de função comissionada após a edição da Lei 9.624/1998, os efeitos do título de inatividade subsistem, em conformidade com a modulação estabelecida pelo Supremo Tribunal Federal no Recurso Extraordinário 638.115, sendo desnecessária, assim, a emissão de novo ato.</p><p>10. Ata n° 28/2022 - 1ª Câmara.</p><p>11. Data da Sessão: 16/8/2022 - Ordinária.</p><p>12. Código eletrônico para localização na página do TCU na Internet: AC-4549-28/22-1.</p><p>13. Especificação do quórum:</p><p>13.1. Ministros presentes: Walton Alencar Rodrigues (Presidente), Benjamin Zymler (Relator), Vital do Rêgo e Jorge Oliveira.</p><p>13.2. Ministros-Substitutos presentes: Augusto Sherman Cavalcanti e Weder de Oliveira.</p><p>ACÓRDÃO Nº 4550/2022 - TCU - 1ª Câmara</p><p>1. Processo nº TC 012.697/2018-4.</p><p>2. Grupo I - Classe de Assunto: II - Tomada de Contas Especial</p><p>3. Interessados/Responsáveis:</p><p>3.1. Interessado: Fundo Nacional de Desenvolvimento da Educação (00.378.257/0001-81).</p><p>3.2. Responsáveis: Fernando Sales de Sousa Filho (340.917.693-49); Prefeitura Municipal de Cocal/PI (06.553.895/0001-78); Rubens de Sousa Vieira (776.856.283-68).</p><p>4. Órgão/Entidade: Prefeitura Municipal de Cocal/PI.</p><p>5. Relator: Ministro Benjamin Zymler.</p><p>6. Representante do Ministério Público: Subprocurador-Geral Lucas Rocha Furtado.</p><p>7. Unidade Técnica: Secretaria de Controle Externo de Tomada de Contas Especial (SecexTCE).</p><p>8. Representação legal: Leonardo de Santis Konzen (19.219/OAB-PI), representando Fernando Sales de Sousa Filho; Thales Cruz Sousa (7.954/OAB-PI) e Horacio Lopes Mousinho Neiva (9.969/OAB-PI), representando Prefeitura Municipal de Cocal/PI; Hillana Martina Lopes Mousinho Neiva (6544/OAB-PI) e Raimundo de Araújo Silva Júnior (5061/OAB-PI), representando Rubens de Sousa Vieira.</p><p>9. Acórdão:</p><p>VISTOS, relatados e discutidos estes autos de tomada de contas especial instaurada pelo Fundo Nacional de Desenvolvimento da Educação (FNDE), em desfavor do Sr. Fernando Sales de Sousa Filho e do Sr. Rubens de Sousa Vieira, em razão de omissão do dever de prestar contas dos recursos repassados ao município de Cocal/PI, em face do Termo de Compromisso 3552/2012, firmado no âmbito do Programa de Ações Articuladas (PAR),</p><p>ACORDAM os ministros do Tribunal de Contas da União, reunidos em sessão da Primeira Câmara, ante as razões expostas pelo Relator, em:</p><p>9.1. rejeitar as alegações de defesa do Município de Cocal/PI;</p><p>9.2. fixar novo e improrrogável prazo, com base no art. 12, §1º, da Lei 8.443/1992, para que o Município de Monte Alegre do Piauí/PI efetue o recolhimento das dívidas, abaixo especificadas, aos cofres do FNDE, atualizadas monetariamente e acrescidas dos juros de mora, calculados a partir das datas indicadas, até a data do efetivo recolhimento, na forma prevista na legislação em vigor:</p><p /><p></p><table><tr /><tr><td rowspan="1" colspan="1"><p>Valor original (R$)</p></td><td rowspan="1" colspan="1"><p>Data da ocorrência</p></td></tr><tr><td rowspan="1" colspan="1"><p>1.010.000,00</p></td><td rowspan="1" colspan="1"><p>4/7/2012</p></td></tr></table><p>9.3. após a expedição do ofício de cientificação do ente municipal mencionado no item supra e tendo transcorrido o prazo regimental, determinar o retorno dos autos a esta unidade técnica, com vistas à formulação da proposta de julgamento de mérito final desta tomada de contas especial, com a análise das alegações de defesa do Sr. Rubens de Sousa Vieira (peças 47, 48, 49, 50, 51, 52, 53 e 54) e do responsável Sr. Fernando Sales de Sousa Filho (peça 55).</p><p>10. Ata n° 28/2022 - 1ª Câmara.</p><p>11. Data da Sessão: 16/8/2022 - Ordinária.</p><p>12. Código eletrônico para localização na página do TCU na Internet: AC-4550-28/22-1.</p><p>13. Especificação do quórum:</p><p>13.1. Ministros presentes: Walton Alencar Rodrigues (Presidente), Benjamin Zymler (Relator), Vital do Rêgo e Jorge Oliveira.</p><p>13.2. Ministros-Substitutos presentes: Augusto Sherman Cavalcanti e Weder de Oliveira.</p><p>ACÓRDÃO Nº 4551/2022 - TCU - 1ª Câmara</p><p>1. Processo nº TC 010.406/2022-0.</p><p>2. Grupo I - Classe de Assunto: V - Aposentadoria</p><p>3. Interessada: Dayse Lucidi Jardim Ramos (274.282.226-72).</p><p>4. Entidade: Universidade Federal de Minas Gerais.</p><p>5. Relator: Ministro Benjamin Zymler.</p><p>6. Representante do Ministério Público: Procurador Júlio Marcelo de Oliveira.</p><p>7. Unidade Técnica: Secretaria de Fiscalização de Integridade de Atos e Pagamentos de Pessoal e de Benefícios Sociais (Sefip).</p><p>8. Representação legal: não há.</p><p>9. Acórdão:</p><p>VISTOS, relatados e discutidos estes autos de aposentadoria concedida pela Universidade Federal de Minas Gerais,</p><p>ACORDAM os Ministros do Tribunal de Contas da União, reunidos em sessão da Primeira Câmara, diante das razões expostas pelo Relator, com fundamento nos arts. 71, inciso III, da Constituição Federal, 1º, inciso V, 39, inciso II, e 45 da Lei 8.443/1992, em:</p><p>9.1. considerar ilegal o ato de aposentadoria de interesse da sra. Dayse Lucidi Jardim Ramos, recusando seu registro;</p><p>9.2. dispensar o ressarcimento das quantias indevidamente recebidas, em boa-fé, pela interessada, consoante o Enunciado 106 da Súmula de Jurisprudência deste Tribunal;</p><p>9.3. determinar à Universidade Federal de Minas Gerais que:</p><p>9.3.1. faça cessar, no prazo de 15 (quinze) dias, contado a partir da ciência desta deliberação, os pagamentos decorrentes do ato impugnado, sob pena de responsabilidade solidária da autoridade administrativa omissa, consoante disposto nos arts. 71, inciso IX, da Constituição Federal e 262 do Regimento Interno desta Corte;</p><p>9.3.2. dê ciência desta deliberação à sra. Dayse Lucidi Jardim Ramos, alertando-a de que o efeito suspensivo proveniente da interposição de eventuais recursos, caso não providos, não a exime da devolução dos valores indevidamente percebidos após a notificação;</p><p>9.3.3. envie a esta Corte de Contas, no prazo de 30 (trinta) dias, por cópia, comprovante de que a interessada teve ciência desta deliberação;</p><p>9.4. esclarecer à unidade de origem, com supedâneo no art. 262, § 2º, do Regimento Interno do TCU, que a concessão considerada ilegal poderá prosperar mediante a emissão e o encaminhamento a este Tribunal de novo ato concessório, escoimado da irregularidade apontada nestes autos.</p><p>10. Ata n° 28/2022 - 1ª Câmara.</p><p>11. Data da Sessão: 16/8/2022 - Ordinária.</p><p>12. Código eletrônico para localização na página do TCU na Internet: AC-4551-28/22-1.</p><p>13. Especificação do quórum:</p><p>13.1. Ministros presentes: Walton Alencar Rodrigues (Presidente), Benjamin Zymler (Relator), Vital do Rêgo e Jorge Oliveira.</p><p>13.2. Ministros-Substitutos presentes: Augusto Sherman Cavalcanti e Weder de Oliveira.</p><p>ACÓRDÃO Nº 4552/2022 - TCU - 1ª Câmara</p><p>1. Processo nº TC 013.242/2019-9.</p><p>2. Grupo I - Classe de Assunto: I - Pedido de reexame em pensão militar</p><p>3. Interessados/Responsáveis/Recorrentes:</p><p>3.1. Interessados: Sueli Maria Oliveira dos Santos.</p><p>3.2. Recorrente: Sueli Maria Oliveira dos Santos (341.754.822-53).</p><p>4. Órgão/Entidade: Comando do Exército.</p><p>5. Relator: Ministro Benjamin Zymler</p><p>5.1. Relator da deliberação recorrida: Ministro-Substituto Weder de Oliveira.</p><p>6. Representante do Ministério Público: Procurador Rodrigo Medeiros de Lima.</p><p>7. Unidades Técnicas: Secretaria de Recursos (Serur); Secretaria de Fiscalização de Integridade de Atos e Pagamentos de Pessoal e de Benefícios Sociais (Sefip).</p><p>8. Representação legal: José Calandrini Sidônio Júnior (1.705/OAB-AP), representando Sueli Maria Oliveira dos Santos.</p><p>9. Acórdão:</p><p>VISTOS, relatados e discutidos estes autos de pedido de reexame interposto contra o Acórdão 13.724/2019-1ª Câmara (rel. Ministro-Substituto Weder de Oliveira),</p><p>ACORDAM os Ministros do Tribunal de Contas da União, reunidos em sessão da Primeira Câmara, diante das razões expostas pelo relator e com fundamento na Lei 8.443/1992, arts. 33 e 48, em:</p><p>9.1. conhecer do presente pedido de reexame para, no mérito, considerá-lo procedente;</p><p>9.2. tornar insubsistentes os subitens 9.2 a 9.4 do acórdão recorrido;</p><p>9.3. considerar legal a pensão instituída pelo sr. Bernardo Viana dos Santos e determinar o registro do respectivo ato;</p><p>9.4. dar ciência desta deliberação à recorrente e ao Comando do Exército;</p><p>9.5. arquivar o presente processo.</p><p>10. Ata n° 28/2022 - 1ª Câmara.</p><p>11. Data da Sessão: 16/8/2022 - Ordinária.</p><p>12. Código eletrônico para localização na página do TCU na Internet: AC-4552-28/22-1.</p><p>13. Especificação do quórum:</p><p>13.1. Ministros presentes: Walton Alencar Rodrigues (Presidente), Benjamin Zymler (Relator), Vital do Rêgo e Jorge Oliveira.</p><p>13.2. Ministros-Substitutos presentes: Augusto Sherman Cavalcanti e Weder de Oliveira.</p><p>ACÓRDÃO Nº 4553/2022 - TCU - 1ª Câmara</p><p>1. Processo nº TC 013.291/2019-0.</p><p>2. Grupo II - Classe de Assunto: V Pensão militar.</p><p>3. Interessados/Responsáveis:</p><p>3.1. Interessados: Ana Lúcia Martins de Oliveira (939.765.854-91); Ivone Cavalcanti de Andrade Silva (172.612.284-00) Maria do Socorro Peixoto Bomfim (074.771.974-81); Neide Maria Bomfim Franca (171.466.405-82); Rosineide Lessa Dias dos Santos (929.820.185-00); Rosinete Lessa Dias Cursino (677.952.184-15); Vera Maria Sobreira Almeida (084.487.014-53).</p><p>4. Órgão/Entidade: Comando do Exército.</p><p>5. Relator: Ministro Benjamin Zymler.</p><p>6. Representante do Ministério Público: Procurador Marinus Eduardo De Vries Marsico.</p><p>7. Unidade Técnica: Secretaria de Fiscalização de Integridade de Atos e Pagamentos de Pessoal e de Benefícios Sociais (Sefip).</p><p>8. Representação legal: não há.</p><p>9. Acórdão:</p><p>VISTOS, relatados e discutidos estes autos de pensão militar,</p><p>ACORDAM os Ministros do Tribunal de Contas da União, reunidos em sessão da Primeira Câmara, diante das razões expostas pelo relator e com fundamento na Constituição Federal, art. 71, III e IX, e na Lei 8.443/1992, arts. 1º, V, e 39, II, em:</p><p>9.1. considerar legais as pensões instituídas em favor da sra. Ivone Cavalcanti de Andrade Silva (instituidor sr. Bernardo Barbosa da Silva) e das sras. Ana Lúcia Martins de Oliveira, Rosineide Lessa Dias dos Santos e Rosinete Lessa Dias Cursino (instituidor sr. Agerson Alves Silva) e determinar o registro dos respectivos atos;</p><p>9.2. reconhecer o registro tácito das pensões instituídas em favor das sras. Maria do Socorro Peixoto Bomfim e Neide Maria Bomfim França (instituidor Antônio Bomfim dos Santos) e Vera Maria Sobreira Almeida (instituidor José Henrique Costa Almeida);</p><p>9.3. determinar à Secretaria de Fiscalização de Integridade de Atos e Pagamentos de Pessoal e de Benefícios Sociais que adote as providências para dar início aos procedimentos de revisão de ofício das concessões a que se refere o subitem anterior, com espeque no § 2º do art. 260 do Regimento Interno desta Corte.</p><p>10. Ata n° 28/2022 - 1ª Câmara.</p><p>11. Data da Sessão: 16/8/2022 - Ordinária.</p><p>12. Código eletrônico para localização na página do TCU na Internet: AC-4553-28/22-1.</p><p>13. Especificação do quórum:</p><p>13.1. Ministros presentes: Walton Alencar Rodrigues (Presidente), Benjamin Zymler (Relator), Vital do Rêgo e Jorge Oliveira.</p><p>13.2. Ministros-Substitutos presentes: Augusto Sherman Cavalcanti e Weder de Oliveira.</p><p>ACÓRDÃO Nº 4554/2022 - TCU - 1ª Câmara</p><p>1. Processo nº TC 014.028/2022-0.</p><p>2. Grupo I - Classe de Assunto: IV - Admissão</p><p>3. Interessada: Poliana Lucena dos Santos (078.174.404-09).</p><p>4. Entidade: Caixa Econômica Federal.</p><p>5. Relator: Ministro Benjamin Zymler.</p><p>6. Representante do Ministério Público: Procurador Júlio Marcelo de Oliveira.</p><p>7. Unidade Técnica: Secretaria de Fiscalização de Integridade de Atos e Pagamentos de Pessoal e de Benefícios Sociais (Sefip).</p><p>8. Representação legal: não há.</p><p>9. Acórdão:</p><p>VISTOS, relatados e discutidos estes autos de admissão de pessoal efetuada pela Caixa Econômica Federal,</p><p>ACORDAM os Ministros do Tribunal de Contas da União, reunidos em sessão da Primeira Câmara, diante das razões expostas pelo Relator, com fundamento no art. 71, inciso III, da Constituição Federal e nos arts. 1º, inciso V, 39, inciso I, e 41 da Lei 8.443/1992, em:</p><p>9.1. considerar ilegal e negar registro ao ato de admissão da sra. Poliana Lucena dos Santos;</p><p>9.2. determinar à Caixa Econômica Federal que dê ciência desta deliberação à interessada;</p><p>9.3. esclarecer à entidade que, a despeito da negativa de registro do ato, a admissão poderá subsistir enquanto se mantiver hígida a sentença favorável à interessada proferida no processo 0000059-10.2016.5.10.0006, em trâmite na Justiça Trabalhista da 10ª Região.</p><p>10. Ata n° 28/2022 - 1ª Câmara.</p><p>11. Data da Sessão: 16/8/2022 - Ordinária.</p><p>12. Código eletrônico para localização na página do TCU na Internet: AC-4554-28/22-1.</p><p>13. Especificação do quórum:</p><p>13.1. Ministros presentes: Walton Alencar Rodrigues (Presidente), Benjamin Zymler (Relator), Vital do Rêgo e Jorge Oliveira.</p><p>13.2. Ministros-Substitutos presentes: Augusto Sherman Cavalcanti e Weder de Oliveira.</p><p>ACÓRDÃO Nº 4555/2022 - TCU - 1ª Câmara</p><p>1. Processo nº TC 015.304/2009-6.</p><p>2. Grupo II - Classe de Assunto: II - Prestação de contas.</p><p>3. Interessados/Responsáveis:</p><p>3.1. Interessados: Fundação Universidade de Brasília (00.038.174/0001-43); Ministério da Educação.</p><p>3.2. Responsáveis: Alexandre Bernardino Costa (334.303.571-87); Alexandre Lima (122.993.756-00); Antonio Wilson Botelho de Sousa (120.591.101-49); Carlos Alberto Rodrigues da Cunha (004.759.046-72); Denise Bomtempo Birche de Carvalho (119.672.421-00); Doris de Jesus Naves (442.850.271-00); Edgar Nobuo Mamiya (020.111.778-98); Erico Paulo Siegmar Weidle (018.007.520-91); Flávio Rabelo Versiani (046.481.296-87); Jacques Rocha Velloso (129.960.687-34); Jaime Martins de Santana (308.595.651-49); Joao Carlos Teatini de Souza Clímaco (056.063.901-59); Joaquim José Soares Neto (335.925.271-34); Jose Carlos Balthazar (140.167.450-04); José Augusto Abreu Sa Fortes (382.401.657-53); José Geraldo de Sousa Júnior (191.173.968-91); João Batista de Sousa (139.241.096-72); João Cláudio Todorov (239.929.138-72); Jônatas de Franca Barros (185.376.341-15); Leila Chalub Martins (059.415.041-87); Luis Afonso Bermudez (265.056.900-00); Marcia Abrahao Moura (334.590.531-00); Marco Antonio Amato (042.539.301-15); Mauro Luiz Rabelo (222.761.901-59); Murilo Silva de Camargo (120.450.041-04); Márcio Martins Pimentel (152.946.681-49); Norberto Abreu e Silva Neto (069.864.718-15); Pedro Murrieta Santos Neto (068.047.801-91); Pedro Sadi Monteiro (273.726.260-72); Rachel Nunes da Cunha (190.459.801-34); Reinhardt Adolfo Fuck (001.539.401-82); Marcelo Ladeira (059.357.921-68); Ricardo Staciarini Puttini (606.786.661-72); Roberto Armando Ramos de Aguiar (333.566.888-04); Silvano da Silva Pereira (076.615.411-49); Sylvio Quezado de Magalhaes (116.243.021-49); Timothy Martin Mulholland (150.829.971-49); Wellington Lourenco de Almeida (239.576.891-04).</p><p>4. Órgão/Entidade: Fundação Universidade de Brasília.</p><p>5. Relator: Ministro Benjamin Zymler.</p><p>6. Representante do Ministério Público: Subprocurador-Geral Lucas Rocha Furtado.</p><p>7. Unidade Técnica: Secretaria de Controle Externo da Educação, da Cultura e do Desporto (SecexEduc).</p><p>8. Representação legal: não há.</p><p>9. Acórdão:</p><p>VISTOS, relatados e discutidos estes autos de processo de prestação de contas ordinárias da Fundação Universidade de Brasília, relativas ao exercício de 2008,</p><p>ACORDAM os Ministros do Tribunal de Contas da União, reunidos em sessão da Primeira Câmara, ante as razões expostas pelo relator, em:</p><p>9.1. considerar revel o Sr. Timothy Martin Mulholland, nos termos do art. 202, § 8º, do Regimento Interno do TCU;</p><p>9.2. rejeitar as razões de justificativa apresentadas pelo Sr. Alexandre Lima, sem, contudo, aplicar-lhe multa, tendo em vista a consumação da prescrição punitiva, nos termos do Acórdão 1.441/2016-Plenário;</p><p>9.3. julgar regulares, com fundamento nos arts. 1º, inciso I, 16, inciso I, 17 e 23, inciso I, da Lei 8.443/1992 c/c os arts. 1º, inciso I, 207 e 214, inciso I, do Regimento Interno do Tribunal, as contas dos Srs. Alexandre Bernardino Costa, Antônio Wilson Botelho de Souza, Carlos Alberto Rodrigues da Cunha, Denise Bomtempo Birche de Carvalho, Doris de Jesus Naves, Edgar Nobuo Mamiya, Erico Paulo Siegmar Weidle, Flávio Rabelo Versiani, Jacques Rocha Velloso, Jaime Martins de Santana, João Carlos Teatini de Souza Climaco, Joaquim José Soares Neto, José Carlos Balthazar, José Augusto Abreu Sa Fortes, José Geraldo de Sousa Junior, João Batista de Souza, João Cláudio Todorov, Jonatas de Franca Barros, Leila Chalub Martins, Luis Afonso Bermudez, Marcia Abrahão Moura, Marco Antonio Amato, Mauro Luiz Rabelo, Murilo Silva de Camargo, Marcio Martins Pimentel, Norberto Abreu e Silva Neto, Pedro Murrieta Santos Neto, Pedro Sadi Monteiro, Rachel Nunes da Cunha, Reinhardt Adolfo Fuck, Ricardo Ladeira, Ricardo Staciarini Puttini, Roberto Armando Ramos de Aguiar, Silvano da Silva Pereira, Sílvio Quezado e Wellington Lourenço de Almeida, dando-lhes quitação plena;</p><p>9.4. julgar irregulares, com fundamento no art. 16, inciso III, alínea "b", c/c arts. 201, §2º, 205 e 209, inciso II, do Regimento Interno do TCU, as contas dos Srs. Timothy Martin Mulholland e Alexandre Lima;</p><p>9.5. dar ciência à Fundação Universidade de Brasília de que:</p><p>9.5.1. cabe as seus gestores, em dever de autotutela e de ofício, o poder-dever de adotar as medidas necessárias para a continuidade e a conclusão dos procedimentos administrativos que tratam da restituição de valores ao Erário e das Tomadas de Contas Especiais (itens 24-30 e 32-47 do relatório instrutivo), independentemente de determinações ou de monitoramento por parte do Tribunal, sujeitando-lhes à imputação de sanções pela não adoção das providências necessárias (art. 58 da Lei 8.443/1992), o que poderá ser reexaminado em futuras ações de controle;</p><p>9.5.2. os processos relativos aos servidores de matrículas SIAPE 404702 e 402630 foi irregularmente arquivado, visto que a cessão dos dois professores à Fepecs, com a manutenção da percepção da gratificação por dedicação exclusiva, contrariou não apenas o art. 14 do Decreto 94.664/1987, mas também as disposições contidas na Lei 11.526/2007, art. 2º, §§ 1º a 3º, em vigor desde 2001, por força da MP 2136-36, de 27/3/2001, que vedava a cessão de servidores da esfera federal para a distrital com a manutenção da percepção da vantagem relativa ao regime de dedicação exclusiva, cabendo, então, a restituição dos valores recebidos indevidamente; e considerando, ademais, que não se aplica a nenhum desses processos o instituto da prescrição, nos moldes do estabelecido mediante a Súmula-TCU nº 282;</p><p>9.6. determinar à SecexEducação que inclua no próximo ciclo do "Acompanhamento das TCE na fase interna das Universidades Federais" o exame da situação das tomadas de contas especiais tratadas nos presentes autos, tomando as providências a seu cargo, no âmbito de representação própria, no caso da constatação de negligência no respectivo andamento de tais processos;</p><p>9.7. encaminhar cópia desta decisão à Fundação Universidade de Brasília (FUB) e aos responsáveis.</p><p>9.8. arquivar os presentes autos.</p><p>10. Ata n° 28/2022 - 1ª Câmara.</p><p>11. Data da Sessão: 16/8/2022 - Ordinária.</p><p>12. Código eletrônico para localização na página do TCU na Internet: AC-4555-28/22-1.</p><p>13. Especificação do quórum:</p><p>13.1. Ministros presentes: Walton Alencar Rodrigues (Presidente), Benjamin Zymler (Relator), Vital do Rêgo e Jorge Oliveira.</p><p>13.2. Ministros-Substitutos presentes: Augusto Sherman Cavalcanti e Weder de Oliveira.</p><p>ACÓRDÃO Nº 4556/2022 - TCU - 1ª Câmara</p><p>1. Processo nº TC 015.513/2020-3</p><p>2. Grupo I - Classe de Assunto: I - Recurso de Reconsideração (em Tomada de Contas Especial)</p><p>3. Recorrente: Eberth Teles Santos (310.729.333-49)</p><p>4. Órgão: Secretaria Especial da Cultura</p><p>5. Relator: Ministro Benjamin Zymler</p><p>5.1. Relator da deliberação recorrida: Ministro Jorge Oliveira</p><p>6. Representante do Ministério Público: Procuradora-Geral Cristina Machado da Costa e Silva</p><p>7. Unidade técnica: Secretaria de Recursos (Serur)</p><p>8. Representação legal: Ricardo Gomes de Souza Pitombeira (OAB/CE 31.566) e outros.</p><p>9. Acórdão:</p><p>VISTOS, relatados e discutidos estes autos de recurso de reconsideração interposto contra o Acórdão 15.181/2021-1ª Câmara,</p><p>ACORDAM os Ministros do Tribunal de Contas da União, reunidos em sessão da Primeira Câmara, diante das razões expostas pelo relator, em:</p><p>9.1. com fulcro nos arts. 32, inciso I, e 33 da Lei 8.443/1992, conhecer do recurso de reconsideração interposto pelo sr. Eberth Teles Santos;</p><p>9.2. quanto ao mérito, negar-lhe provimento, mantendo inalterado o acórdão recorrido; e</p><p>9.3. dar ciência deste acórdão ao recorrente e à Secretaria Especial de Cultura.</p><p>10. Ata n° 28/2022 - 1ª Câmara.</p><p>11. Data da Sessão: 16/8/2022 - Ordinária.</p><p>12. Código eletrônico para localização na página do TCU na Internet: AC-4556-28/22-1.</p><p>13. Especificação do quórum:</p><p>13.1. Ministros presentes: Walton Alencar Rodrigues (Presidente), Benjamin Zymler (Relator), Vital do Rêgo e Jorge Oliveira.</p><p>13.2. Ministros-Substitutos presentes: Augusto Sherman Cavalcanti e Weder de Oliveira.</p><p>ACÓRDÃO Nº 4557/2022 - TCU - 1ª Câmara</p><p>1. Processo nº TC 023.695/2021-8.</p><p>2. Grupo I - Classe de Assunto: I - Pedido de reexame em aposentadoria</p><p>3. Interessados/Responsáveis/Recorrentes:</p><p>3.1. Interessados: Sherley Eydye Jorge (196.985.258-58).</p><p>3.2. Recorrente: Sherley Eydye Jorge (196.985.258-58).</p><p>4. Órgão/Entidade: Tribunal Regional do Trabalho da 15ª Região - Campinas/SP.</p><p>5. Relator: Ministro Benjamin Zymler</p><p>5.1. Relator da deliberação recorrida: Ministro Vital do Rêgo.</p><p>6. Representante do Ministério Público: Procurador Sergio Ricardo Costa Caribé.</p><p>7. Unidades Técnicas: Secretaria de Recursos (Serur); Secretaria de Fiscalização de Integridade de Atos e Pagamentos de Pessoal e de Benefícios Sociais (Sefip).</p><p>8. Representação legal: não há.</p><p>9. Acórdão:</p><p>VISTOS, relatados e discutidos estes autos de pedido de reexame interposto contra o Acórdão 11.117/2021-1ª Câmara (rel. Ministro Vital do Rêgo),</p><p>ACORDAM os Ministros do Tribunal de Contas da União, reunidos em sessão da Primeira Câmara, diante das razões expostas pelo relator e com fundamento na Lei 8.443/1992, arts. 33 e 48, em:</p><p>9.1. conhecer do presente pedido de reexame para, no mérito, considerá-lo improcedente;</p><p>9.2. dar ciência desta deliberação à recorrente e ao órgão de origem;</p><p>9.3. arquivar o presente processo.</p><p>10. Ata n° 28/2022 - 1ª Câmara.</p><p>11. Data da Sessão: 16/8/2022 - Ordinária.</p><p>12. Código eletrônico para localização na página do TCU na Internet: AC-4557-28/22-1.</p><p>13. Especificação do quórum:</p><p>13.1. Ministros presentes: Walton Alencar Rodrigues (Presidente), Benjamin Zymler (Relator), Vital do Rêgo e Jorge Oliveira.</p><p>13.2. Ministros-Substitutos presentes: Augusto Sherman Cavalcanti e Weder de Oliveira.</p><p>ACÓRDÃO Nº 4558/2022 - TCU - 1ª Câmara</p><p>1. Processo nº TC 023.696/2021-4.</p><p>2. Grupo I - Classe de Assunto: I - Pedido de reexame em aposentadoria</p><p>3. Interessados/Responsáveis/Recorrentes:</p><p>3.1. Interessados: Sérgio Cezar Magni (020.138.688-71).</p><p>3.2. Recorrente: Sergio Cezar Magni (020.138.688-71).</p><p>4. Órgão/Entidade: Tribunal Regional do Trabalho da 15ª Região - Campinas/SP.</p><p>5. Relator: Ministro Benjamin Zymler</p><p>5.1. Relator da deliberação recorrida: Ministro-Substituto Augusto Sherman Cavalcanti.</p><p>6. Representante do Ministério Público: Procuradora-Geral Cristina Machado da Costa e Silva.</p><p>7. Unidades Técnicas: Secretaria de Recursos (Serur); Secretaria de Fiscalização de Integridade de Atos e Pagamentos de Pessoal e de Benefícios Sociais (Sefip).</p><p>8. Representação legal: não há.</p><p>9. Acórdão:</p><p>VISTOS, relatados e discutidos estes autos de pedido de reexame interposto contra o Acórdão 11.029/2021-1ª Câmara (rel. Ministro-Substituto Augusto Sherman Cavalcanti),</p><p>ACORDAM os Ministros do Tribunal de Contas da União, reunidos em sessão da Primeira Câmara, diante das razões expostas pelo relator e com fundamento na Lei 8.443/1992, arts. 33 e 48, em:</p><p>9.1. conhecer do presente pedido de reexame para, no mérito, considerá-lo improcedente;</p><p>9.2. dar ciência desta deliberação ao recorrente e ao órgão de origem;</p><p>9.3. arquivar o presente processo.</p><p>10. Ata n° 28/2022 - 1ª Câmara.</p><p>11. Data da Sessão: 16/8/2022 - Ordinária.</p><p>12. Código eletrônico para localização na página do TCU na Internet: AC-4558-28/22-1.</p><p>13. Especificação do quórum:</p><p>13.1. Ministros presentes: Walton Alencar Rodrigues (Presidente), Benjamin Zymler (Relator), Vital do Rêgo e Jorge Oliveira.</p><p>13.2. Ministros-Substitutos presentes: Augusto Sherman Cavalcanti e Weder de Oliveira.</p><p>ACÓRDÃO Nº 4559/2022 - TCU - 1ª Câmara</p><p>1. Processo nº TC 024.243/2021-3.</p><p>2. Grupo I - Classe de Assunto: I - Pedido de reexame em aposentadoria</p><p>3. Interessados/Responsáveis/Recorrentes:</p><p>3.1. Interessados: Vânia Aparecida Passarelli de Menezes (091.794.498-40).</p><p>3.2. Recorrente: Vania Aparecida Passarelli de Menezes (091.794.498-40).</p><p>4. Órgão/Entidade: Tribunal Regional do Trabalho da 15ª Região - Campinas/SP.</p><p>5. Relator: Ministro Benjamin Zymler</p><p>5.1. Relator da deliberação recorrida: Ministro Jorge Oliveira.</p><p>6. Representante do Ministério Público: Procuradora-Geral Cristina Machado da Costa e Silva.</p><p>7. Unidades Técnicas: Secretaria de Recursos (Serur); Secretaria de Fiscalização de Integridade de Atos e Pagamentos de Pessoal e de Benefícios Sociais (Sefip).</p><p>8. Representação legal: não há.</p><p>9. Acórdão:</p><p>VISTOS, relatados e discutidos estes autos de pedido de reexame interposto contra o Acórdão 10.851/2021-1ª Câmara (rel. Ministro Jorge de Oliveira),</p><p>ACORDAM os Ministros do Tribunal de Contas da União, reunidos em sessão da Primeira Câmara, diante das razões expostas pelo relator e com fundamento na Lei 8.443/1992, arts. 33 e 48, em:</p><p>9.1. conhecer do presente pedido de reexame para, no mérito, considerá-lo improcedente;</p><p>9.2. dar ciência desta deliberação à recorrente e ao órgão de origem;</p><p>9.3. arquivar o presente processo.</p><p>10. Ata n° 28/2022 - 1ª Câmara.</p><p>11. Data da Sessão: 16/8/2022 - Ordinária.</p><p>12. Código eletrônico para localização na página do TCU na Internet: AC-4559-28/22-1.</p><p>13. Especificação do quórum:</p><p>13.1. Ministros presentes: Walton Alencar Rodrigues (Presidente), Benjamin Zymler (Relator), Vital do Rêgo e Jorge Oliveira.</p><p>13.2. Ministros-Substitutos presentes: Augusto Sherman Cavalcanti e Weder de Oliveira.</p><p>ACÓRDÃO Nº 4560/2022 - TCU - 1ª Câmara</p><p>1. Processo nº TC 028.666/2017-8.</p><p>2. Grupo I - Classe de Assunto: I - Recurso de reconsideração (tomada de contas especial)</p><p>3. Interessados/Responsáveis/Recorrentes:</p><p>3.1. Responsáveis: Rede Urbana de Ações Socioculturais (05.834.872/0001-79); Roberto Rodrigues Neiva (717.475.241-15).</p><p>3.2. Recorrentes: Rede Urbana de Ações Socioculturais (05.834.872/0001-79); Roberto Rodrigues Neiva (717.475.241-15).</p><p>4. Órgão/Entidade: Ministério do Turismo.</p><p>5. Relator: Ministro Benjamin Zymler</p><p>5.1. Relator da deliberação recorrida: Ministro Bruno Dantas.</p><p>6. Representante do Ministério Público: Procurador Rodrigo Medeiros de Lima.</p><p>7. Unidades Técnicas: Secretaria de Recursos (Serur); Secretaria de Controle Externo de Tomada de Contas Especial (SecexTCE).</p><p>8. Representação legal:</p><p>8.1. Paulo Henrique Franco Palhares (19.336/OAB-DF), Fernando Luiz Carvalho Dantas (22.588/OAB-DF) e outros, representando Rede Urbana de Ações Socioculturais;</p><p>8.2. Paulo Henrique Franco Palhares (19.336/OAB-DF), Fernando Luiz Carvalho Dantas (22.588/OAB-DF) e outros, representando Roberto Rodrigues Neiva.</p><p>9. Acórdão:</p><p>VISTOS, relatados e discutidos estes autos de recursos de reconsideração interpostos contra o Acórdão 2.355/2020-1ª Câmara, proferido em tomada de contas especial,</p><p>ACORDAM os Ministros do Tribunal de Contas da União, reunidos em sessão da Primeira Câmara, ante as razões expostas pelo relator, em:</p><p>9.1. conhecer dos presentes recursos de reconsideração, nos termos dos artigos 32, inciso I, e 33 da Lei 8.443/1992, para, no mérito, negar-lhes provimento; e</p><p>9.2. dar ciência desta deliberação aos recorrentes e à Procuradoria da República no Distrito Federal.</p><p>10. Ata n° 28/2022 - 1ª Câmara.</p><p>11. Data da Sessão: 16/8/2022 - Ordinária.</p><p>12. Código eletrônico para localização na página do TCU na Internet: AC-4560-28/22-1.</p><p>13. Especificação do quórum:</p><p>13.1. Ministros presentes: Walton Alencar Rodrigues (Presidente), Benjamin Zymler (Relator), Vital do Rêgo e Jorge Oliveira.</p><p>13.2. Ministros-Substitutos presentes: Augusto Sherman Cavalcanti e Weder de Oliveira.</p>]]></Texto>
  </body>
  <Midias />
</article></xml>