﻿<xml><article id="27739587" name="ATO NA 12141 DE 25 DE AGOSTO DE " idOficio="9058299" pubName="DO1" artType="Ato" pubDate="30/08/2022" artClass="00012:00014:00014:00154:00000:00000:00000:00000:00000:00000:00006:00004" artCategory="Ministério das Comunicações/Agência Nacional de Telecomunicações/Superintendência de Fiscalização/Gerência Regional nos Estados do Paraná e Santa Catarina" artSize="12" artNotes="" numberPage="24" pdfPage="http://pesquisa.in.gov.br/imprensa/jsp/visualiza/index.jsp?data=30/08/2022&amp;jornal=515&amp;pagina=24" editionNumber="165" highlightType="" highlightPriority="" highlight="" highlightimage="" highlightimagename="" idMateria="19841272">
  <body>
    <Identifica><![CDATA[             ATO Nº 12.141, DE 25 DE AGOSTO DE 2022]]></Identifica>
    <Data><![CDATA[]]></Data>
    <Ementa />
    <Titulo />
    <SubTitulo />
    <Texto><![CDATA[<p class="identifica">ATO Nº 12.141, DE 25 DE AGOSTO DE 2022</p><p>Processo nº 53504.008632/2022-21. Expede autorização à Associação de Radioamadores Rancho da Amizade - Arra, CNPJ nº 46.969.792/0001-08, para explorar o Serviço de Interesse Restrito, por prazo indeterminado, sem caráter de exclusividade, em âmbito nacional e internacional e tendo como área de prestação de serviço todo o território nacional.</p><p class="assina">Marcio Antonio Protzek</p><p class="cargo">GerenteSubstituto(a)</p>]]></Texto>
  </body>
  <Midias />
</article></xml>