﻿<xml><article id="27751217" name="2022-08-29/9060525/ANMWS_1984478" idOficio="9060525" pubName="DO1" artType="Despacho" pubDate="30/08/2022" artClass="00023:00030:00023:00000:00000:00000:00000:00000:00000:00000:00024:00005" artCategory="Ministério de Minas e Energia/Agência Nacional de Mineração/Gerência Regional da ANM no Estado de Pernambuco" artSize="12" artNotes="" numberPage="226" pdfPage="http://pesquisa.in.gov.br/imprensa/jsp/visualiza/index.jsp?data=30/08/2022&amp;jornal=515&amp;pagina=226" editionNumber="165" highlightType="" highlightPriority="" highlight="" highlightimage="" highlightimagename="" idMateria="19844781">
  <body>
    <Identifica><![CDATA[Despacho]]></Identifica>
    <Data><![CDATA[]]></Data>
    <Ementa />
    <Titulo />
    <SubTitulo />
    <Texto><![CDATA[<p class="identifica">Despacho</p><p>Relação nº 91/2022</p><p>Fase de Autorização de Pesquisa</p><p>Nega a anuência prévia aos atos de cessão total de direitos(193)</p><p>840.164/2016-LIDIA RIBEIRO LELE</p><p>Concede anuência e autoriza averbação da cessão total de direitos(281)</p><p>840.291/2021-JEREMIAS PEREIRA DE SOUZA- Cessionário:SANTA RITA ROCHAS ORNAMENTAIS LTDA- CPF ou CNPJ 30.260.869/0001-36- Alvará n°1.180/2021</p><p class="assina">MARCOS ANTÔNIO DE HOLANDA TAVARES</p><p class="cargo">Gerente</p>]]></Texto>
  </body>
  <Midias />
</article></xml>