﻿<xml><article id="27739870" name="PORTARIA NA 865 - 29.08.2022" idOficio="9058368" pubName="DO1" artType="Portaria" pubDate="30/08/2022" artClass="00018:00035:00000:00000:00000:00000:00000:00000:00000:00000:00054:00005" artCategory="Ministério da Educação/Secretaria de Regulação e Supervisão da Educação Superior" artSize="24" artNotes="" numberPage="188" pdfPage="http://pesquisa.in.gov.br/imprensa/jsp/visualiza/index.jsp?data=30/08/2022&amp;jornal=515&amp;pagina=188" editionNumber="165" highlightType="" highlightPriority="" highlight="" highlightimage="" highlightimagename="" idMateria="19841356">
  <body>
    <Identifica><![CDATA[ PORTARIA Nº 865, DE 29 DE AGOSTO DE 2022]]></Identifica>
    <Data><![CDATA[]]></Data>
    <Ementa />
    <Titulo />
    <SubTitulo />
    <Texto><![CDATA[<p class="identifica">PORTARIA Nº 865, DE 29 DE AGOSTO DE 2022</p><p>O SECRETÁRIO DE REGULAÇÃO E SUPERVISÃO DA EDUCAÇÃO SUPERIOR, no uso da atribuição que lhe confere o Decreto n° 10.195, de 30 de dezembro de 2019, e tendo em vista os Decretos nº 9.235, de 15 de dezembro de 2017 e nº 9.057, de 25 de maio de 2017, as Portarias MEC nº 20 e 23, de 21 de dezembro de 2017 e nº 11, de 22 de junho de 2017, e conforme consta dos processos e-MEC listados na planilha anexa, resolve:</p><p>Art. 1º Fica(m) reconhecido(s) o(s) curso(s) superior(es) de graduação, na modalidade a distância, constante(s) da tabela do anexo desta Portaria, ministrado(s) pela(s) Instituição(ões) de Educação Superior citada(s), nos termos do disposto no art. 10, do Decreto nº 9.235/2017.</p><p>Art. 2º Os endereços utilizados para as atividades presenciais nos termos do Decreto nº 9.057, de 25 de maio de 2017, dos cursos neste ato reconhecidos, são, exclusivamente, aqueles constantes do Cadastro e-MEC.</p><p>Art. 3º Nos termos do art. 10 § 3º do Decreto nº 9.235, de 2017, e dos artigos 37 a 42 da Portaria MEC nº 23, de 2017, o presente ato autorizativo é válido até o final do ciclo avaliativo ao qual cada curso pertence.</p><p>Art. 4º Esta Portaria entra em vigor na data de sua publicação.</p><p class="assina">DIANA GUIMARÃES AZIN</p><p>ANEXO (Reconhecimento de Cursos EaD)</p><p /><p></p><table><tr /><tr><td rowspan="1" colspan="1"><p>Nº de Ordem</p></td><td rowspan="1" colspan="1"><p>Registro e-MEC nº</p></td><td rowspan="1" colspan="1"><p>Curso</p></td><td rowspan="1" colspan="1"><p>Nº de vagas totais anuais</p></td><td rowspan="1" colspan="1"><p>Mantida</p></td><td rowspan="1" colspan="1"><p>Mantenedora</p></td></tr><tr><td rowspan="1" colspan="1"><p>1</p></td><td rowspan="1" colspan="1"><p>202007589</p></td><td rowspan="1" colspan="1"><p>GEOGRAFIA (Licenciatura)</p></td><td rowspan="1" colspan="1"><p>1000 (uma mil)</p></td><td rowspan="1" colspan="1"><p>CENTRO UNIVERSITÁRIO CAMPOS DE ANDRADE</p></td><td rowspan="1" colspan="1"><p>ASSOCIACAO DE ENSINO CATEDRA</p></td></tr><tr><td rowspan="1" colspan="1"><p>2</p></td><td rowspan="1" colspan="1"><p>201929650</p></td><td rowspan="1" colspan="1"><p>CIÊNCIAS CONTÁBEIS (Bacharelado)</p></td><td rowspan="1" colspan="1"><p>1000 (uma mil)</p></td><td rowspan="1" colspan="1"><p>CENTRO UNIVERSITÁRIO CENECISTA DE OSÓRIO</p></td><td rowspan="1" colspan="1"><p>CAMPANHA NACIONAL DE ESCOLAS DA COMUNIDADE</p></td></tr><tr><td rowspan="1" colspan="1"><p>3</p></td><td rowspan="1" colspan="1"><p>201926070</p></td><td rowspan="1" colspan="1"><p>ADMINISTRAÇÃO (Bacharelado)</p></td><td rowspan="1" colspan="1"><p>1100 (uma mil e cem)</p></td><td rowspan="1" colspan="1"><p>Centro Universitário das Américas</p></td><td rowspan="1" colspan="1"><p>SOCIEDADE EDUCACIONAL DAS AMERICAS S.A.</p></td></tr><tr><td rowspan="1" colspan="1"><p>4</p></td><td rowspan="1" colspan="1"><p>202002848</p></td><td rowspan="1" colspan="1"><p>GESTÃO DA TECNOLOGIA DA INFORMAÇÃO (Tecnológico)</p></td><td rowspan="1" colspan="1"><p>50 (cinquenta)</p></td><td rowspan="1" colspan="1"><p>CENTRO UNIVERSITÁRIO DE JAGUARIÚNA</p></td><td rowspan="1" colspan="1"><p>INSTITUTO EDUCACIONAL JAGUARY LTDA</p></td></tr><tr><td rowspan="1" colspan="1"><p>5</p></td><td rowspan="1" colspan="1"><p>201925976</p></td><td rowspan="1" colspan="1"><p>COZINHA CONTEMPORÂNEA (Tecnológico)</p></td><td rowspan="1" colspan="1"><p>6640 (seis mil, seiscentas e quarenta)</p></td><td rowspan="1" colspan="1"><p>CENTRO UNIVERSITÁRIO ESTÁCIO DE RIBEIRÃO PRETO</p></td><td rowspan="1" colspan="1"><p>SOCIEDADE DE ENSINO SUPERIOR ESTACIO RIBEIRAO PRETO LTDA</p></td></tr><tr><td rowspan="1" colspan="1"><p>6</p></td><td rowspan="1" colspan="1"><p>201925923</p></td><td rowspan="1" colspan="1"><p>COZINHA CONTEMPORÂNEA (Tecnológico)</p></td><td rowspan="1" colspan="1"><p>750 (setecentas e cinquenta)</p></td><td rowspan="1" colspan="1"><p>CENTRO UNIVERSITÁRIO ESTÁCIO DE SANTA CATARINA - ESTÁCIO DE SANTA CATARINA</p></td><td rowspan="1" colspan="1"><p>SOCIEDADE DE ENSINO SUPERIOR ESTACIO DE SA LTDA</p></td></tr><tr><td rowspan="1" colspan="1"><p>7</p></td><td rowspan="1" colspan="1"><p>201926404</p></td><td rowspan="1" colspan="1"><p>FORMAÇÃO PEDAGÓGICA PARA GRADUADOS NÃO LICENCIADOS (Licenciatura)</p></td><td rowspan="1" colspan="1"><p>40 (quarenta)</p></td><td rowspan="1" colspan="1"><p>CENTRO UNIVERSITÁRIO FACVEST</p></td><td rowspan="1" colspan="1"><p>SOCIEDADE DE EDUCACAO N.S. AUXILIADORA LTDA</p></td></tr><tr><td rowspan="1" colspan="1"><p>8</p></td><td rowspan="1" colspan="1"><p>201926407</p></td><td rowspan="1" colspan="1"><p>PROGRAMA DE FORMAÇÃO DE PROFESSORES DA EDUCAÇÃO BÁSICA - PEDAGOGIA (Licenciatura)</p></td><td rowspan="1" colspan="1"><p>40 (quarenta)</p></td><td rowspan="1" colspan="1"><p>CENTRO UNIVERSITÁRIO FACVEST</p></td><td rowspan="1" colspan="1"><p>SOCIEDADE DE EDUCACAO N.S. AUXILIADORA LTDA</p></td></tr><tr><td rowspan="1" colspan="1"><p>9</p></td><td rowspan="1" colspan="1"><p>201905014</p></td><td rowspan="1" colspan="1"><p>GESTÃO DE RECURSOS HUMANOS (Tecnológico)</p></td><td rowspan="1" colspan="1"><p>2000 (duas mil)</p></td><td rowspan="1" colspan="1"><p>CENTRO UNIVERSITÁRIO INTA</p></td><td rowspan="1" colspan="1"><p>ASSOCIACAO IGREJA ADVENTISTA MISSIONARIA - AIAMIS</p></td></tr><tr><td rowspan="1" colspan="1"><p>10</p></td><td rowspan="1" colspan="1"><p>201926091</p></td><td rowspan="1" colspan="1"><p>PEDAGOGIA (Licenciatura)</p></td><td rowspan="1" colspan="1"><p>600 (seiscentas)</p></td><td rowspan="1" colspan="1"><p>CENTRO UNIVERSITÁRIO PROJEÇÃO</p></td><td rowspan="1" colspan="1"><p>BCEC - BRASIL CENTRAL DE EDUCACAO E CULTURA LTDA</p></td></tr><tr><td rowspan="1" colspan="1"><p>11</p></td><td rowspan="1" colspan="1"><p>202002466</p></td><td rowspan="1" colspan="1"><p>GESTÃO COMERCIAL (Tecnológico)</p></td><td rowspan="1" colspan="1"><p>360 (trezentas e sessenta)</p></td><td rowspan="1" colspan="1"><p>CENTRO UNIVERSITÁRIO SÃO LUCAS</p></td><td rowspan="1" colspan="1"><p>CENTRO DE ENSINO SAO LUCAS LTDA</p></td></tr><tr><td rowspan="1" colspan="1"><p>12</p></td><td rowspan="1" colspan="1"><p>201931265</p></td><td rowspan="1" colspan="1"><p>LOGÍSTICA (Tecnológico)</p></td><td rowspan="1" colspan="1"><p>360 (trezentas e sessenta)</p></td><td rowspan="1" colspan="1"><p>CENTRO UNIVERSITÁRIO SÃO LUCAS</p></td><td rowspan="1" colspan="1"><p>CENTRO DE ENSINO SAO LUCAS LTDA</p></td></tr><tr><td rowspan="1" colspan="1"><p>13</p></td><td rowspan="1" colspan="1"><p>201906252</p></td><td rowspan="1" colspan="1"><p>MARKETING (Tecnológico)</p></td><td rowspan="1" colspan="1"><p>450 (quatrocentas e cinquenta)</p></td><td rowspan="1" colspan="1"><p>FIAP - Centro Universitário</p></td><td rowspan="1" colspan="1"><p>VSTP EDUCACAO LTDA</p></td></tr><tr><td rowspan="1" colspan="1"><p>14</p></td><td rowspan="1" colspan="1"><p>201930981</p></td><td rowspan="1" colspan="1"><p>PROGRAMA ESPECIAL DE GRADUAÇÃO DE FORMAÇÃO DE PROFESSORES PARA A EDUCAÇÃO PROFISSIONAL (Licenciatura)</p></td><td rowspan="1" colspan="1"><p>160 (cento e sessenta)</p></td><td rowspan="1" colspan="1"><p>INSTITUTO FEDERAL DE EDUCAÇÃO CIÊNCIA E TECNOLOGIA FARROUPILHA</p></td><td rowspan="1" colspan="1"><p>INSTITUTO FEDERAL DE EDUCACAO, CIENCIA E TECNOLOGIA FARROUPILHA</p></td></tr><tr><td rowspan="1" colspan="1"><p>15</p></td><td rowspan="1" colspan="1"><p>201908074</p></td><td rowspan="1" colspan="1"><p>GESTÃO DA TECNOLOGIA DA INFORMAÇÃO (Tecnológico)</p></td><td rowspan="1" colspan="1"><p>500 (quinhentas)</p></td><td rowspan="1" colspan="1"><p>INSTITUTO INFNET RIO DE JANEIRO</p></td><td rowspan="1" colspan="1"><p>INFNET EDUCACAO LTDA.</p></td></tr><tr><td rowspan="1" colspan="1"><p>16</p></td><td rowspan="1" colspan="1"><p>201927399</p></td><td rowspan="1" colspan="1"><p>ARTES VISUAIS (Licenciatura)</p></td><td rowspan="1" colspan="1"><p>1000 (uma mil)</p></td><td rowspan="1" colspan="1"><p>UNIVERSIDADE ANHANGÜERA</p></td><td rowspan="1" colspan="1"><p>ANHANGUERA EDUCACIONAL PARTICIPACOES S/A</p></td></tr><tr><td rowspan="1" colspan="1"><p>17</p></td><td rowspan="1" colspan="1"><p>201929952</p></td><td rowspan="1" colspan="1"><p>CIÊNCIA ECONÔMICA (Bacharelado)</p></td><td rowspan="1" colspan="1"><p>350 (trezentas e cinquenta)</p></td><td rowspan="1" colspan="1"><p>UNIVERSIDADE CATÓLICA DE BRASÍLIA</p></td><td rowspan="1" colspan="1"><p>UNIAO BRASILEIRA DE EDUCACAO CATOLICA</p></td></tr><tr><td rowspan="1" colspan="1"><p>18</p></td><td rowspan="1" colspan="1"><p>201929959</p></td><td rowspan="1" colspan="1"><p>SERVIÇOS JURÍDICOS (Tecnológico)</p></td><td rowspan="1" colspan="1"><p>575 (quinhentas e setenta e cinco)</p></td><td rowspan="1" colspan="1"><p>UNIVERSIDADE CATÓLICA DE BRASÍLIA</p></td><td rowspan="1" colspan="1"><p>UNIAO BRASILEIRA DE EDUCACAO CATOLICA</p></td></tr><tr><td rowspan="1" colspan="1"><p>19</p></td><td rowspan="1" colspan="1"><p>201906295</p></td><td rowspan="1" colspan="1"><p>REDES DE COMPUTADORES (Tecnológico)</p></td><td rowspan="1" colspan="1"><p>1000 (uma mil)</p></td><td rowspan="1" colspan="1"><p>UNIVERSIDADE CIDADE DE SÃO PAULO</p></td><td rowspan="1" colspan="1"><p>SECID - SOCIEDADE EDUCACIONAL CIDADE DE SAO PAULO LTDA</p></td></tr><tr><td rowspan="1" colspan="1"><p>20</p></td><td rowspan="1" colspan="1"><p>201926955</p></td><td rowspan="1" colspan="1"><p>GESTÃO DA PRODUÇÃO INDUSTRIAL (Tecnológico)</p></td><td rowspan="1" colspan="1"><p>2000 (duas mil)</p></td><td rowspan="1" colspan="1"><p>UNIVERSIDADE CRUZEIRO DO SUL</p></td><td rowspan="1" colspan="1"><p>CRUZEIRO DO SUL EDUCACIONAL S.A.</p></td></tr><tr><td rowspan="1" colspan="1"><p>21</p></td><td rowspan="1" colspan="1"><p>202002866</p></td><td rowspan="1" colspan="1"><p>GESTÃO COMERCIAL (Tecnológico)</p></td><td rowspan="1" colspan="1"><p>400 (quatrocentas)</p></td><td rowspan="1" colspan="1"><p>UNIVERSIDADE DA REGIÃO DE JOINVILLE</p></td><td rowspan="1" colspan="1"><p>FUNDACAO EDUCACIONAL DA REGIAO DE JOINVILLE</p></td></tr><tr><td rowspan="1" colspan="1"><p>22</p></td><td rowspan="1" colspan="1"><p>201925970</p></td><td rowspan="1" colspan="1"><p>COZINHA CONTEMPORÂNEA (Tecnológico)</p></td><td rowspan="1" colspan="1"><p>1228 (uma mil, duzentas e vinte e oito)</p></td><td rowspan="1" colspan="1"><p>UNIVERSIDADE ESTÁCIO DE SÁ</p></td><td rowspan="1" colspan="1"><p>SOCIEDADE DE ENSINO SUPERIOR ESTACIO DE SA LTDA</p></td></tr><tr><td rowspan="1" colspan="1"><p>23</p></td><td rowspan="1" colspan="1"><p>201925956</p></td><td rowspan="1" colspan="1"><p>EDUCAÇÃO FÍSICA (Bacharelado)</p></td><td rowspan="1" colspan="1"><p>1533 (uma mil, quinhentas e trinta e três)</p></td><td rowspan="1" colspan="1"><p>UNIVERSIDADE ESTÁCIO DE SÁ</p></td><td rowspan="1" colspan="1"><p>SOCIEDADE DE ENSINO SUPERIOR ESTACIO DE SA LTDA</p></td></tr><tr><td rowspan="1" colspan="1"><p>24</p></td><td rowspan="1" colspan="1"><p>201930442</p></td><td rowspan="1" colspan="1"><p>GESTÃO DA QUALIDADE (Tecnológico)</p></td><td rowspan="1" colspan="1"><p>1570 (uma mil, quinhentas e setenta)</p></td><td rowspan="1" colspan="1"><p>UNIVERSIDADE ESTÁCIO DE SÁ</p></td><td rowspan="1" colspan="1"><p>SOCIEDADE DE ENSINO SUPERIOR ESTACIO DE SA LTDA</p></td></tr><tr><td rowspan="1" colspan="1"><p>25</p></td><td rowspan="1" colspan="1"><p>201929932</p></td><td rowspan="1" colspan="1"><p>BIOMEDICINA (Bacharelado)</p></td><td rowspan="1" colspan="1"><p>500 (quinhentas)</p></td><td rowspan="1" colspan="1"><p>UNIVERSIDADE POSITIVO</p></td><td rowspan="1" colspan="1"><p>CENTRO DE ESTUDOS SUPERIORES POSITIVO LTDA</p></td></tr><tr><td rowspan="1" colspan="1"><p>26</p></td><td rowspan="1" colspan="1"><p>201925733</p></td><td rowspan="1" colspan="1"><p>PEDAGOGIA (Licenciatura)</p></td><td rowspan="1" colspan="1"><p>1020 (uma mil e vinte)</p></td><td rowspan="1" colspan="1"><p>UNIVERSIDADE PRESBITERIANA MACKENZIE</p></td><td rowspan="1" colspan="1"><p>INSTITUTO PRESBITERIANO MACKENZIE</p></td></tr></table>]]></Texto>
  </body>
  <Midias />
</article></xml>