﻿<xml><article id="27736718" name="resolucao_2792_2022 CPROD GGFIS" idOficio="9057694" pubName="DO1" artType="Resolução" pubDate="30/08/2022" artClass="00026:00034:00016:00006:00000:00000:00000:00000:00000:00000:00064:32792" artCategory="Ministério da Saúde/Agência Nacional de Vigilância Sanitária/4ª Diretoria/Gerência-Geral de Inspeção e Fiscalização Sanitária" artSize="12" artNotes="" numberPage="273" pdfPage="http://pesquisa.in.gov.br/imprensa/jsp/visualiza/index.jsp?data=30/08/2022&amp;jornal=515&amp;pagina=273" editionNumber="165" highlightType="" highlightPriority="" highlight="" highlightimage="" highlightimagename="" idMateria="19840459">
  <body>
    <Identifica><![CDATA[ RESOLUÇÃO-RE Nº 2.792, DE 25 DE AGOSTO DE 2022]]></Identifica>
    <Data><![CDATA[]]></Data>
    <Ementa />
    <Titulo />
    <SubTitulo />
    <Texto><![CDATA[<p class="identifica">RESOLUÇÃO-RE Nº 2.792, DE 25 DE AGOSTO DE 2022</p><p>A Gerente-Geral substituta de Inspeção e Fiscalização Sanitária, no uso das atribuições que lhe confere o art. 140, aliado ao art. 203, I, § 1º do Regimento Interno aprovado pela Resolução de Diretoria Colegiada - RDC nº 585, de 10 de dezembro de 2021; e</p><p>considerando a necessidade de alteração na Certificação de Boas Práticas de Fabricação, resolve:</p><p>Art. 1º Alterar a empresa solicitante na certificação da empresa Mico Biomed Co., Ltd., publicada pela Resolução RE nº 1.437 de 04 de maio de 2022, no Diário Oficial da União nº. 86, de 09 de maio de 2022, Seção 1, pág. 107 de Goyazes Biotecnologia Ltda., CNPJ nº 05.658.906/0001-11, para Bio Brasil Biotecnologia Ltda., CNPJ: 10.942.372/0001-90, conforme expedientes nº 4398772/21-9 e 4296869/22-1.</p><p>Art. 2° Esta Resolução entra em vigor na data de sua publicação.</p><p class="assina">ALESSANDRA PAIXÃO DIAS</p>]]></Texto>
  </body>
  <Midias />
</article></xml>