﻿<xml><article id="27739584" name="ATON12138" idOficio="9058299" pubName="DO1" artType="Ato" pubDate="30/08/2022" artClass="00012:00014:00014:00154:00000:00000:00000:00000:00000:00000:00006:00002" artCategory="Ministério das Comunicações/Agência Nacional de Telecomunicações/Superintendência de Fiscalização/Gerência Regional nos Estados do Paraná e Santa Catarina" artSize="12" artNotes="" numberPage="24" pdfPage="http://pesquisa.in.gov.br/imprensa/jsp/visualiza/index.jsp?data=30/08/2022&amp;jornal=515&amp;pagina=24" editionNumber="165" highlightType="" highlightPriority="" highlight="" highlightimage="" highlightimagename="" idMateria="19841273">
  <body>
    <Identifica><![CDATA[             ATO Nº 12.138, DE 25 DE AGOSTO DE 2022]]></Identifica>
    <Data><![CDATA[]]></Data>
    <Ementa />
    <Titulo />
    <SubTitulo />
    <Texto><![CDATA[<p class="identifica">ATO Nº 12.138, DE 25 DE AGOSTO DE 2022</p><p>Processo nº 53504.008610/2022-61. Expede autorização à Jose Marcelo Soliani, CPF nº ***.458.038-**, para explorar o Serviço de Interesse Restrito, por prazo indeterminado, sem caráter de exclusividade, em âmbito nacional e internacional e tendo como área de prestação de serviço todo o território nacional.</p><p class="assina">Marcio Antonio Protzek</p><p class="cargo">Gerente Substituto(a)</p>]]></Texto>
  </body>
  <Midias />
</article></xml>