﻿<xml><article id="27736694" name="resolucao_2838_2022 CCOSM GHCOS_" idOficio="9057694" pubName="DO1" artType="Resolução" pubDate="30/08/2022" artClass="00026:00034:00015:00012:00000:00000:00000:00000:00000:00000:00064:32838" artCategory="Ministério da Saúde/Agência Nacional de Vigilância Sanitária/3ª Diretoria/Gerência de Produtos de Higiene, Perfumes, Cosméticos e Saneantes" artSize="12" artNotes="" numberPage="272" pdfPage="http://pesquisa.in.gov.br/imprensa/jsp/visualiza/index.jsp?data=30/08/2022&amp;jornal=515&amp;pagina=272" editionNumber="165" highlightType="" highlightPriority="" highlight="" highlightimage="" highlightimagename="" idMateria="19840475">
  <body>
    <Identifica><![CDATA[ RESOLUÇÃO-RE Nº 2.838, DE 25 DE AGOSTO DE 2022]]></Identifica>
    <Data><![CDATA[]]></Data>
    <Ementa />
    <Titulo />
    <SubTitulo />
    <Texto><![CDATA[<p class="identifica">RESOLUÇÃO-RE Nº 2.838, DE 25 DE AGOSTO DE 2022</p><p>O Gerente de Produtos de Higiene, Cosméticos, Perfumes e Saneantes, no uso das atribuições que lhe confere o art. 129, aliado ao art. 203, I, § 1º do Regimento Interno aprovado pela Resolução de Diretoria Colegiada - RDC nº 585, de 10 de dezembro de 2021, resolve:</p><p>Art.1º Cancelar os processos dos produtos de higiene pessoal, cosméticos e perfumes, conforme relação anexa.</p><p>Art. 2º Esta Resolução entra em vigor na data de sua publicação.</p><p class="assina">RODRIGO JOSE VIANA OTTONI</p><p class="anexo">ANEXO</p><p>NOME DA EMPRESA/ AUTORIZAÇÃO</p><p>NOME DO PRODUTO E MARCA</p><p>NUMERO DE PROCESSO</p><p>_________________________________________________________________</p><p>A J COSMETICOS LTDA - ME/ 2.06998-4</p><p>RECONSTRUTOR SANA LIGHT WISSAM NATURELLE</p><p>25351.054532/2021-41</p><p>--------------------------------------</p><p>BASTON INDÚSTRIA DE AEROSSOIS LTDA/ 2.05717-7</p><p>ÓLEO ESSENCIAL DE MELALEUCA - PHYTOTERÁPICA</p><p>25351.038045/2018-87</p><p>--------------------------------------</p><p>BIOCLEAN COMERCIAL EIRELI/ 2.04504-4</p><p>GEL DE CONTATO POTENCIALIZADOR - FLÉR</p><p>25351.711103/2015-39</p><p>GEL DE CONTATO 8 ATIVOS - FLÉR</p><p>25351.377623/2014-34</p><p>--------------------------------------</p><p>depimaxx cosmética ltda - epp/ 2.06101-4</p><p>Loção Fortificante Capilar Trinoxidiu - Spartan For Men</p><p>25351.233634/2022-10</p><p>--------------------------------------</p><p>ITC COSMÉTICOS LTDA - EPP/ 2.08563-3</p><p>ATIVADOR INGEL MAXX ZERO STEP 2 - FOREVER LISS</p><p>25351.131309/2022-13</p><p>MÁSCARA CAPILAR ZERO ULTRA HIDRATANTE - FOREVER LISS</p><p>25351.097902/2022-15</p><p>--------------------------------------</p><p>LA BONNIE IMP, EXP, INDUSTRIA E COMERCIO DE COSMETICOS LTDA/ 4.00058-5</p><p>Proshape Ondasoft 1 - Itely Hair Fashion</p><p>25351.186862/2021-02</p><p>Proshape Ondasoft 2 - Itely Hair Fashion</p><p>25351.186863/2021-49</p><p>--------------------------------------</p><p>NATURAL D´GAIA EXPORTAÇÃO INDÚSTRIA E COMÉRCIO DE COSMÉTICOS LTDA - ME/ 2.04158-0</p><p>ÓLEO ESSENCIAL ORGÂNICO LEMONGRASS PHYTOTERAPICA</p><p>25351.354342/2017-15</p><p>PHYTOTERAPICA ÓLEO ESSENCIAL MANDARINA VERMELHA - ORGÂNICO</p><p>25351.735884/2019-86</p><p>--------------------------------------</p><p>PACK FOR YOU INDUSTRIA E COMERCIO DE COMESTICOS LTDA - EPP/ 2.09442-1</p><p>PROTEIN SMOOTHING BLEND DE PROTEÍNA MÁSCARA CAPILAR LET ME BE</p><p>25351.619791/2021-20</p><p>--------------------------------------</p><p>phytotraTha cosmeticos ltda/ 2.03883-7</p><p>PHYTOTERAPICA ÓLEO ESSENCIAL MELALEUCA</p><p>25351.640158/2013-91</p><p>--------------------------------------</p><p>2K COSMÉTICOS EIRELI/ 4.03617-5</p><p>NANO BLOND PROTEIN</p><p>25351.871429/2021-68</p><p>NANO GOLD PROTEIN</p><p>25351.871362/2021-61</p>]]></Texto>
  </body>
  <Midias />
</article></xml>