﻿<xml><article id="27749241" name="PORTARIA NA 22 DE 24 DE AGOSTO D" idOficio="9060061" pubName="DO1" artType="Portaria" pubDate="30/08/2022" artClass="00007:00003:00035:00000:00000:00000:00000:00000:00000:00000:00054:00001" artCategory="Ministério da Agricultura, Pecuária e Abastecimento/Secretaria Executiva/Superintendência Federal de Agricultura, Pecuária e Abastecimento de Minas Gerais" artSize="12" artNotes="" numberPage="2" pdfPage="http://pesquisa.in.gov.br/imprensa/jsp/visualiza/index.jsp?data=30/08/2022&amp;jornal=515&amp;pagina=2" editionNumber="165" highlightType="" highlightPriority="" highlight="" highlightimage="" highlightimagename="" idMateria="19843832">
  <body>
    <Identifica><![CDATA[ PORTARIA Nº 22,  DE 24 DE AGOSTO DE 2022]]></Identifica>
    <Data><![CDATA[]]></Data>
    <Ementa />
    <Titulo />
    <SubTitulo />
    <Texto><![CDATA[<p class="identifica">PORTARIA Nº 22, DE 24 DE AGOSTO DE 2022</p><p>O SUPERINTENDENTE FEDERAL DE AGRICULTURA, PECUÁRIA E ABASTECIMENTO NO ESTADO DE MINAS GERAIS, no uso das atribuições que lhe confere o Art. 44, do regimento Interno das Superintendências Federais de Agricultura, Pecuária e Abastecimento, aprovado pela Portaria Ministerial nº 428 de 9 de junho de 2010, publicada no DOU de 14 de junho de 2010, tendo em vista o disposto na Instrução Normativa nº 53, de 23 de outubro de 2013, na Lei nº 6.894 de 16 de dezembro de 1980, no Decreto 4.954/04 de 14 de janeiro de 2004, alterado pelo Decreto nº 8.059 de 26 de julho de 2013, e o que consta do Processo nº 21028.006619/2022-11, resolve:</p><p>Art. 1º Credenciar a empresa MICROBIOTA BRASIL LTDA., Empresa sediada a Avenida Oraida Mendes de Castro, 6.000, sala 16., CEP: 36.576-400, Viçosa/MG, para realizar ensaios de eficiência e viabilidade agronômica, visando o registro de produtos novos como Fertilizantes, Corretivos, Inoculantes e Biofertilizantes.</p><p>Art. 2º O Credenciamento de que trata esta portaria terá validade de cinco anos, em conformidade com o disposto no Artigo 30 da Instrução Normativa nº 53 de 23/07/2013.</p><p>Art. 3º Esta Portaria entra em vigor na data de sua publicação.</p><p class="assina">MARCILIO DE SOUSA MAGALHÃES</p>]]></Texto>
  </body>
  <Midias />
</article></xml>