﻿<xml><article id="27749691" name="PA2022-8818" idOficio="9058954" pubName="DO1" artType="Portaria" pubDate="30/08/2022" artClass="00019:00034:00041:00000:00000:00000:00000:00000:00000:00000:00054:00000" artCategory="Ministério da Infraestrutura/Agência Nacional de Aviação Civil/Superintendência de Regulação Econômica de Aeroportos" artSize="24" artNotes="" numberPage="198" pdfPage="http://pesquisa.in.gov.br/imprensa/jsp/visualiza/index.jsp?data=30/08/2022&amp;jornal=515&amp;pagina=198" editionNumber="165" highlightType="" highlightPriority="" highlight="" highlightimage="" highlightimagename="" idMateria="19842190">
  <body>
    <Identifica><![CDATA[ PORTARIA Nº 8.818, DE 9 DE AGOSTO DE 2022]]></Identifica>
    <Data><![CDATA[]]></Data>
    <Ementa />
    <Titulo />
    <SubTitulo />
    <Texto><![CDATA[<p class="identifica">PORTARIA Nº 8.818, DE 9 DE AGOSTO DE 2022</p><p>O SUPERINTENDENTE DE REGULAÇÃO ECONÔMICA DE AEROPORTOS, no uso da atribuição que lhe confere o art. 41, inciso X, do Regimento Interno aprovado pela Resolução nº 381, de 14 de junho de 2016, tendo em vista o disposto no Contrato de Concessão,</p><p>Considerando os critérios de reajuste dos tetos tarifários e de publicação dos valores das tarifas aeroportuárias descritos, respectivamente, nas cláusulas 6.5 e 3.1.25 do Contrato de Concessão de Aeroporto - CCA nº 004/ANAC/2017 - SBFZ, referente à concessão dos serviços públicos para a ampliação, manutenção e exploração da infraestrutura aeroportuária do Aeroporto Internacional de Fortaleza - Pinto Martins, localizado no Município de Fortaleza/CE; e</p><p>Considerando o que consta do processo nº 00058.046442/2022-51, resolve :</p><p>Art. 1º Reajustar os tetos das tarifas aeroportuárias de embarque, conexão, pouso, permanência, armazenagem e capatazia previstas no Anexo 4 do Contrato de Concessão de Aeroporto - CCA nº 004/ANAC/2017 - SBFZ.</p><p>Parágrafo único. As tabelas a seguir dispostas substituem as constantes na Decisão nº 497, de 17 de dezembro de 2021 e na Portaria nº 5.654/SRA, de 10 de agosto de 2021, passando a vigorar com os seguintes valores:</p><p>Tabela 1 - Tarifa de Embarque do Grupo I</p><p /><p></p><table><tr /><tr><td rowspan="1" colspan="1"><p><strong>Tarifa de embarque</strong></p></td><td rowspan="1" colspan="1"><p><strong>Doméstico (R$)</strong></p></td><td rowspan="1" colspan="1"><p><strong>Internacional (R$)</strong></p></td></tr><tr><td rowspan="1" colspan="1" /><td rowspan="1" colspan="1"><p>44,28</p></td><td rowspan="1" colspan="1"><p>78,42</p></td></tr></table><p>Tabela 1-A - Tarifa de Conexão</p><p /><p></p><table><tr /><tr><td rowspan="1" colspan="1"><p><strong>Tarifa de Conexão</strong></p><p>(por passageiro)</p></td><td rowspan="1" colspan="1"><p><strong>Doméstico (R$)</strong></p></td><td rowspan="1" colspan="1"><p><strong>Internacional (R$)</strong></p></td></tr><tr><td rowspan="1" colspan="1" /><td rowspan="1" colspan="1"><p>13,55</p></td><td rowspan="1" colspan="1"><p>13,55</p></td></tr></table><p>Tabela 2 - Tarifa de Pouso aplicável ao Grupo I</p><p /><p></p><table><tr /><tr><td rowspan="1" colspan="1"><p><strong>Tarifa de Pouso</strong></p><p>(Tonelada)</p></td><td rowspan="1" colspan="1"><p><strong>Doméstico (R$)</strong></p></td><td rowspan="1" colspan="1"><p><strong>Internacional (R$)</strong></p></td></tr><tr><td rowspan="1" colspan="1" /><td rowspan="1" colspan="1"><p>12,6067</p></td><td rowspan="1" colspan="1"><p>33,6087</p></td></tr></table><p>Tabela 3 - Tarifa Unificada de Embarque e Pouso aplicável ao Grupo II</p><p /><p></p><table><tr /><tr><td rowspan="1" colspan="1"><p><strong>Tarifa Unificada de Embarque e Pouso</strong></p><p>(por tonelada)</p></td><td rowspan="1" colspan="2"><p><strong>Doméstico (R$)</strong></p></td><td rowspan="1" colspan="2"><p><strong>Internacional (R$)</strong></p></td></tr><tr><td rowspan="1" colspan="1" /><td rowspan="1" colspan="1"><p><strong>TUF</strong></p></td><td rowspan="1" colspan="1"><p><strong>TUV (tonelada)</strong></p></td><td rowspan="1" colspan="1"><p><strong>TUF</strong></p></td><td rowspan="1" colspan="1"><p><strong>TUV (tonelada)</strong></p></td></tr><tr><td rowspan="1" colspan="1" /><td rowspan="1" colspan="1"><p>206,36</p></td><td rowspan="1" colspan="1"><p>46,84</p></td><td rowspan="1" colspan="1"><p>297,01</p></td><td rowspan="1" colspan="1"><p>149,77</p></td></tr></table><p>Tabela 4 - Tarifas de Permanência aplicáveis ao Grupo I</p><p /><p></p><table><tr /><tr><td rowspan="1" colspan="1"><p><strong>Tarifa de Permanência (por tonelada-hora)</strong></p></td><td rowspan="1" colspan="1"><p><strong>Doméstico (R$)</strong></p></td><td rowspan="1" colspan="1"><p><strong>Internacional (R$)</strong></p></td></tr><tr><td rowspan="1" colspan="1"><p>Pátio de Manobras (TPM)</p></td><td rowspan="1" colspan="1"><p>2,4864</p></td><td rowspan="1" colspan="1"><p>6,6974</p></td></tr><tr><td rowspan="1" colspan="1"><p>Pátio de Estadia (TPE)</p></td><td rowspan="1" colspan="1"><p>0,5328</p></td><td rowspan="1" colspan="1"><p>1,3700</p></td></tr></table><p>Tabela 5 - Tarifas de Permanência aplicáveis ao Grupo II</p><p /><p></p><table><tr /><tr><td rowspan="1" colspan="1"><p><strong>Tarifa de Permanência</strong></p><p><strong>(por tonelada-hora)</strong></p></td><td rowspan="1" colspan="2"><p><strong>Doméstico (R$)</strong></p></td><td rowspan="1" colspan="2"><p><strong>Internacional (R$)</strong></p></td></tr><tr><td rowspan="1" colspan="1"><p>Pátio de Manobra (TPM)</p></td><td rowspan="1" colspan="1"><p><strong>TPMF (hora)</strong></p></td><td rowspan="1" colspan="1"><p><strong>TPMV (tonelada-hora)</strong></p></td><td rowspan="1" colspan="1"><p><strong>TPMF (hora)</strong></p></td><td rowspan="1" colspan="1"><p><strong>TPMV (tonelada-hora)</strong></p></td></tr><tr><td rowspan="1" colspan="1" /><td rowspan="1" colspan="1"><p>34,1267</p></td><td rowspan="1" colspan="1"><p>1,5178</p></td><td rowspan="1" colspan="1"><p>49,2425</p></td><td rowspan="1" colspan="1"><p>4,5783</p></td></tr><tr><td rowspan="1" colspan="1"><p>Pátio de Estadia (TPE)</p></td><td rowspan="1" colspan="1"><p><strong>TPEF (hora)</strong></p></td><td rowspan="1" colspan="1"><p><strong>TPEV (tonelada-hora)</strong></p></td><td rowspan="1" colspan="1"><p><strong>TPEF (hora)</strong></p></td><td rowspan="1" colspan="1"><p><strong>TPEV (tonelada-hora)</strong></p></td></tr><tr><td rowspan="1" colspan="1" /><td rowspan="1" colspan="1"><p>2,2529</p></td><td rowspan="1" colspan="1"><p>0,3342</p></td><td rowspan="1" colspan="1"><p>3,2421</p></td><td rowspan="1" colspan="1"><p>1,1470</p></td></tr></table><p>Tabela 6 - Tarifa de Armazenagem da Carga Importada</p><p /><p></p><table><tr /><tr><td rowspan="1" colspan="1"><p><strong>Períodos de Armazenagem</strong></p></td><td rowspan="1" colspan="1"><p><strong>Percentual sobre o valor CIF</strong></p></td></tr><tr><td rowspan="1" colspan="1"><p>1º - Até 02 dias úteis</p></td><td rowspan="1" colspan="1"><p>0,75%</p></td></tr><tr><td rowspan="1" colspan="1"><p>2º - De 3 a 5 dias úteis</p></td><td rowspan="1" colspan="1"><p>1,50%</p></td></tr><tr><td rowspan="1" colspan="1"><p>3º - De 6 a 10 dias úteis</p></td><td rowspan="1" colspan="1"><p>2,25%</p></td></tr><tr><td rowspan="1" colspan="1"><p>4º - De 11 a 20 dias úteis</p></td><td rowspan="1" colspan="1"><p>4,50%</p></td></tr><tr><td rowspan="1" colspan="1"><p>Para cada 10 dias úteis ou fração, além do 4º período, até a retirada da mercadoria.</p></td><td rowspan="1" colspan="1"><p>+ 2,25%</p></td></tr><tr><td rowspan="1" colspan="2"><p>Observações:</p><p>1. A partir do 4º (quarto) período os percentuais são cumulativos;</p><p>2. Esta Tabela é aplicada cumulativamente com a Tabela 7.</p></td></tr></table><p>Tabela 7 - Tarifa de Capatazia da Carga Importada</p><p /><p></p><table><tr /><tr><td rowspan="1" colspan="1"><p><strong>Valor Sobre o Peso Bruto Verificado</strong></p></td></tr><tr><td rowspan="1" colspan="1"><p>R$ 0,0772 por quilograma</p></td></tr><tr><td rowspan="1" colspan="1"><p>Observações:</p><p>1. Esta tabela é aplicada cumulativamente com a Tabela 6</p><p>2. O valor da tarifa aeroportuária de capatazia será cobrado uma única vez;</p><p>3. Cobrança mínima: R$18,58 (dezoito reais e cinquenta e oito centavos).</p></td></tr></table><p>Tabela 8 - Tarifas de Armazenagem e Capatazia da Carga Importada Aplicada em Casos Especiais</p><p /><p></p><table><tr /><tr><td rowspan="1" colspan="1"><p><strong>Período de Armazenagem</strong></p></td><td rowspan="1" colspan="1"><p><strong>Sobre o peso bruto</strong></p></td></tr><tr><td rowspan="1" colspan="1"><p>1º - Até 4 dias úteis</p></td><td rowspan="1" colspan="1"><p>R$ 0,2062</p></td></tr><tr><td rowspan="1" colspan="1"><p>2º - Para cada 2 dias úteis ou fração, além do 1º período, até a retirada da mercadoria</p></td><td rowspan="1" colspan="1"><p>+ R$ 0,2062</p></td></tr><tr><td rowspan="1" colspan="2"><p>Observações:</p><p>1. A tarifa mínima a ser cobrada será correspondente a R$18,60 (dezoito reais e sessenta centavos).</p></td></tr></table><p>Tabela 9 - Tarifas de Capatazia da Carga Importada em Trânsito</p><p /><p></p><table><tr /><tr><td rowspan="1" colspan="1"><p><strong>Valor sobre o peso bruto verificado</strong></p></td></tr><tr><td rowspan="1" colspan="1"><p>R$ 1,2890</p></td></tr><tr><td rowspan="1" colspan="1"><p>Observações:</p><p>1. Cobrança mínima: R$93,02 (noventa e três reais e dois centavos);</p><p>2. Esta tabela aplica-se à carga com permanência máxima de 24 (vinte e quatro) horas no TECA;</p><p>3. Excedido o prazo de 24 (vinte e quatro) horas, após a entrada da carga no TECA, deverão ser aplicadas as Tabelas 6 e 7 ou a Tabela 10 deste Anexo.</p></td></tr></table><p>Tabela 10 - Tarifas de Armazenagem e Capatazia da Carga Importada de Alto Valor Específico</p><p /><p></p><table><tr /><tr><td rowspan="1" colspan="1"><p><strong>Períodos de Armazenagem</strong></p></td><td rowspan="1" colspan="1"><p><strong>Faixa (R$)</strong></p></td><td rowspan="1" colspan="1"><p><strong>Percentual sobre o Valor CIF</strong></p></td></tr><tr><td rowspan="1" colspan="1"><p>3 dias úteis ou fração, a contar da data do recebimento no TECA</p></td><td rowspan="1" colspan="1"><p>de 5.000,00 a 19.999,99/kg</p></td><td rowspan="1" colspan="1"><p>0,60%</p></td></tr><tr><td rowspan="1" colspan="1" /><td rowspan="1" colspan="1"><p>de 20.000,00 a 79.999,99/kg</p></td><td rowspan="1" colspan="1"><p>0,30%</p></td></tr><tr><td rowspan="1" colspan="1" /><td rowspan="1" colspan="1"><p>acima de 80.000,00/kg</p></td><td rowspan="1" colspan="1"><p>0,15%</p></td></tr><tr><td rowspan="1" colspan="3"><p>Observações:</p><p>1. O valor CIF por quilograma tem como referencial para cálculo o peso líquido da carga.</p></td></tr></table><p>Tabela 11 - Tarifas de Armazenagem e Capatazia da Carga Destinada à Exportação</p><p /><p></p><table><tr /><tr><td rowspan="1" colspan="1"><p><strong>Período de Armazenagem</strong></p></td><td rowspan="1" colspan="1"><p><strong>Valor sobre o peso bruto</strong></p></td></tr><tr><td rowspan="1" colspan="1"><p>1º - Até 4 dias úteis</p></td><td rowspan="1" colspan="1"><p>R$ 0,1032</p></td></tr><tr><td rowspan="1" colspan="1"><p>2º - Para cada 2 dias úteis ou fração, além do 1º período, até a retirada da mercadoria</p></td><td rowspan="1" colspan="1"><p>R$ 0,1032</p></td></tr><tr><td rowspan="1" colspan="2"><p>Observações:</p><p>1. Tarifa mínima de R$7,45 (sete reais e quarenta e cinco centavos) no TECA de origem e R$3,73 (três reais e setenta e três centavos) no TECA de trânsito;</p><p>2. Os valores são cumulativos a partir do 2º período;</p><p>3. Redução de 50% (cinquenta por cento) nos casos de retorno de carga perecível ao TECA, decorrente de atraso ou cancelamento de transporte aéreo previsto.</p></td></tr></table><p>Tabela 12 - Tarifas de Armazenagem e de Capatazia da Carga sob Pena de Perdimento</p><p /><p></p><table><tr /><tr><td rowspan="1" colspan="1"><p><strong>Período de Armazenagem</strong></p></td><td rowspan="1" colspan="1"><p><strong>Percentual sobre o valor FOB</strong></p></td></tr><tr><td rowspan="1" colspan="1"><p>1º Até 45 dias</p></td><td rowspan="1" colspan="1"><p>1,50%</p></td></tr><tr><td rowspan="1" colspan="1"><p>2º De mais de 45 dias a 90 dias</p></td><td rowspan="1" colspan="1"><p>3,00%</p></td></tr><tr><td rowspan="1" colspan="1"><p>3º De mais de 90 dias a 120 dias</p></td><td rowspan="1" colspan="1"><p>4,50%</p></td></tr><tr><td rowspan="1" colspan="1"><p>4º De mais de 120 dias</p></td><td rowspan="1" colspan="1"><p>7,50%</p></td></tr></table><p>Art. 2º Os novos tetos tarifários passam a vigorar em 29 de agosto de 2022.</p><p>Parágrafo único. Após a entrada em vigor dos novos tetos, a Concessionária poderá dar publicidade a novos valores de tarifas, que poderão ser praticados após 30 (trinta) dias, conforme determina a cláusula 3.1.25 do Contrato de Concessão.</p><p>Art. 3º Esta Portaria entra em vigor na data de sua publicação.</p><p class="assina">ADRIANO PINTO DE MIRANDA</p><p>ANEXO</p><p>MEMÓRIA DE CÁLCULO - REAJUSTE TARIFÁRIO</p><p>O cálculo do Reajuste Tarifário de 2022 do Aeroporto Internacional de Fortaleza baseou-se na fórmula prevista na cláusula 6.5 do Contrato de Concessão, a seguir transcrita:</p><p>Após o primeiro reajuste, as Tarifas previstas no Anexo 4 - Tarifas serão reajustadas anualmente pelo IPCA, tendo como referência a data de publicação do último reajuste, observando-se a seguinte fórmula:</p><p>Para t=2, tem-se que Pt = Pt-1 × (IPCAt/IPCAt-1)×(1-Xt)x(1-Qt)</p><p>Para t&gt;2, tem-se que Pt = Pt-1 × (IPCAt/IPCAt-1)×(1-Xt)x(1-Qt)/x(1-Qt-1)</p><p>onde:</p><p>Pt corresponde aos tetos tarifários previstos no Anexo 4 - Tarifas, reajustados no ano t;</p><p>Pt-1 corresponde aos tetos tarifários previstos no Anexo 4 - Tarifas, reajustados no ano t-1;</p><p>IPCAt corresponde ao IPCA divulgado pelo IBGE no mês anterior ao do reajuste;</p><p>IPCAt-1 corresponde ao IPCA divulgado pelo IBGE no mês anterior ao do reajuste do ano anterior;</p><p>Xt é o Fator X aplicável ao ano t;</p><p>Qt é o Fator Q aplicável ao ano t</p><p>De acordo com a cláusula acima transcrita, a fórmula aplicável aos tetos tarifários constantes das Tabelas 1, 1-A, 2, 3, 4 e 5, no Reajuste Tarifário de 2022 pode ser reescrita como:</p><p>Pt = Pt-1 × (IPCAt/IPCAt-1)×(1-Xt)x(1-Qt)/x(1-Qt-1)</p><p>Os tetos das tarifas referentes à atividade de armazenagem e capatazia, por sua vez, serão reajustados apenas pela inflação acumulada no período, já que os fatores X e Q não se aplicam a essas tarifas. Assim, a fórmula aplicável ao reajuste dos tetos tarifários constantes das Tabelas 7, 8, 9 e 11 é a seguinte:</p><p>P2022 = P2021 × (IPCA2022/IPCA2021)</p><p>Para o caso concreto, tem-se o IPCA2022 relativo ao nível de preços de junho de 2022 e publicado pelo IBGE em julho de 2022 correspondente a 6.455,85 e o IPCA2021 - relativo ao nível de preços de junho de 2021 e publicado pelo IBGE em julho de 2021 - correspondente a 5.769,98, resultando em uma variação de + 11,8869% do IPCA2022 sobre o IPCA2021.</p><p>O fator X relevante ao Reajuste Tarifário de 2022, conforme definido pela cláusula 6.9 do Contrato de Concessão, será X2022 = 0,0000%, e os Fatores Q relevantes serão Q2021= -0,6000% e Q2022= -1,2000%.</p><p>Resulta-se, com isso, em um reajuste de 12,5542% sobre os tetos tarifários constantes das Tabelas 1 e 1-A da Decisão nº 497, de 17 de dezembro de 2021 e das Tabelas 2, 3, 4 e 5 da Portaria nº 5.654/SRA, de 10 de agosto de 2021, e em um reajuste de 11,8869% sobre os tetos tarifários constantes das Tabelas 7, 8, 9 e 11 da mesma portaria.</p><p>ARREDONDAMENTO E REAJUSTES TARIFÁRIOS</p><p>Em que pese a quantidade de casas decimais nas publicações dos diversos tetos tarifários, esta área técnica procede a um tratamento dos dados de modo que sejam diminuídas as distorções por arredondamento no decorrer do tempo, em especial das tarifas cujos valores são pouco expressivos, para as quais estas distorções são proporcionalmente mais significativas.</p><p>Neste sentido, todos os tetos tarifários são armazenados com 4 casas decimais (até o centésimo de um centavo) e todos os percentuais que compõem os reajustes (IPCA, fator X, fator Q, e eventuais outros) são considerados na sexta casa decimal (até 0,000001 ou 0,0001%).</p><p>A publicação dos tetos tarifários reajustados, oriundos da aplicação dos percentuais sobre os tetos tarifários armazenados, como apresentado anteriormente, se dá pelo arredondamento na quantidade de casas decimais como apresentado no item "2.2 Tarifas Aeroportuárias" do Anexo 4 do Contrato de Concessão para cada uma das tarifas. A tabela abaixo apresenta a quantidade de casas decimais que são publicadas para os tetos tarifários reajustados.</p><p></p><table><tr /><tr><td rowspan="1" colspan="3"><p><strong>Quantidade de casas decimais publicadas e reajuste aplicado ao teto tarifário</strong></p></td></tr><tr><td rowspan="1" colspan="1"><p><strong>Tarifas</strong></p></td><td rowspan="1" colspan="1"><p><strong>Decimais</strong></p></td><td rowspan="1" colspan="1"><p><strong>Reajuste</strong></p></td></tr><tr><td rowspan="1" colspan="1"><p>Tabela 1 - Tarifa de Embarque do Grupo I</p></td><td rowspan="1" colspan="1"><p>2</p></td><td rowspan="1" colspan="1"><p>12,5542%</p></td></tr><tr><td rowspan="1" colspan="1"><p>Tabela 1-A - Tarifa de Conexão</p></td><td rowspan="1" colspan="1"><p>2</p></td><td rowspan="1" colspan="1"><p>12,5542%</p></td></tr><tr><td rowspan="1" colspan="1"><p>Tabela 2 - Tarifa de Pouso aplicável ao Grupo I</p></td><td rowspan="1" colspan="1"><p>4</p></td><td rowspan="1" colspan="1"><p>12,5542%</p></td></tr><tr><td rowspan="1" colspan="1"><p>Tabela 3 - Tarifa Unificada de Embarque e Pouso aplicável ao Grupo II</p></td><td rowspan="1" colspan="1"><p>2</p></td><td rowspan="1" colspan="1"><p>12,5542%</p></td></tr><tr><td rowspan="1" colspan="1"><p>Tabela 4 - Tarifas de Permanência aplicáveis ao Grupo I</p></td><td rowspan="1" colspan="1"><p>4</p></td><td rowspan="1" colspan="1"><p>12,5542%</p></td></tr><tr><td rowspan="1" colspan="1"><p>Tabela 5 - Tarifas de Permanência aplicáveis ao Grupo II</p></td><td rowspan="1" colspan="1"><p>4</p></td><td rowspan="1" colspan="1"><p>12,5542%</p></td></tr><tr><td rowspan="1" colspan="1"><p>Tabela 6 - Tarifa de Armazenagem da Carga Importada</p></td><td rowspan="1" colspan="1"><p>4</p></td><td rowspan="1" colspan="1"><p>0,0000%</p></td></tr><tr><td rowspan="1" colspan="1"><p>Tabela 7 - Tarifa de Capatazia da Carga Importada</p></td><td rowspan="1" colspan="1"><p>4</p></td><td rowspan="1" colspan="1"><p>11,8869%</p></td></tr><tr><td rowspan="1" colspan="1"><p>Tabela 8 - Tarifas de Armazenagem e Capatazia da Carga Importada Aplicada em Casos Especiais</p></td><td rowspan="1" colspan="1"><p>4</p></td><td rowspan="1" colspan="1"><p>11,8869%</p></td></tr><tr><td rowspan="1" colspan="1"><p>Tabela 9 - Tarifa de Capatazia da Carga Importada em Trânsito</p></td><td rowspan="1" colspan="1"><p>4</p></td><td rowspan="1" colspan="1"><p>11,8869%</p></td></tr><tr><td rowspan="1" colspan="1"><p>Tabela 10 - Tarifas de Armazenagem e Capatazia da Carga Importada de Alto Valor Específico</p></td><td rowspan="1" colspan="1"><p>4</p></td><td rowspan="1" colspan="1"><p>0,0000%</p></td></tr><tr><td rowspan="1" colspan="1"><p>Tabela 11 - Tarifas de Armazenagem e Capatazia da Carga Destinada à Exportação</p></td><td rowspan="1" colspan="1"><p>4</p></td><td rowspan="1" colspan="1"><p>11,8869%</p></td></tr><tr><td rowspan="1" colspan="1"><p>Tabela 12 - Tarifas de Armazenagem e de Capatazia da Carga sob Pena de Perdimento</p></td><td rowspan="1" colspan="1"><p>4</p></td><td rowspan="1" colspan="1"><p>0,0000%</p></td></tr></table>]]></Texto>
  </body>
  <Midias />
</article></xml>