﻿<xml><article id="27749610" name="Ata_29_2C_23_08_2022 - BD - IMPR" idOficio="9058555" pubName="DO1" artType="Ata" pubDate="30/08/2022" artClass="00044:00003:00000:00000:00000:00000:00000:00000:00000:00000:00005:00000" artCategory="Tribunal de Contas da União/2ª Câmara" artSize="12" artNotes="" numberPage="338" pdfPage="http://pesquisa.in.gov.br/imprensa/jsp/visualiza/index.jsp?data=30/08/2022&amp;jornal=515&amp;pagina=338" editionNumber="165" highlightType="" highlightPriority="" highlight="" highlightimage="" highlightimagename="" idMateria="19841584">
  <body>
    <Identifica />
    <Data><![CDATA[]]></Data>
    <Ementa />
    <Titulo />
    <SubTitulo />
    <Texto><![CDATA[<p>ACÓRDÃO Nº 4474/2022 - TCU - 2ª Câmara</p><p>1. Processo nº TC 024.239/2021-6.</p><p>2. Grupo I - Classe de Assunto: I - Pedido de reexame (Aposentadoria)</p><p>3. Interessados/Responsáveis/Recorrentes:</p><p>3.1. Interessado: Lizete Aparecida Jordani Soares (947.893.128-87).</p><p>3.2. Recorrente: Lizete Aparecida Jordani Soares (947.893.128-87).</p><p>4. Órgão/Entidade: Tribunal Regional do Trabalho da 15ª Região - Campinas/SP.</p><p>5. Relator: Ministro Antonio Anastasia</p><p>5.1. Relator da deliberação recorrida: Ministro Augusto Nardes.</p><p>6. Representante do Ministério Público: Procurador Júlio Marcelo de Oliveira.</p><p>7. Unidades Técnicas: Secretaria de Recursos (Serur); Secretaria de Fiscalização de Integridade de Atos e Pagamentos de Pessoal e de Benefícios Sociais (Sefip).</p><p>8. Representação legal: não há</p><p>9. Acórdão:</p><p>VISTOS, relatados e discutidos estes autos de pedido de reexame interposto por Lizete Aparecida Jordani Soares, servidora aposentada do Tribunal Regional do Trabalho da 15ª Região - Campinas (SP), em face do Acórdão 11.162/2021-TCU-2ª Câmara, o qual julgou ilegal o ato de aposentadoria da recorrente e negou-lhe registro, em razão do indevido percebimento de parcela relativa à vantagem de "quintos", e fez determinações,</p><p>ACORDAM os Ministros do Tribunal de Contas da União, reunidos em Sessão da Segunda Câmara, ante as razões expostas pelo Relator, em:</p><p>9.1. com fundamento no art. 48 da Lei nº 8.443/1992 e nos arts. 285, caput, e 286, parágrafo único do RI/TCU, conhecer do recurso de pedido de reexame para, no mérito, negar-lhe provimento;</p><p>9.2. dar ciência ao Tribunal Regional do Trabalho da 15ª Região - Campinas (SP) de que a servidora aposentada é beneficiária de decisão judicial transitada em julgado nos autos do processo nº 2004.3400.048565-0/DF cuja ação foi ajuizada junto à 7ª Vara Federal da Seção Judiciária do Distrito Federal, o que lhe assegura a manutenção da parcela de "quintos", observada a modulação de efeitos fixada pelo Supremo Tribunal Federal no RE 638.115, de modo a manter a referida parcela indene de absorção por reajustes/reestruturações ulteriores, mantida a ilegalidade do ato e a negativa de registro;</p><p>9.3. dar conhecimento deste acórdão, encaminhando a respectiva cópia, ao Tribunal Regional do Trabalho da 15ª Região - Campinas (SP) e à Sra. Lizete Aparecida Jordani Soares (947.893.128-87), informando que a presente deliberação, acompanhada do Relatório e do Voto que a fundamenta, está disponível para a consulta no endereço virtual https://www.tcu.gov.br/acordaos.</p><p>10. Ata n° 29/2022 - 2ª Câmara.</p><p>11. Data da Sessão: 23/8/2022 - Ordinária.</p><p>12. Código eletrônico para localização na página do TCU na Internet: AC-4474-29/22-2.</p><p>13. Especificação do quórum:</p><p>13.1. Ministros presentes: Bruno Dantas (Presidente), Augusto Nardes, Aroldo Cedraz e Antonio Anastasia (Relator).</p><p>13.2. Ministros-Substitutos presentes: Marcos Bemquerer Costa e André Luís de Carvalho.</p><p>ACÓRDÃO Nº 4475/2022 - TCU - 2ª Câmara</p><p>1. Processo nº TC 036.625/2021-3.</p><p>2. Grupo II - Classe de Assunto: I - Pedido de reexame (Aposentadoria)</p><p>3. Interessados/Responsáveis/Recorrentes:</p><p>3.1. Recorrente: Waldira Rosane Castro da Silva (388.428.070-87).</p><p>3.2. Interessados: Waldira Rosane Castro da Silva (388.428.070-87).</p><p>4. Órgão/Entidade: Tribunal Regional do Trabalho da 4ª Região/RS.</p><p>5. Relator: Ministro Antonio Anastasia</p><p>5.1. Relator da deliberação recorrida: Ministro-Substituto Marcos Bemquerer Costa.</p><p>6. Representante do Ministério Público: Procurador Marinus Eduardo De Vries Marsico.</p><p>7. Unidades Técnicas: Secretaria de Recursos (Serur); Secretaria de Fiscalização de Integridade de Atos e Pagamentos de Pessoal e de Benefícios Sociais (Sefip).</p><p>8. Representação legal: Felipe Néri Dresch da Silveira (33.779/OAB-RS), representando Waldira Rosane Castro da Silva.</p><p>9. Acórdão:</p><p>VISTOS, relatados e discutidos estes autos de pedido de reexame interposto por Waldira Rosane Castro da Silva (388.428.070-87), servidora aposentado do Tribunal Regional do Trabalho da 4ª Região (RS), em face do Acórdão 16.458/2021-TCU-2ª Câmara, relator o Ministro-Substituto Marcos Bemquerer Costa, o qual julgou ilegal o ato de aposentadoria do recorrente e negou-lhe registro, em razão da incorporação de parcela relativa à vantagem de "quintos" em fração superior à devida e fez determinações,</p><p>ACORDAM os Ministros do Tribunal de Contas da União, reunidos em Sessão da Segunda Câmara, ante as razões expostas pelo Relator, em:</p><p>9.1. com fundamento no art. 48 da Lei nº 8.443/1992 e nos arts. 285, caput, e 286, parágrafo único do RI/TCU, conhecer do recurso de pedido de reexame interposto para, no mérito, negar-lhe provimento;</p><p>9.2. dar conhecimento deste acórdão, encaminhando a respectiva cópia, ao Tribunal Regional do Trabalho da 4ª Região (RS) e à Sra. Waldira Rosane Castro da Silva (388.428.070-87), informando que a presente deliberação, acompanhada do Relatório e do Voto que a fundamenta, está disponível para a consulta no endereço virtual https://www.tcu.gov.br/acordaos.</p><p>10. Ata n° 29/2022 - 2ª Câmara.</p><p>11. Data da Sessão: 23/8/2022 - Ordinária.</p><p>12. Código eletrônico para localização na página do TCU na Internet: AC-4475-29/22-2.</p><p>13. Especificação do quórum:</p><p>13.1. Ministros presentes: Bruno Dantas (Presidente), Augusto Nardes, Aroldo Cedraz e Antonio Anastasia (Relator).</p><p>13.2. Ministros-Substitutos presentes: Marcos Bemquerer Costa e André Luís de Carvalho.</p><p>ACÓRDÃO Nº 4476/2022 - TCU - 2ª Câmara</p><p>1. Processo nº TC 036.659/2021-5.</p><p>2. Grupo I - Classe de Assunto: I - Pedido de reexame (Aposentadoria)</p><p>3. Interessados/Responsáveis/Recorrentes:</p><p>3.1. Recorrente: Tribunal Regional do Trabalho da 6ª Região/PE (02.566.224/0001-90).</p><p>3.2. Interessado: Diana Cardoso de Lima (442.344.574-34).</p><p>4. Órgão/Entidade: Tribunal Regional do Trabalho da 6ª Região/PE.</p><p>5. Relator: Ministro Antonio Anastasia</p><p>5.1. Relator da deliberação recorrida: Ministro Augusto Nardes.</p><p>6. Representante do Ministério Público: Procurador Júlio Marcelo de Oliveira.</p><p>7. Unidades Técnicas: Secretaria de Recursos (Serur); Secretaria de Fiscalização de Integridade de Atos e Pagamentos de Pessoal e de Benefícios Sociais (Sefip).</p><p>8. Representação legal: não há</p><p>9. Acórdão:</p><p>VISTOS, relatados e discutidos estes autos de pedido de reexame interposto pelo Tribunal Regional do Trabalho da 6ª Região (PE) em face do Acórdão 15.334/2021-TCU-2ª Câmara, o qual julgou ilegal o ato de aposentadoria da Sra. Diana Cardoso de Lima, servidora aposentada daquele Tribunal e negou-lhe registro, em razão do indevido percebimento de parcela relativa à vantagem de "quintos", e fez determinações,</p><p>ACORDAM os Ministros do Tribunal de Contas da União, reunidos em Sessão da Segunda Câmara, ante as razões expostas pelo Relator, em:</p><p>9.1. com fundamento no art. 48 da Lei nº 8.443/1992 e nos arts. 285, caput, e 286, parágrafo único do RI/TCU, conhecer do recurso de pedido de reexame para, no mérito, negar-lhe provimento;</p><p>9.2. dar ciência ao Tribunal Regional do Trabalho da 6ª Região (PE) de que a servidora aposentada é beneficiária de decisão judicial transitada em julgado nos autos do processo nº 2004.3400.048565-0/DF cuja ação foi ajuizada junto à 7ª Vara Federal da Seção Judiciária do Distrito Federal, o que lhe assegura a manutenção da parcela de "quintos", observada a modulação de efeitos fixada pelo Supremo Tribunal Federal no RE 638.115, de modo a manter a referida parcela indene de absorção por reajustes/reestruturações ulteriores, mantida no entanto a irregularidade do ato e a negativa de registro, nos termos do item "a" do acórdão recorrido;</p><p>9.3. dar conhecimento deste acórdão, encaminhando a respectiva cópia, ao Tribunal Regional do Trabalho da 6ª Região (PE) e à Sra. Diana Cardoso de Lima (442.344.574-34), informando que a presente deliberação, acompanhada do Relatório e do Voto que a fundamenta, está disponível para a consulta no endereço virtual https://www.tcu.gov.br/acordaos.</p><p>10. Ata n° 29/2022 - 2ª Câmara.</p><p>11. Data da Sessão: 23/8/2022 - Ordinária.</p><p>12. Código eletrônico para localização na página do TCU na Internet: AC-4476-29/22-2.</p><p>13. Especificação do quórum:</p><p>13.1. Ministros presentes: Bruno Dantas (Presidente), Augusto Nardes, Aroldo Cedraz e Antonio Anastasia (Relator).</p><p>13.2. Ministros-Substitutos presentes: Marcos Bemquerer Costa e André Luís de Carvalho.</p><p>ACÓRDÃO Nº 4477/2022 - TCU - 2ª Câmara</p><p>1. Processo nº TC 037.078/2021-6.</p><p>2. Grupo I - Classe de Assunto: I - Pedido de reexame (Aposentadoria)</p><p>3. Interessados/Responsáveis/Recorrentes:</p><p>3.1. Recorrente: Marilda Ferreira Bering Cunha (239.199.221-15).</p><p>3.2. Interessado: Marilda Ferreira Bering Cunha (239.199.221-15).</p><p>4. Órgão/Entidade: Tribunal Superior do Trabalho.</p><p>5. Relator: Ministro Antonio Anastasia</p><p>5.1. Relator da deliberação recorrida: Ministro-Substituto Marcos Bemquerer Costa.</p><p>6. Representante do Ministério Público: Procurador Júlio Marcelo de Oliveira.</p><p>7. Unidades Técnicas: Secretaria de Recursos (Serur); Secretaria de Fiscalização de Integridade de Atos e Pagamentos de Pessoal e de Benefícios Sociais (Sefip).</p><p>8. Representação legal: não há</p><p>9. Acórdão:</p><p>VISTOS, relatados e discutidos estes autos de pedido de reexame interposto pela Sra. Marilda Ferreira Bering Cunha, servidora aposentada do Tribunal Superior do Trabalho, em face do Acórdão 17.600/2021-TCU-2ª Câmara, o qual julgou ilegal o ato de aposentadoria da recorrente e negou-lhe registro, em razão do indevido percebimento de parcela relativa à vantagem de "quintos", e fez determinações,</p><p>ACORDAM os Ministros do Tribunal de Contas da União, reunidos em Sessão da Segunda Câmara, ante as razões expostas pelo Relator, em:</p><p>9.1. com fundamento no art. 48 da Lei nº 8.443/1992 e nos arts. 285, caput, e 286, parágrafo único do RI/TCU, conhecer do recurso de pedido de reexame para, no mérito, negar-lhe provimento;</p><p>9.2. dar conhecimento deste acórdão, encaminhando a respectiva cópia, ao Tribunal Superior do Trabalho e à Sra. Marilda Ferreira Bering Cunha (239.199.221-15), informando que a presente deliberação, acompanhada do Relatório e do Voto que a fundamenta, está disponível para a consulta no endereço virtual https://www.tcu.gov.br/acordaos.</p><p>10. Ata n° 29/2022 - 2ª Câmara.</p><p>11. Data da Sessão: 23/8/2022 - Ordinária.</p><p>12. Código eletrônico para localização na página do TCU na Internet: AC-4477-29/22-2.</p><p>13. Especificação do quórum:</p><p>13.1. Ministros presentes: Bruno Dantas (Presidente), Augusto Nardes, Aroldo Cedraz e Antonio Anastasia (Relator).</p><p>13.2. Ministros-Substitutos presentes: Marcos Bemquerer Costa e André Luís de Carvalho.</p><p>ACÓRDÃO Nº 4478/2022 - TCU - 2ª Câmara</p><p>1. Processo: TC 003.817/2022-9.</p><p>2. Grupo: II; Classe de Assunto: V - Aposentadoria.</p><p>3. Interessado: Ronaldo Reis (008.695.036-34).</p><p>4. Entidade: Universidade Federal de Minas Gerais.</p><p>5. Relator: Ministro-Substituto Marcos Bemquerer Costa.</p><p>6. Representante do Ministério Público: Procuradora-Geral Cristina Machado da Costa e Silva, em substituição ao Procurador Sérgio Ricardo Costa Caribé.</p><p>7. Unidade Técnica: Secretaria de Fiscalização de Integridade de Atos e Pagamentos de Pessoal e de Benefícios Sociais (Sefip).</p><p>8. Representação legal: não há.</p><p>9. Acórdão:</p><p>VISTOS, relatados e discutidos estes autos que tratam de concessão de aposentadoria do Sr. Ronaldo Reis, no cargo de professor adjunto da Universidade Federal de Minas Gerais, submetido à apreciação do Tribunal de Contas da União, para fins de registro, de acordo com o art. 71, inciso III, da Constituição Federal.</p><p>ACORDAM os Ministros do Tribunal de Contas da União, reunidos em Sessão da 2ª Câmara, ante as razões expostas pelo Relator, com fulcro no art. 71, incisos III e IX, da Constituição Federal e nos arts. 1º, inciso V, e 39, inciso II, da Lei 8.443/1992, c/c o art. 259, inciso II, do Regimento Interno do TCU, em:</p><p>9.1. reconhecer o registro tácito do ato de aposentadoria de interesse do Sr. Ronaldo Reis, em atenção ao Recurso Extraordinário 636.553 decidido pelo Supremo Tribunal Federal;</p><p>9.2. restituir os autos à Sefip, para que observe o disposto no subitem 9.2.3 do Acórdão 122/2021 - Plenário; e</p><p>9.3. dar ciência desta deliberação ao interessado.</p><p>10. Ata n° 29/2022 - 2ª Câmara.</p><p>11. Data da Sessão: 23/8/2022 - Ordinária.</p><p>12. Código eletrônico para localização na página do TCU na Internet: AC-4478-29/22-2.</p><p>13. Especificação do quórum:</p><p>13.1. Ministros presentes: Bruno Dantas (Presidente), Augusto Nardes, Aroldo Cedraz e Antonio Anastasia.</p><p>13.2. Ministros-Substitutos presentes: Marcos Bemquerer Costa (Relator) e André Luís de Carvalho.</p><p>ACÓRDÃO Nº 4479/2022 - TCU - 2ª Câmara</p><p>1. Processo: TC-004.158/2022-9.</p><p>2. Grupo: I; Classe de Assunto: V - Aposentadoria.</p><p>3. Interessada: Rosana Alves da Silva (022.087.088-81).</p><p>4. Órgão: Tribunal Regional Eleitoral de São Paulo.</p><p>5. Relator: Ministro-Substituto Marcos Bemquerer Costa.</p><p>6. Representante do Ministério Público: Procurador Júlio Marcelo de Oliveira.</p><p>7. Unidade Técnica: Secretaria de Fiscalização de Integridade de Atos e Pagamentos de Pessoal e de Benefícios Sociais - Sefip.</p><p>8. Representação legal: não há.</p><p>9. Acórdão:</p><p>VISTOS, relatados e discutidos estes autos em que se analisa ato de concessão inicial de aposentadoria emitido pelo Tribunal Regional Eleitoral de São Paulo em benefício da Sra. Rosana Alves da Silva.</p><p>ACORDAM os Ministros do Tribunal de Contas da União, reunidos em Sessão da 2ª Câmara, ante as razões expostas pelo Relator, e com fulcro nos incisos III e IX do art. 71 da Constituição Federal e nos arts. 1º, inciso V, e 39, inciso II, da Lei 8.443/1992, c/c o art. 259, inciso II, do Regimento Interno/TCU, em:</p><p>9.1. considerar ilegal a concessão de aposentadoria em favor da Sra. Rosana Alves da Silva, negando registro ao correspondente ato;</p><p>9.2. dispensar o ressarcimento das quantias indevidamente recebidas de boa-fé pela interessada, consoante o disposto no Enunciado 106 da Súmula da Jurisprudência do TCU;</p><p>9.3. determinar ao Tribunal Regional Eleitoral de São Paulo, no prazo de 15 (quinze) dias a contar da ciência desta deliberação, que:</p><p>9.3.1. promova o destaque das parcelas de "quintos/décimos" incorporadas com base em funções comissionadas exercidas entre 08/04/1998 e 04/09/2001, transformando-as em parcela compensatória a ser absorvida por quaisquer reajustes futuros, desde que a hipótese não seja de decisão judicial transitada em julgado, nos moldes da decisão do Supremo Tribunal Federal no RE 638.115/CE; e</p><p>9.3.2. dê ciência do inteiro teor desta Deliberação à interessada, alertando-a de que o efeito suspensivo proveniente da interposição de possíveis recursos perante o TCU não a exime da devolução dos valores percebidos indevidamente após a notificação, caso os recursos não sejam providos, encaminhando a este Tribunal, no prazo de 30 (trinta) dias, comprovante da referida ciência.</p><p>10. Ata n° 29/2022 - 2ª Câmara.</p><p>11. Data da Sessão: 23/8/2022 - Ordinária.</p><p>12. Código eletrônico para localização na página do TCU na Internet: AC-4479-29/22-2.</p><p>13. Especificação do quórum:</p><p>13.1. Ministros presentes: Bruno Dantas (Presidente), Augusto Nardes, Aroldo Cedraz e Antonio Anastasia.</p><p>13.2. Ministros-Substitutos presentes: Marcos Bemquerer Costa (Relator) e André Luís de Carvalho.</p><p>ACÓRDÃO Nº 4480/2022 - TCU - 2ª Câmara</p><p>1. Processo: TC 010.356/2022-3.</p><p>2. Grupo: I; Classe de Assunto: V - Aposentadoria.</p><p>3. Interessado: José Ciro Braga (105.579.893-53).</p><p>4. Entidade: Departamento Nacional de Obras Contra as Secas - Dnocs.</p><p>5. Relator: Ministro-Substituto Marcos Bemquerer Costa.</p><p>6. Representante do Ministério Público: Procuradora-Geral Cristina Machado da Costa e Silva.</p><p>7. Unidade Técnica: Secretaria de Fiscalização de Integridade de Atos e Pagamentos de Pessoal e de Benefícios Sociais (Sefip).</p><p>8. Representação legal: não há.</p><p>9. Acórdão:</p><p>VISTOS, relatados e discutidos estes autos em que se analisa ato de concessão de aposentadoria emitido pelo Departamento Nacional de Obras Contra as Secas em benefício do Sr. José Ciro Braga.</p><p>ACORDAM os Ministros do Tribunal de Contas da União, reunidos em Sessão da 2ª Câmara, ante as razões expostas pelo Relator, e com fulcro nos incisos III e IX do art. 71 da Constituição Federal e nos arts. 1º, inciso V, e 39, inciso II, da Lei 8.443/1992, c/c o art. 259, inciso II, do Regimento Interno/TCU, em:</p><p>9.1. considerar ilegal a concessão de aposentadoria em favor do Sr. José Ciro Braga e negar registro ao correspondente ato;</p><p>9.2. dispensar o ressarcimento das quantias indevidamente recebidas de boa-fé pelo interessado, consoante o disposto no Enunciado 106 da Súmula da Jurisprudência do TCU;</p><p>9.3. determinar ao Departamento Nacional de Obras Contra as Secas, no prazo de 15 (quinze) dias a contar da ciência desta Deliberação, que:</p><p>9.3.1. abstenha-se de realizar pagamentos decorrentes do ato ora impugnado, sob pena de responsabilidade solidária da autoridade administrativa omissa, nos termos do art. 262 do Regimento Interno/TCU;</p><p>9.3.2. dê ciência do inteiro teor desta Deliberação ao interessado, alertando-o de que o efeito suspensivo proveniente da interposição de possíveis recursos perante o TCU não o exime da devolução dos valores percebidos indevidamente após a respectiva notificação, caso os recursos não sejam providos, encaminhando a este Tribunal, no prazo de 30 (trinta) dias, comprovante da referida ciência; e</p><p>9.3.3. emita novo ato de concessão de aposentadoria em favor do Sr. José Ciro Braga, livre da irregularidade verificada, e promova o seu cadastramento no sistema e-Pessoal, submetendo-o a este Tribunal, nos termos da IN/TCU 78/2018.</p><p>10. Ata n° 29/2022 - 2ª Câmara.</p><p>11. Data da Sessão: 23/8/2022 - Ordinária.</p><p>12. Código eletrônico para localização na página do TCU na Internet: AC-4480-29/22-2.</p><p>13. Especificação do quórum:</p><p>13.1. Ministros presentes: Bruno Dantas (Presidente), Augusto Nardes, Aroldo Cedraz e Antonio Anastasia.</p><p>13.2. Ministros-Substitutos presentes: Marcos Bemquerer Costa (Relator) e André Luís de Carvalho.</p><p>ACÓRDÃO Nº 4481/2022 - TCU - 2ª Câmara</p><p>1. Processo: TC-010.384/2022-7.</p><p>2. Grupo: I; Classe de Assunto: V - Aposentadoria.</p><p>3. Interessada: Maria Nice Brito dos Santos Castelo Branco (138.595.103-63).</p><p>4. Entidade: Departamento Nacional de Obras Contra as Secas - Dnocs.</p><p>5. Relator: Ministro-Substituto Marcos Bemquerer Costa.</p><p>6. Representante do Ministério Público: Procuradora-Geral Cristina Machado da Costa e Silva, em substituição ao Procurador Sérgio Ricardo Costa Caribé.</p><p>7. Unidade Técnica: Secretaria de Fiscalização de Integridade de Atos e Pagamentos de Pessoal e de Benefícios Sociais - Sefip.</p><p>8. Representação legal: não há.</p><p>9. Acórdão:</p><p>VISTOS, relatados e discutidos estes autos em que se analisa ato de concessão de aposentadoria emitido pelo Departamento Nacional de Obras Contra as Secas em benefício da Sra. Maria Nice Brito dos Santos Castelo Branco.</p><p>ACORDAM os Ministros do Tribunal de Contas da União, reunidos em Sessão da 2ª Câmara, ante as razões expostas pelo Relator, e com fulcro nos incisos III e IX do art. 71 da Constituição Federal e nos arts. 1º, inciso V, e 39, inciso II, da Lei 8.443/1992, c/c o art. 259, inciso II, do Regimento Interno/TCU, em:</p><p>9.1. considerar ilegal a concessão de aposentadoria em favor da Sra. Maria Nice Brito dos Santos Castelo Branco e negar registro ao correspondente ato;</p><p>9.2. dispensar o ressarcimento das quantias indevidamente recebidas de boa-fé pela interessada, consoante o disposto no Enunciado 106 da Súmula da Jurisprudência do TCU;</p><p>9.3. determinar ao Departamento Nacional de Obras Contra as Secas, no prazo de 15 (quinze) dias a contar da ciência desta Deliberação, que:</p><p>9.3.1. abstenha-se de realizar pagamentos decorrentes do ato ora impugnado, sob pena de responsabilidade solidária da autoridade administrativa omissa, nos termos do art. 262 do Regimento Interno/TCU;</p><p>9.3.2. dê ciência do inteiro teor desta Deliberação à interessada, alertando-a de que o efeito suspensivo proveniente da interposição de possíveis recursos perante o TCU não a exime da devolução dos valores percebidos indevidamente após a respectiva notificação, caso os recursos não sejam providos, encaminhando a este Tribunal, no prazo de 30 (trinta) dias, comprovante da referida ciência; e</p><p>9.3.3. emita novo ato de concessão de aposentadoria em favor da Sra. Maria Nice Brito dos Santos Castelo Branco, livre da irregularidade verificada, e promova o seu cadastramento no sistema e-Pessoal, submetendo-o a este Tribunal, nos termos da IN/TCU 78/2018.</p><p>10. Ata n° 29/2022 - 2ª Câmara.</p><p>11. Data da Sessão: 23/8/2022 - Ordinária.</p><p>12. Código eletrônico para localização na página do TCU na Internet: AC-4481-29/22-2.</p><p>13. Especificação do quórum:</p><p>13.1. Ministros presentes: Bruno Dantas (Presidente), Augusto Nardes, Aroldo Cedraz e Antonio Anastasia.</p><p>13.2. Ministros-Substitutos presentes: Marcos Bemquerer Costa (Relator) e André Luís de Carvalho.</p><p>ACÓRDÃO Nº 4482/2022 - TCU - 2ª Câmara</p><p>1. Processo: TC-010.387/2022-6.</p><p>2. Grupo: I; Classe de Assunto: V - Aposentadoria.</p><p>3. Interessado: Silvio da Silva Macedo (151.175.881-34).</p><p>4. Entidade: Fundação Universidade de Brasília.</p><p>5. Relator: Ministro-Substituto Marcos Bemquerer Costa.</p><p>6. Representante do Ministério Público: Procurador Rodrigo Medeiros de Lima.</p><p>7. Unidade Técnica: Secretaria de Fiscalização de Integridade de Atos e Pagamentos de Pessoal e de Benefícios Sociais - Sefip.</p><p>8. Representação legal: não há.</p><p>9. Acórdão:</p><p>VISTOS, relatados e discutidos estes autos em que se analisa ato de concessão de aposentadoria deferida pela Fundação Universidade de Brasília em benefício do Sr. Silvio da Silva Macedo.</p><p>ACORDAM os Ministros do Tribunal de Contas da União, reunidos em Sessão da 2ª Câmara, ante as razões expostas pelo Relator, e com fulcro nos incisos III e IX do art. 71 da Constituição Federal e nos arts. 1º, inciso V, e 39, inciso II, da Lei 8.443/1992, c/c o art. 259, inciso II, do Regimento Interno/TCU, em:</p><p>9.1. considerar ilegal a concessão de aposentadoria em favor do Sr. Silvio da Silva Macedo, com negativa de registro do correspondente ato;</p><p>9.2. dispensar o ressarcimento das quantias indevidamente recebidas de boa-fé pelo interessado, consoante o disposto no Enunciado 106 da Súmula da Jurisprudência do TCU;</p><p>9.3. determinar à Fundação Universidade de Brasília que adote as seguintes medidas:</p><p>9.3.1. acompanhe os desdobramentos do Mandado de Segurança 28.819/DF em trâmite no Supremo Tribunal Federal e, a partir da superveniente decisão judicial final desfavorável ao inativo, implemente providências administrativas, dentro do prazo de 30 (dias) contados da ciência da referida decisão judicial, para cessar os pagamentos decorrentes da parcela relativa à URP em 26,05%, bem como promova a reposição ao erário dos valores indevidamente percebidos, nos termos do art. 46 da Lei 8.112/1990, com a redação dada pela Medida Provisória 2.225-45/2001, caso a decisão judicial definitiva não disponha de modo contrário; e</p><p>9.3.2. no prazo de 15 (quinze) dias a contar da ciência desta Deliberação, dê ciência deste Acórdão ao interessado, encaminhando a este Tribunal, no prazo de 30 (trinta) dias, comprovante da referida ciência.</p><p>10. Ata n° 29/2022 - 2ª Câmara.</p><p>11. Data da Sessão: 23/8/2022 - Ordinária.</p><p>12. Código eletrônico para localização na página do TCU na Internet: AC-4482-29/22-2.</p><p>13. Especificação do quórum:</p><p>13.1. Ministros presentes: Bruno Dantas (Presidente), Augusto Nardes, Aroldo Cedraz e Antonio Anastasia.</p><p>13.2. Ministros-Substitutos presentes: Marcos Bemquerer Costa (Relator) e André Luís de Carvalho.</p><p>ACÓRDÃO Nº 4483/2022 - TCU - 2ª Câmara</p><p>1. Processo: TC-023.479/2018-3.</p><p>2. Grupo: II; Classe de Assunto: II - Tomada de Contas Especial.</p><p>3. Responsáveis: Instituto Empreender (03.666.886/0001-03); Marasueli Borges Felipe (394.075.945-72); Américo José Córdula Teixeira (048.602.538-17); e Elaine Rodrigues Santos (719.876.736- 20).</p><p>4. Unidade Jurisdicionada: Secretaria Especial da Cultura do Ministério do Turismo, sucessora da Secretaria da Identidade e da Diversidade do extinto Ministério da Cultura.</p><p>5. Relator: Ministro-Substituto Marcos Bemquerer Costa.</p><p>6. Representante do Ministério Público: Procuradora-Geral Cristina Machado da Costa e Silva.</p><p>7. Unidade Técnica: Secretaria de Controle Externo de Tomada de Contas Especial - Secex/TCE.</p><p>8. Representação legal: Lidiane Rodrigues Paz, OAB/DF 37610, representante do Instituto Empreender e da Sra. Marasueli Borges Felipe; e Mauro Porto, OAB/DF 12.878, representante de Elaine Rodrigues Santos.</p><p>9. Acórdão:</p><p>VISTOS, relatados e discutidos estes autos referentes à Tomada de Contas Especial instaurada pelo extinto Ministério da Cultura - MinC, em face da ausência de documentos que evidenciassem a execução integral do Termo de Parceria 1/2009, firmado em 26/11/2009 entre a sua Secretaria da Identidade e da Diversidade e o Instituto Empreender, tendo por objeto "atividades de manutenção e fortalecimento das expressões culturais e o apoio ao pleno desenvolvimento e sustentabilidade dos grupos e redes de agentes culturais responsáveis pela diversidade das expressões culturais brasileiras, no âmbito da Convenção de Diversidade".</p><p>ACORDAM os Ministros do Tribunal de Contas da União, reunidos em sessão da 2ª Câmara, ante as razões expostas pelo Relator, em:</p><p>9.1. julgar regulares com ressalva as contas da Sra. Elaine Rodrigues Santos e do Sr. Américo José Córdula Teixeira, dando-lhes quitação, nos termos dos arts. 1º, inciso I, 16, inciso II, e 18 da Lei 8.443/1992;</p><p>9.2. com fundamento nos arts. 1º, inciso I, 16, inciso III, alínea "c", 19, caput, e 23, inciso III, da Lei 8.443/1992, julgar irregulares as contas da Sra. Marasueli Borges Felipe e do Instituto Empreender, e condená-los, na forma adiante especificada, ao pagamento das quantias descritas a seguir, atualizadas monetariamente e acrescidas de juros de mora calculados a partir das respectivas datas até o dia da efetiva quitação, fixando-lhes o prazo de 15 (quinze) dias, a contar das notificações, para que comprovem, perante o Tribunal (art. 214, inciso III, alínea "a", do Regimento Interno/TCU), o recolhimento do débito ao Fundo Nacional de Cultura, na forma da legislação em vigor, devendo ser abatida, por ocasião do pagamento, a parcela já restituída, nos termos do Enunciado 128 da Súmula de Jurisprudência/TCU:</p><p>9.2.1. Instituto Empreender:</p><p /><p></p><table><tr /><tr><td rowspan="1" colspan="1"><p>VALOR (R$)</p></td><td rowspan="1" colspan="1"><p>DATA</p></td></tr><tr><td rowspan="1" colspan="1"><p>40.000,00</p></td><td rowspan="1" colspan="1"><p>04/01/2010</p></td></tr><tr><td rowspan="1" colspan="1"><p>159.266,40</p></td><td rowspan="1" colspan="1"><p>03/02/2010</p></td></tr><tr><td rowspan="1" colspan="1"><p>359.907,55</p></td><td rowspan="1" colspan="1"><p>18/03/2010</p></td></tr><tr><td rowspan="1" colspan="1"><p>43.291,83</p></td><td rowspan="1" colspan="1"><p>03/09/2010</p></td></tr><tr><td rowspan="1" colspan="1"><p>142.591,09</p></td><td rowspan="1" colspan="1"><p>03/09/2010</p></td></tr><tr><td rowspan="1" colspan="1"><p>8.000,00</p></td><td rowspan="1" colspan="1"><p>04/04/2011</p></td></tr><tr><td rowspan="1" colspan="1"><p>142.652,95</p></td><td rowspan="1" colspan="1"><p>04/04/2011</p></td></tr><tr><td rowspan="1" colspan="1"><p>9.347,05</p></td><td rowspan="1" colspan="1"><p>04/04/2011</p></td></tr><tr><td rowspan="1" colspan="1"><p>48.000,00</p></td><td rowspan="1" colspan="1"><p>24/06/2011</p></td></tr><tr><td rowspan="1" colspan="1"><p>58.377,64</p></td><td rowspan="1" colspan="1"><p>29/09/2011</p></td></tr></table><p>9.2.2. Sra. Marasueli Borges Felipe, solidariamente com o Instituto Empreender:</p><p /><p></p><table><tr /><tr><td rowspan="1" colspan="1"><p>VALOR (R$)</p></td><td rowspan="1" colspan="1"><p>DATA</p></td><td rowspan="1" colspan="1"><p>TIPO</p></td></tr><tr><td rowspan="1" colspan="1"><p>3.446.921,83</p></td><td rowspan="1" colspan="1"><p>18/03/2010</p></td><td rowspan="1" colspan="1"><p>D</p></td></tr><tr><td rowspan="1" colspan="1"><p>497.855,99</p></td><td rowspan="1" colspan="1"><p>03/09/2010</p></td><td rowspan="1" colspan="1"><p>D</p></td></tr><tr><td rowspan="1" colspan="1"><p>1.639.797,50</p></td><td rowspan="1" colspan="1"><p>03/09/2010</p></td><td rowspan="1" colspan="1"><p>D</p></td></tr><tr><td rowspan="1" colspan="1"><p>92.000,00</p></td><td rowspan="1" colspan="1"><p>04/04/2011</p></td><td rowspan="1" colspan="1"><p>D</p></td></tr><tr><td rowspan="1" colspan="1"><p>1.640.508,93</p></td><td rowspan="1" colspan="1"><p>04/04/2011</p></td><td rowspan="1" colspan="1"><p>D</p></td></tr><tr><td rowspan="1" colspan="1"><p>107.491,07</p></td><td rowspan="1" colspan="1"><p>04/04/2011</p></td><td rowspan="1" colspan="1"><p>D</p></td></tr><tr><td rowspan="1" colspan="1"><p>552.000,00</p></td><td rowspan="1" colspan="1"><p>24/06/2011</p></td><td rowspan="1" colspan="1"><p>D</p></td></tr><tr><td rowspan="1" colspan="1"><p>671.342,87</p></td><td rowspan="1" colspan="1"><p>29/09/2011</p></td><td rowspan="1" colspan="1"><p>D</p></td></tr><tr><td rowspan="1" colspan="1"><p>34.685,40</p></td><td rowspan="1" colspan="1"><p>18/06/2013</p></td><td rowspan="1" colspan="1"><p>C</p></td></tr></table><p>9.3. aplicar a multa prevista no art. 57 da Lei 8.443/1992, individualmente, à Sra. Marasueli Borges Felipe, no valor de R$ 100.000,00 (cem mil reais) e ao Instituto Empreender, no valor de R$ 200.000,00 (duzentos mil reais), fixando-lhes o prazo de 15 (quinze) dias, a contar das notificações, para que comprovem, perante o Tribunal (art. 214, inciso III, alínea "a", do Regimento Interno/TCU), o recolhimento da dívida ao Tesouro Nacional, atualizada monetariamente desde a data do presente Acórdão até a do efetivo recolhimento, caso paga após o vencimento, na forma da legislação em vigor;</p><p>9.4. autorizar, caso requerido, nos termos do art. 26 da Lei 8.443/1992 c/c o art. 217 do Regimento Interno/TCU, o parcelamento das dívidas em até 36 (trinta e seis) parcelas mensais e sucessivas, sobre as quais incidirão os correspondentes acréscimos legais (débito: atualização monetária e juros de mora; multa: atualização monetária), esclarecendo aos responsáveis que a falta de pagamento de qualquer parcela importará no vencimento antecipado do saldo devedor, sem prejuízo das demais medidas legais;</p><p>9.5. autorizar, desde logo, a cobrança judicial das dívidas, com fulcro no art. 28, inciso II, da Lei 8.443/1992, caso não atendidas as notificações; e</p><p>9.6. enviar cópia deste Acórdão à Secretaria Especial da Cultura do Ministério do Turismo, para ciência, bem como à Procuradoria da República no Estado de Pernambuco, com fundamento no art. 16, § 3º, da Lei 8.443/1992, c/c o art. 209, § 7º, do Regimento Interno/TCU, para adoção das medidas cabíveis.</p><p>10. Ata n° 29/2022 - 2ª Câmara.</p><p>11. Data da Sessão: 23/8/2022 - Ordinária.</p><p>12. Código eletrônico para localização na página do TCU na Internet: AC-4483-29/22-2.</p><p>13. Especificação do quórum:</p><p>13.1. Ministros presentes: Bruno Dantas (Presidente), Augusto Nardes, Aroldo Cedraz e Antonio Anastasia.</p><p>13.2. Ministros-Substitutos presentes: Marcos Bemquerer Costa (Relator) e André Luís de Carvalho.</p><p>ACÓRDÃO Nº 4484/2022 - TCU - 2ª Câmara</p><p>1. Processo nº TC-025.199/2017-0.</p><p>2. Grupo: I; Classe de Assunto: II - Tomada de Contas Especial.</p><p>3. Responsáveis: Eryka Maria de Vasconcelos Luna (902.072.624-20); Governo do Estado de Pernambuco (10.571.982/0001-25); Isaltino José do Nascimento Filho (420.493.424-20); e Metalvias Construções Ltda. (12.312.930/0001-60).</p><p>4. Entidade: Estado de Pernambuco.</p><p>5. Relator: Ministro-Substituto Marcos Bemquerer Costa.</p><p>6. Representante do Ministério Público: Procuradora-Geral Cristina Machado da Costa e Silva.</p><p>7. Unidade Técnica: Secretaria de Controle Externo de Tomada de Contas Especial (Secex/TCE).</p><p>8. Representação legal: Flavio Roberto de Queiroz Figueiredo (10020/OAB-PB) e Alice Silva das Chagas (24810/OAB-PE), representando Isaltino Jose do Nascimento Filho; Nivaldo Lucio de Oliveira Junior (38328/OAB-PE) e Manuela Carapeba Lucio (25325/OAB-PE), representando Eryka Maria de Vasconcelos Luna; Paulo Aristóteles Amador de Sousa, representando Ministério dos Transportes, Portos e Aviação Civil (extinta); Paulo Aristóteles Amador de Sousa, representando Departamento Nacional de Infraestrutura de Transportes.</p><p>9. Acórdão:</p><p>VISTOS, relatados e discutidos estes autos referentes à Tomada de Contas Especial instaurada pelo Departamento Nacional de Infraestrutura de Transportes (Dnit), em decorrência da impugnação parcial de despesas realizadas no âmbito do Termo de Compromisso 820/2010 (peça 2, p. 3-12), celebrado com o Governo do Estado de Pernambuco, objetivando a execução de serviços de reconstrução e restauração viária nos municípios em estado de emergência no Estado de Pernambuco, devido às chuvas ocorridas no mês de junho de 2010.</p><p>ACORDAM os Ministros do Tribunal de Contas da União, reunidos em Sessão da 2ª Câmara, ante as razões expostas pelo Relator, em:</p><p>9.1. excluir o Sr. Isaltino José do Nascimento Filho e a Sra. Eryka Maria de Vasconcelos Luna da presente relação processual;</p><p>9.2. nos termos do art. 12, §§ 1º e 2º, da Lei 8.443/1992, c/c o art. 202, §§ 2º e 3º, do Regimento Interno/TCU, rejeitar as alegações de defesa do Estado de Pernambuco e fixar novo e improrrogável prazo de 15 (quinze) dias, a contar da notificação, para que o aludido ente federado, em solidariedade com a empresa Metalvias Construções Ltda., comprovem, perante este Tribunal, o recolhimento ao Tesouro Nacional das importâncias abaixo discriminadas, atualizadas monetariamente a partir das datas indicadas até a do efetivo recolhimento, na forma da legislação em vigor:</p><p /><p></p><table><tr /><tr><td rowspan="1" colspan="1"><p>Data de ocorrência</p></td><td rowspan="1" colspan="1"><p>Valor histórico (R$)</p></td></tr><tr><td rowspan="1" colspan="1"><p>11/7/2011</p></td><td rowspan="1" colspan="1"><p>181. 963,91</p></td></tr><tr><td rowspan="1" colspan="1"><p>11/7/2011</p></td><td rowspan="1" colspan="1"><p>52.889,98</p></td></tr></table><p>9.3. autorizar, caso requerido, nos termos do art. 26 da Lei 8.443/1992 c/c o art. 217 do Regimento Interno/TCU, o parcelamento da dívida em até 36 (trinta e seis) parcelas mensais e sucessivas, atualizadas monetariamente, esclarecendo aos responsáveis que a falta de pagamento de qualquer parcela importará no vencimento antecipado do saldo devedor, sem prejuízo das demais medidas legais; e</p><p>9.4. cientificar o Estado de Pernambuco e a empresa Metalvias Construções Ltda. que, nos termos do art. 12, § 2º, da Lei 8.443/1992 c/c o art. 202, § 4º, do Regimento Interno/TCU, a liquidação tempestiva do débito atualizado monetariamente saneará o processo e o Tribunal julgará as respectivas contas regulares com ressalva, dando-lhes quitação, mas que a falta de liquidação tempestiva da dívida ensejará o julgamento pela irregularidade das contas, com imputação de débito atualizado monetariamente e acrescido de juros de mora, podendo ainda ser aplicada multa proporcional ao dano;</p><p>9.5. dar ciência desta deliberação ao Sr. Isaltino José do Nascimento Filho e à Sra. Eryka Maria de Vasconcelos Luna, bem como ao Departamento de Estradas de Rodagem do Estado de Pernambuco.</p><p>10. Ata n° 29/2022 - 2ª Câmara.</p><p>11. Data da Sessão: 23/8/2022 - Ordinária.</p><p>12. Código eletrônico para localização na página do TCU na Internet: AC-4484-29/22-2.</p><p>13. Especificação do quórum:</p><p>13.1. Ministros presentes: Bruno Dantas (Presidente), Augusto Nardes, Aroldo Cedraz e Antonio Anastasia.</p><p>13.2. Ministros-Substitutos presentes: Marcos Bemquerer Costa (Relator) e André Luís de Carvalho.</p>]]></Texto>
  </body>
  <Midias />
</article></xml>