﻿<xml><article id="27735704" name="resolucao_2797_2022 GELAS" idOficio="9057487" pubName="DO1" artType="Resolução" pubDate="30/08/2022" artClass="00026:00034:00016:00364:00000:00000:00000:00000:00000:00000:00064:32797" artCategory="Ministério da Saúde/Agência Nacional de Vigilância Sanitária/4ª Diretoria/Gerência de Laboratórios de Saúde Pública" artSize="12" artNotes="" numberPage="281" pdfPage="http://pesquisa.in.gov.br/imprensa/jsp/visualiza/index.jsp?data=30/08/2022&amp;jornal=515&amp;pagina=281" editionNumber="165" highlightType="" highlightPriority="" highlight="" highlightimage="" highlightimagename="" idMateria="19840192">
  <body>
    <Identifica><![CDATA[ RESOLUÇÃO-RE Nº 2.797, DE 25 DE AGOSTO DE 2022]]></Identifica>
    <Data><![CDATA[]]></Data>
    <Ementa />
    <Titulo />
    <SubTitulo />
    <Texto><![CDATA[<p class="identifica">RESOLUÇÃO-RE Nº 2.797, DE 25 DE AGOSTO DE 2022</p><p>A Gerente de Laboratórios de Saúde Pública, no uso das atribuições que lhe confere o art. 138 aliado ao art. 203, I, §1º do Regimento Interno aprovado pela Resolução de Diretoria Colegiada - RDC nº 585, de 10 de dezembro de 2021, tendo em vista o disposto na Resolução de Diretoria Colegiada - RDC nº 390, de 26 de maio de 2020, resolve:</p><p>Art. 1º Indeferir o pedido de habilitação na Rede Brasileira de Laboratórios Analíticos em Saúde (REBLAS) o(s) laboratório(s) constante(s) no anexo.</p><p>Art. 2º Esta Resolução entra em vigor na data de sua publicação.</p><p class="assina">GRAZIELA COSTA ARAÚJO</p><p class="anexo">ANEXO</p><p>ASSUNTO PETIÇÃO EXPEDIENTE</p><p>LABORATÓRIO CNPJ</p><p>ENDEREÇO CIDADE UF</p><p>MOTIVAÇÃO INDEFERIMENTO</p><p>-------------------------------------------------------------------------------------------------------</p><p>70675- REBLAS - Habilitação Inicial de Laboratório Analítico. 4540727/22-2</p><p>Centro Integrado de Análises Amb. Ltda. 10.220.264/0001-04</p><p>Rua Ceará Mirim 272 - Tirol. Natal/RN</p><p>Descumprimento do art 4º, inciso III da RDC nº 390/2020</p>]]></Texto>
  </body>
  <Midias />
</article></xml>