﻿<xml><article id="27745195" name="Retif- 140_3" idOficio="9058022" pubName="DO1" artType="Retificação" pubDate="30/08/2022" artClass="00015:00048:00000:00000:00000:00000:00000:00000:00000:00000:00066:00000" artCategory="Ministério da Economia/Instituto Nacional de Metrologia, Qualidade e Tecnologia" artSize="12" artNotes="" numberPage="87" pdfPage="http://pesquisa.in.gov.br/imprensa/jsp/visualiza/index.jsp?data=30/08/2022&amp;jornal=515&amp;pagina=87" editionNumber="165" highlightType="" highlightPriority="" highlight="" highlightimage="" highlightimagename="" idMateria="19840879">
  <body>
    <Identifica />
    <Data><![CDATA[]]></Data>
    <Ementa />
    <Titulo />
    <SubTitulo />
    <Texto><![CDATA[<p>5) Na Nota do subitem 5.3.2 do Anexo I,</p><p>Onde se lê:</p><p>"Nota: No caso específico de monoblocos chumbo-ácidos tipo sem manutenção, que não permitem a reposição de água, sua vida em ciclos é reduzida. O número mínimo da sequência completa do ciclo de Fases A+B (150 ciclos) dever ser igual ou maior que 1 e a capacidade real deve ser igual ou superior a 80% da capacidade nominal especificada pelo fabricante no regime de descarga nominal."</p><p>Leia-se:</p><p>"Nota: No caso específico de monoblocos chumbo-ácidos tipo ventilado sem manutenção, que não permitem a reposição de água, sua vida em ciclos é reduzida. O número mínimo da sequência completa do ciclo de Fases A+B (150 ciclos) dever ser igual ou maior que 1 e a capacidade real deve ser igual ou superior a 80% da capacidade nominal especificada pelo fabricante no regime de descarga nominal."</p><p>6) No subitem 6.1.1.3.1 do Anexo II - Requisitos de Avaliação da Conformidade para Equipamentos de Geração, Condicionamento e Armazenamento de Energia Elétrica em Sistemas Fotovoltaicos,</p><p>Onde se lê:</p><p>"6.1.1.3.1 Os critérios para a definição do laboratório devem seguir devem seguir o estabelecido no RGDF Produtos, exceto pelo que segue."</p><p>Leia-se:</p><p>"6.1.1.3.1 Os critérios para a definição do laboratório devem seguir o estabelecido no RGDF Produtos, exceto pelo que segue."</p><p>7) Na Tabela 11 do Anexo I,</p><p>Onde se lê:</p><p>"Tabela 11 - Requisitos de imunidade a variações transitórias de tensão quando o inversor on-grid injeta potência na rede."</p><img name="1_MECON_30_003" />]]></Texto>
  </body>
  <Midias>
    <Midia></Midia>
  </Midias>
</article></xml>