﻿<xml><article id="27747345" name="PORTARIA 2668 PNHU" idOficio="9059651" pubName="DO1" artType="Portaria" pubDate="30/08/2022" artClass="00014:00001:00000:00000:00000:00000:00000:00000:00000:00000:00054:00004" artCategory="Ministério do Desenvolvimento Regional/Gabinete do Ministro" artSize="12" artNotes="" numberPage="69" pdfPage="http://pesquisa.in.gov.br/imprensa/jsp/visualiza/index.jsp?data=30/08/2022&amp;jornal=515&amp;pagina=69" editionNumber="165" highlightType="" highlightPriority="" highlight="" highlightimage="" highlightimagename="" idMateria="19843291">
  <body>
    <Identifica><![CDATA[ PORTARIA Nº 2.668, DE 29 DE AGOSTO DE 2022]]></Identifica>
    <Data><![CDATA[]]></Data>
    <Ementa><![CDATA[ Altera a Portaria n. 114, de 9 de fevereiro de 2018, do Ministério das Cidades, que estabelece as condições gerais para aquisição de imóveis com recursos advindos da integralização de cotas no Fundo de Arrendamento Residencial (FAR), no âmbito do Programa Nacional de Habitação Urbana (PNHU).]]></Ementa>
    <Titulo />
    <SubTitulo />
    <Texto><![CDATA[<p class="identifica">PORTARIA Nº 2.668, DE 29 DE AGOSTO DE 2022</p><p class="ementa">Altera a Portaria n. 114, de 9 de fevereiro de 2018, do Ministério das Cidades, que estabelece as condições gerais para aquisição de imóveis com recursos advindos da integralização de cotas no Fundo de Arrendamento Residencial (FAR), no âmbito do Programa Nacional de Habitação Urbana (PNHU).</p><p>O MINISTRO DE ESTADO DO DESENVOLVIMENTO REGIONAL, no uso das atribuições que lhe confere o art. 87, parágrafo único, incisos I e II, da Constituição Federal, o art. 29 da Lei n. 13.844, de 18 de junho de 2019, o art. 1º do Anexo I do Decreto n. 11.065, de 6 de maio de 2022, e tendo em vista o disposto na Lei n. 10.188, de 12 de fevereiro de 2001, na Lei n. 11.977, de 7 de julho de 2009, e no Decreto n. 7.499, de 16 de junho de 2011, resolve:</p><p>Art.1º O Anexo I da Portaria nº 114, de 9 de fevereiro de 2018, do Ministério das Cidades, passa a vigorar com as seguintes alterações:</p><p>"6...............................................................................................</p><p>6.5.....................................................................................</p><p>6.5.3.3. Nos casos de aporte adicional ou suplementação, a verificação de enquadramento dos valores máximos de aquisição por unidade habitacional não incluirá o custo de itens de obra involuídos de que trata o item 6.5.4 deste anexo.</p><p>6.5.4. São considerados itens de obra involuídos aqueles degradados, subtraídos por terceiros, defeituosos, erodidos ou perdidos, em decorrência de fatores antecedentes às solicitações de aporte adicional ou de suplementação, cuja substituição ou refazimento seja considerado imprescindível à continuidade ou à retomada, conclusão e legalização dos empreendimentos.</p><p>6.5.4.1. Os custos de itens de obra involuídos compreendem os serviços e despesas necessárias para reconstituir o empreendimento à condição em que se encontrava no momento da paralisação ou da ocorrência do fato superveniente.</p><p>6.6...................................................</p><p>6.7. Admitir-se-á a desimobilização de empreendimento habitacional, em caráter excepcional, cuja viabilidade de finalização ou reparação esteja comprometida por aspectos técnicos, econômicos e sociais, desde que autorizada pela Secretaria Nacional de Habitação.</p><p>6.7.1. A desimobilização de que trata o item 6.7 deste anexo consiste no desfazimento, conforme regulamentação complementar do Gestor Operacional, de empreendimentos habitacionais do Programa pertencentes ao patrimônio do FAR.</p><p>6.7.2. O Gestor Operacional deverá submeter à Secretaria Nacional de Habitação manifestação favorável à desimobilização do empreendimento, acompanhada de parecer técnico da Instituição Financeira, no qual conste a motivação e critérios utilizados para indicação do empreendimento à medida.</p><p>6.7.3. O Gestor Operacional regulamentará os critérios a serem considerados pela Instituição Financeira para atestar a indicação de empreendimentos à desimobilização, bem como a operacionalização da medida.</p><p>6.7.4. O valor auferido pela desimobilização do empreendimento deverá ser restituído ao FAR, descontando-se a cobertura de eventuais despesas com a realização do procedimento pela Instituição Financeira.</p><p>6.7.5. Nos casos em que a desimobilização não se efetivar por ausência de interessados, a Instituição Financeira deverá verificar o interesse de União, Estados, Distrito Federal e Municípios, em receber o bem objeto da desimobilização doado para destinação em programas de interesse social, cabendo ao FAR a cobertura de eventuais despesas, incluindo-se aquelas decorrentes da execução do procedimento previsto no item 6.7.4." (NR)</p><p>Art. 2º Esta Portaria entra em vigor na data de sua publicação.</p><p class="assina">DANIEL DE OLIVEIRA DUARTE FERREIRA</p>]]></Texto>
  </body>
  <Midias />
</article></xml>