﻿<xml><article id="27736805" name="resolucao_2825_2022 GGMED" idOficio="9057699" pubName="DO1" artType="Resolução" pubDate="30/08/2022" artClass="00026:00034:00014:00008:00000:00000:00000:00000:00000:00000:00064:32825" artCategory="Ministério da Saúde/Agência Nacional de Vigilância Sanitária/2ª Diretoria/Gerência-Geral de Medicamentos" artSize="12" artNotes="" numberPage="259" pdfPage="http://pesquisa.in.gov.br/imprensa/jsp/visualiza/index.jsp?data=30/08/2022&amp;jornal=515&amp;pagina=259" editionNumber="165" highlightType="" highlightPriority="" highlight="" highlightimage="" highlightimagename="" idMateria="19840498">
  <body>
    <Identifica><![CDATA[ RESOLUÇÃO-RE Nº 2.825, DE 25 DE AGOSTO DE 2022]]></Identifica>
    <Data><![CDATA[]]></Data>
    <Ementa />
    <Titulo />
    <SubTitulo />
    <Texto><![CDATA[<p class="identifica">RESOLUÇÃO-RE Nº 2.825, DE 25 DE AGOSTO DE 2022</p><p>O Gerente-Geral de Medicamentos, no uso das atribuições que lhe confere o art. 100, aliado ao art. 203, I, § 1º do Regimento Interno aprovado pela Resolução de Diretoria Colegiada - RDC nº 585, de 10 de dezembro de 2021, resolve:</p><p>Art. 1º Deferir petições relacionadas à Gerência-Geral de Medicamentos, conforme anexo.</p><p>Art. 2º Esta Resolução entra em vigor na data de sua publicação.</p><p class="assina">NÉLIO CEZAR DE AQUINO</p><p class="anexo">ANEXO</p><p>NOME DA EMPRESA CNPJ</p><p>PRINCIPIO(S) ATIVO(S)</p><p>NOME DO MEDICAMENTO NUMERO DO PROCESSO VENCIMENTO DO REGISTRO</p><p>ASSUNTO DA PETIÇÃO EXPEDIENTE</p><p>NUMERO DE REGISTRO VALIDADE</p><p>APRESENTAÇÃO DO PRODUTO</p><p>PRINCIPIO(S) ATIVO(S)</p><p>Aché Laboratórios Farmacêuticos S.A 60659463002992</p><p>ACEBROFILINA</p><p>ABRIC 25351.293293/2022-23 08/2032</p><p>10490 SIMILAR - REGISTRO DE PRODUTO - CLONE 4541974/22-4</p><p>(150 SIMILAR - REGISTRO DE MEDICAMENTO SIMILAR - 999027/75-3 - 25000.025668/84)</p><p>1.0573.0019.001-7 24 Meses</p><p>10 MG/ML XPE CT FR PLAS AMB X 120 ML + COP X 10 ML</p><p>1.0573.0019.002-5 24 Meses</p><p>5 MG/ML XPE CT FR PLAS AMB X 120 ML + COP X 10 ML</p><p>1.0573.0019.003-3 24 Meses</p><p>10 MG/ML XPE CT FR PLAS AMB X 60 ML + COP X 10 ML</p><p>1.0573.0019.004-1 24 Meses</p><p>5 MG/ML XPE CT FR PLAS AMB X 60 ML + COP X 10 ML</p><p>1.0573.0019.005-1 24 Meses</p><p>5 MG/ML XPE CT FR PLAS AMB X 60 ML + SER DOS X 10 ML</p><p>1.0573.0019.006-8 24 Meses</p><p>5 MG/ML XPE CT FR PLAS AMB X 120 ML + SER DOS X 10 ML</p><p>CIPROFIBRATO</p><p>TRIGLID 25351.293306/2022-64 08/2032</p><p>10490 SIMILAR - REGISTRO DE PRODUTO - CLONE 4542001/22-7</p><p>(150 SIMILAR - REGISTRO DE MEDICAMENTO SIMILAR - 376897/11-0 - 25351.270932/2011-60)</p><p>1.0573.0020.001-2 24 Meses</p><p>100 MG COM CT BL AL PLAS TRANS X 10</p><p>1.0573.0020.002-0 24 Meses</p><p>100 MG COM CT BL AL PLAS TRANS X 15</p><p>1.0573.0020.003-9 24 Meses</p><p>100 MG COM CT BL AL PLAS TRANS X 30</p><p>1.0573.0020.004-7 24 Meses</p><p>100 MG COM CT BL AL PLAS TRANS X 500</p><p>1.0573.0020.005-5 24 Meses</p><p>100 MG COM CT BL AL PLAS TRANS X 60</p><p>1.0573.0020.006-3 24 Meses</p><p>100 MG COM CT BL AL PLAS TRANS X 90</p><p>APSEN FARMACEUTICA S/A 62462015000129</p><p>CLORETO DE TRÓSPIO</p><p>Spasmex 25351.372406/2018-70 07/2030</p><p>11107 RDC 73/2016 - NOVO - AMPLIAÇÃO DO PRAZO DE VALIDADE DO MEDICAMENTO 2707105/22-7</p><p>1.0118.0631.001-5 36 Meses</p><p>15 MG COM REV CT BL AL PLAS PVC OPC X 15</p><p>1.0118.0631.002-3 36 Meses</p><p>15 MG COM REV CT BL AL PLAS PVC OPC X 30</p><p>1.0118.0631.003-1 36 Meses</p><p>15 MG COM REV CT BL AL PLAS PVC OPC X 60</p><p>1.0118.0631.004-1 36 Meses</p><p>30 MG COM REV CT BL AL PLAS PVC OPC X 15</p><p>1.0118.0631.005-8 36 Meses</p><p>30 MG COM REV CT BL AL PLAS PVC OPC X 30</p><p>1.0118.0631.006-6 36 Meses</p><p>30 MG COM REV CT BL AL PLAS PVC OPC X 60</p><p>1.0118.0631.007-4 36 Meses</p><p>15 MG COM REV CT BL AL PLAS PVC OPC X 10</p><p>1.0118.0631.008-2 36 Meses</p><p>15 MG COM REV CT BL AL PLAS PVC OPC X 20</p><p>1.0118.0631.009-0 36 Meses</p><p>30 MG COM REV CT BL AL PLAS PVC OPC X 10</p><p>1.0118.0631.010-4 36 Meses</p><p>30 MG COM REV CT BL AL PLAS PVC OPC X 20</p><p>1.0118.0631.011-2 36 Meses</p><p>15 MG COM REV CT BL AL PLAS PVC OPC X 90</p><p>1.0118.0631.012-0 36 Meses</p><p>15 MG COM REV CT BL AL PLAS PVC OPC X 120</p><p>1.0118.0631.013-9 36 Meses</p><p>30 MG COM REV CT BL AL PLAS PVC OPC X 90</p><p>1.0118.0631.014-7 36 Meses</p><p>30 MG COM REV CT BL AL PLAS PVC OPC X 120</p><p>BLAU FARMACÊUTICA S.A. 58430828000160</p><p>meropeném tri-hidratado</p><p>meropeném 25351.244982/2019-17 08/2032</p><p>155 GENERICO - REGISTRO DE MEDICAMENTO 0373792/19-6</p><p>1.1637.0187.001-1 24 Meses</p><p>500 MG PO SOL INJ IV CT FA VD II TRANS</p><p>1.1637.0187.002-8 24 Meses</p><p>500 MG PO SOL INJ IV CT 10 FA VD II TRANS</p><p>1.1637.0187.003-6 24 Meses</p><p>500 MG PO SOL INJ IV CT 25 FA VD II TRANS</p><p>1.1637.0187.004-4 24 Meses</p><p>500 PO SOL INJ IV CT 50 FA VD II TRANS</p><p>1.1637.0187.005-2 24 Meses</p><p>500 MG PO SOL INJ IV CT FA VD II TRANS + DIL AMP PLAS TRANS X 10 ML</p><p>1.1637.0187.006-0 24 Meses</p><p>500 MG PO SOL INJ IV CT FA VD II TRANS + DIL BOLS PLAS TRANS SIST FECH X 100 ML</p><p>1.1637.0187.007-9 24 Meses</p><p>500 MG PO SOL INJ IV CT 10 FA VD II TRANS +DIL 10 BOLS PLAS TRANS SIST FECH X 100 ML</p><p>1.1637.0187.008-7 24 Meses</p><p>500 MG PO SOL INJ IV CT 50 FA VD II TRANS + DIL 10 BOLS PLAS TRANS SIST FECH X 100 ML</p><p>1.1637.0187.009-5 24 Meses</p><p>500 MG PO SOL INJ IV CT FA VD III TRANS</p><p>1.1637.0187.010-9 24 Meses</p><p>500 MG PO SOL INJ IV CT 10 FA VD III TRANS</p><p>1.1637.0187.011-7 24 Meses</p><p>500 MG PO SOL INJ IV CT 25 FA VD III TRANS</p><p>1.1637.0187.012-5 24 Meses</p><p>500 MG PO SOL INJ IV CT 50 FA VD III TRANS</p><p>1.1637.0187.013-3 24 Meses</p><p>500 MG PO SOL INJ IV CT FA VD III TRANS + DIL AMP PLAS TRANS X 10 ML</p><p>1.1637.0187.014-1 24 Meses</p><p>500 MG PO SOL INJ IV CT FA VD III TRANS + DIL BOLS PLAS TRANS SIST FECH X 100 ML</p><p>1.1637.0187.015-1 24 Meses</p><p>500 MG PO SOL INJ IV CT 10 FA VD III TRANS + DIL 10 BOLS PLAS TRANS SIST FECH X 100 ML</p><p>1.1637.0187.016-8 24 Meses</p><p>500 MG PO SOL INJ IV CT 50 FA VD III TRANS + DIL 50 BOLS PLAS TRANS SIST FECH X 100 ML</p><p>1.1637.0187.017-6 24 Meses</p><p>1000 MG PO SOL INJ IV CT FA VD II TRANS</p><p>1.1637.0187.018-4 24 Meses</p><p>1000 MG PO SOL INJ IV CT 10 FA VD II TRANS</p><p>1.1637.0187.019-2 24 Meses</p><p>1000 MG PO SOL INJ IV CT 25 FA VD II TRANS</p><p>1.1637.0187.020-6 24 Meses</p><p>1000 MG PO SOL INJ IV CT 50 FA VD II TRANS</p><p>1.1637.0187.021-4 24 Meses</p><p>1000 MG PO SOL INJ IV CT FA VD II TRANS + DIL AMP PLAS TRANS X 10 ML</p><p>1.1637.0187.022-2 24 Meses</p><p>1000 MG PO SOL INJ IV CT FA VD II TRANS + DIL BOLS PLAS TRANS SIST FECH X 100 ML</p><p>1.1637.0187.023-0 24 Meses</p><p>1000 MG PO SOL INJ IV CT 10 FA VD II TRANS + DIL 10 BOLS PLAS TRANS SIST FECH X 100 ML</p><p>1.1637.0187.024-9 24 Meses</p><p>1000 MG PO SOL INJ IV CT 50 FA VD II TRANS + DIL 50 BOLS PLAS TRANS SIST FECH X 100 ML</p><p>1.1637.0187.025-7 24 Meses</p><p>1000 MG PO SOL INJ IV CT FA VD III TRANS</p><p>1.1637.0187.026-5 24 Meses</p><p>1000 MG PO SOL INJ IV CT 10 FA VD III TRANS</p><p>1.1637.0187.027-3 24 Meses</p><p>1000 MG PO SOL INJ IV CT 25 FA VD III TRANS</p><p>1.1637.0187.028-1 24 Meses</p><p>1000 MG PO SOL INJ IV CT 50 FA VD III TRANS</p><p>1.1637.0187.029-1 24 Meses</p><p>1000 MG PO SOL INJ IV CT FA VD III TRANS + DIL AMP PLAS TRANS X 10 ML</p><p>1.1637.0187.030-3 24 Meses</p><p>1000 MG PO SOL INJ IV CT FA VD III TRANS + DIL BOLS PLAS TRANS SIST FECH X 100 ML</p><p>1.1637.0187.031-1 24 Meses</p><p>1000 MG PO SOL INJ IV CT 10 FA VD III TRANS + DIL 10 BOLS PLAS TRANS SIST FECH X 100 ML</p><p>1.1637.0187.032-1 24 Meses</p><p>1000 MG PO SOL INJ IV CT 50 FA VD III TRANS + DIL 50 BOLS PLAS TRANS SIST FECH X 100 ML</p><p>CIMED INDUSTRIA S.A 02814497000107</p><p>CLORIDRATO DE FEXOFENADINA</p><p>PRAALERGIA 25351.285381/2022-51 08/2032</p><p>10490 SIMILAR - REGISTRO DE PRODUTO - CLONE 4527276/22-0</p><p>(155 GENERICO - REGISTRO DE MEDICAMENTO - 1078182/13-0 - 25351.749127/2013-72)</p><p>1.4381.0284.001-4 24 Meses</p><p>60 MG COM REV CT BL AL PLAS PVDC TRANS X 2</p><p>1.4381.0284.002-2 24 Meses</p><p>60 MG COM REV CT BL AL PLAS PVDC TRANS X 4</p><p>1.4381.0284.003-0 24 Meses</p><p>60 MG COM REV CT BL AL PLAS PVDC TRANS X 6</p><p>1.4381.0284.004-9 24 Meses</p><p>60 MG COM REV CT BL AL PLAS PVDC TRANS X 8</p><p>1.4381.0284.005-7 24 Meses</p><p>60 MG COM REV CT BL AL PLAS PVDC TRANS X 10</p><p>1.4381.0284.006-5 24 Meses</p><p>60 MG COM REV CT BL AL PLAS PVDC TRANS X 20</p><p>1.4381.0284.007-3 24 Meses</p><p>120 MG COM REV CT BL AL PLAS PVDC TRANS X 2</p><p>1.4381.0284.008-1 24 Meses</p><p>120 MG COM REV CT BL AL PLAS PVDC TRANS X 4</p><p>1.4381.0284.009-1 24 Meses</p><p>120 MG COM REV CT BL AL PLAS PVDC TRANS X 6</p><p>1.4381.0284.010-3 24 Meses</p><p>120 MG COM REV CT BL AL PLAS PVDC TRANS X 8</p><p>1.4381.0284.011-1 24 Meses</p><p>120 MG COM REV CT BL AL PLAS PVDC TRANS X 10</p><p>1.4381.0284.012-1 24 Meses</p><p>120 MG COM REV CT BL AL PLAS PVDC TRANS X 20</p><p>1.4381.0284.013-8 24 Meses</p><p>180 MG COM REV CT BL AL PLAS PVDC TRANS X 2</p><p>1.4381.0284.014-6 24 Meses</p><p>180 MG COM REV CT BL AL PLAS PVDC TRANS X 4</p><p>1.4381.0284.015-4 24 Meses</p><p>180 MG COM REV CT BL AL PLAS PVDC TRANS X 6</p><p>1.4381.0284.016-2 24 Meses</p><p>180 MG COM REV CT BL AL PLAS PVDC TRANS X 8</p><p>1.4381.0284.017-0 24 Meses</p><p>180 MG COM REV CT BL AL PLAS PVDC TRANS X 10</p><p>1.4381.0284.018-9 24 Meses</p><p>180 MG COM REV CT BL AL PLAS PVDC TRANS X 20</p><p>1.4381.0284.019-7 24 Meses</p><p>60 MG COM REV CT BL AL PLAS PVDC TRANS X 30</p><p>1.4381.0284.020-0 24 Meses</p><p>120 MG COM REV CT BL AL PLAS PVDC TRANS X 30</p><p>1.4381.0284.021-9 24 Meses</p><p>180 MG COM REV CT BL AL PLAS PVDC TRANS X 30</p><p>IBUPROFENO</p><p>PRALÍVIO MULHER 25351.613891/2021-42 08/2032</p><p>10490 SIMILAR - REGISTRO DE PRODUTO - CLONE 4230215/21-3</p><p>(155 GENERICO - REGISTRO DE MEDICAMENTO - 1917216/19-8 - 25351.441071/2019-28)</p><p>1.4381.0283.001-9 30 Meses</p><p>400 MG CAP MOLE CT BL AL PLAS PVC/PVDC TRANS X 3</p><p>1.4381.0283.002-7 30 Meses</p><p>400 MG CAP MOLE CT BL AL PLAS PVC/PVDC TRANS X 4</p><p>1.4381.0283.003-5 30 Meses</p><p>400 MG CAP MOLE CT BL AL PLAS PVC/PVDC TRANS X 8</p><p>1.4381.0283.004-3 30 Meses</p><p>400 MG CAP MOLE CT BL AL PLAS PVC/PVDC TRANS X 10</p><p>1.4381.0283.005-1 30 Meses</p><p>400 MG CAP MOLE CT BL AL PLAS PVC/PVDC TRANS X 16</p><p>1.4381.0283.006-1 30 Meses</p><p>400 MG CAP MOLE CT BL AL PLAS PVC/PVDC TRANS X 20</p><p>1.4381.0283.007-8 30 Meses</p><p>400 MG CAP MOLE CT BL AL PLAS PVC/PVDC TRANS X 36</p><p>1.4381.0283.008-6 30 Meses</p><p>400 MG CAP MOLE CT BL AL PLAS PVC/PVDC TRANS X 40</p><p>1.4381.0283.009-4 30 Meses</p><p>400 MG CAP MOLE CT BL AL PLAS PVC/PVDC TRANS X 50</p><p>1.4381.0283.010-8 30 Meses</p><p>400 MG CAP MOLE CT BL AL PLAS PVC/PVDC TRANS X 90</p><p>COSMED INDUSTRIA DE COSMETICOS E MEDICAMENTOS S.A. 61082426000207</p><p>CLORIDRATO DE DONEPEZILA MONOIDRATADO + CLORIDRATO DE MEMANTINA</p><p>COGUM 25351.071601/2020-08 08/2032</p><p>10490 SIMILAR - REGISTRO DE PRODUTO - CLONE 3347968/20-2</p><p>(155 GENERICO - REGISTRO DE MEDICAMENTO - 3044713/20-5 - 25351.925079/2020-86)</p><p>1.7817.0935.001-1 24 Meses</p><p>(10,0 + 10,0) MG COM REV CT BL AL PLAS PVC/PE.EVOH.PE/PCTFE TRANS X 7</p><p>1.7817.0935.002-1 24 Meses</p><p>(10,0 + 10,0) MG COM REV CT BL AL PLAS PVC/PE.EVOH.PE/PCTFE TRANS X 30</p><p>1.7817.0935.003-8 24 Meses</p><p>(10,0 + 20,0) MG COM REV CT BL AL PLAS PVC/PE.EVOH.PE/PCTFE TRANS X 7</p><p>1.7817.0935.004-6 24 Meses</p><p>(10,0 + 20,0) MG COM REV CT BL AL PLAS PVC/PE.EVOH.PE/PCTFE TRANS X 30</p><p>EMS S/A 57507378000365</p><p>aripiprazol 25351.565497/2019-76 08/2032</p><p>155 GENERICO - REGISTRO DE MEDICAMENTO 2299771/19-7</p><p>1.0235.1411.001-1 24 Meses</p><p>10 MG COM CT BL AL AL X 10</p><p>1.0235.1411.002-8 24 Meses</p><p>10 MG COM CT BL AL AL X 30</p><p>1.0235.1411.003-6 24 Meses</p><p>10 MG COM CT BL AL AL X 60</p><p>1.0235.1411.004-4 24 Meses</p><p>10 MG COM CT BL AL AL X 100</p><p>1.0235.1411.005-2 24 Meses</p><p>10 MG COM CT BL AL AL X 200</p><p>1.0235.1411.006-0 24 Meses</p><p>15 MG COM CT BL AL AL X 10</p><p>1.0235.1411.007-9 24 Meses</p><p>15 MG COM CT BL AL AL X 30</p><p>1.0235.1411.008-7 24 Meses</p><p>15 MG COM CT BL AL AL X 60</p><p>1.0235.1411.009-5 24 Meses</p><p>15 MG COM CT BL AL AL X 100</p><p>1.0235.1411.010-9 24 Meses</p><p>15 MG COM CT BL AL AL X 200</p><p>1.0235.1411.011-7 24 Meses</p><p>20 MG COM CT BL AL AL X 10</p><p>1.0235.1411.012-5 24 Meses</p><p>20 MG COM CT BL AL AL X 30</p><p>1.0235.1411.013-3 24 Meses</p><p>20 MG COM CT BL AL AL X 60</p><p>1.0235.1411.014-1 24 Meses</p><p>20 MG COM CT BL AL AL X 100</p><p>1.0235.1411.015-1 24 Meses</p><p>20 MG COM CT BL AL AL X 200</p><p>1.0235.1411.016-8 24 Meses</p><p>30 MG COM CT BL AL AL X 10</p><p>1.0235.1411.017-6 24 Meses</p><p>30 MG COM CT BL AL AL X 30</p><p>1.0235.1411.018-4 24 Meses</p><p>30 MG COM CT BL AL AL X 60</p><p>1.0235.1411.019-2 24 Meses</p><p>30 MG COM CT BL AL AL X 100</p><p>1.0235.1411.020-6 24 Meses</p><p>30 MG COM CT BL AL AL X 200</p><p>FRESENIUS MEDICAL CARE LTDA 01440590000136</p><p>BICARBONATO DE SÓDIO</p><p>CPHD BICARBONATO DE SÓDIO 8,4 % 25351.248259/2007-65 03/2028</p><p>10207 ESPECÍFICO - ATUALIZAÇÃO DE ESPECIFICAÇÕES E MÉTODOS ANALÍTICOS 4858683/21-8</p><p>1.3223.0107.001-1 12 Meses</p><p>84 MG/ML SOL HD CX BOMBO PLAS PEAD TRANS X 5000 ML</p><p>FUNDAÇÃO OSWALDO CRUZ 33781055000135</p><p>canabidiol</p><p>CANABIDIOL FARMANGUINHOS 25351.225511/2021-16 05/2026</p><p>11539 PRODUTO DE CANNABIS - ALTERAÇÃO DE LAYOUT DA ROTULAGEM E EMBALAGEM 2563107/22-9</p><p>1.1063.0158.001-5 24 Meses</p><p>200 MG/ML SOL CT FR VD AMB X 30 ML + SER DOS</p><p>200 MG/ML</p><p>GEOLAB INDÚSTRIA FARMACÊUTICA S/A 03485572000104</p><p>ibuprofeno 25351.767269/2020-72 08/2032</p><p>155 GENERICO - REGISTRO DE MEDICAMENTO 2582855/20-0</p><p>1.5423.0333.001-8 30 Meses</p><p>400 MG CAP MOLE CT BL AL PLAS PVC/PVDC TRANS X 4</p><p>1.5423.0333.002-6 30 Meses</p><p>400 MG CAP MOLE CT BL AL PLAS PVC/PVDC TRANS X 8</p><p>1.5423.0333.003-4 30 Meses</p><p>400 MG CAP MOLE CT BL AL PLAS PVC/PVDC TRANS X 10</p><p>1.5423.0333.004-2 30 Meses</p><p>400 MG CAP MOLE CT BL AL PLAS PVC/PVDC TRANS X 12</p><p>1.5423.0333.005-0 30 Meses</p><p>400 MG CAP MOLE CT BL AL PLAS PVC/PVDC TRANS X 16</p><p>1.5423.0333.006-9 30 Meses</p><p>400 MG CAP MOLE CT BL AL PLAS PVC/PVDC TRANS X 20</p><p>1.5423.0333.007-7 30 Meses</p><p>400 MG CAP MOLE CT BL AL PLAS PVC/PVDC TRANS X 36</p><p>1.5423.0333.008-5 30 Meses</p><p>400 MG CAP MOLE CT BL AL PLAS PVC/PVDC TRANS X 40</p><p>1.5423.0333.009-3 30 Meses</p><p>400 MG CAP MOLE CT BL AL PLAS PVC/PVDC TRANS X 60</p><p>1.5423.0333.010-7 30 Meses</p><p>400 MG CAP MOLE CT BL AL PLAS PVC/PVDC TRANS X 100</p><p>1.5423.0333.011-5 30 Meses</p><p>400 MG CAP MOLE CT BL AL PLAS PVC/PVDC TRANS X 180</p><p>HALEX ISTAR INDÚSTRIA FARMACÊUTICA SA 01571702000198</p><p>CLORIDRATO DE GRANISETRONA</p><p>QUEVATRYL 25351.000822/2019-50 08/2032</p><p>1456 MEDICAMENTO NOVO - REGISTRO DE FORMA FARMACÊUTICA NOVA NO PAÍS 0001639/19-0</p><p>1.0311.0185.001-3 24 Meses</p><p>0,06 MG/ML SOL INFUS IV CX ENVOL BOLS PLAS PES/PE/PP TRANS SIST FECH X 50 ML</p><p>HEEL DO BRASIL BIOMÉDICA LTDA 05994539000127</p><p>STRYCHNOS NUX-VOMICA L. + STRYCHNOS NUX-VOMICA L. + STRYCHNOS NUX-VOMICA L. + STRYCHNOS NUX-VOMICA L. + STRYCHNOS NUX-VOMICA L. + STRYCHNOS NUX-VOMICA L. + BRYONIA CRETICA L. + BRYONIA CRETICA L. + BRYONIA CRETICA L. + BRYONIA CRETICA L. + BRYONIA CRETICA L. + BRYONIA CRETICA L. + BRYONIA CRETICA L. + LYCOPODIUM CLAVATUM L. + LYCOPODIUM CLAVATUM L. + LYCOPODIUM CLAVATUM L. + LYCOPODIUM CLAVATUM L. + LYCOPODIUM CLAVATUM L. + CITRULLUS COLOCYNTHIS + CITRULLUS COLOCYNTHIS + CITRULLUS COLOCYNTHIS + CITRULLUS COLOCYNTHIS + ÁGUA PARA INJETÁVEIS</p><p>NUX VOMICA HOMACCORD 25351.308418/2005-26 02/2028</p><p>11373 DINAMIZADO - INCLUSÃO OU ALTERAÇÃO DO FABRICANTE DO INSUMO ATIVO 3229510/21-3</p><p>1.6198.0003.002-2 60 Meses</p><p>SOL INJ CT 10 AMP VD INC X 1,1ML</p><p>HERBARIUM LABORATORIO BOTANICO LTDA 78950011000120</p><p>CYNARA SCOLYMUS L.</p><p>ALCACHOFRA HERBARIUM 25351.011446/2003-61 05/2028</p><p>10649 PRODUTO TRADICIONAL FITOTERÁPICO - ALTERAÇÃO DE TEXTO DE FOLHETO INFORMATIVO (QUE NÃO POSSUI FOLHETO PADRÃO) 5050479/21-7</p><p>1.1860.0042.002-5 24 Meses</p><p>400 MG COM REV CT BL AL PLAS PVC/PVDC TRANS X 45</p><p>1.1860.0042.003-3 24 Meses</p><p>400 MG COM REV CT BL AL PLAS PVC/PVDC TRANS X 10</p><p>1.1860.0042.004-1 24 Meses</p><p>400 MG COM REV CT BL AL PLAS PVC/PVDC TRANS X 15</p><p>1.1860.0042.005-1 24 Meses</p><p>400 MG COM REV CT BL AL PLAS PVC/PVDC TRANS X 20</p><p>1.1860.0042.006-8 24 Meses</p><p>400 MG COM REV CT BL AL PLAS PVC/PVDC TRANS X 30</p><p>1.1860.0042.007-6 24 Meses</p><p>400 MG COM REV CT BL AL PLAS PVC/PVDC TRANS X 100</p><p>1.1860.0042.008-4 24 Meses</p><p>400 MG COM REV CT BL AL PLAS PVC/PVDC TRANS X 200</p><p>MARJAN INDÚSTRIA E COMÉRCIO LTDA 60726692000181</p><p>Passiflora incarnata L. + CRATAEGUS RHIPIDOPHYLLA GAND. + SALIX ALBA L.</p><p>PASALIX 25001.007471/87 05/2030</p><p>10644 PRODUTO TRADICIONAL FITOTERÁPICO - AMPLIAÇÃO DO PRAZO DE VALIDADE OU ALTERAÇÃO DOS CUIDADOS DE CONSERVAÇÃO 4125506/21-2</p><p>10646 PRODUTO TRADICIONAL FITOTERÁPICO - ATUALIZAÇÃO DE ESPECIFICAÇÕES E MÉTODO ANALÍTICO 4125470/21-8</p><p>10651 PRODUTO TRADICIONAL FITOTERÁPICO - ALTERAÇÃO MODERADA DE EXCIPIENTE 4125461/21-9</p><p>10654 PRODUTO TRADICIONAL FITOTERÁPICO - ALTERAÇÃO NA ESPECIFICAÇÃO DA MATÉRIA-PRIMA VEGETAL 4125478/21-3</p><p>10654 PRODUTO TRADICIONAL FITOTERÁPICO - ALTERAÇÃO NA ESPECIFICAÇÃO DA MATÉRIA-PRIMA VEGETAL 4125484/21-8</p><p>10654 PRODUTO TRADICIONAL FITOTERÁPICO - ALTERAÇÃO NA ESPECIFICAÇÃO DA MATÉRIA-PRIMA VEGETAL 4125501/21-1</p><p>10674 PRODUTO TRADICIONAL FITOTERÁPICO - INCLUSÃO DE NOVO ACONDICIONAMENTO 4125465/21-1</p><p>1.0155.0098.005-9 36 Meses</p><p>100 MG + 30 MG + 100 MG COM REV CT BL AL PLAS TRANS X 20</p><p>1.0155.0098.008-3 36 Meses</p><p>100 MG + 30 MG + 100 MG COM REV CT BL AL PLAS TRANS X 10</p><p>1.0155.0098.009-1 36 Meses</p><p>100 MG + 30 MG + 100 MG COM REV CT BL AL PLAS TRANS X 30</p><p>1.0155.0098.010-5 36 Meses</p><p>100 MG + 30 MG + 100 MG COM REV CT BL AL PLAS TRANS X 60</p><p>NATULAB LABORATÓRIO S.A 02456955000183</p><p>DORENXAQ 25351.701237/2021-95 08/2032</p><p>10490 SIMILAR - REGISTRO DE PRODUTO - CLONE 4399575/21-6</p><p>(150 SIMILAR - REGISTRO DE MEDICAMENTO SIMILAR - 107256/01-1 - 25351.027360/01-08)</p><p>1.3841.0076.001-0 24 Meses</p><p>500 MG/ML SOL OR CT FR GOT PLAS OPC X 10 ML</p><p>DIPIRONA</p><p>1.3841.0076.002-9 24 Meses</p><p>500 MG/ML SOL OR CT FR GOT PLAS OPC X 20 ML</p><p>DIPIRONA</p><p>1.3841.0076.003-7 24 Meses</p><p>500 MG/ML SOL OR CT 50 FR GOT PLAS OPC X 10 ML</p><p>DIPIRONA</p><p>1.3841.0076.004-5 24 Meses</p><p>500 MG/ML SOL OR CT 50 FR GOT PLAS OPC X 20 ML</p><p>DIPIRONA</p><p>1.3841.0076.005-3 24 Meses</p><p>500 MG/ML SOL OR CT 200 FR GOT PLAS OPC X 10 ML</p><p>DIPIRONA</p><p>1.3841.0076.006-1 24 Meses</p><p>500 MG/ML SOL OR CT 200 FR GOT PLAS OPC X 20 ML</p><p>DIPIRONA</p><p>1.3841.0076.007-1 24 Meses</p><p>50 MG/ML SOL OR CT FR VD AMB X 100 ML</p><p>DIPIRONA</p><p>1.3841.0076.008-8 24 Meses</p><p>50 MG/ML SOL OR CX 50 FR VD AMB X 100 ML</p><p>DIPIRONA</p><p>1.3841.0076.009-6 24 Meses</p><p>500 MG/ML SOL OR DISPLAY 50 FR GOT PLAS OPC X 10 ML + 50 BULAS</p><p>DIPIRONA</p><p>1.3841.0076.010-1 24 Meses</p><p>500 MG/ML SOL OR DISPLAY 50 FR GOT PLAS OPC X 20 ML + 50 BULAS</p><p>DIPIRONA</p><p>1.3841.0076.011-8 24 Meses</p><p>50 MG/ML SOL OR CT FR VD AMB X 100 ML + SER DOS</p><p>DIPIRONA</p><p>1.3841.0076.012-6 24 Meses</p><p>50 MG/ML SOL OR CT FR PLAS AMB X 120 ML + SER DOS</p><p>DIPIRONA</p><p>1.3841.0076.013-4 24 Meses</p><p>50 MG/ML SOL OR CT FR PLAS AMB X 150 ML + SER DOS</p><p>DIPIRONA</p><p>1.3841.0076.014-2 24 Meses</p><p>50 MG/ML SOL OR CX 50 FR PLAS AMB X 120 ML + COP DOS</p><p>DIPIRONA</p><p>1.3841.0076.015-0 24 Meses</p><p>50 MG/ML SOL OR CX 50 FR PLAS AMB X 150 ML + COP DOS</p><p>DIPIRONA</p><p>1.3841.0076.016-9 24 Meses</p><p>500MG COM CT DISP 10 BL AL PLAS TRANS X 10</p><p>DIPIRONA</p><p>1.3841.0076.017-7 24 Meses</p><p>500MG COM CT DISP 20 BL AL PLAS TRANS X 10</p><p>DIPIRONA</p><p>1.3841.0076.018-5 24 Meses</p><p>500MG COM CT DISP 50 BL AL PLAS TRANS X 04</p><p>DIPIRONA</p><p>1.3841.0076.019-3 24 Meses</p><p>500MG COM CT DISP 50 BL AL PLAS TRANS X 10</p><p>DIPIRONA</p><p>1.3841.0076.020-7 24 Meses</p><p>500MG COM CX BL AL PLAS TRANS X 500</p><p>DIPIRONA</p><p>1.3841.0076.021-5 24 Meses</p><p>500MG COM CT BL AL PLAS TRANS X 20</p><p>DIPIRONA</p><p>1.3841.0076.022-3 24 Meses</p><p>500MG COM CT BL AL PLAS TRANS X 30</p><p>DIPIRONA</p><p>1.3841.0076.023-1 24 Meses</p><p>1 G COM CT BL AL PLAS PVC/PVDC TRANS X 10</p><p>dipirona monoidratada</p><p>1.3841.0076.024-1 24 Meses</p><p>1 G COM CT BL AL PLAS PVC/PVDC TRANS X 100</p><p>dipirona monoidratada</p><p>1.3841.0076.025-8 24 Meses</p><p>1 G COM CX BL AL PLAS PVC/PVDC TRANS X 500</p><p>dipirona monoidratada</p><p>1.3841.0076.026-6 24 Meses</p><p>1 G COM CT BL AL PLAS PVC/PVDC TRANS X 20</p><p>dipirona monoidratada</p><p>NOVARTIS BIOCIENCIAS S.A 56994502000130</p><p>ditosilato de lapatinibe</p><p>TYKERB 25351.594737/2016-02 10/2027</p><p>11023 RDC 73/2016 - NOVO - INCLUSÃO DE LOCAL DE FABRICAÇÃO DE MEDICAMENTO DE LIBERAÇÃO CONVENCIONAL 1382837/20-1</p><p>11047 RDC 73/2016 - NOVO - INCLUSÃO MAIOR DO PROCESSO DE PRODUÇÃO DO MEDICAMENTO 1382915/20-7</p><p>11107 RDC 73/2016 - NOVO - AMPLIAÇÃO DO PRAZO DE VALIDADE DO MEDICAMENTO 1409238/20-7</p><p>1.0068.1137.002-4 36 Meses</p><p>250 MG COM REV FR PLAS OPC X 70</p><p>PHARMASCIENCE INDUSTRIA FARMACEUTICA S.A 25773037000183</p><p>PEUMUS BOLDUS MOLINA</p><p>BIOHEPATON 25351.176531/2009-78 01/2030</p><p>10639 PRODUTO TRADICIONAL FITOTERÁPICO - ALTERAÇÃO OU INCLUSÃO DE FABRICANTE DA MATÉRIA-PRIMA VEGETAL, QUANDO FOREM MANTIDAS AS ESPECIFICAÇÕES APROVADAS NO DOSSIÊ 5191631/21-2</p><p>1.1717.0074.001-6 24 Meses</p><p>0,07 ML/ML SOL OR CT 60 FLAC PLAS PP TRANS X 10 ML</p><p>1.1717.0074.002-4 24 Meses</p><p>0,07 ML/ML SOL OR CT 12 FLAC PLAS PP TRANS X 10 ML</p><p>1.1717.0074.003-2 24 Meses</p><p>0,07 ML/ML SOL OR CT FR PLAS PET AMB X 150 ML</p><p>PINUS INDUSTRIA QUIMICA E FARMACEUTICA LTDA 28938645000199</p><p>HAMAMELIS VIRGINIANA L.</p><p>MARAVILHA CURATIVA DO DR. HUMPHERYS 25351.256326/2004-72 07/2035</p><p>10690 PRODUTO TRADICIONAL FITOTERÁPICO - RENOVAÇÃO DE REGISTRO DE MEDICAMENTO 1111121/14-6</p><p>1.1384.0002.001-6 24 Meses</p><p>0,146 ML/150 ML SOL DERM FR PLAS PEAD OPC X 150 ML</p><p>SANTISA LABORATÓRIO FARMACÊUTICO S/A 04099395000182</p><p>DIAZEPAM 25351.202553/2009-10 05/2025</p><p>10953 RDC 73/2016 - GENÉRICO - AMPLIAÇÃO DOS LIMITES DE ESPECIFICAÇÃO 0078396/20-0</p><p>10956 RDC 73/2016 - GENÉRICO - MUDANÇA MAIOR DE MÉTODO ANALÍTICO 0078254/20-8</p><p>10956 RDC 73/2016 - GENÉRICO - MUDANÇA MAIOR DE MÉTODO ANALÍTICO 0078345/20-5</p><p>10956 RDC 73/2016 - GENÉRICO - MUDANÇA MAIOR DE MÉTODO ANALÍTICO 0078350/20-1</p><p>1.0186.0030.001-1 24 Meses</p><p>5 MG/ML SOL INJ IV/IM CX 100 AMP VD AMB X 2ML</p><p>NOME DA EMPRESA AUTORIZAÇÃO/CADASTRO - UF</p><p>NOME DO INSUMO NUMERO DO PROCESSO</p><p>ROTA</p><p>VENCIMENTO NUMERO DE REGISTRO VALIDADE</p><p>ASSUNTO DESCRIÇÃO</p><p>BLAU FARMACÊUTICA S.A. 1.01637-7</p><p>FOSFATO DE CLINDAMICINA 25351.425752/2015-49</p><p>001</p><p>01/2023 15.1637.0148.002-1 48 Meses</p><p>10311 INSUMOS FARMACÊUTICOS ATIVOS - ALTERAÇÃO DE PRAZO DE VALIDADE</p><p>ANTIBIÓTICOS DO BRASIL LTDA 1.05562-2</p><p>CEFTAZIDIMA PENTAIDRATADA 25351.753817/2014-77</p><p>001</p><p>12/2021 15556200470021 24 MESES</p><p>10921 - INSUMOS FARMACÊUTICOS ATIVOS - OUTRAS ALTERAÇÕES PÓS-REGISTRO</p>]]></Texto>
  </body>
  <Midias />
</article></xml>