﻿<xml><article id="27735094" name="resolucao_2835_2022 CCOSM GHCOS" idOficio="9057316" pubName="DO1" artType="Resolução" pubDate="30/08/2022" artClass="00026:00034:00015:00012:00000:00000:00000:00000:00000:00000:00064:32835" artCategory="Ministério da Saúde/Agência Nacional de Vigilância Sanitária/3ª Diretoria/Gerência de Produtos de Higiene, Perfumes, Cosméticos e Saneantes" artSize="12" artNotes="" numberPage="271" pdfPage="http://pesquisa.in.gov.br/imprensa/jsp/visualiza/index.jsp?data=30/08/2022&amp;jornal=515&amp;pagina=271" editionNumber="165" highlightType="" highlightPriority="" highlight="" highlightimage="" highlightimagename="" idMateria="19839990">
  <body>
    <Identifica><![CDATA[ RESOLUÇÃO-RE Nº 2.835, DE 25 DE AGOSTO DE 2022]]></Identifica>
    <Data><![CDATA[]]></Data>
    <Ementa />
    <Titulo />
    <SubTitulo />
    <Texto><![CDATA[<p class="identifica">RESOLUÇÃO-RE Nº 2.835, DE 25 DE AGOSTO DE 2022</p><p>O Gerente de Produtos de Higiene, Cosméticos, Perfumes e Saneantes, no uso das atribuições que lhe confere o art. 129, aliado ao art. 203, I, § 1º do Regimento Interno aprovado pela Resolução de Diretoria Colegiada - RDC nº 585, de 10 de dezembro de 2021, resolve:</p><p>Art.1º Deferir os registros e as petições dos produtos de higiene pessoal, cosméticos e perfumes, conforme relação anexa.</p><p>Art. 2º Esta Resolução entra em vigor na data de sua publicação.</p><p class="assina">RODRIGO JOSE VIANA OTTONI</p><p class="anexo">ANEXO</p><p>NOME DA EMPRESA / CNPJ</p><p>NOME DO PRODUTO E MARCA</p><p>NÚMERO DO PROCESSO / REGISTRO</p><p>PETIÇÃO(ÕES) / EXPEDIENTE(S)</p><p>_________________________________________________________________</p><p>ALGSUN INDÚSTRIA E COMÉRCIO DE PRODUTOS EIRELI - ME / 25.066.271/0001-70</p><p>ALGSUN UP! FPS 80 FACE</p><p>25351.552594/2022-02 / 418210011</p><p>287 - REG. COSMÉTICOS - Registro de Produto - Nacional / 2738852/22-0</p><p>--------------------------------------</p><p>CCD COSM CIENTIFICA DERM COMERCIO E INDUSTRIA LTDA / 40.367.856/0001-14</p><p>PHOTOAGE BRUMA AOX FPS 50 DERMAGE</p><p>25351.548272/2022-51 / 217170270</p><p>287 - REG. COSMÉTICOS - Registro de Produto - Nacional / 2727502/22-2</p><p>--------------------------------------</p><p>CIMED INDUSTRIA S.A / 02.814.497/0001-07</p><p>AFFAST AEROSSOL REPELENTE DE INSETOS</p><p>25351.884745/2021-08 /</p><p>2721 - REG. COSMÉTICOS - Desistência de petição/processo a pedido / 4508982/22-1</p><p>--------------------------------------</p><p>LIMPEMAX INDÚSTRIA E COMÉRCIO DE PRODUTOS DE LIMPEZA LTDA. EPP / 10.172.355/0001-11</p><p>GEL ANTISSÉPTICO LIMPEMAX</p><p>25351.613676/2021-41 / 282470001</p><p>287 - REG. COSMÉTICOS - Registro de Produto - Nacional / 4229323/21-2</p><p>--------------------------------------</p><p>MARGY COSMETICOS LTDA - ME / 12.119.356/0001-28</p><p>ALCOOL GEL CACAU</p><p>25351.082988/2022-81 / 267200004</p><p>287 - REG. COSMÉTICOS - Registro de Produto - Nacional / 4238852/22-2</p><p>ALCOOL GEL BABAÇU</p><p>25351.083078/2022-16 / 267200005</p><p>287 - REG. COSMÉTICOS - Registro de Produto - Nacional / 4239072/22-1</p><p>--------------------------------------</p><p>NATUPHITUS INDÚSTRIA E COMÉRCIO DE COSMÉTICOS LTDA / 73.697.666/0001-14</p><p>PROTETOR SOLAR SPRAY CORPORAL COCO FPS 30 OH SUN</p><p>25351.271358/2022-80 / 219280626</p><p>287 - REG. COSMÉTICOS - Registro de Produto - Nacional / 1534539/22-1</p><p>PROTETOR SOLAR LABIAL FPS 30 OH SUN</p><p>25351.271411/2022-42 / 219280627</p><p>287 - REG. COSMÉTICOS - Registro de Produto - Nacional / 1534750/22-3</p><p>PROTETOR SOLAR SPRAY CORPORAL PITANGA FPS 30 OH SUN</p><p>25351.271415/2022-21 / 219280628</p><p>287 - REG. COSMÉTICOS - Registro de Produto - Nacional / 1534760/22-9</p><p>PROTETOR SOLAR FACIAL FPS 40 OH SUN</p><p>25351.271453/2022-83 / 219280629</p><p>287 - REG. COSMÉTICOS - Registro de Produto - Nacional / 1534894/22-5</p><p>--------------------------------------</p><p>NUTRACOM INDUSTRIA E COMERCIO LTDA / 25.859.018/0001-74</p><p>AFFAST AEROSSOL REPELENTE DE INSETOS</p><p>25351.639085/2018-07 / 204900110</p><p>2721 - REG. COSMÉTICOS - Desistência de petição/processo a pedido / 4508687/22-9</p><p>AFFAST AEROSSOL REPELENTE DE INSETOS</p><p>25351.639085/2018-07 / 204900110</p><p>235 - REG. COSMÉTICOS - Cancelamento de Registro do Produto a Pedido / 4508699/22-7</p>]]></Texto>
  </body>
  <Midias />
</article></xml>