﻿<xml><article id="27747051" name="PORTARIA MAPA-SAP NA 1.227 DE 24" idOficio="9059600" pubName="DO1" artType="Portaria" pubDate="30/08/2022" artClass="00007:00044:00000:00000:00000:00000:00000:00000:00000:00000:00054:00000" artCategory="Ministério da Agricultura, Pecuária e Abastecimento/Secretaria de Aquicultura e Pesca" artSize="12" artNotes="" numberPage="3" pdfPage="http://pesquisa.in.gov.br/imprensa/jsp/visualiza/index.jsp?data=30/08/2022&amp;jornal=515&amp;pagina=3" editionNumber="165" highlightType="" highlightPriority="" highlight="" highlightimage="" highlightimagename="" idMateria="19843195">
  <body>
    <Identifica><![CDATA[ PORTARIA MAPA/SAP Nº 1.227, DE 24 DE AGOSTO DE 2022]]></Identifica>
    <Data><![CDATA[]]></Data>
    <Ementa><![CDATA[ Cancelar, o Certificado de Registro e Autorização de Embarcação Pesqueira da embarcação de pesca BELEM PESCA V, inscrita no Sistema Informatizado do Registro Geral da Atividade Pesqueira sob nº PA-0010147-7 e na Autoridade Marítima pelo Título de Inscrição de Embarcação]]></Ementa>
    <Titulo />
    <SubTitulo />
    <Texto><![CDATA[<p class="identifica">PORTARIA MAPA/SAP Nº 1.227, DE 24 DE AGOSTO DE 2022</p><p class="ementa">Cancelar, o Certificado de Registro e Autorização de Embarcação Pesqueira da embarcação de pesca BELEM PESCA V, inscrita no Sistema Informatizado do Registro Geral da Atividade Pesqueira sob nº PA-0010147-7 e na Autoridade Marítima pelo Título de Inscrição de Embarcação</p><p>A SECRETÁRIA DE AQUICULTURA E PESCA SUBSTITUTA DO MINISTÉRIO DA AGRICULTURA, PECUÁRIA E ABASTECIMENTO, no uso das atribuições que lhe confere o Art. 29, do Anexo I, do Decreto nº 10.253, de 20 de fevereiro de 2020 e com base no Decreto nº 8.425, de 31 de março de 2015, Portaria nº 20, de 14 de janeiro de 2020 do Ministério da Agricultura, Pecuária e Abastecimento, na Instrução Normativa da Secretaria Especial de Aquicultura e Pesca da Presidência da República nº 03, de 12 de maio de 2004, e o que consta no Processo nº 21000.025812/2020-90, resolve:</p><p>Art. 1º Cancelar com base no art. 10 do Decreto nº 8.425, de 31 de março de 2015, no inciso III do art.34 da Instrução Normativa da Secretaria Especial de Aquicultura e Pesca da Presidência da República nº 03, de 12 de maio de 2004, o Certificado de Registro e Autorização de Embarcação Pesqueira da embarcação de pesca BELEM PESCA V, inscrita no Sistema Informatizado do Registro Geral da Atividade Pesqueira sob nº PA-0010147-7 e na Autoridade Marítima pelo Título de Inscrição de Embarcação sob nº 021-022670-6, na modalidade de permissionamento de espinhel/covos, para captura de espécie-alvo: pargo (Lutjanus purpureus), que corresponde ao item 1.8, do Anexo I, da Instrução Normativa Interministerial do Ministério da Pesca e Aquicultura e do Ministério do Meio Ambiente - MPA/MMA nº 10, de 10 de junho de 2011, com o código do Sistema Informatizado do Registro Geral da Atividade Pesqueira 1.04.001.</p><p>Art. 2º A parte interessada tem o prazo de 10 (dez) dias úteis para interposição de recurso administrativo, conforme dispõe o art. 59 da Lei nº 9.784 , de 29 de janeiro de 1999, após a entrada em vigor desta Portaria.</p><p>Art. 3º Esta Portaria entra em vigor a contar da data de sua publicação.</p><p class="assina">ANDREIA LINS RIBAS</p>]]></Texto>
  </body>
  <Midias />
</article></xml>