﻿<xml><article id="27743995" name="1 GM - Despacho Ministerial - Ce" idOficio="9059071" pubName="DO1" artType="Despacho" pubDate="30/08/2022" artClass="00011:00001:00000:00000:00000:00000:00000:00000:00000:00000:00024:00002" artCategory="Ministério da Ciência, Tecnologia e Inovações/Gabinete do Ministro" artSize="12" artNotes="" numberPage="15" pdfPage="http://pesquisa.in.gov.br/imprensa/jsp/visualiza/index.jsp?data=30/08/2022&amp;jornal=515&amp;pagina=15" editionNumber="165" highlightType="" highlightPriority="" highlight="" highlightimage="" highlightimagename="" idMateria="19842381">
  <body>
    <Identifica><![CDATA[ DESPACHO ]]></Identifica>
    <Data><![CDATA[]]></Data>
    <Ementa />
    <Titulo />
    <SubTitulo />
    <Texto><![CDATA[<p class="identifica">DESPACHO</p><p>CERTIDÃO DE APOSTILAMENTO</p><p>O Ministro de Estado da Ciência, Tecnologia e Inovações, no uso de suas atribuições legais e tendo em vista o disposto no Parágrafo Único do Art. 55 da Lei nº 13.019, de 31 de Julho de 2014 e, ainda, o §1º, inciso I do Art. 43 do Decreto 8.726, de 27 de Abril de 2016, considerando os termos e fundamentos consubstanciados na Nota Técnica nº 619/2022/SEI-MCTI, Parecer Técnico nº 2637/2022/SEI-MCTI, no Memorando 11518 (10190864) do Departamento de Administração, no Memorando 11976 (10240240) da Assessoria Especial de Controle Interno, e no Memorando 12173 (10254756) do Secretário-Executivo AUTORIZO o APOSTILAMENTO para fins de Prorrogação "De Ofício" do Termo de Fomento nº 905143/2020, passando o prazo de vigência do Termo para 26 de Junho de 2023, período equivalente ao lapso de 178 dias no repasse da parcela única dos recursos financeiros do Instrumento.</p><p class="assina">PAULO CESAR REZENDE DE CARVALHO ALVIM</p>]]></Texto>
  </body>
  <Midias />
</article></xml>