﻿<xml><article id="27749082" name="ATA-NA 32_de_17_08_2022-BD-IMPRE" idOficio="9057231" pubName="DO1" artType="Ata" pubDate="30/08/2022" artClass="00044:00009:00000:00000:00000:00000:00000:00000:00000:00000:00005:00000" artCategory="Tribunal de Contas da União/Plenário" artSize="12" artNotes="" numberPage="393" pdfPage="http://pesquisa.in.gov.br/imprensa/jsp/visualiza/index.jsp?data=30/08/2022&amp;jornal=515&amp;pagina=393" editionNumber="165" highlightType="" highlightPriority="" highlight="" highlightimage="" highlightimagename="" idMateria="19839884">
  <body>
    <Identifica />
    <Data><![CDATA[]]></Data>
    <Ementa />
    <Titulo />
    <SubTitulo />
    <Texto><![CDATA[<p>ACÓRDÃO Nº 1890/2022 - TCU - Plenário</p><p>1. Processo nº TC 044.589/2020-4.</p><p>2. Grupo I - Classe de Assunto: I - Pedido de reexame (Representação).</p><p>3. Interessados/Responsáveis/Recorrentes:</p><p>3.1. Responsável: Lled Solucoes Instalacoes e Reformas Ltda (11.885.366/0001-01).</p><p>3.2. Recorrente: Lled Solucoes Instalacoes e Reformas Ltda (11.885.366/0001-01).</p><p>4. Órgão/Entidade: Secretaria de Gestão.</p><p>5. Relator: Ministro Antonio Anastasia</p><p>5.1. Relator da deliberação recorrida: Ministro Aroldo Cedraz.</p><p>6. Representante do Ministério Público: não atuou.</p><p>7. Unidades Técnicas: Secretaria de Recursos (Serur); Secretaria de Controle Externo de Aquisições Logísticas (Selog).</p><p>8. Representação legal: Jardel Goncalves (197.777/OAB-RJ) e Glauber de Brittes Pereira (186.555/OAB-RJ), representando Lled Solucoes Instalacoes e Reformas Ltda.</p><p>9. Acórdão:</p><p>VISTOS, relatados e discutidos estes autos de representação em que se examina pedido de reexame interposto por LLED Soluções e Instalações e Reformas Ltda. em face do Acórdão 1.368/2021-TCU-Plenário, relator Ministro Aroldo Cedraz, por meio do qual este Tribunal declarou a inidoneidade da ora recorrente para participar, até o dia 22/8/2022, de licitação na Administração Pública Federal;</p><p>ACORDAM os Ministros do Tribunal de Contas da União, reunidos em Sessão do Plenário, diante das razões expostas pelo Relator, com fundamento nos arts. 32, parágrafo único, 33 e 48 da Lei 8.443/1992 c/c os arts. 285 e 286 do RI/TCU, em:</p><p>9.1 conhecer do pedido de reexame e, no mérito, negar-lhe provimento;</p><p>9.2 notificar a recorrente e o Centro de Controle Interno da Aeronáutica a respeito deste acórdão;</p><p>10. Ata n° 32/2022 - Plenário.</p><p>11. Data da Sessão: 17/8/2022 - Ordinária.</p><p>12. Código eletrônico para localização na página do TCU na Internet: AC-1890-32/22-P.</p><p>13. Especificação do quórum:</p><p>13.1. Ministros presentes: Bruno Dantas (na Presidência), Benjamin Zymler, Aroldo Cedraz, Vital do Rêgo, Jorge Oliveira e Antonio Anastasia (Relator).</p><p>13.2. Ministro-Substituto convocado: Augusto Sherman Cavalcanti.</p><p>13.3. Ministros-Substitutos presentes: Marcos Bemquerer Costa, André Luís de Carvalho e Weder de Oliveira.</p><p>ACÓRDÃO Nº 1891/2022 - TCU - Plenário</p><p>1. Processo nº TC 006.959/2022-9.</p><p>2. Grupo I - Classe de Assunto: III - Consulta</p><p>3. Interessados/Responsáveis: não há.</p><p>4. Órgão/Entidade: Ministério da Educação.</p><p>5. Relator: Ministro Walton Alencar Rodrigues.</p><p>6. Representante do Ministério Público: não atuou.</p><p>7. Unidade Técnica: Secretaria de Controle Externo da Educação, da Cultura e do Desporto (SecexEduc).</p><p>8. Representação legal: não há.</p><p>9. Acórdão:</p><p>VISTOS, relatados e discutidos estes autos da Consulta formulada Senhor Senador Marcelo Castro, Presidente da Comissão de Educação Cultura e Esporte do Senado Federal, referente à aplicação da Lei 14.172/2021 (Lei de Conectividade) e o uso dos recursos da União pelos Estados;</p><p>ACORDAM os Ministros do Tribunal de Contas da União, reunidos em Sessão Plenária, diante das razões expostas pelo Redator, em:</p><p>9.1. conhecer da consulta, uma vez satisfeitos os requisitos de admissibilidade previstos no art. 264, IV e §§ 1º e 2º, e art. 265 do Regimento Interno do TCU;</p><p>9.2. responder ao consulente que:</p><p>9.2.1. não é possível que os recursos repassados com base na Lei 14.172/2021 passem a ser aplicados prioritariamente para a contratação de serviços de acesso à internet das escolas, uma vez que a aplicação excepcional dos recursos nessa finalidade já é regulamentada, com razoável flexibilidade, na própria Lei de Conectividade;</p><p>9.2.2. os recursos recebidos em decorrência das transferências previstas na Lei podem ser utilizados para ampliação de contratos já em andamento para conectividade móvel e conectividade das escolas, desde que obedecidos os ditames da lei de licitações utilizada no respectivo contrato;</p><p>9.2.3. os planos de trabalho, fornecidos ao FNDE, não podem ser alterados após a transferência dos recursos, uma vez que não há previsão legal que permita tal alteração;</p><p>9.2.4. em respeito aos princípios da isonomia, impessoalidade e razoabilidade, eventual opção pela colaboração com os municípios, a qual é discricionária, deve ser acompanhada de critérios objetivos e justificados, para permitir que todos os municípios interessados, desde que atendam aos requisitos estabelecidos, consigam realizar a cooperação com o respectivo estado;</p><p>9.2.5. não há lacunas ou obscuridade nas normas quanto à definição dos beneficiários das ações previstas na Lei, não sendo necessário adotar critérios alternativos para defini-los;</p><p>9.2.6. a Lei 14.351/2022, ao alterar o art. 2º, § 3º, da Lei 14.172/2021, dirimiu todas as dúvidas quanto aos prazos previstos em tal dispositivo;</p><p>9.3. dar ciência desta deliberação ao consulente, ao Ministério da Educação e ao Fundo Nacional de Desenvolvimento da Educação; e</p><p>9.4. arquivar os presentes autos, nos termos do art. 169, V, do Regimento Interno do TCU, c/c o art. 33 da Resolução-TCU 259/2014.</p><p>10. Ata n° 32/2022 - Plenário.</p><p>11. Data da Sessão: 17/8/2022 - Ordinária.</p><p>12. Código eletrônico para localização na página do TCU na Internet: AC-1891-32/22-P.</p><p>13. Especificação do quórum:</p><p>13.1. Ministros presentes: Bruno Dantas (na Presidência), Walton Alencar Rodrigues (Relator), Benjamin Zymler, Augusto Nardes, Aroldo Cedraz, Jorge Oliveira e Antonio Anastasia.</p><p>13.2. Ministro-Substituto convocado: Augusto Sherman Cavalcanti.</p><p>13.3. Ministros-Substitutos presentes: Marcos Bemquerer Costa, André Luís de Carvalho e Weder de Oliveira.</p><p>ACÓRDÃO Nº 1892 - TCU - Plenário</p><p>1. Processo nº TC 012.267/2022-8.</p><p>2. Grupo I - Classe de Assunto: II - Solicitação do Congresso Nacional</p><p>3. Interessados/Responsáveis: não há.</p><p>4. Órgão/Entidade: Instituto Nacional de Estudos e Pesquisas Educacionais Anísio Teixeira.</p><p>5. Relator: Ministro Walton Alencar Rodrigues.</p><p>6. Representante do Ministério Público: não atuou.</p><p>7. Unidade Técnica: Secretaria de Controle Externo da Educação, da Cultura e do Desporto (SecexEduc).</p><p>8. Representação legal: não há.</p><p>9. Acórdão:</p><p>Vistos, relatados e discutidos estes autos que tratam de solicitação do Congresso Nacional por meio da qual o Senhor Deputado Áureo Ribeiro, vice-presidente da Comissão de Fiscalização Financeira e Controle (CFFC), encaminha a Proposta de Fiscalização e Controle 71/2021, aprovada na Comissão da Câmara dos Deputados.</p><p>Acordam os Ministros do Tribunal de Contas da União, reunidos em sessão do Plenário, ante as razões expostas pelo Relator, em:</p><p>9.1. conhecer da presente solicitação, por preenchidos os requisitos de admissibilidade previstos nos artigos 38, inciso I, da Lei 8.443/1992 e 232, inciso III, do Regimento Interno do TCU;</p><p>9.2. informar ao Senhor Presidente da Comissão de Fiscalização Financeira e Controle que a análise requerida na presente solicitação está sendo realizada pelo Tribunal por intermédio das seguintes ações de controle:</p><p>9.2.1. TC 043.323/2021-9: denúncia sobre possíveis irregularidades ocorridas no Inep, relacionadas a aventadas ações e omissões da alta gestão da autarquia associadas com perseguição de servidores, assédio moral, uso político-ideológico da instituição e falta de comando técnico no planejamento de seus principais exames, avaliações e censos educacionais;</p><p>9.2.2. TC 043.073/2021-2: representação, com requerimento de medida cautelar, acerca de possíveis irregularidades ocorridas Inep, relacionadas a fragilidades de segurança e a direcionamento ideológico do Enem;</p><p>9.2.3. TC 045.050/2021-0: acompanhamento autuado em obediência ao item 9.1 do Acórdão 2883/2021 - TCU - Plenário, prolatado na representação objeto do TC 043.073/2021-2, o qual autorizou a realização de acompanhamento no Enem, com vistas a avaliar aspectos relativos à revisão das questões e às medidas de segurança do certame;</p><p>9.3. juntar cópia da decisão que vier a ser adotada pelo Tribunal aos processos enumerados no item 9.2 deste Acórdão;</p><p>9.4. informar ao Senhor Presidente da Comissão de Fiscalização Financeira e Controle da Câmara dos Deputados o teor da presente deliberação, comunicando-lhe que, tão logo sejam concluídos os trabalhos de fiscalização, ser-lhe-á dado conhecimento dos resultados e das medidas adotadas por este Tribunal;</p><p>9.5. nos termos do art. 6º da Resolução TCU 215/2008, manter o presente processo aberto até o atendimento integral do pedido.</p><p>ACÓRDÃO Nº 1893/2022 - TCU - Plenário</p><p>1. Processo nº TC 012.379/2021-2.</p><p>1.1. Apenso: 013.146/2021-1</p><p>2. Grupo II - Classe de Assunto: VII - Representação</p><p>3. Interessados/Responsáveis: não há.</p><p>4. Órgãos/Entidades: Fundo de Manutenção e Desenvolvimento do Ensino Fundamental e de Valorização do Magistério - FUNDEF; Ministério da Educação.</p><p>5. Relator: Ministro Walton Alencar Rodrigues.</p><p>6. Representante do Ministério Público: Procurador Rodrigo Medeiros de Lima.</p><p>7. Unidade Técnica: Secretaria de Controle Externo da Educação, da Cultura e do Desporto (SecexEduc).</p><p>8. Representação legal: Francisco Aldairton Ribeiro Carvalho Junior (16.045/OAB-CE) e José Vanderlei Marques Veras (22.795/OAB-CE), representando Sind. dos Serv Pub Lotados Na Sec. Educação-ce e Nas Secret. Educ e Cultura dos Municipios do Ceará.</p><p>9. Acórdão:</p><p>VISTOS, relatados e discutidos estes autos de representação, com pedido de medida cautelar, formulada pelo Ministério Público Federal (MPF), Ministério Público do Estado do Maranhão (MPE/MA) e Ministério Público de Contas do Maranhão (MPC/MA), acerca de potenciais irregularidades na aplicação dos recursos provenientes de precatórios relativos ao extinto Fundo de Manutenção e Desenvolvimento do Ensino Fundamental e de Valorização do Magistério (Fundef), em razão da promulgação do parágrafo único do art. 7º da Lei 14.057/2020, que dispõe que pelo menos 60% dos valores recebidos por ente público a título de acordos envolvendo o recebimento de precatórios do Fundef devem ser destinados aos profissionais do magistério, inativos e pensionistas, na forma de abono,</p><p>ACORDAM os Ministros do Tribunal de Contas da União, reunidos em Sessão de Plenário, diante das razões expostas pelo Relator, em:</p><p>9.1. firmar os seguintes entendimentos em relação aos recursos federais pagos por meio de precatórios relativos à complementação da União ao Fundo de Manutenção e Desenvolvimento do Ensino Fundamental e de Valorização do Magistério - Fundef, os "precatórios do Fundef":</p><p>9.1.1. a destinação de 60% do montante dos precatórios do Fundef, para os profissionais do magistério, só é admitida nos casos em que o pagamento do respectivo precatório tenha ocorrido após a promulgação da Emenda Constitucional 114/2021, vedada qualquer outra hipótese;</p><p>9.1.2. os recursos de precatórios do Fundef recebidos anteriormente à promulgação da Emenda Constitucional 114/2021 não podem ser usados para pagamentos das despesas de pessoal especificadas no item 9.2.1 do Acórdão 2.866/2018-TCU-Plenário;</p><p>9.1.3. a destinação de 60% do montante dos precatórios do Fundef, para os profissionais do magistério, deve seguir as disposições da Lei 14.325/2022, inclusive quanto à necessidade de regulamentação local, por meio de leis específicas, sem as quais não pode haver a efetivação dos repasses aos referidos profissionais.</p><p>9.2. dar ciência à Casa Civil da Presidência da República e à Advocacia Geral da União de que a realização de acordos com credores para pagamento com desconto de precatórios do Fundef depende da regulamentação prevista no art. 4º da Lei 14.057/2020.</p><p>9.3. determinar, com base no art. 43, I, da Lei 8.443/1992 e art. 250, inciso II, do Regimento Interno/TCU, ao Ministério da Educação (MEC), com respaldo no artigo 39, I e III, da Lei 14.113/2020 (Lei do Novo Fundeb), que, no prazo de 15 dias, encaminhem ou disponibilizem aos estados e municípios que fazem jus a recursos provenientes dos precatórios do Fundef (ou que já os receberam) cópia integral da presente decisão, alertando-os de que, à exceção dos precatórios recebidos posteriormente à promulgação da Emenda Constitucional 114/2021, persiste a vedação constante no item 9.2.1 do Acórdão 2.866/2018-TCU-Plenário, segundo a qual os beneficiários de recursos dos precatórios do Fundef, não podem utilizar os valores recebidos para realizar as despesas de pessoal ali listadas;</p><p>9.4. encaminhar cópia deste Acórdão à Casa Civil da Presidência da República; ao Ministério da Educação (MEC); ao Fundo Nacional de Desenvolvimento da Educação (FNDE); à Advocacia Geral da União (AGU); aos Tribunais de Contas Estaduais de Alagoas, Amazonas, Ceará, Maranhão, Minas Gerais, Mato Grosso, Mato Grosso do Sul, Paraíba, Pernambuco, Piauí, Rio Grande do Norte, Rondônia, Sergipe e Tocantins, bem como aos Tribunais de Contas dos Municípios da Bahia, de Goiás e do Pará; ao Ministério Público e Ministério Público de Contas dos estados referidos no item anterior; à 1ª Câmara de Coordenação e Revisão do Ministério Público Federal (MPF); ao Ministério da Transparência e Controladoria-Geral da União (CGU) e à Confederação Nacional de Municípios (CNM).</p><p>10. Ata n° 32/2022 - Plenário.</p><p>11. Data da Sessão: 17/8/2022 - Ordinária.</p><p>12. Código eletrônico para localização na página do TCU na Internet: AC-1893-32/22-P.</p><p>13. Especificação do quórum:</p><p>13.1. Ministros presentes: Bruno Dantas (na Presidência), Walton Alencar Rodrigues (Relator), Benjamin Zymler, Augusto Nardes, Aroldo Cedraz, Vital do Rêgo, Jorge Oliveira e Antonio Anastasia.</p><p>13.2. Ministro-Substituto convocado: Augusto Sherman Cavalcanti.</p><p>13.3. Ministros-Substitutos presentes: Marcos Bemquerer Costa, André Luís de Carvalho e Weder de Oliveira.</p><p>ACÓRDÃO Nº 1894/2022 - TCU - Plenário</p><p>1. Processo nº TC 013.437/2015-1.</p><p>1.1. Apensos: 000.534/2017-0; 035.321/2017-2</p><p>2. Grupo I - Classe de Assunto: I Recurso de Revisão em Tomada de Contas Especial</p><p>3. Interessados/Responsáveis/Recorrentes:</p><p>3.1. Interessado: Ministério do Desenvolvimento Social (extinta) (05.526.783/0001-65).</p><p>3.2. Responsável: José Walter Marinho Marsicano Júnior (977.971.894-04).</p><p>3.3. Recorrente: José Walter Marinho Marsicano Júnior (977.971.894-04).</p><p>4. Órgão/Entidade: Município de São José de Caiana - PB.</p><p>5. Relator: Ministro Walton Alencar Rodrigues</p><p>5.1. Relator da deliberação recorrida: Ministro Raimundo Carreiro.</p><p>6. Representante do Ministério Público: Subprocurador-Geral Paulo Soares Bugarin.</p><p>7. Unidades Técnicas: Secretaria de Recursos (Serur); Secretaria de Controle Externo de Tomada de Contas Especial (SecexTCE).</p><p>8. Representação legal: Arthur Sarmento Sales (18081/OAB-PB), Bruno Lopes de Araújo (7.588/OAB-PB) e outros, representando José Walter Marinho Marsicano Júnior.</p><p>9. Acórdão:</p><p>VISTOS, relatados e discutidos estes autos de recurso de revisão interposto por José Walter Marinho Marsicano Júnior contra o Acórdão 8.058/2016-TCU-2ª Câmara, mantido pelo Acórdão 4688/2018-TCU-2ª Câmara;</p><p>ACORDAM os Ministros do Tribunal de Contas da União, reunidos em Sessão do Plenário, diante das razões apresentadas pelo Relator, em:</p><p>9.1. conhecer do recurso de revisão para, no mérito, negar-lhe provimento;</p><p>9.2. dar ciência desta deliberação ao recorrente e demais interessados.</p><p>10. Ata n° 32/2022 - Plenário.</p><p>11. Data da Sessão: 17/8/2022 - Ordinária.</p><p>12. Código eletrônico para localização na página do TCU na Internet: AC-1894-32/22-P.</p><p>13. Especificação do quórum:</p><p>13.1. Ministros presentes: Bruno Dantas (na Presidência), Walton Alencar Rodrigues (Relator), Benjamin Zymler, Augusto Nardes, Aroldo Cedraz, Vital do Rêgo, Jorge Oliveira e Antonio Anastasia.</p><p>13.2. Ministro-Substituto convocado: Augusto Sherman Cavalcanti.</p><p>13.3. Ministros-Substitutos presentes: Marcos Bemquerer Costa, André Luís de Carvalho e Weder de Oliveira.</p><p>ACÓRDÃO Nº 1895/2022 - TCU - Plenário</p><p>1. Processo nº TC 017.284/2015-5.</p><p>1.1. Apenso: 004.072/2020-0</p><p>2. Grupo II - Classe de Assunto: I Recurso de Revisão em Tomada de Contas Especial</p><p>3. Interessados/Responsáveis/Recorrentes:</p><p>3.1. Responsável: Mamoud Amed Filho (007.358.172-00).</p><p>3.2. Recorrente: Mamoud Amed Filho (007.358.172-00).</p><p>4. Órgão/Entidade: Município de Itacoatiara - AM.</p><p>5. Relator: Ministro Walton Alencar Rodrigues</p><p>5.1. Relator da deliberação recorrida: Ministro-Substituto Marcos Bemquerer Costa.</p><p>6. Representante do Ministério Público: Procurador Marinus Eduardo De Vries Marsico.</p><p>7. Unidades Técnicas: Secretaria de Recursos (Serur); Secretaria de Controle Externo de Tomada de Contas Especial (SecexTCE).</p><p>8. Representação legal: Adrimar Freitas de Siqueira (8243/OAB-AM), Patricia Gomes de Abreu (4.447/OAB-AM) e outros, representando Mamoud Amed Filho.</p><p>9. Acórdão:</p><p>VISTOS, relatados e discutidos estes autos de recurso de revisão interposto por Mamoud Amed Filho contra o Acórdão 6.641/2018-TCU-1ª Câmara, mantido pelos Acórdãos 10.121/2018, 7.560/2019 e 13.709/2019, todos da 1ª Câmara;</p><p>ACORDAM os Ministros do Tribunal de Contas da União, reunidos em Sessão do Plenário, diante das razões apresentadas pelo Relator, em:</p><p>9.1. não conhecer do recurso de revisão;</p><p>9.2. dar ciência desta deliberação ao recorrente e demais interessados.</p><p>10. Ata n° 32/2022 - Plenário.</p><p>11. Data da Sessão: 17/8/2022 - Ordinária.</p><p>12. Código eletrônico para localização na página do TCU na Internet: AC-1895-32/22-P.</p><p>13. Especificação do quórum:</p><p>13.1. Ministros presentes: Bruno Dantas (na Presidência), Walton Alencar Rodrigues (Relator), Benjamin Zymler, Augusto Nardes, Aroldo Cedraz, Vital do Rêgo, Jorge Oliveira e Antonio Anastasia.</p><p>13.2. Ministro-Substituto convocado: Augusto Sherman Cavalcanti.</p><p>13.3. Ministros-Substitutos presentes: Marcos Bemquerer Costa, André Luís de Carvalho e Weder de Oliveira.</p><p>ACÓRDÃO Nº 1896/2022 - TCU - Plenário</p><p>1. Processo nº TC 035.278/2015-3.</p><p>2. Grupo II - Classe de Assunto: I Embargos de Declaração (Tomada de Contas Especial)</p><p>3. Interessados/Responsáveis/Recorrentes:</p><p>3.1. Interessado: Ministério da Integração Nacional (extinta).</p><p>3.2. Responsável: Wilson de Oliveira Leite (040.835.475-53).</p><p>3.3. Recorrente: Wilson de Oliveira Leite (040.835.475-53).</p><p>4. Órgão/Entidade: Prefeitura Municipal de Ibotirama - BA.</p><p>5. Relator: Ministro Walton Alencar Rodrigues</p><p>5.1. Relator da Deliberação Recorrida: Ministro Walton Alencar Rodrigues.</p><p>6. Representante do Ministério Público: Procurador Sergio Ricardo Costa Caribé.</p><p>7. Unidades Técnicas: Secretaria de Controle Externo de Tomada de Contas Especial (SecexTCE).</p><p>8. Representação legal: Romeu Ramos Moreira Junior (48.522/OAB-BA).</p><p>9. Acórdão:</p><p>VISTOS, relatados e discutidos estes autos, que cuidam dos embargos de declaração opostos por Wilson de Oliveira Leite contra o Acórdão 1.159/2022-Plenário;</p><p>ACORDAM os Ministros do Tribunal de Contas da União, reunidos em Sessão do Plenário, diante das razões expostas pelo Relator, em:</p><p>9.1. conhecer dos presentes embargos de declaração para, no mérito, rejeitá-los;</p><p>9.2. declarar que a oposição de novos embargos protelatórios não suspenderá a consumação do trânsito em julgado da presente tomada de contas especial e sujeitará o responsável ao pagamento da multa prevista no art. 58 da Lei 8.443/1992, c/c o art. 1.026, § 2º, do Código de Processo Civil (Lei 13.105/2015), consoante previsto no artigo 298 do RI/TCU; e</p><p>9.3. dar ciência ao embargante.</p><p>10. Ata n° 32/2022 - Plenário.</p><p>11. Data da Sessão: 17/8/2022 - Ordinária.</p><p>12. Código eletrônico para localização na página do TCU na Internet: AC-1896-32/22-P.</p><p>13. Especificação do quórum:</p><p>13.1. Ministros presentes: Bruno Dantas (na Presidência), Walton Alencar Rodrigues (Relator), Benjamin Zymler, Augusto Nardes, Aroldo Cedraz, Vital do Rêgo, Jorge Oliveira e Antonio Anastasia.</p><p>13.2. Ministro-Substituto convocado: Augusto Sherman Cavalcanti.</p><p>13.3. Ministros-Substitutos presentes: Marcos Bemquerer Costa, André Luís de Carvalho e Weder de Oliveira.</p><p>ACÓRDÃO Nº 1897/2022 - TCU - Plenário</p><p>1. Processo nº TC 044.742/2021-5.</p><p>2. Grupo I - Classe de Assunto: II - Solicitação do Congresso Nacional</p><p>3. Interessados/Responsáveis: não há.</p><p>4. Órgão/Entidade: não há.</p><p>5. Relator: Ministro Walton Alencar Rodrigues.</p><p>6. Representante do Ministério Público: não atuou.</p><p>7. Unidade Técnica: Secretaria de Controle Externo do Desenvolvimento Econômico (SecexDesen).</p><p>8. Representação legal: não há</p><p>9. Acórdão:</p><p>VISTOS, relatados e discutidos estes autos de solicitação da Comissão de Fiscalização Financeira e Controle da Câmara dos Deputados (CFFC/CD) para realização de fiscalização sobre a informação do corte de R$ 600 milhões no orçamento previsto para financiamento de pesquisas, a pedido do Ministério da Economia";</p><p>ACORDAM os Ministros do Tribunal de Contas da União, reunidos em sessão do Plenário, diante das razões expostas pelo relator, em:</p><p>9.1. informar à Comissão de Fiscalização Financeira e Controle (CFFC) da Câmara dos Deputados (CFFC/CD) que:</p><p>9.1.1. não foram encontrados indícios de que tenha ocorrido corte de R$ 600 milhões no orçamento para pesquisas a cargo do FNDCT, no exercício de 2021;</p><p>9.1.2. as alterações orçamentárias promovidas, que foram objeto da PFC 67/2021, abrangeram tanto a abertura dos créditos adicionais, quanto a indicação das fontes de financiamento desses créditos, que originalmente eram compostas majoritariamente por recursos oriundos da reserva de contingência do FNDCT (UO 24901), mas que, após as alterações, passaram a ser o superávit financeiro apurado no balanço patrimonial da União no exercício de 2020, tendo sido observadas todas as etapas para abertura de créditos previstas nas leis orçamentárias, em especial as previstas na Lei 4.320/1964;</p><p>9.1.3. as dotações inicial e atualizada destinadas ao FNDCT, no exercício de 2021, permaneceram rigorosamente as mesmas, R$ 7.342.211.235,00, não tendo ocorrido corte ou cancelamento de dotação;</p><p>9.2. declarar integralmente atendida a Solicitação do Congresso Nacional objeto destes autos, sem prejuízo de informar à CFFC/CD que as conclusões acerca do TC 027.270/2021-1 serão remetidas ao solicitante assim que ocorrer o julgamento do processo;</p><p>9.3. dar ciência da deliberação à Comissão de Fiscalização Financeira e Controle (CFFC) da Câmara dos Deputados;</p><p>9.4. encerrar o presente processo.</p><p>10. Ata n° 32/2022 - Plenário.</p><p>11. Data da Sessão: 17/8/2022 - Ordinária.</p><p>12. Código eletrônico para localização na página do TCU na Internet: AC-1897-32/22-P.</p><p>13. Especificação do quórum:</p><p>13.1. Ministros presentes: Bruno Dantas (na Presidência), Walton Alencar Rodrigues (Relator), Benjamin Zymler, Augusto Nardes, Aroldo Cedraz, Vital do Rêgo, Jorge Oliveira e Antonio Anastasia.</p><p>13.2. Ministro-Substituto convocado: Augusto Sherman Cavalcanti.</p><p>13.3. Ministros-Substitutos presentes: Marcos Bemquerer Costa, André Luís de Carvalho e Weder de Oliveira.</p><p>ACÓRDÃO Nº 1898/2022 - TCU - Plenário</p><p>1. Processo: TC-000.130/2020-6.</p><p>2. Grupo: I; Classe de Assunto: IV - Tomada de Contas Especial.</p><p>3. Responsáveis: Adilson Magalhães Nascimento Júior (004.611.827-69); Alessandro Moreira da Silva (798.789.895-34); Elielton Souza dos Santos (508.552.045-91); George de Brito Sena (542.769.505-20); e Rosenaldo Reis dos Santos (925.835.555-53).</p><p>4. Órgão: Comando da 6ª Região Militar.</p><p>5. Relator: Ministro-Substituto Marcos Bemquerer Costa.</p><p>6. Representante do Ministério Público: Subprocurador-Geral Lucas Rocha Furtado.</p><p>7. Unidade Técnica: Secretaria de Controle Externo de Tomada de Contas Especial (Secex/TCE).</p><p>8. Representação legal: Fabiane Oliveira Neri, representando George de Brito Sena.</p><p>9. Acórdão:</p><p>VISTOS, relatados e discutidos estes autos referentes à Tomada de Contas Especial instaurada pelo Comando da 6ª Região Militar, tendo como responsáveis os Srs. George de Brito Sena, Rosenaldo Reis dos Santos, Elielton Souza dos Santos, Alessandro Moreira da Silva e Adilson Magalhães Nascimento Júnior, em razão de irregularidades na concessão de benefício militar de auxílio invalidez e melhoria de reforma militar, no período de 2007 a 2011.</p><p>ACORDAM os Ministros do Tribunal de Contas da União, reunidos em Sessão do Plenário, ante as razões expostas pelo Relator, em:</p><p>9.1. com fundamento nos arts. 1º, inciso I, 16, inciso III, alíneas "b" e "c", 19, caput, e 23, inciso III, da Lei 8.443/1992, julgar irregulares as contas dos Srs. George de Brito Sena, Rosenaldo Reis dos Santos, Elielton Souza dos Santos, Alessandro Moreira da Silva e Adilson Magalhaes Nascimento Junior, condenando-os, na forma adiante especificada, ao pagamento das importâncias a seguir especificadas, atualizadas monetariamente e acrescidas dos juros de mora, calculados a partir das datas discriminadas até a do efetivo recolhimento, com a fixação do prazo de 15 (quinze) dias, a contar da notificação, para comprovarem, perante o Tribunal (art. 214, inciso III, alínea "a", do Regimento Interno/TCU), o recolhimento das dívidas ao Tesouro Nacional, nos termos da legislação em vigor, abatendo-se, na oportunidade, os valores eventualmente recolhidos, na forma do disposto no Enunciado 128 da Súmula de Jurisprudência do TCU:</p><p>9.1.1. Sr. George de Brito Sena, em solidariedade com o Sr. Adilson Magalhaes Nascimento Junior:</p><p /><p></p><table><tr /><tr><td rowspan="1" colspan="1"><p><strong>Data de ocorrência</strong></p></td><td rowspan="1" colspan="1"><p><strong>Valor histórico (R$)</strong></p></td><td rowspan="1" colspan="1"><p><strong>Tipo da parcela</strong></p></td></tr><tr><td rowspan="1" colspan="1"><p>30/9/2007</p></td><td rowspan="1" colspan="1"><p>24.201,02</p></td><td rowspan="1" colspan="1"><p>Débito</p></td></tr><tr><td rowspan="1" colspan="1"><p>31/10/2007</p></td><td rowspan="1" colspan="1"><p>4.056,86</p></td><td rowspan="1" colspan="1"><p>Débito</p></td></tr><tr><td rowspan="1" colspan="1"><p>30/11/2007</p></td><td rowspan="1" colspan="1"><p>6.014,02</p></td><td rowspan="1" colspan="1"><p>Débito</p></td></tr><tr><td rowspan="1" colspan="1"><p>31/12/2007</p></td><td rowspan="1" colspan="1"><p>1.427,49</p></td><td rowspan="1" colspan="1"><p>Débito</p></td></tr><tr><td rowspan="1" colspan="1"><p>31/1/2008</p></td><td rowspan="1" colspan="1"><p>2.796,50</p></td><td rowspan="1" colspan="1"><p>Débito</p></td></tr><tr><td rowspan="1" colspan="1"><p>28/2/2008</p></td><td rowspan="1" colspan="1"><p>2.796,50</p></td><td rowspan="1" colspan="1"><p>Débito</p></td></tr><tr><td rowspan="1" colspan="1"><p>31/3/2008</p></td><td rowspan="1" colspan="1"><p>2.796,50</p></td><td rowspan="1" colspan="1"><p>Débito</p></td></tr><tr><td rowspan="1" colspan="1"><p>30/4/2008</p></td><td rowspan="1" colspan="1"><p>2.796,50</p></td><td rowspan="1" colspan="1"><p>Débito</p></td></tr><tr><td rowspan="1" colspan="1"><p>31/5/2008</p></td><td rowspan="1" colspan="1"><p>4.724,40</p></td><td rowspan="1" colspan="1"><p>Débito</p></td></tr><tr><td rowspan="1" colspan="1"><p>30/6/2008</p></td><td rowspan="1" colspan="1"><p>4.909,60</p></td><td rowspan="1" colspan="1"><p>Débito</p></td></tr><tr><td rowspan="1" colspan="1"><p>31/7/2008</p></td><td rowspan="1" colspan="1"><p>3.288,60</p></td><td rowspan="1" colspan="1"><p>Débito</p></td></tr><tr><td rowspan="1" colspan="1"><p>31/8/2008</p></td><td rowspan="1" colspan="1"><p>3.288,60</p></td><td rowspan="1" colspan="1"><p>Débito</p></td></tr><tr><td rowspan="1" colspan="1"><p>30/9/2008</p></td><td rowspan="1" colspan="1"><p>3.288,60</p></td><td rowspan="1" colspan="1"><p>Débito</p></td></tr><tr><td rowspan="1" colspan="1"><p>31/10/2008</p></td><td rowspan="1" colspan="1"><p>3.400,23</p></td><td rowspan="1" colspan="1"><p>Débito</p></td></tr><tr><td rowspan="1" colspan="1"><p>30/11/2008</p></td><td rowspan="1" colspan="1"><p>5.577,99</p></td><td rowspan="1" colspan="1"><p>Débito</p></td></tr><tr><td rowspan="1" colspan="1"><p>31/12/2008</p></td><td rowspan="1" colspan="1"><p>3.387,97</p></td><td rowspan="1" colspan="1"><p>Débito</p></td></tr><tr><td rowspan="1" colspan="1"><p>31/1/2009</p></td><td rowspan="1" colspan="1"><p>3.400,23</p></td><td rowspan="1" colspan="1"><p>Débito</p></td></tr><tr><td rowspan="1" colspan="1"><p>28/2/2009</p></td><td rowspan="1" colspan="1"><p>3.400,23</p></td><td rowspan="1" colspan="1"><p>Débito</p></td></tr><tr><td rowspan="1" colspan="1"><p>31/3/2009</p></td><td rowspan="1" colspan="1"><p>3.400,23</p></td><td rowspan="1" colspan="1"><p>Débito</p></td></tr><tr><td rowspan="1" colspan="1"><p>30/4/2009</p></td><td rowspan="1" colspan="1"><p>3.400,23</p></td><td rowspan="1" colspan="1"><p>Débito</p></td></tr><tr><td rowspan="1" colspan="1"><p>31/5/2009</p></td><td rowspan="1" colspan="1"><p>3.400,23</p></td><td rowspan="1" colspan="1"><p>Débito</p></td></tr><tr><td rowspan="1" colspan="1"><p>30/6/2009</p></td><td rowspan="1" colspan="1"><p>5.251,11</p></td><td rowspan="1" colspan="1"><p>Débito</p></td></tr><tr><td rowspan="1" colspan="1"><p>31/7/2009</p></td><td rowspan="1" colspan="1"><p>3.666,12</p></td><td rowspan="1" colspan="1"><p>Débito</p></td></tr><tr><td rowspan="1" colspan="1"><p>31/8/2009</p></td><td rowspan="1" colspan="1"><p>3.666,12</p></td><td rowspan="1" colspan="1"><p>Débito</p></td></tr><tr><td rowspan="1" colspan="1"><p>30/9/2009</p></td><td rowspan="1" colspan="1"><p>3.666,12</p></td><td rowspan="1" colspan="1"><p>Débito</p></td></tr><tr><td rowspan="1" colspan="1"><p>31/10/2009</p></td><td rowspan="1" colspan="1"><p>3.666,12</p></td><td rowspan="1" colspan="1"><p>Débito</p></td></tr><tr><td rowspan="1" colspan="1"><p>30/11/2009</p></td><td rowspan="1" colspan="1"><p>5.817,78</p></td><td rowspan="1" colspan="1"><p>Débito</p></td></tr><tr><td rowspan="1" colspan="1"><p>31/12/2009</p></td><td rowspan="1" colspan="1"><p>3.666,12</p></td><td rowspan="1" colspan="1"><p>Débito</p></td></tr><tr><td rowspan="1" colspan="1"><p>31/1/2010</p></td><td rowspan="1" colspan="1"><p>3.666,12</p></td><td rowspan="1" colspan="1"><p>Débito</p></td></tr><tr><td rowspan="1" colspan="1"><p>28/2/2010</p></td><td rowspan="1" colspan="1"><p>3.666,12</p></td><td rowspan="1" colspan="1"><p>Débito</p></td></tr><tr><td rowspan="1" colspan="1"><p>31/3/2010</p></td><td rowspan="1" colspan="1"><p>3.666,12</p></td><td rowspan="1" colspan="1"><p>Débito</p></td></tr><tr><td rowspan="1" colspan="1"><p>30/4/2010</p></td><td rowspan="1" colspan="1"><p>3.666,12</p></td><td rowspan="1" colspan="1"><p>Débito</p></td></tr><tr><td rowspan="1" colspan="1"><p>31/5/2010</p></td><td rowspan="1" colspan="1"><p>3.666,12</p></td><td rowspan="1" colspan="1"><p>Débito</p></td></tr><tr><td rowspan="1" colspan="1"><p>30/6/2010</p></td><td rowspan="1" colspan="1"><p>5.577,49</p></td><td rowspan="1" colspan="1"><p>Débito</p></td></tr><tr><td rowspan="1" colspan="1"><p>31/7/2010</p></td><td rowspan="1" colspan="1"><p>4.019,89</p></td><td rowspan="1" colspan="1"><p>Débito</p></td></tr><tr><td rowspan="1" colspan="1"><p>31/8/2010</p></td><td rowspan="1" colspan="1"><p>4.019,89</p></td><td rowspan="1" colspan="1"><p>Débito</p></td></tr><tr><td rowspan="1" colspan="1"><p>30/9/2010</p></td><td rowspan="1" colspan="1"><p>4.019,89</p></td><td rowspan="1" colspan="1"><p>Débito</p></td></tr><tr><td rowspan="1" colspan="1"><p>31/10/2010</p></td><td rowspan="1" colspan="1"><p>4.019,89</p></td><td rowspan="1" colspan="1"><p>Débito</p></td></tr><tr><td rowspan="1" colspan="1"><p>30/11/2010</p></td><td rowspan="1" colspan="1"><p>7.413,68</p></td><td rowspan="1" colspan="1"><p>Débito</p></td></tr><tr><td rowspan="1" colspan="1"><p>31/12/2010</p></td><td rowspan="1" colspan="1"><p>4.019,89</p></td><td rowspan="1" colspan="1"><p>Débito</p></td></tr><tr><td rowspan="1" colspan="1"><p>31/1/2011</p></td><td rowspan="1" colspan="1"><p>4.019,89</p></td><td rowspan="1" colspan="1"><p>Débito</p></td></tr><tr><td rowspan="1" colspan="1"><p>28/2/2011</p></td><td rowspan="1" colspan="1"><p>4.019,89</p></td><td rowspan="1" colspan="1"><p>Débito</p></td></tr><tr><td rowspan="1" colspan="1"><p>31/3/2011</p></td><td rowspan="1" colspan="1"><p>4.019,89</p></td><td rowspan="1" colspan="1"><p>Débito</p></td></tr><tr><td rowspan="1" colspan="1"><p>30/4/2011</p></td><td rowspan="1" colspan="1"><p>4.019,89</p></td><td rowspan="1" colspan="1"><p>Débito</p></td></tr><tr><td rowspan="1" colspan="1"><p>31/5/2011</p></td><td rowspan="1" colspan="1"><p>5.167,39</p></td><td rowspan="1" colspan="1"><p>Débito</p></td></tr><tr><td rowspan="1" colspan="1"><p>30/6/2011</p></td><td rowspan="1" colspan="1"><p>6.217,42</p></td><td rowspan="1" colspan="1"><p>Débito</p></td></tr><tr><td rowspan="1" colspan="1"><p>31/7/2011</p></td><td rowspan="1" colspan="1"><p>4.019,89</p></td><td rowspan="1" colspan="1"><p>Débito</p></td></tr><tr><td rowspan="1" colspan="1"><p>31/8/2011</p></td><td rowspan="1" colspan="1"><p>2.872,39</p></td><td rowspan="1" colspan="1"><p>Débito</p></td></tr><tr><td rowspan="1" colspan="1"><p>30/9/2011</p></td><td rowspan="1" colspan="1"><p>2.872,39</p></td><td rowspan="1" colspan="1"><p>Débito</p></td></tr><tr><td rowspan="1" colspan="1"><p>31/10/2011</p></td><td rowspan="1" colspan="1"><p>2.872,39</p></td><td rowspan="1" colspan="1"><p>Débito</p></td></tr><tr><td rowspan="1" colspan="1"><p>30/11/2011</p></td><td rowspan="1" colspan="1"><p>3.922,42</p></td><td rowspan="1" colspan="1"><p>Débito</p></td></tr><tr><td rowspan="1" colspan="1"><p>1°/12/2013</p></td><td rowspan="1" colspan="1"><p>1.180,15</p></td><td rowspan="1" colspan="1"><p>Crédito</p></td></tr><tr><td rowspan="1" colspan="1"><p>2/1/2014</p></td><td rowspan="1" colspan="1"><p>1.180,15</p></td><td rowspan="1" colspan="1"><p>Crédito</p></td></tr><tr><td rowspan="1" colspan="1"><p>2/2/2014</p></td><td rowspan="1" colspan="1"><p>1.180,15</p></td><td rowspan="1" colspan="1"><p>Crédito</p></td></tr><tr><td rowspan="1" colspan="1"><p>2/3/2014</p></td><td rowspan="1" colspan="1"><p>1.180,15</p></td><td rowspan="1" colspan="1"><p>Crédito</p></td></tr><tr><td rowspan="1" colspan="1"><p>2/4/2014</p></td><td rowspan="1" colspan="1"><p>1.180,15</p></td><td rowspan="1" colspan="1"><p>Crédito</p></td></tr><tr><td rowspan="1" colspan="1"><p>2/5/2014</p></td><td rowspan="1" colspan="1"><p>1.180,15</p></td><td rowspan="1" colspan="1"><p>Crédito</p></td></tr><tr><td rowspan="1" colspan="1"><p>2/6/2014</p></td><td rowspan="1" colspan="1"><p>1.180,15</p></td><td rowspan="1" colspan="1"><p>Crédito</p></td></tr><tr><td rowspan="1" colspan="1"><p>2/7/2014</p></td><td rowspan="1" colspan="1"><p>1.180,15</p></td><td rowspan="1" colspan="1"><p>Crédito</p></td></tr><tr><td rowspan="1" colspan="1"><p>2/8/2014</p></td><td rowspan="1" colspan="1"><p>1.180,15</p></td><td rowspan="1" colspan="1"><p>Crédito</p></td></tr><tr><td rowspan="1" colspan="1"><p>2/9/2014</p></td><td rowspan="1" colspan="1"><p>1.180,15</p></td><td rowspan="1" colspan="1"><p>Crédito</p></td></tr><tr><td rowspan="1" colspan="1"><p>2/10/2014</p></td><td rowspan="1" colspan="1"><p>1.180,15</p></td><td rowspan="1" colspan="1"><p>Crédito</p></td></tr><tr><td rowspan="1" colspan="1"><p>2/11/2014</p></td><td rowspan="1" colspan="1"><p>1.180,15</p></td><td rowspan="1" colspan="1"><p>Crédito</p></td></tr><tr><td rowspan="1" colspan="1"><p>2/12/2014</p></td><td rowspan="1" colspan="1"><p>1.180,15</p></td><td rowspan="1" colspan="1"><p>Crédito</p></td></tr><tr><td rowspan="1" colspan="1"><p>2/1/2015</p></td><td rowspan="1" colspan="1"><p>1.180,15</p></td><td rowspan="1" colspan="1"><p>Crédito</p></td></tr><tr><td rowspan="1" colspan="1"><p>2/2/2015</p></td><td rowspan="1" colspan="1"><p>1.180,15</p></td><td rowspan="1" colspan="1"><p>Crédito</p></td></tr><tr><td rowspan="1" colspan="1"><p>2/3/2015</p></td><td rowspan="1" colspan="1"><p>1.180,15</p></td><td rowspan="1" colspan="1"><p>Crédito</p></td></tr><tr><td rowspan="1" colspan="1"><p>2/4/2015</p></td><td rowspan="1" colspan="1"><p>1.180,15</p></td><td rowspan="1" colspan="1"><p>Crédito</p></td></tr><tr><td rowspan="1" colspan="1"><p>2/5/2015</p></td><td rowspan="1" colspan="1"><p>1.180,15</p></td><td rowspan="1" colspan="1"><p>Crédito</p></td></tr><tr><td rowspan="1" colspan="1"><p>2/6/2015</p></td><td rowspan="1" colspan="1"><p>1.180,15</p></td><td rowspan="1" colspan="1"><p>Crédito</p></td></tr><tr><td rowspan="1" colspan="1"><p>2/7/2015</p></td><td rowspan="1" colspan="1"><p>1.180,15</p></td><td rowspan="1" colspan="1"><p>Crédito</p></td></tr><tr><td rowspan="1" colspan="1"><p>2/8/2015</p></td><td rowspan="1" colspan="1"><p>1.180,15</p></td><td rowspan="1" colspan="1"><p>Crédito</p></td></tr><tr><td rowspan="1" colspan="1"><p>2/9/2015</p></td><td rowspan="1" colspan="1"><p>1.180,15</p></td><td rowspan="1" colspan="1"><p>Crédito</p></td></tr><tr><td rowspan="1" colspan="1"><p>2/10/2015</p></td><td rowspan="1" colspan="1"><p>1.180,15</p></td><td rowspan="1" colspan="1"><p>Crédito</p></td></tr><tr><td rowspan="1" colspan="1"><p>2/11/2015</p></td><td rowspan="1" colspan="1"><p>1.180,15</p></td><td rowspan="1" colspan="1"><p>Crédito</p></td></tr><tr><td rowspan="1" colspan="1"><p>2/12/2015</p></td><td rowspan="1" colspan="1"><p>1.180,15</p></td><td rowspan="1" colspan="1"><p>Crédito</p></td></tr><tr><td rowspan="1" colspan="1"><p>2/1/2016</p></td><td rowspan="1" colspan="1"><p>1.180,15</p></td><td rowspan="1" colspan="1"><p>Crédito</p></td></tr><tr><td rowspan="1" colspan="1"><p>2/2/2016</p></td><td rowspan="1" colspan="1"><p>1.180,15</p></td><td rowspan="1" colspan="1"><p>Crédito</p></td></tr><tr><td rowspan="1" colspan="1"><p>2/3/2016</p></td><td rowspan="1" colspan="1"><p>1.180,15</p></td><td rowspan="1" colspan="1"><p>Crédito</p></td></tr><tr><td rowspan="1" colspan="1"><p>2/4/2016</p></td><td rowspan="1" colspan="1"><p>1.180,15</p></td><td rowspan="1" colspan="1"><p>Crédito</p></td></tr><tr><td rowspan="1" colspan="1"><p>2/5/2016</p></td><td rowspan="1" colspan="1"><p>1.180,15</p></td><td rowspan="1" colspan="1"><p>Crédito</p></td></tr><tr><td rowspan="1" colspan="1"><p>2/6/2016</p></td><td rowspan="1" colspan="1"><p>1.180,15</p></td><td rowspan="1" colspan="1"><p>Crédito</p></td></tr><tr><td rowspan="1" colspan="1"><p>2/7/2016</p></td><td rowspan="1" colspan="1"><p>1.180,15</p></td><td rowspan="1" colspan="1"><p>Crédito</p></td></tr><tr><td rowspan="1" colspan="1"><p>2/8/2016</p></td><td rowspan="1" colspan="1"><p>1.180,15</p></td><td rowspan="1" colspan="1"><p>Crédito</p></td></tr><tr><td rowspan="1" colspan="1"><p>2/9/2016</p></td><td rowspan="1" colspan="1"><p>1.180,15</p></td><td rowspan="1" colspan="1"><p>Crédito</p></td></tr><tr><td rowspan="1" colspan="1"><p>2/10/2016</p></td><td rowspan="1" colspan="1"><p>1.180,15</p></td><td rowspan="1" colspan="1"><p>Crédito</p></td></tr><tr><td rowspan="1" colspan="1"><p>2/11/2016</p></td><td rowspan="1" colspan="1"><p>1.180,15</p></td><td rowspan="1" colspan="1"><p>Crédito</p></td></tr><tr><td rowspan="1" colspan="1"><p>2/12/2016</p></td><td rowspan="1" colspan="1"><p>1.180,15</p></td><td rowspan="1" colspan="1"><p>Crédito</p></td></tr><tr><td rowspan="1" colspan="1"><p>2/1/2017</p></td><td rowspan="1" colspan="1"><p>1.180,15</p></td><td rowspan="1" colspan="1"><p>Crédito</p></td></tr><tr><td rowspan="1" colspan="1"><p>2/2/2017</p></td><td rowspan="1" colspan="1"><p>1.180,15</p></td><td rowspan="1" colspan="1"><p>Crédito</p></td></tr><tr><td rowspan="1" colspan="1"><p>2/3/2017</p></td><td rowspan="1" colspan="1"><p>1.180,15</p></td><td rowspan="1" colspan="1"><p>Crédito</p></td></tr><tr><td rowspan="1" colspan="1"><p>2/4/2017</p></td><td rowspan="1" colspan="1"><p>1.180,15</p></td><td rowspan="1" colspan="1"><p>Crédito</p></td></tr><tr><td rowspan="1" colspan="1"><p>2/5/2017</p></td><td rowspan="1" colspan="1"><p>1.180,15</p></td><td rowspan="1" colspan="1"><p>Crédito</p></td></tr><tr><td rowspan="1" colspan="1"><p>2/6/2017</p></td><td rowspan="1" colspan="1"><p>1.180,15</p></td><td rowspan="1" colspan="1"><p>Crédito</p></td></tr><tr><td rowspan="1" colspan="1"><p>2/7/2017</p></td><td rowspan="1" colspan="1"><p>1.180,15</p></td><td rowspan="1" colspan="1"><p>Crédito</p></td></tr><tr><td rowspan="1" colspan="1"><p>2/8/2017</p></td><td rowspan="1" colspan="1"><p>1.180,15</p></td><td rowspan="1" colspan="1"><p>Crédito</p></td></tr><tr><td rowspan="1" colspan="1"><p>2/9/2017</p></td><td rowspan="1" colspan="1"><p>1.180,15</p></td><td rowspan="1" colspan="1"><p>Crédito</p></td></tr><tr><td rowspan="1" colspan="1"><p>2/10/2017</p></td><td rowspan="1" colspan="1"><p>1.180,15</p></td><td rowspan="1" colspan="1"><p>Crédito</p></td></tr><tr><td rowspan="1" colspan="1"><p>2/11/2017</p></td><td rowspan="1" colspan="1"><p>1.180,15</p></td><td rowspan="1" colspan="1"><p>Crédito</p></td></tr><tr><td rowspan="1" colspan="1"><p>2/12/2017</p></td><td rowspan="1" colspan="1"><p>1.180,15</p></td><td rowspan="1" colspan="1"><p>Crédito</p></td></tr><tr><td rowspan="1" colspan="1"><p>2/1/2018</p></td><td rowspan="1" colspan="1"><p>1.180,15</p></td><td rowspan="1" colspan="1"><p>Crédito</p></td></tr><tr><td rowspan="1" colspan="1"><p>2/2/2018</p></td><td rowspan="1" colspan="1"><p>1.180,15</p></td><td rowspan="1" colspan="1"><p>Crédito</p></td></tr><tr><td rowspan="1" colspan="1"><p>2/3/2018</p></td><td rowspan="1" colspan="1"><p>1.180,15</p></td><td rowspan="1" colspan="1"><p>Crédito</p></td></tr><tr><td rowspan="1" colspan="1"><p>2/4/2018</p></td><td rowspan="1" colspan="1"><p>1.180,15</p></td><td rowspan="1" colspan="1"><p>Crédito</p></td></tr><tr><td rowspan="1" colspan="1"><p>2/5/2018</p></td><td rowspan="1" colspan="1"><p>1.180,15</p></td><td rowspan="1" colspan="1"><p>Crédito</p></td></tr><tr><td rowspan="1" colspan="1"><p>2/6/2018</p></td><td rowspan="1" colspan="1"><p>1.180,15</p></td><td rowspan="1" colspan="1"><p>Crédito</p></td></tr><tr><td rowspan="1" colspan="1"><p>2/7/2018</p></td><td rowspan="1" colspan="1"><p>1.180,15</p></td><td rowspan="1" colspan="1"><p>Crédito</p></td></tr><tr><td rowspan="1" colspan="1"><p>2/8/2018</p></td><td rowspan="1" colspan="1"><p>1.180,15</p></td><td rowspan="1" colspan="1"><p>Crédito</p></td></tr><tr><td rowspan="1" colspan="1"><p>2/9/2018</p></td><td rowspan="1" colspan="1"><p>1.180,15</p></td><td rowspan="1" colspan="1"><p>Crédito</p></td></tr><tr><td rowspan="1" colspan="1"><p>2/10/2018</p></td><td rowspan="1" colspan="1"><p>1.180,15</p></td><td rowspan="1" colspan="1"><p>Crédito</p></td></tr><tr><td rowspan="1" colspan="1"><p>2/11/2018</p></td><td rowspan="1" colspan="1"><p>1.180,15</p></td><td rowspan="1" colspan="1"><p>Crédito</p></td></tr><tr><td rowspan="1" colspan="1"><p>2/12/2018</p></td><td rowspan="1" colspan="1"><p>1.180,15</p></td><td rowspan="1" colspan="1"><p>Crédito</p></td></tr><tr><td rowspan="1" colspan="1"><p>2/1/2019</p></td><td rowspan="1" colspan="1"><p>1.180,15</p></td><td rowspan="1" colspan="1"><p>Crédito</p></td></tr><tr><td rowspan="1" colspan="1"><p>2/2/2019</p></td><td rowspan="1" colspan="1"><p>1.180,15</p></td><td rowspan="1" colspan="1"><p>Crédito</p></td></tr><tr><td rowspan="1" colspan="1"><p>2/3/2019</p></td><td rowspan="1" colspan="1"><p>1.180,15</p></td><td rowspan="1" colspan="1"><p>Crédito</p></td></tr><tr><td rowspan="1" colspan="1"><p>2/4/2019</p></td><td rowspan="1" colspan="1"><p>1.180,15</p></td><td rowspan="1" colspan="1"><p>Crédito</p></td></tr><tr><td rowspan="1" colspan="1"><p>2/5/2019</p></td><td rowspan="1" colspan="1"><p>1.180,15</p></td><td rowspan="1" colspan="1"><p>Crédito</p></td></tr><tr><td rowspan="1" colspan="1"><p>2/6/2019</p></td><td rowspan="1" colspan="1"><p>1.180,15</p></td><td rowspan="1" colspan="1"><p>Crédito</p></td></tr><tr><td rowspan="1" colspan="1"><p>2/7/2019</p></td><td rowspan="1" colspan="1"><p>1.180,15</p></td><td rowspan="1" colspan="1"><p>Crédito</p></td></tr><tr><td rowspan="1" colspan="1"><p>2/8/2019</p></td><td rowspan="1" colspan="1"><p>1.180,15</p></td><td rowspan="1" colspan="1"><p>Crédito</p></td></tr><tr><td rowspan="1" colspan="1"><p>2/9/2019</p></td><td rowspan="1" colspan="1"><p>1.180,15</p></td><td rowspan="1" colspan="1"><p>Crédito</p></td></tr><tr><td rowspan="1" colspan="1"><p>2/10/2019</p></td><td rowspan="1" colspan="1"><p>1.180,15</p></td><td rowspan="1" colspan="1"><p>Crédito</p></td></tr><tr><td rowspan="1" colspan="1"><p>2/11/2019</p></td><td rowspan="1" colspan="1"><p>1.180,15</p></td><td rowspan="1" colspan="1"><p>Crédito</p></td></tr><tr><td rowspan="1" colspan="1"><p>2/12/2019</p></td><td rowspan="1" colspan="1"><p>1.180,15</p></td><td rowspan="1" colspan="1"><p>Crédito</p></td></tr><tr><td rowspan="1" colspan="1"><p>2/1/2020</p></td><td rowspan="1" colspan="1"><p>1.180,15</p></td><td rowspan="1" colspan="1"><p>Crédito</p></td></tr><tr><td rowspan="1" colspan="1"><p>2/2/2020</p></td><td rowspan="1" colspan="1"><p>1.180,15</p></td><td rowspan="1" colspan="1"><p>Crédito</p></td></tr><tr><td rowspan="1" colspan="1"><p>2/3/2020</p></td><td rowspan="1" colspan="1"><p>1.180,15</p></td><td rowspan="1" colspan="1"><p>Crédito</p></td></tr><tr><td rowspan="1" colspan="1"><p>2/4/2020</p></td><td rowspan="1" colspan="1"><p>1.180,15</p></td><td rowspan="1" colspan="1"><p>Crédito</p></td></tr><tr><td rowspan="1" colspan="1"><p>2/5/2020</p></td><td rowspan="1" colspan="1"><p>1.180,15</p></td><td rowspan="1" colspan="1"><p>Crédito</p></td></tr><tr><td rowspan="1" colspan="1"><p>2/6/2020</p></td><td rowspan="1" colspan="1"><p>1.180,15</p></td><td rowspan="1" colspan="1"><p>Crédito</p></td></tr><tr><td rowspan="1" colspan="1"><p>2/7/2020</p></td><td rowspan="1" colspan="1"><p>1.180,15</p></td><td rowspan="1" colspan="1"><p>Crédito</p></td></tr><tr><td rowspan="1" colspan="1"><p>2/8/2020</p></td><td rowspan="1" colspan="1"><p>1.180,15</p></td><td rowspan="1" colspan="1"><p>Crédito</p></td></tr><tr><td rowspan="1" colspan="1"><p>2/9/2020</p></td><td rowspan="1" colspan="1"><p>1.180,15</p></td><td rowspan="1" colspan="1"><p>Crédito</p></td></tr><tr><td rowspan="1" colspan="1"><p>2/10/2020</p></td><td rowspan="1" colspan="1"><p>1.180,15</p></td><td rowspan="1" colspan="1"><p>Crédito</p></td></tr><tr><td rowspan="1" colspan="1"><p>2/11/2020</p></td><td rowspan="1" colspan="1"><p>1.180,15</p></td><td rowspan="1" colspan="1"><p>Crédito</p></td></tr><tr><td rowspan="1" colspan="1"><p>2/12/2020</p></td><td rowspan="1" colspan="1"><p>1.180,15</p></td><td rowspan="1" colspan="1"><p>Crédito</p></td></tr><tr><td rowspan="1" colspan="1"><p>2/1/2021</p></td><td rowspan="1" colspan="1"><p>1.180,15</p></td><td rowspan="1" colspan="1"><p>Crédito</p></td></tr></table><p>9.1.2. Sr. Rosenaldo Reis dos Santos, em solidariedade com o Sr. Adilson Magalhaes Nascimento Junior:</p><p /><p></p><table><tr /><tr><td rowspan="1" colspan="1"><p>Data de ocorrência</p></td><td rowspan="1" colspan="1"><p><strong>Valor histórico (R$)</strong></p></td><td rowspan="1" colspan="1"><p><strong>Tipo da parcela</strong></p></td></tr><tr><td rowspan="1" colspan="1"><p>31/7/2007</p></td><td rowspan="1" colspan="1"><p>25.483,60</p></td><td rowspan="1" colspan="1"><p>Débito</p></td></tr><tr><td rowspan="1" colspan="1"><p>31/1/2008</p></td><td rowspan="1" colspan="1"><p>1.980,18</p></td><td rowspan="1" colspan="1"><p>Débito</p></td></tr><tr><td rowspan="1" colspan="1"><p>28/2/2008</p></td><td rowspan="1" colspan="1"><p>1.980,18</p></td><td rowspan="1" colspan="1"><p>Débito</p></td></tr><tr><td rowspan="1" colspan="1"><p>31/3/2008</p></td><td rowspan="1" colspan="1"><p>1.980,18</p></td><td rowspan="1" colspan="1"><p>Débito</p></td></tr><tr><td rowspan="1" colspan="1"><p>30/4/2008</p></td><td rowspan="1" colspan="1"><p>1.980,18</p></td><td rowspan="1" colspan="1"><p>Débito</p></td></tr><tr><td rowspan="1" colspan="1"><p>31/5/2008</p></td><td rowspan="1" colspan="1"><p>2.862,03</p></td><td rowspan="1" colspan="1"><p>Débito</p></td></tr><tr><td rowspan="1" colspan="1"><p>30/6/2008</p></td><td rowspan="1" colspan="1"><p>3.304,66</p></td><td rowspan="1" colspan="1"><p>Débito</p></td></tr><tr><td rowspan="1" colspan="1"><p>31/7/2008</p></td><td rowspan="1" colspan="1"><p>2.246,48</p></td><td rowspan="1" colspan="1"><p>Débito</p></td></tr><tr><td rowspan="1" colspan="1"><p>31/8/2008</p></td><td rowspan="1" colspan="1"><p>2.246,48</p></td><td rowspan="1" colspan="1"><p>Débito</p></td></tr><tr><td rowspan="1" colspan="1"><p>30/9/2008</p></td><td rowspan="1" colspan="1"><p>2.246,48</p></td><td rowspan="1" colspan="1"><p>Débito</p></td></tr><tr><td rowspan="1" colspan="1"><p>31/10/2008</p></td><td rowspan="1" colspan="1"><p>2.339,86</p></td><td rowspan="1" colspan="1"><p>Débito</p></td></tr><tr><td rowspan="1" colspan="1"><p>30/11/2008</p></td><td rowspan="1" colspan="1"><p>3.696,27</p></td><td rowspan="1" colspan="1"><p>Débito</p></td></tr><tr><td rowspan="1" colspan="1"><p>31/12/2008</p></td><td rowspan="1" colspan="1"><p>3.389,60</p></td><td rowspan="1" colspan="1"><p>Débito</p></td></tr><tr><td rowspan="1" colspan="1"><p>31/1/2009</p></td><td rowspan="1" colspan="1"><p>2.339,86</p></td><td rowspan="1" colspan="1"><p>Débito</p></td></tr><tr><td rowspan="1" colspan="1"><p>28/2/2009</p></td><td rowspan="1" colspan="1"><p>2.339,86</p></td><td rowspan="1" colspan="1"><p>Débito</p></td></tr><tr><td rowspan="1" colspan="1"><p>31/3/2009</p></td><td rowspan="1" colspan="1"><p>2.339,86</p></td><td rowspan="1" colspan="1"><p>Débito</p></td></tr><tr><td rowspan="1" colspan="1"><p>31/5/2009</p></td><td rowspan="1" colspan="1"><p>2.339,86</p></td><td rowspan="1" colspan="1"><p>Débito</p></td></tr><tr><td rowspan="1" colspan="1"><p>30/6/2009</p></td><td rowspan="1" colspan="1"><p>3.592,12</p></td><td rowspan="1" colspan="1"><p>Débito</p></td></tr><tr><td rowspan="1" colspan="1"><p>31/7/2009</p></td><td rowspan="1" colspan="1"><p>2.473,74</p></td><td rowspan="1" colspan="1"><p>Débito</p></td></tr><tr><td rowspan="1" colspan="1"><p>31/8/2009</p></td><td rowspan="1" colspan="1"><p>2.473,74</p></td><td rowspan="1" colspan="1"><p>Débito</p></td></tr><tr><td rowspan="1" colspan="1"><p>30/9/2009</p></td><td rowspan="1" colspan="1"><p>2.473,74</p></td><td rowspan="1" colspan="1"><p>Débito</p></td></tr><tr><td rowspan="1" colspan="1"><p>31/10/2009</p></td><td rowspan="1" colspan="1"><p>2.473,74</p></td><td rowspan="1" colspan="1"><p>Débito</p></td></tr><tr><td rowspan="1" colspan="1"><p>30/11/2009</p></td><td rowspan="1" colspan="1"><p>3.877,59</p></td><td rowspan="1" colspan="1"><p>Débito</p></td></tr><tr><td rowspan="1" colspan="1"><p>31/12/2009</p></td><td rowspan="1" colspan="1"><p>2.473,74</p></td><td rowspan="1" colspan="1"><p>Débito</p></td></tr><tr><td rowspan="1" colspan="1"><p>31/1/2010</p></td><td rowspan="1" colspan="1"><p>2.473,74</p></td><td rowspan="1" colspan="1"><p>Débito</p></td></tr><tr><td rowspan="1" colspan="1"><p>28/2/2010</p></td><td rowspan="1" colspan="1"><p>2.473,74</p></td><td rowspan="1" colspan="1"><p>Débito</p></td></tr><tr><td rowspan="1" colspan="1"><p>31/3/2010</p></td><td rowspan="1" colspan="1"><p>2.473,74</p></td><td rowspan="1" colspan="1"><p>Débito</p></td></tr><tr><td rowspan="1" colspan="1"><p>30/4/2010</p></td><td rowspan="1" colspan="1"><p>1.384,74</p></td><td rowspan="1" colspan="1"><p>Débito</p></td></tr><tr><td rowspan="1" colspan="1"><p>31/5/2010</p></td><td rowspan="1" colspan="1"><p>1.384,74</p></td><td rowspan="1" colspan="1"><p>Débito</p></td></tr><tr><td rowspan="1" colspan="1"><p>30/6/2010</p></td><td rowspan="1" colspan="1"><p>2.168,29</p></td><td rowspan="1" colspan="1"><p>Débito</p></td></tr><tr><td rowspan="1" colspan="1"><p>31/7/2010</p></td><td rowspan="1" colspan="1"><p>1.536,00</p></td><td rowspan="1" colspan="1"><p>Débito</p></td></tr><tr><td rowspan="1" colspan="1"><p>31/8/2010</p></td><td rowspan="1" colspan="1"><p>1.536,00</p></td><td rowspan="1" colspan="1"><p>Débito</p></td></tr><tr><td rowspan="1" colspan="1"><p>30/9/2010</p></td><td rowspan="1" colspan="1"><p>1.536,00</p></td><td rowspan="1" colspan="1"><p>Débito</p></td></tr><tr><td rowspan="1" colspan="1"><p>31/10/2010</p></td><td rowspan="1" colspan="1"><p>1.536,00</p></td><td rowspan="1" colspan="1"><p>Débito</p></td></tr><tr><td rowspan="1" colspan="1"><p>30/11/2010</p></td><td rowspan="1" colspan="1"><p>2.490,89</p></td><td rowspan="1" colspan="1"><p>Débito</p></td></tr><tr><td rowspan="1" colspan="1"><p>31/12/2010</p></td><td rowspan="1" colspan="1"><p>1.536,00</p></td><td rowspan="1" colspan="1"><p>Débito</p></td></tr><tr><td rowspan="1" colspan="1"><p>31/1/2011</p></td><td rowspan="1" colspan="1"><p>1.536,00</p></td><td rowspan="1" colspan="1"><p>Débito</p></td></tr><tr><td rowspan="1" colspan="1"><p>28/2/2011</p></td><td rowspan="1" colspan="1"><p>1.491,44</p></td><td rowspan="1" colspan="1"><p>Débito</p></td></tr><tr><td rowspan="1" colspan="1"><p>31/3/2011</p></td><td rowspan="1" colspan="1"><p>1.536,00</p></td><td rowspan="1" colspan="1"><p>Débito</p></td></tr><tr><td rowspan="1" colspan="1"><p>30/4/2011</p></td><td rowspan="1" colspan="1"><p>1.536,00</p></td><td rowspan="1" colspan="1"><p>Débito</p></td></tr><tr><td rowspan="1" colspan="1"><p>31/5/2011</p></td><td rowspan="1" colspan="1"><p>1.536,00</p></td><td rowspan="1" colspan="1"><p>Débito</p></td></tr><tr><td rowspan="1" colspan="1"><p>30/6/2011</p></td><td rowspan="1" colspan="1"><p>2.405,22</p></td><td rowspan="1" colspan="1"><p>Débito</p></td></tr><tr><td rowspan="1" colspan="1"><p>31/7/2011</p></td><td rowspan="1" colspan="1"><p>1.536,00</p></td><td rowspan="1" colspan="1"><p>Débito</p></td></tr><tr><td rowspan="1" colspan="1"><p>31/8/2011</p></td><td rowspan="1" colspan="1"><p>1.536,00</p></td><td rowspan="1" colspan="1"><p>Débito</p></td></tr><tr><td rowspan="1" colspan="1"><p>30/9/2011</p></td><td rowspan="1" colspan="1"><p>1.536,00</p></td><td rowspan="1" colspan="1"><p>Débito</p></td></tr><tr><td rowspan="1" colspan="1"><p>31/10/2011</p></td><td rowspan="1" colspan="1"><p>1.536,00</p></td><td rowspan="1" colspan="1"><p>Débito</p></td></tr><tr><td rowspan="1" colspan="1"><p>30/11/2011</p></td><td rowspan="1" colspan="1"><p>2.405,22</p></td><td rowspan="1" colspan="1"><p>Débito</p></td></tr><tr><td rowspan="1" colspan="1"><p>2/12/2013</p></td><td rowspan="1" colspan="1"><p>471,54</p></td><td rowspan="1" colspan="1"><p>Crédito</p></td></tr><tr><td rowspan="1" colspan="1"><p>2/1/2014</p></td><td rowspan="1" colspan="1"><p>471,54</p></td><td rowspan="1" colspan="1"><p>Crédito</p></td></tr><tr><td rowspan="1" colspan="1"><p>2/2/2014</p></td><td rowspan="1" colspan="1"><p>471,54</p></td><td rowspan="1" colspan="1"><p>Crédito</p></td></tr><tr><td rowspan="1" colspan="1"><p>2/3/2014</p></td><td rowspan="1" colspan="1"><p>471,54</p></td><td rowspan="1" colspan="1"><p>Crédito</p></td></tr><tr><td rowspan="1" colspan="1"><p>2/4/2014</p></td><td rowspan="1" colspan="1"><p>471,54</p></td><td rowspan="1" colspan="1"><p>Crédito</p></td></tr><tr><td rowspan="1" colspan="1"><p>2/5/2014</p></td><td rowspan="1" colspan="1"><p>471,54</p></td><td rowspan="1" colspan="1"><p>Crédito</p></td></tr><tr><td rowspan="1" colspan="1"><p>2/6/2014</p></td><td rowspan="1" colspan="1"><p>471,54</p></td><td rowspan="1" colspan="1"><p>Crédito</p></td></tr><tr><td rowspan="1" colspan="1"><p>2/7/2014</p></td><td rowspan="1" colspan="1"><p>471,54</p></td><td rowspan="1" colspan="1"><p>Crédito</p></td></tr><tr><td rowspan="1" colspan="1"><p>2/8/2014</p></td><td rowspan="1" colspan="1"><p>471,54</p></td><td rowspan="1" colspan="1"><p>Crédito</p></td></tr><tr><td rowspan="1" colspan="1"><p>2/9/2014</p></td><td rowspan="1" colspan="1"><p>471,54</p></td><td rowspan="1" colspan="1"><p>Crédito</p></td></tr><tr><td rowspan="1" colspan="1"><p>2/10/2014</p></td><td rowspan="1" colspan="1"><p>471,54</p></td><td rowspan="1" colspan="1"><p>Crédito</p></td></tr><tr><td rowspan="1" colspan="1"><p>2/11/2014</p></td><td rowspan="1" colspan="1"><p>471,54</p></td><td rowspan="1" colspan="1"><p>Crédito</p></td></tr><tr><td rowspan="1" colspan="1"><p>2/12/2014</p></td><td rowspan="1" colspan="1"><p>471,54</p></td><td rowspan="1" colspan="1"><p>Crédito</p></td></tr><tr><td rowspan="1" colspan="1"><p>2/1/2015</p></td><td rowspan="1" colspan="1"><p>471,54</p></td><td rowspan="1" colspan="1"><p>Crédito</p></td></tr><tr><td rowspan="1" colspan="1"><p>2/2/2015</p></td><td rowspan="1" colspan="1"><p>471,54</p></td><td rowspan="1" colspan="1"><p>Crédito</p></td></tr><tr><td rowspan="1" colspan="1"><p>2/3/2015</p></td><td rowspan="1" colspan="1"><p>471,54</p></td><td rowspan="1" colspan="1"><p>Crédito</p></td></tr><tr><td rowspan="1" colspan="1"><p>2/4/2015</p></td><td rowspan="1" colspan="1"><p>471,54</p></td><td rowspan="1" colspan="1"><p>Crédito</p></td></tr><tr><td rowspan="1" colspan="1"><p>2/5/2015</p></td><td rowspan="1" colspan="1"><p>471,54</p></td><td rowspan="1" colspan="1"><p>Crédito</p></td></tr><tr><td rowspan="1" colspan="1"><p>2/6/2015</p></td><td rowspan="1" colspan="1"><p>471,54</p></td><td rowspan="1" colspan="1"><p>Crédito</p></td></tr><tr><td rowspan="1" colspan="1"><p>2/7/2015</p></td><td rowspan="1" colspan="1"><p>471,54</p></td><td rowspan="1" colspan="1"><p>Crédito</p></td></tr><tr><td rowspan="1" colspan="1"><p>2/8/2015</p></td><td rowspan="1" colspan="1"><p>471,54</p></td><td rowspan="1" colspan="1"><p>Crédito</p></td></tr><tr><td rowspan="1" colspan="1"><p>2/9/2015</p></td><td rowspan="1" colspan="1"><p>471,54</p></td><td rowspan="1" colspan="1"><p>Crédito</p></td></tr><tr><td rowspan="1" colspan="1"><p>2/10/2015</p></td><td rowspan="1" colspan="1"><p>471,54</p></td><td rowspan="1" colspan="1"><p>Crédito</p></td></tr><tr><td rowspan="1" colspan="1"><p>2/11/2015</p></td><td rowspan="1" colspan="1"><p>471,54</p></td><td rowspan="1" colspan="1"><p>Crédito</p></td></tr><tr><td rowspan="1" colspan="1"><p>2/12/2015</p></td><td rowspan="1" colspan="1"><p>471,54</p></td><td rowspan="1" colspan="1"><p>Crédito</p></td></tr><tr><td rowspan="1" colspan="1"><p>2/1/2016</p></td><td rowspan="1" colspan="1"><p>471,54</p></td><td rowspan="1" colspan="1"><p>Crédito</p></td></tr><tr><td rowspan="1" colspan="1"><p>2/2/2016</p></td><td rowspan="1" colspan="1"><p>471,54</p></td><td rowspan="1" colspan="1"><p>Crédito</p></td></tr><tr><td rowspan="1" colspan="1"><p>2/3/2016</p></td><td rowspan="1" colspan="1"><p>471,54</p></td><td rowspan="1" colspan="1"><p>Crédito</p></td></tr><tr><td rowspan="1" colspan="1"><p>2/4/2016</p></td><td rowspan="1" colspan="1"><p>471,54</p></td><td rowspan="1" colspan="1"><p>Crédito</p></td></tr><tr><td rowspan="1" colspan="1"><p>2/6/2016</p></td><td rowspan="1" colspan="1"><p>471,54</p></td><td rowspan="1" colspan="1"><p>Crédito</p></td></tr><tr><td rowspan="1" colspan="1"><p>2/7/2016</p></td><td rowspan="1" colspan="1"><p>471,54</p></td><td rowspan="1" colspan="1"><p>Crédito</p></td></tr><tr><td rowspan="1" colspan="1"><p>2/8/2016</p></td><td rowspan="1" colspan="1"><p>471,54</p></td><td rowspan="1" colspan="1"><p>Crédito</p></td></tr><tr><td rowspan="1" colspan="1"><p>2/9/2016</p></td><td rowspan="1" colspan="1"><p>471,54</p></td><td rowspan="1" colspan="1"><p>Crédito</p></td></tr><tr><td rowspan="1" colspan="1"><p>2/10/2016</p></td><td rowspan="1" colspan="1"><p>471,54</p></td><td rowspan="1" colspan="1"><p>Crédito</p></td></tr><tr><td rowspan="1" colspan="1"><p>2/11/2016</p></td><td rowspan="1" colspan="1"><p>471,54</p></td><td rowspan="1" colspan="1"><p>Crédito</p></td></tr><tr><td rowspan="1" colspan="1"><p>2/12/2016</p></td><td rowspan="1" colspan="1"><p>471,54</p></td><td rowspan="1" colspan="1"><p>Crédito</p></td></tr><tr><td rowspan="1" colspan="1"><p>2/1/2017</p></td><td rowspan="1" colspan="1"><p>471,54</p></td><td rowspan="1" colspan="1"><p>Crédito</p></td></tr><tr><td rowspan="1" colspan="1"><p>2/2/2017</p></td><td rowspan="1" colspan="1"><p>471,54</p></td><td rowspan="1" colspan="1"><p>Crédito</p></td></tr><tr><td rowspan="1" colspan="1"><p>2/3/2017</p></td><td rowspan="1" colspan="1"><p>471,54</p></td><td rowspan="1" colspan="1"><p>Crédito</p></td></tr><tr><td rowspan="1" colspan="1"><p>2/4/2017</p></td><td rowspan="1" colspan="1"><p>471,54</p></td><td rowspan="1" colspan="1"><p>Crédito</p></td></tr><tr><td rowspan="1" colspan="1"><p>2/5/2017</p></td><td rowspan="1" colspan="1"><p>471,54</p></td><td rowspan="1" colspan="1"><p>Crédito</p></td></tr><tr><td rowspan="1" colspan="1"><p>2/6/2017</p></td><td rowspan="1" colspan="1"><p>471,54</p></td><td rowspan="1" colspan="1"><p>Crédito</p></td></tr><tr><td rowspan="1" colspan="1"><p>2/7/2017</p></td><td rowspan="1" colspan="1"><p>471,54</p></td><td rowspan="1" colspan="1"><p>Crédito</p></td></tr><tr><td rowspan="1" colspan="1"><p>2/8/2017</p></td><td rowspan="1" colspan="1"><p>471,54</p></td><td rowspan="1" colspan="1"><p>Crédito</p></td></tr><tr><td rowspan="1" colspan="1"><p>2/9/2017</p></td><td rowspan="1" colspan="1"><p>471,54</p></td><td rowspan="1" colspan="1"><p>Crédito</p></td></tr><tr><td rowspan="1" colspan="1"><p>2/10/2017</p></td><td rowspan="1" colspan="1"><p>471,54</p></td><td rowspan="1" colspan="1"><p>Crédito</p></td></tr><tr><td rowspan="1" colspan="1"><p>2/11/2017</p></td><td rowspan="1" colspan="1"><p>471,54</p></td><td rowspan="1" colspan="1"><p>Crédito</p></td></tr><tr><td rowspan="1" colspan="1"><p>2/12/2017</p></td><td rowspan="1" colspan="1"><p>471,54</p></td><td rowspan="1" colspan="1"><p>Crédito</p></td></tr><tr><td rowspan="1" colspan="1"><p>2/1/2018</p></td><td rowspan="1" colspan="1"><p>471,54</p></td><td rowspan="1" colspan="1"><p>Crédito</p></td></tr><tr><td rowspan="1" colspan="1"><p>2/2/2018</p></td><td rowspan="1" colspan="1"><p>471,54</p></td><td rowspan="1" colspan="1"><p>Crédito</p></td></tr><tr><td rowspan="1" colspan="1"><p>2/3/2018</p></td><td rowspan="1" colspan="1"><p>471,54</p></td><td rowspan="1" colspan="1"><p>Crédito</p></td></tr><tr><td rowspan="1" colspan="1"><p>2/4/2018</p></td><td rowspan="1" colspan="1"><p>471,54</p></td><td rowspan="1" colspan="1"><p>Crédito</p></td></tr><tr><td rowspan="1" colspan="1"><p>2/5/2018</p></td><td rowspan="1" colspan="1"><p>471,54</p></td><td rowspan="1" colspan="1"><p>Crédito</p></td></tr><tr><td rowspan="1" colspan="1"><p>2/6/2018</p></td><td rowspan="1" colspan="1"><p>471,54</p></td><td rowspan="1" colspan="1"><p>Crédito</p></td></tr><tr><td rowspan="1" colspan="1"><p>2/7/2018</p></td><td rowspan="1" colspan="1"><p>471,54</p></td><td rowspan="1" colspan="1"><p>Crédito</p></td></tr><tr><td rowspan="1" colspan="1"><p>2/8/2018</p></td><td rowspan="1" colspan="1"><p>471,54</p></td><td rowspan="1" colspan="1"><p>Crédito</p></td></tr><tr><td rowspan="1" colspan="1"><p>2/9/2018</p></td><td rowspan="1" colspan="1"><p>471,54</p></td><td rowspan="1" colspan="1"><p>Crédito</p></td></tr><tr><td rowspan="1" colspan="1"><p>2/10/2018</p></td><td rowspan="1" colspan="1"><p>471,54</p></td><td rowspan="1" colspan="1"><p>Crédito</p></td></tr><tr><td rowspan="1" colspan="1"><p>2/11/2018</p></td><td rowspan="1" colspan="1"><p>471,54</p></td><td rowspan="1" colspan="1"><p>Crédito</p></td></tr><tr><td rowspan="1" colspan="1"><p>2/12/2018</p></td><td rowspan="1" colspan="1"><p>471,54</p></td><td rowspan="1" colspan="1"><p>Crédito</p></td></tr><tr><td rowspan="1" colspan="1"><p>2/1/2019</p></td><td rowspan="1" colspan="1"><p>471,54</p></td><td rowspan="1" colspan="1"><p>Crédito</p></td></tr><tr><td rowspan="1" colspan="1"><p>2/2/2019</p></td><td rowspan="1" colspan="1"><p>471,54</p></td><td rowspan="1" colspan="1"><p>Crédito</p></td></tr><tr><td rowspan="1" colspan="1"><p>2/3/2019</p></td><td rowspan="1" colspan="1"><p>471,54</p></td><td rowspan="1" colspan="1"><p>Crédito</p></td></tr><tr><td rowspan="1" colspan="1"><p>2/4/2019</p></td><td rowspan="1" colspan="1"><p>471,54</p></td><td rowspan="1" colspan="1"><p>Crédito</p></td></tr><tr><td rowspan="1" colspan="1"><p>2/5/2019</p></td><td rowspan="1" colspan="1"><p>471,54</p></td><td rowspan="1" colspan="1"><p>Crédito</p></td></tr><tr><td rowspan="1" colspan="1"><p>2/6/2019</p></td><td rowspan="1" colspan="1"><p>471,54</p></td><td rowspan="1" colspan="1"><p>Crédito</p></td></tr><tr><td rowspan="1" colspan="1"><p>2/7/2019</p></td><td rowspan="1" colspan="1"><p>471,54</p></td><td rowspan="1" colspan="1"><p>Crédito</p></td></tr><tr><td rowspan="1" colspan="1"><p>1º/8/2019</p></td><td rowspan="1" colspan="1"><p>471,54</p></td><td rowspan="1" colspan="1"><p>Crédito</p></td></tr><tr><td rowspan="1" colspan="1"><p>2/9/2019</p></td><td rowspan="1" colspan="1"><p>471,54</p></td><td rowspan="1" colspan="1"><p>Crédito</p></td></tr><tr><td rowspan="1" colspan="1"><p>1º/10/2019</p></td><td rowspan="1" colspan="1"><p>471,54</p></td><td rowspan="1" colspan="1"><p>Crédito</p></td></tr><tr><td rowspan="1" colspan="1"><p>1º/11/2019</p></td><td rowspan="1" colspan="1"><p>471,54</p></td><td rowspan="1" colspan="1"><p>Crédito</p></td></tr><tr><td rowspan="1" colspan="1"><p>2/12/2019</p></td><td rowspan="1" colspan="1"><p>471,54</p></td><td rowspan="1" colspan="1"><p>Crédito</p></td></tr><tr><td rowspan="1" colspan="1"><p>2/1/2020</p></td><td rowspan="1" colspan="1"><p>471,54</p></td><td rowspan="1" colspan="1"><p>Crédito</p></td></tr><tr><td rowspan="1" colspan="1"><p>2/2/2020</p></td><td rowspan="1" colspan="1"><p>471,54</p></td><td rowspan="1" colspan="1"><p>Crédito</p></td></tr><tr><td rowspan="1" colspan="1"><p>2/3/2020</p></td><td rowspan="1" colspan="1"><p>471,54</p></td><td rowspan="1" colspan="1"><p>Crédito</p></td></tr><tr><td rowspan="1" colspan="1"><p>2/4/2020</p></td><td rowspan="1" colspan="1"><p>471,54</p></td><td rowspan="1" colspan="1"><p>Crédito</p></td></tr><tr><td rowspan="1" colspan="1"><p>3/5/2020</p></td><td rowspan="1" colspan="1"><p>471,54</p></td><td rowspan="1" colspan="1"><p>Crédito</p></td></tr><tr><td rowspan="1" colspan="1"><p>1º/6/2020</p></td><td rowspan="1" colspan="1"><p>471,54</p></td><td rowspan="1" colspan="1"><p>Crédito</p></td></tr></table><p>9.1.3. Sr. Elielton Souza dos Santos, em solidariedade com o Sr. Adilson Magalhaes Nascimento Junior:</p><p /><p></p><table><tr /><tr><td rowspan="1" colspan="1"><p>Data de ocorrência</p></td><td rowspan="1" colspan="1"><p><strong>Valor histórico (R$)</strong></p></td><td rowspan="1" colspan="1"><p><strong>Tipo da parcela</strong></p></td></tr><tr><td rowspan="1" colspan="1"><p>30/6/2010</p></td><td rowspan="1" colspan="1"><p>6.534,00</p></td><td rowspan="1" colspan="1"><p>Débito</p></td></tr><tr><td rowspan="1" colspan="1"><p>31/7/2010</p></td><td rowspan="1" colspan="1"><p>1.089,00</p></td><td rowspan="1" colspan="1"><p>Débito</p></td></tr><tr><td rowspan="1" colspan="1"><p>31/8/2010</p></td><td rowspan="1" colspan="1"><p>1.089,00</p></td><td rowspan="1" colspan="1"><p>Débito</p></td></tr><tr><td rowspan="1" colspan="1"><p>30/9/2010</p></td><td rowspan="1" colspan="1"><p>1.089,00</p></td><td rowspan="1" colspan="1"><p>Débito</p></td></tr><tr><td rowspan="1" colspan="1"><p>31/10/2010</p></td><td rowspan="1" colspan="1"><p>1.089,00</p></td><td rowspan="1" colspan="1"><p>Débito</p></td></tr><tr><td rowspan="1" colspan="1"><p>30/11/2010</p></td><td rowspan="1" colspan="1"><p>1.089,00</p></td><td rowspan="1" colspan="1"><p>Débito</p></td></tr><tr><td rowspan="1" colspan="1"><p>31/12/2010</p></td><td rowspan="1" colspan="1"><p>1.089,00</p></td><td rowspan="1" colspan="1"><p>Débito</p></td></tr><tr><td rowspan="1" colspan="1"><p>31/1/2011</p></td><td rowspan="1" colspan="1"><p>1.089,00</p></td><td rowspan="1" colspan="1"><p>Débito</p></td></tr><tr><td rowspan="1" colspan="1"><p>28/2/2011</p></td><td rowspan="1" colspan="1"><p>1.089,00</p></td><td rowspan="1" colspan="1"><p>Débito</p></td></tr><tr><td rowspan="1" colspan="1"><p>31/3/2011</p></td><td rowspan="1" colspan="1"><p>1.089,00</p></td><td rowspan="1" colspan="1"><p>Débito</p></td></tr><tr><td rowspan="1" colspan="1"><p>30/4/2011</p></td><td rowspan="1" colspan="1"><p>1.089,00</p></td><td rowspan="1" colspan="1"><p>Débito</p></td></tr><tr><td rowspan="1" colspan="1"><p>31/5/2011</p></td><td rowspan="1" colspan="1"><p>1.089,00</p></td><td rowspan="1" colspan="1"><p>Débito</p></td></tr><tr><td rowspan="1" colspan="1"><p>30/6/2011</p></td><td rowspan="1" colspan="1"><p>1.089,00</p></td><td rowspan="1" colspan="1"><p>Débito</p></td></tr><tr><td rowspan="1" colspan="1"><p>31/7/2011</p></td><td rowspan="1" colspan="1"><p>1.089,00</p></td><td rowspan="1" colspan="1"><p>Débito</p></td></tr><tr><td rowspan="1" colspan="1"><p>2/12/2013</p></td><td rowspan="1" colspan="1"><p>598,03</p></td><td rowspan="1" colspan="1"><p>Crédito</p></td></tr><tr><td rowspan="1" colspan="1"><p>2/1/2014</p></td><td rowspan="1" colspan="1"><p>598,03</p></td><td rowspan="1" colspan="1"><p>Crédito</p></td></tr><tr><td rowspan="1" colspan="1"><p>2/2/2014</p></td><td rowspan="1" colspan="1"><p>598,03</p></td><td rowspan="1" colspan="1"><p>Crédito</p></td></tr><tr><td rowspan="1" colspan="1"><p>2/3/2014</p></td><td rowspan="1" colspan="1"><p>598,03</p></td><td rowspan="1" colspan="1"><p>Crédito</p></td></tr><tr><td rowspan="1" colspan="1"><p>2/4/2014</p></td><td rowspan="1" colspan="1"><p>598,03</p></td><td rowspan="1" colspan="1"><p>Crédito</p></td></tr><tr><td rowspan="1" colspan="1"><p>2/5/2014</p></td><td rowspan="1" colspan="1"><p>598,03</p></td><td rowspan="1" colspan="1"><p>Crédito</p></td></tr><tr><td rowspan="1" colspan="1"><p>2/6/2014</p></td><td rowspan="1" colspan="1"><p>598,03</p></td><td rowspan="1" colspan="1"><p>Crédito</p></td></tr><tr><td rowspan="1" colspan="1"><p>2/7/2014</p></td><td rowspan="1" colspan="1"><p>598,03</p></td><td rowspan="1" colspan="1"><p>Crédito</p></td></tr><tr><td rowspan="1" colspan="1"><p>2/8/2014</p></td><td rowspan="1" colspan="1"><p>598,03</p></td><td rowspan="1" colspan="1"><p>Crédito</p></td></tr><tr><td rowspan="1" colspan="1"><p>2/9/2014</p></td><td rowspan="1" colspan="1"><p>598,03</p></td><td rowspan="1" colspan="1"><p>Crédito</p></td></tr><tr><td rowspan="1" colspan="1"><p>2/10/2014</p></td><td rowspan="1" colspan="1"><p>598,03</p></td><td rowspan="1" colspan="1"><p>Crédito</p></td></tr><tr><td rowspan="1" colspan="1"><p>2/11/2014</p></td><td rowspan="1" colspan="1"><p>598,03</p></td><td rowspan="1" colspan="1"><p>Crédito</p></td></tr><tr><td rowspan="1" colspan="1"><p>2/12/2014</p></td><td rowspan="1" colspan="1"><p>598,03</p></td><td rowspan="1" colspan="1"><p>Crédito</p></td></tr><tr><td rowspan="1" colspan="1"><p>2/1/2015</p></td><td rowspan="1" colspan="1"><p>598,03</p></td><td rowspan="1" colspan="1"><p>Crédito</p></td></tr><tr><td rowspan="1" colspan="1"><p>2/2/2015</p></td><td rowspan="1" colspan="1"><p>598,03</p></td><td rowspan="1" colspan="1"><p>Crédito</p></td></tr><tr><td rowspan="1" colspan="1"><p>2/3/2015</p></td><td rowspan="1" colspan="1"><p>598,03</p></td><td rowspan="1" colspan="1"><p>Crédito</p></td></tr><tr><td rowspan="1" colspan="1"><p>2/4/2015</p></td><td rowspan="1" colspan="1"><p>598,03</p></td><td rowspan="1" colspan="1"><p>Crédito</p></td></tr><tr><td rowspan="1" colspan="1"><p>2/5/2015</p></td><td rowspan="1" colspan="1"><p>598,03</p></td><td rowspan="1" colspan="1"><p>Crédito</p></td></tr><tr><td rowspan="1" colspan="1"><p>2/6/2015</p></td><td rowspan="1" colspan="1"><p>598,03</p></td><td rowspan="1" colspan="1"><p>Crédito</p></td></tr><tr><td rowspan="1" colspan="1"><p>2/7/2015</p></td><td rowspan="1" colspan="1"><p>598,03</p></td><td rowspan="1" colspan="1"><p>Crédito</p></td></tr><tr><td rowspan="1" colspan="1"><p>2/8/2015</p></td><td rowspan="1" colspan="1"><p>598,03</p></td><td rowspan="1" colspan="1"><p>Crédito</p></td></tr><tr><td rowspan="1" colspan="1"><p>2/9/2015</p></td><td rowspan="1" colspan="1"><p>598,03</p></td><td rowspan="1" colspan="1"><p>Crédito</p></td></tr><tr><td rowspan="1" colspan="1"><p>2/10/2015</p></td><td rowspan="1" colspan="1"><p>598,03</p></td><td rowspan="1" colspan="1"><p>Crédito</p></td></tr><tr><td rowspan="1" colspan="1"><p>2/11/2015</p></td><td rowspan="1" colspan="1"><p>598,03</p></td><td rowspan="1" colspan="1"><p>Crédito</p></td></tr><tr><td rowspan="1" colspan="1"><p>2/12/2015</p></td><td rowspan="1" colspan="1"><p>598,03</p></td><td rowspan="1" colspan="1"><p>Crédito</p></td></tr><tr><td rowspan="1" colspan="1"><p>2/1/2016</p></td><td rowspan="1" colspan="1"><p>598,03</p></td><td rowspan="1" colspan="1"><p>Crédito</p></td></tr><tr><td rowspan="1" colspan="1"><p>2/2/2016</p></td><td rowspan="1" colspan="1"><p>598,03</p></td><td rowspan="1" colspan="1"><p>Crédito</p></td></tr><tr><td rowspan="1" colspan="1"><p>2/3/2016</p></td><td rowspan="1" colspan="1"><p>598,03</p></td><td rowspan="1" colspan="1"><p>Crédito</p></td></tr><tr><td rowspan="1" colspan="1"><p>2/4/2016</p></td><td rowspan="1" colspan="1"><p>598,03</p></td><td rowspan="1" colspan="1"><p>Crédito</p></td></tr><tr><td rowspan="1" colspan="1"><p>2/5/2016</p></td><td rowspan="1" colspan="1"><p>598,03</p></td><td rowspan="1" colspan="1"><p>Crédito</p></td></tr><tr><td rowspan="1" colspan="1"><p>2/6/2016</p></td><td rowspan="1" colspan="1"><p>598,03</p></td><td rowspan="1" colspan="1"><p>Crédito</p></td></tr><tr><td rowspan="1" colspan="1"><p>2/7/2016</p></td><td rowspan="1" colspan="1"><p>598,03</p></td><td rowspan="1" colspan="1"><p>Crédito</p></td></tr><tr><td rowspan="1" colspan="1"><p>2/8/2016</p></td><td rowspan="1" colspan="1"><p>598,03</p></td><td rowspan="1" colspan="1"><p>Crédito</p></td></tr><tr><td rowspan="1" colspan="1"><p>2/9/2016</p></td><td rowspan="1" colspan="1"><p>598,03</p></td><td rowspan="1" colspan="1"><p>Crédito</p></td></tr><tr><td rowspan="1" colspan="1"><p>2/10/2016</p></td><td rowspan="1" colspan="1"><p>598,03</p></td><td rowspan="1" colspan="1"><p>Crédito</p></td></tr><tr><td rowspan="1" colspan="1"><p>2/11/2016</p></td><td rowspan="1" colspan="1"><p>598,03</p></td><td rowspan="1" colspan="1"><p>Crédito</p></td></tr><tr><td rowspan="1" colspan="1"><p>2/12/2016</p></td><td rowspan="1" colspan="1"><p>598,03</p></td><td rowspan="1" colspan="1"><p>Crédito</p></td></tr><tr><td rowspan="1" colspan="1"><p>2/1/2017</p></td><td rowspan="1" colspan="1"><p>598,03</p></td><td rowspan="1" colspan="1"><p>Crédito</p></td></tr><tr><td rowspan="1" colspan="1"><p>2/2/2017</p></td><td rowspan="1" colspan="1"><p>598,03</p></td><td rowspan="1" colspan="1"><p>Crédito</p></td></tr><tr><td rowspan="1" colspan="1"><p>2/3/2017</p></td><td rowspan="1" colspan="1"><p>598,03</p></td><td rowspan="1" colspan="1"><p>Crédito</p></td></tr><tr><td rowspan="1" colspan="1"><p>2/4/2017</p></td><td rowspan="1" colspan="1"><p>598,03</p></td><td rowspan="1" colspan="1"><p>Crédito</p></td></tr><tr><td rowspan="1" colspan="1"><p>2/5/2017</p></td><td rowspan="1" colspan="1"><p>598,03</p></td><td rowspan="1" colspan="1"><p>Crédito</p></td></tr></table><p>9.1.4. Sr. Alessandro Moreira da Silva, em solidariedade com o Sr. Adilson Magalhaes Nascimento Junior:</p><p /><p></p><table><tr /><tr><td rowspan="1" colspan="1"><p>Data de ocorrência</p></td><td rowspan="1" colspan="1"><p><strong>Valor histórico (R$)</strong></p></td><td rowspan="1" colspan="1"><p><strong>Tipo da parcela</strong></p></td></tr><tr><td rowspan="1" colspan="1"><p>28/2/2010</p></td><td rowspan="1" colspan="1"><p>2.178,00</p></td><td rowspan="1" colspan="1"><p>Débito</p></td></tr><tr><td rowspan="1" colspan="1"><p>31/3/2010</p></td><td rowspan="1" colspan="1"><p>1.089,00</p></td><td rowspan="1" colspan="1"><p>Débito</p></td></tr><tr><td rowspan="1" colspan="1"><p>30/4/2010</p></td><td rowspan="1" colspan="1"><p>1.089,00</p></td><td rowspan="1" colspan="1"><p>Débito</p></td></tr><tr><td rowspan="1" colspan="1"><p>31/5/2010</p></td><td rowspan="1" colspan="1"><p>1.089,00</p></td><td rowspan="1" colspan="1"><p>Débito</p></td></tr><tr><td rowspan="1" colspan="1"><p>30/6/2010</p></td><td rowspan="1" colspan="1"><p>1.089,00</p></td><td rowspan="1" colspan="1"><p>Débito</p></td></tr><tr><td rowspan="1" colspan="1"><p>31/7/2010</p></td><td rowspan="1" colspan="1"><p>1.089,00</p></td><td rowspan="1" colspan="1"><p>Débito</p></td></tr><tr><td rowspan="1" colspan="1"><p>31/8/2010</p></td><td rowspan="1" colspan="1"><p>1.089,00</p></td><td rowspan="1" colspan="1"><p>Débito</p></td></tr><tr><td rowspan="1" colspan="1"><p>30/9/2010</p></td><td rowspan="1" colspan="1"><p>1.089,00</p></td><td rowspan="1" colspan="1"><p>Débito</p></td></tr><tr><td rowspan="1" colspan="1"><p>31/10/2010</p></td><td rowspan="1" colspan="1"><p>1.089,00</p></td><td rowspan="1" colspan="1"><p>Débito</p></td></tr><tr><td rowspan="1" colspan="1"><p>30/11/2010</p></td><td rowspan="1" colspan="1"><p>1.089,00</p></td><td rowspan="1" colspan="1"><p>Débito</p></td></tr><tr><td rowspan="1" colspan="1"><p>31/12/2010</p></td><td rowspan="1" colspan="1"><p>1.089,00</p></td><td rowspan="1" colspan="1"><p>Débito</p></td></tr></table><p>9.2. aplicar aos Srs. George de Brito Sena, Rosenaldo Reis dos Santos, Elielton Souza dos Santos e Adilson Magalhães Nascimento Júnior, individualmente, a multa prevista no art. 57 da Lei 8.443/1992, nos valores a seguir especificados, fixando-lhes o prazo de 15 (quinze) dias, a contar da notificação, para que comprovem, perante o Tribunal (art. 214, inciso III, alínea "a", do Regimento Interno/TCU), o recolhimento da dívida ao Tesouro Nacional, atualizada monetariamente desde a data deste Acórdão até a do efetivo recolhimento, se for paga após o vencimento, na forma da legislação em vigor:</p><p>9.2.1. George de Brito Sena - R$ 45.000,00 (quarenta e cinco mil reais);</p><p>9.2.2. Rosenaldo Reis dos Santos - R$ 20.000,00 (vinte mil reais);</p><p>9.2.3. Elielton Souza dos Santos - R$ 5.000,00 (cinco mil reais);</p><p>9.2.4. Adilson Magalhães Nascimento Júnior - R$ 70.000,00 (setenta mil reais);</p><p>9.3. considerar graves as condutas praticadas pelo Sr. Adilson Magalhães Nascimento Júnior, nos termos do art. 60 da Lei 8.443/1992 c/c o art. 270, § 1º, do Regimento Interno/TCU;</p><p>9.4. inabilitar o Sr. Adilson Magalhães Nascimento Júnior para o exercício de cargo em comissão ou função de confiança no âmbito da Administração Pública Federal, por um prazo de 5 (cinco) anos, nos termos do art. 60 da Lei 8.443/1992, c/c os arts. 15, inciso I, alínea "i", e 270 do Regimento Interno/TCU;</p><p>9.5. autorizar, caso requerido, nos termos do art. 26 da Lei 8.443/1992 c/c o art. 217 do Regimento Interno/TCU, o parcelamento das dívidas em até 36 (trinta e seis) parcelas mensais e sucessivas, sobre as quais incidirão os correspondentes acréscimos legais (débito: atualização monetária e juros de mora; multa: atualização monetária), esclarecendo aos responsáveis que a falta de pagamento de qualquer parcela importará no vencimento antecipado do saldo devedor, sem prejuízo das demais medidas legais;</p><p>9.6. autorizar, desde logo, a cobrança judicial das dívidas, caso não atendidas as notificações, nos termos do art. 28, inciso II, da Lei 8.443/1992; e</p><p>9.7. enviar cópia deste acórdão à Procuradoria da República no Estado da Bahia, nos termos do art. 16, § 3º, da Lei 8.443/1992, bem como ao Comando da 6ª Região Militar, para ciência.</p><p>10. Ata n° 32/2022 - Plenário.</p><p>11. Data da Sessão: 17/8/2022 - Ordinária.</p><p>12. Código eletrônico para localização na página do TCU na Internet: AC-1898-32/22-P.</p><p>13. Especificação do quórum:</p><p>13.1. Ministros presentes: Bruno Dantas (na Presidência), Walton Alencar Rodrigues, Benjamin Zymler, Augusto Nardes, Aroldo Cedraz, Vital do Rêgo, Jorge Oliveira e Antonio Anastasia.</p><p>13.2. Ministro-Substituto convocado: Augusto Sherman Cavalcanti.</p><p>13.3. Ministros-Substitutos presentes: Marcos Bemquerer Costa (Relator), André Luís de Carvalho e Weder de Oliveira.</p>]]></Texto>
  </body>
  <Midias />
</article></xml>