﻿<xml><article id="27749622" name="Ata_29_2C_23_08_2022 - BD - IMPR" idOficio="9058555" pubName="DO1" artType="Ata" pubDate="30/08/2022" artClass="00044:00003:00000:00000:00000:00000:00000:00000:00000:00000:00005:00000" artCategory="Tribunal de Contas da União/2ª Câmara" artSize="12" artNotes="" numberPage="349" pdfPage="http://pesquisa.in.gov.br/imprensa/jsp/visualiza/index.jsp?data=30/08/2022&amp;jornal=515&amp;pagina=349" editionNumber="165" highlightType="" highlightPriority="" highlight="" highlightimage="" highlightimagename="" idMateria="19841584">
  <body>
    <Identifica />
    <Data><![CDATA[]]></Data>
    <Ementa />
    <Titulo />
    <SubTitulo />
    <Texto><![CDATA[<p>ACÓRDÃO Nº 4516/2022 - TCU - 2ª Câmara</p><p>1. Processo nº TC 004.402/2022-7.</p><p>2. Grupo I - Classe de Assunto: V - Aposentadoria.</p><p>3. Interessados/Responsáveis:</p><p>3.1. Interessado: Francineide Herculano Lopes Tavares (108.896.394-34).</p><p>4. Órgão/Entidade: Departamento Nacional de Obras Contra as Secas.</p><p>5. Relator: Ministro Bruno Dantas.</p><p>6. Representante do Ministério Público: Procurador Rodrigo Medeiros de Lima.</p><p>7. Unidade Técnica: Secretaria de Fiscalização de Integridade de Atos e Pagamentos de Pessoal e de Benefícios Sociais (Sefip).</p><p>8. Representação legal: não há</p><p>9. Acórdão:</p><p>VISTOS, relatados e discutidos estes autos em que se aprecia ato de aposentadoria,</p><p>ACORDAM os Ministros do Tribunal de Contas da União, reunidos em sessão da Segunda Câmara, diante das razões expostas pelo Relator, e com fundamento no art. 71, incisos III e IX, da Constituição Federal de 1988, c/c os arts. 1º, inciso V, 39, inciso II, e 45 da Lei 8.443/1992, e ainda com os arts. 260, § 1º, 261, caput e § 1º, e 262, caput e § 2º, do Regimento Interno do TCU, em:</p><p>9.1. considerar ilegal a aposentadoria de Francineide Herculano Lopes Tavares, negando o registro ao ato correspondente;</p><p>9.2. dispensar o ressarcimento das quantias indevidamente recebidas de boa-fé (enunciado 106 da súmula da jurisprudência predominante do TCU);</p><p>9.3. determinar à unidade jurisdicionada que:</p><p>9.3.1. no prazo de 15 (quinze) dias, faça cessar os pagamentos decorrentes do ato ora considerado ilegal, sob pena de responsabilidade solidária da autoridade administrativa omissa, até a emissão de novo ato livre das irregularidades identificadas;</p><p>9.3.2. no prazo de 15 (quinze) dias, dê ciência do inteiro teor desta deliberação à interessada, esclarecendo-lhe que o efeito suspensivo proveniente da interposição de recurso não a exime da devolução dos valores percebidos indevidamente após a notificação sobre o presente acórdão, em caso de não provimento do recurso porventura impetrado;</p><p>9.3.3. no prazo de 30 (trinta) dias, informe ao TCU as medidas adotadas, sem prejuízo de encaminhar comprovante sobre a data em que a interessada tomou conhecimento deste acórdão;</p><p>9.4. dar ciência deste acórdão à unidade jurisdicionada.</p><p>10. Ata n° 29/2022 - 2ª Câmara.</p><p>11. Data da Sessão: 23/8/2022 - Ordinária.</p><p>12. Código eletrônico para localização na página do TCU na Internet: AC-4516-29/22-2.</p><p>13. Especificação do quórum:</p><p>13.1. Ministros presentes: Augusto Nardes (na Presidência), Aroldo Cedraz, Bruno Dantas (Relator) e Antonio Anastasia.</p><p>13.2. Ministros-Substitutos presentes: Marcos Bemquerer Costa e André Luís de Carvalho.</p><p>ACÓRDÃO Nº 4517/2022 - TCU - 2ª Câmara</p><p>1. Processo nº TC 005.672/2022-8.</p><p>2. Grupo II - Classe de Assunto: V - Aposentadoria.</p><p>3. Interessados/Responsáveis:</p><p>3.1. Interessado: Alvaro dos Santos da Anunciacao (159.017.935-87).</p><p>4. Órgão/Entidade: Departamento Nacional de Obras Contra as Secas.</p><p>5. Relator: Ministro Bruno Dantas.</p><p>6. Representante do Ministério Público: Procuradora-Geral Cristina Machado da Costa e Silva.</p><p>7. Unidade Técnica: Secretaria de Fiscalização de Integridade de Atos e Pagamentos de Pessoal e de Benefícios Sociais (Sefip).</p><p>8. Representação legal: não há</p><p>9. Acórdão:</p><p>VISTOS, relatados e discutidos estes autos em que se aprecia ato de aposentadoria,</p><p>ACORDAM os Ministros do Tribunal de Contas da União, reunidos em sessão da Segunda Câmara, diante das razões expostas pelo Relator, e com fundamento no art. 71, incisos III e IX, da Constituição Federal de 1988, c/c os arts. 1º, inciso V, 39, inciso II, e 45 da Lei 8.443/1992, e ainda com os arts. 260, § 1º, 261, caput e § 1º, e 262, caput e § 2º, do Regimento Interno do TCU, em:</p><p>9.1. considerar ilegal a aposentadoria de Alvaro dos Santos da Anunciacao, negando o registro ao ato correspondente;</p><p>9.2. dispensar o ressarcimento das quantias indevidamente recebidas de boa-fé (enunciado 106 da súmula da jurisprudência predominante do TCU);</p><p>9.3. determinar à unidade jurisdicionada que:</p><p>9.3.1. no prazo de 15 (quinze) dias, faça cessar os pagamentos decorrentes do ato ora considerado ilegal, sob pena de responsabilidade solidária da autoridade administrativa omissa, até a emissão de novo ato livre das irregularidades identificadas;</p><p>9.3.2. no prazo de 15 (quinze) dias, dê ciência do inteiro teor desta deliberação ao interessado, esclarecendo-lhe que o efeito suspensivo proveniente da interposição de recurso não o exime da devolução dos valores percebidos indevidamente após a notificação sobre o presente acórdão, em caso de não provimento do recurso porventura impetrado;</p><p>9.3.3. no prazo de 30 (trinta) dias, informe ao TCU as medidas adotadas, sem prejuízo de encaminhar comprovante sobre a data em que o interessado tomou conhecimento deste acórdão;</p><p>9.4. dar ciência deste acórdão à unidade jurisdicionada.</p><p>10. Ata n° 29/2022 - 2ª Câmara.</p><p>11. Data da Sessão: 23/8/2022 - Ordinária.</p><p>12. Código eletrônico para localização na página do TCU na Internet: AC-4517-29/22-2.</p><p>13. Especificação do quórum:</p><p>13.1. Ministros presentes: Augusto Nardes (na Presidência), Aroldo Cedraz, Bruno Dantas (Relator) e Antonio Anastasia.</p><p>13.2. Ministros-Substitutos presentes: Marcos Bemquerer Costa e André Luís de Carvalho.</p><p>ACÓRDÃO Nº 4518/2022 - TCU - 2ª Câmara</p><p>1. Processo nº TC 006.587/2022-4.</p><p>2. Grupo II - Classe de Assunto: V - Aposentadoria.</p><p>3. Interessados/Responsáveis:</p><p>3.1. Interessado: Dinalva Luis Pinto (186.183.671-68).</p><p>4. Órgão/Entidade: Fundação Universidade de Brasília.</p><p>5. Relator: Ministro Bruno Dantas.</p><p>6. Representante do Ministério Público: Procurador Marinus Eduardo De Vries Marsico.</p><p>7. Unidade Técnica: Secretaria de Fiscalização de Integridade de Atos e Pagamentos de Pessoal e de Benefícios Sociais (Sefip).</p><p>8. Representação legal: não há</p><p>9. Acórdão:</p><p>VISTOS, relatados e discutidos estes autos em que se aprecia ato de aposentadoria,</p><p>ACORDAM os Ministros do Tribunal de Contas da União, reunidos em sessão da Segunda Câmara, diante das razões expostas pelo Relator, e com fundamento no art. 71, incisos III e IX, da Constituição Federal de 1988, c/c os arts. 1º, inciso V, 39, inciso II, e 45 da Lei 8.443/1992, e ainda com o art. 260, § 1º, 261, caput e § 1º, e 262, caput e § 2º, do Regimento Interno do TCU, em:</p><p>9.1. considerar ilegal a aposentadoria de Dinalva Luis Pinto, negando o registro ao ato correspondente;</p><p>9.2. determinar à unidade jurisdicionada que:</p><p>9.2.1. no prazo de 15 (quinze) dias, corrija o valor da rubrica judicial alusiva à URP, restabelecendo os valores verificados em setembro de 2010, mês em que foi proferida a decisão liminar que assegurou sua irredutibilidade, sob pena de responsabilidade solidária da autoridade administrativa omissa;</p><p>9.2.2. acompanhe a tramitação do Mandado de Segurança 28.819/DF, em curso no Supremo Tribunal Federal, e, uma vez desconstituída a liminar que assegura a manutenção da URP, promova a imediata supressão da parcela e proceda à restituição dos valores pagos a esse título desde a impetração da ação, nos termos do art. 46 da Lei 8.112/1990, salvo expressa disposição judicial em sentido diverso;</p><p>9.2.3. no prazo de 30 (trinta) dias, informe ao TCU as medidas adotadas, sem prejuízo de encaminhar comprovante sobre a data em que a interessada tomou conhecimento deste acórdão;</p><p>9.3. dar ciência deste acórdão à unidade jurisdicionada.</p><p>10. Ata n° 29/2022 - 2ª Câmara.</p><p>11. Data da Sessão: 23/8/2022 - Ordinária.</p><p>12. Código eletrônico para localização na página do TCU na Internet: AC-4518-29/22-2.</p><p>13. Especificação do quórum:</p><p>13.1. Ministros presentes: Augusto Nardes (na Presidência), Aroldo Cedraz, Bruno Dantas (Relator) e Antonio Anastasia.</p><p>13.2. Ministros-Substitutos presentes: Marcos Bemquerer Costa e André Luís de Carvalho.</p><p>ACÓRDÃO Nº 4519/2022 - TCU - 2ª Câmara</p><p>1. Processo nº TC 006.680/2022-4.</p><p>2. Grupo I - Classe de Assunto: V - Aposentadoria.</p><p>3. Interessados/Responsáveis:</p><p>3.1. Interessado: Ana Amelia Leite de Brito (061.693.333-91).</p><p>4. Órgão/Entidade: Departamento Nacional de Obras Contra as Secas.</p><p>5. Relator: Ministro Bruno Dantas.</p><p>6. Representante do Ministério Público: Procurador Marinus Eduardo De Vries Marsico.</p><p>7. Unidade Técnica: Secretaria de Fiscalização de Integridade de Atos e Pagamentos de Pessoal e de Benefícios Sociais (Sefip).</p><p>8. Representação legal: não há</p><p>9. Acórdão:</p><p>VISTOS, relatados e discutidos estes autos em que se aprecia ato de aposentadoria,</p><p>ACORDAM os Ministros do Tribunal de Contas da União, reunidos em sessão da Segunda Câmara, diante das razões expostas pelo Relator, e com fundamento no art. 71, incisos III e IX, da Constituição Federal de 1988, c/c os arts. 1º, inciso V, 39, inciso II, e 45 da Lei 8.443/1992, e ainda com os arts. 260, § 1º, 261, caput e § 1º, e 262, caput e § 2º, do Regimento Interno do TCU, em:</p><p>9.1. considerar ilegal a aposentadoria de Ana Amelia Leite de Brito, negando o registro ao ato correspondente;</p><p>9.2. dispensar o ressarcimento das quantias indevidamente recebidas de boa-fé (enunciado 106 da súmula da jurisprudência predominante do TCU);</p><p>9.3. determinar à unidade jurisdicionada que:</p><p>9.3.1. no prazo de 15 (quinze) dias, faça cessar os pagamentos decorrentes do ato ora considerado ilegal, sob pena de responsabilidade solidária da autoridade administrativa omissa, até a emissão de novo ato livre das irregularidades identificadas;</p><p>9.3.2. no prazo de 15 (quinze) dias, dê ciência do inteiro teor desta deliberação à interessada, esclarecendo-lhe que o efeito suspensivo proveniente da interposição de recurso não a exime da devolução dos valores percebidos indevidamente após a notificação sobre o presente acórdão, em caso de não provimento do recurso porventura impetrado;</p><p>9.3.3. no prazo de 30 (trinta) dias, informe ao TCU as medidas adotadas, sem prejuízo de encaminhar comprovante sobre a data em que a interessada tomou conhecimento deste acórdão;</p><p>9.4. dar ciência deste acórdão à unidade jurisdicionada.</p><p>10. Ata n° 29/2022 - 2ª Câmara.</p><p>11. Data da Sessão: 23/8/2022 - Ordinária.</p><p>12. Código eletrônico para localização na página do TCU na Internet: AC-4519-29/22-2.</p><p>13. Especificação do quórum:</p><p>13.1. Ministros presentes: Augusto Nardes (na Presidência), Aroldo Cedraz, Bruno Dantas (Relator) e Antonio Anastasia.</p><p>13.2. Ministros-Substitutos presentes: Marcos Bemquerer Costa e André Luís de Carvalho.</p><p>ACÓRDÃO Nº 4520/2022 - TCU - 2ª Câmara</p><p>1. Processo nº TC 008.042/2022-5.</p><p>2. Grupo I - Classe de Assunto: V - Aposentadoria.</p><p>3. Interessados/Responsáveis:</p><p>3.1. Interessado: Fernando de Carvalho Parente (070.857.373-87).</p><p>4. Órgão/Entidade: Departamento Nacional de Obras Contra as Secas.</p><p>5. Relator: Ministro Bruno Dantas.</p><p>6. Representante do Ministério Público: Procuradora-Geral Cristina Machado da Costa e Silva.</p><p>7. Unidade Técnica: Secretaria de Fiscalização de Integridade de Atos e Pagamentos de Pessoal e de Benefícios Sociais (Sefip).</p><p>8. Representação legal: não há</p><p>9. Acórdão:</p><p>VISTOS, relatados e discutidos estes autos em que se aprecia ato de aposentadoria,</p><p>ACORDAM os Ministros do Tribunal de Contas da União, reunidos em sessão da Segunda Câmara, diante das razões expostas pelo Relator, e com fundamento no art. 71, incisos III e IX, da Constituição Federal de 1988, c/c os arts. 1º, inciso V, 39, inciso II, e 45 da Lei 8.443/1992, e ainda com os arts. 260, § 1º, 261, caput e § 1º, e 262, caput e § 2º, do Regimento Interno do TCU, em:</p><p>9.1. considerar ilegal a aposentadoria de Antonio Borges de Melo, negando o registro ao ato correspondente;</p><p>9.2. dispensar o ressarcimento das quantias indevidamente recebidas de boa-fé (enunciado 106 da súmula da jurisprudência predominante do TCU);</p><p>9.3. determinar à unidade jurisdicionada que:</p><p>9.3.1. no prazo de 15 (quinze) dias, faça cessar os pagamentos decorrentes do ato ora considerado ilegal, sob pena de responsabilidade solidária da autoridade administrativa omissa, até a emissão de novo ato livre das irregularidades identificadas;</p><p>9.3.2. no prazo de 15 (quinze) dias, dê ciência do inteiro teor desta deliberação ao interessado, esclarecendo-lhe que o efeito suspensivo proveniente da interposição de recurso não o exime da devolução dos valores percebidos indevidamente após a notificação sobre o presente acórdão, em caso de não provimento do recurso porventura impetrado;</p><p>9.3.3. no prazo de 30 (trinta) dias, informe ao TCU as medidas adotadas, sem prejuízo de encaminhar comprovante sobre a data em que o interessado tomou conhecimento deste acórdão;</p><p>9.4. dar ciência deste acórdão à unidade jurisdicionada.</p><p>10. Ata n° 29/2022 - 2ª Câmara.</p><p>11. Data da Sessão: 23/8/2022 - Ordinária.</p><p>12. Código eletrônico para localização na página do TCU na Internet: AC-4520-29/22-2.</p><p>13. Especificação do quórum:</p><p>13.1. Ministros presentes: Augusto Nardes (na Presidência), Aroldo Cedraz, Bruno Dantas (Relator) e Antonio Anastasia.</p><p>13.2. Ministros-Substitutos presentes: Marcos Bemquerer Costa e André Luís de Carvalho.</p><p>ACÓRDÃO Nº 4521/2022 - TCU - 2ª Câmara</p><p>1. Processo nº TC 008.109/2022-2.</p><p>2. Grupo I - Classe de Assunto: V - Aposentadoria.</p><p>3. Interessados/Responsáveis:</p><p>3.1. Interessado: Geraldo Vieira da Silva (005.917.648-22).</p><p>4. Órgão/Entidade: Departamento Nacional de Obras Contra as Secas.</p><p>5. Relator: Ministro Bruno Dantas.</p><p>6. Representante do Ministério Público: Procuradora-Geral Cristina Machado da Costa e Silva.</p><p>7. Unidade Técnica: Secretaria de Fiscalização de Integridade de Atos e Pagamentos de Pessoal e de Benefícios Sociais (Sefip).</p><p>8. Representação legal: não há</p><p>9. Acórdão:</p><p>VISTOS, relatados e discutidos estes autos em que se aprecia ato de aposentadoria,</p><p>ACORDAM os Ministros do Tribunal de Contas da União, reunidos em sessão da Segunda Câmara, diante das razões expostas pelo Relator, e com fundamento no art. 71, incisos III e IX, da Constituição Federal de 1988, c/c os arts. 1º, inciso V, 39, inciso II, e 45 da Lei 8.443/1992, e ainda com os arts. 260, § 1º, 261, caput e § 1º, e 262, caput e § 2º, do Regimento Interno do TCU, em:</p><p>9.1. considerar ilegal a aposentadoria de Geraldo Vieira da Silva, negando o registro ao ato correspondente;</p><p>9.2. dispensar o ressarcimento das quantias indevidamente recebidas de boa-fé (enunciado 106 da súmula da jurisprudência predominante do TCU);</p><p>9.3. determinar à unidade jurisdicionada que:</p><p>9.3.1. no prazo de 15 (quinze) dias, faça cessar os pagamentos decorrentes do ato ora considerado ilegal, sob pena de responsabilidade solidária da autoridade administrativa omissa, até a emissão de novo ato livre das irregularidades identificadas;</p><p>9.3.2. no prazo de 15 (quinze) dias, dê ciência do inteiro teor desta deliberação ao interessado, esclarecendo-lhe que o efeito suspensivo proveniente da interposição de recurso não o exime da devolução dos valores percebidos indevidamente após a notificação sobre o presente acórdão, em caso de não provimento do recurso porventura impetrado;</p><p>9.3.3. no prazo de 30 (trinta) dias, informe ao TCU as medidas adotadas, sem prejuízo de encaminhar comprovante sobre a data em que o interessado tomou conhecimento deste acórdão;</p><p>9.4. dar ciência deste acórdão à unidade jurisdicionada.</p><p>10. Ata n° 29/2022 - 2ª Câmara.</p><p>11. Data da Sessão: 23/8/2022 - Ordinária.</p><p>12. Código eletrônico para localização na página do TCU na Internet: AC-4521-29/22-2.</p><p>13. Especificação do quórum:</p><p>13.1. Ministros presentes: Augusto Nardes (na Presidência), Aroldo Cedraz, Bruno Dantas (Relator) e Antonio Anastasia.</p><p>13.2. Ministros-Substitutos presentes: Marcos Bemquerer Costa e André Luís de Carvalho.</p><p>ACÓRDÃO Nº 4522/2022 - TCU - 2ª Câmara</p><p>1. Processo nº TC 008.926/2022-0.</p><p>2. Grupo II - Classe de Assunto: V - Aposentadoria.</p><p>3. Interessados/Responsáveis:</p><p>3.1. Interessado: Sonia Maria de Oliveira Ramos (154.149.301-04).</p><p>4. Órgão/Entidade: Fundação Universidade de Brasília.</p><p>5. Relator: Ministro Bruno Dantas.</p><p>6. Representante do Ministério Público: Procurador Rodrigo Medeiros de Lima.</p><p>7. Unidade Técnica: Secretaria de Fiscalização de Integridade de Atos e Pagamentos de Pessoal e de Benefícios Sociais (Sefip).</p><p>8. Representação legal: não há</p><p>9. Acórdão:</p><p>VISTOS, relatados e discutidos estes autos em que se aprecia ato de aposentadoria,</p><p>ACORDAM os Ministros do Tribunal de Contas da União, reunidos em sessão da Segunda Câmara, diante das razões expostas pelo Relator, e com fundamento no art. 71, incisos III e IX, da Constituição Federal de 1988, c/c os arts. 1º, inciso V, 39, inciso II, e 45 da Lei 8.443/1992, e ainda com o art. 260, § 1º, 261, caput e § 1º, e 262, caput e § 2º, do Regimento Interno do TCU, em:</p><p>9.1. considerar ilegal a aposentadoria de Sonia Maria de Oliveira Ramos, negando o registro ao ato correspondente;</p><p>9.2. determinar à unidade jurisdicionada que:</p><p>9.2.1. no prazo de 15 (quinze) dias, corrija o valor da rubrica judicial alusiva à URP, restabelecendo os valores verificados em setembro de 2010, mês em que foi proferida a decisão liminar que assegurou sua irredutibilidade, sob pena de responsabilidade solidária da autoridade administrativa omissa;</p><p>9.2.2. acompanhe a tramitação do Mandado de Segurança 28.819/DF, em curso no Supremo Tribunal Federal, e, uma vez desconstituída a liminar que assegura a manutenção da URP, promova a imediata supressão da parcela e proceda à restituição dos valores pagos a esse título desde a impetração da ação, nos termos do art. 46 da Lei 8.112/1990, salvo expressa disposição judicial em sentido diverso;</p><p>9.2.3. no prazo de 30 (trinta) dias, informe ao TCU as medidas adotadas, sem prejuízo de encaminhar comprovante sobre a data em que a interessada tomou conhecimento deste acórdão;</p><p>9.3. dar ciência deste acórdão à unidade jurisdicionada.</p><p>10. Ata n° 29/2022 - 2ª Câmara.</p><p>11. Data da Sessão: 23/8/2022 - Ordinária.</p><p>12. Código eletrônico para localização na página do TCU na Internet: AC-4522-29/22-2.</p><p>13. Especificação do quórum:</p><p>13.1. Ministros presentes: Augusto Nardes (na Presidência), Aroldo Cedraz, Bruno Dantas (Relator) e Antonio Anastasia.</p><p>13.2. Ministros-Substitutos presentes: Marcos Bemquerer Costa e André Luís de Carvalho.</p><p>ACÓRDÃO Nº 4523/2022 - TCU - 2ª Câmara</p><p>1. Processo nº TC 009.488/2022-7.</p><p>2. Grupo I - Classe de Assunto: V - Aposentadoria.</p><p>3. Interessados/Responsáveis:</p><p>3.1. Interessado: Antonio Batista Meira (078.559.404-30).</p><p>4. Órgão/Entidade: Departamento Nacional de Obras Contra as Secas.</p><p>5. Relator: Ministro Bruno Dantas.</p><p>6. Representante do Ministério Público: Procurador Rodrigo Medeiros de Lima.</p><p>7. Unidade Técnica: Secretaria de Fiscalização de Integridade de Atos e Pagamentos de Pessoal e de Benefícios Sociais (Sefip).</p><p>8. Representação legal: não há</p><p>9. Acórdão:</p><p>VISTOS, relatados e discutidos estes autos em que se aprecia ato de aposentadoria,</p><p>ACORDAM os Ministros do Tribunal de Contas da União, reunidos em sessão da Segunda Câmara, diante das razões expostas pelo Relator, e com fundamento no art. 71, incisos III e IX, da Constituição Federal de 1988, c/c os arts. 1º, inciso V, 39, inciso II, e 45 da Lei 8.443/1992, e ainda com os arts. 260, § 1º, 261, caput e § 1º, e 262, caput e § 2º, do Regimento Interno do TCU, em:</p><p>9.1. considerar ilegal a aposentadoria de Antonio Batista Meira, negando o registro ao ato correspondente;</p><p>9.2. dispensar o ressarcimento das quantias indevidamente recebidas de boa-fé (enunciado 106 da súmula da jurisprudência predominante do TCU);</p><p>9.3. determinar à unidade jurisdicionada que:</p><p>9.3.1. no prazo de 15 (quinze) dias, faça cessar os pagamentos decorrentes do ato ora considerado ilegal, sob pena de responsabilidade solidária da autoridade administrativa omissa, até a emissão de novo ato livre das irregularidades identificadas;</p><p>9.3.2. no prazo de 15 (quinze) dias, dê ciência do inteiro teor desta deliberação ao interessado, esclarecendo-lhe que o efeito suspensivo proveniente da interposição de recurso não o exime da devolução dos valores percebidos indevidamente após a notificação sobre o presente acórdão, em caso de não provimento do recurso porventura impetrado;</p><p>9.3.3. no prazo de 30 (trinta) dias, informe ao TCU as medidas adotadas, sem prejuízo de encaminhar comprovante sobre a data em que o interessado tomou conhecimento deste acórdão;</p><p>9.4. dar ciência deste acórdão à unidade jurisdicionada.</p><p>10. Ata n° 29/2022 - 2ª Câmara.</p><p>11. Data da Sessão: 23/8/2022 - Ordinária.</p><p>12. Código eletrônico para localização na página do TCU na Internet: AC-4523-29/22-2.</p><p>13. Especificação do quórum:</p><p>13.1. Ministros presentes: Augusto Nardes (na Presidência), Aroldo Cedraz, Bruno Dantas (Relator) e Antonio Anastasia.</p><p>13.2. Ministros-Substitutos presentes: Marcos Bemquerer Costa e André Luís de Carvalho.</p><p>ACÓRDÃO Nº 4524/2022 - TCU - 2ª Câmara</p><p>1. Processo nº TC 009.919/2022-8.</p><p>2. Grupo I - Classe de Assunto: V - Aposentadoria.</p><p>3. Interessados/Responsáveis:</p><p>3.1. Interessado: Francisca Edenia Peixoto de Oliveira (174.428.503-91).</p><p>4. Órgão/Entidade: Departamento Nacional de Obras Contra as Secas.</p><p>5. Relator: Ministro Bruno Dantas.</p><p>6. Representante do Ministério Público: Procuradora-Geral Cristina Machado da Costa e Silva.</p><p>7. Unidade Técnica: Secretaria de Fiscalização de Integridade de Atos e Pagamentos de Pessoal e de Benefícios Sociais (Sefip).</p><p>8. Representação legal: não há</p><p>9. Acórdão:</p><p>VISTOS, relatados e discutidos estes autos em que se aprecia ato de aposentadoria,</p><p>ACORDAM os Ministros do Tribunal de Contas da União, reunidos em sessão da Segunda Câmara, diante das razões expostas pelo Relator, e com fundamento no art. 71, incisos III e IX, da Constituição Federal de 1988, c/c os arts. 1º, inciso V, 39, inciso II, e 45 da Lei 8.443/1992, e ainda com os arts. 260, § 1º, 261, caput e § 1º, e 262, caput e § 2º, do Regimento Interno do TCU, em:</p><p>9.1. considerar ilegal a aposentadoria de Francisca Edenia Peixoto de Oliveira, negando o registro ao ato correspondente;</p><p>9.2. dispensar o ressarcimento das quantias indevidamente recebidas de boa-fé (enunciado 106 da súmula da jurisprudência predominante do TCU);</p><p>9.3. determinar à unidade jurisdicionada que:</p><p>9.3.1. no prazo de 15 (quinze) dias, faça cessar os pagamentos decorrentes do ato ora considerado ilegal, sob pena de responsabilidade solidária da autoridade administrativa omissa, até a emissão de novo ato livre das irregularidades identificadas;</p><p>9.3.2. no prazo de 15 (quinze) dias, dê ciência do inteiro teor desta deliberação à interessada, esclarecendo-lhe que o efeito suspensivo proveniente da interposição de recurso não a exime da devolução dos valores percebidos indevidamente após a notificação sobre o presente acórdão, em caso de não provimento do recurso porventura impetrado;</p><p>9.3.3. no prazo de 30 (trinta) dias, informe ao TCU as medidas adotadas, sem prejuízo de encaminhar comprovante sobre a data em que a interessada tomou conhecimento deste acórdão;</p><p>9.4. dar ciência deste acórdão à unidade jurisdicionada.</p><p>10. Ata n° 29/2022 - 2ª Câmara.</p><p>11. Data da Sessão: 23/8/2022 - Ordinária.</p><p>12. Código eletrônico para localização na página do TCU na Internet: AC-4524-29/22-2.</p><p>13. Especificação do quórum:</p><p>13.1. Ministros presentes: Augusto Nardes (na Presidência), Aroldo Cedraz, Bruno Dantas (Relator) e Antonio Anastasia.</p><p>13.2. Ministros-Substitutos presentes: Marcos Bemquerer Costa e André Luís de Carvalho.</p><p>ACÓRDÃO Nº 4525/2022 - TCU - 2ª Câmara</p><p>1. Processo nº TC 010.862/2022-6.</p><p>2. Grupo II - Classe de Assunto: V - Aposentadoria.</p><p>3. Interessados/Responsáveis:</p><p>3.1. Interessado: Maria de Fatima Souza e Silva (323.659.420-91).</p><p>4. Órgão/Entidade: Fundação Universidade de Brasília.</p><p>5. Relator: Ministro Bruno Dantas.</p><p>6. Representante do Ministério Público: Procurador Rodrigo Medeiros de Lima.</p><p>7. Unidade Técnica: Secretaria de Fiscalização de Integridade de Atos e Pagamentos de Pessoal e de Benefícios Sociais (Sefip).</p><p>8. Representação legal: não há</p><p>9. Acórdão:</p><p>VISTOS, relatados e discutidos estes autos em que se aprecia ato de aposentadoria,</p><p>ACORDAM os Ministros do Tribunal de Contas da União, reunidos em sessão da Segunda Câmara, diante das razões expostas pelo Relator, e com fundamento no art. 71, incisos III e IX, da Constituição Federal de 1988, c/c os arts. 1º, inciso V, 39, inciso II, e 45 da Lei 8.443/1992, e ainda com o art. 260, § 1º, 261, caput e § 1º, e 262, caput e § 2º, do Regimento Interno do TCU, em:</p><p>9.1. considerar ilegal a aposentadoria de Maria de Fatima Souza e Silva, negando o registro ao ato correspondente;</p><p>9.2. determinar à unidade jurisdicionada que:</p><p>9.2.1. no prazo de 15 (quinze) dias, corrija o valor da rubrica judicial alusiva à URP, restabelecendo os valores verificados em novembro de 2006, mês em que foi proferida a decisão liminar que assegurou sua irredutibilidade, sob pena de responsabilidade solidária da autoridade administrativa omissa;</p><p>9.2.2. acompanhe a tramitação do Mandado de Segurança 26.156/DF, em curso no Supremo Tribunal Federal, e, uma vez desconstituída a liminar que assegura a manutenção da URP, promova a imediata supressão da parcela e proceda à restituição dos valores pagos a esse título desde a impetração da ação, nos termos do art. 46 da Lei 8.112/1990, salvo expressa disposição judicial em sentido diverso;</p><p>9.2.3. no prazo de 30 (trinta) dias, informe ao TCU as medidas adotadas, sem prejuízo de encaminhar comprovante sobre a data em que a interessada tomou conhecimento deste acórdão;</p><p>9.3. dar ciência deste acórdão à unidade jurisdicionada.</p><p>10. Ata n° 29/2022 - 2ª Câmara.</p><p>11. Data da Sessão: 23/8/2022 - Ordinária.</p><p>12. Código eletrônico para localização na página do TCU na Internet: AC-4525-29/22-2.</p><p>13. Especificação do quórum:</p><p>13.1. Ministros presentes: Augusto Nardes (na Presidência), Aroldo Cedraz, Bruno Dantas (Relator) e Antonio Anastasia.</p><p>13.2. Ministros-Substitutos presentes: Marcos Bemquerer Costa e André Luís de Carvalho.</p><p>ACÓRDÃO Nº 4526/2022 - TCU - 2ª Câmara</p><p>1. Processo nº TC 010.866/2022-1.</p><p>2. Grupo II - Classe de Assunto: V - Aposentadoria.</p><p>3. Interessados/Responsáveis:</p><p>3.1. Interessado: Eraldo Acioli Ferreira (070.672.323-68).</p><p>4. Órgão/Entidade: Departamento Nacional de Obras Contra as Secas.</p><p>5. Relator: Ministro Bruno Dantas.</p><p>6. Representante do Ministério Público: Procurador Rodrigo Medeiros de Lima.</p><p>7. Unidade Técnica: Secretaria de Fiscalização de Integridade de Atos e Pagamentos de Pessoal e de Benefícios Sociais (Sefip).</p><p>8. Representação legal: não há</p><p>9. Acórdão:</p><p>VISTOS, relatados e discutidos estes autos em que se aprecia ato de aposentadoria,</p><p>ACORDAM os Ministros do Tribunal de Contas da União, reunidos em sessão da Segunda Câmara, diante das razões expostas pelo Relator, e com fundamento no art. 71, incisos III e IX, da Constituição Federal de 1988, c/c os arts. 1º, inciso V, 39, inciso II, e 45 da Lei 8.443/1992, e ainda com os arts. 260, § 1º, 261, caput e § 1º, e 262, caput e § 2º, do Regimento Interno do TCU, em:</p><p>9.1. considerar ilegal a aposentadoria de Eraldo Acioli Ferreira, negando o registro ao ato correspondente;</p><p>9.2. dispensar o ressarcimento das quantias indevidamente recebidas de boa-fé (enunciado 106 da súmula da jurisprudência predominante do TCU);</p><p>9.3. determinar à unidade jurisdicionada que:</p><p>9.3.1. no prazo de 15 (quinze) dias, faça cessar os pagamentos decorrentes do ato ora considerado ilegal, sob pena de responsabilidade solidária da autoridade administrativa omissa, até a emissão de novo ato livre das irregularidades identificadas;</p><p>9.3.2. no prazo de 15 (quinze) dias, dê ciência do inteiro teor desta deliberação ao interessado, esclarecendo-lhe que o efeito suspensivo proveniente da interposição de recurso não o exime da devolução dos valores percebidos indevidamente após a notificação sobre o presente acórdão, em caso de não provimento do recurso porventura impetrado;</p><p>9.3.3. no prazo de 30 (trinta) dias, informe ao TCU as medidas adotadas, sem prejuízo de encaminhar comprovante sobre a data em que o interessado tomou conhecimento deste acórdão;</p><p>9.4. dar ciência deste acórdão à unidade jurisdicionada.</p><p>10. Ata n° 29/2022 - 2ª Câmara.</p><p>11. Data da Sessão: 23/8/2022 - Ordinária.</p><p>12. Código eletrônico para localização na página do TCU na Internet: AC-4526-29/22-2.</p><p>13. Especificação do quórum:</p><p>13.1. Ministros presentes: Augusto Nardes (na Presidência), Aroldo Cedraz, Bruno Dantas (Relator) e Antonio Anastasia.</p><p>13.2. Ministros-Substitutos presentes: Marcos Bemquerer Costa e André Luís de Carvalho.</p><p>ACÓRDÃO Nº 4527/2022 - TCU - 2ª Câmara</p><p>1. Processo nº TC 010.921/2022-2.</p><p>2. Grupo II - Classe de Assunto: V - Aposentadoria.</p><p>3. Interessados/Responsáveis:</p><p>3.1. Interessado: Vania Lucia Dias Vasconcellos (376.764.231-04).</p><p>4. Órgão/Entidade: Fundação Universidade de Brasília.</p><p>5. Relator: Ministro Bruno Dantas.</p><p>6. Representante do Ministério Público: Procuradora-Geral Cristina Machado da Costa e Silva.</p><p>7. Unidade Técnica: Secretaria de Fiscalização de Integridade de Atos e Pagamentos de Pessoal e de Benefícios Sociais (Sefip).</p><p>8. Representação legal: não há</p><p>9. Acórdão:</p><p>VISTOS, relatados e discutidos estes autos em que se aprecia ato de aposentadoria,</p><p>ACORDAM os Ministros do Tribunal de Contas da União, reunidos em sessão da Segunda Câmara, diante das razões expostas pelo Relator, e com fundamento no art. 71, incisos III e IX, da Constituição Federal de 1988, c/c os arts. 1º, inciso V, 39, inciso II, e 45 da Lei 8.443/1992, e ainda com o art. 260, § 1º, 261, caput e § 1º, e 262, caput e § 2º, do Regimento Interno do TCU, em:</p><p>9.1. considerar ilegal a aposentadoria de Vania Lucia Dias Vasconcellos, negando o registro ao ato correspondente;</p><p>9.2. determinar à unidade jurisdicionada que:</p><p>9.2.1. no prazo de 15 (quinze) dias, corrija o valor da rubrica judicial alusiva à URP, restabelecendo os valores verificados em novembro de 2006, mês em que foi proferida a decisão liminar que assegurou sua irredutibilidade, sob pena de responsabilidade solidária da autoridade administrativa omissa;</p><p>9.2.2. acompanhe a tramitação do Mandado de Segurança 26.156/DF, em curso no Supremo Tribunal Federal, e, uma vez desconstituída a liminar que assegura a manutenção da URP, promova a imediata supressão da parcela e proceda à restituição dos valores pagos a esse título desde a impetração da ação, nos termos do art. 46 da Lei 8.112/1990, salvo expressa disposição judicial em sentido diverso;</p><p>9.2.3. no prazo de 30 (trinta) dias, informe ao TCU as medidas adotadas, sem prejuízo de encaminhar comprovante sobre a data em que a interessada tomou conhecimento deste acórdão;</p><p>9.3. dar ciência deste acórdão à unidade jurisdicionada.</p><p>10. Ata n° 29/2022 - 2ª Câmara.</p><p>11. Data da Sessão: 23/8/2022 - Ordinária.</p><p>12. Código eletrônico para localização na página do TCU na Internet: AC-4527-29/22-2.</p><p>13. Especificação do quórum:</p><p>13.1. Ministros presentes: Augusto Nardes (na Presidência), Aroldo Cedraz, Bruno Dantas (Relator) e Antonio Anastasia.</p><p>13.2. Ministros-Substitutos presentes: Marcos Bemquerer Costa e André Luís de Carvalho.</p><p>ACÓRDÃO Nº 4528/2022 - TCU - 2ª Câmara</p><p>1. Processo nº TC 011.640/2022-7.</p><p>2. Grupo II - Classe de Assunto: V - Aposentadoria.</p><p>3. Interessados/Responsáveis:</p><p>3.1. Interessado: Maria de Fatima Brito Vogt (371.900.911-49).</p><p>4. Órgão/Entidade: Fundação Universidade de Brasília.</p><p>5. Relator: Ministro Bruno Dantas.</p><p>6. Representante do Ministério Público: Procurador Sergio Ricardo Costa Caribé.</p><p>7. Unidade Técnica: Secretaria de Fiscalização de Integridade de Atos e Pagamentos de Pessoal e de Benefícios Sociais (Sefip).</p><p>8. Representação legal: não há</p><p>9. Acórdão:</p><p>VISTOS, relatados e discutidos estes autos em que se aprecia ato de aposentadoria,</p><p>ACORDAM os Ministros do Tribunal de Contas da União, reunidos em sessão da Segunda Câmara, diante das razões expostas pelo Relator, e com fundamento no art. 71, incisos III e IX, da Constituição Federal de 1988, c/c os arts. 1º, inciso V, 39, inciso II, e 45 da Lei 8.443/1992, e ainda com o art. 260, § 1º, 261, caput e § 1º, e 262, caput e § 2º, do Regimento Interno do TCU, em:</p><p>9.1. considerar ilegal a aposentadoria de Maria de Fatima Brito Vogt, negando o registro ao ato correspondente;</p><p>9.2. determinar à unidade jurisdicionada que:</p><p>9.2.1. no prazo de 15 (quinze) dias, corrija o valor da rubrica judicial alusiva à URP, restabelecendo os valores verificados em novembro de 2006, mês em que foi proferida a decisão liminar que assegurou sua irredutibilidade, sob pena de responsabilidade solidária da autoridade administrativa omissa;</p><p>9.2.2. acompanhe a tramitação do Mandado de Segurança 26.156/DF, em curso no Supremo Tribunal Federal, e, uma vez desconstituída a liminar que assegura a manutenção da URP, promova a imediata supressão da parcela e proceda à restituição dos valores pagos a esse título desde a impetração da ação, nos termos do art. 46 da Lei 8.112/1990, salvo expressa disposição judicial em sentido diverso;</p><p>9.2.3. no prazo de 30 (trinta) dias, informe ao TCU as medidas adotadas, sem prejuízo de encaminhar comprovante sobre a data em que a interessada tomou conhecimento deste acórdão;</p><p>9.3. dar ciência deste acórdão à unidade jurisdicionada.</p><p>10. Ata n° 29/2022 - 2ª Câmara.</p><p>11. Data da Sessão: 23/8/2022 - Ordinária.</p><p>12. Código eletrônico para localização na página do TCU na Internet: AC-4528-29/22-2.</p><p>13. Especificação do quórum:</p><p>13.1. Ministros presentes: Augusto Nardes (na Presidência), Aroldo Cedraz, Bruno Dantas (Relator) e Antonio Anastasia.</p><p>13.2. Ministros-Substitutos presentes: Marcos Bemquerer Costa e André Luís de Carvalho.</p>]]></Texto>
  </body>
  <Midias />
</article></xml>