﻿<xml><article id="27741436" name="ATO_Decl-30-22-Ratifica CVs da 3" idOficio="9058675" pubName="DO1" artType="Ato Normativo" pubDate="30/08/2022" artClass="00015:00046:00025:00000:00000:00000:00000:00000:00000:00000:00009:00000" artCategory="Ministério da Economia/Secretaria Especial do Tesouro e Orçamento/Conselho Nacional de Política Fazendária" artSize="12" artNotes="Subtítulo" numberPage="86" pdfPage="http://pesquisa.in.gov.br/imprensa/jsp/visualiza/index.jsp?data=30/08/2022&amp;jornal=515&amp;pagina=86" editionNumber="165" highlightType="" highlightPriority="" highlight="" highlightimage="" highlightimagename="" idMateria="19841759">
  <body>
    <Identifica><![CDATA[ ATO DECLARATÓRIO Nº 30, DE 25 DE AGOSTO DE 2022]]></Identifica>
    <Data><![CDATA[]]></Data>
    <Ementa><![CDATA[ Ratifica Convênios ICMS aprovados na 359ª Reunião Extraordinária do CONFAZ, realizada no dia 09.08.2022 e publicados no DOU no dia 10.08.2022.]]></Ementa>
    <Titulo />
    <SubTitulo><![CDATA[Secretaria-Executiva ]]></SubTitulo>
    <Texto><![CDATA[<p class="subtitulo">Secretaria-Executiva</p><p class="identifica">ATO DECLARATÓRIO Nº 30, DE 25 DE AGOSTO DE 2022</p><p class="ementa">Ratifica Convênios ICMS aprovados na 359ª Reunião Extraordinária do CONFAZ, realizada no dia 09.08.2022 e publicados no DOU no dia 10.08.2022.</p><p>O Diretor da Secretaria-Executiva do Conselho Nacional de Política Fazendária - CONFAZ, com fulcro no art. 5º da Lei Complementar nº 24, de 7 de janeiro de 1975, no uso das atribuições que lhe são conferidas pelo inciso X do art. 5º e pelo parágrafo único do art. 37 do Regimento desse Conselho, declara ratificados os convênios ICMS a seguir identificados, celebrados na 359ª Reunião Extraordinária do CONFAZ, realizada no dia 9 de agosto de 2022:</p><p>CONVÊNIO ICMS n° 121/22 - Autoriza o Estado do Ceará a conceder isenção do ICMS relativo ao diferencial de alíquotas e isenção nas operações com máquinas, aparelhos e equipamentos, suas partes, peças e outros materiais destinados à instalação e operação de tancagem e bases de distribuição para movimentação de combustíveis e lubrificantes derivados ou não do Petróleo, no Complexo Industrial e Portuário do Pecém (CIPP), no Estado do Ceará;</p><p>CONVÊNIO ICMS n° 122/22 - Altera o Convênio ICMS nº 102/21, que autoriza as unidades federadas que menciona a conceder isenção do ICMS nas saídas internas promovidas por produtores enquadrados na agricultura familiar ou na agroindústria familiar, bem como crédito presumido nas entradas de produtos fornecidos por agroindústria familiar, nas condições que especifica.</p><p class="assina">CARLOS HENRIQUE DE AZEVEDO OLIVEIRA</p>]]></Texto>
  </body>
  <Midias />
</article></xml>