﻿<xml><article id="27731879" name="Portaria-67" idOficio="9056577" pubName="DO1" artType="Portaria" pubDate="30/08/2022" artClass="00020:00003:00000:00000:00000:00000:00000:00000:00000:00000:00054:00000" artCategory="Ministério da Justiça e Segurança Pública/Arquivo Nacional" artSize="12" artNotes="" numberPage="206" pdfPage="http://pesquisa.in.gov.br/imprensa/jsp/visualiza/index.jsp?data=30/08/2022&amp;jornal=515&amp;pagina=206" editionNumber="165" highlightType="" highlightPriority="" highlight="" highlightimage="" highlightimagename="" idMateria="19839093">
  <body>
    <Identifica><![CDATA[ PORTARIA AN Nº 67, DE 11 de Agosto DE 2022]]></Identifica>
    <Data><![CDATA[]]></Data>
    <Ementa><![CDATA[ Aprovar, por prazo indeterminado, o Código de Classificação de Documentos e a Tabela de Temporalidade e Destinação de Documentos de Arquivo relativos às atividades-fim do Banco do Nordeste do Brasil - BNB. ]]></Ementa>
    <Titulo />
    <SubTitulo />
    <Texto><![CDATA[<p class="identifica">PORTARIA AN Nº 67, DE 11 de Agosto DE 2022</p><p class="ementa">Aprovar, por prazo indeterminado, o Código de Classificação de Documentos e a Tabela de Temporalidade e Destinação de Documentos de Arquivo relativos às atividades-fim do Banco do Nordeste do Brasil - BNB.</p><p>O DIRETOR-GERAL DO ARQUIVO NACIONAL, no uso de suas atribuições e com fundamento no Artigo 22, do Regimento Interno do Arquivo Nacional, aprovado pela Portaria nº 2.433 do Ministério de Justiça, de 24 de outubro de 2011, e considerando a Lei nº 8.159, de 8 de janeiro de 1991, o Decreto nº 4.073, de 3 de janeiro de 2002, o Decreto nº 4.915, de 12 de dezembro de 2003 e o Decreto Nº 10.148, de 2 de dezembro de 2019, e o que consta do processo nº 08060.000319/2015-27, resolve:</p><p>Art. 1º Aprovar, por prazo indeterminado, a partir da data de publicação desta Portaria no Diário Oficial da União, o Código de Classificação de Documentos e a Tabela de Temporalidade e Destinação de Documentos de Arquivo relativos às atividades-fim do Banco do Nordeste do Brasil, que integram o Processo nº 08060.000319/2015-27, do Arquivo Nacional.</p><p>Parágrafo único. O Banco do Nordeste do Brasil cumpriu as exigências necessárias para ter seus instrumentos de gestão de documentos aprovados por prazo indeterminado, uma vez que encaminhou ao Arquivo Nacional relatório circunstanciado apresentando uma análise do impacto de sua utilização e os resultados de sua aplicação.</p><p>Art. 2° Caberá ao Banco do Nordeste do Brasil avaliar, a qualquer momento, se o Código de Classificação de Documentos e a Tabela de Temporalidade e Destinação de Documentos de Arquivo relativos às atividades-fim, deverão ser revistos, sendo obrigatório encaminhar a proposta de alteração e/ou complementação para análise e aprovação pelo Arquivo Nacional.</p><p>Art. 3º Os referidos instrumentos de gestão de documentos encontram-se disponíveis para consulta no sítio eletrônico do Arquivo Nacional: www.arquivonacional.gov.br.</p><p>Art. 4º Fica revogada a Portaria Nº 259 do Arquivo Nacional, de 16 de agosto de 2019, que aprovou pelo prazo de vinte e quatro meses os referidos instrumentos de gestão de documentos do Banco do Nordeste do Brasil.</p><p>Art. 5 º Esta Portaria entra em vigor na data de publicação no Diário Oficial da União.</p><p class="assina">RICARDO BORDA D'ÁGUA DE ALMEIDA BRAGA</p>]]></Texto>
  </body>
  <Midias />
</article></xml>