﻿<xml><article id="27740556" name="Extrato autorizaAAo unificado 23" idOficio="9058517" pubName="DO1" artType="Ato" pubDate="30/08/2022" artClass="00012:00014:00006:00002:00009:00000:00000:00000:00000:00000:00006:00000" artCategory="Ministério das Comunicações/Agência Nacional de Telecomunicações/Superintendência de Radiofrequência e Fiscalização/Gerência-Geral de Fiscalização/Escritório Regional no Estado da Bahia" artSize="12" artNotes="" numberPage="24" pdfPage="http://pesquisa.in.gov.br/imprensa/jsp/visualiza/index.jsp?data=30/08/2022&amp;jornal=515&amp;pagina=24" editionNumber="165" highlightType="" highlightPriority="" highlight="" highlightimage="" highlightimagename="" idMateria="19841531">
  <body>
    <Identifica><![CDATA[ ATO Nº 12.018, DE 23 DE AGOSTO DE 2022]]></Identifica>
    <Data><![CDATA[]]></Data>
    <Ementa />
    <Titulo />
    <SubTitulo />
    <Texto><![CDATA[<p class="identifica">ATO Nº 12.018, DE 23 DE AGOSTO DE 2022</p><p>Extinguir, por renúncia, a outorga do Serviço de Interesse Restrito de forma a extinguir a autorização para exploração do serviço Rádio do Cidadão, titulada pela entidade ELIONEY CLAYTON DANTAS SCHULTZ, CPF nº ***.741.458-**, tendo em vista a manifestação de desinteresse pela continuidade na prestação do serviço.</p><p class="assina">FÁBIO ALEXANDRE OLIVEIRA LAGO</p><p class="cargo">Gerente</p><p class="identifica">ATO Nº 12.057, DE 24 DE AGOSTO DE 2022</p><p>Outorgar autorização de uso da(s) radiofrequência(s), a LUIZ ALFREDO LEITE FILHO, CPF nº ***.170.375-**, associada à autorização para execução do Serviço Limitado Privado.</p><p class="assina">FÁBIO ALEXANDRE OLIVEIRA LAGO</p><p class="cargo">Gerente</p>]]></Texto>
  </body>
  <Midias />
</article></xml>