﻿<xml><article id="27746313" name="DeliberaAAo PAS 95 GREBL" idOficio="9059471" pubName="DO1" artType="Deliberação" pubDate="30/08/2022" artClass="00019:00035:00028:00005:00000:00000:00000:00000:00000:00000:00022:00002" artCategory="Ministério da Infraestrutura/Agência Nacional de Transportes Aquaviários/Superintendência de Fiscalização e Coordenação das Unidades Regionais/Gerência Regional de Belém" artSize="12" artNotes="" numberPage="202" pdfPage="http://pesquisa.in.gov.br/imprensa/jsp/visualiza/index.jsp?data=30/08/2022&amp;jornal=515&amp;pagina=202" editionNumber="165" highlightType="" highlightPriority="" highlight="" highlightimage="" highlightimagename="" idMateria="19843006">
  <body>
    <Identifica><![CDATA[ DELIBERAÇÃO Nº 95, De 13 de junho de 2022]]></Identifica>
    <Data><![CDATA[]]></Data>
    <Ementa />
    <Titulo />
    <SubTitulo />
    <Texto><![CDATA[<p class="identifica">DELIBERAÇÃO Nº 95, De 13 de junho de 2022</p><p>Processo nº 50300.019930/2020-82. Fiscalizado: M P DUARTE SOUTO TRANSPORTES E TURISMO EIRELI., CNPJ nº 03.661.903/0001-01. Objeto e Fundamento Legal: Gerente Regional de Belém (GREBL), no uso da competência que lhe é conferida pelo art. 59-A do Regimento Interno, decide pela aplicação da penalidade de Multa no valor de R$105,00 (Cento e Cinco Reais) à empresa), pelo cometimento da infração descrita no art. 20, inciso XII, da Norma aprovada pela Resolução nº 912-ANTAQ.</p><p class="assina">JOÃO MARIA FERREIRA FILHO</p>]]></Texto>
  </body>
  <Midias />
</article></xml>