﻿<xml><article id="27735686" name="PORTARIA NA 862 - 29.08.2022" idOficio="9057481" pubName="DO1" artType="Portaria" pubDate="30/08/2022" artClass="00018:00035:00000:00000:00000:00000:00000:00000:00000:00000:00054:00002" artCategory="Ministério da Educação/Secretaria de Regulação e Supervisão da Educação Superior" artSize="24" artNotes="" numberPage="187" pdfPage="http://pesquisa.in.gov.br/imprensa/jsp/visualiza/index.jsp?data=30/08/2022&amp;jornal=515&amp;pagina=187" editionNumber="165" highlightType="" highlightPriority="" highlight="" highlightimage="" highlightimagename="" idMateria="19840186">
  <body>
    <Identifica><![CDATA[ PORTARIA Nº 862, DE 29 DE AGOSTO DE 2022]]></Identifica>
    <Data><![CDATA[]]></Data>
    <Ementa />
    <Titulo />
    <SubTitulo />
    <Texto><![CDATA[<p class="identifica">PORTARIA Nº 862, DE 29 DE AGOSTO DE 2022</p><p>A SECRETÁRIA DE REGULAÇÃO E SUPERVISÃO DA EDUCAÇÃO SUPERIOR, no uso da atribuição que lhe confere o Decreto n° 10.195, de 30 de dezembro de 2019, e tendo em vista o Decreto n° 9.235, de 15 de dezembro de 2017, e as Portarias Normativas MEC n° 20 e nº 23, de 21 de dezembro de 2017, republicadas em 3 de setembro de 2018, bem como a Instrução Normativa SERES nº 1, de 17 de setembro de 2018, e considerando o disposto nos processos e-MEC listados na planilha anexa, resolve:</p><p>Art. 1º Ficam autorizados os cursos superiores de graduação constantes da tabela do Anexo desta Portaria, solicitados pelas Instituições de Educação Superior citadas, nos termos do disposto no art. 10 do Decreto nº 9.235, de 2017.</p><p>Parágrafo único. As autorizações a que se refere esta Portaria são válidas exclusivamente para os cursos ministrados nos endereços citados na tabela constante do Anexo desta Portaria.</p><p>Art. 2º As instituições citadas na tabela constante do Anexo desta Portaria deverão protocolar pedido de reconhecimento dos respectivos cursos, nos termos do disposto no art. 46 do Decreto nº 9.235, de 2017.</p><p>Art. 3º Esta Portaria entra em vigor na data de sua publicação.</p><p class="assina">DIANA GUIMARÃES AZIN</p><p>ANEXO (Autorização de Cursos)</p><p /><p></p><table><tr /><tr><td rowspan="1" colspan="1"><p>Nº de Ordem</p></td><td rowspan="1" colspan="1"><p>Registro e-MEC nº</p></td><td rowspan="1" colspan="1"><p>Curso</p></td><td rowspan="1" colspan="1"><p>Nº de vagas totais anuais</p></td><td rowspan="1" colspan="1"><p>Mantida</p></td><td rowspan="1" colspan="1"><p>Mantenedora</p></td><td rowspan="1" colspan="1"><p>Endereço de funcionamento do curso</p></td></tr><tr><td rowspan="1" colspan="1"><p>1</p></td><td rowspan="1" colspan="1"><p>201929906</p></td><td rowspan="1" colspan="1"><p>ENFERMAGEM (Bacharelado)</p></td><td rowspan="1" colspan="1"><p>110 (cento e dez)</p></td><td rowspan="1" colspan="1"><p>CENTRO UNIVERSITÁRIO ANHANGUERA DE SÃO PAULO</p></td><td rowspan="1" colspan="1"><p>ANHANGUERA EDUCACIONAL PARTICIPACOES S/A</p></td><td rowspan="1" colspan="1"><p>SHOPPING METRÔ ITAQUERA/ AV JOSE PINHEIRO BORGES, S/N, ITAQUERA, VILA CAMPANELA, SÃO PAULO/SP</p></td></tr><tr><td rowspan="1" colspan="1"><p>2</p></td><td rowspan="1" colspan="1"><p>201928805</p></td><td rowspan="1" colspan="1"><p>PSICOLOGIA (Bacharelado)</p></td><td rowspan="1" colspan="1"><p>100 (cem)</p></td><td rowspan="1" colspan="1"><p>CENTRO UNIVERSITÁRIO ESTÁCIO DE SÃO PAULO</p></td><td rowspan="1" colspan="1"><p>IREP SOCIEDADE DE ENSINO SUPERIOR, MEDIO E FUNDAMENTAL LTDA.</p></td><td rowspan="1" colspan="1"><p>AVENIDA ENGENHEIRO ARMANDO DE ARRUDA PEREIRA, 673, - ATÉ 1651 - LADO ÍMPAR, JABAQUARA, SÃO PAULO/SP</p></td></tr><tr><td rowspan="1" colspan="1"><p>3</p></td><td rowspan="1" colspan="1"><p>201932884</p></td><td rowspan="1" colspan="1"><p>ENFERMAGEM (Bacharelado)</p></td><td rowspan="1" colspan="1"><p>240 (duzentas e quarenta)</p></td><td rowspan="1" colspan="1"><p>CENTRO UNIVERSITÁRIO MAURÍCIO DE NASSAU</p></td><td rowspan="1" colspan="1"><p>SER EDUCACIONAL S.A.</p></td><td rowspan="1" colspan="1"><p>RUA GUILHERME PINTO, 114, UNINASSAU - SEDE, GRAÇAS, RECIFE/PE</p></td></tr><tr><td rowspan="1" colspan="1"><p>4</p></td><td rowspan="1" colspan="1"><p>201932885</p></td><td rowspan="1" colspan="1"><p>ODONTOLOGIA (Bacharelado)</p></td><td rowspan="1" colspan="1"><p>120 (cento e vinte)</p></td><td rowspan="1" colspan="1"><p>CENTRO UNIVERSITÁRIO MAURÍCIO DE NASSAU</p></td><td rowspan="1" colspan="1"><p>SER EDUCACIONAL S.A.</p></td><td rowspan="1" colspan="1"><p>RUA GUILHERME PINTO, 114, UNINASSAU - SEDE, GRAÇAS, RECIFE/PE</p></td></tr><tr><td rowspan="1" colspan="1"><p>5</p></td><td rowspan="1" colspan="1"><p>201932882</p></td><td rowspan="1" colspan="1"><p>PSICOLOGIA (Bacharelado)</p></td><td rowspan="1" colspan="1"><p>240 (duzentas e quarenta)</p></td><td rowspan="1" colspan="1"><p>CENTRO UNIVERSITÁRIO MAURÍCIO DE NASSAU</p></td><td rowspan="1" colspan="1"><p>SER EDUCACIONAL S.A.</p></td><td rowspan="1" colspan="1"><p>RUA GUILHERME PINTO, 114, UNINASSAU - SEDE, GRAÇAS, RECIFE/PE</p></td></tr><tr><td rowspan="1" colspan="1"><p>6</p></td><td rowspan="1" colspan="1"><p>201819572</p></td><td rowspan="1" colspan="1"><p>PSICOLOGIA (Bacharelado)</p></td><td rowspan="1" colspan="1"><p>100 (cem)</p></td><td rowspan="1" colspan="1"><p>CENTRO UNIVERSITÁRIO TABOSA DE ALMEIDA</p></td><td rowspan="1" colspan="1"><p>ASSOCIACAO CARUARUENSE DE ENSINO SUPERIOR - ASCES</p></td><td rowspan="1" colspan="1"><p>AVENIDA PORTUGAL, 584, UNIVERSITÁRIO, CARUARU/PE</p></td></tr><tr><td rowspan="1" colspan="1"><p>7</p></td><td rowspan="1" colspan="1"><p>202113952</p></td><td rowspan="1" colspan="1"><p>NUTRIÇÃO (Bacharelado)</p></td><td rowspan="1" colspan="1"><p>112 (cento e doze)</p></td><td rowspan="1" colspan="1"><p>ESCOLA SUPERIOR DA AMAZÔNIA DE ABAETETUBA</p></td><td rowspan="1" colspan="1"><p>FACULDADES INTEGRADAS CARAJAS S/C LTDA - EPP</p></td><td rowspan="1" colspan="1"><p>AV. LAURO SODRÉ, 560, CENTRO, ABAETETUBA/PA</p></td></tr><tr><td rowspan="1" colspan="1"><p>8</p></td><td rowspan="1" colspan="1"><p>201929452</p></td><td rowspan="1" colspan="1"><p>PSICOLOGIA (Bacharelado)</p></td><td rowspan="1" colspan="1"><p>150 (cento e cinquenta)</p></td><td rowspan="1" colspan="1"><p>FACULDADE ANCLIVEPA DE GESTÃO E HUMANOLOGIA</p></td><td rowspan="1" colspan="1"><p>UNI-A EDUCACAO LTDA</p></td><td rowspan="1" colspan="1"><p>RUA ULISSES CRUZ, 285, TATUAPÉ, SÃO PAULO/SP</p></td></tr><tr><td rowspan="1" colspan="1"><p>9</p></td><td rowspan="1" colspan="1"><p>202014539</p></td><td rowspan="1" colspan="1"><p>ODONTOLOGIA (Bacharelado)</p></td><td rowspan="1" colspan="1"><p>120 (cento e vinte)</p></td><td rowspan="1" colspan="1"><p>FACULDADE BAHIANA DE ENGENHARIA E CIÊNCIAS SOCIAIS APLICADAS</p></td><td rowspan="1" colspan="1"><p>FBE BRASIL EDUCACAO LTDA - ME</p></td><td rowspan="1" colspan="1"><p>RUA ADHEMAR PINHEIRO LEMOS, 1617, IMBUÍ, SALVADOR/BA</p></td></tr><tr><td rowspan="1" colspan="1"><p>10</p></td><td rowspan="1" colspan="1"><p>202122625</p></td><td rowspan="1" colspan="1"><p>GESTÃO FINANCEIRA (Tecnológico)</p></td><td rowspan="1" colspan="1"><p>100 (cem)</p></td><td rowspan="1" colspan="1"><p>FACULDADE DE AGRONOMIA UNA DE CONSELHEIRO LAFAIETE</p></td><td rowspan="1" colspan="1"><p>FACEB EDUCACAO LTDA</p></td><td rowspan="1" colspan="1"><p>RUA MELVIN JONES, 90, CAMPO ALEGRE, CONSELHEIRO LAFAIETE/MG</p></td></tr><tr><td rowspan="1" colspan="1"><p>11</p></td><td rowspan="1" colspan="1"><p>201929747</p></td><td rowspan="1" colspan="1"><p>PSICOLOGIA (Bacharelado)</p></td><td rowspan="1" colspan="1"><p>100 (cem)</p></td><td rowspan="1" colspan="1"><p>FACULDADE DE ENSINO SUPERIOR DO CENTRO DO PARANÁ</p></td><td rowspan="1" colspan="1"><p>UB - UCP EDUCACIONAL S.A.</p></td><td rowspan="1" colspan="1"><p>AVENIDA UNIVERSITÁRIA, S/N, CANTU, PITANGA/PR</p></td></tr><tr><td rowspan="1" colspan="1"><p>12</p></td><td rowspan="1" colspan="1"><p>201606512</p></td><td rowspan="1" colspan="1"><p>SERVIÇO SOCIAL (Bacharelado)</p></td><td rowspan="1" colspan="1"><p>100 (cem)</p></td><td rowspan="1" colspan="1"><p>FACULDADE DE SANTO ANTONIO DA PLATINA</p></td><td rowspan="1" colspan="1"><p>FACULDADES INTEGRADAS E TECNOLOGICAS DO PARANA LTDA</p></td><td rowspan="1" colspan="1"><p>RODOVIA BR 153, KM 40, S/N, PQ. DE EXPOSIÇÕES DR. ALÍCIO DIAS DOS REIS, SANTO ANTÔNIO DA PLATINA/PR</p></td></tr><tr><td rowspan="1" colspan="1"><p>13</p></td><td rowspan="1" colspan="1"><p>201819762</p></td><td rowspan="1" colspan="1"><p>DIREITO (Bacharelado)</p></td><td rowspan="1" colspan="1"><p>200 (duzentas)</p></td><td rowspan="1" colspan="1"><p>FACULDADE DE TECNOLOGIA E CIÊNCIAS</p></td><td rowspan="1" colspan="1"><p>ORGANIZACAO TECNOLOGICA DE ENSINO LTDA</p></td><td rowspan="1" colspan="1"><p>RUA CANADÁ, 309, SANTA MARIA GORETE, JUAZEIRO/BA</p></td></tr><tr><td rowspan="1" colspan="1"><p>14</p></td><td rowspan="1" colspan="1"><p>201819757</p></td><td rowspan="1" colspan="1"><p>DIREITO (Bacharelado)</p></td><td rowspan="1" colspan="1"><p>200 (duzentas)</p></td><td rowspan="1" colspan="1"><p>FACULDADE DE TECNOLOGIA E CIÊNCIAS DE JEQUIÉ</p></td><td rowspan="1" colspan="1"><p>INSTITUTO MANTENEDOR DE ENSINO SUPERIOR DA BAHIA LTDA - ME</p></td><td rowspan="1" colspan="1"><p>AVENIDA AVENIDA CÉSAR BORGES, 10 C, JEQUIEZINHO, JEQUIÉ/BA</p></td></tr><tr><td rowspan="1" colspan="1"><p>15</p></td><td rowspan="1" colspan="1"><p>202111981</p></td><td rowspan="1" colspan="1"><p>ODONTOLOGIA (Bacharelado)</p></td><td rowspan="1" colspan="1"><p>160 (cento e sessenta)</p></td><td rowspan="1" colspan="1"><p>FACULDADE DE TECNOLOGIA, EDUCAÇÃO SUPERIOR E PROFISSIONAL</p></td><td rowspan="1" colspan="1"><p>CETESP CENTRO TECNOLOGICO DE EDUCACAO SUPERIOR E PROFISSIONAL LTDA</p></td><td rowspan="1" colspan="1"><p>RUA PAISSANDU, 1627, CENTRO, TERESINA/PI</p></td></tr><tr><td rowspan="1" colspan="1"><p>16</p></td><td rowspan="1" colspan="1"><p>201930786</p></td><td rowspan="1" colspan="1"><p>PSICOLOGIA (Bacharelado)</p></td><td rowspan="1" colspan="1"><p>200 (duzentas)</p></td><td rowspan="1" colspan="1"><p>FACULDADE METROPOLITANA DE COARI</p></td><td rowspan="1" colspan="1"><p>IME INSTITUTO METROPOLITANO DE ENSINO LTDA</p></td><td rowspan="1" colspan="1"><p>RUA INDEPENDÊNCIA, 220, CENTRO, COARI/AM</p></td></tr><tr><td rowspan="1" colspan="1"><p>17</p></td><td rowspan="1" colspan="1"><p>201932223</p></td><td rowspan="1" colspan="1"><p>PSICOLOGIA (Bacharelado)</p></td><td rowspan="1" colspan="1"><p>80 (oitenta)</p></td><td rowspan="1" colspan="1"><p>FACULDADE METROPOLITANA SÃO CARLOS BJI</p></td><td rowspan="1" colspan="1"><p>SOCIEDADE METROPOLITANA DE EDUCACAO, CULTURA E TECNOLOGIA SAO CARLOS S/S LTDA - ME</p></td><td rowspan="1" colspan="1"><p>AV. GOVERNADOR ROBERTO SILVEIRA, 910, CENTRO, BOM JESUS DO ITABAPOANA/RJ</p></td></tr><tr><td rowspan="1" colspan="1"><p>18</p></td><td rowspan="1" colspan="1"><p>201926772</p></td><td rowspan="1" colspan="1"><p>PSICOLOGIA (Bacharelado)</p></td><td rowspan="1" colspan="1"><p>90 (noventa)</p></td><td rowspan="1" colspan="1"><p>FACULDADE PITÁGORAS ITABIRA</p></td><td rowspan="1" colspan="1"><p>EDITORA E DISTRIBUIDORA EDUCACIONAL S/A</p></td><td rowspan="1" colspan="1"><p>RUA SANTANA, 235, CAMPUS PRINCIPAL, PENHA, ITABIRA/MG</p></td></tr><tr><td rowspan="1" colspan="1"><p>19</p></td><td rowspan="1" colspan="1"><p>201929343</p></td><td rowspan="1" colspan="1"><p>PSICOLOGIA (Bacharelado)</p></td><td rowspan="1" colspan="1"><p>50 (cinquenta)</p></td><td rowspan="1" colspan="1"><p>FACULDADE PRESBITERIANA GAMMON</p></td><td rowspan="1" colspan="1"><p>INSTITUTO PRESBITERIANO GAMMON</p></td><td rowspan="1" colspan="1"><p>PRAÇA DR. AUGUSTO SILVA, 636, CENTRO, LAVRAS/MG</p></td></tr><tr><td rowspan="1" colspan="1"><p>20</p></td><td rowspan="1" colspan="1"><p>201931303</p></td><td rowspan="1" colspan="1"><p>PSICOLOGIA (Bacharelado)</p></td><td rowspan="1" colspan="1"><p>80 (oitenta)</p></td><td rowspan="1" colspan="1"><p>FACULDADE PRESIDENTE ANTÔNIO CARLOS DE GOVERNADOR VALADARES</p></td><td rowspan="1" colspan="1"><p>FUNDACAO PRESIDENTE ANTONIO CARLOS</p></td><td rowspan="1" colspan="1"><p>RUA JAIR RODRIGUES COELHO, 211, VILA BRETÃS, GOVERNADOR VALADARES/MG</p></td></tr><tr><td rowspan="1" colspan="1"><p>21</p></td><td rowspan="1" colspan="1"><p>202008492</p></td><td rowspan="1" colspan="1"><p>GESTÃO DA QUALIDADE (Tecnológico)</p></td><td rowspan="1" colspan="1"><p>60 (sessenta)</p></td><td rowspan="1" colspan="1"><p>FACULDADE UNA DE JATAÍ</p></td><td rowspan="1" colspan="1"><p>FACEB EDUCACAO LTDA</p></td><td rowspan="1" colspan="1"><p>AVENIDA JOSÉ DE CARVALHO, 1.800, SETOR EPAMINONDAS II, JATAÍ/GO</p></td></tr><tr><td rowspan="1" colspan="1"><p>22</p></td><td rowspan="1" colspan="1"><p>201820980</p></td><td rowspan="1" colspan="1"><p>ENFERMAGEM (Bacharelado)</p></td><td rowspan="1" colspan="1"><p>30 (trinta)</p></td><td rowspan="1" colspan="1"><p>INSTITUTO FEDERAL DE EDUCAÇÃO CIÊNCIA E TECNOLOGIA FARROUPILHA</p></td><td rowspan="1" colspan="1"><p>INSTITUTO FEDERAL DE EDUCACAO, CIENCIA E TECNOLOGIA FARROUPILHA</p></td><td rowspan="1" colspan="1"><p>RODOVIA RS-218 - KM 05, S/N, INDUBRÁS, SANTO ÂNGELO/RS</p></td></tr><tr><td rowspan="1" colspan="1"><p>23</p></td><td rowspan="1" colspan="1"><p>201928965</p></td><td rowspan="1" colspan="1"><p>PSICOLOGIA (Bacharelado)</p></td><td rowspan="1" colspan="1"><p>200 (duzentas)</p></td><td rowspan="1" colspan="1"><p>UNIVERSIDADE CRUZEIRO DO SUL</p></td><td rowspan="1" colspan="1"><p>CRUZEIRO DO SUL EDUCACIONAL S.A.</p></td><td rowspan="1" colspan="1"><p>AVENIDA PAULISTA, 1.415, CAMPUS PAULISTA, BELA VISTA, SÃO PAULO/SP</p></td></tr><tr><td rowspan="1" colspan="1"><p>24</p></td><td rowspan="1" colspan="1"><p>201928845</p></td><td rowspan="1" colspan="1"><p>PSICOLOGIA (Bacharelado)</p></td><td rowspan="1" colspan="1"><p>100 (cem)</p></td><td rowspan="1" colspan="1"><p>UNIVERSIDADE ESTÁCIO DE SÁ</p></td><td rowspan="1" colspan="1"><p>SOCIEDADE DE ENSINO SUPERIOR ESTACIO DE SA LTDA</p></td><td rowspan="1" colspan="1"><p>AV. PRESIDENTE VARGAS, 592-914, CENTRO I - PRESIDENTE VARGAS, CENTRO, RIO DE JANEIRO/RJ</p></td></tr></table>]]></Texto>
  </body>
  <Midias />
</article></xml>