﻿<xml><article id="27746328" name="DeliberaAAo SOG 115" idOficio="9059471" pubName="DO1" artType="Deliberação" pubDate="30/08/2022" artClass="00019:00035:00030:00000:00000:00000:00000:00000:00000:00000:00022:00004" artCategory="Ministério da Infraestrutura/Agência Nacional de Transportes Aquaviários/Superintendência de Outorgas" artSize="12" artNotes="" numberPage="202" pdfPage="http://pesquisa.in.gov.br/imprensa/jsp/visualiza/index.jsp?data=30/08/2022&amp;jornal=515&amp;pagina=202" editionNumber="165" highlightType="" highlightPriority="" highlight="" highlightimage="" highlightimagename="" idMateria="19843003">
  <body>
    <Identifica><![CDATA[ DELIBERAÇÃO Nº 115, De 27 de agosto de 2022]]></Identifica>
    <Data><![CDATA[]]></Data>
    <Ementa />
    <Titulo />
    <SubTitulo />
    <Texto><![CDATA[<p class="identifica">DELIBERAÇÃO Nº 115, De 27 de agosto de 2022</p><p>O SUPERINTENDENTE DE OUTORGAS DA AGÊNCIA NACIONAL DE TRANSPORTES AQUAVIÁRIOS, no uso da competência delegada que lhe é conferida por meio da Portaria DG nº 404-ANTAQ, de 21 de março de 2022, e considerando o art. 4º, inciso VII, do Regimento Interno e o que consta do Processo nº 50300.013927/2022-17, resolve:</p><p>Art. 1º Aditar o Termo de Autorização nº 589- ANTAQ, de 22 de setembro de 2009, de titularidade do empresário individual ANTONIO PEREIRA DE SOUZA TRANSPORTES, inscrito no CNPJ sob o nº 04.842.274/0001-89, passando a vigorar na forma e condições fixadas em seu 2º Termo Aditivo, em virtude de alteração de esquema operacional.</p><p>Art. 2º A íntegra do citado Termo Aditivo se encontra disponível no sítio eletrônico desta Agência: portal.antaq.gov.br.</p><p>Art. 3º Esta Deliberação entrará em vigor na data de sua publicação no Diário Oficial da União - DOU.</p><p class="assina">RENILDO BARROS</p>]]></Texto>
  </body>
  <Midias />
</article></xml>