﻿<xml><article id="27744148" name="Res_Desp_2.363_2022_SPE" idOficio="9059096" pubName="DO1" artType="Despacho" pubDate="30/08/2022" artClass="00023:00029:00040:00000:00000:00000:00000:00000:00000:00000:00024:00000" artCategory="Ministério de Minas e Energia/Agência Nacional de Energia Elétrica/Superintendência de Pesquisa e Desenvolvimento e Eficiência Energética" artSize="12" artNotes="" numberPage="225" pdfPage="http://pesquisa.in.gov.br/imprensa/jsp/visualiza/index.jsp?data=30/08/2022&amp;jornal=515&amp;pagina=225" editionNumber="165" highlightType="" highlightPriority="" highlight="" highlightimage="" highlightimagename="" idMateria="19842435">
  <body>
    <Identifica><![CDATA[ DESPACHO Nº 2.363, DE 26 DE AGOSTO DE 2022]]></Identifica>
    <Data><![CDATA[]]></Data>
    <Ementa />
    <Titulo />
    <SubTitulo />
    <Texto><![CDATA[<p class="identifica">DESPACHO Nº 2.363, DE 26 DE AGOSTO DE 2022</p><p>Processo nº: 48500.003607/2020-99. Interessado: AES Eletropaulo Atual Enel São Paulo e Cooperadas (AES Tietê e AES Sul), CNPJ 61.695.227/0001-93. Decisão: (i) reconhecer o total de R$ 746.811,43 (setecentos e quarenta e seis mil, oitocentos e onze reais e quarenta e três centavos), referente à realização do Projeto de Gestão, código PG-0390-1003/2013; e (ii) declarar o encerramento deste projeto. A íntegra deste Despacho consta dos autos e estará disponível em biblioteca.aneel.gov.br.</p><p class="assina">PAULO LUCIANO DE CARVALHO</p><p class="cargo">Superintendente</p>]]></Texto>
  </body>
  <Midias />
</article></xml>