﻿<xml><article id="27753095" name="Port_SPE_1594" idOficio="9060979" pubName="DO1" artType="Portaria" pubDate="30/08/2022" artClass="00023:00028:00000:00000:00000:00000:00000:00000:00000:00000:00054:00023" artCategory="Ministério de Minas e Energia/Secretaria de Planejamento e Desenvolvimento Energético" artSize="24" artNotes="" numberPage="223" pdfPage="http://pesquisa.in.gov.br/imprensa/jsp/visualiza/index.jsp?data=30/08/2022&amp;jornal=515&amp;pagina=223" editionNumber="165" highlightType="" highlightPriority="" highlight="" highlightimage="" highlightimagename="" idMateria="19845301">
  <body>
    <Identifica><![CDATA[ PORTARIA Nº 1.594/SPE/MME, DE 29 DE AGOSTO DE 2022]]></Identifica>
    <Data><![CDATA[]]></Data>
    <Ementa />
    <Titulo />
    <SubTitulo />
    <Texto><![CDATA[<p class="identifica">PORTARIA Nº 1.594/SPE/MME, DE 29 DE AGOSTO DE 2022</p><p>O SECRETÁRIO DE PLANEJAMENTO E DESENVOLVIMENTO ENERGÉTICO DO MINISTÉRIO DE MINAS E ENERGIA, no uso da competência que lhe foi delegada pelo art. 1 <sup>o</sup> , inciso II, da Portaria MME n <sup>o</sup> 281, de 29 de junho de 2016, tendo em vista o disposto nos arts. 2 <sup>o</sup> , § 2 <sup>o</sup> e 4 <sup>o</sup> , § 1 <sup>o</sup> , do Decreto n <sup>o</sup> 5.163, de 30 de julho de 2004, nas Portarias MME n <sup>o</sup> 101, de 22 de março de 2016, nº 463, de 3 de dezembro de 2009, Normativa nº 41/GM/MME, de 14 de abril de 2022, Normativa nº 43/GM/MME, de 27 de abril de 2022 e o que consta no Processo n <sup>o</sup> 48360.000225/2022-17, resolve:</p><p>Art. 1 <sup>o</sup> Definir os montantes de garantia física de energia das Usinas Hidrelétricas, na forma do Anexo a presente Portaria, com vistas à participação no Leilão de Compra de Energia Elétrica Proveniente de Novos Empreendimentos de Geração, denominado Leilão de Energia Nova "A-5", de 2022, de que trata a Portaria Normativa nº 41/GM/MME, de 14 de abril de 2022.</p><p>§ 1º Os montantes de garantia física de energia das Usinas Hidrelétricas constante no Anexo são determinados nas Barras de Saída dos Geradores.</p><p>§ 2º Para efeitos de comercialização de energia elétrica, o consumo interno da Usina Hidrelétrica e as perdas na Rede Elétrica deverão ser abatidos dos montantes de garantia física de energia definidos nesta Portaria, observando as Regras de Comercialização de Energia Elétrica vigentes.</p><p>Art. 2 <sup>o</sup> Os montantes de garantia física de energia definidos nesta Portaria terão validade a partir da entrada em Operação Comercial de cada Usina Hidrelétrica.</p><p>Art. 3 <sup>o</sup> A garantia física de energia das Usinas Hidrelétricas constante do Anexo perderão a validade e a eficácia, após o Leilão a que se refere o art. 1 <sup>º</sup> desta Portaria, caso não sejam objeto dos Contratos de Comercialização de Energia no Ambiente Regulado - CCEARs.</p><p>Art. 4º Para todos os efeitos, os montantes de garantia física de energia definidos no Anexo e aqueles que resultarem de revisão com base na legislação vigente perderão a validade após o fim dos CCEARs.</p><p>Art. 5 <sup>o</sup> Esta Portaria entra em vigor na data de sua publicação.</p><p class="assina">JOSÉ GUILHERME DE LARA RESENDE</p><p>ANEXO</p><p>GARANTIAS FÍSICAS DE ENERGIA - LEILÃO DE ENERGIA NOVA "A-5" DE 2022</p><p /><p></p><table><tr /><tr><td rowspan="1" colspan="1"><p>Usina Hidrelétrica</p></td><td rowspan="1" colspan="1"><p>CEG</p></td><td rowspan="1" colspan="1"><p>Rio</p></td><td rowspan="1" colspan="1"><p>UF</p></td><td rowspan="1" colspan="1"><p>Potência Instalada</p><p>(MW)</p></td><td rowspan="1" colspan="1"><p>Nº de Unidades</p></td><td rowspan="1" colspan="1"><p>Garantia Física</p><p>PRT 101</p><p>(MWmed)</p></td><td rowspan="1" colspan="1"><p>Garantia Física</p><p>PRT 463 (MWmed)</p></td><td rowspan="1" colspan="1"><p>Garantia Física Total</p><p>(MWmed)</p></td></tr><tr><td rowspan="1" colspan="1"><p>Cachoeirão</p></td><td rowspan="1" colspan="1"><p>UHE.PH.MT.037268-4.01</p></td><td rowspan="1" colspan="1"><p>Juruena</p></td><td rowspan="1" colspan="1"><p>MT</p></td><td rowspan="1" colspan="1"><p>43,000</p></td><td rowspan="1" colspan="1"><p>2</p></td><td rowspan="1" colspan="1"><p>31,7</p></td><td rowspan="1" colspan="1"><p>-</p></td><td rowspan="1" colspan="1"><p>31,7</p></td></tr><tr><td rowspan="1" colspan="1"><p>Eng. Érico Bitencourt</p></td><td rowspan="1" colspan="1"><p>UHE.PH.GO.037826-7.01</p></td><td rowspan="1" colspan="1"><p>Claro</p></td><td rowspan="1" colspan="1"><p>GO</p></td><td rowspan="1" colspan="1"><p>39,501</p></td><td rowspan="1" colspan="1"><p>2</p></td><td rowspan="1" colspan="1"><p>20,3</p></td><td rowspan="1" colspan="1"><p>-</p></td><td rowspan="1" colspan="1"><p>20,3</p></td></tr><tr><td rowspan="1" colspan="1"><p>Estrela</p></td><td rowspan="1" colspan="1"><p>UHE.PH.GO.038340-6.01</p></td><td rowspan="1" colspan="1"><p>Verde</p></td><td rowspan="1" colspan="1"><p>GO</p></td><td rowspan="1" colspan="1"><p>48,400</p></td><td rowspan="1" colspan="1"><p>3</p></td><td rowspan="1" colspan="1"><p>27,7</p></td><td rowspan="1" colspan="1"><p>-</p></td><td rowspan="1" colspan="1"><p>27,7</p></td></tr><tr><td rowspan="1" colspan="1"><p>Inocência</p></td><td rowspan="1" colspan="1"><p>UHE.PH.MS.033996-2.01</p></td><td rowspan="1" colspan="1"><p>Sucuriú</p></td><td rowspan="1" colspan="1"><p>MS</p></td><td rowspan="1" colspan="1"><p>48,000</p></td><td rowspan="1" colspan="1"><p>2</p></td><td rowspan="1" colspan="1"><p>35,8</p></td><td rowspan="1" colspan="1"><p>-</p></td><td rowspan="1" colspan="1"><p>35,8</p></td></tr><tr><td rowspan="1" colspan="1"><p>Monte Santo</p></td><td rowspan="1" colspan="1"><p>UHE.PH.TO.035806-1.01</p></td><td rowspan="1" colspan="1"><p>Do Sono</p></td><td rowspan="1" colspan="1"><p>TO</p></td><td rowspan="1" colspan="1"><p>47,000</p></td><td rowspan="1" colspan="1"><p>2</p></td><td rowspan="1" colspan="1"><p>26,6</p></td><td rowspan="1" colspan="1"><p>-</p></td><td rowspan="1" colspan="1"><p>26,6</p></td></tr><tr><td rowspan="1" colspan="1"><p>Salto Duran</p></td><td rowspan="1" colspan="1"><p>UHE.PH.GO.037825-9.01</p></td><td rowspan="1" colspan="1"><p>Claro</p></td><td rowspan="1" colspan="1"><p>GO</p></td><td rowspan="1" colspan="1"><p>39,501</p></td><td rowspan="1" colspan="1"><p>2</p></td><td rowspan="1" colspan="1"><p>20,5</p></td><td rowspan="1" colspan="1"><p>-</p></td><td rowspan="1" colspan="1"><p>20,5</p></td></tr><tr><td rowspan="1" colspan="1"><p>Salto Grande</p></td><td rowspan="1" colspan="1"><p>UHE.PH.PR.044759-5.01</p></td><td rowspan="1" colspan="1"><p>Chopim</p></td><td rowspan="1" colspan="1"><p>PR</p></td><td rowspan="1" colspan="1"><p>49,001</p></td><td rowspan="1" colspan="1"><p>3</p></td><td rowspan="1" colspan="1"><p>23,1</p></td><td rowspan="1" colspan="1"><p>0,98</p></td><td rowspan="1" colspan="1"><p>24,1 <sup>[1]</sup> </p></td></tr></table><p>[1] * Garantia física total do empreendimento (casa de força principal + casa de força secundária).</p><p>GARANTIA FÍSICA NO PERÍODO DE MOTORIZAÇÃO</p><p /><p></p><table><tr /><tr><td rowspan="1" colspan="1"><p>CEG</p></td><td rowspan="1" colspan="1"><p>Usina Hidrelétrica</p></td><td rowspan="1" colspan="5"><p>Garantia Física (MWmed)</p></td></tr><tr><td rowspan="1" colspan="1" /><td rowspan="1" colspan="1" /><td rowspan="1" colspan="1"><p>Completa</p></td><td rowspan="1" colspan="1"><p>Unid 1</p></td><td rowspan="1" colspan="1"><p>Unid 2</p></td><td rowspan="1" colspan="1"><p>Unid 3</p></td><td rowspan="1" colspan="1"><p>Unid 4</p></td></tr><tr><td rowspan="1" colspan="1"><p>UHE.PH.MT.037268-4.01</p></td><td rowspan="1" colspan="1"><p>Cachoeirão</p></td><td rowspan="1" colspan="1"><p>31,7</p></td><td rowspan="1" colspan="1"><p>19,3</p></td><td rowspan="1" colspan="1"><p>31,7</p></td><td rowspan="1" colspan="1"><p>-</p></td><td rowspan="1" colspan="1"><p>-</p></td></tr><tr><td rowspan="1" colspan="1"><p>UHE.PH.GO.037826-7.01</p></td><td rowspan="1" colspan="1"><p>Eng. Érico Bitencourt</p></td><td rowspan="1" colspan="1"><p>20,3</p></td><td rowspan="1" colspan="1"><p>15,2</p></td><td rowspan="1" colspan="1"><p>20,3</p></td><td rowspan="1" colspan="1"><p>-</p></td><td rowspan="1" colspan="1"><p>-</p></td></tr><tr><td rowspan="1" colspan="1"><p>UHE.PH.GO.038340-6.01</p></td><td rowspan="1" colspan="1"><p>Estrela</p></td><td rowspan="1" colspan="1"><p>27,7</p></td><td rowspan="1" colspan="1"><p>14,5</p></td><td rowspan="1" colspan="1"><p>25,1</p></td><td rowspan="1" colspan="1"><p>27,7</p></td><td rowspan="1" colspan="1"><p>-</p></td></tr><tr><td rowspan="1" colspan="1"><p>UHE.PH.MS.033996-2.01</p></td><td rowspan="1" colspan="1"><p>Inocência</p></td><td rowspan="1" colspan="1"><p>35,8</p></td><td rowspan="1" colspan="1"><p>21,5</p></td><td rowspan="1" colspan="1"><p>35,8</p></td><td rowspan="1" colspan="1"><p>-</p></td><td rowspan="1" colspan="1"><p>-</p></td></tr><tr><td rowspan="1" colspan="1"><p>UHE.PH.TO.035806-1.01</p></td><td rowspan="1" colspan="1"><p>Monte Santo</p></td><td rowspan="1" colspan="1"><p>26,6</p></td><td rowspan="1" colspan="1"><p>19,7</p></td><td rowspan="1" colspan="1"><p>26,6</p></td><td rowspan="1" colspan="1"><p>-</p></td><td rowspan="1" colspan="1"><p>-</p></td></tr><tr><td rowspan="1" colspan="1"><p>UHE.PH.GO.037825-9.01</p></td><td rowspan="1" colspan="1"><p>Salto Duran</p></td><td rowspan="1" colspan="1"><p>20,5</p></td><td rowspan="1" colspan="1"><p>15,4</p></td><td rowspan="1" colspan="1"><p>20,5</p></td><td rowspan="1" colspan="1"><p>-</p></td><td rowspan="1" colspan="1"><p>-</p></td></tr><tr><td rowspan="1" colspan="1"><p>UHE.PH.PR.044759-5.01</p></td><td rowspan="1" colspan="1"><p>Salto Grande</p><p>CF Principal</p></td><td rowspan="1" colspan="1"><p>23,1</p></td><td rowspan="1" colspan="1"><p>16,7</p></td><td rowspan="1" colspan="1"><p>23,1</p></td><td rowspan="1" colspan="1"><p>-</p></td><td rowspan="1" colspan="1"><p>-</p></td></tr><tr><td rowspan="1" colspan="1" /><td rowspan="1" colspan="1"><p>Salto Grande</p><p>CF Secundária</p></td><td rowspan="1" colspan="1"><p>0,98</p></td><td rowspan="1" colspan="1"><p>0,98</p></td><td rowspan="1" colspan="1"><p>-</p></td><td rowspan="1" colspan="1"><p>-</p></td><td rowspan="1" colspan="1"><p>-</p></td></tr></table>]]></Texto>
  </body>
  <Midias />
</article></xml>