﻿<xml><article id="27750646" name="2022-08-29/9060358/ANMWS_1984420" idOficio="9060358" pubName="DO1" artType="Despacho" pubDate="30/08/2022" artClass="00023:00030:00050:00000:00000:00000:00000:00000:00000:00000:00024:00082" artCategory="Ministério de Minas e Energia/Agência Nacional de Mineração/Superintendência de Outorga de Títulos Minerários" artSize="12" artNotes="" numberPage="233" pdfPage="http://pesquisa.in.gov.br/imprensa/jsp/visualiza/index.jsp?data=30/08/2022&amp;jornal=515&amp;pagina=233" editionNumber="165" highlightType="" highlightPriority="" highlight="" highlightimage="" highlightimagename="" idMateria="19844203">
  <body>
    <Identifica><![CDATA[Despacho]]></Identifica>
    <Data><![CDATA[]]></Data>
    <Ementa />
    <Titulo />
    <SubTitulo />
    <Texto><![CDATA[<p class="identifica">Despacho</p><p>Relação nº 82/2022</p><p>Fase de Requerimento de Pesquisa</p><p>O SUPERINTENDENTE DE OUTORGA DE TÍTULOS MINERÁRIOS DA AGÊNCIA NACIONAL DE MINERAÇÃO, no uso das atribuições regimentais dispostas no art. 93 da Resolução nº 102, de 13 de abril de 2022, e com fundamento no art. 15, do Decreto-lei n° 227, de 28 de fevereiro de 1967, (Código de Mineração), e no art. 2°, inciso XVII da Lei 13.575/2017, outorga os seguintes Alvarás de Pesquisa, prazo 1 ano, vigência a partir dessa publicação:(321)</p><p>5468/2022-860.141/2022-ARERRIOS MINERACAO E TRANSPORTE LTDA-</p><p>5469/2022-860.457/2022-ANTONIA DUTRA CORREA DE PAULA ME-</p><p>5470/2022-860.464/2022-DEPOSITO DE AREIA RIO SANTANA E TRANSPORTE LTDA ME-</p><p>O SUPERINTENDENTE DE OUTORGA DE TÍTULOS MINERÁRIOS DA AGÊNCIA NACIONAL DE MINERAÇÃO, no uso das atribuições regimentais dispostas no art. 93 da Resolução nº 102, de 13 de abril de 2022, e com fundamento no art. 15, do Decreto-lei n° 227, de 28 de fevereiro de 1967, (Código de Mineração), e no art. 2°, inciso XVII da Lei 13.575/2017, outorga os seguintes Alvarás de Pesquisa, prazo 2 anos, vigência a partir dessa publicação:(322)</p><p>5471/2022-860.436/2020-SEBASTIÃO PEIXOTO FILHO-</p><p>5472/2022-860.128/2021-BRASIL EXTRACAO E COMERCIO DE AREIA LTDA-</p><p>5473/2022-860.471/2022-GRANIBAN GRANITOS BANANAL LTDA. ME-</p><p>O SUPERINTENDENTE DE OUTORGA DE TÍTULOS MINERÁRIOS DA AGÊNCIA NACIONAL DE MINERAÇÃO, no uso das atribuições regimentais dispostas no art. 93 da Resolução nº 102, de 13 de abril de 2022, e com fundamento no art. 15, do Decreto-lei n° 227, de 28 de fevereiro de 1967, (Código de Mineração), e no art. 2°, inciso XVII da Lei 13.575/2017, outorga os seguintes Alvarás de Pesquisa, prazo 3 anos, vigência a partir dessa publicação:(323)</p><p>5474/2022-860.632/2008-WILSON MACHADO CORREIA-</p><p>5475/2022-860.763/2008-WILSON MACHADO CORREIA-</p><p>5476/2022-860.512/2019-WASHINGTON MINERAÇÃO LTDA. ME-</p><p>5477/2022-860.209/2021-G44 GOLD MINERACAO LTDA-</p><p>5478/2022-860.316/2021-FMG MARMORES E GRANITOS LTDA-</p><p>5479/2022-861.073/2021-BRUNO CARVALHO FONSECA PEREIRA-</p><p>5480/2022-861.435/2021-BRASIL EXTRACAO E COMERCIO DE AREIA LTDA-</p><p>5481/2022-861.774/2021-FRANCISCO JESUINO CRUZ-</p><p>5482/2022-860.085/2022-LEANDRO SILVA DE ALMEIDA-</p><p>5483/2022-860.286/2022-MARCO ANTONIO DOS REIS E SILVA-</p><p>5484/2022-860.302/2022-GUIMARÃES RAMALHO EIRELI-</p><p>5485/2022-860.337/2022-RTB GEOLOGIA E MINERACAO LTDA.-</p><p>5486/2022-860.341/2022-GUILHERME FELIPE LABONDE-</p><p>5487/2022-860.344/2022-CSN CIMENTOS S.A.-</p><p>5488/2022-860.347/2022-EDMILSON FERNANDES DE SOUZA-</p><p>5489/2022-860.348/2022-EDMILSON FERNANDES DE SOUZA-</p><p>5490/2022-860.373/2022-LAURIVALDO DIAS-</p><p>5491/2022-860.374/2022-GRUPO SHANZ EMPREENDIMENTOS E PARTICIPAÇÕES LTDA ME-</p><p>5492/2022-860.375/2022-GRUPO SHANZ EMPREENDIMENTOS E PARTICIPAÇÕES LTDA ME-</p><p>5493/2022-860.376/2022-GRUPO SHANZ EMPREENDIMENTOS E PARTICIPAÇÕES LTDA ME-</p><p>5494/2022-860.377/2022-GRUPO SHANZ EMPREENDIMENTOS E PARTICIPAÇÕES LTDA ME-</p><p>5495/2022-860.380/2022-PERTH RECURSOS MINERAIS LTDA-</p><p>5496/2022-860.384/2022-PERTH RECURSOS MINERAIS LTDA-</p><p>5497/2022-860.385/2022-PERTH RECURSOS MINERAIS LTDA-</p><p>5498/2022-860.386/2022-PERTH RECURSOS MINERAIS LTDA-</p><p>5499/2022-860.387/2022-PERTH RECURSOS MINERAIS LTDA-</p><p>5500/2022-860.390/2022-PERTH RECURSOS MINERAIS LTDA-</p><p>5501/2022-860.391/2022-PERTH RECURSOS MINERAIS LTDA-</p><p>5502/2022-860.424/2022-ACAI INVESTIMENTOS E PARTICIPACOES LTDA-</p><p>5503/2022-860.430/2022-ANTONIO MENDES FERREIRA JUNIOR-</p><p>5504/2022-860.442/2022-MINERACAO SANTA RITA LTDA-</p><p>5505/2022-860.446/2022-COMPEL EXPLOSIVOS LTDA-</p><p>5506/2022-860.447/2022-COMPEL EXPLOSIVOS LTDA-</p><p>5507/2022-860.454/2022-DAVI MENDES LIRA LOBO-</p><p>5508/2022-860.469/2022-ANGELICA MIRANDA BATISTA-</p><p>5509/2022-860.474/2022-JOSE PEDRO VAZ NETO-</p><p>5510/2022-860.477/2022-JOSE PEDRO VAZ NETO-</p><p>5511/2022-860.478/2022-DIEFFERSON FERREIRA VAZ NETO-</p><p>5512/2022-860.479/2022-DIEFFERSON FERREIRA VAZ NETO-</p><p>5513/2022-860.492/2022-3PS NATURELLI PIETRA DO BRASIL LTDA-</p><p>5514/2022-860.505/2022-GRUPO SHANZ EMPREENDIMENTOS E PARTICIPAÇÕES LTDA ME-</p><p>5515/2022-860.518/2022-FELIPE ALMEIDA DA COSTA-</p><p>5516/2022-860.519/2022-FELIPE ALMEIDA DA COSTA-</p><p>5517/2022-860.609/2022-CIPLAN CIMENTO PLANALTO S/A-</p><p class="assina">MOACYR CARVALHO DE ANDRADE NETO</p>]]></Texto>
  </body>
  <Midias />
</article></xml>