﻿<xml><article id="27731864" name="7996" idOficio="9056193" pubName="DO1" artType="Portaria" pubDate="30/08/2022" artClass="00015:00050:00000:00000:00000:00000:00000:00000:00000:00000:00054:00000" artCategory="Ministério da Economia/Superintendência de Seguros Privados" artSize="12" artNotes="" numberPage="96" pdfPage="http://pesquisa.in.gov.br/imprensa/jsp/visualiza/index.jsp?data=30/08/2022&amp;jornal=515&amp;pagina=96" editionNumber="165" highlightType="" highlightPriority="" highlight="" highlightimage="" highlightimagename="" idMateria="19837556">
  <body>
    <Identifica><![CDATA[ PORTARIA SUSEP Nº 7.996, de 16 de agosto de 2022]]></Identifica>
    <Data><![CDATA[]]></Data>
    <Ementa />
    <Titulo />
    <SubTitulo />
    <Texto><![CDATA[<p class="identifica">PORTARIA SUSEP Nº 7.996, de 16 de agosto de 2022</p><p>O SUPERINTENDENTE DA SUPERINTENDÊNCIA DE SEGUROS PRIVADOS - SUSEP, no uso da competência delegada pelo Ministro de Estado da Fazenda, por meio da Portaria nº 151, de 23 de junho de 2004, tendo em vista o disposto no artigo 74 do Decreto-Lei nº 73, de 21 de novembro de 1966, com base na Resolução CNSP nº 381, de 4 de março de 2020, e o que consta do processo Susep nº 15414.649740/2021-97, resolve:</p><p>Art. 1º Homologar as seguintes deliberações tomadas pelos sócios de AGRIMUTUAL SEGUROS LTDA., CNPJ nº 47.125.399/0001-09, com sede na cidade de Santa Bárbara D'Oeste - SP, na 1ª alteração do contrato social, realizada em 22 de julho de 2022:</p><p>I - transformação do tipo societário para sociedade anônima;</p><p>II - mudança da denominação social para AGRIMUTUAL SEGUROS S.A.;</p><p>III - eleição de administradores;</p><p>IV - mudança do objeto social; e</p><p>V - reforma e consolidação do estatuto social.</p><p>Art. 2º Conceder a AGRIMUTUAL SEGUROS S.A. autorização para operar seguros de danos, pelo tempo determinado de 36 meses em ambiente regulatório experimental (Sandbox Regulatório), em conformidade com o Edital Eletrônico Susep nº 1/2021.</p><p>Art. 3º Ratificar que o capital social de AGRIMUTUAL SEGUROS S.A. é de R$ 1.010.000,00, dividido em 1.010.000 ações ordinárias, nominativas e sem valor nominal.</p><p>Art. 4º Esta Portaria entra em vigor na data de sua publicação.</p><p class="assina">ALEXANDRE MILANESE CAMILLO</p>]]></Texto>
  </body>
  <Midias />
</article></xml>