﻿<xml><article id="27733654" name="ATO PORTARIA MCOM NA 6315" idOficio="9056970" pubName="DO1" artType="Portaria" pubDate="30/08/2022" artClass="00012:00002:00000:00000:00000:00000:00000:00000:00000:00000:00054:00025" artCategory="Ministério das Comunicações/Gabinete do Ministro" artSize="12" artNotes="" numberPage="19" pdfPage="http://pesquisa.in.gov.br/imprensa/jsp/visualiza/index.jsp?data=30/08/2022&amp;jornal=515&amp;pagina=19" editionNumber="165" highlightType="" highlightPriority="" highlight="" highlightimage="" highlightimagename="" idMateria="19839490">
  <body>
    <Identifica><![CDATA[ PORTARIA MCOM Nº 6.315, DE 1º DE AGOSTO DE 2022]]></Identifica>
    <Data><![CDATA[]]></Data>
    <Ementa />
    <Titulo />
    <SubTitulo />
    <Texto><![CDATA[<p class="identifica">PORTARIA MCOM Nº 6.315, DE 1º DE AGOSTO DE 2022</p><p>O MINISTRO DE ESTADO DAS COMUNICAÇÕES, no uso de suas atribuições, e observado o disposto no Decreto nº 9.942, de 25 de julho de 2019, resolve:</p><p>Art. 1º Homologar o resultado do processo seletivo decorrente do chamamento público nº 105, publicado no Diário Oficial da União de 02 de Setembro de 2020, na forma do Anexo I, e outorgar autorização à SOCIEDADE DE CULTURA RÁDIO PARECIS LTDA., pessoa jurídica inscrita no CNPJ sob o nº 05.924.170/0001-86, para executar, por prazo indeterminado, o serviço de retransmissão de rádio na Amazônia Legal, ancilar ao serviço de radiodifusão sonora em frequência modulada, com utilização do canal 258 (duzentos e cinquenta e oito), frequência 99,5 MHz, classe A4, em caráter primário, no município de ARIQUEMES, estado de RONDÔNIA.</p><p>Art. 2º A autorização ora outorgada tem caráter precário e objetiva-se a retransmitir os sinais provenientes da SOCIEDADE DE CULTURA RÁDIO PARECIS LTDA., pessoa jurídica permissionária do serviço de radiodifusão sonora em frequência modulada, inscrita no CNPJ sob o nº 05.924.170/0001-86, cuja permissão foi outorgada por meio da Portaria nº 1323, de 01 de dezembro de 1976, publicada no Diário Oficial da União de 07 de Dezembro de 1976, para execução do serviço no município de PORTO VELHO, estado de RONDÔNIA.</p><p>Art. 3º O contrato relativo à autorização outorgada por meio desta Portaria foi assinado em 1º de Agosto de 2022, pelo Sr. ELTON LEONI, que, no ato, representou a SOCIEDADE DE CULTURA RÁDIO PARECIS LTDA., e pelo Sr. Ministro de Estado das Comunicações, no âmbito do processo administrativo nº 53115.013030/2020-15.</p><p>Art. 4° Para fins de execução do referido serviço deverão ser observados os prazos para a obtenção da autorização de uso de radiofrequência junto à Anatel e solicitação do licenciamento da estação, estabelecidos no artigo 18 do Decreto nº 9.942, de 25 de julho de 2019, alterado pelo Decreto n° 10.405, de 25 de junho de 2020.</p><p>Art. 5º Esta Portaria entra em vigor na data de sua publicação.</p><p class="assina">FÁBIO FARIA</p><p>ANEXO I - Homologação do Resultado</p><p /><p></p><table><tr /><tr><td rowspan="1" colspan="1"><p>Classificação</p></td><td rowspan="1" colspan="1"><p>Nome da Pessoa Jurídica</p></td><td rowspan="1" colspan="1"><p>Situação</p></td></tr><tr><td rowspan="1" colspan="1"><p>1º LUGAR</p></td><td rowspan="1" colspan="1"><p>RÁDIO FRONTEIRA LTDA.</p></td><td rowspan="1" colspan="1"><p>HABILITADA</p></td></tr><tr><td rowspan="1" colspan="1"><p>2º LUGAR</p></td><td rowspan="1" colspan="1"><p>REDE SANMORI DE RÁDIO E TELEVISÃO LTDA.</p></td><td rowspan="1" colspan="1"><p>HABILITADA</p></td></tr><tr><td rowspan="1" colspan="1"><p>3º LUGAR (EMPATE)</p></td><td rowspan="1" colspan="1"><p>SOCIEDADE DE CULTURA RÁDIO CAIARI LTDA.</p></td><td rowspan="1" colspan="1"><p>HABILITADA</p></td></tr><tr><td rowspan="1" colspan="1"><p>3º LUGAR (EMPATE)</p></td><td rowspan="1" colspan="1"><p>SOCIEDADE DE CULTURA RÁDIO PARECIS LTDA.</p></td><td rowspan="1" colspan="1"><p>HABILITADA</p></td></tr><tr><td rowspan="1" colspan="1"><p>5º LUGAR</p></td><td rowspan="1" colspan="1"><p>REDE DE COMUNICAÇÃO SCHWANTES LTDA.</p></td><td rowspan="1" colspan="1"><p>HABILITADA</p></td></tr></table>]]></Texto>
  </body>
  <Midias />
</article></xml>