﻿<xml><article id="27736685" name="resolucao_2849_2022 CPROD GGFIS_" idOficio="9057694" pubName="DO1" artType="Resolução" pubDate="30/08/2022" artClass="00026:00034:00016:00006:00000:00000:00000:00000:00000:00000:00064:32849" artCategory="Ministério da Saúde/Agência Nacional de Vigilância Sanitária/4ª Diretoria/Gerência-Geral de Inspeção e Fiscalização Sanitária" artSize="12" artNotes="" numberPage="277" pdfPage="http://pesquisa.in.gov.br/imprensa/jsp/visualiza/index.jsp?data=30/08/2022&amp;jornal=515&amp;pagina=277" editionNumber="165" highlightType="" highlightPriority="" highlight="" highlightimage="" highlightimagename="" idMateria="19840478">
  <body>
    <Identifica><![CDATA[ RESOLUÇÃO-RE Nº 2.849, DE 26 DE AGOSTO DE 2022]]></Identifica>
    <Data><![CDATA[]]></Data>
    <Ementa />
    <Titulo />
    <SubTitulo />
    <Texto><![CDATA[<p class="identifica">RESOLUÇÃO-RE Nº 2.849, DE 26 DE AGOSTO DE 2022</p><p>A Gerente-Geral de Inspeção e Fiscalização Sanitária, no uso das atribuições que lhe confere o art. 140, aliado ao art. 203, I, § 1º do Regimento Interno aprovado pela Resolução de Diretoria Colegiada - RDC nº 585, de 10 de dezembro de 2021, resolve:</p><p>Art. 1º Revogar a Resolução-RE nº 696, de 4 de março de 2022, publicada no DOU nº 44, de 7 de março de 2022, Seção 1, pág. 89, conforme consta no anexo.</p><p>Art. 2º Esta Resolução entra em vigor na data de sua publicação.</p><p class="assina">ANA CAROLINA MOREIRA MARINO ARAUJO</p><p class="anexo">ANEXO</p><p>Empresa: CASEX IND DE PLAST PRODS MEDICOS HOSPITALARES LTDA - CNPJ: 78.746.773/0001-09</p><p>Produto - (Lote): ACT CARBON AG - CURATIVO DE CARVAO ATIVADO E PRATA(LOTES A PARTIR DE 10/12/2021);ALGICARE AG - CURATIVO DE ALGINATO COM PRATA(LOTES A PARTIR DE 10/12/2021);ALGICARE-CURATIVO DE ALGINATO(LOTES A PARTIR DE 10/12/2021);ALLY GEL - HIDROGEL AMORFO COM ALGINATO(LOTES A PARTIR DE 10/12/2021);BOLSA PARA OSTOMIA CASEX(LOTES A PARTIR DE 10/12/2021);BOLSA PARA OSTOMIA CASEX(LOTES A PARTIR DE 10/12/2021);BOLSA PARA OSTOMIA DUAS PEÇAS VISION(LOTES A PARTIR DE 10/12/2021);BOLSA PARA OSTOMIA SHELTER AFFIX - - SISTEMA DE DUAS PECAS(LOTES A PARTIR DE 10/12/2021);BOLSA PARA OSTOMIA VISION(LOTES A PARTIR DE 10/12/2021);CellFoam Espuma Absorvente de Poliuretano(LOTES A PARTIR DE 10/12/2021);Cellfoam Silicone(LOTES A PARTIR DE 10/12/2021);CellFoam Silicone Ag(LOTES A PARTIR DE 10/12/2021);CINTO ELÁSTICO AJUSTÁVEL PARA BOLSAS DE OSTOMIA(LOTES A PARTIR DE 10/12/2021);CLEAN-HEX GEL COM PHMB 0,2%(LOTES A PARTIR DE 10/12/2021);CLEAN-HEX SOLUÇÃO COM PHMB 0,1%(LOTES A PARTIR DE 10/12/2021);CURACTIVE(LOTES A PARTIR DE 10/12/2021);FILTRO DE CARVÃO ATIVADO PARA BOLSAS DE OSTOMIA(LOTES A PARTIR DE 10/12/2021);HydroCare - Curativo de Hidrofibra(LOTES A PARTIR DE 10/12/2021);Hydrocare AG - Curativo de Hidrofibra com Prata(LOTES A PARTIR DE 10/12/2021);PÓ PARA ESTOMIA CASEX(LOTES A PARTIR DE 10/12/2021);Protetor de Pele Casex(LOTES A PARTIR DE 10/12/2021);SAFE SEAL TIRAS ELÁSTICAS DE HIDROCOLÓIDE PARA FIXAÇÃO DE BOLSAS DE OSTOMIA(LOTES A PARTIR DE 10/12/2021);SHELTER CH3 - LUBRIFICANTE PARA BOLSAS DE OSTOMIA(LOTES A PARTIR DE 10/12/2021);SHELTER GEL(LOTES A PARTIR DE 10/12/2021);Unna Heal - Bandagem Bota de Unna(LOTES A PARTIR DE 10/12/2021);UNNA HEAL - BANDAGEM ELASTICA BOTA DE UNNA(LOTES A PARTIR DE 10/12/2021);</p><p>Tipo de Produto: Produtos para Saúde (Correlatos)</p><p>Expediente nº: 4605118/22-0</p><p>Assunto: 70358 - Revogação de Ações de Fiscalização em Vigilância Sanitária</p><p>Ações de fiscalização revogadas: Suspensão - Comercialização, Distribuição, Fabricação, Propaganda, Uso</p><p>Motivação: Considerando a inspeção sanitária realizada no fabricante Casex Indústria de Plásticos e Produtos Médicos Hospitalares Ltda, pela Vigilância Sanitária Municipal de Curitiba, Vigilância Estadual do Paraná e Anvisa ocorrida no período de 16/08/2022 a 19/08/2022, durante a qual ficou comprovada que a empresa cumpre com as Boas Práticas de Fabricação, conforme os requisitos dispostos na Resolução RDC nº 665/2022, ficando classificada como CTO (Condição Técnico Operacional). Cabe destacar que tal liberação deve incluir os lotes dos produtos citados fabricados a partir de 19/08/2022.</p>]]></Texto>
  </body>
  <Midias />
</article></xml>