﻿<xml><article id="27744001" name="1 SEMPI - Portaria 6217 - Habili" idOficio="9059071" pubName="DO1" artType="Portaria" pubDate="30/08/2022" artClass="00011:00039:00000:00000:00000:00000:00000:00000:00000:00000:00054:00001" artCategory="Ministério da Ciência, Tecnologia e Inovações/Secretaria de Empreendedorismo e Inovação" artSize="12" artNotes="" numberPage="15" pdfPage="http://pesquisa.in.gov.br/imprensa/jsp/visualiza/index.jsp?data=30/08/2022&amp;jornal=515&amp;pagina=15" editionNumber="165" highlightType="" highlightPriority="" highlight="" highlightimage="" highlightimagename="" idMateria="19842383">
  <body>
    <Identifica><![CDATA[ PORTARIA SEMPI/MCTI Nº 6.217, DE 18 DE AGOSTO DE 2022]]></Identifica>
    <Data><![CDATA[]]></Data>
    <Ementa><![CDATA[ Habilitação à fruição do crédito financeiro de que tratam o art. 4º da Lei nº 8.248, de 23 de outubro de 1991 e os arts. 2º,  3º  e 4º  da Lei nº 13.969, de 26 de dezembro de 2019.]]></Ementa>
    <Titulo />
    <SubTitulo />
    <Texto><![CDATA[<p class="identifica">PORTARIA SEMPI/MCTI Nº 6.217, DE 18 DE AGOSTO DE 2022</p><p class="ementa">Habilitação à fruição do crédito financeiro de que tratam o art. 4º da Lei nº 8.248, de 23 de outubro de 1991 e os arts. 2º, 3º e 4º da Lei nº 13.969, de 26 de dezembro de 2019.</p><p>O SECRETÁRIO DE EMPREENDEDORISMO E INOVAÇÃO DO MINISTÉRIO DA CIÊNCIA, TECNOLOGIA E INOVAÇÕES, SUBSTITUTO, no uso da atribuição conferida pelo parágrafo único do art. 6º do Decreto nº 10.356, de 20 de maio de 2020, tendo em vista o disposto nos arts. 4º e 9º deste Decreto, e considerando o que consta no Processo MCTI nº 01245.013473/2021-08, de 4 de agosto de 2021, resolve:</p><p>Art. 1º Habilitar a pessoa jurídica Safesoft Indústria e Comércio de Equipamentos Eletrônicos Ltda., inscrita no Cadastro Nacional da Pessoa Jurídica do Ministério da Economia - CNPJ/ME sob o nº 05.728.496/0002-19, à fruição do crédito financeiro de que tratam o art. 4º da Lei nº 8.248, de 23 de outubro de 1991, os arts. 2º, 3º e 4º da Lei nº 13.969, de 26 de dezembro de 2019, e o Decreto nº 10.356, de 20 de maio de 2020.</p><p>§ 1º Cadastrar o estabelecimento fabril da pessoa jurídica identificada no caput, CNPJ/ME nº 05.728.496/0002-19, responsável pela fabricação do(s) seguinte(s) bem(ns) de tecnologias da informação e comunicação:</p><p>- Sensor de temperatura para rastreador automotivo, baseado em técnica digital.</p><p>§ 2º O bem e os respectivos modelos devem cumprir o processo produtivo básico.</p><p>§ 3º Os modelos devem ser cadastrados pela pessoa jurídica e constar no processo MCTI nº 01245.013473/2021-08, de 4 de agosto de 2021.</p><p>Art. 2º A pessoa jurídica habilitada fará jus ao crédito financeiro de que trata a Seção I do Capítulo V do Decreto nº 10.356, de 2020, que vigorará até 31 de dezembro de 2029.</p><p>Parágrafo único. A pessoa jurídica habilitada, além de cumprir o processo produtivo básico, deverá investir, anualmente, no País, em atividades de pesquisa, desenvolvimento e inovação, no setor de tecnologias da informação e comunicação, o percentual mínimo de 4% sobre a base de cálculo formada pelo faturamento bruto no mercado interno, decorrente da comercialização do(s) bem(ns) relacionado(s) no art. 1º.</p><p>Art. 3º O crédito financeiro decorrente dos benefícios referidos no art. 4º da Lei nº 8.248, de 1991, constitui, para todos os efeitos, compensação integral em substituição aos incentivos extintos pela revogação dos §§ 1º-A, 1º-D, 1º-E, 1º-F, 5º e 7º do art. 4º da referida Lei.</p><p>Art. 4º Esta habilitação poderá ser suspensa ou cancelada, a qualquer tempo, sem prejuízo do ressarcimento previsto no art. 9º da Lei nº 8.248, de 1991, no art. 9º da Lei nº 13.969, de 2019, e no Capítulo VI do Decreto nº 10.356, de 2020, caso a empresa beneficiária deixe de atender ou de cumprir qualquer das condições estabelecidas no referido Decreto.</p><p>Art. 5º Esta Portaria entra em vigor na data de sua publicação.</p><p class="assina">MARCOS CESAR DE OLIVEIRA PINTO</p>]]></Texto>
  </body>
  <Midias />
</article></xml>