﻿<xml><article id="27745782" name="Port-220-2022-DPC-TRANSICAO-110." idOficio="9059345" pubName="DO1" artType="Portaria" pubDate="30/08/2022" artClass="00013:00012:00026:00003:00000:00000:00000:00000:00000:00000:00054:00000" artCategory="Ministério da Defesa/Comando da Marinha/Diretoria-Geral de Navegação/Diretoria de Portos e Costas" artSize="12" artNotes="" numberPage="28" pdfPage="http://pesquisa.in.gov.br/imprensa/jsp/visualiza/index.jsp?data=30/08/2022&amp;jornal=515&amp;pagina=28" editionNumber="165" highlightType="" highlightPriority="" highlight="" highlightimage="" highlightimagename="" idMateria="19842845">
  <body>
    <Identifica><![CDATA[ PORTARIA Nº 220/DPC, DE 19 DE AGOSTO DE 2022]]></Identifica>
    <Data><![CDATA[]]></Data>
    <Ementa><![CDATA[ Estabelece período de transição para reconhecimento de certificados emitidos por Autoridades Marítimas Estrangeiras signatárias da Convenção STCW-1978, como emendada.]]></Ementa>
    <Titulo />
    <SubTitulo />
    <Texto><![CDATA[<p class="identifica">PORTARIA Nº 220/DPC, DE 19 DE AGOSTO DE 2022</p><p class="ementa">Estabelece período de transição para reconhecimento de certificados emitidos por Autoridades Marítimas Estrangeiras signatárias da Convenção STCW-1978, como emendada.</p><p>O DIRETOR DE PORTOS E COSTAS, no uso das atribuições que lhe são conferidas pela Portaria MB/MD nº 37, de 21 de fevereiro de 2022, do Comandante da Marinha, de acordo com o contido no art. 4º da Lei nº 9.537, de 11 de dezembro de 1997 (Lei de Segurança do Tráfego Aquaviário - LESTA), resolve:</p><p>Art. 1º Estabelecer o prazo de 1º de julho de 2023 como limite para aceitação de requerimentos de reconhecimento de certificados emitidos por Autoridades Marítimas Estrangeiras signatárias da Convenção STCW-1978, como emendada, estabelecido no item 0119 da NORMAM-13/DPC (1ª Revisão), sem a necessidade de celebração de acordo de reconhecimento entre as partes envolvidas.</p><p>Art. 2º Revoga-se a Portaria nº 32/DPC, de 28 de janeiro de 2022.</p><p>Art. 3º Esta Portaria entra em vigor em 1º de setembro de 2022, tendo seus efeitos administrativos retroagidos a 1º de setembro de 2021.</p><p class="assina">SERGIO RENATO BERNA SALGUEIRINHO</p><p class="cargo">Vice-Almirante</p>]]></Texto>
  </body>
  <Midias />
</article></xml>