﻿<xml><article id="27733642" name="ATO PORTARIA MCOM NA 6243" idOficio="9056970" pubName="DO1" artType="Portaria" pubDate="30/08/2022" artClass="00012:00002:00000:00000:00000:00000:00000:00000:00000:00000:00054:00016" artCategory="Ministério das Comunicações/Gabinete do Ministro" artSize="12" artNotes="" numberPage="18" pdfPage="http://pesquisa.in.gov.br/imprensa/jsp/visualiza/index.jsp?data=30/08/2022&amp;jornal=515&amp;pagina=18" editionNumber="165" highlightType="" highlightPriority="" highlight="" highlightimage="" highlightimagename="" idMateria="19839486">
  <body>
    <Identifica><![CDATA[ PORTARIA MCOM Nº 6.243, DE 21 DE JULHO DE 2022]]></Identifica>
    <Data><![CDATA[]]></Data>
    <Ementa />
    <Titulo />
    <SubTitulo />
    <Texto><![CDATA[<p class="identifica">PORTARIA MCOM Nº 6.243, DE 21 DE JULHO DE 2022</p><p>O MINISTRO DE ESTADO DAS COMUNICAÇÕES SUBSTITUTO EVENTUAL, designado por Decreto de 21 de julho de 2022, publicado no DOU de 22 de julho de 2022, no uso da atribuição que lhe confere o art. 87, parágrafo único, inciso IV, da Constituição Federal, e tendo em vista o que consta do Processo Administrativo nº 53000.031323/2012-53, invocando as razões presentes na Nota Técnica nº 8671/2022/SEI-MCOM, chancelada pelo Parecer Jurídico nº 00559/2022/CONJUR-MCOM/CGU/AGU, resolve:</p><p>Art. 1º Renovar, de acordo com o art. 33, § 3º, da Lei no 4.117, de 27 de agosto de 1962, por dez anos, a partir de 26 de maio de 2013, a permissão outorgada à ROBI - RÁDIO E COMUNICAÇÕES LTDA (CNPJ nº 01.892.253/0001-80), nos termos da Portaria nº 426, de 7 de agosto de 2001, publicada em 15 de agosto de 2001, chancelada pelo Decreto Legislativo nº 412 de 2012, publicado em 13 de dezembro de 2002, para executar, sem direito de exclusividade, o serviço de radiodifusão sonora em frequência modulada, no Município de Machadinho D'Oeste, Estado de Rondônia.</p><p>Art. 2º A execução do serviço de radiodifusão, cuja permissão é renovada por esta Portaria reger-se-á pelo Código Brasileiro de Telecomunicações, leis subsequentes e seus regulamentos.</p><p>Art. 3º Este ato somente produzirá efeitos legais após deliberação do Congresso Nacional, nos termos do § 3º do art. 223 da Constituição Federal.</p><p>Art. 4º Esta Portaria entra em vigor na data de sua publicação.</p><p class="assina">MAXIMILIANO SALVADORI MARTINHÃO</p>]]></Texto>
  </body>
  <Midias />
</article></xml>