﻿<xml><article id="27746187" name="DOU SIR" idOficio="9059431" pubName="DO1" artType="Ato" pubDate="30/08/2022" artClass="00012:00014:00014:00161:00000:00000:00000:00000:00000:00000:00006:00000" artCategory="Ministério das Comunicações/Agência Nacional de Telecomunicações/Superintendência de Fiscalização/Gerência Regional nos Estados de Pernambuco, Paraíba e Alagoas" artSize="12" artNotes="" numberPage="26" pdfPage="http://pesquisa.in.gov.br/imprensa/jsp/visualiza/index.jsp?data=30/08/2022&amp;jornal=515&amp;pagina=26" editionNumber="165" highlightType="" highlightPriority="" highlight="" highlightimage="" highlightimagename="" idMateria="19842956">
  <body>
    <Identifica><![CDATA[ ATO Nº 12.128, DE 25 DE AGOSTO DE 2022]]></Identifica>
    <Data><![CDATA[]]></Data>
    <Ementa />
    <Titulo />
    <SubTitulo />
    <Texto><![CDATA[<p class="identifica">ATO Nº 12.128, DE 25 DE AGOSTO DE 2022</p><p>Expedir autorização a ROMARIO ROMUALDO DA SILVA JUNIOR, CPF ***.702.644-**, para explorar Serviços de Telecomunicações de Interesse Restrito, por prazo indeterminado, sem caráter de exclusividade, em todo o território nacional.</p><p class="assina">THIAGO CARDOSO HENRIQUES BOTELHO</p><p class="cargo">Gerente</p><p class="identifica">ATO Nº 12.124, DE 25 DE AGOSTO DE 2022</p><p>Expedir autorização a DAVID AYRES NETO, CPF ***.711.424-**, para explorar Serviços de Telecomunicações de Interesse Restrito, por prazo indeterminado, sem caráter de exclusividade, em todo o território nacional.</p><p class="assina">THIAGO CARDOSO HENRIQUES BOTELHO</p><p class="cargo">Gerente</p>]]></Texto>
  </body>
  <Midias />
</article></xml>